代碼,日期,淨值,幣別,名稱,來源,資產類型,投資區域
B24082,2016-01-04,17.785655975341797,英鎊,霸菱全球新興市場基金-A類英鎊配息型,yfinance,股票型,全球新興市場
B24082,2016-01-05,17.88268280029297,英鎊,霸菱全球新興市場基金-A類英鎊配息型,yfinance,股票型,全球新興市場
B24082,2016-01-06,17.66921615600586,英鎊,霸菱全球新興市場基金-A類英鎊配息型,yfinance,股票型,全球新興市場
B24082,2016-01-07,17.20347023010254,英鎊,霸菱全球新興市場基金-A類英鎊配息型,yfinance,股票型,全球新興市場
B24082,2016-01-08,17.222877502441406,英鎊,霸菱全球新興市場基金-A類英鎊配息型,yfinance,股票型,全球新興市場
B24082,2016-01-11,16.82505226135254,英鎊,霸菱全球新興市場基金-A類英鎊配息型,yfinance,股票型,全球新興市場
B24082,2016-01-12,16.902677536010742,英鎊,霸菱全球新興市場基金-A類英鎊配息型,yfinance,股票型,全球新興市場
B24082,2016-01-13,17.03851890563965,英鎊,霸菱全球新興市場基金-A類英鎊配息型,yfinance,股票型,全球新興市場
B24082,2016-01-14,16.75713348388672,英鎊,霸菱全球新興市場基金-A類英鎊配息型,yfinance,股票型,全球新興市場
B24082,2016-01-15,16.64069366455078,英鎊,霸菱全球新興市場基金-A類英鎊配息型,yfinance,股票型,全球新興市場
B24082,2016-01-18,16.466041564941406,英鎊,霸菱全球新興市場基金-A類英鎊配息型,yfinance,股票型,全球新興市場
B24082,2016-01-19,16.73772621154785,英鎊,霸菱全球新興市場基金-A類英鎊配息型,yfinance,股票型,全球新興市場
B24082,2016-01-20,16.45633888244629,英鎊,霸菱全球新興市場基金-A類英鎊配息型,yfinance,股票型,全球新興市場
B24082,2016-01-21,16.281681060791016,英鎊,霸菱全球新興市場基金-A類英鎊配息型,yfinance,股票型,全球新興市場
B24082,2016-01-22,16.62129020690918,英鎊,霸菱全球新興市場基金-A類英鎊配息型,yfinance,股票型,全球新興市場
B24082,2016-01-25,16.941490173339844,英鎊,霸菱全球新興市場基金-A類英鎊配息型,yfinance,股票型,全球新興市場
B24082,2016-01-26,16.73772621154785,英鎊,霸菱全球新興市場基金-A類英鎊配息型,yfinance,股票型,全球新興市場
B24082,2016-01-27,16.795942306518555,英鎊,霸菱全球新興市場基金-A類英鎊配息型,yfinance,股票型,全球新興市場
B24082,2016-01-28,16.951190948486328,英鎊,霸菱全球新興市場基金-A類英鎊配息型,yfinance,股票型,全球新興市場
B24082,2016-01-29,17.26169204711914,英鎊,霸菱全球新興市場基金-A類英鎊配息型,yfinance,股票型,全球新興市場
B24082,2016-02-01,17.465456008911133,英鎊,霸菱全球新興市場基金-A類英鎊配息型,yfinance,股票型,全球新興市場
B24082,2016-02-02,17.21317481994629,英鎊,霸菱全球新興市場基金-A類英鎊配息型,yfinance,股票型,全球新興市場
B24082,2016-02-03,16.786239624023438,英鎊,霸菱全球新興市場基金-A類英鎊配息型,yfinance,股票型,全球新興市場
B24082,2016-02-04,16.922082901000977,英鎊,霸菱全球新興市場基金-A類英鎊配息型,yfinance,股票型,全球新興市場
B24082,2016-02-05,17.009410858154297,英鎊,霸菱全球新興市場基金-A類英鎊配息型,yfinance,股票型,全球新興市場
B24082,2016-02-08,16.73772621154785,英鎊,霸菱全球新興市場基金-A類英鎊配息型,yfinance,股票型,全球新興市場
B24082,2016-02-09,16.553369522094727,英鎊,霸菱全球新興市場基金-A類英鎊配息型,yfinance,股票型,全球新興市場
B24082,2016-02-10,16.504854202270508,英鎊,霸菱全球新興市場基金-A類英鎊配息型,yfinance,股票型,全球新興市場
B24082,2016-02-11,16.087621688842773,英鎊,霸菱全球新興市場基金-A類英鎊配息型,yfinance,股票型,全球新興市場
B24082,2016-02-12,16.077919006347656,英鎊,霸菱全球新興市場基金-A類英鎊配息型,yfinance,股票型,全球新興市場
B24082,2016-02-15,16.64069366455078,英鎊,霸菱全球新興市場基金-A類英鎊配息型,yfinance,股票型,全球新興市場
B24082,2016-02-16,16.766836166381836,英鎊,霸菱全球新興市場基金-A類英鎊配息型,yfinance,股票型,全球新興市場
B24082,2016-02-17,16.980300903320312,英鎊,霸菱全球新興市場基金-A類英鎊配息型,yfinance,股票型,全球新興市場
B24082,2016-02-18,17.24228286743164,英鎊,霸菱全球新興市場基金-A類英鎊配息型,yfinance,股票型,全球新興市場
B24082,2016-02-19,17.251989364624023,英鎊,霸菱全球新興市場基金-A類英鎊配息型,yfinance,股票型,全球新興市場
B24082,2016-02-22,17.562482833862305,英鎊,霸菱全球新興市場基金-A類英鎊配息型,yfinance,股票型,全球新興市場
B24082,2016-02-23,17.601293563842773,英鎊,霸菱全球新興市場基金-A類英鎊配息型,yfinance,股票型,全球新興市場
B24082,2016-02-24,17.591590881347656,英鎊,霸菱全球新興市場基金-A類英鎊配息型,yfinance,股票型,全球新興市場
B24082,2016-02-25,17.446044921875,英鎊,霸菱全球新興市場基金-A類英鎊配息型,yfinance,股票型,全球新興市場
B24082,2016-02-26,17.64011001586914,英鎊,霸菱全球新興市場基金-A類英鎊配息型,yfinance,股票型,全球新興市場
B24082,2016-02-29,17.64011001586914,英鎊,霸菱全球新興市場基金-A類英鎊配息型,yfinance,股票型,全球新興市場
B24082,2016-03-01,17.737140655517578,英鎊,霸菱全球新興市場基金-A類英鎊配息型,yfinance,股票型,全球新興市場
B24082,2016-03-02,18.1834774017334,英鎊,霸菱全球新興市場基金-A類英鎊配息型,yfinance,股票型,全球新興市場
B24082,2016-03-03,18.23199462890625,英鎊,霸菱全球新興市場基金-A類英鎊配息型,yfinance,股票型,全球新興市場
B24082,2016-03-04,18.241695404052734,英鎊,霸菱全球新興市場基金-A類英鎊配息型,yfinance,股票型,全球新興市場
B24082,2016-03-07,18.367834091186523,英鎊,霸菱全球新興市場基金-A類英鎊配息型,yfinance,股票型,全球新興市場
B24082,2016-03-08,18.15436553955078,英鎊,霸菱全球新興市場基金-A類英鎊配息型,yfinance,股票型,全球新興市場
B24082,2016-03-09,18.105854034423828,英鎊,霸菱全球新興市場基金-A類英鎊配息型,yfinance,股票型,全球新興市場
B24082,2016-03-10,18.1834774017334,英鎊,霸菱全球新興市場基金-A類英鎊配息型,yfinance,股票型,全球新興市場
B24082,2016-03-11,18.290212631225586,英鎊,霸菱全球新興市場基金-A類英鎊配息型,yfinance,股票型,全球新興市場
B24082,2016-03-14,18.329021453857422,英鎊,霸菱全球新興市場基金-A類英鎊配息型,yfinance,股票型,全球新興市場
B24082,2016-03-15,18.34842872619629,英鎊,霸菱全球新興市場基金-A類英鎊配息型,yfinance,股票型,全球新興市場
B24082,2016-03-16,18.17377281188965,英鎊,霸菱全球新興市場基金-A類英鎊配息型,yfinance,股票型,全球新興市場
B24082,2016-03-18,18.532787322998047,英鎊,霸菱全球新興市場基金-A類英鎊配息型,yfinance,股票型,全球新興市場
B24082,2016-03-21,18.814172744750977,英鎊,霸菱全球新興市場基金-A類英鎊配息型,yfinance,股票型,全球新興市場
B24082,2016-03-22,18.882095336914062,英鎊,霸菱全球新興市場基金-A類英鎊配息型,yfinance,股票型,全球新興市場
B24082,2016-03-23,19.03734588623047,英鎊,霸菱全球新興市場基金-A類英鎊配息型,yfinance,股票型,全球新興市場
B24082,2016-03-24,18.833581924438477,英鎊,霸菱全球新興市場基金-A類英鎊配息型,yfinance,股票型,全球新興市場
B24082,2016-03-29,18.62981605529785,英鎊,霸菱全球新興市場基金-A類英鎊配息型,yfinance,股票型,全球新興市場
B24082,2016-03-30,18.882095336914062,英鎊,霸菱全球新興市場基金-A類英鎊配息型,yfinance,股票型,全球新興市場
B24082,2016-03-31,18.988828659057617,英鎊,霸菱全球新興市場基金-A類英鎊配息型,yfinance,股票型,全球新興市場
B24082,2016-04-01,18.92090606689453,英鎊,霸菱全球新興市場基金-A類英鎊配息型,yfinance,股票型,全球新興市場
B24082,2016-04-04,19.03734588623047,英鎊,霸菱全球新興市場基金-A類英鎊配息型,yfinance,股票型,全球新興市場
B24082,2016-04-05,18.80447006225586,英鎊,霸菱全球新興市場基金-A類英鎊配息型,yfinance,股票型,全球新興市場
B24082,2016-04-06,18.92090606689453,英鎊,霸菱全球新興市場基金-A類英鎊配息型,yfinance,股票型,全球新興市場
B24082,2016-04-07,18.92090606689453,英鎊,霸菱全球新興市場基金-A類英鎊配息型,yfinance,股票型,全球新興市場
B24082,2016-04-08,18.979124069213867,英鎊,霸菱全球新興市場基金-A類英鎊配息型,yfinance,股票型,全球新興市場
B24082,2016-04-11,18.950016021728516,英鎊,霸菱全球新興市場基金-A類英鎊配息型,yfinance,股票型,全球新興市場
B24082,2016-04-12,18.94031524658203,英鎊,霸菱全球新興市場基金-A類英鎊配息型,yfinance,股票型,全球新興市場
B24082,2016-04-13,19.279922485351562,英鎊,霸菱全球新興市場基金-A類英鎊配息型,yfinance,股票型,全球新興市場
B24082,2016-04-14,19.580713272094727,英鎊,霸菱全球新興市場基金-A類英鎊配息型,yfinance,股票型,全球新興市場
B24082,2016-04-15,19.503089904785156,英鎊,霸菱全球新興市場基金-A類英鎊配息型,yfinance,股票型,全球新興市場
B24082,2016-04-18,19.406057357788086,英鎊,霸菱全球新興市場基金-A類英鎊配息型,yfinance,股票型,全球新興市場
B24082,2016-04-19,19.32843017578125,英鎊,霸菱全球新興市場基金-A類英鎊配息型,yfinance,股票型,全球新興市場
B24082,2016-04-20,19.182891845703125,英鎊,霸菱全球新興市場基金-A類英鎊配息型,yfinance,股票型,全球新興市場
B24082,2016-04-21,19.33814239501953,英鎊,霸菱全球新興市場基金-A類英鎊配息型,yfinance,股票型,全球新興市場
B24082,2016-04-22,19.23140525817871,英鎊,霸菱全球新興市場基金-A類英鎊配息型,yfinance,股票型,全球新興市場
B24082,2016-04-25,18.988828659057617,英鎊,霸菱全球新興市場基金-A類英鎊配息型,yfinance,股票型,全球新興市場
B24082,2016-04-26,18.80447006225586,英鎊,霸菱全球新興市場基金-A類英鎊配息型,yfinance,股票型,全球新興市場
B24082,2016-04-27,18.814172744750977,英鎊,霸菱全球新興市場基金-A類英鎊配息型,yfinance,股票型,全球新興市場
B24082,2016-04-28,18.85298728942871,英鎊,霸菱全球新興市場基金-A類英鎊配息型,yfinance,股票型,全球新興市場
B24082,2016-04-29,18.707441329956055,英鎊,霸菱全球新興市場基金-A類英鎊配息型,yfinance,股票型,全球新興市場
B24082,2016-05-03,18.202884674072266,英鎊,霸菱全球新興市場基金-A類英鎊配息型,yfinance,股票型,全球新興市場
B24082,2016-05-04,18.241695404052734,英鎊,霸菱全球新興市場基金-A類英鎊配息型,yfinance,股票型,全球新興市場
B24082,2016-05-05,18.212587356567383,英鎊,霸菱全球新興市場基金-A類英鎊配息型,yfinance,股票型,全球新興市場
B24082,2016-05-06,18.067039489746094,英鎊,霸菱全球新興市場基金-A類英鎊配息型,yfinance,股票型,全球新興市場
B24082,2016-05-09,18.202884674072266,英鎊,霸菱全球新興市場基金-A類英鎊配息型,yfinance,股票型,全球新興市場
B24082,2016-05-10,18.144664764404297,英鎊,霸菱全球新興市場基金-A類英鎊配息型,yfinance,股票型,全球新興市場
B24082,2016-05-11,18.290212631225586,英鎊,霸菱全球新興市場基金-A類英鎊配息型,yfinance,股票型,全球新興市場
B24082,2016-05-12,18.212587356567383,英鎊,霸菱全球新興市場基金-A類英鎊配息型,yfinance,股票型,全球新興市場
B24082,2016-05-13,18.08644676208496,英鎊,霸菱全球新興市場基金-A類英鎊配息型,yfinance,股票型,全球新興市場
B24082,2016-05-16,18.134963989257812,英鎊,霸菱全球新興市場基金-A類英鎊配息型,yfinance,股票型,全球新興市場
B24082,2016-05-17,18.16407012939453,英鎊,霸菱全球新興市場基金-A類英鎊配息型,yfinance,股票型,全球新興市場
B24082,2016-05-18,18.01852798461914,英鎊,霸菱全球新興市場基金-A類英鎊配息型,yfinance,股票型,全球新興市場
B24082,2016-05-19,17.610998153686523,英鎊,霸菱全球新興市場基金-A類英鎊配息型,yfinance,股票型,全球新興市場
B24082,2016-05-20,17.66921615600586,英鎊,霸菱全球新興市場基金-A類英鎊配息型,yfinance,股票型,全球新興市場
B24082,2016-05-23,17.89238739013672,英鎊,霸菱全球新興市場基金-A類英鎊配息型,yfinance,股票型,全球新興市場
B24082,2016-05-24,17.737140655517578,英鎊,霸菱全球新興市場基金-A類英鎊配息型,yfinance,股票型,全球新興市場
B24082,2016-05-25,17.950603485107422,英鎊,霸菱全球新興市場基金-A類英鎊配息型,yfinance,股票型,全球新興市場
B24082,2016-05-26,17.950603485107422,英鎊,霸菱全球新興市場基金-A類英鎊配息型,yfinance,股票型,全球新興市場
B24082,2016-05-27,18.17377281188965,英鎊,霸菱全球新興市場基金-A類英鎊配息型,yfinance,股票型,全球新興市場
B24082,2016-05-31,18.41634750366211,英鎊,霸菱全球新興市場基金-A類英鎊配息型,yfinance,股票型,全球新興市場
B24082,2016-06-01,18.67833137512207,英鎊,霸菱全球新興市場基金-A類英鎊配息型,yfinance,股票型,全球新興市場
B24082,2016-06-02,18.67833137512207,英鎊,霸菱全球新興市場基金-A類英鎊配息型,yfinance,股票型,全球新興市場
B24082,2016-06-03,18.765657424926758,英鎊,霸菱全球新興市場基金-A類英鎊配息型,yfinance,股票型,全球新興市場
B24082,2016-06-07,18.979124069213867,英鎊,霸菱全球新興市場基金-A類英鎊配息型,yfinance,股票型,全球新興市場
B24082,2016-06-08,19.00823402404785,英鎊,霸菱全球新興市場基金-A類英鎊配息型,yfinance,股票型,全球新興市場
B24082,2016-06-09,19.134376525878906,英鎊,霸菱全球新興市場基金-A類英鎊配息型,yfinance,股票型,全球新興市場
B24082,2016-06-10,18.959720611572266,英鎊,霸菱全球新興市場基金-A類英鎊配息型,yfinance,股票型,全球新興市場
B24082,2016-06-13,18.950016021728516,英鎊,霸菱全球新興市場基金-A類英鎊配息型,yfinance,股票型,全球新興市場
B24082,2016-06-14,18.736549377441406,英鎊,霸菱全球新興市場基金-A類英鎊配息型,yfinance,股票型,全球新興市場
B24082,2016-06-15,18.833581924438477,英鎊,霸菱全球新興市場基金-A類英鎊配息型,yfinance,股票型,全球新興市場
B24082,2016-06-16,18.755956649780273,英鎊,霸菱全球新興市場基金-A類英鎊配息型,yfinance,股票型,全球新興市場
B24082,2016-06-17,18.736549377441406,英鎊,霸菱全球新興市場基金-A類英鎊配息型,yfinance,股票型,全球新興市場
B24082,2016-06-20,18.41634750366211,英鎊,霸菱全球新興市場基金-A類英鎊配息型,yfinance,股票型,全球新興市場
B24082,2016-06-21,18.45516014099121,英鎊,霸菱全球新興市場基金-A類英鎊配息型,yfinance,股票型,全球新興市場
B24082,2016-06-22,18.68803596496582,英鎊,霸菱全球新興市場基金-A類英鎊配息型,yfinance,股票型,全球新興市場
B24082,2016-06-23,18.493974685668945,英鎊,霸菱全球新興市場基金-A類英鎊配息型,yfinance,股票型,全球新興市場
B24082,2016-06-24,19.522497177124023,英鎊,霸菱全球新興市場基金-A類英鎊配息型,yfinance,股票型,全球新興市場
B24082,2016-06-27,20.08527374267578,英鎊,霸菱全球新興市場基金-A類英鎊配息型,yfinance,股票型,全球新興市場
B24082,2016-06-28,19.900915145874023,英鎊,霸菱全球新興市場基金-A類英鎊配息型,yfinance,股票型,全球新興市場
B24082,2016-06-29,20.12407875061035,英鎊,霸菱全球新興市場基金-A類英鎊配息型,yfinance,股票型,全球新興市場
B24082,2016-06-30,20.415176391601562,英鎊,霸菱全球新興市場基金-A類英鎊配息型,yfinance,股票型,全球新興市場
B24082,2016-07-01,20.84210777282715,英鎊,霸菱全球新興市場基金-A類英鎊配息型,yfinance,股票型,全球新興市場
B24082,2016-07-04,20.968246459960938,英鎊,霸菱全球新興市場基金-A類英鎊配息型,yfinance,股票型,全球新興市場
B24082,2016-07-05,20.880918502807617,英鎊,霸菱全球新興市場基金-A類英鎊配息型,yfinance,股票型,全球新興市場
B24082,2016-07-06,20.861513137817383,英鎊,霸菱全球新興市場基金-A類英鎊配息型,yfinance,股票型,全球新興市場
B24082,2016-07-07,20.861513137817383,英鎊,霸菱全球新興市場基金-A類英鎊配息型,yfinance,股票型,全球新興市場
B24082,2016-07-08,20.929433822631836,英鎊,霸菱全球新興市場基金-A類英鎊配息型,yfinance,股票型,全球新興市場
B24082,2016-07-11,21.22052764892578,英鎊,霸菱全球新興市場基金-A類英鎊配息型,yfinance,股票型,全球新興市場
B24082,2016-07-12,21.20111846923828,英鎊,霸菱全球新興市場基金-A類英鎊配息型,yfinance,股票型,全球新興市場
B24082,2016-07-13,21.10409164428711,英鎊,霸菱全球新興市場基金-A類英鎊配息型,yfinance,股票型,全球新興市場
B24082,2016-07-14,21.00705909729004,英鎊,霸菱全球新興市場基金-A類英鎊配息型,yfinance,股票型,全球新興市場
B24082,2016-07-15,21.094383239746094,英鎊,霸菱全球新興市場基金-A類英鎊配息型,yfinance,股票型,全球新興市場
B24082,2016-07-18,21.317554473876953,英鎊,霸菱全球新興市場基金-A類英鎊配息型,yfinance,股票型,全球新興市場
B24082,2016-07-19,21.472803115844727,英鎊,霸菱全球新興市場基金-A類英鎊配息型,yfinance,股票型,全球新興市場
B24082,2016-07-20,21.46310043334961,英鎊,霸菱全球新興市場基金-A類英鎊配息型,yfinance,股票型,全球新興市場
B24082,2016-07-21,21.51161766052246,英鎊,霸菱全球新興市場基金-A類英鎊配息型,yfinance,股票型,全球新興市場
B24082,2016-07-22,21.6862735748291,英鎊,霸菱全球新興市場基金-A類英鎊配息型,yfinance,股票型,全球新興市場
B24082,2016-07-25,21.71537971496582,英鎊,霸菱全球新興市場基金-A類英鎊配息型,yfinance,股票型,全球新興市場
B24082,2016-07-26,21.705677032470703,英鎊,霸菱全球新興市場基金-A類英鎊配息型,yfinance,股票型,全球新興市場
B24082,2016-07-27,21.831815719604492,英鎊,霸菱全球新興市場基金-A類英鎊配息型,yfinance,股票型,全球新興市場
B24082,2016-07-28,21.773597717285156,英鎊,霸菱全球新興市場基金-A類英鎊配息型,yfinance,股票型,全球新興市場
B24082,2016-07-29,21.560131072998047,英鎊,霸菱全球新興市場基金-A類英鎊配息型,yfinance,股票型,全球新興市場
B24082,2016-08-02,21.6862735748291,英鎊,霸菱全球新興市場基金-A類英鎊配息型,yfinance,股票型,全球新興市場
B24082,2016-08-03,21.25933837890625,英鎊,霸菱全球新興市場基金-A類英鎊配息型,yfinance,股票型,全球新興市場
B24082,2016-08-04,21.521318435668945,英鎊,霸菱全球新興市場基金-A類英鎊配息型,yfinance,股票型,全球新興市場
B24082,2016-08-05,21.909440994262695,英鎊,霸菱全球新興市場基金-A類英鎊配息型,yfinance,股票型,全球新興市場
B24082,2016-08-08,22.336374282836914,英鎊,霸菱全球新興市場基金-A類英鎊配息型,yfinance,股票型,全球新興市場
B24082,2016-08-09,22.549840927124023,英鎊,霸菱全球新興市場基金-A類英鎊配息型,yfinance,股票型,全球新興市場
B24082,2016-08-10,22.452810287475586,英鎊,霸菱全球新興市場基金-A類英鎊配息型,yfinance,股票型,全球新興市場
B24082,2016-08-11,22.705087661743164,英鎊,霸菱全球新興市場基金-A類英鎊配息型,yfinance,股票型,全球新興市場
B24082,2016-08-12,22.879745483398438,英鎊,霸菱全球新興市場基金-A類英鎊配息型,yfinance,股票型,全球新興市場
B24082,2016-08-15,23.044694900512695,英鎊,霸菱全球新興市場基金-A類英鎊配息型,yfinance,股票型,全球新興市場
B24082,2016-08-16,23.10291290283203,英鎊,霸菱全球新興市場基金-A類英鎊配息型,yfinance,股票型,全球新興市場
B24082,2016-08-17,22.908851623535156,英鎊,霸菱全球新興市場基金-A類英鎊配息型,yfinance,股票型,全球新興市場
B24082,2016-08-18,22.840932846069336,英鎊,霸菱全球新興市場基金-A類英鎊配息型,yfinance,股票型,全球新興市場
B24082,2016-08-19,22.782712936401367,英鎊,霸菱全球新興市場基金-A類英鎊配息型,yfinance,股票型,全球新興市場
B24082,2016-08-22,22.68568229675293,英鎊,霸菱全球新興市場基金-A類英鎊配息型,yfinance,股票型,全球新興市場
B24082,2016-08-23,22.47221565246582,英鎊,霸菱全球新興市場基金-A類英鎊配息型,yfinance,股票型,全球新興市場
B24082,2016-08-24,22.210233688354492,英鎊,霸菱全球新興市場基金-A類英鎊配息型,yfinance,股票型,全球新興市場
B24082,2016-08-25,22.268451690673828,英鎊,霸菱全球新興市場基金-A類英鎊配息型,yfinance,股票型,全球新興市場
B24082,2016-08-26,22.346078872680664,英鎊,霸菱全球新興市場基金-A類英鎊配息型,yfinance,股票型,全球新興市場
B24082,2016-08-30,22.705087661743164,英鎊,霸菱全球新興市場基金-A類英鎊配息型,yfinance,股票型,全球新興市場
B24082,2016-08-31,22.549840927124023,英鎊,霸菱全球新興市場基金-A類英鎊配息型,yfinance,股票型,全球新興市場
B24082,2016-09-01,22.336374282836914,英鎊,霸菱全球新興市場基金-A類英鎊配息型,yfinance,股票型,全球新興市場
B24082,2016-09-02,22.43340492248535,英鎊,霸菱全球新興市場基金-A類英鎊配息型,yfinance,股票型,全球新興市場
B24082,2016-09-05,22.617761611938477,英鎊,霸菱全球新興市場基金-A類英鎊配息型,yfinance,股票型,全球新興市場
B24082,2016-09-06,22.8021183013916,英鎊,霸菱全球新興市場基金-A類英鎊配息型,yfinance,股票型,全球新興市場
B24082,2016-09-07,22.85063362121582,英鎊,霸菱全球新興市場基金-A類英鎊配息型,yfinance,股票型,全球新興市場
B24082,2016-09-08,22.928258895874023,英鎊,霸菱全球新興市場基金-A類英鎊配息型,yfinance,股票型,全球新興市場
B24082,2016-09-09,22.82152557373047,英鎊,霸菱全球新興市場基金-A類英鎊配息型,yfinance,股票型,全球新興市場
B24082,2016-09-12,22.29755973815918,英鎊,霸菱全球新興市場基金-A類英鎊配息型,yfinance,股票型,全球新興市場
B24082,2016-09-13,22.443105697631836,英鎊,霸菱全球新興市場基金-A類英鎊配息型,yfinance,股票型,全球新興市場
B24082,2016-09-14,22.3848876953125,英鎊,霸菱全球新興市場基金-A類英鎊配息型,yfinance,股票型,全球新興市場
B24082,2016-09-15,22.3848876953125,英鎊,霸菱全球新興市場基金-A類英鎊配息型,yfinance,股票型,全球新興市場
B24082,2016-09-16,22.578950881958008,英鎊,霸菱全球新興市場基金-A類英鎊配息型,yfinance,股票型,全球新興市場
B24082,2016-09-19,22.928258895874023,英鎊,霸菱全球新興市場基金-A類英鎊配息型,yfinance,股票型,全球新興市場
B24082,2016-09-20,23.10291290283203,英鎊,霸菱全球新興市場基金-A類英鎊配息型,yfinance,股票型,全球新興市場
B24082,2016-09-21,23.1805362701416,英鎊,霸菱全球新興市場基金-A類英鎊配息型,yfinance,股票型,全球新興市場
B24082,2016-09-22,23.394006729125977,英鎊,霸菱全球新興市場基金-A類英鎊配息型,yfinance,股票型,全球新興市場
B24082,2016-09-23,23.5783634185791,英鎊,霸菱全球新興市場基金-A類英鎊配息型,yfinance,股票型,全球新興市場
B24082,2016-09-26,23.32608413696289,英鎊,霸菱全球新興市場基金-A類英鎊配息型,yfinance,股票型,全球新興市場
B24082,2016-09-27,23.423114776611328,英鎊,霸菱全球新興市場基金-A類英鎊配息型,yfinance,股票型,全球新興市場
B24082,2016-09-28,23.394006729125977,英鎊,霸菱全球新興市場基金-A類英鎊配息型,yfinance,股票型,全球新興市場
B24082,2016-09-29,23.452224731445312,英鎊,霸菱全球新興市場基金-A類英鎊配息型,yfinance,股票型,全球新興市場
B24082,2016-09-30,23.19024085998535,英鎊,霸菱全球新興市場基金-A類英鎊配息型,yfinance,股票型,全球新興市場
B24082,2016-10-03,23.520139694213867,英鎊,霸菱全球新興市場基金-A類英鎊配息型,yfinance,股票型,全球新興市場
B24082,2016-10-04,23.772424697875977,英鎊,霸菱全球新興市場基金-A類英鎊配息型,yfinance,股票型,全球新興市場
B24082,2016-10-05,23.772424697875977,英鎊,霸菱全球新興市場基金-A類英鎊配息型,yfinance,股票型,全球新興市場
B24082,2016-10-06,23.917964935302734,英鎊,霸菱全球新興市場基金-A類英鎊配息型,yfinance,股票型,全球新興市場
B24082,2016-10-07,24.422527313232422,英鎊,霸菱全球新興市場基金-A類英鎊配息型,yfinance,股票型,全球新興市場
B24082,2016-10-10,24.315792083740234,英鎊,霸菱全球新興市場基金-A類英鎊配息型,yfinance,股票型,全球新興市場
B24082,2016-10-11,24.461336135864258,英鎊,霸菱全球新興市場基金-A類英鎊配息型,yfinance,股票型,全球新興市場
B24082,2016-10-12,24.276981353759766,英鎊,霸菱全球新興市場基金-A類英鎊配息型,yfinance,股票型,全球新興市場
B24082,2016-10-13,24.141136169433594,英鎊,霸菱全球新興市場基金-A類英鎊配息型,yfinance,股票型,全球新興市場
B24082,2016-10-14,24.170246124267578,英鎊,霸菱全球新興市場基金-A類英鎊配息型,yfinance,股票型,全球新興市場
B24082,2016-10-17,24.228464126586914,英鎊,霸菱全球新興市場基金-A類英鎊配息型,yfinance,股票型,全球新興市場
B24082,2016-10-18,24.3351993560791,英鎊,霸菱全球新興市場基金-A類英鎊配息型,yfinance,股票型,全球新興市場
B24082,2016-10-19,24.412818908691406,英鎊,霸菱全球新興市場基金-A類英鎊配息型,yfinance,股票型,全球新興市場
B24082,2016-10-20,24.577774047851562,英鎊,霸菱全球新興市場基金-A類英鎊配息型,yfinance,股票型,全球新興市場
B24082,2016-10-21,24.68450927734375,英鎊,霸菱全球新興市場基金-A類英鎊配息型,yfinance,股票型,全球新興市場
B24082,2016-10-24,24.70391273498535,英鎊,霸菱全球新興市場基金-A類英鎊配息型,yfinance,股票型,全球新興市場
B24082,2016-10-25,24.75242805480957,英鎊,霸菱全球新興市場基金-A類英鎊配息型,yfinance,股票型,全球新興市場
B24082,2016-10-26,24.558364868164062,英鎊,霸菱全球新興市場基金-A類英鎊配息型,yfinance,股票型,全球新興市場
B24082,2016-10-27,24.315792083740234,英鎊,霸菱全球新興市場基金-A類英鎊配息型,yfinance,股票型,全球新興市場
B24082,2016-10-28,24.451635360717773,英鎊,霸菱全球新興市場基金-A類英鎊配息型,yfinance,股票型,全球新興市場
B24082,2016-11-01,24.374011993408203,英鎊,霸菱全球新興市場基金-A類英鎊配息型,yfinance,股票型,全球新興市場
B24082,2016-11-02,23.898563385009766,英鎊,霸菱全球新興市場基金-A類英鎊配息型,yfinance,股票型,全球新興市場
B24082,2016-11-03,23.423114776611328,英鎊,霸菱全球新興市場基金-A類英鎊配息型,yfinance,股票型,全球新興市場
B24082,2016-11-04,23.13202476501465,英鎊,霸菱全球新興市場基金-A類英鎊配息型,yfinance,股票型,全球新興市場
B24082,2016-11-07,23.558956146240234,英鎊,霸菱全球新興市場基金-A類英鎊配息型,yfinance,股票型,全球新興市場
B24082,2016-11-08,23.898563385009766,英鎊,霸菱全球新興市場基金-A類英鎊配息型,yfinance,股票型,全球新興市場
B24082,2016-11-09,23.529848098754883,英鎊,霸菱全球新興市場基金-A類英鎊配息型,yfinance,股票型,全球新興市場
B24082,2016-11-10,23.646282196044922,英鎊,霸菱全球新興市場基金-A類英鎊配息型,yfinance,股票型,全球新興市場
B24082,2016-11-11,22.501327514648438,英鎊,霸菱全球新興市場基金-A類英鎊配息型,yfinance,股票型,全球新興市場
B24082,2016-11-14,22.41399574279785,英鎊,霸菱全球新興市場基金-A類英鎊配息型,yfinance,股票型,全球新興市場
B24082,2016-11-15,22.46251106262207,英鎊,霸菱全球新興市場基金-A類英鎊配息型,yfinance,股票型,全球新興市場
B24082,2016-11-16,22.491622924804688,英鎊,霸菱全球新興市場基金-A類英鎊配息型,yfinance,股票型,全球新興市場
B24082,2016-11-17,22.46251106262207,英鎊,霸菱全球新興市場基金-A類英鎊配息型,yfinance,股票型,全球新興市場
B24082,2016-11-18,22.540136337280273,英鎊,霸菱全球新興市場基金-A類英鎊配息型,yfinance,股票型,全球新興市場
B24082,2016-11-21,22.71479034423828,英鎊,霸菱全球新興市場基金-A類英鎊配息型,yfinance,股票型,全球新興市場
B24082,2016-11-22,22.879745483398438,英鎊,霸菱全球新興市場基金-A類英鎊配息型,yfinance,股票型,全球新興市場
B24082,2016-11-23,22.889448165893555,英鎊,霸菱全球新興市場基金-A類英鎊配息型,yfinance,股票型,全球新興市場
B24082,2016-11-24,22.666278839111328,英鎊,霸菱全球新興市場基金-A類英鎊配息型,yfinance,股票型,全球新興市場
B24082,2016-11-25,22.705087661743164,英鎊,霸菱全球新興市場基金-A類英鎊配息型,yfinance,股票型,全球新興市場
B24082,2016-11-28,22.928258895874023,英鎊,霸菱全球新興市場基金-A類英鎊配息型,yfinance,股票型,全球新興市場
B24082,2016-11-29,22.724496841430664,英鎊,霸菱全球新興市場基金-A類英鎊配息型,yfinance,股票型,全球新興市場
B24082,2016-11-30,22.860334396362305,英鎊,霸菱全球新興市場基金-A類英鎊配息型,yfinance,股票型,全球新興市場
B24082,2016-12-01,22.53043556213379,英鎊,霸菱全球新興市場基金-A類英鎊配息型,yfinance,股票型,全球新興市場
B24082,2016-12-02,22.152013778686523,英鎊,霸菱全球新興市場基金-A類英鎊配息型,yfinance,股票型,全球新興市場
B24082,2016-12-05,22.03557777404785,英鎊,霸菱全球新興市場基金-A類英鎊配息型,yfinance,股票型,全球新興市場
B24082,2016-12-06,22.113204956054688,英鎊,霸菱全球新興市場基金-A類英鎊配息型,yfinance,股票型,全球新興市場
B24082,2016-12-07,22.501327514648438,英鎊,霸菱全球新興市場基金-A類英鎊配息型,yfinance,股票型,全球新興市場
B24082,2016-12-08,22.55954360961914,英鎊,霸菱全球新興市場基金-A類英鎊配息型,yfinance,股票型,全球新興市場
B24082,2016-12-09,22.73419952392578,英鎊,霸菱全球新興市場基金-A類英鎊配息型,yfinance,股票型,全球新興市場
B24082,2016-12-12,22.598356246948242,英鎊,霸菱全球新興市場基金-A類英鎊配息型,yfinance,股票型,全球新興市場
B24082,2016-12-13,22.443105697631836,英鎊,霸菱全球新興市場基金-A類英鎊配息型,yfinance,股票型,全球新興市場
B24082,2016-12-14,22.520729064941406,英鎊,霸菱全球新興市場基金-A類英鎊配息型,yfinance,股票型,全球新興市場
B24082,2016-12-15,22.423702239990234,英鎊,霸菱全球新興市場基金-A類英鎊配息型,yfinance,股票型,全球新興市場
B24082,2016-12-16,22.598356246948242,英鎊,霸菱全球新興市場基金-A類英鎊配息型,yfinance,股票型,全球新興市場
B24082,2016-12-19,22.491622924804688,英鎊,霸菱全球新興市場基金-A類英鎊配息型,yfinance,股票型,全球新興市場
B24082,2016-12-20,22.511028289794922,英鎊,霸菱全球新興市場基金-A類英鎊配息型,yfinance,股票型,全球新興市場
B24082,2016-12-21,22.501327514648438,英鎊,霸菱全球新興市場基金-A類英鎊配息型,yfinance,股票型,全球新興市場
B24082,2016-12-22,22.3848876953125,英鎊,霸菱全球新興市場基金-A類英鎊配息型,yfinance,股票型,全球新興市場
B24082,2016-12-23,22.394594192504883,英鎊,霸菱全球新興市場基金-A類英鎊配息型,yfinance,股票型,全球新興市場
B24082,2016-12-29,22.8021183013916,英鎊,霸菱全球新興市場基金-A類英鎊配息型,yfinance,股票型,全球新興市場
B24082,2016-12-30,22.85063362121582,英鎊,霸菱全球新興市場基金-A類英鎊配息型,yfinance,股票型,全球新興市場
B24085,2016-01-04,59.20388412475586,英鎊,霸菱澳洲基金-A類英鎊配息型,yfinance,股票型,澳洲/大洋洲
B24085,2016-01-05,58.88732147216797,英鎊,霸菱澳洲基金-A類英鎊配息型,yfinance,股票型,澳洲/大洋洲
B24085,2016-01-06,57.62110137939453,英鎊,霸菱澳洲基金-A類英鎊配息型,yfinance,股票型,澳洲/大洋洲
B24085,2016-01-07,56.22993469238281,英鎊,霸菱澳洲基金-A類英鎊配息型,yfinance,股票型,澳洲/大洋洲
B24085,2016-01-08,55.813411712646484,英鎊,霸菱澳洲基金-A類英鎊配息型,yfinance,股票型,澳洲/大洋洲
B24085,2016-01-11,55.18864822387695,英鎊,霸菱澳洲基金-A類英鎊配息型,yfinance,股票型,澳洲/大洋洲
B24085,2016-01-12,56.52982711791992,英鎊,霸菱澳洲基金-A類英鎊配息型,yfinance,股票型,澳洲/大洋洲
B24085,2016-01-13,56.81305694580078,英鎊,霸菱澳洲基金-A類英鎊配息型,yfinance,股票型,澳洲/大洋洲
B24085,2016-01-14,55.18030548095703,英鎊,霸菱澳洲基金-A類英鎊配息型,yfinance,股票型,澳洲/大洋洲
B24085,2016-01-15,54.64716339111328,英鎊,霸菱澳洲基金-A類英鎊配息型,yfinance,股票型,澳洲/大洋洲
B24085,2016-01-18,54.380592346191406,英鎊,霸菱澳洲基金-A類英鎊配息型,yfinance,股票型,澳洲/大洋洲
B24085,2016-01-19,55.44688415527344,英鎊,霸菱澳洲基金-A類英鎊配息型,yfinance,股票型,澳洲/大洋洲
B24085,2016-01-20,54.61384582519531,英鎊,霸菱澳洲基金-A類英鎊配息型,yfinance,股票型,澳洲/大洋洲
B24085,2016-01-21,55.346923828125,英鎊,霸菱澳洲基金-A類英鎊配息型,yfinance,股票型,澳洲/大洋洲
B24085,2016-01-22,55.85507583618164,英鎊,霸菱澳洲基金-A類英鎊配息型,yfinance,股票型,澳洲/大洋洲
B24085,2016-01-25,56.729759216308594,英鎊,霸菱澳洲基金-A類英鎊配息型,yfinance,股票型,澳洲/大洋洲
B24085,2016-01-26,56.688106536865234,英鎊,霸菱澳洲基金-A類英鎊配息型,yfinance,股票型,澳洲/大洋洲
B24085,2016-01-27,56.03833770751953,英鎊,霸菱澳洲基金-A類英鎊配息型,yfinance,股票型,澳洲/大洋洲
B24085,2016-01-28,56.579811096191406,英鎊,霸菱澳洲基金-A類英鎊配息型,yfinance,股票型,澳洲/大洋洲
B24085,2016-01-29,56.763084411621094,英鎊,霸菱澳洲基金-A類英鎊配息型,yfinance,股票型,澳洲/大洋洲
B24085,2016-02-01,57.34619903564453,英鎊,霸菱澳洲基金-A類英鎊配息型,yfinance,股票型,澳洲/大洋洲
B24085,2016-02-02,55.921714782714844,英鎊,霸菱澳洲基金-A類英鎊配息型,yfinance,股票型,澳洲/大洋洲
B24085,2016-02-03,54.64716339111328,英鎊,霸菱澳洲基金-A類英鎊配息型,yfinance,股票型,澳洲/大洋洲
B24085,2016-02-04,55.70512390136719,英鎊,霸菱澳洲基金-A類英鎊配息型,yfinance,股票型,澳洲/大洋洲
B24085,2016-02-05,55.13032913208008,英鎊,霸菱澳洲基金-A類英鎊配息型,yfinance,股票型,澳洲/大洋洲
B24085,2016-02-08,53.81414031982422,英鎊,霸菱澳洲基金-A類英鎊配息型,yfinance,股票型,澳洲/大洋洲
B24085,2016-02-09,52.16471862792969,英鎊,霸菱澳洲基金-A類英鎊配息型,yfinance,股票型,澳洲/大洋洲
B24085,2016-02-10,52.46461486816406,英鎊,霸菱澳洲基金-A類英鎊配息型,yfinance,股票型,澳洲/大洋洲
B24085,2016-02-11,51.41498565673828,英鎊,霸菱澳洲基金-A類英鎊配息型,yfinance,股票型,澳洲/大洋洲
B24085,2016-02-12,51.30669021606445,英鎊,霸菱澳洲基金-A類英鎊配息型,yfinance,股票型,澳洲/大洋洲
B24085,2016-02-15,52.94776916503906,英鎊,霸菱澳洲基金-A類英鎊配息型,yfinance,股票型,澳洲/大洋洲
B24085,2016-02-16,53.89743423461914,英鎊,霸菱澳洲基金-A類英鎊配息型,yfinance,股票型,澳洲/大洋洲
B24085,2016-02-17,54.13068771362305,英鎊,霸菱澳洲基金-A類英鎊配息型,yfinance,股票型,澳洲/大洋洲
B24085,2016-02-18,55.19697570800781,英鎊,霸菱澳洲基金-A類英鎊配息型,yfinance,股票型,澳洲/大洋洲
B24085,2016-02-19,54.7637939453125,英鎊,霸菱澳洲基金-A類英鎊配息型,yfinance,股票型,澳洲/大洋洲
B24085,2016-02-22,56.77142333984375,英鎊,霸菱澳洲基金-A類英鎊配息型,yfinance,股票型,澳洲/大洋洲
B24085,2016-02-23,57.246238708496094,英鎊,霸菱澳洲基金-A類英鎊配息型,yfinance,股票型,澳洲/大洋洲
B24085,2016-02-24,56.75474548339844,英鎊,霸菱澳洲基金-A類英鎊配息型,yfinance,股票型,澳洲/大洋洲
B24085,2016-02-25,56.654788970947266,英鎊,霸菱澳洲基金-A類英鎊配息型,yfinance,股票型,澳洲/大洋洲
B24085,2016-02-26,56.67144775390625,英鎊,霸菱澳洲基金-A類英鎊配息型,yfinance,股票型,澳洲/大洋洲
B24085,2016-02-29,56.94634246826172,英鎊,霸菱澳洲基金-A類英鎊配息型,yfinance,股票型,澳洲/大洋洲
B24085,2016-03-01,57.0629768371582,英鎊,霸菱澳洲基金-A類英鎊配息型,yfinance,股票型,澳洲/大洋洲
B24085,2016-03-02,58.4791374206543,英鎊,霸菱澳洲基金-A類英鎊配息型,yfinance,股票型,澳洲/大洋洲
B24085,2016-03-03,59.57874298095703,英鎊,霸菱澳洲基金-A類英鎊配息型,yfinance,股票型,澳洲/大洋洲
B24085,2016-03-04,59.16222381591797,英鎊,霸菱澳洲基金-A類英鎊配息型,yfinance,股票型,澳洲/大洋洲
B24085,2016-03-07,59.47045135498047,英鎊,霸菱澳洲基金-A類英鎊配息型,yfinance,股票型,澳洲/大洋洲
B24085,2016-03-08,58.84566879272461,英鎊,霸菱澳洲基金-A類英鎊配息型,yfinance,股票型,澳洲/大洋洲
B24085,2016-03-09,60.11190414428711,英鎊,霸菱澳洲基金-A類英鎊配息型,yfinance,股票型,澳洲/大洋洲
B24085,2016-03-10,60.22018814086914,英鎊,霸菱澳洲基金-A類英鎊配息型,yfinance,股票型,澳洲/大洋洲
B24085,2016-03-11,60.42011642456055,英鎊,霸菱澳洲基金-A類英鎊配息型,yfinance,股票型,澳洲/大洋洲
B24085,2016-03-14,60.753326416015625,英鎊,霸菱澳洲基金-A類英鎊配息型,yfinance,股票型,澳洲/大洋洲
B24085,2016-03-15,60.20352554321289,英鎊,霸菱澳洲基金-A類英鎊配息型,yfinance,股票型,澳洲/大洋洲
B24085,2016-03-16,60.61171340942383,英鎊,霸菱澳洲基金-A類英鎊配息型,yfinance,股票型,澳洲/大洋洲
B24085,2016-03-18,60.59503936767578,英鎊,霸菱澳洲基金-A類英鎊配息型,yfinance,股票型,澳洲/大洋洲
B24085,2016-03-21,60.74498748779297,英鎊,霸菱澳洲基金-A類英鎊配息型,yfinance,股票型,澳洲/大洋洲
B24085,2016-03-22,61.294795989990234,英鎊,霸菱澳洲基金-A類英鎊配息型,yfinance,股票型,澳洲/大洋洲
B24085,2016-03-23,61.49472427368164,英鎊,霸菱澳洲基金-A類英鎊配息型,yfinance,股票型,澳洲/大洋洲
B24085,2016-03-24,60.76166534423828,英鎊,霸菱澳洲基金-A類英鎊配息型,yfinance,股票型,澳洲/大洋洲
B24085,2016-03-29,59.495426177978516,英鎊,霸菱澳洲基金-A類英鎊配息型,yfinance,股票型,澳洲/大洋洲
B24085,2016-03-30,60.120216369628906,英鎊,霸菱澳洲基金-A類英鎊配息型,yfinance,股票型,澳洲/大洋洲
B24085,2016-03-31,61.186500549316406,英鎊,霸菱澳洲基金-A類英鎊配息型,yfinance,股票型,澳洲/大洋洲
B24085,2016-04-01,60.703338623046875,英鎊,霸菱澳洲基金-A類英鎊配息型,yfinance,股票型,澳洲/大洋洲
B24085,2016-04-04,60.695011138916016,英鎊,霸菱澳洲基金-A類英鎊配息型,yfinance,股票型,澳洲/大洋洲
B24085,2016-04-05,59.59540939331055,英鎊,霸菱澳洲基金-A類英鎊配息型,yfinance,股票型,澳洲/大洋洲
B24085,2016-04-06,60.4700927734375,英鎊,霸菱澳洲基金-A類英鎊配息型,yfinance,股票型,澳洲/大洋洲
B24085,2016-04-07,60.99490737915039,英鎊,霸菱澳洲基金-A類英鎊配息型,yfinance,股票型,澳洲/大洋洲
B24085,2016-04-08,60.59503936767578,英鎊,霸菱澳洲基金-A類英鎊配息型,yfinance,股票型,澳洲/大洋洲
B24085,2016-04-11,59.83699035644531,英鎊,霸菱澳洲基金-A類英鎊配息型,yfinance,股票型,澳洲/大洋洲
B24085,2016-04-12,60.428428649902344,英鎊,霸菱澳洲基金-A類英鎊配息型,yfinance,股票型,澳洲/大洋洲
B24085,2016-04-13,61.39476013183594,英鎊,霸菱澳洲基金-A類英鎊配息型,yfinance,股票型,澳洲/大洋洲
B24085,2016-04-14,62.48603439331055,英鎊,霸菱澳洲基金-A類英鎊配息型,yfinance,股票型,澳洲/大洋洲
B24085,2016-04-15,63.01084899902344,英鎊,霸菱澳洲基金-A類英鎊配息型,yfinance,股票型,澳洲/大洋洲
B24085,2016-04-18,62.8775634765625,英鎊,霸菱澳洲基金-A類英鎊配息型,yfinance,股票型,澳洲/大洋洲
B24085,2016-04-19,63.11082077026367,英鎊,霸菱澳洲基金-A類英鎊配息型,yfinance,股票型,澳洲/大洋洲
B24085,2016-04-20,63.219112396240234,英鎊,霸菱澳洲基金-A類英鎊配息型,yfinance,股票型,澳洲/大洋洲
B24085,2016-04-21,63.72726821899414,英鎊,霸菱澳洲基金-A類英鎊配息型,yfinance,股票型,澳洲/大洋洲
B24085,2016-04-22,62.8109245300293,英鎊,霸菱澳洲基金-A類英鎊配息型,yfinance,股票型,澳洲/大洋洲
B24085,2016-04-25,62.186153411865234,英鎊,霸菱澳洲基金-A類英鎊配息型,yfinance,股票型,澳洲/大洋洲
B24085,2016-04-26,61.819602966308594,英鎊,霸菱澳洲基金-A類英鎊配息型,yfinance,股票型,澳洲/大洋洲
B24085,2016-04-27,60.253509521484375,英鎊,霸菱澳洲基金-A類英鎊配息型,yfinance,股票型,澳洲/大洋洲
B24085,2016-04-28,61.10319900512695,英鎊,霸菱澳洲基金-A類英鎊配息型,yfinance,股票型,澳洲/大洋洲
B24085,2016-04-29,61.336448669433594,英鎊,霸菱澳洲基金-A類英鎊配息型,yfinance,股票型,澳洲/大洋洲
B24085,2016-05-03,61.58796691894531,英鎊,霸菱澳洲基金-A類英鎊配息型,yfinance,股票型,澳洲/大洋洲
B24085,2016-05-04,61.01340866088867,英鎊,霸菱澳洲基金-A類英鎊配息型,yfinance,股票型,澳洲/大洋洲
B24085,2016-05-05,61.14016342163086,英鎊,霸菱澳洲基金-A類英鎊配息型,yfinance,股票型,澳洲/大洋洲
B24085,2016-05-06,60.37969970703125,英鎊,霸菱澳洲基金-A類英鎊配息型,yfinance,股票型,澳洲/大洋洲
B24085,2016-05-09,60.98806381225586,英鎊,霸菱澳洲基金-A類英鎊配息型,yfinance,股票型,澳洲/大洋洲
B24085,2016-05-10,61.35137939453125,英鎊,霸菱澳洲基金-A類英鎊配息型,yfinance,股票型,澳洲/大洋洲
B24085,2016-05-11,61.892154693603516,英鎊,霸菱澳洲基金-A類英鎊配息型,yfinance,股票型,澳洲/大洋洲
B24085,2016-05-12,61.52883529663086,英鎊,霸菱澳洲基金-A類英鎊配息型,yfinance,股票型,澳洲/大洋洲
B24085,2016-05-13,61.35137939453125,英鎊,霸菱澳洲基金-A類英鎊配息型,yfinance,股票型,澳洲/大洋洲
B24085,2016-05-16,61.782310485839844,英鎊,霸菱澳洲基金-A類英鎊配息型,yfinance,股票型,澳洲/大洋洲
B24085,2016-05-17,61.976646423339844,英鎊,霸菱澳洲基金-A類英鎊配息型,yfinance,股票型,澳洲/大洋洲
B24085,2016-05-18,60.827518463134766,英鎊,霸菱澳洲基金-A類英鎊配息型,yfinance,股票型,澳洲/大洋洲
B24085,2016-05-19,59.4333610534668,英鎊,霸菱澳洲基金-A類英鎊配息型,yfinance,股票型,澳洲/大洋洲
B24085,2016-05-20,60.269866943359375,英鎊,霸菱澳洲基金-A類英鎊配息型,yfinance,股票型,澳洲/大洋洲
B24085,2016-05-23,60.30366897583008,英鎊,霸菱澳洲基金-A類英鎊配息型,yfinance,股票型,澳洲/大洋洲
B24085,2016-05-24,59.28972625732422,英鎊,霸菱澳洲基金-A類英鎊配息型,yfinance,股票型,澳洲/大洋洲
B24085,2016-05-25,60.20226287841797,英鎊,霸菱澳洲基金-A類英鎊配息型,yfinance,股票型,澳洲/大洋洲
B24085,2016-05-26,60.43040084838867,英鎊,霸菱澳洲基金-A類英鎊配息型,yfinance,股票型,澳洲/大洋洲
B24085,2016-05-27,60.624732971191406,英鎊,霸菱澳洲基金-A類英鎊配息型,yfinance,股票型,澳洲/大洋洲
B24085,2016-05-31,60.785274505615234,英鎊,霸菱澳洲基金-A類英鎊配息型,yfinance,股票型,澳洲/大洋洲
B24085,2016-06-01,60.996517181396484,英鎊,霸菱澳洲基金-A類英鎊配息型,yfinance,股票型,澳洲/大洋洲
B24085,2016-06-02,60.22760772705078,英鎊,霸菱澳洲基金-A類英鎊配息型,yfinance,股票型,澳洲/大洋洲
B24085,2016-06-03,60.81062316894531,英鎊,霸菱澳洲基金-A類英鎊配息型,yfinance,股票型,澳洲/大洋洲
B24085,2016-06-07,62.10338592529297,英鎊,霸菱澳洲基金-A類英鎊配息型,yfinance,股票型,澳洲/大洋洲
B24085,2016-06-08,62.23012924194336,英鎊,霸菱澳洲基金-A類英鎊配息型,yfinance,股票型,澳洲/大洋洲
B24085,2016-06-09,62.466705322265625,英鎊,霸菱澳洲基金-A類英鎊配息型,yfinance,股票型,澳洲/大洋洲
B24085,2016-06-10,61.74850845336914,英鎊,霸菱澳洲基金-A類英鎊配息型,yfinance,股票型,澳洲/大洋洲
B24085,2016-06-13,62.8469352722168,英鎊,霸菱澳洲基金-A類英鎊配息型,yfinance,股票型,澳洲/大洋洲
B24085,2016-06-14,60.962711334228516,英鎊,霸菱澳洲基金-A類英鎊配息型,yfinance,股票型,澳洲/大洋洲
B24085,2016-06-15,60.70923614501953,英鎊,霸菱澳洲基金-A類英鎊配息型,yfinance,股票型,澳洲/大洋洲
B24085,2016-06-16,60.68389129638672,英鎊,霸菱澳洲基金-A類英鎊配息型,yfinance,股票型,澳洲/大洋洲
B24085,2016-06-17,60.85287094116211,英鎊,霸菱澳洲基金-A類英鎊配息型,yfinance,股票型,澳洲/大洋洲
B24085,2016-06-20,60.52334213256836,英鎊,霸菱澳洲基金-A類英鎊配息型,yfinance,股票型,澳洲/大洋洲
B24085,2016-06-21,60.903568267822266,英鎊,霸菱澳洲基金-A類英鎊配息型,yfinance,股票型,澳洲/大洋洲
B24085,2016-06-22,61.38519287109375,英鎊,霸菱澳洲基金-A類英鎊配息型,yfinance,股票型,澳洲/大洋洲
B24085,2016-06-23,61.0556526184082,英鎊,霸菱澳洲基金-A類英鎊配息型,yfinance,股票型,澳洲/大洋洲
B24085,2016-06-24,63.379249572753906,英鎊,霸菱澳洲基金-A類英鎊配息型,yfinance,股票型,澳洲/大洋洲
B24085,2016-06-27,65.1620864868164,英鎊,霸菱澳洲基金-A類英鎊配息型,yfinance,股票型,澳洲/大洋洲
B24085,2016-06-28,64.0129623413086,英鎊,霸菱澳洲基金-A類英鎊配息型,yfinance,股票型,澳洲/大洋洲
B24085,2016-06-29,64.48613739013672,英鎊,霸菱澳洲基金-A類英鎊配息型,yfinance,股票型,澳洲/大洋洲
B24085,2016-06-30,65.59300231933594,英鎊,霸菱澳洲基金-A類英鎊配息型,yfinance,股票型,澳洲/大洋洲
B24085,2016-07-01,66.86042022705078,英鎊,霸菱澳洲基金-A類英鎊配息型,yfinance,股票型,澳洲/大洋洲
B24085,2016-07-04,67.84056854248047,英鎊,霸菱澳洲基金-A類英鎊配息型,yfinance,股票型,澳洲/大洋洲
B24085,2016-07-05,67.39274597167969,英鎊,霸菱澳洲基金-A類英鎊配息型,yfinance,股票型,澳洲/大洋洲
B24085,2016-07-06,67.68002319335938,英鎊,霸菱澳洲基金-A類英鎊配息型,yfinance,股票型,澳洲/大洋洲
B24085,2016-07-07,68.29682922363281,英鎊,霸菱澳洲基金-A類英鎊配息型,yfinance,股票型,澳洲/大洋洲
B24085,2016-07-08,68.4996109008789,英鎊,霸菱澳洲基金-A類英鎊配息型,yfinance,股票型,澳洲/大洋洲
B24085,2016-07-11,69.84307098388672,英鎊,霸菱澳洲基金-A類英鎊配息型,yfinance,股票型,澳洲/大洋洲
B24085,2016-07-12,69.75013732910156,英鎊,霸菱澳洲基金-A類英鎊配息型,yfinance,股票型,澳洲/大洋洲
B24085,2016-07-13,69.09107971191406,英鎊,霸菱澳洲基金-A類英鎊配息型,yfinance,股票型,澳洲/大洋洲
B24085,2016-07-14,69.22626495361328,英鎊,霸菱澳洲基金-A類英鎊配息型,yfinance,股票型,澳洲/大洋洲
B24085,2016-07-15,69.48818969726562,英鎊,霸菱澳洲基金-A類英鎊配息型,yfinance,股票型,澳洲/大洋洲
B24085,2016-07-18,70.06277465820312,英鎊,霸菱澳洲基金-A類英鎊配息型,yfinance,股票型,澳洲/大洋洲
B24085,2016-07-19,69.9022216796875,英鎊,霸菱澳洲基金-A類英鎊配息型,yfinance,股票型,澳洲/大洋洲
B24085,2016-07-20,70.65422058105469,英鎊,霸菱澳洲基金-A類英鎊配息型,yfinance,股票型,澳洲/大洋洲
B24085,2016-07-21,70.92460632324219,英鎊,霸菱澳洲基金-A類英鎊配息型,yfinance,股票型,澳洲/大洋洲
B24085,2016-07-22,71.16120147705078,英鎊,霸菱澳洲基金-A類英鎊配息型,yfinance,股票型,澳洲/大洋洲
B24085,2016-07-25,71.71040344238281,英鎊,霸菱澳洲基金-A類英鎊配息型,yfinance,股票型,澳洲/大洋洲
B24085,2016-07-26,72.24271392822266,英鎊,霸菱澳洲基金-A類英鎊配息型,yfinance,股票型,澳洲/大洋洲
B24085,2016-07-27,71.76110076904297,英鎊,霸菱澳洲基金-A類英鎊配息型,yfinance,股票型,澳洲/大洋洲
B24085,2016-07-28,72.09907531738281,英鎊,霸菱澳洲基金-A類英鎊配息型,yfinance,股票型,澳洲/大洋洲
B24085,2016-07-29,72.03993225097656,英鎊,霸菱澳洲基金-A類英鎊配息型,yfinance,股票型,澳洲/大洋洲
B24085,2016-08-02,71.64280700683594,英鎊,霸菱澳洲基金-A類英鎊配息型,yfinance,股票型,澳洲/大洋洲
B24085,2016-08-03,70.23175048828125,英鎊,霸菱澳洲基金-A類英鎊配息型,yfinance,股票型,澳洲/大洋洲
B24085,2016-08-04,70.97530364990234,英鎊,霸菱澳洲基金-A類英鎊配息型,yfinance,股票型,澳洲/大洋洲
B24085,2016-08-05,71.8878402709961,英鎊,霸菱澳洲基金-A類英鎊配息型,yfinance,股票型,澳洲/大洋洲
B24085,2016-08-08,72.47929382324219,英鎊,霸菱澳洲基金-A類英鎊配息型,yfinance,股票型,澳洲/大洋洲
B24085,2016-08-09,73.12991333007812,英鎊,霸菱澳洲基金-A類英鎊配息型,yfinance,股票型,澳洲/大洋洲
B24085,2016-08-10,72.98626708984375,英鎊,霸菱澳洲基金-A類英鎊配息型,yfinance,股票型,澳洲/大洋洲
B24085,2016-08-11,73.34113311767578,英鎊,霸菱澳洲基金-A類英鎊配息型,yfinance,股票型,澳洲/大洋洲
B24085,2016-08-12,73.56082916259766,英鎊,霸菱澳洲基金-A類英鎊配息型,yfinance,股票型,澳洲/大洋洲
B24085,2016-08-15,74.10160064697266,英鎊,霸菱澳洲基金-A類英鎊配息型,yfinance,股票型,澳洲/大洋洲
B24085,2016-08-16,74.26214599609375,英鎊,霸菱澳洲基金-A類英鎊配息型,yfinance,股票型,澳洲/大洋洲
B24085,2016-08-17,73.1552505493164,英鎊,霸菱澳洲基金-A類英鎊配息型,yfinance,股票型,澳洲/大洋洲
B24085,2016-08-18,72.25116729736328,英鎊,霸菱澳洲基金-A類英鎊配息型,yfinance,股票型,澳洲/大洋洲
B24085,2016-08-19,71.93853759765625,英鎊,霸菱澳洲基金-A類英鎊配息型,yfinance,股票型,澳洲/大洋洲
B24085,2016-08-22,71.7188491821289,英鎊,霸菱澳洲基金-A類英鎊配息型,yfinance,股票型,澳洲/大洋洲
B24085,2016-08-23,72.20046997070312,英鎊,霸菱澳洲基金-A類英鎊配息型,yfinance,股票型,澳洲/大洋洲
B24085,2016-08-24,71.64280700683594,英鎊,霸菱澳洲基金-A類英鎊配息型,yfinance,股票型,澳洲/大洋洲
B24085,2016-08-25,71.24568939208984,英鎊,霸菱澳洲基金-A類英鎊配息型,yfinance,股票型,澳洲/大洋洲
B24085,2016-08-26,70.755615234375,英鎊,霸菱澳洲基金-A類英鎊配息型,yfinance,股票型,澳洲/大洋洲
B24085,2016-08-30,70.57817840576172,英鎊,霸菱澳洲基金-A類英鎊配息型,yfinance,股票型,澳洲/大洋洲
B24085,2016-08-31,69.54734802246094,英鎊,霸菱澳洲基金-A類英鎊配息型,yfinance,股票型,澳洲/大洋洲
B24085,2016-09-01,69.1333236694336,英鎊,霸菱澳洲基金-A類英鎊配息型,yfinance,股票型,澳洲/大洋洲
B24085,2016-09-02,68.28838348388672,英鎊,霸菱澳洲基金-A類英鎊配息型,yfinance,股票型,澳洲/大洋洲
B24085,2016-09-05,68.63481140136719,英鎊,霸菱澳洲基金-A類英鎊配息型,yfinance,股票型,澳洲/大洋洲
B24085,2016-09-06,68.8207015991211,英鎊,霸菱澳洲基金-A類英鎊配息型,yfinance,股票型,澳洲/大洋洲
B24085,2016-09-07,69.36145782470703,英鎊,霸菱澳洲基金-A類英鎊配息型,yfinance,股票型,澳洲/大洋洲
B24085,2016-09-08,69.32766723632812,英鎊,霸菱澳洲基金-A類英鎊配息型,yfinance,股票型,澳洲/大洋洲
B24085,2016-09-09,67.90815734863281,英鎊,霸菱澳洲基金-A類英鎊配息型,yfinance,股票型,澳洲/大洋洲
B24085,2016-09-12,66.0154800415039,英鎊,霸菱澳洲基金-A類英鎊配息型,yfinance,股票型,澳洲/大洋洲
B24085,2016-09-13,66.60694122314453,英鎊,霸菱澳洲基金-A類英鎊配息型,yfinance,股票型,澳洲/大洋洲
B24085,2016-09-14,66.58158874511719,英鎊,霸菱澳洲基金-A類英鎊配息型,yfinance,股票型,澳洲/大洋洲
B24085,2016-09-15,66.75057220458984,英鎊,霸菱澳洲基金-A類英鎊配息型,yfinance,股票型,澳洲/大洋洲
B24085,2016-09-16,68.22077941894531,英鎊,霸菱澳洲基金-A類英鎊配息型,yfinance,股票型,澳洲/大洋洲
B24085,2016-09-19,68.9643325805664,英鎊,霸菱澳洲基金-A類英鎊配息型,yfinance,股票型,澳洲/大洋洲
B24085,2016-09-20,69.64028930664062,英鎊,霸菱澳洲基金-A類英鎊配息型,yfinance,股票型,澳洲/大洋洲
B24085,2016-09-21,70.18950653076172,英鎊,霸菱澳洲基金-A類英鎊配息型,yfinance,股票型,澳洲/大洋洲
B24085,2016-09-22,70.73026275634766,英鎊,霸菱澳洲基金-A類英鎊配息型,yfinance,股票型,澳洲/大洋洲
B24085,2016-09-23,71.49915313720703,英鎊,霸菱澳洲基金-A類英鎊配息型,yfinance,股票型,澳洲/大洋洲
B24085,2016-09-26,71.93009185791016,英鎊,霸菱澳洲基金-A類英鎊配息型,yfinance,股票型,澳洲/大洋洲
B24085,2016-09-27,71.9469985961914,英鎊,霸菱澳洲基金-A類英鎊配息型,yfinance,股票型,澳洲/大洋洲
B24085,2016-09-28,71.85404205322266,英鎊,霸菱澳洲基金-A類英鎊配息型,yfinance,股票型,澳洲/大洋洲
B24085,2016-09-29,72.09062957763672,英鎊,霸菱澳洲基金-A類英鎊配息型,yfinance,股票型,澳洲/大洋洲
B24085,2016-09-30,71.54986572265625,英鎊,霸菱澳洲基金-A類英鎊配息型,yfinance,股票型,澳洲/大洋洲
B24085,2016-10-03,73.0116195678711,英鎊,霸菱澳洲基金-A類英鎊配息型,yfinance,股票型,澳洲/大洋洲
B24085,2016-10-04,73.63687133789062,英鎊,霸菱澳洲基金-A類英鎊配息型,yfinance,股票型,澳洲/大洋洲
B24085,2016-10-05,73.31578826904297,英鎊,霸菱澳洲基金-A類英鎊配息型,yfinance,股票型,澳洲/大洋洲
B24085,2016-10-06,73.60307312011719,英鎊,霸菱澳洲基金-A類英鎊配息型,yfinance,股票型,澳洲/大洋洲
B24085,2016-10-07,75.38591766357422,英鎊,霸菱澳洲基金-A類英鎊配息型,yfinance,股票型,澳洲/大洋洲
B24085,2016-10-10,75.05638122558594,英鎊,霸菱澳洲基金-A類英鎊配息型,yfinance,股票型,澳洲/大洋洲
B24085,2016-10-11,75.35211181640625,英鎊,霸菱澳洲基金-A類英鎊配息型,yfinance,股票型,澳洲/大洋洲
B24085,2016-10-12,75.43661499023438,英鎊,霸菱澳洲基金-A類英鎊配息型,yfinance,股票型,澳洲/大洋洲
B24085,2016-10-13,74.99724578857422,英鎊,霸菱澳洲基金-A類英鎊配息型,yfinance,股票型,澳洲/大洋洲
B24085,2016-10-14,75.36056518554688,英鎊,霸菱澳洲基金-A類英鎊配息型,yfinance,股票型,澳洲/大洋洲
B24085,2016-10-17,74.7437515258789,英鎊,霸菱澳洲基金-A類英鎊配息型,yfinance,股票型,澳洲/大洋洲
B24085,2016-10-18,74.88739013671875,英鎊,霸菱澳洲基金-A類英鎊配息型,yfinance,股票型,澳洲/大洋洲
B24085,2016-10-19,74.72686004638672,英鎊,霸菱澳洲基金-A類英鎊配息型,yfinance,股票型,澳洲/大洋洲
B24085,2016-10-20,74.8198013305664,英鎊,霸菱澳洲基金-A類英鎊配息型,yfinance,股票型,澳洲/大洋洲
B24085,2016-10-21,74.02555084228516,英鎊,霸菱澳洲基金-A類英鎊配息型,yfinance,股票型,澳洲/大洋洲
B24085,2016-10-24,73.12145233154297,英鎊,霸菱澳洲基金-A類英鎊配息型,yfinance,股票型,澳洲/大洋洲
B24085,2016-10-25,74.00865936279297,英鎊,霸菱澳洲基金-A類英鎊配息型,yfinance,股票型,澳洲/大洋洲
B24085,2016-10-26,73.29890441894531,英鎊,霸菱澳洲基金-A類英鎊配息型,yfinance,股票型,澳洲/大洋洲
B24085,2016-10-27,71.47381591796875,英鎊,霸菱澳洲基金-A類英鎊配息型,yfinance,股票型,澳洲/大洋洲
B24085,2016-10-28,71.85404205322266,英鎊,霸菱澳洲基金-A類英鎊配息型,yfinance,股票型,澳洲/大洋洲
B24085,2016-11-01,71.99769592285156,英鎊,霸菱澳洲基金-A類英鎊配息型,yfinance,股票型,澳洲/大洋洲
B24085,2016-11-02,70.31625366210938,英鎊,霸菱澳洲基金-A類英鎊配息型,yfinance,股票型,澳洲/大洋洲
B24085,2016-11-03,69.57268524169922,英鎊,霸菱澳洲基金-A類英鎊配息型,yfinance,股票型,澳洲/大洋洲
B24085,2016-11-04,69.08262634277344,英鎊,霸菱澳洲基金-A類英鎊配息型,yfinance,股票型,澳洲/大洋洲
B24085,2016-11-07,70.50214385986328,英鎊,霸菱澳洲基金-A類英鎊配息型,yfinance,股票型,澳洲/大洋洲
B24085,2016-11-08,71.06824493408203,英鎊,霸菱澳洲基金-A類英鎊配息型,yfinance,股票型,澳洲/大洋洲
B24085,2016-11-09,69.26007080078125,英鎊,霸菱澳洲基金-A類英鎊配息型,yfinance,股票型,澳洲/大洋洲
B24085,2016-11-10,71.72730255126953,英鎊,霸菱澳洲基金-A類英鎊配息型,yfinance,股票型,澳洲/大洋洲
B24085,2016-11-11,70.02052307128906,英鎊,霸菱澳洲基金-A類英鎊配息型,yfinance,股票型,澳洲/大洋洲
B24085,2016-11-14,69.91067504882812,英鎊,霸菱澳洲基金-A類英鎊配息型,yfinance,股票型,澳洲/大洋洲
B24085,2016-11-15,70.03740692138672,英鎊,霸菱澳洲基金-A類英鎊配息型,yfinance,股票型,澳洲/大洋洲
B24085,2016-11-16,68.64324951171875,英鎊,霸菱澳洲基金-A類英鎊配息型,yfinance,股票型,澳洲/大洋洲
B24085,2016-11-17,68.40666961669922,英鎊,霸菱澳洲基金-A類英鎊配息型,yfinance,股票型,澳洲/大洋洲
B24085,2016-11-18,68.2038803100586,英鎊,霸菱澳洲基金-A類英鎊配息型,yfinance,股票型,澳洲/大洋洲
B24085,2016-11-21,68.22077941894531,英鎊,霸菱澳洲基金-A類英鎊配息型,yfinance,股票型,澳洲/大洋洲
B24085,2016-11-22,69.14178466796875,英鎊,霸菱澳洲基金-A類英鎊配息型,yfinance,股票型,澳洲/大洋洲
B24085,2016-11-23,70.32469177246094,英鎊,霸菱澳洲基金-A類英鎊配息型,yfinance,股票型,澳洲/大洋洲
B24085,2016-11-24,69.70787811279297,英鎊,霸菱澳洲基金-A類英鎊配息型,yfinance,股票型,澳洲/大洋洲
B24085,2016-11-25,70.34159088134766,英鎊,霸菱澳洲基金-A類英鎊配息型,yfinance,股票型,澳洲/大洋洲
B24085,2016-11-28,70.4176254272461,英鎊,霸菱澳洲基金-A類英鎊配息型,yfinance,股票型,澳洲/大洋洲
B24085,2016-11-29,69.81771850585938,英鎊,霸菱澳洲基金-A類英鎊配息型,yfinance,股票型,澳洲/大洋洲
B24085,2016-11-30,69.36145782470703,英鎊,霸菱澳洲基金-A類英鎊配息型,yfinance,股票型,澳洲/大洋洲
B24085,2016-12-01,68.79535675048828,英鎊,霸菱澳洲基金-A類英鎊配息型,yfinance,股票型,澳洲/大洋洲
B24085,2016-12-02,68.31372833251953,英鎊,霸菱澳洲基金-A類英鎊配息型,yfinance,股票型,澳洲/大洋洲
B24085,2016-12-05,67.00406646728516,英鎊,霸菱澳洲基金-A類英鎊配息型,yfinance,股票型,澳洲/大洋洲
B24085,2016-12-06,67.40963745117188,英鎊,霸菱澳洲基金-A類英鎊配息型,yfinance,股票型,澳洲/大洋洲
B24085,2016-12-07,69.04037475585938,英鎊,霸菱澳洲基金-A類英鎊配息型,yfinance,股票型,澳洲/大洋洲
B24085,2016-12-08,69.59803771972656,英鎊,霸菱澳洲基金-A類英鎊配息型,yfinance,股票型,澳洲/大洋洲
B24085,2016-12-09,70.07121276855469,英鎊,霸菱澳洲基金-A類英鎊配息型,yfinance,股票型,澳洲/大洋洲
B24085,2016-12-12,69.80084228515625,英鎊,霸菱澳洲基金-A類英鎊配息型,yfinance,股票型,澳洲/大洋洲
B24085,2016-12-13,69.08262634277344,英鎊,霸菱澳洲基金-A類英鎊配息型,yfinance,股票型,澳洲/大洋洲
B24085,2016-12-14,70.32469177246094,英鎊,霸菱澳洲基金-A類英鎊配息型,yfinance,股票型,澳洲/大洋洲
B24085,2016-12-15,69.37834930419922,英鎊,霸菱澳洲基金-A類英鎊配息型,yfinance,股票型,澳洲/大洋洲
B24085,2016-12-16,69.34455108642578,英鎊,霸菱澳洲基金-A類英鎊配息型,yfinance,股票型,澳洲/大洋洲
B24085,2016-12-19,68.82913970947266,英鎊,霸菱澳洲基金-A類英鎊配息型,yfinance,股票型,澳洲/大洋洲
B24085,2016-12-20,69.09107971191406,英鎊,霸菱澳洲基金-A類英鎊配息型,yfinance,股票型,澳洲/大洋洲
B24085,2016-12-21,69.49664306640625,英鎊,霸菱澳洲基金-A類英鎊配息型,yfinance,股票型,澳洲/大洋洲
B24085,2016-12-22,69.48818969726562,英鎊,霸菱澳洲基金-A類英鎊配息型,yfinance,股票型,澳洲/大洋洲
B24085,2016-12-23,69.59803771972656,英鎊,霸菱澳洲基金-A類英鎊配息型,yfinance,股票型,澳洲/大洋洲
B24085,2016-12-29,70.7471694946289,英鎊,霸菱澳洲基金-A類英鎊配息型,yfinance,股票型,澳洲/大洋洲
B24085,2016-12-30,70.16414642333984,英鎊,霸菱澳洲基金-A類英鎊配息型,yfinance,股票型,澳洲/大洋洲
B24083,2016-01-04,34.611148834228516,英鎊,霸菱東歐基金-A類英鎊配息型,yfinance,未分類,新興歐洲
B24083,2016-01-05,34.38128662109375,英鎊,霸菱東歐基金-A類英鎊配息型,yfinance,未分類,新興歐洲
B24083,2016-01-06,34.31940841674805,英鎊,霸菱東歐基金-A類英鎊配息型,yfinance,未分類,新興歐洲
B24083,2016-01-07,33.65635681152344,英鎊,霸菱東歐基金-A類英鎊配息型,yfinance,未分類,新興歐洲
B24083,2016-01-08,33.65635681152344,英鎊,霸菱東歐基金-A類英鎊配息型,yfinance,未分類,新興歐洲
B24083,2016-01-11,33.046356201171875,英鎊,霸菱東歐基金-A類英鎊配息型,yfinance,未分類,新興歐洲
B24083,2016-01-12,33.10823059082031,英鎊,霸菱東歐基金-A類英鎊配息型,yfinance,未分類,新興歐洲
B24083,2016-01-13,33.550270080566406,英鎊,霸菱東歐基金-A類英鎊配息型,yfinance,未分類,新興歐洲
B24083,2016-01-14,32.940269470214844,英鎊,霸菱東歐基金-A類英鎊配息型,yfinance,未分類,新興歐洲
B24083,2016-01-15,32.498226165771484,英鎊,霸菱東歐基金-A類英鎊配息型,yfinance,未分類,新興歐洲
B24083,2016-01-18,31.941272735595703,英鎊,霸菱東歐基金-A類英鎊配息型,yfinance,未分類,新興歐洲
B24083,2016-01-19,32.52475357055664,英鎊,霸菱東歐基金-A類英鎊配息型,yfinance,未分類,新興歐洲
B24083,2016-01-20,31.472719192504883,英鎊,霸菱東歐基金-A類英鎊配息型,yfinance,未分類,新興歐洲
B24083,2016-01-21,31.172130584716797,英鎊,霸菱東歐基金-A類英鎊配息型,yfinance,未分類,新興歐洲
B24083,2016-01-22,32.427513122558594,英鎊,霸菱東歐基金-A類英鎊配息型,yfinance,未分類,新興歐洲
B24083,2016-01-25,32.878379821777344,英鎊,霸菱東歐基金-A類英鎊配息型,yfinance,未分類,新興歐洲
B24083,2016-01-26,32.78113555908203,英鎊,霸菱東歐基金-A類英鎊配息型,yfinance,未分類,新興歐洲
B24083,2016-01-27,33.46186447143555,英鎊,霸菱東歐基金-A類英鎊配息型,yfinance,未分類,新興歐洲
B24083,2016-01-28,34.3282470703125,英鎊,霸菱東歐基金-A類英鎊配息型,yfinance,未分類,新興歐洲
B24083,2016-01-29,34.89405059814453,英鎊,霸菱東歐基金-A類英鎊配息型,yfinance,未分類,新興歐洲
B24083,2016-02-01,35.25651550292969,英鎊,霸菱東歐基金-A類英鎊配息型,yfinance,未分類,新興歐洲
B24083,2016-02-02,34.036502838134766,英鎊,霸菱東歐基金-A類英鎊配息型,yfinance,未分類,新興歐洲
B24083,2016-02-03,33.89505386352539,英鎊,霸菱東歐基金-A類英鎊配息型,yfinance,未分類,新興歐洲
B24083,2016-02-04,34.79679870605469,英鎊,霸菱東歐基金-A類英鎊配息型,yfinance,未分類,新興歐洲
B24083,2016-02-05,35.14158630371094,英鎊,霸菱東歐基金-A類英鎊配息型,yfinance,未分類,新興歐洲
B24083,2016-02-08,34.28404235839844,英鎊,霸菱東歐基金-A類英鎊配息型,yfinance,未分類,新興歐洲
B24083,2016-02-09,33.25852584838867,英鎊,霸菱東歐基金-A類英鎊配息型,yfinance,未分類,新興歐洲
B24083,2016-02-10,32.984466552734375,英鎊,霸菱東歐基金-A類英鎊配息型,yfinance,未分類,新興歐洲
B24083,2016-02-11,32.54243087768555,英鎊,霸菱東歐基金-A類英鎊配息型,yfinance,未分類,新興歐洲
B24083,2016-02-12,32.90489959716797,英鎊,霸菱東歐基金-A類英鎊配息型,yfinance,未分類,新興歐洲
B24083,2016-02-15,33.51490783691406,英鎊,霸菱東歐基金-A類英鎊配息型,yfinance,未分類,新興歐洲
B24083,2016-02-16,33.56795120239258,英鎊,霸菱東歐基金-A類英鎊配息型,yfinance,未分類,新興歐洲
B24083,2016-02-17,34.31056594848633,英鎊,霸菱東歐基金-A類英鎊配息型,yfinance,未分類,新興歐洲
B24083,2016-02-18,35.19462966918945,英鎊,霸菱東歐基金-A類英鎊配息型,yfinance,未分類,新興歐洲
B24083,2016-02-19,34.94709396362305,英鎊,霸菱東歐基金-A類英鎊配息型,yfinance,未分類,新興歐洲
B24083,2016-02-22,36.08753967285156,英鎊,霸菱東歐基金-A類英鎊配息型,yfinance,未分類,新興歐洲
B24083,2016-02-23,36.35275650024414,英鎊,霸菱東歐基金-A類英鎊配息型,yfinance,未分類,新興歐洲
B24083,2016-02-24,35.954925537109375,英鎊,霸菱東歐基金-A類英鎊配息型,yfinance,未分類,新興歐洲
B24083,2016-02-25,36.573768615722656,英鎊,霸菱東歐基金-A類英鎊配息型,yfinance,未分類,新興歐洲
B24083,2016-02-26,36.953922271728516,英鎊,霸菱東歐基金-A類英鎊配息型,yfinance,未分類,新興歐洲
B24083,2016-02-29,36.9450798034668,英鎊,霸菱東歐基金-A類英鎊配息型,yfinance,未分類,新興歐洲
B24083,2016-03-01,37.37826919555664,英鎊,霸菱東歐基金-A類英鎊配息型,yfinance,未分類,新興歐洲
B24083,2016-03-02,37.537410736083984,英鎊,霸菱東歐基金-A類英鎊配息型,yfinance,未分類,新興歐洲
B24083,2016-03-03,37.891029357910156,英鎊,霸菱東歐基金-A類英鎊配息型,yfinance,未分類,新興歐洲
B24083,2016-03-04,37.9263916015625,英鎊,霸菱東歐基金-A類英鎊配息型,yfinance,未分類,新興歐洲
B24083,2016-03-07,38.4921989440918,英鎊,霸菱東歐基金-A類英鎊配息型,yfinance,未分類,新興歐洲
B24083,2016-03-08,38.615962982177734,英鎊,霸菱東歐基金-A類英鎊配息型,yfinance,未分類,新興歐洲
B24083,2016-03-09,38.31537628173828,英鎊,霸菱東歐基金-A類英鎊配息型,yfinance,未分類,新興歐洲
B24083,2016-03-10,39.040313720703125,英鎊,霸菱東歐基金-A類英鎊配息型,yfinance,未分類,新興歐洲
B24083,2016-03-11,39.243648529052734,英鎊,霸菱東歐基金-A類英鎊配息型,yfinance,未分類,新興歐洲
B24083,2016-03-14,38.89002990722656,英鎊,霸菱東歐基金-A類英鎊配息型,yfinance,未分類,新興歐洲
B24083,2016-03-15,39.22595977783203,英鎊,霸菱東歐基金-A類英鎊配息型,yfinance,未分類,新興歐洲
B24083,2016-03-16,39.07567596435547,英鎊,霸菱東歐基金-A類英鎊配息型,yfinance,未分類,新興歐洲
B24083,2016-03-18,40.47249984741211,英鎊,霸菱東歐基金-A類英鎊配息型,yfinance,未分類,新興歐洲
B24083,2016-03-21,40.35757064819336,英鎊,霸菱東歐基金-A類英鎊配息型,yfinance,未分類,新興歐洲
B24083,2016-03-22,40.50786209106445,英鎊,霸菱東歐基金-A類英鎊配息型,yfinance,未分類,新興歐洲
B24083,2016-03-23,40.79960250854492,英鎊,霸菱東歐基金-A類英鎊配息型,yfinance,未分類,新興歐洲
B24083,2016-03-24,39.85365295410156,英鎊,霸菱東歐基金-A類英鎊配息型,yfinance,未分類,新興歐洲
B24083,2016-03-29,39.500030517578125,英鎊,霸菱東歐基金-A類英鎊配息型,yfinance,未分類,新興歐洲
B24083,2016-03-30,40.11003112792969,英鎊,霸菱東歐基金-A類英鎊配息型,yfinance,未分類,新興歐洲
B24083,2016-03-31,40.3310432434082,英鎊,霸菱東歐基金-A類英鎊配息型,yfinance,未分類,新興歐洲
B24083,2016-04-01,40.304527282714844,英鎊,霸菱東歐基金-A類英鎊配息型,yfinance,未分類,新興歐洲
B24083,2016-04-04,40.47249984741211,英鎊,霸菱東歐基金-A類英鎊配息型,yfinance,未分類,新興歐洲
B24083,2016-04-05,40.10118865966797,英鎊,霸菱東歐基金-A類英鎊配息型,yfinance,未分類,新興歐洲
B24083,2016-04-06,40.454811096191406,英鎊,霸菱東歐基金-A類英鎊配息型,yfinance,未分類,新興歐洲
B24083,2016-04-07,40.499019622802734,英鎊,霸菱東歐基金-A類英鎊配息型,yfinance,未分類,新興歐洲
B24083,2016-04-08,40.93220901489258,英鎊,霸菱東歐基金-A類英鎊配息型,yfinance,未分類,新興歐洲
B24083,2016-04-11,41.1885871887207,英鎊,霸菱東歐基金-A類英鎊配息型,yfinance,未分類,新興歐洲
B24083,2016-04-12,41.10018539428711,英鎊,霸菱東歐基金-A類英鎊配息型,yfinance,未分類,新興歐洲
B24083,2016-04-13,42.037296295166016,英鎊,霸菱東歐基金-A類英鎊配息型,yfinance,未分類,新興歐洲
B24083,2016-04-14,42.29367446899414,英鎊,霸菱東歐基金-A類英鎊配息型,yfinance,未分類,新興歐洲
B24083,2016-04-15,42.08149337768555,英鎊,霸菱東歐基金-A類英鎊配息型,yfinance,未分類,新興歐洲
B24083,2016-04-18,41.54222106933594,英鎊,霸菱東歐基金-A類英鎊配息型,yfinance,未分類,新興歐洲
B24083,2016-04-19,42.178749084472656,英鎊,霸菱東歐基金-A類英鎊配息型,yfinance,未分類,新興歐洲
B24083,2016-04-20,42.31135559082031,英鎊,霸菱東歐基金-A類英鎊配息型,yfinance,未分類,新興歐洲
B24083,2016-04-21,42.417442321777344,英鎊,霸菱東歐基金-A類英鎊配息型,yfinance,未分類,新興歐洲
B24083,2016-04-22,41.984256744384766,英鎊,霸菱東歐基金-A類英鎊配息型,yfinance,未分類,新興歐洲
B24083,2016-04-25,41.5245361328125,英鎊,霸菱東歐基金-A類英鎊配息型,yfinance,未分類,新興歐洲
B24083,2016-04-26,40.93220901489258,英鎊,霸菱東歐基金-A類英鎊配息型,yfinance,未分類,新興歐洲
B24083,2016-04-27,41.109031677246094,英鎊,霸菱東歐基金-A類英鎊配息型,yfinance,未分類,新興歐洲
B24083,2016-04-28,41.44497299194336,英鎊,霸菱東歐基金-A類英鎊配息型,yfinance,未分類,新興歐洲
B24083,2016-04-29,41.88700866699219,英鎊,霸菱東歐基金-A類英鎊配息型,yfinance,未分類,新興歐洲
B24083,2016-05-03,40.82132339477539,英鎊,霸菱東歐基金-A類英鎊配息型,yfinance,未分類,新興歐洲
B24083,2016-05-04,40.37430191040039,英鎊,霸菱東歐基金-A類英鎊配息型,yfinance,未分類,新興歐洲
B24083,2016-05-05,40.025634765625,英鎊,霸菱東歐基金-A類英鎊配息型,yfinance,未分類,新興歐洲
B24083,2016-05-06,39.596500396728516,英鎊,霸菱東歐基金-A類英鎊配息型,yfinance,未分類,新興歐洲
B24083,2016-05-09,40.23126220703125,英鎊,霸菱東歐基金-A類英鎊配息型,yfinance,未分類,新興歐洲
B24083,2016-05-10,39.66802215576172,英鎊,霸菱東歐基金-A類英鎊配息型,yfinance,未分類,新興歐洲
B24083,2016-05-11,39.98093795776367,英鎊,霸菱東歐基金-A類英鎊配息型,yfinance,未分類,新興歐洲
B24083,2016-05-12,40.392189025878906,英鎊,霸菱東歐基金-A類英鎊配息型,yfinance,未分類,新興歐洲
B24083,2016-05-13,40.168678283691406,英鎊,霸菱東歐基金-A類英鎊配息型,yfinance,未分類,新興歐洲
B24083,2016-05-16,40.72298049926758,英鎊,霸菱東歐基金-A類英鎊配息型,yfinance,未分類,新興歐洲
B24083,2016-05-17,40.19550323486328,英鎊,霸菱東歐基金-A類英鎊配息型,yfinance,未分類,新興歐洲
B24083,2016-05-18,40.11503982543945,英鎊,霸菱東歐基金-A類英鎊配息型,yfinance,未分類,新興歐洲
B24083,2016-05-19,39.212066650390625,英鎊,霸菱東歐基金-A類英鎊配息型,yfinance,未分類,新興歐洲
B24083,2016-05-20,39.1673698425293,英鎊,霸菱東歐基金-A類英鎊配息型,yfinance,未分類,新興歐洲
B24083,2016-05-23,39.1673698425293,英鎊,霸菱東歐基金-A類英鎊配息型,yfinance,未分類,新興歐洲
B24083,2016-05-24,39.30147171020508,英鎊,霸菱東歐基金-A類英鎊配息型,yfinance,未分類,新興歐洲
B24083,2016-05-25,39.91835403442383,英鎊,霸菱東歐基金-A類英鎊配息型,yfinance,未分類,新興歐洲
B24083,2016-05-26,40.311729431152344,英鎊,霸菱東歐基金-A類英鎊配息型,yfinance,未分類,新興歐洲
B24083,2016-05-27,40.19550323486328,英鎊,霸菱東歐基金-A類英鎊配息型,yfinance,未分類,新興歐洲
B24083,2016-05-31,40.35642623901367,英鎊,霸菱東歐基金-A類英鎊配息型,yfinance,未分類,新興歐洲
B24083,2016-06-01,40.016693115234375,英鎊,霸菱東歐基金-A類英鎊配息型,yfinance,未分類,新興歐洲
B24083,2016-06-02,39.963050842285156,英鎊,霸菱東歐基金-A類英鎊配息型,yfinance,未分類,新興歐洲
B24083,2016-06-03,40.267024993896484,英鎊,霸菱東歐基金-A類英鎊配息型,yfinance,未分類,新興歐洲
B24083,2016-06-07,41.608062744140625,英鎊,霸菱東歐基金-A類英鎊配息型,yfinance,未分類,新興歐洲
B24083,2016-06-08,42.09978485107422,英鎊,霸菱東歐基金-A類英鎊配息型,yfinance,未分類,新興歐洲
B24083,2016-06-09,41.95673751831055,英鎊,霸菱東歐基金-A類英鎊配息型,yfinance,未分類,新興歐洲
B24083,2016-06-10,41.50972366333008,英鎊,霸菱東歐基金-A類英鎊配息型,yfinance,未分類,新興歐洲
B24083,2016-06-13,41.196815490722656,英鎊,霸菱東歐基金-A類英鎊配息型,yfinance,未分類,新興歐洲
B24083,2016-06-14,40.53523254394531,英鎊,霸菱東歐基金-A類英鎊配息型,yfinance,未分類,新興歐洲
B24083,2016-06-15,40.803436279296875,英鎊,霸菱東歐基金-A類英鎊配息型,yfinance,未分類,新興歐洲
B24083,2016-06-16,40.43688201904297,英鎊,霸菱東歐基金-A類英鎊配息型,yfinance,未分類,新興歐洲
B24083,2016-06-17,40.56205368041992,英鎊,霸菱東歐基金-A類英鎊配息型,yfinance,未分類,新興歐洲
B24083,2016-06-20,40.579933166503906,英鎊,霸菱東歐基金-A類英鎊配息型,yfinance,未分類,新興歐洲
B24083,2016-06-21,40.41900634765625,英鎊,霸菱東歐基金-A類英鎊配息型,yfinance,未分類,新興歐洲
B24083,2016-06-22,40.65146255493164,英鎊,霸菱東歐基金-A類英鎊配息型,yfinance,未分類,新興歐洲
B24083,2016-06-23,40.57099533081055,英鎊,霸菱東歐基金-A類英鎊配息型,yfinance,未分類,新興歐洲
B24083,2016-06-24,41.581241607666016,英鎊,霸菱東歐基金-A類英鎊配息型,yfinance,未分類,新興歐洲
B24083,2016-06-27,42.797122955322266,英鎊,霸菱東歐基金-A類英鎊配息型,yfinance,未分類,新興歐洲
B24083,2016-06-28,42.6451416015625,英鎊,霸菱東歐基金-A類英鎊配息型,yfinance,未分類,新興歐洲
B24083,2016-06-29,43.047454833984375,英鎊,霸菱東歐基金-A類英鎊配息型,yfinance,未分類,新興歐洲
B24083,2016-06-30,43.422943115234375,英鎊,霸菱東歐基金-A類英鎊配息型,yfinance,未分類,新興歐洲
B24083,2016-07-01,44.075584411621094,英鎊,霸菱東歐基金-A類英鎊配息型,yfinance,未分類,新興歐洲
B24083,2016-07-04,44.54942321777344,英鎊,霸菱東歐基金-A類英鎊配息型,yfinance,未分類,新興歐洲
B24083,2016-07-05,44.50471878051758,英鎊,霸菱東歐基金-A類英鎊配息型,yfinance,未分類,新興歐洲
B24083,2016-07-06,44.4063720703125,英鎊,霸菱東歐基金-A類英鎊配息型,yfinance,未分類,新興歐洲
B24083,2016-07-07,44.86233139038086,英鎊,霸菱東歐基金-A類英鎊配息型,yfinance,未分類,新興歐洲
B24083,2016-07-08,44.94279479980469,英鎊,霸菱東歐基金-A類英鎊配息型,yfinance,未分類,新興歐洲
B24083,2016-07-11,45.85470199584961,英鎊,霸菱東歐基金-A類英鎊配息型,yfinance,未分類,新興歐洲
B24083,2016-07-12,45.88151931762695,英鎊,霸菱東歐基金-A類英鎊配息型,yfinance,未分類,新興歐洲
B24083,2016-07-13,45.64012908935547,英鎊,霸菱東歐基金-A類英鎊配息型,yfinance,未分類,新興歐洲
B24083,2016-07-14,45.6043701171875,英鎊,霸菱東歐基金-A類英鎊配息型,yfinance,未分類,新興歐洲
B24083,2016-07-15,45.89939880371094,英鎊,霸菱東歐基金-A類英鎊配息型,yfinance,未分類,新興歐洲
B24083,2016-07-18,45.997745513916016,英鎊,霸菱東歐基金-A類英鎊配息型,yfinance,未分類,新興歐洲
B24083,2016-07-19,46.194427490234375,英鎊,霸菱東歐基金-A類英鎊配息型,yfinance,未分類,新興歐洲
B24083,2016-07-20,45.425567626953125,英鎊,霸菱東歐基金-A類英鎊配息型,yfinance,未分類,新興歐洲
B24083,2016-07-21,45.29145812988281,英鎊,霸菱東歐基金-A類英鎊配息型,yfinance,未分類,新興歐洲
B24083,2016-07-22,45.452388763427734,英鎊,霸菱東歐基金-A類英鎊配息型,yfinance,未分類,新興歐洲
B24083,2016-07-25,45.69377899169922,英鎊,霸菱東歐基金-A類英鎊配息型,yfinance,未分類,新興歐洲
B24083,2016-07-26,44.987491607666016,英鎊,霸菱東歐基金-A類英鎊配息型,yfinance,未分類,新興歐洲
B24083,2016-07-27,45.29145812988281,英鎊,霸菱東歐基金-A類英鎊配息型,yfinance,未分類,新興歐洲
B24083,2016-07-28,45.25569534301758,英鎊,霸菱東歐基金-A類英鎊配息型,yfinance,未分類,新興歐洲
B24083,2016-07-29,45.032188415527344,英鎊,霸菱東歐基金-A類英鎊配息型,yfinance,未分類,新興歐洲
B24083,2016-08-02,45.13948059082031,英鎊,霸菱東歐基金-A類英鎊配息型,yfinance,未分類,新興歐洲
B24083,2016-08-03,44.24544906616211,英鎊,霸菱東歐基金-A類英鎊配息型,yfinance,未分類,新興歐洲
B24083,2016-08-04,44.86233139038086,英鎊,霸菱東歐基金-A類英鎊配息型,yfinance,未分類,新興歐洲
B24083,2016-08-05,45.890464782714844,英鎊,霸菱東歐基金-A類英鎊配息型,yfinance,未分類,新興歐洲
B24083,2016-08-08,46.820247650146484,英鎊,霸菱東歐基金-A類英鎊配息型,yfinance,未分類,新興歐洲
B24083,2016-08-09,47.49077224731445,英鎊,霸菱東歐基金-A類英鎊配息型,yfinance,未分類,新興歐洲
B24083,2016-08-10,47.2493782043457,英鎊,霸菱東歐基金-A類英鎊配息型,yfinance,未分類,新興歐洲
B24083,2016-08-11,47.38348388671875,英鎊,霸菱東歐基金-A類英鎊配息型,yfinance,未分類,新興歐洲
B24083,2016-08-12,47.91096115112305,英鎊,霸菱東歐基金-A類英鎊配息型,yfinance,未分類,新興歐洲
B24083,2016-08-15,48.429500579833984,英鎊,霸菱東歐基金-A類英鎊配息型,yfinance,未分類,新興歐洲
B24083,2016-08-16,48.71559143066406,英鎊,霸菱東歐基金-A類英鎊配息型,yfinance,未分類,新興歐洲
B24083,2016-08-17,48.15235137939453,英鎊,霸菱東歐基金-A類英鎊配息型,yfinance,未分類,新興歐洲
B24083,2016-08-18,47.982479095458984,英鎊,霸菱東歐基金-A類英鎊配息型,yfinance,未分類,新興歐洲
B24083,2016-08-19,47.642757415771484,英鎊,霸菱東歐基金-A類英鎊配息型,yfinance,未分類,新興歐洲
B24083,2016-08-22,47.463951110839844,英鎊,霸菱東歐基金-A類英鎊配息型,yfinance,未分類,新興歐洲
B24083,2016-08-23,47.26726531982422,英鎊,霸菱東歐基金-A類英鎊配息型,yfinance,未分類,新興歐洲
B24083,2016-08-24,46.9185905456543,英鎊,霸菱東歐基金-A類英鎊配息型,yfinance,未分類,新興歐洲
B24083,2016-08-25,47.0974006652832,英鎊,霸菱東歐基金-A類英鎊配息型,yfinance,未分類,新興歐洲
B24083,2016-08-26,47.168922424316406,英鎊,霸菱東歐基金-A類英鎊配息型,yfinance,未分類,新興歐洲
B24083,2016-08-30,47.750038146972656,英鎊,霸菱東歐基金-A類英鎊配息型,yfinance,未分類,新興歐洲
B24083,2016-08-31,47.14209747314453,英鎊,霸菱東歐基金-A類英鎊配息型,yfinance,未分類,新興歐洲
B24083,2016-09-01,46.659324645996094,英鎊,霸菱東歐基金-A類英鎊配息型,yfinance,未分類,新興歐洲
B24083,2016-09-02,46.56991958618164,英鎊,霸菱東歐基金-A類英鎊配息型,yfinance,未分類,新興歐洲
B24083,2016-09-05,47.26726531982422,英鎊,霸菱東歐基金-A類英鎊配息型,yfinance,未分類,新興歐洲
B24083,2016-09-06,47.66958236694336,英鎊,霸菱東歐基金-A類英鎊配息型,yfinance,未分類,新興歐洲
B24083,2016-09-07,47.94672393798828,英鎊,霸菱東歐基金-A類英鎊配息型,yfinance,未分類,新興歐洲
B24083,2016-09-08,48.24175262451172,英鎊,霸菱東歐基金-A類英鎊配息型,yfinance,未分類,新興歐洲
B24083,2016-09-09,47.76791763305664,英鎊,霸菱東歐基金-A類英鎊配息型,yfinance,未分類,新興歐洲
B24083,2016-09-12,46.72190475463867,英鎊,霸菱東歐基金-A類英鎊配息型,yfinance,未分類,新興歐洲
B24083,2016-09-13,46.972232818603516,英鎊,霸菱東歐基金-A類英鎊配息型,yfinance,未分類,新興歐洲
B24083,2016-09-14,46.93647384643555,英鎊,霸菱東歐基金-A類英鎊配息型,yfinance,未分類,新興歐洲
B24083,2016-09-15,46.847068786621094,英鎊,霸菱東歐基金-A類英鎊配息型,yfinance,未分類,新興歐洲
B24083,2016-09-16,46.999053955078125,英鎊,霸菱東歐基金-A類英鎊配息型,yfinance,未分類,新興歐洲
B24083,2016-09-19,47.66063690185547,英鎊,霸菱東歐基金-A類英鎊配息型,yfinance,未分類,新興歐洲
B24083,2016-09-20,47.785797119140625,英鎊,霸菱東歐基金-A類英鎊配息型,yfinance,未分類,新興歐洲
B24083,2016-09-21,48.205989837646484,英鎊,霸菱東歐基金-A類英鎊配息型,yfinance,未分類,新興歐洲
B24083,2016-09-22,49.0106201171875,英鎊,霸菱東歐基金-A類英鎊配息型,yfinance,未分類,新興歐洲
B24083,2016-09-23,49.54703140258789,英鎊,霸菱東歐基金-A類英鎊配息型,yfinance,未分類,新興歐洲
B24083,2016-09-26,48.956974029541016,英鎊,霸菱東歐基金-A類英鎊配息型,yfinance,未分類,新興歐洲
B24083,2016-09-27,48.617244720458984,英鎊,霸菱東歐基金-A類英鎊配息型,yfinance,未分類,新興歐洲
B24083,2016-09-28,48.366920471191406,英鎊,霸菱東歐基金-A類英鎊配息型,yfinance,未分類,新興歐洲
B24083,2016-09-29,48.804996490478516,英鎊,霸菱東歐基金-A類英鎊配息型,yfinance,未分類,新興歐洲
B24083,2016-09-30,48.554664611816406,英鎊,霸菱東歐基金-A類英鎊配息型,yfinance,未分類,新興歐洲
B24083,2016-10-03,49.5380973815918,英鎊,霸菱東歐基金-A類英鎊配息型,yfinance,未分類,新興歐洲
B24083,2016-10-04,49.949344635009766,英鎊,霸菱東歐基金-A類英鎊配息型,yfinance,未分類,新興歐洲
B24083,2016-10-05,49.99404525756836,英鎊,霸菱東歐基金-A類英鎊配息型,yfinance,未分類,新興歐洲
B24083,2016-10-06,50.405303955078125,英鎊,霸菱東歐基金-A類英鎊配息型,yfinance,未分類,新興歐洲
B24083,2016-10-07,51.68376922607422,英鎊,霸菱東歐基金-A類英鎊配息型,yfinance,未分類,新興歐洲
B24083,2016-10-10,51.549659729003906,英鎊,霸菱東歐基金-A類英鎊配息型,yfinance,未分類,新興歐洲
B24083,2016-10-11,52.25593948364258,英鎊,霸菱東歐基金-A類英鎊配息型,yfinance,未分類,新興歐洲
B24083,2016-10-12,52.03242874145508,英鎊,霸菱東歐基金-A類英鎊配息型,yfinance,未分類,新興歐洲
B24083,2016-10-13,51.50495529174805,英鎊,霸菱東歐基金-A類英鎊配息型,yfinance,未分類,新興歐洲
B24083,2016-10-14,51.415550231933594,英鎊,霸菱東歐基金-A類英鎊配息型,yfinance,未分類,新興歐洲
B24083,2016-10-17,51.42449188232422,英鎊,霸菱東歐基金-A類英鎊配息型,yfinance,未分類,新興歐洲
B24083,2016-10-18,51.46025848388672,英鎊,霸菱東歐基金-A類英鎊配息型,yfinance,未分類,新興歐洲
B24083,2016-10-19,51.72846221923828,英鎊,霸菱東歐基金-A類英鎊配息型,yfinance,未分類,新興歐洲
B24083,2016-10-20,51.91621398925781,英鎊,霸菱東歐基金-A類英鎊配息型,yfinance,未分類,新興歐洲
B24083,2016-10-21,52.014556884765625,英鎊,霸菱東歐基金-A類英鎊配息型,yfinance,未分類,新興歐洲
B24083,2016-10-24,52.13077163696289,英鎊,霸菱東歐基金-A類英鎊配息型,yfinance,未分類,新興歐洲
B24083,2016-10-25,52.46156311035156,英鎊,霸菱東歐基金-A類英鎊配息型,yfinance,未分類,新興歐洲
B24083,2016-10-26,52.139713287353516,英鎊,霸菱東歐基金-A類英鎊配息型,yfinance,未分類,新興歐洲
B24083,2016-10-27,51.6748161315918,英鎊,霸菱東歐基金-A類英鎊配息型,yfinance,未分類,新興歐洲
B24083,2016-10-28,52.05925369262695,英鎊,霸菱東歐基金-A類英鎊配息型,yfinance,未分類,新興歐洲
B24083,2016-11-01,51.90726852416992,英鎊,霸菱東歐基金-A類英鎊配息型,yfinance,未分類,新興歐洲
B24083,2016-11-02,51.013240814208984,英鎊,霸菱東歐基金-A類英鎊配息型,yfinance,未分類,新興歐洲
B24083,2016-11-03,49.90464401245117,英鎊,霸菱東歐基金-A類英鎊配息型,yfinance,未分類,新興歐洲
B24083,2016-11-04,48.91227722167969,英鎊,霸菱東歐基金-A類英鎊配息型,yfinance,未分類,新興歐洲
B24083,2016-11-07,49.6453742980957,英鎊,霸菱東歐基金-A類英鎊配息型,yfinance,未分類,新興歐洲
B24083,2016-11-08,49.77947998046875,英鎊,霸菱東歐基金-A類英鎊配息型,yfinance,未分類,新興歐洲
B24083,2016-11-09,49.851009368896484,英鎊,霸菱東歐基金-A類英鎊配息型,yfinance,未分類,新興歐洲
B24083,2016-11-10,51.04899978637695,英鎊,霸菱東歐基金-A類英鎊配息型,yfinance,未分類,新興歐洲
B24083,2016-11-11,48.742408752441406,英鎊,霸菱東歐基金-A類英鎊配息型,yfinance,未分類,新興歐洲
B24083,2016-11-14,48.07189178466797,英鎊,霸菱東歐基金-A類英鎊配息型,yfinance,未分類,新興歐洲
B24083,2016-11-15,49.00168228149414,英鎊,霸菱東歐基金-A類英鎊配息型,yfinance,未分類,新興歐洲
B24083,2016-11-16,48.974853515625,英鎊,霸菱東歐基金-A類英鎊配息型,yfinance,未分類,新興歐洲
B24083,2016-11-17,49.42186737060547,英鎊,霸菱東歐基金-A類英鎊配息型,yfinance,未分類,新興歐洲
B24083,2016-11-18,49.43974685668945,英鎊,霸菱東歐基金-A類英鎊配息型,yfinance,未分類,新興歐洲
B24083,2016-11-21,50.29801559448242,英鎊,霸菱東歐基金-A類英鎊配息型,yfinance,未分類,新興歐洲
B24083,2016-11-22,50.53046798706055,英鎊,霸菱東歐基金-A類英鎊配息型,yfinance,未分類,新興歐洲
B24083,2016-11-23,50.63774871826172,英鎊,霸菱東歐基金-A類英鎊配息型,yfinance,未分類,新興歐洲
B24083,2016-11-24,50.63774871826172,英鎊,霸菱東歐基金-A類英鎊配息型,yfinance,未分類,新興歐洲
B24083,2016-11-25,50.387420654296875,英鎊,霸菱東歐基金-A類英鎊配息型,yfinance,未分類,新興歐洲
B24083,2016-11-28,50.30695724487305,英鎊,霸菱東歐基金-A類英鎊配息型,yfinance,未分類,新興歐洲
B24083,2016-11-29,49.824180603027344,英鎊,霸菱東歐基金-A類英鎊配息型,yfinance,未分類,新興歐洲
B24083,2016-11-30,50.49470138549805,英鎊,霸菱東歐基金-A類英鎊配息型,yfinance,未分類,新興歐洲
B24083,2016-12-01,50.065574645996094,英鎊,霸菱東歐基金-A類英鎊配息型,yfinance,未分類,新興歐洲
B24083,2016-12-02,49.71690368652344,英鎊,霸菱東歐基金-A類英鎊配息型,yfinance,未分類,新興歐洲
B24083,2016-12-05,50.172855377197266,英鎊,霸菱東歐基金-A類英鎊配息型,yfinance,未分類,新興歐洲
B24083,2016-12-06,50.51258850097656,英鎊,霸菱東歐基金-A類英鎊配息型,yfinance,未分類,新興歐洲
B24083,2016-12-07,51.38873291015625,英鎊,霸菱東歐基金-A類英鎊配息型,yfinance,未分類,新興歐洲
B24083,2016-12-08,51.80892562866211,英鎊,霸菱東歐基金-A類英鎊配息型,yfinance,未分類,新興歐洲
B24083,2016-12-09,52.05925369262695,英鎊,霸菱東歐基金-A類英鎊配息型,yfinance,未分類,新興歐洲
B24083,2016-12-12,52.65825271606445,英鎊,霸菱東歐基金-A類英鎊配息型,yfinance,未分類,新興歐洲
B24083,2016-12-13,52.953277587890625,英鎊,霸菱東歐基金-A類英鎊配息型,yfinance,未分類,新興歐洲
B24083,2016-12-14,53.26618957519531,英鎊,霸菱東歐基金-A類英鎊配息型,yfinance,未分類,新興歐洲
B24083,2016-12-15,53.06950378417969,英鎊,霸菱東歐基金-A類英鎊配息型,yfinance,未分類,新興歐洲
B24083,2016-12-16,53.84730911254883,英鎊,霸菱東歐基金-A類英鎊配息型,yfinance,未分類,新興歐洲
B24083,2016-12-19,53.74002456665039,英鎊,霸菱東歐基金-A類英鎊配息型,yfinance,未分類,新興歐洲
B24083,2016-12-20,54.160221099853516,英鎊,霸菱東歐基金-A類英鎊配息型,yfinance,未分類,新興歐洲
B24083,2016-12-21,54.36585235595703,英鎊,霸菱東歐基金-A類英鎊配息型,yfinance,未分類,新興歐洲
B24083,2016-12-22,54.11552047729492,英鎊,霸菱東歐基金-A類英鎊配息型,yfinance,未分類,新興歐洲
B24083,2016-12-23,54.08869934082031,英鎊,霸菱東歐基金-A類英鎊配息型,yfinance,未分類,新興歐洲
B24083,2016-12-29,54.67875289916992,英鎊,霸菱東歐基金-A類英鎊配息型,yfinance,未分類,新興歐洲
B24083,2016-12-30,54.91120147705078,英鎊,霸菱東歐基金-A類英鎊配息型,yfinance,未分類,新興歐洲
B3oH3Kf,2016-01-04,6.693408012390137,英鎊,景順英國動力基金A-年配息股 英鎊,yfinance,未分類,英國
B3oH3Kf,2016-01-05,6.719151020050049,英鎊,景順英國動力基金A-年配息股 英鎊,yfinance,未分類,英國
B3oH3Kf,2016-01-06,6.659082412719727,英鎊,景順英國動力基金A-年配息股 英鎊,yfinance,未分類,英國
B3oH3Kf,2016-01-07,6.478876113891602,英鎊,景順英國動力基金A-年配息股 英鎊,yfinance,未分類,英國
B3oH3Kf,2016-01-08,6.5561065673828125,英鎊,景順英國動力基金A-年配息股 英鎊,yfinance,未分類,英國
B3oH3Kf,2016-01-11,6.487456321716309,英鎊,景順英國動力基金A-年配息股 英鎊,yfinance,未分類,英國
B3oH3Kf,2016-01-12,6.5475263595581055,英鎊,景順英國動力基金A-年配息股 英鎊,yfinance,未分類,英國
B3oH3Kf,2016-01-13,6.49603796005249,英鎊,景順英國動力基金A-年配息股 英鎊,yfinance,未分類,英國
B3oH3Kf,2016-01-14,6.307250022888184,英鎊,景順英國動力基金A-年配息股 英鎊,yfinance,未分類,英國
B3oH3Kf,2016-01-15,6.29866886138916,英鎊,景順英國動力基金A-年配息股 英鎊,yfinance,未分類,英國
B3oH3Kf,2016-01-18,6.247180938720703,英鎊,景順英國動力基金A-年配息股 英鎊,yfinance,未分類,英國
B3oH3Kf,2016-01-19,6.350156307220459,英鎊,景順英國動力基金A-年配息股 英鎊,yfinance,未分類,英國
B3oH3Kf,2016-01-20,6.092717170715332,英鎊,景順英國動力基金A-年配息股 英鎊,yfinance,未分類,英國
B3oH3Kf,2016-01-21,6.084136009216309,英鎊,景順英國動力基金A-年配息股 英鎊,yfinance,未分類,英國
B3oH3Kf,2016-01-22,6.332993507385254,英鎊,景順英國動力基金A-年配息股 英鎊,yfinance,未分類,英國
B3oH3Kf,2016-01-25,6.2900872230529785,英鎊,景順英國動力基金A-年配息股 英鎊,yfinance,未分類,英國
B3oH3Kf,2016-01-26,6.238598823547363,英鎊,景順英國動力基金A-年配息股 英鎊,yfinance,未分類,英國
B3oH3Kf,2016-01-27,6.255761623382568,英鎊,景順英國動力基金A-年配息股 英鎊,yfinance,未分類,英國
B3oH3Kf,2016-01-28,6.3244123458862305,英鎊,景順英國動力基金A-年配息股 英鎊,yfinance,未分類,英國
B3oH3Kf,2016-01-29,6.384480953216553,英鎊,景順英國動力基金A-年配息股 英鎊,yfinance,未分類,英國
B3oH3Kf,2016-02-01,6.332993507385254,英鎊,景順英國動力基金A-年配息股 英鎊,yfinance,未分類,英國
B3oH3Kf,2016-02-02,6.230018138885498,英鎊,景順英國動力基金A-年配息股 英鎊,yfinance,未分類,英國
B3oH3Kf,2016-02-03,6.144205570220947,英鎊,景順英國動力基金A-年配息股 英鎊,yfinance,未分類,英國
B3oH3Kf,2016-02-04,6.169949054718018,英鎊,景順英國動力基金A-年配息股 英鎊,yfinance,未分類,英國
B3oH3Kf,2016-02-05,6.264343738555908,英鎊,景順英國動力基金A-年配息股 英鎊,yfinance,未分類,英國
B3oH3Kf,2016-02-08,6.092717170715332,英鎊,景順英國動力基金A-年配息股 英鎊,yfinance,未分類,英國
B3oH3Kf,2016-02-09,5.946835517883301,英鎊,景順英國動力基金A-年配息股 英鎊,yfinance,未分類,英國
B3oH3Kf,2016-02-10,5.9639973640441895,英鎊,景順英國動力基金A-年配息股 英鎊,yfinance,未分類,英國
B3oH3Kf,2016-02-11,5.766628265380859,英鎊,景順英國動力基金A-年配息股 英鎊,yfinance,未分類,英國
B3oH3Kf,2016-02-12,5.8867669105529785,英鎊,景順英國動力基金A-年配息股 英鎊,yfinance,未分類,英國
B3oH3Kf,2016-02-15,6.058392524719238,英鎊,景順英國動力基金A-年配息股 英鎊,yfinance,未分類,英國
B3oH3Kf,2016-02-16,6.075554847717285,英鎊,景順英國動力基金A-年配息股 英鎊,yfinance,未分類,英國
B3oH3Kf,2016-02-17,6.187111854553223,英鎊,景順英國動力基金A-年配息股 英鎊,yfinance,未分類,英國
B3oH3Kf,2016-02-18,6.315830707550049,英鎊,景順英國動力基金A-年配息股 英鎊,yfinance,未分類,英國
B3oH3Kf,2016-02-19,6.2042741775512695,英鎊,景順英國動力基金A-年配息股 英鎊,yfinance,未分類,英國
B3oH3Kf,2016-02-22,6.3244123458862305,英鎊,景順英國動力基金A-年配息股 英鎊,yfinance,未分類,英國
B3oH3Kf,2016-02-23,6.315830707550049,英鎊,景順英國動力基金A-年配息股 英鎊,yfinance,未分類,英國
B3oH3Kf,2016-02-24,6.2042741775512695,英鎊,景順英國動力基金A-年配息股 英鎊,yfinance,未分類,英國
B3oH3Kf,2016-02-25,6.350156307220459,英鎊,景順英國動力基金A-年配息股 英鎊,yfinance,未分類,英國
B3oH3Kf,2016-02-26,6.401644229888916,英鎊,景順英國動力基金A-年配息股 英鎊,yfinance,未分類,英國
B3oH3Kf,2016-02-29,6.444550514221191,英鎊,景順英國動力基金A-年配息股 英鎊,yfinance,未分類,英國
B3oH3Kf,2016-03-01,6.49603796005249,英鎊,景順英國動力基金A-年配息股 英鎊,yfinance,未分類,英國
B3oH3Kf,2016-03-02,6.5303635597229,英鎊,景順英國動力基金A-年配息股 英鎊,yfinance,未分類,英國
B3oH3Kf,2016-03-03,6.633338451385498,英鎊,景順英國動力基金A-年配息股 英鎊,yfinance,未分類,英國
B3oH3Kf,2016-03-04,6.719151020050049,英鎊,景順英國動力基金A-年配息股 英鎊,yfinance,未分類,英國
B3oH3Kf,2016-03-07,6.624757289886475,英鎊,景順英國動力基金A-年配息股 英鎊,yfinance,未分類,英國
B3oH3Kf,2016-03-08,6.624757289886475,英鎊,景順英國動力基金A-年配息股 英鎊,yfinance,未分類,英國
B3oH3Kf,2016-03-09,6.581851482391357,英鎊,景順英國動力基金A-年配息股 英鎊,yfinance,未分類,英國
B3oH3Kf,2016-03-10,6.5561065673828125,英鎊,景順英國動力基金A-年配息股 英鎊,yfinance,未分類,英國
B3oH3Kf,2016-03-11,6.5475263595581055,英鎊,景順英國動力基金A-年配息股 英鎊,yfinance,未分類,英國
B3oH3Kf,2016-03-14,6.616176128387451,英鎊,景順英國動力基金A-年配息股 英鎊,yfinance,未分類,英國
B3oH3Kf,2016-03-15,6.5475263595581055,英鎊,景順英國動力基金A-年配息股 英鎊,yfinance,未分類,英國
B3oH3Kf,2016-03-16,6.5561065673828125,英鎊,景順英國動力基金A-年配息股 英鎊,yfinance,未分類,英國
B3oH3Kf,2016-03-18,6.684826850891113,英鎊,景順英國動力基金A-年配息股 英鎊,yfinance,未分類,英國
B3oH3Kf,2016-03-21,6.633338451385498,英鎊,景順英國動力基金A-年配息股 英鎊,yfinance,未分類,英國
B3oH3Kf,2016-03-22,6.5561065673828125,英鎊,景順英國動力基金A-年配息股 英鎊,yfinance,未分類,英國
B3oH3Kf,2016-03-23,6.633338451385498,英鎊,景順英國動力基金A-年配息股 英鎊,yfinance,未分類,英國
B3oH3Kf,2016-03-24,6.487456321716309,英鎊,景順英國動力基金A-年配息股 英鎊,yfinance,未分類,英國
B3oH3Kf,2016-03-29,6.470293998718262,英鎊,景順英國動力基金A-年配息股 英鎊,yfinance,未分類,英國
B3oH3Kf,2016-03-30,6.590432643890381,英鎊,景順英國動力基金A-年配息股 英鎊,yfinance,未分類,英國
B3oH3Kf,2016-03-31,6.5475263595581055,英鎊,景順英國動力基金A-年配息股 英鎊,yfinance,未分類,英國
B3oH3Kf,2016-04-01,6.478876113891602,英鎊,景順英國動力基金A-年配息股 英鎊,yfinance,未分類,英國
B3oH3Kf,2016-04-04,6.5303635597229,英鎊,景順英國動力基金A-年配息股 英鎊,yfinance,未分類,英國
B3oH3Kf,2016-04-05,6.384480953216553,英鎊,景順英國動力基金A-年配息股 英鎊,yfinance,未分類,英國
B3oH3Kf,2016-04-06,6.393062591552734,英鎊,景順英國動力基金A-年配息股 英鎊,yfinance,未分類,英國
B3oH3Kf,2016-04-07,6.401644229888916,英鎊,景順英國動力基金A-年配息股 英鎊,yfinance,未分類,英國
B3oH3Kf,2016-04-08,6.453132152557373,英鎊,景順英國動力基金A-年配息股 英鎊,yfinance,未分類,英國
B3oH3Kf,2016-04-11,6.49603796005249,英鎊,景順英國動力基金A-年配息股 英鎊,yfinance,未分類,英國
B3oH3Kf,2016-04-12,6.5303635597229,英鎊,景順英國動力基金A-年配息股 英鎊,yfinance,未分類,英國
B3oH3Kf,2016-04-13,6.66766357421875,英鎊,景順英國動力基金A-年配息股 英鎊,yfinance,未分類,英國
B3oH3Kf,2016-04-14,6.701988697052002,英鎊,景順英國動力基金A-年配息股 英鎊,yfinance,未分類,英國
B3oH3Kf,2016-04-15,6.684826850891113,英鎊,景順英國動力基金A-年配息股 英鎊,yfinance,未分類,英國
B3oH3Kf,2016-04-18,6.659082412719727,英鎊,景順英國動力基金A-年配息股 英鎊,yfinance,未分類,英國
B3oH3Kf,2016-04-19,6.719151020050049,英鎊,景順英國動力基金A-年配息股 英鎊,yfinance,未分類,英國
B3oH3Kf,2016-04-20,6.753476619720459,英鎊,景順英國動力基金A-年配息股 英鎊,yfinance,未分類,英國
B3oH3Kf,2016-04-21,6.796383380889893,英鎊,景順英國動力基金A-年配息股 英鎊,yfinance,未分類,英國
B3oH3Kf,2016-04-22,6.736314296722412,英鎊,景順英國動力基金A-年配息股 英鎊,yfinance,未分類,英國
B3oH3Kf,2016-04-25,6.684826850891113,英鎊,景順英國動力基金A-年配息股 英鎊,yfinance,未分類,英國
B3oH3Kf,2016-04-26,6.701988697052002,英鎊,景順英國動力基金A-年配息股 英鎊,yfinance,未分類,英國
B3oH3Kf,2016-04-27,6.701988697052002,英鎊,景順英國動力基金A-年配息股 英鎊,yfinance,未分類,英國
B3oH3Kf,2016-04-28,6.701988697052002,英鎊,景順英國動力基金A-年配息股 英鎊,yfinance,未分類,英國
B3oH3Kf,2016-04-29,6.710569858551025,英鎊,景順英國動力基金A-年配息股 英鎊,yfinance,未分類,英國
B3oH3Kf,2016-05-03,6.590432643890381,英鎊,景順英國動力基金A-年配息股 英鎊,yfinance,未分類,英國
B3oH3Kf,2016-05-04,6.521782398223877,英鎊,景順英國動力基金A-年配息股 英鎊,yfinance,未分類,英國
B3oH3Kf,2016-05-05,6.5303635597229,英鎊,景順英國動力基金A-年配息股 英鎊,yfinance,未分類,英國
B3oH3Kf,2016-05-06,6.4617133140563965,英鎊,景順英國動力基金A-年配息股 英鎊,yfinance,未分類,英國
B3oH3Kf,2016-05-09,6.5303635597229,英鎊,景順英國動力基金A-年配息股 英鎊,yfinance,未分類,英國
B3oH3Kf,2016-05-10,6.504619598388672,英鎊,景順英國動力基金A-年配息股 英鎊,yfinance,未分類,英國
B3oH3Kf,2016-05-11,6.49603796005249,英鎊,景順英國動力基金A-年配息股 英鎊,yfinance,未分類,英國
B3oH3Kf,2016-05-12,6.5561065673828125,英鎊,景順英國動力基金A-年配息股 英鎊,yfinance,未分類,英國
B3oH3Kf,2016-05-13,6.4188055992126465,英鎊,景順英國動力基金A-年配息股 英鎊,yfinance,未分類,英國
B3oH3Kf,2016-05-16,6.453132152557373,英鎊,景順英國動力基金A-年配息股 英鎊,yfinance,未分類,英國
B3oH3Kf,2016-05-17,6.521782398223877,英鎊,景順英國動力基金A-年配息股 英鎊,yfinance,未分類,英國
B3oH3Kf,2016-05-18,6.49603796005249,英鎊,景順英國動力基金A-年配息股 英鎊,yfinance,未分類,英國
B3oH3Kf,2016-05-19,6.478876113891602,英鎊,景順英國動力基金A-年配息股 英鎊,yfinance,未分類,英國
B3oH3Kf,2016-05-20,6.49603796005249,英鎊,景順英國動力基金A-年配息股 英鎊,yfinance,未分類,英國
B3oH3Kf,2016-05-23,6.513200283050537,英鎊,景順英國動力基金A-年配息股 英鎊,yfinance,未分類,英國
B3oH3Kf,2016-05-24,6.564687728881836,英鎊,景順英國動力基金A-年配息股 英鎊,yfinance,未分類,英國
B3oH3Kf,2016-05-25,6.6419196128845215,英鎊,景順英國動力基金A-年配息股 英鎊,yfinance,未分類,英國
B3oH3Kf,2016-05-26,6.67624568939209,英鎊,景順英國動力基金A-年配息股 英鎊,yfinance,未分類,英國
B3oH3Kf,2016-05-27,6.659082412719727,英鎊,景順英國動力基金A-年配息股 英鎊,yfinance,未分類,英國
B3oH3Kf,2016-05-31,6.650501728057861,英鎊,景順英國動力基金A-年配息股 英鎊,yfinance,未分類,英國
B3oH3Kf,2016-06-01,6.5475263595581055,英鎊,景順英國動力基金A-年配息股 英鎊,yfinance,未分類,英國
B3oH3Kf,2016-06-02,6.590432643890381,英鎊,景順英國動力基金A-年配息股 英鎊,yfinance,未分類,英國
B3oH3Kf,2016-06-03,6.616176128387451,英鎊,景順英國動力基金A-年配息股 英鎊,yfinance,未分類,英國
B3oH3Kf,2016-06-07,6.67624568939209,英鎊,景順英國動力基金A-年配息股 英鎊,yfinance,未分類,英國
B3oH3Kf,2016-06-08,6.650501728057861,英鎊,景順英國動力基金A-年配息股 英鎊,yfinance,未分類,英國
B3oH3Kf,2016-06-09,6.633338451385498,英鎊,景順英國動力基金A-年配息股 英鎊,yfinance,未分類,英國
B3oH3Kf,2016-06-10,6.487456321716309,英鎊,景順英國動力基金A-年配息股 英鎊,yfinance,未分類,英國
B3oH3Kf,2016-06-13,6.393062591552734,英鎊,景順英國動力基金A-年配息股 英鎊,yfinance,未分類,英國
B3oH3Kf,2016-06-14,6.272923469543457,英鎊,景順英國動力基金A-年配息股 英鎊,yfinance,未分類,英國
B3oH3Kf,2016-06-15,6.281506061553955,英鎊,景順英國動力基金A-年配息股 英鎊,yfinance,未分類,英國
B3oH3Kf,2016-06-16,6.230018138885498,英鎊,景順英國動力基金A-年配息股 英鎊,yfinance,未分類,英國
B3oH3Kf,2016-06-17,6.332993507385254,英鎊,景順英國動力基金A-年配息股 英鎊,yfinance,未分類,英國
B3oH3Kf,2016-06-20,6.5561065673828125,英鎊,景順英國動力基金A-年配息股 英鎊,yfinance,未分類,英國
B3oH3Kf,2016-06-21,6.573269367218018,英鎊,景順英國動力基金A-年配息股 英鎊,yfinance,未分類,英國
B3oH3Kf,2016-06-22,6.616176128387451,英鎊,景順英國動力基金A-年配息股 英鎊,yfinance,未分類,英國
B3oH3Kf,2016-06-23,6.7448954582214355,英鎊,景順英國動力基金A-年配息股 英鎊,yfinance,未分類,英國
B3oH3Kf,2016-06-24,6.195692539215088,英鎊,景順英國動力基金A-年配息股 英鎊,yfinance,未分類,英國
B3oH3Kf,2016-06-27,5.981160640716553,英鎊,景順英國動力基金A-年配息股 英鎊,yfinance,未分類,英國
B3oH3Kf,2016-06-28,6.0669732093811035,英鎊,景順英國動力基金A-年配息股 英鎊,yfinance,未分類,英國
B3oH3Kf,2016-06-29,6.230018138885498,英鎊,景順英國動力基金A-年配息股 英鎊,yfinance,未分類,英國
B3oH3Kf,2016-06-30,6.332993507385254,英鎊,景順英國動力基金A-年配息股 英鎊,yfinance,未分類,英國
B3oH3Kf,2016-07-01,6.453132152557373,英鎊,景順英國動力基金A-年配息股 英鎊,yfinance,未分類,英國
B3oH3Kf,2016-07-04,6.4617133140563965,英鎊,景順英國動力基金A-年配息股 英鎊,yfinance,未分類,英國
B3oH3Kf,2016-07-05,6.410225868225098,英鎊,景順英國動力基金A-年配息股 英鎊,yfinance,未分類,英國
B3oH3Kf,2016-07-06,6.238598823547363,英鎊,景順英國動力基金A-年配息股 英鎊,yfinance,未分類,英國
B3oH3Kf,2016-07-07,6.332993507385254,英鎊,景順英國動力基金A-年配息股 英鎊,yfinance,未分類,英國
B3oH3Kf,2016-07-08,6.384480953216553,英鎊,景順英國動力基金A-年配息股 英鎊,yfinance,未分類,英國
B3oH3Kf,2016-07-11,6.49603796005249,英鎊,景順英國動力基金A-年配息股 英鎊,yfinance,未分類,英國
B3oH3Kf,2016-07-12,6.6419196128845215,英鎊,景順英國動力基金A-年配息股 英鎊,yfinance,未分類,英國
B3oH3Kf,2016-07-13,6.684826850891113,英鎊,景順英國動力基金A-年配息股 英鎊,yfinance,未分類,英國
B3oH3Kf,2016-07-14,6.693408012390137,英鎊,景順英國動力基金A-年配息股 英鎊,yfinance,未分類,英國
B3oH3Kf,2016-07-15,6.616176128387451,英鎊,景順英國動力基金A-年配息股 英鎊,yfinance,未分類,英國
B3oH3Kf,2016-07-18,6.66766357421875,英鎊,景順英國動力基金A-年配息股 英鎊,yfinance,未分類,英國
B3oH3Kf,2016-07-19,6.6419196128845215,英鎊,景順英國動力基金A-年配息股 英鎊,yfinance,未分類,英國
B3oH3Kf,2016-07-20,6.693408012390137,英鎊,景順英國動力基金A-年配息股 英鎊,yfinance,未分類,英國
B3oH3Kf,2016-07-21,6.67624568939209,英鎊,景順英國動力基金A-年配息股 英鎊,yfinance,未分類,英國
B3oH3Kf,2016-07-22,6.67624568939209,英鎊,景順英國動力基金A-年配息股 英鎊,yfinance,未分類,英國
B3oH3Kf,2016-07-25,6.67624568939209,英鎊,景順英國動力基金A-年配息股 英鎊,yfinance,未分類,英國
B3oH3Kf,2016-07-26,6.659082412719727,英鎊,景順英國動力基金A-年配息股 英鎊,yfinance,未分類,英國
B3oH3Kf,2016-07-27,6.727733135223389,英鎊,景順英國動力基金A-年配息股 英鎊,yfinance,未分類,英國
B3oH3Kf,2016-07-28,6.710569858551025,英鎊,景順英國動力基金A-年配息股 英鎊,yfinance,未分類,英國
B3oH3Kf,2016-07-29,6.719151020050049,英鎊,景順英國動力基金A-年配息股 英鎊,yfinance,未分類,英國
B3oH3Kf,2016-08-02,6.633338451385498,英鎊,景順英國動力基金A-年配息股 英鎊,yfinance,未分類,英國
B3oH3Kf,2016-08-03,6.607594966888428,英鎊,景順英國動力基金A-年配息股 英鎊,yfinance,未分類,英國
B3oH3Kf,2016-08-04,6.66766357421875,英鎊,景順英國動力基金A-年配息股 英鎊,yfinance,未分類,英國
B3oH3Kf,2016-08-05,6.753476619720459,英鎊,景順英國動力基金A-年配息股 英鎊,yfinance,未分類,英國
B3oH3Kf,2016-08-08,6.8135457038879395,英鎊,景順英國動力基金A-年配息股 英鎊,yfinance,未分類,英國
B3oH3Kf,2016-08-09,6.822126865386963,英鎊,景順英國動力基金A-年配息股 英鎊,yfinance,未分類,英國
B3oH3Kf,2016-08-10,6.822126865386963,英鎊,景順英國動力基金A-年配息股 英鎊,yfinance,未分類,英國
B3oH3Kf,2016-08-11,6.86503267288208,英鎊,景順英國動力基金A-年配息股 英鎊,yfinance,未分類,英國
B3oH3Kf,2016-08-12,6.959427833557129,英鎊,景順英國動力基金A-年配息股 英鎊,yfinance,未分類,英國
B3oH3Kf,2016-08-15,6.959427833557129,英鎊,景順英國動力基金A-年配息股 英鎊,yfinance,未分類,英國
B3oH3Kf,2016-08-16,6.950847148895264,英鎊,景順英國動力基金A-年配息股 英鎊,yfinance,未分類,英國
B3oH3Kf,2016-08-17,6.907940864562988,英鎊,景順英國動力基金A-年配息股 英鎊,yfinance,未分類,英國
B3oH3Kf,2016-08-18,6.890777111053467,英鎊,景順英國動力基金A-年配息股 英鎊,yfinance,未分類,英國
B3oH3Kf,2016-08-19,6.899359226226807,英鎊,景順英國動力基金A-年配息股 英鎊,yfinance,未分類,英國
B3oH3Kf,2016-08-22,6.882196426391602,英鎊,景順英國動力基金A-年配息股 英鎊,yfinance,未分類,英國
B3oH3Kf,2016-08-23,6.933682918548584,英鎊,景順英國動力基金A-年配息股 英鎊,yfinance,未分類,英國
B3oH3Kf,2016-08-24,6.976590156555176,英鎊,景順英國動力基金A-年配息股 英鎊,yfinance,未分類,英國
B3oH3Kf,2016-08-25,6.916522026062012,英鎊,景順英國動力基金A-年配息股 英鎊,yfinance,未分類,英國
B3oH3Kf,2016-08-26,6.925102233886719,英鎊,景順英國動力基金A-年配息股 英鎊,yfinance,未分類,英國
B3oH3Kf,2016-08-30,6.933682918548584,英鎊,景順英國動力基金A-年配息股 英鎊,yfinance,未分類,英國
B3oH3Kf,2016-08-31,6.942265510559082,英鎊,景順英國動力基金A-年配息股 英鎊,yfinance,未分類,英國
B3oH3Kf,2016-09-01,6.950847148895264,英鎊,景順英國動力基金A-年配息股 英鎊,yfinance,未分類,英國
B3oH3Kf,2016-09-02,6.950847148895264,英鎊,景順英國動力基金A-年配息股 英鎊,yfinance,未分類,英國
B3oH3Kf,2016-09-05,7.019496917724609,英鎊,景順英國動力基金A-年配息股 英鎊,yfinance,未分類,英國
B3oH3Kf,2016-09-06,7.0023345947265625,英鎊,景順英國動力基金A-年配息股 英鎊,yfinance,未分類,英國
B3oH3Kf,2016-09-07,6.985172271728516,英鎊,景順英國動力基金A-年配息股 英鎊,yfinance,未分類,英國
B3oH3Kf,2016-09-08,7.062404155731201,英鎊,景順英國動力基金A-年配息股 英鎊,yfinance,未分類,英國
B3oH3Kf,2016-09-09,7.096728801727295,英鎊,景順英國動力基金A-年配息股 英鎊,yfinance,未分類,英國
B3oH3Kf,2016-09-12,6.899359226226807,英鎊,景順英國動力基金A-年配息股 英鎊,yfinance,未分類,英國
B3oH3Kf,2016-09-13,6.950847148895264,英鎊,景順英國動力基金A-年配息股 英鎊,yfinance,未分類,英國
B3oH3Kf,2016-09-14,6.907940864562988,英鎊,景順英國動力基金A-年配息股 英鎊,yfinance,未分類,英國
B3oH3Kf,2016-09-15,6.873615264892578,英鎊,景順英國動力基金A-年配息股 英鎊,yfinance,未分類,英國
B3oH3Kf,2016-09-16,6.882196426391602,英鎊,景順英國動力基金A-年配息股 英鎊,yfinance,未分類,英國
B3oH3Kf,2016-09-19,6.959427833557129,英鎊,景順英國動力基金A-年配息股 英鎊,yfinance,未分類,英國
B3oH3Kf,2016-09-20,6.985172271728516,英鎊,景順英國動力基金A-年配息股 英鎊,yfinance,未分類,英國
B3oH3Kf,2016-09-21,7.0023345947265625,英鎊,景順英國動力基金A-年配息股 英鎊,yfinance,未分類,英國
B3oH3Kf,2016-09-22,7.062404155731201,英鎊,景順英國動力基金A-年配息股 英鎊,yfinance,未分類,英國
B3oH3Kf,2016-09-23,7.019496917724609,英鎊,景順英國動力基金A-年配息股 英鎊,yfinance,未分類,英國
B3oH3Kf,2016-09-26,6.942265510559082,英鎊,景順英國動力基金A-年配息股 英鎊,yfinance,未分類,英國
B3oH3Kf,2016-09-27,6.882196426391602,英鎊,景順英國動力基金A-年配息股 英鎊,yfinance,未分類,英國
B3oH3Kf,2016-09-28,6.950847148895264,英鎊,景順英國動力基金A-年配息股 英鎊,yfinance,未分類,英國
B3oH3Kf,2016-09-29,7.028078079223633,英鎊,景順英國動力基金A-年配息股 英鎊,yfinance,未分類,英國
B3oH3Kf,2016-09-30,6.959427833557129,英鎊,景順英國動力基金A-年配息股 英鎊,yfinance,未分類,英國
B3oH3Kf,2016-10-03,7.062404155731201,英鎊,景順英國動力基金A-年配息股 英鎊,yfinance,未分類,英國
B3oH3Kf,2016-10-04,7.182542324066162,英鎊,景順英國動力基金A-年配息股 英鎊,yfinance,未分類,英國
B3oH3Kf,2016-10-05,7.122472286224365,英鎊,景順英國動力基金A-年配息股 英鎊,yfinance,未分類,英國
B3oH3Kf,2016-10-06,7.148216247558594,英鎊,景順英國動力基金A-年配息股 英鎊,yfinance,未分類,英國
B3oH3Kf,2016-10-07,7.131053447723389,英鎊,景順英國動力基金A-年配息股 英鎊,yfinance,未分類,英國
B3oH3Kf,2016-10-10,7.113892078399658,英鎊,景順英國動力基金A-年配息股 英鎊,yfinance,未分類,英國
B3oH3Kf,2016-10-11,7.173959732055664,英鎊,景順英國動力基金A-年配息股 英鎊,yfinance,未分類,英國
B3oH3Kf,2016-10-12,7.165379047393799,英鎊,景順英國動力基金A-年配息股 英鎊,yfinance,未分類,英國
B3oH3Kf,2016-10-13,7.096728801727295,英鎊,景順英國動力基金A-年配息股 英鎊,yfinance,未分類,英國
B3oH3Kf,2016-10-14,7.148216247558594,英鎊,景順英國動力基金A-年配息股 英鎊,yfinance,未分類,英國
B3oH3Kf,2016-10-17,7.105309009552002,英鎊,景順英國動力基金A-年配息股 英鎊,yfinance,未分類,英國
B3oH3Kf,2016-10-18,7.156797409057617,英鎊,景順英國動力基金A-年配息股 英鎊,yfinance,未分類,英國
B3oH3Kf,2016-10-19,7.156797409057617,英鎊,景順英國動力基金A-年配息股 英鎊,yfinance,未分類,英國
B3oH3Kf,2016-10-20,7.216866493225098,英鎊,景順英國動力基金A-年配息股 英鎊,yfinance,未分類,英國
B3oH3Kf,2016-10-21,7.242609977722168,英鎊,景順英國動力基金A-年配息股 英鎊,yfinance,未分類,英國
B3oH3Kf,2016-10-24,7.259773254394531,英鎊,景順英國動力基金A-年配息股 英鎊,yfinance,未分類,英國
B3oH3Kf,2016-10-25,7.216866493225098,英鎊,景順英國動力基金A-年配息股 英鎊,yfinance,未分類,英國
B3oH3Kf,2016-10-26,7.182542324066162,英鎊,景順英國動力基金A-年配息股 英鎊,yfinance,未分類,英國
B3oH3Kf,2016-10-27,7.191122531890869,英鎊,景順英國動力基金A-年配息股 英鎊,yfinance,未分類,英國
B3oH3Kf,2016-10-28,7.242609977722168,英鎊,景順英國動力基金A-年配息股 英鎊,yfinance,未分類,英國
B3oH3Kf,2016-11-01,7.208285808563232,英鎊,景順英國動力基金A-年配息股 英鎊,yfinance,未分類,英國
B3oH3Kf,2016-11-02,7.131053447723389,英鎊,景順英國動力基金A-年配息股 英鎊,yfinance,未分類,英國
B3oH3Kf,2016-11-03,7.173959732055664,英鎊,景順英國動力基金A-年配息股 英鎊,yfinance,未分類,英國
B3oH3Kf,2016-11-04,7.010915756225586,英鎊,景順英國動力基金A-年配息股 英鎊,yfinance,未分類,英國
B3oH3Kf,2016-11-07,7.088147163391113,英鎊,景順英國動力基金A-年配息股 英鎊,yfinance,未分類,英國
B3oH3Kf,2016-11-08,7.113892078399658,英鎊,景順英國動力基金A-年配息股 英鎊,yfinance,未分類,英國
B3oH3Kf,2016-11-09,7.096728801727295,英鎊,景順英國動力基金A-年配息股 英鎊,yfinance,未分類,英國
B3oH3Kf,2016-11-10,7.414236545562744,英鎊,景順英國動力基金A-年配息股 英鎊,yfinance,未分類,英國
B3oH3Kf,2016-11-11,7.27693510055542,英鎊,景順英國動力基金A-年配息股 英鎊,yfinance,未分類,英國
B3oH3Kf,2016-11-14,7.2940993309021,英鎊,景順英國動力基金A-年配息股 英鎊,yfinance,未分類,英國
B3oH3Kf,2016-11-15,7.328423023223877,英鎊,景順英國動力基金A-年配息股 英鎊,yfinance,未分類,英國
B3oH3Kf,2016-11-16,7.2940993309021,英鎊,景順英國動力基金A-年配息股 英鎊,yfinance,未分類,英國
B3oH3Kf,2016-11-17,7.27693510055542,英鎊,景順英國動力基金A-年配息股 英鎊,yfinance,未分類,英國
B3oH3Kf,2016-11-18,7.27693510055542,英鎊,景順英國動力基金A-年配息股 英鎊,yfinance,未分類,英國
B3oH3Kf,2016-11-21,7.268354892730713,英鎊,景順英國動力基金A-年配息股 英鎊,yfinance,未分類,英國
B3oH3Kf,2016-11-22,7.337005138397217,英鎊,景順英國動力基金A-年配息股 英鎊,yfinance,未分類,英國
B3oH3Kf,2016-11-23,7.345585823059082,英鎊,景順英國動力基金A-年配息股 英鎊,yfinance,未分類,英國
B3oH3Kf,2016-11-24,7.319842338562012,英鎊,景順英國動力基金A-年配息股 英鎊,yfinance,未分類,英國
B3oH3Kf,2016-11-25,7.319842338562012,英鎊,景順英國動力基金A-年配息股 英鎊,yfinance,未分類,英國
B3oH3Kf,2016-11-28,7.268354892730713,英鎊,景順英國動力基金A-年配息股 英鎊,yfinance,未分類,英國
B3oH3Kf,2016-11-29,7.234030246734619,英鎊,景順英國動力基金A-年配息股 英鎊,yfinance,未分類,英國
B3oH3Kf,2016-11-30,7.259773254394531,英鎊,景順英國動力基金A-年配息股 英鎊,yfinance,未分類,英國
B3oH3Kf,2016-12-01,7.2254486083984375,英鎊,景順英國動力基金A-年配息股 英鎊,yfinance,未分類,英國
B3oH3Kf,2016-12-02,7.191122531890869,英鎊,景順英國動力基金A-年配息股 英鎊,yfinance,未分類,英國
B3oH3Kf,2016-12-05,7.216866493225098,英鎊,景順英國動力基金A-年配息股 英鎊,yfinance,未分類,英國
B3oH3Kf,2016-12-06,7.259773254394531,英鎊,景順英國動力基金A-年配息股 英鎊,yfinance,未分類,英國
B3oH3Kf,2016-12-07,7.422817230224609,英鎊,景順英國動力基金A-年配息股 英鎊,yfinance,未分類,英國
B3oH3Kf,2016-12-08,7.448561668395996,英鎊,景順英國動力基金A-年配息股 英鎊,yfinance,未分類,英國
B3oH3Kf,2016-12-09,7.474305629730225,英鎊,景順英國動力基金A-年配息股 英鎊,yfinance,未分類,英國
B3oH3Kf,2016-12-12,7.457141876220703,英鎊,景順英國動力基金A-年配息股 英鎊,yfinance,未分類,英國
B3oH3Kf,2016-12-13,7.448561668395996,英鎊,景順英國動力基金A-年配息股 英鎊,yfinance,未分類,英國
B3oH3Kf,2016-12-14,7.465724468231201,英鎊,景順英國動力基金A-年配息股 英鎊,yfinance,未分類,英國
B3oH3Kf,2016-12-15,7.491466999053955,英鎊,景順英國動力基金A-年配息股 英鎊,yfinance,未分類,英國
B3oH3Kf,2016-12-16,7.620186805725098,英鎊,景順英國動力基金A-年配息股 英鎊,yfinance,未分類,英國
B3oH3Kf,2016-12-19,7.603024482727051,英鎊,景順英國動力基金A-年配息股 英鎊,yfinance,未分類,英國
B3oH3Kf,2016-12-20,7.637349605560303,英鎊,景順英國動力基金A-年配息股 英鎊,yfinance,未分類,英國
B3oH3Kf,2016-12-21,7.594443321228027,英鎊,景順英國動力基金A-年配息股 英鎊,yfinance,未分類,英國
B3oH3Kf,2016-12-22,7.603024482727051,英鎊,景順英國動力基金A-年配息股 英鎊,yfinance,未分類,英國
B3oH3Kf,2016-12-23,7.637349605560303,英鎊,景順英國動力基金A-年配息股 英鎊,yfinance,未分類,英國
B3oH3Kf,2016-12-28,7.645931720733643,英鎊,景順英國動力基金A-年配息股 英鎊,yfinance,未分類,英國
B3oH3Kf,2016-12-29,7.654513835906982,英鎊,景順英國動力基金A-年配息股 英鎊,yfinance,未分類,英國
B3oH3Kf,2016-12-30,7.637349605560303,英鎊,景順英國動力基金A-年配息股 英鎊,yfinance,未分類,英國
B19025,2016-01-04,825.1400146484375,英鎊,瑞銀 (盧森堡) 英鎊基金,yfinance,貨幣市場,全球市場
B19025,2016-01-05,825.0999755859375,英鎊,瑞銀 (盧森堡) 英鎊基金,yfinance,貨幣市場,全球市場
B19025,2016-01-06,825.0999755859375,英鎊,瑞銀 (盧森堡) 英鎊基金,yfinance,貨幣市場,全球市場
B19025,2016-01-07,825.0900268554688,英鎊,瑞銀 (盧森堡) 英鎊基金,yfinance,貨幣市場,全球市場
B19025,2016-01-08,825.0999755859375,英鎊,瑞銀 (盧森堡) 英鎊基金,yfinance,貨幣市場,全球市場
B19025,2016-01-11,825.1099853515625,英鎊,瑞銀 (盧森堡) 英鎊基金,yfinance,貨幣市場,全球市場
B19025,2016-01-12,825.1199951171875,英鎊,瑞銀 (盧森堡) 英鎊基金,yfinance,貨幣市場,全球市場
B19025,2016-01-13,825.1599731445312,英鎊,瑞銀 (盧森堡) 英鎊基金,yfinance,貨幣市場,全球市場
B19025,2016-01-14,825.1599731445312,英鎊,瑞銀 (盧森堡) 英鎊基金,yfinance,貨幣市場,全球市場
B19025,2016-01-15,825.1599731445312,英鎊,瑞銀 (盧森堡) 英鎊基金,yfinance,貨幣市場,全球市場
B19025,2016-01-18,825.1699829101562,英鎊,瑞銀 (盧森堡) 英鎊基金,yfinance,貨幣市場,全球市場
B19025,2016-01-19,825.1900024414062,英鎊,瑞銀 (盧森堡) 英鎊基金,yfinance,貨幣市場,全球市場
B19025,2016-01-20,825.1799926757812,英鎊,瑞銀 (盧森堡) 英鎊基金,yfinance,貨幣市場,全球市場
B19025,2016-01-21,825.1799926757812,英鎊,瑞銀 (盧森堡) 英鎊基金,yfinance,貨幣市場,全球市場
B19025,2016-01-22,825.1799926757812,英鎊,瑞銀 (盧森堡) 英鎊基金,yfinance,貨幣市場,全球市場
B19025,2016-01-25,825.2000122070312,英鎊,瑞銀 (盧森堡) 英鎊基金,yfinance,貨幣市場,全球市場
B19025,2016-01-26,825.2100219726562,英鎊,瑞銀 (盧森堡) 英鎊基金,yfinance,貨幣市場,全球市場
B19025,2016-01-27,825.1900024414062,英鎊,瑞銀 (盧森堡) 英鎊基金,yfinance,貨幣市場,全球市場
B19025,2016-01-28,825.1900024414062,英鎊,瑞銀 (盧森堡) 英鎊基金,yfinance,貨幣市場,全球市場
B19025,2016-01-29,825.2000122070312,英鎊,瑞銀 (盧森堡) 英鎊基金,yfinance,貨幣市場,全球市場
B19025,2016-02-01,825.2100219726562,英鎊,瑞銀 (盧森堡) 英鎊基金,yfinance,貨幣市場,全球市場
B19025,2016-02-02,825.219970703125,英鎊,瑞銀 (盧森堡) 英鎊基金,yfinance,貨幣市場,全球市場
B19025,2016-02-03,825.2100219726562,英鎊,瑞銀 (盧森堡) 英鎊基金,yfinance,貨幣市場,全球市場
B19025,2016-02-04,825.2100219726562,英鎊,瑞銀 (盧森堡) 英鎊基金,yfinance,貨幣市場,全球市場
B19025,2016-02-05,825.219970703125,英鎊,瑞銀 (盧森堡) 英鎊基金,yfinance,貨幣市場,全球市場
B19025,2016-02-08,825.239990234375,英鎊,瑞銀 (盧森堡) 英鎊基金,yfinance,貨幣市場,全球市場
B19025,2016-02-09,825.239990234375,英鎊,瑞銀 (盧森堡) 英鎊基金,yfinance,貨幣市場,全球市場
B19025,2016-02-10,825.22998046875,英鎊,瑞銀 (盧森堡) 英鎊基金,yfinance,貨幣市場,全球市場
B19025,2016-02-11,825.22998046875,英鎊,瑞銀 (盧森堡) 英鎊基金,yfinance,貨幣市場,全球市場
B19025,2016-02-12,825.22998046875,英鎊,瑞銀 (盧森堡) 英鎊基金,yfinance,貨幣市場,全球市場
B19025,2016-02-15,825.25,英鎊,瑞銀 (盧森堡) 英鎊基金,yfinance,貨幣市場,全球市場
B19025,2016-02-16,825.239990234375,英鎊,瑞銀 (盧森堡) 英鎊基金,yfinance,貨幣市場,全球市場
B19025,2016-02-17,825.239990234375,英鎊,瑞銀 (盧森堡) 英鎊基金,yfinance,貨幣市場,全球市場
B19025,2016-02-18,825.239990234375,英鎊,瑞銀 (盧森堡) 英鎊基金,yfinance,貨幣市場,全球市場
B19025,2016-02-19,825.239990234375,英鎊,瑞銀 (盧森堡) 英鎊基金,yfinance,貨幣市場,全球市場
B19025,2016-02-22,825.25,英鎊,瑞銀 (盧森堡) 英鎊基金,yfinance,貨幣市場,全球市場
B19025,2016-02-23,825.25,英鎊,瑞銀 (盧森堡) 英鎊基金,yfinance,貨幣市場,全球市場
B19025,2016-02-24,825.239990234375,英鎊,瑞銀 (盧森堡) 英鎊基金,yfinance,貨幣市場,全球市場
B19025,2016-02-25,825.239990234375,英鎊,瑞銀 (盧森堡) 英鎊基金,yfinance,貨幣市場,全球市場
B19025,2016-02-26,825.25,英鎊,瑞銀 (盧森堡) 英鎊基金,yfinance,貨幣市場,全球市場
B19025,2016-02-29,825.25,英鎊,瑞銀 (盧森堡) 英鎊基金,yfinance,貨幣市場,全球市場
B19025,2016-03-01,825.27001953125,英鎊,瑞銀 (盧森堡) 英鎊基金,yfinance,貨幣市場,全球市場
B19025,2016-03-02,825.260009765625,英鎊,瑞銀 (盧森堡) 英鎊基金,yfinance,貨幣市場,全球市場
B19025,2016-03-03,825.25,英鎊,瑞銀 (盧森堡) 英鎊基金,yfinance,貨幣市場,全球市場
B19025,2016-03-04,825.260009765625,英鎊,瑞銀 (盧森堡) 英鎊基金,yfinance,貨幣市場,全球市場
B19025,2016-03-07,825.280029296875,英鎊,瑞銀 (盧森堡) 英鎊基金,yfinance,貨幣市場,全球市場
B19025,2016-03-08,825.260009765625,英鎊,瑞銀 (盧森堡) 英鎊基金,yfinance,貨幣市場,全球市場
B19025,2016-03-09,825.25,英鎊,瑞銀 (盧森堡) 英鎊基金,yfinance,貨幣市場,全球市場
B19025,2016-03-10,825.25,英鎊,瑞銀 (盧森堡) 英鎊基金,yfinance,貨幣市場,全球市場
B19025,2016-03-11,825.260009765625,英鎊,瑞銀 (盧森堡) 英鎊基金,yfinance,貨幣市場,全球市場
B19025,2016-03-14,825.27001953125,英鎊,瑞銀 (盧森堡) 英鎊基金,yfinance,貨幣市場,全球市場
B19025,2016-03-15,825.2899780273438,英鎊,瑞銀 (盧森堡) 英鎊基金,yfinance,貨幣市場,全球市場
B19025,2016-03-16,825.27001953125,英鎊,瑞銀 (盧森堡) 英鎊基金,yfinance,貨幣市場,全球市場
B19025,2016-03-17,825.280029296875,英鎊,瑞銀 (盧森堡) 英鎊基金,yfinance,貨幣市場,全球市場
B19025,2016-03-18,825.280029296875,英鎊,瑞銀 (盧森堡) 英鎊基金,yfinance,貨幣市場,全球市場
B19025,2016-03-21,825.2999877929688,英鎊,瑞銀 (盧森堡) 英鎊基金,yfinance,貨幣市場,全球市場
B19025,2016-03-22,825.280029296875,英鎊,瑞銀 (盧森堡) 英鎊基金,yfinance,貨幣市場,全球市場
B19025,2016-03-23,825.2899780273438,英鎊,瑞銀 (盧森堡) 英鎊基金,yfinance,貨幣市場,全球市場
B19025,2016-03-24,825.2899780273438,英鎊,瑞銀 (盧森堡) 英鎊基金,yfinance,貨幣市場,全球市場
B19025,2016-03-29,825.3400268554688,英鎊,瑞銀 (盧森堡) 英鎊基金,yfinance,貨幣市場,全球市場
B19025,2016-03-30,825.3200073242188,英鎊,瑞銀 (盧森堡) 英鎊基金,yfinance,貨幣市場,全球市場
B19025,2016-03-31,825.3200073242188,英鎊,瑞銀 (盧森堡) 英鎊基金,yfinance,貨幣市場,全球市場
B19025,2016-04-01,825.3200073242188,英鎊,瑞銀 (盧森堡) 英鎊基金,yfinance,貨幣市場,全球市場
B19025,2016-04-04,825.4000244140625,英鎊,瑞銀 (盧森堡) 英鎊基金,yfinance,貨幣市場,全球市場
B19025,2016-04-05,825.4099731445312,英鎊,瑞銀 (盧森堡) 英鎊基金,yfinance,貨幣市場,全球市場
B19025,2016-04-06,825.3900146484375,英鎊,瑞銀 (盧森堡) 英鎊基金,yfinance,貨幣市場,全球市場
B19025,2016-04-07,825.3800048828125,英鎊,瑞銀 (盧森堡) 英鎊基金,yfinance,貨幣市場,全球市場
B19025,2016-04-08,825.3800048828125,英鎊,瑞銀 (盧森堡) 英鎊基金,yfinance,貨幣市場,全球市場
B19025,2016-04-11,825.4099731445312,英鎊,瑞銀 (盧森堡) 英鎊基金,yfinance,貨幣市場,全球市場
B19025,2016-04-12,825.4099731445312,英鎊,瑞銀 (盧森堡) 英鎊基金,yfinance,貨幣市場,全球市場
B19025,2016-04-13,825.3900146484375,英鎊,瑞銀 (盧森堡) 英鎊基金,yfinance,貨幣市場,全球市場
B19025,2016-04-14,825.3900146484375,英鎊,瑞銀 (盧森堡) 英鎊基金,yfinance,貨幣市場,全球市場
B19025,2016-04-15,825.4000244140625,英鎊,瑞銀 (盧森堡) 英鎊基金,yfinance,貨幣市場,全球市場
B19025,2016-04-18,825.4299926757812,英鎊,瑞銀 (盧森堡) 英鎊基金,yfinance,貨幣市場,全球市場
B19025,2016-04-19,825.4400024414062,英鎊,瑞銀 (盧森堡) 英鎊基金,yfinance,貨幣市場,全球市場
B19025,2016-04-20,825.4299926757812,英鎊,瑞銀 (盧森堡) 英鎊基金,yfinance,貨幣市場,全球市場
B19025,2016-04-21,825.4299926757812,英鎊,瑞銀 (盧森堡) 英鎊基金,yfinance,貨幣市場,全球市場
B19025,2016-04-22,825.4299926757812,英鎊,瑞銀 (盧森堡) 英鎊基金,yfinance,貨幣市場,全球市場
B19025,2016-04-25,825.4500122070312,英鎊,瑞銀 (盧森堡) 英鎊基金,yfinance,貨幣市場,全球市場
B19025,2016-04-26,825.4600219726562,英鎊,瑞銀 (盧森堡) 英鎊基金,yfinance,貨幣市場,全球市場
B19025,2016-04-27,825.4500122070312,英鎊,瑞銀 (盧森堡) 英鎊基金,yfinance,貨幣市場,全球市場
B19025,2016-04-28,825.4500122070312,英鎊,瑞銀 (盧森堡) 英鎊基金,yfinance,貨幣市場,全球市場
B19025,2016-04-29,825.4500122070312,英鎊,瑞銀 (盧森堡) 英鎊基金,yfinance,貨幣市場,全球市場
B19025,2016-05-03,825.489990234375,英鎊,瑞銀 (盧森堡) 英鎊基金,yfinance,貨幣市場,全球市場
B19025,2016-05-04,825.489990234375,英鎊,瑞銀 (盧森堡) 英鎊基金,yfinance,貨幣市場,全球市場
B19025,2016-05-06,825.489990234375,英鎊,瑞銀 (盧森堡) 英鎊基金,yfinance,貨幣市場,全球市場
B19025,2016-05-09,825.52001953125,英鎊,瑞銀 (盧森堡) 英鎊基金,yfinance,貨幣市場,全球市場
B19025,2016-05-10,825.530029296875,英鎊,瑞銀 (盧森堡) 英鎊基金,yfinance,貨幣市場,全球市場
B19025,2016-05-11,825.530029296875,英鎊,瑞銀 (盧森堡) 英鎊基金,yfinance,貨幣市場,全球市場
B19025,2016-05-12,825.530029296875,英鎊,瑞銀 (盧森堡) 英鎊基金,yfinance,貨幣市場,全球市場
B19025,2016-05-13,825.530029296875,英鎊,瑞銀 (盧森堡) 英鎊基金,yfinance,貨幣市場,全球市場
B19025,2016-05-17,825.5599975585938,英鎊,瑞銀 (盧森堡) 英鎊基金,yfinance,貨幣市場,全球市場
B19025,2016-05-18,825.5499877929688,英鎊,瑞銀 (盧森堡) 英鎊基金,yfinance,貨幣市場,全球市場
B19025,2016-05-19,825.5399780273438,英鎊,瑞銀 (盧森堡) 英鎊基金,yfinance,貨幣市場,全球市場
B19025,2016-05-20,825.5499877929688,英鎊,瑞銀 (盧森堡) 英鎊基金,yfinance,貨幣市場,全球市場
B19025,2016-05-23,825.5700073242188,英鎊,瑞銀 (盧森堡) 英鎊基金,yfinance,貨幣市場,全球市場
B19025,2016-05-24,825.5800170898438,英鎊,瑞銀 (盧森堡) 英鎊基金,yfinance,貨幣市場,全球市場
B19025,2016-05-25,825.5599975585938,英鎊,瑞銀 (盧森堡) 英鎊基金,yfinance,貨幣市場,全球市場
B19025,2016-05-26,825.5599975585938,英鎊,瑞銀 (盧森堡) 英鎊基金,yfinance,貨幣市場,全球市場
B19025,2016-05-27,825.5700073242188,英鎊,瑞銀 (盧森堡) 英鎊基金,yfinance,貨幣市場,全球市場
B19025,2016-05-31,825.5999755859375,英鎊,瑞銀 (盧森堡) 英鎊基金,yfinance,貨幣市場,全球市場
B19025,2016-06-01,825.5900268554688,英鎊,瑞銀 (盧森堡) 英鎊基金,yfinance,貨幣市場,全球市場
B19025,2016-06-02,825.5999755859375,英鎊,瑞銀 (盧森堡) 英鎊基金,yfinance,貨幣市場,全球市場
B19025,2016-06-03,825.5999755859375,英鎊,瑞銀 (盧森堡) 英鎊基金,yfinance,貨幣市場,全球市場
B19025,2016-06-06,825.6500244140625,英鎊,瑞銀 (盧森堡) 英鎊基金,yfinance,貨幣市場,全球市場
B19025,2016-06-07,825.6599731445312,英鎊,瑞銀 (盧森堡) 英鎊基金,yfinance,貨幣市場,全球市場
B19025,2016-06-08,825.6599731445312,英鎊,瑞銀 (盧森堡) 英鎊基金,yfinance,貨幣市場,全球市場
B19025,2016-06-09,825.6400146484375,英鎊,瑞銀 (盧森堡) 英鎊基金,yfinance,貨幣市場,全球市場
B19025,2016-06-10,825.6599731445312,英鎊,瑞銀 (盧森堡) 英鎊基金,yfinance,貨幣市場,全球市場
B19025,2016-06-13,825.6900024414062,英鎊,瑞銀 (盧森堡) 英鎊基金,yfinance,貨幣市場,全球市場
B19025,2016-06-14,825.6900024414062,英鎊,瑞銀 (盧森堡) 英鎊基金,yfinance,貨幣市場,全球市場
B19025,2016-06-15,825.6900024414062,英鎊,瑞銀 (盧森堡) 英鎊基金,yfinance,貨幣市場,全球市場
B19025,2016-06-16,825.6799926757812,英鎊,瑞銀 (盧森堡) 英鎊基金,yfinance,貨幣市場,全球市場
B19025,2016-06-17,825.6799926757812,英鎊,瑞銀 (盧森堡) 英鎊基金,yfinance,貨幣市場,全球市場
B19025,2016-06-20,825.6900024414062,英鎊,瑞銀 (盧森堡) 英鎊基金,yfinance,貨幣市場,全球市場
B19025,2016-06-21,825.6900024414062,英鎊,瑞銀 (盧森堡) 英鎊基金,yfinance,貨幣市場,全球市場
B19025,2016-06-22,825.6900024414062,英鎊,瑞銀 (盧森堡) 英鎊基金,yfinance,貨幣市場,全球市場
B19025,2016-06-24,825.719970703125,英鎊,瑞銀 (盧森堡) 英鎊基金,yfinance,貨幣市場,全球市場
B19025,2016-06-27,825.77001953125,英鎊,瑞銀 (盧森堡) 英鎊基金,yfinance,貨幣市場,全球市場
B19025,2016-06-28,825.760009765625,英鎊,瑞銀 (盧森堡) 英鎊基金,yfinance,貨幣市場,全球市場
B19025,2016-06-29,825.739990234375,英鎊,瑞銀 (盧森堡) 英鎊基金,yfinance,貨幣市場,全球市場
B19025,2016-06-30,825.739990234375,英鎊,瑞銀 (盧森堡) 英鎊基金,yfinance,貨幣市場,全球市場
B19025,2016-07-01,825.8099975585938,英鎊,瑞銀 (盧森堡) 英鎊基金,yfinance,貨幣市場,全球市場
B19025,2016-07-04,825.8400268554688,英鎊,瑞銀 (盧森堡) 英鎊基金,yfinance,貨幣市場,全球市場
B19025,2016-07-05,825.8499755859375,英鎊,瑞銀 (盧森堡) 英鎊基金,yfinance,貨幣市場,全球市場
B19025,2016-07-06,825.8300170898438,英鎊,瑞銀 (盧森堡) 英鎊基金,yfinance,貨幣市場,全球市場
B19025,2016-07-07,825.8300170898438,英鎊,瑞銀 (盧森堡) 英鎊基金,yfinance,貨幣市場,全球市場
B19025,2016-07-08,825.8400268554688,英鎊,瑞銀 (盧森堡) 英鎊基金,yfinance,貨幣市場,全球市場
B19025,2016-07-11,825.8699951171875,英鎊,瑞銀 (盧森堡) 英鎊基金,yfinance,貨幣市場,全球市場
B19025,2016-07-12,825.8800048828125,英鎊,瑞銀 (盧森堡) 英鎊基金,yfinance,貨幣市場,全球市場
B19025,2016-07-13,825.8800048828125,英鎊,瑞銀 (盧森堡) 英鎊基金,yfinance,貨幣市場,全球市場
B19025,2016-07-14,825.8900146484375,英鎊,瑞銀 (盧森堡) 英鎊基金,yfinance,貨幣市場,全球市場
B19025,2016-07-15,825.8200073242188,英鎊,瑞銀 (盧森堡) 英鎊基金,yfinance,貨幣市場,全球市場
B19025,2016-07-18,825.8599853515625,英鎊,瑞銀 (盧森堡) 英鎊基金,yfinance,貨幣市場,全球市場
B19025,2016-07-19,825.8599853515625,英鎊,瑞銀 (盧森堡) 英鎊基金,yfinance,貨幣市場,全球市場
B19025,2016-07-20,825.8499755859375,英鎊,瑞銀 (盧森堡) 英鎊基金,yfinance,貨幣市場,全球市場
B19025,2016-07-21,825.8400268554688,英鎊,瑞銀 (盧森堡) 英鎊基金,yfinance,貨幣市場,全球市場
B19025,2016-07-22,825.8599853515625,英鎊,瑞銀 (盧森堡) 英鎊基金,yfinance,貨幣市場,全球市場
B19025,2016-07-25,825.8800048828125,英鎊,瑞銀 (盧森堡) 英鎊基金,yfinance,貨幣市場,全球市場
B19025,2016-07-26,825.9099731445312,英鎊,瑞銀 (盧森堡) 英鎊基金,yfinance,貨幣市場,全球市場
B19025,2016-07-27,825.9099731445312,英鎊,瑞銀 (盧森堡) 英鎊基金,yfinance,貨幣市場,全球市場
B19025,2016-07-28,825.9299926757812,英鎊,瑞銀 (盧森堡) 英鎊基金,yfinance,貨幣市場,全球市場
B19025,2016-07-29,825.9400024414062,英鎊,瑞銀 (盧森堡) 英鎊基金,yfinance,貨幣市場,全球市場
B19025,2016-08-01,825.9600219726562,英鎊,瑞銀 (盧森堡) 英鎊基金,yfinance,貨幣市場,全球市場
B19025,2016-08-02,825.9600219726562,英鎊,瑞銀 (盧森堡) 英鎊基金,yfinance,貨幣市場,全球市場
B19025,2016-08-03,825.969970703125,英鎊,瑞銀 (盧森堡) 英鎊基金,yfinance,貨幣市場,全球市場
B19025,2016-08-04,825.989990234375,英鎊,瑞銀 (盧森堡) 英鎊基金,yfinance,貨幣市場,全球市場
B19025,2016-08-05,826.0999755859375,英鎊,瑞銀 (盧森堡) 英鎊基金,yfinance,貨幣市場,全球市場
B19025,2016-08-08,826.1400146484375,英鎊,瑞銀 (盧森堡) 英鎊基金,yfinance,貨幣市場,全球市場
B19025,2016-08-09,826.1500244140625,英鎊,瑞銀 (盧森堡) 英鎊基金,yfinance,貨幣市場,全球市場
B19025,2016-08-10,826.1599731445312,英鎊,瑞銀 (盧森堡) 英鎊基金,yfinance,貨幣市場,全球市場
B19025,2016-08-11,826.1400146484375,英鎊,瑞銀 (盧森堡) 英鎊基金,yfinance,貨幣市場,全球市場
B19025,2016-08-12,826.1300048828125,英鎊,瑞銀 (盧森堡) 英鎊基金,yfinance,貨幣市場,全球市場
B19025,2016-08-16,826.1400146484375,英鎊,瑞銀 (盧森堡) 英鎊基金,yfinance,貨幣市場,全球市場
B19025,2016-08-17,826.1599731445312,英鎊,瑞銀 (盧森堡) 英鎊基金,yfinance,貨幣市場,全球市場
B19025,2016-08-18,826.1400146484375,英鎊,瑞銀 (盧森堡) 英鎊基金,yfinance,貨幣市場,全球市場
B19025,2016-08-19,826.1500244140625,英鎊,瑞銀 (盧森堡) 英鎊基金,yfinance,貨幣市場,全球市場
B19025,2016-08-22,826.1699829101562,英鎊,瑞銀 (盧森堡) 英鎊基金,yfinance,貨幣市場,全球市場
B19025,2016-08-23,826.1699829101562,英鎊,瑞銀 (盧森堡) 英鎊基金,yfinance,貨幣市場,全球市場
B19025,2016-08-24,826.1799926757812,英鎊,瑞銀 (盧森堡) 英鎊基金,yfinance,貨幣市場,全球市場
B19025,2016-08-25,826.1699829101562,英鎊,瑞銀 (盧森堡) 英鎊基金,yfinance,貨幣市場,全球市場
B19025,2016-08-26,826.1699829101562,英鎊,瑞銀 (盧森堡) 英鎊基金,yfinance,貨幣市場,全球市場
B19025,2016-08-30,826.1799926757812,英鎊,瑞銀 (盧森堡) 英鎊基金,yfinance,貨幣市場,全球市場
B19025,2016-08-31,826.2100219726562,英鎊,瑞銀 (盧森堡) 英鎊基金,yfinance,貨幣市場,全球市場
B19025,2016-09-01,826.1599731445312,英鎊,瑞銀 (盧森堡) 英鎊基金,yfinance,貨幣市場,全球市場
B19025,2016-09-02,826.1699829101562,英鎊,瑞銀 (盧森堡) 英鎊基金,yfinance,貨幣市場,全球市場
B19025,2016-09-05,826.219970703125,英鎊,瑞銀 (盧森堡) 英鎊基金,yfinance,貨幣市場,全球市場
B19025,2016-09-06,826.239990234375,英鎊,瑞銀 (盧森堡) 英鎊基金,yfinance,貨幣市場,全球市場
B19025,2016-09-07,826.260009765625,英鎊,瑞銀 (盧森堡) 英鎊基金,yfinance,貨幣市場,全球市場
B19025,2016-09-08,826.25,英鎊,瑞銀 (盧森堡) 英鎊基金,yfinance,貨幣市場,全球市場
B19025,2016-09-09,826.239990234375,英鎊,瑞銀 (盧森堡) 英鎊基金,yfinance,貨幣市場,全球市場
B19025,2016-09-12,826.260009765625,英鎊,瑞銀 (盧森堡) 英鎊基金,yfinance,貨幣市場,全球市場
B19025,2016-09-13,826.25,英鎊,瑞銀 (盧森堡) 英鎊基金,yfinance,貨幣市場,全球市場
B19025,2016-09-14,826.260009765625,英鎊,瑞銀 (盧森堡) 英鎊基金,yfinance,貨幣市場,全球市場
B19025,2016-09-15,826.25,英鎊,瑞銀 (盧森堡) 英鎊基金,yfinance,貨幣市場,全球市場
B19025,2016-09-16,826.260009765625,英鎊,瑞銀 (盧森堡) 英鎊基金,yfinance,貨幣市場,全球市場
B19025,2016-09-19,826.27001953125,英鎊,瑞銀 (盧森堡) 英鎊基金,yfinance,貨幣市場,全球市場
B19025,2016-09-20,826.27001953125,英鎊,瑞銀 (盧森堡) 英鎊基金,yfinance,貨幣市場,全球市場
B19025,2016-09-21,826.27001953125,英鎊,瑞銀 (盧森堡) 英鎊基金,yfinance,貨幣市場,全球市場
B19025,2016-09-22,826.27001953125,英鎊,瑞銀 (盧森堡) 英鎊基金,yfinance,貨幣市場,全球市場
B19025,2016-09-23,826.27001953125,英鎊,瑞銀 (盧森堡) 英鎊基金,yfinance,貨幣市場,全球市場
B19025,2016-09-26,826.2899780273438,英鎊,瑞銀 (盧森堡) 英鎊基金,yfinance,貨幣市場,全球市場
B19025,2016-09-27,826.280029296875,英鎊,瑞銀 (盧森堡) 英鎊基金,yfinance,貨幣市場,全球市場
B19025,2016-09-28,826.280029296875,英鎊,瑞銀 (盧森堡) 英鎊基金,yfinance,貨幣市場,全球市場
B19025,2016-09-29,826.27001953125,英鎊,瑞銀 (盧森堡) 英鎊基金,yfinance,貨幣市場,全球市場
B19025,2016-09-30,826.260009765625,英鎊,瑞銀 (盧森堡) 英鎊基金,yfinance,貨幣市場,全球市場
B19025,2016-10-03,826.280029296875,英鎊,瑞銀 (盧森堡) 英鎊基金,yfinance,貨幣市場,全球市場
B19025,2016-10-04,826.280029296875,英鎊,瑞銀 (盧森堡) 英鎊基金,yfinance,貨幣市場,全球市場
B19025,2016-10-05,826.280029296875,英鎊,瑞銀 (盧森堡) 英鎊基金,yfinance,貨幣市場,全球市場
B19025,2016-10-06,826.27001953125,英鎊,瑞銀 (盧森堡) 英鎊基金,yfinance,貨幣市場,全球市場
B19025,2016-10-07,826.260009765625,英鎊,瑞銀 (盧森堡) 英鎊基金,yfinance,貨幣市場,全球市場
B19025,2016-10-10,826.27001953125,英鎊,瑞銀 (盧森堡) 英鎊基金,yfinance,貨幣市場,全球市場
B19025,2016-10-11,826.27001953125,英鎊,瑞銀 (盧森堡) 英鎊基金,yfinance,貨幣市場,全球市場
B19025,2016-10-12,826.280029296875,英鎊,瑞銀 (盧森堡) 英鎊基金,yfinance,貨幣市場,全球市場
B19025,2016-10-13,826.260009765625,英鎊,瑞銀 (盧森堡) 英鎊基金,yfinance,貨幣市場,全球市場
B19025,2016-10-14,826.27001953125,英鎊,瑞銀 (盧森堡) 英鎊基金,yfinance,貨幣市場,全球市場
B19025,2016-10-17,826.280029296875,英鎊,瑞銀 (盧森堡) 英鎊基金,yfinance,貨幣市場,全球市場
B19025,2016-10-18,826.2899780273438,英鎊,瑞銀 (盧森堡) 英鎊基金,yfinance,貨幣市場,全球市場
B19025,2016-10-19,826.2899780273438,英鎊,瑞銀 (盧森堡) 英鎊基金,yfinance,貨幣市場,全球市場
B19025,2016-10-20,826.2899780273438,英鎊,瑞銀 (盧森堡) 英鎊基金,yfinance,貨幣市場,全球市場
B19025,2016-10-21,826.2899780273438,英鎊,瑞銀 (盧森堡) 英鎊基金,yfinance,貨幣市場,全球市場
B19025,2016-10-24,826.3099975585938,英鎊,瑞銀 (盧森堡) 英鎊基金,yfinance,貨幣市場,全球市場
B19025,2016-10-25,826.3099975585938,英鎊,瑞銀 (盧森堡) 英鎊基金,yfinance,貨幣市場,全球市場
B19025,2016-10-26,826.3200073242188,英鎊,瑞銀 (盧森堡) 英鎊基金,yfinance,貨幣市場,全球市場
B19025,2016-10-27,826.3099975585938,英鎊,瑞銀 (盧森堡) 英鎊基金,yfinance,貨幣市場,全球市場
B19025,2016-10-28,826.3099975585938,英鎊,瑞銀 (盧森堡) 英鎊基金,yfinance,貨幣市場,全球市場
B19025,2016-10-31,826.3400268554688,英鎊,瑞銀 (盧森堡) 英鎊基金,yfinance,貨幣市場,全球市場
B19025,2016-11-02,826.2999877929688,英鎊,瑞銀 (盧森堡) 英鎊基金,yfinance,貨幣市場,全球市場
B19025,2016-11-03,826.2999877929688,英鎊,瑞銀 (盧森堡) 英鎊基金,yfinance,貨幣市場,全球市場
B19025,2016-11-04,826.2899780273438,英鎊,瑞銀 (盧森堡) 英鎊基金,yfinance,貨幣市場,全球市場
B19025,2016-11-07,826.3099975585938,英鎊,瑞銀 (盧森堡) 英鎊基金,yfinance,貨幣市場,全球市場
B19025,2016-11-08,826.3099975585938,英鎊,瑞銀 (盧森堡) 英鎊基金,yfinance,貨幣市場,全球市場
B19025,2016-11-09,826.3200073242188,英鎊,瑞銀 (盧森堡) 英鎊基金,yfinance,貨幣市場,全球市場
B19025,2016-11-10,826.2899780273438,英鎊,瑞銀 (盧森堡) 英鎊基金,yfinance,貨幣市場,全球市場
B19025,2016-11-11,826.2899780273438,英鎊,瑞銀 (盧森堡) 英鎊基金,yfinance,貨幣市場,全球市場
B19025,2016-11-14,826.3900146484375,英鎊,瑞銀 (盧森堡) 英鎊基金,yfinance,貨幣市場,全球市場
B19025,2016-11-15,826.3900146484375,英鎊,瑞銀 (盧森堡) 英鎊基金,yfinance,貨幣市場,全球市場
B19025,2016-11-16,826.4000244140625,英鎊,瑞銀 (盧森堡) 英鎊基金,yfinance,貨幣市場,全球市場
B19025,2016-11-17,826.4000244140625,英鎊,瑞銀 (盧森堡) 英鎊基金,yfinance,貨幣市場,全球市場
B19025,2016-11-18,826.4000244140625,英鎊,瑞銀 (盧森堡) 英鎊基金,yfinance,貨幣市場,全球市場
B19025,2016-11-21,826.4199829101562,英鎊,瑞銀 (盧森堡) 英鎊基金,yfinance,貨幣市場,全球市場
B19025,2016-11-22,826.4199829101562,英鎊,瑞銀 (盧森堡) 英鎊基金,yfinance,貨幣市場,全球市場
B19025,2016-11-23,826.4199829101562,英鎊,瑞銀 (盧森堡) 英鎊基金,yfinance,貨幣市場,全球市場
B19025,2016-11-24,826.4199829101562,英鎊,瑞銀 (盧森堡) 英鎊基金,yfinance,貨幣市場,全球市場
B19025,2016-11-25,826.4199829101562,英鎊,瑞銀 (盧森堡) 英鎊基金,yfinance,貨幣市場,全球市場
B19025,2016-11-28,826.4400024414062,英鎊,瑞銀 (盧森堡) 英鎊基金,yfinance,貨幣市場,全球市場
B19025,2016-11-29,826.4500122070312,英鎊,瑞銀 (盧森堡) 英鎊基金,yfinance,貨幣市場,全球市場
B19025,2016-11-30,826.4199829101562,英鎊,瑞銀 (盧森堡) 英鎊基金,yfinance,貨幣市場,全球市場
B19025,2016-12-01,826.4000244140625,英鎊,瑞銀 (盧森堡) 英鎊基金,yfinance,貨幣市場,全球市場
B19025,2016-12-02,826.4099731445312,英鎊,瑞銀 (盧森堡) 英鎊基金,yfinance,貨幣市場,全球市場
B19025,2016-12-05,826.4199829101562,英鎊,瑞銀 (盧森堡) 英鎊基金,yfinance,貨幣市場,全球市場
B19025,2016-12-06,826.4199829101562,英鎊,瑞銀 (盧森堡) 英鎊基金,yfinance,貨幣市場,全球市場
B19025,2016-12-07,826.4400024414062,英鎊,瑞銀 (盧森堡) 英鎊基金,yfinance,貨幣市場,全球市場
B19025,2016-12-08,826.4400024414062,英鎊,瑞銀 (盧森堡) 英鎊基金,yfinance,貨幣市場,全球市場
B19025,2016-12-09,826.4400024414062,英鎊,瑞銀 (盧森堡) 英鎊基金,yfinance,貨幣市場,全球市場
B19025,2016-12-12,826.4500122070312,英鎊,瑞銀 (盧森堡) 英鎊基金,yfinance,貨幣市場,全球市場
B19025,2016-12-13,826.4600219726562,英鎊,瑞銀 (盧森堡) 英鎊基金,yfinance,貨幣市場,全球市場
B19025,2016-12-14,826.4600219726562,英鎊,瑞銀 (盧森堡) 英鎊基金,yfinance,貨幣市場,全球市場
B19025,2016-12-15,826.4500122070312,英鎊,瑞銀 (盧森堡) 英鎊基金,yfinance,貨幣市場,全球市場
B19025,2016-12-16,826.469970703125,英鎊,瑞銀 (盧森堡) 英鎊基金,yfinance,貨幣市場,全球市場
B19025,2016-12-19,826.510009765625,英鎊,瑞銀 (盧森堡) 英鎊基金,yfinance,貨幣市場,全球市場
B19025,2016-12-20,826.52001953125,英鎊,瑞銀 (盧森堡) 英鎊基金,yfinance,貨幣市場,全球市場
B19025,2016-12-21,826.530029296875,英鎊,瑞銀 (盧森堡) 英鎊基金,yfinance,貨幣市場,全球市場
B19025,2016-12-22,826.510009765625,英鎊,瑞銀 (盧森堡) 英鎊基金,yfinance,貨幣市場,全球市場
B19025,2016-12-23,826.510009765625,英鎊,瑞銀 (盧森堡) 英鎊基金,yfinance,貨幣市場,全球市場
B19025,2016-12-28,826.5399780273438,英鎊,瑞銀 (盧森堡) 英鎊基金,yfinance,貨幣市場,全球市場
B19025,2016-12-29,826.52001953125,英鎊,瑞銀 (盧森堡) 英鎊基金,yfinance,貨幣市場,全球市場
B19025,2016-12-30,826.510009765625,英鎊,瑞銀 (盧森堡) 英鎊基金,yfinance,貨幣市場,全球市場
B27029,2016-01-04,71.4868392944336,英鎊,晉達環球策略基金 - 英國ALPHA基金 C 收益股份,yfinance,未分類,英國
B27029,2016-01-05,71.56372833251953,英鎊,晉達環球策略基金 - 英國ALPHA基金 C 收益股份,yfinance,未分類,英國
B27029,2016-01-06,71.46761322021484,英鎊,晉達環球策略基金 - 英國ALPHA基金 C 收益股份,yfinance,未分類,英國
B27029,2016-01-07,69.80490112304688,英鎊,晉達環球策略基金 - 英國ALPHA基金 C 收益股份,yfinance,未分類,英國
B27029,2016-01-08,69.92024993896484,英鎊,晉達環球策略基金 - 英國ALPHA基金 C 收益股份,yfinance,未分類,英國
B27029,2016-01-11,69.64152526855469,英鎊,晉達環球策略基金 - 英國ALPHA基金 C 收益股份,yfinance,未分類,英國
B27029,2016-01-12,70.43923950195312,英鎊,晉達環球策略基金 - 英國ALPHA基金 C 收益股份,yfinance,未分類,英國
B27029,2016-01-13,69.73764038085938,英鎊,晉達環球策略基金 - 英國ALPHA基金 C 收益股份,yfinance,未分類,英國
B27029,2016-01-14,69.59346771240234,英鎊,晉達環球策略基金 - 英國ALPHA基金 C 收益股份,yfinance,未分類,英國
B27029,2016-01-15,68.20948028564453,英鎊,晉達環球策略基金 - 英國ALPHA基金 C 收益股份,yfinance,未分類,英國
B27029,2016-01-18,67.77699279785156,英鎊,晉達環球策略基金 - 英國ALPHA基金 C 收益股份,yfinance,未分類,英國
B27029,2016-01-19,68.76692199707031,英鎊,晉達環球策略基金 - 英國ALPHA基金 C 收益股份,yfinance,未分類,英國
B27029,2016-01-20,67.11383056640625,英鎊,晉達環球策略基金 - 英國ALPHA基金 C 收益股份,yfinance,未分類,英國
B27029,2016-01-21,67.39253997802734,英鎊,晉達環球策略基金 - 英國ALPHA基金 C 收益股份,yfinance,未分類,英國
B27029,2016-01-22,68.78614807128906,英鎊,晉達環球策略基金 - 英國ALPHA基金 C 收益股份,yfinance,未分類,英國
B27029,2016-01-25,68.21908569335938,英鎊,晉達環球策略基金 - 英國ALPHA基金 C 收益股份,yfinance,未分類,英國
B27029,2016-01-26,68.70925903320312,英鎊,晉達環球策略基金 - 英國ALPHA基金 C 收益股份,yfinance,未分類,英國
B27029,2016-01-27,68.95915222167969,英鎊,晉達環球策略基金 - 英國ALPHA基金 C 收益股份,yfinance,未分類,英國
B27029,2016-01-28,68.68042755126953,英鎊,晉達環球策略基金 - 英國ALPHA基金 C 收益股份,yfinance,未分類,英國
B27029,2016-01-29,70.45846557617188,英鎊,晉達環球策略基金 - 英國ALPHA基金 C 收益股份,yfinance,未分類,英國
B27029,2016-02-01,70.69874572753906,英鎊,晉達環球策略基金 - 英國ALPHA基金 C 收益股份,yfinance,未分類,英國
B27029,2016-02-02,68.99758911132812,英鎊,晉達環球策略基金 - 英國ALPHA基金 C 收益股份,yfinance,未分類,英國
B27029,2016-02-03,68.30558013916016,英鎊,晉達環球策略基金 - 英國ALPHA基金 C 收益股份,yfinance,未分類,英國
B27029,2016-02-04,68.40169525146484,英鎊,晉達環球策略基金 - 英國ALPHA基金 C 收益股份,yfinance,未分類,英國
B27029,2016-02-05,67.75775909423828,英鎊,晉達環球策略基金 - 英國ALPHA基金 C 收益股份,yfinance,未分類,英國
B27029,2016-02-08,65.79711151123047,英鎊,晉達環球策略基金 - 英國ALPHA基金 C 收益股份,yfinance,未分類,英國
B27029,2016-02-09,65.2108383178711,英鎊,晉達環球策略基金 - 英國ALPHA基金 C 收益股份,yfinance,未分類,英國
B27029,2016-02-10,65.99894714355469,英鎊,晉達環球策略基金 - 英國ALPHA基金 C 收益股份,yfinance,未分類,英國
B27029,2016-02-11,64.9032974243164,英鎊,晉達環球策略基金 - 英國ALPHA基金 C 收益股份,yfinance,未分類,英國
B27029,2016-02-12,66.17194366455078,英鎊,晉達環球策略基金 - 英國ALPHA基金 C 收益股份,yfinance,未分類,英國
B27029,2016-02-15,67.29643249511719,英鎊,晉達環球策略基金 - 英國ALPHA基金 C 收益股份,yfinance,未分類,英國
B27029,2016-02-16,67.89232635498047,英鎊,晉達環球策略基金 - 英國ALPHA基金 C 收益股份,yfinance,未分類,英國
B27029,2016-02-17,69.31476593017578,英鎊,晉達環球策略基金 - 英國ALPHA基金 C 收益股份,yfinance,未分類,英國
B27029,2016-02-18,69.15135955810547,英鎊,晉達環球策略基金 - 英國ALPHA基金 C 收益股份,yfinance,未分類,英國
B27029,2016-02-19,69.05524444580078,英鎊,晉達環球策略基金 - 英國ALPHA基金 C 收益股份,yfinance,未分類,英國
B27029,2016-02-22,69.62230682373047,英鎊,晉達環球策略基金 - 英國ALPHA基金 C 收益股份,yfinance,未分類,英國
B27029,2016-02-23,69.17059326171875,英鎊,晉達環球策略基金 - 英國ALPHA基金 C 收益股份,yfinance,未分類,英國
B27029,2016-02-24,68.60353088378906,英鎊,晉達環球策略基金 - 英國ALPHA基金 C 收益股份,yfinance,未分類,英國
B27029,2016-02-25,70.5545883178711,英鎊,晉達環球策略基金 - 英國ALPHA基金 C 收益股份,yfinance,未分類,英國
B27029,2016-02-26,70.8717269897461,英鎊,晉達環球策略基金 - 英國ALPHA基金 C 收益股份,yfinance,未分類,英國
B27029,2016-02-29,70.94862365722656,英鎊,晉達環球策略基金 - 英國ALPHA基金 C 收益股份,yfinance,未分類,英國
B27029,2016-03-01,71.94817352294922,英鎊,晉達環球策略基金 - 英國ALPHA基金 C 收益股份,yfinance,未分類,英國
B27029,2016-03-02,71.26578521728516,英鎊,晉達環球策略基金 - 英國ALPHA基金 C 收益股份,yfinance,未分類,英國
B27029,2016-03-03,71.06396484375,英鎊,晉達環球策略基金 - 英國ALPHA基金 C 收益股份,yfinance,未分類,英國
B27029,2016-03-04,71.5252914428711,英鎊,晉達環球策略基金 - 英國ALPHA基金 C 收益股份,yfinance,未分類,英國
B27029,2016-03-07,70.93901062011719,英鎊,晉達環球策略基金 - 英國ALPHA基金 C 收益股份,yfinance,未分類,英國
B27029,2016-03-08,70.33352661132812,英鎊,晉達環球策略基金 - 英國ALPHA基金 C 收益股份,yfinance,未分類,英國
B27029,2016-03-09,70.42001342773438,英鎊,晉達環球策略基金 - 英國ALPHA基金 C 收益股份,yfinance,未分類,英國
B27029,2016-03-10,69.62230682373047,英鎊,晉達環球策略基金 - 英國ALPHA基金 C 收益股份,yfinance,未分類,英國
B27029,2016-03-11,70.86212158203125,英鎊,晉達環球策略基金 - 英國ALPHA基金 C 收益股份,yfinance,未分類,英國
B27029,2016-03-14,71.16007232666016,英鎊,晉達環球策略基金 - 英國ALPHA基金 C 收益股份,yfinance,未分類,英國
B27029,2016-03-15,71.13123321533203,英鎊,晉達環球策略基金 - 英國ALPHA基金 C 收益股份,yfinance,未分類,英國
B27029,2016-03-16,71.70790100097656,英鎊,晉達環球策略基金 - 英國ALPHA基金 C 收益股份,yfinance,未分類,英國
B27029,2016-03-17,71.74633026123047,英鎊,晉達環球策略基金 - 英國ALPHA基金 C 收益股份,yfinance,未分類,英國
B27029,2016-03-18,71.7751693725586,英鎊,晉達環球策略基金 - 英國ALPHA基金 C 收益股份,yfinance,未分類,英國
B27029,2016-03-21,71.74633026123047,英鎊,晉達環球策略基金 - 英國ALPHA基金 C 收益股份,yfinance,未分類,英國
B27029,2016-03-22,71.88088989257812,英鎊,晉達環球策略基金 - 英國ALPHA基金 C 收益股份,yfinance,未分類,英國
B27029,2016-03-23,71.83283233642578,英鎊,晉達環球策略基金 - 英國ALPHA基金 C 收益股份,yfinance,未分類,英國
B27029,2016-03-24,71.28501892089844,英鎊,晉達環球策略基金 - 英國ALPHA基金 C 收益股份,yfinance,未分類,英國
B27029,2016-03-29,71.84246063232422,英鎊,晉達環球策略基金 - 英國ALPHA基金 C 收益股份,yfinance,未分類,英國
B27029,2016-03-30,72.3326187133789,英鎊,晉達環球策略基金 - 英國ALPHA基金 C 收益股份,yfinance,未分類,英國
B27029,2016-03-31,72.24610900878906,英鎊,晉達環球策略基金 - 英國ALPHA基金 C 收益股份,yfinance,未分類,英國
B27029,2016-04-01,72.18844604492188,英鎊,晉達環球策略基金 - 英國ALPHA基金 C 收益股份,yfinance,未分類,英國
B27029,2016-04-04,72.0827407836914,英鎊,晉達環球策略基金 - 英國ALPHA基金 C 收益股份,yfinance,未分類,英國
B27029,2016-04-05,71.5252914428711,英鎊,晉達環球策略基金 - 英國ALPHA基金 C 收益股份,yfinance,未分類,英國
B27029,2016-04-06,72.4767837524414,英鎊,晉達環球策略基金 - 英國ALPHA基金 C 收益股份,yfinance,未分類,英國
B27029,2016-04-07,71.65984344482422,英鎊,晉達環球策略基金 - 英國ALPHA基金 C 收益股份,yfinance,未分類,英國
B27029,2016-04-08,72.23651123046875,英鎊,晉達環球策略基金 - 英國ALPHA基金 C 收益股份,yfinance,未分類,英國
B27029,2016-04-11,72.03466796875,英鎊,晉達環球策略基金 - 英國ALPHA基金 C 收益股份,yfinance,未分類,英國
B27029,2016-04-12,72.40949249267578,英鎊,晉達環球策略基金 - 英國ALPHA基金 C 收益股份,yfinance,未分類,英國
B27029,2016-04-13,73.17838287353516,英鎊,晉達環球策略基金 - 英國ALPHA基金 C 收益股份,yfinance,未分類,英國
B27029,2016-04-14,73.02461242675781,英鎊,晉達環球策略基金 - 英國ALPHA基金 C 收益股份,yfinance,未分類,英國
B27029,2016-04-15,72.69783782958984,英鎊,晉達環球策略基金 - 英國ALPHA基金 C 收益股份,yfinance,未分類,英國
B27029,2016-04-18,72.89967346191406,英鎊,晉達環球策略基金 - 英國ALPHA基金 C 收益股份,yfinance,未分類,英國
B27029,2016-04-19,73.264892578125,英鎊,晉達環球策略基金 - 英國ALPHA基金 C 收益股份,yfinance,未分類,英國
B27029,2016-04-20,73.17838287353516,英鎊,晉達環球策略基金 - 英國ALPHA基金 C 收益股份,yfinance,未分類,英國
B27029,2016-04-21,72.65938568115234,英鎊,晉達環球策略基金 - 英國ALPHA基金 C 收益股份,yfinance,未分類,英國
B27029,2016-04-22,72.01544952392578,英鎊,晉達環球策略基金 - 英國ALPHA基金 C 收益股份,yfinance,未分類,英國
B27029,2016-04-25,71.89051055908203,英鎊,晉達環球策略基金 - 英國ALPHA基金 C 收益股份,yfinance,未分類,英國
B27029,2016-04-26,71.86167907714844,英鎊,晉達環球策略基金 - 英國ALPHA基金 C 收益股份,yfinance,未分類,英國
B27029,2016-04-27,72.21727752685547,英鎊,晉達環球策略基金 - 英國ALPHA基金 C 收益股份,yfinance,未分類,英國
B27029,2016-04-28,71.93856048583984,英鎊,晉達環球策略基金 - 英國ALPHA基金 C 收益股份,yfinance,未分類,英國
B27029,2016-04-29,71.70790100097656,英鎊,晉達環球策略基金 - 英國ALPHA基金 C 收益股份,yfinance,未分類,英國
B27029,2016-05-03,71.42918395996094,英鎊,晉達環球策略基金 - 英國ALPHA基金 C 收益股份,yfinance,未分類,英國
B27029,2016-05-04,70.99667358398438,英鎊,晉達環球策略基金 - 英國ALPHA基金 C 收益股份,yfinance,未分類,英國
B27029,2016-05-06,71.01589965820312,英鎊,晉達環球策略基金 - 英國ALPHA基金 C 收益股份,yfinance,未分類,英國
B27029,2016-05-09,71.06396484375,英鎊,晉達環球策略基金 - 英國ALPHA基金 C 收益股份,yfinance,未分類,英國
B27029,2016-05-10,71.82323455810547,英鎊,晉達環球策略基金 - 英國ALPHA基金 C 收益股份,yfinance,未分類,英國
B27029,2016-05-11,71.169677734375,英鎊,晉達環球策略基金 - 英國ALPHA基金 C 收益股份,yfinance,未分類,英國
B27029,2016-05-12,71.07356262207031,英鎊,晉達環球策略基金 - 英國ALPHA基金 C 收益股份,yfinance,未分類,英國
B27029,2016-05-13,70.7083511352539,英鎊,晉達環球策略基金 - 英國ALPHA基金 C 收益股份,yfinance,未分類,英國
B27029,2016-05-17,71.01589965820312,英鎊,晉達環球策略基金 - 英國ALPHA基金 C 收益股份,yfinance,未分類,英國
B27029,2016-05-18,71.57334899902344,英鎊,晉達環球策略基金 - 英國ALPHA基金 C 收益股份,yfinance,未分類,英國
B27029,2016-05-19,70.67952728271484,英鎊,晉達環球策略基金 - 英國ALPHA基金 C 收益股份,yfinance,未分類,英國
B27029,2016-05-20,71.63101196289062,英鎊,晉達環球策略基金 - 英國ALPHA基金 C 收益股份,yfinance,未分類,英國
B27029,2016-05-23,71.72712707519531,英鎊,晉達環球策略基金 - 英國ALPHA基金 C 收益股份,yfinance,未分類,英國
B27029,2016-05-24,72.56327056884766,英鎊,晉達環球策略基金 - 英國ALPHA基金 C 收益股份,yfinance,未分類,英國
B27029,2016-05-25,72.77472686767578,英鎊,晉達環球策略基金 - 英國ALPHA基金 C 收益股份,yfinance,未分類,英國
B27029,2016-05-26,72.60173034667969,英鎊,晉達環球策略基金 - 英國ALPHA基金 C 收益股份,yfinance,未分類,英國
B27029,2016-05-27,72.9092788696289,英鎊,晉達環球策略基金 - 英國ALPHA基金 C 收益股份,yfinance,未分類,英國
B27029,2016-05-31,72.72666931152344,英鎊,晉達環球策略基金 - 英國ALPHA基金 C 收益股份,yfinance,未分類,英國
B27029,2016-06-01,72.1692123413086,英鎊,晉達環球策略基金 - 英國ALPHA基金 C 收益股份,yfinance,未分類,英國
B27029,2016-06-02,72.24610900878906,英鎊,晉達環球策略基金 - 英國ALPHA基金 C 收益股份,yfinance,未分類,英國
B27029,2016-06-03,72.34220886230469,英鎊,晉達環球策略基金 - 英國ALPHA基金 C 收益股份,yfinance,未分類,英國
B27029,2016-06-06,72.7939453125,英鎊,晉達環球策略基金 - 英國ALPHA基金 C 收益股份,yfinance,未分類,英國
B27029,2016-06-07,72.72666931152344,英鎊,晉達環球策略基金 - 英國ALPHA基金 C 收益股份,yfinance,未分類,英國
B27029,2016-06-08,72.72666931152344,英鎊,晉達環球策略基金 - 英國ALPHA基金 C 收益股份,yfinance,未分類,英國
B27029,2016-06-09,72.06351470947266,英鎊,晉達環球策略基金 - 英國ALPHA基金 C 收益股份,yfinance,未分類,英國
B27029,2016-06-10,70.78524780273438,英鎊,晉達環球策略基金 - 英國ALPHA基金 C 收益股份,yfinance,未分類,英國
B27029,2016-06-13,69.98751831054688,英鎊,晉達環球策略基金 - 英國ALPHA基金 C 收益股份,yfinance,未分類,英國
B27029,2016-06-14,68.81497192382812,英鎊,晉達環球策略基金 - 英國ALPHA基金 C 收益股份,yfinance,未分類,英國
B27029,2016-06-15,69.1225357055664,英鎊,晉達環球策略基金 - 英國ALPHA基金 C 收益股份,yfinance,未分類,英國
B27029,2016-06-16,68.47859954833984,英鎊,晉達環球策略基金 - 英國ALPHA基金 C 收益股份,yfinance,未分類,英國
B27029,2016-06-17,69.87218475341797,英鎊,晉達環球策略基金 - 英國ALPHA基金 C 收益股份,yfinance,未分類,英國
B27029,2016-06-20,71.0351333618164,英鎊,晉達環球策略基金 - 英國ALPHA基金 C 收益股份,yfinance,未分類,英國
B27029,2016-06-21,71.43879699707031,英鎊,晉達環球策略基金 - 英國ALPHA基金 C 收益股份,yfinance,未分類,英國
B27029,2016-06-22,71.68865966796875,英鎊,晉達環球策略基金 - 英國ALPHA基金 C 收益股份,yfinance,未分類,英國
B27029,2016-06-24,69.1225357055664,英鎊,晉達環球策略基金 - 英國ALPHA基金 C 收益股份,yfinance,未分類,英國
B27029,2016-06-27,66.55638122558594,英鎊,晉達環球策略基金 - 英國ALPHA基金 C 收益股份,yfinance,未分類,英國
B27029,2016-06-28,68.82459259033203,英鎊,晉達環球策略基金 - 英國ALPHA基金 C 收益股份,yfinance,未分類,英國
B27029,2016-06-29,70.17013549804688,英鎊,晉達環球策略基金 - 英國ALPHA基金 C 收益股份,yfinance,未分類,英國
B27029,2016-06-30,72.09233856201172,英鎊,晉達環球策略基金 - 英國ALPHA基金 C 收益股份,yfinance,未分類,英國
B27029,2016-07-01,72.58248901367188,英鎊,晉達環球策略基金 - 英國ALPHA基金 C 收益股份,yfinance,未分類,英國
B27029,2016-07-04,71.91934204101562,英鎊,晉達環球策略基金 - 英國ALPHA基金 C 收益股份,yfinance,未分類,英國
B27029,2016-07-05,72.11155700683594,英鎊,晉達環球策略基金 - 英國ALPHA基金 C 收益股份,yfinance,未分類,英國
B27029,2016-07-06,72.0827407836914,英鎊,晉達環球策略基金 - 英國ALPHA基金 C 收益股份,yfinance,未分類,英國
B27029,2016-07-07,71.92893981933594,英鎊,晉達環球策略基金 - 英國ALPHA基金 C 收益股份,yfinance,未分類,英國
B27029,2016-07-08,72.64977264404297,英鎊,晉達環球策略基金 - 英國ALPHA基金 C 收益股份,yfinance,未分類,英國
B27029,2016-07-11,73.82231903076172,英鎊,晉達環球策略基金 - 英國ALPHA基金 C 收益股份,yfinance,未分類,英國
B27029,2016-07-12,73.87998962402344,英鎊,晉達環球策略基金 - 英國ALPHA基金 C 收益股份,yfinance,未分類,英國
B27029,2016-07-13,73.96649932861328,英鎊,晉達環球策略基金 - 英國ALPHA基金 C 收益股份,yfinance,未分類,英國
B27029,2016-07-14,73.92803955078125,英鎊,晉達環球策略基金 - 英國ALPHA基金 C 收益股份,yfinance,未分類,英國
B27029,2016-07-15,73.97610473632812,英鎊,晉達環球策略基金 - 英國ALPHA基金 C 收益股份,yfinance,未分類,英國
B27029,2016-07-18,74.07220458984375,英鎊,晉達環球策略基金 - 英國ALPHA基金 C 收益股份,yfinance,未分類,英國
B27029,2016-07-19,74.16831970214844,英鎊,晉達環球策略基金 - 英國ALPHA基金 C 收益股份,yfinance,未分類,英國
B27029,2016-07-20,74.7834243774414,英鎊,晉達環球策略基金 - 英國ALPHA基金 C 收益股份,yfinance,未分類,英國
B27029,2016-07-21,74.54315185546875,英鎊,晉達環球策略基金 - 英國ALPHA基金 C 收益股份,yfinance,未分類,英國
B27029,2016-07-22,74.66810607910156,英鎊,晉達環球策略基金 - 英國ALPHA基金 C 收益股份,yfinance,未分類,英國
B27029,2016-07-25,74.98526000976562,英鎊,晉達環球策略基金 - 英國ALPHA基金 C 收益股份,yfinance,未分類,英國
B27029,2016-07-26,75.18709564208984,英鎊,晉達環球策略基金 - 英國ALPHA基金 C 收益股份,yfinance,未分類,英國
B27029,2016-07-27,75.52348327636719,英鎊,晉達環球策略基金 - 英國ALPHA基金 C 收益股份,yfinance,未分類,英國
B27029,2016-07-28,75.6099853515625,英鎊,晉達環球策略基金 - 英國ALPHA基金 C 收益股份,yfinance,未分類,英國
B27029,2016-07-29,75.30241394042969,英鎊,晉達環球策略基金 - 英國ALPHA基金 C 收益股份,yfinance,未分類,英國
B27029,2016-08-01,74.99486541748047,英鎊,晉達環球策略基金 - 英國ALPHA基金 C 收益股份,yfinance,未分類,英國
B27029,2016-08-02,74.61042785644531,英鎊,晉達環球策略基金 - 英國ALPHA基金 C 收益股份,yfinance,未分類,英國
B27029,2016-08-03,74.26445007324219,英鎊,晉達環球策略基金 - 英國ALPHA基金 C 收益股份,yfinance,未分類,英國
B27029,2016-08-04,75.29280853271484,英鎊,晉達環球策略基金 - 英國ALPHA基金 C 收益股份,yfinance,未分類,英國
B27029,2016-08-05,75.89830780029297,英鎊,晉達環球策略基金 - 英國ALPHA基金 C 收益股份,yfinance,未分類,英國
B27029,2016-08-08,75.98480987548828,英鎊,晉達環球策略基金 - 英國ALPHA基金 C 收益股份,yfinance,未分類,英國
B27029,2016-08-09,76.30196380615234,英鎊,晉達環球策略基金 - 英國ALPHA基金 C 收益股份,yfinance,未分類,英國
B27029,2016-08-10,76.62874603271484,英鎊,晉達環球策略基金 - 英國ALPHA基金 C 收益股份,yfinance,未分類,英國
B27029,2016-08-11,77.3687973022461,英鎊,晉達環球策略基金 - 英國ALPHA基金 C 收益股份,yfinance,未分類,英國
B27029,2016-08-12,77.34957122802734,英鎊,晉達環球策略基金 - 英國ALPHA基金 C 收益股份,yfinance,未分類,英國
B27029,2016-08-16,76.82096862792969,英鎊,晉達環球策略基金 - 英國ALPHA基金 C 收益股份,yfinance,未分類,英國
B27029,2016-08-17,76.46536254882812,英鎊,晉達環球策略基金 - 英國ALPHA基金 C 收益股份,yfinance,未分類,英國
B27029,2016-08-18,76.73446655273438,英鎊,晉達環球策略基金 - 英國ALPHA基金 C 收益股份,yfinance,未分類,英國
B27029,2016-08-19,76.74407958984375,英鎊,晉達環球策略基金 - 英國ALPHA基金 C 收益股份,yfinance,未分類,英國
B27029,2016-08-22,76.5806884765625,英鎊,晉達環球策略基金 - 英國ALPHA基金 C 收益股份,yfinance,未分類,英國
B27029,2016-08-23,76.89785766601562,英鎊,晉達環球策略基金 - 英國ALPHA基金 C 收益股份,yfinance,未分類,英國
B27029,2016-08-24,76.57107543945312,英鎊,晉達環球策略基金 - 英國ALPHA基金 C 收益股份,yfinance,未分類,英國
B27029,2016-08-25,76.51341247558594,英鎊,晉達環球策略基金 - 英國ALPHA基金 C 收益股份,yfinance,未分類,英國
B27029,2016-08-26,76.68640899658203,英鎊,晉達環球策略基金 - 英國ALPHA基金 C 收益股份,yfinance,未分類,英國
B27029,2016-08-30,76.90746307373047,英鎊,晉達環球策略基金 - 英國ALPHA基金 C 收益股份,yfinance,未分類,英國
B27029,2016-08-31,76.10014343261719,英鎊,晉達環球策略基金 - 英國ALPHA基金 C 收益股份,yfinance,未分類,英國
B27029,2016-09-01,76.39807891845703,英鎊,晉達環球策略基金 - 英國ALPHA基金 C 收益股份,yfinance,未分類,英國
B27029,2016-09-02,77.2054214477539,英鎊,晉達環球策略基金 - 英國ALPHA基金 C 收益股份,yfinance,未分類,英國
B27029,2016-09-05,77.57062530517578,英鎊,晉達環球策略基金 - 英國ALPHA基金 C 收益股份,yfinance,未分類,英國
B27029,2016-09-06,76.73446655273438,英鎊,晉達環球策略基金 - 英國ALPHA基金 C 收益股份,yfinance,未分類,英國
B27029,2016-09-07,77.484130859375,英鎊,晉達環球策略基金 - 英國ALPHA基金 C 收益股份,yfinance,未分類,英國
B27029,2016-09-08,77.37841033935547,英鎊,晉達環球策略基金 - 英國ALPHA基金 C 收益股份,yfinance,未分類,英國
B27029,2016-09-09,75.89830780029297,英鎊,晉達環球策略基金 - 英國ALPHA基金 C 收益股份,yfinance,未分類,英國
B27029,2016-09-12,76.20585632324219,英鎊,晉達環球策略基金 - 英國ALPHA基金 C 收益股份,yfinance,未分類,英國
B27029,2016-09-13,75.1678695678711,英鎊,晉達環球策略基金 - 英國ALPHA基金 C 收益股份,yfinance,未分類,英國
B27029,2016-09-14,75.283203125,英鎊,晉達環球策略基金 - 英國ALPHA基金 C 收益股份,yfinance,未分類,英國
B27029,2016-09-15,75.965576171875,英鎊,晉達環球策略基金 - 英國ALPHA基金 C 收益股份,yfinance,未分類,英國
B27029,2016-09-16,75.90790557861328,英鎊,晉達環球策略基金 - 英國ALPHA基金 C 收益股份,yfinance,未分類,英國
B27029,2016-09-19,76.54225158691406,英鎊,晉達環球策略基金 - 英國ALPHA基金 C 收益股份,yfinance,未分類,英國
B27029,2016-09-20,76.64796447753906,英鎊,晉達環球策略基金 - 英國ALPHA基金 C 收益股份,yfinance,未分類,英國
B27029,2016-09-21,76.94590759277344,英鎊,晉達環球策略基金 - 英國ALPHA基金 C 收益股份,yfinance,未分類,英國
B27029,2016-09-22,77.17656707763672,英鎊,晉達環球策略基金 - 英國ALPHA基金 C 收益股份,yfinance,未分類,英國
B27029,2016-09-23,76.97473907470703,英鎊,晉達環球策略基金 - 英國ALPHA基金 C 收益股份,yfinance,未分類,英國
B27029,2016-09-26,76.12896728515625,英鎊,晉達環球策略基金 - 英國ALPHA基金 C 收益股份,yfinance,未分類,英國
B27029,2016-09-27,76.12896728515625,英鎊,晉達環球策略基金 - 英國ALPHA基金 C 收益股份,yfinance,未分類,英國
B27029,2016-09-28,76.78251647949219,英鎊,晉達環球策略基金 - 英國ALPHA基金 C 收益股份,yfinance,未分類,英國
B27029,2016-09-29,76.39807891845703,英鎊,晉達環球策略基金 - 英國ALPHA基金 C 收益股份,yfinance,未分類,英國
B27029,2016-09-30,76.63835144042969,英鎊,晉達環球策略基金 - 英國ALPHA基金 C 收益股份,yfinance,未分類,英國
B27029,2016-10-03,77.59945678710938,英鎊,晉達環球策略基金 - 英國ALPHA基金 C 收益股份,yfinance,未分類,英國
B27029,2016-10-04,78.3875732421875,英鎊,晉達環球策略基金 - 英國ALPHA基金 C 收益股份,yfinance,未分類,英國
B27029,2016-10-05,77.84934997558594,英鎊,晉達環球策略基金 - 英國ALPHA基金 C 收益股份,yfinance,未分類,英國
B27029,2016-10-06,77.6186752319336,英鎊,晉達環球策略基金 - 英國ALPHA基金 C 收益股份,yfinance,未分類,英國
B27029,2016-10-07,77.55139923095703,英鎊,晉達環球策略基金 - 英國ALPHA基金 C 收益股份,yfinance,未分類,英國
B27029,2016-10-10,77.83013153076172,英鎊,晉達環球策略基金 - 英國ALPHA基金 C 收益股份,yfinance,未分類,英國
B27029,2016-10-11,77.97428894042969,英鎊,晉達環球策略基金 - 英國ALPHA基金 C 收益股份,yfinance,未分類,英國
B27029,2016-10-12,77.44568634033203,英鎊,晉達環球策略基金 - 英國ALPHA基金 C 收益股份,yfinance,未分類,英國
B27029,2016-10-13,77.27268981933594,英鎊,晉達環球策略基金 - 英國ALPHA基金 C 收益股份,yfinance,未分類,英國
B27029,2016-10-14,77.56101989746094,英鎊,晉達環球策略基金 - 英國ALPHA基金 C 收益股份,yfinance,未分類,英國
B27029,2016-10-17,77.02278900146484,英鎊,晉達環球策略基金 - 英國ALPHA基金 C 收益股份,yfinance,未分類,英國
B27029,2016-10-18,77.46488952636719,英鎊,晉達環球策略基金 - 英國ALPHA基金 C 收益股份,yfinance,未分類,英國
B27029,2016-10-19,77.65711975097656,英鎊,晉達環球策略基金 - 英國ALPHA基金 C 收益股份,yfinance,未分類,英國
B27029,2016-10-20,77.46488952636719,英鎊,晉達環球策略基金 - 英國ALPHA基金 C 收益股份,yfinance,未分類,英國
B27029,2016-10-21,77.40724182128906,英鎊,晉達環球策略基金 - 英國ALPHA基金 C 收益股份,yfinance,未分類,英國
B27029,2016-10-24,77.2246322631836,英鎊,晉達環球策略基金 - 英國ALPHA基金 C 收益股份,yfinance,未分類,英國
B27029,2016-10-25,77.25344848632812,英鎊,晉達環球策略基金 - 英國ALPHA基金 C 收益股份,yfinance,未分類,英國
B27029,2016-10-26,76.66719055175781,英鎊,晉達環球策略基金 - 英國ALPHA基金 C 收益股份,yfinance,未分類,英國
B27029,2016-10-27,76.66719055175781,英鎊,晉達環球策略基金 - 英國ALPHA基金 C 收益股份,yfinance,未分類,英國
B27029,2016-10-28,77.04203796386719,英鎊,晉達環球策略基金 - 英國ALPHA基金 C 收益股份,yfinance,未分類,英國
B27029,2016-10-31,76.81136322021484,英鎊,晉達環球策略基金 - 英國ALPHA基金 C 收益股份,yfinance,未分類,英國
B27029,2016-11-02,75.8502426147461,英鎊,晉達環球策略基金 - 英國ALPHA基金 C 收益股份,yfinance,未分類,英國
B27029,2016-11-03,75.4273681640625,英鎊,晉達環球策略基金 - 英國ALPHA基金 C 收益股份,yfinance,未分類,英國
B27029,2016-11-04,74.37014770507812,英鎊,晉達環球策略基金 - 英國ALPHA基金 C 收益股份,yfinance,未分類,英國
B27029,2016-11-07,75.3216552734375,英鎊,晉達環球策略基金 - 英國ALPHA基金 C 收益股份,yfinance,未分類,英國
B27029,2016-11-08,75.56193542480469,英鎊,晉達環球策略基金 - 英國ALPHA基金 C 收益股份,yfinance,未分類,英國
B27029,2016-11-09,75.86947631835938,英鎊,晉達環球策略基金 - 英國ALPHA基金 C 收益股份,yfinance,未分類,英國
B27029,2016-11-10,74.98526000976562,英鎊,晉達環球策略基金 - 英國ALPHA基金 C 收益股份,yfinance,未分類,英國
B27029,2016-11-11,74.25482177734375,英鎊,晉達環球策略基金 - 英國ALPHA基金 C 收益股份,yfinance,未分類,英國
B27029,2016-11-14,74.1298828125,英鎊,晉達環球策略基金 - 英國ALPHA基金 C 收益股份,yfinance,未分類,英國
B27029,2016-11-15,74.8507080078125,英鎊,晉達環球策略基金 - 英國ALPHA基金 C 收益股份,yfinance,未分類,英國
B27029,2016-11-16,74.3124771118164,英鎊,晉達環球策略基金 - 英國ALPHA基金 C 收益股份,yfinance,未分類,英國
B27029,2016-11-17,74.86031341552734,英鎊,晉達環球策略基金 - 英國ALPHA基金 C 收益股份,yfinance,未分類,英國
B27029,2016-11-18,74.812255859375,英鎊,晉達環球策略基金 - 英國ALPHA基金 C 收益股份,yfinance,未分類,英國
B27029,2016-11-21,74.56236267089844,英鎊,晉達環球策略基金 - 英國ALPHA基金 C 收益股份,yfinance,未分類,英國
B27029,2016-11-22,75.03330993652344,英鎊,晉達環球策略基金 - 英國ALPHA基金 C 收益股份,yfinance,未分類,英國
B27029,2016-11-23,75.46581268310547,英鎊,晉達環球策略基金 - 英國ALPHA基金 C 收益股份,yfinance,未分類,英國
B27029,2016-11-24,75.283203125,英鎊,晉達環球策略基金 - 英國ALPHA基金 C 收益股份,yfinance,未分類,英國
B27029,2016-11-25,75.40814208984375,英鎊,晉達環球策略基金 - 英國ALPHA基金 C 收益股份,yfinance,未分類,英國
B27029,2016-11-28,74.93720245361328,英鎊,晉達環球策略基金 - 英國ALPHA基金 C 收益股份,yfinance,未分類,英國
B27029,2016-11-29,74.76420593261719,英鎊,晉達環球策略基金 - 英國ALPHA基金 C 收益股份,yfinance,未分類,英國
B27029,2016-11-30,74.79303741455078,英鎊,晉達環球策略基金 - 英國ALPHA基金 C 收益股份,yfinance,未分類,英國
B27029,2016-12-01,74.21639251708984,英鎊,晉達環球策略基金 - 英國ALPHA基金 C 收益股份,yfinance,未分類,英國
B27029,2016-12-02,74.06259155273438,英鎊,晉達環球策略基金 - 英國ALPHA基金 C 收益股份,yfinance,未分類,英國
B27029,2016-12-05,74.34131622314453,英鎊,晉達環球策略基金 - 英國ALPHA基金 C 收益股份,yfinance,未分類,英國
B27029,2016-12-06,74.43743133544922,英鎊,晉達環球策略基金 - 英國ALPHA基金 C 收益股份,yfinance,未分類,英國
B27029,2016-12-07,75.65802001953125,英鎊,晉達環球策略基金 - 英國ALPHA基金 C 收益股份,yfinance,未分類,英國
B27029,2016-12-08,75.84065246582031,英鎊,晉達環球策略基金 - 英國ALPHA基金 C 收益股份,yfinance,未分類,英國
B27029,2016-12-09,76.359619140625,英鎊,晉達環球策略基金 - 英國ALPHA基金 C 收益股份,yfinance,未分類,英國
B27029,2016-12-12,75.4561996459961,英鎊,晉達環球策略基金 - 英國ALPHA基金 C 收益股份,yfinance,未分類,英國
B27029,2016-12-13,76.15780639648438,英鎊,晉達環球策略基金 - 英國ALPHA基金 C 收益股份,yfinance,未分類,英國
B27029,2016-12-14,75.65802001953125,英鎊,晉達環球策略基金 - 英國ALPHA基金 C 收益股份,yfinance,未分類,英國
B27029,2016-12-15,76.47496032714844,英鎊,晉達環球策略基金 - 英國ALPHA基金 C 收益股份,yfinance,未分類,英國
B27029,2016-12-16,76.54225158691406,英鎊,晉達環球策略基金 - 英國ALPHA基金 C 收益股份,yfinance,未分類,英國
B27029,2016-12-19,76.71524810791016,英鎊,晉達環球策略基金 - 英國ALPHA基金 C 收益股份,yfinance,未分類,英國
B27029,2016-12-20,76.94590759277344,英鎊,晉達環球策略基金 - 英國ALPHA基金 C 收益股份,yfinance,未分類,英國
B27029,2016-12-21,76.86902618408203,英鎊,晉達環球策略基金 - 英國ALPHA基金 C 收益股份,yfinance,未分類,英國
B27029,2016-12-22,77.2246322631836,英鎊,晉達環球策略基金 - 英國ALPHA基金 C 收益股份,yfinance,未分類,英國
B27029,2016-12-23,77.29190063476562,英鎊,晉達環球策略基金 - 英國ALPHA基金 C 收益股份,yfinance,未分類,英國
B27029,2016-12-28,77.43607330322266,英鎊,晉達環球策略基金 - 英國ALPHA基金 C 收益股份,yfinance,未分類,英國
B27029,2016-12-29,77.7436294555664,英鎊,晉達環球策略基金 - 英國ALPHA基金 C 收益股份,yfinance,未分類,英國
B27029,2016-12-30,77.80127716064453,英鎊,晉達環球策略基金 - 英國ALPHA基金 C 收益股份,yfinance,未分類,英國
B24051,2016-01-04,1.4953256845474243,英鎊,霸菱全球農業基金-A類英鎊,yfinance,未分類,全球市場
B24051,2016-01-05,1.5022032260894775,英鎊,霸菱全球農業基金-A類英鎊,yfinance,未分類,全球市場
B24051,2016-01-06,1.4825536012649536,英鎊,霸菱全球農業基金-A類英鎊,yfinance,未分類,全球市場
B24051,2016-01-07,1.4579918384552002,英鎊,霸菱全球農業基金-A類英鎊,yfinance,未分類,全球市場
B24051,2016-01-08,1.471746563911438,英鎊,霸菱全球農業基金-A類英鎊,yfinance,未分類,全球市場
B24051,2016-01-11,1.4648691415786743,英鎊,霸菱全球農業基金-A類英鎊,yfinance,未分類,全球市場
B24051,2016-01-12,1.4796062707901,英鎊,霸菱全球農業基金-A類英鎊,yfinance,未分類,全球市場
B24051,2016-01-13,1.499255657196045,英鎊,霸菱全球農業基金-A類英鎊,yfinance,未分類,全球市場
B24051,2016-01-14,1.4727288484573364,英鎊,霸菱全球農業基金-A類英鎊,yfinance,未分類,全球市場
B24051,2016-01-15,1.4638866186141968,英鎊,霸菱全球農業基金-A類英鎊,yfinance,未分類,全球市場
B24051,2016-01-18,1.4629039764404297,英鎊,霸菱全球農業基金-A類英鎊,yfinance,未分類,全球市場
B24051,2016-01-19,1.4825536012649536,英鎊,霸菱全球農業基金-A類英鎊,yfinance,未分類,全球市場
B24051,2016-01-20,1.4403072595596313,英鎊,霸菱全球農業基金-A類英鎊,yfinance,未分類,全球市場
B24051,2016-01-21,1.443254828453064,英鎊,霸菱全球農業基金-A類英鎊,yfinance,未分類,全球市場
B24051,2016-01-22,1.4560267925262451,英鎊,霸菱全球農業基金-A類英鎊,yfinance,未分類,全球市場
B24051,2016-01-25,1.4648691415786743,英鎊,霸菱全球農業基金-A類英鎊,yfinance,未分類,全球市場
B24051,2016-01-26,1.4403072595596313,英鎊,霸菱全球農業基金-A類英鎊,yfinance,未分類,全球市場
B24051,2016-01-27,1.453079342842102,英鎊,霸菱全球農業基金-A類英鎊,yfinance,未分類,全球市場
B24051,2016-01-28,1.4570094347000122,英鎊,霸菱全球農業基金-A類英鎊,yfinance,未分類,全球市場
B24051,2016-01-29,1.475676417350769,英鎊,霸菱全球農業基金-A類英鎊,yfinance,未分類,全球市場
B24051,2016-02-01,1.5051504373550415,英鎊,霸菱全球農業基金-A類英鎊,yfinance,未分類,全球市場
B24051,2016-02-02,1.4884485006332397,英鎊,霸菱全球農業基金-A類英鎊,yfinance,未分類,全球市場
B24051,2016-02-03,1.4658515453338623,英鎊,霸菱全球農業基金-A類英鎊,yfinance,未分類,全球市場
B24051,2016-02-04,1.4727288484573364,英鎊,霸菱全球農業基金-A類英鎊,yfinance,未分類,全球市場
B24051,2016-02-05,1.4913959503173828,英鎊,霸菱全球農業基金-A類英鎊,yfinance,未分類,全球市場
B24051,2016-02-08,1.480588674545288,英鎊,霸菱全球農業基金-A類英鎊,yfinance,未分類,全球市場
B24051,2016-02-09,1.473711371421814,英鎊,霸菱全球農業基金-A類英鎊,yfinance,未分類,全球市場
B24051,2016-02-10,1.4796062707901,英鎊,霸菱全球農業基金-A類英鎊,yfinance,未分類,全球市場
B24051,2016-02-11,1.4452193975448608,英鎊,霸菱全球農業基金-A類英鎊,yfinance,未分類,全球市場
B24051,2016-02-12,1.4324473142623901,英鎊,霸菱全球農業基金-A類英鎊,yfinance,未分類,全球市場
B24051,2016-02-15,1.4796062707901,英鎊,霸菱全球農業基金-A類英鎊,yfinance,未分類,全球市場
B24051,2016-02-16,1.475676417350769,英鎊,霸菱全球農業基金-A類英鎊,yfinance,未分類,全球市場
B24051,2016-02-17,1.504168152809143,英鎊,霸菱全球農業基金-A類英鎊,yfinance,未分類,全球市場
B24051,2016-02-18,1.5169402360916138,英鎊,霸菱全球農業基金-A類英鎊,yfinance,未分類,全球市場
B24051,2016-02-19,1.5297123193740845,英鎊,霸菱全球農業基金-A類英鎊,yfinance,未分類,全球市場
B24051,2016-02-22,1.5503443479537964,英鎊,霸菱全球農業基金-A類英鎊,yfinance,未分類,全球市場
B24051,2016-02-23,1.552309274673462,英鎊,霸菱全球農業基金-A類英鎊,yfinance,未分類,全球市場
B24051,2016-02-24,1.555256724357605,英鎊,霸菱全球農業基金-A類英鎊,yfinance,未分類,全球市場
B24051,2016-02-25,1.552309274673462,英鎊,霸菱全球農業基金-A類英鎊,yfinance,未分類,全球市場
B24051,2016-02-26,1.5739238262176514,英鎊,霸菱全球農業基金-A類英鎊,yfinance,未分類,全球市場
B24051,2016-02-29,1.581783652305603,英鎊,霸菱全球農業基金-A類英鎊,yfinance,未分類,全球市場
B24051,2016-03-01,1.585713267326355,英鎊,霸菱全球農業基金-A類英鎊,yfinance,未分類,全球市場
B24051,2016-03-02,1.5945558547973633,英鎊,霸菱全球農業基金-A類英鎊,yfinance,未分類,全球市場
B24051,2016-03-03,1.582766056060791,英鎊,霸菱全球農業基金-A類英鎊,yfinance,未分類,全球市場
B24051,2016-03-04,1.585713267326355,英鎊,霸菱全球農業基金-A類英鎊,yfinance,未分類,全球市場
B24051,2016-03-07,1.585713267326355,英鎊,霸菱全球農業基金-A類英鎊,yfinance,未分類,全球市場
B24051,2016-03-08,1.585713267326355,英鎊,霸菱全球農業基金-A類英鎊,yfinance,未分類,全球市場
B24051,2016-03-09,1.583748459815979,英鎊,霸菱全球農業基金-A類英鎊,yfinance,未分類,全球市場
B24051,2016-03-10,1.5935730934143066,英鎊,霸菱全球農業基金-A類英鎊,yfinance,未分類,全球市場
B24051,2016-03-11,1.582766056060791,英鎊,霸菱全球農業基金-A類英鎊,yfinance,未分類,全球市場
B24051,2016-03-14,1.5955382585525513,英鎊,霸菱全球農業基金-A類英鎊,yfinance,未分類,全球市場
B24051,2016-03-15,1.607327938079834,英鎊,霸菱全球農業基金-A類英鎊,yfinance,未分類,全球市場
B24051,2016-03-16,1.6004506349563599,英鎊,霸菱全球農業基金-A類英鎊,yfinance,未分類,全球市場
B24051,2016-03-17,1.5945558547973633,英鎊,霸菱全球農業基金-A類英鎊,yfinance,未分類,全球市場
B24051,2016-03-18,1.5965207815170288,英鎊,霸菱全球農業基金-A類英鎊,yfinance,未分類,全球市場
B24051,2016-03-21,1.6053630113601685,英鎊,霸菱全球農業基金-A類英鎊,yfinance,未分類,全球市場
B24051,2016-03-22,1.611257791519165,英鎊,霸菱全球農業基金-A類英鎊,yfinance,未分類,全球市場
B24051,2016-03-23,1.6210825443267822,英鎊,霸菱全球農業基金-A類英鎊,yfinance,未分類,全球市場
B24051,2016-03-24,1.6092926263809204,英鎊,霸菱全球農業基金-A類英鎊,yfinance,未分類,全球市場
B24051,2016-03-29,1.5965207815170288,英鎊,霸菱全球農業基金-A類英鎊,yfinance,未分類,全球市場
B24051,2016-03-30,1.6043803691864014,英鎊,霸菱全球農業基金-A類英鎊,yfinance,未分類,全球市場
B24051,2016-03-31,1.6053630113601685,英鎊,霸菱全球農業基金-A類英鎊,yfinance,未分類,全球市場
B24051,2016-04-01,1.5975031852722168,英鎊,霸菱全球農業基金-A類英鎊,yfinance,未分類,全球市場
B24051,2016-04-04,1.617152452468872,英鎊,霸菱全球農業基金-A類英鎊,yfinance,未分類,全球市場
B24051,2016-04-05,1.6014329195022583,英鎊,霸菱全球農業基金-A類英鎊,yfinance,未分類,全球市場
B24051,2016-04-06,1.6092926263809204,英鎊,霸菱全球農業基金-A類英鎊,yfinance,未分類,全球市場
B24051,2016-04-07,1.6132227182388306,英鎊,霸菱全球農業基金-A類英鎊,yfinance,未分類,全球市場
B24051,2016-04-08,1.611257791519165,英鎊,霸菱全球農業基金-A類英鎊,yfinance,未分類,全球市場
B24051,2016-04-11,1.6014329195022583,英鎊,霸菱全球農業基金-A類英鎊,yfinance,未分類,全球市場
B24051,2016-04-12,1.5925908088684082,英鎊,霸菱全球農業基金-A類英鎊,yfinance,未分類,全球市場
B24051,2016-04-13,1.6132227182388306,英鎊,霸菱全球農業基金-A類英鎊,yfinance,未分類,全球市場
B24051,2016-04-14,1.6309072971343994,英鎊,霸菱全球農業基金-A類英鎊,yfinance,未分類,全球市場
B24051,2016-04-15,1.6201001405715942,英鎊,霸菱全球農業基金-A類英鎊,yfinance,未分類,全球市場
B24051,2016-04-18,1.6220648288726807,英鎊,霸菱全球農業基金-A類英鎊,yfinance,未分類,全球市場
B24051,2016-04-19,1.6210825443267822,英鎊,霸菱全球農業基金-A類英鎊,yfinance,未分類,全球市場
B24051,2016-04-20,1.6417144536972046,英鎊,霸菱全球農業基金-A類英鎊,yfinance,未分類,全球市場
B24051,2016-04-21,1.6446620225906372,英鎊,霸菱全球農業基金-A類英鎊,yfinance,未分類,全球市場
B24051,2016-04-22,1.6318897008895874,英鎊,霸菱全球農業基金-A類英鎊,yfinance,未分類,全球市場
B24051,2016-04-25,1.6191174983978271,英鎊,霸菱全球農業基金-A類英鎊,yfinance,未分類,全球市場
B24051,2016-04-26,1.6033978462219238,英鎊,霸菱全球農業基金-A類英鎊,yfinance,未分類,全球市場
B24051,2016-04-27,1.6043803691864014,英鎊,霸菱全球農業基金-A類英鎊,yfinance,未分類,全球市場
B24051,2016-04-28,1.6122404336929321,英鎊,霸菱全球農業基金-A類英鎊,yfinance,未分類,全球市場
B24051,2016-04-29,1.617152452468872,英鎊,霸菱全球農業基金-A類英鎊,yfinance,未分類,全球市場
B24051,2016-05-03,1.617152452468872,英鎊,霸菱全球農業基金-A類英鎊,yfinance,未分類,全球市場
B24051,2016-05-04,1.6083102226257324,英鎊,霸菱全球農業基金-A類英鎊,yfinance,未分類,全球市場
B24051,2016-05-05,1.6053630113601685,英鎊,霸菱全球農業基金-A類英鎊,yfinance,未分類,全球市場
B24051,2016-05-06,1.5916082859039307,英鎊,霸菱全球農業基金-A類英鎊,yfinance,未分類,全球市場
B24051,2016-05-09,1.6063454151153564,英鎊,霸菱全球農業基金-A類英鎊,yfinance,未分類,全球市場
B24051,2016-05-10,1.6092926263809204,英鎊,霸菱全球農業基金-A類英鎊,yfinance,未分類,全球市場
B24051,2016-05-11,1.6279598474502563,英鎊,霸菱全球農業基金-A類英鎊,yfinance,未分類,全球市場
B24051,2016-05-12,1.6210825443267822,英鎊,霸菱全球農業基金-A類英鎊,yfinance,未分類,全球市場
B24051,2016-05-13,1.6230474710464478,英鎊,霸菱全球農業基金-A類英鎊,yfinance,未分類,全球市場
B24051,2016-05-16,1.6230474710464478,英鎊,霸菱全球農業基金-A類英鎊,yfinance,未分類,全球市場
B24051,2016-05-17,1.6122404336929321,英鎊,霸菱全球農業基金-A類英鎊,yfinance,未分類,全球市場
B24051,2016-05-18,1.5955382585525513,英鎊,霸菱全球農業基金-A類英鎊,yfinance,未分類,全球市場
B24051,2016-05-19,1.5631165504455566,英鎊,霸菱全球農業基金-A類英鎊,yfinance,未分類,全球市場
B24051,2016-05-20,1.5768711566925049,英鎊,霸菱全球農業基金-A類英鎊,yfinance,未分類,全球市場
B24051,2016-05-23,1.5866961479187012,英鎊,霸菱全球農業基金-A類英鎊,yfinance,未分類,全球市場
B24051,2016-05-24,1.5788360834121704,英鎊,霸菱全球農業基金-A類英鎊,yfinance,未分類,全球市場
B24051,2016-05-25,1.5896433591842651,英鎊,霸菱全球農業基金-A類英鎊,yfinance,未分類,全球市場
B24051,2016-05-26,1.5945558547973633,英鎊,霸菱全球農業基金-A類英鎊,yfinance,未分類,全球市場
B24051,2016-05-27,1.6014329195022583,英鎊,霸菱全球農業基金-A類英鎊,yfinance,未分類,全球市場
B24051,2016-05-31,1.6043803691864014,英鎊,霸菱全球農業基金-A類英鎊,yfinance,未分類,全球市場
B24051,2016-06-01,1.6220648288726807,英鎊,霸菱全球農業基金-A類英鎊,yfinance,未分類,全球市場
B24051,2016-06-02,1.6259948015213013,英鎊,霸菱全球農業基金-A類英鎊,yfinance,未分類,全球市場
B24051,2016-06-03,1.6318897008895874,英鎊,霸菱全球農業基金-A類英鎊,yfinance,未分類,全球市場
B24051,2016-06-06,1.6466269493103027,英鎊,霸菱全球農業基金-A類英鎊,yfinance,未分類,全球市場
B24051,2016-06-07,1.6318897008895874,英鎊,霸菱全球農業基金-A類英鎊,yfinance,未分類,全球市場
B24051,2016-06-08,1.6368019580841064,英鎊,霸菱全球農業基金-A類英鎊,yfinance,未分類,全球市場
B24051,2016-06-09,1.6426970958709717,英鎊,霸菱全球農業基金-A類英鎊,yfinance,未分類,全球市場
B24051,2016-06-10,1.6397494077682495,英鎊,霸菱全球農業基金-A類英鎊,yfinance,未分類,全球市場
B24051,2016-06-13,1.6466269493103027,英鎊,霸菱全球農業基金-A類英鎊,yfinance,未分類,全球市場
B24051,2016-06-14,1.6240298748016357,英鎊,霸菱全球農業基金-A類英鎊,yfinance,未分類,全球市場
B24051,2016-06-15,1.6230474710464478,英鎊,霸菱全球農業基金-A類英鎊,yfinance,未分類,全球市場
B24051,2016-06-16,1.617152452468872,英鎊,霸菱全球農業基金-A類英鎊,yfinance,未分類,全球市場
B24051,2016-06-17,1.6122404336929321,英鎊,霸菱全球農業基金-A類英鎊,yfinance,未分類,全球市場
B24051,2016-06-20,1.6033978462219238,英鎊,霸菱全球農業基金-A類英鎊,yfinance,未分類,全球市場
B24051,2016-06-21,1.583748459815979,英鎊,霸菱全球農業基金-A類英鎊,yfinance,未分類,全球市場
B24051,2016-06-22,1.58767831325531,英鎊,霸菱全球農業基金-A類英鎊,yfinance,未分類,全球市場
B24051,2016-06-23,1.5739238262176514,英鎊,霸菱全球農業基金-A類英鎊,yfinance,未分類,全球市場
B24051,2016-06-24,1.6358195543289185,英鎊,霸菱全球農業基金-A類英鎊,yfinance,未分類,全球市場
B24051,2016-06-27,1.6898558139801025,英鎊,霸菱全球農業基金-A類英鎊,yfinance,未分類,全球市場
B24051,2016-06-28,1.661363959312439,英鎊,霸菱全球農業基金-A類英鎊,yfinance,未分類,全球市場
B24051,2016-06-29,1.6721713542938232,英鎊,霸菱全球農業基金-A類英鎊,yfinance,未分類,全球市場
B24051,2016-06-30,1.6839606761932373,英鎊,霸菱全球農業基金-A類英鎊,yfinance,未分類,全球市場
B24051,2016-07-01,1.7340669631958008,英鎊,霸菱全球農業基金-A類英鎊,yfinance,未分類,全球市場
B24051,2016-07-04,1.7389795780181885,英鎊,霸菱全球農業基金-A類英鎊,yfinance,未分類,全球市場
B24051,2016-07-05,1.7429091930389404,英鎊,霸菱全球農業基金-A類英鎊,yfinance,未分類,全球市場
B24051,2016-07-06,1.745856761932373,英鎊,霸菱全球農業基金-A類英鎊,yfinance,未分類,全球市場
B24051,2016-07-07,1.7448742389678955,英鎊,霸菱全球農業基金-A類英鎊,yfinance,未分類,全球市場
B24051,2016-07-08,1.7586289644241333,英鎊,霸菱全球農業基金-A類英鎊,yfinance,未分類,全球市場
B24051,2016-07-11,1.7861382961273193,英鎊,霸菱全球農業基金-A類英鎊,yfinance,未分類,全球市場
B24051,2016-07-12,1.7714011669158936,英鎊,霸菱全球農業基金-A類英鎊,yfinance,未分類,全球市場
B24051,2016-07-13,1.765506386756897,英鎊,霸菱全球農業基金-A類英鎊,yfinance,未分類,全球市場
B24051,2016-07-14,1.7704185247421265,英鎊,霸菱全球農業基金-A類英鎊,yfinance,未分類,全球市場
B24051,2016-07-15,1.7782783508300781,英鎊,霸菱全球農業基金-A類英鎊,yfinance,未分類,全球市場
B24051,2016-07-18,1.7930153608322144,英鎊,霸菱全球農業基金-A類英鎊,yfinance,未分類,全球市場
B24051,2016-07-19,1.8077527284622192,英鎊,霸菱全球農業基金-A類英鎊,yfinance,未分類,全球市場
B24051,2016-07-20,1.802840232849121,英鎊,霸菱全球農業基金-A類英鎊,yfinance,未分類,全球市場
B24051,2016-07-21,1.8048052787780762,英鎊,霸菱全球農業基金-A類英鎊,yfinance,未分類,全球市場
B24051,2016-07-22,1.8097176551818848,英鎊,霸菱全球農業基金-A類英鎊,yfinance,未分類,全球市場
B24051,2016-07-25,1.8067700862884521,英鎊,霸菱全球農業基金-A類英鎊,yfinance,未分類,全球市場
B24051,2016-07-26,1.802840232849121,英鎊,霸菱全球農業基金-A類英鎊,yfinance,未分類,全球市場
B24051,2016-07-27,1.8136475086212158,英鎊,霸菱全球農業基金-A類英鎊,yfinance,未分類,全球市場
B24051,2016-07-28,1.8107001781463623,英鎊,霸菱全球農業基金-A類英鎊,yfinance,未分類,全球市場
B24051,2016-07-29,1.802840232849121,英鎊,霸菱全球農業基金-A類英鎊,yfinance,未分類,全球市場
B24051,2016-08-01,1.8152580261230469,英鎊,霸菱全球農業基金-A類英鎊,yfinance,未分類,全球市場
B24051,2016-08-02,1.8024673461914062,英鎊,霸菱全球農業基金-A類英鎊,yfinance,未分類,全球市場
B24051,2016-08-03,1.7798383235931396,英鎊,霸菱全球農業基金-A類英鎊,yfinance,未分類,全球市場
B24051,2016-08-04,1.7886930704116821,英鎊,霸菱全球農業基金-A類英鎊,yfinance,未分類,全球市場
B24051,2016-08-05,1.8014835119247437,英鎊,霸菱全球農業基金-A類英鎊,yfinance,未分類,全球市場
B24051,2016-08-08,1.8221449851989746,英鎊,霸菱全球農業基金-A類英鎊,yfinance,未分類,全球市場
B24051,2016-08-09,1.8408387899398804,英鎊,霸菱全球農業基金-A類英鎊,yfinance,未分類,全球市場
B24051,2016-08-10,1.8447741270065308,英鎊,霸菱全球農業基金-A類英鎊,yfinance,未分類,全球市場
B24051,2016-08-11,1.8555970191955566,英鎊,霸菱全球農業基金-A類英鎊,yfinance,未分類,全球市場
B24051,2016-08-12,1.8644518852233887,英鎊,霸菱全球農業基金-A類英鎊,yfinance,未分類,全球市場
B24051,2016-08-15,1.8664195537567139,英鎊,霸菱全球農業基金-A類英鎊,yfinance,未分類,全球市場
B24051,2016-08-16,1.8752745389938354,英鎊,霸菱全球農業基金-A類英鎊,yfinance,未分類,全球市場
B24051,2016-08-17,1.8654357194900513,英鎊,霸菱全球農業基金-A類英鎊,yfinance,未分類,全球市場
B24051,2016-08-18,1.8437902927398682,英鎊,霸菱全球農業基金-A類英鎊,yfinance,未分類,全球市場
B24051,2016-08-19,1.846742033958435,英鎊,霸菱全球農業基金-A類英鎊,yfinance,未分類,全球市場
B24051,2016-08-22,1.8733068704605103,英鎊,霸菱全球農業基金-A類英鎊,yfinance,未分類,全球市場
B24051,2016-08-23,1.8664195537567139,英鎊,霸菱全球農業基金-A類英鎊,yfinance,未分類,全球市場
B24051,2016-08-24,1.8664195537567139,英鎊,霸菱全球農業基金-A類英鎊,yfinance,未分類,全球市場
B24051,2016-08-25,1.8615001440048218,英鎊,霸菱全球農業基金-A類英鎊,yfinance,未分類,全球市場
B24051,2016-08-26,1.859532356262207,英鎊,霸菱全球農業基金-A類英鎊,yfinance,未分類,全球市場
B24051,2016-08-30,1.871338963508606,英鎊,霸菱全球農業基金-A類英鎊,yfinance,未分類,全球市場
B24051,2016-08-31,1.8762582540512085,英鎊,霸菱全球農業基金-A類英鎊,yfinance,未分類,全球市場
B24051,2016-09-01,1.8634679317474365,英鎊,霸菱全球農業基金-A類英鎊,yfinance,未分類,全球市場
B24051,2016-09-02,1.8624842166900635,英鎊,霸菱全球農業基金-A類英鎊,yfinance,未分類,全球市場
B24051,2016-09-05,1.8703551292419434,英鎊,霸菱全球農業基金-A類英鎊,yfinance,未分類,全球市場
B24051,2016-09-06,1.872322916984558,英鎊,霸菱全球農業基金-A類英鎊,yfinance,未分類,全球市場
B24051,2016-09-07,1.8644518852233887,英鎊,霸菱全球農業基金-A類英鎊,yfinance,未分類,全球市場
B24051,2016-09-08,1.8644518852233887,英鎊,霸菱全球農業基金-A類英鎊,yfinance,未分類,全球市場
B24051,2016-09-09,1.8526451587677002,英鎊,霸菱全球農業基金-A類英鎊,yfinance,未分類,全球市場
B24051,2016-09-12,1.8162416219711304,英鎊,霸菱全球農業基金-A類英鎊,yfinance,未分類,全球市場
B24051,2016-09-13,1.825096607208252,英鎊,霸菱全球農業基金-A類英鎊,yfinance,未分類,全球市場
B24051,2016-09-14,1.8123061656951904,英鎊,霸菱全球農業基金-A類英鎊,yfinance,未分類,全球市場
B24051,2016-09-15,1.8044352531433105,英鎊,霸菱全球農業基金-A類英鎊,yfinance,未分類,全球市場
B24051,2016-09-16,1.8191933631896973,英鎊,霸菱全球農業基金-A類英鎊,yfinance,未分類,全球市場
B24051,2016-09-19,1.8290321826934814,英鎊,霸菱全球農業基金-A類英鎊,yfinance,未分類,全球市場
B24051,2016-09-20,1.8487099409103394,英鎊,霸菱全球農業基金-A類英鎊,yfinance,未分類,全球市場
B24051,2016-09-21,1.853629231452942,英鎊,霸菱全球農業基金-A類英鎊,yfinance,未分類,全球市場
B24051,2016-09-22,1.8664195537567139,英鎊,霸菱全球農業基金-A類英鎊,yfinance,未分類,全球市場
B24051,2016-09-23,1.8900327682495117,英鎊,霸菱全球農業基金-A類英鎊,yfinance,未分類,全球市場
B24051,2016-09-26,1.8811776638031006,英鎊,霸菱全球農業基金-A類英鎊,yfinance,未分類,全球市場
B24051,2016-09-27,1.8703551292419434,英鎊,霸菱全球農業基金-A類英鎊,yfinance,未分類,全球市場
B24051,2016-09-28,1.8644518852233887,英鎊,霸菱全球農業基金-A類英鎊,yfinance,未分類,全球市場
B24051,2016-09-29,1.884129285812378,英鎊,霸菱全球農業基金-A類英鎊,yfinance,未分類,全球市場
B24051,2016-09-30,1.872322916984558,英鎊,霸菱全球農業基金-A類英鎊,yfinance,未分類,全球市場
B24051,2016-10-03,1.9008551836013794,英鎊,霸菱全球農業基金-A類英鎊,yfinance,未分類,全球市場
B24051,2016-10-04,1.9156136512756348,英鎊,霸菱全球農業基金-A類英鎊,yfinance,未分類,全球市場
B24051,2016-10-05,1.9047908782958984,英鎊,霸菱全球農業基金-A類英鎊,yfinance,未分類,全球市場
B24051,2016-10-06,1.9195489883422852,英鎊,霸菱全球農業基金-A類英鎊,yfinance,未分類,全球市場
B24051,2016-10-07,1.971694827079773,英鎊,霸菱全球農業基金-A類英鎊,yfinance,未分類,全球市場
B24051,2016-10-10,1.9411945343017578,英鎊,霸菱全球農業基金-A類英鎊,yfinance,未分類,全球市場
B24051,2016-10-11,1.9805495738983154,英鎊,霸菱全球農業基金-A類英鎊,yfinance,未分類,全球市場
B24051,2016-10-12,1.971694827079773,英鎊,霸菱全球農業基金-A類英鎊,yfinance,未分類,全球市場
B24051,2016-10-13,1.971694827079773,英鎊,霸菱全球農業基金-A類英鎊,yfinance,未分類,全球市場
B24051,2016-10-14,1.9667754173278809,英鎊,霸菱全球農業基金-A類英鎊,yfinance,未分類,全球市場
B24051,2016-10-17,1.9707109928131104,英鎊,霸菱全球農業基金-A類英鎊,yfinance,未分類,全球市場
B24051,2016-10-18,1.9608721733093262,英鎊,霸菱全球農業基金-A類英鎊,yfinance,未分類,全球市場
B24051,2016-10-19,1.9697269201278687,英鎊,霸菱全球農業基金-A類英鎊,yfinance,未分類,全球市場
B24051,2016-10-20,1.9785816669464111,英鎊,霸菱全球農業基金-A類英鎊,yfinance,未分類,全球市場
B24051,2016-10-21,1.9756301641464233,英鎊,霸菱全球農業基金-A類英鎊,yfinance,未分類,全球市場
B24051,2016-10-24,1.9618558883666992,英鎊,霸菱全球農業基金-A類英鎊,yfinance,未分類,全球市場
B24051,2016-10-25,1.968742847442627,英鎊,霸菱全球農業基金-A類英鎊,yfinance,未分類,全球市場
B24051,2016-10-26,1.963823676109314,英鎊,霸菱全球農業基金-A類英鎊,yfinance,未分類,全球市場
B24051,2016-10-27,1.9510332345962524,英鎊,霸菱全球農業基金-A類英鎊,yfinance,未分類,全球市場
B24051,2016-10-28,1.968742847442627,英鎊,霸菱全球農業基金-A類英鎊,yfinance,未分類,全球市場
B24051,2016-10-31,1.9667754173278809,英鎊,霸菱全球農業基金-A類英鎊,yfinance,未分類,全球市場
B24051,2016-11-01,1.9589042663574219,英鎊,霸菱全球農業基金-A類英鎊,yfinance,未分類,全球市場
B24051,2016-11-02,1.9392266273498535,英鎊,霸菱全球農業基金-A類英鎊,yfinance,未分類,全球市場
B24051,2016-11-03,1.9097100496292114,英鎊,霸菱全球農業基金-A類英鎊,yfinance,未分類,全球市場
B24051,2016-11-04,1.8870811462402344,英鎊,霸菱全球農業基金-A類英鎊,yfinance,未分類,全球市場
B24051,2016-11-07,1.8959360122680664,英鎊,霸菱全球農業基金-A類英鎊,yfinance,未分類,全球市場
B24051,2016-11-08,1.9067586660385132,英鎊,霸菱全球農業基金-A類英鎊,yfinance,未分類,全球市場
B24051,2016-11-09,1.867403507232666,英鎊,霸菱全球農業基金-A類英鎊,yfinance,未分類,全球市場
B24051,2016-11-10,1.8900327682495117,英鎊,霸菱全球農業基金-A類英鎊,yfinance,未分類,全球市場
B24051,2016-11-11,1.8369030952453613,英鎊,霸菱全球農業基金-A類英鎊,yfinance,未分類,全球市場
B24051,2016-11-14,1.8418227434158325,英鎊,霸菱全球農業基金-A類英鎊,yfinance,未分類,全球市場
B24051,2016-11-15,1.8703551292419434,英鎊,霸菱全球農業基金-A類英鎊,yfinance,未分類,全球市場
B24051,2016-11-16,1.88511323928833,英鎊,霸菱全球農業基金-A類英鎊,yfinance,未分類,全球市場
B24051,2016-11-17,1.88511323928833,英鎊,霸菱全球農業基金-A類英鎊,yfinance,未分類,全球市場
B24051,2016-11-18,1.88511323928833,英鎊,霸菱全球農業基金-A類英鎊,yfinance,未分類,全球市場
B24051,2016-11-21,1.896919846534729,英鎊,霸菱全球農業基金-A類英鎊,yfinance,未分類,全球市場
B24051,2016-11-22,1.8772423267364502,英鎊,霸菱全球農業基金-A類英鎊,yfinance,未分類,全球市場
B24051,2016-11-23,1.8860971927642822,英鎊,霸菱全球農業基金-A類英鎊,yfinance,未分類,全球市場
B24051,2016-11-24,1.8792099952697754,英鎊,霸菱全球農業基金-A類英鎊,yfinance,未分類,全球市場
B24051,2016-11-25,1.8870811462402344,英鎊,霸菱全球農業基金-A類英鎊,yfinance,未分類,全球市場
B24051,2016-11-28,1.8988876342773438,英鎊,霸菱全球農業基金-A類英鎊,yfinance,未分類,全球市場
B24051,2016-11-29,1.8792099952697754,英鎊,霸菱全球農業基金-A類英鎊,yfinance,未分類,全球市場
B24051,2016-11-30,1.884129285812378,英鎊,霸菱全球農業基金-A類英鎊,yfinance,未分類,全球市場
B24051,2016-12-01,1.8644518852233887,英鎊,霸菱全球農業基金-A類英鎊,yfinance,未分類,全球市場
B24051,2016-12-02,1.858548641204834,英鎊,霸菱全球農業基金-A類英鎊,yfinance,未分類,全球市場
B24051,2016-12-05,1.847725749015808,英鎊,霸菱全球農業基金-A類英鎊,yfinance,未分類,全球市場
B24051,2016-12-06,1.8565807342529297,英鎊,霸菱全球農業基金-A類英鎊,yfinance,未分類,全球市場
B24051,2016-12-07,1.8910166025161743,英鎊,霸菱全球農業基金-A類英鎊,yfinance,未分類,全球市場
B24051,2016-12-08,1.9047908782958984,英鎊,霸菱全球農業基金-A類英鎊,yfinance,未分類,全球市場
B24051,2016-12-09,1.94611394405365,英鎊,霸菱全球農業基金-A類英鎊,yfinance,未分類,全球市場
B24051,2016-12-12,1.952017068862915,英鎊,霸菱全球農業基金-A類英鎊,yfinance,未分類,全球市場
B24051,2016-12-13,1.9323395490646362,英鎊,霸菱全球農業基金-A類英鎊,yfinance,未分類,全球市場
B24051,2016-12-14,1.9254522323608398,英鎊,霸菱全球農業基金-A類英鎊,yfinance,未分類,全球市場
B24051,2016-12-15,1.9165973663330078,英鎊,霸菱全球農業基金-A類英鎊,yfinance,未分類,全球市場
B24051,2016-12-16,1.933323621749878,英鎊,霸菱全球農業基金-A類英鎊,yfinance,未分類,全球市場
B24051,2016-12-19,1.933323621749878,英鎊,霸菱全球農業基金-A類英鎊,yfinance,未分類,全球市場
B24051,2016-12-20,1.9382429122924805,英鎊,霸菱全球農業基金-A類英鎊,yfinance,未分類,全球市場
B24051,2016-12-21,1.9510332345962524,英鎊,霸菱全球農業基金-A類英鎊,yfinance,未分類,全球市場
B24051,2016-12-22,1.9500492811203003,英鎊,霸菱全球農業基金-A類英鎊,yfinance,未分類,全球市場
B24051,2016-12-23,1.9608721733093262,英鎊,霸菱全球農業基金-A類英鎊,yfinance,未分類,全球市場
B24051,2016-12-28,1.9766143560409546,英鎊,霸菱全球農業基金-A類英鎊,yfinance,未分類,全球市場
B24051,2016-12-29,1.9657914638519287,英鎊,霸菱全球農業基金-A類英鎊,yfinance,未分類,全球市場
B24051,2016-12-30,1.968742847442627,英鎊,霸菱全球農業基金-A類英鎊,yfinance,未分類,全球市場
B24084,2016-01-04,550.1472778320312,英鎊,霸菱香港中國基金-A類 英鎊配息型,yfinance,股票型,中國/大中華
B24084,2016-01-05,555.15673828125,英鎊,霸菱香港中國基金-A類 英鎊配息型,yfinance,股票型,中國/大中華
B24084,2016-01-06,552.623046875,英鎊,霸菱香港中國基金-A類 英鎊配息型,yfinance,股票型,中國/大中華
B24084,2016-01-07,534.1326293945312,英鎊,霸菱香港中國基金-A類 英鎊配息型,yfinance,股票型,中國/大中華
B24084,2016-01-08,536.5405883789062,英鎊,霸菱香港中國基金-A類 英鎊配息型,yfinance,股票型,中國/大中華
B24084,2016-01-11,518.4177856445312,英鎊,霸菱香港中國基金-A類 英鎊配息型,yfinance,股票型,中國/大中華
B24084,2016-01-12,524.1234130859375,英鎊,霸菱香港中國基金-A類 英鎊配息型,yfinance,股票型,中國/大中華
B24084,2016-01-13,523.697998046875,英鎊,霸菱香港中國基金-A類 英鎊配息型,yfinance,股票型,中國/大中華
B24084,2016-01-14,518.9110107421875,英鎊,霸菱香港中國基金-A類 英鎊配息型,yfinance,股票型,中國/大中華
B24084,2016-01-15,512.7022705078125,英鎊,霸菱香港中國基金-A類 英鎊配息型,yfinance,股票型,中國/大中華
B24084,2016-01-18,507.75091552734375,英鎊,霸菱香港中國基金-A類 英鎊配息型,yfinance,股票型,中國/大中華
B24084,2016-01-19,521.5606689453125,英鎊,霸菱香港中國基金-A類 英鎊配息型,yfinance,股票型,中國/大中華
B24084,2016-01-20,506.8612365722656,英鎊,霸菱香港中國基金-A類 英鎊配息型,yfinance,股票型,中國/大中華
B24084,2016-01-21,497.5773620605469,英鎊,霸菱香港中國基金-A類 英鎊配息型,yfinance,股票型,中國/大中華
B24084,2016-01-22,508.0506896972656,英鎊,霸菱香港中國基金-A類 英鎊配息型,yfinance,股票型,中國/大中華
B24084,2016-01-25,516.5996704101562,英鎊,霸菱香港中國基金-A類 英鎊配息型,yfinance,股票型,中國/大中華
B24084,2016-01-26,502.6932067871094,英鎊,霸菱香港中國基金-A類 英鎊配息型,yfinance,股票型,中國/大中華
B24084,2016-01-27,503.3217468261719,英鎊,霸菱香港中國基金-A類 英鎊配息型,yfinance,股票型,中國/大中華
B24084,2016-01-28,503.18646240234375,英鎊,霸菱香港中國基金-A類 英鎊配息型,yfinance,股票型,中國/大中華
B24084,2016-01-29,514.984619140625,英鎊,霸菱香港中國基金-A類 英鎊配息型,yfinance,股票型,中國/大中華
B24084,2016-02-01,516.473876953125,英鎊,霸菱香港中國基金-A類 英鎊配息型,yfinance,股票型,中國/大中華
B24084,2016-02-02,508.6793518066406,英鎊,霸菱香港中國基金-A類 英鎊配息型,yfinance,股票型,中國/大中華
B24084,2016-02-03,493.6413879394531,英鎊,霸菱香港中國基金-A類 英鎊配息型,yfinance,股票型,中國/大中華
B24084,2016-02-04,494.2022705078125,英鎊,霸菱香港中國基金-A類 英鎊配息型,yfinance,股票型,中國/大中華
B24084,2016-02-05,499.0763244628906,英鎊,霸菱香港中國基金-A類 英鎊配息型,yfinance,股票型,中國/大中華
B24084,2016-02-08,489.70538330078125,英鎊,霸菱香港中國基金-A類 英鎊配息型,yfinance,股票型,中國/大中華
B24084,2016-02-09,486.4947204589844,英鎊,霸菱香港中國基金-A類 英鎊配息型,yfinance,股票型,中國/大中華
B24084,2016-02-10,490.6338195800781,英鎊,霸菱香港中國基金-A類 英鎊配息型,yfinance,股票型,中國/大中華
B24084,2016-02-11,477.0851135253906,英鎊,霸菱香港中國基金-A類 英鎊配息型,yfinance,股票型,中國/大中華
B24084,2016-02-12,473.642333984375,英鎊,霸菱香港中國基金-A類 英鎊配息型,yfinance,股票型,中國/大中華
B24084,2016-02-15,491.3398132324219,英鎊,霸菱香港中國基金-A類 英鎊配息型,yfinance,股票型,中國/大中華
B24084,2016-02-16,502.02587890625,英鎊,霸菱香港中國基金-A類 英鎊配息型,yfinance,股票型,中國/大中華
B24084,2016-02-17,502.0839538574219,英鎊,霸菱香港中國基金-A類 英鎊配息型,yfinance,股票型,中國/大中華
B24084,2016-02-18,513.3599853515625,英鎊,霸菱香港中國基金-A類 英鎊配息型,yfinance,股票型,中國/大中華
B24084,2016-02-19,515.5746459960938,英鎊,霸菱香港中國基金-A類 英鎊配息型,yfinance,股票型,中國/大中華
B24084,2016-02-22,526.0574951171875,英鎊,霸菱香港中國基金-A類 英鎊配息型,yfinance,股票型,中國/大中華
B24084,2016-02-23,524.21044921875,英鎊,霸菱香港中國基金-A類 英鎊配息型,yfinance,股票型,中國/大中華
B24084,2016-02-24,526.8119506835938,英鎊,霸菱香港中國基金-A類 英鎊配息型,yfinance,股票型,中國/大中華
B24084,2016-02-25,513.6500244140625,英鎊,霸菱香港中國基金-A類 英鎊配息型,yfinance,股票型,中國/大中華
B24084,2016-02-26,522.7695922851562,英鎊,霸菱香港中國基金-A類 英鎊配息型,yfinance,股票型,中國/大中華
B24084,2016-02-29,521.22216796875,英鎊,霸菱香港中國基金-A類 英鎊配息型,yfinance,股票型,中國/大中華
B24084,2016-03-01,524.7036743164062,英鎊,霸菱香港中國基金-A類 英鎊配息型,yfinance,股票型,中國/大中華
B24084,2016-03-02,542.7105102539062,英鎊,霸菱香港中國基金-A類 英鎊配息型,yfinance,股票型,中國/大中華
B24084,2016-03-03,539.6449584960938,英鎊,霸菱香港中國基金-A類 英鎊配息型,yfinance,股票型,中國/大中華
B24084,2016-03-04,540.4185180664062,英鎊,霸菱香港中國基金-A類 英鎊配息型,yfinance,股票型,中國/大中華
B24084,2016-03-07,541.2792358398438,英鎊,霸菱香港中國基金-A類 英鎊配息型,yfinance,股票型,中國/大中華
B24084,2016-03-08,533.9103393554688,英鎊,霸菱香港中國基金-A類 英鎊配息型,yfinance,股票型,中國/大中華
B24084,2016-03-09,530.0323486328125,英鎊,霸菱香港中國基金-A類 英鎊配息型,yfinance,股票型,中國/大中華
B24084,2016-03-10,529.0361328125,英鎊,霸菱香港中國基金-A類 英鎊配息型,yfinance,股票型,中國/大中華
B24084,2016-03-11,531.2797241210938,英鎊,霸菱香港中國基金-A類 英鎊配息型,yfinance,股票型,中國/大中華
B24084,2016-03-14,537.913818359375,英鎊,霸菱香港中國基金-A類 英鎊配息型,yfinance,股票型,中國/大中華
B24084,2016-03-15,540.1671752929688,英鎊,霸菱香港中國基金-A類 英鎊配息型,yfinance,股票型,中國/大中華
B24084,2016-03-16,539.6157836914062,英鎊,霸菱香港中國基金-A類 英鎊配息型,yfinance,股票型,中國/大中華
B24084,2016-03-18,542.0432739257812,英鎊,霸菱香港中國基金-A類 英鎊配息型,yfinance,股票型,中國/大中華
B24084,2016-03-21,550.7276000976562,英鎊,霸菱香港中國基金-A類 英鎊配息型,yfinance,股票型,中國/大中華
B24084,2016-03-22,553.1839599609375,英鎊,霸菱香港中國基金-A類 英鎊配息型,yfinance,股票型,中國/大中華
B24084,2016-03-23,556.2495727539062,英鎊,霸菱香港中國基金-A類 英鎊配息型,yfinance,股票型,中國/大中華
B24084,2016-03-24,551.4431762695312,英鎊,霸菱香港中國基金-A類 英鎊配息型,yfinance,股票型,中國/大中華
B24084,2016-03-29,543.46484375,英鎊,霸菱香港中國基金-A類 英鎊配息型,yfinance,股票型,中國/大中華
B24084,2016-03-30,549.5283813476562,英鎊,霸菱香港中國基金-A類 英鎊配息型,yfinance,股票型,中國/大中華
B24084,2016-03-31,551.9557495117188,英鎊,霸菱香港中國基金-A類 英鎊配息型,yfinance,股票型,中國/大中華
B24084,2016-04-01,550.3890991210938,英鎊,霸菱香港中國基金-A類 英鎊配息型,yfinance,股票型,中國/大中華
B24084,2016-04-04,554.6248779296875,英鎊,霸菱香港中國基金-A類 英鎊配息型,yfinance,股票型,中國/大中華
B24084,2016-04-05,548.6482543945312,英鎊,霸菱香港中國基金-A類 英鎊配息型,yfinance,股票型,中國/大中華
B24084,2016-04-06,556.5687866210938,英鎊,霸菱香港中國基金-A類 英鎊配息型,yfinance,股票型,中國/大中華
B24084,2016-04-07,557.9805908203125,英鎊,霸菱香港中國基金-A類 英鎊配息型,yfinance,股票型,中國/大中華
B24084,2016-04-08,558.1739501953125,英鎊,霸菱香港中國基金-A類 英鎊配息型,yfinance,股票型,中國/大中華
B24084,2016-04-11,555.8336791992188,英鎊,霸菱香港中國基金-A類 英鎊配息型,yfinance,股票型,中國/大中華
B24084,2016-04-12,552.787353515625,英鎊,霸菱香港中國基金-A類 英鎊配息型,yfinance,股票型,中國/大中華
B24084,2016-04-13,568.98583984375,英鎊,霸菱香港中國基金-A類 英鎊配息型,yfinance,股票型,中國/大中華
B24084,2016-04-14,577.177001953125,英鎊,霸菱香港中國基金-A類 英鎊配息型,yfinance,股票型,中國/大中華
B24084,2016-04-15,575.939208984375,英鎊,霸菱香港中國基金-A類 英鎊配息型,yfinance,股票型,中國/大中華
B24084,2016-04-18,570.48486328125,英鎊,霸菱香港中國基金-A類 英鎊配息型,yfinance,股票型,中國/大中華
B24084,2016-04-19,567.6705932617188,英鎊,霸菱香港中國基金-A類 英鎊配息型,yfinance,股票型,中國/大中華
B24084,2016-04-20,561.0753173828125,英鎊,霸菱香港中國基金-A類 英鎊配息型,yfinance,股票型,中國/大中華
B24084,2016-04-21,567.3611450195312,英鎊,霸菱香港中國基金-A類 英鎊配息型,yfinance,股票型,中國/大中華
B24084,2016-04-22,564.4599609375,英鎊,霸菱香港中國基金-A類 英鎊配息型,yfinance,股票型,中國/大中華
B24084,2016-04-25,556.7620239257812,英鎊,霸菱香港中國基金-A類 英鎊配息型,yfinance,股票型,中國/大中華
B24084,2016-04-26,552.3038940429688,英鎊,霸菱香港中國基金-A類 英鎊配息型,yfinance,股票型,中國/大中華
B24084,2016-04-27,549.4414672851562,英鎊,霸菱香港中國基金-A類 英鎊配息型,yfinance,股票型,中國/大中華
B24084,2016-04-28,552.294189453125,英鎊,霸菱香港中國基金-A類 英鎊配息型,yfinance,股票型,中國/大中華
B24084,2016-04-29,545.1185913085938,英鎊,霸菱香港中國基金-A類 英鎊配息型,yfinance,股票型,中國/大中華
B24084,2016-05-03,535.3589477539062,英鎊,霸菱香港中國基金-A類 英鎊配息型,yfinance,股票型,中國/大中華
B24084,2016-05-04,539.0980224609375,英鎊,霸菱香港中國基金-A類 英鎊配息型,yfinance,股票型,中國/大中華
B24084,2016-05-05,537.72509765625,英鎊,霸菱香港中國基金-A類 英鎊配息型,yfinance,股票型,中國/大中華
B24084,2016-05-06,529.2147827148438,英鎊,霸菱香港中國基金-A類 英鎊配息型,yfinance,股票型,中國/大中華
B24084,2016-05-09,530.5682373046875,英鎊,霸菱香港中國基金-A類 英鎊配息型,yfinance,股票型,中國/大中華
B24084,2016-05-10,530.928466796875,英鎊,霸菱香港中國基金-A類 英鎊配息型,yfinance,股票型,中國/大中華
B24084,2016-05-11,531.72705078125,英鎊,霸菱香港中國基金-A類 英鎊配息型,yfinance,股票型,中國/大中華
B24084,2016-05-12,526.9265747070312,英鎊,霸菱香港中國基金-A類 英鎊配息型,yfinance,股票型,中國/大中華
B24084,2016-05-13,522.4572143554688,英鎊,霸菱香港中國基金-A類 英鎊配息型,yfinance,股票型,中國/大中華
B24084,2016-05-16,527.37451171875,英鎊,霸菱香港中國基金-A類 英鎊配息型,yfinance,股票型,中國/大中華
B24084,2016-05-17,530.2468872070312,英鎊,霸菱香港中國基金-A類 英鎊配息型,yfinance,股票型,中國/大中華
B24084,2016-05-18,525.1446533203125,英鎊,霸菱香港中國基金-A類 英鎊配息型,yfinance,股票型,中國/大中華
B24084,2016-05-19,512.8368530273438,英鎊,霸菱香港中國基金-A類 英鎊配息型,yfinance,股票型,中國/大中華
B24084,2016-05-20,516.4591674804688,英鎊,霸菱香港中國基金-A類 英鎊配息型,yfinance,股票型,中國/大中華
B24084,2016-05-23,522.0969848632812,英鎊,霸菱香港中國基金-A類 英鎊配息型,yfinance,股票型,中國/大中華
B24084,2016-05-24,516.254638671875,英鎊,霸菱香港中國基金-A類 英鎊配息型,yfinance,股票型,中國/大中華
B24084,2016-05-25,523.8009643554688,英鎊,霸菱香港中國基金-A類 英鎊配息型,yfinance,股票型,中國/大中華
B24084,2016-05-26,520.1982421875,英鎊,霸菱香港中國基金-A類 英鎊配息型,yfinance,股票型,中國/大中華
B24084,2016-05-27,529.1077270507812,英鎊,霸菱香港中國基金-A類 英鎊配息型,yfinance,股票型,中國/大中華
B24084,2016-05-31,539.76025390625,英鎊,霸菱香港中國基金-A類 英鎊配息型,yfinance,股票型,中國/大中華
B24084,2016-06-01,546.1964111328125,英鎊,霸菱香港中國基金-A類 英鎊配息型,yfinance,股票型,中國/大中華
B24084,2016-06-02,546.7222290039062,英鎊,霸菱香港中國基金-A類 英鎊配息型,yfinance,股票型,中國/大中華
B24084,2016-06-03,548.7377319335938,英鎊,霸菱香港中國基金-A類 英鎊配息型,yfinance,股票型,中國/大中華
B24084,2016-06-07,553.3726806640625,英鎊,霸菱香港中國基金-A類 英鎊配息型,yfinance,股票型,中國/大中華
B24084,2016-06-08,551.08447265625,英鎊,霸菱香港中國基金-A類 英鎊配息型,yfinance,股票型,中國/大中華
B24084,2016-06-09,555.0084838867188,英鎊,霸菱香港中國基金-A類 英鎊配息型,yfinance,股票型,中國/大中華
B24084,2016-06-10,548.7767944335938,英鎊,霸菱香港中國基金-A類 英鎊配息型,yfinance,股票型,中國/大中華
B24084,2016-06-13,545.7679443359375,英鎊,霸菱香港中國基金-A類 英鎊配息型,yfinance,股票型,中國/大中華
B24084,2016-06-14,543.6842041015625,英鎊,霸菱香港中國基金-A類 英鎊配息型,yfinance,股票型,中國/大中華
B24084,2016-06-15,546.7709350585938,英鎊,霸菱香港中國基金-A類 英鎊配息型,yfinance,股票型,中國/大中華
B24084,2016-06-16,541.9510498046875,英鎊,霸菱香港中國基金-A類 英鎊配息型,yfinance,股票型,中國/大中華
B24084,2016-06-17,540.8604125976562,英鎊,霸菱香港中國基金-A類 英鎊配息型,yfinance,股票型,中國/大中華
B24084,2016-06-20,530.616943359375,英鎊,霸菱香港中國基金-A類 英鎊配息型,yfinance,股票型,中國/大中華
B24084,2016-06-21,530.5390014648438,英鎊,霸菱香港中國基金-A類 英鎊配息型,yfinance,股票型,中國/大中華
B24084,2016-06-22,538.1535034179688,英鎊,霸菱香港中國基金-A類 英鎊配息型,yfinance,股票型,中國/大中華
B24084,2016-06-23,528.69873046875,英鎊,霸菱香港中國基金-A類 英鎊配息型,yfinance,股票型,中國/大中華
B24084,2016-06-24,569.8187866210938,英鎊,霸菱香港中國基金-A類 英鎊配息型,yfinance,股票型,中國/大中華
B24084,2016-06-27,583.1879272460938,英鎊,霸菱香港中國基金-A類 英鎊配息型,yfinance,股票型,中國/大中華
B24084,2016-06-28,575.6124267578125,英鎊,霸菱香港中國基金-A類 英鎊配息型,yfinance,股票型,中國/大中華
B24084,2016-06-29,578.5919799804688,英鎊,霸菱香港中國基金-A類 英鎊配息型,yfinance,股票型,中國/大中華
B24084,2016-06-30,586.381591796875,英鎊,霸菱香港中國基金-A類 英鎊配息型,yfinance,股票型,中國/大中華
B24084,2016-07-01,599.7313232421875,英鎊,霸菱香港中國基金-A類 英鎊配息型,yfinance,股票型,中國/大中華
B24084,2016-07-04,603.2561645507812,英鎊,霸菱香港中國基金-A類 英鎊配息型,yfinance,股票型,中國/大中華
B24084,2016-07-05,601.4937133789062,英鎊,霸菱香港中國基金-A類 英鎊配息型,yfinance,股票型,中國/大中華
B24084,2016-07-06,602.1655883789062,英鎊,霸菱香港中國基金-A類 英鎊配息型,yfinance,股票型,中國/大中華
B24084,2016-07-07,604.4441528320312,英鎊,霸菱香港中國基金-A類 英鎊配息型,yfinance,股票型,中國/大中華
B24084,2016-07-08,605.301025390625,英鎊,霸菱香港中國基金-A類 英鎊配息型,yfinance,股票型,中國/大中華
B24084,2016-07-11,612.5064697265625,英鎊,霸菱香港中國基金-A類 英鎊配息型,yfinance,股票型,中國/大中華
B24084,2016-07-12,614.8823852539062,英鎊,霸菱香港中國基金-A類 英鎊配息型,yfinance,股票型,中國/大中華
B24084,2016-07-13,611.6593627929688,英鎊,霸菱香港中國基金-A類 英鎊配息型,yfinance,股票型,中國/大中華
B24084,2016-07-14,611.9904174804688,英鎊,霸菱香港中國基金-A類 英鎊配息型,yfinance,股票型,中國/大中華
B24084,2016-07-15,614.56103515625,英鎊,霸菱香港中國基金-A類 英鎊配息型,yfinance,股票型,中國/大中華
B24084,2016-07-18,620.0235595703125,英鎊,霸菱香港中國基金-A類 英鎊配息型,yfinance,股票型,中國/大中華
B24084,2016-07-19,621.5912475585938,英鎊,霸菱香港中國基金-A類 英鎊配息型,yfinance,股票型,中國/大中華
B24084,2016-07-20,625.23291015625,英鎊,霸菱香港中國基金-A類 英鎊配息型,yfinance,股票型,中國/大中華
B24084,2016-07-21,628.3682861328125,英鎊,霸菱香港中國基金-A類 英鎊配息型,yfinance,股票型,中國/大中華
B24084,2016-07-22,631.8250122070312,英鎊,霸菱香港中國基金-A類 英鎊配息型,yfinance,股票型,中國/大中華
B24084,2016-07-25,630.4131469726562,英鎊,霸菱香港中國基金-A類 英鎊配息型,yfinance,股票型,中國/大中華
B24084,2016-07-26,632.6721801757812,英鎊,霸菱香港中國基金-A類 英鎊配息型,yfinance,股票型,中國/大中華
B24084,2016-07-27,634.2982788085938,英鎊,霸菱香港中國基金-A類 英鎊配息型,yfinance,股票型,中國/大中華
B24084,2016-07-28,629.3907470703125,英鎊,霸菱香港中國基金-A類 英鎊配息型,yfinance,股票型,中國/大中華
B24084,2016-07-29,619.6729736328125,英鎊,霸菱香港中國基金-A類 英鎊配息型,yfinance,股票型,中國/大中華
B24084,2016-08-02,624.161865234375,英鎊,霸菱香港中國基金-A類 英鎊配息型,yfinance,股票型,中國/大中華
B24084,2016-08-03,612.3118286132812,英鎊,霸菱香港中國基金-A類 英鎊配息型,yfinance,股票型,中國/大中華
B24084,2016-08-04,618.5922241210938,英鎊,霸菱香港中國基金-A類 英鎊配息型,yfinance,股票型,中國/大中華
B24084,2016-08-05,631.2894897460938,英鎊,霸菱香港中國基金-A類 英鎊配息型,yfinance,股票型,中國/大中華
B24084,2016-08-08,645.3303833007812,英鎊,霸菱香港中國基金-A類 英鎊配息型,yfinance,股票型,中國/大中華
B24084,2016-08-09,650.5983276367188,英鎊,霸菱香港中國基金-A類 英鎊配息型,yfinance,股票型,中國/大中華
B24084,2016-08-10,648.6217041015625,英鎊,霸菱香港中國基金-A類 英鎊配息型,yfinance,股票型,中國/大中華
B24084,2016-08-11,656.3529052734375,英鎊,霸菱香港中國基金-A類 英鎊配息型,yfinance,股票型,中國/大中華
B24084,2016-08-12,663.1787109375,英鎊,霸菱香港中國基金-A類 英鎊配息型,yfinance,股票型,中國/大中華
B24084,2016-08-15,670.267333984375,英鎊,霸菱香港中國基金-A類 英鎊配息型,yfinance,股票型,中國/大中華
B24084,2016-08-16,671.7279052734375,英鎊,霸菱香港中國基金-A類 英鎊配息型,yfinance,股票型,中國/大中華
B24084,2016-08-17,668.4757080078125,英鎊,霸菱香港中國基金-A類 英鎊配息型,yfinance,股票型,中國/大中華
B24084,2016-08-18,668.6801147460938,英鎊,霸菱香港中國基金-A類 英鎊配息型,yfinance,股票型,中國/大中華
B24084,2016-08-19,670.1700439453125,英鎊,霸菱香港中國基金-A類 英鎊配息型,yfinance,股票型,中國/大中華
B24084,2016-08-22,671.7863159179688,英鎊,霸菱香港中國基金-A類 英鎊配息型,yfinance,股票型,中國/大中華
B24084,2016-08-23,664.9995727539062,英鎊,霸菱香港中國基金-A類 英鎊配息型,yfinance,股票型,中國/大中華
B24084,2016-08-24,660.1114501953125,英鎊,霸菱香港中國基金-A類 英鎊配息型,yfinance,股票型,中國/大中華
B24084,2016-08-25,659.1280517578125,英鎊,霸菱香港中國基金-A類 英鎊配息型,yfinance,股票型,中國/大中華
B24084,2016-08-26,663.1202392578125,英鎊,霸菱香港中國基金-A類 英鎊配息型,yfinance,股票型,中國/大中華
B24084,2016-08-30,679.3909912109375,英鎊,霸菱香港中國基金-A類 英鎊配息型,yfinance,股票型,中國/大中華
B24084,2016-08-31,673.8214111328125,英鎊,霸菱香港中國基金-A類 英鎊配息型,yfinance,股票型,中國/大中華
B24084,2016-09-01,669.595458984375,英鎊,霸菱香港中國基金-A類 英鎊配息型,yfinance,股票型,中國/大中華
B24084,2016-09-02,672.097900390625,英鎊,霸菱香港中國基金-A類 英鎊配息型,yfinance,股票型,中國/大中華
B24084,2016-09-05,678.212890625,英鎊,霸菱香港中國基金-A類 英鎊配息型,yfinance,股票型,中國/大中華
B24084,2016-09-06,685.5352172851562,英鎊,霸菱香港中國基金-A類 英鎊配息型,yfinance,股票型,中國/大中華
B24084,2016-09-07,682.789306640625,英鎊,霸菱香港中國基金-A類 英鎊配息型,yfinance,股票型,中國/大中華
B24084,2016-09-08,684.8438720703125,英鎊,霸菱香港中國基金-A類 英鎊配息型,yfinance,股票型,中國/大中華
B24084,2016-09-09,686.6062622070312,英鎊,霸菱香港中國基金-A類 英鎊配息型,yfinance,股票型,中國/大中華
B24084,2016-09-12,665.0774536132812,英鎊,霸菱香港中國基金-A類 英鎊配息型,yfinance,股票型,中國/大中華
B24084,2016-09-13,665.914794921875,英鎊,霸菱香港中國基金-A類 英鎊配息型,yfinance,股票型,中國/大中華
B24084,2016-09-14,668.2322998046875,英鎊,霸菱香港中國基金-A類 英鎊配息型,yfinance,股票型,中國/大中華
B24084,2016-09-15,670.1504516601562,英鎊,霸菱香港中國基金-A類 英鎊配息型,yfinance,股票型,中國/大中華
B24084,2016-09-16,674.7172241210938,英鎊,霸菱香港中國基金-A類 英鎊配息型,yfinance,股票型,中國/大中華
B24084,2016-09-19,687.5703125,英鎊,霸菱香港中國基金-A類 英鎊配息型,yfinance,股票型,中國/大中華
B24084,2016-09-20,690.9588012695312,英鎊,霸菱香港中國基金-A類 英鎊配息型,yfinance,股票型,中國/大中華
B24084,2016-09-21,693.1009521484375,英鎊,霸菱香港中國基金-A類 英鎊配息型,yfinance,股票型,中國/大中華
B24084,2016-09-22,693.42236328125,英鎊,霸菱香港中國基金-A類 英鎊配息型,yfinance,股票型,中國/大中華
B24084,2016-09-23,696.6550903320312,英鎊,霸菱香港中國基金-A類 英鎊配息型,yfinance,股票型,中國/大中華
B24084,2016-09-26,685.973388671875,英鎊,霸菱香港中國基金-A類 英鎊配息型,yfinance,股票型,中國/大中華
B24084,2016-09-27,689.654052734375,英鎊,霸菱香港中國基金-A類 英鎊配息型,yfinance,股票型,中國/大中華
B24084,2016-09-28,687.151611328125,英鎊,霸菱香港中國基金-A類 英鎊配息型,yfinance,股票型,中國/大中華
B24084,2016-09-29,691.4651489257812,英鎊,霸菱香港中國基金-A類 英鎊配息型,yfinance,股票型,中國/大中華
B24084,2016-09-30,682.828369140625,英鎊,霸菱香港中國基金-A類 英鎊配息型,yfinance,股票型,中國/大中華
B24084,2016-10-03,693.7144165039062,英鎊,霸菱香港中國基金-A類 英鎊配息型,yfinance,股票型,中國/大中華
B24084,2016-10-04,702.9842529296875,英鎊,霸菱香港中國基金-A類 英鎊配息型,yfinance,股票型,中國/大中華
B24084,2016-10-05,707.11279296875,英鎊,霸菱香港中國基金-A類 英鎊配息型,yfinance,股票型,中國/大中華
B24084,2016-10-06,712.3319091796875,英鎊,霸菱香港中國基金-A類 英鎊配息型,yfinance,股票型,中國/大中華
B24084,2016-10-07,728.2034912109375,英鎊,霸菱香港中國基金-A類 英鎊配息型,yfinance,股票型,中國/大中華
B24084,2016-10-10,724.5032958984375,英鎊,霸菱香港中國基金-A類 英鎊配息型,yfinance,股票型,中國/大中華
B24084,2016-10-11,728.6708984375,英鎊,霸菱香港中國基金-A類 英鎊配息型,yfinance,股票型,中國/大中華
B24084,2016-10-12,723.6268920898438,英鎊,霸菱香港中國基金-A類 英鎊配息型,yfinance,股票型,中國/大中華
B24084,2016-10-13,716.207275390625,英鎊,霸菱香港中國基金-A類 英鎊配息型,yfinance,股票型,中國/大中華
B24084,2016-10-14,715.866455078125,英鎊,霸菱香港中國基金-A類 英鎊配息型,yfinance,股票型,中國/大中華
B24084,2016-10-17,715.6327514648438,英鎊,霸菱香港中國基金-A類 英鎊配息型,yfinance,股票型,中國/大中華
B24084,2016-10-18,719.3425903320312,英鎊,霸菱香港中國基金-A類 英鎊配息型,yfinance,股票型,中國/大中華
B24084,2016-10-19,717.2686157226562,英鎊,霸菱香港中國基金-A類 英鎊配息型,yfinance,股票型,中國/大中華
B24084,2016-10-20,723.0526123046875,英鎊,霸菱香港中國基金-A類 英鎊配息型,yfinance,股票型,中國/大中華
B24084,2016-10-21,725.3893432617188,英鎊,霸菱香港中國基金-A類 英鎊配息型,yfinance,股票型,中國/大中華
B24084,2016-10-24,728.8948364257812,英鎊,霸菱香港中國基金-A類 英鎊配息型,yfinance,股票型,中國/大中華
B24084,2016-10-25,727.5023193359375,英鎊,霸菱香港中國基金-A類 英鎊配息型,yfinance,股票型,中國/大中華
B24084,2016-10-26,722.0787353515625,英鎊,霸菱香港中國基金-A類 英鎊配息型,yfinance,股票型,中國/大中華
B24084,2016-10-27,713.46142578125,英鎊,霸菱香港中國基金-A類 英鎊配息型,yfinance,股票型,中國/大中華
B24084,2016-10-28,716.879150390625,英鎊,霸菱香港中國基金-A類 英鎊配息型,yfinance,股票型,中國/大中華
B24084,2016-11-01,712.7506103515625,英鎊,霸菱香港中國基金-A類 英鎊配息型,yfinance,股票型,中國/大中華
B24084,2016-11-02,698.0474243164062,英鎊,霸菱香港中國基金-A類 英鎊配息型,yfinance,股票型,中國/大中華
B24084,2016-11-03,684.4251708984375,英鎊,霸菱香港中國基金-A類 英鎊配息型,yfinance,股票型,中國/大中華
B24084,2016-11-04,680.5984497070312,英鎊,霸菱香港中國基金-A類 英鎊配息型,yfinance,股票型,中國/大中華
B24084,2016-11-07,692.5751953125,英鎊,霸菱香港中國基金-A類 英鎊配息型,yfinance,股票型,中國/大中華
B24084,2016-11-08,697.657958984375,英鎊,霸菱香港中國基金-A類 英鎊配息型,yfinance,股票型,中國/大中華
B24084,2016-11-09,683.1788330078125,英鎊,霸菱香港中國基金-A類 英鎊配息型,yfinance,股票型,中國/大中華
B24084,2016-11-10,694.2986450195312,英鎊,霸菱香港中國基金-A類 英鎊配息型,yfinance,股票型,中國/大中華
B24084,2016-11-11,671.5720825195312,英鎊,霸菱香港中國基金-A類 英鎊配息型,yfinance,股票型,中國/大中華
B24084,2016-11-14,668.154296875,英鎊,霸菱香港中國基金-A類 英鎊配息型,yfinance,股票型,中國/大中華
B24084,2016-11-15,673.6851196289062,英鎊,霸菱香港中國基金-A類 英鎊配息型,yfinance,股票型,中國/大中華
B24084,2016-11-16,676.2263793945312,英鎊,霸菱香港中國基金-A類 英鎊配息型,yfinance,股票型,中國/大中華
B24084,2016-11-17,673.1787109375,英鎊,霸菱香港中國基金-A類 英鎊配息型,yfinance,股票型,中國/大中華
B24084,2016-11-18,681.07568359375,英鎊,霸菱香港中國基金-A類 英鎊配息型,yfinance,股票型,中國/大中華
B24084,2016-11-21,683.6559448242188,英鎊,霸菱香港中國基金-A類 英鎊配息型,yfinance,股票型,中國/大中華
B24084,2016-11-22,686.8204345703125,英鎊,霸菱香港中國基金-A類 英鎊配息型,yfinance,股票型,中國/大中華
B24084,2016-11-23,688.6219482421875,英鎊,霸菱香港中國基金-A類 英鎊配息型,yfinance,股票型,中國/大中華
B24084,2016-11-24,682.39990234375,英鎊,霸菱香港中國基金-A類 英鎊配息型,yfinance,股票型,中國/大中華
B24084,2016-11-25,685.6715698242188,英鎊,霸菱香港中國基金-A類 英鎊配息型,yfinance,股票型,中國/大中華
B24084,2016-11-28,691.6599731445312,英鎊,霸菱香港中國基金-A類 英鎊配息型,yfinance,股票型,中國/大中華
B24084,2016-11-29,684.3958740234375,英鎊,霸菱香港中國基金-A類 英鎊配息型,yfinance,股票型,中國/大中華
B24084,2016-11-30,685.973388671875,英鎊,霸菱香港中國基金-A類 英鎊配息型,yfinance,股票型,中國/大中華
B24084,2016-12-01,679.3228759765625,英鎊,霸菱香港中國基金-A類 英鎊配息型,yfinance,股票型,中國/大中華
B24084,2016-12-02,669.1961669921875,英鎊,霸菱香港中國基金-A類 英鎊配息型,yfinance,股票型,中國/大中華
B24084,2016-12-05,658.826171875,英鎊,霸菱香港中國基金-A類 英鎊配息型,yfinance,股票型,中國/大中華
B24084,2016-12-06,659.8679809570312,英鎊,霸菱香港中國基金-A類 英鎊配息型,yfinance,股票型,中國/大中華
B24084,2016-12-07,670.0531005859375,英鎊,霸菱香港中國基金-A類 英鎊配息型,yfinance,股票型,中國/大中華
B24084,2016-12-08,668.8165283203125,英鎊,霸菱香港中國基金-A類 英鎊配息型,yfinance,股票型,中國/大中華
B24084,2016-12-09,669.3521118164062,英鎊,霸菱香港中國基金-A類 英鎊配息型,yfinance,股票型,中國/大中華
B24084,2016-12-12,657.6090698242188,英鎊,霸菱香港中國基金-A類 英鎊配息型,yfinance,股票型,中國/大中華
B24084,2016-12-13,654.9993896484375,英鎊,霸菱香港中國基金-A類 英鎊配息型,yfinance,股票型,中國/大中華
B24084,2016-12-14,657.0150146484375,英鎊,霸菱香港中國基金-A類 英鎊配息型,yfinance,股票型,中國/大中華
B24084,2016-12-15,655.3792114257812,英鎊,霸菱香港中國基金-A類 英鎊配息型,yfinance,股票型,中國/大中華
B24084,2016-12-16,656.1095581054688,英鎊,霸菱香港中國基金-A類 英鎊配息型,yfinance,股票型,中國/大中華
B24084,2016-12-19,650.7930297851562,英鎊,霸菱香港中國基金-A類 英鎊配息型,yfinance,股票型,中國/大中華
B24084,2016-12-20,649.48828125,英鎊,霸菱香港中國基金-A類 英鎊配息型,yfinance,股票型,中國/大中華
B24084,2016-12-21,651.1531982421875,英鎊,霸菱香港中國基金-A類 英鎊配息型,yfinance,股票型,中國/大中華
B24084,2016-12-22,647.1415405273438,英鎊,霸菱香港中國基金-A類 英鎊配息型,yfinance,股票型,中國/大中華
B24084,2016-12-23,648.4950561523438,英鎊,霸菱香港中國基金-A類 英鎊配息型,yfinance,股票型,中國/大中華
B24084,2016-12-29,658.582763671875,英鎊,霸菱香港中國基金-A類 英鎊配息型,yfinance,股票型,中國/大中華
B24084,2016-12-30,662.6333618164062,英鎊,霸菱香港中國基金-A類 英鎊配息型,yfinance,股票型,中國/大中華
B23209,2016-01-04,4.360000133514404,英鎊,施羅德環球基金系列－英國股票(英鎊)A-累積,yfinance,股票型,英國
B23209,2016-01-05,4.369999885559082,英鎊,施羅德環球基金系列－英國股票(英鎊)A-累積,yfinance,股票型,英國
B23209,2016-01-06,4.320000171661377,英鎊,施羅德環球基金系列－英國股票(英鎊)A-累積,yfinance,股票型,英國
B23209,2016-01-07,4.25,英鎊,施羅德環球基金系列－英國股票(英鎊)A-累積,yfinance,股票型,英國
B23209,2016-01-08,4.309999942779541,英鎊,施羅德環球基金系列－英國股票(英鎊)A-累積,yfinance,股票型,英國
B23209,2016-01-11,4.269999980926514,英鎊,施羅德環球基金系列－英國股票(英鎊)A-累積,yfinance,股票型,英國
B23209,2016-01-12,4.309999942779541,英鎊,施羅德環球基金系列－英國股票(英鎊)A-累積,yfinance,股票型,英國
B23209,2016-01-13,4.320000171661377,英鎊,施羅德環球基金系列－英國股票(英鎊)A-累積,yfinance,股票型,英國
B23209,2016-01-14,4.25,英鎊,施羅德環球基金系列－英國股票(英鎊)A-累積,yfinance,股票型,英國
B23209,2016-01-15,4.179999828338623,英鎊,施羅德環球基金系列－英國股票(英鎊)A-累積,yfinance,股票型,英國
B23209,2016-01-18,4.159999847412109,英鎊,施羅德環球基金系列－英國股票(英鎊)A-累積,yfinance,股票型,英國
B23209,2016-01-19,4.25,英鎊,施羅德環球基金系列－英國股票(英鎊)A-累積,yfinance,股票型,英國
B23209,2016-01-20,4.110000133514404,英鎊,施羅德環球基金系列－英國股票(英鎊)A-累積,yfinance,股票型,英國
B23209,2016-01-21,4.119999885559082,英鎊,施羅德環球基金系列－英國股票(英鎊)A-累積,yfinance,股票型,英國
B23209,2016-01-22,4.199999809265137,英鎊,施羅德環球基金系列－英國股票(英鎊)A-累積,yfinance,股票型,英國
B23209,2016-01-25,4.190000057220459,英鎊,施羅德環球基金系列－英國股票(英鎊)A-累積,yfinance,股票型,英國
B23209,2016-01-26,4.199999809265137,英鎊,施羅德環球基金系列－英國股票(英鎊)A-累積,yfinance,股票型,英國
B23209,2016-01-27,4.230000019073486,英鎊,施羅德環球基金系列－英國股票(英鎊)A-累積,yfinance,股票型,英國
B23209,2016-01-28,4.25,英鎊,施羅德環球基金系列－英國股票(英鎊)A-累積,yfinance,股票型,英國
B23209,2016-01-29,4.269999980926514,英鎊,施羅德環球基金系列－英國股票(英鎊)A-累積,yfinance,股票型,英國
B23209,2016-02-01,4.28000020980835,英鎊,施羅德環球基金系列－英國股票(英鎊)A-累積,yfinance,股票型,英國
B23209,2016-02-02,4.21999979019165,英鎊,施羅德環球基金系列－英國股票(英鎊)A-累積,yfinance,股票型,英國
B23209,2016-02-03,4.190000057220459,英鎊,施羅德環球基金系列－英國股票(英鎊)A-累積,yfinance,股票型,英國
B23209,2016-02-04,4.110000133514404,英鎊,施羅德環球基金系列－英國股票(英鎊)A-累積,yfinance,股票型,英國
B23209,2016-02-05,4.159999847412109,英鎊,施羅德環球基金系列－英國股票(英鎊)A-累積,yfinance,股票型,英國
B23209,2016-02-08,4.03000020980835,英鎊,施羅德環球基金系列－英國股票(英鎊)A-累積,yfinance,股票型,英國
B23209,2016-02-09,3.9200000762939453,英鎊,施羅德環球基金系列－英國股票(英鎊)A-累積,yfinance,股票型,英國
B23209,2016-02-10,3.990000009536743,英鎊,施羅德環球基金系列－英國股票(英鎊)A-累積,yfinance,股票型,英國
B23209,2016-02-11,3.9200000762939453,英鎊,施羅德環球基金系列－英國股票(英鎊)A-累積,yfinance,股票型,英國
B23209,2016-02-12,3.9600000381469727,英鎊,施羅德環球基金系列－英國股票(英鎊)A-累積,yfinance,股票型,英國
B23209,2016-02-15,4.070000171661377,英鎊,施羅德環球基金系列－英國股票(英鎊)A-累積,yfinance,股票型,英國
B23209,2016-02-16,4.070000171661377,英鎊,施羅德環球基金系列－英國股票(英鎊)A-累積,yfinance,股票型,英國
B23209,2016-02-17,4.150000095367432,英鎊,施羅德環球基金系列－英國股票(英鎊)A-累積,yfinance,股票型,英國
B23209,2016-02-18,4.199999809265137,英鎊,施羅德環球基金系列－英國股票(英鎊)A-累積,yfinance,股票型,英國
B23209,2016-02-19,4.159999847412109,英鎊,施羅德環球基金系列－英國股票(英鎊)A-累積,yfinance,股票型,英國
B23209,2016-02-22,4.21999979019165,英鎊,施羅德環球基金系列－英國股票(英鎊)A-累積,yfinance,股票型,英國
B23209,2016-02-23,4.199999809265137,英鎊,施羅德環球基金系列－英國股票(英鎊)A-累積,yfinance,股票型,英國
B23209,2016-02-24,4.139999866485596,英鎊,施羅德環球基金系列－英國股票(英鎊)A-累積,yfinance,股票型,英國
B23209,2016-02-25,4.239999771118164,英鎊,施羅德環球基金系列－英國股票(英鎊)A-累積,yfinance,股票型,英國
B23209,2016-02-26,4.28000020980835,英鎊,施羅德環球基金系列－英國股票(英鎊)A-累積,yfinance,股票型,英國
B23209,2016-02-29,4.269999980926514,英鎊,施羅德環球基金系列－英國股票(英鎊)A-累積,yfinance,股票型,英國
B23209,2016-03-01,4.289999961853027,英鎊,施羅德環球基金系列－英國股票(英鎊)A-累積,yfinance,股票型,英國
B23209,2016-03-02,4.289999961853027,英鎊,施羅德環球基金系列－英國股票(英鎊)A-累積,yfinance,股票型,英國
B23209,2016-03-03,4.289999961853027,英鎊,施羅德環球基金系列－英國股票(英鎊)A-累積,yfinance,股票型,英國
B23209,2016-03-04,4.320000171661377,英鎊,施羅德環球基金系列－英國股票(英鎊)A-累積,yfinance,股票型,英國
B23209,2016-03-07,4.289999961853027,英鎊,施羅德環球基金系列－英國股票(英鎊)A-累積,yfinance,股票型,英國
B23209,2016-03-08,4.309999942779541,英鎊,施羅德環球基金系列－英國股票(英鎊)A-累積,yfinance,股票型,英國
B23209,2016-03-09,4.28000020980835,英鎊,施羅德環球基金系列－英國股票(英鎊)A-累積,yfinance,股票型,英國
B23209,2016-03-10,4.300000190734863,英鎊,施羅德環球基金系列－英國股票(英鎊)A-累積,yfinance,股票型,英國
B23209,2016-03-11,4.289999961853027,英鎊,施羅德環球基金系列－英國股票(英鎊)A-累積,yfinance,股票型,英國
B23209,2016-03-14,4.300000190734863,英鎊,施羅德環球基金系列－英國股票(英鎊)A-累積,yfinance,股票型,英國
B23209,2016-03-15,4.289999961853027,英鎊,施羅德環球基金系列－英國股票(英鎊)A-累積,yfinance,股票型,英國
B23209,2016-03-16,4.309999942779541,英鎊,施羅德環球基金系列－英國股票(英鎊)A-累積,yfinance,股票型,英國
B23209,2016-03-17,4.289999961853027,英鎊,施羅德環球基金系列－英國股票(英鎊)A-累積,yfinance,股票型,英國
B23209,2016-03-18,4.340000152587891,英鎊,施羅德環球基金系列－英國股票(英鎊)A-累積,yfinance,股票型,英國
B23209,2016-03-21,4.320000171661377,英鎊,施羅德環球基金系列－英國股票(英鎊)A-累積,yfinance,股票型,英國
B23209,2016-03-22,4.309999942779541,英鎊,施羅德環球基金系列－英國股票(英鎊)A-累積,yfinance,股票型,英國
B23209,2016-03-23,4.329999923706055,英鎊,施羅德環球基金系列－英國股票(英鎊)A-累積,yfinance,股票型,英國
B23209,2016-03-24,4.28000020980835,英鎊,施羅德環球基金系列－英國股票(英鎊)A-累積,yfinance,股票型,英國
B23209,2016-03-29,4.269999980926514,英鎊,施羅德環球基金系列－英國股票(英鎊)A-累積,yfinance,股票型,英國
B23209,2016-03-30,4.340000152587891,英鎊,施羅德環球基金系列－英國股票(英鎊)A-累積,yfinance,股票型,英國
B23209,2016-03-31,4.329999923706055,英鎊,施羅德環球基金系列－英國股票(英鎊)A-累積,yfinance,股票型,英國
B23209,2016-04-01,4.269999980926514,英鎊,施羅德環球基金系列－英國股票(英鎊)A-累積,yfinance,股票型,英國
B23209,2016-04-04,4.320000171661377,英鎊,施羅德環球基金系列－英國股票(英鎊)A-累積,yfinance,股票型,英國
B23209,2016-04-05,4.260000228881836,英鎊,施羅德環球基金系列－英國股票(英鎊)A-累積,yfinance,股票型,英國
B23209,2016-04-06,4.300000190734863,英鎊,施羅德環球基金系列－英國股票(英鎊)A-累積,yfinance,股票型,英國
B23209,2016-04-07,4.309999942779541,英鎊,施羅德環球基金系列－英國股票(英鎊)A-累積,yfinance,股票型,英國
B23209,2016-04-08,4.340000152587891,英鎊,施羅德環球基金系列－英國股票(英鎊)A-累積,yfinance,股票型,英國
B23209,2016-04-11,4.340000152587891,英鎊,施羅德環球基金系列－英國股票(英鎊)A-累積,yfinance,股票型,英國
B23209,2016-04-12,4.329999923706055,英鎊,施羅德環球基金系列－英國股票(英鎊)A-累積,yfinance,股票型,英國
B23209,2016-04-13,4.400000095367432,英鎊,施羅德環球基金系列－英國股票(英鎊)A-累積,yfinance,股票型,英國
B23209,2016-04-14,4.420000076293945,英鎊,施羅德環球基金系列－英國股票(英鎊)A-累積,yfinance,股票型,英國
B23209,2016-04-15,4.389999866485596,英鎊,施羅德環球基金系列－英國股票(英鎊)A-累積,yfinance,股票型,英國
B23209,2016-04-18,4.380000114440918,英鎊,施羅德環球基金系列－英國股票(英鎊)A-累積,yfinance,股票型,英國
B23209,2016-04-19,4.409999847412109,英鎊,施羅德環球基金系列－英國股票(英鎊)A-累積,yfinance,股票型,英國
B23209,2016-04-20,4.400000095367432,英鎊,施羅德環球基金系列－英國股票(英鎊)A-累積,yfinance,股票型,英國
B23209,2016-04-21,4.389999866485596,英鎊,施羅德環球基金系列－英國股票(英鎊)A-累積,yfinance,股票型,英國
B23209,2016-04-22,4.369999885559082,英鎊,施羅德環球基金系列－英國股票(英鎊)A-累積,yfinance,股票型,英國
B23209,2016-04-25,4.360000133514404,英鎊,施羅德環球基金系列－英國股票(英鎊)A-累積,yfinance,股票型,英國
B23209,2016-04-26,4.369999885559082,英鎊,施羅德環球基金系列－英國股票(英鎊)A-累積,yfinance,股票型,英國
B23209,2016-04-27,4.380000114440918,英鎊,施羅德環球基金系列－英國股票(英鎊)A-累積,yfinance,股票型,英國
B23209,2016-04-28,4.340000152587891,英鎊,施羅德環球基金系列－英國股票(英鎊)A-累積,yfinance,股票型,英國
B23209,2016-04-29,4.349999904632568,英鎊,施羅德環球基金系列－英國股票(英鎊)A-累積,yfinance,股票型,英國
B23209,2016-05-03,4.296599864959717,英鎊,施羅德環球基金系列－英國股票(英鎊)A-累積,yfinance,股票型,英國
B23209,2016-05-04,4.266499996185303,英鎊,施羅德環球基金系列－英國股票(英鎊)A-累積,yfinance,股票型,英國
B23209,2016-05-05,4.245299816131592,英鎊,施羅德環球基金系列－英國股票(英鎊)A-累積,yfinance,股票型,英國
B23209,2016-05-06,4.214600086212158,英鎊,施羅德環球基金系列－英國股票(英鎊)A-累積,yfinance,股票型,英國
B23209,2016-05-09,4.264900207519531,英鎊,施羅德環球基金系列－英國股票(英鎊)A-累積,yfinance,股票型,英國
B23209,2016-05-10,4.273399829864502,英鎊,施羅德環球基金系列－英國股票(英鎊)A-累積,yfinance,股票型,英國
B23209,2016-05-11,4.285399913787842,英鎊,施羅德環球基金系列－英國股票(英鎊)A-累積,yfinance,股票型,英國
B23209,2016-05-12,4.3078999519348145,英鎊,施羅德環球基金系列－英國股票(英鎊)A-累積,yfinance,股票型,英國
B23209,2016-05-13,4.245800018310547,英鎊,施羅德環球基金系列－英國股票(英鎊)A-累積,yfinance,股票型,英國
B23209,2016-05-16,4.258699893951416,英鎊,施羅德環球基金系列－英國股票(英鎊)A-累積,yfinance,股票型,英國
B23209,2016-05-17,4.294400215148926,英鎊,施羅德環球基金系列－英國股票(英鎊)A-累積,yfinance,股票型,英國
B23209,2016-05-18,4.270699977874756,英鎊,施羅德環球基金系列－英國股票(英鎊)A-累積,yfinance,股票型,英國
B23209,2016-05-19,4.282700061798096,英鎊,施羅德環球基金系列－英國股票(英鎊)A-累積,yfinance,股票型,英國
B23209,2016-05-20,4.307400226593018,英鎊,施羅德環球基金系列－英國股票(英鎊)A-累積,yfinance,股票型,英國
B23209,2016-05-23,4.3140997886657715,英鎊,施羅德環球基金系列－英國股票(英鎊)A-累積,yfinance,股票型,英國
B23209,2016-05-24,4.360599994659424,英鎊,施羅德環球基金系列－英國股票(英鎊)A-累積,yfinance,股票型,英國
B23209,2016-05-25,4.401299953460693,英鎊,施羅德環球基金系列－英國股票(英鎊)A-累積,yfinance,股票型,英國
B23209,2016-05-26,4.3871002197265625,英鎊,施羅德環球基金系列－英國股票(英鎊)A-累積,yfinance,股票型,英國
B23209,2016-05-27,4.391600131988525,英鎊,施羅德環球基金系列－英國股票(英鎊)A-累積,yfinance,股票型,英國
B23209,2016-05-31,4.402400016784668,英鎊,施羅德環球基金系列－英國股票(英鎊)A-累積,yfinance,股票型,英國
B23209,2016-06-01,4.343200206756592,英鎊,施羅德環球基金系列－英國股票(英鎊)A-累積,yfinance,股票型,英國
B23209,2016-06-02,4.355400085449219,英鎊,施羅德環球基金系列－英國股票(英鎊)A-累積,yfinance,股票型,英國
B23209,2016-06-03,4.363800048828125,英鎊,施羅德環球基金系列－英國股票(英鎊)A-累積,yfinance,股票型,英國
B23209,2016-06-06,4.375500202178955,英鎊,施羅德環球基金系列－英國股票(英鎊)A-累積,yfinance,股票型,英國
B23209,2016-06-07,4.389999866485596,英鎊,施羅德環球基金系列－英國股票(英鎊)A-累積,yfinance,股票型,英國
B23209,2016-06-08,4.382999897003174,英鎊,施羅德環球基金系列－英國股票(英鎊)A-累積,yfinance,股票型,英國
B23209,2016-06-09,4.35860013961792,英鎊,施羅德環球基金系列－英國股票(英鎊)A-累積,yfinance,股票型,英國
B23209,2016-06-10,4.2708001136779785,英鎊,施羅德環球基金系列－英國股票(英鎊)A-累積,yfinance,股票型,英國
B23209,2016-06-13,4.23390007019043,英鎊,施羅德環球基金系列－英國股票(英鎊)A-累積,yfinance,股票型,英國
B23209,2016-06-14,4.181300163269043,英鎊,施羅德環球基金系列－英國股票(英鎊)A-累積,yfinance,股票型,英國
B23209,2016-06-15,4.183499813079834,英鎊,施羅德環球基金系列－英國股票(英鎊)A-累積,yfinance,股票型,英國
B23209,2016-06-16,4.1350998878479,英鎊,施羅德環球基金系列－英國股票(英鎊)A-累積,yfinance,股票型,英國
B23209,2016-06-17,4.203499794006348,英鎊,施羅德環球基金系列－英國股票(英鎊)A-累積,yfinance,股票型,英國
B23209,2016-06-20,4.360499858856201,英鎊,施羅德環球基金系列－英國股票(英鎊)A-累積,yfinance,股票型,英國
B23209,2016-06-21,4.326399803161621,英鎊,施羅德環球基金系列－英國股票(英鎊)A-累積,yfinance,股票型,英國
B23209,2016-06-22,4.369100093841553,英鎊,施羅德環球基金系列－英國股票(英鎊)A-累積,yfinance,股票型,英國
B23209,2016-06-23,4.42710018157959,英鎊,施羅德環球基金系列－英國股票(英鎊)A-累積,yfinance,股票型,英國
B23209,2016-06-24,4.196199893951416,英鎊,施羅德環球基金系列－英國股票(英鎊)A-累積,yfinance,股票型,英國
B23209,2016-06-27,4.0792999267578125,英鎊,施羅德環球基金系列－英國股票(英鎊)A-累積,yfinance,股票型,英國
B23209,2016-06-28,4.19189977645874,英鎊,施羅德環球基金系列－英國股票(英鎊)A-累積,yfinance,股票型,英國
B23209,2016-06-29,4.271100044250488,英鎊,施羅德環球基金系列－英國股票(英鎊)A-累積,yfinance,股票型,英國
B23209,2016-06-30,4.3302998542785645,英鎊,施羅德環球基金系列－英國股票(英鎊)A-累積,yfinance,股票型,英國
B23209,2016-07-01,4.437600135803223,英鎊,施羅德環球基金系列－英國股票(英鎊)A-累積,yfinance,股票型,英國
B23209,2016-07-04,4.427999973297119,英鎊,施羅德環球基金系列－英國股票(英鎊)A-累積,yfinance,股票型,英國
B23209,2016-07-05,4.39709997177124,英鎊,施羅德環球基金系列－英國股票(英鎊)A-累積,yfinance,股票型,英國
B23209,2016-07-06,4.335000038146973,英鎊,施羅德環球基金系列－英國股票(英鎊)A-累積,yfinance,股票型,英國
B23209,2016-07-07,4.410099983215332,英鎊,施羅德環球基金系列－英國股票(英鎊)A-累積,yfinance,股票型,英國
B23209,2016-07-08,4.441299915313721,英鎊,施羅德環球基金系列－英國股票(英鎊)A-累積,yfinance,股票型,英國
B23209,2016-07-11,4.499899864196777,英鎊,施羅德環球基金系列－英國股票(英鎊)A-累積,yfinance,股票型,英國
B23209,2016-07-12,4.543700218200684,英鎊,施羅德環球基金系列－英國股票(英鎊)A-累積,yfinance,股票型,英國
B23209,2016-07-13,4.54449987411499,英鎊,施羅德環球基金系列－英國股票(英鎊)A-累積,yfinance,股票型,英國
B23209,2016-07-14,4.5447998046875,英鎊,施羅德環球基金系列－英國股票(英鎊)A-累積,yfinance,股票型,英國
B23209,2016-07-15,4.513500213623047,英鎊,施羅德環球基金系列－英國股票(英鎊)A-累積,yfinance,股票型,英國
B23209,2016-07-18,4.558000087738037,英鎊,施羅德環球基金系列－英國股票(英鎊)A-累積,yfinance,股票型,英國
B23209,2016-07-19,4.546800136566162,英鎊,施羅德環球基金系列－英國股票(英鎊)A-累積,yfinance,股票型,英國
B23209,2016-07-20,4.597899913787842,英鎊,施羅德環球基金系列－英國股票(英鎊)A-累積,yfinance,股票型,英國
B23209,2016-07-21,4.561299800872803,英鎊,施羅德環球基金系列－英國股票(英鎊)A-累積,yfinance,股票型,英國
B23209,2016-07-22,4.572400093078613,英鎊,施羅德環球基金系列－英國股票(英鎊)A-累積,yfinance,股票型,英國
B23209,2016-07-25,4.582699775695801,英鎊,施羅德環球基金系列－英國股票(英鎊)A-累積,yfinance,股票型,英國
B23209,2016-07-26,4.576399803161621,英鎊,施羅德環球基金系列－英國股票(英鎊)A-累積,yfinance,股票型,英國
B23209,2016-07-27,4.616099834442139,英鎊,施羅德環球基金系列－英國股票(英鎊)A-累積,yfinance,股票型,英國
B23209,2016-07-28,4.610799789428711,英鎊,施羅德環球基金系列－英國股票(英鎊)A-累積,yfinance,股票型,英國
B23209,2016-07-29,4.584799766540527,英鎊,施羅德環球基金系列－英國股票(英鎊)A-累積,yfinance,股票型,英國
B23209,2016-08-01,4.578000068664551,英鎊,施羅德環球基金系列－英國股票(英鎊)A-累積,yfinance,股票型,英國
B23209,2016-08-02,4.55709981918335,英鎊,施羅德環球基金系列－英國股票(英鎊)A-累積,yfinance,股票型,英國
B23209,2016-08-03,4.531799793243408,英鎊,施羅德環球基金系列－英國股票(英鎊)A-累積,yfinance,股票型,英國
B23209,2016-08-04,4.605800151824951,英鎊,施羅德環球基金系列－英國股票(英鎊)A-累積,yfinance,股票型,英國
B23209,2016-08-05,4.639599800109863,英鎊,施羅德環球基金系列－英國股票(英鎊)A-累積,yfinance,股票型,英國
B23209,2016-08-08,4.631800174713135,英鎊,施羅德環球基金系列－英國股票(英鎊)A-累積,yfinance,股票型,英國
B23209,2016-08-09,4.662499904632568,英鎊,施羅德環球基金系列－英國股票(英鎊)A-累積,yfinance,股票型,英國
B23209,2016-08-10,4.672599792480469,英鎊,施羅德環球基金系列－英國股票(英鎊)A-累積,yfinance,股票型,英國
B23209,2016-08-11,4.6940999031066895,英鎊,施羅德環球基金系列－英國股票(英鎊)A-累積,yfinance,股票型,英國
B23209,2016-08-12,4.728899955749512,英鎊,施羅德環球基金系列－英國股票(英鎊)A-累積,yfinance,股票型,英國
B23209,2016-08-15,4.73330020904541,英鎊,施羅德環球基金系列－英國股票(英鎊)A-累積,yfinance,股票型,英國
B23209,2016-08-16,4.716700077056885,英鎊,施羅德環球基金系列－英國股票(英鎊)A-累積,yfinance,股票型,英國
B23209,2016-08-17,4.706500053405762,英鎊,施羅德環球基金系列－英國股票(英鎊)A-累積,yfinance,股票型,英國
B23209,2016-08-18,4.7093000411987305,英鎊,施羅德環球基金系列－英國股票(英鎊)A-累積,yfinance,股票型,英國
B23209,2016-08-19,4.716300010681152,英鎊,施羅德環球基金系列－英國股票(英鎊)A-累積,yfinance,股票型,英國
B23209,2016-08-22,4.709700107574463,英鎊,施羅德環球基金系列－英國股票(英鎊)A-累積,yfinance,股票型,英國
B23209,2016-08-23,4.747499942779541,英鎊,施羅德環球基金系列－英國股票(英鎊)A-累積,yfinance,股票型,英國
B23209,2016-08-24,4.748899936676025,英鎊,施羅德環球基金系列－英國股票(英鎊)A-累積,yfinance,股票型,英國
B23209,2016-08-25,4.724100112915039,英鎊,施羅德環球基金系列－英國股票(英鎊)A-累積,yfinance,股票型,英國
B23209,2016-08-26,4.72629976272583,英鎊,施羅德環球基金系列－英國股票(英鎊)A-累積,yfinance,股票型,英國
B23209,2016-08-30,4.743800163269043,英鎊,施羅德環球基金系列－英國股票(英鎊)A-累積,yfinance,股票型,英國
B23209,2016-08-31,4.739200115203857,英鎊,施羅德環球基金系列－英國股票(英鎊)A-累積,yfinance,股票型,英國
B23209,2016-09-01,4.735400199890137,英鎊,施羅德環球基金系列－英國股票(英鎊)A-累積,yfinance,股票型,英國
B23209,2016-09-02,4.747900009155273,英鎊,施羅德環球基金系列－英國股票(英鎊)A-累積,yfinance,股票型,英國
B23209,2016-09-05,4.77869987487793,英鎊,施羅德環球基金系列－英國股票(英鎊)A-累積,yfinance,股票型,英國
B23209,2016-09-06,4.767499923706055,英鎊,施羅德環球基金系列－英國股票(英鎊)A-累積,yfinance,股票型,英國
B23209,2016-09-07,4.757999897003174,英鎊,施羅德環球基金系列－英國股票(英鎊)A-累積,yfinance,股票型,英國
B23209,2016-09-08,4.784200191497803,英鎊,施羅德環球基金系列－英國股票(英鎊)A-累積,yfinance,股票型,英國
B23209,2016-09-09,4.769999980926514,英鎊,施羅德環球基金系列－英國股票(英鎊)A-累積,yfinance,股票型,英國
B23209,2016-09-12,4.677199840545654,英鎊,施羅德環球基金系列－英國股票(英鎊)A-累積,yfinance,股票型,英國
B23209,2016-09-13,4.709400177001953,英鎊,施羅德環球基金系列－英國股票(英鎊)A-累積,yfinance,股票型,英國
B23209,2016-09-14,4.706399917602539,英鎊,施羅德環球基金系列－英國股票(英鎊)A-累積,yfinance,股票型,英國
B23209,2016-09-15,4.6996002197265625,英鎊,施羅德環球基金系列－英國股票(英鎊)A-累積,yfinance,股票型,英國
B23209,2016-09-16,4.722400188446045,英鎊,施羅德環球基金系列－英國股票(英鎊)A-累積,yfinance,股票型,英國
B23209,2016-09-19,4.760000228881836,英鎊,施羅德環球基金系列－英國股票(英鎊)A-累積,yfinance,股票型,英國
B23209,2016-09-20,4.790500164031982,英鎊,施羅德環球基金系列－英國股票(英鎊)A-累積,yfinance,股票型,英國
B23209,2016-09-21,4.779200077056885,英鎊,施羅德環球基金系列－英國股票(英鎊)A-累積,yfinance,股票型,英國
B23209,2016-09-22,4.810400009155273,英鎊,施羅德環球基金系列－英國股票(英鎊)A-累積,yfinance,股票型,英國
B23209,2016-09-23,4.7967000007629395,英鎊,施羅德環球基金系列－英國股票(英鎊)A-累積,yfinance,股票型,英國
B23209,2016-09-26,4.7393999099731445,英鎊,施羅德環球基金系列－英國股票(英鎊)A-累積,yfinance,股票型,英國
B23209,2016-09-27,4.691800117492676,英鎊,施羅德環球基金系列－英國股票(英鎊)A-累積,yfinance,股票型,英國
B23209,2016-09-28,4.756199836730957,英鎊,施羅德環球基金系列－英國股票(英鎊)A-累積,yfinance,股票型,英國
B23209,2016-09-29,4.799300193786621,英鎊,施羅德環球基金系列－英國股票(英鎊)A-累積,yfinance,股票型,英國
B23209,2016-09-30,4.761300086975098,英鎊,施羅德環球基金系列－英國股票(英鎊)A-累積,yfinance,股票型,英國
B23209,2016-10-03,4.826499938964844,英鎊,施羅德環球基金系列－英國股票(英鎊)A-累積,yfinance,股票型,英國
B23209,2016-10-04,4.928999900817871,英鎊,施羅德環球基金系列－英國股票(英鎊)A-累積,yfinance,股票型,英國
B23209,2016-10-05,4.923600196838379,英鎊,施羅德環球基金系列－英國股票(英鎊)A-累積,yfinance,股票型,英國
B23209,2016-10-06,4.899700164794922,英鎊,施羅德環球基金系列－英國股票(英鎊)A-累積,yfinance,股票型,英國
B23209,2016-10-07,4.90339994430542,英鎊,施羅德環球基金系列－英國股票(英鎊)A-累積,yfinance,股票型,英國
B23209,2016-10-10,4.906799793243408,英鎊,施羅德環球基金系列－英國股票(英鎊)A-累積,yfinance,股票型,英國
B23209,2016-10-11,4.916299819946289,英鎊,施羅德環球基金系列－英國股票(英鎊)A-累積,yfinance,股票型,英國
B23209,2016-10-12,4.8917999267578125,英鎊,施羅德環球基金系列－英國股票(英鎊)A-累積,yfinance,股票型,英國
B23209,2016-10-13,4.830599784851074,英鎊,施羅德環球基金系列－英國股票(英鎊)A-累積,yfinance,股票型,英國
B23209,2016-10-14,4.895899772644043,英鎊,施羅德環球基金系列－英國股票(英鎊)A-累積,yfinance,股票型,英國
B23209,2016-10-17,4.854000091552734,英鎊,施羅德環球基金系列－英國股票(英鎊)A-累積,yfinance,股票型,英國
B23209,2016-10-18,4.900899887084961,英鎊,施羅德環球基金系列－英國股票(英鎊)A-累積,yfinance,股票型,英國
B23209,2016-10-19,4.901899814605713,英鎊,施羅德環球基金系列－英國股票(英鎊)A-累積,yfinance,股票型,英國
B23209,2016-10-20,4.905600070953369,英鎊,施羅德環球基金系列－英國股票(英鎊)A-累積,yfinance,股票型,英國
B23209,2016-10-21,4.917399883270264,英鎊,施羅德環球基金系列－英國股票(英鎊)A-累積,yfinance,股票型,英國
B23209,2016-10-24,4.92140007019043,英鎊,施羅德環球基金系列－英國股票(英鎊)A-累積,yfinance,股票型,英國
B23209,2016-10-25,4.911099910736084,英鎊,施羅德環球基金系列－英國股票(英鎊)A-累積,yfinance,股票型,英國
B23209,2016-10-26,4.86959981918335,英鎊,施羅德環球基金系列－英國股票(英鎊)A-累積,yfinance,股票型,英國
B23209,2016-10-27,4.900100231170654,英鎊,施羅德環球基金系列－英國股票(英鎊)A-累積,yfinance,股票型,英國
B23209,2016-10-28,4.898799896240234,英鎊,施羅德環球基金系列－英國股票(英鎊)A-累積,yfinance,股票型,英國
B23209,2016-10-31,4.873799800872803,英鎊,施羅德環球基金系列－英國股票(英鎊)A-累積,yfinance,股票型,英國
B23209,2016-11-01,4.8420000076293945,英鎊,施羅德環球基金系列－英國股票(英鎊)A-累積,yfinance,股票型,英國
B23209,2016-11-02,4.803599834442139,英鎊,施羅德環球基金系列－英國股票(英鎊)A-累積,yfinance,股票型,英國
B23209,2016-11-03,4.808199882507324,英鎊,施羅德環球基金系列－英國股票(英鎊)A-累積,yfinance,股票型,英國
B23209,2016-11-04,4.71150016784668,英鎊,施羅德環球基金系列－英國股票(英鎊)A-累積,yfinance,股票型,英國
B23209,2016-11-07,4.76039981842041,英鎊,施羅德環球基金系列－英國股票(英鎊)A-累積,yfinance,股票型,英國
B23209,2016-11-08,4.762899875640869,英鎊,施羅德環球基金系列－英國股票(英鎊)A-累積,yfinance,股票型,英國
B23209,2016-11-09,4.7916998863220215,英鎊,施羅德環球基金系列－英國股票(英鎊)A-累積,yfinance,股票型,英國
B23209,2016-11-10,4.863999843597412,英鎊,施羅德環球基金系列－英國股票(英鎊)A-累積,yfinance,股票型,英國
B23209,2016-11-11,4.758299827575684,英鎊,施羅德環球基金系列－英國股票(英鎊)A-累積,yfinance,股票型,英國
B23209,2016-11-14,4.771900177001953,英鎊,施羅德環球基金系列－英國股票(英鎊)A-累積,yfinance,股票型,英國
B23209,2016-11-15,4.812699794769287,英鎊,施羅德環球基金系列－英國股票(英鎊)A-累積,yfinance,股票型,英國
B23209,2016-11-16,4.7758002281188965,英鎊,施羅德環球基金系列－英國股票(英鎊)A-累積,yfinance,股票型,英國
B23209,2016-11-17,4.777400016784668,英鎊,施羅德環球基金系列－英國股票(英鎊)A-累積,yfinance,股票型,英國
B23209,2016-11-18,4.791900157928467,英鎊,施羅德環球基金系列－英國股票(英鎊)A-累積,yfinance,股票型,英國
B23209,2016-11-21,4.77810001373291,英鎊,施羅德環球基金系列－英國股票(英鎊)A-累積,yfinance,股票型,英國
B23209,2016-11-22,4.8171000480651855,英鎊,施羅德環球基金系列－英國股票(英鎊)A-累積,yfinance,股票型,英國
B23209,2016-11-23,4.808899879455566,英鎊,施羅德環球基金系列－英國股票(英鎊)A-累積,yfinance,股票型,英國
B23209,2016-11-24,4.803100109100342,英鎊,施羅德環球基金系列－英國股票(英鎊)A-累積,yfinance,股票型,英國
B23209,2016-11-25,4.809899806976318,英鎊,施羅德環球基金系列－英國股票(英鎊)A-累積,yfinance,股票型,英國
B23209,2016-11-28,4.780200004577637,英鎊,施羅德環球基金系列－英國股票(英鎊)A-累積,yfinance,股票型,英國
B23209,2016-11-29,4.752299785614014,英鎊,施羅德環球基金系列－英國股票(英鎊)A-累積,yfinance,股票型,英國
B23209,2016-11-30,4.788599967956543,英鎊,施羅德環球基金系列－英國股票(英鎊)A-累積,yfinance,股票型,英國
B23209,2016-12-01,4.744500160217285,英鎊,施羅德環球基金系列－英國股票(英鎊)A-累積,yfinance,股票型,英國
B23209,2016-12-02,4.739799976348877,英鎊,施羅德環球基金系列－英國股票(英鎊)A-累積,yfinance,股票型,英國
B23209,2016-12-05,4.756800174713135,英鎊,施羅德環球基金系列－英國股票(英鎊)A-累積,yfinance,股票型,英國
B23209,2016-12-06,4.776800155639648,英鎊,施羅德環球基金系列－英國股票(英鎊)A-累積,yfinance,股票型,英國
B23209,2016-12-07,4.843400001525879,英鎊,施羅德環球基金系列－英國股票(英鎊)A-累積,yfinance,股票型,英國
B23209,2016-12-08,4.875,英鎊,施羅德環球基金系列－英國股票(英鎊)A-累積,yfinance,股票型,英國
B23209,2016-12-09,4.8730998039245605,英鎊,施羅德環球基金系列－英國股票(英鎊)A-累積,yfinance,股票型,英國
B23209,2016-12-12,4.860300064086914,英鎊,施羅德環球基金系列－英國股票(英鎊)A-累積,yfinance,股票型,英國
B23209,2016-12-13,4.871600151062012,英鎊,施羅德環球基金系列－英國股票(英鎊)A-累積,yfinance,股票型,英國
B23209,2016-12-14,4.900400161743164,英鎊,施羅德環球基金系列－英國股票(英鎊)A-累積,yfinance,股票型,英國
B23209,2016-12-15,4.908400058746338,英鎊,施羅德環球基金系列－英國股票(英鎊)A-累積,yfinance,股票型,英國
B23209,2016-12-16,4.950200080871582,英鎊,施羅德環球基金系列－英國股票(英鎊)A-累積,yfinance,股票型,英國
B23209,2016-12-19,4.9532999992370605,英鎊,施羅德環球基金系列－英國股票(英鎊)A-累積,yfinance,股票型,英國
B23209,2016-12-20,4.959000110626221,英鎊,施羅德環球基金系列－英國股票(英鎊)A-累積,yfinance,股票型,英國
B23209,2016-12-21,4.952899932861328,英鎊,施羅德環球基金系列－英國股票(英鎊)A-累積,yfinance,股票型,英國
B23209,2016-12-22,4.960100173950195,英鎊,施羅德環球基金系列－英國股票(英鎊)A-累積,yfinance,股票型,英國
B23209,2016-12-23,4.970300197601318,英鎊,施羅德環球基金系列－英國股票(英鎊)A-累積,yfinance,股票型,英國
B23209,2016-12-28,4.987599849700928,英鎊,施羅德環球基金系列－英國股票(英鎊)A-累積,yfinance,股票型,英國
B23209,2016-12-29,4.976600170135498,英鎊,施羅德環球基金系列－英國股票(英鎊)A-累積,yfinance,股票型,英國
B23209,2016-12-30,5.001500129699707,英鎊,施羅德環球基金系列－英國股票(英鎊)A-累積,yfinance,股票型,英國
B23399,2016-01-04,5.099999904632568,英鎊,施羅德環球基金系列－英國股票(英鎊)C-累積,yfinance,股票型,英國
B23399,2016-01-05,5.110000133514404,英鎊,施羅德環球基金系列－英國股票(英鎊)C-累積,yfinance,股票型,英國
B23399,2016-01-06,5.050000190734863,英鎊,施羅德環球基金系列－英國股票(英鎊)C-累積,yfinance,股票型,英國
B23399,2016-01-07,4.96999979019165,英鎊,施羅德環球基金系列－英國股票(英鎊)C-累積,yfinance,股票型,英國
B23399,2016-01-08,5.039999961853027,英鎊,施羅德環球基金系列－英國股票(英鎊)C-累積,yfinance,股票型,英國
B23399,2016-01-11,4.989999771118164,英鎊,施羅德環球基金系列－英國股票(英鎊)C-累積,yfinance,股票型,英國
B23399,2016-01-12,5.039999961853027,英鎊,施羅德環球基金系列－英國股票(英鎊)C-累積,yfinance,股票型,英國
B23399,2016-01-13,5.059999942779541,英鎊,施羅德環球基金系列－英國股票(英鎊)C-累積,yfinance,股票型,英國
B23399,2016-01-14,4.980000019073486,英鎊,施羅德環球基金系列－英國股票(英鎊)C-累積,yfinance,股票型,英國
B23399,2016-01-15,4.889999866485596,英鎊,施羅德環球基金系列－英國股票(英鎊)C-累積,yfinance,股票型,英國
B23399,2016-01-18,4.869999885559082,英鎊,施羅德環球基金系列－英國股票(英鎊)C-累積,yfinance,股票型,英國
B23399,2016-01-19,4.96999979019165,英鎊,施羅德環球基金系列－英國股票(英鎊)C-累積,yfinance,股票型,英國
B23399,2016-01-20,4.809999942779541,英鎊,施羅德環球基金系列－英國股票(英鎊)C-累積,yfinance,股票型,英國
B23399,2016-01-21,4.809999942779541,英鎊,施羅德環球基金系列－英國股票(英鎊)C-累積,yfinance,股票型,英國
B23399,2016-01-22,4.920000076293945,英鎊,施羅德環球基金系列－英國股票(英鎊)C-累積,yfinance,股票型,英國
B23399,2016-01-25,4.900000095367432,英鎊,施羅德環球基金系列－英國股票(英鎊)C-累積,yfinance,股票型,英國
B23399,2016-01-26,4.909999847412109,英鎊,施羅德環球基金系列－英國股票(英鎊)C-累積,yfinance,股票型,英國
B23399,2016-01-27,4.949999809265137,英鎊,施羅德環球基金系列－英國股票(英鎊)C-累積,yfinance,股票型,英國
B23399,2016-01-28,4.980000019073486,英鎊,施羅德環球基金系列－英國股票(英鎊)C-累積,yfinance,股票型,英國
B23399,2016-01-29,5.0,英鎊,施羅德環球基金系列－英國股票(英鎊)C-累積,yfinance,股票型,英國
B23399,2016-02-01,5.0,英鎊,施羅德環球基金系列－英國股票(英鎊)C-累積,yfinance,股票型,英國
B23399,2016-02-02,4.940000057220459,英鎊,施羅德環球基金系列－英國股票(英鎊)C-累積,yfinance,股票型,英國
B23399,2016-02-03,4.900000095367432,英鎊,施羅德環球基金系列－英國股票(英鎊)C-累積,yfinance,股票型,英國
B23399,2016-02-04,4.809999942779541,英鎊,施羅德環球基金系列－英國股票(英鎊)C-累積,yfinance,股票型,英國
B23399,2016-02-05,4.860000133514404,英鎊,施羅德環球基金系列－英國股票(英鎊)C-累積,yfinance,股票型,英國
B23399,2016-02-08,4.71999979019165,英鎊,施羅德環球基金系列－英國股票(英鎊)C-累積,yfinance,股票型,英國
B23399,2016-02-09,4.590000152587891,英鎊,施羅德環球基金系列－英國股票(英鎊)C-累積,yfinance,股票型,英國
B23399,2016-02-10,4.659999847412109,英鎊,施羅德環球基金系列－英國股票(英鎊)C-累積,yfinance,股票型,英國
B23399,2016-02-11,4.579999923706055,英鎊,施羅德環球基金系列－英國股票(英鎊)C-累積,yfinance,股票型,英國
B23399,2016-02-12,4.630000114440918,英鎊,施羅德環球基金系列－英國股票(英鎊)C-累積,yfinance,股票型,英國
B23399,2016-02-15,4.760000228881836,英鎊,施羅德環球基金系列－英國股票(英鎊)C-累積,yfinance,股票型,英國
B23399,2016-02-16,4.769999980926514,英鎊,施羅德環球基金系列－英國股票(英鎊)C-累積,yfinance,股票型,英國
B23399,2016-02-17,4.860000133514404,英鎊,施羅德環球基金系列－英國股票(英鎊)C-累積,yfinance,股票型,英國
B23399,2016-02-18,4.909999847412109,英鎊,施羅德環球基金系列－英國股票(英鎊)C-累積,yfinance,股票型,英國
B23399,2016-02-19,4.869999885559082,英鎊,施羅德環球基金系列－英國股票(英鎊)C-累積,yfinance,股票型,英國
B23399,2016-02-22,4.940000057220459,英鎊,施羅德環球基金系列－英國股票(英鎊)C-累積,yfinance,股票型,英國
B23399,2016-02-23,4.920000076293945,英鎊,施羅德環球基金系列－英國股票(英鎊)C-累積,yfinance,股票型,英國
B23399,2016-02-24,4.840000152587891,英鎊,施羅德環球基金系列－英國股票(英鎊)C-累積,yfinance,股票型,英國
B23399,2016-02-25,4.960000038146973,英鎊,施羅德環球基金系列－英國股票(英鎊)C-累積,yfinance,股票型,英國
B23399,2016-02-26,5.010000228881836,英鎊,施羅德環球基金系列－英國股票(英鎊)C-累積,yfinance,股票型,英國
B23399,2016-02-29,4.989999771118164,英鎊,施羅德環球基金系列－英國股票(英鎊)C-累積,yfinance,股票型,英國
B23399,2016-03-01,5.019999980926514,英鎊,施羅德環球基金系列－英國股票(英鎊)C-累積,yfinance,股票型,英國
B23399,2016-03-02,5.019999980926514,英鎊,施羅德環球基金系列－英國股票(英鎊)C-累積,yfinance,股票型,英國
B23399,2016-03-03,5.03000020980835,英鎊,施羅德環球基金系列－英國股票(英鎊)C-累積,yfinance,股票型,英國
B23399,2016-03-04,5.050000190734863,英鎊,施羅德環球基金系列－英國股票(英鎊)C-累積,yfinance,股票型,英國
B23399,2016-03-07,5.019999980926514,英鎊,施羅德環球基金系列－英國股票(英鎊)C-累積,yfinance,股票型,英國
B23399,2016-03-08,5.039999961853027,英鎊,施羅德環球基金系列－英國股票(英鎊)C-累積,yfinance,股票型,英國
B23399,2016-03-09,5.010000228881836,英鎊,施羅德環球基金系列－英國股票(英鎊)C-累積,yfinance,股票型,英國
B23399,2016-03-10,5.03000020980835,英鎊,施羅德環球基金系列－英國股票(英鎊)C-累積,yfinance,股票型,英國
B23399,2016-03-11,5.03000020980835,英鎊,施羅德環球基金系列－英國股票(英鎊)C-累積,yfinance,股票型,英國
B23399,2016-03-14,5.039999961853027,英鎊,施羅德環球基金系列－英國股票(英鎊)C-累積,yfinance,股票型,英國
B23399,2016-03-15,5.019999980926514,英鎊,施羅德環球基金系列－英國股票(英鎊)C-累積,yfinance,股票型,英國
B23399,2016-03-16,5.039999961853027,英鎊,施羅德環球基金系列－英國股票(英鎊)C-累積,yfinance,股票型,英國
B23399,2016-03-17,5.03000020980835,英鎊,施羅德環球基金系列－英國股票(英鎊)C-累積,yfinance,股票型,英國
B23399,2016-03-18,5.079999923706055,英鎊,施羅德環球基金系列－英國股票(英鎊)C-累積,yfinance,股票型,英國
B23399,2016-03-21,5.059999942779541,英鎊,施羅德環球基金系列－英國股票(英鎊)C-累積,yfinance,股票型,英國
B23399,2016-03-22,5.039999961853027,英鎊,施羅德環球基金系列－英國股票(英鎊)C-累積,yfinance,股票型,英國
B23399,2016-03-23,5.070000171661377,英鎊,施羅德環球基金系列－英國股票(英鎊)C-累積,yfinance,股票型,英國
B23399,2016-03-24,5.010000228881836,英鎊,施羅德環球基金系列－英國股票(英鎊)C-累積,yfinance,股票型,英國
B23399,2016-03-29,5.0,英鎊,施羅德環球基金系列－英國股票(英鎊)C-累積,yfinance,股票型,英國
B23399,2016-03-30,5.079999923706055,英鎊,施羅德環球基金系列－英國股票(英鎊)C-累積,yfinance,股票型,英國
B23399,2016-03-31,5.070000171661377,英鎊,施羅德環球基金系列－英國股票(英鎊)C-累積,yfinance,股票型,英國
B23399,2016-04-01,5.0,英鎊,施羅德環球基金系列－英國股票(英鎊)C-累積,yfinance,股票型,英國
B23399,2016-04-04,5.059999942779541,英鎊,施羅德環球基金系列－英國股票(英鎊)C-累積,yfinance,股票型,英國
B23399,2016-04-05,4.989999771118164,英鎊,施羅德環球基金系列－英國股票(英鎊)C-累積,yfinance,股票型,英國
B23399,2016-04-06,5.03000020980835,英鎊,施羅德環球基金系列－英國股票(英鎊)C-累積,yfinance,股票型,英國
B23399,2016-04-07,5.039999961853027,英鎊,施羅德環球基金系列－英國股票(英鎊)C-累積,yfinance,股票型,英國
B23399,2016-04-08,5.079999923706055,英鎊,施羅德環球基金系列－英國股票(英鎊)C-累積,yfinance,股票型,英國
B23399,2016-04-11,5.079999923706055,英鎊,施羅德環球基金系列－英國股票(英鎊)C-累積,yfinance,股票型,英國
B23399,2016-04-12,5.079999923706055,英鎊,施羅德環球基金系列－英國股票(英鎊)C-累積,yfinance,股票型,英國
B23399,2016-04-13,5.159999847412109,英鎊,施羅德環球基金系列－英國股票(英鎊)C-累積,yfinance,股票型,英國
B23399,2016-04-14,5.170000076293945,英鎊,施羅德環球基金系列－英國股票(英鎊)C-累積,yfinance,股票型,英國
B23399,2016-04-15,5.139999866485596,英鎊,施羅德環球基金系列－英國股票(英鎊)C-累積,yfinance,股票型,英國
B23399,2016-04-18,5.130000114440918,英鎊,施羅德環球基金系列－英國股票(英鎊)C-累積,yfinance,股票型,英國
B23399,2016-04-19,5.170000076293945,英鎊,施羅德環球基金系列－英國股票(英鎊)C-累積,yfinance,股票型,英國
B23399,2016-04-20,5.150000095367432,英鎊,施羅德環球基金系列－英國股票(英鎊)C-累積,yfinance,股票型,英國
B23399,2016-04-21,5.139999866485596,英鎊,施羅德環球基金系列－英國股票(英鎊)C-累積,yfinance,股票型,英國
B23399,2016-04-22,5.119999885559082,英鎊,施羅德環球基金系列－英國股票(英鎊)C-累積,yfinance,股票型,英國
B23399,2016-04-25,5.110000133514404,英鎊,施羅德環球基金系列－英國股票(英鎊)C-累積,yfinance,股票型,英國
B23399,2016-04-26,5.119999885559082,英鎊,施羅德環球基金系列－英國股票(英鎊)C-累積,yfinance,股票型,英國
B23399,2016-04-27,5.139999866485596,英鎊,施羅德環球基金系列－英國股票(英鎊)C-累積,yfinance,股票型,英國
B23399,2016-04-28,5.090000152587891,英鎊,施羅德環球基金系列－英國股票(英鎊)C-累積,yfinance,股票型,英國
B23399,2016-04-29,5.090000152587891,英鎊,施羅德環球基金系列－英國股票(英鎊)C-累積,yfinance,股票型,英國
B23399,2016-05-03,5.034299850463867,英鎊,施羅德環球基金系列－英國股票(英鎊)C-累積,yfinance,股票型,英國
B23399,2016-05-04,4.999100208282471,英鎊,施羅德環球基金系列－英國股票(英鎊)C-累積,yfinance,股票型,英國
B23399,2016-05-05,4.9741997718811035,英鎊,施羅德環球基金系列－英國股票(英鎊)C-累積,yfinance,股票型,英國
B23399,2016-05-06,4.938300132751465,英鎊,施羅德環球基金系列－英國股票(英鎊)C-累積,yfinance,股票型,英國
B23399,2016-05-09,4.997499942779541,英鎊,施羅德環球基金系列－英國股票(英鎊)C-累積,yfinance,股票型,英國
B23399,2016-05-10,5.007599830627441,英鎊,施羅德環球基金系列－英國股票(英鎊)C-累積,yfinance,股票型,英國
B23399,2016-05-11,5.021699905395508,英鎊,施羅德環球基金系列－英國股票(英鎊)C-累積,yfinance,股票型,英國
B23399,2016-05-12,5.048099994659424,英鎊,施羅德環球基金系列－英國股票(英鎊)C-累積,yfinance,股票型,英國
B23399,2016-05-13,4.975500106811523,英鎊,施羅德環球基金系列－英國股票(英鎊)C-累積,yfinance,股票型,英國
B23399,2016-05-16,4.990900039672852,英鎊,施羅德環球基金系列－英國股票(英鎊)C-累積,yfinance,股票型,英國
B23399,2016-05-17,5.032800197601318,英鎊,施羅德環球基金系列－英國股票(英鎊)C-累積,yfinance,股票型,英國
B23399,2016-05-18,5.005099773406982,英鎊,施羅德環球基金系列－英國股票(英鎊)C-累積,yfinance,股票型,英國
B23399,2016-05-19,5.0192999839782715,英鎊,施羅德環球基金系列－英國股票(英鎊)C-累積,yfinance,股票型,英國
B23399,2016-05-20,5.048299789428711,英鎊,施羅德環球基金系列－英國股票(英鎊)C-累積,yfinance,股票型,英國
B23399,2016-05-23,5.056300163269043,英鎊,施羅德環球基金系列－英國股票(英鎊)C-累積,yfinance,股票型,英國
B23399,2016-05-24,5.110899925231934,英鎊,施羅德環球基金系列－英國股票(英鎊)C-累積,yfinance,股票型,英國
B23399,2016-05-25,5.158699989318848,英鎊,施羅德環球基金系列－英國股票(英鎊)C-累積,yfinance,股票型,英國
B23399,2016-05-26,5.142199993133545,英鎊,施羅德環球基金系列－英國股票(英鎊)C-累積,yfinance,股票型,英國
B23399,2016-05-27,5.147500038146973,英鎊,施羅德環球基金系列－英國股票(英鎊)C-累積,yfinance,股票型,英國
B23399,2016-05-31,5.1605000495910645,英鎊,施羅德環球基金系列－英國股票(英鎊)C-累積,yfinance,股票型,英國
B23399,2016-06-01,5.09119987487793,英鎊,施羅德環球基金系列－英國股票(英鎊)C-累積,yfinance,股票型,英國
B23399,2016-06-02,5.105599880218506,英鎊,施羅德環球基金系列－英國股票(英鎊)C-累積,yfinance,股票型,英國
B23399,2016-06-03,5.115600109100342,英鎊,施羅德環球基金系列－英國股票(英鎊)C-累積,yfinance,股票型,英國
B23399,2016-06-06,5.129499912261963,英鎊,施羅德環球基金系列－英國股票(英鎊)C-累積,yfinance,股票型,英國
B23399,2016-06-07,5.146599769592285,英鎊,施羅德環球基金系列－英國股票(英鎊)C-累積,yfinance,股票型,英國
B23399,2016-06-08,5.138400077819824,英鎊,施羅德環球基金系列－英國股票(英鎊)C-累積,yfinance,股票型,英國
B23399,2016-06-09,5.109899997711182,英鎊,施羅德環球基金系列－英國股票(英鎊)C-累積,yfinance,股票型,英國
B23399,2016-06-10,5.0071001052856445,英鎊,施羅德環球基金系列－英國股票(英鎊)C-累積,yfinance,股票型,英國
B23399,2016-06-13,4.964000225067139,英鎊,施羅德環球基金系列－英國股票(英鎊)C-累積,yfinance,股票型,英國
B23399,2016-06-14,4.902500152587891,英鎊,施羅德環球基金系列－英國股票(英鎊)C-累積,yfinance,股票型,英國
B23399,2016-06-15,4.905200004577637,英鎊,施羅德環球基金系列－英國股票(英鎊)C-累積,yfinance,股票型,英國
B23399,2016-06-16,4.848400115966797,英鎊,施羅德環球基金系列－英國股票(英鎊)C-累積,yfinance,股票型,英國
B23399,2016-06-17,4.928699970245361,英鎊,施羅德環球基金系列－英國股票(英鎊)C-累積,yfinance,股票型,英國
B23399,2016-06-20,5.113100051879883,英鎊,施羅德環球基金系列－英國股票(英鎊)C-累積,yfinance,股票型,英國
B23399,2016-06-21,5.073200225830078,英鎊,施羅德環球基金系列－英國股票(英鎊)C-累積,yfinance,股票型,英國
B23399,2016-06-22,5.1234002113342285,英鎊,施羅德環球基金系列－英國股票(英鎊)C-累積,yfinance,股票型,英國
B23399,2016-06-23,5.191400051116943,英鎊,施羅德環球基金系列－英國股票(英鎊)C-累積,yfinance,股票型,英國
B23399,2016-06-24,4.9207000732421875,英鎊,施羅德環球基金系列－英國股票(英鎊)C-累積,yfinance,股票型,英國
B23399,2016-06-27,4.783899784088135,英鎊,施羅德環球基金系列－英國股票(英鎊)C-累積,yfinance,股票型,英國
B23399,2016-06-28,4.915999889373779,英鎊,施羅德環球基金系列－英國股票(英鎊)C-累積,yfinance,股票型,英國
B23399,2016-06-29,5.008999824523926,英鎊,施羅德環球基金系列－英國股票(英鎊)C-累積,yfinance,股票型,英國
B23399,2016-06-30,5.078499794006348,英鎊,施羅德環球基金系列－英國股票(英鎊)C-累積,yfinance,股票型,英國
B23399,2016-07-01,5.204400062561035,英鎊,施羅德環球基金系列－英國股票(英鎊)C-累積,yfinance,股票型,英國
B23399,2016-07-04,5.193399906158447,英鎊,施羅德環球基金系列－英國股票(英鎊)C-累積,yfinance,股票型,英國
B23399,2016-07-05,5.157199859619141,英鎊,施羅德環球基金系列－英國股票(英鎊)C-累積,yfinance,股票型,英國
B23399,2016-07-06,5.084400177001953,英鎊,施羅德環球基金系列－英國股票(英鎊)C-累積,yfinance,股票型,英國
B23399,2016-07-07,5.172599792480469,英鎊,施羅德環球基金系列－英國股票(英鎊)C-累積,yfinance,股票型,英國
B23399,2016-07-08,5.209400177001953,英鎊,施羅德環球基金系列－英國股票(英鎊)C-累積,yfinance,股票型,英國
B23399,2016-07-11,5.278299808502197,英鎊,施羅德環球基金系列－英國股票(英鎊)C-累積,yfinance,股票型,英國
B23399,2016-07-12,5.329800128936768,英鎊,施羅德環球基金系列－英國股票(英鎊)C-累積,yfinance,股票型,英國
B23399,2016-07-13,5.330699920654297,英鎊,施羅德環球基金系列－英國股票(英鎊)C-累積,yfinance,股票型,英國
B23399,2016-07-14,5.331200122833252,英鎊,施羅德環球基金系列－英國股票(英鎊)C-累積,yfinance,股票型,英國
B23399,2016-07-15,5.294600009918213,英鎊,施羅德環球基金系列－英國股票(英鎊)C-累積,yfinance,股票型,英國
B23399,2016-07-18,5.3470001220703125,英鎊,施羅德環球基金系列－英國股票(英鎊)C-累積,yfinance,股票型,英國
B23399,2016-07-19,5.333899974822998,英鎊,施羅德環球基金系列－英國股票(英鎊)C-累積,yfinance,股票型,英國
B23399,2016-07-20,5.394000053405762,英鎊,施羅德環球基金系列－英國股票(英鎊)C-累積,yfinance,股票型,英國
B23399,2016-07-21,5.351099967956543,英鎊,施羅德環球基金系列－英國股票(英鎊)C-累積,yfinance,股票型,英國
B23399,2016-07-22,5.364299774169922,英鎊,施羅德環球基金系列－英國股票(英鎊)C-累積,yfinance,股票型,英國
B23399,2016-07-25,5.3765997886657715,英鎊,施羅德環球基金系列－英國股票(英鎊)C-累積,yfinance,股票型,英國
B23399,2016-07-26,5.369200229644775,英鎊,施羅德環球基金系列－英國股票(英鎊)C-累積,yfinance,股票型,英國
B23399,2016-07-27,5.415800094604492,英鎊,施羅德環球基金系列－英國股票(英鎊)C-累積,yfinance,股票型,英國
B23399,2016-07-28,5.409800052642822,英鎊,施羅德環球基金系列－英國股票(英鎊)C-累積,yfinance,股票型,英國
B23399,2016-07-29,5.37939977645874,英鎊,施羅德環球基金系列－英國股票(英鎊)C-累積,yfinance,股票型,英國
B23399,2016-08-01,5.371600151062012,英鎊,施羅德環球基金系列－英國股票(英鎊)C-累積,yfinance,股票型,英國
B23399,2016-08-02,5.347099781036377,英鎊,施羅德環球基金系列－英國股票(英鎊)C-累積,yfinance,股票型,英國
B23399,2016-08-03,5.317500114440918,英鎊,施羅德環球基金系列－英國股票(英鎊)C-累積,yfinance,股票型,英國
B23399,2016-08-04,5.4045000076293945,英鎊,施羅德環球基金系列－英國股票(英鎊)C-累積,yfinance,股票型,英國
B23399,2016-08-05,5.444200038909912,英鎊,施羅德環球基金系列－英國股票(英鎊)C-累積,yfinance,股票型,英國
B23399,2016-08-08,5.435299873352051,英鎊,施羅德環球基金系列－英國股票(英鎊)C-累積,yfinance,股票型,英國
B23399,2016-08-09,5.47130012512207,英鎊,施羅德環球基金系列－英國股票(英鎊)C-累積,yfinance,股票型,英國
B23399,2016-08-10,5.48330020904541,英鎊,施羅德環球基金系列－英國股票(英鎊)C-累積,yfinance,股票型,英國
B23399,2016-08-11,5.508600234985352,英鎊,施羅德環球基金系列－英國股票(英鎊)C-累積,yfinance,股票型,英國
B23399,2016-08-12,5.549499988555908,英鎊,施羅德環球基金系列－英國股票(英鎊)C-累積,yfinance,股票型,英國
B23399,2016-08-15,5.554900169372559,英鎊,施羅德環球基金系列－英國股票(英鎊)C-累積,yfinance,股票型,英國
B23399,2016-08-16,5.535600185394287,英鎊,施羅德環球基金系列－英國股票(英鎊)C-累積,yfinance,股票型,英國
B23399,2016-08-17,5.52370023727417,英鎊,施羅德環球基金系列－英國股票(英鎊)C-累積,yfinance,股票型,英國
B23399,2016-08-18,5.5269999504089355,英鎊,施羅德環球基金系列－英國股票(英鎊)C-累積,yfinance,股票型,英國
B23399,2016-08-19,5.535299777984619,英鎊,施羅德環球基金系列－英國股票(英鎊)C-累積,yfinance,股票型,英國
B23399,2016-08-22,5.527900218963623,英鎊,施羅德環球基金系列－英國股票(英鎊)C-累積,yfinance,股票型,英國
B23399,2016-08-23,5.572299957275391,英鎊,施羅德環球基金系列－英國股票(英鎊)C-累積,yfinance,股票型,英國
B23399,2016-08-24,5.573999881744385,英鎊,施羅德環球基金系列－英國股票(英鎊)C-累積,yfinance,股票型,英國
B23399,2016-08-25,5.545000076293945,英鎊,施羅德環球基金系列－英國股票(英鎊)C-累積,yfinance,股票型,英國
B23399,2016-08-26,5.547599792480469,英鎊,施羅德環球基金系列－英國股票(英鎊)C-累積,yfinance,股票型,英國
B23399,2016-08-30,5.568600177764893,英鎊,施羅德環球基金系列－英國股票(英鎊)C-累積,yfinance,股票型,英國
B23399,2016-08-31,5.563199996948242,英鎊,施羅德環球基金系列－英國股票(英鎊)C-累積,yfinance,股票型,英國
B23399,2016-09-01,5.558800220489502,英鎊,施羅德環球基金系列－英國股票(英鎊)C-累積,yfinance,股票型,英國
B23399,2016-09-02,5.573699951171875,英鎊,施羅德環球基金系列－英國股票(英鎊)C-累積,yfinance,股票型,英國
B23399,2016-09-05,5.610000133514404,英鎊,施羅德環球基金系列－英國股票(英鎊)C-累積,yfinance,股票型,英國
B23399,2016-09-06,5.5970001220703125,英鎊,施羅德環球基金系列－英國股票(英鎊)C-累積,yfinance,股票型,英國
B23399,2016-09-07,5.585899829864502,英鎊,施羅德環球基金系列－英國股票(英鎊)C-累積,yfinance,股票型,英國
B23399,2016-09-08,5.616799831390381,英鎊,施羅德環球基金系列－英國股票(英鎊)C-累積,yfinance,股票型,英國
B23399,2016-09-09,5.600100040435791,英鎊,施羅德環球基金系列－英國股票(英鎊)C-累積,yfinance,股票型,英國
B23399,2016-09-12,5.491399765014648,英鎊,施羅德環球基金系列－英國股票(英鎊)C-累積,yfinance,股票型,英國
B23399,2016-09-13,5.529300212860107,英鎊,施羅德環球基金系列－英國股票(英鎊)C-累積,yfinance,股票型,英國
B23399,2016-09-14,5.526500225067139,英鎊,施羅德環球基金系列－英國股票(英鎊)C-累積,yfinance,股票型,英國
B23399,2016-09-15,5.518599987030029,英鎊,施羅德環球基金系列－英國股票(英鎊)C-累積,yfinance,股票型,英國
B23399,2016-09-16,5.545400142669678,英鎊,施羅德環球基金系列－英國股票(英鎊)C-累積,yfinance,股票型,英國
B23399,2016-09-19,5.589799880981445,英鎊,施羅德環球基金系列－英國股票(英鎊)C-累積,yfinance,股票型,英國
B23399,2016-09-20,5.625699996948242,英鎊,施羅德環球基金系列－英國股票(英鎊)C-累積,yfinance,股票型,英國
B23399,2016-09-21,5.612500190734863,英鎊,施羅德環球基金系列－英國股票(英鎊)C-累積,yfinance,股票型,英國
B23399,2016-09-22,5.6493000984191895,英鎊,施羅德環球基金系列－英國股票(英鎊)C-累積,yfinance,股票型,英國
B23399,2016-09-23,5.633200168609619,英鎊,施羅德環球基金系列－英國股票(英鎊)C-累積,yfinance,股票型,英國
B23399,2016-09-26,5.566199779510498,英鎊,施羅德環球基金系列－英國股票(英鎊)C-累積,yfinance,股票型,英國
B23399,2016-09-27,5.510300159454346,英鎊,施羅德環球基金系列－英國股票(英鎊)C-累積,yfinance,股票型,英國
B23399,2016-09-28,5.586100101470947,英鎊,施羅德環球基金系列－英國股票(英鎊)C-累積,yfinance,股票型,英國
B23399,2016-09-29,5.6367998123168945,英鎊,施羅德環球基金系列－英國股票(英鎊)C-累積,yfinance,股票型,英國
B23399,2016-09-30,5.592199802398682,英鎊,施羅德環球基金系列－英國股票(英鎊)C-累積,yfinance,股票型,英國
B23399,2016-10-03,5.669099807739258,英鎊,施羅德環球基金系列－英國股票(英鎊)C-累積,yfinance,股票型,英國
B23399,2016-10-04,5.789599895477295,英鎊,施羅德環球基金系列－英國股票(英鎊)C-累積,yfinance,股票型,英國
B23399,2016-10-05,5.783299922943115,英鎊,施羅德環球基金系列－英國股票(英鎊)C-累積,yfinance,股票型,英國
B23399,2016-10-06,5.755300045013428,英鎊,施羅德環球基金系列－英國股票(英鎊)C-累積,yfinance,股票型,英國
B23399,2016-10-07,5.759699821472168,英鎊,施羅德環球基金系列－英國股票(英鎊)C-累積,yfinance,股票型,英國
B23399,2016-10-10,5.763999938964844,英鎊,施羅德環球基金系列－英國股票(英鎊)C-累積,yfinance,股票型,英國
B23399,2016-10-11,5.775199890136719,英鎊,施羅德環球基金系列－英國股票(英鎊)C-累積,yfinance,股票型,英國
B23399,2016-10-12,5.746500015258789,英鎊,施羅德環球基金系列－英國股票(英鎊)C-累積,yfinance,股票型,英國
B23399,2016-10-13,5.674699783325195,英鎊,施羅德環球基金系列－英國股票(英鎊)C-累積,yfinance,股票型,英國
B23399,2016-10-14,5.751500129699707,英鎊,施羅德環球基金系列－英國股票(英鎊)C-累積,yfinance,股票型,英國
B23399,2016-10-17,5.702600002288818,英鎊,施羅德環球基金系列－英國股票(英鎊)C-累積,yfinance,股票型,英國
B23399,2016-10-18,5.757800102233887,英鎊,施羅德環球基金系列－英國股票(英鎊)C-累積,yfinance,股票型,英國
B23399,2016-10-19,5.758999824523926,英鎊,施羅德環球基金系列－英國股票(英鎊)C-累積,yfinance,股票型,英國
B23399,2016-10-20,5.763500213623047,英鎊,施羅德環球基金系列－英國股票(英鎊)C-累積,yfinance,股票型,英國
B23399,2016-10-21,5.777400016784668,英鎊,施羅德環球基金系列－英國股票(英鎊)C-累積,yfinance,股票型,英國
B23399,2016-10-24,5.782299995422363,英鎊,施羅德環球基金系列－英國股票(英鎊)C-累積,yfinance,股票型,英國
B23399,2016-10-25,5.770299911499023,英鎊,施羅德環球基金系列－英國股票(英鎊)C-累積,yfinance,股票型,英國
B23399,2016-10-26,5.72160005569458,英鎊,施羅德環球基金系列－英國股票(英鎊)C-累積,yfinance,股票型,英國
B23399,2016-10-27,5.757599830627441,英鎊,施羅德環球基金系列－英國股票(英鎊)C-累積,yfinance,股票型,英國
B23399,2016-10-28,5.756100177764893,英鎊,施羅德環球基金系列－英國股票(英鎊)C-累積,yfinance,股票型,英國
B23399,2016-10-31,5.727099895477295,英鎊,施羅德環球基金系列－英國股票(英鎊)C-累積,yfinance,股票型,英國
B23399,2016-11-01,5.689700126647949,英鎊,施羅德環球基金系列－英國股票(英鎊)C-累積,yfinance,股票型,英國
B23399,2016-11-02,5.644700050354004,英鎊,施羅德環球基金系列－英國股票(英鎊)C-累積,yfinance,股票型,英國
B23399,2016-11-03,5.650199890136719,英鎊,施羅德環球基金系列－英國股票(英鎊)C-累積,yfinance,股票型,英國
B23399,2016-11-04,5.5366997718811035,英鎊,施羅德環球基金系列－英國股票(英鎊)C-累積,yfinance,股票型,英國
B23399,2016-11-07,5.594299793243408,英鎊,施羅德環球基金系列－英國股票(英鎊)C-累積,yfinance,股票型,英國
B23399,2016-11-08,5.597300052642822,英鎊,施羅德環球基金系列－英國股票(英鎊)C-累積,yfinance,股票型,英國
B23399,2016-11-09,5.63129997253418,英鎊,施羅德環球基金系列－英國股票(英鎊)C-累積,yfinance,股票型,英國
B23399,2016-11-10,5.716400146484375,英鎊,施羅德環球基金系列－英國股票(英鎊)C-累積,yfinance,股票型,英國
B23399,2016-11-11,5.592199802398682,英鎊,施羅德環球基金系列－英國股票(英鎊)C-累積,yfinance,股票型,英國
B23399,2016-11-14,5.608399868011475,英鎊,施羅德環球基金系列－英國股票(英鎊)C-累積,yfinance,股票型,英國
B23399,2016-11-15,5.656499862670898,英鎊,施羅德環球基金系列－英國股票(英鎊)C-累積,yfinance,股票型,英國
B23399,2016-11-16,5.6132001876831055,英鎊,施羅德環球基金系列－英國股票(英鎊)C-累積,yfinance,股票型,英國
B23399,2016-11-17,5.615200042724609,英鎊,施羅德環球基金系列－英國股票(英鎊)C-累積,yfinance,股票型,英國
B23399,2016-11-18,5.632299900054932,英鎊,施羅德環球基金系列－英國股票(英鎊)C-累積,yfinance,股票型,英國
B23399,2016-11-21,5.616300106048584,英鎊,施羅德環球基金系列－英國股票(英鎊)C-累積,yfinance,股票型,英國
B23399,2016-11-22,5.662300109863281,英鎊,施羅德環球基金系列－英國股票(英鎊)C-累積,yfinance,股票型,英國
B23399,2016-11-23,5.652699947357178,英鎊,施羅德環球基金系列－英國股票(英鎊)C-累積,yfinance,股票型,英國
B23399,2016-11-24,5.645899772644043,英鎊,施羅德環球基金系列－英國股票(英鎊)C-累積,yfinance,股票型,英國
B23399,2016-11-25,5.6539998054504395,英鎊,施羅德環球基金系列－英國股票(英鎊)C-累積,yfinance,股票型,英國
B23399,2016-11-28,5.6194000244140625,英鎊,施羅德環球基金系列－英國股票(英鎊)C-累積,yfinance,股票型,英國
B23399,2016-11-29,5.586699962615967,英鎊,施羅德環球基金系列－英國股票(英鎊)C-累積,yfinance,股票型,英國
B23399,2016-11-30,5.62939977645874,英鎊,施羅德環球基金系列－英國股票(英鎊)C-累積,yfinance,股票型,英國
B23399,2016-12-01,5.577700138092041,英鎊,施羅德環球基金系列－英國股票(英鎊)C-累積,yfinance,股票型,英國
B23399,2016-12-02,5.572199821472168,英鎊,施羅德環球基金系列－英國股票(英鎊)C-累積,yfinance,股票型,英國
B23399,2016-12-05,5.592400074005127,英鎊,施羅德環球基金系列－英國股票(英鎊)C-累積,yfinance,股票型,英國
B23399,2016-12-06,5.616099834442139,英鎊,施羅德環球基金系列－英國股票(英鎊)C-累積,yfinance,股票型,英國
B23399,2016-12-07,5.694499969482422,英鎊,施羅德環球基金系列－英國股票(英鎊)C-累積,yfinance,股票型,英國
B23399,2016-12-08,5.7316999435424805,英鎊,施羅德環球基金系列－英國股票(英鎊)C-累積,yfinance,股票型,英國
B23399,2016-12-09,5.729599952697754,英鎊,施羅德環球基金系列－英國股票(英鎊)C-累積,yfinance,股票型,英國
B23399,2016-12-12,5.714799880981445,英鎊,施羅德環球基金系列－英國股票(英鎊)C-累積,yfinance,股票型,英國
B23399,2016-12-13,5.728099822998047,英鎊,施羅德環球基金系列－英國股票(英鎊)C-累積,yfinance,股票型,英國
B23399,2016-12-14,5.7621002197265625,英鎊,施羅德環球基金系列－英國股票(英鎊)C-累積,yfinance,股票型,英國
B23399,2016-12-15,5.771599769592285,英鎊,施羅德環球基金系列－英國股票(英鎊)C-累積,yfinance,股票型,英國
B23399,2016-12-16,5.820799827575684,英鎊,施羅德環球基金系列－英國股票(英鎊)C-累積,yfinance,股票型,英國
B23399,2016-12-19,5.82480001449585,英鎊,施羅德環球基金系列－英國股票(英鎊)C-累積,yfinance,股票型,英國
B23399,2016-12-20,5.831500053405762,英鎊,施羅德環球基金系列－英國股票(英鎊)C-累積,yfinance,股票型,英國
B23399,2016-12-21,5.82450008392334,英鎊,施羅德環球基金系列－英國股票(英鎊)C-累積,yfinance,股票型,英國
B23399,2016-12-22,5.833000183105469,英鎊,施羅德環球基金系列－英國股票(英鎊)C-累積,yfinance,股票型,英國
B23399,2016-12-23,5.845099925994873,英鎊,施羅德環球基金系列－英國股票(英鎊)C-累積,yfinance,股票型,英國
B23399,2016-12-28,5.865900039672852,英鎊,施羅德環球基金系列－英國股票(英鎊)C-累積,yfinance,股票型,英國
B23399,2016-12-29,5.853000164031982,英鎊,施羅德環球基金系列－英國股票(英鎊)C-累積,yfinance,股票型,英國
B23399,2016-12-30,5.882400035858154,英鎊,施羅德環球基金系列－英國股票(英鎊)C-累積,yfinance,股票型,英國
B23092,2016-01-04,3.880000114440918,英鎊,施羅德環球基金系列－英國股票(英鎊)A1-累積,yfinance,股票型,英國
B23092,2016-01-05,3.890000104904175,英鎊,施羅德環球基金系列－英國股票(英鎊)A1-累積,yfinance,股票型,英國
B23092,2016-01-06,3.8399999141693115,英鎊,施羅德環球基金系列－英國股票(英鎊)A1-累積,yfinance,股票型,英國
B23092,2016-01-07,3.7799999713897705,英鎊,施羅德環球基金系列－英國股票(英鎊)A1-累積,yfinance,股票型,英國
B23092,2016-01-08,3.8399999141693115,英鎊,施羅德環球基金系列－英國股票(英鎊)A1-累積,yfinance,股票型,英國
B23092,2016-01-11,3.799999952316284,英鎊,施羅德環球基金系列－英國股票(英鎊)A1-累積,yfinance,股票型,英國
B23092,2016-01-12,3.8299999237060547,英鎊,施羅德環球基金系列－英國股票(英鎊)A1-累積,yfinance,股票型,英國
B23092,2016-01-13,3.8499999046325684,英鎊,施羅德環球基金系列－英國股票(英鎊)A1-累積,yfinance,股票型,英國
B23092,2016-01-14,3.7899999618530273,英鎊,施羅德環球基金系列－英國股票(英鎊)A1-累積,yfinance,股票型,英國
B23092,2016-01-15,3.7200000286102295,英鎊,施羅德環球基金系列－英國股票(英鎊)A1-累積,yfinance,股票型,英國
B23092,2016-01-18,3.700000047683716,英鎊,施羅德環球基金系列－英國股票(英鎊)A1-累積,yfinance,股票型,英國
B23092,2016-01-19,3.7799999713897705,英鎊,施羅德環球基金系列－英國股票(英鎊)A1-累積,yfinance,股票型,英國
B23092,2016-01-20,3.6600000858306885,英鎊,施羅德環球基金系列－英國股票(英鎊)A1-累積,yfinance,股票型,英國
B23092,2016-01-21,3.6600000858306885,英鎊,施羅德環球基金系列－英國股票(英鎊)A1-累積,yfinance,股票型,英國
B23092,2016-01-22,3.740000009536743,英鎊,施羅德環球基金系列－英國股票(英鎊)A1-累積,yfinance,股票型,英國
B23092,2016-01-25,3.7300000190734863,英鎊,施羅德環球基金系列－英國股票(英鎊)A1-累積,yfinance,股票型,英國
B23092,2016-01-26,3.7300000190734863,英鎊,施羅德環球基金系列－英國股票(英鎊)A1-累積,yfinance,股票型,英國
B23092,2016-01-27,3.759999990463257,英鎊,施羅德環球基金系列－英國股票(英鎊)A1-累積,yfinance,股票型,英國
B23092,2016-01-28,3.7799999713897705,英鎊,施羅德環球基金系列－英國股票(英鎊)A1-累積,yfinance,股票型,英國
B23092,2016-01-29,3.799999952316284,英鎊,施羅德環球基金系列－英國股票(英鎊)A1-累積,yfinance,股票型,英國
B23092,2016-02-01,3.799999952316284,英鎊,施羅德環球基金系列－英國股票(英鎊)A1-累積,yfinance,股票型,英國
B23092,2016-02-02,3.759999990463257,英鎊,施羅德環球基金系列－英國股票(英鎊)A1-累積,yfinance,股票型,英國
B23092,2016-02-03,3.7200000286102295,英鎊,施羅德環球基金系列－英國股票(英鎊)A1-累積,yfinance,股票型,英國
B23092,2016-02-04,3.6500000953674316,英鎊,施羅德環球基金系列－英國股票(英鎊)A1-累積,yfinance,股票型,英國
B23092,2016-02-05,3.700000047683716,英鎊,施羅德環球基金系列－英國股票(英鎊)A1-累積,yfinance,股票型,英國
B23092,2016-02-08,3.5899999141693115,英鎊,施羅德環球基金系列－英國股票(英鎊)A1-累積,yfinance,股票型,英國
B23092,2016-02-09,3.490000009536743,英鎊,施羅德環球基金系列－英國股票(英鎊)A1-累積,yfinance,股票型,英國
B23092,2016-02-10,3.5399999618530273,英鎊,施羅德環球基金系列－英國股票(英鎊)A1-累積,yfinance,股票型,英國
B23092,2016-02-11,3.4800000190734863,英鎊,施羅德環球基金系列－英國股票(英鎊)A1-累積,yfinance,股票型,英國
B23092,2016-02-12,3.5199999809265137,英鎊,施羅德環球基金系列－英國股票(英鎊)A1-累積,yfinance,股票型,英國
B23092,2016-02-15,3.609999895095825,英鎊,施羅德環球基金系列－英國股票(英鎊)A1-累積,yfinance,股票型,英國
B23092,2016-02-16,3.619999885559082,英鎊,施羅德環球基金系列－英國股票(英鎊)A1-累積,yfinance,股票型,英國
B23092,2016-02-17,3.690000057220459,英鎊,施羅德環球基金系列－英國股票(英鎊)A1-累積,yfinance,股票型,英國
B23092,2016-02-18,3.7300000190734863,英鎊,施羅德環球基金系列－英國股票(英鎊)A1-累積,yfinance,股票型,英國
B23092,2016-02-19,3.700000047683716,英鎊,施羅德環球基金系列－英國股票(英鎊)A1-累積,yfinance,股票型,英國
B23092,2016-02-22,3.75,英鎊,施羅德環球基金系列－英國股票(英鎊)A1-累積,yfinance,股票型,英國
B23092,2016-02-23,3.740000009536743,英鎊,施羅德環球基金系列－英國股票(英鎊)A1-累積,yfinance,股票型,英國
B23092,2016-02-24,3.680000066757202,英鎊,施羅德環球基金系列－英國股票(英鎊)A1-累積,yfinance,股票型,英國
B23092,2016-02-25,3.7699999809265137,英鎊,施羅德環球基金系列－英國股票(英鎊)A1-累積,yfinance,股票型,英國
B23092,2016-02-26,3.799999952316284,英鎊,施羅德環球基金系列－英國股票(英鎊)A1-累積,yfinance,股票型,英國
B23092,2016-02-29,3.7899999618530273,英鎊,施羅德環球基金系列－英國股票(英鎊)A1-累積,yfinance,股票型,英國
B23092,2016-03-01,3.809999942779541,英鎊,施羅德環球基金系列－英國股票(英鎊)A1-累積,yfinance,股票型,英國
B23092,2016-03-02,3.809999942779541,英鎊,施羅德環球基金系列－英國股票(英鎊)A1-累積,yfinance,股票型,英國
B23092,2016-03-03,3.819999933242798,英鎊,施羅德環球基金系列－英國股票(英鎊)A1-累積,yfinance,股票型,英國
B23092,2016-03-04,3.8299999237060547,英鎊,施羅德環球基金系列－英國股票(英鎊)A1-累積,yfinance,股票型,英國
B23092,2016-03-07,3.809999942779541,英鎊,施羅德環球基金系列－英國股票(英鎊)A1-累積,yfinance,股票型,英國
B23092,2016-03-08,3.8299999237060547,英鎊,施羅德環球基金系列－英國股票(英鎊)A1-累積,yfinance,股票型,英國
B23092,2016-03-09,3.809999942779541,英鎊,施羅德環球基金系列－英國股票(英鎊)A1-累積,yfinance,股票型,英國
B23092,2016-03-10,3.819999933242798,英鎊,施羅德環球基金系列－英國股票(英鎊)A1-累積,yfinance,股票型,英國
B23092,2016-03-11,3.809999942779541,英鎊,施羅德環球基金系列－英國股票(英鎊)A1-累積,yfinance,股票型,英國
B23092,2016-03-14,3.819999933242798,英鎊,施羅德環球基金系列－英國股票(英鎊)A1-累積,yfinance,股票型,英國
B23092,2016-03-15,3.809999942779541,英鎊,施羅德環球基金系列－英國股票(英鎊)A1-累積,yfinance,股票型,英國
B23092,2016-03-16,3.8299999237060547,英鎊,施羅德環球基金系列－英國股票(英鎊)A1-累積,yfinance,股票型,英國
B23092,2016-03-17,3.809999942779541,英鎊,施羅德環球基金系列－英國股票(英鎊)A1-累積,yfinance,股票型,英國
B23092,2016-03-18,3.8499999046325684,英鎊,施羅德環球基金系列－英國股票(英鎊)A1-累積,yfinance,股票型,英國
B23092,2016-03-21,3.8399999141693115,英鎊,施羅德環球基金系列－英國股票(英鎊)A1-累積,yfinance,股票型,英國
B23092,2016-03-22,3.8299999237060547,英鎊,施羅德環球基金系列－英國股票(英鎊)A1-累積,yfinance,股票型,英國
B23092,2016-03-23,3.8499999046325684,英鎊,施羅德環球基金系列－英國股票(英鎊)A1-累積,yfinance,股票型,英國
B23092,2016-03-24,3.799999952316284,英鎊,施羅德環球基金系列－英國股票(英鎊)A1-累積,yfinance,股票型,英國
B23092,2016-03-29,3.7899999618530273,英鎊,施羅德環球基金系列－英國股票(英鎊)A1-累積,yfinance,股票型,英國
B23092,2016-03-30,3.8499999046325684,英鎊,施羅德環球基金系列－英國股票(英鎊)A1-累積,yfinance,股票型,英國
B23092,2016-03-31,3.8499999046325684,英鎊,施羅德環球基金系列－英國股票(英鎊)A1-累積,yfinance,股票型,英國
B23092,2016-04-01,3.7899999618530273,英鎊,施羅德環球基金系列－英國股票(英鎊)A1-累積,yfinance,股票型,英國
B23092,2016-04-04,3.8399999141693115,英鎊,施羅德環球基金系列－英國股票(英鎊)A1-累積,yfinance,股票型,英國
B23092,2016-04-05,3.7899999618530273,英鎊,施羅德環球基金系列－英國股票(英鎊)A1-累積,yfinance,股票型,英國
B23092,2016-04-06,3.819999933242798,英鎊,施羅德環球基金系列－英國股票(英鎊)A1-累積,yfinance,股票型,英國
B23092,2016-04-07,3.819999933242798,英鎊,施羅德環球基金系列－英國股票(英鎊)A1-累積,yfinance,股票型,英國
B23092,2016-04-08,3.8499999046325684,英鎊,施羅德環球基金系列－英國股票(英鎊)A1-累積,yfinance,股票型,英國
B23092,2016-04-11,3.8499999046325684,英鎊,施羅德環球基金系列－英國股票(英鎊)A1-累積,yfinance,股票型,英國
B23092,2016-04-12,3.8499999046325684,英鎊,施羅德環球基金系列－英國股票(英鎊)A1-累積,yfinance,股票型,英國
B23092,2016-04-13,3.9100000858306885,英鎊,施羅德環球基金系列－英國股票(英鎊)A1-累積,yfinance,股票型,英國
B23092,2016-04-14,3.9200000762939453,英鎊,施羅德環球基金系列－英國股票(英鎊)A1-累積,yfinance,股票型,英國
B23092,2016-04-15,3.9000000953674316,英鎊,施羅德環球基金系列－英國股票(英鎊)A1-累積,yfinance,股票型,英國
B23092,2016-04-18,3.890000104904175,英鎊,施羅德環球基金系列－英國股票(英鎊)A1-累積,yfinance,股票型,英國
B23092,2016-04-19,3.9200000762939453,英鎊,施羅德環球基金系列－英國股票(英鎊)A1-累積,yfinance,股票型,英國
B23092,2016-04-20,3.9100000858306885,英鎊,施羅德環球基金系列－英國股票(英鎊)A1-累積,yfinance,股票型,英國
B23092,2016-04-21,3.9000000953674316,英鎊,施羅德環球基金系列－英國股票(英鎊)A1-累積,yfinance,股票型,英國
B23092,2016-04-22,3.880000114440918,英鎊,施羅德環球基金系列－英國股票(英鎊)A1-累積,yfinance,股票型,英國
B23092,2016-04-25,3.869999885559082,英鎊,施羅德環球基金系列－英國股票(英鎊)A1-累積,yfinance,股票型,英國
B23092,2016-04-26,3.880000114440918,英鎊,施羅德環球基金系列－英國股票(英鎊)A1-累積,yfinance,股票型,英國
B23092,2016-04-27,3.890000104904175,英鎊,施羅德環球基金系列－英國股票(英鎊)A1-累積,yfinance,股票型,英國
B23092,2016-04-28,3.859999895095825,英鎊,施羅德環球基金系列－英國股票(英鎊)A1-累積,yfinance,股票型,英國
B23092,2016-04-29,3.859999895095825,英鎊,施羅德環球基金系列－英國股票(英鎊)A1-累積,yfinance,股票型,英國
B23092,2016-05-03,3.8134000301361084,英鎊,施羅德環球基金系列－英國股票(英鎊)A1-累積,yfinance,股票型,英國
B23092,2016-05-04,3.786600112915039,英鎊,施羅德環球基金系列－英國股票(英鎊)A1-累積,yfinance,股票型,英國
B23092,2016-05-05,3.7676000595092773,英鎊,施羅德環球基金系列－英國股票(英鎊)A1-累積,yfinance,股票型,英國
B23092,2016-05-06,3.740299940109253,英鎊,施羅德環球基金系列－英國股票(英鎊)A1-累積,yfinance,股票型,英國
B23092,2016-05-09,3.7846999168395996,英鎊,施羅德環球基金系列－英國股票(英鎊)A1-累積,yfinance,股票型,英國
B23092,2016-05-10,3.7922000885009766,英鎊,施羅德環球基金系列－英國股票(英鎊)A1-累積,yfinance,股票型,英國
B23092,2016-05-11,3.802799940109253,英鎊,施羅德環球基金系列－英國股票(英鎊)A1-累積,yfinance,股票型,英國
B23092,2016-05-12,3.8225998878479004,英鎊,施羅德環球基金系列－英國股票(英鎊)A1-累積,yfinance,股票型,英國
B23092,2016-05-13,3.7674999237060547,英鎊,施羅德環球基金系列－英國股票(英鎊)A1-累積,yfinance,股票型,英國
B23092,2016-05-16,3.778700113296509,英鎊,施羅德環球基金系列－英國股票(英鎊)A1-累積,yfinance,股票型,英國
B23092,2016-05-17,3.81030011177063,英鎊,施羅德環球基金系列－英國股票(英鎊)A1-累積,yfinance,股票型,英國
B23092,2016-05-18,3.7892000675201416,英鎊,施羅德環球基金系列－英國股票(英鎊)A1-累積,yfinance,股票型,英國
B23092,2016-05-19,3.799799919128418,英鎊,施羅德環球基金系列－英國股票(英鎊)A1-累積,yfinance,股票型,英國
B23092,2016-05-20,3.8215999603271484,英鎊,施羅德環球基金系列－英國股票(英鎊)A1-累積,yfinance,股票型,英國
B23092,2016-05-23,3.8273000717163086,英鎊,施羅德環球基金系列－英國股票(英鎊)A1-累積,yfinance,股票型,英國
B23092,2016-05-24,3.868499994277954,英鎊,施羅德環球基金系列－英國股票(英鎊)A1-累積,yfinance,股票型,英國
B23092,2016-05-25,3.9045000076293945,英鎊,施羅德環球基金系列－英國股票(英鎊)A1-累積,yfinance,股票型,英國
B23092,2016-05-26,3.891900062561035,英鎊,施羅德環球基金系列－英國股票(英鎊)A1-累積,yfinance,股票型,英國
B23092,2016-05-27,3.895699977874756,英鎊,施羅德環球基金系列－英國股票(英鎊)A1-累積,yfinance,股票型,英國
B23092,2016-05-31,3.9049999713897705,英鎊,施羅德環球基金系列－英國股票(英鎊)A1-累積,yfinance,股票型,英國
B23092,2016-06-01,3.852400064468384,英鎊,施羅德環球基金系列－英國股票(英鎊)A1-累積,yfinance,股票型,英國
B23092,2016-06-02,3.863100051879883,英鎊,施羅德環球基金系列－英國股票(英鎊)A1-累積,yfinance,股票型,英國
B23092,2016-06-03,3.8705999851226807,英鎊,施羅德環球基金系列－英國股票(英鎊)A1-累積,yfinance,股票型,英國
B23092,2016-06-06,3.88070011138916,英鎊,施羅德環球基金系列－英國股票(英鎊)A1-累積,yfinance,股票型,英國
B23092,2016-06-07,3.8935000896453857,英鎊,施羅德環球基金系列－英國股票(英鎊)A1-累積,yfinance,股票型,英國
B23092,2016-06-08,3.8870999813079834,英鎊,施羅德環球基金系列－英國股票(英鎊)A1-累積,yfinance,股票型,英國
B23092,2016-06-09,3.8654000759124756,英鎊,施羅德環球基金系列－英國股票(英鎊)A1-累積,yfinance,股票型,英國
B23092,2016-06-10,3.7874999046325684,英鎊,施羅德環球基金系列－英國股票(英鎊)A1-累積,yfinance,股票型,英國
B23092,2016-06-13,3.754499912261963,英鎊,施羅德環球基金系列－英國股票(英鎊)A1-累積,yfinance,股票型,英國
B23092,2016-06-14,3.7077999114990234,英鎊,施羅德環球基金系列－英國股票(英鎊)A1-累積,yfinance,股票型,英國
B23092,2016-06-15,3.709700107574463,英鎊,施羅德環球基金系列－英國股票(英鎊)A1-累積,yfinance,股票型,英國
B23092,2016-06-16,3.6666998863220215,英鎊,施羅德環球基金系列－英國股票(英鎊)A1-累積,yfinance,股票型,英國
B23092,2016-06-17,3.7272000312805176,英鎊,施羅德環球基金系列－英國股票(英鎊)A1-累積,yfinance,股票型,英國
B23092,2016-06-20,3.866300106048584,英鎊,施羅德環球基金系列－英國股票(英鎊)A1-累積,yfinance,股票型,英國
B23092,2016-06-21,3.8359999656677246,英鎊,施羅德環球基金系列－英國股票(英鎊)A1-累積,yfinance,股票型,英國
B23092,2016-06-22,3.873800039291382,英鎊,施羅德環球基金系列－英國股票(英鎊)A1-累積,yfinance,股票型,英國
B23092,2016-06-23,3.925100088119507,英鎊,施羅德環球基金系列－英國股票(英鎊)A1-累積,yfinance,股票型,英國
B23092,2016-06-24,3.7202999591827393,英鎊,施羅德環球基金系列－英國股票(英鎊)A1-累積,yfinance,股票型,英國
B23092,2016-06-27,3.6164000034332275,英鎊,施羅德環球基金系列－英國股票(英鎊)A1-累積,yfinance,股票型,英國
B23092,2016-06-28,3.716200113296509,英鎊,施羅德環球基金系列－英國股票(英鎊)A1-累積,yfinance,股票型,英國
B23092,2016-06-29,3.78629994392395,英鎊,施羅德環球基金系列－英國股票(英鎊)A1-累積,yfinance,股票型,英國
B23092,2016-06-30,3.83870005607605,英鎊,施羅德環球基金系列－英國股票(英鎊)A1-累積,yfinance,股票型,英國
B23092,2016-07-01,3.9337000846862793,英鎊,施羅德環球基金系列－英國股票(英鎊)A1-累積,yfinance,股票型,英國
B23092,2016-07-04,3.924999952316284,英鎊,施羅德環球基金系列－英國股票(英鎊)A1-累積,yfinance,股票型,英國
B23092,2016-07-05,3.8975000381469727,英鎊,施羅德環球基金系列－英國股票(英鎊)A1-累積,yfinance,股票型,英國
B23092,2016-07-06,3.842400074005127,英鎊,施羅德環球基金系列－英國股票(英鎊)A1-累積,yfinance,股票型,英國
B23092,2016-07-07,3.908799886703491,英鎊,施羅德環球基金系列－英國股票(英鎊)A1-累積,yfinance,股票型,英國
B23092,2016-07-08,3.936500072479248,英鎊,施羅德環球基金系列－英國股票(英鎊)A1-累積,yfinance,股票型,英國
B23092,2016-07-11,3.9881999492645264,英鎊,施羅德環球基金系列－英國股票(英鎊)A1-累積,yfinance,股票型,英國
B23092,2016-07-12,4.026899814605713,英鎊,施羅德環球基金系列－英國股票(英鎊)A1-累積,yfinance,股票型,英國
B23092,2016-07-13,4.027500152587891,英鎊,施羅德環球基金系列－英國股票(英鎊)A1-累積,yfinance,股票型,英國
B23092,2016-07-14,4.027699947357178,英鎊,施羅德環球基金系列－英國股票(英鎊)A1-累積,yfinance,股票型,英國
B23092,2016-07-15,3.9999001026153564,英鎊,施羅德環球基金系列－英國股票(英鎊)A1-累積,yfinance,股票型,英國
B23092,2016-07-18,4.039000034332275,英鎊,施羅德環球基金系列－英國股票(英鎊)A1-累積,yfinance,股票型,英國
B23092,2016-07-19,4.0289998054504395,英鎊,施羅德環球基金系列－英國股票(英鎊)A1-累積,yfinance,股票型,英國
B23092,2016-07-20,4.0742998123168945,英鎊,施羅德環球基金系列－英國股票(英鎊)A1-累積,yfinance,股票型,英國
B23092,2016-07-21,4.0416998863220215,英鎊,施羅德環球基金系列－英國股票(英鎊)A1-累積,yfinance,股票型,英國
B23092,2016-07-22,4.051499843597412,英鎊,施羅德環球基金系列－英國股票(英鎊)A1-累積,yfinance,股票型,英國
B23092,2016-07-25,4.060400009155273,英鎊,施羅德環球基金系列－英國股票(英鎊)A1-累積,yfinance,股票型,英國
B23092,2016-07-26,4.054699897766113,英鎊,施羅德環球基金系列－英國股票(英鎊)A1-累積,yfinance,股票型,英國
B23092,2016-07-27,4.089799880981445,英鎊,施羅德環球基金系列－英國股票(英鎊)A1-累積,yfinance,股票型,英國
B23092,2016-07-28,4.085000038146973,英鎊,施羅德環球基金系列－英國股票(英鎊)A1-累積,yfinance,股票型,英國
B23092,2016-07-29,4.0619001388549805,英鎊,施羅德環球基金系列－英國股票(英鎊)A1-累積,yfinance,股票型,英國
B23092,2016-08-01,4.055600166320801,英鎊,施羅德環球基金系列－英國股票(英鎊)A1-累積,yfinance,股票型,英國
B23092,2016-08-02,4.0370001792907715,英鎊,施羅德環球基金系列－英國股票(英鎊)A1-累積,yfinance,股票型,英國
B23092,2016-08-03,4.014500141143799,英鎊,施羅德環球基金系列－英國股票(英鎊)A1-累積,yfinance,股票型,英國
B23092,2016-08-04,4.079999923706055,英鎊,施羅德環球基金系列－英國股票(英鎊)A1-累積,yfinance,股票型,英國
B23092,2016-08-05,4.109799861907959,英鎊,施羅德環球基金系列－英國股票(英鎊)A1-累積,yfinance,股票型,英國
B23092,2016-08-08,4.102700233459473,英鎊,施羅德環球基金系列－英國股票(英鎊)A1-累積,yfinance,股票型,英國
B23092,2016-08-09,4.129799842834473,英鎊,施羅德環球基金系列－英國股票(英鎊)A1-累積,yfinance,股票型,英國
B23092,2016-08-10,4.138599872589111,英鎊,施羅德環球基金系列－英國股票(英鎊)A1-累積,yfinance,股票型,英國
B23092,2016-08-11,4.157599925994873,英鎊,施羅德環球基金系列－英國股票(英鎊)A1-累積,yfinance,股票型,英國
B23092,2016-08-12,4.188300132751465,英鎊,施羅德環球基金系列－英國股票(英鎊)A1-累積,yfinance,股票型,英國
B23092,2016-08-15,4.191999912261963,英鎊,施羅德環球基金系列－英國股票(英鎊)A1-累積,yfinance,股票型,英國
B23092,2016-08-16,4.177199840545654,英鎊,施羅德環球基金系列－英國股票(英鎊)A1-累積,yfinance,股票型,英國
B23092,2016-08-17,4.168099880218506,英鎊,施羅德環球基金系列－英國股票(英鎊)A1-累積,yfinance,股票型,英國
B23092,2016-08-18,4.170499801635742,英鎊,施羅德環球基金系列－英國股票(英鎊)A1-累積,yfinance,股票型,英國
B23092,2016-08-19,4.176599979400635,英鎊,施羅德環球基金系列－英國股票(英鎊)A1-累積,yfinance,股票型,英國
B23092,2016-08-22,4.170499801635742,英鎊,施羅德環球基金系列－英國股票(英鎊)A1-累積,yfinance,股票型,英國
B23092,2016-08-23,4.20389986038208,英鎊,施羅德環球基金系列－英國股票(英鎊)A1-累積,yfinance,股票型,英國
B23092,2016-08-24,4.204999923706055,英鎊,施羅德環球基金系列－英國股票(英鎊)A1-累積,yfinance,股票型,英國
B23092,2016-08-25,4.183000087738037,英鎊,施羅德環球基金系列－英國股票(英鎊)A1-累積,yfinance,股票型,英國
B23092,2016-08-26,4.184800148010254,英鎊,施羅德環球基金系列－英國股票(英鎊)A1-累積,yfinance,股票型,英國
B23092,2016-08-30,4.200099945068359,英鎊,施羅德環球基金系列－英國股票(英鎊)A1-累積,yfinance,股票型,英國
B23092,2016-08-31,4.195799827575684,英鎊,施羅德環球基金系列－英國股票(英鎊)A1-累積,yfinance,股票型,英國
B23092,2016-09-01,4.192399978637695,英鎊,施羅德環球基金系列－英國股票(英鎊)A1-累積,yfinance,股票型,英國
B23092,2016-09-02,4.203400135040283,英鎊,施羅德環球基金系列－英國股票(英鎊)A1-累積,yfinance,股票型,英國
B23092,2016-09-05,4.230400085449219,英鎊,施羅德環球基金系列－英國股票(英鎊)A1-累積,yfinance,股票型,英國
B23092,2016-09-06,4.220399856567383,英鎊,施羅德環球基金系列－英國股票(英鎊)A1-累積,yfinance,股票型,英國
B23092,2016-09-07,4.211900234222412,英鎊,施羅德環球基金系列－英國股票(英鎊)A1-累積,yfinance,股票型,英國
B23092,2016-09-08,4.235000133514404,英鎊,施羅德環球基金系列－英國股票(英鎊)A1-累積,yfinance,股票型,英國
B23092,2016-09-09,4.222400188446045,英鎊,施羅德環球基金系列－英國股票(英鎊)A1-累積,yfinance,股票型,英國
B23092,2016-09-12,4.139999866485596,英鎊,施羅德環球基金系列－英國股票(英鎊)A1-累積,yfinance,股票型,英國
B23092,2016-09-13,4.168300151824951,英鎊,施羅德環球基金系列－英國股票(英鎊)A1-累積,yfinance,股票型,英國
B23092,2016-09-14,4.165599822998047,英鎊,施羅德環球基金系列－英國股票(英鎊)A1-累積,yfinance,股票型,英國
B23092,2016-09-15,4.1595001220703125,英鎊,施羅德環球基金系列－英國股票(英鎊)A1-累積,yfinance,股票型,英國
B23092,2016-09-16,4.179599761962891,英鎊,施羅德環球基金系列－英國股票(英鎊)A1-累積,yfinance,股票型,英國
B23092,2016-09-19,4.212600231170654,英鎊,施羅德環球基金系列－英國股票(英鎊)A1-累積,yfinance,股票型,英國
B23092,2016-09-20,4.239500045776367,英鎊,施羅德環球基金系列－英國股票(英鎊)A1-累積,yfinance,股票型,英國
B23092,2016-09-21,4.229400157928467,英鎊,施羅德環球基金系列－英國股票(英鎊)A1-累積,yfinance,股票型,英國
B23092,2016-09-22,4.256999969482422,英鎊,施羅德環球基金系列－英國股票(英鎊)A1-累積,yfinance,股票型,英國
B23092,2016-09-23,4.244699954986572,英鎊,施羅德環球基金系列－英國股票(英鎊)A1-累積,yfinance,股票型,英國
B23092,2016-09-26,4.19379997253418,英鎊,施羅德環球基金系列－英國股票(英鎊)A1-累積,yfinance,股票型,英國
B23092,2016-09-27,4.151500225067139,英鎊,施羅德環球基金系列－英國股票(英鎊)A1-累積,yfinance,股票型,英國
B23092,2016-09-28,4.208399772644043,英鎊,施羅德環球基金系列－英國股票(英鎊)A1-累積,yfinance,股票型,英國
B23092,2016-09-29,4.246500015258789,英鎊,施羅德環球基金系列－英國股票(英鎊)A1-累積,yfinance,股票型,英國
B23092,2016-09-30,4.212800025939941,英鎊,施羅德環球基金系列－英國股票(英鎊)A1-累積,yfinance,股票型,英國
B23092,2016-10-03,4.270199775695801,英鎊,施羅德環球基金系列－英國股票(英鎊)A1-累積,yfinance,股票型,英國
B23092,2016-10-04,4.360899925231934,英鎊,施羅德環球基金系列－英國股票(英鎊)A1-累積,yfinance,股票型,英國
B23092,2016-10-05,4.355999946594238,英鎊,施羅德環球基金系列－英國股票(英鎊)A1-累積,yfinance,股票型,英國
B23092,2016-10-06,4.334799766540527,英鎊,施羅德環球基金系列－英國股票(英鎊)A1-累積,yfinance,股票型,英國
B23092,2016-10-07,4.337900161743164,英鎊,施羅德環球基金系列－英國股票(英鎊)A1-累積,yfinance,股票型,英國
B23092,2016-10-10,4.340700149536133,英鎊,施羅德環球基金系列－英國股票(英鎊)A1-累積,yfinance,股票型,英國
B23092,2016-10-11,4.348999977111816,英鎊,施羅德環球基金系列－英國股票(英鎊)A1-累積,yfinance,股票型,英國
B23092,2016-10-12,4.327199935913086,英鎊,施羅德環球基金系列－英國股票(英鎊)A1-累積,yfinance,股票型,英國
B23092,2016-10-13,4.2729997634887695,英鎊,施羅德環球基金系列－英國股票(英鎊)A1-累積,yfinance,股票型,英國
B23092,2016-10-14,4.330699920654297,英鎊,施羅德環球基金系列－英國股票(英鎊)A1-累積,yfinance,股票型,英國
B23092,2016-10-17,4.293399810791016,英鎊,施羅德環球基金系列－英國股票(英鎊)A1-累積,yfinance,股票型,英國
B23092,2016-10-18,4.334799766540527,英鎊,施羅德環球基金系列－英國股票(英鎊)A1-累積,yfinance,股票型,英國
B23092,2016-10-19,4.3354997634887695,英鎊,施羅德環球基金系列－英國股票(英鎊)A1-累積,yfinance,股票型,英國
B23092,2016-10-20,4.338799953460693,英鎊,施羅德環球基金系列－英國股票(英鎊)A1-累積,yfinance,股票型,英國
B23092,2016-10-21,4.349100112915039,英鎊,施羅德環球基金系列－英國股票(英鎊)A1-累積,yfinance,股票型,英國
B23092,2016-10-24,4.35230016708374,英鎊,施羅德環球基金系列－英國股票(英鎊)A1-累積,yfinance,股票型,英國
B23092,2016-10-25,4.343100070953369,英鎊,施羅德環球基金系列－英國股票(英鎊)A1-累積,yfinance,股票型,英國
B23092,2016-10-26,4.306300163269043,英鎊,施羅德環球基金系列－英國股票(英鎊)A1-累積,yfinance,股票型,英國
B23092,2016-10-27,4.333199977874756,英鎊,施羅德環球基金系列－英國股票(英鎊)A1-累積,yfinance,股票型,英國
B23092,2016-10-28,4.331999778747559,英鎊,施羅德環球基金系列－英國股票(英鎊)A1-累積,yfinance,股票型,英國
B23092,2016-10-31,4.309599876403809,英鎊,施羅德環球基金系列－英國股票(英鎊)A1-累積,yfinance,股票型,英國
B23092,2016-11-01,4.281400203704834,英鎊,施羅德環球基金系列－英國股票(英鎊)A1-累積,yfinance,股票型,英國
B23092,2016-11-02,4.247300148010254,英鎊,施羅德環球基金系列－英國股票(英鎊)A1-累積,yfinance,股票型,英國
B23092,2016-11-03,4.251299858093262,英鎊,施羅德環球基金系列－英國股票(英鎊)A1-累積,yfinance,股票型,英國
B23092,2016-11-04,4.165800094604492,英鎊,施羅德環球基金系列－英國股票(英鎊)A1-累積,yfinance,股票型,英國
B23092,2016-11-07,4.208700180053711,英鎊,施羅德環球基金系列－英國股票(英鎊)A1-累積,yfinance,股票型,英國
B23092,2016-11-08,4.2108001708984375,英鎊,施羅德環球基金系列－英國股票(英鎊)A1-累積,yfinance,股票型,英國
B23092,2016-11-09,4.236199855804443,英鎊,施羅德環球基金系列－英國股票(英鎊)A1-累積,yfinance,股票型,英國
B23092,2016-11-10,4.300000190734863,英鎊,施羅德環球基金系列－英國股票(英鎊)A1-累積,yfinance,股票型,英國
B23092,2016-11-11,4.206500053405762,英鎊,施羅德環球基金系列－英國股票(英鎊)A1-累積,yfinance,股票型,英國
B23092,2016-11-14,4.218200206756592,英鎊,施羅德環球基金系列－英國股票(英鎊)A1-累積,yfinance,股票型,英國
B23092,2016-11-15,4.254199981689453,英鎊,施羅德環球基金系列－英國股票(英鎊)A1-累積,yfinance,股票型,英國
B23092,2016-11-16,4.221499919891357,英鎊,施羅德環球基金系列－英國股票(英鎊)A1-累積,yfinance,股票型,英國
B23092,2016-11-17,4.222799777984619,英鎊,施羅德環球基金系列－英國股票(英鎊)A1-累積,yfinance,股票型,英國
B23092,2016-11-18,4.235599994659424,英鎊,施羅德環球基金系列－英國股票(英鎊)A1-累積,yfinance,股票型,英國
B23092,2016-11-21,4.223100185394287,英鎊,施羅德環球基金系列－英國股票(英鎊)A1-累積,yfinance,股票型,英國
B23092,2016-11-22,4.257599830627441,英鎊,施羅德環球基金系列－英國股票(英鎊)A1-累積,yfinance,股票型,英國
B23092,2016-11-23,4.250199794769287,英鎊,施羅德環球基金系列－英國股票(英鎊)A1-累積,yfinance,股票型,英國
B23092,2016-11-24,4.244900226593018,英鎊,施羅德環球基金系列－英國股票(英鎊)A1-累積,yfinance,股票型,英國
B23092,2016-11-25,4.250899791717529,英鎊,施羅德環球基金系列－英國股票(英鎊)A1-累積,yfinance,股票型,英國
B23092,2016-11-28,4.224400043487549,英鎊,施羅德環球基金系列－英國股票(英鎊)A1-累積,yfinance,股票型,英國
B23092,2016-11-29,4.199699878692627,英鎊,施羅德環球基金系列－英國股票(英鎊)A1-累積,yfinance,股票型,英國
B23092,2016-11-30,4.231599807739258,英鎊,施羅德環球基金系列－英國股票(英鎊)A1-累積,yfinance,股票型,英國
B23092,2016-12-01,4.192599773406982,英鎊,施羅德環球基金系列－英國股票(英鎊)A1-累積,yfinance,股票型,英國
B23092,2016-12-02,4.188300132751465,英鎊,施羅德環球基金系列－英國股票(英鎊)A1-累積,yfinance,股票型,英國
B23092,2016-12-05,4.203100204467773,英鎊,施羅德環球基金系列－英國股票(英鎊)A1-累積,yfinance,股票型,英國
B23092,2016-12-06,4.220699787139893,英鎊,施羅德環球基金系列－英國股票(英鎊)A1-累積,yfinance,股票型,英國
B23092,2016-12-07,4.2795000076293945,英鎊,施羅德環球基金系列－英國股票(英鎊)A1-累積,yfinance,股票型,英國
B23092,2016-12-08,4.307300090789795,英鎊,施羅德環球基金系列－英國股票(英鎊)A1-累積,yfinance,股票型,英國
B23092,2016-12-09,4.305500030517578,英鎊,施羅德環球基金系列－英國股票(英鎊)A1-累積,yfinance,股票型,英國
B23092,2016-12-12,4.294000148773193,英鎊,施羅德環球基金系列－英國股票(英鎊)A1-累積,yfinance,股票型,英國
B23092,2016-12-13,4.303899765014648,英鎊,施羅德環球基金系列－英國股票(英鎊)A1-累積,yfinance,股票型,英國
B23092,2016-12-14,4.32919979095459,英鎊,施羅德環球基金系列－英國股票(英鎊)A1-累積,yfinance,股票型,英國
B23092,2016-12-15,4.33620023727417,英鎊,施羅德環球基金系列－英國股票(英鎊)A1-累積,yfinance,股票型,英國
B23092,2016-12-16,4.373000144958496,英鎊,施羅德環球基金系列－英國股票(英鎊)A1-累積,yfinance,股票型,英國
B23092,2016-12-19,4.375500202178955,英鎊,施羅德環球基金系列－英國股票(英鎊)A1-累積,yfinance,股票型,英國
B23092,2016-12-20,4.38040018081665,英鎊,施羅德環球基金系列－英國股票(英鎊)A1-累積,yfinance,股票型,英國
B23092,2016-12-21,4.375,英鎊,施羅德環球基金系列－英國股票(英鎊)A1-累積,yfinance,股票型,英國
B23092,2016-12-22,4.381199836730957,英鎊,施羅德環球基金系列－英國股票(英鎊)A1-累積,yfinance,股票型,英國
B23092,2016-12-23,4.390200138092041,英鎊,施羅德環球基金系列－英國股票(英鎊)A1-累積,yfinance,股票型,英國
B23092,2016-12-28,4.40500020980835,英鎊,施羅德環球基金系列－英國股票(英鎊)A1-累積,yfinance,股票型,英國
B23092,2016-12-29,4.395199775695801,英鎊,施羅德環球基金系列－英國股票(英鎊)A1-累積,yfinance,股票型,英國
B23092,2016-12-30,4.417099952697754,英鎊,施羅德環球基金系列－英國股票(英鎊)A1-累積,yfinance,股票型,英國
B24073,2016-01-04,3.219947338104248,英鎊,霸菱成熟及新興市場非投資等級債券基金-G類英鎊避險季配息型,yfinance,債券型,全球市場
B24073,2016-01-05,3.2093911170959473,英鎊,霸菱成熟及新興市場非投資等級債券基金-G類英鎊避險季配息型,yfinance,債券型,全球市場
B24073,2016-01-06,3.219947338104248,英鎊,霸菱成熟及新興市場非投資等級債券基金-G類英鎊避險季配息型,yfinance,債券型,全球市場
B24073,2016-01-07,3.214669942855835,英鎊,霸菱成熟及新興市場非投資等級債券基金-G類英鎊避險季配息型,yfinance,債券型,全球市場
B24073,2016-01-08,3.2093911170959473,英鎊,霸菱成熟及新興市場非投資等級債券基金-G類英鎊避險季配息型,yfinance,債券型,全球市場
B24073,2016-01-11,3.2093911170959473,英鎊,霸菱成熟及新興市場非投資等級債券基金-G類英鎊避險季配息型,yfinance,債券型,全球市場
B24073,2016-01-12,3.2041115760803223,英鎊,霸菱成熟及新興市場非投資等級債券基金-G類英鎊避險季配息型,yfinance,債券型,全球市場
B24073,2016-01-13,3.1988346576690674,英鎊,霸菱成熟及新興市場非投資等級債券基金-G類英鎊避險季配息型,yfinance,債券型,全球市場
B24073,2016-01-14,3.182997941970825,英鎊,霸菱成熟及新興市場非投資等級債券基金-G類英鎊避險季配息型,yfinance,債券型,全球市場
B24073,2016-01-15,3.1671624183654785,英鎊,霸菱成熟及新興市場非投資等級債券基金-G類英鎊避險季配息型,yfinance,債券型,全球市場
B24073,2016-01-18,3.1460466384887695,英鎊,霸菱成熟及新興市場非投資等級債券基金-G類英鎊避險季配息型,yfinance,債券型,全球市場
B24073,2016-01-19,3.1460466384887695,英鎊,霸菱成熟及新興市場非投資等級債券基金-G類英鎊避險季配息型,yfinance,債券型,全球市場
B24073,2016-01-20,3.1460466384887695,英鎊,霸菱成熟及新興市場非投資等級債券基金-G類英鎊避險季配息型,yfinance,債券型,全球市場
B24073,2016-01-21,3.1143763065338135,英鎊,霸菱成熟及新興市場非投資等級債券基金-G類英鎊避險季配息型,yfinance,債券型,全球市場
B24073,2016-01-22,3.1354897022247314,英鎊,霸菱成熟及新興市場非投資等級債券基金-G類英鎊避險季配息型,yfinance,債券型,全球市場
B24073,2016-01-25,3.156604766845703,英鎊,霸菱成熟及新興市場非投資等級債券基金-G類英鎊避險季配息型,yfinance,債券型,全球市場
B24073,2016-01-26,3.1618831157684326,英鎊,霸菱成熟及新興市場非投資等級債券基金-G類英鎊避險季配息型,yfinance,債券型,全球市場
B24073,2016-01-27,3.1671624183654785,英鎊,霸菱成熟及新興市場非投資等級債券基金-G類英鎊避險季配息型,yfinance,債券型,全球市場
B24073,2016-01-28,3.1777184009552,英鎊,霸菱成熟及新興市場非投資等級債券基金-G類英鎊避險季配息型,yfinance,債券型,全球市場
B24073,2016-01-29,3.182997941970825,英鎊,霸菱成熟及新興市場非投資等級債券基金-G類英鎊避險季配息型,yfinance,債券型,全球市場
B24073,2016-02-01,3.1944868564605713,英鎊,霸菱成熟及新興市場非投資等級債券基金-G類英鎊避險季配息型,yfinance,債券型,全球市場
B24073,2016-02-02,3.189117670059204,英鎊,霸菱成熟及新興市場非投資等級債券基金-G類英鎊避險季配息型,yfinance,債券型,全球市場
B24073,2016-02-03,3.1783807277679443,英鎊,霸菱成熟及新興市場非投資等級債券基金-G類英鎊避險季配息型,yfinance,債券型,全球市場
B24073,2016-02-04,3.1783807277679443,英鎊,霸菱成熟及新興市場非投資等級債券基金-G類英鎊避險季配息型,yfinance,債券型,全球市場
B24073,2016-02-05,3.1783807277679443,英鎊,霸菱成熟及新興市場非投資等級債券基金-G類英鎊避險季配息型,yfinance,債券型,全球市場
B24073,2016-02-08,3.16227388381958,英鎊,霸菱成熟及新興市場非投資等級債券基金-G類英鎊避險季配息型,yfinance,債券型,全球市場
B24073,2016-02-09,3.1300604343414307,英鎊,霸菱成熟及新興市場非投資等級債券基金-G類英鎊避險季配息型,yfinance,債券型,全球市場
B24073,2016-02-10,3.1193220615386963,英鎊,霸菱成熟及新興市場非投資等級債券基金-G類英鎊避險季配息型,yfinance,債券型,全球市場
B24073,2016-02-11,3.113953113555908,英鎊,霸菱成熟及新興市場非投資等級債券基金-G類英鎊避險季配息型,yfinance,債券型,全球市場
B24073,2016-02-12,3.097846746444702,英鎊,霸菱成熟及新興市場非投資等級債券基金-G類英鎊避險季配息型,yfinance,債券型,全球市場
B24073,2016-02-15,3.113953113555908,英鎊,霸菱成熟及新興市場非投資等級債券基金-G類英鎊避險季配息型,yfinance,債券型,全球市場
B24073,2016-02-16,3.113953113555908,英鎊,霸菱成熟及新興市場非投資等級債券基金-G類英鎊避險季配息型,yfinance,債券型,全球市場
B24073,2016-02-17,3.1193220615386963,英鎊,霸菱成熟及新興市場非投資等級債券基金-G類英鎊避險季配息型,yfinance,債券型,全球市場
B24073,2016-02-18,3.1407980918884277,英鎊,霸菱成熟及新興市場非投資等級債券基金-G類英鎊避險季配息型,yfinance,債券型,全球市場
B24073,2016-02-19,3.151536226272583,英鎊,霸菱成熟及新興市場非投資等級債券基金-G類英鎊避險季配息型,yfinance,債券型,全球市場
B24073,2016-02-22,3.151536226272583,英鎊,霸菱成熟及新興市場非投資等級債券基金-G類英鎊避險季配息型,yfinance,債券型,全球市場
B24073,2016-02-23,3.16227388381958,英鎊,霸菱成熟及新興市場非投資等級債券基金-G類英鎊避險季配息型,yfinance,債券型,全球市場
B24073,2016-02-24,3.1676437854766846,英鎊,霸菱成熟及新興市場非投資等級債券基金-G類英鎊避險季配息型,yfinance,債券型,全球市場
B24073,2016-02-25,3.156904697418213,英鎊,霸菱成熟及新興市場非投資等級債券基金-G類英鎊避險季配息型,yfinance,債券型,全球市場
B24073,2016-02-26,3.173011064529419,英鎊,霸菱成熟及新興市場非投資等級債券基金-G類英鎊避險季配息型,yfinance,債券型,全球市場
B24073,2016-02-29,3.173011064529419,英鎊,霸菱成熟及新興市場非投資等級債券基金-G類英鎊避險季配息型,yfinance,債券型,全球市場
B24073,2016-03-01,3.1837494373321533,英鎊,霸菱成熟及新興市場非投資等級債券基金-G類英鎊避險季配息型,yfinance,債券型,全球市場
B24073,2016-03-02,3.199855089187622,英鎊,霸菱成熟及新興市場非投資等級債券基金-G類英鎊避險季配息型,yfinance,債券型,全球市場
B24073,2016-03-03,3.2105939388275146,英鎊,霸菱成熟及新興市場非投資等級債券基金-G類英鎊避險季配息型,yfinance,債券型,全球市場
B24073,2016-03-04,3.22133207321167,英鎊,霸菱成熟及新興市場非投資等級債券基金-G類英鎊避險季配息型,yfinance,債券型,全球市場
B24073,2016-03-07,3.2320690155029297,英鎊,霸菱成熟及新興市場非投資等級債券基金-G類英鎊避險季配息型,yfinance,債券型,全球市場
B24073,2016-03-08,3.237438678741455,英鎊,霸菱成熟及新興市場非投資等級債券基金-G類英鎊避險季配息型,yfinance,債券型,全球市場
B24073,2016-03-09,3.2320690155029297,英鎊,霸菱成熟及新興市場非投資等級債券基金-G類英鎊避險季配息型,yfinance,債券型,全球市場
B24073,2016-03-10,3.237438678741455,英鎊,霸菱成熟及新興市場非投資等級債券基金-G類英鎊避險季配息型,yfinance,債券型,全球市場
B24073,2016-03-11,3.248175621032715,英鎊,霸菱成熟及新興市場非投資等級債券基金-G類英鎊避險季配息型,yfinance,債券型,全球市場
B24073,2016-03-14,3.2696516513824463,英鎊,霸菱成熟及新興市場非投資等級債券基金-G類英鎊避險季配息型,yfinance,債券型,全球市場
B24073,2016-03-15,3.275019407272339,英鎊,霸菱成熟及新興市場非投資等級債券基金-G類英鎊避險季配息型,yfinance,債券型,全球市場
B24073,2016-03-16,3.2696516513824463,英鎊,霸菱成熟及新興市場非投資等級債券基金-G類英鎊避險季配息型,yfinance,債券型,全球市場
B24073,2016-03-18,3.275019407272339,英鎊,霸菱成熟及新興市場非投資等級債券基金-G類英鎊避險季配息型,yfinance,債券型,全球市場
B24073,2016-03-21,3.2857577800750732,英鎊,霸菱成熟及新興市場非投資等級債券基金-G類英鎊避險季配息型,yfinance,債券型,全球市場
B24073,2016-03-22,3.2857577800750732,英鎊,霸菱成熟及新興市場非投資等級債券基金-G類英鎊避險季配息型,yfinance,債券型,全球市場
B24073,2016-03-23,3.2803897857666016,英鎊,霸菱成熟及新興市場非投資等級債券基金-G類英鎊避險季配息型,yfinance,債券型,全球市場
B24073,2016-03-24,3.2803897857666016,英鎊,霸菱成熟及新興市場非投資等級債券基金-G類英鎊避險季配息型,yfinance,債券型,全球市場
B24073,2016-03-29,3.2696516513824463,英鎊,霸菱成熟及新興市場非投資等級債券基金-G類英鎊避險季配息型,yfinance,債券型,全球市場
B24073,2016-03-30,3.2696516513824463,英鎊,霸菱成熟及新興市場非投資等級債券基金-G類英鎊避險季配息型,yfinance,債券型,全球市場
B24073,2016-03-31,3.2803897857666016,英鎊,霸菱成熟及新興市場非投資等級債券基金-G類英鎊避險季配息型,yfinance,債券型,全球市場
B24073,2016-04-01,3.2857577800750732,英鎊,霸菱成熟及新興市場非投資等級債券基金-G類英鎊避險季配息型,yfinance,債券型,全球市場
B24073,2016-04-04,3.2857577800750732,英鎊,霸菱成熟及新興市場非投資等級債券基金-G類英鎊避險季配息型,yfinance,債券型,全球市場
B24073,2016-04-05,3.2857577800750732,英鎊,霸菱成熟及新興市場非投資等級債券基金-G類英鎊避險季配息型,yfinance,債券型,全球市場
B24073,2016-04-06,3.2857577800750732,英鎊,霸菱成熟及新興市場非投資等級債券基金-G類英鎊避險季配息型,yfinance,債券型,全球市場
B24073,2016-04-07,3.2857577800750732,英鎊,霸菱成熟及新興市場非投資等級債券基金-G類英鎊避險季配息型,yfinance,債券型,全球市場
B24073,2016-04-08,3.2857577800750732,英鎊,霸菱成熟及新興市場非投資等級債券基金-G類英鎊避險季配息型,yfinance,債券型,全球市場
B24073,2016-04-11,3.296496868133545,英鎊,霸菱成熟及新興市場非投資等級債券基金-G類英鎊避險季配息型,yfinance,債券型,全球市場
B24073,2016-04-12,3.296496868133545,英鎊,霸菱成熟及新興市場非投資等級債券基金-G類英鎊避險季配息型,yfinance,債券型,全球市場
B24073,2016-04-13,3.3018648624420166,英鎊,霸菱成熟及新興市場非投資等級債券基金-G類英鎊避險季配息型,yfinance,債券型,全球市場
B24073,2016-04-14,3.31260347366333,英鎊,霸菱成熟及新興市場非投資等級債券基金-G類英鎊避險季配息型,yfinance,債券型,全球市場
B24073,2016-04-15,3.3179709911346436,英鎊,霸菱成熟及新興市場非投資等級債券基金-G類英鎊避險季配息型,yfinance,債券型,全球市場
B24073,2016-04-18,3.3179709911346436,英鎊,霸菱成熟及新興市場非投資等級債券基金-G類英鎊避險季配息型,yfinance,債券型,全球市場
B24073,2016-04-19,3.3179709911346436,英鎊,霸菱成熟及新興市場非投資等級債券基金-G類英鎊避險季配息型,yfinance,債券型,全球市場
B24073,2016-04-20,3.328709363937378,英鎊,霸菱成熟及新興市場非投資等級債券基金-G類英鎊避險季配息型,yfinance,債券型,全球市場
B24073,2016-04-21,3.334077835083008,英鎊,霸菱成熟及新興市場非投資等級債券基金-G類英鎊避險季配息型,yfinance,債券型,全球市場
B24073,2016-04-22,3.334077835083008,英鎊,霸菱成熟及新興市場非投資等級債券基金-G類英鎊避險季配息型,yfinance,債券型,全球市場
B24073,2016-04-25,3.339447021484375,英鎊,霸菱成熟及新興市場非投資等級債券基金-G類英鎊避險季配息型,yfinance,債券型,全球市場
B24073,2016-04-26,3.339447021484375,英鎊,霸菱成熟及新興市場非投資等級債券基金-G類英鎊避險季配息型,yfinance,債券型,全球市場
B24073,2016-04-27,3.339447021484375,英鎊,霸菱成熟及新興市場非投資等級債券基金-G類英鎊避險季配息型,yfinance,債券型,全球市場
B24073,2016-04-28,3.344815731048584,英鎊,霸菱成熟及新興市場非投資等級債券基金-G類英鎊避險季配息型,yfinance,債券型,全球市場
B24073,2016-04-29,3.3501851558685303,英鎊,霸菱成熟及新興市場非投資等級債券基金-G類英鎊避險季配息型,yfinance,債券型,全球市場
B24073,2016-05-03,3.350102186203003,英鎊,霸菱成熟及新興市場非投資等級債券基金-G類英鎊避險季配息型,yfinance,債券型,全球市場
B24073,2016-05-04,3.344655752182007,英鎊,霸菱成熟及新興市場非投資等級債券基金-G類英鎊避險季配息型,yfinance,債券型,全球市場
B24073,2016-05-05,3.3392090797424316,英鎊,霸菱成熟及新興市場非投資等級債券基金-G類英鎊避險季配息型,yfinance,債券型,全球市場
B24073,2016-05-06,3.3392090797424316,英鎊,霸菱成熟及新興市場非投資等級債券基金-G類英鎊避險季配息型,yfinance,債券型,全球市場
B24073,2016-05-09,3.3337607383728027,英鎊,霸菱成熟及新興市場非投資等級債券基金-G類英鎊避險季配息型,yfinance,債券型,全球市場
B24073,2016-05-10,3.3337607383728027,英鎊,霸菱成熟及新興市場非投資等級債券基金-G類英鎊避險季配息型,yfinance,債券型,全球市場
B24073,2016-05-11,3.3392090797424316,英鎊,霸菱成熟及新興市場非投資等級債券基金-G類英鎊避險季配息型,yfinance,債券型,全球市場
B24073,2016-05-12,3.3392090797424316,英鎊,霸菱成熟及新興市場非投資等級債券基金-G類英鎊避險季配息型,yfinance,債券型,全球市場
B24073,2016-05-13,3.3392090797424316,英鎊,霸菱成熟及新興市場非投資等級債券基金-G類英鎊避險季配息型,yfinance,債券型,全球市場
B24073,2016-05-16,3.3392090797424316,英鎊,霸菱成熟及新興市場非投資等級債券基金-G類英鎊避險季配息型,yfinance,債券型,全球市場
B24073,2016-05-17,3.344655752182007,英鎊,霸菱成熟及新興市場非投資等級債券基金-G類英鎊避險季配息型,yfinance,債券型,全球市場
B24073,2016-05-18,3.344655752182007,英鎊,霸菱成熟及新興市場非投資等級債券基金-G類英鎊避險季配息型,yfinance,債券型,全球市場
B24073,2016-05-19,3.344655752182007,英鎊,霸菱成熟及新興市場非投資等級債券基金-G類英鎊避險季配息型,yfinance,債券型,全球市場
B24073,2016-05-20,3.344655752182007,英鎊,霸菱成熟及新興市場非投資等級債券基金-G類英鎊避險季配息型,yfinance,債券型,全球市場
B24073,2016-05-23,3.344655752182007,英鎊,霸菱成熟及新興市場非投資等級債券基金-G類英鎊避險季配息型,yfinance,債券型,全球市場
B24073,2016-05-24,3.344655752182007,英鎊,霸菱成熟及新興市場非投資等級債券基金-G類英鎊避險季配息型,yfinance,債券型,全球市場
B24073,2016-05-25,3.3555502891540527,英鎊,霸菱成熟及新興市場非投資等級債券基金-G類英鎊避險季配息型,yfinance,債券型,全球市場
B24073,2016-05-26,3.3609981536865234,英鎊,霸菱成熟及新興市場非投資等級債券基金-G類英鎊避險季配息型,yfinance,債券型,全球市場
B24073,2016-05-27,3.3609981536865234,英鎊,霸菱成熟及新興市場非投資等級債券基金-G類英鎊避險季配息型,yfinance,債券型,全球市場
B24073,2016-05-31,3.3664441108703613,英鎊,霸菱成熟及新興市場非投資等級債券基金-G類英鎊避險季配息型,yfinance,債券型,全球市場
B24073,2016-06-01,3.3664441108703613,英鎊,霸菱成熟及新興市場非投資等級債券基金-G類英鎊避險季配息型,yfinance,債券型,全球市場
B24073,2016-06-02,3.3609981536865234,英鎊,霸菱成熟及新興市場非投資等級債券基金-G類英鎊避險季配息型,yfinance,債券型,全球市場
B24073,2016-06-03,3.3664441108703613,英鎊,霸菱成熟及新興市場非投資等級債券基金-G類英鎊避險季配息型,yfinance,債券型,全球市場
B24073,2016-06-07,3.3773391246795654,英鎊,霸菱成熟及新興市場非投資等級債券基金-G類英鎊避險季配息型,yfinance,債券型,全球市場
B24073,2016-06-08,3.3882341384887695,英鎊,霸菱成熟及新興市場非投資等級債券基金-G類英鎊避險季配息型,yfinance,債券型,全球市場
B24073,2016-06-09,3.393681764602661,英鎊,霸菱成熟及新興市場非投資等級債券基金-G類英鎊避險季配息型,yfinance,債券型,全球市場
B24073,2016-06-10,3.3882341384887695,英鎊,霸菱成熟及新興市場非投資等級債券基金-G類英鎊避險季配息型,yfinance,債券型,全球市場
B24073,2016-06-13,3.3773391246795654,英鎊,霸菱成熟及新興市場非投資等級債券基金-G類英鎊避險季配息型,yfinance,債券型,全球市場
B24073,2016-06-14,3.371891975402832,英鎊,霸菱成熟及新興市場非投資等級債券基金-G類英鎊避險季配息型,yfinance,債券型,全球市場
B24073,2016-06-15,3.3555502891540527,英鎊,霸菱成熟及新興市場非投資等級債券基金-G類英鎊避險季配息型,yfinance,債券型,全球市場
B24073,2016-06-16,3.3609981536865234,英鎊,霸菱成熟及新興市場非投資等級債券基金-G類英鎊避險季配息型,yfinance,債券型,全球市場
B24073,2016-06-17,3.3555502891540527,英鎊,霸菱成熟及新興市場非投資等級債券基金-G類英鎊避險季配息型,yfinance,債券型,全球市場
B24073,2016-06-20,3.3664441108703613,英鎊,霸菱成熟及新興市場非投資等級債券基金-G類英鎊避險季配息型,yfinance,債券型,全球市場
B24073,2016-06-21,3.3773391246795654,英鎊,霸菱成熟及新興市場非投資等級債券基金-G類英鎊避險季配息型,yfinance,債券型,全球市場
B24073,2016-06-22,3.382786273956299,英鎊,霸菱成熟及新興市場非投資等級債券基金-G類英鎊避險季配息型,yfinance,債券型,全球市場
B24073,2016-06-23,3.382786273956299,英鎊,霸菱成熟及新興市場非投資等級債券基金-G類英鎊避險季配息型,yfinance,債券型,全球市場
B24073,2016-06-24,3.371891975402832,英鎊,霸菱成熟及新興市場非投資等級債券基金-G類英鎊避險季配息型,yfinance,債券型,全球市場
B24073,2016-06-27,3.344655752182007,英鎊,霸菱成熟及新興市場非投資等級債券基金-G類英鎊避險季配息型,yfinance,債券型,全球市場
B24073,2016-06-28,3.3283140659332275,英鎊,霸菱成熟及新興市場非投資等級債券基金-G類英鎊避險季配息型,yfinance,債券型,全球市場
B24073,2016-06-29,3.3392090797424316,英鎊,霸菱成熟及新興市場非投資等級債券基金-G類英鎊避險季配息型,yfinance,債券型,全球市場
B24073,2016-06-30,3.3609981536865234,英鎊,霸菱成熟及新興市場非投資等級債券基金-G類英鎊避險季配息型,yfinance,債券型,全球市場
B24073,2016-07-01,3.3664441108703613,英鎊,霸菱成熟及新興市場非投資等級債券基金-G類英鎊避險季配息型,yfinance,債券型,全球市場
B24073,2016-07-04,3.3773391246795654,英鎊,霸菱成熟及新興市場非投資等級債券基金-G類英鎊避險季配息型,yfinance,債券型,全球市場
B24073,2016-07-05,3.3773391246795654,英鎊,霸菱成熟及新興市場非投資等級債券基金-G類英鎊避險季配息型,yfinance,債券型,全球市場
B24073,2016-07-06,3.3773391246795654,英鎊,霸菱成熟及新興市場非投資等級債券基金-G類英鎊避險季配息型,yfinance,債券型,全球市場
B24073,2016-07-07,3.3773391246795654,英鎊,霸菱成熟及新興市場非投資等級債券基金-G類英鎊避險季配息型,yfinance,債券型,全球市場
B24073,2016-07-08,3.3882341384887695,英鎊,霸菱成熟及新興市場非投資等級債券基金-G類英鎊避險季配息型,yfinance,債券型,全球市場
B24073,2016-07-11,3.4045767784118652,英鎊,霸菱成熟及新興市場非投資等級債券基金-G類英鎊避險季配息型,yfinance,債券型,全球市場
B24073,2016-07-12,3.4209179878234863,英鎊,霸菱成熟及新興市場非投資等級債券基金-G類英鎊避險季配息型,yfinance,債券型,全球市場
B24073,2016-07-13,3.4372596740722656,英鎊,霸菱成熟及新興市場非投資等級債券基金-G類英鎊避險季配息型,yfinance,債券型,全球市場
B24073,2016-07-14,3.4372596740722656,英鎊,霸菱成熟及新興市場非投資等級債券基金-G類英鎊避險季配息型,yfinance,債券型,全球市場
B24073,2016-07-15,3.4372596740722656,英鎊,霸菱成熟及新興市場非投資等級債券基金-G類英鎊避險季配息型,yfinance,債券型,全球市場
B24073,2016-07-18,3.4372596740722656,英鎊,霸菱成熟及新興市場非投資等級債券基金-G類英鎊避險季配息型,yfinance,債券型,全球市場
B24073,2016-07-19,3.4372596740722656,英鎊,霸菱成熟及新興市場非投資等級債券基金-G類英鎊避險季配息型,yfinance,債券型,全球市場
B24073,2016-07-20,3.4427080154418945,英鎊,霸菱成熟及新興市場非投資等級債券基金-G類英鎊避險季配息型,yfinance,債券型,全球市場
B24073,2016-07-21,3.448155403137207,英鎊,霸菱成熟及新興市場非投資等級債券基金-G類英鎊避險季配息型,yfinance,債券型,全球市場
B24073,2016-07-22,3.448155403137207,英鎊,霸菱成熟及新興市場非投資等級債券基金-G類英鎊避險季配息型,yfinance,債券型,全球市場
B24073,2016-07-25,3.448155403137207,英鎊,霸菱成熟及新興市場非投資等級債券基金-G類英鎊避險季配息型,yfinance,債券型,全球市場
B24073,2016-07-26,3.4536025524139404,英鎊,霸菱成熟及新興市場非投資等級債券基金-G類英鎊避險季配息型,yfinance,債券型,全球市場
B24073,2016-07-27,3.448155403137207,英鎊,霸菱成熟及新興市場非投資等級債券基金-G類英鎊避險季配息型,yfinance,債券型,全球市場
B24073,2016-07-28,3.448155403137207,英鎊,霸菱成熟及新興市場非投資等級債券基金-G類英鎊避險季配息型,yfinance,債券型,全球市場
B24073,2016-07-29,3.4427080154418945,英鎊,霸菱成熟及新興市場非投資等級債券基金-G類英鎊避險季配息型,yfinance,債券型,全球市場
B24073,2016-08-02,3.393681764602661,英鎊,霸菱成熟及新興市場非投資等級債券基金-G類英鎊避險季配息型,yfinance,債券型,全球市場
B24073,2016-08-03,3.3882341384887695,英鎊,霸菱成熟及新興市場非投資等級債券基金-G類英鎊避險季配息型,yfinance,債券型,全球市場
B24073,2016-08-04,3.3882341384887695,英鎊,霸菱成熟及新興市場非投資等級債券基金-G類英鎊避險季配息型,yfinance,債券型,全球市場
B24073,2016-08-05,3.3991289138793945,英鎊,霸菱成熟及新興市場非投資等級債券基金-G類英鎊避險季配息型,yfinance,債券型,全球市場
B24073,2016-08-08,3.4045767784118652,英鎊,霸菱成熟及新興市場非投資等級債券基金-G類英鎊避險季配息型,yfinance,債券型,全球市場
B24073,2016-08-09,3.4100241661071777,英鎊,霸菱成熟及新興市場非投資等級債券基金-G類英鎊避險季配息型,yfinance,債券型,全球市場
B24073,2016-08-10,3.4154715538024902,英鎊,霸菱成熟及新興市場非投資等級債券基金-G類英鎊避險季配息型,yfinance,債券型,全球市場
B24073,2016-08-11,3.4209179878234863,英鎊,霸菱成熟及新興市場非投資等級債券基金-G類英鎊避險季配息型,yfinance,債券型,全球市場
B24073,2016-08-12,3.426365852355957,英鎊,霸菱成熟及新興市場非投資等級債券基金-G類英鎊避險季配息型,yfinance,債券型,全球市場
B24073,2016-08-15,3.4318125247955322,英鎊,霸菱成熟及新興市場非投資等級債券基金-G類英鎊避險季配息型,yfinance,債券型,全球市場
B24073,2016-08-16,3.4318125247955322,英鎊,霸菱成熟及新興市場非投資等級債券基金-G類英鎊避險季配息型,yfinance,債券型,全球市場
B24073,2016-08-17,3.4372596740722656,英鎊,霸菱成熟及新興市場非投資等級債券基金-G類英鎊避險季配息型,yfinance,債券型,全球市場
B24073,2016-08-18,3.4372596740722656,英鎊,霸菱成熟及新興市場非投資等級債券基金-G類英鎊避險季配息型,yfinance,債券型,全球市場
B24073,2016-08-19,3.4372596740722656,英鎊,霸菱成熟及新興市場非投資等級債券基金-G類英鎊避險季配息型,yfinance,債券型,全球市場
B24073,2016-08-22,3.4372596740722656,英鎊,霸菱成熟及新興市場非投資等級債券基金-G類英鎊避險季配息型,yfinance,債券型,全球市場
B24073,2016-08-23,3.4427080154418945,英鎊,霸菱成熟及新興市場非投資等級債券基金-G類英鎊避險季配息型,yfinance,債券型,全球市場
B24073,2016-08-24,3.4427080154418945,英鎊,霸菱成熟及新興市場非投資等級債券基金-G類英鎊避險季配息型,yfinance,債券型,全球市場
B24073,2016-08-25,3.448155403137207,英鎊,霸菱成熟及新興市場非投資等級債券基金-G類英鎊避險季配息型,yfinance,債券型,全球市場
B24073,2016-08-26,3.448155403137207,英鎊,霸菱成熟及新興市場非投資等級債券基金-G類英鎊避險季配息型,yfinance,債券型,全球市場
B24073,2016-08-30,3.4536025524139404,英鎊,霸菱成熟及新興市場非投資等級債券基金-G類英鎊避險季配息型,yfinance,債券型,全球市場
B24073,2016-08-31,3.4536025524139404,英鎊,霸菱成熟及新興市場非投資等級債券基金-G類英鎊避險季配息型,yfinance,債券型,全球市場
B24073,2016-09-01,3.4536025524139404,英鎊,霸菱成熟及新興市場非投資等級債券基金-G類英鎊避險季配息型,yfinance,債券型,全球市場
B24073,2016-09-02,3.4536025524139404,英鎊,霸菱成熟及新興市場非投資等級債券基金-G類英鎊避險季配息型,yfinance,債券型,全球市場
B24073,2016-09-05,3.459049940109253,英鎊,霸菱成熟及新興市場非投資等級債券基金-G類英鎊避險季配息型,yfinance,債券型,全球市場
B24073,2016-09-06,3.459049940109253,英鎊,霸菱成熟及新興市場非投資等級債券基金-G類英鎊避險季配息型,yfinance,債券型,全球市場
B24073,2016-09-07,3.459049940109253,英鎊,霸菱成熟及新興市場非投資等級債券基金-G類英鎊避險季配息型,yfinance,債券型,全球市場
B24073,2016-09-08,3.464496612548828,英鎊,霸菱成熟及新興市場非投資等級債券基金-G類英鎊避險季配息型,yfinance,債券型,全球市場
B24073,2016-09-09,3.464496612548828,英鎊,霸菱成熟及新興市場非投資等級債券基金-G類英鎊避險季配息型,yfinance,債券型,全球市場
B24073,2016-09-12,3.448155403137207,英鎊,霸菱成熟及新興市場非投資等級債券基金-G類英鎊避險季配息型,yfinance,債券型,全球市場
B24073,2016-09-13,3.4427080154418945,英鎊,霸菱成熟及新興市場非投資等級債券基金-G類英鎊避險季配息型,yfinance,債券型,全球市場
B24073,2016-09-14,3.4372596740722656,英鎊,霸菱成熟及新興市場非投資等級債券基金-G類英鎊避險季配息型,yfinance,債券型,全球市場
B24073,2016-09-15,3.4372596740722656,英鎊,霸菱成熟及新興市場非投資等級債券基金-G類英鎊避險季配息型,yfinance,債券型,全球市場
B24073,2016-09-16,3.4372596740722656,英鎊,霸菱成熟及新興市場非投資等級債券基金-G類英鎊避險季配息型,yfinance,債券型,全球市場
B24073,2016-09-19,3.4372596740722656,英鎊,霸菱成熟及新興市場非投資等級債券基金-G類英鎊避險季配息型,yfinance,債券型,全球市場
B24073,2016-09-20,3.4372596740722656,英鎊,霸菱成熟及新興市場非投資等級債券基金-G類英鎊避險季配息型,yfinance,債券型,全球市場
B24073,2016-09-21,3.4372596740722656,英鎊,霸菱成熟及新興市場非投資等級債券基金-G類英鎊避險季配息型,yfinance,債券型,全球市場
B24073,2016-09-22,3.4427080154418945,英鎊,霸菱成熟及新興市場非投資等級債券基金-G類英鎊避險季配息型,yfinance,債券型,全球市場
B24073,2016-09-23,3.4536025524139404,英鎊,霸菱成熟及新興市場非投資等級債券基金-G類英鎊避險季配息型,yfinance,債券型,全球市場
B24073,2016-09-26,3.4536025524139404,英鎊,霸菱成熟及新興市場非投資等級債券基金-G類英鎊避險季配息型,yfinance,債券型,全球市場
B24073,2016-09-27,3.448155403137207,英鎊,霸菱成熟及新興市場非投資等級債券基金-G類英鎊避險季配息型,yfinance,債券型,全球市場
B24073,2016-09-28,3.448155403137207,英鎊,霸菱成熟及新興市場非投資等級債券基金-G類英鎊避險季配息型,yfinance,債券型,全球市場
B24073,2016-09-29,3.4536025524139404,英鎊,霸菱成熟及新興市場非投資等級債券基金-G類英鎊避險季配息型,yfinance,債券型,全球市場
B24073,2016-09-30,3.4536025524139404,英鎊,霸菱成熟及新興市場非投資等級債券基金-G類英鎊避險季配息型,yfinance,債券型,全球市場
B24073,2016-10-03,3.459049940109253,英鎊,霸菱成熟及新興市場非投資等級債券基金-G類英鎊避險季配息型,yfinance,債券型,全球市場
B24073,2016-10-04,3.459049940109253,英鎊,霸菱成熟及新興市場非投資等級債券基金-G類英鎊避險季配息型,yfinance,債券型,全球市場
B24073,2016-10-05,3.459049940109253,英鎊,霸菱成熟及新興市場非投資等級債券基金-G類英鎊避險季配息型,yfinance,債券型,全球市場
B24073,2016-10-06,3.464496612548828,英鎊,霸菱成熟及新興市場非投資等級債券基金-G類英鎊避險季配息型,yfinance,債券型,全球市場
B24073,2016-10-07,3.464496612548828,英鎊,霸菱成熟及新興市場非投資等級債券基金-G類英鎊避險季配息型,yfinance,債券型,全球市場
B24073,2016-10-10,3.464496612548828,英鎊,霸菱成熟及新興市場非投資等級債券基金-G類英鎊避險季配息型,yfinance,債券型,全球市場
B24073,2016-10-11,3.464496612548828,英鎊,霸菱成熟及新興市場非投資等級債券基金-G類英鎊避險季配息型,yfinance,債券型,全球市場
B24073,2016-10-12,3.464496612548828,英鎊,霸菱成熟及新興市場非投資等級債券基金-G類英鎊避險季配息型,yfinance,債券型,全球市場
B24073,2016-10-13,3.464496612548828,英鎊,霸菱成熟及新興市場非投資等級債券基金-G類英鎊避險季配息型,yfinance,債券型,全球市場
B24073,2016-10-14,3.459049940109253,英鎊,霸菱成熟及新興市場非投資等級債券基金-G類英鎊避險季配息型,yfinance,債券型,全球市場
B24073,2016-10-17,3.464496612548828,英鎊,霸菱成熟及新興市場非投資等級債券基金-G類英鎊避險季配息型,yfinance,債券型,全球市場
B24073,2016-10-18,3.464496612548828,英鎊,霸菱成熟及新興市場非投資等級債券基金-G類英鎊避險季配息型,yfinance,債券型,全球市場
B24073,2016-10-19,3.4699435234069824,英鎊,霸菱成熟及新興市場非投資等級債券基金-G類英鎊避險季配息型,yfinance,債券型,全球市場
B24073,2016-10-20,3.4753916263580322,英鎊,霸菱成熟及新興市場非投資等級債券基金-G類英鎊避險季配息型,yfinance,債券型,全球市場
B24073,2016-10-21,3.4808387756347656,英鎊,霸菱成熟及新興市場非投資等級債券基金-G類英鎊避險季配息型,yfinance,債券型,全球市場
B24073,2016-10-24,3.4808387756347656,英鎊,霸菱成熟及新興市場非投資等級債券基金-G類英鎊避險季配息型,yfinance,債券型,全球市場
B24073,2016-10-25,3.486285448074341,英鎊,霸菱成熟及新興市場非投資等級債券基金-G類英鎊避險季配息型,yfinance,債券型,全球市場
B24073,2016-10-26,3.486285448074341,英鎊,霸菱成熟及新興市場非投資等級債券基金-G類英鎊避險季配息型,yfinance,債券型,全球市場
B24073,2016-10-27,3.4808387756347656,英鎊,霸菱成熟及新興市場非投資等級債券基金-G類英鎊避險季配息型,yfinance,債券型,全球市場
B24073,2016-10-28,3.4699435234069824,英鎊,霸菱成熟及新興市場非投資等級債券基金-G類英鎊避險季配息型,yfinance,債券型,全球市場
B24073,2016-11-01,3.4100241661071777,英鎊,霸菱成熟及新興市場非投資等級債券基金-G類英鎊避險季配息型,yfinance,債券型,全球市場
B24073,2016-11-02,3.3991289138793945,英鎊,霸菱成熟及新興市場非投資等級債券基金-G類英鎊避險季配息型,yfinance,債券型,全球市場
B24073,2016-11-03,3.393681764602661,英鎊,霸菱成熟及新興市場非投資等級債券基金-G類英鎊避險季配息型,yfinance,債券型,全球市場
B24073,2016-11-04,3.393681764602661,英鎊,霸菱成熟及新興市場非投資等級債券基金-G類英鎊避險季配息型,yfinance,債券型,全球市場
B24073,2016-11-07,3.393681764602661,英鎊,霸菱成熟及新興市場非投資等級債券基金-G類英鎊避險季配息型,yfinance,債券型,全球市場
B24073,2016-11-08,3.4045767784118652,英鎊,霸菱成熟及新興市場非投資等級債券基金-G類英鎊避險季配息型,yfinance,債券型,全球市場
B24073,2016-11-09,3.4045767784118652,英鎊,霸菱成熟及新興市場非投資等級債券基金-G類英鎊避險季配息型,yfinance,債券型,全球市場
B24073,2016-11-10,3.393681764602661,英鎊,霸菱成熟及新興市場非投資等級債券基金-G類英鎊避險季配息型,yfinance,債券型,全球市場
B24073,2016-11-11,3.382786273956299,英鎊,霸菱成熟及新興市場非投資等級債券基金-G類英鎊避險季配息型,yfinance,債券型,全球市場
B24073,2016-11-14,3.3773391246795654,英鎊,霸菱成熟及新興市場非投資等級債券基金-G類英鎊避險季配息型,yfinance,債券型,全球市場
B24073,2016-11-15,3.3555502891540527,英鎊,霸菱成熟及新興市場非投資等級債券基金-G類英鎊避險季配息型,yfinance,債券型,全球市場
B24073,2016-11-16,3.371891975402832,英鎊,霸菱成熟及新興市場非投資等級債券基金-G類英鎊避險季配息型,yfinance,債券型,全球市場
B24073,2016-11-17,3.3664441108703613,英鎊,霸菱成熟及新興市場非投資等級債券基金-G類英鎊避險季配息型,yfinance,債券型,全球市場
B24073,2016-11-18,3.371891975402832,英鎊,霸菱成熟及新興市場非投資等級債券基金-G類英鎊避險季配息型,yfinance,債券型,全球市場
B24073,2016-11-21,3.371891975402832,英鎊,霸菱成熟及新興市場非投資等級債券基金-G類英鎊避險季配息型,yfinance,債券型,全球市場
B24073,2016-11-22,3.3773391246795654,英鎊,霸菱成熟及新興市場非投資等級債券基金-G類英鎊避險季配息型,yfinance,債券型,全球市場
B24073,2016-11-23,3.382786273956299,英鎊,霸菱成熟及新興市場非投資等級債券基金-G類英鎊避險季配息型,yfinance,債券型,全球市場
B24073,2016-11-24,3.3882341384887695,英鎊,霸菱成熟及新興市場非投資等級債券基金-G類英鎊避險季配息型,yfinance,債券型,全球市場
B24073,2016-11-25,3.3882341384887695,英鎊,霸菱成熟及新興市場非投資等級債券基金-G類英鎊避險季配息型,yfinance,債券型,全球市場
B24073,2016-11-28,3.3882341384887695,英鎊,霸菱成熟及新興市場非投資等級債券基金-G類英鎊避險季配息型,yfinance,債券型,全球市場
B24073,2016-11-29,3.3882341384887695,英鎊,霸菱成熟及新興市場非投資等級債券基金-G類英鎊避險季配息型,yfinance,債券型,全球市場
B24073,2016-11-30,3.393681764602661,英鎊,霸菱成熟及新興市場非投資等級債券基金-G類英鎊避險季配息型,yfinance,債券型,全球市場
B24073,2016-12-01,3.3991289138793945,英鎊,霸菱成熟及新興市場非投資等級債券基金-G類英鎊避險季配息型,yfinance,債券型,全球市場
B24073,2016-12-02,3.3991289138793945,英鎊,霸菱成熟及新興市場非投資等級債券基金-G類英鎊避險季配息型,yfinance,債券型,全球市場
B24073,2016-12-05,3.3991289138793945,英鎊,霸菱成熟及新興市場非投資等級債券基金-G類英鎊避險季配息型,yfinance,債券型,全球市場
B24073,2016-12-06,3.4045767784118652,英鎊,霸菱成熟及新興市場非投資等級債券基金-G類英鎊避險季配息型,yfinance,債券型,全球市場
B24073,2016-12-07,3.4209179878234863,英鎊,霸菱成熟及新興市場非投資等級債券基金-G類英鎊避險季配息型,yfinance,債券型,全球市場
B24073,2016-12-08,3.4318125247955322,英鎊,霸菱成熟及新興市場非投資等級債券基金-G類英鎊避險季配息型,yfinance,債券型,全球市場
B24073,2016-12-09,3.4372596740722656,英鎊,霸菱成熟及新興市場非投資等級債券基金-G類英鎊避險季配息型,yfinance,債券型,全球市場
B24073,2016-12-12,3.4427080154418945,英鎊,霸菱成熟及新興市場非投資等級債券基金-G類英鎊避險季配息型,yfinance,債券型,全球市場
B24073,2016-12-13,3.448155403137207,英鎊,霸菱成熟及新興市場非投資等級債券基金-G類英鎊避險季配息型,yfinance,債券型,全球市場
B24073,2016-12-14,3.448155403137207,英鎊,霸菱成熟及新興市場非投資等級債券基金-G類英鎊避險季配息型,yfinance,債券型,全球市場
B24073,2016-12-15,3.448155403137207,英鎊,霸菱成熟及新興市場非投資等級債券基金-G類英鎊避險季配息型,yfinance,債券型,全球市場
B24073,2016-12-16,3.4427080154418945,英鎊,霸菱成熟及新興市場非投資等級債券基金-G類英鎊避險季配息型,yfinance,債券型,全球市場
B24073,2016-12-19,3.4427080154418945,英鎊,霸菱成熟及新興市場非投資等級債券基金-G類英鎊避險季配息型,yfinance,債券型,全球市場
B24073,2016-12-20,3.4427080154418945,英鎊,霸菱成熟及新興市場非投資等級債券基金-G類英鎊避險季配息型,yfinance,債券型,全球市場
B24073,2016-12-21,3.4536025524139404,英鎊,霸菱成熟及新興市場非投資等級債券基金-G類英鎊避險季配息型,yfinance,債券型,全球市場
B24073,2016-12-22,3.4536025524139404,英鎊,霸菱成熟及新興市場非投資等級債券基金-G類英鎊避險季配息型,yfinance,債券型,全球市場
B24073,2016-12-23,3.4536025524139404,英鎊,霸菱成熟及新興市場非投資等級債券基金-G類英鎊避險季配息型,yfinance,債券型,全球市場
B24073,2016-12-29,3.464496612548828,英鎊,霸菱成熟及新興市場非投資等級債券基金-G類英鎊避險季配息型,yfinance,債券型,全球市場
B24073,2016-12-30,3.464496612548828,英鎊,霸菱成熟及新興市場非投資等級債券基金-G類英鎊避險季配息型,yfinance,債券型,全球市場
B40022,2016-01-04,2.756999969482422,英鎊,GAM Star歐洲股票基金累積單位-英鎊,yfinance,股票型,歐洲(含歐元區)
B40022,2016-01-05,2.7502999305725098,英鎊,GAM Star歐洲股票基金累積單位-英鎊,yfinance,股票型,歐洲(含歐元區)
B40022,2016-01-06,2.7307000160217285,英鎊,GAM Star歐洲股票基金累積單位-英鎊,yfinance,股票型,歐洲(含歐元區)
B40022,2016-01-07,2.705399990081787,英鎊,GAM Star歐洲股票基金累積單位-英鎊,yfinance,股票型,歐洲(含歐元區)
B40022,2016-01-08,2.705699920654297,英鎊,GAM Star歐洲股票基金累積單位-英鎊,yfinance,股票型,歐洲(含歐元區)
B40022,2016-01-11,2.677999973297119,英鎊,GAM Star歐洲股票基金累積單位-英鎊,yfinance,股票型,歐洲(含歐元區)
B40022,2016-01-12,2.7298998832702637,英鎊,GAM Star歐洲股票基金累積單位-英鎊,yfinance,股票型,歐洲(含歐元區)
B40022,2016-01-13,2.7139999866485596,英鎊,GAM Star歐洲股票基金累積單位-英鎊,yfinance,股票型,歐洲(含歐元區)
B40022,2016-01-14,2.660099983215332,英鎊,GAM Star歐洲股票基金累積單位-英鎊,yfinance,股票型,歐洲(含歐元區)
B40022,2016-01-15,2.635499954223633,英鎊,GAM Star歐洲股票基金累積單位-英鎊,yfinance,股票型,歐洲(含歐元區)
B40022,2016-01-18,2.6071999073028564,英鎊,GAM Star歐洲股票基金累積單位-英鎊,yfinance,股票型,歐洲(含歐元區)
B40022,2016-01-19,2.687700033187866,英鎊,GAM Star歐洲股票基金累積單位-英鎊,yfinance,股票型,歐洲(含歐元區)
B40022,2016-01-20,2.5959999561309814,英鎊,GAM Star歐洲股票基金累積單位-英鎊,yfinance,股票型,歐洲(含歐元區)
B40022,2016-01-21,2.6379001140594482,英鎊,GAM Star歐洲股票基金累積單位-英鎊,yfinance,股票型,歐洲(含歐元區)
B40022,2016-01-22,2.6735000610351562,英鎊,GAM Star歐洲股票基金累積單位-英鎊,yfinance,股票型,歐洲(含歐元區)
B40022,2016-01-25,2.68179988861084,英鎊,GAM Star歐洲股票基金累積單位-英鎊,yfinance,股票型,歐洲(含歐元區)
B40022,2016-01-26,2.696199893951416,英鎊,GAM Star歐洲股票基金累積單位-英鎊,yfinance,股票型,歐洲(含歐元區)
B40022,2016-01-27,2.725100040435791,英鎊,GAM Star歐洲股票基金累積單位-英鎊,yfinance,股票型,歐洲(含歐元區)
B40022,2016-01-28,2.664599895477295,英鎊,GAM Star歐洲股票基金累積單位-英鎊,yfinance,股票型,歐洲(含歐元區)
B40022,2016-01-29,2.7374000549316406,英鎊,GAM Star歐洲股票基金累積單位-英鎊,yfinance,股票型,歐洲(含歐元區)
B40022,2016-02-01,2.722100019454956,英鎊,GAM Star歐洲股票基金累積單位-英鎊,yfinance,股票型,歐洲(含歐元區)
B40022,2016-02-02,2.6709001064300537,英鎊,GAM Star歐洲股票基金累積單位-英鎊,yfinance,股票型,歐洲(含歐元區)
B40022,2016-02-03,2.628000020980835,英鎊,GAM Star歐洲股票基金累積單位-英鎊,yfinance,股票型,歐洲(含歐元區)
B40022,2016-02-04,2.64739990234375,英鎊,GAM Star歐洲股票基金累積單位-英鎊,yfinance,股票型,歐洲(含歐元區)
B40022,2016-02-05,2.6333999633789062,英鎊,GAM Star歐洲股票基金累積單位-英鎊,yfinance,股票型,歐洲(含歐元區)
B40022,2016-02-08,2.5436999797821045,英鎊,GAM Star歐洲股票基金累積單位-英鎊,yfinance,股票型,歐洲(含歐元區)
B40022,2016-02-09,2.52839994430542,英鎊,GAM Star歐洲股票基金累積單位-英鎊,yfinance,股票型,歐洲(含歐元區)
B40022,2016-02-10,2.5638999938964844,英鎊,GAM Star歐洲股票基金累積單位-英鎊,yfinance,股票型,歐洲(含歐元區)
B40022,2016-02-11,2.5009000301361084,英鎊,GAM Star歐洲股票基金累積單位-英鎊,yfinance,股票型,歐洲(含歐元區)
B40022,2016-02-12,2.5178000926971436,英鎊,GAM Star歐洲股票基金累積單位-英鎊,yfinance,股票型,歐洲(含歐元區)
B40022,2016-02-15,2.572499990463257,英鎊,GAM Star歐洲股票基金累積單位-英鎊,yfinance,股票型,歐洲(含歐元區)
B40022,2016-02-16,2.588599920272827,英鎊,GAM Star歐洲股票基金累積單位-英鎊,yfinance,股票型,歐洲(含歐元區)
B40022,2016-02-17,2.6579999923706055,英鎊,GAM Star歐洲股票基金累積單位-英鎊,yfinance,股票型,歐洲(含歐元區)
B40022,2016-02-18,2.6621999740600586,英鎊,GAM Star歐洲股票基金累積單位-英鎊,yfinance,股票型,歐洲(含歐元區)
B40022,2016-02-19,2.6605000495910645,英鎊,GAM Star歐洲股票基金累積單位-英鎊,yfinance,股票型,歐洲(含歐元區)
B40022,2016-02-22,2.6998000144958496,英鎊,GAM Star歐洲股票基金累積單位-英鎊,yfinance,股票型,歐洲(含歐元區)
B40022,2016-02-23,2.6868999004364014,英鎊,GAM Star歐洲股票基金累積單位-英鎊,yfinance,股票型,歐洲(含歐元區)
B40022,2016-02-24,2.6382999420166016,英鎊,GAM Star歐洲股票基金累積單位-英鎊,yfinance,股票型,歐洲(含歐元區)
B40022,2016-02-25,2.6698999404907227,英鎊,GAM Star歐洲股票基金累積單位-英鎊,yfinance,股票型,歐洲(含歐元區)
B40022,2016-02-26,2.695499897003174,英鎊,GAM Star歐洲股票基金累積單位-英鎊,yfinance,股票型,歐洲(含歐元區)
B40022,2016-02-29,2.690200090408325,英鎊,GAM Star歐洲股票基金累積單位-英鎊,yfinance,股票型,歐洲(含歐元區)
B40022,2016-03-01,2.7518999576568604,英鎊,GAM Star歐洲股票基金累積單位-英鎊,yfinance,股票型,歐洲(含歐元區)
B40022,2016-03-02,2.7197999954223633,英鎊,GAM Star歐洲股票基金累積單位-英鎊,yfinance,股票型,歐洲(含歐元區)
B40022,2016-03-03,2.7246999740600586,英鎊,GAM Star歐洲股票基金累積單位-英鎊,yfinance,股票型,歐洲(含歐元區)
B40022,2016-03-04,2.7421998977661133,英鎊,GAM Star歐洲股票基金累積單位-英鎊,yfinance,股票型,歐洲(含歐元區)
B40022,2016-03-07,2.734499931335449,英鎊,GAM Star歐洲股票基金累積單位-英鎊,yfinance,股票型,歐洲(含歐元區)
B40022,2016-03-08,2.7170000076293945,英鎊,GAM Star歐洲股票基金累積單位-英鎊,yfinance,股票型,歐洲(含歐元區)
B40022,2016-03-09,2.712899923324585,英鎊,GAM Star歐洲股票基金累積單位-英鎊,yfinance,股票型,歐洲(含歐元區)
B40022,2016-03-10,2.686800003051758,英鎊,GAM Star歐洲股票基金累積單位-英鎊,yfinance,股票型,歐洲(含歐元區)
B40022,2016-03-11,2.737600088119507,英鎊,GAM Star歐洲股票基金累積單位-英鎊,yfinance,股票型,歐洲(含歐元區)
B40022,2016-03-14,2.765399932861328,英鎊,GAM Star歐洲股票基金累積單位-英鎊,yfinance,股票型,歐洲(含歐元區)
B40022,2016-03-15,2.765399932861328,英鎊,GAM Star歐洲股票基金累積單位-英鎊,yfinance,股票型,歐洲(含歐元區)
B40022,2016-03-16,2.782099962234497,英鎊,GAM Star歐洲股票基金累積單位-英鎊,yfinance,股票型,歐洲(含歐元區)
B40022,2016-03-18,2.7572999000549316,英鎊,GAM Star歐洲股票基金累積單位-英鎊,yfinance,股票型,歐洲(含歐元區)
B40022,2016-03-21,2.763700008392334,英鎊,GAM Star歐洲股票基金累積單位-英鎊,yfinance,股票型,歐洲(含歐元區)
B40022,2016-03-22,2.787600040435791,英鎊,GAM Star歐洲股票基金累積單位-英鎊,yfinance,股票型,歐洲(含歐元區)
B40022,2016-03-23,2.80649995803833,英鎊,GAM Star歐洲股票基金累積單位-英鎊,yfinance,股票型,歐洲(含歐元區)
B40022,2016-03-24,2.750499963760376,英鎊,GAM Star歐洲股票基金累積單位-英鎊,yfinance,股票型,歐洲(含歐元區)
B40022,2016-03-29,2.750499963760376,英鎊,GAM Star歐洲股票基金累積單位-英鎊,yfinance,股票型,歐洲(含歐元區)
B40022,2016-03-30,2.7988998889923096,英鎊,GAM Star歐洲股票基金累積單位-英鎊,yfinance,股票型,歐洲(含歐元區)
B40022,2016-03-31,2.7927000522613525,英鎊,GAM Star歐洲股票基金累積單位-英鎊,yfinance,股票型,歐洲(含歐元區)
B40022,2016-04-01,2.786900043487549,英鎊,GAM Star歐洲股票基金累積單位-英鎊,yfinance,股票型,歐洲(含歐元區)
B40022,2016-04-04,2.7827999591827393,英鎊,GAM Star歐洲股票基金累積單位-英鎊,yfinance,股票型,歐洲(含歐元區)
B40022,2016-04-05,2.756999969482422,英鎊,GAM Star歐洲股票基金累積單位-英鎊,yfinance,股票型,歐洲(含歐元區)
B40022,2016-04-06,2.7776999473571777,英鎊,GAM Star歐洲股票基金累積單位-英鎊,yfinance,股票型,歐洲(含歐元區)
B40022,2016-04-07,2.753000020980835,英鎊,GAM Star歐洲股票基金累積單位-英鎊,yfinance,股票型,歐洲(含歐元區)
B40022,2016-04-08,2.786400079727173,英鎊,GAM Star歐洲股票基金累積單位-英鎊,yfinance,股票型,歐洲(含歐元區)
B40022,2016-04-11,2.766200065612793,英鎊,GAM Star歐洲股票基金累積單位-英鎊,yfinance,股票型,歐洲(含歐元區)
B40022,2016-04-12,2.7762999534606934,英鎊,GAM Star歐洲股票基金累積單位-英鎊,yfinance,股票型,歐洲(含歐元區)
B40022,2016-04-13,2.821500062942505,英鎊,GAM Star歐洲股票基金累積單位-英鎊,yfinance,股票型,歐洲(含歐元區)
B40022,2016-04-14,2.836199998855591,英鎊,GAM Star歐洲股票基金累積單位-英鎊,yfinance,股票型,歐洲(含歐元區)
B40022,2016-04-15,2.8236000537872314,英鎊,GAM Star歐洲股票基金累積單位-英鎊,yfinance,股票型,歐洲(含歐元區)
B40022,2016-04-18,2.8208999633789062,英鎊,GAM Star歐洲股票基金累積單位-英鎊,yfinance,股票型,歐洲(含歐元區)
B40022,2016-04-19,2.8548998832702637,英鎊,GAM Star歐洲股票基金累積單位-英鎊,yfinance,股票型,歐洲(含歐元區)
B40022,2016-04-20,2.8570001125335693,英鎊,GAM Star歐洲股票基金累積單位-英鎊,yfinance,股票型,歐洲(含歐元區)
B40022,2016-04-21,2.842099905014038,英鎊,GAM Star歐洲股票基金累積單位-英鎊,yfinance,股票型,歐洲(含歐元區)
B40022,2016-04-22,2.8008999824523926,英鎊,GAM Star歐洲股票基金累積單位-英鎊,yfinance,股票型,歐洲(含歐元區)
B40022,2016-04-25,2.782599925994873,英鎊,GAM Star歐洲股票基金累積單位-英鎊,yfinance,股票型,歐洲(含歐元區)
B40022,2016-04-26,2.7850000858306885,英鎊,GAM Star歐洲股票基金累積單位-英鎊,yfinance,股票型,歐洲(含歐元區)
B40022,2016-04-27,2.8155999183654785,英鎊,GAM Star歐洲股票基金累積單位-英鎊,yfinance,股票型,歐洲(含歐元區)
B40022,2016-04-28,2.809999942779541,英鎊,GAM Star歐洲股票基金累積單位-英鎊,yfinance,股票型,歐洲(含歐元區)
B40022,2016-04-29,2.7751998901367188,英鎊,GAM Star歐洲股票基金累積單位-英鎊,yfinance,股票型,歐洲(含歐元區)
B40022,2016-05-03,2.7725000381469727,英鎊,GAM Star歐洲股票基金累積單位-英鎊,yfinance,股票型,歐洲(含歐元區)
B40022,2016-05-04,2.756500005722046,英鎊,GAM Star歐洲股票基金累積單位-英鎊,yfinance,股票型,歐洲(含歐元區)
B40022,2016-05-05,2.7376999855041504,英鎊,GAM Star歐洲股票基金累積單位-英鎊,yfinance,股票型,歐洲(含歐元區)
B40022,2016-05-06,2.7490999698638916,英鎊,GAM Star歐洲股票基金累積單位-英鎊,yfinance,股票型,歐洲(含歐元區)
B40022,2016-05-09,2.770900011062622,英鎊,GAM Star歐洲股票基金累積單位-英鎊,yfinance,股票型,歐洲(含歐元區)
B40022,2016-05-10,2.7797999382019043,英鎊,GAM Star歐洲股票基金累積單位-英鎊,yfinance,股票型,歐洲(含歐元區)
B40022,2016-05-11,2.779900074005127,英鎊,GAM Star歐洲股票基金累積單位-英鎊,yfinance,股票型,歐洲(含歐元區)
B40022,2016-05-12,2.7572999000549316,英鎊,GAM Star歐洲股票基金累積單位-英鎊,yfinance,股票型,歐洲(含歐元區)
B40022,2016-05-13,2.7774999141693115,英鎊,GAM Star歐洲股票基金累積單位-英鎊,yfinance,股票型,歐洲(含歐元區)
B40022,2016-05-16,2.7802000045776367,英鎊,GAM Star歐洲股票基金累積單位-英鎊,yfinance,股票型,歐洲(含歐元區)
B40022,2016-05-17,2.758699893951416,英鎊,GAM Star歐洲股票基金累積單位-英鎊,yfinance,股票型,歐洲(含歐元區)
B40022,2016-05-18,2.7372000217437744,英鎊,GAM Star歐洲股票基金累積單位-英鎊,yfinance,股票型,歐洲(含歐元區)
B40022,2016-05-19,2.7039999961853027,英鎊,GAM Star歐洲股票基金累積單位-英鎊,yfinance,股票型,歐洲(含歐元區)
B40022,2016-05-20,2.7555999755859375,英鎊,GAM Star歐洲股票基金累積單位-英鎊,yfinance,股票型,歐洲(含歐元區)
B40022,2016-05-23,2.753999948501587,英鎊,GAM Star歐洲股票基金累積單位-英鎊,yfinance,股票型,歐洲(含歐元區)
B40022,2016-05-24,2.7725000381469727,英鎊,GAM Star歐洲股票基金累積單位-英鎊,yfinance,股票型,歐洲(含歐元區)
B40022,2016-05-25,2.7776999473571777,英鎊,GAM Star歐洲股票基金累積單位-英鎊,yfinance,股票型,歐洲(含歐元區)
B40022,2016-05-26,2.8043999671936035,英鎊,GAM Star歐洲股票基金累積單位-英鎊,yfinance,股票型,歐洲(含歐元區)
B40022,2016-05-27,2.813499927520752,英鎊,GAM Star歐洲股票基金累積單位-英鎊,yfinance,股票型,歐洲(含歐元區)
B40022,2016-05-31,2.8190999031066895,英鎊,GAM Star歐洲股票基金累積單位-英鎊,yfinance,股票型,歐洲(含歐元區)
B40022,2016-06-01,2.8306000232696533,英鎊,GAM Star歐洲股票基金累積單位-英鎊,yfinance,股票型,歐洲(含歐元區)
B40022,2016-06-02,2.8266000747680664,英鎊,GAM Star歐洲股票基金累積單位-英鎊,yfinance,股票型,歐洲(含歐元區)
B40022,2016-06-03,2.8301000595092773,英鎊,GAM Star歐洲股票基金累積單位-英鎊,yfinance,股票型,歐洲(含歐元區)
B40022,2016-06-07,2.8624000549316406,英鎊,GAM Star歐洲股票基金累積單位-英鎊,yfinance,股票型,歐洲(含歐元區)
B40022,2016-06-08,2.8434998989105225,英鎊,GAM Star歐洲股票基金累積單位-英鎊,yfinance,股票型,歐洲(含歐元區)
B40022,2016-06-09,2.8187999725341797,英鎊,GAM Star歐洲股票基金累積單位-英鎊,yfinance,股票型,歐洲(含歐元區)
B40022,2016-06-10,2.7613000869750977,英鎊,GAM Star歐洲股票基金累積單位-英鎊,yfinance,股票型,歐洲(含歐元區)
B40022,2016-06-13,2.7200000286102295,英鎊,GAM Star歐洲股票基金累積單位-英鎊,yfinance,股票型,歐洲(含歐元區)
B40022,2016-06-14,2.6791999340057373,英鎊,GAM Star歐洲股票基金累積單位-英鎊,yfinance,股票型,歐洲(含歐元區)
B40022,2016-06-15,2.6956000328063965,英鎊,GAM Star歐洲股票基金累積單位-英鎊,yfinance,股票型,歐洲(含歐元區)
B40022,2016-06-16,2.671600103378296,英鎊,GAM Star歐洲股票基金累積單位-英鎊,yfinance,股票型,歐洲(含歐元區)
B40022,2016-06-17,2.687000036239624,英鎊,GAM Star歐洲股票基金累積單位-英鎊,yfinance,股票型,歐洲(含歐元區)
B40022,2016-06-20,2.730600118637085,英鎊,GAM Star歐洲股票基金累積單位-英鎊,yfinance,股票型,歐洲(含歐元區)
B40022,2016-06-21,2.7279999256134033,英鎊,GAM Star歐洲股票基金累積單位-英鎊,yfinance,股票型,歐洲(含歐元區)
B40022,2016-06-22,2.737799882888794,英鎊,GAM Star歐洲股票基金累積單位-英鎊,yfinance,股票型,歐洲(含歐元區)
B40022,2016-06-23,2.768399953842163,英鎊,GAM Star歐洲股票基金累積單位-英鎊,yfinance,股票型,歐洲(含歐元區)
B40022,2016-06-24,2.7037999629974365,英鎊,GAM Star歐洲股票基金累積單位-英鎊,yfinance,股票型,歐洲(含歐元區)
B40022,2016-06-27,2.6345999240875244,英鎊,GAM Star歐洲股票基金累積單位-英鎊,yfinance,股票型,歐洲(含歐元區)
B40022,2016-06-28,2.6791000366210938,英鎊,GAM Star歐洲股票基金累積單位-英鎊,yfinance,股票型,歐洲(含歐元區)
B40022,2016-06-29,2.7151999473571777,英鎊,GAM Star歐洲股票基金累積單位-英鎊,yfinance,股票型,歐洲(含歐元區)
B40022,2016-06-30,2.766700029373169,英鎊,GAM Star歐洲股票基金累積單位-英鎊,yfinance,股票型,歐洲(含歐元區)
B40022,2016-07-01,2.831399917602539,英鎊,GAM Star歐洲股票基金累積單位-英鎊,yfinance,股票型,歐洲(含歐元區)
B40022,2016-07-04,2.786900043487549,英鎊,GAM Star歐洲股票基金累積單位-英鎊,yfinance,股票型,歐洲(含歐元區)
B40022,2016-07-05,2.7706000804901123,英鎊,GAM Star歐洲股票基金累積單位-英鎊,yfinance,股票型,歐洲(含歐元區)
B40022,2016-07-06,2.757699966430664,英鎊,GAM Star歐洲股票基金累積單位-英鎊,yfinance,股票型,歐洲(含歐元區)
B40022,2016-07-07,2.7844998836517334,英鎊,GAM Star歐洲股票基金累積單位-英鎊,yfinance,股票型,歐洲(含歐元區)
B40022,2016-07-08,2.8236000537872314,英鎊,GAM Star歐洲股票基金累積單位-英鎊,yfinance,股票型,歐洲(含歐元區)
B40022,2016-07-11,2.8729000091552734,英鎊,GAM Star歐洲股票基金累積單位-英鎊,yfinance,股票型,歐洲(含歐元區)
B40022,2016-07-12,2.875999927520752,英鎊,GAM Star歐洲股票基金累積單位-英鎊,yfinance,股票型,歐洲(含歐元區)
B40022,2016-07-13,2.870800018310547,英鎊,GAM Star歐洲股票基金累積單位-英鎊,yfinance,股票型,歐洲(含歐元區)
B40022,2016-07-14,2.87719988822937,英鎊,GAM Star歐洲股票基金累積單位-英鎊,yfinance,股票型,歐洲(含歐元區)
B40022,2016-07-15,2.8770999908447266,英鎊,GAM Star歐洲股票基金累積單位-英鎊,yfinance,股票型,歐洲(含歐元區)
B40022,2016-07-18,2.875,英鎊,GAM Star歐洲股票基金累積單位-英鎊,yfinance,股票型,歐洲(含歐元區)
B40022,2016-07-19,2.9012999534606934,英鎊,GAM Star歐洲股票基金累積單位-英鎊,yfinance,股票型,歐洲(含歐元區)
B40022,2016-07-20,2.927999973297119,英鎊,GAM Star歐洲股票基金累積單位-英鎊,yfinance,股票型,歐洲(含歐元區)
B40022,2016-07-21,2.9052999019622803,英鎊,GAM Star歐洲股票基金累積單位-英鎊,yfinance,股票型,歐洲(含歐元區)
B40022,2016-07-22,2.92549991607666,英鎊,GAM Star歐洲股票基金累積單位-英鎊,yfinance,股票型,歐洲(含歐元區)
B40022,2016-07-25,2.9333999156951904,英鎊,GAM Star歐洲股票基金累積單位-英鎊,yfinance,股票型,歐洲(含歐元區)
B40022,2016-07-26,2.936500072479248,英鎊,GAM Star歐洲股票基金累積單位-英鎊,yfinance,股票型,歐洲(含歐元區)
B40022,2016-07-27,2.950900077819824,英鎊,GAM Star歐洲股票基金累積單位-英鎊,yfinance,股票型,歐洲(含歐元區)
B40022,2016-07-28,2.95770001411438,英鎊,GAM Star歐洲股票基金累積單位-英鎊,yfinance,股票型,歐洲(含歐元區)
B40022,2016-07-29,2.9749999046325684,英鎊,GAM Star歐洲股票基金累積單位-英鎊,yfinance,股票型,歐洲(含歐元區)
B40022,2016-08-02,2.9258999824523926,英鎊,GAM Star歐洲股票基金累積單位-英鎊,yfinance,股票型,歐洲(含歐元區)
B40022,2016-08-03,2.899600028991699,英鎊,GAM Star歐洲股票基金累積單位-英鎊,yfinance,股票型,歐洲(含歐元區)
B40022,2016-08-04,2.9519999027252197,英鎊,GAM Star歐洲股票基金累積單位-英鎊,yfinance,股票型,歐洲(含歐元區)
B40022,2016-08-05,2.988600015640259,英鎊,GAM Star歐洲股票基金累積單位-英鎊,yfinance,股票型,歐洲(含歐元區)
B40022,2016-08-08,2.9860000610351562,英鎊,GAM Star歐洲股票基金累積單位-英鎊,yfinance,股票型,歐洲(含歐元區)
B40022,2016-08-09,3.0462000370025635,英鎊,GAM Star歐洲股票基金累積單位-英鎊,yfinance,股票型,歐洲(含歐元區)
B40022,2016-08-10,3.053800106048584,英鎊,GAM Star歐洲股票基金累積單位-英鎊,yfinance,股票型,歐洲(含歐元區)
B40022,2016-08-11,3.1006999015808105,英鎊,GAM Star歐洲股票基金累積單位-英鎊,yfinance,股票型,歐洲(含歐元區)
B40022,2016-08-12,3.1103999614715576,英鎊,GAM Star歐洲股票基金累積單位-英鎊,yfinance,股票型,歐洲(含歐元區)
B40022,2016-08-15,3.1338999271392822,英鎊,GAM Star歐洲股票基金累積單位-英鎊,yfinance,股票型,歐洲(含歐元區)
B40022,2016-08-16,3.100600004196167,英鎊,GAM Star歐洲股票基金累積單位-英鎊,yfinance,股票型,歐洲(含歐元區)
B40022,2016-08-17,3.0615999698638916,英鎊,GAM Star歐洲股票基金累積單位-英鎊,yfinance,股票型,歐洲(含歐元區)
B40022,2016-08-18,3.066499948501587,英鎊,GAM Star歐洲股票基金累積單位-英鎊,yfinance,股票型,歐洲(含歐元區)
B40022,2016-08-19,3.0703999996185303,英鎊,GAM Star歐洲股票基金累積單位-英鎊,yfinance,股票型,歐洲(含歐元區)
B40022,2016-08-22,3.0631000995635986,英鎊,GAM Star歐洲股票基金累積單位-英鎊,yfinance,股票型,歐洲(含歐元區)
B40022,2016-08-23,3.0829999446868896,英鎊,GAM Star歐洲股票基金累積單位-英鎊,yfinance,股票型,歐洲(含歐元區)
B40022,2016-08-24,3.0576999187469482,英鎊,GAM Star歐洲股票基金累積單位-英鎊,yfinance,股票型,歐洲(含歐元區)
B40022,2016-08-25,3.05049991607666,英鎊,GAM Star歐洲股票基金累積單位-英鎊,yfinance,股票型,歐洲(含歐元區)
B40022,2016-08-26,3.0620999336242676,英鎊,GAM Star歐洲股票基金累積單位-英鎊,yfinance,股票型,歐洲(含歐元區)
B40022,2016-08-30,3.0548999309539795,英鎊,GAM Star歐洲股票基金累積單位-英鎊,yfinance,股票型,歐洲(含歐元區)
B40022,2016-08-31,3.027400016784668,英鎊,GAM Star歐洲股票基金累積單位-英鎊,yfinance,股票型,歐洲(含歐元區)
B40022,2016-09-01,3.0053000450134277,英鎊,GAM Star歐洲股票基金累積單位-英鎊,yfinance,股票型,歐洲(含歐元區)
B40022,2016-09-02,3.037100076675415,英鎊,GAM Star歐洲股票基金累積單位-英鎊,yfinance,股票型,歐洲(含歐元區)
B40022,2016-09-05,3.0374999046325684,英鎊,GAM Star歐洲股票基金累積單位-英鎊,yfinance,股票型,歐洲(含歐元區)
B40022,2016-09-06,3.0236001014709473,英鎊,GAM Star歐洲股票基金累積單位-英鎊,yfinance,股票型,歐洲(含歐元區)
B40022,2016-09-07,3.0611000061035156,英鎊,GAM Star歐洲股票基金累積單位-英鎊,yfinance,股票型,歐洲(含歐元區)
B40022,2016-09-08,3.072200059890747,英鎊,GAM Star歐洲股票基金累積單位-英鎊,yfinance,股票型,歐洲(含歐元區)
B40022,2016-09-09,3.034899950027466,英鎊,GAM Star歐洲股票基金累積單位-英鎊,yfinance,股票型,歐洲(含歐元區)
B40022,2016-09-12,3.0000998973846436,英鎊,GAM Star歐洲股票基金累積單位-英鎊,yfinance,股票型,歐洲(含歐元區)
B40022,2016-09-13,3.015500068664551,英鎊,GAM Star歐洲股票基金累積單位-英鎊,yfinance,股票型,歐洲(含歐元區)
B40022,2016-09-14,3.0136001110076904,英鎊,GAM Star歐洲股票基金累積單位-英鎊,yfinance,股票型,歐洲(含歐元區)
B40022,2016-09-15,3.0255000591278076,英鎊,GAM Star歐洲股票基金累積單位-英鎊,yfinance,股票型,歐洲(含歐元區)
B40022,2016-09-16,3.011399984359741,英鎊,GAM Star歐洲股票基金累積單位-英鎊,yfinance,股票型,歐洲(含歐元區)
B40022,2016-09-19,3.051500082015991,英鎊,GAM Star歐洲股票基金累積單位-英鎊,yfinance,股票型,歐洲(含歐元區)
B40022,2016-09-20,3.0792999267578125,英鎊,GAM Star歐洲股票基金累積單位-英鎊,yfinance,股票型,歐洲(含歐元區)
B40022,2016-09-21,3.0824999809265137,英鎊,GAM Star歐洲股票基金累積單位-英鎊,yfinance,股票型,歐洲(含歐元區)
B40022,2016-09-22,3.126300096511841,英鎊,GAM Star歐洲股票基金累積單位-英鎊,yfinance,股票型,歐洲(含歐元區)
B40022,2016-09-23,3.134999990463257,英鎊,GAM Star歐洲股票基金累積單位-英鎊,yfinance,股票型,歐洲(含歐元區)
B40022,2016-09-26,3.0994999408721924,英鎊,GAM Star歐洲股票基金累積單位-英鎊,yfinance,股票型,歐洲(含歐元區)
B40022,2016-09-27,3.0703999996185303,英鎊,GAM Star歐洲股票基金累積單位-英鎊,yfinance,股票型,歐洲(含歐元區)
B40022,2016-09-28,3.088599920272827,英鎊,GAM Star歐洲股票基金累積單位-英鎊,yfinance,股票型,歐洲(含歐元區)
B40022,2016-09-29,3.0845000743865967,英鎊,GAM Star歐洲股票基金累積單位-英鎊,yfinance,股票型,歐洲(含歐元區)
B40022,2016-09-30,3.0817999839782715,英鎊,GAM Star歐洲股票基金累積單位-英鎊,yfinance,股票型,歐洲(含歐元區)
B40022,2016-10-03,3.115600109100342,英鎊,GAM Star歐洲股票基金累積單位-英鎊,yfinance,股票型,歐洲(含歐元區)
B40022,2016-10-04,3.146199941635132,英鎊,GAM Star歐洲股票基金累積單位-英鎊,yfinance,股票型,歐洲(含歐元區)
B40022,2016-10-05,3.14520001411438,英鎊,GAM Star歐洲股票基金累積單位-英鎊,yfinance,股票型,歐洲(含歐元區)
B40022,2016-10-06,3.143199920654297,英鎊,GAM Star歐洲股票基金累積單位-英鎊,yfinance,股票型,歐洲(含歐元區)
B40022,2016-10-07,3.1379001140594482,英鎊,GAM Star歐洲股票基金累積單位-英鎊,yfinance,股票型,歐洲(含歐元區)
B40022,2016-10-10,3.171299934387207,英鎊,GAM Star歐洲股票基金累積單位-英鎊,yfinance,股票型,歐洲(含歐元區)
B40022,2016-10-11,3.178499937057495,英鎊,GAM Star歐洲股票基金累積單位-英鎊,yfinance,股票型,歐洲(含歐元區)
B40022,2016-10-12,3.1689999103546143,英鎊,GAM Star歐洲股票基金累積單位-英鎊,yfinance,股票型,歐洲(含歐元區)
B40022,2016-10-13,3.157900094985962,英鎊,GAM Star歐洲股票基金累積單位-英鎊,yfinance,股票型,歐洲(含歐元區)
B40022,2016-10-14,3.1791000366210938,英鎊,GAM Star歐洲股票基金累積單位-英鎊,yfinance,股票型,歐洲(含歐元區)
B40022,2016-10-17,3.1621999740600586,英鎊,GAM Star歐洲股票基金累積單位-英鎊,yfinance,股票型,歐洲(含歐元區)
B40022,2016-10-18,3.161400079727173,英鎊,GAM Star歐洲股票基金累積單位-英鎊,yfinance,股票型,歐洲(含歐元區)
B40022,2016-10-19,3.1796998977661133,英鎊,GAM Star歐洲股票基金累積單位-英鎊,yfinance,股票型,歐洲(含歐元區)
B40022,2016-10-20,3.1902999877929688,英鎊,GAM Star歐洲股票基金累積單位-英鎊,yfinance,股票型,歐洲(含歐元區)
B40022,2016-10-21,3.1777000427246094,英鎊,GAM Star歐洲股票基金累積單位-英鎊,yfinance,股票型,歐洲(含歐元區)
B40022,2016-10-24,3.1789000034332275,英鎊,GAM Star歐洲股票基金累積單位-英鎊,yfinance,股票型,歐洲(含歐元區)
B40022,2016-10-25,3.1689999103546143,英鎊,GAM Star歐洲股票基金累積單位-英鎊,yfinance,股票型,歐洲(含歐元區)
B40022,2016-10-26,3.14520001411438,英鎊,GAM Star歐洲股票基金累積單位-英鎊,yfinance,股票型,歐洲(含歐元區)
B40022,2016-10-27,3.1644999980926514,英鎊,GAM Star歐洲股票基金累積單位-英鎊,yfinance,股票型,歐洲(含歐元區)
B40022,2016-10-28,3.155100107192993,英鎊,GAM Star歐洲股票基金累積單位-英鎊,yfinance,股票型,歐洲(含歐元區)
B40022,2016-11-01,3.1249001026153564,英鎊,GAM Star歐洲股票基金累積單位-英鎊,yfinance,股票型,歐洲(含歐元區)
B40022,2016-11-02,3.092099905014038,英鎊,GAM Star歐洲股票基金累積單位-英鎊,yfinance,股票型,歐洲(含歐元區)
B40022,2016-11-03,3.053499937057495,英鎊,GAM Star歐洲股票基金累積單位-英鎊,yfinance,股票型,歐洲(含歐元區)
B40022,2016-11-04,3.0199999809265137,英鎊,GAM Star歐洲股票基金累積單位-英鎊,yfinance,股票型,歐洲(含歐元區)
B40022,2016-11-07,3.070199966430664,英鎊,GAM Star歐洲股票基金累積單位-英鎊,yfinance,股票型,歐洲(含歐元區)
B40022,2016-11-08,3.0792999267578125,英鎊,GAM Star歐洲股票基金累積單位-英鎊,yfinance,股票型,歐洲(含歐元區)
B40022,2016-11-09,3.080399990081787,英鎊,GAM Star歐洲股票基金累積單位-英鎊,yfinance,股票型,歐洲(含歐元區)
B40022,2016-11-10,3.0369999408721924,英鎊,GAM Star歐洲股票基金累積單位-英鎊,yfinance,股票型,歐洲(含歐元區)
B40022,2016-11-11,2.984999895095825,英鎊,GAM Star歐洲股票基金累積單位-英鎊,yfinance,股票型,歐洲(含歐元區)
B40022,2016-11-14,2.9860000610351562,英鎊,GAM Star歐洲股票基金累積單位-英鎊,yfinance,股票型,歐洲(含歐元區)
B40022,2016-11-15,3.0071001052856445,英鎊,GAM Star歐洲股票基金累積單位-英鎊,yfinance,股票型,歐洲(含歐元區)
B40022,2016-11-16,2.9804999828338623,英鎊,GAM Star歐洲股票基金累積單位-英鎊,yfinance,股票型,歐洲(含歐元區)
B40022,2016-11-17,3.000999927520752,英鎊,GAM Star歐洲股票基金累積單位-英鎊,yfinance,股票型,歐洲(含歐元區)
B40022,2016-11-18,3.0006000995635986,英鎊,GAM Star歐洲股票基金累積單位-英鎊,yfinance,股票型,歐洲(含歐元區)
B40022,2016-11-21,2.974400043487549,英鎊,GAM Star歐洲股票基金累積單位-英鎊,yfinance,股票型,歐洲(含歐元區)
B40022,2016-11-22,2.9921000003814697,英鎊,GAM Star歐洲股票基金累積單位-英鎊,yfinance,股票型,歐洲(含歐元區)
B40022,2016-11-23,2.9716999530792236,英鎊,GAM Star歐洲股票基金累積單位-英鎊,yfinance,股票型,歐洲(含歐元區)
B40022,2016-11-24,2.980299949645996,英鎊,GAM Star歐洲股票基金累積單位-英鎊,yfinance,股票型,歐洲(含歐元區)
B40022,2016-11-25,2.9969000816345215,英鎊,GAM Star歐洲股票基金累積單位-英鎊,yfinance,股票型,歐洲(含歐元區)
B40022,2016-11-28,2.9821999073028564,英鎊,GAM Star歐洲股票基金累積單位-英鎊,yfinance,股票型,歐洲(含歐元區)
B40022,2016-11-29,2.9890999794006348,英鎊,GAM Star歐洲股票基金累積單位-英鎊,yfinance,股票型,歐洲(含歐元區)
B40022,2016-11-30,2.985100030899048,英鎊,GAM Star歐洲股票基金累積單位-英鎊,yfinance,股票型,歐洲(含歐元區)
B40022,2016-12-01,2.941999912261963,英鎊,GAM Star歐洲股票基金累積單位-英鎊,yfinance,股票型,歐洲(含歐元區)
B40022,2016-12-02,2.9303998947143555,英鎊,GAM Star歐洲股票基金累積單位-英鎊,yfinance,股票型,歐洲(含歐元區)
B40022,2016-12-05,2.961699962615967,英鎊,GAM Star歐洲股票基金累積單位-英鎊,yfinance,股票型,歐洲(含歐元區)
B40022,2016-12-06,2.9735000133514404,英鎊,GAM Star歐洲股票基金累積單位-英鎊,yfinance,股票型,歐洲(含歐元區)
B40022,2016-12-07,3.0464000701904297,英鎊,GAM Star歐洲股票基金累積單位-英鎊,yfinance,股票型,歐洲(含歐元區)
B40022,2016-12-08,3.0513999462127686,英鎊,GAM Star歐洲股票基金累積單位-英鎊,yfinance,股票型,歐洲(含歐元區)
B40022,2016-12-09,3.0471999645233154,英鎊,GAM Star歐洲股票基金累積單位-英鎊,yfinance,股票型,歐洲(含歐元區)
B40022,2016-12-12,3.031599998474121,英鎊,GAM Star歐洲股票基金累積單位-英鎊,yfinance,股票型,歐洲(含歐元區)
B40022,2016-12-13,3.0578999519348145,英鎊,GAM Star歐洲股票基金累積單位-英鎊,yfinance,股票型,歐洲(含歐元區)
B40022,2016-12-14,3.0383999347686768,英鎊,GAM Star歐洲股票基金累積單位-英鎊,yfinance,股票型,歐洲(含歐元區)
B40022,2016-12-15,3.063699960708618,英鎊,GAM Star歐洲股票基金累積單位-英鎊,yfinance,股票型,歐洲(含歐元區)
B40022,2016-12-16,3.0724000930786133,英鎊,GAM Star歐洲股票基金累積單位-英鎊,yfinance,股票型,歐洲(含歐元區)
B40022,2016-12-19,3.084199905395508,英鎊,GAM Star歐洲股票基金累積單位-英鎊,yfinance,股票型,歐洲(含歐元區)
B40022,2016-12-20,3.091900110244751,英鎊,GAM Star歐洲股票基金累積單位-英鎊,yfinance,股票型,歐洲(含歐元區)
B40022,2016-12-21,3.1012001037597656,英鎊,GAM Star歐洲股票基金累積單位-英鎊,yfinance,股票型,歐洲(含歐元區)
B40022,2016-12-22,3.1294000148773193,英鎊,GAM Star歐洲股票基金累積單位-英鎊,yfinance,股票型,歐洲(含歐元區)
B40022,2016-12-28,3.141700029373169,英鎊,GAM Star歐洲股票基金累積單位-英鎊,yfinance,股票型,歐洲(含歐元區)
B40022,2016-12-29,3.1649999618530273,英鎊,GAM Star歐洲股票基金累積單位-英鎊,yfinance,股票型,歐洲(含歐元區)
B40022,2016-12-30,3.155900001525879,英鎊,GAM Star歐洲股票基金累積單位-英鎊,yfinance,股票型,歐洲(含歐元區)
B03627,2016-01-04,6.941847801208496,英鎊,聯博-美國收益基金AA(穩定月配)英鎊避險級別,yfinance,未分類,美國
B03627,2016-01-05,6.957520008087158,英鎊,聯博-美國收益基金AA(穩定月配)英鎊避險級別,yfinance,未分類,美國
B03627,2016-01-06,6.967962741851807,英鎊,聯博-美國收益基金AA(穩定月配)英鎊避險級別,yfinance,未分類,美國
B03627,2016-01-07,6.962733745574951,英鎊,聯博-美國收益基金AA(穩定月配)英鎊避險級別,yfinance,未分類,美國
B03627,2016-01-08,6.967962741851807,英鎊,聯博-美國收益基金AA(穩定月配)英鎊避險級別,yfinance,未分類,美國
B03627,2016-01-11,6.952295303344727,英鎊,聯博-美國收益基金AA(穩定月配)英鎊避險級別,yfinance,未分類,美國
B03627,2016-01-12,6.962733745574951,英鎊,聯博-美國收益基金AA(穩定月配)英鎊避險級別,yfinance,未分類,美國
B03627,2016-01-13,6.957520008087158,英鎊,聯博-美國收益基金AA(穩定月配)英鎊避險級別,yfinance,未分類,美國
B03627,2016-01-14,6.931400299072266,英鎊,聯博-美國收益基金AA(穩定月配)英鎊避險級別,yfinance,未分類,美國
B03627,2016-01-15,6.91050386428833,英鎊,聯博-美國收益基金AA(穩定月配)英鎊避險級別,yfinance,未分類,美國
B03627,2016-01-19,6.900058746337891,英鎊,聯博-美國收益基金AA(穩定月配)英鎊避險級別,yfinance,未分類,美國
B03627,2016-01-20,6.900058746337891,英鎊,聯博-美國收益基金AA(穩定月配)英鎊避險級別,yfinance,未分類,美國
B03627,2016-01-21,6.884392738342285,英鎊,聯博-美國收益基金AA(穩定月配)英鎊避險級別,yfinance,未分類,美國
B03627,2016-01-22,6.91050386428833,英鎊,聯博-美國收益基金AA(穩定月配)英鎊避險級別,yfinance,未分類,美國
B03627,2016-01-25,6.92095422744751,英鎊,聯博-美國收益基金AA(穩定月配)英鎊避險級別,yfinance,未分類,美國
B03627,2016-01-26,6.931400299072266,英鎊,聯博-美國收益基金AA(穩定月配)英鎊避險級別,yfinance,未分類,美國
B03627,2016-01-27,6.931400299072266,英鎊,聯博-美國收益基金AA(穩定月配)英鎊避險級別,yfinance,未分類,美國
B03627,2016-01-28,6.9470696449279785,英鎊,聯博-美國收益基金AA(穩定月配)英鎊避險級別,yfinance,未分類,美國
B03627,2016-01-29,6.972710609436035,英鎊,聯博-美國收益基金AA(穩定月配)英鎊避險級別,yfinance,未分類,美國
B03627,2016-02-01,6.951694011688232,英鎊,聯博-美國收益基金AA(穩定月配)英鎊避險級別,yfinance,未分類,美國
B03627,2016-02-02,6.956945419311523,英鎊,聯博-美國收益基金AA(穩定月配)英鎊避險級別,yfinance,未分類,美國
B03627,2016-02-03,6.951694011688232,英鎊,聯博-美國收益基金AA(穩定月配)英鎊避險級別,yfinance,未分類,美國
B03627,2016-02-04,6.956945419311523,英鎊,聯博-美國收益基金AA(穩定月配)英鎊避險級別,yfinance,未分類,美國
B03627,2016-02-05,6.951694011688232,英鎊,聯博-美國收益基金AA(穩定月配)英鎊避險級別,yfinance,未分類,美國
B03627,2016-02-08,6.920165538787842,英鎊,聯博-美國收益基金AA(穩定月配)英鎊避險級別,yfinance,未分類,美國
B03627,2016-02-09,6.893898963928223,英鎊,聯博-美國收益基金AA(穩定月配)英鎊避險級別,yfinance,未分類,美國
B03627,2016-02-10,6.9096574783325195,英鎊,聯博-美國收益基金AA(穩定月配)英鎊避險級別,yfinance,未分類,美國
B03627,2016-02-11,6.8833842277526855,英鎊,聯博-美國收益基金AA(穩定月配)英鎊避險級別,yfinance,未分類,美國
B03627,2016-02-12,6.878128528594971,英鎊,聯博-美國收益基金AA(穩定月配)英鎊避險級別,yfinance,未分類,美國
B03627,2016-02-16,6.88864278793335,英鎊,聯博-美國收益基金AA(穩定月配)英鎊避險級別,yfinance,未分類,美國
B03627,2016-02-17,6.9044036865234375,英鎊,聯博-美國收益基金AA(穩定月配)英鎊避險級別,yfinance,未分類,美國
B03627,2016-02-18,6.9359259605407715,英鎊,聯博-美國收益基金AA(穩定月配)英鎊避險級別,yfinance,未分類,美國
B03627,2016-02-19,6.930676460266113,英鎊,聯博-美國收益基金AA(穩定月配)英鎊避險級別,yfinance,未分類,美國
B03627,2016-02-22,6.946440696716309,英鎊,聯博-美國收益基金AA(穩定月配)英鎊避險級別,yfinance,未分類,美國
B03627,2016-02-23,6.951694011688232,英鎊,聯博-美國收益基金AA(穩定月配)英鎊避險級別,yfinance,未分類,美國
B03627,2016-02-24,6.94118595123291,英鎊,聯博-美國收益基金AA(穩定月配)英鎊避險級別,yfinance,未分類,美國
B03627,2016-02-25,6.967459678649902,英鎊,聯博-美國收益基金AA(穩定月配)英鎊避險級別,yfinance,未分類,美國
B03627,2016-02-26,6.967459678649902,英鎊,聯博-美國收益基金AA(穩定月配)英鎊避險級別,yfinance,未分類,美國
B03627,2016-02-29,6.98627233505249,英鎊,聯博-美國收益基金AA(穩定月配)英鎊避險級別,yfinance,未分類,美國
B03627,2016-03-01,6.996837139129639,英鎊,聯博-美國收益基金AA(穩定月配)英鎊避險級別,yfinance,未分類,美國
B03627,2016-03-02,7.017980098724365,英鎊,聯博-美國收益基金AA(穩定月配)英鎊避險級別,yfinance,未分類,美國
B03627,2016-03-03,7.039116859436035,英鎊,聯博-美國收益基金AA(穩定月配)英鎊避險級別,yfinance,未分類,美國
B03627,2016-03-04,7.060254096984863,英鎊,聯博-美國收益基金AA(穩定月配)英鎊避險級別,yfinance,未分類,美國
B03627,2016-03-07,7.060254096984863,英鎊,聯博-美國收益基金AA(穩定月配)英鎊避險級別,yfinance,未分類,美國
B03627,2016-03-08,7.070827960968018,英鎊,聯博-美國收益基金AA(穩定月配)英鎊避險級別,yfinance,未分類,美國
B03627,2016-03-09,7.054973125457764,英鎊,聯博-美國收益基金AA(穩定月配)英鎊避險級別,yfinance,未分類,美國
B03627,2016-03-10,7.060254096984863,英鎊,聯博-美國收益基金AA(穩定月配)英鎊避險級別,yfinance,未分類,美國
B03627,2016-03-11,7.09196138381958,英鎊,聯博-美國收益基金AA(穩定月配)英鎊避險級別,yfinance,未分類,美國
B03627,2016-03-14,7.102534770965576,英鎊,聯博-美國收益基金AA(穩定月配)英鎊避險級別,yfinance,未分類,美國
B03627,2016-03-15,7.08667516708374,英鎊,聯博-美國收益基金AA(穩定月配)英鎊避險級別,yfinance,未分類,美國
B03627,2016-03-16,7.09196138381958,英鎊,聯博-美國收益基金AA(穩定月配)英鎊避險級別,yfinance,未分類,美國
B03627,2016-03-17,7.134241580963135,英鎊,聯博-美國收益基金AA(穩定月配)英鎊避險級別,yfinance,未分類,美國
B03627,2016-03-18,7.16594934463501,英鎊,聯博-美國收益基金AA(穩定月配)英鎊避險級別,yfinance,未分類,美國
B03627,2016-03-21,7.160667896270752,英鎊,聯博-美國收益基金AA(穩定月配)英鎊避險級別,yfinance,未分類,美國
B03627,2016-03-22,7.150093078613281,英鎊,聯博-美國收益基金AA(穩定月配)英鎊避險級別,yfinance,未分類,美國
B03627,2016-03-23,7.16594934463501,英鎊,聯博-美國收益基金AA(穩定月配)英鎊避險級別,yfinance,未分類,美國
B03627,2016-03-24,7.1395263671875,英鎊,聯博-美國收益基金AA(穩定月配)英鎊避險級別,yfinance,未分類,美國
B03627,2016-03-29,7.1553778648376465,英鎊,聯博-美國收益基金AA(穩定月配)英鎊避險級別,yfinance,未分類,美國
B03627,2016-03-30,7.171233654022217,英鎊,聯博-美國收益基金AA(穩定月配)英鎊避險級別,yfinance,未分類,美國
B03627,2016-03-31,7.195464134216309,英鎊,聯博-美國收益基金AA(穩定月配)英鎊避險級別,yfinance,未分類,美國
B03627,2016-04-01,7.195464134216309,英鎊,聯博-美國收益基金AA(穩定月配)英鎊避險級別,yfinance,未分類,美國
B03627,2016-04-04,7.206095218658447,英鎊,聯博-美國收益基金AA(穩定月配)英鎊避險級別,yfinance,未分類,美國
B03627,2016-04-05,7.206095218658447,英鎊,聯博-美國收益基金AA(穩定月配)英鎊避險級別,yfinance,未分類,美國
B03627,2016-04-06,7.211407661437988,英鎊,聯博-美國收益基金AA(穩定月配)英鎊避險級別,yfinance,未分類,美國
B03627,2016-04-07,7.222039699554443,英鎊,聯博-美國收益基金AA(穩定月配)英鎊避險級別,yfinance,未分類,美國
B03627,2016-04-08,7.243292808532715,英鎊,聯博-美國收益基金AA(穩定月配)英鎊避險級別,yfinance,未分類,美國
B03627,2016-04-11,7.227352619171143,英鎊,聯博-美國收益基金AA(穩定月配)英鎊避險級別,yfinance,未分類,美國
B03627,2016-04-12,7.222039699554443,英鎊,聯博-美國收益基金AA(穩定月配)英鎊避險級別,yfinance,未分類,美國
B03627,2016-04-13,7.2539238929748535,英鎊,聯博-美國收益基金AA(穩定月配)英鎊避險級別,yfinance,未分類,美國
B03627,2016-04-14,7.2539238929748535,英鎊,聯博-美國收益基金AA(穩定月配)英鎊避險級別,yfinance,未分類,美國
B03627,2016-04-15,7.259236812591553,英鎊,聯博-美國收益基金AA(穩定月配)英鎊避險級別,yfinance,未分類,美國
B03627,2016-04-18,7.259236812591553,英鎊,聯博-美國收益基金AA(穩定月配)英鎊避險級別,yfinance,未分類,美國
B03627,2016-04-19,7.280492305755615,英鎊,聯博-美國收益基金AA(穩定月配)英鎊避險級別,yfinance,未分類,美國
B03627,2016-04-20,7.280492305755615,英鎊,聯博-美國收益基金AA(穩定月配)英鎊避險級別,yfinance,未分類,美國
B03627,2016-04-21,7.307066917419434,英鎊,聯博-美國收益基金AA(穩定月配)英鎊避險級別,yfinance,未分類,美國
B03627,2016-04-22,7.301754951477051,英鎊,聯博-美國收益基金AA(穩定月配)英鎊避險級別,yfinance,未分類,美國
B03627,2016-04-25,7.296438217163086,英鎊,聯博-美國收益基金AA(穩定月配)英鎊避險級別,yfinance,未分類,美國
B03627,2016-04-26,7.285805702209473,英鎊,聯博-美國收益基金AA(穩定月配)英鎊避險級別,yfinance,未分類,美國
B03627,2016-04-27,7.312379837036133,英鎊,聯博-美國收益基金AA(穩定月配)英鎊避險級別,yfinance,未分類,美國
B03627,2016-04-28,7.328322887420654,英鎊,聯博-美國收益基金AA(穩定月配)英鎊避險級別,yfinance,未分類,美國
B03627,2016-04-29,7.325973033905029,英鎊,聯博-美國收益基金AA(穩定月配)英鎊避險級別,yfinance,未分類,美國
B03627,2016-05-03,7.31528377532959,英鎊,聯博-美國收益基金AA(穩定月配)英鎊避險級別,yfinance,未分類,美國
B03627,2016-05-04,7.304595470428467,英鎊,聯博-美國收益基金AA(穩定月配)英鎊避險級別,yfinance,未分類,美國
B03627,2016-05-06,7.293905735015869,英鎊,聯博-美國收益基金AA(穩定月配)英鎊避險級別,yfinance,未分類,美國
B03627,2016-05-09,7.293905735015869,英鎊,聯博-美國收益基金AA(穩定月配)英鎊避險級別,yfinance,未分類,美國
B03627,2016-05-10,7.309941291809082,英鎊,聯博-美國收益基金AA(穩定月配)英鎊避險級別,yfinance,未分類,美國
B03627,2016-05-11,7.3206281661987305,英鎊,聯博-美國收益基金AA(穩定月配)英鎊避險級別,yfinance,未分類,美國
B03627,2016-05-12,7.309941291809082,英鎊,聯博-美國收益基金AA(穩定月配)英鎊避險級別,yfinance,未分類,美國
B03627,2016-05-13,7.3206281661987305,英鎊,聯博-美國收益基金AA(穩定月配)英鎊避險級別,yfinance,未分類,美國
B03627,2016-05-17,7.309941291809082,英鎊,聯博-美國收益基金AA(穩定月配)英鎊避險級別,yfinance,未分類,美國
B03627,2016-05-18,7.2671990394592285,英鎊,聯博-美國收益基金AA(穩定月配)英鎊避險級別,yfinance,未分類,美國
B03627,2016-05-19,7.256504535675049,英鎊,聯博-美國收益基金AA(穩定月配)英鎊避險級別,yfinance,未分類,美國
B03627,2016-05-20,7.2671990394592285,英鎊,聯博-美國收益基金AA(穩定月配)英鎊避險級別,yfinance,未分類,美國
B03627,2016-05-23,7.272536754608154,英鎊,聯博-美國收益基金AA(穩定月配)英鎊避險級別,yfinance,未分類,美國
B03627,2016-05-24,7.277878761291504,英鎊,聯博-美國收益基金AA(穩定月配)英鎊避險級別,yfinance,未分類,美國
B03627,2016-05-25,7.288567543029785,英鎊,聯博-美國收益基金AA(穩定月配)英鎊避險級別,yfinance,未分類,美國
B03627,2016-05-26,7.299256801605225,英鎊,聯博-美國收益基金AA(穩定月配)英鎊避險級別,yfinance,未分類,美國
B03627,2016-05-27,7.299256801605225,英鎊,聯博-美國收益基金AA(穩定月配)英鎊避險級別,yfinance,未分類,美國
B03627,2016-05-31,7.302262306213379,英鎊,聯博-美國收益基金AA(穩定月配)英鎊避險級別,yfinance,未分類,美國
B03627,2016-06-01,7.291514873504639,英鎊,聯博-美國收益基金AA(穩定月配)英鎊避險級別,yfinance,未分類,美國
B03627,2016-06-02,7.307642459869385,英鎊,聯博-美國收益基金AA(穩定月配)英鎊避險級別,yfinance,未分類,美國
B03627,2016-06-03,7.3452467918396,英鎊,聯博-美國收益基金AA(穩定月配)英鎊避險級別,yfinance,未分類,美國
B03627,2016-06-06,7.355995178222656,英鎊,聯博-美國收益基金AA(穩定月配)英鎊避險級別,yfinance,未分類,美國
B03627,2016-06-07,7.372112274169922,英鎊,聯博-美國收益基金AA(穩定月配)英鎊避險級別,yfinance,未分類,美國
B03627,2016-06-08,7.388233661651611,英鎊,聯博-美國收益基金AA(穩定月配)英鎊避險級別,yfinance,未分類,美國
B03627,2016-06-09,7.372112274169922,英鎊,聯博-美國收益基金AA(穩定月配)英鎊避險級別,yfinance,未分類,美國
B03627,2016-06-10,7.398978233337402,英鎊,聯博-美國收益基金AA(穩定月配)英鎊避險級別,yfinance,未分類,美國
B03627,2016-06-13,7.372112274169922,英鎊,聯博-美國收益基金AA(穩定月配)英鎊避險級別,yfinance,未分類,美國
B03627,2016-06-14,7.372112274169922,英鎊,聯博-美國收益基金AA(穩定月配)英鎊避險級別,yfinance,未分類,美國
B03627,2016-06-15,7.382862567901611,英鎊,聯博-美國收益基金AA(穩定月配)英鎊避險級別,yfinance,未分類,美國
B03627,2016-06-16,7.355995178222656,英鎊,聯博-美國收益基金AA(穩定月配)英鎊避險級別,yfinance,未分類,美國
B03627,2016-06-17,7.350622177124023,英鎊,聯博-美國收益基金AA(穩定月配)英鎊避險級別,yfinance,未分類,美國
B03627,2016-06-20,7.382862567901611,英鎊,聯博-美國收益基金AA(穩定月配)英鎊避險級別,yfinance,未分類,美國
B03627,2016-06-21,7.377490520477295,英鎊,聯博-美國收益基金AA(穩定月配)英鎊避險級別,yfinance,未分類,美國
B03627,2016-06-22,7.388233661651611,英鎊,聯博-美國收益基金AA(穩定月配)英鎊避險級別,yfinance,未分類,美國
B03627,2016-06-24,7.393609046936035,英鎊,聯博-美國收益基金AA(穩定月配)英鎊避險級別,yfinance,未分類,美國
B03627,2016-06-27,7.398978233337402,英鎊,聯博-美國收益基金AA(穩定月配)英鎊避險級別,yfinance,未分類,美國
B03627,2016-06-28,7.415103435516357,英鎊,聯博-美國收益基金AA(穩定月配)英鎊避險級別,yfinance,未分類,美國
B03627,2016-06-29,7.441964149475098,英鎊,聯博-美國收益基金AA(穩定月配)英鎊避險級別,yfinance,未分類,美國
B03627,2016-06-30,7.455800533294678,英鎊,聯博-美國收益基金AA(穩定月配)英鎊避險級別,yfinance,未分類,美國
B03627,2016-07-01,7.455800533294678,英鎊,聯博-美國收益基金AA(穩定月配)英鎊避險級別,yfinance,未分類,美國
B03627,2016-07-05,7.509825706481934,英鎊,聯博-美國收益基金AA(穩定月配)英鎊避險級別,yfinance,未分類,美國
B03627,2016-07-06,7.50442361831665,英鎊,聯博-美國收益基金AA(穩定月配)英鎊避險級別,yfinance,未分類,美國
B03627,2016-07-07,7.520635604858398,英鎊,聯博-美國收益基金AA(穩定月配)英鎊避險級別,yfinance,未分類,美國
B03627,2016-07-08,7.547641277313232,英鎊,聯博-美國收益基金AA(穩定月配)英鎊避險級別,yfinance,未分類,美國
B03627,2016-07-11,7.5584492683410645,英鎊,聯博-美國收益基金AA(穩定月配)英鎊避險級別,yfinance,未分類,美國
B03627,2016-07-12,7.5692596435546875,英鎊,聯博-美國收益基金AA(穩定月配)英鎊避險級別,yfinance,未分類,美國
B03627,2016-07-13,7.574658393859863,英鎊,聯博-美國收益基金AA(穩定月配)英鎊避險級別,yfinance,未分類,美國
B03627,2016-07-14,7.574658393859863,英鎊,聯博-美國收益基金AA(穩定月配)英鎊避險級別,yfinance,未分類,美國
B03627,2016-07-15,7.563849925994873,英鎊,聯博-美國收益基金AA(穩定月配)英鎊避險級別,yfinance,未分類,美國
B03627,2016-07-18,7.5692596435546875,英鎊,聯博-美國收益基金AA(穩定月配)英鎊避險級別,yfinance,未分類,美國
B03627,2016-07-19,7.574658393859863,英鎊,聯博-美國收益基金AA(穩定月配)英鎊避險級別,yfinance,未分類,美國
B03627,2016-07-20,7.574658393859863,英鎊,聯博-美國收益基金AA(穩定月配)英鎊避險級別,yfinance,未分類,美國
B03627,2016-07-21,7.580064296722412,英鎊,聯博-美國收益基金AA(穩定月配)英鎊避險級別,yfinance,未分類,美國
B03627,2016-07-22,7.5854668617248535,英鎊,聯博-美國收益基金AA(穩定月配)英鎊避險級別,yfinance,未分類,美國
B03627,2016-07-25,7.580064296722412,英鎊,聯博-美國收益基金AA(穩定月配)英鎊避險級別,yfinance,未分類,美國
B03627,2016-07-26,7.5692596435546875,英鎊,聯博-美國收益基金AA(穩定月配)英鎊避險級別,yfinance,未分類,美國
B03627,2016-07-27,7.574658393859863,英鎊,聯博-美國收益基金AA(穩定月配)英鎊避險級別,yfinance,未分類,美國
B03627,2016-07-28,7.580064296722412,英鎊,聯博-美國收益基金AA(穩定月配)英鎊避險級別,yfinance,未分類,美國
B03627,2016-07-29,7.588535785675049,英鎊,聯博-美國收益基金AA(穩定月配)英鎊避險級別,yfinance,未分類,美國
B03627,2016-08-01,7.577671051025391,英鎊,聯博-美國收益基金AA(穩定月配)英鎊避險級別,yfinance,未分類,美國
B03627,2016-08-02,7.53964900970459,英鎊,聯博-美國收益基金AA(穩定月配)英鎊避險級別,yfinance,未分類,美國
B03627,2016-08-03,7.56680965423584,英鎊,聯博-美國收益基金AA(穩定月配)英鎊避險級別,yfinance,未分類,美國
B03627,2016-08-04,7.56680965423584,英鎊,聯博-美國收益基金AA(穩定月配)英鎊避險級別,yfinance,未分類,美國
B03627,2016-08-05,7.588535785675049,英鎊,聯博-美國收益基金AA(穩定月配)英鎊避險級別,yfinance,未分類,美國
B03627,2016-08-08,7.588535785675049,英鎊,聯博-美國收益基金AA(穩定月配)英鎊避險級別,yfinance,未分類,美國
B03627,2016-08-09,7.583102226257324,英鎊,聯博-美國收益基金AA(穩定月配)英鎊避險級別,yfinance,未分類,美國
B03627,2016-08-10,7.593968868255615,英鎊,聯博-美國收益基金AA(穩定月配)英鎊避險級別,yfinance,未分類,美國
B03627,2016-08-11,7.604827880859375,英鎊,聯博-美國收益基金AA(穩定月配)英鎊避險級別,yfinance,未分類,美國
B03627,2016-08-12,7.593968868255615,英鎊,聯博-美國收益基金AA(穩定月配)英鎊避險級別,yfinance,未分類,美國
B03627,2016-08-16,7.615697383880615,英鎊,聯博-美國收益基金AA(穩定月配)英鎊避險級別,yfinance,未分類,美國
B03627,2016-08-17,7.615697383880615,英鎊,聯博-美國收益基金AA(穩定月配)英鎊避險級別,yfinance,未分類,美國
B03627,2016-08-18,7.626562118530273,英鎊,聯博-美國收益基金AA(穩定月配)英鎊避險級別,yfinance,未分類,美國
B03627,2016-08-19,7.593968868255615,英鎊,聯博-美國收益基金AA(穩定月配)英鎊避險級別,yfinance,未分類,美國
B03627,2016-08-22,7.621126174926758,英鎊,聯博-美國收益基金AA(穩定月配)英鎊避險級別,yfinance,未分類,美國
B03627,2016-08-23,7.599396228790283,英鎊,聯博-美國收益基金AA(穩定月配)英鎊避險級別,yfinance,未分類,美國
B03627,2016-08-24,7.626562118530273,英鎊,聯博-美國收益基金AA(穩定月配)英鎊避險級別,yfinance,未分類,美國
B03627,2016-08-25,7.621126174926758,英鎊,聯博-美國收益基金AA(穩定月配)英鎊避險級別,yfinance,未分類,美國
B03627,2016-08-26,7.588535785675049,英鎊,聯博-美國收益基金AA(穩定月配)英鎊避險級別,yfinance,未分類,美國
B03627,2016-08-30,7.593968868255615,英鎊,聯博-美國收益基金AA(穩定月配)英鎊避險級別,yfinance,未分類,美國
B03627,2016-08-31,7.591562747955322,英鎊,聯博-美國收益基金AA(穩定月配)英鎊避險級別,yfinance,未分類,美國
B03627,2016-09-01,7.586100101470947,英鎊,聯博-美國收益基金AA(穩定月配)英鎊避險級別,yfinance,未分類,美國
B03627,2016-09-02,7.586100101470947,英鎊,聯博-美國收益基金AA(穩定月配)英鎊避險級別,yfinance,未分類,美國
B03627,2016-09-06,7.6024932861328125,英鎊,聯博-美國收益基金AA(穩定月配)英鎊避險級別,yfinance,未分類,美國
B03627,2016-09-07,7.607951641082764,英鎊,聯博-美國收益基金AA(穩定月配)英鎊避險級別,yfinance,未分類,美國
B03627,2016-09-08,7.597024917602539,英鎊,聯博-美國收益基金AA(穩定月配)英鎊避險級別,yfinance,未分類,美國
B03627,2016-09-09,7.564257621765137,英鎊,聯博-美國收益基金AA(穩定月配)英鎊避險級別,yfinance,未分類,美國
B03627,2016-09-12,7.5587968826293945,英鎊,聯博-美國收益基金AA(穩定月配)英鎊避險級別,yfinance,未分類,美國
B03627,2016-09-13,7.531487941741943,英鎊,聯博-美國收益基金AA(穩定月配)英鎊避險級別,yfinance,未分類,美國
B03627,2016-09-14,7.515103816986084,英鎊,聯博-美國收益基金AA(穩定月配)英鎊避險級別,yfinance,未分類,美國
B03627,2016-09-15,7.531487941741943,英鎊,聯博-美國收益基金AA(穩定月配)英鎊避險級別,yfinance,未分類,美國
B03627,2016-09-16,7.526025295257568,英鎊,聯博-美國收益基金AA(穩定月配)英鎊避險級別,yfinance,未分類,美國
B03627,2016-09-19,7.53695011138916,英鎊,聯博-美國收益基金AA(穩定月配)英鎊避險級別,yfinance,未分類,美國
B03627,2016-09-20,7.542409896850586,英鎊,聯博-美國收益基金AA(穩定月配)英鎊避險級別,yfinance,未分類,美國
B03627,2016-09-21,7.553335189819336,英鎊,聯博-美國收益基金AA(穩定月配)英鎊避險級別,yfinance,未分類,美國
B03627,2016-09-22,7.586100101470947,英鎊,聯博-美國收益基金AA(穩定月配)英鎊避險級別,yfinance,未分類,美國
B03627,2016-09-23,7.591562747955322,英鎊,聯博-美國收益基金AA(穩定月配)英鎊避險級別,yfinance,未分類,美國
B03627,2016-09-26,7.586100101470947,英鎊,聯博-美國收益基金AA(穩定月配)英鎊避險級別,yfinance,未分類,美國
B03627,2016-09-27,7.591562747955322,英鎊,聯博-美國收益基金AA(穩定月配)英鎊避險級別,yfinance,未分類,美國
B03627,2016-09-28,7.597024917602539,英鎊,聯博-美國收益基金AA(穩定月配)英鎊避險級別,yfinance,未分類,美國
B03627,2016-09-29,7.597024917602539,英鎊,聯博-美國收益基金AA(穩定月配)英鎊避險級別,yfinance,未分類,美國
B03627,2016-09-30,7.593733310699463,英鎊,聯博-美國收益基金AA(穩定月配)英鎊避險級別,yfinance,未分類,美國
B03627,2016-10-03,7.588248252868652,英鎊,聯博-美國收益基金AA(穩定月配)英鎊避險級別,yfinance,未分類,美國
B03627,2016-10-04,7.577274322509766,英鎊,聯博-美國收益基金AA(穩定月配)英鎊避險級別,yfinance,未分類,美國
B03627,2016-10-05,7.577274322509766,英鎊,聯博-美國收益基金AA(穩定月配)英鎊避險級別,yfinance,未分類,美國
B03627,2016-10-06,7.577274322509766,英鎊,聯博-美國收益基金AA(穩定月配)英鎊避險級別,yfinance,未分類,美國
B03627,2016-10-07,7.577274322509766,英鎊,聯博-美國收益基金AA(穩定月配)英鎊避險級別,yfinance,未分類,美國
B03627,2016-10-10,7.571788311004639,英鎊,聯博-美國收益基金AA(穩定月配)英鎊避險級別,yfinance,未分類,美國
B03627,2016-10-11,7.566300868988037,英鎊,聯博-美國收益基金AA(穩定月配)英鎊避險級別,yfinance,未分類,美國
B03627,2016-10-12,7.566300868988037,英鎊,聯博-美國收益基金AA(穩定月配)英鎊避險級別,yfinance,未分類,美國
B03627,2016-10-13,7.566300868988037,英鎊,聯博-美國收益基金AA(穩定月配)英鎊避險級別,yfinance,未分類,美國
B03627,2016-10-14,7.566300868988037,英鎊,聯博-美國收益基金AA(穩定月配)英鎊避險級別,yfinance,未分類,美國
B03627,2016-10-17,7.571788311004639,英鎊,聯博-美國收益基金AA(穩定月配)英鎊避險級別,yfinance,未分類,美國
B03627,2016-10-18,7.582759380340576,英鎊,聯博-美國收益基金AA(穩定月配)英鎊避險級別,yfinance,未分類,美國
B03627,2016-10-19,7.588248252868652,英鎊,聯博-美國收益基金AA(穩定月配)英鎊避險級別,yfinance,未分類,美國
B03627,2016-10-20,7.593733310699463,英鎊,聯博-美國收益基金AA(穩定月配)英鎊避險級別,yfinance,未分類,美國
B03627,2016-10-21,7.593733310699463,英鎊,聯博-美國收益基金AA(穩定月配)英鎊避險級別,yfinance,未分類,美國
B03627,2016-10-24,7.593733310699463,英鎊,聯博-美國收益基金AA(穩定月配)英鎊避險級別,yfinance,未分類,美國
B03627,2016-10-25,7.599221706390381,英鎊,聯博-美國收益基金AA(穩定月配)英鎊避險級別,yfinance,未分類,美國
B03627,2016-10-26,7.582759380340576,英鎊,聯博-美國收益基金AA(穩定月配)英鎊避險級別,yfinance,未分類,美國
B03627,2016-10-27,7.566300868988037,英鎊,聯博-美國收益基金AA(穩定月配)英鎊避險級別,yfinance,未分類,美國
B03627,2016-10-28,7.582759380340576,英鎊,聯博-美國收益基金AA(穩定月配)英鎊避險級別,yfinance,未分類,美國
B03627,2016-10-31,7.557403087615967,英鎊,聯博-美國收益基金AA(穩定月配)英鎊避險級別,yfinance,未分類,美國
B03627,2016-11-02,7.540867328643799,英鎊,聯博-美國收益基金AA(穩定月配)英鎊避險級別,yfinance,未分類,美國
B03627,2016-11-03,7.540867328643799,英鎊,聯博-美國收益基金AA(穩定月配)英鎊避險級別,yfinance,未分類,美國
B03627,2016-11-04,7.546378135681152,英鎊,聯博-美國收益基金AA(穩定月配)英鎊避險級別,yfinance,未分類,美國
B03627,2016-11-07,7.579452991485596,英鎊,聯博-美國收益基金AA(穩定月配)英鎊避險級別,yfinance,未分類,美國
B03627,2016-11-08,7.5518903732299805,英鎊,聯博-美國收益基金AA(穩定月配)英鎊避險級別,yfinance,未分類,美國
B03627,2016-11-09,7.502277374267578,英鎊,聯博-美國收益基金AA(穩定月配)英鎊避險級別,yfinance,未分類,美國
B03627,2016-11-10,7.458183765411377,英鎊,聯博-美國收益基金AA(穩定月配)英鎊避險級別,yfinance,未分類,美國
B03627,2016-11-11,7.441647529602051,英鎊,聯博-美國收益基金AA(穩定月配)英鎊避險級別,yfinance,未分類,美國
B03627,2016-11-14,7.369982719421387,英鎊,聯博-美國收益基金AA(穩定月配)英鎊避險級別,yfinance,未分類,美國
B03627,2016-11-15,7.39203405380249,英鎊,聯博-美國收益基金AA(穩定月配)英鎊避險級別,yfinance,未分類,美國
B03627,2016-11-16,7.408573150634766,英鎊,聯博-美國收益基金AA(穩定月配)英鎊避險級別,yfinance,未分類,美國
B03627,2016-11-17,7.403058052062988,英鎊,聯博-美國收益基金AA(穩定月配)英鎊避險級別,yfinance,未分類,美國
B03627,2016-11-18,7.38100528717041,英鎊,聯博-美國收益基金AA(穩定月配)英鎊避險級別,yfinance,未分類,美國
B03627,2016-11-21,7.386520862579346,英鎊,聯博-美國收益基金AA(穩定月配)英鎊避險級別,yfinance,未分類,美國
B03627,2016-11-22,7.397543430328369,英鎊,聯博-美國收益基金AA(穩定月配)英鎊避險級別,yfinance,未分類,美國
B03627,2016-11-23,7.386520862579346,英鎊,聯博-美國收益基金AA(穩定月配)英鎊避險級別,yfinance,未分類,美國
B03627,2016-11-25,7.386520862579346,英鎊,聯博-美國收益基金AA(穩定月配)英鎊避險級別,yfinance,未分類,美國
B03627,2016-11-28,7.397543430328369,英鎊,聯博-美國收益基金AA(穩定月配)英鎊避險級別,yfinance,未分類,美國
B03627,2016-11-29,7.430620193481445,英鎊,聯博-美國收益基金AA(穩定月配)英鎊避險級別,yfinance,未分類,美國
B03627,2016-11-30,7.399603366851807,英鎊,聯博-美國收益基金AA(穩定月配)英鎊避險級別,yfinance,未分類,美國
B03627,2016-12-01,7.377443313598633,英鎊,聯博-美國收益基金AA(穩定月配)英鎊避險級別,yfinance,未分類,美國
B03627,2016-12-02,7.399603366851807,英鎊,聯博-美國收益基金AA(穩定月配)英鎊避險級別,yfinance,未分類,美國
B03627,2016-12-05,7.405140399932861,英鎊,聯博-美國收益基金AA(穩定月配)英鎊避險級別,yfinance,未分類,美國
B03627,2016-12-06,7.41621732711792,英鎊,聯博-美國收益基金AA(穩定月配)英鎊避險級別,yfinance,未分類,美國
B03627,2016-12-07,7.443914413452148,英鎊,聯博-美國收益基金AA(穩定月配)英鎊避險級別,yfinance,未分類,美國
B03627,2016-12-08,7.443914413452148,英鎊,聯博-美國收益基金AA(穩定月配)英鎊避險級別,yfinance,未分類,美國
B03627,2016-12-09,7.421758651733398,英鎊,聯博-美國收益基金AA(穩定月配)英鎊避險級別,yfinance,未分類,美國
B03627,2016-12-12,7.421758651733398,英鎊,聯博-美國收益基金AA(穩定月配)英鎊避險級別,yfinance,未分類,美國
B03627,2016-12-13,7.4383745193481445,英鎊,聯博-美國收益基金AA(穩定月配)英鎊避險級別,yfinance,未分類,美國
B03627,2016-12-14,7.432834625244141,英鎊,聯博-美國收益基金AA(穩定月配)英鎊避險級別,yfinance,未分類,美國
B03627,2016-12-15,7.394068717956543,英鎊,聯博-美國收益基金AA(穩定月配)英鎊避險級別,yfinance,未分類,美國
B03627,2016-12-16,7.405140399932861,英鎊,聯博-美國收益基金AA(穩定月配)英鎊避險級別,yfinance,未分類,美國
B03627,2016-12-19,7.421758651733398,英鎊,聯博-美國收益基金AA(穩定月配)英鎊避險級別,yfinance,未分類,美國
B03627,2016-12-20,7.41621732711792,英鎊,聯博-美國收益基金AA(穩定月配)英鎊避險級別,yfinance,未分類,美國
B03627,2016-12-21,7.427298545837402,英鎊,聯博-美國收益基金AA(穩定月配)英鎊避險級別,yfinance,未分類,美國
B03627,2016-12-22,7.432834625244141,英鎊,聯博-美國收益基金AA(穩定月配)英鎊避險級別,yfinance,未分類,美國
B03627,2016-12-23,7.4383745193481445,英鎊,聯博-美國收益基金AA(穩定月配)英鎊避險級別,yfinance,未分類,美國
B03627,2016-12-28,7.449450969696045,英鎊,聯博-美國收益基金AA(穩定月配)英鎊避險級別,yfinance,未分類,美國
B03627,2016-12-29,7.454990386962891,英鎊,聯博-美國收益基金AA(穩定月配)英鎊避險級別,yfinance,未分類,美國
B03627,2016-12-30,7.462778568267822,英鎊,聯博-美國收益基金AA(穩定月配)英鎊避險級別,yfinance,未分類,美國
B09081,2016-01-04,85.51000213623047,英鎊,貝萊德英國基金 A2,yfinance,未分類,英國
B09081,2016-01-05,86.04000091552734,英鎊,貝萊德英國基金 A2,yfinance,未分類,英國
B09081,2016-01-06,84.76000213623047,英鎊,貝萊德英國基金 A2,yfinance,未分類,英國
B09081,2016-01-07,83.68000030517578,英鎊,貝萊德英國基金 A2,yfinance,未分類,英國
B09081,2016-01-08,83.91999816894531,英鎊,貝萊德英國基金 A2,yfinance,未分類,英國
B09081,2016-01-11,83.01000213623047,英鎊,貝萊德英國基金 A2,yfinance,未分類,英國
B09081,2016-01-12,83.62999725341797,英鎊,貝萊德英國基金 A2,yfinance,未分類,英國
B09081,2016-01-13,83.73999786376953,英鎊,貝萊德英國基金 A2,yfinance,未分類,英國
B09081,2016-01-14,81.0199966430664,英鎊,貝萊德英國基金 A2,yfinance,未分類,英國
B09081,2016-01-15,79.29000091552734,英鎊,貝萊德英國基金 A2,yfinance,未分類,英國
B09081,2016-01-18,79.52999877929688,英鎊,貝萊德英國基金 A2,yfinance,未分類,英國
B09081,2016-01-19,80.80000305175781,英鎊,貝萊德英國基金 A2,yfinance,未分類,英國
B09081,2016-01-20,78.54000091552734,英鎊,貝萊德英國基金 A2,yfinance,未分類,英國
B09081,2016-01-21,78.19000244140625,英鎊,貝萊德英國基金 A2,yfinance,未分類,英國
B09081,2016-01-22,80.6500015258789,英鎊,貝萊德英國基金 A2,yfinance,未分類,英國
B09081,2016-01-25,80.9800033569336,英鎊,貝萊德英國基金 A2,yfinance,未分類,英國
B09081,2016-01-26,80.77999877929688,英鎊,貝萊德英國基金 A2,yfinance,未分類,英國
B09081,2016-01-27,81.2699966430664,英鎊,貝萊德英國基金 A2,yfinance,未分類,英國
B09081,2016-01-28,81.2300033569336,英鎊,貝萊德英國基金 A2,yfinance,未分類,英國
B09081,2016-01-29,82.33999633789062,英鎊,貝萊德英國基金 A2,yfinance,未分類,英國
B09081,2016-02-01,82.1500015258789,英鎊,貝萊德英國基金 A2,yfinance,未分類,英國
B09081,2016-02-02,81.63999938964844,英鎊,貝萊德英國基金 A2,yfinance,未分類,英國
B09081,2016-02-03,81.13999938964844,英鎊,貝萊德英國基金 A2,yfinance,未分類,英國
B09081,2016-02-04,80.30999755859375,英鎊,貝萊德英國基金 A2,yfinance,未分類,英國
B09081,2016-02-05,80.29000091552734,英鎊,貝萊德英國基金 A2,yfinance,未分類,英國
B09081,2016-02-08,76.72000122070312,英鎊,貝萊德英國基金 A2,yfinance,未分類,英國
B09081,2016-02-09,75.91999816894531,英鎊,貝萊德英國基金 A2,yfinance,未分類,英國
B09081,2016-02-10,76.54000091552734,英鎊,貝萊德英國基金 A2,yfinance,未分類,英國
B09081,2016-02-11,75.68000030517578,英鎊,貝萊德英國基金 A2,yfinance,未分類,英國
B09081,2016-02-12,75.69999694824219,英鎊,貝萊德英國基金 A2,yfinance,未分類,英國
B09081,2016-02-15,78.2300033569336,英鎊,貝萊德英國基金 A2,yfinance,未分類,英國
B09081,2016-02-16,78.55000305175781,英鎊,貝萊德英國基金 A2,yfinance,未分類,英國
B09081,2016-02-17,80.33999633789062,英鎊,貝萊德英國基金 A2,yfinance,未分類,英國
B09081,2016-02-18,80.29000091552734,英鎊,貝萊德英國基金 A2,yfinance,未分類,英國
B09081,2016-02-19,80.18000030517578,英鎊,貝萊德英國基金 A2,yfinance,未分類,英國
B09081,2016-02-22,81.68000030517578,英鎊,貝萊德英國基金 A2,yfinance,未分類,英國
B09081,2016-02-23,81.25,英鎊,貝萊德英國基金 A2,yfinance,未分類,英國
B09081,2016-02-24,79.55000305175781,英鎊,貝萊德英國基金 A2,yfinance,未分類,英國
B09081,2016-02-25,81.1500015258789,英鎊,貝萊德英國基金 A2,yfinance,未分類,英國
B09081,2016-02-26,81.76000213623047,英鎊,貝萊德英國基金 A2,yfinance,未分類,英國
B09081,2016-02-29,81.25,英鎊,貝萊德英國基金 A2,yfinance,未分類,英國
B09081,2016-03-01,81.8499984741211,英鎊,貝萊德英國基金 A2,yfinance,未分類,英國
B09081,2016-03-02,81.26000213623047,英鎊,貝萊德英國基金 A2,yfinance,未分類,英國
B09081,2016-03-03,80.70999908447266,英鎊,貝萊德英國基金 A2,yfinance,未分類,英國
B09081,2016-03-04,81.12999725341797,英鎊,貝萊德英國基金 A2,yfinance,未分類,英國
B09081,2016-03-07,80.43000030517578,英鎊,貝萊德英國基金 A2,yfinance,未分類,英國
B09081,2016-03-08,79.91000366210938,英鎊,貝萊德英國基金 A2,yfinance,未分類,英國
B09081,2016-03-09,80.30000305175781,英鎊,貝萊德英國基金 A2,yfinance,未分類,英國
B09081,2016-03-10,80.6500015258789,英鎊,貝萊德英國基金 A2,yfinance,未分類,英國
B09081,2016-03-11,80.5999984741211,英鎊,貝萊德英國基金 A2,yfinance,未分類,英國
B09081,2016-03-14,81.23999786376953,英鎊,貝萊德英國基金 A2,yfinance,未分類,英國
B09081,2016-03-15,81.16999816894531,英鎊,貝萊德英國基金 A2,yfinance,未分類,英國
B09081,2016-03-16,81.52999877929688,英鎊,貝萊德英國基金 A2,yfinance,未分類,英國
B09081,2016-03-17,81.23999786376953,英鎊,貝萊德英國基金 A2,yfinance,未分類,英國
B09081,2016-03-18,81.70999908447266,英鎊,貝萊德英國基金 A2,yfinance,未分類,英國
B09081,2016-03-21,81.6500015258789,英鎊,貝萊德英國基金 A2,yfinance,未分類,英國
B09081,2016-03-22,81.80999755859375,英鎊,貝萊德英國基金 A2,yfinance,未分類,英國
B09081,2016-03-23,82.16999816894531,英鎊,貝萊德英國基金 A2,yfinance,未分類,英國
B09081,2016-03-24,81.30000305175781,英鎊,貝萊德英國基金 A2,yfinance,未分類,英國
B09081,2016-03-29,81.02999877929688,英鎊,貝萊德英國基金 A2,yfinance,未分類,英國
B09081,2016-03-30,82.19000244140625,英鎊,貝萊德英國基金 A2,yfinance,未分類,英國
B09081,2016-03-31,82.16000366210938,英鎊,貝萊德英國基金 A2,yfinance,未分類,英國
B09081,2016-04-01,81.7300033569336,英鎊,貝萊德英國基金 A2,yfinance,未分類,英國
B09081,2016-04-04,82.44000244140625,英鎊,貝萊德英國基金 A2,yfinance,未分類,英國
B09081,2016-04-05,81.56999969482422,英鎊,貝萊德英國基金 A2,yfinance,未分類,英國
B09081,2016-04-06,82.38999938964844,英鎊,貝萊德英國基金 A2,yfinance,未分類,英國
B09081,2016-04-07,82.41000366210938,英鎊,貝萊德英國基金 A2,yfinance,未分類,英國
B09081,2016-04-08,82.6500015258789,英鎊,貝萊德英國基金 A2,yfinance,未分類,英國
B09081,2016-04-11,82.25,英鎊,貝萊德英國基金 A2,yfinance,未分類,英國
B09081,2016-04-12,82.19000244140625,英鎊,貝萊德英國基金 A2,yfinance,未分類,英國
B09081,2016-04-13,83.11000061035156,英鎊,貝萊德英國基金 A2,yfinance,未分類,英國
B09081,2016-04-14,82.94999694824219,英鎊,貝萊德英國基金 A2,yfinance,未分類,英國
B09081,2016-04-15,82.66000366210938,英鎊,貝萊德英國基金 A2,yfinance,未分類,英國
B09081,2016-04-18,82.45999908447266,英鎊,貝萊德英國基金 A2,yfinance,未分類,英國
B09081,2016-04-19,83.19000244140625,英鎊,貝萊德英國基金 A2,yfinance,未分類,英國
B09081,2016-04-20,82.45999908447266,英鎊,貝萊德英國基金 A2,yfinance,未分類,英國
B09081,2016-04-21,81.83000183105469,英鎊,貝萊德英國基金 A2,yfinance,未分類,英國
B09081,2016-04-22,81.5,英鎊,貝萊德英國基金 A2,yfinance,未分類,英國
B09081,2016-04-25,81.47000122070312,英鎊,貝萊德英國基金 A2,yfinance,未分類,英國
B09081,2016-04-26,81.91999816894531,英鎊,貝萊德英國基金 A2,yfinance,未分類,英國
B09081,2016-04-27,82.0199966430664,英鎊,貝萊德英國基金 A2,yfinance,未分類,英國
B09081,2016-04-28,82.04000091552734,英鎊,貝萊德英國基金 A2,yfinance,未分類,英國
B09081,2016-04-29,81.6500015258789,英鎊,貝萊德英國基金 A2,yfinance,未分類,英國
B09081,2016-05-03,81.41000366210938,英鎊,貝萊德英國基金 A2,yfinance,未分類,英國
B09081,2016-05-04,80.77999877929688,英鎊,貝萊德英國基金 A2,yfinance,未分類,英國
B09081,2016-05-06,81.48999786376953,英鎊,貝萊德英國基金 A2,yfinance,未分類,英國
B09081,2016-05-09,81.44000244140625,英鎊,貝萊德英國基金 A2,yfinance,未分類,英國
B09081,2016-05-10,81.54000091552734,英鎊,貝萊德英國基金 A2,yfinance,未分類,英國
B09081,2016-05-11,81.58999633789062,英鎊,貝萊德英國基金 A2,yfinance,未分類,英國
B09081,2016-05-12,81.5199966430664,英鎊,貝萊德英國基金 A2,yfinance,未分類,英國
B09081,2016-05-13,81.16000366210938,英鎊,貝萊德英國基金 A2,yfinance,未分類,英國
B09081,2016-05-17,81.6500015258789,英鎊,貝萊德英國基金 A2,yfinance,未分類,英國
B09081,2016-05-18,81.87999725341797,英鎊,貝萊德英國基金 A2,yfinance,未分類,英國
B09081,2016-05-19,81.91999816894531,英鎊,貝萊德英國基金 A2,yfinance,未分類,英國
B09081,2016-05-20,83.0,英鎊,貝萊德英國基金 A2,yfinance,未分類,英國
B09081,2016-05-23,83.33999633789062,英鎊,貝萊德英國基金 A2,yfinance,未分類,英國
B09081,2016-05-24,84.16000366210938,英鎊,貝萊德英國基金 A2,yfinance,未分類,英國
B09081,2016-05-25,84.58999633789062,英鎊,貝萊德英國基金 A2,yfinance,未分類,英國
B09081,2016-05-26,84.33999633789062,英鎊,貝萊德英國基金 A2,yfinance,未分類,英國
B09081,2016-05-27,84.48999786376953,英鎊,貝萊德英國基金 A2,yfinance,未分類,英國
B09081,2016-05-31,84.77999877929688,英鎊,貝萊德英國基金 A2,yfinance,未分類,英國
B09081,2016-06-01,83.91999816894531,英鎊,貝萊德英國基金 A2,yfinance,未分類,英國
B09081,2016-06-02,84.08000183105469,英鎊,貝萊德英國基金 A2,yfinance,未分類,英國
B09081,2016-06-03,83.93000030517578,英鎊,貝萊德英國基金 A2,yfinance,未分類,英國
B09081,2016-06-06,84.83000183105469,英鎊,貝萊德英國基金 A2,yfinance,未分類,英國
B09081,2016-06-07,84.94999694824219,英鎊,貝萊德英國基金 A2,yfinance,未分類,英國
B09081,2016-06-08,84.8499984741211,英鎊,貝萊德英國基金 A2,yfinance,未分類,英國
B09081,2016-06-09,84.73999786376953,英鎊,貝萊德英國基金 A2,yfinance,未分類,英國
B09081,2016-06-10,83.11000061035156,英鎊,貝萊德英國基金 A2,yfinance,未分類,英國
B09081,2016-06-13,81.91999816894531,英鎊,貝萊德英國基金 A2,yfinance,未分類,英國
B09081,2016-06-14,80.5199966430664,英鎊,貝萊德英國基金 A2,yfinance,未分類,英國
B09081,2016-06-15,80.7699966430664,英鎊,貝萊德英國基金 A2,yfinance,未分類,英國
B09081,2016-06-16,79.37000274658203,英鎊,貝萊德英國基金 A2,yfinance,未分類,英國
B09081,2016-06-17,80.8499984741211,英鎊,貝萊德英國基金 A2,yfinance,未分類,英國
B09081,2016-06-20,83.72000122070312,英鎊,貝萊德英國基金 A2,yfinance,未分類,英國
B09081,2016-06-21,83.69999694824219,英鎊,貝萊德英國基金 A2,yfinance,未分類,英國
B09081,2016-06-22,84.06999969482422,英鎊,貝萊德英國基金 A2,yfinance,未分類,英國
B09081,2016-06-24,81.05000305175781,英鎊,貝萊德英國基金 A2,yfinance,未分類,英國
B09081,2016-06-27,77.23999786376953,英鎊,貝萊德英國基金 A2,yfinance,未分類,英國
B09081,2016-06-28,79.4800033569336,英鎊,貝萊德英國基金 A2,yfinance,未分類,英國
B09081,2016-06-29,80.91000366210938,英鎊,貝萊德英國基金 A2,yfinance,未分類,英國
B09081,2016-06-30,82.0999984741211,英鎊,貝萊德英國基金 A2,yfinance,未分類,英國
B09081,2016-07-01,84.41000366210938,英鎊,貝萊德英國基金 A2,yfinance,未分類,英國
B09081,2016-07-04,83.01000213623047,英鎊,貝萊德英國基金 A2,yfinance,未分類,英國
B09081,2016-07-05,82.0199966430664,英鎊,貝萊德英國基金 A2,yfinance,未分類,英國
B09081,2016-07-06,81.44999694824219,英鎊,貝萊德英國基金 A2,yfinance,未分類,英國
B09081,2016-07-07,83.18000030517578,英鎊,貝萊德英國基金 A2,yfinance,未分類,英國
B09081,2016-07-08,83.62999725341797,英鎊,貝萊德英國基金 A2,yfinance,未分類,英國
B09081,2016-07-11,85.4000015258789,英鎊,貝萊德英國基金 A2,yfinance,未分類,英國
B09081,2016-07-12,86.0,英鎊,貝萊德英國基金 A2,yfinance,未分類,英國
B09081,2016-07-13,85.86000061035156,英鎊,貝萊德英國基金 A2,yfinance,未分類,英國
B09081,2016-07-14,85.81999969482422,英鎊,貝萊德英國基金 A2,yfinance,未分類,英國
B09081,2016-07-15,85.22000122070312,英鎊,貝萊德英國基金 A2,yfinance,未分類,英國
B09081,2016-07-18,85.73999786376953,英鎊,貝萊德英國基金 A2,yfinance,未分類,英國
B09081,2016-07-19,85.8499984741211,英鎊,貝萊德英國基金 A2,yfinance,未分類,英國
B09081,2016-07-20,86.26000213623047,英鎊,貝萊德英國基金 A2,yfinance,未分類,英國
B09081,2016-07-21,86.13999938964844,英鎊,貝萊德英國基金 A2,yfinance,未分類,英國
B09081,2016-07-22,85.91000366210938,英鎊,貝萊德英國基金 A2,yfinance,未分類,英國
B09081,2016-07-25,86.3499984741211,英鎊,貝萊德英國基金 A2,yfinance,未分類,英國
B09081,2016-07-26,86.54000091552734,英鎊,貝萊德英國基金 A2,yfinance,未分類,英國
B09081,2016-07-27,87.52999877929688,英鎊,貝萊德英國基金 A2,yfinance,未分類,英國
B09081,2016-07-28,87.62999725341797,英鎊,貝萊德英國基金 A2,yfinance,未分類,英國
B09081,2016-07-29,87.58000183105469,英鎊,貝萊德英國基金 A2,yfinance,未分類,英國
B09081,2016-08-01,87.30999755859375,英鎊,貝萊德英國基金 A2,yfinance,未分類,英國
B09081,2016-08-02,87.55999755859375,英鎊,貝萊德英國基金 A2,yfinance,未分類,英國
B09081,2016-08-03,87.02999877929688,英鎊,貝萊德英國基金 A2,yfinance,未分類,英國
B09081,2016-08-04,88.2300033569336,英鎊,貝萊德英國基金 A2,yfinance,未分類,英國
B09081,2016-08-05,89.05000305175781,英鎊,貝萊德英國基金 A2,yfinance,未分類,英國
B09081,2016-08-08,88.97000122070312,英鎊,貝萊德英國基金 A2,yfinance,未分類,英國
B09081,2016-08-09,89.55999755859375,英鎊,貝萊德英國基金 A2,yfinance,未分類,英國
B09081,2016-08-10,89.62000274658203,英鎊,貝萊德英國基金 A2,yfinance,未分類,英國
B09081,2016-08-11,90.30000305175781,英鎊,貝萊德英國基金 A2,yfinance,未分類,英國
B09081,2016-08-12,90.83000183105469,英鎊,貝萊德英國基金 A2,yfinance,未分類,英國
B09081,2016-08-16,90.83999633789062,英鎊,貝萊德英國基金 A2,yfinance,未分類,英國
B09081,2016-08-17,90.22000122070312,英鎊,貝萊德英國基金 A2,yfinance,未分類,英國
B09081,2016-08-18,91.05000305175781,英鎊,貝萊德英國基金 A2,yfinance,未分類,英國
B09081,2016-08-19,90.55000305175781,英鎊,貝萊德英國基金 A2,yfinance,未分類,英國
B09081,2016-08-22,90.5,英鎊,貝萊德英國基金 A2,yfinance,未分類,英國
B09081,2016-08-23,91.26000213623047,英鎊,貝萊德英國基金 A2,yfinance,未分類,英國
B09081,2016-08-24,90.80000305175781,英鎊,貝萊德英國基金 A2,yfinance,未分類,英國
B09081,2016-08-25,90.05000305175781,英鎊,貝萊德英國基金 A2,yfinance,未分類,英國
B09081,2016-08-26,90.08999633789062,英鎊,貝萊德英國基金 A2,yfinance,未分類,英國
B09081,2016-08-30,90.20999908447266,英鎊,貝萊德英國基金 A2,yfinance,未分類,英國
B09081,2016-08-31,89.75,英鎊,貝萊德英國基金 A2,yfinance,未分類,英國
B09081,2016-09-01,89.87000274658203,英鎊,貝萊德英國基金 A2,yfinance,未分類,英國
B09081,2016-09-02,90.62999725341797,英鎊,貝萊德英國基金 A2,yfinance,未分類,英國
B09081,2016-09-05,90.81999969482422,英鎊,貝萊德英國基金 A2,yfinance,未分類,英國
B09081,2016-09-06,90.5199966430664,英鎊,貝萊德英國基金 A2,yfinance,未分類,英國
B09081,2016-09-07,90.9800033569336,英鎊,貝萊德英國基金 A2,yfinance,未分類,英國
B09081,2016-09-08,91.25,英鎊,貝萊德英國基金 A2,yfinance,未分類,英國
B09081,2016-09-09,89.80000305175781,英鎊,貝萊德英國基金 A2,yfinance,未分類,英國
B09081,2016-09-12,88.58999633789062,英鎊,貝萊德英國基金 A2,yfinance,未分類,英國
B09081,2016-09-13,88.83999633789062,英鎊,貝萊德英國基金 A2,yfinance,未分類,英國
B09081,2016-09-14,88.77999877929688,英鎊,貝萊德英國基金 A2,yfinance,未分類,英國
B09081,2016-09-15,88.5999984741211,英鎊,貝萊德英國基金 A2,yfinance,未分類,英國
B09081,2016-09-16,89.30999755859375,英鎊,貝萊德英國基金 A2,yfinance,未分類,英國
B09081,2016-09-19,89.87999725341797,英鎊,貝萊德英國基金 A2,yfinance,未分類,英國
B09081,2016-09-20,90.29000091552734,英鎊,貝萊德英國基金 A2,yfinance,未分類,英國
B09081,2016-09-21,90.01000213623047,英鎊,貝萊德英國基金 A2,yfinance,未分類,英國
B09081,2016-09-22,90.55000305175781,英鎊,貝萊德英國基金 A2,yfinance,未分類,英國
B09081,2016-09-23,90.44000244140625,英鎊,貝萊德英國基金 A2,yfinance,未分類,英國
B09081,2016-09-26,89.23999786376953,英鎊,貝萊德英國基金 A2,yfinance,未分類,英國
B09081,2016-09-27,89.41000366210938,英鎊,貝萊德英國基金 A2,yfinance,未分類,英國
B09081,2016-09-28,89.93000030517578,英鎊,貝萊德英國基金 A2,yfinance,未分類,英國
B09081,2016-09-29,90.44000244140625,英鎊,貝萊德英國基金 A2,yfinance,未分類,英國
B09081,2016-09-30,89.91000366210938,英鎊,貝萊德英國基金 A2,yfinance,未分類,英國
B09081,2016-10-03,91.20999908447266,英鎊,貝萊德英國基金 A2,yfinance,未分類,英國
B09081,2016-10-04,93.0199966430664,英鎊,貝萊德英國基金 A2,yfinance,未分類,英國
B09081,2016-10-05,91.41999816894531,英鎊,貝萊德英國基金 A2,yfinance,未分類,英國
B09081,2016-10-06,91.16000366210938,英鎊,貝萊德英國基金 A2,yfinance,未分類,英國
B09081,2016-10-07,90.94999694824219,英鎊,貝萊德英國基金 A2,yfinance,未分類,英國
B09081,2016-10-10,91.16999816894531,英鎊,貝萊德英國基金 A2,yfinance,未分類,英國
B09081,2016-10-11,91.18000030517578,英鎊,貝萊德英國基金 A2,yfinance,未分類,英國
B09081,2016-10-12,90.41999816894531,英鎊,貝萊德英國基金 A2,yfinance,未分類,英國
B09081,2016-10-13,89.69000244140625,英鎊,貝萊德英國基金 A2,yfinance,未分類,英國
B09081,2016-10-14,90.70999908447266,英鎊,貝萊德英國基金 A2,yfinance,未分類,英國
B09081,2016-10-17,89.33000183105469,英鎊,貝萊德英國基金 A2,yfinance,未分類,英國
B09081,2016-10-18,89.91000366210938,英鎊,貝萊德英國基金 A2,yfinance,未分類,英國
B09081,2016-10-19,89.5199966430664,英鎊,貝萊德英國基金 A2,yfinance,未分類,英國
B09081,2016-10-20,90.25,英鎊,貝萊德英國基金 A2,yfinance,未分類,英國
B09081,2016-10-21,90.0999984741211,英鎊,貝萊德英國基金 A2,yfinance,未分類,英國
B09081,2016-10-24,90.06999969482422,英鎊,貝萊德英國基金 A2,yfinance,未分類,英國
B09081,2016-10-25,90.13999938964844,英鎊,貝萊德英國基金 A2,yfinance,未分類,英國
B09081,2016-10-26,88.29000091552734,英鎊,貝萊德英國基金 A2,yfinance,未分類,英國
B09081,2016-10-27,88.80999755859375,英鎊,貝萊德英國基金 A2,yfinance,未分類,英國
B09081,2016-10-28,89.25,英鎊,貝萊德英國基金 A2,yfinance,未分類,英國
B09081,2016-10-31,89.1500015258789,英鎊,貝萊德英國基金 A2,yfinance,未分類,英國
B09081,2016-11-02,88.2300033569336,英鎊,貝萊德英國基金 A2,yfinance,未分類,英國
B09081,2016-11-03,88.3499984741211,英鎊,貝萊德英國基金 A2,yfinance,未分類,英國
B09081,2016-11-04,86.58000183105469,英鎊,貝萊德英國基金 A2,yfinance,未分類,英國
B09081,2016-11-07,87.69999694824219,英鎊,貝萊德英國基金 A2,yfinance,未分類,英國
B09081,2016-11-08,87.87999725341797,英鎊,貝萊德英國基金 A2,yfinance,未分類,英國
B09081,2016-11-09,89.2699966430664,英鎊,貝萊德英國基金 A2,yfinance,未分類,英國
B09081,2016-11-10,88.73999786376953,英鎊,貝萊德英國基金 A2,yfinance,未分類,英國
B09081,2016-11-11,87.23999786376953,英鎊,貝萊德英國基金 A2,yfinance,未分類,英國
B09081,2016-11-14,87.54000091552734,英鎊,貝萊德英國基金 A2,yfinance,未分類,英國
B09081,2016-11-15,88.11000061035156,英鎊,貝萊德英國基金 A2,yfinance,未分類,英國
B09081,2016-11-16,87.66999816894531,英鎊,貝萊德英國基金 A2,yfinance,未分類,英國
B09081,2016-11-17,88.12999725341797,英鎊,貝萊德英國基金 A2,yfinance,未分類,英國
B09081,2016-11-18,89.02999877929688,英鎊,貝萊德英國基金 A2,yfinance,未分類,英國
B09081,2016-11-21,88.2699966430664,英鎊,貝萊德英國基金 A2,yfinance,未分類,英國
B09081,2016-11-22,89.19000244140625,英鎊,貝萊德英國基金 A2,yfinance,未分類,英國
B09081,2016-11-23,88.66999816894531,英鎊,貝萊德英國基金 A2,yfinance,未分類,英國
B09081,2016-11-24,89.08999633789062,英鎊,貝萊德英國基金 A2,yfinance,未分類,英國
B09081,2016-11-25,89.5,英鎊,貝萊德英國基金 A2,yfinance,未分類,英國
B09081,2016-11-28,89.1500015258789,英鎊,貝萊德英國基金 A2,yfinance,未分類,英國
B09081,2016-11-29,88.83999633789062,英鎊,貝萊德英國基金 A2,yfinance,未分類,英國
B09081,2016-11-30,89.77999877929688,英鎊,貝萊德英國基金 A2,yfinance,未分類,英國
B09081,2016-12-01,88.48999786376953,英鎊,貝萊德英國基金 A2,yfinance,未分類,英國
B09081,2016-12-02,88.43000030517578,英鎊,貝萊德英國基金 A2,yfinance,未分類,英國
B09081,2016-12-05,88.4800033569336,英鎊,貝萊德英國基金 A2,yfinance,未分類,英國
B09081,2016-12-06,88.3499984741211,英鎊,貝萊德英國基金 A2,yfinance,未分類,英國
B09081,2016-12-07,89.77999877929688,英鎊,貝萊德英國基金 A2,yfinance,未分類,英國
B09081,2016-12-08,90.25,英鎊,貝萊德英國基金 A2,yfinance,未分類,英國
B09081,2016-12-09,90.88999938964844,英鎊,貝萊德英國基金 A2,yfinance,未分類,英國
B09081,2016-12-12,90.58999633789062,英鎊,貝萊德英國基金 A2,yfinance,未分類,英國
B09081,2016-12-13,90.80999755859375,英鎊,貝萊德英國基金 A2,yfinance,未分類,英國
B09081,2016-12-14,91.27999877929688,英鎊,貝萊德英國基金 A2,yfinance,未分類,英國
B09081,2016-12-15,91.6500015258789,英鎊,貝萊德英國基金 A2,yfinance,未分類,英國
B09081,2016-12-16,91.5199966430664,英鎊,貝萊德英國基金 A2,yfinance,未分類,英國
B09081,2016-12-19,91.48999786376953,英鎊,貝萊德英國基金 A2,yfinance,未分類,英國
B09081,2016-12-20,92.06999969482422,英鎊,貝萊德英國基金 A2,yfinance,未分類,英國
B09081,2016-12-21,91.4000015258789,英鎊,貝萊德英國基金 A2,yfinance,未分類,英國
B09081,2016-12-22,91.86000061035156,英鎊,貝萊德英國基金 A2,yfinance,未分類,英國
B09081,2016-12-23,92.18000030517578,英鎊,貝萊德英國基金 A2,yfinance,未分類,英國
B09081,2016-12-28,92.77999877929688,英鎊,貝萊德英國基金 A2,yfinance,未分類,英國
B09081,2016-12-29,92.73999786376953,英鎊,貝萊德英國基金 A2,yfinance,未分類,英國
B09081,2016-12-30,93.25,英鎊,貝萊德英國基金 A2,yfinance,未分類,英國
B03624,2016-01-04,8.69455623626709,英鎊,聯博-亞洲股票基金AD月配英鎊避險級別,yfinance,股票型,亞洲地區
B03624,2016-01-05,8.723587989807129,英鎊,聯博-亞洲股票基金AD月配英鎊避險級別,yfinance,股票型,亞洲地區
B03624,2016-01-06,8.563920974731445,英鎊,聯博-亞洲股票基金AD月配英鎊避險級別,yfinance,股票型,亞洲地區
B03624,2016-01-07,8.2736177444458,英鎊,聯博-亞洲股票基金AD月配英鎊避險級別,yfinance,股票型,亞洲地區
B03624,2016-01-08,8.295392990112305,英鎊,聯博-亞洲股票基金AD月配英鎊避險級別,yfinance,股票型,亞洲地區
B03624,2016-01-11,8.172015190124512,英鎊,聯博-亞洲股票基金AD月配英鎊避險級別,yfinance,股票型,亞洲地區
B03624,2016-01-12,8.186525344848633,英鎊,聯博-亞洲股票基金AD月配英鎊避險級別,yfinance,股票型,亞洲地區
B03624,2016-01-13,8.099438667297363,英鎊,聯博-亞洲股票基金AD月配英鎊避險級別,yfinance,股票型,亞洲地區
B03624,2016-01-14,8.172015190124512,英鎊,聯博-亞洲股票基金AD月配英鎊避險級別,yfinance,股票型,亞洲地區
B03624,2016-01-15,7.8962273597717285,英鎊,聯博-亞洲股票基金AD月配英鎊避險級別,yfinance,股票型,亞洲地區
B03624,2016-01-19,7.983321189880371,英鎊,聯博-亞洲股票基金AD月配英鎊避險級別,yfinance,股票型,亞洲地區
B03624,2016-01-20,7.794625282287598,英鎊,聯博-亞洲股票基金AD月配英鎊避險級別,yfinance,股票型,亞洲地區
B03624,2016-01-21,7.758331775665283,英鎊,聯博-亞洲股票基金AD月配英鎊避險級別,yfinance,股票型,亞洲地區
B03624,2016-01-22,7.99057149887085,英鎊,聯博-亞洲股票基金AD月配英鎊避險級別,yfinance,股票型,亞洲地區
B03624,2016-01-25,7.99057149887085,英鎊,聯博-亞洲股票基金AD月配英鎊避險級別,yfinance,股票型,亞洲地區
B03624,2016-01-26,7.997830867767334,英鎊,聯博-亞洲股票基金AD月配英鎊避險級別,yfinance,股票型,亞洲地區
B03624,2016-01-27,7.997830867767334,英鎊,聯博-亞洲股票基金AD月配英鎊避險級別,yfinance,股票型,亞洲地區
B03624,2016-01-28,8.077665328979492,英鎊,聯博-亞洲股票基金AD月配英鎊避險級別,yfinance,股票型,亞洲地區
B03624,2016-01-29,8.35206127166748,英鎊,聯博-亞洲股票基金AD月配英鎊避險級別,yfinance,股票型,亞洲地區
B03624,2016-02-01,8.2427339553833,英鎊,聯博-亞洲股票基金AD月配英鎊避險級別,yfinance,股票型,亞洲地區
B03624,2016-02-02,8.08240032196045,英鎊,聯博-亞洲股票基金AD月配英鎊避險級別,yfinance,股票型,亞洲地區
B03624,2016-02-03,8.08240032196045,英鎊,聯博-亞洲股票基金AD月配英鎊避險級別,yfinance,股票型,亞洲地區
B03624,2016-02-04,8.206299781799316,英鎊,聯博-亞洲股票基金AD月配英鎊避險級別,yfinance,股票型,亞洲地區
B03624,2016-02-05,8.177145957946777,英鎊,聯博-亞洲股票基金AD月配英鎊避險級別,yfinance,股票型,亞洲地區
B03624,2016-02-08,8.104266166687012,英鎊,聯博-亞洲股票基金AD月配英鎊避險級別,yfinance,股票型,亞洲地區
B03624,2016-02-09,8.067824363708496,英鎊,聯博-亞洲股票基金AD月配英鎊避險級別,yfinance,股票型,亞洲地區
B03624,2016-02-10,8.045963287353516,英鎊,聯博-亞洲股票基金AD月配英鎊避險級別,yfinance,股票型,亞洲地區
B03624,2016-02-11,7.907492160797119,英鎊,聯博-亞洲股票基金AD月配英鎊避險級別,yfinance,股票型,亞洲地區
B03624,2016-02-12,7.951215744018555,英鎊,聯博-亞洲股票基金AD月配英鎊避險級別,yfinance,股票型,亞洲地區
B03624,2016-02-16,8.191720962524414,英鎊,聯博-亞洲股票基金AD月配英鎊避險級別,yfinance,股票型,亞洲地區
B03624,2016-02-17,8.308328628540039,英鎊,聯博-亞洲股票基金AD月配英鎊避險級別,yfinance,股票型,亞洲地區
B03624,2016-02-18,8.293750762939453,英鎊,聯博-亞洲股票基金AD月配英鎊避險級別,yfinance,股票型,亞洲地區
B03624,2016-02-19,8.35206127166748,英鎊,聯博-亞洲股票基金AD月配英鎊避險級別,yfinance,股票型,亞洲地區
B03624,2016-02-22,8.446803092956543,英鎊,聯博-亞洲股票基金AD月配英鎊避險級別,yfinance,股票型,亞洲地區
B03624,2016-02-23,8.38121223449707,英鎊,聯博-亞洲股票基金AD月配英鎊避險級別,yfinance,股票型,亞洲地區
B03624,2016-02-24,8.293750762939453,英鎊,聯博-亞洲股票基金AD月配英鎊避險級別,yfinance,股票型,亞洲地區
B03624,2016-02-25,8.279180526733398,英鎊,聯博-亞洲股票基金AD月配英鎊避險級別,yfinance,股票型,亞洲地區
B03624,2016-02-26,8.35935115814209,英鎊,聯博-亞洲股票基金AD月配英鎊避險級別,yfinance,股票型,亞洲地區
B03624,2016-02-29,8.310333251953125,英鎊,聯博-亞洲股票基金AD月配英鎊避險級別,yfinance,股票型,亞洲地區
B03624,2016-03-01,8.456642150878906,英鎊,聯博-亞洲股票基金AD月配英鎊避險級別,yfinance,股票型,亞洲地區
B03624,2016-03-02,8.676106452941895,英鎊,聯博-亞洲股票基金AD月配英鎊避險級別,yfinance,股票型,亞洲地區
B03624,2016-03-03,8.756577491760254,英鎊,聯博-亞洲股票基金AD月配英鎊避險級別,yfinance,股票型,亞洲地區
B03624,2016-03-04,8.851676940917969,英鎊,聯博-亞洲股票基金AD月配英鎊避險級別,yfinance,股票型,亞洲地區
B03624,2016-03-07,8.866302490234375,英鎊,聯博-亞洲股票基金AD月配英鎊避險級別,yfinance,股票型,亞洲地區
B03624,2016-03-08,8.800467491149902,英鎊,聯博-亞洲股票基金AD月配英鎊避險級別,yfinance,股票型,亞洲地區
B03624,2016-03-09,8.763888359069824,英鎊,聯博-亞洲股票基金AD月配英鎊避險級別,yfinance,股票型,亞洲地區
B03624,2016-03-10,8.822413444519043,英鎊,聯博-亞洲股票基金AD月配英鎊避險級別,yfinance,股票型,亞洲地區
B03624,2016-03-11,8.917516708374023,英鎊,聯博-亞洲股票基金AD月配英鎊避險級別,yfinance,股票型,亞洲地區
B03624,2016-03-14,8.976038932800293,英鎊,聯博-亞洲股票基金AD月配英鎊避險級別,yfinance,股票型,亞洲地區
B03624,2016-03-15,8.924826622009277,英鎊,聯博-亞洲股票基金AD月配英鎊避險級別,yfinance,股票型,亞洲地區
B03624,2016-03-16,8.851676940917969,英鎊,聯博-亞洲股票基金AD月配英鎊避險級別,yfinance,股票型,亞洲地區
B03624,2016-03-17,9.03455924987793,英鎊,聯博-亞洲股票基金AD月配英鎊避險級別,yfinance,股票型,亞洲地區
B03624,2016-03-18,9.129659652709961,英鎊,聯博-亞洲股票基金AD月配英鎊避險級別,yfinance,股票型,亞洲地區
B03624,2016-03-21,9.188186645507812,英鎊,聯博-亞洲股票基金AD月配英鎊避險級別,yfinance,股票型,亞洲地區
B03624,2016-03-22,9.173552513122559,英鎊,聯博-亞洲股票基金AD月配英鎊避險級別,yfinance,股票型,亞洲地區
B03624,2016-03-23,9.115025520324707,英鎊,聯博-亞洲股票基金AD月配英鎊避險級別,yfinance,股票型,亞洲地區
B03624,2016-03-24,9.027240753173828,英鎊,聯博-亞洲股票基金AD月配英鎊避險級別,yfinance,股票型,亞洲地區
B03624,2016-03-29,9.085770606994629,英鎊,聯博-亞洲股票基金AD月配英鎊避險級別,yfinance,股票型,亞洲地區
B03624,2016-03-30,9.29060173034668,英鎊,聯博-亞洲股票基金AD月配英鎊避險級別,yfinance,股票型,亞洲地區
B03624,2016-03-31,9.300141334533691,英鎊,聯博-亞洲股票基金AD月配英鎊避險級別,yfinance,股票型,亞洲地區
B03624,2016-04-01,9.168015480041504,英鎊,聯博-亞洲股票基金AD月配英鎊避險級別,yfinance,股票型,亞洲地區
B03624,2016-04-04,9.197381973266602,英鎊,聯博-亞洲股票基金AD月配英鎊避險級別,yfinance,股票型,亞洲地區
B03624,2016-04-05,9.072592735290527,英鎊,聯博-亞洲股票基金AD月配英鎊避險級別,yfinance,股票型,亞洲地區
B03624,2016-04-06,9.079936981201172,英鎊,聯博-亞洲股票基金AD月配英鎊避險級別,yfinance,股票型,亞洲地區
B03624,2016-04-07,9.123977661132812,英鎊,聯博-亞洲股票基金AD月配英鎊避險級別,yfinance,股票型,亞洲地區
B03624,2016-04-08,9.057913780212402,英鎊,聯博-亞洲股票基金AD月配英鎊避險級別,yfinance,股票型,亞洲地區
B03624,2016-04-11,9.13865852355957,英鎊,聯博-亞洲股票基金AD月配英鎊避險級別,yfinance,股票型,亞洲地區
B03624,2016-04-12,9.153340339660645,英鎊,聯博-亞洲股票基金AD月配英鎊避險級別,yfinance,股票型,亞洲地區
B03624,2016-04-13,9.270788192749023,英鎊,聯博-亞洲股票基金AD月配英鎊避險級別,yfinance,股票型,亞洲地區
B03624,2016-04-14,9.314825057983398,英鎊,聯博-亞洲股票基金AD月配英鎊避險級別,yfinance,股票型,亞洲地區
B03624,2016-04-15,9.329505920410156,英鎊,聯博-亞洲股票基金AD月配英鎊避險級別,yfinance,股票型,亞洲地區
B03624,2016-04-18,9.278119087219238,英鎊,聯博-亞洲股票基金AD月配英鎊避險級別,yfinance,股票型,亞洲地區
B03624,2016-04-19,9.344183921813965,英鎊,聯博-亞洲股票基金AD月配英鎊避險級別,yfinance,股票型,亞洲地區
B03624,2016-04-20,9.26344108581543,英鎊,聯博-亞洲股票基金AD月配英鎊避險級別,yfinance,股票型,亞洲地區
B03624,2016-04-21,9.336848258972168,英鎊,聯博-亞洲股票基金AD月配英鎊避險級別,yfinance,股票型,亞洲地區
B03624,2016-04-22,9.26344108581543,英鎊,聯博-亞洲股票基金AD月配英鎊避險級別,yfinance,股票型,亞洲地區
B03624,2016-04-25,9.212059020996094,英鎊,聯博-亞洲股票基金AD月配英鎊避險級別,yfinance,股票型,亞洲地區
B03624,2016-04-26,9.226743698120117,英鎊,聯博-亞洲股票基金AD月配英鎊避險級別,yfinance,股票型,亞洲地區
B03624,2016-04-27,9.212059020996094,英鎊,聯博-亞洲股票基金AD月配英鎊避險級別,yfinance,股票型,亞洲地區
B03624,2016-04-28,9.212059020996094,英鎊,聯博-亞洲股票基金AD月配英鎊避險級別,yfinance,股票型,亞洲地區
B03624,2016-04-29,9.111154556274414,英鎊,聯博-亞洲股票基金AD月配英鎊避險級別,yfinance,股票型,亞洲地區
B03624,2016-05-03,8.9785737991333,英鎊,聯博-亞洲股票基金AD月配英鎊避險級別,yfinance,股票型,亞洲地區
B03624,2016-05-04,8.868091583251953,英鎊,聯博-亞洲股票基金AD月配英鎊避險級別,yfinance,股票型,亞洲地區
B03624,2016-05-06,8.779705047607422,英鎊,聯博-亞洲股票基金AD月配英鎊避險級別,yfinance,股票型,亞洲地區
B03624,2016-05-09,8.728142738342285,英鎊,聯博-亞洲股票基金AD月配英鎊避險級別,yfinance,股票型,亞洲地區
B03624,2016-05-10,8.720781326293945,英鎊,聯博-亞洲股票基金AD月配英鎊避險級別,yfinance,股票型,亞洲地區
B03624,2016-05-11,8.735511779785156,英鎊,聯博-亞洲股票基金AD月配英鎊避險級別,yfinance,股票型,亞洲地區
B03624,2016-05-12,8.75024127960205,英鎊,聯博-亞洲股票基金AD月配英鎊避險級別,yfinance,股票型,亞洲地區
B03624,2016-05-13,8.610295295715332,英鎊,聯博-亞洲股票基金AD月配英鎊避險級別,yfinance,股票型,亞洲地區
B03624,2016-05-17,8.669227600097656,英鎊,聯博-亞洲股票基金AD月配英鎊避險級別,yfinance,股票型,亞洲地區
B03624,2016-05-18,8.588203430175781,英鎊,聯博-亞洲股票基金AD月配英鎊避險級別,yfinance,股票型,亞洲地區
B03624,2016-05-19,8.507177352905273,英鎊,聯博-亞洲股票基金AD月配英鎊避險級別,yfinance,股票型,亞洲地區
B03624,2016-05-20,8.544008255004883,英鎊,聯博-亞洲股票基金AD月配英鎊避險級別,yfinance,股票型,亞洲地區
B03624,2016-05-23,8.595566749572754,英鎊,聯博-亞洲股票基金AD月配英鎊避險級別,yfinance,股票型,亞洲地區
B03624,2016-05-24,8.551370620727539,英鎊,聯博-亞洲股票基金AD月配英鎊避險級別,yfinance,股票型,亞洲地區
B03624,2016-05-25,8.728142738342285,英鎊,聯博-亞洲股票基金AD月配英鎊避險級別,yfinance,股票型,亞洲地區
B03624,2016-05-26,8.742876052856445,英鎊,聯博-亞洲股票基金AD月配英鎊避險級別,yfinance,股票型,亞洲地區
B03624,2016-05-27,8.823896408081055,英鎊,聯博-亞洲股票基金AD月配英鎊避險級別,yfinance,股票型,亞洲地區
B03624,2016-05-31,8.907435417175293,英鎊,聯博-亞洲股票基金AD月配英鎊避險級別,yfinance,股票型,亞洲地區
B03624,2016-06-01,8.929609298706055,英鎊,聯博-亞洲股票基金AD月配英鎊避險級別,yfinance,股票型,亞洲地區
B03624,2016-06-02,8.9517822265625,英鎊,聯博-亞洲股票基金AD月配英鎊避險級別,yfinance,股票型,亞洲地區
B03624,2016-06-03,8.973958015441895,英鎊,聯博-亞洲股票基金AD月配英鎊避險級別,yfinance,股票型,亞洲地區
B03624,2016-06-06,9.040491104125977,英鎊,聯博-亞洲股票基金AD月配英鎊避險級別,yfinance,股票型,亞洲地區
B03624,2016-06-07,9.225287437438965,英鎊,聯博-亞洲股票基金AD月配英鎊避險級別,yfinance,股票型,亞洲地區
B03624,2016-06-08,9.31399154663086,英鎊,聯博-亞洲股票基金AD月配英鎊避險級別,yfinance,股票型,亞洲地區
B03624,2016-06-09,9.284420013427734,英鎊,聯博-亞洲股票基金AD月配英鎊避險級別,yfinance,股票型,亞洲地區
B03624,2016-06-10,9.173545837402344,英鎊,聯博-亞洲股票基金AD月配英鎊避險級別,yfinance,股票型,亞洲地區
B03624,2016-06-13,8.9517822265625,英鎊,聯博-亞洲股票基金AD月配英鎊避險級別,yfinance,股票型,亞洲地區
B03624,2016-06-14,8.936996459960938,英鎊,聯博-亞洲股票基金AD月配英鎊避險級別,yfinance,股票型,亞洲地區
B03624,2016-06-15,8.944387435913086,英鎊,聯博-亞洲股票基金AD月配英鎊避險級別,yfinance,股票型,亞洲地區
B03624,2016-06-16,8.848291397094727,英鎊,聯博-亞洲股票基金AD月配英鎊避險級別,yfinance,股票型,亞洲地區
B03624,2016-06-17,8.922210693359375,英鎊,聯博-亞洲股票基金AD月配英鎊避險級別,yfinance,股票型,亞洲地區
B03624,2016-06-20,9.040491104125977,英鎊,聯博-亞洲股票基金AD月配英鎊避險級別,yfinance,股票型,亞洲地區
B03624,2016-06-21,9.084836959838867,英鎊,聯博-亞洲股票基金AD月配英鎊避險級別,yfinance,股票型,亞洲地區
B03624,2016-06-22,9.092229843139648,英鎊,聯博-亞洲股票基金AD月配英鎊避險級別,yfinance,股票型,亞洲地區
B03624,2016-06-24,8.774368286132812,英鎊,聯博-亞洲股票基金AD月配英鎊避險級別,yfinance,股票型,亞洲地區
B03624,2016-06-27,8.656095504760742,英鎊,聯博-亞洲股票基金AD月配英鎊避險級別,yfinance,股票型,亞洲地區
B03624,2016-06-28,8.84089469909668,英鎊,聯博-亞洲股票基金AD月配英鎊避險級別,yfinance,股票型,亞洲地區
B03624,2016-06-29,8.966565132141113,英鎊,聯博-亞洲股票基金AD月配英鎊避險級別,yfinance,股票型,亞洲地區
B03624,2016-06-30,9.161665916442871,英鎊,聯博-亞洲股票基金AD月配英鎊避險級別,yfinance,股票型,亞洲地區
B03624,2016-07-01,9.213602066040039,英鎊,聯博-亞洲股票基金AD月配英鎊避險級別,yfinance,股票型,亞洲地區
B03624,2016-07-05,9.154248237609863,英鎊,聯博-亞洲股票基金AD月配英鎊避險級別,yfinance,股票型,亞洲地區
B03624,2016-07-06,8.991043090820312,英鎊,聯博-亞洲股票基金AD月配英鎊避險級別,yfinance,股票型,亞洲地區
B03624,2016-07-07,9.094905853271484,英鎊,聯博-亞洲股票基金AD月配英鎊避險級別,yfinance,股票型,亞洲地區
B03624,2016-07-08,9.072649002075195,英鎊,聯博-亞洲股票基金AD月配英鎊避險級別,yfinance,股票型,亞洲地區
B03624,2016-07-11,9.265522003173828,英鎊,聯博-亞洲股票基金AD月配英鎊避險級別,yfinance,股票型,亞洲地區
B03624,2016-07-12,9.354540824890137,英鎊,聯博-亞洲股票基金AD月配英鎊避險級別,yfinance,股票型,亞洲地區
B03624,2016-07-13,9.391641616821289,英鎊,聯博-亞洲股票基金AD月配英鎊避險級別,yfinance,股票型,亞洲地區
B03624,2016-07-14,9.4509859085083,英鎊,聯博-亞洲股票基金AD月配英鎊避險級別,yfinance,股票型,亞洲地區
B03624,2016-07-15,9.562261581420898,英鎊,聯博-亞洲股票基金AD月配英鎊避險級別,yfinance,股票型,亞洲地區
B03624,2016-07-18,9.532583236694336,英鎊,聯博-亞洲股票基金AD月配英鎊避險級別,yfinance,股票型,亞洲地區
B03624,2016-07-19,9.606770515441895,英鎊,聯博-亞洲股票基金AD月配英鎊避險級別,yfinance,股票型,亞洲地區
B03624,2016-07-20,9.569676399230957,英鎊,聯博-亞洲股票基金AD月配英鎊避險級別,yfinance,股票型,亞洲地區
B03624,2016-07-21,9.606770515441895,英鎊,聯博-亞洲股票基金AD月配英鎊避險級別,yfinance,股票型,亞洲地區
B03624,2016-07-22,9.599348068237305,英鎊,聯博-亞洲股票基金AD月配英鎊避險級別,yfinance,股票型,亞洲地區
B03624,2016-07-25,9.606770515441895,英鎊,聯博-亞洲股票基金AD月配英鎊避險級別,yfinance,股票型,亞洲地區
B03624,2016-07-26,9.643860816955566,英鎊,聯博-亞洲股票基金AD月配英鎊避險級別,yfinance,股票型,亞洲地區
B03624,2016-07-27,9.67353343963623,英鎊,聯博-亞洲股票基金AD月配英鎊避險級別,yfinance,股票型,亞洲地區
B03624,2016-07-28,9.72546100616455,英鎊,聯博-亞洲股票基金AD月配英鎊避險級別,yfinance,股票型,亞洲地區
B03624,2016-07-29,9.660711288452148,英鎊,聯博-亞洲股票基金AD月配英鎊避險級別,yfinance,股票型,亞洲地區
B03624,2016-08-01,9.854217529296875,英鎊,聯博-亞洲股票基金AD月配英鎊避險級別,yfinance,股票型,亞洲地區
B03624,2016-08-02,9.809569358825684,英鎊,聯博-亞洲股票基金AD月配英鎊避險級別,yfinance,股票型,亞洲地區
B03624,2016-08-03,9.645822525024414,英鎊,聯博-亞洲股票基金AD月配英鎊避險級別,yfinance,股票型,亞洲地區
B03624,2016-08-04,9.705368041992188,英鎊,聯博-亞洲股票基金AD月配英鎊避險級別,yfinance,股票型,亞洲地區
B03624,2016-08-05,9.82444953918457,英鎊,聯博-亞洲股票基金AD月配英鎊避險級別,yfinance,股票型,亞洲地區
B03624,2016-08-08,9.891443252563477,英鎊,聯博-亞洲股票基金AD月配英鎊避險級別,yfinance,股票型,亞洲地區
B03624,2016-08-09,9.958420753479004,英鎊,聯博-亞洲股票基金AD月配英鎊避險級別,yfinance,股票型,亞洲地區
B03624,2016-08-10,9.980746269226074,英鎊,聯博-亞洲股票基金AD月配英鎊避險級別,yfinance,股票型,亞洲地區
B03624,2016-08-11,9.950980186462402,英鎊,聯博-亞洲股票基金AD月配英鎊避險級別,yfinance,股票型,亞洲地區
B03624,2016-08-12,9.921205520629883,英鎊,聯博-亞洲股票基金AD月配英鎊避險級別,yfinance,股票型,亞洲地區
B03624,2016-08-16,10.04029369354248,英鎊,聯博-亞洲股票基金AD月配英鎊避險級別,yfinance,股票型,亞洲地區
B03624,2016-08-17,10.032844543457031,英鎊,聯博-亞洲股票基金AD月配英鎊避險級別,yfinance,股票型,亞洲地區
B03624,2016-08-18,10.137046813964844,英鎊,聯博-亞洲股票基金AD月配英鎊避險級別,yfinance,股票型,亞洲地區
B03624,2016-08-19,10.09239387512207,英鎊,聯博-亞洲股票基金AD月配英鎊避險級別,yfinance,股票型,亞洲地區
B03624,2016-08-22,10.017960548400879,英鎊,聯博-亞洲股票基金AD月配英鎊避險級別,yfinance,股票型,亞洲地區
B03624,2016-08-23,10.025406837463379,英鎊,聯博-亞洲股票基金AD月配英鎊避險級別,yfinance,股票型,亞洲地區
B03624,2016-08-24,9.9435396194458,英鎊,聯博-亞洲股票基金AD月配英鎊避險級別,yfinance,股票型,亞洲地區
B03624,2016-08-25,9.958420753479004,英鎊,聯博-亞洲股票基金AD月配英鎊避險級別,yfinance,股票型,亞洲地區
B03624,2016-08-26,9.973306655883789,英鎊,聯博-亞洲股票基金AD月配英鎊避險級別,yfinance,股票型,亞洲地區
B03624,2016-08-30,10.003077507019043,英鎊,聯博-亞洲股票基金AD月配英鎊避險級別,yfinance,股票型,亞洲地區
B03624,2016-08-31,9.96798324584961,英鎊,聯博-亞洲股票基金AD月配英鎊避險級別,yfinance,股票型,亞洲地區
B03624,2016-09-01,9.997848510742188,英鎊,聯博-亞洲股票基金AD月配英鎊避險級別,yfinance,股票型,亞洲地區
B03624,2016-09-02,10.042649269104004,英鎊,聯博-亞洲股票基金AD月配英鎊避險級別,yfinance,股票型,亞洲地區
B03624,2016-09-06,10.33384895324707,英鎊,聯博-亞洲股票基金AD月配英鎊避險級別,yfinance,股票型,亞洲地區
B03624,2016-09-07,10.393582344055176,英鎊,聯博-亞洲股票基金AD月配英鎊避險級別,yfinance,股票型,亞洲地區
B03624,2016-09-08,10.415987014770508,英鎊,聯博-亞洲股票基金AD月配英鎊避險級別,yfinance,股票型,亞洲地區
B03624,2016-09-09,10.28905200958252,英鎊,聯博-亞洲股票基金AD月配英鎊避險級別,yfinance,股票型,亞洲地區
B03624,2016-09-12,9.94558048248291,英鎊,聯博-亞洲股票基金AD月配英鎊避險級別,yfinance,股票型,亞洲地區
B03624,2016-09-13,9.953049659729004,英鎊,聯博-亞洲股票基金AD月配英鎊避險級別,yfinance,股票型,亞洲地區
B03624,2016-09-14,9.953049659729004,英鎊,聯博-亞洲股票基金AD月配英鎊避險級別,yfinance,股票型,亞洲地區
B03624,2016-09-15,9.997848510742188,英鎊,聯博-亞洲股票基金AD月配英鎊避險級別,yfinance,股票型,亞洲地區
B03624,2016-09-16,9.990385055541992,英鎊,聯博-亞洲股票基金AD月配英鎊避險級別,yfinance,股票型,亞洲地區
B03624,2016-09-19,10.132253646850586,英鎊,聯博-亞洲股票基金AD月配英鎊避險級別,yfinance,股票型,亞洲地區
B03624,2016-09-20,10.154650688171387,英鎊,聯博-亞洲股票基金AD月配英鎊避險級別,yfinance,股票型,亞洲地區
B03624,2016-09-21,10.229318618774414,英鎊,聯博-亞洲股票基金AD月配英鎊避險級別,yfinance,股票型,亞洲地區
B03624,2016-09-22,10.356250762939453,英鎊,聯博-亞洲股票基金AD月配英鎊避險級別,yfinance,股票型,亞洲地區
B03624,2016-09-23,10.356250762939453,英鎊,聯博-亞洲股票基金AD月配英鎊避險級別,yfinance,股票型,亞洲地區
B03624,2016-09-26,10.191978454589844,英鎊,聯博-亞洲股票基金AD月配英鎊避險級別,yfinance,股票型,亞洲地區
B03624,2016-09-27,10.281585693359375,英鎊,聯博-亞洲股票基金AD月配英鎊避險級別,yfinance,股票型,亞洲地區
B03624,2016-09-28,10.274115562438965,英鎊,聯博-亞洲股票基金AD月配英鎊避險級別,yfinance,股票型,亞洲地區
B03624,2016-09-29,10.356250762939453,英鎊,聯博-亞洲股票基金AD月配英鎊避險級別,yfinance,股票型,亞洲地區
B03624,2016-09-30,10.180927276611328,英鎊,聯博-亞洲股票基金AD月配英鎊避險級別,yfinance,股票型,亞洲地區
B03624,2016-10-03,10.263270378112793,英鎊,聯博-亞洲股票基金AD月配英鎊避險級別,yfinance,股票型,亞洲地區
B03624,2016-10-04,10.293221473693848,英鎊,聯博-亞洲股票基金AD月配英鎊避險級別,yfinance,股票型,亞洲地區
B03624,2016-10-05,10.270758628845215,英鎊,聯博-亞洲股票基金AD月配英鎊避險級別,yfinance,股票型,亞洲地區
B03624,2016-10-06,10.285734176635742,英鎊,聯博-亞洲股票基金AD月配英鎊避險級別,yfinance,股票型,亞洲地區
B03624,2016-10-07,10.263270378112793,英鎊,聯博-亞洲股票基金AD月配英鎊避險級別,yfinance,股票型,亞洲地區
B03624,2016-10-10,10.285734176635742,英鎊,聯博-亞洲股票基金AD月配英鎊避險級別,yfinance,股票型,亞洲地區
B03624,2016-10-11,10.165956497192383,英鎊,聯博-亞洲股票基金AD月配英鎊避險級別,yfinance,股票型,亞洲地區
B03624,2016-10-12,10.106067657470703,英鎊,聯博-亞洲股票基金AD月配英鎊避險級別,yfinance,股票型,亞洲地區
B03624,2016-10-13,9.978806495666504,英鎊,聯博-亞洲股票基金AD月配英鎊避險級別,yfinance,股票型,亞洲地區
B03624,2016-10-14,10.038694381713867,英鎊,聯博-亞洲股票基金AD月配英鎊避險級別,yfinance,股票型,亞洲地區
B03624,2016-10-17,10.038694381713867,英鎊,聯博-亞洲股票基金AD月配英鎊避險級別,yfinance,股票型,亞洲地區
B03624,2016-10-18,10.173442840576172,英鎊,聯博-亞洲股票基金AD月配英鎊避險級別,yfinance,股票型,亞洲地區
B03624,2016-10-19,10.19589900970459,英鎊,聯博-亞洲股票基金AD月配英鎊避險級別,yfinance,股票型,亞洲地區
B03624,2016-10-20,10.19589900970459,英鎊,聯博-亞洲股票基金AD月配英鎊避險級別,yfinance,股票型,亞洲地區
B03624,2016-10-21,10.15847110748291,英鎊,聯博-亞洲股票基金AD月配英鎊避險級別,yfinance,股票型,亞洲地區
B03624,2016-10-24,10.263270378112793,英鎊,聯博-亞洲股票基金AD月配英鎊避險級別,yfinance,股票型,亞洲地區
B03624,2016-10-25,10.240814208984375,英鎊,聯博-亞洲股票基金AD月配英鎊避險級別,yfinance,股票型,亞洲地區
B03624,2016-10-26,10.106067657470703,英鎊,聯博-亞洲股票基金AD月配英鎊避險級別,yfinance,股票型,亞洲地區
B03624,2016-10-27,10.076120376586914,英鎊,聯博-亞洲股票基金AD月配英鎊避險級別,yfinance,股票型,亞洲地區
B03624,2016-10-28,9.98629093170166,英鎊,聯博-亞洲股票基金AD月配英鎊避險級別,yfinance,股票型,亞洲地區
B03624,2016-10-31,10.020673751831055,英鎊,聯博-亞洲股票基金AD月配英鎊避險級別,yfinance,股票型,亞洲地區
B03624,2016-11-02,9.855538368225098,英鎊,聯博-亞洲股票基金AD月配英鎊避險級別,yfinance,股票型,亞洲地區
B03624,2016-11-03,9.840526580810547,英鎊,聯博-亞洲股票基金AD月配英鎊避險級別,yfinance,股票型,亞洲地區
B03624,2016-11-04,9.825512886047363,英鎊,聯博-亞洲股票基金AD月配英鎊避險級別,yfinance,股票型,亞洲地區
B03624,2016-11-07,9.855538368225098,英鎊,聯博-亞洲股票基金AD月配英鎊避險級別,yfinance,股票型,亞洲地區
B03624,2016-11-08,9.96812915802002,英鎊,聯博-亞洲股票基金AD月配英鎊避險級別,yfinance,股票型,亞洲地區
B03624,2016-11-09,9.727937698364258,英鎊,聯博-亞洲股票基金AD月配英鎊避險級別,yfinance,股票型,亞洲地區
B03624,2016-11-10,9.92309284210205,英鎊,聯博-亞洲股票基金AD月配英鎊避險級別,yfinance,股票型,亞洲地區
B03624,2016-11-11,9.697901725769043,英鎊,聯博-亞洲股票基金AD月配英鎊避險級別,yfinance,股票型,亞洲地區
B03624,2016-11-14,9.562796592712402,英鎊,聯博-亞洲股票基金AD月配英鎊避險級別,yfinance,股票型,亞洲地區
B03624,2016-11-15,9.510254859924316,英鎊,聯博-亞洲股票基金AD月配英鎊避險級別,yfinance,股票型,亞洲地區
B03624,2016-11-16,9.5027437210083,英鎊,聯博-亞洲股票基金AD月配英鎊避險級別,yfinance,股票型,亞洲地區
B03624,2016-11-17,9.510254859924316,英鎊,聯博-亞洲股票基金AD月配英鎊避險級別,yfinance,股票型,亞洲地區
B03624,2016-11-18,9.54028034210205,英鎊,聯博-亞洲股票基金AD月配英鎊避險級別,yfinance,股票型,亞洲地區
B03624,2016-11-21,9.5027437210083,英鎊,聯博-亞洲股票基金AD月配英鎊避險級別,yfinance,股票型,亞洲地區
B03624,2016-11-22,9.622849464416504,英鎊,聯博-亞洲股票基金AD月配英鎊避險級別,yfinance,股票型,亞洲地區
B03624,2016-11-23,9.660374641418457,英鎊,聯博-亞洲股票基金AD月配英鎊避險級別,yfinance,股票型,亞洲地區
B03624,2016-11-25,9.600324630737305,英鎊,聯博-亞洲股票基金AD月配英鎊避險級別,yfinance,股票型,亞洲地區
B03624,2016-11-28,9.690403938293457,英鎊,聯博-亞洲股票基金AD月配英鎊避險級別,yfinance,股票型,亞洲地區
B03624,2016-11-29,9.645364761352539,英鎊,聯博-亞洲股票基金AD月配英鎊避險級別,yfinance,股票型,亞洲地區
B03624,2016-11-30,9.717475891113281,英鎊,聯博-亞洲股票基金AD月配英鎊避險級別,yfinance,股票型,亞洲地區
B03624,2016-12-01,9.709946632385254,英鎊,聯博-亞洲股票基金AD月配英鎊避險級別,yfinance,股票型,亞洲地區
B03624,2016-12-02,9.589512825012207,英鎊,聯博-亞洲股票基金AD月配英鎊避險級別,yfinance,股票型,亞洲地區
B03624,2016-12-05,9.559404373168945,英鎊,聯博-亞洲股票基金AD月配英鎊避險級別,yfinance,股票型,亞洲地區
B03624,2016-12-06,9.642208099365234,英鎊,聯博-亞洲股票基金AD月配英鎊避險級別,yfinance,股票型,亞洲地區
B03624,2016-12-07,9.70241928100586,英鎊,聯博-亞洲股票基金AD月配英鎊避險級別,yfinance,股票型,亞洲地區
B03624,2016-12-08,9.852960586547852,英鎊,聯博-亞洲股票基金AD月配英鎊避險級別,yfinance,股票型,亞洲地區
B03624,2016-12-09,9.80780029296875,英鎊,聯博-亞洲股票基金AD月配英鎊避險級別,yfinance,股票型,亞洲地區
B03624,2016-12-12,9.709946632385254,英鎊,聯博-亞洲股票基金AD月配英鎊避險級別,yfinance,股票型,亞洲地區
B03624,2016-12-13,9.74758529663086,英鎊,聯博-亞洲股票基金AD月配英鎊避險級別,yfinance,股票型,亞洲地區
B03624,2016-12-14,9.717475891113281,英鎊,聯博-亞洲股票基金AD月配英鎊避險級別,yfinance,股票型,亞洲地區
B03624,2016-12-15,9.59704303741455,英鎊,聯博-亞洲股票基金AD月配英鎊避險級別,yfinance,股票型,亞洲地區
B03624,2016-12-16,9.589512825012207,英鎊,聯博-亞洲股票基金AD月配英鎊避險級別,yfinance,股票型,亞洲地區
B03624,2016-12-19,9.529298782348633,英鎊,聯博-亞洲股票基金AD月配英鎊避險級別,yfinance,股票型,亞洲地區
B03624,2016-12-20,9.476605415344238,英鎊,聯博-亞洲股票基金AD月配英鎊避險級別,yfinance,股票型,亞洲地區
B03624,2016-12-21,9.454026222229004,英鎊,聯博-亞洲股票基金AD月配英鎊避險級別,yfinance,股票型,亞洲地區
B03624,2016-12-22,9.37875747680664,英鎊,聯博-亞洲股票基金AD月配英鎊避險級別,yfinance,股票型,亞洲地區
B03624,2016-12-23,9.318538665771484,英鎊,聯博-亞洲股票基金AD月配英鎊避險級別,yfinance,股票型,亞洲地區
B03624,2016-12-28,9.356179237365723,英鎊,聯博-亞洲股票基金AD月配英鎊避險級別,yfinance,股票型,亞洲地區
B03624,2016-12-29,9.318538665771484,英鎊,聯博-亞洲股票基金AD月配英鎊避險級別,yfinance,股票型,亞洲地區
B03624,2016-12-30,9.383315086364746,英鎊,聯博-亞洲股票基金AD月配英鎊避險級別,yfinance,股票型,亞洲地區
B1uJsak,2016-11-22,10.0,英鎊,匯豐環球投資基金-環球非投資等級債券 ACHGBP,yfinance,債券型,全球市場
B1uJsak,2016-11-23,10.003000259399414,英鎊,匯豐環球投資基金-環球非投資等級債券 ACHGBP,yfinance,債券型,全球市場
B1uJsak,2016-11-25,10.008000373840332,英鎊,匯豐環球投資基金-環球非投資等級債券 ACHGBP,yfinance,債券型,全球市場
B1uJsak,2016-11-28,10.010000228881836,英鎊,匯豐環球投資基金-環球非投資等級債券 ACHGBP,yfinance,債券型,全球市場
B1uJsak,2016-11-29,10.020000457763672,英鎊,匯豐環球投資基金-環球非投資等級債券 ACHGBP,yfinance,債券型,全球市場
B1uJsak,2016-11-30,10.031999588012695,英鎊,匯豐環球投資基金-環球非投資等級債券 ACHGBP,yfinance,債券型,全球市場
B1uJsak,2016-12-01,10.032999992370605,英鎊,匯豐環球投資基金-環球非投資等級債券 ACHGBP,yfinance,債券型,全球市場
B1uJsak,2016-12-02,10.031000137329102,英鎊,匯豐環球投資基金-環球非投資等級債券 ACHGBP,yfinance,債券型,全球市場
B1uJsak,2016-12-05,10.043999671936035,英鎊,匯豐環球投資基金-環球非投資等級債券 ACHGBP,yfinance,債券型,全球市場
B1uJsak,2016-12-06,10.067000389099121,英鎊,匯豐環球投資基金-環球非投資等級債券 ACHGBP,yfinance,債券型,全球市場
B1uJsak,2016-12-07,10.097999572753906,英鎊,匯豐環球投資基金-環球非投資等級債券 ACHGBP,yfinance,債券型,全球市場
B1uJsak,2016-12-08,10.116000175476074,英鎊,匯豐環球投資基金-環球非投資等級債券 ACHGBP,yfinance,債券型,全球市場
B1uJsak,2016-12-09,10.130999565124512,英鎊,匯豐環球投資基金-環球非投資等級債券 ACHGBP,yfinance,債券型,全球市場
B1uJsak,2016-12-12,10.142999649047852,英鎊,匯豐環球投資基金-環球非投資等級債券 ACHGBP,yfinance,債券型,全球市場
B1uJsak,2016-12-13,10.156000137329102,英鎊,匯豐環球投資基金-環球非投資等級債券 ACHGBP,yfinance,債券型,全球市場
B1uJsak,2016-12-14,10.164999961853027,英鎊,匯豐環球投資基金-環球非投資等級債券 ACHGBP,yfinance,債券型,全球市場
B1uJsak,2016-12-15,10.142000198364258,英鎊,匯豐環球投資基金-環球非投資等級債券 ACHGBP,yfinance,債券型,全球市場
B1uJsak,2016-12-16,10.138999938964844,英鎊,匯豐環球投資基金-環球非投資等級債券 ACHGBP,yfinance,債券型,全球市場
B1uJsak,2016-12-19,10.14799976348877,英鎊,匯豐環球投資基金-環球非投資等級債券 ACHGBP,yfinance,債券型,全球市場
B1uJsak,2016-12-20,10.152000427246094,英鎊,匯豐環球投資基金-環球非投資等級債券 ACHGBP,yfinance,債券型,全球市場
B1uJsak,2016-12-21,10.156000137329102,英鎊,匯豐環球投資基金-環球非投資等級債券 ACHGBP,yfinance,債券型,全球市場
B1uJsak,2016-12-22,10.15999984741211,英鎊,匯豐環球投資基金-環球非投資等級債券 ACHGBP,yfinance,債券型,全球市場
B1uJsak,2016-12-23,10.166000366210938,英鎊,匯豐環球投資基金-環球非投資等級債券 ACHGBP,yfinance,債券型,全球市場
B1uJsak,2016-12-28,10.182999610900879,英鎊,匯豐環球投資基金-環球非投資等級債券 ACHGBP,yfinance,債券型,全球市場
B1uJsak,2016-12-29,10.182999610900879,英鎊,匯豐環球投資基金-環球非投資等級債券 ACHGBP,yfinance,債券型,全球市場
B1uJsak,2016-12-30,10.194000244140625,英鎊,匯豐環球投資基金-環球非投資等級債券 ACHGBP,yfinance,債券型,全球市場
B03622,2016-01-04,5.013967990875244,英鎊,聯博-全球非投資等級債券基金AA(穩定月配)英鎊避險級別,yfinance,債券型,全球市場
B03622,2016-01-05,5.022244930267334,英鎊,聯博-全球非投資等級債券基金AA(穩定月配)英鎊避險級別,yfinance,債券型,全球市場
B03622,2016-01-06,5.022244930267334,英鎊,聯博-全球非投資等級債券基金AA(穩定月配)英鎊避險級別,yfinance,債券型,全球市場
B03622,2016-01-07,5.009823799133301,英鎊,聯博-全球非投資等級債券基金AA(穩定月配)英鎊避險級別,yfinance,債券型,全球市場
B03622,2016-01-08,5.013967990875244,英鎊,聯博-全球非投資等級債券基金AA(穩定月配)英鎊避險級別,yfinance,債券型,全球市場
B03622,2016-01-11,5.001547336578369,英鎊,聯博-全球非投資等級債券基金AA(穩定月配)英鎊避險級別,yfinance,債券型,全球市場
B03622,2016-01-12,4.9932637214660645,英鎊,聯博-全球非投資等級債券基金AA(穩定月配)英鎊避險級別,yfinance,債券型,全球市場
B03622,2016-01-13,4.976703643798828,英鎊,聯博-全球非投資等級債券基金AA(穩定月配)英鎊避險級別,yfinance,債券型,全球市場
B03622,2016-01-14,4.951859951019287,英鎊,聯博-全球非投資等級債券基金AA(穩定月配)英鎊避險級別,yfinance,債券型,全球市場
B03622,2016-01-15,4.910457611083984,英鎊,聯博-全球非投資等級債券基金AA(穩定月配)英鎊避險級別,yfinance,債券型,全球市場
B03622,2016-01-19,4.906318664550781,英鎊,聯博-全球非投資等級債券基金AA(穩定月配)英鎊避險級別,yfinance,債券型,全球市場
B03622,2016-01-20,4.856635093688965,英鎊,聯博-全球非投資等級債券基金AA(穩定月配)英鎊避險級別,yfinance,債券型,全球市場
B03622,2016-01-21,4.869054317474365,英鎊,聯博-全球非投資等級債券基金AA(穩定月配)英鎊避險級別,yfinance,債券型,全球市場
B03622,2016-01-22,4.910457611083984,英鎊,聯博-全球非投資等級債券基金AA(穩定月配)英鎊避險級別,yfinance,債券型,全球市場
B03622,2016-01-25,4.910457611083984,英鎊,聯博-全球非投資等級債券基金AA(穩定月配)英鎊避險級別,yfinance,債券型,全球市場
B03622,2016-01-26,4.9145965576171875,英鎊,聯博-全球非投資等級債券基金AA(穩定月配)英鎊避險級別,yfinance,債券型,全球市場
B03622,2016-01-27,4.922877788543701,英鎊,聯博-全球非投資等級債券基金AA(穩定月配)英鎊避險級別,yfinance,債券型,全球市場
B03622,2016-01-28,4.931159019470215,英鎊,聯博-全球非投資等級債券基金AA(穩定月配)英鎊避險級別,yfinance,債券型,全球市場
B03622,2016-01-29,4.945263385772705,英鎊,聯博-全球非投資等級債券基金AA(穩定月配)英鎊避險級別,yfinance,債券型,全球市場
B03622,2016-02-01,4.93691873550415,英鎊,聯博-全球非投資等級債券基金AA(穩定月配)英鎊避險級別,yfinance,債券型,全球市場
B03622,2016-02-02,4.916049480438232,英鎊,聯博-全球非投資等級債券基金AA(穩定月配)英鎊避險級別,yfinance,債券型,全球市場
B03622,2016-02-03,4.9118804931640625,英鎊,聯博-全球非投資等級債券基金AA(穩定月配)英鎊避險級別,yfinance,債券型,全球市場
B03622,2016-02-04,4.9118804931640625,英鎊,聯博-全球非投資等級債券基金AA(穩定月配)英鎊避險級別,yfinance,債券型,全球市場
B03622,2016-02-05,4.8993611335754395,英鎊,聯博-全球非投資等級債券基金AA(穩定月配)英鎊避險級別,yfinance,債券型,全球市場
B03622,2016-02-08,4.849279403686523,英鎊,聯博-全球非投資等級債券基金AA(穩定月配)英鎊避險級別,yfinance,債券型,全球市場
B03622,2016-02-09,4.824243545532227,英鎊,聯博-全球非投資等級債券基金AA(穩定月配)英鎊避險級別,yfinance,債券型,全球市場
B03622,2016-02-10,4.832587242126465,英鎊,聯博-全球非投資等級債券基金AA(穩定月配)英鎊避險級別,yfinance,債券型,全球市場
B03622,2016-02-11,4.782510280609131,英鎊,聯博-全球非投資等級債券基金AA(穩定月配)英鎊避險級別,yfinance,債券型,全球市場
B03622,2016-02-12,4.799203395843506,英鎊,聯博-全球非投資等級債券基金AA(穩定月配)英鎊避險級別,yfinance,債券型,全球市場
B03622,2016-02-16,4.820069313049316,英鎊,聯博-全球非投資等級債券基金AA(穩定月配)英鎊避險級別,yfinance,債券型,全球市場
B03622,2016-02-17,4.853453636169434,英鎊,聯博-全球非投資等級債券基金AA(穩定月配)英鎊避險級別,yfinance,債券型,全球市場
B03622,2016-02-18,4.874316692352295,英鎊,聯博-全球非投資等級債券基金AA(穩定月配)英鎊避險級別,yfinance,債券型,全球市場
B03622,2016-02-19,4.865973472595215,英鎊,聯博-全球非投資等級債券基金AA(穩定月配)英鎊避險級別,yfinance,債券型,全球市場
B03622,2016-02-22,4.8868408203125,英鎊,聯博-全球非投資等級債券基金AA(穩定月配)英鎊避險級別,yfinance,債券型,全球市場
B03622,2016-02-23,4.8868408203125,英鎊,聯博-全球非投資等級債券基金AA(穩定月配)英鎊避險級別,yfinance,債券型,全球市場
B03622,2016-02-24,4.870148181915283,英鎊,聯博-全球非投資等級債券基金AA(穩定月配)英鎊避險級別,yfinance,債券型,全球市場
B03622,2016-02-25,4.916049480438232,英鎊,聯博-全球非投資等級債券基金AA(穩定月配)英鎊避險級別,yfinance,債券型,全球市場
B03622,2016-02-26,4.916049480438232,英鎊,聯博-全球非投資等級債券基金AA(穩定月配)英鎊避險級別,yfinance,債券型,全球市場
B03622,2016-02-29,4.932958126068115,英鎊,聯博-全球非投資等級債券基金AA(穩定月配)英鎊避險級別,yfinance,債券型,全球市場
B03622,2016-03-01,4.966602802276611,英鎊,聯博-全球非投資等級債券基金AA(穩定月配)英鎊避險級別,yfinance,債券型,全球市場
B03622,2016-03-02,4.987627029418945,英鎊,聯博-全球非投資等級債券基金AA(穩定月配)英鎊避險級別,yfinance,債券型,全球市場
B03622,2016-03-03,5.00865364074707,英鎊,聯博-全球非投資等級債券基金AA(穩定月配)英鎊避險級別,yfinance,債券型,全球市場
B03622,2016-03-04,5.042297840118408,英鎊,聯博-全球非投資等級債券基金AA(穩定月配)英鎊避險級別,yfinance,債券型,全球市場
B03622,2016-03-07,5.050710678100586,英鎊,聯博-全球非投資等級債券基金AA(穩定月配)英鎊避險級別,yfinance,債券型,全球市場
B03622,2016-03-08,5.050710678100586,英鎊,聯博-全球非投資等級債券基金AA(穩定月配)英鎊避險級別,yfinance,債券型,全球市場
B03622,2016-03-09,5.050710678100586,英鎊,聯博-全球非投資等級債券基金AA(穩定月配)英鎊避險級別,yfinance,債券型,全球市場
B03622,2016-03-10,5.067531108856201,英鎊,聯博-全球非投資等級債券基金AA(穩定月配)英鎊避險級別,yfinance,債券型,全球市場
B03622,2016-03-11,5.109585285186768,英鎊,聯博-全球非投資等級債券基金AA(穩定月配)英鎊避險級別,yfinance,債券型,全球市場
B03622,2016-03-14,5.117999076843262,英鎊,聯博-全球非投資等級債券基金AA(穩定月配)英鎊避險級別,yfinance,債券型,全球市場
B03622,2016-03-15,5.101175308227539,英鎊,聯博-全球非投資等級債券基金AA(穩定月配)英鎊避險級別,yfinance,債券型,全球市場
B03622,2016-03-16,5.105381488800049,英鎊,聯博-全球非投資等級債券基金AA(穩定月配)英鎊避險級別,yfinance,債券型,全球市場
B03622,2016-03-17,5.1390252113342285,英鎊,聯博-全球非投資等級債券基金AA(穩定月配)英鎊避險級別,yfinance,債券型,全球市場
B03622,2016-03-18,5.168461799621582,英鎊,聯博-全球非投資等級債券基金AA(穩定月配)英鎊避險級別,yfinance,債券型,全球市場
B03622,2016-03-21,5.172666072845459,英鎊,聯博-全球非投資等級債券基金AA(穩定月配)英鎊避險級別,yfinance,債券型,全球市場
B03622,2016-03-22,5.172666072845459,英鎊,聯博-全球非投資等級債券基金AA(穩定月配)英鎊避險級別,yfinance,債券型,全球市場
B03622,2016-03-23,5.168461799621582,英鎊,聯博-全球非投資等級債券基金AA(穩定月配)英鎊避險級別,yfinance,債券型,全球市場
B03622,2016-03-24,5.147434234619141,英鎊,聯博-全球非投資等級債券基金AA(穩定月配)英鎊避險級別,yfinance,債券型,全球市場
B03622,2016-03-29,5.164255619049072,英鎊,聯博-全球非投資等級債券基金AA(穩定月配)英鎊避險級別,yfinance,債券型,全球市場
B03622,2016-03-30,5.160050392150879,英鎊,聯博-全球非投資等級債券基金AA(穩定月配)英鎊避險級別,yfinance,債券型,全球市場
B03622,2016-03-31,5.1770830154418945,英鎊,聯博-全球非投資等級債券基金AA(穩定月配)英鎊避險級別,yfinance,債券型,全球市場
B03622,2016-04-01,5.181318283081055,英鎊,聯博-全球非投資等級債券基金AA(穩定月配)英鎊避險級別,yfinance,債券型,全球市場
B03622,2016-04-04,5.185554504394531,英鎊,聯博-全球非投資等級債券基金AA(穩定月配)英鎊避險級別,yfinance,債券型,全球市場
B03622,2016-04-05,5.172846794128418,英鎊,聯博-全球非投資等級債券基金AA(穩定月配)英鎊避險級別,yfinance,債券型,全球市場
B03622,2016-04-06,5.181318283081055,英鎊,聯博-全球非投資等級債券基金AA(穩定月配)英鎊避險級別,yfinance,債券型,全球市場
B03622,2016-04-07,5.1770830154418945,英鎊,聯博-全球非投資等級債券基金AA(穩定月配)英鎊避險級別,yfinance,債券型,全球市場
B03622,2016-04-08,5.189793586730957,英鎊,聯博-全球非投資等級債券基金AA(穩定月配)英鎊避險級別,yfinance,債券型,全球市場
B03622,2016-04-11,5.194026947021484,英鎊,聯博-全球非投資等級債券基金AA(穩定月配)英鎊避險級別,yfinance,債券型,全球市場
B03622,2016-04-12,5.210972785949707,英鎊,聯博-全球非投資等級債券基金AA(穩定月配)英鎊避險級別,yfinance,債券型,全球市場
B03622,2016-04-13,5.236394882202148,英鎊,聯博-全球非投資等級債券基金AA(穩定月配)英鎊避險級別,yfinance,債券型,全球市場
B03622,2016-04-14,5.249101161956787,英鎊,聯博-全球非投資等級債券基金AA(穩定月配)英鎊避險級別,yfinance,債券型,全球市場
B03622,2016-04-15,5.253339767456055,英鎊,聯博-全球非投資等級債券基金AA(穩定月配)英鎊避險級別,yfinance,債券型,全球市場
B03622,2016-04-18,5.249101161956787,英鎊,聯博-全球非投資等級債券基金AA(穩定月配)英鎊避險級別,yfinance,債券型,全球市場
B03622,2016-04-19,5.2787604331970215,英鎊,聯博-全球非投資等級債券基金AA(穩定月配)英鎊避險級別,yfinance,債券型,全球市場
B03622,2016-04-20,5.295709609985352,英鎊,聯博-全球非投資等級債券基金AA(穩定月配)英鎊避險級別,yfinance,債券型,全球市場
B03622,2016-04-21,5.299942970275879,英鎊,聯博-全球非投資等級債券基金AA(穩定月配)英鎊避險級別,yfinance,債券型,全球市場
B03622,2016-04-22,5.299942970275879,英鎊,聯博-全球非投資等級債券基金AA(穩定月配)英鎊避險級別,yfinance,債券型,全球市場
B03622,2016-04-25,5.291469097137451,英鎊,聯博-全球非投資等級債券基金AA(穩定月配)英鎊避險級別,yfinance,債券型,全球市場
B03622,2016-04-26,5.299942970275879,英鎊,聯博-全球非投資等級債券基金AA(穩定月配)英鎊避險級別,yfinance,債券型,全球市場
B03622,2016-04-27,5.338072299957275,英鎊,聯博-全球非投資等級債券基金AA(穩定月配)英鎊避險級別,yfinance,債券型,全球市場
B03622,2016-04-28,5.3295979499816895,英鎊,聯博-全球非投資等級債券基金AA(穩定月配)英鎊避險級別,yfinance,債券型,全球市場
B03622,2016-04-29,5.33395528793335,英鎊,聯博-全球非投資等級債券基金AA(穩定月配)英鎊避險級別,yfinance,債券型,全球市場
B03622,2016-05-03,5.308346271514893,英鎊,聯博-全球非投資等級債券基金AA(穩定月配)英鎊避險級別,yfinance,債券型,全球市場
B03622,2016-05-04,5.29127836227417,英鎊,聯博-全球非投資等級債券基金AA(穩定月配)英鎊避險級別,yfinance,債券型,全球市場
B03622,2016-05-06,5.269941806793213,英鎊,聯博-全球非投資等級債券基金AA(穩定月配)英鎊避險級別,yfinance,債券型,全球市場
B03622,2016-05-09,5.274211883544922,英鎊,聯博-全球非投資等級債券基金AA(穩定月配)英鎊避險級別,yfinance,債券型,全球市場
B03622,2016-05-10,5.287009239196777,英鎊,聯博-全球非投資等級債券基金AA(穩定月配)英鎊避險級別,yfinance,債券型,全球市場
B03622,2016-05-11,5.2998151779174805,英鎊,聯博-全球非投資等級債券基金AA(穩定月配)英鎊避險級別,yfinance,債券型,全球市場
B03622,2016-05-12,5.304082870483398,英鎊,聯博-全球非投資等級債券基金AA(穩定月配)英鎊避險級別,yfinance,債券型,全球市場
B03622,2016-05-13,5.2998151779174805,英鎊,聯博-全球非投資等級債券基金AA(穩定月配)英鎊避險級別,yfinance,債券型,全球市場
B03622,2016-05-17,5.304082870483398,英鎊,聯博-全球非投資等級債券基金AA(穩定月配)英鎊避險級別,yfinance,債券型,全球市場
B03622,2016-05-18,5.29127836227417,英鎊,聯博-全球非投資等級債券基金AA(穩定月配)英鎊避險級別,yfinance,債券型,全球市場
B03622,2016-05-19,5.274211883544922,英鎊,聯博-全球非投資等級債券基金AA(穩定月配)英鎊避險級別,yfinance,債券型,全球市場
B03622,2016-05-20,5.287009239196777,英鎊,聯博-全球非投資等級債券基金AA(穩定月配)英鎊避險級別,yfinance,債券型,全球市場
B03622,2016-05-23,5.287009239196777,英鎊,聯博-全球非投資等級債券基金AA(穩定月配)英鎊避險級別,yfinance,債券型,全球市場
B03622,2016-05-24,5.2998151779174805,英鎊,聯博-全球非投資等級債券基金AA(穩定月配)英鎊避險級別,yfinance,債券型,全球市場
B03622,2016-05-25,5.312615394592285,英鎊,聯博-全球非投資等級債券基金AA(穩定月配)英鎊避險級別,yfinance,債券型,全球市場
B03622,2016-05-26,5.351018905639648,英鎊,聯博-全球非投資等級債券基金AA(穩定月配)英鎊避險級別,yfinance,債券型,全球市場
B03622,2016-05-27,5.32114839553833,英鎊,聯博-全球非投資等級債券基金AA(穩定月配)英鎊避險級別,yfinance,債券型,全球市場
B03622,2016-05-31,5.325531005859375,英鎊,聯博-全球非投資等級債券基金AA(穩定月配)英鎊避險級別,yfinance,債券型,全球市場
B03622,2016-06-01,5.316935062408447,英鎊,聯博-全球非投資等級債券基金AA(穩定月配)英鎊避險級別,yfinance,債券型,全球市場
B03622,2016-06-02,5.321235179901123,英鎊,聯博-全球非投資等級債券基金AA(穩定月配)英鎊避險級別,yfinance,債券型,全球市場
B03622,2016-06-03,5.342729091644287,英鎊,聯博-全球非投資等級債券基金AA(穩定月配)英鎊避險級別,yfinance,債券型,全球市場
B03622,2016-06-06,5.35991907119751,英鎊,聯博-全球非投資等級債券基金AA(穩定月配)英鎊避險級別,yfinance,債券型,全球市場
B03622,2016-06-07,5.377113342285156,英鎊,聯博-全球非投資等級債券基金AA(穩定月配)英鎊避險級別,yfinance,債券型,全球市場
B03622,2016-06-08,5.385707855224609,英鎊,聯博-全球非投資等級債券基金AA(穩定月配)英鎊避險級別,yfinance,債券型,全球市場
B03622,2016-06-09,5.398603916168213,英鎊,聯博-全球非投資等級債券基金AA(穩定月配)英鎊避險級別,yfinance,債券型,全球市場
B03622,2016-06-10,5.368515968322754,英鎊,聯博-全球非投資等級債券基金AA(穩定月配)英鎊避險級別,yfinance,債券型,全球市場
B03622,2016-06-13,5.3642168045043945,英鎊,聯博-全球非投資等級債券基金AA(穩定月配)英鎊避險級別,yfinance,債券型,全球市場
B03622,2016-06-14,5.3384318351745605,英鎊,聯博-全球非投資等級債券基金AA(穩定月配)英鎊避險級別,yfinance,債券型,全球市場
B03622,2016-06-15,5.347023010253906,英鎊,聯博-全球非投資等級債券基金AA(穩定月配)英鎊避險級別,yfinance,債券型,全球市場
B03622,2016-06-16,5.329832553863525,英鎊,聯博-全球非投資等級債券基金AA(穩定月配)英鎊避險級別,yfinance,債券型,全球市場
B03622,2016-06-17,5.347023010253906,英鎊,聯博-全球非投資等級債券基金AA(穩定月配)英鎊避險級別,yfinance,債券型,全球市場
B03622,2016-06-20,5.377113342285156,英鎊,聯博-全球非投資等級債券基金AA(穩定月配)英鎊避險級別,yfinance,債券型,全球市場
B03622,2016-06-21,5.381412506103516,英鎊,聯博-全球非投資等級債券基金AA(穩定月配)英鎊避險級別,yfinance,債券型,全球市場
B03622,2016-06-22,5.390007019042969,英鎊,聯博-全球非投資等級債券基金AA(穩定月配)英鎊避險級別,yfinance,債券型,全球市場
B03622,2016-06-24,5.355621814727783,英鎊,聯博-全球非投資等級債券基金AA(穩定月配)英鎊避險級別,yfinance,債券型,全球市場
B03622,2016-06-27,5.321235179901123,英鎊,聯博-全球非投資等級債券基金AA(穩定月配)英鎊避險級別,yfinance,債券型,全球市場
B03622,2016-06-28,5.347023010253906,英鎊,聯博-全球非投資等級債券基金AA(穩定月配)英鎊避險級別,yfinance,債券型,全球市場
B03622,2016-06-29,5.385707855224609,英鎊,聯博-全球非投資等級債券基金AA(穩定月配)英鎊避險級別,yfinance,債券型,全球市場
B03622,2016-06-30,5.403114318847656,英鎊,聯博-全球非投資等級債券基金AA(穩定月配)英鎊避險級別,yfinance,債券型,全球市場
B03622,2016-07-01,5.42475700378418,英鎊,聯博-全球非投資等級債券基金AA(穩定月配)英鎊避險級別,yfinance,債券型,全球市場
B03622,2016-07-05,5.420433044433594,英鎊,聯博-全球非投資等級債券基金AA(穩定月配)英鎊避險級別,yfinance,債券型,全球市場
B03622,2016-07-06,5.420433044433594,英鎊,聯博-全球非投資等級債券基金AA(穩定月配)英鎊避險級別,yfinance,債券型,全球市場
B03622,2016-07-07,5.433418273925781,英鎊,聯博-全球非投資等級債券基金AA(穩定月配)英鎊避險級別,yfinance,債券型,全球市場
B03622,2016-07-08,5.4680562019348145,英鎊,聯博-全球非投資等級債券基金AA(穩定月配)英鎊避險級別,yfinance,債券型,全球市場
B03622,2016-07-11,5.494033336639404,英鎊,聯博-全球非投資等級債券基金AA(穩定月配)英鎊避險級別,yfinance,債券型,全球市場
B03622,2016-07-12,5.528669357299805,英鎊,聯博-全球非投資等級債券基金AA(穩定月配)英鎊避險級別,yfinance,債券型,全球市場
B03622,2016-07-13,5.528669357299805,英鎊,聯博-全球非投資等級債券基金AA(穩定月配)英鎊避險級別,yfinance,債券型,全球市場
B03622,2016-07-14,5.537327766418457,英鎊,聯博-全球非投資等級債券基金AA(穩定月配)英鎊避險級別,yfinance,債券型,全球市場
B03622,2016-07-15,5.537327766418457,英鎊,聯博-全球非投資等級債券基金AA(穩定月配)英鎊避險級別,yfinance,債券型,全球市場
B03622,2016-07-18,5.541656494140625,英鎊,聯博-全球非投資等級債券基金AA(穩定月配)英鎊避險級別,yfinance,債券型,全球市場
B03622,2016-07-19,5.571963787078857,英鎊,聯博-全球非投資等級債券基金AA(穩定月配)英鎊避險級別,yfinance,債券型,全球市場
B03622,2016-07-20,5.545983791351318,英鎊,聯博-全球非投資等級債券基金AA(穩定月配)英鎊避險級別,yfinance,債券型,全球市場
B03622,2016-07-21,5.550314903259277,英鎊,聯博-全球非投資等級債券基金AA(穩定月配)英鎊避險級別,yfinance,債券型,全球市場
B03622,2016-07-22,5.580620765686035,英鎊,聯博-全球非投資等級債券基金AA(穩定月配)英鎊避險級別,yfinance,債券型,全球市場
B03622,2016-07-25,5.545983791351318,英鎊,聯博-全球非投資等級債券基金AA(穩定月配)英鎊避險級別,yfinance,債券型,全球市場
B03622,2016-07-26,5.550314903259277,英鎊,聯博-全球非投資等級債券基金AA(穩定月配)英鎊避險級別,yfinance,債券型,全球市場
B03622,2016-07-27,5.563301086425781,英鎊,聯博-全球非投資等級債券基金AA(穩定月配)英鎊避險級別,yfinance,債券型,全球市場
B03622,2016-07-28,5.563301086425781,英鎊,聯博-全球非投資等級債券基金AA(穩定月配)英鎊避險級別,yfinance,債券型,全球市場
B03622,2016-07-29,5.5372314453125,英鎊,聯博-全球非投資等級債券基金AA(穩定月配)英鎊避險級別,yfinance,債券型,全球市場
B03622,2016-08-01,5.532871723175049,英鎊,聯博-全球非投資等級債券基金AA(穩定月配)英鎊避險級別,yfinance,債券型,全球市場
B03622,2016-08-02,5.524148941040039,英鎊,聯博-全球非投資等級債券基金AA(穩定月配)英鎊避險級別,yfinance,債券型,全球市場
B03622,2016-08-03,5.524148941040039,英鎊,聯博-全球非投資等級債券基金AA(穩定月配)英鎊避險級別,yfinance,債券型,全球市場
B03622,2016-08-04,5.54158878326416,英鎊,聯博-全球非投資等級債券基金AA(穩定月配)英鎊避險級別,yfinance,債券型,全球市場
B03622,2016-08-05,5.5546722412109375,英鎊,聯博-全球非投資等級債券基金AA(穩定月配)英鎊避險級別,yfinance,債券型,全球市場
B03622,2016-08-08,5.563391208648682,英鎊,聯博-全球非投資等級債券基金AA(穩定月配)英鎊避險級別,yfinance,債券型,全球市場
B03622,2016-08-09,5.576470851898193,英鎊,聯博-全球非投資等級債券基金AA(穩定月配)英鎊避險級別,yfinance,債券型,全球市場
B03622,2016-08-10,5.5851898193359375,英鎊,聯博-全球非投資等級債券基金AA(穩定月配)英鎊避險級別,yfinance,債券型,全球市場
B03622,2016-08-11,5.580830097198486,英鎊,聯博-全球非投資等級債券基金AA(穩定月配)英鎊避險級別,yfinance,債券型,全球市場
B03622,2016-08-12,5.5851898193359375,英鎊,聯博-全球非投資等級債券基金AA(穩定月配)英鎊避險級別,yfinance,債券型,全球市場
B03622,2016-08-16,5.628789901733398,英鎊,聯博-全球非投資等級債券基金AA(穩定月配)英鎊避險級別,yfinance,債券型,全球市場
B03622,2016-08-17,5.598268985748291,英鎊,聯博-全球非投資等級債券基金AA(穩定月配)英鎊避險級別,yfinance,債券型,全球市場
B03622,2016-08-18,5.602628231048584,英鎊,聯博-全球非投資等級債券基金AA(穩定月配)英鎊避險級別,yfinance,債券型,全球市場
B03622,2016-08-19,5.602628231048584,英鎊,聯博-全球非投資等級債券基金AA(穩定月配)英鎊避險級別,yfinance,債券型,全球市場
B03622,2016-08-22,5.602628231048584,英鎊,聯博-全球非投資等級債券基金AA(穩定月配)英鎊避險級別,yfinance,債券型,全球市場
B03622,2016-08-23,5.606987953186035,英鎊,聯博-全球非投資等級債券基金AA(穩定月配)英鎊避險級別,yfinance,債券型,全球市場
B03622,2016-08-24,5.602628231048584,英鎊,聯博-全球非投資等級債券基金AA(穩定月配)英鎊避險級別,yfinance,債券型,全球市場
B03622,2016-08-25,5.63314962387085,英鎊,聯博-全球非投資等級債券基金AA(穩定月配)英鎊避險級別,yfinance,債券型,全球市場
B03622,2016-08-26,5.63314962387085,英鎊,聯博-全球非投資等級債券基金AA(穩定月配)英鎊避險級別,yfinance,債券型,全球市場
B03622,2016-08-30,5.637510299682617,英鎊,聯博-全球非投資等級債券基金AA(穩定月配)英鎊避險級別,yfinance,債券型,全球市場
B03622,2016-08-31,5.606863975524902,英鎊,聯博-全球非投資等級債券基金AA(穩定月配)英鎊避險級別,yfinance,債券型,全球市場
B03622,2016-09-01,5.602473735809326,英鎊,聯博-全球非投資等級債券基金AA(穩定月配)英鎊避險級別,yfinance,債券型,全球市場
B03622,2016-09-02,5.6112542152404785,英鎊,聯博-全球非投資等級債券基金AA(穩定月配)英鎊避險級別,yfinance,債券型,全球市場
B03622,2016-09-06,5.628818035125732,英鎊,聯博-全球非投資等級債券基金AA(穩定月配)英鎊避險級別,yfinance,債券型,全球市場
B03622,2016-09-07,5.63320779800415,英鎊,聯博-全球非投資等級債券基金AA(穩定月配)英鎊避險級別,yfinance,債券型,全球市場
B03622,2016-09-08,5.63320779800415,英鎊,聯博-全球非投資等級債券基金AA(穩定月配)英鎊避險級別,yfinance,債券型,全球市場
B03622,2016-09-09,5.606863975524902,英鎊,聯博-全球非投資等級債券基金AA(穩定月配)英鎊避險級別,yfinance,債券型,全球市場
B03622,2016-09-12,5.602473735809326,英鎊,聯博-全球非投資等級債券基金AA(穩定月配)英鎊避險級別,yfinance,債券型,全球市場
B03622,2016-09-13,5.580519676208496,英鎊,聯博-全球非投資等級債券基金AA(穩定月配)英鎊避險級別,yfinance,債券型,全球市場
B03622,2016-09-14,5.571738243103027,英鎊,聯博-全球非投資等級債券基金AA(穩定月配)英鎊避險級別,yfinance,債券型,全球市場
B03622,2016-09-15,5.576129913330078,英鎊,聯博-全球非投資等級債券基金AA(穩定月配)英鎊避險級別,yfinance,債券型,全球市場
B03622,2016-09-16,5.571738243103027,英鎊,聯博-全球非投資等級債券基金AA(穩定月配)英鎊避險級別,yfinance,債券型,全球市場
B03622,2016-09-19,5.580519676208496,英鎊,聯博-全球非投資等級債券基金AA(穩定月配)英鎊避險級別,yfinance,債券型,全球市場
B03622,2016-09-20,5.580519676208496,英鎊,聯博-全球非投資等級債券基金AA(穩定月配)英鎊避險級別,yfinance,債券型,全球市場
B03622,2016-09-21,5.598080158233643,英鎊,聯博-全球非投資等級債券基金AA(穩定月配)英鎊避險級別,yfinance,債券型,全球市場
B03622,2016-09-22,5.655158996582031,英鎊,聯博-全球非投資等級債券基金AA(穩定月配)英鎊避險級別,yfinance,債券型,全球市場
B03622,2016-09-23,5.624425888061523,英鎊,聯博-全球非投資等級債券基金AA(穩定月配)英鎊避險級別,yfinance,債券型,全球市場
B03622,2016-09-26,5.6419878005981445,英鎊,聯博-全球非投資等級債券基金AA(穩定月配)英鎊避險級別,yfinance,債券型,全球市場
B03622,2016-09-27,5.6200337409973145,英鎊,聯博-全球非投資等級債券基金AA(穩定月配)英鎊避險級別,yfinance,債券型,全球市場
B03622,2016-09-28,5.628818035125732,英鎊,聯博-全球非投資等級債券基金AA(穩定月配)英鎊避險級別,yfinance,債券型,全球市場
B03622,2016-09-29,5.663941860198975,英鎊,聯博-全球非投資等級債券基金AA(穩定月配)英鎊避險級別,yfinance,債券型,全球市場
B03622,2016-09-30,5.638710021972656,英鎊,聯博-全球非投資等級債券基金AA(穩定月配)英鎊避險級別,yfinance,債券型,全球市場
B03622,2016-10-03,5.643128395080566,英鎊,聯博-全球非投資等級債券基金AA(穩定月配)英鎊避險級別,yfinance,債券型,全球市場
B03622,2016-10-04,5.643128395080566,英鎊,聯博-全球非投資等級債券基金AA(穩定月配)英鎊避險級別,yfinance,債券型,全球市場
B03622,2016-10-05,5.651967525482178,英鎊,聯博-全球非投資等級債券基金AA(穩定月配)英鎊避險級別,yfinance,債券型,全球市場
B03622,2016-10-06,5.656383514404297,英鎊,聯博-全球非投資等級債券基金AA(穩定月配)英鎊避險級別,yfinance,債券型,全球市場
B03622,2016-10-07,5.656383514404297,英鎊,聯博-全球非投資等級債券基金AA(穩定月配)英鎊避險級別,yfinance,債券型,全球市場
B03622,2016-10-10,5.660804748535156,英鎊,聯博-全球非投資等級債券基金AA(穩定月配)英鎊避險級別,yfinance,債券型,全球市場
B03622,2016-10-11,5.660804748535156,英鎊,聯博-全球非投資等級債券基金AA(穩定月配)英鎊避險級別,yfinance,債券型,全球市場
B03622,2016-10-12,5.656383514404297,英鎊,聯博-全球非投資等級債券基金AA(穩定月配)英鎊避險級別,yfinance,債券型,全球市場
B03622,2016-10-13,5.656383514404297,英鎊,聯博-全球非投資等級債券基金AA(穩定月配)英鎊避險級別,yfinance,債券型,全球市場
B03622,2016-10-14,5.656383514404297,英鎊,聯博-全球非投資等級債券基金AA(穩定月配)英鎊避險級別,yfinance,債券型,全球市場
B03622,2016-10-17,5.656383514404297,英鎊,聯博-全球非投資等級債券基金AA(穩定月配)英鎊避險級別,yfinance,債券型,全球市場
B03622,2016-10-18,5.669642448425293,英鎊,聯博-全球非投資等級債券基金AA(穩定月配)英鎊避險級別,yfinance,債券型,全球市場
B03622,2016-10-19,5.682898998260498,英鎊,聯博-全球非投資等級債券基金AA(穩定月配)英鎊避險級別,yfinance,債券型,全球市場
B03622,2016-10-20,5.691736221313477,英鎊,聯博-全球非投資等級債券基金AA(穩定月配)英鎊避險級別,yfinance,債券型,全球市場
B03622,2016-10-21,5.691736221313477,英鎊,聯博-全球非投資等級債券基金AA(穩定月配)英鎊避險級別,yfinance,債券型,全球市場
B03622,2016-10-24,5.700575828552246,英鎊,聯博-全球非投資等級債券基金AA(穩定月配)英鎊避險級別,yfinance,債券型,全球市場
B03622,2016-10-25,5.731509685516357,英鎊,聯博-全球非投資等級債券基金AA(穩定月配)英鎊避險級別,yfinance,債券型,全球市場
B03622,2016-10-26,5.713833332061768,英鎊,聯博-全球非投資等級債券基金AA(穩定月配)英鎊避險級別,yfinance,債券型,全球市場
B03622,2016-10-27,5.669642448425293,英鎊,聯博-全球非投資等級債券基金AA(穩定月配)英鎊避險級別,yfinance,債券型,全球市場
B03622,2016-10-28,5.687317371368408,英鎊,聯博-全球非投資等級債券基金AA(穩定月配)英鎊避險級別,yfinance,債券型,全球市場
B03622,2016-10-31,5.648577690124512,英鎊,聯博-全球非投資等級債券基金AA(穩定月配)英鎊避險級別,yfinance,債券型,全球市場
B03622,2016-11-02,5.617443561553955,英鎊,聯博-全球非投資等級債券基金AA(穩定月配)英鎊避險級別,yfinance,債券型,全球市場
B03622,2016-11-03,5.617443561553955,英鎊,聯博-全球非投資等級債券基金AA(穩定月配)英鎊避險級別,yfinance,債券型,全球市場
B03622,2016-11-04,5.612996578216553,英鎊,聯博-全球非投資等級債券基金AA(穩定月配)英鎊避險級別,yfinance,債券型,全球市場
B03622,2016-11-07,5.635234832763672,英鎊,聯博-全球非投資等級債券基金AA(穩定月配)英鎊避險級別,yfinance,債券型,全球市場
B03622,2016-11-08,5.639684677124023,英鎊,聯博-全球非投資等級債券基金AA(穩定月配)英鎊避險級別,yfinance,債券型,全球市場
B03622,2016-11-09,5.599656105041504,英鎊,聯博-全球非投資等級債券基金AA(穩定月配)英鎊避險級別,yfinance,債券型,全球市場
B03622,2016-11-10,5.586311340332031,英鎊,聯博-全球非投資等級債券基金AA(穩定月配)英鎊避險級別,yfinance,債券型,全球市場
B03622,2016-11-11,5.5774149894714355,英鎊,聯博-全球非投資等級債券基金AA(穩定月配)英鎊避險級別,yfinance,債券型,全球市場
B03622,2016-11-14,5.524043083190918,英鎊,聯博-全球非投資等級債券基金AA(穩定月配)英鎊避險級別,yfinance,債券型,全球市場
B03622,2016-11-15,5.555179119110107,英鎊,聯博-全球非投資等級債券基金AA(穩定月配)英鎊避險級別,yfinance,債券型,全球市場
B03622,2016-11-16,5.55962610244751,英鎊,聯博-全球非投資等級債券基金AA(穩定月配)英鎊避險級別,yfinance,債券型,全球市場
B03622,2016-11-17,5.55962610244751,英鎊,聯博-全球非投資等級債券基金AA(穩定月配)英鎊避險級別,yfinance,債券型,全球市場
B03622,2016-11-18,5.5507307052612305,英鎊,聯博-全球非投資等級債券基金AA(穩定月配)英鎊避險級別,yfinance,債券型,全球市場
B03622,2016-11-21,5.564073085784912,英鎊,聯博-全球非投資等級債券基金AA(穩定月配)英鎊避險級別,yfinance,債券型,全球市場
B03622,2016-11-22,5.5774149894714355,英鎊,聯博-全球非投資等級債券基金AA(穩定月配)英鎊避險級別,yfinance,債券型,全球市場
B03622,2016-11-23,5.572964668273926,英鎊,聯博-全球非投資等級債券基金AA(穩定月配)英鎊避險級別,yfinance,債券型,全球市場
B03622,2016-11-25,5.599656105041504,英鎊,聯博-全球非投資等級債券基金AA(穩定月配)英鎊避險級別,yfinance,債券型,全球市場
B03622,2016-11-28,5.608550071716309,英鎊,聯博-全球非投資等級債券基金AA(穩定月配)英鎊避險級別,yfinance,債券型,全球市場
B03622,2016-11-29,5.608550071716309,英鎊,聯博-全球非投資等級債券基金AA(穩定月配)英鎊避險級別,yfinance,債券型,全球市場
B03622,2016-11-30,5.591942310333252,英鎊,聯博-全球非投資等級債券基金AA(穩定月配)英鎊避險級別,yfinance,債券型,全球市場
B03622,2016-12-01,5.57850980758667,英鎊,聯博-全球非投資等級債券基金AA(穩定月配)英鎊避險級別,yfinance,債券型,全球市場
B03622,2016-12-02,5.587465286254883,英鎊,聯博-全球非投資等級債券基金AA(穩定月配)英鎊避險級別,yfinance,債券型,全球市場
B03622,2016-12-05,5.605371475219727,英鎊,聯博-全球非投資等級債券基金AA(穩定月配)英鎊避險級別,yfinance,債券型,全球市場
B03622,2016-12-06,5.623280048370361,英鎊,聯博-全球非投資等級債券基金AA(穩定月配)英鎊避險級別,yfinance,債券型,全球市場
B03622,2016-12-07,5.650141716003418,英鎊,聯博-全球非投資等級債券基金AA(穩定月配)英鎊避險級別,yfinance,債券型,全球市場
B03622,2016-12-08,5.659097194671631,英鎊,聯博-全球非投資等級債券基金AA(穩定月配)英鎊避險級別,yfinance,債券型,全球市場
B03622,2016-12-09,5.654618263244629,英鎊,聯博-全球非投資等級債券基金AA(穩定月配)英鎊避險級別,yfinance,債券型,全球市場
B03622,2016-12-12,5.668050289154053,英鎊,聯博-全球非投資等級債券基金AA(穩定月配)英鎊避險級別,yfinance,債券型,全球市場
B03622,2016-12-13,5.672530174255371,英鎊,聯博-全球非投資等級債券基金AA(穩定月配)英鎊避險級別,yfinance,債券型,全球市場
B03622,2016-12-14,5.668050289154053,英鎊,聯博-全球非投資等級債券基金AA(穩定月配)英鎊避險級別,yfinance,債券型,全球市場
B03622,2016-12-15,5.650141716003418,英鎊,聯博-全球非投資等級債券基金AA(穩定月配)英鎊避險級別,yfinance,債券型,全球市場
B03622,2016-12-16,5.650141716003418,英鎊,聯博-全球非投資等級債券基金AA(穩定月配)英鎊避險級別,yfinance,債券型,全球市場
B03622,2016-12-19,5.659097194671631,英鎊,聯博-全球非投資等級債券基金AA(穩定月配)英鎊避險級別,yfinance,債券型,全球市場
B03622,2016-12-20,5.663573265075684,英鎊,聯博-全球非投資等級債券基金AA(穩定月配)英鎊避險級別,yfinance,債券型,全球市場
B03622,2016-12-21,5.677004337310791,英鎊,聯博-全球非投資等級債券基金AA(穩定月配)英鎊避險級別,yfinance,債券型,全球市場
B03622,2016-12-22,5.681478023529053,英鎊,聯博-全球非投資等級債券基金AA(穩定月配)英鎊避險級別,yfinance,債券型,全球市場
B03622,2016-12-23,5.690438270568848,英鎊,聯博-全球非投資等級債券基金AA(穩定月配)英鎊避險級別,yfinance,債券型,全球市場
B03622,2016-12-28,5.694911479949951,英鎊,聯博-全球非投資等級債券基金AA(穩定月配)英鎊避險級別,yfinance,債券型,全球市場
B03622,2016-12-29,5.730731010437012,英鎊,聯博-全球非投資等級債券基金AA(穩定月配)英鎊避險級別,yfinance,債券型,全球市場
B03622,2016-12-30,5.700493812561035,英鎊,聯博-全球非投資等級債券基金AA(穩定月配)英鎊避險級別,yfinance,債券型,全球市場
B24089,2016-01-04,6.006999969482422,英鎊,霸菱德國增長基金-A類英鎊累積型,yfinance,股票型,歐洲(含歐元區)
B24089,2016-01-05,5.953999996185303,英鎊,霸菱德國增長基金-A類英鎊累積型,yfinance,股票型,歐洲(含歐元區)
B24089,2016-01-06,5.926000118255615,英鎊,霸菱德國增長基金-A類英鎊累積型,yfinance,股票型,歐洲(含歐元區)
B24089,2016-01-07,5.84499979019165,英鎊,霸菱德國增長基金-A類英鎊累積型,yfinance,股票型,歐洲(含歐元區)
B24089,2016-01-08,5.901000022888184,英鎊,霸菱德國增長基金-A類英鎊累積型,yfinance,股票型,歐洲(含歐元區)
B24089,2016-01-11,5.870999813079834,英鎊,霸菱德國增長基金-A類英鎊累積型,yfinance,股票型,歐洲(含歐元區)
B24089,2016-01-12,6.01200008392334,英鎊,霸菱德國增長基金-A類英鎊累積型,yfinance,股票型,歐洲(含歐元區)
B24089,2016-01-13,6.021999835968018,英鎊,霸菱德國增長基金-A類英鎊累積型,yfinance,股票型,歐洲(含歐元區)
B24089,2016-01-14,5.8520002365112305,英鎊,霸菱德國增長基金-A類英鎊累積型,yfinance,股票型,歐洲(含歐元區)
B24089,2016-01-15,5.831999778747559,英鎊,霸菱德國增長基金-A類英鎊累積型,yfinance,股票型,歐洲(含歐元區)
B24089,2016-01-18,5.754000186920166,英鎊,霸菱德國增長基金-A類英鎊累積型,yfinance,股票型,歐洲(含歐元區)
B24089,2016-01-19,5.864999771118164,英鎊,霸菱德國增長基金-A類英鎊累積型,yfinance,股票型,歐洲(含歐元區)
B24089,2016-01-20,5.763999938964844,英鎊,霸菱德國增長基金-A類英鎊累積型,yfinance,股票型,歐洲(含歐元區)
B24089,2016-01-21,5.796999931335449,英鎊,霸菱德國增長基金-A類英鎊累積型,yfinance,股票型,歐洲(含歐元區)
B24089,2016-01-22,5.883999824523926,英鎊,霸菱德國增長基金-A類英鎊累積型,yfinance,股票型,歐洲(含歐元區)
B24089,2016-01-25,5.921999931335449,英鎊,霸菱德國增長基金-A類英鎊累積型,yfinance,股票型,歐洲(含歐元區)
B24089,2016-01-26,5.870999813079834,英鎊,霸菱德國增長基金-A類英鎊累積型,yfinance,股票型,歐洲(含歐元區)
B24089,2016-01-27,5.888000011444092,英鎊,霸菱德國增長基金-A類英鎊累積型,yfinance,股票型,歐洲(含歐元區)
B24089,2016-01-28,5.857999801635742,英鎊,霸菱德國增長基金-A類英鎊累積型,yfinance,股票型,歐洲(含歐元區)
B24089,2016-01-29,5.8460001945495605,英鎊,霸菱德國增長基金-A類英鎊累積型,yfinance,股票型,歐洲(含歐元區)
B24089,2016-02-01,5.889999866485596,英鎊,霸菱德國增長基金-A類英鎊累積型,yfinance,股票型,歐洲(含歐元區)
B24089,2016-02-02,5.808000087738037,英鎊,霸菱德國增長基金-A類英鎊累積型,yfinance,股票型,歐洲(含歐元區)
B24089,2016-02-03,5.690000057220459,英鎊,霸菱德國增長基金-A類英鎊累積型,yfinance,股票型,歐洲(含歐元區)
B24089,2016-02-04,5.729000091552734,英鎊,霸菱德國增長基金-A類英鎊累積型,yfinance,股票型,歐洲(含歐元區)
B24089,2016-02-05,5.728000164031982,英鎊,霸菱德國增長基金-A類英鎊累積型,yfinance,股票型,歐洲(含歐元區)
B24089,2016-02-08,5.513000011444092,英鎊,霸菱德國增長基金-A類英鎊累積型,yfinance,股票型,歐洲(含歐元區)
B24089,2016-02-09,5.441999912261963,英鎊,霸菱德國增長基金-A類英鎊累積型,yfinance,股票型,歐洲(含歐元區)
B24089,2016-02-10,5.521999835968018,英鎊,霸菱德國增長基金-A類英鎊累積型,yfinance,股票型,歐洲(含歐元區)
B24089,2016-02-11,5.461999893188477,英鎊,霸菱德國增長基金-A類英鎊累積型,yfinance,股票型,歐洲(含歐元區)
B24089,2016-02-12,5.456999778747559,英鎊,霸菱德國增長基金-A類英鎊累積型,yfinance,股票型,歐洲(含歐元區)
B24089,2016-02-15,5.63700008392334,英鎊,霸菱德國增長基金-A類英鎊累積型,yfinance,股票型,歐洲(含歐元區)
B24089,2016-02-16,5.599999904632568,英鎊,霸菱德國增長基金-A類英鎊累積型,yfinance,股票型,歐洲(含歐元區)
B24089,2016-02-17,5.7210001945495605,英鎊,霸菱德國增長基金-A類英鎊累積型,yfinance,股票型,歐洲(含歐元區)
B24089,2016-02-18,5.827000141143799,英鎊,霸菱德國增長基金-A類英鎊累積型,yfinance,股票型,歐洲(含歐元區)
B24089,2016-02-19,5.788000106811523,英鎊,霸菱德國增長基金-A類英鎊累積型,yfinance,股票型,歐洲(含歐元區)
B24089,2016-02-22,5.921999931335449,英鎊,霸菱德國增長基金-A類英鎊累積型,yfinance,股票型,歐洲(含歐元區)
B24089,2016-02-23,5.876999855041504,英鎊,霸菱德國增長基金-A類英鎊累積型,yfinance,股票型,歐洲(含歐元區)
B24089,2016-02-24,5.783999919891357,英鎊,霸菱德國增長基金-A類英鎊累積型,yfinance,股票型,歐洲(含歐元區)
B24089,2016-02-25,5.885000228881836,英鎊,霸菱德國增長基金-A類英鎊累積型,yfinance,股票型,歐洲(含歐元區)
B24089,2016-02-26,5.9670000076293945,英鎊,霸菱德國增長基金-A類英鎊累積型,yfinance,股票型,歐洲(含歐元區)
B24089,2016-02-29,5.934000015258789,英鎊,霸菱德國增長基金-A類英鎊累積型,yfinance,股票型,歐洲(含歐元區)
B24089,2016-03-01,6.007999897003174,英鎊,霸菱德國增長基金-A類英鎊累積型,yfinance,股票型,歐洲(含歐元區)
B24089,2016-03-02,6.046000003814697,英鎊,霸菱德國增長基金-A類英鎊累積型,yfinance,股票型,歐洲(含歐元區)
B24089,2016-03-03,6.015999794006348,英鎊,霸菱德國增長基金-A類英鎊累積型,yfinance,股票型,歐洲(含歐元區)
B24089,2016-03-04,6.067999839782715,英鎊,霸菱德國增長基金-A類英鎊累積型,yfinance,股票型,歐洲(含歐元區)
B24089,2016-03-07,5.99399995803833,英鎊,霸菱德國增長基金-A類英鎊累積型,yfinance,股票型,歐洲(含歐元區)
B24089,2016-03-08,5.936999797821045,英鎊,霸菱德國增長基金-A類英鎊累積型,yfinance,股票型,歐洲(含歐元區)
B24089,2016-03-09,5.98199987411499,英鎊,霸菱德國增長基金-A類英鎊累積型,yfinance,股票型,歐洲(含歐元區)
B24089,2016-03-10,5.965000152587891,英鎊,霸菱德國增長基金-A類英鎊累積型,yfinance,股票型,歐洲(含歐元區)
B24089,2016-03-11,6.000999927520752,英鎊,霸菱德國增長基金-A類英鎊累積型,yfinance,股票型,歐洲(含歐元區)
B24089,2016-03-14,6.080999851226807,英鎊,霸菱德國增長基金-A類英鎊累積型,yfinance,股票型,歐洲(含歐元區)
B24089,2016-03-15,6.140999794006348,英鎊,霸菱德國增長基金-A類英鎊累積型,yfinance,股票型,歐洲(含歐元區)
B24089,2016-03-16,6.178999900817871,英鎊,霸菱德國增長基金-A類英鎊累積型,yfinance,股票型,歐洲(含歐元區)
B24089,2016-03-17,6.0929999351501465,英鎊,霸菱德國增長基金-A類英鎊累積型,yfinance,股票型,歐洲(含歐元區)
B24089,2016-03-18,6.084000110626221,英鎊,霸菱德國增長基金-A類英鎊累積型,yfinance,股票型,歐洲(含歐元區)
B24089,2016-03-21,6.164000034332275,英鎊,霸菱德國增長基金-A類英鎊累積型,yfinance,股票型,歐洲(含歐元區)
B24089,2016-03-22,6.125,英鎊,霸菱德國增長基金-A類英鎊累積型,yfinance,股票型,歐洲(含歐元區)
B24089,2016-03-23,6.263999938964844,英鎊,霸菱德國增長基金-A類英鎊累積型,yfinance,股票型,歐洲(含歐元區)
B24089,2016-03-24,6.158999919891357,英鎊,霸菱德國增長基金-A類英鎊累積型,yfinance,股票型,歐洲(含歐元區)
B24089,2016-03-29,6.125999927520752,英鎊,霸菱德國增長基金-A類英鎊累積型,yfinance,股票型,歐洲(含歐元區)
B24089,2016-03-30,6.23799991607666,英鎊,霸菱德國增長基金-A類英鎊累積型,yfinance,股票型,歐洲(含歐元區)
B24089,2016-03-31,6.244999885559082,英鎊,霸菱德國增長基金-A類英鎊累積型,yfinance,股票型,歐洲(含歐元區)
B24089,2016-04-01,6.216000080108643,英鎊,霸菱德國增長基金-A類英鎊累積型,yfinance,股票型,歐洲(含歐元區)
B24089,2016-04-04,6.301000118255615,英鎊,霸菱德國增長基金-A類英鎊累積型,yfinance,股票型,歐洲(含歐元區)
B24089,2016-04-05,6.131999969482422,英鎊,霸菱德國增長基金-A類英鎊累積型,yfinance,股票型,歐洲(含歐元區)
B24089,2016-04-06,6.160999774932861,英鎊,霸菱德國增長基金-A類英鎊累積型,yfinance,股票型,歐洲(含歐元區)
B24089,2016-04-07,6.21999979019165,英鎊,霸菱德國增長基金-A類英鎊累積型,yfinance,股票型,歐洲(含歐元區)
B24089,2016-04-08,6.2220001220703125,英鎊,霸菱德國增長基金-A類英鎊累積型,yfinance,股票型,歐洲(含歐元區)
B24089,2016-04-11,6.210999965667725,英鎊,霸菱德國增長基金-A類英鎊累積型,yfinance,股票型,歐洲(含歐元區)
B24089,2016-04-12,6.158999919891357,英鎊,霸菱德國增長基金-A類英鎊累積型,yfinance,股票型,歐洲(含歐元區)
B24089,2016-04-13,6.241000175476074,英鎊,霸菱德國增長基金-A類英鎊累積型,yfinance,股票型,歐洲(含歐元區)
B24089,2016-04-14,6.296000003814697,英鎊,霸菱德國增長基金-A類英鎊累積型,yfinance,股票型,歐洲(含歐元區)
B24089,2016-04-15,6.258999824523926,英鎊,霸菱德國增長基金-A類英鎊累積型,yfinance,股票型,歐洲(含歐元區)
B24089,2016-04-18,6.288000106811523,英鎊,霸菱德國增長基金-A類英鎊累積型,yfinance,股票型,歐洲(含歐元區)
B24089,2016-04-19,6.3480000495910645,英鎊,霸菱德國增長基金-A類英鎊累積型,yfinance,股票型,歐洲(含歐元區)
B24089,2016-04-20,6.3460001945495605,英鎊,霸菱德國增長基金-A類英鎊累積型,yfinance,股票型,歐洲(含歐元區)
B24089,2016-04-21,6.302000045776367,英鎊,霸菱德國增長基金-A類英鎊累積型,yfinance,股票型,歐洲(含歐元區)
B24089,2016-04-22,6.24399995803833,英鎊,霸菱德國增長基金-A類英鎊累積型,yfinance,股票型,歐洲(含歐元區)
B24089,2016-04-25,6.193999767303467,英鎊,霸菱德國增長基金-A類英鎊累積型,yfinance,股票型,歐洲(含歐元區)
B24089,2016-04-26,6.144999980926514,英鎊,霸菱德國增長基金-A類英鎊累積型,yfinance,股票型,歐洲(含歐元區)
B24089,2016-04-27,6.156000137329102,英鎊,霸菱德國增長基金-A類英鎊累積型,yfinance,股票型,歐洲(含歐元區)
B24089,2016-04-28,6.118000030517578,英鎊,霸菱德國增長基金-A類英鎊累積型,yfinance,股票型,歐洲(含歐元區)
B24089,2016-04-29,6.111000061035156,英鎊,霸菱德國增長基金-A類英鎊累積型,yfinance,股票型,歐洲(含歐元區)
B24089,2016-05-03,6.068999767303467,英鎊,霸菱德國增長基金-A類英鎊累積型,yfinance,股票型,歐洲(含歐元區)
B24089,2016-05-04,6.060999870300293,英鎊,霸菱德國增長基金-A類英鎊累積型,yfinance,股票型,歐洲(含歐元區)
B24089,2016-05-05,6.061999797821045,英鎊,霸菱德國增長基金-A類英鎊累積型,yfinance,股票型,歐洲(含歐元區)
B24089,2016-05-06,6.006999969482422,英鎊,霸菱德國增長基金-A類英鎊累積型,yfinance,股票型,歐洲(含歐元區)
B24089,2016-05-09,6.13700008392334,英鎊,霸菱德國增長基金-A類英鎊累積型,yfinance,股票型,歐洲(含歐元區)
B24089,2016-05-10,6.150000095367432,英鎊,霸菱德國增長基金-A類英鎊累積型,yfinance,股票型,歐洲(含歐元區)
B24089,2016-05-11,6.131999969482422,英鎊,霸菱德國增長基金-A類英鎊累積型,yfinance,股票型,歐洲(含歐元區)
B24089,2016-05-12,6.164999961853027,英鎊,霸菱德國增長基金-A類英鎊累積型,yfinance,股票型,歐洲(含歐元區)
B24089,2016-05-13,6.061999797821045,英鎊,霸菱德國增長基金-A類英鎊累積型,yfinance,股票型,歐洲(含歐元區)
B24089,2016-05-16,6.105999946594238,英鎊,霸菱德國增長基金-A類英鎊累積型,yfinance,股票型,歐洲(含歐元區)
B24089,2016-05-17,6.065999984741211,英鎊,霸菱德國增長基金-A類英鎊累積型,yfinance,股票型,歐洲(含歐元區)
B24089,2016-05-18,6.0,英鎊,霸菱德國增長基金-A類英鎊累積型,yfinance,股票型,歐洲(含歐元區)
B24089,2016-05-19,5.882999897003174,英鎊,霸菱德國增長基金-A類英鎊累積型,yfinance,股票型,歐洲(含歐元區)
B24089,2016-05-20,5.936999797821045,英鎊,霸菱德國增長基金-A類英鎊累積型,yfinance,股票型,歐洲(含歐元區)
B24089,2016-05-23,5.984000205993652,英鎊,霸菱德國增長基金-A類英鎊累積型,yfinance,股票型,歐洲(含歐元區)
B24089,2016-05-24,5.961999893188477,英鎊,霸菱德國增長基金-A類英鎊累積型,yfinance,股票型,歐洲(含歐元區)
B24089,2016-05-25,6.026000022888184,英鎊,霸菱德國增長基金-A類英鎊累積型,yfinance,股票型,歐洲(含歐元區)
B24089,2016-05-26,6.064000129699707,英鎊,霸菱德國增長基金-A類英鎊累積型,yfinance,股票型,歐洲(含歐元區)
B24089,2016-05-27,6.077000141143799,英鎊,霸菱德國增長基金-A類英鎊累積型,yfinance,股票型,歐洲(含歐元區)
B24089,2016-05-31,6.0960001945495605,英鎊,霸菱德國增長基金-A類英鎊累積型,yfinance,股票型,歐洲(含歐元區)
B24089,2016-06-01,6.1479997634887695,英鎊,霸菱德國增長基金-A類英鎊累積型,yfinance,股票型,歐洲(含歐元區)
B24089,2016-06-02,6.172999858856201,英鎊,霸菱德國增長基金-A類英鎊累積型,yfinance,股票型,歐洲(含歐元區)
B24089,2016-06-03,6.169000148773193,英鎊,霸菱德國增長基金-A類英鎊累積型,yfinance,股票型,歐洲(含歐元區)
B24089,2016-06-06,6.195000171661377,英鎊,霸菱德國增長基金-A類英鎊累積型,yfinance,股票型,歐洲(含歐元區)
B24089,2016-06-07,6.193999767303467,英鎊,霸菱德國增長基金-A類英鎊累積型,yfinance,股票型,歐洲(含歐元區)
B24089,2016-06-08,6.184000015258789,英鎊,霸菱德國增長基金-A類英鎊累積型,yfinance,股票型,歐洲(含歐元區)
B24089,2016-06-09,6.1529998779296875,英鎊,霸菱德國增長基金-A類英鎊累積型,yfinance,股票型,歐洲(含歐元區)
B24089,2016-06-10,6.025000095367432,英鎊,霸菱德國增長基金-A類英鎊累積型,yfinance,股票型,歐洲(含歐元區)
B24089,2016-06-13,5.995999813079834,英鎊,霸菱德國增長基金-A類英鎊累積型,yfinance,股票型,歐洲(含歐元區)
B24089,2016-06-14,5.880000114440918,英鎊,霸菱德國增長基金-A類英鎊累積型,yfinance,股票型,歐洲(含歐元區)
B24089,2016-06-15,5.9070000648498535,英鎊,霸菱德國增長基金-A類英鎊累積型,yfinance,股票型,歐洲(含歐元區)
B24089,2016-06-16,5.879000186920166,英鎊,霸菱德國增長基金-A類英鎊累積型,yfinance,股票型,歐洲(含歐元區)
B24089,2016-06-17,5.883999824523926,英鎊,霸菱德國增長基金-A類英鎊累積型,yfinance,股票型,歐洲(含歐元區)
B24089,2016-06-20,5.958000183105469,英鎊,霸菱德國增長基金-A類英鎊累積型,yfinance,股票型,歐洲(含歐元區)
B24089,2016-06-21,5.914000034332275,英鎊,霸菱德國增長基金-A類英鎊累積型,yfinance,股票型,歐洲(含歐元區)
B24089,2016-06-22,5.960000038146973,英鎊,霸菱德國增長基金-A類英鎊累積型,yfinance,股票型,歐洲(含歐元區)
B24089,2016-06-23,6.004000186920166,英鎊,霸菱德國增長基金-A類英鎊累積型,yfinance,股票型,歐洲(含歐元區)
B24089,2016-06-24,5.925000190734863,英鎊,霸菱德國增長基金-A類英鎊累積型,yfinance,股票型,歐洲(含歐元區)
B24089,2016-06-27,6.025000095367432,英鎊,霸菱德國增長基金-A類英鎊累積型,yfinance,股票型,歐洲(含歐元區)
B24089,2016-06-28,6.017000198364258,英鎊,霸菱德國增長基金-A類英鎊累積型,yfinance,股票型,歐洲(含歐元區)
B24089,2016-06-29,6.054999828338623,英鎊,霸菱德國增長基金-A類英鎊累積型,yfinance,股票型,歐洲(含歐元區)
B24089,2016-06-30,6.093999862670898,英鎊,霸菱德國增長基金-A類英鎊累積型,yfinance,股票型,歐洲(含歐元區)
B24089,2016-07-01,6.182000160217285,英鎊,霸菱德國增長基金-A類英鎊累積型,yfinance,股票型,歐洲(含歐元區)
B24089,2016-07-04,6.211999893188477,英鎊,霸菱德國增長基金-A類英鎊累積型,yfinance,股票型,歐洲(含歐元區)
B24089,2016-07-05,6.177000045776367,英鎊,霸菱德國增長基金-A類英鎊累積型,yfinance,股票型,歐洲(含歐元區)
B24089,2016-07-06,6.072000026702881,英鎊,霸菱德國增長基金-A類英鎊累積型,yfinance,股票型,歐洲(含歐元區)
B24089,2016-07-07,6.136000156402588,英鎊,霸菱德國增長基金-A類英鎊累積型,yfinance,股票型,歐洲(含歐元區)
B24089,2016-07-08,6.206999778747559,英鎊,霸菱德國增長基金-A類英鎊累積型,yfinance,股票型,歐洲(含歐元區)
B24089,2016-07-11,6.322000026702881,英鎊,霸菱德國增長基金-A類英鎊累積型,yfinance,股票型,歐洲(含歐元區)
B24089,2016-07-12,6.383999824523926,英鎊,霸菱德國增長基金-A類英鎊累積型,yfinance,股票型,歐洲(含歐元區)
B24089,2016-07-13,6.315000057220459,英鎊,霸菱德國增長基金-A類英鎊累積型,yfinance,股票型,歐洲(含歐元區)
B24089,2016-07-14,6.3460001945495605,英鎊,霸菱德國增長基金-A類英鎊累積型,yfinance,股票型,歐洲(含歐元區)
B24089,2016-07-15,6.309000015258789,英鎊,霸菱德國增長基金-A類英鎊累積型,yfinance,股票型,歐洲(含歐元區)
B24089,2016-07-18,6.392000198364258,英鎊,霸菱德國增長基金-A類英鎊累積型,yfinance,股票型,歐洲(含歐元區)
B24089,2016-07-19,6.385000228881836,英鎊,霸菱德國增長基金-A類英鎊累積型,yfinance,股票型,歐洲(含歐元區)
B24089,2016-07-20,6.449999809265137,英鎊,霸菱德國增長基金-A類英鎊累積型,yfinance,股票型,歐洲(含歐元區)
B24089,2016-07-21,6.429999828338623,英鎊,霸菱德國增長基金-A類英鎊累積型,yfinance,股票型,歐洲(含歐元區)
B24089,2016-07-22,6.497000217437744,英鎊,霸菱德國增長基金-A類英鎊累積型,yfinance,股票型,歐洲(含歐元區)
B24089,2016-07-25,6.505000114440918,英鎊,霸菱德國增長基金-A類英鎊累積型,yfinance,股票型,歐洲(含歐元區)
B24089,2016-07-26,6.526000022888184,英鎊,霸菱德國增長基金-A類英鎊累積型,yfinance,股票型,歐洲(含歐元區)
B24089,2016-07-27,6.616000175476074,英鎊,霸菱德國增長基金-A類英鎊累積型,yfinance,股票型,歐洲(含歐元區)
B24089,2016-07-28,6.630000114440918,英鎊,霸菱德國增長基金-A類英鎊累積型,yfinance,股票型,歐洲(含歐元區)
B24089,2016-07-29,6.617000102996826,英鎊,霸菱德國增長基金-A類英鎊累積型,yfinance,股票型,歐洲(含歐元區)
B24089,2016-08-01,6.6519999504089355,英鎊,霸菱德國增長基金-A類英鎊累積型,yfinance,股票型,歐洲(含歐元區)
B24089,2016-08-02,6.554999828338623,英鎊,霸菱德國增長基金-A類英鎊累積型,yfinance,股票型,歐洲(含歐元區)
B24089,2016-08-03,6.46999979019165,英鎊,霸菱德國增長基金-A類英鎊累積型,yfinance,股票型,歐洲(含歐元區)
B24089,2016-08-04,6.5370001792907715,英鎊,霸菱德國增長基金-A類英鎊累積型,yfinance,股票型,歐洲(含歐元區)
B24089,2016-08-05,6.6020002365112305,英鎊,霸菱德國增長基金-A類英鎊累積型,yfinance,股票型,歐洲(含歐元區)
B24089,2016-08-08,6.672999858856201,英鎊,霸菱德國增長基金-A類英鎊累積型,yfinance,股票型,歐洲(含歐元區)
B24089,2016-08-09,6.745999813079834,英鎊,霸菱德國增長基金-A類英鎊累積型,yfinance,股票型,歐洲(含歐元區)
B24089,2016-08-10,6.824999809265137,英鎊,霸菱德國增長基金-A類英鎊累積型,yfinance,股票型,歐洲(含歐元區)
B24089,2016-08-11,6.920000076293945,英鎊,霸菱德國增長基金-A類英鎊累積型,yfinance,股票型,歐洲(含歐元區)
B24089,2016-08-12,6.940999984741211,英鎊,霸菱德國增長基金-A類英鎊累積型,yfinance,股票型,歐洲(含歐元區)
B24089,2016-08-15,6.980000019073486,英鎊,霸菱德國增長基金-A類英鎊累積型,yfinance,股票型,歐洲(含歐元區)
B24089,2016-08-16,6.964000225067139,英鎊,霸菱德國增長基金-A類英鎊累積型,yfinance,股票型,歐洲(含歐元區)
B24089,2016-08-17,6.870999813079834,英鎊,霸菱德國增長基金-A類英鎊累積型,yfinance,股票型,歐洲(含歐元區)
B24089,2016-08-18,6.84499979019165,英鎊,霸菱德國增長基金-A類英鎊累積型,yfinance,股票型,歐洲(含歐元區)
B24089,2016-08-19,6.8470001220703125,英鎊,霸菱德國增長基金-A類英鎊累積型,yfinance,股票型,歐洲(含歐元區)
B24089,2016-08-22,6.835000038146973,英鎊,霸菱德國增長基金-A類英鎊累積型,yfinance,股票型,歐洲(含歐元區)
B24089,2016-08-23,6.853000164031982,英鎊,霸菱德國增長基金-A類英鎊累積型,yfinance,股票型,歐洲(含歐元區)
B24089,2016-08-24,6.841000080108643,英鎊,霸菱德國增長基金-A類英鎊累積型,yfinance,股票型,歐洲(含歐元區)
B24089,2016-08-25,6.800000190734863,英鎊,霸菱德國增長基金-A類英鎊累積型,yfinance,股票型,歐洲(含歐元區)
B24089,2016-08-26,6.794000148773193,英鎊,霸菱德國增長基金-A類英鎊累積型,yfinance,股票型,歐洲(含歐元區)
B24089,2016-08-30,6.882999897003174,英鎊,霸菱德國增長基金-A類英鎊累積型,yfinance,股票型,歐洲(含歐元區)
B24089,2016-08-31,6.8379998207092285,英鎊,霸菱德國增長基金-A類英鎊累積型,yfinance,股票型,歐洲(含歐元區)
B24089,2016-09-01,6.790999889373779,英鎊,霸菱德國增長基金-A類英鎊累積型,yfinance,股票型,歐洲(含歐元區)
B24089,2016-09-02,6.78000020980835,英鎊,霸菱德國增長基金-A類英鎊累積型,yfinance,股票型,歐洲(含歐元區)
B24089,2016-09-05,6.821000099182129,英鎊,霸菱德國增長基金-A類英鎊累積型,yfinance,股票型,歐洲(含歐元區)
B24089,2016-09-06,6.835999965667725,英鎊,霸菱德國增長基金-A類英鎊累積型,yfinance,股票型,歐洲(含歐元區)
B24089,2016-09-07,6.879000186920166,英鎊,霸菱德國增長基金-A類英鎊累積型,yfinance,股票型,歐洲(含歐元區)
B24089,2016-09-08,6.921999931335449,英鎊,霸菱德國增長基金-A類英鎊累積型,yfinance,股票型,歐洲(含歐元區)
B24089,2016-09-09,6.855000019073486,英鎊,霸菱德國增長基金-A類英鎊累積型,yfinance,股票型,歐洲(含歐元區)
B24089,2016-09-12,6.7129998207092285,英鎊,霸菱德國增長基金-A類英鎊累積型,yfinance,股票型,歐洲(含歐元區)
B24089,2016-09-13,6.797999858856201,英鎊,霸菱德國增長基金-A類英鎊累積型,yfinance,股票型,歐洲(含歐元區)
B24089,2016-09-14,6.784999847412109,英鎊,霸菱德國增長基金-A類英鎊累積型,yfinance,股票型,歐洲(含歐元區)
B24089,2016-09-15,6.7789998054504395,英鎊,霸菱德國增長基金-A類英鎊累積型,yfinance,股票型,歐洲(含歐元區)
B24089,2016-09-16,6.771999835968018,英鎊,霸菱德國增長基金-A類英鎊累積型,yfinance,股票型,歐洲(含歐元區)
B24089,2016-09-19,6.8480000495910645,英鎊,霸菱德國增長基金-A類英鎊累積型,yfinance,股票型,歐洲(含歐元區)
B24089,2016-09-20,6.948999881744385,英鎊,霸菱德國增長基金-A類英鎊累積型,yfinance,股票型,歐洲(含歐元區)
B24089,2016-09-21,6.946000099182129,英鎊,霸菱德國增長基金-A類英鎊累積型,yfinance,股票型,歐洲(含歐元區)
B24089,2016-09-22,7.051000118255615,英鎊,霸菱德國增長基金-A類英鎊累積型,yfinance,股票型,歐洲(含歐元區)
B24089,2016-09-23,7.090000152587891,英鎊,霸菱德國增長基金-A類英鎊累積型,yfinance,股票型,歐洲(含歐元區)
B24089,2016-09-26,7.058000087738037,英鎊,霸菱德國增長基金-A類英鎊累積型,yfinance,股票型,歐洲(含歐元區)
B24089,2016-09-27,6.980000019073486,英鎊,霸菱德國增長基金-A類英鎊累積型,yfinance,股票型,歐洲(含歐元區)
B24089,2016-09-28,7.014999866485596,英鎊,霸菱德國增長基金-A類英鎊累積型,yfinance,股票型,歐洲(含歐元區)
B24089,2016-09-29,7.043000221252441,英鎊,霸菱德國增長基金-A類英鎊累積型,yfinance,股票型,歐洲(含歐元區)
B24089,2016-09-30,6.942999839782715,英鎊,霸菱德國增長基金-A類英鎊累積型,yfinance,股票型,歐洲(含歐元區)
B24089,2016-10-03,7.13700008392334,英鎊,霸菱德國增長基金-A類英鎊累積型,yfinance,股票型,歐洲(含歐元區)
B24089,2016-10-04,7.201000213623047,英鎊,霸菱德國增長基金-A類英鎊累積型,yfinance,股票型,歐洲(含歐元區)
B24089,2016-10-05,7.263000011444092,英鎊,霸菱德國增長基金-A類英鎊累積型,yfinance,股票型,歐洲(含歐元區)
B24089,2016-10-06,7.25600004196167,英鎊,霸菱德國增長基金-A類英鎊累積型,yfinance,股票型,歐洲(含歐元區)
B24089,2016-10-07,7.386000156402588,英鎊,霸菱德國增長基金-A類英鎊累積型,yfinance,股票型,歐洲(含歐元區)
B24089,2016-10-10,7.388000011444092,英鎊,霸菱德國增長基金-A類英鎊累積型,yfinance,股票型,歐洲(含歐元區)
B24089,2016-10-11,7.460000038146973,英鎊,霸菱德國增長基金-A類英鎊累積型,yfinance,股票型,歐洲(含歐元區)
B24089,2016-10-12,7.3470001220703125,英鎊,霸菱德國增長基金-A類英鎊累積型,yfinance,股票型,歐洲(含歐元區)
B24089,2016-10-13,7.275000095367432,英鎊,霸菱德國增長基金-A類英鎊累積型,yfinance,股票型,歐洲(含歐元區)
B24089,2016-10-14,7.334000110626221,英鎊,霸菱德國增長基金-A類英鎊累積型,yfinance,股票型,歐洲(含歐元區)
B24089,2016-10-17,7.3379998207092285,英鎊,霸菱德國增長基金-A類英鎊累積型,yfinance,股票型,歐洲(含歐元區)
B24089,2016-10-18,7.3429999351501465,英鎊,霸菱德國增長基金-A類英鎊累積型,yfinance,股票型,歐洲(含歐元區)
B24089,2016-10-19,7.322000026702881,英鎊,霸菱德國增長基金-A類英鎊累積型,yfinance,股票型,歐洲(含歐元區)
B24089,2016-10-20,7.361000061035156,英鎊,霸菱德國增長基金-A類英鎊累積型,yfinance,股票型,歐洲(含歐元區)
B24089,2016-10-21,7.355000019073486,英鎊,霸菱德國增長基金-A類英鎊累積型,yfinance,股票型,歐洲(含歐元區)
B24089,2016-10-24,7.380000114440918,英鎊,霸菱德國增長基金-A類英鎊累積型,yfinance,股票型,歐洲(含歐元區)
B24089,2016-10-25,7.349999904632568,英鎊,霸菱德國增長基金-A類英鎊累積型,yfinance,股票型,歐洲(含歐元區)
B24089,2016-10-26,7.309000015258789,英鎊,霸菱德國增長基金-A類英鎊累積型,yfinance,股票型,歐洲(含歐元區)
B24089,2016-10-27,7.320000171661377,英鎊,霸菱德國增長基金-A類英鎊累積型,yfinance,股票型,歐洲(含歐元區)
B24089,2016-10-28,7.370999813079834,英鎊,霸菱德國增長基金-A類英鎊累積型,yfinance,股票型,歐洲(含歐元區)
B24089,2016-10-31,7.348999977111816,英鎊,霸菱德國增長基金-A類英鎊累積型,yfinance,股票型,歐洲(含歐元區)
B24089,2016-11-01,7.340000152587891,英鎊,霸菱德國增長基金-A類英鎊累積型,yfinance,股票型,歐洲(含歐元區)
B24089,2016-11-02,7.2270002365112305,英鎊,霸菱德國增長基金-A類英鎊累積型,yfinance,股票型,歐洲(含歐元區)
B24089,2016-11-03,7.105999946594238,英鎊,霸菱德國增長基金-A類英鎊累積型,yfinance,股票型,歐洲(含歐元區)
B24089,2016-11-04,7.019000053405762,英鎊,霸菱德國增長基金-A類英鎊累積型,yfinance,股票型,歐洲(含歐元區)
B24089,2016-11-07,7.142000198364258,英鎊,霸菱德國增長基金-A類英鎊累積型,yfinance,股票型,歐洲(含歐元區)
B24089,2016-11-08,7.13700008392334,英鎊,霸菱德國增長基金-A類英鎊累積型,yfinance,股票型,歐洲(含歐元區)
B24089,2016-11-09,7.1020002365112305,英鎊,霸菱德國增長基金-A類英鎊累積型,yfinance,股票型,歐洲(含歐元區)
B24089,2016-11-10,7.229000091552734,英鎊,霸菱德國增長基金-A類英鎊累積型,yfinance,股票型,歐洲(含歐元區)
B24089,2016-11-11,6.9670000076293945,英鎊,霸菱德國增長基金-A類英鎊累積型,yfinance,股票型,歐洲(含歐元區)
B24089,2016-11-14,6.98799991607666,英鎊,霸菱德國增長基金-A類英鎊累積型,yfinance,股票型,歐洲(含歐元區)
B24089,2016-11-15,7.026000022888184,英鎊,霸菱德國增長基金-A類英鎊累積型,yfinance,股票型,歐洲(含歐元區)
B24089,2016-11-16,7.008999824523926,英鎊,霸菱德國增長基金-A類英鎊累積型,yfinance,股票型,歐洲(含歐元區)
B24089,2016-11-17,6.984000205993652,英鎊,霸菱德國增長基金-A類英鎊累積型,yfinance,股票型,歐洲(含歐元區)
B24089,2016-11-18,6.984000205993652,英鎊,霸菱德國增長基金-A類英鎊累積型,yfinance,股票型,歐洲(含歐元區)
B24089,2016-11-21,7.034999847412109,英鎊,霸菱德國增長基金-A類英鎊累積型,yfinance,股票型,歐洲(含歐元區)
B24089,2016-11-22,7.035999774932861,英鎊,霸菱德國增長基金-A類英鎊累積型,yfinance,股票型,歐洲(含歐元區)
B24089,2016-11-23,7.014999866485596,英鎊,霸菱德國增長基金-A類英鎊累積型,yfinance,股票型,歐洲(含歐元區)
B24089,2016-11-24,6.947999954223633,英鎊,霸菱德國增長基金-A類英鎊累積型,yfinance,股票型,歐洲(含歐元區)
B24089,2016-11-25,6.96999979019165,英鎊,霸菱德國增長基金-A類英鎊累積型,yfinance,股票型,歐洲(含歐元區)
B24089,2016-11-28,6.980999946594238,英鎊,霸菱德國增長基金-A類英鎊累積型,yfinance,股票型,歐洲(含歐元區)
B24089,2016-11-29,6.918000221252441,英鎊,霸菱德國增長基金-A類英鎊累積型,yfinance,股票型,歐洲(含歐元區)
B24089,2016-11-30,6.986999988555908,英鎊,霸菱德國增長基金-A類英鎊累積型,yfinance,股票型,歐洲(含歐元區)
B24089,2016-12-01,6.820000171661377,英鎊,霸菱德國增長基金-A類英鎊累積型,yfinance,股票型,歐洲(含歐元區)
B24089,2016-12-02,6.754000186920166,英鎊,霸菱德國增長基金-A類英鎊累積型,yfinance,股票型,歐洲(含歐元區)
B24089,2016-12-05,6.867000102996826,英鎊,霸菱德國增長基金-A類英鎊累積型,yfinance,股票型,歐洲(含歐元區)
B24089,2016-12-06,6.894999980926514,英鎊,霸菱德國增長基金-A類英鎊累積型,yfinance,股票型,歐洲(含歐元區)
B24089,2016-12-07,7.038000106811523,英鎊,霸菱德國增長基金-A類英鎊累積型,yfinance,股票型,歐洲(含歐元區)
B24089,2016-12-08,7.076000213623047,英鎊,霸菱德國增長基金-A類英鎊累積型,yfinance,股票型,歐洲(含歐元區)
B24089,2016-12-09,7.074999809265137,英鎊,霸菱德國增長基金-A類英鎊累積型,yfinance,股票型,歐洲(含歐元區)
B24089,2016-12-12,7.072999954223633,英鎊,霸菱德國增長基金-A類英鎊累積型,yfinance,股票型,歐洲(含歐元區)
B24089,2016-12-13,7.067999839782715,英鎊,霸菱德國增長基金-A類英鎊累積型,yfinance,股票型,歐洲(含歐元區)
B24089,2016-12-14,7.135000228881836,英鎊,霸菱德國增長基金-A類英鎊累積型,yfinance,股票型,歐洲(含歐元區)
B24089,2016-12-15,7.0970001220703125,英鎊,霸菱德國增長基金-A類英鎊累積型,yfinance,股票型,歐洲(含歐元區)
B24089,2016-12-16,7.2210001945495605,英鎊,霸菱德國增長基金-A類英鎊累積型,yfinance,股票型,歐洲(含歐元區)
B24089,2016-12-19,7.2270002365112305,英鎊,霸菱德國增長基金-A類英鎊累積型,yfinance,股票型,歐洲(含歐元區)
B24089,2016-12-20,7.234000205993652,英鎊,霸菱德國增長基金-A類英鎊累積型,yfinance,股票型,歐洲(含歐元區)
B24089,2016-12-21,7.254000186920166,英鎊,霸菱德國增長基金-A類英鎊累積型,yfinance,股票型,歐洲(含歐元區)
B24089,2016-12-22,7.303999900817871,英鎊,霸菱德國增長基金-A類英鎊累積型,yfinance,股票型,歐洲(含歐元區)
B24089,2016-12-23,7.340000152587891,英鎊,霸菱德國增長基金-A類英鎊累積型,yfinance,股票型,歐洲(含歐元區)
B24089,2016-12-28,7.377999782562256,英鎊,霸菱德國增長基金-A類英鎊累積型,yfinance,股票型,歐洲(含歐元區)
B24089,2016-12-29,7.366000175476074,英鎊,霸菱德國增長基金-A類英鎊累積型,yfinance,股票型,歐洲(含歐元區)
B24089,2016-12-30,7.416999816894531,英鎊,霸菱德國增長基金-A類英鎊累積型,yfinance,股票型,歐洲(含歐元區)
B09088,2016-01-04,25.860000610351562,歐元,貝萊德市場基金 A2,yfinance,股票型,歐洲(含歐元區)
B09088,2016-01-05,25.8799991607666,歐元,貝萊德市場基金 A2,yfinance,股票型,歐洲(含歐元區)
B09088,2016-01-06,25.5,歐元,貝萊德市場基金 A2,yfinance,股票型,歐洲(含歐元區)
B09088,2016-01-07,25.06999969482422,歐元,貝萊德市場基金 A2,yfinance,股票型,歐洲(含歐元區)
B09088,2016-01-08,25.1299991607666,歐元,貝萊德市場基金 A2,yfinance,股票型,歐洲(含歐元區)
B09088,2016-01-11,24.950000762939453,歐元,貝萊德市場基金 A2,yfinance,股票型,歐洲(含歐元區)
B09088,2016-01-12,25.260000228881836,歐元,貝萊德市場基金 A2,yfinance,股票型,歐洲(含歐元區)
B09088,2016-01-13,25.309999465942383,歐元,貝萊德市場基金 A2,yfinance,股票型,歐洲(含歐元區)
B09088,2016-01-14,24.579999923706055,歐元,貝萊德市場基金 A2,yfinance,股票型,歐洲(含歐元區)
B09088,2016-01-15,24.040000915527344,歐元,貝萊德市場基金 A2,yfinance,股票型,歐洲(含歐元區)
B09088,2016-01-18,23.979999542236328,歐元,貝萊德市場基金 A2,yfinance,股票型,歐洲(含歐元區)
B09088,2016-01-19,24.309999465942383,歐元,貝萊德市場基金 A2,yfinance,股票型,歐洲(含歐元區)
B09088,2016-01-20,23.6299991607666,歐元,貝萊德市場基金 A2,yfinance,股票型,歐洲(含歐元區)
B09088,2016-01-21,23.729999542236328,歐元,貝萊德市場基金 A2,yfinance,股票型,歐洲(含歐元區)
B09088,2016-01-22,24.8700008392334,歐元,貝萊德市場基金 A2,yfinance,股票型,歐洲(含歐元區)
B09088,2016-01-25,24.690000534057617,歐元,貝萊德市場基金 A2,yfinance,股票型,歐洲(含歐元區)
B09088,2016-01-26,24.790000915527344,歐元,貝萊德市場基金 A2,yfinance,股票型,歐洲(含歐元區)
B09088,2016-01-27,24.84000015258789,歐元,貝萊德市場基金 A2,yfinance,股票型,歐洲(含歐元區)
B09088,2016-01-28,24.81999969482422,歐元,貝萊德市場基金 A2,yfinance,股票型,歐洲(含歐元區)
B09088,2016-01-29,25.030000686645508,歐元,貝萊德市場基金 A2,yfinance,股票型,歐洲(含歐元區)
B09088,2016-02-01,24.940000534057617,歐元,貝萊德市場基金 A2,yfinance,股票型,歐洲(含歐元區)
B09088,2016-02-02,24.530000686645508,歐元,貝萊德市場基金 A2,yfinance,股票型,歐洲(含歐元區)
B09088,2016-02-03,24.3799991607666,歐元,貝萊德市場基金 A2,yfinance,股票型,歐洲(含歐元區)
B09088,2016-02-04,24.06999969482422,歐元,貝萊德市場基金 A2,yfinance,股票型,歐洲(含歐元區)
B09088,2016-02-05,24.1200008392334,歐元,貝萊德市場基金 A2,yfinance,股票型,歐洲(含歐元區)
B09088,2016-02-08,23.010000228881836,歐元,貝萊德市場基金 A2,yfinance,股票型,歐洲(含歐元區)
B09088,2016-02-09,22.600000381469727,歐元,貝萊德市場基金 A2,yfinance,股票型,歐洲(含歐元區)
B09088,2016-02-10,23.06999969482422,歐元,貝萊德市場基金 A2,yfinance,股票型,歐洲(含歐元區)
B09088,2016-02-11,22.549999237060547,歐元,貝萊德市場基金 A2,yfinance,股票型,歐洲(含歐元區)
B09088,2016-02-12,22.43000030517578,歐元,貝萊德市場基金 A2,yfinance,股票型,歐洲(含歐元區)
B09088,2016-02-15,23.399999618530273,歐元,貝萊德市場基金 A2,yfinance,股票型,歐洲(含歐元區)
B09088,2016-02-16,23.280000686645508,歐元,貝萊德市場基金 A2,yfinance,股票型,歐洲(含歐元區)
B09088,2016-02-17,23.809999465942383,歐元,貝萊德市場基金 A2,yfinance,股票型,歐洲(含歐元區)
B09088,2016-02-18,24.100000381469727,歐元,貝萊德市場基金 A2,yfinance,股票型,歐洲(含歐元區)
B09088,2016-02-19,23.739999771118164,歐元,貝萊德市場基金 A2,yfinance,股票型,歐洲(含歐元區)
B09088,2016-02-22,24.25,歐元,貝萊德市場基金 A2,yfinance,股票型,歐洲(含歐元區)
B09088,2016-02-23,24.190000534057617,歐元,貝萊德市場基金 A2,yfinance,股票型,歐洲(含歐元區)
B09088,2016-02-24,23.290000915527344,歐元,貝萊德市場基金 A2,yfinance,股票型,歐洲(含歐元區)
B09088,2016-02-25,23.780000686645508,歐元,貝萊德市場基金 A2,yfinance,股票型,歐洲(含歐元區)
B09088,2016-02-26,24.049999237060547,歐元,貝萊德市場基金 A2,yfinance,股票型,歐洲(含歐元區)
B09088,2016-02-29,24.040000915527344,歐元,貝萊德市場基金 A2,yfinance,股票型,歐洲(含歐元區)
B09088,2016-03-01,24.450000762939453,歐元,貝萊德市場基金 A2,yfinance,股票型,歐洲(含歐元區)
B09088,2016-03-02,24.469999313354492,歐元,貝萊德市場基金 A2,yfinance,股票型,歐洲(含歐元區)
B09088,2016-03-03,24.510000228881836,歐元,貝萊德市場基金 A2,yfinance,股票型,歐洲(含歐元區)
B09088,2016-03-04,24.520000457763672,歐元,貝萊德市場基金 A2,yfinance,股票型,歐洲(含歐元區)
B09088,2016-03-07,24.309999465942383,歐元,貝萊德市場基金 A2,yfinance,股票型,歐洲(含歐元區)
B09088,2016-03-08,24.25,歐元,貝萊德市場基金 A2,yfinance,股票型,歐洲(含歐元區)
B09088,2016-03-09,24.399999618530273,歐元,貝萊德市場基金 A2,yfinance,股票型,歐洲(含歐元區)
B09088,2016-03-10,24.760000228881836,歐元,貝萊德市場基金 A2,yfinance,股票型,歐洲(含歐元區)
B09088,2016-03-11,24.75,歐元,貝萊德市場基金 A2,yfinance,股票型,歐洲(含歐元區)
B09088,2016-03-14,24.899999618530273,歐元,貝萊德市場基金 A2,yfinance,股票型,歐洲(含歐元區)
B09088,2016-03-15,24.709999084472656,歐元,貝萊德市場基金 A2,yfinance,股票型,歐洲(含歐元區)
B09088,2016-03-16,24.81999969482422,歐元,貝萊德市場基金 A2,yfinance,股票型,歐洲(含歐元區)
B09088,2016-03-17,24.559999465942383,歐元,貝萊德市場基金 A2,yfinance,股票型,歐洲(含歐元區)
B09088,2016-03-18,24.690000534057617,歐元,貝萊德市場基金 A2,yfinance,股票型,歐洲(含歐元區)
B09088,2016-03-21,24.65999984741211,歐元,貝萊德市場基金 A2,yfinance,股票型,歐洲(含歐元區)
B09088,2016-03-22,24.530000686645508,歐元,貝萊德市場基金 A2,yfinance,股票型,歐洲(含歐元區)
B09088,2016-03-23,24.6299991607666,歐元,貝萊德市場基金 A2,yfinance,股票型,歐洲(含歐元區)
B09088,2016-03-24,24.450000762939453,歐元,貝萊德市場基金 A2,yfinance,股票型,歐洲(含歐元區)
B09088,2016-03-29,24.420000076293945,歐元,貝萊德市場基金 A2,yfinance,股票型,歐洲(含歐元區)
B09088,2016-03-30,24.899999618530273,歐元,貝萊德市場基金 A2,yfinance,股票型,歐洲(含歐元區)
B09088,2016-03-31,24.65999984741211,歐元,貝萊德市場基金 A2,yfinance,股票型,歐洲(含歐元區)
B09088,2016-04-01,24.18000030517578,歐元,貝萊德市場基金 A2,yfinance,股票型,歐洲(含歐元區)
B09088,2016-04-04,24.440000534057617,歐元,貝萊德市場基金 A2,yfinance,股票型,歐洲(含歐元區)
B09088,2016-04-05,23.940000534057617,歐元,貝萊德市場基金 A2,yfinance,股票型,歐洲(含歐元區)
B09088,2016-04-06,23.93000030517578,歐元,貝萊德市場基金 A2,yfinance,股票型,歐洲(含歐元區)
B09088,2016-04-07,23.969999313354492,歐元,貝萊德市場基金 A2,yfinance,股票型,歐洲(含歐元區)
B09088,2016-04-08,24.209999084472656,歐元,貝萊德市場基金 A2,yfinance,股票型,歐洲(含歐元區)
B09088,2016-04-11,24.3700008392334,歐元,貝萊德市場基金 A2,yfinance,股票型,歐洲(含歐元區)
B09088,2016-04-12,24.239999771118164,歐元,貝萊德市場基金 A2,yfinance,股票型,歐洲(含歐元區)
B09088,2016-04-13,24.81999969482422,歐元,貝萊德市場基金 A2,yfinance,股票型,歐洲(含歐元區)
B09088,2016-04-14,24.93000030517578,歐元,貝萊德市場基金 A2,yfinance,股票型,歐洲(含歐元區)
B09088,2016-04-15,24.989999771118164,歐元,貝萊德市場基金 A2,yfinance,股票型,歐洲(含歐元區)
B09088,2016-04-18,24.989999771118164,歐元,貝萊德市場基金 A2,yfinance,股票型,歐洲(含歐元區)
B09088,2016-04-19,25.34000015258789,歐元,貝萊德市場基金 A2,yfinance,股票型,歐洲(含歐元區)
B09088,2016-04-20,25.290000915527344,歐元,貝萊德市場基金 A2,yfinance,股票型,歐洲(含歐元區)
B09088,2016-04-21,25.18000030517578,歐元,貝萊德市場基金 A2,yfinance,股票型,歐洲(含歐元區)
B09088,2016-04-22,25.239999771118164,歐元,貝萊德市場基金 A2,yfinance,股票型,歐洲(含歐元區)
B09088,2016-04-25,25.010000228881836,歐元,貝萊德市場基金 A2,yfinance,股票型,歐洲(含歐元區)
B09088,2016-04-26,25.1200008392334,歐元,貝萊德市場基金 A2,yfinance,股票型,歐洲(含歐元區)
B09088,2016-04-27,25.350000381469727,歐元,貝萊德市場基金 A2,yfinance,股票型,歐洲(含歐元區)
B09088,2016-04-28,25.219999313354492,歐元,貝萊德市場基金 A2,yfinance,股票型,歐洲(含歐元區)
B09088,2016-04-29,24.84000015258789,歐元,貝萊德市場基金 A2,yfinance,股票型,歐洲(含歐元區)
B09088,2016-05-02,24.780000686645508,歐元,貝萊德市場基金 A2,yfinance,股票型,歐洲(含歐元區)
B09088,2016-05-03,24.459999084472656,歐元,貝萊德市場基金 A2,yfinance,股票型,歐洲(含歐元區)
B09088,2016-05-04,24.290000915527344,歐元,貝萊德市場基金 A2,yfinance,股票型,歐洲(含歐元區)
B09088,2016-05-06,24.200000762939453,歐元,貝萊德市場基金 A2,yfinance,股票型,歐洲(含歐元區)
B09088,2016-05-09,24.399999618530273,歐元,貝萊德市場基金 A2,yfinance,股票型,歐洲(含歐元區)
B09088,2016-05-10,24.459999084472656,歐元,貝萊德市場基金 A2,yfinance,股票型,歐洲(含歐元區)
B09088,2016-05-11,24.299999237060547,歐元,貝萊德市場基金 A2,yfinance,股票型,歐洲(含歐元區)
B09088,2016-05-12,24.43000030517578,歐元,貝萊德市場基金 A2,yfinance,股票型,歐洲(含歐元區)
B09088,2016-05-13,24.43000030517578,歐元,貝萊德市場基金 A2,yfinance,股票型,歐洲(含歐元區)
B09088,2016-05-17,24.3700008392334,歐元,貝萊德市場基金 A2,yfinance,股票型,歐洲(含歐元區)
B09088,2016-05-18,24.450000762939453,歐元,貝萊德市場基金 A2,yfinance,股票型,歐洲(含歐元區)
B09088,2016-05-19,24.399999618530273,歐元,貝萊德市場基金 A2,yfinance,股票型,歐洲(含歐元區)
B09088,2016-05-20,24.639999389648438,歐元,貝萊德市場基金 A2,yfinance,股票型,歐洲(含歐元區)
B09088,2016-05-23,24.639999389648438,歐元,貝萊德市場基金 A2,yfinance,股票型,歐洲(含歐元區)
B09088,2016-05-24,25.030000686645508,歐元,貝萊德市場基金 A2,yfinance,股票型,歐洲(含歐元區)
B09088,2016-05-25,25.479999542236328,歐元,貝萊德市場基金 A2,yfinance,股票型,歐洲(含歐元區)
B09088,2016-05-26,25.43000030517578,歐元,貝萊德市場基金 A2,yfinance,股票型,歐洲(含歐元區)
B09088,2016-05-27,25.56999969482422,歐元,貝萊德市場基金 A2,yfinance,股票型,歐洲(含歐元區)
B09088,2016-05-30,25.65999984741211,歐元,貝萊德市場基金 A2,yfinance,股票型,歐洲(含歐元區)
B09088,2016-05-31,25.6299991607666,歐元,貝萊德市場基金 A2,yfinance,股票型,歐洲(含歐元區)
B09088,2016-06-01,25.34000015258789,歐元,貝萊德市場基金 A2,yfinance,股票型,歐洲(含歐元區)
B09088,2016-06-02,25.3799991607666,歐元,貝萊德市場基金 A2,yfinance,股票型,歐洲(含歐元區)
B09088,2016-06-03,25.170000076293945,歐元,貝萊德市場基金 A2,yfinance,股票型,歐洲(含歐元區)
B09088,2016-06-06,25.25,歐元,貝萊德市場基金 A2,yfinance,股票型,歐洲(含歐元區)
B09088,2016-06-07,25.540000915527344,歐元,貝萊德市場基金 A2,yfinance,股票型,歐洲(含歐元區)
B09088,2016-06-08,25.5,歐元,貝萊德市場基金 A2,yfinance,股票型,歐洲(含歐元區)
B09088,2016-06-09,25.360000610351562,歐元,貝萊德市場基金 A2,yfinance,股票型,歐洲(含歐元區)
B09088,2016-06-10,24.700000762939453,歐元,貝萊德市場基金 A2,yfinance,股票型,歐洲(含歐元區)
B09088,2016-06-13,24.25,歐元,貝萊德市場基金 A2,yfinance,股票型,歐洲(含歐元區)
B09088,2016-06-14,23.940000534057617,歐元,貝萊德市場基金 A2,yfinance,股票型,歐洲(含歐元區)
B09088,2016-06-15,23.899999618530273,歐元,貝萊德市場基金 A2,yfinance,股票型,歐洲(含歐元區)
B09088,2016-06-16,23.549999237060547,歐元,貝萊德市場基金 A2,yfinance,股票型,歐洲(含歐元區)
B09088,2016-06-17,24.040000915527344,歐元,貝萊德市場基金 A2,yfinance,股票型,歐洲(含歐元區)
B09088,2016-06-20,24.760000228881836,歐元,貝萊德市場基金 A2,yfinance,股票型,歐洲(含歐元區)
B09088,2016-06-21,24.860000610351562,歐元,貝萊德市場基金 A2,yfinance,股票型,歐洲(含歐元區)
B09088,2016-06-22,25.059999465942383,歐元,貝萊德市場基金 A2,yfinance,股票型,歐洲(含歐元區)
B09088,2016-06-24,23.889999389648438,歐元,貝萊德市場基金 A2,yfinance,股票型,歐洲(含歐元區)
B09088,2016-06-27,22.969999313354492,歐元,貝萊德市場基金 A2,yfinance,股票型,歐洲(含歐元區)
B09088,2016-06-28,23.5,歐元,貝萊德市場基金 A2,yfinance,股票型,歐洲(含歐元區)
B09088,2016-06-29,23.8799991607666,歐元,貝萊德市場基金 A2,yfinance,股票型,歐洲(含歐元區)
B09088,2016-06-30,23.989999771118164,歐元,貝萊德市場基金 A2,yfinance,股票型,歐洲(含歐元區)
B09088,2016-07-01,24.329999923706055,歐元,貝萊德市場基金 A2,yfinance,股票型,歐洲(含歐元區)
B09088,2016-07-04,24.200000762939453,歐元,貝萊德市場基金 A2,yfinance,股票型,歐洲(含歐元區)
B09088,2016-07-05,23.799999237060547,歐元,貝萊德市場基金 A2,yfinance,股票型,歐洲(含歐元區)
B09088,2016-07-06,23.420000076293945,歐元,貝萊德市場基金 A2,yfinance,股票型,歐洲(含歐元區)
B09088,2016-07-07,23.760000228881836,歐元,貝萊德市場基金 A2,yfinance,股票型,歐洲(含歐元區)
B09088,2016-07-08,24.010000228881836,歐元,貝萊德市場基金 A2,yfinance,股票型,歐洲(含歐元區)
B09088,2016-07-11,24.360000610351562,歐元,貝萊德市場基金 A2,yfinance,股票型,歐洲(含歐元區)
B09088,2016-07-12,24.649999618530273,歐元,貝萊德市場基金 A2,yfinance,股票型,歐洲(含歐元區)
B09088,2016-07-13,24.760000228881836,歐元,貝萊德市場基金 A2,yfinance,股票型,歐洲(含歐元區)
B09088,2016-07-14,24.959999084472656,歐元,貝萊德市場基金 A2,yfinance,股票型,歐洲(含歐元區)
B09088,2016-07-15,24.809999465942383,歐元,貝萊德市場基金 A2,yfinance,股票型,歐洲(含歐元區)
B09088,2016-07-18,24.75,歐元,貝萊德市場基金 A2,yfinance,股票型,歐洲(含歐元區)
B09088,2016-07-19,24.770000457763672,歐元,貝萊德市場基金 A2,yfinance,股票型,歐洲(含歐元區)
B09088,2016-07-20,24.950000762939453,歐元,貝萊德市場基金 A2,yfinance,股票型,歐洲(含歐元區)
B09088,2016-07-21,24.989999771118164,歐元,貝萊德市場基金 A2,yfinance,股票型,歐洲(含歐元區)
B09088,2016-07-22,25.049999237060547,歐元,貝萊德市場基金 A2,yfinance,股票型,歐洲(含歐元區)
B09088,2016-07-25,25.139999389648438,歐元,貝萊德市場基金 A2,yfinance,股票型,歐洲(含歐元區)
B09088,2016-07-26,25.239999771118164,歐元,貝萊德市場基金 A2,yfinance,股票型,歐洲(含歐元區)
B09088,2016-07-27,25.450000762939453,歐元,貝萊德市場基金 A2,yfinance,股票型,歐洲(含歐元區)
B09088,2016-07-28,25.309999465942383,歐元,貝萊德市場基金 A2,yfinance,股票型,歐洲(含歐元區)
B09088,2016-07-29,25.260000228881836,歐元,貝萊德市場基金 A2,yfinance,股票型,歐洲(含歐元區)
B09088,2016-08-01,25.190000534057617,歐元,貝萊德市場基金 A2,yfinance,股票型,歐洲(含歐元區)
B09088,2016-08-02,24.959999084472656,歐元,貝萊德市場基金 A2,yfinance,股票型,歐洲(含歐元區)
B09088,2016-08-03,24.75,歐元,貝萊德市場基金 A2,yfinance,股票型,歐洲(含歐元區)
B09088,2016-08-04,24.81999969482422,歐元,貝萊德市場基金 A2,yfinance,股票型,歐洲(含歐元區)
B09088,2016-08-05,25.209999084472656,歐元,貝萊德市場基金 A2,yfinance,股票型,歐洲(含歐元區)
B09088,2016-08-08,25.260000228881836,歐元,貝萊德市場基金 A2,yfinance,股票型,歐洲(含歐元區)
B09088,2016-08-09,25.450000762939453,歐元,貝萊德市場基金 A2,yfinance,股票型,歐洲(含歐元區)
B09088,2016-08-10,25.540000915527344,歐元,貝萊德市場基金 A2,yfinance,股票型,歐洲(含歐元區)
B09088,2016-08-11,25.649999618530273,歐元,貝萊德市場基金 A2,yfinance,股票型,歐洲(含歐元區)
B09088,2016-08-12,25.690000534057617,歐元,貝萊德市場基金 A2,yfinance,股票型,歐洲(含歐元區)
B09088,2016-08-16,25.56999969482422,歐元,貝萊德市場基金 A2,yfinance,股票型,歐洲(含歐元區)
B09088,2016-08-17,25.31999969482422,歐元,貝萊德市場基金 A2,yfinance,股票型,歐洲(含歐元區)
B09088,2016-08-18,25.469999313354492,歐元,貝萊德市場基金 A2,yfinance,股票型,歐洲(含歐元區)
B09088,2016-08-19,25.239999771118164,歐元,貝萊德市場基金 A2,yfinance,股票型,歐洲(含歐元區)
B09088,2016-08-22,25.299999237060547,歐元,貝萊德市場基金 A2,yfinance,股票型,歐洲(含歐元區)
B09088,2016-08-23,25.549999237060547,歐元,貝萊德市場基金 A2,yfinance,股票型,歐洲(含歐元區)
B09088,2016-08-24,25.489999771118164,歐元,貝萊德市場基金 A2,yfinance,股票型,歐洲(含歐元區)
B09088,2016-08-25,25.290000915527344,歐元,貝萊德市場基金 A2,yfinance,股票型,歐洲(含歐元區)
B09088,2016-08-26,25.34000015258789,歐元,貝萊德市場基金 A2,yfinance,股票型,歐洲(含歐元區)
B09088,2016-08-29,25.3700008392334,歐元,貝萊德市場基金 A2,yfinance,股票型,歐洲(含歐元區)
B09088,2016-08-30,25.579999923706055,歐元,貝萊德市場基金 A2,yfinance,股票型,歐洲(含歐元區)
B09088,2016-08-31,25.469999313354492,歐元,貝萊德市場基金 A2,yfinance,股票型,歐洲(含歐元區)
B09088,2016-09-01,25.399999618530273,歐元,貝萊德市場基金 A2,yfinance,股票型,歐洲(含歐元區)
B09088,2016-09-02,25.540000915527344,歐元,貝萊德市場基金 A2,yfinance,股票型,歐洲(含歐元區)
B09088,2016-09-05,25.729999542236328,歐元,貝萊德市場基金 A2,yfinance,股票型,歐洲(含歐元區)
B09088,2016-09-06,25.780000686645508,歐元,貝萊德市場基金 A2,yfinance,股票型,歐洲(含歐元區)
B09088,2016-09-07,25.780000686645508,歐元,貝萊德市場基金 A2,yfinance,股票型,歐洲(含歐元區)
B09088,2016-09-08,25.6299991607666,歐元,貝萊德市場基金 A2,yfinance,股票型,歐洲(含歐元區)
B09088,2016-09-09,25.450000762939453,歐元,貝萊德市場基金 A2,yfinance,股票型,歐洲(含歐元區)
B09088,2016-09-12,25.049999237060547,歐元,貝萊德市場基金 A2,yfinance,股票型,歐洲(含歐元區)
B09088,2016-09-13,25.040000915527344,歐元,貝萊德市場基金 A2,yfinance,股票型,歐洲(含歐元區)
B09088,2016-09-14,24.969999313354492,歐元,貝萊德市場基金 A2,yfinance,股票型,歐洲(含歐元區)
B09088,2016-09-15,24.8700008392334,歐元,貝萊德市場基金 A2,yfinance,股票型,歐洲(含歐元區)
B09088,2016-09-16,24.860000610351562,歐元,貝萊德市場基金 A2,yfinance,股票型,歐洲(含歐元區)
B09088,2016-09-19,25.09000015258789,歐元,貝萊德市場基金 A2,yfinance,股票型,歐洲(含歐元區)
B09088,2016-09-20,25.18000030517578,歐元,貝萊德市場基金 A2,yfinance,股票型,歐洲(含歐元區)
B09088,2016-09-21,25.25,歐元,貝萊德市場基金 A2,yfinance,股票型,歐洲(含歐元區)
B09088,2016-09-22,25.709999084472656,歐元,貝萊德市場基金 A2,yfinance,股票型,歐洲(含歐元區)
B09088,2016-09-23,25.459999084472656,歐元,貝萊德市場基金 A2,yfinance,股票型,歐洲(含歐元區)
B09088,2016-09-26,24.979999542236328,歐元,貝萊德市場基金 A2,yfinance,股票型,歐洲(含歐元區)
B09088,2016-09-27,24.940000534057617,歐元,貝萊德市場基金 A2,yfinance,股票型,歐洲(含歐元區)
B09088,2016-09-28,25.219999313354492,歐元,貝萊德市場基金 A2,yfinance,股票型,歐洲(含歐元區)
B09088,2016-09-29,25.360000610351562,歐元,貝萊德市場基金 A2,yfinance,股票型,歐洲(含歐元區)
B09088,2016-09-30,25.079999923706055,歐元,貝萊德市場基金 A2,yfinance,股票型,歐洲(含歐元區)
B09088,2016-10-04,25.510000228881836,歐元,貝萊德市場基金 A2,yfinance,股票型,歐洲(含歐元區)
B09088,2016-10-05,25.34000015258789,歐元,貝萊德市場基金 A2,yfinance,股票型,歐洲(含歐元區)
B09088,2016-10-06,25.31999969482422,歐元,貝萊德市場基金 A2,yfinance,股票型,歐洲(含歐元區)
B09088,2016-10-07,24.969999313354492,歐元,貝萊德市場基金 A2,yfinance,股票型,歐洲(含歐元區)
B09088,2016-10-10,25.229999542236328,歐元,貝萊德市場基金 A2,yfinance,股票型,歐洲(含歐元區)
B09088,2016-10-11,25.219999313354492,歐元,貝萊德市場基金 A2,yfinance,股票型,歐洲(含歐元區)
B09088,2016-10-12,25.040000915527344,歐元,貝萊德市場基金 A2,yfinance,股票型,歐洲(含歐元區)
B09088,2016-10-13,24.700000762939453,歐元,貝萊德市場基金 A2,yfinance,股票型,歐洲(含歐元區)
B09088,2016-10-14,25.239999771118164,歐元,貝萊德市場基金 A2,yfinance,股票型,歐洲(含歐元區)
B09088,2016-10-17,25.030000686645508,歐元,貝萊德市場基金 A2,yfinance,股票型,歐洲(含歐元區)
B09088,2016-10-18,25.360000610351562,歐元,貝萊德市場基金 A2,yfinance,股票型,歐洲(含歐元區)
B09088,2016-10-19,25.360000610351562,歐元,貝萊德市場基金 A2,yfinance,股票型,歐洲(含歐元區)
B09088,2016-10-20,25.420000076293945,歐元,貝萊德市場基金 A2,yfinance,股票型,歐洲(含歐元區)
B09088,2016-10-21,25.40999984741211,歐元,貝萊德市場基金 A2,yfinance,股票型,歐洲(含歐元區)
B09088,2016-10-24,25.6200008392334,歐元,貝萊德市場基金 A2,yfinance,股票型,歐洲(含歐元區)
B09088,2016-10-25,25.540000915527344,歐元,貝萊德市場基金 A2,yfinance,股票型,歐洲(含歐元區)
B09088,2016-10-26,25.18000030517578,歐元,貝萊德市場基金 A2,yfinance,股票型,歐洲(含歐元區)
B09088,2016-10-27,25.31999969482422,歐元,貝萊德市場基金 A2,yfinance,股票型,歐洲(含歐元區)
B09088,2016-10-28,25.200000762939453,歐元,貝萊德市場基金 A2,yfinance,股票型,歐洲(含歐元區)
B09088,2016-10-31,25.1299991607666,歐元,貝萊德市場基金 A2,yfinance,股票型,歐洲(含歐元區)
B09088,2016-11-02,24.600000381469727,歐元,貝萊德市場基金 A2,yfinance,股票型,歐洲(含歐元區)
B09088,2016-11-03,24.540000915527344,歐元,貝萊德市場基金 A2,yfinance,股票型,歐洲(含歐元區)
B09088,2016-11-04,24.239999771118164,歐元,貝萊德市場基金 A2,yfinance,股票型,歐洲(含歐元區)
B09088,2016-11-07,24.540000915527344,歐元,貝萊德市場基金 A2,yfinance,股票型,歐洲(含歐元區)
B09088,2016-11-08,24.520000457763672,歐元,貝萊德市場基金 A2,yfinance,股票型,歐洲(含歐元區)
B09088,2016-11-09,24.829999923706055,歐元,貝萊德市場基金 A2,yfinance,股票型,歐洲(含歐元區)
B09088,2016-11-10,25.030000686645508,歐元,貝萊德市場基金 A2,yfinance,股票型,歐洲(含歐元區)
B09088,2016-11-11,24.68000030517578,歐元,貝萊德市場基金 A2,yfinance,股票型,歐洲(含歐元區)
B09088,2016-11-14,24.6299991607666,歐元,貝萊德市場基金 A2,yfinance,股票型,歐洲(含歐元區)
B09088,2016-11-15,24.610000610351562,歐元,貝萊德市場基金 A2,yfinance,股票型,歐洲(含歐元區)
B09088,2016-11-16,24.56999969482422,歐元,貝萊德市場基金 A2,yfinance,股票型,歐洲(含歐元區)
B09088,2016-11-17,24.6299991607666,歐元,貝萊德市場基金 A2,yfinance,股票型,歐洲(含歐元區)
B09088,2016-11-18,24.6299991607666,歐元,貝萊德市場基金 A2,yfinance,股票型,歐洲(含歐元區)
B09088,2016-11-21,24.670000076293945,歐元,貝萊德市場基金 A2,yfinance,股票型,歐洲(含歐元區)
B09088,2016-11-22,24.8799991607666,歐元,貝萊德市場基金 A2,yfinance,股票型,歐洲(含歐元區)
B09088,2016-11-23,24.6299991607666,歐元,貝萊德市場基金 A2,yfinance,股票型,歐洲(含歐元區)
B09088,2016-11-24,24.700000762939453,歐元,貝萊德市場基金 A2,yfinance,股票型,歐洲(含歐元區)
B09088,2016-11-25,24.780000686645508,歐元,貝萊德市場基金 A2,yfinance,股票型,歐洲(含歐元區)
B09088,2016-11-28,24.600000381469727,歐元,貝萊德市場基金 A2,yfinance,股票型,歐洲(含歐元區)
B09088,2016-11-29,24.549999237060547,歐元,貝萊德市場基金 A2,yfinance,股票型,歐洲(含歐元區)
B09088,2016-11-30,24.770000457763672,歐元,貝萊德市場基金 A2,yfinance,股票型,歐洲(含歐元區)
B09088,2016-12-01,24.6200008392334,歐元,貝萊德市場基金 A2,yfinance,股票型,歐洲(含歐元區)
B09088,2016-12-02,24.43000030517578,歐元,貝萊德市場基金 A2,yfinance,股票型,歐洲(含歐元區)
B09088,2016-12-05,24.579999923706055,歐元,貝萊德市場基金 A2,yfinance,股票型,歐洲(含歐元區)
B09088,2016-12-06,24.799999237060547,歐元,貝萊德市場基金 A2,yfinance,股票型,歐洲(含歐元區)
B09088,2016-12-07,25.209999084472656,歐元,貝萊德市場基金 A2,yfinance,股票型,歐洲(含歐元區)
B09088,2016-12-08,25.489999771118164,歐元,貝萊德市場基金 A2,yfinance,股票型,歐洲(含歐元區)
B09088,2016-12-09,25.6200008392334,歐元,貝萊德市場基金 A2,yfinance,股票型,歐洲(含歐元區)
B09088,2016-12-12,25.790000915527344,歐元,貝萊德市場基金 A2,yfinance,股票型,歐洲(含歐元區)
B09088,2016-12-13,25.84000015258789,歐元,貝萊德市場基金 A2,yfinance,股票型,歐洲(含歐元區)
B09088,2016-12-14,25.770000457763672,歐元,貝萊德市場基金 A2,yfinance,股票型,歐洲(含歐元區)
B09088,2016-12-15,25.90999984741211,歐元,貝萊德市場基金 A2,yfinance,股票型,歐洲(含歐元區)
B09088,2016-12-16,26.1200008392334,歐元,貝萊德市場基金 A2,yfinance,股票型,歐洲(含歐元區)
B09088,2016-12-19,26.149999618530273,歐元,貝萊德市場基金 A2,yfinance,股票型,歐洲(含歐元區)
B09088,2016-12-20,26.280000686645508,歐元,貝萊德市場基金 A2,yfinance,股票型,歐洲(含歐元區)
B09088,2016-12-21,26.219999313354492,歐元,貝萊德市場基金 A2,yfinance,股票型,歐洲(含歐元區)
B09088,2016-12-22,26.200000762939453,歐元,貝萊德市場基金 A2,yfinance,股票型,歐洲(含歐元區)
B09088,2016-12-23,26.309999465942383,歐元,貝萊德市場基金 A2,yfinance,股票型,歐洲(含歐元區)
B09088,2016-12-27,26.3700008392334,歐元,貝萊德市場基金 A2,yfinance,股票型,歐洲(含歐元區)
B09088,2016-12-28,26.309999465942383,歐元,貝萊德市場基金 A2,yfinance,股票型,歐洲(含歐元區)
B09088,2016-12-29,26.309999465942383,歐元,貝萊德市場基金 A2,yfinance,股票型,歐洲(含歐元區)
B09088,2016-12-30,26.309999465942383,歐元,貝萊德市場基金 A2,yfinance,股票型,歐洲(含歐元區)
B14197,2016-01-04,1.1446806192398071,英鎊,富達基金－全球通膨連結債券基金 (Y股英鎊避險),yfinance,債券型,全球市場
B14197,2016-01-05,1.1437132358551025,英鎊,富達基金－全球通膨連結債券基金 (Y股英鎊避險),yfinance,債券型,全球市場
B14197,2016-01-06,1.1427456140518188,英鎊,富達基金－全球通膨連結債券基金 (Y股英鎊避險),yfinance,債券型,全球市場
B14197,2016-01-07,1.1417779922485352,英鎊,富達基金－全球通膨連結債券基金 (Y股英鎊避險),yfinance,債券型,全球市場
B14197,2016-01-08,1.140810489654541,英鎊,富達基金－全球通膨連結債券基金 (Y股英鎊避險),yfinance,債券型,全球市場
B14197,2016-01-11,1.1398428678512573,英鎊,富達基金－全球通膨連結債券基金 (Y股英鎊避險),yfinance,債券型,全球市場
B14197,2016-01-12,1.1369398832321167,英鎊,富達基金－全球通膨連結債券基金 (Y股英鎊避險),yfinance,債券型,全球市場
B14197,2016-01-13,1.138875126838684,英鎊,富達基金－全球通膨連結債券基金 (Y股英鎊避險),yfinance,債券型,全球市場
B14197,2016-01-14,1.1369398832321167,英鎊,富達基金－全球通膨連結債券基金 (Y股英鎊避險),yfinance,債券型,全球市場
B14197,2016-01-15,1.135972261428833,英鎊,富達基金－全球通膨連結債券基金 (Y股英鎊避險),yfinance,債券型,全球市場
B14197,2016-01-18,1.1340372562408447,英鎊,富達基金－全球通膨連結債券基金 (Y股英鎊避險),yfinance,債券型,全球市場
B14197,2016-01-19,1.1350047588348389,英鎊,富達基金－全球通膨連結債券基金 (Y股英鎊避險),yfinance,債券型,全球市場
B14197,2016-01-20,1.1321018934249878,英鎊,富達基金－全球通膨連結債券基金 (Y股英鎊避險),yfinance,債券型,全球市場
B14197,2016-01-21,1.1330695152282715,英鎊,富達基金－全球通膨連結債券基金 (Y股英鎊避險),yfinance,債券型,全球市場
B14197,2016-01-22,1.1340372562408447,英鎊,富達基金－全球通膨連結債券基金 (Y股英鎊避險),yfinance,債券型,全球市場
B14197,2016-01-25,1.1340372562408447,英鎊,富達基金－全球通膨連結債券基金 (Y股英鎊避險),yfinance,債券型,全球市場
B14197,2016-01-26,1.135972261428833,英鎊,富達基金－全球通膨連結債券基金 (Y股英鎊避險),yfinance,債券型,全球市場
B14197,2016-01-27,1.1369398832321167,英鎊,富達基金－全球通膨連結債券基金 (Y股英鎊避險),yfinance,債券型,全球市場
B14197,2016-01-28,1.1398428678512573,英鎊,富達基金－全球通膨連結債券基金 (Y股英鎊避險),yfinance,債券型,全球市場
B14197,2016-01-29,1.1437132358551025,英鎊,富達基金－全球通膨連結債券基金 (Y股英鎊避險),yfinance,債券型,全球市場
B14197,2016-02-01,1.1417779922485352,英鎊,富達基金－全球通膨連結債券基金 (Y股英鎊避險),yfinance,債券型,全球市場
B14197,2016-02-02,1.1417779922485352,英鎊,富達基金－全球通膨連結債券基金 (Y股英鎊避險),yfinance,債券型,全球市場
B14197,2016-02-03,1.1417779922485352,英鎊,富達基金－全球通膨連結債券基金 (Y股英鎊避險),yfinance,債券型,全球市場
B14197,2016-02-04,1.1417779922485352,英鎊,富達基金－全球通膨連結債券基金 (Y股英鎊避險),yfinance,債券型,全球市場
B14197,2016-02-05,1.140810489654541,英鎊,富達基金－全球通膨連結債券基金 (Y股英鎊避險),yfinance,債券型,全球市場
B14197,2016-02-08,1.13790762424469,英鎊,富達基金－全球通膨連結債券基金 (Y股英鎊避險),yfinance,債券型,全球市場
B14197,2016-02-09,1.1330695152282715,英鎊,富達基金－全球通膨連結債券基金 (Y股英鎊避險),yfinance,債券型,全球市場
B14197,2016-02-10,1.1350047588348389,英鎊,富達基金－全球通膨連結債券基金 (Y股英鎊避險),yfinance,債券型,全球市場
B14197,2016-02-11,1.1321018934249878,英鎊,富達基金－全球通膨連結債券基金 (Y股英鎊避險),yfinance,債券型,全球市場
B14197,2016-02-12,1.1350047588348389,英鎊,富達基金－全球通膨連結債券基金 (Y股英鎊避險),yfinance,債券型,全球市場
B14197,2016-02-15,1.1350047588348389,英鎊,富達基金－全球通膨連結債券基金 (Y股英鎊避險),yfinance,債券型,全球市場
B14197,2016-02-16,1.1330695152282715,英鎊,富達基金－全球通膨連結債券基金 (Y股英鎊避險),yfinance,債券型,全球市場
B14197,2016-02-17,1.1340372562408447,英鎊,富達基金－全球通膨連結債券基金 (Y股英鎊避險),yfinance,債券型,全球市場
B14197,2016-02-18,1.1350047588348389,英鎊,富達基金－全球通膨連結債券基金 (Y股英鎊避險),yfinance,債券型,全球市場
B14197,2016-02-19,1.1340372562408447,英鎊,富達基金－全球通膨連結債券基金 (Y股英鎊避險),yfinance,債券型,全球市場
B14197,2016-02-22,1.1369398832321167,英鎊,富達基金－全球通膨連結債券基金 (Y股英鎊避險),yfinance,債券型,全球市場
B14197,2016-02-23,1.13790762424469,英鎊,富達基金－全球通膨連結債券基金 (Y股英鎊避險),yfinance,債券型,全球市場
B14197,2016-02-24,1.1398428678512573,英鎊,富達基金－全球通膨連結債券基金 (Y股英鎊避險),yfinance,債券型,全球市場
B14197,2016-02-25,1.140810489654541,英鎊,富達基金－全球通膨連結債券基金 (Y股英鎊避險),yfinance,債券型,全球市場
B14197,2016-02-26,1.1437132358551025,英鎊,富達基金－全球通膨連結債券基金 (Y股英鎊避險),yfinance,債券型,全球市場
B14197,2016-02-29,1.1437132358551025,英鎊,富達基金－全球通膨連結債券基金 (Y股英鎊避險),yfinance,債券型,全球市場
B14197,2016-03-01,1.1427456140518188,英鎊,富達基金－全球通膨連結債券基金 (Y股英鎊避險),yfinance,債券型,全球市場
B14197,2016-03-02,1.1456483602523804,英鎊,富達基金－全球通膨連結債券基金 (Y股英鎊避險),yfinance,債券型,全球市場
B14197,2016-03-03,1.1495188474655151,英鎊,富達基金－全球通膨連結債券基金 (Y股英鎊避險),yfinance,債券型,全球市場
B14197,2016-03-04,1.1485512256622314,英鎊,富達基金－全球通膨連結債券基金 (Y股英鎊避險),yfinance,債券型,全球市場
B14197,2016-03-07,1.1466161012649536,英鎊,富達基金－全球通膨連結債券基金 (Y股英鎊避險),yfinance,債券型,全球市場
B14197,2016-03-08,1.1466161012649536,英鎊,富達基金－全球通膨連結債券基金 (Y股英鎊避險),yfinance,債券型,全球市場
B14197,2016-03-09,1.1475836038589478,英鎊,富達基金－全球通膨連結債券基金 (Y股英鎊避險),yfinance,債券型,全球市場
B14197,2016-03-10,1.1456483602523804,英鎊,富達基金－全球通膨連結債券基金 (Y股英鎊避險),yfinance,債券型,全球市場
B14197,2016-03-11,1.1475836038589478,英鎊,富達基金－全球通膨連結債券基金 (Y股英鎊避險),yfinance,債券型,全球市場
B14197,2016-03-14,1.1485512256622314,英鎊,富達基金－全球通膨連結債券基金 (Y股英鎊避險),yfinance,債券型,全球市場
B14197,2016-03-15,1.1466161012649536,英鎊,富達基金－全球通膨連結債券基金 (Y股英鎊避險),yfinance,債券型,全球市場
B14197,2016-03-16,1.1485512256622314,英鎊,富達基金－全球通膨連結債券基金 (Y股英鎊避險),yfinance,債券型,全球市場
B14197,2016-03-17,1.1562920808792114,英鎊,富達基金－全球通膨連結債券基金 (Y股英鎊避險),yfinance,債券型,全球市場
B14197,2016-03-18,1.1572595834732056,英鎊,富達基金－全球通膨連結債券基金 (Y股英鎊避險),yfinance,債券型,全球市場
B14197,2016-03-21,1.159194827079773,英鎊,富達基金－全球通膨連結債券基金 (Y股英鎊避險),yfinance,債券型,全球市場
B14197,2016-03-22,1.1553245782852173,英鎊,富達基金－全球通膨連結債券基金 (Y股英鎊避險),yfinance,債券型,全球市場
B14197,2016-03-23,1.1562920808792114,英鎊,富達基金－全球通膨連結債券基金 (Y股英鎊避險),yfinance,債券型,全球市場
B14197,2016-03-24,1.1533890962600708,英鎊,富達基金－全球通膨連結債券基金 (Y股英鎊避險),yfinance,債券型,全球市場
B14197,2016-03-29,1.1553245782852173,英鎊,富達基金－全球通膨連結債券基金 (Y股英鎊避險),yfinance,債券型,全球市場
B14197,2016-03-30,1.1611301898956299,英鎊,富達基金－全球通膨連結債券基金 (Y股英鎊避險),yfinance,債券型,全球市場
B14197,2016-03-31,1.1620978116989136,英鎊,富達基金－全球通膨連結債券基金 (Y股英鎊避險),yfinance,債券型,全球市場
B14197,2016-04-01,1.1611301898956299,英鎊,富達基金－全球通膨連結債券基金 (Y股英鎊避險),yfinance,債券型,全球市場
B14197,2016-04-04,1.1620978116989136,英鎊,富達基金－全球通膨連結債券基金 (Y股英鎊避險),yfinance,債券型,全球市場
B14197,2016-04-05,1.1601625680923462,英鎊,富達基金－全球通膨連結債券基金 (Y股英鎊避險),yfinance,債券型,全球市場
B14197,2016-04-06,1.1601625680923462,英鎊,富達基金－全球通膨連結債券基金 (Y股英鎊避險),yfinance,債券型,全球市場
B14197,2016-04-07,1.1611301898956299,英鎊,富達基金－全球通膨連結債券基金 (Y股英鎊避險),yfinance,債券型,全球市場
B14197,2016-04-08,1.1620978116989136,英鎊,富達基金－全球通膨連結債券基金 (Y股英鎊避險),yfinance,債券型,全球市場
B14197,2016-04-11,1.1611301898956299,英鎊,富達基金－全球通膨連結債券基金 (Y股英鎊避險),yfinance,債券型,全球市場
B14197,2016-04-12,1.1582273244857788,英鎊,富達基金－全球通膨連結債券基金 (Y股英鎊避險),yfinance,債券型,全球市場
B14197,2016-04-13,1.1572595834732056,英鎊,富達基金－全球通膨連結債券基金 (Y股英鎊避險),yfinance,債券型,全球市場
B14197,2016-04-14,1.1572595834732056,英鎊,富達基金－全球通膨連結債券基金 (Y股英鎊避險),yfinance,債券型,全球市場
B14197,2016-04-15,1.1582273244857788,英鎊,富達基金－全球通膨連結債券基金 (Y股英鎊避險),yfinance,債券型,全球市場
B14197,2016-04-18,1.1582273244857788,英鎊,富達基金－全球通膨連結債券基金 (Y股英鎊避險),yfinance,債券型,全球市場
B14197,2016-04-19,1.1611301898956299,英鎊,富達基金－全球通膨連結債券基金 (Y股英鎊避險),yfinance,債券型,全球市場
B14197,2016-04-20,1.1611301898956299,英鎊,富達基金－全球通膨連結債券基金 (Y股英鎊避險),yfinance,債券型,全球市場
B14197,2016-04-21,1.1582273244857788,英鎊,富達基金－全球通膨連結債券基金 (Y股英鎊避險),yfinance,債券型,全球市場
B14197,2016-04-22,1.1611301898956299,英鎊,富達基金－全球通膨連結債券基金 (Y股英鎊避險),yfinance,債券型,全球市場
B14197,2016-04-25,1.1620978116989136,英鎊,富達基金－全球通膨連結債券基金 (Y股英鎊避險),yfinance,債券型,全球市場
B14197,2016-04-26,1.1601625680923462,英鎊,富達基金－全球通膨連結債券基金 (Y股英鎊避險),yfinance,債券型,全球市場
B14197,2016-04-27,1.1620978116989136,英鎊,富達基金－全球通膨連結債券基金 (Y股英鎊避險),yfinance,債券型,全球市場
B14197,2016-04-28,1.165000557899475,英鎊,富達基金－全球通膨連結債券基金 (Y股英鎊避險),yfinance,債券型,全球市場
B14197,2016-04-29,1.1669358015060425,英鎊,富達基金－全球通膨連結債券基金 (Y股英鎊避險),yfinance,債券型,全球市場
B14197,2016-05-03,1.164033055305481,英鎊,富達基金－全球通膨連結債券基金 (Y股英鎊避險),yfinance,債券型,全球市場
B14197,2016-05-04,1.1630654335021973,英鎊,富達基金－全球通膨連結債券基金 (Y股英鎊避險),yfinance,債券型,全球市場
B14197,2016-05-05,1.164033055305481,英鎊,富達基金－全球通膨連結債券基金 (Y股英鎊避險),yfinance,債券型,全球市場
B14197,2016-05-06,1.164033055305481,英鎊,富達基金－全球通膨連結債券基金 (Y股英鎊避險),yfinance,債券型,全球市場
B14197,2016-05-09,1.1620978116989136,英鎊,富達基金－全球通膨連結債券基金 (Y股英鎊避險),yfinance,債券型,全球市場
B14197,2016-05-10,1.164033055305481,英鎊,富達基金－全球通膨連結債券基金 (Y股英鎊避險),yfinance,債券型,全球市場
B14197,2016-05-11,1.1659681797027588,英鎊,富達基金－全球通膨連結債券基金 (Y股英鎊避險),yfinance,債券型,全球市場
B14197,2016-05-12,1.164033055305481,英鎊,富達基金－全球通膨連結債券基金 (Y股英鎊避險),yfinance,債券型,全球市場
B14197,2016-05-13,1.165000557899475,英鎊,富達基金－全球通膨連結債券基金 (Y股英鎊避險),yfinance,債券型,全球市場
B14197,2016-05-16,1.1659681797027588,英鎊,富達基金－全球通膨連結債券基金 (Y股英鎊避險),yfinance,債券型,全球市場
B14197,2016-05-17,1.1679034233093262,英鎊,富達基金－全球通膨連結債券基金 (Y股英鎊避險),yfinance,債券型,全球市場
B14197,2016-05-18,1.165000557899475,英鎊,富達基金－全球通膨連結債券基金 (Y股英鎊避險),yfinance,債券型,全球市場
B14197,2016-05-19,1.1611301898956299,英鎊,富達基金－全球通膨連結債券基金 (Y股英鎊避險),yfinance,債券型,全球市場
B14197,2016-05-20,1.1611301898956299,英鎊,富達基金－全球通膨連結債券基金 (Y股英鎊避險),yfinance,債券型,全球市場
B14197,2016-05-23,1.159194827079773,英鎊,富達基金－全球通膨連結債券基金 (Y股英鎊避險),yfinance,債券型,全球市場
B14197,2016-05-24,1.1601625680923462,英鎊,富達基金－全球通膨連結債券基金 (Y股英鎊避險),yfinance,債券型,全球市場
B14197,2016-05-25,1.1630654335021973,英鎊,富達基金－全球通膨連結債券基金 (Y股英鎊避險),yfinance,債券型,全球市場
B14197,2016-05-26,1.165000557899475,英鎊,富達基金－全球通膨連結債券基金 (Y股英鎊避險),yfinance,債券型,全球市場
B14197,2016-05-27,1.165000557899475,英鎊,富達基金－全球通膨連結債券基金 (Y股英鎊避險),yfinance,債券型,全球市場
B14197,2016-05-31,1.1630654335021973,英鎊,富達基金－全球通膨連結債券基金 (Y股英鎊避險),yfinance,債券型,全球市場
B14197,2016-06-01,1.1620978116989136,英鎊,富達基金－全球通膨連結債券基金 (Y股英鎊避險),yfinance,債券型,全球市場
B14197,2016-06-02,1.1620978116989136,英鎊,富達基金－全球通膨連結債券基金 (Y股英鎊避險),yfinance,債券型,全球市場
B14197,2016-06-03,1.165000557899475,英鎊,富達基金－全球通膨連結債券基金 (Y股英鎊避險),yfinance,債券型,全球市場
B14197,2016-06-06,1.164033055305481,英鎊,富達基金－全球通膨連結債券基金 (Y股英鎊避險),yfinance,債券型,全球市場
B14197,2016-06-07,1.1669358015060425,英鎊,富達基金－全球通膨連結債券基金 (Y股英鎊避險),yfinance,債券型,全球市場
B14197,2016-06-08,1.1688709259033203,英鎊,富達基金－全球通膨連結債券基金 (Y股英鎊避險),yfinance,債券型,全球市場
B14197,2016-06-09,1.1679034233093262,英鎊,富達基金－全球通膨連結債券基金 (Y股英鎊避險),yfinance,債券型,全球市場
B14197,2016-06-10,1.1659681797027588,英鎊,富達基金－全球通膨連結債券基金 (Y股英鎊避險),yfinance,債券型,全球市場
B14197,2016-06-13,1.165000557899475,英鎊,富達基金－全球通膨連結債券基金 (Y股英鎊避險),yfinance,債券型,全球市場
B14197,2016-06-14,1.1630654335021973,英鎊,富達基金－全球通膨連結債券基金 (Y股英鎊避險),yfinance,債券型,全球市場
B14197,2016-06-15,1.1620978116989136,英鎊,富達基金－全球通膨連結債券基金 (Y股英鎊避險),yfinance,債券型,全球市場
B14197,2016-06-16,1.1611301898956299,英鎊,富達基金－全球通膨連結債券基金 (Y股英鎊避險),yfinance,債券型,全球市場
B14197,2016-06-17,1.1611301898956299,英鎊,富達基金－全球通膨連結債券基金 (Y股英鎊避險),yfinance,債券型,全球市場
B14197,2016-06-20,1.1611301898956299,英鎊,富達基金－全球通膨連結債券基金 (Y股英鎊避險),yfinance,債券型,全球市場
B14197,2016-06-21,1.1601625680923462,英鎊,富達基金－全球通膨連結債券基金 (Y股英鎊避險),yfinance,債券型,全球市場
B14197,2016-06-22,1.1611301898956299,英鎊,富達基金－全球通膨連結債券基金 (Y股英鎊避險),yfinance,債券型,全球市場
B14197,2016-06-23,1.1630654335021973,英鎊,富達基金－全球通膨連結債券基金 (Y股英鎊避險),yfinance,債券型,全球市場
B14197,2016-06-24,1.1669358015060425,英鎊,富達基金－全球通膨連結債券基金 (Y股英鎊避險),yfinance,債券型,全球市場
B14197,2016-06-27,1.1688709259033203,英鎊,富達基金－全球通膨連結債券基金 (Y股英鎊避險),yfinance,債券型,全球市場
B14197,2016-06-28,1.169838786125183,英鎊,富達基金－全球通膨連結債券基金 (Y股英鎊避險),yfinance,債券型,全球市場
B14197,2016-06-29,1.1727415323257446,英鎊,富達基金－全球通膨連結債券基金 (Y股英鎊避險),yfinance,債券型,全球市場
B14197,2016-06-30,1.1766117811203003,英鎊,富達基金－全球通膨連結債券基金 (Y股英鎊避險),yfinance,債券型,全球市場
B14197,2016-07-01,1.179514765739441,英鎊,富達基金－全球通膨連結債券基金 (Y股英鎊避險),yfinance,債券型,全球市場
B14197,2016-07-04,1.1785471439361572,英鎊,富達基金－全球通膨連結債券基金 (Y股英鎊避險),yfinance,債券型,全球市場
B14197,2016-07-05,1.1843527555465698,英鎊,富達基金－全球通膨連結債券基金 (Y股英鎊避險),yfinance,債券型,全球市場
B14197,2016-07-06,1.1824175119400024,英鎊,富達基金－全球通膨連結債券基金 (Y股英鎊避險),yfinance,債券型,全球市場
B14197,2016-07-07,1.1843527555465698,英鎊,富達基金－全球通膨連結債券基金 (Y股英鎊避險),yfinance,債券型,全球市場
B14197,2016-07-08,1.1843527555465698,英鎊,富達基金－全球通膨連結債券基金 (Y股英鎊避險),yfinance,債券型,全球市場
B14197,2016-07-11,1.1824175119400024,英鎊,富達基金－全球通膨連結債券基金 (Y股英鎊避險),yfinance,債券型,全球市場
B14197,2016-07-12,1.1814498901367188,英鎊,富達基金－全球通膨連結債券基金 (Y股英鎊避險),yfinance,債券型,全球市場
B14197,2016-07-13,1.1824175119400024,英鎊,富達基金－全球通膨連結債券基金 (Y股英鎊避險),yfinance,債券型,全球市場
B14197,2016-07-14,1.1814498901367188,英鎊,富達基金－全球通膨連結債券基金 (Y股英鎊避險),yfinance,債券型,全球市場
B14197,2016-07-15,1.1833852529525757,英鎊,富達基金－全球通膨連結債券基金 (Y股英鎊避險),yfinance,債券型,全球市場
B14197,2016-07-18,1.1824175119400024,英鎊,富達基金－全球通膨連結債券基金 (Y股英鎊避險),yfinance,債券型,全球市場
B14197,2016-07-19,1.1833852529525757,英鎊,富達基金－全球通膨連結債券基金 (Y股英鎊避險),yfinance,債券型,全球市場
B14197,2016-07-20,1.1814498901367188,英鎊,富達基金－全球通膨連結債券基金 (Y股英鎊避險),yfinance,債券型,全球市場
B14197,2016-07-21,1.1814498901367188,英鎊,富達基金－全球通膨連結債券基金 (Y股英鎊避險),yfinance,債券型,全球市場
B14197,2016-07-22,1.1824175119400024,英鎊,富達基金－全球通膨連結債券基金 (Y股英鎊避險),yfinance,債券型,全球市場
B14197,2016-07-25,1.1814498901367188,英鎊,富達基金－全球通膨連結債券基金 (Y股英鎊避險),yfinance,債券型,全球市場
B14197,2016-07-26,1.1814498901367188,英鎊,富達基金－全球通膨連結債券基金 (Y股英鎊避險),yfinance,債券型,全球市場
B14197,2016-07-27,1.1824175119400024,英鎊,富達基金－全球通膨連結債券基金 (Y股英鎊避險),yfinance,債券型,全球市場
B14197,2016-07-28,1.1853203773498535,英鎊,富達基金－全球通膨連結債券基金 (Y股英鎊避險),yfinance,債券型,全球市場
B14197,2016-07-29,1.1862879991531372,英鎊,富達基金－全球通膨連結債券基金 (Y股英鎊避險),yfinance,債券型,全球市場
B14197,2016-08-01,1.1836596727371216,英鎊,富達基金－全球通膨連結債券基金 (Y股英鎊避險),yfinance,債券型,全球市場
B14197,2016-08-02,1.179766297340393,英鎊,富達基金－全球通膨連結債券基金 (Y股英鎊避險),yfinance,債券型,全球市場
B14197,2016-08-03,1.178792953491211,英鎊,富達基金－全球通膨連結債券基金 (Y股英鎊避險),yfinance,債券型,全球市場
B14197,2016-08-04,1.1836596727371216,英鎊,富達基金－全球通膨連結債券基金 (Y股英鎊避險),yfinance,債券型,全球市場
B14197,2016-08-05,1.1846332550048828,英鎊,富達基金－全球通膨連結債券基金 (Y股英鎊避險),yfinance,債券型,全球市場
B14197,2016-08-08,1.185606598854065,英鎊,富達基金－全球通膨連結債券基金 (Y股英鎊避險),yfinance,債券型,全球市場
B14197,2016-08-09,1.185606598854065,英鎊,富達基金－全球通膨連結債券基金 (Y股英鎊避險),yfinance,債券型,全球市場
B14197,2016-08-10,1.1865800619125366,英鎊,富達基金－全球通膨連結債券基金 (Y股英鎊避險),yfinance,債券型,全球市場
B14197,2016-08-11,1.1865800619125366,英鎊,富達基金－全球通膨連結債券基金 (Y股英鎊避險),yfinance,債券型,全球市場
B14197,2016-08-12,1.1885267496109009,英鎊,富達基金－全球通膨連結債券基金 (Y股英鎊避險),yfinance,債券型,全球市場
B14197,2016-08-15,1.1875535249710083,英鎊,富達基金－全球通膨連結債券基金 (Y股英鎊避險),yfinance,債券型,全球市場
B14197,2016-08-16,1.1836596727371216,英鎊,富達基金－全球通膨連結債券基金 (Y股英鎊避險),yfinance,債券型,全球市場
B14197,2016-08-17,1.1846332550048828,英鎊,富達基金－全球通膨連結債券基金 (Y股英鎊避險),yfinance,債券型,全球市場
B14197,2016-08-18,1.1875535249710083,英鎊,富達基金－全球通膨連結債券基金 (Y股英鎊避險),yfinance,債券型,全球市場
B14197,2016-08-19,1.1846332550048828,英鎊,富達基金－全球通膨連結債券基金 (Y股英鎊避險),yfinance,債券型,全球市場
B14197,2016-08-22,1.1865800619125366,英鎊,富達基金－全球通膨連結債券基金 (Y股英鎊避險),yfinance,債券型,全球市場
B14197,2016-08-23,1.1865800619125366,英鎊,富達基金－全球通膨連結債券基金 (Y股英鎊避險),yfinance,債券型,全球市場
B14197,2016-08-24,1.1865800619125366,英鎊,富達基金－全球通膨連結債券基金 (Y股英鎊避險),yfinance,債券型,全球市場
B14197,2016-08-25,1.1865800619125366,英鎊,富達基金－全球通膨連結債券基金 (Y股英鎊避險),yfinance,債券型,全球市場
B14197,2016-08-26,1.1875535249710083,英鎊,富達基金－全球通膨連結債券基金 (Y股英鎊避險),yfinance,債券型,全球市場
B14197,2016-08-30,1.1865800619125366,英鎊,富達基金－全球通膨連結債券基金 (Y股英鎊避險),yfinance,債券型,全球市場
B14197,2016-08-31,1.185606598854065,英鎊,富達基金－全球通膨連結債券基金 (Y股英鎊避險),yfinance,債券型,全球市場
B14197,2016-09-01,1.1846332550048828,英鎊,富達基金－全球通膨連結債券基金 (Y股英鎊避險),yfinance,債券型,全球市場
B14197,2016-09-02,1.1846332550048828,英鎊,富達基金－全球通膨連結債券基金 (Y股英鎊避險),yfinance,債券型,全球市場
B14197,2016-09-05,1.1846332550048828,英鎊,富達基金－全球通膨連結債券基金 (Y股英鎊避險),yfinance,債券型,全球市場
B14197,2016-09-06,1.1875535249710083,英鎊,富達基金－全球通膨連結債券基金 (Y股英鎊避險),yfinance,債券型,全球市場
B14197,2016-09-07,1.1895002126693726,英鎊,富達基金－全球通膨連結債券基金 (Y股英鎊避險),yfinance,債券型,全球市場
B14197,2016-09-08,1.1885267496109009,英鎊,富達基金－全球通膨連結債券基金 (Y股英鎊避險),yfinance,債券型,全球市場
B14197,2016-09-09,1.1836596727371216,英鎊,富達基金－全球通膨連結債券基金 (Y股英鎊避險),yfinance,債券型,全球市場
B14197,2016-09-12,1.1817131042480469,英鎊,富達基金－全球通膨連結債券基金 (Y股英鎊避險),yfinance,債券型,全球市場
B14197,2016-09-13,1.179766297340393,英鎊,富達基金－全球通膨連結債券基金 (Y股英鎊避險),yfinance,債券型,全球市場
B14197,2016-09-14,1.1807396411895752,英鎊,富達基金－全球通膨連結債券基金 (Y股英鎊避險),yfinance,債券型,全球市場
B14197,2016-09-15,1.179766297340393,英鎊,富達基金－全球通膨連結債券基金 (Y股英鎊避險),yfinance,債券型,全球市場
B14197,2016-09-16,1.1817131042480469,英鎊,富達基金－全球通膨連結債券基金 (Y股英鎊避險),yfinance,債券型,全球市場
B14197,2016-09-19,1.1817131042480469,英鎊,富達基金－全球通膨連結債券基金 (Y股英鎊避險),yfinance,債券型,全球市場
B14197,2016-09-20,1.18268620967865,英鎊,富達基金－全球通膨連結債券基金 (Y股英鎊避險),yfinance,債券型,全球市場
B14197,2016-09-21,1.18268620967865,英鎊,富達基金－全球通膨連結債券基金 (Y股英鎊避險),yfinance,債券型,全球市場
B14197,2016-09-22,1.1885267496109009,英鎊,富達基金－全球通膨連結債券基金 (Y股英鎊避險),yfinance,債券型,全球市場
B14197,2016-09-23,1.1904736757278442,英鎊,富達基金－全球通膨連結債券基金 (Y股英鎊避險),yfinance,債券型,全球市場
B14197,2016-09-26,1.1914470195770264,英鎊,富達基金－全球通膨連結債券基金 (Y股英鎊避險),yfinance,債券型,全球市場
B14197,2016-09-27,1.1895002126693726,英鎊,富達基金－全球通膨連結債券基金 (Y股英鎊避險),yfinance,債券型,全球市場
B14197,2016-09-28,1.1914470195770264,英鎊,富達基金－全球通膨連結債券基金 (Y股英鎊避險),yfinance,債券型,全球市場
B14197,2016-09-29,1.1914470195770264,英鎊,富達基金－全球通膨連結債券基金 (Y股英鎊避險),yfinance,債券型,全球市場
B14197,2016-09-30,1.192420482635498,英鎊,富達基金－全球通膨連結債券基金 (Y股英鎊避險),yfinance,債券型,全球市場
B14197,2016-10-03,1.192420482635498,英鎊,富達基金－全球通膨連結債券基金 (Y股英鎊避險),yfinance,債券型,全球市場
B14197,2016-10-04,1.1904736757278442,英鎊,富達基金－全球通膨連結債券基金 (Y股英鎊避險),yfinance,債券型,全球市場
B14197,2016-10-05,1.1885267496109009,英鎊,富達基金－全球通膨連結債券基金 (Y股英鎊避險),yfinance,債券型,全球市場
B14197,2016-10-06,1.1904736757278442,英鎊,富達基金－全球通膨連結債券基金 (Y股英鎊避險),yfinance,債券型,全球市場
B14197,2016-10-07,1.1895002126693726,英鎊,富達基金－全球通膨連結債券基金 (Y股英鎊避險),yfinance,債券型,全球市場
B14197,2016-10-10,1.1895002126693726,英鎊,富達基金－全球通膨連結債券基金 (Y股英鎊避險),yfinance,債券型,全球市場
B14197,2016-10-11,1.1904736757278442,英鎊,富達基金－全球通膨連結債券基金 (Y股英鎊避險),yfinance,債券型,全球市場
B14197,2016-10-12,1.1885267496109009,英鎊,富達基金－全球通膨連結債券基金 (Y股英鎊避險),yfinance,債券型,全球市場
B14197,2016-10-13,1.1885267496109009,英鎊,富達基金－全球通膨連結債券基金 (Y股英鎊避險),yfinance,債券型,全球市場
B14197,2016-10-14,1.1904736757278442,英鎊,富達基金－全球通膨連結債券基金 (Y股英鎊避險),yfinance,債券型,全球市場
B14197,2016-10-17,1.192420482635498,英鎊,富達基金－全球通膨連結債券基金 (Y股英鎊避險),yfinance,債券型,全球市場
B14197,2016-10-18,1.1933938264846802,英鎊,富達基金－全球通膨連結債券基金 (Y股英鎊避險),yfinance,債券型,全球市場
B14197,2016-10-19,1.1943671703338623,英鎊,富達基金－全球通膨連結債券基金 (Y股英鎊避險),yfinance,債券型,全球市場
B14197,2016-10-20,1.1943671703338623,英鎊,富達基金－全球通膨連結債券基金 (Y股英鎊避險),yfinance,債券型,全球市場
B14197,2016-10-21,1.1943671703338623,英鎊,富達基金－全球通膨連結債券基金 (Y股英鎊避險),yfinance,債券型,全球市場
B14197,2016-10-24,1.1933938264846802,英鎊,富達基金－全球通膨連結債券基金 (Y股英鎊避險),yfinance,債券型,全球市場
B14197,2016-10-25,1.1943671703338623,英鎊,富達基金－全球通膨連結債券基金 (Y股英鎊避險),yfinance,債券型,全球市場
B14197,2016-10-26,1.192420482635498,英鎊,富達基金－全球通膨連結債券基金 (Y股英鎊避險),yfinance,債券型,全球市場
B14197,2016-10-27,1.1904736757278442,英鎊,富達基金－全球通膨連結債券基金 (Y股英鎊避險),yfinance,債券型,全球市場
B14197,2016-10-28,1.1904736757278442,英鎊,富達基金－全球通膨連結債券基金 (Y股英鎊避險),yfinance,債券型,全球市場
B14197,2016-10-31,1.1904736757278442,英鎊,富達基金－全球通膨連結債券基金 (Y股英鎊避險),yfinance,債券型,全球市場
B14197,2016-11-01,1.1885267496109009,英鎊,富達基金－全球通膨連結債券基金 (Y股英鎊避險),yfinance,債券型,全球市場
B14197,2016-11-02,1.1885267496109009,英鎊,富達基金－全球通膨連結債券基金 (Y股英鎊避險),yfinance,債券型,全球市場
B14197,2016-11-03,1.1865800619125366,英鎊,富達基金－全球通膨連結債券基金 (Y股英鎊避險),yfinance,債券型,全球市場
B14197,2016-11-04,1.1875535249710083,英鎊,富達基金－全球通膨連結債券基金 (Y股英鎊避險),yfinance,債券型,全球市場
B14197,2016-11-07,1.1885267496109009,英鎊,富達基金－全球通膨連結債券基金 (Y股英鎊避險),yfinance,債券型,全球市場
B14197,2016-11-08,1.1875535249710083,英鎊,富達基金－全球通膨連結債券基金 (Y股英鎊避險),yfinance,債券型,全球市場
B14197,2016-11-09,1.1885267496109009,英鎊,富達基金－全球通膨連結債券基金 (Y股英鎊避險),yfinance,債券型,全球市場
B14197,2016-11-10,1.1865800619125366,英鎊,富達基金－全球通膨連結債券基金 (Y股英鎊避險),yfinance,債券型,全球市場
B14197,2016-11-11,1.18268620967865,英鎊,富達基金－全球通膨連結債券基金 (Y股英鎊避險),yfinance,債券型,全球市場
B14197,2016-11-14,1.179766297340393,英鎊,富達基金－全球通膨連結債券基金 (Y股英鎊避險),yfinance,債券型,全球市場
B14197,2016-11-15,1.179766297340393,英鎊,富達基金－全球通膨連結債券基金 (Y股英鎊避險),yfinance,債券型,全球市場
B14197,2016-11-16,1.1778194904327393,英鎊,富達基金－全球通膨連結債券基金 (Y股英鎊避險),yfinance,債券型,全球市場
B14197,2016-11-17,1.1778194904327393,英鎊,富達基金－全球通膨連結債券基金 (Y股英鎊避險),yfinance,債券型,全球市場
B14197,2016-11-18,1.1758724451065063,英鎊,富達基金－全球通膨連結債券基金 (Y股英鎊避險),yfinance,債券型,全球市場
B14197,2016-11-21,1.1768461465835571,英鎊,富達基金－全球通膨連結債券基金 (Y股英鎊避險),yfinance,債券型,全球市場
B14197,2016-11-22,1.178792953491211,英鎊,富達基金－全球通膨連結債券基金 (Y股英鎊避險),yfinance,債券型,全球市場
B14197,2016-11-23,1.1758724451065063,英鎊,富達基金－全球通膨連結債券基金 (Y股英鎊避險),yfinance,債券型,全球市場
B14197,2016-11-24,1.1768461465835571,英鎊,富達基金－全球通膨連結債券基金 (Y股英鎊避險),yfinance,債券型,全球市場
B14197,2016-11-25,1.1748991012573242,英鎊,富達基金－全球通膨連結債券基金 (Y股英鎊避險),yfinance,債券型,全球市場
B14197,2016-11-28,1.1768461465835571,英鎊,富達基金－全球通膨連結債券基金 (Y股英鎊避險),yfinance,債券型,全球市場
B14197,2016-11-29,1.1758724451065063,英鎊,富達基金－全球通膨連結債券基金 (Y股英鎊避險),yfinance,債券型,全球市場
B14197,2016-11-30,1.1778194904327393,英鎊,富達基金－全球通膨連結債券基金 (Y股英鎊避險),yfinance,債券型,全球市場
B14197,2016-12-01,1.1758724451065063,英鎊,富達基金－全球通膨連結債券基金 (Y股英鎊避險),yfinance,債券型,全球市場
B14197,2016-12-02,1.179766297340393,英鎊,富達基金－全球通膨連結債券基金 (Y股英鎊避險),yfinance,債券型,全球市場
B14197,2016-12-05,1.179766297340393,英鎊,富達基金－全球通膨連結債券基金 (Y股英鎊避險),yfinance,債券型,全球市場
B14197,2016-12-06,1.179766297340393,英鎊,富達基金－全球通膨連結債券基金 (Y股英鎊避險),yfinance,債券型,全球市場
B14197,2016-12-07,1.1817131042480469,英鎊,富達基金－全球通膨連結債券基金 (Y股英鎊避險),yfinance,債券型,全球市場
B14197,2016-12-08,1.1807396411895752,英鎊,富達基金－全球通膨連結債券基金 (Y股英鎊避險),yfinance,債券型,全球市場
B14197,2016-12-09,1.179766297340393,英鎊,富達基金－全球通膨連結債券基金 (Y股英鎊避險),yfinance,債券型,全球市場
B14197,2016-12-12,1.179766297340393,英鎊,富達基金－全球通膨連結債券基金 (Y股英鎊避險),yfinance,債券型,全球市場
B14197,2016-12-13,1.179766297340393,英鎊,富達基金－全球通膨連結債券基金 (Y股英鎊避險),yfinance,債券型,全球市場
B14197,2016-12-14,1.18268620967865,英鎊,富達基金－全球通膨連結債券基金 (Y股英鎊避險),yfinance,債券型,全球市場
B14197,2016-12-15,1.173925757408142,英鎊,富達基金－全球通膨連結債券基金 (Y股英鎊避險),yfinance,債券型,全球市場
B14197,2016-12-16,1.1729522943496704,英鎊,富達基金－全球通膨連結債券基金 (Y股英鎊避險),yfinance,債券型,全球市場
B14197,2016-12-19,1.1748991012573242,英鎊,富達基金－全球通膨連結債券基金 (Y股英鎊避險),yfinance,債券型,全球市場
B14197,2016-12-20,1.1758724451065063,英鎊,富達基金－全球通膨連結債券基金 (Y股英鎊避險),yfinance,債券型,全球市場
B14197,2016-12-21,1.1778194904327393,英鎊,富達基金－全球通膨連結債券基金 (Y股英鎊避險),yfinance,債券型,全球市場
B14197,2016-12-22,1.1778194904327393,英鎊,富達基金－全球通膨連結債券基金 (Y股英鎊避險),yfinance,債券型,全球市場
B14197,2016-12-23,1.1807396411895752,英鎊,富達基金－全球通膨連結債券基金 (Y股英鎊避險),yfinance,債券型,全球市場
B14197,2016-12-28,1.18268620967865,英鎊,富達基金－全球通膨連結債券基金 (Y股英鎊避險),yfinance,債券型,全球市場
B14197,2016-12-29,1.1836596727371216,英鎊,富達基金－全球通膨連結債券基金 (Y股英鎊避險),yfinance,債券型,全球市場
B14197,2016-12-30,1.1846332550048828,英鎊,富達基金－全球通膨連結債券基金 (Y股英鎊避險),yfinance,債券型,全球市場
B24080,2016-01-04,96.67320251464844,英鎊,霸菱大東協基金 - A類英鎊配息型,yfinance,股票型,亞洲地區
B24080,2016-01-05,98.97901916503906,英鎊,霸菱大東協基金 - A類英鎊配息型,yfinance,股票型,亞洲地區
B24080,2016-01-06,98.77104949951172,英鎊,霸菱大東協基金 - A類英鎊配息型,yfinance,股票型,亞洲地區
B24080,2016-01-07,97.66785430908203,英鎊,霸菱大東協基金 - A類英鎊配息型,yfinance,股票型,亞洲地區
B24080,2016-01-08,98.05668640136719,英鎊,霸菱大東協基金 - A類英鎊配息型,yfinance,股票型,亞洲地區
B24080,2016-01-11,96.01309204101562,英鎊,霸菱大東協基金 - A類英鎊配息型,yfinance,股票型,亞洲地區
B24080,2016-01-12,99.15987396240234,英鎊,霸菱大東協基金 - A類英鎊配息型,yfinance,股票型,亞洲地區
B24080,2016-01-13,98.9338150024414,英鎊,霸菱大東協基金 - A類英鎊配息型,yfinance,股票型,亞洲地區
B24080,2016-01-14,97.3242416381836,英鎊,霸菱大東協基金 - A類英鎊配息型,yfinance,股票型,亞洲地區
B24080,2016-01-15,97.35138702392578,英鎊,霸菱大東協基金 - A類英鎊配息型,yfinance,股票型,亞洲地區
B24080,2016-01-18,96.89925384521484,英鎊,霸菱大東協基金 - A類英鎊配息型,yfinance,股票型,亞洲地區
B24080,2016-01-19,98.09285736083984,英鎊,霸菱大東協基金 - A類英鎊配息型,yfinance,股票型,亞洲地區
B24080,2016-01-20,96.88117218017578,英鎊,霸菱大東協基金 - A類英鎊配息型,yfinance,股票型,亞洲地區
B24080,2016-01-21,96.50138854980469,英鎊,霸菱大東協基金 - A類英鎊配息型,yfinance,股票型,亞洲地區
B24080,2016-01-22,97.0801010131836,英鎊,霸菱大東協基金 - A類英鎊配息型,yfinance,股票型,亞洲地區
B24080,2016-01-25,98.30083465576172,英鎊,霸菱大東協基金 - A類英鎊配息型,yfinance,股票型,亞洲地區
B24080,2016-01-26,97.72212219238281,英鎊,霸菱大東協基金 - A類英鎊配息型,yfinance,股票型,亞洲地區
B24080,2016-01-27,98.3912582397461,英鎊,霸菱大東協基金 - A類英鎊配息型,yfinance,股票型,亞洲地區
B24080,2016-01-28,98.5992431640625,英鎊,霸菱大東協基金 - A類英鎊配息型,yfinance,股票型,亞洲地區
B24080,2016-01-29,100.10933685302734,英鎊,霸菱大東協基金 - A類英鎊配息型,yfinance,股票型,亞洲地區
B24080,2016-02-01,100.5976333618164,英鎊,霸菱大東協基金 - A類英鎊配息型,yfinance,股票型,亞洲地區
B24080,2016-02-02,98.4636001586914,英鎊,霸菱大東協基金 - A類英鎊配息型,yfinance,股票型,亞洲地區
B24080,2016-02-03,97.49604797363281,英鎊,霸菱大東協基金 - A類英鎊配息型,yfinance,股票型,亞洲地區
B24080,2016-02-04,98.87956237792969,英鎊,霸菱大東協基金 - A類英鎊配息型,yfinance,股票型,亞洲地區
B24080,2016-02-05,101.33910369873047,英鎊,霸菱大東協基金 - A類英鎊配息型,yfinance,股票型,亞洲地區
B24080,2016-02-08,99.51253509521484,英鎊,霸菱大東協基金 - A類英鎊配息型,yfinance,股票型,亞洲地區
B24080,2016-02-09,100.21784973144531,英鎊,霸菱大東協基金 - A類英鎊配息型,yfinance,股票型,亞洲地區
B24080,2016-02-10,101.88164520263672,英鎊,霸菱大東協基金 - A類英鎊配息型,yfinance,股票型,亞洲地區
B24080,2016-02-11,99.6572036743164,英鎊,霸菱大東協基金 - A類英鎊配息型,yfinance,股票型,亞洲地區
B24080,2016-02-12,99.05136108398438,英鎊,霸菱大東協基金 - A類英鎊配息型,yfinance,股票型,亞洲地區
B24080,2016-02-15,100.87793731689453,英鎊,霸菱大東協基金 - A類英鎊配息型,yfinance,股票型,亞洲地區
B24080,2016-02-16,101.58325958251953,英鎊,霸菱大東協基金 - A類英鎊配息型,yfinance,股票型,亞洲地區
B24080,2016-02-17,101.56517028808594,英鎊,霸菱大東協基金 - A類英鎊配息型,yfinance,股票型,亞洲地區
B24080,2016-02-18,101.90878295898438,英鎊,霸菱大東協基金 - A類英鎊配息型,yfinance,股票型,亞洲地區
B24080,2016-02-19,101.27581024169922,英鎊,霸菱大東協基金 - A類英鎊配息型,yfinance,股票型,亞洲地區
B24080,2016-02-22,102.72260284423828,英鎊,霸菱大東協基金 - A類英鎊配息型,yfinance,股票型,亞洲地區
B24080,2016-02-23,102.18911743164062,英鎊,霸菱大東協基金 - A類英鎊配息型,yfinance,股票型,亞洲地區
B24080,2016-02-24,103.37366485595703,英鎊,霸菱大東協基金 - A類英鎊配息型,yfinance,股票型,亞洲地區
B24080,2016-02-25,103.0210189819336,英鎊,霸菱大東協基金 - A類英鎊配息型,yfinance,股票型,亞洲地區
B24080,2016-02-26,104.37738800048828,英鎊,霸菱大東協基金 - A類英鎊配息型,yfinance,股票型,亞洲地區
B24080,2016-02-29,105.15503692626953,英鎊,霸菱大東協基金 - A類英鎊配息型,yfinance,股票型,亞洲地區
B24080,2016-03-01,105.11886596679688,英鎊,霸菱大東協基金 - A類英鎊配息型,yfinance,股票型,亞洲地區
B24080,2016-03-02,106.61992645263672,英鎊,霸菱大東協基金 - A類英鎊配息型,yfinance,股票型,亞洲地區
B24080,2016-03-03,107.34330749511719,英鎊,霸菱大東協基金 - A類英鎊配息型,yfinance,股票型,亞洲地區
B24080,2016-03-04,107.33427429199219,英鎊,霸菱大東協基金 - A類英鎊配息型,yfinance,股票型,亞洲地區
B24080,2016-03-07,107.46990966796875,英鎊,霸菱大東協基金 - A類英鎊配息型,yfinance,股票型,亞洲地區
B24080,2016-03-08,105.64334106445312,英鎊,霸菱大東協基金 - A類英鎊配息型,yfinance,股票型,亞洲地區
B24080,2016-03-09,106.56565856933594,英鎊,霸菱大東協基金 - A類英鎊配息型,yfinance,股票型,亞洲地區
B24080,2016-03-10,107.15342712402344,英鎊,霸菱大東協基金 - A類英鎊配息型,yfinance,股票型,亞洲地區
B24080,2016-03-11,107.49703979492188,英鎊,霸菱大東協基金 - A類英鎊配息型,yfinance,股票型,亞洲地區
B24080,2016-03-14,107.7411880493164,英鎊,霸菱大東協基金 - A類英鎊配息型,yfinance,股票型,亞洲地區
B24080,2016-03-15,108.12097930908203,英鎊,霸菱大東協基金 - A類英鎊配息型,yfinance,股票型,亞洲地區
B24080,2016-03-16,108.32896423339844,英鎊,霸菱大東協基金 - A類英鎊配息型,yfinance,股票型,亞洲地區
B24080,2016-03-18,108.2023696899414,英鎊,霸菱大東協基金 - A類英鎊配息型,yfinance,股票型,亞洲地區
B24080,2016-03-21,108.58214569091797,英鎊,霸菱大東協基金 - A類英鎊配息型,yfinance,股票型,亞洲地區
B24080,2016-03-22,108.84437561035156,英鎊,霸菱大東協基金 - A類英鎊配息型,yfinance,股票型,亞洲地區
B24080,2016-03-23,109.87519836425781,英鎊,霸菱大東協基金 - A類英鎊配息型,yfinance,股票型,亞洲地區
B24080,2016-03-24,109.45022583007812,英鎊,霸菱大東協基金 - A類英鎊配息型,yfinance,股票型,亞洲地區
B24080,2016-03-29,106.99970245361328,英鎊,霸菱大東協基金 - A類英鎊配息型,yfinance,股票型,亞洲地區
B24080,2016-03-30,108.24757385253906,英鎊,霸菱大東協基金 - A類英鎊配息型,yfinance,股票型,亞洲地區
B24080,2016-03-31,108.69065856933594,英鎊,霸菱大東協基金 - A類英鎊配息型,yfinance,股票型,亞洲地區
B24080,2016-04-01,109.83906555175781,英鎊,霸菱大東協基金 - A類英鎊配息型,yfinance,股票型,亞洲地區
B24080,2016-04-04,110.32735443115234,英鎊,霸菱大東協基金 - A類英鎊配息型,yfinance,股票型,亞洲地區
B24080,2016-04-05,109.41404724121094,英鎊,霸菱大東協基金 - A類英鎊配息型,yfinance,股票型,亞洲地區
B24080,2016-04-06,110.33638763427734,英鎊,霸菱大東協基金 - A類英鎊配息型,yfinance,股票型,亞洲地區
B24080,2016-04-07,110.71617126464844,英鎊,霸菱大東協基金 - A類英鎊配息型,yfinance,股票型,亞洲地區
B24080,2016-04-08,111.18637084960938,英鎊,霸菱大東協基金 - A類英鎊配息型,yfinance,股票型,亞洲地區
B24080,2016-04-11,109.45022583007812,英鎊,霸菱大東協基金 - A類英鎊配息型,yfinance,股票型,亞洲地區
B24080,2016-04-12,109.67628479003906,英鎊,霸菱大東協基金 - A類英鎊配息型,yfinance,股票型,亞洲地區
B24080,2016-04-13,111.17733764648438,英鎊,霸菱大東協基金 - A類英鎊配息型,yfinance,股票型,亞洲地區
B24080,2016-04-14,111.5751953125,英鎊,霸菱大東協基金 - A類英鎊配息型,yfinance,股票型,亞洲地區
B24080,2016-04-15,111.56614685058594,英鎊,霸菱大東協基金 - A類英鎊配息型,yfinance,股票型,亞洲地區
B24080,2016-04-18,111.13212585449219,英鎊,霸菱大東協基金 - A類英鎊配息型,yfinance,股票型,亞洲地區
B24080,2016-04-19,110.625732421875,英鎊,霸菱大東協基金 - A類英鎊配息型,yfinance,股票型,亞洲地區
B24080,2016-04-20,110.80659484863281,英鎊,霸菱大東協基金 - A類英鎊配息型,yfinance,股票型,亞洲地區
B24080,2016-04-21,110.5172348022461,英鎊,霸菱大東協基金 - A類英鎊配息型,yfinance,股票型,亞洲地區
B24080,2016-04-22,110.04702758789062,英鎊,霸菱大東協基金 - A類英鎊配息型,yfinance,股票型,亞洲地區
B24080,2016-04-25,108.726806640625,英鎊,霸菱大東協基金 - A類英鎊配息型,yfinance,股票型,亞洲地區
B24080,2016-04-26,107.37044525146484,英鎊,霸菱大東協基金 - A類英鎊配息型,yfinance,股票型,亞洲地區
B24080,2016-04-27,106.45716857910156,英鎊,霸菱大東協基金 - A類英鎊配息型,yfinance,股票型,亞洲地區
B24080,2016-04-28,106.69226837158203,英鎊,霸菱大東協基金 - A類英鎊配息型,yfinance,股票型,亞洲地區
B24080,2016-04-29,106.20396423339844,英鎊,霸菱大東協基金 - A類英鎊配息型,yfinance,股票型,亞洲地區
B24080,2016-05-03,104.93229675292969,英鎊,霸菱大東協基金 - A類英鎊配息型,yfinance,股票型,亞洲地區
B24080,2016-05-04,105.29457092285156,英鎊,霸菱大東協基金 - A類英鎊配息型,yfinance,股票型,亞洲地區
B24080,2016-05-05,105.2130355834961,英鎊,霸菱大東協基金 - A類英鎊配息型,yfinance,股票型,亞洲地區
B24080,2016-05-06,104.79644012451172,英鎊,霸菱大東協基金 - A類英鎊配息型,yfinance,股票型,亞洲地區
B24080,2016-05-09,105.1043701171875,英鎊,霸菱大東協基金 - A類英鎊配息型,yfinance,股票型,亞洲地區
B24080,2016-05-10,104.99568939208984,英鎊,霸菱大東協基金 - A類英鎊配息型,yfinance,股票型,亞洲地區
B24080,2016-05-11,105.59343719482422,英鎊,霸菱大東協基金 - A類英鎊配息型,yfinance,股票型,亞洲地區
B24080,2016-05-12,105.54816436767578,英鎊,霸菱大東協基金 - A類英鎊配息型,yfinance,股票型,亞洲地區
B24080,2016-05-13,105.72024536132812,英鎊,霸菱大東協基金 - A類英鎊配息型,yfinance,股票型,亞洲地區
B24080,2016-05-16,106.01911163330078,英鎊,霸菱大東協基金 - A類英鎊配息型,yfinance,股票型,亞洲地區
B24080,2016-05-17,105.45758819580078,英鎊,霸菱大東協基金 - A類英鎊配息型,yfinance,股票型,亞洲地區
B24080,2016-05-18,104.5790786743164,英鎊,霸菱大東協基金 - A類英鎊配息型,yfinance,股票型,亞洲地區
B24080,2016-05-19,102.08843994140625,英鎊,霸菱大東協基金 - A類英鎊配息型,yfinance,股票型,亞洲地區
B24080,2016-05-20,102.03411102294922,英鎊,霸菱大東協基金 - A類英鎊配息型,yfinance,股票型,亞洲地區
B24080,2016-05-23,103.41075134277344,英鎊,霸菱大東協基金 - A類英鎊配息型,yfinance,股票型,亞洲地區
B24080,2016-05-24,101.7352294921875,英鎊,霸菱大東協基金 - A類英鎊配息型,yfinance,股票型,亞洲地區
B24080,2016-05-25,102.45072174072266,英鎊,霸菱大東協基金 - A類英鎊配息型,yfinance,股票型,亞洲地區
B24080,2016-05-26,102.3873291015625,英鎊,霸菱大東協基金 - A類英鎊配息型,yfinance,股票型,亞洲地區
B24080,2016-05-27,103.55564880371094,英鎊,霸菱大東協基金 - A類英鎊配息型,yfinance,股票型,亞洲地區
B24080,2016-05-31,103.24771118164062,英鎊,霸菱大東協基金 - A類英鎊配息型,yfinance,股票型,亞洲地區
B24080,2016-06-01,104.71492767333984,英鎊,霸菱大東協基金 - A類英鎊配息型,yfinance,股票型,亞洲地區
B24080,2016-06-02,104.74210357666016,英鎊,霸菱大東協基金 - A類英鎊配息型,yfinance,股票型,亞洲地區
B24080,2016-06-03,105.51191711425781,英鎊,霸菱大東協基金 - A類英鎊配息型,yfinance,股票型,亞洲地區
B24080,2016-06-07,107.32328796386719,英鎊,霸菱大東協基金 - A類英鎊配息型,yfinance,股票型,亞洲地區
B24080,2016-06-08,107.4953842163086,英鎊,霸菱大東協基金 - A類英鎊配息型,yfinance,股票型,亞洲地區
B24080,2016-06-09,107.32328796386719,英鎊,霸菱大東協基金 - A類英鎊配息型,yfinance,股票型,亞洲地區
B24080,2016-06-10,106.52628326416016,英鎊,霸菱大東協基金 - A類英鎊配息型,yfinance,股票型,亞洲地區
B24080,2016-06-13,107.85763549804688,英鎊,霸菱大東協基金 - A類英鎊配息型,yfinance,股票型,亞洲地區
B24080,2016-06-14,107.47724914550781,英鎊,霸菱大東協基金 - A類英鎊配息型,yfinance,股票型,亞洲地區
B24080,2016-06-15,107.73084259033203,英鎊,霸菱大東協基金 - A類英鎊配息型,yfinance,股票型,亞洲地區
B24080,2016-06-16,107.77611541748047,英鎊,霸菱大東協基金 - A類英鎊配息型,yfinance,股票型,亞洲地區
B24080,2016-06-17,107.5315933227539,英鎊,霸菱大東協基金 - A類英鎊配息型,yfinance,股票型,亞洲地區
B24080,2016-06-20,105.87420654296875,英鎊,霸菱大東協基金 - A類英鎊配息型,yfinance,股票型,亞洲地區
B24080,2016-06-21,105.48475646972656,英鎊,霸菱大東協基金 - A類英鎊配息型,yfinance,股票型,亞洲地區
B24080,2016-06-22,105.63871765136719,英鎊,霸菱大東協基金 - A類英鎊配息型,yfinance,股票型,亞洲地區
B24080,2016-06-23,104.44322967529297,英鎊,霸菱大東協基金 - A類英鎊配息型,yfinance,股票型,亞洲地區
B24080,2016-06-24,112.51284790039062,英鎊,霸菱大東協基金 - A類英鎊配息型,yfinance,股票型,亞洲地區
B24080,2016-06-27,115.58311462402344,英鎊,霸菱大東協基金 - A類英鎊配息型,yfinance,股票型,亞洲地區
B24080,2016-06-28,116.06311798095703,英鎊,霸菱大東協基金 - A類英鎊配息型,yfinance,股票型,亞洲地區
B24080,2016-06-29,116.88728332519531,英鎊,霸菱大東協基金 - A類英鎊配息型,yfinance,股票型,亞洲地區
B24080,2016-06-30,117.6118392944336,英鎊,霸菱大東協基金 - A類英鎊配息型,yfinance,股票型,亞洲地區
B24080,2016-07-01,119.23300170898438,英鎊,霸菱大東協基金 - A類英鎊配息型,yfinance,股票型,亞洲地區
B24080,2016-07-04,120.38322448730469,英鎊,霸菱大東協基金 - A類英鎊配息型,yfinance,股票型,亞洲地區
B24080,2016-07-05,120.04812622070312,英鎊,霸菱大東協基金 - A類英鎊配息型,yfinance,股票型,亞洲地區
B24080,2016-07-06,120.40132904052734,英鎊,霸菱大東協基金 - A類英鎊配息型,yfinance,股票型,亞洲地區
B24080,2016-07-07,121.12590026855469,英鎊,霸菱大東協基金 - A類英鎊配息型,yfinance,股票型,亞洲地區
B24080,2016-07-08,121.39756774902344,英鎊,霸菱大東協基金 - A類英鎊配息型,yfinance,股票型,亞洲地區
B24080,2016-07-11,122.96441650390625,英鎊,霸菱大東協基金 - A類英鎊配息型,yfinance,股票型,亞洲地區
B24080,2016-07-12,121.88666534423828,英鎊,霸菱大東協基金 - A類英鎊配息型,yfinance,股票型,亞洲地區
B24080,2016-07-13,121.39756774902344,英鎊,霸菱大東協基金 - A類英鎊配息型,yfinance,股票型,亞洲地區
B24080,2016-07-14,120.76360321044922,英鎊,霸菱大東協基金 - A類英鎊配息型,yfinance,股票型,亞洲地區
B24080,2016-07-15,121.1983413696289,英鎊,霸菱大東協基金 - A類英鎊配息型,yfinance,股票型,亞洲地區
B24080,2016-07-18,122.28516387939453,英鎊,霸菱大東協基金 - A類英鎊配息型,yfinance,股票型,亞洲地區
B24080,2016-07-19,123.42630767822266,英鎊,霸菱大東協基金 - A類英鎊配息型,yfinance,股票型,亞洲地區
B24080,2016-07-20,123.9787826538086,英鎊,霸菱大東協基金 - A類英鎊配息型,yfinance,股票型,亞洲地區
B24080,2016-07-21,123.48065948486328,英鎊,霸菱大東協基金 - A類英鎊配息型,yfinance,股票型,亞洲地區
B24080,2016-07-22,124.03311920166016,英鎊,霸菱大東協基金 - A類英鎊配息型,yfinance,股票型,亞洲地區
B24080,2016-07-25,123.93348693847656,英鎊,霸菱大東協基金 - A類英鎊配息型,yfinance,股票型,亞洲地區
B24080,2016-07-26,124.19612121582031,英鎊,霸菱大東協基金 - A類英鎊配息型,yfinance,股票型,亞洲地區
B24080,2016-07-27,125.654296875,英鎊,霸菱大東協基金 - A類英鎊配息型,yfinance,股票型,亞洲地區
B24080,2016-07-28,125.53654479980469,英鎊,霸菱大東協基金 - A類英鎊配息型,yfinance,股票型,亞洲地區
B24080,2016-07-29,124.1055679321289,英鎊,霸菱大東協基金 - A類英鎊配息型,yfinance,股票型,亞洲地區
B24080,2016-08-02,125.06559753417969,英鎊,霸菱大東協基金 - A類英鎊配息型,yfinance,股票型,亞洲地區
B24080,2016-08-03,123.19084167480469,英鎊,霸菱大東協基金 - A類英鎊配息型,yfinance,股票型,亞洲地區
B24080,2016-08-04,124.60370635986328,英鎊,霸菱大東協基金 - A類英鎊配息型,yfinance,股票型,亞洲地區
B24080,2016-08-05,126.94940948486328,英鎊,霸菱大東協基金 - A類英鎊配息型,yfinance,股票型,亞洲地區
B24080,2016-08-08,129.35855102539062,英鎊,霸菱大東協基金 - A類英鎊配息型,yfinance,股票型,亞洲地區
B24080,2016-08-09,130.60838317871094,英鎊,霸菱大東協基金 - A類英鎊配息型,yfinance,股票型,亞洲地區
B24080,2016-08-10,130.10118103027344,英鎊,霸菱大東協基金 - A類英鎊配息型,yfinance,股票型,亞洲地區
B24080,2016-08-11,131.07028198242188,英鎊,霸菱大東協基金 - A類英鎊配息型,yfinance,股票型,亞洲地區
B24080,2016-08-12,130.85289001464844,英鎊,霸菱大東協基金 - A類英鎊配息型,yfinance,股票型,亞洲地區
B24080,2016-08-15,131.23326110839844,英鎊,霸菱大東協基金 - A類英鎊配息型,yfinance,股票型,亞洲地區
B24080,2016-08-16,131.11553955078125,英鎊,霸菱大東協基金 - A類英鎊配息型,yfinance,股票型,亞洲地區
B24080,2016-08-17,130.56307983398438,英鎊,霸菱大東協基金 - A類英鎊配息型,yfinance,股票型,亞洲地區
B24080,2016-08-18,130.3819580078125,英鎊,霸菱大東協基金 - A類英鎊配息型,yfinance,股票型,亞洲地區
B24080,2016-08-19,129.96533203125,英鎊,霸菱大東協基金 - A類英鎊配息型,yfinance,股票型,亞洲地區
B24080,2016-08-22,130.1283416748047,英鎊,霸菱大東協基金 - A類英鎊配息型,yfinance,股票型,亞洲地區
B24080,2016-08-23,129.4762725830078,英鎊,霸菱大東協基金 - A類英鎊配息型,yfinance,股票型,亞洲地區
B24080,2016-08-24,128.46189880371094,英鎊,霸菱大東協基金 - A類英鎊配息型,yfinance,股票型,亞洲地區
B24080,2016-08-25,129.59400939941406,英鎊,霸菱大東協基金 - A類英鎊配息型,yfinance,股票型,亞洲地區
B24080,2016-08-26,129.2860565185547,英鎊,霸菱大東協基金 - A類英鎊配息型,yfinance,股票型,亞洲地區
B24080,2016-08-30,128.9690704345703,英鎊,霸菱大東協基金 - A類英鎊配息型,yfinance,股票型,亞洲地區
B24080,2016-08-31,129.08680725097656,英鎊,霸菱大東協基金 - A類英鎊配息型,yfinance,股票型,亞洲地區
B24080,2016-09-01,127.08529663085938,英鎊,霸菱大東協基金 - A類英鎊配息型,yfinance,股票型,亞洲地區
B24080,2016-09-02,126.79544830322266,英鎊,霸菱大東協基金 - A類英鎊配息型,yfinance,股票型,亞洲地區
B24080,2016-09-05,125.8988265991211,英鎊,霸菱大東協基金 - A類英鎊配息型,yfinance,股票型,亞洲地區
B24080,2016-09-06,126.37882232666016,英鎊,霸菱大東協基金 - A類英鎊配息型,yfinance,股票型,亞洲地區
B24080,2016-09-07,125.76299285888672,英鎊,霸菱大東協基金 - A類英鎊配息型,yfinance,股票型,亞洲地區
B24080,2016-09-08,124.1508560180664,英鎊,霸菱大東協基金 - A類英鎊配息型,yfinance,股票型,亞洲地區
B24080,2016-09-09,123.44442749023438,英鎊,霸菱大東協基金 - A類英鎊配息型,yfinance,股票型,亞洲地區
B24080,2016-09-12,120.55530548095703,英鎊,霸菱大東協基金 - A類英鎊配息型,yfinance,股票型,亞洲地區
B24080,2016-09-13,122.44816589355469,英鎊,霸菱大東協基金 - A類英鎊配息型,yfinance,股票型,亞洲地區
B24080,2016-09-14,122.0859146118164,英鎊,霸菱大東協基金 - A類英鎊配息型,yfinance,股票型,亞洲地區
B24080,2016-09-15,123.24517059326172,英鎊,霸菱大東協基金 - A類英鎊配息型,yfinance,股票型,亞洲地區
B24080,2016-09-16,123.58026123046875,英鎊,霸菱大東協基金 - A類英鎊配息型,yfinance,股票型,亞洲地區
B24080,2016-09-19,126.0346908569336,英鎊,霸菱大東協基金 - A類英鎊配息型,yfinance,股票型,亞洲地區
B24080,2016-09-20,126.41505432128906,英鎊,霸菱大東協基金 - A類英鎊配息型,yfinance,股票型,亞洲地區
B24080,2016-09-21,127.46565246582031,英鎊,霸菱大東協基金 - A類英鎊配息型,yfinance,股票型,亞洲地區
B24080,2016-09-22,128.33509826660156,英鎊,霸菱大東協基金 - A類英鎊配息型,yfinance,股票型,亞洲地區
B24080,2016-09-23,128.36228942871094,英鎊,霸菱大東協基金 - A類英鎊配息型,yfinance,股票型,亞洲地區
B24080,2016-09-26,128.37132263183594,英鎊,霸菱大東協基金 - A類英鎊配息型,yfinance,股票型,亞洲地區
B24080,2016-09-27,129.1049346923828,英鎊,霸菱大東協基金 - A類英鎊配息型,yfinance,股票型,亞洲地區
B24080,2016-09-28,129.40380859375,英鎊,霸菱大東協基金 - A類英鎊配息型,yfinance,股票型,亞洲地區
B24080,2016-09-29,129.8023223876953,英鎊,霸菱大東協基金 - A類英鎊配息型,yfinance,股票型,亞洲地區
B24080,2016-09-30,128.1086883544922,英鎊,霸菱大東協基金 - A類英鎊配息型,yfinance,股票型,亞洲地區
B24080,2016-10-03,130.25515747070312,英鎊,霸菱大東協基金 - A類英鎊配息型,yfinance,股票型,亞洲地區
B24080,2016-10-04,132.1389617919922,英鎊,霸菱大東協基金 - A類英鎊配息型,yfinance,股票型,亞洲地區
B24080,2016-10-05,131.64085388183594,英鎊,霸菱大東協基金 - A類英鎊配息型,yfinance,股票型,亞洲地區
B24080,2016-10-06,132.1933135986328,英鎊,霸菱大東協基金 - A類英鎊配息型,yfinance,股票型,亞洲地區
B24080,2016-10-07,134.72921752929688,英鎊,霸菱大東協基金 - A類英鎊配息型,yfinance,股票型,亞洲地區
B24080,2016-10-10,131.98500061035156,英鎊,霸菱大東協基金 - A類英鎊配息型,yfinance,股票型,亞洲地區
B24080,2016-10-11,132.82730102539062,英鎊,霸菱大東協基金 - A類英鎊配息型,yfinance,股票型,亞洲地區
B24080,2016-10-12,131.02499389648438,英鎊,霸菱大東協基金 - A類英鎊配息型,yfinance,股票型,亞洲地區
B24080,2016-10-13,131.4687957763672,英鎊,霸菱大東協基金 - A類英鎊配息型,yfinance,股票型,亞洲地區
B24080,2016-10-14,133.84165954589844,英鎊,霸菱大東協基金 - A類英鎊配息型,yfinance,股票型,亞洲地區
B24080,2016-10-17,134.14051818847656,英鎊,霸菱大東協基金 - A類英鎊配息型,yfinance,股票型,亞洲地區
B24080,2016-10-18,134.84695434570312,英鎊,霸菱大東協基金 - A類英鎊配息型,yfinance,股票型,亞洲地區
B24080,2016-10-19,135.74359130859375,英鎊,霸菱大東協基金 - A類英鎊配息型,yfinance,股票型,亞洲地區
B24080,2016-10-20,136.34130859375,英鎊,霸菱大東協基金 - A類英鎊配息型,yfinance,股票型,亞洲地區
B24080,2016-10-21,136.47718811035156,英鎊,霸菱大東協基金 - A類英鎊配息型,yfinance,股票型,亞洲地區
B24080,2016-10-24,136.2688751220703,英鎊,霸菱大東協基金 - A類英鎊配息型,yfinance,股票型,亞洲地區
B24080,2016-10-25,136.30508422851562,英鎊,霸菱大東協基金 - A類英鎊配息型,yfinance,股票型,亞洲地區
B24080,2016-10-26,135.49000549316406,英鎊,霸菱大東協基金 - A類英鎊配息型,yfinance,股票型,亞洲地區
B24080,2016-10-27,135.21827697753906,英鎊,霸菱大東協基金 - A類英鎊配息型,yfinance,股票型,亞洲地區
B24080,2016-10-28,135.91567993164062,英鎊,霸菱大東協基金 - A類英鎊配息型,yfinance,股票型,亞洲地區
B24080,2016-11-01,135.31793212890625,英鎊,霸菱大東協基金 - A類英鎊配息型,yfinance,股票型,亞洲地區
B24080,2016-11-02,133.6333465576172,英鎊,霸菱大東協基金 - A類英鎊配息型,yfinance,股票型,亞洲地區
B24080,2016-11-03,131.0159454345703,英鎊,霸菱大東協基金 - A類英鎊配息型,yfinance,股票型,亞洲地區
B24080,2016-11-04,130.68080139160156,英鎊,霸菱大東協基金 - A類英鎊配息型,yfinance,股票型,亞洲地區
B24080,2016-11-07,132.42880249023438,英鎊,霸菱大東協基金 - A類英鎊配息型,yfinance,股票型,亞洲地區
B24080,2016-11-08,134.17674255371094,英鎊,霸菱大東協基金 - A類英鎊配息型,yfinance,股票型,亞洲地區
B24080,2016-11-09,132.02125549316406,英鎊,霸菱大東協基金 - A類英鎊配息型,yfinance,股票型,亞洲地區
B24080,2016-11-10,133.08993530273438,英鎊,霸菱大東協基金 - A類英鎊配息型,yfinance,股票型,亞洲地區
B24080,2016-11-11,126.56903839111328,英鎊,霸菱大東協基金 - A類英鎊配息型,yfinance,股票型,亞洲地區
B24080,2016-11-14,123.67084503173828,英鎊,霸菱大東協基金 - A類英鎊配息型,yfinance,股票型,亞洲地區
B24080,2016-11-15,124.81200408935547,英鎊,霸菱大東協基金 - A類英鎊配息型,yfinance,股票型,亞洲地區
B24080,2016-11-16,126.19771575927734,英鎊,霸菱大東協基金 - A類英鎊配息型,yfinance,股票型,亞洲地區
B24080,2016-11-17,125.2739028930664,英鎊,霸菱大東協基金 - A類英鎊配息型,yfinance,股票型,亞洲地區
B24080,2016-11-18,124.90259552001953,英鎊,霸菱大東協基金 - A類英鎊配息型,yfinance,股票型,亞洲地區
B24080,2016-11-21,124.74860382080078,英鎊,霸菱大東協基金 - A類英鎊配息型,yfinance,股票型,亞洲地區
B24080,2016-11-22,124.33197784423828,英鎊,霸菱大東協基金 - A類英鎊配息型,yfinance,股票型,亞洲地區
B24080,2016-11-23,124.65804290771484,英鎊,霸菱大東協基金 - A類英鎊配息型,yfinance,股票型,亞洲地區
B24080,2016-11-24,122.68365478515625,英鎊,霸菱大東協基金 - A類英鎊配息型,yfinance,股票型,亞洲地區
B24080,2016-11-25,123.3991470336914,英鎊,霸菱大東協基金 - A類英鎊配息型,yfinance,股票型,亞洲地區
B24080,2016-11-28,123.20893859863281,英鎊,霸菱大東協基金 - A類英鎊配息型,yfinance,股票型,亞洲地區
B24080,2016-11-29,122.52064514160156,英鎊,霸菱大東協基金 - A類英鎊配息型,yfinance,股票型,亞洲地區
B24080,2016-11-30,123.41726684570312,英鎊,霸菱大東協基金 - A類英鎊配息型,yfinance,股票型,亞洲地區
B24080,2016-12-01,122.51158142089844,英鎊,霸菱大東協基金 - A類英鎊配息型,yfinance,股票型,亞洲地區
B24080,2016-12-02,123.04593658447266,英鎊,霸菱大東協基金 - A類英鎊配息型,yfinance,股票型,亞洲地區
B24080,2016-12-05,121.9047622680664,英鎊,霸菱大東協基金 - A類英鎊配息型,yfinance,股票型,亞洲地區
B24080,2016-12-06,122.26704406738281,英鎊,霸菱大東協基金 - A類英鎊配息型,yfinance,股票型,亞洲地區
B24080,2016-12-07,124.08745574951172,英鎊,霸菱大東協基金 - A類英鎊配息型,yfinance,股票型,亞洲地區
B24080,2016-12-08,124.65804290771484,英鎊,霸菱大東協基金 - A類英鎊配息型,yfinance,股票型,亞洲地區
B24080,2016-12-09,125.33731842041016,英鎊,霸菱大東協基金 - A類英鎊配息型,yfinance,股票型,亞洲地區
B24080,2016-12-12,124.54029846191406,英鎊,霸菱大東協基金 - A類英鎊配息型,yfinance,股票型,亞洲地區
B24080,2016-12-13,123.87010955810547,英鎊,霸菱大東協基金 - A類英鎊配息型,yfinance,股票型,亞洲地區
B24080,2016-12-14,123.47160339355469,英鎊,霸菱大東協基金 - A類英鎊配息型,yfinance,股票型,亞洲地區
B24080,2016-12-15,123.9787826538086,英鎊,霸菱大東協基金 - A類英鎊配息型,yfinance,股票型,亞洲地區
B24080,2016-12-16,124.18706512451172,英鎊,霸菱大東協基金 - A類英鎊配息型,yfinance,股票型,亞洲地區
B24080,2016-12-19,123.75236511230469,英鎊,霸菱大東協基金 - A類英鎊配息型,yfinance,股票型,亞洲地區
B24080,2016-12-20,122.9916000366211,英鎊,霸菱大東協基金 - A類英鎊配息型,yfinance,股票型,亞洲地區
B24080,2016-12-21,122.44816589355469,英鎊,霸菱大東協基金 - A類英鎊配息型,yfinance,股票型,亞洲地區
B24080,2016-12-22,121.6240005493164,英鎊,霸菱大東協基金 - A類英鎊配息型,yfinance,股票型,亞洲地區
B24080,2016-12-23,121.82325744628906,英鎊,霸菱大東協基金 - A類英鎊配息型,yfinance,股票型,亞洲地區
B24080,2016-12-29,126.1705322265625,英鎊,霸菱大東協基金 - A類英鎊配息型,yfinance,股票型,亞洲地區
B24080,2016-12-30,126.13429260253906,英鎊,霸菱大東協基金 - A類英鎊配息型,yfinance,股票型,亞洲地區
B19161,2016-01-04,50.97354507446289,英鎊,瑞銀 (盧森堡) 歐元非投資等級債券基金 (歐元) (英鎊避險) (月配息),yfinance,債券型,全球市場
B19161,2016-01-05,50.94049835205078,英鎊,瑞銀 (盧森堡) 歐元非投資等級債券基金 (歐元) (英鎊避險) (月配息),yfinance,債券型,全球市場
B19161,2016-01-06,50.9680290222168,英鎊,瑞銀 (盧森堡) 歐元非投資等級債券基金 (歐元) (英鎊避險) (月配息),yfinance,債券型,全球市場
B19161,2016-01-07,50.80836486816406,英鎊,瑞銀 (盧森堡) 歐元非投資等級債券基金 (歐元) (英鎊避險) (月配息),yfinance,債券型,全球市場
B19161,2016-01-08,50.85791778564453,英鎊,瑞銀 (盧森堡) 歐元非投資等級債券基金 (歐元) (英鎊避險) (月配息),yfinance,債券型,全球市場
B19161,2016-01-11,50.78084945678711,英鎊,瑞銀 (盧森堡) 歐元非投資等級債券基金 (歐元) (英鎊避險) (月配息),yfinance,債券型,全球市場
B19161,2016-01-12,50.659725189208984,英鎊,瑞銀 (盧森堡) 歐元非投資等級債券基金 (歐元) (英鎊避險) (月配息),yfinance,債券型,全球市場
B19161,2016-01-13,50.61570358276367,英鎊,瑞銀 (盧森堡) 歐元非投資等級債券基金 (歐元) (英鎊避險) (月配息),yfinance,債券型,全球市場
B19161,2016-01-14,50.43400573730469,英鎊,瑞銀 (盧森堡) 歐元非投資等級債券基金 (歐元) (英鎊避險) (月配息),yfinance,債券型,全球市場
B19161,2016-01-15,50.245819091796875,英鎊,瑞銀 (盧森堡) 歐元非投資等級債券基金 (歐元) (英鎊避險) (月配息),yfinance,債券型,全球市場
B19161,2016-01-18,50.04656982421875,英鎊,瑞銀 (盧森堡) 歐元非投資等級債券基金 (歐元) (英鎊避險) (月配息),yfinance,債券型,全球市場
B19161,2016-01-19,50.03547668457031,英鎊,瑞銀 (盧森堡) 歐元非投資等級債券基金 (歐元) (英鎊避險) (月配息),yfinance,債券型,全球市場
B19161,2016-01-20,49.67020797729492,英鎊,瑞銀 (盧森堡) 歐元非投資等級債券基金 (歐元) (英鎊避險) (月配息),yfinance,債券型,全球市場
B19161,2016-01-21,49.614837646484375,英鎊,瑞銀 (盧森堡) 歐元非投資等級債券基金 (歐元) (英鎊避險) (月配息),yfinance,債券型,全球市場
B19161,2016-01-22,49.891597747802734,英鎊,瑞銀 (盧森堡) 歐元非投資等級債券基金 (歐元) (英鎊避險) (月配息),yfinance,債券型,全球市場
B19161,2016-01-25,49.969093322753906,英鎊,瑞銀 (盧森堡) 歐元非投資等級債券基金 (歐元) (英鎊避險) (月配息),yfinance,債券型,全球市場
B19161,2016-01-26,49.92479705810547,英鎊,瑞銀 (盧森堡) 歐元非投資等級債券基金 (歐元) (英鎊避險) (月配息),yfinance,債券型,全球市場
B19161,2016-01-27,50.00227737426758,英鎊,瑞銀 (盧森堡) 歐元非投資等級債券基金 (歐元) (英鎊避險) (月配息),yfinance,債券型,全球市場
B19161,2016-01-28,50.112972259521484,英鎊,瑞銀 (盧森堡) 歐元非投資等級債券基金 (歐元) (英鎊避險) (月配息),yfinance,債券型,全球市場
B19161,2016-01-29,50.19047927856445,英鎊,瑞銀 (盧森堡) 歐元非投資等級債券基金 (歐元) (英鎊避險) (月配息),yfinance,債券型,全球市場
B19161,2016-02-01,50.184940338134766,英鎊,瑞銀 (盧森堡) 歐元非投資等級債券基金 (歐元) (英鎊避險) (月配息),yfinance,債券型,全球市場
B19161,2016-02-02,50.06869888305664,英鎊,瑞銀 (盧森堡) 歐元非投資等級債券基金 (歐元) (英鎊避險) (月配息),yfinance,債券型,全球市場
B19161,2016-02-03,49.91925048828125,英鎊,瑞銀 (盧森堡) 歐元非投資等級債券基金 (歐元) (英鎊避險) (月配息),yfinance,債券型,全球市場
B19161,2016-02-04,49.86944580078125,英鎊,瑞銀 (盧森堡) 歐元非投資等級債券基金 (歐元) (英鎊避險) (月配息),yfinance,債券型,全球市場
B19161,2016-02-05,49.78089904785156,英鎊,瑞銀 (盧森堡) 歐元非投資等級債券基金 (歐元) (英鎊避險) (月配息),yfinance,債券型,全球市場
B19161,2016-02-08,49.432186126708984,英鎊,瑞銀 (盧森堡) 歐元非投資等級債券基金 (歐元) (英鎊避險) (月配息),yfinance,債券型,全球市場
B19161,2016-02-09,49.10009765625,英鎊,瑞銀 (盧森堡) 歐元非投資等級債券基金 (歐元) (英鎊避險) (月配息),yfinance,債券型,全球市場
B19161,2016-02-10,49.144405364990234,英鎊,瑞銀 (盧森堡) 歐元非投資等級債券基金 (歐元) (英鎊避險) (月配息),yfinance,債券型,全球市場
B19161,2016-02-11,48.7624626159668,英鎊,瑞銀 (盧森堡) 歐元非投資等級債券基金 (歐元) (英鎊避險) (月配息),yfinance,債券型,全球市場
B19161,2016-02-12,48.60749053955078,英鎊,瑞銀 (盧森堡) 歐元非投資等級債券基金 (歐元) (英鎊避險) (月配息),yfinance,債券型,全球市場
B19161,2016-02-15,48.82335662841797,英鎊,瑞銀 (盧森堡) 歐元非投資等級債券基金 (歐元) (英鎊避險) (月配息),yfinance,債券型,全球市場
B19161,2016-02-16,48.929107666015625,英鎊,瑞銀 (盧森堡) 歐元非投資等級債券基金 (歐元) (英鎊避險) (月配息),yfinance,債券型,全球市場
B19161,2016-02-17,49.084957122802734,英鎊,瑞銀 (盧森堡) 歐元非投資等級債券基金 (歐元) (英鎊避險) (月配息),yfinance,債券型,全球市場
B19161,2016-02-18,49.32428741455078,英鎊,瑞銀 (盧森堡) 歐元非投資等級債券基金 (歐元) (英鎊避險) (月配息),yfinance,債券型,全球市場
B19161,2016-02-19,49.240806579589844,英鎊,瑞銀 (盧森堡) 歐元非投資等級債券基金 (歐元) (英鎊避險) (月配息),yfinance,債券型,全球市場
B19161,2016-02-22,49.33538818359375,英鎊,瑞銀 (盧森堡) 歐元非投資等級債券基金 (歐元) (英鎊避險) (月配息),yfinance,債券型,全球市場
B19161,2016-02-23,49.36880874633789,英鎊,瑞銀 (盧森堡) 歐元非投資等級債券基金 (歐元) (英鎊避險) (月配息),yfinance,債券型,全球市場
B19161,2016-02-24,49.229637145996094,英鎊,瑞銀 (盧森堡) 歐元非投資等級債券基金 (歐元) (英鎊避險) (月配息),yfinance,債券型,全球市場
B19161,2016-02-25,49.235233306884766,英鎊,瑞銀 (盧森堡) 歐元非投資等級債券基金 (歐元) (英鎊避險) (月配息),yfinance,債券型,全球市場
B19161,2016-02-26,49.391056060791016,英鎊,瑞銀 (盧森堡) 歐元非投資等級債券基金 (歐元) (英鎊避險) (月配息),yfinance,債券型,全球市場
B19161,2016-02-29,49.47453689575195,英鎊,瑞銀 (盧森堡) 歐元非投資等級債券基金 (歐元) (英鎊避險) (月配息),yfinance,債券型,全球市場
B19161,2016-03-01,49.65822219848633,英鎊,瑞銀 (盧森堡) 歐元非投資等級債券基金 (歐元) (英鎊避險) (月配息),yfinance,債券型,全球市場
B19161,2016-03-02,49.84748840332031,英鎊,瑞銀 (盧森堡) 歐元非投資等級債券基金 (歐元) (英鎊避險) (月配息),yfinance,債券型,全球市場
B19161,2016-03-03,49.88086700439453,英鎊,瑞銀 (盧森堡) 歐元非投資等級債券基金 (歐元) (英鎊避險) (月配息),yfinance,債券型,全球市場
B19161,2016-03-04,50.04782485961914,英鎊,瑞銀 (盧森堡) 歐元非投資等級債券基金 (歐元) (英鎊避險) (月配息),yfinance,債券型,全球市場
B19161,2016-03-07,50.142459869384766,英鎊,瑞銀 (盧森堡) 歐元非投資等級債券基金 (歐元) (英鎊避險) (月配息),yfinance,債券型,全球市場
B19161,2016-03-08,50.153564453125,英鎊,瑞銀 (盧森堡) 歐元非投資等級債券基金 (歐元) (英鎊避險) (月配息),yfinance,債券型,全球市場
B19161,2016-03-09,50.142459869384766,英鎊,瑞銀 (盧森堡) 歐元非投資等級債券基金 (歐元) (英鎊避險) (月配息),yfinance,債券型,全球市場
B19161,2016-03-10,50.39850616455078,英鎊,瑞銀 (盧森堡) 歐元非投資等級債券基金 (歐元) (英鎊避險) (月配息),yfinance,債券型,全球市場
B19161,2016-03-11,50.94392776489258,英鎊,瑞銀 (盧森堡) 歐元非投資等級債券基金 (歐元) (英鎊避險) (月配息),yfinance,債券型,全球市場
B19161,2016-03-14,51.199954986572266,英鎊,瑞銀 (盧森堡) 歐元非投資等級債券基金 (歐元) (英鎊避險) (月配息),yfinance,債券型,全球市場
B19161,2016-03-15,51.0264892578125,英鎊,瑞銀 (盧森堡) 歐元非投資等級債券基金 (歐元) (英鎊避險) (月配息),yfinance,債券型,全球市場
B19161,2016-03-16,50.93137741088867,英鎊,瑞銀 (盧森堡) 歐元非投資等級債券基金 (歐元) (英鎊避險) (月配息),yfinance,債券型,全球市場
B19161,2016-03-17,50.953739166259766,英鎊,瑞銀 (盧森堡) 歐元非投資等級債券基金 (歐元) (英鎊避險) (月配息),yfinance,債券型,全球市場
B19161,2016-03-18,51.004112243652344,英鎊,瑞銀 (盧森堡) 歐元非投資等級債券基金 (歐元) (英鎊避險) (月配息),yfinance,債券型,全球市場
B19161,2016-03-21,51.04887008666992,英鎊,瑞銀 (盧森堡) 歐元非投資等級債券基金 (歐元) (英鎊避險) (月配息),yfinance,債券型,全球市場
B19161,2016-03-22,51.07687759399414,英鎊,瑞銀 (盧森堡) 歐元非投資等級債券基金 (歐元) (英鎊避險) (月配息),yfinance,債券型,全球市場
B19161,2016-03-23,51.14399337768555,英鎊,瑞銀 (盧森堡) 歐元非投資等級債券基金 (歐元) (英鎊避險) (月配息),yfinance,債券型,全球市場
B19161,2016-03-24,51.08805847167969,英鎊,瑞銀 (盧森堡) 歐元非投資等級債券基金 (歐元) (英鎊避險) (月配息),yfinance,債券型,全球市場
B19161,2016-03-29,51.07687759399414,英鎊,瑞銀 (盧森堡) 歐元非投資等級債券基金 (歐元) (英鎊避險) (月配息),yfinance,債券型,全球市場
B19161,2016-03-30,51.10480499267578,英鎊,瑞銀 (盧森堡) 歐元非投資等級債券基金 (歐元) (英鎊避險) (月配息),yfinance,債券型,全球市場
B19161,2016-03-31,51.121620178222656,英鎊,瑞銀 (盧森堡) 歐元非投資等級債券基金 (歐元) (英鎊避險) (月配息),yfinance,債券型,全球市場
B19161,2016-04-01,51.1663703918457,英鎊,瑞銀 (盧森堡) 歐元非投資等級債券基金 (歐元) (英鎊避險) (月配息),yfinance,債券型,全球市場
B19161,2016-04-04,51.479732513427734,英鎊,瑞銀 (盧森堡) 歐元非投資等級債券基金 (歐元) (英鎊避險) (月配息),yfinance,債券型,全球市場
B19161,2016-04-05,51.205570220947266,英鎊,瑞銀 (盧森堡) 歐元非投資等級債券基金 (歐元) (英鎊避險) (月配息),yfinance,債券型,全球市場
B19161,2016-04-06,51.21113204956055,英鎊,瑞銀 (盧森堡) 歐元非投資等級債券基金 (歐元) (英鎊避險) (月配息),yfinance,債券型,全球市場
B19161,2016-04-07,51.21674346923828,英鎊,瑞銀 (盧森堡) 歐元非投資等級債券基金 (歐元) (英鎊避險) (月配息),yfinance,債券型,全球市場
B19161,2016-04-08,51.19436264038086,英鎊,瑞銀 (盧森堡) 歐元非投資等級債券基金 (歐元) (英鎊避險) (月配息),yfinance,債券型,全球市場
B19161,2016-04-11,51.18876647949219,英鎊,瑞銀 (盧森堡) 歐元非投資等級債券基金 (歐元) (英鎊避險) (月配息),yfinance,債券型,全球市場
B19161,2016-04-12,51.239131927490234,英鎊,瑞銀 (盧森堡) 歐元非投資等級債券基金 (歐元) (英鎊避險) (月配息),yfinance,債券型,全球市場
B19161,2016-04-13,51.395816802978516,英鎊,瑞銀 (盧森堡) 歐元非投資等級債券基金 (歐元) (英鎊避險) (月配息),yfinance,債券型,全球市場
B19161,2016-04-14,51.52448272705078,英鎊,瑞銀 (盧森堡) 歐元非投資等級債券基金 (歐元) (英鎊避險) (月配息),yfinance,債券型,全球市場
B19161,2016-04-15,51.563846588134766,英鎊,瑞銀 (盧森堡) 歐元非投資等級債券基金 (歐元) (英鎊避險) (月配息),yfinance,債券型,全球市場
B19161,2016-04-18,51.57514572143555,英鎊,瑞銀 (盧森堡) 歐元非投資等級債券基金 (歐元) (英鎊避險) (月配息),yfinance,債券型,全球市場
B19161,2016-04-19,51.69326400756836,英鎊,瑞銀 (盧森堡) 歐元非投資等級債券基金 (歐元) (英鎊避險) (月配息),yfinance,債券型,全球市場
B19161,2016-04-20,51.732635498046875,英鎊,瑞銀 (盧森堡) 歐元非投資等級債券基金 (歐元) (英鎊避險) (月配息),yfinance,債券型,全球市場
B19161,2016-04-21,51.85643768310547,英鎊,瑞銀 (盧森堡) 歐元非投資等級債券基金 (歐元) (英鎊避險) (月配息),yfinance,債券型,全球市場
B19161,2016-04-22,51.974571228027344,英鎊,瑞銀 (盧森堡) 歐元非投資等級債券基金 (歐元) (英鎊避險) (月配息),yfinance,債券型,全球市場
B19161,2016-04-25,51.935157775878906,英鎊,瑞銀 (盧森堡) 歐元非投資等級債券基金 (歐元) (英鎊避險) (月配息),yfinance,債券型,全球市場
B19161,2016-04-26,51.91828536987305,英鎊,瑞銀 (盧森堡) 歐元非投資等級債券基金 (歐元) (英鎊避險) (月配息),yfinance,債券型,全球市場
B19161,2016-04-27,51.89577865600586,英鎊,瑞銀 (盧森堡) 歐元非投資等級債券基金 (歐元) (英鎊避險) (月配息),yfinance,債券型,全球市場
B19161,2016-04-28,51.907047271728516,英鎊,瑞銀 (盧森堡) 歐元非投資等級債券基金 (歐元) (英鎊避險) (月配息),yfinance,債券型,全球市場
B19161,2016-04-29,51.907047271728516,英鎊,瑞銀 (盧森堡) 歐元非投資等級債券基金 (歐元) (英鎊避險) (月配息),yfinance,債券型,全球市場
B19161,2016-05-03,51.83952331542969,英鎊,瑞銀 (盧森堡) 歐元非投資等級債券基金 (歐元) (英鎊避險) (月配息),yfinance,債券型,全球市場
B19161,2016-05-04,51.75513458251953,英鎊,瑞銀 (盧森堡) 歐元非投資等級債券基金 (歐元) (英鎊避險) (月配息),yfinance,債券型,全球市場
B19161,2016-05-06,51.70452880859375,英鎊,瑞銀 (盧森堡) 歐元非投資等級債券基金 (歐元) (英鎊避險) (月配息),yfinance,債券型,全球市場
B19161,2016-05-09,51.66513442993164,英鎊,瑞銀 (盧森堡) 歐元非投資等級債券基金 (歐元) (英鎊避險) (月配息),yfinance,債券型,全球市場
B19161,2016-05-10,51.63140106201172,英鎊,瑞銀 (盧森堡) 歐元非投資等級債券基金 (歐元) (英鎊避險) (月配息),yfinance,債券型,全球市場
B19161,2016-05-11,51.63140106201172,英鎊,瑞銀 (盧森堡) 歐元非投資等級債券基金 (歐元) (英鎊避險) (月配息),yfinance,債券型,全球市場
B19161,2016-05-12,51.65390396118164,英鎊,瑞銀 (盧森堡) 歐元非投資等級債券基金 (歐元) (英鎊避險) (月配息),yfinance,債券型,全球市場
B19161,2016-05-13,51.64826202392578,英鎊,瑞銀 (盧森堡) 歐元非投資等級債券基金 (歐元) (英鎊避險) (月配息),yfinance,債券型,全球市場
B19161,2016-05-17,51.524505615234375,英鎊,瑞銀 (盧森堡) 歐元非投資等級債券基金 (歐元) (英鎊避險) (月配息),yfinance,債券型,全球市場
B19161,2016-05-18,51.53014373779297,英鎊,瑞銀 (盧森堡) 歐元非投資等級債券基金 (歐元) (英鎊避險) (月配息),yfinance,債券型,全球市場
B19161,2016-05-19,51.4851188659668,英鎊,瑞銀 (盧森堡) 歐元非投資等級債券基金 (歐元) (英鎊避險) (月配息),yfinance,債券型,全球市場
B19161,2016-05-20,51.53575897216797,英鎊,瑞銀 (盧森堡) 歐元非投資等級債券基金 (歐元) (英鎊避險) (月配息),yfinance,債券型,全球市場
B19161,2016-05-23,51.56949996948242,英鎊,瑞銀 (盧森堡) 歐元非投資等級債券基金 (歐元) (英鎊避險) (月配息),yfinance,債券型,全球市場
B19161,2016-05-24,51.63140106201172,英鎊,瑞銀 (盧森堡) 歐元非投資等級債券基金 (歐元) (英鎊避險) (月配息),yfinance,債券型,全球市場
B19161,2016-05-25,51.749507904052734,英鎊,瑞銀 (盧森堡) 歐元非投資等級債券基金 (歐元) (英鎊避險) (月配息),yfinance,債券型,全球市場
B19161,2016-05-26,51.83952331542969,英鎊,瑞銀 (盧森堡) 歐元非投資等級債券基金 (歐元) (英鎊避險) (月配息),yfinance,債券型,全球市場
B19161,2016-05-27,51.845157623291016,英鎊,瑞銀 (盧森堡) 歐元非投資等級債券基金 (歐元) (英鎊避險) (月配息),yfinance,債券型,全球市場
B19161,2016-05-31,51.907047271728516,英鎊,瑞銀 (盧森堡) 歐元非投資等級債券基金 (歐元) (英鎊避險) (月配息),yfinance,債券型,全球市場
B19161,2016-06-01,51.929527282714844,英鎊,瑞銀 (盧森堡) 歐元非投資等級債券基金 (歐元) (英鎊避險) (月配息),yfinance,債券型,全球市場
B19161,2016-06-02,51.96891784667969,英鎊,瑞銀 (盧森堡) 歐元非投資等級債券基金 (歐元) (英鎊避險) (月配息),yfinance,債券型,全球市場
B19161,2016-06-03,52.04206085205078,英鎊,瑞銀 (盧森堡) 歐元非投資等級債券基金 (歐元) (英鎊避險) (月配息),yfinance,債券型,全球市場
B19161,2016-06-06,52.10392379760742,英鎊,瑞銀 (盧森堡) 歐元非投資等級債券基金 (歐元) (英鎊避險) (月配息),yfinance,債券型,全球市場
B19161,2016-06-07,52.205196380615234,英鎊,瑞銀 (盧森堡) 歐元非投資等級債券基金 (歐元) (英鎊避險) (月配息),yfinance,債券型,全球市場
B19161,2016-06-08,52.30083084106445,英鎊,瑞銀 (盧森堡) 歐元非投資等級債券基金 (歐元) (英鎊避險) (月配息),yfinance,債券型,全球市場
B19161,2016-06-09,52.34020233154297,英鎊,瑞銀 (盧森堡) 歐元非投資等級債券基金 (歐元) (英鎊避險) (月配息),yfinance,債券型,全球市場
B19161,2016-06-10,52.26707077026367,英鎊,瑞銀 (盧森堡) 歐元非投資等級債券基金 (歐元) (英鎊避險) (月配息),yfinance,債券型,全球市場
B19161,2016-06-13,52.02519226074219,英鎊,瑞銀 (盧森堡) 歐元非投資等級債券基金 (歐元) (英鎊避險) (月配息),yfinance,債券型,全球市場
B19161,2016-06-14,51.687618255615234,英鎊,瑞銀 (盧森堡) 歐元非投資等級債券基金 (歐元) (英鎊避險) (月配息),yfinance,債券型,全球市場
B19161,2016-06-15,51.80642318725586,英鎊,瑞銀 (盧森堡) 歐元非投資等級債券基金 (歐元) (英鎊避險) (月配息),yfinance,債券型,全球市場
B19161,2016-06-16,51.68199157714844,英鎊,瑞銀 (盧森堡) 歐元非投資等級債券基金 (歐元) (英鎊避險) (月配息),yfinance,債券型,全球市場
B19161,2016-06-17,51.755523681640625,英鎊,瑞銀 (盧森堡) 歐元非投資等級債券基金 (歐元) (英鎊避險) (月配息),yfinance,債券型,全球市場
B19161,2016-06-20,52.02696228027344,英鎊,瑞銀 (盧森堡) 歐元非投資等級債券基金 (歐元) (英鎊避險) (月配息),yfinance,債券型,全球市場
B19161,2016-06-21,52.100528717041016,英鎊,瑞銀 (盧森堡) 歐元非投資等級債券基金 (歐元) (英鎊避險) (月配息),yfinance,債券型,全球市場
B19161,2016-06-22,52.15144729614258,英鎊,瑞銀 (盧森堡) 歐元非投資等級債券基金 (歐元) (英鎊避險) (月配息),yfinance,債券型,全球市場
B19161,2016-06-24,51.39919662475586,英鎊,瑞銀 (盧森堡) 歐元非投資等級債券基金 (歐元) (英鎊避險) (月配息),yfinance,債券型,全球市場
B19161,2016-06-27,51.12770462036133,英鎊,瑞銀 (盧森堡) 歐元非投資等級債券基金 (歐元) (英鎊避險) (月配息),yfinance,債券型,全球市場
B19161,2016-06-28,51.26919174194336,英鎊,瑞銀 (盧森堡) 歐元非投資等級債券基金 (歐元) (英鎊避險) (月配息),yfinance,債券型,全球市場
B19161,2016-06-29,51.55760192871094,英鎊,瑞銀 (盧森堡) 歐元非投資等級債券基金 (歐元) (英鎊避險) (月配息),yfinance,債券型,全球市場
B19161,2016-06-30,51.642398834228516,英鎊,瑞銀 (盧森堡) 歐元非投資等級債券基金 (歐元) (英鎊避險) (月配息),yfinance,債券型,全球市場
B19161,2016-07-01,51.82337951660156,英鎊,瑞銀 (盧森堡) 歐元非投資等級債券基金 (歐元) (英鎊避險) (月配息),yfinance,債券型,全球市場
B19161,2016-07-04,51.97042465209961,英鎊,瑞銀 (盧森堡) 歐元非投資等級債券基金 (歐元) (英鎊避險) (月配息),yfinance,債券型,全球市場
B19161,2016-07-05,51.91386795043945,英鎊,瑞銀 (盧森堡) 歐元非投資等級債券基金 (歐元) (英鎊避險) (月配息),yfinance,債券型,全球市場
B19161,2016-07-06,51.795135498046875,英鎊,瑞銀 (盧森堡) 歐元非投資等級債券基金 (歐元) (英鎊避險) (月配息),yfinance,債券型,全球市場
B19161,2016-07-07,51.84033203125,英鎊,瑞銀 (盧森堡) 歐元非投資等級債券基金 (歐元) (英鎊避險) (月配息),yfinance,債券型,全球市場
B19161,2016-07-08,51.91386795043945,英鎊,瑞銀 (盧森堡) 歐元非投資等級債券基金 (歐元) (英鎊避險) (月配息),yfinance,債券型,全球市場
B19161,2016-07-11,52.06660079956055,英鎊,瑞銀 (盧森堡) 歐元非投資等級債券基金 (歐元) (英鎊避險) (月配息),yfinance,債券型,全球市場
B19161,2016-07-12,52.27019500732422,英鎊,瑞銀 (盧森堡) 歐元非投資等級債券基金 (歐元) (英鎊避險) (月配息),yfinance,債券型,全球市場
B19161,2016-07-13,52.37765884399414,英鎊,瑞銀 (盧森堡) 歐元非投資等級債券基金 (歐元) (英鎊避險) (月配息),yfinance,債券型,全球市場
B19161,2016-07-14,52.45685577392578,英鎊,瑞銀 (盧森堡) 歐元非投資等級債券基金 (歐元) (英鎊避險) (月配息),yfinance,債券型,全球市場
B19161,2016-07-15,52.47956466674805,英鎊,瑞銀 (盧森堡) 歐元非投資等級債券基金 (歐元) (英鎊避險) (月配息),yfinance,債券型,全球市場
B19161,2016-07-18,52.50801086425781,英鎊,瑞銀 (盧森堡) 歐元非投資等級債券基金 (歐元) (英鎊避險) (月配息),yfinance,債券型,全球市場
B19161,2016-07-19,52.49091339111328,英鎊,瑞銀 (盧森堡) 歐元非投資等級債券基金 (歐元) (英鎊避險) (月配息),yfinance,債券型,全球市場
B19161,2016-07-20,52.53642272949219,英鎊,瑞銀 (盧森堡) 歐元非投資等級債券基金 (歐元) (英鎊避險) (月配息),yfinance,債券型,全球市場
B19161,2016-07-21,52.62742233276367,英鎊,瑞銀 (盧森堡) 歐元非投資等級債券基金 (歐元) (英鎊避險) (月配息),yfinance,債券型,全球市場
B19161,2016-07-22,52.69561767578125,英鎊,瑞銀 (盧森堡) 歐元非投資等級債券基金 (歐元) (英鎊避險) (月配息),yfinance,債券型,全球市場
B19161,2016-07-25,52.47956466674805,英鎊,瑞銀 (盧森堡) 歐元非投資等級債券基金 (歐元) (英鎊避險) (月配息),yfinance,債券型,全球市場
B19161,2016-07-26,52.7468147277832,英鎊,瑞銀 (盧森堡) 歐元非投資等級債券基金 (歐元) (英鎊避險) (月配息),yfinance,債券型,全球市場
B19161,2016-07-27,52.7695198059082,英鎊,瑞銀 (盧森堡) 歐元非投資等級債券基金 (歐元) (英鎊避險) (月配息),yfinance,債券型,全球市場
B19161,2016-07-28,52.775230407714844,英鎊,瑞銀 (盧森堡) 歐元非投資等級債券基金 (歐元) (英鎊避險) (月配息),yfinance,債券型,全球市場
B19161,2016-07-29,52.78660202026367,英鎊,瑞銀 (盧森堡) 歐元非投資等級債券基金 (歐元) (英鎊避險) (月配息),yfinance,債券型,全球市場
B19161,2016-08-01,52.8661994934082,英鎊,瑞銀 (盧森堡) 歐元非投資等級債券基金 (歐元) (英鎊避險) (月配息),yfinance,債券型,全球市場
B19161,2016-08-02,52.80934143066406,英鎊,瑞銀 (盧森堡) 歐元非投資等級債券基金 (歐元) (英鎊避險) (月配息),yfinance,債券型,全球市場
B19161,2016-08-03,52.797977447509766,英鎊,瑞銀 (盧森堡) 歐元非投資等級債券基金 (歐元) (英鎊避險) (月配息),yfinance,債券型,全球市場
B19161,2016-08-04,52.906002044677734,英鎊,瑞銀 (盧森堡) 歐元非投資等級債券基金 (歐元) (英鎊避險) (月配息),yfinance,債券型,全球市場
B19161,2016-08-05,53.02541732788086,英鎊,瑞銀 (盧森堡) 歐元非投資等級債券基金 (歐元) (英鎊避險) (月配息),yfinance,債券型,全球市場
B19161,2016-08-08,53.11638259887695,英鎊,瑞銀 (盧森堡) 歐元非投資等級債券基金 (歐元) (英鎊避險) (月配息),yfinance,債券型,全球市場
B19161,2016-08-09,53.241477966308594,英鎊,瑞銀 (盧森堡) 歐元非投資等級債券基金 (歐元) (英鎊避險) (月配息),yfinance,債券型,全球市場
B19161,2016-08-10,53.315364837646484,英鎊,瑞銀 (盧森堡) 歐元非投資等級債券基金 (歐元) (英鎊避險) (月配息),yfinance,債券型,全球市場
B19161,2016-08-11,53.38359832763672,英鎊,瑞銀 (盧森堡) 歐元非投資等級債券基金 (歐元) (英鎊避險) (月配息),yfinance,債券型,全球市場
B19161,2016-08-12,53.451839447021484,英鎊,瑞銀 (盧森堡) 歐元非投資等級債券基金 (歐元) (英鎊避險) (月配息),yfinance,債券型,全球市場
B19161,2016-08-16,53.54281997680664,英鎊,瑞銀 (盧森堡) 歐元非投資等級債券基金 (歐元) (英鎊避險) (月配息),yfinance,債券型,全球市場
B19161,2016-08-17,53.537109375,英鎊,瑞銀 (盧森堡) 歐元非投資等級債券基金 (歐元) (英鎊避險) (月配息),yfinance,債券型,全球市場
B19161,2016-08-18,53.56563949584961,英鎊,瑞銀 (盧森堡) 歐元非投資等級債券基金 (歐元) (英鎊避險) (月配息),yfinance,債券型,全球市場
B19161,2016-08-19,53.58281326293945,英鎊,瑞銀 (盧森堡) 歐元非投資等級債券基金 (歐元) (英鎊避險) (月配息),yfinance,債券型,全球市場
B19161,2016-08-22,53.62852478027344,英鎊,瑞銀 (盧森堡) 歐元非投資等級債券基金 (歐元) (英鎊避險) (月配息),yfinance,債券型,全球市場
B19161,2016-08-23,53.68568801879883,英鎊,瑞銀 (盧森堡) 歐元非投資等級債券基金 (歐元) (英鎊避險) (月配息),yfinance,債券型,全球市場
B19161,2016-08-24,53.731422424316406,英鎊,瑞銀 (盧森堡) 歐元非投資等級債券基金 (歐元) (英鎊避險) (月配息),yfinance,債券型,全球市場
B19161,2016-08-25,53.77716827392578,英鎊,瑞銀 (盧森堡) 歐元非投資等級債券基金 (歐元) (英鎊避險) (月配息),yfinance,債券型,全球市場
B19161,2016-08-26,53.80000686645508,英鎊,瑞銀 (盧森堡) 歐元非投資等級債券基金 (歐元) (英鎊避險) (月配息),yfinance,債券型,全球市場
B19161,2016-08-30,53.88002395629883,英鎊,瑞銀 (盧森堡) 歐元非投資等級債券基金 (歐元) (英鎊避險) (月配息),yfinance,債券型,全球市場
B19161,2016-08-31,53.92000198364258,英鎊,瑞銀 (盧森堡) 歐元非投資等級債券基金 (歐元) (英鎊避險) (月配息),yfinance,債券型,全球市場
B19161,2016-09-01,53.92575454711914,英鎊,瑞銀 (盧森堡) 歐元非投資等級債券基金 (歐元) (英鎊避險) (月配息),yfinance,債券型,全球市場
B19161,2016-09-02,53.94860076904297,英鎊,瑞銀 (盧森堡) 歐元非投資等級債券基金 (歐元) (英鎊避險) (月配息),yfinance,債券型,全球市場
B19161,2016-09-05,54.000083923339844,英鎊,瑞銀 (盧森堡) 歐元非投資等級債券基金 (歐元) (英鎊避險) (月配息),yfinance,債券型,全球市場
B19161,2016-09-06,54.03433609008789,英鎊,瑞銀 (盧森堡) 歐元非投資等級債券基金 (歐元) (英鎊避險) (月配息),yfinance,債券型,全球市場
B19161,2016-09-07,54.08579635620117,英鎊,瑞銀 (盧森堡) 歐元非投資等級債券基金 (歐元) (英鎊避險) (月配息),yfinance,債券型,全球市場
B19161,2016-09-08,54.08579635620117,英鎊,瑞銀 (盧森堡) 歐元非投資等級債券基金 (歐元) (英鎊避險) (月配息),yfinance,債券型,全球市場
B19161,2016-09-09,53.937198638916016,英鎊,瑞銀 (盧森堡) 歐元非投資等級債券基金 (歐元) (英鎊避險) (月配息),yfinance,債券型,全球市場
B19161,2016-09-12,53.657108306884766,英鎊,瑞銀 (盧森堡) 歐元非投資等級債券基金 (歐元) (英鎊避險) (月配息),yfinance,債券型,全球市場
B19161,2016-09-13,53.657108306884766,英鎊,瑞銀 (盧森堡) 歐元非投資等級債券基金 (歐元) (英鎊避險) (月配息),yfinance,債券型,全球市場
B19161,2016-09-14,53.58281326293945,英鎊,瑞銀 (盧森堡) 歐元非投資等級債券基金 (歐元) (英鎊避險) (月配息),yfinance,債券型,全球市場
B19161,2016-09-15,53.537109375,英鎊,瑞銀 (盧森堡) 歐元非投資等級債券基金 (歐元) (英鎊避險) (月配息),yfinance,債券型,全球市場
B19161,2016-09-16,53.47993469238281,英鎊,瑞銀 (盧森堡) 歐元非投資等級債券基金 (歐元) (英鎊避險) (月配息),yfinance,債券型,全球市場
B19161,2016-09-19,53.514198303222656,英鎊,瑞銀 (盧森堡) 歐元非投資等級債券基金 (歐元) (英鎊避險) (月配息),yfinance,債券型,全球市場
B19161,2016-09-20,53.58854293823242,英鎊,瑞銀 (盧森堡) 歐元非投資等級債券基金 (歐元) (英鎊避險) (月配息),yfinance,債券型,全球市場
B19161,2016-09-21,53.622840881347656,英鎊,瑞銀 (盧森堡) 歐元非投資等級債券基金 (歐元) (英鎊避險) (月配息),yfinance,債券型,全球市場
B19161,2016-09-22,53.80000686645508,英鎊,瑞銀 (盧森堡) 歐元非投資等級債券基金 (歐元) (英鎊避險) (月配息),yfinance,債券型,全球市場
B19161,2016-09-23,53.82296371459961,英鎊,瑞銀 (盧森堡) 歐元非投資等級債券基金 (歐元) (英鎊避險) (月配息),yfinance,債券型,全球市場
B19161,2016-09-26,53.77125549316406,英鎊,瑞銀 (盧森堡) 歐元非投資等級債券基金 (歐元) (英鎊避險) (月配息),yfinance,債券型,全球市場
B19161,2016-09-27,53.6678466796875,英鎊,瑞銀 (盧森堡) 歐元非投資等級債券基金 (歐元) (英鎊避險) (月配息),yfinance,債券型,全球市場
B19161,2016-09-28,53.70808029174805,英鎊,瑞銀 (盧森堡) 歐元非投資等級債券基金 (歐元) (英鎊避險) (月配息),yfinance,債券型,全球市場
B19161,2016-09-29,53.748291015625,英鎊,瑞銀 (盧森堡) 歐元非投資等級債券基金 (歐元) (英鎊避險) (月配息),yfinance,債券型,全球市場
B19161,2016-09-30,53.70808029174805,英鎊,瑞銀 (盧森堡) 歐元非投資等級債券基金 (歐元) (英鎊避險) (月配息),yfinance,債券型,全球市場
B19161,2016-10-03,53.75405502319336,英鎊,瑞銀 (盧森堡) 歐元非投資等級債券基金 (歐元) (英鎊避險) (月配息),yfinance,債券型,全球市場
B19161,2016-10-04,53.782752990722656,英鎊,瑞銀 (盧森堡) 歐元非投資等級債券基金 (歐元) (英鎊避險) (月配息),yfinance,債券型,全球市場
B19161,2016-10-05,53.8115119934082,英鎊,瑞銀 (盧森堡) 歐元非投資等級債券基金 (歐元) (英鎊避險) (月配息),yfinance,債券型,全球市場
B19161,2016-10-06,53.88043975830078,英鎊,瑞銀 (盧森堡) 歐元非投資等級債券基金 (歐元) (英鎊避險) (月配息),yfinance,債券型,全球市場
B19161,2016-10-07,53.86320114135742,英鎊,瑞銀 (盧森堡) 歐元非投資等級債券基金 (歐元) (英鎊避險) (月配息),yfinance,債券型,全球市場
B19161,2016-10-10,53.886192321777344,英鎊,瑞銀 (盧森堡) 歐元非投資等級債券基金 (歐元) (英鎊避險) (月配息),yfinance,債券型,全球市場
B19161,2016-10-11,53.90345001220703,英鎊,瑞銀 (盧森堡) 歐元非投資等級債券基金 (歐元) (英鎊避險) (月配息),yfinance,債券型,全球市場
B19161,2016-10-12,53.9263916015625,英鎊,瑞銀 (盧森堡) 歐元非投資等級債券基金 (歐元) (英鎊避險) (月配息),yfinance,債券型,全球市場
B19161,2016-10-13,53.897647857666016,英鎊,瑞銀 (盧森堡) 歐元非投資等級債券基金 (歐元) (英鎊避險) (月配息),yfinance,債券型,全球市場
B19161,2016-10-14,53.95512008666992,英鎊,瑞銀 (盧森堡) 歐元非投資等級債券基金 (歐元) (英鎊避險) (月配息),yfinance,債券型,全球市場
B19161,2016-10-17,54.00132751464844,英鎊,瑞銀 (盧森堡) 歐元非投資等級債券基金 (歐元) (英鎊避險) (月配息),yfinance,債券型,全球市場
B19161,2016-10-18,54.064823150634766,英鎊,瑞銀 (盧森堡) 歐元非投資等級債券基金 (歐元) (英鎊避險) (月配息),yfinance,債券型,全球市場
B19161,2016-10-19,54.145660400390625,英鎊,瑞銀 (盧森堡) 歐元非投資等級債券基金 (歐元) (英鎊避險) (月配息),yfinance,債券型,全球市場
B19161,2016-10-20,54.23806381225586,英鎊,瑞銀 (盧森堡) 歐元非投資等級債券基金 (歐元) (英鎊避險) (月配息),yfinance,債券型,全球市場
B19161,2016-10-21,54.272682189941406,英鎊,瑞銀 (盧森堡) 歐元非投資等級債券基金 (歐元) (英鎊避險) (月配息),yfinance,債券型,全球市場
B19161,2016-10-24,54.34198760986328,英鎊,瑞銀 (盧森堡) 歐元非投資等級債券基金 (歐元) (英鎊避險) (月配息),yfinance,債券型,全球市場
B19161,2016-10-25,54.365074157714844,英鎊,瑞銀 (盧森堡) 歐元非投資等級債券基金 (歐元) (英鎊避險) (月配息),yfinance,債券型,全球市場
B19161,2016-10-26,54.31886672973633,英鎊,瑞銀 (盧森堡) 歐元非投資等級債券基金 (歐元) (英鎊避險) (月配息),yfinance,債券型,全球市場
B19161,2016-10-27,54.290000915527344,英鎊,瑞銀 (盧森堡) 歐元非投資等級債券基金 (歐元) (英鎊避險) (月配息),yfinance,債券型,全球市場
B19161,2016-10-28,54.21492004394531,英鎊,瑞銀 (盧森堡) 歐元非投資等級債券基金 (歐元) (英鎊避險) (月配息),yfinance,債券型,全球市場
B19161,2016-10-31,54.255374908447266,英鎊,瑞銀 (盧森堡) 歐元非投資等級債券基金 (歐元) (英鎊避險) (月配息),yfinance,債券型,全球市場
B19161,2016-11-02,54.076412200927734,英鎊,瑞銀 (盧森堡) 歐元非投資等級債券基金 (歐元) (英鎊避險) (月配息),yfinance,債券型,全球市場
B19161,2016-11-03,54.076412200927734,英鎊,瑞銀 (盧森堡) 歐元非投資等級債券基金 (歐元) (英鎊避險) (月配息),yfinance,債券型,全球市場
B19161,2016-11-04,54.03595733642578,英鎊,瑞銀 (盧森堡) 歐元非投資等級債券基金 (歐元) (英鎊避險) (月配息),yfinance,債券型,全球市場
B19161,2016-11-07,54.134124755859375,英鎊,瑞銀 (盧森堡) 歐元非投資等級債券基金 (歐元) (英鎊避險) (月配息),yfinance,債券型,全球市場
B19161,2016-11-08,54.1572265625,英鎊,瑞銀 (盧森堡) 歐元非投資等級債券基金 (歐元) (英鎊避險) (月配息),yfinance,債券型,全球市場
B19161,2016-11-09,54.053279876708984,英鎊,瑞銀 (盧森堡) 歐元非投資等級債券基金 (歐元) (英鎊避險) (月配息),yfinance,債券型,全球市場
B19161,2016-11-10,54.053279876708984,英鎊,瑞銀 (盧森堡) 歐元非投資等級債券基金 (歐元) (英鎊避險) (月配息),yfinance,債券型,全球市場
B19161,2016-11-11,53.908931732177734,英鎊,瑞銀 (盧森堡) 歐元非投資等級債券基金 (歐元) (英鎊避險) (月配息),yfinance,債券型,全球市場
B19161,2016-11-14,53.69529724121094,英鎊,瑞銀 (盧森堡) 歐元非投資等級債券基金 (歐元) (英鎊避險) (月配息),yfinance,債券型,全球市場
B19161,2016-11-15,53.81135940551758,英鎊,瑞銀 (盧森堡) 歐元非投資等級債券基金 (歐元) (英鎊避險) (月配息),yfinance,債券型,全球市場
B19161,2016-11-16,53.759151458740234,英鎊,瑞銀 (盧森堡) 歐元非投資等級債券基金 (歐元) (英鎊避險) (月配息),yfinance,債券型,全球市場
B19161,2016-11-17,53.77653884887695,英鎊,瑞銀 (盧森堡) 歐元非投資等級債券基金 (歐元) (英鎊避險) (月配息),yfinance,債券型,全球市場
B19161,2016-11-18,53.712711334228516,英鎊,瑞銀 (盧森堡) 歐元非投資等級債券基金 (歐元) (英鎊避險) (月配息),yfinance,債券型,全球市場
B19161,2016-11-21,53.712711334228516,英鎊,瑞銀 (盧森堡) 歐元非投資等級債券基金 (歐元) (英鎊避險) (月配息),yfinance,債券型,全球市場
B19161,2016-11-22,53.84037399291992,英鎊,瑞銀 (盧森堡) 歐元非投資等級債券基金 (歐元) (英鎊避險) (月配息),yfinance,債券型,全球市場
B19161,2016-11-23,53.83455276489258,英鎊,瑞銀 (盧森堡) 歐元非投資等級債券基金 (歐元) (英鎊避險) (月配息),yfinance,債券型,全球市場
B19161,2016-11-24,53.8577880859375,英鎊,瑞銀 (盧森堡) 歐元非投資等級債券基金 (歐元) (英鎊避險) (月配息),yfinance,債券型,全球市場
B19161,2016-11-25,53.86358642578125,英鎊,瑞銀 (盧森堡) 歐元非投資等級債券基金 (歐元) (英鎊避險) (月配息),yfinance,債券型,全球市場
B19161,2016-11-28,53.869384765625,英鎊,瑞銀 (盧森堡) 歐元非投資等級債券基金 (歐元) (英鎊避險) (月配息),yfinance,債券型,全球市場
B19161,2016-11-29,53.8809700012207,英鎊,瑞銀 (盧森堡) 歐元非投資等級債券基金 (歐元) (英鎊避險) (月配息),yfinance,債券型,全球市場
B19161,2016-11-30,53.93321228027344,英鎊,瑞銀 (盧森堡) 歐元非投資等級債券基金 (歐元) (英鎊避險) (月配息),yfinance,債券型,全球市場
B19161,2016-12-01,53.94482421875,英鎊,瑞銀 (盧森堡) 歐元非投資等級債券基金 (歐元) (英鎊避險) (月配息),yfinance,債券型,全球市場
B19161,2016-12-02,53.93321228027344,英鎊,瑞銀 (盧森堡) 歐元非投資等級債券基金 (歐元) (英鎊避險) (月配息),yfinance,債券型,全球市場
B19161,2016-12-05,53.98542404174805,英鎊,瑞銀 (盧森堡) 歐元非投資等級債券基金 (歐元) (英鎊避險) (月配息),yfinance,債券型,全球市場
B19161,2016-12-06,54.11888122558594,英鎊,瑞銀 (盧森堡) 歐元非投資等級債券基金 (歐元) (英鎊避險) (月配息),yfinance,債券型,全球市場
B19161,2016-12-07,54.5308723449707,英鎊,瑞銀 (盧森堡) 歐元非投資等級債券基金 (歐元) (英鎊避險) (月配息),yfinance,債券型,全球市場
B19161,2016-12-08,54.321956634521484,英鎊,瑞銀 (盧森堡) 歐元非投資等級債券基金 (歐元) (英鎊避險) (月配息),yfinance,債券型,全球市場
B19161,2016-12-09,54.408973693847656,英鎊,瑞銀 (盧森堡) 歐元非投資等級債券基金 (歐元) (英鎊避險) (月配息),yfinance,債券型,全球市場
B19161,2016-12-12,54.49602127075195,英鎊,瑞銀 (盧森堡) 歐元非投資等級債券基金 (歐元) (英鎊避險) (月配息),yfinance,債券型,全球市場
B19161,2016-12-13,54.617897033691406,英鎊,瑞銀 (盧森堡) 歐元非投資等級債券基金 (歐元) (英鎊避險) (月配息),yfinance,債券型,全球市場
B19161,2016-12-14,54.693336486816406,英鎊,瑞銀 (盧森堡) 歐元非投資等級債券基金 (歐元) (英鎊避險) (月配息),yfinance,債券型,全球市場
B19161,2016-12-15,54.66416549682617,英鎊,瑞銀 (盧森堡) 歐元非投資等級債券基金 (歐元) (英鎊避險) (月配息),yfinance,債券型,全球市場
B19161,2016-12-16,54.69915008544922,英鎊,瑞銀 (盧森堡) 歐元非投資等級債券基金 (歐元) (英鎊避險) (月配息),yfinance,債券型,全球市場
B19161,2016-12-19,54.74580764770508,英鎊,瑞銀 (盧森堡) 歐元非投資等級債券基金 (歐元) (英鎊避險) (月配息),yfinance,債券型,全球市場
B19161,2016-12-20,54.76910400390625,英鎊,瑞銀 (盧森堡) 歐元非投資等級債券基金 (歐元) (英鎊避險) (月配息),yfinance,債券型,全球市場
B19161,2016-12-21,54.815773010253906,英鎊,瑞銀 (盧森堡) 歐元非投資等級債券基金 (歐元) (英鎊避險) (月配息),yfinance,債券型,全球市場
B19161,2016-12-22,54.83909225463867,英鎊,瑞銀 (盧森堡) 歐元非投資等級債券基金 (歐元) (英鎊避險) (月配息),yfinance,債券型,全球市場
B19161,2016-12-23,54.87407684326172,英鎊,瑞銀 (盧森堡) 歐元非投資等級債券基金 (歐元) (英鎊避險) (月配息),yfinance,債券型,全球市場
B19161,2016-12-28,54.90324783325195,英鎊,瑞銀 (盧森堡) 歐元非投資等級債券基金 (歐元) (英鎊避險) (月配息),yfinance,債券型,全球市場
B19161,2016-12-29,54.93240737915039,英鎊,瑞銀 (盧森堡) 歐元非投資等級債券基金 (歐元) (英鎊避險) (月配息),yfinance,債券型,全球市場
B19161,2016-12-30,54.94404220581055,英鎊,瑞銀 (盧森堡) 歐元非投資等級債券基金 (歐元) (英鎊避險) (月配息),yfinance,債券型,全球市場
B27036,2016-01-04,8.567877769470215,英鎊,晉達環球策略基金 - 英鎊貨幣基金 A 收益股份,yfinance,貨幣市場,英國
B27036,2016-01-05,8.567792892456055,英鎊,晉達環球策略基金 - 英鎊貨幣基金 A 收益股份,yfinance,貨幣市場,英國
B27036,2016-01-06,8.567963600158691,英鎊,晉達環球策略基金 - 英鎊貨幣基金 A 收益股份,yfinance,貨幣市場,英國
B27036,2016-01-07,8.567877769470215,英鎊,晉達環球策略基金 - 英鎊貨幣基金 A 收益股份,yfinance,貨幣市場,英國
B27036,2016-01-08,8.567877769470215,英鎊,晉達環球策略基金 - 英鎊貨幣基金 A 收益股份,yfinance,貨幣市場,英國
B27036,2016-01-11,8.567877769470215,英鎊,晉達環球策略基金 - 英鎊貨幣基金 A 收益股份,yfinance,貨幣市場,英國
B27036,2016-01-12,8.567963600158691,英鎊,晉達環球策略基金 - 英鎊貨幣基金 A 收益股份,yfinance,貨幣市場,英國
B27036,2016-01-13,8.567877769470215,英鎊,晉達環球策略基金 - 英鎊貨幣基金 A 收益股份,yfinance,貨幣市場,英國
B27036,2016-01-14,8.567963600158691,英鎊,晉達環球策略基金 - 英鎊貨幣基金 A 收益股份,yfinance,貨幣市場,英國
B27036,2016-01-15,8.567792892456055,英鎊,晉達環球策略基金 - 英鎊貨幣基金 A 收益股份,yfinance,貨幣市場,英國
B27036,2016-01-18,8.567963600158691,英鎊,晉達環球策略基金 - 英鎊貨幣基金 A 收益股份,yfinance,貨幣市場,英國
B27036,2016-01-19,8.567963600158691,英鎊,晉達環球策略基金 - 英鎊貨幣基金 A 收益股份,yfinance,貨幣市場,英國
B27036,2016-01-20,8.567877769470215,英鎊,晉達環球策略基金 - 英鎊貨幣基金 A 收益股份,yfinance,貨幣市場,英國
B27036,2016-01-21,8.567963600158691,英鎊,晉達環球策略基金 - 英鎊貨幣基金 A 收益股份,yfinance,貨幣市場,英國
B27036,2016-01-22,8.56822395324707,英鎊,晉達環球策略基金 - 英鎊貨幣基金 A 收益股份,yfinance,貨幣市場,英國
B27036,2016-01-25,8.568049430847168,英鎊,晉達環球策略基金 - 英鎊貨幣基金 A 收益股份,yfinance,貨幣市場,英國
B27036,2016-01-26,8.568049430847168,英鎊,晉達環球策略基金 - 英鎊貨幣基金 A 收益股份,yfinance,貨幣市場,英國
B27036,2016-01-27,8.567877769470215,英鎊,晉達環球策略基金 - 英鎊貨幣基金 A 收益股份,yfinance,貨幣市場,英國
B27036,2016-01-28,8.568049430847168,英鎊,晉達環球策略基金 - 英鎊貨幣基金 A 收益股份,yfinance,貨幣市場,英國
B27036,2016-01-29,8.568136215209961,英鎊,晉達環球策略基金 - 英鎊貨幣基金 A 收益股份,yfinance,貨幣市場,英國
B27036,2016-02-01,8.568479537963867,英鎊,晉達環球策略基金 - 英鎊貨幣基金 A 收益股份,yfinance,貨幣市場,英國
B27036,2016-02-02,8.568479537963867,英鎊,晉達環球策略基金 - 英鎊貨幣基金 A 收益股份,yfinance,貨幣市場,英國
B27036,2016-02-03,8.568394660949707,英鎊,晉達環球策略基金 - 英鎊貨幣基金 A 收益股份,yfinance,貨幣市場,英國
B27036,2016-02-04,8.568567276000977,英鎊,晉達環球策略基金 - 英鎊貨幣基金 A 收益股份,yfinance,貨幣市場,英國
B27036,2016-02-05,8.568479537963867,英鎊,晉達環球策略基金 - 英鎊貨幣基金 A 收益股份,yfinance,貨幣市場,英國
B27036,2016-02-08,8.569253921508789,英鎊,晉達環球策略基金 - 英鎊貨幣基金 A 收益股份,yfinance,貨幣市場,英國
B27036,2016-02-09,8.569425582885742,英鎊,晉達環球策略基金 - 英鎊貨幣基金 A 收益股份,yfinance,貨幣市場,英國
B27036,2016-02-10,8.569339752197266,英鎊,晉達環球策略基金 - 英鎊貨幣基金 A 收益股份,yfinance,貨幣市場,英國
B27036,2016-02-11,8.569510459899902,英鎊,晉達環球策略基金 - 英鎊貨幣基金 A 收益股份,yfinance,貨幣市場,英國
B27036,2016-02-12,8.569510459899902,英鎊,晉達環球策略基金 - 英鎊貨幣基金 A 收益股份,yfinance,貨幣市場,英國
B27036,2016-02-15,8.569598197937012,英鎊,晉達環球策略基金 - 英鎊貨幣基金 A 收益股份,yfinance,貨幣市場,英國
B27036,2016-02-16,8.569510459899902,英鎊,晉達環球策略基金 - 英鎊貨幣基金 A 收益股份,yfinance,貨幣市場,英國
B27036,2016-02-17,8.569598197937012,英鎊,晉達環球策略基金 - 英鎊貨幣基金 A 收益股份,yfinance,貨幣市場,英國
B27036,2016-02-18,8.569771766662598,英鎊,晉達環球策略基金 - 英鎊貨幣基金 A 收益股份,yfinance,貨幣市場,英國
B27036,2016-02-19,8.569771766662598,英鎊,晉達環球策略基金 - 英鎊貨幣基金 A 收益股份,yfinance,貨幣市場,英國
B27036,2016-02-22,8.569771766662598,英鎊,晉達環球策略基金 - 英鎊貨幣基金 A 收益股份,yfinance,貨幣市場,英國
B27036,2016-02-23,8.569685935974121,英鎊,晉達環球策略基金 - 英鎊貨幣基金 A 收益股份,yfinance,貨幣市場,英國
B27036,2016-02-24,8.569685935974121,英鎊,晉達環球策略基金 - 英鎊貨幣基金 A 收益股份,yfinance,貨幣市場,英國
B27036,2016-02-25,8.569771766662598,英鎊,晉達環球策略基金 - 英鎊貨幣基金 A 收益股份,yfinance,貨幣市場,英國
B27036,2016-02-26,8.569685935974121,英鎊,晉達環球策略基金 - 英鎊貨幣基金 A 收益股份,yfinance,貨幣市場,英國
B27036,2016-02-29,8.569771766662598,英鎊,晉達環球策略基金 - 英鎊貨幣基金 A 收益股份,yfinance,貨幣市場,英國
B27036,2016-03-01,8.569685935974121,英鎊,晉達環球策略基金 - 英鎊貨幣基金 A 收益股份,yfinance,貨幣市場,英國
B27036,2016-03-02,8.569856643676758,英鎊,晉達環球策略基金 - 英鎊貨幣基金 A 收益股份,yfinance,貨幣市場,英國
B27036,2016-03-03,8.569856643676758,英鎊,晉達環球策略基金 - 英鎊貨幣基金 A 收益股份,yfinance,貨幣市場,英國
B27036,2016-03-04,8.569856643676758,英鎊,晉達環球策略基金 - 英鎊貨幣基金 A 收益股份,yfinance,貨幣市場,英國
B27036,2016-03-07,8.569941520690918,英鎊,晉達環球策略基金 - 英鎊貨幣基金 A 收益股份,yfinance,貨幣市場,英國
B27036,2016-03-08,8.569598197937012,英鎊,晉達環球策略基金 - 英鎊貨幣基金 A 收益股份,yfinance,貨幣市場,英國
B27036,2016-03-09,8.570029258728027,英鎊,晉達環球策略基金 - 英鎊貨幣基金 A 收益股份,yfinance,貨幣市場,英國
B27036,2016-03-10,8.569941520690918,英鎊,晉達環球策略基金 - 英鎊貨幣基金 A 收益股份,yfinance,貨幣市場,英國
B27036,2016-03-11,8.569941520690918,英鎊,晉達環球策略基金 - 英鎊貨幣基金 A 收益股份,yfinance,貨幣市場,英國
B27036,2016-03-14,8.570029258728027,英鎊,晉達環球策略基金 - 英鎊貨幣基金 A 收益股份,yfinance,貨幣市場,英國
B27036,2016-03-15,8.569941520690918,英鎊,晉達環球策略基金 - 英鎊貨幣基金 A 收益股份,yfinance,貨幣市場,英國
B27036,2016-03-16,8.570029258728027,英鎊,晉達環球策略基金 - 英鎊貨幣基金 A 收益股份,yfinance,貨幣市場,英國
B27036,2016-03-17,8.570029258728027,英鎊,晉達環球策略基金 - 英鎊貨幣基金 A 收益股份,yfinance,貨幣市場,英國
B27036,2016-03-18,8.570029258728027,英鎊,晉達環球策略基金 - 英鎊貨幣基金 A 收益股份,yfinance,貨幣市場,英國
B27036,2016-03-21,8.569941520690918,英鎊,晉達環球策略基金 - 英鎊貨幣基金 A 收益股份,yfinance,貨幣市場,英國
B27036,2016-03-22,8.569941520690918,英鎊,晉達環球策略基金 - 英鎊貨幣基金 A 收益股份,yfinance,貨幣市場,英國
B27036,2016-03-23,8.570371627807617,英鎊,晉達環球策略基金 - 英鎊貨幣基金 A 收益股份,yfinance,貨幣市場,英國
B27036,2016-03-24,8.57020092010498,英鎊,晉達環球策略基金 - 英鎊貨幣基金 A 收益股份,yfinance,貨幣市場,英國
B27036,2016-03-29,8.570286750793457,英鎊,晉達環球策略基金 - 英鎊貨幣基金 A 收益股份,yfinance,貨幣市場,英國
B27036,2016-03-30,8.57020092010498,英鎊,晉達環球策略基金 - 英鎊貨幣基金 A 收益股份,yfinance,貨幣市場,英國
B27036,2016-03-31,8.570371627807617,英鎊,晉達環球策略基金 - 英鎊貨幣基金 A 收益股份,yfinance,貨幣市場,英國
B27036,2016-04-01,8.570371627807617,英鎊,晉達環球策略基金 - 英鎊貨幣基金 A 收益股份,yfinance,貨幣市場,英國
B27036,2016-04-04,8.570286750793457,英鎊,晉達環球策略基金 - 英鎊貨幣基金 A 收益股份,yfinance,貨幣市場,英國
B27036,2016-04-05,8.570286750793457,英鎊,晉達環球策略基金 - 英鎊貨幣基金 A 收益股份,yfinance,貨幣市場,英國
B27036,2016-04-06,8.570286750793457,英鎊,晉達環球策略基金 - 英鎊貨幣基金 A 收益股份,yfinance,貨幣市場,英國
B27036,2016-04-07,8.570457458496094,英鎊,晉達環球策略基金 - 英鎊貨幣基金 A 收益股份,yfinance,貨幣市場,英國
B27036,2016-04-08,8.570371627807617,英鎊,晉達環球策略基金 - 英鎊貨幣基金 A 收益股份,yfinance,貨幣市場,英國
B27036,2016-04-11,8.570371627807617,英鎊,晉達環球策略基金 - 英鎊貨幣基金 A 收益股份,yfinance,貨幣市場,英國
B27036,2016-04-12,8.570371627807617,英鎊,晉達環球策略基金 - 英鎊貨幣基金 A 收益股份,yfinance,貨幣市場,英國
B27036,2016-04-13,8.570371627807617,英鎊,晉達環球策略基金 - 英鎊貨幣基金 A 收益股份,yfinance,貨幣市場,英國
B27036,2016-04-14,8.570286750793457,英鎊,晉達環球策略基金 - 英鎊貨幣基金 A 收益股份,yfinance,貨幣市場,英國
B27036,2016-04-15,8.570286750793457,英鎊,晉達環球策略基金 - 英鎊貨幣基金 A 收益股份,yfinance,貨幣市場,英國
B27036,2016-04-18,8.570457458496094,英鎊,晉達環球策略基金 - 英鎊貨幣基金 A 收益股份,yfinance,貨幣市場,英國
B27036,2016-04-19,8.570457458496094,英鎊,晉達環球策略基金 - 英鎊貨幣基金 A 收益股份,yfinance,貨幣市場,英國
B27036,2016-04-20,8.570457458496094,英鎊,晉達環球策略基金 - 英鎊貨幣基金 A 收益股份,yfinance,貨幣市場,英國
B27036,2016-04-21,8.570545196533203,英鎊,晉達環球策略基金 - 英鎊貨幣基金 A 收益股份,yfinance,貨幣市場,英國
B27036,2016-04-22,8.570545196533203,英鎊,晉達環球策略基金 - 英鎊貨幣基金 A 收益股份,yfinance,貨幣市場,英國
B27036,2016-04-25,8.570545196533203,英鎊,晉達環球策略基金 - 英鎊貨幣基金 A 收益股份,yfinance,貨幣市場,英國
B27036,2016-04-26,8.570545196533203,英鎊,晉達環球策略基金 - 英鎊貨幣基金 A 收益股份,yfinance,貨幣市場,英國
B27036,2016-04-27,8.570716857910156,英鎊,晉達環球策略基金 - 英鎊貨幣基金 A 收益股份,yfinance,貨幣市場,英國
B27036,2016-04-28,8.570716857910156,英鎊,晉達環球策略基金 - 英鎊貨幣基金 A 收益股份,yfinance,貨幣市場,英國
B27036,2016-04-29,8.570631980895996,英鎊,晉達環球策略基金 - 英鎊貨幣基金 A 收益股份,yfinance,貨幣市場,英國
B27036,2016-05-03,8.570976257324219,英鎊,晉達環球策略基金 - 英鎊貨幣基金 A 收益股份,yfinance,貨幣市場,英國
B27036,2016-05-04,8.570802688598633,英鎊,晉達環球策略基金 - 英鎊貨幣基金 A 收益股份,yfinance,貨幣市場,英國
B27036,2016-05-06,8.571059226989746,英鎊,晉達環球策略基金 - 英鎊貨幣基金 A 收益股份,yfinance,貨幣市場,英國
B27036,2016-05-09,8.571492195129395,英鎊,晉達環球策略基金 - 英鎊貨幣基金 A 收益股份,yfinance,貨幣市場,英國
B27036,2016-05-10,8.571492195129395,英鎊,晉達環球策略基金 - 英鎊貨幣基金 A 收益股份,yfinance,貨幣市場,英國
B27036,2016-05-11,8.571492195129395,英鎊,晉達環球策略基金 - 英鎊貨幣基金 A 收益股份,yfinance,貨幣市場,英國
B27036,2016-05-12,8.571578979492188,英鎊,晉達環球策略基金 - 英鎊貨幣基金 A 收益股份,yfinance,貨幣市場,英國
B27036,2016-05-13,8.571492195129395,英鎊,晉達環球策略基金 - 英鎊貨幣基金 A 收益股份,yfinance,貨幣市場,英國
B27036,2016-05-17,8.571492195129395,英鎊,晉達環球策略基金 - 英鎊貨幣基金 A 收益股份,yfinance,貨幣市場,英國
B27036,2016-05-18,8.571407318115234,英鎊,晉達環球策略基金 - 英鎊貨幣基金 A 收益股份,yfinance,貨幣市場,英國
B27036,2016-05-19,8.571578979492188,英鎊,晉達環球策略基金 - 英鎊貨幣基金 A 收益股份,yfinance,貨幣市場,英國
B27036,2016-05-20,8.571663856506348,英鎊,晉達環球策略基金 - 英鎊貨幣基金 A 收益股份,yfinance,貨幣市場,英國
B27036,2016-05-23,8.571578979492188,英鎊,晉達環球策略基金 - 英鎊貨幣基金 A 收益股份,yfinance,貨幣市場,英國
B27036,2016-05-24,8.571407318115234,英鎊,晉達環球策略基金 - 英鎊貨幣基金 A 收益股份,yfinance,貨幣市場,英國
B27036,2016-05-25,8.571492195129395,英鎊,晉達環球策略基金 - 英鎊貨幣基金 A 收益股份,yfinance,貨幣市場,英國
B27036,2016-05-26,8.571663856506348,英鎊,晉達環球策略基金 - 英鎊貨幣基金 A 收益股份,yfinance,貨幣市場,英國
B27036,2016-05-27,8.571578979492188,英鎊,晉達環球策略基金 - 英鎊貨幣基金 A 收益股份,yfinance,貨幣市場,英國
B27036,2016-05-31,8.57175064086914,英鎊,晉達環球策略基金 - 英鎊貨幣基金 A 收益股份,yfinance,貨幣市場,英國
B27036,2016-06-01,8.572006225585938,英鎊,晉達環球策略基金 - 英鎊貨幣基金 A 收益股份,yfinance,貨幣市場,英國
B27036,2016-06-02,8.572006225585938,英鎊,晉達環球策略基金 - 英鎊貨幣基金 A 收益股份,yfinance,貨幣市場,英國
B27036,2016-06-03,8.571492195129395,英鎊,晉達環球策略基金 - 英鎊貨幣基金 A 收益股份,yfinance,貨幣市場,英國
B27036,2016-06-06,8.571407318115234,英鎊,晉達環球策略基金 - 英鎊貨幣基金 A 收益股份,yfinance,貨幣市場,英國
B27036,2016-06-07,8.572006225585938,英鎊,晉達環球策略基金 - 英鎊貨幣基金 A 收益股份,yfinance,貨幣市場,英國
B27036,2016-06-08,8.571920394897461,英鎊,晉達環球策略基金 - 英鎊貨幣基金 A 收益股份,yfinance,貨幣市場,英國
B27036,2016-06-09,8.572006225585938,英鎊,晉達環球策略基金 - 英鎊貨幣基金 A 收益股份,yfinance,貨幣市場,英國
B27036,2016-06-10,8.571920394897461,英鎊,晉達環球策略基金 - 英鎊貨幣基金 A 收益股份,yfinance,貨幣市場,英國
B27036,2016-06-13,8.57175064086914,英鎊,晉達環球策略基金 - 英鎊貨幣基金 A 收益股份,yfinance,貨幣市場,英國
B27036,2016-06-14,8.571663856506348,英鎊,晉達環球策略基金 - 英鎊貨幣基金 A 收益股份,yfinance,貨幣市場,英國
B27036,2016-06-15,8.571663856506348,英鎊,晉達環球策略基金 - 英鎊貨幣基金 A 收益股份,yfinance,貨幣市場,英國
B27036,2016-06-16,8.57175064086914,英鎊,晉達環球策略基金 - 英鎊貨幣基金 A 收益股份,yfinance,貨幣市場,英國
B27036,2016-06-17,8.571836471557617,英鎊,晉達環球策略基金 - 英鎊貨幣基金 A 收益股份,yfinance,貨幣市場,英國
B27036,2016-06-20,8.57175064086914,英鎊,晉達環球策略基金 - 英鎊貨幣基金 A 收益股份,yfinance,貨幣市場,英國
B27036,2016-06-21,8.57175064086914,英鎊,晉達環球策略基金 - 英鎊貨幣基金 A 收益股份,yfinance,貨幣市場,英國
B27036,2016-06-22,8.572265625,英鎊,晉達環球策略基金 - 英鎊貨幣基金 A 收益股份,yfinance,貨幣市場,英國
B27036,2016-06-24,8.572694778442383,英鎊,晉達環球策略基金 - 英鎊貨幣基金 A 收益股份,yfinance,貨幣市場,英國
B27036,2016-06-27,8.572610855102539,英鎊,晉達環球策略基金 - 英鎊貨幣基金 A 收益股份,yfinance,貨幣市場,英國
B27036,2016-06-28,8.571663856506348,英鎊,晉達環球策略基金 - 英鎊貨幣基金 A 收益股份,yfinance,貨幣市場,英國
B27036,2016-06-29,8.572437286376953,英鎊,晉達環球策略基金 - 英鎊貨幣基金 A 收益股份,yfinance,貨幣市場,英國
B27036,2016-06-30,8.572610855102539,英鎊,晉達環球策略基金 - 英鎊貨幣基金 A 收益股份,yfinance,貨幣市場,英國
B27036,2016-07-01,8.572694778442383,英鎊,晉達環球策略基金 - 英鎊貨幣基金 A 收益股份,yfinance,貨幣市場,英國
B27036,2016-07-04,8.572694778442383,英鎊,晉達環球策略基金 - 英鎊貨幣基金 A 收益股份,yfinance,貨幣市場,英國
B27036,2016-07-05,8.572694778442383,英鎊,晉達環球策略基金 - 英鎊貨幣基金 A 收益股份,yfinance,貨幣市場,英國
B27036,2016-07-06,8.572005271911621,英鎊,晉達環球策略基金 - 英鎊貨幣基金 A 收益股份,yfinance,貨幣市場,英國
B27036,2016-07-07,8.573039054870605,英鎊,晉達環球策略基金 - 英鎊貨幣基金 A 收益股份,yfinance,貨幣市場,英國
B27036,2016-07-08,8.573039054870605,英鎊,晉達環球策略基金 - 英鎊貨幣基金 A 收益股份,yfinance,貨幣市場,英國
B27036,2016-07-11,8.572954177856445,英鎊,晉達環球策略基金 - 英鎊貨幣基金 A 收益股份,yfinance,貨幣市場,英國
B27036,2016-07-12,8.572954177856445,英鎊,晉達環球策略基金 - 英鎊貨幣基金 A 收益股份,yfinance,貨幣市場,英國
B27036,2016-07-13,8.572954177856445,英鎊,晉達環球策略基金 - 英鎊貨幣基金 A 收益股份,yfinance,貨幣市場,英國
B27036,2016-07-14,8.572694778442383,英鎊,晉達環球策略基金 - 英鎊貨幣基金 A 收益股份,yfinance,貨幣市場,英國
B27036,2016-07-15,8.572610855102539,英鎊,晉達環球策略基金 - 英鎊貨幣基金 A 收益股份,yfinance,貨幣市場,英國
B27036,2016-07-18,8.572522163391113,英鎊,晉達環球策略基金 - 英鎊貨幣基金 A 收益股份,yfinance,貨幣市場,英國
B27036,2016-07-19,8.572436332702637,英鎊,晉達環球策略基金 - 英鎊貨幣基金 A 收益股份,yfinance,貨幣市場,英國
B27036,2016-07-20,8.572522163391113,英鎊,晉達環球策略基金 - 英鎊貨幣基金 A 收益股份,yfinance,貨幣市場,英國
B27036,2016-07-21,8.572522163391113,英鎊,晉達環球策略基金 - 英鎊貨幣基金 A 收益股份,yfinance,貨幣市場,英國
B27036,2016-07-22,8.572522163391113,英鎊,晉達環球策略基金 - 英鎊貨幣基金 A 收益股份,yfinance,貨幣市場,英國
B27036,2016-07-25,8.572265625,英鎊,晉達環球策略基金 - 英鎊貨幣基金 A 收益股份,yfinance,貨幣市場,英國
B27036,2016-07-26,8.572522163391113,英鎊,晉達環球策略基金 - 英鎊貨幣基金 A 收益股份,yfinance,貨幣市場,英國
B27036,2016-07-27,8.572265625,英鎊,晉達環球策略基金 - 英鎊貨幣基金 A 收益股份,yfinance,貨幣市場,英國
B27036,2016-07-28,8.572352409362793,英鎊,晉達環球策略基金 - 英鎊貨幣基金 A 收益股份,yfinance,貨幣市場,英國
B27036,2016-07-29,8.572436332702637,英鎊,晉達環球策略基金 - 英鎊貨幣基金 A 收益股份,yfinance,貨幣市場,英國
B27036,2016-08-01,8.572265625,英鎊,晉達環球策略基金 - 英鎊貨幣基金 A 收益股份,yfinance,貨幣市場,英國
B27036,2016-08-02,8.572436332702637,英鎊,晉達環球策略基金 - 英鎊貨幣基金 A 收益股份,yfinance,貨幣市場,英國
B27036,2016-08-03,8.572265625,英鎊,晉達環球策略基金 - 英鎊貨幣基金 A 收益股份,yfinance,貨幣市場,英國
B27036,2016-08-04,8.572868347167969,英鎊,晉達環球策略基金 - 英鎊貨幣基金 A 收益股份,yfinance,貨幣市場,英國
B27036,2016-08-05,8.573039054870605,英鎊,晉達環球策略基金 - 英鎊貨幣基金 A 收益股份,yfinance,貨幣市場,英國
B27036,2016-08-08,8.572868347167969,英鎊,晉達環球策略基金 - 英鎊貨幣基金 A 收益股份,yfinance,貨幣市場,英國
B27036,2016-08-09,8.572868347167969,英鎊,晉達環球策略基金 - 英鎊貨幣基金 A 收益股份,yfinance,貨幣市場,英國
B27036,2016-08-10,8.57278060913086,英鎊,晉達環球策略基金 - 英鎊貨幣基金 A 收益股份,yfinance,貨幣市場,英國
B27036,2016-08-11,8.572868347167969,英鎊,晉達環球策略基金 - 英鎊貨幣基金 A 收益股份,yfinance,貨幣市場,英國
B27036,2016-08-12,8.572436332702637,英鎊,晉達環球策略基金 - 英鎊貨幣基金 A 收益股份,yfinance,貨幣市場,英國
B27036,2016-08-16,8.572522163391113,英鎊,晉達環球策略基金 - 英鎊貨幣基金 A 收益股份,yfinance,貨幣市場,英國
B27036,2016-08-17,8.572352409362793,英鎊,晉達環球策略基金 - 英鎊貨幣基金 A 收益股份,yfinance,貨幣市場,英國
B27036,2016-08-18,8.572352409362793,英鎊,晉達環球策略基金 - 英鎊貨幣基金 A 收益股份,yfinance,貨幣市場,英國
B27036,2016-08-19,8.572265625,英鎊,晉達環球策略基金 - 英鎊貨幣基金 A 收益股份,yfinance,貨幣市場,英國
B27036,2016-08-22,8.572352409362793,英鎊,晉達環球策略基金 - 英鎊貨幣基金 A 收益股份,yfinance,貨幣市場,英國
B27036,2016-08-23,8.572265625,英鎊,晉達環球策略基金 - 英鎊貨幣基金 A 收益股份,yfinance,貨幣市場,英國
B27036,2016-08-24,8.572352409362793,英鎊,晉達環球策略基金 - 英鎊貨幣基金 A 收益股份,yfinance,貨幣市場,英國
B27036,2016-08-25,8.57218074798584,英鎊,晉達環球策略基金 - 英鎊貨幣基金 A 收益股份,yfinance,貨幣市場,英國
B27036,2016-08-26,8.572093963623047,英鎊,晉達環球策略基金 - 英鎊貨幣基金 A 收益股份,yfinance,貨幣市場,英國
B27036,2016-08-30,8.571919441223145,英鎊,晉達環球策略基金 - 英鎊貨幣基金 A 收益股份,yfinance,貨幣市場,英國
B27036,2016-08-31,8.571919441223145,英鎊,晉達環球策略基金 - 英鎊貨幣基金 A 收益股份,yfinance,貨幣市場,英國
B27036,2016-09-01,8.571836471557617,英鎊,晉達環球策略基金 - 英鎊貨幣基金 A 收益股份,yfinance,貨幣市場,英國
B27036,2016-09-02,8.57175064086914,英鎊,晉達環球策略基金 - 英鎊貨幣基金 A 收益股份,yfinance,貨幣市場,英國
B27036,2016-09-05,8.57175064086914,英鎊,晉達環球策略基金 - 英鎊貨幣基金 A 收益股份,yfinance,貨幣市場,英國
B27036,2016-09-06,8.571663856506348,英鎊,晉達環球策略基金 - 英鎊貨幣基金 A 收益股份,yfinance,貨幣市場,英國
B27036,2016-09-07,8.571663856506348,英鎊,晉達環球策略基金 - 英鎊貨幣基金 A 收益股份,yfinance,貨幣市場,英國
B27036,2016-09-08,8.571578025817871,英鎊,晉達環球策略基金 - 英鎊貨幣基金 A 收益股份,yfinance,貨幣市場,英國
B27036,2016-09-09,8.571663856506348,英鎊,晉達環球策略基金 - 英鎊貨幣基金 A 收益股份,yfinance,貨幣市場,英國
B27036,2016-09-12,8.571578025817871,英鎊,晉達環球策略基金 - 英鎊貨幣基金 A 收益股份,yfinance,貨幣市場,英國
B27036,2016-09-13,8.571578025817871,英鎊,晉達環球策略基金 - 英鎊貨幣基金 A 收益股份,yfinance,貨幣市場,英國
B27036,2016-09-14,8.571406364440918,英鎊,晉達環球策略基金 - 英鎊貨幣基金 A 收益股份,yfinance,貨幣市場,英國
B27036,2016-09-15,8.571320533752441,英鎊,晉達環球策略基金 - 英鎊貨幣基金 A 收益股份,yfinance,貨幣市場,英國
B27036,2016-09-16,8.571406364440918,英鎊,晉達環球策略基金 - 英鎊貨幣基金 A 收益股份,yfinance,貨幣市場,英國
B27036,2016-09-19,8.571146965026855,英鎊,晉達環球策略基金 - 英鎊貨幣基金 A 收益股份,yfinance,貨幣市場,英國
B27036,2016-09-20,8.570975303649902,英鎊,晉達環球策略基金 - 英鎊貨幣基金 A 收益股份,yfinance,貨幣市場,英國
B27036,2016-09-21,8.570975303649902,英鎊,晉達環球策略基金 - 英鎊貨幣基金 A 收益股份,yfinance,貨幣市場,英國
B27036,2016-09-22,8.570975303649902,英鎊,晉達環球策略基金 - 英鎊貨幣基金 A 收益股份,yfinance,貨幣市場,英國
B27036,2016-09-23,8.57088851928711,英鎊,晉達環球策略基金 - 英鎊貨幣基金 A 收益股份,yfinance,貨幣市場,英國
B27036,2016-09-26,8.570801734924316,英鎊,晉達環球策略基金 - 英鎊貨幣基金 A 收益股份,yfinance,貨幣市場,英國
B27036,2016-09-27,8.57071590423584,英鎊,晉達環球策略基金 - 英鎊貨幣基金 A 收益股份,yfinance,貨幣市場,英國
B27036,2016-09-28,8.57071590423584,英鎊,晉達環球策略基金 - 英鎊貨幣基金 A 收益股份,yfinance,貨幣市場,英國
B27036,2016-09-29,8.570457458496094,英鎊,晉達環球策略基金 - 英鎊貨幣基金 A 收益股份,yfinance,貨幣市場,英國
B27036,2016-09-30,8.57028579711914,英鎊,晉達環球策略基金 - 英鎊貨幣基金 A 收益股份,yfinance,貨幣市場,英國
B27036,2016-10-03,8.570457458496094,英鎊,晉達環球策略基金 - 英鎊貨幣基金 A 收益股份,yfinance,貨幣市場,英國
B27036,2016-10-04,8.570371627807617,英鎊,晉達環球策略基金 - 英鎊貨幣基金 A 收益股份,yfinance,貨幣市場,英國
B27036,2016-10-05,8.570545196533203,英鎊,晉達環球策略基金 - 英鎊貨幣基金 A 收益股份,yfinance,貨幣市場,英國
B27036,2016-10-06,8.57063102722168,英鎊,晉達環球策略基金 - 英鎊貨幣基金 A 收益股份,yfinance,貨幣市場,英國
B27036,2016-10-07,8.570457458496094,英鎊,晉達環球策略基金 - 英鎊貨幣基金 A 收益股份,yfinance,貨幣市場,英國
B27036,2016-10-10,8.570199966430664,英鎊,晉達環球策略基金 - 英鎊貨幣基金 A 收益股份,yfinance,貨幣市場,英國
B27036,2016-10-11,8.570801734924316,英鎊,晉達環球策略基金 - 英鎊貨幣基金 A 收益股份,yfinance,貨幣市場,英國
B27036,2016-10-12,8.570801734924316,英鎊,晉達環球策略基金 - 英鎊貨幣基金 A 收益股份,yfinance,貨幣市場,英國
B27036,2016-10-13,8.570801734924316,英鎊,晉達環球策略基金 - 英鎊貨幣基金 A 收益股份,yfinance,貨幣市場,英國
B27036,2016-10-14,8.57063102722168,英鎊,晉達環球策略基金 - 英鎊貨幣基金 A 收益股份,yfinance,貨幣市場,英國
B27036,2016-10-17,8.570457458496094,英鎊,晉達環球策略基金 - 英鎊貨幣基金 A 收益股份,yfinance,貨幣市場,英國
B27036,2016-10-18,8.570457458496094,英鎊,晉達環球策略基金 - 英鎊貨幣基金 A 收益股份,yfinance,貨幣市場,英國
B27036,2016-10-19,8.570457458496094,英鎊,晉達環球策略基金 - 英鎊貨幣基金 A 收益股份,yfinance,貨幣市場,英國
B27036,2016-10-20,8.570371627807617,英鎊,晉達環球策略基金 - 英鎊貨幣基金 A 收益股份,yfinance,貨幣市場,英國
B27036,2016-10-21,8.57028579711914,英鎊,晉達環球策略基金 - 英鎊貨幣基金 A 收益股份,yfinance,貨幣市場,英國
B27036,2016-10-24,8.570115089416504,英鎊,晉達環球策略基金 - 英鎊貨幣基金 A 收益股份,yfinance,貨幣市場,英國
B27036,2016-10-25,8.569684982299805,英鎊,晉達環球策略基金 - 英鎊貨幣基金 A 收益股份,yfinance,貨幣市場,英國
B27036,2016-10-26,8.569597244262695,英鎊,晉達環球策略基金 - 英鎊貨幣基金 A 收益股份,yfinance,貨幣市場,英國
B27036,2016-10-27,8.570199966430664,英鎊,晉達環球策略基金 - 英鎊貨幣基金 A 收益股份,yfinance,貨幣市場,英國
B27036,2016-10-28,8.570115089416504,英鎊,晉達環球策略基金 - 英鎊貨幣基金 A 收益股份,yfinance,貨幣市場,英國
B27036,2016-10-31,8.570028305053711,英鎊,晉達環球策略基金 - 英鎊貨幣基金 A 收益股份,yfinance,貨幣市場,英國
B27036,2016-11-02,8.570371627807617,英鎊,晉達環球策略基金 - 英鎊貨幣基金 A 收益股份,yfinance,貨幣市場,英國
B27036,2016-11-03,8.57028579711914,英鎊,晉達環球策略基金 - 英鎊貨幣基金 A 收益股份,yfinance,貨幣市場,英國
B27036,2016-11-04,8.570199966430664,英鎊,晉達環球策略基金 - 英鎊貨幣基金 A 收益股份,yfinance,貨幣市場,英國
B27036,2016-11-07,8.570199966430664,英鎊,晉達環球策略基金 - 英鎊貨幣基金 A 收益股份,yfinance,貨幣市場,英國
B27036,2016-11-08,8.57063102722168,英鎊,晉達環球策略基金 - 英鎊貨幣基金 A 收益股份,yfinance,貨幣市場,英國
B27036,2016-11-09,8.57088851928711,英鎊,晉達環球策略基金 - 英鎊貨幣基金 A 收益股份,yfinance,貨幣市場,英國
B27036,2016-11-10,8.57088851928711,英鎊,晉達環球策略基金 - 英鎊貨幣基金 A 收益股份,yfinance,貨幣市場,英國
B27036,2016-11-11,8.571059226989746,英鎊,晉達環球策略基金 - 英鎊貨幣基金 A 收益股份,yfinance,貨幣市場,英國
B27036,2016-11-14,8.57071590423584,英鎊,晉達環球策略基金 - 英鎊貨幣基金 A 收益股份,yfinance,貨幣市場,英國
B27036,2016-11-15,8.570371627807617,英鎊,晉達環球策略基金 - 英鎊貨幣基金 A 收益股份,yfinance,貨幣市場,英國
B27036,2016-11-16,8.57028579711914,英鎊,晉達環球策略基金 - 英鎊貨幣基金 A 收益股份,yfinance,貨幣市場,英國
B27036,2016-11-17,8.570371627807617,英鎊,晉達環球策略基金 - 英鎊貨幣基金 A 收益股份,yfinance,貨幣市場,英國
B27036,2016-11-18,8.57028579711914,英鎊,晉達環球策略基金 - 英鎊貨幣基金 A 收益股份,yfinance,貨幣市場,英國
B27036,2016-11-21,8.570199966430664,英鎊,晉達環球策略基金 - 英鎊貨幣基金 A 收益股份,yfinance,貨幣市場,英國
B27036,2016-11-22,8.569941520690918,英鎊,晉達環球策略基金 - 英鎊貨幣基金 A 收益股份,yfinance,貨幣市場,英國
B27036,2016-11-23,8.570371627807617,英鎊,晉達環球策略基金 - 英鎊貨幣基金 A 收益股份,yfinance,貨幣市場,英國
B27036,2016-11-24,8.570371627807617,英鎊,晉達環球策略基金 - 英鎊貨幣基金 A 收益股份,yfinance,貨幣市場,英國
B27036,2016-11-25,8.570545196533203,英鎊,晉達環球策略基金 - 英鎊貨幣基金 A 收益股份,yfinance,貨幣市場,英國
B27036,2016-11-28,8.570199966430664,英鎊,晉達環球策略基金 - 英鎊貨幣基金 A 收益股份,yfinance,貨幣市場,英國
B27036,2016-11-29,8.569941520690918,英鎊,晉達環球策略基金 - 英鎊貨幣基金 A 收益股份,yfinance,貨幣市場,英國
B27036,2016-11-30,8.569856643676758,英鎊,晉達環球策略基金 - 英鎊貨幣基金 A 收益股份,yfinance,貨幣市場,英國
B27036,2016-12-01,8.569856643676758,英鎊,晉達環球策略基金 - 英鎊貨幣基金 A 收益股份,yfinance,貨幣市場,英國
B27036,2016-12-02,8.569856643676758,英鎊,晉達環球策略基金 - 英鎊貨幣基金 A 收益股份,yfinance,貨幣市場,英國
B27036,2016-12-05,8.569339752197266,英鎊,晉達環球策略基金 - 英鎊貨幣基金 A 收益股份,yfinance,貨幣市場,英國
B27036,2016-12-06,8.569253921508789,英鎊,晉達環球策略基金 - 英鎊貨幣基金 A 收益股份,yfinance,貨幣市場,英國
B27036,2016-12-07,8.569509506225586,英鎊,晉達環球策略基金 - 英鎊貨幣基金 A 收益股份,yfinance,貨幣市場,英國
B27036,2016-12-08,8.569424629211426,英鎊,晉達環球策略基金 - 英鎊貨幣基金 A 收益股份,yfinance,貨幣市場,英國
B27036,2016-12-09,8.569339752197266,英鎊,晉達環球策略基金 - 英鎊貨幣基金 A 收益股份,yfinance,貨幣市場,英國
B27036,2016-12-12,8.569168090820312,英鎊,晉達環球策略基金 - 英鎊貨幣基金 A 收益股份,yfinance,貨幣市場,英國
B27036,2016-12-13,8.56908130645752,英鎊,晉達環球策略基金 - 英鎊貨幣基金 A 收益股份,yfinance,貨幣市場,英國
B27036,2016-12-14,8.569168090820312,英鎊,晉達環球策略基金 - 英鎊貨幣基金 A 收益股份,yfinance,貨幣市場,英國
B27036,2016-12-15,8.569168090820312,英鎊,晉達環球策略基金 - 英鎊貨幣基金 A 收益股份,yfinance,貨幣市場,英國
B27036,2016-12-16,8.569168090820312,英鎊,晉達環球策略基金 - 英鎊貨幣基金 A 收益股份,yfinance,貨幣市場,英國
B27036,2016-12-19,8.56899642944336,英鎊,晉達環球策略基金 - 英鎊貨幣基金 A 收益股份,yfinance,貨幣市場,英國
B27036,2016-12-20,8.569168090820312,英鎊,晉達環球策略基金 - 英鎊貨幣基金 A 收益股份,yfinance,貨幣市場,英國
B27036,2016-12-21,8.569339752197266,英鎊,晉達環球策略基金 - 英鎊貨幣基金 A 收益股份,yfinance,貨幣市場,英國
B27036,2016-12-22,8.568909645080566,英鎊,晉達環球策略基金 - 英鎊貨幣基金 A 收益股份,yfinance,貨幣市場,英國
B27036,2016-12-23,8.568824768066406,英鎊,晉達環球策略基金 - 英鎊貨幣基金 A 收益股份,yfinance,貨幣市場,英國
B27036,2016-12-28,8.568565368652344,英鎊,晉達環球策略基金 - 英鎊貨幣基金 A 收益股份,yfinance,貨幣市場,英國
B27036,2016-12-29,8.568737983703613,英鎊,晉達環球策略基金 - 英鎊貨幣基金 A 收益股份,yfinance,貨幣市場,英國
B27036,2016-12-30,8.568737983703613,英鎊,晉達環球策略基金 - 英鎊貨幣基金 A 收益股份,yfinance,貨幣市場,英國
B24046,2016-01-04,44.066184997558594,英鎊,霸菱亞洲增長基金-A類 英鎊配息型,yfinance,股票型,亞洲地區
B24046,2016-01-05,44.49066162109375,英鎊,霸菱亞洲增長基金-A類 英鎊配息型,yfinance,股票型,亞洲地區
B24046,2016-01-06,44.23400115966797,英鎊,霸菱亞洲增長基金-A類 英鎊配息型,yfinance,股票型,亞洲地區
B24046,2016-01-07,43.52325439453125,英鎊,霸菱亞洲增長基金-A類 英鎊配息型,yfinance,股票型,亞洲地區
B24046,2016-01-08,43.73055648803711,英鎊,霸菱亞洲增長基金-A類 英鎊配息型,yfinance,股票型,亞洲地區
B24046,2016-01-11,43.06917190551758,英鎊,霸菱亞洲增長基金-A類 英鎊配息型,yfinance,股票型,亞洲地區
B24046,2016-01-12,43.4936408996582,英鎊,霸菱亞洲增長基金-A類 英鎊配息型,yfinance,股票型,亞洲地區
B24046,2016-01-13,43.799652099609375,英鎊,霸菱亞洲增長基金-A類 英鎊配息型,yfinance,股票型,亞洲地區
B24046,2016-01-14,42.92109680175781,英鎊,霸菱亞洲增長基金-A類 英鎊配息型,yfinance,股票型,亞洲地區
B24046,2016-01-15,42.940834045410156,英鎊,霸菱亞洲增長基金-A類 英鎊配息型,yfinance,股票型,亞洲地區
B24046,2016-01-18,42.72366714477539,英鎊,霸菱亞洲增長基金-A類 英鎊配息型,yfinance,股票型,亞洲地區
B24046,2016-01-19,43.276466369628906,英鎊,霸菱亞洲增長基金-A類 英鎊配息型,yfinance,股票型,亞洲地區
B24046,2016-01-20,42.842124938964844,英鎊,霸菱亞洲增長基金-A類 英鎊配息型,yfinance,股票型,亞洲地區
B24046,2016-01-21,42.684181213378906,英鎊,霸菱亞洲增長基金-A類 英鎊配息型,yfinance,股票型,亞洲地區
B24046,2016-01-22,43.06917190551758,英鎊,霸菱亞洲增長基金-A類 英鎊配息型,yfinance,股票型,亞洲地區
B24046,2016-01-25,44.026695251464844,英鎊,霸菱亞洲增長基金-A類 英鎊配息型,yfinance,股票型,亞洲地區
B24046,2016-01-26,43.6417121887207,英鎊,霸菱亞洲增長基金-A類 英鎊配息型,yfinance,股票型,亞洲地區
B24046,2016-01-27,43.710811614990234,英鎊,霸菱亞洲增長基金-A類 英鎊配息型,yfinance,股票型,亞洲地區
B24046,2016-01-28,43.73055648803711,英鎊,霸菱亞洲增長基金-A類 英鎊配息型,yfinance,股票型,亞洲地區
B24046,2016-01-29,44.42155456542969,英鎊,霸菱亞洲增長基金-A類 英鎊配息型,yfinance,股票型,亞洲地區
B24046,2016-02-01,44.46104431152344,英鎊,霸菱亞洲增長基金-A類 英鎊配息型,yfinance,股票型,亞洲地區
B24046,2016-02-02,43.3455696105957,英鎊,霸菱亞洲增長基金-A類 英鎊配息型,yfinance,股票型,亞洲地區
B24046,2016-02-03,42.55585479736328,英鎊,霸菱亞洲增長基金-A類 英鎊配息型,yfinance,股票型,亞洲地區
B24046,2016-02-04,42.73353576660156,英鎊,霸菱亞洲增長基金-A類 英鎊配息型,yfinance,股票型,亞洲地區
B24046,2016-02-05,43.138267517089844,英鎊,霸菱亞洲增長基金-A類 英鎊配息型,yfinance,股票型,亞洲地區
B24046,2016-02-08,42.71379089355469,英鎊,霸菱亞洲增長基金-A類 英鎊配息型,yfinance,股票型,亞洲地區
B24046,2016-02-09,42.467010498046875,英鎊,霸菱亞洲增長基金-A類 英鎊配息型,yfinance,股票型,亞洲地區
B24046,2016-02-10,42.55585479736328,英鎊,霸菱亞洲增長基金-A類 英鎊配息型,yfinance,股票型,亞洲地區
B24046,2016-02-11,41.66741943359375,英鎊,霸菱亞洲增長基金-A類 英鎊配息型,yfinance,股票型,亞洲地區
B24046,2016-02-12,41.163978576660156,英鎊,霸菱亞洲增長基金-A類 英鎊配息型,yfinance,股票型,亞洲地區
B24046,2016-02-15,42.407779693603516,英鎊,霸菱亞洲增長基金-A類 英鎊配息型,yfinance,股票型,亞洲地區
B24046,2016-02-16,42.64469528198242,英鎊,霸菱亞洲增長基金-A類 英鎊配息型,yfinance,股票型,亞洲地區
B24046,2016-02-17,43.04942321777344,英鎊,霸菱亞洲增長基金-A類 英鎊配息型,yfinance,股票型,亞洲地區
B24046,2016-02-18,43.414669036865234,英鎊,霸菱亞洲增長基金-A類 英鎊配息型,yfinance,股票型,亞洲地區
B24046,2016-02-19,43.43441390991211,英鎊,霸菱亞洲增長基金-A類 英鎊配息型,yfinance,股票型,亞洲地區
B24046,2016-02-22,44.03657150268555,英鎊,霸菱亞洲增長基金-A類 英鎊配息型,yfinance,股票型,亞洲地區
B24046,2016-02-23,44.026695251464844,英鎊,霸菱亞洲增長基金-A類 英鎊配息型,yfinance,股票型,亞洲地區
B24046,2016-02-24,44.35245895385742,英鎊,霸菱亞洲增長基金-A類 英鎊配息型,yfinance,股票型,亞洲地區
B24046,2016-02-25,43.799652099609375,英鎊,霸菱亞洲增長基金-A類 英鎊配息型,yfinance,股票型,亞洲地區
B24046,2016-02-26,43.9970817565918,英鎊,霸菱亞洲增長基金-A類 英鎊配息型,yfinance,股票型,亞洲地區
B24046,2016-02-29,44.303096771240234,英鎊,霸菱亞洲增長基金-A類 英鎊配息型,yfinance,股票型,亞洲地區
B24046,2016-03-01,44.401817321777344,英鎊,霸菱亞洲增長基金-A類 英鎊配息型,yfinance,股票型,亞洲地區
B24046,2016-03-02,45.09281921386719,英鎊,霸菱亞洲增長基金-A類 英鎊配息型,yfinance,股票型,亞洲地區
B24046,2016-03-03,44.95461654663086,英鎊,霸菱亞洲增長基金-A類 英鎊配息型,yfinance,股票型,亞洲地區
B24046,2016-03-04,44.638729095458984,英鎊,霸菱亞洲增長基金-A類 英鎊配息型,yfinance,股票型,亞洲地區
B24046,2016-03-07,44.38207244873047,英鎊,霸菱亞洲增長基金-A類 英鎊配息型,yfinance,股票型,亞洲地區
B24046,2016-03-08,44.03657150268555,英鎊,霸菱亞洲增長基金-A類 英鎊配息型,yfinance,股票型,亞洲地區
B24046,2016-03-09,44.174774169921875,英鎊,霸菱亞洲增長基金-A類 英鎊配息型,yfinance,股票型,亞洲地區
B24046,2016-03-10,44.38207244873047,英鎊,霸菱亞洲增長基金-A類 英鎊配息型,yfinance,股票型,亞洲地區
B24046,2016-03-11,44.303096771240234,英鎊,霸菱亞洲增長基金-A類 英鎊配息型,yfinance,股票型,亞洲地區
B24046,2016-03-14,44.58937072753906,英鎊,霸菱亞洲增長基金-A類 英鎊配息型,yfinance,股票型,亞洲地區
B24046,2016-03-15,44.984230041503906,英鎊,霸菱亞洲增長基金-A類 英鎊配息型,yfinance,股票型,亞洲地區
B24046,2016-03-16,45.2014045715332,英鎊,霸菱亞洲增長基金-A類 英鎊配息型,yfinance,股票型,亞洲地區
B24046,2016-03-18,45.211273193359375,英鎊,霸菱亞洲增長基金-A類 英鎊配息型,yfinance,股票型,亞洲地區
B24046,2016-03-21,45.81343078613281,英鎊,霸菱亞洲增長基金-A類 英鎊配息型,yfinance,股票型,亞洲地區
B24046,2016-03-22,46.099708557128906,英鎊,霸菱亞洲增長基金-A類 英鎊配息型,yfinance,股票型,亞洲地區
B24046,2016-03-23,46.26751708984375,英鎊,霸菱亞洲增長基金-A類 英鎊配息型,yfinance,股票型,亞洲地區
B24046,2016-03-24,46.21815872192383,英鎊,霸菱亞洲增長基金-A類 英鎊配息型,yfinance,股票型,亞洲地區
B24046,2016-03-29,45.398834228515625,英鎊,霸菱亞洲增長基金-A類 英鎊配息型,yfinance,股票型,亞洲地區
B24046,2016-03-30,45.74433135986328,英鎊,霸菱亞洲增長基金-A類 英鎊配息型,yfinance,股票型,亞洲地區
B24046,2016-03-31,46.158931732177734,英鎊,霸菱亞洲增長基金-A類 英鎊配息型,yfinance,股票型,亞洲地區
B24046,2016-04-01,46.1490592956543,英鎊,霸菱亞洲增長基金-A類 英鎊配息型,yfinance,股票型,亞洲地區
B24046,2016-04-04,46.474822998046875,英鎊,霸菱亞洲增長基金-A類 英鎊配息型,yfinance,股票型,亞洲地區
B24046,2016-04-05,46.12931823730469,英鎊,霸菱亞洲增長基金-A類 英鎊配息型,yfinance,股票型,亞洲地區
B24046,2016-04-06,46.6031494140625,英鎊,霸菱亞洲增長基金-A類 英鎊配息型,yfinance,股票型,亞洲地區
B24046,2016-04-07,46.78083419799805,英鎊,霸菱亞洲增長基金-A類 英鎊配息型,yfinance,股票型,亞洲地區
B24046,2016-04-08,47.106597900390625,英鎊,霸菱亞洲增長基金-A類 英鎊配息型,yfinance,股票型,亞洲地區
B24046,2016-04-11,46.38597869873047,英鎊,霸菱亞洲增長基金-A類 英鎊配息型,yfinance,股票型,亞洲地區
B24046,2016-04-12,45.91214370727539,英鎊,霸菱亞洲增長基金-A類 英鎊配息型,yfinance,股票型,亞洲地區
B24046,2016-04-13,46.879554748535156,英鎊,霸菱亞洲增長基金-A類 英鎊配息型,yfinance,股票型,亞洲地區
B24046,2016-04-14,47.254669189453125,英鎊,霸菱亞洲增長基金-A類 英鎊配息型,yfinance,股票型,亞洲地區
B24046,2016-04-15,47.30401611328125,英鎊,霸菱亞洲增長基金-A類 英鎊配息型,yfinance,股票型,亞洲地區
B24046,2016-04-18,47.28428268432617,英鎊,霸菱亞洲增長基金-A類 英鎊配息型,yfinance,股票型,亞洲地區
B24046,2016-04-19,46.9091682434082,英鎊,霸菱亞洲增長基金-A類 英鎊配息型,yfinance,股票型,亞洲地區
B24046,2016-04-20,46.51430892944336,英鎊,霸菱亞洲增長基金-A類 英鎊配息型,yfinance,股票型,亞洲地區
B24046,2016-04-21,46.879554748535156,英鎊,霸菱亞洲增長基金-A類 英鎊配息型,yfinance,股票型,亞洲地區
B24046,2016-04-22,46.69198989868164,英鎊,霸菱亞洲增長基金-A類 英鎊配息型,yfinance,股票型,亞洲地區
B24046,2016-04-25,46.41559600830078,英鎊,霸菱亞洲增長基金-A類 英鎊配息型,yfinance,股票型,亞洲地區
B24046,2016-04-26,46.0108642578125,英鎊,霸菱亞洲增長基金-A類 英鎊配息型,yfinance,股票型,亞洲地區
B24046,2016-04-27,45.59626007080078,英鎊,霸菱亞洲增長基金-A類 英鎊配息型,yfinance,股票型,亞洲地區
B24046,2016-04-28,45.66536331176758,英鎊,霸菱亞洲增長基金-A類 英鎊配息型,yfinance,股票型,亞洲地區
B24046,2016-04-29,45.22114562988281,英鎊,霸菱亞洲增長基金-A類 英鎊配息型,yfinance,股票型,亞洲地區
B24046,2016-05-03,44.77693176269531,英鎊,霸菱亞洲增長基金-A類 英鎊配息型,yfinance,股票型,亞洲地區
B24046,2016-05-04,44.994102478027344,英鎊,霸菱亞洲增長基金-A類 英鎊配息型,yfinance,股票型,亞洲地區
B24046,2016-05-05,44.90525817871094,英鎊,霸菱亞洲增長基金-A類 英鎊配息型,yfinance,股票型,亞洲地區
B24046,2016-05-06,44.411685943603516,英鎊,霸菱亞洲增長基金-A類 英鎊配息型,yfinance,股票型,亞洲地區
B24046,2016-05-09,44.16490173339844,英鎊,霸菱亞洲增長基金-A類 英鎊配息型,yfinance,股票型,亞洲地區
B24046,2016-05-10,44.32284164428711,英鎊,霸菱亞洲增長基金-A類 英鎊配息型,yfinance,股票型,亞洲地區
B24046,2016-05-11,44.47091293334961,英鎊,霸菱亞洲增長基金-A類 英鎊配息型,yfinance,股票型,亞洲地區
B24046,2016-05-12,43.8490104675293,英鎊,霸菱亞洲增長基金-A類 英鎊配息型,yfinance,股票型,亞洲地區
B24046,2016-05-13,43.50351333618164,英鎊,霸菱亞洲增長基金-A類 英鎊配息型,yfinance,股票型,亞洲地區
B24046,2016-05-16,43.81939697265625,英鎊,霸菱亞洲增長基金-A類 英鎊配息型,yfinance,股票型,亞洲地區
B24046,2016-05-17,43.76017379760742,英鎊,霸菱亞洲增長基金-A類 英鎊配息型,yfinance,股票型,亞洲地區
B24046,2016-05-18,43.25672149658203,英鎊,霸菱亞洲增長基金-A類 英鎊配息型,yfinance,股票型,亞洲地區
B24046,2016-05-19,42.259708404541016,英鎊,霸菱亞洲增長基金-A類 英鎊配息型,yfinance,股票型,亞洲地區
B24046,2016-05-20,42.378170013427734,英鎊,霸菱亞洲增長基金-A類 英鎊配息型,yfinance,股票型,亞洲地區
B24046,2016-05-23,43.19749450683594,英鎊,霸菱亞洲增長基金-A類 英鎊配息型,yfinance,股票型,亞洲地區
B24046,2016-05-24,42.54597854614258,英鎊,霸菱亞洲增長基金-A類 英鎊配息型,yfinance,股票型,亞洲地區
B24046,2016-05-25,42.940834045410156,英鎊,霸菱亞洲增長基金-A類 英鎊配息型,yfinance,股票型,亞洲地區
B24046,2016-05-26,43.03955078125,英鎊,霸菱亞洲增長基金-A類 英鎊配息型,yfinance,股票型,亞洲地區
B24046,2016-05-27,43.7009391784668,英鎊,霸菱亞洲增長基金-A類 英鎊配息型,yfinance,股票型,亞洲地區
B24046,2016-05-31,44.10567092895508,英鎊,霸菱亞洲增長基金-A類 英鎊配息型,yfinance,股票型,亞洲地區
B24046,2016-06-01,44.68809127807617,英鎊,霸菱亞洲增長基金-A類 英鎊配息型,yfinance,股票型,亞洲地區
B24046,2016-06-02,44.72757339477539,英鎊,霸菱亞洲增長基金-A類 英鎊配息型,yfinance,股票型,亞洲地區
B24046,2016-06-03,45.02371597290039,英鎊,霸菱亞洲增長基金-A類 英鎊配息型,yfinance,股票型,亞洲地區
B24046,2016-06-07,45.45806121826172,英鎊,霸菱亞洲增長基金-A類 英鎊配息型,yfinance,股票型,亞洲地區
B24046,2016-06-08,45.7048454284668,英鎊,霸菱亞洲增長基金-A類 英鎊配息型,yfinance,股票型,亞洲地區
B24046,2016-06-09,45.931888580322266,英鎊,霸菱亞洲增長基金-A類 英鎊配息型,yfinance,股票型,亞洲地區
B24046,2016-06-10,45.65549087524414,英鎊,霸菱亞洲增長基金-A類 英鎊配息型,yfinance,股票型,亞洲地區
B24046,2016-06-13,45.87266540527344,英鎊,霸菱亞洲增長基金-A類 英鎊配息型,yfinance,股票型,亞洲地區
B24046,2016-06-14,45.67523193359375,英鎊,霸菱亞洲增長基金-A類 英鎊配息型,yfinance,股票型,亞洲地區
B24046,2016-06-15,45.83317565917969,英鎊,霸菱亞洲增長基金-A類 英鎊配息型,yfinance,股票型,亞洲地區
B24046,2016-06-16,45.75420379638672,英鎊,霸菱亞洲增長基金-A類 英鎊配息型,yfinance,股票型,亞洲地區
B24046,2016-06-17,45.4087028503418,英鎊,霸菱亞洲增長基金-A類 英鎊配息型,yfinance,股票型,亞洲地區
B24046,2016-06-20,44.47091293334961,英鎊,霸菱亞洲增長基金-A類 英鎊配息型,yfinance,股票型,亞洲地區
B24046,2016-06-21,44.224124908447266,英鎊,霸菱亞洲增長基金-A類 英鎊配息型,yfinance,股票型,亞洲地區
B24046,2016-06-22,44.68809127807617,英鎊,霸菱亞洲增長基金-A類 英鎊配息型,yfinance,股票型,亞洲地區
B24046,2016-06-23,43.97734451293945,英鎊,霸菱亞洲增長基金-A類 英鎊配息型,yfinance,股票型,亞洲地區
B24046,2016-06-24,47.18556213378906,英鎊,霸菱亞洲增長基金-A類 英鎊配息型,yfinance,股票型,亞洲地區
B24046,2016-06-27,48.330650329589844,英鎊,霸菱亞洲增長基金-A類 英鎊配息型,yfinance,股票型,亞洲地區
B24046,2016-06-28,48.09374237060547,英鎊,霸菱亞洲增長基金-A類 英鎊配息型,yfinance,股票型,亞洲地區
B24046,2016-06-29,48.409629821777344,英鎊,霸菱亞洲增長基金-A類 英鎊配息型,yfinance,股票型,亞洲地區
B24046,2016-06-30,49.179595947265625,英鎊,霸菱亞洲增長基金-A類 英鎊配息型,yfinance,股票型,亞洲地區
B24046,2016-07-01,50.01866912841797,英鎊,霸菱亞洲增長基金-A類 英鎊配息型,yfinance,股票型,亞洲地區
B24046,2016-07-04,50.19636154174805,英鎊,霸菱亞洲增長基金-A類 英鎊配息型,yfinance,股票型,亞洲地區
B24046,2016-07-05,50.22597885131836,英鎊,霸菱亞洲增長基金-A類 英鎊配息型,yfinance,股票型,亞洲地區
B24046,2016-07-06,50.48263168334961,英鎊,霸菱亞洲增長基金-A類 英鎊配息型,yfinance,股票型,亞洲地區
B24046,2016-07-07,50.6109619140625,英鎊,霸菱亞洲增長基金-A類 英鎊配息型,yfinance,股票型,亞洲地區
B24046,2016-07-08,50.699806213378906,英鎊,霸菱亞洲增長基金-A類 英鎊配息型,yfinance,股票型,亞洲地區
B24046,2016-07-11,51.05517578125,英鎊,霸菱亞洲增長基金-A類 英鎊配息型,yfinance,股票型,亞洲地區
B24046,2016-07-12,50.80839157104492,英鎊,霸菱亞洲增長基金-A類 英鎊配息型,yfinance,股票型,亞洲地區
B24046,2016-07-13,50.541866302490234,英鎊,霸菱亞洲增長基金-A類 英鎊配息型,yfinance,股票型,亞洲地區
B24046,2016-07-14,50.403663635253906,英鎊,霸菱亞洲增長基金-A類 英鎊配息型,yfinance,股票型,亞洲地區
B24046,2016-07-15,50.699806213378906,英鎊,霸菱亞洲增長基金-A類 英鎊配息型,yfinance,股票型,亞洲地區
B24046,2016-07-18,51.26247787475586,英鎊,霸菱亞洲增長基金-A類 英鎊配息型,yfinance,股票型,亞洲地區
B24046,2016-07-19,51.499393463134766,英鎊,霸菱亞洲增長基金-A類 英鎊配息型,yfinance,股票型,亞洲地區
B24046,2016-07-20,51.598106384277344,英鎊,霸菱亞洲增長基金-A類 英鎊配息型,yfinance,股票型,亞洲地區
B24046,2016-07-21,51.6573371887207,英鎊,霸菱亞洲增長基金-A類 英鎊配息型,yfinance,股票型,亞洲地區
B24046,2016-07-22,52.091678619384766,英鎊,霸菱亞洲增長基金-A類 英鎊配息型,yfinance,股票型,亞洲地區
B24046,2016-07-25,52.0225830078125,英鎊,霸菱亞洲增長基金-A類 英鎊配息型,yfinance,股票型,亞洲地區
B24046,2016-07-26,52.229881286621094,英鎊,霸菱亞洲增長基金-A類 英鎊配息型,yfinance,股票型,亞洲地區
B24046,2016-07-27,52.683963775634766,英鎊,霸菱亞洲增長基金-A類 英鎊配息型,yfinance,股票型,亞洲地區
B24046,2016-07-28,52.5359001159668,英鎊,霸菱亞洲增長基金-A類 英鎊配息型,yfinance,股票型,亞洲地區
B24046,2016-07-29,52.12129211425781,英鎊,霸菱亞洲增長基金-A類 英鎊配息型,yfinance,股票型,亞洲地區
B24046,2016-08-02,52.19039535522461,英鎊,霸菱亞洲增長基金-A類 英鎊配息型,yfinance,股票型,亞洲地區
B24046,2016-08-03,51.371063232421875,英鎊,霸菱亞洲增長基金-A類 英鎊配息型,yfinance,股票型,亞洲地區
B24046,2016-08-04,51.99296569824219,英鎊,霸菱亞洲增長基金-A類 英鎊配息型,yfinance,股票型,亞洲地區
B24046,2016-08-05,53.315738677978516,英鎊,霸菱亞洲增長基金-A類 英鎊配息型,yfinance,股票型,亞洲地區
B24046,2016-08-08,54.06597137451172,英鎊,霸菱亞洲增長基金-A類 英鎊配息型,yfinance,股票型,亞洲地區
B24046,2016-08-09,54.5496711730957,英鎊,霸菱亞洲增長基金-A類 英鎊配息型,yfinance,股票型,亞洲地區
B24046,2016-08-10,54.42134475708008,英鎊,霸菱亞洲增長基金-A類 英鎊配息型,yfinance,股票型,亞洲地區
B24046,2016-08-11,54.88529968261719,英鎊,霸菱亞洲增長基金-A類 英鎊配息型,yfinance,股票型,亞洲地區
B24046,2016-08-12,55.09260559082031,英鎊,霸菱亞洲增長基金-A類 英鎊配息型,yfinance,股票型,亞洲地區
B24046,2016-08-15,55.49733352661133,英鎊,霸菱亞洲增長基金-A類 英鎊配息型,yfinance,股票型,亞洲地區
B24046,2016-08-16,55.42823028564453,英鎊,霸菱亞洲增長基金-A類 英鎊配息型,yfinance,股票型,亞洲地區
B24046,2016-08-17,55.250545501708984,英鎊,霸菱亞洲增長基金-A類 英鎊配息型,yfinance,股票型,亞洲地區
B24046,2016-08-18,55.27029037475586,英鎊,霸菱亞洲增長基金-A類 英鎊配息型,yfinance,股票型,亞洲地區
B24046,2016-08-19,55.161705017089844,英鎊,霸菱亞洲增長基金-A類 英鎊配息型,yfinance,股票型,亞洲地區
B24046,2016-08-22,54.9840202331543,英鎊,霸菱亞洲增長基金-A類 英鎊配息型,yfinance,股票型,亞洲地區
B24046,2016-08-23,54.766845703125,英鎊,霸菱亞洲增長基金-A類 英鎊配息型,yfinance,股票型,亞洲地區
B24046,2016-08-24,54.381858825683594,英鎊,霸菱亞洲增長基金-A類 英鎊配息型,yfinance,股票型,亞洲地區
B24046,2016-08-25,54.599029541015625,英鎊,霸菱亞洲增長基金-A類 英鎊配息型,yfinance,股票型,亞洲地區
B24046,2016-08-26,54.77671813964844,英鎊,霸菱亞洲增長基金-A類 英鎊配息型,yfinance,股票型,亞洲地區
B24046,2016-08-30,55.73424530029297,英鎊,霸菱亞洲增長基金-A類 英鎊配息型,yfinance,股票型,亞洲地區
B24046,2016-08-31,55.56643295288086,英鎊,霸菱亞洲增長基金-A類 英鎊配息型,yfinance,股票型,亞洲地區
B24046,2016-09-01,55.309776306152344,英鎊,霸菱亞洲增長基金-A類 英鎊配息型,yfinance,股票型,亞洲地區
B24046,2016-09-02,55.250545501708984,英鎊,霸菱亞洲增長基金-A類 英鎊配息型,yfinance,股票型,亞洲地區
B24046,2016-09-05,55.32951354980469,英鎊,霸菱亞洲增長基金-A類 英鎊配息型,yfinance,股票型,亞洲地區
B24046,2016-09-06,55.8132209777832,英鎊,霸菱亞洲增長基金-A類 英鎊配息型,yfinance,股票型,亞洲地區
B24046,2016-09-07,55.66514587402344,英鎊,霸菱亞洲增長基金-A類 英鎊配息型,yfinance,股票型,亞洲地區
B24046,2016-09-08,55.87244415283203,英鎊,霸菱亞洲增長基金-A類 英鎊配息型,yfinance,股票型,亞洲地區
B24046,2016-09-09,55.694759368896484,英鎊,霸菱亞洲增長基金-A類 英鎊配息型,yfinance,股票型,亞洲地區
B24046,2016-09-12,54.046226501464844,英鎊,霸菱亞洲增長基金-A類 英鎊配息型,yfinance,股票型,亞洲地區
B24046,2016-09-13,54.125205993652344,英鎊,霸菱亞洲增長基金-A類 英鎊配息型,yfinance,股票型,亞洲地區
B24046,2016-09-14,54.24365997314453,英鎊,霸菱亞洲增長基金-A類 英鎊配息型,yfinance,股票型,亞洲地區
B24046,2016-09-15,54.44108963012695,英鎊,霸菱亞洲增長基金-A類 英鎊配息型,yfinance,股票型,亞洲地區
B24046,2016-09-16,54.766845703125,英鎊,霸菱亞洲增長基金-A類 英鎊配息型,yfinance,股票型,亞洲地區
B24046,2016-09-19,55.61579132080078,英鎊,霸菱亞洲增長基金-A類 英鎊配息型,yfinance,股票型,亞洲地區
B24046,2016-09-20,55.902061462402344,英鎊,霸菱亞洲增長基金-A類 英鎊配息型,yfinance,股票型,亞洲地區
B24046,2016-09-21,56.010650634765625,英鎊,霸菱亞洲增長基金-A類 英鎊配息型,yfinance,股票型,亞洲地區
B24046,2016-09-22,56.31666564941406,英鎊,霸菱亞洲增長基金-A類 英鎊配息型,yfinance,股票型,亞洲地區
B24046,2016-09-23,56.672035217285156,英鎊,霸菱亞洲增長基金-A類 英鎊配息型,yfinance,股票型,亞洲地區
B24046,2016-09-26,56.3265380859375,英鎊,霸菱亞洲增長基金-A類 英鎊配息型,yfinance,股票型,亞洲地區
B24046,2016-09-27,56.54370880126953,英鎊,霸菱亞洲增長基金-A類 英鎊配息型,yfinance,股票型,亞洲地區
B24046,2016-09-28,56.53383255004883,英鎊,霸菱亞洲增長基金-A類 英鎊配息型,yfinance,股票型,亞洲地區
B24046,2016-09-29,56.43511962890625,英鎊,霸菱亞洲增長基金-A類 英鎊配息型,yfinance,股票型,亞洲地區
B24046,2016-09-30,56.198204040527344,英鎊,霸菱亞洲增長基金-A類 英鎊配息型,yfinance,股票型,亞洲地區
B24046,2016-10-03,57.25444793701172,英鎊,霸菱亞洲增長基金-A類 英鎊配息型,yfinance,股票型,亞洲地區
B24046,2016-10-04,57.96519470214844,英鎊,霸菱亞洲增長基金-A類 英鎊配息型,yfinance,股票型,亞洲地區
B24046,2016-10-05,58.034297943115234,英鎊,霸菱亞洲增長基金-A類 英鎊配息型,yfinance,股票型,亞洲地區
B24046,2016-10-06,58.103397369384766,英鎊,霸菱亞洲增長基金-A類 英鎊配息型,yfinance,股票型,亞洲地區
B24046,2016-10-07,59.24848175048828,英鎊,霸菱亞洲增長基金-A類 英鎊配息型,yfinance,股票型,亞洲地區
B24046,2016-10-10,58.7647819519043,英鎊,霸菱亞洲增長基金-A類 英鎊配息型,yfinance,股票型,亞洲地區
B24046,2016-10-11,59.08066940307617,英鎊,霸菱亞洲增長基金-A類 英鎊配息型,yfinance,股票型,亞洲地區
B24046,2016-10-12,58.5574836730957,英鎊,霸菱亞洲增長基金-A類 英鎊配息型,yfinance,股票型,亞洲地區
B24046,2016-10-13,58.2613410949707,英鎊,霸菱亞洲增長基金-A類 英鎊配息型,yfinance,股票型,亞洲地區
B24046,2016-10-14,58.34031295776367,英鎊,霸菱亞洲增長基金-A類 英鎊配息型,yfinance,股票型,亞洲地區
B24046,2016-10-17,58.537742614746094,英鎊,霸菱亞洲增長基金-A類 英鎊配息型,yfinance,股票型,亞洲地區
B24046,2016-10-18,58.36005401611328,英鎊,霸菱亞洲增長基金-A類 英鎊配息型,yfinance,股票型,亞洲地區
B24046,2016-10-19,58.50812530517578,英鎊,霸菱亞洲增長基金-A類 英鎊配息型,yfinance,股票型,亞洲地區
B24046,2016-10-20,58.83388137817383,英鎊,霸菱亞洲增長基金-A類 英鎊配息型,yfinance,股票型,亞洲地區
B24046,2016-10-21,58.922725677490234,英鎊,霸菱亞洲增長基金-A類 英鎊配息型,yfinance,股票型,亞洲地區
B24046,2016-10-24,58.72529983520508,英鎊,霸菱亞洲增長基金-A類 英鎊配息型,yfinance,股票型,亞洲地區
B24046,2016-10-25,58.68581771850586,英鎊,霸菱亞洲增長基金-A類 英鎊配息型,yfinance,股票型,亞洲地區
B24046,2016-10-26,58.6265869140625,英鎊,霸菱亞洲增長基金-A類 英鎊配息型,yfinance,股票型,亞洲地區
B24046,2016-10-27,58.142887115478516,英鎊,霸菱亞洲增長基金-A類 英鎊配息型,yfinance,股票型,亞洲地區
B24046,2016-10-28,58.478515625,英鎊,霸菱亞洲增長基金-A類 英鎊配息型,yfinance,股票型,亞洲地區
B24046,2016-11-01,57.8763542175293,英鎊,霸菱亞洲增長基金-A類 英鎊配息型,yfinance,股票型,亞洲地區
B24046,2016-11-02,56.79049301147461,英鎊,霸菱亞洲增長基金-A類 英鎊配息型,yfinance,股票型,亞洲地區
B24046,2016-11-03,55.85270690917969,英鎊,霸菱亞洲增長基金-A類 英鎊配息型,yfinance,股票型,亞洲地區
B24046,2016-11-04,55.38874816894531,英鎊,霸菱亞洲增長基金-A類 英鎊配息型,yfinance,股票型,亞洲地區
B24046,2016-11-07,56.257442474365234,英鎊,霸菱亞洲增長基金-A類 英鎊配息型,yfinance,股票型,亞洲地區
B24046,2016-11-08,56.68190383911133,英鎊,霸菱亞洲增長基金-A類 英鎊配息型,yfinance,股票型,亞洲地區
B24046,2016-11-09,55.29003143310547,英鎊,霸菱亞洲增長基金-A類 英鎊配息型,yfinance,股票型,亞洲地區
B24046,2016-11-10,56.474605560302734,英鎊,霸菱亞洲增長基金-A類 英鎊配息型,yfinance,股票型,亞洲地區
B24046,2016-11-11,54.09558868408203,英鎊,霸菱亞洲增長基金-A類 英鎊配息型,yfinance,股票型,亞洲地區
B24046,2016-11-14,53.690853118896484,英鎊,霸菱亞洲增長基金-A類 英鎊配息型,yfinance,股票型,亞洲地區
B24046,2016-11-15,53.47368240356445,英鎊,霸菱亞洲增長基金-A類 英鎊配息型,yfinance,股票型,亞洲地區
B24046,2016-11-16,53.84879684448242,英鎊,霸菱亞洲增長基金-A類 英鎊配息型,yfinance,股票型,亞洲地區
B24046,2016-11-17,53.523040771484375,英鎊,霸菱亞洲增長基金-A類 英鎊配息型,yfinance,股票型,亞洲地區
B24046,2016-11-18,53.562522888183594,英鎊,霸菱亞洲增長基金-A類 英鎊配息型,yfinance,股票型,亞洲地區
B24046,2016-11-21,53.503299713134766,英鎊,霸菱亞洲增長基金-A類 英鎊配息型,yfinance,股票型,亞洲地區
B24046,2016-11-22,53.90802764892578,英鎊,霸菱亞洲增長基金-A類 英鎊配息型,yfinance,股票型,亞洲地區
B24046,2016-11-23,54.046226501464844,英鎊,霸菱亞洲增長基金-A類 英鎊配息型,yfinance,股票型,亞洲地區
B24046,2016-11-24,52.92087936401367,英鎊,霸菱亞洲增長基金-A類 英鎊配息型,yfinance,股票型,亞洲地區
B24046,2016-11-25,53.26638412475586,英鎊,霸菱亞洲增長基金-A類 英鎊配息型,yfinance,股票型,亞洲地區
B24046,2016-11-28,53.483558654785156,英鎊,霸菱亞洲增長基金-A類 英鎊配息型,yfinance,股票型,亞洲地區
B24046,2016-11-29,53.16767120361328,英鎊,霸菱亞洲增長基金-A類 英鎊配息型,yfinance,股票型,亞洲地區
B24046,2016-11-30,53.70072937011719,英鎊,霸菱亞洲增長基金-A類 英鎊配息型,yfinance,股票型,亞洲地區
B24046,2016-12-01,53.08869171142578,英鎊,霸菱亞洲增長基金-A類 英鎊配息型,yfinance,股票型,亞洲地區
B24046,2016-12-02,52.664222717285156,英鎊,霸菱亞洲增長基金-A類 英鎊配息型,yfinance,股票型,亞洲地區
B24046,2016-12-05,52.14103317260742,英鎊,霸菱亞洲增長基金-A類 英鎊配息型,yfinance,股票型,亞洲地區
B24046,2016-12-06,52.39769744873047,英鎊,霸菱亞洲增長基金-A類 英鎊配息型,yfinance,股票型,亞洲地區
B24046,2016-12-07,53.10844039916992,英鎊,霸菱亞洲增長基金-A類 英鎊配息型,yfinance,股票型,亞洲地區
B24046,2016-12-08,53.582271575927734,英鎊,霸菱亞洲增長基金-A類 英鎊配息型,yfinance,股票型,亞洲地區
B24046,2016-12-09,53.5723991394043,英鎊,霸菱亞洲增長基金-A類 英鎊配息型,yfinance,股票型,亞洲地區
B24046,2016-12-12,52.90113830566406,英鎊,霸菱亞洲增長基金-A類 英鎊配息型,yfinance,股票型,亞洲地區
B24046,2016-12-13,52.49641036987305,英鎊,霸菱亞洲增長基金-A類 英鎊配息型,yfinance,股票型,亞洲地區
B24046,2016-12-14,52.654354095458984,英鎊,霸菱亞洲增長基金-A類 英鎊配息型,yfinance,股票型,亞洲地區
B24046,2016-12-15,52.93075180053711,英鎊,霸菱亞洲增長基金-A類 英鎊配息型,yfinance,股票型,亞洲地區
B24046,2016-12-16,53.10844039916992,英鎊,霸菱亞洲增長基金-A類 英鎊配息型,yfinance,股票型,亞洲地區
B24046,2016-12-19,52.78268051147461,英鎊,霸菱亞洲增長基金-A類 英鎊配息型,yfinance,股票型,亞洲地區
B24046,2016-12-20,52.71358108520508,英鎊,霸菱亞洲增長基金-A類 英鎊配息型,yfinance,股票型,亞洲地區
B24046,2016-12-21,52.555641174316406,英鎊,霸菱亞洲增長基金-A類 英鎊配息型,yfinance,股票型,亞洲地區
B24046,2016-12-22,52.27923583984375,英鎊,霸菱亞洲增長基金-A類 英鎊配息型,yfinance,股票型,亞洲地區
B24046,2016-12-23,52.516151428222656,英鎊,霸菱亞洲增長基金-A類 英鎊配息型,yfinance,股票型,亞洲地區
B24046,2016-12-29,53.34535598754883,英鎊,霸菱亞洲增長基金-A類 英鎊配息型,yfinance,股票型,亞洲地區
B24046,2016-12-30,53.40458297729492,英鎊,霸菱亞洲增長基金-A類 英鎊配息型,yfinance,股票型,亞洲地區
B40016,2016-01-04,1.516800045967102,英鎊,GAM Star環球股票基金累積單位-英鎊,yfinance,股票型,全球市場
B40016,2016-01-05,1.519700050354004,英鎊,GAM Star環球股票基金累積單位-英鎊,yfinance,股票型,全球市場
B40016,2016-01-06,1.5024000406265259,英鎊,GAM Star環球股票基金累積單位-英鎊,yfinance,股票型,全球市場
B40016,2016-01-07,1.4774999618530273,英鎊,GAM Star環球股票基金累積單位-英鎊,yfinance,股票型,全球市場
B40016,2016-01-08,1.4686000347137451,英鎊,GAM Star環球股票基金累積單位-英鎊,yfinance,股票型,全球市場
B40016,2016-01-11,1.4593000411987305,英鎊,GAM Star環球股票基金累積單位-英鎊,yfinance,股票型,全球市場
B40016,2016-01-12,1.4780000448226929,英鎊,GAM Star環球股票基金累積單位-英鎊,yfinance,股票型,全球市場
B40016,2016-01-13,1.4681999683380127,英鎊,GAM Star環球股票基金累積單位-英鎊,yfinance,股票型,全球市場
B40016,2016-01-14,1.4625999927520752,英鎊,GAM Star環球股票基金累積單位-英鎊,yfinance,股票型,全球市場
B40016,2016-01-15,1.44159996509552,英鎊,GAM Star環球股票基金累積單位-英鎊,yfinance,股票型,全球市場
B40016,2016-01-18,1.4213000535964966,英鎊,GAM Star環球股票基金累積單位-英鎊,yfinance,股票型,全球市場
B40016,2016-01-19,1.437399983406067,英鎊,GAM Star環球股票基金累積單位-英鎊,yfinance,股票型,全球市場
B40016,2016-01-20,1.3868999481201172,英鎊,GAM Star環球股票基金累積單位-英鎊,yfinance,股票型,全球市場
B40016,2016-01-21,1.4062000513076782,英鎊,GAM Star環球股票基金累積單位-英鎊,yfinance,股票型,全球市場
B40016,2016-01-22,1.4332000017166138,英鎊,GAM Star環球股票基金累積單位-英鎊,yfinance,股票型,全球市場
B40016,2016-01-25,1.4234000444412231,英鎊,GAM Star環球股票基金累積單位-英鎊,yfinance,股票型,全球市場
B40016,2016-01-26,1.4280999898910522,英鎊,GAM Star環球股票基金累積單位-英鎊,yfinance,股票型,全球市場
B40016,2016-01-27,1.4357000589370728,英鎊,GAM Star環球股票基金累積單位-英鎊,yfinance,股票型,全球市場
B40016,2016-01-28,1.4118000268936157,英鎊,GAM Star環球股票基金累積單位-英鎊,yfinance,股票型,全球市場
B40016,2016-01-29,1.4572999477386475,英鎊,GAM Star環球股票基金累積單位-英鎊,yfinance,股票型,全球市場
B40016,2016-02-01,1.4397000074386597,英鎊,GAM Star環球股票基金累積單位-英鎊,yfinance,股票型,全球市場
B40016,2016-02-02,1.4057999849319458,英鎊,GAM Star環球股票基金累積單位-英鎊,yfinance,股票型,全球市場
B40016,2016-02-03,1.3732000589370728,英鎊,GAM Star環球股票基金累積單位-英鎊,yfinance,股票型,全球市場
B40016,2016-02-04,1.3932000398635864,英鎊,GAM Star環球股票基金累積單位-英鎊,yfinance,股票型,全球市場
B40016,2016-02-05,1.3835999965667725,英鎊,GAM Star環球股票基金累積單位-英鎊,yfinance,股票型,全球市場
B40016,2016-02-08,1.3494999408721924,英鎊,GAM Star環球股票基金累積單位-英鎊,yfinance,股票型,全球市場
B40016,2016-02-09,1.32260000705719,英鎊,GAM Star環球股票基金累積單位-英鎊,yfinance,股票型,全球市場
B40016,2016-02-10,1.3389999866485596,英鎊,GAM Star環球股票基金累積單位-英鎊,yfinance,股票型,全球市場
B40016,2016-02-11,1.3187999725341797,英鎊,GAM Star環球股票基金累積單位-英鎊,yfinance,股票型,全球市場
B40016,2016-02-12,1.3401999473571777,英鎊,GAM Star環球股票基金累積單位-英鎊,yfinance,股票型,全球市場
B40016,2016-02-15,1.3669999837875366,英鎊,GAM Star環球股票基金累積單位-英鎊,yfinance,股票型,全球市場
B40016,2016-02-16,1.388100028038025,英鎊,GAM Star環球股票基金累積單位-英鎊,yfinance,股票型,全球市場
B40016,2016-02-17,1.4151999950408936,英鎊,GAM Star環球股票基金累積單位-英鎊,yfinance,股票型,全球市場
B40016,2016-02-18,1.4098000526428223,英鎊,GAM Star環球股票基金累積單位-英鎊,yfinance,股票型,全球市場
B40016,2016-02-19,1.4072999954223633,英鎊,GAM Star環球股票基金累積單位-英鎊,yfinance,股票型,全球市場
B40016,2016-02-22,1.4429999589920044,英鎊,GAM Star環球股票基金累積單位-英鎊,yfinance,股票型,全球市場
B40016,2016-02-23,1.4306999444961548,英鎊,GAM Star環球股票基金累積單位-英鎊,yfinance,股票型,全球市場
B40016,2016-02-24,1.4321000576019287,英鎊,GAM Star環球股票基金累積單位-英鎊,yfinance,股票型,全球市場
B40016,2016-02-25,1.4541000127792358,英鎊,GAM Star環球股票基金累積單位-英鎊,yfinance,股票型,全球市場
B40016,2016-02-26,1.4680999517440796,英鎊,GAM Star環球股票基金累積單位-英鎊,yfinance,股票型,全球市場
B40016,2016-02-29,1.461899995803833,英鎊,GAM Star環球股票基金累積單位-英鎊,yfinance,股票型,全球市場
B40016,2016-03-01,1.4944000244140625,英鎊,GAM Star環球股票基金累積單位-英鎊,yfinance,股票型,全球市場
B40016,2016-03-02,1.4970999956130981,英鎊,GAM Star環球股票基金累積單位-英鎊,yfinance,股票型,全球市場
B40016,2016-03-03,1.506500005722046,英鎊,GAM Star環球股票基金累積單位-英鎊,yfinance,股票型,全球市場
B40016,2016-03-04,1.516800045967102,英鎊,GAM Star環球股票基金累積單位-英鎊,yfinance,股票型,全球市場
B40016,2016-03-07,1.513700008392334,英鎊,GAM Star環球股票基金累積單位-英鎊,yfinance,股票型,全球市場
B40016,2016-03-08,1.503499984741211,英鎊,GAM Star環球股票基金累積單位-英鎊,yfinance,股票型,全球市場
B40016,2016-03-09,1.5054999589920044,英鎊,GAM Star環球股票基金累積單位-英鎊,yfinance,股票型,全球市場
B40016,2016-03-10,1.4918999671936035,英鎊,GAM Star環球股票基金累積單位-英鎊,yfinance,股票型,全球市場
B40016,2016-03-11,1.5259000062942505,英鎊,GAM Star環球股票基金累積單位-英鎊,yfinance,股票型,全球市場
B40016,2016-03-14,1.5434999465942383,英鎊,GAM Star環球股票基金累積單位-英鎊,yfinance,股票型,全球市場
B40016,2016-03-15,1.5480999946594238,英鎊,GAM Star環球股票基金累積單位-英鎊,yfinance,股票型,全球市場
B40016,2016-03-16,1.552899956703186,英鎊,GAM Star環球股票基金累積單位-英鎊,yfinance,股票型,全球市場
B40016,2016-03-18,1.534600019454956,英鎊,GAM Star環球股票基金累積單位-英鎊,yfinance,股票型,全球市場
B40016,2016-03-21,1.5413000583648682,英鎊,GAM Star環球股票基金累積單位-英鎊,yfinance,股票型,全球市場
B40016,2016-03-22,1.5571999549865723,英鎊,GAM Star環球股票基金累積單位-英鎊,yfinance,股票型,全球市場
B40016,2016-03-23,1.5532000064849854,英鎊,GAM Star環球股票基金累積單位-英鎊,yfinance,股票型,全球市場
B40016,2016-03-24,1.5325000286102295,英鎊,GAM Star環球股票基金累積單位-英鎊,yfinance,股票型,全球市場
B40016,2016-03-29,1.5298000574111938,英鎊,GAM Star環球股票基金累積單位-英鎊,yfinance,股票型,全球市場
B40016,2016-03-30,1.5354000329971313,英鎊,GAM Star環球股票基金累積單位-英鎊,yfinance,股票型,全球市場
B40016,2016-03-31,1.5362000465393066,英鎊,GAM Star環球股票基金累積單位-英鎊,yfinance,股票型,全球市場
B40016,2016-04-01,1.5405999422073364,英鎊,GAM Star環球股票基金累積單位-英鎊,yfinance,股票型,全球市場
B40016,2016-04-04,1.527500033378601,英鎊,GAM Star環球股票基金累積單位-英鎊,yfinance,股票型,全球市場
B40016,2016-04-05,1.5159000158309937,英鎊,GAM Star環球股票基金累積單位-英鎊,yfinance,股票型,全球市場
B40016,2016-04-06,1.5327999591827393,英鎊,GAM Star環球股票基金累積單位-英鎊,yfinance,股票型,全球市場
B40016,2016-04-07,1.5211000442504883,英鎊,GAM Star環球股票基金累積單位-英鎊,yfinance,股票型,全球市場
B40016,2016-04-08,1.5426000356674194,英鎊,GAM Star環球股票基金累積單位-英鎊,yfinance,股票型,全球市場
B40016,2016-04-11,1.5335999727249146,英鎊,GAM Star環球股票基金累積單位-英鎊,yfinance,股票型,全球市場
B40016,2016-04-12,1.545199990272522,英鎊,GAM Star環球股票基金累積單位-英鎊,yfinance,股票型,全球市場
B40016,2016-04-13,1.5786000490188599,英鎊,GAM Star環球股票基金累積單位-英鎊,yfinance,股票型,全球市場
B40016,2016-04-14,1.5901999473571777,英鎊,GAM Star環球股票基金累積單位-英鎊,yfinance,股票型,全球市場
B40016,2016-04-15,1.583899974822998,英鎊,GAM Star環球股票基金累積單位-英鎊,yfinance,股票型,全球市場
B40016,2016-04-18,1.5784000158309937,英鎊,GAM Star環球股票基金累積單位-英鎊,yfinance,股票型,全球市場
B40016,2016-04-19,1.5849000215530396,英鎊,GAM Star環球股票基金累積單位-英鎊,yfinance,股票型,全球市場
B40016,2016-04-20,1.5927000045776367,英鎊,GAM Star環球股票基金累積單位-英鎊,yfinance,股票型,全球市場
B40016,2016-04-21,1.5981999635696411,英鎊,GAM Star環球股票基金累積單位-英鎊,yfinance,股票型,全球市場
B40016,2016-04-22,1.5886000394821167,英鎊,GAM Star環球股票基金累積單位-英鎊,yfinance,股票型,全球市場
B40016,2016-04-25,1.5707000494003296,英鎊,GAM Star環球股票基金累積單位-英鎊,yfinance,股票型,全球市場
B40016,2016-04-26,1.5702999830245972,英鎊,GAM Star環球股票基金累積單位-英鎊,yfinance,股票型,全球市場
B40016,2016-04-27,1.577299952507019,英鎊,GAM Star環球股票基金累積單位-英鎊,yfinance,股票型,全球市場
B40016,2016-04-28,1.570199966430664,英鎊,GAM Star環球股票基金累積單位-英鎊,yfinance,股票型,全球市場
B40016,2016-04-29,1.542199969291687,英鎊,GAM Star環球股票基金累積單位-英鎊,yfinance,股票型,全球市場
B40016,2016-05-03,1.5326999425888062,英鎊,GAM Star環球股票基金累積單位-英鎊,yfinance,股票型,全球市場
B40016,2016-05-04,1.5263999700546265,英鎊,GAM Star環球股票基金累積單位-英鎊,yfinance,股票型,全球市場
B40016,2016-05-05,1.5196000337600708,英鎊,GAM Star環球股票基金累積單位-英鎊,yfinance,股票型,全球市場
B40016,2016-05-06,1.529099941253662,英鎊,GAM Star環球股票基金累積單位-英鎊,yfinance,股票型,全球市場
B40016,2016-05-09,1.5334999561309814,英鎊,GAM Star環球股票基金累積單位-英鎊,yfinance,股票型,全球市場
B40016,2016-05-10,1.5391000509262085,英鎊,GAM Star環球股票基金累積單位-英鎊,yfinance,股票型,全球市場
B40016,2016-05-11,1.5318000316619873,英鎊,GAM Star環球股票基金累積單位-英鎊,yfinance,股票型,全球市場
B40016,2016-05-12,1.5183000564575195,英鎊,GAM Star環球股票基金累積單位-英鎊,yfinance,股票型,全球市場
B40016,2016-05-13,1.5252000093460083,英鎊,GAM Star環球股票基金累積單位-英鎊,yfinance,股票型,全球市場
B40016,2016-05-16,1.5255000591278076,英鎊,GAM Star環球股票基金累積單位-英鎊,yfinance,股票型,全球市場
B40016,2016-05-17,1.517899990081787,英鎊,GAM Star環球股票基金累積單位-英鎊,yfinance,股票型,全球市場
B40016,2016-05-18,1.506100058555603,英鎊,GAM Star環球股票基金累積單位-英鎊,yfinance,股票型,全球市場
B40016,2016-05-19,1.4945000410079956,英鎊,GAM Star環球股票基金累積單位-英鎊,yfinance,股票型,全球市場
B40016,2016-05-20,1.517199993133545,英鎊,GAM Star環球股票基金累積單位-英鎊,yfinance,股票型,全球市場
B40016,2016-05-23,1.5242999792099,英鎊,GAM Star環球股票基金累積單位-英鎊,yfinance,股票型,全球市場
B40016,2016-05-24,1.531499981880188,英鎊,GAM Star環球股票基金累積單位-英鎊,yfinance,股票型,全球市場
B40016,2016-05-25,1.5358999967575073,英鎊,GAM Star環球股票基金累積單位-英鎊,yfinance,股票型,全球市場
B40016,2016-05-26,1.5425000190734863,英鎊,GAM Star環球股票基金累積單位-英鎊,yfinance,股票型,全球市場
B40016,2016-05-27,1.5494999885559082,英鎊,GAM Star環球股票基金累積單位-英鎊,yfinance,股票型,全球市場
B40016,2016-05-31,1.5520000457763672,英鎊,GAM Star環球股票基金累積單位-英鎊,yfinance,股票型,全球市場
B40016,2016-06-01,1.559999942779541,英鎊,GAM Star環球股票基金累積單位-英鎊,yfinance,股票型,全球市場
B40016,2016-06-02,1.558899998664856,英鎊,GAM Star環球股票基金累積單位-英鎊,yfinance,股票型,全球市場
B40016,2016-06-03,1.5501999855041504,英鎊,GAM Star環球股票基金累積單位-英鎊,yfinance,股票型,全球市場
B40016,2016-06-07,1.5609999895095825,英鎊,GAM Star環球股票基金累積單位-英鎊,yfinance,股票型,全球市場
B40016,2016-06-08,1.5602999925613403,英鎊,GAM Star環球股票基金累積單位-英鎊,yfinance,股票型,全球市場
B40016,2016-06-09,1.554800033569336,英鎊,GAM Star環球股票基金累積單位-英鎊,yfinance,股票型,全球市場
B40016,2016-06-10,1.5312000513076782,英鎊,GAM Star環球股票基金累積單位-英鎊,yfinance,股票型,全球市場
B40016,2016-06-13,1.5045000314712524,英鎊,GAM Star環球股票基金累積單位-英鎊,yfinance,股票型,全球市場
B40016,2016-06-14,1.492400050163269,英鎊,GAM Star環球股票基金累積單位-英鎊,yfinance,股票型,全球市場
B40016,2016-06-15,1.4962999820709229,英鎊,GAM Star環球股票基金累積單位-英鎊,yfinance,股票型,全球市場
B40016,2016-06-16,1.4866000413894653,英鎊,GAM Star環球股票基金累積單位-英鎊,yfinance,股票型,全球市場
B40016,2016-06-17,1.4914000034332275,英鎊,GAM Star環球股票基金累積單位-英鎊,yfinance,股票型,全球市場
B40016,2016-06-20,1.496999979019165,英鎊,GAM Star環球股票基金累積單位-英鎊,yfinance,股票型,全球市場
B40016,2016-06-21,1.4989999532699585,英鎊,GAM Star環球股票基金累積單位-英鎊,yfinance,股票型,全球市場
B40016,2016-06-22,1.4972000122070312,英鎊,GAM Star環球股票基金累積單位-英鎊,yfinance,股票型,全球市場
B40016,2016-06-23,1.5154000520706177,英鎊,GAM Star環球股票基金累積單位-英鎊,yfinance,股票型,全球市場
B40016,2016-06-24,1.5181000232696533,英鎊,GAM Star環球股票基金累積單位-英鎊,yfinance,股票型,全球市場
B40016,2016-06-27,1.5009000301361084,英鎊,GAM Star環球股票基金累積單位-英鎊,yfinance,股票型,全球市場
B40016,2016-06-28,1.5154000520706177,英鎊,GAM Star環球股票基金累積單位-英鎊,yfinance,股票型,全球市場
B40016,2016-06-29,1.5348999500274658,英鎊,GAM Star環球股票基金累積單位-英鎊,yfinance,股票型,全球市場
B40016,2016-06-30,1.565600037574768,英鎊,GAM Star環球股票基金累積單位-英鎊,yfinance,股票型,全球市場
B40016,2016-07-01,1.5902999639511108,英鎊,GAM Star環球股票基金累積單位-英鎊,yfinance,股票型,全球市場
B40016,2016-07-04,1.5839999914169312,英鎊,GAM Star環球股票基金累積單位-英鎊,yfinance,股票型,全球市場
B40016,2016-07-05,1.5815000534057617,英鎊,GAM Star環球股票基金累積單位-英鎊,yfinance,股票型,全球市場
B40016,2016-07-06,1.5814000368118286,英鎊,GAM Star環球股票基金累積單位-英鎊,yfinance,股票型,全球市場
B40016,2016-07-07,1.5911999940872192,英鎊,GAM Star環球股票基金累積單位-英鎊,yfinance,股票型,全球市場
B40016,2016-07-08,1.6150000095367432,英鎊,GAM Star環球股票基金累積單位-英鎊,yfinance,股票型,全球市場
B40016,2016-07-11,1.6309000253677368,英鎊,GAM Star環球股票基金累積單位-英鎊,yfinance,股票型,全球市場
B40016,2016-07-12,1.6374000310897827,英鎊,GAM Star環球股票基金累積單位-英鎊,yfinance,股票型,全球市場
B40016,2016-07-13,1.6348999738693237,英鎊,GAM Star環球股票基金累積單位-英鎊,yfinance,股票型,全球市場
B40016,2016-07-14,1.6332999467849731,英鎊,GAM Star環球股票基金累積單位-英鎊,yfinance,股票型,全球市場
B40016,2016-07-15,1.6410000324249268,英鎊,GAM Star環球股票基金累積單位-英鎊,yfinance,股票型,全球市場
B40016,2016-07-18,1.6361000537872314,英鎊,GAM Star環球股票基金累積單位-英鎊,yfinance,股票型,全球市場
B40016,2016-07-19,1.6485999822616577,英鎊,GAM Star環球股票基金累積單位-英鎊,yfinance,股票型,全球市場
B40016,2016-07-20,1.6563999652862549,英鎊,GAM Star環球股票基金累積單位-英鎊,yfinance,股票型,全球市場
B40016,2016-07-21,1.652999997138977,英鎊,GAM Star環球股票基金累積單位-英鎊,yfinance,股票型,全球市場
B40016,2016-07-22,1.6694999933242798,英鎊,GAM Star環球股票基金累積單位-英鎊,yfinance,股票型,全球市場
B40016,2016-07-25,1.666599988937378,英鎊,GAM Star環球股票基金累積單位-英鎊,yfinance,股票型,全球市場
B40016,2016-07-26,1.6670000553131104,英鎊,GAM Star環球股票基金累積單位-英鎊,yfinance,股票型,全球市場
B40016,2016-07-27,1.6770000457763672,英鎊,GAM Star環球股票基金累積單位-英鎊,yfinance,股票型,全球市場
B40016,2016-07-28,1.6796000003814697,英鎊,GAM Star環球股票基金累積單位-英鎊,yfinance,股票型,全球市場
B40016,2016-07-29,1.6780999898910522,英鎊,GAM Star環球股票基金累積單位-英鎊,yfinance,股票型,全球市場
B40016,2016-08-02,1.643399953842163,英鎊,GAM Star環球股票基金累積單位-英鎊,yfinance,股票型,全球市場
B40016,2016-08-03,1.6418999433517456,英鎊,GAM Star環球股票基金累積單位-英鎊,yfinance,股票型,全球市場
B40016,2016-08-04,1.6771999597549438,英鎊,GAM Star環球股票基金累積單位-英鎊,yfinance,股票型,全球市場
B40016,2016-08-05,1.7036999464035034,英鎊,GAM Star環球股票基金累積單位-英鎊,yfinance,股票型,全球市場
B40016,2016-08-08,1.7165000438690186,英鎊,GAM Star環球股票基金累積單位-英鎊,yfinance,股票型,全球市場
B40016,2016-08-09,1.7373000383377075,英鎊,GAM Star環球股票基金累積單位-英鎊,yfinance,股票型,全球市場
B40016,2016-08-10,1.7337000370025635,英鎊,GAM Star環球股票基金累積單位-英鎊,yfinance,股票型,全球市場
B40016,2016-08-11,1.7475999593734741,英鎊,GAM Star環球股票基金累積單位-英鎊,yfinance,股票型,全球市場
B40016,2016-08-12,1.7554999589920044,英鎊,GAM Star環球股票基金累積單位-英鎊,yfinance,股票型,全球市場
B40016,2016-08-15,1.7694000005722046,英鎊,GAM Star環球股票基金累積單位-英鎊,yfinance,股票型,全球市場
B40016,2016-08-16,1.7453999519348145,英鎊,GAM Star環球股票基金累積單位-英鎊,yfinance,股票型,全球市場
B40016,2016-08-17,1.7300000190734863,英鎊,GAM Star環球股票基金累積單位-英鎊,yfinance,股票型,全球市場
B40016,2016-08-18,1.7240999937057495,英鎊,GAM Star環球股票基金累積單位-英鎊,yfinance,股票型,全球市場
B40016,2016-08-19,1.7275999784469604,英鎊,GAM Star環球股票基金累積單位-英鎊,yfinance,股票型,全球市場
B40016,2016-08-22,1.7180999517440796,英鎊,GAM Star環球股票基金累積單位-英鎊,yfinance,股票型,全球市場
B40016,2016-08-23,1.7330000400543213,英鎊,GAM Star環球股票基金累積單位-英鎊,yfinance,股票型,全球市場
B40016,2016-08-24,1.7214000225067139,英鎊,GAM Star環球股票基金累積單位-英鎊,yfinance,股票型,全球市場
B40016,2016-08-25,1.7200000286102295,英鎊,GAM Star環球股票基金累積單位-英鎊,yfinance,股票型,全球市場
B40016,2016-08-26,1.7174999713897705,英鎊,GAM Star環球股票基金累積單位-英鎊,yfinance,股票型,全球市場
B40016,2016-08-30,1.7335000038146973,英鎊,GAM Star環球股票基金累積單位-英鎊,yfinance,股票型,全球市場
B40016,2016-08-31,1.732800006866455,英鎊,GAM Star環球股票基金累積單位-英鎊,yfinance,股票型,全球市場
B40016,2016-09-01,1.7085000276565552,英鎊,GAM Star環球股票基金累積單位-英鎊,yfinance,股票型,全球市場
B40016,2016-09-02,1.7267999649047852,英鎊,GAM Star環球股票基金累積單位-英鎊,yfinance,股票型,全球市場
B40016,2016-09-05,1.7282999753952026,英鎊,GAM Star環球股票基金累積單位-英鎊,yfinance,股票型,全球市場
B40016,2016-09-06,1.715999960899353,英鎊,GAM Star環球股票基金累積單位-英鎊,yfinance,股票型,全球市場
B40016,2016-09-07,1.728600025177002,英鎊,GAM Star環球股票基金累積單位-英鎊,yfinance,股票型,全球市場
B40016,2016-09-08,1.7381999492645264,英鎊,GAM Star環球股票基金累積單位-英鎊,yfinance,股票型,全球市場
B40016,2016-09-09,1.7180999517440796,英鎊,GAM Star環球股票基金累積單位-英鎊,yfinance,股票型,全球市場
B40016,2016-09-12,1.7019000053405762,英鎊,GAM Star環球股票基金累積單位-英鎊,yfinance,股票型,全球市場
B40016,2016-09-13,1.6938999891281128,英鎊,GAM Star環球股票基金累積單位-英鎊,yfinance,股票型,全球市場
B40016,2016-09-14,1.6922999620437622,英鎊,GAM Star環球股票基金累積單位-英鎊,yfinance,股票型,全球市場
B40016,2016-09-15,1.694100022315979,英鎊,GAM Star環球股票基金累積單位-英鎊,yfinance,股票型,全球市場
B40016,2016-09-16,1.6927000284194946,英鎊,GAM Star環球股票基金累積單位-英鎊,yfinance,股票型,全球市場
B40016,2016-09-19,1.7071000337600708,英鎊,GAM Star環球股票基金累積單位-英鎊,yfinance,股票型,全球市場
B40016,2016-09-20,1.714900016784668,英鎊,GAM Star環球股票基金累積單位-英鎊,yfinance,股票型,全球市場
B40016,2016-09-21,1.729599952697754,英鎊,GAM Star環球股票基金累積單位-英鎊,yfinance,股票型,全球市場
B40016,2016-09-22,1.7417999505996704,英鎊,GAM Star環球股票基金累積單位-英鎊,yfinance,股票型,全球市場
B40016,2016-09-23,1.742900013923645,英鎊,GAM Star環球股票基金累積單位-英鎊,yfinance,股票型,全球市場
B40016,2016-09-26,1.718999981880188,英鎊,GAM Star環球股票基金累積單位-英鎊,yfinance,股票型,全球市場
B40016,2016-09-27,1.7138999700546265,英鎊,GAM Star環球股票基金累積單位-英鎊,yfinance,股票型,全球市場
B40016,2016-09-28,1.7249000072479248,英鎊,GAM Star環球股票基金累積單位-英鎊,yfinance,股票型,全球市場
B40016,2016-09-29,1.725000023841858,英鎊,GAM Star環球股票基金累積單位-英鎊,yfinance,股票型,全球市場
B40016,2016-09-30,1.7285000085830688,英鎊,GAM Star環球股票基金累積單位-英鎊,yfinance,股票型,全球市場
B40016,2016-10-03,1.7502000331878662,英鎊,GAM Star環球股票基金累積單位-英鎊,yfinance,股票型,全球市場
B40016,2016-10-04,1.7613999843597412,英鎊,GAM Star環球股票基金累積單位-英鎊,yfinance,股票型,全球市場
B40016,2016-10-05,1.7710000276565552,英鎊,GAM Star環球股票基金累積單位-英鎊,yfinance,股票型,全球市場
B40016,2016-10-06,1.7828999757766724,英鎊,GAM Star環球股票基金累積單位-英鎊,yfinance,股票型,全球市場
B40016,2016-10-07,1.7930999994277954,英鎊,GAM Star環球股票基金累積單位-英鎊,yfinance,股票型,全球市場
B40016,2016-10-10,1.8112000226974487,英鎊,GAM Star環球股票基金累積單位-英鎊,yfinance,股票型,全球市場
B40016,2016-10-11,1.8145999908447266,英鎊,GAM Star環球股票基金累積單位-英鎊,yfinance,股票型,全球市場
B40016,2016-10-12,1.8118000030517578,英鎊,GAM Star環球股票基金累積單位-英鎊,yfinance,股票型,全球市場
B40016,2016-10-13,1.795799970626831,英鎊,GAM Star環球股票基金累積單位-英鎊,yfinance,股票型,全球市場
B40016,2016-10-14,1.8070000410079956,英鎊,GAM Star環球股票基金累積單位-英鎊,yfinance,股票型,全球市場
B40016,2016-10-17,1.8210999965667725,英鎊,GAM Star環球股票基金累積單位-英鎊,yfinance,股票型,全球市場
B40016,2016-10-18,1.819599986076355,英鎊,GAM Star環球股票基金累積單位-英鎊,yfinance,股票型,全球市場
B40016,2016-10-19,1.8315999507904053,英鎊,GAM Star環球股票基金累積單位-英鎊,yfinance,股票型,全球市場
B40016,2016-10-20,1.8406000137329102,英鎊,GAM Star環球股票基金累積單位-英鎊,yfinance,股票型,全球市場
B40016,2016-10-21,1.8518999814987183,英鎊,GAM Star環球股票基金累積單位-英鎊,yfinance,股票型,全球市場
B40016,2016-10-24,1.8603999614715576,英鎊,GAM Star環球股票基金累積單位-英鎊,yfinance,股票型,全球市場
B40016,2016-10-25,1.8645999431610107,英鎊,GAM Star環球股票基金累積單位-英鎊,yfinance,股票型,全球市場
B40016,2016-10-26,1.8509000539779663,英鎊,GAM Star環球股票基金累積單位-英鎊,yfinance,股票型,全球市場
B40016,2016-10-27,1.8579000234603882,英鎊,GAM Star環球股票基金累積單位-英鎊,yfinance,股票型,全球市場
B40016,2016-10-28,1.8616000413894653,英鎊,GAM Star環球股票基金累積單位-英鎊,yfinance,股票型,全球市場
B40016,2016-11-01,1.8342000246047974,英鎊,GAM Star環球股票基金累積單位-英鎊,yfinance,股票型,全球市場
B40016,2016-11-02,1.802299976348877,英鎊,GAM Star環球股票基金累積單位-英鎊,yfinance,股票型,全球市場
B40016,2016-11-03,1.7851999998092651,英鎊,GAM Star環球股票基金累積單位-英鎊,yfinance,股票型,全球市場
B40016,2016-11-04,1.7648999691009521,英鎊,GAM Star環球股票基金累積單位-英鎊,yfinance,股票型,全球市場
B40016,2016-11-07,1.8100999593734741,英鎊,GAM Star環球股票基金累積單位-英鎊,yfinance,股票型,全球市場
B40016,2016-11-08,1.8148000240325928,英鎊,GAM Star環球股票基金累積單位-英鎊,yfinance,股票型,全球市場
B40016,2016-11-09,1.8039000034332275,英鎊,GAM Star環球股票基金累積單位-英鎊,yfinance,股票型,全球市場
B40016,2016-11-10,1.8102999925613403,英鎊,GAM Star環球股票基金累積單位-英鎊,yfinance,股票型,全球市場
B40016,2016-11-11,1.7860000133514404,英鎊,GAM Star環球股票基金累積單位-英鎊,yfinance,股票型,全球市場
B40016,2016-11-14,1.8001999855041504,英鎊,GAM Star環球股票基金累積單位-英鎊,yfinance,股票型,全球市場
B40016,2016-11-15,1.822100043296814,英鎊,GAM Star環球股票基金累積單位-英鎊,yfinance,股票型,全球市場
B40016,2016-11-16,1.8099000453948975,英鎊,GAM Star環球股票基金累積單位-英鎊,yfinance,股票型,全球市場
B40016,2016-11-17,1.8106000423431396,英鎊,GAM Star環球股票基金累積單位-英鎊,yfinance,股票型,全球市場
B40016,2016-11-18,1.8147000074386597,英鎊,GAM Star環球股票基金累積單位-英鎊,yfinance,股票型,全球市場
B40016,2016-11-21,1.7973999977111816,英鎊,GAM Star環球股票基金累積單位-英鎊,yfinance,股票型,全球市場
B40016,2016-11-22,1.8121000528335571,英鎊,GAM Star環球股票基金累積單位-英鎊,yfinance,股票型,全球市場
B40016,2016-11-23,1.804800033569336,英鎊,GAM Star環球股票基金累積單位-英鎊,yfinance,股票型,全球市場
B40016,2016-11-24,1.7985999584197998,英鎊,GAM Star環球股票基金累積單位-英鎊,yfinance,股票型,全球市場
B40016,2016-11-25,1.8056000471115112,英鎊,GAM Star環球股票基金累積單位-英鎊,yfinance,股票型,全球市場
B40016,2016-11-28,1.7954000234603882,英鎊,GAM Star環球股票基金累積單位-英鎊,yfinance,股票型,全球市場
B40016,2016-11-29,1.7878999710083008,英鎊,GAM Star環球股票基金累積單位-英鎊,yfinance,股票型,全球市場
B40016,2016-11-30,1.7970999479293823,英鎊,GAM Star環球股票基金累積單位-英鎊,yfinance,股票型,全球市場
B40016,2016-12-01,1.7782000303268433,英鎊,GAM Star環球股票基金累積單位-英鎊,yfinance,股票型,全球市場
B40016,2016-12-02,1.7690999507904053,英鎊,GAM Star環球股票基金累積單位-英鎊,yfinance,股票型,全球市場
B40016,2016-12-05,1.7802000045776367,英鎊,GAM Star環球股票基金累積單位-英鎊,yfinance,股票型,全球市場
B40016,2016-12-06,1.805299997329712,英鎊,GAM Star環球股票基金累積單位-英鎊,yfinance,股票型,全球市場
B40016,2016-12-07,1.8454999923706055,英鎊,GAM Star環球股票基金累積單位-英鎊,yfinance,股票型,全球市場
B40016,2016-12-08,1.8554999828338623,英鎊,GAM Star環球股票基金累積單位-英鎊,yfinance,股票型,全球市場
B40016,2016-12-09,1.865399956703186,英鎊,GAM Star環球股票基金累積單位-英鎊,yfinance,股票型,全球市場
B40016,2016-12-12,1.850000023841858,英鎊,GAM Star環球股票基金累積單位-英鎊,yfinance,股票型,全球市場
B40016,2016-12-13,1.8653000593185425,英鎊,GAM Star環球股票基金累積單位-英鎊,yfinance,股票型,全球市場
B40016,2016-12-14,1.8406000137329102,英鎊,GAM Star環球股票基金累積單位-英鎊,yfinance,股票型,全球市場
B40016,2016-12-15,1.8760000467300415,英鎊,GAM Star環球股票基金累積單位-英鎊,yfinance,股票型,全球市場
B40016,2016-12-16,1.8770999908447266,英鎊,GAM Star環球股票基金累積單位-英鎊,yfinance,股票型,全球市場
B40016,2016-12-19,1.8880000114440918,英鎊,GAM Star環球股票基金累積單位-英鎊,yfinance,股票型,全球市場
B40016,2016-12-20,1.8885999917984009,英鎊,GAM Star環球股票基金累積單位-英鎊,yfinance,股票型,全球市場
B40016,2016-12-21,1.8901000022888184,英鎊,GAM Star環球股票基金累積單位-英鎊,yfinance,股票型,全球市場
B40016,2016-12-22,1.8992999792099,英鎊,GAM Star環球股票基金累積單位-英鎊,yfinance,股票型,全球市場
B40016,2016-12-28,1.8980000019073486,英鎊,GAM Star環球股票基金累積單位-英鎊,yfinance,股票型,全球市場
B40016,2016-12-29,1.905500054359436,英鎊,GAM Star環球股票基金累積單位-英鎊,yfinance,股票型,全球市場
B40016,2016-12-30,1.8920999765396118,英鎊,GAM Star環球股票基金累積單位-英鎊,yfinance,股票型,全球市場
