代碼,日期,淨值,幣別,名稱,來源,資產類型,投資區域
B24085,2017-01-03,70.9161605834961,英鎊,霸菱澳洲基金-A類英鎊配息型,yfinance,股票型,澳洲/大洋洲
B24085,2017-01-04,71.5245132446289,英鎊,霸菱澳洲基金-A類英鎊配息型,yfinance,股票型,澳洲/大洋洲
B24085,2017-01-05,71.85404968261719,英鎊,霸菱澳洲基金-A類英鎊配息型,yfinance,股票型,澳洲/大洋洲
B24085,2017-01-06,71.86248779296875,英鎊,霸菱澳洲基金-A類英鎊配息型,yfinance,股票型,澳洲/大洋洲
B24085,2017-01-09,73.49324035644531,英鎊,霸菱澳洲基金-A類英鎊配息型,yfinance,股票型,澳洲/大洋洲
B24085,2017-01-10,73.37493896484375,英鎊,霸菱澳洲基金-A類英鎊配息型,yfinance,股票型,澳洲/大洋洲
B24085,2017-01-11,74.19453430175781,英鎊,霸菱澳洲基金-A類英鎊配息型,yfinance,股票型,澳洲/大洋洲
B24085,2017-01-12,74.22833251953125,英鎊,霸菱澳洲基金-A類英鎊配息型,yfinance,股票型,澳洲/大洋洲
B24085,2017-01-13,74.33818817138672,英鎊,霸菱澳洲基金-A類英鎊配息型,yfinance,股票型,澳洲/大洋洲
B24085,2017-01-16,75.2507095336914,英鎊,霸菱澳洲基金-A類英鎊配息型,yfinance,股票型,澳洲/大洋洲
B24085,2017-01-17,74.34663391113281,英鎊,霸菱澳洲基金-A類英鎊配息型,yfinance,股票型,澳洲/大洋洲
B24085,2017-01-18,73.52703094482422,英鎊,霸菱澳洲基金-A類英鎊配息型,yfinance,股票型,澳洲/大洋洲
B24085,2017-01-19,73.83966827392578,英鎊,霸菱澳洲基金-A類英鎊配息型,yfinance,股票型,澳洲/大洋洲
B24085,2017-01-20,73.10456085205078,英鎊,霸菱澳洲基金-A類英鎊配息型,yfinance,股票型,澳洲/大洋洲
B24085,2017-01-23,71.63435363769531,英鎊,霸菱澳洲基金-A類英鎊配息型,yfinance,股票型,澳洲/大洋洲
B24085,2017-01-24,72.41170501708984,英鎊,霸菱澳洲基金-A類英鎊配息型,yfinance,股票型,澳洲/大洋洲
B24085,2017-01-25,72.13288116455078,英鎊,霸菱澳洲基金-A類英鎊配息型,yfinance,股票型,澳洲/大洋洲
B24085,2017-01-26,72.0061264038086,英鎊,霸菱澳洲基金-A類英鎊配息型,yfinance,股票型,澳洲/大洋洲
B24085,2017-01-27,72.60604095458984,英鎊,霸菱澳洲基金-A類英鎊配息型,yfinance,股票型,澳洲/大洋洲
B24085,2017-01-30,72.03993225097656,英鎊,霸菱澳洲基金-A類英鎊配息型,yfinance,股票型,澳洲/大洋洲
B24085,2017-01-31,72.16666412353516,英鎊,霸菱澳洲基金-A類英鎊配息型,yfinance,股票型,澳洲/大洋洲
B24085,2017-02-01,71.72728729248047,英鎊,霸菱澳洲基金-A類英鎊配息型,yfinance,股票型,澳洲/大洋洲
B24085,2017-02-02,72.25962829589844,英鎊,霸菱澳洲基金-A類英鎊配息型,yfinance,股票型,澳洲/大洋洲
B24085,2017-02-03,72.26805877685547,英鎊,霸菱澳洲基金-A類英鎊配息型,yfinance,股票型,澳洲/大洋洲
B24085,2017-02-06,72.28497314453125,英鎊,霸菱澳洲基金-A類英鎊配息型,yfinance,股票型,澳洲/大洋洲
B24085,2017-02-07,72.39481353759766,英鎊,霸菱澳洲基金-A類英鎊配息型,yfinance,股票型,澳洲/大洋洲
B24085,2017-02-08,72.310302734375,英鎊,霸菱澳洲基金-A類英鎊配息型,yfinance,股票型,澳洲/大洋洲
B24085,2017-02-09,71.90473937988281,英鎊,霸菱澳洲基金-A類英鎊配息型,yfinance,股票型,澳洲/大洋洲
B24085,2017-02-10,73.25664520263672,英鎊,霸菱澳洲基金-A類英鎊配息型,yfinance,股票型,澳洲/大洋洲
B24085,2017-02-13,73.56082916259766,英鎊,霸菱澳洲基金-A類英鎊配息型,yfinance,股票型,澳洲/大洋洲
B24085,2017-02-14,74.26213073730469,英鎊,霸菱澳洲基金-A類英鎊配息型,yfinance,股票型,澳洲/大洋洲
B24085,2017-02-15,74.92964172363281,英鎊,霸菱澳洲基金-A類英鎊配息型,yfinance,股票型,澳洲/大洋洲
B24085,2017-02-16,75.53799438476562,英鎊,霸菱澳洲基金-A類英鎊配息型,yfinance,股票型,澳洲/大洋洲
B24085,2017-02-17,75.41972351074219,英鎊,霸菱澳洲基金-A類英鎊配息型,yfinance,股票型,澳洲/大洋洲
B24085,2017-02-20,75.09861755371094,英鎊,霸菱澳洲基金-A類英鎊配息型,yfinance,股票型,澳洲/大洋洲
B24085,2017-02-21,75.52111053466797,英鎊,霸菱澳洲基金-A類英鎊配息型,yfinance,股票型,澳洲/大洋洲
B24085,2017-02-22,75.96891021728516,英鎊,霸菱澳洲基金-A類英鎊配息型,yfinance,股票型,澳洲/大洋洲
B24085,2017-02-23,75.53799438476562,英鎊,霸菱澳洲基金-A類英鎊配息型,yfinance,股票型,澳洲/大洋洲
B24085,2017-02-24,74.00020599365234,英鎊,霸菱澳洲基金-A類英鎊配息型,yfinance,股票型,澳洲/大洋洲
B24085,2017-02-27,74.68460845947266,英鎊,霸菱澳洲基金-A類英鎊配息型,yfinance,股票型,澳洲/大洋洲
B24085,2017-02-28,74.40576934814453,英鎊,霸菱澳洲基金-A類英鎊配息型,yfinance,股票型,澳洲/大洋洲
B24085,2017-03-01,75.09861755371094,英鎊,霸菱澳洲基金-A類英鎊配息型,yfinance,股票型,澳洲/大洋洲
B24085,2017-03-02,76.14636993408203,英鎊,霸菱澳洲基金-A類英鎊配息型,yfinance,股票型,澳洲/大洋洲
B24085,2017-03-03,75.23381805419922,英鎊,霸菱澳洲基金-A類英鎊配息型,yfinance,股票型,澳洲/大洋洲
B24085,2017-03-06,75.70697784423828,英鎊,霸菱澳洲基金-A類英鎊配息型,yfinance,股票型,澳洲/大洋洲
B24085,2017-03-07,76.43363952636719,英鎊,霸菱澳洲基金-A類英鎊配息型,yfinance,股票型,澳洲/大洋洲
B24085,2017-03-08,76.33223724365234,英鎊,霸菱澳洲基金-A類英鎊配息型,yfinance,股票型,澳洲/大洋洲
B24085,2017-03-09,75.6140365600586,英鎊,霸菱澳洲基金-A類英鎊配息型,yfinance,股票型,澳洲/大洋洲
B24085,2017-03-10,76.23930358886719,英鎊,霸菱澳洲基金-A類英鎊配息型,yfinance,股票型,澳洲/大洋洲
B24085,2017-03-13,76.03650665283203,英鎊,霸菱澳洲基金-A類英鎊配息型,yfinance,股票型,澳洲/大洋洲
B24085,2017-03-14,76.55193328857422,英鎊,霸菱澳洲基金-A類英鎊配息型,yfinance,股票型,澳洲/大洋洲
B24085,2017-03-15,76.68712615966797,英鎊,霸菱澳洲基金-A類英鎊配息型,yfinance,股票型,澳洲/大洋洲
B24085,2017-03-16,77.07579040527344,英鎊,霸菱澳洲基金-A類英鎊配息型,yfinance,股票型,澳洲/大洋洲
B24085,2017-03-20,76.84766387939453,英鎊,霸菱澳洲基金-A類英鎊配息型,yfinance,股票型,澳洲/大洋洲
B24085,2017-03-21,76.45054626464844,英鎊,霸菱澳洲基金-A類英鎊配息型,yfinance,股票型,澳洲/大洋洲
B24085,2017-03-22,74.31283569335938,英鎊,霸菱澳洲基金-A類英鎊配息型,yfinance,股票型,澳洲/大洋洲
B24085,2017-03-23,74.26213073730469,英鎊,霸菱澳洲基金-A類英鎊配息型,yfinance,股票型,澳洲/大洋洲
B24085,2017-03-24,74.60857391357422,英鎊,霸菱澳洲基金-A類英鎊配息型,yfinance,股票型,澳洲/大洋洲
B24085,2017-03-27,73.93260955810547,英鎊,霸菱澳洲基金-A類英鎊配息型,yfinance,股票型,澳洲/大洋洲
B24085,2017-03-28,74.81134796142578,英鎊,霸菱澳洲基金-A類英鎊配息型,yfinance,股票型,澳洲/大洋洲
B24085,2017-03-29,76.78851318359375,英鎊,霸菱澳洲基金-A類英鎊配息型,yfinance,股票型,澳洲/大洋洲
B24085,2017-03-30,77.25322723388672,英鎊,霸菱澳洲基金-A類英鎊配息型,yfinance,股票型,澳洲/大洋洲
B24085,2017-03-31,76.58573150634766,英鎊,霸菱澳洲基金-A類英鎊配息型,yfinance,股票型,澳洲/大洋洲
B24085,2017-04-03,76.08720397949219,英鎊,霸菱澳洲基金-A類英鎊配息型,yfinance,股票型,澳洲/大洋洲
B24085,2017-04-04,75.72389221191406,英鎊,霸菱澳洲基金-A類英鎊配息型,yfinance,股票型,澳洲/大洋洲
B24085,2017-04-05,76.07876586914062,英鎊,霸菱澳洲基金-A類英鎊配息型,yfinance,股票型,澳洲/大洋洲
B24085,2017-04-06,75.78305053710938,英鎊,霸菱澳洲基金-A類英鎊配息型,yfinance,股票型,澳洲/大洋洲
B24085,2017-04-07,75.6140365600586,英鎊,霸菱澳洲基金-A類英鎊配息型,yfinance,股票型,澳洲/大洋洲
B24085,2017-04-10,76.06185150146484,英鎊,霸菱澳洲基金-A類英鎊配息型,yfinance,股票型,澳洲/大洋洲
B24085,2017-04-11,76.37448120117188,英鎊,霸菱澳洲基金-A類英鎊配息型,yfinance,股票型,澳洲/大洋洲
B24085,2017-04-12,75.8675308227539,英鎊,霸菱澳洲基金-A類英鎊配息型,yfinance,股票型,澳洲/大洋洲
B24085,2017-04-13,75.69853210449219,英鎊,霸菱澳洲基金-A類英鎊配息型,yfinance,股票型,澳洲/大洋洲
B24085,2017-04-18,73.96640014648438,英鎊,霸菱澳洲基金-A類英鎊配息型,yfinance,股票型,澳洲/大洋洲
B24085,2017-04-19,72.3018569946289,英鎊,霸菱澳洲基金-A類英鎊配息型,yfinance,股票型,澳洲/大洋洲
B24085,2017-04-20,72.6651840209961,英鎊,霸菱澳洲基金-A類英鎊配息型,yfinance,股票型,澳洲/大洋洲
B24085,2017-04-21,73.49324035644531,英鎊,霸菱澳洲基金-A類英鎊配息型,yfinance,股票型,澳洲/大洋洲
B24085,2017-04-24,74.12693786621094,英鎊,霸菱澳洲基金-A類英鎊配息型,yfinance,股票型,澳洲/大洋洲
B24085,2017-04-25,73.62842559814453,英鎊,霸菱澳洲基金-A類英鎊配息型,yfinance,股票型,澳洲/大洋洲
B24085,2017-04-26,73.83120727539062,英鎊,霸菱澳洲基金-A類英鎊配息型,yfinance,股票型,澳洲/大洋洲
B24085,2017-04-27,73.53547668457031,英鎊,霸菱澳洲基金-A類英鎊配息型,yfinance,股票型,澳洲/大洋洲
B24085,2017-04-28,73.2481918334961,英鎊,霸菱澳洲基金-A類英鎊配息型,yfinance,股票型,澳洲/大洋洲
B24085,2017-05-02,73.83734893798828,英鎊,霸菱澳洲基金-A類英鎊配息型,yfinance,股票型,澳洲/大洋洲
B24085,2017-05-03,72.50501251220703,英鎊,霸菱澳洲基金-A類英鎊配息型,yfinance,股票型,澳洲/大洋洲
B24085,2017-05-04,71.91191101074219,英鎊,霸菱澳洲基金-A類英鎊配息型,yfinance,股票型,澳洲/大洋洲
B24085,2017-05-05,70.94059753417969,英鎊,霸菱澳洲基金-A類英鎊配息型,yfinance,股票型,澳洲/大洋洲
B24085,2017-05-08,71.49071502685547,英鎊,霸菱澳洲基金-A類英鎊配息型,yfinance,股票型,澳洲/大洋洲
B24085,2017-05-09,70.64833068847656,英鎊,霸菱澳洲基金-A類英鎊配息型,yfinance,股票型,澳洲/大洋洲
B24085,2017-05-10,70.96636199951172,英鎊,霸菱澳洲基金-A類英鎊配息型,yfinance,股票型,澳洲/大洋洲
B24085,2017-05-11,71.32740020751953,英鎊,霸菱澳洲基金-A類英鎊配息型,yfinance,股票型,澳洲/大洋洲
B24085,2017-05-12,71.13829040527344,英鎊,霸菱澳洲基金-A類英鎊配息型,yfinance,股票型,澳洲/大洋洲
B24085,2017-05-15,71.38756561279297,英鎊,霸菱澳洲基金-A類英鎊配息型,yfinance,股票型,澳洲/大洋洲
B24085,2017-05-16,71.53370666503906,英鎊,霸菱澳洲基金-A類英鎊配息型,yfinance,股票型,澳洲/大洋洲
B24085,2017-05-17,70.2959213256836,英鎊,霸菱澳洲基金-A類英鎊配息型,yfinance,股票型,澳洲/大洋洲
B24085,2017-05-18,69.53948974609375,英鎊,霸菱澳洲基金-A類英鎊配息型,yfinance,股票型,澳洲/大洋洲
B24085,2017-05-19,69.6942138671875,英鎊,霸菱澳洲基金-A類英鎊配息型,yfinance,股票型,澳洲/大洋洲
B24085,2017-05-22,70.3388900756836,英鎊,霸菱澳洲基金-A類英鎊配息型,yfinance,股票型,澳洲/大洋洲
B24085,2017-05-23,70.69991302490234,英鎊,霸菱澳洲基金-A類英鎊配息型,yfinance,股票型,澳洲/大洋洲
B24085,2017-05-24,70.53658294677734,英鎊,霸菱澳洲基金-A類英鎊配息型,yfinance,股票型,澳洲/大洋洲
B24085,2017-05-25,70.73429870605469,英鎊,霸菱澳洲基金-A類英鎊配息型,yfinance,股票型,澳洲/大洋洲
B24085,2017-05-26,70.82024383544922,英鎊,霸菱澳洲基金-A類英鎊配息型,yfinance,股票型,澳洲/大洋洲
B24085,2017-05-30,70.17556762695312,英鎊,霸菱澳洲基金-A類英鎊配息型,yfinance,股票型,澳洲/大洋洲
B24085,2017-05-31,70.59675598144531,英鎊,霸菱澳洲基金-A類英鎊配息型,yfinance,股票型,澳洲/大洋洲
B24085,2017-06-01,70.08101654052734,英鎊,霸菱澳洲基金-A類英鎊配息型,yfinance,股票型,澳洲/大洋洲
B24085,2017-06-02,70.61396026611328,英鎊,霸菱澳洲基金-A類英鎊配息型,yfinance,股票型,澳洲/大洋洲
B24085,2017-06-06,69.7801742553711,英鎊,霸菱澳洲基金-A類英鎊配息型,yfinance,股票型,澳洲/大洋洲
B24085,2017-06-07,70.6053466796875,英鎊,霸菱澳洲基金-A類英鎊配息型,yfinance,股票型,澳洲/大洋洲
B24085,2017-06-08,70.67412567138672,英鎊,霸菱澳洲基金-A類英鎊配息型,yfinance,股票型,澳洲/大洋洲
B24085,2017-06-09,71.58527374267578,英鎊,霸菱澳洲基金-A類英鎊配息型,yfinance,股票型,澳洲/大洋洲
B24085,2017-06-12,72.0064697265625,英鎊,霸菱澳洲基金-A類英鎊配息型,yfinance,股票型,澳洲/大洋洲
B24085,2017-06-13,72.96916961669922,英鎊,霸菱澳洲基金-A類英鎊配息型,yfinance,股票型,澳洲/大洋洲
B24085,2017-06-14,74.24994659423828,英鎊,霸菱澳洲基金-A類英鎊配息型,yfinance,股票型,澳洲/大洋洲
B24085,2017-06-15,73.0981216430664,英鎊,霸菱澳洲基金-A類英鎊配息型,yfinance,股票型,澳洲/大洋洲
B24085,2017-06-16,73.41616821289062,英鎊,霸菱澳洲基金-A類英鎊配息型,yfinance,股票型,澳洲/大洋洲
B24085,2017-06-19,73.60525512695312,英鎊,霸菱澳洲基金-A類英鎊配息型,yfinance,股票型,澳洲/大洋洲
B24085,2017-06-20,73.76858520507812,英鎊,霸菱澳洲基金-A類英鎊配息型,yfinance,股票型,澳洲/大洋洲
B24085,2017-06-21,72.39327239990234,英鎊,霸菱澳洲基金-A類英鎊配息型,yfinance,股票型,澳洲/大洋洲
B24085,2017-06-22,72.65113067626953,英鎊,霸菱澳洲基金-A類英鎊配息型,yfinance,股票型,澳洲/大洋洲
B24085,2017-06-23,72.6855239868164,英鎊,霸菱澳洲基金-A類英鎊配息型,yfinance,股票型,澳洲/大洋洲
B24085,2017-06-26,72.71990966796875,英鎊,霸菱澳洲基金-A類英鎊配息型,yfinance,股票型,澳洲/大洋洲
B24085,2017-06-27,72.86602020263672,英鎊,霸菱澳洲基金-A類英鎊配息型,yfinance,股票型,澳洲/大洋洲
B24085,2017-06-28,72.65972900390625,英鎊,霸菱澳洲基金-A類英鎊配息型,yfinance,股票型,澳洲/大洋洲
B24085,2017-06-29,73.70841217041016,英鎊,霸菱澳洲基金-A類英鎊配息型,yfinance,股票型,澳洲/大洋洲
B24085,2017-06-30,72.4620361328125,英鎊,霸菱澳洲基金-A類英鎊配息型,yfinance,股票型,澳洲/大洋洲
B24085,2017-07-03,71.59385681152344,英鎊,霸菱澳洲基金-A類英鎊配息型,yfinance,股票型,澳洲/大洋洲
B24085,2017-07-04,72.41046905517578,英鎊,霸菱澳洲基金-A類英鎊配息型,yfinance,股票型,澳洲/大洋洲
B24085,2017-07-05,72.08382415771484,英鎊,霸菱澳洲基金-A類英鎊配息型,yfinance,股票型,澳洲/大洋洲
B24085,2017-07-06,71.86033630371094,英鎊,霸菱澳洲基金-A類英鎊配息型,yfinance,股票型,澳洲/大洋洲
B24085,2017-07-07,71.61105346679688,英鎊,霸菱澳洲基金-A類英鎊配息型,yfinance,股票型,澳洲/大洋洲
B24085,2017-07-10,71.87751770019531,英鎊,霸菱澳洲基金-A類英鎊配息型,yfinance,股票型,澳洲/大洋洲
B24085,2017-07-11,71.99787139892578,英鎊,霸菱澳洲基金-A類英鎊配息型,yfinance,股票型,澳洲/大洋洲
B24085,2017-07-12,71.97207641601562,英鎊,霸菱澳洲基金-A類英鎊配息型,yfinance,股票型,澳洲/大洋洲
B24085,2017-07-13,73.25284576416016,英鎊,霸菱澳洲基金-A類英鎊配息型,yfinance,股票型,澳洲/大洋洲
B24085,2017-07-14,73.45913696289062,英鎊,霸菱澳洲基金-A類英鎊配息型,yfinance,股票型,澳洲/大洋洲
B24085,2017-07-17,73.5193099975586,英鎊,霸菱澳洲基金-A類英鎊配息型,yfinance,股票型,澳洲/大洋洲
B24085,2017-07-18,73.78577423095703,英鎊,霸菱澳洲基金-A類英鎊配息型,yfinance,股票型,澳洲/大洋洲
B24085,2017-07-19,74.2843246459961,英鎊,霸菱澳洲基金-A類英鎊配息型,yfinance,股票型,澳洲/大洋洲
B24085,2017-07-20,75.09233856201172,英鎊,霸菱澳洲基金-A類英鎊配息型,yfinance,股票型,澳洲/大洋洲
B24085,2017-07-21,74.18119049072266,英鎊,霸菱澳洲基金-A類英鎊配息型,yfinance,股票型,澳洲/大洋洲
B24085,2017-07-24,73.94049835205078,英鎊,霸菱澳洲基金-A類英鎊配息型,yfinance,股票型,澳洲/大洋洲
B24085,2017-07-25,74.42186737060547,英鎊,霸菱澳洲基金-A類英鎊配息型,yfinance,股票型,澳洲/大洋洲
B24085,2017-07-26,74.69691467285156,英鎊,霸菱澳洲基金-A類英鎊配息型,yfinance,股票型,澳洲/大洋洲
B24085,2017-07-27,74.9977798461914,英鎊,霸菱澳洲基金-A類英鎊配息型,yfinance,股票型,澳洲/大洋洲
B24085,2017-07-28,73.5536880493164,英鎊,霸菱澳洲基金-A類英鎊配息型,yfinance,股票型,澳洲/大洋洲
B24085,2017-07-31,73.75999450683594,英鎊,霸菱澳洲基金-A類英鎊配息型,yfinance,股票型,澳洲/大洋洲
B24085,2017-08-01,74.10382080078125,英鎊,霸菱澳洲基金-A類英鎊配息型,yfinance,股票型,澳洲/大洋洲
B24085,2017-08-02,73.57088470458984,英鎊,霸菱澳洲基金-A類英鎊配息型,yfinance,股票型,澳洲/大洋洲
B24085,2017-08-03,73.43335723876953,英鎊,霸菱澳洲基金-A類英鎊配息型,yfinance,股票型,澳洲/大洋洲
B24085,2017-08-04,74.02645874023438,英鎊,霸菱澳洲基金-A類英鎊配息型,yfinance,股票型,澳洲/大洋洲
B24085,2017-08-08,74.56798553466797,英鎊,霸菱澳洲基金-A類英鎊配息型,yfinance,股票型,澳洲/大洋洲
B24085,2017-08-09,74.55938720703125,英鎊,霸菱澳洲基金-A類英鎊配息型,yfinance,股票型,澳洲/大洋洲
B24085,2017-08-10,74.46484375,英鎊,霸菱澳洲基金-A類英鎊配息型,yfinance,股票型,澳洲/大洋洲
B24085,2017-08-11,73.48493194580078,英鎊,霸菱澳洲基金-A類英鎊配息型,yfinance,股票型,澳洲/大洋洲
B24085,2017-08-14,74.1983642578125,英鎊,霸菱澳洲基金-A類英鎊配息型,yfinance,股票型,澳洲/大洋洲
B24085,2017-08-15,74.5851821899414,英鎊,霸菱澳洲基金-A類英鎊配息型,yfinance,股票型,澳洲/大洋洲
B24085,2017-08-16,75.19548034667969,英鎊,霸菱澳洲基金-A類英鎊配息型,yfinance,股票型,澳洲/大洋洲
B24085,2017-08-17,76.115234375,英鎊,霸菱澳洲基金-A類英鎊配息型,yfinance,股票型,澳洲/大洋洲
B24085,2017-08-18,75.47055053710938,英鎊,霸菱澳洲基金-A類英鎊配息型,yfinance,股票型,澳洲/大洋洲
B24085,2017-08-21,74.91180419921875,英鎊,霸菱澳洲基金-A類英鎊配息型,yfinance,股票型,澳洲/大洋洲
B24085,2017-08-22,75.56510162353516,英鎊,霸菱澳洲基金-A類英鎊配息型,yfinance,股票型,澳洲/大洋洲
B24085,2017-08-23,75.45335388183594,英鎊,霸菱澳洲基金-A類英鎊配息型,yfinance,股票型,澳洲/大洋洲
B24085,2017-08-24,75.29002380371094,英鎊,霸菱澳洲基金-A類英鎊配息型,yfinance,股票型,澳洲/大洋洲
B24085,2017-08-25,75.12671661376953,英鎊,霸菱澳洲基金-A類英鎊配息型,yfinance,股票型,澳洲/大洋洲
B24085,2017-08-29,74.00066375732422,英鎊,霸菱澳洲基金-A類英鎊配息型,yfinance,股票型,澳洲/大洋洲
B24085,2017-08-30,73.9490966796875,英鎊,霸菱澳洲基金-A類英鎊配息型,yfinance,股票型,澳洲/大洋洲
B24085,2017-08-31,74.2843246459961,英鎊,霸菱澳洲基金-A類英鎊配息型,yfinance,股票型,澳洲/大洋洲
B24085,2017-09-01,74.53361511230469,英鎊,霸菱澳洲基金-A類英鎊配息型,yfinance,股票型,澳洲/大洋洲
B24085,2017-09-04,74.41327667236328,英鎊,霸菱澳洲基金-A類英鎊配息型,yfinance,股票型,澳洲/大洋洲
B24085,2017-09-05,74.6883316040039,英鎊,霸菱澳洲基金-A類英鎊配息型,yfinance,股票型,澳洲/大洋洲
B24085,2017-09-06,73.94049835205078,英鎊,霸菱澳洲基金-A類英鎊配息型,yfinance,股票型,澳洲/大洋洲
B24085,2017-09-07,74.2413558959961,英鎊,霸菱澳洲基金-A類英鎊配息型,yfinance,股票型,澳洲/大洋洲
B24085,2017-09-08,74.31011199951172,英鎊,霸菱澳洲基金-A類英鎊配息型,yfinance,股票型,澳洲/大洋洲
B24085,2017-09-11,74.26714324951172,英鎊,霸菱澳洲基金-A類英鎊配息型,yfinance,股票型,澳洲/大洋洲
B24085,2017-09-12,74.22415924072266,英鎊,霸菱澳洲基金-A類英鎊配息型,yfinance,股票型,澳洲/大洋洲
B24085,2017-09-13,74.53361511230469,英鎊,霸菱澳洲基金-A類英鎊配息型,yfinance,股票型,澳洲/大洋洲
B24085,2017-09-14,74.31011199951172,英鎊,霸菱澳洲基金-A類英鎊配息型,yfinance,股票型,澳洲/大洋洲
B24085,2017-09-15,71.95487976074219,英鎊,霸菱澳洲基金-A類英鎊配息型,yfinance,股票型,澳洲/大洋洲
B24085,2017-09-18,72.41905212402344,英鎊,霸菱澳洲基金-A類英鎊配息型,yfinance,股票型,澳洲/大洋洲
B24085,2017-09-19,72.4878158569336,英鎊,霸菱澳洲基金-A類英鎊配息型,yfinance,股票型,澳洲/大洋洲
B24085,2017-09-20,72.70272064208984,英鎊,霸菱澳洲基金-A類英鎊配息型,yfinance,股票型,澳洲/大洋洲
B24085,2017-09-21,71.36177825927734,英鎊,霸菱澳洲基金-A類英鎊配息型,yfinance,股票型,澳洲/大洋洲
B24085,2017-09-22,71.59385681152344,英鎊,霸菱澳洲基金-A類英鎊配息型,yfinance,股票型,澳洲/大洋洲
B24085,2017-09-25,71.95487976074219,英鎊,霸菱澳洲基金-A類英鎊配息型,yfinance,股票型,澳洲/大洋洲
B24085,2017-09-26,71.43054962158203,英鎊,霸菱澳洲基金-A類英鎊配息型,yfinance,股票型,澳洲/大洋洲
B24085,2017-09-27,71.078125,英鎊,霸菱澳洲基金-A類英鎊配息型,yfinance,股票型,澳洲/大洋洲
B24085,2017-09-28,71.00935363769531,英鎊,霸菱澳洲基金-A類英鎊配息型,yfinance,股票型,澳洲/大洋洲
B24085,2017-09-29,71.49932098388672,英鎊,霸菱澳洲基金-A類英鎊配息型,yfinance,股票型,澳洲/大洋洲
B24085,2017-10-02,72.33309173583984,英鎊,霸菱澳洲基金-A類英鎊配息型,yfinance,股票型,澳洲/大洋洲
B24085,2017-10-03,72.30731964111328,英鎊,霸菱澳洲基金-A類英鎊配息型,yfinance,股票型,澳洲/大洋洲
B24085,2017-10-04,71.92910766601562,英鎊,霸菱澳洲基金-A類英鎊配息型,yfinance,股票型,澳洲/大洋洲
B24085,2017-10-05,71.98066711425781,英鎊,霸菱澳洲基金-A類英鎊配息型,yfinance,股票型,澳洲/大洋洲
B24085,2017-10-06,73.00357055664062,英鎊,霸菱澳洲基金-A類英鎊配息型,yfinance,股票型,澳洲/大洋洲
B24085,2017-10-09,72.728515625,英鎊,霸菱澳洲基金-A類英鎊配息型,yfinance,股票型,澳洲/大洋洲
B24085,2017-10-10,72.78007507324219,英鎊,霸菱澳洲基金-A類英鎊配息型,yfinance,股票型,澳洲/大洋洲
B24085,2017-10-11,73.26143646240234,英鎊,霸菱澳洲基金-A類英鎊配息型,yfinance,股票型,澳洲/大洋洲
B24085,2017-10-12,73.89752960205078,英鎊,霸菱澳洲基金-A類英鎊配息型,yfinance,股票型,澳洲/大洋洲
B24085,2017-10-13,73.70841217041016,英鎊,霸菱澳洲基金-A類英鎊配息型,yfinance,股票型,澳洲/大洋洲
B24085,2017-10-16,74.30152130126953,英鎊,霸菱澳洲基金-A類英鎊配息型,yfinance,股票型,澳洲/大洋洲
B24085,2017-10-17,75.21267700195312,英鎊,霸菱澳洲基金-A類英鎊配息型,yfinance,股票型,澳洲/大洋洲
B24085,2017-10-18,75.30722045898438,英鎊,霸菱澳洲基金-A類英鎊配息型,yfinance,股票型,澳洲/大洋洲
B24085,2017-10-19,75.79718017578125,英鎊,霸菱澳洲基金-A類英鎊配息型,yfinance,股票型,澳洲/大洋洲
B24085,2017-10-20,75.68545532226562,英鎊,霸菱澳洲基金-A類英鎊配息型,yfinance,股票型,澳洲/大洋洲
B24085,2017-10-23,75.30722045898438,英鎊,霸菱澳洲基金-A類英鎊配息型,yfinance,股票型,澳洲/大洋洲
B24085,2017-10-24,75.14390563964844,英鎊,霸菱澳洲基金-A類英鎊配息型,yfinance,股票型,澳洲/大洋洲
B24085,2017-10-25,74.22415924072266,英鎊,霸菱澳洲基金-A類英鎊配息型,yfinance,股票型,澳洲/大洋洲
B24085,2017-10-26,74.56798553466797,英鎊,霸菱澳洲基金-A類英鎊配息型,yfinance,股票型,澳洲/大洋洲
B24085,2017-10-27,74.5851821899414,英鎊,霸菱澳洲基金-A類英鎊配息型,yfinance,股票型,澳洲/大洋洲
B24085,2017-10-31,74.20697021484375,英鎊,霸菱澳洲基金-A類英鎊配息型,yfinance,股票型,澳洲/大洋洲
B24085,2017-11-01,74.41327667236328,英鎊,霸菱澳洲基金-A類英鎊配息型,yfinance,股票型,澳洲/大洋洲
B24085,2017-11-02,75.57369995117188,英鎊,霸菱澳洲基金-A類英鎊配息型,yfinance,股票型,澳洲/大洋洲
B24085,2017-11-03,75.89173889160156,英鎊,霸菱澳洲基金-A類英鎊配息型,yfinance,股票型,澳洲/大洋洲
B24085,2017-11-06,75.71122741699219,英鎊,霸菱澳洲基金-A類英鎊配息型,yfinance,股票型,澳洲/大洋洲
B24085,2017-11-07,76.16680145263672,英鎊,霸菱澳洲基金-A類英鎊配息型,yfinance,股票型,澳洲/大洋洲
B24085,2017-11-08,76.34730529785156,英鎊,霸菱澳洲基金-A類英鎊配息型,yfinance,股票型,澳洲/大洋洲
B24085,2017-11-09,77.11231994628906,英鎊,霸菱澳洲基金-A類英鎊配息型,yfinance,股票型,澳洲/大洋洲
B24085,2017-11-10,76.3816909790039,英鎊,霸菱澳洲基金-A類英鎊配息型,yfinance,股票型,澳洲/大洋洲
B24085,2017-11-13,76.78569030761719,英鎊,霸菱澳洲基金-A類英鎊配息型,yfinance,股票型,澳洲/大洋洲
B24085,2017-11-14,75.98628234863281,英鎊,霸菱澳洲基金-A類英鎊配息型,yfinance,股票型,澳洲/大洋洲
B24085,2017-11-15,74.88603210449219,英鎊,霸菱澳洲基金-A類英鎊配息型,yfinance,股票型,澳洲/大洋洲
B24085,2017-11-16,74.75709533691406,英鎊,霸菱澳洲基金-A類英鎊配息型,yfinance,股票型,澳洲/大洋洲
B24085,2017-11-17,74.47343444824219,英鎊,霸菱澳洲基金-A類英鎊配息型,yfinance,股票型,澳洲/大洋洲
B24085,2017-11-20,74.22415924072266,英鎊,霸菱澳洲基金-A類英鎊配息型,yfinance,股票型,澳洲/大洋洲
B24085,2017-11-21,74.69691467285156,英鎊,霸菱澳洲基金-A類英鎊配息型,yfinance,股票型,澳洲/大洋洲
B24085,2017-11-22,74.76569366455078,英鎊,霸菱澳洲基金-A類英鎊配息型,yfinance,股票型,澳洲/大洋洲
B24085,2017-11-23,75.10093688964844,英鎊,霸菱澳洲基金-A類英鎊配息型,yfinance,股票型,澳洲/大洋洲
B24085,2017-11-24,74.7914810180664,英鎊,霸菱澳洲基金-A類英鎊配息型,yfinance,股票型,澳洲/大洋洲
B24085,2017-11-27,74.76569366455078,英鎊,霸菱澳洲基金-A類英鎊配息型,yfinance,股票型,澳洲/大洋洲
B24085,2017-11-28,74.5851821899414,英鎊,霸菱澳洲基金-A類英鎊配息型,yfinance,股票型,澳洲/大洋洲
B24085,2017-11-29,74.00066375732422,英鎊,霸菱澳洲基金-A類英鎊配息型,yfinance,股票型,澳洲/大洋洲
B24085,2017-11-30,72.88323974609375,英鎊,霸菱澳洲基金-A類英鎊配息型,yfinance,股票型,澳洲/大洋洲
B24085,2017-12-01,72.80585479736328,英鎊,霸菱澳洲基金-A類英鎊配息型,yfinance,股票型,澳洲/大洋洲
B24085,2017-12-04,73.07233428955078,英鎊,霸菱澳洲基金-A類英鎊配息型,yfinance,股票型,澳洲/大洋洲
B24085,2017-12-05,73.63965606689453,英鎊,霸菱澳洲基金-A類英鎊配息型,yfinance,股票型,澳洲/大洋洲
B24085,2017-12-06,72.96058654785156,英鎊,霸菱澳洲基金-A類英鎊配息型,yfinance,股票型,澳洲/大洋洲
B24085,2017-12-07,72.84883880615234,英鎊,霸菱澳洲基金-A類英鎊配息型,yfinance,股票型,澳洲/大洋洲
B24085,2017-12-08,72.37606811523438,英鎊,霸菱澳洲基金-A類英鎊配息型,yfinance,股票型,澳洲/大洋洲
B24085,2017-12-11,72.90042114257812,英鎊,霸菱澳洲基金-A類英鎊配息型,yfinance,股票型,澳洲/大洋洲
B24085,2017-12-12,73.66543579101562,英鎊,霸菱澳洲基金-A類英鎊配息型,yfinance,股票型,澳洲/大洋洲
B24085,2017-12-13,73.52790832519531,英鎊,霸菱澳洲基金-A類英鎊配息型,yfinance,股票型,澳洲/大洋洲
B24085,2017-12-14,73.95769500732422,英鎊,霸菱澳洲基金-A類英鎊配息型,yfinance,股票型,澳洲/大洋洲
B24085,2017-12-15,74.14681243896484,英鎊,霸菱澳洲基金-A類英鎊配息型,yfinance,股票型,澳洲/大洋洲
B24085,2017-12-18,74.92902374267578,英鎊,霸菱澳洲基金-A類英鎊配息型,yfinance,股票型,澳洲/大洋洲
B24085,2017-12-19,75.52213287353516,英鎊,霸菱澳洲基金-A類英鎊配息型,yfinance,股票型,澳洲/大洋洲
B24085,2017-12-20,75.41038513183594,英鎊,霸菱澳洲基金-A類英鎊配息型,yfinance,股票型,澳洲/大洋洲
B24085,2017-12-21,75.47055053710938,英鎊,霸菱澳洲基金-A類英鎊配息型,yfinance,股票型,澳洲/大洋洲
B24085,2017-12-22,75.90034484863281,英鎊,霸菱澳洲基金-A類英鎊配息型,yfinance,股票型,澳洲/大洋洲
B24085,2017-12-28,76.59659576416016,英鎊,霸菱澳洲基金-A類英鎊配息型,yfinance,股票型,澳洲/大洋洲
B24085,2017-12-29,76.3816909790039,英鎊,霸菱澳洲基金-A類英鎊配息型,yfinance,股票型,澳洲/大洋洲
B27029,2017-01-03,78.30934143066406,英鎊,晉達環球策略基金 - 英國ALPHA基金 C 收益股份,yfinance,未分類,英國
B27029,2017-01-04,78.33820343017578,英鎊,晉達環球策略基金 - 英國ALPHA基金 C 收益股份,yfinance,未分類,英國
B27029,2017-01-05,78.41519927978516,英鎊,晉達環球策略基金 - 英國ALPHA基金 C 收益股份,yfinance,未分類,英國
B27029,2017-01-06,78.64617156982422,英鎊,晉達環球策略基金 - 英國ALPHA基金 C 收益股份,yfinance,未分類,英國
B27029,2017-01-09,79.00225067138672,英鎊,晉達環球策略基金 - 英國ALPHA基金 C 收益股份,yfinance,未分類,英國
B27029,2017-01-10,79.42569732666016,英鎊,晉達環球策略基金 - 英國ALPHA基金 C 收益股份,yfinance,未分類,英國
B27029,2017-01-11,79.73367309570312,英鎊,晉達環球策略基金 - 英國ALPHA基金 C 收益股份,yfinance,未分類,英國
B27029,2017-01-12,79.71441650390625,英鎊,晉達環球策略基金 - 英國ALPHA基金 C 收益股份,yfinance,未分類,英國
B27029,2017-01-13,80.13785552978516,英鎊,晉達環球策略基金 - 英國ALPHA基金 C 收益股份,yfinance,未分類,英國
B27029,2017-01-16,79.83953857421875,英鎊,晉達環球策略基金 - 英國ALPHA基金 C 收益股份,yfinance,未分類,英國
B27029,2017-01-17,78.75203704833984,英鎊,晉達環球策略基金 - 英國ALPHA基金 C 收益股份,yfinance,未分類,英國
B27029,2017-01-18,79.10811614990234,英鎊,晉達環球策略基金 - 英國ALPHA基金 C 收益股份,yfinance,未分類,英國
B27029,2017-01-19,79.01187133789062,英鎊,晉達環球策略基金 - 英國ALPHA基金 C 收益股份,yfinance,未分類,英國
B27029,2017-01-20,79.08885955810547,英鎊,晉達環球策略基金 - 英國ALPHA基金 C 收益股份,yfinance,未分類,英國
B27029,2017-01-23,78.62691497802734,英鎊,晉達環球策略基金 - 英國ALPHA基金 C 收益股份,yfinance,未分類,英國
B27029,2017-01-24,78.49217987060547,英鎊,晉達環球策略基金 - 英國ALPHA基金 C 收益股份,yfinance,未分類,英國
B27029,2017-01-25,78.45369720458984,英鎊,晉達環球策略基金 - 英國ALPHA基金 C 收益股份,yfinance,未分類,英國
B27029,2017-01-26,78.27083587646484,英鎊,晉達環球策略基金 - 英國ALPHA基金 C 收益股份,yfinance,未分類,英國
B27029,2017-01-27,78.80977630615234,英鎊,晉達環球策略基金 - 英國ALPHA基金 C 收益股份,yfinance,未分類,英國
B27029,2017-01-30,78.40557098388672,英鎊,晉達環球策略基金 - 英國ALPHA基金 C 收益股份,yfinance,未分類,英國
B27029,2017-01-31,78.10723114013672,英鎊,晉達環球策略基金 - 英國ALPHA基金 C 收益股份,yfinance,未分類,英國
B27029,2017-02-01,78.20348358154297,英鎊,晉達環球策略基金 - 英國ALPHA基金 C 收益股份,yfinance,未分類,英國
B27029,2017-02-02,78.58843231201172,英鎊,晉達環球策略基金 - 英國ALPHA基金 C 收益股份,yfinance,未分類,英國
B27029,2017-02-03,79.2621078491211,英鎊,晉達環球策略基金 - 英國ALPHA基金 C 收益股份,yfinance,未分類,英國
B27029,2017-02-06,78.94451904296875,英鎊,晉達環球策略基金 - 英國ALPHA基金 C 收益股份,yfinance,未分類,英國
B27029,2017-02-07,79.21397399902344,英鎊,晉達環球策略基金 - 英國ALPHA基金 C 收益股份,yfinance,未分類,英國
B27029,2017-02-08,79.3968276977539,英鎊,晉達環球策略基金 - 英國ALPHA基金 C 收益股份,yfinance,未分類,英國
B27029,2017-02-09,79.73367309570312,英鎊,晉達環球策略基金 - 英國ALPHA基金 C 收益股份,yfinance,未分類,英國
B27029,2017-02-10,79.88765716552734,英鎊,晉達環球策略基金 - 英國ALPHA基金 C 收益股份,yfinance,未分類,英國
B27029,2017-02-13,80.05125427246094,英鎊,晉達環球策略基金 - 英國ALPHA基金 C 收益股份,yfinance,未分類,英國
B27029,2017-02-14,80.00313568115234,英鎊,晉達環球策略基金 - 英國ALPHA基金 C 收益股份,yfinance,未分類,英國
B27029,2017-02-15,80.2244873046875,英鎊,晉達環球策略基金 - 英國ALPHA基金 C 收益股份,yfinance,未分類,英國
B27029,2017-02-16,80.10900115966797,英鎊,晉達環球策略基金 - 英國ALPHA基金 C 收益股份,yfinance,未分類,英國
B27029,2017-02-17,80.36884307861328,英鎊,晉達環球策略基金 - 英國ALPHA基金 C 收益股份,yfinance,未分類,英國
B27029,2017-02-20,80.36884307861328,英鎊,晉達環球策略基金 - 英國ALPHA基金 C 收益股份,yfinance,未分類,英國
B27029,2017-02-21,80.44583129882812,英鎊,晉達環球策略基金 - 英國ALPHA基金 C 收益股份,yfinance,未分類,英國
B27029,2017-02-22,80.54206848144531,英鎊,晉達環球策略基金 - 英國ALPHA基金 C 收益股份,yfinance,未分類,英國
B27029,2017-02-23,80.2918472290039,英鎊,晉達環球策略基金 - 英國ALPHA基金 C 收益股份,yfinance,未分類,英國
B27029,2017-02-24,80.14749145507812,英鎊,晉達環球策略基金 - 英國ALPHA基金 C 收益股份,yfinance,未分類,英國
B27029,2017-02-27,80.31110382080078,英鎊,晉達環球策略基金 - 英國ALPHA基金 C 收益股份,yfinance,未分類,英國
B27029,2017-02-28,80.42659759521484,英鎊,晉達環球策略基金 - 英國ALPHA基金 C 收益股份,yfinance,未分類,英國
B27029,2017-03-01,81.58145141601562,英鎊,晉達環球策略基金 - 英國ALPHA基金 C 收益股份,yfinance,未分類,英國
B27029,2017-03-02,81.7161865234375,英鎊,晉達環球策略基金 - 英國ALPHA基金 C 收益股份,yfinance,未分類,英國
B27029,2017-03-03,81.7161865234375,英鎊,晉達環球策略基金 - 英國ALPHA基金 C 收益股份,yfinance,未分類,英國
B27029,2017-03-06,81.63919830322266,英鎊,晉達環球策略基金 - 英國ALPHA基金 C 收益股份,yfinance,未分類,英國
B27029,2017-03-07,81.61032104492188,英鎊,晉達環球策略基金 - 英國ALPHA基金 C 收益股份,yfinance,未分類,英國
B27029,2017-03-08,81.7643051147461,英鎊,晉達環球策略基金 - 英國ALPHA基金 C 收益股份,yfinance,未分類,英國
B27029,2017-03-09,81.80279541015625,英鎊,晉達環球策略基金 - 英國ALPHA基金 C 收益股份,yfinance,未分類,英國
B27029,2017-03-10,82.15888214111328,英鎊,晉達環球策略基金 - 英國ALPHA基金 C 收益股份,yfinance,未分類,英國
B27029,2017-03-13,82.25511932373047,英鎊,晉達環球策略基金 - 英國ALPHA基金 C 收益股份,yfinance,未分類,英國
B27029,2017-03-14,82.28398132324219,英鎊,晉達環球策略基金 - 英國ALPHA基金 C 收益股份,yfinance,未分類,英國
B27029,2017-03-15,82.68818664550781,英鎊,晉達環球策略基金 - 英國ALPHA基金 C 收益股份,yfinance,未分類,英國
B27029,2017-03-16,82.6785659790039,英鎊,晉達環球策略基金 - 英國ALPHA基金 C 收益股份,yfinance,未分類,英國
B27029,2017-03-17,82.80368041992188,英鎊,晉達環球策略基金 - 英國ALPHA基金 C 收益股份,yfinance,未分類,英國
B27029,2017-03-20,82.89990997314453,英鎊,晉達環球策略基金 - 英國ALPHA基金 C 收益股份,yfinance,未分類,英國
B27029,2017-03-21,81.91829681396484,英鎊,晉達環球策略基金 - 英國ALPHA基金 C 收益股份,yfinance,未分類,英國
B27029,2017-03-22,81.51407623291016,英鎊,晉達環球策略基金 - 英國ALPHA基金 C 收益股份,yfinance,未分類,英國
B27029,2017-03-23,81.85091400146484,英鎊,晉達環球策略基金 - 英國ALPHA基金 C 收益股份,yfinance,未分類,英國
B27029,2017-03-24,81.79316711425781,英鎊,晉達環球策略基金 - 英國ALPHA基金 C 收益股份,yfinance,未分類,英國
B27029,2017-03-27,81.4659652709961,英鎊,晉達環球策略基金 - 英國ALPHA基金 C 收益股份,yfinance,未分類,英國
B27029,2017-03-28,81.91829681396484,英鎊,晉達環球策略基金 - 英國ALPHA基金 C 收益股份,yfinance,未分類,英國
B27029,2017-03-29,82.0818862915039,英鎊,晉達環球策略基金 - 英國ALPHA基金 C 收益股份,yfinance,未分類,英國
B27029,2017-03-30,82.11075592041016,英鎊,晉達環球策略基金 - 英國ALPHA基金 C 收益股份,yfinance,未分類,英國
B27029,2017-03-31,81.94715881347656,英鎊,晉達環球策略基金 - 英國ALPHA基金 C 收益股份,yfinance,未分類,英國
B27029,2017-04-03,81.55257415771484,英鎊,晉達環球策略基金 - 英國ALPHA基金 C 收益股份,yfinance,未分類,英國
B27029,2017-04-04,81.88941192626953,英鎊,晉達環球策略基金 - 英國ALPHA基金 C 收益股份,yfinance,未分類,英國
B27029,2017-04-05,81.97602844238281,英鎊,晉達環球策略基金 - 英國ALPHA基金 C 收益股份,yfinance,未分類,英國
B27029,2017-04-06,81.96640014648438,英鎊,晉達環球策略基金 - 英國ALPHA基金 C 收益股份,yfinance,未分類,英國
B27029,2017-04-07,82.35136413574219,英鎊,晉達環球策略基金 - 英國ALPHA基金 C 收益股份,yfinance,未分類,英國
B27029,2017-04-10,82.4379653930664,英鎊,晉達環球策略基金 - 英國ALPHA基金 C 收益股份,yfinance,未分類,英國
B27029,2017-04-11,82.6785659790039,英鎊,晉達環球策略基金 - 英國ALPHA基金 C 收益股份,yfinance,未分類,英國
B27029,2017-04-12,82.6208267211914,英鎊,晉達環球策略基金 - 英國ALPHA基金 C 收益股份,yfinance,未分類,英國
B27029,2017-04-13,82.28398132324219,英鎊,晉達環球策略基金 - 英國ALPHA基金 C 收益股份,yfinance,未分類,英國
B27029,2017-04-18,80.77304077148438,英鎊,晉達環球策略基金 - 英國ALPHA基金 C 收益股份,yfinance,未分類,英國
B27029,2017-04-19,80.5709457397461,英鎊,晉達環球策略基金 - 英國ALPHA基金 C 收益股份,yfinance,未分類,英國
B27029,2017-04-20,80.8307876586914,英鎊,晉達環球策略基金 - 英國ALPHA基金 C 收益股份,yfinance,未分類,英國
B27029,2017-04-21,80.79228973388672,英鎊,晉達環球策略基金 - 英國ALPHA基金 C 收益股份,yfinance,未分類,英國
B27029,2017-04-24,82.22625732421875,英鎊,晉達環球策略基金 - 英國ALPHA基金 C 收益股份,yfinance,未分類,英國
B27029,2017-04-25,82.38985443115234,英鎊,晉達環球策略基金 - 英國ALPHA基金 C 收益股份,yfinance,未分類,英國
B27029,2017-04-26,82.784423828125,英鎊,晉達環球策略基金 - 英國ALPHA基金 C 收益股份,yfinance,未分類,英國
B27029,2017-04-27,82.57271575927734,英鎊,晉達環球策略基金 - 英國ALPHA基金 C 收益股份,yfinance,未分類,英國
B27029,2017-04-28,82.34172821044922,英鎊,晉達環球策略基金 - 英國ALPHA基金 C 收益股份,yfinance,未分類,英國
B27029,2017-05-02,82.93841552734375,英鎊,晉達環球策略基金 - 英國ALPHA基金 C 收益股份,yfinance,未分類,英國
B27029,2017-05-03,82.58232116699219,英鎊,晉達環球策略基金 - 英國ALPHA基金 C 收益股份,yfinance,未分類,英國
B27029,2017-05-04,82.8614273071289,英鎊,晉達環球策略基金 - 英國ALPHA基金 C 收益股份,yfinance,未分類,英國
B27029,2017-05-05,83.05390167236328,英鎊,晉達環球策略基金 - 英國ALPHA基金 C 收益股份,yfinance,未分類,英國
B27029,2017-05-08,83.07315063476562,英鎊,晉達環球策略基金 - 英國ALPHA基金 C 收益股份,yfinance,未分類,英國
B27029,2017-05-09,83.5158462524414,英鎊,晉達環球策略基金 - 英國ALPHA基金 C 收益股份,yfinance,未分類,英國
B27029,2017-05-10,83.82379913330078,英鎊,晉達環球策略基金 - 英國ALPHA基金 C 收益股份,yfinance,未分類,英國
B27029,2017-05-11,83.66020202636719,英鎊,晉達環球策略基金 - 英國ALPHA基金 C 收益股份,yfinance,未分類,英國
B27029,2017-05-12,84.12215423583984,英鎊,晉達環球策略基金 - 英國ALPHA基金 C 收益股份,yfinance,未分類,英國
B27029,2017-05-15,84.1702651977539,英鎊,晉達環球策略基金 - 英國ALPHA基金 C 收益股份,yfinance,未分類,英國
B27029,2017-05-16,84.68032836914062,英鎊,晉達環球策略基金 - 英國ALPHA基金 C 收益股份,yfinance,未分類,英國
B27029,2017-05-17,84.04515838623047,英鎊,晉達環球策略基金 - 英國ALPHA基金 C 收益股份,yfinance,未分類,英國
B27029,2017-05-18,84.12215423583984,英鎊,晉達環球策略基金 - 英國ALPHA基金 C 收益股份,yfinance,未分類,英國
B27029,2017-05-19,84.37236785888672,英鎊,晉達環球策略基金 - 英國ALPHA基金 C 收益股份,yfinance,未分類,英國
B27029,2017-05-22,84.76695251464844,英鎊,晉達環球策略基金 - 英國ALPHA基金 C 收益股份,yfinance,未分類,英國
B27029,2017-05-23,85.28663635253906,英鎊,晉達環球策略基金 - 英國ALPHA基金 C 收益股份,yfinance,未分類,英國
B27029,2017-05-24,85.18077850341797,英鎊,晉達環球策略基金 - 英國ALPHA基金 C 收益股份,yfinance,未分類,英國
B27029,2017-05-26,85.65234375,英鎊,晉達環球策略基金 - 英國ALPHA基金 C 收益股份,yfinance,未分類,英國
B27029,2017-05-30,85.52723693847656,英鎊,晉達環球策略基金 - 英國ALPHA基金 C 收益股份,yfinance,未分類,英國
B27029,2017-05-31,85.50797271728516,英鎊,晉達環球策略基金 - 英國ALPHA基金 C 收益股份,yfinance,未分類,英國
B27029,2017-06-01,86.02766418457031,英鎊,晉達環球策略基金 - 英國ALPHA基金 C 收益股份,yfinance,未分類,英國
B27029,2017-06-02,85.91217803955078,英鎊,晉達環球策略基金 - 英國ALPHA基金 C 收益股份,yfinance,未分類,英國
B27029,2017-06-06,85.26738739013672,英鎊,晉達環球策略基金 - 英國ALPHA基金 C 收益股份,yfinance,未分類,英國
B27029,2017-06-07,84.86317443847656,英鎊,晉達環球策略基金 - 英國ALPHA基金 C 收益股份,yfinance,未分類,英國
B27029,2017-06-08,84.77655792236328,英鎊,晉達環球策略基金 - 英國ALPHA基金 C 收益股份,yfinance,未分類,英國
B27029,2017-06-09,85.38287353515625,英鎊,晉達環球策略基金 - 英國ALPHA基金 C 收益股份,yfinance,未分類,英國
B27029,2017-06-12,85.11341857910156,英鎊,晉達環球策略基金 - 英國ALPHA基金 C 收益股份,yfinance,未分類,英國
B27029,2017-06-13,85.19039154052734,英鎊,晉達環球策略基金 - 英國ALPHA基金 C 收益股份,yfinance,未分類,英國
B27029,2017-06-14,85.23851013183594,英鎊,晉達環球策略基金 - 英國ALPHA基金 C 收益股份,yfinance,未分類,英國
B27029,2017-06-15,84.26649475097656,英鎊,晉達環球策略基金 - 英國ALPHA基金 C 收益股份,yfinance,未分類,英國
B27029,2017-06-16,84.91131591796875,英鎊,晉達環球策略基金 - 英國ALPHA基金 C 收益股份,yfinance,未分類,英國
B27029,2017-06-19,85.45024871826172,英鎊,晉達環球策略基金 - 英國ALPHA基金 C 收益股份,yfinance,未分類,英國
B27029,2017-06-20,85.01715850830078,英鎊,晉達環球策略基金 - 英國ALPHA基金 C 收益股份,yfinance,未分類,英國
B27029,2017-06-21,84.81504821777344,英鎊,晉達環球策略基金 - 英國ALPHA基金 C 收益股份,yfinance,未分類,英國
B27029,2017-06-22,84.79582977294922,英鎊,晉達環球策略基金 - 英國ALPHA基金 C 收益股份,yfinance,未分類,英國
B27029,2017-06-26,85.02679443359375,英鎊,晉達環球策略基金 - 英國ALPHA基金 C 收益股份,yfinance,未分類,英國
B27029,2017-06-27,84.47823333740234,英鎊,晉達環球策略基金 - 英國ALPHA基金 C 收益股份,yfinance,未分類,英國
B27029,2017-06-28,84.4493637084961,英鎊,晉達環球策略基金 - 英國ALPHA基金 C 收益股份,yfinance,未分類,英國
B27029,2017-06-29,83.66983032226562,英鎊,晉達環球策略基金 - 英國ALPHA基金 C 收益股份,yfinance,未分類,英國
B27029,2017-06-30,83.54470825195312,英鎊,晉達環球策略基金 - 英國ALPHA基金 C 收益股份,yfinance,未分類,英國
B27029,2017-07-03,83.76605987548828,英鎊,晉達環球策略基金 - 英國ALPHA基金 C 收益股份,yfinance,未分類,英國
B27029,2017-07-04,83.47734832763672,英鎊,晉達環球策略基金 - 英國ALPHA基金 C 收益股份,yfinance,未分類,英國
B27029,2017-07-05,83.74681854248047,英鎊,晉達環球策略基金 - 英國ALPHA基金 C 收益股份,yfinance,未分類,英國
B27029,2017-07-06,83.16937255859375,英鎊,晉達環球策略基金 - 英國ALPHA基金 C 收益股份,yfinance,未分類,英國
B27029,2017-07-07,83.63134002685547,英鎊,晉達環球策略基金 - 英國ALPHA基金 C 收益股份,yfinance,未分類,英國
B27029,2017-07-10,83.66020202636719,英鎊,晉達環球策略基金 - 英國ALPHA基金 C 收益股份,yfinance,未分類,英國
B27029,2017-07-11,83.29450225830078,英鎊,晉達環球策略基金 - 英國ALPHA基金 C 收益股份,yfinance,未分類,英國
B27029,2017-07-12,83.99703216552734,英鎊,晉達環球策略基金 - 英國ALPHA基金 C 收益股份,yfinance,未分類,英國
B27029,2017-07-13,84.1702651977539,英鎊,晉達環球策略基金 - 英國ALPHA基金 C 收益股份,yfinance,未分類,英國
B27029,2017-07-14,83.8623046875,英鎊,晉達環球策略基金 - 英國ALPHA基金 C 收益股份,yfinance,未分類,英國
B27029,2017-07-17,84.23762512207031,英鎊,晉達環球策略基金 - 英國ALPHA基金 C 收益股份,yfinance,未分類,英國
B27029,2017-07-18,84.10289764404297,英鎊,晉達環球策略基金 - 英國ALPHA基金 C 收益股份,yfinance,未分類,英國
B27029,2017-07-19,84.79582977294922,英鎊,晉達環球策略基金 - 英國ALPHA基金 C 收益股份,yfinance,未分類,英國
B27029,2017-07-20,85.04605102539062,英鎊,晉達環球策略基金 - 英國ALPHA基金 C 收益股份,yfinance,未分類,英國
B27029,2017-07-21,84.90167236328125,英鎊,晉達環球策略基金 - 英國ALPHA基金 C 收益股份,yfinance,未分類,英國
B27029,2017-07-24,84.15101623535156,英鎊,晉達環球策略基金 - 英國ALPHA基金 C 收益股份,yfinance,未分類,英國
B27029,2017-07-25,84.4686050415039,英鎊,晉達環球策略基金 - 英國ALPHA基金 C 收益股份,yfinance,未分類,英國
B27029,2017-07-26,84.82469177246094,英鎊,晉達環球策略基金 - 英國ALPHA基金 C 收益股份,yfinance,未分類,英國
B27029,2017-07-27,84.88243103027344,英鎊,晉達環球策略基金 - 英國ALPHA基金 C 收益股份,yfinance,未分類,英國
B27029,2017-07-28,84.01629638671875,英鎊,晉達環球策略基金 - 英國ALPHA基金 C 收益股份,yfinance,未分類,英國
B27029,2017-07-31,84.1702651977539,英鎊,晉達環球策略基金 - 英國ALPHA基金 C 收益股份,yfinance,未分類,英國
B27029,2017-08-01,84.71882629394531,英鎊,晉達環球策略基金 - 英國ALPHA基金 C 收益股份,yfinance,未分類,英國
B27029,2017-08-02,84.52635955810547,英鎊,晉達環球策略基金 - 英國ALPHA基金 C 收益股份,yfinance,未分類,英國
B27029,2017-08-03,85.08452606201172,英鎊,晉達環球策略基金 - 英國ALPHA基金 C 收益股份,yfinance,未分類,英國
B27029,2017-08-04,85.72933197021484,英鎊,晉達環球策略基金 - 英國ALPHA基金 C 收益股份,yfinance,未分類,英國
B27029,2017-08-07,85.7004623413086,英鎊,晉達環球策略基金 - 英國ALPHA基金 C 收益股份,yfinance,未分類,英國
B27029,2017-08-08,85.63308715820312,英鎊,晉達環球策略基金 - 英國ALPHA基金 C 收益股份,yfinance,未分類,英國
B27029,2017-08-09,85.11341857910156,英鎊,晉達環球策略基金 - 英國ALPHA基金 C 收益股份,yfinance,未分類,英國
B27029,2017-08-10,84.04515838623047,英鎊,晉達環球策略基金 - 英國ALPHA基金 C 收益股份,yfinance,未分類,英國
B27029,2017-08-11,83.64096069335938,英鎊,晉達環球策略基金 - 英國ALPHA基金 C 收益股份,yfinance,未分類,英國
B27029,2017-08-14,84.0932846069336,英鎊,晉達環球策略基金 - 英國ALPHA基金 C 收益股份,yfinance,未分類,英國
B27029,2017-08-16,85.49836730957031,英鎊,晉達環球策略基金 - 英國ALPHA基金 C 收益股份,yfinance,未分類,英國
B27029,2017-08-17,84.41085815429688,英鎊,晉達環球策略基金 - 英國ALPHA基金 C 收益股份,yfinance,未分類,英國
B27029,2017-08-18,84.08364868164062,英鎊,晉達環球策略基金 - 英國ALPHA基金 C 收益股份,yfinance,未分類,英國
B27029,2017-08-21,84.11251831054688,英鎊,晉達環球策略基金 - 英國ALPHA基金 C 收益股份,yfinance,未分類,英國
B27029,2017-08-22,84.97867584228516,英鎊,晉達環球策略基金 - 英國ALPHA基金 C 收益股份,yfinance,未分類,英國
B27029,2017-08-23,84.9209213256836,英鎊,晉達環球策略基金 - 英國ALPHA基金 C 收益股份,yfinance,未分類,英國
B27029,2017-08-24,85.05564880371094,英鎊,晉達環球策略基金 - 英國ALPHA基金 C 收益股份,yfinance,未分類,英國
B27029,2017-08-25,84.95942687988281,英鎊,晉達環球策略基金 - 英國ALPHA基金 C 收益股份,yfinance,未分類,英國
B27029,2017-08-29,84.28575897216797,英鎊,晉達環球策略基金 - 英國ALPHA基金 C 收益股份,yfinance,未分類,英國
B27029,2017-08-30,84.45899200439453,英鎊,晉達環球策略基金 - 英國ALPHA基金 C 收益股份,yfinance,未分類,英國
B27029,2017-08-31,85.03641510009766,英鎊,晉達環球策略基金 - 英國ALPHA基金 C 收益股份,yfinance,未分類,英國
B27029,2017-09-01,84.9979019165039,英鎊,晉達環球策略基金 - 英國ALPHA基金 C 收益股份,yfinance,未分類,英國
B27029,2017-09-04,84.68995666503906,英鎊,晉達環球策略基金 - 英國ALPHA基金 C 收益股份,yfinance,未分類,英國
B27029,2017-09-05,84.0932846069336,英鎊,晉達環球策略基金 - 英國ALPHA基金 C 收益股份,yfinance,未分類,英國
B27029,2017-09-06,84.04515838623047,英鎊,晉達環球策略基金 - 英國ALPHA基金 C 收益股份,yfinance,未分類,英國
B27029,2017-09-07,84.43973541259766,英鎊,晉達環球策略基金 - 英國ALPHA基金 C 收益股份,yfinance,未分類,英國
B27029,2017-09-08,84.32425689697266,英鎊,晉達環球策略基金 - 英國ALPHA基金 C 收益股份,yfinance,未分類,英國
B27029,2017-09-11,84.67070770263672,英鎊,晉達環球策略基金 - 英國ALPHA基金 C 收益股份,yfinance,未分類,英國
B27029,2017-09-12,84.43010711669922,英鎊,晉達環球策略基金 - 英國ALPHA基金 C 收益股份,yfinance,未分類,英國
B27029,2017-09-13,84.13177490234375,英鎊,晉達環球策略基金 - 英國ALPHA基金 C 收益股份,yfinance,未分類,英國
B27029,2017-09-14,83.66020202636719,英鎊,晉達環球策略基金 - 英國ALPHA基金 C 收益股份,yfinance,未分類,英國
B27029,2017-09-15,82.81331634521484,英鎊,晉達環球策略基金 - 英國ALPHA基金 C 收益股份,yfinance,未分類,英國
B27029,2017-09-18,83.23674774169922,英鎊,晉達環球策略基金 - 英國ALPHA基金 C 收益股份,yfinance,未分類,英國
B27029,2017-09-19,83.60246276855469,英鎊,晉達環球策略基金 - 英國ALPHA基金 C 收益股份,yfinance,未分類,英國
B27029,2017-09-20,83.48696899414062,英鎊,晉達環球策略基金 - 英國ALPHA基金 C 收益股份,yfinance,未分類,英國
B27029,2017-09-21,83.29450225830078,英鎊,晉達環球策略基金 - 英國ALPHA基金 C 收益股份,yfinance,未分類,英國
B27029,2017-09-22,83.74681854248047,英鎊,晉達環球策略基金 - 英國ALPHA基金 C 收益股份,yfinance,未分類,英國
B27029,2017-09-25,83.58320617675781,英鎊,晉達環球策略基金 - 英國ALPHA基金 C 收益股份,yfinance,未分類,英國
B27029,2017-09-26,83.448486328125,英鎊,晉達環球策略基金 - 英國ALPHA基金 C 收益股份,yfinance,未分類,英國
B27029,2017-09-27,83.80455780029297,英鎊,晉達環球策略基金 - 英國ALPHA基金 C 收益股份,yfinance,未分類,英國
B27029,2017-09-28,84.05477905273438,英鎊,晉達環球策略基金 - 英國ALPHA基金 C 收益股份,yfinance,未分類,英國
B27029,2017-09-29,84.68995666503906,英鎊,晉達環球策略基金 - 英國ALPHA基金 C 收益股份,yfinance,未分類,英國
B27029,2017-10-02,85.3636245727539,英鎊,晉達環球策略基金 - 英國ALPHA基金 C 收益股份,yfinance,未分類,英國
B27029,2017-10-03,85.73895263671875,英鎊,晉達環球策略基金 - 英國ALPHA基金 C 收益股份,yfinance,未分類,英國
B27029,2017-10-04,86.22014617919922,英鎊,晉達環球策略基金 - 英國ALPHA基金 C 收益股份,yfinance,未分類,英國
B27029,2017-10-05,86.39336395263672,英鎊,晉達環球策略基金 - 英國ALPHA基金 C 收益股份,yfinance,未分類,英國
B27029,2017-10-06,86.54734802246094,英鎊,晉達環球策略基金 - 英國ALPHA基金 C 收益股份,yfinance,未分類,英國
B27029,2017-10-09,86.30677032470703,英鎊,晉達環球策略基金 - 英國ALPHA基金 C 收益股份,yfinance,未分類,英國
B27029,2017-10-10,86.4126205444336,英鎊,晉達環球策略基金 - 英國ALPHA基金 C 收益股份,yfinance,未分類,英國
B27029,2017-10-11,86.37413787841797,英鎊,晉達環球策略基金 - 英國ALPHA基金 C 收益股份,yfinance,未分類,英國
B27029,2017-10-12,86.7109603881836,英鎊,晉達環球策略基金 - 英國ALPHA基金 C 收益股份,yfinance,未分類,英國
B27029,2017-10-13,86.37413787841797,英鎊,晉達環球策略基金 - 英國ALPHA基金 C 收益股份,yfinance,未分類,英國
B27029,2017-10-16,86.18165588378906,英鎊,晉達環球策略基金 - 英國ALPHA基金 C 收益股份,yfinance,未分類,英國
B27029,2017-10-17,85.7004623413086,英鎊,晉達環球策略基金 - 英國ALPHA基金 C 收益股份,yfinance,未分類,英國
B27029,2017-10-18,86.12390899658203,英鎊,晉達環球策略基金 - 英國ALPHA基金 C 收益股份,yfinance,未分類,英國
B27029,2017-10-19,85.85443878173828,英鎊,晉達環球策略基金 - 英國ALPHA基金 C 收益股份,yfinance,未分類,英國
B27029,2017-10-20,85.82555389404297,英鎊,晉達環球策略基金 - 英國ALPHA基金 C 收益股份,yfinance,未分類,英國
B27029,2017-10-23,85.73895263671875,英鎊,晉達環球策略基金 - 英國ALPHA基金 C 收益股份,yfinance,未分類,英國
B27029,2017-10-24,85.74857330322266,英鎊,晉達環球策略基金 - 英國ALPHA基金 C 收益股份,yfinance,未分類,英國
B27029,2017-10-25,85.27701568603516,英鎊,晉達環球策略基金 - 英國ALPHA基金 C 收益股份,yfinance,未分類,英國
B27029,2017-10-26,85.85443878173828,英鎊,晉達環球策略基金 - 英國ALPHA基金 C 收益股份,yfinance,未分類,英國
B27029,2017-10-27,86.0084228515625,英鎊,晉達環球策略基金 - 英國ALPHA基金 C 收益股份,yfinance,未分類,英國
B27029,2017-10-30,85.87368774414062,英鎊,晉達環球策略基金 - 英國ALPHA基金 C 收益股份,yfinance,未分類,英國
B27029,2017-10-31,86.16239929199219,英鎊,晉達環球策略基金 - 英國ALPHA基金 C 收益股份,yfinance,未分類,英國
B27029,2017-11-02,86.30677032470703,英鎊,晉達環球策略基金 - 英國ALPHA基金 C 收益股份,yfinance,未分類,英國
B27029,2017-11-03,86.4703598022461,英鎊,晉達環球策略基金 - 英國ALPHA基金 C 收益股份,yfinance,未分類,英國
B27029,2017-11-06,86.40299987792969,英鎊,晉達環球策略基金 - 英國ALPHA基金 C 收益股份,yfinance,未分類,英國
B27029,2017-11-07,85.82555389404297,英鎊,晉達環球策略基金 - 英國ALPHA基金 C 收益股份,yfinance,未分類,英國
B27029,2017-11-08,86.0084228515625,英鎊,晉達環球策略基金 - 英國ALPHA基金 C 收益股份,yfinance,未分類,英國
B27029,2017-11-09,85.40211486816406,英鎊,晉達環球策略基金 - 英國ALPHA基金 C 收益股份,yfinance,未分類,英國
B27029,2017-11-10,85.02679443359375,英鎊,晉達環球策略基金 - 英國ALPHA基金 C 收益股份,yfinance,未分類,英國
B27029,2017-11-13,84.61296081542969,英鎊,晉達環球策略基金 - 英國ALPHA基金 C 收益股份,yfinance,未分類,英國
B27029,2017-11-14,84.68995666503906,英鎊,晉達環球策略基金 - 英國ALPHA基金 C 收益股份,yfinance,未分類,英國
B27029,2017-11-15,84.17988586425781,英鎊,晉達環球策略基金 - 英國ALPHA基金 C 收益股份,yfinance,未分類,英國
B27029,2017-11-16,84.5840835571289,英鎊,晉達環球策略基金 - 英國ALPHA基金 C 收益股份,yfinance,未分類,英國
B27029,2017-11-17,84.42047882080078,英鎊,晉達環球策略基金 - 英國ALPHA基金 C 收益股份,yfinance,未分類,英國
B27029,2017-11-20,84.66108703613281,英鎊,晉達環球策略基金 - 英國ALPHA基金 C 收益股份,yfinance,未分類,英國
B27029,2017-11-21,84.68032836914062,英鎊,晉達環球策略基金 - 英國ALPHA基金 C 收益股份,yfinance,未分類,英國
B27029,2017-11-22,84.75733184814453,英鎊,晉達環球策略基金 - 英國ALPHA基金 C 收益股份,yfinance,未分類,英國
B27029,2017-11-23,84.86317443847656,英鎊,晉達環球策略基金 - 英國ALPHA基金 C 收益股份,yfinance,未分類,英國
B27029,2017-11-24,84.87281036376953,英鎊,晉達環球策略基金 - 英國ALPHA基金 C 收益股份,yfinance,未分類,英國
B27029,2017-11-27,84.68995666503906,英鎊,晉達環球策略基金 - 英國ALPHA基金 C 收益股份,yfinance,未分類,英國
B27029,2017-11-28,85.22888946533203,英鎊,晉達環球策略基金 - 英國ALPHA基金 C 收益股份,yfinance,未分類,英國
B27029,2017-11-29,84.4686050415039,英鎊,晉達環球策略基金 - 英國ALPHA基金 C 收益股份,yfinance,未分類,英國
B27029,2017-11-30,83.50621795654297,英鎊,晉達環球策略基金 - 英國ALPHA基金 C 收益股份,yfinance,未分類,英國
B27029,2017-12-01,83.28486633300781,英鎊,晉達環球策略基金 - 英國ALPHA基金 C 收益股份,yfinance,未分類,英國
B27029,2017-12-04,83.58320617675781,英鎊,晉達環球策略基金 - 英國ALPHA基金 C 收益股份,yfinance,未分類,英國
B27029,2017-12-05,83.42923736572266,英鎊,晉達環球策略基金 - 英國ALPHA基金 C 收益股份,yfinance,未分類,英國
B27029,2017-12-06,83.52547454833984,英鎊,晉達環球策略基金 - 英國ALPHA基金 C 收益股份,yfinance,未分類,英國
B27029,2017-12-07,83.26561737060547,英鎊,晉達環球策略基金 - 英國ALPHA基金 C 收益股份,yfinance,未分類,英國
B27029,2017-12-08,84.00666809082031,英鎊,晉達環球策略基金 - 英國ALPHA基金 C 收益股份,yfinance,未分類,英國
B27029,2017-12-11,84.43973541259766,英鎊,晉達環球策略基金 - 英國ALPHA基金 C 收益股份,yfinance,未分類,英國
B27029,2017-12-12,84.90167236328125,英鎊,晉達環球策略基金 - 英國ALPHA基金 C 收益股份,yfinance,未分類,英國
B27029,2017-12-13,84.94017028808594,英鎊,晉達環球策略基金 - 英國ALPHA基金 C 收益股份,yfinance,未分類,英國
B27029,2017-12-14,84.5167236328125,英鎊,晉達環球策略基金 - 英國ALPHA基金 C 收益股份,yfinance,未分類,英國
B27029,2017-12-15,84.78620147705078,英鎊,晉達環球策略基金 - 英國ALPHA基金 C 收益股份,yfinance,未分類,英國
B27029,2017-12-18,85.1230239868164,英鎊,晉達環球策略基金 - 英國ALPHA基金 C 收益股份,yfinance,未分類,英國
B27029,2017-12-19,85.09415435791016,英鎊,晉達環球策略基金 - 英國ALPHA基金 C 收益股份,yfinance,未分類,英國
B27029,2017-12-20,84.96904754638672,英鎊,晉達環球策略基金 - 英國ALPHA基金 C 收益股份,yfinance,未分類,英國
B27029,2017-12-21,85.65234375,英鎊,晉達環球策略基金 - 英國ALPHA基金 C 收益股份,yfinance,未分類,英國
B27029,2017-12-22,85.62347412109375,英鎊,晉達環球策略基金 - 英國ALPHA基金 C 收益股份,yfinance,未分類,英國
B27029,2017-12-27,85.88331604003906,英鎊,晉達環球策略基金 - 英國ALPHA基金 C 收益股份,yfinance,未分類,英國
B27029,2017-12-28,85.93143463134766,英鎊,晉達環球策略基金 - 英國ALPHA基金 C 收益股份,yfinance,未分類,英國
B27029,2017-12-29,86.42224884033203,英鎊,晉達環球策略基金 - 英國ALPHA基金 C 收益股份,yfinance,未分類,英國
B24084,2017-01-03,664.4932250976562,英鎊,霸菱香港中國基金-A類 英鎊配息型,yfinance,股票型,中國/大中華
B24084,2017-01-04,666.5672607421875,英鎊,霸菱香港中國基金-A類 英鎊配息型,yfinance,股票型,中國/大中華
B24084,2017-01-05,676.01220703125,英鎊,霸菱香港中國基金-A類 英鎊配息型,yfinance,股票型,中國/大中華
B24084,2017-01-06,674.7073974609375,英鎊,霸菱香港中國基金-A類 英鎊配息型,yfinance,股票型,中國/大中華
B24084,2017-01-09,686.6063232421875,英鎊,霸菱香港中國基金-A類 英鎊配息型,yfinance,股票型,中國/大中華
B24084,2017-01-10,694.9315185546875,英鎊,霸菱香港中國基金-A類 英鎊配息型,yfinance,股票型,中國/大中華
B24084,2017-01-11,701.3970336914062,英鎊,霸菱香港中國基金-A類 英鎊配息型,yfinance,股票型,中國/大中華
B24084,2017-01-12,690.2382202148438,英鎊,霸菱香港中國基金-A類 英鎊配息型,yfinance,股票型,中國/大中華
B24084,2017-01-13,696.72314453125,英鎊,霸菱香港中國基金-A類 英鎊配息型,yfinance,股票型,中國/大中華
B24084,2017-01-16,697.5120239257812,英鎊,霸菱香港中國基金-A類 英鎊配息型,yfinance,股票型,中國/大中華
B24084,2017-01-17,692.166259765625,英鎊,霸菱香港中國基金-A類 英鎊配息型,yfinance,股票型,中國/大中華
B24084,2017-01-18,696.6063232421875,英鎊,霸菱香港中國基金-A類 英鎊配息型,yfinance,股票型,中國/大中華
B24084,2017-01-19,692.331787109375,英鎊,霸菱香港中國基金-A類 英鎊配息型,yfinance,股票型,中國/大中華
B24084,2017-01-20,692.7796630859375,英鎊,霸菱香港中國基金-A類 英鎊配息型,yfinance,股票型,中國/大中華
B24084,2017-01-23,687.0054931640625,英鎊,霸菱香港中國基金-A類 英鎊配息型,yfinance,股票型,中國/大中華
B24084,2017-01-24,692.0298461914062,英鎊,霸菱香港中國基金-A類 英鎊配息型,yfinance,股票型,中國/大中華
B24084,2017-01-25,688.5731811523438,英鎊,霸菱香港中國基金-A類 英鎊配息型,yfinance,股票型,中國/大中華
B24084,2017-01-26,695.7300415039062,英鎊,霸菱香港中國基金-A類 英鎊配息型,yfinance,股票型,中國/大中華
B24084,2017-01-27,696.1973266601562,英鎊,霸菱香港中國基金-A類 英鎊配息型,yfinance,股票型,中國/大中華
B24084,2017-01-30,696.7913818359375,英鎊,霸菱香港中國基金-A類 英鎊配息型,yfinance,股票型,中國/大中華
B24084,2017-01-31,696.6744995117188,英鎊,霸菱香港中國基金-A類 英鎊配息型,yfinance,股票型,中國/大中華
B24084,2017-02-01,688.5341796875,英鎊,霸菱香港中國基金-A類 英鎊配息型,yfinance,股票型,中國/大中華
B24084,2017-02-02,685.1846923828125,英鎊,霸菱香港中國基金-A類 英鎊配息型,yfinance,股票型,中國/大中華
B24084,2017-02-03,694.6394653320312,英鎊,霸菱香港中國基金-A類 英鎊配息型,yfinance,股票型,中國/大中華
B24084,2017-02-06,701.9617919921875,英鎊,霸菱香港中國基金-A類 英鎊配息型,yfinance,股票型,中國/大中華
B24084,2017-02-07,708.8265991210938,英鎊,霸菱香港中國基金-A類 英鎊配息型,yfinance,股票型,中國/大中華
B24084,2017-02-08,707.3853759765625,英鎊,霸菱香港中國基金-A類 英鎊配息型,yfinance,股票型,中國/大中華
B24084,2017-02-09,710.72509765625,英鎊,霸菱香港中國基金-A類 英鎊配息型,yfinance,股票型,中國/大中華
B24084,2017-02-10,716.8596801757812,英鎊,霸菱香港中國基金-A類 英鎊配息型,yfinance,股票型,中國/大中華
B24084,2017-02-13,720.46240234375,英鎊,霸菱香港中國基金-A類 英鎊配息型,yfinance,股票型,中國/大中華
B24084,2017-02-14,724.7760009765625,英鎊,霸菱香港中國基金-A類 英鎊配息型,yfinance,股票型,中國/大中華
B24084,2017-02-15,731.1829833984375,英鎊,霸菱香港中國基金-A類 英鎊配息型,yfinance,股票型,中國/大中華
B24084,2017-02-16,729.7224731445312,英鎊,霸菱香港中國基金-A類 英鎊配息型,yfinance,股票型,中國/大中華
B24084,2017-02-17,731.6016845703125,英鎊,霸菱香港中國基金-A類 英鎊配息型,yfinance,股票型,中國/大中華
B24084,2017-02-20,732.8967895507812,英鎊,霸菱香港中國基金-A類 英鎊配息型,yfinance,股票型,中國/大中華
B24084,2017-02-21,732.3709106445312,英鎊,霸菱香港中國基金-A類 英鎊配息型,yfinance,股票型,中國/大中華
B24084,2017-02-22,741.9912719726562,英鎊,霸菱香港中國基金-A類 英鎊配息型,yfinance,股票型,中國/大中華
B24084,2017-02-23,739.4011840820312,英鎊,霸菱香港中國基金-A類 英鎊配息型,yfinance,股票型,中國/大中華
B24084,2017-02-24,726.8109130859375,英鎊,霸菱香港中國基金-A類 英鎊配息型,yfinance,股票型,中國/大中華
B24084,2017-02-27,733.81201171875,英鎊,霸菱香港中國基金-A類 英鎊配息型,yfinance,股票型,中國/大中華
B24084,2017-02-28,729.3038330078125,英鎊,霸菱香港中國基金-A類 英鎊配息型,yfinance,股票型,中國/大中華
B24084,2017-03-01,737.083740234375,英鎊,霸菱香港中國基金-A類 英鎊配息型,yfinance,股票型,中國/大中華
B24084,2017-03-02,739.6251831054688,英鎊,霸菱香港中國基金-A類 英鎊配息型,yfinance,股票型,中國/大中華
B24084,2017-03-03,738.4566650390625,英鎊,霸菱香港中國基金-A類 英鎊配息型,yfinance,股票型,中國/大中華
B24084,2017-03-06,739.8782958984375,英鎊,霸菱香港中國基金-A類 英鎊配息型,yfinance,股票型,中國/大中華
B24084,2017-03-07,746.2562255859375,英鎊,霸菱香港中國基金-A類 英鎊配息型,yfinance,股票型,中國/大中華
B24084,2017-03-08,750.5015258789062,英鎊,霸菱香港中國基金-A類 英鎊配息型,yfinance,股票型,中國/大中華
B24084,2017-03-09,741.2122802734375,英鎊,霸菱香港中國基金-A類 英鎊配息型,yfinance,股票型,中國/大中華
B24084,2017-03-10,744.3281860351562,英鎊,霸菱香港中國基金-A類 英鎊配息型,yfinance,股票型,中國/大中華
B24084,2017-03-13,752.17626953125,英鎊,霸菱香港中國基金-A類 英鎊配息型,yfinance,股票型,中國/大中華
B24084,2017-03-14,758.9436645507812,英鎊,霸菱香港中國基金-A類 英鎊配息型,yfinance,股票型,中國/大中華
B24084,2017-03-15,756.2756958007812,英鎊,霸菱香港中國基金-A類 英鎊配息型,yfinance,股票型,中國/大中華
B24084,2017-03-16,761.650634765625,英鎊,霸菱香港中國基金-A類 英鎊配息型,yfinance,股票型,中國/大中華
B24084,2017-03-20,760.7644653320312,英鎊,霸菱香港中國基金-A類 英鎊配息型,yfinance,股票型,中國/大中華
B24084,2017-03-21,762.8677978515625,英鎊,霸菱香港中國基金-A類 英鎊配息型,yfinance,股票型,中國/大中華
B24084,2017-03-22,752.8967895507812,英鎊,霸菱香港中國基金-A類 英鎊配息型,yfinance,股票型,中國/大中華
B24084,2017-03-23,751.3682250976562,英鎊,霸菱香港中國基金-A類 英鎊配息型,yfinance,股票型,中國/大中華
B24084,2017-03-24,754.4743041992188,英鎊,霸菱香港中國基金-A類 英鎊配息型,yfinance,股票型,中國/大中華
B24084,2017-03-27,742.1470336914062,英鎊,霸菱香港中國基金-A類 英鎊配息型,yfinance,股票型,中國/大中華
B24084,2017-03-28,747.697265625,英鎊,霸菱香港中國基金-A類 英鎊配息型,yfinance,股票型,中國/大中華
B24084,2017-03-29,754.153076171875,英鎊,霸菱香港中國基金-A類 英鎊配息型,yfinance,股票型,中國/大中華
B24084,2017-03-30,749.7615356445312,英鎊,霸菱香港中國基金-A類 英鎊配息型,yfinance,股票型,中國/大中華
B24084,2017-03-31,745.759521484375,英鎊,霸菱香港中國基金-A類 英鎊配息型,yfinance,股票型,中國/大中華
B24084,2017-04-03,751.3973999023438,英鎊,霸菱香港中國基金-A類 英鎊配息型,yfinance,股票型,中國/大中華
B24084,2017-04-04,755.0001220703125,英鎊,霸菱香港中國基金-A類 英鎊配息型,yfinance,股票型,中國/大中華
B24084,2017-04-05,758.9338989257812,英鎊,霸菱香港中國基金-A類 英鎊配息型,yfinance,股票型,中國/大中華
B24084,2017-04-06,754.6008911132812,英鎊,霸菱香港中國基金-A類 英鎊配息型,yfinance,股票型,中國/大中華
B24084,2017-04-07,758.9729614257812,英鎊,霸菱香港中國基金-A類 英鎊配息型,yfinance,股票型,中國/大中華
B24084,2017-04-10,759.4304809570312,英鎊,霸菱香港中國基金-A類 英鎊配息型,yfinance,股票型,中國/大中華
B24084,2017-04-11,755.0877075195312,英鎊,霸菱香港中國基金-A類 英鎊配息型,yfinance,股票型,中國/大中華
B24084,2017-04-12,754.9902954101562,英鎊,霸菱香港中國基金-A類 英鎊配息型,yfinance,股票型,中國/大中華
B24084,2017-04-13,752.108154296875,英鎊,霸菱香港中國基金-A類 英鎊配息型,yfinance,股票型,中國/大中華
B24084,2017-04-18,738.3689575195312,英鎊,霸菱香港中國基金-A類 英鎊配息型,yfinance,股票型,中國/大中華
B24084,2017-04-19,726.421630859375,英鎊,霸菱香港中國基金-A類 英鎊配息型,yfinance,股票型,中國/大中華
B24084,2017-04-20,734.7176513671875,英鎊,霸菱香港中國基金-A類 英鎊配息型,yfinance,股票型,中國/大中華
B24084,2017-04-21,738.6222534179688,英鎊,霸菱香港中國基金-A類 英鎊配息型,yfinance,股票型,中國/大中華
B24084,2017-04-24,737.0642700195312,英鎊,霸菱香港中國基金-A類 英鎊配息型,yfinance,股票型,中國/大中華
B24084,2017-04-25,746.0808715820312,英鎊,霸菱香港中國基金-A類 英鎊配息型,yfinance,股票型,中國/大中華
B24084,2017-04-26,747.85302734375,英鎊,霸菱香港中國基金-A類 英鎊配息型,yfinance,股票型,中國/大中華
B24084,2017-04-27,740.1412353515625,英鎊,霸菱香港中國基金-A類 英鎊配息型,yfinance,股票型,中國/大中華
B24084,2017-04-28,739.5277099609375,英鎊,霸菱香港中國基金-A類 英鎊配息型,yfinance,股票型,中國/大中華
B24084,2017-05-02,743.7371215820312,英鎊,霸菱香港中國基金-A類 英鎊配息型,yfinance,股票型,中國/大中華
B24084,2017-05-03,743.9810180664062,英鎊,霸菱香港中國基金-A類 英鎊配息型,yfinance,股票型,中國/大中華
B24084,2017-05-04,739.307373046875,英鎊,霸菱香港中國基金-A類 英鎊配息型,yfinance,股票型,中國/大中華
B24084,2017-05-05,728.2528076171875,英鎊,霸菱香港中國基金-A類 英鎊配息型,yfinance,股票型,中國/大中華
B24084,2017-05-08,729.5601196289062,英鎊,霸菱香港中國基金-A類 英鎊配息型,yfinance,股票型,中國/大中華
B24084,2017-05-09,739.0244140625,英鎊,霸菱香港中國基金-A類 英鎊配息型,yfinance,股票型,中國/大中華
B24084,2017-05-10,742.712646484375,英鎊,霸菱香港中國基金-A類 英鎊配息型,yfinance,股票型,中國/大中華
B24084,2017-05-11,745.9324951171875,英鎊,霸菱香港中國基金-A類 英鎊配息型,yfinance,股票型,中國/大中華
B24084,2017-05-12,748.4302368164062,英鎊,霸菱香港中國基金-A類 英鎊配息型,yfinance,股票型,中國/大中華
B24084,2017-05-15,749.6497802734375,英鎊,霸菱香港中國基金-A類 英鎊配息型,yfinance,股票型,中國/大中華
B24084,2017-05-16,754.274658203125,英鎊,霸菱香港中國基金-A類 英鎊配息型,yfinance,股票型,中國/大中華
B24084,2017-05-17,751.26953125,英鎊,霸菱香港中國基金-A類 英鎊配息型,yfinance,股票型,中國/大中華
B24084,2017-05-18,740.1368408203125,英鎊,霸菱香港中國基金-A類 英鎊配息型,yfinance,股票型,中國/大中華
B24084,2017-05-19,744.1761474609375,英鎊,霸菱香港中國基金-A類 英鎊配息型,yfinance,股票型,中國/大中華
B24084,2017-05-22,755.1723022460938,英鎊,霸菱香港中國基金-A類 英鎊配息型,yfinance,股票型,中國/大中華
B24084,2017-05-23,756.9871826171875,英鎊,霸菱香港中國基金-A類 英鎊配息型,yfinance,股票型,中國/大中華
B24084,2017-05-24,756.7529907226562,英鎊,霸菱香港中國基金-A類 英鎊配息型,yfinance,股票型,中國/大中華
B24084,2017-05-25,763.1047973632812,英鎊,霸菱香港中國基金-A類 英鎊配息型,yfinance,股票型,中國/大中華
B24084,2017-05-26,769.6419677734375,英鎊,霸菱香港中國基金-A類 英鎊配息型,yfinance,股票型,中國/大中華
B24084,2017-05-30,769.739501953125,英鎊,霸菱香港中國基金-A類 英鎊配息型,yfinance,股票型,中國/大中華
B24084,2017-05-31,767.1051025390625,英鎊,霸菱香港中國基金-A類 英鎊配息型,yfinance,股票型,中國/大中華
B24084,2017-06-01,768.36376953125,英鎊,霸菱香港中國基金-A類 英鎊配息型,yfinance,股票型,中國/大中華
B24084,2017-06-02,772.6177978515625,英鎊,霸菱香港中國基金-A類 英鎊配息型,yfinance,股票型,中國/大中華
B24084,2017-06-06,770.812744140625,英鎊,霸菱香港中國基金-A類 英鎊配息型,yfinance,股票型,中國/大中華
B24084,2017-06-07,773.9837646484375,英鎊,霸菱香港中國基金-A類 英鎊配息型,yfinance,股票型,中國/大中華
B24084,2017-06-08,778.7354736328125,英鎊,霸菱香港中國基金-A類 英鎊配息型,yfinance,股票型,中國/大中華
B24084,2017-06-09,797.7713623046875,英鎊,霸菱香港中國基金-A類 英鎊配息型,yfinance,股票型,中國/大中華
B24084,2017-06-12,789.8193969726562,英鎊,霸菱香港中國基金-A類 英鎊配息型,yfinance,股票型,中國/大中華
B24084,2017-06-13,790.3755493164062,英鎊,霸菱香港中國基金-A類 英鎊配息型,yfinance,股票型,中國/大中華
B24084,2017-06-14,789.3218383789062,英鎊,霸菱香港中國基金-A類 英鎊配息型,yfinance,股票型,中國/大中華
B24084,2017-06-15,778.5403442382812,英鎊,霸菱香港中國基金-A類 英鎊配息型,yfinance,股票型,中國/大中華
B24084,2017-06-16,777.73046875,英鎊,霸菱香港中國基金-A類 英鎊配息型,yfinance,股票型,中國/大中華
B24084,2017-06-19,782.540771484375,英鎊,霸菱香港中國基金-A類 英鎊配息型,yfinance,股票型,中國/大中華
B24084,2017-06-20,795.5663452148438,英鎊,霸菱香港中國基金-A類 英鎊配息型,yfinance,股票型,中國/大中華
B24084,2017-06-21,793.29296875,英鎊,霸菱香港中國基金-A類 英鎊配息型,yfinance,股票型,中國/大中華
B24084,2017-06-22,799.6056518554688,英鎊,霸菱香港中國基金-A類 英鎊配息型,yfinance,股票型,中國/大中華
B24084,2017-06-23,795.8102416992188,英鎊,霸菱香港中國基金-A類 英鎊配息型,yfinance,股票型,中國/大中華
B24084,2017-06-26,803.976806640625,英鎊,霸菱香港中國基金-A類 英鎊配息型,yfinance,股票型,中國/大中華
B24084,2017-06-27,801.2740478515625,英鎊,霸菱香港中國基金-A類 英鎊配息型,yfinance,股票型,中國/大中華
B24084,2017-06-28,788.8046875,英鎊,霸菱香港中國基金-A類 英鎊配息型,yfinance,股票型,中國/大中華
B24084,2017-06-29,787.6143798828125,英鎊,霸菱香港中國基金-A類 英鎊配息型,yfinance,股票型,中國/大中華
B24084,2017-06-30,778.9501342773438,英鎊,霸菱香港中國基金-A類 英鎊配息型,yfinance,股票型,中國/大中華
B24084,2017-07-03,783.535888671875,英鎊,霸菱香港中國基金-A類 英鎊配息型,yfinance,股票型,中國/大中華
B24084,2017-07-04,774.5692138671875,英鎊,霸菱香港中國基金-A類 英鎊配息型,yfinance,股票型,中國/大中華
B24084,2017-07-05,780.5209350585938,英鎊,霸菱香港中國基金-A類 英鎊配息型,yfinance,股票型,中國/大中華
B24084,2017-07-06,780.3648071289062,英鎊,霸菱香港中國基金-A類 英鎊配息型,yfinance,股票型,中國/大中華
B24084,2017-07-07,777.7793579101562,英鎊,霸菱香港中國基金-A類 英鎊配息型,yfinance,股票型,中國/大中華
B24084,2017-07-10,778.8330078125,英鎊,霸菱香港中國基金-A類 英鎊配息型,yfinance,股票型,中國/大中華
B24084,2017-07-11,789.4876708984375,英鎊,霸菱香港中國基金-A類 英鎊配息型,yfinance,股票型,中國/大中華
B24084,2017-07-12,798.1128540039062,英鎊,霸菱香港中國基金-A類 英鎊配息型,yfinance,股票型,中國/大中華
B24084,2017-07-13,805.4696655273438,英鎊,霸菱香港中國基金-A類 英鎊配息型,yfinance,股票型,中國/大中華
B24084,2017-07-14,804.1622924804688,英鎊,霸菱香港中國基金-A類 英鎊配息型,yfinance,股票型,中國/大中華
B24084,2017-07-17,803.0010986328125,英鎊,霸菱香港中國基金-A類 英鎊配息型,yfinance,股票型,中國/大中華
B24084,2017-07-18,808.7284545898438,英鎊,霸菱香港中國基金-A類 英鎊配息型,yfinance,股票型,中國/大中華
B24084,2017-07-19,818.983154296875,英鎊,霸菱香港中國基金-A類 英鎊配息型,yfinance,股票型,中國/大中華
B24084,2017-07-20,824.5054931640625,英鎊,霸菱香港中國基金-A類 英鎊配息型,yfinance,股票型,中國/大中華
B24084,2017-07-21,816.7975463867188,英鎊,霸菱香港中國基金-A類 英鎊配息型,yfinance,股票型,中國/大中華
B24084,2017-07-24,818.319580078125,英鎊,霸菱香港中國基金-A類 英鎊配息型,yfinance,股票型,中國/大中華
B24084,2017-07-25,818.5830078125,英鎊,霸菱香港中國基金-A類 英鎊配息型,yfinance,股票型,中國/大中華
B24084,2017-07-26,816.2901611328125,英鎊,霸菱香港中國基金-A類 英鎊配息型,yfinance,股票型,中國/大中華
B24084,2017-07-27,817.3341064453125,英鎊,霸菱香港中國基金-A類 英鎊配息型,yfinance,股票型,中國/大中華
B24084,2017-07-28,814.7583618164062,英鎊,霸菱香港中國基金-A類 英鎊配息型,yfinance,股票型,中國/大中華
B24084,2017-07-31,822.8370971679688,英鎊,霸菱香港中國基金-A類 英鎊配息型,yfinance,股票型,中國/大中華
B24084,2017-08-01,818.10498046875,英鎊,霸菱香港中國基金-A類 英鎊配息型,yfinance,股票型,中國/大中華
B24084,2017-08-02,817.6853637695312,英鎊,霸菱香港中國基金-A類 英鎊配息型,yfinance,股票型,中國/大中華
B24084,2017-08-03,813.987548828125,英鎊,霸菱香港中國基金-A類 英鎊配息型,yfinance,股票型,中國/大中華
B24084,2017-08-04,820.7393188476562,英鎊,霸菱香港中國基金-A類 英鎊配息型,yfinance,股票型,中國/大中華
B24084,2017-08-08,843.6682739257812,英鎊,霸菱香港中國基金-A類 英鎊配息型,yfinance,股票型,中國/大中華
B24084,2017-08-09,843.2974853515625,英鎊,霸菱香港中國基金-A類 英鎊配息型,yfinance,股票型,中國/大中華
B24084,2017-08-10,838.6142578125,英鎊,霸菱香港中國基金-A類 英鎊配息型,yfinance,股票型,中國/大中華
B24084,2017-08-11,819.5001831054688,英鎊,霸菱香港中國基金-A類 英鎊配息型,yfinance,股票型,中國/大中華
B24084,2017-08-14,829.7059936523438,英鎊,霸菱香港中國基金-A類 英鎊配息型,yfinance,股票型,中國/大中華
B24084,2017-08-15,836.3214111328125,英鎊,霸菱香港中國基金-A類 英鎊配息型,yfinance,股票型,中國/大中華
B24084,2017-08-16,844.5172119140625,英鎊,霸菱香港中國基金-A類 英鎊配息型,yfinance,股票型,中國/大中華
B24084,2017-08-17,846.5076293945312,英鎊,霸菱香港中國基金-A類 英鎊配息型,yfinance,股票型,中國/大中華
B24084,2017-08-18,840.13623046875,英鎊,霸菱香港中國基金-A類 英鎊配息型,yfinance,股票型,中國/大中華
B24084,2017-08-21,844.4000854492188,英鎊,霸菱香港中國基金-A類 英鎊配息型,yfinance,股票型,中國/大中華
B24084,2017-08-22,857.4647827148438,英鎊,霸菱香港中國基金-A類 英鎊配息型,yfinance,股票型,中國/大中華
B24084,2017-08-23,862.3236694335938,英鎊,霸菱香港中國基金-A類 英鎊配息型,yfinance,股票型,中國/大中華
B24084,2017-08-24,868.9096069335938,英鎊,霸菱香港中國基金-A類 英鎊配息型,yfinance,股票型,中國/大中華
B24084,2017-08-25,873.5051879882812,英鎊,霸菱香港中國基金-A類 英鎊配息型,yfinance,股票型,中國/大中華
B24084,2017-08-29,852.3521118164062,英鎊,霸菱香港中國基金-A類 英鎊配息型,yfinance,股票型,中國/大中華
B24084,2017-08-30,861.17236328125,英鎊,霸菱香港中國基金-A類 英鎊配息型,yfinance,股票型,中國/大中華
B24084,2017-08-31,866.9094848632812,英鎊,霸菱香港中國基金-A類 英鎊配息型,yfinance,股票型,中國/大中華
B24084,2017-09-01,864.4116821289062,英鎊,霸菱香港中國基金-A類 英鎊配息型,yfinance,股票型,中國/大中華
B24084,2017-09-04,858.9478759765625,英鎊,霸菱香港中國基金-A類 英鎊配息型,yfinance,股票型,中國/大中華
B24084,2017-09-05,861.2796020507812,英鎊,霸菱香港中國基金-A類 英鎊配息型,yfinance,股票型,中國/大中華
B24084,2017-09-06,851.6690673828125,英鎊,霸菱香港中國基金-A類 英鎊配息型,yfinance,股票型,中國/大中華
B24084,2017-09-07,851.22998046875,英鎊,霸菱香港中國基金-A類 英鎊配息型,yfinance,股票型,中國/大中華
B24084,2017-09-08,848.3029174804688,英鎊,霸菱香港中國基金-A類 英鎊配息型,yfinance,股票型,中國/大中華
B24084,2017-09-11,849.9322509765625,英鎊,霸菱香港中國基金-A類 英鎊配息型,yfinance,股票型,中國/大中華
B24084,2017-09-12,854.1766357421875,英鎊,霸菱香港中國基金-A類 英鎊配息型,yfinance,股票型,中國/大中華
B24084,2017-09-13,858.2453002929688,英鎊,霸菱香港中國基金-A類 英鎊配息型,yfinance,股票型,中國/大中華
B24084,2017-09-14,862.5383911132812,英鎊,霸菱香港中國基金-A類 英鎊配息型,yfinance,股票型,中國/大中華
B24084,2017-09-15,839.1703491210938,英鎊,霸菱香港中國基金-A類 英鎊配息型,yfinance,股票型,中國/大中華
B24084,2017-09-18,851.8933715820312,英鎊,霸菱香港中國基金-A類 英鎊配息型,yfinance,股票型,中國/大中華
B24084,2017-09-19,856.1377563476562,英鎊,霸菱香港中國基金-A類 英鎊配息型,yfinance,股票型,中國/大中華
B24084,2017-09-20,858.2843017578125,英鎊,霸菱香港中國基金-A類 英鎊配息型,yfinance,股票型,中國/大中華
B24084,2017-09-21,859.835693359375,英鎊,霸菱香港中國基金-A類 英鎊配息型,yfinance,股票型,中國/大中華
B24084,2017-09-22,846.8881225585938,英鎊,霸菱香港中國基金-A類 英鎊配息型,yfinance,股票型,中國/大中華
B24084,2017-09-25,836.7896728515625,英鎊,霸菱香港中國基金-A類 英鎊配息型,yfinance,股票型,中國/大中華
B24084,2017-09-26,830.496337890625,英鎊,霸菱香港中國基金-A類 英鎊配息型,yfinance,股票型,中國/大中華
B24084,2017-09-27,835.4821166992188,英鎊,霸菱香港中國基金-A類 英鎊配息型,yfinance,股票型,中國/大中華
B24084,2017-09-28,832.2427978515625,英鎊,霸菱香港中國基金-A類 英鎊配息型,yfinance,股票型,中國/大中華
B24084,2017-09-29,837.4725952148438,英鎊,霸菱香港中國基金-A類 英鎊配息型,yfinance,股票型,中國/大中華
B24084,2017-10-02,843.6390380859375,英鎊,霸菱香港中國基金-A類 英鎊配息型,yfinance,股票型,中國/大中華
B24084,2017-10-03,865.8849487304688,英鎊,霸菱香港中國基金-A類 英鎊配息型,yfinance,股票型,中國/大中華
B24084,2017-10-04,872.9978637695312,英鎊,霸菱香港中國基金-A類 英鎊配息型,yfinance,股票型,中國/大中華
B24084,2017-10-05,878.3543701171875,英鎊,霸菱香港中國基金-A類 英鎊配息型,yfinance,股票型,中國/大中華
B24084,2017-10-06,891.6239013671875,英鎊,霸菱香港中國基金-A類 英鎊配息型,yfinance,股票型,中國/大中華
B24084,2017-10-09,883.4378051757812,英鎊,霸菱香港中國基金-A類 英鎊配息型,yfinance,股票型,中國/大中華
B24084,2017-10-10,886.803955078125,英鎊,霸菱香港中國基金-A類 英鎊配息型,yfinance,股票型,中國/大中華
B24084,2017-10-11,887.886962890625,英鎊,霸菱香港中國基金-A類 英鎊配息型,yfinance,股票型,中國/大中華
B24084,2017-10-12,891.7703247070312,英鎊,霸菱香港中國基金-A類 英鎊配息型,yfinance,股票型,中國/大中華
B24084,2017-10-13,881.6522827148438,英鎊,霸菱香港中國基金-A類 英鎊配息型,yfinance,股票型,中國/大中華
B24084,2017-10-16,886.3355712890625,英鎊,霸菱香港中國基金-A類 英鎊配息型,yfinance,股票型,中國/大中華
B24084,2017-10-17,894.004638671875,英鎊,霸菱香港中國基金-A類 英鎊配息型,yfinance,股票型,中國/大中華
B24084,2017-10-18,891.03857421875,英鎊,霸菱香港中國基金-A類 英鎊配息型,yfinance,股票型,中國/大中華
B24084,2017-10-19,884.6087036132812,英鎊,霸菱香港中國基金-A類 英鎊配息型,yfinance,股票型,中國/大中華
B24084,2017-10-20,891.8484497070312,英鎊,霸菱香港中國基金-A類 英鎊配息型,yfinance,股票型,中國/大中華
B24084,2017-10-23,891.6629638671875,英鎊,霸菱香港中國基金-A類 英鎊配息型,yfinance,股票型,中國/大中華
B24084,2017-10-24,881.6522827148438,英鎊,霸菱香港中國基金-A類 英鎊配息型,yfinance,股票型,中國/大中華
B24084,2017-10-25,882.998779296875,英鎊,霸菱香港中國基金-A類 英鎊配息型,yfinance,股票型,中國/大中華
B24084,2017-10-26,877.154296875,英鎊,霸菱香港中國基金-A類 英鎊配息型,yfinance,股票型,中國/大中華
B24084,2017-10-27,884.2769165039062,英鎊,霸菱香港中國基金-A類 英鎊配息型,yfinance,股票型,中國/大中華
B24084,2017-10-31,878.9984130859375,英鎊,霸菱香港中國基金-A類 英鎊配息型,yfinance,股票型,中國/大中華
B24084,2017-11-01,885.9649658203125,英鎊,霸菱香港中國基金-A類 英鎊配息型,yfinance,股票型,中國/大中華
B24084,2017-11-02,895.643798828125,英鎊,霸菱香港中國基金-A類 英鎊配息型,yfinance,股票型,中國/大中華
B24084,2017-11-03,900.8442993164062,英鎊,霸菱香港中國基金-A類 英鎊配息型,yfinance,股票型,中國/大中華
B24084,2017-11-06,905.635009765625,英鎊,霸菱香港中國基金-A類 英鎊配息型,yfinance,股票型,中國/大中華
B24084,2017-11-07,917.9580688476562,英鎊,霸菱香港中國基金-A類 英鎊配息型,yfinance,股票型,中國/大中華
B24084,2017-11-08,921.060791015625,英鎊,霸菱香港中國基金-A類 英鎊配息型,yfinance,股票型,中國/大中華
B24084,2017-11-09,928.1249389648438,英鎊,霸菱香港中國基金-A類 英鎊配息型,yfinance,股票型,中國/大中華
B24084,2017-11-10,926.3881225585938,英鎊,霸菱香港中國基金-A類 英鎊配息型,yfinance,股票型,中國/大中華
B24084,2017-11-13,935.0914306640625,英鎊,霸菱香港中國基金-A類 英鎊配息型,yfinance,股票型,中國/大中華
B24084,2017-11-14,929.65673828125,英鎊,霸菱香港中國基金-A類 英鎊配息型,yfinance,股票型,中國/大中華
B24084,2017-11-15,911.2745361328125,英鎊,霸菱香港中國基金-A類 英鎊配息型,yfinance,股票型,中國/大中華
B24084,2017-11-16,917.2263793945312,英鎊,霸菱香港中國基金-A類 英鎊配息型,yfinance,股票型,中國/大中華
B24084,2017-11-17,923.9585571289062,英鎊,霸菱香港中國基金-A類 英鎊配息型,yfinance,股票型,中國/大中華
B24084,2017-11-20,924.7684936523438,英鎊,霸菱香港中國基金-A類 英鎊配息型,yfinance,股票型,中國/大中華
B24084,2017-11-21,938.184326171875,英鎊,霸菱香港中國基金-A類 英鎊配息型,yfinance,股票型,中國/大中華
B24084,2017-11-22,940.2333374023438,英鎊,霸菱香港中國基金-A類 英鎊配息型,yfinance,股票型,中國/大中華
B24084,2017-11-23,920.7974243164062,英鎊,霸菱香港中國基金-A類 英鎊配息型,yfinance,股票型,中國/大中華
B24084,2017-11-24,922.6123046875,英鎊,霸菱香港中國基金-A類 英鎊配息型,yfinance,股票型,中國/大中華
B24084,2017-11-27,907.859619140625,英鎊,霸菱香港中國基金-A類 英鎊配息型,yfinance,股票型,中國/大中華
B24084,2017-11-28,911.3038330078125,英鎊,霸菱香港中國基金-A類 英鎊配息型,yfinance,股票型,中國/大中華
B24084,2017-11-29,901.2053833007812,英鎊,霸菱香港中國基金-A類 英鎊配息型,yfinance,股票型,中國/大中華
B24084,2017-11-30,877.0762329101562,英鎊,霸菱香港中國基金-A類 英鎊配息型,yfinance,股票型,中國/大中華
B24084,2017-12-01,869.6512451171875,英鎊,霸菱香港中國基金-A類 英鎊配息型,yfinance,股票型,中國/大中華
B24084,2017-12-04,871.2318725585938,英鎊,霸菱香港中國基金-A類 英鎊配息型,yfinance,股票型,中國/大中華
B24084,2017-12-05,864.0506591796875,英鎊,霸菱香港中國基金-A類 英鎊配息型,yfinance,股票型,中國/大中華
B24084,2017-12-06,845.7953491210938,英鎊,霸菱香港中國基金-A類 英鎊配息型,yfinance,股票型,中國/大中華
B24084,2017-12-07,855.3084106445312,英鎊,霸菱香港中國基金-A類 英鎊配息型,yfinance,股票型,中國/大中華
B24084,2017-12-08,863.5628662109375,英鎊,霸菱香港中國基金-A類 英鎊配息型,yfinance,股票型,中國/大中華
B24084,2017-12-11,882.5792236328125,英鎊,霸菱香港中國基金-A類 英鎊配息型,yfinance,股票型,中國/大中華
B24084,2017-12-12,877.8471069335938,英鎊,霸菱香港中國基金-A類 英鎊配息型,yfinance,股票型,中國/大中華
B24084,2017-12-13,881.8961791992188,英鎊,霸菱香港中國基金-A類 英鎊配息型,yfinance,股票型,中國/大中華
B24084,2017-12-14,877.6715087890625,英鎊,霸菱香港中國基金-A類 英鎊配息型,yfinance,股票型,中國/大中華
B24084,2017-12-15,869.709716796875,英鎊,霸菱香港中國基金-A類 英鎊配息型,yfinance,股票型,中國/大中華
B24084,2017-12-18,871.9733276367188,英鎊,霸菱香港中國基金-A類 英鎊配息型,yfinance,股票型,中國/大中華
B24084,2017-12-19,882.5597534179688,英鎊,霸菱香港中國基金-A類 英鎊配息型,yfinance,股票型,中國/大中華
B24084,2017-12-20,878.4033203125,英鎊,霸菱香港中國基金-A類 英鎊配息型,yfinance,股票型,中國/大中華
B24084,2017-12-21,886.5113525390625,英鎊,霸菱香港中國基金-A類 英鎊配息型,yfinance,股票型,中國/大中華
B24084,2017-12-22,894.7949829101562,英鎊,霸菱香港中國基金-A類 英鎊配息型,yfinance,股票型,中國/大中華
B24084,2017-12-28,894.0632934570312,英鎊,霸菱香港中國基金-A類 英鎊配息型,yfinance,股票型,中國/大中華
B24084,2017-12-29,889.5457763671875,英鎊,霸菱香港中國基金-A類 英鎊配息型,yfinance,股票型,中國/大中華
B40022,2017-01-03,3.160900115966797,英鎊,GAM Star歐洲股票基金累積單位-英鎊,yfinance,股票型,歐洲(含歐元區)
B40022,2017-01-04,3.1698999404907227,英鎊,GAM Star歐洲股票基金累積單位-英鎊,yfinance,股票型,歐洲(含歐元區)
B40022,2017-01-05,3.187999963760376,英鎊,GAM Star歐洲股票基金累積單位-英鎊,yfinance,股票型,歐洲(含歐元區)
B40022,2017-01-06,3.202399969100952,英鎊,GAM Star歐洲股票基金累積單位-英鎊,yfinance,股票型,歐洲(含歐元區)
B40022,2017-01-09,3.2209999561309814,英鎊,GAM Star歐洲股票基金累積單位-英鎊,yfinance,股票型,歐洲(含歐元區)
B40022,2017-01-10,3.234499931335449,英鎊,GAM Star歐洲股票基金累積單位-英鎊,yfinance,股票型,歐洲(含歐元區)
B40022,2017-01-11,3.225800037384033,英鎊,GAM Star歐洲股票基金累積單位-英鎊,yfinance,股票型,歐洲(含歐元區)
B40022,2017-01-12,3.2351999282836914,英鎊,GAM Star歐洲股票基金累積單位-英鎊,yfinance,股票型,歐洲(含歐元區)
B40022,2017-01-13,3.2806999683380127,英鎊,GAM Star歐洲股票基金累積單位-英鎊,yfinance,股票型,歐洲(含歐元區)
B40022,2017-01-16,3.2825000286102295,英鎊,GAM Star歐洲股票基金累積單位-英鎊,yfinance,股票型,歐洲(含歐元區)
B40022,2017-01-17,3.2207999229431152,英鎊,GAM Star歐洲股票基金累積單位-英鎊,yfinance,股票型,歐洲(含歐元區)
B40022,2017-01-18,3.2314000129699707,英鎊,GAM Star歐洲股票基金累積單位-英鎊,yfinance,股票型,歐洲(含歐元區)
B40022,2017-01-19,3.2191998958587646,英鎊,GAM Star歐洲股票基金累積單位-英鎊,yfinance,股票型,歐洲(含歐元區)
B40022,2017-01-20,3.229099988937378,英鎊,GAM Star歐洲股票基金累積單位-英鎊,yfinance,股票型,歐洲(含歐元區)
B40022,2017-01-23,3.191200017929077,英鎊,GAM Star歐洲股票基金累積單位-英鎊,yfinance,股票型,歐洲(含歐元區)
B40022,2017-01-24,3.197499990463257,英鎊,GAM Star歐洲股票基金累積單位-英鎊,yfinance,股票型,歐洲(含歐元區)
B40022,2017-01-25,3.197200059890747,英鎊,GAM Star歐洲股票基金累積單位-英鎊,yfinance,股票型,歐洲(含歐元區)
B40022,2017-01-26,3.1891000270843506,英鎊,GAM Star歐洲股票基金累積單位-英鎊,yfinance,股票型,歐洲(含歐元區)
B40022,2017-01-27,3.204900026321411,英鎊,GAM Star歐洲股票基金累積單位-英鎊,yfinance,股票型,歐洲(含歐元區)
B40022,2017-01-30,3.1810998916625977,英鎊,GAM Star歐洲股票基金累積單位-英鎊,yfinance,股票型,歐洲(含歐元區)
B40022,2017-01-31,3.1763999462127686,英鎊,GAM Star歐洲股票基金累積單位-英鎊,yfinance,股票型,歐洲(含歐元區)
B40022,2017-02-01,3.168100118637085,英鎊,GAM Star歐洲股票基金累積單位-英鎊,yfinance,股票型,歐洲(含歐元區)
B40022,2017-02-02,3.2153000831604004,英鎊,GAM Star歐洲股票基金累積單位-英鎊,yfinance,股票型,歐洲(含歐元區)
B40022,2017-02-03,3.2325000762939453,英鎊,GAM Star歐洲股票基金累積單位-英鎊,yfinance,股票型,歐洲(含歐元區)
B40022,2017-02-06,3.200000047683716,英鎊,GAM Star歐洲股票基金累積單位-英鎊,yfinance,股票型,歐洲(含歐元區)
B40022,2017-02-07,3.1933000087738037,英鎊,GAM Star歐洲股票基金累積單位-英鎊,yfinance,股票型,歐洲(含歐元區)
B40022,2017-02-08,3.185800075531006,英鎊,GAM Star歐洲股票基金累積單位-英鎊,yfinance,股票型,歐洲(含歐元區)
B40022,2017-02-09,3.198199987411499,英鎊,GAM Star歐洲股票基金累積單位-英鎊,yfinance,股票型,歐洲(含歐元區)
B40022,2017-02-10,3.2049999237060547,英鎊,GAM Star歐洲股票基金累積單位-英鎊,yfinance,股票型,歐洲(含歐元區)
B40022,2017-02-13,3.2183001041412354,英鎊,GAM Star歐洲股票基金累積單位-英鎊,yfinance,股票型,歐洲(含歐元區)
B40022,2017-02-14,3.2170000076293945,英鎊,GAM Star歐洲股票基金累積單位-英鎊,yfinance,股票型,歐洲(含歐元區)
B40022,2017-02-15,3.2279000282287598,英鎊,GAM Star歐洲股票基金累積單位-英鎊,yfinance,股票型,歐洲(含歐元區)
B40022,2017-02-16,3.2414000034332275,英鎊,GAM Star歐洲股票基金累積單位-英鎊,yfinance,股票型,歐洲(含歐元區)
B40022,2017-02-17,3.233799934387207,英鎊,GAM Star歐洲股票基金累積單位-英鎊,yfinance,股票型,歐洲(含歐元區)
B40022,2017-02-20,3.2284998893737793,英鎊,GAM Star歐洲股票基金累積單位-英鎊,yfinance,股票型,歐洲(含歐元區)
B40022,2017-02-21,3.227400064468384,英鎊,GAM Star歐洲股票基金累積單位-英鎊,yfinance,股票型,歐洲(含歐元區)
B40022,2017-02-22,3.2344000339508057,英鎊,GAM Star歐洲股票基金累積單位-英鎊,yfinance,股票型,歐洲(含歐元區)
B40022,2017-02-23,3.225600004196167,英鎊,GAM Star歐洲股票基金累積單位-英鎊,yfinance,股票型,歐洲(含歐元區)
B40022,2017-02-24,3.2090001106262207,英鎊,GAM Star歐洲股票基金累積單位-英鎊,yfinance,股票型,歐洲(含歐元區)
B40022,2017-02-27,3.2193000316619873,英鎊,GAM Star歐洲股票基金累積單位-英鎊,yfinance,股票型,歐洲(含歐元區)
B40022,2017-02-28,3.240299940109253,英鎊,GAM Star歐洲股票基金累積單位-英鎊,yfinance,股票型,歐洲(含歐元區)
B40022,2017-03-01,3.30430006980896,英鎊,GAM Star歐洲股票基金累積單位-英鎊,yfinance,股票型,歐洲(含歐元區)
B40022,2017-03-02,3.294300079345703,英鎊,GAM Star歐洲股票基金累積單位-英鎊,yfinance,股票型,歐洲(含歐元區)
B40022,2017-03-03,3.3029000759124756,英鎊,GAM Star歐洲股票基金累積單位-英鎊,yfinance,股票型,歐洲(含歐元區)
B40022,2017-03-06,3.296999931335449,英鎊,GAM Star歐洲股票基金累積單位-英鎊,yfinance,股票型,歐洲(含歐元區)
B40022,2017-03-07,3.30049991607666,英鎊,GAM Star歐洲股票基金累積單位-英鎊,yfinance,股票型,歐洲(含歐元區)
B40022,2017-03-08,3.3043999671936035,英鎊,GAM Star歐洲股票基金累積單位-英鎊,yfinance,股票型,歐洲(含歐元區)
B40022,2017-03-09,3.3285999298095703,英鎊,GAM Star歐洲股票基金累積單位-英鎊,yfinance,股票型,歐洲(含歐元區)
B40022,2017-03-10,3.3512001037597656,英鎊,GAM Star歐洲股票基金累積單位-英鎊,yfinance,股票型,歐洲(含歐元區)
B40022,2017-03-13,3.3466999530792236,英鎊,GAM Star歐洲股票基金累積單位-英鎊,yfinance,股票型,歐洲(含歐元區)
B40022,2017-03-14,3.350800037384033,英鎊,GAM Star歐洲股票基金累積單位-英鎊,yfinance,股票型,歐洲(含歐元區)
B40022,2017-03-15,3.341200113296509,英鎊,GAM Star歐洲股票基金累積單位-英鎊,yfinance,股票型,歐洲(含歐元區)
B40022,2017-03-16,3.359499931335449,英鎊,GAM Star歐洲股票基金累積單位-英鎊,yfinance,股票型,歐洲(含歐元區)
B40022,2017-03-20,3.3773999214172363,英鎊,GAM Star歐洲股票基金累積單位-英鎊,yfinance,股票型,歐洲(含歐元區)
B40022,2017-03-21,3.3382999897003174,英鎊,GAM Star歐洲股票基金累積單位-英鎊,yfinance,股票型,歐洲(含歐元區)
B40022,2017-03-22,3.322999954223633,英鎊,GAM Star歐洲股票基金累積單位-英鎊,yfinance,股票型,歐洲(含歐元區)
B40022,2017-03-23,3.338599920272827,英鎊,GAM Star歐洲股票基金累積單位-英鎊,yfinance,股票型,歐洲(含歐元區)
B40022,2017-03-24,3.3468000888824463,英鎊,GAM Star歐洲股票基金累積單位-英鎊,yfinance,股票型,歐洲(含歐元區)
B40022,2017-03-27,3.330199956893921,英鎊,GAM Star歐洲股票基金累積單位-英鎊,yfinance,股票型,歐洲(含歐元區)
B40022,2017-03-28,3.356100082397461,英鎊,GAM Star歐洲股票基金累積單位-英鎊,yfinance,股票型,歐洲(含歐元區)
B40022,2017-03-29,3.363600015640259,英鎊,GAM Star歐洲股票基金累積單位-英鎊,yfinance,股票型,歐洲(含歐元區)
B40022,2017-03-30,3.3610999584198,英鎊,GAM Star歐洲股票基金累積單位-英鎊,yfinance,股票型,歐洲(含歐元區)
B40022,2017-03-31,3.3613998889923096,英鎊,GAM Star歐洲股票基金累積單位-英鎊,yfinance,股票型,歐洲(含歐元區)
B40022,2017-04-03,3.3394999504089355,英鎊,GAM Star歐洲股票基金累積單位-英鎊,yfinance,股票型,歐洲(含歐元區)
B40022,2017-04-04,3.3626999855041504,英鎊,GAM Star歐洲股票基金累積單位-英鎊,yfinance,股票型,歐洲(含歐元區)
B40022,2017-04-05,3.355799913406372,英鎊,GAM Star歐洲股票基金累積單位-英鎊,yfinance,股票型,歐洲(含歐元區)
B40022,2017-04-06,3.3624000549316406,英鎊,GAM Star歐洲股票基金累積單位-英鎊,yfinance,股票型,歐洲(含歐元區)
B40022,2017-04-07,3.3794000148773193,英鎊,GAM Star歐洲股票基金累積單位-英鎊,yfinance,股票型,歐洲(含歐元區)
B40022,2017-04-10,3.3626999855041504,英鎊,GAM Star歐洲股票基金累積單位-英鎊,yfinance,股票型,歐洲(含歐元區)
B40022,2017-04-11,3.3554999828338623,英鎊,GAM Star歐洲股票基金累積單位-英鎊,yfinance,股票型,歐洲(含歐元區)
B40022,2017-04-12,3.3582000732421875,英鎊,GAM Star歐洲股票基金累積單位-英鎊,yfinance,股票型,歐洲(含歐元區)
B40022,2017-04-13,3.350800037384033,英鎊,GAM Star歐洲股票基金累積單位-英鎊,yfinance,股票型,歐洲(含歐元區)
B40022,2017-04-18,3.2822000980377197,英鎊,GAM Star歐洲股票基金累積單位-英鎊,yfinance,股票型,歐洲(含歐元區)
B40022,2017-04-19,3.288300037384033,英鎊,GAM Star歐洲股票基金累積單位-英鎊,yfinance,股票型,歐洲(含歐元區)
B40022,2017-04-20,3.3027000427246094,英鎊,GAM Star歐洲股票基金累積單位-英鎊,yfinance,股票型,歐洲(含歐元區)
B40022,2017-04-21,3.2909998893737793,英鎊,GAM Star歐洲股票基金累積單位-英鎊,yfinance,股票型,歐洲(含歐元區)
B40022,2017-04-24,3.436800003051758,英鎊,GAM Star歐洲股票基金累積單位-英鎊,yfinance,股票型,歐洲(含歐元區)
B40022,2017-04-25,3.449899911880493,英鎊,GAM Star歐洲股票基金累積單位-英鎊,yfinance,股票型,歐洲(含歐元區)
B40022,2017-04-26,3.439199924468994,英鎊,GAM Star歐洲股票基金累積單位-英鎊,yfinance,股票型,歐洲(含歐元區)
B40022,2017-04-27,3.421299934387207,英鎊,GAM Star歐洲股票基金累積單位-英鎊,yfinance,股票型,歐洲(含歐元區)
B40022,2017-04-28,3.421799898147583,英鎊,GAM Star歐洲股票基金累積單位-英鎊,yfinance,股票型,歐洲(含歐元區)
B40022,2017-05-02,3.4644999504089355,英鎊,GAM Star歐洲股票基金累積單位-英鎊,yfinance,股票型,歐洲(含歐元區)
B40022,2017-05-03,3.4697000980377197,英鎊,GAM Star歐洲股票基金累積單位-英鎊,yfinance,股票型,歐洲(含歐元區)
B40022,2017-05-04,3.5118000507354736,英鎊,GAM Star歐洲股票基金累積單位-英鎊,yfinance,股票型,歐洲(含歐元區)
B40022,2017-05-05,3.538599967956543,英鎊,GAM Star歐洲股票基金累積單位-英鎊,yfinance,股票型,歐洲(含歐元區)
B40022,2017-05-08,3.515899896621704,英鎊,GAM Star歐洲股票基金累積單位-英鎊,yfinance,股票型,歐洲(含歐元區)
B40022,2017-05-09,3.5111000537872314,英鎊,GAM Star歐洲股票基金累積單位-英鎊,yfinance,股票型,歐洲(含歐元區)
B40022,2017-05-10,3.5072999000549316,英鎊,GAM Star歐洲股票基金累積單位-英鎊,yfinance,股票型,歐洲(含歐元區)
B40022,2017-05-11,3.499799966812134,英鎊,GAM Star歐洲股票基金累積單位-英鎊,yfinance,股票型,歐洲(含歐元區)
B40022,2017-05-12,3.5120999813079834,英鎊,GAM Star歐洲股票基金累積單位-英鎊,yfinance,股票型,歐洲(含歐元區)
B40022,2017-05-15,3.5269999504089355,英鎊,GAM Star歐洲股票基金累積單位-英鎊,yfinance,股票型,歐洲(含歐元區)
B40022,2017-05-16,3.561800003051758,英鎊,GAM Star歐洲股票基金累積單位-英鎊,yfinance,股票型,歐洲(含歐元區)
B40022,2017-05-17,3.523400068283081,英鎊,GAM Star歐洲股票基金累積單位-英鎊,yfinance,股票型,歐洲(含歐元區)
B40022,2017-05-18,3.499000072479248,英鎊,GAM Star歐洲股票基金累積單位-英鎊,yfinance,股票型,歐洲(含歐元區)
B40022,2017-05-19,3.5322999954223633,英鎊,GAM Star歐洲股票基金累積單位-英鎊,yfinance,股票型,歐洲(含歐元區)
B40022,2017-05-22,3.5515999794006348,英鎊,GAM Star歐洲股票基金累積單位-英鎊,yfinance,股票型,歐洲(含歐元區)
B40022,2017-05-23,3.564500093460083,英鎊,GAM Star歐洲股票基金累積單位-英鎊,yfinance,股票型,歐洲(含歐元區)
B40022,2017-05-24,3.5618999004364014,英鎊,GAM Star歐洲股票基金累積單位-英鎊,yfinance,股票型,歐洲(含歐元區)
B40022,2017-05-25,3.5785999298095703,英鎊,GAM Star歐洲股票基金累積單位-英鎊,yfinance,股票型,歐洲(含歐元區)
B40022,2017-05-26,3.6047000885009766,英鎊,GAM Star歐洲股票基金累積單位-英鎊,yfinance,股票型,歐洲(含歐元區)
B40022,2017-05-30,3.5896999835968018,英鎊,GAM Star歐洲股票基金累積單位-英鎊,yfinance,股票型,歐洲(含歐元區)
B40022,2017-05-31,3.589099884033203,英鎊,GAM Star歐洲股票基金累積單位-英鎊,yfinance,股票型,歐洲(含歐元區)
B40022,2017-06-01,3.612799882888794,英鎊,GAM Star歐洲股票基金累積單位-英鎊,yfinance,股票型,歐洲(含歐元區)
B40022,2017-06-02,3.6494998931884766,英鎊,GAM Star歐洲股票基金累積單位-英鎊,yfinance,股票型,歐洲(含歐元區)
B40022,2017-06-06,3.600100040435791,英鎊,GAM Star歐洲股票基金累積單位-英鎊,yfinance,股票型,歐洲(含歐元區)
B40022,2017-06-07,3.5810999870300293,英鎊,GAM Star歐洲股票基金累積單位-英鎊,yfinance,股票型,歐洲(含歐元區)
B40022,2017-06-08,3.5769999027252197,英鎊,GAM Star歐洲股票基金累積單位-英鎊,yfinance,股票型,歐洲(含歐元區)
B40022,2017-06-09,3.6298000812530518,英鎊,GAM Star歐洲股票基金累積單位-英鎊,yfinance,股票型,歐洲(含歐元區)
B40022,2017-06-12,3.6154000759124756,英鎊,GAM Star歐洲股票基金累積單位-英鎊,yfinance,股票型,歐洲(含歐元區)
B40022,2017-06-13,3.629300117492676,英鎊,GAM Star歐洲股票基金累積單位-英鎊,yfinance,股票型,歐洲(含歐元區)
B40022,2017-06-14,3.63700008392334,英鎊,GAM Star歐洲股票基金累積單位-英鎊,yfinance,股票型,歐洲(含歐元區)
B40022,2017-06-15,3.5771000385284424,英鎊,GAM Star歐洲股票基金累積單位-英鎊,yfinance,股票型,歐洲(含歐元區)
B40022,2017-06-16,3.6059999465942383,英鎊,GAM Star歐洲股票基金累積單位-英鎊,yfinance,股票型,歐洲(含歐元區)
B40022,2017-06-19,3.635699987411499,英鎊,GAM Star歐洲股票基金累積單位-英鎊,yfinance,股票型,歐洲(含歐元區)
B40022,2017-06-20,3.640899896621704,英鎊,GAM Star歐洲股票基金累積單位-英鎊,yfinance,股票型,歐洲(含歐元區)
B40022,2017-06-21,3.6201999187469482,英鎊,GAM Star歐洲股票基金累積單位-英鎊,yfinance,股票型,歐洲(含歐元區)
B40022,2017-06-22,3.6352999210357666,英鎊,GAM Star歐洲股票基金累積單位-英鎊,yfinance,股票型,歐洲(含歐元區)
B40022,2017-06-23,3.603300094604492,英鎊,GAM Star歐洲股票基金累積單位-英鎊,yfinance,股票型,歐洲(含歐元區)
B40022,2017-06-26,3.6057000160217285,英鎊,GAM Star歐洲股票基金累積單位-英鎊,yfinance,股票型,歐洲(含歐元區)
B40022,2017-06-27,3.5789999961853027,英鎊,GAM Star歐洲股票基金累積單位-英鎊,yfinance,股票型,歐洲(含歐元區)
B40022,2017-06-28,3.5604000091552734,英鎊,GAM Star歐洲股票基金累積單位-英鎊,yfinance,股票型,歐洲(含歐元區)
B40022,2017-06-29,3.5137999057769775,英鎊,GAM Star歐洲股票基金累積單位-英鎊,yfinance,股票型,歐洲(含歐元區)
B40022,2017-06-30,3.4993999004364014,英鎊,GAM Star歐洲股票基金累積單位-英鎊,yfinance,股票型,歐洲(含歐元區)
B40022,2017-07-03,3.535099983215332,英鎊,GAM Star歐洲股票基金累積單位-英鎊,yfinance,股票型,歐洲(含歐元區)
B40022,2017-07-04,3.5269999504089355,英鎊,GAM Star歐洲股票基金累積單位-英鎊,yfinance,股票型,歐洲(含歐元區)
B40022,2017-07-05,3.5260000228881836,英鎊,GAM Star歐洲股票基金累積單位-英鎊,yfinance,股票型,歐洲(含歐元區)
B40022,2017-07-06,3.515500068664551,英鎊,GAM Star歐洲股票基金累積單位-英鎊,yfinance,股票型,歐洲(含歐元區)
B40022,2017-07-07,3.5241000652313232,英鎊,GAM Star歐洲股票基金累積單位-英鎊,yfinance,股票型,歐洲(含歐元區)
B40022,2017-07-10,3.5434000492095947,英鎊,GAM Star歐洲股票基金累積單位-英鎊,yfinance,股票型,歐洲(含歐元區)
B40022,2017-07-11,3.5378000736236572,英鎊,GAM Star歐洲股票基金累積單位-英鎊,yfinance,股票型,歐洲(含歐元區)
B40022,2017-07-12,3.5645999908447266,英鎊,GAM Star歐洲股票基金累積單位-英鎊,yfinance,股票型,歐洲(含歐元區)
B40022,2017-07-13,3.565700054168701,英鎊,GAM Star歐洲股票基金累積單位-英鎊,yfinance,股票型,歐洲(含歐元區)
B40022,2017-07-14,3.5436999797821045,英鎊,GAM Star歐洲股票基金累積單位-英鎊,yfinance,股票型,歐洲(含歐元區)
B40022,2017-07-17,3.566499948501587,英鎊,GAM Star歐洲股票基金累積單位-英鎊,yfinance,股票型,歐洲(含歐元區)
B40022,2017-07-18,3.57069993019104,英鎊,GAM Star歐洲股票基金累積單位-英鎊,yfinance,股票型,歐洲(含歐元區)
B40022,2017-07-19,3.5673999786376953,英鎊,GAM Star歐洲股票基金累積單位-英鎊,yfinance,股票型,歐洲(含歐元區)
B40022,2017-07-20,3.6038999557495117,英鎊,GAM Star歐洲股票基金累積單位-英鎊,yfinance,股票型,歐洲(含歐元區)
B40022,2017-07-21,3.5662999153137207,英鎊,GAM Star歐洲股票基金累積單位-英鎊,yfinance,股票型,歐洲(含歐元區)
B40022,2017-07-24,3.5343000888824463,英鎊,GAM Star歐洲股票基金累積單位-英鎊,yfinance,股票型,歐洲(含歐元區)
B40022,2017-07-25,3.5664000511169434,英鎊,GAM Star歐洲股票基金累積單位-英鎊,yfinance,股票型,歐洲(含歐元區)
B40022,2017-07-26,3.582200050354004,英鎊,GAM Star歐洲股票基金累積單位-英鎊,yfinance,股票型,歐洲(含歐元區)
B40022,2017-07-27,3.6013998985290527,英鎊,GAM Star歐洲股票基金累積單位-英鎊,yfinance,股票型,歐洲(含歐元區)
B40022,2017-07-28,3.612799882888794,英鎊,GAM Star歐洲股票基金累積單位-英鎊,yfinance,股票型,歐洲(含歐元區)
B40022,2017-07-31,3.592600107192993,英鎊,GAM Star歐洲股票基金累積單位-英鎊,yfinance,股票型,歐洲(含歐元區)
B40022,2017-08-01,3.6096999645233154,英鎊,GAM Star歐洲股票基金累積單位-英鎊,yfinance,股票型,歐洲(含歐元區)
B40022,2017-08-02,3.599900007247925,英鎊,GAM Star歐洲股票基金累積單位-英鎊,yfinance,股票型,歐洲(含歐元區)
B40022,2017-08-03,3.637500047683716,英鎊,GAM Star歐洲股票基金累積單位-英鎊,yfinance,股票型,歐洲(含歐元區)
B40022,2017-08-04,3.656899929046631,英鎊,GAM Star歐洲股票基金累積單位-英鎊,yfinance,股票型,歐洲(含歐元區)
B40022,2017-08-08,3.670300006866455,英鎊,GAM Star歐洲股票基金累積單位-英鎊,yfinance,股票型,歐洲(含歐元區)
B40022,2017-08-09,3.6322999000549316,英鎊,GAM Star歐洲股票基金累積單位-英鎊,yfinance,股票型,歐洲(含歐元區)
B40022,2017-08-10,3.603800058364868,英鎊,GAM Star歐洲股票基金累積單位-英鎊,yfinance,股票型,歐洲(含歐元區)
B40022,2017-08-11,3.593600034713745,英鎊,GAM Star歐洲股票基金累積單位-英鎊,yfinance,股票型,歐洲(含歐元區)
B40022,2017-08-14,3.629699945449829,英鎊,GAM Star歐洲股票基金累積單位-英鎊,yfinance,股票型,歐洲(含歐元區)
B40022,2017-08-15,3.6556999683380127,英鎊,GAM Star歐洲股票基金累積單位-英鎊,yfinance,股票型,歐洲(含歐元區)
B40022,2017-08-16,3.6823999881744385,英鎊,GAM Star歐洲股票基金累積單位-英鎊,yfinance,股票型,歐洲(含歐元區)
B40022,2017-08-17,3.6672000885009766,英鎊,GAM Star歐洲股票基金累積單位-英鎊,yfinance,股票型,歐洲(含歐元區)
B40022,2017-08-18,3.6614999771118164,英鎊,GAM Star歐洲股票基金累積單位-英鎊,yfinance,股票型,歐洲(含歐元區)
B40022,2017-08-21,3.6584999561309814,英鎊,GAM Star歐洲股票基金累積單位-英鎊,yfinance,股票型,歐洲(含歐元區)
B40022,2017-08-22,3.696500062942505,英鎊,GAM Star歐洲股票基金累積單位-英鎊,yfinance,股票型,歐洲(含歐元區)
B40022,2017-08-23,3.699199914932251,英鎊,GAM Star歐洲股票基金累積單位-英鎊,yfinance,股票型,歐洲(含歐元區)
B40022,2017-08-24,3.6984000205993652,英鎊,GAM Star歐洲股票基金累積單位-英鎊,yfinance,股票型,歐洲(含歐元區)
B40022,2017-08-25,3.682300090789795,英鎊,GAM Star歐洲股票基金累積單位-英鎊,yfinance,股票型,歐洲(含歐元區)
B40022,2017-08-29,3.6570000648498535,英鎊,GAM Star歐洲股票基金累積單位-英鎊,yfinance,股票型,歐洲(含歐元區)
B40022,2017-08-30,3.6547999382019043,英鎊,GAM Star歐洲股票基金累積單位-英鎊,yfinance,股票型,歐洲(含歐元區)
B40022,2017-08-31,3.684000015258789,英鎊,GAM Star歐洲股票基金累積單位-英鎊,yfinance,股票型,歐洲(含歐元區)
B40022,2017-09-01,3.679500102996826,英鎊,GAM Star歐洲股票基金累積單位-英鎊,yfinance,股票型,歐洲(含歐元區)
B40022,2017-09-04,3.6728999614715576,英鎊,GAM Star歐洲股票基金累積單位-英鎊,yfinance,股票型,歐洲(含歐元區)
B40022,2017-09-05,3.659600019454956,英鎊,GAM Star歐洲股票基金累積單位-英鎊,yfinance,股票型,歐洲(含歐元區)
B40022,2017-09-06,3.651900053024292,英鎊,GAM Star歐洲股票基金累積單位-英鎊,yfinance,股票型,歐洲(含歐元區)
B40022,2017-09-07,3.674299955368042,英鎊,GAM Star歐洲股票基金累積單位-英鎊,yfinance,股票型,歐洲(含歐元區)
B40022,2017-09-08,3.660900115966797,英鎊,GAM Star歐洲股票基金累積單位-英鎊,yfinance,股票型,歐洲(含歐元區)
B40022,2017-09-11,3.6926000118255615,英鎊,GAM Star歐洲股票基金累積單位-英鎊,yfinance,股票型,歐洲(含歐元區)
B40022,2017-09-12,3.6758999824523926,英鎊,GAM Star歐洲股票基金累積單位-英鎊,yfinance,股票型,歐洲(含歐元區)
B40022,2017-09-13,3.680000066757202,英鎊,GAM Star歐洲股票基金累積單位-英鎊,yfinance,股票型,歐洲(含歐元區)
B40022,2017-09-14,3.630500078201294,英鎊,GAM Star歐洲股票基金累積單位-英鎊,yfinance,股票型,歐洲(含歐元區)
B40022,2017-09-15,3.588399887084961,英鎊,GAM Star歐洲股票基金累積單位-英鎊,yfinance,股票型,歐洲(含歐元區)
B40022,2017-09-18,3.600100040435791,英鎊,GAM Star歐洲股票基金累積單位-英鎊,yfinance,股票型,歐洲(含歐元區)
B40022,2017-09-19,3.6166999340057373,英鎊,GAM Star歐洲股票基金累積單位-英鎊,yfinance,股票型,歐洲(含歐元區)
B40022,2017-09-20,3.6010000705718994,英鎊,GAM Star歐洲股票基金累積單位-英鎊,yfinance,股票型,歐洲(含歐元區)
B40022,2017-09-21,3.5864999294281006,英鎊,GAM Star歐洲股票基金累積單位-英鎊,yfinance,股票型,歐洲(含歐元區)
B40022,2017-09-22,3.600600004196167,英鎊,GAM Star歐洲股票基金累積單位-英鎊,yfinance,股票型,歐洲(含歐元區)
B40022,2017-09-25,3.573499917984009,英鎊,GAM Star歐洲股票基金累積單位-英鎊,yfinance,股票型,歐洲(含歐元區)
B40022,2017-09-26,3.5596001148223877,英鎊,GAM Star歐洲股票基金累積單位-英鎊,yfinance,股票型,歐洲(含歐元區)
B40022,2017-09-27,3.5820000171661377,英鎊,GAM Star歐洲股票基金累積單位-英鎊,yfinance,股票型,歐洲(含歐元區)
B40022,2017-09-28,3.5933001041412354,英鎊,GAM Star歐洲股票基金累積單位-英鎊,yfinance,股票型,歐洲(含歐元區)
B40022,2017-09-29,3.6366000175476074,英鎊,GAM Star歐洲股票基金累積單位-英鎊,yfinance,股票型,歐洲(含歐元區)
B40022,2017-10-02,3.6589999198913574,英鎊,GAM Star歐洲股票基金累積單位-英鎊,yfinance,股票型,歐洲(含歐元區)
B40022,2017-10-03,3.6791999340057373,英鎊,GAM Star歐洲股票基金累積單位-英鎊,yfinance,股票型,歐洲(含歐元區)
B40022,2017-10-04,3.668800115585327,英鎊,GAM Star歐洲股票基金累積單位-英鎊,yfinance,股票型,歐洲(含歐元區)
B40022,2017-10-05,3.7093000411987305,英鎊,GAM Star歐洲股票基金累積單位-英鎊,yfinance,股票型,歐洲(含歐元區)
B40022,2017-10-06,3.7218000888824463,英鎊,GAM Star歐洲股票基金累積單位-英鎊,yfinance,股票型,歐洲(含歐元區)
B40022,2017-10-09,3.708199977874756,英鎊,GAM Star歐洲股票基金累積單位-英鎊,yfinance,股票型,歐洲(含歐元區)
B40022,2017-10-10,3.70740008354187,英鎊,GAM Star歐洲股票基金累積單位-英鎊,yfinance,股票型,歐洲(含歐元區)
B40022,2017-10-11,3.733099937438965,英鎊,GAM Star歐洲股票基金累積單位-英鎊,yfinance,股票型,歐洲(含歐元區)
B40022,2017-10-12,3.7407000064849854,英鎊,GAM Star歐洲股票基金累積單位-英鎊,yfinance,股票型,歐洲(含歐元區)
B40022,2017-10-13,3.7028000354766846,英鎊,GAM Star歐洲股票基金累積單位-英鎊,yfinance,股票型,歐洲(含歐元區)
B40022,2017-10-16,3.694200038909912,英鎊,GAM Star歐洲股票基金累積單位-英鎊,yfinance,股票型,歐洲(含歐元區)
B40022,2017-10-17,3.694700002670288,英鎊,GAM Star歐洲股票基金累積單位-英鎊,yfinance,股票型,歐洲(含歐元區)
B40022,2017-10-18,3.70989990234375,英鎊,GAM Star歐洲股票基金累積單位-英鎊,yfinance,股票型,歐洲(含歐元區)
B40022,2017-10-19,3.709399938583374,英鎊,GAM Star歐洲股票基金累積單位-英鎊,yfinance,股票型,歐洲(含歐元區)
B40022,2017-10-20,3.699199914932251,英鎊,GAM Star歐洲股票基金累積單位-英鎊,yfinance,股票型,歐洲(含歐元區)
B40022,2017-10-23,3.6930999755859375,英鎊,GAM Star歐洲股票基金累積單位-英鎊,yfinance,股票型,歐洲(含歐元區)
B40022,2017-10-24,3.7005999088287354,英鎊,GAM Star歐洲股票基金累積單位-英鎊,yfinance,股票型,歐洲(含歐元區)
B40022,2017-10-25,3.6642000675201416,英鎊,GAM Star歐洲股票基金累積單位-英鎊,yfinance,股票型,歐洲(含歐元區)
B40022,2017-10-26,3.698499917984009,英鎊,GAM Star歐洲股票基金累積單位-英鎊,yfinance,股票型,歐洲(含歐元區)
B40022,2017-10-27,3.6819000244140625,英鎊,GAM Star歐洲股票基金累積單位-英鎊,yfinance,股票型,歐洲(含歐元區)
B40022,2017-10-31,3.6840999126434326,英鎊,GAM Star歐洲股票基金累積單位-英鎊,yfinance,股票型,歐洲(含歐元區)
B40022,2017-11-01,3.7074999809265137,英鎊,GAM Star歐洲股票基金累積單位-英鎊,yfinance,股票型,歐洲(含歐元區)
B40022,2017-11-02,3.756500005722046,英鎊,GAM Star歐洲股票基金累積單位-英鎊,yfinance,股票型,歐洲(含歐元區)
B40022,2017-11-03,3.7472000122070312,英鎊,GAM Star歐洲股票基金累積單位-英鎊,yfinance,股票型,歐洲(含歐元區)
B40022,2017-11-06,3.7298998832702637,英鎊,GAM Star歐洲股票基金累積單位-英鎊,yfinance,股票型,歐洲(含歐元區)
B40022,2017-11-07,3.6951000690460205,英鎊,GAM Star歐洲股票基金累積單位-英鎊,yfinance,股票型,歐洲(含歐元區)
B40022,2017-11-08,3.698199987411499,英鎊,GAM Star歐洲股票基金累積單位-英鎊,yfinance,股票型,歐洲(含歐元區)
B40022,2017-11-09,3.6673998832702637,英鎊,GAM Star歐洲股票基金累積單位-英鎊,yfinance,股票型,歐洲(含歐元區)
B40022,2017-11-10,3.627000093460083,英鎊,GAM Star歐洲股票基金累積單位-英鎊,yfinance,股票型,歐洲(含歐元區)
B40022,2017-11-13,3.624000072479248,英鎊,GAM Star歐洲股票基金累積單位-英鎊,yfinance,股票型,歐洲(含歐元區)
B40022,2017-11-14,3.6421000957489014,英鎊,GAM Star歐洲股票基金累積單位-英鎊,yfinance,股票型,歐洲(含歐元區)
B40022,2017-11-15,3.625499963760376,英鎊,GAM Star歐洲股票基金累積單位-英鎊,yfinance,股票型,歐洲(含歐元區)
B40022,2017-11-16,3.6470999717712402,英鎊,GAM Star歐洲股票基金累積單位-英鎊,yfinance,股票型,歐洲(含歐元區)
B40022,2017-11-17,3.6359000205993652,英鎊,GAM Star歐洲股票基金累積單位-英鎊,yfinance,股票型,歐洲(含歐元區)
B40022,2017-11-20,3.6298999786376953,英鎊,GAM Star歐洲股票基金累積單位-英鎊,yfinance,股票型,歐洲(含歐元區)
B40022,2017-11-21,3.6449999809265137,英鎊,GAM Star歐洲股票基金累積單位-英鎊,yfinance,股票型,歐洲(含歐元區)
B40022,2017-11-22,3.623199939727783,英鎊,GAM Star歐洲股票基金累積單位-英鎊,yfinance,股票型,歐洲(含歐元區)
B40022,2017-11-23,3.635699987411499,英鎊,GAM Star歐洲股票基金累積單位-英鎊,yfinance,股票型,歐洲(含歐元區)
B40022,2017-11-24,3.6566998958587646,英鎊,GAM Star歐洲股票基金累積單位-英鎊,yfinance,股票型,歐洲(含歐元區)
B40022,2017-11-27,3.6442999839782715,英鎊,GAM Star歐洲股票基金累積單位-英鎊,yfinance,股票型,歐洲(含歐元區)
B40022,2017-11-28,3.6679000854492188,英鎊,GAM Star歐洲股票基金累積單位-英鎊,yfinance,股票型,歐洲(含歐元區)
B40022,2017-11-29,3.6233999729156494,英鎊,GAM Star歐洲股票基金累積單位-英鎊,yfinance,股票型,歐洲(含歐元區)
B40022,2017-11-30,3.6135001182556152,英鎊,GAM Star歐洲股票基金累積單位-英鎊,yfinance,股票型,歐洲(含歐元區)
B40022,2017-12-01,3.581899881362915,英鎊,GAM Star歐洲股票基金累積單位-英鎊,yfinance,股票型,歐洲(含歐元區)
B40022,2017-12-04,3.6184000968933105,英鎊,GAM Star歐洲股票基金累積單位-英鎊,yfinance,股票型,歐洲(含歐元區)
B40022,2017-12-05,3.6180999279022217,英鎊,GAM Star歐洲股票基金累積單位-英鎊,yfinance,股票型,歐洲(含歐元區)
B40022,2017-12-06,3.620300054550171,英鎊,GAM Star歐洲股票基金累積單位-英鎊,yfinance,股票型,歐洲(含歐元區)
B40022,2017-12-07,3.61899995803833,英鎊,GAM Star歐洲股票基金累積單位-英鎊,yfinance,股票型,歐洲(含歐元區)
B40022,2017-12-08,3.6470000743865967,英鎊,GAM Star歐洲股票基金累積單位-英鎊,yfinance,股票型,歐洲(含歐元區)
B40022,2017-12-11,3.658400058746338,英鎊,GAM Star歐洲股票基金累積單位-英鎊,yfinance,股票型,歐洲(含歐元區)
B40022,2017-12-12,3.6577000617980957,英鎊,GAM Star歐洲股票基金累積單位-英鎊,yfinance,股票型,歐洲(含歐元區)
B40022,2017-12-13,3.655100107192993,英鎊,GAM Star歐洲股票基金累積單位-英鎊,yfinance,股票型,歐洲(含歐元區)
B40022,2017-12-14,3.628999948501587,英鎊,GAM Star歐洲股票基金累積單位-英鎊,yfinance,股票型,歐洲(含歐元區)
B40022,2017-12-15,3.6487998962402344,英鎊,GAM Star歐洲股票基金累積單位-英鎊,yfinance,股票型,歐洲(含歐元區)
B40022,2017-12-18,3.6774001121520996,英鎊,GAM Star歐洲股票基金累積單位-英鎊,yfinance,股票型,歐洲(含歐元區)
B40022,2017-12-19,3.6816000938415527,英鎊,GAM Star歐洲股票基金累積單位-英鎊,yfinance,股票型,歐洲(含歐元區)
B40022,2017-12-20,3.6749000549316406,英鎊,GAM Star歐洲股票基金累積單位-英鎊,yfinance,股票型,歐洲(含歐元區)
B40022,2017-12-21,3.7028000354766846,英鎊,GAM Star歐洲股票基金累積單位-英鎊,yfinance,股票型,歐洲(含歐元區)
B40022,2017-12-27,3.6953001022338867,英鎊,GAM Star歐洲股票基金累積單位-英鎊,yfinance,股票型,歐洲(含歐元區)
B40022,2017-12-28,3.6893999576568604,英鎊,GAM Star歐洲股票基金累積單位-英鎊,yfinance,股票型,歐洲(含歐元區)
B40022,2017-12-29,3.6810998916625977,英鎊,GAM Star歐洲股票基金累積單位-英鎊,yfinance,股票型,歐洲(含歐元區)
B23209,2017-01-03,5.027900218963623,英鎊,施羅德環球基金系列－英國股票(英鎊)A-累積,yfinance,股票型,英國
B23209,2017-01-04,5.019599914550781,英鎊,施羅德環球基金系列－英國股票(英鎊)A-累積,yfinance,股票型,英國
B23209,2017-01-05,5.03980016708374,英鎊,施羅德環球基金系列－英國股票(英鎊)A-累積,yfinance,股票型,英國
B23209,2017-01-06,5.0503997802734375,英鎊,施羅德環球基金系列－英國股票(英鎊)A-累積,yfinance,股票型,英國
B23209,2017-01-09,5.052499771118164,英鎊,施羅德環球基金系列－英國股票(英鎊)A-累積,yfinance,股票型,英國
B23209,2017-01-10,5.075500011444092,英鎊,施羅德環球基金系列－英國股票(英鎊)A-累積,yfinance,股票型,英國
B23209,2017-01-11,5.084499835968018,英鎊,施羅德環球基金系列－英國股票(英鎊)A-累積,yfinance,股票型,英國
B23209,2017-01-12,5.077600002288818,英鎊,施羅德環球基金系列－英國股票(英鎊)A-累積,yfinance,股票型,英國
B23209,2017-01-13,5.095699787139893,英鎊,施羅德環球基金系列－英國股票(英鎊)A-累積,yfinance,股票型,英國
B23209,2017-01-16,5.085000038146973,英鎊,施羅德環球基金系列－英國股票(英鎊)A-累積,yfinance,股票型,英國
B23209,2017-01-17,5.063799858093262,英鎊,施羅德環球基金系列－英國股票(英鎊)A-累積,yfinance,股票型,英國
B23209,2017-01-18,5.013599872589111,英鎊,施羅德環球基金系列－英國股票(英鎊)A-累積,yfinance,股票型,英國
B23209,2017-01-19,5.021999835968018,英鎊,施羅德環球基金系列－英國股票(英鎊)A-累積,yfinance,股票型,英國
B23209,2017-01-20,5.0183000564575195,英鎊,施羅德環球基金系列－英國股票(英鎊)A-累積,yfinance,股票型,英國
B23209,2017-01-23,4.976900100708008,英鎊,施羅德環球基金系列－英國股票(英鎊)A-累積,yfinance,股票型,英國
B23209,2017-01-24,4.963099956512451,英鎊,施羅德環球基金系列－英國股票(英鎊)A-累積,yfinance,股票型,英國
B23209,2017-01-25,5.00029993057251,英鎊,施羅德環球基金系列－英國股票(英鎊)A-累積,yfinance,股票型,英國
B23209,2017-01-26,5.008200168609619,英鎊,施羅德環球基金系列－英國股票(英鎊)A-累積,yfinance,股票型,英國
B23209,2017-01-27,5.01800012588501,英鎊,施羅德環球基金系列－英國股票(英鎊)A-累積,yfinance,股票型,英國
B23209,2017-01-30,4.981299877166748,英鎊,施羅德環球基金系列－英國股票(英鎊)A-累積,yfinance,股票型,英國
B23209,2017-01-31,5.000899791717529,英鎊,施羅德環球基金系列－英國股票(英鎊)A-累積,yfinance,股票型,英國
B23209,2017-02-01,4.99970006942749,英鎊,施羅德環球基金系列－英國股票(英鎊)A-累積,yfinance,股票型,英國
B23209,2017-02-02,5.005199909210205,英鎊,施羅德環球基金系列－英國股票(英鎊)A-累積,yfinance,股票型,英國
B23209,2017-02-03,5.038899898529053,英鎊,施羅德環球基金系列－英國股票(英鎊)A-累積,yfinance,股票型,英國
B23209,2017-02-06,5.027900218963623,英鎊,施羅德環球基金系列－英國股票(英鎊)A-累積,yfinance,股票型,英國
B23209,2017-02-07,5.065299987792969,英鎊,施羅德環球基金系列－英國股票(英鎊)A-累積,yfinance,股票型,英國
B23209,2017-02-08,5.03980016708374,英鎊,施羅德環球基金系列－英國股票(英鎊)A-累積,yfinance,股票型,英國
B23209,2017-02-09,5.068399906158447,英鎊,施羅德環球基金系列－英國股票(英鎊)A-累積,yfinance,股票型,英國
B23209,2017-02-10,5.099899768829346,英鎊,施羅德環球基金系列－英國股票(英鎊)A-累積,yfinance,股票型,英國
B23209,2017-02-13,5.1031999588012695,英鎊,施羅德環球基金系列－英國股票(英鎊)A-累積,yfinance,股票型,英國
B23209,2017-02-14,5.10890007019043,英鎊,施羅德環球基金系列－英國股票(英鎊)A-累積,yfinance,股票型,英國
B23209,2017-02-15,5.127500057220459,英鎊,施羅德環球基金系列－英國股票(英鎊)A-累積,yfinance,股票型,英國
B23209,2017-02-16,5.118000030517578,英鎊,施羅德環球基金系列－英國股票(英鎊)A-累積,yfinance,股票型,英國
B23209,2017-02-17,5.0868000984191895,英鎊,施羅德環球基金系列－英國股票(英鎊)A-累積,yfinance,股票型,英國
B23209,2017-02-20,5.10699987411499,英鎊,施羅德環球基金系列－英國股票(英鎊)A-累積,yfinance,股票型,英國
B23209,2017-02-21,5.105100154876709,英鎊,施羅德環球基金系列－英國股票(英鎊)A-累積,yfinance,股票型,英國
B23209,2017-02-22,5.106299877166748,英鎊,施羅德環球基金系列－英國股票(英鎊)A-累積,yfinance,股票型,英國
B23209,2017-02-23,5.116799831390381,英鎊,施羅德環球基金系列－英國股票(英鎊)A-累積,yfinance,股票型,英國
B23209,2017-02-24,5.04640007019043,英鎊,施羅德環球基金系列－英國股票(英鎊)A-累積,yfinance,股票型,英國
B23209,2017-02-27,5.062399864196777,英鎊,施羅德環球基金系列－英國股票(英鎊)A-累積,yfinance,股票型,英國
B23209,2017-02-28,5.093299865722656,英鎊,施羅德環球基金系列－英國股票(英鎊)A-累積,yfinance,股票型,英國
B23209,2017-03-01,5.144999980926514,英鎊,施羅德環球基金系列－英國股票(英鎊)A-累積,yfinance,股票型,英國
B23209,2017-03-02,5.168700218200684,英鎊,施羅德環球基金系列－英國股票(英鎊)A-累積,yfinance,股票型,英國
B23209,2017-03-03,5.168700218200684,英鎊,施羅德環球基金系列－英國股票(英鎊)A-累積,yfinance,股票型,英國
B23209,2017-03-06,5.167600154876709,英鎊,施羅德環球基金系列－英國股票(英鎊)A-累積,yfinance,股票型,英國
B23209,2017-03-07,5.1641998291015625,英鎊,施羅德環球基金系列－英國股票(英鎊)A-累積,yfinance,股票型,英國
B23209,2017-03-08,5.176599979400635,英鎊,施羅德環球基金系列－英國股票(英鎊)A-累積,yfinance,股票型,英國
B23209,2017-03-09,5.165800094604492,英鎊,施羅德環球基金系列－英國股票(英鎊)A-累積,yfinance,股票型,英國
B23209,2017-03-10,5.214200019836426,英鎊,施羅德環球基金系列－英國股票(英鎊)A-累積,yfinance,股票型,英國
B23209,2017-03-13,5.203800201416016,英鎊,施羅德環球基金系列－英國股票(英鎊)A-累積,yfinance,股票型,英國
B23209,2017-03-14,5.163300037384033,英鎊,施羅德環球基金系列－英國股票(英鎊)A-累積,yfinance,股票型,英國
B23209,2017-03-15,5.1743998527526855,英鎊,施羅德環球基金系列－英國股票(英鎊)A-累積,yfinance,股票型,英國
B23209,2017-03-16,5.190299987792969,英鎊,施羅德環球基金系列－英國股票(英鎊)A-累積,yfinance,股票型,英國
B23209,2017-03-17,5.185500144958496,英鎊,施羅德環球基金系列－英國股票(英鎊)A-累積,yfinance,股票型,英國
B23209,2017-03-20,5.174200057983398,英鎊,施羅德環球基金系列－英國股票(英鎊)A-累積,yfinance,股票型,英國
B23209,2017-03-21,5.184100151062012,英鎊,施羅德環球基金系列－英國股票(英鎊)A-累積,yfinance,股票型,英國
B23209,2017-03-22,5.105100154876709,英鎊,施羅德環球基金系列－英國股票(英鎊)A-累積,yfinance,股票型,英國
B23209,2017-03-23,5.128300189971924,英鎊,施羅德環球基金系列－英國股票(英鎊)A-累積,yfinance,股票型,英國
B23209,2017-03-24,5.138500213623047,英鎊,施羅德環球基金系列－英國股票(英鎊)A-累積,yfinance,股票型,英國
B23209,2017-03-27,5.114500045776367,英鎊,施羅德環球基金系列－英國股票(英鎊)A-累積,yfinance,股票型,英國
B23209,2017-03-28,5.140200138092041,英鎊,施羅德環球基金系列－英國股票(英鎊)A-累積,yfinance,股票型,英國
B23209,2017-03-29,5.166500091552734,英鎊,施羅德環球基金系列－英國股票(英鎊)A-累積,yfinance,股票型,英國
B23209,2017-03-30,5.186800003051758,英鎊,施羅德環球基金系列－英國股票(英鎊)A-累積,yfinance,股票型,英國
B23209,2017-03-31,5.186699867248535,英鎊,施羅德環球基金系列－英國股票(英鎊)A-累積,yfinance,股票型,英國
B23209,2017-04-03,5.168300151824951,英鎊,施羅德環球基金系列－英國股票(英鎊)A-累積,yfinance,股票型,英國
B23209,2017-04-04,5.156000137329102,英鎊,施羅德環球基金系列－英國股票(英鎊)A-累積,yfinance,股票型,英國
B23209,2017-04-05,5.179299831390381,英鎊,施羅德環球基金系列－英國股票(英鎊)A-累積,yfinance,股票型,英國
B23209,2017-04-06,5.157800197601318,英鎊,施羅德環球基金系列－英國股票(英鎊)A-累積,yfinance,股票型,英國
B23209,2017-04-07,5.172100067138672,英鎊,施羅德環球基金系列－英國股票(英鎊)A-累積,yfinance,股票型,英國
B23209,2017-04-10,5.195700168609619,英鎊,施羅德環球基金系列－英國股票(英鎊)A-累積,yfinance,股票型,英國
B23209,2017-04-11,5.23799991607666,英鎊,施羅德環球基金系列－英國股票(英鎊)A-累積,yfinance,股票型,英國
B23209,2017-04-12,5.2017998695373535,英鎊,施羅德環球基金系列－英國股票(英鎊)A-累積,yfinance,股票型,英國
B23209,2017-04-13,5.181600093841553,英鎊,施羅德環球基金系列－英國股票(英鎊)A-累積,yfinance,股票型,英國
B23209,2017-04-18,5.118199825286865,英鎊,施羅德環球基金系列－英國股票(英鎊)A-累積,yfinance,股票型,英國
B23209,2017-04-19,5.116499900817871,英鎊,施羅德環球基金系列－英國股票(英鎊)A-累積,yfinance,股票型,英國
B23209,2017-04-20,5.100200176239014,英鎊,施羅德環球基金系列－英國股票(英鎊)A-累積,yfinance,股票型,英國
B23209,2017-04-21,5.099599838256836,英鎊,施羅德環球基金系列－英國股票(英鎊)A-累積,yfinance,股票型,英國
B23209,2017-04-24,5.171299934387207,英鎊,施羅德環球基金系列－英國股票(英鎊)A-累積,yfinance,股票型,英國
B23209,2017-04-25,5.190199851989746,英鎊,施羅德環球基金系列－英國股票(英鎊)A-累積,yfinance,股票型,英國
B23209,2017-04-26,5.195400238037109,英鎊,施羅德環球基金系列－英國股票(英鎊)A-累積,yfinance,股票型,英國
B23209,2017-04-27,5.1905999183654785,英鎊,施羅德環球基金系列－英國股票(英鎊)A-累積,yfinance,股票型,英國
B23209,2017-04-28,5.193299770355225,英鎊,施羅德環球基金系列－英國股票(英鎊)A-累積,yfinance,股票型,英國
B23209,2017-05-02,5.225800037384033,英鎊,施羅德環球基金系列－英國股票(英鎊)A-累積,yfinance,股票型,英國
B23209,2017-05-03,5.210000038146973,英鎊,施羅德環球基金系列－英國股票(英鎊)A-累積,yfinance,股票型,英國
B23209,2017-05-04,5.229899883270264,英鎊,施羅德環球基金系列－英國股票(英鎊)A-累積,yfinance,股票型,英國
B23209,2017-05-05,5.248300075531006,英鎊,施羅德環球基金系列－英國股票(英鎊)A-累積,yfinance,股票型,英國
B23209,2017-05-08,5.26669979095459,英鎊,施羅德環球基金系列－英國股票(英鎊)A-累積,yfinance,股票型,英國
B23209,2017-05-09,5.2895002365112305,英鎊,施羅德環球基金系列－英國股票(英鎊)A-累積,yfinance,股票型,英國
B23209,2017-05-10,5.299200057983398,英鎊,施羅德環球基金系列－英國股票(英鎊)A-累積,yfinance,股票型,英國
B23209,2017-05-11,5.298900127410889,英鎊,施羅德環球基金系列－英國股票(英鎊)A-累積,yfinance,股票型,英國
B23209,2017-05-12,5.302299976348877,英鎊,施羅德環球基金系列－英國股票(英鎊)A-累積,yfinance,股票型,英國
B23209,2017-05-15,5.316999912261963,英鎊,施羅德環球基金系列－英國股票(英鎊)A-累積,yfinance,股票型,英國
B23209,2017-05-16,5.341300010681152,英鎊,施羅德環球基金系列－英國股票(英鎊)A-累積,yfinance,股票型,英國
B23209,2017-05-17,5.348100185394287,英鎊,施羅德環球基金系列－英國股票(英鎊)A-累積,yfinance,股票型,英國
B23209,2017-05-18,5.310100078582764,英鎊,施羅德環球基金系列－英國股票(英鎊)A-累積,yfinance,股票型,英國
B23209,2017-05-19,5.342199802398682,英鎊,施羅德環球基金系列－英國股票(英鎊)A-累積,yfinance,股票型,英國
B23209,2017-05-22,5.377299785614014,英鎊,施羅德環球基金系列－英國股票(英鎊)A-累積,yfinance,股票型,英國
B23209,2017-05-23,5.381400108337402,英鎊,施羅德環球基金系列－英國股票(英鎊)A-累積,yfinance,股票型,英國
B23209,2017-05-24,5.3846001625061035,英鎊,施羅德環球基金系列－英國股票(英鎊)A-累積,yfinance,股票型,英國
B23209,2017-05-25,5.381999969482422,英鎊,施羅德環球基金系列－英國股票(英鎊)A-累積,yfinance,股票型,英國
B23209,2017-05-26,5.406799793243408,英鎊,施羅德環球基金系列－英國股票(英鎊)A-累積,yfinance,股票型,英國
B23209,2017-05-30,5.393199920654297,英鎊,施羅德環球基金系列－英國股票(英鎊)A-累積,yfinance,股票型,英國
B23209,2017-05-31,5.4145002365112305,英鎊,施羅德環球基金系列－英國股票(英鎊)A-累積,yfinance,股票型,英國
B23209,2017-06-01,5.394000053405762,英鎊,施羅德環球基金系列－英國股票(英鎊)A-累積,yfinance,股票型,英國
B23209,2017-06-02,5.400899887084961,英鎊,施羅德環球基金系列－英國股票(英鎊)A-累積,yfinance,股票型,英國
B23209,2017-06-05,5.369800090789795,英鎊,施羅德環球基金系列－英國股票(英鎊)A-累積,yfinance,股票型,英國
B23209,2017-06-06,5.348299980163574,英鎊,施羅德環球基金系列－英國股票(英鎊)A-累積,yfinance,股票型,英國
B23209,2017-06-07,5.354300022125244,英鎊,施羅德環球基金系列－英國股票(英鎊)A-累積,yfinance,股票型,英國
B23209,2017-06-08,5.328999996185303,英鎊,施羅德環球基金系列－英國股票(英鎊)A-累積,yfinance,股票型,英國
B23209,2017-06-09,5.347499847412109,英鎊,施羅德環球基金系列－英國股票(英鎊)A-累積,yfinance,股票型,英國
B23209,2017-06-12,5.377399921417236,英鎊,施羅德環球基金系列－英國股票(英鎊)A-累積,yfinance,股票型,英國
B23209,2017-06-13,5.386600017547607,英鎊,施羅德環球基金系列－英國股票(英鎊)A-累積,yfinance,股票型,英國
B23209,2017-06-14,5.40939998626709,英鎊,施羅德環球基金系列－英國股票(英鎊)A-累積,yfinance,股票型,英國
B23209,2017-06-15,5.299200057983398,英鎊,施羅德環球基金系列－英國股票(英鎊)A-累積,yfinance,股票型,英國
B23209,2017-06-16,5.343599796295166,英鎊,施羅德環球基金系列－英國股票(英鎊)A-累積,yfinance,股票型,英國
B23209,2017-06-19,5.367400169372559,英鎊,施羅德環球基金系列－英國股票(英鎊)A-累積,yfinance,股票型,英國
B23209,2017-06-20,5.365099906921387,英鎊,施羅德環球基金系列－英國股票(英鎊)A-累積,yfinance,股票型,英國
B23209,2017-06-21,5.3171000480651855,英鎊,施羅德環球基金系列－英國股票(英鎊)A-累積,yfinance,股票型,英國
B23209,2017-06-22,5.315899848937988,英鎊,施羅德環球基金系列－英國股票(英鎊)A-累積,yfinance,股票型,英國
B23209,2017-06-23,5.314300060272217,英鎊,施羅德環球基金系列－英國股票(英鎊)A-累積,yfinance,股票型,英國
B23209,2017-06-26,5.33620023727417,英鎊,施羅德環球基金系列－英國股票(英鎊)A-累積,yfinance,股票型,英國
B23209,2017-06-27,5.313000202178955,英鎊,施羅德環球基金系列－英國股票(英鎊)A-累積,yfinance,股票型,英國
B23209,2017-06-28,5.312600135803223,英鎊,施羅德環球基金系列－英國股票(英鎊)A-累積,yfinance,股票型,英國
B23209,2017-06-29,5.2947998046875,英鎊,施羅德環球基金系列－英國股票(英鎊)A-累積,yfinance,股票型,英國
B23209,2017-06-30,5.265999794006348,英鎊,施羅德環球基金系列－英國股票(英鎊)A-累積,yfinance,股票型,英國
B23209,2017-07-03,5.255300045013428,英鎊,施羅德環球基金系列－英國股票(英鎊)A-累積,yfinance,股票型,英國
B23209,2017-07-04,5.251500129699707,英鎊,施羅德環球基金系列－英國股票(英鎊)A-累積,yfinance,股票型,英國
B23209,2017-07-05,5.2617998123168945,英鎊,施羅德環球基金系列－英國股票(英鎊)A-累積,yfinance,股票型,英國
B23209,2017-07-06,5.240699768066406,英鎊,施羅德環球基金系列－英國股票(英鎊)A-累積,yfinance,股票型,英國
B23209,2017-07-07,5.261099815368652,英鎊,施羅德環球基金系列－英國股票(英鎊)A-累積,yfinance,股票型,英國
B23209,2017-07-10,5.251299858093262,英鎊,施羅德環球基金系列－英國股票(英鎊)A-累積,yfinance,股票型,英國
B23209,2017-07-11,5.2154998779296875,英鎊,施羅德環球基金系列－英國股票(英鎊)A-累積,yfinance,股票型,英國
B23209,2017-07-12,5.244200229644775,英鎊,施羅德環球基金系列－英國股票(英鎊)A-累積,yfinance,股票型,英國
B23209,2017-07-13,5.259500026702881,英鎊,施羅德環球基金系列－英國股票(英鎊)A-累積,yfinance,股票型,英國
B23209,2017-07-14,5.252299785614014,英鎊,施羅德環球基金系列－英國股票(英鎊)A-累積,yfinance,股票型,英國
B23209,2017-07-17,5.25540018081665,英鎊,施羅德環球基金系列－英國股票(英鎊)A-累積,yfinance,股票型,英國
B23209,2017-07-18,5.276800155639648,英鎊,施羅德環球基金系列－英國股票(英鎊)A-累積,yfinance,股票型,英國
B23209,2017-07-19,5.270299911499023,英鎊,施羅德環球基金系列－英國股票(英鎊)A-累積,yfinance,股票型,英國
B23209,2017-07-20,5.297900199890137,英鎊,施羅德環球基金系列－英國股票(英鎊)A-累積,yfinance,股票型,英國
B23209,2017-07-21,5.287399768829346,英鎊,施羅德環球基金系列－英國股票(英鎊)A-累積,yfinance,股票型,英國
B23209,2017-07-24,5.2307000160217285,英鎊,施羅德環球基金系列－英國股票(英鎊)A-累積,yfinance,股票型,英國
B23209,2017-07-25,5.275000095367432,英鎊,施羅德環球基金系列－英國股票(英鎊)A-累積,yfinance,股票型,英國
B23209,2017-07-26,5.284599781036377,英鎊,施羅德環球基金系列－英國股票(英鎊)A-累積,yfinance,股票型,英國
B23209,2017-07-27,5.258999824523926,英鎊,施羅德環球基金系列－英國股票(英鎊)A-累積,yfinance,股票型,英國
B23209,2017-07-28,5.228300094604492,英鎊,施羅德環球基金系列－英國股票(英鎊)A-累積,yfinance,股票型,英國
B23209,2017-07-31,5.258900165557861,英鎊,施羅德環球基金系列－英國股票(英鎊)A-累積,yfinance,股票型,英國
B23209,2017-08-01,5.286099910736084,英鎊,施羅德環球基金系列－英國股票(英鎊)A-累積,yfinance,股票型,英國
B23209,2017-08-02,5.265900135040283,英鎊,施羅德環球基金系列－英國股票(英鎊)A-累積,yfinance,股票型,英國
B23209,2017-08-03,5.304699897766113,英鎊,施羅德環球基金系列－英國股票(英鎊)A-累積,yfinance,股票型,英國
B23209,2017-08-04,5.299499988555908,英鎊,施羅德環球基金系列－英國股票(英鎊)A-累積,yfinance,股票型,英國
B23209,2017-08-07,5.305699825286865,英鎊,施羅德環球基金系列－英國股票(英鎊)A-累積,yfinance,股票型,英國
B23209,2017-08-08,5.304599761962891,英鎊,施羅德環球基金系列－英國股票(英鎊)A-累積,yfinance,股票型,英國
B23209,2017-08-09,5.267000198364258,英鎊,施羅德環球基金系列－英國股票(英鎊)A-累積,yfinance,股票型,英國
B23209,2017-08-10,5.2418999671936035,英鎊,施羅德環球基金系列－英國股票(英鎊)A-累積,yfinance,股票型,英國
B23209,2017-08-11,5.188199996948242,英鎊,施羅德環球基金系列－英國股票(英鎊)A-累積,yfinance,股票型,英國
B23209,2017-08-14,5.20359992980957,英鎊,施羅德環球基金系列－英國股票(英鎊)A-累積,yfinance,股票型,英國
B23209,2017-08-15,5.220300197601318,英鎊,施羅德環球基金系列－英國股票(英鎊)A-累積,yfinance,股票型,英國
B23209,2017-08-16,5.252399921417236,英鎊,施羅德環球基金系列－英國股票(英鎊)A-累積,yfinance,股票型,英國
B23209,2017-08-17,5.236599922180176,英鎊,施羅德環球基金系列－英國股票(英鎊)A-累積,yfinance,股票型,英國
B23209,2017-08-18,5.167099952697754,英鎊,施羅德環球基金系列－英國股票(英鎊)A-累積,yfinance,股票型,英國
B23209,2017-08-21,5.1717000007629395,英鎊,施羅德環球基金系列－英國股票(英鎊)A-累積,yfinance,股票型,英國
B23209,2017-08-22,5.214200019836426,英鎊,施羅德環球基金系列－英國股票(英鎊)A-累積,yfinance,股票型,英國
B23209,2017-08-23,5.219299793243408,英鎊,施羅德環球基金系列－英國股票(英鎊)A-累積,yfinance,股票型,英國
B23209,2017-08-24,5.241799831390381,英鎊,施羅德環球基金系列－英國股票(英鎊)A-累積,yfinance,股票型,英國
B23209,2017-08-25,5.230299949645996,英鎊,施羅德環球基金系列－英國股票(英鎊)A-累積,yfinance,股票型,英國
B23209,2017-08-29,5.143899917602539,英鎊,施羅德環球基金系列－英國股票(英鎊)A-累積,yfinance,股票型,英國
B23209,2017-08-30,5.184500217437744,英鎊,施羅德環球基金系列－英國股票(英鎊)A-累積,yfinance,股票型,英國
B23209,2017-08-31,5.218699932098389,英鎊,施羅德環球基金系列－英國股票(英鎊)A-累積,yfinance,股票型,英國
B23209,2017-09-01,5.22760009765625,英鎊,施羅德環球基金系列－英國股票(英鎊)A-累積,yfinance,股票型,英國
B23209,2017-09-04,5.211100101470947,英鎊,施羅德環球基金系列－英國股票(英鎊)A-累積,yfinance,股票型,英國
B23209,2017-09-05,5.211100101470947,英鎊,施羅德環球基金系列－英國股票(英鎊)A-累積,yfinance,股票型,英國
B23209,2017-09-06,5.168799877166748,英鎊,施羅德環球基金系列－英國股票(英鎊)A-累積,yfinance,股票型,英國
B23209,2017-09-07,5.172999858856201,英鎊,施羅德環球基金系列－英國股票(英鎊)A-累積,yfinance,股票型,英國
B23209,2017-09-08,5.164400100708008,英鎊,施羅德環球基金系列－英國股票(英鎊)A-累積,yfinance,股票型,英國
B23209,2017-09-11,5.18120002746582,英鎊,施羅德環球基金系列－英國股票(英鎊)A-累積,yfinance,股票型,英國
B23209,2017-09-12,5.177700042724609,英鎊,施羅德環球基金系列－英國股票(英鎊)A-累積,yfinance,股票型,英國
B23209,2017-09-13,5.178999900817871,英鎊,施羅德環球基金系列－英國股票(英鎊)A-累積,yfinance,股票型,英國
B23209,2017-09-14,5.15369987487793,英鎊,施羅德環球基金系列－英國股票(英鎊)A-累積,yfinance,股票型,英國
B23209,2017-09-15,5.111499786376953,英鎊,施羅德環球基金系列－英國股票(英鎊)A-累積,yfinance,股票型,英國
B23209,2017-09-18,5.13670015335083,英鎊,施羅德環球基金系列－英國股票(英鎊)A-累積,yfinance,股票型,英國
B23209,2017-09-19,5.175300121307373,英鎊,施羅德環球基金系列－英國股票(英鎊)A-累積,yfinance,股票型,英國
B23209,2017-09-20,5.173799991607666,英鎊,施羅德環球基金系列－英國股票(英鎊)A-累積,yfinance,股票型,英國
B23209,2017-09-21,5.170599937438965,英鎊,施羅德環球基金系列－英國股票(英鎊)A-累積,yfinance,股票型,英國
B23209,2017-09-22,5.161300182342529,英鎊,施羅德環球基金系列－英國股票(英鎊)A-累積,yfinance,股票型,英國
B23209,2017-09-25,5.179900169372559,英鎊,施羅德環球基金系列－英國股票(英鎊)A-累積,yfinance,股票型,英國
B23209,2017-09-26,5.1855998039245605,英鎊,施羅德環球基金系列－英國股票(英鎊)A-累積,yfinance,股票型,英國
B23209,2017-09-27,5.211599826812744,英鎊,施羅德環球基金系列－英國股票(英鎊)A-累積,yfinance,股票型,英國
B23209,2017-09-28,5.222099781036377,英鎊,施羅德環球基金系列－英國股票(英鎊)A-累積,yfinance,股票型,英國
B23209,2017-09-29,5.273600101470947,英鎊,施羅德環球基金系列－英國股票(英鎊)A-累積,yfinance,股票型,英國
B23209,2017-10-02,5.2916998863220215,英鎊,施羅德環球基金系列－英國股票(英鎊)A-累積,yfinance,股票型,英國
B23209,2017-10-03,5.3130998611450195,英鎊,施羅德環球基金系列－英國股票(英鎊)A-累積,yfinance,股票型,英國
B23209,2017-10-04,5.306700229644775,英鎊,施羅德環球基金系列－英國股票(英鎊)A-累積,yfinance,股票型,英國
B23209,2017-10-05,5.3190999031066895,英鎊,施羅德環球基金系列－英國股票(英鎊)A-累積,yfinance,股票型,英國
B23209,2017-10-06,5.342299938201904,英鎊,施羅德環球基金系列－英國股票(英鎊)A-累積,yfinance,股票型,英國
B23209,2017-10-09,5.319499969482422,英鎊,施羅德環球基金系列－英國股票(英鎊)A-累積,yfinance,股票型,英國
B23209,2017-10-10,5.340099811553955,英鎊,施羅德環球基金系列－英國股票(英鎊)A-累積,yfinance,股票型,英國
B23209,2017-10-11,5.322000026702881,英鎊,施羅德環球基金系列－英國股票(英鎊)A-累積,yfinance,股票型,英國
B23209,2017-10-12,5.327600002288818,英鎊,施羅德環球基金系列－英國股票(英鎊)A-累積,yfinance,股票型,英國
B23209,2017-10-13,5.330599784851074,英鎊,施羅德環球基金系列－英國股票(英鎊)A-累積,yfinance,股票型,英國
B23209,2017-10-16,5.318900108337402,英鎊,施羅德環球基金系列－英國股票(英鎊)A-累積,yfinance,股票型,英國
B23209,2017-10-17,5.320899963378906,英鎊,施羅德環球基金系列－英國股票(英鎊)A-累積,yfinance,股票型,英國
B23209,2017-10-18,5.335999965667725,英鎊,施羅德環球基金系列－英國股票(英鎊)A-累積,yfinance,股票型,英國
B23209,2017-10-19,5.314700126647949,英鎊,施羅德環球基金系列－英國股票(英鎊)A-累積,yfinance,股票型,英國
B23209,2017-10-20,5.334499835968018,英鎊,施羅德環球基金系列－英國股票(英鎊)A-累積,yfinance,股票型,英國
B23209,2017-10-23,5.325699806213379,英鎊,施羅德環球基金系列－英國股票(英鎊)A-累積,yfinance,股票型,英國
B23209,2017-10-24,5.325500011444092,英鎊,施羅德環球基金系列－英國股票(英鎊)A-累積,yfinance,股票型,英國
B23209,2017-10-25,5.309700012207031,英鎊,施羅德環球基金系列－英國股票(英鎊)A-累積,yfinance,股票型,英國
B23209,2017-10-26,5.309899806976318,英鎊,施羅德環球基金系列－英國股票(英鎊)A-累積,yfinance,股票型,英國
B23209,2017-10-27,5.3206000328063965,英鎊,施羅德環球基金系列－英國股票(英鎊)A-累積,yfinance,股票型,英國
B23209,2017-10-30,5.3256001472473145,英鎊,施羅德環球基金系列－英國股票(英鎊)A-累積,yfinance,股票型,英國
B23209,2017-10-31,5.319300174713135,英鎊,施羅德環球基金系列－英國股票(英鎊)A-累積,yfinance,股票型,英國
B23209,2017-11-01,5.327300071716309,英鎊,施羅德環球基金系列－英國股票(英鎊)A-累積,yfinance,股票型,英國
B23209,2017-11-02,5.3277997970581055,英鎊,施羅德環球基金系列－英國股票(英鎊)A-累積,yfinance,股票型,英國
B23209,2017-11-03,5.319799900054932,英鎊,施羅德環球基金系列－英國股票(英鎊)A-累積,yfinance,股票型,英國
B23209,2017-11-06,5.308599948883057,英鎊,施羅德環球基金系列－英國股票(英鎊)A-累積,yfinance,股票型,英國
B23209,2017-11-07,5.297900199890137,英鎊,施羅德環球基金系列－英國股票(英鎊)A-累積,yfinance,股票型,英國
B23209,2017-11-08,5.272200107574463,英鎊,施羅德環球基金系列－英國股票(英鎊)A-累積,yfinance,股票型,英國
B23209,2017-11-09,5.257500171661377,英鎊,施羅德環球基金系列－英國股票(英鎊)A-累積,yfinance,股票型,英國
B23209,2017-11-10,5.232999801635742,英鎊,施羅德環球基金系列－英國股票(英鎊)A-累積,yfinance,股票型,英國
B23209,2017-11-13,5.186600208282471,英鎊,施羅德環球基金系列－英國股票(英鎊)A-累積,yfinance,股票型,英國
B23209,2017-11-14,5.186299800872803,英鎊,施羅德環球基金系列－英國股票(英鎊)A-累積,yfinance,股票型,英國
B23209,2017-11-15,5.150700092315674,英鎊,施羅德環球基金系列－英國股票(英鎊)A-累積,yfinance,股票型,英國
B23209,2017-11-16,5.159900188446045,英鎊,施羅德環球基金系列－英國股票(英鎊)A-累積,yfinance,股票型,英國
B23209,2017-11-17,5.1554999351501465,英鎊,施羅德環球基金系列－英國股票(英鎊)A-累積,yfinance,股票型,英國
B23209,2017-11-20,5.165200233459473,英鎊,施羅德環球基金系列－英國股票(英鎊)A-累積,yfinance,股票型,英國
B23209,2017-11-21,5.166500091552734,英鎊,施羅德環球基金系列－英國股票(英鎊)A-累積,yfinance,股票型,英國
B23209,2017-11-22,5.201700210571289,英鎊,施羅德環球基金系列－英國股票(英鎊)A-累積,yfinance,股票型,英國
B23209,2017-11-23,5.167200088500977,英鎊,施羅德環球基金系列－英國股票(英鎊)A-累積,yfinance,股票型,英國
B23209,2017-11-24,5.164299964904785,英鎊,施羅德環球基金系列－英國股票(英鎊)A-累積,yfinance,股票型,英國
B23209,2017-11-27,5.148399829864502,英鎊,施羅德環球基金系列－英國股票(英鎊)A-累積,yfinance,股票型,英國
B23209,2017-11-28,5.173999786376953,英鎊,施羅德環球基金系列－英國股票(英鎊)A-累積,yfinance,股票型,英國
B23209,2017-11-29,5.202700138092041,英鎊,施羅德環球基金系列－英國股票(英鎊)A-累積,yfinance,股票型,英國
B23209,2017-11-30,5.173699855804443,英鎊,施羅德環球基金系列－英國股票(英鎊)A-累積,yfinance,股票型,英國
B23209,2017-12-01,5.155900001525879,英鎊,施羅德環球基金系列－英國股票(英鎊)A-累積,yfinance,股票型,英國
B23209,2017-12-04,5.149600028991699,英鎊,施羅德環球基金系列－英國股票(英鎊)A-累積,yfinance,股票型,英國
B23209,2017-12-05,5.171899795532227,英鎊,施羅德環球基金系列－英國股票(英鎊)A-累積,yfinance,股票型,英國
B23209,2017-12-06,5.162600040435791,英鎊,施羅德環球基金系列－英國股票(英鎊)A-累積,yfinance,股票型,英國
B23209,2017-12-07,5.141900062561035,英鎊,施羅德環球基金系列－英國股票(英鎊)A-累積,yfinance,股票型,英國
B23209,2017-12-08,5.187399864196777,英鎊,施羅德環球基金系列－英國股票(英鎊)A-累積,yfinance,股票型,英國
B23209,2017-12-11,5.215000152587891,英鎊,施羅德環球基金系列－英國股票(英鎊)A-累積,yfinance,股票型,英國
B23209,2017-12-12,5.224299907684326,英鎊,施羅德環球基金系列－英國股票(英鎊)A-累積,yfinance,股票型,英國
B23209,2017-12-13,5.253600120544434,英鎊,施羅德環球基金系列－英國股票(英鎊)A-累積,yfinance,股票型,英國
B23209,2017-12-14,5.223400115966797,英鎊,施羅德環球基金系列－英國股票(英鎊)A-累積,yfinance,股票型,英國
B23209,2017-12-15,5.192299842834473,英鎊,施羅德環球基金系列－英國股票(英鎊)A-累積,yfinance,股票型,英國
B23209,2017-12-18,5.229899883270264,英鎊,施羅德環球基金系列－英國股票(英鎊)A-累積,yfinance,股票型,英國
B23209,2017-12-19,5.26039981842041,英鎊,施羅德環球基金系列－英國股票(英鎊)A-累積,yfinance,股票型,英國
B23209,2017-12-20,5.259699821472168,英鎊,施羅德環球基金系列－英國股票(英鎊)A-累積,yfinance,股票型,英國
B23209,2017-12-21,5.282100200653076,英鎊,施羅德環球基金系列－英國股票(英鎊)A-累積,yfinance,股票型,英國
B23209,2017-12-22,5.290800094604492,英鎊,施羅德環球基金系列－英國股票(英鎊)A-累積,yfinance,股票型,英國
B23209,2017-12-27,5.309000015258789,英鎊,施羅德環球基金系列－英國股票(英鎊)A-累積,yfinance,股票型,英國
B23209,2017-12-28,5.3277997970581055,英鎊,施羅德環球基金系列－英國股票(英鎊)A-累積,yfinance,股票型,英國
B23209,2017-12-29,5.359499931335449,英鎊,施羅德環球基金系列－英國股票(英鎊)A-累積,yfinance,股票型,英國
B09081,2017-01-03,93.44000244140625,英鎊,貝萊德英國基金 A2,yfinance,未分類,英國
B09081,2017-01-04,92.7300033569336,英鎊,貝萊德英國基金 A2,yfinance,未分類,英國
B09081,2017-01-05,92.97000122070312,英鎊,貝萊德英國基金 A2,yfinance,未分類,英國
B09081,2017-01-06,93.11000061035156,英鎊,貝萊德英國基金 A2,yfinance,未分類,英國
B09081,2017-01-09,93.43000030517578,英鎊,貝萊德英國基金 A2,yfinance,未分類,英國
B09081,2017-01-10,93.55000305175781,英鎊,貝萊德英國基金 A2,yfinance,未分類,英國
B09081,2017-01-11,93.9000015258789,英鎊,貝萊德英國基金 A2,yfinance,未分類,英國
B09081,2017-01-12,93.41999816894531,英鎊,貝萊德英國基金 A2,yfinance,未分類,英國
B09081,2017-01-13,93.47000122070312,英鎊,貝萊德英國基金 A2,yfinance,未分類,英國
B09081,2017-01-16,93.58000183105469,英鎊,貝萊德英國基金 A2,yfinance,未分類,英國
B09081,2017-01-17,93.08999633789062,英鎊,貝萊德英國基金 A2,yfinance,未分類,英國
B09081,2017-01-18,93.13999938964844,英鎊,貝萊德英國基金 A2,yfinance,未分類,英國
B09081,2017-01-19,92.69999694824219,英鎊,貝萊德英國基金 A2,yfinance,未分類,英國
B09081,2017-01-20,92.44999694824219,英鎊,貝萊德英國基金 A2,yfinance,未分類,英國
B09081,2017-01-23,92.20999908447266,英鎊,貝萊德英國基金 A2,yfinance,未分類,英國
B09081,2017-01-24,92.7300033569336,英鎊,貝萊德英國基金 A2,yfinance,未分類,英國
B09081,2017-01-25,92.88999938964844,英鎊,貝萊德英國基金 A2,yfinance,未分類,英國
B09081,2017-01-26,93.13999938964844,英鎊,貝萊德英國基金 A2,yfinance,未分類,英國
B09081,2017-01-27,93.56999969482422,英鎊,貝萊德英國基金 A2,yfinance,未分類,英國
B09081,2017-01-30,93.06999969482422,英鎊,貝萊德英國基金 A2,yfinance,未分類,英國
B09081,2017-01-31,93.45999908447266,英鎊,貝萊德英國基金 A2,yfinance,未分類,英國
B09081,2017-02-01,93.52999877929688,英鎊,貝萊德英國基金 A2,yfinance,未分類,英國
B09081,2017-02-02,94.25,英鎊,貝萊德英國基金 A2,yfinance,未分類,英國
B09081,2017-02-03,94.6500015258789,英鎊,貝萊德英國基金 A2,yfinance,未分類,英國
B09081,2017-02-06,94.55000305175781,英鎊,貝萊德英國基金 A2,yfinance,未分類,英國
B09081,2017-02-07,95.19999694824219,英鎊,貝萊德英國基金 A2,yfinance,未分類,英國
B09081,2017-02-08,94.5999984741211,英鎊,貝萊德英國基金 A2,yfinance,未分類,英國
B09081,2017-02-09,95.05000305175781,英鎊,貝萊德英國基金 A2,yfinance,未分類,英國
B09081,2017-02-10,95.27999877929688,英鎊,貝萊德英國基金 A2,yfinance,未分類,英國
B09081,2017-02-13,95.68000030517578,英鎊,貝萊德英國基金 A2,yfinance,未分類,英國
B09081,2017-02-14,95.58000183105469,英鎊,貝萊德英國基金 A2,yfinance,未分類,英國
B09081,2017-02-15,95.44000244140625,英鎊,貝萊德英國基金 A2,yfinance,未分類,英國
B09081,2017-02-16,95.45999908447266,英鎊,貝萊德英國基金 A2,yfinance,未分類,英國
B09081,2017-02-17,96.01000213623047,英鎊,貝萊德英國基金 A2,yfinance,未分類,英國
B09081,2017-02-20,95.4800033569336,英鎊,貝萊德英國基金 A2,yfinance,未分類,英國
B09081,2017-02-21,95.47000122070312,英鎊,貝萊德英國基金 A2,yfinance,未分類,英國
B09081,2017-02-22,95.83999633789062,英鎊,貝萊德英國基金 A2,yfinance,未分類,英國
B09081,2017-02-23,96.29000091552734,英鎊,貝萊德英國基金 A2,yfinance,未分類,英國
B09081,2017-02-24,94.94000244140625,英鎊,貝萊德英國基金 A2,yfinance,未分類,英國
B09081,2017-02-27,95.22000122070312,英鎊,貝萊德英國基金 A2,yfinance,未分類,英國
B09081,2017-02-28,95.04000091552734,英鎊,貝萊德英國基金 A2,yfinance,未分類,英國
B09081,2017-03-01,96.45999908447266,英鎊,貝萊德英國基金 A2,yfinance,未分類,英國
B09081,2017-03-02,96.69999694824219,英鎊,貝萊德英國基金 A2,yfinance,未分類,英國
B09081,2017-03-03,96.1500015258789,英鎊,貝萊德英國基金 A2,yfinance,未分類,英國
B09081,2017-03-06,96.47000122070312,英鎊,貝萊德英國基金 A2,yfinance,未分類,英國
B09081,2017-03-07,96.27999877929688,英鎊,貝萊德英國基金 A2,yfinance,未分類,英國
B09081,2017-03-08,96.55000305175781,英鎊,貝萊德英國基金 A2,yfinance,未分類,英國
B09081,2017-03-09,96.16999816894531,英鎊,貝萊德英國基金 A2,yfinance,未分類,英國
B09081,2017-03-10,96.77999877929688,英鎊,貝萊德英國基金 A2,yfinance,未分類,英國
B09081,2017-03-13,97.0999984741211,英鎊,貝萊德英國基金 A2,yfinance,未分類,英國
B09081,2017-03-14,96.66000366210938,英鎊,貝萊德英國基金 A2,yfinance,未分類,英國
B09081,2017-03-15,96.75,英鎊,貝萊德英國基金 A2,yfinance,未分類,英國
B09081,2017-03-16,96.95999908447266,英鎊,貝萊德英國基金 A2,yfinance,未分類,英國
B09081,2017-03-17,97.12000274658203,英鎊,貝萊德英國基金 A2,yfinance,未分類,英國
B09081,2017-03-20,97.33000183105469,英鎊,貝萊德英國基金 A2,yfinance,未分類,英國
B09081,2017-03-21,96.83000183105469,英鎊,貝萊德英國基金 A2,yfinance,未分類,英國
B09081,2017-03-22,95.36000061035156,英鎊,貝萊德英國基金 A2,yfinance,未分類,英國
B09081,2017-03-23,95.80000305175781,英鎊,貝萊德英國基金 A2,yfinance,未分類,英國
B09081,2017-03-24,96.18000030517578,英鎊,貝萊德英國基金 A2,yfinance,未分類,英國
B09081,2017-03-27,95.5999984741211,英鎊,貝萊德英國基金 A2,yfinance,未分類,英國
B09081,2017-03-28,95.88999938964844,英鎊,貝萊德英國基金 A2,yfinance,未分類,英國
B09081,2017-03-29,96.56999969482422,英鎊,貝萊德英國基金 A2,yfinance,未分類,英國
B09081,2017-03-30,96.58999633789062,英鎊,貝萊德英國基金 A2,yfinance,未分類,英國
B09081,2017-03-31,96.54000091552734,英鎊,貝萊德英國基金 A2,yfinance,未分類,英國
B09081,2017-04-03,96.54000091552734,英鎊,貝萊德英國基金 A2,yfinance,未分類,英國
B09081,2017-04-04,96.75,英鎊,貝萊德英國基金 A2,yfinance,未分類,英國
B09081,2017-04-05,97.08999633789062,英鎊,貝萊德英國基金 A2,yfinance,未分類,英國
B09081,2017-04-06,97.2699966430664,英鎊,貝萊德英國基金 A2,yfinance,未分類,英國
B09081,2017-04-07,97.61000061035156,英鎊,貝萊德英國基金 A2,yfinance,未分類,英國
B09081,2017-04-10,98.08000183105469,英鎊,貝萊德英國基金 A2,yfinance,未分類,英國
B09081,2017-04-11,98.79000091552734,英鎊,貝萊德英國基金 A2,yfinance,未分類,英國
B09081,2017-04-12,98.36000061035156,英鎊,貝萊德英國基金 A2,yfinance,未分類,英國
B09081,2017-04-13,98.33000183105469,英鎊,貝萊德英國基金 A2,yfinance,未分類,英國
B09081,2017-04-18,97.04000091552734,英鎊,貝萊德英國基金 A2,yfinance,未分類,英國
B09081,2017-04-19,97.0199966430664,英鎊,貝萊德英國基金 A2,yfinance,未分類,英國
B09081,2017-04-20,96.80000305175781,英鎊,貝萊德英國基金 A2,yfinance,未分類,英國
B09081,2017-04-21,96.79000091552734,英鎊,貝萊德英國基金 A2,yfinance,未分類,英國
B09081,2017-04-24,98.63999938964844,英鎊,貝萊德英國基金 A2,yfinance,未分類,英國
B09081,2017-04-25,98.94999694824219,英鎊,貝萊德英國基金 A2,yfinance,未分類,英國
B09081,2017-04-26,98.83999633789062,英鎊,貝萊德英國基金 A2,yfinance,未分類,英國
B09081,2017-04-27,98.97000122070312,英鎊,貝萊德英國基金 A2,yfinance,未分類,英國
B09081,2017-04-28,98.7300033569336,英鎊,貝萊德英國基金 A2,yfinance,未分類,英國
B09081,2017-05-02,99.11000061035156,英鎊,貝萊德英國基金 A2,yfinance,未分類,英國
B09081,2017-05-03,98.87000274658203,英鎊,貝萊德英國基金 A2,yfinance,未分類,英國
B09081,2017-05-04,98.9000015258789,英鎊,貝萊德英國基金 A2,yfinance,未分類,英國
B09081,2017-05-05,99.05000305175781,英鎊,貝萊德英國基金 A2,yfinance,未分類,英國
B09081,2017-05-08,99.30000305175781,英鎊,貝萊德英國基金 A2,yfinance,未分類,英國
B09081,2017-05-09,99.45999908447266,英鎊,貝萊德英國基金 A2,yfinance,未分類,英國
B09081,2017-05-10,99.7699966430664,英鎊,貝萊德英國基金 A2,yfinance,未分類,英國
B09081,2017-05-11,99.5999984741211,英鎊,貝萊德英國基金 A2,yfinance,未分類,英國
B09081,2017-05-12,99.9000015258789,英鎊,貝萊德英國基金 A2,yfinance,未分類,英國
B09081,2017-05-15,100.18000030517578,英鎊,貝萊德英國基金 A2,yfinance,未分類,英國
B09081,2017-05-16,100.7699966430664,英鎊,貝萊德英國基金 A2,yfinance,未分類,英國
B09081,2017-05-17,100.44000244140625,英鎊,貝萊德英國基金 A2,yfinance,未分類,英國
B09081,2017-05-18,99.72000122070312,英鎊,貝萊德英國基金 A2,yfinance,未分類,英國
B09081,2017-05-19,100.75,英鎊,貝萊德英國基金 A2,yfinance,未分類,英國
B09081,2017-05-22,101.16999816894531,英鎊,貝萊德英國基金 A2,yfinance,未分類,英國
B09081,2017-05-23,101.12999725341797,英鎊,貝萊德英國基金 A2,yfinance,未分類,英國
B09081,2017-05-24,101.55000305175781,英鎊,貝萊德英國基金 A2,yfinance,未分類,英國
B09081,2017-05-26,102.5999984741211,英鎊,貝萊德英國基金 A2,yfinance,未分類,英國
B09081,2017-05-30,102.33000183105469,英鎊,貝萊德英國基金 A2,yfinance,未分類,英國
B09081,2017-05-31,102.80000305175781,英鎊,貝萊德英國基金 A2,yfinance,未分類,英國
B09081,2017-06-01,103.02999877929688,英鎊,貝萊德英國基金 A2,yfinance,未分類,英國
B09081,2017-06-02,103.08000183105469,英鎊,貝萊德英國基金 A2,yfinance,未分類,英國
B09081,2017-06-06,102.04000091552734,英鎊,貝萊德英國基金 A2,yfinance,未分類,英國
B09081,2017-06-07,102.0199966430664,英鎊,貝萊德英國基金 A2,yfinance,未分類,英國
B09081,2017-06-08,101.6500015258789,英鎊,貝萊德英國基金 A2,yfinance,未分類,英國
B09081,2017-06-09,101.98999786376953,英鎊,貝萊德英國基金 A2,yfinance,未分類,英國
B09081,2017-06-12,101.16000366210938,英鎊,貝萊德英國基金 A2,yfinance,未分類,英國
B09081,2017-06-13,101.58999633789062,英鎊,貝萊德英國基金 A2,yfinance,未分類,英國
B09081,2017-06-14,101.87999725341797,英鎊,貝萊德英國基金 A2,yfinance,未分類,英國
B09081,2017-06-15,100.0999984741211,英鎊,貝萊德英國基金 A2,yfinance,未分類,英國
B09081,2017-06-16,101.08000183105469,英鎊,貝萊德英國基金 A2,yfinance,未分類,英國
B09081,2017-06-19,101.62999725341797,英鎊,貝萊德英國基金 A2,yfinance,未分類,英國
B09081,2017-06-20,101.69999694824219,英鎊,貝萊德英國基金 A2,yfinance,未分類,英國
B09081,2017-06-21,101.06999969482422,英鎊,貝萊德英國基金 A2,yfinance,未分類,英國
B09081,2017-06-22,100.93000030517578,英鎊,貝萊德英國基金 A2,yfinance,未分類,英國
B09081,2017-06-26,101.2699966430664,英鎊,貝萊德英國基金 A2,yfinance,未分類,英國
B09081,2017-06-27,100.41999816894531,英鎊,貝萊德英國基金 A2,yfinance,未分類,英國
B09081,2017-06-28,99.72000122070312,英鎊,貝萊德英國基金 A2,yfinance,未分類,英國
B09081,2017-06-29,98.94000244140625,英鎊,貝萊德英國基金 A2,yfinance,未分類,英國
B09081,2017-06-30,99.22000122070312,英鎊,貝萊德英國基金 A2,yfinance,未分類,英國
B09081,2017-07-03,98.94000244140625,英鎊,貝萊德英國基金 A2,yfinance,未分類,英國
B09081,2017-07-04,98.77999877929688,英鎊,貝萊德英國基金 A2,yfinance,未分類,英國
B09081,2017-07-05,99.16000366210938,英鎊,貝萊德英國基金 A2,yfinance,未分類,英國
B09081,2017-07-06,98.5199966430664,英鎊,貝萊德英國基金 A2,yfinance,未分類,英國
B09081,2017-07-07,98.77999877929688,英鎊,貝萊德英國基金 A2,yfinance,未分類,英國
B09081,2017-07-10,98.7699966430664,英鎊,貝萊德英國基金 A2,yfinance,未分類,英國
B09081,2017-07-11,98.19000244140625,英鎊,貝萊德英國基金 A2,yfinance,未分類,英國
B09081,2017-07-12,98.69999694824219,英鎊,貝萊德英國基金 A2,yfinance,未分類,英國
B09081,2017-07-13,98.97000122070312,英鎊,貝萊德英國基金 A2,yfinance,未分類,英國
B09081,2017-07-14,99.06999969482422,英鎊,貝萊德英國基金 A2,yfinance,未分類,英國
B09081,2017-07-17,99.4000015258789,英鎊,貝萊德英國基金 A2,yfinance,未分類,英國
B09081,2017-07-18,99.62999725341797,英鎊,貝萊德英國基金 A2,yfinance,未分類,英國
B09081,2017-07-19,100.54000091552734,英鎊,貝萊德英國基金 A2,yfinance,未分類,英國
B09081,2017-07-20,101.16000366210938,英鎊,貝萊德英國基金 A2,yfinance,未分類,英國
B09081,2017-07-21,100.91999816894531,英鎊,貝萊德英國基金 A2,yfinance,未分類,英國
B09081,2017-07-24,100.26000213623047,英鎊,貝萊德英國基金 A2,yfinance,未分類,英國
B09081,2017-07-25,101.12999725341797,英鎊,貝萊德英國基金 A2,yfinance,未分類,英國
B09081,2017-07-26,101.61000061035156,英鎊,貝萊德英國基金 A2,yfinance,未分類,英國
B09081,2017-07-27,101.2699966430664,英鎊,貝萊德英國基金 A2,yfinance,未分類,英國
B09081,2017-07-28,100.6500015258789,英鎊,貝萊德英國基金 A2,yfinance,未分類,英國
B09081,2017-07-31,100.16999816894531,英鎊,貝萊德英國基金 A2,yfinance,未分類,英國
B09081,2017-08-01,100.23999786376953,英鎊,貝萊德英國基金 A2,yfinance,未分類,英國
B09081,2017-08-02,100.05000305175781,英鎊,貝萊德英國基金 A2,yfinance,未分類,英國
B09081,2017-08-03,100.86000061035156,英鎊,貝萊德英國基金 A2,yfinance,未分類,英國
B09081,2017-08-04,101.16999816894531,英鎊,貝萊德英國基金 A2,yfinance,未分類,英國
B09081,2017-08-07,101.30000305175781,英鎊,貝萊德英國基金 A2,yfinance,未分類,英國
B09081,2017-08-08,101.36000061035156,英鎊,貝萊德英國基金 A2,yfinance,未分類,英國
B09081,2017-08-09,100.83999633789062,英鎊,貝萊德英國基金 A2,yfinance,未分類,英國
B09081,2017-08-10,100.23999786376953,英鎊,貝萊德英國基金 A2,yfinance,未分類,英國
B09081,2017-08-11,99.41999816894531,英鎊,貝萊德英國基金 A2,yfinance,未分類,英國
B09081,2017-08-14,100.16999816894531,英鎊,貝萊德英國基金 A2,yfinance,未分類,英國
B09081,2017-08-16,101.58999633789062,英鎊,貝萊德英國基金 A2,yfinance,未分類,英國
B09081,2017-08-17,101.37999725341797,英鎊,貝萊德英國基金 A2,yfinance,未分類,英國
B09081,2017-08-18,100.19999694824219,英鎊,貝萊德英國基金 A2,yfinance,未分類,英國
B09081,2017-08-21,100.26000213623047,英鎊,貝萊德英國基金 A2,yfinance,未分類,英國
B09081,2017-08-22,101.19999694824219,英鎊,貝萊德英國基金 A2,yfinance,未分類,英國
B09081,2017-08-23,101.37999725341797,英鎊,貝萊德英國基金 A2,yfinance,未分類,英國
B09081,2017-08-24,101.77999877929688,英鎊,貝萊德英國基金 A2,yfinance,未分類,英國
B09081,2017-08-25,101.83000183105469,英鎊,貝萊德英國基金 A2,yfinance,未分類,英國
B09081,2017-08-29,100.70999908447266,英鎊,貝萊德英國基金 A2,yfinance,未分類,英國
B09081,2017-08-30,101.48999786376953,英鎊,貝萊德英國基金 A2,yfinance,未分類,英國
B09081,2017-08-31,102.3499984741211,英鎊,貝萊德英國基金 A2,yfinance,未分類,英國
B09081,2017-09-01,103.01000213623047,英鎊,貝萊德英國基金 A2,yfinance,未分類,英國
B09081,2017-09-04,102.3499984741211,英鎊,貝萊德英國基金 A2,yfinance,未分類,英國
B09081,2017-09-05,102.08999633789062,英鎊,貝萊德英國基金 A2,yfinance,未分類,英國
B09081,2017-09-06,101.70999908447266,英鎊,貝萊德英國基金 A2,yfinance,未分類,英國
B09081,2017-09-07,102.5999984741211,英鎊,貝萊德英國基金 A2,yfinance,未分類,英國
B09081,2017-09-08,102.41000366210938,英鎊,貝萊德英國基金 A2,yfinance,未分類,英國
B09081,2017-09-11,102.91999816894531,英鎊,貝萊德英國基金 A2,yfinance,未分類,英國
B09081,2017-09-12,102.41000366210938,英鎊,貝萊德英國基金 A2,yfinance,未分類,英國
B09081,2017-09-13,102.20999908447266,英鎊,貝萊德英國基金 A2,yfinance,未分類,英國
B09081,2017-09-14,101.87999725341797,英鎊,貝萊德英國基金 A2,yfinance,未分類,英國
B09081,2017-09-15,100.75,英鎊,貝萊德英國基金 A2,yfinance,未分類,英國
B09081,2017-09-18,100.98999786376953,英鎊,貝萊德英國基金 A2,yfinance,未分類,英國
B09081,2017-09-19,101.47000122070312,英鎊,貝萊德英國基金 A2,yfinance,未分類,英國
B09081,2017-09-20,101.04000091552734,英鎊,貝萊德英國基金 A2,yfinance,未分類,英國
B09081,2017-09-21,100.5,英鎊,貝萊德英國基金 A2,yfinance,未分類,英國
B09081,2017-09-22,101.11000061035156,英鎊,貝萊德英國基金 A2,yfinance,未分類,英國
B09081,2017-09-25,101.02999877929688,英鎊,貝萊德英國基金 A2,yfinance,未分類,英國
B09081,2017-09-26,100.80000305175781,英鎊,貝萊德英國基金 A2,yfinance,未分類,英國
B09081,2017-09-27,101.01000213623047,英鎊,貝萊德英國基金 A2,yfinance,未分類,英國
B09081,2017-09-28,100.91999816894531,英鎊,貝萊德英國基金 A2,yfinance,未分類,英國
B09081,2017-09-29,102.02999877929688,英鎊,貝萊德英國基金 A2,yfinance,未分類,英國
B09081,2017-10-02,103.33999633789062,英鎊,貝萊德英國基金 A2,yfinance,未分類,英國
B09081,2017-10-03,103.0,英鎊,貝萊德英國基金 A2,yfinance,未分類,英國
B09081,2017-10-04,102.93000030517578,英鎊,貝萊德英國基金 A2,yfinance,未分類,英國
B09081,2017-10-05,103.29000091552734,英鎊,貝萊德英國基金 A2,yfinance,未分類,英國
B09081,2017-10-06,103.86000061035156,英鎊,貝萊德英國基金 A2,yfinance,未分類,英國
B09081,2017-10-09,103.58000183105469,英鎊,貝萊德英國基金 A2,yfinance,未分類,英國
B09081,2017-10-10,104.0999984741211,英鎊,貝萊德英國基金 A2,yfinance,未分類,英國
B09081,2017-10-11,104.2699966430664,英鎊,貝萊德英國基金 A2,yfinance,未分類,英國
B09081,2017-10-12,105.0,英鎊,貝萊德英國基金 A2,yfinance,未分類,英國
B09081,2017-10-13,104.87000274658203,英鎊,貝萊德英國基金 A2,yfinance,未分類,英國
B09081,2017-10-16,104.75,英鎊,貝萊德英國基金 A2,yfinance,未分類,英國
B09081,2017-10-17,104.58999633789062,英鎊,貝萊德英國基金 A2,yfinance,未分類,英國
B09081,2017-10-18,104.52999877929688,英鎊,貝萊德英國基金 A2,yfinance,未分類,英國
B09081,2017-10-19,103.7300033569336,英鎊,貝萊德英國基金 A2,yfinance,未分類,英國
B09081,2017-10-20,103.91000366210938,英鎊,貝萊德英國基金 A2,yfinance,未分類,英國
B09081,2017-10-23,103.83999633789062,英鎊,貝萊德英國基金 A2,yfinance,未分類,英國
B09081,2017-10-24,103.76000213623047,英鎊,貝萊德英國基金 A2,yfinance,未分類,英國
B09081,2017-10-25,104.12000274658203,英鎊,貝萊德英國基金 A2,yfinance,未分類,英國
B09081,2017-10-26,104.55999755859375,英鎊,貝萊德英國基金 A2,yfinance,未分類,英國
B09081,2017-10-27,105.11000061035156,英鎊,貝萊德英國基金 A2,yfinance,未分類,英國
B09081,2017-10-30,105.11000061035156,英鎊,貝萊德英國基金 A2,yfinance,未分類,英國
B09081,2017-10-31,104.98999786376953,英鎊,貝萊德英國基金 A2,yfinance,未分類,英國
B09081,2017-11-02,105.27999877929688,英鎊,貝萊德英國基金 A2,yfinance,未分類,英國
B09081,2017-11-03,106.05999755859375,英鎊,貝萊德英國基金 A2,yfinance,未分類,英國
B09081,2017-11-06,106.20999908447266,英鎊,貝萊德英國基金 A2,yfinance,未分類,英國
B09081,2017-11-07,106.2699966430664,英鎊,貝萊德英國基金 A2,yfinance,未分類,英國
B09081,2017-11-08,105.95999908447266,英鎊,貝萊德英國基金 A2,yfinance,未分類,英國
B09081,2017-11-09,105.33000183105469,英鎊,貝萊德英國基金 A2,yfinance,未分類,英國
B09081,2017-11-10,104.66000366210938,英鎊,貝萊德英國基金 A2,yfinance,未分類,英國
B09081,2017-11-13,104.18000030517578,英鎊,貝萊德英國基金 A2,yfinance,未分類,英國
B09081,2017-11-14,104.30000305175781,英鎊,貝萊德英國基金 A2,yfinance,未分類,英國
B09081,2017-11-15,103.20999908447266,英鎊,貝萊德英國基金 A2,yfinance,未分類,英國
B09081,2017-11-16,104.31999969482422,英鎊,貝萊德英國基金 A2,yfinance,未分類,英國
B09081,2017-11-17,104.04000091552734,英鎊,貝萊德英國基金 A2,yfinance,未分類,英國
B09081,2017-11-20,104.16999816894531,英鎊,貝萊德英國基金 A2,yfinance,未分類,英國
B09081,2017-11-21,104.6500015258789,英鎊,貝萊德英國基金 A2,yfinance,未分類,英國
B09081,2017-11-22,105.19999694824219,英鎊,貝萊德英國基金 A2,yfinance,未分類,英國
B09081,2017-11-23,105.16000366210938,英鎊,貝萊德英國基金 A2,yfinance,未分類,英國
B09081,2017-11-24,104.9800033569336,英鎊,貝萊德英國基金 A2,yfinance,未分類,英國
B09081,2017-11-27,104.95999908447266,英鎊,貝萊德英國基金 A2,yfinance,未分類,英國
B09081,2017-11-28,105.33000183105469,英鎊,貝萊德英國基金 A2,yfinance,未分類,英國
B09081,2017-11-29,104.8499984741211,英鎊,貝萊德英國基金 A2,yfinance,未分類,英國
B09081,2017-11-30,102.87000274658203,英鎊,貝萊德英國基金 A2,yfinance,未分類,英國
B09081,2017-12-01,102.7699966430664,英鎊,貝萊德英國基金 A2,yfinance,未分類,英國
B09081,2017-12-04,102.5999984741211,英鎊,貝萊德英國基金 A2,yfinance,未分類,英國
B09081,2017-12-05,102.63999938964844,英鎊,貝萊德英國基金 A2,yfinance,未分類,英國
B09081,2017-12-06,103.02999877929688,英鎊,貝萊德英國基金 A2,yfinance,未分類,英國
B09081,2017-12-07,102.91999816894531,英鎊,貝萊德英國基金 A2,yfinance,未分類,英國
B09081,2017-12-08,103.52999877929688,英鎊,貝萊德英國基金 A2,yfinance,未分類,英國
B09081,2017-12-11,104.0199966430664,英鎊,貝萊德英國基金 A2,yfinance,未分類,英國
B09081,2017-12-12,104.43000030517578,英鎊,貝萊德英國基金 A2,yfinance,未分類,英國
B09081,2017-12-13,104.75,英鎊,貝萊德英國基金 A2,yfinance,未分類,英國
B09081,2017-12-14,104.87999725341797,英鎊,貝萊德英國基金 A2,yfinance,未分類,英國
B09081,2017-12-15,105.16000366210938,英鎊,貝萊德英國基金 A2,yfinance,未分類,英國
B09081,2017-12-18,105.2699966430664,英鎊,貝萊德英國基金 A2,yfinance,未分類,英國
B09081,2017-12-19,105.91000366210938,英鎊,貝萊德英國基金 A2,yfinance,未分類,英國
B09081,2017-12-20,105.7699966430664,英鎊,貝萊德英國基金 A2,yfinance,未分類,英國
B09081,2017-12-21,106.19999694824219,英鎊,貝萊德英國基金 A2,yfinance,未分類,英國
B09081,2017-12-22,106.22000122070312,英鎊,貝萊德英國基金 A2,yfinance,未分類,英國
B09081,2017-12-27,106.56999969482422,英鎊,貝萊德英國基金 A2,yfinance,未分類,英國
B09081,2017-12-28,106.77999877929688,英鎊,貝萊德英國基金 A2,yfinance,未分類,英國
B09081,2017-12-29,107.52999877929688,英鎊,貝萊德英國基金 A2,yfinance,未分類,英國
B24089,2017-01-03,7.4070000648498535,英鎊,霸菱德國增長基金-A類英鎊累積型,yfinance,股票型,歐洲(含歐元區)
B24089,2017-01-04,7.3979997634887695,英鎊,霸菱德國增長基金-A類英鎊累積型,yfinance,股票型,歐洲(含歐元區)
B24089,2017-01-05,7.454999923706055,英鎊,霸菱德國增長基金-A類英鎊累積型,yfinance,股票型,歐洲(含歐元區)
B24089,2017-01-06,7.480000019073486,英鎊,霸菱德國增長基金-A類英鎊累積型,yfinance,股票型,歐洲(含歐元區)
B24089,2017-01-09,7.552999973297119,英鎊,霸菱德國增長基金-A類英鎊累積型,yfinance,股票型,歐洲(含歐元區)
B24089,2017-01-10,7.63100004196167,英鎊,霸菱德國增長基金-A類英鎊累積型,yfinance,股票型,歐洲(含歐元區)
B24089,2017-01-11,7.619999885559082,英鎊,霸菱德國增長基金-A類英鎊累積型,yfinance,股票型,歐洲(含歐元區)
B24089,2017-01-12,7.605000019073486,英鎊,霸菱德國增長基金-A類英鎊累積型,yfinance,股票型,歐洲(含歐元區)
B24089,2017-01-13,7.659999847412109,英鎊,霸菱德國增長基金-A類英鎊累積型,yfinance,股票型,歐洲(含歐元區)
B24089,2017-01-16,7.709000110626221,英鎊,霸菱德國增長基金-A類英鎊累積型,yfinance,股票型,歐洲(含歐元區)
B24089,2017-01-17,7.642000198364258,英鎊,霸菱德國增長基金-A類英鎊累積型,yfinance,股票型,歐洲(含歐元區)
B24089,2017-01-18,7.638000011444092,英鎊,霸菱德國增長基金-A類英鎊累積型,yfinance,股票型,歐洲(含歐元區)
B24089,2017-01-19,7.636000156402588,英鎊,霸菱德國增長基金-A類英鎊累積型,yfinance,股票型,歐洲(含歐元區)
B24089,2017-01-20,7.659999847412109,英鎊,霸菱德國增長基金-A類英鎊累積型,yfinance,股票型,歐洲(含歐元區)
B24089,2017-01-23,7.623000144958496,英鎊,霸菱德國增長基金-A類英鎊累積型,yfinance,股票型,歐洲(含歐元區)
B24089,2017-01-24,7.6479997634887695,英鎊,霸菱德國增長基金-A類英鎊累積型,yfinance,股票型,歐洲(含歐元區)
B24089,2017-01-25,7.677999973297119,英鎊,霸菱德國增長基金-A類英鎊累積型,yfinance,股票型,歐洲(含歐元區)
B24089,2017-01-26,7.703999996185303,英鎊,霸菱德國增長基金-A類英鎊累積型,yfinance,股票型,歐洲(含歐元區)
B24089,2017-01-27,7.690000057220459,英鎊,霸菱德國增長基金-A類英鎊累積型,yfinance,股票型,歐洲(含歐元區)
B24089,2017-01-30,7.638000011444092,英鎊,霸菱德國增長基金-A類英鎊累積型,yfinance,股票型,歐洲(含歐元區)
B24089,2017-01-31,7.7230000495910645,英鎊,霸菱德國增長基金-A類英鎊累積型,yfinance,股票型,歐洲(含歐元區)
B24089,2017-02-01,7.614999771118164,英鎊,霸菱德國增長基金-A類英鎊累積型,yfinance,股票型,歐洲(含歐元區)
B24089,2017-02-02,7.629000186920166,英鎊,霸菱德國增長基金-A類英鎊累積型,yfinance,股票型,歐洲(含歐元區)
B24089,2017-02-03,7.679999828338623,英鎊,霸菱德國增長基金-A類英鎊累積型,yfinance,股票型,歐洲(含歐元區)
B24089,2017-02-06,7.668000221252441,英鎊,霸菱德國增長基金-A類英鎊累積型,yfinance,股票型,歐洲(含歐元區)
B24089,2017-02-07,7.665999889373779,英鎊,霸菱德國增長基金-A類英鎊累積型,yfinance,股票型,歐洲(含歐元區)
B24089,2017-02-08,7.565000057220459,英鎊,霸菱德國增長基金-A類英鎊累積型,yfinance,股票型,歐洲(含歐元區)
B24089,2017-02-09,7.550000190734863,英鎊,霸菱德國增長基金-A類英鎊累積型,yfinance,股票型,歐洲(含歐元區)
B24089,2017-02-10,7.618000030517578,英鎊,霸菱德國增長基金-A類英鎊累積型,yfinance,股票型,歐洲(含歐元區)
B24089,2017-02-13,7.642000198364258,英鎊,霸菱德國增長基金-A類英鎊累積型,yfinance,股票型,歐洲(含歐元區)
B24089,2017-02-14,7.698999881744385,英鎊,霸菱德國增長基金-A類英鎊累積型,yfinance,股票型,歐洲(含歐元區)
B24089,2017-02-15,7.685999870300293,英鎊,霸菱德國增長基金-A類英鎊累積型,yfinance,股票型,歐洲(含歐元區)
B24089,2017-02-16,7.681000232696533,英鎊,霸菱德國增長基金-A類英鎊累積型,yfinance,股票型,歐洲(含歐元區)
B24089,2017-02-17,7.71999979019165,英鎊,霸菱德國增長基金-A類英鎊累積型,yfinance,股票型,歐洲(含歐元區)
B24089,2017-02-20,7.7170000076293945,英鎊,霸菱德國增長基金-A類英鎊累積型,yfinance,股票型,歐洲(含歐元區)
B24089,2017-02-21,7.735000133514404,英鎊,霸菱德國增長基金-A類英鎊累積型,yfinance,股票型,歐洲(含歐元區)
B24089,2017-02-22,7.735000133514404,英鎊,霸菱德國增長基金-A類英鎊累積型,yfinance,股票型,歐洲(含歐元區)
B24089,2017-02-23,7.755000114440918,英鎊,霸菱德國增長基金-A類英鎊累積型,yfinance,股票型,歐洲(含歐元區)
B24089,2017-02-24,7.59499979019165,英鎊,霸菱德國增長基金-A類英鎊累積型,yfinance,股票型,歐洲(含歐元區)
B24089,2017-02-27,7.696000099182129,英鎊,霸菱德國增長基金-A類英鎊累積型,yfinance,股票型,歐洲(含歐元區)
B24089,2017-02-28,7.683000087738037,英鎊,霸菱德國增長基金-A類英鎊累積型,yfinance,股票型,歐洲(含歐元區)
B24089,2017-03-01,7.829999923706055,英鎊,霸菱德國增長基金-A類英鎊累積型,yfinance,股票型,歐洲(含歐元區)
B24089,2017-03-02,7.901000022888184,英鎊,霸菱德國增長基金-A類英鎊累積型,yfinance,股票型,歐洲(含歐元區)
B24089,2017-03-03,7.946000099182129,英鎊,霸菱德國增長基金-A類英鎊累積型,yfinance,股票型,歐洲(含歐元區)
B24089,2017-03-06,7.945000171661377,英鎊,霸菱德國增長基金-A類英鎊累積型,yfinance,股票型,歐洲(含歐元區)
B24089,2017-03-07,7.979000091552734,英鎊,霸菱德國增長基金-A類英鎊累積型,yfinance,股票型,歐洲(含歐元區)
B24089,2017-03-08,7.978000164031982,英鎊,霸菱德國增長基金-A類英鎊累積型,yfinance,股票型,歐洲(含歐元區)
B24089,2017-03-09,7.966000080108643,英鎊,霸菱德國增長基金-A類英鎊累積型,yfinance,股票型,歐洲(含歐元區)
B24089,2017-03-10,8.093000411987305,英鎊,霸菱德國增長基金-A類英鎊累積型,yfinance,股票型,歐洲(含歐元區)
B24089,2017-03-13,8.038000106811523,英鎊,霸菱德國增長基金-A類英鎊累積型,yfinance,股票型,歐洲(含歐元區)
B24089,2017-03-14,8.097000122070312,英鎊,霸菱德國增長基金-A類英鎊累積型,yfinance,股票型,歐洲(含歐元區)
B24089,2017-03-15,8.052000045776367,英鎊,霸菱德國增長基金-A類英鎊累積型,yfinance,股票型,歐洲(含歐元區)
B24089,2017-03-16,8.126999855041504,英鎊,霸菱德國增長基金-A類英鎊累積型,yfinance,股票型,歐洲(含歐元區)
B24089,2017-03-17,8.088000297546387,英鎊,霸菱德國增長基金-A類英鎊累積型,yfinance,股票型,歐洲(含歐元區)
B24089,2017-03-20,8.090999603271484,英鎊,霸菱德國增長基金-A類英鎊累積型,yfinance,股票型,歐洲(含歐元區)
B24089,2017-03-21,8.083999633789062,英鎊,霸菱德國增長基金-A類英鎊累積型,yfinance,股票型,歐洲(含歐元區)
B24089,2017-03-22,7.943999767303467,英鎊,霸菱德國增長基金-A類英鎊累積型,yfinance,股票型,歐洲(含歐元區)
B24089,2017-03-23,7.953999996185303,英鎊,霸菱德國增長基金-A類英鎊累積型,yfinance,股票型,歐洲(含歐元區)
B24089,2017-03-24,8.027000427246094,英鎊,霸菱德國增長基金-A類英鎊累積型,yfinance,股票型,歐洲(含歐元區)
B24089,2017-03-27,8.00100040435791,英鎊,霸菱德國增長基金-A類英鎊累積型,yfinance,股票型,歐洲(含歐元區)
B24089,2017-03-28,8.064000129699707,英鎊,霸菱德國增長基金-A類英鎊累積型,yfinance,股票型,歐洲(含歐元區)
B24089,2017-03-29,8.180000305175781,英鎊,霸菱德國增長基金-A類英鎊累積型,yfinance,股票型,歐洲(含歐元區)
B24089,2017-03-30,8.152999877929688,英鎊,霸菱德國增長基金-A類英鎊累積型,yfinance,股票型,歐洲(含歐元區)
B24089,2017-03-31,8.130999565124512,英鎊,霸菱德國增長基金-A類英鎊累積型,yfinance,股票型,歐洲(含歐元區)
B24089,2017-04-03,8.151000022888184,英鎊,霸菱德國增長基金-A類英鎊累積型,yfinance,股票型,歐洲(含歐元區)
B24089,2017-04-04,8.137999534606934,英鎊,霸菱德國增長基金-A類英鎊累積型,yfinance,股票型,歐洲(含歐元區)
B24089,2017-04-05,8.152999877929688,英鎊,霸菱德國增長基金-A類英鎊累積型,yfinance,股票型,歐洲(含歐元區)
B24089,2017-04-06,8.121999740600586,英鎊,霸菱德國增長基金-A類英鎊累積型,yfinance,股票型,歐洲(含歐元區)
B24089,2017-04-07,8.119000434875488,英鎊,霸菱德國增長基金-A類英鎊累積型,yfinance,股票型,歐洲(含歐元區)
B24089,2017-04-10,8.121999740600586,英鎊,霸菱德國增長基金-A類英鎊累積型,yfinance,股票型,歐洲(含歐元區)
B24089,2017-04-11,8.131999969482422,英鎊,霸菱德國增長基金-A類英鎊累積型,yfinance,股票型,歐洲(含歐元區)
B24089,2017-04-12,8.057999610900879,英鎊,霸菱德國增長基金-A類英鎊累積型,yfinance,股票型,歐洲(含歐元區)
B24089,2017-04-13,8.017000198364258,英鎊,霸菱德國增長基金-A類英鎊累積型,yfinance,股票型,歐洲(含歐元區)
B24089,2017-04-18,7.913000106811523,英鎊,霸菱德國增長基金-A類英鎊累積型,yfinance,股票型,歐洲(含歐元區)
B24089,2017-04-19,7.8420000076293945,英鎊,霸菱德國增長基金-A類英鎊累積型,yfinance,股票型,歐洲(含歐元區)
B24089,2017-04-20,7.894000053405762,英鎊,霸菱德國增長基金-A類英鎊累積型,yfinance,股票型,歐洲(含歐元區)
B24089,2017-04-21,7.89900016784668,英鎊,霸菱德國增長基金-A類英鎊累積型,yfinance,股票型,歐洲(含歐元區)
B24089,2017-04-24,8.1899995803833,英鎊,霸菱德國增長基金-A類英鎊累積型,yfinance,股票型,歐洲(含歐元區)
B24089,2017-04-25,8.23799991607666,英鎊,霸菱德國增長基金-A類英鎊累積型,yfinance,股票型,歐洲(含歐元區)
B24089,2017-04-26,8.234000205993652,英鎊,霸菱德國增長基金-A類英鎊累積型,yfinance,股票型,歐洲(含歐元區)
B24089,2017-04-27,8.196999549865723,英鎊,霸菱德國增長基金-A類英鎊累積型,yfinance,股票型,歐洲(含歐元區)
B24089,2017-04-28,8.244999885559082,英鎊,霸菱德國增長基金-A類英鎊累積型,yfinance,股票型,歐洲(含歐元區)
B24089,2017-05-02,8.253999710083008,英鎊,霸菱德國增長基金-A類英鎊累積型,yfinance,股票型,歐洲(含歐元區)
B24089,2017-05-03,8.23900032043457,英鎊,霸菱德國增長基金-A類英鎊累積型,yfinance,股票型,歐洲(含歐元區)
B24089,2017-05-04,8.361000061035156,英鎊,霸菱德國增長基金-A類英鎊累積型,yfinance,股票型,歐洲(含歐元區)
B24089,2017-05-05,8.33899974822998,英鎊,霸菱德國增長基金-A類英鎊累積型,yfinance,股票型,歐洲(含歐元區)
B24089,2017-05-08,8.357999801635742,英鎊,霸菱德國增長基金-A類英鎊累積型,yfinance,股票型,歐洲(含歐元區)
B24089,2017-05-09,8.395000457763672,英鎊,霸菱德國增長基金-A類英鎊累積型,yfinance,股票型,歐洲(含歐元區)
B24089,2017-05-10,8.366000175476074,英鎊,霸菱德國增長基金-A類英鎊累積型,yfinance,股票型,歐洲(含歐元區)
B24089,2017-05-11,8.397000312805176,英鎊,霸菱德國增長基金-A類英鎊累積型,yfinance,股票型,歐洲(含歐元區)
B24089,2017-05-12,8.404000282287598,英鎊,霸菱德國增長基金-A類英鎊累積型,yfinance,股票型,歐洲(含歐元區)
B24089,2017-05-15,8.46399974822998,英鎊,霸菱德國增長基金-A類英鎊累積型,yfinance,股票型,歐洲(含歐元區)
B24089,2017-05-16,8.569999694824219,英鎊,霸菱德國增長基金-A類英鎊累積型,yfinance,股票型,歐洲(含歐元區)
B24089,2017-05-17,8.553000450134277,英鎊,霸菱德國增長基金-A類英鎊累積型,yfinance,股票型,歐洲(含歐元區)
B24089,2017-05-18,8.307000160217285,英鎊,霸菱德國增長基金-A類英鎊累積型,yfinance,股票型,歐洲(含歐元區)
B24089,2017-05-19,8.456999778747559,英鎊,霸菱德國增長基金-A類英鎊累積型,yfinance,股票型,歐洲(含歐元區)
B24089,2017-05-22,8.51200008392334,英鎊,霸菱德國增長基金-A類英鎊累積型,yfinance,股票型,歐洲(含歐元區)
B24089,2017-05-23,8.586999893188477,英鎊,霸菱德國增長基金-A類英鎊累積型,yfinance,股票型,歐洲(含歐元區)
B24089,2017-05-24,8.545000076293945,英鎊,霸菱德國增長基金-A類英鎊累積型,yfinance,股票型,歐洲(含歐元區)
B24089,2017-05-25,8.579000473022461,英鎊,霸菱德國增長基金-A類英鎊累積型,yfinance,股票型,歐洲(含歐元區)
B24089,2017-05-26,8.637999534606934,英鎊,霸菱德國增長基金-A類英鎊累積型,yfinance,股票型,歐洲(含歐元區)
B24089,2017-05-30,8.642999649047852,英鎊,霸菱德國增長基金-A類英鎊累積型,yfinance,股票型,歐洲(含歐元區)
B24089,2017-05-31,8.729999542236328,英鎊,霸菱德國增長基金-A類英鎊累積型,yfinance,股票型,歐洲(含歐元區)
B24089,2017-06-01,8.73900032043457,英鎊,霸菱德國增長基金-A類英鎊累積型,yfinance,股票型,歐洲(含歐元區)
B24089,2017-06-02,8.866000175476074,英鎊,霸菱德國增長基金-A類英鎊累積型,yfinance,股票型,歐洲(含歐元區)
B24089,2017-06-05,8.831000328063965,英鎊,霸菱德國增長基金-A類英鎊累積型,yfinance,股票型,歐洲(含歐元區)
B24089,2017-06-06,8.777999877929688,英鎊,霸菱德國增長基金-A類英鎊累積型,yfinance,股票型,歐洲(含歐元區)
B24089,2017-06-07,8.746000289916992,英鎊,霸菱德國增長基金-A類英鎊累積型,yfinance,股票型,歐洲(含歐元區)
B24089,2017-06-08,8.72700023651123,英鎊,霸菱德國增長基金-A類英鎊累積型,yfinance,股票型,歐洲(含歐元區)
B24089,2017-06-09,8.82800006866455,英鎊,霸菱德國增長基金-A類英鎊累積型,yfinance,股票型,歐洲(含歐元區)
B24089,2017-06-12,8.829999923706055,英鎊,霸菱德國增長基金-A類英鎊累積型,yfinance,股票型,歐洲(含歐元區)
B24089,2017-06-13,8.824999809265137,英鎊,霸菱德國增長基金-A類英鎊累積型,yfinance,股票型,歐洲(含歐元區)
B24089,2017-06-14,8.895999908447266,英鎊,霸菱德國增長基金-A類英鎊累積型,yfinance,股票型,歐洲(含歐元區)
B24089,2017-06-15,8.696000099182129,英鎊,霸菱德國增長基金-A類英鎊累積型,yfinance,股票型,歐洲(含歐元區)
B24089,2017-06-16,8.73900032043457,英鎊,霸菱德國增長基金-A類英鎊累積型,yfinance,股票型,歐洲(含歐元區)
B24089,2017-06-19,8.829000473022461,英鎊,霸菱德國增長基金-A類英鎊累積型,yfinance,股票型,歐洲(含歐元區)
B24089,2017-06-20,8.916000366210938,英鎊,霸菱德國增長基金-A類英鎊累積型,yfinance,股票型,歐洲(含歐元區)
B24089,2017-06-21,8.815999984741211,英鎊,霸菱德國增長基金-A類英鎊累積型,yfinance,股票型,歐洲(含歐元區)
B24089,2017-06-22,8.848999977111816,英鎊,霸菱德國增長基金-A類英鎊累積型,yfinance,股票型,歐洲(含歐元區)
B24089,2017-06-23,8.770000457763672,英鎊,霸菱德國增長基金-A類英鎊累積型,yfinance,股票型,歐洲(含歐元區)
B24089,2017-06-26,8.859000205993652,英鎊,霸菱德國增長基金-A類英鎊累積型,yfinance,股票型,歐洲(含歐元區)
B24089,2017-06-27,8.814000129699707,英鎊,霸菱德國增長基金-A類英鎊累積型,yfinance,股票型,歐洲(含歐元區)
B24089,2017-06-28,8.730999946594238,英鎊,霸菱德國增長基金-A類英鎊累積型,yfinance,股票型,歐洲(含歐元區)
B24089,2017-06-29,8.687000274658203,英鎊,霸菱德國增長基金-A類英鎊累積型,yfinance,股票型,歐洲(含歐元區)
B24089,2017-06-30,8.588000297546387,英鎊,霸菱德國增長基金-A類英鎊累積型,yfinance,股票型,歐洲(含歐元區)
B24089,2017-07-03,8.588000297546387,英鎊,霸菱德國增長基金-A類英鎊累積型,yfinance,股票型,歐洲(含歐元區)
B24089,2017-07-04,8.59000015258789,英鎊,霸菱德國增長基金-A類英鎊累積型,yfinance,股票型,歐洲(含歐元區)
B24089,2017-07-05,8.628999710083008,英鎊,霸菱德國增長基金-A類英鎊累積型,yfinance,股票型,歐洲(含歐元區)
B24089,2017-07-06,8.585000038146973,英鎊,霸菱德國增長基金-A類英鎊累積型,yfinance,股票型,歐洲(含歐元區)
B24089,2017-07-07,8.633000373840332,英鎊,霸菱德國增長基金-A類英鎊累積型,yfinance,股票型,歐洲(含歐元區)
B24089,2017-07-10,8.680000305175781,英鎊,霸菱德國增長基金-A類英鎊累積型,yfinance,股票型,歐洲(含歐元區)
B24089,2017-07-11,8.689000129699707,英鎊,霸菱德國增長基金-A類英鎊累積型,yfinance,股票型,歐洲(含歐元區)
B24089,2017-07-12,8.798999786376953,英鎊,霸菱德國增長基金-A類英鎊累積型,yfinance,股票型,歐洲(含歐元區)
B24089,2017-07-13,8.791999816894531,英鎊,霸菱德國增長基金-A類英鎊累積型,yfinance,股票型,歐洲(含歐元區)
B24089,2017-07-14,8.763999938964844,英鎊,霸菱德國增長基金-A類英鎊累積型,yfinance,股票型,歐洲(含歐元區)
B24089,2017-07-17,8.732000350952148,英鎊,霸菱德國增長基金-A類英鎊累積型,yfinance,股票型,歐洲(含歐元區)
B24089,2017-07-18,8.758000373840332,英鎊,霸菱德國增長基金-A類英鎊累積型,yfinance,股票型,歐洲(含歐元區)
B24089,2017-07-19,8.689000129699707,英鎊,霸菱德國增長基金-A類英鎊累積型,yfinance,股票型,歐洲(含歐元區)
B24089,2017-07-20,8.784000396728516,英鎊,霸菱德國增長基金-A類英鎊累積型,yfinance,股票型,歐洲(含歐元區)
B24089,2017-07-21,8.756999969482422,英鎊,霸菱德國增長基金-A類英鎊累積型,yfinance,股票型,歐洲(含歐元區)
B24089,2017-07-24,8.644000053405762,英鎊,霸菱德國增長基金-A類英鎊累積型,yfinance,股票型,歐洲(含歐元區)
B24089,2017-07-25,8.711000442504883,英鎊,霸菱德國增長基金-A類英鎊累積型,yfinance,股票型,歐洲(含歐元區)
B24089,2017-07-26,8.729999542236328,英鎊,霸菱德國增長基金-A類英鎊累積型,yfinance,股票型,歐洲(含歐元區)
B24089,2017-07-27,8.694999694824219,英鎊,霸菱德國增長基金-A類英鎊累積型,yfinance,股票型,歐洲(含歐元區)
B24089,2017-07-28,8.668999671936035,英鎊,霸菱德國增長基金-A類英鎊累積型,yfinance,股票型,歐洲(含歐元區)
B24089,2017-07-31,8.687999725341797,英鎊,霸菱德國增長基金-A類英鎊累積型,yfinance,股票型,歐洲(含歐元區)
B24089,2017-08-01,8.680000305175781,英鎊,霸菱德國增長基金-A類英鎊累積型,yfinance,股票型,歐洲(含歐元區)
B24089,2017-08-02,8.734999656677246,英鎊,霸菱德國增長基金-A類英鎊累積型,yfinance,股票型,歐洲(含歐元區)
B24089,2017-08-03,8.696000099182129,英鎊,霸菱德國增長基金-A類英鎊累積型,yfinance,股票型,歐洲(含歐元區)
B24089,2017-08-04,8.784000396728516,英鎊,霸菱德國增長基金-A類英鎊累積型,yfinance,股票型,歐洲(含歐元區)
B24089,2017-08-07,8.859999656677246,英鎊,霸菱德國增長基金-A類英鎊累積型,yfinance,股票型,歐洲(含歐元區)
B24089,2017-08-08,8.904000282287598,英鎊,霸菱德國增長基金-A類英鎊累積型,yfinance,股票型,歐洲(含歐元區)
B24089,2017-08-09,8.777999877929688,英鎊,霸菱德國增長基金-A類英鎊累積型,yfinance,股票型,歐洲(含歐元區)
B24089,2017-08-10,8.696999549865723,英鎊,霸菱德國增長基金-A類英鎊累積型,yfinance,股票型,歐洲(含歐元區)
B24089,2017-08-11,8.675999641418457,英鎊,霸菱德國增長基金-A類英鎊累積型,yfinance,股票型,歐洲(含歐元區)
B24089,2017-08-14,8.831999778747559,英鎊,霸菱德國增長基金-A類英鎊累積型,yfinance,股票型,歐洲(含歐元區)
B24089,2017-08-15,8.883999824523926,英鎊,霸菱德國增長基金-A類英鎊累積型,yfinance,股票型,歐洲(含歐元區)
B24089,2017-08-16,8.906000137329102,英鎊,霸菱德國增長基金-A類英鎊累積型,yfinance,股票型,歐洲(含歐元區)
B24089,2017-08-17,8.895000457763672,英鎊,霸菱德國增長基金-A類英鎊累積型,yfinance,股票型,歐洲(含歐元區)
B24089,2017-08-18,8.85200023651123,英鎊,霸菱德國增長基金-A類英鎊累積型,yfinance,股票型,歐洲(含歐元區)
B24089,2017-08-21,8.857999801635742,英鎊,霸菱德國增長基金-A類英鎊累積型,yfinance,股票型,歐洲(含歐元區)
B24089,2017-08-22,8.909000396728516,英鎊,霸菱德國增長基金-A類英鎊累積型,yfinance,股票型,歐洲(含歐元區)
B24089,2017-08-23,9.010000228881836,英鎊,霸菱德國增長基金-A類英鎊累積型,yfinance,股票型,歐洲(含歐元區)
B24089,2017-08-24,8.996000289916992,英鎊,霸菱德國增長基金-A類英鎊累積型,yfinance,股票型,歐洲(含歐元區)
B24089,2017-08-25,9.008000373840332,英鎊,霸菱德國增長基金-A類英鎊累積型,yfinance,股票型,歐洲(含歐元區)
B24089,2017-08-29,8.890999794006348,英鎊,霸菱德國增長基金-A類英鎊累積型,yfinance,股票型,歐洲(含歐元區)
B24089,2017-08-30,8.902999877929688,英鎊,霸菱德國增長基金-A類英鎊累積型,yfinance,股票型,歐洲(含歐元區)
B24089,2017-08-31,8.960000038146973,英鎊,霸菱德國增長基金-A類英鎊累積型,yfinance,股票型,歐洲(含歐元區)
B24089,2017-09-01,9.005999565124512,英鎊,霸菱德國增長基金-A類英鎊累積型,yfinance,股票型,歐洲(含歐元區)
B24089,2017-09-04,8.954999923706055,英鎊,霸菱德國增長基金-A類英鎊累積型,yfinance,股票型,歐洲(含歐元區)
B24089,2017-09-05,8.958999633789062,英鎊,霸菱德國增長基金-A類英鎊累積型,yfinance,股票型,歐洲(含歐元區)
B24089,2017-09-06,8.914999961853027,英鎊,霸菱德國增長基金-A類英鎊累積型,yfinance,股票型,歐洲(含歐元區)
B24089,2017-09-07,9.038999557495117,英鎊,霸菱德國增長基金-A類英鎊累積型,yfinance,股票型,歐洲(含歐元區)
B24089,2017-09-08,9.029000282287598,英鎊,霸菱德國增長基金-A類英鎊累積型,yfinance,股票型,歐洲(含歐元區)
B24089,2017-09-11,9.062999725341797,英鎊,霸菱德國增長基金-A類英鎊累積型,yfinance,股票型,歐洲(含歐元區)
B24089,2017-09-12,9.027999877929688,英鎊,霸菱德國增長基金-A類英鎊累積型,yfinance,股票型,歐洲(含歐元區)
B24089,2017-09-13,9.04699993133545,英鎊,霸菱德國增長基金-A類英鎊累積型,yfinance,股票型,歐洲(含歐元區)
B24089,2017-09-14,9.00100040435791,英鎊,霸菱德國增長基金-A類英鎊累積型,yfinance,股票型,歐洲(含歐元區)
B24089,2017-09-15,8.82699966430664,英鎊,霸菱德國增長基金-A類英鎊累積型,yfinance,股票型,歐洲(含歐元區)
B24089,2017-09-18,8.904000282287598,英鎊,霸菱德國增長基金-A類英鎊累積型,yfinance,股票型,歐洲(含歐元區)
B24089,2017-09-19,8.977999687194824,英鎊,霸菱德國增長基金-A類英鎊累積型,yfinance,股票型,歐洲(含歐元區)
B24089,2017-09-20,8.956000328063965,英鎊,霸菱德國增長基金-A類英鎊累積型,yfinance,股票型,歐洲(含歐元區)
B24089,2017-09-21,8.968000411987305,英鎊,霸菱德國增長基金-A類英鎊累積型,yfinance,股票型,歐洲(含歐元區)
B24089,2017-09-22,9.01200008392334,英鎊,霸菱德國增長基金-A類英鎊累積型,yfinance,股票型,歐洲(含歐元區)
B24089,2017-09-25,8.987000465393066,英鎊,霸菱德國增長基金-A類英鎊累積型,yfinance,股票型,歐洲(含歐元區)
B24089,2017-09-26,8.928999900817871,英鎊,霸菱德國增長基金-A類英鎊累積型,yfinance,股票型,歐洲(含歐元區)
B24089,2017-09-27,8.944000244140625,英鎊,霸菱德國增長基金-A類英鎊累積型,yfinance,股票型,歐洲(含歐元區)
B24089,2017-09-28,9.013999938964844,英鎊,霸菱德國增長基金-A類英鎊累積型,yfinance,股票型,歐洲(含歐元區)
B24089,2017-09-29,9.105999946594238,英鎊,霸菱德國增長基金-A類英鎊累積型,yfinance,股票型,歐洲(含歐元區)
B24089,2017-10-02,9.1850004196167,英鎊,霸菱德國增長基金-A類英鎊累積型,yfinance,股票型,歐洲(含歐元區)
B24089,2017-10-03,9.246999740600586,英鎊,霸菱德國增長基金-A類英鎊累積型,yfinance,股票型,歐洲(含歐元區)
B24089,2017-10-04,9.244999885559082,英鎊,霸菱德國增長基金-A類英鎊累積型,yfinance,股票型,歐洲(含歐元區)
B24089,2017-10-05,9.303999900817871,英鎊,霸菱德國增長基金-A類英鎊累積型,yfinance,股票型,歐洲(含歐元區)
B24089,2017-10-06,9.371000289916992,英鎊,霸菱德國增長基金-A類英鎊累積型,yfinance,股票型,歐洲(含歐元區)
B24089,2017-10-09,9.288999557495117,英鎊,霸菱德國增長基金-A類英鎊累積型,yfinance,股票型,歐洲(含歐元區)
B24089,2017-10-10,9.303999900817871,英鎊,霸菱德國增長基金-A類英鎊累積型,yfinance,股票型,歐洲(含歐元區)
B24089,2017-10-11,9.345000267028809,英鎊,霸菱德國增長基金-A類英鎊累積型,yfinance,股票型,歐洲(含歐元區)
B24089,2017-10-12,9.39799976348877,英鎊,霸菱德國增長基金-A類英鎊累積型,yfinance,股票型,歐洲(含歐元區)
B24089,2017-10-13,9.319000244140625,英鎊,霸菱德國增長基金-A類英鎊累積型,yfinance,股票型,歐洲(含歐元區)
B24089,2017-10-16,9.288000106811523,英鎊,霸菱德國增長基金-A類英鎊累積型,yfinance,股票型,歐洲(含歐元區)
B24089,2017-10-17,9.329999923706055,英鎊,霸菱德國增長基金-A類英鎊累積型,yfinance,股票型,歐洲(含歐元區)
B24089,2017-10-18,9.376999855041504,英鎊,霸菱德國增長基金-A類英鎊累積型,yfinance,股票型,歐洲(含歐元區)
B24089,2017-10-19,9.343000411987305,英鎊,霸菱德國增長基金-A類英鎊累積型,yfinance,股票型,歐洲(含歐元區)
B24089,2017-10-20,9.361000061035156,英鎊,霸菱德國增長基金-A類英鎊累積型,yfinance,股票型,歐洲(含歐元區)
B24089,2017-10-23,9.3100004196167,英鎊,霸菱德國增長基金-A類英鎊累積型,yfinance,股票型,歐洲(含歐元區)
B24089,2017-10-24,9.300000190734863,英鎊,霸菱德國增長基金-A類英鎊累積型,yfinance,股票型,歐洲(含歐元區)
B24089,2017-10-25,9.267999649047852,英鎊,霸菱德國增長基金-A類英鎊累積型,yfinance,股票型,歐洲(含歐元區)
B24089,2017-10-26,9.307000160217285,英鎊,霸菱德國增長基金-A類英鎊累積型,yfinance,股票型,歐洲(含歐元區)
B24089,2017-10-27,9.380999565124512,英鎊,霸菱德國增長基金-A類英鎊累積型,yfinance,股票型,歐洲(含歐元區)
B24089,2017-10-30,9.33899974822998,英鎊,霸菱德國增長基金-A類英鎊累積型,yfinance,股票型,歐洲(含歐元區)
B24089,2017-10-31,9.32699966430664,英鎊,霸菱德國增長基金-A類英鎊累積型,yfinance,股票型,歐洲(含歐元區)
B24089,2017-11-01,9.402000427246094,英鎊,霸菱德國增長基金-A類英鎊累積型,yfinance,股票型,歐洲(含歐元區)
B24089,2017-11-02,9.496000289916992,英鎊,霸菱德國增長基金-A類英鎊累積型,yfinance,股票型,歐洲(含歐元區)
B24089,2017-11-03,9.562000274658203,英鎊,霸菱德國增長基金-A類英鎊累積型,yfinance,股票型,歐洲(含歐元區)
B24089,2017-11-06,9.496000289916992,英鎊,霸菱德國增長基金-A類英鎊累積型,yfinance,股票型,歐洲(含歐元區)
B24089,2017-11-07,9.46500015258789,英鎊,霸菱德國增長基金-A類英鎊累積型,yfinance,股票型,歐洲(含歐元區)
B24089,2017-11-08,9.418999671936035,英鎊,霸菱德國增長基金-A類英鎊累積型,yfinance,股票型,歐洲(含歐元區)
B24089,2017-11-09,9.390000343322754,英鎊,霸菱德國增長基金-A類英鎊累積型,yfinance,股票型,歐洲(含歐元區)
B24089,2017-11-10,9.279000282287598,英鎊,霸菱德國增長基金-A類英鎊累積型,yfinance,股票型,歐洲(含歐元區)
B24089,2017-11-13,9.253999710083008,英鎊,霸菱德國增長基金-A類英鎊累積型,yfinance,股票型,歐洲(含歐元區)
B24089,2017-11-14,9.319000244140625,英鎊,霸菱德國增長基金-A類英鎊累積型,yfinance,股票型,歐洲(含歐元區)
B24089,2017-11-15,9.220000267028809,英鎊,霸菱德國增長基金-A類英鎊累積型,yfinance,股票型,歐洲(含歐元區)
B24089,2017-11-16,9.25,英鎊,霸菱德國增長基金-A類英鎊累積型,yfinance,股票型,歐洲(含歐元區)
B24089,2017-11-17,9.300999641418457,英鎊,霸菱德國增長基金-A類英鎊累積型,yfinance,股票型,歐洲(含歐元區)
B24089,2017-11-20,9.229999542236328,英鎊,霸菱德國增長基金-A類英鎊累積型,yfinance,股票型,歐洲(含歐元區)
B24089,2017-11-21,9.281000137329102,英鎊,霸菱德國增長基金-A類英鎊累積型,yfinance,股票型,歐洲(含歐元區)
B24089,2017-11-22,9.293999671936035,英鎊,霸菱德國增長基金-A類英鎊累積型,yfinance,股票型,歐洲(含歐元區)
B24089,2017-11-23,9.27299976348877,英鎊,霸菱德國增長基金-A類英鎊累積型,yfinance,股票型,歐洲(含歐元區)
B24089,2017-11-24,9.359000205993652,英鎊,霸菱德國增長基金-A類英鎊累積型,yfinance,股票型,歐洲(含歐元區)
B24089,2017-11-27,9.390999794006348,英鎊,霸菱德國增長基金-A類英鎊累積型,yfinance,股票型,歐洲(含歐元區)
B24089,2017-11-28,9.348999977111816,英鎊,霸菱德國增長基金-A類英鎊累積型,yfinance,股票型,歐洲(含歐元區)
B24089,2017-11-29,9.319000244140625,英鎊,霸菱德國增長基金-A類英鎊累積型,yfinance,股票型,歐洲(含歐元區)
B24089,2017-11-30,9.24899959564209,英鎊,霸菱德國增長基金-A類英鎊累積型,yfinance,股票型,歐洲(含歐元區)
B24089,2017-12-01,9.102999687194824,英鎊,霸菱德國增長基金-A類英鎊累積型,yfinance,股票型,歐洲(含歐元區)
B24089,2017-12-04,9.156999588012695,英鎊,霸菱德國增長基金-A類英鎊累積型,yfinance,股票型,歐洲(含歐元區)
B24089,2017-12-05,9.1899995803833,英鎊,霸菱德國增長基金-A類英鎊累積型,yfinance,股票型,歐洲(含歐元區)
B24089,2017-12-06,9.135000228881836,英鎊,霸菱德國增長基金-A類英鎊累積型,yfinance,股票型,歐洲(含歐元區)
B24089,2017-12-07,9.17300033569336,英鎊,霸菱德國增長基金-A類英鎊累積型,yfinance,股票型,歐洲(含歐元區)
B24089,2017-12-08,9.14900016784668,英鎊,霸菱德國增長基金-A類英鎊累積型,yfinance,股票型,歐洲(含歐元區)
B24089,2017-12-11,9.220999717712402,英鎊,霸菱德國增長基金-A類英鎊累積型,yfinance,股票型,歐洲(含歐元區)
B24089,2017-12-12,9.227999687194824,英鎊,霸菱德國增長基金-A類英鎊累積型,yfinance,股票型,歐洲(含歐元區)
B24089,2017-12-13,9.232000350952148,英鎊,霸菱德國增長基金-A類英鎊累積型,yfinance,股票型,歐洲(含歐元區)
B24089,2017-12-14,9.222000122070312,英鎊,霸菱德國增長基金-A類英鎊累積型,yfinance,股票型,歐洲(含歐元區)
B24089,2017-12-15,9.22599983215332,英鎊,霸菱德國增長基金-A類英鎊累積型,yfinance,股票型,歐洲(含歐元區)
B24089,2017-12-18,9.409000396728516,英鎊,霸菱德國增長基金-A類英鎊累積型,yfinance,股票型,歐洲(含歐元區)
B24089,2017-12-19,9.423999786376953,英鎊,霸菱德國增長基金-A類英鎊累積型,yfinance,股票型,歐洲(含歐元區)
B24089,2017-12-20,9.392000198364258,英鎊,霸菱德國增長基金-A類英鎊累積型,yfinance,股票型,歐洲(含歐元區)
B24089,2017-12-21,9.37399959564209,英鎊,霸菱德國增長基金-A類英鎊累積型,yfinance,股票型,歐洲(含歐元區)
B24089,2017-12-22,9.366000175476074,英鎊,霸菱德國增長基金-A類英鎊累積型,yfinance,股票型,歐洲(含歐元區)
B24089,2017-12-27,9.35099983215332,英鎊,霸菱德國增長基金-A類英鎊累積型,yfinance,股票型,歐洲(含歐元區)
B24089,2017-12-28,9.407999992370605,英鎊,霸菱德國增長基金-A類英鎊累積型,yfinance,股票型,歐洲(含歐元區)
B24089,2017-12-29,9.32699966430664,英鎊,霸菱德國增長基金-A類英鎊累積型,yfinance,股票型,歐洲(含歐元區)
B40016,2017-01-03,1.9156999588012695,英鎊,GAM Star環球股票基金累積單位-英鎊,yfinance,股票型,全球市場
B40016,2017-01-04,1.9247000217437744,英鎊,GAM Star環球股票基金累積單位-英鎊,yfinance,股票型,全球市場
B40016,2017-01-05,1.9227999448776245,英鎊,GAM Star環球股票基金累積單位-英鎊,yfinance,股票型,全球市場
B40016,2017-01-06,1.9385000467300415,英鎊,GAM Star環球股票基金累積單位-英鎊,yfinance,股票型,全球市場
B40016,2017-01-09,1.9515000581741333,英鎊,GAM Star環球股票基金累積單位-英鎊,yfinance,股票型,全球市場
B40016,2017-01-10,1.94760000705719,英鎊,GAM Star環球股票基金累積單位-英鎊,yfinance,股票型,全球市場
B40016,2017-01-11,1.9557000398635864,英鎊,GAM Star環球股票基金累積單位-英鎊,yfinance,股票型,全球市場
B40016,2017-01-12,1.944700002670288,英鎊,GAM Star環球股票基金累積單位-英鎊,yfinance,股票型,全球市場
B40016,2017-01-13,1.965000033378601,英鎊,GAM Star環球股票基金累積單位-英鎊,yfinance,股票型,全球市場
B40016,2017-01-16,1.9694000482559204,英鎊,GAM Star環球股票基金累積單位-英鎊,yfinance,股票型,全球市場
B40016,2017-01-17,1.9219000339508057,英鎊,GAM Star環球股票基金累積單位-英鎊,yfinance,股票型,全球市場
B40016,2017-01-18,1.9271999597549438,英鎊,GAM Star環球股票基金累積單位-英鎊,yfinance,股票型,全球市場
B40016,2017-01-19,1.9211000204086304,英鎊,GAM Star環球股票基金累積單位-英鎊,yfinance,股票型,全球市場
B40016,2017-01-20,1.9277000427246094,英鎊,GAM Star環球股票基金累積單位-英鎊,yfinance,股票型,全球市場
B40016,2017-01-23,1.9004000425338745,英鎊,GAM Star環球股票基金累積單位-英鎊,yfinance,股票型,全球市場
B40016,2017-01-24,1.9092999696731567,英鎊,GAM Star環球股票基金累積單位-英鎊,yfinance,股票型,全球市場
B40016,2017-01-25,1.9148999452590942,英鎊,GAM Star環球股票基金累積單位-英鎊,yfinance,股票型,全球市場
B40016,2017-01-26,1.9086999893188477,英鎊,GAM Star環球股票基金累積單位-英鎊,yfinance,股票型,全球市場
B40016,2017-01-27,1.9189000129699707,英鎊,GAM Star環球股票基金累積單位-英鎊,yfinance,股票型,全球市場
B40016,2017-01-30,1.8986999988555908,英鎊,GAM Star環球股票基金累積單位-英鎊,yfinance,股票型,全球市場
B40016,2017-01-31,1.8894000053405762,英鎊,GAM Star環球股票基金累積單位-英鎊,yfinance,股票型,全球市場
B40016,2017-02-01,1.8830000162124634,英鎊,GAM Star環球股票基金累積單位-英鎊,yfinance,股票型,全球市場
B40016,2017-02-02,1.9068000316619873,英鎊,GAM Star環球股票基金累積單位-英鎊,yfinance,股票型,全球市場
B40016,2017-02-03,1.923699975013733,英鎊,GAM Star環球股票基金累積單位-英鎊,yfinance,股票型,全球市場
B40016,2017-02-06,1.9079999923706055,英鎊,GAM Star環球股票基金累積單位-英鎊,yfinance,股票型,全球市場
B40016,2017-02-07,1.9023000001907349,英鎊,GAM Star環球股票基金累積單位-英鎊,yfinance,股票型,全球市場
B40016,2017-02-08,1.8895000219345093,英鎊,GAM Star環球股票基金累積單位-英鎊,yfinance,股票型,全球市場
B40016,2017-02-09,1.898800015449524,英鎊,GAM Star環球股票基金累積單位-英鎊,yfinance,股票型,全球市場
B40016,2017-02-10,1.9061000347137451,英鎊,GAM Star環球股票基金累積單位-英鎊,yfinance,股票型,全球市場
B40016,2017-02-13,1.9062000513076782,英鎊,GAM Star環球股票基金累積單位-英鎊,yfinance,股票型,全球市場
B40016,2017-02-14,1.9112999439239502,英鎊,GAM Star環球股票基金累積單位-英鎊,yfinance,股票型,全球市場
B40016,2017-02-15,1.9251999855041504,英鎊,GAM Star環球股票基金累積單位-英鎊,yfinance,股票型,全球市場
B40016,2017-02-16,1.9149999618530273,英鎊,GAM Star環球股票基金累積單位-英鎊,yfinance,股票型,全球市場
B40016,2017-02-17,1.9194999933242798,英鎊,GAM Star環球股票基金累積單位-英鎊,yfinance,股票型,全球市場
B40016,2017-02-20,1.9142999649047852,英鎊,GAM Star環球股票基金累積單位-英鎊,yfinance,股票型,全球市場
B40016,2017-02-21,1.9154000282287598,英鎊,GAM Star環球股票基金累積單位-英鎊,yfinance,股票型,全球市場
B40016,2017-02-22,1.9103000164031982,英鎊,GAM Star環球股票基金累積單位-英鎊,yfinance,股票型,全球市場
B40016,2017-02-23,1.8898999691009521,英鎊,GAM Star環球股票基金累積單位-英鎊,yfinance,股票型,全球市場
B40016,2017-02-24,1.8895000219345093,英鎊,GAM Star環球股票基金累積單位-英鎊,yfinance,股票型,全球市場
B40016,2017-02-27,1.9005000591278076,英鎊,GAM Star環球股票基金累積單位-英鎊,yfinance,股票型,全球市場
B40016,2017-02-28,1.914199948310852,英鎊,GAM Star環球股票基金累積單位-英鎊,yfinance,股票型,全球市場
B40016,2017-03-01,1.9528000354766846,英鎊,GAM Star環球股票基金累積單位-英鎊,yfinance,股票型,全球市場
B40016,2017-03-02,1.9465999603271484,英鎊,GAM Star環球股票基金累積單位-英鎊,yfinance,股票型,全球市場
B40016,2017-03-03,1.9610999822616577,英鎊,GAM Star環球股票基金累積單位-英鎊,yfinance,股票型,全球市場
B40016,2017-03-06,1.955299973487854,英鎊,GAM Star環球股票基金累積單位-英鎊,yfinance,股票型,全球市場
B40016,2017-03-07,1.958799958229065,英鎊,GAM Star環球股票基金累積單位-英鎊,yfinance,股票型,全球市場
B40016,2017-03-08,1.9558000564575195,英鎊,GAM Star環球股票基金累積單位-英鎊,yfinance,股票型,全球市場
B40016,2017-03-09,1.972499966621399,英鎊,GAM Star環球股票基金累積單位-英鎊,yfinance,股票型,全球市場
B40016,2017-03-10,1.9926999807357788,英鎊,GAM Star環球股票基金累積單位-英鎊,yfinance,股票型,全球市場
B40016,2017-03-13,1.9797999858856201,英鎊,GAM Star環球股票基金累積單位-英鎊,yfinance,股票型,全球市場
B40016,2017-03-14,1.9764000177383423,英鎊,GAM Star環球股票基金累積單位-英鎊,yfinance,股票型,全球市場
B40016,2017-03-15,1.9795000553131104,英鎊,GAM Star環球股票基金累積單位-英鎊,yfinance,股票型,全球市場
B40016,2017-03-16,1.9802000522613525,英鎊,GAM Star環球股票基金累積單位-英鎊,yfinance,股票型,全球市場
B40016,2017-03-20,1.9801000356674194,英鎊,GAM Star環球股票基金累積單位-英鎊,yfinance,股票型,全球市場
B40016,2017-03-21,1.9519000053405762,英鎊,GAM Star環球股票基金累積單位-英鎊,yfinance,股票型,全球市場
B40016,2017-03-22,1.9417999982833862,英鎊,GAM Star環球股票基金累積單位-英鎊,yfinance,股票型,全球市場
B40016,2017-03-23,1.9448000192642212,英鎊,GAM Star環球股票基金累積單位-英鎊,yfinance,股票型,全球市場
B40016,2017-03-24,1.9519000053405762,英鎊,GAM Star環球股票基金累積單位-英鎊,yfinance,股票型,全球市場
B40016,2017-03-27,1.9357000589370728,英鎊,GAM Star環球股票基金累積單位-英鎊,yfinance,股票型,全球市場
B40016,2017-03-28,1.9566999673843384,英鎊,GAM Star環球股票基金累積單位-英鎊,yfinance,股票型,全球市場
B40016,2017-03-29,1.9696999788284302,英鎊,GAM Star環球股票基金累積單位-英鎊,yfinance,股票型,全球市場
B40016,2017-03-30,1.9566999673843384,英鎊,GAM Star環球股票基金累積單位-英鎊,yfinance,股票型,全球市場
B40016,2017-03-31,1.9535000324249268,英鎊,GAM Star環球股票基金累積單位-英鎊,yfinance,股票型,全球市場
B40016,2017-04-03,1.9385000467300415,英鎊,GAM Star環球股票基金累積單位-英鎊,yfinance,股票型,全球市場
B40016,2017-04-04,1.942199945449829,英鎊,GAM Star環球股票基金累積單位-英鎊,yfinance,股票型,全球市場
B40016,2017-04-05,1.9372999668121338,英鎊,GAM Star環球股票基金累積單位-英鎊,yfinance,股票型,全球市場
B40016,2017-04-06,1.941499948501587,英鎊,GAM Star環球股票基金累積單位-英鎊,yfinance,股票型,全球市場
B40016,2017-04-07,1.954300045967102,英鎊,GAM Star環球股票基金累積單位-英鎊,yfinance,股票型,全球市場
B40016,2017-04-10,1.9438999891281128,英鎊,GAM Star環球股票基金累積單位-英鎊,yfinance,股票型,全球市場
B40016,2017-04-11,1.9357999563217163,英鎊,GAM Star環球股票基金累積單位-英鎊,yfinance,股票型,全球市場
B40016,2017-04-12,1.927299976348877,英鎊,GAM Star環球股票基金累積單位-英鎊,yfinance,股票型,全球市場
B40016,2017-04-13,1.9148000478744507,英鎊,GAM Star環球股票基金累積單位-英鎊,yfinance,股票型,全球市場
B40016,2017-04-18,1.8756999969482422,英鎊,GAM Star環球股票基金累積單位-英鎊,yfinance,股票型,全球市場
B40016,2017-04-19,1.879699945449829,英鎊,GAM Star環球股票基金累積單位-英鎊,yfinance,股票型,全球市場
B40016,2017-04-20,1.8913999795913696,英鎊,GAM Star環球股票基金累積單位-英鎊,yfinance,股票型,全球市場
B40016,2017-04-21,1.8919999599456787,英鎊,GAM Star環球股票基金累積單位-英鎊,yfinance,股票型,全球市場
B40016,2017-04-24,1.962399959564209,英鎊,GAM Star環球股票基金累積單位-英鎊,yfinance,股票型,全球市場
B40016,2017-04-25,1.972499966621399,英鎊,GAM Star環球股票基金累積單位-英鎊,yfinance,股票型,全球市場
B40016,2017-04-26,1.9635000228881836,英鎊,GAM Star環球股票基金累積單位-英鎊,yfinance,股票型,全球市場
B40016,2017-04-27,1.952299952507019,英鎊,GAM Star環球股票基金累積單位-英鎊,yfinance,股票型,全球市場
B40016,2017-04-28,1.940500020980835,英鎊,GAM Star環球股票基金累積單位-英鎊,yfinance,股票型,全球市場
B40016,2017-05-02,1.9522000551223755,英鎊,GAM Star環球股票基金累積單位-英鎊,yfinance,股票型,全球市場
B40016,2017-05-03,1.9529999494552612,英鎊,GAM Star環球股票基金累積單位-英鎊,yfinance,股票型,全球市場
B40016,2017-05-04,1.968500018119812,英鎊,GAM Star環球股票基金累積單位-英鎊,yfinance,股票型,全球市場
B40016,2017-05-05,1.9795000553131104,英鎊,GAM Star環球股票基金累積單位-英鎊,yfinance,股票型,全球市場
B40016,2017-05-08,1.9773999452590942,英鎊,GAM Star環球股票基金累積單位-英鎊,yfinance,股票型,全球市場
B40016,2017-05-09,1.9753999710083008,英鎊,GAM Star環球股票基金累積單位-英鎊,yfinance,股票型,全球市場
B40016,2017-05-10,1.9835000038146973,英鎊,GAM Star環球股票基金累積單位-英鎊,yfinance,股票型,全球市場
B40016,2017-05-11,1.988700032234192,英鎊,GAM Star環球股票基金累積單位-英鎊,yfinance,股票型,全球市場
B40016,2017-05-12,1.9946000576019287,英鎊,GAM Star環球股票基金累積單位-英鎊,yfinance,股票型,全球市場
B40016,2017-05-15,2.004499912261963,英鎊,GAM Star環球股票基金累積單位-英鎊,yfinance,股票型,全球市場
B40016,2017-05-16,2.0139000415802,英鎊,GAM Star環球股票基金累積單位-英鎊,yfinance,股票型,全球市場
B40016,2017-05-17,1.9782999753952026,英鎊,GAM Star環球股票基金累積單位-英鎊,yfinance,股票型,全球市場
B40016,2017-05-18,1.9639999866485596,英鎊,GAM Star環球股票基金累積單位-英鎊,yfinance,股票型,全球市場
B40016,2017-05-19,1.9854999780654907,英鎊,GAM Star環球股票基金累積單位-英鎊,yfinance,股票型,全球市場
B40016,2017-05-22,2.001300096511841,英鎊,GAM Star環球股票基金累積單位-英鎊,yfinance,股票型,全球市場
B40016,2017-05-23,2.0139000415802,英鎊,GAM Star環球股票基金累積單位-英鎊,yfinance,股票型,全球市場
B40016,2017-05-24,2.0215001106262207,英鎊,GAM Star環球股票基金累積單位-英鎊,yfinance,股票型,全球市場
B40016,2017-05-25,2.02620005607605,英鎊,GAM Star環球股票基金累積單位-英鎊,yfinance,股票型,全球市場
B40016,2017-05-26,2.0481998920440674,英鎊,GAM Star環球股票基金累積單位-英鎊,yfinance,股票型,全球市場
B40016,2017-05-30,2.023200035095215,英鎊,GAM Star環球股票基金累積單位-英鎊,yfinance,股票型,全球市場
B40016,2017-05-31,2.012700080871582,英鎊,GAM Star環球股票基金累積單位-英鎊,yfinance,股票型,全球市場
B40016,2017-06-01,2.029400110244751,英鎊,GAM Star環球股票基金累積單位-英鎊,yfinance,股票型,全球市場
B40016,2017-06-02,2.0446999073028564,英鎊,GAM Star環球股票基金累積單位-英鎊,yfinance,股票型,全球市場
B40016,2017-06-06,2.0250000953674316,英鎊,GAM Star環球股票基金累積單位-英鎊,yfinance,股票型,全球市場
B40016,2017-06-07,2.016400098800659,英鎊,GAM Star環球股票基金累積單位-英鎊,yfinance,股票型,全球市場
B40016,2017-06-08,2.014400005340576,英鎊,GAM Star環球股票基金累積單位-英鎊,yfinance,股票型,全球市場
B40016,2017-06-09,2.0506999492645264,英鎊,GAM Star環球股票基金累積單位-英鎊,yfinance,股票型,全球市場
B40016,2017-06-12,2.056299924850464,英鎊,GAM Star環球股票基金累積單位-英鎊,yfinance,股票型,全球市場
B40016,2017-06-13,2.059999942779541,英鎊,GAM Star環球股票基金累積單位-英鎊,yfinance,股票型,全球市場
B40016,2017-06-14,2.0560998916625977,英鎊,GAM Star環球股票基金累積單位-英鎊,yfinance,股票型,全球市場
B40016,2017-06-15,2.0299999713897705,英鎊,GAM Star環球股票基金累積單位-英鎊,yfinance,股票型,全球市場
B40016,2017-06-16,2.0320000648498535,英鎊,GAM Star環球股票基金累積單位-英鎊,yfinance,股票型,全球市場
B40016,2017-06-19,2.048799991607666,英鎊,GAM Star環球股票基金累積單位-英鎊,yfinance,股票型,全球市場
B40016,2017-06-20,2.0576999187469482,英鎊,GAM Star環球股票基金累積單位-英鎊,yfinance,股票型,全球市場
B40016,2017-06-21,2.0495998859405518,英鎊,GAM Star環球股票基金累積單位-英鎊,yfinance,股票型,全球市場
B40016,2017-06-22,2.0490000247955322,英鎊,GAM Star環球股票基金累積單位-英鎊,yfinance,股票型,全球市場
B40016,2017-06-23,2.045799970626831,英鎊,GAM Star環球股票基金累積單位-英鎊,yfinance,股票型,全球市場
B40016,2017-06-26,2.0541000366210938,英鎊,GAM Star環球股票基金累積單位-英鎊,yfinance,股票型,全球市場
B40016,2017-06-27,2.0473999977111816,英鎊,GAM Star環球股票基金累積單位-英鎊,yfinance,股票型,全球市場
B40016,2017-06-28,2.041300058364868,英鎊,GAM Star環球股票基金累積單位-英鎊,yfinance,股票型,全球市場
B40016,2017-06-29,2.0192999839782715,英鎊,GAM Star環球股票基金累積單位-英鎊,yfinance,股票型,全球市場
B40016,2017-06-30,2.0174999237060547,英鎊,GAM Star環球股票基金累積單位-英鎊,yfinance,股票型,全球市場
B40016,2017-07-03,2.0432000160217285,英鎊,GAM Star環球股票基金累積單位-英鎊,yfinance,股票型,全球市場
B40016,2017-07-04,2.042099952697754,英鎊,GAM Star環球股票基金累積單位-英鎊,yfinance,股票型,全球市場
B40016,2017-07-05,2.038800001144409,英鎊,GAM Star環球股票基金累積單位-英鎊,yfinance,股票型,全球市場
B40016,2017-07-06,2.036400079727173,英鎊,GAM Star環球股票基金累積單位-英鎊,yfinance,股票型,全球市場
B40016,2017-07-07,2.0483999252319336,英鎊,GAM Star環球股票基金累積單位-英鎊,yfinance,股票型,全球市場
B40016,2017-07-10,2.058000087738037,英鎊,GAM Star環球股票基金累積單位-英鎊,yfinance,股票型,全球市場
B40016,2017-07-11,2.057499885559082,英鎊,GAM Star環球股票基金累積單位-英鎊,yfinance,股票型,全球市場
B40016,2017-07-12,2.0690999031066895,英鎊,GAM Star環球股票基金累積單位-英鎊,yfinance,股票型,全球市場
B40016,2017-07-13,2.0690999031066895,英鎊,GAM Star環球股票基金累積單位-英鎊,yfinance,股票型,全球市場
B40016,2017-07-14,2.052999973297119,英鎊,GAM Star環球股票基金累積單位-英鎊,yfinance,股票型,全球市場
B40016,2017-07-17,2.0611000061035156,英鎊,GAM Star環球股票基金累積單位-英鎊,yfinance,股票型,全球市場
B40016,2017-07-18,2.071700096130371,英鎊,GAM Star環球股票基金累積單位-英鎊,yfinance,股票型,全球市場
B40016,2017-07-19,2.0734000205993652,英鎊,GAM Star環球股票基金累積單位-英鎊,yfinance,股票型,全球市場
B40016,2017-07-20,2.095900058746338,英鎊,GAM Star環球股票基金累積單位-英鎊,yfinance,股票型,全球市場
B40016,2017-07-21,2.081700086593628,英鎊,GAM Star環球股票基金累積單位-英鎊,yfinance,股票型,全球市場
B40016,2017-07-24,2.0738000869750977,英鎊,GAM Star環球股票基金累積單位-英鎊,yfinance,股票型,全球市場
B40016,2017-07-25,2.0848000049591064,英鎊,GAM Star環球股票基金累積單位-英鎊,yfinance,股票型,全球市場
B40016,2017-07-26,2.085700035095215,英鎊,GAM Star環球股票基金累積單位-英鎊,yfinance,股票型,全球市場
B40016,2017-07-27,2.089400053024292,英鎊,GAM Star環球股票基金累積單位-英鎊,yfinance,股票型,全球市場
B40016,2017-07-28,2.0857999324798584,英鎊,GAM Star環球股票基金累積單位-英鎊,yfinance,股票型,全球市場
B40016,2017-07-31,2.0796000957489014,英鎊,GAM Star環球股票基金累積單位-英鎊,yfinance,股票型,全球市場
B40016,2017-08-01,2.088399887084961,英鎊,GAM Star環球股票基金累積單位-英鎊,yfinance,股票型,全球市場
B40016,2017-08-02,2.0862998962402344,英鎊,GAM Star環球股票基金累積單位-英鎊,yfinance,股票型,全球市場
B40016,2017-08-03,2.1092000007629395,英鎊,GAM Star環球股票基金累積單位-英鎊,yfinance,股票型,全球市場
B40016,2017-08-04,2.122999906539917,英鎊,GAM Star環球股票基金累積單位-英鎊,yfinance,股票型,全球市場
B40016,2017-08-08,2.1373000144958496,英鎊,GAM Star環球股票基金累積單位-英鎊,yfinance,股票型,全球市場
B40016,2017-08-09,2.1175999641418457,英鎊,GAM Star環球股票基金累積單位-英鎊,yfinance,股票型,全球市場
B40016,2017-08-10,2.0966999530792236,英鎊,GAM Star環球股票基金累積單位-英鎊,yfinance,股票型,全球市場
B40016,2017-08-11,2.089600086212158,英鎊,GAM Star環球股票基金累積單位-英鎊,yfinance,股票型,全球市場
B40016,2017-08-14,2.104300022125244,英鎊,GAM Star環球股票基金累積單位-英鎊,yfinance,股票型,全球市場
B40016,2017-08-15,2.119800090789795,英鎊,GAM Star環球股票基金累積單位-英鎊,yfinance,股票型,全球市場
B40016,2017-08-16,2.125,英鎊,GAM Star環球股票基金累積單位-英鎊,yfinance,股票型,全球市場
B40016,2017-08-17,2.110599994659424,英鎊,GAM Star環球股票基金累積單位-英鎊,yfinance,股票型,全球市場
B40016,2017-08-18,2.1110999584198,英鎊,GAM Star環球股票基金累積單位-英鎊,yfinance,股票型,全球市場
B40016,2017-08-21,2.1070001125335693,英鎊,GAM Star環球股票基金累積單位-英鎊,yfinance,股票型,全球市場
B40016,2017-08-22,2.122299909591675,英鎊,GAM Star環球股票基金累積單位-英鎊,yfinance,股票型,全球市場
B40016,2017-08-23,2.12280011177063,英鎊,GAM Star環球股票基金累積單位-英鎊,yfinance,股票型,全球市場
B40016,2017-08-24,2.1189000606536865,英鎊,GAM Star環球股票基金累積單位-英鎊,yfinance,股票型,全球市場
B40016,2017-08-25,2.1154000759124756,英鎊,GAM Star環球股票基金累積單位-英鎊,yfinance,股票型,全球市場
B40016,2017-08-29,2.097599983215332,英鎊,GAM Star環球股票基金累積單位-英鎊,yfinance,股票型,全球市場
B40016,2017-08-30,2.092900037765503,英鎊,GAM Star環球股票基金累積單位-英鎊,yfinance,股票型,全球市場
B40016,2017-08-31,2.1089999675750732,英鎊,GAM Star環球股票基金累積單位-英鎊,yfinance,股票型,全球市場
B40016,2017-09-01,2.100100040435791,英鎊,GAM Star環球股票基金累積單位-英鎊,yfinance,股票型,全球市場
B40016,2017-09-04,2.0996999740600586,英鎊,GAM Star環球股票基金累積單位-英鎊,yfinance,股票型,全球市場
B40016,2017-09-05,2.0785999298095703,英鎊,GAM Star環球股票基金累積單位-英鎊,yfinance,股票型,全球市場
B40016,2017-09-06,2.073899984359741,英鎊,GAM Star環球股票基金累積單位-英鎊,yfinance,股票型,全球市場
B40016,2017-09-07,2.080699920654297,英鎊,GAM Star環球股票基金累積單位-英鎊,yfinance,股票型,全球市場
B40016,2017-09-08,2.074199914932251,英鎊,GAM Star環球股票基金累積單位-英鎊,yfinance,股票型,全球市場
B40016,2017-09-11,2.0922999382019043,英鎊,GAM Star環球股票基金累積單位-英鎊,yfinance,股票型,全球市場
B40016,2017-09-12,2.0841000080108643,英鎊,GAM Star環球股票基金累積單位-英鎊,yfinance,股票型,全球市場
B40016,2017-09-13,2.0910000801086426,英鎊,GAM Star環球股票基金累積單位-英鎊,yfinance,股票型,全球市場
B40016,2017-09-14,2.0692999362945557,英鎊,GAM Star環球股票基金累積單位-英鎊,yfinance,股票型,全球市場
B40016,2017-09-15,2.037100076675415,英鎊,GAM Star環球股票基金累積單位-英鎊,yfinance,股票型,全球市場
B40016,2017-09-18,2.05049991607666,英鎊,GAM Star環球股票基金累積單位-英鎊,yfinance,股票型,全球市場
B40016,2017-09-19,2.0536999702453613,英鎊,GAM Star環球股票基金累積單位-英鎊,yfinance,股票型,全球市場
B40016,2017-09-20,2.049099922180176,英鎊,GAM Star環球股票基金累積單位-英鎊,yfinance,股票型,全球市場
B40016,2017-09-21,2.0518999099731445,英鎊,GAM Star環球股票基金累積單位-英鎊,yfinance,股票型,全球市場
B40016,2017-09-22,2.063199996948242,英鎊,GAM Star環球股票基金累積單位-英鎊,yfinance,股票型,全球市場
B40016,2017-09-25,2.056299924850464,英鎊,GAM Star環球股票基金累積單位-英鎊,yfinance,股票型,全球市場
B40016,2017-09-26,2.059299945831299,英鎊,GAM Star環球股票基金累積單位-英鎊,yfinance,股票型,全球市場
B40016,2017-09-27,2.0757999420166016,英鎊,GAM Star環球股票基金累積單位-英鎊,yfinance,股票型,全球市場
B40016,2017-09-28,2.080899953842163,英鎊,GAM Star環球股票基金累積單位-英鎊,yfinance,股票型,全球市場
B40016,2017-09-29,2.099400043487549,英鎊,GAM Star環球股票基金累積單位-英鎊,yfinance,股票型,全球市場
B40016,2017-10-02,2.116499900817871,英鎊,GAM Star環球股票基金累積單位-英鎊,yfinance,股票型,全球市場
B40016,2017-10-03,2.12719988822937,英鎊,GAM Star環球股票基金累積單位-英鎊,yfinance,股票型,全球市場
B40016,2017-10-04,2.108599901199341,英鎊,GAM Star環球股票基金累積單位-英鎊,yfinance,股票型,全球市場
B40016,2017-10-05,2.1277999877929688,英鎊,GAM Star環球股票基金累積單位-英鎊,yfinance,股票型,全球市場
B40016,2017-10-06,2.1322999000549316,英鎊,GAM Star環球股票基金累積單位-英鎊,yfinance,股票型,全球市場
B40016,2017-10-09,2.117500066757202,英鎊,GAM Star環球股票基金累積單位-英鎊,yfinance,股票型,全球市場
B40016,2017-10-10,2.1094000339508057,英鎊,GAM Star環球股票基金累積單位-英鎊,yfinance,股票型,全球市場
B40016,2017-10-11,2.125699996948242,英鎊,GAM Star環球股票基金累積單位-英鎊,yfinance,股票型,全球市場
B40016,2017-10-12,2.128000020980835,英鎊,GAM Star環球股票基金累積單位-英鎊,yfinance,股票型,全球市場
B40016,2017-10-13,2.116499900817871,英鎊,GAM Star環球股票基金累積單位-英鎊,yfinance,股票型,全球市場
B40016,2017-10-16,2.1194000244140625,英鎊,GAM Star環球股票基金累積單位-英鎊,yfinance,股票型,全球市場
B40016,2017-10-17,2.130500078201294,英鎊,GAM Star環球股票基金累積單位-英鎊,yfinance,股票型,全球市場
B40016,2017-10-18,2.137500047683716,英鎊,GAM Star環球股票基金累積單位-英鎊,yfinance,股票型,全球市場
B40016,2017-10-19,2.137700080871582,英鎊,GAM Star環球股票基金累積單位-英鎊,yfinance,股票型,全球市場
B40016,2017-10-20,2.1401000022888184,英鎊,GAM Star環球股票基金累積單位-英鎊,yfinance,股票型,全球市場
B40016,2017-10-23,2.132499933242798,英鎊,GAM Star環球股票基金累積單位-英鎊,yfinance,股票型,全球市場
B40016,2017-10-24,2.147200107574463,英鎊,GAM Star環球股票基金累積單位-英鎊,yfinance,股票型,全球市場
B40016,2017-10-25,2.128000020980835,英鎊,GAM Star環球股票基金累積單位-英鎊,yfinance,股票型,全球市場
B40016,2017-10-26,2.1401000022888184,英鎊,GAM Star環球股票基金累積單位-英鎊,yfinance,股票型,全球市場
B40016,2017-10-27,2.1356000900268555,英鎊,GAM Star環球股票基金累積單位-英鎊,yfinance,股票型,全球市場
B40016,2017-10-31,2.1122000217437744,英鎊,GAM Star環球股票基金累積單位-英鎊,yfinance,股票型,全球市場
B40016,2017-11-01,2.1247000694274902,英鎊,GAM Star環球股票基金累積單位-英鎊,yfinance,股票型,全球市場
B40016,2017-11-02,2.1561999320983887,英鎊,GAM Star環球股票基金累積單位-英鎊,yfinance,股票型,全球市場
B40016,2017-11-03,2.1561999320983887,英鎊,GAM Star環球股票基金累積單位-英鎊,yfinance,股票型,全球市場
B40016,2017-11-06,2.151599884033203,英鎊,GAM Star環球股票基金累積單位-英鎊,yfinance,股票型,全球市場
B40016,2017-11-07,2.1466000080108643,英鎊,GAM Star環球股票基金累積單位-英鎊,yfinance,股票型,全球市場
B40016,2017-11-08,2.1586999893188477,英鎊,GAM Star環球股票基金累積單位-英鎊,yfinance,股票型,全球市場
B40016,2017-11-09,2.145900011062622,英鎊,GAM Star環球股票基金累積單位-英鎊,yfinance,股票型,全球市場
B40016,2017-11-10,2.130199909210205,英鎊,GAM Star環球股票基金累積單位-英鎊,yfinance,股票型,全球市場
B40016,2017-11-13,2.1386001110076904,英鎊,GAM Star環球股票基金累積單位-英鎊,yfinance,股票型,全球市場
B40016,2017-11-14,2.139400005340576,英鎊,GAM Star環球股票基金累積單位-英鎊,yfinance,股票型,全球市場
B40016,2017-11-15,2.122299909591675,英鎊,GAM Star環球股票基金累積單位-英鎊,yfinance,股票型,全球市場
B40016,2017-11-16,2.126199960708618,英鎊,GAM Star環球股票基金累積單位-英鎊,yfinance,股票型,全球市場
B40016,2017-11-17,2.125200033187866,英鎊,GAM Star環球股票基金累積單位-英鎊,yfinance,股票型,全球市場
B40016,2017-11-20,2.116499900817871,英鎊,GAM Star環球股票基金累積單位-英鎊,yfinance,股票型,全球市場
B40016,2017-11-21,2.121500015258789,英鎊,GAM Star環球股票基金累積單位-英鎊,yfinance,股票型,全球市場
B40016,2017-11-22,2.118499994277954,英鎊,GAM Star環球股票基金累積單位-英鎊,yfinance,股票型,全球市場
B40016,2017-11-23,2.1280999183654785,英鎊,GAM Star環球股票基金累積單位-英鎊,yfinance,股票型,全球市場
B40016,2017-11-24,2.13070011138916,英鎊,GAM Star環球股票基金累積單位-英鎊,yfinance,股票型,全球市場
B40016,2017-11-27,2.117500066757202,英鎊,GAM Star環球股票基金累積單位-英鎊,yfinance,股票型,全球市場
B40016,2017-11-28,2.1333999633789062,英鎊,GAM Star環球股票基金累積單位-英鎊,yfinance,股票型,全球市場
B40016,2017-11-29,2.101599931716919,英鎊,GAM Star環球股票基金累積單位-英鎊,yfinance,股票型,全球市場
B40016,2017-11-30,2.096100091934204,英鎊,GAM Star環球股票基金累積單位-英鎊,yfinance,股票型,全球市場
B40016,2017-12-01,2.0943000316619873,英鎊,GAM Star環球股票基金累積單位-英鎊,yfinance,股票型,全球市場
B40016,2017-12-04,2.104099988937378,英鎊,GAM Star環球股票基金累積單位-英鎊,yfinance,股票型,全球市場
B40016,2017-12-05,2.103100061416626,英鎊,GAM Star環球股票基金累積單位-英鎊,yfinance,股票型,全球市場
B40016,2017-12-06,2.1045000553131104,英鎊,GAM Star環球股票基金累積單位-英鎊,yfinance,股票型,全球市場
B40016,2017-12-07,2.109600067138672,英鎊,GAM Star環球股票基金累積單位-英鎊,yfinance,股票型,全球市場
B40016,2017-12-08,2.1308999061584473,英鎊,GAM Star環球股票基金累積單位-英鎊,yfinance,股票型,全球市場
B40016,2017-12-11,2.1354000568389893,英鎊,GAM Star環球股票基金累積單位-英鎊,yfinance,股票型,全球市場
B40016,2017-12-12,2.1394999027252197,英鎊,GAM Star環球股票基金累積單位-英鎊,yfinance,股票型,全球市場
B40016,2017-12-13,2.1285998821258545,英鎊,GAM Star環球股票基金累積單位-英鎊,yfinance,股票型,全球市場
B40016,2017-12-14,2.1133999824523926,英鎊,GAM Star環球股票基金累積單位-英鎊,yfinance,股票型,全球市場
B40016,2017-12-15,2.130500078201294,英鎊,GAM Star環球股票基金累積單位-英鎊,yfinance,股票型,全球市場
B40016,2017-12-18,2.142699956893921,英鎊,GAM Star環球股票基金累積單位-英鎊,yfinance,股票型,全球市場
B40016,2017-12-19,2.1442999839782715,英鎊,GAM Star環球股票基金累積單位-英鎊,yfinance,股票型,全球市場
B40016,2017-12-20,2.1322999000549316,英鎊,GAM Star環球股票基金累積單位-英鎊,yfinance,股票型,全球市場
B40016,2017-12-21,2.1500000953674316,英鎊,GAM Star環球股票基金累積單位-英鎊,yfinance,股票型,全球市場
B40016,2017-12-27,2.148200035095215,英鎊,GAM Star環球股票基金累積單位-英鎊,yfinance,股票型,全球市場
B40016,2017-12-28,2.147599935531616,英鎊,GAM Star環球股票基金累積單位-英鎊,yfinance,股票型,全球市場
B40016,2017-12-29,2.1310999393463135,英鎊,GAM Star環球股票基金累積單位-英鎊,yfinance,股票型,全球市場
B23399,2017-01-03,5.91379976272583,英鎊,施羅德環球基金系列－英國股票(英鎊)C-累積,yfinance,股票型,英國
B23399,2017-01-04,5.904099941253662,英鎊,施羅德環球基金系列－英國股票(英鎊)C-累積,yfinance,股票型,英國
B23399,2017-01-05,5.9278998374938965,英鎊,施羅德環球基金系列－英國股票(英鎊)C-累積,yfinance,股票型,英國
B23399,2017-01-06,5.940499782562256,英鎊,施羅德環球基金系列－英國股票(英鎊)C-累積,yfinance,股票型,英國
B23399,2017-01-09,5.94320011138916,英鎊,施羅德環球基金系列－英國股票(英鎊)C-累積,yfinance,股票型,英國
B23399,2017-01-10,5.970399856567383,英鎊,施羅德環球基金系列－英國股票(英鎊)C-累積,yfinance,股票型,英國
B23399,2017-01-11,5.981100082397461,英鎊,施羅德環球基金系列－英國股票(英鎊)C-累積,yfinance,股票型,英國
B23399,2017-01-12,5.9730000495910645,英鎊,施羅德環球基金系列－英國股票(英鎊)C-累積,yfinance,股票型,英國
B23399,2017-01-13,5.9944000244140625,英鎊,施羅德環球基金系列－英國股票(英鎊)C-累積,yfinance,股票型,英國
B23399,2017-01-16,5.9822001457214355,英鎊,施羅德環球基金系列－英國股票(英鎊)C-累積,yfinance,股票型,英國
B23399,2017-01-17,5.957300186157227,英鎊,施羅德環球基金系列－英國股票(英鎊)C-累積,yfinance,股票型,英國
B23399,2017-01-18,5.898200035095215,英鎊,施羅德環球基金系列－英國股票(英鎊)C-累積,yfinance,股票型,英國
B23399,2017-01-19,5.908199787139893,英鎊,施羅德環球基金系列－英國股票(英鎊)C-累積,yfinance,股票型,英國
B23399,2017-01-20,5.9039998054504395,英鎊,施羅德環球基金系列－英國股票(英鎊)C-累積,yfinance,股票型,英國
B23399,2017-01-23,5.855500221252441,英鎊,施羅德環球基金系列－英國股票(英鎊)C-累積,yfinance,股票型,英國
B23399,2017-01-24,5.8394999504089355,英鎊,施羅德環球基金系列－英國股票(英鎊)C-累積,yfinance,股票型,英國
B23399,2017-01-25,5.883299827575684,英鎊,施羅德環球基金系列－英國股票(英鎊)C-累積,yfinance,股票型,英國
B23399,2017-01-26,5.892600059509277,英鎊,施羅德環球基金系列－英國股票(英鎊)C-累積,yfinance,股票型,英國
B23399,2017-01-27,5.904300212860107,英鎊,施羅德環球基金系列－英國股票(英鎊)C-累積,yfinance,股票型,英國
B23399,2017-01-30,5.861400127410889,英鎊,施羅德環球基金系列－英國股票(英鎊)C-累積,yfinance,股票型,英國
B23399,2017-01-31,5.8846001625061035,英鎊,施羅德環球基金系列－英國股票(英鎊)C-累積,yfinance,股票型,英國
B23399,2017-02-01,5.883200168609619,英鎊,施羅德環球基金系列－英國股票(英鎊)C-累積,yfinance,股票型,英國
B23399,2017-02-02,5.889699935913086,英鎊,施羅德環球基金系列－英國股票(英鎊)C-累積,yfinance,股票型,英國
B23399,2017-02-03,5.929500102996826,英鎊,施羅德環球基金系列－英國股票(英鎊)C-累積,yfinance,股票型,英國
B23399,2017-02-06,5.916800022125244,英鎊,施羅德環球基金系列－英國股票(英鎊)C-累積,yfinance,股票型,英國
B23399,2017-02-07,5.960999965667725,英鎊,施羅德環球基金系列－英國股票(英鎊)C-累積,yfinance,股票型,英國
B23399,2017-02-08,5.931000232696533,英鎊,施羅德環球基金系列－英國股票(英鎊)C-累積,yfinance,股票型,英國
B23399,2017-02-09,5.964799880981445,英鎊,施羅德環球基金系列－英國股票(英鎊)C-累積,yfinance,股票型,英國
B23399,2017-02-10,6.0019001960754395,英鎊,施羅德環球基金系列－英國股票(英鎊)C-累積,yfinance,股票型,英國
B23399,2017-02-13,6.006100177764893,英鎊,施羅德環球基金系列－英國股票(英鎊)C-累積,yfinance,股票型,英國
B23399,2017-02-14,6.012899875640869,英鎊,施羅德環球基金系列－英國股票(英鎊)C-累積,yfinance,股票型,英國
B23399,2017-02-15,6.034800052642822,英鎊,施羅德環球基金系列－英國股票(英鎊)C-累積,yfinance,股票型,英國
B23399,2017-02-16,6.023799896240234,英鎊,施羅德環球基金系列－英國股票(英鎊)C-累積,yfinance,股票型,英國
B23399,2017-02-17,5.987199783325195,英鎊,施羅德環球基金系列－英國股票(英鎊)C-累積,yfinance,股票型,英國
B23399,2017-02-20,6.011199951171875,英鎊,施羅德環球基金系列－英國股票(英鎊)C-累積,yfinance,股票型,英國
B23399,2017-02-21,6.008999824523926,英鎊,施羅德環球基金系列－英國股票(英鎊)C-累積,yfinance,股票型,英國
B23399,2017-02-22,6.010499954223633,英鎊,施羅德環球基金系列－英國股票(英鎊)C-累積,yfinance,股票型,英國
B23399,2017-02-23,6.0229997634887695,英鎊,施羅德環球基金系列－英國股票(英鎊)C-累積,yfinance,股票型,英國
B23399,2017-02-24,5.940199851989746,英鎊,施羅德環球基金系列－英國股票(英鎊)C-累積,yfinance,股票型,英國
B23399,2017-02-27,5.9593000411987305,英鎊,施羅德環球基金系列－英國股票(英鎊)C-累積,yfinance,股票型,英國
B23399,2017-02-28,5.995699882507324,英鎊,施羅德環球基金系列－英國股票(英鎊)C-累積,yfinance,股票型,英國
B23399,2017-03-01,6.056700229644775,英鎊,施羅德環球基金系列－英國股票(英鎊)C-累積,yfinance,股票型,英國
B23399,2017-03-02,6.084799766540527,英鎊,施羅德環球基金系列－英國股票(英鎊)C-累積,yfinance,股票型,英國
B23399,2017-03-03,6.08489990234375,英鎊,施羅德環球基金系列－英國股票(英鎊)C-累積,yfinance,股票型,英國
B23399,2017-03-06,6.083700180053711,英鎊,施羅德環球基金系列－英國股票(英鎊)C-累積,yfinance,股票型,英國
B23399,2017-03-07,6.079899787902832,英鎊,施羅德環球基金系列－英國股票(英鎊)C-累積,yfinance,股票型,英國
B23399,2017-03-08,6.094600200653076,英鎊,施羅德環球基金系列－英國股票(英鎊)C-累積,yfinance,股票型,英國
B23399,2017-03-09,6.081900119781494,英鎊,施羅德環球基金系列－英國股票(英鎊)C-累積,yfinance,股票型,英國
B23399,2017-03-10,6.138999938964844,英鎊,施羅德環球基金系列－英國股票(英鎊)C-累積,yfinance,股票型,英國
B23399,2017-03-13,6.127099990844727,英鎊,施羅德環球基金系列－英國股票(英鎊)C-累積,yfinance,股票型,英國
B23399,2017-03-14,6.079400062561035,英鎊,施羅德環球基金系列－英國股票(英鎊)C-累積,yfinance,股票型,英國
B23399,2017-03-15,6.092599868774414,英鎊,施羅德環球基金系列－英國股票(英鎊)C-累積,yfinance,股票型,英國
B23399,2017-03-16,6.111400127410889,英鎊,施羅德環球基金系列－英國股票(英鎊)C-累積,yfinance,股票型,英國
B23399,2017-03-17,6.105899810791016,英鎊,施羅德環球基金系列－英國股票(英鎊)C-累積,yfinance,股票型,英國
B23399,2017-03-20,6.092800140380859,英鎊,施羅德環球基金系列－英國股票(英鎊)C-累積,yfinance,股票型,英國
B23399,2017-03-21,6.104599952697754,英鎊,施羅德環球基金系列－英國股票(英鎊)C-累積,yfinance,股票型,英國
B23399,2017-03-22,6.011600017547607,英鎊,施羅德環球基金系列－英國股票(英鎊)C-累積,yfinance,股票型,英國
B23399,2017-03-23,6.039000034332275,英鎊,施羅德環球基金系列－英國股票(英鎊)C-累積,yfinance,股票型,英國
B23399,2017-03-24,6.05109977722168,英鎊,施羅德環球基金系列－英國股票(英鎊)C-累積,yfinance,股票型,英國
B23399,2017-03-27,6.023200035095215,英鎊,施羅德環球基金系列－英國股票(英鎊)C-累積,yfinance,股票型,英國
B23399,2017-03-28,6.053500175476074,英鎊,施羅德環球基金系列－英國股票(英鎊)C-累積,yfinance,股票型,英國
B23399,2017-03-29,6.08459997177124,英鎊,施羅德環球基金系列－英國股票(英鎊)C-累積,yfinance,股票型,英國
B23399,2017-03-30,6.10860013961792,英鎊,施羅德環球基金系列－英國股票(英鎊)C-累積,yfinance,股票型,英國
B23399,2017-03-31,6.108500003814697,英鎊,施羅德環球基金系列－英國股票(英鎊)C-累積,yfinance,股票型,英國
B23399,2017-04-03,6.087200164794922,英鎊,施羅德環球基金系列－英國股票(英鎊)C-累積,yfinance,股票型,英國
B23399,2017-04-04,6.072800159454346,英鎊,施羅德環球基金系列－英國股票(英鎊)C-累積,yfinance,股票型,英國
B23399,2017-04-05,6.100399971008301,英鎊,施羅德環球基金系列－英國股票(英鎊)C-累積,yfinance,股票型,英國
B23399,2017-04-06,6.075099945068359,英鎊,施羅德環球基金系列－英國股票(英鎊)C-累積,yfinance,股票型,英國
B23399,2017-04-07,6.0920000076293945,英鎊,施羅德環球基金系列－英國股票(英鎊)C-累積,yfinance,股票型,英國
B23399,2017-04-10,6.120100021362305,英鎊,施羅德環球基金系列－英國股票(英鎊)C-累積,yfinance,股票型,英國
B23399,2017-04-11,6.170000076293945,英鎊,施羅德環球基金系列－英國股票(英鎊)C-累積,yfinance,股票型,英國
B23399,2017-04-12,6.127500057220459,英鎊,施羅德環球基金系列－英國股票(英鎊)C-累積,yfinance,股票型,英國
B23399,2017-04-13,6.103799819946289,英鎊,施羅德環球基金系列－英國股票(英鎊)C-累積,yfinance,股票型,英國
B23399,2017-04-18,6.0295000076293945,英鎊,施羅德環球基金系列－英國股票(英鎊)C-累積,yfinance,股票型,英國
B23399,2017-04-19,6.027599811553955,英鎊,施羅德環球基金系列－英國股票(英鎊)C-累積,yfinance,股票型,英國
B23399,2017-04-20,6.008600234985352,英鎊,施羅德環球基金系列－英國股票(英鎊)C-累積,yfinance,股票型,英國
B23399,2017-04-21,6.007900238037109,英鎊,施羅德環球基金系列－英國股票(英鎊)C-累積,yfinance,股票型,英國
B23399,2017-04-24,6.092599868774414,英鎊,施羅德環球基金系列－英國股票(英鎊)C-累積,yfinance,股票型,英國
B23399,2017-04-25,6.114999771118164,英鎊,施羅德環球基金系列－英國股票(英鎊)C-累積,yfinance,股票型,英國
B23399,2017-04-26,6.121200084686279,英鎊,施羅德環球基金系列－英國股票(英鎊)C-累積,yfinance,股票型,英國
B23399,2017-04-27,6.115699768066406,英鎊,施羅德環球基金系列－英國股票(英鎊)C-累積,yfinance,股票型,英國
B23399,2017-04-28,6.118899822235107,英鎊,施羅德環球基金系列－英國股票(英鎊)C-累積,yfinance,股票型,英國
B23399,2017-05-02,6.15749979019165,英鎊,施羅德環球基金系列－英國股票(英鎊)C-累積,yfinance,股票型,英國
B23399,2017-05-03,6.138999938964844,英鎊,施羅德環球基金系列－英國股票(英鎊)C-累積,yfinance,股票型,英國
B23399,2017-05-04,6.162700176239014,英鎊,施羅德環球基金系列－英國股票(英鎊)C-累積,yfinance,股票型,英國
B23399,2017-05-05,6.1844000816345215,英鎊,施羅德環球基金系列－英國股票(英鎊)C-累積,yfinance,股票型,英國
B23399,2017-05-08,6.206399917602539,英鎊,施羅德環球基金系列－英國股票(英鎊)C-累積,yfinance,股票型,英國
B23399,2017-05-09,6.23330020904541,英鎊,施羅德環球基金系列－英國股票(英鎊)C-累積,yfinance,股票型,英國
B23399,2017-05-10,6.244800090789795,英鎊,施羅德環球基金系列－英國股票(英鎊)C-累積,yfinance,股票型,英國
B23399,2017-05-11,6.24459981918335,英鎊,施羅德環球基金系列－英國股票(英鎊)C-累積,yfinance,股票型,英國
B23399,2017-05-12,6.248600006103516,英鎊,施羅德環球基金系列－英國股票(英鎊)C-累積,yfinance,股票型,英國
B23399,2017-05-15,6.266300201416016,英鎊,施羅德環球基金系列－英國股票(英鎊)C-累積,yfinance,股票型,英國
B23399,2017-05-16,6.295000076293945,英鎊,施羅德環球基金系列－英國股票(英鎊)C-累積,yfinance,股票型,英國
B23399,2017-05-17,6.303100109100342,英鎊,施羅德環球基金系列－英國股票(英鎊)C-累積,yfinance,股票型,英國
B23399,2017-05-18,6.258399963378906,英鎊,施羅德環球基金系列－英國股票(英鎊)C-累積,yfinance,股票型,英國
B23399,2017-05-19,6.296299934387207,英鎊,施羅德環球基金系列－英國股票(英鎊)C-累積,yfinance,股票型,英國
B23399,2017-05-22,6.3379998207092285,英鎊,施羅德環球基金系列－英國股票(英鎊)C-累積,yfinance,股票型,英國
B23399,2017-05-23,6.342899799346924,英鎊,施羅德環球基金系列－英國股票(英鎊)C-累積,yfinance,股票型,英國
B23399,2017-05-24,6.346799850463867,英鎊,施羅德環球基金系列－英國股票(英鎊)C-累積,yfinance,股票型,英國
B23399,2017-05-25,6.343800067901611,英鎊,施羅德環球基金系列－英國股票(英鎊)C-累積,yfinance,股票型,英國
B23399,2017-05-26,6.3730998039245605,英鎊,施羅德環球基金系列－英國股票(英鎊)C-累積,yfinance,股票型,英國
B23399,2017-05-30,6.357500076293945,英鎊,施羅德環球基金系列－英國股票(英鎊)C-累積,yfinance,股票型,英國
B23399,2017-05-31,6.382699966430664,英鎊,施羅德環球基金系列－英國股票(英鎊)C-累積,yfinance,股票型,英國
B23399,2017-06-01,6.35860013961792,英鎊,施羅德環球基金系列－英國股票(英鎊)C-累積,yfinance,股票型,英國
B23399,2017-06-02,6.3668999671936035,英鎊,施羅德環球基金系列－英國股票(英鎊)C-累積,yfinance,股票型,英國
B23399,2017-06-05,6.33050012588501,英鎊,施羅德環球基金系列－英國股票(英鎊)C-累積,yfinance,股票型,英國
B23399,2017-06-06,6.305200099945068,英鎊,施羅德環球基金系列－英國股票(英鎊)C-累積,yfinance,股票型,英國
B23399,2017-06-07,6.312399864196777,英鎊,施羅德環球基金系列－英國股票(英鎊)C-累積,yfinance,股票型,英國
B23399,2017-06-08,6.282700061798096,英鎊,施羅德環球基金系列－英國股票(英鎊)C-累積,yfinance,股票型,英國
B23399,2017-06-09,6.304599761962891,英鎊,施羅德環球基金系列－英國股票(英鎊)C-累積,yfinance,股票型,英國
B23399,2017-06-12,6.340099811553955,英鎊,施羅德環球基金系列－英國股票(英鎊)C-累積,yfinance,股票型,英國
B23399,2017-06-13,6.351099967956543,英鎊,施羅德環球基金系列－英國股票(英鎊)C-累積,yfinance,股票型,英國
B23399,2017-06-14,6.3780999183654785,英鎊,施羅德環球基金系列－英國股票(英鎊)C-累積,yfinance,股票型,英國
B23399,2017-06-15,6.248300075531006,英鎊,施羅德環球基金系列－英國股票(英鎊)C-累積,yfinance,股票型,英國
B23399,2017-06-16,6.300600051879883,英鎊,施羅德環球基金系列－英國股票(英鎊)C-累積,yfinance,股票型,英國
B23399,2017-06-19,6.328999996185303,英鎊,施羅德環球基金系列－英國股票(英鎊)C-累積,yfinance,股票型,英國
B23399,2017-06-20,6.326300144195557,英鎊,施羅德環球基金系列－英國股票(英鎊)C-累積,yfinance,股票型,英國
B23399,2017-06-21,6.269899845123291,英鎊,施羅德環球基金系列－英國股票(英鎊)C-累積,yfinance,股票型,英國
B23399,2017-06-22,6.268599987030029,英鎊,施羅德環球基金系列－英國股票(英鎊)C-累積,yfinance,股票型,英國
B23399,2017-06-23,6.2667999267578125,英鎊,施羅德環球基金系列－英國股票(英鎊)C-累積,yfinance,股票型,英國
B23399,2017-06-26,6.292799949645996,英鎊,施羅德環球基金系列－英國股票(英鎊)C-累積,yfinance,股票型,英國
B23399,2017-06-27,6.265600204467773,英鎊,施羅德環球基金系列－英國股票(英鎊)C-累積,yfinance,股票型,英國
B23399,2017-06-28,6.2652997970581055,英鎊,施羅德環球基金系列－英國股票(英鎊)C-累積,yfinance,股票型,英國
B23399,2017-06-29,6.2444000244140625,英鎊,施羅德環球基金系列－英國股票(英鎊)C-累積,yfinance,股票型,英國
B23399,2017-06-30,6.2104997634887695,英鎊,施羅德環球基金系列－英國股票(英鎊)C-累積,yfinance,股票型,英國
B23399,2017-07-03,6.198200225830078,英鎊,施羅德環球基金系列－英國股票(英鎊)C-累積,yfinance,股票型,英國
B23399,2017-07-04,6.19379997253418,英鎊,施羅德環球基金系列－英國股票(英鎊)C-累積,yfinance,股票型,英國
B23399,2017-07-05,6.205900192260742,英鎊,施羅德環球基金系列－英國股票(英鎊)C-累積,yfinance,股票型,英國
B23399,2017-07-06,6.18120002746582,英鎊,施羅德環球基金系列－英國股票(英鎊)C-累積,yfinance,股票型,英國
B23399,2017-07-07,6.205399990081787,英鎊,施羅德環球基金系列－英國股票(英鎊)C-累積,yfinance,股票型,英國
B23399,2017-07-10,6.1940999031066895,英鎊,施羅德環球基金系列－英國股票(英鎊)C-累積,yfinance,股票型,英國
B23399,2017-07-11,6.151899814605713,英鎊,施羅德環球基金系列－英國股票(英鎊)C-累積,yfinance,股票型,英國
B23399,2017-07-12,6.1859002113342285,英鎊,施羅德環球基金系列－英國股票(英鎊)C-累積,yfinance,股票型,英國
B23399,2017-07-13,6.203999996185303,英鎊,施羅德環球基金系列－英國股票(英鎊)C-累積,yfinance,股票型,英國
B23399,2017-07-14,6.1956000328063965,英鎊,施羅德環球基金系列－英國股票(英鎊)C-累積,yfinance,股票型,英國
B23399,2017-07-17,6.19950008392334,英鎊,施羅德環球基金系列－英國股票(英鎊)C-累積,yfinance,股票型,英國
B23399,2017-07-18,6.224899768829346,英鎊,施羅德環球基金系列－英國股票(英鎊)C-累積,yfinance,股票型,英國
B23399,2017-07-19,6.217400074005127,英鎊,施羅德環球基金系列－英國股票(英鎊)C-累積,yfinance,股票型,英國
B23399,2017-07-20,6.25,英鎊,施羅德環球基金系列－英國股票(英鎊)C-累積,yfinance,股票型,英國
B23399,2017-07-21,6.237599849700928,英鎊,施羅德環球基金系列－英國股票(英鎊)C-累積,yfinance,股票型,英國
B23399,2017-07-24,6.17110013961792,英鎊,施羅德環球基金系列－英國股票(英鎊)C-累積,yfinance,股票型,英國
B23399,2017-07-25,6.223400115966797,英鎊,施羅德環球基金系列－英國股票(英鎊)C-累積,yfinance,股票型,英國
B23399,2017-07-26,6.234899997711182,英鎊,施羅德環球基金系列－英國股票(英鎊)C-累積,yfinance,股票型,英國
B23399,2017-07-27,6.204699993133545,英鎊,施羅德環球基金系列－英國股票(英鎊)C-累積,yfinance,股票型,英國
B23399,2017-07-28,6.168600082397461,英鎊,施羅德環球基金系列－英國股票(英鎊)C-累積,yfinance,股票型,英國
B23399,2017-07-31,6.204999923706055,英鎊,施羅德環球基金系列－英國股票(英鎊)C-累積,yfinance,股票型,英國
B23399,2017-08-01,6.237199783325195,英鎊,施羅德環球基金系列－英國股票(英鎊)C-累積,yfinance,股票型,英國
B23399,2017-08-02,6.213399887084961,英鎊,施羅德環球基金系列－英國股票(英鎊)C-累積,yfinance,股票型,英國
B23399,2017-08-03,6.259399890899658,英鎊,施羅德環球基金系列－英國股票(英鎊)C-累積,yfinance,股票型,英國
B23399,2017-08-04,6.253300189971924,英鎊,施羅德環球基金系列－英國股票(英鎊)C-累積,yfinance,股票型,英國
B23399,2017-08-07,6.260799884796143,英鎊,施羅德環球基金系列－英國股票(英鎊)C-累積,yfinance,股票型,英國
B23399,2017-08-08,6.2596001625061035,英鎊,施羅德環球基金系列－英國股票(英鎊)C-累積,yfinance,股票型,英國
B23399,2017-08-09,6.215400218963623,英鎊,施羅德環球基金系列－英國股票(英鎊)C-累積,yfinance,股票型,英國
B23399,2017-08-10,6.1859002113342285,英鎊,施羅德環球基金系列－英國股票(英鎊)C-累積,yfinance,股票型,英國
B23399,2017-08-11,6.122600078582764,英鎊,施羅德環球基金系列－英國股票(英鎊)C-累積,yfinance,股票型,英國
B23399,2017-08-14,6.140999794006348,英鎊,施羅德環球基金系列－英國股票(英鎊)C-累積,yfinance,股票型,英國
B23399,2017-08-15,6.160900115966797,英鎊,施羅德環球基金系列－英國股票(英鎊)C-累積,yfinance,股票型,英國
B23399,2017-08-16,6.198800086975098,英鎊,施羅德環球基金系列－英國股票(英鎊)C-累積,yfinance,股票型,英國
B23399,2017-08-17,6.180200099945068,英鎊,施羅德環球基金系列－英國股票(英鎊)C-累積,yfinance,股票型,英國
B23399,2017-08-18,6.098400115966797,英鎊,施羅德環球基金系列－英國股票(英鎊)C-累積,yfinance,股票型,英國
B23399,2017-08-21,6.104000091552734,英鎊,施羅德環球基金系列－英國股票(英鎊)C-累積,yfinance,股票型,英國
B23399,2017-08-22,6.154300212860107,英鎊,施羅德環球基金系列－英國股票(英鎊)C-累積,yfinance,股票型,英國
B23399,2017-08-23,6.160399913787842,英鎊,施羅德環球基金系列－英國股票(英鎊)C-累積,yfinance,股票型,英國
B23399,2017-08-24,6.187099933624268,英鎊,施羅德環球基金系列－英國股票(英鎊)C-累積,yfinance,股票型,英國
B23399,2017-08-25,6.173600196838379,英鎊,施羅德環球基金系列－英國股票(英鎊)C-累積,yfinance,股票型,英國
B23399,2017-08-29,6.072000026702881,英鎊,施羅德環球基金系列－英國股票(英鎊)C-累積,yfinance,股票型,英國
B23399,2017-08-30,6.119900226593018,英鎊,施羅德環球基金系列－英國股票(英鎊)C-累積,yfinance,股票型,英國
B23399,2017-08-31,6.160399913787842,英鎊,施羅德環球基金系列－英國股票(英鎊)C-累積,yfinance,股票型,英國
B23399,2017-09-01,6.17110013961792,英鎊,施羅德環球基金系列－英國股票(英鎊)C-累積,yfinance,股票型,英國
B23399,2017-09-04,6.151800155639648,英鎊,施羅德環球基金系列－英國股票(英鎊)C-累積,yfinance,股票型,英國
B23399,2017-09-05,6.151899814605713,英鎊,施羅德環球基金系列－英國股票(英鎊)C-累積,yfinance,股票型,英國
B23399,2017-09-06,6.102099895477295,英鎊,施羅德環球基金系列－英國股票(英鎊)C-累積,yfinance,股票型,英國
B23399,2017-09-07,6.1072001457214355,英鎊,施羅德環球基金系列－英國股票(英鎊)C-累積,yfinance,股票型,英國
B23399,2017-09-08,6.097099781036377,英鎊,施羅德環球基金系列－英國股票(英鎊)C-累積,yfinance,股票型,英國
B23399,2017-09-11,6.117199897766113,英鎊,施羅德環球基金系列－英國股票(英鎊)C-累積,yfinance,股票型,英國
B23399,2017-09-12,6.1132001876831055,英鎊,施羅德環球基金系列－英國股票(英鎊)C-累積,yfinance,股票型,英國
B23399,2017-09-13,6.114799976348877,英鎊,施羅德環球基金系列－英國股票(英鎊)C-累積,yfinance,股票型,英國
B23399,2017-09-14,6.085000038146973,英鎊,施羅德環球基金系列－英國股票(英鎊)C-累積,yfinance,股票型,英國
B23399,2017-09-15,6.035299777984619,英鎊,施羅德環球基金系列－英國股票(英鎊)C-累積,yfinance,股票型,英國
B23399,2017-09-18,6.065299987792969,英鎊,施羅德環球基金系列－英國股票(英鎊)C-累積,yfinance,股票型,英國
B23399,2017-09-19,6.110899925231934,英鎊,施羅德環球基金系列－英國股票(英鎊)C-累積,yfinance,股票型,英國
B23399,2017-09-20,6.109300136566162,英鎊,施羅德環球基金系列－英國股票(英鎊)C-累積,yfinance,股票型,英國
B23399,2017-09-21,6.105599880218506,英鎊,施羅德環球基金系列－英國股票(英鎊)C-累積,yfinance,股票型,英國
B23399,2017-09-22,6.094699859619141,英鎊,施羅德環球基金系列－英國股票(英鎊)C-累積,yfinance,股票型,英國
B23399,2017-09-25,6.117000102996826,英鎊,施羅德環球基金系列－英國股票(英鎊)C-累積,yfinance,股票型,英國
B23399,2017-09-26,6.123700141906738,英鎊,施羅德環球基金系列－英國股票(英鎊)C-累積,yfinance,股票型,英國
B23399,2017-09-27,6.1545000076293945,英鎊,施羅德環球基金系列－英國股票(英鎊)C-累積,yfinance,股票型,英國
B23399,2017-09-28,6.166999816894531,英鎊,施羅德環球基金系列－英國股票(英鎊)C-累積,yfinance,股票型,英國
B23399,2017-09-29,6.22790002822876,英鎊,施羅德環球基金系列－英國股票(英鎊)C-累積,yfinance,股票型,英國
B23399,2017-10-02,6.249599933624268,英鎊,施羅德環球基金系列－英國股票(英鎊)C-累積,yfinance,股票型,英國
B23399,2017-10-03,6.275000095367432,英鎊,施羅德環球基金系列－英國股票(英鎊)C-累積,yfinance,股票型,英國
B23399,2017-10-04,6.267600059509277,英鎊,施羅德環球基金系列－英國股票(英鎊)C-累積,yfinance,股票型,英國
B23399,2017-10-05,6.282299995422363,英鎊,施羅德環球基金系列－英國股票(英鎊)C-累積,yfinance,股票型,英國
B23399,2017-10-06,6.309800148010254,英鎊,施羅德環球基金系列－英國股票(英鎊)C-累積,yfinance,股票型,英國
B23399,2017-10-09,6.283199787139893,英鎊,施羅德環球基金系列－英國股票(英鎊)C-累積,yfinance,股票型,英國
B23399,2017-10-10,6.307499885559082,英鎊,施羅德環球基金系列－英國股票(英鎊)C-累積,yfinance,股票型,英國
B23399,2017-10-11,6.286300182342529,英鎊,施羅德環球基金系列－英國股票(英鎊)C-累積,yfinance,股票型,英國
B23399,2017-10-12,6.292900085449219,英鎊,施羅德環球基金系列－英國股票(英鎊)C-累積,yfinance,股票型,英國
B23399,2017-10-13,6.296599864959717,英鎊,施羅德環球基金系列－英國股票(英鎊)C-累積,yfinance,股票型,英國
B23399,2017-10-16,6.283100128173828,英鎊,施羅德環球基金系列－英國股票(英鎊)C-累積,yfinance,股票型,英國
B23399,2017-10-17,6.2855000495910645,英鎊,施羅德環球基金系列－英國股票(英鎊)C-累積,yfinance,股票型,英國
B23399,2017-10-18,6.303500175476074,英鎊,施羅德環球基金系列－英國股票(英鎊)C-累積,yfinance,股票型,英國
B23399,2017-10-19,6.27839994430542,英鎊,施羅德環球基金系列－英國股票(英鎊)C-累積,yfinance,股票型,英國
B23399,2017-10-20,6.3018999099731445,英鎊,施羅德環球基金系列－英國股票(英鎊)C-累積,yfinance,股票型,英國
B23399,2017-10-23,6.291800022125244,英鎊,施羅德環球基金系列－英國股票(英鎊)C-累積,yfinance,股票型,英國
B23399,2017-10-24,6.291600227355957,英鎊,施羅德環球基金系列－英國股票(英鎊)C-累積,yfinance,股票型,英國
B23399,2017-10-25,6.2729997634887695,英鎊,施羅德環球基金系列－英國股票(英鎊)C-累積,yfinance,股票型,英國
B23399,2017-10-26,6.273399829864502,英鎊,施羅德環球基金系列－英國股票(英鎊)C-累積,yfinance,股票型,英國
B23399,2017-10-27,6.286099910736084,英鎊,施羅德環球基金系列－英國股票(英鎊)C-累積,yfinance,股票型,英國
B23399,2017-10-30,6.292399883270264,英鎊,施羅德環球基金系列－英國股票(英鎊)C-累積,yfinance,股票型,英國
B23399,2017-10-31,6.284999847412109,英鎊,施羅德環球基金系列－英國股票(英鎊)C-累積,yfinance,股票型,英國
B23399,2017-11-01,6.29449987411499,英鎊,施羅德環球基金系列－英國股票(英鎊)C-累積,yfinance,股票型,英國
B23399,2017-11-02,6.295199871063232,英鎊,施羅德環球基金系列－英國股票(英鎊)C-累積,yfinance,股票型,英國
B23399,2017-11-03,6.285799980163574,英鎊,施羅德環球基金系列－英國股票(英鎊)C-累積,yfinance,股票型,英國
B23399,2017-11-06,6.272900104522705,英鎊,施羅德環球基金系列－英國股票(英鎊)C-累積,yfinance,股票型,英國
B23399,2017-11-07,6.26039981842041,英鎊,施羅德環球基金系列－英國股票(英鎊)C-累積,yfinance,股票型,英國
B23399,2017-11-08,6.230100154876709,英鎊,施羅德環球基金系列－英國股票(英鎊)C-累積,yfinance,股票型,英國
B23399,2017-11-09,6.212699890136719,英鎊,施羅德環球基金系列－英國股票(英鎊)C-累積,yfinance,股票型,英國
B23399,2017-11-10,6.184000015258789,英鎊,施羅德環球基金系列－英國股票(英鎊)C-累積,yfinance,股票型,英國
B23399,2017-11-13,6.12939977645874,英鎊,施羅德環球基金系列－英國股票(英鎊)C-累積,yfinance,股票型,英國
B23399,2017-11-14,6.1290998458862305,英鎊,施羅德環球基金系列－英國股票(英鎊)C-累積,yfinance,股票型,英國
B23399,2017-11-15,6.087100028991699,英鎊,施羅德環球基金系列－英國股票(英鎊)C-累積,yfinance,股票型,英國
B23399,2017-11-16,6.098100185394287,英鎊,施羅德環球基金系列－英國股票(英鎊)C-累積,yfinance,股票型,英國
B23399,2017-11-17,6.0929999351501465,英鎊,施羅德環球基金系列－英國股票(英鎊)C-累積,yfinance,股票型,英國
B23399,2017-11-20,6.104700088500977,英鎊,施羅德環球基金系列－英國股票(英鎊)C-累積,yfinance,股票型,英國
B23399,2017-11-21,6.106400012969971,英鎊,施羅德環球基金系列－英國股票(英鎊)C-累積,yfinance,股票型,英國
B23399,2017-11-22,6.148099899291992,英鎊,施羅德環球基金系列－英國股票(英鎊)C-累積,yfinance,股票型,英國
B23399,2017-11-23,6.107399940490723,英鎊,施羅德環球基金系列－英國股票(英鎊)C-累積,yfinance,股票型,英國
B23399,2017-11-24,6.104100227355957,英鎊,施羅德環球基金系列－英國股票(英鎊)C-累積,yfinance,股票型,英國
B23399,2017-11-27,6.085599899291992,英鎊,施羅德環球基金系列－英國股票(英鎊)C-累積,yfinance,股票型,英國
B23399,2017-11-28,6.115900039672852,英鎊,施羅德環球基金系列－英國股票(英鎊)C-累積,yfinance,股票型,英國
B23399,2017-11-29,6.149899959564209,英鎊,施羅德環球基金系列－英國股票(英鎊)C-累積,yfinance,股票型,英國
B23399,2017-11-30,6.115699768066406,英鎊,施羅德環球基金系列－英國股票(英鎊)C-累積,yfinance,股票型,英國
B23399,2017-12-01,6.094799995422363,英鎊,施羅德環球基金系列－英國股票(英鎊)C-累積,yfinance,股票型,英國
B23399,2017-12-04,6.087600231170654,英鎊,施羅德環球基金系列－英國股票(英鎊)C-累積,yfinance,股票型,英國
B23399,2017-12-05,6.113999843597412,英鎊,施羅德環球基金系列－英國股票(英鎊)C-累積,yfinance,股票型,英國
B23399,2017-12-06,6.1031999588012695,英鎊,施羅德環球基金系列－英國股票(英鎊)C-累積,yfinance,股票型,英國
B23399,2017-12-07,6.078700065612793,英鎊,施羅德環球基金系列－英國股票(英鎊)C-累積,yfinance,股票型,英國
B23399,2017-12-08,6.132599830627441,英鎊,施羅德環球基金系列－英國股票(英鎊)C-累積,yfinance,股票型,英國
B23399,2017-12-11,6.165599822998047,英鎊,施羅德環球基金系列－英國股票(英鎊)C-累積,yfinance,股票型,英國
B23399,2017-12-12,6.176599979400635,英鎊,施羅德環球基金系列－英國股票(英鎊)C-累積,yfinance,股票型,英國
B23399,2017-12-13,6.211400032043457,英鎊,施羅德環球基金系列－英國股票(英鎊)C-累積,yfinance,股票型,英國
B23399,2017-12-14,6.17579984664917,英鎊,施羅德環球基金系列－英國股票(英鎊)C-累積,yfinance,股票型,英國
B23399,2017-12-15,6.139100074768066,英鎊,施羅德環球基金系列－英國股票(英鎊)C-累積,yfinance,股票型,英國
B23399,2017-12-18,6.183899879455566,英鎊,施羅德環球基金系列－英國股票(英鎊)C-累積,yfinance,股票型,英國
B23399,2017-12-19,6.21999979019165,英鎊,施羅德環球基金系列－英國股票(英鎊)C-累積,yfinance,股票型,英國
B23399,2017-12-20,6.219200134277344,英鎊,施羅德環球基金系列－英國股票(英鎊)C-累積,yfinance,股票型,英國
B23399,2017-12-21,6.2459001541137695,英鎊,施羅德環球基金系列－英國股票(英鎊)C-累積,yfinance,股票型,英國
B23399,2017-12-22,6.256199836730957,英鎊,施羅德環球基金系列－英國股票(英鎊)C-累積,yfinance,股票型,英國
B23399,2017-12-27,6.278200149536133,英鎊,施羅德環球基金系列－英國股票(英鎊)C-累積,yfinance,股票型,英國
B23399,2017-12-28,6.300600051879883,英鎊,施羅德環球基金系列－英國股票(英鎊)C-累積,yfinance,股票型,英國
B23399,2017-12-29,6.338200092315674,英鎊,施羅德環球基金系列－英國股票(英鎊)C-累積,yfinance,股票型,英國
B03624,2017-01-03,9.451251029968262,英鎊,聯博-亞洲股票基金AD月配英鎊避險級別,yfinance,股票型,亞洲地區
B03624,2017-01-04,9.458797454833984,英鎊,聯博-亞洲股票基金AD月配英鎊避險級別,yfinance,股票型,亞洲地區
B03624,2017-01-05,9.63241958618164,英鎊,聯博-亞洲股票基金AD月配英鎊避險級別,yfinance,股票型,亞洲地區
B03624,2017-01-06,9.639970779418945,英鎊,聯博-亞洲股票基金AD月配英鎊避險級別,yfinance,股票型,亞洲地區
B03624,2017-01-09,9.609772682189941,英鎊,聯博-亞洲股票基金AD月配英鎊避險級別,yfinance,股票型,亞洲地區
B03624,2017-01-10,9.738109588623047,英鎊,聯博-亞洲股票基金AD月配英鎊避險級別,yfinance,股票型,亞洲地區
B03624,2017-01-11,9.83624267578125,英鎊,聯博-亞洲股票基金AD月配英鎊避險級別,yfinance,股票型,亞洲地區
B03624,2017-01-12,9.89663028717041,英鎊,聯博-亞洲股票基金AD月配英鎊避險級別,yfinance,股票型,亞洲地區
B03624,2017-01-13,9.843792915344238,英鎊,聯博-亞洲股票基金AD月配英鎊避險級別,yfinance,股票型,亞洲地區
B03624,2017-01-17,9.91173267364502,英鎊,聯博-亞洲股票基金AD月配英鎊避險級別,yfinance,股票型,亞洲地區
B03624,2017-01-18,9.949475288391113,英鎊,聯博-亞洲股票基金AD月配英鎊避險級別,yfinance,股票型,亞洲地區
B03624,2017-01-19,9.889087677001953,英鎊,聯博-亞洲股票基金AD月配英鎊避險級別,yfinance,股票型,亞洲地區
B03624,2017-01-20,9.858890533447266,英鎊,聯博-亞洲股票基金AD月配英鎊避險級別,yfinance,股票型,亞洲地區
B03624,2017-01-23,9.89663028717041,英鎊,聯博-亞洲股票基金AD月配英鎊避險級別,yfinance,股票型,亞洲地區
B03624,2017-01-24,10.009868621826172,英鎊,聯博-亞洲股票基金AD月配英鎊避險級別,yfinance,股票型,亞洲地區
B03624,2017-01-25,10.040066719055176,英鎊,聯博-亞洲股票基金AD月配英鎊避險級別,yfinance,股票型,亞洲地區
B03624,2017-01-26,10.108000755310059,英鎊,聯博-亞洲股票基金AD月配英鎊避險級別,yfinance,股票型,亞洲地區
B03624,2017-01-27,10.138198852539062,英鎊,聯博-亞洲股票基金AD月配英鎊避險級別,yfinance,股票型,亞洲地區
B03624,2017-01-30,10.130644798278809,英鎊,聯博-亞洲股票基金AD月配英鎊避險級別,yfinance,股票型,亞洲地區
B03624,2017-01-31,10.082063674926758,英鎊,聯博-亞洲股票基金AD月配英鎊避險級別,yfinance,股票型,亞洲地區
B03624,2017-02-01,10.157747268676758,英鎊,聯博-亞洲股票基金AD月配英鎊避險級別,yfinance,股票型,亞洲地區
B03624,2017-02-02,10.210731506347656,英鎊,聯博-亞洲股票基金AD月配英鎊避險級別,yfinance,股票型,亞洲地區
B03624,2017-02-03,10.210731506347656,英鎊,聯博-亞洲股票基金AD月配英鎊避險級別,yfinance,股票型,亞洲地區
B03624,2017-02-06,10.293991088867188,英鎊,聯博-亞洲股票基金AD月配英鎊避險級別,yfinance,股票型,亞洲地區
B03624,2017-02-07,10.301563262939453,英鎊,聯博-亞洲股票基金AD月配英鎊避險級別,yfinance,股票型,亞洲地區
B03624,2017-02-08,10.309134483337402,英鎊,聯博-亞洲股票基金AD月配英鎊避險級別,yfinance,股票型,亞洲地區
B03624,2017-02-09,10.339406967163086,英鎊,聯博-亞洲股票基金AD月配英鎊避險級別,yfinance,股票型,亞洲地區
B03624,2017-02-10,10.422670364379883,英鎊,聯博-亞洲股票基金AD月配英鎊避險級別,yfinance,股票型,亞洲地區
B03624,2017-02-13,10.468084335327148,英鎊,聯博-亞洲股票基金AD月配英鎊避險級別,yfinance,股票型,亞洲地區
B03624,2017-02-14,10.468084335327148,英鎊,聯博-亞洲股票基金AD月配英鎊避險級別,yfinance,股票型,亞洲地區
B03624,2017-02-15,10.4150972366333,英鎊,聯博-亞洲股票基金AD月配英鎊避險級別,yfinance,股票型,亞洲地區
B03624,2017-02-16,10.460512161254883,英鎊,聯博-亞洲股票基金AD月配英鎊避險級別,yfinance,股票型,亞洲地區
B03624,2017-02-17,10.43023681640625,英鎊,聯博-亞洲股票基金AD月配英鎊避險級別,yfinance,股票型,亞洲地區
B03624,2017-02-21,10.43780517578125,英鎊,聯博-亞洲股票基金AD月配英鎊避險級別,yfinance,股票型,亞洲地區
B03624,2017-02-22,10.54377555847168,英鎊,聯博-亞洲股票基金AD月配英鎊避險級別,yfinance,股票型,亞洲地區
B03624,2017-02-23,10.574049949645996,英鎊,聯博-亞洲股票基金AD月配英鎊避險級別,yfinance,股票型,亞洲地區
B03624,2017-02-24,10.483220100402832,英鎊,聯博-亞洲股票基金AD月配英鎊避險級別,yfinance,股票型,亞洲地區
B03624,2017-02-27,10.498361587524414,英鎊,聯博-亞洲股票基金AD月配英鎊避險級別,yfinance,股票型,亞洲地區
B03624,2017-02-28,10.510348320007324,英鎊,聯博-亞洲股票基金AD月配英鎊避險級別,yfinance,股票型,亞洲地區
B03624,2017-03-01,10.510348320007324,英鎊,聯博-亞洲股票基金AD月配英鎊避險級別,yfinance,股票型,亞洲地區
B03624,2017-03-02,10.502760887145996,英鎊,聯博-亞洲股票基金AD月配英鎊避險級別,yfinance,股票型,亞洲地區
B03624,2017-03-03,10.404109954833984,英鎊,聯博-亞洲股票基金AD月配英鎊避險級別,yfinance,股票型,亞洲地區
B03624,2017-03-06,10.419285774230957,英鎊,聯博-亞洲股票基金AD月配英鎊避險級別,yfinance,股票型,亞洲地區
B03624,2017-03-07,10.517935752868652,英鎊,聯博-亞洲股票基金AD月配英鎊避險級別,yfinance,股票型,亞洲地區
B03624,2017-03-08,10.54828929901123,英鎊,聯博-亞洲股票基金AD月配英鎊避險級別,yfinance,股票型,亞洲地區
B03624,2017-03-09,10.442048072814941,英鎊,聯博-亞洲股票基金AD月配英鎊避險級別,yfinance,股票型,亞洲地區
B03624,2017-03-10,10.472405433654785,英鎊,聯博-亞洲股票基金AD月配英鎊避險級別,yfinance,股票型,亞洲地區
B03624,2017-03-13,10.631769180297852,英鎊,聯博-亞洲股票基金AD月配英鎊避險級別,yfinance,股票型,亞洲地區
B03624,2017-03-14,10.692476272583008,英鎊,聯博-亞洲股票基金AD月配英鎊避險級別,yfinance,股票型,亞洲地區
B03624,2017-03-15,10.700069427490234,英鎊,聯博-亞洲股票基金AD月配英鎊避險級別,yfinance,股票型,亞洲地區
B03624,2017-03-16,10.874608993530273,英鎊,聯博-亞洲股票基金AD月配英鎊避險級別,yfinance,股票型,亞洲地區
B03624,2017-03-17,10.920143127441406,英鎊,聯博-亞洲股票基金AD月配英鎊避險級別,yfinance,股票型,亞洲地區
B03624,2017-03-20,10.942910194396973,英鎊,聯博-亞洲股票基金AD月配英鎊避險級別,yfinance,股票型,亞洲地區
B03624,2017-03-21,10.973258018493652,英鎊,聯博-亞洲股票基金AD月配英鎊避險級別,yfinance,股票型,亞洲地區
B03624,2017-03-22,10.844249725341797,英鎊,聯博-亞洲股票基金AD月配英鎊避險級別,yfinance,股票型,亞洲地區
B03624,2017-03-23,10.897375106811523,英鎊,聯博-亞洲股票基金AD月配英鎊避險級別,yfinance,股票型,亞洲地區
B03624,2017-03-24,10.920143127441406,英鎊,聯博-亞洲股票基金AD月配英鎊避險級別,yfinance,股票型,亞洲地區
B03624,2017-03-27,10.889785766601562,英鎊,聯博-亞洲股票基金AD月配英鎊避險級別,yfinance,股票型,亞洲地區
B03624,2017-03-28,10.996026039123535,英鎊,聯博-亞洲股票基金AD月配英鎊避險級別,yfinance,股票型,亞洲地區
B03624,2017-03-29,10.973258018493652,英鎊,聯博-亞洲股票基金AD月配英鎊避險級別,yfinance,股票型,亞洲地區
B03624,2017-03-30,10.920143127441406,英鎊,聯博-亞洲股票基金AD月配英鎊避險級別,yfinance,股票型,亞洲地區
B03624,2017-03-31,10.871294975280762,英鎊,聯博-亞洲股票基金AD月配英鎊避險級別,yfinance,股票型,亞洲地區
B03624,2017-04-03,10.932157516479492,英鎊,聯博-亞洲股票基金AD月配英鎊避險級別,yfinance,股票型,亞洲地區
B03624,2017-04-04,10.924555778503418,英鎊,聯博-亞洲股票基金AD月配英鎊避險級別,yfinance,股票型,亞洲地區
B03624,2017-04-05,10.977801322937012,英鎊,聯博-亞洲股票基金AD月配英鎊避險級別,yfinance,股票型,亞洲地區
B03624,2017-04-06,10.9017333984375,英鎊,聯博-亞洲股票基金AD月配英鎊避險級別,yfinance,股票型,亞洲地區
B03624,2017-04-07,10.856083869934082,英鎊,聯博-亞洲股票基金AD月配英鎊避險級別,yfinance,股票型,亞洲地區
B03624,2017-04-10,10.726757049560547,英鎊,聯博-亞洲股票基金AD月配英鎊避險級別,yfinance,股票型,亞洲地區
B03624,2017-04-11,10.71914291381836,英鎊,聯博-亞洲股票基金AD月配英鎊避險級別,yfinance,股票型,亞洲地區
B03624,2017-04-12,10.749577522277832,英鎊,聯博-亞洲股票基金AD月配英鎊避險級別,yfinance,股票型,亞洲地區
B03624,2017-04-13,10.840867042541504,英鎊,聯博-亞洲股票基金AD月配英鎊避險級別,yfinance,股票型,亞洲地區
B03624,2017-04-18,10.726757049560547,英鎊,聯博-亞洲股票基金AD月配英鎊避險級別,yfinance,股票型,亞洲地區
B03624,2017-04-19,10.67349910736084,英鎊,聯博-亞洲股票基金AD月配英鎊避險級別,yfinance,股票型,亞洲地區
B03624,2017-04-20,10.764792442321777,英鎊,聯博-亞洲股票基金AD月配英鎊避險級別,yfinance,股票型,亞洲地區
B03624,2017-04-21,10.787614822387695,英鎊,聯博-亞洲股票基金AD月配英鎊避險級別,yfinance,股票型,亞洲地區
B03624,2017-04-24,10.856083869934082,英鎊,聯博-亞洲股票基金AD月配英鎊避險級別,yfinance,股票型,亞洲地區
B03624,2017-04-25,11.015839576721191,英鎊,聯博-亞洲股票基金AD月配英鎊避險級別,yfinance,股票型,亞洲地區
B03624,2017-04-26,11.015839576721191,英鎊,聯博-亞洲股票基金AD月配英鎊避險級別,yfinance,股票型,亞洲地區
B03624,2017-04-27,11.015839576721191,英鎊,聯博-亞洲股票基金AD月配英鎊避險級別,yfinance,股票型,亞洲地區
B03624,2017-04-28,10.986793518066406,英鎊,聯博-亞洲股票基金AD月配英鎊避險級別,yfinance,股票型,亞洲地區
B03624,2017-05-02,11.047789573669434,英鎊,聯博-亞洲股票基金AD月配英鎊避險級別,yfinance,股票型,亞洲地區
B03624,2017-05-03,11.063037872314453,英鎊,聯博-亞洲股票基金AD月配英鎊避險級別,yfinance,股票型,亞洲地區
B03624,2017-05-04,11.0401611328125,英鎊,聯博-亞洲股票基金AD月配英鎊避險級別,yfinance,股票型,亞洲地區
B03624,2017-05-05,10.95629596710205,英鎊,聯博-亞洲股票基金AD月配英鎊避險級別,yfinance,股票型,亞洲地區
B03624,2017-05-08,11.05541706085205,英鎊,聯博-亞洲股票基金AD月配英鎊避險級別,yfinance,股票型,亞洲地區
B03624,2017-05-09,11.124038696289062,英鎊,聯博-亞洲股票基金AD月配英鎊避險級別,yfinance,股票型,亞洲地區
B03624,2017-05-10,11.108783721923828,英鎊,聯博-亞洲股票基金AD月配英鎊避險級別,yfinance,股票型,亞洲地區
B03624,2017-05-11,11.185025215148926,英鎊,聯博-亞洲股票基金AD月配英鎊避險級別,yfinance,股票型,亞洲地區
B03624,2017-05-12,11.101162910461426,英鎊,聯博-亞洲股票基金AD月配英鎊避險級別,yfinance,股票型,亞洲地區
B03624,2017-05-15,11.253645896911621,英鎊,聯博-亞洲股票基金AD月配英鎊避險級別,yfinance,股票型,亞洲地區
B03624,2017-05-16,11.299395561218262,英鎊,聯博-亞洲股票基金AD月配英鎊避險級別,yfinance,股票型,亞洲地區
B03624,2017-05-17,11.253645896911621,英鎊,聯博-亞洲股票基金AD月配英鎊避險級別,yfinance,股票型,亞洲地區
B03624,2017-05-18,11.139278411865234,英鎊,聯博-亞洲股票基金AD月配英鎊避險級別,yfinance,股票型,亞洲地區
B03624,2017-05-19,11.124038696289062,英鎊,聯博-亞洲股票基金AD月配英鎊避險級別,yfinance,股票型,亞洲地區
B03624,2017-05-22,11.276520729064941,英鎊,聯博-亞洲股票基金AD月配英鎊避險級別,yfinance,股票型,亞洲地區
B03624,2017-05-23,11.268898010253906,英鎊,聯博-亞洲股票基金AD月配英鎊避險級別,yfinance,股票型,亞洲地區
B03624,2017-05-24,11.261274337768555,英鎊,聯博-亞洲股票基金AD月配英鎊避險級別,yfinance,股票型,亞洲地區
B03624,2017-05-26,11.406134605407715,英鎊,聯博-亞洲股票基金AD月配英鎊避險級別,yfinance,股票型,亞洲地區
B03624,2017-05-30,11.375641822814941,英鎊,聯博-亞洲股票基金AD月配英鎊避險級別,yfinance,股票型,亞洲地區
B03624,2017-05-31,11.338890075683594,英鎊,聯博-亞洲股票基金AD月配英鎊避險級別,yfinance,股票型,亞洲地區
B03624,2017-06-01,11.354170799255371,英鎊,聯博-亞洲股票基金AD月配英鎊避險級別,yfinance,股票型,亞洲地區
B03624,2017-06-02,11.461139678955078,英鎊,聯博-亞洲股票基金AD月配英鎊避險級別,yfinance,股票型,亞洲地區
B03624,2017-06-06,11.514625549316406,英鎊,聯博-亞洲股票基金AD月配英鎊避險級別,yfinance,股票型,亞洲地區
B03624,2017-06-07,11.552828788757324,英鎊,聯博-亞洲股票基金AD月配英鎊避險級別,yfinance,股票型,亞洲地區
B03624,2017-06-08,11.583393096923828,英鎊,聯博-亞洲股票基金AD月配英鎊避險級別,yfinance,股票型,亞洲地區
B03624,2017-06-09,11.644521713256836,英鎊,聯博-亞洲股票基金AD月配英鎊避險級別,yfinance,股票型,亞洲地區
B03624,2017-06-12,11.514625549316406,英鎊,聯博-亞洲股票基金AD月配英鎊避險級別,yfinance,股票型,亞洲地區
B03624,2017-06-13,11.52226448059082,英鎊,聯博-亞洲股票基金AD月配英鎊避險級別,yfinance,股票型,亞洲地區
B03624,2017-06-14,11.529911994934082,英鎊,聯博-亞洲股票基金AD月配英鎊避險級別,yfinance,股票型,亞洲地區
B03624,2017-06-15,11.430573463439941,英鎊,聯博-亞洲股票基金AD月配英鎊避險級別,yfinance,股票型,亞洲地區
B03624,2017-06-16,11.430573463439941,英鎊,聯博-亞洲股票基金AD月配英鎊避險級別,yfinance,股票型,亞洲地區
B03624,2017-06-19,11.568109512329102,英鎊,聯博-亞洲股票基金AD月配英鎊避險級別,yfinance,股票型,亞洲地區
B03624,2017-06-20,11.552828788757324,英鎊,聯博-亞洲股票基金AD月配英鎊避險級別,yfinance,股票型,亞洲地區
B03624,2017-06-21,11.514625549316406,英鎊,聯博-亞洲股票基金AD月配英鎊避險級別,yfinance,股票型,亞洲地區
B03624,2017-06-22,11.583393096923828,英鎊,聯博-亞洲股票基金AD月配英鎊避險級別,yfinance,股票型,亞洲地區
B03624,2017-06-26,11.720924377441406,英鎊,聯博-亞洲股票基金AD月配英鎊避險級別,yfinance,股票型,亞洲地區
B03624,2017-06-27,11.751490592956543,英鎊,聯博-亞洲股票基金AD月配英鎊避險級別,yfinance,股票型,亞洲地區
B03624,2017-06-28,11.659796714782715,英鎊,聯博-亞洲股票基金AD月配英鎊避險級別,yfinance,股票型,亞洲地區
B03624,2017-06-29,11.728565216064453,英鎊,聯博-亞洲股票基金AD月配英鎊避險級別,yfinance,股票型,亞洲地區
B03624,2017-06-30,11.668771743774414,英鎊,聯博-亞洲股票基金AD月配英鎊避險級別,yfinance,股票型,亞洲地區
B03624,2017-07-03,11.68407917022705,英鎊,聯博-亞洲股票基金AD月配英鎊避險級別,yfinance,股票型,亞洲地區
B03624,2017-07-05,11.607518196105957,英鎊,聯博-亞洲股票基金AD月配英鎊避險級別,yfinance,股票型,亞洲地區
B03624,2017-07-06,11.622825622558594,英鎊,聯博-亞洲股票基金AD月配英鎊避險級別,yfinance,股票型,亞洲地區
B03624,2017-07-07,11.576888084411621,英鎊,聯博-亞洲股票基金AD月配英鎊避險級別,yfinance,股票型,亞洲地區
B03624,2017-07-10,11.68407917022705,英鎊,聯博-亞洲股票基金AD月配英鎊避險級別,yfinance,股票型,亞洲地區
B03624,2017-07-11,11.814247131347656,英鎊,聯博-亞洲股票基金AD月配英鎊避險級別,yfinance,股票型,亞洲地區
B03624,2017-07-12,11.852524757385254,英鎊,聯博-亞洲股票基金AD月配英鎊避險級別,yfinance,股票型,亞洲地區
B03624,2017-07-13,11.982690811157227,英鎊,聯博-亞洲股票基金AD月配英鎊避險級別,yfinance,股票型,亞洲地區
B03624,2017-07-14,12.043938636779785,英鎊,聯博-亞洲股票基金AD月配英鎊避險級別,yfinance,股票型,亞洲地區
B03624,2017-07-17,12.112855911254883,英鎊,聯博-亞洲股票基金AD月配英鎊避險級別,yfinance,股票型,亞洲地區
B03624,2017-07-18,12.1970796585083,英鎊,聯博-亞洲股票基金AD月配英鎊避險級別,yfinance,股票型,亞洲地區
B03624,2017-07-19,12.258325576782227,英鎊,聯博-亞洲股票基金AD月配英鎊避險級別,yfinance,股票型,亞洲地區
B03624,2017-07-20,12.26598834991455,英鎊,聯博-亞洲股票基金AD月配英鎊避險級別,yfinance,股票型,亞洲地區
B03624,2017-07-21,12.304272651672363,英鎊,聯博-亞洲股票基金AD月配英鎊避險級別,yfinance,股票型,亞洲地區
B03624,2017-07-24,12.380841255187988,英鎊,聯博-亞洲股票基金AD月配英鎊避險級別,yfinance,股票型,亞洲地區
B03624,2017-07-25,12.35787296295166,英鎊,聯博-亞洲股票基金AD月配英鎊避險級別,yfinance,股票型,亞洲地區
B03624,2017-07-26,12.319587707519531,英鎊,聯博-亞洲股票基金AD月配英鎊避險級別,yfinance,股票型,亞洲地區
B03624,2017-07-27,12.43443489074707,英鎊,聯博-亞洲股票基金AD月配英鎊避險級別,yfinance,股票型,亞洲地區
B03624,2017-07-28,12.26598834991455,英鎊,聯博-亞洲股票基金AD月配英鎊避險級別,yfinance,股票型,亞洲地區
B03624,2017-07-31,12.321151733398438,英鎊,聯博-亞洲股票基金AD月配英鎊避險級別,yfinance,股票型,亞洲地區
B03624,2017-08-01,12.37485122680664,英鎊,聯博-亞洲股票基金AD月配英鎊避險級別,yfinance,股票型,亞洲地區
B03624,2017-08-02,12.43622875213623,英鎊,聯博-亞洲股票基金AD月配英鎊避險級別,yfinance,股票型,亞洲地區
B03624,2017-08-03,12.34416675567627,英鎊,聯博-亞洲股票基金AD月配英鎊避險級別,yfinance,股票型,亞洲地區
B03624,2017-08-04,12.382527351379395,英鎊,聯博-亞洲股票基金AD月配英鎊避險級別,yfinance,股票型,亞洲地區
B03624,2017-08-07,12.428556442260742,英鎊,聯博-亞洲股票基金AD月配英鎊避險級別,yfinance,股票型,亞洲地區
B03624,2017-08-08,12.474589347839355,英鎊,聯博-亞洲股票基金AD月配英鎊避險級別,yfinance,股票型,亞洲地區
B03624,2017-08-09,12.3902006149292,英鎊,聯博-亞洲股票基金AD月配英鎊避險級別,yfinance,股票型,亞洲地區
B03624,2017-08-10,12.206071853637695,英鎊,聯博-亞洲股票基金AD月配英鎊避險級別,yfinance,股票型,亞洲地區
B03624,2017-08-11,11.96056842803955,英鎊,聯博-亞洲股票基金AD月配英鎊避險級別,yfinance,股票型,亞洲地區
B03624,2017-08-14,12.090987205505371,英鎊,聯博-亞洲股票基金AD月配英鎊避險級別,yfinance,股票型,亞洲地區
B03624,2017-08-16,12.229084968566895,英鎊,聯博-亞洲股票基金AD月配英鎊避險級別,yfinance,股票型,亞洲地區
B03624,2017-08-17,12.213743209838867,英鎊,聯博-亞洲股票基金AD月配英鎊避險級別,yfinance,股票型,亞洲地區
B03624,2017-08-18,12.1370210647583,英鎊,聯博-亞洲股票基金AD月配英鎊避險級別,yfinance,股票型,亞洲地區
B03624,2017-08-21,12.183058738708496,英鎊,聯博-亞洲股票基金AD月配英鎊避險級別,yfinance,股票型,亞洲地區
B03624,2017-08-22,12.290458679199219,英鎊,聯博-亞洲股票基金AD月配英鎊避險級別,yfinance,股票型,亞洲地區
B03624,2017-08-23,12.32882022857666,英鎊,聯博-亞洲股票基金AD月配英鎊避險級別,yfinance,股票型,亞洲地區
B03624,2017-08-24,12.34416675567627,英鎊,聯博-亞洲股票基金AD月配英鎊避險級別,yfinance,股票型,亞洲地區
B03624,2017-08-25,12.428556442260742,英鎊,聯博-亞洲股票基金AD月配英鎊避險級別,yfinance,股票型,亞洲地區
B03624,2017-08-29,12.313474655151367,英鎊,聯博-亞洲股票基金AD月配英鎊避險級別,yfinance,股票型,亞洲地區
B03624,2017-08-30,12.451574325561523,英鎊,聯博-亞洲股票基金AD月配英鎊避險級別,yfinance,股票型,亞洲地區
B03624,2017-08-31,12.399227142333984,英鎊,聯博-亞洲股票基金AD月配英鎊避險級別,yfinance,股票型,亞洲地區
B03624,2017-09-01,12.40691089630127,英鎊,聯博-亞洲股票基金AD月配英鎊避險級別,yfinance,股票型,亞洲地區
B03624,2017-09-05,12.276230812072754,英鎊,聯博-亞洲股票基金AD月配英鎊避險級別,yfinance,股票型,亞洲地區
B03624,2017-09-06,12.199362754821777,英鎊,聯博-亞洲股票基金AD月配英鎊避險級別,yfinance,股票型,亞洲地區
B03624,2017-09-07,12.283917427062988,英鎊,聯博-亞洲股票基金AD月配英鎊避險級別,yfinance,股票型,亞洲地區
B03624,2017-09-08,12.322354316711426,英鎊,聯博-亞洲股票基金AD月配英鎊避險級別,yfinance,股票型,亞洲地區
B03624,2017-09-11,12.399227142333984,英鎊,聯博-亞洲股票基金AD月配英鎊避險級別,yfinance,股票型,亞洲地區
B03624,2017-09-12,12.414602279663086,英鎊,聯博-亞洲股票基金AD月配英鎊避險級別,yfinance,股票型,亞洲地區
B03624,2017-09-13,12.368478775024414,英鎊,聯博-亞洲股票基金AD月配英鎊避險級別,yfinance,股票型,亞洲地區
B03624,2017-09-14,12.35309886932373,英鎊,聯博-亞洲股票基金AD月配英鎊避險級別,yfinance,股票型,亞洲地區
B03624,2017-09-15,12.337726593017578,英鎊,聯博-亞洲股票基金AD月配英鎊避險級別,yfinance,股票型,亞洲地區
B03624,2017-09-18,12.499154090881348,英鎊,聯博-亞洲股票基金AD月配英鎊避險級別,yfinance,股票型,亞洲地區
B03624,2017-09-19,12.445348739624023,英鎊,聯博-亞洲股票基金AD月配英鎊避險級別,yfinance,股票型,亞洲地區
B03624,2017-09-20,12.476096153259277,英鎊,聯博-亞洲股票基金AD月配英鎊避險級別,yfinance,股票型,亞洲地區
B03624,2017-09-21,12.460719108581543,英鎊,聯博-亞洲股票基金AD月配英鎊避險級別,yfinance,股票型,亞洲地區
B03624,2017-09-22,12.360787391662598,英鎊,聯博-亞洲股票基金AD月配英鎊避險級別,yfinance,股票型,亞洲地區
B03624,2017-09-25,12.168614387512207,英鎊,聯博-亞洲股票基金AD月配英鎊避險級別,yfinance,股票型,亞洲地區
B03624,2017-09-26,12.091740608215332,英鎊,聯博-亞洲股票基金AD月配英鎊避險級別,yfinance,股票型,亞洲地區
B03624,2017-09-27,12.137864112854004,英鎊,聯博-亞洲股票基金AD月配英鎊避險級別,yfinance,股票型,亞洲地區
B03624,2017-09-28,12.037933349609375,英鎊,聯博-亞洲股票基金AD月配英鎊避險級別,yfinance,股票型,亞洲地區
B03624,2017-09-29,12.131828308105469,英鎊,聯博-亞洲股票基金AD月配英鎊避險級別,yfinance,股票型,亞洲地區
B03624,2017-10-02,12.162640571594238,英鎊,聯博-亞洲股票基金AD月配英鎊避險級別,yfinance,股票型,亞洲地區
B03624,2017-10-03,12.29358959197998,英鎊,聯博-亞洲股票基金AD月配英鎊避險級別,yfinance,股票型,亞洲地區
B03624,2017-10-04,12.316696166992188,英鎊,聯博-亞洲股票基金AD月配英鎊避險級別,yfinance,股票型,亞洲地區
B03624,2017-10-05,12.332099914550781,英鎊,聯博-亞洲股票基金AD月配英鎊避險級別,yfinance,股票型,亞洲地區
B03624,2017-10-06,12.393722534179688,英鎊,聯博-亞洲股票基金AD月配英鎊避險級別,yfinance,股票型,亞洲地區
B03624,2017-10-09,12.355210304260254,英鎊,聯博-亞洲股票基金AD月配英鎊避險級別,yfinance,股票型,亞洲地區
B03624,2017-10-10,12.50156307220459,英鎊,聯博-亞洲股票基金AD月配英鎊避險級別,yfinance,股票型,亞洲地區
B03624,2017-10-11,12.516966819763184,英鎊,聯博-亞洲股票基金AD月配英鎊避險級別,yfinance,股票型,亞洲地區
B03624,2017-10-12,12.586288452148438,英鎊,聯博-亞洲股票基金AD月配英鎊避險級別,yfinance,股票型,亞洲地區
B03624,2017-10-13,12.593993186950684,英鎊,聯博-亞洲股票基金AD月配英鎊避險級別,yfinance,股票型,亞洲地區
B03624,2017-10-16,12.63250732421875,英鎊,聯博-亞洲股票基金AD月配英鎊避險級別,yfinance,股票型,亞洲地區
B03624,2017-10-17,12.593993186950684,英鎊,聯博-亞洲股票基金AD月配英鎊避險級別,yfinance,股票型,亞洲地區
B03624,2017-10-18,12.601696014404297,英鎊,聯博-亞洲股票基金AD月配英鎊避險級別,yfinance,股票型,亞洲地區
B03624,2017-10-19,12.43994426727295,英鎊,聯博-亞洲股票基金AD月配英鎊避險級別,yfinance,股票型,亞洲地區
B03624,2017-10-20,12.563186645507812,英鎊,聯博-亞洲股票基金AD月配英鎊避險級別,yfinance,股票型,亞洲地區
B03624,2017-10-23,12.540077209472656,英鎊,聯博-亞洲股票基金AD月配英鎊避險級別,yfinance,股票型,亞洲地區
B03624,2017-10-24,12.524665832519531,英鎊,聯博-亞洲股票基金AD月配英鎊避險級別,yfinance,股票型,亞洲地區
B03624,2017-10-25,12.624805450439453,英鎊,聯博-亞洲股票基金AD月配英鎊避險級別,yfinance,股票型,亞洲地區
B03624,2017-10-26,12.540077209472656,英鎊,聯博-亞洲股票基金AD月配英鎊避險級別,yfinance,股票型,亞洲地區
B03624,2017-10-27,12.578583717346191,英鎊,聯博-亞洲股票基金AD月配英鎊避險級別,yfinance,股票型,亞洲地區
B03624,2017-10-30,12.617103576660156,英鎊,聯博-亞洲股票基金AD月配英鎊避險級別,yfinance,股票型,亞洲地區
B03624,2017-10-31,12.657155990600586,英鎊,聯博-亞洲股票基金AD月配英鎊避險級別,yfinance,股票型,亞洲地區
B03624,2017-11-02,12.896409034729004,英鎊,聯博-亞洲股票基金AD月配英鎊避險級別,yfinance,股票型,亞洲地區
B03624,2017-11-03,12.911844253540039,英鎊,聯博-亞洲股票基金AD月配英鎊避險級別,yfinance,股票型,亞洲地區
B03624,2017-11-06,12.865540504455566,英鎊,聯博-亞洲股票基金AD月配英鎊避險級別,yfinance,股票型,亞洲地區
B03624,2017-11-07,12.958152770996094,英鎊,聯博-亞洲股票基金AD月配英鎊避險級別,yfinance,股票型,亞洲地區
B03624,2017-11-08,12.873257637023926,英鎊,聯博-亞洲股票基金AD月配英鎊避險級別,yfinance,股票型,亞洲地區
B03624,2017-11-09,12.888692855834961,英鎊,聯博-亞洲股票基金AD月配英鎊避險級別,yfinance,股票型,亞洲地區
B03624,2017-11-10,12.873257637023926,英鎊,聯博-亞洲股票基金AD月配英鎊避險級別,yfinance,股票型,亞洲地區
B03624,2017-11-13,12.811515808105469,英鎊,聯博-亞洲股票基金AD月配英鎊避險級別,yfinance,股票型,亞洲地區
B03624,2017-11-14,12.765209197998047,英鎊,聯博-亞洲股票基金AD月配英鎊避險級別,yfinance,股票型,亞洲地區
B03624,2017-11-15,12.664874076843262,英鎊,聯博-亞洲股票基金AD月配英鎊避險級別,yfinance,股票型,亞洲地區
B03624,2017-11-16,12.803796768188477,英鎊,聯博-亞洲股票基金AD月配英鎊避險級別,yfinance,股票型,亞洲地區
B03624,2017-11-17,12.865540504455566,英鎊,聯博-亞洲股票基金AD月配英鎊避險級別,yfinance,股票型,亞洲地區
B03624,2017-11-20,12.826949119567871,英鎊,聯博-亞洲股票基金AD月配英鎊避險級別,yfinance,股票型,亞洲地區
B03624,2017-11-21,12.958152770996094,英鎊,聯博-亞洲股票基金AD月配英鎊避險級別,yfinance,股票型,亞洲地區
B03624,2017-11-22,13.0044584274292,英鎊,聯博-亞洲股票基金AD月配英鎊避險級別,yfinance,股票型,亞洲地區
B03624,2017-11-24,13.066203117370605,英鎊,聯博-亞洲股票基金AD月配英鎊避險級別,yfinance,股票型,亞洲地區
B03624,2017-11-27,12.904125213623047,英鎊,聯博-亞洲股票基金AD月配英鎊避險級別,yfinance,股票型,亞洲地區
B03624,2017-11-28,12.950432777404785,英鎊,聯博-亞洲股票基金AD月配英鎊避險級別,yfinance,股票型,亞洲地區
B03624,2017-11-29,12.942713737487793,英鎊,聯博-亞洲股票基金AD月配英鎊避險級別,yfinance,股票型,亞洲地區
B03624,2017-11-30,12.75086784362793,英鎊,聯博-亞洲股票基金AD月配英鎊避險級別,yfinance,股票型,亞洲地區
B03624,2017-12-01,12.634882926940918,英鎊,聯博-亞洲股票基金AD月配英鎊避險級別,yfinance,股票型,亞洲地區
B03624,2017-12-04,12.696744918823242,英鎊,聯博-亞洲股票基金AD月配英鎊避險級別,yfinance,股票型,亞洲地區
B03624,2017-12-05,12.634882926940918,英鎊,聯博-亞洲股票基金AD月配英鎊避險級別,yfinance,股票型,亞洲地區
B03624,2017-12-06,12.356514930725098,英鎊,聯博-亞洲股票基金AD月配英鎊避險級別,yfinance,股票型,亞洲地區
B03624,2017-12-07,12.348783493041992,英鎊,聯博-亞洲股票基金AD月配英鎊避險級別,yfinance,股票型,亞洲地區
B03624,2017-12-08,12.53436279296875,英鎊,聯博-亞洲股票基金AD月配英鎊避險級別,yfinance,股票型,亞洲地區
B03624,2017-12-11,12.673548698425293,英鎊,聯博-亞洲股票基金AD月配英鎊避險級別,yfinance,股票型,亞洲地區
B03624,2017-12-12,12.503430366516113,英鎊,聯博-亞洲股票基金AD月配英鎊避險級別,yfinance,股票型,亞洲地區
B03624,2017-12-13,12.704480171203613,英鎊,聯博-亞洲股票基金AD月配英鎊避險級別,yfinance,股票型,亞洲地區
B03624,2017-12-14,12.719949722290039,英鎊,聯博-亞洲股票基金AD月配英鎊避險級別,yfinance,股票型,亞洲地區
B03624,2017-12-15,12.658086776733398,英鎊,聯博-亞洲股票基金AD月配英鎊避險級別,yfinance,股票型,亞洲地區
B03624,2017-12-18,12.696744918823242,英鎊,聯博-亞洲股票基金AD月配英鎊避險級別,yfinance,股票型,亞洲地區
B03624,2017-12-19,12.781795501708984,英鎊,聯博-亞洲股票基金AD月配英鎊避險級別,yfinance,股票型,亞洲地區
B03624,2017-12-20,12.820466995239258,英鎊,聯博-亞洲股票基金AD月配英鎊避險級別,yfinance,股票型,亞洲地區
B03624,2017-12-21,12.81273365020752,英鎊,聯博-亞洲股票基金AD月配英鎊避險級別,yfinance,股票型,亞洲地區
B03624,2017-12-22,12.890059471130371,英鎊,聯博-亞洲股票基金AD月配英鎊避險級別,yfinance,股票型,亞洲地區
B03624,2017-12-27,12.874589920043945,英鎊,聯博-亞洲股票基金AD月配英鎊避險級別,yfinance,股票型,亞洲地區
B03624,2017-12-28,12.998315811157227,英鎊,聯博-亞洲股票基金AD月配英鎊避險級別,yfinance,股票型,亞洲地區
B03624,2017-12-29,13.015275955200195,英鎊,聯博-亞洲股票基金AD月配英鎊避險級別,yfinance,股票型,亞洲地區
B19161,2017-01-03,55.10148620605469,英鎊,瑞銀 (盧森堡) 歐元非投資等級債券基金 (歐元) (英鎊避險) (月配息),yfinance,債券型,全球市場
B19161,2017-01-04,55.18893814086914,英鎊,瑞銀 (盧森堡) 歐元非投資等級債券基金 (歐元) (英鎊避險) (月配息),yfinance,債券型,全球市場
B19161,2017-01-05,55.24727249145508,英鎊,瑞銀 (盧森堡) 歐元非投資等級債券基金 (歐元) (英鎊避險) (月配息),yfinance,債券型,全球市場
B19161,2017-01-06,55.24727249145508,英鎊,瑞銀 (盧森堡) 歐元非投資等級債券基金 (歐元) (英鎊避險) (月配息),yfinance,債券型,全球市場
B19161,2017-01-09,55.27057647705078,英鎊,瑞銀 (盧森堡) 歐元非投資等級債券基金 (歐元) (英鎊避險) (月配息),yfinance,債券型,全球市場
B19161,2017-01-10,55.276397705078125,英鎊,瑞銀 (盧森堡) 歐元非投資等級債券基金 (歐元) (英鎊避險) (月配息),yfinance,債券型,全球市場
B19161,2017-01-11,55.29390335083008,英鎊,瑞銀 (盧森堡) 歐元非投資等級債券基金 (歐元) (英鎊避險) (月配息),yfinance,債券型,全球市場
B19161,2017-01-12,55.276397705078125,英鎊,瑞銀 (盧森堡) 歐元非投資等級債券基金 (歐元) (英鎊避險) (月配息),yfinance,債券型,全球市場
B19161,2017-01-13,55.317237854003906,英鎊,瑞銀 (盧森堡) 歐元非投資等級債券基金 (歐元) (英鎊避險) (月配息),yfinance,債券型,全球市場
B19161,2017-01-16,55.34638595581055,英鎊,瑞銀 (盧森堡) 歐元非投資等級債券基金 (歐元) (英鎊避險) (月配息),yfinance,債券型,全球市場
B19161,2017-01-17,55.340545654296875,英鎊,瑞銀 (盧森堡) 歐元非投資等級債券基金 (歐元) (英鎊避險) (月配息),yfinance,債券型,全球市場
B19161,2017-01-18,55.35808181762695,英鎊,瑞銀 (盧森堡) 歐元非投資等級債券基金 (歐元) (英鎊避險) (月配息),yfinance,債券型,全球市場
B19161,2017-01-19,55.38739776611328,英鎊,瑞銀 (盧森堡) 歐元非投資等級債券基金 (歐元) (英鎊避險) (月配息),yfinance,債券型,全球市場
B19161,2017-01-20,55.194026947021484,英鎊,瑞銀 (盧森堡) 歐元非投資等級債券基金 (歐元) (英鎊避險) (月配息),yfinance,債券型,全球市場
B19161,2017-01-23,55.416690826416016,英鎊,瑞銀 (盧森堡) 歐元非投資等級債券基金 (歐元) (英鎊避險) (月配息),yfinance,債券型,全球市場
B19161,2017-01-24,55.41082000732422,英鎊,瑞銀 (盧森堡) 歐元非投資等級債券基金 (歐元) (英鎊避險) (月配息),yfinance,債券型,全球市場
B19161,2017-01-25,55.46942138671875,英鎊,瑞銀 (盧森堡) 歐元非投資等級債券基金 (歐元) (英鎊避險) (月配息),yfinance,債券型,全球市場
B19161,2017-01-26,55.49870681762695,英鎊,瑞銀 (盧森堡) 歐元非投資等級債券基金 (歐元) (英鎊避險) (月配息),yfinance,債券型,全球市場
B19161,2017-01-27,55.510433197021484,英鎊,瑞銀 (盧森堡) 歐元非投資等級債券基金 (歐元) (英鎊避險) (月配息),yfinance,債券型,全球市場
B19161,2017-01-30,55.48114776611328,英鎊,瑞銀 (盧森堡) 歐元非投資等級債券基金 (歐元) (英鎊避險) (月配息),yfinance,債券型,全球市場
B19161,2017-01-31,55.45186233520508,英鎊,瑞銀 (盧森堡) 歐元非投資等級債券基金 (歐元) (英鎊避險) (月配息),yfinance,債券型,全球市場
B19161,2017-02-01,55.446006774902344,英鎊,瑞銀 (盧森堡) 歐元非投資等級債券基金 (歐元) (英鎊避險) (月配息),yfinance,債券型,全球市場
B19161,2017-02-02,55.47528076171875,英鎊,瑞銀 (盧森堡) 歐元非投資等級債券基金 (歐元) (英鎊避險) (月配息),yfinance,債券型,全球市場
B19161,2017-02-03,55.54558181762695,英鎊,瑞銀 (盧森堡) 歐元非投資等級債券基金 (歐元) (英鎊避險) (月配息),yfinance,債券型,全球市場
B19161,2017-02-06,55.58665084838867,英鎊,瑞銀 (盧森堡) 歐元非投資等級債券基金 (歐元) (英鎊避險) (月配息),yfinance,債券型,全球市場
B19161,2017-02-07,55.58075714111328,英鎊,瑞銀 (盧森堡) 歐元非投資等級債券基金 (歐元) (英鎊避險) (月配息),yfinance,債券型,全球市場
B19161,2017-02-08,55.55730438232422,英鎊,瑞銀 (盧森堡) 歐元非投資等級債券基金 (歐元) (英鎊避險) (月配息),yfinance,債券型,全球市場
B19161,2017-02-09,55.58665084838867,英鎊,瑞銀 (盧森堡) 歐元非投資等級債券基金 (歐元) (英鎊避險) (月配息),yfinance,債券型,全球市場
B19161,2017-02-10,55.60416793823242,英鎊,瑞銀 (盧森堡) 歐元非投資等級債券基金 (歐元) (英鎊避險) (月配息),yfinance,債券型,全球市場
B19161,2017-02-13,55.65107345581055,英鎊,瑞銀 (盧森堡) 歐元非投資等級債券基金 (歐元) (英鎊避險) (月配息),yfinance,債券型,全球市場
B19161,2017-02-14,55.703773498535156,英鎊,瑞銀 (盧森堡) 歐元非投資等級債券基金 (歐元) (英鎊避險) (月配息),yfinance,債券型,全球市場
B19161,2017-02-15,55.76853561401367,英鎊,瑞銀 (盧森堡) 歐元非投資等級債券基金 (歐元) (英鎊避險) (月配息),yfinance,債券型,全球市場
B19161,2017-02-16,55.79801559448242,英鎊,瑞銀 (盧森堡) 歐元非投資等級債券基金 (歐元) (英鎊避險) (月配息),yfinance,債券型,全球市場
B19161,2017-02-17,55.80390167236328,英鎊,瑞銀 (盧森堡) 歐元非投資等級債券基金 (歐元) (英鎊避險) (月配息),yfinance,債券型,全球市場
B19161,2017-02-20,55.856895446777344,英鎊,瑞銀 (盧森堡) 歐元非投資等級債券基金 (歐元) (英鎊避險) (月配息),yfinance,債券型,全球市場
B19161,2017-02-21,55.9157829284668,英鎊,瑞銀 (盧森堡) 歐元非投資等級債券基金 (歐元) (英鎊避險) (月配息),yfinance,債券型,全球市場
B19161,2017-02-22,55.9745979309082,英鎊,瑞銀 (盧森堡) 歐元非投資等級債券基金 (歐元) (英鎊避險) (月配息),yfinance,債券型,全球市場
B19161,2017-02-23,56.009944915771484,英鎊,瑞銀 (盧森堡) 歐元非投資等級債券基金 (歐元) (英鎊避險) (月配息),yfinance,債券型,全球市場
B19161,2017-02-24,56.01585006713867,英鎊,瑞銀 (盧森堡) 歐元非投資等級債券基金 (歐元) (英鎊避險) (月配息),yfinance,債券型,全球市場
B19161,2017-02-27,56.05117416381836,英鎊,瑞銀 (盧森堡) 歐元非投資等級債券基金 (歐元) (英鎊避險) (月配息),yfinance,債券型,全球市場
B19161,2017-02-28,56.07469940185547,英鎊,瑞銀 (盧森堡) 歐元非投資等級債券基金 (歐元) (英鎊避險) (月配息),yfinance,債券型,全球市場
B19161,2017-03-01,56.18072509765625,英鎊,瑞銀 (盧森堡) 歐元非投資等級債券基金 (歐元) (英鎊避險) (月配息),yfinance,債券型,全球市場
B19161,2017-03-02,56.233707427978516,英鎊,瑞銀 (盧森堡) 歐元非投資等級債券基金 (歐元) (英鎊避險) (月配息),yfinance,債券型,全球市場
B19161,2017-03-03,56.216007232666016,英鎊,瑞銀 (盧森堡) 歐元非投資等級債券基金 (歐元) (英鎊避險) (月配息),yfinance,債券型,全球市場
B19161,2017-03-06,56.233707427978516,英鎊,瑞銀 (盧森堡) 歐元非投資等級債券基金 (歐元) (英鎊避險) (月配息),yfinance,債券型,全球市場
B19161,2017-03-07,56.216007232666016,英鎊,瑞銀 (盧森堡) 歐元非投資等級債券基金 (歐元) (英鎊避險) (月配息),yfinance,債券型,全球市場
B19161,2017-03-08,56.12770462036133,英鎊,瑞銀 (盧森堡) 歐元非投資等級債券基金 (歐元) (英鎊避險) (月配息),yfinance,債券型,全球市場
B19161,2017-03-09,56.0394172668457,英鎊,瑞銀 (盧森堡) 歐元非投資等級債券基金 (歐元) (英鎊避險) (月配息),yfinance,債券型,全球市場
B19161,2017-03-10,56.02171325683594,英鎊,瑞銀 (盧森堡) 歐元非投資等級債券基金 (歐元) (英鎊避險) (月配息),yfinance,債券型,全球市場
B19161,2017-03-13,55.99816131591797,英鎊,瑞銀 (盧森堡) 歐元非投資等級債券基金 (歐元) (英鎊避險) (月配息),yfinance,債券型,全球市場
B19161,2017-03-14,55.8980827331543,英鎊,瑞銀 (盧森堡) 歐元非投資等級債券基金 (歐元) (英鎊避險) (月配息),yfinance,債券型,全球市場
B19161,2017-03-15,55.92768859863281,英鎊,瑞銀 (盧森堡) 歐元非投資等級債券基金 (歐元) (英鎊避險) (月配息),yfinance,債券型,全球市場
B19161,2017-03-16,56.0460090637207,英鎊,瑞銀 (盧森堡) 歐元非投資等級債券基金 (歐元) (英鎊避險) (月配息),yfinance,債券型,全球市場
B19161,2017-03-17,56.06373596191406,英鎊,瑞銀 (盧森堡) 歐元非投資等級債券基金 (歐元) (英鎊避險) (月配息),yfinance,債券型,全球市場
B19161,2017-03-20,56.08148956298828,英鎊,瑞銀 (盧森堡) 歐元非投資等級債券基金 (歐元) (英鎊避險) (月配息),yfinance,債券型,全球市場
B19161,2017-03-21,56.0873908996582,英鎊,瑞銀 (盧森堡) 歐元非投資等級債券基金 (歐元) (英鎊避險) (月配息),yfinance,債券型,全球市場
B19161,2017-03-22,56.02824020385742,英鎊,瑞銀 (盧森堡) 歐元非投資等級債券基金 (歐元) (英鎊避險) (月配息),yfinance,債券型,全球市場
B19161,2017-03-23,56.057838439941406,英鎊,瑞銀 (盧森堡) 歐元非投資等級債券基金 (歐元) (英鎊避險) (月配息),yfinance,債券型,全球市場
B19161,2017-03-24,55.850765228271484,英鎊,瑞銀 (盧森堡) 歐元非投資等級債券基金 (歐元) (英鎊避險) (月配息),yfinance,債券型,全球市場
B19161,2017-03-27,55.838905334472656,英鎊,瑞銀 (盧森堡) 歐元非投資等級債券基金 (歐元) (英鎊避險) (月配息),yfinance,債券型,全球市場
B19161,2017-03-28,56.1229133605957,英鎊,瑞銀 (盧森堡) 歐元非投資等級債券基金 (歐元) (英鎊避險) (月配息),yfinance,債券型,全球市場
B19161,2017-03-29,56.16432189941406,英鎊,瑞銀 (盧森堡) 歐元非投資等級債券基金 (歐元) (英鎊避險) (月配息),yfinance,債券型,全球市場
B19161,2017-03-30,56.18208694458008,英鎊,瑞銀 (盧森堡) 歐元非投資等級債券基金 (歐元) (英鎊避險) (月配息),yfinance,債券型,全球市場
B19161,2017-03-31,56.199806213378906,英鎊,瑞銀 (盧森堡) 歐元非投資等級債券基金 (歐元) (英鎊避險) (月配息),yfinance,債券型,全球市場
B19161,2017-04-03,56.22938919067383,英鎊,瑞銀 (盧森堡) 歐元非投資等級債券基金 (歐元) (英鎊避險) (月配息),yfinance,債券型,全球市場
B19161,2017-04-04,56.22347640991211,英鎊,瑞銀 (盧森堡) 歐元非投資等級債券基金 (歐元) (英鎊避險) (月配息),yfinance,債券型,全球市場
B19161,2017-04-05,56.24124526977539,英鎊,瑞銀 (盧森堡) 歐元非投資等級債券基金 (歐元) (英鎊避險) (月配息),yfinance,債券型,全球市場
B19161,2017-04-06,56.23531723022461,英鎊,瑞銀 (盧森堡) 歐元非投資等級債券基金 (歐元) (英鎊避險) (月配息),yfinance,債券型,全球市場
B19161,2017-04-07,56.264915466308594,英鎊,瑞銀 (盧森堡) 歐元非投資等級債券基金 (歐元) (英鎊避險) (月配息),yfinance,債券型,全球市場
B19161,2017-04-10,56.28855895996094,英鎊,瑞銀 (盧森堡) 歐元非投資等級債券基金 (歐元) (英鎊避險) (月配息),yfinance,債券型,全球市場
B19161,2017-04-11,56.28262710571289,英鎊,瑞銀 (盧森堡) 歐元非投資等級債券基金 (歐元) (英鎊避險) (月配息),yfinance,債券型,全球市場
B19161,2017-04-12,56.294471740722656,英鎊,瑞銀 (盧森堡) 歐元非投資等級債券基金 (歐元) (英鎊避險) (月配息),yfinance,債券型,全球市場
B19161,2017-04-13,56.300392150878906,英鎊,瑞銀 (盧森堡) 歐元非投資等級債券基金 (歐元) (英鎊避險) (月配息),yfinance,債券型,全球市場
B19161,2017-04-18,56.32419967651367,英鎊,瑞銀 (盧森堡) 歐元非投資等級債券基金 (歐元) (英鎊避險) (月配息),yfinance,債券型,全球市場
B19161,2017-04-19,56.33603286743164,英鎊,瑞銀 (盧森堡) 歐元非投資等級債券基金 (歐元) (英鎊避險) (月配息),yfinance,債券型,全球市場
B19161,2017-04-20,56.359840393066406,英鎊,瑞銀 (盧森堡) 歐元非投資等級債券基金 (歐元) (英鎊避險) (月配息),yfinance,債券型,全球市場
B19161,2017-04-21,56.383583068847656,英鎊,瑞銀 (盧森堡) 歐元非投資等級債券基金 (歐元) (英鎊避險) (月配息),yfinance,債券型,全球市場
B19161,2017-04-24,56.58566665649414,英鎊,瑞銀 (盧森堡) 歐元非投資等級債券基金 (歐元) (英鎊避險) (月配息),yfinance,債券型,全球市場
B19161,2017-04-25,56.64508056640625,英鎊,瑞銀 (盧森堡) 歐元非投資等級債券基金 (歐元) (英鎊避險) (月配息),yfinance,債券型,全球市場
B19161,2017-04-26,56.71046829223633,英鎊,瑞銀 (盧森堡) 歐元非投資等級債券基金 (歐元) (英鎊避險) (月配息),yfinance,債券型,全球市場
B19161,2017-04-27,56.74609375,英鎊,瑞銀 (盧森堡) 歐元非投資等級債券基金 (歐元) (英鎊避險) (月配息),yfinance,債券型,全球市場
B19161,2017-04-28,56.799560546875,英鎊,瑞銀 (盧森堡) 歐元非投資等級債券基金 (歐元) (英鎊避險) (月配息),yfinance,債券型,全球市場
B19161,2017-05-02,56.9124870300293,英鎊,瑞銀 (盧森堡) 歐元非投資等級債券基金 (歐元) (英鎊避險) (月配息),yfinance,債券型,全球市場
B19161,2017-05-03,56.9719123840332,英鎊,瑞銀 (盧森堡) 歐元非投資等級債券基金 (歐元) (英鎊避險) (月配息),yfinance,債券型,全球市場
B19161,2017-05-04,57.03730010986328,英鎊,瑞銀 (盧森堡) 歐元非投資等級債券基金 (歐元) (英鎊避險) (月配息),yfinance,債券型,全球市場
B19161,2017-05-05,57.031341552734375,英鎊,瑞銀 (盧森堡) 歐元非投資等級債券基金 (歐元) (英鎊避險) (月配息),yfinance,債券型,全球市場
B19161,2017-05-08,57.09080123901367,英鎊,瑞銀 (盧森堡) 歐元非投資等級債券基金 (歐元) (英鎊避險) (月配息),yfinance,債券型,全球市場
B19161,2017-05-09,57.13832092285156,英鎊,瑞銀 (盧森堡) 歐元非投資等級債券基金 (歐元) (英鎊避險) (月配息),yfinance,債券型,全球市場
B19161,2017-05-10,57.19180679321289,英鎊,瑞銀 (盧森堡) 歐元非投資等級債券基金 (歐元) (英鎊避險) (月配息),yfinance,債券型,全球市場
B19161,2017-05-11,57.22743606567383,英鎊,瑞銀 (盧森堡) 歐元非投資等級債券基金 (歐元) (英鎊避險) (月配息),yfinance,債券型,全球市場
B19161,2017-05-12,57.23340606689453,英鎊,瑞銀 (盧森堡) 歐元非投資等級債券基金 (歐元) (英鎊避險) (月配息),yfinance,債券型,全球市場
B19161,2017-05-15,57.26325225830078,英鎊,瑞銀 (盧森堡) 歐元非投資等級債券基金 (歐元) (英鎊避險) (月配息),yfinance,債券型,全球市場
B19161,2017-05-16,57.2931022644043,英鎊,瑞銀 (盧森堡) 歐元非投資等級債券基金 (歐元) (英鎊避險) (月配息),yfinance,債券型,全球市場
B19161,2017-05-17,57.245304107666016,英鎊,瑞銀 (盧森堡) 歐元非投資等級債券基金 (歐元) (英鎊避險) (月配息),yfinance,債券型,全球市場
B19161,2017-05-18,57.102081298828125,英鎊,瑞銀 (盧森堡) 歐元非投資等級債券基金 (歐元) (英鎊避險) (月配息),yfinance,債券型,全球市場
B19161,2017-05-19,57.19157409667969,英鎊,瑞銀 (盧森堡) 歐元非投資等級債券基金 (歐元) (英鎊避險) (月配息),yfinance,債券型,全球市場
B19161,2017-05-22,57.25128936767578,英鎊,瑞銀 (盧森堡) 歐元非投資等級債券基金 (歐元) (英鎊避險) (月配息),yfinance,債券型,全球市場
B19161,2017-05-23,57.2811393737793,英鎊,瑞銀 (盧森堡) 歐元非投資等級債券基金 (歐元) (英鎊避險) (月配息),yfinance,債券型,全球市場
B19161,2017-05-24,57.31696701049805,英鎊,瑞銀 (盧森堡) 歐元非投資等級債券基金 (歐元) (英鎊避險) (月配息),yfinance,債券型,全球市場
B19161,2017-05-26,57.388572692871094,英鎊,瑞銀 (盧森堡) 歐元非投資等級債券基金 (歐元) (英鎊避險) (月配息),yfinance,債券型,全球市場
B19161,2017-05-30,57.430355072021484,英鎊,瑞銀 (盧森堡) 歐元非投資等級債券基金 (歐元) (英鎊避險) (月配息),yfinance,債券型,全球市場
B19161,2017-05-31,57.4602165222168,英鎊,瑞銀 (盧森堡) 歐元非投資等級債券基金 (歐元) (英鎊避險) (月配息),yfinance,債券型,全球市場
B19161,2017-06-01,57.47809600830078,英鎊,瑞銀 (盧森堡) 歐元非投資等級債券基金 (歐元) (英鎊避險) (月配息),yfinance,債券型,全球市場
B19161,2017-06-02,57.53184509277344,英鎊,瑞銀 (盧森堡) 歐元非投資等級債券基金 (歐元) (英鎊避險) (月配息),yfinance,債券型,全球市場
B19161,2017-06-06,57.555721282958984,英鎊,瑞銀 (盧森堡) 歐元非投資等級債券基金 (歐元) (英鎊避險) (月配息),yfinance,債券型,全球市場
B19161,2017-06-07,57.555721282958984,英鎊,瑞銀 (盧森堡) 歐元非投資等級債券基金 (歐元) (英鎊避險) (月配息),yfinance,債券型,全球市場
B19161,2017-06-08,57.543785095214844,英鎊,瑞銀 (盧森堡) 歐元非投資等級債券基金 (歐元) (英鎊避險) (月配息),yfinance,債券型,全球市場
B19161,2017-06-09,57.53184509277344,英鎊,瑞銀 (盧森堡) 歐元非投資等級債券基金 (歐元) (英鎊避險) (月配息),yfinance,債券型,全球市場
B19161,2017-06-12,57.555721282958984,英鎊,瑞銀 (盧森堡) 歐元非投資等級債券基金 (歐元) (英鎊避險) (月配息),yfinance,債券型,全球市場
B19161,2017-06-13,57.59151840209961,英鎊,瑞銀 (盧森堡) 歐元非投資等級債券基金 (歐元) (英鎊避險) (月配息),yfinance,債券型,全球市場
B19161,2017-06-14,57.66313552856445,英鎊,瑞銀 (盧森堡) 歐元非投資等級債券基金 (歐元) (英鎊避險) (月配息),yfinance,債券型,全球市場
B19161,2017-06-15,57.639156341552734,英鎊,瑞銀 (盧森堡) 歐元非投資等級債券基金 (歐元) (英鎊避險) (月配息),yfinance,債券型,全球市場
B19161,2017-06-16,57.66910934448242,英鎊,瑞銀 (盧森堡) 歐元非投資等級債券基金 (歐元) (英鎊避險) (月配息),yfinance,債券型,全球市場
B19161,2017-06-19,57.729061126708984,英鎊,瑞銀 (盧森堡) 歐元非投資等級債券基金 (歐元) (英鎊避險) (月配息),yfinance,債券型,全球市場
B19161,2017-06-20,57.76505661010742,英鎊,瑞銀 (盧森堡) 歐元非投資等級債券基金 (歐元) (英鎊避險) (月配息),yfinance,債券型,全球市場
B19161,2017-06-21,57.71708297729492,英鎊,瑞銀 (盧森堡) 歐元非投資等級債券基金 (歐元) (英鎊避險) (月配息),yfinance,債券型,全球市場
B19161,2017-06-22,57.67513656616211,英鎊,瑞銀 (盧森堡) 歐元非投資等級債券基金 (歐元) (英鎊避險) (月配息),yfinance,債券型,全球市場
B19161,2017-06-26,57.7410774230957,英鎊,瑞銀 (盧森堡) 歐元非投資等級債券基金 (歐元) (英鎊避險) (月配息),yfinance,債券型,全球市場
B19161,2017-06-27,57.699119567871094,英鎊,瑞銀 (盧森堡) 歐元非投資等級債券基金 (歐元) (英鎊避險) (月配息),yfinance,債券型,全球市場
B19161,2017-06-28,57.65113830566406,英鎊,瑞銀 (盧森堡) 歐元非投資等級債券基金 (歐元) (英鎊避險) (月配息),yfinance,債券型,全球市場
B19161,2017-06-29,57.585205078125,英鎊,瑞銀 (盧森堡) 歐元非投資等級債券基金 (歐元) (英鎊避險) (月配息),yfinance,債券型,全球市場
B19161,2017-06-30,57.51923751831055,英鎊,瑞銀 (盧森堡) 歐元非投資等級債券基金 (歐元) (英鎊避險) (月配息),yfinance,債券型,全球市場
B19161,2017-07-03,57.59718322753906,英鎊,瑞銀 (盧森堡) 歐元非投資等級債券基金 (歐元) (英鎊避險) (月配息),yfinance,債券型,全球市場
B19161,2017-07-04,57.627159118652344,英鎊,瑞銀 (盧森堡) 歐元非投資等級債券基金 (歐元) (英鎊避險) (月配息),yfinance,債券型,全球市場
B19161,2017-07-05,57.6331672668457,英鎊,瑞銀 (盧森堡) 歐元非投資等級債券基金 (歐元) (英鎊避險) (月配息),yfinance,債券型,全球市場
B19161,2017-07-06,57.537261962890625,英鎊,瑞銀 (盧森堡) 歐元非投資等級債券基金 (歐元) (英鎊避險) (月配息),yfinance,債券型,全球市場
B19161,2017-07-07,57.43534851074219,英鎊,瑞銀 (盧森堡) 歐元非投資等級債券基金 (歐元) (英鎊避險) (月配息),yfinance,債券型,全球市場
B19161,2017-07-10,57.43534851074219,英鎊,瑞銀 (盧森堡) 歐元非投資等級債券基金 (歐元) (英鎊避險) (月配息),yfinance,債券型,全球市場
B19161,2017-07-11,57.42333984375,英鎊,瑞銀 (盧森堡) 歐元非投資等級債券基金 (歐元) (英鎊避險) (月配息),yfinance,債券型,全球市場
B19161,2017-07-12,57.52524948120117,英鎊,瑞銀 (盧森堡) 歐元非投資等級債券基金 (歐元) (英鎊避險) (月配息),yfinance,債券型,全球市場
B19161,2017-07-13,57.603172302246094,英鎊,瑞銀 (盧森堡) 歐元非投資等級債券基金 (歐元) (英鎊避險) (月配息),yfinance,債券型,全球市場
B19161,2017-07-14,57.60918045043945,英鎊,瑞銀 (盧森堡) 歐元非投資等級債券基金 (歐元) (英鎊避險) (月配息),yfinance,債券型,全球市場
B19161,2017-07-17,57.65713119506836,英鎊,瑞銀 (盧森堡) 歐元非投資等級債券基金 (歐元) (英鎊避險) (月配息),yfinance,債券型,全球市場
B19161,2017-07-18,57.70531463623047,英鎊,瑞銀 (盧森堡) 歐元非投資等級債券基金 (歐元) (英鎊避險) (月配息),yfinance,債券型,全球市場
B19161,2017-07-19,57.759483337402344,英鎊,瑞銀 (盧森堡) 歐元非投資等級債券基金 (歐元) (英鎊避險) (月配息),yfinance,債券型,全球市場
B19161,2017-07-20,57.825748443603516,英鎊,瑞銀 (盧森堡) 歐元非投資等級債券基金 (歐元) (英鎊避險) (月配息),yfinance,債券型,全球市場
B19161,2017-07-21,57.879905700683594,英鎊,瑞銀 (盧森堡) 歐元非投資等級債券基金 (歐元) (英鎊避險) (月配息),yfinance,債券型,全球市場
B19161,2017-07-24,57.90400314331055,英鎊,瑞銀 (盧森堡) 歐元非投資等級債券基金 (歐元) (英鎊避險) (月配息),yfinance,債券型,全球市場
B19161,2017-07-25,57.9461784362793,英鎊,瑞銀 (盧森堡) 歐元非投資等級債券基金 (歐元) (英鎊避險) (月配息),yfinance,債券型,全球市場
B19161,2017-07-26,57.99433135986328,英鎊,瑞銀 (盧森堡) 歐元非投資等級債券基金 (歐元) (英鎊避險) (月配息),yfinance,債券型,全球市場
B19161,2017-07-27,58.07258987426758,英鎊,瑞銀 (盧森堡) 歐元非投資等級債券基金 (歐元) (英鎊避險) (月配息),yfinance,債券型,全球市場
B19161,2017-07-28,58.07258987426758,英鎊,瑞銀 (盧森堡) 歐元非投資等級債券基金 (歐元) (英鎊避險) (月配息),yfinance,債券型,全球市場
B19161,2017-07-31,58.114707946777344,英鎊,瑞銀 (盧森堡) 歐元非投資等級債券基金 (歐元) (英鎊避險) (月配息),yfinance,債券型,全球市場
B19161,2017-08-01,58.180938720703125,英鎊,瑞銀 (盧森堡) 歐元非投資等級債券基金 (歐元) (英鎊避險) (月配息),yfinance,債券型,全球市場
B19161,2017-08-02,58.24117660522461,英鎊,瑞銀 (盧森堡) 歐元非投資等級債券基金 (歐元) (英鎊避險) (月配息),yfinance,債券型,全球市場
B19161,2017-08-03,58.30742263793945,英鎊,瑞銀 (盧森堡) 歐元非投資等級債券基金 (歐元) (英鎊避險) (月配息),yfinance,債券型,全球市場
B19161,2017-08-04,58.33148193359375,英鎊,瑞銀 (盧森堡) 歐元非投資等級債券基金 (歐元) (英鎊避險) (月配息),yfinance,債券型,全球市場
B19161,2017-08-07,58.37968826293945,英鎊,瑞銀 (盧森堡) 歐元非投資等級債券基金 (歐元) (英鎊避險) (月配息),yfinance,債券型,全球市場
B19161,2017-08-08,58.34957504272461,英鎊,瑞銀 (盧森堡) 歐元非投資等級債券基金 (歐元) (英鎊避險) (月配息),yfinance,債券型,全球市場
B19161,2017-08-09,58.253204345703125,英鎊,瑞銀 (盧森堡) 歐元非投資等級債券基金 (歐元) (英鎊避險) (月配息),yfinance,債券型,全球市場
B19161,2017-08-10,58.199012756347656,英鎊,瑞銀 (盧森堡) 歐元非投資等級債券基金 (歐元) (英鎊避險) (月配息),yfinance,債券型,全球市場
B19161,2017-08-11,58.0966796875,英鎊,瑞銀 (盧森堡) 歐元非投資等級債券基金 (歐元) (英鎊避險) (月配息),yfinance,債券型,全球市場
B19161,2017-08-14,58.18699645996094,英鎊,瑞銀 (盧森堡) 歐元非投資等級債券基金 (歐元) (英鎊避險) (月配息),yfinance,債券型,全球市場
B19161,2017-08-16,58.000328063964844,英鎊,瑞銀 (盧森堡) 歐元非投資等級債券基金 (歐元) (英鎊避險) (月配息),yfinance,債券型,全球市場
B19161,2017-08-17,58.000328063964844,英鎊,瑞銀 (盧森堡) 歐元非投資等級債券基金 (歐元) (英鎊避險) (月配息),yfinance,債券型,全球市場
B19161,2017-08-18,57.95820999145508,英鎊,瑞銀 (盧森堡) 歐元非投資等級債券基金 (歐元) (英鎊避險) (月配息),yfinance,債券型,全球市場
B19161,2017-08-21,57.95820999145508,英鎊,瑞銀 (盧森堡) 歐元非投資等級債券基金 (歐元) (英鎊避險) (月配息),yfinance,債券型,全球市場
B19161,2017-08-22,57.96421813964844,英鎊,瑞銀 (盧森堡) 歐元非投資等級債券基金 (歐元) (英鎊避險) (月配息),yfinance,債券型,全球市場
B19161,2017-08-23,57.96421813964844,英鎊,瑞銀 (盧森堡) 歐元非投資等級債券基金 (歐元) (英鎊避險) (月配息),yfinance,債券型,全球市場
B19161,2017-08-24,57.96421813964844,英鎊,瑞銀 (盧森堡) 歐元非投資等級債券基金 (歐元) (英鎊避險) (月配息),yfinance,債券型,全球市場
B19161,2017-08-25,57.9702262878418,英鎊,瑞銀 (盧森堡) 歐元非投資等級債券基金 (歐元) (英鎊避險) (月配息),yfinance,債券型,全球市場
B19161,2017-08-29,57.97623062133789,英鎊,瑞銀 (盧森堡) 歐元非投資等級債券基金 (歐元) (英鎊避險) (月配息),yfinance,債券型,全球市場
B19161,2017-08-30,57.99433135986328,英鎊,瑞銀 (盧森堡) 歐元非投資等級債券基金 (歐元) (英鎊避險) (月配息),yfinance,債券型,全球市場
B19161,2017-08-31,58.01841354370117,英鎊,瑞銀 (盧森堡) 歐元非投資等級債券基金 (歐元) (英鎊避險) (月配息),yfinance,債券型,全球市場
B19161,2017-09-01,58.0424919128418,英鎊,瑞銀 (盧森堡) 歐元非投資等級債券基金 (歐元) (英鎊避險) (月配息),yfinance,債券型,全球市場
B19161,2017-09-04,58.06056213378906,英鎊,瑞銀 (盧森堡) 歐元非投資等級債券基金 (歐元) (英鎊避險) (月配息),yfinance,債券型,全球市場
B19161,2017-09-05,58.078636169433594,英鎊,瑞銀 (盧森堡) 歐元非投資等級債券基金 (歐元) (英鎊避險) (月配息),yfinance,債券型,全球市場
B19161,2017-09-06,58.084651947021484,英鎊,瑞銀 (盧森堡) 歐元非投資等級債券基金 (歐元) (英鎊避險) (月配息),yfinance,債券型,全球市場
B19161,2017-09-07,58.114707946777344,英鎊,瑞銀 (盧森堡) 歐元非投資等級債券基金 (歐元) (英鎊避險) (月配息),yfinance,債券型,全球市場
B19161,2017-09-08,58.10870361328125,英鎊,瑞銀 (盧森堡) 歐元非投資等級債券基金 (歐元) (英鎊避險) (月配息),yfinance,債券型,全球市場
B19161,2017-09-11,58.132816314697266,英鎊,瑞銀 (盧森堡) 歐元非投資等級債券基金 (歐元) (英鎊避險) (月配息),yfinance,債券型,全球市場
B19161,2017-09-12,58.144832611083984,英鎊,瑞銀 (盧森堡) 歐元非投資等級債券基金 (歐元) (英鎊避險) (月配息),yfinance,債券型,全球市場
B19161,2017-09-13,58.132816314697266,英鎊,瑞銀 (盧森堡) 歐元非投資等級債券基金 (歐元) (英鎊避險) (月配息),yfinance,債券型,全球市場
B19161,2017-09-14,58.132816314697266,英鎊,瑞銀 (盧森堡) 歐元非投資等級債券基金 (歐元) (英鎊避險) (月配息),yfinance,債券型,全球市場
B19161,2017-09-15,58.13883972167969,英鎊,瑞銀 (盧森堡) 歐元非投資等級債券基金 (歐元) (英鎊避險) (月配息),yfinance,債券型,全球市場
B19161,2017-09-18,58.18722915649414,英鎊,瑞銀 (盧森堡) 歐元非投資等級債券基金 (歐元) (英鎊避險) (月配息),yfinance,債券型,全球市場
B19161,2017-09-19,58.22954559326172,英鎊,瑞銀 (盧森堡) 歐元非投資等級債券基金 (歐元) (英鎊避險) (月配息),yfinance,債券型,全球市場
B19161,2017-09-20,58.259803771972656,英鎊,瑞銀 (盧森堡) 歐元非投資等級債券基金 (歐元) (英鎊避險) (月配息),yfinance,債券型,全球市場
B19161,2017-09-21,58.25373840332031,英鎊,瑞銀 (盧森堡) 歐元非投資等級債券基金 (歐元) (英鎊避險) (月配息),yfinance,債券型,全球市場
B19161,2017-09-22,58.265830993652344,英鎊,瑞銀 (盧森堡) 歐元非投資等級債券基金 (歐元) (英鎊避險) (月配息),yfinance,債券型,全球市場
B19161,2017-09-25,58.290042877197266,英鎊,瑞銀 (盧森堡) 歐元非投資等級債券基金 (歐元) (英鎊避險) (月配息),yfinance,債券型,全球市場
B19161,2017-09-26,58.283992767333984,英鎊,瑞銀 (盧森堡) 歐元非投資等級債券基金 (歐元) (英鎊避險) (月配息),yfinance,債券型,全球市場
B19161,2017-09-27,58.290042877197266,英鎊,瑞銀 (盧森堡) 歐元非投資等級債券基金 (歐元) (英鎊避險) (月配息),yfinance,債券型,全球市場
B19161,2017-09-28,58.31425094604492,英鎊,瑞銀 (盧森堡) 歐元非投資等級債券基金 (歐元) (英鎊避險) (月配息),yfinance,債券型,全球市場
B19161,2017-09-29,58.31425094604492,英鎊,瑞銀 (盧森堡) 歐元非投資等級債券基金 (歐元) (英鎊避險) (月配息),yfinance,債券型,全球市場
B19161,2017-10-02,58.368629455566406,英鎊,瑞銀 (盧森堡) 歐元非投資等級債券基金 (歐元) (英鎊避險) (月配息),yfinance,債券型,全球市場
B19161,2017-10-03,58.4109992980957,英鎊,瑞銀 (盧森堡) 歐元非投資等級債券基金 (歐元) (英鎊避險) (月配息),yfinance,債券型,全球市場
B19161,2017-10-04,58.4109992980957,英鎊,瑞銀 (盧森堡) 歐元非投資等級債券基金 (歐元) (英鎊避險) (月配息),yfinance,債券型,全球市場
B19161,2017-10-05,58.44722366333008,英鎊,瑞銀 (盧森堡) 歐元非投資等級債券基金 (歐元) (英鎊避險) (月配息),yfinance,債券型,全球市場
B19161,2017-10-06,58.4714469909668,英鎊,瑞銀 (盧森堡) 歐元非投資等級債券基金 (歐元) (英鎊避險) (月配息),yfinance,債券型,全球市場
B19161,2017-10-09,58.489620208740234,英鎊,瑞銀 (盧森堡) 歐元非投資等級債券基金 (歐元) (英鎊避險) (月配息),yfinance,債券型,全球市場
B19161,2017-10-10,58.501678466796875,英鎊,瑞銀 (盧森堡) 歐元非投資等級債券基金 (歐元) (英鎊避險) (月配息),yfinance,債券型,全球市場
B19161,2017-10-11,58.531925201416016,英鎊,瑞銀 (盧森堡) 歐元非投資等級債券基金 (歐元) (英鎊避險) (月配息),yfinance,債券型,全球市場
B19161,2017-10-12,58.568199157714844,英鎊,瑞銀 (盧森堡) 歐元非投資等級債券基金 (歐元) (英鎊避險) (月配息),yfinance,債券型,全球市場
B19161,2017-10-13,58.60448455810547,英鎊,瑞銀 (盧森堡) 歐元非投資等級債券基金 (歐元) (英鎊避險) (月配息),yfinance,債券型,全球市場
B19161,2017-10-16,58.67740249633789,英鎊,瑞銀 (盧森堡) 歐元非投資等級債券基金 (歐元) (英鎊避險) (月配息),yfinance,債券型,全球市場
B19161,2017-10-17,58.73813247680664,英鎊,瑞銀 (盧森堡) 歐元非投資等級債券基金 (歐元) (英鎊避險) (月配息),yfinance,債券型,全球市場
B19161,2017-10-18,58.804908752441406,英鎊,瑞銀 (盧森堡) 歐元非投資等級債券基金 (歐元) (英鎊避險) (月配息),yfinance,債券型,全球市場
B19161,2017-10-19,58.76847839355469,英鎊,瑞銀 (盧森堡) 歐元非投資等級債券基金 (歐元) (英鎊避險) (月配息),yfinance,債券型,全球市場
B19161,2017-10-20,58.76847839355469,英鎊,瑞銀 (盧森堡) 歐元非投資等級債券基金 (歐元) (英鎊避險) (月配息),yfinance,債券型,全球市場
B19161,2017-10-23,58.7988395690918,英鎊,瑞銀 (盧森堡) 歐元非投資等級債券基金 (歐元) (英鎊避險) (月配息),yfinance,債券型,全球市場
B19161,2017-10-24,58.81706619262695,英鎊,瑞銀 (盧森堡) 歐元非投資等級債券基金 (歐元) (英鎊避險) (月配息),yfinance,債券型,全球市場
B19161,2017-10-25,58.804908752441406,英鎊,瑞銀 (盧森堡) 歐元非投資等級債券基金 (歐元) (英鎊避險) (月配息),yfinance,債券型,全球市場
B19161,2017-10-26,58.81706619262695,英鎊,瑞銀 (盧森堡) 歐元非投資等級債券基金 (歐元) (英鎊避險) (月配息),yfinance,債券型,全球市場
B19161,2017-10-27,58.871734619140625,英鎊,瑞銀 (盧森堡) 歐元非投資等級債券基金 (歐元) (英鎊避險) (月配息),yfinance,債券型,全球市場
B19161,2017-10-30,58.938560485839844,英鎊,瑞銀 (盧森堡) 歐元非投資等級債券基金 (歐元) (英鎊避險) (月配息),yfinance,債券型,全球市場
B19161,2017-10-31,58.99321365356445,英鎊,瑞銀 (盧森堡) 歐元非投資等級債券基金 (歐元) (英鎊避險) (月配息),yfinance,債券型,全球市場
B19161,2017-11-02,59.12075424194336,英鎊,瑞銀 (盧森堡) 歐元非投資等級債券基金 (歐元) (英鎊避險) (月配息),yfinance,債券型,全球市場
B19161,2017-11-03,59.15113067626953,英鎊,瑞銀 (盧森堡) 歐元非投資等級債券基金 (歐元) (英鎊避險) (月配息),yfinance,債券型,全球市場
B19161,2017-11-06,59.17539978027344,英鎊,瑞銀 (盧森堡) 歐元非投資等級債券基金 (歐元) (英鎊避險) (月配息),yfinance,債券型,全球市場
B19161,2017-11-07,59.19361877441406,英鎊,瑞銀 (盧森堡) 歐元非投資等級債券基金 (歐元) (英鎊避險) (月配息),yfinance,債券型,全球市場
B19161,2017-11-08,59.07822036743164,英鎊,瑞銀 (盧森堡) 歐元非投資等級債券基金 (歐元) (英鎊避險) (月配息),yfinance,債券型,全球市場
B19161,2017-11-09,58.938560485839844,英鎊,瑞銀 (盧森堡) 歐元非投資等級債券基金 (歐元) (英鎊避險) (月配息),yfinance,債券型,全球市場
B19161,2017-11-10,58.804908752441406,英鎊,瑞銀 (盧森堡) 歐元非投資等級債券基金 (歐元) (英鎊避險) (月配息),yfinance,債券型,全球市場
B19161,2017-11-13,58.81098937988281,英鎊,瑞銀 (盧森堡) 歐元非投資等級債券基金 (歐元) (英鎊避險) (月配息),yfinance,債券型,全球市場
B19161,2017-11-14,58.65308380126953,英鎊,瑞銀 (盧森堡) 歐元非投資等級債券基金 (歐元) (英鎊避險) (月配息),yfinance,債券型,全球市場
B19161,2017-11-15,58.53715896606445,英鎊,瑞銀 (盧森堡) 歐元非投資等級債券基金 (歐元) (英鎊避險) (月配息),yfinance,債券型,全球市場
B19161,2017-11-16,58.689693450927734,英鎊,瑞銀 (盧森堡) 歐元非投資等級債券基金 (歐元) (英鎊避險) (月配息),yfinance,債券型,全球市場
B19161,2017-11-17,58.68355941772461,英鎊,瑞銀 (盧森堡) 歐元非投資等級債券基金 (歐元) (英鎊避險) (月配息),yfinance,債券型,全球市場
B19161,2017-11-20,58.70187759399414,英鎊,瑞銀 (盧森堡) 歐元非投資等級債券基金 (歐元) (英鎊避險) (月配息),yfinance,債券型,全球市場
B19161,2017-11-21,58.756778717041016,英鎊,瑞銀 (盧森堡) 歐元非投資等級債券基金 (歐元) (英鎊避險) (月配息),yfinance,債券型,全球市場
B19161,2017-11-22,58.78117752075195,英鎊,瑞銀 (盧森堡) 歐元非投資等級債券基金 (歐元) (英鎊避險) (月配息),yfinance,債券型,全球市場
B19161,2017-11-23,58.80559539794922,英鎊,瑞銀 (盧森堡) 歐元非投資等級債券基金 (歐元) (英鎊避險) (月配息),yfinance,債券型,全球市場
B19161,2017-11-24,58.83000946044922,英鎊,瑞銀 (盧森堡) 歐元非投資等級債券基金 (歐元) (英鎊避險) (月配息),yfinance,債券型,全球市場
B19161,2017-11-27,58.84829330444336,英鎊,瑞銀 (盧森堡) 歐元非投資等級債券基金 (歐元) (英鎊避險) (月配息),yfinance,債券型,全球市場
B19161,2017-11-28,58.842185974121094,英鎊,瑞銀 (盧森堡) 歐元非投資等級債券基金 (歐元) (英鎊避險) (月配息),yfinance,債券型,全球市場
B19161,2017-11-29,58.81777572631836,英鎊,瑞銀 (盧森堡) 歐元非投資等級債券基金 (歐元) (英鎊避險) (月配息),yfinance,債券型,全球市場
B19161,2017-11-30,58.76898193359375,英鎊,瑞銀 (盧森堡) 歐元非投資等級債券基金 (歐元) (英鎊避險) (月配息),yfinance,債券型,全球市場
B19161,2017-12-01,58.78117752075195,英鎊,瑞銀 (盧森堡) 歐元非投資等級債券基金 (歐元) (英鎊避險) (月配息),yfinance,債券型,全球市場
B19161,2017-12-04,58.76289749145508,英鎊,瑞銀 (盧森堡) 歐元非投資等級債券基金 (歐元) (英鎊避險) (月配息),yfinance,債券型,全球市場
B19161,2017-12-05,58.79338073730469,英鎊,瑞銀 (盧森堡) 歐元非投資等級債券基金 (歐元) (英鎊避險) (月配息),yfinance,債券型,全球市場
B19161,2017-12-06,58.76289749145508,英鎊,瑞銀 (盧森堡) 歐元非投資等級債券基金 (歐元) (英鎊避險) (月配息),yfinance,債券型,全球市場
B19161,2017-12-07,58.75066375732422,英鎊,瑞銀 (盧森堡) 歐元非投資等級債券基金 (歐元) (英鎊避險) (月配息),yfinance,債券型,全球市場
B19161,2017-12-08,58.744590759277344,英鎊,瑞銀 (盧森堡) 歐元非投資等級債券基金 (歐元) (英鎊避險) (月配息),yfinance,債券型,全球市場
B19161,2017-12-11,58.76898193359375,英鎊,瑞銀 (盧森堡) 歐元非投資等級債券基金 (歐元) (英鎊避險) (月配息),yfinance,債券型,全球市場
B19161,2017-12-12,58.78726577758789,英鎊,瑞銀 (盧森堡) 歐元非投資等級債券基金 (歐元) (英鎊避險) (月配息),yfinance,債券型,全球市場
B19161,2017-12-13,58.76898193359375,英鎊,瑞銀 (盧森堡) 歐元非投資等級債券基金 (歐元) (英鎊避險) (月配息),yfinance,債券型,全球市場
B19161,2017-12-14,58.73237609863281,英鎊,瑞銀 (盧森堡) 歐元非投資等級債券基金 (歐元) (英鎊避險) (月配息),yfinance,債券型,全球市場
B19161,2017-12-15,58.732383728027344,英鎊,瑞銀 (盧森堡) 歐元非投資等級債券基金 (歐元) (英鎊避險) (月配息),yfinance,債券型,全球市場
B19161,2017-12-18,58.7507438659668,英鎊,瑞銀 (盧森堡) 歐元非投資等級債券基金 (歐元) (英鎊避險) (月配息),yfinance,債券型,全球市場
B19161,2017-12-19,58.76301574707031,英鎊,瑞銀 (盧森堡) 歐元非投資等級債券基金 (歐元) (英鎊避險) (月配息),yfinance,債券型,全球市場
B19161,2017-12-20,58.775264739990234,英鎊,瑞銀 (盧森堡) 歐元非投資等級債券基金 (歐元) (英鎊避險) (月配息),yfinance,債券型,全球市場
B19161,2017-12-21,58.73850631713867,英鎊,瑞銀 (盧森堡) 歐元非投資等級債券基金 (歐元) (英鎊避險) (月配息),yfinance,債券型,全球市場
B19161,2017-12-22,58.7507438659668,英鎊,瑞銀 (盧森堡) 歐元非投資等級債券基金 (歐元) (英鎊避險) (月配息),yfinance,債券型,全球市場
B19161,2017-12-27,58.83040237426758,英鎊,瑞銀 (盧森堡) 歐元非投資等級債券基金 (歐元) (英鎊避險) (月配息),yfinance,債券型,全球市場
B19161,2017-12-28,58.86104965209961,英鎊,瑞銀 (盧森堡) 歐元非投資等級債券基金 (歐元) (英鎊避險) (月配息),yfinance,債券型,全球市場
B19161,2017-12-29,58.873313903808594,英鎊,瑞銀 (盧森堡) 歐元非投資等級債券基金 (歐元) (英鎊避險) (月配息),yfinance,債券型,全球市場
B19025,2017-01-03,826.510009765625,英鎊,瑞銀 (盧森堡) 英鎊基金,yfinance,貨幣市場,全球市場
B19025,2017-01-04,826.52001953125,英鎊,瑞銀 (盧森堡) 英鎊基金,yfinance,貨幣市場,全球市場
B19025,2017-01-05,826.52001953125,英鎊,瑞銀 (盧森堡) 英鎊基金,yfinance,貨幣市場,全球市場
B19025,2017-01-06,826.510009765625,英鎊,瑞銀 (盧森堡) 英鎊基金,yfinance,貨幣市場,全球市場
B19025,2017-01-09,826.530029296875,英鎊,瑞銀 (盧森堡) 英鎊基金,yfinance,貨幣市場,全球市場
B19025,2017-01-10,826.530029296875,英鎊,瑞銀 (盧森堡) 英鎊基金,yfinance,貨幣市場,全球市場
B19025,2017-01-11,826.5499877929688,英鎊,瑞銀 (盧森堡) 英鎊基金,yfinance,貨幣市場,全球市場
B19025,2017-01-12,826.5499877929688,英鎊,瑞銀 (盧森堡) 英鎊基金,yfinance,貨幣市場,全球市場
B19025,2017-01-13,826.530029296875,英鎊,瑞銀 (盧森堡) 英鎊基金,yfinance,貨幣市場,全球市場
B19025,2017-01-16,826.5399780273438,英鎊,瑞銀 (盧森堡) 英鎊基金,yfinance,貨幣市場,全球市場
B19025,2017-01-17,826.5499877929688,英鎊,瑞銀 (盧森堡) 英鎊基金,yfinance,貨幣市場,全球市場
B19025,2017-01-18,826.5499877929688,英鎊,瑞銀 (盧森堡) 英鎊基金,yfinance,貨幣市場,全球市場
B19025,2017-01-19,826.5499877929688,英鎊,瑞銀 (盧森堡) 英鎊基金,yfinance,貨幣市場,全球市場
B19025,2017-01-20,826.5499877929688,英鎊,瑞銀 (盧森堡) 英鎊基金,yfinance,貨幣市場,全球市場
B19025,2017-01-23,826.5700073242188,英鎊,瑞銀 (盧森堡) 英鎊基金,yfinance,貨幣市場,全球市場
B19025,2017-01-24,826.5599975585938,英鎊,瑞銀 (盧森堡) 英鎊基金,yfinance,貨幣市場,全球市場
B19025,2017-01-25,826.5700073242188,英鎊,瑞銀 (盧森堡) 英鎊基金,yfinance,貨幣市場,全球市場
B19025,2017-01-26,826.5700073242188,英鎊,瑞銀 (盧森堡) 英鎊基金,yfinance,貨幣市場,全球市場
B19025,2017-01-27,826.5800170898438,英鎊,瑞銀 (盧森堡) 英鎊基金,yfinance,貨幣市場,全球市場
B19025,2017-01-30,826.5999755859375,英鎊,瑞銀 (盧森堡) 英鎊基金,yfinance,貨幣市場,全球市場
B19025,2017-01-31,826.5900268554688,英鎊,瑞銀 (盧森堡) 英鎊基金,yfinance,貨幣市場,全球市場
B19025,2017-02-01,826.6099853515625,英鎊,瑞銀 (盧森堡) 英鎊基金,yfinance,貨幣市場,全球市場
B19025,2017-02-02,826.5999755859375,英鎊,瑞銀 (盧森堡) 英鎊基金,yfinance,貨幣市場,全球市場
B19025,2017-02-03,826.5999755859375,英鎊,瑞銀 (盧森堡) 英鎊基金,yfinance,貨幣市場,全球市場
B19025,2017-02-06,826.5900268554688,英鎊,瑞銀 (盧森堡) 英鎊基金,yfinance,貨幣市場,全球市場
B19025,2017-02-07,826.5900268554688,英鎊,瑞銀 (盧森堡) 英鎊基金,yfinance,貨幣市場,全球市場
B19025,2017-02-08,826.6099853515625,英鎊,瑞銀 (盧森堡) 英鎊基金,yfinance,貨幣市場,全球市場
B19025,2017-02-09,826.5800170898438,英鎊,瑞銀 (盧森堡) 英鎊基金,yfinance,貨幣市場,全球市場
B19025,2017-02-10,826.5800170898438,英鎊,瑞銀 (盧森堡) 英鎊基金,yfinance,貨幣市場,全球市場
B19025,2017-02-13,826.5999755859375,英鎊,瑞銀 (盧森堡) 英鎊基金,yfinance,貨幣市場,全球市場
B19025,2017-02-14,826.6099853515625,英鎊,瑞銀 (盧森堡) 英鎊基金,yfinance,貨幣市場,全球市場
B19025,2017-02-15,826.6199951171875,英鎊,瑞銀 (盧森堡) 英鎊基金,yfinance,貨幣市場,全球市場
B19025,2017-02-16,826.6099853515625,英鎊,瑞銀 (盧森堡) 英鎊基金,yfinance,貨幣市場,全球市場
B19025,2017-02-17,826.6199951171875,英鎊,瑞銀 (盧森堡) 英鎊基金,yfinance,貨幣市場,全球市場
B19025,2017-02-20,826.6300048828125,英鎊,瑞銀 (盧森堡) 英鎊基金,yfinance,貨幣市場,全球市場
B19025,2017-02-21,826.6300048828125,英鎊,瑞銀 (盧森堡) 英鎊基金,yfinance,貨幣市場,全球市場
B19025,2017-02-22,826.6400146484375,英鎊,瑞銀 (盧森堡) 英鎊基金,yfinance,貨幣市場,全球市場
B19025,2017-02-23,826.6400146484375,英鎊,瑞銀 (盧森堡) 英鎊基金,yfinance,貨幣市場,全球市場
B19025,2017-02-24,826.6500244140625,英鎊,瑞銀 (盧森堡) 英鎊基金,yfinance,貨幣市場,全球市場
B19025,2017-02-27,826.6699829101562,英鎊,瑞銀 (盧森堡) 英鎊基金,yfinance,貨幣市場,全球市場
B19025,2017-02-28,826.6799926757812,英鎊,瑞銀 (盧森堡) 英鎊基金,yfinance,貨幣市場,全球市場
B19025,2017-03-01,826.7000122070312,英鎊,瑞銀 (盧森堡) 英鎊基金,yfinance,貨幣市場,全球市場
B19025,2017-03-02,826.6799926757812,英鎊,瑞銀 (盧森堡) 英鎊基金,yfinance,貨幣市場,全球市場
B19025,2017-03-03,826.6799926757812,英鎊,瑞銀 (盧森堡) 英鎊基金,yfinance,貨幣市場,全球市場
B19025,2017-03-06,826.6900024414062,英鎊,瑞銀 (盧森堡) 英鎊基金,yfinance,貨幣市場,全球市場
B19025,2017-03-07,826.6900024414062,英鎊,瑞銀 (盧森堡) 英鎊基金,yfinance,貨幣市場,全球市場
B19025,2017-03-08,826.7100219726562,英鎊,瑞銀 (盧森堡) 英鎊基金,yfinance,貨幣市場,全球市場
B19025,2017-03-09,826.7000122070312,英鎊,瑞銀 (盧森堡) 英鎊基金,yfinance,貨幣市場,全球市場
B19025,2017-03-10,826.7100219726562,英鎊,瑞銀 (盧森堡) 英鎊基金,yfinance,貨幣市場,全球市場
B19025,2017-03-13,826.72998046875,英鎊,瑞銀 (盧森堡) 英鎊基金,yfinance,貨幣市場,全球市場
B19025,2017-03-14,826.739990234375,英鎊,瑞銀 (盧森堡) 英鎊基金,yfinance,貨幣市場,全球市場
B19025,2017-03-15,826.739990234375,英鎊,瑞銀 (盧森堡) 英鎊基金,yfinance,貨幣市場,全球市場
B19025,2017-03-16,826.719970703125,英鎊,瑞銀 (盧森堡) 英鎊基金,yfinance,貨幣市場,全球市場
B19025,2017-03-17,826.739990234375,英鎊,瑞銀 (盧森堡) 英鎊基金,yfinance,貨幣市場,全球市場
B19025,2017-03-20,826.760009765625,英鎊,瑞銀 (盧森堡) 英鎊基金,yfinance,貨幣市場,全球市場
B19025,2017-03-21,826.77001953125,英鎊,瑞銀 (盧森堡) 英鎊基金,yfinance,貨幣市場,全球市場
B19025,2017-03-22,826.780029296875,英鎊,瑞銀 (盧森堡) 英鎊基金,yfinance,貨幣市場,全球市場
B19025,2017-03-23,826.760009765625,英鎊,瑞銀 (盧森堡) 英鎊基金,yfinance,貨幣市場,全球市場
B19025,2017-03-24,826.77001953125,英鎊,瑞銀 (盧森堡) 英鎊基金,yfinance,貨幣市場,全球市場
B19025,2017-03-27,826.7899780273438,英鎊,瑞銀 (盧森堡) 英鎊基金,yfinance,貨幣市場,全球市場
B19025,2017-03-28,826.7899780273438,英鎊,瑞銀 (盧森堡) 英鎊基金,yfinance,貨幣市場,全球市場
B19025,2017-03-29,826.8099975585938,英鎊,瑞銀 (盧森堡) 英鎊基金,yfinance,貨幣市場,全球市場
B19025,2017-03-30,826.7999877929688,英鎊,瑞銀 (盧森堡) 英鎊基金,yfinance,貨幣市場,全球市場
B19025,2017-03-31,826.7999877929688,英鎊,瑞銀 (盧森堡) 英鎊基金,yfinance,貨幣市場,全球市場
B19025,2017-04-03,826.7999877929688,英鎊,瑞銀 (盧森堡) 英鎊基金,yfinance,貨幣市場,全球市場
B19025,2017-04-04,826.8099975585938,英鎊,瑞銀 (盧森堡) 英鎊基金,yfinance,貨幣市場,全球市場
B19025,2017-04-05,826.8200073242188,英鎊,瑞銀 (盧森堡) 英鎊基金,yfinance,貨幣市場,全球市場
B19025,2017-04-06,826.7999877929688,英鎊,瑞銀 (盧森堡) 英鎊基金,yfinance,貨幣市場,全球市場
B19025,2017-04-07,826.8099975585938,英鎊,瑞銀 (盧森堡) 英鎊基金,yfinance,貨幣市場,全球市場
B19025,2017-04-10,826.8200073242188,英鎊,瑞銀 (盧森堡) 英鎊基金,yfinance,貨幣市場,全球市場
B19025,2017-04-11,826.8400268554688,英鎊,瑞銀 (盧森堡) 英鎊基金,yfinance,貨幣市場,全球市場
B19025,2017-04-12,826.7999877929688,英鎊,瑞銀 (盧森堡) 英鎊基金,yfinance,貨幣市場,全球市場
B19025,2017-04-13,826.7999877929688,英鎊,瑞銀 (盧森堡) 英鎊基金,yfinance,貨幣市場,全球市場
B19025,2017-04-18,826.8300170898438,英鎊,瑞銀 (盧森堡) 英鎊基金,yfinance,貨幣市場,全球市場
B19025,2017-04-19,826.8400268554688,英鎊,瑞銀 (盧森堡) 英鎊基金,yfinance,貨幣市場,全球市場
B19025,2017-04-20,826.8300170898438,英鎊,瑞銀 (盧森堡) 英鎊基金,yfinance,貨幣市場,全球市場
B19025,2017-04-21,826.8400268554688,英鎊,瑞銀 (盧森堡) 英鎊基金,yfinance,貨幣市場,全球市場
B19025,2017-04-24,826.8499755859375,英鎊,瑞銀 (盧森堡) 英鎊基金,yfinance,貨幣市場,全球市場
B19025,2017-04-25,826.8599853515625,英鎊,瑞銀 (盧森堡) 英鎊基金,yfinance,貨幣市場,全球市場
B19025,2017-04-26,826.8800048828125,英鎊,瑞銀 (盧森堡) 英鎊基金,yfinance,貨幣市場,全球市場
B19025,2017-04-27,826.8599853515625,英鎊,瑞銀 (盧森堡) 英鎊基金,yfinance,貨幣市場,全球市場
B19025,2017-04-28,826.8599853515625,英鎊,瑞銀 (盧森堡) 英鎊基金,yfinance,貨幣市場,全球市場
B19025,2017-05-02,826.8900146484375,英鎊,瑞銀 (盧森堡) 英鎊基金,yfinance,貨幣市場,全球市場
B19025,2017-05-03,826.9099731445312,英鎊,瑞銀 (盧森堡) 英鎊基金,yfinance,貨幣市場,全球市場
B19025,2017-05-04,826.8900146484375,英鎊,瑞銀 (盧森堡) 英鎊基金,yfinance,貨幣市場,全球市場
B19025,2017-05-05,826.8900146484375,英鎊,瑞銀 (盧森堡) 英鎊基金,yfinance,貨幣市場,全球市場
B19025,2017-05-08,826.9000244140625,英鎊,瑞銀 (盧森堡) 英鎊基金,yfinance,貨幣市場,全球市場
B19025,2017-05-09,826.9000244140625,英鎊,瑞銀 (盧森堡) 英鎊基金,yfinance,貨幣市場,全球市場
B19025,2017-05-10,826.9199829101562,英鎊,瑞銀 (盧森堡) 英鎊基金,yfinance,貨幣市場,全球市場
B19025,2017-05-11,826.9000244140625,英鎊,瑞銀 (盧森堡) 英鎊基金,yfinance,貨幣市場,全球市場
B19025,2017-05-12,826.9000244140625,英鎊,瑞銀 (盧森堡) 英鎊基金,yfinance,貨幣市場,全球市場
B19025,2017-05-15,826.9000244140625,英鎊,瑞銀 (盧森堡) 英鎊基金,yfinance,貨幣市場,全球市場
B19025,2017-05-16,826.8900146484375,英鎊,瑞銀 (盧森堡) 英鎊基金,yfinance,貨幣市場,全球市場
B19025,2017-05-17,826.9199829101562,英鎊,瑞銀 (盧森堡) 英鎊基金,yfinance,貨幣市場,全球市場
B19025,2017-05-18,826.9199829101562,英鎊,瑞銀 (盧森堡) 英鎊基金,yfinance,貨幣市場,全球市場
B19025,2017-05-19,826.9199829101562,英鎊,瑞銀 (盧森堡) 英鎊基金,yfinance,貨幣市場,全球市場
B19025,2017-05-22,826.9500122070312,英鎊,瑞銀 (盧森堡) 英鎊基金,yfinance,貨幣市場,全球市場
B19025,2017-05-23,826.97998046875,英鎊,瑞銀 (盧森堡) 英鎊基金,yfinance,貨幣市場,全球市場
B19025,2017-05-24,826.97998046875,英鎊,瑞銀 (盧森堡) 英鎊基金,yfinance,貨幣市場,全球市場
B19025,2017-05-26,826.9500122070312,英鎊,瑞銀 (盧森堡) 英鎊基金,yfinance,貨幣市場,全球市場
B19025,2017-05-30,826.9600219726562,英鎊,瑞銀 (盧森堡) 英鎊基金,yfinance,貨幣市場,全球市場
B19025,2017-05-31,826.97998046875,英鎊,瑞銀 (盧森堡) 英鎊基金,yfinance,貨幣市場,全球市場
B19025,2017-06-01,826.9400024414062,英鎊,瑞銀 (盧森堡) 英鎊基金,yfinance,貨幣市場,全球市場
B19025,2017-06-02,826.9500122070312,英鎊,瑞銀 (盧森堡) 英鎊基金,yfinance,貨幣市場,全球市場
B19025,2017-06-06,826.97998046875,英鎊,瑞銀 (盧森堡) 英鎊基金,yfinance,貨幣市場,全球市場
B19025,2017-06-07,827.0,英鎊,瑞銀 (盧森堡) 英鎊基金,yfinance,貨幣市場,全球市場
B19025,2017-06-08,826.97998046875,英鎊,瑞銀 (盧森堡) 英鎊基金,yfinance,貨幣市場,全球市場
B19025,2017-06-09,826.97998046875,英鎊,瑞銀 (盧森堡) 英鎊基金,yfinance,貨幣市場,全球市場
B19025,2017-06-12,827.0,英鎊,瑞銀 (盧森堡) 英鎊基金,yfinance,貨幣市場,全球市場
B19025,2017-06-13,826.97998046875,英鎊,瑞銀 (盧森堡) 英鎊基金,yfinance,貨幣市場,全球市場
B19025,2017-06-14,827.030029296875,英鎊,瑞銀 (盧森堡) 英鎊基金,yfinance,貨幣市場,全球市場
B19025,2017-06-15,826.97998046875,英鎊,瑞銀 (盧森堡) 英鎊基金,yfinance,貨幣市場,全球市場
B19025,2017-06-16,826.97998046875,英鎊,瑞銀 (盧森堡) 英鎊基金,yfinance,貨幣市場,全球市場
B19025,2017-06-19,826.97998046875,英鎊,瑞銀 (盧森堡) 英鎊基金,yfinance,貨幣市場,全球市場
B19025,2017-06-20,827.030029296875,英鎊,瑞銀 (盧森堡) 英鎊基金,yfinance,貨幣市場,全球市場
B19025,2017-06-21,827.02001953125,英鎊,瑞銀 (盧森堡) 英鎊基金,yfinance,貨幣市場,全球市場
B19025,2017-06-22,826.97998046875,英鎊,瑞銀 (盧森堡) 英鎊基金,yfinance,貨幣市場,全球市場
B19025,2017-06-26,826.969970703125,英鎊,瑞銀 (盧森堡) 英鎊基金,yfinance,貨幣市場,全球市場
B19025,2017-06-27,826.969970703125,英鎊,瑞銀 (盧森堡) 英鎊基金,yfinance,貨幣市場,全球市場
B19025,2017-06-28,826.97998046875,英鎊,瑞銀 (盧森堡) 英鎊基金,yfinance,貨幣市場,全球市場
B19025,2017-06-29,826.9400024414062,英鎊,瑞銀 (盧森堡) 英鎊基金,yfinance,貨幣市場,全球市場
B19025,2017-06-30,826.9400024414062,英鎊,瑞銀 (盧森堡) 英鎊基金,yfinance,貨幣市場,全球市場
B19025,2017-07-03,826.9600219726562,英鎊,瑞銀 (盧森堡) 英鎊基金,yfinance,貨幣市場,全球市場
B19025,2017-07-04,826.9600219726562,英鎊,瑞銀 (盧森堡) 英鎊基金,yfinance,貨幣市場,全球市場
B19025,2017-07-05,826.969970703125,英鎊,瑞銀 (盧森堡) 英鎊基金,yfinance,貨幣市場,全球市場
B19025,2017-07-06,826.9400024414062,英鎊,瑞銀 (盧森堡) 英鎊基金,yfinance,貨幣市場,全球市場
B19025,2017-07-07,826.9500122070312,英鎊,瑞銀 (盧森堡) 英鎊基金,yfinance,貨幣市場,全球市場
B19025,2017-07-10,826.989990234375,英鎊,瑞銀 (盧森堡) 英鎊基金,yfinance,貨幣市場,全球市場
B19025,2017-07-11,826.989990234375,英鎊,瑞銀 (盧森堡) 英鎊基金,yfinance,貨幣市場,全球市場
B19025,2017-07-12,827.010009765625,英鎊,瑞銀 (盧森堡) 英鎊基金,yfinance,貨幣市場,全球市場
B19025,2017-07-13,826.969970703125,英鎊,瑞銀 (盧森堡) 英鎊基金,yfinance,貨幣市場,全球市場
B19025,2017-07-14,826.97998046875,英鎊,瑞銀 (盧森堡) 英鎊基金,yfinance,貨幣市場,全球市場
B19025,2017-07-17,826.97998046875,英鎊,瑞銀 (盧森堡) 英鎊基金,yfinance,貨幣市場,全球市場
B19025,2017-07-18,827.02001953125,英鎊,瑞銀 (盧森堡) 英鎊基金,yfinance,貨幣市場,全球市場
B19025,2017-07-19,827.030029296875,英鎊,瑞銀 (盧森堡) 英鎊基金,yfinance,貨幣市場,全球市場
B19025,2017-07-20,827.010009765625,英鎊,瑞銀 (盧森堡) 英鎊基金,yfinance,貨幣市場,全球市場
B19025,2017-07-21,827.02001953125,英鎊,瑞銀 (盧森堡) 英鎊基金,yfinance,貨幣市場,全球市場
B19025,2017-07-24,827.030029296875,英鎊,瑞銀 (盧森堡) 英鎊基金,yfinance,貨幣市場,全球市場
B19025,2017-07-25,827.02001953125,英鎊,瑞銀 (盧森堡) 英鎊基金,yfinance,貨幣市場,全球市場
B19025,2017-07-26,827.0499877929688,英鎊,瑞銀 (盧森堡) 英鎊基金,yfinance,貨幣市場,全球市場
B19025,2017-07-27,827.0399780273438,英鎊,瑞銀 (盧森堡) 英鎊基金,yfinance,貨幣市場,全球市場
B19025,2017-07-28,827.0399780273438,英鎊,瑞銀 (盧森堡) 英鎊基金,yfinance,貨幣市場,全球市場
B19025,2017-07-31,827.0599975585938,英鎊,瑞銀 (盧森堡) 英鎊基金,yfinance,貨幣市場,全球市場
B19025,2017-08-01,827.0499877929688,英鎊,瑞銀 (盧森堡) 英鎊基金,yfinance,貨幣市場,全球市場
B19025,2017-08-02,827.0499877929688,英鎊,瑞銀 (盧森堡) 英鎊基金,yfinance,貨幣市場,全球市場
B19025,2017-08-03,827.0700073242188,英鎊,瑞銀 (盧森堡) 英鎊基金,yfinance,貨幣市場,全球市場
B19025,2017-08-04,827.0700073242188,英鎊,瑞銀 (盧森堡) 英鎊基金,yfinance,貨幣市場,全球市場
B19025,2017-08-07,827.0999755859375,英鎊,瑞銀 (盧森堡) 英鎊基金,yfinance,貨幣市場,全球市場
B19025,2017-08-08,827.0900268554688,英鎊,瑞銀 (盧森堡) 英鎊基金,yfinance,貨幣市場,全球市場
B19025,2017-08-09,827.0999755859375,英鎊,瑞銀 (盧森堡) 英鎊基金,yfinance,貨幣市場,全球市場
B19025,2017-08-10,827.0800170898438,英鎊,瑞銀 (盧森堡) 英鎊基金,yfinance,貨幣市場,全球市場
B19025,2017-08-11,827.0800170898438,英鎊,瑞銀 (盧森堡) 英鎊基金,yfinance,貨幣市場,全球市場
B19025,2017-08-14,827.0800170898438,英鎊,瑞銀 (盧森堡) 英鎊基金,yfinance,貨幣市場,全球市場
B19025,2017-08-16,827.1099853515625,英鎊,瑞銀 (盧森堡) 英鎊基金,yfinance,貨幣市場,全球市場
B19025,2017-08-17,827.0900268554688,英鎊,瑞銀 (盧森堡) 英鎊基金,yfinance,貨幣市場,全球市場
B19025,2017-08-18,827.0800170898438,英鎊,瑞銀 (盧森堡) 英鎊基金,yfinance,貨幣市場,全球市場
B19025,2017-08-21,827.0999755859375,英鎊,瑞銀 (盧森堡) 英鎊基金,yfinance,貨幣市場,全球市場
B19025,2017-08-22,827.1199951171875,英鎊,瑞銀 (盧森堡) 英鎊基金,yfinance,貨幣市場,全球市場
B19025,2017-08-23,827.1599731445312,英鎊,瑞銀 (盧森堡) 英鎊基金,yfinance,貨幣市場,全球市場
B19025,2017-08-24,827.1199951171875,英鎊,瑞銀 (盧森堡) 英鎊基金,yfinance,貨幣市場,全球市場
B19025,2017-08-25,827.1300048828125,英鎊,瑞銀 (盧森堡) 英鎊基金,yfinance,貨幣市場,全球市場
B19025,2017-08-29,827.1500244140625,英鎊,瑞銀 (盧森堡) 英鎊基金,yfinance,貨幣市場,全球市場
B19025,2017-08-30,827.1599731445312,英鎊,瑞銀 (盧森堡) 英鎊基金,yfinance,貨幣市場,全球市場
B19025,2017-08-31,827.1199951171875,英鎊,瑞銀 (盧森堡) 英鎊基金,yfinance,貨幣市場,全球市場
B19025,2017-09-01,827.1099853515625,英鎊,瑞銀 (盧森堡) 英鎊基金,yfinance,貨幣市場,全球市場
B19025,2017-09-04,827.0999755859375,英鎊,瑞銀 (盧森堡) 英鎊基金,yfinance,貨幣市場,全球市場
B19025,2017-09-05,827.0999755859375,英鎊,瑞銀 (盧森堡) 英鎊基金,yfinance,貨幣市場,全球市場
B19025,2017-09-06,827.0999755859375,英鎊,瑞銀 (盧森堡) 英鎊基金,yfinance,貨幣市場,全球市場
B19025,2017-09-07,827.1199951171875,英鎊,瑞銀 (盧森堡) 英鎊基金,yfinance,貨幣市場,全球市場
B19025,2017-09-08,827.1199951171875,英鎊,瑞銀 (盧森堡) 英鎊基金,yfinance,貨幣市場,全球市場
B19025,2017-09-11,827.1199951171875,英鎊,瑞銀 (盧森堡) 英鎊基金,yfinance,貨幣市場,全球市場
B19025,2017-09-12,827.0900268554688,英鎊,瑞銀 (盧森堡) 英鎊基金,yfinance,貨幣市場,全球市場
B19025,2017-09-13,827.0800170898438,英鎊,瑞銀 (盧森堡) 英鎊基金,yfinance,貨幣市場,全球市場
B19025,2017-09-14,827.030029296875,英鎊,瑞銀 (盧森堡) 英鎊基金,yfinance,貨幣市場,全球市場
B19025,2017-09-15,826.9500122070312,英鎊,瑞銀 (盧森堡) 英鎊基金,yfinance,貨幣市場,全球市場
B19025,2017-09-18,826.989990234375,英鎊,瑞銀 (盧森堡) 英鎊基金,yfinance,貨幣市場,全球市場
B19025,2017-09-19,827.010009765625,英鎊,瑞銀 (盧森堡) 英鎊基金,yfinance,貨幣市場,全球市場
B19025,2017-09-20,827.0399780273438,英鎊,瑞銀 (盧森堡) 英鎊基金,yfinance,貨幣市場,全球市場
B19025,2017-09-21,827.030029296875,英鎊,瑞銀 (盧森堡) 英鎊基金,yfinance,貨幣市場,全球市場
B19025,2017-09-22,827.0399780273438,英鎊,瑞銀 (盧森堡) 英鎊基金,yfinance,貨幣市場,全球市場
B19025,2017-09-25,827.0700073242188,英鎊,瑞銀 (盧森堡) 英鎊基金,yfinance,貨幣市場,全球市場
B19025,2017-09-26,827.0800170898438,英鎊,瑞銀 (盧森堡) 英鎊基金,yfinance,貨幣市場,全球市場
B19025,2017-09-27,827.0800170898438,英鎊,瑞銀 (盧森堡) 英鎊基金,yfinance,貨幣市場,全球市場
B19025,2017-09-28,827.0700073242188,英鎊,瑞銀 (盧森堡) 英鎊基金,yfinance,貨幣市場,全球市場
B19025,2017-09-29,827.0700073242188,英鎊,瑞銀 (盧森堡) 英鎊基金,yfinance,貨幣市場,全球市場
B19025,2017-10-02,827.0900268554688,英鎊,瑞銀 (盧森堡) 英鎊基金,yfinance,貨幣市場,全球市場
B19025,2017-10-03,827.0800170898438,英鎊,瑞銀 (盧森堡) 英鎊基金,yfinance,貨幣市場,全球市場
B19025,2017-10-04,827.0900268554688,英鎊,瑞銀 (盧森堡) 英鎊基金,yfinance,貨幣市場,全球市場
B19025,2017-10-05,827.0700073242188,英鎊,瑞銀 (盧森堡) 英鎊基金,yfinance,貨幣市場,全球市場
B19025,2017-10-06,827.0800170898438,英鎊,瑞銀 (盧森堡) 英鎊基金,yfinance,貨幣市場,全球市場
B19025,2017-10-09,827.0900268554688,英鎊,瑞銀 (盧森堡) 英鎊基金,yfinance,貨幣市場,全球市場
B19025,2017-10-10,827.0700073242188,英鎊,瑞銀 (盧森堡) 英鎊基金,yfinance,貨幣市場,全球市場
B19025,2017-10-11,827.0900268554688,英鎊,瑞銀 (盧森堡) 英鎊基金,yfinance,貨幣市場,全球市場
B19025,2017-10-12,827.0700073242188,英鎊,瑞銀 (盧森堡) 英鎊基金,yfinance,貨幣市場,全球市場
B19025,2017-10-13,827.0700073242188,英鎊,瑞銀 (盧森堡) 英鎊基金,yfinance,貨幣市場,全球市場
B19025,2017-10-16,827.0800170898438,英鎊,瑞銀 (盧森堡) 英鎊基金,yfinance,貨幣市場,全球市場
B19025,2017-10-17,827.0999755859375,英鎊,瑞銀 (盧森堡) 英鎊基金,yfinance,貨幣市場,全球市場
B19025,2017-10-18,827.0999755859375,英鎊,瑞銀 (盧森堡) 英鎊基金,yfinance,貨幣市場,全球市場
B19025,2017-10-19,827.0900268554688,英鎊,瑞銀 (盧森堡) 英鎊基金,yfinance,貨幣市場,全球市場
B19025,2017-10-20,827.0999755859375,英鎊,瑞銀 (盧森堡) 英鎊基金,yfinance,貨幣市場,全球市場
B19025,2017-10-23,827.0999755859375,英鎊,瑞銀 (盧森堡) 英鎊基金,yfinance,貨幣市場,全球市場
B19025,2017-10-24,827.0900268554688,英鎊,瑞銀 (盧森堡) 英鎊基金,yfinance,貨幣市場,全球市場
B19025,2017-10-25,827.0900268554688,英鎊,瑞銀 (盧森堡) 英鎊基金,yfinance,貨幣市場,全球市場
B19025,2017-10-26,827.0700073242188,英鎊,瑞銀 (盧森堡) 英鎊基金,yfinance,貨幣市場,全球市場
B19025,2017-10-27,827.030029296875,英鎊,瑞銀 (盧森堡) 英鎊基金,yfinance,貨幣市場,全球市場
B19025,2017-10-30,827.0399780273438,英鎊,瑞銀 (盧森堡) 英鎊基金,yfinance,貨幣市場,全球市場
B19025,2017-10-31,827.030029296875,英鎊,瑞銀 (盧森堡) 英鎊基金,yfinance,貨幣市場,全球市場
B19025,2017-11-02,826.989990234375,英鎊,瑞銀 (盧森堡) 英鎊基金,yfinance,貨幣市場,全球市場
B19025,2017-11-03,826.9400024414062,英鎊,瑞銀 (盧森堡) 英鎊基金,yfinance,貨幣市場,全球市場
B19025,2017-11-06,826.9600219726562,英鎊,瑞銀 (盧森堡) 英鎊基金,yfinance,貨幣市場,全球市場
B19025,2017-11-07,826.969970703125,英鎊,瑞銀 (盧森堡) 英鎊基金,yfinance,貨幣市場,全球市場
B19025,2017-11-08,826.97998046875,英鎊,瑞銀 (盧森堡) 英鎊基金,yfinance,貨幣市場,全球市場
B19025,2017-11-09,826.9600219726562,英鎊,瑞銀 (盧森堡) 英鎊基金,yfinance,貨幣市場,全球市場
B19025,2017-11-10,826.9600219726562,英鎊,瑞銀 (盧森堡) 英鎊基金,yfinance,貨幣市場,全球市場
B19025,2017-11-13,826.97998046875,英鎊,瑞銀 (盧森堡) 英鎊基金,yfinance,貨幣市場,全球市場
B19025,2017-11-14,826.989990234375,英鎊,瑞銀 (盧森堡) 英鎊基金,yfinance,貨幣市場,全球市場
B19025,2017-11-15,827.010009765625,英鎊,瑞銀 (盧森堡) 英鎊基金,yfinance,貨幣市場,全球市場
B19025,2017-11-16,827.0,英鎊,瑞銀 (盧森堡) 英鎊基金,yfinance,貨幣市場,全球市場
B19025,2017-11-17,827.02001953125,英鎊,瑞銀 (盧森堡) 英鎊基金,yfinance,貨幣市場,全球市場
B19025,2017-11-20,827.0399780273438,英鎊,瑞銀 (盧森堡) 英鎊基金,yfinance,貨幣市場,全球市場
B19025,2017-11-21,827.0499877929688,英鎊,瑞銀 (盧森堡) 英鎊基金,yfinance,貨幣市場,全球市場
B19025,2017-11-22,827.0700073242188,英鎊,瑞銀 (盧森堡) 英鎊基金,yfinance,貨幣市場,全球市場
B19025,2017-11-23,827.0499877929688,英鎊,瑞銀 (盧森堡) 英鎊基金,yfinance,貨幣市場,全球市場
B19025,2017-11-24,827.0599975585938,英鎊,瑞銀 (盧森堡) 英鎊基金,yfinance,貨幣市場,全球市場
B19025,2017-11-27,827.0700073242188,英鎊,瑞銀 (盧森堡) 英鎊基金,yfinance,貨幣市場,全球市場
B19025,2017-11-28,827.0700073242188,英鎊,瑞銀 (盧森堡) 英鎊基金,yfinance,貨幣市場,全球市場
B19025,2017-11-29,827.0599975585938,英鎊,瑞銀 (盧森堡) 英鎊基金,yfinance,貨幣市場,全球市場
B19025,2017-11-30,827.0499877929688,英鎊,瑞銀 (盧森堡) 英鎊基金,yfinance,貨幣市場,全球市場
B19025,2017-12-01,827.0599975585938,英鎊,瑞銀 (盧森堡) 英鎊基金,yfinance,貨幣市場,全球市場
B19025,2017-12-04,827.0800170898438,英鎊,瑞銀 (盧森堡) 英鎊基金,yfinance,貨幣市場,全球市場
B19025,2017-12-05,827.0800170898438,英鎊,瑞銀 (盧森堡) 英鎊基金,yfinance,貨幣市場,全球市場
B19025,2017-12-06,827.0800170898438,英鎊,瑞銀 (盧森堡) 英鎊基金,yfinance,貨幣市場,全球市場
B19025,2017-12-07,827.0599975585938,英鎊,瑞銀 (盧森堡) 英鎊基金,yfinance,貨幣市場,全球市場
B19025,2017-12-08,827.0599975585938,英鎊,瑞銀 (盧森堡) 英鎊基金,yfinance,貨幣市場,全球市場
B19025,2017-12-11,827.0900268554688,英鎊,瑞銀 (盧森堡) 英鎊基金,yfinance,貨幣市場,全球市場
B19025,2017-12-12,827.0900268554688,英鎊,瑞銀 (盧森堡) 英鎊基金,yfinance,貨幣市場,全球市場
B19025,2017-12-13,827.1199951171875,英鎊,瑞銀 (盧森堡) 英鎊基金,yfinance,貨幣市場,全球市場
B19025,2017-12-14,827.1099853515625,英鎊,瑞銀 (盧森堡) 英鎊基金,yfinance,貨幣市場,全球市場
B19025,2017-12-15,827.1199951171875,英鎊,瑞銀 (盧森堡) 英鎊基金,yfinance,貨幣市場,全球市場
B19025,2017-12-18,827.1500244140625,英鎊,瑞銀 (盧森堡) 英鎊基金,yfinance,貨幣市場,全球市場
B19025,2017-12-19,827.1400146484375,英鎊,瑞銀 (盧森堡) 英鎊基金,yfinance,貨幣市場,全球市場
B19025,2017-12-20,827.1599731445312,英鎊,瑞銀 (盧森堡) 英鎊基金,yfinance,貨幣市場,全球市場
B19025,2017-12-21,827.1199951171875,英鎊,瑞銀 (盧森堡) 英鎊基金,yfinance,貨幣市場,全球市場
B19025,2017-12-22,827.1199951171875,英鎊,瑞銀 (盧森堡) 英鎊基金,yfinance,貨幣市場,全球市場
B19025,2017-12-27,827.1799926757812,英鎊,瑞銀 (盧森堡) 英鎊基金,yfinance,貨幣市場,全球市場
B19025,2017-12-28,827.1400146484375,英鎊,瑞銀 (盧森堡) 英鎊基金,yfinance,貨幣市場,全球市場
B19025,2017-12-29,827.1300048828125,英鎊,瑞銀 (盧森堡) 英鎊基金,yfinance,貨幣市場,全球市場
B40024,2017-01-03,143.2866973876953,英鎊,GAM Star日本領先基金累積單位-英鎊,yfinance,股票型,日本
B40024,2017-01-04,147.65870666503906,英鎊,GAM Star日本領先基金累積單位-英鎊,yfinance,股票型,日本
B40024,2017-01-05,148.80780029296875,英鎊,GAM Star日本領先基金累積單位-英鎊,yfinance,股票型,日本
B40024,2017-01-06,149.3988037109375,英鎊,GAM Star日本領先基金累積單位-英鎊,yfinance,股票型,日本
B40024,2017-01-10,151.0135040283203,英鎊,GAM Star日本領先基金累積單位-英鎊,yfinance,股票型,日本
B40024,2017-01-11,150.44850158691406,英鎊,GAM Star日本領先基金累積單位-英鎊,yfinance,股票型,日本
B40024,2017-01-12,149.9185028076172,英鎊,GAM Star日本領先基金累積單位-英鎊,yfinance,股票型,日本
B40024,2017-01-13,151.09449768066406,英鎊,GAM Star日本領先基金累積單位-英鎊,yfinance,股票型,日本
B40024,2017-01-16,152.9044952392578,英鎊,GAM Star日本領先基金累積單位-英鎊,yfinance,股票型,日本
B40024,2017-01-17,150.98410034179688,英鎊,GAM Star日本領先基金累積單位-英鎊,yfinance,股票型,日本
B40024,2017-01-18,149.1884002685547,英鎊,GAM Star日本領先基金累積單位-英鎊,yfinance,股票型,日本
B40024,2017-01-19,148.31109619140625,英鎊,GAM Star日本領先基金累積單位-英鎊,yfinance,股票型,日本
B40024,2017-01-20,148.48280334472656,英鎊,GAM Star日本領先基金累積單位-英鎊,yfinance,股票型,日本
B40024,2017-01-23,146.74209594726562,英鎊,GAM Star日本領先基金累積單位-英鎊,yfinance,股票型,日本
B40024,2017-01-24,146.5751953125,英鎊,GAM Star日本領先基金累積單位-英鎊,yfinance,股票型,日本
B40024,2017-01-25,146.35580444335938,英鎊,GAM Star日本領先基金累積單位-英鎊,yfinance,股票型,日本
B40024,2017-01-26,147.5155029296875,英鎊,GAM Star日本領先基金累積單位-英鎊,yfinance,股票型,日本
B40024,2017-01-27,148.56629943847656,英鎊,GAM Star日本領先基金累積單位-英鎊,yfinance,股票型,日本
B40024,2017-01-30,148.62460327148438,英鎊,GAM Star日本領先基金累積單位-英鎊,yfinance,股票型,日本
B40024,2017-01-31,149.68580627441406,英鎊,GAM Star日本領先基金累積單位-英鎊,yfinance,股票型,日本
B40024,2017-02-01,148.3856964111328,英鎊,GAM Star日本領先基金累積單位-英鎊,yfinance,股票型,日本
B40024,2017-02-02,147.6717071533203,英鎊,GAM Star日本領先基金累積單位-英鎊,yfinance,股票型,日本
B40024,2017-02-03,148.8594970703125,英鎊,GAM Star日本領先基金累積單位-英鎊,yfinance,股票型,日本
B40024,2017-02-06,149.8468017578125,英鎊,GAM Star日本領先基金累積單位-英鎊,yfinance,股票型,日本
B40024,2017-02-07,150.83450317382812,英鎊,GAM Star日本領先基金累積單位-英鎊,yfinance,股票型,日本
B40024,2017-02-08,150.44859313964844,英鎊,GAM Star日本領先基金累積單位-英鎊,yfinance,股票型,日本
B40024,2017-02-09,148.43600463867188,英鎊,GAM Star日本領先基金累積單位-英鎊,yfinance,股票型,日本
B40024,2017-02-10,151.12159729003906,英鎊,GAM Star日本領先基金累積單位-英鎊,yfinance,股票型,日本
B40024,2017-02-13,151.3354949951172,英鎊,GAM Star日本領先基金累積單位-英鎊,yfinance,股票型,日本
B40024,2017-02-14,150.55999755859375,英鎊,GAM Star日本領先基金累積單位-英鎊,yfinance,股票型,日本
B40024,2017-02-15,150.22579956054688,英鎊,GAM Star日本領先基金累積單位-英鎊,yfinance,股票型,日本
B40024,2017-02-16,149.57260131835938,英鎊,GAM Star日本領先基金累積單位-英鎊,yfinance,股票型,日本
B40024,2017-02-17,151.4259033203125,英鎊,GAM Star日本領先基金累積單位-英鎊,yfinance,股票型,日本
B40024,2017-02-20,150.22970581054688,英鎊,GAM Star日本領先基金累積單位-英鎊,yfinance,股票型,日本
B40024,2017-02-21,150.69290161132812,英鎊,GAM Star日本領先基金累積單位-英鎊,yfinance,股票型,日本
B40024,2017-02-22,150.74569702148438,英鎊,GAM Star日本領先基金累積單位-英鎊,yfinance,股票型,日本
B40024,2017-02-23,150.73390197753906,英鎊,GAM Star日本領先基金累積單位-英鎊,yfinance,股票型,日本
B40024,2017-02-24,150.25379943847656,英鎊,GAM Star日本領先基金累積單位-英鎊,yfinance,股票型,日本
B40024,2017-02-27,150.80909729003906,英鎊,GAM Star日本領先基金累積單位-英鎊,yfinance,股票型,日本
B40024,2017-02-28,150.44309997558594,英鎊,GAM Star日本領先基金累積單位-英鎊,yfinance,股票型,日本
B40024,2017-03-01,151.2480010986328,英鎊,GAM Star日本領先基金累積單位-英鎊,yfinance,股票型,日本
B40024,2017-03-02,152.7303009033203,英鎊,GAM Star日本領先基金累積單位-英鎊,yfinance,股票型,日本
B40024,2017-03-03,152.5186004638672,英鎊,GAM Star日本領先基金累積單位-英鎊,yfinance,股票型,日本
B40024,2017-03-06,152.66940307617188,英鎊,GAM Star日本領先基金累積單位-英鎊,yfinance,股票型,日本
B40024,2017-03-07,152.85060119628906,英鎊,GAM Star日本領先基金累積單位-英鎊,yfinance,股票型,日本
B40024,2017-03-08,153.06790161132812,英鎊,GAM Star日本領先基金累積單位-英鎊,yfinance,股票型,日本
B40024,2017-03-09,152.86480712890625,英鎊,GAM Star日本領先基金累積單位-英鎊,yfinance,股票型,日本
B40024,2017-03-10,153.7133026123047,英鎊,GAM Star日本領先基金累積單位-英鎊,yfinance,股票型,日本
B40024,2017-03-13,154.1737060546875,英鎊,GAM Star日本領先基金累積單位-英鎊,yfinance,股票型,日本
B40024,2017-03-14,154.11940002441406,英鎊,GAM Star日本領先基金累積單位-英鎊,yfinance,股票型,日本
B40024,2017-03-15,153.8842010498047,英鎊,GAM Star日本領先基金累積單位-英鎊,yfinance,股票型,日本
B40024,2017-03-16,155.22300720214844,英鎊,GAM Star日本領先基金累積單位-英鎊,yfinance,股票型,日本
B40024,2017-03-20,153.7819061279297,英鎊,GAM Star日本領先基金累積單位-英鎊,yfinance,股票型,日本
B40024,2017-03-21,153.3155059814453,英鎊,GAM Star日本領先基金累積單位-英鎊,yfinance,股票型,日本
B40024,2017-03-22,152.99029541015625,英鎊,GAM Star日本領先基金累積單位-英鎊,yfinance,股票型,日本
B40024,2017-03-23,152.3795928955078,英鎊,GAM Star日本領先基金累積單位-英鎊,yfinance,股票型,日本
B40024,2017-03-24,153.9246063232422,英鎊,GAM Star日本領先基金累積單位-英鎊,yfinance,股票型,日本
B40024,2017-03-27,152.0200958251953,英鎊,GAM Star日本領先基金累積單位-英鎊,yfinance,股票型,日本
B40024,2017-03-28,154.3498992919922,英鎊,GAM Star日本領先基金累積單位-英鎊,yfinance,股票型,日本
B40024,2017-03-29,156.62600708007812,英鎊,GAM Star日本領先基金累積單位-英鎊,yfinance,股票型,日本
B40024,2017-03-30,154.7095947265625,英鎊,GAM Star日本領先基金累積單位-英鎊,yfinance,股票型,日本
B40024,2017-03-31,152.54730224609375,英鎊,GAM Star日本領先基金累積單位-英鎊,yfinance,股票型,日本
B40024,2017-04-03,153.05380249023438,英鎊,GAM Star日本領先基金累積單位-英鎊,yfinance,股票型,日本
B40024,2017-04-04,154.077392578125,英鎊,GAM Star日本領先基金累積單位-英鎊,yfinance,股票型,日本
B40024,2017-04-05,154.1562042236328,英鎊,GAM Star日本領先基金累積單位-英鎊,yfinance,股票型,日本
B40024,2017-04-06,151.71319580078125,英鎊,GAM Star日本領先基金累積單位-英鎊,yfinance,股票型,日本
B40024,2017-04-07,153.57139587402344,英鎊,GAM Star日本領先基金累積單位-英鎊,yfinance,股票型,日本
B40024,2017-04-10,153.64810180664062,英鎊,GAM Star日本領先基金累積單位-英鎊,yfinance,股票型,日本
B40024,2017-04-11,153.4969024658203,英鎊,GAM Star日本領先基金累積單位-英鎊,yfinance,股票型,日本
B40024,2017-04-12,152.34669494628906,英鎊,GAM Star日本領先基金累積單位-英鎊,yfinance,股票型,日本
B40024,2017-04-13,152.23170471191406,英鎊,GAM Star日本領先基金累積單位-英鎊,yfinance,股票型,日本
B40024,2017-04-18,152.48890686035156,英鎊,GAM Star日本領先基金累積單位-英鎊,yfinance,股票型,日本
B40024,2017-04-19,149.24639892578125,英鎊,GAM Star日本領先基金累積單位-英鎊,yfinance,股票型,日本
B40024,2017-04-20,149.20700073242188,英鎊,GAM Star日本領先基金累積單位-英鎊,yfinance,股票型,日本
B40024,2017-04-21,150.29110717773438,英鎊,GAM Star日本領先基金累積單位-英鎊,yfinance,股票型,日本
B40024,2017-04-24,149.99679565429688,英鎊,GAM Star日本領先基金累積單位-英鎊,yfinance,股票型,日本
B40024,2017-04-25,150.8477020263672,英鎊,GAM Star日本領先基金累積單位-英鎊,yfinance,股票型,日本
B40024,2017-04-26,150.79660034179688,英鎊,GAM Star日本領先基金累積單位-英鎊,yfinance,股票型,日本
B40024,2017-04-27,149.69439697265625,英鎊,GAM Star日本領先基金累積單位-英鎊,yfinance,股票型,日本
B40024,2017-04-28,148.1898956298828,英鎊,GAM Star日本領先基金累積單位-英鎊,yfinance,股票型,日本
B40024,2017-05-02,148.81900024414062,英鎊,GAM Star日本領先基金累積單位-英鎊,yfinance,股票型,日本
B40024,2017-05-08,151.90139770507812,英鎊,GAM Star日本領先基金累積單位-英鎊,yfinance,股票型,日本
B40024,2017-05-09,150.439697265625,英鎊,GAM Star日本領先基金累積單位-英鎊,yfinance,股票型,日本
B40024,2017-05-10,150.3972930908203,英鎊,GAM Star日本領先基金累積單位-英鎊,yfinance,股票型,日本
B40024,2017-05-11,150.69760131835938,英鎊,GAM Star日本領先基金累積單位-英鎊,yfinance,股票型,日本
B40024,2017-05-12,152.4207000732422,英鎊,GAM Star日本領先基金累積單位-英鎊,yfinance,股票型,日本
B40024,2017-05-15,152.61459350585938,英鎊,GAM Star日本領先基金累積單位-英鎊,yfinance,股票型,日本
B40024,2017-05-16,153.0034942626953,英鎊,GAM Star日本領先基金累積單位-英鎊,yfinance,股票型,日本
B40024,2017-05-17,153.53900146484375,英鎊,GAM Star日本領先基金累積單位-英鎊,yfinance,股票型,日本
B40024,2017-05-18,153.8905029296875,英鎊,GAM Star日本領先基金累積單位-英鎊,yfinance,股票型,日本
B40024,2017-05-19,152.7241973876953,英鎊,GAM Star日本領先基金累積單位-英鎊,yfinance,股票型,日本
B40024,2017-05-22,154.19659423828125,英鎊,GAM Star日本領先基金累積單位-英鎊,yfinance,股票型,日本
B40024,2017-05-23,154.69630432128906,英鎊,GAM Star日本領先基金累積單位-英鎊,yfinance,股票型,日本
B40024,2017-05-24,154.75030517578125,英鎊,GAM Star日本領先基金累積單位-英鎊,yfinance,股票型,日本
B40024,2017-05-25,155.48309326171875,英鎊,GAM Star日本領先基金累積單位-英鎊,yfinance,股票型,日本
B40024,2017-05-26,156.91329956054688,英鎊,GAM Star日本領先基金累積單位-英鎊,yfinance,股票型,日本
B40024,2017-05-30,157.7467041015625,英鎊,GAM Star日本領先基金累積單位-英鎊,yfinance,股票型,日本
B40024,2017-05-31,158.74710083007812,英鎊,GAM Star日本領先基金累積單位-英鎊,yfinance,股票型,日本
B40024,2017-06-01,159.86000061035156,英鎊,GAM Star日本領先基金累積單位-英鎊,yfinance,股票型,日本
B40024,2017-06-02,160.60130310058594,英鎊,GAM Star日本領先基金累積單位-英鎊,yfinance,股票型,日本
B40024,2017-06-06,162.26870727539062,英鎊,GAM Star日本領先基金累積單位-英鎊,yfinance,股票型,日本
B40024,2017-06-07,162.8090057373047,英鎊,GAM Star日本領先基金累積單位-英鎊,yfinance,股票型,日本
B40024,2017-06-08,159.5950927734375,英鎊,GAM Star日本領先基金累積單位-英鎊,yfinance,股票型,日本
B40024,2017-06-09,160.9897003173828,英鎊,GAM Star日本領先基金累積單位-英鎊,yfinance,股票型,日本
B40024,2017-06-12,161.51890563964844,英鎊,GAM Star日本領先基金累積單位-英鎊,yfinance,股票型,日本
B40024,2017-06-13,160.7200927734375,英鎊,GAM Star日本領先基金累積單位-英鎊,yfinance,股票型,日本
B40024,2017-06-14,159.73260498046875,英鎊,GAM Star日本領先基金累積單位-英鎊,yfinance,股票型,日本
B40024,2017-06-15,161.2993927001953,英鎊,GAM Star日本領先基金累積單位-英鎊,yfinance,股票型,日本
B40024,2017-06-16,158.125,英鎊,GAM Star日本領先基金累積單位-英鎊,yfinance,股票型,日本
B40024,2017-06-19,159.40919494628906,英鎊,GAM Star日本領先基金累積單位-英鎊,yfinance,股票型,日本
B40024,2017-06-20,161.80979919433594,英鎊,GAM Star日本領先基金累積單位-英鎊,yfinance,股票型,日本
B40024,2017-06-21,163.0570068359375,英鎊,GAM Star日本領先基金累積單位-英鎊,yfinance,股票型,日本
B40024,2017-06-22,162.3917999267578,英鎊,GAM Star日本領先基金累積單位-英鎊,yfinance,股票型,日本
B40024,2017-06-23,161.72369384765625,英鎊,GAM Star日本領先基金累積單位-英鎊,yfinance,股票型,日本
B40024,2017-06-26,161.62100219726562,英鎊,GAM Star日本領先基金累積單位-英鎊,yfinance,股票型,日本
B40024,2017-06-27,161.581298828125,英鎊,GAM Star日本領先基金累積單位-英鎊,yfinance,股票型,日本
B40024,2017-06-28,159.22250366210938,英鎊,GAM Star日本領先基金累積單位-英鎊,yfinance,股票型,日本
B40024,2017-06-29,157.46080017089844,英鎊,GAM Star日本領先基金累積單位-英鎊,yfinance,股票型,日本
B40024,2017-06-30,156.102294921875,英鎊,GAM Star日本領先基金累積單位-英鎊,yfinance,股票型,日本
B40024,2017-07-03,154.9770050048828,英鎊,GAM Star日本領先基金累積單位-英鎊,yfinance,股票型,日本
B40024,2017-07-04,154.44400024414062,英鎊,GAM Star日本領先基金累積單位-英鎊,yfinance,股票型,日本
B40024,2017-07-05,155.2303009033203,英鎊,GAM Star日本領先基金累積單位-英鎊,yfinance,股票型,日本
B40024,2017-07-06,154.61790466308594,英鎊,GAM Star日本領先基金累積單位-英鎊,yfinance,股票型,日本
B40024,2017-07-07,154.43670654296875,英鎊,GAM Star日本領先基金累積單位-英鎊,yfinance,股票型,日本
B40024,2017-07-10,155.05979919433594,英鎊,GAM Star日本領先基金累積單位-英鎊,yfinance,股票型,日本
B40024,2017-07-11,155.3719940185547,英鎊,GAM Star日本領先基金累積單位-英鎊,yfinance,股票型,日本
B40024,2017-07-12,156.6800994873047,英鎊,GAM Star日本領先基金累積單位-英鎊,yfinance,股票型,日本
B40024,2017-07-13,156.8011932373047,英鎊,GAM Star日本領先基金累積單位-英鎊,yfinance,股票型,日本
B40024,2017-07-14,156.4510040283203,英鎊,GAM Star日本領先基金累積單位-英鎊,yfinance,股票型,日本
B40024,2017-07-17,156.18569946289062,英鎊,GAM Star日本領先基金累積單位-英鎊,yfinance,股票型,日本
B40024,2017-07-18,156.68209838867188,英鎊,GAM Star日本領先基金累積單位-英鎊,yfinance,股票型,日本
B40024,2017-07-19,157.3968048095703,英鎊,GAM Star日本領先基金累積單位-英鎊,yfinance,股票型,日本
B40024,2017-07-20,158.83250427246094,英鎊,GAM Star日本領先基金累積單位-英鎊,yfinance,股票型,日本
B40024,2017-07-21,159.3249053955078,英鎊,GAM Star日本領先基金累積單位-英鎊,yfinance,股票型,日本
B40024,2017-07-24,159.4799041748047,英鎊,GAM Star日本領先基金累積單位-英鎊,yfinance,股票型,日本
B40024,2017-07-25,158.8636932373047,英鎊,GAM Star日本領先基金累積單位-英鎊,yfinance,股票型,日本
B40024,2017-07-26,156.5832977294922,英鎊,GAM Star日本領先基金累積單位-英鎊,yfinance,股票型,日本
B40024,2017-07-27,156.845703125,英鎊,GAM Star日本領先基金累積單位-英鎊,yfinance,股票型,日本
B40024,2017-07-28,157.30039978027344,英鎊,GAM Star日本領先基金累積單位-英鎊,yfinance,股票型,日本
B40024,2017-07-31,157.4127960205078,英鎊,GAM Star日本領先基金累積單位-英鎊,yfinance,股票型,日本
B40024,2017-08-01,157.90060424804688,英鎊,GAM Star日本領先基金累積單位-英鎊,yfinance,股票型,日本
B40024,2017-08-02,158.16250610351562,英鎊,GAM Star日本領先基金累積單位-英鎊,yfinance,股票型,日本
B40024,2017-08-03,158.28919982910156,英鎊,GAM Star日本領先基金累積單位-英鎊,yfinance,股票型,日本
B40024,2017-08-04,160.37159729003906,英鎊,GAM Star日本領先基金累積單位-英鎊,yfinance,股票型,日本
B40024,2017-08-08,160.89329528808594,英鎊,GAM Star日本領先基金累積單位-英鎊,yfinance,股票型,日本
B40024,2017-08-09,160.2751007080078,英鎊,GAM Star日本領先基金累積單位-英鎊,yfinance,股票型,日本
B40024,2017-08-10,160.39930725097656,英鎊,GAM Star日本領先基金累積單位-英鎊,yfinance,股票型,日本
B40024,2017-08-11,161.94720458984375,英鎊,GAM Star日本領先基金累積單位-英鎊,yfinance,股票型,日本
B40024,2017-08-14,159.14999389648438,英鎊,GAM Star日本領先基金累積單位-英鎊,yfinance,股票型,日本
B40024,2017-08-15,160.93690490722656,英鎊,GAM Star日本領先基金累積單位-英鎊,yfinance,股票型,日本
B40024,2017-08-16,160.33270263671875,英鎊,GAM Star日本領先基金累積單位-英鎊,yfinance,股票型,日本
B40024,2017-08-17,161.60809326171875,英鎊,GAM Star日本領先基金累積單位-英鎊,yfinance,股票型,日本
B40024,2017-08-18,161.5045928955078,英鎊,GAM Star日本領先基金累積單位-英鎊,yfinance,股票型,日本
B40024,2017-08-21,161.39129638671875,英鎊,GAM Star日本領先基金累積單位-英鎊,yfinance,股票型,日本
B40024,2017-08-22,161.62429809570312,英鎊,GAM Star日本領先基金累積單位-英鎊,yfinance,股票型,日本
B40024,2017-08-23,162.8813934326172,英鎊,GAM Star日本領先基金累積單位-英鎊,yfinance,股票型,日本
B40024,2017-08-24,161.99169921875,英鎊,GAM Star日本領先基金累積單位-英鎊,yfinance,股票型,日本
B40024,2017-08-25,161.48410034179688,英鎊,GAM Star日本領先基金累積單位-英鎊,yfinance,股票型,日本
B40024,2017-08-29,161.40269470214844,英鎊,GAM Star日本領先基金累積單位-英鎊,yfinance,股票型,日本
B40024,2017-08-30,160.63949584960938,英鎊,GAM Star日本領先基金累積單位-英鎊,yfinance,股票型,日本
B40024,2017-08-31,160.78829956054688,英鎊,GAM Star日本領先基金累積單位-英鎊,yfinance,股票型,日本
B40024,2017-09-01,161.1822052001953,英鎊,GAM Star日本領先基金累積單位-英鎊,yfinance,股票型,日本
B40024,2017-09-04,160.6614990234375,英鎊,GAM Star日本領先基金累積單位-英鎊,yfinance,股票型,日本
B40024,2017-09-05,159.52369689941406,英鎊,GAM Star日本領先基金累積單位-英鎊,yfinance,股票型,日本
B40024,2017-09-06,159.57989501953125,英鎊,GAM Star日本領先基金累積單位-英鎊,yfinance,股票型,日本
B40024,2017-09-07,160.0612030029297,英鎊,GAM Star日本領先基金累積單位-英鎊,yfinance,股票型,日本
B40024,2017-09-08,160.97320556640625,英鎊,GAM Star日本領先基金累積單位-英鎊,yfinance,股票型,日本
B40024,2017-09-11,161.5207977294922,英鎊,GAM Star日本領先基金累積單位-英鎊,yfinance,股票型,日本
B40024,2017-09-12,160.9178009033203,英鎊,GAM Star日本領先基金累積單位-英鎊,yfinance,股票型,日本
B40024,2017-09-13,161.57460021972656,英鎊,GAM Star日本領先基金累積單位-英鎊,yfinance,股票型,日本
B40024,2017-09-14,161.5980987548828,英鎊,GAM Star日本領先基金累積單位-英鎊,yfinance,股票型,日本
B40024,2017-09-15,156.03640747070312,英鎊,GAM Star日本領先基金累積單位-英鎊,yfinance,股票型,日本
B40024,2017-09-18,156.36199951171875,英鎊,GAM Star日本領先基金累積單位-英鎊,yfinance,股票型,日本
B40024,2017-09-19,158.73890686035156,英鎊,GAM Star日本領先基金累積單位-英鎊,yfinance,股票型,日本
B40024,2017-09-20,158.64739990234375,英鎊,GAM Star日本領先基金累積單位-英鎊,yfinance,股票型,日本
B40024,2017-09-21,157.2678985595703,英鎊,GAM Star日本領先基金累積單位-英鎊,yfinance,股票型,日本
B40024,2017-09-22,156.82420349121094,英鎊,GAM Star日本領先基金累積單位-英鎊,yfinance,股票型,日本
B40024,2017-09-25,158.05140686035156,英鎊,GAM Star日本領先基金累積單位-英鎊,yfinance,股票型,日本
B40024,2017-09-26,158.80299377441406,英鎊,GAM Star日本領先基金累積單位-英鎊,yfinance,股票型,日本
B40024,2017-09-27,158.36480712890625,英鎊,GAM Star日本領先基金累積單位-英鎊,yfinance,股票型,日本
B40024,2017-09-28,159.5175018310547,英鎊,GAM Star日本領先基金累積單位-英鎊,yfinance,股票型,日本
B40024,2017-09-29,159.56700134277344,英鎊,GAM Star日本領先基金累積單位-英鎊,yfinance,股票型,日本
B40024,2017-10-02,159.5059051513672,英鎊,GAM Star日本領先基金累積單位-英鎊,yfinance,股票型,日本
B40024,2017-10-03,161.11549377441406,英鎊,GAM Star日本領先基金累積單位-英鎊,yfinance,股票型,日本
B40024,2017-10-04,161.17080688476562,英鎊,GAM Star日本領先基金累積單位-英鎊,yfinance,股票型,日本
B40024,2017-10-05,161.4799041748047,英鎊,GAM Star日本領先基金累積單位-英鎊,yfinance,股票型,日本
B40024,2017-10-06,162.48390197753906,英鎊,GAM Star日本領先基金累積單位-英鎊,yfinance,股票型,日本
B40024,2017-10-10,162.51510620117188,英鎊,GAM Star日本領先基金累積單位-英鎊,yfinance,股票型,日本
B40024,2017-10-11,163.21009826660156,英鎊,GAM Star日本領先基金累積單位-英鎊,yfinance,股票型,日本
B40024,2017-10-12,163.2366943359375,英鎊,GAM Star日本領先基金累積單位-英鎊,yfinance,股票型,日本
B40024,2017-10-13,163.95469665527344,英鎊,GAM Star日本領先基金累積單位-英鎊,yfinance,股票型,日本
B40024,2017-10-16,164.47610473632812,英鎊,GAM Star日本領先基金累積單位-英鎊,yfinance,股票型,日本
B40024,2017-10-17,165.32440185546875,英鎊,GAM Star日本領先基金累積單位-英鎊,yfinance,股票型,日本
B40024,2017-10-18,165.91879272460938,英鎊,GAM Star日本領先基金累積單位-英鎊,yfinance,股票型,日本
B40024,2017-10-19,166.60800170898438,英鎊,GAM Star日本領先基金累積單位-英鎊,yfinance,股票型,日本
B40024,2017-10-20,166.47579956054688,英鎊,GAM Star日本領先基金累積單位-英鎊,yfinance,股票型,日本
B40024,2017-10-23,166.90060424804688,英鎊,GAM Star日本領先基金累積單位-英鎊,yfinance,股票型,日本
B40024,2017-10-24,167.74440002441406,英鎊,GAM Star日本領先基金累積單位-英鎊,yfinance,股票型,日本
B40024,2017-10-25,165.5258026123047,英鎊,GAM Star日本領先基金累積單位-英鎊,yfinance,股票型,日本
B40024,2017-10-26,166.73219299316406,英鎊,GAM Star日本領先基金累積單位-英鎊,yfinance,股票型,日本
B40024,2017-10-27,169.66319274902344,英鎊,GAM Star日本領先基金累積單位-英鎊,yfinance,股票型,日本
B40024,2017-10-31,169.31109619140625,英鎊,GAM Star日本領先基金累積單位-英鎊,yfinance,股票型,日本
B40024,2017-11-01,169.3968048095703,英鎊,GAM Star日本領先基金累積單位-英鎊,yfinance,股票型,日本
B40024,2017-11-02,171.50250244140625,英鎊,GAM Star日本領先基金累積單位-英鎊,yfinance,股票型,日本
B40024,2017-11-06,173.19239807128906,英鎊,GAM Star日本領先基金累積單位-英鎊,yfinance,股票型,日本
B40024,2017-11-07,175.3251953125,英鎊,GAM Star日本領先基金累積單位-英鎊,yfinance,股票型,日本
B40024,2017-11-08,176.82159423828125,英鎊,GAM Star日本領先基金累積單位-英鎊,yfinance,股票型,日本
B40024,2017-11-09,176.9676055908203,英鎊,GAM Star日本領先基金累積單位-英鎊,yfinance,股票型,日本
B40024,2017-11-10,175.49969482421875,英鎊,GAM Star日本領先基金累積單位-英鎊,yfinance,股票型,日本
B40024,2017-11-13,174.8446044921875,英鎊,GAM Star日本領先基金累積單位-英鎊,yfinance,股票型,日本
B40024,2017-11-14,173.654296875,英鎊,GAM Star日本領先基金累積單位-英鎊,yfinance,股票型,日本
B40024,2017-11-15,171.1959991455078,英鎊,GAM Star日本領先基金累積單位-英鎊,yfinance,股票型,日本
B40024,2017-11-16,172.31570434570312,英鎊,GAM Star日本領先基金累積單位-英鎊,yfinance,股票型,日本
B40024,2017-11-17,173.7613983154297,英鎊,GAM Star日本領先基金累積單位-英鎊,yfinance,股票型,日本
B40024,2017-11-20,173.74290466308594,英鎊,GAM Star日本領先基金累積單位-英鎊,yfinance,股票型,日本
B40024,2017-11-21,174.67770385742188,英鎊,GAM Star日本領先基金累積單位-英鎊,yfinance,股票型,日本
B40024,2017-11-22,175.4044952392578,英鎊,GAM Star日本領先基金累積單位-英鎊,yfinance,股票型,日本
B40024,2017-11-24,176.96629333496094,英鎊,GAM Star日本領先基金累積單位-英鎊,yfinance,股票型,日本
B40024,2017-11-27,176.67359924316406,英鎊,GAM Star日本領先基金累積單位-英鎊,yfinance,股票型,日本
B40024,2017-11-28,177.0229034423828,英鎊,GAM Star日本領先基金累積單位-英鎊,yfinance,股票型,日本
B40024,2017-11-29,175.93930053710938,英鎊,GAM Star日本領先基金累積單位-英鎊,yfinance,股票型,日本
B40024,2017-11-30,172.63839721679688,英鎊,GAM Star日本領先基金累積單位-英鎊,yfinance,股票型,日本
B40024,2017-12-01,174.05039978027344,英鎊,GAM Star日本領先基金累積單位-英鎊,yfinance,股票型,日本
B40024,2017-12-04,172.38059997558594,英鎊,GAM Star日本領先基金累積單位-英鎊,yfinance,股票型,日本
B40024,2017-12-05,173.17550659179688,英鎊,GAM Star日本領先基金累積單位-英鎊,yfinance,股票型,日本
B40024,2017-12-06,171.86880493164062,英鎊,GAM Star日本領先基金累積單位-英鎊,yfinance,股票型,日本
B40024,2017-12-07,173.50880432128906,英鎊,GAM Star日本領先基金累積單位-英鎊,yfinance,股票型,日本
B40024,2017-12-08,173.03689575195312,英鎊,GAM Star日本領先基金累積單位-英鎊,yfinance,股票型,日本
B40024,2017-12-11,175.21319580078125,英鎊,GAM Star日本領先基金累積單位-英鎊,yfinance,股票型,日本
B40024,2017-12-12,175.37950134277344,英鎊,GAM Star日本領先基金累積單位-英鎊,yfinance,股票型,日本
B40024,2017-12-13,174.08700561523438,英鎊,GAM Star日本領先基金累積單位-英鎊,yfinance,股票型,日本
B40024,2017-12-14,173.7429962158203,英鎊,GAM Star日本領先基金累積單位-英鎊,yfinance,股票型,日本
B40024,2017-12-15,174.42860412597656,英鎊,GAM Star日本領先基金累積單位-英鎊,yfinance,股票型,日本
B40024,2017-12-18,177.6291961669922,英鎊,GAM Star日本領先基金累積單位-英鎊,yfinance,股票型,日本
B40024,2017-12-19,176.93150329589844,英鎊,GAM Star日本領先基金累積單位-英鎊,yfinance,股票型,日本
B40024,2017-12-20,175.98199462890625,英鎊,GAM Star日本領先基金累積單位-英鎊,yfinance,股票型,日本
B40024,2017-12-21,175.960693359375,英鎊,GAM Star日本領先基金累積單位-英鎊,yfinance,股票型,日本
B40024,2017-12-27,176.83970642089844,英鎊,GAM Star日本領先基金累積單位-英鎊,yfinance,股票型,日本
B40024,2017-12-28,176.23599243164062,英鎊,GAM Star日本領先基金累積單位-英鎊,yfinance,股票型,日本
B40024,2017-12-29,175.35940551757812,英鎊,GAM Star日本領先基金累積單位-英鎊,yfinance,股票型,日本
B27036,2017-01-03,8.568564414978027,英鎊,晉達環球策略基金 - 英鎊貨幣基金 A 收益股份,yfinance,貨幣市場,英國
B27036,2017-01-04,8.568564414978027,英鎊,晉達環球策略基金 - 英鎊貨幣基金 A 收益股份,yfinance,貨幣市場,英國
B27036,2017-01-05,8.568564414978027,英鎊,晉達環球策略基金 - 英鎊貨幣基金 A 收益股份,yfinance,貨幣市場,英國
B27036,2017-01-06,8.568564414978027,英鎊,晉達環球策略基金 - 英鎊貨幣基金 A 收益股份,yfinance,貨幣市場,英國
B27036,2017-01-09,8.568479537963867,英鎊,晉達環球策略基金 - 英鎊貨幣基金 A 收益股份,yfinance,貨幣市場,英國
B27036,2017-01-10,8.568564414978027,英鎊,晉達環球策略基金 - 英鎊貨幣基金 A 收益股份,yfinance,貨幣市場,英國
B27036,2017-01-11,8.56865119934082,英鎊,晉達環球策略基金 - 英鎊貨幣基金 A 收益股份,yfinance,貨幣市場,英國
B27036,2017-01-12,8.568564414978027,英鎊,晉達環球策略基金 - 英鎊貨幣基金 A 收益股份,yfinance,貨幣市場,英國
B27036,2017-01-13,8.568395614624023,英鎊,晉達環球策略基金 - 英鎊貨幣基金 A 收益股份,yfinance,貨幣市場,英國
B27036,2017-01-16,8.568395614624023,英鎊,晉達環球策略基金 - 英鎊貨幣基金 A 收益股份,yfinance,貨幣市場,英國
B27036,2017-01-17,8.568307876586914,英鎊,晉達環球策略基金 - 英鎊貨幣基金 A 收益股份,yfinance,貨幣市場,英國
B27036,2017-01-18,8.568395614624023,英鎊,晉達環球策略基金 - 英鎊貨幣基金 A 收益股份,yfinance,貨幣市場,英國
B27036,2017-01-19,8.568395614624023,英鎊,晉達環球策略基金 - 英鎊貨幣基金 A 收益股份,yfinance,貨幣市場,英國
B27036,2017-01-20,8.568479537963867,英鎊,晉達環球策略基金 - 英鎊貨幣基金 A 收益股份,yfinance,貨幣市場,英國
B27036,2017-01-23,8.568307876586914,英鎊,晉達環球策略基金 - 英鎊貨幣基金 A 收益股份,yfinance,貨幣市場,英國
B27036,2017-01-24,8.568220138549805,英鎊,晉達環球策略基金 - 英鎊貨幣基金 A 收益股份,yfinance,貨幣市場,英國
B27036,2017-01-25,8.568307876586914,英鎊,晉達環球策略基金 - 英鎊貨幣基金 A 收益股份,yfinance,貨幣市場,英國
B27036,2017-01-26,8.568135261535645,英鎊,晉達環球策略基金 - 英鎊貨幣基金 A 收益股份,yfinance,貨幣市場,英國
B27036,2017-01-27,8.568135261535645,英鎊,晉達環球策略基金 - 英鎊貨幣基金 A 收益股份,yfinance,貨幣市場,英國
B27036,2017-01-30,8.567875862121582,英鎊,晉達環球策略基金 - 英鎊貨幣基金 A 收益股份,yfinance,貨幣市場,英國
B27036,2017-01-31,8.567875862121582,英鎊,晉達環球策略基金 - 英鎊貨幣基金 A 收益股份,yfinance,貨幣市場,英國
B27036,2017-02-01,8.567790985107422,英鎊,晉達環球策略基金 - 英鎊貨幣基金 A 收益股份,yfinance,貨幣市場,英國
B27036,2017-02-02,8.567790985107422,英鎊,晉達環球策略基金 - 英鎊貨幣基金 A 收益股份,yfinance,貨幣市場,英國
B27036,2017-02-03,8.567704200744629,英鎊,晉達環球策略基金 - 英鎊貨幣基金 A 收益股份,yfinance,貨幣市場,英國
B27036,2017-02-06,8.567619323730469,英鎊,晉達環球策略基金 - 英鎊貨幣基金 A 收益股份,yfinance,貨幣市場,英國
B27036,2017-02-07,8.567533493041992,英鎊,晉達環球策略基金 - 英鎊貨幣基金 A 收益股份,yfinance,貨幣市場,英國
B27036,2017-02-08,8.567533493041992,英鎊,晉達環球策略基金 - 英鎊貨幣基金 A 收益股份,yfinance,貨幣市場,英國
B27036,2017-02-09,8.567533493041992,英鎊,晉達環球策略基金 - 英鎊貨幣基金 A 收益股份,yfinance,貨幣市場,英國
B27036,2017-02-10,8.567533493041992,英鎊,晉達環球策略基金 - 英鎊貨幣基金 A 收益股份,yfinance,貨幣市場,英國
B27036,2017-02-13,8.567361831665039,英鎊,晉達環球策略基金 - 英鎊貨幣基金 A 收益股份,yfinance,貨幣市場,英國
B27036,2017-02-14,8.5674467086792,英鎊,晉達環球策略基金 - 英鎊貨幣基金 A 收益股份,yfinance,貨幣市場,英國
B27036,2017-02-15,8.56675910949707,英鎊,晉達環球策略基金 - 英鎊貨幣基金 A 收益股份,yfinance,貨幣市場,英國
B27036,2017-02-16,8.566070556640625,英鎊,晉達環球策略基金 - 英鎊貨幣基金 A 收益股份,yfinance,貨幣市場,英國
B27036,2017-02-17,8.566672325134277,英鎊,晉達環球策略基金 - 英鎊貨幣基金 A 收益股份,yfinance,貨幣市場,英國
B27036,2017-02-20,8.566672325134277,英鎊,晉達環球策略基金 - 英鎊貨幣基金 A 收益股份,yfinance,貨幣市場,英國
B27036,2017-02-21,8.566672325134277,英鎊,晉達環球策略基金 - 英鎊貨幣基金 A 收益股份,yfinance,貨幣市場,英國
B27036,2017-02-22,8.566672325134277,英鎊,晉達環球策略基金 - 英鎊貨幣基金 A 收益股份,yfinance,貨幣市場,英國
B27036,2017-02-23,8.566672325134277,英鎊,晉達環球策略基金 - 英鎊貨幣基金 A 收益股份,yfinance,貨幣市場,英國
B27036,2017-02-24,8.566672325134277,英鎊,晉達環球策略基金 - 英鎊貨幣基金 A 收益股份,yfinance,貨幣市場,英國
B27036,2017-02-27,8.566498756408691,英鎊,晉達環球策略基金 - 英鎊貨幣基金 A 收益股份,yfinance,貨幣市場,英國
B27036,2017-02-28,8.566498756408691,英鎊,晉達環球策略基金 - 英鎊貨幣基金 A 收益股份,yfinance,貨幣市場,英國
B27036,2017-03-01,8.566498756408691,英鎊,晉達環球策略基金 - 英鎊貨幣基金 A 收益股份,yfinance,貨幣市場,英國
B27036,2017-03-02,8.566412925720215,英鎊,晉達環球策略基金 - 英鎊貨幣基金 A 收益股份,yfinance,貨幣市場,英國
B27036,2017-03-03,8.566242218017578,英鎊,晉達環球策略基金 - 英鎊貨幣基金 A 收益股份,yfinance,貨幣市場,英國
B27036,2017-03-06,8.565984725952148,英鎊,晉達環球策略基金 - 英鎊貨幣基金 A 收益股份,yfinance,貨幣市場,英國
B27036,2017-03-07,8.565897941589355,英鎊,晉達環球策略基金 - 英鎊貨幣基金 A 收益股份,yfinance,貨幣市場,英國
B27036,2017-03-08,8.565984725952148,英鎊,晉達環球策略基金 - 英鎊貨幣基金 A 收益股份,yfinance,貨幣市場,英國
B27036,2017-03-09,8.565897941589355,英鎊,晉達環球策略基金 - 英鎊貨幣基金 A 收益股份,yfinance,貨幣市場,英國
B27036,2017-03-10,8.565897941589355,英鎊,晉達環球策略基金 - 英鎊貨幣基金 A 收益股份,yfinance,貨幣市場,英國
B27036,2017-03-13,8.565897941589355,英鎊,晉達環球策略基金 - 英鎊貨幣基金 A 收益股份,yfinance,貨幣市場,英國
B27036,2017-03-14,8.566157341003418,英鎊,晉達環球策略基金 - 英鎊貨幣基金 A 收益股份,yfinance,貨幣市場,英國
B27036,2017-03-15,8.567276000976562,英鎊,晉達環球策略基金 - 英鎊貨幣基金 A 收益股份,yfinance,貨幣市場,英國
B27036,2017-03-16,8.566242218017578,英鎊,晉達環球策略基金 - 英鎊貨幣基金 A 收益股份,yfinance,貨幣市場,英國
B27036,2017-03-17,8.565897941589355,英鎊,晉達環球策略基金 - 英鎊貨幣基金 A 收益股份,yfinance,貨幣市場,英國
B27036,2017-03-20,8.565814018249512,英鎊,晉達環球策略基金 - 英鎊貨幣基金 A 收益股份,yfinance,貨幣市場,英國
B27036,2017-03-21,8.565814018249512,英鎊,晉達環球策略基金 - 英鎊貨幣基金 A 收益股份,yfinance,貨幣市場,英國
B27036,2017-03-22,8.565552711486816,英鎊,晉達環球策略基金 - 英鎊貨幣基金 A 收益股份,yfinance,貨幣市場,英國
B27036,2017-03-23,8.56529426574707,英鎊,晉達環球策略基金 - 英鎊貨幣基金 A 收益股份,yfinance,貨幣市場,英國
B27036,2017-03-24,8.56469440460205,英鎊,晉達環球策略基金 - 英鎊貨幣基金 A 收益股份,yfinance,貨幣市場,英國
B27036,2017-03-27,8.564950942993164,英鎊,晉達環球策略基金 - 英鎊貨幣基金 A 收益股份,yfinance,貨幣市場,英國
B27036,2017-03-28,8.56469440460205,英鎊,晉達環球策略基金 - 英鎊貨幣基金 A 收益股份,yfinance,貨幣市場,英國
B27036,2017-03-29,8.564950942993164,英鎊,晉達環球策略基金 - 英鎊貨幣基金 A 收益股份,yfinance,貨幣市場,英國
B27036,2017-03-30,8.564865112304688,英鎊,晉達環球策略基金 - 英鎊貨幣基金 A 收益股份,yfinance,貨幣市場,英國
B27036,2017-03-31,8.564780235290527,英鎊,晉達環球策略基金 - 英鎊貨幣基金 A 收益股份,yfinance,貨幣市場,英國
B27036,2017-04-03,8.564950942993164,英鎊,晉達環球策略基金 - 英鎊貨幣基金 A 收益股份,yfinance,貨幣市場,英國
B27036,2017-04-04,8.564865112304688,英鎊,晉達環球策略基金 - 英鎊貨幣基金 A 收益股份,yfinance,貨幣市場,英國
B27036,2017-04-05,8.564950942993164,英鎊,晉達環球策略基金 - 英鎊貨幣基金 A 收益股份,yfinance,貨幣市場,英國
B27036,2017-04-06,8.564604759216309,英鎊,晉達環球策略基金 - 英鎊貨幣基金 A 收益股份,yfinance,貨幣市場,英國
B27036,2017-04-07,8.564604759216309,英鎊,晉達環球策略基金 - 英鎊貨幣基金 A 收益股份,yfinance,貨幣市場,英國
B27036,2017-04-10,8.564950942993164,英鎊,晉達環球策略基金 - 英鎊貨幣基金 A 收益股份,yfinance,貨幣市場,英國
B27036,2017-04-11,8.564950942993164,英鎊,晉達環球策略基金 - 英鎊貨幣基金 A 收益股份,yfinance,貨幣市場,英國
B27036,2017-04-12,8.564950942993164,英鎊,晉達環球策略基金 - 英鎊貨幣基金 A 收益股份,yfinance,貨幣市場,英國
B27036,2017-04-13,8.56512451171875,英鎊,晉達環球策略基金 - 英鎊貨幣基金 A 收益股份,yfinance,貨幣市場,英國
B27036,2017-04-18,8.565210342407227,英鎊,晉達環球策略基金 - 英鎊貨幣基金 A 收益股份,yfinance,貨幣市場,英國
B27036,2017-04-19,8.56512451171875,英鎊,晉達環球策略基金 - 英鎊貨幣基金 A 收益股份,yfinance,貨幣市場,英國
B27036,2017-04-20,8.564950942993164,英鎊,晉達環球策略基金 - 英鎊貨幣基金 A 收益股份,yfinance,貨幣市場,英國
B27036,2017-04-21,8.564865112304688,英鎊,晉達環球策略基金 - 英鎊貨幣基金 A 收益股份,yfinance,貨幣市場,英國
B27036,2017-04-24,8.565038681030273,英鎊,晉達環球策略基金 - 英鎊貨幣基金 A 收益股份,yfinance,貨幣市場,英國
B27036,2017-04-25,8.56469440460205,英鎊,晉達環球策略基金 - 英鎊貨幣基金 A 收益股份,yfinance,貨幣市場,英國
B27036,2017-04-26,8.56469440460205,英鎊,晉達環球策略基金 - 英鎊貨幣基金 A 收益股份,yfinance,貨幣市場,英國
B27036,2017-04-27,8.565038681030273,英鎊,晉達環球策略基金 - 英鎊貨幣基金 A 收益股份,yfinance,貨幣市場,英國
B27036,2017-04-28,8.564950942993164,英鎊,晉達環球策略基金 - 英鎊貨幣基金 A 收益股份,yfinance,貨幣市場,英國
B27036,2017-05-02,8.564780235290527,英鎊,晉達環球策略基金 - 英鎊貨幣基金 A 收益股份,yfinance,貨幣市場,英國
B27036,2017-05-03,8.56469440460205,英鎊,晉達環球策略基金 - 英鎊貨幣基金 A 收益股份,yfinance,貨幣市場,英國
B27036,2017-05-04,8.564780235290527,英鎊,晉達環球策略基金 - 英鎊貨幣基金 A 收益股份,yfinance,貨幣市場,英國
B27036,2017-05-05,8.56469440460205,英鎊,晉達環球策略基金 - 英鎊貨幣基金 A 收益股份,yfinance,貨幣市場,英國
B27036,2017-05-08,8.564780235290527,英鎊,晉達環球策略基金 - 英鎊貨幣基金 A 收益股份,yfinance,貨幣市場,英國
B27036,2017-05-09,8.564519882202148,英鎊,晉達環球策略基金 - 英鎊貨幣基金 A 收益股份,yfinance,貨幣市場,英國
B27036,2017-05-10,8.564519882202148,英鎊,晉達環球策略基金 - 英鎊貨幣基金 A 收益股份,yfinance,貨幣市場,英國
B27036,2017-05-11,8.564519882202148,英鎊,晉達環球策略基金 - 英鎊貨幣基金 A 收益股份,yfinance,貨幣市場,英國
B27036,2017-05-12,8.564350128173828,英鎊,晉達環球策略基金 - 英鎊貨幣基金 A 收益股份,yfinance,貨幣市場,英國
B27036,2017-05-15,8.564604759216309,英鎊,晉達環球策略基金 - 英鎊貨幣基金 A 收益股份,yfinance,貨幣市場,英國
B27036,2017-05-16,8.564519882202148,英鎊,晉達環球策略基金 - 英鎊貨幣基金 A 收益股份,yfinance,貨幣市場,英國
B27036,2017-05-17,8.564435005187988,英鎊,晉達環球策略基金 - 英鎊貨幣基金 A 收益股份,yfinance,貨幣市場,英國
B27036,2017-05-18,8.564350128173828,英鎊,晉達環球策略基金 - 英鎊貨幣基金 A 收益股份,yfinance,貨幣市場,英國
B27036,2017-05-19,8.564261436462402,英鎊,晉達環球策略基金 - 英鎊貨幣基金 A 收益股份,yfinance,貨幣市場,英國
B27036,2017-05-22,8.564176559448242,英鎊,晉達環球策略基金 - 英鎊貨幣基金 A 收益股份,yfinance,貨幣市場,英國
B27036,2017-05-23,8.564091682434082,英鎊,晉達環球策略基金 - 英鎊貨幣基金 A 收益股份,yfinance,貨幣市場,英國
B27036,2017-05-24,8.563833236694336,英鎊,晉達環球策略基金 - 英鎊貨幣基金 A 收益股份,yfinance,貨幣市場,英國
B27036,2017-05-26,8.563833236694336,英鎊,晉達環球策略基金 - 英鎊貨幣基金 A 收益股份,yfinance,貨幣市場,英國
B27036,2017-05-30,8.563660621643066,英鎊,晉達環球策略基金 - 英鎊貨幣基金 A 收益股份,yfinance,貨幣市場,英國
B27036,2017-05-31,8.563660621643066,英鎊,晉達環球策略基金 - 英鎊貨幣基金 A 收益股份,yfinance,貨幣市場,英國
B27036,2017-06-01,8.56357479095459,英鎊,晉達環球策略基金 - 英鎊貨幣基金 A 收益股份,yfinance,貨幣市場,英國
B27036,2017-06-02,8.56357479095459,英鎊,晉達環球策略基金 - 英鎊貨幣基金 A 收益股份,yfinance,貨幣市場,英國
B27036,2017-06-06,8.564176559448242,英鎊,晉達環球策略基金 - 英鎊貨幣基金 A 收益股份,yfinance,貨幣市場,英國
B27036,2017-06-07,8.564091682434082,英鎊,晉達環球策略基金 - 英鎊貨幣基金 A 收益股份,yfinance,貨幣市場,英國
B27036,2017-06-08,8.564091682434082,英鎊,晉達環球策略基金 - 英鎊貨幣基金 A 收益股份,yfinance,貨幣市場,英國
B27036,2017-06-09,8.564176559448242,英鎊,晉達環球策略基金 - 英鎊貨幣基金 A 收益股份,yfinance,貨幣市場,英國
B27036,2017-06-12,8.564604759216309,英鎊,晉達環球策略基金 - 英鎊貨幣基金 A 收益股份,yfinance,貨幣市場,英國
B27036,2017-06-13,8.564435005187988,英鎊,晉達環球策略基金 - 英鎊貨幣基金 A 收益股份,yfinance,貨幣市場,英國
B27036,2017-06-14,8.565725326538086,英鎊,晉達環球策略基金 - 英鎊貨幣基金 A 收益股份,yfinance,貨幣市場,英國
B27036,2017-06-15,8.56563949584961,英鎊,晉達環球策略基金 - 英鎊貨幣基金 A 收益股份,yfinance,貨幣市場,英國
B27036,2017-06-16,8.565725326538086,英鎊,晉達環球策略基金 - 英鎊貨幣基金 A 收益股份,yfinance,貨幣市場,英國
B27036,2017-06-19,8.565552711486816,英鎊,晉達環球策略基金 - 英鎊貨幣基金 A 收益股份,yfinance,貨幣市場,英國
B27036,2017-06-20,8.56529426574707,英鎊,晉達環球策略基金 - 英鎊貨幣基金 A 收益股份,yfinance,貨幣市場,英國
B27036,2017-06-21,8.565381050109863,英鎊,晉達環球策略基金 - 英鎊貨幣基金 A 收益股份,yfinance,貨幣市場,英國
B27036,2017-06-22,8.565467834472656,英鎊,晉達環球策略基金 - 英鎊貨幣基金 A 收益股份,yfinance,貨幣市場,英國
B27036,2017-06-26,8.564435005187988,英鎊,晉達環球策略基金 - 英鎊貨幣基金 A 收益股份,yfinance,貨幣市場,英國
B27036,2017-06-27,8.56512451171875,英鎊,晉達環球策略基金 - 英鎊貨幣基金 A 收益股份,yfinance,貨幣市場,英國
B27036,2017-06-28,8.564519882202148,英鎊,晉達環球策略基金 - 英鎊貨幣基金 A 收益股份,yfinance,貨幣市場,英國
B27036,2017-06-29,8.564604759216309,英鎊,晉達環球策略基金 - 英鎊貨幣基金 A 收益股份,yfinance,貨幣市場,英國
B27036,2017-06-30,8.564604759216309,英鎊,晉達環球策略基金 - 英鎊貨幣基金 A 收益股份,yfinance,貨幣市場,英國
B27036,2017-07-03,8.565038681030273,英鎊,晉達環球策略基金 - 英鎊貨幣基金 A 收益股份,yfinance,貨幣市場,英國
B27036,2017-07-04,8.564865112304688,英鎊,晉達環球策略基金 - 英鎊貨幣基金 A 收益股份,yfinance,貨幣市場,英國
B27036,2017-07-05,8.564780235290527,英鎊,晉達環球策略基金 - 英鎊貨幣基金 A 收益股份,yfinance,貨幣市場,英國
B27036,2017-07-06,8.564519882202148,英鎊,晉達環球策略基金 - 英鎊貨幣基金 A 收益股份,yfinance,貨幣市場,英國
B27036,2017-07-07,8.564519882202148,英鎊,晉達環球策略基金 - 英鎊貨幣基金 A 收益股份,yfinance,貨幣市場,英國
B27036,2017-07-10,8.564780235290527,英鎊,晉達環球策略基金 - 英鎊貨幣基金 A 收益股份,yfinance,貨幣市場,英國
B27036,2017-07-11,8.564519882202148,英鎊,晉達環球策略基金 - 英鎊貨幣基金 A 收益股份,yfinance,貨幣市場,英國
B27036,2017-07-12,8.564865112304688,英鎊,晉達環球策略基金 - 英鎊貨幣基金 A 收益股份,yfinance,貨幣市場,英國
B27036,2017-07-13,8.565038681030273,英鎊,晉達環球策略基金 - 英鎊貨幣基金 A 收益股份,yfinance,貨幣市場,英國
B27036,2017-07-14,8.56469440460205,英鎊,晉達環球策略基金 - 英鎊貨幣基金 A 收益股份,yfinance,貨幣市場,英國
B27036,2017-07-17,8.565038681030273,英鎊,晉達環球策略基金 - 英鎊貨幣基金 A 收益股份,yfinance,貨幣市場,英國
B27036,2017-07-18,8.565038681030273,英鎊,晉達環球策略基金 - 英鎊貨幣基金 A 收益股份,yfinance,貨幣市場,英國
B27036,2017-07-19,8.564865112304688,英鎊,晉達環球策略基金 - 英鎊貨幣基金 A 收益股份,yfinance,貨幣市場,英國
B27036,2017-07-20,8.564780235290527,英鎊,晉達環球策略基金 - 英鎊貨幣基金 A 收益股份,yfinance,貨幣市場,英國
B27036,2017-07-21,8.564780235290527,英鎊,晉達環球策略基金 - 英鎊貨幣基金 A 收益股份,yfinance,貨幣市場,英國
B27036,2017-07-24,8.565038681030273,英鎊,晉達環球策略基金 - 英鎊貨幣基金 A 收益股份,yfinance,貨幣市場,英國
B27036,2017-07-25,8.565210342407227,英鎊,晉達環球策略基金 - 英鎊貨幣基金 A 收益股份,yfinance,貨幣市場,英國
B27036,2017-07-26,8.565210342407227,英鎊,晉達環球策略基金 - 英鎊貨幣基金 A 收益股份,yfinance,貨幣市場,英國
B27036,2017-07-27,8.56529426574707,英鎊,晉達環球策略基金 - 英鎊貨幣基金 A 收益股份,yfinance,貨幣市場,英國
B27036,2017-07-28,8.56529426574707,英鎊,晉達環球策略基金 - 英鎊貨幣基金 A 收益股份,yfinance,貨幣市場,英國
B27036,2017-07-31,8.565038681030273,英鎊,晉達環球策略基金 - 英鎊貨幣基金 A 收益股份,yfinance,貨幣市場,英國
B27036,2017-08-01,8.564950942993164,英鎊,晉達環球策略基金 - 英鎊貨幣基金 A 收益股份,yfinance,貨幣市場,英國
B27036,2017-08-02,8.564950942993164,英鎊,晉達環球策略基金 - 英鎊貨幣基金 A 收益股份,yfinance,貨幣市場,英國
B27036,2017-08-03,8.564865112304688,英鎊,晉達環球策略基金 - 英鎊貨幣基金 A 收益股份,yfinance,貨幣市場,英國
B27036,2017-08-04,8.564604759216309,英鎊,晉達環球策略基金 - 英鎊貨幣基金 A 收益股份,yfinance,貨幣市場,英國
B27036,2017-08-07,8.564604759216309,英鎊,晉達環球策略基金 - 英鎊貨幣基金 A 收益股份,yfinance,貨幣市場,英國
B27036,2017-08-08,8.564519882202148,英鎊,晉達環球策略基金 - 英鎊貨幣基金 A 收益股份,yfinance,貨幣市場,英國
B27036,2017-08-09,8.564435005187988,英鎊,晉達環球策略基金 - 英鎊貨幣基金 A 收益股份,yfinance,貨幣市場,英國
B27036,2017-08-10,8.564519882202148,英鎊,晉達環球策略基金 - 英鎊貨幣基金 A 收益股份,yfinance,貨幣市場,英國
B27036,2017-08-11,8.564519882202148,英鎊,晉達環球策略基金 - 英鎊貨幣基金 A 收益股份,yfinance,貨幣市場,英國
B27036,2017-08-14,8.564519882202148,英鎊,晉達環球策略基金 - 英鎊貨幣基金 A 收益股份,yfinance,貨幣市場,英國
B27036,2017-08-16,8.564865112304688,英鎊,晉達環球策略基金 - 英鎊貨幣基金 A 收益股份,yfinance,貨幣市場,英國
B27036,2017-08-17,8.564865112304688,英鎊,晉達環球策略基金 - 英鎊貨幣基金 A 收益股份,yfinance,貨幣市場,英國
B27036,2017-08-18,8.564780235290527,英鎊,晉達環球策略基金 - 英鎊貨幣基金 A 收益股份,yfinance,貨幣市場,英國
B27036,2017-08-21,8.564865112304688,英鎊,晉達環球策略基金 - 英鎊貨幣基金 A 收益股份,yfinance,貨幣市場,英國
B27036,2017-08-22,8.564865112304688,英鎊,晉達環球策略基金 - 英鎊貨幣基金 A 收益股份,yfinance,貨幣市場,英國
B27036,2017-08-23,8.564780235290527,英鎊,晉達環球策略基金 - 英鎊貨幣基金 A 收益股份,yfinance,貨幣市場,英國
B27036,2017-08-24,8.564604759216309,英鎊,晉達環球策略基金 - 英鎊貨幣基金 A 收益股份,yfinance,貨幣市場,英國
B27036,2017-08-25,8.564780235290527,英鎊,晉達環球策略基金 - 英鎊貨幣基金 A 收益股份,yfinance,貨幣市場,英國
B27036,2017-08-29,8.564865112304688,英鎊,晉達環球策略基金 - 英鎊貨幣基金 A 收益股份,yfinance,貨幣市場,英國
B27036,2017-08-30,8.564780235290527,英鎊,晉達環球策略基金 - 英鎊貨幣基金 A 收益股份,yfinance,貨幣市場,英國
B27036,2017-08-31,8.564604759216309,英鎊,晉達環球策略基金 - 英鎊貨幣基金 A 收益股份,yfinance,貨幣市場,英國
B27036,2017-09-01,8.564604759216309,英鎊,晉達環球策略基金 - 英鎊貨幣基金 A 收益股份,yfinance,貨幣市場,英國
B27036,2017-09-04,8.56469440460205,英鎊,晉達環球策略基金 - 英鎊貨幣基金 A 收益股份,yfinance,貨幣市場,英國
B27036,2017-09-05,8.564519882202148,英鎊,晉達環球策略基金 - 英鎊貨幣基金 A 收益股份,yfinance,貨幣市場,英國
B27036,2017-09-06,8.564435005187988,英鎊,晉達環球策略基金 - 英鎊貨幣基金 A 收益股份,yfinance,貨幣市場,英國
B27036,2017-09-07,8.564435005187988,英鎊,晉達環球策略基金 - 英鎊貨幣基金 A 收益股份,yfinance,貨幣市場,英國
B27036,2017-09-08,8.564435005187988,英鎊,晉達環球策略基金 - 英鎊貨幣基金 A 收益股份,yfinance,貨幣市場,英國
B27036,2017-09-11,8.564350128173828,英鎊,晉達環球策略基金 - 英鎊貨幣基金 A 收益股份,yfinance,貨幣市場,英國
B27036,2017-09-12,8.564176559448242,英鎊,晉達環球策略基金 - 英鎊貨幣基金 A 收益股份,yfinance,貨幣市場,英國
B27036,2017-09-13,8.564261436462402,英鎊,晉達環球策略基金 - 英鎊貨幣基金 A 收益股份,yfinance,貨幣市場,英國
B27036,2017-09-14,8.564950942993164,英鎊,晉達環球策略基金 - 英鎊貨幣基金 A 收益股份,yfinance,貨幣市場,英國
B27036,2017-09-15,8.564261436462402,英鎊,晉達環球策略基金 - 英鎊貨幣基金 A 收益股份,yfinance,貨幣市場,英國
B27036,2017-09-18,8.564176559448242,英鎊,晉達環球策略基金 - 英鎊貨幣基金 A 收益股份,yfinance,貨幣市場,英國
B27036,2017-09-19,8.564261436462402,英鎊,晉達環球策略基金 - 英鎊貨幣基金 A 收益股份,yfinance,貨幣市場,英國
B27036,2017-09-20,8.564350128173828,英鎊,晉達環球策略基金 - 英鎊貨幣基金 A 收益股份,yfinance,貨幣市場,英國
B27036,2017-09-21,8.564350128173828,英鎊,晉達環球策略基金 - 英鎊貨幣基金 A 收益股份,yfinance,貨幣市場,英國
B27036,2017-09-22,8.564350128173828,英鎊,晉達環球策略基金 - 英鎊貨幣基金 A 收益股份,yfinance,貨幣市場,英國
B27036,2017-09-25,8.564350128173828,英鎊,晉達環球策略基金 - 英鎊貨幣基金 A 收益股份,yfinance,貨幣市場,英國
B27036,2017-09-26,8.564435005187988,英鎊,晉達環球策略基金 - 英鎊貨幣基金 A 收益股份,yfinance,貨幣市場,英國
B27036,2017-09-27,8.564350128173828,英鎊,晉達環球策略基金 - 英鎊貨幣基金 A 收益股份,yfinance,貨幣市場,英國
B27036,2017-09-28,8.564950942993164,英鎊,晉達環球策略基金 - 英鎊貨幣基金 A 收益股份,yfinance,貨幣市場,英國
B27036,2017-09-29,8.564865112304688,英鎊,晉達環球策略基金 - 英鎊貨幣基金 A 收益股份,yfinance,貨幣市場,英國
B27036,2017-10-02,8.56563949584961,英鎊,晉達環球策略基金 - 英鎊貨幣基金 A 收益股份,yfinance,貨幣市場,英國
B27036,2017-10-03,8.564780235290527,英鎊,晉達環球策略基金 - 英鎊貨幣基金 A 收益股份,yfinance,貨幣市場,英國
B27036,2017-10-04,8.564519882202148,英鎊,晉達環球策略基金 - 英鎊貨幣基金 A 收益股份,yfinance,貨幣市場,英國
B27036,2017-10-05,8.56469440460205,英鎊,晉達環球策略基金 - 英鎊貨幣基金 A 收益股份,yfinance,貨幣市場,英國
B27036,2017-10-06,8.56469440460205,英鎊,晉達環球策略基金 - 英鎊貨幣基金 A 收益股份,yfinance,貨幣市場,英國
B27036,2017-10-09,8.564780235290527,英鎊,晉達環球策略基金 - 英鎊貨幣基金 A 收益股份,yfinance,貨幣市場,英國
B27036,2017-10-10,8.564865112304688,英鎊,晉達環球策略基金 - 英鎊貨幣基金 A 收益股份,yfinance,貨幣市場,英國
B27036,2017-10-11,8.564780235290527,英鎊,晉達環球策略基金 - 英鎊貨幣基金 A 收益股份,yfinance,貨幣市場,英國
B27036,2017-10-12,8.564950942993164,英鎊,晉達環球策略基金 - 英鎊貨幣基金 A 收益股份,yfinance,貨幣市場,英國
B27036,2017-10-13,8.564950942993164,英鎊,晉達環球策略基金 - 英鎊貨幣基金 A 收益股份,yfinance,貨幣市場,英國
B27036,2017-10-16,8.56469440460205,英鎊,晉達環球策略基金 - 英鎊貨幣基金 A 收益股份,yfinance,貨幣市場,英國
B27036,2017-10-17,8.564865112304688,英鎊,晉達環球策略基金 - 英鎊貨幣基金 A 收益股份,yfinance,貨幣市場,英國
B27036,2017-10-18,8.564780235290527,英鎊,晉達環球策略基金 - 英鎊貨幣基金 A 收益股份,yfinance,貨幣市場,英國
B27036,2017-10-19,8.564780235290527,英鎊,晉達環球策略基金 - 英鎊貨幣基金 A 收益股份,yfinance,貨幣市場,英國
B27036,2017-10-20,8.564780235290527,英鎊,晉達環球策略基金 - 英鎊貨幣基金 A 收益股份,yfinance,貨幣市場,英國
B27036,2017-10-23,8.565467834472656,英鎊,晉達環球策略基金 - 英鎊貨幣基金 A 收益股份,yfinance,貨幣市場,英國
B27036,2017-10-24,8.564780235290527,英鎊,晉達環球策略基金 - 英鎊貨幣基金 A 收益股份,yfinance,貨幣市場,英國
B27036,2017-10-25,8.56469440460205,英鎊,晉達環球策略基金 - 英鎊貨幣基金 A 收益股份,yfinance,貨幣市場,英國
B27036,2017-10-26,8.564780235290527,英鎊,晉達環球策略基金 - 英鎊貨幣基金 A 收益股份,yfinance,貨幣市場,英國
B27036,2017-10-27,8.56469440460205,英鎊,晉達環球策略基金 - 英鎊貨幣基金 A 收益股份,yfinance,貨幣市場,英國
B27036,2017-10-30,8.56469440460205,英鎊,晉達環球策略基金 - 英鎊貨幣基金 A 收益股份,yfinance,貨幣市場,英國
B27036,2017-10-31,8.564604759216309,英鎊,晉達環球策略基金 - 英鎊貨幣基金 A 收益股份,yfinance,貨幣市場,英國
B27036,2017-11-02,8.564604759216309,英鎊,晉達環球策略基金 - 英鎊貨幣基金 A 收益股份,yfinance,貨幣市場,英國
B27036,2017-11-03,8.564519882202148,英鎊,晉達環球策略基金 - 英鎊貨幣基金 A 收益股份,yfinance,貨幣市場,英國
B27036,2017-11-06,8.56469440460205,英鎊,晉達環球策略基金 - 英鎊貨幣基金 A 收益股份,yfinance,貨幣市場,英國
B27036,2017-11-07,8.56469440460205,英鎊,晉達環球策略基金 - 英鎊貨幣基金 A 收益股份,yfinance,貨幣市場,英國
B27036,2017-11-08,8.564261436462402,英鎊,晉達環球策略基金 - 英鎊貨幣基金 A 收益股份,yfinance,貨幣市場,英國
B27036,2017-11-09,8.564519882202148,英鎊,晉達環球策略基金 - 英鎊貨幣基金 A 收益股份,yfinance,貨幣市場,英國
B27036,2017-11-10,8.564350128173828,英鎊,晉達環球策略基金 - 英鎊貨幣基金 A 收益股份,yfinance,貨幣市場,英國
B27036,2017-11-13,8.564435005187988,英鎊,晉達環球策略基金 - 英鎊貨幣基金 A 收益股份,yfinance,貨幣市場,英國
B27036,2017-11-14,8.564435005187988,英鎊,晉達環球策略基金 - 英鎊貨幣基金 A 收益股份,yfinance,貨幣市場,英國
B27036,2017-11-15,8.56469440460205,英鎊,晉達環球策略基金 - 英鎊貨幣基金 A 收益股份,yfinance,貨幣市場,英國
B27036,2017-11-16,8.564519882202148,英鎊,晉達環球策略基金 - 英鎊貨幣基金 A 收益股份,yfinance,貨幣市場,英國
B27036,2017-11-17,8.56469440460205,英鎊,晉達環球策略基金 - 英鎊貨幣基金 A 收益股份,yfinance,貨幣市場,英國
B27036,2017-11-20,8.565897941589355,英鎊,晉達環球策略基金 - 英鎊貨幣基金 A 收益股份,yfinance,貨幣市場,英國
B27036,2017-11-21,8.564865112304688,英鎊,晉達環球策略基金 - 英鎊貨幣基金 A 收益股份,yfinance,貨幣市場,英國
B27036,2017-11-22,8.56512451171875,英鎊,晉達環球策略基金 - 英鎊貨幣基金 A 收益股份,yfinance,貨幣市場,英國
B27036,2017-11-23,8.565210342407227,英鎊,晉達環球策略基金 - 英鎊貨幣基金 A 收益股份,yfinance,貨幣市場,英國
B27036,2017-11-24,8.565210342407227,英鎊,晉達環球策略基金 - 英鎊貨幣基金 A 收益股份,yfinance,貨幣市場,英國
B27036,2017-11-27,8.565381050109863,英鎊,晉達環球策略基金 - 英鎊貨幣基金 A 收益股份,yfinance,貨幣市場,英國
B27036,2017-11-28,8.565814018249512,英鎊,晉達環球策略基金 - 英鎊貨幣基金 A 收益股份,yfinance,貨幣市場,英國
B27036,2017-11-29,8.565897941589355,英鎊,晉達環球策略基金 - 英鎊貨幣基金 A 收益股份,yfinance,貨幣市場,英國
B27036,2017-11-30,8.566672325134277,英鎊,晉達環球策略基金 - 英鎊貨幣基金 A 收益股份,yfinance,貨幣市場,英國
B27036,2017-12-01,8.566157341003418,英鎊,晉達環球策略基金 - 英鎊貨幣基金 A 收益股份,yfinance,貨幣市場,英國
B27036,2017-12-04,8.565984725952148,英鎊,晉達環球策略基金 - 英鎊貨幣基金 A 收益股份,yfinance,貨幣市場,英國
B27036,2017-12-05,8.565984725952148,英鎊,晉達環球策略基金 - 英鎊貨幣基金 A 收益股份,yfinance,貨幣市場,英國
B27036,2017-12-06,8.565814018249512,英鎊,晉達環球策略基金 - 英鎊貨幣基金 A 收益股份,yfinance,貨幣市場,英國
B27036,2017-12-07,8.565552711486816,英鎊,晉達環球策略基金 - 英鎊貨幣基金 A 收益股份,yfinance,貨幣市場,英國
B27036,2017-12-08,8.565467834472656,英鎊,晉達環球策略基金 - 英鎊貨幣基金 A 收益股份,yfinance,貨幣市場,英國
B27036,2017-12-11,8.565897941589355,英鎊,晉達環球策略基金 - 英鎊貨幣基金 A 收益股份,yfinance,貨幣市場,英國
B27036,2017-12-12,8.566070556640625,英鎊,晉達環球策略基金 - 英鎊貨幣基金 A 收益股份,yfinance,貨幣市場,英國
B27036,2017-12-13,8.565984725952148,英鎊,晉達環球策略基金 - 英鎊貨幣基金 A 收益股份,yfinance,貨幣市場,英國
B27036,2017-12-14,8.566157341003418,英鎊,晉達環球策略基金 - 英鎊貨幣基金 A 收益股份,yfinance,貨幣市場,英國
B27036,2017-12-15,8.56512451171875,英鎊,晉達環球策略基金 - 英鎊貨幣基金 A 收益股份,yfinance,貨幣市場,英國
B27036,2017-12-18,8.56563949584961,英鎊,晉達環球策略基金 - 英鎊貨幣基金 A 收益股份,yfinance,貨幣市場,英國
B27036,2017-12-19,8.566412925720215,英鎊,晉達環球策略基金 - 英鎊貨幣基金 A 收益股份,yfinance,貨幣市場,英國
B27036,2017-12-20,8.566498756408691,英鎊,晉達環球策略基金 - 英鎊貨幣基金 A 收益股份,yfinance,貨幣市場,英國
B27036,2017-12-21,8.566242218017578,英鎊,晉達環球策略基金 - 英鎊貨幣基金 A 收益股份,yfinance,貨幣市場,英國
B27036,2017-12-22,8.566498756408691,英鎊,晉達環球策略基金 - 英鎊貨幣基金 A 收益股份,yfinance,貨幣市場,英國
B27036,2017-12-27,8.566412925720215,英鎊,晉達環球策略基金 - 英鎊貨幣基金 A 收益股份,yfinance,貨幣市場,英國
B27036,2017-12-28,8.56675910949707,英鎊,晉達環球策略基金 - 英鎊貨幣基金 A 收益股份,yfinance,貨幣市場,英國
B27036,2017-12-29,8.566844940185547,英鎊,晉達環球策略基金 - 英鎊貨幣基金 A 收益股份,yfinance,貨幣市場,英國
B24046,2017-01-03,53.8685417175293,英鎊,霸菱亞洲增長基金-A類 英鎊配息型,yfinance,股票型,亞洲地區
B24046,2017-01-04,53.9573860168457,英鎊,霸菱亞洲增長基金-A類 英鎊配息型,yfinance,股票型,亞洲地區
B24046,2017-01-05,54.510189056396484,英鎊,霸菱亞洲增長基金-A類 英鎊配息型,yfinance,股票型,亞洲地區
B24046,2017-01-06,54.50031280517578,英鎊,霸菱亞洲增長基金-A類 英鎊配息型,yfinance,股票型,亞洲地區
B24046,2017-01-09,55.319644927978516,英鎊,霸菱亞洲增長基金-A類 英鎊配息型,yfinance,股票型,亞洲地區
B24046,2017-01-10,55.81321716308594,英鎊,霸菱亞洲增長基金-A類 英鎊配息型,yfinance,股票型,亞洲地區
B24046,2017-01-11,56.36601638793945,英鎊,霸菱亞洲增長基金-A類 英鎊配息型,yfinance,股票型,亞洲地區
B24046,2017-01-12,55.68489074707031,英鎊,霸菱亞洲增長基金-A類 英鎊配息型,yfinance,股票型,亞洲地區
B24046,2017-01-13,56.13897705078125,英鎊,霸菱亞洲增長基金-A類 英鎊配息型,yfinance,股票型,亞洲地區
B24046,2017-01-16,56.198204040527344,英鎊,霸菱亞洲增長基金-A類 英鎊配息型,yfinance,股票型,亞洲地區
B24046,2017-01-17,55.7243766784668,英鎊,霸菱亞洲增長基金-A類 英鎊配息型,yfinance,股票型,亞洲地區
B24046,2017-01-18,55.55656051635742,英鎊,霸菱亞洲增長基金-A類 英鎊配息型,yfinance,股票型,亞洲地區
B24046,2017-01-19,55.260414123535156,英鎊,霸菱亞洲增長基金-A類 英鎊配息型,yfinance,股票型,亞洲地區
B24046,2017-01-20,55.319644927978516,英鎊,霸菱亞洲增長基金-A類 英鎊配息型,yfinance,股票型,亞洲地區
B24046,2017-01-23,55.22092819213867,英鎊,霸菱亞洲增長基金-A類 英鎊配息型,yfinance,股票型,亞洲地區
B24046,2017-01-24,55.5072021484375,英鎊,霸菱亞洲增長基金-A類 英鎊配息型,yfinance,股票型,亞洲地區
B24046,2017-01-25,55.4282341003418,英鎊,霸菱亞洲增長基金-A類 英鎊配息型,yfinance,股票型,亞洲地區
B24046,2017-01-26,55.68489074707031,英鎊,霸菱亞洲增長基金-A類 英鎊配息型,yfinance,股票型,亞洲地區
B24046,2017-01-27,55.902061462402344,英鎊,霸菱亞洲增長基金-A類 英鎊配息型,yfinance,股票型,亞洲地區
B24046,2017-01-30,55.951419830322266,英鎊,霸菱亞洲增長基金-A類 英鎊配息型,yfinance,股票型,亞洲地區
B24046,2017-01-31,56.04026412963867,英鎊,霸菱亞洲增長基金-A類 英鎊配息型,yfinance,股票型,亞洲地區
B24046,2017-02-01,55.61579132080078,英鎊,霸菱亞洲增長基金-A類 英鎊配息型,yfinance,股票型,亞洲地區
B24046,2017-02-02,55.931678771972656,英鎊,霸菱亞洲增長基金-A類 英鎊配息型,yfinance,股票型,亞洲地區
B24046,2017-02-03,57.07676696777344,英鎊,霸菱亞洲增長基金-A類 英鎊配息型,yfinance,股票型,亞洲地區
B24046,2017-02-06,57.550594329833984,英鎊,霸菱亞洲增長基金-A類 英鎊配息型,yfinance,股票型,亞洲地區
B24046,2017-02-07,57.62957000732422,英鎊,霸菱亞洲增長基金-A類 英鎊配息型,yfinance,股票型,亞洲地區
B24046,2017-02-08,57.05702209472656,英鎊,霸菱亞洲增長基金-A類 英鎊配息型,yfinance,股票型,亞洲地區
B24046,2017-02-09,56.731266021728516,英鎊,霸菱亞洲增長基金-A類 英鎊配息型,yfinance,股票型,亞洲地區
B24046,2017-02-10,57.01753616333008,英鎊,霸菱亞洲增長基金-A類 英鎊配息型,yfinance,股票型,亞洲地區
B24046,2017-02-13,56.918819427490234,英鎊,霸菱亞洲增長基金-A類 英鎊配息型,yfinance,股票型,亞洲地區
B24046,2017-02-14,57.175479888916016,英鎊,霸菱亞洲增長基金-A類 英鎊配息型,yfinance,股票型,亞洲地區
B24046,2017-02-15,57.27419662475586,英鎊,霸菱亞洲增長基金-A類 英鎊配息型,yfinance,股票型,亞洲地區
B24046,2017-02-16,57.264320373535156,英鎊,霸菱亞洲增長基金-A類 英鎊配息型,yfinance,股票型,亞洲地區
B24046,2017-02-17,57.599952697753906,英鎊,霸菱亞洲增長基金-A類 英鎊配息型,yfinance,股票型,亞洲地區
B24046,2017-02-20,57.45188522338867,英鎊,霸菱亞洲增長基金-A類 英鎊配息型,yfinance,股票型,亞洲地區
B24046,2017-02-21,57.75789260864258,英鎊,霸菱亞洲增長基金-A類 英鎊配息型,yfinance,股票型,亞洲地區
B24046,2017-02-22,57.98493957519531,英鎊,霸菱亞洲增長基金-A類 英鎊配息型,yfinance,股票型,亞洲地區
B24046,2017-02-23,57.649314880371094,英鎊,霸菱亞洲增長基金-A類 英鎊配息型,yfinance,股票型,亞洲地區
B24046,2017-02-24,57.00766372680664,英鎊,霸菱亞洲增長基金-A類 英鎊配息型,yfinance,股票型,亞洲地區
B24046,2017-02-27,57.38277816772461,英鎊,霸菱亞洲增長基金-A類 英鎊配息型,yfinance,股票型,亞洲地區
B24046,2017-02-28,57.18535614013672,英鎊,霸菱亞洲增長基金-A類 英鎊配息型,yfinance,股票型,亞洲地區
B24046,2017-03-01,57.678924560546875,英鎊,霸菱亞洲增長基金-A類 英鎊配息型,yfinance,股票型,亞洲地區
B24046,2017-03-02,58.034297943115234,英鎊,霸菱亞洲增長基金-A類 英鎊配息型,yfinance,股票型,亞洲地區
B24046,2017-03-03,57.86648178100586,英鎊,霸菱亞洲增長基金-A類 英鎊配息型,yfinance,股票型,亞洲地區
B24046,2017-03-06,58.08365249633789,英鎊,霸菱亞洲增長基金-A類 英鎊配息型,yfinance,股票型,亞洲地區
B24046,2017-03-07,58.754913330078125,英鎊,霸菱亞洲增長基金-A類 英鎊配息型,yfinance,股票型,亞洲地區
B24046,2017-03-08,59.06092834472656,英鎊,霸菱亞洲增長基金-A類 英鎊配息型,yfinance,股票型,亞洲地區
B24046,2017-03-09,58.6167106628418,英鎊,霸菱亞洲增長基金-A類 英鎊配息型,yfinance,股票型,亞洲地區
B24046,2017-03-10,58.97208786010742,英鎊,霸菱亞洲增長基金-A類 英鎊配息型,yfinance,股票型,亞洲地區
B24046,2017-03-13,59.22874450683594,英鎊,霸菱亞洲增長基金-A類 英鎊配息型,yfinance,股票型,亞洲地區
B24046,2017-03-14,59.978973388671875,英鎊,霸菱亞洲增長基金-A類 英鎊配息型,yfinance,股票型,亞洲地區
B24046,2017-03-15,59.88025665283203,英鎊,霸菱亞洲增長基金-A類 英鎊配息型,yfinance,股票型,亞洲地區
B24046,2017-03-16,60.2652473449707,英鎊,霸菱亞洲增長基金-A類 英鎊配息型,yfinance,股票型,亞洲地區
B24046,2017-03-20,60.40345001220703,英鎊,霸菱亞洲增長基金-A類 英鎊配息型,yfinance,股票型,亞洲地區
B24046,2017-03-21,60.33434295654297,英鎊,霸菱亞洲增長基金-A類 英鎊配息型,yfinance,股票型,亞洲地區
B24046,2017-03-22,60.15665817260742,英鎊,霸菱亞洲增長基金-A類 英鎊配息型,yfinance,股票型,亞洲地區
B24046,2017-03-23,59.86051559448242,英鎊,霸菱亞洲增長基金-A類 英鎊配息型,yfinance,股票型,亞洲地區
B24046,2017-03-24,59.72231674194336,英鎊,霸菱亞洲增長基金-A類 英鎊配息型,yfinance,股票型,亞洲地區
B24046,2017-03-27,59.56437301635742,英鎊,霸菱亞洲增長基金-A類 英鎊配息型,yfinance,股票型,亞洲地區
B24046,2017-03-28,59.91974639892578,英鎊,霸菱亞洲增長基金-A類 英鎊配息型,yfinance,股票型,亞洲地區
B24046,2017-03-29,60.73907470703125,英鎊,霸菱亞洲增長基金-A類 英鎊配息型,yfinance,股票型,亞洲地區
B24046,2017-03-30,60.74894714355469,英鎊,霸菱亞洲增長基金-A類 英鎊配息型,yfinance,股票型,亞洲地區
B24046,2017-03-31,60.512027740478516,英鎊,霸菱亞洲增長基金-A類 英鎊配息型,yfinance,股票型,亞洲地區
B24046,2017-04-03,60.66010284423828,英鎊,霸菱亞洲增長基金-A類 英鎊配息型,yfinance,股票型,亞洲地區
B24046,2017-04-04,60.72920608520508,英鎊,霸菱亞洲增長基金-A類 英鎊配息型,yfinance,股票型,亞洲地區
B24046,2017-04-05,60.89701843261719,英鎊,霸菱亞洲增長基金-A類 英鎊配息型,yfinance,股票型,亞洲地區
B24046,2017-04-06,60.719329833984375,英鎊,霸菱亞洲增長基金-A類 英鎊配息型,yfinance,股票型,亞洲地區
B24046,2017-04-07,61.11418914794922,英鎊,霸菱亞洲增長基金-A類 英鎊配息型,yfinance,股票型,亞洲地區
B24046,2017-04-10,60.80817413330078,英鎊,霸菱亞洲增長基金-A類 英鎊配息型,yfinance,股票型,亞洲地區
B24046,2017-04-11,60.20602035522461,英鎊,霸菱亞洲增長基金-A類 英鎊配息型,yfinance,股票型,亞洲地區
B24046,2017-04-12,60.31460189819336,英鎊,霸菱亞洲增長基金-A類 英鎊配息型,yfinance,股票型,亞洲地區
B24046,2017-04-13,60.03820037841797,英鎊,霸菱亞洲增長基金-A類 英鎊配息型,yfinance,股票型,亞洲地區
B24046,2017-04-18,59.120155334472656,英鎊,霸菱亞洲增長基金-A類 英鎊配息型,yfinance,股票型,亞洲地區
B24046,2017-04-19,58.43902587890625,英鎊,霸菱亞洲增長基金-A類 英鎊配息型,yfinance,股票型,亞洲地區
B24046,2017-04-20,58.94247055053711,英鎊,霸菱亞洲增長基金-A類 英鎊配息型,yfinance,股票型,亞洲地區
B24046,2017-04-21,59.475528717041016,英鎊,霸菱亞洲增長基金-A類 英鎊配息型,yfinance,股票型,亞洲地區
B24046,2017-04-24,59.603858947753906,英鎊,霸菱亞洲增長基金-A類 英鎊配息型,yfinance,股票型,亞洲地區
B24046,2017-04-25,60.42318344116211,英鎊,霸菱亞洲增長基金-A類 英鎊配息型,yfinance,股票型,亞洲地區
B24046,2017-04-26,60.669979095458984,英鎊,霸菱亞洲增長基金-A類 英鎊配息型,yfinance,股票型,亞洲地區
B24046,2017-04-27,60.49229049682617,英鎊,霸菱亞洲增長基金-A類 英鎊配息型,yfinance,股票型,亞洲地區
B24046,2017-04-28,60.12704849243164,英鎊,霸菱亞洲增長基金-A類 英鎊配息型,yfinance,股票型,亞洲地區
B24046,2017-05-02,60.798301696777344,英鎊,霸菱亞洲增長基金-A類 英鎊配息型,yfinance,股票型,亞洲地區
B24046,2017-05-03,60.699588775634766,英鎊,霸菱亞洲增長基金-A類 英鎊配息型,yfinance,股票型,亞洲地區
B24046,2017-05-04,60.78843688964844,英鎊,霸菱亞洲增長基金-A類 英鎊配息型,yfinance,股票型,亞洲地區
B24046,2017-05-05,60.3244743347168,英鎊,霸菱亞洲增長基金-A類 英鎊配息型,yfinance,股票型,亞洲地區
B24046,2017-05-08,60.41331481933594,英鎊,霸菱亞洲增長基金-A類 英鎊配息型,yfinance,股票型,亞洲地區
B24046,2017-05-09,60.7094612121582,英鎊,霸菱亞洲增長基金-A類 英鎊配息型,yfinance,股票型,亞洲地區
B24046,2017-05-10,60.669979095458984,英鎊,霸菱亞洲增長基金-A類 英鎊配息型,yfinance,股票型,亞洲地區
B24046,2017-05-11,61.53866958618164,英鎊,霸菱亞洲增長基金-A類 英鎊配息型,yfinance,股票型,亞洲地區
B24046,2017-05-12,61.40046691894531,英鎊,霸菱亞洲增長基金-A類 英鎊配息型,yfinance,股票型,亞洲地區
B24046,2017-05-15,61.982879638671875,英鎊,霸菱亞洲增長基金-A類 英鎊配息型,yfinance,股票型,亞洲地區
B24046,2017-05-16,62.022369384765625,英鎊,霸菱亞洲增長基金-A類 英鎊配息型,yfinance,股票型,亞洲地區
B24046,2017-05-17,61.59789276123047,英鎊,霸菱亞洲增長基金-A類 英鎊配息型,yfinance,股票型,亞洲地區
B24046,2017-05-18,60.80817413330078,英鎊,霸菱亞洲增長基金-A類 英鎊配息型,yfinance,股票型,亞洲地區
B24046,2017-05-19,61.00559997558594,英鎊,霸菱亞洲增長基金-A類 英鎊配息型,yfinance,股票型,亞洲地區
B24046,2017-05-22,61.94339370727539,英鎊,霸菱亞洲增長基金-A類 英鎊配息型,yfinance,股票型,亞洲地區
B24046,2017-05-23,61.93352127075195,英鎊,霸菱亞洲增長基金-A類 英鎊配息型,yfinance,股票型,亞洲地區
B24046,2017-05-24,61.92365264892578,英鎊,霸菱亞洲增長基金-A類 英鎊配息型,yfinance,股票型,亞洲地區
B24046,2017-05-25,62.486324310302734,英鎊,霸菱亞洲增長基金-A類 英鎊配息型,yfinance,股票型,亞洲地區
B24046,2017-05-26,63.098350524902344,英鎊,霸菱亞洲增長基金-A類 英鎊配息型,yfinance,股票型,亞洲地區
B24046,2017-05-30,62.73310852050781,英鎊,霸菱亞洲增長基金-A類 英鎊配息型,yfinance,股票型,亞洲地區
B24046,2017-05-31,62.91079330444336,英鎊,霸菱亞洲增長基金-A類 英鎊配息型,yfinance,股票型,亞洲地區
B24046,2017-06-01,62.970027923583984,英鎊,霸菱亞洲增長基金-A類 英鎊配息型,yfinance,股票型,亞洲地區
B24046,2017-06-02,63.30565643310547,英鎊,霸菱亞洲增長基金-A類 英鎊配息型,yfinance,股票型,亞洲地區
B24046,2017-06-06,63.04899597167969,英鎊,霸菱亞洲增長基金-A類 英鎊配息型,yfinance,股票型,亞洲地區
B24046,2017-06-07,62.999637603759766,英鎊,霸菱亞洲增長基金-A類 英鎊配息型,yfinance,股票型,亞洲地區
B24046,2017-06-08,63.315521240234375,英鎊,霸菱亞洲增長基金-A類 英鎊配息型,yfinance,股票型,亞洲地區
B24046,2017-06-09,64.24344635009766,英鎊,霸菱亞洲增長基金-A類 英鎊配息型,yfinance,股票型,亞洲地區
B24046,2017-06-12,63.6807746887207,英鎊,霸菱亞洲增長基金-A類 英鎊配息型,yfinance,股票型,亞洲地區
B24046,2017-06-13,63.690635681152344,英鎊,霸菱亞洲增長基金-A類 英鎊配息型,yfinance,股票型,亞洲地區
B24046,2017-06-14,64.1151123046875,英鎊,霸菱亞洲增長基金-A類 英鎊配息型,yfinance,股票型,亞洲地區
B24046,2017-06-15,63.60179901123047,英鎊,霸菱亞洲增長基金-A類 英鎊配息型,yfinance,股票型,亞洲地區
B24046,2017-06-16,63.582054138183594,英鎊,霸菱亞洲增長基金-A類 英鎊配息型,yfinance,股票型,亞洲地區
B24046,2017-06-19,64.1743392944336,英鎊,霸菱亞洲增長基金-A類 英鎊配息型,yfinance,股票型,亞洲地區
B24046,2017-06-20,65.10225677490234,英鎊,霸菱亞洲增長基金-A類 英鎊配息型,yfinance,股票型,亞洲地區
B24046,2017-06-21,64.89495849609375,英鎊,霸菱亞洲增長基金-A類 英鎊配息型,yfinance,股票型,亞洲地區
B24046,2017-06-22,65.29969024658203,英鎊,霸菱亞洲增長基金-A類 英鎊配息型,yfinance,股票型,亞洲地區
B24046,2017-06-23,64.88509368896484,英鎊,霸菱亞洲增長基金-A類 英鎊配息型,yfinance,股票型,亞洲地區
B24046,2017-06-26,65.66492462158203,英鎊,霸菱亞洲增長基金-A類 英鎊配息型,yfinance,股票型,亞洲地區
B24046,2017-06-27,65.74390411376953,英鎊,霸菱亞洲增長基金-A類 英鎊配息型,yfinance,股票型,亞洲地區
B24046,2017-06-28,64.50997161865234,英鎊,霸菱亞洲增長基金-A類 英鎊配息型,yfinance,股票型,亞洲地區
B24046,2017-06-29,64.12498474121094,英鎊,霸菱亞洲增長基金-A類 英鎊配息型,yfinance,股票型,亞洲地區
B24046,2017-06-30,63.71038818359375,英鎊,霸菱亞洲增長基金-A類 英鎊配息型,yfinance,股票型,亞洲地區
B24046,2017-07-03,63.818973541259766,英鎊,霸菱亞洲增長基金-A類 英鎊配息型,yfinance,股票型,亞洲地區
B24046,2017-07-04,63.11809539794922,英鎊,霸菱亞洲增長基金-A類 英鎊配息型,yfinance,股票型,亞洲地區
B24046,2017-07-05,63.7400016784668,英鎊,霸菱亞洲增長基金-A類 英鎊配息型,yfinance,股票型,亞洲地區
B24046,2017-07-06,63.720252990722656,英鎊,霸菱亞洲增長基金-A類 英鎊配息型,yfinance,股票型,亞洲地區
B24046,2017-07-07,63.74987030029297,英鎊,霸菱亞洲增長基金-A類 英鎊配息型,yfinance,股票型,亞洲地區
B24046,2017-07-10,64.1151123046875,英鎊,霸菱亞洲增長基金-A類 英鎊配息型,yfinance,股票型,亞洲地區
B24046,2017-07-11,64.55931854248047,英鎊,霸菱亞洲增長基金-A類 英鎊配息型,yfinance,股票型,亞洲地區
B24046,2017-07-12,65.08251953125,英鎊,霸菱亞洲增長基金-A類 英鎊配息型,yfinance,股票型,亞洲地區
B24046,2017-07-13,65.66492462158203,英鎊,霸菱亞洲增長基金-A類 英鎊配息型,yfinance,股票型,亞洲地區
B24046,2017-07-14,65.55635070800781,英鎊,霸菱亞洲增長基金-A類 英鎊配息型,yfinance,股票型,亞洲地區
B24046,2017-07-17,65.56621551513672,英鎊,霸菱亞洲增長基金-A類 英鎊配息型,yfinance,股票型,亞洲地區
B24046,2017-07-18,65.90185546875,英鎊,霸菱亞洲增長基金-A類 英鎊配息型,yfinance,股票型,亞洲地區
B24046,2017-07-19,66.23748016357422,英鎊,霸菱亞洲增長基金-A類 英鎊配息型,yfinance,股票型,亞洲地區
B24046,2017-07-20,66.96796417236328,英鎊,霸菱亞洲增長基金-A類 英鎊配息型,yfinance,股票型,亞洲地區
B24046,2017-07-21,66.81002044677734,英鎊,霸菱亞洲增長基金-A類 英鎊配息型,yfinance,股票型,亞洲地區
B24046,2017-07-24,67.27398681640625,英鎊,霸菱亞洲增長基金-A類 英鎊配息型,yfinance,股票型,亞洲地區
B24046,2017-07-25,67.01731872558594,英鎊,霸菱亞洲增長基金-A類 英鎊配息型,yfinance,股票型,亞洲地區
B24046,2017-07-26,66.49413299560547,英鎊,霸菱亞洲增長基金-A類 英鎊配息型,yfinance,股票型,亞洲地區
B24046,2017-07-27,66.83963012695312,英鎊,霸菱亞洲增長基金-A類 英鎊配息型,yfinance,股票型,亞洲地區
B24046,2017-07-28,66.15850830078125,英鎊,霸菱亞洲增長基金-A類 英鎊配息型,yfinance,股票型,亞洲地區
B24046,2017-07-31,66.69155883789062,英鎊,霸菱亞洲增長基金-A類 英鎊配息型,yfinance,股票型,亞洲地區
B24046,2017-08-01,66.3263168334961,英鎊,霸菱亞洲增長基金-A類 英鎊配息型,yfinance,股票型,亞洲地區
B24046,2017-08-02,66.52375030517578,英鎊,霸菱亞洲增長基金-A類 英鎊配息型,yfinance,股票型,亞洲地區
B24046,2017-08-03,65.95121002197266,英鎊,霸菱亞洲增長基金-A類 英鎊配息型,yfinance,股票型,亞洲地區
B24046,2017-08-04,66.68169403076172,英鎊,霸菱亞洲增長基金-A類 英鎊配息型,yfinance,股票型,亞洲地區
B24046,2017-08-08,67.99459075927734,英鎊,霸菱亞洲增長基金-A類 英鎊配息型,yfinance,股票型,亞洲地區
B24046,2017-08-09,67.43191528320312,英鎊,霸菱亞洲增長基金-A類 英鎊配息型,yfinance,股票型,亞洲地區
B24046,2017-08-10,66.97783660888672,英鎊,霸菱亞洲增長基金-A類 英鎊配息型,yfinance,股票型,亞洲地區
B24046,2017-08-11,65.90185546875,英鎊,霸菱亞洲增長基金-A類 英鎊配息型,yfinance,股票型,亞洲地區
B24046,2017-08-14,66.59284973144531,英鎊,霸菱亞洲增長基金-A類 英鎊配息型,yfinance,股票型,亞洲地區
B24046,2017-08-15,67.1456527709961,英鎊,霸菱亞洲增長基金-A類 英鎊配息型,yfinance,股票型,亞洲地區
B24046,2017-08-16,67.5207748413086,英鎊,霸菱亞洲增長基金-A類 英鎊配息型,yfinance,股票型,亞洲地區
B24046,2017-08-17,67.974853515625,英鎊,霸菱亞洲增長基金-A類 英鎊配息型,yfinance,股票型,亞洲地區
B24046,2017-08-18,67.6194839477539,英鎊,霸菱亞洲增長基金-A類 英鎊配息型,yfinance,股票型,亞洲地區
B24046,2017-08-21,67.81690979003906,英鎊,霸菱亞洲增長基金-A類 英鎊配息型,yfinance,股票型,亞洲地區
B24046,2017-08-22,68.73495483398438,英鎊,霸菱亞洲增長基金-A類 英鎊配息型,yfinance,股票型,亞洲地區
B24046,2017-08-23,69.03109741210938,英鎊,霸菱亞洲增長基金-A類 英鎊配息型,yfinance,股票型,亞洲地區
B24046,2017-08-24,69.21866607666016,英鎊,霸菱亞洲增長基金-A類 英鎊配息型,yfinance,股票型,亞洲地區
B24046,2017-08-25,69.37660217285156,英鎊,霸菱亞洲增長基金-A類 英鎊配息型,yfinance,股票型,亞洲地區
B24046,2017-08-29,68.60662841796875,英鎊,霸菱亞洲增長基金-A類 英鎊配息型,yfinance,股票型,亞洲地區
B24046,2017-08-30,69.67274475097656,英鎊,霸菱亞洲增長基金-A類 英鎊配息型,yfinance,股票型,亞洲地區
B24046,2017-08-31,69.78133392333984,英鎊,霸菱亞洲增長基金-A類 英鎊配息型,yfinance,股票型,亞洲地區
B24046,2017-09-01,69.53453826904297,英鎊,霸菱亞洲增長基金-A類 英鎊配息型,yfinance,股票型,亞洲地區
B24046,2017-09-04,68.8040542602539,英鎊,霸菱亞洲增長基金-A類 英鎊配息型,yfinance,股票型,亞洲地區
B24046,2017-09-05,68.9521255493164,英鎊,霸菱亞洲增長基金-A類 英鎊配息型,yfinance,股票型,亞洲地區
B24046,2017-09-06,68.60662841796875,英鎊,霸菱亞洲增長基金-A類 英鎊配息型,yfinance,股票型,亞洲地區
B24046,2017-09-07,68.36970520019531,英鎊,霸菱亞洲增長基金-A類 英鎊配息型,yfinance,股票型,亞洲地區
B24046,2017-09-08,68.31048583984375,英鎊,霸菱亞洲增長基金-A類 英鎊配息型,yfinance,股票型,亞洲地區
B24046,2017-09-11,68.9225082397461,英鎊,霸菱亞洲增長基金-A類 英鎊配息型,yfinance,股票型,亞洲地區
B24046,2017-09-12,69.12980651855469,英鎊,霸菱亞洲增長基金-A類 英鎊配息型,yfinance,股票型,亞洲地區
B24046,2017-09-13,69.43583679199219,英鎊,霸菱亞洲增長基金-A類 英鎊配息型,yfinance,股票型,亞洲地區
B24046,2017-09-14,69.81094360351562,英鎊,霸菱亞洲增長基金-A類 英鎊配息型,yfinance,股票型,亞洲地區
B24046,2017-09-15,67.96498107910156,英鎊,霸菱亞洲增長基金-A類 英鎊配息型,yfinance,股票型,亞洲地區
B24046,2017-09-18,69.01136779785156,英鎊,霸菱亞洲增長基金-A類 英鎊配息型,yfinance,股票型,亞洲地區
B24046,2017-09-19,69.20879364013672,英鎊,霸菱亞洲增長基金-A類 英鎊配息型,yfinance,股票型,亞洲地區
B24046,2017-09-20,69.37660217285156,英鎊,霸菱亞洲增長基金-A類 英鎊配息型,yfinance,股票型,亞洲地區
B24046,2017-09-21,69.55429077148438,英鎊,霸菱亞洲增長基金-A類 英鎊配息型,yfinance,股票型,亞洲地區
B24046,2017-09-22,68.50791931152344,英鎊,霸菱亞洲增長基金-A類 英鎊配息型,yfinance,股票型,亞洲地區
B24046,2017-09-25,68.30061340332031,英鎊,霸菱亞洲增長基金-A類 英鎊配息型,yfinance,股票型,亞洲地區
B24046,2017-09-26,68.08344268798828,英鎊,霸菱亞洲增長基金-A類 英鎊配息型,yfinance,股票型,亞洲地區
B24046,2017-09-27,68.39932250976562,英鎊,霸菱亞洲增長基金-A類 英鎊配息型,yfinance,股票型,亞洲地區
B24046,2017-09-28,68.09331512451172,英鎊,霸菱亞洲增長基金-A類 英鎊配息型,yfinance,股票型,亞洲地區
B24046,2017-09-29,68.84353637695312,英鎊,霸菱亞洲增長基金-A類 英鎊配息型,yfinance,股票型,亞洲地區
B24046,2017-10-02,69.73197174072266,英鎊,霸菱亞洲增長基金-A類 英鎊配息型,yfinance,股票型,亞洲地區
B24046,2017-10-03,70.5907974243164,英鎊,霸菱亞洲增長基金-A類 英鎊配息型,yfinance,股票型,亞洲地區
B24046,2017-10-04,70.90667724609375,英鎊,霸菱亞洲增長基金-A類 英鎊配息型,yfinance,股票型,亞洲地區
B24046,2017-10-05,71.96292114257812,英鎊,霸菱亞洲增長基金-A類 英鎊配息型,yfinance,股票型,亞洲地區
B24046,2017-10-06,73.06851196289062,英鎊,霸菱亞洲增長基金-A類 英鎊配息型,yfinance,股票型,亞洲地區
B24046,2017-10-09,72.3676528930664,英鎊,霸菱亞洲增長基金-A類 英鎊配息型,yfinance,股票型,亞洲地區
B24046,2017-10-10,72.4170150756836,英鎊,霸菱亞洲增長基金-A類 英鎊配息型,yfinance,股票型,亞洲地區
B24046,2017-10-11,72.574951171875,英鎊,霸菱亞洲增長基金-A類 英鎊配息型,yfinance,股票型,亞洲地區
B24046,2017-10-12,73.27582550048828,英鎊,霸菱亞洲增長基金-A類 英鎊配息型,yfinance,股票型,亞洲地區
B24046,2017-10-13,72.81187438964844,英鎊,霸菱亞洲增長基金-A類 英鎊配息型,yfinance,股票型,亞洲地區
B24046,2017-10-16,73.08827209472656,英鎊,霸菱亞洲增長基金-A類 英鎊配息型,yfinance,股票型,亞洲地區
B24046,2017-10-17,73.2560806274414,英鎊,霸菱亞洲增長基金-A類 英鎊配息型,yfinance,股票型,亞洲地區
B24046,2017-10-18,73.33505249023438,英鎊,霸菱亞洲增長基金-A類 英鎊配息型,yfinance,股票型,亞洲地區
B24046,2017-10-19,72.86122131347656,英鎊,霸菱亞洲增長基金-A類 英鎊配息型,yfinance,股票型,亞洲地區
B24046,2017-10-20,73.75952911376953,英鎊,霸菱亞洲增長基金-A類 英鎊配息型,yfinance,股票型,亞洲地區
B24046,2017-10-23,73.96682739257812,英鎊,霸菱亞洲增長基金-A類 英鎊配息型,yfinance,股票型,亞洲地區
B24046,2017-10-24,73.36466979980469,英鎊,霸菱亞洲增長基金-A類 英鎊配息型,yfinance,股票型,亞洲地區
B24046,2017-10-25,73.22647857666016,英鎊,霸菱亞洲增長基金-A類 英鎊配息型,yfinance,股票型,亞洲地區
B24046,2017-10-26,73.11788177490234,英鎊,霸菱亞洲增長基金-A類 英鎊配息型,yfinance,股票型,亞洲地區
B24046,2017-10-27,73.7002944946289,英鎊,霸菱亞洲增長基金-A類 英鎊配息型,yfinance,股票型,亞洲地區
B24046,2017-10-31,73.93721771240234,英鎊,霸菱亞洲增長基金-A類 英鎊配息型,yfinance,股票型,亞洲地區
B24046,2017-11-01,74.49988555908203,英鎊,霸菱亞洲增長基金-A類 英鎊配息型,yfinance,股票型,亞洲地區
B24046,2017-11-02,75.09217834472656,英鎊,霸菱亞洲增長基金-A類 英鎊配息型,yfinance,股票型,亞洲地區
B24046,2017-11-03,75.27973175048828,英鎊,霸菱亞洲增長基金-A類 英鎊配息型,yfinance,股票型,亞洲地區
B24046,2017-11-06,75.51664733886719,英鎊,霸菱亞洲增長基金-A類 英鎊配息型,yfinance,股票型,亞洲地區
B24046,2017-11-07,76.3754653930664,英鎊,霸菱亞洲增長基金-A類 英鎊配息型,yfinance,股票型,亞洲地區
B24046,2017-11-08,76.15829467773438,英鎊,霸菱亞洲增長基金-A類 英鎊配息型,yfinance,股票型,亞洲地區
B24046,2017-11-09,76.23726654052734,英鎊,霸菱亞洲增長基金-A類 英鎊配息型,yfinance,股票型,亞洲地區
B24046,2017-11-10,76.1286849975586,英鎊,霸菱亞洲增長基金-A類 英鎊配息型,yfinance,股票型,亞洲地區
B24046,2017-11-13,76.70121765136719,英鎊,霸菱亞洲增長基金-A類 英鎊配息型,yfinance,股票型,亞洲地區
B24046,2017-11-14,76.72096252441406,英鎊,霸菱亞洲增長基金-A類 英鎊配息型,yfinance,股票型,亞洲地區
B24046,2017-11-15,75.9114990234375,英鎊,霸菱亞洲增長基金-A類 英鎊配息型,yfinance,股票型,亞洲地區
B24046,2017-11-16,76.44456481933594,英鎊,霸菱亞洲增長基金-A類 英鎊配息型,yfinance,股票型,亞洲地區
B24046,2017-11-17,77.26388549804688,英鎊,霸菱亞洲增長基金-A類 英鎊配息型,yfinance,股票型,亞洲地區
B24046,2017-11-20,77.10594940185547,英鎊,霸菱亞洲增長基金-A類 英鎊配息型,yfinance,股票型,亞洲地區
B24046,2017-11-21,78.54718017578125,英鎊,霸菱亞洲增長基金-A類 英鎊配息型,yfinance,股票型,亞洲地區
B24046,2017-11-22,78.69525909423828,英鎊,霸菱亞洲增長基金-A類 英鎊配息型,yfinance,股票型,亞洲地區
B24046,2017-11-23,77.7081069946289,英鎊,霸菱亞洲增長基金-A類 英鎊配息型,yfinance,股票型,亞洲地區
B24046,2017-11-24,77.88579559326172,英鎊,霸菱亞洲增長基金-A類 英鎊配息型,yfinance,股票型,亞洲地區
B24046,2017-11-27,76.75057983398438,英鎊,霸菱亞洲增長基金-A類 英鎊配息型,yfinance,股票型,亞洲地區
B24046,2017-11-28,76.81968688964844,英鎊,霸菱亞洲增長基金-A類 英鎊配息型,yfinance,股票型,亞洲地區
B24046,2017-11-29,75.99048614501953,英鎊,霸菱亞洲增長基金-A類 英鎊配息型,yfinance,股票型,亞洲地區
B24046,2017-11-30,74.44065856933594,英鎊,霸菱亞洲增長基金-A類 英鎊配息型,yfinance,股票型,亞洲地區
B24046,2017-12-01,73.66081237792969,英鎊,霸菱亞洲增長基金-A類 英鎊配息型,yfinance,股票型,亞洲地區
B24046,2017-12-04,74.08528900146484,英鎊,霸菱亞洲增長基金-A類 英鎊配息型,yfinance,股票型,亞洲地區
B24046,2017-12-05,73.63119506835938,英鎊,霸菱亞洲增長基金-A類 英鎊配息型,yfinance,股票型,亞洲地區
B24046,2017-12-06,72.52559661865234,英鎊,霸菱亞洲增長基金-A類 英鎊配息型,yfinance,股票型,亞洲地區
B24046,2017-12-07,72.86122131347656,英鎊,霸菱亞洲增長基金-A類 英鎊配息型,yfinance,股票型,亞洲地區
B24046,2017-12-08,73.65093994140625,英鎊,霸菱亞洲增長基金-A類 英鎊配息型,yfinance,股票型,亞洲地區
B24046,2017-12-11,75.02307891845703,英鎊,霸菱亞洲增長基金-A類 英鎊配息型,yfinance,股票型,亞洲地區
B24046,2017-12-12,74.70718383789062,英鎊,霸菱亞洲增長基金-A類 英鎊配息型,yfinance,股票型,亞洲地區
B24046,2017-12-13,74.68744659423828,英鎊,霸菱亞洲增長基金-A類 英鎊配息型,yfinance,股票型,亞洲地區
B24046,2017-12-14,74.68744659423828,英鎊,霸菱亞洲增長基金-A類 英鎊配息型,yfinance,股票型,亞洲地區
B24046,2017-12-15,74.45052337646484,英鎊,霸菱亞洲增長基金-A類 英鎊配息型,yfinance,股票型,亞洲地區
B24046,2017-12-18,74.7170639038086,英鎊,霸菱亞洲增長基金-A類 英鎊配息型,yfinance,股票型,亞洲地區
B24046,2017-12-19,75.14153289794922,英鎊,霸菱亞洲增長基金-A類 英鎊配息型,yfinance,股票型,亞洲地區
B24046,2017-12-20,75.16127014160156,英鎊,霸菱亞洲增長基金-A類 英鎊配息型,yfinance,股票型,亞洲地區
B24046,2017-12-21,75.46728515625,英鎊,霸菱亞洲增長基金-A類 英鎊配息型,yfinance,股票型,亞洲地區
B24046,2017-12-22,75.763427734375,英鎊,霸菱亞洲增長基金-A類 英鎊配息型,yfinance,股票型,亞洲地區
B24046,2017-12-28,76.77032470703125,英鎊,霸菱亞洲增長基金-A類 英鎊配息型,yfinance,股票型,亞洲地區
B24046,2017-12-29,76.76045989990234,英鎊,霸菱亞洲增長基金-A類 英鎊配息型,yfinance,股票型,亞洲地區
B14197,2017-01-03,1.1856067180633545,英鎊,富達基金－全球通膨連結債券基金 (Y股英鎊避險),yfinance,債券型,全球市場
B14197,2017-01-04,1.1856067180633545,英鎊,富達基金－全球通膨連結債券基金 (Y股英鎊避險),yfinance,債券型,全球市場
B14197,2017-01-05,1.1875534057617188,英鎊,富達基金－全球通膨連結債券基金 (Y股英鎊避險),yfinance,債券型,全球市場
B14197,2017-01-06,1.1856067180633545,英鎊,富達基金－全球通膨連結債券基金 (Y股英鎊避險),yfinance,債券型,全球市場
B14197,2017-01-09,1.1875534057617188,英鎊,富達基金－全球通膨連結債券基金 (Y股英鎊避險),yfinance,債券型,全球市場
B14197,2017-01-10,1.1875534057617188,英鎊,富達基金－全球通膨連結債券基金 (Y股英鎊避險),yfinance,債券型,全球市場
B14197,2017-01-11,1.1895004510879517,英鎊,富達基金－全球通膨連結債券基金 (Y股英鎊避險),yfinance,債券型,全球市場
B14197,2017-01-12,1.191447138786316,英鎊,富達基金－全球通膨連結債券基金 (Y股英鎊避險),yfinance,債券型,全球市場
B14197,2017-01-13,1.1875534057617188,英鎊,富達基金－全球通膨連結債券基金 (Y股英鎊避險),yfinance,債券型,全球市場
B14197,2017-01-16,1.1885268688201904,英鎊,富達基金－全球通膨連結債券基金 (Y股英鎊避險),yfinance,債券型,全球市場
B14197,2017-01-17,1.1885268688201904,英鎊,富達基金－全球通膨連結債券基金 (Y股英鎊避險),yfinance,債券型,全球市場
B14197,2017-01-18,1.1885268688201904,英鎊,富達基金－全球通膨連結債券基金 (Y股英鎊避險),yfinance,債券型,全球市場
B14197,2017-01-19,1.1846332550048828,英鎊,富達基金－全球通膨連結債券基金 (Y股英鎊避險),yfinance,債券型,全球市場
B14197,2017-01-20,1.1856067180633545,英鎊,富達基金－全球通膨連結債券基金 (Y股英鎊避險),yfinance,債券型,全球市場
B14197,2017-01-23,1.1885268688201904,英鎊,富達基金－全球通膨連結債券基金 (Y股英鎊避險),yfinance,債券型,全球市場
B14197,2017-01-24,1.1875534057617188,英鎊,富達基金－全球通膨連結債券基金 (Y股英鎊避險),yfinance,債券型,全球市場
B14197,2017-01-25,1.1856067180633545,英鎊,富達基金－全球通膨連結債券基金 (Y股英鎊避險),yfinance,債券型,全球市場
B14197,2017-01-26,1.1846332550048828,英鎊,富達基金－全球通膨連結債券基金 (Y股英鎊避險),yfinance,債券型,全球市場
B14197,2017-01-27,1.1856067180633545,英鎊,富達基金－全球通膨連結債券基金 (Y股英鎊避險),yfinance,債券型,全球市場
B14197,2017-01-30,1.1856067180633545,英鎊,富達基金－全球通膨連結債券基金 (Y股英鎊避險),yfinance,債券型,全球市場
B14197,2017-01-31,1.1875534057617188,英鎊,富達基金－全球通膨連結債券基金 (Y股英鎊避險),yfinance,債券型,全球市場
B14197,2017-02-01,1.1856067180633545,英鎊,富達基金－全球通膨連結債券基金 (Y股英鎊避險),yfinance,債券型,全球市場
B14197,2017-02-02,1.1865800619125366,英鎊,富達基金－全球通膨連結債券基金 (Y股英鎊避險),yfinance,債券型,全球市場
B14197,2017-02-03,1.1885268688201904,英鎊,富達基金－全球通膨連結債券基金 (Y股英鎊避險),yfinance,債券型,全球市場
B14197,2017-02-06,1.1856067180633545,英鎊,富達基金－全球通膨連結債券基金 (Y股英鎊避險),yfinance,債券型,全球市場
B14197,2017-02-07,1.1865800619125366,英鎊,富達基金－全球通膨連結債券基金 (Y股英鎊避險),yfinance,債券型,全球市場
B14197,2017-02-08,1.1885268688201904,英鎊,富達基金－全球通膨連結債券基金 (Y股英鎊避險),yfinance,債券型,全球市場
B14197,2017-02-09,1.1875534057617188,英鎊,富達基金－全球通膨連結債券基金 (Y股英鎊避險),yfinance,債券型,全球市場
B14197,2017-02-10,1.1875534057617188,英鎊,富達基金－全球通膨連結債券基金 (Y股英鎊避險),yfinance,債券型,全球市場
B14197,2017-02-13,1.1865800619125366,英鎊,富達基金－全球通膨連結債券基金 (Y股英鎊避險),yfinance,債券型,全球市場
B14197,2017-02-14,1.1846332550048828,英鎊,富達基金－全球通膨連結債券基金 (Y股英鎊避險),yfinance,債券型,全球市場
B14197,2017-02-15,1.1846332550048828,英鎊,富達基金－全球通膨連結債券基金 (Y股英鎊避險),yfinance,債券型,全球市場
B14197,2017-02-16,1.1865800619125366,英鎊,富達基金－全球通膨連結債券基金 (Y股英鎊避險),yfinance,債券型,全球市場
B14197,2017-02-17,1.1875534057617188,英鎊,富達基金－全球通膨連結債券基金 (Y股英鎊避險),yfinance,債券型,全球市場
B14197,2017-02-20,1.1865800619125366,英鎊,富達基金－全球通膨連結債券基金 (Y股英鎊避險),yfinance,債券型,全球市場
B14197,2017-02-21,1.1856067180633545,英鎊,富達基金－全球通膨連結債券基金 (Y股英鎊避險),yfinance,債券型,全球市場
B14197,2017-02-22,1.1856067180633545,英鎊,富達基金－全球通膨連結債券基金 (Y股英鎊避險),yfinance,債券型,全球市場
B14197,2017-02-23,1.1885268688201904,英鎊,富達基金－全球通膨連結債券基金 (Y股英鎊避險),yfinance,債券型,全球市場
B14197,2017-02-24,1.1895004510879517,英鎊,富達基金－全球通膨連結債券基金 (Y股英鎊避險),yfinance,債券型,全球市場
B14197,2017-02-27,1.1904737949371338,英鎊,富達基金－全球通膨連結債券基金 (Y股英鎊避險),yfinance,債券型,全球市場
B14197,2017-02-28,1.1895004510879517,英鎊,富達基金－全球通膨連結債券基金 (Y股英鎊避險),yfinance,債券型,全球市場
B14197,2017-03-01,1.1856067180633545,英鎊,富達基金－全球通膨連結債券基金 (Y股英鎊避險),yfinance,債券型,全球市場
B14197,2017-03-02,1.1836597919464111,英鎊,富達基金－全球通膨連結債券基金 (Y股英鎊避險),yfinance,債券型,全球市場
B14197,2017-03-03,1.1836597919464111,英鎊,富達基金－全球通膨連結債券基金 (Y股英鎊避險),yfinance,債券型,全球市場
B14197,2017-03-06,1.1836597919464111,英鎊,富達基金－全球通膨連結債券基金 (Y股英鎊避險),yfinance,債券型,全球市場
B14197,2017-03-07,1.182686448097229,英鎊,富達基金－全球通膨連結債券基金 (Y股英鎊避險),yfinance,債券型,全球市場
B14197,2017-03-08,1.1807397603988647,英鎊,富達基金－全球通膨連結債券基金 (Y股英鎊避險),yfinance,債券型,全球市場
B14197,2017-03-09,1.1778193712234497,英鎊,富達基金－全球通膨連結債券基金 (Y股英鎊避險),yfinance,債券型,全球市場
B14197,2017-03-10,1.176845908164978,英鎊,富達基金－全球通膨連結債券基金 (Y股英鎊避險),yfinance,債券型,全球市場
B14197,2017-03-13,1.176845908164978,英鎊,富達基金－全球通膨連結債券基金 (Y股英鎊避險),yfinance,債券型,全球市場
B14197,2017-03-14,1.175872564315796,英鎊,富達基金－全球通膨連結債券基金 (Y股英鎊避險),yfinance,債券型,全球市場
B14197,2017-03-15,1.1778193712234497,英鎊,富達基金－全球通膨連結債券基金 (Y股英鎊避險),yfinance,債券型,全球市場
B14197,2017-03-16,1.1807397603988647,英鎊,富達基金－全球通膨連結債券基金 (Y股英鎊避險),yfinance,債券型,全球市場
B14197,2017-03-17,1.1807397603988647,英鎊,富達基金－全球通膨連結債券基金 (Y股英鎊避險),yfinance,債券型,全球市場
B14197,2017-03-20,1.1817131042480469,英鎊,富達基金－全球通膨連結債券基金 (Y股英鎊避險),yfinance,債券型,全球市場
B14197,2017-03-21,1.182686448097229,英鎊,富達基金－全球通膨連結債券基金 (Y股英鎊避險),yfinance,債券型,全球市場
B14197,2017-03-22,1.1836597919464111,英鎊,富達基金－全球通膨連結債券基金 (Y股英鎊避險),yfinance,債券型,全球市場
B14197,2017-03-23,1.182686448097229,英鎊,富達基金－全球通膨連結債券基金 (Y股英鎊避險),yfinance,債券型,全球市場
B14197,2017-03-24,1.1846332550048828,英鎊,富達基金－全球通膨連結債券基金 (Y股英鎊避險),yfinance,債券型,全球市場
B14197,2017-03-27,1.1856067180633545,英鎊,富達基金－全球通膨連結債券基金 (Y股英鎊避險),yfinance,債券型,全球市場
B14197,2017-03-28,1.1856067180633545,英鎊,富達基金－全球通膨連結債券基金 (Y股英鎊避險),yfinance,債券型,全球市場
B14197,2017-03-29,1.1856067180633545,英鎊,富達基金－全球通膨連結債券基金 (Y股英鎊避險),yfinance,債券型,全球市場
B14197,2017-03-30,1.1856067180633545,英鎊,富達基金－全球通膨連結債券基金 (Y股英鎊避險),yfinance,債券型,全球市場
B14197,2017-03-31,1.1856067180633545,英鎊,富達基金－全球通膨連結債券基金 (Y股英鎊避險),yfinance,債券型,全球市場
B14197,2017-04-03,1.1885268688201904,英鎊,富達基金－全球通膨連結債券基金 (Y股英鎊避險),yfinance,債券型,全球市場
B14197,2017-04-04,1.1885268688201904,英鎊,富達基金－全球通膨連結債券基金 (Y股英鎊避險),yfinance,債券型,全球市場
B14197,2017-04-05,1.1895004510879517,英鎊,富達基金－全球通膨連結債券基金 (Y股英鎊避險),yfinance,債券型,全球市場
B14197,2017-04-06,1.1895004510879517,英鎊,富達基金－全球通膨連結債券基金 (Y股英鎊避險),yfinance,債券型,全球市場
B14197,2017-04-07,1.1904737949371338,英鎊,富達基金－全球通膨連結債券基金 (Y股英鎊避險),yfinance,債券型,全球市場
B14197,2017-04-10,1.1895004510879517,英鎊,富達基金－全球通膨連結債券基金 (Y股英鎊避險),yfinance,債券型,全球市場
B14197,2017-04-11,1.1895004510879517,英鎊,富達基金－全球通膨連結債券基金 (Y股英鎊避險),yfinance,債券型,全球市場
B14197,2017-04-12,1.191447138786316,英鎊,富達基金－全球通膨連結債券基金 (Y股英鎊避險),yfinance,債券型,全球市場
B14197,2017-04-13,1.1924203634262085,英鎊,富達基金－全球通膨連結債券基金 (Y股英鎊避險),yfinance,債券型,全球市場
B14197,2017-04-18,1.191447138786316,英鎊,富達基金－全球通膨連結債券基金 (Y股英鎊避險),yfinance,債券型,全球市場
B14197,2017-04-19,1.1904737949371338,英鎊,富達基金－全球通膨連結債券基金 (Y股英鎊避險),yfinance,債券型,全球市場
B14197,2017-04-20,1.1895004510879517,英鎊,富達基金－全球通膨連結債券基金 (Y股英鎊避險),yfinance,債券型,全球市場
B14197,2017-04-21,1.1895004510879517,英鎊,富達基金－全球通膨連結債券基金 (Y股英鎊避險),yfinance,債券型,全球市場
B14197,2017-04-24,1.1895004510879517,英鎊,富達基金－全球通膨連結債券基金 (Y股英鎊避險),yfinance,債券型,全球市場
B14197,2017-04-25,1.1885268688201904,英鎊,富達基金－全球通膨連結債券基金 (Y股英鎊避險),yfinance,債券型,全球市場
B14197,2017-04-26,1.1885268688201904,英鎊,富達基金－全球通膨連結債券基金 (Y股英鎊避險),yfinance,債券型,全球市場
B14197,2017-04-27,1.1904737949371338,英鎊,富達基金－全球通膨連結債券基金 (Y股英鎊避險),yfinance,債券型,全球市場
B14197,2017-04-28,1.191447138786316,英鎊,富達基金－全球通膨連結債券基金 (Y股英鎊避險),yfinance,債券型,全球市場
B14197,2017-05-02,1.1895004510879517,英鎊,富達基金－全球通膨連結債券基金 (Y股英鎊避險),yfinance,債券型,全球市場
B14197,2017-05-03,1.1895004510879517,英鎊,富達基金－全球通膨連結債券基金 (Y股英鎊避險),yfinance,債券型,全球市場
B14197,2017-05-04,1.1846332550048828,英鎊,富達基金－全球通膨連結債券基金 (Y股英鎊避險),yfinance,債券型,全球市場
B14197,2017-05-05,1.1856067180633545,英鎊,富達基金－全球通膨連結債券基金 (Y股英鎊避險),yfinance,債券型,全球市場
B14197,2017-05-08,1.1836597919464111,英鎊,富達基金－全球通膨連結債券基金 (Y股英鎊避險),yfinance,債券型,全球市場
B14197,2017-05-09,1.1817131042480469,英鎊,富達基金－全球通膨連結債券基金 (Y股英鎊避險),yfinance,債券型,全球市場
B14197,2017-05-10,1.1836597919464111,英鎊,富達基金－全球通膨連結債券基金 (Y股英鎊避險),yfinance,債券型,全球市場
B14197,2017-05-11,1.1856067180633545,英鎊,富達基金－全球通膨連結債券基金 (Y股英鎊避險),yfinance,債券型,全球市場
B14197,2017-05-12,1.1865800619125366,英鎊,富達基金－全球通膨連結債券基金 (Y股英鎊避險),yfinance,債券型,全球市場
B14197,2017-05-15,1.1875534057617188,英鎊,富達基金－全球通膨連結債券基金 (Y股英鎊避險),yfinance,債券型,全球市場
B14197,2017-05-16,1.1856067180633545,英鎊,富達基金－全球通膨連結債券基金 (Y股英鎊避險),yfinance,債券型,全球市場
B14197,2017-05-17,1.1895004510879517,英鎊,富達基金－全球通膨連結債券基金 (Y股英鎊避險),yfinance,債券型,全球市場
B14197,2017-05-18,1.1904737949371338,英鎊,富達基金－全球通膨連結債券基金 (Y股英鎊避險),yfinance,債券型,全球市場
B14197,2017-05-19,1.1904737949371338,英鎊,富達基金－全球通膨連結債券基金 (Y股英鎊避險),yfinance,債券型,全球市場
B14197,2017-05-22,1.191447138786316,英鎊,富達基金－全球通膨連結債券基金 (Y股英鎊避險),yfinance,債券型,全球市場
B14197,2017-05-23,1.1904737949371338,英鎊,富達基金－全球通膨連結債券基金 (Y股英鎊避險),yfinance,債券型,全球市場
B14197,2017-05-24,1.1895004510879517,英鎊,富達基金－全球通膨連結債券基金 (Y股英鎊避險),yfinance,債券型,全球市場
B14197,2017-05-25,1.1904737949371338,英鎊,富達基金－全球通膨連結債券基金 (Y股英鎊避險),yfinance,債券型,全球市場
B14197,2017-05-26,1.1924203634262085,英鎊,富達基金－全球通膨連結債券基金 (Y股英鎊避險),yfinance,債券型,全球市場
B14197,2017-05-30,1.1924203634262085,英鎊,富達基金－全球通膨連結債券基金 (Y股英鎊避險),yfinance,債券型,全球市場
B14197,2017-05-31,1.1924203634262085,英鎊,富達基金－全球通膨連結債券基金 (Y股英鎊避險),yfinance,債券型,全球市場
B14197,2017-06-01,1.191447138786316,英鎊,富達基金－全球通膨連結債券基金 (Y股英鎊避險),yfinance,債券型,全球市場
B14197,2017-06-02,1.1943670511245728,英鎊,富達基金－全球通膨連結債券基金 (Y股英鎊避險),yfinance,債券型,全球市場
B14197,2017-06-05,1.1924203634262085,英鎊,富達基金－全球通膨連結債券基金 (Y股英鎊避險),yfinance,債券型,全球市場
B14197,2017-06-06,1.1943670511245728,英鎊,富達基金－全球通膨連結債券基金 (Y股英鎊避險),yfinance,債券型,全球市場
B14197,2017-06-07,1.191447138786316,英鎊,富達基金－全球通膨連結債券基金 (Y股英鎊避險),yfinance,債券型,全球市場
B14197,2017-06-08,1.191447138786316,英鎊,富達基金－全球通膨連結債券基金 (Y股英鎊避險),yfinance,債券型,全球市場
B14197,2017-06-09,1.1924203634262085,英鎊,富達基金－全球通膨連結債券基金 (Y股英鎊避險),yfinance,債券型,全球市場
B14197,2017-06-12,1.1924203634262085,英鎊,富達基金－全球通膨連結債券基金 (Y股英鎊避險),yfinance,債券型,全球市場
B14197,2017-06-13,1.191447138786316,英鎊,富達基金－全球通膨連結債券基金 (Y股英鎊避險),yfinance,債券型,全球市場
B14197,2017-06-14,1.1933938264846802,英鎊,富達基金－全球通膨連結債券基金 (Y股英鎊避險),yfinance,債券型,全球市場
B14197,2017-06-15,1.1875534057617188,英鎊,富達基金－全球通膨連結債券基金 (Y股英鎊避險),yfinance,債券型,全球市場
B14197,2017-06-16,1.1885268688201904,英鎊,富達基金－全球通膨連結債券基金 (Y股英鎊避險),yfinance,債券型,全球市場
B14197,2017-06-19,1.1875534057617188,英鎊,富達基金－全球通膨連結債券基金 (Y股英鎊避險),yfinance,債券型,全球市場
B14197,2017-06-20,1.1875534057617188,英鎊,富達基金－全球通膨連結債券基金 (Y股英鎊避險),yfinance,債券型,全球市場
B14197,2017-06-21,1.1865800619125366,英鎊,富達基金－全球通膨連結債券基金 (Y股英鎊避險),yfinance,債券型,全球市場
B14197,2017-06-22,1.1875534057617188,英鎊,富達基金－全球通膨連結債券基金 (Y股英鎊避險),yfinance,債券型,全球市場
B14197,2017-06-23,1.1895004510879517,英鎊,富達基金－全球通膨連結債券基金 (Y股英鎊避險),yfinance,債券型,全球市場
B14197,2017-06-26,1.191447138786316,英鎊,富達基金－全球通膨連結債券基金 (Y股英鎊避險),yfinance,債券型,全球市場
B14197,2017-06-27,1.1875534057617188,英鎊,富達基金－全球通膨連結債券基金 (Y股英鎊避險),yfinance,債券型,全球市場
B14197,2017-06-28,1.1875534057617188,英鎊,富達基金－全球通膨連結債券基金 (Y股英鎊避險),yfinance,債券型,全球市場
B14197,2017-06-29,1.1846332550048828,英鎊,富達基金－全球通膨連結債券基金 (Y股英鎊避險),yfinance,債券型,全球市場
B14197,2017-06-30,1.1836597919464111,英鎊,富達基金－全球通膨連結債券基金 (Y股英鎊避險),yfinance,債券型,全球市場
B14197,2017-07-03,1.1836597919464111,英鎊,富達基金－全球通膨連結債券基金 (Y股英鎊避險),yfinance,債券型,全球市場
B14197,2017-07-04,1.1836597919464111,英鎊,富達基金－全球通膨連結債券基金 (Y股英鎊避險),yfinance,債券型,全球市場
B14197,2017-07-05,1.1836597919464111,英鎊,富達基金－全球通膨連結債券基金 (Y股英鎊避險),yfinance,債券型,全球市場
B14197,2017-07-06,1.1817131042480469,英鎊,富達基金－全球通膨連結債券基金 (Y股英鎊避險),yfinance,債券型,全球市場
B14197,2017-07-07,1.179766297340393,英鎊,富達基金－全球通膨連結債券基金 (Y股英鎊避險),yfinance,債券型,全球市場
B14197,2017-07-10,1.1807397603988647,英鎊,富達基金－全球通膨連結債券基金 (Y股英鎊避險),yfinance,債券型,全球市場
B14197,2017-07-11,1.179766297340393,英鎊,富達基金－全球通膨連結債券基金 (Y股英鎊避險),yfinance,債券型,全球市場
B14197,2017-07-12,1.1836597919464111,英鎊,富達基金－全球通膨連結債券基金 (Y股英鎊避險),yfinance,債券型,全球市場
B14197,2017-07-13,1.182686448097229,英鎊,富達基金－全球通膨連結債券基金 (Y股英鎊避險),yfinance,債券型,全球市場
B14197,2017-07-14,1.182686448097229,英鎊,富達基金－全球通膨連結債券基金 (Y股英鎊避險),yfinance,債券型,全球市場
B14197,2017-07-17,1.1836597919464111,英鎊,富達基金－全球通膨連結債券基金 (Y股英鎊避險),yfinance,債券型,全球市場
B14197,2017-07-18,1.1856067180633545,英鎊,富達基金－全球通膨連結債券基金 (Y股英鎊避險),yfinance,債券型,全球市場
B14197,2017-07-19,1.1856067180633545,英鎊,富達基金－全球通膨連結債券基金 (Y股英鎊避險),yfinance,債券型,全球市場
B14197,2017-07-20,1.1875534057617188,英鎊,富達基金－全球通膨連結債券基金 (Y股英鎊避險),yfinance,債券型,全球市場
B14197,2017-07-21,1.1865800619125366,英鎊,富達基金－全球通膨連結債券基金 (Y股英鎊避險),yfinance,債券型,全球市場
B14197,2017-07-24,1.1865800619125366,英鎊,富達基金－全球通膨連結債券基金 (Y股英鎊避險),yfinance,債券型,全球市場
B14197,2017-07-25,1.1846332550048828,英鎊,富達基金－全球通膨連結債券基金 (Y股英鎊避險),yfinance,債券型,全球市場
B14197,2017-07-26,1.1846332550048828,英鎊,富達基金－全球通膨連結債券基金 (Y股英鎊避險),yfinance,債券型,全球市場
B14197,2017-07-27,1.1865800619125366,英鎊,富達基金－全球通膨連結債券基金 (Y股英鎊避險),yfinance,債券型,全球市場
B14197,2017-07-28,1.1875534057617188,英鎊,富達基金－全球通膨連結債券基金 (Y股英鎊避險),yfinance,債券型,全球市場
B14197,2017-07-31,1.1875534057617188,英鎊,富達基金－全球通膨連結債券基金 (Y股英鎊避險),yfinance,債券型,全球市場
B14197,2017-08-01,1.18833589553833,英鎊,富達基金－全球通膨連結債券基金 (Y股英鎊避險),yfinance,債券型,全球市場
B14197,2017-08-02,1.18833589553833,英鎊,富達基金－全球通膨連結債券基金 (Y股英鎊避險),yfinance,債券型,全球市場
B14197,2017-08-03,1.1902920007705688,英鎊,富達基金－全球通膨連結債券基金 (Y股英鎊避險),yfinance,債券型,全球市場
B14197,2017-08-04,1.1893138885498047,英鎊,富達基金－全球通膨連結債券基金 (Y股英鎊避險),yfinance,債券型,全球市場
B14197,2017-08-07,1.1902920007705688,英鎊,富達基金－全球通膨連結債券基金 (Y股英鎊避險),yfinance,債券型,全球市場
B14197,2017-08-08,1.1902920007705688,英鎊,富達基金－全球通膨連結債券基金 (Y股英鎊避險),yfinance,債券型,全球市場
B14197,2017-08-09,1.1932260990142822,英鎊,富達基金－全球通膨連結債券基金 (Y股英鎊避險),yfinance,債券型,全球市場
B14197,2017-08-10,1.1932260990142822,英鎊,富達基金－全球通膨連結債券基金 (Y股英鎊避險),yfinance,債券型,全球市場
B14197,2017-08-11,1.1932260990142822,英鎊,富達基金－全球通膨連結債券基金 (Y股英鎊避險),yfinance,債券型,全球市場
B14197,2017-08-14,1.1922481060028076,英鎊,富達基金－全球通膨連結債券基金 (Y股英鎊避險),yfinance,債券型,全球市場
B14197,2017-08-15,1.1893138885498047,英鎊,富達基金－全球通膨連結債券基金 (Y股英鎊避險),yfinance,債券型,全球市場
B14197,2017-08-16,1.1893138885498047,英鎊,富達基金－全球通膨連結債券基金 (Y股英鎊避險),yfinance,債券型,全球市場
B14197,2017-08-17,1.191270112991333,英鎊,富達基金－全球通膨連結債券基金 (Y股英鎊避險),yfinance,債券型,全球市場
B14197,2017-08-18,1.1922481060028076,英鎊,富達基金－全球通膨連結債券基金 (Y股英鎊避險),yfinance,債券型,全球市場
B14197,2017-08-21,1.1922481060028076,英鎊,富達基金－全球通膨連結債券基金 (Y股英鎊避險),yfinance,債券型,全球市場
B14197,2017-08-22,1.191270112991333,英鎊,富達基金－全球通膨連結債券基金 (Y股英鎊避險),yfinance,債券型,全球市場
B14197,2017-08-23,1.1922481060028076,英鎊,富達基金－全球通膨連結債券基金 (Y股英鎊避險),yfinance,債券型,全球市場
B14197,2017-08-24,1.1922481060028076,英鎊,富達基金－全球通膨連結債券基金 (Y股英鎊避險),yfinance,債券型,全球市場
B14197,2017-08-25,1.1922481060028076,英鎊,富達基金－全球通膨連結債券基金 (Y股英鎊避險),yfinance,債券型,全球市場
B14197,2017-08-29,1.1942042112350464,英鎊,富達基金－全球通膨連結債券基金 (Y股英鎊避險),yfinance,債券型,全球市場
B14197,2017-08-30,1.1942042112350464,英鎊,富達基金－全球通膨連結債券基金 (Y股英鎊避險),yfinance,債券型,全球市場
B14197,2017-08-31,1.1942042112350464,英鎊,富達基金－全球通膨連結債券基金 (Y股英鎊避險),yfinance,債券型,全球市場
B14197,2017-09-01,1.1942042112350464,英鎊,富達基金－全球通膨連結債券基金 (Y股英鎊避險),yfinance,債券型,全球市場
B14197,2017-09-04,1.1942042112350464,英鎊,富達基金－全球通膨連結債券基金 (Y股英鎊避險),yfinance,債券型,全球市場
B14197,2017-09-05,1.1971384286880493,英鎊,富達基金－全球通膨連結債券基金 (Y股英鎊避險),yfinance,債券型,全球市場
B14197,2017-09-06,1.1981163024902344,英鎊,富達基金－全球通膨連結債券基金 (Y股英鎊避險),yfinance,債券型,全球市場
B14197,2017-09-07,1.2000722885131836,英鎊,富達基金－全球通膨連結債券基金 (Y股英鎊避險),yfinance,債券型,全球市場
B14197,2017-09-08,1.2000722885131836,英鎊,富達基金－全球通膨連結債券基金 (Y股英鎊避險),yfinance,債券型,全球市場
B14197,2017-09-11,1.1990944147109985,英鎊,富達基金－全球通膨連結債券基金 (Y股英鎊避險),yfinance,債券型,全球市場
B14197,2017-09-12,1.1961604356765747,英鎊,富達基金－全球通膨連結債券基金 (Y股英鎊避險),yfinance,債券型,全球市場
B14197,2017-09-13,1.1961604356765747,英鎊,富達基金－全球通膨連結債券基金 (Y股英鎊避險),yfinance,債券型,全球市場
B14197,2017-09-14,1.1951824426651,英鎊,富達基金－全球通膨連結債券基金 (Y股英鎊避險),yfinance,債券型,全球市場
B14197,2017-09-15,1.1942042112350464,英鎊,富達基金－全球通膨連結債券基金 (Y股英鎊避險),yfinance,債券型,全球市場
B14197,2017-09-18,1.1932260990142822,英鎊,富達基金－全球通膨連結債券基金 (Y股英鎊避險),yfinance,債券型,全球市場
B14197,2017-09-19,1.1942042112350464,英鎊,富達基金－全球通膨連結債券基金 (Y股英鎊避險),yfinance,債券型,全球市場
B14197,2017-09-20,1.1932260990142822,英鎊,富達基金－全球通膨連結債券基金 (Y股英鎊避險),yfinance,債券型,全球市場
B14197,2017-09-21,1.191270112991333,英鎊,富達基金－全球通膨連結債券基金 (Y股英鎊避險),yfinance,債券型,全球市場
B14197,2017-09-22,1.1922481060028076,英鎊,富達基金－全球通膨連結債券基金 (Y股英鎊避險),yfinance,債券型,全球市場
B14197,2017-09-25,1.1942042112350464,英鎊,富達基金－全球通膨連結債券基金 (Y股英鎊避險),yfinance,債券型,全球市場
B14197,2017-09-26,1.1932260990142822,英鎊,富達基金－全球通膨連結債券基金 (Y股英鎊避險),yfinance,債券型,全球市場
B14197,2017-09-27,1.191270112991333,英鎊,富達基金－全球通膨連結債券基金 (Y股英鎊避險),yfinance,債券型,全球市場
B14197,2017-09-28,1.191270112991333,英鎊,富達基金－全球通膨連結債券基金 (Y股英鎊避險),yfinance,債券型,全球市場
B14197,2017-09-29,1.191270112991333,英鎊,富達基金－全球通膨連結債券基金 (Y股英鎊避險),yfinance,債券型,全球市場
B14197,2017-10-02,1.1902920007705688,英鎊,富達基金－全球通膨連結債券基金 (Y股英鎊避險),yfinance,債券型,全球市場
B14197,2017-10-03,1.1902920007705688,英鎊,富達基金－全球通膨連結債券基金 (Y股英鎊避險),yfinance,債券型,全球市場
B14197,2017-10-04,1.1902920007705688,英鎊,富達基金－全球通膨連結債券基金 (Y股英鎊避險),yfinance,債券型,全球市場
B14197,2017-10-05,1.1922481060028076,英鎊,富達基金－全球通膨連結債券基金 (Y股英鎊避險),yfinance,債券型,全球市場
B14197,2017-10-06,1.191270112991333,英鎊,富達基金－全球通膨連結債券基金 (Y股英鎊避險),yfinance,債券型,全球市場
B14197,2017-10-09,1.191270112991333,英鎊,富達基金－全球通膨連結債券基金 (Y股英鎊避險),yfinance,債券型,全球市場
B14197,2017-10-10,1.1922481060028076,英鎊,富達基金－全球通膨連結債券基金 (Y股英鎊避險),yfinance,債券型,全球市場
B14197,2017-10-11,1.1922481060028076,英鎊,富達基金－全球通膨連結債券基金 (Y股英鎊避險),yfinance,債券型,全球市場
B14197,2017-10-12,1.1932260990142822,英鎊,富達基金－全球通膨連結債券基金 (Y股英鎊避險),yfinance,債券型,全球市場
B14197,2017-10-13,1.1942042112350464,英鎊,富達基金－全球通膨連結債券基金 (Y股英鎊避險),yfinance,債券型,全球市場
B14197,2017-10-16,1.1951824426651,英鎊,富達基金－全球通膨連結債券基金 (Y股英鎊避險),yfinance,債券型,全球市場
B14197,2017-10-17,1.1942042112350464,英鎊,富達基金－全球通膨連結債券基金 (Y股英鎊避險),yfinance,債券型,全球市場
B14197,2017-10-18,1.1922481060028076,英鎊,富達基金－全球通膨連結債券基金 (Y股英鎊避險),yfinance,債券型,全球市場
B14197,2017-10-19,1.1922481060028076,英鎊,富達基金－全球通膨連結債券基金 (Y股英鎊避險),yfinance,債券型,全球市場
B14197,2017-10-20,1.191270112991333,英鎊,富達基金－全球通膨連結債券基金 (Y股英鎊避險),yfinance,債券型,全球市場
B14197,2017-10-23,1.1922481060028076,英鎊,富達基金－全球通膨連結債券基金 (Y股英鎊避險),yfinance,債券型,全球市場
B14197,2017-10-24,1.1902920007705688,英鎊,富達基金－全球通膨連結債券基金 (Y股英鎊避險),yfinance,債券型,全球市場
B14197,2017-10-25,1.1893138885498047,英鎊,富達基金－全球通膨連結債券基金 (Y股英鎊避險),yfinance,債券型,全球市場
B14197,2017-10-26,1.191270112991333,英鎊,富達基金－全球通膨連結債券基金 (Y股英鎊避險),yfinance,債券型,全球市場
B14197,2017-10-27,1.1932260990142822,英鎊,富達基金－全球通膨連結債券基金 (Y股英鎊避險),yfinance,債券型,全球市場
B14197,2017-10-30,1.1951824426651,英鎊,富達基金－全球通膨連結債券基金 (Y股英鎊避險),yfinance,債券型,全球市場
B14197,2017-10-31,1.1951824426651,英鎊,富達基金－全球通膨連結債券基金 (Y股英鎊避險),yfinance,債券型,全球市場
B14197,2017-11-01,1.1961604356765747,英鎊,富達基金－全球通膨連結債券基金 (Y股英鎊避險),yfinance,債券型,全球市場
B14197,2017-11-02,1.1971384286880493,英鎊,富達基金－全球通膨連結債券基金 (Y股英鎊避險),yfinance,債券型,全球市場
B14197,2017-11-03,1.1971384286880493,英鎊,富達基金－全球通膨連結債券基金 (Y股英鎊避險),yfinance,債券型,全球市場
B14197,2017-11-06,1.1981163024902344,英鎊,富達基金－全球通膨連結債券基金 (Y股英鎊避險),yfinance,債券型,全球市場
B14197,2017-11-07,1.2000722885131836,英鎊,富達基金－全球通膨連結債券基金 (Y股英鎊避險),yfinance,債券型,全球市場
B14197,2017-11-08,1.2000722885131836,英鎊,富達基金－全球通膨連結債券基金 (Y股英鎊避險),yfinance,債券型,全球市場
B14197,2017-11-09,1.1990944147109985,英鎊,富達基金－全球通膨連結債券基金 (Y股英鎊避險),yfinance,債券型,全球市場
B14197,2017-11-10,1.1971384286880493,英鎊,富達基金－全球通膨連結債券基金 (Y股英鎊避險),yfinance,債券型,全球市場
B14197,2017-11-13,1.1971384286880493,英鎊,富達基金－全球通膨連結債券基金 (Y股英鎊避險),yfinance,債券型,全球市場
B14197,2017-11-14,1.1971384286880493,英鎊,富達基金－全球通膨連結債券基金 (Y股英鎊避險),yfinance,債券型,全球市場
B14197,2017-11-15,1.1981163024902344,英鎊,富達基金－全球通膨連結債券基金 (Y股英鎊避險),yfinance,債券型,全球市場
B14197,2017-11-16,1.1971384286880493,英鎊,富達基金－全球通膨連結債券基金 (Y股英鎊避險),yfinance,債券型,全球市場
B14197,2017-11-17,1.1981163024902344,英鎊,富達基金－全球通膨連結債券基金 (Y股英鎊避險),yfinance,債券型,全球市場
B14197,2017-11-20,1.1971384286880493,英鎊,富達基金－全球通膨連結債券基金 (Y股英鎊避險),yfinance,債券型,全球市場
B14197,2017-11-21,1.1961604356765747,英鎊,富達基金－全球通膨連結債券基金 (Y股英鎊避險),yfinance,債券型,全球市場
B14197,2017-11-22,1.1981163024902344,英鎊,富達基金－全球通膨連結債券基金 (Y股英鎊避險),yfinance,債券型,全球市場
B14197,2017-11-23,1.1990944147109985,英鎊,富達基金－全球通膨連結債券基金 (Y股英鎊避險),yfinance,債券型,全球市場
B14197,2017-11-24,1.1990944147109985,英鎊,富達基金－全球通膨連結債券基金 (Y股英鎊避險),yfinance,債券型,全球市場
B14197,2017-11-27,1.1990944147109985,英鎊,富達基金－全球通膨連結債券基金 (Y股英鎊避險),yfinance,債券型,全球市場
B14197,2017-11-28,1.1990944147109985,英鎊,富達基金－全球通膨連結債券基金 (Y股英鎊避險),yfinance,債券型,全球市場
B14197,2017-11-29,1.1971384286880493,英鎊,富達基金－全球通膨連結債券基金 (Y股英鎊避險),yfinance,債券型,全球市場
B14197,2017-11-30,1.1971384286880493,英鎊,富達基金－全球通膨連結債券基金 (Y股英鎊避險),yfinance,債券型,全球市場
B14197,2017-12-01,1.2000722885131836,英鎊,富達基金－全球通膨連結債券基金 (Y股英鎊避險),yfinance,債券型,全球市場
B14197,2017-12-04,1.1990944147109985,英鎊,富達基金－全球通膨連結債券基金 (Y股英鎊避險),yfinance,債券型,全球市場
B14197,2017-12-05,1.2000722885131836,英鎊,富達基金－全球通膨連結債券基金 (Y股英鎊避險),yfinance,債券型,全球市場
B14197,2017-12-06,1.2020283937454224,英鎊,富達基金－全球通膨連結債券基金 (Y股英鎊避險),yfinance,債券型,全球市場
B14197,2017-12-07,1.2010505199432373,英鎊,富達基金－全球通膨連結債券基金 (Y股英鎊避險),yfinance,債券型,全球市場
B14197,2017-12-08,1.2000722885131836,英鎊,富達基金－全球通膨連結債券基金 (Y股英鎊避險),yfinance,債券型,全球市場
B14197,2017-12-11,1.2010505199432373,英鎊,富達基金－全球通膨連結債券基金 (Y股英鎊避險),yfinance,債券型,全球市場
B14197,2017-12-12,1.1990944147109985,英鎊,富達基金－全球通膨連結債券基金 (Y股英鎊避險),yfinance,債券型,全球市場
B14197,2017-12-13,1.1990944147109985,英鎊,富達基金－全球通膨連結債券基金 (Y股英鎊避險),yfinance,債券型,全球市場
B14197,2017-12-14,1.2000722885131836,英鎊,富達基金－全球通膨連結債券基金 (Y股英鎊避險),yfinance,債券型,全球市場
B14197,2017-12-15,1.2000722885131836,英鎊,富達基金－全球通膨連結債券基金 (Y股英鎊避險),yfinance,債券型,全球市場
B14197,2017-12-18,1.2000722885131836,英鎊,富達基金－全球通膨連結債券基金 (Y股英鎊避險),yfinance,債券型,全球市場
B14197,2017-12-19,1.1961604356765747,英鎊,富達基金－全球通膨連結債券基金 (Y股英鎊避險),yfinance,債券型,全球市場
B14197,2017-12-20,1.1951824426651,英鎊,富達基金－全球通膨連結債券基金 (Y股英鎊避險),yfinance,債券型,全球市場
B14197,2017-12-21,1.1951824426651,英鎊,富達基金－全球通膨連結債券基金 (Y股英鎊避險),yfinance,債券型,全球市場
B14197,2017-12-22,1.1961604356765747,英鎊,富達基金－全球通膨連結債券基金 (Y股英鎊避險),yfinance,債券型,全球市場
B14197,2017-12-27,1.1981163024902344,英鎊,富達基金－全球通膨連結債券基金 (Y股英鎊避險),yfinance,債券型,全球市場
B14197,2017-12-28,1.1981163024902344,英鎊,富達基金－全球通膨連結債券基金 (Y股英鎊避險),yfinance,債券型,全球市場
B14197,2017-12-29,1.1981163024902344,英鎊,富達基金－全球通膨連結債券基金 (Y股英鎊避險),yfinance,債券型,全球市場
B24051,2017-01-03,1.9638237953186035,英鎊,霸菱全球農業基金-A類英鎊,yfinance,未分類,全球市場
B24051,2017-01-04,1.9795657396316528,英鎊,霸菱全球農業基金-A類英鎊,yfinance,未分類,全球市場
B24051,2017-01-05,2.000227451324463,英鎊,霸菱全球農業基金-A類英鎊,yfinance,未分類,全球市場
B24051,2017-01-06,1.9913723468780518,英鎊,霸菱全球農業基金-A類英鎊,yfinance,未分類,全球市場
B24051,2017-01-09,2.0130178928375244,英鎊,霸菱全球農業基金-A類英鎊,yfinance,未分類,全球市場
B24051,2017-01-10,2.0159692764282227,英鎊,霸菱全球農業基金-A類英鎊,yfinance,未分類,全球市場
B24051,2017-01-11,2.016953229904175,英鎊,霸菱全球農業基金-A類英鎊,yfinance,未分類,全球市場
B24051,2017-01-12,2.016953229904175,英鎊,霸菱全球農業基金-A類英鎊,yfinance,未分類,全球市場
B24051,2017-01-13,2.0317115783691406,英鎊,霸菱全球農業基金-A類英鎊,yfinance,未分類,全球市場
B24051,2017-01-16,2.052372694015503,英鎊,霸菱全球農業基金-A類英鎊,yfinance,未分類,全球市場
B24051,2017-01-17,2.033679246902466,英鎊,霸菱全球農業基金-A類英鎊,yfinance,未分類,全球市場
B24051,2017-01-18,2.0218727588653564,英鎊,霸菱全球農業基金-A類英鎊,yfinance,未分類,全球市場
B24051,2017-01-19,2.010066032409668,英鎊,霸菱全球農業基金-A類英鎊,yfinance,未分類,全球市場
B24051,2017-01-20,2.0130178928375244,英鎊,霸菱全球農業基金-A類英鎊,yfinance,未分類,全球市場
B24051,2017-01-23,2.012033700942993,英鎊,霸菱全球農業基金-A類英鎊,yfinance,未分類,全球市場
B24051,2017-01-24,2.0080978870391846,英鎊,霸菱全球農業基金-A類英鎊,yfinance,未分類,全球市場
B24051,2017-01-25,2.0159692764282227,英鎊,霸菱全球農業基金-A類英鎊,yfinance,未分類,全球市場
B24051,2017-01-26,2.020888566970825,英鎊,霸菱全球農業基金-A類英鎊,yfinance,未分類,全球市場
B24051,2017-01-27,2.009082317352295,英鎊,霸菱全球農業基金-A類英鎊,yfinance,未分類,全球市場
B24051,2017-01-30,2.0061304569244385,英鎊,霸菱全球農業基金-A類英鎊,yfinance,未分類,全球市場
B24051,2017-01-31,2.003178834915161,英鎊,霸菱全球農業基金-A類英鎊,yfinance,未分類,全球市場
B24051,2017-02-01,1.9825174808502197,英鎊,霸菱全球農業基金-A類英鎊,yfinance,未分類,全球市場
B24051,2017-02-02,1.9874366521835327,英鎊,霸菱全球農業基金-A類英鎊,yfinance,未分類,全球市場
B24051,2017-02-03,2.016953229904175,英鎊,霸菱全球農業基金-A類英鎊,yfinance,未分類,全球市場
B24051,2017-02-06,2.028759717941284,英鎊,霸菱全球農業基金-A類英鎊,yfinance,未分類,全球市場
B24051,2017-02-07,2.0297436714172363,英鎊,霸菱全球農業基金-A類英鎊,yfinance,未分類,全球市場
B24051,2017-02-08,2.033679246902466,英鎊,霸菱全球農業基金-A類英鎊,yfinance,未分類,全球市場
B24051,2017-02-09,2.024824380874634,英鎊,霸菱全球農業基金-A類英鎊,yfinance,未分類,全球市場
B24051,2017-02-10,2.0494210720062256,英鎊,霸菱全球農業基金-A類英鎊,yfinance,未分類,全球市場
B24051,2017-02-13,2.050405263900757,英鎊,霸菱全球農業基金-A類英鎊,yfinance,未分類,全球市場
B24051,2017-02-14,2.0651633739471436,英鎊,霸菱全球農業基金-A類英鎊,yfinance,未分類,全球市場
B24051,2017-02-15,2.069098472595215,英鎊,霸菱全球農業基金-A類英鎊,yfinance,未分類,全球市場
B24051,2017-02-16,2.068114995956421,英鎊,霸菱全球農業基金-A類英鎊,yfinance,未分類,全球市場
B24051,2017-02-17,2.070082664489746,英鎊,霸菱全球農業基金-A類英鎊,yfinance,未分類,全球市場
B24051,2017-02-20,2.0651633739471436,英鎊,霸菱全球農業基金-A類英鎊,yfinance,未分類,全球市場
B24051,2017-02-21,2.0671310424804688,英鎊,霸菱全球農業基金-A類英鎊,yfinance,未分類,全球市場
B24051,2017-02-22,2.0592598915100098,英鎊,霸菱全球農業基金-A類英鎊,yfinance,未分類,全球市場
B24051,2017-02-23,2.0563082695007324,英鎊,霸菱全球農業基金-A類英鎊,yfinance,未分類,全球市場
B24051,2017-02-24,2.0297436714172363,英鎊,霸菱全球農業基金-A類英鎊,yfinance,未分類,全球市場
B24051,2017-02-27,2.0474534034729004,英鎊,霸菱全球農業基金-A類英鎊,yfinance,未分類,全球市場
B24051,2017-02-28,2.0484371185302734,英鎊,霸菱全球農業基金-A類英鎊,yfinance,未分類,全球市場
B24051,2017-03-01,2.06319522857666,英鎊,霸菱全球農業基金-A類英鎊,yfinance,未分類,全球市場
B24051,2017-03-02,2.088776111602783,英鎊,霸菱全球農業基金-A類英鎊,yfinance,未分類,全球市場
B24051,2017-03-03,2.0750021934509277,英鎊,霸菱全球農業基金-A類英鎊,yfinance,未分類,全球市場
B24051,2017-03-06,2.077953577041626,英鎊,霸菱全球農業基金-A類英鎊,yfinance,未分類,全球市場
B24051,2017-03-07,2.0818891525268555,英鎊,霸菱全球農業基金-A類英鎊,yfinance,未分類,全球市場
B24051,2017-03-08,2.076969861984253,英鎊,霸菱全球農業基金-A類英鎊,yfinance,未分類,全球市場
B24051,2017-03-09,2.0671310424804688,英鎊,霸菱全球農業基金-A類英鎊,yfinance,未分類,全球市場
B24051,2017-03-10,2.0809054374694824,英鎊,霸菱全球農業基金-A類英鎊,yfinance,未分類,全球市場
B24051,2017-03-13,2.0828733444213867,英鎊,霸菱全球農業基金-A類英鎊,yfinance,未分類,全球市場
B24051,2017-03-14,2.092712163925171,英鎊,霸菱全球農業基金-A類英鎊,yfinance,未分類,全球市場
B24051,2017-03-15,2.0750021934509277,英鎊,霸菱全球農業基金-A類英鎊,yfinance,未分類,全球市場
B24051,2017-03-16,2.0818891525268555,英鎊,霸菱全球農業基金-A類英鎊,yfinance,未分類,全球市場
B24051,2017-03-17,2.069098472595215,英鎊,霸菱全球農業基金-A類英鎊,yfinance,未分類,全球市場
B24051,2017-03-20,2.06319522857666,英鎊,霸菱全球農業基金-A類英鎊,yfinance,未分類,全球市場
B24051,2017-03-21,2.0563082695007324,英鎊,霸菱全球農業基金-A類英鎊,yfinance,未分類,全球市場
B24051,2017-03-22,2.0395824909210205,英鎊,霸菱全球農業基金-A類英鎊,yfinance,未分類,全球市場
B24051,2017-03-23,2.042534351348877,英鎊,霸菱全球農業基金-A類英鎊,yfinance,未分類,全球市場
B24051,2017-03-24,2.04351806640625,英鎊,霸菱全球農業基金-A類英鎊,yfinance,未分類,全球市場
B24051,2017-03-27,2.020888566970825,英鎊,霸菱全球農業基金-A類英鎊,yfinance,未分類,全球市場
B24051,2017-03-28,2.0238404273986816,英鎊,霸菱全球農業基金-A類英鎊,yfinance,未分類,全球市場
B24051,2017-03-29,2.0484371185302734,英鎊,霸菱全球農業基金-A類英鎊,yfinance,未分類,全球市場
B24051,2017-03-30,2.0553245544433594,英鎊,霸菱全球農業基金-A類英鎊,yfinance,未分類,全球市場
B24051,2017-03-31,2.0484371185302734,英鎊,霸菱全球農業基金-A類英鎊,yfinance,未分類,全球市場
B24051,2017-04-03,2.044501781463623,英鎊,霸菱全球農業基金-A類英鎊,yfinance,未分類,全球市場
B24051,2017-04-04,2.0494210720062256,英鎊,霸菱全球農業基金-A類英鎊,yfinance,未分類,全球市場
B24051,2017-04-05,2.05138897895813,英鎊,霸菱全球農業基金-A類英鎊,yfinance,未分類,全球市場
B24051,2017-04-06,2.044501781463623,英鎊,霸菱全球農業基金-A類英鎊,yfinance,未分類,全球市場
B24051,2017-04-07,2.0563082695007324,英鎊,霸菱全球農業基金-A類英鎊,yfinance,未分類,全球市場
B24051,2017-04-10,2.061227560043335,英鎊,霸菱全球農業基金-A類英鎊,yfinance,未分類,全球市場
B24051,2017-04-11,2.0710666179656982,英鎊,霸菱全球農業基金-A類英鎊,yfinance,未分類,全球市場
B24051,2017-04-12,2.062211513519287,英鎊,霸菱全球農業基金-A類英鎊,yfinance,未分類,全球市場
B24051,2017-04-13,2.0582759380340576,英鎊,霸菱全球農業基金-A類英鎊,yfinance,未分類,全球市場
B24051,2017-04-18,2.033679246902466,英鎊,霸菱全球農業基金-A類英鎊,yfinance,未分類,全球市場
B24051,2017-04-19,2.0071144104003906,英鎊,霸菱全球農業基金-A類英鎊,yfinance,未分類,全球市場
B24051,2017-04-20,2.0051465034484863,英鎊,霸菱全球農業基金-A類英鎊,yfinance,未分類,全球市場
B24051,2017-04-21,2.0149855613708496,英鎊,霸菱全球農業基金-A類英鎊,yfinance,未分類,全球市場
B24051,2017-04-24,2.0297436714172363,英鎊,霸菱全球農業基金-A類英鎊,yfinance,未分類,全球市場
B24051,2017-04-25,2.0307273864746094,英鎊,霸菱全球農業基金-A類英鎊,yfinance,未分類,全球市場
B24051,2017-04-26,2.042534351348877,英鎊,霸菱全球農業基金-A類英鎊,yfinance,未分類,全球市場
B24051,2017-04-27,2.028759717941284,英鎊,霸菱全球農業基金-A類英鎊,yfinance,未分類,全球市場
B24051,2017-04-28,2.028759717941284,英鎊,霸菱全球農業基金-A類英鎊,yfinance,未分類,全球市場
B24051,2017-05-02,2.027776002883911,英鎊,霸菱全球農業基金-A類英鎊,yfinance,未分類,全球市場
B24051,2017-05-03,2.011049747467041,英鎊,霸菱全球農業基金-A類英鎊,yfinance,未分類,全球市場
B24051,2017-05-04,1.9992433786392212,英鎊,霸菱全球農業基金-A類英鎊,yfinance,未分類,全球市場
B24051,2017-05-05,1.9923560619354248,英鎊,霸菱全球農業基金-A類英鎊,yfinance,未分類,全球市場
B24051,2017-05-08,1.9972755908966064,英鎊,霸菱全球農業基金-A類英鎊,yfinance,未分類,全球市場
B24051,2017-05-09,1.9864528179168701,英鎊,霸菱全球農業基金-A類英鎊,yfinance,未分類,全球市場
B24051,2017-05-10,1.9815332889556885,英鎊,霸菱全球農業基金-A類英鎊,yfinance,未分類,全球市場
B24051,2017-05-11,1.9864528179168701,英鎊,霸菱全球農業基金-A類英鎊,yfinance,未分類,全球市場
B24051,2017-05-12,1.9864528179168701,英鎊,霸菱全球農業基金-A類英鎊,yfinance,未分類,全球市場
B24051,2017-05-15,1.9835011959075928,英鎊,霸菱全球農業基金-A類英鎊,yfinance,未分類,全球市場
B24051,2017-05-16,1.993340015411377,英鎊,霸菱全球農業基金-A類英鎊,yfinance,未分類,全球市場
B24051,2017-05-17,1.9835011959075928,英鎊,霸菱全球農業基金-A類英鎊,yfinance,未分類,全球市場
B24051,2017-05-18,1.9500494003295898,英鎊,霸菱全球農業基金-A類英鎊,yfinance,未分類,全球市場
B24051,2017-05-19,1.943162202835083,英鎊,霸菱全球農業基金-A類英鎊,yfinance,未分類,全球市場
B24051,2017-05-22,1.9864528179168701,英鎊,霸菱全球農業基金-A類英鎊,yfinance,未分類,全球市場
B24051,2017-05-23,1.99038827419281,英鎊,霸菱全球農業基金-A類英鎊,yfinance,未分類,全球市場
B24051,2017-05-24,2.012033700942993,英鎊,霸菱全球農業基金-A類英鎊,yfinance,未分類,全球市場
B24051,2017-05-25,2.011049747467041,英鎊,霸菱全球農業基金-A類英鎊,yfinance,未分類,全球市場
B24051,2017-05-26,2.019904613494873,英鎊,霸菱全球農業基金-A類英鎊,yfinance,未分類,全球市場
B24051,2017-05-30,2.0238404273986816,英鎊,霸菱全球農業基金-A類英鎊,yfinance,未分類,全球市場
B24051,2017-05-31,2.0238404273986816,英鎊,霸菱全球農業基金-A類英鎊,yfinance,未分類,全球市場
B24051,2017-06-01,2.0149855613708496,英鎊,霸菱全球農業基金-A類英鎊,yfinance,未分類,全球市場
B24051,2017-06-02,2.0297436714172363,英鎊,霸菱全球農業基金-A類英鎊,yfinance,未分類,全球市場
B24051,2017-06-05,2.025808334350586,英鎊,霸菱全球農業基金-A類英鎊,yfinance,未分類,全球市場
B24051,2017-06-06,2.020888566970825,英鎊,霸菱全球農業基金-A類英鎊,yfinance,未分類,全球市場
B24051,2017-06-07,2.0228567123413086,英鎊,霸菱全球農業基金-A類英鎊,yfinance,未分類,全球市場
B24051,2017-06-08,2.011049747467041,英鎊,霸菱全球農業基金-A類英鎊,yfinance,未分類,全球市場
B24051,2017-06-09,2.035646677017212,英鎊,霸菱全球農業基金-A類英鎊,yfinance,未分類,全球市場
B24051,2017-06-12,2.060243844985962,英鎊,霸菱全球農業基金-A類英鎊,yfinance,未分類,全球市場
B24051,2017-06-13,2.0592598915100098,英鎊,霸菱全球農業基金-A類英鎊,yfinance,未分類,全球市場
B24051,2017-06-14,2.076969861984253,英鎊,霸菱全球農業基金-A類英鎊,yfinance,未分類,全球市場
B24051,2017-06-15,2.0543406009674072,英鎊,霸菱全球農業基金-A類英鎊,yfinance,未分類,全球市場
B24051,2017-06-16,2.0474534034729004,英鎊,霸菱全球農業基金-A類英鎊,yfinance,未分類,全球市場
B24051,2017-06-19,2.052372694015503,英鎊,霸菱全球農業基金-A類英鎊,yfinance,未分類,全球市場
B24051,2017-06-20,2.0730342864990234,英鎊,霸菱全球農業基金-A類英鎊,yfinance,未分類,全球市場
B24051,2017-06-21,2.0464694499969482,英鎊,霸菱全球農業基金-A類英鎊,yfinance,未分類,全球市場
B24051,2017-06-22,2.0385985374450684,英鎊,霸菱全球農業基金-A類英鎊,yfinance,未分類,全球市場
B24051,2017-06-23,2.0297436714172363,英鎊,霸菱全球農業基金-A類英鎊,yfinance,未分類,全球市場
B24051,2017-06-26,2.0326952934265137,英鎊,霸菱全球農業基金-A類英鎊,yfinance,未分類,全球市場
B24051,2017-06-27,2.025808334350586,英鎊,霸菱全球農業基金-A類英鎊,yfinance,未分類,全球市場
B24051,2017-06-28,2.0080978870391846,英鎊,霸菱全球農業基金-A類英鎊,yfinance,未分類,全球市場
B24051,2017-06-29,1.9972755908966064,英鎊,霸菱全球農業基金-A類英鎊,yfinance,未分類,全球市場
B24051,2017-06-30,1.9835011959075928,英鎊,霸菱全球農業基金-A類英鎊,yfinance,未分類,全球市場
B24051,2017-07-03,1.998259425163269,英鎊,霸菱全球農業基金-A類英鎊,yfinance,未分類,全球市場
B24051,2017-07-04,2.016953229904175,英鎊,霸菱全球農業基金-A類英鎊,yfinance,未分類,全球市場
B24051,2017-07-05,2.020888566970825,英鎊,霸菱全球農業基金-A類英鎊,yfinance,未分類,全球市場
B24051,2017-07-06,2.001211166381836,英鎊,霸菱全球農業基金-A類英鎊,yfinance,未分類,全球市場
B24051,2017-07-07,1.99038827419281,英鎊,霸菱全球農業基金-A類英鎊,yfinance,未分類,全球市場
B24051,2017-07-10,1.9992433786392212,英鎊,霸菱全球農業基金-A類英鎊,yfinance,未分類,全球市場
B24051,2017-07-11,2.0149855613708496,英鎊,霸菱全球農業基金-A類英鎊,yfinance,未分類,全球市場
B24051,2017-07-12,2.020888566970825,英鎊,霸菱全球農業基金-A類英鎊,yfinance,未分類,全球市場
B24051,2017-07-13,2.0189208984375,英鎊,霸菱全球農業基金-A類英鎊,yfinance,未分類,全球市場
B24051,2017-07-14,2.0317115783691406,英鎊,霸菱全球農業基金-A類英鎊,yfinance,未分類,全球市場
B24051,2017-07-17,2.0307273864746094,英鎊,霸菱全球農業基金-A類英鎊,yfinance,未分類,全球市場
B24051,2017-07-18,2.0376148223876953,英鎊,霸菱全球農業基金-A類英鎊,yfinance,未分類,全球市場
B24051,2017-07-19,2.02679181098938,英鎊,霸菱全球農業基金-A類英鎊,yfinance,未分類,全球市場
B24051,2017-07-20,2.0582759380340576,英鎊,霸菱全球農業基金-A類英鎊,yfinance,未分類,全球市場
B24051,2017-07-21,2.050405263900757,英鎊,霸菱全球農業基金-A類英鎊,yfinance,未分類,全球市場
B24051,2017-07-24,2.0484371185302734,英鎊,霸菱全球農業基金-A類英鎊,yfinance,未分類,全球市場
B24051,2017-07-25,2.0464694499969482,英鎊,霸菱全球農業基金-A類英鎊,yfinance,未分類,全球市場
B24051,2017-07-26,2.0543406009674072,英鎊,霸菱全球農業基金-A類英鎊,yfinance,未分類,全球市場
B24051,2017-07-27,2.036630630493164,英鎊,霸菱全球農業基金-A類英鎊,yfinance,未分類,全球市場
B24051,2017-07-28,2.0405664443969727,英鎊,霸菱全球農業基金-A類英鎊,yfinance,未分類,全球市場
B24051,2017-07-31,2.034663438796997,英鎊,霸菱全球農業基金-A類英鎊,yfinance,未分類,全球市場
B24051,2017-08-01,2.027776002883911,英鎊,霸菱全球農業基金-A類英鎊,yfinance,未分類,全球市場
B24051,2017-08-02,2.025808334350586,英鎊,霸菱全球農業基金-A類英鎊,yfinance,未分類,全球市場
B24051,2017-08-03,2.0297436714172363,英鎊,霸菱全球農業基金-A類英鎊,yfinance,未分類,全球市場
B24051,2017-08-04,2.044501781463623,英鎊,霸菱全球農業基金-A類英鎊,yfinance,未分類,全球市場
B24051,2017-08-07,2.0592598915100098,英鎊,霸菱全球農業基金-A類英鎊,yfinance,未分類,全球市場
B24051,2017-08-08,2.0661468505859375,英鎊,霸菱全球農業基金-A類英鎊,yfinance,未分類,全球市場
B24051,2017-08-09,2.0641794204711914,英鎊,霸菱全球農業基金-A類英鎊,yfinance,未分類,全球市場
B24051,2017-08-10,2.0572922229766846,英鎊,霸菱全球農業基金-A類英鎊,yfinance,未分類,全球市場
B24051,2017-08-11,2.035646677017212,英鎊,霸菱全球農業基金-A類英鎊,yfinance,未分類,全球市場
B24051,2017-08-14,2.0395824909210205,英鎊,霸菱全球農業基金-A類英鎊,yfinance,未分類,全球市場
B24051,2017-08-15,2.0582759380340576,英鎊,霸菱全球農業基金-A類英鎊,yfinance,未分類,全球市場
B24051,2017-08-16,2.0563082695007324,英鎊,霸菱全球農業基金-A類英鎊,yfinance,未分類,全球市場
B24051,2017-08-17,2.060243844985962,英鎊,霸菱全球農業基金-A類英鎊,yfinance,未分類,全球市場
B24051,2017-08-18,2.0326952934265137,英鎊,霸菱全球農業基金-A類英鎊,yfinance,未分類,全球市場
B24051,2017-08-21,2.016953229904175,英鎊,霸菱全球農業基金-A類英鎊,yfinance,未分類,全球市場
B24051,2017-08-22,2.027776002883911,英鎊,霸菱全球農業基金-A類英鎊,yfinance,未分類,全球市場
B24051,2017-08-23,2.0385985374450684,英鎊,霸菱全球農業基金-A類英鎊,yfinance,未分類,全球市場
B24051,2017-08-24,2.0376148223876953,英鎊,霸菱全球農業基金-A類英鎊,yfinance,未分類,全球市場
B24051,2017-08-25,2.0317115783691406,英鎊,霸菱全球農業基金-A類英鎊,yfinance,未分類,全球市場
B24051,2017-08-29,2.012033700942993,英鎊,霸菱全球農業基金-A類英鎊,yfinance,未分類,全球市場
B24051,2017-08-30,2.0130178928375244,英鎊,霸菱全球農業基金-A類英鎊,yfinance,未分類,全球市場
B24051,2017-08-31,2.024824380874634,英鎊,霸菱全球農業基金-A類英鎊,yfinance,未分類,全球市場
B24051,2017-09-01,2.036630630493164,英鎊,霸菱全球農業基金-A類英鎊,yfinance,未分類,全球市場
B24051,2017-09-04,2.033679246902466,英鎊,霸菱全球農業基金-A類英鎊,yfinance,未分類,全球市場
B24051,2017-09-05,2.034663438796997,英鎊,霸菱全球農業基金-A類英鎊,yfinance,未分類,全球市場
B24051,2017-09-06,2.0149855613708496,英鎊,霸菱全球農業基金-A類英鎊,yfinance,未分類,全球市場
B24051,2017-09-07,2.028759717941284,英鎊,霸菱全球農業基金-A類英鎊,yfinance,未分類,全球市場
B24051,2017-09-08,2.0189208984375,英鎊,霸菱全球農業基金-A類英鎊,yfinance,未分類,全球市場
B24051,2017-09-11,2.0189208984375,英鎊,霸菱全球農業基金-A類英鎊,yfinance,未分類,全球市場
B24051,2017-09-12,2.0189208984375,英鎊,霸菱全球農業基金-A類英鎊,yfinance,未分類,全球市場
B24051,2017-09-13,2.0189208984375,英鎊,霸菱全球農業基金-A類英鎊,yfinance,未分類,全球市場
B24051,2017-09-14,2.020888566970825,英鎊,霸菱全球農業基金-A類英鎊,yfinance,未分類,全球市場
B24051,2017-09-15,1.9775978326797485,英鎊,霸菱全球農業基金-A類英鎊,yfinance,未分類,全球市場
B24051,2017-09-18,1.9992433786392212,英鎊,霸菱全球農業基金-A類英鎊,yfinance,未分類,全球市場
B24051,2017-09-19,2.024824380874634,英鎊,霸菱全球農業基金-A類英鎊,yfinance,未分類,全球市場
B24051,2017-09-20,2.020888566970825,英鎊,霸菱全球農業基金-A類英鎊,yfinance,未分類,全球市場
B24051,2017-09-21,2.0130178928375244,英鎊,霸菱全球農業基金-A類英鎊,yfinance,未分類,全球市場
B24051,2017-09-22,2.0071144104003906,英鎊,霸菱全球農業基金-A類英鎊,yfinance,未分類,全球市場
B24051,2017-09-25,2.011049747467041,英鎊,霸菱全球農業基金-A類英鎊,yfinance,未分類,全球市場
B24051,2017-09-26,2.0149855613708496,英鎊,霸菱全球農業基金-A類英鎊,yfinance,未分類,全球市場
B24051,2017-09-27,2.0130178928375244,英鎊,霸菱全球農業基金-A類英鎊,yfinance,未分類,全球市場
B24051,2017-09-28,2.0140013694763184,英鎊,霸菱全球農業基金-A類英鎊,yfinance,未分類,全球市場
B24051,2017-09-29,2.027776002883911,英鎊,霸菱全球農業基金-A類英鎊,yfinance,未分類,全球市場
B24051,2017-10-02,2.053356647491455,英鎊,霸菱全球農業基金-A類英鎊,yfinance,未分類,全球市場
B24051,2017-10-03,2.0740182399749756,英鎊,霸菱全球農業基金-A類英鎊,yfinance,未分類,全球市場
B24051,2017-10-04,2.078937292098999,英鎊,霸菱全球農業基金-A類英鎊,yfinance,未分類,全球市場
B24051,2017-10-05,2.0976312160491943,英鎊,霸菱全球農業基金-A類英鎊,yfinance,未分類,全球市場
B24051,2017-10-06,2.111405611038208,英鎊,霸菱全球農業基金-A類英鎊,yfinance,未分類,全球市場
B24051,2017-10-09,2.088776111602783,英鎊,霸菱全球農業基金-A類英鎊,yfinance,未分類,全球市場
B24051,2017-10-10,2.086808443069458,英鎊,霸菱全球農業基金-A類英鎊,yfinance,未分類,全球市場
B24051,2017-10-11,2.076969861984253,英鎊,霸菱全球農業基金-A類英鎊,yfinance,未分類,全球市場
B24051,2017-10-12,2.0818891525268555,英鎊,霸菱全球農業基金-A類英鎊,yfinance,未分類,全球市場
B24051,2017-10-13,2.069098472595215,英鎊,霸菱全球農業基金-A類英鎊,yfinance,未分類,全球市場
B24051,2017-10-16,2.076969861984253,英鎊,霸菱全球農業基金-A類英鎊,yfinance,未分類,全球市場
B24051,2017-10-17,2.0897603034973145,英鎊,霸菱全球農業基金-A類英鎊,yfinance,未分類,全球市場
B24051,2017-10-18,2.084841012954712,英鎊,霸菱全球農業基金-A類英鎊,yfinance,未分類,全球市場
B24051,2017-10-19,2.0897603034973145,英鎊,霸菱全球農業基金-A類英鎊,yfinance,未分類,全球市場
B24051,2017-10-20,2.084841012954712,英鎊,霸菱全球農業基金-A類英鎊,yfinance,未分類,全球市場
B24051,2017-10-23,2.085824728012085,英鎊,霸菱全球農業基金-A類英鎊,yfinance,未分類,全球市場
B24051,2017-10-24,2.084841012954712,英鎊,霸菱全球農業基金-A類英鎊,yfinance,未分類,全球市場
B24051,2017-10-25,2.085824728012085,英鎊,霸菱全球農業基金-A類英鎊,yfinance,未分類,全球市場
B24051,2017-10-26,2.086808443069458,英鎊,霸菱全球農業基金-A類英鎊,yfinance,未分類,全球市場
B24051,2017-10-27,2.1055026054382324,英鎊,霸菱全球農業基金-A類英鎊,yfinance,未分類,全球市場
B24051,2017-10-30,2.0956637859344482,英鎊,霸菱全球農業基金-A類英鎊,yfinance,未分類,全球市場
B24051,2017-10-31,2.088776111602783,英鎊,霸菱全球農業基金-A類英鎊,yfinance,未分類,全球市場
B24051,2017-11-01,2.0818891525268555,英鎊,霸菱全球農業基金-A類英鎊,yfinance,未分類,全球市場
B24051,2017-11-02,2.1143572330474854,英鎊,霸菱全球農業基金-A類英鎊,yfinance,未分類,全球市場
B24051,2017-11-03,2.1153411865234375,英鎊,霸菱全球農業基金-A類英鎊,yfinance,未分類,全球市場
B24051,2017-11-06,2.110421895980835,英鎊,霸菱全球農業基金-A類英鎊,yfinance,未分類,全球市場
B24051,2017-11-07,2.0995988845825195,英鎊,霸菱全球農業基金-A類英鎊,yfinance,未分類,全球市場
B24051,2017-11-08,2.0986151695251465,英鎊,霸菱全球農業基金-A類英鎊,yfinance,未分類,全球市場
B24051,2017-11-09,2.103534460067749,英鎊,霸菱全球農業基金-A類英鎊,yfinance,未分類,全球市場
B24051,2017-11-10,2.077953577041626,英鎊,霸菱全球農業基金-A類英鎊,yfinance,未分類,全球市場
B24051,2017-11-13,2.0917279720306396,英鎊,霸菱全球農業基金-A類英鎊,yfinance,未分類,全球市場
B24051,2017-11-14,2.088776111602783,英鎊,霸菱全球農業基金-A類英鎊,yfinance,未分類,全球市場
B24051,2017-11-15,2.0661468505859375,英鎊,霸菱全球農業基金-A類英鎊,yfinance,未分類,全球市場
B24051,2017-11-16,2.0543406009674072,英鎊,霸菱全球農業基金-A類英鎊,yfinance,未分類,全球市場
B24051,2017-11-17,2.0710666179656982,英鎊,霸菱全球農業基金-A類英鎊,yfinance,未分類,全球市場
B24051,2017-11-20,2.0671310424804688,英鎊,霸菱全球農業基金-A類英鎊,yfinance,未分類,全球市場
B24051,2017-11-21,2.0809054374694824,英鎊,霸菱全球農業基金-A類英鎊,yfinance,未分類,全球市場
B24051,2017-11-22,2.094679594039917,英鎊,霸菱全球農業基金-A類英鎊,yfinance,未分類,全球市場
B24051,2017-11-23,2.101566791534424,英鎊,霸菱全球農業基金-A類英鎊,yfinance,未分類,全球市場
B24051,2017-11-24,2.102550983428955,英鎊,霸菱全球農業基金-A類英鎊,yfinance,未分類,全球市場
B24051,2017-11-27,2.0976312160491943,英鎊,霸菱全球農業基金-A類英鎊,yfinance,未分類,全球市場
B24051,2017-11-28,2.103534460067749,英鎊,霸菱全球農業基金-A類英鎊,yfinance,未分類,全球市場
B24051,2017-11-29,2.0995988845825195,英鎊,霸菱全球農業基金-A類英鎊,yfinance,未分類,全球市場
B24051,2017-11-30,2.093695878982544,英鎊,霸菱全球農業基金-A類英鎊,yfinance,未分類,全球市場
B24051,2017-12-01,2.093695878982544,英鎊,霸菱全球農業基金-A類英鎊,yfinance,未分類,全球市場
B24051,2017-12-04,2.100583076477051,英鎊,霸菱全球農業基金-A類英鎊,yfinance,未分類,全球市場
B24051,2017-12-05,2.104518413543701,英鎊,霸菱全球農業基金-A類英鎊,yfinance,未分類,全球市場
B24051,2017-12-06,2.104518413543701,英鎊,霸菱全球農業基金-A類英鎊,yfinance,未分類,全球市場
B24051,2017-12-07,2.0995988845825195,英鎊,霸菱全球農業基金-A類英鎊,yfinance,未分類,全球市場
B24051,2017-12-08,2.0917279720306396,英鎊,霸菱全球農業基金-A類英鎊,yfinance,未分類,全球市場
B24051,2017-12-11,2.1143572330474854,英鎊,霸菱全球農業基金-A類英鎊,yfinance,未分類,全球市場
B24051,2017-12-12,2.1222283840179443,英鎊,霸菱全球農業基金-A類英鎊,yfinance,未分類,全球市場
B24051,2017-12-13,2.1320669651031494,英鎊,霸菱全球農業基金-A類英鎊,yfinance,未分類,全球市場
B24051,2017-12-14,2.1241960525512695,英鎊,霸菱全球農業基金-A類英鎊,yfinance,未分類,全球市場
B24051,2017-12-15,2.119276762008667,英鎊,霸菱全球農業基金-A類英鎊,yfinance,未分類,全球市場
B24051,2017-12-18,2.135018825531006,英鎊,霸菱全球農業基金-A類英鎊,yfinance,未分類,全球市場
B24051,2017-12-19,2.145841121673584,英鎊,霸菱全球農業基金-A類英鎊,yfinance,未分類,全球市場
B24051,2017-12-20,2.136986255645752,英鎊,霸菱全球農業基金-A類英鎊,yfinance,未分類,全球市場
B24051,2017-12-21,2.1419057846069336,英鎊,霸菱全球農業基金-A類英鎊,yfinance,未分類,全球市場
B24051,2017-12-22,2.154695987701416,英鎊,霸菱全球農業基金-A類英鎊,yfinance,未分類,全球市場
B24051,2017-12-27,2.1645350456237793,英鎊,霸菱全球農業基金-A類英鎊,yfinance,未分類,全球市場
B24051,2017-12-28,2.169454336166382,英鎊,霸菱全球農業基金-A類英鎊,yfinance,未分類,全球市場
B24051,2017-12-29,2.1586318016052246,英鎊,霸菱全球農業基金-A類英鎊,yfinance,未分類,全球市場
B24082,2017-01-03,22.89914894104004,英鎊,霸菱全球新興市場基金-A類英鎊配息型,yfinance,股票型,全球新興市場
B24082,2017-01-04,23.00588035583496,英鎊,霸菱全球新興市場基金-A類英鎊配息型,yfinance,股票型,全球新興市場
B24082,2017-01-05,23.161128997802734,英鎊,霸菱全球新興市場基金-A類英鎊配息型,yfinance,股票型,全球新興市場
B24082,2017-01-06,23.161128997802734,英鎊,霸菱全球新興市場基金-A類英鎊配息型,yfinance,股票型,全球新興市場
B24082,2017-01-09,23.45222282409668,英鎊,霸菱全球新興市場基金-A類英鎊配息型,yfinance,股票型,全球新興市場
B24082,2017-01-10,23.714204788208008,英鎊,霸菱全球新興市場基金-A類英鎊配息型,yfinance,股票型,全球新興市場
B24082,2017-01-11,23.927671432495117,英鎊,霸菱全球新興市場基金-A類英鎊配息型,yfinance,股票型,全球新興市場
B24082,2017-01-12,23.782127380371094,英鎊,霸菱全球新興市場基金-A類英鎊配息型,yfinance,股票型,全球新興市場
B24082,2017-01-13,23.86945152282715,英鎊,霸菱全球新興市場基金-A類英鎊配息型,yfinance,股票型,全球新興市場
B24082,2017-01-16,23.95677947998047,英鎊,霸菱全球新興市場基金-A類英鎊配息型,yfinance,股票型,全球新興市場
B24082,2017-01-17,23.74331283569336,英鎊,霸菱全球新興市場基金-A類英鎊配息型,yfinance,股票型,全球新興市場
B24082,2017-01-18,23.65598487854004,英鎊,霸菱全球新興市場基金-A類英鎊配息型,yfinance,股票型,全球新興市場
B24082,2017-01-19,23.461925506591797,英鎊,霸菱全球新興市場基金-A類英鎊配息型,yfinance,股票型,全球新興市場
B24082,2017-01-20,23.44251823425293,英鎊,霸菱全球新興市場基金-A類英鎊配息型,yfinance,股票型,全球新興市場
B24082,2017-01-23,23.209646224975586,英鎊,霸菱全球新興市場基金-A類英鎊配息型,yfinance,股票型,全球新興市場
B24082,2017-01-24,23.394004821777344,英鎊,霸菱全球新興市場基金-A類英鎊配息型,yfinance,股票型,全球新興市場
B24082,2017-01-25,23.335786819458008,英鎊,霸菱全球新興市場基金-A類英鎊配息型,yfinance,股票型,全球新興市場
B24082,2017-01-26,23.5589542388916,英鎊,霸菱全球新興市場基金-A類英鎊配息型,yfinance,股票型,全球新興市場
B24082,2017-01-27,23.56865692138672,英鎊,霸菱全球新興市場基金-A類英鎊配息型,yfinance,股票型,全球新興市場
B24082,2017-01-30,23.5589542388916,英鎊,霸菱全球新興市場基金-A類英鎊配息型,yfinance,股票型,全球新興市場
B24082,2017-01-31,23.62687873840332,英鎊,霸菱全球新興市場基金-A類英鎊配息型,yfinance,股票型,全球新興市場
B24082,2017-02-01,23.40370750427246,英鎊,霸菱全球新興市場基金-A類英鎊配息型,yfinance,股票型,全球新興市場
B24082,2017-02-02,23.45222282409668,英鎊,霸菱全球新興市場基金-A類英鎊配息型,yfinance,股票型,全球新興市場
B24082,2017-02-03,23.820934295654297,英鎊,霸菱全球新興市場基金-A類英鎊配息型,yfinance,股票型,全球新興市場
B24082,2017-02-06,24.12173080444336,英鎊,霸菱全球新興市場基金-A類英鎊配息型,yfinance,股票型,全球新興市場
B24082,2017-02-07,24.20905876159668,英鎊,霸菱全球新興市場基金-A類英鎊配息型,yfinance,股票型,全球新興市場
B24082,2017-02-08,24.014997482299805,英鎊,霸菱全球新興市場基金-A類英鎊配息型,yfinance,股票型,全球新興市場
B24082,2017-02-09,24.014997482299805,英鎊,霸菱全球新興市場基金-A類英鎊配息型,yfinance,股票型,全球新興市場
B24082,2017-02-10,24.29638671875,英鎊,霸菱全球新興市場基金-A類英鎊配息型,yfinance,股票型,全球新興市場
B24082,2017-02-13,24.38371467590332,英鎊,霸菱全球新興市場基金-A類英鎊配息型,yfinance,股票型,全球新興市場
B24082,2017-02-14,24.597179412841797,英鎊,霸菱全球新興市場基金-A類英鎊配息型,yfinance,股票型,全球新興市場
B24082,2017-02-15,24.762130737304688,英鎊,霸菱全球新興市場基金-A類英鎊配息型,yfinance,股票型,全球新興市場
B24082,2017-02-16,24.674802780151367,英鎊,霸菱全球新興市場基金-A類英鎊配息型,yfinance,股票型,全球新興市場
B24082,2017-02-17,24.762130737304688,英鎊,霸菱全球新興市場基金-A類英鎊配息型,yfinance,股票型,全球新興市場
B24082,2017-02-20,24.791240692138672,英鎊,霸菱全球新興市場基金-A類英鎊配息型,yfinance,股票型,全球新興市場
B24082,2017-02-21,24.878564834594727,英鎊,霸菱全球新興市場基金-A類英鎊配息型,yfinance,股票型,全球新興市場
B24082,2017-02-22,25.130842208862305,英鎊,霸菱全球新興市場基金-A類英鎊配息型,yfinance,股票型,全球新興市場
B24082,2017-02-23,25.140548706054688,英鎊,霸菱全球新興市場基金-A類英鎊配息型,yfinance,股票型,全球新興市場
B24082,2017-02-24,24.752429962158203,英鎊,霸菱全球新興市場基金-A類英鎊配息型,yfinance,股票型,全球新興市場
B24082,2017-02-27,24.946489334106445,英鎊,霸菱全球新興市場基金-A類英鎊配息型,yfinance,股票型,全球新興市場
B24082,2017-02-28,24.781536102294922,英鎊,霸菱全球新興市場基金-A類英鎊配息型,yfinance,股票型,全球新興市場
B24082,2017-03-01,25.092037200927734,英鎊,霸菱全球新興市場基金-A類英鎊配息型,yfinance,股票型,全球新興市場
B24082,2017-03-02,25.286094665527344,英鎊,霸菱全球新興市場基金-A類英鎊配息型,yfinance,股票型,全球新興市場
B24082,2017-03-03,25.111440658569336,英鎊,霸菱全球新興市場基金-A類英鎊配息型,yfinance,股票型,全球新興市場
B24082,2017-03-06,25.237577438354492,英鎊,霸菱全球新興市場基金-A類英鎊配息型,yfinance,股票型,全球新興市場
B24082,2017-03-07,25.441343307495117,英鎊,霸菱全球新興市場基金-A類英鎊配息型,yfinance,股票型,全球新興市場
B24082,2017-03-08,25.528669357299805,英鎊,霸菱全球新興市場基金-A類英鎊配息型,yfinance,股票型,全球新興市場
B24082,2017-03-09,25.208471298217773,英鎊,霸菱全球新興市場基金-A類英鎊配息型,yfinance,股票型,全球新興市場
B24082,2017-03-10,25.256986618041992,英鎊,霸菱全球新興市場基金-A類英鎊配息型,yfinance,股票型,全球新興市場
B24082,2017-03-13,25.363718032836914,英鎊,霸菱全球新興市場基金-A類英鎊配息型,yfinance,股票型,全球新興市場
B24082,2017-03-14,25.7712459564209,英鎊,霸菱全球新興市場基金-A類英鎊配息型,yfinance,股票型,全球新興市場
B24082,2017-03-15,25.645109176635742,英鎊,霸菱全球新興市場基金-A類英鎊配息型,yfinance,股票型,全球新興市場
B24082,2017-03-16,25.994417190551758,英鎊,霸菱全球新興市場基金-A類英鎊配息型,yfinance,股票型,全球新興市場
B24082,2017-03-20,25.994417190551758,英鎊,霸菱全球新興市場基金-A類英鎊配息型,yfinance,股票型,全球新興市場
B24082,2017-03-21,26.081741333007812,英鎊,霸菱全球新興市場基金-A類英鎊配息型,yfinance,股票型,全球新興市場
B24082,2017-03-22,25.742137908935547,英鎊,霸菱全球新興市場基金-A類英鎊配息型,yfinance,股票型,全球新興市場
B24082,2017-03-23,25.800357818603516,英鎊,霸菱全球新興市場基金-A類英鎊配息型,yfinance,股票型,全球新興市場
B24082,2017-03-24,25.76154136657715,英鎊,霸菱全球新興市場基金-A類英鎊配息型,yfinance,股票型,全球新興市場
B24082,2017-03-27,25.48015594482422,英鎊,霸菱全球新興市場基金-A類英鎊配息型,yfinance,股票型,全球新興市場
B24082,2017-03-28,25.59659194946289,英鎊,霸菱全球新興市場基金-A類英鎊配息型,yfinance,股票型,全球新興市場
B24082,2017-03-29,25.85857582092285,英鎊,霸菱全球新興市場基金-A類英鎊配息型,yfinance,股票型,全球新興市場
B24082,2017-03-30,25.85857582092285,英鎊,霸菱全球新興市場基金-A類英鎊配息型,yfinance,股票型,全球新興市場
B24082,2017-03-31,25.654813766479492,英鎊,霸菱全球新興市場基金-A類英鎊配息型,yfinance,股票型,全球新興市場
B24082,2017-04-03,25.683916091918945,英鎊,霸菱全球新興市場基金-A類英鎊配息型,yfinance,股票型,全球新興市場
B24082,2017-04-04,25.85857582092285,英鎊,霸菱全球新興市場基金-A類英鎊配息型,yfinance,股票型,全球新興市場
B24082,2017-04-05,25.955604553222656,英鎊,霸菱全球新興市場基金-A類英鎊配息型,yfinance,股票型,全球新興市場
B24082,2017-04-06,25.916791915893555,英鎊,霸菱全球新興市場基金-A類英鎊配息型,yfinance,股票型,全球新興市場
B24082,2017-04-07,25.7712459564209,英鎊,霸菱全球新興市場基金-A類英鎊配息型,yfinance,股票型,全球新興市場
B24082,2017-04-10,25.85857582092285,英鎊,霸菱全球新興市場基金-A類英鎊配息型,yfinance,股票型,全球新興市場
B24082,2017-04-11,25.81976318359375,英鎊,霸菱全球新興市場基金-A類英鎊配息型,yfinance,股票型,全球新興市場
B24082,2017-04-12,25.800357818603516,英鎊,霸菱全球新興市場基金-A類英鎊配息型,yfinance,股票型,全球新興市場
B24082,2017-04-13,25.713029861450195,英鎊,霸菱全球新興市場基金-A類英鎊配息型,yfinance,股票型,全球新興市場
B24082,2017-04-18,25.344314575195312,英鎊,霸菱全球新興市場基金-A類英鎊配息型,yfinance,股票型,全球新興市場
B24082,2017-04-19,24.946489334106445,英鎊,霸菱全球新興市場基金-A類英鎊配息型,yfinance,股票型,全球新興市場
B24082,2017-04-20,25.0338134765625,英鎊,霸菱全球新興市場基金-A類英鎊配息型,yfinance,股票型,全球新興市場
B24082,2017-04-21,25.227876663208008,英鎊,霸菱全球新興市場基金-A類英鎊配息型,yfinance,股票型,全球新興市場
B24082,2017-04-24,25.324907302856445,英鎊,霸菱全球新興市場基金-A類英鎊配息型,yfinance,股票型,全球新興市場
B24082,2017-04-25,25.654813766479492,英鎊,霸菱全球新興市場基金-A類英鎊配息型,yfinance,股票型,全球新興市場
B24082,2017-04-26,25.72273063659668,英鎊,霸菱全球新興市場基金-A類英鎊配息型,yfinance,股票型,全球新興市場
B24082,2017-04-27,25.60629653930664,英鎊,霸菱全球新興市場基金-A類英鎊配息型,yfinance,股票型,全球新興市場
B24082,2017-04-28,25.489858627319336,英鎊,霸菱全球新興市場基金-A類英鎊配息型,yfinance,股票型,全球新興市場
B24082,2017-05-02,25.713029861450195,英鎊,霸菱全球新興市場基金-A類英鎊配息型,yfinance,股票型,全球新興市場
B24082,2017-05-03,25.751842498779297,英鎊,霸菱全球新興市場基金-A類英鎊配息型,yfinance,股票型,全球新興市場
B24082,2017-05-04,25.703325271606445,英鎊,霸菱全球新興市場基金-A類英鎊配息型,yfinance,股票型,全球新興市場
B24082,2017-05-05,25.344314575195312,英鎊,霸菱全球新興市場基金-A類英鎊配息型,yfinance,股票型,全球新興市場
B24082,2017-05-08,25.538372039794922,英鎊,霸菱全球新興市場基金-A類英鎊配息型,yfinance,股票型,全球新興市場
B24082,2017-05-09,25.732433319091797,英鎊,霸菱全球新興市場基金-A類英鎊配息型,yfinance,股票型,全球新興市場
B24082,2017-05-10,25.8294620513916,英鎊,霸菱全球新興市場基金-A類英鎊配息型,yfinance,股票型,全球新興市場
B24082,2017-05-11,26.101146697998047,英鎊,霸菱全球新興市場基金-A類英鎊配息型,yfinance,股票型,全球新興市場
B24082,2017-05-12,26.2272891998291,英鎊,霸菱全球新興市場基金-A類英鎊配息型,yfinance,股票型,全球新興市場
B24082,2017-05-15,26.314617156982422,英鎊,霸菱全球新興市場基金-A類英鎊配息型,yfinance,股票型,全球新興市場
B24082,2017-05-16,26.51837921142578,英鎊,霸菱全球新興市場基金-A類英鎊配息型,yfinance,股票型,全球新興市場
B24082,2017-05-17,26.314617156982422,英鎊,霸菱全球新興市場基金-A類英鎊配息型,yfinance,股票型,全球新興市場
B24082,2017-05-18,25.7712459564209,英鎊,霸菱全球新興市場基金-A類英鎊配息型,yfinance,股票型,全球新興市場
B24082,2017-05-19,25.60629653930664,英鎊,霸菱全球新興市場基金-A類英鎊配息型,yfinance,股票型,全球新興市場
B24082,2017-05-22,26.033227920532227,英鎊,霸菱全球新興市場基金-A類英鎊配息型,yfinance,股票型,全球新興市場
B24082,2017-05-23,26.004119873046875,英鎊,霸菱全球新興市場基金-A類英鎊配息型,yfinance,股票型,全球新興市場
B24082,2017-05-24,26.004119873046875,英鎊,霸菱全球新興市場基金-A類英鎊配息型,yfinance,股票型,全球新興市場
B24082,2017-05-25,26.372835159301758,英鎊,霸菱全球新興市場基金-A類英鎊配息型,yfinance,股票型,全球新興市場
B24082,2017-05-26,26.56689453125,英鎊,霸菱全球新興市場基金-A類英鎊配息型,yfinance,股票型,全球新興市場
B24082,2017-05-30,26.47956657409668,英鎊,霸菱全球新興市場基金-A類英鎊配息型,yfinance,股票型,全球新興市場
B24082,2017-05-31,26.469863891601562,英鎊,霸菱全球新興市場基金-A類英鎊配息型,yfinance,股票型,全球新興市場
B24082,2017-06-01,26.372835159301758,英鎊,霸菱全球新興市場基金-A類英鎊配息型,yfinance,股票型,全球新興市場
B24082,2017-06-02,26.46016502380371,英鎊,霸菱全球新興市場基金-A類英鎊配息型,yfinance,股票型,全球新興市場
B24082,2017-06-06,26.39223861694336,英鎊,霸菱全球新興市場基金-A類英鎊配息型,yfinance,股票型,全球新興市場
B24082,2017-06-07,26.372835159301758,英鎊,霸菱全球新興市場基金-A類英鎊配息型,yfinance,股票型,全球新興市場
B24082,2017-06-08,26.372835159301758,英鎊,霸菱全球新興市場基金-A類英鎊配息型,yfinance,股票型,全球新興市場
B24082,2017-06-09,27.042343139648438,英鎊,霸菱全球新興市場基金-A類英鎊配息型,yfinance,股票型,全球新興市場
B24082,2017-06-12,26.790063858032227,英鎊,霸菱全球新興市場基金-A類英鎊配息型,yfinance,股票型,全球新興市場
B24082,2017-06-13,26.683330535888672,英鎊,霸菱全球新興市場基金-A類英鎊配息型,yfinance,股票型,全球新興市場
B24082,2017-06-14,26.741548538208008,英鎊,霸菱全球新興市場基金-A類英鎊配息型,yfinance,股票型,全球新興市場
B24082,2017-06-15,26.35342788696289,英鎊,霸菱全球新興市場基金-A類英鎊配息型,yfinance,股票型,全球新興市場
B24082,2017-06-16,26.304914474487305,英鎊,霸菱全球新興市場基金-A類英鎊配息型,yfinance,股票型,全球新興市場
B24082,2017-06-19,26.508678436279297,英鎊,霸菱全球新興市場基金-A類英鎊配息型,yfinance,股票型,全球新興市場
B24082,2017-06-20,26.887094497680664,英鎊,霸菱全球新興市場基金-A類英鎊配息型,yfinance,股票型,全球新興市場
B24082,2017-06-21,26.65422248840332,英鎊,霸菱全球新興市場基金-A類英鎊配息型,yfinance,股票型,全球新興市場
B24082,2017-06-22,26.82887840270996,英鎊,霸菱全球新興市場基金-A類英鎊配息型,yfinance,股票型,全球新興市場
B24082,2017-06-23,26.69303321838379,英鎊,霸菱全球新興市場基金-A類英鎊配息型,yfinance,股票型,全球新興市場
B24082,2017-06-26,26.867691040039062,英鎊,霸菱全球新興市場基金-A類英鎊配息型,yfinance,股票型,全球新興市場
B24082,2017-06-27,26.925907135009766,英鎊,霸菱全球新興市場基金-A類英鎊配息型,yfinance,股票型,全球新興市場
B24082,2017-06-28,26.52808380126953,英鎊,霸菱全球新興市場基金-A類英鎊配息型,yfinance,股票型,全球新興市場
B24082,2017-06-29,26.440753936767578,英鎊,霸菱全球新興市場基金-A類英鎊配息型,yfinance,股票型,全球新興市場
B24082,2017-06-30,26.266098022460938,英鎊,霸菱全球新興市場基金-A類英鎊配息型,yfinance,股票型,全球新興市場
B24082,2017-07-03,26.40194320678711,英鎊,霸菱全球新興市場基金-A類英鎊配息型,yfinance,股票型,全球新興市場
B24082,2017-07-04,26.2272891998291,英鎊,霸菱全球新興市場基金-A類英鎊配息型,yfinance,股票型,全球新興市場
B24082,2017-07-05,26.45046043395996,英鎊,霸菱全球新興市場基金-A類英鎊配息型,yfinance,股票型,全球新興市場
B24082,2017-07-06,26.43105125427246,英鎊,霸菱全球新興市場基金-A類英鎊配息型,yfinance,股票型,全球新興市場
B24082,2017-07-07,26.382537841796875,英鎊,霸菱全球新興市場基金-A類英鎊配息型,yfinance,股票型,全球新興市場
B24082,2017-07-10,26.537784576416016,英鎊,霸菱全球新興市場基金-A類英鎊配息型,yfinance,股票型,全球新興市場
B24082,2017-07-11,26.79976463317871,英鎊,霸菱全球新興市場基金-A類英鎊配息型,yfinance,股票型,全球新興市場
B24082,2017-07-12,27.197589874267578,英鎊,霸菱全球新興市場基金-A類英鎊配息型,yfinance,股票型,全球新興市場
B24082,2017-07-13,27.498384475708008,英鎊,霸菱全球新興市場基金-A類英鎊配息型,yfinance,股票型,全球新興市場
B24082,2017-07-14,27.605117797851562,英鎊,霸菱全球新興市場基金-A類英鎊配息型,yfinance,股票型,全球新興市場
B24082,2017-07-17,27.6827449798584,英鎊,霸菱全球新興市場基金-A類英鎊配息型,yfinance,股票型,全球新興市場
B24082,2017-07-18,27.84769630432129,英鎊,霸菱全球新興市場基金-A類英鎊配息型,yfinance,股票型,全球新興市場
B24082,2017-07-19,28.012645721435547,英鎊,霸菱全球新興市場基金-A類英鎊配息型,yfinance,股票型,全球新興市場
B24082,2017-07-20,28.294034957885742,英鎊,霸菱全球新興市場基金-A類英鎊配息型,yfinance,股票型,全球新興市場
B24082,2017-07-21,28.090272903442383,英鎊,霸菱全球新興市場基金-A類英鎊配息型,yfinance,股票型,全球新興市場
B24082,2017-07-24,28.138784408569336,英鎊,霸菱全球新興市場基金-A類英鎊配息型,yfinance,股票型,全球新興市場
B24082,2017-07-25,28.090272903442383,英鎊,霸菱全球新興市場基金-A類英鎊配息型,yfinance,股票型,全球新興市場
B24082,2017-07-26,28.08056640625,英鎊,霸菱全球新興市場基金-A類英鎊配息型,yfinance,股票型,全球新興市場
B24082,2017-07-27,28.264925003051758,英鎊,霸菱全球新興市場基金-A類英鎊配息型,yfinance,股票型,全球新興市場
B24082,2017-07-28,28.07086181640625,英鎊,霸菱全球新興市場基金-A類英鎊配息型,yfinance,股票型,全球新興市場
B24082,2017-07-31,28.284330368041992,英鎊,霸菱全球新興市場基金-A類英鎊配息型,yfinance,股票型,全球新興市場
B24082,2017-08-01,28.138784408569336,英鎊,霸菱全球新興市場基金-A類英鎊配息型,yfinance,股票型,全球新興市場
B24082,2017-08-02,28.10967445373535,英鎊,霸菱全球新興市場基金-A類英鎊配息型,yfinance,股票型,全球新興市場
B24082,2017-08-03,28.07086181640625,英鎊,霸菱全球新興市場基金-A類英鎊配息型,yfinance,股票型,全球新興市場
B24082,2017-08-04,28.294034957885742,英鎊,霸菱全球新興市場基金-A類英鎊配息型,yfinance,股票型,全球新興市場
B24082,2017-08-08,28.84710693359375,英鎊,霸菱全球新興市場基金-A類英鎊配息型,yfinance,股票型,全球新興市場
B24082,2017-08-09,28.58512306213379,英鎊,霸菱全球新興市場基金-A類英鎊配息型,yfinance,股票型,全球新興市場
B24082,2017-08-10,28.381364822387695,英鎊,霸菱全球新興市場基金-A類英鎊配息型,yfinance,股票型,全球新興市場
B24082,2017-08-11,27.896209716796875,英鎊,霸菱全球新興市場基金-A類英鎊配息型,yfinance,股票型,全球新興市場
B24082,2017-08-14,28.167896270751953,英鎊,霸菱全球新興市場基金-A類英鎊配息型,yfinance,股票型,全球新興市場
B24082,2017-08-15,28.391063690185547,英鎊,霸菱全球新興市場基金-A類英鎊配息型,yfinance,股票型,全球新興市場
B24082,2017-08-16,28.73067283630371,英鎊,霸菱全球新興市場基金-A類英鎊配息型,yfinance,股票型,全球新興市場
B24082,2017-08-17,28.80829620361328,英鎊,霸菱全球新興市場基金-A類英鎊配息型,yfinance,股票型,全球新興市場
B24082,2017-08-18,28.64334487915039,英鎊,霸菱全球新興市場基金-A類英鎊配息型,yfinance,股票型,全球新興市場
B24082,2017-08-21,28.779184341430664,英鎊,霸菱全球新興市場基金-A類英鎊配息型,yfinance,股票型,全球新興市場
B24082,2017-08-22,29.109086990356445,英鎊,霸菱全球新興市場基金-A類英鎊配息型,yfinance,股票型,全球新興市場
B24082,2017-08-23,29.409881591796875,英鎊,霸菱全球新興市場基金-A類英鎊配息型,yfinance,股票型,全球新興市場
B24082,2017-08-24,29.64275550842285,英鎊,霸菱全球新興市場基金-A類英鎊配息型,yfinance,股票型,全球新興市場
B24082,2017-08-25,29.710676193237305,英鎊,霸菱全球新興市場基金-A類英鎊配息型,yfinance,股票型,全球新興市場
B24082,2017-08-29,29.128496170043945,英鎊,霸菱全球新興市場基金-A類英鎊配息型,yfinance,股票型,全球新興市場
B24082,2017-08-30,29.419584274291992,英鎊,霸菱全球新興市場基金-A類英鎊配息型,yfinance,股票型,全球新興市場
B24082,2017-08-31,29.545726776123047,英鎊,霸菱全球新興市場基金-A類英鎊配息型,yfinance,股票型,全球新興市場
B24082,2017-09-01,29.497211456298828,英鎊,霸菱全球新興市場基金-A類英鎊配息型,yfinance,股票型,全球新興市場
B24082,2017-09-04,29.27404022216797,英鎊,霸菱全球新興市場基金-A類英鎊配息型,yfinance,股票型,全球新興市場
B24082,2017-09-05,29.322553634643555,英鎊,霸菱全球新興市場基金-A類英鎊配息型,yfinance,股票型,全球新興市場
B24082,2017-09-06,29.07997703552246,英鎊,霸菱全球新興市場基金-A類英鎊配息型,yfinance,股票型,全球新興市場
B24082,2017-09-07,29.128496170043945,英鎊,霸菱全球新興市場基金-A類英鎊配息型,yfinance,股票型,全球新興市場
B24082,2017-09-08,29.05086898803711,英鎊,霸菱全球新興市場基金-A類英鎊配息型,yfinance,股票型,全球新興市場
B24082,2017-09-11,29.18671417236328,英鎊,霸菱全球新興市場基金-A類英鎊配息型,yfinance,股票型,全球新興市場
B24082,2017-09-12,29.2546329498291,英鎊,霸菱全球新興市場基金-A類英鎊配息型,yfinance,股票型,全球新興市場
B24082,2017-09-13,29.341962814331055,英鎊,霸菱全球新興市場基金-A類英鎊配息型,yfinance,股票型,全球新興市場
B24082,2017-09-14,29.332258224487305,英鎊,霸菱全球新興市場基金-A類英鎊配息型,yfinance,股票型,全球新興市場
B24082,2017-09-15,28.61423110961914,英鎊,霸菱全球新興市場基金-A類英鎊配息型,yfinance,股票型,全球新興市場
B24082,2017-09-18,29.128496170043945,英鎊,霸菱全球新興市場基金-A類英鎊配息型,yfinance,股票型,全球新興市場
B24082,2017-09-19,29.128496170043945,英鎊,霸菱全球新興市場基金-A類英鎊配息型,yfinance,股票型,全球新興市場
B24082,2017-09-20,29.09938621520996,英鎊,霸菱全球新興市場基金-A類英鎊配息型,yfinance,股票型,全球新興市場
B24082,2017-09-21,29.1770076751709,英鎊,霸菱全球新興市場基金-A類英鎊配息型,yfinance,股票型,全球新興市場
B24082,2017-09-22,28.856809616088867,英鎊,霸菱全球新興市場基金-A類英鎊配息型,yfinance,股票型,全球新興市場
B24082,2017-09-25,28.80829620361328,英鎊,霸菱全球新興市場基金-A類英鎊配息型,yfinance,股票型,全球新興市場
B24082,2017-09-26,28.51720428466797,英鎊,霸菱全球新興市場基金-A類英鎊配息型,yfinance,股票型,全球新興市場
B24082,2017-09-27,28.42017364501953,英鎊,霸菱全球新興市場基金-A類英鎊配息型,yfinance,股票型,全球新興市場
B24082,2017-09-28,28.284330368041992,英鎊,霸菱全球新興市場基金-A類英鎊配息型,yfinance,股票型,全球新興市場
B24082,2017-09-29,28.526906967163086,英鎊,霸菱全球新興市場基金-A類英鎊配息型,yfinance,股票型,全球新興市場
B24082,2017-10-02,28.80829620361328,英鎊,霸菱全球新興市場基金-A類英鎊配息型,yfinance,股票型,全球新興市場
B24082,2017-10-03,29.293445587158203,英鎊,霸菱全球新興市場基金-A類英鎊配息型,yfinance,股票型,全球新興市場
B24082,2017-10-04,29.584535598754883,英鎊,霸菱全球新興市場基金-A類英鎊配息型,yfinance,股票型,全球新興市場
B24082,2017-10-05,29.83681297302246,英鎊,霸菱全球新興市場基金-A類英鎊配息型,yfinance,股票型,全球新興市場
B24082,2017-10-06,30.21523094177246,英鎊,霸菱全球新興市場基金-A類英鎊配息型,yfinance,股票型,全球新興市場
B24082,2017-10-09,29.80770492553711,英鎊,霸菱全球新興市場基金-A類英鎊配息型,yfinance,股票型,全球新興市場
B24082,2017-10-10,29.81740951538086,英鎊,霸菱全球新興市場基金-A類英鎊配息型,yfinance,股票型,全球新興市場
B24082,2017-10-11,30.001766204833984,英鎊,霸菱全球新興市場基金-A類英鎊配息型,yfinance,股票型,全球新興市場
B24082,2017-10-12,30.27345085144043,英鎊,霸菱全球新興市場基金-A類英鎊配息型,yfinance,股票型,全球新興市場
B24082,2017-10-13,30.0114688873291,英鎊,霸菱全球新興市場基金-A類英鎊配息型,yfinance,股票型,全球新興市場
B24082,2017-10-16,30.098798751831055,英鎊,霸菱全球新興市場基金-A類英鎊配息型,yfinance,股票型,全球新興市場
B24082,2017-10-17,30.244342803955078,英鎊,霸菱全球新興市場基金-A類英鎊配息型,yfinance,股票型,全球新興市場
B24082,2017-10-18,30.31226348876953,英鎊,霸菱全球新興市場基金-A類英鎊配息型,yfinance,股票型,全球新興市場
B24082,2017-10-19,30.098798751831055,英鎊,霸菱全球新興市場基金-A類英鎊配息型,yfinance,股票型,全球新興市場
B24082,2017-10-20,30.22493553161621,英鎊,霸菱全球新興市場基金-A類英鎊配息型,yfinance,股票型,全球新興市場
B24082,2017-10-23,30.22493553161621,英鎊,霸菱全球新興市場基金-A類英鎊配息型,yfinance,股票型,全球新興市場
B24082,2017-10-24,29.992063522338867,英鎊,霸菱全球新興市場基金-A類英鎊配息型,yfinance,股票型,全球新興市場
B24082,2017-10-25,29.94355010986328,英鎊,霸菱全球新興市場基金-A類英鎊配息型,yfinance,股票型,全球新興市場
B24082,2017-10-26,29.86592674255371,英鎊,霸菱全球新興市場基金-A類英鎊配息型,yfinance,股票型,全球新興市場
B24082,2017-10-27,30.11820411682129,英鎊,霸菱全球新興市場基金-A類英鎊配息型,yfinance,股票型,全球新興市場
B24082,2017-10-31,30.15701675415039,英鎊,霸菱全球新興市場基金-A類英鎊配息型,yfinance,股票型,全球新興市場
B24082,2017-11-01,30.370479583740234,英鎊,霸菱全球新興市場基金-A類英鎊配息型,yfinance,股票型,全球新興市場
B24082,2017-11-02,30.661575317382812,英鎊,霸菱全球新興市場基金-A類英鎊配息型,yfinance,股票型,全球新興市場
B24082,2017-11-03,30.710086822509766,英鎊,霸菱全球新興市場基金-A類英鎊配息型,yfinance,股票型,全球新興市場
B24082,2017-11-06,30.564544677734375,英鎊,霸菱全球新興市場基金-A類英鎊配息型,yfinance,股票型,全球新興市場
B24082,2017-11-07,30.78771209716797,英鎊,霸菱全球新興市場基金-A類英鎊配息型,yfinance,股票型,全球新興市場
B24082,2017-11-08,30.710086822509766,英鎊,霸菱全球新興市場基金-A類英鎊配息型,yfinance,股票型,全球新興市場
B24082,2017-11-09,30.923555374145508,英鎊,霸菱全球新興市場基金-A類英鎊配息型,yfinance,股票型,全球新興市場
B24082,2017-11-10,30.661575317382812,英鎊,霸菱全球新興市場基金-A類英鎊配息型,yfinance,股票型,全球新興市場
B24082,2017-11-13,30.70038604736328,英鎊,霸菱全球新興市場基金-A類英鎊配息型,yfinance,股票型,全球新興市場
B24082,2017-11-14,30.671276092529297,英鎊,霸菱全球新興市場基金-A類英鎊配息型,yfinance,股票型,全球新興市場
B24082,2017-11-15,30.186124801635742,英鎊,霸菱全球新興市場基金-A類英鎊配息型,yfinance,股票型,全球新興市場
B24082,2017-11-16,30.399593353271484,英鎊,霸菱全球新興市場基金-A類英鎊配息型,yfinance,股票型,全球新興市場
B24082,2017-11-17,30.826526641845703,英鎊,霸菱全球新興市場基金-A類英鎊配息型,yfinance,股票型,全球新興市場
B24082,2017-11-20,30.797414779663086,英鎊,霸菱全球新興市場基金-A類英鎊配息型,yfinance,股票型,全球新興市場
B24082,2017-11-21,31.27286148071289,英鎊,霸菱全球新興市場基金-A類英鎊配息型,yfinance,股票型,全球新興市場
B24082,2017-11-22,31.428112030029297,英鎊,霸菱全球新興市場基金-A類英鎊配息型,yfinance,股票型,全球新興市場
B24082,2017-11-23,31.020584106445312,英鎊,霸菱全球新興市場基金-A類英鎊配息型,yfinance,股票型,全球新興市場
B24082,2017-11-24,31.11761474609375,英鎊,霸菱全球新興市場基金-A類英鎊配息型,yfinance,股票型,全球新興市場
B24082,2017-11-27,30.865337371826172,英鎊,霸菱全球新興市場基金-A類英鎊配息型,yfinance,股票型,全球新興市場
B24082,2017-11-28,30.894445419311523,英鎊,霸菱全球新興市場基金-A類英鎊配息型,yfinance,股票型,全球新興市場
B24082,2017-11-29,30.564544677734375,英鎊,霸菱全球新興市場基金-A類英鎊配息型,yfinance,股票型,全球新興市場
B24082,2017-11-30,29.798004150390625,英鎊,霸菱全球新興市場基金-A類英鎊配息型,yfinance,股票型,全球新興市場
B24082,2017-12-01,29.42928695678711,英鎊,霸菱全球新興市場基金-A類英鎊配息型,yfinance,股票型,全球新興市場
B24082,2017-12-04,29.536022186279297,英鎊,霸菱全球新興市場基金-A類英鎊配息型,yfinance,股票型,全球新興市場
B24082,2017-12-05,29.574831008911133,英鎊,霸菱全球新興市場基金-A類英鎊配息型,yfinance,股票型,全球新興市場
B24082,2017-12-06,29.225528717041016,英鎊,霸菱全球新興市場基金-A類英鎊配息型,yfinance,股票型,全球新興市場
B24082,2017-12-07,29.400178909301758,英鎊,霸菱全球新興市場基金-A類英鎊配息型,yfinance,股票型,全球新興市場
B24082,2017-12-08,29.44869613647461,英鎊,霸菱全球新興市場基金-A類英鎊配息型,yfinance,股票型,全球新興市場
B24082,2017-12-11,29.86592674255371,英鎊,霸菱全球新興市場基金-A類英鎊配息型,yfinance,股票型,全球新興市場
B24082,2017-12-12,29.749488830566406,英鎊,霸菱全球新興市場基金-A類英鎊配息型,yfinance,股票型,全球新興市場
B24082,2017-12-13,29.681564331054688,英鎊,霸菱全球新興市場基金-A類英鎊配息型,yfinance,股票型,全球新興市場
B24082,2017-12-14,29.584535598754883,英鎊,霸菱全球新興市場基金-A類英鎊配息型,yfinance,股票型,全球新興市場
B24082,2017-12-15,29.46809959411621,英鎊,霸菱全球新興市場基金-A類英鎊配息型,yfinance,股票型,全球新興市場
B24082,2017-12-18,29.710676193237305,英鎊,霸菱全球新興市場基金-A類英鎊配息型,yfinance,股票型,全球新興市場
B24082,2017-12-19,30.050281524658203,英鎊,霸菱全球新興市場基金-A類英鎊配息型,yfinance,股票型,全球新興市場
B24082,2017-12-20,29.88532829284668,英鎊,霸菱全球新興市場基金-A類英鎊配息型,yfinance,股票型,全球新興市場
B24082,2017-12-21,30.079389572143555,英鎊,霸菱全球新興市場基金-A類英鎊配息型,yfinance,股票型,全球新興市場
B24082,2017-12-22,30.22493553161621,英鎊,霸菱全球新興市場基金-A類英鎊配息型,yfinance,股票型,全球新興市場
B24082,2017-12-28,30.457809448242188,英鎊,霸菱全球新興市場基金-A類英鎊配息型,yfinance,股票型,全球新興市場
B24082,2017-12-29,30.428699493408203,英鎊,霸菱全球新興市場基金-A類英鎊配息型,yfinance,股票型,全球新興市場
B3oH3Kf,2017-01-03,7.714580535888672,英鎊,景順英國動力基金A-年配息股 英鎊,yfinance,未分類,英國
B3oH3Kf,2017-01-04,7.705999851226807,英鎊,景順英國動力基金A-年配息股 英鎊,yfinance,未分類,英國
B3oH3Kf,2017-01-05,7.75748872756958,英鎊,景順英國動力基金A-年配息股 英鎊,yfinance,未分類,英國
B3oH3Kf,2017-01-06,7.740326404571533,英鎊,景順英國動力基金A-年配息股 英鎊,yfinance,未分類,英國
B3oH3Kf,2017-01-09,7.731744766235352,英鎊,景順英國動力基金A-年配息股 英鎊,yfinance,未分類,英國
B3oH3Kf,2017-01-10,7.748905658721924,英鎊,景順英國動力基金A-年配息股 英鎊,yfinance,未分類,英國
B3oH3Kf,2017-01-11,7.774650573730469,英鎊,景順英國動力基金A-年配息股 英鎊,yfinance,未分類,英國
B3oH3Kf,2017-01-12,7.774650573730469,英鎊,景順英國動力基金A-年配息股 英鎊,yfinance,未分類,英國
B3oH3Kf,2017-01-13,7.800395488739014,英鎊,景順英國動力基金A-年配息股 英鎊,yfinance,未分類,英國
B3oH3Kf,2017-01-16,7.800395488739014,英鎊,景順英國動力基金A-年配息股 英鎊,yfinance,未分類,英國
B3oH3Kf,2017-01-17,7.774650573730469,英鎊,景順英國動力基金A-年配息股 英鎊,yfinance,未分類,英國
B3oH3Kf,2017-01-18,7.72316312789917,英鎊,景順英國動力基金A-年配息股 英鎊,yfinance,未分類,英國
B3oH3Kf,2017-01-19,7.72316312789917,英鎊,景順英國動力基金A-年配息股 英鎊,yfinance,未分類,英國
B3oH3Kf,2017-01-20,7.72316312789917,英鎊,景順英國動力基金A-年配息股 英鎊,yfinance,未分類,英國
B3oH3Kf,2017-01-23,7.68883752822876,英鎊,景順英國動力基金A-年配息股 英鎊,yfinance,未分類,英國
B3oH3Kf,2017-01-24,7.603024482727051,英鎊,景順英國動力基金A-年配息股 英鎊,yfinance,未分類,英國
B3oH3Kf,2017-01-25,7.654511451721191,英鎊,景順英國動力基金A-年配息股 英鎊,yfinance,未分類,英國
B3oH3Kf,2017-01-26,7.671675682067871,英鎊,景順英國動力基金A-年配息股 英鎊,yfinance,未分類,英國
B3oH3Kf,2017-01-27,7.620187759399414,英鎊,景順英國動力基金A-年配息股 英鎊,yfinance,未分類,英國
B3oH3Kf,2017-01-30,7.585862159729004,英鎊,景順英國動力基金A-年配息股 英鎊,yfinance,未分類,英國
B3oH3Kf,2017-01-31,7.560119152069092,英鎊,景順英國動力基金A-年配息股 英鎊,yfinance,未分類,英國
B3oH3Kf,2017-02-01,7.422816753387451,英鎊,景順英國動力基金A-年配息股 英鎊,yfinance,未分類,英國
B3oH3Kf,2017-02-02,7.414237976074219,英鎊,景順英國動力基金A-年配息股 英鎊,yfinance,未分類,英國
B3oH3Kf,2017-02-03,7.474305152893066,英鎊,景順英國動力基金A-年配息股 英鎊,yfinance,未分類,英國
B3oH3Kf,2017-02-06,7.491467475891113,英鎊,景順英國動力基金A-年配息股 英鎊,yfinance,未分類,英國
B3oH3Kf,2017-02-07,7.5000481605529785,英鎊,景順英國動力基金A-年配息股 英鎊,yfinance,未分類,英國
B3oH3Kf,2017-02-08,7.482887268066406,英鎊,景順英國動力基金A-年配息股 英鎊,yfinance,未分類,英國
B3oH3Kf,2017-02-09,7.5000481605529785,英鎊,景順英國動力基金A-年配息股 英鎊,yfinance,未分類,英國
B3oH3Kf,2017-02-10,7.534374237060547,英鎊,景順英國動力基金A-年配息股 英鎊,yfinance,未分類,英國
B3oH3Kf,2017-02-13,7.551537036895752,英鎊,景順英國動力基金A-年配息股 英鎊,yfinance,未分類,英國
B3oH3Kf,2017-02-14,7.577279567718506,英鎊,景順英國動力基金A-年配息股 英鎊,yfinance,未分類,英國
B3oH3Kf,2017-02-15,7.603024482727051,英鎊,景順英國動力基金A-年配息股 英鎊,yfinance,未分類,英國
B3oH3Kf,2017-02-16,7.585862159729004,英鎊,景順英國動力基金A-年配息股 英鎊,yfinance,未分類,英國
B3oH3Kf,2017-02-17,7.5429558753967285,英鎊,景順英國動力基金A-年配息股 英鎊,yfinance,未分類,英國
B3oH3Kf,2017-02-20,7.577279567718506,英鎊,景順英國動力基金A-年配息股 英鎊,yfinance,未分類,英國
B3oH3Kf,2017-02-21,7.603024482727051,英鎊,景順英國動力基金A-年配息股 英鎊,yfinance,未分類,英國
B3oH3Kf,2017-02-22,7.585862159729004,英鎊,景順英國動力基金A-年配息股 英鎊,yfinance,未分類,英國
B3oH3Kf,2017-02-23,7.603024482727051,英鎊,景順英國動力基金A-年配息股 英鎊,yfinance,未分類,英國
B3oH3Kf,2017-02-24,7.5172119140625,英鎊,景順英國動力基金A-年配息股 英鎊,yfinance,未分類,英國
B3oH3Kf,2017-02-27,7.525793075561523,英鎊,景順英國動力基金A-年配息股 英鎊,yfinance,未分類,英國
B3oH3Kf,2017-02-28,7.568698883056641,英鎊,景順英國動力基金A-年配息股 英鎊,yfinance,未分類,英國
B3oH3Kf,2017-03-01,7.645930767059326,英鎊,景順英國動力基金A-年配息股 英鎊,yfinance,未分類,英國
B3oH3Kf,2017-03-02,7.671675682067871,英鎊,景順英國動力基金A-年配息股 英鎊,yfinance,未分類,英國
B3oH3Kf,2017-03-03,7.671675682067871,英鎊,景順英國動力基金A-年配息股 英鎊,yfinance,未分類,英國
B3oH3Kf,2017-03-06,7.680256366729736,英鎊,景順英國動力基金A-年配息股 英鎊,yfinance,未分類,英國
B3oH3Kf,2017-03-07,7.654511451721191,英鎊,景順英國動力基金A-年配息股 英鎊,yfinance,未分類,英國
B3oH3Kf,2017-03-08,7.620187759399414,英鎊,景順英國動力基金A-年配息股 英鎊,yfinance,未分類,英國
B3oH3Kf,2017-03-09,7.637348175048828,英鎊,景順英國動力基金A-年配息股 英鎊,yfinance,未分類,英國
B3oH3Kf,2017-03-10,7.714580535888672,英鎊,景順英國動力基金A-年配息股 英鎊,yfinance,未分類,英國
B3oH3Kf,2017-03-13,7.705999851226807,英鎊,景順英國動力基金A-年配息股 英鎊,yfinance,未分類,英國
B3oH3Kf,2017-03-14,7.68883752822876,英鎊,景順英國動力基金A-年配息股 英鎊,yfinance,未分類,英國
B3oH3Kf,2017-03-15,7.671675682067871,英鎊,景順英國動力基金A-年配息股 英鎊,yfinance,未分類,英國
B3oH3Kf,2017-03-16,7.731744766235352,英鎊,景順英國動力基金A-年配息股 英鎊,yfinance,未分類,英國
B3oH3Kf,2017-03-20,7.72316312789917,英鎊,景順英國動力基金A-年配息股 英鎊,yfinance,未分類,英國
B3oH3Kf,2017-03-21,7.748905658721924,英鎊,景順英國動力基金A-年配息股 英鎊,yfinance,未分類,英國
B3oH3Kf,2017-03-22,7.611606597900391,英鎊,景順英國動力基金A-年配息股 英鎊,yfinance,未分類,英國
B3oH3Kf,2017-03-23,7.654511451721191,英鎊,景順英國動力基金A-年配息股 英鎊,yfinance,未分類,英國
B3oH3Kf,2017-03-24,7.645930767059326,英鎊,景順英國動力基金A-年配息股 英鎊,yfinance,未分類,英國
B3oH3Kf,2017-03-27,7.5944437980651855,英鎊,景順英國動力基金A-年配息股 英鎊,yfinance,未分類,英國
B3oH3Kf,2017-03-28,7.585862159729004,英鎊,景順英國動力基金A-年配息股 英鎊,yfinance,未分類,英國
B3oH3Kf,2017-03-29,7.6287689208984375,英鎊,景順英國動力基金A-年配息股 英鎊,yfinance,未分類,英國
B3oH3Kf,2017-03-30,7.6287689208984375,英鎊,景順英國動力基金A-年配息股 英鎊,yfinance,未分類,英國
B3oH3Kf,2017-03-31,7.637348175048828,英鎊,景順英國動力基金A-年配息股 英鎊,yfinance,未分類,英國
B3oH3Kf,2017-04-03,7.6287689208984375,英鎊,景順英國動力基金A-年配息股 英鎊,yfinance,未分類,英國
B3oH3Kf,2017-04-04,7.6287689208984375,英鎊,景順英國動力基金A-年配息股 英鎊,yfinance,未分類,英國
B3oH3Kf,2017-04-05,7.645930767059326,英鎊,景順英國動力基金A-年配息股 英鎊,yfinance,未分類,英國
B3oH3Kf,2017-04-06,7.645930767059326,英鎊,景順英國動力基金A-年配息股 英鎊,yfinance,未分類,英國
B3oH3Kf,2017-04-07,7.654511451721191,英鎊,景順英國動力基金A-年配息股 英鎊,yfinance,未分類,英國
B3oH3Kf,2017-04-10,7.671675682067871,英鎊,景順英國動力基金A-年配息股 英鎊,yfinance,未分類,英國
B3oH3Kf,2017-04-11,7.748905658721924,英鎊,景順英國動力基金A-年配息股 英鎊,yfinance,未分類,英國
B3oH3Kf,2017-04-12,7.740326404571533,英鎊,景順英國動力基金A-年配息股 英鎊,yfinance,未分類,英國
B3oH3Kf,2017-04-13,7.697419166564941,英鎊,景順英國動力基金A-年配息股 英鎊,yfinance,未分類,英國
B3oH3Kf,2017-04-18,7.620187759399414,英鎊,景順英國動力基金A-年配息股 英鎊,yfinance,未分類,英國
B3oH3Kf,2017-04-19,7.6287689208984375,英鎊,景順英國動力基金A-年配息股 英鎊,yfinance,未分類,英國
B3oH3Kf,2017-04-20,7.585862159729004,英鎊,景順英國動力基金A-年配息股 英鎊,yfinance,未分類,英國
B3oH3Kf,2017-04-21,7.6287689208984375,英鎊,景順英國動力基金A-年配息股 英鎊,yfinance,未分類,英國
B3oH3Kf,2017-04-24,7.705999851226807,英鎊,景順英國動力基金A-年配息股 英鎊,yfinance,未分類,英國
B3oH3Kf,2017-04-25,7.740326404571533,英鎊,景順英國動力基金A-年配息股 英鎊,yfinance,未分類,英國
B3oH3Kf,2017-04-26,7.731744766235352,英鎊,景順英國動力基金A-年配息股 英鎊,yfinance,未分類,英國
B3oH3Kf,2017-04-27,7.748905658721924,英鎊,景順英國動力基金A-年配息股 英鎊,yfinance,未分類,英國
B3oH3Kf,2017-04-28,7.72316312789917,英鎊,景順英國動力基金A-年配息股 英鎊,yfinance,未分類,英國
B3oH3Kf,2017-05-02,7.766069412231445,英鎊,景順英國動力基金A-年配息股 英鎊,yfinance,未分類,英國
B3oH3Kf,2017-05-03,7.766069412231445,英鎊,景順英國動力基金A-年配息股 英鎊,yfinance,未分類,英國
B3oH3Kf,2017-05-04,7.791812896728516,英鎊,景順英國動力基金A-年配息股 英鎊,yfinance,未分類,英國
B3oH3Kf,2017-05-05,7.800395488739014,英鎊,景順英國動力基金A-年配息股 英鎊,yfinance,未分類,英國
B3oH3Kf,2017-05-08,7.869043350219727,英鎊,景順英國動力基金A-年配息股 英鎊,yfinance,未分類,英國
B3oH3Kf,2017-05-09,7.894786357879639,英鎊,景順英國動力基金A-年配息股 英鎊,yfinance,未分類,英國
B3oH3Kf,2017-05-10,7.894786357879639,英鎊,景順英國動力基金A-年配息股 英鎊,yfinance,未分類,英國
B3oH3Kf,2017-05-11,7.886207103729248,英鎊,景順英國動力基金A-年配息股 英鎊,yfinance,未分類,英國
B3oH3Kf,2017-05-12,7.886207103729248,英鎊,景順英國動力基金A-年配息股 英鎊,yfinance,未分類,英國
B3oH3Kf,2017-05-15,7.903369426727295,英鎊,景順英國動力基金A-年配息股 英鎊,yfinance,未分類,英國
B3oH3Kf,2017-05-16,7.911952495574951,英鎊,景順英國動力基金A-年配息股 英鎊,yfinance,未分類,英國
B3oH3Kf,2017-05-17,7.94627571105957,英鎊,景順英國動力基金A-年配息股 英鎊,yfinance,未分類,英國
B3oH3Kf,2017-05-18,7.843300819396973,英鎊,景順英國動力基金A-年配息股 英鎊,yfinance,未分類,英國
B3oH3Kf,2017-05-19,7.93769645690918,英鎊,景順英國動力基金A-年配息股 英鎊,yfinance,未分類,英國
B3oH3Kf,2017-05-22,7.9977641105651855,英鎊,景順英國動力基金A-年配息股 英鎊,yfinance,未分類,英國
B3oH3Kf,2017-05-23,8.032089233398438,英鎊,景順英國動力基金A-年配息股 英鎊,yfinance,未分類,英國
B3oH3Kf,2017-05-24,8.057833671569824,英鎊,景順英國動力基金A-年配息股 英鎊,yfinance,未分類,英國
B3oH3Kf,2017-05-25,8.057833671569824,英鎊,景順英國動力基金A-年配息股 英鎊,yfinance,未分類,英國
B3oH3Kf,2017-05-26,8.040671348571777,英鎊,景順英國動力基金A-年配息股 英鎊,yfinance,未分類,英國
B3oH3Kf,2017-05-30,8.014927864074707,英鎊,景順英國動力基金A-年配息股 英鎊,yfinance,未分類,英國
B3oH3Kf,2017-05-31,8.032089233398438,英鎊,景順英國動力基金A-年配息股 英鎊,yfinance,未分類,英國
B3oH3Kf,2017-06-01,8.02350902557373,英鎊,景順英國動力基金A-年配息股 英鎊,yfinance,未分類,英國
B3oH3Kf,2017-06-02,8.040671348571777,英鎊,景順英國動力基金A-年配息股 英鎊,yfinance,未分類,英國
B3oH3Kf,2017-06-06,7.929112434387207,英鎊,景順英國動力基金A-年配息股 英鎊,yfinance,未分類,英國
B3oH3Kf,2017-06-07,7.94627571105957,英鎊,景順英國動力基金A-年配息股 英鎊,yfinance,未分類,英國
B3oH3Kf,2017-06-08,7.920531272888184,英鎊,景順英國動力基金A-年配息股 英鎊,yfinance,未分類,英國
B3oH3Kf,2017-06-09,7.894786357879639,英鎊,景順英國動力基金A-年配息股 英鎊,yfinance,未分類,英國
B3oH3Kf,2017-06-12,7.963439464569092,英鎊,景順英國動力基金A-年配息股 英鎊,yfinance,未分類,英國
B3oH3Kf,2017-06-13,7.980602741241455,英鎊,景順英國動力基金A-年配息股 英鎊,yfinance,未分類,英國
B3oH3Kf,2017-06-14,8.032089233398438,英鎊,景順英國動力基金A-年配息股 英鎊,yfinance,未分類,英國
B3oH3Kf,2017-06-15,7.894786357879639,英鎊,景順英國動力基金A-年配息股 英鎊,yfinance,未分類,英國
B3oH3Kf,2017-06-16,7.94627571105957,英鎊,景順英國動力基金A-年配息股 英鎊,yfinance,未分類,英國
B3oH3Kf,2017-06-19,8.006346702575684,英鎊,景順英國動力基金A-年配息股 英鎊,yfinance,未分類,英國
B3oH3Kf,2017-06-20,8.032089233398438,英鎊,景順英國動力基金A-年配息股 英鎊,yfinance,未分類,英國
B3oH3Kf,2017-06-21,7.929112434387207,英鎊,景順英國動力基金A-年配息股 英鎊,yfinance,未分類,英國
B3oH3Kf,2017-06-22,7.886207103729248,英鎊,景順英國動力基金A-年配息股 英鎊,yfinance,未分類,英國
B3oH3Kf,2017-06-23,7.860462665557861,英鎊,景順英國動力基金A-年配息股 英鎊,yfinance,未分類,英國
B3oH3Kf,2017-06-26,7.94627571105957,英鎊,景順英國動力基金A-年配息股 英鎊,yfinance,未分類,英國
B3oH3Kf,2017-06-27,7.911952495574951,英鎊,景順英國動力基金A-年配息股 英鎊,yfinance,未分類,英國
B3oH3Kf,2017-06-28,7.911952495574951,英鎊,景順英國動力基金A-年配息股 英鎊,yfinance,未分類,英國
B3oH3Kf,2017-06-29,7.920531272888184,英鎊,景順英國動力基金A-年配息股 英鎊,yfinance,未分類,英國
B3oH3Kf,2017-06-30,7.877626895904541,英鎊,景順英國動力基金A-年配息股 英鎊,yfinance,未分類,英國
B3oH3Kf,2017-07-03,7.860462665557861,英鎊,景順英國動力基金A-年配息股 英鎊,yfinance,未分類,英國
B3oH3Kf,2017-07-04,7.877626895904541,英鎊,景順英國動力基金A-年配息股 英鎊,yfinance,未分類,英國
B3oH3Kf,2017-07-05,7.877626895904541,英鎊,景順英國動力基金A-年配息股 英鎊,yfinance,未分類,英國
B3oH3Kf,2017-07-06,7.869043350219727,英鎊,景順英國動力基金A-年配息股 英鎊,yfinance,未分類,英國
B3oH3Kf,2017-07-07,7.894786357879639,英鎊,景順英國動力基金A-年配息股 英鎊,yfinance,未分類,英國
B3oH3Kf,2017-07-10,7.894786357879639,英鎊,景順英國動力基金A-年配息股 英鎊,yfinance,未分類,英國
B3oH3Kf,2017-07-11,7.826138019561768,英鎊,景順英國動力基金A-年配息股 英鎊,yfinance,未分類,英國
B3oH3Kf,2017-07-12,7.903369426727295,英鎊,景順英國動力基金A-年配息股 英鎊,yfinance,未分類,英國
B3oH3Kf,2017-07-13,7.94627571105957,英鎊,景順英國動力基金A-年配息股 英鎊,yfinance,未分類,英國
B3oH3Kf,2017-07-14,7.920531272888184,英鎊,景順英國動力基金A-年配息股 英鎊,yfinance,未分類,英國
B3oH3Kf,2017-07-17,7.929112434387207,英鎊,景順英國動力基金A-年配息股 英鎊,yfinance,未分類,英國
B3oH3Kf,2017-07-18,7.93769645690918,英鎊,景順英國動力基金A-年配息股 英鎊,yfinance,未分類,英國
B3oH3Kf,2017-07-19,7.903369426727295,英鎊,景順英國動力基金A-年配息股 英鎊,yfinance,未分類,英國
B3oH3Kf,2017-07-20,7.980602741241455,英鎊,景順英國動力基金A-年配息股 英鎊,yfinance,未分類,英國
B3oH3Kf,2017-07-21,7.95485782623291,英鎊,景順英國動力基金A-年配息股 英鎊,yfinance,未分類,英國
B3oH3Kf,2017-07-24,7.860462665557861,英鎊,景順英國動力基金A-年配息股 英鎊,yfinance,未分類,英國
B3oH3Kf,2017-07-25,7.920531272888184,英鎊,景順英國動力基金A-年配息股 英鎊,yfinance,未分類,英國
B3oH3Kf,2017-07-26,7.963439464569092,英鎊,景順英國動力基金A-年配息股 英鎊,yfinance,未分類,英國
B3oH3Kf,2017-07-27,7.9977641105651855,英鎊,景順英國動力基金A-年配息股 英鎊,yfinance,未分類,英國
B3oH3Kf,2017-07-28,7.95485782623291,英鎊,景順英國動力基金A-年配息股 英鎊,yfinance,未分類,英國
B3oH3Kf,2017-07-31,7.95485782623291,英鎊,景順英國動力基金A-年配息股 英鎊,yfinance,未分類,英國
B3oH3Kf,2017-08-01,8.014927864074707,英鎊,景順英國動力基金A-年配息股 英鎊,yfinance,未分類,英國
B3oH3Kf,2017-08-02,8.014927864074707,英鎊,景順英國動力基金A-年配息股 英鎊,yfinance,未分類,英國
B3oH3Kf,2017-08-03,8.040671348571777,英鎊,景順英國動力基金A-年配息股 英鎊,yfinance,未分類,英國
B3oH3Kf,2017-08-04,8.0492525100708,英鎊,景順英國動力基金A-年配息股 英鎊,yfinance,未分類,英國
B3oH3Kf,2017-08-07,8.0492525100708,英鎊,景順英國動力基金A-年配息股 英鎊,yfinance,未分類,英國
B3oH3Kf,2017-08-08,8.117902755737305,英鎊,景順英國動力基金A-年配息股 英鎊,yfinance,未分類,英國
B3oH3Kf,2017-08-09,8.066415786743164,英鎊,景順英國動力基金A-年配息股 英鎊,yfinance,未分類,英國
B3oH3Kf,2017-08-10,8.032089233398438,英鎊,景順英國動力基金A-年配息股 英鎊,yfinance,未分類,英國
B3oH3Kf,2017-08-11,7.886207103729248,英鎊,景順英國動力基金A-年配息股 英鎊,yfinance,未分類,英國
B3oH3Kf,2017-08-14,7.94627571105957,英鎊,景順英國動力基金A-年配息股 英鎊,yfinance,未分類,英國
B3oH3Kf,2017-08-15,7.972019672393799,英鎊,景順英國動力基金A-年配息股 英鎊,yfinance,未分類,英國
B3oH3Kf,2017-08-16,8.02350902557373,英鎊,景順英國動力基金A-年配息股 英鎊,yfinance,未分類,英國
B3oH3Kf,2017-08-17,8.014927864074707,英鎊,景順英國動力基金A-年配息股 英鎊,yfinance,未分類,英國
B3oH3Kf,2017-08-18,7.903369426727295,英鎊,景順英國動力基金A-年配息股 英鎊,yfinance,未分類,英國
B3oH3Kf,2017-08-21,7.920531272888184,英鎊,景順英國動力基金A-年配息股 英鎊,yfinance,未分類,英國
B3oH3Kf,2017-08-22,7.94627571105957,英鎊,景順英國動力基金A-年配息股 英鎊,yfinance,未分類,英國
B3oH3Kf,2017-08-23,7.963439464569092,英鎊,景順英國動力基金A-年配息股 英鎊,yfinance,未分類,英國
B3oH3Kf,2017-08-24,7.972019672393799,英鎊,景順英國動力基金A-年配息股 英鎊,yfinance,未分類,英國
B3oH3Kf,2017-08-25,7.972019672393799,英鎊,景順英國動力基金A-年配息股 英鎊,yfinance,未分類,英國
B3oH3Kf,2017-08-29,7.877626895904541,英鎊,景順英國動力基金A-年配息股 英鎊,yfinance,未分類,英國
B3oH3Kf,2017-08-30,7.93769645690918,英鎊,景順英國動力基金A-年配息股 英鎊,yfinance,未分類,英國
B3oH3Kf,2017-08-31,7.972019672393799,英鎊,景順英國動力基金A-年配息股 英鎊,yfinance,未分類,英國
B3oH3Kf,2017-09-01,8.014927864074707,英鎊,景順英國動力基金A-年配息股 英鎊,yfinance,未分類,英國
B3oH3Kf,2017-09-04,7.980602741241455,英鎊,景順英國動力基金A-年配息股 英鎊,yfinance,未分類,英國
B3oH3Kf,2017-09-05,7.972019672393799,英鎊,景順英國動力基金A-年配息股 英鎊,yfinance,未分類,英國
B3oH3Kf,2017-09-06,7.869043350219727,英鎊,景順英國動力基金A-年配息股 英鎊,yfinance,未分類,英國
B3oH3Kf,2017-09-07,7.911952495574951,英鎊,景順英國動力基金A-年配息股 英鎊,yfinance,未分類,英國
B3oH3Kf,2017-09-08,7.85188102722168,英鎊,景順英國動力基金A-年配息股 英鎊,yfinance,未分類,英國
B3oH3Kf,2017-09-11,7.911952495574951,英鎊,景順英國動力基金A-年配息股 英鎊,yfinance,未分類,英國
B3oH3Kf,2017-09-12,7.903369426727295,英鎊,景順英國動力基金A-年配息股 英鎊,yfinance,未分類,英國
B3oH3Kf,2017-09-13,7.93769645690918,英鎊,景順英國動力基金A-年配息股 英鎊,yfinance,未分類,英國
B3oH3Kf,2017-09-14,7.93769645690918,英鎊,景順英國動力基金A-年配息股 英鎊,yfinance,未分類,英國
B3oH3Kf,2017-09-15,7.843300819396973,英鎊,景順英國動力基金A-年配息股 英鎊,yfinance,未分類,英國
B3oH3Kf,2017-09-18,7.911952495574951,英鎊,景順英國動力基金A-年配息股 英鎊,yfinance,未分類,英國
B3oH3Kf,2017-09-19,7.963439464569092,英鎊,景順英國動力基金A-年配息股 英鎊,yfinance,未分類,英國
B3oH3Kf,2017-09-20,7.972019672393799,英鎊,景順英國動力基金A-年配息股 英鎊,yfinance,未分類,英國
B3oH3Kf,2017-09-21,7.972019672393799,英鎊,景順英國動力基金A-年配息股 英鎊,yfinance,未分類,英國
B3oH3Kf,2017-09-22,7.963439464569092,英鎊,景順英國動力基金A-年配息股 英鎊,yfinance,未分類,英國
B3oH3Kf,2017-09-25,8.006346702575684,英鎊,景順英國動力基金A-年配息股 英鎊,yfinance,未分類,英國
B3oH3Kf,2017-09-26,8.014927864074707,英鎊,景順英國動力基金A-年配息股 英鎊,yfinance,未分類,英國
B3oH3Kf,2017-09-27,7.9891839027404785,英鎊,景順英國動力基金A-年配息股 英鎊,yfinance,未分類,英國
B3oH3Kf,2017-09-28,7.9977641105651855,英鎊,景順英國動力基金A-年配息股 英鎊,yfinance,未分類,英國
B3oH3Kf,2017-09-29,8.100739479064941,英鎊,景順英國動力基金A-年配息股 英鎊,yfinance,未分類,英國
B3oH3Kf,2017-10-02,8.109321594238281,英鎊,景順英國動力基金A-年配息股 英鎊,yfinance,未分類,英國
B3oH3Kf,2017-10-03,8.143646240234375,英鎊,景順英國動力基金A-年配息股 英鎊,yfinance,未分類,英國
B3oH3Kf,2017-10-04,8.160808563232422,英鎊,景順英國動力基金A-年配息股 英鎊,yfinance,未分類,英國
B3oH3Kf,2017-10-05,8.169390678405762,英鎊,景順英國動力基金A-年配息股 英鎊,yfinance,未分類,英國
B3oH3Kf,2017-10-06,8.186552047729492,英鎊,景順英國動力基金A-年配息股 英鎊,yfinance,未分類,英國
B3oH3Kf,2017-10-09,8.143646240234375,英鎊,景順英國動力基金A-年配息股 英鎊,yfinance,未分類,英國
B3oH3Kf,2017-10-10,8.152226448059082,英鎊,景順英國動力基金A-年配息股 英鎊,yfinance,未分類,英國
B3oH3Kf,2017-10-11,8.169390678405762,英鎊,景順英國動力基金A-年配息股 英鎊,yfinance,未分類,英國
B3oH3Kf,2017-10-12,8.177969932556152,英鎊,景順英國動力基金A-年配息股 英鎊,yfinance,未分類,英國
B3oH3Kf,2017-10-13,8.186552047729492,英鎊,景順英國動力基金A-年配息股 英鎊,yfinance,未分類,英國
B3oH3Kf,2017-10-16,8.186552047729492,英鎊,景順英國動力基金A-年配息股 英鎊,yfinance,未分類,英國
B3oH3Kf,2017-10-17,8.186552047729492,英鎊,景順英國動力基金A-年配息股 英鎊,yfinance,未分類,英國
B3oH3Kf,2017-10-18,8.195135116577148,英鎊,景順英國動力基金A-年配息股 英鎊,yfinance,未分類,英國
B3oH3Kf,2017-10-19,8.195135116577148,英鎊,景順英國動力基金A-年配息股 英鎊,yfinance,未分類,英國
B3oH3Kf,2017-10-20,8.229459762573242,英鎊,景順英國動力基金A-年配息股 英鎊,yfinance,未分類,英國
B3oH3Kf,2017-10-23,8.229459762573242,英鎊,景順英國動力基金A-年配息股 英鎊,yfinance,未分類,英國
B3oH3Kf,2017-10-24,8.229459762573242,英鎊,景順英國動力基金A-年配息股 英鎊,yfinance,未分類,英國
B3oH3Kf,2017-10-25,8.229459762573242,英鎊,景順英國動力基金A-年配息股 英鎊,yfinance,未分類,英國
B3oH3Kf,2017-10-26,8.203715324401855,英鎊,景順英國動力基金A-年配息股 英鎊,yfinance,未分類,英國
B3oH3Kf,2017-10-27,8.195135116577148,英鎊,景順英國動力基金A-年配息股 英鎊,yfinance,未分類,英國
B3oH3Kf,2017-10-31,8.229459762573242,英鎊,景順英國動力基金A-年配息股 英鎊,yfinance,未分類,英國
B3oH3Kf,2017-11-01,8.246621131896973,英鎊,景順英國動力基金A-年配息股 英鎊,yfinance,未分類,英國
B3oH3Kf,2017-11-02,8.238041877746582,英鎊,景順英國動力基金A-年配息股 英鎊,yfinance,未分類,英國
B3oH3Kf,2017-11-03,8.246621131896973,英鎊,景順英國動力基金A-年配息股 英鎊,yfinance,未分類,英國
B3oH3Kf,2017-11-06,8.212295532226562,英鎊,景順英國動力基金A-年配息股 英鎊,yfinance,未分類,英國
B3oH3Kf,2017-11-07,8.203715324401855,英鎊,景順英國動力基金A-年配息股 英鎊,yfinance,未分類,英國
B3oH3Kf,2017-11-08,8.126483917236328,英鎊,景順英國動力基金A-年配息股 英鎊,yfinance,未分類,英國
B3oH3Kf,2017-11-09,8.100739479064941,英鎊,景順英國動力基金A-年配息股 英鎊,yfinance,未分類,英國
B3oH3Kf,2017-11-10,8.066415786743164,英鎊,景順英國動力基金A-年配息股 英鎊,yfinance,未分類,英國
B3oH3Kf,2017-11-13,7.9891839027404785,英鎊,景順英國動力基金A-年配息股 英鎊,yfinance,未分類,英國
B3oH3Kf,2017-11-14,7.9977641105651855,英鎊,景順英國動力基金A-年配息股 英鎊,yfinance,未分類,英國
B3oH3Kf,2017-11-15,7.911952495574951,英鎊,景順英國動力基金A-年配息股 英鎊,yfinance,未分類,英國
B3oH3Kf,2017-11-16,7.920531272888184,英鎊,景順英國動力基金A-年配息股 英鎊,yfinance,未分類,英國
B3oH3Kf,2017-11-17,7.93769645690918,英鎊,景順英國動力基金A-年配息股 英鎊,yfinance,未分類,英國
B3oH3Kf,2017-11-20,7.929112434387207,英鎊,景順英國動力基金A-年配息股 英鎊,yfinance,未分類,英國
B3oH3Kf,2017-11-21,7.94627571105957,英鎊,景順英國動力基金A-年配息股 英鎊,yfinance,未分類,英國
B3oH3Kf,2017-11-22,7.95485782623291,英鎊,景順英國動力基金A-年配息股 英鎊,yfinance,未分類,英國
B3oH3Kf,2017-11-23,7.920531272888184,英鎊,景順英國動力基金A-年配息股 英鎊,yfinance,未分類,英國
B3oH3Kf,2017-11-24,7.929112434387207,英鎊,景順英國動力基金A-年配息股 英鎊,yfinance,未分類,英國
B3oH3Kf,2017-11-27,7.93769645690918,英鎊,景順英國動力基金A-年配息股 英鎊,yfinance,未分類,英國
B3oH3Kf,2017-11-28,7.911952495574951,英鎊,景順英國動力基金A-年配息股 英鎊,yfinance,未分類,英國
B3oH3Kf,2017-11-29,7.972019672393799,英鎊,景順英國動力基金A-年配息股 英鎊,yfinance,未分類,英國
B3oH3Kf,2017-11-30,8.02350902557373,英鎊,景順英國動力基金A-年配息股 英鎊,yfinance,未分類,英國
B3oH3Kf,2017-12-01,7.93769645690918,英鎊,景順英國動力基金A-年配息股 英鎊,yfinance,未分類,英國
B3oH3Kf,2017-12-04,7.972019672393799,英鎊,景順英國動力基金A-年配息股 英鎊,yfinance,未分類,英國
B3oH3Kf,2017-12-05,7.972019672393799,英鎊,景順英國動力基金A-年配息股 英鎊,yfinance,未分類,英國
B3oH3Kf,2017-12-06,7.93769645690918,英鎊,景順英國動力基金A-年配息股 英鎊,yfinance,未分類,英國
B3oH3Kf,2017-12-07,7.94627571105957,英鎊,景順英國動力基金A-年配息股 英鎊,yfinance,未分類,英國
B3oH3Kf,2017-12-08,7.95485782623291,英鎊,景順英國動力基金A-年配息股 英鎊,yfinance,未分類,英國
B3oH3Kf,2017-12-11,7.9977641105651855,英鎊,景順英國動力基金A-年配息股 英鎊,yfinance,未分類,英國
B3oH3Kf,2017-12-12,8.02350902557373,英鎊,景順英國動力基金A-年配息股 英鎊,yfinance,未分類,英國
B3oH3Kf,2017-12-13,8.057833671569824,英鎊,景順英國動力基金A-年配息股 英鎊,yfinance,未分類,英國
B3oH3Kf,2017-12-14,8.0492525100708,英鎊,景順英國動力基金A-年配息股 英鎊,yfinance,未分類,英國
B3oH3Kf,2017-12-15,8.032089233398438,英鎊,景順英國動力基金A-年配息股 英鎊,yfinance,未分類,英國
B3oH3Kf,2017-12-18,8.100739479064941,英鎊,景順英國動力基金A-年配息股 英鎊,yfinance,未分類,英國
B3oH3Kf,2017-12-19,8.126483917236328,英鎊,景順英國動力基金A-年配息股 英鎊,yfinance,未分類,英國
B3oH3Kf,2017-12-20,8.135064125061035,英鎊,景順英國動力基金A-年配息股 英鎊,yfinance,未分類,英國
B3oH3Kf,2017-12-21,8.135064125061035,英鎊,景順英國動力基金A-年配息股 英鎊,yfinance,未分類,英國
B3oH3Kf,2017-12-22,8.186552047729492,英鎊,景順英國動力基金A-年配息股 英鎊,yfinance,未分類,英國
B3oH3Kf,2017-12-27,8.195135116577148,英鎊,景順英國動力基金A-年配息股 英鎊,yfinance,未分類,英國
B3oH3Kf,2017-12-28,8.229459762573242,英鎊,景順英國動力基金A-年配息股 英鎊,yfinance,未分類,英國
B3oH3Kf,2017-12-29,8.246621131896973,英鎊,景順英國動力基金A-年配息股 英鎊,yfinance,未分類,英國
B09088,2017-01-02,26.610000610351562,歐元,貝萊德市場基金 A2,yfinance,股票型,歐洲(含歐元區)
B09088,2017-01-03,26.700000762939453,歐元,貝萊德市場基金 A2,yfinance,股票型,歐洲(含歐元區)
B09088,2017-01-04,26.579999923706055,歐元,貝萊德市場基金 A2,yfinance,股票型,歐洲(含歐元區)
B09088,2017-01-05,26.68000030517578,歐元,貝萊德市場基金 A2,yfinance,股票型,歐洲(含歐元區)
B09088,2017-01-06,26.68000030517578,歐元,貝萊德市場基金 A2,yfinance,股票型,歐洲(含歐元區)
B09088,2017-01-09,26.59000015258789,歐元,貝萊德市場基金 A2,yfinance,股票型,歐洲(含歐元區)
B09088,2017-01-10,26.540000915527344,歐元,貝萊德市場基金 A2,yfinance,股票型,歐洲(含歐元區)
B09088,2017-01-11,26.75,歐元,貝萊德市場基金 A2,yfinance,股票型,歐洲(含歐元區)
B09088,2017-01-12,26.5,歐元,貝萊德市場基金 A2,yfinance,股票型,歐洲(含歐元區)
B09088,2017-01-13,26.68000030517578,歐元,貝萊德市場基金 A2,yfinance,股票型,歐洲(含歐元區)
B09088,2017-01-16,26.510000228881836,歐元,貝萊德市場基金 A2,yfinance,股票型,歐洲(含歐元區)
B09088,2017-01-17,26.450000762939453,歐元,貝萊德市場基金 A2,yfinance,股票型,歐洲(含歐元區)
B09088,2017-01-18,26.510000228881836,歐元,貝萊德市場基金 A2,yfinance,股票型,歐洲(含歐元區)
B09088,2017-01-19,26.68000030517578,歐元,貝萊德市場基金 A2,yfinance,股票型,歐洲(含歐元區)
B09088,2017-01-20,26.670000076293945,歐元,貝萊德市場基金 A2,yfinance,股票型,歐洲(含歐元區)
B09088,2017-01-23,26.520000457763672,歐元,貝萊德市場基金 A2,yfinance,股票型,歐洲(含歐元區)
B09088,2017-01-24,26.520000457763672,歐元,貝萊德市場基金 A2,yfinance,股票型,歐洲(含歐元區)
B09088,2017-01-25,26.850000381469727,歐元,貝萊德市場基金 A2,yfinance,股票型,歐洲(含歐元區)
B09088,2017-01-26,26.850000381469727,歐元,貝萊德市場基金 A2,yfinance,股票型,歐洲(含歐元區)
B09088,2017-01-27,26.760000228881836,歐元,貝萊德市場基金 A2,yfinance,股票型,歐洲(含歐元區)
B09088,2017-01-30,26.469999313354492,歐元,貝萊德市場基金 A2,yfinance,股票型,歐洲(含歐元區)
B09088,2017-01-31,26.399999618530273,歐元,貝萊德市場基金 A2,yfinance,股票型,歐洲(含歐元區)
B09088,2017-02-01,26.450000762939453,歐元,貝萊德市場基金 A2,yfinance,股票型,歐洲(含歐元區)
B09088,2017-02-02,26.5,歐元,貝萊德市場基金 A2,yfinance,股票型,歐洲(含歐元區)
B09088,2017-02-03,26.6299991607666,歐元,貝萊德市場基金 A2,yfinance,股票型,歐洲(含歐元區)
B09088,2017-02-06,26.420000076293945,歐元,貝萊德市場基金 A2,yfinance,股票型,歐洲(含歐元區)
B09088,2017-02-07,26.450000762939453,歐元,貝萊德市場基金 A2,yfinance,股票型,歐洲(含歐元區)
B09088,2017-02-08,26.18000030517578,歐元,貝萊德市場基金 A2,yfinance,股票型,歐洲(含歐元區)
B09088,2017-02-09,26.479999542236328,歐元,貝萊德市場基金 A2,yfinance,股票型,歐洲(含歐元區)
B09088,2017-02-10,26.540000915527344,歐元,貝萊德市場基金 A2,yfinance,股票型,歐洲(含歐元區)
B09088,2017-02-13,26.81999969482422,歐元,貝萊德市場基金 A2,yfinance,股票型,歐洲(含歐元區)
B09088,2017-02-14,26.860000610351562,歐元,貝萊德市場基金 A2,yfinance,股票型,歐洲(含歐元區)
B09088,2017-02-15,26.940000534057617,歐元,貝萊德市場基金 A2,yfinance,股票型,歐洲(含歐元區)
B09088,2017-02-16,26.920000076293945,歐元,貝萊德市場基金 A2,yfinance,股票型,歐洲(含歐元區)
B09088,2017-02-17,26.780000686645508,歐元,貝萊德市場基金 A2,yfinance,股票型,歐洲(含歐元區)
B09088,2017-02-20,26.889999389648438,歐元,貝萊德市場基金 A2,yfinance,股票型,歐洲(含歐元區)
B09088,2017-02-21,27.059999465942383,歐元,貝萊德市場基金 A2,yfinance,股票型,歐洲(含歐元區)
B09088,2017-02-22,26.959999084472656,歐元,貝萊德市場基金 A2,yfinance,股票型,歐洲(含歐元區)
B09088,2017-02-23,27.09000015258789,歐元,貝萊德市場基金 A2,yfinance,股票型,歐洲(含歐元區)
B09088,2017-02-24,26.75,歐元,貝萊德市場基金 A2,yfinance,股票型,歐洲(含歐元區)
B09088,2017-02-27,26.809999465942383,歐元,貝萊德市場基金 A2,yfinance,股票型,歐洲(含歐元區)
B09088,2017-02-28,26.860000610351562,歐元,貝萊德市場基金 A2,yfinance,股票型,歐洲(含歐元區)
B09088,2017-03-01,27.34000015258789,歐元,貝萊德市場基金 A2,yfinance,股票型,歐洲(含歐元區)
B09088,2017-03-02,27.329999923706055,歐元,貝萊德市場基金 A2,yfinance,股票型,歐洲(含歐元區)
B09088,2017-03-03,27.360000610351562,歐元,貝萊德市場基金 A2,yfinance,股票型,歐洲(含歐元區)
B09088,2017-03-06,27.309999465942383,歐元,貝萊德市場基金 A2,yfinance,股票型,歐洲(含歐元區)
B09088,2017-03-07,27.239999771118164,歐元,貝萊德市場基金 A2,yfinance,股票型,歐洲(含歐元區)
B09088,2017-03-08,27.280000686645508,歐元,貝萊德市場基金 A2,yfinance,股票型,歐洲(含歐元區)
B09088,2017-03-09,27.350000381469727,歐元,貝萊德市場基金 A2,yfinance,股票型,歐洲(含歐元區)
B09088,2017-03-10,27.489999771118164,歐元,貝萊德市場基金 A2,yfinance,股票型,歐洲(含歐元區)
B09088,2017-03-13,27.450000762939453,歐元,貝萊德市場基金 A2,yfinance,股票型,歐洲(含歐元區)
B09088,2017-03-14,27.399999618530273,歐元,貝萊德市場基金 A2,yfinance,股票型,歐洲(含歐元區)
B09088,2017-03-15,27.469999313354492,歐元,貝萊德市場基金 A2,yfinance,股票型,歐洲(含歐元區)
B09088,2017-03-16,27.670000076293945,歐元,貝萊德市場基金 A2,yfinance,股票型,歐洲(含歐元區)
B09088,2017-03-17,27.700000762939453,歐元,貝萊德市場基金 A2,yfinance,股票型,歐洲(含歐元區)
B09088,2017-03-20,27.760000228881836,歐元,貝萊德市場基金 A2,yfinance,股票型,歐洲(含歐元區)
B09088,2017-03-21,27.68000030517578,歐元,貝萊德市場基金 A2,yfinance,股票型,歐洲(含歐元區)
B09088,2017-03-22,27.43000030517578,歐元,貝萊德市場基金 A2,yfinance,股票型,歐洲(含歐元區)
B09088,2017-03-23,27.610000610351562,歐元,貝萊德市場基金 A2,yfinance,股票型,歐洲(含歐元區)
B09088,2017-03-24,27.739999771118164,歐元,貝萊德市場基金 A2,yfinance,股票型,歐洲(含歐元區)
B09088,2017-03-27,27.479999542236328,歐元,貝萊德市場基金 A2,yfinance,股票型,歐洲(含歐元區)
B09088,2017-03-28,27.649999618530273,歐元,貝萊德市場基金 A2,yfinance,股票型,歐洲(含歐元區)
B09088,2017-03-29,27.770000457763672,歐元,貝萊德市場基金 A2,yfinance,股票型,歐洲(含歐元區)
B09088,2017-03-30,27.90999984741211,歐元,貝萊德市場基金 A2,yfinance,股票型,歐洲(含歐元區)
B09088,2017-03-31,27.940000534057617,歐元,貝萊德市場基金 A2,yfinance,股票型,歐洲(含歐元區)
B09088,2017-04-03,28.020000457763672,歐元,貝萊德市場基金 A2,yfinance,股票型,歐洲(含歐元區)
B09088,2017-04-04,27.93000030517578,歐元,貝萊德市場基金 A2,yfinance,股票型,歐洲(含歐元區)
B09088,2017-04-05,28.030000686645508,歐元,貝萊德市場基金 A2,yfinance,股票型,歐洲(含歐元區)
B09088,2017-04-06,27.979999542236328,歐元,貝萊德市場基金 A2,yfinance,股票型,歐洲(含歐元區)
B09088,2017-04-07,27.989999771118164,歐元,貝萊德市場基金 A2,yfinance,股票型,歐洲(含歐元區)
B09088,2017-04-10,28.040000915527344,歐元,貝萊德市場基金 A2,yfinance,股票型,歐洲(含歐元區)
B09088,2017-04-11,28.049999237060547,歐元,貝萊德市場基金 A2,yfinance,股票型,歐洲(含歐元區)
B09088,2017-04-12,27.950000762939453,歐元,貝萊德市場基金 A2,yfinance,股票型,歐洲(含歐元區)
B09088,2017-04-13,27.799999237060547,歐元,貝萊德市場基金 A2,yfinance,股票型,歐洲(含歐元區)
B09088,2017-04-18,27.579999923706055,歐元,貝萊德市場基金 A2,yfinance,股票型,歐洲(含歐元區)
B09088,2017-04-19,27.6299991607666,歐元,貝萊德市場基金 A2,yfinance,股票型,歐洲(含歐元區)
B09088,2017-04-20,27.719999313354492,歐元,貝萊德市場基金 A2,yfinance,股票型,歐洲(含歐元區)
B09088,2017-04-21,27.770000457763672,歐元,貝萊德市場基金 A2,yfinance,股票型,歐洲(含歐元區)
B09088,2017-04-24,28.729999542236328,歐元,貝萊德市場基金 A2,yfinance,股票型,歐洲(含歐元區)
B09088,2017-04-25,28.799999237060547,歐元,貝萊德市場基金 A2,yfinance,股票型,歐洲(含歐元區)
B09088,2017-04-26,28.809999465942383,歐元,貝萊德市場基金 A2,yfinance,股票型,歐洲(含歐元區)
B09088,2017-04-27,28.739999771118164,歐元,貝萊德市場基金 A2,yfinance,股票型,歐洲(含歐元區)
B09088,2017-04-28,28.729999542236328,歐元,貝萊德市場基金 A2,yfinance,股票型,歐洲(含歐元區)
B09088,2017-05-02,28.950000762939453,歐元,貝萊德市場基金 A2,yfinance,股票型,歐洲(含歐元區)
B09088,2017-05-03,29.020000457763672,歐元,貝萊德市場基金 A2,yfinance,股票型,歐洲(含歐元區)
B09088,2017-05-04,29.200000762939453,歐元,貝萊德市場基金 A2,yfinance,股票型,歐洲(含歐元區)
B09088,2017-05-05,29.459999084472656,歐元,貝萊德市場基金 A2,yfinance,股票型,歐洲(含歐元區)
B09088,2017-05-08,29.399999618530273,歐元,貝萊德市場基金 A2,yfinance,股票型,歐洲(含歐元區)
B09088,2017-05-09,29.5,歐元,貝萊德市場基金 A2,yfinance,股票型,歐洲(含歐元區)
B09088,2017-05-10,29.510000228881836,歐元,貝萊德市場基金 A2,yfinance,股票型,歐洲(含歐元區)
B09088,2017-05-11,29.3700008392334,歐元,貝萊德市場基金 A2,yfinance,股票型,歐洲(含歐元區)
B09088,2017-05-12,29.440000534057617,歐元,貝萊德市場基金 A2,yfinance,股票型,歐洲(含歐元區)
B09088,2017-05-15,29.479999542236328,歐元,貝萊德市場基金 A2,yfinance,股票型,歐洲(含歐元區)
B09088,2017-05-16,29.559999465942383,歐元,貝萊德市場基金 A2,yfinance,股票型,歐洲(含歐元區)
B09088,2017-05-17,29.1200008392334,歐元,貝萊德市場基金 A2,yfinance,股票型,歐洲(含歐元區)
B09088,2017-05-18,28.729999542236328,歐元,貝萊德市場基金 A2,yfinance,股票型,歐洲(含歐元區)
B09088,2017-05-19,29.059999465942383,歐元,貝萊德市場基金 A2,yfinance,股票型,歐洲(含歐元區)
B09088,2017-05-22,29.100000381469727,歐元,貝萊德市場基金 A2,yfinance,股票型,歐洲(含歐元區)
B09088,2017-05-23,29.139999389648438,歐元,貝萊德市場基金 A2,yfinance,股票型,歐洲(含歐元區)
B09088,2017-05-24,29.229999542236328,歐元,貝萊德市場基金 A2,yfinance,股票型,歐洲(含歐元區)
B09088,2017-05-26,29.239999771118164,歐元,貝萊德市場基金 A2,yfinance,股票型,歐洲(含歐元區)
B09088,2017-05-29,29.139999389648438,歐元,貝萊德市場基金 A2,yfinance,股票型,歐洲(含歐元區)
B09088,2017-05-30,29.18000030517578,歐元,貝萊德市場基金 A2,yfinance,股票型,歐洲(含歐元區)
B09088,2017-05-31,29.25,歐元,貝萊德市場基金 A2,yfinance,股票型,歐洲(含歐元區)
B09088,2017-06-01,29.329999923706055,歐元,貝萊德市場基金 A2,yfinance,股票型,歐洲(含歐元區)
B09088,2017-06-02,29.440000534057617,歐元,貝萊德市場基金 A2,yfinance,股票型,歐洲(含歐元區)
B09088,2017-06-06,29.270000457763672,歐元,貝萊德市場基金 A2,yfinance,股票型,歐洲(含歐元區)
B09088,2017-06-07,29.440000534057617,歐元,貝萊德市場基金 A2,yfinance,股票型,歐洲(含歐元區)
B09088,2017-06-08,29.290000915527344,歐元,貝萊德市場基金 A2,yfinance,股票型,歐洲(含歐元區)
B09088,2017-06-09,29.489999771118164,歐元,貝萊德市場基金 A2,yfinance,股票型,歐洲(含歐元區)
B09088,2017-06-12,29.149999618530273,歐元,貝萊德市場基金 A2,yfinance,股票型,歐洲(含歐元區)
B09088,2017-06-13,29.3799991607666,歐元,貝萊德市場基金 A2,yfinance,股票型,歐洲(含歐元區)
B09088,2017-06-14,29.540000915527344,歐元,貝萊德市場基金 A2,yfinance,股票型,歐洲(含歐元區)
B09088,2017-06-15,29.06999969482422,歐元,貝萊德市場基金 A2,yfinance,股票型,歐洲(含歐元區)
B09088,2017-06-16,29.350000381469727,歐元,貝萊德市場基金 A2,yfinance,股票型,歐洲(含歐元區)
B09088,2017-06-19,29.649999618530273,歐元,貝萊德市場基金 A2,yfinance,股票型,歐洲(含歐元區)
B09088,2017-06-20,29.600000381469727,歐元,貝萊德市場基金 A2,yfinance,股票型,歐洲(含歐元區)
B09088,2017-06-21,29.40999984741211,歐元,貝萊德市場基金 A2,yfinance,股票型,歐洲(含歐元區)
B09088,2017-06-22,29.309999465942383,歐元,貝萊德市場基金 A2,yfinance,股票型,歐洲(含歐元區)
B09088,2017-06-26,29.510000228881836,歐元,貝萊德市場基金 A2,yfinance,股票型,歐洲(含歐元區)
B09088,2017-06-27,29.09000015258789,歐元,貝萊德市場基金 A2,yfinance,股票型,歐洲(含歐元區)
B09088,2017-06-28,29.040000915527344,歐元,貝萊德市場基金 A2,yfinance,股票型,歐洲(含歐元區)
B09088,2017-06-29,28.68000030517578,歐元,貝萊德市場基金 A2,yfinance,股票型,歐洲(含歐元區)
B09088,2017-06-30,28.75,歐元,貝萊德市場基金 A2,yfinance,股票型,歐洲(含歐元區)
B09088,2017-07-03,28.940000534057617,歐元,貝萊德市場基金 A2,yfinance,股票型,歐洲(含歐元區)
B09088,2017-07-04,28.940000534057617,歐元,貝萊德市場基金 A2,yfinance,股票型,歐洲(含歐元區)
B09088,2017-07-05,29.049999237060547,歐元,貝萊德市場基金 A2,yfinance,股票型,歐洲(含歐元區)
B09088,2017-07-06,28.75,歐元,貝萊德市場基金 A2,yfinance,股票型,歐洲(含歐元區)
B09088,2017-07-07,28.889999389648438,歐元,貝萊德市場基金 A2,yfinance,股票型,歐洲(含歐元區)
B09088,2017-07-10,29.06999969482422,歐元,貝萊德市場基金 A2,yfinance,股票型,歐洲(含歐元區)
B09088,2017-07-11,29.1200008392334,歐元,貝萊德市場基金 A2,yfinance,股票型,歐洲(含歐元區)
B09088,2017-07-12,29.479999542236328,歐元,貝萊德市場基金 A2,yfinance,股票型,歐洲(含歐元區)
B09088,2017-07-13,29.6299991607666,歐元,貝萊德市場基金 A2,yfinance,股票型,歐洲(含歐元區)
B09088,2017-07-14,29.649999618530273,歐元,貝萊德市場基金 A2,yfinance,股票型,歐洲(含歐元區)
B09088,2017-07-17,29.709999084472656,歐元,貝萊德市場基金 A2,yfinance,股票型,歐洲(含歐元區)
B09088,2017-07-18,29.469999313354492,歐元,貝萊德市場基金 A2,yfinance,股票型,歐洲(含歐元區)
B09088,2017-07-19,29.6200008392334,歐元,貝萊德市場基金 A2,yfinance,股票型,歐洲(含歐元區)
B09088,2017-07-20,29.719999313354492,歐元,貝萊德市場基金 A2,yfinance,股票型,歐洲(含歐元區)
B09088,2017-07-21,29.219999313354492,歐元,貝萊德市場基金 A2,yfinance,股票型,歐洲(含歐元區)
B09088,2017-07-24,29.219999313354492,歐元,貝萊德市場基金 A2,yfinance,股票型,歐洲(含歐元區)
B09088,2017-07-25,29.31999969482422,歐元,貝萊德市場基金 A2,yfinance,股票型,歐洲(含歐元區)
B09088,2017-07-26,29.479999542236328,歐元,貝萊德市場基金 A2,yfinance,股票型,歐洲(含歐元區)
B09088,2017-07-27,29.3799991607666,歐元,貝萊德市場基金 A2,yfinance,股票型,歐洲(含歐元區)
B09088,2017-07-28,29.200000762939453,歐元,貝萊德市場基金 A2,yfinance,股票型,歐洲(含歐元區)
B09088,2017-07-31,29.260000228881836,歐元,貝萊德市場基金 A2,yfinance,股票型,歐洲(含歐元區)
B09088,2017-08-01,29.280000686645508,歐元,貝萊德市場基金 A2,yfinance,股票型,歐洲(含歐元區)
B09088,2017-08-02,29.270000457763672,歐元,貝萊德市場基金 A2,yfinance,股票型,歐洲(含歐元區)
B09088,2017-08-03,29.219999313354492,歐元,貝萊德市場基金 A2,yfinance,股票型,歐洲(含歐元區)
B09088,2017-08-04,29.530000686645508,歐元,貝萊德市場基金 A2,yfinance,股票型,歐洲(含歐元區)
B09088,2017-08-07,29.579999923706055,歐元,貝萊德市場基金 A2,yfinance,股票型,歐洲(含歐元區)
B09088,2017-08-08,29.610000610351562,歐元,貝萊德市場基金 A2,yfinance,股票型,歐洲(含歐元區)
B09088,2017-08-09,29.399999618530273,歐元,貝萊德市場基金 A2,yfinance,股票型,歐洲(含歐元區)
B09088,2017-08-10,29.260000228881836,歐元,貝萊德市場基金 A2,yfinance,股票型,歐洲(含歐元區)
B09088,2017-08-11,28.90999984741211,歐元,貝萊德市場基金 A2,yfinance,股票型,歐洲(含歐元區)
B09088,2017-08-14,29.229999542236328,歐元,貝萊德市場基金 A2,yfinance,股票型,歐洲(含歐元區)
B09088,2017-08-16,29.610000610351562,歐元,貝萊德市場基金 A2,yfinance,股票型,歐洲(含歐元區)
B09088,2017-08-17,29.489999771118164,歐元,貝萊德市場基金 A2,yfinance,股票型,歐洲(含歐元區)
B09088,2017-08-18,29.09000015258789,歐元,貝萊德市場基金 A2,yfinance,股票型,歐洲(含歐元區)
B09088,2017-08-21,28.989999771118164,歐元,貝萊德市場基金 A2,yfinance,股票型,歐洲(含歐元區)
B09088,2017-08-22,29.25,歐元,貝萊德市場基金 A2,yfinance,股票型,歐洲(含歐元區)
B09088,2017-08-23,29.200000762939453,歐元,貝萊德市場基金 A2,yfinance,股票型,歐洲(含歐元區)
B09088,2017-08-24,29.110000610351562,歐元,貝萊德市場基金 A2,yfinance,股票型,歐洲(含歐元區)
B09088,2017-08-25,29.280000686645508,歐元,貝萊德市場基金 A2,yfinance,股票型,歐洲(含歐元區)
B09088,2017-08-28,29.030000686645508,歐元,貝萊德市場基金 A2,yfinance,股票型,歐洲(含歐元區)
B09088,2017-08-29,28.6299991607666,歐元,貝萊德市場基金 A2,yfinance,股票型,歐洲(含歐元區)
B09088,2017-08-30,28.940000534057617,歐元,貝萊德市場基金 A2,yfinance,股票型,歐洲(含歐元區)
B09088,2017-08-31,29.170000076293945,歐元,貝萊德市場基金 A2,yfinance,股票型,歐洲(含歐元區)
B09088,2017-09-01,29.43000030517578,歐元,貝萊德市場基金 A2,yfinance,股票型,歐洲(含歐元區)
B09088,2017-09-04,29.309999465942383,歐元,貝萊德市場基金 A2,yfinance,股票型,歐洲(含歐元區)
B09088,2017-09-05,29.40999984741211,歐元,貝萊德市場基金 A2,yfinance,股票型,歐洲(含歐元區)
B09088,2017-09-06,29.350000381469727,歐元,貝萊德市場基金 A2,yfinance,股票型,歐洲(含歐元區)
B09088,2017-09-07,29.450000762939453,歐元,貝萊德市場基金 A2,yfinance,股票型,歐洲(含歐元區)
B09088,2017-09-08,29.479999542236328,歐元,貝萊德市場基金 A2,yfinance,股票型,歐洲(含歐元區)
B09088,2017-09-11,29.850000381469727,歐元,貝萊德市場基金 A2,yfinance,股票型,歐洲(含歐元區)
B09088,2017-09-12,29.940000534057617,歐元,貝萊德市場基金 A2,yfinance,股票型,歐洲(含歐元區)
B09088,2017-09-13,29.989999771118164,歐元,貝萊德市場基金 A2,yfinance,股票型,歐洲(含歐元區)
B09088,2017-09-14,30.0,歐元,貝萊德市場基金 A2,yfinance,股票型,歐洲(含歐元區)
B09088,2017-09-15,30.0,歐元,貝萊德市場基金 A2,yfinance,股票型,歐洲(含歐元區)
B09088,2017-09-18,30.139999389648438,歐元,貝萊德市場基金 A2,yfinance,股票型,歐洲(含歐元區)
B09088,2017-09-19,30.15999984741211,歐元,貝萊德市場基金 A2,yfinance,股票型,歐洲(含歐元區)
B09088,2017-09-20,30.110000610351562,歐元,貝萊德市場基金 A2,yfinance,股票型,歐洲(含歐元區)
B09088,2017-09-21,30.15999984741211,歐元,貝萊德市場基金 A2,yfinance,股票型,歐洲(含歐元區)
B09088,2017-09-22,30.1200008392334,歐元,貝萊德市場基金 A2,yfinance,股票型,歐洲(含歐元區)
B09088,2017-09-25,30.06999969482422,歐元,貝萊德市場基金 A2,yfinance,股票型,歐洲(含歐元區)
B09088,2017-09-26,30.059999465942383,歐元,貝萊德市場基金 A2,yfinance,股票型,歐洲(含歐元區)
B09088,2017-09-27,30.200000762939453,歐元,貝萊德市場基金 A2,yfinance,股票型,歐洲(含歐元區)
B09088,2017-09-28,30.219999313354492,歐元,貝萊德市場基金 A2,yfinance,股票型,歐洲(含歐元區)
B09088,2017-09-29,30.31999969482422,歐元,貝萊德市場基金 A2,yfinance,股票型,歐洲(含歐元區)
B09088,2017-10-02,30.530000686645508,歐元,貝萊德市場基金 A2,yfinance,股票型,歐洲(含歐元區)
B09088,2017-10-03,30.649999618530273,歐元,貝萊德市場基金 A2,yfinance,股票型,歐洲(含歐元區)
B09088,2017-10-04,30.5,歐元,貝萊德市場基金 A2,yfinance,股票型,歐洲(含歐元區)
B09088,2017-10-05,30.549999237060547,歐元,貝萊德市場基金 A2,yfinance,股票型,歐洲(含歐元區)
B09088,2017-10-06,30.469999313354492,歐元,貝萊德市場基金 A2,yfinance,股票型,歐洲(含歐元區)
B09088,2017-10-09,30.489999771118164,歐元,貝萊德市場基金 A2,yfinance,股票型,歐洲(含歐元區)
B09088,2017-10-10,30.440000534057617,歐元,貝萊德市場基金 A2,yfinance,股票型,歐洲(含歐元區)
B09088,2017-10-11,30.459999084472656,歐元,貝萊德市場基金 A2,yfinance,股票型,歐洲(含歐元區)
B09088,2017-10-12,30.510000228881836,歐元,貝萊德市場基金 A2,yfinance,股票型,歐洲(含歐元區)
B09088,2017-10-13,30.559999465942383,歐元,貝萊德市場基金 A2,yfinance,股票型,歐洲(含歐元區)
B09088,2017-10-16,30.600000381469727,歐元,貝萊德市場基金 A2,yfinance,股票型,歐洲(含歐元區)
B09088,2017-10-17,30.600000381469727,歐元,貝萊德市場基金 A2,yfinance,股票型,歐洲(含歐元區)
B09088,2017-10-18,30.610000610351562,歐元,貝萊德市場基金 A2,yfinance,股票型,歐洲(含歐元區)
B09088,2017-10-19,30.260000228881836,歐元,貝萊德市場基金 A2,yfinance,股票型,歐洲(含歐元區)
B09088,2017-10-20,30.440000534057617,歐元,貝萊德市場基金 A2,yfinance,股票型,歐洲(含歐元區)
B09088,2017-10-23,30.520000457763672,歐元,貝萊德市場基金 A2,yfinance,股票型,歐洲(含歐元區)
B09088,2017-10-24,30.469999313354492,歐元,貝萊德市場基金 A2,yfinance,股票型,歐洲(含歐元區)
B09088,2017-10-25,30.510000228881836,歐元,貝萊德市場基金 A2,yfinance,股票型,歐洲(含歐元區)
B09088,2017-10-26,30.780000686645508,歐元,貝萊德市場基金 A2,yfinance,股票型,歐洲(含歐元區)
B09088,2017-10-27,30.959999084472656,歐元,貝萊德市場基金 A2,yfinance,股票型,歐洲(含歐元區)
B09088,2017-10-30,30.989999771118164,歐元,貝萊德市場基金 A2,yfinance,股票型,歐洲(含歐元區)
B09088,2017-10-31,30.989999771118164,歐元,貝萊德市場基金 A2,yfinance,股票型,歐洲(含歐元區)
B09088,2017-11-02,31.010000228881836,歐元,貝萊德市場基金 A2,yfinance,股票型,歐洲(含歐元區)
B09088,2017-11-03,31.100000381469727,歐元,貝萊德市場基金 A2,yfinance,股票型,歐洲(含歐元區)
B09088,2017-11-06,31.079999923706055,歐元,貝萊德市場基金 A2,yfinance,股票型,歐洲(含歐元區)
B09088,2017-11-07,31.06999969482422,歐元,貝萊德市場基金 A2,yfinance,股票型,歐洲(含歐元區)
B09088,2017-11-08,30.799999237060547,歐元,貝萊德市場基金 A2,yfinance,股票型,歐洲(含歐元區)
B09088,2017-11-09,30.5,歐元,貝萊德市場基金 A2,yfinance,股票型,歐洲(含歐元區)
B09088,2017-11-10,30.520000457763672,歐元,貝萊德市場基金 A2,yfinance,股票型,歐洲(含歐元區)
B09088,2017-11-13,30.200000762939453,歐元,貝萊德市場基金 A2,yfinance,股票型,歐洲(含歐元區)
B09088,2017-11-14,30.299999237060547,歐元,貝萊德市場基金 A2,yfinance,股票型,歐洲(含歐元區)
B09088,2017-11-15,29.940000534057617,歐元,貝萊德市場基金 A2,yfinance,股票型,歐洲(含歐元區)
B09088,2017-11-16,30.239999771118164,歐元,貝萊德市場基金 A2,yfinance,股票型,歐洲(含歐元區)
B09088,2017-11-17,30.06999969482422,歐元,貝萊德市場基金 A2,yfinance,股票型,歐洲(含歐元區)
B09088,2017-11-20,30.190000534057617,歐元,貝萊德市場基金 A2,yfinance,股票型,歐洲(含歐元區)
B09088,2017-11-21,30.3799991607666,歐元,貝萊德市場基金 A2,yfinance,股票型,歐洲(含歐元區)
B09088,2017-11-22,30.3700008392334,歐元,貝萊德市場基金 A2,yfinance,股票型,歐洲(含歐元區)
B09088,2017-11-23,30.200000762939453,歐元,貝萊德市場基金 A2,yfinance,股票型,歐洲(含歐元區)
B09088,2017-11-24,30.280000686645508,歐元,貝萊德市場基金 A2,yfinance,股票型,歐洲(含歐元區)
B09088,2017-11-27,30.149999618530273,歐元,貝萊德市場基金 A2,yfinance,股票型,歐洲(含歐元區)
B09088,2017-11-28,30.149999618530273,歐元,貝萊德市場基金 A2,yfinance,股票型,歐洲(含歐元區)
B09088,2017-11-29,30.459999084472656,歐元,貝萊德市場基金 A2,yfinance,股票型,歐洲(含歐元區)
B09088,2017-11-30,30.270000457763672,歐元,貝萊德市場基金 A2,yfinance,股票型,歐洲(含歐元區)
B09088,2017-12-01,30.079999923706055,歐元,貝萊德市場基金 A2,yfinance,股票型,歐洲(含歐元區)
B09088,2017-12-04,30.34000015258789,歐元,貝萊德市場基金 A2,yfinance,股票型,歐洲(含歐元區)
B09088,2017-12-05,30.239999771118164,歐元,貝萊德市場基金 A2,yfinance,股票型,歐洲(含歐元區)
B09088,2017-12-06,30.15999984741211,歐元,貝萊德市場基金 A2,yfinance,股票型,歐洲(含歐元區)
B09088,2017-12-07,30.239999771118164,歐元,貝萊德市場基金 A2,yfinance,股票型,歐洲(含歐元區)
B09088,2017-12-08,30.510000228881836,歐元,貝萊德市場基金 A2,yfinance,股票型,歐洲(含歐元區)
B09088,2017-12-11,30.469999313354492,歐元,貝萊德市場基金 A2,yfinance,股票型,歐洲(含歐元區)
B09088,2017-12-12,30.489999771118164,歐元,貝萊德市場基金 A2,yfinance,股票型,歐洲(含歐元區)
B09088,2017-12-13,30.520000457763672,歐元,貝萊德市場基金 A2,yfinance,股票型,歐洲(含歐元區)
B09088,2017-12-14,30.3799991607666,歐元,貝萊德市場基金 A2,yfinance,股票型,歐洲(含歐元區)
B09088,2017-12-15,30.1200008392334,歐元,貝萊德市場基金 A2,yfinance,股票型,歐洲(含歐元區)
B09088,2017-12-18,30.579999923706055,歐元,貝萊德市場基金 A2,yfinance,股票型,歐洲(含歐元區)
B09088,2017-12-19,30.559999465942383,歐元,貝萊德市場基金 A2,yfinance,股票型,歐洲(含歐元區)
B09088,2017-12-20,30.3799991607666,歐元,貝萊德市場基金 A2,yfinance,股票型,歐洲(含歐元區)
B09088,2017-12-21,30.270000457763672,歐元,貝萊德市場基金 A2,yfinance,股票型,歐洲(含歐元區)
B09088,2017-12-22,30.299999237060547,歐元,貝萊德市場基金 A2,yfinance,股票型,歐洲(含歐元區)
B09088,2017-12-27,30.260000228881836,歐元,貝萊德市場基金 A2,yfinance,股票型,歐洲(含歐元區)
B09088,2017-12-28,30.239999771118164,歐元,貝萊德市場基金 A2,yfinance,股票型,歐洲(含歐元區)
B09088,2017-12-29,30.040000915527344,歐元,貝萊德市場基金 A2,yfinance,股票型,歐洲(含歐元區)
B24073,2017-01-03,3.4644968509674072,英鎊,霸菱成熟及新興市場非投資等級債券基金-G類英鎊避險季配息型,yfinance,債券型,全球市場
B24073,2017-01-04,3.4753925800323486,英鎊,霸菱成熟及新興市場非投資等級債券基金-G類英鎊避險季配息型,yfinance,債券型,全球市場
B24073,2017-01-05,3.4808382987976074,英鎊,霸菱成熟及新興市場非投資等級債券基金-G類英鎊避險季配息型,yfinance,債券型,全球市場
B24073,2017-01-06,3.4862868785858154,英鎊,霸菱成熟及新興市場非投資等級債券基金-G類英鎊避險季配息型,yfinance,債券型,全球市場
B24073,2017-01-09,3.4862868785858154,英鎊,霸菱成熟及新興市場非投資等級債券基金-G類英鎊避險季配息型,yfinance,債券型,全球市場
B24073,2017-01-10,3.4862868785858154,英鎊,霸菱成熟及新興市場非投資等級債券基金-G類英鎊避險季配息型,yfinance,債券型,全球市場
B24073,2017-01-11,3.4862868785858154,英鎊,霸菱成熟及新興市場非投資等級債券基金-G類英鎊避險季配息型,yfinance,債券型,全球市場
B24073,2017-01-12,3.4862868785858154,英鎊,霸菱成熟及新興市場非投資等級債券基金-G類英鎊避險季配息型,yfinance,債券型,全球市場
B24073,2017-01-13,3.4917328357696533,英鎊,霸菱成熟及新興市場非投資等級債券基金-G類英鎊避險季配息型,yfinance,債券型,全球市場
B24073,2017-01-16,3.4917328357696533,英鎊,霸菱成熟及新興市場非投資等級債券基金-G類英鎊避險季配息型,yfinance,債券型,全球市場
B24073,2017-01-17,3.4917328357696533,英鎊,霸菱成熟及新興市場非投資等級債券基金-G類英鎊避險季配息型,yfinance,債券型,全球市場
B24073,2017-01-18,3.4917328357696533,英鎊,霸菱成熟及新興市場非投資等級債券基金-G類英鎊避險季配息型,yfinance,債券型,全球市場
B24073,2017-01-19,3.4971811771392822,英鎊,霸菱成熟及新興市場非投資等級債券基金-G類英鎊避險季配息型,yfinance,債券型,全球市場
B24073,2017-01-20,3.4917328357696533,英鎊,霸菱成熟及新興市場非投資等級債券基金-G類英鎊避險季配息型,yfinance,債券型,全球市場
B24073,2017-01-23,3.4917328357696533,英鎊,霸菱成熟及新興市場非投資等級債券基金-G類英鎊避險季配息型,yfinance,債券型,全球市場
B24073,2017-01-24,3.4917328357696533,英鎊,霸菱成熟及新興市場非投資等級債券基金-G類英鎊避險季配息型,yfinance,債券型,全球市場
B24073,2017-01-25,3.4917328357696533,英鎊,霸菱成熟及新興市場非投資等級債券基金-G類英鎊避險季配息型,yfinance,債券型,全球市場
B24073,2017-01-26,3.4971811771392822,英鎊,霸菱成熟及新興市場非投資等級債券基金-G類英鎊避險季配息型,yfinance,債券型,全球市場
B24073,2017-01-27,3.4971811771392822,英鎊,霸菱成熟及新興市場非投資等級債券基金-G類英鎊避險季配息型,yfinance,債券型,全球市場
B24073,2017-01-30,3.4971811771392822,英鎊,霸菱成熟及新興市場非投資等級債券基金-G類英鎊避險季配息型,yfinance,債券型,全球市場
B24073,2017-01-31,3.4971811771392822,英鎊,霸菱成熟及新興市場非投資等級債券基金-G類英鎊避險季配息型,yfinance,債券型,全球市場
B24073,2017-02-01,3.4957470893859863,英鎊,霸菱成熟及新興市場非投資等級債券基金-G類英鎊避險季配息型,yfinance,債券型,全球市場
B24073,2017-02-02,3.501279830932617,英鎊,霸菱成熟及新興市場非投資等級債券基金-G類英鎊避險季配息型,yfinance,債券型,全球市場
B24073,2017-02-03,3.501279830932617,英鎊,霸菱成熟及新興市場非投資等級債券基金-G類英鎊避險季配息型,yfinance,債券型,全球市場
B24073,2017-02-06,3.5123419761657715,英鎊,霸菱成熟及新興市場非投資等級債券基金-G類英鎊避險季配息型,yfinance,債券型,全球市場
B24073,2017-02-07,3.5123419761657715,英鎊,霸菱成熟及新興市場非投資等級債券基金-G類英鎊避險季配息型,yfinance,債券型,全球市場
B24073,2017-02-08,3.5123419761657715,英鎊,霸菱成熟及新興市場非投資等級債券基金-G類英鎊避險季配息型,yfinance,債券型,全球市場
B24073,2017-02-09,3.5123419761657715,英鎊,霸菱成熟及新興市場非投資等級債券基金-G類英鎊避險季配息型,yfinance,債券型,全球市場
B24073,2017-02-10,3.5123419761657715,英鎊,霸菱成熟及新興市場非投資等級債券基金-G類英鎊避險季配息型,yfinance,債券型,全球市場
B24073,2017-02-13,3.517873764038086,英鎊,霸菱成熟及新興市場非投資等級債券基金-G類英鎊避險季配息型,yfinance,債券型,全球市場
B24073,2017-02-14,3.517873764038086,英鎊,霸菱成熟及新興市場非投資等級債券基金-G類英鎊避險季配息型,yfinance,債券型,全球市場
B24073,2017-02-15,3.5234053134918213,英鎊,霸菱成熟及新興市場非投資等級債券基金-G類英鎊避險季配息型,yfinance,債券型,全球市場
B24073,2017-02-16,3.5234053134918213,英鎊,霸菱成熟及新興市場非投資等級債券基金-G類英鎊避險季配息型,yfinance,債券型,全球市場
B24073,2017-02-17,3.5234053134918213,英鎊,霸菱成熟及新興市場非投資等級債券基金-G類英鎊避險季配息型,yfinance,債券型,全球市場
B24073,2017-02-20,3.5234053134918213,英鎊,霸菱成熟及新興市場非投資等級債券基金-G類英鎊避險季配息型,yfinance,債券型,全球市場
B24073,2017-02-21,3.5234053134918213,英鎊,霸菱成熟及新興市場非投資等級債券基金-G類英鎊避險季配息型,yfinance,債券型,全球市場
B24073,2017-02-22,3.5344669818878174,英鎊,霸菱成熟及新興市場非投資等級債券基金-G類英鎊避險季配息型,yfinance,債券型,全球市場
B24073,2017-02-23,3.5344669818878174,英鎊,霸菱成熟及新興市場非投資等級債券基金-G類英鎊避險季配息型,yfinance,債券型,全球市場
B24073,2017-02-24,3.539998769760132,英鎊,霸菱成熟及新興市場非投資等級債券基金-G類英鎊避險季配息型,yfinance,債券型,全球市場
B24073,2017-02-27,3.539998769760132,英鎊,霸菱成熟及新興市場非投資等級債券基金-G類英鎊避險季配息型,yfinance,債券型,全球市場
B24073,2017-02-28,3.5455286502838135,英鎊,霸菱成熟及新興市場非投資等級債券基金-G類英鎊避險季配息型,yfinance,債券型,全球市場
B24073,2017-03-01,3.5455286502838135,英鎊,霸菱成熟及新興市場非投資等級債券基金-G類英鎊避險季配息型,yfinance,債券型,全球市場
B24073,2017-03-02,3.556591033935547,英鎊,霸菱成熟及新興市場非投資等級債券基金-G類英鎊避險季配息型,yfinance,債券型,全球市場
B24073,2017-03-03,3.556591033935547,英鎊,霸菱成熟及新興市場非投資等級債券基金-G類英鎊避險季配息型,yfinance,債券型,全球市場
B24073,2017-03-06,3.551060438156128,英鎊,霸菱成熟及新興市場非投資等級債券基金-G類英鎊避險季配息型,yfinance,債券型,全球市場
B24073,2017-03-07,3.5455286502838135,英鎊,霸菱成熟及新興市場非投資等級債券基金-G類英鎊避險季配息型,yfinance,債券型,全球市場
B24073,2017-03-08,3.539998769760132,英鎊,霸菱成熟及新興市場非投資等級債券基金-G類英鎊避險季配息型,yfinance,債券型,全球市場
B24073,2017-03-09,3.5289368629455566,英鎊,霸菱成熟及新興市場非投資等級債券基金-G類英鎊避險季配息型,yfinance,債券型,全球市場
B24073,2017-03-10,3.5123419761657715,英鎊,霸菱成熟及新興市場非投資等級債券基金-G類英鎊避險季配息型,yfinance,債券型,全球市場
B24073,2017-03-13,3.517873764038086,英鎊,霸菱成熟及新興市場非投資等級債券基金-G類英鎊避險季配息型,yfinance,債券型,全球市場
B24073,2017-03-14,3.506809711456299,英鎊,霸菱成熟及新興市場非投資等級債券基金-G類英鎊避險季配息型,yfinance,債券型,全球市場
B24073,2017-03-15,3.501279830932617,英鎊,霸菱成熟及新興市場非投資等級債券基金-G類英鎊避險季配息型,yfinance,債券型,全球市場
B24073,2017-03-16,3.5123419761657715,英鎊,霸菱成熟及新興市場非投資等級債券基金-G類英鎊避險季配息型,yfinance,債券型,全球市場
B24073,2017-03-20,3.5289368629455566,英鎊,霸菱成熟及新興市場非投資等級債券基金-G類英鎊避險季配息型,yfinance,債券型,全球市場
B24073,2017-03-21,3.5234053134918213,英鎊,霸菱成熟及新興市場非投資等級債券基金-G類英鎊避險季配息型,yfinance,債券型,全球市場
B24073,2017-03-22,3.517873764038086,英鎊,霸菱成熟及新興市場非投資等級債券基金-G類英鎊避險季配息型,yfinance,債券型,全球市場
B24073,2017-03-23,3.506809711456299,英鎊,霸菱成熟及新興市場非投資等級債券基金-G類英鎊避險季配息型,yfinance,債券型,全球市場
B24073,2017-03-24,3.5123419761657715,英鎊,霸菱成熟及新興市場非投資等級債券基金-G類英鎊避險季配息型,yfinance,債券型,全球市場
B24073,2017-03-27,3.517873764038086,英鎊,霸菱成熟及新興市場非投資等級債券基金-G類英鎊避險季配息型,yfinance,債券型,全球市場
B24073,2017-03-28,3.5123419761657715,英鎊,霸菱成熟及新興市場非投資等級債券基金-G類英鎊避險季配息型,yfinance,債券型,全球市場
B24073,2017-03-29,3.517873764038086,英鎊,霸菱成熟及新興市場非投資等級債券基金-G類英鎊避險季配息型,yfinance,債券型,全球市場
B24073,2017-03-30,3.5289368629455566,英鎊,霸菱成熟及新興市場非投資等級債券基金-G類英鎊避險季配息型,yfinance,債券型,全球市場
B24073,2017-03-31,3.5344669818878174,英鎊,霸菱成熟及新興市場非投資等級債券基金-G類英鎊避險季配息型,yfinance,債券型,全球市場
B24073,2017-04-03,3.539998769760132,英鎊,霸菱成熟及新興市場非投資等級債券基金-G類英鎊避險季配息型,yfinance,債券型,全球市場
B24073,2017-04-04,3.539998769760132,英鎊,霸菱成熟及新興市場非投資等級債券基金-G類英鎊避險季配息型,yfinance,債券型,全球市場
B24073,2017-04-05,3.5344669818878174,英鎊,霸菱成熟及新興市場非投資等級債券基金-G類英鎊避險季配息型,yfinance,債券型,全球市場
B24073,2017-04-06,3.539998769760132,英鎊,霸菱成熟及新興市場非投資等級債券基金-G類英鎊避險季配息型,yfinance,債券型,全球市場
B24073,2017-04-07,3.539998769760132,英鎊,霸菱成熟及新興市場非投資等級債券基金-G類英鎊避險季配息型,yfinance,債券型,全球市場
B24073,2017-04-10,3.5455286502838135,英鎊,霸菱成熟及新興市場非投資等級債券基金-G類英鎊避險季配息型,yfinance,債券型,全球市場
B24073,2017-04-11,3.5455286502838135,英鎊,霸菱成熟及新興市場非投資等級債券基金-G類英鎊避險季配息型,yfinance,債券型,全球市場
B24073,2017-04-12,3.5455286502838135,英鎊,霸菱成熟及新興市場非投資等級債券基金-G類英鎊避險季配息型,yfinance,債券型,全球市場
B24073,2017-04-13,3.5455286502838135,英鎊,霸菱成熟及新興市場非投資等級債券基金-G類英鎊避險季配息型,yfinance,債券型,全球市場
B24073,2017-04-18,3.5455286502838135,英鎊,霸菱成熟及新興市場非投資等級債券基金-G類英鎊避險季配息型,yfinance,債券型,全球市場
B24073,2017-04-19,3.5455286502838135,英鎊,霸菱成熟及新興市場非投資等級債券基金-G類英鎊避險季配息型,yfinance,債券型,全球市場
B24073,2017-04-20,3.551060438156128,英鎊,霸菱成熟及新興市場非投資等級債券基金-G類英鎊避險季配息型,yfinance,債券型,全球市場
B24073,2017-04-21,3.551060438156128,英鎊,霸菱成熟及新興市場非投資等級債券基金-G類英鎊避險季配息型,yfinance,債券型,全球市場
B24073,2017-04-24,3.556591033935547,英鎊,霸菱成熟及新興市場非投資等級債券基金-G類英鎊避險季配息型,yfinance,債券型,全球市場
B24073,2017-04-25,3.5621232986450195,英鎊,霸菱成熟及新興市場非投資等級債券基金-G類英鎊避險季配息型,yfinance,債券型,全球市場
B24073,2017-04-26,3.5676538944244385,英鎊,霸菱成熟及新興市場非投資等級債券基金-G類英鎊避險季配息型,yfinance,債券型,全球市場
B24073,2017-04-27,3.5731863975524902,英鎊,霸菱成熟及新興市場非投資等級債券基金-G類英鎊避險季配息型,yfinance,債券型,全球市場
B24073,2017-04-28,3.5731863975524902,英鎊,霸菱成熟及新興市場非投資等級債券基金-G類英鎊避險季配息型,yfinance,債券型,全球市場
B24073,2017-05-02,3.577404022216797,英鎊,霸菱成熟及新興市場非投資等級債券基金-G類英鎊避險季配息型,yfinance,債券型,全球市場
B24073,2017-05-03,3.577404022216797,英鎊,霸菱成熟及新興市場非投資等級債券基金-G類英鎊避險季配息型,yfinance,債券型,全球市場
B24073,2017-05-04,3.577404022216797,英鎊,霸菱成熟及新興市場非投資等級債券基金-G類英鎊避險季配息型,yfinance,債券型,全球市場
B24073,2017-05-05,3.577404022216797,英鎊,霸菱成熟及新興市場非投資等級債券基金-G類英鎊避險季配息型,yfinance,債券型,全球市場
B24073,2017-05-08,3.577404022216797,英鎊,霸菱成熟及新興市場非投資等級債券基金-G類英鎊避險季配息型,yfinance,債券型,全球市場
B24073,2017-05-09,3.577404022216797,英鎊,霸菱成熟及新興市場非投資等級債券基金-G類英鎊避險季配息型,yfinance,債券型,全球市場
B24073,2017-05-10,3.5830202102661133,英鎊,霸菱成熟及新興市場非投資等級債券基金-G類英鎊避險季配息型,yfinance,債券型,全球市場
B24073,2017-05-11,3.588635206222534,英鎊,霸菱成熟及新興市場非投資等級債券基金-G類英鎊避險季配息型,yfinance,債券型,全球市場
B24073,2017-05-12,3.588635206222534,英鎊,霸菱成熟及新興市場非投資等級債券基金-G類英鎊避險季配息型,yfinance,債券型,全球市場
B24073,2017-05-15,3.588635206222534,英鎊,霸菱成熟及新興市場非投資等級債券基金-G類英鎊避險季配息型,yfinance,債券型,全球市場
B24073,2017-05-16,3.5942516326904297,英鎊,霸菱成熟及新興市場非投資等級債券基金-G類英鎊避險季配息型,yfinance,債券型,全球市場
B24073,2017-05-17,3.5942516326904297,英鎊,霸菱成熟及新興市場非投資等級債券基金-G類英鎊避險季配息型,yfinance,債券型,全球市場
B24073,2017-05-18,3.588635206222534,英鎊,霸菱成熟及新興市場非投資等級債券基金-G類英鎊避險季配息型,yfinance,債券型,全球市場
B24073,2017-05-19,3.5830202102661133,英鎊,霸菱成熟及新興市場非投資等級債券基金-G類英鎊避險季配息型,yfinance,債券型,全球市場
B24073,2017-05-22,3.5942516326904297,英鎊,霸菱成熟及新興市場非投資等級債券基金-G類英鎊避險季配息型,yfinance,債券型,全球市場
B24073,2017-05-23,3.5942516326904297,英鎊,霸菱成熟及新興市場非投資等級債券基金-G類英鎊避險季配息型,yfinance,債券型,全球市場
B24073,2017-05-24,3.5998668670654297,英鎊,霸菱成熟及新興市場非投資等級債券基金-G類英鎊避險季配息型,yfinance,債券型,全球市場
B24073,2017-05-25,3.605483055114746,英鎊,霸菱成熟及新興市場非投資等級債券基金-G類英鎊避險季配息型,yfinance,債券型,全球市場
B24073,2017-05-26,3.605483055114746,英鎊,霸菱成熟及新興市場非投資等級債券基金-G類英鎊避險季配息型,yfinance,債券型,全球市場
B24073,2017-05-30,3.605483055114746,英鎊,霸菱成熟及新興市場非投資等級債券基金-G類英鎊避險季配息型,yfinance,債券型,全球市場
B24073,2017-05-31,3.605483055114746,英鎊,霸菱成熟及新興市場非投資等級債券基金-G類英鎊避險季配息型,yfinance,債券型,全球市場
B24073,2017-06-01,3.605483055114746,英鎊,霸菱成熟及新興市場非投資等級債券基金-G類英鎊避險季配息型,yfinance,債券型,全球市場
B24073,2017-06-02,3.6167149543762207,英鎊,霸菱成熟及新興市場非投資等級債券基金-G類英鎊避險季配息型,yfinance,債券型,全球市場
B24073,2017-06-06,3.622330665588379,英鎊,霸菱成熟及新興市場非投資等級債券基金-G類英鎊避險季配息型,yfinance,債券型,全球市場
B24073,2017-06-07,3.622330665588379,英鎊,霸菱成熟及新興市場非投資等級債券基金-G類英鎊避險季配息型,yfinance,債券型,全球市場
B24073,2017-06-08,3.6167149543762207,英鎊,霸菱成熟及新興市場非投資等級債券基金-G類英鎊避險季配息型,yfinance,債券型,全球市場
B24073,2017-06-09,3.611098051071167,英鎊,霸菱成熟及新興市場非投資等級債券基金-G類英鎊避險季配息型,yfinance,債券型,全球市場
B24073,2017-06-12,3.611098051071167,英鎊,霸菱成熟及新興市場非投資等級債券基金-G類英鎊避險季配息型,yfinance,債券型,全球市場
B24073,2017-06-13,3.6167149543762207,英鎊,霸菱成熟及新興市場非投資等級債券基金-G類英鎊避險季配息型,yfinance,債券型,全球市場
B24073,2017-06-14,3.622330665588379,英鎊,霸菱成熟及新興市場非投資等級債券基金-G類英鎊避險季配息型,yfinance,債券型,全球市場
B24073,2017-06-15,3.622330665588379,英鎊,霸菱成熟及新興市場非投資等級債券基金-G類英鎊避險季配息型,yfinance,債券型,全球市場
B24073,2017-06-16,3.6167149543762207,英鎊,霸菱成熟及新興市場非投資等級債券基金-G類英鎊避險季配息型,yfinance,債券型,全球市場
B24073,2017-06-19,3.611098051071167,英鎊,霸菱成熟及新興市場非投資等級債券基金-G類英鎊避險季配息型,yfinance,債券型,全球市場
B24073,2017-06-20,3.611098051071167,英鎊,霸菱成熟及新興市場非投資等級債券基金-G類英鎊避險季配息型,yfinance,債券型,全球市場
B24073,2017-06-21,3.605483055114746,英鎊,霸菱成熟及新興市場非投資等級債券基金-G類英鎊避險季配息型,yfinance,債券型,全球市場
B24073,2017-06-22,3.5942516326904297,英鎊,霸菱成熟及新興市場非投資等級債券基金-G類英鎊避險季配息型,yfinance,債券型,全球市場
B24073,2017-06-23,3.5942516326904297,英鎊,霸菱成熟及新興市場非投資等級債券基金-G類英鎊避險季配息型,yfinance,債券型,全球市場
B24073,2017-06-26,3.5942516326904297,英鎊,霸菱成熟及新興市場非投資等級債券基金-G類英鎊避險季配息型,yfinance,債券型,全球市場
B24073,2017-06-27,3.5998668670654297,英鎊,霸菱成熟及新興市場非投資等級債券基金-G類英鎊避險季配息型,yfinance,債券型,全球市場
B24073,2017-06-28,3.5998668670654297,英鎊,霸菱成熟及新興市場非投資等級債券基金-G類英鎊避險季配息型,yfinance,債券型,全球市場
B24073,2017-06-29,3.5998668670654297,英鎊,霸菱成熟及新興市場非投資等級債券基金-G類英鎊避險季配息型,yfinance,債券型,全球市場
B24073,2017-06-30,3.5998668670654297,英鎊,霸菱成熟及新興市場非投資等級債券基金-G類英鎊避險季配息型,yfinance,債券型,全球市場
B24073,2017-07-03,3.605483055114746,英鎊,霸菱成熟及新興市場非投資等級債券基金-G類英鎊避險季配息型,yfinance,債券型,全球市場
B24073,2017-07-04,3.605483055114746,英鎊,霸菱成熟及新興市場非投資等級債券基金-G類英鎊避險季配息型,yfinance,債券型,全球市場
B24073,2017-07-05,3.605483055114746,英鎊,霸菱成熟及新興市場非投資等級債券基金-G類英鎊避險季配息型,yfinance,債券型,全球市場
B24073,2017-07-06,3.605483055114746,英鎊,霸菱成熟及新興市場非投資等級債券基金-G類英鎊避險季配息型,yfinance,債券型,全球市場
B24073,2017-07-07,3.5998668670654297,英鎊,霸菱成熟及新興市場非投資等級債券基金-G類英鎊避險季配息型,yfinance,債券型,全球市場
B24073,2017-07-10,3.5942516326904297,英鎊,霸菱成熟及新興市場非投資等級債券基金-G類英鎊避險季配息型,yfinance,債券型,全球市場
B24073,2017-07-11,3.5942516326904297,英鎊,霸菱成熟及新興市場非投資等級債券基金-G類英鎊避險季配息型,yfinance,債券型,全球市場
B24073,2017-07-12,3.5942516326904297,英鎊,霸菱成熟及新興市場非投資等級債券基金-G類英鎊避險季配息型,yfinance,債券型,全球市場
B24073,2017-07-13,3.611098051071167,英鎊,霸菱成熟及新興市場非投資等級債券基金-G類英鎊避險季配息型,yfinance,債券型,全球市場
B24073,2017-07-14,3.611098051071167,英鎊,霸菱成熟及新興市場非投資等級債券基金-G類英鎊避險季配息型,yfinance,債券型,全球市場
B24073,2017-07-17,3.6167149543762207,英鎊,霸菱成熟及新興市場非投資等級債券基金-G類英鎊避險季配息型,yfinance,債券型,全球市場
B24073,2017-07-18,3.627948045730591,英鎊,霸菱成熟及新興市場非投資等級債券基金-G類英鎊避險季配息型,yfinance,債券型,全球市場
B24073,2017-07-19,3.627948045730591,英鎊,霸菱成熟及新興市場非投資等級債券基金-G類英鎊避險季配息型,yfinance,債券型,全球市場
B24073,2017-07-20,3.633563280105591,英鎊,霸菱成熟及新興市場非投資等級債券基金-G類英鎊避險季配息型,yfinance,債券型,全球市場
B24073,2017-07-21,3.639179229736328,英鎊,霸菱成熟及新興市場非投資等級債券基金-G類英鎊避險季配息型,yfinance,債券型,全球市場
B24073,2017-07-24,3.639179229736328,英鎊,霸菱成熟及新興市場非投資等級債券基金-G類英鎊避險季配息型,yfinance,債券型,全球市場
B24073,2017-07-25,3.639179229736328,英鎊,霸菱成熟及新興市場非投資等級債券基金-G類英鎊避險季配息型,yfinance,債券型,全球市場
B24073,2017-07-26,3.639179229736328,英鎊,霸菱成熟及新興市場非投資等級債券基金-G類英鎊避險季配息型,yfinance,債券型,全球市場
B24073,2017-07-27,3.6447951793670654,英鎊,霸菱成熟及新興市場非投資等級債券基金-G類英鎊避險季配息型,yfinance,債券型,全球市場
B24073,2017-07-28,3.6447951793670654,英鎊,霸菱成熟及新興市場非投資等級債券基金-G類英鎊避險季配息型,yfinance,債券型,全球市場
B24073,2017-07-31,3.6447951793670654,英鎊,霸菱成熟及新興市場非投資等級債券基金-G類英鎊避險季配息型,yfinance,債券型,全球市場
B24073,2017-08-01,3.6374475955963135,英鎊,霸菱成熟及新興市場非投資等級債券基金-G類英鎊避險季配息型,yfinance,債券型,全球市場
B24073,2017-08-02,3.6431570053100586,英鎊,霸菱成熟及新興市場非投資等級債券基金-G類英鎊避險季配息型,yfinance,債券型,全球市場
B24073,2017-08-03,3.6431570053100586,英鎊,霸菱成熟及新興市場非投資等級債券基金-G類英鎊避險季配息型,yfinance,債券型,全球市場
B24073,2017-08-04,3.6431570053100586,英鎊,霸菱成熟及新興市場非投資等級債券基金-G類英鎊避險季配息型,yfinance,債券型,全球市場
B24073,2017-08-08,3.6431570053100586,英鎊,霸菱成熟及新興市場非投資等級債券基金-G類英鎊避險季配息型,yfinance,債券型,全球市場
B24073,2017-08-09,3.6431570053100586,英鎊,霸菱成熟及新興市場非投資等級債券基金-G類英鎊避險季配息型,yfinance,債券型,全球市場
B24073,2017-08-10,3.6317360401153564,英鎊,霸菱成熟及新興市場非投資等級債券基金-G類英鎊避險季配息型,yfinance,債券型,全球市場
B24073,2017-08-11,3.6203150749206543,英鎊,霸菱成熟及新興市場非投資等級債券基金-G類英鎊避險季配息型,yfinance,債券型,全球市場
B24073,2017-08-14,3.6203150749206543,英鎊,霸菱成熟及新興市場非投資等級債券基金-G類英鎊避險季配息型,yfinance,債券型,全球市場
B24073,2017-08-15,3.6260249614715576,英鎊,霸菱成熟及新興市場非投資等級債券基金-G類英鎊避險季配息型,yfinance,債券型,全球市場
B24073,2017-08-16,3.6260249614715576,英鎊,霸菱成熟及新興市場非投資等級債券基金-G類英鎊避險季配息型,yfinance,債券型,全球市場
B24073,2017-08-17,3.6260249614715576,英鎊,霸菱成熟及新興市場非投資等級債券基金-G類英鎊避險季配息型,yfinance,債券型,全球市場
B24073,2017-08-18,3.6260249614715576,英鎊,霸菱成熟及新興市場非投資等級債券基金-G類英鎊避險季配息型,yfinance,債券型,全球市場
B24073,2017-08-21,3.6203150749206543,英鎊,霸菱成熟及新興市場非投資等級債券基金-G類英鎊避險季配息型,yfinance,債券型,全球市場
B24073,2017-08-22,3.6203150749206543,英鎊,霸菱成熟及新興市場非投資等級債券基金-G類英鎊避險季配息型,yfinance,債券型,全球市場
B24073,2017-08-23,3.6260249614715576,英鎊,霸菱成熟及新興市場非投資等級債券基金-G類英鎊避險季配息型,yfinance,債券型,全球市場
B24073,2017-08-24,3.6260249614715576,英鎊,霸菱成熟及新興市場非投資等級債券基金-G類英鎊避險季配息型,yfinance,債券型,全球市場
B24073,2017-08-25,3.6260249614715576,英鎊,霸菱成熟及新興市場非投資等級債券基金-G類英鎊避險季配息型,yfinance,債券型,全球市場
B24073,2017-08-29,3.6317360401153564,英鎊,霸菱成熟及新興市場非投資等級債券基金-G類英鎊避險季配息型,yfinance,債券型,全球市場
B24073,2017-08-30,3.6317360401153564,英鎊,霸菱成熟及新興市場非投資等級債券基金-G類英鎊避險季配息型,yfinance,債券型,全球市場
B24073,2017-08-31,3.6317360401153564,英鎊,霸菱成熟及新興市場非投資等級債券基金-G類英鎊避險季配息型,yfinance,債券型,全球市場
B24073,2017-09-01,3.6431570053100586,英鎊,霸菱成熟及新興市場非投資等級債券基金-G類英鎊避險季配息型,yfinance,債券型,全球市場
B24073,2017-09-04,3.6431570053100586,英鎊,霸菱成熟及新興市場非投資等級債券基金-G類英鎊避險季配息型,yfinance,債券型,全球市場
B24073,2017-09-05,3.6431570053100586,英鎊,霸菱成熟及新興市場非投資等級債券基金-G類英鎊避險季配息型,yfinance,債券型,全球市場
B24073,2017-09-06,3.6431570053100586,英鎊,霸菱成熟及新興市場非投資等級債券基金-G類英鎊避險季配息型,yfinance,債券型,全球市場
B24073,2017-09-07,3.648866653442383,英鎊,霸菱成熟及新興市場非投資等級債券基金-G類英鎊避險季配息型,yfinance,債券型,全球市場
B24073,2017-09-08,3.6545774936676025,英鎊,霸菱成熟及新興市場非投資等級債券基金-G類英鎊避險季配息型,yfinance,債券型,全球市場
B24073,2017-09-11,3.6545774936676025,英鎊,霸菱成熟及新興市場非投資等級債券基金-G類英鎊避險季配息型,yfinance,債券型,全球市場
B24073,2017-09-12,3.6545774936676025,英鎊,霸菱成熟及新興市場非投資等級債券基金-G類英鎊避險季配息型,yfinance,債券型,全球市場
B24073,2017-09-13,3.6545774936676025,英鎊,霸菱成熟及新興市場非投資等級債券基金-G類英鎊避險季配息型,yfinance,債券型,全球市場
B24073,2017-09-14,3.6545774936676025,英鎊,霸菱成熟及新興市場非投資等級債券基金-G類英鎊避險季配息型,yfinance,債券型,全球市場
B24073,2017-09-15,3.6545774936676025,英鎊,霸菱成熟及新興市場非投資等級債券基金-G類英鎊避險季配息型,yfinance,債券型,全球市場
B24073,2017-09-18,3.6545774936676025,英鎊,霸菱成熟及新興市場非投資等級債券基金-G類英鎊避險季配息型,yfinance,債券型,全球市場
B24073,2017-09-19,3.6545774936676025,英鎊,霸菱成熟及新興市場非投資等級債券基金-G類英鎊避險季配息型,yfinance,債券型,全球市場
B24073,2017-09-20,3.6602866649627686,英鎊,霸菱成熟及新興市場非投資等級債券基金-G類英鎊避險季配息型,yfinance,債券型,全球市場
B24073,2017-09-21,3.6602866649627686,英鎊,霸菱成熟及新興市場非投資等級債券基金-G類英鎊避險季配息型,yfinance,債券型,全球市場
B24073,2017-09-22,3.6602866649627686,英鎊,霸菱成熟及新興市場非投資等級債券基金-G類英鎊避險季配息型,yfinance,債券型,全球市場
B24073,2017-09-25,3.6659982204437256,英鎊,霸菱成熟及新興市場非投資等級債券基金-G類英鎊避險季配息型,yfinance,債券型,全球市場
B24073,2017-09-26,3.6659982204437256,英鎊,霸菱成熟及新興市場非投資等級債券基金-G類英鎊避險季配息型,yfinance,債券型,全球市場
B24073,2017-09-27,3.6717066764831543,英鎊,霸菱成熟及新興市場非投資等級債券基金-G類英鎊避險季配息型,yfinance,債券型,全球市場
B24073,2017-09-28,3.6717066764831543,英鎊,霸菱成熟及新興市場非投資等級債券基金-G類英鎊避險季配息型,yfinance,債券型,全球市場
B24073,2017-09-29,3.6774182319641113,英鎊,霸菱成熟及新興市場非投資等級債券基金-G類英鎊避險季配息型,yfinance,債券型,全球市場
B24073,2017-10-02,3.6831276416778564,英鎊,霸菱成熟及新興市場非投資等級債券基金-G類英鎊避險季配息型,yfinance,債券型,全球市場
B24073,2017-10-03,3.6831276416778564,英鎊,霸菱成熟及新興市場非投資等級債券基金-G類英鎊避險季配息型,yfinance,債券型,全球市場
B24073,2017-10-04,3.6831276416778564,英鎊,霸菱成熟及新興市場非投資等級債券基金-G類英鎊避險季配息型,yfinance,債券型,全球市場
B24073,2017-10-05,3.6831276416778564,英鎊,霸菱成熟及新興市場非投資等級債券基金-G類英鎊避險季配息型,yfinance,債券型,全球市場
B24073,2017-10-06,3.6831276416778564,英鎊,霸菱成熟及新興市場非投資等級債券基金-G類英鎊避險季配息型,yfinance,債券型,全球市場
B24073,2017-10-09,3.6831276416778564,英鎊,霸菱成熟及新興市場非投資等級債券基金-G類英鎊避險季配息型,yfinance,債券型,全球市場
B24073,2017-10-10,3.6831276416778564,英鎊,霸菱成熟及新興市場非投資等級債券基金-G類英鎊避險季配息型,yfinance,債券型,全球市場
B24073,2017-10-11,3.6831276416778564,英鎊,霸菱成熟及新興市場非投資等級債券基金-G類英鎊避險季配息型,yfinance,債券型,全球市場
B24073,2017-10-12,3.6831276416778564,英鎊,霸菱成熟及新興市場非投資等級債券基金-G類英鎊避險季配息型,yfinance,債券型,全球市場
B24073,2017-10-13,3.6831276416778564,英鎊,霸菱成熟及新興市場非投資等級債券基金-G類英鎊避險季配息型,yfinance,債券型,全球市場
B24073,2017-10-16,3.6831276416778564,英鎊,霸菱成熟及新興市場非投資等級債券基金-G類英鎊避險季配息型,yfinance,債券型,全球市場
B24073,2017-10-17,3.6888391971588135,英鎊,霸菱成熟及新興市場非投資等級債券基金-G類英鎊避險季配息型,yfinance,債券型,全球市場
B24073,2017-10-18,3.6888391971588135,英鎊,霸菱成熟及新興市場非投資等級債券基金-G類英鎊避險季配息型,yfinance,債券型,全球市場
B24073,2017-10-19,3.694549083709717,英鎊,霸菱成熟及新興市場非投資等級債券基金-G類英鎊避險季配息型,yfinance,債券型,全球市場
B24073,2017-10-20,3.694549083709717,英鎊,霸菱成熟及新興市場非投資等級債券基金-G類英鎊避險季配息型,yfinance,債券型,全球市場
B24073,2017-10-23,3.694549083709717,英鎊,霸菱成熟及新興市場非投資等級債券基金-G類英鎊避險季配息型,yfinance,債券型,全球市場
B24073,2017-10-24,3.694549083709717,英鎊,霸菱成熟及新興市場非投資等級債券基金-G類英鎊避險季配息型,yfinance,債券型,全球市場
B24073,2017-10-25,3.7002599239349365,英鎊,霸菱成熟及新興市場非投資等級債券基金-G類英鎊避險季配息型,yfinance,債券型,全球市場
B24073,2017-10-26,3.6888391971588135,英鎊,霸菱成熟及新興市場非投資等級債券基金-G類英鎊避險季配息型,yfinance,債券型,全球市場
B24073,2017-10-27,3.6888391971588135,英鎊,霸菱成熟及新興市場非投資等級債券基金-G類英鎊避險季配息型,yfinance,債券型,全球市場
B24073,2017-10-31,3.6888391971588135,英鎊,霸菱成熟及新興市場非投資等級債券基金-G類英鎊避險季配息型,yfinance,債券型,全球市場
B24073,2017-11-01,3.6912238597869873,英鎊,霸菱成熟及新興市場非投資等級債券基金-G類英鎊避險季配息型,yfinance,債券型,全球市場
B24073,2017-11-02,3.6970293521881104,英鎊,霸菱成熟及新興市場非投資等級債券基金-G類英鎊避險季配息型,yfinance,債券型,全球市場
B24073,2017-11-03,3.6970293521881104,英鎊,霸菱成熟及新興市場非投資等級債券基金-G類英鎊避險季配息型,yfinance,債券型,全球市場
B24073,2017-11-06,3.6970293521881104,英鎊,霸菱成熟及新興市場非投資等級債券基金-G類英鎊避險季配息型,yfinance,債券型,全球市場
B24073,2017-11-07,3.6912238597869873,英鎊,霸菱成熟及新興市場非投資等級債券基金-G類英鎊避險季配息型,yfinance,債券型,全球市場
B24073,2017-11-08,3.6912238597869873,英鎊,霸菱成熟及新興市場非投資等級債券基金-G類英鎊避險季配息型,yfinance,債券型,全球市場
B24073,2017-11-09,3.6796159744262695,英鎊,霸菱成熟及新興市場非投資等級債券基金-G類英鎊避險季配息型,yfinance,債券型,全球市場
B24073,2017-11-10,3.6680092811584473,英鎊,霸菱成熟及新興市場非投資等級債券基金-G類英鎊避險季配息型,yfinance,債券型,全球市場
B24073,2017-11-13,3.6680092811584473,英鎊,霸菱成熟及新興市場非投資等級債券基金-G類英鎊避險季配息型,yfinance,債券型,全球市場
B24073,2017-11-14,3.6622049808502197,英鎊,霸菱成熟及新興市場非投資等級債券基金-G類英鎊避險季配息型,yfinance,債券型,全球市場
B24073,2017-11-15,3.650597095489502,英鎊,霸菱成熟及新興市場非投資等級債券基金-G類英鎊避險季配息型,yfinance,債券型,全球市場
B24073,2017-11-16,3.6447935104370117,英鎊,霸菱成熟及新興市場非投資等級債券基金-G類英鎊避險季配息型,yfinance,債券型,全球市場
B24073,2017-11-17,3.6622049808502197,英鎊,霸菱成熟及新興市場非投資等級債券基金-G類英鎊避險季配息型,yfinance,債券型,全球市場
B24073,2017-11-20,3.6680092811584473,英鎊,霸菱成熟及新興市場非投資等級債券基金-G類英鎊避險季配息型,yfinance,債券型,全球市場
B24073,2017-11-21,3.6680092811584473,英鎊,霸菱成熟及新興市場非投資等級債券基金-G類英鎊避險季配息型,yfinance,債券型,全球市場
B24073,2017-11-22,3.673813581466675,英鎊,霸菱成熟及新興市場非投資等級債券基金-G類英鎊避險季配息型,yfinance,債券型,全球市場
B24073,2017-11-23,3.673813581466675,英鎊,霸菱成熟及新興市場非投資等級債券基金-G類英鎊避險季配息型,yfinance,債券型,全球市場
B24073,2017-11-24,3.673813581466675,英鎊,霸菱成熟及新興市場非投資等級債券基金-G類英鎊避險季配息型,yfinance,債券型,全球市場
B24073,2017-11-27,3.673813581466675,英鎊,霸菱成熟及新興市場非投資等級債券基金-G類英鎊避險季配息型,yfinance,債券型,全球市場
B24073,2017-11-28,3.6796159744262695,英鎊,霸菱成熟及新興市場非投資等級債券基金-G類英鎊避險季配息型,yfinance,債券型,全球市場
B24073,2017-11-29,3.6796159744262695,英鎊,霸菱成熟及新興市場非投資等級債券基金-G類英鎊避險季配息型,yfinance,債券型,全球市場
B24073,2017-11-30,3.673813581466675,英鎊,霸菱成熟及新興市場非投資等級債券基金-G類英鎊避險季配息型,yfinance,債券型,全球市場
B24073,2017-12-01,3.673813581466675,英鎊,霸菱成熟及新興市場非投資等級債券基金-G類英鎊避險季配息型,yfinance,債券型,全球市場
B24073,2017-12-04,3.6796159744262695,英鎊,霸菱成熟及新興市場非投資等級債券基金-G類英鎊避險季配息型,yfinance,債券型,全球市場
B24073,2017-12-05,3.6796159744262695,英鎊,霸菱成熟及新興市場非投資等級債券基金-G類英鎊避險季配息型,yfinance,債券型,全球市場
B24073,2017-12-06,3.6912238597869873,英鎊,霸菱成熟及新興市場非投資等級債券基金-G類英鎊避險季配息型,yfinance,債券型,全球市場
B24073,2017-12-07,3.6796159744262695,英鎊,霸菱成熟及新興市場非投資等級債券基金-G類英鎊避險季配息型,yfinance,債券型,全球市場
B24073,2017-12-08,3.6796159744262695,英鎊,霸菱成熟及新興市場非投資等級債券基金-G類英鎊避險季配息型,yfinance,債券型,全球市場
B24073,2017-12-11,3.6796159744262695,英鎊,霸菱成熟及新興市場非投資等級債券基金-G類英鎊避險季配息型,yfinance,債券型,全球市場
B24073,2017-12-12,3.6796159744262695,英鎊,霸菱成熟及新興市場非投資等級債券基金-G類英鎊避險季配息型,yfinance,債券型,全球市場
B24073,2017-12-13,3.6854195594787598,英鎊,霸菱成熟及新興市場非投資等級債券基金-G類英鎊避險季配息型,yfinance,債券型,全球市場
B24073,2017-12-14,3.6796159744262695,英鎊,霸菱成熟及新興市場非投資等級債券基金-G類英鎊避險季配息型,yfinance,債券型,全球市場
B24073,2017-12-15,3.6796159744262695,英鎊,霸菱成熟及新興市場非投資等級債券基金-G類英鎊避險季配息型,yfinance,債券型,全球市場
B24073,2017-12-18,3.6796159744262695,英鎊,霸菱成熟及新興市場非投資等級債券基金-G類英鎊避險季配息型,yfinance,債券型,全球市場
B24073,2017-12-19,3.6796159744262695,英鎊,霸菱成熟及新興市場非投資等級債券基金-G類英鎊避險季配息型,yfinance,債券型,全球市場
B24073,2017-12-20,3.6796159744262695,英鎊,霸菱成熟及新興市場非投資等級債券基金-G類英鎊避險季配息型,yfinance,債券型,全球市場
B24073,2017-12-21,3.673813581466675,英鎊,霸菱成熟及新興市場非投資等級債券基金-G類英鎊避險季配息型,yfinance,債券型,全球市場
B24073,2017-12-22,3.6796159744262695,英鎊,霸菱成熟及新興市場非投資等級債券基金-G類英鎊避險季配息型,yfinance,債券型,全球市場
B24073,2017-12-28,3.6796159744262695,英鎊,霸菱成熟及新興市場非投資等級債券基金-G類英鎊避險季配息型,yfinance,債券型,全球市場
B24073,2017-12-29,3.6796159744262695,英鎊,霸菱成熟及新興市場非投資等級債券基金-G類英鎊避險季配息型,yfinance,債券型,全球市場
B24080,2017-01-03,126.14334106445312,英鎊,霸菱大東協基金 - A類英鎊配息型,yfinance,股票型,亞洲地區
B24080,2017-01-04,127.85507202148438,英鎊,霸菱大東協基金 - A類英鎊配息型,yfinance,股票型,亞洲地區
B24080,2017-01-05,128.44378662109375,英鎊,霸菱大東協基金 - A類英鎊配息型,yfinance,股票型,亞洲地區
B24080,2017-01-06,128.28076171875,英鎊,霸菱大東協基金 - A類英鎊配息型,yfinance,股票型,亞洲地區
B24080,2017-01-09,129.58493041992188,英鎊,霸菱大東協基金 - A類英鎊配息型,yfinance,股票型,亞洲地區
B24080,2017-01-10,130.8257293701172,英鎊,霸菱大東協基金 - A類英鎊配息型,yfinance,股票型,亞洲地區
B24080,2017-01-11,130.617431640625,英鎊,霸菱大東協基金 - A類英鎊配息型,yfinance,股票型,亞洲地區
B24080,2017-01-12,129.21363830566406,英鎊,霸菱大東協基金 - A類英鎊配息型,yfinance,股票型,亞洲地區
B24080,2017-01-13,129.9200439453125,英鎊,霸菱大東協基金 - A類英鎊配息型,yfinance,股票型,亞洲地區
B24080,2017-01-16,130.02874755859375,英鎊,霸菱大東協基金 - A類英鎊配息型,yfinance,股票型,亞洲地區
B24080,2017-01-17,128.5253143310547,英鎊,霸菱大東協基金 - A類英鎊配息型,yfinance,股票型,亞洲地區
B24080,2017-01-18,128.09059143066406,英鎊,霸菱大東協基金 - A類英鎊配息型,yfinance,股票型,亞洲地區
B24080,2017-01-19,127.4294204711914,英鎊,霸菱大東協基金 - A類英鎊配息型,yfinance,股票型,亞洲地區
B24080,2017-01-20,127.32978820800781,英鎊,霸菱大東協基金 - A類英鎊配息型,yfinance,股票型,亞洲地區
B24080,2017-01-23,126.6324234008789,英鎊,霸菱大東協基金 - A類英鎊配息型,yfinance,股票型,亞洲地區
B24080,2017-01-24,127.28450012207031,英鎊,霸菱大東協基金 - A類英鎊配息型,yfinance,股票型,亞洲地區
B24080,2017-01-25,126.0437240600586,英鎊,霸菱大東協基金 - A類英鎊配息型,yfinance,股票型,亞洲地區
B24080,2017-01-26,126.8135757446289,英鎊,霸菱大東協基金 - A類英鎊配息型,yfinance,股票型,亞洲地區
B24080,2017-01-27,127.1124496459961,英鎊,霸菱大東協基金 - A類英鎊配息型,yfinance,股票型,亞洲地區
B24080,2017-01-30,127.03091430664062,英鎊,霸菱大東協基金 - A類英鎊配息型,yfinance,股票型,亞洲地區
B24080,2017-01-31,127.10337829589844,英鎊,霸菱大東協基金 - A類英鎊配息型,yfinance,股票型,亞洲地區
B24080,2017-02-01,125.84446716308594,英鎊,霸菱大東協基金 - A類英鎊配息型,yfinance,股票型,亞洲地區
B24080,2017-02-02,126.05278778076172,英鎊,霸菱大東協基金 - A類英鎊配息型,yfinance,股票型,亞洲地區
B24080,2017-02-03,128.46188354492188,英鎊,霸菱大東協基金 - A類英鎊配息型,yfinance,股票型,亞洲地區
B24080,2017-02-06,129.21363830566406,英鎊,霸菱大東協基金 - A類英鎊配息型,yfinance,股票型,亞洲地區
B24080,2017-02-07,129.7117462158203,英鎊,霸菱大東協基金 - A類英鎊配息型,yfinance,股票型,亞洲地區
B24080,2017-02-08,128.42568969726562,英鎊,霸菱大東協基金 - A類英鎊配息型,yfinance,股票型,亞洲地區
B24080,2017-02-09,127.82791137695312,英鎊,霸菱大東協基金 - A類英鎊配息型,yfinance,股票型,亞洲地區
B24080,2017-02-10,128.67926025390625,英鎊,霸菱大東協基金 - A類英鎊配息型,yfinance,股票型,亞洲地區
B24080,2017-02-13,128.47096252441406,英鎊,霸菱大東協基金 - A類英鎊配息型,yfinance,股票型,亞洲地區
B24080,2017-02-14,128.40756225585938,英鎊,霸菱大東協基金 - A類英鎊配息型,yfinance,股票型,亞洲地區
B24080,2017-02-15,128.68833923339844,英鎊,霸菱大東協基金 - A類英鎊配息型,yfinance,股票型,亞洲地區
B24080,2017-02-16,128.1992645263672,英鎊,霸菱大東協基金 - A類英鎊配息型,yfinance,股票型,亞洲地區
B24080,2017-02-17,128.75173950195312,英鎊,霸菱大東協基金 - A類英鎊配息型,yfinance,股票型,亞洲地區
B24080,2017-02-20,128.37135314941406,英鎊,霸菱大東協基金 - A類英鎊配息型,yfinance,股票型,亞洲地區
B24080,2017-02-21,128.4890594482422,英鎊,霸菱大東協基金 - A類英鎊配息型,yfinance,股票型,亞洲地區
B24080,2017-02-22,128.8513641357422,英鎊,霸菱大東協基金 - A類英鎊配息型,yfinance,股票型,亞洲地區
B24080,2017-02-23,128.49813842773438,英鎊,霸菱大東協基金 - A類英鎊配息型,yfinance,股票型,亞洲地區
B24080,2017-02-24,127.78265380859375,英鎊,霸菱大東協基金 - A類英鎊配息型,yfinance,股票型,亞洲地區
B24080,2017-02-27,128.79701232910156,英鎊,霸菱大東協基金 - A類英鎊配息型,yfinance,股票型,亞洲地區
B24080,2017-02-28,128.70643615722656,英鎊,霸菱大東協基金 - A類英鎊配息型,yfinance,股票型,亞洲地區
B24080,2017-03-01,129.99252319335938,英鎊,霸菱大東協基金 - A類英鎊配息型,yfinance,股票型,亞洲地區
B24080,2017-03-02,131.05215454101562,英鎊,霸菱大東協基金 - A類英鎊配息型,yfinance,股票型,亞洲地區
B24080,2017-03-03,130.52687072753906,英鎊,霸菱大東協基金 - A類英鎊配息型,yfinance,股票型,亞洲地區
B24080,2017-03-06,130.8619384765625,英鎊,霸菱大東協基金 - A類英鎊配息型,yfinance,股票型,亞洲地區
B24080,2017-03-07,131.44158935546875,英鎊,霸菱大東協基金 - A類英鎊配息型,yfinance,股票型,亞洲地區
B24080,2017-03-08,131.5321502685547,英鎊,霸菱大東協基金 - A類英鎊配息型,yfinance,股票型,亞洲地區
B24080,2017-03-09,130.898193359375,英鎊,霸菱大東協基金 - A類英鎊配息型,yfinance,股票型,亞洲地區
B24080,2017-03-10,130.7442169189453,英鎊,霸菱大東協基金 - A類英鎊配息型,yfinance,股票型,亞洲地區
B24080,2017-03-13,130.3547821044922,英鎊,霸菱大東協基金 - A類英鎊配息型,yfinance,股票型,亞洲地區
B24080,2017-03-14,131.84915161132812,英鎊,霸菱大東協基金 - A類英鎊配息型,yfinance,股票型,亞洲地區
B24080,2017-03-15,130.9706268310547,英鎊,霸菱大東協基金 - A類英鎊配息型,yfinance,股票型,亞洲地區
B24080,2017-03-16,132.22047424316406,英鎊,霸菱大東協基金 - A類英鎊配息型,yfinance,股票型,亞洲地區
B24080,2017-03-20,132.1389923095703,英鎊,霸菱大東協基金 - A類英鎊配息型,yfinance,股票型,亞洲地區
B24080,2017-03-21,131.6227264404297,英鎊,霸菱大東協基金 - A類英鎊配息型,yfinance,股票型,亞洲地區
B24080,2017-03-22,130.8347930908203,英鎊,霸菱大東協基金 - A類英鎊配息型,yfinance,股票型,亞洲地區
B24080,2017-03-23,131.00686645507812,英鎊,霸菱大東協基金 - A類英鎊配息型,yfinance,股票型,亞洲地區
B24080,2017-03-24,131.39630126953125,英鎊,霸菱大東協基金 - A類英鎊配息型,yfinance,股票型,亞洲地區
B24080,2017-03-27,130.2189483642578,英鎊,霸菱大東協基金 - A類英鎊配息型,yfinance,股票型,亞洲地區
B24080,2017-03-28,131.16085815429688,英鎊,霸菱大東協基金 - A類英鎊配息型,yfinance,股票型,亞洲地區
B24080,2017-03-29,132.9541015625,英鎊,霸菱大東協基金 - A類英鎊配息型,yfinance,股票型,亞洲地區
B24080,2017-03-30,132.80014038085938,英鎊,霸菱大東協基金 - A類英鎊配息型,yfinance,股票型,亞洲地區
B24080,2017-03-31,132.1842803955078,英鎊,霸菱大東協基金 - A類英鎊配息型,yfinance,股票型,亞洲地區
B24080,2017-04-03,132.3472900390625,英鎊,霸菱大東協基金 - A類英鎊配息型,yfinance,股票型,亞洲地區
B24080,2017-04-04,133.36163330078125,英鎊,霸菱大東協基金 - A類英鎊配息型,yfinance,股票型,亞洲地區
B24080,2017-04-05,132.94505310058594,英鎊,霸菱大東協基金 - A類英鎊配息型,yfinance,股票型,亞洲地區
B24080,2017-04-06,132.94505310058594,英鎊,霸菱大東協基金 - A類英鎊配息型,yfinance,股票型,亞洲地區
B24080,2017-04-07,133.3163604736328,英鎊,霸菱大東協基金 - A類英鎊配息型,yfinance,股票型,亞洲地區
B24080,2017-04-10,133.45220947265625,英鎊,霸菱大東協基金 - A類英鎊配息型,yfinance,股票型,亞洲地區
B24080,2017-04-11,133.52464294433594,英鎊,霸菱大東協基金 - A類英鎊配息型,yfinance,股票型,亞洲地區
B24080,2017-04-12,133.8235321044922,英鎊,霸菱大東協基金 - A類英鎊配息型,yfinance,股票型,亞洲地區
B24080,2017-04-13,132.92691040039062,英鎊,霸菱大東協基金 - A類英鎊配息型,yfinance,股票型,亞洲地區
B24080,2017-04-18,130.85289001464844,英鎊,霸菱大東協基金 - A類英鎊配息型,yfinance,股票型,亞洲地區
B24080,2017-04-19,128.93287658691406,英鎊,霸菱大東協基金 - A類英鎊配息型,yfinance,股票型,亞洲地區
B24080,2017-04-20,129.4853515625,英鎊,霸菱大東協基金 - A類英鎊配息型,yfinance,股票型,亞洲地區
B24080,2017-04-21,130.997802734375,英鎊,霸菱大東協基金 - A類英鎊配息型,yfinance,股票型,亞洲地區
B24080,2017-04-24,130.898193359375,英鎊,霸菱大東協基金 - A類英鎊配息型,yfinance,股票型,亞洲地區
B24080,2017-04-25,131.6046142578125,英鎊,霸菱大東協基金 - A類英鎊配息型,yfinance,股票型,亞洲地區
B24080,2017-04-26,132.62803649902344,英鎊,霸菱大東協基金 - A類英鎊配息型,yfinance,股票型,亞洲地區
B24080,2017-04-27,131.17893981933594,英鎊,霸菱大東協基金 - A類英鎊配息型,yfinance,股票型,亞洲地區
B24080,2017-04-28,130.87103271484375,英鎊,霸菱大東協基金 - A類英鎊配息型,yfinance,股票型,亞洲地區
B24080,2017-05-02,132.0701446533203,英鎊,霸菱大東協基金 - A類英鎊配息型,yfinance,股票型,亞洲地區
B24080,2017-05-03,131.86175537109375,英鎊,霸菱大東協基金 - A類英鎊配息型,yfinance,股票型,亞洲地區
B24080,2017-05-04,132.28761291503906,英鎊,霸菱大東協基金 - A類英鎊配息型,yfinance,股票型,亞洲地區
B24080,2017-05-05,132.01576232910156,英鎊,霸菱大東協基金 - A類英鎊配息型,yfinance,股票型,亞洲地區
B24080,2017-05-08,132.55946350097656,英鎊,霸菱大東協基金 - A類英鎊配息型,yfinance,股票型,亞洲地區
B24080,2017-05-09,132.26951599121094,英鎊,霸菱大東協基金 - A類英鎊配息型,yfinance,股票型,亞洲地區
B24080,2017-05-10,131.49928283691406,英鎊,霸菱大東協基金 - A類英鎊配息型,yfinance,股票型,亞洲地區
B24080,2017-05-11,132.64102172851562,英鎊,霸菱大東協基金 - A類英鎊配息型,yfinance,股票型,亞洲地區
B24080,2017-05-12,133.03065490722656,英鎊,霸菱大東協基金 - A類英鎊配息型,yfinance,股票型,亞洲地區
B24080,2017-05-15,133.2662811279297,英鎊,霸菱大東協基金 - A類英鎊配息型,yfinance,股票型,亞洲地區
B24080,2017-05-16,132.62289428710938,英鎊,霸菱大東協基金 - A類英鎊配息型,yfinance,股票型,亞洲地區
B24080,2017-05-17,131.75302124023438,英鎊,霸菱大東協基金 - A類英鎊配息型,yfinance,股票型,亞洲地區
B24080,2017-05-18,130.71092224121094,英鎊,霸菱大東協基金 - A類英鎊配息型,yfinance,股票型,亞洲地區
B24080,2017-05-19,132.6953887939453,英鎊,霸菱大東協基金 - A類英鎊配息型,yfinance,股票型,亞洲地區
B24080,2017-05-22,133.2572021484375,英鎊,霸菱大東協基金 - A類英鎊配息型,yfinance,股票型,亞洲地區
B24080,2017-05-23,132.67727661132812,英鎊,霸菱大東協基金 - A類英鎊配息型,yfinance,股票型,亞洲地區
B24080,2017-05-24,133.49278259277344,英鎊,霸菱大東協基金 - A類英鎊配息型,yfinance,股票型,亞洲地區
B24080,2017-05-25,134.15428161621094,英鎊,霸菱大東協基金 - A類英鎊配息型,yfinance,股票型,亞洲地區
B24080,2017-05-26,135.32321166992188,英鎊,霸菱大東協基金 - A類英鎊配息型,yfinance,股票型,亞洲地區
B24080,2017-05-30,133.79177856445312,英鎊,霸菱大東協基金 - A類英鎊配息型,yfinance,股票型,亞洲地區
B24080,2017-05-31,134.38986206054688,英鎊,霸菱大東協基金 - A類英鎊配息型,yfinance,股票型,亞洲地區
B24080,2017-06-01,134.552978515625,英鎊,霸菱大東協基金 - A類英鎊配息型,yfinance,股票型,亞洲地區
B24080,2017-06-02,135.64939880371094,英鎊,霸菱大東協基金 - A類英鎊配息型,yfinance,股票型,亞洲地區
B24080,2017-06-06,135.25978088378906,英鎊,霸菱大東協基金 - A類英鎊配息型,yfinance,股票型,亞洲地區
B24080,2017-06-07,135.63128662109375,英鎊,霸菱大東協基金 - A類英鎊配息型,yfinance,股票型,亞洲地區
B24080,2017-06-08,134.87013244628906,英鎊,霸菱大東協基金 - A類英鎊配息型,yfinance,股票型,亞洲地區
B24080,2017-06-09,136.52835083007812,英鎊,霸菱大東協基金 - A類英鎊配息型,yfinance,股票型,亞洲地區
B24080,2017-06-12,137.37107849121094,英鎊,霸菱大東協基金 - A類英鎊配息型,yfinance,股票型,亞洲地區
B24080,2017-06-13,137.16265869140625,英鎊,霸菱大東協基金 - A類英鎊配息型,yfinance,股票型,亞洲地區
B24080,2017-06-14,138.58531188964844,英鎊,霸菱大東協基金 - A類英鎊配息型,yfinance,股票型,亞洲地區
B24080,2017-06-15,137.2261199951172,英鎊,霸菱大東協基金 - A類英鎊配息型,yfinance,股票型,亞洲地區
B24080,2017-06-16,136.31085205078125,英鎊,霸菱大東協基金 - A類英鎊配息型,yfinance,股票型,亞洲地區
B24080,2017-06-19,136.24745178222656,英鎊,霸菱大東協基金 - A類英鎊配息型,yfinance,股票型,亞洲地區
B24080,2017-06-20,137.56137084960938,英鎊,霸菱大東協基金 - A類英鎊配息型,yfinance,股票型,亞洲地區
B24080,2017-06-21,137.1988983154297,英鎊,霸菱大東協基金 - A類英鎊配息型,yfinance,股票型,亞洲地區
B24080,2017-06-22,137.4345245361328,英鎊,霸菱大東協基金 - A類英鎊配息型,yfinance,股票型,亞洲地區
B24080,2017-06-23,136.82740783691406,英鎊,霸菱大東協基金 - A類英鎊配息型,yfinance,股票型,亞洲地區
B24080,2017-06-26,136.94520568847656,英鎊,霸菱大東協基金 - A類英鎊配息型,yfinance,股票型,亞洲地區
B24080,2017-06-27,136.87271118164062,英鎊,霸菱大東協基金 - A類英鎊配息型,yfinance,股票型,亞洲地區
B24080,2017-06-28,135.97560119628906,英鎊,霸菱大東協基金 - A類英鎊配息型,yfinance,股票型,亞洲地區
B24080,2017-06-29,135.02415466308594,英鎊,霸菱大東協基金 - A類英鎊配息型,yfinance,股票型,亞洲地區
B24080,2017-06-30,134.5620574951172,英鎊,霸菱大東協基金 - A類英鎊配息型,yfinance,股票型,亞洲地區
B24080,2017-07-03,135.0513458251953,英鎊,霸菱大東協基金 - A類英鎊配息型,yfinance,股票型,亞洲地區
B24080,2017-07-04,134.87013244628906,英鎊,霸菱大東協基金 - A類英鎊配息型,yfinance,股票型,亞洲地區
B24080,2017-07-05,135.29598999023438,英鎊,霸菱大東協基金 - A類英鎊配息型,yfinance,股票型,亞洲地區
B24080,2017-07-06,134.7704620361328,英鎊,霸菱大東協基金 - A類英鎊配息型,yfinance,股票型,亞洲地區
B24080,2017-07-07,135.14195251464844,英鎊,霸菱大東協基金 - A類英鎊配息型,yfinance,股票型,亞洲地區
B24080,2017-07-10,134.861083984375,英鎊,霸菱大東協基金 - A類英鎊配息型,yfinance,股票型,亞洲地區
B24080,2017-07-11,134.52578735351562,英鎊,霸菱大東協基金 - A類英鎊配息型,yfinance,股票型,亞洲地區
B24080,2017-07-12,135.7490692138672,英鎊,霸菱大東協基金 - A類英鎊配息型,yfinance,股票型,亞洲地區
B24080,2017-07-13,136.1115264892578,英鎊,霸菱大東協基金 - A類英鎊配息型,yfinance,股票型,亞洲地區
B24080,2017-07-14,136.12059020996094,英鎊,霸菱大東協基金 - A類英鎊配息型,yfinance,股票型,亞洲地區
B24080,2017-07-17,135.5225372314453,英鎊,霸菱大東協基金 - A類英鎊配息型,yfinance,股票型,亞洲地區
B24080,2017-07-18,135.78533935546875,英鎊,霸菱大東協基金 - A類英鎊配息型,yfinance,股票型,亞洲地區
B24080,2017-07-19,135.6947021484375,英鎊,霸菱大東協基金 - A類英鎊配息型,yfinance,股票型,亞洲地區
B24080,2017-07-20,136.5465087890625,英鎊,霸菱大東協基金 - A類英鎊配息型,yfinance,股票型,亞洲地區
B24080,2017-07-21,136.1749725341797,英鎊,霸菱大東協基金 - A類英鎊配息型,yfinance,股票型,亞洲地區
B24080,2017-07-24,136.24745178222656,英鎊,霸菱大東協基金 - A類英鎊配息型,yfinance,股票型,亞洲地區
B24080,2017-07-25,136.60084533691406,英鎊,霸菱大東協基金 - A類英鎊配息型,yfinance,股票型,亞洲地區
B24080,2017-07-26,136.5373992919922,英鎊,霸菱大東協基金 - A類英鎊配息型,yfinance,股票型,亞洲地區
B24080,2017-07-27,136.0390625,英鎊,霸菱大東協基金 - A類英鎊配息型,yfinance,股票型,亞洲地區
B24080,2017-07-28,136.31997680664062,英鎊,霸菱大東協基金 - A類英鎊配息型,yfinance,股票型,亞洲地區
B24080,2017-07-31,135.5950469970703,英鎊,霸菱大東協基金 - A類英鎊配息型,yfinance,股票型,亞洲地區
B24080,2017-08-01,134.861083984375,英鎊,霸菱大東協基金 - A類英鎊配息型,yfinance,股票型,亞洲地區
B24080,2017-08-02,135.18727111816406,英鎊,霸菱大東協基金 - A類英鎊配息型,yfinance,股票型,亞洲地區
B24080,2017-08-03,135.08758544921875,英鎊,霸菱大東協基金 - A類英鎊配息型,yfinance,股票型,亞洲地區
B24080,2017-08-04,135.4047393798828,英鎊,霸菱大東協基金 - A類英鎊配息型,yfinance,股票型,亞洲地區
B24080,2017-08-08,136.31085205078125,英鎊,霸菱大東協基金 - A類英鎊配息型,yfinance,股票型,亞洲地區
B24080,2017-08-09,136.55555725097656,英鎊,霸菱大東協基金 - A類英鎊配息型,yfinance,股票型,亞洲地區
B24080,2017-08-10,136.42869567871094,英鎊,霸菱大東協基金 - A類英鎊配息型,yfinance,股票型,亞洲地區
B24080,2017-08-11,135.1238250732422,英鎊,霸菱大東協基金 - A類英鎊配息型,yfinance,股票型,亞洲地區
B24080,2017-08-14,136.10247802734375,英鎊,霸菱大東協基金 - A類英鎊配息型,yfinance,股票型,亞洲地區
B24080,2017-08-15,137.1173553466797,英鎊,霸菱大東協基金 - A類英鎊配息型,yfinance,股票型,亞洲地區
B24080,2017-08-16,137.1173553466797,英鎊,霸菱大東協基金 - A類英鎊配息型,yfinance,股票型,亞洲地區
B24080,2017-08-17,137.38015747070312,英鎊,霸菱大東協基金 - A類英鎊配息型,yfinance,股票型,亞洲地區
B24080,2017-08-18,136.69146728515625,英鎊,霸菱大東協基金 - A類英鎊配息型,yfinance,股票型,亞洲地區
B24080,2017-08-21,136.57366943359375,英鎊,霸菱大東協基金 - A類英鎊配息型,yfinance,股票型,亞洲地區
B24080,2017-08-22,137.82415771484375,英鎊,霸菱大東協基金 - A類英鎊配息型,yfinance,股票型,亞洲地區
B24080,2017-08-23,137.9147491455078,英鎊,霸菱大東協基金 - A類英鎊配息型,yfinance,股票型,亞洲地區
B24080,2017-08-24,138.1503448486328,英鎊,霸菱大東協基金 - A類英鎊配息型,yfinance,股票型,亞洲地區
B24080,2017-08-25,138.1503448486328,英鎊,霸菱大東協基金 - A類英鎊配息型,yfinance,股票型,亞洲地區
B24080,2017-08-29,137.59762573242188,英鎊,霸菱大東協基金 - A類英鎊配息型,yfinance,股票型,亞洲地區
B24080,2017-08-30,138.20472717285156,英鎊,霸菱大東協基金 - A類英鎊配息型,yfinance,股票型,亞洲地區
B24080,2017-08-31,138.90245056152344,英鎊,霸菱大東協基金 - A類英鎊配息型,yfinance,股票型,亞洲地區
B24080,2017-09-01,138.47657775878906,英鎊,霸菱大東協基金 - A類英鎊配息型,yfinance,股票型,亞洲地區
B24080,2017-09-04,137.61572265625,英鎊,霸菱大東協基金 - A類英鎊配息型,yfinance,股票型,亞洲地區
B24080,2017-09-05,137.7606964111328,英鎊,霸菱大東協基金 - A類英鎊配息型,yfinance,股票型,亞洲地區
B24080,2017-09-06,136.65524291992188,英鎊,霸菱大東協基金 - A類英鎊配息型,yfinance,股票型,亞洲地區
B24080,2017-09-07,137.25328063964844,英鎊,霸菱大東協基金 - A類英鎊配息型,yfinance,股票型,亞洲地區
B24080,2017-09-08,136.5827178955078,英鎊,霸菱大東協基金 - A類英鎊配息型,yfinance,股票型,亞洲地區
B24080,2017-09-11,136.60992431640625,英鎊,霸菱大東協基金 - A類英鎊配息型,yfinance,股票型,亞洲地區
B24080,2017-09-12,135.8668975830078,英鎊,霸菱大東協基金 - A類英鎊配息型,yfinance,股票型,亞洲地區
B24080,2017-09-13,135.68565368652344,英鎊,霸菱大東協基金 - A類英鎊配息型,yfinance,股票型,亞洲地區
B24080,2017-09-14,135.41380310058594,英鎊,霸菱大東協基金 - A類英鎊配息型,yfinance,股票型,亞洲地區
B24080,2017-09-15,132.3963623046875,英鎊,霸菱大東協基金 - A類英鎊配息型,yfinance,股票型,亞洲地區
B24080,2017-09-18,133.7374267578125,英鎊,霸菱大東協基金 - A類英鎊配息型,yfinance,股票型,亞洲地區
B24080,2017-09-19,134.0455322265625,英鎊,霸菱大東協基金 - A類英鎊配息型,yfinance,股票型,亞洲地區
B24080,2017-09-20,133.9096221923828,英鎊,霸菱大東協基金 - A類英鎊配息型,yfinance,股票型,亞洲地區
B24080,2017-09-21,134.44424438476562,英鎊,霸菱大東協基金 - A類英鎊配息型,yfinance,股票型,亞洲地區
B24080,2017-09-22,134.12709045410156,英鎊,霸菱大東協基金 - A類英鎊配息型,yfinance,股票型,亞洲地區
B24080,2017-09-25,134.35360717773438,英鎊,霸菱大東協基金 - A類英鎊配息型,yfinance,股票型,亞洲地區
B24080,2017-09-26,134.3445587158203,英鎊,霸菱大東協基金 - A類英鎊配息型,yfinance,股票型,亞洲地區
B24080,2017-09-27,133.9821319580078,英鎊,霸菱大東協基金 - A類英鎊配息型,yfinance,股票型,亞洲地區
B24080,2017-09-28,133.6196746826172,英鎊,霸菱大東協基金 - A類英鎊配息型,yfinance,股票型,亞洲地區
B24080,2017-09-29,135.5225372314453,英鎊,霸菱大東協基金 - A類英鎊配息型,yfinance,股票型,亞洲地區
B24080,2017-10-02,136.83645629882812,英鎊,霸菱大東協基金 - A類英鎊配息型,yfinance,股票型,亞洲地區
B24080,2017-10-03,137.37107849121094,英鎊,霸菱大東協基金 - A類英鎊配息型,yfinance,股票型,亞洲地區
B24080,2017-10-04,137.85134887695312,英鎊,霸菱大東協基金 - A類英鎊配息型,yfinance,股票型,亞洲地區
B24080,2017-10-05,139.1199188232422,英鎊,霸菱大東協基金 - A類英鎊配息型,yfinance,股票型,亞洲地區
B24080,2017-10-06,140.7147216796875,英鎊,霸菱大東協基金 - A類英鎊配息型,yfinance,股票型,亞洲地區
B24080,2017-10-09,139.6636199951172,英鎊,霸菱大東協基金 - A類英鎊配息型,yfinance,股票型,亞洲地區
B24080,2017-10-10,140.06234741210938,英鎊,霸菱大東協基金 - A類英鎊配息型,yfinance,股票型,亞洲地區
B24080,2017-10-11,139.9807586669922,英鎊,霸菱大東協基金 - A類英鎊配息型,yfinance,股票型,亞洲地區
B24080,2017-10-12,141.00473022460938,英鎊,霸菱大東協基金 - A類英鎊配息型,yfinance,股票型,亞洲地區
B24080,2017-10-13,140.3160400390625,英鎊,霸菱大東協基金 - A類英鎊配息型,yfinance,股票型,亞洲地區
B24080,2017-10-16,140.9956512451172,英鎊,霸菱大東協基金 - A類英鎊配息型,yfinance,股票型,亞洲地區
B24080,2017-10-17,141.24937438964844,英鎊,霸菱大東協基金 - A類英鎊配息型,yfinance,股票型,亞洲地區
B24080,2017-10-18,140.8415985107422,英鎊,霸菱大東協基金 - A類英鎊配息型,yfinance,股票型,亞洲地區
B24080,2017-10-19,141.00473022460938,英鎊,霸菱大東協基金 - A類英鎊配息型,yfinance,股票型,亞洲地區
B24080,2017-10-20,141.5302734375,英鎊,霸菱大東協基金 - A類英鎊配息型,yfinance,股票型,亞洲地區
B24080,2017-10-23,141.62997436523438,英鎊,霸菱大東協基金 - A類英鎊配息型,yfinance,股票型,亞洲地區
B24080,2017-10-24,141.78399658203125,英鎊,霸菱大東協基金 - A類英鎊配息型,yfinance,股票型,亞洲地區
B24080,2017-10-25,142.0558319091797,英鎊,霸菱大東協基金 - A類英鎊配息型,yfinance,股票型,亞洲地區
B24080,2017-10-26,141.92897033691406,英鎊,霸菱大東協基金 - A類英鎊配息型,yfinance,股票型,亞洲地區
B24080,2017-10-27,143.10694885253906,英鎊,霸菱大東協基金 - A類英鎊配息型,yfinance,股票型,亞洲地區
B24080,2017-10-31,142.74447631835938,英鎊,霸菱大東協基金 - A類英鎊配息型,yfinance,股票型,亞洲地區
B24080,2017-11-01,142.78074645996094,英鎊,霸菱大東協基金 - A類英鎊配息型,yfinance,股票型,亞洲地區
B24080,2017-11-02,144.53866577148438,英鎊,霸菱大東協基金 - A類英鎊配息型,yfinance,股票型,亞洲地區
B24080,2017-11-03,145.0732879638672,英鎊,霸菱大東協基金 - A類英鎊配息型,yfinance,股票型,亞洲地區
B24080,2017-11-06,145.91600036621094,英鎊,霸菱大東協基金 - A類英鎊配息型,yfinance,股票型,亞洲地區
B24080,2017-11-07,146.22409057617188,英鎊,霸菱大東協基金 - A類英鎊配息型,yfinance,股票型,亞洲地區
B24080,2017-11-08,146.3690643310547,英鎊,霸菱大東協基金 - A類英鎊配息型,yfinance,股票型,亞洲地區
B24080,2017-11-09,146.52310180664062,英鎊,霸菱大東協基金 - A類英鎊配息型,yfinance,股票型,亞洲地區
B24080,2017-11-10,145.26356506347656,英鎊,霸菱大東協基金 - A類英鎊配息型,yfinance,股票型,亞洲地區
B24080,2017-11-13,146.0247344970703,英鎊,霸菱大東協基金 - A類英鎊配息型,yfinance,股票型,亞洲地區
B24080,2017-11-14,145.72569274902344,英鎊,霸菱大東協基金 - A類英鎊配息型,yfinance,股票型,亞洲地區
B24080,2017-11-15,144.75613403320312,英鎊,霸菱大東協基金 - A類英鎊配息型,yfinance,股票型,亞洲地區
B24080,2017-11-16,144.55677795410156,英鎊,霸菱大東協基金 - A類英鎊配息型,yfinance,股票型,亞洲地區
B24080,2017-11-17,146.2059783935547,英鎊,霸菱大東協基金 - A類英鎊配息型,yfinance,股票型,亞洲地區
B24080,2017-11-20,145.5716552734375,英鎊,霸菱大東協基金 - A類英鎊配息型,yfinance,股票型,亞洲地區
B24080,2017-11-21,145.80726623535156,英鎊,霸菱大東協基金 - A類英鎊配息型,yfinance,股票型,亞洲地區
B24080,2017-11-22,146.74964904785156,英鎊,霸菱大東協基金 - A類英鎊配息型,yfinance,股票型,亞洲地區
B24080,2017-11-23,145.58071899414062,英鎊,霸菱大東協基金 - A類英鎊配息型,yfinance,股票型,亞洲地區
B24080,2017-11-24,145.37229919433594,英鎊,霸菱大東協基金 - A類英鎊配息型,yfinance,股票型,亞洲地區
B24080,2017-11-27,144.9282989501953,英鎊,霸菱大東協基金 - A類英鎊配息型,yfinance,股票型,亞洲地區
B24080,2017-11-28,145.96128845214844,英鎊,霸菱大東協基金 - A類英鎊配息型,yfinance,股票型,亞洲地區
B24080,2017-11-29,144.57492065429688,英鎊,霸菱大東協基金 - A類英鎊配息型,yfinance,股票型,亞洲地區
B24080,2017-11-30,143.0344696044922,英鎊,霸菱大東協基金 - A類英鎊配息型,yfinance,股票型,亞洲地區
B24080,2017-12-01,142.73544311523438,英鎊,霸菱大東協基金 - A類英鎊配息型,yfinance,股票型,亞洲地區
B24080,2017-12-04,142.8623046875,英鎊,霸菱大東協基金 - A類英鎊配息型,yfinance,股票型,亞洲地區
B24080,2017-12-05,143.36972045898438,英鎊,霸菱大東協基金 - A類英鎊配息型,yfinance,股票型,亞洲地區
B24080,2017-12-06,142.40924072265625,英鎊,霸菱大東協基金 - A類英鎊配息型,yfinance,股票型,亞洲地區
B24080,2017-12-07,143.61439514160156,英鎊,霸菱大東協基金 - A類英鎊配息型,yfinance,股票型,亞洲地區
B24080,2017-12-08,143.4512939453125,英鎊,霸菱大東協基金 - A類英鎊配息型,yfinance,股票型,亞洲地區
B24080,2017-12-11,145.18203735351562,英鎊,霸菱大東協基金 - A類英鎊配息型,yfinance,股票型,亞洲地區
B24080,2017-12-12,145.90692138671875,英鎊,霸菱大東協基金 - A類英鎊配息型,yfinance,股票型,亞洲地區
B24080,2017-12-13,146.25128173828125,英鎊,霸菱大東協基金 - A類英鎊配息型,yfinance,股票型,亞洲地區
B24080,2017-12-14,146.396240234375,英鎊,霸菱大東協基金 - A類英鎊配息型,yfinance,股票型,亞洲地區
B24080,2017-12-15,146.12440490722656,英鎊,霸菱大東協基金 - A類英鎊配息型,yfinance,股票型,亞洲地區
B24080,2017-12-18,146.74964904785156,英鎊,霸菱大東協基金 - A類英鎊配息型,yfinance,股票型,亞洲地區
B24080,2017-12-19,146.8583984375,英鎊,霸菱大東協基金 - A類英鎊配息型,yfinance,股票型,亞洲地區
B24080,2017-12-20,146.63185119628906,英鎊,霸菱大東協基金 - A類英鎊配息型,yfinance,股票型,亞洲地區
B24080,2017-12-21,147.61048889160156,英鎊,霸菱大東協基金 - A類英鎊配息型,yfinance,股票型,亞洲地區
B24080,2017-12-22,147.91856384277344,英鎊,霸菱大東協基金 - A類英鎊配息型,yfinance,股票型,亞洲地區
B24080,2017-12-28,149.71270751953125,英鎊,霸菱大東協基金 - A類英鎊配息型,yfinance,股票型,亞洲地區
B24080,2017-12-29,150.13861083984375,英鎊,霸菱大東協基金 - A類英鎊配息型,yfinance,股票型,亞洲地區
B1uJsak,2017-01-03,10.211000442504883,英鎊,匯豐環球投資基金-環球非投資等級債券 ACHGBP,yfinance,債券型,全球市場
B1uJsak,2017-01-04,10.232999801635742,英鎊,匯豐環球投資基金-環球非投資等級債券 ACHGBP,yfinance,債券型,全球市場
B1uJsak,2017-01-05,10.262999534606934,英鎊,匯豐環球投資基金-環球非投資等級債券 ACHGBP,yfinance,債券型,全球市場
B1uJsak,2017-01-06,10.3149995803833,英鎊,匯豐環球投資基金-環球非投資等級債券 ACHGBP,yfinance,債券型,全球市場
B1uJsak,2017-01-09,10.279000282287598,英鎊,匯豐環球投資基金-環球非投資等級債券 ACHGBP,yfinance,債券型,全球市場
B1uJsak,2017-01-10,10.281999588012695,英鎊,匯豐環球投資基金-環球非投資等級債券 ACHGBP,yfinance,債券型,全球市場
B1uJsak,2017-01-11,10.279000282287598,英鎊,匯豐環球投資基金-環球非投資等級債券 ACHGBP,yfinance,債券型,全球市場
B1uJsak,2017-01-12,10.284000396728516,英鎊,匯豐環球投資基金-環球非投資等級債券 ACHGBP,yfinance,債券型,全球市場
B1uJsak,2017-01-13,10.331999778747559,英鎊,匯豐環球投資基金-環球非投資等級債券 ACHGBP,yfinance,債券型,全球市場
B1uJsak,2017-01-17,10.343000411987305,英鎊,匯豐環球投資基金-環球非投資等級債券 ACHGBP,yfinance,債券型,全球市場
B1uJsak,2017-01-18,10.303000450134277,英鎊,匯豐環球投資基金-環球非投資等級債券 ACHGBP,yfinance,債券型,全球市場
B1uJsak,2017-01-19,10.29699993133545,英鎊,匯豐環球投資基金-環球非投資等級債券 ACHGBP,yfinance,債券型,全球市場
B1uJsak,2017-01-20,10.295999526977539,英鎊,匯豐環球投資基金-環球非投資等級債券 ACHGBP,yfinance,債券型,全球市場
B1uJsak,2017-01-23,10.295999526977539,英鎊,匯豐環球投資基金-環球非投資等級債券 ACHGBP,yfinance,債券型,全球市場
B1uJsak,2017-01-24,10.293000221252441,英鎊,匯豐環球投資基金-環球非投資等級債券 ACHGBP,yfinance,債券型,全球市場
B1uJsak,2017-01-25,10.303000450134277,英鎊,匯豐環球投資基金-環球非投資等級債券 ACHGBP,yfinance,債券型,全球市場
B1uJsak,2017-01-26,10.314000129699707,英鎊,匯豐環球投資基金-環球非投資等級債券 ACHGBP,yfinance,債券型,全球市場
B1uJsak,2017-01-27,10.321000099182129,英鎊,匯豐環球投資基金-環球非投資等級債券 ACHGBP,yfinance,債券型,全球市場
B1uJsak,2017-01-30,10.324000358581543,英鎊,匯豐環球投資基金-環球非投資等級債券 ACHGBP,yfinance,債券型,全球市場
B1uJsak,2017-01-31,10.315999984741211,英鎊,匯豐環球投資基金-環球非投資等級債券 ACHGBP,yfinance,債券型,全球市場
B1uJsak,2017-02-01,10.319000244140625,英鎊,匯豐環球投資基金-環球非投資等級債券 ACHGBP,yfinance,債券型,全球市場
B1uJsak,2017-02-02,10.321000099182129,英鎊,匯豐環球投資基金-環球非投資等級債券 ACHGBP,yfinance,債券型,全球市場
B1uJsak,2017-02-03,10.333999633789062,英鎊,匯豐環球投資基金-環球非投資等級債券 ACHGBP,yfinance,債券型,全球市場
B1uJsak,2017-02-06,10.345000267028809,英鎊,匯豐環球投資基金-環球非投資等級債券 ACHGBP,yfinance,債券型,全球市場
B1uJsak,2017-02-07,10.343999862670898,英鎊,匯豐環球投資基金-環球非投資等級債券 ACHGBP,yfinance,債券型,全球市場
B1uJsak,2017-02-08,10.295999526977539,英鎊,匯豐環球投資基金-環球非投資等級債券 ACHGBP,yfinance,債券型,全球市場
B1uJsak,2017-02-09,10.33899974822998,英鎊,匯豐環球投資基金-環球非投資等級債券 ACHGBP,yfinance,債券型,全球市場
B1uJsak,2017-02-10,10.32800006866455,英鎊,匯豐環球投資基金-環球非投資等級債券 ACHGBP,yfinance,債券型,全球市場
B1uJsak,2017-02-13,10.359999656677246,英鎊,匯豐環球投資基金-環球非投資等級債券 ACHGBP,yfinance,債券型,全球市場
B1uJsak,2017-02-14,10.364999771118164,英鎊,匯豐環球投資基金-環球非投資等級債券 ACHGBP,yfinance,債券型,全球市場
B1uJsak,2017-02-15,10.322999954223633,英鎊,匯豐環球投資基金-環球非投資等級債券 ACHGBP,yfinance,債券型,全球市場
B1uJsak,2017-02-16,10.32800006866455,英鎊,匯豐環球投資基金-環球非投資等級債券 ACHGBP,yfinance,債券型,全球市場
B1uJsak,2017-02-17,10.36299991607666,英鎊,匯豐環球投資基金-環球非投資等級債券 ACHGBP,yfinance,債券型,全球市場
B1uJsak,2017-02-21,10.37600040435791,英鎊,匯豐環球投資基金-環球非投資等級債券 ACHGBP,yfinance,債券型,全球市場
B1uJsak,2017-02-22,10.387999534606934,英鎊,匯豐環球投資基金-環球非投資等級債券 ACHGBP,yfinance,債券型,全球市場
B1uJsak,2017-02-23,10.399999618530273,英鎊,匯豐環球投資基金-環球非投資等級債券 ACHGBP,yfinance,債券型,全球市場
B1uJsak,2017-02-24,10.401000022888184,英鎊,匯豐環球投資基金-環球非投資等級債券 ACHGBP,yfinance,債券型,全球市場
B1uJsak,2017-02-27,10.411999702453613,英鎊,匯豐環球投資基金-環球非投資等級債券 ACHGBP,yfinance,債券型,全球市場
B1uJsak,2017-02-28,10.416000366210938,英鎊,匯豐環球投資基金-環球非投資等級債券 ACHGBP,yfinance,債券型,全球市場
B1uJsak,2017-03-01,10.388999938964844,英鎊,匯豐環球投資基金-環球非投資等級債券 ACHGBP,yfinance,債券型,全球市場
B1uJsak,2017-03-02,10.442000389099121,英鎊,匯豐環球投資基金-環球非投資等級債券 ACHGBP,yfinance,債券型,全球市場
B1uJsak,2017-03-03,10.432999610900879,英鎊,匯豐環球投資基金-環球非投資等級債券 ACHGBP,yfinance,債券型,全球市場
B1uJsak,2017-03-06,10.427000045776367,英鎊,匯豐環球投資基金-環球非投資等級債券 ACHGBP,yfinance,債券型,全球市場
B1uJsak,2017-03-07,10.407999992370605,英鎊,匯豐環球投資基金-環球非投資等級債券 ACHGBP,yfinance,債券型,全球市場
B1uJsak,2017-03-08,10.37600040435791,英鎊,匯豐環球投資基金-環球非投資等級債券 ACHGBP,yfinance,債券型,全球市場
B1uJsak,2017-03-09,10.289999961853027,英鎊,匯豐環球投資基金-環球非投資等級債券 ACHGBP,yfinance,債券型,全球市場
B1uJsak,2017-03-10,10.34000015258789,英鎊,匯豐環球投資基金-環球非投資等級債券 ACHGBP,yfinance,債券型,全球市場
B1uJsak,2017-03-13,10.322999954223633,英鎊,匯豐環球投資基金-環球非投資等級債券 ACHGBP,yfinance,債券型,全球市場
B1uJsak,2017-03-14,10.288999557495117,英鎊,匯豐環球投資基金-環球非投資等級債券 ACHGBP,yfinance,債券型,全球市場
B1uJsak,2017-03-15,10.305999755859375,英鎊,匯豐環球投資基金-環球非投資等級債券 ACHGBP,yfinance,債券型,全球市場
B1uJsak,2017-03-16,10.361000061035156,英鎊,匯豐環球投資基金-環球非投資等級債券 ACHGBP,yfinance,債券型,全球市場
B1uJsak,2017-03-17,10.36400032043457,英鎊,匯豐環球投資基金-環球非投資等級債券 ACHGBP,yfinance,債券型,全球市場
B1uJsak,2017-03-20,10.361000061035156,英鎊,匯豐環球投資基金-環球非投資等級債券 ACHGBP,yfinance,債券型,全球市場
B1uJsak,2017-03-21,10.362000465393066,英鎊,匯豐環球投資基金-環球非投資等級債券 ACHGBP,yfinance,債券型,全球市場
B1uJsak,2017-03-22,10.331000328063965,英鎊,匯豐環球投資基金-環球非投資等級債券 ACHGBP,yfinance,債券型,全球市場
B1uJsak,2017-03-23,10.333999633789062,英鎊,匯豐環球投資基金-環球非投資等級債券 ACHGBP,yfinance,債券型,全球市場
B1uJsak,2017-03-24,10.347999572753906,英鎊,匯豐環球投資基金-環球非投資等級債券 ACHGBP,yfinance,債券型,全球市場
B1uJsak,2017-03-27,10.348999977111816,英鎊,匯豐環球投資基金-環球非投資等級債券 ACHGBP,yfinance,債券型,全球市場
B1uJsak,2017-03-28,10.355999946594238,英鎊,匯豐環球投資基金-環球非投資等級債券 ACHGBP,yfinance,債券型,全球市場
B1uJsak,2017-03-29,10.366000175476074,英鎊,匯豐環球投資基金-環球非投資等級債券 ACHGBP,yfinance,債券型,全球市場
B1uJsak,2017-03-30,10.402000427246094,英鎊,匯豐環球投資基金-環球非投資等級債券 ACHGBP,yfinance,債券型,全球市場
B1uJsak,2017-03-31,10.371999740600586,英鎊,匯豐環球投資基金-環球非投資等級債券 ACHGBP,yfinance,債券型,全球市場
B1uJsak,2017-04-03,10.42300033569336,英鎊,匯豐環球投資基金-環球非投資等級債券 ACHGBP,yfinance,債券型,全球市場
B1uJsak,2017-04-04,10.418999671936035,英鎊,匯豐環球投資基金-環球非投資等級債券 ACHGBP,yfinance,債券型,全球市場
B1uJsak,2017-04-05,10.4350004196167,英鎊,匯豐環球投資基金-環球非投資等級債券 ACHGBP,yfinance,債券型,全球市場
B1uJsak,2017-04-06,10.437999725341797,英鎊,匯豐環球投資基金-環球非投資等級債券 ACHGBP,yfinance,債券型,全球市場
B1uJsak,2017-04-07,10.444999694824219,英鎊,匯豐環球投資基金-環球非投資等級債券 ACHGBP,yfinance,債券型,全球市場
B1uJsak,2017-04-10,10.45199966430664,英鎊,匯豐環球投資基金-環球非投資等級債券 ACHGBP,yfinance,債券型,全球市場
B1uJsak,2017-04-11,10.45300006866455,英鎊,匯豐環球投資基金-環球非投資等級債券 ACHGBP,yfinance,債券型,全球市場
B1uJsak,2017-04-12,10.454000473022461,英鎊,匯豐環球投資基金-環球非投資等級債券 ACHGBP,yfinance,債券型,全球市場
B1uJsak,2017-04-13,10.40999984741211,英鎊,匯豐環球投資基金-環球非投資等級債券 ACHGBP,yfinance,債券型,全球市場
B1uJsak,2017-04-18,10.456999778747559,英鎊,匯豐環球投資基金-環球非投資等級債券 ACHGBP,yfinance,債券型,全球市場
B1uJsak,2017-04-19,10.460000038146973,英鎊,匯豐環球投資基金-環球非投資等級債券 ACHGBP,yfinance,債券型,全球市場
B1uJsak,2017-04-20,10.461000442504883,英鎊,匯豐環球投資基金-環球非投資等級債券 ACHGBP,yfinance,債券型,全球市場
B1uJsak,2017-04-21,10.475000381469727,英鎊,匯豐環球投資基金-環球非投資等級債券 ACHGBP,yfinance,債券型,全球市場
B1uJsak,2017-04-24,10.498000144958496,英鎊,匯豐環球投資基金-環球非投資等級債券 ACHGBP,yfinance,債券型,全球市場
B1uJsak,2017-04-25,10.505999565124512,英鎊,匯豐環球投資基金-環球非投資等級債券 ACHGBP,yfinance,債券型,全球市場
B1uJsak,2017-04-26,10.519000053405762,英鎊,匯豐環球投資基金-環球非投資等級債券 ACHGBP,yfinance,債券型,全球市場
B1uJsak,2017-04-27,10.52299976348877,英鎊,匯豐環球投資基金-環球非投資等級債券 ACHGBP,yfinance,債券型,全球市場
B1uJsak,2017-04-28,10.527000427246094,英鎊,匯豐環球投資基金-環球非投資等級債券 ACHGBP,yfinance,債券型,全球市場
B1uJsak,2017-05-02,10.543000221252441,英鎊,匯豐環球投資基金-環球非投資等級債券 ACHGBP,yfinance,債券型,全球市場
B1uJsak,2017-05-03,10.548999786376953,英鎊,匯豐環球投資基金-環球非投資等級債券 ACHGBP,yfinance,債券型,全球市場
B1uJsak,2017-05-04,10.541000366210938,英鎊,匯豐環球投資基金-環球非投資等級債券 ACHGBP,yfinance,債券型,全球市場
B1uJsak,2017-05-05,10.527000427246094,英鎊,匯豐環球投資基金-環球非投資等級債券 ACHGBP,yfinance,債券型,全球市場
B1uJsak,2017-05-08,10.532999992370605,英鎊,匯豐環球投資基金-環球非投資等級債券 ACHGBP,yfinance,債券型,全球市場
B1uJsak,2017-05-09,10.541000366210938,英鎊,匯豐環球投資基金-環球非投資等級債券 ACHGBP,yfinance,債券型,全球市場
B1uJsak,2017-05-10,10.545999526977539,英鎊,匯豐環球投資基金-環球非投資等級債券 ACHGBP,yfinance,債券型,全球市場
B1uJsak,2017-05-11,10.557999610900879,英鎊,匯豐環球投資基金-環球非投資等級債券 ACHGBP,yfinance,債券型,全球市場
B1uJsak,2017-05-12,10.562000274658203,英鎊,匯豐環球投資基金-環球非投資等級債券 ACHGBP,yfinance,債券型,全球市場
B1uJsak,2017-05-15,10.571999549865723,英鎊,匯豐環球投資基金-環球非投資等級債券 ACHGBP,yfinance,債券型,全球市場
B1uJsak,2017-05-16,10.57800006866455,英鎊,匯豐環球投資基金-環球非投資等級債券 ACHGBP,yfinance,債券型,全球市場
B1uJsak,2017-05-17,10.569999694824219,英鎊,匯豐環球投資基金-環球非投資等級債券 ACHGBP,yfinance,債券型,全球市場
B1uJsak,2017-05-18,10.53600025177002,英鎊,匯豐環球投資基金-環球非投資等級債券 ACHGBP,yfinance,債券型,全球市場
B1uJsak,2017-05-19,10.557000160217285,英鎊,匯豐環球投資基金-環球非投資等級債券 ACHGBP,yfinance,債券型,全球市場
B1uJsak,2017-05-22,10.571000099182129,英鎊,匯豐環球投資基金-環球非投資等級債券 ACHGBP,yfinance,債券型,全球市場
B1uJsak,2017-05-23,10.567000389099121,英鎊,匯豐環球投資基金-環球非投資等級債券 ACHGBP,yfinance,債券型,全球市場
B1uJsak,2017-05-24,10.57800006866455,英鎊,匯豐環球投資基金-環球非投資等級債券 ACHGBP,yfinance,債券型,全球市場
B1uJsak,2017-05-26,10.581999778747559,英鎊,匯豐環球投資基金-環球非投資等級債券 ACHGBP,yfinance,債券型,全球市場
B1uJsak,2017-05-30,10.588000297546387,英鎊,匯豐環球投資基金-環球非投資等級債券 ACHGBP,yfinance,債券型,全球市場
B1uJsak,2017-05-31,10.59000015258789,英鎊,匯豐環球投資基金-環球非投資等級債券 ACHGBP,yfinance,債券型,全球市場
B1uJsak,2017-06-01,10.593999862670898,英鎊,匯豐環球投資基金-環球非投資等級債券 ACHGBP,yfinance,債券型,全球市場
B1uJsak,2017-06-02,10.607000350952148,英鎊,匯豐環球投資基金-環球非投資等級債券 ACHGBP,yfinance,債券型,全球市場
B1uJsak,2017-06-06,10.611000061035156,英鎊,匯豐環球投資基金-環球非投資等級債券 ACHGBP,yfinance,債券型,全球市場
B1uJsak,2017-06-07,10.609999656677246,英鎊,匯豐環球投資基金-環球非投資等級債券 ACHGBP,yfinance,債券型,全球市場
B1uJsak,2017-06-08,10.58899974822998,英鎊,匯豐環球投資基金-環球非投資等級債券 ACHGBP,yfinance,債券型,全球市場
B1uJsak,2017-06-09,10.583999633789062,英鎊,匯豐環球投資基金-環球非投資等級債券 ACHGBP,yfinance,債券型,全球市場
B1uJsak,2017-06-12,10.593999862670898,英鎊,匯豐環球投資基金-環球非投資等級債券 ACHGBP,yfinance,債券型,全球市場
B1uJsak,2017-06-13,10.597000122070312,英鎊,匯豐環球投資基金-環球非投資等級債券 ACHGBP,yfinance,債券型,全球市場
B1uJsak,2017-06-14,10.607999801635742,英鎊,匯豐環球投資基金-環球非投資等級債券 ACHGBP,yfinance,債券型,全球市場
B1uJsak,2017-06-15,10.595999717712402,英鎊,匯豐環球投資基金-環球非投資等級債券 ACHGBP,yfinance,債券型,全球市場
B1uJsak,2017-06-16,10.595000267028809,英鎊,匯豐環球投資基金-環球非投資等級債券 ACHGBP,yfinance,債券型,全球市場
B1uJsak,2017-06-19,10.595000267028809,英鎊,匯豐環球投資基金-環球非投資等級債券 ACHGBP,yfinance,債券型,全球市場
B1uJsak,2017-06-20,10.583000183105469,英鎊,匯豐環球投資基金-環球非投資等級債券 ACHGBP,yfinance,債券型,全球市場
B1uJsak,2017-06-21,10.569000244140625,英鎊,匯豐環球投資基金-環球非投資等級債券 ACHGBP,yfinance,債券型,全球市場
B1uJsak,2017-06-22,10.545000076293945,英鎊,匯豐環球投資基金-環球非投資等級債券 ACHGBP,yfinance,債券型,全球市場
B1uJsak,2017-06-26,10.562000274658203,英鎊,匯豐環球投資基金-環球非投資等級債券 ACHGBP,yfinance,債券型,全球市場
B1uJsak,2017-06-27,10.572999954223633,英鎊,匯豐環球投資基金-環球非投資等級債券 ACHGBP,yfinance,債券型,全球市場
B1uJsak,2017-06-28,10.5649995803833,英鎊,匯豐環球投資基金-環球非投資等級債券 ACHGBP,yfinance,債券型,全球市場
B1uJsak,2017-06-29,10.574000358581543,英鎊,匯豐環球投資基金-環球非投資等級債券 ACHGBP,yfinance,債券型,全球市場
B1uJsak,2017-06-30,10.569999694824219,英鎊,匯豐環球投資基金-環球非投資等級債券 ACHGBP,yfinance,債券型,全球市場
B1uJsak,2017-07-03,10.574999809265137,英鎊,匯豐環球投資基金-環球非投資等級債券 ACHGBP,yfinance,債券型,全球市場
B1uJsak,2017-07-05,10.576000213623047,英鎊,匯豐環球投資基金-環球非投資等級債券 ACHGBP,yfinance,債券型,全球市場
B1uJsak,2017-07-06,10.5600004196167,英鎊,匯豐環球投資基金-環球非投資等級債券 ACHGBP,yfinance,債券型,全球市場
B1uJsak,2017-07-07,10.543000221252441,英鎊,匯豐環球投資基金-環球非投資等級債券 ACHGBP,yfinance,債券型,全球市場
B1uJsak,2017-07-10,10.545999526977539,英鎊,匯豐環球投資基金-環球非投資等級債券 ACHGBP,yfinance,債券型,全球市場
B1uJsak,2017-07-11,10.5600004196167,英鎊,匯豐環球投資基金-環球非投資等級債券 ACHGBP,yfinance,債券型,全球市場
B1uJsak,2017-07-12,10.581999778747559,英鎊,匯豐環球投資基金-環球非投資等級債券 ACHGBP,yfinance,債券型,全球市場
B1uJsak,2017-07-13,10.590999603271484,英鎊,匯豐環球投資基金-環球非投資等級債券 ACHGBP,yfinance,債券型,全球市場
B1uJsak,2017-07-14,10.604000091552734,英鎊,匯豐環球投資基金-環球非投資等級債券 ACHGBP,yfinance,債券型,全球市場
B1uJsak,2017-07-17,10.619999885559082,英鎊,匯豐環球投資基金-環球非投資等級債券 ACHGBP,yfinance,債券型,全球市場
B1uJsak,2017-07-18,10.630000114440918,英鎊,匯豐環球投資基金-環球非投資等級債券 ACHGBP,yfinance,債券型,全球市場
B1uJsak,2017-07-19,10.638999938964844,英鎊,匯豐環球投資基金-環球非投資等級債券 ACHGBP,yfinance,債券型,全球市場
B1uJsak,2017-07-20,10.652000427246094,英鎊,匯豐環球投資基金-環球非投資等級債券 ACHGBP,yfinance,債券型,全球市場
B1uJsak,2017-07-21,10.654000282287598,英鎊,匯豐環球投資基金-環球非投資等級債券 ACHGBP,yfinance,債券型,全球市場
B1uJsak,2017-07-24,10.694999694824219,英鎊,匯豐環球投資基金-環球非投資等級債券 ACHGBP,yfinance,債券型,全球市場
B1uJsak,2017-07-25,10.656000137329102,英鎊,匯豐環球投資基金-環球非投資等級債券 ACHGBP,yfinance,債券型,全球市場
B1uJsak,2017-07-26,10.663000106811523,英鎊,匯豐環球投資基金-環球非投資等級債券 ACHGBP,yfinance,債券型,全球市場
B1uJsak,2017-07-27,10.708999633789062,英鎊,匯豐環球投資基金-環球非投資等級債券 ACHGBP,yfinance,債券型,全球市場
B1uJsak,2017-07-28,10.668000221252441,英鎊,匯豐環球投資基金-環球非投資等級債券 ACHGBP,yfinance,債券型,全球市場
B1uJsak,2017-07-31,10.67199993133545,英鎊,匯豐環球投資基金-環球非投資等級債券 ACHGBP,yfinance,債券型,全球市場
B1uJsak,2017-08-01,10.677000045776367,英鎊,匯豐環球投資基金-環球非投資等級債券 ACHGBP,yfinance,債券型,全球市場
B1uJsak,2017-08-02,10.678999900817871,英鎊,匯豐環球投資基金-環球非投資等級債券 ACHGBP,yfinance,債券型,全球市場
B1uJsak,2017-08-03,10.685999870300293,英鎊,匯豐環球投資基金-環球非投資等級債券 ACHGBP,yfinance,債券型,全球市場
B1uJsak,2017-08-04,10.682999610900879,英鎊,匯豐環球投資基金-環球非投資等級債券 ACHGBP,yfinance,債券型,全球市場
B1uJsak,2017-08-07,10.687000274658203,英鎊,匯豐環球投資基金-環球非投資等級債券 ACHGBP,yfinance,債券型,全球市場
B1uJsak,2017-08-08,10.722000122070312,英鎊,匯豐環球投資基金-環球非投資等級債券 ACHGBP,yfinance,債券型,全球市場
B1uJsak,2017-08-09,10.654999732971191,英鎊,匯豐環球投資基金-環球非投資等級債券 ACHGBP,yfinance,債券型,全球市場
B1uJsak,2017-08-10,10.628999710083008,英鎊,匯豐環球投資基金-環球非投資等級債券 ACHGBP,yfinance,債券型,全球市場
B1uJsak,2017-08-11,10.612000465393066,英鎊,匯豐環球投資基金-環球非投資等級債券 ACHGBP,yfinance,債券型,全球市場
B1uJsak,2017-08-14,10.628999710083008,英鎊,匯豐環球投資基金-環球非投資等級債券 ACHGBP,yfinance,債券型,全球市場
B1uJsak,2017-08-16,10.633999824523926,英鎊,匯豐環球投資基金-環球非投資等級債券 ACHGBP,yfinance,債券型,全球市場
B1uJsak,2017-08-17,10.633999824523926,英鎊,匯豐環球投資基金-環球非投資等級債券 ACHGBP,yfinance,債券型,全球市場
B1uJsak,2017-08-18,10.619999885559082,英鎊,匯豐環球投資基金-環球非投資等級債券 ACHGBP,yfinance,債券型,全球市場
B1uJsak,2017-08-21,10.62399959564209,英鎊,匯豐環球投資基金-環球非投資等級債券 ACHGBP,yfinance,債券型,全球市場
B1uJsak,2017-08-22,10.625,英鎊,匯豐環球投資基金-環球非投資等級債券 ACHGBP,yfinance,債券型,全球市場
B1uJsak,2017-08-23,10.625,英鎊,匯豐環球投資基金-環球非投資等級債券 ACHGBP,yfinance,債券型,全球市場
B1uJsak,2017-08-24,10.631999969482422,英鎊,匯豐環球投資基金-環球非投資等級債券 ACHGBP,yfinance,債券型,全球市場
B1uJsak,2017-08-25,10.640999794006348,英鎊,匯豐環球投資基金-環球非投資等級債券 ACHGBP,yfinance,債券型,全球市場
B1uJsak,2017-08-29,10.644000053405762,英鎊,匯豐環球投資基金-環球非投資等級債券 ACHGBP,yfinance,債券型,全球市場
B1uJsak,2017-08-30,10.652000427246094,英鎊,匯豐環球投資基金-環球非投資等級債券 ACHGBP,yfinance,債券型,全球市場
B1uJsak,2017-08-31,10.668000221252441,英鎊,匯豐環球投資基金-環球非投資等級債券 ACHGBP,yfinance,債券型,全球市場
B1uJsak,2017-09-01,10.677000045776367,英鎊,匯豐環球投資基金-環球非投資等級債券 ACHGBP,yfinance,債券型,全球市場
B1uJsak,2017-09-05,10.685999870300293,英鎊,匯豐環球投資基金-環球非投資等級債券 ACHGBP,yfinance,債券型,全球市場
B1uJsak,2017-09-06,10.687000274658203,英鎊,匯豐環球投資基金-環球非投資等級債券 ACHGBP,yfinance,債券型,全球市場
B1uJsak,2017-09-07,10.690999984741211,英鎊,匯豐環球投資基金-環球非投資等級債券 ACHGBP,yfinance,債券型,全球市場
B1uJsak,2017-09-08,10.690999984741211,英鎊,匯豐環球投資基金-環球非投資等級債券 ACHGBP,yfinance,債券型,全球市場
B1uJsak,2017-09-11,10.692999839782715,英鎊,匯豐環球投資基金-環球非投資等級債券 ACHGBP,yfinance,債券型,全球市場
B1uJsak,2017-09-12,10.696999549865723,英鎊,匯豐環球投資基金-環球非投資等級債券 ACHGBP,yfinance,債券型,全球市場
B1uJsak,2017-09-13,10.699000358581543,英鎊,匯豐環球投資基金-環球非投資等級債券 ACHGBP,yfinance,債券型,全球市場
B1uJsak,2017-09-14,10.746000289916992,英鎊,匯豐環球投資基金-環球非投資等級債券 ACHGBP,yfinance,債券型,全球市場
B1uJsak,2017-09-15,10.666999816894531,英鎊,匯豐環球投資基金-環球非投資等級債券 ACHGBP,yfinance,債券型,全球市場
B1uJsak,2017-09-18,10.718000411987305,英鎊,匯豐環球投資基金-環球非投資等級債券 ACHGBP,yfinance,債券型,全球市場
B1uJsak,2017-09-19,10.720999717712402,英鎊,匯豐環球投資基金-環球非投資等級債券 ACHGBP,yfinance,債券型,全球市場
B1uJsak,2017-09-20,10.765000343322754,英鎊,匯豐環球投資基金-環球非投資等級債券 ACHGBP,yfinance,債券型,全球市場
B1uJsak,2017-09-21,10.715999603271484,英鎊,匯豐環球投資基金-環球非投資等級債券 ACHGBP,yfinance,債券型,全球市場
B1uJsak,2017-09-22,10.718999862670898,英鎊,匯豐環球投資基金-環球非投資等級債券 ACHGBP,yfinance,債券型,全球市場
B1uJsak,2017-09-25,10.720999717712402,英鎊,匯豐環球投資基金-環球非投資等級債券 ACHGBP,yfinance,債券型,全球市場
B1uJsak,2017-09-26,10.725000381469727,英鎊,匯豐環球投資基金-環球非投資等級債券 ACHGBP,yfinance,債券型,全球市場
B1uJsak,2017-09-27,10.722999572753906,英鎊,匯豐環球投資基金-環球非投資等級債券 ACHGBP,yfinance,債券型,全球市場
B1uJsak,2017-09-28,10.725000381469727,英鎊,匯豐環球投資基金-環球非投資等級債券 ACHGBP,yfinance,債券型,全球市場
B1uJsak,2017-09-29,10.737000465393066,英鎊,匯豐環球投資基金-環球非投資等級債券 ACHGBP,yfinance,債券型,全球市場
B1uJsak,2017-10-02,10.743000030517578,英鎊,匯豐環球投資基金-環球非投資等級債券 ACHGBP,yfinance,債券型,全球市場
B1uJsak,2017-10-03,10.748000144958496,英鎊,匯豐環球投資基金-環球非投資等級債券 ACHGBP,yfinance,債券型,全球市場
B1uJsak,2017-10-04,10.75,英鎊,匯豐環球投資基金-環球非投資等級債券 ACHGBP,yfinance,債券型,全球市場
B1uJsak,2017-10-05,10.75,英鎊,匯豐環球投資基金-環球非投資等級債券 ACHGBP,yfinance,債券型,全球市場
B1uJsak,2017-10-06,10.751999855041504,英鎊,匯豐環球投資基金-環球非投資等級債券 ACHGBP,yfinance,債券型,全球市場
B1uJsak,2017-10-10,10.76200008392334,英鎊,匯豐環球投資基金-環球非投資等級債券 ACHGBP,yfinance,債券型,全球市場
B1uJsak,2017-10-11,10.765999794006348,英鎊,匯豐環球投資基金-環球非投資等級債券 ACHGBP,yfinance,債券型,全球市場
B1uJsak,2017-10-12,10.765000343322754,英鎊,匯豐環球投資基金-環球非投資等級債券 ACHGBP,yfinance,債券型,全球市場
B1uJsak,2017-10-13,10.763999938964844,英鎊,匯豐環球投資基金-環球非投資等級債券 ACHGBP,yfinance,債券型,全球市場
B1uJsak,2017-10-16,10.77299976348877,英鎊,匯豐環球投資基金-環球非投資等級債券 ACHGBP,yfinance,債券型,全球市場
B1uJsak,2017-10-17,10.777999877929688,英鎊,匯豐環球投資基金-環球非投資等級債券 ACHGBP,yfinance,債券型,全球市場
B1uJsak,2017-10-18,10.78600025177002,英鎊,匯豐環球投資基金-環球非投資等級債券 ACHGBP,yfinance,債券型,全球市場
B1uJsak,2017-10-19,10.789999961853027,英鎊,匯豐環球投資基金-環球非投資等級債券 ACHGBP,yfinance,債券型,全球市場
B1uJsak,2017-10-20,10.791999816894531,英鎊,匯豐環球投資基金-環球非投資等級債券 ACHGBP,yfinance,債券型,全球市場
B1uJsak,2017-10-23,10.79699993133545,英鎊,匯豐環球投資基金-環球非投資等級債券 ACHGBP,yfinance,債券型,全球市場
B1uJsak,2017-10-24,10.79699993133545,英鎊,匯豐環球投資基金-環球非投資等級債券 ACHGBP,yfinance,債券型,全球市場
B1uJsak,2017-10-25,10.788999557495117,英鎊,匯豐環球投資基金-環球非投資等級債券 ACHGBP,yfinance,債券型,全球市場
B1uJsak,2017-10-26,10.779999732971191,英鎊,匯豐環球投資基金-環球非投資等級債券 ACHGBP,yfinance,債券型,全球市場
B1uJsak,2017-10-27,10.779000282287598,英鎊,匯豐環球投資基金-環球非投資等級債券 ACHGBP,yfinance,債券型,全球市場
B1uJsak,2017-10-30,10.789999961853027,英鎊,匯豐環球投資基金-環球非投資等級債券 ACHGBP,yfinance,債券型,全球市場
B1uJsak,2017-10-31,10.791000366210938,英鎊,匯豐環球投資基金-環球非投資等級債券 ACHGBP,yfinance,債券型,全球市場
B1uJsak,2017-11-02,10.795000076293945,英鎊,匯豐環球投資基金-環球非投資等級債券 ACHGBP,yfinance,債券型,全球市場
B1uJsak,2017-11-03,10.793999671936035,英鎊,匯豐環球投資基金-環球非投資等級債券 ACHGBP,yfinance,債券型,全球市場
B1uJsak,2017-11-06,10.791000366210938,英鎊,匯豐環球投資基金-環球非投資等級債券 ACHGBP,yfinance,債券型,全球市場
B1uJsak,2017-11-07,10.78600025177002,英鎊,匯豐環球投資基金-環球非投資等級債券 ACHGBP,yfinance,債券型,全球市場
B1uJsak,2017-11-08,10.762999534606934,英鎊,匯豐環球投資基金-環球非投資等級債券 ACHGBP,yfinance,債券型,全球市場
B1uJsak,2017-11-09,10.737000465393066,英鎊,匯豐環球投資基金-環球非投資等級債券 ACHGBP,yfinance,債券型,全球市場
B1uJsak,2017-11-10,10.725000381469727,英鎊,匯豐環球投資基金-環球非投資等級債券 ACHGBP,yfinance,債券型,全球市場
B1uJsak,2017-11-13,10.723999977111816,英鎊,匯豐環球投資基金-環球非投資等級債券 ACHGBP,yfinance,債券型,全球市場
B1uJsak,2017-11-14,10.706999778747559,英鎊,匯豐環球投資基金-環球非投資等級債券 ACHGBP,yfinance,債券型,全球市場
B1uJsak,2017-11-15,10.633000373840332,英鎊,匯豐環球投資基金-環球非投資等級債券 ACHGBP,yfinance,債券型,全球市場
B1uJsak,2017-11-16,10.678000450134277,英鎊,匯豐環球投資基金-環球非投資等級債券 ACHGBP,yfinance,債券型,全球市場
B1uJsak,2017-11-17,10.732999801635742,英鎊,匯豐環球投資基金-環球非投資等級債券 ACHGBP,yfinance,債券型,全球市場
B1uJsak,2017-11-20,10.739999771118164,英鎊,匯豐環球投資基金-環球非投資等級債券 ACHGBP,yfinance,債券型,全球市場
B1uJsak,2017-11-21,10.751999855041504,英鎊,匯豐環球投資基金-環球非投資等級債券 ACHGBP,yfinance,債券型,全球市場
B1uJsak,2017-11-22,10.803000450134277,英鎊,匯豐環球投資基金-環球非投資等級債券 ACHGBP,yfinance,債券型,全球市場
B1uJsak,2017-11-24,10.767000198364258,英鎊,匯豐環球投資基金-環球非投資等級債券 ACHGBP,yfinance,債券型,全球市場
B1uJsak,2017-11-27,10.77400016784668,英鎊,匯豐環球投資基金-環球非投資等級債券 ACHGBP,yfinance,債券型,全球市場
B1uJsak,2017-11-28,10.77299976348877,英鎊,匯豐環球投資基金-環球非投資等級債券 ACHGBP,yfinance,債券型,全球市場
B1uJsak,2017-11-29,10.777999877929688,英鎊,匯豐環球投資基金-環球非投資等級債券 ACHGBP,yfinance,債券型,全球市場
B1uJsak,2017-11-30,10.770000457763672,英鎊,匯豐環球投資基金-環球非投資等級債券 ACHGBP,yfinance,債券型,全球市場
B1uJsak,2017-12-01,10.77400016784668,英鎊,匯豐環球投資基金-環球非投資等級債券 ACHGBP,yfinance,債券型,全球市場
B1uJsak,2017-12-04,10.77299976348877,英鎊,匯豐環球投資基金-環球非投資等級債券 ACHGBP,yfinance,債券型,全球市場
B1uJsak,2017-12-05,10.779000282287598,英鎊,匯豐環球投資基金-環球非投資等級債券 ACHGBP,yfinance,債券型,全球市場
B1uJsak,2017-12-06,10.774999618530273,英鎊,匯豐環球投資基金-環球非投資等級債券 ACHGBP,yfinance,債券型,全球市場
B1uJsak,2017-12-07,10.765000343322754,英鎊,匯豐環球投資基金-環球非投資等級債券 ACHGBP,yfinance,債券型,全球市場
B1uJsak,2017-12-08,10.767000198364258,英鎊,匯豐環球投資基金-環球非投資等級債券 ACHGBP,yfinance,債券型,全球市場
B1uJsak,2017-12-11,10.770999908447266,英鎊,匯豐環球投資基金-環球非投資等級債券 ACHGBP,yfinance,債券型,全球市場
B1uJsak,2017-12-12,10.777000427246094,英鎊,匯豐環球投資基金-環球非投資等級債券 ACHGBP,yfinance,債券型,全球市場
B1uJsak,2017-12-13,10.779000282287598,英鎊,匯豐環球投資基金-環球非投資等級債券 ACHGBP,yfinance,債券型,全球市場
B1uJsak,2017-12-14,10.777999877929688,英鎊,匯豐環球投資基金-環球非投資等級債券 ACHGBP,yfinance,債券型,全球市場
B1uJsak,2017-12-15,10.784000396728516,英鎊,匯豐環球投資基金-環球非投資等級債券 ACHGBP,yfinance,債券型,全球市場
B1uJsak,2017-12-18,10.788999557495117,英鎊,匯豐環球投資基金-環球非投資等級債券 ACHGBP,yfinance,債券型,全球市場
B1uJsak,2017-12-19,10.788999557495117,英鎊,匯豐環球投資基金-環球非投資等級債券 ACHGBP,yfinance,債券型,全球市場
B1uJsak,2017-12-20,10.737000465393066,英鎊,匯豐環球投資基金-環球非投資等級債券 ACHGBP,yfinance,債券型,全球市場
B1uJsak,2017-12-21,10.781000137329102,英鎊,匯豐環球投資基金-環球非投資等級債券 ACHGBP,yfinance,債券型,全球市場
B1uJsak,2017-12-22,10.784000396728516,英鎊,匯豐環球投資基金-環球非投資等級債券 ACHGBP,yfinance,債券型,全球市場
B1uJsak,2017-12-27,10.788999557495117,英鎊,匯豐環球投資基金-環球非投資等級債券 ACHGBP,yfinance,債券型,全球市場
B1uJsak,2017-12-28,10.781000137329102,英鎊,匯豐環球投資基金-環球非投資等級債券 ACHGBP,yfinance,債券型,全球市場
B1uJsak,2017-12-29,10.78600025177002,英鎊,匯豐環球投資基金-環球非投資等級債券 ACHGBP,yfinance,債券型,全球市場
B03627,2017-01-03,7.4683451652526855,英鎊,聯博-美國收益基金AA(穩定月配)英鎊避險級別,yfinance,未分類,美國
B03627,2017-01-04,7.485043525695801,英鎊,聯博-美國收益基金AA(穩定月配)英鎊避險級別,yfinance,未分類,美國
B03627,2017-01-05,7.512864589691162,英鎊,聯博-美國收益基金AA(穩定月配)英鎊避險級別,yfinance,未分類,美國
B03627,2017-01-06,7.507301330566406,英鎊,聯博-美國收益基金AA(穩定月配)英鎊避險級別,yfinance,未分類,美國
B03627,2017-01-09,7.518427848815918,英鎊,聯博-美國收益基金AA(穩定月配)英鎊避險級別,yfinance,未分類,美國
B03627,2017-01-10,7.518427848815918,英鎊,聯博-美國收益基金AA(穩定月配)英鎊避險級別,yfinance,未分類,美國
B03627,2017-01-11,7.518427848815918,英鎊,聯博-美國收益基金AA(穩定月配)英鎊避險級別,yfinance,未分類,美國
B03627,2017-01-12,7.523994445800781,英鎊,聯博-美國收益基金AA(穩定月配)英鎊避險級別,yfinance,未分類,美國
B03627,2017-01-13,7.523994445800781,英鎊,聯博-美國收益基金AA(穩定月配)英鎊避險級別,yfinance,未分類,美國
B03627,2017-01-17,7.540693759918213,英鎊,聯博-美國收益基金AA(穩定月配)英鎊避險級別,yfinance,未分類,美國
B03627,2017-01-18,7.523994445800781,英鎊,聯博-美國收益基金AA(穩定月配)英鎊避險級別,yfinance,未分類,美國
B03627,2017-01-19,7.5017313957214355,英鎊,聯博-美國收益基金AA(穩定月配)英鎊避險級別,yfinance,未分類,美國
B03627,2017-01-20,7.507301330566406,英鎊,聯博-美國收益基金AA(穩定月配)英鎊避險級別,yfinance,未分類,美國
B03627,2017-01-23,7.518427848815918,英鎊,聯博-美國收益基金AA(穩定月配)英鎊避險級別,yfinance,未分類,美國
B03627,2017-01-24,7.512864589691162,英鎊,聯博-美國收益基金AA(穩定月配)英鎊避險級別,yfinance,未分類,美國
B03627,2017-01-25,7.507301330566406,英鎊,聯博-美國收益基金AA(穩定月配)英鎊避險級別,yfinance,未分類,美國
B03627,2017-01-26,7.512864589691162,英鎊,聯博-美國收益基金AA(穩定月配)英鎊避險級別,yfinance,未分類,美國
B03627,2017-01-27,7.529561996459961,英鎊,聯博-美國收益基金AA(穩定月配)英鎊避險級別,yfinance,未分類,美國
B03627,2017-01-30,7.523994445800781,英鎊,聯博-美國收益基金AA(穩定月配)英鎊避險級別,yfinance,未分類,美國
B03627,2017-01-31,7.526232719421387,英鎊,聯博-美國收益基金AA(穩定月配)英鎊避險級別,yfinance,未分類,美國
B03627,2017-02-01,7.520640850067139,英鎊,聯博-美國收益基金AA(穩定月配)英鎊避險級別,yfinance,未分類,美國
B03627,2017-02-02,7.520640850067139,英鎊,聯博-美國收益基金AA(穩定月配)英鎊避險級別,yfinance,未分類,美國
B03627,2017-02-03,7.526232719421387,英鎊,聯博-美國收益基金AA(穩定月配)英鎊避險級別,yfinance,未分類,美國
B03627,2017-02-06,7.543008327484131,英鎊,聯博-美國收益基金AA(穩定月配)英鎊避險級別,yfinance,未分類,美國
B03627,2017-02-07,7.543008327484131,英鎊,聯博-美國收益基金AA(穩定月配)英鎊避險級別,yfinance,未分類,美國
B03627,2017-02-08,7.543008327484131,英鎊,聯博-美國收益基金AA(穩定月配)英鎊避險級別,yfinance,未分類,美國
B03627,2017-02-09,7.537416458129883,英鎊,聯博-美國收益基金AA(穩定月配)英鎊避險級別,yfinance,未分類,美國
B03627,2017-02-10,7.543008327484131,英鎊,聯博-美國收益基金AA(穩定月配)英鎊避險級別,yfinance,未分類,美國
B03627,2017-02-13,7.543008327484131,英鎊,聯博-美國收益基金AA(穩定月配)英鎊避險級別,yfinance,未分類,美國
B03627,2017-02-14,7.531826972961426,英鎊,聯博-美國收益基金AA(穩定月配)英鎊避險級別,yfinance,未分類,美國
B03627,2017-02-15,7.520640850067139,英鎊,聯博-美國收益基金AA(穩定月配)英鎊避險級別,yfinance,未分類,美國
B03627,2017-02-16,7.526232719421387,英鎊,聯博-美國收益基金AA(穩定月配)英鎊避險級別,yfinance,未分類,美國
B03627,2017-02-17,7.531826972961426,英鎊,聯博-美國收益基金AA(穩定月配)英鎊避險級別,yfinance,未分類,美國
B03627,2017-02-21,7.531826972961426,英鎊,聯博-美國收益基金AA(穩定月配)英鎊避險級別,yfinance,未分類,美國
B03627,2017-02-22,7.537416458129883,英鎊,聯博-美國收益基金AA(穩定月配)英鎊避險級別,yfinance,未分類,美國
B03627,2017-02-23,7.543008327484131,英鎊,聯博-美國收益基金AA(穩定月配)英鎊避險級別,yfinance,未分類,美國
B03627,2017-02-24,7.582151412963867,英鎊,聯博-美國收益基金AA(穩定月配)英鎊避險級別,yfinance,未分類,美國
B03627,2017-02-27,7.548600673675537,英鎊,聯博-美國收益基金AA(穩定月配)英鎊避險級別,yfinance,未分類,美國
B03627,2017-02-28,7.556461811065674,英鎊,聯博-美國收益基金AA(穩定月配)英鎊避險級別,yfinance,未分類,美國
B03627,2017-03-01,7.539610385894775,英鎊,聯博-美國收益基金AA(穩定月配)英鎊避險級別,yfinance,未分類,美國
B03627,2017-03-02,7.533992290496826,英鎊,聯博-美國收益基金AA(穩定月配)英鎊避險級別,yfinance,未分類,美國
B03627,2017-03-03,7.533992290496826,英鎊,聯博-美國收益基金AA(穩定月配)英鎊避險級別,yfinance,未分類,美國
B03627,2017-03-06,7.528377056121826,英鎊,聯博-美國收益基金AA(穩定月配)英鎊避險級別,yfinance,未分類,美國
B03627,2017-03-07,7.517138481140137,英鎊,聯博-美國收益基金AA(穩定月配)英鎊避險級別,yfinance,未分類,美國
B03627,2017-03-08,7.522754192352295,英鎊,聯博-美國收益基金AA(穩定月配)英鎊避險級別,yfinance,未分類,美國
B03627,2017-03-09,7.4665751457214355,英鎊,聯博-美國收益基金AA(穩定月配)英鎊避險級別,yfinance,未分類,美國
B03627,2017-03-10,7.4665751457214355,英鎊,聯博-美國收益基金AA(穩定月配)英鎊避險級別,yfinance,未分類,美國
B03627,2017-03-13,7.4665751457214355,英鎊,聯博-美國收益基金AA(穩定月配)英鎊避險級別,yfinance,未分類,美國
B03627,2017-03-14,7.455337047576904,英鎊,聯博-美國收益基金AA(穩定月配)英鎊避險級別,yfinance,未分類,美國
B03627,2017-03-15,7.483428478240967,英鎊,聯博-美國收益基金AA(穩定月配)英鎊避險級別,yfinance,未分類,美國
B03627,2017-03-16,7.49466609954834,英鎊,聯博-美國收益基金AA(穩定月配)英鎊避險級別,yfinance,未分類,美國
B03627,2017-03-17,7.505904197692871,英鎊,聯博-美國收益基金AA(穩定月配)英鎊避險級別,yfinance,未分類,美國
B03627,2017-03-20,7.505904197692871,英鎊,聯博-美國收益基金AA(穩定月配)英鎊避險級別,yfinance,未分類,美國
B03627,2017-03-21,7.511517524719238,英鎊,聯博-美國收益基金AA(穩定月配)英鎊避險級別,yfinance,未分類,美國
B03627,2017-03-22,7.511517524719238,英鎊,聯博-美國收益基金AA(穩定月配)英鎊避險級別,yfinance,未分類,美國
B03627,2017-03-23,7.511517524719238,英鎊,聯博-美國收益基金AA(穩定月配)英鎊避險級別,yfinance,未分類,美國
B03627,2017-03-24,7.522754192352295,英鎊,聯博-美國收益基金AA(穩定月配)英鎊避險級別,yfinance,未分類,美國
B03627,2017-03-27,7.550841808319092,英鎊,聯博-美國收益基金AA(穩定月配)英鎊避險級別,yfinance,未分類,美國
B03627,2017-03-28,7.528377056121826,英鎊,聯博-美國收益基金AA(穩定月配)英鎊避險級別,yfinance,未分類,美國
B03627,2017-03-29,7.545231819152832,英鎊,聯博-美國收益基金AA(穩定月配)英鎊避險級別,yfinance,未分類,美國
B03627,2017-03-30,7.550841808319092,英鎊,聯博-美國收益基金AA(穩定月配)英鎊避險級別,yfinance,未分類,美國
B03627,2017-03-31,7.5587477684021,英鎊,聯博-美國收益基金AA(穩定月配)英鎊避險級別,yfinance,未分類,美國
B03627,2017-04-03,7.570036888122559,英鎊,聯博-美國收益基金AA(穩定月配)英鎊避險級別,yfinance,未分類,美國
B03627,2017-04-04,7.570036888122559,英鎊,聯博-美國收益基金AA(穩定月配)英鎊避險級別,yfinance,未分類,美國
B03627,2017-04-05,7.575683116912842,英鎊,聯博-美國收益基金AA(穩定月配)英鎊避險級別,yfinance,未分類,美國
B03627,2017-04-06,7.575683116912842,英鎊,聯博-美國收益基金AA(穩定月配)英鎊避險級別,yfinance,未分類,美國
B03627,2017-04-07,7.570036888122559,英鎊,聯博-美國收益基金AA(穩定月配)英鎊避險級別,yfinance,未分類,美國
B03627,2017-04-10,7.575683116912842,英鎊,聯博-美國收益基金AA(穩定月配)英鎊避險級別,yfinance,未分類,美國
B03627,2017-04-11,7.620845317840576,英鎊,聯博-美國收益基金AA(穩定月配)英鎊避險級別,yfinance,未分類,美國
B03627,2017-04-12,7.586972236633301,英鎊,聯博-美國收益基金AA(穩定月配)英鎊避險級別,yfinance,未分類,美國
B03627,2017-04-13,7.637783050537109,英鎊,聯博-美國收益基金AA(穩定月配)英鎊避險級別,yfinance,未分類,美國
B03627,2017-04-18,7.626492977142334,英鎊,聯博-美國收益基金AA(穩定月配)英鎊避險級別,yfinance,未分類,美國
B03627,2017-04-19,7.626492977142334,英鎊,聯博-美國收益基金AA(穩定月配)英鎊避險級別,yfinance,未分類,美國
B03627,2017-04-20,7.620845317840576,英鎊,聯博-美國收益基金AA(穩定月配)英鎊避險級別,yfinance,未分類,美國
B03627,2017-04-21,7.632136344909668,英鎊,聯博-美國收益基金AA(穩定月配)英鎊避險級別,yfinance,未分類,美國
B03627,2017-04-24,7.637783050537109,英鎊,聯博-美國收益基金AA(穩定月配)英鎊避險級別,yfinance,未分類,美國
B03627,2017-04-25,7.660358905792236,英鎊,聯博-美國收益基金AA(穩定月配)英鎊避險級別,yfinance,未分類,美國
B03627,2017-04-26,7.643426418304443,英鎊,聯博-美國收益基金AA(穩定月配)英鎊避險級別,yfinance,未分類,美國
B03627,2017-04-27,7.671649932861328,英鎊,聯博-美國收益基金AA(穩定月配)英鎊避險級別,yfinance,未分類,美國
B03627,2017-04-28,7.6552605628967285,英鎊,聯博-美國收益基金AA(穩定月配)英鎊避險級別,yfinance,未分類,美國
B03627,2017-05-02,7.6609320640563965,英鎊,聯博-美國收益基金AA(穩定月配)英鎊避險級別,yfinance,未分類,美國
B03627,2017-05-03,7.6552605628967285,英鎊,聯博-美國收益基金AA(穩定月配)英鎊避險級別,yfinance,未分類,美國
B03627,2017-05-04,7.6382527351379395,英鎊,聯博-美國收益基金AA(穩定月配)英鎊避險級別,yfinance,未分類,美國
B03627,2017-05-05,7.6382527351379395,英鎊,聯博-美國收益基金AA(穩定月配)英鎊避險級別,yfinance,未分類,美國
B03627,2017-05-08,7.6325812339782715,英鎊,聯博-美國收益基金AA(穩定月配)英鎊避險級別,yfinance,未分類,美國
B03627,2017-05-09,7.626911640167236,英鎊,聯博-美國收益基金AA(穩定月配)英鎊避險級別,yfinance,未分類,美國
B03627,2017-05-10,7.6552605628967285,英鎊,聯博-美國收益基金AA(穩定月配)英鎊避險級別,yfinance,未分類,美國
B03627,2017-05-11,7.6325812339782715,英鎊,聯博-美國收益基金AA(穩定月配)英鎊避險級別,yfinance,未分類,美國
B03627,2017-05-12,7.6439208984375,英鎊,聯博-美國收益基金AA(穩定月配)英鎊避險級別,yfinance,未分類,美國
B03627,2017-05-15,7.6439208984375,英鎊,聯博-美國收益基金AA(穩定月配)英鎊避險級別,yfinance,未分類,美國
B03627,2017-05-16,7.6552605628967285,英鎊,聯博-美國收益基金AA(穩定月配)英鎊避險級別,yfinance,未分類,美國
B03627,2017-05-17,7.666604518890381,英鎊,聯博-美國收益基金AA(穩定月配)英鎊避險級別,yfinance,未分類,美國
B03627,2017-05-18,7.649591445922852,英鎊,聯博-美國收益基金AA(穩定月配)英鎊避險級別,yfinance,未分類,美國
B03627,2017-05-19,7.6609320640563965,英鎊,聯博-美國收益基金AA(穩定月配)英鎊避險級別,yfinance,未分類,美國
B03627,2017-05-22,7.666604518890381,英鎊,聯博-美國收益基金AA(穩定月配)英鎊避險級別,yfinance,未分類,美國
B03627,2017-05-23,7.6609320640563965,英鎊,聯博-美國收益基金AA(穩定月配)英鎊避險級別,yfinance,未分類,美國
B03627,2017-05-24,7.666604518890381,英鎊,聯博-美國收益基金AA(穩定月配)英鎊避險級別,yfinance,未分類,美國
B03627,2017-05-26,7.683613300323486,英鎊,聯博-美國收益基金AA(穩定月配)英鎊避險級別,yfinance,未分類,美國
B03627,2017-05-30,7.717637538909912,英鎊,聯博-美國收益基金AA(穩定月配)英鎊避險級別,yfinance,未分類,美國
B03627,2017-05-31,7.684087753295898,英鎊,聯博-美國收益基金AA(穩定月配)英鎊避險級別,yfinance,未分類,美國
B03627,2017-06-01,7.701178550720215,英鎊,聯博-美國收益基金AA(穩定月配)英鎊避險級別,yfinance,未分類,美國
B03627,2017-06-02,7.718263149261475,英鎊,聯博-美國收益基金AA(穩定月配)英鎊避險級別,yfinance,未分類,美國
B03627,2017-06-06,7.718263149261475,英鎊,聯博-美國收益基金AA(穩定月配)英鎊避險級別,yfinance,未分類,美國
B03627,2017-06-07,7.712569713592529,英鎊,聯博-美國收益基金AA(穩定月配)英鎊避險級別,yfinance,未分類,美國
B03627,2017-06-08,7.7296624183654785,英鎊,聯博-美國收益基金AA(穩定月配)英鎊避險級別,yfinance,未分類,美國
B03627,2017-06-09,7.701178550720215,英鎊,聯博-美國收益基金AA(穩定月配)英鎊避險級別,yfinance,未分類,美國
B03627,2017-06-12,7.695480823516846,英鎊,聯博-美國收益基金AA(穩定月配)英鎊避險級別,yfinance,未分類,美國
B03627,2017-06-13,7.701178550720215,英鎊,聯博-美國收益基金AA(穩定月配)英鎊避險級別,yfinance,未分類,美國
B03627,2017-06-14,7.712569713592529,英鎊,聯博-美國收益基金AA(穩定月配)英鎊避險級別,yfinance,未分類,美國
B03627,2017-06-15,7.7296624183654785,英鎊,聯博-美國收益基金AA(穩定月配)英鎊避險級別,yfinance,未分類,美國
B03627,2017-06-16,7.706872940063477,英鎊,聯博-美國收益基金AA(穩定月配)英鎊避險級別,yfinance,未分類,美國
B03627,2017-06-19,7.695480823516846,英鎊,聯博-美國收益基金AA(穩定月配)英鎊避險級別,yfinance,未分類,美國
B03627,2017-06-20,7.701178550720215,英鎊,聯博-美國收益基金AA(穩定月配)英鎊避險級別,yfinance,未分類,美國
B03627,2017-06-21,7.689785957336426,英鎊,聯博-美國收益基金AA(穩定月配)英鎊避險級別,yfinance,未分類,美國
B03627,2017-06-22,7.701178550720215,英鎊,聯博-美國收益基金AA(穩定月配)英鎊避險級別,yfinance,未分類,美國
B03627,2017-06-26,7.735358715057373,英鎊,聯博-美國收益基金AA(穩定月配)英鎊避險級別,yfinance,未分類,美國
B03627,2017-06-27,7.695480823516846,英鎊,聯博-美國收益基金AA(穩定月配)英鎊避險級別,yfinance,未分類,美國
B03627,2017-06-28,7.695480823516846,英鎊,聯博-美國收益基金AA(穩定月配)英鎊避險級別,yfinance,未分類,美國
B03627,2017-06-29,7.684087753295898,英鎊,聯博-美國收益基金AA(穩定月配)英鎊避險級別,yfinance,未分類,美國
B03627,2017-06-30,7.701887607574463,英鎊,聯博-美國收益基金AA(穩定月配)英鎊避險級別,yfinance,未分類,美國
B03627,2017-07-03,7.6675496101379395,英鎊,聯博-美國收益基金AA(穩定月配)英鎊避險級別,yfinance,未分類,美國
B03627,2017-07-05,7.6675496101379395,英鎊,聯博-美國收益基金AA(穩定月配)英鎊避險級別,yfinance,未分類,美國
B03627,2017-07-06,7.650384902954102,英鎊,聯博-美國收益基金AA(穩定月配)英鎊避險級別,yfinance,未分類,美國
B03627,2017-07-07,7.644663333892822,英鎊,聯博-美國收益基金AA(穩定月配)英鎊避險級別,yfinance,未分類,美國
B03627,2017-07-10,7.650384902954102,英鎊,聯博-美國收益基金AA(穩定月配)英鎊避險級別,yfinance,未分類,美國
B03627,2017-07-11,7.661830425262451,英鎊,聯博-美國收益基金AA(穩定月配)英鎊避險級別,yfinance,未分類,美國
B03627,2017-07-12,7.6789960861206055,英鎊,聯博-美國收益基金AA(穩定月配)英鎊避險級別,yfinance,未分類,美國
B03627,2017-07-13,7.6789960861206055,英鎊,聯博-美國收益基金AA(穩定月配)英鎊避險級別,yfinance,未分類,美國
B03627,2017-07-14,7.6904377937316895,英鎊,聯博-美國收益基金AA(穩定月配)英鎊避險級別,yfinance,未分類,美國
B03627,2017-07-17,7.6961669921875,英鎊,聯博-美國收益基金AA(穩定月配)英鎊避險級別,yfinance,未分類,美國
B03627,2017-07-18,7.713327407836914,英鎊,聯博-美國收益基金AA(穩定月配)英鎊避險級別,yfinance,未分類,美國
B03627,2017-07-19,7.713327407836914,英鎊,聯博-美國收益基金AA(穩定月配)英鎊避險級別,yfinance,未分類,美國
B03627,2017-07-20,7.719053268432617,英鎊,聯博-美國收益基金AA(穩定月配)英鎊避險級別,yfinance,未分類,美國
B03627,2017-07-21,7.730493545532227,英鎊,聯博-美國收益基金AA(穩定月配)英鎊避險級別,yfinance,未分類,美國
B03627,2017-07-24,7.72477388381958,英鎊,聯博-美國收益基金AA(穩定月配)英鎊避險級別,yfinance,未分類,美國
B03627,2017-07-25,7.707606792449951,英鎊,聯博-美國收益基金AA(穩定月配)英鎊避險級別,yfinance,未分類,美國
B03627,2017-07-26,7.72477388381958,英鎊,聯博-美國收益基金AA(穩定月配)英鎊避險級別,yfinance,未分類,美國
B03627,2017-07-27,7.719053268432617,英鎊,聯博-美國收益基金AA(穩定月配)英鎊避險級別,yfinance,未分類,美國
B03627,2017-07-28,7.72477388381958,英鎊,聯博-美國收益基金AA(穩定月配)英鎊避險級別,yfinance,未分類,美國
B03627,2017-07-31,7.725403308868408,英鎊,聯博-美國收益基金AA(穩定月配)英鎊避險級別,yfinance,未分類,美國
B03627,2017-08-01,7.736905574798584,英鎊,聯博-美國收益基金AA(穩定月配)英鎊避險級別,yfinance,未分類,美國
B03627,2017-08-02,7.736905574798584,英鎊,聯博-美國收益基金AA(穩定月配)英鎊避險級別,yfinance,未分類,美國
B03627,2017-08-03,7.742648124694824,英鎊,聯博-美國收益基金AA(穩定月配)英鎊避險級別,yfinance,未分類,美國
B03627,2017-08-04,7.731155872344971,英鎊,聯博-美國收益基金AA(穩定月配)英鎊避險級別,yfinance,未分類,美國
B03627,2017-08-07,7.736905574798584,英鎊,聯博-美國收益基金AA(穩定月配)英鎊避險級別,yfinance,未分類,美國
B03627,2017-08-08,7.725403308868408,英鎊,聯博-美國收益基金AA(穩定月配)英鎊避險級別,yfinance,未分類,美國
B03627,2017-08-09,7.725403308868408,英鎊,聯博-美國收益基金AA(穩定月配)英鎊避險級別,yfinance,未分類,美國
B03627,2017-08-10,7.713909149169922,英鎊,聯博-美國收益基金AA(穩定月配)英鎊避險級別,yfinance,未分類,美國
B03627,2017-08-11,7.719657897949219,英鎊,聯博-美國收益基金AA(穩定月配)英鎊避險級別,yfinance,未分類,美國
B03627,2017-08-14,7.719657897949219,英鎊,聯博-美國收益基金AA(穩定月配)英鎊避險級別,yfinance,未分類,美國
B03627,2017-08-16,7.74839448928833,英鎊,聯博-美國收益基金AA(穩定月配)英鎊避險級別,yfinance,未分類,美國
B03627,2017-08-17,7.74839448928833,英鎊,聯博-美國收益基金AA(穩定月配)英鎊避險級別,yfinance,未分類,美國
B03627,2017-08-18,7.719657897949219,英鎊,聯博-美國收益基金AA(穩定月配)英鎊避險級別,yfinance,未分類,美國
B03627,2017-08-21,7.719657897949219,英鎊,聯博-美國收益基金AA(穩定月配)英鎊避險級別,yfinance,未分類,美國
B03627,2017-08-22,7.713909149169922,英鎊,聯博-美國收益基金AA(穩定月配)英鎊避險級別,yfinance,未分類,美國
B03627,2017-08-23,7.725403308868408,英鎊,聯博-美國收益基金AA(穩定月配)英鎊避險級別,yfinance,未分類,美國
B03627,2017-08-24,7.719657897949219,英鎊,聯博-美國收益基金AA(穩定月配)英鎊避險級別,yfinance,未分類,美國
B03627,2017-08-25,7.731155872344971,英鎊,聯博-美國收益基金AA(穩定月配)英鎊避險級別,yfinance,未分類,美國
B03627,2017-08-29,7.765641689300537,英鎊,聯博-美國收益基金AA(穩定月配)英鎊避險級別,yfinance,未分類,美國
B03627,2017-08-30,7.742648124694824,英鎊,聯博-美國收益基金AA(穩定月配)英鎊避險級別,yfinance,未分類,美國
B03627,2017-08-31,7.775670051574707,英鎊,聯博-美國收益基金AA(穩定月配)英鎊避險級別,yfinance,未分類,美國
B03627,2017-09-01,7.7468061447143555,英鎊,聯博-美國收益基金AA(穩定月配)英鎊避險級別,yfinance,未分類,美國
B03627,2017-09-05,7.787213325500488,英鎊,聯博-美國收益基金AA(穩定月配)英鎊避險級別,yfinance,未分類,美國
B03627,2017-09-06,7.752577781677246,英鎊,聯博-美國收益基金AA(穩定月配)英鎊避險級別,yfinance,未分類,美國
B03627,2017-09-07,7.758352279663086,英鎊,聯博-美國收益基金AA(穩定月配)英鎊避險級別,yfinance,未分類,美國
B03627,2017-09-08,7.758352279663086,英鎊,聯博-美國收益基金AA(穩定月配)英鎊避險級別,yfinance,未分類,美國
B03627,2017-09-11,7.752577781677246,英鎊,聯博-美國收益基金AA(穩定月配)英鎊避險級別,yfinance,未分類,美國
B03627,2017-09-12,7.741032123565674,英鎊,聯博-美國收益基金AA(穩定月配)英鎊避險級別,yfinance,未分類,美國
B03627,2017-09-13,7.735257148742676,英鎊,聯博-美國收益基金AA(穩定月配)英鎊避險級別,yfinance,未分類,美國
B03627,2017-09-14,7.758352279663086,英鎊,聯博-美國收益基金AA(穩定月配)英鎊避險級別,yfinance,未分類,美國
B03627,2017-09-15,7.729488372802734,英鎊,聯博-美國收益基金AA(穩定月配)英鎊避險級別,yfinance,未分類,美國
B03627,2017-09-18,7.723714828491211,英鎊,聯博-美國收益基金AA(穩定月配)英鎊避險級別,yfinance,未分類,美國
B03627,2017-09-19,7.717940330505371,英鎊,聯博-美國收益基金AA(穩定月配)英鎊避險級別,yfinance,未分類,美國
B03627,2017-09-20,7.712169647216797,英鎊,聯博-美國收益基金AA(穩定月配)英鎊避險級別,yfinance,未分類,美國
B03627,2017-09-21,7.7063984870910645,英鎊,聯博-美國收益基金AA(穩定月配)英鎊避險級別,yfinance,未分類,美國
B03627,2017-09-22,7.717940330505371,英鎊,聯博-美國收益基金AA(穩定月配)英鎊避險級別,yfinance,未分類,美國
B03627,2017-09-25,7.723714828491211,英鎊,聯博-美國收益基金AA(穩定月配)英鎊避險級別,yfinance,未分類,美國
B03627,2017-09-26,7.752577781677246,英鎊,聯博-美國收益基金AA(穩定月配)英鎊避險級別,yfinance,未分類,美國
B03627,2017-09-27,7.712169647216797,英鎊,聯博-美國收益基金AA(穩定月配)英鎊避險級別,yfinance,未分類,美國
B03627,2017-09-28,7.712169647216797,英鎊,聯博-美國收益基金AA(穩定月配)英鎊避險級別,yfinance,未分類,美國
B03627,2017-09-29,7.716342926025391,英鎊,聯博-美國收益基金AA(穩定月配)英鎊避險級別,yfinance,未分類,美國
B03627,2017-10-02,7.710545063018799,英鎊,聯博-美國收益基金AA(穩定月配)英鎊避險級別,yfinance,未分類,美國
B03627,2017-10-03,7.716342926025391,英鎊,聯博-美國收益基金AA(穩定月配)英鎊避險級別,yfinance,未分類,美國
B03627,2017-10-04,7.722141742706299,英鎊,聯博-美國收益基金AA(穩定月配)英鎊避險級別,yfinance,未分類,美國
B03627,2017-10-05,7.722141742706299,英鎊,聯博-美國收益基金AA(穩定月配)英鎊避險級別,yfinance,未分類,美國
B03627,2017-10-06,7.716342926025391,英鎊,聯博-美國收益基金AA(穩定月配)英鎊避險級別,yfinance,未分類,美國
B03627,2017-10-09,7.716342926025391,英鎊,聯博-美國收益基金AA(穩定月配)英鎊避險級別,yfinance,未分類,美國
B03627,2017-10-10,7.722141742706299,英鎊,聯博-美國收益基金AA(穩定月配)英鎊避險級別,yfinance,未分類,美國
B03627,2017-10-11,7.751127243041992,英鎊,聯博-美國收益基金AA(穩定月配)英鎊避險級別,yfinance,未分類,美國
B03627,2017-10-12,7.727943420410156,英鎊,聯博-美國收益基金AA(穩定月配)英鎊避險級別,yfinance,未分類,美國
B03627,2017-10-13,7.739532947540283,英鎊,聯博-美國收益基金AA(穩定月配)英鎊避險級別,yfinance,未分類,美國
B03627,2017-10-16,7.733738422393799,英鎊,聯博-美國收益基金AA(穩定月配)英鎊避險級別,yfinance,未分類,美國
B03627,2017-10-17,7.733738422393799,英鎊,聯博-美國收益基金AA(穩定月配)英鎊避險級別,yfinance,未分類,美國
B03627,2017-10-18,7.727943420410156,英鎊,聯博-美國收益基金AA(穩定月配)英鎊避險級別,yfinance,未分類,美國
B03627,2017-10-19,7.733738422393799,英鎊,聯博-美國收益基金AA(穩定月配)英鎊避險級別,yfinance,未分類,美國
B03627,2017-10-20,7.722141742706299,英鎊,聯博-美國收益基金AA(穩定月配)英鎊避險級別,yfinance,未分類,美國
B03627,2017-10-23,7.722141742706299,英鎊,聯博-美國收益基金AA(穩定月配)英鎊避險級別,yfinance,未分類,美國
B03627,2017-10-24,7.739532947540283,英鎊,聯博-美國收益基金AA(穩定月配)英鎊避險級別,yfinance,未分類,美國
B03627,2017-10-25,7.704748630523682,英鎊,聯博-美國收益基金AA(穩定月配)英鎊避險級別,yfinance,未分類,美國
B03627,2017-10-26,7.6931562423706055,英鎊,聯博-美國收益基金AA(穩定月配)英鎊避險級別,yfinance,未分類,美國
B03627,2017-10-27,7.727943420410156,英鎊,聯博-美國收益基金AA(穩定月配)英鎊避險級別,yfinance,未分類,美國
B03627,2017-10-30,7.716342926025391,英鎊,聯博-美國收益基金AA(穩定月配)英鎊避險級別,yfinance,未分類,美國
B03627,2017-10-31,7.7205376625061035,英鎊,聯博-美國收益基金AA(穩定月配)英鎊避險級別,yfinance,未分類,美國
B03627,2017-11-02,7.726363182067871,英鎊,聯博-美國收益基金AA(穩定月配)英鎊避險級別,yfinance,未分類,美國
B03627,2017-11-03,7.726363182067871,英鎊,聯博-美國收益基金AA(穩定月配)英鎊避險級別,yfinance,未分類,美國
B03627,2017-11-06,7.726363182067871,英鎊,聯博-美國收益基金AA(穩定月配)英鎊避險級別,yfinance,未分類,美國
B03627,2017-11-07,7.7205376625061035,英鎊,聯博-美國收益基金AA(穩定月配)英鎊避險級別,yfinance,未分類,美國
B03627,2017-11-08,7.708889484405518,英鎊,聯博-美國收益基金AA(穩定月配)英鎊避險級別,yfinance,未分類,美國
B03627,2017-11-09,7.697248458862305,英鎊,聯博-美國收益基金AA(穩定月配)英鎊避險級別,yfinance,未分類,美國
B03627,2017-11-10,7.685600280761719,英鎊,聯博-美國收益基金AA(穩定月配)英鎊避險級別,yfinance,未分類,美國
B03627,2017-11-13,7.679782390594482,英鎊,聯博-美國收益基金AA(穩定月配)英鎊避險級別,yfinance,未分類,美國
B03627,2017-11-14,7.679782390594482,英鎊,聯博-美國收益基金AA(穩定月配)英鎊避險級別,yfinance,未分類,美國
B03627,2017-11-15,7.679782390594482,英鎊,聯博-美國收益基金AA(穩定月配)英鎊避險級別,yfinance,未分類,美國
B03627,2017-11-16,7.685600280761719,英鎊,聯博-美國收益基金AA(穩定月配)英鎊避險級別,yfinance,未分類,美國
B03627,2017-11-17,7.7205376625061035,英鎊,聯博-美國收益基金AA(穩定月配)英鎊避險級別,yfinance,未分類,美國
B03627,2017-11-20,7.691425323486328,英鎊,聯博-美國收益基金AA(穩定月配)英鎊避險級別,yfinance,未分類,美國
B03627,2017-11-21,7.697248458862305,英鎊,聯博-美國收益基金AA(穩定月配)英鎊避險級別,yfinance,未分類,美國
B03627,2017-11-22,7.714717388153076,英鎊,聯博-美國收益基金AA(穩定月配)英鎊避險級別,yfinance,未分類,美國
B03627,2017-11-24,7.714717388153076,英鎊,聯博-美國收益基金AA(穩定月配)英鎊避險級別,yfinance,未分類,美國
B03627,2017-11-27,7.7205376625061035,英鎊,聯博-美國收益基金AA(穩定月配)英鎊避險級別,yfinance,未分類,美國
B03627,2017-11-28,7.7205376625061035,英鎊,聯博-美國收益基金AA(穩定月配)英鎊避險級別,yfinance,未分類,美國
B03627,2017-11-29,7.708889484405518,英鎊,聯博-美國收益基金AA(穩定月配)英鎊避險級別,yfinance,未分類,美國
B03627,2017-11-30,7.701407432556152,英鎊,聯博-美國收益基金AA(穩定月配)英鎊避險級別,yfinance,未分類,美國
B03627,2017-12-01,7.713105201721191,英鎊,聯博-美國收益基金AA(穩定月配)英鎊避險級別,yfinance,未分類,美國
B03627,2017-12-04,7.713105201721191,英鎊,聯博-美國收益基金AA(穩定月配)英鎊避險級別,yfinance,未分類,美國
B03627,2017-12-05,7.718947887420654,英鎊,聯博-美國收益基金AA(穩定月配)英鎊避險級別,yfinance,未分類,美國
B03627,2017-12-06,7.748190402984619,英鎊,聯博-美國收益基金AA(穩定月配)英鎊避險級別,yfinance,未分類,美國
B03627,2017-12-07,7.713105201721191,英鎊,聯博-美國收益基金AA(穩定月配)英鎊避險級別,yfinance,未分類,美國
B03627,2017-12-08,7.718947887420654,英鎊,聯博-美國收益基金AA(穩定月配)英鎊避險級別,yfinance,未分類,美國
B03627,2017-12-11,7.713105201721191,英鎊,聯博-美國收益基金AA(穩定月配)英鎊避險級別,yfinance,未分類,美國
B03627,2017-12-12,7.748190402984619,英鎊,聯博-美國收益基金AA(穩定月配)英鎊避險級別,yfinance,未分類,美國
B03627,2017-12-13,7.73649263381958,英鎊,聯博-美國收益基金AA(穩定月配)英鎊避險級別,yfinance,未分類,美國
B03627,2017-12-14,7.73649263381958,英鎊,聯博-美國收益基金AA(穩定月配)英鎊避險級別,yfinance,未分類,美國
B03627,2017-12-15,7.73649263381958,英鎊,聯博-美國收益基金AA(穩定月配)英鎊避險級別,yfinance,未分類,美國
B03627,2017-12-18,7.730647563934326,英鎊,聯博-美國收益基金AA(穩定月配)英鎊避險級別,yfinance,未分類,美國
B03627,2017-12-19,7.713105201721191,英鎊,聯博-美國收益基金AA(穩定月配)英鎊避險級別,yfinance,未分類,美國
B03627,2017-12-20,7.707253456115723,英鎊,聯博-美國收益基金AA(穩定月配)英鎊避險級別,yfinance,未分類,美國
B03627,2017-12-21,7.713105201721191,英鎊,聯博-美國收益基金AA(穩定月配)英鎊避險級別,yfinance,未分類,美國
B03627,2017-12-22,7.713105201721191,英鎊,聯博-美國收益基金AA(穩定月配)英鎊避險級別,yfinance,未分類,美國
B03627,2017-12-27,7.724795818328857,英鎊,聯博-美國收益基金AA(穩定月配)英鎊避險級別,yfinance,未分類,美國
B03627,2017-12-28,7.713105201721191,英鎊,聯博-美國收益基金AA(穩定月配)英鎊避險級別,yfinance,未分類,美國
B03627,2017-12-29,7.717330455780029,英鎊,聯博-美國收益基金AA(穩定月配)英鎊避險級別,yfinance,未分類,美國
B23092,2017-01-03,4.440000057220459,英鎊,施羅德環球基金系列－英國股票(英鎊)A1-累積,yfinance,股票型,英國
B23092,2017-01-04,4.432600021362305,英鎊,施羅德環球基金系列－英國股票(英鎊)A1-累積,yfinance,股票型,英國
B23092,2017-01-05,4.450300216674805,英鎊,施羅德環球基金系列－英國股票(英鎊)A1-累積,yfinance,股票型,英國
B23092,2017-01-06,4.45959997177124,英鎊,施羅德環球基金系列－英國股票(英鎊)A1-累積,yfinance,股票型,英國
B23092,2017-01-09,4.46120023727417,英鎊,施羅德環球基金系列－英國股票(英鎊)A1-累積,yfinance,股票型,英國
B23092,2017-01-10,4.481400012969971,英鎊,施羅德環球基金系列－英國股票(英鎊)A1-累積,yfinance,股票型,英國
B23092,2017-01-11,4.489299774169922,英鎊,施羅德環球基金系列－英國股票(英鎊)A1-累積,yfinance,股票型,英國
B23092,2017-01-12,4.483099937438965,英鎊,施羅德環球基金系列－英國股票(英鎊)A1-累積,yfinance,股票型,英國
B23092,2017-01-13,4.498899936676025,英鎊,施羅德環球基金系列－英國股票(英鎊)A1-累積,yfinance,股票型,英國
B23092,2017-01-16,4.489299774169922,英鎊,施羅德環球基金系列－英國股票(英鎊)A1-累積,yfinance,股票型,英國
B23092,2017-01-17,4.4704999923706055,英鎊,施羅德環球基金系列－英國股票(英鎊)A1-累積,yfinance,股票型,英國
B23092,2017-01-18,4.426000118255615,英鎊,施羅德環球基金系列－英國股票(英鎊)A1-累積,yfinance,股票型,英國
B23092,2017-01-19,4.433300018310547,英鎊,施羅德環球基金系列－英國股票(英鎊)A1-累積,yfinance,股票型,英國
B23092,2017-01-20,4.429999828338623,英鎊,施羅德環球基金系列－英國股票(英鎊)A1-累積,yfinance,股票型,英國
B23092,2017-01-23,4.393199920654297,英鎊,施羅德環球基金系列－英國股票(英鎊)A1-累積,yfinance,股票型,英國
B23092,2017-01-24,4.380899906158447,英鎊,施羅德環球基金系列－英國股票(英鎊)A1-累積,yfinance,股票型,英國
B23092,2017-01-25,4.413700103759766,英鎊,施羅德環球基金系列－英國股票(英鎊)A1-累積,yfinance,股票型,英國
B23092,2017-01-26,4.420499801635742,英鎊,施羅德環球基金系列－英國股票(英鎊)A1-累積,yfinance,股票型,英國
B23092,2017-01-27,4.429100036621094,英鎊,施羅德環球基金系列－英國股票(英鎊)A1-累積,yfinance,股票型,英國
B23092,2017-01-30,4.396500110626221,英鎊,施羅德環球基金系列－英國股票(英鎊)A1-累積,yfinance,股票型,英國
B23092,2017-01-31,4.413700103759766,英鎊,施羅德環球基金系列－英國股票(英鎊)A1-累積,yfinance,股票型,英國
B23092,2017-02-01,4.412499904632568,英鎊,施羅德環球基金系列－英國股票(英鎊)A1-累積,yfinance,股票型,英國
B23092,2017-02-02,4.417200088500977,英鎊,施羅德環球基金系列－英國股票(英鎊)A1-累積,yfinance,股票型,英國
B23092,2017-02-03,4.446899890899658,英鎊,施羅德環球基金系列－英國股票(英鎊)A1-累積,yfinance,股票型,英國
B23092,2017-02-06,4.4369001388549805,英鎊,施羅德環球基金系列－英國股票(英鎊)A1-累積,yfinance,股票型,英國
B23092,2017-02-07,4.469900131225586,英鎊,施羅德環球基金系列－英國股票(英鎊)A1-累積,yfinance,股票型,英國
B23092,2017-02-08,4.447199821472168,英鎊,施羅德環球基金系列－英國股票(英鎊)A1-累積,yfinance,股票型,英國
B23092,2017-02-09,4.472400188446045,英鎊,施羅德環球基金系列－英國股票(英鎊)A1-累積,yfinance,股票型,英國
B23092,2017-02-10,4.500100135803223,英鎊,施羅德環球基金系列－英國股票(英鎊)A1-累積,yfinance,股票型,英國
B23092,2017-02-13,4.502799987792969,英鎊,施羅德環球基金系列－英國股票(英鎊)A1-累積,yfinance,股票型,英國
B23092,2017-02-14,4.507699966430664,英鎊,施羅德環球基金系列－英國股票(英鎊)A1-累積,yfinance,股票型,英國
B23092,2017-02-15,4.52400016784668,英鎊,施羅德環球基金系列－英國股票(英鎊)A1-累積,yfinance,股票型,英國
B23092,2017-02-16,4.515500068664551,英鎊,施羅德環球基金系列－英國股票(英鎊)A1-累積,yfinance,股票型,英國
B23092,2017-02-17,4.4878997802734375,英鎊,施羅德環球基金系列－英國股票(英鎊)A1-累積,yfinance,股票型,英國
B23092,2017-02-20,4.50540018081665,英鎊,施羅德環球基金系列－英國股票(英鎊)A1-累積,yfinance,股票型,英國
B23092,2017-02-21,4.503699779510498,英鎊,施羅德環球基金系列－英國股票(英鎊)A1-累積,yfinance,股票型,英國
B23092,2017-02-22,4.504700183868408,英鎊,施羅德環球基金系列－英國股票(英鎊)A1-累積,yfinance,股票型,英國
B23092,2017-02-23,4.513800144195557,英鎊,施羅德環球基金系列－英國股票(英鎊)A1-累積,yfinance,股票型,英國
B23092,2017-02-24,4.451600074768066,英鎊,施羅德環球基金系列－英國股票(英鎊)A1-累積,yfinance,股票型,英國
B23092,2017-02-27,4.4654998779296875,英鎊,施羅德環球基金系列－英國股票(英鎊)A1-累積,yfinance,股票型,英國
B23092,2017-02-28,4.492599964141846,英鎊,施羅德環球基金系列－英國股票(英鎊)A1-累積,yfinance,股票型,英國
B23092,2017-03-01,4.538099765777588,英鎊,施羅德環球基金系列－英國股票(英鎊)A1-累積,yfinance,股票型,英國
B23092,2017-03-02,4.559000015258789,英鎊,施羅德環球基金系列－英國股票(英鎊)A1-累積,yfinance,股票型,英國
B23092,2017-03-03,4.558899879455566,英鎊,施羅德環球基金系列－英國股票(英鎊)A1-累積,yfinance,股票型,英國
B23092,2017-03-06,4.557600021362305,英鎊,施羅德環球基金系列－英國股票(英鎊)A1-累積,yfinance,股票型,英國
B23092,2017-03-07,4.554500102996826,英鎊,施羅德環球基金系列－英國股票(英鎊)A1-累積,yfinance,股票型,英國
B23092,2017-03-08,4.565400123596191,英鎊,施羅德環球基金系列－英國股票(英鎊)A1-累積,yfinance,股票型,英國
B23092,2017-03-09,4.555699825286865,英鎊,施羅德環球基金系列－英國股票(英鎊)A1-累積,yfinance,股票型,英國
B23092,2017-03-10,4.598299980163574,英鎊,施羅德環球基金系列－英國股票(英鎊)A1-累積,yfinance,股票型,英國
B23092,2017-03-13,4.588900089263916,英鎊,施羅德環球基金系列－英國股票(英鎊)A1-累積,yfinance,股票型,英國
B23092,2017-03-14,4.552999973297119,英鎊,施羅德環球基金系列－英國股票(英鎊)A1-累積,yfinance,股票型,英國
B23092,2017-03-15,4.562699794769287,英鎊,施羅德環球基金系列－英國股票(英鎊)A1-累積,yfinance,股票型,英國
B23092,2017-03-16,4.576700210571289,英鎊,施羅德環球基金系列－英國股票(英鎊)A1-累積,yfinance,股票型,英國
B23092,2017-03-17,4.572400093078613,英鎊,施羅德環球基金系列－英國股票(英鎊)A1-累積,yfinance,股票型,英國
B23092,2017-03-20,4.562099933624268,英鎊,施羅德環球基金系列－英國股票(英鎊)A1-累積,yfinance,股票型,英國
B23092,2017-03-21,4.570700168609619,英鎊,施羅德環球基金系列－英國股票(英鎊)A1-累積,yfinance,股票型,英國
B23092,2017-03-22,4.500999927520752,英鎊,施羅德環球基金系列－英國股票(英鎊)A1-累積,yfinance,股票型,英國
B23092,2017-03-23,4.521299839019775,英鎊,施羅德環球基金系列－英國股票(英鎊)A1-累積,yfinance,股票型,英國
B23092,2017-03-24,4.530200004577637,英鎊,施羅德環球基金系列－英國股票(英鎊)A1-累積,yfinance,股票型,英國
B23092,2017-03-27,4.508800029754639,英鎊,施羅德環球基金系列－英國股票(英鎊)A1-累積,yfinance,股票型,英國
B23092,2017-03-28,4.531300067901611,英鎊,施羅德環球基金系列－英國股票(英鎊)A1-累積,yfinance,股票型,英國
B23092,2017-03-29,4.554500102996826,英鎊,施羅德環球基金系列－英國股票(英鎊)A1-累積,yfinance,股票型,英國
B23092,2017-03-30,4.572299957275391,英鎊,施羅德環球基金系列－英國股票(英鎊)A1-累積,yfinance,股票型,英國
B23092,2017-03-31,4.5721001625061035,英鎊,施羅德環球基金系列－英國股票(英鎊)A1-累積,yfinance,股票型,英國
B23092,2017-04-03,4.555600166320801,英鎊,施羅德環球基金系列－英國股票(英鎊)A1-累積,yfinance,股票型,英國
B23092,2017-04-04,4.5447001457214355,英鎊,施羅德環球基金系列－英國股票(英鎊)A1-累積,yfinance,股票型,英國
B23092,2017-04-05,4.565100193023682,英鎊,施羅德環球基金系列－英國股票(英鎊)A1-累積,yfinance,股票型,英國
B23092,2017-04-06,4.54610013961792,英鎊,施羅德環球基金系列－英國股票(英鎊)A1-累積,yfinance,股票型,英國
B23092,2017-04-07,4.558599948883057,英鎊,施羅德環球基金系列－英國股票(英鎊)A1-累積,yfinance,股票型,英國
B23092,2017-04-10,4.579100131988525,英鎊,施羅德環球基金系列－英國股票(英鎊)A1-累積,yfinance,股票型,英國
B23092,2017-04-11,4.616199970245361,英鎊,施羅德環球基金系列－英國股票(英鎊)A1-累積,yfinance,股票型,英國
B23092,2017-04-12,4.5843000411987305,英鎊,施羅德環球基金系列－英國股票(英鎊)A1-累積,yfinance,股票型,英國
B23092,2017-04-13,4.566400051116943,英鎊,施羅德環球基金系列－英國股票(英鎊)A1-累積,yfinance,股票型,英國
B23092,2017-04-18,4.510000228881836,英鎊,施羅德環球基金系列－英國股票(英鎊)A1-累積,yfinance,股票型,英國
B23092,2017-04-19,4.508399963378906,英鎊,施羅德環球基金系列－英國股票(英鎊)A1-累積,yfinance,股票型,英國
B23092,2017-04-20,4.49399995803833,英鎊,施羅德環球基金系列－英國股票(英鎊)A1-累積,yfinance,股票型,英國
B23092,2017-04-21,4.4934000968933105,英鎊,施羅德環球基金系列－英國股票(英鎊)A1-累積,yfinance,股票型,英國
B23092,2017-04-24,4.55620002746582,英鎊,施羅德環球基金系列－英國股票(英鎊)A1-累積,yfinance,股票型,英國
B23092,2017-04-25,4.572800159454346,英鎊,施羅德環球基金系列－英國股票(英鎊)A1-累積,yfinance,股票型,英國
B23092,2017-04-26,4.577300071716309,英鎊,施羅德環球基金系列－英國股票(英鎊)A1-累積,yfinance,股票型,英國
B23092,2017-04-27,4.572999954223633,英鎊,施羅德環球基金系列－英國股票(英鎊)A1-累積,yfinance,股票型,英國
B23092,2017-04-28,4.575300216674805,英鎊,施羅德環球基金系列－英國股票(英鎊)A1-累積,yfinance,股票型,英國
B23092,2017-05-02,4.603499889373779,英鎊,施羅德環球基金系列－英國股票(英鎊)A1-累積,yfinance,股票型,英國
B23092,2017-05-03,4.5894999504089355,英鎊,施羅德環球基金系列－英國股票(英鎊)A1-累積,yfinance,股票型,英國
B23092,2017-05-04,4.60699987411499,英鎊,施羅德環球基金系列－英國股票(英鎊)A1-累積,yfinance,股票型,英國
B23092,2017-05-05,4.6230998039245605,英鎊,施羅德環球基金系列－英國股票(英鎊)A1-累積,yfinance,股票型,英國
B23092,2017-05-08,4.638999938964844,英鎊,施羅德環球基金系列－英國股票(英鎊)A1-累積,yfinance,股票型,英國
B23092,2017-05-09,4.658999919891357,英鎊,施羅德環球基金系列－英國股票(英鎊)A1-累積,yfinance,股票型,英國
B23092,2017-05-10,4.667399883270264,英鎊,施羅德環球基金系列－英國股票(英鎊)A1-累積,yfinance,股票型,英國
B23092,2017-05-11,4.667099952697754,英鎊,施羅德環球基金系列－英國股票(英鎊)A1-累積,yfinance,股票型,英國
B23092,2017-05-12,4.669899940490723,英鎊,施羅德環球基金系列－英國股票(英鎊)A1-累積,yfinance,股票型,英國
B23092,2017-05-15,4.682700157165527,英鎊,施羅德環球基金系列－英國股票(英鎊)A1-累積,yfinance,股票型,英國
B23092,2017-05-16,4.70389986038208,英鎊,施羅德環球基金系列－英國股票(英鎊)A1-累積,yfinance,股票型,英國
B23092,2017-05-17,4.709799766540527,英鎊,施羅德環球基金系列－英國股票(英鎊)A1-累積,yfinance,股票型,英國
B23092,2017-05-18,4.676300048828125,英鎊,施羅德環球基金系列－英國股票(英鎊)A1-累積,yfinance,股票型,英國
B23092,2017-05-19,4.704400062561035,英鎊,施羅德環球基金系列－英國股票(英鎊)A1-累積,yfinance,股票型,英國
B23092,2017-05-22,4.735099792480469,英鎊,施羅德環球基金系列－英國股票(英鎊)A1-累積,yfinance,股票型,英國
B23092,2017-05-23,4.738500118255615,英鎊,施羅德環球基金系列－英國股票(英鎊)A1-累積,yfinance,股票型,英國
B23092,2017-05-24,4.741300106048584,英鎊,施羅德環球基金系列－英國股票(英鎊)A1-累積,yfinance,股票型,英國
B23092,2017-05-25,4.738900184631348,英鎊,施羅德環球基金系列－英國股票(英鎊)A1-累積,yfinance,股票型,英國
B23092,2017-05-26,4.7606000900268555,英鎊,施羅德環球基金系列－英國股票(英鎊)A1-累積,yfinance,股票型,英國
B23092,2017-05-30,4.748300075531006,英鎊,施羅德環球基金系列－英國股票(英鎊)A1-累積,yfinance,股票型,英國
B23092,2017-05-31,4.766900062561035,英鎊,施羅德環球基金系列－英國股票(英鎊)A1-累積,yfinance,股票型,英國
B23092,2017-06-01,4.748799800872803,英鎊,施羅德環球基金系列－英國股票(英鎊)A1-累積,yfinance,股票型,英國
B23092,2017-06-02,4.754799842834473,英鎊,施羅德環球基金系列－英國股票(英鎊)A1-累積,yfinance,股票型,英國
B23092,2017-06-05,4.727099895477295,英鎊,施羅德環球基金系列－英國股票(英鎊)A1-累積,yfinance,股票型,英國
B23092,2017-06-06,4.708000183105469,英鎊,施羅德環球基金系列－英國股票(英鎊)A1-累積,yfinance,股票型,英國
B23092,2017-06-07,4.713200092315674,英鎊,施羅德環球基金系列－英國股票(英鎊)A1-累積,yfinance,股票型,英國
B23092,2017-06-08,4.690899848937988,英鎊,施羅德環球基金系列－英國股票(英鎊)A1-累積,yfinance,股票型,英國
B23092,2017-06-09,4.707099914550781,英鎊,施羅德環球基金系列－英國股票(英鎊)A1-累積,yfinance,股票型,英國
B23092,2017-06-12,4.733099937438965,英鎊,施羅德環球基金系列－英國股票(英鎊)A1-累積,yfinance,股票型,英國
B23092,2017-06-13,4.741099834442139,英鎊,施羅德環球基金系列－英國股票(英鎊)A1-累積,yfinance,股票型,英國
B23092,2017-06-14,4.761099815368652,英鎊,施羅德環球基金系列－英國股票(英鎊)A1-累積,yfinance,股票型,英國
B23092,2017-06-15,4.664000034332275,英鎊,施羅德環球基金系列－英國股票(英鎊)A1-累積,yfinance,股票型,英國
B23092,2017-06-16,4.702899932861328,英鎊,施羅德環球基金系列－英國股票(英鎊)A1-累積,yfinance,股票型,英國
B23092,2017-06-19,4.723599910736084,英鎊,施羅德環球基金系列－英國股票(英鎊)A1-累積,yfinance,股票型,英國
B23092,2017-06-20,4.721499919891357,英鎊,施羅德環球基金系列－英國股票(英鎊)A1-累積,yfinance,股票型,英國
B23092,2017-06-21,4.679100036621094,英鎊,施羅德環球基金系列－英國股票(英鎊)A1-累積,yfinance,股票型,英國
B23092,2017-06-22,4.677999973297119,英鎊,施羅德環球基金系列－英國股票(英鎊)A1-累積,yfinance,股票型,英國
B23092,2017-06-23,4.676499843597412,英鎊,施羅德環球基金系列－英國股票(英鎊)A1-累積,yfinance,股票型,英國
B23092,2017-06-26,4.695499897003174,英鎊,施羅德環球基金系列－英國股票(英鎊)A1-累積,yfinance,股票型,英國
B23092,2017-06-27,4.674900054931641,英鎊,施羅德環球基金系列－英國股票(英鎊)A1-累積,yfinance,股票型,英國
B23092,2017-06-28,4.674499988555908,英鎊,施羅德環球基金系列－英國股票(英鎊)A1-累積,yfinance,股票型,英國
B23092,2017-06-29,4.65880012512207,英鎊,施羅德環球基金系列－英國股票(英鎊)A1-累積,yfinance,股票型,英國
B23092,2017-06-30,4.633299827575684,英鎊,施羅德環球基金系列－英國股票(英鎊)A1-累積,yfinance,股票型,英國
B23092,2017-07-03,4.623700141906738,英鎊,施羅德環球基金系列－英國股票(英鎊)A1-累積,yfinance,股票型,英國
B23092,2017-07-04,4.620200157165527,英鎊,施羅德環球基金系列－英國股票(英鎊)A1-累積,yfinance,股票型,英國
B23092,2017-07-05,4.6290998458862305,英鎊,施羅德環球基金系列－英國股票(英鎊)A1-累積,yfinance,股票型,英國
B23092,2017-07-06,4.610499858856201,英鎊,施羅德環球基金系列－英國股票(英鎊)A1-累積,yfinance,股票型,英國
B23092,2017-07-07,4.628399848937988,英鎊,施羅德環球基金系列－英國股票(英鎊)A1-累積,yfinance,股票型,英國
B23092,2017-07-10,4.619500160217285,英鎊,施羅德環球基金系列－英國股票(英鎊)A1-累積,yfinance,股票型,英國
B23092,2017-07-11,4.587800025939941,英鎊,施羅德環球基金系列－英國股票(英鎊)A1-累積,yfinance,股票型,英國
B23092,2017-07-12,4.61299991607666,英鎊,施羅德環球基金系列－英國股票(英鎊)A1-累積,yfinance,股票型,英國
B23092,2017-07-13,4.626399993896484,英鎊,施羅德環球基金系列－英國股票(英鎊)A1-累積,yfinance,股票型,英國
B23092,2017-07-14,4.619900226593018,英鎊,施羅德環球基金系列－英國股票(英鎊)A1-累積,yfinance,股票型,英國
B23092,2017-07-17,4.622399806976318,英鎊,施羅德環球基金系列－英國股票(英鎊)A1-累積,yfinance,股票型,英國
B23092,2017-07-18,4.64109992980957,英鎊,施羅德環球基金系列－英國股票(英鎊)A1-累積,yfinance,股票型,英國
B23092,2017-07-19,4.635300159454346,英鎊,施羅德環球基金系列－英國股票(英鎊)A1-累積,yfinance,股票型,英國
B23092,2017-07-20,4.6595001220703125,英鎊,施羅德環球基金系列－英國股票(英鎊)A1-累積,yfinance,股票型,英國
B23092,2017-07-21,4.650100231170654,英鎊,施羅德環球基金系列－英國股票(英鎊)A1-累積,yfinance,股票型,英國
B23092,2017-07-24,4.599999904632568,英鎊,施羅德環球基金系列－英國股票(英鎊)A1-累積,yfinance,股票型,英國
B23092,2017-07-25,4.638899803161621,英鎊,施羅德環球基金系列－英國股票(英鎊)A1-累積,yfinance,股票型,英國
B23092,2017-07-26,4.647200107574463,英鎊,施羅德環球基金系列－英國股票(英鎊)A1-累積,yfinance,股票型,英國
B23092,2017-07-27,4.624599933624268,英鎊,施羅德環球基金系列－英國股票(英鎊)A1-累積,yfinance,股票型,英國
B23092,2017-07-28,4.597499847412109,英鎊,施羅德環球基金系列－英國股票(英鎊)A1-累積,yfinance,股票型,英國
B23092,2017-07-31,4.624100208282471,英鎊,施羅德環球基金系列－英國股票(英鎊)A1-累積,yfinance,股票型,英國
B23092,2017-08-01,4.6479997634887695,英鎊,施羅德環球基金系列－英國股票(英鎊)A1-累積,yfinance,股票型,英國
B23092,2017-08-02,4.630099773406982,英鎊,施羅德環球基金系列－英國股票(英鎊)A1-累積,yfinance,股票型,英國
B23092,2017-08-03,4.664100170135498,英鎊,施羅德環球基金系列－英國股票(英鎊)A1-累積,yfinance,股票型,英國
B23092,2017-08-04,4.6595001220703125,英鎊,施羅德環球基金系列－英國股票(英鎊)A1-累積,yfinance,股票型,英國
B23092,2017-08-07,4.664599895477295,英鎊,施羅德環球基金系列－英國股票(英鎊)A1-累積,yfinance,股票型,英國
B23092,2017-08-08,4.66349983215332,英鎊,施羅德環球基金系列－英國股票(英鎊)A1-累積,yfinance,股票型,英國
B23092,2017-08-09,4.63040018081665,英鎊,施羅德環球基金系列－英國股票(英鎊)A1-累積,yfinance,股票型,英國
B23092,2017-08-10,4.60830020904541,英鎊,施羅德環球基金系列－英國股票(英鎊)A1-累積,yfinance,股票型,英國
B23092,2017-08-11,4.5609002113342285,英鎊,施羅德環球基金系列－英國股票(英鎊)A1-累積,yfinance,股票型,英國
B23092,2017-08-14,4.57420015335083,英鎊,施羅德環球基金系列－英國股票(英鎊)A1-累積,yfinance,股票型,英國
B23092,2017-08-15,4.588799953460693,英鎊,施羅德環球基金系列－英國股票(英鎊)A1-累積,yfinance,股票型,英國
B23092,2017-08-16,4.6168999671936035,英鎊,施羅德環球基金系列－英國股票(英鎊)A1-累積,yfinance,股票型,英國
B23092,2017-08-17,4.60290002822876,英鎊,施羅德環球基金系列－英國股票(英鎊)A1-累積,yfinance,股票型,英國
B23092,2017-08-18,4.541800022125244,英鎊,施羅德環球基金系列－英國股票(英鎊)A1-累積,yfinance,股票型,英國
B23092,2017-08-21,4.545499801635742,英鎊,施羅德環球基金系列－英國股票(英鎊)A1-累積,yfinance,股票型,英國
B23092,2017-08-22,4.582799911499023,英鎊,施羅德環球基金系列－英國股票(英鎊)A1-累積,yfinance,股票型,英國
B23092,2017-08-23,4.587100028991699,英鎊,施羅德環球基金系列－英國股票(英鎊)A1-累積,yfinance,股票型,英國
B23092,2017-08-24,4.606900215148926,英鎊,施羅德環球基金系列－英國股票(英鎊)A1-累積,yfinance,股票型,英國
B23092,2017-08-25,4.59660005569458,英鎊,施羅德環球基金系列－英國股票(英鎊)A1-累積,yfinance,股票型,英國
B23092,2017-08-29,4.520400047302246,英鎊,施羅德環球基金系列－英國股票(英鎊)A1-累積,yfinance,股票型,英國
B23092,2017-08-30,4.5559000968933105,英鎊,施羅德環球基金系列－英國股票(英鎊)A1-累積,yfinance,股票型,英國
B23092,2017-08-31,4.5858001708984375,英鎊,施羅德環球基金系列－英國股票(英鎊)A1-累積,yfinance,股票型,英國
B23092,2017-09-01,4.593599796295166,英鎊,施羅德環球基金系列－英國股票(英鎊)A1-累積,yfinance,股票型,英國
B23092,2017-09-04,4.578800201416016,英鎊,施羅德環球基金系列－英國股票(英鎊)A1-累積,yfinance,股票型,英國
B23092,2017-09-05,4.578700065612793,英鎊,施羅德環球基金系列－英國股票(英鎊)A1-累積,yfinance,股票型,英國
B23092,2017-09-06,4.541500091552734,英鎊,施羅德環球基金系列－英國股票(英鎊)A1-累積,yfinance,股票型,英國
B23092,2017-09-07,4.545100212097168,英鎊,施羅德環球基金系列－英國股票(英鎊)A1-累積,yfinance,股票型,英國
B23092,2017-09-08,4.537399768829346,英鎊,施羅德環球基金系列－英國股票(英鎊)A1-累積,yfinance,股票型,英國
B23092,2017-09-11,4.5518999099731445,英鎊,施羅德環球基金系列－英國股票(英鎊)A1-累積,yfinance,股票型,英國
B23092,2017-09-12,4.548699855804443,英鎊,施羅德環球基金系列－英國股票(英鎊)A1-累積,yfinance,股票型,英國
B23092,2017-09-13,4.549799919128418,英鎊,施羅德環球基金系列－英國股票(英鎊)A1-累積,yfinance,股票型,英國
B23092,2017-09-14,4.527500152587891,英鎊,施羅德環球基金系列－英國股票(英鎊)A1-累積,yfinance,股票型,英國
B23092,2017-09-15,4.490300178527832,英鎊,施羅德環球基金系列－英國股票(英鎊)A1-累積,yfinance,股票型,英國
B23092,2017-09-18,4.512199878692627,英鎊,施羅德環球基金系列－英國股票(英鎊)A1-累積,yfinance,股票型,英國
B23092,2017-09-19,4.545899868011475,英鎊,施羅德環球基金系列－英國股票(英鎊)A1-累積,yfinance,股票型,英國
B23092,2017-09-20,4.54449987411499,英鎊,施羅德環球基金系列－英國股票(英鎊)A1-累積,yfinance,股票型,英國
B23092,2017-09-21,4.5416998863220215,英鎊,施羅德環球基金系列－英國股票(英鎊)A1-累積,yfinance,股票型,英國
B23092,2017-09-22,4.533400058746338,英鎊,施羅德環球基金系列－英國股票(英鎊)A1-累積,yfinance,股票型,英國
B23092,2017-09-25,4.549499988555908,英鎊,施羅德環球基金系列－英國股票(英鎊)A1-累積,yfinance,股票型,英國
B23092,2017-09-26,4.554299831390381,英鎊,施羅德環球基金系列－英國股票(英鎊)A1-累積,yfinance,股票型,英國
B23092,2017-09-27,4.577099800109863,英鎊,施羅德環球基金系列－英國股票(英鎊)A1-累積,yfinance,股票型,英國
B23092,2017-09-28,4.58620023727417,英鎊,施羅德環球基金系列－英國股票(英鎊)A1-累積,yfinance,股票型,英國
B23092,2017-09-29,4.63129997253418,英鎊,施羅德環球基金系列－英國股票(英鎊)A1-累積,yfinance,股票型,英國
B23092,2017-10-02,4.646999835968018,英鎊,施羅德環球基金系列－英國股票(英鎊)A1-累積,yfinance,股票型,英國
B23092,2017-10-03,4.665599822998047,英鎊,施羅德環球基金系列－英國股票(英鎊)A1-累積,yfinance,股票型,英國
B23092,2017-10-04,4.659999847412109,英鎊,施羅德環球基金系列－英國股票(英鎊)A1-累積,yfinance,股票型,英國
B23092,2017-10-05,4.6707000732421875,英鎊,施羅德環球基金系列－英國股票(英鎊)A1-累積,yfinance,股票型,英國
B23092,2017-10-06,4.690999984741211,英鎊,施羅德環球基金系列－英國股票(英鎊)A1-累積,yfinance,股票型,英國
B23092,2017-10-09,4.6707000732421875,英鎊,施羅德環球基金系列－英國股票(英鎊)A1-累積,yfinance,股票型,英國
B23092,2017-10-10,4.688700199127197,英鎊,施羅德環球基金系列－英國股票(英鎊)A1-累積,yfinance,股票型,英國
B23092,2017-10-11,4.672699928283691,英鎊,施羅德環球基金系列－英國股票(英鎊)A1-累積,yfinance,股票型,英國
B23092,2017-10-12,4.677499771118164,英鎊,施羅德環球基金系列－英國股票(英鎊)A1-累積,yfinance,股票型,英國
B23092,2017-10-13,4.679999828338623,英鎊,施羅德環球基金系列－英國股票(英鎊)A1-累積,yfinance,股票型,英國
B23092,2017-10-16,4.66949987411499,英鎊,施羅德環球基金系列－英國股票(英鎊)A1-累積,yfinance,股票型,英國
B23092,2017-10-17,4.67110013961792,英鎊,施羅德環球基金系列－英國股票(英鎊)A1-累積,yfinance,股票型,英國
B23092,2017-10-18,4.684299945831299,英鎊,施羅德環球基金系列－英國股票(英鎊)A1-累積,yfinance,股票型,英國
B23092,2017-10-19,4.665599822998047,英鎊,施羅德環球基金系列－英國股票(英鎊)A1-累積,yfinance,股票型,英國
B23092,2017-10-20,4.682799816131592,英鎊,施羅德環球基金系列－英國股票(英鎊)A1-累積,yfinance,股票型,英國
B23092,2017-10-23,4.674799919128418,英鎊,施羅德環球基金系列－英國股票(英鎊)A1-累積,yfinance,股票型,英國
B23092,2017-10-24,4.674499988555908,英鎊,施羅德環球基金系列－英國股票(英鎊)A1-累積,yfinance,股票型,英國
B23092,2017-10-25,4.660600185394287,英鎊,施羅德環球基金系列－英國股票(英鎊)A1-累積,yfinance,股票型,英國
B23092,2017-10-26,4.660600185394287,英鎊,施羅德環球基金系列－英國股票(英鎊)A1-累積,yfinance,股票型,英國
B23092,2017-10-27,4.669899940490723,英鎊,施羅德環球基金系列－英國股票(英鎊)A1-累積,yfinance,股票型,英國
B23092,2017-10-30,4.674099922180176,英鎊,施羅德環球基金系列－英國股票(英鎊)A1-累積,yfinance,股票型,英國
B23092,2017-10-31,4.668499946594238,英鎊,施羅德環球基金系列－英國股票(英鎊)A1-累積,yfinance,股票型,英國
B23092,2017-11-01,4.6753997802734375,英鎊,施羅德環球基金系列－英國股票(英鎊)A1-累積,yfinance,股票型,英國
B23092,2017-11-02,4.6757001876831055,英鎊,施羅德環球基金系列－英國股票(英鎊)A1-累積,yfinance,股票型,英國
B23092,2017-11-03,4.668600082397461,英鎊,施羅德環球基金系列－英國股票(英鎊)A1-累積,yfinance,股票型,英國
B23092,2017-11-06,4.658400058746338,英鎊,施羅德環球基金系列－英國股票(英鎊)A1-累積,yfinance,股票型,英國
B23092,2017-11-07,4.64900016784668,英鎊,施羅德環球基金系列－英國股票(英鎊)A1-累積,yfinance,股票型,英國
B23092,2017-11-08,4.626399993896484,英鎊,施羅德環球基金系列－英國股票(英鎊)A1-累積,yfinance,股票型,英國
B23092,2017-11-09,4.61329984664917,英鎊,施羅德環球基金系列－英國股票(英鎊)A1-累積,yfinance,股票型,英國
B23092,2017-11-10,4.591800212860107,英鎊,施羅德環球基金系列－英國股票(英鎊)A1-累積,yfinance,股票型,英國
B23092,2017-11-13,4.5507001876831055,英鎊,施羅德環球基金系列－英國股票(英鎊)A1-累積,yfinance,股票型,英國
B23092,2017-11-14,4.5503997802734375,英鎊,施羅德環球基金系列－英國股票(英鎊)A1-累積,yfinance,股票型,英國
B23092,2017-11-15,4.519000053405762,英鎊,施羅德環球基金系列－英國股票(英鎊)A1-累積,yfinance,股票型,英國
B23092,2017-11-16,4.5269999504089355,英鎊,施羅德環球基金系列－英國股票(英鎊)A1-累積,yfinance,股票型,英國
B23092,2017-11-17,4.523099899291992,英鎊,施羅德環球基金系列－英國股票(英鎊)A1-累積,yfinance,股票型,英國
B23092,2017-11-20,4.531300067901611,英鎊,施羅德環球基金系列－英國股票(英鎊)A1-累積,yfinance,股票型,英國
B23092,2017-11-21,4.532400131225586,英鎊,施羅德環球基金系列－英國股票(英鎊)A1-累積,yfinance,股票型,英國
B23092,2017-11-22,4.563199996948242,英鎊,施羅德環球基金系列－英國股票(英鎊)A1-累積,yfinance,股票型,英國
B23092,2017-11-23,4.532800197601318,英鎊,施羅德環球基金系列－英國股票(英鎊)A1-累積,yfinance,股票型,英國
B23092,2017-11-24,4.530200004577637,英鎊,施羅德環球基金系列－英國股票(英鎊)A1-累積,yfinance,股票型,英國
B23092,2017-11-27,4.515999794006348,英鎊,施羅德環球基金系列－英國股票(英鎊)A1-累積,yfinance,股票型,英國
B23092,2017-11-28,4.538300037384033,英鎊,施羅德環球基金系列－英國股票(英鎊)A1-累積,yfinance,股票型,英國
B23092,2017-11-29,4.563399791717529,英鎊,施羅德環球基金系列－英國股票(英鎊)A1-累積,yfinance,股票型,英國
B23092,2017-11-30,4.537799835205078,英鎊,施羅德環球基金系列－英國股票(英鎊)A1-累積,yfinance,股票型,英國
B23092,2017-12-01,4.52209997177124,英鎊,施羅德環球基金系列－英國股票(英鎊)A1-累積,yfinance,股票型,英國
B23092,2017-12-04,4.51639986038208,英鎊,施羅德環球基金系列－英國股票(英鎊)A1-累積,yfinance,股票型,英國
B23092,2017-12-05,4.535799980163574,英鎊,施羅德環球基金系列－英國股票(英鎊)A1-累積,yfinance,股票型,英國
B23092,2017-12-06,4.527599811553955,英鎊,施羅德環球基金系列－英國股票(英鎊)A1-累積,yfinance,股票型,英國
B23092,2017-12-07,4.509300231933594,英鎊,施羅德環球基金系列－英國股票(英鎊)A1-累積,yfinance,股票型,英國
B23092,2017-12-08,4.549099922180176,英鎊,施羅德環球基金系列－英國股票(英鎊)A1-累積,yfinance,股票型,英國
B23092,2017-12-11,4.572999954223633,英鎊,施羅德環球基金系列－英國股票(英鎊)A1-累積,yfinance,股票型,英國
B23092,2017-12-12,4.581099987030029,英鎊,施羅德環球基金系列－英國股票(英鎊)A1-累積,yfinance,股票型,英國
B23092,2017-12-13,4.6066999435424805,英鎊,施羅德環球基金系列－英國股票(英鎊)A1-累積,yfinance,股票型,英國
B23092,2017-12-14,4.580100059509277,英鎊,施羅德環球基金系列－英國股票(英鎊)A1-累積,yfinance,股票型,英國
B23092,2017-12-15,4.552800178527832,英鎊,施羅德環球基金系列－英國股票(英鎊)A1-累積,yfinance,股票型,英國
B23092,2017-12-18,4.5854997634887695,英鎊,施羅德環球基金系列－英國股票(英鎊)A1-累積,yfinance,股票型,英國
B23092,2017-12-19,4.612100124359131,英鎊,施羅德環球基金系列－英國股票(英鎊)A1-累積,yfinance,股票型,英國
B23092,2017-12-20,4.611400127410889,英鎊,施羅德環球基金系列－英國股票(英鎊)A1-累積,yfinance,股票型,英國
B23092,2017-12-21,4.63100004196167,英鎊,施羅德環球基金系列－英國股票(英鎊)A1-累積,yfinance,股票型,英國
B23092,2017-12-22,4.638500213623047,英鎊,施羅德環球基金系列－英國股票(英鎊)A1-累積,yfinance,股票型,英國
B23092,2017-12-27,4.653900146484375,英鎊,施羅德環球基金系列－英國股票(英鎊)A1-累積,yfinance,股票型,英國
B23092,2017-12-28,4.670400142669678,英鎊,施羅德環球基金系列－英國股票(英鎊)A1-累積,yfinance,股票型,英國
B23092,2017-12-29,4.6981000900268555,英鎊,施羅德環球基金系列－英國股票(英鎊)A1-累積,yfinance,股票型,英國
B24083,2017-01-03,55.93040084838867,英鎊,霸菱東歐基金-A類英鎊配息型,yfinance,未分類,新興歐洲
B24083,2017-01-04,55.51913833618164,英鎊,霸菱東歐基金-A類英鎊配息型,yfinance,未分類,新興歐洲
B24083,2017-01-05,55.608543395996094,英鎊,霸菱東歐基金-A類英鎊配息型,yfinance,未分類,新興歐洲
B24083,2017-01-06,55.27775192260742,英鎊,霸菱東歐基金-A類英鎊配息型,yfinance,未分類,新興歐洲
B24083,2017-01-09,55.796287536621094,英鎊,霸菱東歐基金-A類英鎊配息型,yfinance,未分類,新興歐洲
B24083,2017-01-10,56.07344055175781,英鎊,霸菱東歐基金-A類英鎊配息型,yfinance,未分類,新興歐洲
B24083,2017-01-11,55.80522537231445,英鎊,霸菱東歐基金-A類英鎊配息型,yfinance,未分類,新興歐洲
B24083,2017-01-12,55.787349700927734,英鎊,霸菱東歐基金-A類英鎊配息型,yfinance,未分類,新興歐洲
B24083,2017-01-13,55.715824127197266,英鎊,霸菱東歐基金-A類英鎊配息型,yfinance,未分類,新興歐洲
B24083,2017-01-16,56.22541809082031,英鎊,霸菱東歐基金-A類英鎊配息型,yfinance,未分類,新興歐洲
B24083,2017-01-17,55.68006134033203,英鎊,霸菱東歐基金-A類英鎊配息型,yfinance,未分類,新興歐洲
B24083,2017-01-18,55.22411346435547,英鎊,霸菱東歐基金-A類英鎊配息型,yfinance,未分類,新興歐洲
B24083,2017-01-19,54.607234954833984,英鎊,霸菱東歐基金-A類英鎊配息型,yfinance,未分類,新興歐洲
B24083,2017-01-20,54.777099609375,英鎊,霸菱東歐基金-A類英鎊配息型,yfinance,未分類,新興歐洲
B24083,2017-01-23,54.28538513183594,英鎊,霸菱東歐基金-A類英鎊配息型,yfinance,未分類,新興歐洲
B24083,2017-01-24,54.54465103149414,英鎊,霸菱東歐基金-A類英鎊配息型,yfinance,未分類,新興歐洲
B24083,2017-01-25,54.4820671081543,英鎊,霸菱東歐基金-A類英鎊配息型,yfinance,未分類,新興歐洲
B24083,2017-01-26,54.830745697021484,英鎊,霸菱東歐基金-A類英鎊配息型,yfinance,未分類,新興歐洲
B24083,2017-01-27,55.3760986328125,英鎊,霸菱東歐基金-A類英鎊配息型,yfinance,未分類,新興歐洲
B24083,2017-01-30,55.35821533203125,英鎊,霸菱東歐基金-A類英鎊配息型,yfinance,未分類,新興歐洲
B24083,2017-01-31,55.501258850097656,英鎊,霸菱東歐基金-A類英鎊配息型,yfinance,未分類,新興歐洲
B24083,2017-02-01,54.777099609375,英鎊,霸菱東歐基金-A類英鎊配息型,yfinance,未分類,新興歐洲
B24083,2017-02-02,55.09000778198242,英鎊,霸菱東歐基金-A類英鎊配息型,yfinance,未分類,新興歐洲
B24083,2017-02-03,55.90357208251953,英鎊,霸菱東歐基金-A類英鎊配息型,yfinance,未分類,新興歐洲
B24083,2017-02-06,56.27906799316406,英鎊,霸菱東歐基金-A類英鎊配息型,yfinance,未分類,新興歐洲
B24083,2017-02-07,56.332706451416016,英鎊,霸菱東歐基金-A類英鎊配息型,yfinance,未分類,新興歐洲
B24083,2017-02-08,55.76052474975586,英鎊,霸菱東歐基金-A類英鎊配息型,yfinance,未分類,新興歐洲
B24083,2017-02-09,55.47444534301758,英鎊,霸菱東歐基金-A類英鎊配息型,yfinance,未分類,新興歐洲
B24083,2017-02-10,56.19860076904297,英鎊,霸菱東歐基金-A類英鎊配息型,yfinance,未分類,新興歐洲
B24083,2017-02-13,56.127079010009766,英鎊,霸菱東歐基金-A類英鎊配息型,yfinance,未分類,新興歐洲
B24083,2017-02-14,56.404232025146484,英鎊,霸菱東歐基金-A類英鎊配息型,yfinance,未分類,新興歐洲
B24083,2017-02-15,56.55621337890625,英鎊,霸菱東歐基金-A類英鎊配息型,yfinance,未分類,新興歐洲
B24083,2017-02-16,56.34164810180664,英鎊,霸菱東歐基金-A類英鎊配息型,yfinance,未分類,新興歐洲
B24083,2017-02-17,56.39529037475586,英鎊,霸菱東歐基金-A類英鎊配息型,yfinance,未分類,新興歐洲
B24083,2017-02-20,56.118141174316406,英鎊,霸菱東歐基金-A類英鎊配息型,yfinance,未分類,新興歐洲
B24083,2017-02-21,56.80654525756836,英鎊,霸菱東歐基金-A類英鎊配息型,yfinance,未分類,新興歐洲
B24083,2017-02-22,56.6098518371582,英鎊,霸菱東歐基金-A類英鎊配息型,yfinance,未分類,新興歐洲
B24083,2017-02-23,56.413169860839844,英鎊,霸菱東歐基金-A類英鎊配息型,yfinance,未分類,新興歐洲
B24083,2017-02-24,55.563838958740234,英鎊,霸菱東歐基金-A類英鎊配息型,yfinance,未分類,新興歐洲
B24083,2017-02-27,55.96615219116211,英鎊,霸菱東歐基金-A類英鎊配息型,yfinance,未分類,新興歐洲
B24083,2017-02-28,55.0363655090332,英鎊,霸菱東歐基金-A類英鎊配息型,yfinance,未分類,新興歐洲
B24083,2017-03-01,55.93040084838867,英鎊,霸菱東歐基金-A類英鎊配息型,yfinance,未分類,新興歐洲
B24083,2017-03-02,55.87675094604492,英鎊,霸菱東歐基金-A類英鎊配息型,yfinance,未分類,新興歐洲
B24083,2017-03-03,55.58171844482422,英鎊,霸菱東歐基金-A類英鎊配息型,yfinance,未分類,新興歐洲
B24083,2017-03-06,56.332706451416016,英鎊,霸菱東歐基金-A類英鎊配息型,yfinance,未分類,新興歐洲
B24083,2017-03-07,55.894630432128906,英鎊,霸菱東歐基金-A類英鎊配息型,yfinance,未分類,新興歐洲
B24083,2017-03-08,55.67112731933594,英鎊,霸菱東歐基金-A類英鎊配息型,yfinance,未分類,新興歐洲
B24083,2017-03-09,54.589359283447266,英鎊,霸菱東歐基金-A類英鎊配息型,yfinance,未分類,新興歐洲
B24083,2017-03-10,54.651939392089844,英鎊,霸菱東歐基金-A類英鎊配息型,yfinance,未分類,新興歐洲
B24083,2017-03-13,54.63405227661133,英鎊,霸菱東歐基金-A類英鎊配息型,yfinance,未分類,新興歐洲
B24083,2017-03-14,55.402923583984375,英鎊,霸菱東歐基金-A類英鎊配息型,yfinance,未分類,新興歐洲
B24083,2017-03-15,54.991661071777344,英鎊,霸菱東歐基金-A類英鎊配息型,yfinance,未分類,新興歐洲
B24083,2017-03-16,55.97509765625,英鎊,霸菱東歐基金-A類英鎊配息型,yfinance,未分類,新興歐洲
B24083,2017-03-20,56.27012634277344,英鎊,霸菱東歐基金-A類英鎊配息型,yfinance,未分類,新興歐洲
B24083,2017-03-21,56.699256896972656,英鎊,霸菱東歐基金-A類英鎊配息型,yfinance,未分類,新興歐洲
B24083,2017-03-22,55.34033966064453,英鎊,霸菱東歐基金-A類英鎊配息型,yfinance,未分類,新興歐洲
B24083,2017-03-23,55.51913833618164,英鎊,霸菱東歐基金-A類英鎊配息型,yfinance,未分類,新興歐洲
B24083,2017-03-24,55.590660095214844,英鎊,霸菱東歐基金-A類英鎊配息型,yfinance,未分類,新興歐洲
B24083,2017-03-27,55.00954818725586,英鎊,霸菱東歐基金-A類英鎊配息型,yfinance,未分類,新興歐洲
B24083,2017-03-28,55.35821533203125,英鎊,霸菱東歐基金-A類英鎊配息型,yfinance,未分類,新興歐洲
B24083,2017-03-29,55.832054138183594,英鎊,霸菱東歐基金-A類英鎊配息型,yfinance,未分類,新興歐洲
B24083,2017-03-30,55.9393310546875,英鎊,霸菱東歐基金-A類英鎊配息型,yfinance,未分類,新興歐洲
B24083,2017-03-31,55.7515869140625,英鎊,霸菱東歐基金-A類英鎊配息型,yfinance,未分類,新興歐洲
B24083,2017-04-03,55.67112731933594,英鎊,霸菱東歐基金-A類英鎊配息型,yfinance,未分類,新興歐洲
B24083,2017-04-04,56.07344055175781,英鎊,霸菱東歐基金-A類英鎊配息型,yfinance,未分類,新興歐洲
B24083,2017-04-05,56.78866195678711,英鎊,霸菱東歐基金-A類英鎊配息型,yfinance,未分類,新興歐洲
B24083,2017-04-06,56.91382598876953,英鎊,霸菱東歐基金-A類英鎊配息型,yfinance,未分類,新興歐洲
B24083,2017-04-07,56.24330520629883,英鎊,霸菱東歐基金-A類英鎊配息型,yfinance,未分類,新興歐洲
B24083,2017-04-10,55.29563522338867,英鎊,霸菱東歐基金-A類英鎊配息型,yfinance,未分類,新興歐洲
B24083,2017-04-11,55.94827651977539,英鎊,霸菱東歐基金-A類英鎊配息型,yfinance,未分類,新興歐洲
B24083,2017-04-12,55.21517562866211,英鎊,霸菱東歐基金-A類英鎊配息型,yfinance,未分類,新興歐洲
B24083,2017-04-13,54.66087341308594,英鎊,霸菱東歐基金-A類英鎊配息型,yfinance,未分類,新興歐洲
B24083,2017-04-18,54.42843246459961,英鎊,霸菱東歐基金-A類英鎊配息型,yfinance,未分類,新興歐洲
B24083,2017-04-19,54.07081604003906,英鎊,霸菱東歐基金-A類英鎊配息型,yfinance,未分類,新興歐洲
B24083,2017-04-20,53.99034881591797,英鎊,霸菱東歐基金-A類英鎊配息型,yfinance,未分類,新興歐洲
B24083,2017-04-21,54.61617660522461,英鎊,霸菱東歐基金-A類英鎊配息型,yfinance,未分類,新興歐洲
B24083,2017-04-24,55.51020050048828,英鎊,霸菱東歐基金-A類英鎊配息型,yfinance,未分類,新興歐洲
B24083,2017-04-25,55.88569259643555,英鎊,霸菱東歐基金-A類英鎊配息型,yfinance,未分類,新興歐洲
B24083,2017-04-26,55.88569259643555,英鎊,霸菱東歐基金-A類英鎊配息型,yfinance,未分類,新興歐洲
B24083,2017-04-27,55.74264907836914,英鎊,霸菱東歐基金-A類英鎊配息型,yfinance,未分類,新興歐洲
B24083,2017-04-28,55.90357208251953,英鎊,霸菱東歐基金-A類英鎊配息型,yfinance,未分類,新興歐洲
B24083,2017-05-02,56.54359436035156,英鎊,霸菱東歐基金-A類英鎊配息型,yfinance,未分類,新興歐洲
B24083,2017-05-03,55.4856071472168,英鎊,霸菱東歐基金-A類英鎊配息型,yfinance,未分類,新興歐洲
B24083,2017-05-04,55.42231369018555,英鎊,霸菱東歐基金-A類英鎊配息型,yfinance,未分類,新興歐洲
B24083,2017-05-05,54.50900650024414,英鎊,霸菱東歐基金-A類英鎊配息型,yfinance,未分類,新興歐洲
B24083,2017-05-08,55.151031494140625,英鎊,霸菱東歐基金-A類英鎊配息型,yfinance,未分類,新興歐洲
B24083,2017-05-09,55.23241424560547,英鎊,霸菱東歐基金-A類英鎊配息型,yfinance,未分類,新興歐洲
B24083,2017-05-10,55.43134689331055,英鎊,霸菱東歐基金-A類英鎊配息型,yfinance,未分類,新興歐洲
B24083,2017-05-11,56.272308349609375,英鎊,霸菱東歐基金-A類英鎊配息型,yfinance,未分類,新興歐洲
B24083,2017-05-12,55.74784469604492,英鎊,霸菱東歐基金-A類英鎊配息型,yfinance,未分類,新興歐洲
B24083,2017-05-15,56.33561706542969,英鎊,霸菱東歐基金-A類英鎊配息型,yfinance,未分類,新興歐洲
B24083,2017-05-16,56.914337158203125,英鎊,霸菱東歐基金-A類英鎊配息型,yfinance,未分類,新興歐洲
B24083,2017-05-17,56.73349380493164,英鎊,霸菱東歐基金-A類英鎊配息型,yfinance,未分類,新興歐洲
B24083,2017-05-18,54.744110107421875,英鎊,霸菱東歐基金-A類英鎊配息型,yfinance,未分類,新興歐洲
B24083,2017-05-19,55.75688934326172,英鎊,霸菱東歐基金-A類英鎊配息型,yfinance,未分類,新興歐洲
B24083,2017-05-22,56.31752395629883,英鎊,霸菱東歐基金-A類英鎊配息型,yfinance,未分類,新興歐洲
B24083,2017-05-23,56.84199905395508,英鎊,霸菱東歐基金-A類英鎊配息型,yfinance,未分類,新興歐洲
B24083,2017-05-24,56.769657135009766,英鎊,霸菱東歐基金-A類英鎊配息型,yfinance,未分類,新興歐洲
B24083,2017-05-25,56.914337158203125,英鎊,霸菱東歐基金-A類英鎊配息型,yfinance,未分類,新興歐洲
B24083,2017-05-26,56.82391357421875,英鎊,霸菱東歐基金-A類英鎊配息型,yfinance,未分類,新興歐洲
B24083,2017-05-30,56.624977111816406,英鎊,霸菱東歐基金-A類英鎊配息型,yfinance,未分類,新興歐洲
B24083,2017-05-31,56.2994384765625,英鎊,霸菱東歐基金-A類英鎊配息型,yfinance,未分類,新興歐洲
B24083,2017-06-01,55.74784469604492,英鎊,霸菱東歐基金-A類英鎊配息型,yfinance,未分類,新興歐洲
B24083,2017-06-02,55.74784469604492,英鎊,霸菱東歐基金-A類英鎊配息型,yfinance,未分類,新興歐洲
B24083,2017-06-06,55.62124252319336,英鎊,霸菱東歐基金-A類英鎊配息型,yfinance,未分類,新興歐洲
B24083,2017-06-07,55.937740325927734,英鎊,霸菱東歐基金-A類英鎊配息型,yfinance,未分類,新興歐洲
B24083,2017-06-08,55.241458892822266,英鎊,霸菱東歐基金-A類英鎊配息型,yfinance,未分類,新興歐洲
B24083,2017-06-09,56.48029327392578,英鎊,霸菱東歐基金-A類英鎊配息型,yfinance,未分類,新興歐洲
B24083,2017-06-12,56.56167984008789,英鎊,霸菱東歐基金-A類英鎊配息型,yfinance,未分類,新興歐洲
B24083,2017-06-13,56.38986587524414,英鎊,霸菱東歐基金-A類英鎊配息型,yfinance,未分類,新興歐洲
B24083,2017-06-14,56.39890670776367,英鎊,霸菱東歐基金-A類英鎊配息型,yfinance,未分類,新興歐洲
B24083,2017-06-15,54.73506546020508,英鎊,霸菱東歐基金-A類英鎊配息型,yfinance,未分類,新興歐洲
B24083,2017-06-16,55.07868576049805,英鎊,霸菱東歐基金-A類英鎊配息型,yfinance,未分類,新興歐洲
B24083,2017-06-19,55.25953674316406,英鎊,霸菱東歐基金-A類英鎊配息型,yfinance,未分類,新興歐洲
B24083,2017-06-20,55.67550277709961,英鎊,霸菱東歐基金-A類英鎊配息型,yfinance,未分類,新興歐洲
B24083,2017-06-21,54.7621955871582,英鎊,霸菱東歐基金-A類英鎊配息型,yfinance,未分類,新興歐洲
B24083,2017-06-22,54.98826217651367,英鎊,霸菱東歐基金-A類英鎊配息型,yfinance,未分類,新興歐洲
B24083,2017-06-23,55.01538848876953,英鎊,霸菱東歐基金-A類英鎊配息型,yfinance,未分類,新興歐洲
B24083,2017-06-26,55.53082275390625,英鎊,霸菱東歐基金-A類英鎊配息型,yfinance,未分類,新興歐洲
B24083,2017-06-27,55.67550277709961,英鎊,霸菱東歐基金-A類英鎊配息型,yfinance,未分類,新興歐洲
B24083,2017-06-28,55.413265228271484,英鎊,霸菱東歐基金-A類英鎊配息型,yfinance,未分類,新興歐洲
B24083,2017-06-29,55.187191009521484,英鎊,霸菱東歐基金-A類英鎊配息型,yfinance,未分類,新興歐洲
B24083,2017-06-30,55.00634765625,英鎊,霸菱東歐基金-A類英鎊配息型,yfinance,未分類,新興歐洲
B24083,2017-07-03,55.01538848876953,英鎊,霸菱東歐基金-A類英鎊配息型,yfinance,未分類,新興歐洲
B24083,2017-07-04,55.31379699707031,英鎊,霸菱東歐基金-A類英鎊配息型,yfinance,未分類,新興歐洲
B24083,2017-07-05,55.1239013671875,英鎊,霸菱東歐基金-A類英鎊配息型,yfinance,未分類,新興歐洲
B24083,2017-07-06,55.20528793334961,英鎊,霸菱東歐基金-A類英鎊配息型,yfinance,未分類,新興歐洲
B24083,2017-07-07,55.16006851196289,英鎊,霸菱東歐基金-A類英鎊配息型,yfinance,未分類,新興歐洲
B24083,2017-07-10,55.49464797973633,英鎊,霸菱東歐基金-A類英鎊配息型,yfinance,未分類,新興歐洲
B24083,2017-07-11,55.440391540527344,英鎊,霸菱東歐基金-A類英鎊配息型,yfinance,未分類,新興歐洲
B24083,2017-07-12,56.60688781738281,英鎊,霸菱東歐基金-A類英鎊配息型,yfinance,未分類,新興歐洲
B24083,2017-07-13,56.57975769042969,英鎊,霸菱東歐基金-A類英鎊配息型,yfinance,未分類,新興歐洲
B24083,2017-07-14,57.04093933105469,英鎊,霸菱東歐基金-A類英鎊配息型,yfinance,未分類,新興歐洲
B24083,2017-07-17,56.90530014038086,英鎊,霸菱東歐基金-A類英鎊配息型,yfinance,未分類,新興歐洲
B24083,2017-07-18,57.22178649902344,英鎊,霸菱東歐基金-A類英鎊配息型,yfinance,未分類,新興歐洲
B24083,2017-07-19,57.456905364990234,英鎊,霸菱東歐基金-A類英鎊配息型,yfinance,未分類,新興歐洲
B24083,2017-07-20,57.98137664794922,英鎊,霸菱東歐基金-A類英鎊配息型,yfinance,未分類,新興歐洲
B24083,2017-07-21,57.68296813964844,英鎊,霸菱東歐基金-A類英鎊配息型,yfinance,未分類,新興歐洲
B24083,2017-07-24,56.90530014038086,英鎊,霸菱東歐基金-A類英鎊配息型,yfinance,未分類,新興歐洲
B24083,2017-07-25,56.57072448730469,英鎊,霸菱東歐基金-A類英鎊配息型,yfinance,未分類,新興歐洲
B24083,2017-07-26,56.66114807128906,英鎊,霸菱東歐基金-A類英鎊配息型,yfinance,未分類,新興歐洲
B24083,2017-07-27,56.959556579589844,英鎊,霸菱東歐基金-A類英鎊配息型,yfinance,未分類,新興歐洲
B24083,2017-07-28,56.92338562011719,英鎊,霸菱東歐基金-A類英鎊配息型,yfinance,未分類,新興歐洲
B24083,2017-07-31,56.55263900756836,英鎊,霸菱東歐基金-A類英鎊配息型,yfinance,未分類,新興歐洲
B24083,2017-08-01,56.65210723876953,英鎊,霸菱東歐基金-A類英鎊配息型,yfinance,未分類,新興歐洲
B24083,2017-08-02,56.61593246459961,英鎊,霸菱東歐基金-A類英鎊配息型,yfinance,未分類,新興歐洲
B24083,2017-08-03,57.04093933105469,英鎊,霸菱東歐基金-A類英鎊配息型,yfinance,未分類,新興歐洲
B24083,2017-08-04,57.312217712402344,英鎊,霸菱東歐基金-A類英鎊配息型,yfinance,未分類,新興歐洲
B24083,2017-08-08,58.5329704284668,英鎊,霸菱東歐基金-A類英鎊配息型,yfinance,未分類,新興歐洲
B24083,2017-08-09,58.33403778076172,英鎊,霸菱東歐基金-A類英鎊配息型,yfinance,未分類,新興歐洲
B24083,2017-08-10,58.26169204711914,英鎊,霸菱東歐基金-A類英鎊配息型,yfinance,未分類,新興歐洲
B24083,2017-08-11,57.438812255859375,英鎊,霸菱東歐基金-A類英鎊配息型,yfinance,未分類,新興歐洲
B24083,2017-08-14,58.06275939941406,英鎊,霸菱東歐基金-A類英鎊配息型,yfinance,未分類,新興歐洲
B24083,2017-08-15,58.144142150878906,英鎊,霸菱東歐基金-A類英鎊配息型,yfinance,未分類,新興歐洲
B24083,2017-08-16,58.42446517944336,英鎊,霸菱東歐基金-A類英鎊配息型,yfinance,未分類,新興歐洲
B24083,2017-08-17,58.47871398925781,英鎊,霸菱東歐基金-A類英鎊配息型,yfinance,未分類,新興歐洲
B24083,2017-08-18,57.89094161987305,英鎊,霸菱東歐基金-A類英鎊配息型,yfinance,未分類,新興歐洲
B24083,2017-08-21,58.30691146850586,英鎊,霸菱東歐基金-A類英鎊配息型,yfinance,未分類,新興歐洲
B24083,2017-08-22,58.867549896240234,英鎊,霸菱東歐基金-A類英鎊配息型,yfinance,未分類,新興歐洲
B24083,2017-08-23,59.301597595214844,英鎊,霸菱東歐基金-A類英鎊配息型,yfinance,未分類,新興歐洲
B24083,2017-08-24,59.69947052001953,英鎊,霸菱東歐基金-A類英鎊配息型,yfinance,未分類,新興歐洲
B24083,2017-08-25,59.99787902832031,英鎊,霸菱東歐基金-A類英鎊配息型,yfinance,未分類,新興歐洲
B24083,2017-08-29,59.73563766479492,英鎊,霸菱東歐基金-A類英鎊配息型,yfinance,未分類,新興歐洲
B24083,2017-08-30,60.422882080078125,英鎊,霸菱東歐基金-A類英鎊配息型,yfinance,未分類,新興歐洲
B24083,2017-08-31,60.93832015991211,英鎊,霸菱東歐基金-A類英鎊配息型,yfinance,未分類,新興歐洲
B24083,2017-09-01,61.04683303833008,英鎊,霸菱東歐基金-A類英鎊配息型,yfinance,未分類,新興歐洲
B24083,2017-09-04,60.83884048461914,英鎊,霸菱東歐基金-A類英鎊配息型,yfinance,未分類,新興歐洲
B24083,2017-09-05,60.9654426574707,英鎊,霸菱東歐基金-A類英鎊配息型,yfinance,未分類,新興歐洲
B24083,2017-09-06,60.64895248413086,英鎊,霸菱東歐基金-A類英鎊配息型,yfinance,未分類,新興歐洲
B24083,2017-09-07,61.19150161743164,英鎊,霸菱東歐基金-A類英鎊配息型,yfinance,未分類,新興歐洲
B24083,2017-09-08,60.621826171875,英鎊,霸菱東歐基金-A類英鎊配息型,yfinance,未分類,新興歐洲
B24083,2017-09-11,60.8478889465332,英鎊,霸菱東歐基金-A類英鎊配息型,yfinance,未分類,新興歐洲
B24083,2017-09-12,60.413841247558594,英鎊,霸菱東歐基金-A類英鎊配息型,yfinance,未分類,新興歐洲
B24083,2017-09-13,60.57660675048828,英鎊,霸菱東歐基金-A類英鎊配息型,yfinance,未分類,新興歐洲
B24083,2017-09-14,60.034053802490234,英鎊,霸菱東歐基金-A類英鎊配息型,yfinance,未分類,新興歐洲
B24083,2017-09-15,58.731910705566406,英鎊,霸菱東歐基金-A類英鎊配息型,yfinance,未分類,新興歐洲
B24083,2017-09-18,58.967018127441406,英鎊,霸菱東歐基金-A類英鎊配息型,yfinance,未分類,新興歐洲
B24083,2017-09-19,58.85850524902344,英鎊,霸菱東歐基金-A類英鎊配息型,yfinance,未分類,新興歐洲
B24083,2017-09-20,58.695743560791016,英鎊,霸菱東歐基金-A類英鎊配息型,yfinance,未分類,新興歐洲
B24083,2017-09-21,58.795204162597656,英鎊,霸菱東歐基金-A類英鎊配息型,yfinance,未分類,新興歐洲
B24083,2017-09-22,58.76808166503906,英鎊,霸菱東歐基金-A類英鎊配息型,yfinance,未分類,新興歐洲
B24083,2017-09-25,59.00319290161133,英鎊,霸菱東歐基金-A類英鎊配息型,yfinance,未分類,新興歐洲
B24083,2017-09-26,59.04840850830078,英鎊,霸菱東歐基金-A類英鎊配息型,yfinance,未分類,新興歐洲
B24083,2017-09-27,58.46967697143555,英鎊,霸菱東歐基金-A類英鎊配息型,yfinance,未分類,新興歐洲
B24083,2017-09-28,58.67765426635742,英鎊,霸菱東歐基金-A類英鎊配息型,yfinance,未分類,新興歐洲
B24083,2017-09-29,59.084571838378906,英鎊,霸菱東歐基金-A類英鎊配息型,yfinance,未分類,新興歐洲
B24083,2017-10-02,59.32872772216797,英鎊,霸菱東歐基金-A類英鎊配息型,yfinance,未分類,新興歐洲
B24083,2017-10-03,59.54574966430664,英鎊,霸菱東歐基金-A類英鎊配息型,yfinance,未分類,新興歐洲
B24083,2017-10-04,59.9074592590332,英鎊,霸菱東歐基金-A類英鎊配息型,yfinance,未分類,新興歐洲
B24083,2017-10-05,60.06117248535156,英鎊,霸菱東歐基金-A類英鎊配息型,yfinance,未分類,新興歐洲
B24083,2017-10-06,60.64895248413086,英鎊,霸菱東歐基金-A類英鎊配息型,yfinance,未分類,新興歐洲
B24083,2017-10-09,59.46436309814453,英鎊,霸菱東歐基金-A類英鎊配息型,yfinance,未分類,新興歐洲
B24083,2017-10-10,59.73563766479492,英鎊,霸菱東歐基金-A類英鎊配息型,yfinance,未分類,新興歐洲
B24083,2017-10-11,60.37766647338867,英鎊,霸菱東歐基金-A類英鎊配息型,yfinance,未分類,新興歐洲
B24083,2017-10-12,60.775550842285156,英鎊,霸菱東歐基金-A類英鎊配息型,yfinance,未分類,新興歐洲
B24083,2017-10-13,60.223941802978516,英鎊,霸菱東歐基金-A類英鎊配息型,yfinance,未分類,新興歐洲
B24083,2017-10-16,60.477134704589844,英鎊,霸菱東歐基金-A類英鎊配息型,yfinance,未分類,新興歐洲
B24083,2017-10-17,60.621826171875,英鎊,霸菱東歐基金-A類英鎊配息型,yfinance,未分類,新興歐洲
B24083,2017-10-18,60.549476623535156,英鎊,霸菱東歐基金-A類英鎊配息型,yfinance,未分類,新興歐洲
B24083,2017-10-19,60.2872428894043,英鎊,霸菱東歐基金-A類英鎊配息型,yfinance,未分類,新興歐洲
B24083,2017-10-20,60.079261779785156,英鎊,霸菱東歐基金-A類英鎊配息型,yfinance,未分類,新興歐洲
B24083,2017-10-23,59.65426254272461,英鎊,霸菱東歐基金-A類英鎊配息型,yfinance,未分類,新興歐洲
B24083,2017-10-24,59.346805572509766,英鎊,霸菱東歐基金-A類英鎊配息型,yfinance,未分類,新興歐洲
B24083,2017-10-25,59.26542282104492,英鎊,霸菱東歐基金-A類英鎊配息型,yfinance,未分類,新興歐洲
B24083,2017-10-26,58.921810150146484,英鎊,霸菱東歐基金-A類英鎊配息型,yfinance,未分類,新興歐洲
B24083,2017-10-27,59.04840850830078,英鎊,霸菱東歐基金-A類英鎊配息型,yfinance,未分類,新興歐洲
B24083,2017-10-31,59.38298416137695,英鎊,霸菱東歐基金-A類英鎊配息型,yfinance,未分類,新興歐洲
B24083,2017-11-01,59.50957489013672,英鎊,霸菱東歐基金-A類英鎊配息型,yfinance,未分類,新興歐洲
B24083,2017-11-02,60.06117248535156,英鎊,霸菱東歐基金-A類英鎊配息型,yfinance,未分類,新興歐洲
B24083,2017-11-03,59.97074890136719,英鎊,霸菱東歐基金-A類英鎊配息型,yfinance,未分類,新興歐洲
B24083,2017-11-06,59.50957489013672,英鎊,霸菱東歐基金-A類英鎊配息型,yfinance,未分類,新興歐洲
B24083,2017-11-07,60.685123443603516,英鎊,霸菱東歐基金-A類英鎊配息型,yfinance,未分類,新興歐洲
B24083,2017-11-08,60.531402587890625,英鎊,霸菱東歐基金-A類英鎊配息型,yfinance,未分類,新興歐洲
B24083,2017-11-09,60.531402587890625,英鎊,霸菱東歐基金-A類英鎊配息型,yfinance,未分類,新興歐洲
B24083,2017-11-10,60.08830261230469,英鎊,霸菱東歐基金-A類英鎊配息型,yfinance,未分類,新興歐洲
B24083,2017-11-13,60.23298645019531,英鎊,霸菱東歐基金-A類英鎊配息型,yfinance,未分類,新興歐洲
B24083,2017-11-14,59.961708068847656,英鎊,霸菱東歐基金-A類英鎊配息型,yfinance,未分類,新興歐洲
B24083,2017-11-15,58.99414825439453,英鎊,霸菱東歐基金-A類英鎊配息型,yfinance,未分類,新興歐洲
B24083,2017-11-16,58.65052795410156,英鎊,霸菱東歐基金-A類英鎊配息型,yfinance,未分類,新興歐洲
B24083,2017-11-17,59.05744171142578,英鎊,霸菱東歐基金-A類英鎊配息型,yfinance,未分類,新興歐洲
B24083,2017-11-20,58.93989181518555,英鎊,霸菱東歐基金-A類英鎊配息型,yfinance,未分類,新興歐洲
B24083,2017-11-21,59.12074661254883,英鎊,霸菱東歐基金-A類英鎊配息型,yfinance,未分類,新興歐洲
B24083,2017-11-22,59.55479049682617,英鎊,霸菱東歐基金-A類英鎊配息型,yfinance,未分類,新興歐洲
B24083,2017-11-23,59.69043731689453,英鎊,霸菱東歐基金-A類英鎊配息型,yfinance,未分類,新興歐洲
B24083,2017-11-24,59.64521408081055,英鎊,霸菱東歐基金-A類英鎊配息型,yfinance,未分類,新興歐洲
B24083,2017-11-27,59.52766799926758,英鎊,霸菱東歐基金-A類英鎊配息型,yfinance,未分類,新興歐洲
B24083,2017-11-28,59.22925567626953,英鎊,霸菱東歐基金-A類英鎊配息型,yfinance,未分類,新興歐洲
B24083,2017-11-29,58.55105209350586,英鎊,霸菱東歐基金-A類英鎊配息型,yfinance,未分類,新興歐洲
B24083,2017-11-30,58.03562545776367,英鎊,霸菱東歐基金-A類英鎊配息型,yfinance,未分類,新興歐洲
B24083,2017-12-01,57.42072677612305,英鎊,霸菱東歐基金-A類英鎊配息型,yfinance,未分類,新興歐洲
B24083,2017-12-04,57.791481018066406,英鎊,霸菱東歐基金-A類英鎊配息型,yfinance,未分類,新興歐洲
B24083,2017-12-05,58.25265121459961,英鎊,霸菱東歐基金-A類英鎊配息型,yfinance,未分類,新興歐洲
B24083,2017-12-06,58.35211944580078,英鎊,霸菱東歐基金-A類英鎊配息型,yfinance,未分類,新興歐洲
B24083,2017-12-07,58.09892272949219,英鎊,霸菱東歐基金-A類英鎊配息型,yfinance,未分類,新興歐洲
B24083,2017-12-08,57.791481018066406,英鎊,霸菱東歐基金-A類英鎊配息型,yfinance,未分類,新興歐洲
B24083,2017-12-11,58.58723449707031,英鎊,霸菱東歐基金-A類英鎊配息型,yfinance,未分類,新興歐洲
B24083,2017-12-12,59.13883590698242,英鎊,霸菱東歐基金-A類英鎊配息型,yfinance,未分類,新興歐洲
B24083,2017-12-13,58.695743560791016,英鎊,霸菱東歐基金-A類英鎊配息型,yfinance,未分類,新興歐洲
B24083,2017-12-14,58.65957260131836,英鎊,霸菱東歐基金-A類英鎊配息型,yfinance,未分類,新興歐洲
B24083,2017-12-15,58.99414825439453,英鎊,霸菱東歐基金-A類英鎊配息型,yfinance,未分類,新興歐洲
B24083,2017-12-18,59.373939514160156,英鎊,霸菱東歐基金-A類英鎊配息型,yfinance,未分類,新興歐洲
B24083,2017-12-19,59.29256057739258,英鎊,霸菱東歐基金-A類英鎊配息型,yfinance,未分類,新興歐洲
B24083,2017-12-20,59.19308090209961,英鎊,霸菱東歐基金-A類英鎊配息型,yfinance,未分類,新興歐洲
B24083,2017-12-21,59.373939514160156,英鎊,霸菱東歐基金-A類英鎊配息型,yfinance,未分類,新興歐洲
B24083,2017-12-22,59.66330337524414,英鎊,霸菱東歐基金-A類英鎊配息型,yfinance,未分類,新興歐洲
B24083,2017-12-28,60.368629455566406,英鎊,霸菱東歐基金-A類英鎊配息型,yfinance,未分類,新興歐洲
B24083,2017-12-29,60.368629455566406,英鎊,霸菱東歐基金-A類英鎊配息型,yfinance,未分類,新興歐洲
B03622,2017-01-03,5.7140092849731445,英鎊,聯博-全球非投資等級債券基金AA(穩定月配)英鎊避險級別,yfinance,債券型,全球市場
B03622,2017-01-04,5.7275309562683105,英鎊,聯博-全球非投資等級債券基金AA(穩定月配)英鎊避險級別,yfinance,債券型,全球市場
B03622,2017-01-05,5.750062942504883,英鎊,聯博-全球非投資等級債券基金AA(穩定月配)英鎊避險級別,yfinance,債券型,全球市場
B03622,2017-01-06,5.750062942504883,英鎊,聯博-全球非投資等級債券基金AA(穩定月配)英鎊避險級別,yfinance,債券型,全球市場
B03622,2017-01-09,5.754568099975586,英鎊,聯博-全球非投資等級債券基金AA(穩定月配)英鎊避險級別,yfinance,債券型,全球市場
B03622,2017-01-10,5.754568099975586,英鎊,聯博-全球非投資等級債券基金AA(穩定月配)英鎊避險級別,yfinance,債券型,全球市場
B03622,2017-01-11,5.754568099975586,英鎊,聯博-全球非投資等級債券基金AA(穩定月配)英鎊避險級別,yfinance,債券型,全球市場
B03622,2017-01-12,5.768088340759277,英鎊,聯博-全球非投資等級債券基金AA(穩定月配)英鎊避險級別,yfinance,債券型,全球市場
B03622,2017-01-13,5.777099132537842,英鎊,聯博-全球非投資等級債券基金AA(穩定月配)英鎊避險級別,yfinance,債券型,全球市場
B03622,2017-01-17,5.813151836395264,英鎊,聯博-全球非投資等級債券基金AA(穩定月配)英鎊避險級別,yfinance,債券型,全球市場
B03622,2017-01-18,5.772593975067139,英鎊,聯博-全球非投資等級債券基金AA(穩定月配)英鎊避險級別,yfinance,債券型,全球市場
B03622,2017-01-19,5.772593975067139,英鎊,聯博-全球非投資等級債券基金AA(穩定月配)英鎊避險級別,yfinance,債券型,全球市場
B03622,2017-01-20,5.777099132537842,英鎊,聯博-全球非投資等級債券基金AA(穩定月配)英鎊避險級別,yfinance,債券型,全球市場
B03622,2017-01-23,5.8086466789245605,英鎊,聯博-全球非投資等級債券基金AA(穩定月配)英鎊避險級別,yfinance,債券型,全球市場
B03622,2017-01-24,5.813151836395264,英鎊,聯博-全球非投資等級債券基金AA(穩定月配)英鎊避險級別,yfinance,債券型,全球市場
B03622,2017-01-25,5.822162628173828,英鎊,聯博-全球非投資等級債券基金AA(穩定月配)英鎊避險級別,yfinance,債券型,全球市場
B03622,2017-01-26,5.822162628173828,英鎊,聯博-全球非投資等級債券基金AA(穩定月配)英鎊避險級別,yfinance,債券型,全球市場
B03622,2017-01-27,5.804140567779541,英鎊,聯博-全球非投資等級債券基金AA(穩定月配)英鎊避險級別,yfinance,債券型,全球市場
B03622,2017-01-30,5.79963493347168,英鎊,聯博-全球非投資等級債券基金AA(穩定月配)英鎊避險級別,yfinance,債券型,全球市場
B03622,2017-01-31,5.800948619842529,英鎊,聯博-全球非投資等級債券基金AA(穩定月配)英鎊避險級別,yfinance,債券型,全球市場
B03622,2017-02-01,5.805482864379883,英鎊,聯博-全球非投資等級債券基金AA(穩定月配)英鎊避險級別,yfinance,債券型,全球市場
B03622,2017-02-02,5.841766834259033,英鎊,聯博-全球非投資等級債券基金AA(穩定月配)英鎊避險級別,yfinance,債券型,全球市場
B03622,2017-02-03,5.82362699508667,英鎊,聯博-全球非投資等級債券基金AA(穩定月配)英鎊避險級別,yfinance,債券型,全球市場
B03622,2017-02-06,5.8326945304870605,英鎊,聯博-全球非投資等級債券基金AA(穩定月配)英鎊避險級別,yfinance,債券型,全球市場
B03622,2017-02-07,5.828161716461182,英鎊,聯博-全球非投資等級債券基金AA(穩定月配)英鎊避險級別,yfinance,債券型,全球市場
B03622,2017-02-08,5.828161716461182,英鎊,聯博-全球非投資等級債券基金AA(穩定月配)英鎊避險級別,yfinance,債券型,全球市場
B03622,2017-02-09,5.8326945304870605,英鎊,聯博-全球非投資等級債券基金AA(穩定月配)英鎊避險級別,yfinance,債券型,全球市場
B03622,2017-02-10,5.868983268737793,英鎊,聯博-全球非投資等級債券基金AA(穩定月配)英鎊避險級別,yfinance,債券型,全球市場
B03622,2017-02-13,5.841766834259033,英鎊,聯博-全球非投資等級債券基金AA(穩定月配)英鎊避險級別,yfinance,債券型,全球市場
B03622,2017-02-14,5.878051280975342,英鎊,聯博-全球非投資等級債券基金AA(穩定月配)英鎊避險級別,yfinance,債券型,全球市場
B03622,2017-02-15,5.846301078796387,英鎊,聯博-全球非投資等級債券基金AA(穩定月配)英鎊避險級別,yfinance,債券型,全球市場
B03622,2017-02-16,5.841766834259033,英鎊,聯博-全球非投資等級債券基金AA(穩定月配)英鎊避險級別,yfinance,債券型,全球市場
B03622,2017-02-17,5.8372344970703125,英鎊,聯博-全球非投資等級債券基金AA(穩定月配)英鎊避險級別,yfinance,債券型,全球市場
B03622,2017-02-21,5.878051280975342,英鎊,聯博-全球非投資等級債券基金AA(穩定月配)英鎊避險級別,yfinance,債券型,全球市場
B03622,2017-02-22,5.887125492095947,英鎊,聯博-全球非投資等級債券基金AA(穩定月配)英鎊避險級別,yfinance,債券型,全球市場
B03622,2017-02-23,5.900729656219482,英鎊,聯博-全球非投資等級債券基金AA(穩定月配)英鎊避險級別,yfinance,債券型,全球市場
B03622,2017-02-24,5.900729656219482,英鎊,聯博-全球非投資等級債券基金AA(穩定月配)英鎊避險級別,yfinance,債券型,全球市場
B03622,2017-02-27,5.87351655960083,英鎊,聯博-全球非投資等級債券基金AA(穩定月配)英鎊避險級別,yfinance,債券型,全球市場
B03622,2017-02-28,5.8794050216674805,英鎊,聯博-全球非投資等級債券基金AA(穩定月配)英鎊避險級別,yfinance,債券型,全球市場
B03622,2017-03-01,5.883969783782959,英鎊,聯博-全球非投資等級債券基金AA(穩定月配)英鎊避險級別,yfinance,債券型,全球市場
B03622,2017-03-02,5.870275497436523,英鎊,聯博-全球非投資等級債券基金AA(穩定月配)英鎊避險級別,yfinance,債券型,全球市場
B03622,2017-03-03,5.8794050216674805,英鎊,聯博-全球非投資等級債券基金AA(穩定月配)英鎊避險級別,yfinance,債券型,全球市場
B03622,2017-03-06,5.870275497436523,英鎊,聯博-全球非投資等級債券基金AA(穩定月配)英鎊避險級別,yfinance,債券型,全球市場
B03622,2017-03-07,5.86114501953125,英鎊,聯博-全球非投資等級債券基金AA(穩定月配)英鎊避險級別,yfinance,債券型,全球市場
B03622,2017-03-08,5.838322162628174,英鎊,聯博-全球非投資等級債券基金AA(穩定月配)英鎊避險級別,yfinance,債券型,全球市場
B03622,2017-03-09,5.810934543609619,英鎊,聯博-全球非投資等級債券基金AA(穩定月配)英鎊避險級別,yfinance,債券型,全球市場
B03622,2017-03-10,5.824625015258789,英鎊,聯博-全球非投資等級債券基金AA(穩定月配)英鎊避險級別,yfinance,債券型,全球市場
B03622,2017-03-13,5.820062637329102,英鎊,聯博-全球非投資等級債券基金AA(穩定月配)英鎊避險級別,yfinance,債券型,全球市場
B03622,2017-03-14,5.797237396240234,英鎊,聯博-全球非投資等級債券基金AA(穩定月配)英鎊避險級別,yfinance,債券型,全球市場
B03622,2017-03-15,5.824625015258789,英鎊,聯博-全球非投資等級債券基金AA(穩定月配)英鎊避險級別,yfinance,債券型,全球市場
B03622,2017-03-16,5.8748393058776855,英鎊,聯博-全球非投資等級債券基金AA(穩定月配)英鎊避險級別,yfinance,債券型,全球市場
B03622,2017-03-17,5.852016448974609,英鎊,聯博-全球非投資等級債券基金AA(穩定月配)英鎊避險級別,yfinance,債券型,全球市場
B03622,2017-03-20,5.883969783782959,英鎊,聯博-全球非投資等級債券基金AA(穩定月配)英鎊避險級別,yfinance,債券型,全球市場
B03622,2017-03-21,5.852016448974609,英鎊,聯博-全球非投資等級債券基金AA(穩定月配)英鎊避險級別,yfinance,債券型,全球市場
B03622,2017-03-22,5.842886447906494,英鎊,聯博-全球非投資等級債券基金AA(穩定月配)英鎊避險級別,yfinance,債券型,全球市場
B03622,2017-03-23,5.84744930267334,英鎊,聯博-全球非投資等級債券基金AA(穩定月配)英鎊避險級別,yfinance,債券型,全球市場
B03622,2017-03-24,5.888535022735596,英鎊,聯博-全球非投資等級債券基金AA(穩定月配)英鎊避險級別,yfinance,債券型,全球市場
B03622,2017-03-27,5.883969783782959,英鎊,聯博-全球非投資等級債券基金AA(穩定月配)英鎊避險級別,yfinance,債券型,全球市場
B03622,2017-03-28,5.883969783782959,英鎊,聯博-全球非投資等級債券基金AA(穩定月配)英鎊避險級別,yfinance,債券型,全球市場
B03622,2017-03-29,5.897665023803711,英鎊,聯博-全球非投資等級債券基金AA(穩定月配)英鎊避險級別,yfinance,債券型,全球市場
B03622,2017-03-30,5.911357879638672,英鎊,聯博-全球非投資等級債券基金AA(穩定月配)英鎊避險級別,yfinance,債券型,全球市場
B03622,2017-03-31,5.875938415527344,英鎊,聯博-全球非投資等級債券基金AA(穩定月配)英鎊避險級別,yfinance,債券型,全球市場
B03622,2017-04-03,5.880528450012207,英鎊,聯博-全球非投資等級債券基金AA(穩定月配)英鎊避險級別,yfinance,債券型,全球市場
B03622,2017-04-04,5.88512659072876,英鎊,聯博-全球非投資等級債券基金AA(穩定月配)英鎊避險級別,yfinance,債券型,全球市場
B03622,2017-04-05,5.889718532562256,英鎊,聯博-全球非投資等級債券基金AA(穩定月配)英鎊避險級別,yfinance,債券型,全球市場
B03622,2017-04-06,5.88512659072876,英鎊,聯博-全球非投資等級債券基金AA(穩定月配)英鎊避險級別,yfinance,債券型,全球市場
B03622,2017-04-07,5.88512659072876,英鎊,聯博-全球非投資等級債券基金AA(穩定月配)英鎊避險級別,yfinance,債券型,全球市場
B03622,2017-04-10,5.889718532562256,英鎊,聯博-全球非投資等級債券基金AA(穩定月配)英鎊避險級別,yfinance,債券型,全球市場
B03622,2017-04-11,5.898908615112305,英鎊,聯博-全球非投資等級債券基金AA(穩定月配)英鎊避險級別,yfinance,債券型,全球市場
B03622,2017-04-12,5.894314765930176,英鎊,聯博-全球非投資等級債券基金AA(穩定月配)英鎊避險級別,yfinance,債券型,全球市場
B03622,2017-04-13,5.903502941131592,英鎊,聯博-全球非投資等級債券基金AA(穩定月配)英鎊避險級別,yfinance,債券型,全球市場
B03622,2017-04-18,5.908094882965088,英鎊,聯博-全球非投資等級債券基金AA(穩定月配)英鎊避險級別,yfinance,債券型,全球市場
B03622,2017-04-19,5.908094882965088,英鎊,聯博-全球非投資等級債券基金AA(穩定月配)英鎊避險級別,yfinance,債券型,全球市場
B03622,2017-04-20,5.908094882965088,英鎊,聯博-全球非投資等級債券基金AA(穩定月配)英鎊避險級別,yfinance,債券型,全球市場
B03622,2017-04-21,5.917284965515137,英鎊,聯博-全球非投資等級債券基金AA(穩定月配)英鎊避險級別,yfinance,債券型,全球市場
B03622,2017-04-24,5.931066036224365,英鎊,聯博-全球非投資等級債券基金AA(穩定月配)英鎊避險級別,yfinance,債券型,全球市場
B03622,2017-04-25,5.958630561828613,英鎊,聯博-全球非投資等級債券基金AA(穩定月配)英鎊避險級別,yfinance,債券型,全球市場
B03622,2017-04-26,5.963225841522217,英鎊,聯博-全球非投資等級債券基金AA(穩定月配)英鎊避險級別,yfinance,債券型,全球市場
B03622,2017-04-27,5.963225841522217,英鎊,聯博-全球非投資等級債券基金AA(穩定月配)英鎊避險級別,yfinance,債券型,全球市場
B03622,2017-04-28,5.942432403564453,英鎊,聯博-全球非投資等級債券基金AA(穩定月配)英鎊避險級別,yfinance,債券型,全球市場
B03622,2017-05-02,5.95167350769043,英鎊,聯博-全球非投資等級債券基金AA(穩定月配)英鎊避險級別,yfinance,債券型,全球市場
B03622,2017-05-03,5.956295967102051,英鎊,聯博-全球非投資等級債券基金AA(穩定月配)英鎊避險級別,yfinance,債券型,全球市場
B03622,2017-05-04,5.937809467315674,英鎊,聯博-全球非投資等級債券基金AA(穩定月配)英鎊避險級別,yfinance,債券型,全球市場
B03622,2017-05-05,5.937809467315674,英鎊,聯博-全球非投資等級債券基金AA(穩定月配)英鎊避險級別,yfinance,債券型,全球市場
B03622,2017-05-08,5.933189868927002,英鎊,聯博-全球非投資等級債券基金AA(穩定月配)英鎊避險級別,yfinance,債券型,全球市場
B03622,2017-05-09,5.933189868927002,英鎊,聯博-全球非投資等級債券基金AA(穩定月配)英鎊避險級別,yfinance,債券型,全球市場
B03622,2017-05-10,5.937809467315674,英鎊,聯博-全球非投資等級債券基金AA(穩定月配)英鎊避險級別,yfinance,債券型,全球市場
B03622,2017-05-11,5.947052001953125,英鎊,聯博-全球非投資等級債券基金AA(穩定月配)英鎊避險級別,yfinance,債券型,全球市場
B03622,2017-05-12,5.956295967102051,英鎊,聯博-全球非投資等級債券基金AA(穩定月配)英鎊避險級別,yfinance,債券型,全球市場
B03622,2017-05-15,5.965534687042236,英鎊,聯博-全球非投資等級債券基金AA(穩定月配)英鎊避險級別,yfinance,債券型,全球市場
B03622,2017-05-16,5.97015905380249,英鎊,聯博-全球非投資等級債券基金AA(穩定月配)英鎊避險級別,yfinance,債券型,全球市場
B03622,2017-05-17,5.9609150886535645,英鎊,聯博-全球非投資等級債券基金AA(穩定月配)英鎊避險級別,yfinance,債券型,全球市場
B03622,2017-05-18,5.914706707000732,英鎊,聯博-全球非投資等級債券基金AA(穩定月配)英鎊避險級別,yfinance,債券型,全球市場
B03622,2017-05-19,5.92857027053833,英鎊,聯博-全球非投資等級債券基金AA(穩定月配)英鎊避險級別,yfinance,債券型,全球市場
B03622,2017-05-22,5.937809467315674,英鎊,聯博-全球非投資等級債券基金AA(穩定月配)英鎊避險級別,yfinance,債券型,全球市場
B03622,2017-05-23,5.937809467315674,英鎊,聯博-全球非投資等級債券基金AA(穩定月配)英鎊避險級別,yfinance,債券型,全球市場
B03622,2017-05-24,5.9840192794799805,英鎊,聯博-全球非投資等級債券基金AA(穩定月配)英鎊避險級別,yfinance,債券型,全球市場
B03622,2017-05-26,5.993259429931641,英鎊,聯博-全球非投資等級債券基金AA(穩定月配)英鎊避險級別,yfinance,債券型,全球市場
B03622,2017-05-30,5.965534687042236,英鎊,聯博-全球非投資等級債券基金AA(穩定月配)英鎊避險級別,yfinance,債券型,全球市場
B03622,2017-05-31,5.96785831451416,英鎊,聯博-全球非投資等級債券基金AA(穩定月配)英鎊避險級別,yfinance,債券型,全球市場
B03622,2017-06-01,5.972506999969482,英鎊,聯博-全球非投資等級債券基金AA(穩定月配)英鎊避險級別,yfinance,債券型,全球市場
B03622,2017-06-02,5.986453056335449,英鎊,聯博-全球非投資等級債券基金AA(穩定月配)英鎊避險級別,yfinance,債券型,全球市場
B03622,2017-06-06,5.986453056335449,英鎊,聯博-全球非投資等級債券基金AA(穩定月配)英鎊避險級別,yfinance,債券型,全球市場
B03622,2017-06-07,5.97715425491333,英鎊,聯博-全球非投資等級債券基金AA(穩定月配)英鎊避險級別,yfinance,債券型,全球市場
B03622,2017-06-08,5.972506999969482,英鎊,聯博-全球非投資等級債券基金AA(穩定月配)英鎊避險級別,yfinance,債券型,全球市場
B03622,2017-06-09,5.972506999969482,英鎊,聯博-全球非投資等級債券基金AA(穩定月配)英鎊避險級別,yfinance,債券型,全球市場
B03622,2017-06-12,5.972506999969482,英鎊,聯博-全球非投資等級債券基金AA(穩定月配)英鎊避險級別,yfinance,債券型,全球市場
B03622,2017-06-13,5.97715425491333,英鎊,聯博-全球非投資等級債券基金AA(穩定月配)英鎊避險級別,yfinance,債券型,全球市場
B03622,2017-06-14,5.986453056335449,英鎊,聯博-全球非投資等級債券基金AA(穩定月配)英鎊避險級別,yfinance,債券型,全球市場
B03622,2017-06-15,5.972506999969482,英鎊,聯博-全球非投資等級債券基金AA(穩定月配)英鎊避險級別,yfinance,債券型,全球市場
B03622,2017-06-16,5.972506999969482,英鎊,聯博-全球非投資等級債券基金AA(穩定月配)英鎊避險級別,yfinance,債券型,全球市場
B03622,2017-06-19,5.972506999969482,英鎊,聯博-全球非投資等級債券基金AA(穩定月配)英鎊避險級別,yfinance,債券型,全球市場
B03622,2017-06-20,5.9585676193237305,英鎊,聯博-全球非投資等級債券基金AA(穩定月配)英鎊避險級別,yfinance,債券型,全球市場
B03622,2017-06-21,5.9492692947387695,英鎊,聯博-全球非投資等級債券基金AA(穩定月配)英鎊避險級別,yfinance,債券型,全球市場
B03622,2017-06-22,5.953917503356934,英鎊,聯博-全球非投資等級債券基金AA(穩定月配)英鎊避險級別,yfinance,債券型,全球市場
B03622,2017-06-26,5.995744705200195,英鎊,聯博-全球非投資等級債券基金AA(穩定月配)英鎊避險級別,yfinance,債券型,全球市場
B03622,2017-06-27,5.963212490081787,英鎊,聯博-全球非投資等級債券基金AA(穩定月配)英鎊避險級別,yfinance,債券型,全球市場
B03622,2017-06-28,5.963212490081787,英鎊,聯博-全球非投資等級債券基金AA(穩定月配)英鎊避險級別,yfinance,債券型,全球市場
B03622,2017-06-29,5.9585676193237305,英鎊,聯博-全球非投資等級債券基金AA(穩定月配)英鎊避險級別,yfinance,債券型,全球市場
B03622,2017-06-30,5.956225872039795,英鎊,聯博-全球非投資等級債券基金AA(穩定月配)英鎊避險級別,yfinance,債券型,全球市場
B03622,2017-07-03,5.9515509605407715,英鎊,聯博-全球非投資等級債券基金AA(穩定月配)英鎊避險級別,yfinance,債券型,全球市場
B03622,2017-07-05,5.946877479553223,英鎊,聯博-全球非投資等級債券基金AA(穩定月配)英鎊避險級別,yfinance,債券型,全球市場
B03622,2017-07-06,5.937525272369385,英鎊,聯博-全球非投資等級債券基金AA(穩定月配)英鎊避險級別,yfinance,債券型,全球市場
B03622,2017-07-07,5.932851791381836,英鎊,聯博-全球非投資等級債券基金AA(穩定月配)英鎊避險級別,yfinance,債券型,全球市場
B03622,2017-07-10,5.937525272369385,英鎊,聯博-全球非投資等級債券基金AA(穩定月配)英鎊避險級別,yfinance,債券型,全球市場
B03622,2017-07-11,5.942200660705566,英鎊,聯博-全球非投資等級債券基金AA(穩定月配)英鎊避險級別,yfinance,債券型,全球市場
B03622,2017-07-12,5.960902214050293,英鎊,聯博-全球非投資等級債券基金AA(穩定月配)英鎊避險級別,yfinance,債券型,全球市場
B03622,2017-07-13,5.970252990722656,英鎊,聯博-全球非投資等級債券基金AA(穩定月配)英鎊避險級別,yfinance,債券型,全球市場
B03622,2017-07-14,5.9796037673950195,英鎊,聯博-全球非投資等級債券基金AA(穩定月配)英鎊避險級別,yfinance,債券型,全球市場
B03622,2017-07-17,5.993631839752197,英鎊,聯博-全球非投資等級債券基金AA(穩定月配)英鎊避險級別,yfinance,債券型,全球市場
B03622,2017-07-18,5.998302936553955,英鎊,聯博-全球非投資等級債券基金AA(穩定月配)英鎊避險級別,yfinance,債券型,全球市場
B03622,2017-07-19,6.002978324890137,英鎊,聯博-全球非投資等級債券基金AA(穩定月配)英鎊避險級別,yfinance,債券型,全球市場
B03622,2017-07-20,6.007653713226318,英鎊,聯博-全球非投資等級債券基金AA(穩定月配)英鎊避險級別,yfinance,債券型,全球市場
B03622,2017-07-21,6.012326717376709,英鎊,聯博-全球非投資等級債券基金AA(穩定月配)英鎊避險級別,yfinance,債券型,全球市場
B03622,2017-07-24,6.007653713226318,英鎊,聯博-全球非投資等級債券基金AA(穩定月配)英鎊避險級別,yfinance,債券型,全球市場
B03622,2017-07-25,6.002978324890137,英鎊,聯博-全球非投資等級債券基金AA(穩定月配)英鎊避險級別,yfinance,債券型,全球市場
B03622,2017-07-26,6.040381908416748,英鎊,聯博-全球非投資等級債券基金AA(穩定月配)英鎊避險級別,yfinance,債券型,全球市場
B03622,2017-07-27,6.007653713226318,英鎊,聯博-全球非投資等級債券基金AA(穩定月配)英鎊避險級別,yfinance,債券型,全球市場
B03622,2017-07-28,6.012326717376709,英鎊,聯博-全球非投資等級債券基金AA(穩定月配)英鎊避險級別,yfinance,債券型,全球市場
B03622,2017-07-31,6.014680862426758,英鎊,聯博-全球非投資等級債券基金AA(穩定月配)英鎊避險級別,yfinance,債券型,全球市場
B03622,2017-08-01,6.019383907318115,英鎊,聯博-全球非投資等級債券基金AA(穩定月配)英鎊避險級別,yfinance,債券型,全球市場
B03622,2017-08-02,6.019383907318115,英鎊,聯博-全球非投資等級債券基金AA(穩定月配)英鎊避險級別,yfinance,債券型,全球市場
B03622,2017-08-03,6.0240864753723145,英鎊,聯博-全球非投資等級債券基金AA(穩定月配)英鎊避險級別,yfinance,債券型,全球市場
B03622,2017-08-04,6.019383907318115,英鎊,聯博-全球非投資等級債券基金AA(穩定月配)英鎊避險級別,yfinance,債券型,全球市場
B03622,2017-08-07,6.019383907318115,英鎊,聯博-全球非投資等級債券基金AA(穩定月配)英鎊避險級別,yfinance,債券型,全球市場
B03622,2017-08-08,6.009977340698242,英鎊,聯博-全球非投資等級債券基金AA(穩定月配)英鎊避險級別,yfinance,債券型,全球市場
B03622,2017-08-09,5.9958696365356445,英鎊,聯博-全球非投資等級債券基金AA(穩定月配)英鎊避險級別,yfinance,債券型,全球市場
B03622,2017-08-10,5.977058410644531,英鎊,聯博-全球非投資等級債券基金AA(穩定月配)英鎊避險級別,yfinance,債券型,全球市場
B03622,2017-08-11,5.977058410644531,英鎊,聯博-全球非投資等級債券基金AA(穩定月配)英鎊避險級別,yfinance,債券型,全球市場
B03622,2017-08-14,5.9911675453186035,英鎊,聯博-全球非投資等級債券基金AA(穩定月配)英鎊避險級別,yfinance,債券型,全球市場
B03622,2017-08-16,6.00057315826416,英鎊,聯博-全球非投資等級債券基金AA(穩定月配)英鎊避險級別,yfinance,債券型,全球市場
B03622,2017-08-17,5.9911675453186035,英鎊,聯博-全球非投資等級債券基金AA(穩定月配)英鎊避險級別,yfinance,債券型,全球市場
B03622,2017-08-18,5.9911675453186035,英鎊,聯博-全球非投資等級債券基金AA(穩定月配)英鎊避險級別,yfinance,債券型,全球市場
B03622,2017-08-21,5.9911675453186035,英鎊,聯博-全球非投資等級債券基金AA(穩定月配)英鎊避險級別,yfinance,債券型,全球市場
B03622,2017-08-22,5.9911675453186035,英鎊,聯博-全球非投資等級債券基金AA(穩定月配)英鎊避險級別,yfinance,債券型,全球市場
B03622,2017-08-23,6.0240864753723145,英鎊,聯博-全球非投資等級債券基金AA(穩定月配)英鎊避險級別,yfinance,債券型,全球市場
B03622,2017-08-24,5.9958696365356445,英鎊,聯博-全球非投資等級債券基金AA(穩定月配)英鎊避險級別,yfinance,債券型,全球市場
B03622,2017-08-25,6.009977340698242,英鎊,聯博-全球非投資等級債券基金AA(穩定月配)英鎊避險級別,yfinance,債券型,全球市場
B03622,2017-08-29,6.009977340698242,英鎊,聯博-全球非投資等級債券基金AA(穩定月配)英鎊避險級別,yfinance,債券型,全球市場
B03622,2017-08-30,6.009977340698242,英鎊,聯博-全球非投資等級債券基金AA(穩定月配)英鎊避險級別,yfinance,債券型,全球市場
B03622,2017-08-31,6.017075538635254,英鎊,聯博-全球非投資等級債券基金AA(穩定月配)英鎊避險級別,yfinance,債券型,全球市場
B03622,2017-09-01,6.026534080505371,英鎊,聯博-全球非投資等級債券基金AA(穩定月配)英鎊避險級別,yfinance,債券型,全球市場
B03622,2017-09-05,6.031266212463379,英鎊,聯博-全球非投資等級債券基金AA(穩定月配)英鎊避險級別,yfinance,債券型,全球市場
B03622,2017-09-06,6.031266212463379,英鎊,聯博-全球非投資等級債券基金AA(穩定月配)英鎊避險級別,yfinance,債券型,全球市場
B03622,2017-09-07,6.040726184844971,英鎊,聯博-全球非投資等級債券基金AA(穩定月配)英鎊避險級別,yfinance,債券型,全球市場
B03622,2017-09-08,6.040726184844971,英鎊,聯博-全球非投資等級債券基金AA(穩定月配)英鎊避險級別,yfinance,債券型,全球市場
B03622,2017-09-11,6.040726184844971,英鎊,聯博-全球非投資等級債券基金AA(穩定月配)英鎊避險級別,yfinance,債券型,全球市場
B03622,2017-09-12,6.040726184844971,英鎊,聯博-全球非投資等級債券基金AA(穩定月配)英鎊避險級別,yfinance,債券型,全球市場
B03622,2017-09-13,6.040726184844971,英鎊,聯博-全球非投資等級債券基金AA(穩定月配)英鎊避險級別,yfinance,債券型,全球市場
B03622,2017-09-14,6.045454502105713,英鎊,聯博-全球非投資等級債券基金AA(穩定月配)英鎊避險級別,yfinance,債券型,全球市場
B03622,2017-09-15,6.045454502105713,英鎊,聯博-全球非投資等級債券基金AA(穩定月配)英鎊避險級別,yfinance,債券型,全球市場
B03622,2017-09-18,6.040726184844971,英鎊,聯博-全球非投資等級債券基金AA(穩定月配)英鎊避險級別,yfinance,債券型,全球市場
B03622,2017-09-19,6.040726184844971,英鎊,聯博-全球非投資等級債券基金AA(穩定月配)英鎊避險級別,yfinance,債券型,全球市場
B03622,2017-09-20,6.040726184844971,英鎊,聯博-全球非投資等級債券基金AA(穩定月配)英鎊避險級別,yfinance,債券型,全球市場
B03622,2017-09-21,6.035995960235596,英鎊,聯博-全球非投資等級債券基金AA(穩定月配)英鎊避險級別,yfinance,債券型,全球市場
B03622,2017-09-22,6.040726184844971,英鎊,聯博-全球非投資等級債券基金AA(穩定月配)英鎊避險級別,yfinance,債券型,全球市場
B03622,2017-09-25,6.040726184844971,英鎊,聯博-全球非投資等級債券基金AA(穩定月配)英鎊避險級別,yfinance,債券型,全球市場
B03622,2017-09-26,6.069108486175537,英鎊,聯博-全球非投資等級債券基金AA(穩定月配)英鎊避險級別,yfinance,債券型,全球市場
B03622,2017-09-27,6.031266212463379,英鎊,聯博-全球非投資等級債券基金AA(穩定月配)英鎊避險級別,yfinance,債券型,全球市場
B03622,2017-09-28,6.031266212463379,英鎊,聯博-全球非投資等級債券基金AA(穩定月配)英鎊避險級別,yfinance,債券型,全球市場
B03622,2017-09-29,6.038402557373047,英鎊,聯博-全球非投資等級債券基金AA(穩定月配)英鎊避險級別,yfinance,債券型,全球市場
B03622,2017-10-02,6.038402557373047,英鎊,聯博-全球非投資等級債券基金AA(穩定月配)英鎊避險級別,yfinance,債券型,全球市場
B03622,2017-10-03,6.043161392211914,英鎊,聯博-全球非投資等級債券基金AA(穩定月配)英鎊避險級別,yfinance,債券型,全球市場
B03622,2017-10-04,6.047918319702148,英鎊,聯博-全球非投資等級債券基金AA(穩定月配)英鎊避險級別,yfinance,債券型,全球市場
B03622,2017-10-05,6.043161392211914,英鎊,聯博-全球非投資等級債券基金AA(穩定月配)英鎊避險級別,yfinance,債券型,全球市場
B03622,2017-10-06,6.038402557373047,英鎊,聯博-全球非投資等級債券基金AA(穩定月配)英鎊避險級別,yfinance,債券型,全球市場
B03622,2017-10-09,6.0336408615112305,英鎊,聯博-全球非投資等級債券基金AA(穩定月配)英鎊避險級別,yfinance,債券型,全球市場
B03622,2017-10-10,6.038402557373047,英鎊,聯博-全球非投資等級債券基金AA(穩定月配)英鎊避險級別,yfinance,債券型,全球市場
B03622,2017-10-11,6.043161392211914,英鎊,聯博-全球非投資等級債券基金AA(穩定月配)英鎊避險級別,yfinance,債券型,全球市場
B03622,2017-10-12,6.038402557373047,英鎊,聯博-全球非投資等級債券基金AA(穩定月配)英鎊避險級別,yfinance,債券型,全球市場
B03622,2017-10-13,6.047918319702148,英鎊,聯博-全球非投資等級債券基金AA(穩定月配)英鎊避險級別,yfinance,債券型,全球市場
B03622,2017-10-16,6.043161392211914,英鎊,聯博-全球非投資等級債券基金AA(穩定月配)英鎊避險級別,yfinance,債券型,全球市場
B03622,2017-10-17,6.047918319702148,英鎊,聯博-全球非投資等級債券基金AA(穩定月配)英鎊避險級別,yfinance,債券型,全球市場
B03622,2017-10-18,6.043161392211914,英鎊,聯博-全球非投資等級債券基金AA(穩定月配)英鎊避險級別,yfinance,債券型,全球市場
B03622,2017-10-19,6.047918319702148,英鎊,聯博-全球非投資等級債券基金AA(穩定月配)英鎊避險級別,yfinance,債券型,全球市場
B03622,2017-10-20,6.047918319702148,英鎊,聯博-全球非投資等級債券基金AA(穩定月配)英鎊避險級別,yfinance,債券型,全球市場
B03622,2017-10-23,6.043161392211914,英鎊,聯博-全球非投資等級債券基金AA(穩定月配)英鎊避險級別,yfinance,債券型,全球市場
B03622,2017-10-24,6.0336408615112305,英鎊,聯博-全球非投資等級債券基金AA(穩定月配)英鎊避險級別,yfinance,債券型,全球市場
B03622,2017-10-25,6.024127006530762,英鎊,聯博-全球非投資等級債券基金AA(穩定月配)英鎊避險級別,yfinance,債券型,全球市場
B03622,2017-10-26,6.009853363037109,英鎊,聯博-全球非投資等級債券基金AA(穩定月配)英鎊避險級別,yfinance,債券型,全球市場
B03622,2017-10-27,6.019367218017578,英鎊,聯博-全球非投資等級債券基金AA(穩定月配)英鎊避險級別,yfinance,債券型,全球市場
B03622,2017-10-30,6.024127006530762,英鎊,聯博-全球非投資等級債券基金AA(穩定月配)英鎊避險級別,yfinance,債券型,全球市場
B03622,2017-10-31,6.026520252227783,英鎊,聯博-全球非投資等級債券基金AA(穩定月配)英鎊避險級別,yfinance,債券型,全球市場
B03622,2017-11-02,6.031309127807617,英鎊,聯博-全球非投資等級債券基金AA(穩定月配)英鎊避險級別,yfinance,債券型,全球市場
B03622,2017-11-03,6.01215934753418,英鎊,聯博-全球非投資等級債券基金AA(穩定月配)英鎊避險級別,yfinance,債券型,全球市場
B03622,2017-11-06,6.021731853485107,英鎊,聯博-全球非投資等級債券基金AA(穩定月配)英鎊避險級別,yfinance,債券型,全球市場
B03622,2017-11-07,6.01215934753418,英鎊,聯博-全球非投資等級債券基金AA(穩定月配)英鎊避險級別,yfinance,債券型,全球市場
B03622,2017-11-08,6.002589702606201,英鎊,聯博-全球非投資等級債券基金AA(穩定月配)英鎊避險級別,yfinance,債券型,全球市場
B03622,2017-11-09,5.988229274749756,英鎊,聯博-全球非投資等級債券基金AA(穩定月配)英鎊避險級別,yfinance,債券型,全球市場
B03622,2017-11-10,5.983439922332764,英鎊,聯博-全球非投資等級債券基金AA(穩定月配)英鎊避險級別,yfinance,債券型,全球市場
B03622,2017-11-13,5.964292526245117,英鎊,聯博-全球非投資等級債券基金AA(穩定月配)英鎊避險級別,yfinance,債券型,全球市場
B03622,2017-11-14,5.964292526245117,英鎊,聯博-全球非投資等級債券基金AA(穩定月配)英鎊避險級別,yfinance,債券型,全球市場
B03622,2017-11-15,5.954718589782715,英鎊,聯博-全球非投資等級債券基金AA(穩定月配)英鎊避險級別,yfinance,債券型,全球市場
B03622,2017-11-16,5.978654384613037,英鎊,聯博-全球非投資等級債券基金AA(穩定月配)英鎊避險級別,yfinance,債券型,全球市場
B03622,2017-11-17,5.988229274749756,英鎊,聯博-全球非投資等級債券基金AA(穩定月配)英鎊避險級別,yfinance,債券型,全球市場
B03622,2017-11-20,5.988229274749756,英鎊,聯博-全球非投資等級債券基金AA(穩定月配)英鎊避險級別,yfinance,債券型,全球市場
B03622,2017-11-21,5.993016242980957,英鎊,聯博-全球非投資等級債券基金AA(穩定月配)英鎊避險級別,yfinance,債券型,全球市場
B03622,2017-11-22,6.007376194000244,英鎊,聯博-全球非投資等級債券基金AA(穩定月配)英鎊避險級別,yfinance,債券型,全球市場
B03622,2017-11-24,6.016948699951172,英鎊,聯博-全球非投資等級債券基金AA(穩定月配)英鎊避險級別,yfinance,債券型,全球市場
B03622,2017-11-27,6.0456695556640625,英鎊,聯博-全球非投資等級債券基金AA(穩定月配)英鎊避險級別,yfinance,債券型,全球市場
B03622,2017-11-28,6.021731853485107,英鎊,聯博-全球非投資等級債券基金AA(穩定月配)英鎊避險級別,yfinance,債券型,全球市場
B03622,2017-11-29,6.01215934753418,英鎊,聯博-全球非投資等級債券基金AA(穩定月配)英鎊避險級別,yfinance,債券型,全球市場
B03622,2017-11-30,6.014568328857422,英鎊,聯博-全球非投資等級債券基金AA(穩定月配)英鎊避險級別,yfinance,債券型,全球市場
B03622,2017-12-01,6.019381046295166,英鎊,聯博-全球非投資等級債券基金AA(穩定月配)英鎊避險級別,yfinance,債券型,全球市場
B03622,2017-12-04,6.0242018699646,英鎊,聯博-全球非投資等級債券基金AA(穩定月配)英鎊避險級別,yfinance,債券型,全球市場
B03622,2017-12-05,6.014568328857422,英鎊,聯博-全球非投資等級債券基金AA(穩定月配)英鎊避險級別,yfinance,債券型,全球市場
B03622,2017-12-06,6.0242018699646,英鎊,聯博-全球非投資等級債券基金AA(穩定月配)英鎊避險級別,yfinance,債券型,全球市場
B03622,2017-12-07,6.019381046295166,英鎊,聯博-全球非投資等級債券基金AA(穩定月配)英鎊避險級別,yfinance,債券型,全球市場
B03622,2017-12-08,6.0242018699646,英鎊,聯博-全球非投資等級債券基金AA(穩定月配)英鎊避險級別,yfinance,債券型,全球市場
B03622,2017-12-11,6.029016971588135,英鎊,聯博-全球非投資等級債券基金AA(穩定月配)英鎊避險級別,yfinance,債券型,全球市場
B03622,2017-12-12,6.014568328857422,英鎊,聯博-全球非投資等級債券基金AA(穩定月配)英鎊避險級別,yfinance,債券型,全球市場
B03622,2017-12-13,6.0386457443237305,英鎊,聯博-全球非投資等級債券基金AA(穩定月配)英鎊避險級別,yfinance,債券型,全球市場
B03622,2017-12-14,6.0338287353515625,英鎊,聯博-全球非投資等級債券基金AA(穩定月配)英鎊避險級別,yfinance,債券型,全球市場
B03622,2017-12-15,6.0386457443237305,英鎊,聯博-全球非投資等級債券基金AA(穩定月配)英鎊避險級別,yfinance,債券型,全球市場
B03622,2017-12-18,6.0386457443237305,英鎊,聯博-全球非投資等級債券基金AA(穩定月配)英鎊避險級別,yfinance,債券型,全球市場
B03622,2017-12-19,6.029016971588135,英鎊,聯博-全球非投資等級債券基金AA(穩定月配)英鎊避險級別,yfinance,債券型,全球市場
B03622,2017-12-20,6.029016971588135,英鎊,聯博-全球非投資等級債券基金AA(穩定月配)英鎊避險級別,yfinance,債券型,全球市場
B03622,2017-12-21,6.0338287353515625,英鎊,聯博-全球非投資等級債券基金AA(穩定月配)英鎊避險級別,yfinance,債券型,全球市場
B03622,2017-12-22,6.0338287353515625,英鎊,聯博-全球非投資等級債券基金AA(穩定月配)英鎊避險級別,yfinance,債券型,全球市場
B03622,2017-12-27,6.0338287353515625,英鎊,聯博-全球非投資等級債券基金AA(穩定月配)英鎊避險級別,yfinance,債券型,全球市場
B03622,2017-12-28,6.0338287353515625,英鎊,聯博-全球非投資等級債券基金AA(穩定月配)英鎊避險級別,yfinance,債券型,全球市場
B03622,2017-12-29,6.041093349456787,英鎊,聯博-全球非投資等級債券基金AA(穩定月配)英鎊避險級別,yfinance,債券型,全球市場
