代碼,日期,淨值,幣別,名稱,來源,資產類型,投資區域,發行,系列
B19161,2014-01-02,48.878448486328125,英鎊,瑞銀 (盧森堡) 歐元非投資等級債券基金 (歐元) (英鎊避險) (月配息),yfinance,債券型,全球市場,A0015 瑞銀投信,瑞銀
B19161,2014-01-03,48.91733169555664,英鎊,瑞銀 (盧森堡) 歐元非投資等級債券基金 (歐元) (英鎊避險) (月配息),yfinance,債券型,全球市場,A0015 瑞銀投信,瑞銀
B19161,2014-01-06,49.038848876953125,英鎊,瑞銀 (盧森堡) 歐元非投資等級債券基金 (歐元) (英鎊避險) (月配息),yfinance,債券型,全球市場,A0015 瑞銀投信,瑞銀
B19161,2014-01-07,49.11174774169922,英鎊,瑞銀 (盧森堡) 歐元非投資等級債券基金 (歐元) (英鎊避險) (月配息),yfinance,債券型,全球市場,A0015 瑞銀投信,瑞銀
B19161,2014-01-08,49.12632751464844,英鎊,瑞銀 (盧森堡) 歐元非投資等級債券基金 (歐元) (英鎊避險) (月配息),yfinance,債券型,全球市場,A0015 瑞銀投信,瑞銀
B19161,2014-01-09,49.13606643676758,英鎊,瑞銀 (盧森堡) 歐元非投資等級債券基金 (歐元) (英鎊避險) (月配息),yfinance,債券型,全球市場,A0015 瑞銀投信,瑞銀
B19161,2014-01-10,49.15549850463867,英鎊,瑞銀 (盧森堡) 歐元非投資等級債券基金 (歐元) (英鎊避險) (月配息),yfinance,債券型,全球市場,A0015 瑞銀投信,瑞銀
B19161,2014-01-13,49.490867614746094,英鎊,瑞銀 (盧森堡) 歐元非投資等級債券基金 (歐元) (英鎊避險) (月配息),yfinance,債券型,全球市場,A0015 瑞銀投信,瑞銀
B19161,2014-01-14,49.18951416015625,英鎊,瑞銀 (盧森堡) 歐元非投資等級債券基金 (歐元) (英鎊避險) (月配息),yfinance,債券型,全球市場,A0015 瑞銀投信,瑞銀
B19161,2014-01-15,49.22369384765625,英鎊,瑞銀 (盧森堡) 歐元非投資等級債券基金 (歐元) (英鎊避險) (月配息),yfinance,債券型,全球市場,A0015 瑞銀投信,瑞銀
B19161,2014-01-16,49.277313232421875,英鎊,瑞銀 (盧森堡) 歐元非投資等級債券基金 (歐元) (英鎊避險) (月配息),yfinance,債券型,全球市場,A0015 瑞銀投信,瑞銀
B19161,2014-01-17,49.2968635559082,英鎊,瑞銀 (盧森堡) 歐元非投資等級債券基金 (歐元) (英鎊避險) (月配息),yfinance,債券型,全球市場,A0015 瑞銀投信,瑞銀
B19161,2014-01-20,49.34563446044922,英鎊,瑞銀 (盧森堡) 歐元非投資等級債券基金 (歐元) (英鎊避險) (月配息),yfinance,債券型,全球市場,A0015 瑞銀投信,瑞銀
B19161,2014-01-21,49.3748893737793,英鎊,瑞銀 (盧森堡) 歐元非投資等級債券基金 (歐元) (英鎊避險) (月配息),yfinance,債券型,全球市場,A0015 瑞銀投信,瑞銀
B19161,2014-01-22,49.633487701416016,英鎊,瑞銀 (盧森堡) 歐元非投資等級債券基金 (歐元) (英鎊避險) (月配息),yfinance,債券型,全球市場,A0015 瑞銀投信,瑞銀
B19161,2014-01-23,49.32612991333008,英鎊,瑞銀 (盧森堡) 歐元非投資等級債券基金 (歐元) (英鎊避險) (月配息),yfinance,債券型,全球市場,A0015 瑞銀投信,瑞銀
B19161,2014-01-24,49.44807815551758,英鎊,瑞銀 (盧森堡) 歐元非投資等級債券基金 (歐元) (英鎊避險) (月配息),yfinance,債券型,全球市場,A0015 瑞銀投信,瑞銀
B19161,2014-01-27,49.111473083496094,英鎊,瑞銀 (盧森堡) 歐元非投資等級債券基金 (歐元) (英鎊避險) (月配息),yfinance,債券型,全球市場,A0015 瑞銀投信,瑞銀
B19161,2014-01-28,49.16510772705078,英鎊,瑞銀 (盧森堡) 歐元非投資等級債券基金 (歐元) (英鎊避險) (月配息),yfinance,債券型,全球市場,A0015 瑞銀投信,瑞銀
B19161,2014-01-29,49.17974853515625,英鎊,瑞銀 (盧森堡) 歐元非投資等級債券基金 (歐元) (英鎊避險) (月配息),yfinance,債券型,全球市場,A0015 瑞銀投信,瑞銀
B19161,2014-01-30,49.121212005615234,英鎊,瑞銀 (盧森堡) 歐元非投資等級債券基金 (歐元) (英鎊避險) (月配息),yfinance,債券型,全球市場,A0015 瑞銀投信,瑞銀
B19161,2014-01-31,49.116355895996094,英鎊,瑞銀 (盧森堡) 歐元非投資等級債券基金 (歐元) (英鎊避險) (月配息),yfinance,債券型,全球市場,A0015 瑞銀投信,瑞銀
B19161,2014-02-03,49.126075744628906,英鎊,瑞銀 (盧森堡) 歐元非投資等級債券基金 (歐元) (英鎊避險) (月配息),yfinance,債券型,全球市場,A0015 瑞銀投信,瑞銀
B19161,2014-02-04,49.096832275390625,英鎊,瑞銀 (盧森堡) 歐元非投資等級債券基金 (歐元) (英鎊避險) (月配息),yfinance,債券型,全球市場,A0015 瑞銀投信,瑞銀
B19161,2014-02-05,49.140743255615234,英鎊,瑞銀 (盧森堡) 歐元非投資等級債券基金 (歐元) (英鎊避險) (月配息),yfinance,債券型,全球市場,A0015 瑞銀投信,瑞銀
B19161,2014-02-06,49.19440460205078,英鎊,瑞銀 (盧森堡) 歐元非投資等級債券基金 (歐元) (英鎊避險) (月配息),yfinance,債券型,全球市場,A0015 瑞銀投信,瑞銀
B19161,2014-02-07,49.2578010559082,英鎊,瑞銀 (盧森堡) 歐元非投資等級債券基金 (歐元) (英鎊避險) (月配息),yfinance,債券型,全球市場,A0015 瑞銀投信,瑞銀
B19161,2014-02-10,49.34563446044922,英鎊,瑞銀 (盧森堡) 歐元非投資等級債券基金 (歐元) (英鎊避險) (月配息),yfinance,債券型,全球市場,A0015 瑞銀投信,瑞銀
B19161,2014-02-11,49.4139289855957,英鎊,瑞銀 (盧森堡) 歐元非投資等級債券基金 (歐元) (英鎊避險) (月配息),yfinance,債券型,全球市場,A0015 瑞銀投信,瑞銀
B19161,2014-02-12,49.42858123779297,英鎊,瑞銀 (盧森堡) 歐元非投資等級債券基金 (歐元) (英鎊避險) (月配息),yfinance,債券型,全球市場,A0015 瑞銀投信,瑞銀
B19161,2014-02-13,49.43344497680664,英鎊,瑞銀 (盧森堡) 歐元非投資等級債券基金 (歐元) (英鎊避險) (月配息),yfinance,債券型,全球市場,A0015 瑞銀投信,瑞銀
B19161,2014-02-14,49.44807815551758,英鎊,瑞銀 (盧森堡) 歐元非投資等級債券基金 (歐元) (英鎊避險) (月配息),yfinance,債券型,全球市場,A0015 瑞銀投信,瑞銀
B19161,2014-02-17,49.506622314453125,英鎊,瑞銀 (盧森堡) 歐元非投資等級債券基金 (歐元) (英鎊避險) (月配息),yfinance,債券型,全球市場,A0015 瑞銀投信,瑞銀
B19161,2014-02-18,49.55078887939453,英鎊,瑞銀 (盧森堡) 歐元非投資等級債券基金 (歐元) (英鎊避險) (月配息),yfinance,債券型,全球市場,A0015 瑞銀投信,瑞銀
B19161,2014-02-19,49.590023040771484,英鎊,瑞銀 (盧森堡) 歐元非投資等級債券基金 (歐元) (英鎊避險) (月配息),yfinance,債券型,全球市場,A0015 瑞銀投信,瑞銀
B19161,2014-02-20,49.59984588623047,英鎊,瑞銀 (盧森堡) 歐元非投資等級債券基金 (歐元) (英鎊避險) (月配息),yfinance,債券型,全球市場,A0015 瑞銀投信,瑞銀
B19161,2014-02-21,49.64889144897461,英鎊,瑞銀 (盧森堡) 歐元非投資等級債券基金 (歐元) (英鎊避險) (月配息),yfinance,債券型,全球市場,A0015 瑞銀投信,瑞銀
B19161,2014-02-24,49.747066497802734,英鎊,瑞銀 (盧森堡) 歐元非投資等級債券基金 (歐元) (英鎊避險) (月配息),yfinance,債券型,全球市場,A0015 瑞銀投信,瑞銀
B19161,2014-02-25,49.80594253540039,英鎊,瑞銀 (盧森堡) 歐元非投資等級債券基金 (歐元) (英鎊避險) (月配息),yfinance,債券型,全球市場,A0015 瑞銀投信,瑞銀
B19161,2014-02-26,49.84517288208008,英鎊,瑞銀 (盧森堡) 歐元非投資等級債券基金 (歐元) (英鎊避險) (月配息),yfinance,債券型,全球市場,A0015 瑞銀投信,瑞銀
B19161,2014-02-27,49.879512786865234,英鎊,瑞銀 (盧森堡) 歐元非投資等級債券基金 (歐元) (英鎊避險) (月配息),yfinance,債券型,全球市場,A0015 瑞銀投信,瑞銀
B19161,2014-02-28,49.92365646362305,英鎊,瑞銀 (盧森堡) 歐元非投資等級債券基金 (歐元) (英鎊避險) (月配息),yfinance,債券型,全球市場,A0015 瑞銀投信,瑞銀
B19161,2014-03-03,49.918785095214844,英鎊,瑞銀 (盧森堡) 歐元非投資等級債券基金 (歐元) (英鎊避險) (月配息),yfinance,債券型,全球市場,A0015 瑞銀投信,瑞銀
B19161,2014-03-04,49.982540130615234,英鎊,瑞銀 (盧森堡) 歐元非投資等級債券基金 (歐元) (英鎊避險) (月配息),yfinance,債券型,全球市場,A0015 瑞銀投信,瑞銀
B19161,2014-03-05,50.04631805419922,英鎊,瑞銀 (盧森堡) 歐元非投資等級債券基金 (歐元) (英鎊避險) (月配息),yfinance,債券型,全球市場,A0015 瑞銀投信,瑞銀
B19161,2014-03-06,50.06599044799805,英鎊,瑞銀 (盧森堡) 歐元非投資等級債券基金 (歐元) (英鎊避險) (月配息),yfinance,債券型,全球市場,A0015 瑞銀投信,瑞銀
B19161,2014-03-07,50.090511322021484,英鎊,瑞銀 (盧森堡) 歐元非投資等級債券基金 (歐元) (英鎊避險) (月配息),yfinance,債券型,全球市場,A0015 瑞銀投信,瑞銀
B19161,2014-03-10,50.1297492980957,英鎊,瑞銀 (盧森堡) 歐元非投資等級債券基金 (歐元) (英鎊避險) (月配息),yfinance,債券型,全球市場,A0015 瑞銀投信,瑞銀
B19161,2014-03-11,50.1297492980957,英鎊,瑞銀 (盧森堡) 歐元非投資等級債券基金 (歐元) (英鎊避險) (月配息),yfinance,債券型,全球市場,A0015 瑞銀投信,瑞銀
B19161,2014-03-12,50.100303649902344,英鎊,瑞銀 (盧森堡) 歐元非投資等級債券基金 (歐元) (英鎊避險) (月配息),yfinance,債券型,全球市場,A0015 瑞銀投信,瑞銀
B19161,2014-03-13,50.06599044799805,英鎊,瑞銀 (盧森堡) 歐元非投資等級債券基金 (歐元) (英鎊避險) (月配息),yfinance,債券型,全球市場,A0015 瑞銀投信,瑞銀
B19161,2014-03-14,49.982540130615234,英鎊,瑞銀 (盧森堡) 歐元非投資等級債券基金 (歐元) (英鎊避險) (月配息),yfinance,債券型,全球市場,A0015 瑞銀投信,瑞銀
B19161,2014-03-17,50.04674530029297,英鎊,瑞銀 (盧森堡) 歐元非投資等級債券基金 (歐元) (英鎊避險) (月配息),yfinance,債券型,全球市場,A0015 瑞銀投信,瑞銀
B19161,2014-03-18,50.37748336791992,英鎊,瑞銀 (盧森堡) 歐元非投資等級債券基金 (歐元) (英鎊避險) (月配息),yfinance,債券型,全球市場,A0015 瑞銀投信,瑞銀
B19161,2014-03-19,50.12568664550781,英鎊,瑞銀 (盧森堡) 歐元非投資等級債券基金 (歐元) (英鎊避險) (月配息),yfinance,債券型,全球市場,A0015 瑞銀投信,瑞銀
B19161,2014-03-20,50.09114074707031,英鎊,瑞銀 (盧森堡) 歐元非投資等級債券基金 (歐元) (英鎊避險) (月配息),yfinance,債券型,全球市場,A0015 瑞銀投信,瑞銀
B19161,2014-03-21,50.12077331542969,英鎊,瑞銀 (盧森堡) 歐元非投資等級債券基金 (歐元) (英鎊避險) (月配息),yfinance,債券型,全球市場,A0015 瑞銀投信,瑞銀
B19161,2014-03-24,50.14051055908203,英鎊,瑞銀 (盧森堡) 歐元非投資等級債券基金 (歐元) (英鎊避險) (月配息),yfinance,債券型,全球市場,A0015 瑞銀投信,瑞銀
B19161,2014-03-25,50.12077331542969,英鎊,瑞銀 (盧森堡) 歐元非投資等級債券基金 (歐元) (英鎊避險) (月配息),yfinance,債券型,全球市場,A0015 瑞銀投信,瑞銀
B19161,2014-03-26,50.14546203613281,英鎊,瑞銀 (盧森堡) 歐元非投資等級債券基金 (歐元) (英鎊避險) (月配息),yfinance,債券型,全球市場,A0015 瑞銀投信,瑞銀
B19161,2014-03-27,50.14546203613281,英鎊,瑞銀 (盧森堡) 歐元非投資等級債券基金 (歐元) (英鎊避險) (月配息),yfinance,債券型,全球市場,A0015 瑞銀投信,瑞銀
B19161,2014-03-28,50.170143127441406,英鎊,瑞銀 (盧森堡) 歐元非投資等級債券基金 (歐元) (英鎊避險) (月配息),yfinance,債券型,全球市場,A0015 瑞銀投信,瑞銀
B19161,2014-03-31,50.2293586730957,英鎊,瑞銀 (盧森堡) 歐元非投資等級債券基金 (歐元) (英鎊避險) (月配息),yfinance,債券型,全球市場,A0015 瑞銀投信,瑞銀
B19161,2014-04-01,50.27875900268555,英鎊,瑞銀 (盧森堡) 歐元非投資等級債券基金 (歐元) (英鎊避險) (月配息),yfinance,債券型,全球市場,A0015 瑞銀投信,瑞銀
B19161,2014-04-02,50.303443908691406,英鎊,瑞銀 (盧森堡) 歐元非投資等級債券基金 (歐元) (英鎊避險) (月配息),yfinance,債券型,全球市場,A0015 瑞銀投信,瑞銀
B19161,2014-04-03,50.318275451660156,英鎊,瑞銀 (盧森堡) 歐元非投資等級債券基金 (歐元) (英鎊避險) (月配息),yfinance,債券型,全球市場,A0015 瑞銀投信,瑞銀
B19161,2014-04-04,50.37256622314453,英鎊,瑞銀 (盧森堡) 歐元非投資等級債券基金 (歐元) (英鎊避險) (月配息),yfinance,債券型,全球市場,A0015 瑞銀投信,瑞銀
B19161,2014-04-07,50.38734436035156,英鎊,瑞銀 (盧森堡) 歐元非投資等級債券基金 (歐元) (英鎊避險) (月配息),yfinance,債券型,全球市場,A0015 瑞銀投信,瑞銀
B19161,2014-04-08,50.38734436035156,英鎊,瑞銀 (盧森堡) 歐元非投資等級債券基金 (歐元) (英鎊避險) (月配息),yfinance,債券型,全球市場,A0015 瑞銀投信,瑞銀
B19161,2014-04-09,50.42684555053711,英鎊,瑞銀 (盧森堡) 歐元非投資等級債券基金 (歐元) (英鎊避險) (月配息),yfinance,債券型,全球市場,A0015 瑞銀投信,瑞銀
B19161,2014-04-10,50.481136322021484,英鎊,瑞銀 (盧森堡) 歐元非投資等級債券基金 (歐元) (英鎊避險) (月配息),yfinance,債券型,全球市場,A0015 瑞銀投信,瑞銀
B19161,2014-04-11,50.44659423828125,英鎊,瑞銀 (盧森堡) 歐元非投資等級債券基金 (歐元) (英鎊避險) (月配息),yfinance,債券型,全球市場,A0015 瑞銀投信,瑞銀
B19161,2014-04-14,50.441654205322266,英鎊,瑞銀 (盧森堡) 歐元非投資等級債券基金 (歐元) (英鎊避險) (月配息),yfinance,債券型,全球市場,A0015 瑞銀投信,瑞銀
B19161,2014-04-15,50.43669891357422,英鎊,瑞銀 (盧森堡) 歐元非投資等級債券基金 (歐元) (英鎊避險) (月配息),yfinance,債券型,全球市場,A0015 瑞銀投信,瑞銀
B19161,2014-04-16,50.42674255371094,英鎊,瑞銀 (盧森堡) 歐元非投資等級債券基金 (歐元) (英鎊避險) (月配息),yfinance,債券型,全球市場,A0015 瑞銀投信,瑞銀
B19161,2014-04-17,50.43170928955078,英鎊,瑞銀 (盧森堡) 歐元非投資等級債券基金 (歐元) (英鎊避險) (月配息),yfinance,債券型,全球市場,A0015 瑞銀投信,瑞銀
B19161,2014-04-22,50.486351013183594,英鎊,瑞銀 (盧森堡) 歐元非投資等級債券基金 (歐元) (英鎊避險) (月配息),yfinance,債券型,全球市場,A0015 瑞銀投信,瑞銀
B19161,2014-04-23,50.526123046875,英鎊,瑞銀 (盧森堡) 歐元非投資等級債券基金 (歐元) (英鎊避險) (月配息),yfinance,債券型,全球市場,A0015 瑞銀投信,瑞銀
B19161,2014-04-24,50.55091094970703,英鎊,瑞銀 (盧森堡) 歐元非投資等級債券基金 (歐元) (英鎊避險) (月配息),yfinance,債券型,全球市場,A0015 瑞銀投信,瑞銀
B19161,2014-04-25,50.56088638305664,英鎊,瑞銀 (盧森堡) 歐元非投資等級債券基金 (歐元) (英鎊避險) (月配息),yfinance,債券型,全球市場,A0015 瑞銀投信,瑞銀
B19161,2014-04-28,50.57574462890625,英鎊,瑞銀 (盧森堡) 歐元非投資等級債券基金 (歐元) (英鎊避險) (月配息),yfinance,債券型,全球市場,A0015 瑞銀投信,瑞銀
B19161,2014-04-29,50.61052703857422,英鎊,瑞銀 (盧森堡) 歐元非投資等級債券基金 (歐元) (英鎊避險) (月配息),yfinance,債券型,全球市場,A0015 瑞銀投信,瑞銀
B19161,2014-04-30,50.63534927368164,英鎊,瑞銀 (盧森堡) 歐元非投資等級債券基金 (歐元) (英鎊避險) (月配息),yfinance,債券型,全球市場,A0015 瑞銀投信,瑞銀
B19161,2014-05-02,50.685035705566406,英鎊,瑞銀 (盧森堡) 歐元非投資等級債券基金 (歐元) (英鎊避險) (月配息),yfinance,債券型,全球市場,A0015 瑞銀投信,瑞銀
B19161,2014-05-06,50.729713439941406,英鎊,瑞銀 (盧森堡) 歐元非投資等級債券基金 (歐元) (英鎊避險) (月配息),yfinance,債券型,全球市場,A0015 瑞銀投信,瑞銀
B19161,2014-05-07,50.76945877075195,英鎊,瑞銀 (盧森堡) 歐元非投資等級債券基金 (歐元) (英鎊避險) (月配息),yfinance,債券型,全球市場,A0015 瑞銀投信,瑞銀
B19161,2014-05-08,50.83403015136719,英鎊,瑞銀 (盧森堡) 歐元非投資等級債券基金 (歐元) (英鎊避險) (月配息),yfinance,債券型,全球市場,A0015 瑞銀投信,瑞銀
B19161,2014-05-09,50.86382293701172,英鎊,瑞銀 (盧森堡) 歐元非投資等級債券基金 (歐元) (英鎊避險) (月配息),yfinance,債券型,全球市場,A0015 瑞銀投信,瑞銀
B19161,2014-05-12,50.913475036621094,英鎊,瑞銀 (盧森堡) 歐元非投資等級債券基金 (歐元) (英鎊避險) (月配息),yfinance,債券型,全球市場,A0015 瑞銀投信,瑞銀
B19161,2014-05-13,50.968109130859375,英鎊,瑞銀 (盧森堡) 歐元非投資等級債券基金 (歐元) (英鎊避險) (月配息),yfinance,債券型,全球市場,A0015 瑞銀投信,瑞銀
B19161,2014-05-14,50.96317672729492,英鎊,瑞銀 (盧森堡) 歐元非投資等級債券基金 (歐元) (英鎊避險) (月配息),yfinance,債券型,全球市場,A0015 瑞銀投信,瑞銀
B19161,2014-05-15,50.87818908691406,英鎊,瑞銀 (盧森堡) 歐元非投資等級債券基金 (歐元) (英鎊避險) (月配息),yfinance,債券型,全球市場,A0015 瑞銀投信,瑞銀
B19161,2014-05-16,50.84825134277344,英鎊,瑞銀 (盧森堡) 歐元非投資等級債券基金 (歐元) (英鎊避險) (月配息),yfinance,債券型,全球市場,A0015 瑞銀投信,瑞銀
B19161,2014-05-19,50.83823013305664,英鎊,瑞銀 (盧森堡) 歐元非投資等級債券基金 (歐元) (英鎊避險) (月配息),yfinance,債券型,全球市場,A0015 瑞銀投信,瑞銀
B19161,2014-05-20,50.80325698852539,英鎊,瑞銀 (盧森堡) 歐元非投資等級債券基金 (歐元) (英鎊避險) (月配息),yfinance,債券型,全球市場,A0015 瑞銀投信,瑞銀
B19161,2014-05-21,50.75825119018555,英鎊,瑞銀 (盧森堡) 歐元非投資等級債券基金 (歐元) (英鎊避險) (月配息),yfinance,債券型,全球市場,A0015 瑞銀投信,瑞銀
B19161,2014-05-22,50.773284912109375,英鎊,瑞銀 (盧森堡) 歐元非投資等級債券基金 (歐元) (英鎊避險) (月配息),yfinance,債券型,全球市場,A0015 瑞銀投信,瑞銀
B19161,2014-05-23,50.78825378417969,英鎊,瑞銀 (盧森堡) 歐元非投資等級債券基金 (歐元) (英鎊避險) (月配息),yfinance,債券型,全球市場,A0015 瑞銀投信,瑞銀
B19161,2014-05-27,50.9131965637207,英鎊,瑞銀 (盧森堡) 歐元非投資等級債券基金 (歐元) (英鎊避險) (月配息),yfinance,債券型,全球市場,A0015 瑞銀投信,瑞銀
B19161,2014-05-28,50.95815658569336,英鎊,瑞銀 (盧森堡) 歐元非投資等級債券基金 (歐元) (英鎊避險) (月配息),yfinance,債券型,全球市場,A0015 瑞銀投信,瑞銀
B19161,2014-05-30,51.00311279296875,英鎊,瑞銀 (盧森堡) 歐元非投資等級債券基金 (歐元) (英鎊避險) (月配息),yfinance,債券型,全球市場,A0015 瑞銀投信,瑞銀
B19161,2014-06-02,51.023109436035156,英鎊,瑞銀 (盧森堡) 歐元非投資等級債券基金 (歐元) (英鎊避險) (月配息),yfinance,債券型,全球市場,A0015 瑞銀投信,瑞銀
B19161,2014-06-03,51.033077239990234,英鎊,瑞銀 (盧森堡) 歐元非投資等級債券基金 (歐元) (英鎊避險) (月配息),yfinance,債券型,全球市場,A0015 瑞銀投信,瑞銀
B19161,2014-06-04,51.063087463378906,英鎊,瑞銀 (盧森堡) 歐元非投資等級債券基金 (歐元) (英鎊避險) (月配息),yfinance,債券型,全球市場,A0015 瑞銀投信,瑞銀
B19161,2014-06-05,51.143028259277344,英鎊,瑞銀 (盧森堡) 歐元非投資等級債券基金 (歐元) (英鎊避險) (月配息),yfinance,債券型,全球市場,A0015 瑞銀投信,瑞銀
B19161,2014-06-06,51.317928314208984,英鎊,瑞銀 (盧森堡) 歐元非投資等級債券基金 (歐元) (英鎊避險) (月配息),yfinance,債券型,全球市場,A0015 瑞銀投信,瑞銀
B19161,2014-06-10,51.477840423583984,英鎊,瑞銀 (盧森堡) 歐元非投資等級債券基金 (歐元) (英鎊避險) (月配息),yfinance,債券型,全球市場,A0015 瑞銀投信,瑞銀
B19161,2014-06-11,51.4378547668457,英鎊,瑞銀 (盧森堡) 歐元非投資等級債券基金 (歐元) (英鎊避險) (月配息),yfinance,債券型,全球市場,A0015 瑞銀投信,瑞銀
B19161,2014-06-12,51.45285415649414,英鎊,瑞銀 (盧森堡) 歐元非投資等級債券基金 (歐元) (英鎊避險) (月配息),yfinance,債券型,全球市場,A0015 瑞銀投信,瑞銀
B19161,2014-06-13,51.4378547668457,英鎊,瑞銀 (盧森堡) 歐元非投資等級債券基金 (歐元) (英鎊避險) (月配息),yfinance,債券型,全球市場,A0015 瑞銀投信,瑞銀
B19161,2014-06-16,51.42781066894531,英鎊,瑞銀 (盧森堡) 歐元非投資等級債券基金 (歐元) (英鎊避險) (月配息),yfinance,債券型,全球市場,A0015 瑞銀投信,瑞銀
B19161,2014-06-17,51.432838439941406,英鎊,瑞銀 (盧森堡) 歐元非投資等級債券基金 (歐元) (英鎊避險) (月配息),yfinance,債券型,全球市場,A0015 瑞銀投信,瑞銀
B19161,2014-06-18,51.45798110961914,英鎊,瑞銀 (盧森堡) 歐元非投資等級債券基金 (歐元) (英鎊避險) (月配息),yfinance,債券型,全球市場,A0015 瑞銀投信,瑞銀
B19161,2014-06-19,51.53335189819336,英鎊,瑞銀 (盧森堡) 歐元非投資等級債券基金 (歐元) (英鎊避險) (月配息),yfinance,債券型,全球市場,A0015 瑞銀投信,瑞銀
B19161,2014-06-20,51.53335189819336,英鎊,瑞銀 (盧森堡) 歐元非投資等級債券基金 (歐元) (英鎊避險) (月配息),yfinance,債券型,全球市場,A0015 瑞銀投信,瑞銀
B19161,2014-06-24,51.74452209472656,英鎊,瑞銀 (盧森堡) 歐元非投資等級債券基金 (歐元) (英鎊避險) (月配息),yfinance,債券型,全球市場,A0015 瑞銀投信,瑞銀
B19161,2014-06-25,51.463043212890625,英鎊,瑞銀 (盧森堡) 歐元非投資等級債券基金 (歐元) (英鎊避險) (月配息),yfinance,債券型,全球市場,A0015 瑞銀投信,瑞銀
B19161,2014-06-26,51.40769577026367,英鎊,瑞銀 (盧森堡) 歐元非投資等級債券基金 (歐元) (英鎊避險) (月配息),yfinance,債券型,全球市場,A0015 瑞銀投信,瑞銀
B19161,2014-06-27,51.32725524902344,英鎊,瑞銀 (盧森堡) 歐元非投資等級債券基金 (歐元) (英鎊避險) (月配息),yfinance,債券型,全球市場,A0015 瑞銀投信,瑞銀
B19161,2014-06-30,51.25688934326172,英鎊,瑞銀 (盧森堡) 歐元非投資等級債券基金 (歐元) (英鎊避險) (月配息),yfinance,債券型,全球市場,A0015 瑞銀投信,瑞銀
B19161,2014-07-01,51.23170852661133,英鎊,瑞銀 (盧森堡) 歐元非投資等級債券基金 (歐元) (英鎊避險) (月配息),yfinance,債券型,全球市場,A0015 瑞銀投信,瑞銀
B19161,2014-07-02,51.26191711425781,英鎊,瑞銀 (盧森堡) 歐元非投資等級債券基金 (歐元) (英鎊避險) (月配息),yfinance,債券型,全球市場,A0015 瑞銀投信,瑞銀
B19161,2014-07-03,51.29710006713867,英鎊,瑞銀 (盧森堡) 歐元非投資等級債券基金 (歐元) (英鎊避險) (月配息),yfinance,債券型,全球市場,A0015 瑞銀投信,瑞銀
B19161,2014-07-04,51.29710006713867,英鎊,瑞銀 (盧森堡) 歐元非投資等級債券基金 (歐元) (英鎊避險) (月配息),yfinance,債券型,全球市場,A0015 瑞銀投信,瑞銀
B19161,2014-07-07,51.302127838134766,英鎊,瑞銀 (盧森堡) 歐元非投資等級債券基金 (歐元) (英鎊避險) (月配息),yfinance,債券型,全球市場,A0015 瑞銀投信,瑞銀
B19161,2014-07-08,51.22671890258789,英鎊,瑞銀 (盧森堡) 歐元非投資等級債券基金 (歐元) (英鎊避險) (月配息),yfinance,債券型,全球市場,A0015 瑞銀投信,瑞銀
B19161,2014-07-09,51.1362419128418,英鎊,瑞銀 (盧森堡) 歐元非投資等級債券基金 (歐元) (英鎊避險) (月配息),yfinance,債券型,全球市場,A0015 瑞銀投信,瑞銀
B19161,2014-07-10,50.99546813964844,英鎊,瑞銀 (盧森堡) 歐元非投資等級債券基金 (歐元) (英鎊避險) (月配息),yfinance,債券型,全球市場,A0015 瑞銀投信,瑞銀
B19161,2014-07-11,51.02561569213867,英鎊,瑞銀 (盧森堡) 歐元非投資等級債券基金 (歐元) (英鎊避險) (月配息),yfinance,債券型,全球市場,A0015 瑞銀投信,瑞銀
B19161,2014-07-14,51.040740966796875,英鎊,瑞銀 (盧森堡) 歐元非投資等級債券基金 (歐元) (英鎊避險) (月配息),yfinance,債券型,全球市場,A0015 瑞銀投信,瑞銀
B19161,2014-07-15,50.99519729614258,英鎊,瑞銀 (盧森堡) 歐元非投資等級債券基金 (歐元) (英鎊避險) (月配息),yfinance,債券型,全球市場,A0015 瑞銀投信,瑞銀
B19161,2014-07-16,51.05082321166992,英鎊,瑞銀 (盧森堡) 歐元非投資等級債券基金 (歐元) (英鎊避險) (月配息),yfinance,債券型,全球市場,A0015 瑞銀投信,瑞銀
B19161,2014-07-17,51.035648345947266,英鎊,瑞銀 (盧森堡) 歐元非投資等級債券基金 (歐元) (英鎊避險) (月配息),yfinance,債券型,全球市場,A0015 瑞銀投信,瑞銀
B19161,2014-07-18,50.99519729614258,英鎊,瑞銀 (盧森堡) 歐元非投資等級債券基金 (歐元) (英鎊避險) (月配息),yfinance,債券型,全球市場,A0015 瑞銀投信,瑞銀
B19161,2014-07-21,50.974937438964844,英鎊,瑞銀 (盧森堡) 歐元非投資等級債券基金 (歐元) (英鎊避險) (月配息),yfinance,債券型,全球市場,A0015 瑞銀投信,瑞銀
B19161,2014-07-22,50.98508071899414,英鎊,瑞銀 (盧森堡) 歐元非投資等級債券基金 (歐元) (英鎊避險) (月配息),yfinance,債券型,全球市場,A0015 瑞銀投信,瑞銀
B19161,2014-07-23,51.035648345947266,英鎊,瑞銀 (盧森堡) 歐元非投資等級債券基金 (歐元) (英鎊避險) (月配息),yfinance,債券型,全球市場,A0015 瑞銀投信,瑞銀
B19161,2014-07-24,51.05592727661133,英鎊,瑞銀 (盧森堡) 歐元非投資等級債券基金 (歐元) (英鎊避險) (月配息),yfinance,債券型,全球市場,A0015 瑞銀投信,瑞銀
B19161,2014-07-25,51.05592727661133,英鎊,瑞銀 (盧森堡) 歐元非投資等級債券基金 (歐元) (英鎊避險) (月配息),yfinance,債券型,全球市場,A0015 瑞銀投信,瑞銀
B19161,2014-07-28,51.06096267700195,英鎊,瑞銀 (盧森堡) 歐元非投資等級債券基金 (歐元) (英鎊避險) (月配息),yfinance,債券型,全球市場,A0015 瑞銀投信,瑞銀
B19161,2014-07-29,51.06601333618164,英鎊,瑞銀 (盧森堡) 歐元非投資等級債券基金 (歐元) (英鎊避險) (月配息),yfinance,債券型,全球市場,A0015 瑞銀投信,瑞銀
B19161,2014-07-30,51.05592727661133,英鎊,瑞銀 (盧森堡) 歐元非投資等級債券基金 (歐元) (英鎊避險) (月配息),yfinance,債券型,全球市場,A0015 瑞銀投信,瑞銀
B19161,2014-07-31,50.91933822631836,英鎊,瑞銀 (盧森堡) 歐元非投資等級債券基金 (歐元) (英鎊避險) (月配息),yfinance,債券型,全球市場,A0015 瑞銀投信,瑞銀
B19161,2014-08-01,50.71701431274414,英鎊,瑞銀 (盧森堡) 歐元非投資等級債券基金 (歐元) (英鎊避險) (月配息),yfinance,債券型,全球市場,A0015 瑞銀投信,瑞銀
B19161,2014-08-04,50.706871032714844,英鎊,瑞銀 (盧森堡) 歐元非投資等級債券基金 (歐元) (英鎊避險) (月配息),yfinance,債券型,全球市場,A0015 瑞銀投信,瑞銀
B19161,2014-08-05,50.68663024902344,英鎊,瑞銀 (盧森堡) 歐元非投資等級債券基金 (歐元) (英鎊避險) (月配息),yfinance,債券型,全球市場,A0015 瑞銀投信,瑞銀
B19161,2014-08-06,50.5247802734375,英鎊,瑞銀 (盧森堡) 歐元非投資等級債券基金 (歐元) (英鎊避險) (月配息),yfinance,債券型,全球市場,A0015 瑞銀投信,瑞銀
B19161,2014-08-07,50.50456619262695,英鎊,瑞銀 (盧森堡) 歐元非投資等級債券基金 (歐元) (英鎊避險) (月配息),yfinance,債券型,全球市場,A0015 瑞銀投信,瑞銀
B19161,2014-08-08,50.35786819458008,英鎊,瑞銀 (盧森堡) 歐元非投資等級債券基金 (歐元) (英鎊避險) (月配息),yfinance,債券型,全球市場,A0015 瑞銀投信,瑞銀
B19161,2014-08-11,50.47926330566406,英鎊,瑞銀 (盧森堡) 歐元非投資等級債券基金 (歐元) (英鎊避險) (月配息),yfinance,債券型,全球市場,A0015 瑞銀投信,瑞銀
B19161,2014-08-12,50.565269470214844,英鎊,瑞銀 (盧森堡) 歐元非投資等級債券基金 (歐元) (英鎊避險) (月配息),yfinance,債券型,全球市場,A0015 瑞銀投信,瑞銀
B19161,2014-08-13,50.67147445678711,英鎊,瑞銀 (盧森堡) 歐元非投資等級債券基金 (歐元) (英鎊避險) (月配息),yfinance,債券型,全球市場,A0015 瑞銀投信,瑞銀
B19161,2014-08-14,50.76253128051758,英鎊,瑞銀 (盧森堡) 歐元非投資等級債券基金 (歐元) (英鎊避險) (月配息),yfinance,債券型,全球市場,A0015 瑞銀投信,瑞銀
B19161,2014-08-18,50.580406188964844,英鎊,瑞銀 (盧森堡) 歐元非投資等級債券基金 (歐元) (英鎊避險) (月配息),yfinance,債券型,全球市場,A0015 瑞銀投信,瑞銀
B19161,2014-08-19,50.68156051635742,英鎊,瑞銀 (盧森堡) 歐元非投資等級債券基金 (歐元) (英鎊避險) (月配息),yfinance,債券型,全球市場,A0015 瑞銀投信,瑞銀
B19161,2014-08-20,50.701839447021484,英鎊,瑞銀 (盧森堡) 歐元非投資等級債券基金 (歐元) (英鎊避險) (月配息),yfinance,債券型,全球市場,A0015 瑞銀投信,瑞銀
B19161,2014-08-21,50.742286682128906,英鎊,瑞銀 (盧森堡) 歐元非投資等級債券基金 (歐元) (英鎊避險) (月配息),yfinance,債券型,全球市場,A0015 瑞銀投信,瑞銀
B19161,2014-08-22,50.7675895690918,英鎊,瑞銀 (盧森堡) 歐元非投資等級債券基金 (歐元) (英鎊避險) (月配息),yfinance,債券型,全球市場,A0015 瑞銀投信,瑞銀
B19161,2014-08-26,50.90919876098633,英鎊,瑞銀 (盧森堡) 歐元非投資等級債券基金 (歐元) (英鎊避險) (月配息),yfinance,債券型,全球市場,A0015 瑞銀投信,瑞銀
B19161,2014-08-27,50.94459915161133,英鎊,瑞銀 (盧森堡) 歐元非投資等級債券基金 (歐元) (英鎊避險) (月配息),yfinance,債券型,全球市場,A0015 瑞銀投信,瑞銀
B19161,2014-08-28,50.914283752441406,英鎊,瑞銀 (盧森堡) 歐元非投資等級債券基金 (歐元) (英鎊避險) (月配息),yfinance,債券型,全球市場,A0015 瑞銀投信,瑞銀
B19161,2014-08-29,50.92438507080078,英鎊,瑞銀 (盧森堡) 歐元非投資等級債券基金 (歐元) (英鎊避險) (月配息),yfinance,債券型,全球市場,A0015 瑞銀投信,瑞銀
B19161,2014-09-01,50.93450164794922,英鎊,瑞銀 (盧森堡) 歐元非投資等級債券基金 (歐元) (英鎊避險) (月配息),yfinance,債券型,全球市場,A0015 瑞銀投信,瑞銀
B19161,2014-09-02,50.92438507080078,英鎊,瑞銀 (盧森堡) 歐元非投資等級債券基金 (歐元) (英鎊避險) (月配息),yfinance,債券型,全球市場,A0015 瑞銀投信,瑞銀
B19161,2014-09-03,50.8940315246582,英鎊,瑞銀 (盧森堡) 歐元非投資等級債券基金 (歐元) (英鎊避險) (月配息),yfinance,債券型,全球市場,A0015 瑞銀投信,瑞銀
B19161,2014-09-04,50.873802185058594,英鎊,瑞銀 (盧森堡) 歐元非投資等級債券基金 (歐元) (英鎊避險) (月配息),yfinance,債券型,全球市場,A0015 瑞銀投信,瑞銀
B19161,2014-09-05,50.87885284423828,英鎊,瑞銀 (盧森堡) 歐元非投資等級債券基金 (歐元) (英鎊避險) (月配息),yfinance,債券型,全球市場,A0015 瑞銀投信,瑞銀
B19161,2014-09-08,50.863677978515625,英鎊,瑞銀 (盧森堡) 歐元非投資等級債券基金 (歐元) (英鎊避險) (月配息),yfinance,債券型,全球市場,A0015 瑞銀投信,瑞銀
B19161,2014-09-09,50.78272247314453,英鎊,瑞銀 (盧森堡) 歐元非投資等級債券基金 (歐元) (英鎊避險) (月配息),yfinance,債券型,全球市場,A0015 瑞銀投信,瑞銀
B19161,2014-09-10,50.76253128051758,英鎊,瑞銀 (盧森堡) 歐元非投資等級債券基金 (歐元) (英鎊避險) (月配息),yfinance,債券型,全球市場,A0015 瑞銀投信,瑞銀
B19161,2014-09-11,50.79792022705078,英鎊,瑞銀 (盧森堡) 歐元非投資等級債券基金 (歐元) (英鎊避險) (月配息),yfinance,債券型,全球市場,A0015 瑞銀投信,瑞銀
B19161,2014-09-12,50.80298614501953,英鎊,瑞銀 (盧森堡) 歐元非投資等級債券基金 (歐元) (英鎊避險) (月配息),yfinance,債券型,全球市場,A0015 瑞銀投信,瑞銀
B19161,2014-09-15,50.7724494934082,英鎊,瑞銀 (盧森堡) 歐元非投資等級債券基金 (歐元) (英鎊避險) (月配息),yfinance,債券型,全球市場,A0015 瑞銀投信,瑞銀
B19161,2014-09-16,50.71645736694336,英鎊,瑞銀 (盧森堡) 歐元非投資等級債券基金 (歐元) (英鎊避險) (月配息),yfinance,債券型,全球市場,A0015 瑞銀投信,瑞銀
B19161,2014-09-17,50.757179260253906,英鎊,瑞銀 (盧森堡) 歐元非投資等級債券基金 (歐元) (英鎊避險) (月配息),yfinance,債券型,全球市場,A0015 瑞銀投信,瑞銀
B19161,2014-09-18,50.78773498535156,英鎊,瑞銀 (盧森堡) 歐元非投資等級債券基金 (歐元) (英鎊避險) (月配息),yfinance,債券型,全球市場,A0015 瑞銀投信,瑞銀
B19161,2014-09-19,50.86402893066406,英鎊,瑞銀 (盧森堡) 歐元非投資等級債券基金 (歐元) (英鎊避險) (月配息),yfinance,債券型,全球市場,A0015 瑞銀投信,瑞銀
B19161,2014-09-22,50.77751922607422,英鎊,瑞銀 (盧森堡) 歐元非投資等級債券基金 (歐元) (英鎊避險) (月配息),yfinance,債券型,全球市場,A0015 瑞銀投信,瑞銀
B19161,2014-09-23,50.726646423339844,英鎊,瑞銀 (盧森堡) 歐元非投資等級債券基金 (歐元) (英鎊避險) (月配息),yfinance,債券型,全球市場,A0015 瑞銀投信,瑞銀
B19161,2014-09-24,50.670650482177734,英鎊,瑞銀 (盧森堡) 歐元非投資等級債券基金 (歐元) (英鎊避險) (月配息),yfinance,債券型,全球市場,A0015 瑞銀投信,瑞銀
B19161,2014-09-25,50.59939956665039,英鎊,瑞銀 (盧森堡) 歐元非投資等級債券基金 (歐元) (英鎊避險) (月配息),yfinance,債券型,全球市場,A0015 瑞銀投信,瑞銀
B19161,2014-09-26,50.48234176635742,英鎊,瑞銀 (盧森堡) 歐元非投資等級債券基金 (歐元) (英鎊避險) (月配息),yfinance,債券型,全球市場,A0015 瑞銀投信,瑞銀
B19161,2014-09-29,50.27370071411133,英鎊,瑞銀 (盧森堡) 歐元非投資等級債券基金 (歐元) (英鎊避險) (月配息),yfinance,債券型,全球市場,A0015 瑞銀投信,瑞銀
B19161,2014-09-30,50.31437683105469,英鎊,瑞銀 (盧森堡) 歐元非投資等級債券基金 (歐元) (英鎊避險) (月配息),yfinance,債券型,全球市場,A0015 瑞銀投信,瑞銀
B19161,2014-10-01,50.38056182861328,英鎊,瑞銀 (盧森堡) 歐元非投資等級債券基金 (歐元) (英鎊避險) (月配息),yfinance,債券型,全球市場,A0015 瑞銀投信,瑞銀
B19161,2014-10-02,50.31950759887695,英鎊,瑞銀 (盧森堡) 歐元非投資等級債券基金 (歐元) (英鎊避險) (月配息),yfinance,債券型,全球市場,A0015 瑞銀投信,瑞銀
B19161,2014-10-03,50.385623931884766,英鎊,瑞銀 (盧森堡) 歐元非投資等級債券基金 (歐元) (英鎊避險) (月配息),yfinance,債券型,全球市場,A0015 瑞銀投信,瑞銀
B19161,2014-10-06,50.44670104980469,英鎊,瑞銀 (盧森堡) 歐元非投資等級債券基金 (歐元) (英鎊避險) (月配息),yfinance,債券型,全球市場,A0015 瑞銀投信,瑞銀
B19161,2014-10-07,50.37543487548828,英鎊,瑞銀 (盧森堡) 歐元非投資等級債券基金 (歐元) (英鎊避險) (月配息),yfinance,債券型,全球市場,A0015 瑞銀投信,瑞銀
B19161,2014-10-08,50.299129486083984,英鎊,瑞銀 (盧森堡) 歐元非投資等級債券基金 (歐元) (英鎊避險) (月配息),yfinance,債券型,全球市場,A0015 瑞銀投信,瑞銀
B19161,2014-10-09,50.27370071411133,英鎊,瑞銀 (盧森堡) 歐元非投資等級債券基金 (歐元) (英鎊避險) (月配息),yfinance,債券型,全球市場,A0015 瑞銀投信,瑞銀
B19161,2014-10-10,50.131160736083984,英鎊,瑞銀 (盧森堡) 歐元非投資等級債券基金 (歐元) (英鎊避險) (月配息),yfinance,債券型,全球市場,A0015 瑞銀投信,瑞銀
B19161,2014-10-13,50.01921463012695,英鎊,瑞銀 (盧森堡) 歐元非投資等級債券基金 (歐元) (英鎊避險) (月配息),yfinance,債券型,全球市場,A0015 瑞銀投信,瑞銀
B19161,2014-10-14,49.96829605102539,英鎊,瑞銀 (盧森堡) 歐元非投資等級債券基金 (歐元) (英鎊避險) (月配息),yfinance,債券型,全球市場,A0015 瑞銀投信,瑞銀
B19161,2014-10-15,49.804466247558594,英鎊,瑞銀 (盧森堡) 歐元非投資等級債券基金 (歐元) (英鎊避險) (月配息),yfinance,債券型,全球市場,A0015 瑞銀投信,瑞銀
B19161,2014-10-16,49.51777648925781,英鎊,瑞銀 (盧森堡) 歐元非投資等級債券基金 (歐元) (英鎊避險) (月配息),yfinance,債券型,全球市場,A0015 瑞銀投信,瑞銀
B19161,2014-10-17,49.73794937133789,英鎊,瑞銀 (盧森堡) 歐元非投資等級債券基金 (歐元) (英鎊避險) (月配息),yfinance,債券型,全球市場,A0015 瑞銀投信,瑞銀
B19161,2014-10-20,49.768646240234375,英鎊,瑞銀 (盧森堡) 歐元非投資等級債券基金 (歐元) (英鎊避險) (月配息),yfinance,債券型,全球市場,A0015 瑞銀投信,瑞銀
B19161,2014-10-21,49.8966178894043,英鎊,瑞銀 (盧森堡) 歐元非投資等級債券基金 (歐元) (英鎊避險) (月配息),yfinance,債券型,全球市場,A0015 瑞銀投信,瑞銀
B19161,2014-10-22,50.05536651611328,英鎊,瑞銀 (盧森堡) 歐元非投資等級債券基金 (歐元) (英鎊避險) (月配息),yfinance,債券型,全球市場,A0015 瑞銀投信,瑞銀
B19161,2014-10-23,50.13213348388672,英鎊,瑞銀 (盧森堡) 歐元非投資等級債券基金 (歐元) (英鎊避險) (月配息),yfinance,債券型,全球市場,A0015 瑞銀投信,瑞銀
B19161,2014-10-24,50.152626037597656,英鎊,瑞銀 (盧森堡) 歐元非投資等級債券基金 (歐元) (英鎊避險) (月配息),yfinance,債券型,全球市場,A0015 瑞銀投信,瑞銀
B19161,2014-10-27,50.22429275512695,英鎊,瑞銀 (盧森堡) 歐元非投資等級債券基金 (歐元) (英鎊避險) (月配息),yfinance,債券型,全球市場,A0015 瑞銀投信,瑞銀
B19161,2014-10-28,50.22429275512695,英鎊,瑞銀 (盧森堡) 歐元非投資等級債券基金 (歐元) (英鎊避險) (月配息),yfinance,債券型,全球市場,A0015 瑞銀投信,瑞銀
B19161,2014-10-29,50.23964309692383,英鎊,瑞銀 (盧森堡) 歐元非投資等級債券基金 (歐元) (英鎊避險) (月配息),yfinance,債券型,全球市場,A0015 瑞銀投信,瑞銀
B19161,2014-10-30,50.17823791503906,英鎊,瑞銀 (盧森堡) 歐元非投資等級債券基金 (歐元) (英鎊避險) (月配息),yfinance,債券型,全球市場,A0015 瑞銀投信,瑞銀
B19161,2014-10-31,50.23964309692383,英鎊,瑞銀 (盧森堡) 歐元非投資等級債券基金 (歐元) (英鎊避險) (月配息),yfinance,債券型,全球市場,A0015 瑞銀投信,瑞銀
B19161,2014-11-03,50.27549743652344,英鎊,瑞銀 (盧森堡) 歐元非投資等級債券基金 (歐元) (英鎊避險) (月配息),yfinance,債券型,全球市場,A0015 瑞銀投信,瑞銀
B19161,2014-11-04,50.301090240478516,英鎊,瑞銀 (盧森堡) 歐元非投資等級債券基金 (歐元) (英鎊避險) (月配息),yfinance,債券型,全球市場,A0015 瑞銀投信,瑞銀
B19161,2014-11-05,50.331844329833984,英鎊,瑞銀 (盧森堡) 歐元非投資等級債券基金 (歐元) (英鎊避險) (月配息),yfinance,債券型,全球市場,A0015 瑞銀投信,瑞銀
B19161,2014-11-06,50.40346908569336,英鎊,瑞銀 (盧森堡) 歐元非投資等級債券基金 (歐元) (英鎊避險) (月配息),yfinance,債券型,全球市場,A0015 瑞銀投信,瑞銀
B19161,2014-11-07,50.44447326660156,英鎊,瑞銀 (盧森堡) 歐元非投資等級債券基金 (歐元) (英鎊避險) (月配息),yfinance,債券型,全球市場,A0015 瑞銀投信,瑞銀
B19161,2014-11-10,50.50075912475586,英鎊,瑞銀 (盧森堡) 歐元非投資等級債券基金 (歐元) (英鎊避險) (月配息),yfinance,債券型,全球市場,A0015 瑞銀投信,瑞銀
B19161,2014-11-11,50.57756805419922,英鎊,瑞銀 (盧森堡) 歐元非投資等級債券基金 (歐元) (英鎊避險) (月配息),yfinance,債券型,全球市場,A0015 瑞銀投信,瑞銀
B19161,2014-11-12,50.59292984008789,英鎊,瑞銀 (盧森堡) 歐元非投資等級債券基金 (歐元) (英鎊避險) (月配息),yfinance,債券型,全球市場,A0015 瑞銀投信,瑞銀
B19161,2014-11-13,50.587791442871094,英鎊,瑞銀 (盧森堡) 歐元非投資等級債券基金 (歐元) (英鎊避險) (月配息),yfinance,債券型,全球市場,A0015 瑞銀投信,瑞銀
B19161,2014-11-14,50.454681396484375,英鎊,瑞銀 (盧森堡) 歐元非投資等級債券基金 (歐元) (英鎊避險) (月配息),yfinance,債券型,全球市場,A0015 瑞銀投信,瑞銀
B19161,2014-11-17,50.49586486816406,英鎊,瑞銀 (盧森堡) 歐元非投資等級債券基金 (歐元) (英鎊避險) (月配息),yfinance,債券型,全球市場,A0015 瑞銀投信,瑞銀
B19161,2014-11-18,50.485595703125,英鎊,瑞銀 (盧森堡) 歐元非投資等級債券基金 (歐元) (英鎊避險) (月配息),yfinance,債券型,全球市場,A0015 瑞銀投信,瑞銀
B19161,2014-11-19,50.439231872558594,英鎊,瑞銀 (盧森堡) 歐元非投資等級債券基金 (歐元) (英鎊避險) (月配息),yfinance,債券型,全球市場,A0015 瑞銀投信,瑞銀
B19161,2014-11-20,50.3774299621582,英鎊,瑞銀 (盧森堡) 歐元非投資等級債券基金 (歐元) (英鎊避險) (月配息),yfinance,債券型,全球市場,A0015 瑞銀投信,瑞銀
B19161,2014-11-21,50.44954299926758,英鎊,瑞銀 (盧森堡) 歐元非投資等級債券基金 (歐元) (英鎊避險) (月配息),yfinance,債券型,全球市場,A0015 瑞銀投信,瑞銀
B19161,2014-11-24,50.50616455078125,英鎊,瑞銀 (盧森堡) 歐元非投資等級債券基金 (歐元) (英鎊避險) (月配息),yfinance,債券型,全球市場,A0015 瑞銀投信,瑞銀
B19161,2014-11-25,50.55765914916992,英鎊,瑞銀 (盧森堡) 歐元非投資等級債券基金 (歐元) (英鎊避險) (月配息),yfinance,債券型,全球市場,A0015 瑞銀投信,瑞銀
B19161,2014-11-26,50.59888458251953,英鎊,瑞銀 (盧森堡) 歐元非投資等級債券基金 (歐元) (英鎊避險) (月配息),yfinance,債券型,全球市場,A0015 瑞銀投信,瑞銀
B19161,2014-11-27,50.63492965698242,英鎊,瑞銀 (盧森堡) 歐元非投資等級債券基金 (歐元) (英鎊避險) (月配息),yfinance,債券型,全球市場,A0015 瑞銀投信,瑞銀
B19161,2014-11-28,50.65553665161133,英鎊,瑞銀 (盧森堡) 歐元非投資等級債券基金 (歐元) (英鎊避險) (月配息),yfinance,債券型,全球市場,A0015 瑞銀投信,瑞銀
B19161,2014-12-01,50.640098571777344,英鎊,瑞銀 (盧森堡) 歐元非投資等級債券基金 (歐元) (英鎊避險) (月配息),yfinance,債券型,全球市場,A0015 瑞銀投信,瑞銀
B19161,2014-12-02,50.65553665161133,英鎊,瑞銀 (盧森堡) 歐元非投資等級債券基金 (歐元) (英鎊避險) (月配息),yfinance,債券型,全球市場,A0015 瑞銀投信,瑞銀
B19161,2014-12-03,50.691593170166016,英鎊,瑞銀 (盧森堡) 歐元非投資等級債券基金 (歐元) (英鎊避險) (月配息),yfinance,債券型,全球市場,A0015 瑞銀投信,瑞銀
B19161,2014-12-04,50.74309158325195,英鎊,瑞銀 (盧森堡) 歐元非投資等級債券基金 (歐元) (英鎊避險) (月配息),yfinance,債券型,全球市場,A0015 瑞銀投信,瑞銀
B19161,2014-12-05,50.794593811035156,英鎊,瑞銀 (盧森堡) 歐元非投資等級債券基金 (歐元) (英鎊避險) (月配息),yfinance,債券型,全球市場,A0015 瑞銀投信,瑞銀
B19161,2014-12-08,50.82548141479492,英鎊,瑞銀 (盧森堡) 歐元非投資等級債券基金 (歐元) (英鎊避險) (月配息),yfinance,債券型,全球市場,A0015 瑞銀投信,瑞銀
B19161,2014-12-09,50.732818603515625,英鎊,瑞銀 (盧森堡) 歐元非投資等級債券基金 (歐元) (英鎊避險) (月配息),yfinance,債券型,全球市場,A0015 瑞銀投信,瑞銀
B19161,2014-12-10,50.650390625,英鎊,瑞銀 (盧森堡) 歐元非投資等級債券基金 (歐元) (英鎊避險) (月配息),yfinance,債券型,全球市場,A0015 瑞銀投信,瑞銀
B19161,2014-12-11,50.573158264160156,英鎊,瑞銀 (盧森堡) 歐元非投資等級債券基金 (歐元) (英鎊避險) (月配息),yfinance,債券型,全球市場,A0015 瑞銀投信,瑞銀
B19161,2014-12-12,50.485595703125,英鎊,瑞銀 (盧森堡) 歐元非投資等級債券基金 (歐元) (英鎊避險) (月配息),yfinance,債券型,全球市場,A0015 瑞銀投信,瑞銀
B19161,2014-12-15,50.423431396484375,英鎊,瑞銀 (盧森堡) 歐元非投資等級債券基金 (歐元) (英鎊避險) (月配息),yfinance,債券型,全球市場,A0015 瑞銀投信,瑞銀
B19161,2014-12-16,50.26800537109375,英鎊,瑞銀 (盧森堡) 歐元非投資等級債券基金 (歐元) (英鎊避險) (月配息),yfinance,債券型,全球市場,A0015 瑞銀投信,瑞銀
B19161,2014-12-17,50.27317428588867,英鎊,瑞銀 (盧森堡) 歐元非投資等級債券基金 (歐元) (英鎊避險) (月配息),yfinance,債券型,全球市場,A0015 瑞銀投信,瑞銀
B19161,2014-12-18,50.423431396484375,英鎊,瑞銀 (盧森堡) 歐元非投資等級債券基金 (歐元) (英鎊避險) (月配息),yfinance,債券型,全球市場,A0015 瑞銀投信,瑞銀
B19161,2014-12-19,50.46487045288086,英鎊,瑞銀 (盧森堡) 歐元非投資等級債券基金 (歐元) (英鎊避險) (月配息),yfinance,債券型,全球市場,A0015 瑞銀投信,瑞銀
B19161,2014-12-22,50.48042678833008,英鎊,瑞銀 (盧森堡) 歐元非投資等級債券基金 (歐元) (英鎊避險) (月配息),yfinance,債券型,全球市場,A0015 瑞銀投信,瑞銀
B19161,2014-12-23,50.50113296508789,英鎊,瑞銀 (盧森堡) 歐元非投資等級債券基金 (歐元) (英鎊避險) (月配息),yfinance,債券型,全球市場,A0015 瑞銀投信,瑞銀
B19161,2014-12-24,50.50632858276367,英鎊,瑞銀 (盧森堡) 歐元非投資等級債券基金 (歐元) (英鎊避險) (月配息),yfinance,債券型,全球市場,A0015 瑞銀投信,瑞銀
B19161,2014-12-29,50.55291748046875,英鎊,瑞銀 (盧森堡) 歐元非投資等級債券基金 (歐元) (英鎊避險) (月配息),yfinance,債券型,全球市場,A0015 瑞銀投信,瑞銀
B19161,2014-12-30,50.5684928894043,英鎊,瑞銀 (盧森堡) 歐元非投資等級債券基金 (歐元) (英鎊避險) (月配息),yfinance,債券型,全球市場,A0015 瑞銀投信,瑞銀
B19161,2014-12-31,50.56327438354492,英鎊,瑞銀 (盧森堡) 歐元非投資等級債券基金 (歐元) (英鎊避險) (月配息),yfinance,債券型,全球市場,A0015 瑞銀投信,瑞銀
B19025,2014-01-02,823.7000122070312,英鎊,瑞銀 (盧森堡) 英鎊基金,yfinance,貨幣市場,全球市場,A0015 瑞銀投信,瑞銀
B19025,2014-01-03,823.6699829101562,英鎊,瑞銀 (盧森堡) 英鎊基金,yfinance,貨幣市場,全球市場,A0015 瑞銀投信,瑞銀
B19025,2014-01-06,823.7000122070312,英鎊,瑞銀 (盧森堡) 英鎊基金,yfinance,貨幣市場,全球市場,A0015 瑞銀投信,瑞銀
B19025,2014-01-07,823.719970703125,英鎊,瑞銀 (盧森堡) 英鎊基金,yfinance,貨幣市場,全球市場,A0015 瑞銀投信,瑞銀
B19025,2014-01-08,823.7100219726562,英鎊,瑞銀 (盧森堡) 英鎊基金,yfinance,貨幣市場,全球市場,A0015 瑞銀投信,瑞銀
B19025,2014-01-09,823.72998046875,英鎊,瑞銀 (盧森堡) 英鎊基金,yfinance,貨幣市場,全球市場,A0015 瑞銀投信,瑞銀
B19025,2014-01-10,823.72998046875,英鎊,瑞銀 (盧森堡) 英鎊基金,yfinance,貨幣市場,全球市場,A0015 瑞銀投信,瑞銀
B19025,2014-01-13,823.780029296875,英鎊,瑞銀 (盧森堡) 英鎊基金,yfinance,貨幣市場,全球市場,A0015 瑞銀投信,瑞銀
B19025,2014-01-14,823.77001953125,英鎊,瑞銀 (盧森堡) 英鎊基金,yfinance,貨幣市場,全球市場,A0015 瑞銀投信,瑞銀
B19025,2014-01-15,823.75,英鎊,瑞銀 (盧森堡) 英鎊基金,yfinance,貨幣市場,全球市場,A0015 瑞銀投信,瑞銀
B19025,2014-01-16,823.760009765625,英鎊,瑞銀 (盧森堡) 英鎊基金,yfinance,貨幣市場,全球市場,A0015 瑞銀投信,瑞銀
B19025,2014-01-17,823.760009765625,英鎊,瑞銀 (盧森堡) 英鎊基金,yfinance,貨幣市場,全球市場,A0015 瑞銀投信,瑞銀
B19025,2014-01-20,823.780029296875,英鎊,瑞銀 (盧森堡) 英鎊基金,yfinance,貨幣市場,全球市場,A0015 瑞銀投信,瑞銀
B19025,2014-01-21,823.780029296875,英鎊,瑞銀 (盧森堡) 英鎊基金,yfinance,貨幣市場,全球市場,A0015 瑞銀投信,瑞銀
B19025,2014-01-22,823.760009765625,英鎊,瑞銀 (盧森堡) 英鎊基金,yfinance,貨幣市場,全球市場,A0015 瑞銀投信,瑞銀
B19025,2014-01-23,823.780029296875,英鎊,瑞銀 (盧森堡) 英鎊基金,yfinance,貨幣市場,全球市場,A0015 瑞銀投信,瑞銀
B19025,2014-01-24,823.780029296875,英鎊,瑞銀 (盧森堡) 英鎊基金,yfinance,貨幣市場,全球市場,A0015 瑞銀投信,瑞銀
B19025,2014-01-27,823.7899780273438,英鎊,瑞銀 (盧森堡) 英鎊基金,yfinance,貨幣市場,全球市場,A0015 瑞銀投信,瑞銀
B19025,2014-01-28,823.7899780273438,英鎊,瑞銀 (盧森堡) 英鎊基金,yfinance,貨幣市場,全球市場,A0015 瑞銀投信,瑞銀
B19025,2014-01-29,823.780029296875,英鎊,瑞銀 (盧森堡) 英鎊基金,yfinance,貨幣市場,全球市場,A0015 瑞銀投信,瑞銀
B19025,2014-01-30,823.780029296875,英鎊,瑞銀 (盧森堡) 英鎊基金,yfinance,貨幣市場,全球市場,A0015 瑞銀投信,瑞銀
B19025,2014-01-31,823.7899780273438,英鎊,瑞銀 (盧森堡) 英鎊基金,yfinance,貨幣市場,全球市場,A0015 瑞銀投信,瑞銀
B19025,2014-02-03,823.8099975585938,英鎊,瑞銀 (盧森堡) 英鎊基金,yfinance,貨幣市場,全球市場,A0015 瑞銀投信,瑞銀
B19025,2014-02-04,823.8099975585938,英鎊,瑞銀 (盧森堡) 英鎊基金,yfinance,貨幣市場,全球市場,A0015 瑞銀投信,瑞銀
B19025,2014-02-05,823.7999877929688,英鎊,瑞銀 (盧森堡) 英鎊基金,yfinance,貨幣市場,全球市場,A0015 瑞銀投信,瑞銀
B19025,2014-02-06,823.7899780273438,英鎊,瑞銀 (盧森堡) 英鎊基金,yfinance,貨幣市場,全球市場,A0015 瑞銀投信,瑞銀
B19025,2014-02-07,823.7999877929688,英鎊,瑞銀 (盧森堡) 英鎊基金,yfinance,貨幣市場,全球市場,A0015 瑞銀投信,瑞銀
B19025,2014-02-10,823.8200073242188,英鎊,瑞銀 (盧森堡) 英鎊基金,yfinance,貨幣市場,全球市場,A0015 瑞銀投信,瑞銀
B19025,2014-02-11,823.8300170898438,英鎊,瑞銀 (盧森堡) 英鎊基金,yfinance,貨幣市場,全球市場,A0015 瑞銀投信,瑞銀
B19025,2014-02-12,823.8099975585938,英鎊,瑞銀 (盧森堡) 英鎊基金,yfinance,貨幣市場,全球市場,A0015 瑞銀投信,瑞銀
B19025,2014-02-13,823.8200073242188,英鎊,瑞銀 (盧森堡) 英鎊基金,yfinance,貨幣市場,全球市場,A0015 瑞銀投信,瑞銀
B19025,2014-02-14,823.8099975585938,英鎊,瑞銀 (盧森堡) 英鎊基金,yfinance,貨幣市場,全球市場,A0015 瑞銀投信,瑞銀
B19025,2014-02-17,823.8499755859375,英鎊,瑞銀 (盧森堡) 英鎊基金,yfinance,貨幣市場,全球市場,A0015 瑞銀投信,瑞銀
B19025,2014-02-18,823.8400268554688,英鎊,瑞銀 (盧森堡) 英鎊基金,yfinance,貨幣市場,全球市場,A0015 瑞銀投信,瑞銀
B19025,2014-02-19,823.8200073242188,英鎊,瑞銀 (盧森堡) 英鎊基金,yfinance,貨幣市場,全球市場,A0015 瑞銀投信,瑞銀
B19025,2014-02-20,823.8300170898438,英鎊,瑞銀 (盧森堡) 英鎊基金,yfinance,貨幣市場,全球市場,A0015 瑞銀投信,瑞銀
B19025,2014-02-21,823.8400268554688,英鎊,瑞銀 (盧森堡) 英鎊基金,yfinance,貨幣市場,全球市場,A0015 瑞銀投信,瑞銀
B19025,2014-02-24,823.8499755859375,英鎊,瑞銀 (盧森堡) 英鎊基金,yfinance,貨幣市場,全球市場,A0015 瑞銀投信,瑞銀
B19025,2014-02-25,823.8499755859375,英鎊,瑞銀 (盧森堡) 英鎊基金,yfinance,貨幣市場,全球市場,A0015 瑞銀投信,瑞銀
B19025,2014-02-26,823.8499755859375,英鎊,瑞銀 (盧森堡) 英鎊基金,yfinance,貨幣市場,全球市場,A0015 瑞銀投信,瑞銀
B19025,2014-02-27,823.8400268554688,英鎊,瑞銀 (盧森堡) 英鎊基金,yfinance,貨幣市場,全球市場,A0015 瑞銀投信,瑞銀
B19025,2014-02-28,823.8499755859375,英鎊,瑞銀 (盧森堡) 英鎊基金,yfinance,貨幣市場,全球市場,A0015 瑞銀投信,瑞銀
B19025,2014-03-03,823.8699951171875,英鎊,瑞銀 (盧森堡) 英鎊基金,yfinance,貨幣市場,全球市場,A0015 瑞銀投信,瑞銀
B19025,2014-03-04,823.8699951171875,英鎊,瑞銀 (盧森堡) 英鎊基金,yfinance,貨幣市場,全球市場,A0015 瑞銀投信,瑞銀
B19025,2014-03-05,823.8800048828125,英鎊,瑞銀 (盧森堡) 英鎊基金,yfinance,貨幣市場,全球市場,A0015 瑞銀投信,瑞銀
B19025,2014-03-06,823.8699951171875,英鎊,瑞銀 (盧森堡) 英鎊基金,yfinance,貨幣市場,全球市場,A0015 瑞銀投信,瑞銀
B19025,2014-03-07,823.8699951171875,英鎊,瑞銀 (盧森堡) 英鎊基金,yfinance,貨幣市場,全球市場,A0015 瑞銀投信,瑞銀
B19025,2014-03-10,823.8900146484375,英鎊,瑞銀 (盧森堡) 英鎊基金,yfinance,貨幣市場,全球市場,A0015 瑞銀投信,瑞銀
B19025,2014-03-11,823.8900146484375,英鎊,瑞銀 (盧森堡) 英鎊基金,yfinance,貨幣市場,全球市場,A0015 瑞銀投信,瑞銀
B19025,2014-03-12,823.8800048828125,英鎊,瑞銀 (盧森堡) 英鎊基金,yfinance,貨幣市場,全球市場,A0015 瑞銀投信,瑞銀
B19025,2014-03-13,823.8800048828125,英鎊,瑞銀 (盧森堡) 英鎊基金,yfinance,貨幣市場,全球市場,A0015 瑞銀投信,瑞銀
B19025,2014-03-14,823.8599853515625,英鎊,瑞銀 (盧森堡) 英鎊基金,yfinance,貨幣市場,全球市場,A0015 瑞銀投信,瑞銀
B19025,2014-03-17,823.8699951171875,英鎊,瑞銀 (盧森堡) 英鎊基金,yfinance,貨幣市場,全球市場,A0015 瑞銀投信,瑞銀
B19025,2014-03-18,823.8699951171875,英鎊,瑞銀 (盧森堡) 英鎊基金,yfinance,貨幣市場,全球市場,A0015 瑞銀投信,瑞銀
B19025,2014-03-19,823.8599853515625,英鎊,瑞銀 (盧森堡) 英鎊基金,yfinance,貨幣市場,全球市場,A0015 瑞銀投信,瑞銀
B19025,2014-03-20,823.8499755859375,英鎊,瑞銀 (盧森堡) 英鎊基金,yfinance,貨幣市場,全球市場,A0015 瑞銀投信,瑞銀
B19025,2014-03-21,823.8599853515625,英鎊,瑞銀 (盧森堡) 英鎊基金,yfinance,貨幣市場,全球市場,A0015 瑞銀投信,瑞銀
B19025,2014-03-24,823.8800048828125,英鎊,瑞銀 (盧森堡) 英鎊基金,yfinance,貨幣市場,全球市場,A0015 瑞銀投信,瑞銀
B19025,2014-03-25,823.8800048828125,英鎊,瑞銀 (盧森堡) 英鎊基金,yfinance,貨幣市場,全球市場,A0015 瑞銀投信,瑞銀
B19025,2014-03-26,823.8699951171875,英鎊,瑞銀 (盧森堡) 英鎊基金,yfinance,貨幣市場,全球市場,A0015 瑞銀投信,瑞銀
B19025,2014-03-27,823.8800048828125,英鎊,瑞銀 (盧森堡) 英鎊基金,yfinance,貨幣市場,全球市場,A0015 瑞銀投信,瑞銀
B19025,2014-03-28,823.8699951171875,英鎊,瑞銀 (盧森堡) 英鎊基金,yfinance,貨幣市場,全球市場,A0015 瑞銀投信,瑞銀
B19025,2014-03-31,823.8800048828125,英鎊,瑞銀 (盧森堡) 英鎊基金,yfinance,貨幣市場,全球市場,A0015 瑞銀投信,瑞銀
B19025,2014-04-01,823.9000244140625,英鎊,瑞銀 (盧森堡) 英鎊基金,yfinance,貨幣市場,全球市場,A0015 瑞銀投信,瑞銀
B19025,2014-04-02,823.8800048828125,英鎊,瑞銀 (盧森堡) 英鎊基金,yfinance,貨幣市場,全球市場,A0015 瑞銀投信,瑞銀
B19025,2014-04-03,823.8800048828125,英鎊,瑞銀 (盧森堡) 英鎊基金,yfinance,貨幣市場,全球市場,A0015 瑞銀投信,瑞銀
B19025,2014-04-04,823.8900146484375,英鎊,瑞銀 (盧森堡) 英鎊基金,yfinance,貨幣市場,全球市場,A0015 瑞銀投信,瑞銀
B19025,2014-04-07,823.9099731445312,英鎊,瑞銀 (盧森堡) 英鎊基金,yfinance,貨幣市場,全球市場,A0015 瑞銀投信,瑞銀
B19025,2014-04-08,823.9000244140625,英鎊,瑞銀 (盧森堡) 英鎊基金,yfinance,貨幣市場,全球市場,A0015 瑞銀投信,瑞銀
B19025,2014-04-09,823.8900146484375,英鎊,瑞銀 (盧森堡) 英鎊基金,yfinance,貨幣市場,全球市場,A0015 瑞銀投信,瑞銀
B19025,2014-04-10,823.8800048828125,英鎊,瑞銀 (盧森堡) 英鎊基金,yfinance,貨幣市場,全球市場,A0015 瑞銀投信,瑞銀
B19025,2014-04-11,823.8900146484375,英鎊,瑞銀 (盧森堡) 英鎊基金,yfinance,貨幣市場,全球市場,A0015 瑞銀投信,瑞銀
B19025,2014-04-14,823.9000244140625,英鎊,瑞銀 (盧森堡) 英鎊基金,yfinance,貨幣市場,全球市場,A0015 瑞銀投信,瑞銀
B19025,2014-04-15,823.8900146484375,英鎊,瑞銀 (盧森堡) 英鎊基金,yfinance,貨幣市場,全球市場,A0015 瑞銀投信,瑞銀
B19025,2014-04-16,823.8800048828125,英鎊,瑞銀 (盧森堡) 英鎊基金,yfinance,貨幣市場,全球市場,A0015 瑞銀投信,瑞銀
B19025,2014-04-17,823.8900146484375,英鎊,瑞銀 (盧森堡) 英鎊基金,yfinance,貨幣市場,全球市場,A0015 瑞銀投信,瑞銀
B19025,2014-04-22,823.9099731445312,英鎊,瑞銀 (盧森堡) 英鎊基金,yfinance,貨幣市場,全球市場,A0015 瑞銀投信,瑞銀
B19025,2014-04-23,823.9199829101562,英鎊,瑞銀 (盧森堡) 英鎊基金,yfinance,貨幣市場,全球市場,A0015 瑞銀投信,瑞銀
B19025,2014-04-24,823.9099731445312,英鎊,瑞銀 (盧森堡) 英鎊基金,yfinance,貨幣市場,全球市場,A0015 瑞銀投信,瑞銀
B19025,2014-04-25,823.9299926757812,英鎊,瑞銀 (盧森堡) 英鎊基金,yfinance,貨幣市場,全球市場,A0015 瑞銀投信,瑞銀
B19025,2014-04-28,823.969970703125,英鎊,瑞銀 (盧森堡) 英鎊基金,yfinance,貨幣市場,全球市場,A0015 瑞銀投信,瑞銀
B19025,2014-04-29,824.0,英鎊,瑞銀 (盧森堡) 英鎊基金,yfinance,貨幣市場,全球市場,A0015 瑞銀投信,瑞銀
B19025,2014-04-30,823.9500122070312,英鎊,瑞銀 (盧森堡) 英鎊基金,yfinance,貨幣市場,全球市場,A0015 瑞銀投信,瑞銀
B19025,2014-05-02,823.9600219726562,英鎊,瑞銀 (盧森堡) 英鎊基金,yfinance,貨幣市場,全球市場,A0015 瑞銀投信,瑞銀
B19025,2014-05-06,823.9600219726562,英鎊,瑞銀 (盧森堡) 英鎊基金,yfinance,貨幣市場,全球市場,A0015 瑞銀投信,瑞銀
B19025,2014-05-07,823.9500122070312,英鎊,瑞銀 (盧森堡) 英鎊基金,yfinance,貨幣市場,全球市場,A0015 瑞銀投信,瑞銀
B19025,2014-05-08,823.969970703125,英鎊,瑞銀 (盧森堡) 英鎊基金,yfinance,貨幣市場,全球市場,A0015 瑞銀投信,瑞銀
B19025,2014-05-09,823.9500122070312,英鎊,瑞銀 (盧森堡) 英鎊基金,yfinance,貨幣市場,全球市場,A0015 瑞銀投信,瑞銀
B19025,2014-05-12,823.969970703125,英鎊,瑞銀 (盧森堡) 英鎊基金,yfinance,貨幣市場,全球市場,A0015 瑞銀投信,瑞銀
B19025,2014-05-13,823.97998046875,英鎊,瑞銀 (盧森堡) 英鎊基金,yfinance,貨幣市場,全球市場,A0015 瑞銀投信,瑞銀
B19025,2014-05-14,823.989990234375,英鎊,瑞銀 (盧森堡) 英鎊基金,yfinance,貨幣市場,全球市場,A0015 瑞銀投信,瑞銀
B19025,2014-05-15,824.0,英鎊,瑞銀 (盧森堡) 英鎊基金,yfinance,貨幣市場,全球市場,A0015 瑞銀投信,瑞銀
B19025,2014-05-16,823.969970703125,英鎊,瑞銀 (盧森堡) 英鎊基金,yfinance,貨幣市場,全球市場,A0015 瑞銀投信,瑞銀
B19025,2014-05-19,823.989990234375,英鎊,瑞銀 (盧森堡) 英鎊基金,yfinance,貨幣市場,全球市場,A0015 瑞銀投信,瑞銀
B19025,2014-05-20,823.989990234375,英鎊,瑞銀 (盧森堡) 英鎊基金,yfinance,貨幣市場,全球市場,A0015 瑞銀投信,瑞銀
B19025,2014-05-21,823.9600219726562,英鎊,瑞銀 (盧森堡) 英鎊基金,yfinance,貨幣市場,全球市場,A0015 瑞銀投信,瑞銀
B19025,2014-05-22,823.969970703125,英鎊,瑞銀 (盧森堡) 英鎊基金,yfinance,貨幣市場,全球市場,A0015 瑞銀投信,瑞銀
B19025,2014-05-23,824.0,英鎊,瑞銀 (盧森堡) 英鎊基金,yfinance,貨幣市場,全球市場,A0015 瑞銀投信,瑞銀
B19025,2014-05-27,824.030029296875,英鎊,瑞銀 (盧森堡) 英鎊基金,yfinance,貨幣市場,全球市場,A0015 瑞銀投信,瑞銀
B19025,2014-05-28,824.010009765625,英鎊,瑞銀 (盧森堡) 英鎊基金,yfinance,貨幣市場,全球市場,A0015 瑞銀投信,瑞銀
B19025,2014-05-30,823.97998046875,英鎊,瑞銀 (盧森堡) 英鎊基金,yfinance,貨幣市場,全球市場,A0015 瑞銀投信,瑞銀
B19025,2014-06-02,823.989990234375,英鎊,瑞銀 (盧森堡) 英鎊基金,yfinance,貨幣市場,全球市場,A0015 瑞銀投信,瑞銀
B19025,2014-06-03,824.0,英鎊,瑞銀 (盧森堡) 英鎊基金,yfinance,貨幣市場,全球市場,A0015 瑞銀投信,瑞銀
B19025,2014-06-04,824.0,英鎊,瑞銀 (盧森堡) 英鎊基金,yfinance,貨幣市場,全球市場,A0015 瑞銀投信,瑞銀
B19025,2014-06-05,824.010009765625,英鎊,瑞銀 (盧森堡) 英鎊基金,yfinance,貨幣市場,全球市場,A0015 瑞銀投信,瑞銀
B19025,2014-06-06,824.0,英鎊,瑞銀 (盧森堡) 英鎊基金,yfinance,貨幣市場,全球市場,A0015 瑞銀投信,瑞銀
B19025,2014-06-10,824.0,英鎊,瑞銀 (盧森堡) 英鎊基金,yfinance,貨幣市場,全球市場,A0015 瑞銀投信,瑞銀
B19025,2014-06-11,823.97998046875,英鎊,瑞銀 (盧森堡) 英鎊基金,yfinance,貨幣市場,全球市場,A0015 瑞銀投信,瑞銀
B19025,2014-06-12,823.97998046875,英鎊,瑞銀 (盧森堡) 英鎊基金,yfinance,貨幣市場,全球市場,A0015 瑞銀投信,瑞銀
B19025,2014-06-13,823.9400024414062,英鎊,瑞銀 (盧森堡) 英鎊基金,yfinance,貨幣市場,全球市場,A0015 瑞銀投信,瑞銀
B19025,2014-06-16,823.9400024414062,英鎊,瑞銀 (盧森堡) 英鎊基金,yfinance,貨幣市場,全球市場,A0015 瑞銀投信,瑞銀
B19025,2014-06-17,823.9400024414062,英鎊,瑞銀 (盧森堡) 英鎊基金,yfinance,貨幣市場,全球市場,A0015 瑞銀投信,瑞銀
B19025,2014-06-18,823.9500122070312,英鎊,瑞銀 (盧森堡) 英鎊基金,yfinance,貨幣市場,全球市場,A0015 瑞銀投信,瑞銀
B19025,2014-06-19,823.9600219726562,英鎊,瑞銀 (盧森堡) 英鎊基金,yfinance,貨幣市場,全球市場,A0015 瑞銀投信,瑞銀
B19025,2014-06-20,823.9500122070312,英鎊,瑞銀 (盧森堡) 英鎊基金,yfinance,貨幣市場,全球市場,A0015 瑞銀投信,瑞銀
B19025,2014-06-24,823.9500122070312,英鎊,瑞銀 (盧森堡) 英鎊基金,yfinance,貨幣市場,全球市場,A0015 瑞銀投信,瑞銀
B19025,2014-06-25,823.9500122070312,英鎊,瑞銀 (盧森堡) 英鎊基金,yfinance,貨幣市場,全球市場,A0015 瑞銀投信,瑞銀
B19025,2014-06-26,823.9600219726562,英鎊,瑞銀 (盧森堡) 英鎊基金,yfinance,貨幣市場,全球市場,A0015 瑞銀投信,瑞銀
B19025,2014-06-27,823.9500122070312,英鎊,瑞銀 (盧森堡) 英鎊基金,yfinance,貨幣市場,全球市場,A0015 瑞銀投信,瑞銀
B19025,2014-06-30,823.969970703125,英鎊,瑞銀 (盧森堡) 英鎊基金,yfinance,貨幣市場,全球市場,A0015 瑞銀投信,瑞銀
B19025,2014-07-01,823.9500122070312,英鎊,瑞銀 (盧森堡) 英鎊基金,yfinance,貨幣市場,全球市場,A0015 瑞銀投信,瑞銀
B19025,2014-07-02,823.9400024414062,英鎊,瑞銀 (盧森堡) 英鎊基金,yfinance,貨幣市場,全球市場,A0015 瑞銀投信,瑞銀
B19025,2014-07-03,823.9600219726562,英鎊,瑞銀 (盧森堡) 英鎊基金,yfinance,貨幣市場,全球市場,A0015 瑞銀投信,瑞銀
B19025,2014-07-04,823.9500122070312,英鎊,瑞銀 (盧森堡) 英鎊基金,yfinance,貨幣市場,全球市場,A0015 瑞銀投信,瑞銀
B19025,2014-07-07,823.969970703125,英鎊,瑞銀 (盧森堡) 英鎊基金,yfinance,貨幣市場,全球市場,A0015 瑞銀投信,瑞銀
B19025,2014-07-08,823.9600219726562,英鎊,瑞銀 (盧森堡) 英鎊基金,yfinance,貨幣市場,全球市場,A0015 瑞銀投信,瑞銀
B19025,2014-07-09,823.969970703125,英鎊,瑞銀 (盧森堡) 英鎊基金,yfinance,貨幣市場,全球市場,A0015 瑞銀投信,瑞銀
B19025,2014-07-10,823.97998046875,英鎊,瑞銀 (盧森堡) 英鎊基金,yfinance,貨幣市場,全球市場,A0015 瑞銀投信,瑞銀
B19025,2014-07-11,823.97998046875,英鎊,瑞銀 (盧森堡) 英鎊基金,yfinance,貨幣市場,全球市場,A0015 瑞銀投信,瑞銀
B19025,2014-07-14,824.0,英鎊,瑞銀 (盧森堡) 英鎊基金,yfinance,貨幣市場,全球市場,A0015 瑞銀投信,瑞銀
B19025,2014-07-15,824.0,英鎊,瑞銀 (盧森堡) 英鎊基金,yfinance,貨幣市場,全球市場,A0015 瑞銀投信,瑞銀
B19025,2014-07-16,823.97998046875,英鎊,瑞銀 (盧森堡) 英鎊基金,yfinance,貨幣市場,全球市場,A0015 瑞銀投信,瑞銀
B19025,2014-07-17,823.989990234375,英鎊,瑞銀 (盧森堡) 英鎊基金,yfinance,貨幣市場,全球市場,A0015 瑞銀投信,瑞銀
B19025,2014-07-18,823.989990234375,英鎊,瑞銀 (盧森堡) 英鎊基金,yfinance,貨幣市場,全球市場,A0015 瑞銀投信,瑞銀
B19025,2014-07-21,824.0,英鎊,瑞銀 (盧森堡) 英鎊基金,yfinance,貨幣市場,全球市場,A0015 瑞銀投信,瑞銀
B19025,2014-07-22,824.010009765625,英鎊,瑞銀 (盧森堡) 英鎊基金,yfinance,貨幣市場,全球市場,A0015 瑞銀投信,瑞銀
B19025,2014-07-23,824.0,英鎊,瑞銀 (盧森堡) 英鎊基金,yfinance,貨幣市場,全球市場,A0015 瑞銀投信,瑞銀
B19025,2014-07-24,824.010009765625,英鎊,瑞銀 (盧森堡) 英鎊基金,yfinance,貨幣市場,全球市場,A0015 瑞銀投信,瑞銀
B19025,2014-07-25,824.0,英鎊,瑞銀 (盧森堡) 英鎊基金,yfinance,貨幣市場,全球市場,A0015 瑞銀投信,瑞銀
B19025,2014-07-28,824.030029296875,英鎊,瑞銀 (盧森堡) 英鎊基金,yfinance,貨幣市場,全球市場,A0015 瑞銀投信,瑞銀
B19025,2014-07-29,824.030029296875,英鎊,瑞銀 (盧森堡) 英鎊基金,yfinance,貨幣市場,全球市場,A0015 瑞銀投信,瑞銀
B19025,2014-07-30,824.010009765625,英鎊,瑞銀 (盧森堡) 英鎊基金,yfinance,貨幣市場,全球市場,A0015 瑞銀投信,瑞銀
B19025,2014-07-31,824.030029296875,英鎊,瑞銀 (盧森堡) 英鎊基金,yfinance,貨幣市場,全球市場,A0015 瑞銀投信,瑞銀
B19025,2014-08-01,824.0399780273438,英鎊,瑞銀 (盧森堡) 英鎊基金,yfinance,貨幣市場,全球市場,A0015 瑞銀投信,瑞銀
B19025,2014-08-04,824.0599975585938,英鎊,瑞銀 (盧森堡) 英鎊基金,yfinance,貨幣市場,全球市場,A0015 瑞銀投信,瑞銀
B19025,2014-08-05,824.0700073242188,英鎊,瑞銀 (盧森堡) 英鎊基金,yfinance,貨幣市場,全球市場,A0015 瑞銀投信,瑞銀
B19025,2014-08-06,824.0499877929688,英鎊,瑞銀 (盧森堡) 英鎊基金,yfinance,貨幣市場,全球市場,A0015 瑞銀投信,瑞銀
B19025,2014-08-07,824.0499877929688,英鎊,瑞銀 (盧森堡) 英鎊基金,yfinance,貨幣市場,全球市場,A0015 瑞銀投信,瑞銀
B19025,2014-08-08,824.0499877929688,英鎊,瑞銀 (盧森堡) 英鎊基金,yfinance,貨幣市場,全球市場,A0015 瑞銀投信,瑞銀
B19025,2014-08-11,824.0700073242188,英鎊,瑞銀 (盧森堡) 英鎊基金,yfinance,貨幣市場,全球市場,A0015 瑞銀投信,瑞銀
B19025,2014-08-12,824.0999755859375,英鎊,瑞銀 (盧森堡) 英鎊基金,yfinance,貨幣市場,全球市場,A0015 瑞銀投信,瑞銀
B19025,2014-08-13,824.0900268554688,英鎊,瑞銀 (盧森堡) 英鎊基金,yfinance,貨幣市場,全球市場,A0015 瑞銀投信,瑞銀
B19025,2014-08-14,824.0800170898438,英鎊,瑞銀 (盧森堡) 英鎊基金,yfinance,貨幣市場,全球市場,A0015 瑞銀投信,瑞銀
B19025,2014-08-18,824.0700073242188,英鎊,瑞銀 (盧森堡) 英鎊基金,yfinance,貨幣市場,全球市場,A0015 瑞銀投信,瑞銀
B19025,2014-08-19,824.0900268554688,英鎊,瑞銀 (盧森堡) 英鎊基金,yfinance,貨幣市場,全球市場,A0015 瑞銀投信,瑞銀
B19025,2014-08-20,824.0900268554688,英鎊,瑞銀 (盧森堡) 英鎊基金,yfinance,貨幣市場,全球市場,A0015 瑞銀投信,瑞銀
B19025,2014-08-21,824.0900268554688,英鎊,瑞銀 (盧森堡) 英鎊基金,yfinance,貨幣市場,全球市場,A0015 瑞銀投信,瑞銀
B19025,2014-08-22,824.0900268554688,英鎊,瑞銀 (盧森堡) 英鎊基金,yfinance,貨幣市場,全球市場,A0015 瑞銀投信,瑞銀
B19025,2014-08-26,824.1199951171875,英鎊,瑞銀 (盧森堡) 英鎊基金,yfinance,貨幣市場,全球市場,A0015 瑞銀投信,瑞銀
B19025,2014-08-27,824.1300048828125,英鎊,瑞銀 (盧森堡) 英鎊基金,yfinance,貨幣市場,全球市場,A0015 瑞銀投信,瑞銀
B19025,2014-08-28,824.1300048828125,英鎊,瑞銀 (盧森堡) 英鎊基金,yfinance,貨幣市場,全球市場,A0015 瑞銀投信,瑞銀
B19025,2014-08-29,824.1300048828125,英鎊,瑞銀 (盧森堡) 英鎊基金,yfinance,貨幣市場,全球市場,A0015 瑞銀投信,瑞銀
B19025,2014-09-01,824.1500244140625,英鎊,瑞銀 (盧森堡) 英鎊基金,yfinance,貨幣市場,全球市場,A0015 瑞銀投信,瑞銀
B19025,2014-09-02,824.1400146484375,英鎊,瑞銀 (盧森堡) 英鎊基金,yfinance,貨幣市場,全球市場,A0015 瑞銀投信,瑞銀
B19025,2014-09-03,824.1400146484375,英鎊,瑞銀 (盧森堡) 英鎊基金,yfinance,貨幣市場,全球市場,A0015 瑞銀投信,瑞銀
B19025,2014-09-04,824.1300048828125,英鎊,瑞銀 (盧森堡) 英鎊基金,yfinance,貨幣市場,全球市場,A0015 瑞銀投信,瑞銀
B19025,2014-09-05,824.1500244140625,英鎊,瑞銀 (盧森堡) 英鎊基金,yfinance,貨幣市場,全球市場,A0015 瑞銀投信,瑞銀
B19025,2014-09-08,824.2000122070312,英鎊,瑞銀 (盧森堡) 英鎊基金,yfinance,貨幣市場,全球市場,A0015 瑞銀投信,瑞銀
B19025,2014-09-09,824.1900024414062,英鎊,瑞銀 (盧森堡) 英鎊基金,yfinance,貨幣市場,全球市場,A0015 瑞銀投信,瑞銀
B19025,2014-09-10,824.1799926757812,英鎊,瑞銀 (盧森堡) 英鎊基金,yfinance,貨幣市場,全球市場,A0015 瑞銀投信,瑞銀
B19025,2014-09-11,824.1799926757812,英鎊,瑞銀 (盧森堡) 英鎊基金,yfinance,貨幣市場,全球市場,A0015 瑞銀投信,瑞銀
B19025,2014-09-12,824.1699829101562,英鎊,瑞銀 (盧森堡) 英鎊基金,yfinance,貨幣市場,全球市場,A0015 瑞銀投信,瑞銀
B19025,2014-09-15,824.2000122070312,英鎊,瑞銀 (盧森堡) 英鎊基金,yfinance,貨幣市場,全球市場,A0015 瑞銀投信,瑞銀
B19025,2014-09-16,824.2000122070312,英鎊,瑞銀 (盧森堡) 英鎊基金,yfinance,貨幣市場,全球市場,A0015 瑞銀投信,瑞銀
B19025,2014-09-17,824.1900024414062,英鎊,瑞銀 (盧森堡) 英鎊基金,yfinance,貨幣市場,全球市場,A0015 瑞銀投信,瑞銀
B19025,2014-09-18,824.1799926757812,英鎊,瑞銀 (盧森堡) 英鎊基金,yfinance,貨幣市場,全球市場,A0015 瑞銀投信,瑞銀
B19025,2014-09-19,824.1799926757812,英鎊,瑞銀 (盧森堡) 英鎊基金,yfinance,貨幣市場,全球市場,A0015 瑞銀投信,瑞銀
B19025,2014-09-22,824.2000122070312,英鎊,瑞銀 (盧森堡) 英鎊基金,yfinance,貨幣市場,全球市場,A0015 瑞銀投信,瑞銀
B19025,2014-09-23,824.2000122070312,英鎊,瑞銀 (盧森堡) 英鎊基金,yfinance,貨幣市場,全球市場,A0015 瑞銀投信,瑞銀
B19025,2014-09-24,824.1900024414062,英鎊,瑞銀 (盧森堡) 英鎊基金,yfinance,貨幣市場,全球市場,A0015 瑞銀投信,瑞銀
B19025,2014-09-25,824.2000122070312,英鎊,瑞銀 (盧森堡) 英鎊基金,yfinance,貨幣市場,全球市場,A0015 瑞銀投信,瑞銀
B19025,2014-09-26,824.2000122070312,英鎊,瑞銀 (盧森堡) 英鎊基金,yfinance,貨幣市場,全球市場,A0015 瑞銀投信,瑞銀
B19025,2014-09-29,824.219970703125,英鎊,瑞銀 (盧森堡) 英鎊基金,yfinance,貨幣市場,全球市場,A0015 瑞銀投信,瑞銀
B19025,2014-09-30,824.22998046875,英鎊,瑞銀 (盧森堡) 英鎊基金,yfinance,貨幣市場,全球市場,A0015 瑞銀投信,瑞銀
B19025,2014-10-01,824.22998046875,英鎊,瑞銀 (盧森堡) 英鎊基金,yfinance,貨幣市場,全球市場,A0015 瑞銀投信,瑞銀
B19025,2014-10-02,824.22998046875,英鎊,瑞銀 (盧森堡) 英鎊基金,yfinance,貨幣市場,全球市場,A0015 瑞銀投信,瑞銀
B19025,2014-10-03,824.219970703125,英鎊,瑞銀 (盧森堡) 英鎊基金,yfinance,貨幣市場,全球市場,A0015 瑞銀投信,瑞銀
B19025,2014-10-06,824.260009765625,英鎊,瑞銀 (盧森堡) 英鎊基金,yfinance,貨幣市場,全球市場,A0015 瑞銀投信,瑞銀
B19025,2014-10-07,824.260009765625,英鎊,瑞銀 (盧森堡) 英鎊基金,yfinance,貨幣市場,全球市場,A0015 瑞銀投信,瑞銀
B19025,2014-10-08,824.2899780273438,英鎊,瑞銀 (盧森堡) 英鎊基金,yfinance,貨幣市場,全球市場,A0015 瑞銀投信,瑞銀
B19025,2014-10-09,824.260009765625,英鎊,瑞銀 (盧森堡) 英鎊基金,yfinance,貨幣市場,全球市場,A0015 瑞銀投信,瑞銀
B19025,2014-10-10,824.260009765625,英鎊,瑞銀 (盧森堡) 英鎊基金,yfinance,貨幣市場,全球市場,A0015 瑞銀投信,瑞銀
B19025,2014-10-13,824.25,英鎊,瑞銀 (盧森堡) 英鎊基金,yfinance,貨幣市場,全球市場,A0015 瑞銀投信,瑞銀
B19025,2014-10-14,824.2899780273438,英鎊,瑞銀 (盧森堡) 英鎊基金,yfinance,貨幣市場,全球市場,A0015 瑞銀投信,瑞銀
B19025,2014-10-15,824.3200073242188,英鎊,瑞銀 (盧森堡) 英鎊基金,yfinance,貨幣市場,全球市場,A0015 瑞銀投信,瑞銀
B19025,2014-10-16,824.280029296875,英鎊,瑞銀 (盧森堡) 英鎊基金,yfinance,貨幣市場,全球市場,A0015 瑞銀投信,瑞銀
B19025,2014-10-17,824.260009765625,英鎊,瑞銀 (盧森堡) 英鎊基金,yfinance,貨幣市場,全球市場,A0015 瑞銀投信,瑞銀
B19025,2014-10-20,824.2999877929688,英鎊,瑞銀 (盧森堡) 英鎊基金,yfinance,貨幣市場,全球市場,A0015 瑞銀投信,瑞銀
B19025,2014-10-21,824.2899780273438,英鎊,瑞銀 (盧森堡) 英鎊基金,yfinance,貨幣市場,全球市場,A0015 瑞銀投信,瑞銀
B19025,2014-10-22,824.3200073242188,英鎊,瑞銀 (盧森堡) 英鎊基金,yfinance,貨幣市場,全球市場,A0015 瑞銀投信,瑞銀
B19025,2014-10-23,824.2999877929688,英鎊,瑞銀 (盧森堡) 英鎊基金,yfinance,貨幣市場,全球市場,A0015 瑞銀投信,瑞銀
B19025,2014-10-24,824.3099975585938,英鎊,瑞銀 (盧森堡) 英鎊基金,yfinance,貨幣市場,全球市場,A0015 瑞銀投信,瑞銀
B19025,2014-10-27,824.2999877929688,英鎊,瑞銀 (盧森堡) 英鎊基金,yfinance,貨幣市場,全球市場,A0015 瑞銀投信,瑞銀
B19025,2014-10-28,824.3099975585938,英鎊,瑞銀 (盧森堡) 英鎊基金,yfinance,貨幣市場,全球市場,A0015 瑞銀投信,瑞銀
B19025,2014-10-29,824.3300170898438,英鎊,瑞銀 (盧森堡) 英鎊基金,yfinance,貨幣市場,全球市場,A0015 瑞銀投信,瑞銀
B19025,2014-10-30,824.3099975585938,英鎊,瑞銀 (盧森堡) 英鎊基金,yfinance,貨幣市場,全球市場,A0015 瑞銀投信,瑞銀
B19025,2014-10-31,824.3099975585938,英鎊,瑞銀 (盧森堡) 英鎊基金,yfinance,貨幣市場,全球市場,A0015 瑞銀投信,瑞銀
B19025,2014-11-03,824.3300170898438,英鎊,瑞銀 (盧森堡) 英鎊基金,yfinance,貨幣市場,全球市場,A0015 瑞銀投信,瑞銀
B19025,2014-11-04,824.3400268554688,英鎊,瑞銀 (盧森堡) 英鎊基金,yfinance,貨幣市場,全球市場,A0015 瑞銀投信,瑞銀
B19025,2014-11-05,824.3599853515625,英鎊,瑞銀 (盧森堡) 英鎊基金,yfinance,貨幣市場,全球市場,A0015 瑞銀投信,瑞銀
B19025,2014-11-06,824.3300170898438,英鎊,瑞銀 (盧森堡) 英鎊基金,yfinance,貨幣市場,全球市場,A0015 瑞銀投信,瑞銀
B19025,2014-11-07,824.3400268554688,英鎊,瑞銀 (盧森堡) 英鎊基金,yfinance,貨幣市場,全球市場,A0015 瑞銀投信,瑞銀
B19025,2014-11-10,824.3499755859375,英鎊,瑞銀 (盧森堡) 英鎊基金,yfinance,貨幣市場,全球市場,A0015 瑞銀投信,瑞銀
B19025,2014-11-11,824.3499755859375,英鎊,瑞銀 (盧森堡) 英鎊基金,yfinance,貨幣市場,全球市場,A0015 瑞銀投信,瑞銀
B19025,2014-11-12,824.3800048828125,英鎊,瑞銀 (盧森堡) 英鎊基金,yfinance,貨幣市場,全球市場,A0015 瑞銀投信,瑞銀
B19025,2014-11-13,824.3599853515625,英鎊,瑞銀 (盧森堡) 英鎊基金,yfinance,貨幣市場,全球市場,A0015 瑞銀投信,瑞銀
B19025,2014-11-14,824.3599853515625,英鎊,瑞銀 (盧森堡) 英鎊基金,yfinance,貨幣市場,全球市場,A0015 瑞銀投信,瑞銀
B19025,2014-11-17,824.3900146484375,英鎊,瑞銀 (盧森堡) 英鎊基金,yfinance,貨幣市場,全球市場,A0015 瑞銀投信,瑞銀
B19025,2014-11-18,824.3900146484375,英鎊,瑞銀 (盧森堡) 英鎊基金,yfinance,貨幣市場,全球市場,A0015 瑞銀投信,瑞銀
B19025,2014-11-19,824.4000244140625,英鎊,瑞銀 (盧森堡) 英鎊基金,yfinance,貨幣市場,全球市場,A0015 瑞銀投信,瑞銀
B19025,2014-11-20,824.3800048828125,英鎊,瑞銀 (盧森堡) 英鎊基金,yfinance,貨幣市場,全球市場,A0015 瑞銀投信,瑞銀
B19025,2014-11-21,824.4000244140625,英鎊,瑞銀 (盧森堡) 英鎊基金,yfinance,貨幣市場,全球市場,A0015 瑞銀投信,瑞銀
B19025,2014-11-24,824.4199829101562,英鎊,瑞銀 (盧森堡) 英鎊基金,yfinance,貨幣市場,全球市場,A0015 瑞銀投信,瑞銀
B19025,2014-11-25,824.4199829101562,英鎊,瑞銀 (盧森堡) 英鎊基金,yfinance,貨幣市場,全球市場,A0015 瑞銀投信,瑞銀
B19025,2014-11-26,824.4500122070312,英鎊,瑞銀 (盧森堡) 英鎊基金,yfinance,貨幣市場,全球市場,A0015 瑞銀投信,瑞銀
B19025,2014-11-27,824.4299926757812,英鎊,瑞銀 (盧森堡) 英鎊基金,yfinance,貨幣市場,全球市場,A0015 瑞銀投信,瑞銀
B19025,2014-11-28,824.4400024414062,英鎊,瑞銀 (盧森堡) 英鎊基金,yfinance,貨幣市場,全球市場,A0015 瑞銀投信,瑞銀
B19025,2014-12-01,824.4600219726562,英鎊,瑞銀 (盧森堡) 英鎊基金,yfinance,貨幣市場,全球市場,A0015 瑞銀投信,瑞銀
B19025,2014-12-02,824.4500122070312,英鎊,瑞銀 (盧森堡) 英鎊基金,yfinance,貨幣市場,全球市場,A0015 瑞銀投信,瑞銀
B19025,2014-12-03,824.469970703125,英鎊,瑞銀 (盧森堡) 英鎊基金,yfinance,貨幣市場,全球市場,A0015 瑞銀投信,瑞銀
B19025,2014-12-04,824.4500122070312,英鎊,瑞銀 (盧森堡) 英鎊基金,yfinance,貨幣市場,全球市場,A0015 瑞銀投信,瑞銀
B19025,2014-12-05,824.4600219726562,英鎊,瑞銀 (盧森堡) 英鎊基金,yfinance,貨幣市場,全球市場,A0015 瑞銀投信,瑞銀
B19025,2014-12-08,824.4600219726562,英鎊,瑞銀 (盧森堡) 英鎊基金,yfinance,貨幣市場,全球市場,A0015 瑞銀投信,瑞銀
B19025,2014-12-09,824.47998046875,英鎊,瑞銀 (盧森堡) 英鎊基金,yfinance,貨幣市場,全球市場,A0015 瑞銀投信,瑞銀
B19025,2014-12-10,824.47998046875,英鎊,瑞銀 (盧森堡) 英鎊基金,yfinance,貨幣市場,全球市場,A0015 瑞銀投信,瑞銀
B19025,2014-12-11,824.469970703125,英鎊,瑞銀 (盧森堡) 英鎊基金,yfinance,貨幣市場,全球市場,A0015 瑞銀投信,瑞銀
B19025,2014-12-12,824.47998046875,英鎊,瑞銀 (盧森堡) 英鎊基金,yfinance,貨幣市場,全球市場,A0015 瑞銀投信,瑞銀
B19025,2014-12-15,824.489990234375,英鎊,瑞銀 (盧森堡) 英鎊基金,yfinance,貨幣市場,全球市場,A0015 瑞銀投信,瑞銀
B19025,2014-12-16,824.47998046875,英鎊,瑞銀 (盧森堡) 英鎊基金,yfinance,貨幣市場,全球市場,A0015 瑞銀投信,瑞銀
B19025,2014-12-17,824.5,英鎊,瑞銀 (盧森堡) 英鎊基金,yfinance,貨幣市場,全球市場,A0015 瑞銀投信,瑞銀
B19025,2014-12-18,824.510009765625,英鎊,瑞銀 (盧森堡) 英鎊基金,yfinance,貨幣市場,全球市場,A0015 瑞銀投信,瑞銀
B19025,2014-12-19,824.5,英鎊,瑞銀 (盧森堡) 英鎊基金,yfinance,貨幣市場,全球市場,A0015 瑞銀投信,瑞銀
B19025,2014-12-22,824.530029296875,英鎊,瑞銀 (盧森堡) 英鎊基金,yfinance,貨幣市場,全球市場,A0015 瑞銀投信,瑞銀
B19025,2014-12-23,824.489990234375,英鎊,瑞銀 (盧森堡) 英鎊基金,yfinance,貨幣市場,全球市場,A0015 瑞銀投信,瑞銀
B19025,2014-12-24,824.510009765625,英鎊,瑞銀 (盧森堡) 英鎊基金,yfinance,貨幣市場,全球市場,A0015 瑞銀投信,瑞銀
B19025,2014-12-29,824.5399780273438,英鎊,瑞銀 (盧森堡) 英鎊基金,yfinance,貨幣市場,全球市場,A0015 瑞銀投信,瑞銀
B19025,2014-12-30,824.5399780273438,英鎊,瑞銀 (盧森堡) 英鎊基金,yfinance,貨幣市場,全球市場,A0015 瑞銀投信,瑞銀
B19025,2014-12-31,824.52001953125,英鎊,瑞銀 (盧森堡) 英鎊基金,yfinance,貨幣市場,全球市場,A0015 瑞銀投信,瑞銀
B27029,2014-01-02,67.42998504638672,英鎊,晉達環球策略基金 - 英國ALPHA基金 C 收益股份,yfinance,未分類,英國,A0032 野村投信,晉達
B27029,2014-01-03,67.62991333007812,英鎊,晉達環球策略基金 - 英國ALPHA基金 C 收益股份,yfinance,未分類,英國,A0032 野村投信,晉達
B27029,2014-01-06,67.80127716064453,英鎊,晉達環球策略基金 - 英國ALPHA基金 C 收益股份,yfinance,未分類,英國,A0032 野村投信,晉達
B27029,2014-01-07,67.9726333618164,英鎊,晉達環球策略基金 - 英國ALPHA基金 C 收益股份,yfinance,未分類,英國,A0032 野村投信,晉達
B27029,2014-01-08,67.70606231689453,英鎊,晉達環球策略基金 - 英國ALPHA基金 C 收益股份,yfinance,未分類,英國,A0032 野村投信,晉達
B27029,2014-01-09,67.39190673828125,英鎊,晉達環球策略基金 - 英國ALPHA基金 C 收益股份,yfinance,未分類,英國,A0032 野村投信,晉達
B27029,2014-01-10,68.00118255615234,英鎊,晉達環球策略基金 - 英國ALPHA基金 C 收益股份,yfinance,未分類,英國,A0032 野村投信,晉達
B27029,2014-01-13,67.93455505371094,英鎊,晉達環球策略基金 - 英國ALPHA基金 C 收益股份,yfinance,未分類,英國,A0032 野村投信,晉達
B27029,2014-01-14,68.38198852539062,英鎊,晉達環球策略基金 - 英國ALPHA基金 C 收益股份,yfinance,未分類,英國,A0032 野村投信,晉達
B27029,2014-01-15,68.7247085571289,英鎊,晉達環球策略基金 - 英國ALPHA基金 C 收益股份,yfinance,未分類,英國,A0032 野村投信,晉達
B27029,2014-01-16,68.4676513671875,英鎊,晉達環球策略基金 - 英國ALPHA基金 C 收益股份,yfinance,未分類,英國,A0032 野村投信,晉達
B27029,2014-01-17,68.52478790283203,英鎊,晉達環球策略基金 - 英國ALPHA基金 C 收益股份,yfinance,未分類,英國,A0032 野村投信,晉達
B27029,2014-01-20,68.55335235595703,英鎊,晉達環球策略基金 - 英國ALPHA基金 C 收益股份,yfinance,未分類,英國,A0032 野村投信,晉達
B27029,2014-01-21,68.50574493408203,英鎊,晉達環球策略基金 - 英國ALPHA基金 C 收益股份,yfinance,未分類,英國,A0032 野村投信,晉達
B27029,2014-01-22,68.4581527709961,英鎊,晉達環球策略基金 - 英國ALPHA基金 C 收益股份,yfinance,未分類,英國,A0032 野村投信,晉達
B27029,2014-01-23,67.89647674560547,英鎊,晉達環球策略基金 - 英國ALPHA基金 C 收益股份,yfinance,未分類,英國,A0032 野村投信,晉達
B27029,2014-01-24,66.50655364990234,英鎊,晉達環球策略基金 - 英國ALPHA基金 C 收益股份,yfinance,未分類,英國,A0032 野村投信,晉達
B27029,2014-01-27,65.85918426513672,英鎊,晉達環球策略基金 - 英國ALPHA基金 C 收益股份,yfinance,未分類,英國,A0032 野村投信,晉達
B27029,2014-01-28,66.59222412109375,英鎊,晉達環球策略基金 - 英國ALPHA基金 C 收益股份,yfinance,未分類,英國,A0032 野村投信,晉達
B27029,2014-01-29,66.12574768066406,英鎊,晉達環球策略基金 - 英國ALPHA基金 C 收益股份,yfinance,未分類,英國,A0032 野村投信,晉達
B27029,2014-01-30,66.48750305175781,英鎊,晉達環球策略基金 - 英國ALPHA基金 C 收益股份,yfinance,未分類,英國,A0032 野村投信,晉達
B27029,2014-01-31,66.1352767944336,英鎊,晉達環球策略基金 - 英國ALPHA基金 C 收益股份,yfinance,未分類,英國,A0032 野村投信,晉達
B27029,2014-02-03,65.33558654785156,英鎊,晉達環球策略基金 - 英國ALPHA基金 C 收益股份,yfinance,未分類,英國,A0032 野村投信,晉達
B27029,2014-02-04,65.84965515136719,英鎊,晉達環球策略基金 - 英國ALPHA基金 C 收益股份,yfinance,未分類,英國,A0032 野村投信,晉達
B27029,2014-02-05,65.66879272460938,英鎊,晉達環球策略基金 - 英國ALPHA基金 C 收益股份,yfinance,未分類,英國,A0032 野村投信,晉達
B27029,2014-02-06,66.8397445678711,英鎊,晉達環球策略基金 - 英國ALPHA基金 C 收益股份,yfinance,未分類,英國,A0032 野村投信,晉達
B27029,2014-02-07,67.19197845458984,英鎊,晉達環球策略基金 - 英國ALPHA基金 C 收益股份,yfinance,未分類,英國,A0032 野村投信,晉達
B27029,2014-02-10,67.27766418457031,英鎊,晉達環球策略基金 - 英國ALPHA基金 C 收益股份,yfinance,未分類,英國,A0032 野村投信,晉達
B27029,2014-02-11,68.23918151855469,英鎊,晉達環球策略基金 - 英國ALPHA基金 C 收益股份,yfinance,未分類,英國,A0032 野村投信,晉達
B27029,2014-02-12,68.38198852539062,英鎊,晉達環球策略基金 - 英國ALPHA基金 C 收益股份,yfinance,未分類,英國,A0032 野村投信,晉達
B27029,2014-02-13,68.42958068847656,英鎊,晉達環球策略基金 - 英國ALPHA基金 C 收益股份,yfinance,未分類,英國,A0032 野村投信,晉達
B27029,2014-02-14,68.48670196533203,英鎊,晉達環球策略基金 - 英國ALPHA基金 C 收益股份,yfinance,未分類,英國,A0032 野村投信,晉達
B27029,2014-02-17,69.23878479003906,英鎊,晉達環球策略基金 - 英國ALPHA基金 C 收益股份,yfinance,未分類,英國,A0032 野村投信,晉達
B27029,2014-02-18,69.9718246459961,英鎊,晉達環球策略基金 - 英國ALPHA基金 C 收益股份,yfinance,未分類,英國,A0032 野村投信,晉達
B27029,2014-02-19,69.9337387084961,英鎊,晉達環球策略基金 - 英國ALPHA基金 C 收益股份,yfinance,未分類,英國,A0032 野村投信,晉達
B27029,2014-02-20,70.43829345703125,英鎊,晉達環球策略基金 - 英國ALPHA基金 C 收益股份,yfinance,未分類,英國,A0032 野村投信,晉達
B27029,2014-02-21,70.47637939453125,英鎊,晉達環球策略基金 - 英國ALPHA基金 C 收益股份,yfinance,未分類,英國,A0032 野村投信,晉達
B27029,2014-02-24,70.819091796875,英鎊,晉達環球策略基金 - 英國ALPHA基金 C 收益股份,yfinance,未分類,英國,A0032 野村投信,晉達
B27029,2014-02-25,70.6096420288086,英鎊,晉達環球策略基金 - 英國ALPHA基金 C 收益股份,yfinance,未分類,英國,A0032 野村投信,晉達
B27029,2014-02-26,70.27645111083984,英鎊,晉達環球策略基金 - 英國ALPHA基金 C 收益股份,yfinance,未分類,英國,A0032 野村投信,晉達
B27029,2014-02-27,70.41926574707031,英鎊,晉達環球策略基金 - 英國ALPHA基金 C 收益股份,yfinance,未分類,英國,A0032 野村投信,晉達
B27029,2014-02-28,70.66678619384766,英鎊,晉達環球策略基金 - 英國ALPHA基金 C 收益股份,yfinance,未分類,英國,A0032 野村投信,晉達
B27029,2014-03-03,69.49581909179688,英鎊,晉達環球策略基金 - 英國ALPHA基金 C 收益股份,yfinance,未分類,英國,A0032 野村投信,晉達
B27029,2014-03-04,71.09516906738281,英鎊,晉達環球策略基金 - 英國ALPHA基金 C 收益股份,yfinance,未分類,英國,A0032 野村投信,晉達
B27029,2014-03-05,70.66678619384766,英鎊,晉達環球策略基金 - 英國ALPHA基金 C 收益股份,yfinance,未分類,英國,A0032 野村投信,晉達
B27029,2014-03-06,70.56206512451172,英鎊,晉達環球策略基金 - 英國ALPHA基金 C 收益股份,yfinance,未分類,英國,A0032 野村投信,晉達
B27029,2014-03-07,69.87662506103516,英鎊,晉達環球策略基金 - 英國ALPHA基金 C 收益股份,yfinance,未分類,英國,A0032 野村投信,晉達
B27029,2014-03-10,69.61957550048828,英鎊,晉達環球策略基金 - 英國ALPHA基金 C 收益股份,yfinance,未分類,英國,A0032 野村投信,晉達
B27029,2014-03-11,69.58148956298828,英鎊,晉達環球策略基金 - 英國ALPHA基金 C 收益股份,yfinance,未分類,英國,A0032 野村投信,晉達
B27029,2014-03-12,69.31494140625,英鎊,晉達環球策略基金 - 英國ALPHA基金 C 收益股份,yfinance,未分類,英國,A0032 野村投信,晉達
B27029,2014-03-13,68.38198852539062,英鎊,晉達環球策略基金 - 英國ALPHA基金 C 收益股份,yfinance,未分類,英國,A0032 野村投信,晉達
B27029,2014-03-14,68.29630279541016,英鎊,晉達環球策略基金 - 英國ALPHA基金 C 收益股份,yfinance,未分類,英國,A0032 野村投信,晉達
B27029,2014-03-17,68.82942962646484,英鎊,晉達環球策略基金 - 英國ALPHA基金 C 收益股份,yfinance,未分類,英國,A0032 野村投信,晉達
B27029,2014-03-18,69.2197265625,英鎊,晉達環球策略基金 - 英國ALPHA基金 C 收益股份,yfinance,未分類,英國,A0032 野村投信,晉達
B27029,2014-03-19,68.64855194091797,英鎊,晉達環球策略基金 - 英國ALPHA基金 C 收益股份,yfinance,未分類,英國,A0032 野村投信,晉達
B27029,2014-03-20,68.35342407226562,英鎊,晉達環球策略基金 - 英國ALPHA基金 C 收益股份,yfinance,未分類,英國,A0032 野村投信,晉達
B27029,2014-03-21,68.33438110351562,英鎊,晉達環球策略基金 - 英國ALPHA基金 C 收益股份,yfinance,未分類,英國,A0032 野村投信,晉達
B27029,2014-03-24,67.79173278808594,英鎊,晉達環球策略基金 - 英國ALPHA基金 C 收益股份,yfinance,未分類,英國,A0032 野村投信,晉達
B27029,2014-03-25,68.5819091796875,英鎊,晉達環球策略基金 - 英國ALPHA基金 C 收益股份,yfinance,未分類,英國,A0032 野村投信,晉達
B27029,2014-03-26,68.52478790283203,英鎊,晉達環球策略基金 - 英國ALPHA基金 C 收益股份,yfinance,未分類,英國,A0032 野村投信,晉達
B27029,2014-03-27,68.75325775146484,英鎊,晉達環球策略基金 - 英國ALPHA基金 C 收益股份,yfinance,未分類,英國,A0032 野村投信,晉達
B27029,2014-03-28,68.83893585205078,英鎊,晉達環球策略基金 - 英國ALPHA基金 C 收益股份,yfinance,未分類,英國,A0032 野村投信,晉達
B27029,2014-03-31,68.99125671386719,英鎊,晉達環球策略基金 - 英國ALPHA基金 C 收益股份,yfinance,未分類,英國,A0032 野村投信,晉達
B27029,2014-04-01,69.60055541992188,英鎊,晉達環球策略基金 - 英國ALPHA基金 C 收益股份,yfinance,未分類,英國,A0032 野村投信,晉達
B27029,2014-04-02,69.57197570800781,英鎊,晉達環球策略基金 - 英國ALPHA基金 C 收益股份,yfinance,未分類,英國,A0032 野村投信,晉達
B27029,2014-04-03,69.41966247558594,英鎊,晉達環球策略基金 - 英國ALPHA基金 C 收益股份,yfinance,未分類,英國,A0032 野村投信,晉達
B27029,2014-04-04,69.56246185302734,英鎊,晉達環球策略基金 - 英國ALPHA基金 C 收益股份,yfinance,未分類,英國,A0032 野村投信,晉達
B27029,2014-04-07,68.96270751953125,英鎊,晉達環球策略基金 - 英國ALPHA基金 C 收益股份,yfinance,未分類,英國,A0032 野村投信,晉達
B27029,2014-04-08,68.33438110351562,英鎊,晉達環球策略基金 - 英國ALPHA基金 C 收益股份,yfinance,未分類,英國,A0032 野村投信,晉達
B27029,2014-04-09,69.37206268310547,英鎊,晉達環球策略基金 - 英國ALPHA基金 C 收益股份,yfinance,未分類,英國,A0032 野村投信,晉達
B27029,2014-04-10,68.7151870727539,英鎊,晉達環球策略基金 - 英國ALPHA基金 C 收益股份,yfinance,未分類,英國,A0032 野村投信,晉達
B27029,2014-04-11,67.84886169433594,英鎊,晉達環球策略基金 - 英國ALPHA基金 C 收益股份,yfinance,未分類,英國,A0032 野村投信,晉達
B27029,2014-04-14,67.76319885253906,英鎊,晉達環球策略基金 - 英國ALPHA基金 C 收益股份,yfinance,未分類,英國,A0032 野村投信,晉達
B27029,2014-04-15,67.43950653076172,英鎊,晉達環球策略基金 - 英國ALPHA基金 C 收益股份,yfinance,未分類,英國,A0032 野村投信,晉達
B27029,2014-04-16,67.8678970336914,英鎊,晉達環球策略基金 - 英國ALPHA基金 C 收益股份,yfinance,未分類,英國,A0032 野村投信,晉達
B27029,2014-04-17,68.40101623535156,英鎊,晉達環球策略基金 - 英國ALPHA基金 C 收益股份,yfinance,未分類,英國,A0032 野村投信,晉達
B27029,2014-04-22,68.6295166015625,英鎊,晉達環球策略基金 - 英國ALPHA基金 C 收益股份,yfinance,未分類,英國,A0032 野村投信,晉達
B27029,2014-04-23,68.52478790283203,英鎊,晉達環球策略基金 - 英國ALPHA基金 C 收益股份,yfinance,未分類,英國,A0032 野村投信,晉達
B27029,2014-04-24,69.01981353759766,英鎊,晉達環球策略基金 - 英國ALPHA基金 C 收益股份,yfinance,未分類,英國,A0032 野村投信,晉達
B27029,2014-04-25,68.40101623535156,英鎊,晉達環球策略基金 - 英國ALPHA基金 C 收益股份,yfinance,未分類,英國,A0032 野村投信,晉達
B27029,2014-04-28,68.04878234863281,英鎊,晉達環球策略基金 - 英國ALPHA基金 C 收益股份,yfinance,未分類,英國,A0032 野村投信,晉達
B27029,2014-04-29,68.64855194091797,英鎊,晉達環球策略基金 - 英國ALPHA基金 C 收益股份,yfinance,未分類,英國,A0032 野村投信,晉達
B27029,2014-04-30,68.79134368896484,英鎊,晉達環球策略基金 - 英國ALPHA基金 C 收益股份,yfinance,未分類,英國,A0032 野村投信,晉達
B27029,2014-05-02,69.06743621826172,英鎊,晉達環球策略基金 - 英國ALPHA基金 C 收益股份,yfinance,未分類,英國,A0032 野村投信,晉達
B27029,2014-05-06,68.7247085571289,英鎊,晉達環球策略基金 - 英國ALPHA基金 C 收益股份,yfinance,未分類,英國,A0032 野村投信,晉達
B27029,2014-05-07,69.04838562011719,英鎊,晉達環球策略基金 - 英國ALPHA基金 C 收益股份,yfinance,未分類,英國,A0032 野村投信,晉達
B27029,2014-05-08,69.32445526123047,英鎊,晉達環球策略基金 - 英國ALPHA基金 C 收益股份,yfinance,未分類,英國,A0032 野村投信,晉達
B27029,2014-05-09,69.04838562011719,英鎊,晉達環球策略基金 - 英國ALPHA基金 C 收益股份,yfinance,未分類,英國,A0032 野村投信,晉達
B27029,2014-05-12,69.59101104736328,英鎊,晉達環球策略基金 - 英國ALPHA基金 C 收益股份,yfinance,未分類,英國,A0032 野村投信,晉達
B27029,2014-05-13,69.65765380859375,英鎊,晉達環球策略基金 - 英國ALPHA基金 C 收益股份,yfinance,未分類,英國,A0032 野村投信,晉達
B27029,2014-05-14,69.53390502929688,英鎊,晉達環球策略基金 - 英國ALPHA基金 C 收益股份,yfinance,未分類,英國,A0032 野村投信,晉達
B27029,2014-05-15,68.7247085571289,英鎊,晉達環球策略基金 - 英國ALPHA基金 C 收益股份,yfinance,未分類,英國,A0032 野村投信,晉達
B27029,2014-05-16,68.35342407226562,英鎊,晉達環球策略基金 - 英國ALPHA基金 C 收益股份,yfinance,未分類,英國,A0032 野村投信,晉達
B27029,2014-05-19,68.26773834228516,英鎊,晉達環球策略基金 - 英國ALPHA基金 C 收益股份,yfinance,未分類,英國,A0032 野村投信,晉達
B27029,2014-05-20,68.15351104736328,英鎊,晉達環球策略基金 - 英國ALPHA基金 C 收益股份,yfinance,未分類,英國,A0032 野村投信,晉達
B27029,2014-05-21,68.80087280273438,英鎊,晉達環球策略基金 - 英國ALPHA基金 C 收益股份,yfinance,未分類,英國,A0032 野村投信,晉達
B27029,2014-05-22,68.92463684082031,英鎊,晉達環球策略基金 - 英國ALPHA基金 C 收益股份,yfinance,未分類,英國,A0032 野村投信,晉達
B27029,2014-05-23,69.00079345703125,英鎊,晉達環球策略基金 - 英國ALPHA基金 C 收益股份,yfinance,未分類,英國,A0032 野村投信,晉達
B27029,2014-05-27,69.50534057617188,英鎊,晉達環球策略基金 - 英國ALPHA基金 C 收益股份,yfinance,未分類,英國,A0032 野村投信,晉達
B27029,2014-05-28,69.62909698486328,英鎊,晉達環球策略基金 - 英國ALPHA基金 C 收益股份,yfinance,未分類,英國,A0032 野村投信,晉達
B27029,2014-05-30,69.45771789550781,英鎊,晉達環球策略基金 - 英國ALPHA基金 C 收益股份,yfinance,未分類,英國,A0032 野村投信,晉達
B27029,2014-06-02,69.69573211669922,英鎊,晉達環球策略基金 - 英國ALPHA基金 C 收益股份,yfinance,未分類,英國,A0032 野村投信,晉達
B27029,2014-06-03,69.40062713623047,英鎊,晉達環球策略基金 - 英國ALPHA基金 C 收益股份,yfinance,未分類,英國,A0032 野村投信,晉達
B27029,2014-06-04,69.41014862060547,英鎊,晉達環球策略基金 - 英國ALPHA基金 C 收益股份,yfinance,未分類,英國,A0032 野村投信,晉達
B27029,2014-06-05,69.45771789550781,英鎊,晉達環球策略基金 - 英國ALPHA基金 C 收益股份,yfinance,未分類,英國,A0032 野村投信,晉達
B27029,2014-06-06,70.02893829345703,英鎊,晉達環球策略基金 - 英國ALPHA基金 C 收益股份,yfinance,未分類,英國,A0032 野村投信,晉達
B27029,2014-06-10,70.0384521484375,英鎊,晉達環球策略基金 - 英國ALPHA基金 C 收益股份,yfinance,未分類,英國,A0032 野村投信,晉達
B27029,2014-06-11,69.63862609863281,英鎊,晉達環球策略基金 - 英國ALPHA基金 C 收益股份,yfinance,未分類,英國,A0032 野村投信,晉達
B27029,2014-06-12,69.4863052368164,英鎊,晉達環球策略基金 - 英國ALPHA基金 C 收益股份,yfinance,未分類,英國,A0032 野村投信,晉達
B27029,2014-06-13,68.7151870727539,英鎊,晉達環球策略基金 - 英國ALPHA基金 C 收益股份,yfinance,未分類,英國,A0032 野村投信,晉達
B27029,2014-06-16,68.3438949584961,英鎊,晉達環球策略基金 - 英國ALPHA基金 C 收益股份,yfinance,未分類,英國,A0032 野村投信,晉達
B27029,2014-06-17,68.4105453491211,英鎊,晉達環球策略基金 - 英國ALPHA基金 C 收益股份,yfinance,未分類,英國,A0032 野村投信,晉達
B27029,2014-06-18,68.82942962646484,英鎊,晉達環球策略基金 - 英國ALPHA基金 C 收益股份,yfinance,未分類,英國,A0032 野村投信,晉達
B27029,2014-06-19,68.7627944946289,英鎊,晉達環球策略基金 - 英國ALPHA基金 C 收益股份,yfinance,未分類,英國,A0032 野村投信,晉達
B27029,2014-06-20,69.1435775756836,英鎊,晉達環球策略基金 - 英國ALPHA基金 C 收益股份,yfinance,未分類,英國,A0032 野村投信,晉達
B27029,2014-06-24,68.20110321044922,英鎊,晉達環球策略基金 - 英國ALPHA基金 C 收益股份,yfinance,未分類,英國,A0032 野村投信,晉達
B27029,2014-06-25,68.22966766357422,英鎊,晉達環球策略基金 - 英國ALPHA基金 C 收益股份,yfinance,未分類,英國,A0032 野村投信,晉達
B27029,2014-06-26,68.59142303466797,英鎊,晉達環球策略基金 - 英國ALPHA基金 C 收益股份,yfinance,未分類,英國,A0032 野村投信,晉達
B27029,2014-06-27,68.85800170898438,英鎊,晉達環球策略基金 - 英國ALPHA基金 C 收益股份,yfinance,未分類,英國,A0032 野村投信,晉達
B27029,2014-06-30,68.80087280273438,英鎊,晉達環球策略基金 - 英國ALPHA基金 C 收益股份,yfinance,未分類,英國,A0032 野村投信,晉達
B27029,2014-07-01,69.35302734375,英鎊,晉達環球策略基金 - 英國ALPHA基金 C 收益股份,yfinance,未分類,英國,A0032 野村投信,晉達
B27029,2014-07-02,69.63862609863281,英鎊,晉達環球策略基金 - 英國ALPHA基金 C 收益股份,yfinance,未分類,英國,A0032 野村投信,晉達
B27029,2014-07-03,70.21935272216797,英鎊,晉達環球策略基金 - 英國ALPHA基金 C 收益股份,yfinance,未分類,英國,A0032 野村投信,晉達
B27029,2014-07-04,70.2288589477539,英鎊,晉達環球策略基金 - 英國ALPHA基金 C 收益股份,yfinance,未分類,英國,A0032 野村投信,晉達
B27029,2014-07-07,69.61957550048828,英鎊,晉達環球策略基金 - 英國ALPHA基金 C 收益股份,yfinance,未分類,英國,A0032 野村投信,晉達
B27029,2014-07-08,68.77230072021484,英鎊,晉達環球策略基金 - 英國ALPHA基金 C 收益股份,yfinance,未分類,英國,A0032 野村投信,晉達
B27029,2014-07-09,68.5343017578125,英鎊,晉達環球策略基金 - 英國ALPHA基金 C 收益股份,yfinance,未分類,英國,A0032 野村投信,晉達
B27029,2014-07-10,67.98213958740234,英鎊,晉達環球策略基金 - 英國ALPHA基金 C 收益股份,yfinance,未分類,英國,A0032 野村投信,晉達
B27029,2014-07-11,68.24871063232422,英鎊,晉達環球策略基金 - 英國ALPHA基金 C 收益股份,yfinance,未分類,英國,A0032 野村投信,晉達
B27029,2014-07-14,68.74374389648438,英鎊,晉達環球策略基金 - 英國ALPHA基金 C 收益股份,yfinance,未分類,英國,A0032 野村投信,晉達
B27029,2014-07-15,68.22966766357422,英鎊,晉達環球策略基金 - 英國ALPHA基金 C 收益股份,yfinance,未分類,英國,A0032 野村投信,晉達
B27029,2014-07-16,68.95319366455078,英鎊,晉達環球策略基金 - 英國ALPHA基金 C 收益股份,yfinance,未分類,英國,A0032 野村投信,晉達
B27029,2014-07-17,68.47718811035156,英鎊,晉達環球策略基金 - 英國ALPHA基金 C 收益股份,yfinance,未分類,英國,A0032 野村投信,晉達
B27029,2014-07-18,68.90557861328125,英鎊,晉達環球策略基金 - 英國ALPHA基金 C 收益股份,yfinance,未分類,英國,A0032 野村投信,晉達
B27029,2014-07-21,68.50574493408203,英鎊,晉達環球策略基金 - 英國ALPHA基金 C 收益股份,yfinance,未分類,英國,A0032 野村投信,晉達
B27029,2014-07-22,69.27687072753906,英鎊,晉達環球策略基金 - 英國ALPHA基金 C 收益股份,yfinance,未分類,英國,A0032 野村投信,晉達
B27029,2014-07-23,69.41966247558594,英鎊,晉達環球策略基金 - 英國ALPHA基金 C 收益股份,yfinance,未分類,英國,A0032 野村投信,晉達
B27029,2014-07-24,69.67671966552734,英鎊,晉達環球策略基金 - 英國ALPHA基金 C 收益股份,yfinance,未分類,英國,A0032 野村投信,晉達
B27029,2014-07-25,69.2958984375,英鎊,晉達環球策略基金 - 英國ALPHA基金 C 收益股份,yfinance,未分類,英國,A0032 野村投信,晉達
B27029,2014-07-28,69.07695007324219,英鎊,晉達環球策略基金 - 英國ALPHA基金 C 收益股份,yfinance,未分類,英國,A0032 野村投信,晉達
B27029,2014-07-29,69.30542755126953,英鎊,晉達環球策略基金 - 英國ALPHA基金 C 收益股份,yfinance,未分類,英國,A0032 野村投信,晉達
B27029,2014-07-30,68.94365692138672,英鎊,晉達環球策略基金 - 英國ALPHA基金 C 收益股份,yfinance,未分類,英國,A0032 野村投信,晉達
B27029,2014-07-31,68.26773834228516,英鎊,晉達環球策略基金 - 英國ALPHA基金 C 收益股份,yfinance,未分類,英國,A0032 野村投信,晉達
B27029,2014-08-01,67.99166107177734,英鎊,晉達環球策略基金 - 英國ALPHA基金 C 收益股份,yfinance,未分類,英國,A0032 野村投信,晉達
B27029,2014-08-04,68.07733917236328,英鎊,晉達環球策略基金 - 英國ALPHA基金 C 收益股份,yfinance,未分類,英國,A0032 野村投信,晉達
B27029,2014-08-05,67.6394271850586,英鎊,晉達環球策略基金 - 英國ALPHA基金 C 收益股份,yfinance,未分類,英國,A0032 野村投信,晉達
B27029,2014-08-06,67.47759246826172,英鎊,晉達環球策略基金 - 英國ALPHA基金 C 收益股份,yfinance,未分類,英國,A0032 野村投信,晉達
B27029,2014-08-07,67.02062225341797,英鎊,晉達環球策略基金 - 英國ALPHA基金 C 收益股份,yfinance,未分類,英國,A0032 野村投信,晉達
B27029,2014-08-08,67.23959350585938,英鎊,晉達環球策略基金 - 英國ALPHA基金 C 收益股份,yfinance,未分類,英國,A0032 野村投信,晉達
B27029,2014-08-11,67.8869400024414,英鎊,晉達環球策略基金 - 英國ALPHA基金 C 收益股份,yfinance,未分類,英國,A0032 野村投信,晉達
B27029,2014-08-12,67.91549682617188,英鎊,晉達環球策略基金 - 英國ALPHA基金 C 收益股份,yfinance,未分類,英國,A0032 野村投信,晉達
B27029,2014-08-13,68.36294555664062,英鎊,晉達環球策略基金 - 英國ALPHA基金 C 收益股份,yfinance,未分類,英國,A0032 野村投信,晉達
B27029,2014-08-14,68.7247085571289,英鎊,晉達環球策略基金 - 英國ALPHA基金 C 收益股份,yfinance,未分類,英國,A0032 野村投信,晉達
B27029,2014-08-18,69.35302734375,英鎊,晉達環球策略基金 - 英國ALPHA基金 C 收益股份,yfinance,未分類,英國,A0032 野村投信,晉達
B27029,2014-08-19,69.83855438232422,英鎊,晉達環球策略基金 - 英國ALPHA基金 C 收益股份,yfinance,未分類,英國,A0032 野村投信,晉達
B27029,2014-08-20,69.46726989746094,英鎊,晉達環球策略基金 - 英國ALPHA基金 C 收益股份,yfinance,未分類,英國,A0032 野村投信,晉達
B27029,2014-08-21,69.77191162109375,英鎊,晉達環球策略基金 - 英國ALPHA基金 C 收益股份,yfinance,未分類,英國,A0032 野村投信,晉達
B27029,2014-08-22,69.81949615478516,英鎊,晉達環球策略基金 - 英國ALPHA基金 C 收益股份,yfinance,未分類,英國,A0032 野村投信,晉達
B27029,2014-08-26,70.26692962646484,英鎊,晉達環球策略基金 - 英國ALPHA基金 C 收益股份,yfinance,未分類,英國,A0032 野村投信,晉達
B27029,2014-08-27,70.35263061523438,英鎊,晉達環球策略基金 - 英國ALPHA基金 C 收益股份,yfinance,未分類,英國,A0032 野村投信,晉達
B27029,2014-08-28,70.16222381591797,英鎊,晉達環球策略基金 - 英國ALPHA基金 C 收益股份,yfinance,未分類,英國,A0032 野村投信,晉達
B27029,2014-08-29,70.35263061523438,英鎊,晉達環球策略基金 - 英國ALPHA基金 C 收益股份,yfinance,未分類,英國,A0032 野村投信,晉達
B27029,2014-09-01,70.49542236328125,英鎊,晉達環球策略基金 - 英國ALPHA基金 C 收益股份,yfinance,未分類,英國,A0032 野村投信,晉達
B27029,2014-09-02,70.51445007324219,英鎊,晉達環球策略基金 - 英國ALPHA基金 C 收益股份,yfinance,未分類,英國,A0032 野村投信,晉達
B27029,2014-09-03,70.94285583496094,英鎊,晉達環球策略基金 - 英國ALPHA基金 C 收益股份,yfinance,未分類,英國,A0032 野村投信,晉達
B27029,2014-09-04,70.92381286621094,英鎊,晉達環球策略基金 - 英國ALPHA基金 C 收益股份,yfinance,未分類,英國,A0032 野村投信,晉達
B27029,2014-09-05,70.92381286621094,英鎊,晉達環球策略基金 - 英國ALPHA基金 C 收益股份,yfinance,未分類,英國,A0032 野村投信,晉達
B27029,2014-09-08,70.35263061523438,英鎊,晉達環球策略基金 - 英國ALPHA基金 C 收益股份,yfinance,未分類,英國,A0032 野村投信,晉達
B27029,2014-09-09,70.15269470214844,英鎊,晉達環球策略基金 - 英國ALPHA基金 C 收益股份,yfinance,未分類,英國,A0032 野村投信,晉達
B27029,2014-09-10,70.09559631347656,英鎊,晉達環球策略基金 - 英國ALPHA基金 C 收益股份,yfinance,未分類,英國,A0032 野村投信,晉達
B27029,2014-09-11,69.79093933105469,英鎊,晉達環球策略基金 - 英國ALPHA基金 C 收益股份,yfinance,未分類,英國,A0032 野村投信,晉達
B27029,2014-09-12,69.9623031616211,英鎊,晉達環球策略基金 - 英國ALPHA基金 C 收益股份,yfinance,未分類,英國,A0032 野村投信,晉達
B27029,2014-09-15,70.00037384033203,英鎊,晉達環球策略基金 - 英國ALPHA基金 C 收益股份,yfinance,未分類,英國,A0032 野村投信,晉達
B27029,2014-09-16,70.45733642578125,英鎊,晉達環球策略基金 - 英國ALPHA基金 C 收益股份,yfinance,未分類,英國,A0032 野村投信,晉達
B27029,2014-09-17,69.82901763916016,英鎊,晉達環球策略基金 - 英國ALPHA基金 C 收益股份,yfinance,未分類,英國,A0032 野村投信,晉達
B27029,2014-09-18,70.2002944946289,英鎊,晉達環球策略基金 - 英國ALPHA基金 C 收益股份,yfinance,未分類,英國,A0032 野村投信,晉達
B27029,2014-09-19,70.55253601074219,英鎊,晉達環球策略基金 - 英國ALPHA基金 C 收益股份,yfinance,未分類,英國,A0032 野村投信,晉達
B27029,2014-09-22,70.00037384033203,英鎊,晉達環球策略基金 - 英國ALPHA基金 C 收益股份,yfinance,未分類,英國,A0032 野村投信,晉達
B27029,2014-09-23,69.11502075195312,英鎊,晉達環球策略基金 - 英國ALPHA基金 C 收益股份,yfinance,未分類,英國,A0032 野村投信,晉達
B27029,2014-09-24,69.4482192993164,英鎊,晉達環球策略基金 - 英國ALPHA基金 C 收益股份,yfinance,未分類,英國,A0032 野村投信,晉達
B27029,2014-09-25,68.6295166015625,英鎊,晉達環球策略基金 - 英國ALPHA基金 C 收益股份,yfinance,未分類,英國,A0032 野村投信,晉達
B27029,2014-09-26,69.00079345703125,英鎊,晉達環球策略基金 - 英國ALPHA基金 C 收益股份,yfinance,未分類,英國,A0032 野村投信,晉達
B27029,2014-09-29,68.86750030517578,英鎊,晉達環球策略基金 - 英國ALPHA基金 C 收益股份,yfinance,未分類,英國,A0032 野村投信,晉達
B27029,2014-09-30,68.55335235595703,英鎊,晉達環球策略基金 - 英國ALPHA基金 C 收益股份,yfinance,未分類,英國,A0032 野村投信,晉達
B27029,2014-10-01,67.80127716064453,英鎊,晉達環球策略基金 - 英國ALPHA基金 C 收益股份,yfinance,未分類,英國,A0032 野村投信,晉達
B27029,2014-10-02,66.92542266845703,英鎊,晉達環球策略基金 - 英國ALPHA基金 C 收益股份,yfinance,未分類,英國,A0032 野村投信,晉達
B27029,2014-10-03,67.90599822998047,英鎊,晉達環球策略基金 - 英國ALPHA基金 C 收益股份,yfinance,未分類,英國,A0032 野村投信,晉達
B27029,2014-10-06,68.15351104736328,英鎊,晉達環球策略基金 - 英國ALPHA基金 C 收益股份,yfinance,未分類,英國,A0032 野村投信,晉達
B27029,2014-10-07,67.17294311523438,英鎊,晉達環球策略基金 - 英國ALPHA基金 C 收益股份,yfinance,未分類,英國,A0032 野村投信,晉達
B27029,2014-10-08,67.59182739257812,英鎊,晉達環球策略基金 - 英國ALPHA基金 C 收益股份,yfinance,未分類,英國,A0032 野村投信,晉達
B27029,2014-10-09,66.00199890136719,英鎊,晉達環球策略基金 - 英國ALPHA基金 C 收益股份,yfinance,未分類,英國,A0032 野村投信,晉達
B27029,2014-10-10,65.4879150390625,英鎊,晉達環球策略基金 - 英國ALPHA基金 C 收益股份,yfinance,未分類,英國,A0032 野村投信,晉達
B27029,2014-10-13,65.2689437866211,英鎊,晉達環球策略基金 - 英國ALPHA基金 C 收益股份,yfinance,未分類,英國,A0032 野村投信,晉達
B27029,2014-10-14,65.94486236572266,英鎊,晉達環球策略基金 - 英國ALPHA基金 C 收益股份,yfinance,未分類,英國,A0032 野村投信,晉達
B27029,2014-10-15,64.4502182006836,英鎊,晉達環球策略基金 - 英國ALPHA基金 C 收益股份,yfinance,未分類,英國,A0032 野村投信,晉達
B27029,2014-10-16,64.43119812011719,英鎊,晉達環球策略基金 - 英國ALPHA基金 C 收益股份,yfinance,未分類,英國,A0032 野村投信,晉達
B27029,2014-10-17,65.57357788085938,英鎊,晉達環球策略基金 - 英國ALPHA基金 C 收益股份,yfinance,未分類,英國,A0032 野村投信,晉達
B27029,2014-10-20,65.61166381835938,英鎊,晉達環球策略基金 - 英國ALPHA基金 C 收益股份,yfinance,未分類,英國,A0032 野村投信,晉達
B27029,2014-10-21,66.8302230834961,英鎊,晉達環球策略基金 - 英國ALPHA基金 C 收益股份,yfinance,未分類,英國,A0032 野村投信,晉達
B27029,2014-10-22,66.70646667480469,英鎊,晉達環球策略基金 - 英國ALPHA基金 C 收益股份,yfinance,未分類,英國,A0032 野村投信,晉達
B27029,2014-10-23,67.10631561279297,英鎊,晉達環球策略基金 - 英國ALPHA基金 C 收益股份,yfinance,未分類,英國,A0032 野村投信,晉達
B27029,2014-10-24,67.1253433227539,英鎊,晉達環球策略基金 - 英國ALPHA基金 C 收益股份,yfinance,未分類,英國,A0032 野村投信,晉達
B27029,2014-10-27,66.89686584472656,英鎊,晉達環球策略基金 - 英國ALPHA基金 C 收益股份,yfinance,未分類,英國,A0032 野村投信,晉達
B27029,2014-10-28,67.47759246826172,英鎊,晉達環球策略基金 - 英國ALPHA基金 C 收益股份,yfinance,未分類,英國,A0032 野村投信,晉達
B27029,2014-10-29,67.6108627319336,英鎊,晉達環球策略基金 - 英國ALPHA基金 C 收益股份,yfinance,未分類,英國,A0032 野村投信,晉達
B27029,2014-10-30,67.99166107177734,英鎊,晉達環球策略基金 - 英國ALPHA基金 C 收益股份,yfinance,未分類,英國,A0032 野村投信,晉達
B27029,2014-10-31,68.85800170898438,英鎊,晉達環球策略基金 - 英國ALPHA基金 C 收益股份,yfinance,未分類,英國,A0032 野村投信,晉達
B27029,2014-11-03,68.25821685791016,英鎊,晉達環球策略基金 - 英國ALPHA基金 C 收益股份,yfinance,未分類,英國,A0032 野村投信,晉達
B27029,2014-11-04,68.03927612304688,英鎊,晉達環球策略基金 - 英國ALPHA基金 C 收益股份,yfinance,未分類,英國,A0032 野村投信,晉達
B27029,2014-11-05,68.7151870727539,英鎊,晉達環球策略基金 - 英國ALPHA基金 C 收益股份,yfinance,未分類,英國,A0032 野村投信,晉達
B27029,2014-11-06,68.6295166015625,英鎊,晉達環球策略基金 - 英國ALPHA基金 C 收益股份,yfinance,未分類,英國,A0032 野村投信,晉達
B27029,2014-11-07,68.7342300415039,英鎊,晉達環球策略基金 - 英國ALPHA基金 C 收益股份,yfinance,未分類,英國,A0032 野村投信,晉達
B27029,2014-11-10,69.2197265625,英鎊,晉達環球策略基金 - 英國ALPHA基金 C 收益股份,yfinance,未分類,英國,A0032 野村投信,晉達
B27029,2014-11-11,69.28636932373047,英鎊,晉達環球策略基金 - 英國ALPHA基金 C 收益股份,yfinance,未分類,英國,A0032 野村投信,晉達
B27029,2014-11-12,68.95319366455078,英鎊,晉達環球策略基金 - 英國ALPHA基金 C 收益股份,yfinance,未分類,英國,A0032 野村投信,晉達
B27029,2014-11-13,69.31494140625,英鎊,晉達環球策略基金 - 英國ALPHA基金 C 收益股份,yfinance,未分類,英國,A0032 野村投信,晉達
B27029,2014-11-14,69.51485443115234,英鎊,晉達環球策略基金 - 英國ALPHA基金 C 收益股份,yfinance,未分類,英國,A0032 野村投信,晉達
B27029,2014-11-17,69.65765380859375,英鎊,晉達環球策略基金 - 英國ALPHA基金 C 收益股份,yfinance,未分類,英國,A0032 野村投信,晉達
B27029,2014-11-18,70.04798889160156,英鎊,晉達環球策略基金 - 英國ALPHA基金 C 收益股份,yfinance,未分類,英國,A0032 野村投信,晉達
B27029,2014-11-19,69.72429656982422,英鎊,晉達環球策略基金 - 英國ALPHA基金 C 收益股份,yfinance,未分類,英國,A0032 野村投信,晉達
B27029,2014-11-20,69.79093933105469,英鎊,晉達環球策略基金 - 英國ALPHA基金 C 收益股份,yfinance,未分類,英國,A0032 野村投信,晉達
B27029,2014-11-21,70.30501556396484,英鎊,晉達環球策略基金 - 英國ALPHA基金 C 收益股份,yfinance,未分類,英國,A0032 野村投信,晉達
B27029,2014-11-24,70.36214447021484,英鎊,晉達環球策略基金 - 英國ALPHA基金 C 收益股份,yfinance,未分類,英國,A0032 野村投信,晉達
B27029,2014-11-25,70.52397918701172,英鎊,晉達環球策略基金 - 英國ALPHA基金 C 收益股份,yfinance,未分類,英國,A0032 野村投信,晉達
B27029,2014-11-26,70.41926574707031,英鎊,晉達環球策略基金 - 英國ALPHA基金 C 收益股份,yfinance,未分類,英國,A0032 野村投信,晉達
B27029,2014-11-27,70.69534301757812,英鎊,晉達環球策略基金 - 英國ALPHA基金 C 收益股份,yfinance,未分類,英國,A0032 野村投信,晉達
B27029,2014-11-28,70.88573455810547,英鎊,晉達環球策略基金 - 英國ALPHA基金 C 收益股份,yfinance,未分類,英國,A0032 野村投信,晉達
B27029,2014-12-01,70.1241455078125,英鎊,晉達環球策略基金 - 英國ALPHA基金 C 收益股份,yfinance,未分類,英國,A0032 野村投信,晉達
B27029,2014-12-02,70.86670684814453,英鎊,晉達環球策略基金 - 英國ALPHA基金 C 收益股份,yfinance,未分類,英國,A0032 野村投信,晉達
B27029,2014-12-03,70.60014343261719,英鎊,晉達環球策略基金 - 英國ALPHA基金 C 收益股份,yfinance,未分類,英國,A0032 野村投信,晉達
B27029,2014-12-04,70.55253601074219,英鎊,晉達環球策略基金 - 英國ALPHA基金 C 收益股份,yfinance,未分類,英國,A0032 野村投信,晉達
B27029,2014-12-05,71.23797607421875,英鎊,晉達環球策略基金 - 英國ALPHA基金 C 收益股份,yfinance,未分類,英國,A0032 野村投信,晉達
B27029,2014-12-08,70.47637939453125,英鎊,晉達環球策略基金 - 英國ALPHA基金 C 收益股份,yfinance,未分類,英國,A0032 野村投信,晉達
B27029,2014-12-09,69.31494140625,英鎊,晉達環球策略基金 - 英國ALPHA基金 C 收益股份,yfinance,未分類,英國,A0032 野村投信,晉達
B27029,2014-12-10,68.93415832519531,英鎊,晉達環球策略基金 - 英國ALPHA基金 C 收益股份,yfinance,未分類,英國,A0032 野村投信,晉達
B27029,2014-12-11,68.89606475830078,英鎊,晉達環球策略基金 - 英國ALPHA基金 C 收益股份,yfinance,未分類,英國,A0032 野村投信,晉達
B27029,2014-12-12,67.13485717773438,英鎊,晉達環球策略基金 - 英國ALPHA基金 C 收益股份,yfinance,未分類,英國,A0032 野村投信,晉達
B27029,2014-12-15,66.3256607055664,英鎊,晉達環球策略基金 - 英國ALPHA基金 C 收益股份,yfinance,未分類,英國,A0032 野村投信,晉達
B27029,2014-12-16,67.00157928466797,英鎊,晉達環球策略基金 - 英國ALPHA基金 C 收益股份,yfinance,未分類,英國,A0032 野村投信,晉達
B27029,2014-12-17,68.22014617919922,英鎊,晉達環球策略基金 - 英國ALPHA基金 C 收益股份,yfinance,未分類,英國,A0032 野村投信,晉達
B27029,2014-12-18,69.40062713623047,英鎊,晉達環球策略基金 - 英國ALPHA基金 C 收益股份,yfinance,未分類,英國,A0032 野村投信,晉達
B27029,2014-12-19,69.60055541992188,英鎊,晉達環球策略基金 - 英國ALPHA基金 C 收益股份,yfinance,未分類,英國,A0032 野村投信,晉達
B27029,2014-12-22,70.16222381591797,英鎊,晉達環球策略基金 - 英國ALPHA基金 C 收益股份,yfinance,未分類,英國,A0032 野村投信,晉達
B27029,2014-12-23,70.3145523071289,英鎊,晉達環球策略基金 - 英國ALPHA基金 C 收益股份,yfinance,未分類,英國,A0032 野村投信,晉達
B27029,2014-12-29,70.54302978515625,英鎊,晉達環球策略基金 - 英國ALPHA基金 C 收益股份,yfinance,未分類,英國,A0032 野村投信,晉達
B27029,2014-12-30,69.83855438232422,英鎊,晉達環球策略基金 - 英國ALPHA基金 C 收益股份,yfinance,未分類,英國,A0032 野村投信,晉達
B27029,2014-12-31,69.66717529296875,英鎊,晉達環球策略基金 - 英國ALPHA基金 C 收益股份,yfinance,未分類,英國,A0032 野村投信,晉達
B23209,2014-01-02,4.269999980926514,英鎊,施羅德環球基金系列－英國股票(英鎊)A-累積,yfinance,股票型,英國,A0042 施羅德投信,施羅德
B23209,2014-01-03,4.28000020980835,英鎊,施羅德環球基金系列－英國股票(英鎊)A-累積,yfinance,股票型,英國,A0042 施羅德投信,施羅德
B23209,2014-01-06,4.329999923706055,英鎊,施羅德環球基金系列－英國股票(英鎊)A-累積,yfinance,股票型,英國,A0042 施羅德投信,施羅德
B23209,2014-01-07,4.309999942779541,英鎊,施羅德環球基金系列－英國股票(英鎊)A-累積,yfinance,股票型,英國,A0042 施羅德投信,施羅德
B23209,2014-01-08,4.309999942779541,英鎊,施羅德環球基金系列－英國股票(英鎊)A-累積,yfinance,股票型,英國,A0042 施羅德投信,施羅德
B23209,2014-01-09,4.349999904632568,英鎊,施羅德環球基金系列－英國股票(英鎊)A-累積,yfinance,股票型,英國,A0042 施羅德投信,施羅德
B23209,2014-01-10,4.340000152587891,英鎊,施羅德環球基金系列－英國股票(英鎊)A-累積,yfinance,股票型,英國,A0042 施羅德投信,施羅德
B23209,2014-01-13,4.380000114440918,英鎊,施羅德環球基金系列－英國股票(英鎊)A-累積,yfinance,股票型,英國,A0042 施羅德投信,施羅德
B23209,2014-01-14,4.389999866485596,英鎊,施羅德環球基金系列－英國股票(英鎊)A-累積,yfinance,股票型,英國,A0042 施羅德投信,施羅德
B23209,2014-01-15,4.400000095367432,英鎊,施羅德環球基金系列－英國股票(英鎊)A-累積,yfinance,股票型,英國,A0042 施羅德投信,施羅德
B23209,2014-01-16,4.420000076293945,英鎊,施羅德環球基金系列－英國股票(英鎊)A-累積,yfinance,股票型,英國,A0042 施羅德投信,施羅德
B23209,2014-01-17,4.389999866485596,英鎊,施羅德環球基金系列－英國股票(英鎊)A-累積,yfinance,股票型,英國,A0042 施羅德投信,施羅德
B23209,2014-01-20,4.400000095367432,英鎊,施羅德環球基金系列－英國股票(英鎊)A-累積,yfinance,股票型,英國,A0042 施羅德投信,施羅德
B23209,2014-01-21,4.400000095367432,英鎊,施羅德環球基金系列－英國股票(英鎊)A-累積,yfinance,股票型,英國,A0042 施羅德投信,施羅德
B23209,2014-01-22,4.389999866485596,英鎊,施羅德環球基金系列－英國股票(英鎊)A-累積,yfinance,股票型,英國,A0042 施羅德投信,施羅德
B23209,2014-01-23,4.400000095367432,英鎊,施羅德環球基金系列－英國股票(英鎊)A-累積,yfinance,股票型,英國,A0042 施羅德投信,施羅德
B23209,2014-01-24,4.300000190734863,英鎊,施羅德環球基金系列－英國股票(英鎊)A-累積,yfinance,股票型,英國,A0042 施羅德投信,施羅德
B23209,2014-01-27,4.230000019073486,英鎊,施羅德環球基金系列－英國股票(英鎊)A-累積,yfinance,股票型,英國,A0042 施羅德投信,施羅德
B23209,2014-01-28,4.25,英鎊,施羅德環球基金系列－英國股票(英鎊)A-累積,yfinance,股票型,英國,A0042 施羅德投信,施羅德
B23209,2014-01-29,4.230000019073486,英鎊,施羅德環球基金系列－英國股票(英鎊)A-累積,yfinance,股票型,英國,A0042 施羅德投信,施羅德
B23209,2014-01-30,4.25,英鎊,施羅德環球基金系列－英國股票(英鎊)A-累積,yfinance,股票型,英國,A0042 施羅德投信,施羅德
B23209,2014-01-31,4.179999828338623,英鎊,施羅德環球基金系列－英國股票(英鎊)A-累積,yfinance,股票型,英國,A0042 施羅德投信,施羅德
B23209,2014-02-03,4.239999771118164,英鎊,施羅德環球基金系列－英國股票(英鎊)A-累積,yfinance,股票型,英國,A0042 施羅德投信,施羅德
B23209,2014-02-04,4.199999809265137,英鎊,施羅德環球基金系列－英國股票(英鎊)A-累積,yfinance,股票型,英國,A0042 施羅德投信,施羅德
B23209,2014-02-05,4.21999979019165,英鎊,施羅德環球基金系列－英國股票(英鎊)A-累積,yfinance,股票型,英國,A0042 施羅德投信,施羅德
B23209,2014-02-06,4.230000019073486,英鎊,施羅德環球基金系列－英國股票(英鎊)A-累積,yfinance,股票型,英國,A0042 施羅德投信,施羅德
B23209,2014-02-07,4.300000190734863,英鎊,施羅德環球基金系列－英國股票(英鎊)A-累積,yfinance,股票型,英國,A0042 施羅德投信,施羅德
B23209,2014-02-10,4.289999961853027,英鎊,施羅德環球基金系列－英國股票(英鎊)A-累積,yfinance,股票型,英國,A0042 施羅德投信,施羅德
B23209,2014-02-11,4.340000152587891,英鎊,施羅德環球基金系列－英國股票(英鎊)A-累積,yfinance,股票型,英國,A0042 施羅德投信,施羅德
B23209,2014-02-12,4.349999904632568,英鎊,施羅德環球基金系列－英國股票(英鎊)A-累積,yfinance,股票型,英國,A0042 施羅德投信,施羅德
B23209,2014-02-13,4.300000190734863,英鎊,施羅德環球基金系列－英國股票(英鎊)A-累積,yfinance,股票型,英國,A0042 施羅德投信,施羅德
B23209,2014-02-14,4.340000152587891,英鎊,施羅德環球基金系列－英國股票(英鎊)A-累積,yfinance,股票型,英國,A0042 施羅德投信,施羅德
B23209,2014-02-17,4.369999885559082,英鎊,施羅德環球基金系列－英國股票(英鎊)A-累積,yfinance,股票型,英國,A0042 施羅德投信,施羅德
B23209,2014-02-18,4.380000114440918,英鎊,施羅德環球基金系列－英國股票(英鎊)A-累積,yfinance,股票型,英國,A0042 施羅德投信,施羅德
B23209,2014-02-19,4.400000095367432,英鎊,施羅德環球基金系列－英國股票(英鎊)A-累積,yfinance,股票型,英國,A0042 施羅德投信,施羅德
B23209,2014-02-20,4.389999866485596,英鎊,施羅德環球基金系列－英國股票(英鎊)A-累積,yfinance,股票型,英國,A0042 施羅德投信,施羅德
B23209,2014-02-21,4.409999847412109,英鎊,施羅德環球基金系列－英國股票(英鎊)A-累積,yfinance,股票型,英國,A0042 施羅德投信,施羅德
B23209,2014-02-24,4.420000076293945,英鎊,施羅德環球基金系列－英國股票(英鎊)A-累積,yfinance,股票型,英國,A0042 施羅德投信,施羅德
B23209,2014-02-25,4.420000076293945,英鎊,施羅德環球基金系列－英國股票(英鎊)A-累積,yfinance,股票型,英國,A0042 施羅德投信,施羅德
B23209,2014-02-26,4.420000076293945,英鎊,施羅德環球基金系列－英國股票(英鎊)A-累積,yfinance,股票型,英國,A0042 施羅德投信,施羅德
B23209,2014-02-27,4.400000095367432,英鎊,施羅德環球基金系列－英國股票(英鎊)A-累積,yfinance,股票型,英國,A0042 施羅德投信,施羅德
B23209,2014-02-28,4.420000076293945,英鎊,施羅德環球基金系列－英國股票(英鎊)A-累積,yfinance,股票型,英國,A0042 施羅德投信,施羅德
B23209,2014-03-03,4.340000152587891,英鎊,施羅德環球基金系列－英國股票(英鎊)A-累積,yfinance,股票型,英國,A0042 施羅德投信,施羅德
B23209,2014-03-04,4.449999809265137,英鎊,施羅德環球基金系列－英國股票(英鎊)A-累積,yfinance,股票型,英國,A0042 施羅德投信,施羅德
B23209,2014-03-05,4.400000095367432,英鎊,施羅德環球基金系列－英國股票(英鎊)A-累積,yfinance,股票型,英國,A0042 施羅德投信,施羅德
B23209,2014-03-06,4.409999847412109,英鎊,施羅德環球基金系列－英國股票(英鎊)A-累積,yfinance,股票型,英國,A0042 施羅德投信,施羅德
B23209,2014-03-07,4.420000076293945,英鎊,施羅德環球基金系列－英國股票(英鎊)A-累積,yfinance,股票型,英國,A0042 施羅德投信,施羅德
B23209,2014-03-10,4.360000133514404,英鎊,施羅德環球基金系列－英國股票(英鎊)A-累積,yfinance,股票型,英國,A0042 施羅德投信,施羅德
B23209,2014-03-11,4.349999904632568,英鎊,施羅德環球基金系列－英國股票(英鎊)A-累積,yfinance,股票型,英國,A0042 施羅德投信,施羅德
B23209,2014-03-12,4.309999942779541,英鎊,施羅德環球基金系列－英國股票(英鎊)A-累積,yfinance,股票型,英國,A0042 施羅德投信,施羅德
B23209,2014-03-13,4.300000190734863,英鎊,施羅德環球基金系列－英國股票(英鎊)A-累積,yfinance,股票型,英國,A0042 施羅德投信,施羅德
B23209,2014-03-14,4.239999771118164,英鎊,施羅德環球基金系列－英國股票(英鎊)A-累積,yfinance,股票型,英國,A0042 施羅德投信,施羅德
B23209,2014-03-17,4.289999961853027,英鎊,施羅德環球基金系列－英國股票(英鎊)A-累積,yfinance,股票型,英國,A0042 施羅德投信,施羅德
B23209,2014-03-18,4.300000190734863,英鎊,施羅德環球基金系列－英國股票(英鎊)A-累積,yfinance,股票型,英國,A0042 施羅德投信,施羅德
B23209,2014-03-19,4.300000190734863,英鎊,施羅德環球基金系列－英國股票(英鎊)A-累積,yfinance,股票型,英國,A0042 施羅德投信,施羅德
B23209,2014-03-20,4.230000019073486,英鎊,施羅德環球基金系列－英國股票(英鎊)A-累積,yfinance,股票型,英國,A0042 施羅德投信,施羅德
B23209,2014-03-21,4.239999771118164,英鎊,施羅德環球基金系列－英國股票(英鎊)A-累積,yfinance,股票型,英國,A0042 施羅德投信,施羅德
B23209,2014-03-24,4.21999979019165,英鎊,施羅德環球基金系列－英國股票(英鎊)A-累積,yfinance,股票型,英國,A0042 施羅德投信,施羅德
B23209,2014-03-25,4.239999771118164,英鎊,施羅德環球基金系列－英國股票(英鎊)A-累積,yfinance,股票型,英國,A0042 施羅德投信,施羅德
B23209,2014-03-26,4.28000020980835,英鎊,施羅德環球基金系列－英國股票(英鎊)A-累積,yfinance,股票型,英國,A0042 施羅德投信,施羅德
B23209,2014-03-27,4.239999771118164,英鎊,施羅德環球基金系列－英國股票(英鎊)A-累積,yfinance,股票型,英國,A0042 施羅德投信,施羅德
B23209,2014-03-28,4.230000019073486,英鎊,施羅德環球基金系列－英國股票(英鎊)A-累積,yfinance,股票型,英國,A0042 施羅德投信,施羅德
B23209,2014-03-31,4.230000019073486,英鎊,施羅德環球基金系列－英國股票(英鎊)A-累積,yfinance,股票型,英國,A0042 施羅德投信,施羅德
B23209,2014-04-01,4.25,英鎊,施羅德環球基金系列－英國股票(英鎊)A-累積,yfinance,股票型,英國,A0042 施羅德投信,施羅德
B23209,2014-04-02,4.269999980926514,英鎊,施羅德環球基金系列－英國股票(英鎊)A-累積,yfinance,股票型,英國,A0042 施羅德投信,施羅德
B23209,2014-04-03,4.260000228881836,英鎊,施羅德環球基金系列－英國股票(英鎊)A-累積,yfinance,股票型,英國,A0042 施羅德投信,施羅德
B23209,2014-04-04,4.269999980926514,英鎊,施羅德環球基金系列－英國股票(英鎊)A-累積,yfinance,股票型,英國,A0042 施羅德投信,施羅德
B23209,2014-04-07,4.239999771118164,英鎊,施羅德環球基金系列－英國股票(英鎊)A-累積,yfinance,股票型,英國,A0042 施羅德投信,施羅德
B23209,2014-04-08,4.159999847412109,英鎊,施羅德環球基金系列－英國股票(英鎊)A-累積,yfinance,股票型,英國,A0042 施羅德投信,施羅德
B23209,2014-04-09,4.210000038146973,英鎊,施羅德環球基金系列－英國股票(英鎊)A-累積,yfinance,股票型,英國,A0042 施羅德投信,施羅德
B23209,2014-04-10,4.21999979019165,英鎊,施羅德環球基金系列－英國股票(英鎊)A-累積,yfinance,股票型,英國,A0042 施羅德投信,施羅德
B23209,2014-04-11,4.130000114440918,英鎊,施羅德環球基金系列－英國股票(英鎊)A-累積,yfinance,股票型,英國,A0042 施羅德投信,施羅德
B23209,2014-04-14,4.099999904632568,英鎊,施羅德環球基金系列－英國股票(英鎊)A-累積,yfinance,股票型,英國,A0042 施羅德投信,施羅德
B23209,2014-04-15,4.110000133514404,英鎊,施羅德環球基金系列－英國股票(英鎊)A-累積,yfinance,股票型,英國,A0042 施羅德投信,施羅德
B23209,2014-04-16,4.119999885559082,英鎊,施羅德環球基金系列－英國股票(英鎊)A-累積,yfinance,股票型,英國,A0042 施羅德投信,施羅德
B23209,2014-04-17,4.170000076293945,英鎊,施羅德環球基金系列－英國股票(英鎊)A-累積,yfinance,股票型,英國,A0042 施羅德投信,施羅德
B23209,2014-04-22,4.230000019073486,英鎊,施羅德環球基金系列－英國股票(英鎊)A-累積,yfinance,股票型,英國,A0042 施羅德投信,施羅德
B23209,2014-04-23,4.21999979019165,英鎊,施羅德環球基金系列－英國股票(英鎊)A-累積,yfinance,股票型,英國,A0042 施羅德投信,施羅德
B23209,2014-04-24,4.239999771118164,英鎊,施羅德環球基金系列－英國股票(英鎊)A-累積,yfinance,股票型,英國,A0042 施羅德投信,施羅德
B23209,2014-04-25,4.230000019073486,英鎊,施羅德環球基金系列－英國股票(英鎊)A-累積,yfinance,股票型,英國,A0042 施羅德投信,施羅德
B23209,2014-04-28,4.230000019073486,英鎊,施羅德環球基金系列－英國股票(英鎊)A-累積,yfinance,股票型,英國,A0042 施羅德投信,施羅德
B23209,2014-04-29,4.25,英鎊,施羅德環球基金系列－英國股票(英鎊)A-累積,yfinance,股票型,英國,A0042 施羅德投信,施羅德
B23209,2014-04-30,4.260000228881836,英鎊,施羅德環球基金系列－英國股票(英鎊)A-累積,yfinance,股票型,英國,A0042 施羅德投信,施羅德
B23209,2014-05-01,4.269999980926514,英鎊,施羅德環球基金系列－英國股票(英鎊)A-累積,yfinance,股票型,英國,A0042 施羅德投信,施羅德
B23209,2014-05-02,4.300000190734863,英鎊,施羅德環球基金系列－英國股票(英鎊)A-累積,yfinance,股票型,英國,A0042 施羅德投信,施羅德
B23209,2014-05-06,4.289999961853027,英鎊,施羅德環球基金系列－英國股票(英鎊)A-累積,yfinance,股票型,英國,A0042 施羅德投信,施羅德
B23209,2014-05-07,4.289999961853027,英鎊,施羅德環球基金系列－英國股票(英鎊)A-累積,yfinance,股票型,英國,A0042 施羅德投信,施羅德
B23209,2014-05-08,4.289999961853027,英鎊,施羅德環球基金系列－英國股票(英鎊)A-累積,yfinance,股票型,英國,A0042 施羅德投信,施羅德
B23209,2014-05-09,4.289999961853027,英鎊,施羅德環球基金系列－英國股票(英鎊)A-累積,yfinance,股票型,英國,A0042 施羅德投信,施羅德
B23209,2014-05-12,4.289999961853027,英鎊,施羅德環球基金系列－英國股票(英鎊)A-累積,yfinance,股票型,英國,A0042 施羅德投信,施羅德
B23209,2014-05-13,4.309999942779541,英鎊,施羅德環球基金系列－英國股票(英鎊)A-累積,yfinance,股票型,英國,A0042 施羅德投信,施羅德
B23209,2014-05-14,4.309999942779541,英鎊,施羅德環球基金系列－英國股票(英鎊)A-累積,yfinance,股票型,英國,A0042 施羅德投信,施羅德
B23209,2014-05-15,4.28000020980835,英鎊,施羅德環球基金系列－英國股票(英鎊)A-累積,yfinance,股票型,英國,A0042 施羅德投信,施羅德
B23209,2014-05-16,4.21999979019165,英鎊,施羅德環球基金系列－英國股票(英鎊)A-累積,yfinance,股票型,英國,A0042 施羅德投信,施羅德
B23209,2014-05-19,4.21999979019165,英鎊,施羅德環球基金系列－英國股票(英鎊)A-累積,yfinance,股票型,英國,A0042 施羅德投信,施羅德
B23209,2014-05-20,4.21999979019165,英鎊,施羅德環球基金系列－英國股票(英鎊)A-累積,yfinance,股票型,英國,A0042 施羅德投信,施羅德
B23209,2014-05-21,4.230000019073486,英鎊,施羅德環球基金系列－英國股票(英鎊)A-累積,yfinance,股票型,英國,A0042 施羅德投信,施羅德
B23209,2014-05-22,4.260000228881836,英鎊,施羅德環球基金系列－英國股票(英鎊)A-累積,yfinance,股票型,英國,A0042 施羅德投信,施羅德
B23209,2014-05-23,4.260000228881836,英鎊,施羅德環球基金系列－英國股票(英鎊)A-累積,yfinance,股票型,英國,A0042 施羅德投信,施羅德
B23209,2014-05-27,4.289999961853027,英鎊,施羅德環球基金系列－英國股票(英鎊)A-累積,yfinance,股票型,英國,A0042 施羅德投信,施羅德
B23209,2014-05-28,4.320000171661377,英鎊,施羅德環球基金系列－英國股票(英鎊)A-累積,yfinance,股票型,英國,A0042 施羅德投信,施羅德
B23209,2014-05-29,4.329999923706055,英鎊,施羅德環球基金系列－英國股票(英鎊)A-累積,yfinance,股票型,英國,A0042 施羅德投信,施羅德
B23209,2014-05-30,4.329999923706055,英鎊,施羅德環球基金系列－英國股票(英鎊)A-累積,yfinance,股票型,英國,A0042 施羅德投信,施羅德
B23209,2014-06-02,4.329999923706055,英鎊,施羅德環球基金系列－英國股票(英鎊)A-累積,yfinance,股票型,英國,A0042 施羅德投信,施羅德
B23209,2014-06-03,4.300000190734863,英鎊,施羅德環球基金系列－英國股票(英鎊)A-累積,yfinance,股票型,英國,A0042 施羅德投信,施羅德
B23209,2014-06-04,4.300000190734863,英鎊,施羅德環球基金系列－英國股票(英鎊)A-累積,yfinance,股票型,英國,A0042 施羅德投信,施羅德
B23209,2014-06-05,4.320000171661377,英鎊,施羅德環球基金系列－英國股票(英鎊)A-累積,yfinance,股票型,英國,A0042 施羅德投信,施羅德
B23209,2014-06-06,4.369999885559082,英鎊,施羅德環球基金系列－英國股票(英鎊)A-累積,yfinance,股票型,英國,A0042 施羅德投信,施羅德
B23209,2014-06-09,4.349999904632568,英鎊,施羅德環球基金系列－英國股票(英鎊)A-累積,yfinance,股票型,英國,A0042 施羅德投信,施羅德
B23209,2014-06-10,4.349999904632568,英鎊,施羅德環球基金系列－英國股票(英鎊)A-累積,yfinance,股票型,英國,A0042 施羅德投信,施羅德
B23209,2014-06-11,4.340000152587891,英鎊,施羅德環球基金系列－英國股票(英鎊)A-累積,yfinance,股票型,英國,A0042 施羅德投信,施羅德
B23209,2014-06-12,4.349999904632568,英鎊,施羅德環球基金系列－英國股票(英鎊)A-累積,yfinance,股票型,英國,A0042 施羅德投信,施羅德
B23209,2014-06-13,4.28000020980835,英鎊,施羅德環球基金系列－英國股票(英鎊)A-累積,yfinance,股票型,英國,A0042 施羅德投信,施羅德
B23209,2014-06-16,4.25,英鎊,施羅德環球基金系列－英國股票(英鎊)A-累積,yfinance,股票型,英國,A0042 施羅德投信,施羅德
B23209,2014-06-17,4.239999771118164,英鎊,施羅德環球基金系列－英國股票(英鎊)A-累積,yfinance,股票型,英國,A0042 施羅德投信,施羅德
B23209,2014-06-18,4.260000228881836,英鎊,施羅德環球基金系列－英國股票(英鎊)A-累積,yfinance,股票型,英國,A0042 施羅德投信,施羅德
B23209,2014-06-19,4.28000020980835,英鎊,施羅德環球基金系列－英國股票(英鎊)A-累積,yfinance,股票型,英國,A0042 施羅德投信,施羅德
B23209,2014-06-20,4.289999961853027,英鎊,施羅德環球基金系列－英國股票(英鎊)A-累積,yfinance,股票型,英國,A0042 施羅德投信,施羅德
B23209,2014-06-23,4.269999980926514,英鎊,施羅德環球基金系列－英國股票(英鎊)A-累積,yfinance,股票型,英國,A0042 施羅德投信,施羅德
B23209,2014-06-24,4.239999771118164,英鎊,施羅德環球基金系列－英國股票(英鎊)A-累積,yfinance,股票型,英國,A0042 施羅德投信,施羅德
B23209,2014-06-25,4.210000038146973,英鎊,施羅德環球基金系列－英國股票(英鎊)A-累積,yfinance,股票型,英國,A0042 施羅德投信,施羅德
B23209,2014-06-26,4.239999771118164,英鎊,施羅德環球基金系列－英國股票(英鎊)A-累積,yfinance,股票型,英國,A0042 施羅德投信,施羅德
B23209,2014-06-27,4.239999771118164,英鎊,施羅德環球基金系列－英國股票(英鎊)A-累積,yfinance,股票型,英國,A0042 施羅德投信,施羅德
B23209,2014-06-30,4.25,英鎊,施羅德環球基金系列－英國股票(英鎊)A-累積,yfinance,股票型,英國,A0042 施羅德投信,施羅德
B23209,2014-07-01,4.269999980926514,英鎊,施羅德環球基金系列－英國股票(英鎊)A-累積,yfinance,股票型,英國,A0042 施羅德投信,施羅德
B23209,2014-07-02,4.289999961853027,英鎊,施羅德環球基金系列－英國股票(英鎊)A-累積,yfinance,股票型,英國,A0042 施羅德投信,施羅德
B23209,2014-07-03,4.309999942779541,英鎊,施羅德環球基金系列－英國股票(英鎊)A-累積,yfinance,股票型,英國,A0042 施羅德投信,施羅德
B23209,2014-07-04,4.320000171661377,英鎊,施羅德環球基金系列－英國股票(英鎊)A-累積,yfinance,股票型,英國,A0042 施羅德投信,施羅德
B23209,2014-07-07,4.300000190734863,英鎊,施羅德環球基金系列－英國股票(英鎊)A-累積,yfinance,股票型,英國,A0042 施羅德投信,施羅德
B23209,2014-07-08,4.260000228881836,英鎊,施羅德環球基金系列－英國股票(英鎊)A-累積,yfinance,股票型,英國,A0042 施羅德投信,施羅德
B23209,2014-07-09,4.210000038146973,英鎊,施羅德環球基金系列－英國股票(英鎊)A-累積,yfinance,股票型,英國,A0042 施羅德投信,施羅德
B23209,2014-07-10,4.159999847412109,英鎊,施羅德環球基金系列－英國股票(英鎊)A-累積,yfinance,股票型,英國,A0042 施羅德投信,施羅德
B23209,2014-07-11,4.179999828338623,英鎊,施羅德環球基金系列－英國股票(英鎊)A-累積,yfinance,股票型,英國,A0042 施羅德投信,施羅德
B23209,2014-07-14,4.21999979019165,英鎊,施羅德環球基金系列－英國股票(英鎊)A-累積,yfinance,股票型,英國,A0042 施羅德投信,施羅德
B23209,2014-07-15,4.21999979019165,英鎊,施羅德環球基金系列－英國股票(英鎊)A-累積,yfinance,股票型,英國,A0042 施羅德投信,施羅德
B23209,2014-07-16,4.25,英鎊,施羅德環球基金系列－英國股票(英鎊)A-累積,yfinance,股票型,英國,A0042 施羅德投信,施羅德
B23209,2014-07-17,4.230000019073486,英鎊,施羅德環球基金系列－英國股票(英鎊)A-累積,yfinance,股票型,英國,A0042 施羅德投信,施羅德
B23209,2014-07-18,4.210000038146973,英鎊,施羅德環球基金系列－英國股票(英鎊)A-累積,yfinance,股票型,英國,A0042 施羅德投信,施羅德
B23209,2014-07-21,4.21999979019165,英鎊,施羅德環球基金系列－英國股票(英鎊)A-累積,yfinance,股票型,英國,A0042 施羅德投信,施羅德
B23209,2014-07-22,4.25,英鎊,施羅德環球基金系列－英國股票(英鎊)A-累積,yfinance,股票型,英國,A0042 施羅德投信,施羅德
B23209,2014-07-23,4.260000228881836,英鎊,施羅德環球基金系列－英國股票(英鎊)A-累積,yfinance,股票型,英國,A0042 施羅德投信,施羅德
B23209,2014-07-24,4.269999980926514,英鎊,施羅德環球基金系列－英國股票(英鎊)A-累積,yfinance,股票型,英國,A0042 施羅德投信,施羅德
B23209,2014-07-25,4.269999980926514,英鎊,施羅德環球基金系列－英國股票(英鎊)A-累積,yfinance,股票型,英國,A0042 施羅德投信,施羅德
B23209,2014-07-28,4.260000228881836,英鎊,施羅德環球基金系列－英國股票(英鎊)A-累積,yfinance,股票型,英國,A0042 施羅德投信,施羅德
B23209,2014-07-29,4.269999980926514,英鎊,施羅德環球基金系列－英國股票(英鎊)A-累積,yfinance,股票型,英國,A0042 施羅德投信,施羅德
B23209,2014-07-30,4.269999980926514,英鎊,施羅德環球基金系列－英國股票(英鎊)A-累積,yfinance,股票型,英國,A0042 施羅德投信,施羅德
B23209,2014-07-31,4.230000019073486,英鎊,施羅德環球基金系列－英國股票(英鎊)A-累積,yfinance,股票型,英國,A0042 施羅德投信,施羅德
B23209,2014-08-01,4.190000057220459,英鎊,施羅德環球基金系列－英國股票(英鎊)A-累積,yfinance,股票型,英國,A0042 施羅德投信,施羅德
B23209,2014-08-04,4.210000038146973,英鎊,施羅德環球基金系列－英國股票(英鎊)A-累積,yfinance,股票型,英國,A0042 施羅德投信,施羅德
B23209,2014-08-05,4.210000038146973,英鎊,施羅德環球基金系列－英國股票(英鎊)A-累積,yfinance,股票型,英國,A0042 施羅德投信,施羅德
B23209,2014-08-06,4.159999847412109,英鎊,施羅德環球基金系列－英國股票(英鎊)A-累積,yfinance,股票型,英國,A0042 施羅德投信,施羅德
B23209,2014-08-07,4.179999828338623,英鎊,施羅德環球基金系列－英國股票(英鎊)A-累積,yfinance,股票型,英國,A0042 施羅德投信,施羅德
B23209,2014-08-08,4.159999847412109,英鎊,施羅德環球基金系列－英國股票(英鎊)A-累積,yfinance,股票型,英國,A0042 施羅德投信,施羅德
B23209,2014-08-11,4.179999828338623,英鎊,施羅德環球基金系列－英國股票(英鎊)A-累積,yfinance,股票型,英國,A0042 施羅德投信,施羅德
B23209,2014-08-12,4.190000057220459,英鎊,施羅德環球基金系列－英國股票(英鎊)A-累積,yfinance,股票型,英國,A0042 施羅德投信,施羅德
B23209,2014-08-13,4.210000038146973,英鎊,施羅德環球基金系列－英國股票(英鎊)A-累積,yfinance,股票型,英國,A0042 施羅德投信,施羅德
B23209,2014-08-14,4.239999771118164,英鎊,施羅德環球基金系列－英國股票(英鎊)A-累積,yfinance,股票型,英國,A0042 施羅德投信,施羅德
B23209,2014-08-15,4.260000228881836,英鎊,施羅德環球基金系列－英國股票(英鎊)A-累積,yfinance,股票型,英國,A0042 施羅德投信,施羅德
B23209,2014-08-18,4.269999980926514,英鎊,施羅德環球基金系列－英國股票(英鎊)A-累積,yfinance,股票型,英國,A0042 施羅德投信,施羅德
B23209,2014-08-19,4.300000190734863,英鎊,施羅德環球基金系列－英國股票(英鎊)A-累積,yfinance,股票型,英國,A0042 施羅德投信,施羅德
B23209,2014-08-20,4.300000190734863,英鎊,施羅德環球基金系列－英國股票(英鎊)A-累積,yfinance,股票型,英國,A0042 施羅德投信,施羅德
B23209,2014-08-21,4.309999942779541,英鎊,施羅德環球基金系列－英國股票(英鎊)A-累積,yfinance,股票型,英國,A0042 施羅德投信,施羅德
B23209,2014-08-22,4.329999923706055,英鎊,施羅德環球基金系列－英國股票(英鎊)A-累積,yfinance,股票型,英國,A0042 施羅德投信,施羅德
B23209,2014-08-26,4.340000152587891,英鎊,施羅德環球基金系列－英國股票(英鎊)A-累積,yfinance,股票型,英國,A0042 施羅德投信,施羅德
B23209,2014-08-27,4.360000133514404,英鎊,施羅德環球基金系列－英國股票(英鎊)A-累積,yfinance,股票型,英國,A0042 施羅德投信,施羅德
B23209,2014-08-28,4.340000152587891,英鎊,施羅德環球基金系列－英國股票(英鎊)A-累積,yfinance,股票型,英國,A0042 施羅德投信,施羅德
B23209,2014-08-29,4.340000152587891,英鎊,施羅德環球基金系列－英國股票(英鎊)A-累積,yfinance,股票型,英國,A0042 施羅德投信,施羅德
B23209,2014-09-01,4.360000133514404,英鎊,施羅德環球基金系列－英國股票(英鎊)A-累積,yfinance,股票型,英國,A0042 施羅德投信,施羅德
B23209,2014-09-02,4.349999904632568,英鎊,施羅德環球基金系列－英國股票(英鎊)A-累積,yfinance,股票型,英國,A0042 施羅德投信,施羅德
B23209,2014-09-03,4.389999866485596,英鎊,施羅德環球基金系列－英國股票(英鎊)A-累積,yfinance,股票型,英國,A0042 施羅德投信,施羅德
B23209,2014-09-04,4.380000114440918,英鎊,施羅德環球基金系列－英國股票(英鎊)A-累積,yfinance,股票型,英國,A0042 施羅德投信,施羅德
B23209,2014-09-05,4.360000133514404,英鎊,施羅德環球基金系列－英國股票(英鎊)A-累積,yfinance,股票型,英國,A0042 施羅德投信,施羅德
B23209,2014-09-08,4.320000171661377,英鎊,施羅德環球基金系列－英國股票(英鎊)A-累積,yfinance,股票型,英國,A0042 施羅德投信,施羅德
B23209,2014-09-09,4.340000152587891,英鎊,施羅德環球基金系列－英國股票(英鎊)A-累積,yfinance,股票型,英國,A0042 施羅德投信,施羅德
B23209,2014-09-10,4.340000152587891,英鎊,施羅德環球基金系列－英國股票(英鎊)A-累積,yfinance,股票型,英國,A0042 施羅德投信,施羅德
B23209,2014-09-11,4.309999942779541,英鎊,施羅德環球基金系列－英國股票(英鎊)A-累積,yfinance,股票型,英國,A0042 施羅德投信,施羅德
B23209,2014-09-12,4.340000152587891,英鎊,施羅德環球基金系列－英國股票(英鎊)A-累積,yfinance,股票型,英國,A0042 施羅德投信,施羅德
B23209,2014-09-15,4.320000171661377,英鎊,施羅德環球基金系列－英國股票(英鎊)A-累積,yfinance,股票型,英國,A0042 施羅德投信,施羅德
B23209,2014-09-16,4.309999942779541,英鎊,施羅德環球基金系列－英國股票(英鎊)A-累積,yfinance,股票型,英國,A0042 施羅德投信,施羅德
B23209,2014-09-17,4.320000171661377,英鎊,施羅德環球基金系列－英國股票(英鎊)A-累積,yfinance,股票型,英國,A0042 施羅德投信,施羅德
B23209,2014-09-18,4.340000152587891,英鎊,施羅德環球基金系列－英國股票(英鎊)A-累積,yfinance,股票型,英國,A0042 施羅德投信,施羅德
B23209,2014-09-19,4.389999866485596,英鎊,施羅德環球基金系列－英國股票(英鎊)A-累積,yfinance,股票型,英國,A0042 施羅德投信,施羅德
B23209,2014-09-22,4.349999904632568,英鎊,施羅德環球基金系列－英國股票(英鎊)A-累積,yfinance,股票型,英國,A0042 施羅德投信,施羅德
B23209,2014-09-23,4.269999980926514,英鎊,施羅德環球基金系列－英國股票(英鎊)A-累積,yfinance,股票型,英國,A0042 施羅德投信,施羅德
B23209,2014-09-24,4.300000190734863,英鎊,施羅德環球基金系列－英國股票(英鎊)A-累積,yfinance,股票型,英國,A0042 施羅德投信,施羅德
B23209,2014-09-25,4.289999961853027,英鎊,施羅德環球基金系列－英國股票(英鎊)A-累積,yfinance,股票型,英國,A0042 施羅德投信,施羅德
B23209,2014-09-26,4.239999771118164,英鎊,施羅德環球基金系列－英國股票(英鎊)A-累積,yfinance,股票型,英國,A0042 施羅德投信,施羅德
B23209,2014-09-29,4.230000019073486,英鎊,施羅德環球基金系列－英國股票(英鎊)A-累積,yfinance,股票型,英國,A0042 施羅德投信,施羅德
B23209,2014-09-30,4.230000019073486,英鎊,施羅德環球基金系列－英國股票(英鎊)A-累積,yfinance,股票型,英國,A0042 施羅德投信,施羅德
B23209,2014-10-01,4.210000038146973,英鎊,施羅德環球基金系列－英國股票(英鎊)A-累積,yfinance,股票型,英國,A0042 施羅德投信,施羅德
B23209,2014-10-02,4.179999828338623,英鎊,施羅德環球基金系列－英國股票(英鎊)A-累積,yfinance,股票型,英國,A0042 施羅德投信,施羅德
B23209,2014-10-03,4.170000076293945,英鎊,施羅德環球基金系列－英國股票(英鎊)A-累積,yfinance,股票型,英國,A0042 施羅德投信,施羅德
B23209,2014-10-06,4.210000038146973,英鎊,施羅德環球基金系列－英國股票(英鎊)A-累積,yfinance,股票型,英國,A0042 施羅德投信,施羅德
B23209,2014-10-07,4.179999828338623,英鎊,施羅德環球基金系列－英國股票(英鎊)A-累積,yfinance,股票型,英國,A0042 施羅德投信,施羅德
B23209,2014-10-08,4.139999866485596,英鎊,施羅德環球基金系列－英國股票(英鎊)A-累積,yfinance,股票型,英國,A0042 施羅德投信,施羅德
B23209,2014-10-09,4.119999885559082,英鎊,施羅德環球基金系列－英國股票(英鎊)A-累積,yfinance,股票型,英國,A0042 施羅德投信,施羅德
B23209,2014-10-10,4.079999923706055,英鎊,施羅德環球基金系列－英國股票(英鎊)A-累積,yfinance,股票型,英國,A0042 施羅德投信,施羅德
B23209,2014-10-13,4.079999923706055,英鎊,施羅德環球基金系列－英國股票(英鎊)A-累積,yfinance,股票型,英國,A0042 施羅德投信,施羅德
B23209,2014-10-14,4.079999923706055,英鎊,施羅德環球基金系列－英國股票(英鎊)A-累積,yfinance,股票型,英國,A0042 施羅德投信,施羅德
B23209,2014-10-15,4.039999961853027,英鎊,施羅德環球基金系列－英國股票(英鎊)A-累積,yfinance,股票型,英國,A0042 施羅德投信,施羅德
B23209,2014-10-16,3.940000057220459,英鎊,施羅德環球基金系列－英國股票(英鎊)A-累積,yfinance,股票型,英國,A0042 施羅德投信,施羅德
B23209,2014-10-17,4.050000190734863,英鎊,施羅德環球基金系列－英國股票(英鎊)A-累積,yfinance,股票型,英國,A0042 施羅德投信,施羅德
B23209,2014-10-20,4.039999961853027,英鎊,施羅德環球基金系列－英國股票(英鎊)A-累積,yfinance,股票型,英國,A0042 施羅德投信,施羅德
B23209,2014-10-21,4.099999904632568,英鎊,施羅德環球基金系列－英國股票(英鎊)A-累積,yfinance,股票型,英國,A0042 施羅德投信,施羅德
B23209,2014-10-22,4.139999866485596,英鎊,施羅德環球基金系列－英國股票(英鎊)A-累積,yfinance,股票型,英國,A0042 施羅德投信,施羅德
B23209,2014-10-23,4.150000095367432,英鎊,施羅德環球基金系列－英國股票(英鎊)A-累積,yfinance,股票型,英國,A0042 施羅德投信,施羅德
B23209,2014-10-24,4.139999866485596,英鎊,施羅德環球基金系列－英國股票(英鎊)A-累積,yfinance,股票型,英國,A0042 施羅德投信,施羅德
B23209,2014-10-27,4.119999885559082,英鎊,施羅德環球基金系列－英國股票(英鎊)A-累積,yfinance,股票型,英國,A0042 施羅德投信,施羅德
B23209,2014-10-28,4.150000095367432,英鎊,施羅德環球基金系列－英國股票(英鎊)A-累積,yfinance,股票型,英國,A0042 施羅德投信,施羅德
B23209,2014-10-29,4.190000057220459,英鎊,施羅德環球基金系列－英國股票(英鎊)A-累積,yfinance,股票型,英國,A0042 施羅德投信,施羅德
B23209,2014-10-30,4.170000076293945,英鎊,施羅德環球基金系列－英國股票(英鎊)A-累積,yfinance,股票型,英國,A0042 施羅德投信,施羅德
B23209,2014-10-31,4.260000228881836,英鎊,施羅德環球基金系列－英國股票(英鎊)A-累積,yfinance,股票型,英國,A0042 施羅德投信,施羅德
B23209,2014-11-03,4.230000019073486,英鎊,施羅德環球基金系列－英國股票(英鎊)A-累積,yfinance,股票型,英國,A0042 施羅德投信,施羅德
B23209,2014-11-04,4.239999771118164,英鎊,施羅德環球基金系列－英國股票(英鎊)A-累積,yfinance,股票型,英國,A0042 施羅德投信,施羅德
B23209,2014-11-05,4.289999961853027,英鎊,施羅德環球基金系列－英國股票(英鎊)A-累積,yfinance,股票型,英國,A0042 施羅德投信,施羅德
B23209,2014-11-06,4.28000020980835,英鎊,施羅德環球基金系列－英國股票(英鎊)A-累積,yfinance,股票型,英國,A0042 施羅德投信,施羅德
B23209,2014-11-07,4.28000020980835,英鎊,施羅德環球基金系列－英國股票(英鎊)A-累積,yfinance,股票型,英國,A0042 施羅德投信,施羅德
B23209,2014-11-10,4.289999961853027,英鎊,施羅德環球基金系列－英國股票(英鎊)A-累積,yfinance,股票型,英國,A0042 施羅德投信,施羅德
B23209,2014-11-11,4.309999942779541,英鎊,施羅德環球基金系列－英國股票(英鎊)A-累積,yfinance,股票型,英國,A0042 施羅德投信,施羅德
B23209,2014-11-12,4.309999942779541,英鎊,施羅德環球基金系列－英國股票(英鎊)A-累積,yfinance,股票型,英國,A0042 施羅德投信,施羅德
B23209,2014-11-13,4.309999942779541,英鎊,施羅德環球基金系列－英國股票(英鎊)A-累積,yfinance,股票型,英國,A0042 施羅德投信,施羅德
B23209,2014-11-14,4.320000171661377,英鎊,施羅德環球基金系列－英國股票(英鎊)A-累積,yfinance,股票型,英國,A0042 施羅德投信,施羅德
B23209,2014-11-17,4.329999923706055,英鎊,施羅德環球基金系列－英國股票(英鎊)A-累積,yfinance,股票型,英國,A0042 施羅德投信,施羅德
B23209,2014-11-18,4.360000133514404,英鎊,施羅德環球基金系列－英國股票(英鎊)A-累積,yfinance,股票型,英國,A0042 施羅德投信,施羅德
B23209,2014-11-19,4.360000133514404,英鎊,施羅德環球基金系列－英國股票(英鎊)A-累積,yfinance,股票型,英國,A0042 施羅德投信,施羅德
B23209,2014-11-20,4.329999923706055,英鎊,施羅德環球基金系列－英國股票(英鎊)A-累積,yfinance,股票型,英國,A0042 施羅德投信,施羅德
B23209,2014-11-21,4.389999866485596,英鎊,施羅德環球基金系列－英國股票(英鎊)A-累積,yfinance,股票型,英國,A0042 施羅德投信,施羅德
B23209,2014-11-24,4.380000114440918,英鎊,施羅德環球基金系列－英國股票(英鎊)A-累積,yfinance,股票型,英國,A0042 施羅德投信,施羅德
B23209,2014-11-25,4.389999866485596,英鎊,施羅德環球基金系列－英國股票(英鎊)A-累積,yfinance,股票型,英國,A0042 施羅德投信,施羅德
B23209,2014-11-26,4.389999866485596,英鎊,施羅德環球基金系列－英國股票(英鎊)A-累積,yfinance,股票型,英國,A0042 施羅德投信,施羅德
B23209,2014-11-27,4.420000076293945,英鎊,施羅德環球基金系列－英國股票(英鎊)A-累積,yfinance,股票型,英國,A0042 施羅德投信,施羅德
B23209,2014-11-28,4.389999866485596,英鎊,施羅德環球基金系列－英國股票(英鎊)A-累積,yfinance,股票型,英國,A0042 施羅德投信,施羅德
B23209,2014-12-01,4.360000133514404,英鎊,施羅德環球基金系列－英國股票(英鎊)A-累積,yfinance,股票型,英國,A0042 施羅德投信,施羅德
B23209,2014-12-02,4.389999866485596,英鎊,施羅德環球基金系列－英國股票(英鎊)A-累積,yfinance,股票型,英國,A0042 施羅德投信,施羅德
B23209,2014-12-03,4.400000095367432,英鎊,施羅德環球基金系列－英國股票(英鎊)A-累積,yfinance,股票型,英國,A0042 施羅德投信,施羅德
B23209,2014-12-04,4.380000114440918,英鎊,施羅德環球基金系列－英國股票(英鎊)A-累積,yfinance,股票型,英國,A0042 施羅德投信,施羅德
B23209,2014-12-05,4.429999828338623,英鎊,施羅德環球基金系列－英國股票(英鎊)A-累積,yfinance,股票型,英國,A0042 施羅德投信,施羅德
B23209,2014-12-08,4.400000095367432,英鎊,施羅德環球基金系列－英國股票(英鎊)A-累積,yfinance,股票型,英國,A0042 施羅德投信,施羅德
B23209,2014-12-09,4.329999923706055,英鎊,施羅德環球基金系列－英國股票(英鎊)A-累積,yfinance,股票型,英國,A0042 施羅德投信,施羅德
B23209,2014-12-10,4.309999942779541,英鎊,施羅德環球基金系列－英國股票(英鎊)A-累積,yfinance,股票型,英國,A0042 施羅德投信,施羅德
B23209,2014-12-11,4.28000020980835,英鎊,施羅德環球基金系列－英國股票(英鎊)A-累積,yfinance,股票型,英國,A0042 施羅德投信,施羅德
B23209,2014-12-12,4.230000019073486,英鎊,施羅德環球基金系列－英國股票(英鎊)A-累積,yfinance,股票型,英國,A0042 施羅德投信,施羅德
B23209,2014-12-15,4.159999847412109,英鎊,施羅德環球基金系列－英國股票(英鎊)A-累積,yfinance,股票型,英國,A0042 施羅德投信,施羅德
B23209,2014-12-16,4.110000133514404,英鎊,施羅德環球基金系列－英國股票(英鎊)A-累積,yfinance,股票型,英國,A0042 施羅德投信,施羅德
B23209,2014-12-17,4.159999847412109,英鎊,施羅德環球基金系列－英國股票(英鎊)A-累積,yfinance,股票型,英國,A0042 施羅德投信,施羅德
B23209,2014-12-18,4.25,英鎊,施羅德環球基金系列－英國股票(英鎊)A-累積,yfinance,股票型,英國,A0042 施羅德投信,施羅德
B23209,2014-12-19,4.300000190734863,英鎊,施羅德環球基金系列－英國股票(英鎊)A-累積,yfinance,股票型,英國,A0042 施羅德投信,施羅德
B23209,2014-12-22,4.360000133514404,英鎊,施羅德環球基金系列－英國股票(英鎊)A-累積,yfinance,股票型,英國,A0042 施羅德投信,施羅德
B23209,2014-12-23,4.360000133514404,英鎊,施羅德環球基金系列－英國股票(英鎊)A-累積,yfinance,股票型,英國,A0042 施羅德投信,施羅德
B23209,2014-12-29,4.369999885559082,英鎊,施羅德環球基金系列－英國股票(英鎊)A-累積,yfinance,股票型,英國,A0042 施羅德投信,施羅德
B23209,2014-12-30,4.360000133514404,英鎊,施羅德環球基金系列－英國股票(英鎊)A-累積,yfinance,股票型,英國,A0042 施羅德投信,施羅德
B23209,2014-12-31,4.360000133514404,英鎊,施羅德環球基金系列－英國股票(英鎊)A-累積,yfinance,股票型,英國,A0042 施羅德投信,施羅德
B24085,2014-01-02,58.448394775390625,英鎊,霸菱澳洲基金-A類英鎊配息型,yfinance,股票型,澳洲/大洋洲,B0149 霸菱投顧,霸菱
B24085,2014-01-03,59.28108215332031,英鎊,霸菱澳洲基金-A類英鎊配息型,yfinance,股票型,澳洲/大洋洲,B0149 霸菱投顧,霸菱
B24085,2014-01-06,59.08892059326172,英鎊,霸菱澳洲基金-A類英鎊配息型,yfinance,股票型,澳洲/大洋洲,B0149 霸菱投顧,霸菱
B24085,2014-01-07,58.688594818115234,英鎊,霸菱澳洲基金-A類英鎊配息型,yfinance,股票型,澳洲/大洋洲,B0149 霸菱投顧,霸菱
B24085,2014-01-08,58.63254165649414,英鎊,霸菱澳洲基金-A類英鎊配息型,yfinance,股票型,澳洲/大洋洲,B0149 霸菱投顧,霸菱
B24085,2014-01-09,58.26423645019531,英鎊,霸菱澳洲基金-A類英鎊配息型,yfinance,股票型,澳洲/大洋洲,B0149 霸菱投顧,霸菱
B24085,2014-01-10,58.304283142089844,英鎊,霸菱澳洲基金-A類英鎊配息型,yfinance,股票型,澳洲/大洋洲,B0149 霸菱投顧,霸菱
B24085,2014-01-13,58.928794860839844,英鎊,霸菱澳洲基金-A類英鎊配息型,yfinance,股票型,澳洲/大洋洲,B0149 霸菱投顧,霸菱
B24085,2014-01-14,57.66373062133789,英鎊,霸菱澳洲基金-A類英鎊配息型,yfinance,股票型,澳洲/大洋洲,B0149 霸菱投顧,霸菱
B24085,2014-01-15,57.70377731323242,英鎊,霸菱澳洲基金-A類英鎊配息型,yfinance,股票型,澳洲/大洋洲,B0149 霸菱投顧,霸菱
B24085,2014-01-16,57.927955627441406,英鎊,霸菱澳洲基金-A類英鎊配息型,yfinance,股票型,澳洲/大洋洲,B0149 霸菱投顧,霸菱
B24085,2014-01-17,57.527618408203125,英鎊,霸菱澳洲基金-A類英鎊配息型,yfinance,股票型,澳洲/大洋洲,B0149 霸菱投顧,霸菱
B24085,2014-01-20,57.53564453125,英鎊,霸菱澳洲基金-A類英鎊配息型,yfinance,股票型,澳洲/大洋洲,B0149 霸菱投顧,霸菱
B24085,2014-01-21,57.79185485839844,英鎊,霸菱澳洲基金-A類英鎊配息型,yfinance,股票型,澳洲/大洋洲,B0149 霸菱投顧,霸菱
B24085,2014-01-22,57.695770263671875,英鎊,霸菱澳洲基金-A類英鎊配息型,yfinance,股票型,澳洲/大洋洲,B0149 霸菱投顧,霸菱
B24085,2014-01-23,56.358665466308594,英鎊,霸菱澳洲基金-A類英鎊配息型,yfinance,股票型,澳洲/大洋洲,B0149 霸菱投顧,霸菱
B24085,2014-01-24,55.654083251953125,英鎊,霸菱澳洲基金-A類英鎊配息型,yfinance,股票型,澳洲/大洋洲,B0149 霸菱投顧,霸菱
B24085,2014-01-27,56.14249038696289,英鎊,霸菱澳洲基金-A類英鎊配息型,yfinance,股票型,澳洲/大洋洲,B0149 霸菱投顧,霸菱
B24085,2014-01-28,55.71013259887695,英鎊,霸菱澳洲基金-A類英鎊配息型,yfinance,股票型,澳洲/大洋洲,B0149 霸菱投顧,霸菱
B24085,2014-01-29,56.03038787841797,英鎊,霸菱澳洲基金-A類英鎊配息型,yfinance,股票型,澳洲/大洋洲,B0149 霸菱投顧,霸菱
B24085,2014-01-30,55.926300048828125,英鎊,霸菱澳洲基金-A類英鎊配息型,yfinance,股票型,澳洲/大洋洲,B0149 霸菱投顧,霸菱
B24085,2014-01-31,55.61404037475586,英鎊,霸菱澳洲基金-A類英鎊配息型,yfinance,股票型,澳洲/大洋洲,B0149 霸菱投顧,霸菱
B24085,2014-02-03,56.59885787963867,英鎊,霸菱澳洲基金-A類英鎊配息型,yfinance,股票型,澳洲/大洋洲,B0149 霸菱投顧,霸菱
B24085,2014-02-04,56.27058410644531,英鎊,霸菱澳洲基金-A類英鎊配息型,yfinance,股票型,澳洲/大洋洲,B0149 霸菱投顧,霸菱
B24085,2014-02-05,56.358665466308594,英鎊,霸菱澳洲基金-A類英鎊配息型,yfinance,股票型,澳洲/大洋洲,B0149 霸菱投顧,霸菱
B24085,2014-02-06,57.12729263305664,英鎊,霸菱澳洲基金-A類英鎊配息型,yfinance,股票型,澳洲/大洋洲,B0149 霸菱投顧,霸菱
B24085,2014-02-07,57.311458587646484,英鎊,霸菱澳洲基金-A類英鎊配息型,yfinance,股票型,澳洲/大洋洲,B0149 霸菱投顧,霸菱
B24085,2014-02-10,57.623714447021484,英鎊,霸菱澳洲基金-A類英鎊配息型,yfinance,股票型,澳洲/大洋洲,B0149 霸菱投顧,霸菱
B24085,2014-02-11,58.472415924072266,英鎊,霸菱澳洲基金-A類英鎊配息型,yfinance,股票型,澳洲/大洋洲,B0149 霸菱投顧,霸菱
B24085,2014-02-12,58.83271408081055,英鎊,霸菱澳洲基金-A類英鎊配息型,yfinance,股票型,澳洲/大洋洲,B0149 霸菱投顧,霸菱
B24085,2014-02-13,57.799861907958984,英鎊,霸菱澳洲基金-A類英鎊配息型,yfinance,股票型,澳洲/大洋洲,B0149 霸菱投顧,霸菱
B24085,2014-02-14,58.52846145629883,英鎊,霸菱澳洲基金-A類英鎊配息型,yfinance,股票型,澳洲/大洋洲,B0149 霸菱投顧,霸菱
B24085,2014-02-17,58.960819244384766,英鎊,霸菱澳洲基金-A類英鎊配息型,yfinance,股票型,澳洲/大洋洲,B0149 霸菱投顧,霸菱
B24085,2014-02-18,59.20102310180664,英鎊,霸菱澳洲基金-A類英鎊配息型,yfinance,股票型,澳洲/大洋洲,B0149 霸菱投顧,霸菱
B24085,2014-02-19,59.521278381347656,英鎊,霸菱澳洲基金-A類英鎊配息型,yfinance,股票型,澳洲/大洋洲,B0149 霸菱投顧,霸菱
B24085,2014-02-20,59.217041015625,英鎊,霸菱澳洲基金-A類英鎊配息型,yfinance,股票型,澳洲/大洋洲,B0149 霸菱投顧,霸菱
B24085,2014-02-21,59.46523666381836,英鎊,霸菱澳洲基金-A類英鎊配息型,yfinance,股票型,澳洲/大洋洲,B0149 霸菱投顧,霸菱
B24085,2014-02-24,59.70541763305664,英鎊,霸菱澳洲基金-A類英鎊配息型,yfinance,股票型,澳洲/大洋洲,B0149 霸菱投顧,霸菱
B24085,2014-02-25,59.785491943359375,英鎊,霸菱澳洲基金-A類英鎊配息型,yfinance,股票型,澳洲/大洋洲,B0149 霸菱投顧,霸菱
B24085,2014-02-26,59.521278381347656,英鎊,霸菱澳洲基金-A類英鎊配息型,yfinance,股票型,澳洲/大洋洲,B0149 霸菱投顧,霸菱
B24085,2014-02-27,59.160980224609375,英鎊,霸菱澳洲基金-A類英鎊配息型,yfinance,股票型,澳洲/大洋洲,B0149 霸菱投顧,霸菱
B24085,2014-02-28,59.15296173095703,英鎊,霸菱澳洲基金-A類英鎊配息型,yfinance,股票型,澳洲/大洋洲,B0149 霸菱投顧,霸菱
B24085,2014-03-03,58.63254165649414,英鎊,霸菱澳洲基金-A類英鎊配息型,yfinance,股票型,澳洲/大洋洲,B0149 霸菱投顧,霸菱
B24085,2014-03-04,59.176998138427734,英鎊,霸菱澳洲基金-A類英鎊配息型,yfinance,股票型,澳洲/大洋洲,B0149 霸菱投顧,霸菱
B24085,2014-03-05,59.84955978393555,英鎊,霸菱澳洲基金-A類英鎊配息型,yfinance,股票型,澳洲/大洋洲,B0149 霸菱投顧,霸菱
B24085,2014-03-06,60.28190612792969,英鎊,霸菱澳洲基金-A類英鎊配息型,yfinance,股票型,澳洲/大洋洲,B0149 霸菱投顧,霸菱
B24085,2014-03-07,60.786312103271484,英鎊,霸菱澳洲基金-A類英鎊配息型,yfinance,股票型,澳洲/大洋洲,B0149 霸菱投顧,霸菱
B24085,2014-03-10,60.06573486328125,英鎊,霸菱澳洲基金-A類英鎊配息型,yfinance,股票型,澳洲/大洋洲,B0149 霸菱投顧,霸菱
B24085,2014-03-11,60.10576629638672,英鎊,霸菱澳洲基金-A類英鎊配息型,yfinance,股票型,澳洲/大洋洲,B0149 霸菱投顧,霸菱
B24085,2014-03-12,59.26506042480469,英鎊,霸菱澳洲基金-A類英鎊配息型,yfinance,股票型,澳洲/大洋洲,B0149 霸菱投顧,霸菱
B24085,2014-03-13,59.85756301879883,英鎊,霸菱澳洲基金-A類英鎊配息型,yfinance,股票型,澳洲/大洋洲,B0149 霸菱投顧,霸菱
B24085,2014-03-14,59.249061584472656,英鎊,霸菱澳洲基金-A類英鎊配息型,yfinance,股票型,澳洲/大洋洲,B0149 霸菱投顧,霸菱
B24085,2014-03-18,59.76948165893555,英鎊,霸菱澳洲基金-A類英鎊配息型,yfinance,股票型,澳洲/大洋洲,B0149 霸菱投顧,霸菱
B24085,2014-03-19,59.92961120605469,英鎊,霸菱澳洲基金-A類英鎊配息型,yfinance,股票型,澳洲/大洋洲,B0149 霸菱投顧,霸菱
B24085,2014-03-20,59.120941162109375,英鎊,霸菱澳洲基金-A類英鎊配息型,yfinance,股票型,澳洲/大洋洲,B0149 霸菱投顧,霸菱
B24085,2014-03-21,60.025691986083984,英鎊,霸菱澳洲基金-A類英鎊配息型,yfinance,股票型,澳洲/大洋洲,B0149 霸菱投顧,霸菱
B24085,2014-03-24,60.43404006958008,英鎊,霸菱澳洲基金-A類英鎊配息型,yfinance,股票型,澳洲/大洋洲,B0149 霸菱投顧,霸菱
B24085,2014-03-25,60.57015609741211,英鎊,霸菱澳洲基金-A類英鎊配息型,yfinance,股票型,澳洲/大洋洲,B0149 霸菱投顧,霸菱
B24085,2014-03-26,61.426856994628906,英鎊,霸菱澳洲基金-A類英鎊配息型,yfinance,股票型,澳洲/大洋洲,B0149 霸菱投顧,霸菱
B24085,2014-03-27,60.794349670410156,英鎊,霸菱澳洲基金-A類英鎊配息型,yfinance,股票型,澳洲/大洋洲,B0149 霸菱投顧,霸菱
B24085,2014-03-28,61.090579986572266,英鎊,霸菱澳洲基金-A類英鎊配息型,yfinance,股票型,澳洲/大洋洲,B0149 霸菱投顧,霸菱
B24085,2014-03-31,61.14664077758789,英鎊,霸菱澳洲基金-A類英鎊配息型,yfinance,股票型,澳洲/大洋洲,B0149 霸菱投顧,霸菱
B24085,2014-04-01,61.24270248413086,英鎊,霸菱澳洲基金-A類英鎊配息型,yfinance,股票型,澳洲/大洋洲,B0149 霸菱投顧,霸菱
B24085,2014-04-02,61.434879302978516,英鎊,霸菱澳洲基金-A類英鎊配息型,yfinance,股票型,澳洲/大洋洲,B0149 霸菱投顧,霸菱
B24085,2014-04-03,61.58698272705078,英鎊,霸菱澳洲基金-A類英鎊配息型,yfinance,股票型,澳洲/大洋洲,B0149 霸菱投顧,霸菱
B24085,2014-04-04,61.779144287109375,英鎊,霸菱澳洲基金-A類英鎊配息型,yfinance,股票型,澳洲/大洋洲,B0149 霸菱投顧,霸菱
B24085,2014-04-07,61.82719421386719,英鎊,霸菱澳洲基金-A類英鎊配息型,yfinance,股票型,澳洲/大洋洲,B0149 霸菱投顧,霸菱
B24085,2014-04-08,61.54696273803711,英鎊,霸菱澳洲基金-A類英鎊配息型,yfinance,股票型,澳洲/大洋洲,B0149 霸菱投顧,霸菱
B24085,2014-04-09,62.243526458740234,英鎊,霸菱澳洲基金-A類英鎊配息型,yfinance,股票型,澳洲/大洋洲,B0149 霸菱投顧,霸菱
B24085,2014-04-10,62.55580139160156,英鎊,霸菱澳洲基金-A類英鎊配息型,yfinance,股票型,澳洲/大洋洲,B0149 霸菱投顧,霸菱
B24085,2014-04-11,62.07539367675781,英鎊,霸菱澳洲基金-A類英鎊配息型,yfinance,股票型,澳洲/大洋洲,B0149 霸菱投顧,霸菱
B24085,2014-04-14,61.258724212646484,英鎊,霸菱澳洲基金-A類英鎊配息型,yfinance,股票型,澳洲/大洋洲,B0149 霸菱投顧,霸菱
B24085,2014-04-15,61.48291015625,英鎊,霸菱澳洲基金-A類英鎊配息型,yfinance,股票型,澳洲/大洋洲,B0149 霸菱投顧,霸菱
B24085,2014-04-16,61.386817932128906,英鎊,霸菱澳洲基金-A類英鎊配息型,yfinance,股票型,澳洲/大洋洲,B0149 霸菱投顧,霸菱
B24085,2014-04-17,61.57899475097656,英鎊,霸菱澳洲基金-A類英鎊配息型,yfinance,股票型,澳洲/大洋洲,B0149 霸菱投顧,霸菱
B24085,2014-04-22,61.875221252441406,英鎊,霸菱澳洲基金-A類英鎊配息型,yfinance,股票型,澳洲/大洋洲,B0149 霸菱投顧,霸菱
B24085,2014-04-23,61.955284118652344,英鎊,霸菱澳洲基金-A類英鎊配息型,yfinance,股票型,澳洲/大洋洲,B0149 霸菱投顧,霸菱
B24085,2014-04-24,61.9713020324707,英鎊,霸菱澳洲基金-A類英鎊配息型,yfinance,股票型,澳洲/大洋洲,B0149 霸菱投顧,霸菱
B24085,2014-04-25,62.003334045410156,英鎊,霸菱澳洲基金-A類英鎊配息型,yfinance,股票型,澳洲/大洋洲,B0149 霸菱投顧,霸菱
B24085,2014-04-28,61.947296142578125,英鎊,霸菱澳洲基金-A類英鎊配息型,yfinance,股票型,澳洲/大洋洲,B0149 霸菱投顧,霸菱
B24085,2014-04-29,61.40283203125,英鎊,霸菱澳洲基金-A類英鎊配息型,yfinance,股票型,澳洲/大洋洲,B0149 霸菱投顧,霸菱
B24085,2014-04-30,61.362796783447266,英鎊,霸菱澳洲基金-A類英鎊配息型,yfinance,股票型,澳洲/大洋洲,B0149 霸菱投顧,霸菱
B24085,2014-05-01,60.68362045288086,英鎊,霸菱澳洲基金-A類英鎊配息型,yfinance,股票型,澳洲/大洋洲,B0149 霸菱投顧,霸菱
B24085,2014-05-02,60.82274627685547,英鎊,霸菱澳洲基金-A類英鎊配息型,yfinance,股票型,澳洲/大洋洲,B0149 霸菱投顧,霸菱
B24085,2014-05-06,61.248287200927734,英鎊,霸菱澳洲基金-A類英鎊配息型,yfinance,股票型,澳洲/大洋洲,B0149 霸菱投顧,霸菱
B24085,2014-05-07,60.70816421508789,英鎊,霸菱澳洲基金-A類英鎊配息型,yfinance,股票型,澳洲/大洋洲,B0149 霸菱投顧,霸菱
B24085,2014-05-08,61.34650802612305,英鎊,霸菱澳洲基金-A類英鎊配息型,yfinance,股票型,澳洲/大洋洲,B0149 霸菱投顧,霸菱
B24085,2014-05-09,61.36288070678711,英鎊,霸菱澳洲基金-A類英鎊配息型,yfinance,股票型,澳洲/大洋洲,B0149 霸菱投顧,霸菱
B24085,2014-05-12,61.31377029418945,英鎊,霸菱澳洲基金-A類英鎊配息型,yfinance,股票型,澳洲/大洋洲,B0149 霸菱投顧,霸菱
B24085,2014-05-13,61.91120147705078,英鎊,霸菱澳洲基金-A類英鎊配息型,yfinance,股票型,澳洲/大洋洲,B0149 霸菱投顧,霸菱
B24085,2014-05-14,62.7705078125,英鎊,霸菱澳洲基金-A類英鎊配息型,yfinance,股票型,澳洲/大洋洲,B0149 霸菱投顧,霸菱
B24085,2014-05-15,62.7705078125,英鎊,霸菱澳洲基金-A類英鎊配息型,yfinance,股票型,澳洲/大洋洲,B0149 霸菱投顧,霸菱
B24085,2014-05-16,62.2139892578125,英鎊,霸菱澳洲基金-A類英鎊配息型,yfinance,股票型,澳洲/大洋洲,B0149 霸菱投顧,霸菱
B24085,2014-05-19,61.2401237487793,英鎊,霸菱澳洲基金-A類英鎊配息型,yfinance,股票型,澳洲/大洋洲,B0149 霸菱投顧,霸菱
B24085,2014-05-20,60.69179916381836,英鎊,霸菱澳洲基金-A類英鎊配息型,yfinance,股票型,澳洲/大洋洲,B0149 霸菱投顧,霸菱
B24085,2014-05-21,60.208953857421875,英鎊,霸菱澳洲基金-A類英鎊配息型,yfinance,股票型,澳洲/大洋洲,B0149 霸菱投顧,霸菱
B24085,2014-05-22,61.02734375,英鎊,霸菱澳洲基金-A類英鎊配息型,yfinance,股票型,澳洲/大洋洲,B0149 霸菱投顧,霸菱
B24085,2014-05-23,61.215576171875,英鎊,霸菱澳洲基金-A類英鎊配息型,yfinance,股票型,澳洲/大洋洲,B0149 霸菱投顧,霸菱
B24085,2014-05-27,61.747520446777344,英鎊,霸菱澳洲基金-A類英鎊配息型,yfinance,股票型,澳洲/大洋洲,B0149 霸菱投顧,霸菱
B24085,2014-05-28,62.058509826660156,英鎊,霸菱澳洲基金-A類英鎊配息型,yfinance,股票型,澳洲/大洋洲,B0149 霸菱投顧,霸菱
B24085,2014-05-29,62.467708587646484,英鎊,霸菱澳洲基金-A類英鎊配息型,yfinance,股票型,澳洲/大洋洲,B0149 霸菱投顧,霸菱
B24085,2014-05-30,62.2139892578125,英鎊,霸菱澳洲基金-A類英鎊配息型,yfinance,股票型,澳洲/大洋洲,B0149 霸菱投顧,霸菱
B24085,2014-06-03,61.6002082824707,英鎊,霸菱澳洲基金-A類英鎊配息型,yfinance,股票型,澳洲/大洋洲,B0149 霸菱投顧,霸菱
B24085,2014-06-04,61.31377029418945,英鎊,霸菱澳洲基金-A類英鎊配息型,yfinance,股票型,澳洲/大洋洲,B0149 霸菱投顧,霸菱
B24085,2014-06-05,61.31377029418945,英鎊,霸菱澳洲基金-A類英鎊配息型,yfinance,股票型,澳洲/大洋洲,B0149 霸菱投顧,霸菱
B24085,2014-06-06,61.870269775390625,英鎊,霸菱澳洲基金-A類英鎊配息型,yfinance,股票型,澳洲/大洋洲,B0149 霸菱投顧,霸菱
B24085,2014-06-09,61.95211410522461,英鎊,霸菱澳洲基金-A類英鎊配息型,yfinance,股票型,澳洲/大洋洲,B0149 霸菱投顧,霸菱
B24085,2014-06-10,62.058509826660156,英鎊,霸菱澳洲基金-A類英鎊配息型,yfinance,股票型,澳洲/大洋洲,B0149 霸菱投顧,霸菱
B24085,2014-06-11,62.10761642456055,英鎊,霸菱澳洲基金-A類英鎊配息型,yfinance,股票型,澳洲/大洋洲,B0149 霸菱投顧,霸菱
B24085,2014-06-12,61.80480194091797,英鎊,霸菱澳洲基金-A類英鎊配息型,yfinance,股票型,澳洲/大洋洲,B0149 霸菱投顧,霸菱
B24085,2014-06-13,60.806373596191406,英鎊,霸菱澳洲基金-A類英鎊配息型,yfinance,股票型,澳洲/大洋洲,B0149 霸菱投顧,霸菱
B24085,2014-06-16,60.81454849243164,英鎊,霸菱澳洲基金-A類英鎊配息型,yfinance,股票型,澳洲/大洋洲,B0149 霸菱投顧,霸菱
B24085,2014-06-17,60.50356674194336,英鎊,霸菱澳洲基金-A類英鎊配息型,yfinance,股票型,澳洲/大洋洲,B0149 霸菱投顧,霸菱
B24085,2014-06-18,60.36444091796875,英鎊,霸菱澳洲基金-A類英鎊配息型,yfinance,股票型,澳洲/大洋洲,B0149 霸菱投顧,霸菱
B24085,2014-06-19,61.51837921142578,英鎊,霸菱澳洲基金-A類英鎊配息型,yfinance,股票型,澳洲/大洋洲,B0149 霸菱投顧,霸菱
B24085,2014-06-20,60.69179916381836,英鎊,霸菱澳洲基金-A類英鎊配息型,yfinance,股票型,澳洲/大洋洲,B0149 霸菱投顧,霸菱
B24085,2014-06-23,61.37925720214844,英鎊,霸菱澳洲基金-A類英鎊配息型,yfinance,股票型,澳洲/大洋洲,B0149 霸菱投顧,霸菱
B24085,2014-06-24,61.01096725463867,英鎊,霸菱澳洲基金-A類英鎊配息型,yfinance,股票型,澳洲/大洋洲,B0149 霸菱投顧,霸菱
B24085,2014-06-25,60.56904220581055,英鎊,霸菱澳洲基金-A類英鎊配息型,yfinance,股票型,澳洲/大洋洲,B0149 霸菱投顧,霸菱
B24085,2014-06-26,61.46108627319336,英鎊,霸菱澳洲基金-A類英鎊配息型,yfinance,股票型,澳洲/大洋洲,B0149 霸菱投顧,霸菱
B24085,2014-06-27,61.264671325683594,英鎊,霸菱澳洲基金-A類英鎊配息型,yfinance,股票型,澳洲/大洋洲,B0149 霸菱投顧,霸菱
B24085,2014-06-30,60.601776123046875,英鎊,霸菱澳洲基金-A類英鎊配息型,yfinance,股票型,澳洲/大洋洲,B0149 霸菱投顧,霸菱
B24085,2014-07-01,60.37263107299805,英鎊,霸菱澳洲基金-A類英鎊配息型,yfinance,股票型,澳洲/大洋洲,B0149 霸菱投顧,霸菱
B24085,2014-07-02,61.248287200927734,英鎊,霸菱澳洲基金-A類英鎊配息型,yfinance,股票型,澳洲/大洋洲,B0149 霸菱投顧,霸菱
B24085,2014-07-03,61.14190673828125,英鎊,霸菱澳洲基金-A類英鎊配息型,yfinance,股票型,澳洲/大洋洲,B0149 霸菱投顧,霸菱
B24085,2014-07-04,61.31377029418945,英鎊,霸菱澳洲基金-A類英鎊配息型,yfinance,股票型,澳洲/大洋洲,B0149 霸菱投顧,霸菱
B24085,2014-07-07,61.33832550048828,英鎊,霸菱澳洲基金-A類英鎊配息型,yfinance,股票型,澳洲/大洋洲,B0149 霸菱投顧,霸菱
B24085,2014-07-08,61.46108627319336,英鎊,霸菱澳洲基金-A類英鎊配息型,yfinance,股票型,澳洲/大洋洲,B0149 霸菱投顧,霸菱
B24085,2014-07-09,60.75725555419922,英鎊,霸菱澳洲基金-A類英鎊配息型,yfinance,股票型,澳洲/大洋洲,B0149 霸菱投顧,霸菱
B24085,2014-07-10,60.69179916381836,英鎊,霸菱澳洲基金-A類英鎊配息型,yfinance,股票型,澳洲/大洋洲,B0149 霸菱投顧,霸菱
B24085,2014-07-11,60.94550323486328,英鎊,霸菱澳洲基金-A類英鎊配息型,yfinance,股票型,澳洲/大洋洲,B0149 霸菱投顧,霸菱
B24085,2014-07-14,61.31377029418945,英鎊,霸菱澳洲基金-A類英鎊配息型,yfinance,股票型,澳洲/大洋洲,B0149 霸菱投顧,霸菱
B24085,2014-07-15,60.98640823364258,英鎊,霸菱澳洲基金-A類英鎊配息型,yfinance,股票型,澳洲/大洋洲,B0149 霸菱投顧,霸菱
B24085,2014-07-16,60.97824478149414,英鎊,霸菱澳洲基金-A類英鎊配息型,yfinance,股票型,澳洲/大洋洲,B0149 霸菱投顧,霸菱
B24085,2014-07-17,61.272857666015625,英鎊,霸菱澳洲基金-A類英鎊配息型,yfinance,股票型,澳洲/大洋洲,B0149 霸菱投顧,霸菱
B24085,2014-07-18,61.36288070678711,英鎊,霸菱澳洲基金-A類英鎊配息型,yfinance,股票型,澳洲/大洋洲,B0149 霸菱投顧,霸菱
B24085,2014-07-21,61.452903747558594,英鎊,霸菱澳洲基金-A類英鎊配息型,yfinance,股票型,澳洲/大洋洲,B0149 霸菱投顧,霸菱
B24085,2014-07-22,61.559288024902344,英鎊,霸菱澳洲基金-A類英鎊配息型,yfinance,股票型,澳洲/大洋洲,B0149 霸菱投顧,霸菱
B24085,2014-07-23,62.36131286621094,英鎊,霸菱澳洲基金-A類英鎊配息型,yfinance,股票型,澳洲/大洋洲,B0149 霸菱投顧,霸菱
B24085,2014-07-24,62.58229446411133,英鎊,霸菱澳洲基金-A類英鎊配息型,yfinance,股票型,澳洲/大洋洲,B0149 霸菱投顧,霸菱
B24085,2014-07-25,62.43498229980469,英鎊,霸菱澳洲基金-A類英鎊配息型,yfinance,股票型,澳洲/大洋洲,B0149 霸菱投顧,霸菱
B24085,2014-07-28,62.320396423339844,英鎊,霸菱澳洲基金-A類英鎊配息型,yfinance,股票型,澳洲/大洋洲,B0149 霸菱投顧,霸菱
B24085,2014-07-29,62.59046936035156,英鎊,霸菱澳洲基金-A類英鎊配息型,yfinance,股票型,澳洲/大洋洲,B0149 霸菱投顧,霸菱
B24085,2014-07-30,62.73777389526367,英鎊,霸菱澳洲基金-A類英鎊配息型,yfinance,股票型,澳洲/大洋洲,B0149 霸菱投顧,霸菱
B24085,2014-07-31,62.59864044189453,英鎊,霸菱澳洲基金-A類英鎊配息型,yfinance,股票型,澳洲/大洋洲,B0149 霸菱投顧,霸菱
B24085,2014-08-01,61.73933792114258,英鎊,霸菱澳洲基金-A類英鎊配息型,yfinance,股票型,澳洲/大洋洲,B0149 霸菱投顧,霸菱
B24085,2014-08-05,61.40379333496094,英鎊,霸菱澳洲基金-A類英鎊配息型,yfinance,股票型,澳洲/大洋洲,B0149 霸菱投顧,霸菱
B24085,2014-08-06,61.34650802612305,英鎊,霸菱澳洲基金-A類英鎊配息型,yfinance,股票型,澳洲/大洋洲,B0149 霸菱投顧,霸菱
B24085,2014-08-07,61.060081481933594,英鎊,霸菱澳洲基金-A類英鎊配息型,yfinance,股票型,澳洲/大洋洲,B0149 霸菱投顧,霸菱
B24085,2014-08-08,60.13529586791992,英鎊,霸菱澳洲基金-A類英鎊配息型,yfinance,股票型,澳洲/大洋洲,B0149 霸菱投顧,霸菱
B24085,2014-08-11,60.49538803100586,英鎊,霸菱澳洲基金-A類英鎊配息型,yfinance,股票型,澳洲/大洋洲,B0149 霸菱投顧,霸菱
B24085,2014-08-12,61.47745132446289,英鎊,霸菱澳洲基金-A類英鎊配息型,yfinance,股票型,澳洲/大洋洲,B0149 霸菱投顧,霸菱
B24085,2014-08-13,61.84572982788086,英鎊,霸菱澳洲基金-A類英鎊配息型,yfinance,股票型,澳洲/大洋洲,B0149 霸菱投顧,霸菱
B24085,2014-08-14,62.54135513305664,英鎊,霸菱澳洲基金-A類英鎊配息型,yfinance,股票型,澳洲/大洋洲,B0149 霸菱投顧,霸菱
B24085,2014-08-15,62.754150390625,英鎊,霸菱澳洲基金-A類英鎊配息型,yfinance,股票型,澳洲/大洋洲,B0149 霸菱投顧,霸菱
B24085,2014-08-18,62.93418884277344,英鎊,霸菱澳洲基金-A類英鎊配息型,yfinance,股票型,澳洲/大洋洲,B0149 霸菱投顧,霸菱
B24085,2014-08-19,64.11266326904297,英鎊,霸菱澳洲基金-A類英鎊配息型,yfinance,股票型,澳洲/大洋洲,B0149 霸菱投顧,霸菱
B24085,2014-08-20,63.84260177612305,英鎊,霸菱澳洲基金-A類英鎊配息型,yfinance,股票型,澳洲/大洋洲,B0149 霸菱投顧,霸菱
B24085,2014-08-21,64.120849609375,英鎊,霸菱澳洲基金-A類英鎊配息型,yfinance,股票型,澳洲/大洋洲,B0149 霸菱投顧,霸菱
B24085,2014-08-22,64.47274780273438,英鎊,霸菱澳洲基金-A類英鎊配息型,yfinance,股票型,澳洲/大洋洲,B0149 霸菱投顧,霸菱
B24085,2014-08-26,64.30089569091797,英鎊,霸菱澳洲基金-A類英鎊配息型,yfinance,股票型,澳洲/大洋洲,B0149 霸菱投顧,霸菱
B24085,2014-08-27,64.84104919433594,英鎊,霸菱澳洲基金-A類英鎊配息型,yfinance,股票型,澳洲/大洋洲,B0149 霸菱投顧,霸菱
B24085,2014-08-28,64.50548553466797,英鎊,霸菱澳洲基金-A類英鎊配息型,yfinance,股票型,澳洲/大洋洲,B0149 霸菱投顧,霸菱
B24085,2014-08-29,64.4645767211914,英鎊,霸菱澳洲基金-A類英鎊配息型,yfinance,股票型,澳洲/大洋洲,B0149 霸菱投顧,霸菱
B24085,2014-09-01,64.43183898925781,英鎊,霸菱澳洲基金-A類英鎊配息型,yfinance,股票型,澳洲/大洋洲,B0149 霸菱投顧,霸菱
B24085,2014-09-02,64.59551239013672,英鎊,霸菱澳洲基金-A類英鎊配息型,yfinance,股票型,澳洲/大洋洲,B0149 霸菱投顧,霸菱
B24085,2014-09-03,65.16838836669922,英鎊,霸菱澳洲基金-A類英鎊配息型,yfinance,股票型,澳洲/大洋洲,B0149 霸菱投顧,霸菱
B24085,2014-09-04,65.18476104736328,英鎊,霸菱澳洲基金-A類英鎊配息型,yfinance,股票型,澳洲/大洋洲,B0149 霸菱投顧,霸菱
B24085,2014-09-05,65.52848815917969,英鎊,霸菱澳洲基金-A類英鎊配息型,yfinance,股票型,澳洲/大洋洲,B0149 霸菱投顧,霸菱
B24085,2014-09-08,65.88038635253906,英鎊,霸菱澳洲基金-A類英鎊配息型,yfinance,股票型,澳洲/大洋洲,B0149 霸菱投顧,霸菱
B24085,2014-09-09,65.76581573486328,英鎊,霸菱澳洲基金-A類英鎊配息型,yfinance,股票型,澳洲/大洋洲,B0149 霸菱投顧,霸菱
B24085,2014-09-10,64.53822326660156,英鎊,霸菱澳洲基金-A類英鎊配息型,yfinance,股票型,澳洲/大洋洲,B0149 霸菱投顧,霸菱
B24085,2014-09-11,63.719852447509766,英鎊,霸菱澳洲基金-A類英鎊配息型,yfinance,股票型,澳洲/大洋洲,B0149 霸菱投顧,霸菱
B24085,2014-09-12,63.12241744995117,英鎊,霸菱澳洲基金-A類英鎊配息型,yfinance,股票型,澳洲/大洋洲,B0149 霸菱投顧,霸菱
B24085,2014-09-15,62.328582763671875,英鎊,霸菱澳洲基金-A類英鎊配息型,yfinance,股票型,澳洲/大洋洲,B0149 霸菱投顧,霸菱
B24085,2014-09-16,62.1649055480957,英鎊,霸菱澳洲基金-A類英鎊配息型,yfinance,股票型,澳洲/大洋洲,B0149 霸菱投顧,霸菱
B24085,2014-09-17,61.69841384887695,英鎊,霸菱澳洲基金-A類英鎊配息型,yfinance,股票型,澳洲/大洋洲,B0149 霸菱投顧,霸菱
B24085,2014-09-18,61.15010452270508,英鎊,霸菱澳洲基金-A類英鎊配息型,yfinance,股票型,澳洲/大洋洲,B0149 霸菱投顧,霸菱
B24085,2014-09-19,61.248287200927734,英鎊,霸菱澳洲基金-A類英鎊配息型,yfinance,股票型,澳洲/大洋洲,B0149 霸菱投顧,霸菱
B24085,2014-09-22,60.15984344482422,英鎊,霸菱澳洲基金-A類英鎊配息型,yfinance,股票型,澳洲/大洋洲,B0149 霸菱投顧,霸菱
B24085,2014-09-23,60.61814498901367,英鎊,霸菱澳洲基金-A類英鎊配息型,yfinance,股票型,澳洲/大洋洲,B0149 霸菱投顧,霸菱
B24085,2014-09-24,59.742469787597656,英鎊,霸菱澳洲基金-A類英鎊配息型,yfinance,股票型,澳洲/大洋洲,B0149 霸菱投顧,霸菱
B24085,2014-09-25,59.840667724609375,英鎊,霸菱澳洲基金-A類英鎊配息型,yfinance,股票型,澳洲/大洋洲,B0149 霸菱投顧,霸菱
B24085,2014-09-26,58.81768798828125,英鎊,霸菱澳洲基金-A類英鎊配息型,yfinance,股票型,澳洲/大洋洲,B0149 霸菱投顧,霸菱
B24085,2014-09-29,58.28573226928711,英鎊,霸菱澳洲基金-A類英鎊配息型,yfinance,股票型,澳洲/大洋洲,B0149 霸菱投顧,霸菱
B24085,2014-09-30,58.67037582397461,英鎊,霸菱澳洲基金-A類英鎊配息型,yfinance,股票型,澳洲/大洋洲,B0149 霸菱投顧,霸菱
B24085,2014-10-01,58.86679458618164,英鎊,霸菱澳洲基金-A類英鎊配息型,yfinance,股票型,澳洲/大洋洲,B0149 霸菱投顧,霸菱
B24085,2014-10-02,59.055030822753906,英鎊,霸菱澳洲基金-A類英鎊配息型,yfinance,股票型,澳洲/大洋洲,B0149 霸菱投顧,霸菱
B24085,2014-10-03,59.406917572021484,英鎊,霸菱澳洲基金-A類英鎊配息型,yfinance,股票型,澳洲/大洋洲,B0149 霸菱投顧,霸菱
B24085,2014-10-06,59.42329406738281,英鎊,霸菱澳洲基金-A類英鎊配息型,yfinance,股票型,澳洲/大洋洲,B0149 霸菱投顧,霸菱
B24085,2014-10-07,59.37419509887695,英鎊,霸菱澳洲基金-A類英鎊配息型,yfinance,股票型,澳洲/大洋洲,B0149 霸菱投顧,霸菱
B24085,2014-10-08,58.719482421875,英鎊,霸菱澳洲基金-A類英鎊配息型,yfinance,股票型,澳洲/大洋洲,B0149 霸菱投顧,霸菱
B24085,2014-10-09,59.431480407714844,英鎊,霸菱澳洲基金-A類英鎊配息型,yfinance,股票型,澳洲/大洋洲,B0149 霸菱投顧,霸菱
B24085,2014-10-10,57.70467758178711,英鎊,霸菱澳洲基金-A類英鎊配息型,yfinance,股票型,澳洲/大洋洲,B0149 霸菱投顧,霸菱
B24085,2014-10-13,57.50825119018555,英鎊,霸菱澳洲基金-A類英鎊配息型,yfinance,股票型,澳洲/大洋洲,B0149 霸菱投顧,霸菱
B24085,2014-10-14,58.44940948486328,英鎊,霸菱澳洲基金-A類英鎊配息型,yfinance,股票型,澳洲/大洋洲,B0149 霸菱投顧,霸菱
B24085,2014-10-15,58.89133071899414,英鎊,霸菱澳洲基金-A類英鎊配息型,yfinance,股票型,澳洲/大洋洲,B0149 霸菱投顧,霸菱
B24085,2014-10-16,57.50825119018555,英鎊,霸菱澳洲基金-A類英鎊配息型,yfinance,股票型,澳洲/大洋洲,B0149 霸菱投顧,霸菱
B24085,2014-10-17,59.54605484008789,英鎊,霸菱澳洲基金-A類英鎊配息型,yfinance,股票型,澳洲/大洋洲,B0149 霸菱投顧,霸菱
B24085,2014-10-20,59.357818603515625,英鎊,霸菱澳洲基金-A類英鎊配息型,yfinance,股票型,澳洲/大洋洲,B0149 霸菱投顧,霸菱
B24085,2014-10-21,60.118927001953125,英鎊,霸菱澳洲基金-A類英鎊配息型,yfinance,股票型,澳洲/大洋洲,B0149 霸菱投顧,霸菱
B24085,2014-10-22,60.487205505371094,英鎊,霸菱澳洲基金-A類英鎊配息型,yfinance,股票型,澳洲/大洋洲,B0149 霸菱投顧,霸菱
B24085,2014-10-23,60.34807586669922,英鎊,霸菱澳洲基金-A類英鎊配息型,yfinance,股票型,澳洲/大洋洲,B0149 霸菱投顧,霸菱
B24085,2014-10-24,60.634517669677734,英鎊,霸菱澳洲基金-A類英鎊配息型,yfinance,股票型,澳洲/大洋洲,B0149 霸菱投顧,霸菱
B24085,2014-10-28,61.13372802734375,英鎊,霸菱澳洲基金-A類英鎊配息型,yfinance,股票型,澳洲/大洋洲,B0149 霸菱投顧,霸菱
B24085,2014-10-29,61.22374725341797,英鎊,霸菱澳洲基金-A類英鎊配息型,yfinance,股票型,澳洲/大洋洲,B0149 霸菱投顧,霸菱
B24085,2014-10-30,61.231929779052734,英鎊,霸菱澳洲基金-A類英鎊配息型,yfinance,股票型,澳洲/大洋洲,B0149 霸菱投顧,霸菱
B24085,2014-10-31,62.04213333129883,英鎊,霸菱澳洲基金-A類英鎊配息型,yfinance,股票型,澳洲/大洋洲,B0149 霸菱投顧,霸菱
B24085,2014-11-03,61.117374420166016,英鎊,霸菱澳洲基金-A類英鎊配息型,yfinance,股票型,澳洲/大洋洲,B0149 霸菱投顧,霸菱
B24085,2014-11-04,61.51018142700195,英鎊,霸菱澳洲基金-A類英鎊配息型,yfinance,股票型,澳洲/大洋洲,B0149 霸菱投顧,霸菱
B24085,2014-11-05,60.99460220336914,英鎊,霸菱澳洲基金-A類英鎊配息型,yfinance,股票型,澳洲/大洋洲,B0149 霸菱投顧,霸菱
B24085,2014-11-06,60.634517669677734,英鎊,霸菱澳洲基金-A類英鎊配息型,yfinance,股票型,澳洲/大洋洲,B0149 霸菱投顧,霸菱
B24085,2014-11-07,61.69841384887695,英鎊,霸菱澳洲基金-A類英鎊配息型,yfinance,股票型,澳洲/大洋洲,B0149 霸菱投顧,霸菱
B24085,2014-11-10,61.64930725097656,英鎊,霸菱澳洲基金-A類英鎊配息型,yfinance,股票型,澳洲/大洋洲,B0149 霸菱投顧,霸菱
B24085,2014-11-11,61.57566833496094,英鎊,霸菱澳洲基金-A類英鎊配息型,yfinance,股票型,澳洲/大洋洲,B0149 霸菱投顧,霸菱
B24085,2014-11-12,61.682037353515625,英鎊,霸菱澳洲基金-A類英鎊配息型,yfinance,股票型,澳洲/大洋洲,B0149 霸菱投顧,霸菱
B24085,2014-11-13,61.96849060058594,英鎊,霸菱澳洲基金-A類英鎊配息型,yfinance,股票型,澳洲/大洋洲,B0149 霸菱投顧,霸菱
B24085,2014-11-14,62.24673080444336,英鎊,霸菱澳洲基金-A類英鎊配息型,yfinance,股票型,澳洲/大洋洲,B0149 霸菱投顧,霸菱
B24085,2014-11-17,62.009403228759766,英鎊,霸菱澳洲基金-A類英鎊配息型,yfinance,股票型,澳洲/大洋洲,B0149 霸菱投顧,霸菱
B24085,2014-11-18,61.76388931274414,英鎊,霸菱澳洲基金-A類英鎊配息型,yfinance,股票型,澳洲/大洋洲,B0149 霸菱投顧,霸菱
B24085,2014-11-19,61.10100173950195,英鎊,霸菱澳洲基金-A類英鎊配息型,yfinance,股票型,澳洲/大洋洲,B0149 霸菱投顧,霸菱
B24085,2014-11-20,60.55267333984375,英鎊,霸菱澳洲基金-A類英鎊配息型,yfinance,股票型,澳洲/大洋洲,B0149 霸菱投顧,霸菱
B24085,2014-11-21,61.17464828491211,英鎊,霸菱澳洲基金-A類英鎊配息型,yfinance,股票型,澳洲/大洋洲,B0149 霸菱投顧,霸菱
B24085,2014-11-24,61.17464828491211,英鎊,霸菱澳洲基金-A類英鎊配息型,yfinance,股票型,澳洲/大洋洲,B0149 霸菱投顧,霸菱
B24085,2014-11-25,60.208953857421875,英鎊,霸菱澳洲基金-A類英鎊配息型,yfinance,股票型,澳洲/大洋洲,B0149 霸菱投顧,霸菱
B24085,2014-11-26,60.43809127807617,英鎊,霸菱澳洲基金-A類英鎊配息型,yfinance,股票型,澳洲/大洋洲,B0149 霸菱投顧,霸菱
B24085,2014-11-27,60.806373596191406,英鎊,霸菱澳洲基金-A類英鎊配息型,yfinance,股票型,澳洲/大洋洲,B0149 霸菱投顧,霸菱
B24085,2014-11-28,59.95526123046875,英鎊,霸菱澳洲基金-A類英鎊配息型,yfinance,股票型,澳洲/大洋洲,B0149 霸菱投顧,霸菱
B24085,2014-12-01,58.44123077392578,英鎊,霸菱澳洲基金-A類英鎊配息型,yfinance,股票型,澳洲/大洋洲,B0149 霸菱投顧,霸菱
B24085,2014-12-02,59.251434326171875,英鎊,霸菱澳洲基金-A類英鎊配息型,yfinance,股票型,澳洲/大洋洲,B0149 霸菱投顧,霸菱
B24085,2014-12-03,59.701541900634766,英鎊,霸菱澳洲基金-A類英鎊配息型,yfinance,股票型,澳洲/大洋洲,B0149 霸菱投顧,霸菱
B24085,2014-12-04,59.979801177978516,英鎊,霸菱澳洲基金-A類英鎊配息型,yfinance,股票型,澳洲/大洋洲,B0149 霸菱投顧,霸菱
B24085,2014-12-05,59.6933708190918,英鎊,霸菱澳洲基金-A類英鎊配息型,yfinance,股票型,澳洲/大洋洲,B0149 霸菱投顧,霸菱
B24085,2014-12-08,60.16801834106445,英鎊,霸菱澳洲基金-A類英鎊配息型,yfinance,股票型,澳洲/大洋洲,B0149 霸菱投顧,霸菱
B24085,2014-12-09,58.90769577026367,英鎊,霸菱澳洲基金-A類英鎊配息型,yfinance,股票型,澳洲/大洋洲,B0149 霸菱投顧,霸菱
B24085,2014-12-10,58.54761505126953,英鎊,霸菱澳洲基金-A類英鎊配息型,yfinance,股票型,澳洲/大洋洲,B0149 霸菱投顧,霸菱
B24085,2014-12-11,57.83562088012695,英鎊,霸菱澳洲基金-A類英鎊配息型,yfinance,股票型,澳洲/大洋洲,B0149 霸菱投顧,霸菱
B24085,2014-12-12,57.320037841796875,英鎊,霸菱澳洲基金-A類英鎊配息型,yfinance,股票型,澳洲/大洋洲,B0149 霸菱投顧,霸菱
B24085,2014-12-15,56.919029235839844,英鎊,霸菱澳洲基金-A類英鎊配息型,yfinance,股票型,澳洲/大洋洲,B0149 霸菱投顧,霸菱
B24085,2014-12-16,56.53438186645508,英鎊,霸菱澳洲基金-A類英鎊配息型,yfinance,股票型,澳洲/大洋洲,B0149 霸菱投顧,霸菱
B24085,2014-12-17,56.09245300292969,英鎊,霸菱澳洲基金-A類英鎊配息型,yfinance,股票型,澳洲/大洋洲,B0149 霸菱投顧,霸菱
B24085,2014-12-18,57.23819351196289,英鎊,霸菱澳洲基金-A類英鎊配息型,yfinance,股票型,澳洲/大洋洲,B0149 霸菱投顧,霸菱
B24085,2014-12-19,58.097503662109375,英鎊,霸菱澳洲基金-A類英鎊配息型,yfinance,股票型,澳洲/大洋洲,B0149 霸菱投顧,霸菱
B24085,2014-12-22,59.104122161865234,英鎊,霸菱澳洲基金-A類英鎊配息型,yfinance,股票型,澳洲/大洋洲,B0149 霸菱投顧,霸菱
B24085,2014-12-23,58.80131530761719,英鎊,霸菱澳洲基金-A類英鎊配息型,yfinance,股票型,澳洲/大洋洲,B0149 霸菱投顧,霸菱
B24085,2014-12-24,58.67037582397461,英鎊,霸菱澳洲基金-A類英鎊配息型,yfinance,股票型,澳洲/大洋洲,B0149 霸菱投顧,霸菱
B24085,2014-12-30,59.26778793334961,英鎊,霸菱澳洲基金-A類英鎊配息型,yfinance,股票型,澳洲/大洋洲,B0149 霸菱投顧,霸菱
B24085,2014-12-31,59.25961685180664,英鎊,霸菱澳洲基金-A類英鎊配息型,yfinance,股票型,澳洲/大洋洲,B0149 霸菱投顧,霸菱
B24083,2014-01-02,52.182037353515625,英鎊,霸菱東歐基金-A類英鎊配息型,yfinance,未分類,新興歐洲,B0149 霸菱投顧,霸菱
B24083,2014-01-03,51.76679611206055,英鎊,霸菱東歐基金-A類英鎊配息型,yfinance,未分類,新興歐洲,B0149 霸菱投顧,霸菱
B24083,2014-01-06,51.299652099609375,英鎊,霸菱東歐基金-A類英鎊配息型,yfinance,未分類,新興歐洲,B0149 霸菱投顧,霸菱
B24083,2014-01-07,51.325599670410156,英鎊,霸菱東歐基金-A類英鎊配息型,yfinance,未分類,新興歐洲,B0149 霸菱投顧,霸菱
B24083,2014-01-08,51.204490661621094,英鎊,霸菱東歐基金-A類英鎊配息型,yfinance,未分類,新興歐洲,B0149 霸菱投顧,霸菱
B24083,2014-01-09,50.91901779174805,英鎊,霸菱東歐基金-A類英鎊配息型,yfinance,未分類,新興歐洲,B0149 霸菱投顧,霸菱
B24083,2014-01-10,50.607582092285156,英鎊,霸菱東歐基金-A類英鎊配息型,yfinance,未分類,新興歐洲,B0149 霸菱投顧,霸菱
B24083,2014-01-13,51.49862289428711,英鎊,霸菱東歐基金-A類英鎊配息型,yfinance,未分類,新興歐洲,B0149 霸菱投顧,霸菱
B24083,2014-01-14,50.92766571044922,英鎊,霸菱東歐基金-A類英鎊配息型,yfinance,未分類,新興歐洲,B0149 霸菱投顧,霸菱
B24083,2014-01-15,51.30830383300781,英鎊,霸菱東歐基金-A類英鎊配息型,yfinance,未分類,新興歐洲,B0149 霸菱投顧,霸菱
B24083,2014-01-16,51.55052947998047,英鎊,霸菱東歐基金-A類英鎊配息型,yfinance,未分類,新興歐洲,B0149 霸菱投顧,霸菱
B24083,2014-01-17,51.11798095703125,英鎊,霸菱東歐基金-A類英鎊配息型,yfinance,未分類,新興歐洲,B0149 霸菱投顧,霸菱
B24083,2014-01-20,50.53837585449219,英鎊,霸菱東歐基金-A類英鎊配息型,yfinance,未分類,新興歐洲,B0149 霸菱投顧,霸菱
B24083,2014-01-21,50.676788330078125,英鎊,霸菱東歐基金-A類英鎊配息型,yfinance,未分類,新興歐洲,B0149 霸菱投顧,霸菱
B24083,2014-01-22,50.0971794128418,英鎊,霸菱東歐基金-A類英鎊配息型,yfinance,未分類,新興歐洲,B0149 霸菱投顧,霸菱
B24083,2014-01-23,50.07987594604492,英鎊,霸菱東歐基金-A類英鎊配息型,yfinance,未分類,新興歐洲,B0149 霸菱投顧,霸菱
B24083,2014-01-24,48.41891098022461,英鎊,霸菱東歐基金-A類英鎊配息型,yfinance,未分類,新興歐洲,B0149 霸菱投顧,霸菱
B24083,2014-01-27,47.71818542480469,英鎊,霸菱東歐基金-A類英鎊配息型,yfinance,未分類,新興歐洲,B0149 霸菱投顧,霸菱
B24083,2014-01-28,47.93446350097656,英鎊,霸菱東歐基金-A類英鎊配息型,yfinance,未分類,新興歐洲,B0149 霸菱投顧,霸菱
B24083,2014-01-29,47.37215805053711,英鎊,霸菱東歐基金-A類英鎊配息型,yfinance,未分類,新興歐洲,B0149 霸菱投顧,霸菱
B24083,2014-01-30,46.18699264526367,英鎊,霸菱東歐基金-A類英鎊配息型,yfinance,未分類,新興歐洲,B0149 霸菱投顧,霸菱
B24083,2014-01-31,46.238887786865234,英鎊,霸菱東歐基金-A類英鎊配息型,yfinance,未分類,新興歐洲,B0149 霸菱投顧,霸菱
B24083,2014-02-03,47.00017166137695,英鎊,霸菱東歐基金-A類英鎊配息型,yfinance,未分類,新興歐洲,B0149 霸菱投顧,霸菱
B24083,2014-02-04,46.29945373535156,英鎊,霸菱東歐基金-A類英鎊配息型,yfinance,未分類,新興歐洲,B0149 霸菱投顧,霸菱
B24083,2014-02-05,47.69224166870117,英鎊,霸菱東歐基金-A類英鎊配息型,yfinance,未分類,新興歐洲,B0149 霸菱投顧,霸菱
B24083,2014-02-06,47.89120864868164,英鎊,霸菱東歐基金-A類英鎊配息型,yfinance,未分類,新興歐洲,B0149 霸菱投顧,霸菱
B24083,2014-02-07,48.289146423339844,英鎊,霸菱東歐基金-A類英鎊配息型,yfinance,未分類,新興歐洲,B0149 霸菱投顧,霸菱
B24083,2014-02-10,48.168033599853516,英鎊,霸菱東歐基金-A類英鎊配息型,yfinance,未分類,新興歐洲,B0149 霸菱投顧,霸菱
B24083,2014-02-11,48.453514099121094,英鎊,霸菱東歐基金-A類英鎊配息型,yfinance,未分類,新興歐洲,B0149 霸菱投顧,霸菱
B24083,2014-02-12,48.315101623535156,英鎊,霸菱東歐基金-A類英鎊配息型,yfinance,未分類,新興歐洲,B0149 霸菱投顧,霸菱
B24083,2014-02-13,47.545169830322266,英鎊,霸菱東歐基金-A類英鎊配息型,yfinance,未分類,新興歐洲,B0149 霸菱投顧,霸菱
B24083,2014-02-14,47.847957611083984,英鎊,霸菱東歐基金-A類英鎊配息型,yfinance,未分類,新興歐洲,B0149 霸菱投顧,霸菱
B24083,2014-02-17,48.202640533447266,英鎊,霸菱東歐基金-A類英鎊配息型,yfinance,未分類,新興歐洲,B0149 霸菱投顧,霸菱
B24083,2014-02-18,48.1334342956543,英鎊,霸菱東歐基金-A類英鎊配息型,yfinance,未分類,新興歐洲,B0149 霸菱投顧,霸菱
B24083,2014-02-19,47.27699661254883,英鎊,霸菱東歐基金-A類英鎊配息型,yfinance,未分類,新興歐洲,B0149 霸菱投顧,霸菱
B24083,2014-02-20,46.72333908081055,英鎊,霸菱東歐基金-A類英鎊配息型,yfinance,未分類,新興歐洲,B0149 霸菱投顧,霸菱
B24083,2014-02-21,46.96556854248047,英鎊,霸菱東歐基金-A類英鎊配息型,yfinance,未分類,新興歐洲,B0149 霸菱投顧,霸菱
B24083,2014-02-24,47.467315673828125,英鎊,霸菱東歐基金-A類英鎊配息型,yfinance,未分類,新興歐洲,B0149 霸菱投顧,霸菱
B24083,2014-02-25,46.92231369018555,英鎊,霸菱東歐基金-A類英鎊配息型,yfinance,未分類,新興歐洲,B0149 霸菱投顧,霸菱
B24083,2014-02-26,46.57627487182617,英鎊,霸菱東歐基金-A類英鎊配息型,yfinance,未分類,新興歐洲,B0149 霸菱投顧,霸菱
B24083,2014-02-27,45.858253479003906,英鎊,霸菱東歐基金-A類英鎊配息型,yfinance,未分類,新興歐洲,B0149 霸菱投顧,霸菱
B24083,2014-02-28,46.15238571166992,英鎊,霸菱東歐基金-A類英鎊配息型,yfinance,未分類,新興歐洲,B0149 霸菱投顧,霸菱
B24083,2014-03-03,41.87885665893555,英鎊,霸菱東歐基金-A類英鎊配息型,yfinance,未分類,新興歐洲,B0149 霸菱投顧,霸菱
B24083,2014-03-04,44.10212707519531,英鎊,霸菱東歐基金-A類英鎊配息型,yfinance,未分類,新興歐洲,B0149 霸菱投顧,霸菱
B24083,2014-03-05,44.076171875,英鎊,霸菱東歐基金-A類英鎊配息型,yfinance,未分類,新興歐洲,B0149 霸菱投顧,霸菱
B24083,2014-03-06,43.7474365234375,英鎊,霸菱東歐基金-A類英鎊配息型,yfinance,未分類,新興歐洲,B0149 霸菱投顧,霸菱
B24083,2014-03-07,43.89451599121094,英鎊,霸菱東歐基金-A類英鎊配息型,yfinance,未分類,新興歐洲,B0149 霸菱投顧,霸菱
B24083,2014-03-10,43.38410949707031,英鎊,霸菱東歐基金-A類英鎊配息型,yfinance,未分類,新興歐洲,B0149 霸菱投顧,霸菱
B24083,2014-03-11,42.76123809814453,英鎊,霸菱東歐基金-A類英鎊配息型,yfinance,未分類,新興歐洲,B0149 霸菱投顧,霸菱
B24083,2014-03-12,42.147037506103516,英鎊,霸菱東歐基金-A類英鎊配息型,yfinance,未分類,新興歐洲,B0149 霸菱投顧,霸菱
B24083,2014-03-13,41.5847282409668,英鎊,霸菱東歐基金-A類英鎊配息型,yfinance,未分類,新興歐洲,B0149 霸菱投顧,霸菱
B24083,2014-03-14,40.96186447143555,英鎊,霸菱東歐基金-A類英鎊配息型,yfinance,未分類,新興歐洲,B0149 霸菱投顧,霸菱
B24083,2014-03-18,43.25434112548828,英鎊,霸菱東歐基金-A類英鎊配息型,yfinance,未分類,新興歐洲,B0149 霸菱投顧,霸菱
B24083,2014-03-19,43.825294494628906,英鎊,霸菱東歐基金-A類英鎊配息型,yfinance,未分類,新興歐洲,B0149 霸菱投顧,霸菱
B24083,2014-03-20,43.66093826293945,英鎊,霸菱東歐基金-A類英鎊配息型,yfinance,未分類,新興歐洲,B0149 霸菱投顧,霸菱
B24083,2014-03-21,43.211090087890625,英鎊,霸菱東歐基金-A類英鎊配息型,yfinance,未分類,新興歐洲,B0149 霸菱投顧,霸菱
B24083,2014-03-24,43.24569320678711,英鎊,霸菱東歐基金-A類英鎊配息型,yfinance,未分類,新興歐洲,B0149 霸菱投顧,霸菱
B24083,2014-03-25,43.71283721923828,英鎊,霸菱東歐基金-A類英鎊配息型,yfinance,未分類,新興歐洲,B0149 霸菱投顧,霸菱
B24083,2014-03-26,44.75959396362305,英鎊,霸菱東歐基金-A類英鎊配息型,yfinance,未分類,新興歐洲,B0149 霸菱投顧,霸菱
B24083,2014-03-27,44.30109786987305,英鎊,霸菱東歐基金-A類英鎊配息型,yfinance,未分類,新興歐洲,B0149 霸菱投顧,霸菱
B24083,2014-03-28,44.776893615722656,英鎊,霸菱東歐基金-A類英鎊配息型,yfinance,未分類,新興歐洲,B0149 霸菱投顧,霸菱
B24083,2014-03-31,45.40840530395508,英鎊,霸菱東歐基金-A類英鎊配息型,yfinance,未分類,新興歐洲,B0149 霸菱投顧,霸菱
B24083,2014-04-01,46.1696891784668,英鎊,霸菱東歐基金-A類英鎊配息型,yfinance,未分類,新興歐洲,B0149 霸菱投顧,霸菱
B24083,2014-04-02,46.143733978271484,英鎊,霸菱東歐基金-A類英鎊配息型,yfinance,未分類,新興歐洲,B0149 霸菱投顧,霸菱
B24083,2014-04-03,46.351356506347656,英鎊,霸菱東歐基金-A類英鎊配息型,yfinance,未分類,新興歐洲,B0149 霸菱投顧,霸菱
B24083,2014-04-04,46.28215026855469,英鎊,霸菱東歐基金-A類英鎊配息型,yfinance,未分類,新興歐洲,B0149 霸菱投顧,霸菱
B24083,2014-04-07,45.979366302490234,英鎊,霸菱東歐基金-A類英鎊配息型,yfinance,未分類,新興歐洲,B0149 霸菱投顧,霸菱
B24083,2014-04-08,45.80635452270508,英鎊,霸菱東歐基金-A類英鎊配息型,yfinance,未分類,新興歐洲,B0149 霸菱投顧,霸菱
B24083,2014-04-09,45.572776794433594,英鎊,霸菱東歐基金-A類英鎊配息型,yfinance,未分類,新興歐洲,B0149 霸菱投顧,霸菱
B24083,2014-04-10,45.797691345214844,英鎊,霸菱東歐基金-A類英鎊配息型,yfinance,未分類,新興歐洲,B0149 霸菱投顧,霸菱
B24083,2014-04-11,45.49491882324219,英鎊,霸菱東歐基金-A類英鎊配息型,yfinance,未分類,新興歐洲,B0149 霸菱投顧,霸菱
B24083,2014-04-14,44.76824188232422,英鎊,霸菱東歐基金-A類英鎊配息型,yfinance,未分類,新興歐洲,B0149 霸菱投顧,霸菱
B24083,2014-04-15,44.62982940673828,英鎊,霸菱東歐基金-A類英鎊配息型,yfinance,未分類,新興歐洲,B0149 霸菱投顧,霸菱
B24083,2014-04-16,43.56577682495117,英鎊,霸菱東歐基金-A類英鎊配息型,yfinance,未分類,新興歐洲,B0149 霸菱投顧,霸菱
B24083,2014-04-17,43.97237014770508,英鎊,霸菱東歐基金-A類英鎊配息型,yfinance,未分類,新興歐洲,B0149 霸菱投顧,霸菱
B24083,2014-04-22,44.5952262878418,英鎊,霸菱東歐基金-A類英鎊配息型,yfinance,未分類,新興歐洲,B0149 霸菱投顧,霸菱
B24083,2014-04-23,44.46546936035156,英鎊,霸菱東歐基金-A類英鎊配息型,yfinance,未分類,新興歐洲,B0149 霸菱投顧,霸菱
B24083,2014-04-24,44.292442321777344,英鎊,霸菱東歐基金-A類英鎊配息型,yfinance,未分類,新興歐洲,B0149 霸菱投顧,霸菱
B24083,2014-04-25,43.2283935546875,英鎊,霸菱東歐基金-A類英鎊配息型,yfinance,未分類,新興歐洲,B0149 霸菱投顧,霸菱
B24083,2014-04-28,42.85641098022461,英鎊,霸菱東歐基金-A類英鎊配息型,yfinance,未分類,新興歐洲,B0149 霸菱投顧,霸菱
B24083,2014-04-29,43.84260559082031,英鎊,霸菱東歐基金-A類英鎊配息型,yfinance,未分類,新興歐洲,B0149 霸菱投顧,霸菱
B24083,2014-04-30,43.903160095214844,英鎊,霸菱東歐基金-A類英鎊配息型,yfinance,未分類,新興歐洲,B0149 霸菱投顧,霸菱
B24083,2014-05-01,43.948455810546875,英鎊,霸菱東歐基金-A類英鎊配息型,yfinance,未分類,新興歐洲,B0149 霸菱投顧,霸菱
B24083,2014-05-02,44.14874267578125,英鎊,霸菱東歐基金-A類英鎊配息型,yfinance,未分類,新興歐洲,B0149 霸菱投顧,霸菱
B24083,2014-05-06,44.25323486328125,英鎊,霸菱東歐基金-A類英鎊配息型,yfinance,未分類,新興歐洲,B0149 霸菱投顧,霸菱
B24083,2014-05-07,44.575416564941406,英鎊,霸菱東歐基金-A類英鎊配息型,yfinance,未分類,新興歐洲,B0149 霸菱投顧,霸菱
B24083,2014-05-08,45.681312561035156,英鎊,霸菱東歐基金-A類英鎊配息型,yfinance,未分類,新興歐洲,B0149 霸菱投顧,霸菱
B24083,2014-05-09,45.846763610839844,英鎊,霸菱東歐基金-A類英鎊配息型,yfinance,未分類,新興歐洲,B0149 霸菱投顧,霸菱
B24083,2014-05-12,45.829349517822266,英鎊,霸菱東歐基金-A類英鎊配息型,yfinance,未分類,新興歐洲,B0149 霸菱投顧,霸菱
B24083,2014-05-13,46.412776947021484,英鎊,霸菱東歐基金-A類英鎊配息型,yfinance,未分類,新興歐洲,B0149 霸菱投顧,霸菱
B24083,2014-05-14,46.465023040771484,英鎊,霸菱東歐基金-A類英鎊配息型,yfinance,未分類,新興歐洲,B0149 霸菱投顧,霸菱
B24083,2014-05-15,46.80462646484375,英鎊,霸菱東歐基金-A類英鎊配息型,yfinance,未分類,新興歐洲,B0149 霸菱投顧,霸菱
B24083,2014-05-16,45.750980377197266,英鎊,霸菱東歐基金-A類英鎊配息型,yfinance,未分類,新興歐洲,B0149 霸菱投顧,霸菱
B24083,2014-05-19,46.40406799316406,英鎊,霸菱東歐基金-A類英鎊配息型,yfinance,未分類,新興歐洲,B0149 霸菱投顧,霸菱
B24083,2014-05-20,46.604347229003906,英鎊,霸菱東歐基金-A類英鎊配息型,yfinance,未分類,新興歐洲,B0149 霸菱投顧,霸菱
B24083,2014-05-21,47.03973388671875,英鎊,霸菱東歐基金-A類英鎊配息型,yfinance,未分類,新興歐洲,B0149 霸菱投顧,霸菱
B24083,2014-05-22,47.62316131591797,英鎊,霸菱東歐基金-A類英鎊配息型,yfinance,未分類,新興歐洲,B0149 霸菱投顧,霸菱
B24083,2014-05-23,48.25012969970703,英鎊,霸菱東歐基金-A類英鎊配息型,yfinance,未分類,新興歐洲,B0149 霸菱投顧,霸菱
B24083,2014-05-27,48.189178466796875,英鎊,霸菱東歐基金-A類英鎊配息型,yfinance,未分類,新興歐洲,B0149 霸菱投顧,霸菱
B24083,2014-05-28,48.45912170410156,英鎊,霸菱東歐基金-A類英鎊配息型,yfinance,未分類,新興歐洲,B0149 霸菱投顧,霸菱
B24083,2014-05-29,49.112205505371094,英鎊,霸菱東歐基金-A類英鎊配息型,yfinance,未分類,新興歐洲,B0149 霸菱投顧,霸菱
B24083,2014-05-30,49.164459228515625,英鎊,霸菱東歐基金-A類英鎊配息型,yfinance,未分類,新興歐洲,B0149 霸菱投顧,霸菱
B24083,2014-06-03,48.93804931640625,英鎊,霸菱東歐基金-A類英鎊配息型,yfinance,未分類,新興歐洲,B0149 霸菱投顧,霸菱
B24083,2014-06-04,49.06866455078125,英鎊,霸菱東歐基金-A類英鎊配息型,yfinance,未分類,新興歐洲,B0149 霸菱投顧,霸菱
B24083,2014-06-05,49.66950225830078,英鎊,霸菱東歐基金-A類英鎊配息型,yfinance,未分類,新興歐洲,B0149 霸菱投顧,霸菱
B24083,2014-06-06,49.90461349487305,英鎊,霸菱東歐基金-A類英鎊配息型,yfinance,未分類,新興歐洲,B0149 霸菱投顧,霸菱
B24083,2014-06-09,50.97568130493164,英鎊,霸菱東歐基金-A類英鎊配息型,yfinance,未分類,新興歐洲,B0149 霸菱投顧,霸菱
B24083,2014-06-10,50.897308349609375,英鎊,霸菱東歐基金-A類英鎊配息型,yfinance,未分類,新興歐洲,B0149 霸菱投顧,霸菱
B24083,2014-06-11,50.75798416137695,英鎊,霸菱東歐基金-A類英鎊配息型,yfinance,未分類,新興歐洲,B0149 霸菱投顧,霸菱
B24083,2014-06-12,50.31388473510742,英鎊,霸菱東歐基金-A類英鎊配息型,yfinance,未分類,新興歐洲,B0149 霸菱投顧,霸菱
B24083,2014-06-13,49.556304931640625,英鎊,霸菱東歐基金-A類英鎊配息型,yfinance,未分類,新興歐洲,B0149 霸菱投顧,霸菱
B24083,2014-06-16,49.29507064819336,英鎊,霸菱東歐基金-A類英鎊配息型,yfinance,未分類,新興歐洲,B0149 霸菱投顧,霸菱
B24083,2014-06-17,49.05125045776367,英鎊,霸菱東歐基金-A類英鎊配息型,yfinance,未分類,新興歐洲,B0149 霸菱投顧,霸菱
B24083,2014-06-18,49.50405502319336,英鎊,霸菱東歐基金-A類英鎊配息型,yfinance,未分類,新興歐洲,B0149 霸菱投顧,霸菱
B24083,2014-06-19,50.0439453125,英鎊,霸菱東歐基金-A類英鎊配息型,yfinance,未分類,新興歐洲,B0149 霸菱投顧,霸菱
B24083,2014-06-20,49.53017807006836,英鎊,霸菱東歐基金-A類英鎊配息型,yfinance,未分類,新興歐洲,B0149 霸菱投顧,霸菱
B24083,2014-06-23,49.49534606933594,英鎊,霸菱東歐基金-A類英鎊配息型,yfinance,未分類,新興歐洲,B0149 霸菱投顧,霸菱
B24083,2014-06-24,50.39225769042969,英鎊,霸菱東歐基金-A類英鎊配息型,yfinance,未分類,新興歐洲,B0149 霸菱投顧,霸菱
B24083,2014-06-25,49.97427749633789,英鎊,霸菱東歐基金-A類英鎊配息型,yfinance,未分類,新興歐洲,B0149 霸菱投顧,霸菱
B24083,2014-06-26,49.49534606933594,英鎊,霸菱東歐基金-A類英鎊配息型,yfinance,未分類,新興歐洲,B0149 霸菱投顧,霸菱
B24083,2014-06-27,49.608551025390625,英鎊,霸菱東歐基金-A類英鎊配息型,yfinance,未分類,新興歐洲,B0149 霸菱投顧,霸菱
B24083,2014-06-30,49.147037506103516,英鎊,霸菱東歐基金-A類英鎊配息型,yfinance,未分類,新興歐洲,B0149 霸菱投顧,霸菱
B24083,2014-07-01,48.885799407958984,英鎊,霸菱東歐基金-A類英鎊配息型,yfinance,未分類,新興歐洲,B0149 霸菱投顧,霸菱
B24083,2014-07-02,48.99899673461914,英鎊,霸菱東歐基金-A類英鎊配息型,yfinance,未分類,新興歐洲,B0149 霸菱投顧,霸菱
B24083,2014-07-03,49.329898834228516,英鎊,霸菱東歐基金-A類英鎊配息型,yfinance,未分類,新興歐洲,B0149 霸菱投顧,霸菱
B24083,2014-07-04,49.02511978149414,英鎊,霸菱東歐基金-A類英鎊配息型,yfinance,未分類,新興歐洲,B0149 霸菱投顧,霸菱
B24083,2014-07-07,49.12091064453125,英鎊,霸菱東歐基金-A類英鎊配息型,yfinance,未分類,新興歐洲,B0149 霸菱投顧,霸菱
B24083,2014-07-08,49.78270721435547,英鎊,霸菱東歐基金-A類英鎊配息型,yfinance,未分類,新興歐洲,B0149 霸菱投顧,霸菱
B24083,2014-07-09,49.3124885559082,英鎊,霸菱東歐基金-A類英鎊配息型,yfinance,未分類,新興歐洲,B0149 霸菱投顧,霸菱
B24083,2014-07-10,49.112205505371094,英鎊,霸菱東歐基金-A類英鎊配息型,yfinance,未分類,新興歐洲,B0149 霸菱投顧,霸菱
B24083,2014-07-11,48.95546340942383,英鎊,霸菱東歐基金-A類英鎊配息型,yfinance,未分類,新興歐洲,B0149 霸菱投顧,霸菱
B24083,2014-07-14,49.00770568847656,英鎊,霸菱東歐基金-A類英鎊配息型,yfinance,未分類,新興歐洲,B0149 霸菱投顧,霸菱
B24083,2014-07-15,48.81613540649414,英鎊,霸菱東歐基金-A類英鎊配息型,yfinance,未分類,新興歐洲,B0149 霸菱投顧,霸菱
B24083,2014-07-16,48.920631408691406,英鎊,霸菱東歐基金-A類英鎊配息型,yfinance,未分類,新興歐洲,B0149 霸菱投顧,霸菱
B24083,2014-07-17,47.86698532104492,英鎊,霸菱東歐基金-A類英鎊配息型,yfinance,未分類,新興歐洲,B0149 霸菱投顧,霸菱
B24083,2014-07-18,47.47513198852539,英鎊,霸菱東歐基金-A類英鎊配息型,yfinance,未分類,新興歐洲,B0149 霸菱投顧,霸菱
B24083,2014-07-21,47.17906951904297,英鎊,霸菱東歐基金-A類英鎊配息型,yfinance,未分類,新興歐洲,B0149 霸菱投顧,霸菱
B24083,2014-07-22,47.35322570800781,英鎊,霸菱東歐基金-A類英鎊配息型,yfinance,未分類,新興歐洲,B0149 霸菱投顧,霸菱
B24083,2014-07-23,47.840858459472656,英鎊,霸菱東歐基金-A類英鎊配息型,yfinance,未分類,新興歐洲,B0149 霸菱投顧,霸菱
B24083,2014-07-24,47.840858459472656,英鎊,霸菱東歐基金-A類英鎊配息型,yfinance,未分類,新興歐洲,B0149 霸菱投顧,霸菱
B24083,2014-07-25,47.50996017456055,英鎊,霸菱東歐基金-A類英鎊配息型,yfinance,未分類,新興歐洲,B0149 霸菱投顧,霸菱
B24083,2014-07-28,46.98748779296875,英鎊,霸菱東歐基金-A類英鎊配息型,yfinance,未分類,新興歐洲,B0149 霸菱投顧,霸菱
B24083,2014-07-29,46.839454650878906,英鎊,霸菱東歐基金-A類英鎊配息型,yfinance,未分類,新興歐洲,B0149 霸菱投顧,霸菱
B24083,2014-07-30,47.161651611328125,英鎊,霸菱東歐基金-A類英鎊配息型,yfinance,未分類,新興歐洲,B0149 霸菱投顧,霸菱
B24083,2014-07-31,46.978782653808594,英鎊,霸菱東歐基金-A類英鎊配息型,yfinance,未分類,新興歐洲,B0149 霸菱投顧,霸菱
B24083,2014-08-01,46.14284133911133,英鎊,霸菱東歐基金-A類英鎊配息型,yfinance,未分類,新興歐洲,B0149 霸菱投顧,霸菱
B24083,2014-08-05,46.264747619628906,英鎊,霸菱東歐基金-A類英鎊配息型,yfinance,未分類,新興歐洲,B0149 霸菱投顧,霸菱
B24083,2014-08-06,44.723453521728516,英鎊,霸菱東歐基金-A類英鎊配息型,yfinance,未分類,新興歐洲,B0149 霸菱投顧,霸菱
B24083,2014-08-07,44.14003372192383,英鎊,霸菱東歐基金-A類英鎊配息型,yfinance,未分類,新興歐洲,B0149 霸菱投顧,霸菱
B24083,2014-08-08,44.40997314453125,英鎊,霸菱東歐基金-A類英鎊配息型,yfinance,未分類,新興歐洲,B0149 霸菱投顧,霸菱
B24083,2014-08-11,45.39395523071289,英鎊,霸菱東歐基金-A類英鎊配息型,yfinance,未分類,新興歐洲,B0149 霸菱投顧,霸菱
B24083,2014-08-12,45.48973846435547,英鎊,霸菱東歐基金-A類英鎊配息型,yfinance,未分類,新興歐洲,B0149 霸菱投顧,霸菱
B24083,2014-08-13,45.91643142700195,英鎊,霸菱東歐基金-A類英鎊配息型,yfinance,未分類,新興歐洲,B0149 霸菱投顧,霸菱
B24083,2014-08-14,46.68272018432617,英鎊,霸菱東歐基金-A類英鎊配息型,yfinance,未分類,新興歐洲,B0149 霸菱投顧,霸菱
B24083,2014-08-15,46.88299560546875,英鎊,霸菱東歐基金-A類英鎊配息型,yfinance,未分類,新興歐洲,B0149 霸菱投顧,霸菱
B24083,2014-08-18,46.80462646484375,英鎊,霸菱東歐基金-A類英鎊配息型,yfinance,未分類,新興歐洲,B0149 霸菱投顧,霸菱
B24083,2014-08-19,47.501258850097656,英鎊,霸菱東歐基金-A類英鎊配息型,yfinance,未分類,新興歐洲,B0149 霸菱投顧,霸菱
B24083,2014-08-20,47.60574722290039,英鎊,霸菱東歐基金-A類英鎊配息型,yfinance,未分類,新興歐洲,B0149 霸菱投顧,霸菱
B24083,2014-08-21,48.119510650634766,英鎊,霸菱東歐基金-A類英鎊配息型,yfinance,未分類,新興歐洲,B0149 霸菱投顧,霸菱
B24083,2014-08-22,47.61445236206055,英鎊,霸菱東歐基金-A類英鎊配息型,yfinance,未分類,新興歐洲,B0149 霸菱投顧,霸菱
B24083,2014-08-26,48.26754379272461,英鎊,霸菱東歐基金-A類英鎊配息型,yfinance,未分類,新興歐洲,B0149 霸菱投顧,霸菱
B24083,2014-08-27,48.476539611816406,英鎊,霸菱東歐基金-A類英鎊配息型,yfinance,未分類,新興歐洲,B0149 霸菱投顧,霸菱
B24083,2014-08-28,47.1268196105957,英鎊,霸菱東歐基金-A類英鎊配息型,yfinance,未分類,新興歐洲,B0149 霸菱投顧,霸菱
B24083,2014-08-29,47.031028747558594,英鎊,霸菱東歐基金-A類英鎊配息型,yfinance,未分類,新興歐洲,B0149 霸菱投顧,霸菱
B24083,2014-09-01,46.2473258972168,英鎊,霸菱東歐基金-A類英鎊配息型,yfinance,未分類,新興歐洲,B0149 霸菱投顧,霸菱
B24083,2014-09-02,46.22120666503906,英鎊,霸菱東歐基金-A類英鎊配息型,yfinance,未分類,新興歐洲,B0149 霸菱投顧,霸菱
B24083,2014-09-03,47.62316131591797,英鎊,霸菱東歐基金-A類英鎊配息型,yfinance,未分類,新興歐洲,B0149 霸菱投顧,霸菱
B24083,2014-09-04,48.15433883666992,英鎊,霸菱東歐基金-A類英鎊配息型,yfinance,未分類,新興歐洲,B0149 霸菱投顧,霸菱
B24083,2014-09-05,48.79001235961914,英鎊,霸菱東歐基金-A類英鎊配息型,yfinance,未分類,新興歐洲,B0149 霸菱投顧,霸菱
B24083,2014-09-08,49.66950225830078,英鎊,霸菱東歐基金-A類英鎊配息型,yfinance,未分類,新興歐洲,B0149 霸菱投顧,霸菱
B24083,2014-09-09,49.268951416015625,英鎊,霸菱東歐基金-A類英鎊配息型,yfinance,未分類,新興歐洲,B0149 霸菱投顧,霸菱
B24083,2014-09-10,48.91191864013672,英鎊,霸菱東歐基金-A類英鎊配息型,yfinance,未分類,新興歐洲,B0149 霸菱投顧,霸菱
B24083,2014-09-11,48.18046951293945,英鎊,霸菱東歐基金-A類英鎊配息型,yfinance,未分類,新興歐洲,B0149 霸菱投顧,霸菱
B24083,2014-09-12,48.015010833740234,英鎊,霸菱東歐基金-A類英鎊配息型,yfinance,未分類,新興歐洲,B0149 霸菱投顧,霸菱
B24083,2014-09-15,47.40546798706055,英鎊,霸菱東歐基金-A類英鎊配息型,yfinance,未分類,新興歐洲,B0149 霸菱投顧,霸菱
B24083,2014-09-16,47.62316131591797,英鎊,霸菱東歐基金-A類英鎊配息型,yfinance,未分類,新興歐洲,B0149 霸菱投顧,霸菱
B24083,2014-09-17,46.900413513183594,英鎊,霸菱東歐基金-A類英鎊配息型,yfinance,未分類,新興歐洲,B0149 霸菱投顧,霸菱
B24083,2014-09-18,46.316986083984375,英鎊,霸菱東歐基金-A類英鎊配息型,yfinance,未分類,新興歐洲,B0149 霸菱投顧,霸菱
B24083,2014-09-19,45.66389465332031,英鎊,霸菱東歐基金-A類英鎊配息型,yfinance,未分類,新興歐洲,B0149 霸菱投顧,霸菱
B24083,2014-09-22,45.53328323364258,英鎊,霸菱東歐基金-A類英鎊配息型,yfinance,未分類,新興歐洲,B0149 霸菱投顧,霸菱
B24083,2014-09-23,45.28075408935547,英鎊,霸菱東歐基金-A類英鎊配息型,yfinance,未分類,新興歐洲,B0149 霸菱投顧,霸菱
B24083,2014-09-24,45.568111419677734,英鎊,霸菱東歐基金-A類英鎊配息型,yfinance,未分類,新興歐洲,B0149 霸菱投顧,霸菱
B24083,2014-09-25,45.53328323364258,英鎊,霸菱東歐基金-A類英鎊配息型,yfinance,未分類,新興歐洲,B0149 霸菱投顧,霸菱
B24083,2014-09-26,44.65379333496094,英鎊,霸菱東歐基金-A類英鎊配息型,yfinance,未分類,新興歐洲,B0149 霸菱投顧,霸菱
B24083,2014-09-29,44.40997314453125,英鎊,霸菱東歐基金-A類英鎊配息型,yfinance,未分類,新興歐洲,B0149 霸菱投顧,霸菱
B24083,2014-09-30,44.25323486328125,英鎊,霸菱東歐基金-A類英鎊配息型,yfinance,未分類,新興歐洲,B0149 霸菱投顧,霸菱
B24083,2014-10-01,44.209693908691406,英鎊,霸菱東歐基金-A類英鎊配息型,yfinance,未分類,新興歐洲,B0149 霸菱投顧,霸菱
B24083,2014-10-02,43.44340515136719,英鎊,霸菱東歐基金-A類英鎊配息型,yfinance,未分類,新興歐洲,B0149 霸菱投顧,霸菱
B24083,2014-10-03,43.661094665527344,英鎊,霸菱東歐基金-A類英鎊配息型,yfinance,未分類,新興歐洲,B0149 霸菱投顧,霸菱
B24083,2014-10-06,44.32289505004883,英鎊,霸菱東歐基金-A類英鎊配息型,yfinance,未分類,新興歐洲,B0149 霸菱投顧,霸菱
B24083,2014-10-07,43.89621353149414,英鎊,霸菱東歐基金-A類英鎊配息型,yfinance,未分類,新興歐洲,B0149 霸菱投顧,霸菱
B24083,2014-10-08,43.24312973022461,英鎊,霸菱東歐基金-A類英鎊配息型,yfinance,未分類,新興歐洲,B0149 霸菱投顧,霸菱
B24083,2014-10-09,43.6175537109375,英鎊,霸菱東歐基金-A類英鎊配息型,yfinance,未分類,新興歐洲,B0149 霸菱投顧,霸菱
B24083,2014-10-10,42.85997772216797,英鎊,霸菱東歐基金-A類英鎊配息型,yfinance,未分類,新興歐洲,B0149 霸菱投顧,霸菱
B24083,2014-10-13,43.286659240722656,英鎊,霸菱東歐基金-A類英鎊配息型,yfinance,未分類,新興歐洲,B0149 霸菱投顧,霸菱
B24083,2014-10-14,43.164756774902344,英鎊,霸菱東歐基金-A類英鎊配息型,yfinance,未分類,新興歐洲,B0149 霸菱投顧,霸菱
B24083,2014-10-15,43.356327056884766,英鎊,霸菱東歐基金-A類英鎊配息型,yfinance,未分類,新興歐洲,B0149 霸菱投顧,霸菱
B24083,2014-10-16,42.30268096923828,英鎊,霸菱東歐基金-A類英鎊配息型,yfinance,未分類,新興歐洲,B0149 霸菱投顧,霸菱
B24083,2014-10-17,42.685821533203125,英鎊,霸菱東歐基金-A類英鎊配息型,yfinance,未分類,新興歐洲,B0149 霸菱投顧,霸菱
B24083,2014-10-20,42.80773162841797,英鎊,霸菱東歐基金-A類英鎊配息型,yfinance,未分類,新興歐洲,B0149 霸菱投顧,霸菱
B24083,2014-10-21,43.12992477416992,英鎊,霸菱東歐基金-A類英鎊配息型,yfinance,未分類,新興歐洲,B0149 霸菱投顧,霸菱
B24083,2014-10-22,43.539180755615234,英鎊,霸菱東歐基金-A類英鎊配息型,yfinance,未分類,新興歐洲,B0149 霸菱投顧,霸菱
B24083,2014-10-23,43.23441696166992,英鎊,霸菱東歐基金-A類英鎊配息型,yfinance,未分類,新興歐洲,B0149 霸菱投顧,霸菱
B24083,2014-10-24,43.304080963134766,英鎊,霸菱東歐基金-A類英鎊配息型,yfinance,未分類,新興歐洲,B0149 霸菱投顧,霸菱
B24083,2014-10-28,43.67851638793945,英鎊,霸菱東歐基金-A類英鎊配息型,yfinance,未分類,新興歐洲,B0149 霸菱投顧,霸菱
B24083,2014-10-29,43.76559066772461,英鎊,霸菱東歐基金-A類英鎊配息型,yfinance,未分類,新興歐洲,B0149 霸菱投顧,霸菱
B24083,2014-10-30,44.070369720458984,英鎊,霸菱東歐基金-A類英鎊配息型,yfinance,未分類,新興歐洲,B0149 霸菱投顧,霸菱
B24083,2014-10-31,44.99339294433594,英鎊,霸菱東歐基金-A類英鎊配息型,yfinance,未分類,新興歐洲,B0149 霸菱投顧,霸菱
B24083,2014-11-03,44.34901809692383,英鎊,霸菱東歐基金-A類英鎊配息型,yfinance,未分類,新興歐洲,B0149 霸菱投顧,霸菱
B24083,2014-11-04,44.09648513793945,英鎊,霸菱東歐基金-A類英鎊配息型,yfinance,未分類,新興歐洲,B0149 霸菱投顧,霸菱
B24083,2014-11-05,43.9832878112793,英鎊,霸菱東歐基金-A類英鎊配息型,yfinance,未分類,新興歐洲,B0149 霸菱投顧,霸菱
B24083,2014-11-06,43.24312973022461,英鎊,霸菱東歐基金-A類英鎊配息型,yfinance,未分類,新興歐洲,B0149 霸菱投顧,霸菱
B24083,2014-11-07,42.59003448486328,英鎊,霸菱東歐基金-A類英鎊配息型,yfinance,未分類,新興歐洲,B0149 霸菱投顧,霸菱
B24083,2014-11-10,43.07767105102539,英鎊,霸菱東歐基金-A類英鎊配息型,yfinance,未分類,新興歐洲,B0149 霸菱投顧,霸菱
B24083,2014-11-11,42.7032356262207,英鎊,霸菱東歐基金-A類英鎊配息型,yfinance,未分類,新興歐洲,B0149 霸菱投顧,霸菱
B24083,2014-11-12,42.87739944458008,英鎊,霸菱東歐基金-A類英鎊配息型,yfinance,未分類,新興歐洲,B0149 霸菱投顧,霸菱
B24083,2014-11-13,43.25182342529297,英鎊,霸菱東歐基金-A類英鎊配息型,yfinance,未分類,新興歐洲,B0149 霸菱投顧,霸菱
B24083,2014-11-14,42.842559814453125,英鎊,霸菱東歐基金-A類英鎊配息型,yfinance,未分類,新興歐洲,B0149 霸菱投顧,霸菱
B24083,2014-11-17,43.11250686645508,英鎊,霸菱東歐基金-A類英鎊配息型,yfinance,未分類,新興歐洲,B0149 霸菱投顧,霸菱
B24083,2014-11-18,43.539180755615234,英鎊,霸菱東歐基金-A類英鎊配息型,yfinance,未分類,新興歐洲,B0149 霸菱投顧,霸菱
B24083,2014-11-19,43.57401657104492,英鎊,霸菱東歐基金-A類英鎊配息型,yfinance,未分類,新興歐洲,B0149 霸菱投顧,霸菱
B24083,2014-11-20,43.556602478027344,英鎊,霸菱東歐基金-A類英鎊配息型,yfinance,未分類,新興歐洲,B0149 霸菱投顧,霸菱
B24083,2014-11-21,44.25323486328125,英鎊,霸菱東歐基金-A類英鎊配息型,yfinance,未分類,新興歐洲,B0149 霸菱投顧,霸菱
B24083,2014-11-24,44.819236755371094,英鎊,霸菱東歐基金-A類英鎊配息型,yfinance,未分類,新興歐洲,B0149 霸菱投顧,霸菱
B24083,2014-11-25,44.549293518066406,英鎊,霸菱東歐基金-A類英鎊配息型,yfinance,未分類,新興歐洲,B0149 霸菱投顧,霸菱
B24083,2014-11-26,43.79171371459961,英鎊,霸菱東歐基金-A類英鎊配息型,yfinance,未分類,新興歐洲,B0149 霸菱投顧,霸菱
B24083,2014-11-27,43.904911041259766,英鎊,霸菱東歐基金-A類英鎊配息型,yfinance,未分類,新興歐洲,B0149 霸菱投顧,霸菱
B24083,2014-11-28,43.1473388671875,英鎊,霸菱東歐基金-A類英鎊配息型,yfinance,未分類,新興歐洲,B0149 霸菱投顧,霸菱
B24083,2014-12-01,42.40717315673828,英鎊,霸菱東歐基金-A類英鎊配息型,yfinance,未分類,新興歐洲,B0149 霸菱投顧,霸菱
B24083,2014-12-02,42.459415435791016,英鎊,霸菱東歐基金-A類英鎊配息型,yfinance,未分類,新興歐洲,B0149 霸菱投顧,霸菱
B24083,2014-12-03,42.23301315307617,英鎊,霸菱東歐基金-A類英鎊配息型,yfinance,未分類,新興歐洲,B0149 霸菱投顧,霸菱
B24083,2014-12-04,42.328800201416016,英鎊,霸菱東歐基金-A類英鎊配息型,yfinance,未分類,新興歐洲,B0149 霸菱投顧,霸菱
B24083,2014-12-05,41.62346649169922,英鎊,霸菱東歐基金-A類英鎊配息型,yfinance,未分類,新興歐洲,B0149 霸菱投顧,霸菱
B24083,2014-12-08,40.97907638549805,英鎊,霸菱東歐基金-A類英鎊配息型,yfinance,未分類,新興歐洲,B0149 霸菱投顧,霸菱
B24083,2014-12-09,39.83835983276367,英鎊,霸菱東歐基金-A類英鎊配息型,yfinance,未分類,新興歐洲,B0149 霸菱投顧,霸菱
B24083,2014-12-10,39.725154876708984,英鎊,霸菱東歐基金-A類英鎊配息型,yfinance,未分類,新興歐洲,B0149 霸菱投顧,霸菱
B24083,2014-12-11,39.25493240356445,英鎊,霸菱東歐基金-A類英鎊配息型,yfinance,未分類,新興歐洲,B0149 霸菱投顧,霸菱
B24083,2014-12-12,37.96616744995117,英鎊,霸菱東歐基金-A類英鎊配息型,yfinance,未分類,新興歐洲,B0149 霸菱投顧,霸菱
B24083,2014-12-15,37.13893127441406,英鎊,霸菱東歐基金-A類英鎊配息型,yfinance,未分類,新興歐洲,B0149 霸菱投顧,霸菱
B24083,2014-12-16,33.21169662475586,英鎊,霸菱東歐基金-A類英鎊配息型,yfinance,未分類,新興歐洲,B0149 霸菱投顧,霸菱
B24083,2014-12-17,33.995399475097656,英鎊,霸菱東歐基金-A類英鎊配息型,yfinance,未分類,新興歐洲,B0149 霸菱投顧,霸菱
B24083,2014-12-18,36.895111083984375,英鎊,霸菱東歐基金-A類英鎊配息型,yfinance,未分類,新興歐洲,B0149 霸菱投顧,霸菱
B24083,2014-12-19,36.78190612792969,英鎊,霸菱東歐基金-A類英鎊配息型,yfinance,未分類,新興歐洲,B0149 霸菱投顧,霸菱
B24083,2014-12-22,37.957462310791016,英鎊,霸菱東歐基金-A類英鎊配息型,yfinance,未分類,新興歐洲,B0149 霸菱投顧,霸菱
B24083,2014-12-23,38.14904022216797,英鎊,霸菱東歐基金-A類英鎊配息型,yfinance,未分類,新興歐洲,B0149 霸菱投顧,霸菱
B24083,2014-12-24,37.809425354003906,英鎊,霸菱東歐基金-A類英鎊配息型,yfinance,未分類,新興歐洲,B0149 霸菱投顧,霸菱
B24083,2014-12-30,36.88639831542969,英鎊,霸菱東歐基金-A類英鎊配息型,yfinance,未分類,新興歐洲,B0149 霸菱投顧,霸菱
B24083,2014-12-31,36.816741943359375,英鎊,霸菱東歐基金-A類英鎊配息型,yfinance,未分類,新興歐洲,B0149 霸菱投顧,霸菱
B3oH3Kf,2014-01-02,7.028077125549316,英鎊,景順英國動力基金A-年配息股 英鎊,yfinance,未分類,英國,A0006 景順投信,景順
B3oH3Kf,2014-01-03,7.0538225173950195,英鎊,景順英國動力基金A-年配息股 英鎊,yfinance,未分類,英國,A0006 景順投信,景順
B3oH3Kf,2014-01-06,7.0881476402282715,英鎊,景順英國動力基金A-年配息股 英鎊,yfinance,未分類,英國,A0006 景順投信,景順
B3oH3Kf,2014-01-07,7.096729278564453,英鎊,景順英國動力基金A-年配息股 英鎊,yfinance,未分類,英國,A0006 景順投信,景順
B3oH3Kf,2014-01-08,7.0881476402282715,英鎊,景順英國動力基金A-年配息股 英鎊,yfinance,未分類,英國,A0006 景順投信,景順
B3oH3Kf,2014-01-09,7.062402725219727,英鎊,景順英國動力基金A-年配息股 英鎊,yfinance,未分類,英國,A0006 景順投信,景順
B3oH3Kf,2014-01-10,7.139634609222412,英鎊,景順英國動力基金A-年配息股 英鎊,yfinance,未分類,英國,A0006 景順投信,景順
B3oH3Kf,2014-01-13,7.1482157707214355,英鎊,景順英國動力基金A-年配息股 英鎊,yfinance,未分類,英國,A0006 景順投信,景順
B3oH3Kf,2014-01-14,7.122473239898682,英鎊,景順英國動力基金A-年配息股 英鎊,yfinance,未分類,英國,A0006 景順投信,景順
B3oH3Kf,2014-01-15,7.18254280090332,英鎊,景順英國動力基金A-年配息股 英鎊,yfinance,未分類,英國,A0006 景順投信,景順
B3oH3Kf,2014-01-16,7.225448131561279,英鎊,景順英國動力基金A-年配息股 英鎊,yfinance,未分類,英國,A0006 景順投信,景順
B3oH3Kf,2014-01-17,7.225448131561279,英鎊,景順英國動力基金A-年配息股 英鎊,yfinance,未分類,英國,A0006 景順投信,景順
B3oH3Kf,2014-01-20,7.216866493225098,英鎊,景順英國動力基金A-年配息股 英鎊,yfinance,未分類,英國,A0006 景順投信,景順
B3oH3Kf,2014-01-21,7.199704170227051,英鎊,景順英國動力基金A-年配息股 英鎊,yfinance,未分類,英國,A0006 景順投信,景順
B3oH3Kf,2014-01-22,7.18254280090332,英鎊,景順英國動力基金A-年配息股 英鎊,yfinance,未分類,英國,A0006 景順投信,景順
B3oH3Kf,2014-01-23,7.156798362731934,英鎊,景順英國動力基金A-年配息股 英鎊,yfinance,未分類,英國,A0006 景順投信,景順
B3oH3Kf,2014-01-24,7.04524040222168,英鎊,景順英國動力基金A-年配息股 英鎊,yfinance,未分類,英國,A0006 景順投信,景順
B3oH3Kf,2014-01-27,6.873615264892578,英鎊,景順英國動力基金A-年配息股 英鎊,yfinance,未分類,英國,A0006 景順投信,景順
B3oH3Kf,2014-01-28,6.942265510559082,英鎊,景順英國動力基金A-年配息股 英鎊,yfinance,未分類,英國,A0006 景順投信,景順
B3oH3Kf,2014-01-29,6.968008995056152,英鎊,景順英國動力基金A-年配息股 英鎊,yfinance,未分類,英國,A0006 景順投信,景順
B3oH3Kf,2014-01-30,6.916522026062012,英鎊,景順英國動力基金A-年配息股 英鎊,yfinance,未分類,英國,A0006 景順投信,景順
B3oH3Kf,2014-01-31,6.839289665222168,英鎊,景順英國動力基金A-年配息股 英鎊,yfinance,未分類,英國,A0006 景順投信,景順
B3oH3Kf,2014-02-03,6.856451988220215,英鎊,景順英國動力基金A-年配息股 英鎊,yfinance,未分類,英國,A0006 景順投信,景順
B3oH3Kf,2014-02-04,6.770638942718506,英鎊,景順英國動力基金A-年配息股 英鎊,yfinance,未分類,英國,A0006 景順投信,景順
B3oH3Kf,2014-02-05,6.839289665222168,英鎊,景順英國動力基金A-年配息股 英鎊,yfinance,未分類,英國,A0006 景順投信,景順
B3oH3Kf,2014-02-06,6.890777587890625,英鎊,景順英國動力基金A-年配息股 英鎊,yfinance,未分類,英國,A0006 景順投信,景順
B3oH3Kf,2014-02-07,6.950847625732422,英鎊,景順英國動力基金A-年配息股 英鎊,yfinance,未分類,英國,A0006 景順投信,景順
B3oH3Kf,2014-02-10,6.907939910888672,英鎊,景順英國動力基金A-年配息股 英鎊,yfinance,未分類,英國,A0006 景順投信,景順
B3oH3Kf,2014-02-11,6.985173225402832,英鎊,景順英國動力基金A-年配息股 英鎊,yfinance,未分類,英國,A0006 景順投信,景順
B3oH3Kf,2014-02-12,7.028077125549316,英鎊,景順英國動力基金A-年配息股 英鎊,yfinance,未分類,英國,A0006 景順投信,景順
B3oH3Kf,2014-02-13,6.985173225402832,英鎊,景順英國動力基金A-年配息股 英鎊,yfinance,未分類,英國,A0006 景順投信,景順
B3oH3Kf,2014-02-14,7.0881476402282715,英鎊,景順英國動力基金A-年配息股 英鎊,yfinance,未分類,英國,A0006 景順投信,景順
B3oH3Kf,2014-02-17,7.096729278564453,英鎊,景順英國動力基金A-年配息股 英鎊,yfinance,未分類,英國,A0006 景順投信,景順
B3oH3Kf,2014-02-18,7.156798362731934,英鎊,景順英國動力基金A-年配息股 英鎊,yfinance,未分類,英國,A0006 景順投信,景順
B3oH3Kf,2014-02-19,7.173959732055664,英鎊,景順英國動力基金A-年配息股 英鎊,yfinance,未分類,英國,A0006 景順投信,景順
B3oH3Kf,2014-02-20,7.0881476402282715,英鎊,景順英國動力基金A-年配息股 英鎊,yfinance,未分類,英國,A0006 景順投信,景順
B3oH3Kf,2014-02-21,7.191122531890869,英鎊,景順英國動力基金A-年配息股 英鎊,yfinance,未分類,英國,A0006 景順投信,景順
B3oH3Kf,2014-02-24,7.191122531890869,英鎊,景順英國動力基金A-年配息股 英鎊,yfinance,未分類,英國,A0006 景順投信,景順
B3oH3Kf,2014-02-25,7.173959732055664,英鎊,景順英國動力基金A-年配息股 英鎊,yfinance,未分類,英國,A0006 景順投信,景順
B3oH3Kf,2014-02-26,7.0881476402282715,英鎊,景順英國動力基金A-年配息股 英鎊,yfinance,未分類,英國,A0006 景順投信,景順
B3oH3Kf,2014-02-27,7.105309009552002,英鎊,景順英國動力基金A-年配息股 英鎊,yfinance,未分類,英國,A0006 景順投信,景順
B3oH3Kf,2014-02-28,7.18254280090332,英鎊,景順英國動力基金A-年配息股 英鎊,yfinance,未分類,英國,A0006 景順投信,景順
B3oH3Kf,2014-03-03,7.0023345947265625,英鎊,景順英國動力基金A-年配息股 英鎊,yfinance,未分類,英國,A0006 景順投信,景順
B3oH3Kf,2014-03-04,7.173959732055664,英鎊,景順英國動力基金A-年配息股 英鎊,yfinance,未分類,英國,A0006 景順投信,景順
B3oH3Kf,2014-03-05,7.131053924560547,英鎊,景順英國動力基金A-年配息股 英鎊,yfinance,未分類,英國,A0006 景順投信,景順
B3oH3Kf,2014-03-06,7.139634609222412,英鎊,景順英國動力基金A-年配息股 英鎊,yfinance,未分類,英國,A0006 景順投信,景順
B3oH3Kf,2014-03-07,7.139634609222412,英鎊,景順英國動力基金A-年配息股 英鎊,yfinance,未分類,英國,A0006 景順投信,景順
B3oH3Kf,2014-03-10,7.0881476402282715,英鎊,景順英國動力基金A-年配息股 英鎊,yfinance,未分類,英國,A0006 景順投信,景順
B3oH3Kf,2014-03-11,7.036660194396973,英鎊,景順英國動力基金A-年配息股 英鎊,yfinance,未分類,英國,A0006 景順投信,景順
B3oH3Kf,2014-03-12,6.993752479553223,英鎊,景順英國動力基金A-年配息股 英鎊,yfinance,未分類,英國,A0006 景順投信,景順
B3oH3Kf,2014-03-13,6.925102710723877,英鎊,景順英國動力基金A-年配息股 英鎊,yfinance,未分類,英國,A0006 景順投信,景順
B3oH3Kf,2014-03-14,6.882196426391602,英鎊,景順英國動力基金A-年配息股 英鎊,yfinance,未分類,英國,A0006 景順投信,景順
B3oH3Kf,2014-03-18,6.950847625732422,英鎊,景順英國動力基金A-年配息股 英鎊,yfinance,未分類,英國,A0006 景順投信,景順
B3oH3Kf,2014-03-19,6.993752479553223,英鎊,景順英國動力基金A-年配息股 英鎊,yfinance,未分類,英國,A0006 景順投信,景順
B3oH3Kf,2014-03-20,6.873615264892578,英鎊,景順英國動力基金A-年配息股 英鎊,yfinance,未分類,英國,A0006 景順投信,景順
B3oH3Kf,2014-03-21,6.890777587890625,英鎊,景順英國動力基金A-年配息股 英鎊,yfinance,未分類,英國,A0006 景順投信,景順
B3oH3Kf,2014-03-24,6.839289665222168,英鎊,景順英國動力基金A-年配息股 英鎊,yfinance,未分類,英國,A0006 景順投信,景順
B3oH3Kf,2014-03-25,6.890777587890625,英鎊,景順英國動力基金A-年配息股 英鎊,yfinance,未分類,英國,A0006 景順投信,景順
B3oH3Kf,2014-03-26,6.942265510559082,英鎊,景順英國動力基金A-年配息股 英鎊,yfinance,未分類,英國,A0006 景順投信,景順
B3oH3Kf,2014-03-27,6.899358749389648,英鎊,景順英國動力基金A-年配息股 英鎊,yfinance,未分類,英國,A0006 景順投信,景順
B3oH3Kf,2014-03-28,6.856451988220215,英鎊,景順英國動力基金A-年配息股 英鎊,yfinance,未分類,英國,A0006 景順投信,景順
B3oH3Kf,2014-03-31,6.907939910888672,英鎊,景順英國動力基金A-年配息股 英鎊,yfinance,未分類,英國,A0006 景順投信,景順
B3oH3Kf,2014-04-01,6.942265510559082,英鎊,景順英國動力基金A-年配息股 英鎊,yfinance,未分類,英國,A0006 景順投信,景順
B3oH3Kf,2014-04-02,6.985173225402832,英鎊,景順英國動力基金A-年配息股 英鎊,yfinance,未分類,英國,A0006 景順投信,景順
B3oH3Kf,2014-04-03,6.968008995056152,英鎊,景順英國動力基金A-年配息股 英鎊,yfinance,未分類,英國,A0006 景順投信,景順
B3oH3Kf,2014-04-04,6.993752479553223,英鎊,景順英國動力基金A-年配息股 英鎊,yfinance,未分類,英國,A0006 景順投信,景順
B3oH3Kf,2014-04-07,6.925102710723877,英鎊,景順英國動力基金A-年配息股 英鎊,yfinance,未分類,英國,A0006 景順投信,景順
B3oH3Kf,2014-04-08,6.770638942718506,英鎊,景順英國動力基金A-年配息股 英鎊,yfinance,未分類,英國,A0006 景順投信,景順
B3oH3Kf,2014-04-09,6.873615264892578,英鎊,景順英國動力基金A-年配息股 英鎊,yfinance,未分類,英國,A0006 景順投信,景順
B3oH3Kf,2014-04-10,6.839289665222168,英鎊,景順英國動力基金A-年配息股 英鎊,yfinance,未分類,英國,A0006 景順投信,景順
B3oH3Kf,2014-04-11,6.719151496887207,英鎊,景順英國動力基金A-年配息股 英鎊,yfinance,未分類,英國,A0006 景順投信,景順
B3oH3Kf,2014-04-14,6.684825897216797,英鎊,景順英國動力基金A-年配息股 英鎊,yfinance,未分類,英國,A0006 景順投信,景順
B3oH3Kf,2014-04-15,6.684825897216797,英鎊,景順英國動力基金A-年配息股 英鎊,yfinance,未分類,英國,A0006 景順投信,景順
B3oH3Kf,2014-04-16,6.710570335388184,英鎊,景順英國動力基金A-年配息股 英鎊,yfinance,未分類,英國,A0006 景順投信,景順
B3oH3Kf,2014-04-17,6.779221057891846,英鎊,景順英國動力基金A-年配息股 英鎊,yfinance,未分類,英國,A0006 景順投信,景順
B3oH3Kf,2014-04-22,6.839289665222168,英鎊,景順英國動力基金A-年配息股 英鎊,yfinance,未分類,英國,A0006 景順投信,景順
B3oH3Kf,2014-04-23,6.856451988220215,英鎊,景順英國動力基金A-年配息股 英鎊,yfinance,未分類,英國,A0006 景順投信,景順
B3oH3Kf,2014-04-24,6.890777587890625,英鎊,景順英國動力基金A-年配息股 英鎊,yfinance,未分類,英國,A0006 景順投信,景順
B3oH3Kf,2014-04-25,6.847870826721191,英鎊,景順英國動力基金A-年配息股 英鎊,yfinance,未分類,英國,A0006 景順投信,景順
B3oH3Kf,2014-04-28,6.8307085037231445,英鎊,景順英國動力基金A-年配息股 英鎊,yfinance,未分類,英國,A0006 景順投信,景順
B3oH3Kf,2014-04-29,6.856451988220215,英鎊,景順英國動力基金A-年配息股 英鎊,yfinance,未分類,英國,A0006 景順投信,景順
B3oH3Kf,2014-04-30,6.804964542388916,英鎊,景順英國動力基金A-年配息股 英鎊,yfinance,未分類,英國,A0006 景順投信,景順
B3oH3Kf,2014-05-01,6.822126865386963,英鎊,景順英國動力基金A-年配息股 英鎊,yfinance,未分類,英國,A0006 景順投信,景順
B3oH3Kf,2014-05-02,6.899358749389648,英鎊,景順英國動力基金A-年配息股 英鎊,yfinance,未分類,英國,A0006 景順投信,景順
B3oH3Kf,2014-05-06,6.8650336265563965,英鎊,景順英國動力基金A-年配息股 英鎊,yfinance,未分類,英國,A0006 景順投信,景順
B3oH3Kf,2014-05-07,6.856451988220215,英鎊,景順英國動力基金A-年配息股 英鎊,yfinance,未分類,英國,A0006 景順投信,景順
B3oH3Kf,2014-05-08,6.839289665222168,英鎊,景順英國動力基金A-年配息股 英鎊,yfinance,未分類,英國,A0006 景順投信,景順
B3oH3Kf,2014-05-09,6.8650336265563965,英鎊,景順英國動力基金A-年配息股 英鎊,yfinance,未分類,英國,A0006 景順投信,景順
B3oH3Kf,2014-05-12,6.890777587890625,英鎊,景順英國動力基金A-年配息股 英鎊,yfinance,未分類,英國,A0006 景順投信,景順
B3oH3Kf,2014-05-13,6.907939910888672,英鎊,景順英國動力基金A-年配息股 英鎊,yfinance,未分類,英國,A0006 景順投信,景順
B3oH3Kf,2014-05-14,6.8650336265563965,英鎊,景順英國動力基金A-年配息股 英鎊,yfinance,未分類,英國,A0006 景順投信,景順
B3oH3Kf,2014-05-15,6.847870826721191,英鎊,景順英國動力基金A-年配息股 英鎊,yfinance,未分類,英國,A0006 景順投信,景順
B3oH3Kf,2014-05-16,6.7277326583862305,英鎊,景順英國動力基金A-年配息股 英鎊,yfinance,未分類,英國,A0006 景順投信,景順
B3oH3Kf,2014-05-19,6.719151496887207,英鎊,景順英國動力基金A-年配息股 英鎊,yfinance,未分類,英國,A0006 景順投信,景順
B3oH3Kf,2014-05-20,6.7277326583862305,英鎊,景順英國動力基金A-年配息股 英鎊,yfinance,未分類,英國,A0006 景順投信,景順
B3oH3Kf,2014-05-21,6.7277326583862305,英鎊,景順英國動力基金A-年配息股 英鎊,yfinance,未分類,英國,A0006 景順投信,景順
B3oH3Kf,2014-05-22,6.813545227050781,英鎊,景順英國動力基金A-年配息股 英鎊,yfinance,未分類,英國,A0006 景順投信,景順
B3oH3Kf,2014-05-23,6.779221057891846,英鎊,景順英國動力基金A-年配息股 英鎊,yfinance,未分類,英國,A0006 景順投信,景順
B3oH3Kf,2014-05-27,6.847870826721191,英鎊,景順英國動力基金A-年配息股 英鎊,yfinance,未分類,英國,A0006 景順投信,景順
B3oH3Kf,2014-05-28,6.925102710723877,英鎊,景順英國動力基金A-年配息股 英鎊,yfinance,未分類,英國,A0006 景順投信,景順
B3oH3Kf,2014-05-29,6.899358749389648,英鎊,景順英國動力基金A-年配息股 英鎊,yfinance,未分類,英國,A0006 景順投信,景順
B3oH3Kf,2014-05-30,6.933683395385742,英鎊,景順英國動力基金A-年配息股 英鎊,yfinance,未分類,英國,A0006 景順投信,景順
B3oH3Kf,2014-06-02,6.933683395385742,英鎊,景順英國動力基金A-年配息股 英鎊,yfinance,未分類,英國,A0006 景順投信,景順
B3oH3Kf,2014-06-03,6.907939910888672,英鎊,景順英國動力基金A-年配息股 英鎊,yfinance,未分類,英國,A0006 景順投信,景順
B3oH3Kf,2014-06-04,6.8650336265563965,英鎊,景順英國動力基金A-年配息股 英鎊,yfinance,未分類,英國,A0006 景順投信,景順
B3oH3Kf,2014-06-05,6.847870826721191,英鎊,景順英國動力基金A-年配息股 英鎊,yfinance,未分類,英國,A0006 景順投信,景順
B3oH3Kf,2014-06-06,6.907939910888672,英鎊,景順英國動力基金A-年配息股 英鎊,yfinance,未分類,英國,A0006 景順投信,景順
B3oH3Kf,2014-06-09,6.950847625732422,英鎊,景順英國動力基金A-年配息股 英鎊,yfinance,未分類,英國,A0006 景順投信,景順
B3oH3Kf,2014-06-10,6.925102710723877,英鎊,景順英國動力基金A-年配息股 英鎊,yfinance,未分類,英國,A0006 景順投信,景順
B3oH3Kf,2014-06-11,6.899358749389648,英鎊,景順英國動力基金A-年配息股 英鎊,yfinance,未分類,英國,A0006 景順投信,景順
B3oH3Kf,2014-06-12,6.907939910888672,英鎊,景順英國動力基金A-年配息股 英鎊,yfinance,未分類,英國,A0006 景順投信,景順
B3oH3Kf,2014-06-13,6.787802696228027,英鎊,景順英國動力基金A-年配息股 英鎊,yfinance,未分類,英國,A0006 景順投信,景順
B3oH3Kf,2014-06-16,6.762058258056641,英鎊,景順英國動力基金A-年配息股 英鎊,yfinance,未分類,英國,A0006 景順投信,景順
B3oH3Kf,2014-06-17,6.753477096557617,英鎊,景順英國動力基金A-年配息股 英鎊,yfinance,未分類,英國,A0006 景順投信,景順
B3oH3Kf,2014-06-18,6.753477096557617,英鎊,景順英國動力基金A-年配息股 英鎊,yfinance,未分類,英國,A0006 景順投信,景順
B3oH3Kf,2014-06-19,6.813545227050781,英鎊,景順英國動力基金A-年配息股 英鎊,yfinance,未分類,英國,A0006 景順投信,景順
B3oH3Kf,2014-06-20,6.813545227050781,英鎊,景順英國動力基金A-年配息股 英鎊,yfinance,未分類,英國,A0006 景順投信,景順
B3oH3Kf,2014-06-23,6.787802696228027,英鎊,景順英國動力基金A-年配息股 英鎊,yfinance,未分類,英國,A0006 景順投信,景順
B3oH3Kf,2014-06-24,6.753477096557617,英鎊,景順英國動力基金A-年配息股 英鎊,yfinance,未分類,英國,A0006 景順投信,景順
B3oH3Kf,2014-06-25,6.710570335388184,英鎊,景順英國動力基金A-年配息股 英鎊,yfinance,未分類,英國,A0006 景順投信,景順
B3oH3Kf,2014-06-26,6.736314296722412,英鎊,景順英國動力基金A-年配息股 英鎊,yfinance,未分類,英國,A0006 景順投信,景順
B3oH3Kf,2014-06-27,6.770638942718506,英鎊,景順英國動力基金A-年配息股 英鎊,yfinance,未分類,英國,A0006 景順投信,景順
B3oH3Kf,2014-06-30,6.779221057891846,英鎊,景順英國動力基金A-年配息股 英鎊,yfinance,未分類,英國,A0006 景順投信,景順
B3oH3Kf,2014-07-01,6.822126865386963,英鎊,景順英國動力基金A-年配息股 英鎊,yfinance,未分類,英國,A0006 景順投信,景順
B3oH3Kf,2014-07-02,6.873615264892578,英鎊,景順英國動力基金A-年配息股 英鎊,yfinance,未分類,英國,A0006 景順投信,景順
B3oH3Kf,2014-07-03,6.890777587890625,英鎊,景順英國動力基金A-年配息股 英鎊,yfinance,未分類,英國,A0006 景順投信,景順
B3oH3Kf,2014-07-04,6.907939910888672,英鎊,景順英國動力基金A-年配息股 英鎊,yfinance,未分類,英國,A0006 景順投信,景順
B3oH3Kf,2014-07-07,6.882196426391602,英鎊,景順英國動力基金A-年配息股 英鎊,yfinance,未分類,英國,A0006 景順投信,景順
B3oH3Kf,2014-07-08,6.822126865386963,英鎊,景順英國動力基金A-年配息股 英鎊,yfinance,未分類,英國,A0006 景順投信,景順
B3oH3Kf,2014-07-09,6.736314296722412,英鎊,景順英國動力基金A-年配息股 英鎊,yfinance,未分類,英國,A0006 景順投信,景順
B3oH3Kf,2014-07-10,6.684825897216797,英鎊,景順英國動力基金A-年配息股 英鎊,yfinance,未分類,英國,A0006 景順投信,景順
B3oH3Kf,2014-07-11,6.719151496887207,英鎊,景順英國動力基金A-年配息股 英鎊,yfinance,未分類,英國,A0006 景順投信,景順
B3oH3Kf,2014-07-14,6.753477096557617,英鎊,景順英國動力基金A-年配息股 英鎊,yfinance,未分類,英國,A0006 景順投信,景順
B3oH3Kf,2014-07-15,6.753477096557617,英鎊,景順英國動力基金A-年配息股 英鎊,yfinance,未分類,英國,A0006 景順投信,景順
B3oH3Kf,2014-07-16,6.813545227050781,英鎊,景順英國動力基金A-年配息股 英鎊,yfinance,未分類,英國,A0006 景順投信,景順
B3oH3Kf,2014-07-17,6.770638942718506,英鎊,景順英國動力基金A-年配息股 英鎊,yfinance,未分類,英國,A0006 景順投信,景順
B3oH3Kf,2014-07-18,6.7277326583862305,英鎊,景順英國動力基金A-年配息股 英鎊,yfinance,未分類,英國,A0006 景順投信,景順
B3oH3Kf,2014-07-21,6.744895935058594,英鎊,景順英國動力基金A-年配息股 英鎊,yfinance,未分類,英國,A0006 景順投信,景順
B3oH3Kf,2014-07-22,6.796383380889893,英鎊,景順英國動力基金A-年配息股 英鎊,yfinance,未分類,英國,A0006 景順投信,景順
B3oH3Kf,2014-07-23,6.839289665222168,英鎊,景順英國動力基金A-年配息股 英鎊,yfinance,未分類,英國,A0006 景順投信,景順
B3oH3Kf,2014-07-24,6.8650336265563965,英鎊,景順英國動力基金A-年配息股 英鎊,yfinance,未分類,英國,A0006 景順投信,景順
B3oH3Kf,2014-07-25,6.8650336265563965,英鎊,景順英國動力基金A-年配息股 英鎊,yfinance,未分類,英國,A0006 景順投信,景順
B3oH3Kf,2014-07-28,6.839289665222168,英鎊,景順英國動力基金A-年配息股 英鎊,yfinance,未分類,英國,A0006 景順投信,景順
B3oH3Kf,2014-07-29,6.873615264892578,英鎊,景順英國動力基金A-年配息股 英鎊,yfinance,未分類,英國,A0006 景順投信,景順
B3oH3Kf,2014-07-30,6.856451988220215,英鎊,景順英國動力基金A-年配息股 英鎊,yfinance,未分類,英國,A0006 景順投信,景順
B3oH3Kf,2014-07-31,6.804964542388916,英鎊,景順英國動力基金A-年配息股 英鎊,yfinance,未分類,英國,A0006 景順投信,景順
B3oH3Kf,2014-08-01,6.693408489227295,英鎊,景順英國動力基金A-年配息股 英鎊,yfinance,未分類,英國,A0006 景順投信,景順
B3oH3Kf,2014-08-04,6.693408489227295,英鎊,景順英國動力基金A-年配息股 英鎊,yfinance,未分類,英國,A0006 景順投信,景順
B3oH3Kf,2014-08-05,6.744895935058594,英鎊,景順英國動力基金A-年配息股 英鎊,yfinance,未分類,英國,A0006 景順投信,景順
B3oH3Kf,2014-08-06,6.67624568939209,英鎊,景順英國動力基金A-年配息股 英鎊,yfinance,未分類,英國,A0006 景順投信,景順
B3oH3Kf,2014-08-07,6.70198917388916,英鎊,景順英國動力基金A-年配息股 英鎊,yfinance,未分類,英國,A0006 景順投信,景順
B3oH3Kf,2014-08-08,6.650501728057861,英鎊,景順英國動力基金A-年配息股 英鎊,yfinance,未分類,英國,A0006 景順投信,景順
B3oH3Kf,2014-08-11,6.710570335388184,英鎊,景順英國動力基金A-年配息股 英鎊,yfinance,未分類,英國,A0006 景順投信,景順
B3oH3Kf,2014-08-12,6.7277326583862305,英鎊,景順英國動力基金A-年配息股 英鎊,yfinance,未分類,英國,A0006 景順投信,景順
B3oH3Kf,2014-08-13,6.762058258056641,英鎊,景順英國動力基金A-年配息股 英鎊,yfinance,未分類,英國,A0006 景順投信,景順
B3oH3Kf,2014-08-14,6.787802696228027,英鎊,景順英國動力基金A-年配息股 英鎊,yfinance,未分類,英國,A0006 景順投信,景順
B3oH3Kf,2014-08-15,6.839289665222168,英鎊,景順英國動力基金A-年配息股 英鎊,yfinance,未分類,英國,A0006 景順投信,景順
B3oH3Kf,2014-08-18,6.839289665222168,英鎊,景順英國動力基金A-年配息股 英鎊,yfinance,未分類,英國,A0006 景順投信,景順
B3oH3Kf,2014-08-19,6.873615264892578,英鎊,景順英國動力基金A-年配息股 英鎊,yfinance,未分類,英國,A0006 景順投信,景順
B3oH3Kf,2014-08-20,6.8650336265563965,英鎊,景順英國動力基金A-年配息股 英鎊,yfinance,未分類,英國,A0006 景順投信,景順
B3oH3Kf,2014-08-21,6.8650336265563965,英鎊,景順英國動力基金A-年配息股 英鎊,yfinance,未分類,英國,A0006 景順投信,景順
B3oH3Kf,2014-08-22,6.873615264892578,英鎊,景順英國動力基金A-年配息股 英鎊,yfinance,未分類,英國,A0006 景順投信,景順
B3oH3Kf,2014-08-26,6.899358749389648,英鎊,景順英國動力基金A-年配息股 英鎊,yfinance,未分類,英國,A0006 景順投信,景順
B3oH3Kf,2014-08-27,6.950847625732422,英鎊,景順英國動力基金A-年配息股 英鎊,yfinance,未分類,英國,A0006 景順投信,景順
B3oH3Kf,2014-08-28,6.890777587890625,英鎊,景順英國動力基金A-年配息股 英鎊,yfinance,未分類,英國,A0006 景順投信,景順
B3oH3Kf,2014-08-29,6.899358749389648,英鎊,景順英國動力基金A-年配息股 英鎊,yfinance,未分類,英國,A0006 景順投信,景順
B3oH3Kf,2014-09-01,6.925102710723877,英鎊,景順英國動力基金A-年配息股 英鎊,yfinance,未分類,英國,A0006 景順投信,景順
B3oH3Kf,2014-09-02,6.942265510559082,英鎊,景順英國動力基金A-年配息股 英鎊,yfinance,未分類,英國,A0006 景順投信,景順
B3oH3Kf,2014-09-03,6.985173225402832,英鎊,景順英國動力基金A-年配息股 英鎊,yfinance,未分類,英國,A0006 景順投信,景順
B3oH3Kf,2014-09-04,6.976590156555176,英鎊,景順英國動力基金A-年配息股 英鎊,yfinance,未分類,英國,A0006 景順投信,景順
B3oH3Kf,2014-09-05,6.925102710723877,英鎊,景順英國動力基金A-年配息股 英鎊,yfinance,未分類,英國,A0006 景順投信,景順
B3oH3Kf,2014-09-08,6.8650336265563965,英鎊,景順英國動力基金A-年配息股 英鎊,yfinance,未分類,英國,A0006 景順投信,景順
B3oH3Kf,2014-09-09,6.890777587890625,英鎊,景順英國動力基金A-年配息股 英鎊,yfinance,未分類,英國,A0006 景順投信,景順
B3oH3Kf,2014-09-10,6.899358749389648,英鎊,景順英國動力基金A-年配息股 英鎊,yfinance,未分類,英國,A0006 景順投信,景順
B3oH3Kf,2014-09-11,6.856451988220215,英鎊,景順英國動力基金A-年配息股 英鎊,yfinance,未分類,英國,A0006 景順投信,景順
B3oH3Kf,2014-09-12,6.8650336265563965,英鎊,景順英國動力基金A-年配息股 英鎊,yfinance,未分類,英國,A0006 景順投信,景順
B3oH3Kf,2014-09-15,6.839289665222168,英鎊,景順英國動力基金A-年配息股 英鎊,yfinance,未分類,英國,A0006 景順投信,景順
B3oH3Kf,2014-09-16,6.779221057891846,英鎊,景順英國動力基金A-年配息股 英鎊,yfinance,未分類,英國,A0006 景順投信,景順
B3oH3Kf,2014-09-17,6.839289665222168,英鎊,景順英國動力基金A-年配息股 英鎊,yfinance,未分類,英國,A0006 景順投信,景順
B3oH3Kf,2014-09-18,6.856451988220215,英鎊,景順英國動力基金A-年配息股 英鎊,yfinance,未分類,英國,A0006 景順投信,景順
B3oH3Kf,2014-09-19,6.942265510559082,英鎊,景順英國動力基金A-年配息股 英鎊,yfinance,未分類,英國,A0006 景順投信,景順
B3oH3Kf,2014-09-22,6.856451988220215,英鎊,景順英國動力基金A-年配息股 英鎊,yfinance,未分類,英國,A0006 景順投信,景順
B3oH3Kf,2014-09-23,6.779221057891846,英鎊,景順英國動力基金A-年配息股 英鎊,yfinance,未分類,英國,A0006 景順投信,景順
B3oH3Kf,2014-09-24,6.762058258056641,英鎊,景順英國動力基金A-年配息股 英鎊,yfinance,未分類,英國,A0006 景順投信,景順
B3oH3Kf,2014-09-25,6.787802696228027,英鎊,景順英國動力基金A-年配息股 英鎊,yfinance,未分類,英國,A0006 景順投信,景順
B3oH3Kf,2014-09-26,6.753477096557617,英鎊,景順英國動力基金A-年配息股 英鎊,yfinance,未分類,英國,A0006 景順投信,景順
B3oH3Kf,2014-09-29,6.7277326583862305,英鎊,景順英國動力基金A-年配息股 英鎊,yfinance,未分類,英國,A0006 景順投信,景順
B3oH3Kf,2014-09-30,6.7277326583862305,英鎊,景順英國動力基金A-年配息股 英鎊,yfinance,未分類,英國,A0006 景順投信,景順
B3oH3Kf,2014-10-01,6.667664051055908,英鎊,景順英國動力基金A-年配息股 英鎊,yfinance,未分類,英國,A0006 景順投信,景順
B3oH3Kf,2014-10-02,6.599013328552246,英鎊,景順英國動力基金A-年配息股 英鎊,yfinance,未分類,英國,A0006 景順投信,景順
B3oH3Kf,2014-10-03,6.590432643890381,英鎊,景順英國動力基金A-年配息股 英鎊,yfinance,未分類,英國,A0006 景順投信,景順
B3oH3Kf,2014-10-06,6.633338451385498,英鎊,景順英國動力基金A-年配息股 英鎊,yfinance,未分類,英國,A0006 景順投信,景順
B3oH3Kf,2014-10-07,6.581851005554199,英鎊,景順英國動力基金A-年配息股 英鎊,yfinance,未分類,英國,A0006 景順投信,景順
B3oH3Kf,2014-10-08,6.5217814445495605,英鎊,景順英國動力基金A-年配息股 英鎊,yfinance,未分類,英國,A0006 景順投信,景順
B3oH3Kf,2014-10-09,6.487456798553467,英鎊,景順英國動力基金A-年配息股 英鎊,yfinance,未分類,英國,A0006 景順投信,景順
B3oH3Kf,2014-10-10,6.358737945556641,英鎊,景順英國動力基金A-年配息股 英鎊,yfinance,未分類,英國,A0006 景順投信,景順
B3oH3Kf,2014-10-13,6.384481430053711,英鎊,景順英國動力基金A-年配息股 英鎊,yfinance,未分類,英國,A0006 景順投信,景順
B3oH3Kf,2014-10-14,6.358737945556641,英鎊,景順英國動力基金A-年配息股 英鎊,yfinance,未分類,英國,A0006 景順投信,景順
B3oH3Kf,2014-10-15,6.4016432762146,英鎊,景順英國動力基金A-年配息股 英鎊,yfinance,未分類,英國,A0006 景順投信,景順
B3oH3Kf,2014-10-16,6.195692539215088,英鎊,景順英國動力基金A-年配息股 英鎊,yfinance,未分類,英國,A0006 景順投信,景順
B3oH3Kf,2014-10-17,6.298668384552002,英鎊,景順英國動力基金A-年配息股 英鎊,yfinance,未分類,英國,A0006 景順投信,景順
B3oH3Kf,2014-10-20,6.332993984222412,英鎊,景順英國動力基金A-年配息股 英鎊,yfinance,未分類,英國,A0006 景順投信,景順
B3oH3Kf,2014-10-21,6.427387237548828,英鎊,景順英國動力基金A-年配息股 英鎊,yfinance,未分類,英國,A0006 景順投信,景順
B3oH3Kf,2014-10-22,6.496038436889648,英鎊,景順英國動力基金A-年配息股 英鎊,yfinance,未分類,英國,A0006 景順投信,景順
B3oH3Kf,2014-10-23,6.487456798553467,英鎊,景順英國動力基金A-年配息股 英鎊,yfinance,未分類,英國,A0006 景順投信,景順
B3oH3Kf,2014-10-24,6.530364036560059,英鎊,景順英國動力基金A-年配息股 英鎊,yfinance,未分類,英國,A0006 景順投信,景順
B3oH3Kf,2014-10-27,6.530364036560059,英鎊,景順英國動力基金A-年配息股 英鎊,yfinance,未分類,英國,A0006 景順投信,景順
B3oH3Kf,2014-10-28,6.538943767547607,英鎊,景順英國動力基金A-年配息股 英鎊,yfinance,未分類,英國,A0006 景順投信,景順
B3oH3Kf,2014-10-29,6.573269844055176,英鎊,景順英國動力基金A-年配息股 英鎊,yfinance,未分類,英國,A0006 景順投信,景順
B3oH3Kf,2014-10-30,6.5217814445495605,英鎊,景順英國動力基金A-年配息股 英鎊,yfinance,未分類,英國,A0006 景順投信,景順
B3oH3Kf,2014-10-31,6.684825897216797,英鎊,景順英國動力基金A-年配息股 英鎊,yfinance,未分類,英國,A0006 景順投信,景順
B3oH3Kf,2014-11-03,6.667664051055908,英鎊,景順英國動力基金A-年配息股 英鎊,yfinance,未分類,英國,A0006 景順投信,景順
B3oH3Kf,2014-11-04,6.650501728057861,英鎊,景順英國動力基金A-年配息股 英鎊,yfinance,未分類,英國,A0006 景順投信,景順
B3oH3Kf,2014-11-05,6.659082889556885,英鎊,景順英國動力基金A-年配息股 英鎊,yfinance,未分類,英國,A0006 景順投信,景順
B3oH3Kf,2014-11-06,6.684825897216797,英鎊,景順英國動力基金A-年配息股 英鎊,yfinance,未分類,英國,A0006 景順投信,景順
B3oH3Kf,2014-11-07,6.719151496887207,英鎊,景順英國動力基金A-年配息股 英鎊,yfinance,未分類,英國,A0006 景順投信,景順
B3oH3Kf,2014-11-10,6.70198917388916,英鎊,景順英國動力基金A-年配息股 英鎊,yfinance,未分類,英國,A0006 景順投信,景順
B3oH3Kf,2014-11-11,6.736314296722412,英鎊,景順英國動力基金A-年配息股 英鎊,yfinance,未分類,英國,A0006 景順投信,景順
B3oH3Kf,2014-11-12,6.7277326583862305,英鎊,景順英國動力基金A-年配息股 英鎊,yfinance,未分類,英國,A0006 景順投信,景順
B3oH3Kf,2014-11-13,6.753477096557617,英鎊,景順英國動力基金A-年配息股 英鎊,yfinance,未分類,英國,A0006 景順投信,景順
B3oH3Kf,2014-11-14,6.736314296722412,英鎊,景順英國動力基金A-年配息股 英鎊,yfinance,未分類,英國,A0006 景順投信,景順
B3oH3Kf,2014-11-17,6.770638942718506,英鎊,景順英國動力基金A-年配息股 英鎊,yfinance,未分類,英國,A0006 景順投信,景順
B3oH3Kf,2014-11-18,6.8307085037231445,英鎊,景順英國動力基金A-年配息股 英鎊,yfinance,未分類,英國,A0006 景順投信,景順
B3oH3Kf,2014-11-19,6.8307085037231445,英鎊,景順英國動力基金A-年配息股 英鎊,yfinance,未分類,英國,A0006 景順投信,景順
B3oH3Kf,2014-11-20,6.796383380889893,英鎊,景順英國動力基金A-年配息股 英鎊,yfinance,未分類,英國,A0006 景順投信,景順
B3oH3Kf,2014-11-21,6.873615264892578,英鎊,景順英國動力基金A-年配息股 英鎊,yfinance,未分類,英國,A0006 景順投信,景順
B3oH3Kf,2014-11-24,6.907939910888672,英鎊,景順英國動力基金A-年配息股 英鎊,yfinance,未分類,英國,A0006 景順投信,景順
B3oH3Kf,2014-11-25,6.950847625732422,英鎊,景順英國動力基金A-年配息股 英鎊,yfinance,未分類,英國,A0006 景順投信,景順
B3oH3Kf,2014-11-26,6.959427833557129,英鎊,景順英國動力基金A-年配息股 英鎊,yfinance,未分類,英國,A0006 景順投信,景順
B3oH3Kf,2014-11-27,6.959427833557129,英鎊,景順英國動力基金A-年配息股 英鎊,yfinance,未分類,英國,A0006 景順投信,景順
B3oH3Kf,2014-11-28,6.959427833557129,英鎊,景順英國動力基金A-年配息股 英鎊,yfinance,未分類,英國,A0006 景順投信,景順
B3oH3Kf,2014-12-01,6.959427833557129,英鎊,景順英國動力基金A-年配息股 英鎊,yfinance,未分類,英國,A0006 景順投信,景順
B3oH3Kf,2014-12-02,7.019496917724609,英鎊,景順英國動力基金A-年配息股 英鎊,yfinance,未分類,英國,A0006 景順投信,景順
B3oH3Kf,2014-12-03,7.010915756225586,英鎊,景順英國動力基金A-年配息股 英鎊,yfinance,未分類,英國,A0006 景順投信,景順
B3oH3Kf,2014-12-04,7.028077125549316,英鎊,景順英國動力基金A-年配息股 英鎊,yfinance,未分類,英國,A0006 景順投信,景順
B3oH3Kf,2014-12-05,7.04524040222168,英鎊,景順英國動力基金A-年配息股 英鎊,yfinance,未分類,英國,A0006 景順投信,景順
B3oH3Kf,2014-12-08,7.010915756225586,英鎊,景順英國動力基金A-年配息股 英鎊,yfinance,未分類,英國,A0006 景順投信,景順
B3oH3Kf,2014-12-09,6.925102710723877,英鎊,景順英國動力基金A-年配息股 英鎊,yfinance,未分類,英國,A0006 景順投信,景順
B3oH3Kf,2014-12-10,6.890777587890625,英鎊,景順英國動力基金A-年配息股 英鎊,yfinance,未分類,英國,A0006 景順投信,景順
B3oH3Kf,2014-12-11,6.796383380889893,英鎊,景順英國動力基金A-年配息股 英鎊,yfinance,未分類,英國,A0006 景順投信,景順
B3oH3Kf,2014-12-12,6.70198917388916,英鎊,景順英國動力基金A-年配息股 英鎊,yfinance,未分類,英國,A0006 景順投信,景順
B3oH3Kf,2014-12-15,6.67624568939209,英鎊,景順英國動力基金A-年配息股 英鎊,yfinance,未分類,英國,A0006 景順投信,景順
B3oH3Kf,2014-12-16,6.581851005554199,英鎊,景順英國動力基金A-年配息股 英鎊,yfinance,未分類,英國,A0006 景順投信,景順
B3oH3Kf,2014-12-17,6.633338451385498,英鎊,景順英國動力基金A-年配息股 英鎊,yfinance,未分類,英國,A0006 景順投信,景順
B3oH3Kf,2014-12-18,6.753477096557617,英鎊,景順英國動力基金A-年配息股 英鎊,yfinance,未分類,英國,A0006 景順投信,景順
B3oH3Kf,2014-12-19,6.8307085037231445,英鎊,景順英國動力基金A-年配息股 英鎊,yfinance,未分類,英國,A0006 景順投信,景順
B3oH3Kf,2014-12-22,6.907939910888672,英鎊,景順英國動力基金A-年配息股 英鎊,yfinance,未分類,英國,A0006 景順投信,景順
B3oH3Kf,2014-12-23,6.933683395385742,英鎊,景順英國動力基金A-年配息股 英鎊,yfinance,未分類,英國,A0006 景順投信,景順
B3oH3Kf,2014-12-29,6.942265510559082,英鎊,景順英國動力基金A-年配息股 英鎊,yfinance,未分類,英國,A0006 景順投信,景順
B3oH3Kf,2014-12-30,6.916522026062012,英鎊,景順英國動力基金A-年配息股 英鎊,yfinance,未分類,英國,A0006 景順投信,景順
B3oH3Kf,2014-12-31,6.916522026062012,英鎊,景順英國動力基金A-年配息股 英鎊,yfinance,未分類,英國,A0006 景順投信,景順
B23399,2014-01-02,4.929999828338623,英鎊,施羅德環球基金系列－英國股票(英鎊)C-累積,yfinance,股票型,英國,A0042 施羅德投信,施羅德
B23399,2014-01-03,4.949999809265137,英鎊,施羅德環球基金系列－英國股票(英鎊)C-累積,yfinance,股票型,英國,A0042 施羅德投信,施羅德
B23399,2014-01-06,5.0,英鎊,施羅德環球基金系列－英國股票(英鎊)C-累積,yfinance,股票型,英國,A0042 施羅德投信,施羅德
B23399,2014-01-07,4.980000019073486,英鎊,施羅德環球基金系列－英國股票(英鎊)C-累積,yfinance,股票型,英國,A0042 施羅德投信,施羅德
B23399,2014-01-08,4.980000019073486,英鎊,施羅德環球基金系列－英國股票(英鎊)C-累積,yfinance,股票型,英國,A0042 施羅德投信,施羅德
B23399,2014-01-09,5.03000020980835,英鎊,施羅德環球基金系列－英國股票(英鎊)C-累積,yfinance,股票型,英國,A0042 施羅德投信,施羅德
B23399,2014-01-10,5.010000228881836,英鎊,施羅德環球基金系列－英國股票(英鎊)C-累積,yfinance,股票型,英國,A0042 施羅德投信,施羅德
B23399,2014-01-13,5.059999942779541,英鎊,施羅德環球基金系列－英國股票(英鎊)C-累積,yfinance,股票型,英國,A0042 施羅德投信,施羅德
B23399,2014-01-14,5.079999923706055,英鎊,施羅德環球基金系列－英國股票(英鎊)C-累積,yfinance,股票型,英國,A0042 施羅德投信,施羅德
B23399,2014-01-15,5.090000152587891,英鎊,施羅德環球基金系列－英國股票(英鎊)C-累積,yfinance,股票型,英國,A0042 施羅德投信,施羅德
B23399,2014-01-16,5.110000133514404,英鎊,施羅德環球基金系列－英國股票(英鎊)C-累積,yfinance,股票型,英國,A0042 施羅德投信,施羅德
B23399,2014-01-17,5.070000171661377,英鎊,施羅德環球基金系列－英國股票(英鎊)C-累積,yfinance,股票型,英國,A0042 施羅德投信,施羅德
B23399,2014-01-20,5.079999923706055,英鎊,施羅德環球基金系列－英國股票(英鎊)C-累積,yfinance,股票型,英國,A0042 施羅德投信,施羅德
B23399,2014-01-21,5.079999923706055,英鎊,施羅德環球基金系列－英國股票(英鎊)C-累積,yfinance,股票型,英國,A0042 施羅德投信,施羅德
B23399,2014-01-22,5.070000171661377,英鎊,施羅德環球基金系列－英國股票(英鎊)C-累積,yfinance,股票型,英國,A0042 施羅德投信,施羅德
B23399,2014-01-23,5.079999923706055,英鎊,施羅德環球基金系列－英國股票(英鎊)C-累積,yfinance,股票型,英國,A0042 施羅德投信,施羅德
B23399,2014-01-24,4.96999979019165,英鎊,施羅德環球基金系列－英國股票(英鎊)C-累積,yfinance,股票型,英國,A0042 施羅德投信,施羅德
B23399,2014-01-27,4.889999866485596,英鎊,施羅德環球基金系列－英國股票(英鎊)C-累積,yfinance,股票型,英國,A0042 施羅德投信,施羅德
B23399,2014-01-28,4.909999847412109,英鎊,施羅德環球基金系列－英國股票(英鎊)C-累積,yfinance,股票型,英國,A0042 施羅德投信,施羅德
B23399,2014-01-29,4.889999866485596,英鎊,施羅德環球基金系列－英國股票(英鎊)C-累積,yfinance,股票型,英國,A0042 施羅德投信,施羅德
B23399,2014-01-30,4.909999847412109,英鎊,施羅德環球基金系列－英國股票(英鎊)C-累積,yfinance,股票型,英國,A0042 施羅德投信,施羅德
B23399,2014-01-31,4.840000152587891,英鎊,施羅德環球基金系列－英國股票(英鎊)C-累積,yfinance,股票型,英國,A0042 施羅德投信,施羅德
B23399,2014-02-03,4.900000095367432,英鎊,施羅德環球基金系列－英國股票(英鎊)C-累積,yfinance,股票型,英國,A0042 施羅德投信,施羅德
B23399,2014-02-04,4.849999904632568,英鎊,施羅德環球基金系列－英國股票(英鎊)C-累積,yfinance,股票型,英國,A0042 施羅德投信,施羅德
B23399,2014-02-05,4.880000114440918,英鎊,施羅德環球基金系列－英國股票(英鎊)C-累積,yfinance,股票型,英國,A0042 施羅德投信,施羅德
B23399,2014-02-06,4.889999866485596,英鎊,施羅德環球基金系列－英國股票(英鎊)C-累積,yfinance,股票型,英國,A0042 施羅德投信,施羅德
B23399,2014-02-07,4.96999979019165,英鎊,施羅德環球基金系列－英國股票(英鎊)C-累積,yfinance,股票型,英國,A0042 施羅德投信,施羅德
B23399,2014-02-10,4.949999809265137,英鎊,施羅德環球基金系列－英國股票(英鎊)C-累積,yfinance,股票型,英國,A0042 施羅德投信,施羅德
B23399,2014-02-11,5.019999980926514,英鎊,施羅德環球基金系列－英國股票(英鎊)C-累積,yfinance,股票型,英國,A0042 施羅德投信,施羅德
B23399,2014-02-12,5.03000020980835,英鎊,施羅德環球基金系列－英國股票(英鎊)C-累積,yfinance,股票型,英國,A0042 施羅德投信,施羅德
B23399,2014-02-13,4.980000019073486,英鎊,施羅德環球基金系列－英國股票(英鎊)C-累積,yfinance,股票型,英國,A0042 施羅德投信,施羅德
B23399,2014-02-14,5.019999980926514,英鎊,施羅德環球基金系列－英國股票(英鎊)C-累積,yfinance,股票型,英國,A0042 施羅德投信,施羅德
B23399,2014-02-17,5.050000190734863,英鎊,施羅德環球基金系列－英國股票(英鎊)C-累積,yfinance,股票型,英國,A0042 施羅德投信,施羅德
B23399,2014-02-18,5.070000171661377,英鎊,施羅德環球基金系列－英國股票(英鎊)C-累積,yfinance,股票型,英國,A0042 施羅德投信,施羅德
B23399,2014-02-19,5.079999923706055,英鎊,施羅德環球基金系列－英國股票(英鎊)C-累積,yfinance,股票型,英國,A0042 施羅德投信,施羅德
B23399,2014-02-20,5.070000171661377,英鎊,施羅德環球基金系列－英國股票(英鎊)C-累積,yfinance,股票型,英國,A0042 施羅德投信,施羅德
B23399,2014-02-21,5.099999904632568,英鎊,施羅德環球基金系列－英國股票(英鎊)C-累積,yfinance,股票型,英國,A0042 施羅德投信,施羅德
B23399,2014-02-24,5.110000133514404,英鎊,施羅德環球基金系列－英國股票(英鎊)C-累積,yfinance,股票型,英國,A0042 施羅德投信,施羅德
B23399,2014-02-25,5.119999885559082,英鎊,施羅德環球基金系列－英國股票(英鎊)C-累積,yfinance,股票型,英國,A0042 施羅德投信,施羅德
B23399,2014-02-26,5.110000133514404,英鎊,施羅德環球基金系列－英國股票(英鎊)C-累積,yfinance,股票型,英國,A0042 施羅德投信,施羅德
B23399,2014-02-27,5.090000152587891,英鎊,施羅德環球基金系列－英國股票(英鎊)C-累積,yfinance,股票型,英國,A0042 施羅德投信,施羅德
B23399,2014-02-28,5.110000133514404,英鎊,施羅德環球基金系列－英國股票(英鎊)C-累積,yfinance,股票型,英國,A0042 施羅德投信,施羅德
B23399,2014-03-03,5.019999980926514,英鎊,施羅德環球基金系列－英國股票(英鎊)C-累積,yfinance,股票型,英國,A0042 施羅德投信,施羅德
B23399,2014-03-04,5.139999866485596,英鎊,施羅德環球基金系列－英國股票(英鎊)C-累積,yfinance,股票型,英國,A0042 施羅德投信,施羅德
B23399,2014-03-05,5.090000152587891,英鎊,施羅德環球基金系列－英國股票(英鎊)C-累積,yfinance,股票型,英國,A0042 施羅德投信,施羅德
B23399,2014-03-06,5.099999904632568,英鎊,施羅德環球基金系列－英國股票(英鎊)C-累積,yfinance,股票型,英國,A0042 施羅德投信,施羅德
B23399,2014-03-07,5.110000133514404,英鎊,施羅德環球基金系列－英國股票(英鎊)C-累積,yfinance,股票型,英國,A0042 施羅德投信,施羅德
B23399,2014-03-10,5.050000190734863,英鎊,施羅德環球基金系列－英國股票(英鎊)C-累積,yfinance,股票型,英國,A0042 施羅德投信,施羅德
B23399,2014-03-11,5.03000020980835,英鎊,施羅德環球基金系列－英國股票(英鎊)C-累積,yfinance,股票型,英國,A0042 施羅德投信,施羅德
B23399,2014-03-12,4.980000019073486,英鎊,施羅德環球基金系列－英國股票(英鎊)C-累積,yfinance,股票型,英國,A0042 施羅德投信,施羅德
B23399,2014-03-13,4.96999979019165,英鎊,施羅德環球基金系列－英國股票(英鎊)C-累積,yfinance,股票型,英國,A0042 施羅德投信,施羅德
B23399,2014-03-14,4.909999847412109,英鎊,施羅德環球基金系列－英國股票(英鎊)C-累積,yfinance,股票型,英國,A0042 施羅德投信,施羅德
B23399,2014-03-17,4.960000038146973,英鎊,施羅德環球基金系列－英國股票(英鎊)C-累積,yfinance,股票型,英國,A0042 施羅德投信,施羅德
B23399,2014-03-18,4.980000019073486,英鎊,施羅德環球基金系列－英國股票(英鎊)C-累積,yfinance,股票型,英國,A0042 施羅德投信,施羅德
B23399,2014-03-19,4.96999979019165,英鎊,施羅德環球基金系列－英國股票(英鎊)C-累積,yfinance,股票型,英國,A0042 施羅德投信,施羅德
B23399,2014-03-20,4.889999866485596,英鎊,施羅德環球基金系列－英國股票(英鎊)C-累積,yfinance,股票型,英國,A0042 施羅德投信,施羅德
B23399,2014-03-21,4.909999847412109,英鎊,施羅德環球基金系列－英國股票(英鎊)C-累積,yfinance,股票型,英國,A0042 施羅德投信,施羅德
B23399,2014-03-24,4.880000114440918,英鎊,施羅德環球基金系列－英國股票(英鎊)C-累積,yfinance,股票型,英國,A0042 施羅德投信,施羅德
B23399,2014-03-25,4.900000095367432,英鎊,施羅德環球基金系列－英國股票(英鎊)C-累積,yfinance,股票型,英國,A0042 施羅德投信,施羅德
B23399,2014-03-26,4.960000038146973,英鎊,施羅德環球基金系列－英國股票(英鎊)C-累積,yfinance,股票型,英國,A0042 施羅德投信,施羅德
B23399,2014-03-27,4.909999847412109,英鎊,施羅德環球基金系列－英國股票(英鎊)C-累積,yfinance,股票型,英國,A0042 施羅德投信,施羅德
B23399,2014-03-28,4.900000095367432,英鎊,施羅德環球基金系列－英國股票(英鎊)C-累積,yfinance,股票型,英國,A0042 施羅德投信,施羅德
B23399,2014-03-31,4.900000095367432,英鎊,施羅德環球基金系列－英國股票(英鎊)C-累積,yfinance,股票型,英國,A0042 施羅德投信,施羅德
B23399,2014-04-01,4.909999847412109,英鎊,施羅德環球基金系列－英國股票(英鎊)C-累積,yfinance,股票型,英國,A0042 施羅德投信,施羅德
B23399,2014-04-02,4.940000057220459,英鎊,施羅德環球基金系列－英國股票(英鎊)C-累積,yfinance,股票型,英國,A0042 施羅德投信,施羅德
B23399,2014-04-03,4.929999828338623,英鎊,施羅德環球基金系列－英國股票(英鎊)C-累積,yfinance,股票型,英國,A0042 施羅德投信,施羅德
B23399,2014-04-04,4.949999809265137,英鎊,施羅德環球基金系列－英國股票(英鎊)C-累積,yfinance,股票型,英國,A0042 施羅德投信,施羅德
B23399,2014-04-07,4.909999847412109,英鎊,施羅德環球基金系列－英國股票(英鎊)C-累積,yfinance,股票型,英國,A0042 施羅德投信,施羅德
B23399,2014-04-08,4.809999942779541,英鎊,施羅德環球基金系列－英國股票(英鎊)C-累積,yfinance,股票型,英國,A0042 施羅德投信,施羅德
B23399,2014-04-09,4.869999885559082,英鎊,施羅德環球基金系列－英國股票(英鎊)C-累積,yfinance,股票型,英國,A0042 施羅德投信,施羅德
B23399,2014-04-10,4.880000114440918,英鎊,施羅德環球基金系列－英國股票(英鎊)C-累積,yfinance,股票型,英國,A0042 施羅德投信,施羅德
B23399,2014-04-11,4.78000020980835,英鎊,施羅德環球基金系列－英國股票(英鎊)C-累積,yfinance,股票型,英國,A0042 施羅德投信,施羅德
B23399,2014-04-14,4.75,英鎊,施羅德環球基金系列－英國股票(英鎊)C-累積,yfinance,股票型,英國,A0042 施羅德投信,施羅德
B23399,2014-04-15,4.760000228881836,英鎊,施羅德環球基金系列－英國股票(英鎊)C-累積,yfinance,股票型,英國,A0042 施羅德投信,施羅德
B23399,2014-04-16,4.769999980926514,英鎊,施羅德環球基金系列－英國股票(英鎊)C-累積,yfinance,股票型,英國,A0042 施羅德投信,施羅德
B23399,2014-04-17,4.829999923706055,英鎊,施羅德環球基金系列－英國股票(英鎊)C-累積,yfinance,股票型,英國,A0042 施羅德投信,施羅德
B23399,2014-04-22,4.900000095367432,英鎊,施羅德環球基金系列－英國股票(英鎊)C-累積,yfinance,股票型,英國,A0042 施羅德投信,施羅德
B23399,2014-04-23,4.880000114440918,英鎊,施羅德環球基金系列－英國股票(英鎊)C-累積,yfinance,股票型,英國,A0042 施羅德投信,施羅德
B23399,2014-04-24,4.909999847412109,英鎊,施羅德環球基金系列－英國股票(英鎊)C-累積,yfinance,股票型,英國,A0042 施羅德投信,施羅德
B23399,2014-04-25,4.900000095367432,英鎊,施羅德環球基金系列－英國股票(英鎊)C-累積,yfinance,股票型,英國,A0042 施羅德投信,施羅德
B23399,2014-04-28,4.889999866485596,英鎊,施羅德環球基金系列－英國股票(英鎊)C-累積,yfinance,股票型,英國,A0042 施羅德投信,施羅德
B23399,2014-04-29,4.920000076293945,英鎊,施羅德環球基金系列－英國股票(英鎊)C-累積,yfinance,股票型,英國,A0042 施羅德投信,施羅德
B23399,2014-04-30,4.929999828338623,英鎊,施羅德環球基金系列－英國股票(英鎊)C-累積,yfinance,股票型,英國,A0042 施羅德投信,施羅德
B23399,2014-05-01,4.949999809265137,英鎊,施羅德環球基金系列－英國股票(英鎊)C-累積,yfinance,股票型,英國,A0042 施羅德投信,施羅德
B23399,2014-05-02,4.980000019073486,英鎊,施羅德環球基金系列－英國股票(英鎊)C-累積,yfinance,股票型,英國,A0042 施羅德投信,施羅德
B23399,2014-05-06,4.960000038146973,英鎊,施羅德環球基金系列－英國股票(英鎊)C-累積,yfinance,股票型,英國,A0042 施羅德投信,施羅德
B23399,2014-05-07,4.960000038146973,英鎊,施羅德環球基金系列－英國股票(英鎊)C-累積,yfinance,股票型,英國,A0042 施羅德投信,施羅德
B23399,2014-05-08,4.96999979019165,英鎊,施羅德環球基金系列－英國股票(英鎊)C-累積,yfinance,股票型,英國,A0042 施羅德投信,施羅德
B23399,2014-05-09,4.96999979019165,英鎊,施羅德環球基金系列－英國股票(英鎊)C-累積,yfinance,股票型,英國,A0042 施羅德投信,施羅德
B23399,2014-05-12,4.96999979019165,英鎊,施羅德環球基金系列－英國股票(英鎊)C-累積,yfinance,股票型,英國,A0042 施羅德投信,施羅德
B23399,2014-05-13,4.989999771118164,英鎊,施羅德環球基金系列－英國股票(英鎊)C-累積,yfinance,股票型,英國,A0042 施羅德投信,施羅德
B23399,2014-05-14,4.989999771118164,英鎊,施羅德環球基金系列－英國股票(英鎊)C-累積,yfinance,股票型,英國,A0042 施羅德投信,施羅德
B23399,2014-05-15,4.949999809265137,英鎊,施羅德環球基金系列－英國股票(英鎊)C-累積,yfinance,股票型,英國,A0042 施羅德投信,施羅德
B23399,2014-05-16,4.889999866485596,英鎊,施羅德環球基金系列－英國股票(英鎊)C-累積,yfinance,股票型,英國,A0042 施羅德投信,施羅德
B23399,2014-05-19,4.880000114440918,英鎊,施羅德環球基金系列－英國股票(英鎊)C-累積,yfinance,股票型,英國,A0042 施羅德投信,施羅德
B23399,2014-05-20,4.889999866485596,英鎊,施羅德環球基金系列－英國股票(英鎊)C-累積,yfinance,股票型,英國,A0042 施羅德投信,施羅德
B23399,2014-05-21,4.900000095367432,英鎊,施羅德環球基金系列－英國股票(英鎊)C-累積,yfinance,股票型,英國,A0042 施羅德投信,施羅德
B23399,2014-05-22,4.929999828338623,英鎊,施羅德環球基金系列－英國股票(英鎊)C-累積,yfinance,股票型,英國,A0042 施羅德投信,施羅德
B23399,2014-05-23,4.929999828338623,英鎊,施羅德環球基金系列－英國股票(英鎊)C-累積,yfinance,股票型,英國,A0042 施羅德投信,施羅德
B23399,2014-05-27,4.96999979019165,英鎊,施羅德環球基金系列－英國股票(英鎊)C-累積,yfinance,股票型,英國,A0042 施羅德投信,施羅德
B23399,2014-05-28,5.0,英鎊,施羅德環球基金系列－英國股票(英鎊)C-累積,yfinance,股票型,英國,A0042 施羅德投信,施羅德
B23399,2014-05-29,5.010000228881836,英鎊,施羅德環球基金系列－英國股票(英鎊)C-累積,yfinance,股票型,英國,A0042 施羅德投信,施羅德
B23399,2014-05-30,5.010000228881836,英鎊,施羅德環球基金系列－英國股票(英鎊)C-累積,yfinance,股票型,英國,A0042 施羅德投信,施羅德
B23399,2014-06-02,5.019999980926514,英鎊,施羅德環球基金系列－英國股票(英鎊)C-累積,yfinance,股票型,英國,A0042 施羅德投信,施羅德
B23399,2014-06-03,4.980000019073486,英鎊,施羅德環球基金系列－英國股票(英鎊)C-累積,yfinance,股票型,英國,A0042 施羅德投信,施羅德
B23399,2014-06-04,4.980000019073486,英鎊,施羅德環球基金系列－英國股票(英鎊)C-累積,yfinance,股票型,英國,A0042 施羅德投信,施羅德
B23399,2014-06-05,5.010000228881836,英鎊,施羅德環球基金系列－英國股票(英鎊)C-累積,yfinance,股票型,英國,A0042 施羅德投信,施羅德
B23399,2014-06-06,5.059999942779541,英鎊,施羅德環球基金系列－英國股票(英鎊)C-累積,yfinance,股票型,英國,A0042 施羅德投信,施羅德
B23399,2014-06-09,5.039999961853027,英鎊,施羅德環球基金系列－英國股票(英鎊)C-累積,yfinance,股票型,英國,A0042 施羅德投信,施羅德
B23399,2014-06-10,5.039999961853027,英鎊,施羅德環球基金系列－英國股票(英鎊)C-累積,yfinance,股票型,英國,A0042 施羅德投信,施羅德
B23399,2014-06-11,5.019999980926514,英鎊,施羅德環球基金系列－英國股票(英鎊)C-累積,yfinance,股票型,英國,A0042 施羅德投信,施羅德
B23399,2014-06-12,5.039999961853027,英鎊,施羅德環球基金系列－英國股票(英鎊)C-累積,yfinance,股票型,英國,A0042 施羅德投信,施羅德
B23399,2014-06-13,4.949999809265137,英鎊,施羅德環球基金系列－英國股票(英鎊)C-累積,yfinance,股票型,英國,A0042 施羅德投信,施羅德
B23399,2014-06-16,4.929999828338623,英鎊,施羅德環球基金系列－英國股票(英鎊)C-累積,yfinance,股票型,英國,A0042 施羅德投信,施羅德
B23399,2014-06-17,4.909999847412109,英鎊,施羅德環球基金系列－英國股票(英鎊)C-累積,yfinance,股票型,英國,A0042 施羅德投信,施羅德
B23399,2014-06-18,4.940000057220459,英鎊,施羅德環球基金系列－英國股票(英鎊)C-累積,yfinance,股票型,英國,A0042 施羅德投信,施羅德
B23399,2014-06-19,4.949999809265137,英鎊,施羅德環球基金系列－英國股票(英鎊)C-累積,yfinance,股票型,英國,A0042 施羅德投信,施羅德
B23399,2014-06-20,4.96999979019165,英鎊,施羅德環球基金系列－英國股票(英鎊)C-累積,yfinance,股票型,英國,A0042 施羅德投信,施羅德
B23399,2014-06-23,4.949999809265137,英鎊,施羅德環球基金系列－英國股票(英鎊)C-累積,yfinance,股票型,英國,A0042 施羅德投信,施羅德
B23399,2014-06-24,4.909999847412109,英鎊,施羅德環球基金系列－英國股票(英鎊)C-累積,yfinance,股票型,英國,A0042 施羅德投信,施羅德
B23399,2014-06-25,4.869999885559082,英鎊,施羅德環球基金系列－英國股票(英鎊)C-累積,yfinance,股票型,英國,A0042 施羅德投信,施羅德
B23399,2014-06-26,4.909999847412109,英鎊,施羅德環球基金系列－英國股票(英鎊)C-累積,yfinance,股票型,英國,A0042 施羅德投信,施羅德
B23399,2014-06-27,4.920000076293945,英鎊,施羅德環球基金系列－英國股票(英鎊)C-累積,yfinance,股票型,英國,A0042 施羅德投信,施羅德
B23399,2014-06-30,4.920000076293945,英鎊,施羅德環球基金系列－英國股票(英鎊)C-累積,yfinance,股票型,英國,A0042 施羅德投信,施羅德
B23399,2014-07-01,4.949999809265137,英鎊,施羅德環球基金系列－英國股票(英鎊)C-累積,yfinance,股票型,英國,A0042 施羅德投信,施羅德
B23399,2014-07-02,4.96999979019165,英鎊,施羅德環球基金系列－英國股票(英鎊)C-累積,yfinance,股票型,英國,A0042 施羅德投信,施羅德
B23399,2014-07-03,5.0,英鎊,施羅德環球基金系列－英國股票(英鎊)C-累積,yfinance,股票型,英國,A0042 施羅德投信,施羅德
B23399,2014-07-04,5.010000228881836,英鎊,施羅德環球基金系列－英國股票(英鎊)C-累積,yfinance,股票型,英國,A0042 施羅德投信,施羅德
B23399,2014-07-07,4.980000019073486,英鎊,施羅德環球基金系列－英國股票(英鎊)C-累積,yfinance,股票型,英國,A0042 施羅德投信,施羅德
B23399,2014-07-08,4.940000057220459,英鎊,施羅德環球基金系列－英國股票(英鎊)C-累積,yfinance,股票型,英國,A0042 施羅德投信,施羅德
B23399,2014-07-09,4.880000114440918,英鎊,施羅德環球基金系列－英國股票(英鎊)C-累積,yfinance,股票型,英國,A0042 施羅德投信,施羅德
B23399,2014-07-10,4.820000171661377,英鎊,施羅德環球基金系列－英國股票(英鎊)C-累積,yfinance,股票型,英國,A0042 施羅德投信,施羅德
B23399,2014-07-11,4.849999904632568,英鎊,施羅德環球基金系列－英國股票(英鎊)C-累積,yfinance,股票型,英國,A0042 施羅德投信,施羅德
B23399,2014-07-14,4.889999866485596,英鎊,施羅德環球基金系列－英國股票(英鎊)C-累積,yfinance,股票型,英國,A0042 施羅德投信,施羅德
B23399,2014-07-15,4.889999866485596,英鎊,施羅德環球基金系列－英國股票(英鎊)C-累積,yfinance,股票型,英國,A0042 施羅德投信,施羅德
B23399,2014-07-16,4.929999828338623,英鎊,施羅德環球基金系列－英國股票(英鎊)C-累積,yfinance,股票型,英國,A0042 施羅德投信,施羅德
B23399,2014-07-17,4.909999847412109,英鎊,施羅德環球基金系列－英國股票(英鎊)C-累積,yfinance,股票型,英國,A0042 施羅德投信,施羅德
B23399,2014-07-18,4.880000114440918,英鎊,施羅德環球基金系列－英國股票(英鎊)C-累積,yfinance,股票型,英國,A0042 施羅德投信,施羅德
B23399,2014-07-21,4.889999866485596,英鎊,施羅德環球基金系列－英國股票(英鎊)C-累積,yfinance,股票型,英國,A0042 施羅德投信,施羅德
B23399,2014-07-22,4.929999828338623,英鎊,施羅德環球基金系列－英國股票(英鎊)C-累積,yfinance,股票型,英國,A0042 施羅德投信,施羅德
B23399,2014-07-23,4.940000057220459,英鎊,施羅德環球基金系列－英國股票(英鎊)C-累積,yfinance,股票型,英國,A0042 施羅德投信,施羅德
B23399,2014-07-24,4.949999809265137,英鎊,施羅德環球基金系列－英國股票(英鎊)C-累積,yfinance,股票型,英國,A0042 施羅德投信,施羅德
B23399,2014-07-25,4.949999809265137,英鎊,施羅德環球基金系列－英國股票(英鎊)C-累積,yfinance,股票型,英國,A0042 施羅德投信,施羅德
B23399,2014-07-28,4.929999828338623,英鎊,施羅德環球基金系列－英國股票(英鎊)C-累積,yfinance,股票型,英國,A0042 施羅德投信,施羅德
B23399,2014-07-29,4.949999809265137,英鎊,施羅德環球基金系列－英國股票(英鎊)C-累積,yfinance,股票型,英國,A0042 施羅德投信,施羅德
B23399,2014-07-30,4.949999809265137,英鎊,施羅德環球基金系列－英國股票(英鎊)C-累積,yfinance,股票型,英國,A0042 施羅德投信,施羅德
B23399,2014-07-31,4.900000095367432,英鎊,施羅德環球基金系列－英國股票(英鎊)C-累積,yfinance,股票型,英國,A0042 施羅德投信,施羅德
B23399,2014-08-01,4.860000133514404,英鎊,施羅德環球基金系列－英國股票(英鎊)C-累積,yfinance,股票型,英國,A0042 施羅德投信,施羅德
B23399,2014-08-04,4.880000114440918,英鎊,施羅德環球基金系列－英國股票(英鎊)C-累積,yfinance,股票型,英國,A0042 施羅德投信,施羅德
B23399,2014-08-05,4.880000114440918,英鎊,施羅德環球基金系列－英國股票(英鎊)C-累積,yfinance,股票型,英國,A0042 施羅德投信,施羅德
B23399,2014-08-06,4.829999923706055,英鎊,施羅德環球基金系列－英國股票(英鎊)C-累積,yfinance,股票型,英國,A0042 施羅德投信,施羅德
B23399,2014-08-07,4.849999904632568,英鎊,施羅德環球基金系列－英國股票(英鎊)C-累積,yfinance,股票型,英國,A0042 施羅德投信,施羅德
B23399,2014-08-08,4.820000171661377,英鎊,施羅德環球基金系列－英國股票(英鎊)C-累積,yfinance,股票型,英國,A0042 施羅德投信,施羅德
B23399,2014-08-11,4.849999904632568,英鎊,施羅德環球基金系列－英國股票(英鎊)C-累積,yfinance,股票型,英國,A0042 施羅德投信,施羅德
B23399,2014-08-12,4.860000133514404,英鎊,施羅德環球基金系列－英國股票(英鎊)C-累積,yfinance,股票型,英國,A0042 施羅德投信,施羅德
B23399,2014-08-13,4.880000114440918,英鎊,施羅德環球基金系列－英國股票(英鎊)C-累積,yfinance,股票型,英國,A0042 施羅德投信,施羅德
B23399,2014-08-14,4.920000076293945,英鎊,施羅德環球基金系列－英國股票(英鎊)C-累積,yfinance,股票型,英國,A0042 施羅德投信,施羅德
B23399,2014-08-15,4.940000057220459,英鎊,施羅德環球基金系列－英國股票(英鎊)C-累積,yfinance,股票型,英國,A0042 施羅德投信,施羅德
B23399,2014-08-18,4.949999809265137,英鎊,施羅德環球基金系列－英國股票(英鎊)C-累積,yfinance,股票型,英國,A0042 施羅德投信,施羅德
B23399,2014-08-19,4.989999771118164,英鎊,施羅德環球基金系列－英國股票(英鎊)C-累積,yfinance,股票型,英國,A0042 施羅德投信,施羅德
B23399,2014-08-20,4.980000019073486,英鎊,施羅德環球基金系列－英國股票(英鎊)C-累積,yfinance,股票型,英國,A0042 施羅德投信,施羅德
B23399,2014-08-21,5.0,英鎊,施羅德環球基金系列－英國股票(英鎊)C-累積,yfinance,股票型,英國,A0042 施羅德投信,施羅德
B23399,2014-08-22,5.019999980926514,英鎊,施羅德環球基金系列－英國股票(英鎊)C-累積,yfinance,股票型,英國,A0042 施羅德投信,施羅德
B23399,2014-08-26,5.039999961853027,英鎊,施羅德環球基金系列－英國股票(英鎊)C-累積,yfinance,股票型,英國,A0042 施羅德投信,施羅德
B23399,2014-08-27,5.059999942779541,英鎊,施羅德環球基金系列－英國股票(英鎊)C-累積,yfinance,股票型,英國,A0042 施羅德投信,施羅德
B23399,2014-08-28,5.039999961853027,英鎊,施羅德環球基金系列－英國股票(英鎊)C-累積,yfinance,股票型,英國,A0042 施羅德投信,施羅德
B23399,2014-08-29,5.03000020980835,英鎊,施羅德環球基金系列－英國股票(英鎊)C-累積,yfinance,股票型,英國,A0042 施羅德投信,施羅德
B23399,2014-09-01,5.059999942779541,英鎊,施羅德環球基金系列－英國股票(英鎊)C-累積,yfinance,股票型,英國,A0042 施羅德投信,施羅德
B23399,2014-09-02,5.050000190734863,英鎊,施羅德環球基金系列－英國股票(英鎊)C-累積,yfinance,股票型,英國,A0042 施羅德投信,施羅德
B23399,2014-09-03,5.090000152587891,英鎊,施羅德環球基金系列－英國股票(英鎊)C-累積,yfinance,股票型,英國,A0042 施羅德投信,施羅德
B23399,2014-09-04,5.079999923706055,英鎊,施羅德環球基金系列－英國股票(英鎊)C-累積,yfinance,股票型,英國,A0042 施羅德投信,施羅德
B23399,2014-09-05,5.059999942779541,英鎊,施羅德環球基金系列－英國股票(英鎊)C-累積,yfinance,股票型,英國,A0042 施羅德投信,施羅德
B23399,2014-09-08,5.010000228881836,英鎊,施羅德環球基金系列－英國股票(英鎊)C-累積,yfinance,股票型,英國,A0042 施羅德投信,施羅德
B23399,2014-09-09,5.039999961853027,英鎊,施羅德環球基金系列－英國股票(英鎊)C-累積,yfinance,股票型,英國,A0042 施羅德投信,施羅德
B23399,2014-09-10,5.03000020980835,英鎊,施羅德環球基金系列－英國股票(英鎊)C-累積,yfinance,股票型,英國,A0042 施羅德投信,施羅德
B23399,2014-09-11,5.0,英鎊,施羅德環球基金系列－英國股票(英鎊)C-累積,yfinance,股票型,英國,A0042 施羅德投信,施羅德
B23399,2014-09-12,5.03000020980835,英鎊,施羅德環球基金系列－英國股票(英鎊)C-累積,yfinance,股票型,英國,A0042 施羅德投信,施羅德
B23399,2014-09-15,5.010000228881836,英鎊,施羅德環球基金系列－英國股票(英鎊)C-累積,yfinance,股票型,英國,A0042 施羅德投信,施羅德
B23399,2014-09-16,5.0,英鎊,施羅德環球基金系列－英國股票(英鎊)C-累積,yfinance,股票型,英國,A0042 施羅德投信,施羅德
B23399,2014-09-17,5.010000228881836,英鎊,施羅德環球基金系列－英國股票(英鎊)C-累積,yfinance,股票型,英國,A0042 施羅德投信,施羅德
B23399,2014-09-18,5.03000020980835,英鎊,施羅德環球基金系列－英國股票(英鎊)C-累積,yfinance,股票型,英國,A0042 施羅德投信,施羅德
B23399,2014-09-19,5.090000152587891,英鎊,施羅德環球基金系列－英國股票(英鎊)C-累積,yfinance,股票型,英國,A0042 施羅德投信,施羅德
B23399,2014-09-22,5.039999961853027,英鎊,施羅德環球基金系列－英國股票(英鎊)C-累積,yfinance,股票型,英國,A0042 施羅德投信,施羅德
B23399,2014-09-23,4.949999809265137,英鎊,施羅德環球基金系列－英國股票(英鎊)C-累積,yfinance,股票型,英國,A0042 施羅德投信,施羅德
B23399,2014-09-24,4.989999771118164,英鎊,施羅德環球基金系列－英國股票(英鎊)C-累積,yfinance,股票型,英國,A0042 施羅德投信,施羅德
B23399,2014-09-25,4.96999979019165,英鎊,施羅德環球基金系列－英國股票(英鎊)C-累積,yfinance,股票型,英國,A0042 施羅德投信,施羅德
B23399,2014-09-26,4.920000076293945,英鎊,施羅德環球基金系列－英國股票(英鎊)C-累積,yfinance,股票型,英國,A0042 施羅德投信,施羅德
B23399,2014-09-29,4.900000095367432,英鎊,施羅德環球基金系列－英國股票(英鎊)C-累積,yfinance,股票型,英國,A0042 施羅德投信,施羅德
B23399,2014-09-30,4.909999847412109,英鎊,施羅德環球基金系列－英國股票(英鎊)C-累積,yfinance,股票型,英國,A0042 施羅德投信,施羅德
B23399,2014-10-01,4.889999866485596,英鎊,施羅德環球基金系列－英國股票(英鎊)C-累積,yfinance,股票型,英國,A0042 施羅德投信,施羅德
B23399,2014-10-02,4.849999904632568,英鎊,施羅德環球基金系列－英國股票(英鎊)C-累積,yfinance,股票型,英國,A0042 施羅德投信,施羅德
B23399,2014-10-03,4.840000152587891,英鎊,施羅德環球基金系列－英國股票(英鎊)C-累積,yfinance,股票型,英國,A0042 施羅德投信,施羅德
B23399,2014-10-06,4.889999866485596,英鎊,施羅德環球基金系列－英國股票(英鎊)C-累積,yfinance,股票型,英國,A0042 施羅德投信,施羅德
B23399,2014-10-07,4.849999904632568,英鎊,施羅德環球基金系列－英國股票(英鎊)C-累積,yfinance,股票型,英國,A0042 施羅德投信,施羅德
B23399,2014-10-08,4.800000190734863,英鎊,施羅德環球基金系列－英國股票(英鎊)C-累積,yfinance,股票型,英國,A0042 施羅德投信,施羅德
B23399,2014-10-09,4.789999961853027,英鎊,施羅德環球基金系列－英國股票(英鎊)C-累積,yfinance,股票型,英國,A0042 施羅德投信,施羅德
B23399,2014-10-10,4.730000019073486,英鎊,施羅德環球基金系列－英國股票(英鎊)C-累積,yfinance,股票型,英國,A0042 施羅德投信,施羅德
B23399,2014-10-13,4.739999771118164,英鎊,施羅德環球基金系列－英國股票(英鎊)C-累積,yfinance,股票型,英國,A0042 施羅德投信,施羅德
B23399,2014-10-14,4.739999771118164,英鎊,施羅德環球基金系列－英國股票(英鎊)C-累積,yfinance,股票型,英國,A0042 施羅德投信,施羅德
B23399,2014-10-15,4.690000057220459,英鎊,施羅德環球基金系列－英國股票(英鎊)C-累積,yfinance,股票型,英國,A0042 施羅德投信,施羅德
B23399,2014-10-16,4.570000171661377,英鎊,施羅德環球基金系列－英國股票(英鎊)C-累積,yfinance,股票型,英國,A0042 施羅德投信,施羅德
B23399,2014-10-17,4.699999809265137,英鎊,施羅德環球基金系列－英國股票(英鎊)C-累積,yfinance,股票型,英國,A0042 施羅德投信,施羅德
B23399,2014-10-20,4.690000057220459,英鎊,施羅德環球基金系列－英國股票(英鎊)C-累積,yfinance,股票型,英國,A0042 施羅德投信,施羅德
B23399,2014-10-21,4.75,英鎊,施羅德環球基金系列－英國股票(英鎊)C-累積,yfinance,股票型,英國,A0042 施羅德投信,施羅德
B23399,2014-10-22,4.809999942779541,英鎊,施羅德環球基金系列－英國股票(英鎊)C-累積,yfinance,股票型,英國,A0042 施羅德投信,施羅德
B23399,2014-10-23,4.809999942779541,英鎊,施羅德環球基金系列－英國股票(英鎊)C-累積,yfinance,股票型,英國,A0042 施羅德投信,施羅德
B23399,2014-10-24,4.800000190734863,英鎊,施羅德環球基金系列－英國股票(英鎊)C-累積,yfinance,股票型,英國,A0042 施羅德投信,施羅德
B23399,2014-10-27,4.78000020980835,英鎊,施羅德環球基金系列－英國股票(英鎊)C-累積,yfinance,股票型,英國,A0042 施羅德投信,施羅德
B23399,2014-10-28,4.809999942779541,英鎊,施羅德環球基金系列－英國股票(英鎊)C-累積,yfinance,股票型,英國,A0042 施羅德投信,施羅德
B23399,2014-10-29,4.860000133514404,英鎊,施羅德環球基金系列－英國股票(英鎊)C-累積,yfinance,股票型,英國,A0042 施羅德投信,施羅德
B23399,2014-10-30,4.840000152587891,英鎊,施羅德環球基金系列－英國股票(英鎊)C-累積,yfinance,股票型,英國,A0042 施羅德投信,施羅德
B23399,2014-10-31,4.949999809265137,英鎊,施羅德環球基金系列－英國股票(英鎊)C-累積,yfinance,股票型,英國,A0042 施羅德投信,施羅德
B23399,2014-11-03,4.920000076293945,英鎊,施羅德環球基金系列－英國股票(英鎊)C-累積,yfinance,股票型,英國,A0042 施羅德投信,施羅德
B23399,2014-11-04,4.920000076293945,英鎊,施羅德環球基金系列－英國股票(英鎊)C-累積,yfinance,股票型,英國,A0042 施羅德投信,施羅德
B23399,2014-11-05,4.980000019073486,英鎊,施羅德環球基金系列－英國股票(英鎊)C-累積,yfinance,股票型,英國,A0042 施羅德投信,施羅德
B23399,2014-11-06,4.96999979019165,英鎊,施羅德環球基金系列－英國股票(英鎊)C-累積,yfinance,股票型,英國,A0042 施羅德投信,施羅德
B23399,2014-11-07,4.96999979019165,英鎊,施羅德環球基金系列－英國股票(英鎊)C-累積,yfinance,股票型,英國,A0042 施羅德投信,施羅德
B23399,2014-11-10,4.980000019073486,英鎊,施羅德環球基金系列－英國股票(英鎊)C-累積,yfinance,股票型,英國,A0042 施羅德投信,施羅德
B23399,2014-11-11,5.0,英鎊,施羅德環球基金系列－英國股票(英鎊)C-累積,yfinance,股票型,英國,A0042 施羅德投信,施羅德
B23399,2014-11-12,5.0,英鎊,施羅德環球基金系列－英國股票(英鎊)C-累積,yfinance,股票型,英國,A0042 施羅德投信,施羅德
B23399,2014-11-13,5.0,英鎊,施羅德環球基金系列－英國股票(英鎊)C-累積,yfinance,股票型,英國,A0042 施羅德投信,施羅德
B23399,2014-11-14,5.019999980926514,英鎊,施羅德環球基金系列－英國股票(英鎊)C-累積,yfinance,股票型,英國,A0042 施羅德投信,施羅德
B23399,2014-11-17,5.03000020980835,英鎊,施羅德環球基金系列－英國股票(英鎊)C-累積,yfinance,股票型,英國,A0042 施羅德投信,施羅德
B23399,2014-11-18,5.070000171661377,英鎊,施羅德環球基金系列－英國股票(英鎊)C-累積,yfinance,股票型,英國,A0042 施羅德投信,施羅德
B23399,2014-11-19,5.059999942779541,英鎊,施羅德環球基金系列－英國股票(英鎊)C-累積,yfinance,股票型,英國,A0042 施羅德投信,施羅德
B23399,2014-11-20,5.03000020980835,英鎊,施羅德環球基金系列－英國股票(英鎊)C-累積,yfinance,股票型,英國,A0042 施羅德投信,施羅德
B23399,2014-11-21,5.099999904632568,英鎊,施羅德環球基金系列－英國股票(英鎊)C-累積,yfinance,股票型,英國,A0042 施羅德投信,施羅德
B23399,2014-11-24,5.079999923706055,英鎊,施羅德環球基金系列－英國股票(英鎊)C-累積,yfinance,股票型,英國,A0042 施羅德投信,施羅德
B23399,2014-11-25,5.099999904632568,英鎊,施羅德環球基金系列－英國股票(英鎊)C-累積,yfinance,股票型,英國,A0042 施羅德投信,施羅德
B23399,2014-11-26,5.090000152587891,英鎊,施羅德環球基金系列－英國股票(英鎊)C-累積,yfinance,股票型,英國,A0042 施羅德投信,施羅德
B23399,2014-11-27,5.130000114440918,英鎊,施羅德環球基金系列－英國股票(英鎊)C-累積,yfinance,股票型,英國,A0042 施羅德投信,施羅德
B23399,2014-11-28,5.099999904632568,英鎊,施羅德環球基金系列－英國股票(英鎊)C-累積,yfinance,股票型,英國,A0042 施羅德投信,施羅德
B23399,2014-12-01,5.059999942779541,英鎊,施羅德環球基金系列－英國股票(英鎊)C-累積,yfinance,股票型,英國,A0042 施羅德投信,施羅德
B23399,2014-12-02,5.099999904632568,英鎊,施羅德環球基金系列－英國股票(英鎊)C-累積,yfinance,股票型,英國,A0042 施羅德投信,施羅德
B23399,2014-12-03,5.110000133514404,英鎊,施羅德環球基金系列－英國股票(英鎊)C-累積,yfinance,股票型,英國,A0042 施羅德投信,施羅德
B23399,2014-12-04,5.090000152587891,英鎊,施羅德環球基金系列－英國股票(英鎊)C-累積,yfinance,股票型,英國,A0042 施羅德投信,施羅德
B23399,2014-12-05,5.139999866485596,英鎊,施羅德環球基金系列－英國股票(英鎊)C-累積,yfinance,股票型,英國,A0042 施羅德投信,施羅德
B23399,2014-12-08,5.110000133514404,英鎊,施羅德環球基金系列－英國股票(英鎊)C-累積,yfinance,股票型,英國,A0042 施羅德投信,施羅德
B23399,2014-12-09,5.03000020980835,英鎊,施羅德環球基金系列－英國股票(英鎊)C-累積,yfinance,股票型,英國,A0042 施羅德投信,施羅德
B23399,2014-12-10,5.010000228881836,英鎊,施羅德環球基金系列－英國股票(英鎊)C-累積,yfinance,股票型,英國,A0042 施羅德投信,施羅德
B23399,2014-12-11,4.96999979019165,英鎊,施羅德環球基金系列－英國股票(英鎊)C-累積,yfinance,股票型,英國,A0042 施羅德投信,施羅德
B23399,2014-12-12,4.920000076293945,英鎊,施羅德環球基金系列－英國股票(英鎊)C-累積,yfinance,股票型,英國,A0042 施羅德投信,施羅德
B23399,2014-12-15,4.829999923706055,英鎊,施羅德環球基金系列－英國股票(英鎊)C-累積,yfinance,股票型,英國,A0042 施羅德投信,施羅德
B23399,2014-12-16,4.78000020980835,英鎊,施羅德環球基金系列－英國股票(英鎊)C-累積,yfinance,股票型,英國,A0042 施羅德投信,施羅德
B23399,2014-12-17,4.829999923706055,英鎊,施羅德環球基金系列－英國股票(英鎊)C-累積,yfinance,股票型,英國,A0042 施羅德投信,施羅德
B23399,2014-12-18,4.940000057220459,英鎊,施羅德環球基金系列－英國股票(英鎊)C-累積,yfinance,股票型,英國,A0042 施羅德投信,施羅德
B23399,2014-12-19,5.0,英鎊,施羅德環球基金系列－英國股票(英鎊)C-累積,yfinance,股票型,英國,A0042 施羅德投信,施羅德
B23399,2014-12-22,5.070000171661377,英鎊,施羅德環球基金系列－英國股票(英鎊)C-累積,yfinance,股票型,英國,A0042 施羅德投信,施羅德
B23399,2014-12-23,5.070000171661377,英鎊,施羅德環球基金系列－英國股票(英鎊)C-累積,yfinance,股票型,英國,A0042 施羅德投信,施羅德
B23399,2014-12-29,5.079999923706055,英鎊,施羅德環球基金系列－英國股票(英鎊)C-累積,yfinance,股票型,英國,A0042 施羅德投信,施羅德
B23399,2014-12-30,5.059999942779541,英鎊,施羅德環球基金系列－英國股票(英鎊)C-累積,yfinance,股票型,英國,A0042 施羅德投信,施羅德
B23399,2014-12-31,5.070000171661377,英鎊,施羅德環球基金系列－英國股票(英鎊)C-累積,yfinance,股票型,英國,A0042 施羅德投信,施羅德
B23092,2014-01-02,3.859999895095825,英鎊,施羅德環球基金系列－英國股票(英鎊)A1-累積,yfinance,股票型,英國,A0042 施羅德投信,施羅德
B23092,2014-01-03,3.869999885559082,英鎊,施羅德環球基金系列－英國股票(英鎊)A1-累積,yfinance,股票型,英國,A0042 施羅德投信,施羅德
B23092,2014-01-06,3.9100000858306885,英鎊,施羅德環球基金系列－英國股票(英鎊)A1-累積,yfinance,股票型,英國,A0042 施羅德投信,施羅德
B23092,2014-01-07,3.9000000953674316,英鎊,施羅德環球基金系列－英國股票(英鎊)A1-累積,yfinance,股票型,英國,A0042 施羅德投信,施羅德
B23092,2014-01-08,3.890000104904175,英鎊,施羅德環球基金系列－英國股票(英鎊)A1-累積,yfinance,股票型,英國,A0042 施羅德投信,施羅德
B23092,2014-01-09,3.930000066757202,英鎊,施羅德環球基金系列－英國股票(英鎊)A1-累積,yfinance,股票型,英國,A0042 施羅德投信,施羅德
B23092,2014-01-10,3.9200000762939453,英鎊,施羅德環球基金系列－英國股票(英鎊)A1-累積,yfinance,股票型,英國,A0042 施羅德投信,施羅德
B23092,2014-01-13,3.950000047683716,英鎊,施羅德環球基金系列－英國股票(英鎊)A1-累積,yfinance,股票型,英國,A0042 施羅德投信,施羅德
B23092,2014-01-14,3.9700000286102295,英鎊,施羅德環球基金系列－英國股票(英鎊)A1-累積,yfinance,股票型,英國,A0042 施羅德投信,施羅德
B23092,2014-01-15,3.9800000190734863,英鎊,施羅德環球基金系列－英國股票(英鎊)A1-累積,yfinance,股票型,英國,A0042 施羅德投信,施羅德
B23092,2014-01-16,3.990000009536743,英鎊,施羅德環球基金系列－英國股票(英鎊)A1-累積,yfinance,股票型,英國,A0042 施羅德投信,施羅德
B23092,2014-01-17,3.9700000286102295,英鎊,施羅德環球基金系列－英國股票(英鎊)A1-累積,yfinance,股票型,英國,A0042 施羅德投信,施羅德
B23092,2014-01-20,3.9700000286102295,英鎊,施羅德環球基金系列－英國股票(英鎊)A1-累積,yfinance,股票型,英國,A0042 施羅德投信,施羅德
B23092,2014-01-21,3.9700000286102295,英鎊,施羅德環球基金系列－英國股票(英鎊)A1-累積,yfinance,股票型,英國,A0042 施羅德投信,施羅德
B23092,2014-01-22,3.9600000381469727,英鎊,施羅德環球基金系列－英國股票(英鎊)A1-累積,yfinance,股票型,英國,A0042 施羅德投信,施羅德
B23092,2014-01-23,3.9700000286102295,英鎊,施羅德環球基金系列－英國股票(英鎊)A1-累積,yfinance,股票型,英國,A0042 施羅德投信,施羅德
B23092,2014-01-24,3.880000114440918,英鎊,施羅德環球基金系列－英國股票(英鎊)A1-累積,yfinance,股票型,英國,A0042 施羅德投信,施羅德
B23092,2014-01-27,3.819999933242798,英鎊,施羅德環球基金系列－英國股票(英鎊)A1-累積,yfinance,股票型,英國,A0042 施羅德投信,施羅德
B23092,2014-01-28,3.8399999141693115,英鎊,施羅德環球基金系列－英國股票(英鎊)A1-累積,yfinance,股票型,英國,A0042 施羅德投信,施羅德
B23092,2014-01-29,3.819999933242798,英鎊,施羅德環球基金系列－英國股票(英鎊)A1-累積,yfinance,股票型,英國,A0042 施羅德投信,施羅德
B23092,2014-01-30,3.8299999237060547,英鎊,施羅德環球基金系列－英國股票(英鎊)A1-累積,yfinance,股票型,英國,A0042 施羅德投信,施羅德
B23092,2014-01-31,3.7799999713897705,英鎊,施羅德環球基金系列－英國股票(英鎊)A1-累積,yfinance,股票型,英國,A0042 施羅德投信,施羅德
B23092,2014-02-03,3.819999933242798,英鎊,施羅德環球基金系列－英國股票(英鎊)A1-累積,yfinance,股票型,英國,A0042 施羅德投信,施羅德
B23092,2014-02-04,3.7899999618530273,英鎊,施羅德環球基金系列－英國股票(英鎊)A1-累積,yfinance,股票型,英國,A0042 施羅德投信,施羅德
B23092,2014-02-05,3.809999942779541,英鎊,施羅德環球基金系列－英國股票(英鎊)A1-累積,yfinance,股票型,英國,A0042 施羅德投信,施羅德
B23092,2014-02-06,3.819999933242798,英鎊,施羅德環球基金系列－英國股票(英鎊)A1-累積,yfinance,股票型,英國,A0042 施羅德投信,施羅德
B23092,2014-02-07,3.880000114440918,英鎊,施羅德環球基金系列－英國股票(英鎊)A1-累積,yfinance,股票型,英國,A0042 施羅德投信,施羅德
B23092,2014-02-10,3.869999885559082,英鎊,施羅德環球基金系列－英國股票(英鎊)A1-累積,yfinance,股票型,英國,A0042 施羅德投信,施羅德
B23092,2014-02-11,3.9200000762939453,英鎊,施羅德環球基金系列－英國股票(英鎊)A1-累積,yfinance,股票型,英國,A0042 施羅德投信,施羅德
B23092,2014-02-12,3.9200000762939453,英鎊,施羅德環球基金系列－英國股票(英鎊)A1-累積,yfinance,股票型,英國,A0042 施羅德投信,施羅德
B23092,2014-02-13,3.890000104904175,英鎊,施羅德環球基金系列－英國股票(英鎊)A1-累積,yfinance,股票型,英國,A0042 施羅德投信,施羅德
B23092,2014-02-14,3.9200000762939453,英鎊,施羅德環球基金系列－英國股票(英鎊)A1-累積,yfinance,股票型,英國,A0042 施羅德投信,施羅德
B23092,2014-02-17,3.940000057220459,英鎊,施羅德環球基金系列－英國股票(英鎊)A1-累積,yfinance,股票型,英國,A0042 施羅德投信,施羅德
B23092,2014-02-18,3.9600000381469727,英鎊,施羅德環球基金系列－英國股票(英鎊)A1-累積,yfinance,股票型,英國,A0042 施羅德投信,施羅德
B23092,2014-02-19,3.9700000286102295,英鎊,施羅德環球基金系列－英國股票(英鎊)A1-累積,yfinance,股票型,英國,A0042 施羅德投信,施羅德
B23092,2014-02-20,3.9600000381469727,英鎊,施羅德環球基金系列－英國股票(英鎊)A1-累積,yfinance,股票型,英國,A0042 施羅德投信,施羅德
B23092,2014-02-21,3.9800000190734863,英鎊,施羅德環球基金系列－英國股票(英鎊)A1-累積,yfinance,股票型,英國,A0042 施羅德投信,施羅德
B23092,2014-02-24,3.9800000190734863,英鎊,施羅德環球基金系列－英國股票(英鎊)A1-累積,yfinance,股票型,英國,A0042 施羅德投信,施羅德
B23092,2014-02-25,3.990000009536743,英鎊,施羅德環球基金系列－英國股票(英鎊)A1-累積,yfinance,股票型,英國,A0042 施羅德投信,施羅德
B23092,2014-02-26,3.990000009536743,英鎊,施羅德環球基金系列－英國股票(英鎊)A1-累積,yfinance,股票型,英國,A0042 施羅德投信,施羅德
B23092,2014-02-27,3.9700000286102295,英鎊,施羅德環球基金系列－英國股票(英鎊)A1-累積,yfinance,股票型,英國,A0042 施羅德投信,施羅德
B23092,2014-02-28,3.990000009536743,英鎊,施羅德環球基金系列－英國股票(英鎊)A1-累積,yfinance,股票型,英國,A0042 施羅德投信,施羅德
B23092,2014-03-03,3.9200000762939453,英鎊,施羅德環球基金系列－英國股票(英鎊)A1-累積,yfinance,股票型,英國,A0042 施羅德投信,施羅德
B23092,2014-03-04,4.010000228881836,英鎊,施羅德環球基金系列－英國股票(英鎊)A1-累積,yfinance,股票型,英國,A0042 施羅德投信,施羅德
B23092,2014-03-05,3.9700000286102295,英鎊,施羅德環球基金系列－英國股票(英鎊)A1-累積,yfinance,股票型,英國,A0042 施羅德投信,施羅德
B23092,2014-03-06,3.9800000190734863,英鎊,施羅德環球基金系列－英國股票(英鎊)A1-累積,yfinance,股票型,英國,A0042 施羅德投信,施羅德
B23092,2014-03-07,3.990000009536743,英鎊,施羅德環球基金系列－英國股票(英鎊)A1-累積,yfinance,股票型,英國,A0042 施羅德投信,施羅德
B23092,2014-03-10,3.940000057220459,英鎊,施羅德環球基金系列－英國股票(英鎊)A1-累積,yfinance,股票型,英國,A0042 施羅德投信,施羅德
B23092,2014-03-11,3.9200000762939453,英鎊,施羅德環球基金系列－英國股票(英鎊)A1-累積,yfinance,股票型,英國,A0042 施羅德投信,施羅德
B23092,2014-03-12,3.890000104904175,英鎊,施羅德環球基金系列－英國股票(英鎊)A1-累積,yfinance,股票型,英國,A0042 施羅德投信,施羅德
B23092,2014-03-13,3.880000114440918,英鎊,施羅德環球基金系列－英國股票(英鎊)A1-累積,yfinance,股票型,英國,A0042 施羅德投信,施羅德
B23092,2014-03-14,3.8299999237060547,英鎊,施羅德環球基金系列－英國股票(英鎊)A1-累積,yfinance,股票型,英國,A0042 施羅德投信,施羅德
B23092,2014-03-17,3.869999885559082,英鎊,施羅德環球基金系列－英國股票(英鎊)A1-累積,yfinance,股票型,英國,A0042 施羅德投信,施羅德
B23092,2014-03-18,3.880000114440918,英鎊,施羅德環球基金系列－英國股票(英鎊)A1-累積,yfinance,股票型,英國,A0042 施羅德投信,施羅德
B23092,2014-03-19,3.869999885559082,英鎊,施羅德環球基金系列－英國股票(英鎊)A1-累積,yfinance,股票型,英國,A0042 施羅德投信,施羅德
B23092,2014-03-20,3.809999942779541,英鎊,施羅德環球基金系列－英國股票(英鎊)A1-累積,yfinance,股票型,英國,A0042 施羅德投信,施羅德
B23092,2014-03-21,3.819999933242798,英鎊,施羅德環球基金系列－英國股票(英鎊)A1-累積,yfinance,股票型,英國,A0042 施羅德投信,施羅德
B23092,2014-03-24,3.809999942779541,英鎊,施羅德環球基金系列－英國股票(英鎊)A1-累積,yfinance,股票型,英國,A0042 施羅德投信,施羅德
B23092,2014-03-25,3.819999933242798,英鎊,施羅德環球基金系列－英國股票(英鎊)A1-累積,yfinance,股票型,英國,A0042 施羅德投信,施羅德
B23092,2014-03-26,3.859999895095825,英鎊,施羅德環球基金系列－英國股票(英鎊)A1-累積,yfinance,股票型,英國,A0042 施羅德投信,施羅德
B23092,2014-03-27,3.8299999237060547,英鎊,施羅德環球基金系列－英國股票(英鎊)A1-累積,yfinance,股票型,英國,A0042 施羅德投信,施羅德
B23092,2014-03-28,3.819999933242798,英鎊,施羅德環球基金系列－英國股票(英鎊)A1-累積,yfinance,股票型,英國,A0042 施羅德投信,施羅德
B23092,2014-03-31,3.819999933242798,英鎊,施羅德環球基金系列－英國股票(英鎊)A1-累積,yfinance,股票型,英國,A0042 施羅德投信,施羅德
B23092,2014-04-01,3.8299999237060547,英鎊,施羅德環球基金系列－英國股票(英鎊)A1-累積,yfinance,股票型,英國,A0042 施羅德投信,施羅德
B23092,2014-04-02,3.8499999046325684,英鎊,施羅德環球基金系列－英國股票(英鎊)A1-累積,yfinance,股票型,英國,A0042 施羅德投信,施羅德
B23092,2014-04-03,3.8399999141693115,英鎊,施羅德環球基金系列－英國股票(英鎊)A1-累積,yfinance,股票型,英國,A0042 施羅德投信,施羅德
B23092,2014-04-04,3.8499999046325684,英鎊,施羅德環球基金系列－英國股票(英鎊)A1-累積,yfinance,股票型,英國,A0042 施羅德投信,施羅德
B23092,2014-04-07,3.8299999237060547,英鎊,施羅德環球基金系列－英國股票(英鎊)A1-累積,yfinance,股票型,英國,A0042 施羅德投信,施羅德
B23092,2014-04-08,3.75,英鎊,施羅德環球基金系列－英國股票(英鎊)A1-累積,yfinance,股票型,英國,A0042 施羅德投信,施羅德
B23092,2014-04-09,3.7899999618530273,英鎊,施羅德環球基金系列－英國股票(英鎊)A1-累積,yfinance,股票型,英國,A0042 施羅德投信,施羅德
B23092,2014-04-10,3.799999952316284,英鎊,施羅德環球基金系列－英國股票(英鎊)A1-累積,yfinance,股票型,英國,A0042 施羅德投信,施羅德
B23092,2014-04-11,3.7200000286102295,英鎊,施羅德環球基金系列－英國股票(英鎊)A1-累積,yfinance,股票型,英國,A0042 施羅德投信,施羅德
B23092,2014-04-14,3.700000047683716,英鎊,施羅德環球基金系列－英國股票(英鎊)A1-累積,yfinance,股票型,英國,A0042 施羅德投信,施羅德
B23092,2014-04-15,3.7100000381469727,英鎊,施羅德環球基金系列－英國股票(英鎊)A1-累積,yfinance,股票型,英國,A0042 施羅德投信,施羅德
B23092,2014-04-16,3.7100000381469727,英鎊,施羅德環球基金系列－英國股票(英鎊)A1-累積,yfinance,股票型,英國,A0042 施羅德投信,施羅德
B23092,2014-04-17,3.759999990463257,英鎊,施羅德環球基金系列－英國股票(英鎊)A1-累積,yfinance,股票型,英國,A0042 施羅德投信,施羅德
B23092,2014-04-22,3.809999942779541,英鎊,施羅德環球基金系列－英國股票(英鎊)A1-累積,yfinance,股票型,英國,A0042 施羅德投信,施羅德
B23092,2014-04-23,3.799999952316284,英鎊,施羅德環球基金系列－英國股票(英鎊)A1-累積,yfinance,股票型,英國,A0042 施羅德投信,施羅德
B23092,2014-04-24,3.819999933242798,英鎊,施羅德環球基金系列－英國股票(英鎊)A1-累積,yfinance,股票型,英國,A0042 施羅德投信,施羅德
B23092,2014-04-25,3.819999933242798,英鎊,施羅德環球基金系列－英國股票(英鎊)A1-累積,yfinance,股票型,英國,A0042 施羅德投信,施羅德
B23092,2014-04-28,3.809999942779541,英鎊,施羅德環球基金系列－英國股票(英鎊)A1-累積,yfinance,股票型,英國,A0042 施羅德投信,施羅德
B23092,2014-04-29,3.8299999237060547,英鎊,施羅德環球基金系列－英國股票(英鎊)A1-累積,yfinance,股票型,英國,A0042 施羅德投信,施羅德
B23092,2014-04-30,3.8399999141693115,英鎊,施羅德環球基金系列－英國股票(英鎊)A1-累積,yfinance,股票型,英國,A0042 施羅德投信,施羅德
B23092,2014-05-01,3.8499999046325684,英鎊,施羅德環球基金系列－英國股票(英鎊)A1-累積,yfinance,股票型,英國,A0042 施羅德投信,施羅德
B23092,2014-05-02,3.880000114440918,英鎊,施羅德環球基金系列－英國股票(英鎊)A1-累積,yfinance,股票型,英國,A0042 施羅德投信,施羅德
B23092,2014-05-06,3.859999895095825,英鎊,施羅德環球基金系列－英國股票(英鎊)A1-累積,yfinance,股票型,英國,A0042 施羅德投信,施羅德
B23092,2014-05-07,3.859999895095825,英鎊,施羅德環球基金系列－英國股票(英鎊)A1-累積,yfinance,股票型,英國,A0042 施羅德投信,施羅德
B23092,2014-05-08,3.869999885559082,英鎊,施羅德環球基金系列－英國股票(英鎊)A1-累積,yfinance,股票型,英國,A0042 施羅德投信,施羅德
B23092,2014-05-09,3.869999885559082,英鎊,施羅德環球基金系列－英國股票(英鎊)A1-累積,yfinance,股票型,英國,A0042 施羅德投信,施羅德
B23092,2014-05-12,3.869999885559082,英鎊,施羅德環球基金系列－英國股票(英鎊)A1-累積,yfinance,股票型,英國,A0042 施羅德投信,施羅德
B23092,2014-05-13,3.880000114440918,英鎊,施羅德環球基金系列－英國股票(英鎊)A1-累積,yfinance,股票型,英國,A0042 施羅德投信,施羅德
B23092,2014-05-14,3.880000114440918,英鎊,施羅德環球基金系列－英國股票(英鎊)A1-累積,yfinance,股票型,英國,A0042 施羅德投信,施羅德
B23092,2014-05-15,3.8499999046325684,英鎊,施羅德環球基金系列－英國股票(英鎊)A1-累積,yfinance,股票型,英國,A0042 施羅德投信,施羅德
B23092,2014-05-16,3.799999952316284,英鎊,施羅德環球基金系列－英國股票(英鎊)A1-累積,yfinance,股票型,英國,A0042 施羅德投信,施羅德
B23092,2014-05-19,3.799999952316284,英鎊,施羅德環球基金系列－英國股票(英鎊)A1-累積,yfinance,股票型,英國,A0042 施羅德投信,施羅德
B23092,2014-05-20,3.809999942779541,英鎊,施羅德環球基金系列－英國股票(英鎊)A1-累積,yfinance,股票型,英國,A0042 施羅德投信,施羅德
B23092,2014-05-21,3.809999942779541,英鎊,施羅德環球基金系列－英國股票(英鎊)A1-累積,yfinance,股票型,英國,A0042 施羅德投信,施羅德
B23092,2014-05-22,3.8399999141693115,英鎊,施羅德環球基金系列－英國股票(英鎊)A1-累積,yfinance,股票型,英國,A0042 施羅德投信,施羅德
B23092,2014-05-23,3.8399999141693115,英鎊,施羅德環球基金系列－英國股票(英鎊)A1-累積,yfinance,股票型,英國,A0042 施羅德投信,施羅德
B23092,2014-05-27,3.859999895095825,英鎊,施羅德環球基金系列－英國股票(英鎊)A1-累積,yfinance,股票型,英國,A0042 施羅德投信,施羅德
B23092,2014-05-28,3.890000104904175,英鎊,施羅德環球基金系列－英國股票(英鎊)A1-累積,yfinance,股票型,英國,A0042 施羅德投信,施羅德
B23092,2014-05-29,3.9000000953674316,英鎊,施羅德環球基金系列－英國股票(英鎊)A1-累積,yfinance,股票型,英國,A0042 施羅德投信,施羅德
B23092,2014-05-30,3.9000000953674316,英鎊,施羅德環球基金系列－英國股票(英鎊)A1-累積,yfinance,股票型,英國,A0042 施羅德投信,施羅德
B23092,2014-06-02,3.9000000953674316,英鎊,施羅德環球基金系列－英國股票(英鎊)A1-累積,yfinance,股票型,英國,A0042 施羅德投信,施羅德
B23092,2014-06-03,3.869999885559082,英鎊,施羅德環球基金系列－英國股票(英鎊)A1-累積,yfinance,股票型,英國,A0042 施羅德投信,施羅德
B23092,2014-06-04,3.869999885559082,英鎊,施羅德環球基金系列－英國股票(英鎊)A1-累積,yfinance,股票型,英國,A0042 施羅德投信,施羅德
B23092,2014-06-05,3.890000104904175,英鎊,施羅德環球基金系列－英國股票(英鎊)A1-累積,yfinance,股票型,英國,A0042 施羅德投信,施羅德
B23092,2014-06-06,3.940000057220459,英鎊,施羅德環球基金系列－英國股票(英鎊)A1-累積,yfinance,股票型,英國,A0042 施羅德投信,施羅德
B23092,2014-06-09,3.9200000762939453,英鎊,施羅德環球基金系列－英國股票(英鎊)A1-累積,yfinance,股票型,英國,A0042 施羅德投信,施羅德
B23092,2014-06-10,3.9200000762939453,英鎊,施羅德環球基金系列－英國股票(英鎊)A1-累積,yfinance,股票型,英國,A0042 施羅德投信,施羅德
B23092,2014-06-11,3.9100000858306885,英鎊,施羅德環球基金系列－英國股票(英鎊)A1-累積,yfinance,股票型,英國,A0042 施羅德投信,施羅德
B23092,2014-06-12,3.9200000762939453,英鎊,施羅德環球基金系列－英國股票(英鎊)A1-累積,yfinance,股票型,英國,A0042 施羅德投信,施羅德
B23092,2014-06-13,3.8499999046325684,英鎊,施羅德環球基金系列－英國股票(英鎊)A1-累積,yfinance,股票型,英國,A0042 施羅德投信,施羅德
B23092,2014-06-16,3.8299999237060547,英鎊,施羅德環球基金系列－英國股票(英鎊)A1-累積,yfinance,股票型,英國,A0042 施羅德投信,施羅德
B23092,2014-06-17,3.809999942779541,英鎊,施羅德環球基金系列－英國股票(英鎊)A1-累積,yfinance,股票型,英國,A0042 施羅德投信,施羅德
B23092,2014-06-18,3.8399999141693115,英鎊,施羅德環球基金系列－英國股票(英鎊)A1-累積,yfinance,股票型,英國,A0042 施羅德投信,施羅德
B23092,2014-06-19,3.8499999046325684,英鎊,施羅德環球基金系列－英國股票(英鎊)A1-累積,yfinance,股票型,英國,A0042 施羅德投信,施羅德
B23092,2014-06-20,3.859999895095825,英鎊,施羅德環球基金系列－英國股票(英鎊)A1-累積,yfinance,股票型,英國,A0042 施羅德投信,施羅德
B23092,2014-06-23,3.8399999141693115,英鎊,施羅德環球基金系列－英國股票(英鎊)A1-累積,yfinance,股票型,英國,A0042 施羅德投信,施羅德
B23092,2014-06-24,3.819999933242798,英鎊,施羅德環球基金系列－英國股票(英鎊)A1-累積,yfinance,股票型,英國,A0042 施羅德投信,施羅德
B23092,2014-06-25,3.7899999618530273,英鎊,施羅德環球基金系列－英國股票(英鎊)A1-累積,yfinance,股票型,英國,A0042 施羅德投信,施羅德
B23092,2014-06-26,3.809999942779541,英鎊,施羅德環球基金系列－英國股票(英鎊)A1-累積,yfinance,股票型,英國,A0042 施羅德投信,施羅德
B23092,2014-06-27,3.819999933242798,英鎊,施羅德環球基金系列－英國股票(英鎊)A1-累積,yfinance,股票型,英國,A0042 施羅德投信,施羅德
B23092,2014-06-30,3.8299999237060547,英鎊,施羅德環球基金系列－英國股票(英鎊)A1-累積,yfinance,股票型,英國,A0042 施羅德投信,施羅德
B23092,2014-07-01,3.8399999141693115,英鎊,施羅德環球基金系列－英國股票(英鎊)A1-累積,yfinance,股票型,英國,A0042 施羅德投信,施羅德
B23092,2014-07-02,3.859999895095825,英鎊,施羅德環球基金系列－英國股票(英鎊)A1-累積,yfinance,股票型,英國,A0042 施羅德投信,施羅德
B23092,2014-07-03,3.880000114440918,英鎊,施羅德環球基金系列－英國股票(英鎊)A1-累積,yfinance,股票型,英國,A0042 施羅德投信,施羅德
B23092,2014-07-04,3.890000104904175,英鎊,施羅德環球基金系列－英國股票(英鎊)A1-累積,yfinance,股票型,英國,A0042 施羅德投信,施羅德
B23092,2014-07-07,3.869999885559082,英鎊,施羅德環球基金系列－英國股票(英鎊)A1-累積,yfinance,股票型,英國,A0042 施羅德投信,施羅德
B23092,2014-07-08,3.8299999237060547,英鎊,施羅德環球基金系列－英國股票(英鎊)A1-累積,yfinance,股票型,英國,A0042 施羅德投信,施羅德
B23092,2014-07-09,3.7899999618530273,英鎊,施羅德環球基金系列－英國股票(英鎊)A1-累積,yfinance,股票型,英國,A0042 施羅德投信,施羅德
B23092,2014-07-10,3.75,英鎊,施羅德環球基金系列－英國股票(英鎊)A1-累積,yfinance,股票型,英國,A0042 施羅德投信,施羅德
B23092,2014-07-11,3.7699999809265137,英鎊,施羅德環球基金系列－英國股票(英鎊)A1-累積,yfinance,股票型,英國,A0042 施羅德投信,施羅德
B23092,2014-07-14,3.799999952316284,英鎊,施羅德環球基金系列－英國股票(英鎊)A1-累積,yfinance,股票型,英國,A0042 施羅德投信,施羅德
B23092,2014-07-15,3.799999952316284,英鎊,施羅德環球基金系列－英國股票(英鎊)A1-累積,yfinance,股票型,英國,A0042 施羅德投信,施羅德
B23092,2014-07-16,3.819999933242798,英鎊,施羅德環球基金系列－英國股票(英鎊)A1-累積,yfinance,股票型,英國,A0042 施羅德投信,施羅德
B23092,2014-07-17,3.809999942779541,英鎊,施羅德環球基金系列－英國股票(英鎊)A1-累積,yfinance,股票型,英國,A0042 施羅德投信,施羅德
B23092,2014-07-18,3.7899999618530273,英鎊,施羅德環球基金系列－英國股票(英鎊)A1-累積,yfinance,股票型,英國,A0042 施羅德投信,施羅德
B23092,2014-07-21,3.799999952316284,英鎊,施羅德環球基金系列－英國股票(英鎊)A1-累積,yfinance,股票型,英國,A0042 施羅德投信,施羅德
B23092,2014-07-22,3.819999933242798,英鎊,施羅德環球基金系列－英國股票(英鎊)A1-累積,yfinance,股票型,英國,A0042 施羅德投信,施羅德
B23092,2014-07-23,3.8299999237060547,英鎊,施羅德環球基金系列－英國股票(英鎊)A1-累積,yfinance,股票型,英國,A0042 施羅德投信,施羅德
B23092,2014-07-24,3.8399999141693115,英鎊,施羅德環球基金系列－英國股票(英鎊)A1-累積,yfinance,股票型,英國,A0042 施羅德投信,施羅德
B23092,2014-07-25,3.8399999141693115,英鎊,施羅德環球基金系列－英國股票(英鎊)A1-累積,yfinance,股票型,英國,A0042 施羅德投信,施羅德
B23092,2014-07-28,3.8299999237060547,英鎊,施羅德環球基金系列－英國股票(英鎊)A1-累積,yfinance,股票型,英國,A0042 施羅德投信,施羅德
B23092,2014-07-29,3.8399999141693115,英鎊,施羅德環球基金系列－英國股票(英鎊)A1-累積,yfinance,股票型,英國,A0042 施羅德投信,施羅德
B23092,2014-07-30,3.8399999141693115,英鎊,施羅德環球基金系列－英國股票(英鎊)A1-累積,yfinance,股票型,英國,A0042 施羅德投信,施羅德
B23092,2014-07-31,3.809999942779541,英鎊,施羅德環球基金系列－英國股票(英鎊)A1-累積,yfinance,股票型,英國,A0042 施羅德投信,施羅德
B23092,2014-08-01,3.7699999809265137,英鎊,施羅德環球基金系列－英國股票(英鎊)A1-累積,yfinance,股票型,英國,A0042 施羅德投信,施羅德
B23092,2014-08-04,3.7899999618530273,英鎊,施羅德環球基金系列－英國股票(英鎊)A1-累積,yfinance,股票型,英國,A0042 施羅德投信,施羅德
B23092,2014-08-05,3.7799999713897705,英鎊,施羅德環球基金系列－英國股票(英鎊)A1-累積,yfinance,股票型,英國,A0042 施羅德投信,施羅德
B23092,2014-08-06,3.75,英鎊,施羅德環球基金系列－英國股票(英鎊)A1-累積,yfinance,股票型,英國,A0042 施羅德投信,施羅德
B23092,2014-08-07,3.759999990463257,英鎊,施羅德環球基金系列－英國股票(英鎊)A1-累積,yfinance,股票型,英國,A0042 施羅德投信,施羅德
B23092,2014-08-08,3.740000009536743,英鎊,施羅德環球基金系列－英國股票(英鎊)A1-累積,yfinance,股票型,英國,A0042 施羅德投信,施羅德
B23092,2014-08-11,3.759999990463257,英鎊,施羅德環球基金系列－英國股票(英鎊)A1-累積,yfinance,股票型,英國,A0042 施羅德投信,施羅德
B23092,2014-08-12,3.7699999809265137,英鎊,施羅德環球基金系列－英國股票(英鎊)A1-累積,yfinance,股票型,英國,A0042 施羅德投信,施羅德
B23092,2014-08-13,3.7899999618530273,英鎊,施羅德環球基金系列－英國股票(英鎊)A1-累積,yfinance,股票型,英國,A0042 施羅德投信,施羅德
B23092,2014-08-14,3.809999942779541,英鎊,施羅德環球基金系列－英國股票(英鎊)A1-累積,yfinance,股票型,英國,A0042 施羅德投信,施羅德
B23092,2014-08-15,3.8299999237060547,英鎊,施羅德環球基金系列－英國股票(英鎊)A1-累積,yfinance,股票型,英國,A0042 施羅德投信,施羅德
B23092,2014-08-18,3.8399999141693115,英鎊,施羅德環球基金系列－英國股票(英鎊)A1-累積,yfinance,股票型,英國,A0042 施羅德投信,施羅德
B23092,2014-08-19,3.869999885559082,英鎊,施羅德環球基金系列－英國股票(英鎊)A1-累積,yfinance,股票型,英國,A0042 施羅德投信,施羅德
B23092,2014-08-20,3.859999895095825,英鎊,施羅德環球基金系列－英國股票(英鎊)A1-累積,yfinance,股票型,英國,A0042 施羅德投信,施羅德
B23092,2014-08-21,3.880000114440918,英鎊,施羅德環球基金系列－英國股票(英鎊)A1-累積,yfinance,股票型,英國,A0042 施羅德投信,施羅德
B23092,2014-08-22,3.890000104904175,英鎊,施羅德環球基金系列－英國股票(英鎊)A1-累積,yfinance,股票型,英國,A0042 施羅德投信,施羅德
B23092,2014-08-26,3.9000000953674316,英鎊,施羅德環球基金系列－英國股票(英鎊)A1-累積,yfinance,股票型,英國,A0042 施羅德投信,施羅德
B23092,2014-08-27,3.9200000762939453,英鎊,施羅德環球基金系列－英國股票(英鎊)A1-累積,yfinance,股票型,英國,A0042 施羅德投信,施羅德
B23092,2014-08-28,3.9100000858306885,英鎊,施羅德環球基金系列－英國股票(英鎊)A1-累積,yfinance,股票型,英國,A0042 施羅德投信,施羅德
B23092,2014-08-29,3.9000000953674316,英鎊,施羅德環球基金系列－英國股票(英鎊)A1-累積,yfinance,股票型,英國,A0042 施羅德投信,施羅德
B23092,2014-09-01,3.9200000762939453,英鎊,施羅德環球基金系列－英國股票(英鎊)A1-累積,yfinance,股票型,英國,A0042 施羅德投信,施羅德
B23092,2014-09-02,3.9100000858306885,英鎊,施羅德環球基金系列－英國股票(英鎊)A1-累積,yfinance,股票型,英國,A0042 施羅德投信,施羅德
B23092,2014-09-03,3.950000047683716,英鎊,施羅德環球基金系列－英國股票(英鎊)A1-累積,yfinance,股票型,英國,A0042 施羅德投信,施羅德
B23092,2014-09-04,3.940000057220459,英鎊,施羅德環球基金系列－英國股票(英鎊)A1-累積,yfinance,股票型,英國,A0042 施羅德投信,施羅德
B23092,2014-09-05,3.9200000762939453,英鎊,施羅德環球基金系列－英國股票(英鎊)A1-累積,yfinance,股票型,英國,A0042 施羅德投信,施羅德
B23092,2014-09-08,3.880000114440918,英鎊,施羅德環球基金系列－英國股票(英鎊)A1-累積,yfinance,股票型,英國,A0042 施羅德投信,施羅德
B23092,2014-09-09,3.9000000953674316,英鎊,施羅德環球基金系列－英國股票(英鎊)A1-累積,yfinance,股票型,英國,A0042 施羅德投信,施羅德
B23092,2014-09-10,3.9000000953674316,英鎊,施羅德環球基金系列－英國股票(英鎊)A1-累積,yfinance,股票型,英國,A0042 施羅德投信,施羅德
B23092,2014-09-11,3.869999885559082,英鎊,施羅德環球基金系列－英國股票(英鎊)A1-累積,yfinance,股票型,英國,A0042 施羅德投信,施羅德
B23092,2014-09-12,3.9000000953674316,英鎊,施羅德環球基金系列－英國股票(英鎊)A1-累積,yfinance,股票型,英國,A0042 施羅德投信,施羅德
B23092,2014-09-15,3.880000114440918,英鎊,施羅德環球基金系列－英國股票(英鎊)A1-累積,yfinance,股票型,英國,A0042 施羅德投信,施羅德
B23092,2014-09-16,3.869999885559082,英鎊,施羅德環球基金系列－英國股票(英鎊)A1-累積,yfinance,股票型,英國,A0042 施羅德投信,施羅德
B23092,2014-09-17,3.880000114440918,英鎊,施羅德環球基金系列－英國股票(英鎊)A1-累積,yfinance,股票型,英國,A0042 施羅德投信,施羅德
B23092,2014-09-18,3.9000000953674316,英鎊,施羅德環球基金系列－英國股票(英鎊)A1-累積,yfinance,股票型,英國,A0042 施羅德投信,施羅德
B23092,2014-09-19,3.940000057220459,英鎊,施羅德環球基金系列－英國股票(英鎊)A1-累積,yfinance,股票型,英國,A0042 施羅德投信,施羅德
B23092,2014-09-22,3.9100000858306885,英鎊,施羅德環球基金系列－英國股票(英鎊)A1-累積,yfinance,股票型,英國,A0042 施羅德投信,施羅德
B23092,2014-09-23,3.8299999237060547,英鎊,施羅德環球基金系列－英國股票(英鎊)A1-累積,yfinance,股票型,英國,A0042 施羅德投信,施羅德
B23092,2014-09-24,3.859999895095825,英鎊,施羅德環球基金系列－英國股票(英鎊)A1-累積,yfinance,股票型,英國,A0042 施羅德投信,施羅德
B23092,2014-09-25,3.8499999046325684,英鎊,施羅德環球基金系列－英國股票(英鎊)A1-累積,yfinance,股票型,英國,A0042 施羅德投信,施羅德
B23092,2014-09-26,3.809999942779541,英鎊,施羅德環球基金系列－英國股票(英鎊)A1-累積,yfinance,股票型,英國,A0042 施羅德投信,施羅德
B23092,2014-09-29,3.799999952316284,英鎊,施羅德環球基金系列－英國股票(英鎊)A1-累積,yfinance,股票型,英國,A0042 施羅德投信,施羅德
B23092,2014-09-30,3.799999952316284,英鎊,施羅德環球基金系列－英國股票(英鎊)A1-累積,yfinance,股票型,英國,A0042 施羅德投信,施羅德
B23092,2014-10-01,3.7799999713897705,英鎊,施羅德環球基金系列－英國股票(英鎊)A1-累積,yfinance,股票型,英國,A0042 施羅德投信,施羅德
B23092,2014-10-02,3.75,英鎊,施羅德環球基金系列－英國股票(英鎊)A1-累積,yfinance,股票型,英國,A0042 施羅德投信,施羅德
B23092,2014-10-03,3.75,英鎊,施羅德環球基金系列－英國股票(英鎊)A1-累積,yfinance,股票型,英國,A0042 施羅德投信,施羅德
B23092,2014-10-06,3.7799999713897705,英鎊,施羅德環球基金系列－英國股票(英鎊)A1-累積,yfinance,股票型,英國,A0042 施羅德投信,施羅德
B23092,2014-10-07,3.759999990463257,英鎊,施羅德環球基金系列－英國股票(英鎊)A1-累積,yfinance,股票型,英國,A0042 施羅德投信,施羅德
B23092,2014-10-08,3.7200000286102295,英鎊,施羅德環球基金系列－英國股票(英鎊)A1-累積,yfinance,股票型,英國,A0042 施羅德投信,施羅德
B23092,2014-10-09,3.700000047683716,英鎊,施羅德環球基金系列－英國股票(英鎊)A1-累積,yfinance,股票型,英國,A0042 施羅德投信,施羅德
B23092,2014-10-10,3.6600000858306885,英鎊,施羅德環球基金系列－英國股票(英鎊)A1-累積,yfinance,股票型,英國,A0042 施羅德投信,施羅德
B23092,2014-10-13,3.6700000762939453,英鎊,施羅德環球基金系列－英國股票(英鎊)A1-累積,yfinance,股票型,英國,A0042 施羅德投信,施羅德
B23092,2014-10-14,3.6600000858306885,英鎊,施羅德環球基金系列－英國股票(英鎊)A1-累積,yfinance,股票型,英國,A0042 施羅德投信,施羅德
B23092,2014-10-15,3.630000114440918,英鎊,施羅德環球基金系列－英國股票(英鎊)A1-累積,yfinance,股票型,英國,A0042 施羅德投信,施羅德
B23092,2014-10-16,3.5399999618530273,英鎊,施羅德環球基金系列－英國股票(英鎊)A1-累積,yfinance,股票型,英國,A0042 施羅德投信,施羅德
B23092,2014-10-17,3.640000104904175,英鎊,施羅德環球基金系列－英國股票(英鎊)A1-累積,yfinance,股票型,英國,A0042 施羅德投信,施羅德
B23092,2014-10-20,3.630000114440918,英鎊,施羅德環球基金系列－英國股票(英鎊)A1-累積,yfinance,股票型,英國,A0042 施羅德投信,施羅德
B23092,2014-10-21,3.680000066757202,英鎊,施羅德環球基金系列－英國股票(英鎊)A1-累積,yfinance,股票型,英國,A0042 施羅德投信,施羅德
B23092,2014-10-22,3.7200000286102295,英鎊,施羅德環球基金系列－英國股票(英鎊)A1-累積,yfinance,股票型,英國,A0042 施羅德投信,施羅德
B23092,2014-10-23,3.7200000286102295,英鎊,施羅德環球基金系列－英國股票(英鎊)A1-累積,yfinance,股票型,英國,A0042 施羅德投信,施羅德
B23092,2014-10-24,3.7100000381469727,英鎊,施羅德環球基金系列－英國股票(英鎊)A1-累積,yfinance,股票型,英國,A0042 施羅德投信,施羅德
B23092,2014-10-27,3.700000047683716,英鎊,施羅德環球基金系列－英國股票(英鎊)A1-累積,yfinance,股票型,英國,A0042 施羅德投信,施羅德
B23092,2014-10-28,3.7200000286102295,英鎊,施羅德環球基金系列－英國股票(英鎊)A1-累積,yfinance,股票型,英國,A0042 施羅德投信,施羅德
B23092,2014-10-29,3.759999990463257,英鎊,施羅德環球基金系列－英國股票(英鎊)A1-累積,yfinance,股票型,英國,A0042 施羅德投信,施羅德
B23092,2014-10-30,3.740000009536743,英鎊,施羅德環球基金系列－英國股票(英鎊)A1-累積,yfinance,股票型,英國,A0042 施羅德投信,施羅德
B23092,2014-10-31,3.819999933242798,英鎊,施羅德環球基金系列－英國股票(英鎊)A1-累積,yfinance,股票型,英國,A0042 施羅德投信,施羅德
B23092,2014-11-03,3.799999952316284,英鎊,施羅德環球基金系列－英國股票(英鎊)A1-累積,yfinance,股票型,英國,A0042 施羅德投信,施羅德
B23092,2014-11-04,3.799999952316284,英鎊,施羅德環球基金系列－英國股票(英鎊)A1-累積,yfinance,股票型,英國,A0042 施羅德投信,施羅德
B23092,2014-11-05,3.8499999046325684,英鎊,施羅德環球基金系列－英國股票(英鎊)A1-累積,yfinance,股票型,英國,A0042 施羅德投信,施羅德
B23092,2014-11-06,3.8399999141693115,英鎊,施羅德環球基金系列－英國股票(英鎊)A1-累積,yfinance,股票型,英國,A0042 施羅德投信,施羅德
B23092,2014-11-07,3.8399999141693115,英鎊,施羅德環球基金系列－英國股票(英鎊)A1-累積,yfinance,股票型,英國,A0042 施羅德投信,施羅德
B23092,2014-11-10,3.8499999046325684,英鎊,施羅德環球基金系列－英國股票(英鎊)A1-累積,yfinance,股票型,英國,A0042 施羅德投信,施羅德
B23092,2014-11-11,3.869999885559082,英鎊,施羅德環球基金系列－英國股票(英鎊)A1-累積,yfinance,股票型,英國,A0042 施羅德投信,施羅德
B23092,2014-11-12,3.859999895095825,英鎊,施羅德環球基金系列－英國股票(英鎊)A1-累積,yfinance,股票型,英國,A0042 施羅德投信,施羅德
B23092,2014-11-13,3.869999885559082,英鎊,施羅德環球基金系列－英國股票(英鎊)A1-累積,yfinance,股票型,英國,A0042 施羅德投信,施羅德
B23092,2014-11-14,3.880000114440918,英鎊,施羅德環球基金系列－英國股票(英鎊)A1-累積,yfinance,股票型,英國,A0042 施羅德投信,施羅德
B23092,2014-11-17,3.890000104904175,英鎊,施羅德環球基金系列－英國股票(英鎊)A1-累積,yfinance,股票型,英國,A0042 施羅德投信,施羅德
B23092,2014-11-18,3.9200000762939453,英鎊,施羅德環球基金系列－英國股票(英鎊)A1-累積,yfinance,股票型,英國,A0042 施羅德投信,施羅德
B23092,2014-11-19,3.9100000858306885,英鎊,施羅德環球基金系列－英國股票(英鎊)A1-累積,yfinance,股票型,英國,A0042 施羅德投信,施羅德
B23092,2014-11-20,3.880000114440918,英鎊,施羅德環球基金系列－英國股票(英鎊)A1-累積,yfinance,股票型,英國,A0042 施羅德投信,施羅德
B23092,2014-11-21,3.940000057220459,英鎊,施羅德環球基金系列－英國股票(英鎊)A1-累積,yfinance,股票型,英國,A0042 施羅德投信,施羅德
B23092,2014-11-24,3.930000066757202,英鎊,施羅德環球基金系列－英國股票(英鎊)A1-累積,yfinance,股票型,英國,A0042 施羅德投信,施羅德
B23092,2014-11-25,3.940000057220459,英鎊,施羅德環球基金系列－英國股票(英鎊)A1-累積,yfinance,股票型,英國,A0042 施羅德投信,施羅德
B23092,2014-11-26,3.940000057220459,英鎊,施羅德環球基金系列－英國股票(英鎊)A1-累積,yfinance,股票型,英國,A0042 施羅德投信,施羅德
B23092,2014-11-27,3.9700000286102295,英鎊,施羅德環球基金系列－英國股票(英鎊)A1-累積,yfinance,股票型,英國,A0042 施羅德投信,施羅德
B23092,2014-11-28,3.940000057220459,英鎊,施羅德環球基金系列－英國股票(英鎊)A1-累積,yfinance,股票型,英國,A0042 施羅德投信,施羅德
B23092,2014-12-01,3.9100000858306885,英鎊,施羅德環球基金系列－英國股票(英鎊)A1-累積,yfinance,股票型,英國,A0042 施羅德投信,施羅德
B23092,2014-12-02,3.940000057220459,英鎊,施羅德環球基金系列－英國股票(英鎊)A1-累積,yfinance,股票型,英國,A0042 施羅德投信,施羅德
B23092,2014-12-03,3.950000047683716,英鎊,施羅德環球基金系列－英國股票(英鎊)A1-累積,yfinance,股票型,英國,A0042 施羅德投信,施羅德
B23092,2014-12-04,3.930000066757202,英鎊,施羅德環球基金系列－英國股票(英鎊)A1-累積,yfinance,股票型,英國,A0042 施羅德投信,施羅德
B23092,2014-12-05,3.9700000286102295,英鎊,施羅德環球基金系列－英國股票(英鎊)A1-累積,yfinance,股票型,英國,A0042 施羅德投信,施羅德
B23092,2014-12-08,3.950000047683716,英鎊,施羅德環球基金系列－英國股票(英鎊)A1-累積,yfinance,股票型,英國,A0042 施羅德投信,施羅德
B23092,2014-12-09,3.890000104904175,英鎊,施羅德環球基金系列－英國股票(英鎊)A1-累積,yfinance,股票型,英國,A0042 施羅德投信,施羅德
B23092,2014-12-10,3.869999885559082,英鎊,施羅德環球基金系列－英國股票(英鎊)A1-累積,yfinance,股票型,英國,A0042 施羅德投信,施羅德
B23092,2014-12-11,3.8399999141693115,英鎊,施羅德環球基金系列－英國股票(英鎊)A1-累積,yfinance,股票型,英國,A0042 施羅德投信,施羅德
B23092,2014-12-12,3.799999952316284,英鎊,施羅德環球基金系列－英國股票(英鎊)A1-累積,yfinance,股票型,英國,A0042 施羅德投信,施羅德
B23092,2014-12-15,3.7300000190734863,英鎊,施羅德環球基金系列－英國股票(英鎊)A1-累積,yfinance,股票型,英國,A0042 施羅德投信,施羅德
B23092,2014-12-16,3.690000057220459,英鎊,施羅德環球基金系列－英國股票(英鎊)A1-累積,yfinance,股票型,英國,A0042 施羅德投信,施羅德
B23092,2014-12-17,3.7300000190734863,英鎊,施羅德環球基金系列－英國股票(英鎊)A1-累積,yfinance,股票型,英國,A0042 施羅德投信,施羅德
B23092,2014-12-18,3.809999942779541,英鎊,施羅德環球基金系列－英國股票(英鎊)A1-累積,yfinance,股票型,英國,A0042 施羅德投信,施羅德
B23092,2014-12-19,3.859999895095825,英鎊,施羅德環球基金系列－英國股票(英鎊)A1-累積,yfinance,股票型,英國,A0042 施羅德投信,施羅德
B23092,2014-12-22,3.9100000858306885,英鎊,施羅德環球基金系列－英國股票(英鎊)A1-累積,yfinance,股票型,英國,A0042 施羅德投信,施羅德
B23092,2014-12-23,3.9100000858306885,英鎊,施羅德環球基金系列－英國股票(英鎊)A1-累積,yfinance,股票型,英國,A0042 施羅德投信,施羅德
B23092,2014-12-29,3.9200000762939453,英鎊,施羅德環球基金系列－英國股票(英鎊)A1-累積,yfinance,股票型,英國,A0042 施羅德投信,施羅德
B23092,2014-12-30,3.9100000858306885,英鎊,施羅德環球基金系列－英國股票(英鎊)A1-累積,yfinance,股票型,英國,A0042 施羅德投信,施羅德
B23092,2014-12-31,3.9100000858306885,英鎊,施羅德環球基金系列－英國股票(英鎊)A1-累積,yfinance,股票型,英國,A0042 施羅德投信,施羅德
B24073,2014-01-02,3.489565372467041,英鎊,霸菱成熟及新興市場非投資等級債券基金-G類英鎊避險季配息型,yfinance,債券型,全球市場,B0149 霸菱投顧,霸菱
B24073,2014-01-03,3.489565372467041,英鎊,霸菱成熟及新興市場非投資等級債券基金-G類英鎊避險季配息型,yfinance,債券型,全球市場,B0149 霸菱投顧,霸菱
B24073,2014-01-06,3.494288444519043,英鎊,霸菱成熟及新興市場非投資等級債券基金-G類英鎊避險季配息型,yfinance,債券型,全球市場,B0149 霸菱投顧,霸菱
B24073,2014-01-07,3.499009132385254,英鎊,霸菱成熟及新興市場非投資等級債券基金-G類英鎊避險季配息型,yfinance,債券型,全球市場,B0149 霸菱投顧,霸菱
B24073,2014-01-08,3.499009132385254,英鎊,霸菱成熟及新興市場非投資等級債券基金-G類英鎊避險季配息型,yfinance,債券型,全球市場,B0149 霸菱投顧,霸菱
B24073,2014-01-09,3.503732681274414,英鎊,霸菱成熟及新興市場非投資等級債券基金-G類英鎊避險季配息型,yfinance,債券型,全球市場,B0149 霸菱投顧,霸菱
B24073,2014-01-10,3.503732681274414,英鎊,霸菱成熟及新興市場非投資等級債券基金-G類英鎊避險季配息型,yfinance,債券型,全球市場,B0149 霸菱投顧,霸菱
B24073,2014-01-13,3.503732681274414,英鎊,霸菱成熟及新興市場非投資等級債券基金-G類英鎊避險季配息型,yfinance,債券型,全球市場,B0149 霸菱投顧,霸菱
B24073,2014-01-14,3.508453607559204,英鎊,霸菱成熟及新興市場非投資等級債券基金-G類英鎊避險季配息型,yfinance,債券型,全球市場,B0149 霸菱投顧,霸菱
B24073,2014-01-15,3.508453607559204,英鎊,霸菱成熟及新興市場非投資等級債券基金-G類英鎊避險季配息型,yfinance,債券型,全球市場,B0149 霸菱投顧,霸菱
B24073,2014-01-16,3.5131759643554688,英鎊,霸菱成熟及新興市場非投資等級債券基金-G類英鎊避險季配息型,yfinance,債券型,全球市場,B0149 霸菱投顧,霸菱
B24073,2014-01-17,3.5131759643554688,英鎊,霸菱成熟及新興市場非投資等級債券基金-G類英鎊避險季配息型,yfinance,債券型,全球市場,B0149 霸菱投顧,霸菱
B24073,2014-01-20,3.517897367477417,英鎊,霸菱成熟及新興市場非投資等級債券基金-G類英鎊避險季配息型,yfinance,債券型,全球市場,B0149 霸菱投顧,霸菱
B24073,2014-01-21,3.517897367477417,英鎊,霸菱成熟及新興市場非投資等級債券基金-G類英鎊避險季配息型,yfinance,債券型,全球市場,B0149 霸菱投顧,霸菱
B24073,2014-01-22,3.517897367477417,英鎊,霸菱成熟及新興市場非投資等級債券基金-G類英鎊避險季配息型,yfinance,債券型,全球市場,B0149 霸菱投顧,霸菱
B24073,2014-01-23,3.517897367477417,英鎊,霸菱成熟及新興市場非投資等級債券基金-G類英鎊避險季配息型,yfinance,債券型,全球市場,B0149 霸菱投顧,霸菱
B24073,2014-01-24,3.508453607559204,英鎊,霸菱成熟及新興市場非投資等級債券基金-G類英鎊避險季配息型,yfinance,債券型,全球市場,B0149 霸菱投顧,霸菱
B24073,2014-01-27,3.503732681274414,英鎊,霸菱成熟及新興市場非投資等級債券基金-G類英鎊避險季配息型,yfinance,債券型,全球市場,B0149 霸菱投顧,霸菱
B24073,2014-01-28,3.499009132385254,英鎊,霸菱成熟及新興市場非投資等級債券基金-G類英鎊避險季配息型,yfinance,債券型,全球市場,B0149 霸菱投顧,霸菱
B24073,2014-01-29,3.503732681274414,英鎊,霸菱成熟及新興市場非投資等級債券基金-G類英鎊避險季配息型,yfinance,債券型,全球市場,B0149 霸菱投顧,霸菱
B24073,2014-01-30,3.499009132385254,英鎊,霸菱成熟及新興市場非投資等級債券基金-G類英鎊避險季配息型,yfinance,債券型,全球市場,B0149 霸菱投顧,霸菱
B24073,2014-01-31,3.499009132385254,英鎊,霸菱成熟及新興市場非投資等級債券基金-G類英鎊避險季配息型,yfinance,債券型,全球市場,B0149 霸菱投顧,霸菱
B24073,2014-02-03,3.497452735900879,英鎊,霸菱成熟及新興市場非投資等級債券基金-G類英鎊避險季配息型,yfinance,債券型,全球市場,B0149 霸菱投顧,霸菱
B24073,2014-02-04,3.497452735900879,英鎊,霸菱成熟及新興市場非投資等級債券基金-G類英鎊避險季配息型,yfinance,債券型,全球市場,B0149 霸菱投顧,霸菱
B24073,2014-02-05,3.497452735900879,英鎊,霸菱成熟及新興市場非投資等級債券基金-G類英鎊避險季配息型,yfinance,債券型,全球市場,B0149 霸菱投顧,霸菱
B24073,2014-02-06,3.497452735900879,英鎊,霸菱成熟及新興市場非投資等級債券基金-G類英鎊避險季配息型,yfinance,債券型,全球市場,B0149 霸菱投顧,霸菱
B24073,2014-02-07,3.502244234085083,英鎊,霸菱成熟及新興市場非投資等級債券基金-G類英鎊避險季配息型,yfinance,債券型,全球市場,B0149 霸菱投顧,霸菱
B24073,2014-02-10,3.5070345401763916,英鎊,霸菱成熟及新興市場非投資等級債券基金-G類英鎊避險季配息型,yfinance,債券型,全球市場,B0149 霸菱投顧,霸菱
B24073,2014-02-11,3.511824607849121,英鎊,霸菱成熟及新興市場非投資等級債券基金-G類英鎊避險季配息型,yfinance,債券型,全球市場,B0149 霸菱投顧,霸菱
B24073,2014-02-12,3.511824607849121,英鎊,霸菱成熟及新興市場非投資等級債券基金-G類英鎊避險季配息型,yfinance,債券型,全球市場,B0149 霸菱投顧,霸菱
B24073,2014-02-13,3.5166175365448,英鎊,霸菱成熟及新興市場非投資等級債券基金-G類英鎊避險季配息型,yfinance,債券型,全球市場,B0149 霸菱投顧,霸菱
B24073,2014-02-14,3.5166175365448,英鎊,霸菱成熟及新興市場非投資等級債券基金-G類英鎊避險季配息型,yfinance,債券型,全球市場,B0149 霸菱投顧,霸菱
B24073,2014-02-17,3.5214085578918457,英鎊,霸菱成熟及新興市場非投資等級債券基金-G類英鎊避險季配息型,yfinance,債券型,全球市場,B0149 霸菱投顧,霸菱
B24073,2014-02-18,3.5214085578918457,英鎊,霸菱成熟及新興市場非投資等級債券基金-G類英鎊避險季配息型,yfinance,債券型,全球市場,B0149 霸菱投顧,霸菱
B24073,2014-02-19,3.5261993408203125,英鎊,霸菱成熟及新興市場非投資等級債券基金-G類英鎊避險季配息型,yfinance,債券型,全球市場,B0149 霸菱投顧,霸菱
B24073,2014-02-20,3.5261993408203125,英鎊,霸菱成熟及新興市場非投資等級債券基金-G類英鎊避險季配息型,yfinance,債券型,全球市場,B0149 霸菱投顧,霸菱
B24073,2014-02-21,3.5261993408203125,英鎊,霸菱成熟及新興市場非投資等級債券基金-G類英鎊避險季配息型,yfinance,債券型,全球市場,B0149 霸菱投顧,霸菱
B24073,2014-02-24,3.530989646911621,英鎊,霸菱成熟及新興市場非投資等級債券基金-G類英鎊避險季配息型,yfinance,債券型,全球市場,B0149 霸菱投顧,霸菱
B24073,2014-02-25,3.535780906677246,英鎊,霸菱成熟及新興市場非投資等級債券基金-G類英鎊避險季配息型,yfinance,債券型,全球市場,B0149 霸菱投顧,霸菱
B24073,2014-02-26,3.540571689605713,英鎊,霸菱成熟及新興市場非投資等級債券基金-G類英鎊避險季配息型,yfinance,債券型,全球市場,B0149 霸菱投顧,霸菱
B24073,2014-02-27,3.540571689605713,英鎊,霸菱成熟及新興市場非投資等級債券基金-G類英鎊避險季配息型,yfinance,債券型,全球市場,B0149 霸菱投顧,霸菱
B24073,2014-02-28,3.545363664627075,英鎊,霸菱成熟及新興市場非投資等級債券基金-G類英鎊避險季配息型,yfinance,債券型,全球市場,B0149 霸菱投顧,霸菱
B24073,2014-03-03,3.545363664627075,英鎊,霸菱成熟及新興市場非投資等級債券基金-G類英鎊避險季配息型,yfinance,債券型,全球市場,B0149 霸菱投顧,霸菱
B24073,2014-03-04,3.545363664627075,英鎊,霸菱成熟及新興市場非投資等級債券基金-G類英鎊避險季配息型,yfinance,債券型,全球市場,B0149 霸菱投顧,霸菱
B24073,2014-03-05,3.545363664627075,英鎊,霸菱成熟及新興市場非投資等級債券基金-G類英鎊避險季配息型,yfinance,債券型,全球市場,B0149 霸菱投顧,霸菱
B24073,2014-03-06,3.545363664627075,英鎊,霸菱成熟及新興市場非投資等級債券基金-G類英鎊避險季配息型,yfinance,債券型,全球市場,B0149 霸菱投顧,霸菱
B24073,2014-03-07,3.545363664627075,英鎊,霸菱成熟及新興市場非投資等級債券基金-G類英鎊避險季配息型,yfinance,債券型,全球市場,B0149 霸菱投顧,霸菱
B24073,2014-03-10,3.540571689605713,英鎊,霸菱成熟及新興市場非投資等級債券基金-G類英鎊避險季配息型,yfinance,債券型,全球市場,B0149 霸菱投顧,霸菱
B24073,2014-03-11,3.540571689605713,英鎊,霸菱成熟及新興市場非投資等級債券基金-G類英鎊避險季配息型,yfinance,債券型,全球市場,B0149 霸菱投顧,霸菱
B24073,2014-03-12,3.535780906677246,英鎊,霸菱成熟及新興市場非投資等級債券基金-G類英鎊避險季配息型,yfinance,債券型,全球市場,B0149 霸菱投顧,霸菱
B24073,2014-03-13,3.530989646911621,英鎊,霸菱成熟及新興市場非投資等級債券基金-G類英鎊避險季配息型,yfinance,債券型,全球市場,B0149 霸菱投顧,霸菱
B24073,2014-03-14,3.5261993408203125,英鎊,霸菱成熟及新興市場非投資等級債券基金-G類英鎊避險季配息型,yfinance,債券型,全球市場,B0149 霸菱投顧,霸菱
B24073,2014-03-18,3.5261993408203125,英鎊,霸菱成熟及新興市場非投資等級債券基金-G類英鎊避險季配息型,yfinance,債券型,全球市場,B0149 霸菱投顧,霸菱
B24073,2014-03-19,3.535780906677246,英鎊,霸菱成熟及新興市場非投資等級債券基金-G類英鎊避險季配息型,yfinance,債券型,全球市場,B0149 霸菱投顧,霸菱
B24073,2014-03-20,3.535780906677246,英鎊,霸菱成熟及新興市場非投資等級債券基金-G類英鎊避險季配息型,yfinance,債券型,全球市場,B0149 霸菱投顧,霸菱
B24073,2014-03-21,3.530989646911621,英鎊,霸菱成熟及新興市場非投資等級債券基金-G類英鎊避險季配息型,yfinance,債券型,全球市場,B0149 霸菱投顧,霸菱
B24073,2014-03-24,3.530989646911621,英鎊,霸菱成熟及新興市場非投資等級債券基金-G類英鎊避險季配息型,yfinance,債券型,全球市場,B0149 霸菱投顧,霸菱
B24073,2014-03-25,3.535780906677246,英鎊,霸菱成熟及新興市場非投資等級債券基金-G類英鎊避險季配息型,yfinance,債券型,全球市場,B0149 霸菱投顧,霸菱
B24073,2014-03-26,3.535780906677246,英鎊,霸菱成熟及新興市場非投資等級債券基金-G類英鎊避險季配息型,yfinance,債券型,全球市場,B0149 霸菱投顧,霸菱
B24073,2014-03-27,3.540571689605713,英鎊,霸菱成熟及新興市場非投資等級債券基金-G類英鎊避險季配息型,yfinance,債券型,全球市場,B0149 霸菱投顧,霸菱
B24073,2014-03-28,3.540571689605713,英鎊,霸菱成熟及新興市場非投資等級債券基金-G類英鎊避險季配息型,yfinance,債券型,全球市場,B0149 霸菱投顧,霸菱
B24073,2014-03-31,3.545363664627075,英鎊,霸菱成熟及新興市場非投資等級債券基金-G類英鎊避險季配息型,yfinance,債券型,全球市場,B0149 霸菱投顧,霸菱
B24073,2014-04-01,3.5501534938812256,英鎊,霸菱成熟及新興市場非投資等級債券基金-G類英鎊避險季配息型,yfinance,債券型,全球市場,B0149 霸菱投顧,霸菱
B24073,2014-04-02,3.5501534938812256,英鎊,霸菱成熟及新興市場非投資等級債券基金-G類英鎊避險季配息型,yfinance,債券型,全球市場,B0149 霸菱投顧,霸菱
B24073,2014-04-03,3.5501534938812256,英鎊,霸菱成熟及新興市場非投資等級債券基金-G類英鎊避險季配息型,yfinance,債券型,全球市場,B0149 霸菱投顧,霸菱
B24073,2014-04-04,3.5501534938812256,英鎊,霸菱成熟及新興市場非投資等級債券基金-G類英鎊避險季配息型,yfinance,債券型,全球市場,B0149 霸菱投顧,霸菱
B24073,2014-04-07,3.5549464225769043,英鎊,霸菱成熟及新興市場非投資等級債券基金-G類英鎊避險季配息型,yfinance,債券型,全球市場,B0149 霸菱投顧,霸菱
B24073,2014-04-08,3.5549464225769043,英鎊,霸菱成熟及新興市場非投資等級債券基金-G類英鎊避險季配息型,yfinance,債券型,全球市場,B0149 霸菱投顧,霸菱
B24073,2014-04-09,3.5549464225769043,英鎊,霸菱成熟及新興市場非投資等級債券基金-G類英鎊避險季配息型,yfinance,債券型,全球市場,B0149 霸菱投顧,霸菱
B24073,2014-04-10,3.5549464225769043,英鎊,霸菱成熟及新興市場非投資等級債券基金-G類英鎊避險季配息型,yfinance,債券型,全球市場,B0149 霸菱投顧,霸菱
B24073,2014-04-11,3.5549464225769043,英鎊,霸菱成熟及新興市場非投資等級債券基金-G類英鎊避險季配息型,yfinance,債券型,全球市場,B0149 霸菱投顧,霸菱
B24073,2014-04-14,3.5549464225769043,英鎊,霸菱成熟及新興市場非投資等級債券基金-G類英鎊避險季配息型,yfinance,債券型,全球市場,B0149 霸菱投顧,霸菱
B24073,2014-04-15,3.5549464225769043,英鎊,霸菱成熟及新興市場非投資等級債券基金-G類英鎊避險季配息型,yfinance,債券型,全球市場,B0149 霸菱投顧,霸菱
B24073,2014-04-16,3.5501534938812256,英鎊,霸菱成熟及新興市場非投資等級債券基金-G類英鎊避險季配息型,yfinance,債券型,全球市場,B0149 霸菱投顧,霸菱
B24073,2014-04-17,3.5549464225769043,英鎊,霸菱成熟及新興市場非投資等級債券基金-G類英鎊避險季配息型,yfinance,債券型,全球市場,B0149 霸菱投顧,霸菱
B24073,2014-04-22,3.5549464225769043,英鎊,霸菱成熟及新興市場非投資等級債券基金-G類英鎊避險季配息型,yfinance,債券型,全球市場,B0149 霸菱投顧,霸菱
B24073,2014-04-23,3.5549464225769043,英鎊,霸菱成熟及新興市場非投資等級債券基金-G類英鎊避險季配息型,yfinance,債券型,全球市場,B0149 霸菱投顧,霸菱
B24073,2014-04-24,3.5549464225769043,英鎊,霸菱成熟及新興市場非投資等級債券基金-G類英鎊避險季配息型,yfinance,債券型,全球市場,B0149 霸菱投顧,霸菱
B24073,2014-04-25,3.5549464225769043,英鎊,霸菱成熟及新興市場非投資等級債券基金-G類英鎊避險季配息型,yfinance,債券型,全球市場,B0149 霸菱投顧,霸菱
B24073,2014-04-28,3.5549464225769043,英鎊,霸菱成熟及新興市場非投資等級債券基金-G類英鎊避險季配息型,yfinance,債券型,全球市場,B0149 霸菱投顧,霸菱
B24073,2014-04-29,3.5597360134124756,英鎊,霸菱成熟及新興市場非投資等級債券基金-G類英鎊避險季配息型,yfinance,債券型,全球市場,B0149 霸菱投顧,霸菱
B24073,2014-04-30,3.5597360134124756,英鎊,霸菱成熟及新興市場非投資等級債券基金-G類英鎊避險季配息型,yfinance,債券型,全球市場,B0149 霸菱投顧,霸菱
B24073,2014-05-01,3.560472249984741,英鎊,霸菱成熟及新興市場非投資等級債券基金-G類英鎊避險季配息型,yfinance,債券型,全球市場,B0149 霸菱投顧,霸菱
B24073,2014-05-02,3.560472249984741,英鎊,霸菱成熟及新興市場非投資等級債券基金-G類英鎊避險季配息型,yfinance,債券型,全球市場,B0149 霸菱投顧,霸菱
B24073,2014-05-06,3.565342903137207,英鎊,霸菱成熟及新興市場非投資等級債券基金-G類英鎊避險季配息型,yfinance,債券型,全球市場,B0149 霸菱投顧,霸菱
B24073,2014-05-07,3.565342903137207,英鎊,霸菱成熟及新興市場非投資等級債券基金-G類英鎊避險季配息型,yfinance,債券型,全球市場,B0149 霸菱投顧,霸菱
B24073,2014-05-08,3.570211410522461,英鎊,霸菱成熟及新興市場非投資等級債券基金-G類英鎊避險季配息型,yfinance,債券型,全球市場,B0149 霸菱投顧,霸菱
B24073,2014-05-09,3.5750837326049805,英鎊,霸菱成熟及新興市場非投資等級債券基金-G類英鎊避險季配息型,yfinance,債券型,全球市場,B0149 霸菱投顧,霸菱
B24073,2014-05-12,3.5750837326049805,英鎊,霸菱成熟及新興市場非投資等級債券基金-G類英鎊避險季配息型,yfinance,債券型,全球市場,B0149 霸菱投顧,霸菱
B24073,2014-05-13,3.579953670501709,英鎊,霸菱成熟及新興市場非投資等級債券基金-G類英鎊避險季配息型,yfinance,債券型,全球市場,B0149 霸菱投顧,霸菱
B24073,2014-05-14,3.579953670501709,英鎊,霸菱成熟及新興市場非投資等級債券基金-G類英鎊避險季配息型,yfinance,債券型,全球市場,B0149 霸菱投顧,霸菱
B24073,2014-05-15,3.584825277328491,英鎊,霸菱成熟及新興市場非投資等級債券基金-G類英鎊避險季配息型,yfinance,債券型,全球市場,B0149 霸菱投顧,霸菱
B24073,2014-05-16,3.579953670501709,英鎊,霸菱成熟及新興市場非投資等級債券基金-G類英鎊避險季配息型,yfinance,債券型,全球市場,B0149 霸菱投顧,霸菱
B24073,2014-05-19,3.584825277328491,英鎊,霸菱成熟及新興市場非投資等級債券基金-G類英鎊避險季配息型,yfinance,債券型,全球市場,B0149 霸菱投顧,霸菱
B24073,2014-05-20,3.584825277328491,英鎊,霸菱成熟及新興市場非投資等級債券基金-G類英鎊避險季配息型,yfinance,債券型,全球市場,B0149 霸菱投顧,霸菱
B24073,2014-05-21,3.584825277328491,英鎊,霸菱成熟及新興市場非投資等級債券基金-G類英鎊避險季配息型,yfinance,債券型,全球市場,B0149 霸菱投顧,霸菱
B24073,2014-05-22,3.584825277328491,英鎊,霸菱成熟及新興市場非投資等級債券基金-G類英鎊避險季配息型,yfinance,債券型,全球市場,B0149 霸菱投顧,霸菱
B24073,2014-05-23,3.584825277328491,英鎊,霸菱成熟及新興市場非投資等級債券基金-G類英鎊避險季配息型,yfinance,債券型,全球市場,B0149 霸菱投顧,霸菱
B24073,2014-05-27,3.589695453643799,英鎊,霸菱成熟及新興市場非投資等級債券基金-G類英鎊避險季配息型,yfinance,債券型,全球市場,B0149 霸菱投顧,霸菱
B24073,2014-05-28,3.589695453643799,英鎊,霸菱成熟及新興市場非投資等級債券基金-G類英鎊避險季配息型,yfinance,債券型,全球市場,B0149 霸菱投顧,霸菱
B24073,2014-05-29,3.594566822052002,英鎊,霸菱成熟及新興市場非投資等級債券基金-G類英鎊避險季配息型,yfinance,債券型,全球市場,B0149 霸菱投顧,霸菱
B24073,2014-05-30,3.594566822052002,英鎊,霸菱成熟及新興市場非投資等級債券基金-G類英鎊避險季配息型,yfinance,債券型,全球市場,B0149 霸菱投顧,霸菱
B24073,2014-06-03,3.5994369983673096,英鎊,霸菱成熟及新興市場非投資等級債券基金-G類英鎊避險季配息型,yfinance,債券型,全球市場,B0149 霸菱投顧,霸菱
B24073,2014-06-04,3.5994369983673096,英鎊,霸菱成熟及新興市場非投資等級債券基金-G類英鎊避險季配息型,yfinance,債券型,全球市場,B0149 霸菱投顧,霸菱
B24073,2014-06-05,3.584825277328491,英鎊,霸菱成熟及新興市場非投資等級債券基金-G類英鎊避險季配息型,yfinance,債券型,全球市場,B0149 霸菱投顧,霸菱
B24073,2014-06-06,3.6043076515197754,英鎊,霸菱成熟及新興市場非投資等級債券基金-G類英鎊避險季配息型,yfinance,債券型,全球市場,B0149 霸菱投顧,霸菱
B24073,2014-06-09,3.614049196243286,英鎊,霸菱成熟及新興市場非投資等級債券基金-G類英鎊避險季配息型,yfinance,債券型,全球市場,B0149 霸菱投顧,霸菱
B24073,2014-06-10,3.614049196243286,英鎊,霸菱成熟及新興市場非投資等級債券基金-G類英鎊避險季配息型,yfinance,債券型,全球市場,B0149 霸菱投顧,霸菱
B24073,2014-06-11,3.614049196243286,英鎊,霸菱成熟及新興市場非投資等級債券基金-G類英鎊避險季配息型,yfinance,債券型,全球市場,B0149 霸菱投顧,霸菱
B24073,2014-06-12,3.614049196243286,英鎊,霸菱成熟及新興市場非投資等級債券基金-G類英鎊避險季配息型,yfinance,債券型,全球市場,B0149 霸菱投顧,霸菱
B24073,2014-06-13,3.614049196243286,英鎊,霸菱成熟及新興市場非投資等級債券基金-G類英鎊避險季配息型,yfinance,債券型,全球市場,B0149 霸菱投顧,霸菱
B24073,2014-06-16,3.6189188957214355,英鎊,霸菱成熟及新興市場非投資等級債券基金-G類英鎊避險季配息型,yfinance,債券型,全球市場,B0149 霸菱投顧,霸菱
B24073,2014-06-17,3.6189188957214355,英鎊,霸菱成熟及新興市場非投資等級債券基金-G類英鎊避險季配息型,yfinance,債券型,全球市場,B0149 霸菱投顧,霸菱
B24073,2014-06-18,3.6189188957214355,英鎊,霸菱成熟及新興市場非投資等級債券基金-G類英鎊避險季配息型,yfinance,債券型,全球市場,B0149 霸菱投顧,霸菱
B24073,2014-06-19,3.6189188957214355,英鎊,霸菱成熟及新興市場非投資等級債券基金-G類英鎊避險季配息型,yfinance,債券型,全球市場,B0149 霸菱投顧,霸菱
B24073,2014-06-20,3.6091792583465576,英鎊,霸菱成熟及新興市場非投資等級債券基金-G類英鎊避險季配息型,yfinance,債券型,全球市場,B0149 霸菱投顧,霸菱
B24073,2014-06-23,3.6237916946411133,英鎊,霸菱成熟及新興市場非投資等級債券基金-G類英鎊避險季配息型,yfinance,債券型,全球市場,B0149 霸菱投顧,霸菱
B24073,2014-06-24,3.6286613941192627,英鎊,霸菱成熟及新興市場非投資等級債券基金-G類英鎊避險季配息型,yfinance,債券型,全球市場,B0149 霸菱投顧,霸菱
B24073,2014-06-25,3.6286613941192627,英鎊,霸菱成熟及新興市場非投資等級債券基金-G類英鎊避險季配息型,yfinance,債券型,全球市場,B0149 霸菱投顧,霸菱
B24073,2014-06-26,3.6237916946411133,英鎊,霸菱成熟及新興市場非投資等級債券基金-G類英鎊避險季配息型,yfinance,債券型,全球市場,B0149 霸菱投顧,霸菱
B24073,2014-06-27,3.6237916946411133,英鎊,霸菱成熟及新興市場非投資等級債券基金-G類英鎊避險季配息型,yfinance,債券型,全球市場,B0149 霸菱投顧,霸菱
B24073,2014-06-30,3.6237916946411133,英鎊,霸菱成熟及新興市場非投資等級債券基金-G類英鎊避險季配息型,yfinance,債券型,全球市場,B0149 霸菱投顧,霸菱
B24073,2014-07-01,3.6237916946411133,英鎊,霸菱成熟及新興市場非投資等級債券基金-G類英鎊避險季配息型,yfinance,債券型,全球市場,B0149 霸菱投顧,霸菱
B24073,2014-07-02,3.6237916946411133,英鎊,霸菱成熟及新興市場非投資等級債券基金-G類英鎊避險季配息型,yfinance,債券型,全球市場,B0149 霸菱投顧,霸菱
B24073,2014-07-03,3.6237916946411133,英鎊,霸菱成熟及新興市場非投資等級債券基金-G類英鎊避險季配息型,yfinance,債券型,全球市場,B0149 霸菱投顧,霸菱
B24073,2014-07-04,3.6286613941192627,英鎊,霸菱成熟及新興市場非投資等級債券基金-G類英鎊避險季配息型,yfinance,債券型,全球市場,B0149 霸菱投顧,霸菱
B24073,2014-07-07,3.6286613941192627,英鎊,霸菱成熟及新興市場非投資等級債券基金-G類英鎊避險季配息型,yfinance,債券型,全球市場,B0149 霸菱投顧,霸菱
B24073,2014-07-08,3.6286613941192627,英鎊,霸菱成熟及新興市場非投資等級債券基金-G類英鎊避險季配息型,yfinance,債券型,全球市場,B0149 霸菱投顧,霸菱
B24073,2014-07-09,3.6237916946411133,英鎊,霸菱成熟及新興市場非投資等級債券基金-G類英鎊避險季配息型,yfinance,債券型,全球市場,B0149 霸菱投顧,霸菱
B24073,2014-07-10,3.6237916946411133,英鎊,霸菱成熟及新興市場非投資等級債券基金-G類英鎊避險季配息型,yfinance,債券型,全球市場,B0149 霸菱投顧,霸菱
B24073,2014-07-11,3.6189188957214355,英鎊,霸菱成熟及新興市場非投資等級債券基金-G類英鎊避險季配息型,yfinance,債券型,全球市場,B0149 霸菱投顧,霸菱
B24073,2014-07-14,3.6189188957214355,英鎊,霸菱成熟及新興市場非投資等級債券基金-G類英鎊避險季配息型,yfinance,債券型,全球市場,B0149 霸菱投顧,霸菱
B24073,2014-07-15,3.6189188957214355,英鎊,霸菱成熟及新興市場非投資等級債券基金-G類英鎊避險季配息型,yfinance,債券型,全球市場,B0149 霸菱投顧,霸菱
B24073,2014-07-16,3.6189188957214355,英鎊,霸菱成熟及新興市場非投資等級債券基金-G類英鎊避險季配息型,yfinance,債券型,全球市場,B0149 霸菱投顧,霸菱
B24073,2014-07-17,3.614049196243286,英鎊,霸菱成熟及新興市場非投資等級債券基金-G類英鎊避險季配息型,yfinance,債券型,全球市場,B0149 霸菱投顧,霸菱
B24073,2014-07-18,3.6091792583465576,英鎊,霸菱成熟及新興市場非投資等級債券基金-G類英鎊避險季配息型,yfinance,債券型,全球市場,B0149 霸菱投顧,霸菱
B24073,2014-07-21,3.6043076515197754,英鎊,霸菱成熟及新興市場非投資等級債券基金-G類英鎊避險季配息型,yfinance,債券型,全球市場,B0149 霸菱投顧,霸菱
B24073,2014-07-22,3.5994369983673096,英鎊,霸菱成熟及新興市場非投資等級債券基金-G類英鎊避險季配息型,yfinance,債券型,全球市場,B0149 霸菱投顧,霸菱
B24073,2014-07-23,3.6043076515197754,英鎊,霸菱成熟及新興市場非投資等級債券基金-G類英鎊避險季配息型,yfinance,債券型,全球市場,B0149 霸菱投顧,霸菱
B24073,2014-07-24,3.6091792583465576,英鎊,霸菱成熟及新興市場非投資等級債券基金-G類英鎊避險季配息型,yfinance,債券型,全球市場,B0149 霸菱投顧,霸菱
B24073,2014-07-25,3.6091792583465576,英鎊,霸菱成熟及新興市場非投資等級債券基金-G類英鎊避險季配息型,yfinance,債券型,全球市場,B0149 霸菱投顧,霸菱
B24073,2014-07-28,3.6091792583465576,英鎊,霸菱成熟及新興市場非投資等級債券基金-G類英鎊避險季配息型,yfinance,債券型,全球市場,B0149 霸菱投顧,霸菱
B24073,2014-07-29,3.6043076515197754,英鎊,霸菱成熟及新興市場非投資等級債券基金-G類英鎊避險季配息型,yfinance,債券型,全球市場,B0149 霸菱投顧,霸菱
B24073,2014-07-30,3.5994369983673096,英鎊,霸菱成熟及新興市場非投資等級債券基金-G類英鎊避險季配息型,yfinance,債券型,全球市場,B0149 霸菱投顧,霸菱
B24073,2014-07-31,3.594566822052002,英鎊,霸菱成熟及新興市場非投資等級債券基金-G類英鎊避險季配息型,yfinance,債券型,全球市場,B0149 霸菱投顧,霸菱
B24073,2014-08-01,3.581925392150879,英鎊,霸菱成熟及新興市場非投資等級債券基金-G類英鎊避險季配息型,yfinance,債券型,全球市場,B0149 霸菱投顧,霸菱
B24073,2014-08-05,3.5670833587646484,英鎊,霸菱成熟及新興市場非投資等級債券基金-G類英鎊避險季配息型,yfinance,債券型,全球市場,B0149 霸菱投顧,霸菱
B24073,2014-08-06,3.572031021118164,英鎊,霸菱成熟及新興市場非投資等級債券基金-G類英鎊避險季配息型,yfinance,債券型,全球市場,B0149 霸菱投顧,霸菱
B24073,2014-08-07,3.5670833587646484,英鎊,霸菱成熟及新興市場非投資等級債券基金-G類英鎊避險季配息型,yfinance,債券型,全球市場,B0149 霸菱投顧,霸菱
B24073,2014-08-08,3.572031021118164,英鎊,霸菱成熟及新興市場非投資等級債券基金-G類英鎊避險季配息型,yfinance,債券型,全球市場,B0149 霸菱投顧,霸菱
B24073,2014-08-11,3.5670833587646484,英鎊,霸菱成熟及新興市場非投資等級債券基金-G類英鎊避險季配息型,yfinance,債券型,全球市場,B0149 霸菱投顧,霸菱
B24073,2014-08-12,3.572031021118164,英鎊,霸菱成熟及新興市場非投資等級債券基金-G類英鎊避險季配息型,yfinance,債券型,全球市場,B0149 霸菱投顧,霸菱
B24073,2014-08-13,3.581925392150879,英鎊,霸菱成熟及新興市場非投資等級債券基金-G類英鎊避險季配息型,yfinance,債券型,全球市場,B0149 霸菱投顧,霸菱
B24073,2014-08-14,3.5967674255371094,英鎊,霸菱成熟及新興市場非投資等級債券基金-G類英鎊避險季配息型,yfinance,債券型,全球市場,B0149 霸菱投顧,霸菱
B24073,2014-08-15,3.6017158031463623,英鎊,霸菱成熟及新興市場非投資等級債券基金-G類英鎊避險季配息型,yfinance,債券型,全球市場,B0149 霸菱投顧,霸菱
B24073,2014-08-18,3.6066625118255615,英鎊,霸菱成熟及新興市場非投資等級債券基金-G類英鎊避險季配息型,yfinance,債券型,全球市場,B0149 霸菱投顧,霸菱
B24073,2014-08-19,3.6116108894348145,英鎊,霸菱成熟及新興市場非投資等級債券基金-G類英鎊避險季配息型,yfinance,債券型,全球市場,B0149 霸菱投顧,霸菱
B24073,2014-08-20,3.616558074951172,英鎊,霸菱成熟及新興市場非投資等級債券基金-G類英鎊避險季配息型,yfinance,債券型,全球市場,B0149 霸菱投顧,霸菱
B24073,2014-08-21,3.62150502204895,英鎊,霸菱成熟及新興市場非投資等級債券基金-G類英鎊避險季配息型,yfinance,債券型,全球市場,B0149 霸菱投顧,霸菱
B24073,2014-08-22,3.62150502204895,英鎊,霸菱成熟及新興市場非投資等級債券基金-G類英鎊避險季配息型,yfinance,債券型,全球市場,B0149 霸菱投顧,霸菱
B24073,2014-08-26,3.626451015472412,英鎊,霸菱成熟及新興市場非投資等級債券基金-G類英鎊避險季配息型,yfinance,債券型,全球市場,B0149 霸菱投顧,霸菱
B24073,2014-08-27,3.626451015472412,英鎊,霸菱成熟及新興市場非投資等級債券基金-G類英鎊避險季配息型,yfinance,債券型,全球市場,B0149 霸菱投顧,霸菱
B24073,2014-08-28,3.626451015472412,英鎊,霸菱成熟及新興市場非投資等級債券基金-G類英鎊避險季配息型,yfinance,債券型,全球市場,B0149 霸菱投顧,霸菱
B24073,2014-08-29,3.626451015472412,英鎊,霸菱成熟及新興市場非投資等級債券基金-G類英鎊避險季配息型,yfinance,債券型,全球市場,B0149 霸菱投顧,霸菱
B24073,2014-09-01,3.626451015472412,英鎊,霸菱成熟及新興市場非投資等級債券基金-G類英鎊避險季配息型,yfinance,債券型,全球市場,B0149 霸菱投顧,霸菱
B24073,2014-09-02,3.616558074951172,英鎊,霸菱成熟及新興市場非投資等級債券基金-G類英鎊避險季配息型,yfinance,債券型,全球市場,B0149 霸菱投顧,霸菱
B24073,2014-09-03,3.616558074951172,英鎊,霸菱成熟及新興市場非投資等級債券基金-G類英鎊避險季配息型,yfinance,債券型,全球市場,B0149 霸菱投顧,霸菱
B24073,2014-09-04,3.616558074951172,英鎊,霸菱成熟及新興市場非投資等級債券基金-G類英鎊避險季配息型,yfinance,債券型,全球市場,B0149 霸菱投顧,霸菱
B24073,2014-09-05,3.6116108894348145,英鎊,霸菱成熟及新興市場非投資等級債券基金-G類英鎊避險季配息型,yfinance,債券型,全球市場,B0149 霸菱投顧,霸菱
B24073,2014-09-08,3.6066625118255615,英鎊,霸菱成熟及新興市場非投資等級債券基金-G類英鎊避險季配息型,yfinance,債券型,全球市場,B0149 霸菱投顧,霸菱
B24073,2014-09-09,3.6066625118255615,英鎊,霸菱成熟及新興市場非投資等級債券基金-G類英鎊避險季配息型,yfinance,債券型,全球市場,B0149 霸菱投顧,霸菱
B24073,2014-09-10,3.6017158031463623,英鎊,霸菱成熟及新興市場非投資等級債券基金-G類英鎊避險季配息型,yfinance,債券型,全球市場,B0149 霸菱投顧,霸菱
B24073,2014-09-11,3.5918219089508057,英鎊,霸菱成熟及新興市場非投資等級債券基金-G類英鎊避險季配息型,yfinance,債券型,全球市場,B0149 霸菱投顧,霸菱
B24073,2014-09-12,3.5918219089508057,英鎊,霸菱成熟及新興市場非投資等級債券基金-G類英鎊避險季配息型,yfinance,債券型,全球市場,B0149 霸菱投顧,霸菱
B24073,2014-09-15,3.5918219089508057,英鎊,霸菱成熟及新興市場非投資等級債券基金-G類英鎊避險季配息型,yfinance,債券型,全球市場,B0149 霸菱投顧,霸菱
B24073,2014-09-16,3.5868728160858154,英鎊,霸菱成熟及新興市場非投資等級債券基金-G類英鎊避險季配息型,yfinance,債券型,全球市場,B0149 霸菱投顧,霸菱
B24073,2014-09-17,3.581925392150879,英鎊,霸菱成熟及新興市場非投資等級債券基金-G類英鎊避險季配息型,yfinance,債券型,全球市場,B0149 霸菱投顧,霸菱
B24073,2014-09-18,3.5868728160858154,英鎊,霸菱成熟及新興市場非投資等級債券基金-G類英鎊避險季配息型,yfinance,債券型,全球市場,B0149 霸菱投顧,霸菱
B24073,2014-09-19,3.5918219089508057,英鎊,霸菱成熟及新興市場非投資等級債券基金-G類英鎊避險季配息型,yfinance,債券型,全球市場,B0149 霸菱投顧,霸菱
B24073,2014-09-22,3.5918219089508057,英鎊,霸菱成熟及新興市場非投資等級債券基金-G類英鎊避險季配息型,yfinance,債券型,全球市場,B0149 霸菱投顧,霸菱
B24073,2014-09-23,3.5918219089508057,英鎊,霸菱成熟及新興市場非投資等級債券基金-G類英鎊避險季配息型,yfinance,債券型,全球市場,B0149 霸菱投顧,霸菱
B24073,2014-09-24,3.581925392150879,英鎊,霸菱成熟及新興市場非投資等級債券基金-G類英鎊避險季配息型,yfinance,債券型,全球市場,B0149 霸菱投顧,霸菱
B24073,2014-09-25,3.5769786834716797,英鎊,霸菱成熟及新興市場非投資等級債券基金-G類英鎊避險季配息型,yfinance,債券型,全球市場,B0149 霸菱投顧,霸菱
B24073,2014-09-26,3.5670833587646484,英鎊,霸菱成熟及新興市場非投資等級債券基金-G類英鎊避險季配息型,yfinance,債券型,全球市場,B0149 霸菱投顧,霸菱
B24073,2014-09-29,3.552241563796997,英鎊,霸菱成熟及新興市場非投資等級債券基金-G類英鎊避險季配息型,yfinance,債券型,全球市場,B0149 霸菱投顧,霸菱
B24073,2014-09-30,3.5423460006713867,英鎊,霸菱成熟及新興市場非投資等級債券基金-G類英鎊避險季配息型,yfinance,債券型,全球市場,B0149 霸菱投顧,霸菱
B24073,2014-10-01,3.552241563796997,英鎊,霸菱成熟及新興市場非投資等級債券基金-G類英鎊避險季配息型,yfinance,債券型,全球市場,B0149 霸菱投顧,霸菱
B24073,2014-10-02,3.5571887493133545,英鎊,霸菱成熟及新興市場非投資等級債券基金-G類英鎊避險季配息型,yfinance,債券型,全球市場,B0149 霸菱投顧,霸菱
B24073,2014-10-03,3.5571887493133545,英鎊,霸菱成熟及新興市場非投資等級債券基金-G類英鎊避險季配息型,yfinance,債券型,全球市場,B0149 霸菱投顧,霸菱
B24073,2014-10-06,3.5670833587646484,英鎊,霸菱成熟及新興市場非投資等級債券基金-G類英鎊避險季配息型,yfinance,債券型,全球市場,B0149 霸菱投顧,霸菱
B24073,2014-10-07,3.572031021118164,英鎊,霸菱成熟及新興市場非投資等級債券基金-G類英鎊避險季配息型,yfinance,債券型,全球市場,B0149 霸菱投顧,霸菱
B24073,2014-10-08,3.5670833587646484,英鎊,霸菱成熟及新興市場非投資等級債券基金-G類英鎊避險季配息型,yfinance,債券型,全球市場,B0149 霸菱投顧,霸菱
B24073,2014-10-09,3.56213641166687,英鎊,霸菱成熟及新興市場非投資等級債券基金-G類英鎊避險季配息型,yfinance,債券型,全球市場,B0149 霸菱投顧,霸菱
B24073,2014-10-10,3.5571887493133545,英鎊,霸菱成熟及新興市場非投資等級債券基金-G類英鎊避險季配息型,yfinance,債券型,全球市場,B0149 霸菱投顧,霸菱
B24073,2014-10-13,3.537400007247925,英鎊,霸菱成熟及新興市場非投資等級債券基金-G類英鎊避險季配息型,yfinance,債券型,全球市場,B0149 霸菱投顧,霸菱
B24073,2014-10-14,3.537400007247925,英鎊,霸菱成熟及新興市場非投資等級債券基金-G類英鎊避險季配息型,yfinance,債券型,全球市場,B0149 霸菱投顧,霸菱
B24073,2014-10-15,3.5225560665130615,英鎊,霸菱成熟及新興市場非投資等級債券基金-G類英鎊避險季配息型,yfinance,債券型,全球市場,B0149 霸菱投顧,霸菱
B24073,2014-10-16,3.4978187084198,英鎊,霸菱成熟及新興市場非投資等級債券基金-G類英鎊避險季配息型,yfinance,債券型,全球市場,B0149 霸菱投顧,霸菱
B24073,2014-10-17,3.4978187084198,英鎊,霸菱成熟及新興市場非投資等級債券基金-G類英鎊避險季配息型,yfinance,債券型,全球市場,B0149 霸菱投顧,霸菱
B24073,2014-10-20,3.537400007247925,英鎊,霸菱成熟及新興市場非投資等級債券基金-G類英鎊避險季配息型,yfinance,債券型,全球市場,B0149 霸菱投顧,霸菱
B24073,2014-10-21,3.537400007247925,英鎊,霸菱成熟及新興市場非投資等級債券基金-G類英鎊避險季配息型,yfinance,債券型,全球市場,B0149 霸菱投顧,霸菱
B24073,2014-10-22,3.5571887493133545,英鎊,霸菱成熟及新興市場非投資等級債券基金-G類英鎊避險季配息型,yfinance,債券型,全球市場,B0149 霸菱投顧,霸菱
B24073,2014-10-23,3.5670833587646484,英鎊,霸菱成熟及新興市場非投資等級債券基金-G類英鎊避險季配息型,yfinance,債券型,全球市場,B0149 霸菱投顧,霸菱
B24073,2014-10-24,3.5670833587646484,英鎊,霸菱成熟及新興市場非投資等級債券基金-G類英鎊避險季配息型,yfinance,債券型,全球市場,B0149 霸菱投顧,霸菱
B24073,2014-10-28,3.5670833587646484,英鎊,霸菱成熟及新興市場非投資等級債券基金-G類英鎊避險季配息型,yfinance,債券型,全球市場,B0149 霸菱投顧,霸菱
B24073,2014-10-29,3.572031021118164,英鎊,霸菱成熟及新興市場非投資等級債券基金-G類英鎊避險季配息型,yfinance,債券型,全球市場,B0149 霸菱投顧,霸菱
B24073,2014-10-30,3.572031021118164,英鎊,霸菱成熟及新興市場非投資等級債券基金-G類英鎊避險季配息型,yfinance,債券型,全球市場,B0149 霸菱投顧,霸菱
B24073,2014-10-31,3.56213641166687,英鎊,霸菱成熟及新興市場非投資等級債券基金-G類英鎊避險季配息型,yfinance,債券型,全球市場,B0149 霸菱投顧,霸菱
B24073,2014-11-03,3.5679495334625244,英鎊,霸菱成熟及新興市場非投資等級債券基金-G類英鎊避險季配息型,yfinance,債券型,全球市場,B0149 霸菱投顧,霸菱
B24073,2014-11-04,3.5679495334625244,英鎊,霸菱成熟及新興市場非投資等級債券基金-G類英鎊避險季配息型,yfinance,債券型,全球市場,B0149 霸菱投顧,霸菱
B24073,2014-11-05,3.56292462348938,英鎊,霸菱成熟及新興市場非投資等級債券基金-G類英鎊避險季配息型,yfinance,債券型,全球市場,B0149 霸菱投顧,霸菱
B24073,2014-11-06,3.5679495334625244,英鎊,霸菱成熟及新興市場非投資等級債券基金-G類英鎊避險季配息型,yfinance,債券型,全球市場,B0149 霸菱投顧,霸菱
B24073,2014-11-07,3.5679495334625244,英鎊,霸菱成熟及新興市場非投資等級債券基金-G類英鎊避險季配息型,yfinance,債券型,全球市場,B0149 霸菱投顧,霸菱
B24073,2014-11-10,3.5679495334625244,英鎊,霸菱成熟及新興市場非投資等級債券基金-G類英鎊避險季配息型,yfinance,債券型,全球市場,B0149 霸菱投顧,霸菱
B24073,2014-11-11,3.5679495334625244,英鎊,霸菱成熟及新興市場非投資等級債券基金-G類英鎊避險季配息型,yfinance,債券型,全球市場,B0149 霸菱投顧,霸菱
B24073,2014-11-12,3.5729751586914062,英鎊,霸菱成熟及新興市場非投資等級債券基金-G類英鎊避險季配息型,yfinance,債券型,全球市場,B0149 霸菱投顧,霸菱
B24073,2014-11-13,3.5679495334625244,英鎊,霸菱成熟及新興市場非投資等級債券基金-G類英鎊避險季配息型,yfinance,債券型,全球市場,B0149 霸菱投顧,霸菱
B24073,2014-11-14,3.5679495334625244,英鎊,霸菱成熟及新興市場非投資等級債券基金-G類英鎊避險季配息型,yfinance,債券型,全球市場,B0149 霸菱投顧,霸菱
B24073,2014-11-17,3.5528738498687744,英鎊,霸菱成熟及新興市場非投資等級債券基金-G類英鎊避險季配息型,yfinance,債券型,全球市場,B0149 霸菱投顧,霸菱
B24073,2014-11-18,3.5428247451782227,英鎊,霸菱成熟及新興市場非投資等級債券基金-G類英鎊避險季配息型,yfinance,債券型,全球市場,B0149 霸菱投顧,霸菱
B24073,2014-11-19,3.512672185897827,英鎊,霸菱成熟及新興市場非投資等級債券基金-G類英鎊避險季配息型,yfinance,債券型,全球市場,B0149 霸菱投顧,霸菱
B24073,2014-11-20,3.507645845413208,英鎊,霸菱成熟及新興市場非投資等級債券基金-G類英鎊避險季配息型,yfinance,債券型,全球市場,B0149 霸菱投顧,霸菱
B24073,2014-11-21,3.497596025466919,英鎊,霸菱成熟及新興市場非投資等級債券基金-G類英鎊避險季配息型,yfinance,債券型,全球市場,B0149 霸菱投顧,霸菱
B24073,2014-11-24,3.507645845413208,英鎊,霸菱成熟及新興市場非投資等級債券基金-G類英鎊避險季配息型,yfinance,債券型,全球市場,B0149 霸菱投顧,霸菱
B24073,2014-11-25,3.512672185897827,英鎊,霸菱成熟及新興市場非投資等級債券基金-G類英鎊避險季配息型,yfinance,債券型,全球市場,B0149 霸菱投顧,霸菱
B24073,2014-11-26,3.512672185897827,英鎊,霸菱成熟及新興市場非投資等級債券基金-G類英鎊避險季配息型,yfinance,債券型,全球市場,B0149 霸菱投顧,霸菱
B24073,2014-11-27,3.512672185897827,英鎊,霸菱成熟及新興市場非投資等級債券基金-G類英鎊避險季配息型,yfinance,債券型,全球市場,B0149 霸菱投顧,霸菱
B24073,2014-11-28,3.517697334289551,英鎊,霸菱成熟及新興市場非投資等級債券基金-G類英鎊避險季配息型,yfinance,債券型,全球市場,B0149 霸菱投顧,霸菱
B24073,2014-12-01,3.507645845413208,英鎊,霸菱成熟及新興市場非投資等級債券基金-G類英鎊避險季配息型,yfinance,債券型,全球市場,B0149 霸菱投顧,霸菱
B24073,2014-12-02,3.482520341873169,英鎊,霸菱成熟及新興市場非投資等級債券基金-G類英鎊避險季配息型,yfinance,債券型,全球市場,B0149 霸菱投顧,霸菱
B24073,2014-12-03,3.472470283508301,英鎊,霸菱成熟及新興市場非投資等級債券基金-G類英鎊避險季配息型,yfinance,債券型,全球市場,B0149 霸菱投顧,霸菱
B24073,2014-12-04,3.4674456119537354,英鎊,霸菱成熟及新興市場非投資等級債券基金-G類英鎊避險季配息型,yfinance,債券型,全球市場,B0149 霸菱投顧,霸菱
B24073,2014-12-05,3.4624197483062744,英鎊,霸菱成熟及新興市場非投資等級債券基金-G類英鎊避險季配息型,yfinance,債券型,全球市場,B0149 霸菱投顧,霸菱
B24073,2014-12-08,3.45739483833313,英鎊,霸菱成熟及新興市場非投資等級債券基金-G類英鎊避險季配息型,yfinance,債券型,全球市場,B0149 霸菱投顧,霸菱
B24073,2014-12-09,3.447343587875366,英鎊,霸菱成熟及新興市場非投資等級債券基金-G類英鎊避險季配息型,yfinance,債券型,全球市場,B0149 霸菱投顧,霸菱
B24073,2014-12-10,3.417191505432129,英鎊,霸菱成熟及新興市場非投資等級債券基金-G類英鎊避險季配息型,yfinance,債券型,全球市場,B0149 霸菱投顧,霸菱
B24073,2014-12-11,3.397090435028076,英鎊,霸菱成熟及新興市場非投資等級債券基金-G類英鎊避險季配息型,yfinance,債券型,全球市場,B0149 霸菱投顧,霸菱
B24073,2014-12-12,3.387040138244629,英鎊,霸菱成熟及新興市場非投資等級債券基金-G類英鎊避險季配息型,yfinance,債券型,全球市場,B0149 霸菱投顧,霸菱
B24073,2014-12-15,3.361914873123169,英鎊,霸菱成熟及新興市場非投資等級債券基金-G類英鎊避險季配息型,yfinance,債券型,全球市場,B0149 霸菱投顧,霸菱
B24073,2014-12-16,3.3468387126922607,英鎊,霸菱成熟及新興市場非投資等級債券基金-G類英鎊避險季配息型,yfinance,債券型,全球市場,B0149 霸菱投顧,霸菱
B24073,2014-12-17,3.3166861534118652,英鎊,霸菱成熟及新興市場非投資等級債券基金-G類英鎊避險季配息型,yfinance,債券型,全球市場,B0149 霸菱投顧,霸菱
B24073,2014-12-18,3.341813325881958,英鎊,霸菱成熟及新興市場非投資等級債券基金-G類英鎊避險季配息型,yfinance,債券型,全球市場,B0149 霸菱投顧,霸菱
B24073,2014-12-19,3.3820152282714844,英鎊,霸菱成熟及新興市場非投資等級債券基金-G類英鎊避險季配息型,yfinance,債券型,全球市場,B0149 霸菱投顧,霸菱
B24073,2014-12-22,3.397090435028076,英鎊,霸菱成熟及新興市場非投資等級債券基金-G類英鎊避險季配息型,yfinance,債券型,全球市場,B0149 霸菱投顧,霸菱
B24073,2014-12-23,3.4121663570404053,英鎊,霸菱成熟及新興市場非投資等級債券基金-G類英鎊避險季配息型,yfinance,債券型,全球市場,B0149 霸菱投顧,霸菱
B24073,2014-12-24,3.4222164154052734,英鎊,霸菱成熟及新興市場非投資等級債券基金-G類英鎊避險季配息型,yfinance,債券型,全球市場,B0149 霸菱投顧,霸菱
B24073,2014-12-30,3.4222164154052734,英鎊,霸菱成熟及新興市場非投資等級債券基金-G類英鎊避險季配息型,yfinance,債券型,全球市場,B0149 霸菱投顧,霸菱
B24073,2014-12-31,3.4222164154052734,英鎊,霸菱成熟及新興市場非投資等級債券基金-G類英鎊避險季配息型,yfinance,債券型,全球市場,B0149 霸菱投顧,霸菱
B14197,2014-01-02,1.1643205881118774,英鎊,富達基金－全球通膨連結債券基金 (Y股英鎊避險),yfinance,債券型,全球市場,A0038 富達投信,富達
B14197,2014-01-03,1.1643205881118774,英鎊,富達基金－全球通膨連結債券基金 (Y股英鎊避險),yfinance,債券型,全球市場,A0038 富達投信,富達
B14197,2014-01-06,1.1652745008468628,英鎊,富達基金－全球通膨連結債券基金 (Y股英鎊避險),yfinance,債券型,全球市場,A0038 富達投信,富達
B14197,2014-01-07,1.16622793674469,英鎊,富達基金－全球通膨連結債券基金 (Y股英鎊避險),yfinance,債券型,全球市場,A0038 富達投信,富達
B14197,2014-01-08,1.1652745008468628,英鎊,富達基金－全球通膨連結債券基金 (Y股英鎊避險),yfinance,債券型,全球市場,A0038 富達投信,富達
B14197,2014-01-09,1.16622793674469,英鎊,富達基金－全球通膨連結債券基金 (Y股英鎊避險),yfinance,債券型,全球市場,A0038 富達投信,富達
B14197,2014-01-10,1.1690884828567505,英鎊,富達基金－全球通膨連結債券基金 (Y股英鎊避險),yfinance,債券型,全球市場,A0038 富達投信,富達
B14197,2014-01-13,1.1700420379638672,英鎊,富達基金－全球通膨連結債券基金 (Y股英鎊避險),yfinance,債券型,全球市場,A0038 富達投信,富達
B14197,2014-01-14,1.1700420379638672,英鎊,富達基金－全球通膨連結債券基金 (Y股英鎊避險),yfinance,債券型,全球市場,A0038 富達投信,富達
B14197,2014-01-15,1.168135166168213,英鎊,富達基金－全球通膨連結債券基金 (Y股英鎊避險),yfinance,債券型,全球市場,A0038 富達投信,富達
B14197,2014-01-16,1.1690884828567505,英鎊,富達基金－全球通膨連結債券基金 (Y股英鎊避險),yfinance,債券型,全球市場,A0038 富達投信,富達
B14197,2014-01-17,1.1700420379638672,英鎊,富達基金－全球通膨連結債券基金 (Y股英鎊避險),yfinance,債券型,全球市場,A0038 富達投信,富達
B14197,2014-01-20,1.170995831489563,英鎊,富達基金－全球通膨連結債券基金 (Y股英鎊避險),yfinance,債券型,全球市場,A0038 富達投信,富達
B14197,2014-01-21,1.1700420379638672,英鎊,富達基金－全球通膨連結債券基金 (Y股英鎊避險),yfinance,債券型,全球市場,A0038 富達投信,富達
B14197,2014-01-22,1.168135166168213,英鎊,富達基金－全球通膨連結債券基金 (Y股英鎊避險),yfinance,債券型,全球市場,A0038 富達投信,富達
B14197,2014-01-23,1.1700420379638672,英鎊,富達基金－全球通膨連結債券基金 (Y股英鎊避險),yfinance,債券型,全球市場,A0038 富達投信,富達
B14197,2014-01-24,1.1719492673873901,英鎊,富達基金－全球通膨連結債券基金 (Y股英鎊避險),yfinance,債券型,全球市場,A0038 富達投信,富達
B14197,2014-01-27,1.1719492673873901,英鎊,富達基金－全球通膨連結債券基金 (Y股英鎊避險),yfinance,債券型,全球市場,A0038 富達投信,富達
B14197,2014-01-28,1.1719492673873901,英鎊,富達基金－全球通膨連結債券基金 (Y股英鎊避險),yfinance,債券型,全球市場,A0038 富達投信,富達
B14197,2014-01-29,1.1719492673873901,英鎊,富達基金－全球通膨連結債券基金 (Y股英鎊避險),yfinance,債券型,全球市場,A0038 富達投信,富達
B14197,2014-01-30,1.1719492673873901,英鎊,富達基金－全球通膨連結債券基金 (Y股英鎊避險),yfinance,債券型,全球市場,A0038 富達投信,富達
B14197,2014-01-31,1.1738563776016235,英鎊,富達基金－全球通膨連結債券基金 (Y股英鎊避險),yfinance,債券型,全球市場,A0038 富達投信,富達
B14197,2014-02-03,1.175763487815857,英鎊,富達基金－全球通膨連結債券基金 (Y股英鎊避險),yfinance,債券型,全球市場,A0038 富達投信,富達
B14197,2014-02-04,1.1738563776016235,英鎊,富達基金－全球通膨連結債券基金 (Y股英鎊避險),yfinance,債券型,全球市場,A0038 富達投信,富達
B14197,2014-02-05,1.1738563776016235,英鎊,富達基金－全球通膨連結債券基金 (Y股英鎊避險),yfinance,債券型,全球市場,A0038 富達投信,富達
B14197,2014-02-06,1.1719492673873901,英鎊,富達基金－全球通膨連結債券基金 (Y股英鎊避險),yfinance,債券型,全球市場,A0038 富達投信,富達
B14197,2014-02-07,1.1738563776016235,英鎊,富達基金－全球通膨連結債券基金 (Y股英鎊避險),yfinance,債券型,全球市場,A0038 富達投信,富達
B14197,2014-02-10,1.1738563776016235,英鎊,富達基金－全球通膨連結債券基金 (Y股英鎊避險),yfinance,債券型,全球市場,A0038 富達投信,富達
B14197,2014-02-11,1.1719492673873901,英鎊,富達基金－全球通膨連結債券基金 (Y股英鎊避險),yfinance,債券型,全球市場,A0038 富達投信,富達
B14197,2014-02-12,1.1700420379638672,英鎊,富達基金－全球通膨連結債券基金 (Y股英鎊避險),yfinance,債券型,全球市場,A0038 富達投信,富達
B14197,2014-02-13,1.1719492673873901,英鎊,富達基金－全球通膨連結債券基金 (Y股英鎊避險),yfinance,債券型,全球市場,A0038 富達投信,富達
B14197,2014-02-14,1.1719492673873901,英鎊,富達基金－全球通膨連結債券基金 (Y股英鎊避險),yfinance,債券型,全球市場,A0038 富達投信,富達
B14197,2014-02-17,1.1719492673873901,英鎊,富達基金－全球通膨連結債券基金 (Y股英鎊避險),yfinance,債券型,全球市場,A0038 富達投信,富達
B14197,2014-02-18,1.1729029417037964,英鎊,富達基金－全球通膨連結債券基金 (Y股英鎊避險),yfinance,債券型,全球市場,A0038 富達投信,富達
B14197,2014-02-19,1.1729029417037964,英鎊,富達基金－全球通膨連結債券基金 (Y股英鎊避險),yfinance,債券型,全球市場,A0038 富達投信,富達
B14197,2014-02-20,1.170995831489563,英鎊,富達基金－全球通膨連結債券基金 (Y股英鎊避險),yfinance,債券型,全球市場,A0038 富達投信,富達
B14197,2014-02-21,1.170995831489563,英鎊,富達基金－全球通膨連結債券基金 (Y股英鎊避險),yfinance,債券型,全球市場,A0038 富達投信,富達
B14197,2014-02-24,1.1719492673873901,英鎊,富達基金－全球通膨連結債券基金 (Y股英鎊避險),yfinance,債券型,全球市場,A0038 富達投信,富達
B14197,2014-02-25,1.1738563776016235,英鎊,富達基金－全球通膨連結債券基金 (Y股英鎊避險),yfinance,債券型,全球市場,A0038 富達投信,富達
B14197,2014-02-26,1.1738563776016235,英鎊,富達基金－全球通膨連結債券基金 (Y股英鎊避險),yfinance,債券型,全球市場,A0038 富達投信,富達
B14197,2014-02-27,1.175763487815857,英鎊,富達基金－全球通膨連結債券基金 (Y股英鎊避險),yfinance,債券型,全球市場,A0038 富達投信,富達
B14197,2014-02-28,1.1748102903366089,英鎊,富達基金－全球通膨連結債券基金 (Y股英鎊避險),yfinance,債券型,全球市場,A0038 富達投信,富達
B14197,2014-03-03,1.1786243915557861,英鎊,富達基金－全球通膨連結債券基金 (Y股英鎊避險),yfinance,債券型,全球市場,A0038 富達投信,富達
B14197,2014-03-04,1.1767171621322632,英鎊,富達基金－全球通膨連結債券基金 (Y股英鎊避險),yfinance,債券型,全球市場,A0038 富達投信,富達
B14197,2014-03-05,1.1767171621322632,英鎊,富達基金－全球通膨連結債券基金 (Y股英鎊避險),yfinance,債券型,全球市場,A0038 富達投信,富達
B14197,2014-03-06,1.175763487815857,英鎊,富達基金－全球通膨連結債券基金 (Y股英鎊避險),yfinance,債券型,全球市場,A0038 富達投信,富達
B14197,2014-03-07,1.1738563776016235,英鎊,富達基金－全球通膨連結債券基金 (Y股英鎊避險),yfinance,債券型,全球市場,A0038 富達投信,富達
B14197,2014-03-10,1.1738563776016235,英鎊,富達基金－全球通膨連結債券基金 (Y股英鎊避險),yfinance,債券型,全球市場,A0038 富達投信,富達
B14197,2014-03-11,1.1738563776016235,英鎊,富達基金－全球通膨連結債券基金 (Y股英鎊避險),yfinance,債券型,全球市場,A0038 富達投信,富達
B14197,2014-03-12,1.1748102903366089,英鎊,富達基金－全球通膨連結債券基金 (Y股英鎊避險),yfinance,債券型,全球市場,A0038 富達投信,富達
B14197,2014-03-13,1.1767171621322632,英鎊,富達基金－全球通膨連結債券基金 (Y股英鎊避險),yfinance,債券型,全球市場,A0038 富達投信,富達
B14197,2014-03-14,1.1767171621322632,英鎊,富達基金－全球通膨連結債券基金 (Y股英鎊避險),yfinance,債券型,全球市場,A0038 富達投信,富達
B14197,2014-03-17,1.175763487815857,英鎊,富達基金－全球通膨連結債券基金 (Y股英鎊避險),yfinance,債券型,全球市場,A0038 富達投信,富達
B14197,2014-03-18,1.1767171621322632,英鎊,富達基金－全球通膨連結債券基金 (Y股英鎊避險),yfinance,債券型,全球市場,A0038 富達投信,富達
B14197,2014-03-19,1.1748102903366089,英鎊,富達基金－全球通膨連結債券基金 (Y股英鎊避險),yfinance,債券型,全球市場,A0038 富達投信,富達
B14197,2014-03-20,1.1690884828567505,英鎊,富達基金－全球通膨連結債券基金 (Y股英鎊避險),yfinance,債券型,全球市場,A0038 富達投信,富達
B14197,2014-03-21,1.170995831489563,英鎊,富達基金－全球通膨連結債券基金 (Y股英鎊避險),yfinance,債券型,全球市場,A0038 富達投信,富達
B14197,2014-03-24,1.170995831489563,英鎊,富達基金－全球通膨連結債券基金 (Y股英鎊避險),yfinance,債券型,全球市場,A0038 富達投信,富達
B14197,2014-03-25,1.1719492673873901,英鎊,富達基金－全球通膨連結債券基金 (Y股英鎊避險),yfinance,債券型,全球市場,A0038 富達投信,富達
B14197,2014-03-26,1.1729029417037964,英鎊,富達基金－全球通膨連結債券基金 (Y股英鎊避險),yfinance,債券型,全球市場,A0038 富達投信,富達
B14197,2014-03-27,1.1738563776016235,英鎊,富達基金－全球通膨連結債券基金 (Y股英鎊避險),yfinance,債券型,全球市場,A0038 富達投信,富達
B14197,2014-03-28,1.1719492673873901,英鎊,富達基金－全球通膨連結債券基金 (Y股英鎊避險),yfinance,債券型,全球市場,A0038 富達投信,富達
B14197,2014-03-31,1.1729029417037964,英鎊,富達基金－全球通膨連結債券基金 (Y股英鎊避險),yfinance,債券型,全球市場,A0038 富達投信,富達
B14197,2014-04-01,1.1719492673873901,英鎊,富達基金－全球通膨連結債券基金 (Y股英鎊避險),yfinance,債券型,全球市場,A0038 富達投信,富達
B14197,2014-04-02,1.170995831489563,英鎊,富達基金－全球通膨連結債券基金 (Y股英鎊避險),yfinance,債券型,全球市場,A0038 富達投信,富達
B14197,2014-04-03,1.1719492673873901,英鎊,富達基金－全球通膨連結債券基金 (Y股英鎊避險),yfinance,債券型,全球市場,A0038 富達投信,富達
B14197,2014-04-04,1.1748102903366089,英鎊,富達基金－全球通膨連結債券基金 (Y股英鎊避險),yfinance,債券型,全球市場,A0038 富達投信,富達
B14197,2014-04-07,1.175763487815857,英鎊,富達基金－全球通膨連結債券基金 (Y股英鎊避險),yfinance,債券型,全球市場,A0038 富達投信,富達
B14197,2014-04-08,1.1738563776016235,英鎊,富達基金－全球通膨連結債券基金 (Y股英鎊避險),yfinance,債券型,全球市場,A0038 富達投信,富達
B14197,2014-04-09,1.1738563776016235,英鎊,富達基金－全球通膨連結債券基金 (Y股英鎊避險),yfinance,債券型,全球市場,A0038 富達投信,富達
B14197,2014-04-10,1.1776708364486694,英鎊,富達基金－全球通膨連結債券基金 (Y股英鎊避險),yfinance,債券型,全球市場,A0038 富達投信,富達
B14197,2014-04-11,1.1776708364486694,英鎊,富達基金－全球通膨連結債券基金 (Y股英鎊避險),yfinance,債券型,全球市場,A0038 富達投信,富達
B14197,2014-04-14,1.1767171621322632,英鎊,富達基金－全球通膨連結債券基金 (Y股英鎊避險),yfinance,債券型,全球市場,A0038 富達投信,富達
B14197,2014-04-15,1.1786243915557861,英鎊,富達基金－全球通膨連結債券基金 (Y股英鎊避險),yfinance,債券型,全球市場,A0038 富達投信,富達
B14197,2014-04-16,1.1786243915557861,英鎊,富達基金－全球通膨連結債券基金 (Y股英鎊避險),yfinance,債券型,全球市場,A0038 富達投信,富達
B14197,2014-04-17,1.1795778274536133,英鎊,富達基金－全球通膨連結債券基金 (Y股英鎊避險),yfinance,債券型,全球市場,A0038 富達投信,富達
B14197,2014-04-22,1.1786243915557861,英鎊,富達基金－全球通膨連結債券基金 (Y股英鎊避險),yfinance,債券型,全球市場,A0038 富達投信,富達
B14197,2014-04-23,1.1795778274536133,英鎊,富達基金－全球通膨連結債券基金 (Y股英鎊避險),yfinance,債券型,全球市場,A0038 富達投信,富達
B14197,2014-04-24,1.1795778274536133,英鎊,富達基金－全球通膨連結債券基金 (Y股英鎊避險),yfinance,債券型,全球市場,A0038 富達投信,富達
B14197,2014-04-25,1.1805317401885986,英鎊,富達基金－全球通膨連結債券基金 (Y股英鎊避險),yfinance,債券型,全球市場,A0038 富達投信,富達
B14197,2014-04-28,1.1795778274536133,英鎊,富達基金－全球通膨連結債券基金 (Y股英鎊避險),yfinance,債券型,全球市場,A0038 富達投信,富達
B14197,2014-04-29,1.1795778274536133,英鎊,富達基金－全球通膨連結債券基金 (Y股英鎊避險),yfinance,債券型,全球市場,A0038 富達投信,富達
B14197,2014-04-30,1.1805317401885986,英鎊,富達基金－全球通膨連結債券基金 (Y股英鎊避險),yfinance,債券型,全球市場,A0038 富達投信,富達
B14197,2014-05-01,1.1852996349334717,英鎊,富達基金－全球通膨連結債券基金 (Y股英鎊避險),yfinance,債券型,全球市場,A0038 富達投信,富達
B14197,2014-05-02,1.184346079826355,英鎊,富達基金－全球通膨連結債券基金 (Y股英鎊避險),yfinance,債券型,全球市場,A0038 富達投信,富達
B14197,2014-05-06,1.1833922863006592,英鎊,富達基金－全球通膨連結債券基金 (Y股英鎊避險),yfinance,債券型,全球市場,A0038 富達投信,富達
B14197,2014-05-07,1.1833922863006592,英鎊,富達基金－全球通膨連結債券基金 (Y股英鎊避險),yfinance,債券型,全球市場,A0038 富達投信,富達
B14197,2014-05-08,1.184346079826355,英鎊,富達基金－全球通膨連結債券基金 (Y股英鎊避險),yfinance,債券型,全球市場,A0038 富達投信,富達
B14197,2014-05-09,1.184346079826355,英鎊,富達基金－全球通膨連結債券基金 (Y股英鎊避險),yfinance,債券型,全球市場,A0038 富達投信,富達
B14197,2014-05-12,1.1833922863006592,英鎊,富達基金－全球通膨連結債券基金 (Y股英鎊避險),yfinance,債券型,全球市場,A0038 富達投信,富達
B14197,2014-05-13,1.1833922863006592,英鎊,富達基金－全球通膨連結債券基金 (Y股英鎊避險),yfinance,債券型,全球市場,A0038 富達投信,富達
B14197,2014-05-14,1.1881603002548218,英鎊,富達基金－全球通膨連結債券基金 (Y股英鎊避險),yfinance,債券型,全球市場,A0038 富達投信,富達
B14197,2014-05-15,1.1910210847854614,英鎊,富達基金－全球通膨連結債券基金 (Y股英鎊避險),yfinance,債券型,全球市場,A0038 富達投信,富達
B14197,2014-05-16,1.1910210847854614,英鎊,富達基金－全球通膨連結債券基金 (Y股英鎊避險),yfinance,債券型,全球市場,A0038 富達投信,富達
B14197,2014-05-19,1.1900672912597656,英鎊,富達基金－全球通膨連結債券基金 (Y股英鎊避險),yfinance,債券型,全球市場,A0038 富達投信,富達
B14197,2014-05-20,1.1900672912597656,英鎊,富達基金－全球通膨連結債券基金 (Y股英鎊避險),yfinance,債券型,全球市場,A0038 富達投信,富達
B14197,2014-05-21,1.1900672912597656,英鎊,富達基金－全球通膨連結債券基金 (Y股英鎊避險),yfinance,債券型,全球市場,A0038 富達投信,富達
B14197,2014-05-22,1.189113736152649,英鎊,富達基金－全球通膨連結債券基金 (Y股英鎊避險),yfinance,債券型,全球市場,A0038 富達投信,富達
B14197,2014-05-23,1.1910210847854614,英鎊,富達基金－全球通膨連結債券基金 (Y股英鎊避險),yfinance,債券型,全球市場,A0038 富達投信,富達
B14197,2014-05-27,1.1910210847854614,英鎊,富達基金－全球通膨連結債券基金 (Y股英鎊避險),yfinance,債券型,全球市場,A0038 富達投信,富達
B14197,2014-05-28,1.193881869316101,英鎊,富達基金－全球通膨連結債券基金 (Y股英鎊避險),yfinance,債券型,全球市場,A0038 富達投信,富達
B14197,2014-05-29,1.195788860321045,英鎊,富達基金－全球通膨連結債券基金 (Y股英鎊避險),yfinance,債券型,全球市場,A0038 富達投信,富達
B14197,2014-05-30,1.193881869316101,英鎊,富達基金－全球通膨連結債券基金 (Y股英鎊避險),yfinance,債券型,全球市場,A0038 富達投信,富達
B14197,2014-06-02,1.1919745206832886,英鎊,富達基金－全球通膨連結債券基金 (Y股英鎊避險),yfinance,債券型,全球市場,A0038 富達投信,富達
B14197,2014-06-03,1.1900672912597656,英鎊,富達基金－全球通膨連結債券基金 (Y股英鎊避險),yfinance,債券型,全球市場,A0038 富達投信,富達
B14197,2014-06-04,1.1881603002548218,英鎊,富達基金－全球通膨連結債券基金 (Y股英鎊避險),yfinance,債券型,全球市場,A0038 富達投信,富達
B14197,2014-06-05,1.1900672912597656,英鎊,富達基金－全球通膨連結債券基金 (Y股英鎊避險),yfinance,債券型,全球市場,A0038 富達投信,富達
B14197,2014-06-06,1.1910210847854614,英鎊,富達基金－全球通膨連結債券基金 (Y股英鎊避險),yfinance,債券型,全球市場,A0038 富達投信,富達
B14197,2014-06-09,1.1900672912597656,英鎊,富達基金－全球通膨連結債券基金 (Y股英鎊避險),yfinance,債券型,全球市場,A0038 富達投信,富達
B14197,2014-06-10,1.1881603002548218,英鎊,富達基金－全球通膨連結債券基金 (Y股英鎊避險),yfinance,債券型,全球市場,A0038 富達投信,富達
B14197,2014-06-11,1.189113736152649,英鎊,富達基金－全球通膨連結債券基金 (Y股英鎊避險),yfinance,債券型,全球市場,A0038 富達投信,富達
B14197,2014-06-12,1.189113736152649,英鎊,富達基金－全球通膨連結債券基金 (Y股英鎊避險),yfinance,債券型,全球市場,A0038 富達投信,富達
B14197,2014-06-13,1.189113736152649,英鎊,富達基金－全球通膨連結債券基金 (Y股英鎊避險),yfinance,債券型,全球市場,A0038 富達投信,富達
B14197,2014-06-16,1.1900672912597656,英鎊,富達基金－全球通膨連結債券基金 (Y股英鎊避險),yfinance,債券型,全球市場,A0038 富達投信,富達
B14197,2014-06-17,1.1900672912597656,英鎊,富達基金－全球通膨連結債券基金 (Y股英鎊避險),yfinance,債券型,全球市場,A0038 富達投信,富達
B14197,2014-06-18,1.1900672912597656,英鎊,富達基金－全球通膨連結債券基金 (Y股英鎊避險),yfinance,債券型,全球市場,A0038 富達投信,富達
B14197,2014-06-19,1.1929281949996948,英鎊,富達基金－全球通膨連結債券基金 (Y股英鎊避險),yfinance,債券型,全球市場,A0038 富達投信,富達
B14197,2014-06-20,1.1929281949996948,英鎊,富達基金－全球通膨連結債券基金 (Y股英鎊避險),yfinance,債券型,全球市場,A0038 富達投信,富達
B14197,2014-06-23,1.193881869316101,英鎊,富達基金－全球通膨連結債券基金 (Y股英鎊避險),yfinance,債券型,全球市場,A0038 富達投信,富達
B14197,2014-06-24,1.1948351860046387,英鎊,富達基金－全球通膨連結債券基金 (Y股英鎊避險),yfinance,債券型,全球市場,A0038 富達投信,富達
B14197,2014-06-25,1.195788860321045,英鎊,富達基金－全球通膨連結債券基金 (Y股英鎊避險),yfinance,債券型,全球市場,A0038 富達投信,富達
B14197,2014-06-26,1.195788860321045,英鎊,富達基金－全球通膨連結債券基金 (Y股英鎊避險),yfinance,債券型,全球市場,A0038 富達投信,富達
B14197,2014-06-27,1.1967424154281616,英鎊,富達基金－全球通膨連結債券基金 (Y股英鎊避險),yfinance,債券型,全球市場,A0038 富達投信,富達
B14197,2014-06-30,1.1967424154281616,英鎊,富達基金－全球通膨連結債券基金 (Y股英鎊避險),yfinance,債券型,全球市場,A0038 富達投信,富達
B14197,2014-07-01,1.1948351860046387,英鎊,富達基金－全球通膨連結債券基金 (Y股英鎊避險),yfinance,債券型,全球市場,A0038 富達投信,富達
B14197,2014-07-02,1.1929281949996948,英鎊,富達基金－全球通膨連結債券基金 (Y股英鎊避險),yfinance,債券型,全球市場,A0038 富達投信,富達
B14197,2014-07-03,1.1929281949996948,英鎊,富達基金－全球通膨連結債券基金 (Y股英鎊避險),yfinance,債券型,全球市場,A0038 富達投信,富達
B14197,2014-07-04,1.193881869316101,英鎊,富達基金－全球通膨連結債券基金 (Y股英鎊避險),yfinance,債券型,全球市場,A0038 富達投信,富達
B14197,2014-07-07,1.193881869316101,英鎊,富達基金－全球通膨連結債券基金 (Y股英鎊避險),yfinance,債券型,全球市場,A0038 富達投信,富達
B14197,2014-07-08,1.1948351860046387,英鎊,富達基金－全球通膨連結債券基金 (Y股英鎊避險),yfinance,債券型,全球市場,A0038 富達投信,富達
B14197,2014-07-09,1.1948351860046387,英鎊,富達基金－全球通膨連結債券基金 (Y股英鎊避險),yfinance,債券型,全球市場,A0038 富達投信,富達
B14197,2014-07-10,1.1967424154281616,英鎊,富達基金－全球通膨連結債券基金 (Y股英鎊避險),yfinance,債券型,全球市場,A0038 富達投信,富達
B14197,2014-07-11,1.1976962089538574,英鎊,富達基金－全球通膨連結債券基金 (Y股英鎊避險),yfinance,債券型,全球市場,A0038 富達投信,富達
B14197,2014-07-14,1.195788860321045,英鎊,富達基金－全球通膨連結債券基金 (Y股英鎊避險),yfinance,債券型,全球市場,A0038 富達投信,富達
B14197,2014-07-15,1.195788860321045,英鎊,富達基金－全球通膨連結債券基金 (Y股英鎊避險),yfinance,債券型,全球市場,A0038 富達投信,富達
B14197,2014-07-16,1.1948351860046387,英鎊,富達基金－全球通膨連結債券基金 (Y股英鎊避險),yfinance,債券型,全球市場,A0038 富達投信,富達
B14197,2014-07-17,1.1967424154281616,英鎊,富達基金－全球通膨連結債券基金 (Y股英鎊避險),yfinance,債券型,全球市場,A0038 富達投信,富達
B14197,2014-07-18,1.1967424154281616,英鎊,富達基金－全球通膨連結債券基金 (Y股英鎊避險),yfinance,債券型,全球市場,A0038 富達投信,富達
B14197,2014-07-21,1.1976962089538574,英鎊,富達基金－全球通膨連結債券基金 (Y股英鎊避險),yfinance,債券型,全球市場,A0038 富達投信,富達
B14197,2014-07-22,1.1967424154281616,英鎊,富達基金－全球通膨連結債券基金 (Y股英鎊避險),yfinance,債券型,全球市場,A0038 富達投信,富達
B14197,2014-07-23,1.1976962089538574,英鎊,富達基金－全球通膨連結債券基金 (Y股英鎊避險),yfinance,債券型,全球市場,A0038 富達投信,富達
B14197,2014-07-24,1.1976962089538574,英鎊,富達基金－全球通膨連結債券基金 (Y股英鎊避險),yfinance,債券型,全球市場,A0038 富達投信,富達
B14197,2014-07-25,1.198649525642395,英鎊,富達基金－全球通膨連結債券基金 (Y股英鎊避險),yfinance,債券型,全球市場,A0038 富達投信,富達
B14197,2014-07-28,1.198649525642395,英鎊,富達基金－全球通膨連結債券基金 (Y股英鎊避險),yfinance,債券型,全球市場,A0038 富達投信,富達
B14197,2014-07-29,1.198649525642395,英鎊,富達基金－全球通膨連結債券基金 (Y股英鎊避險),yfinance,債券型,全球市場,A0038 富達投信,富達
B14197,2014-07-30,1.1967424154281616,英鎊,富達基金－全球通膨連結債券基金 (Y股英鎊避險),yfinance,債券型,全球市場,A0038 富達投信,富達
B14197,2014-07-31,1.1967424154281616,英鎊,富達基金－全球通膨連結債券基金 (Y股英鎊避險),yfinance,債券型,全球市場,A0038 富達投信,富達
B14197,2014-08-01,1.1965504884719849,英鎊,富達基金－全球通膨連結債券基金 (Y股英鎊避險),yfinance,債券型,全球市場,A0038 富達投信,富達
B14197,2014-08-04,1.1955902576446533,英鎊,富達基金－全球通膨連結債券基金 (Y股英鎊避險),yfinance,債券型,全球市場,A0038 富達投信,富達
B14197,2014-08-05,1.1936695575714111,英鎊,富達基金－全球通膨連結債券基金 (Y股英鎊避險),yfinance,債券型,全球市場,A0038 富達投信,富達
B14197,2014-08-06,1.1955902576446533,英鎊,富達基金－全球通膨連結債券基金 (Y股英鎊避險),yfinance,債券型,全球市場,A0038 富達投信,富達
B14197,2014-08-07,1.1965504884719849,英鎊,富達基金－全球通膨連結債券基金 (Y股英鎊避險),yfinance,債券型,全球市場,A0038 富達投信,富達
B14197,2014-08-08,1.1965504884719849,英鎊,富達基金－全球通膨連結債券基金 (Y股英鎊避險),yfinance,債券型,全球市場,A0038 富達投信,富達
B14197,2014-08-11,1.1955902576446533,英鎊,富達基金－全球通膨連結債券基金 (Y股英鎊避險),yfinance,債券型,全球市場,A0038 富達投信,富達
B14197,2014-08-12,1.1955902576446533,英鎊,富達基金－全球通膨連結債券基金 (Y股英鎊避險),yfinance,債券型,全球市場,A0038 富達投信,富達
B14197,2014-08-13,1.1965504884719849,英鎊,富達基金－全球通膨連結債券基金 (Y股英鎊避險),yfinance,債券型,全球市場,A0038 富達投信,富達
B14197,2014-08-14,1.1965504884719849,英鎊,富達基金－全球通膨連結債券基金 (Y股英鎊避險),yfinance,債券型,全球市場,A0038 富達投信,富達
B14197,2014-08-15,1.1975106000900269,英鎊,富達基金－全球通膨連結債券基金 (Y股英鎊避險),yfinance,債券型,全球市場,A0038 富達投信,富達
B14197,2014-08-18,1.1955902576446533,英鎊,富達基金－全球通膨連結債券基金 (Y股英鎊避險),yfinance,債券型,全球市場,A0038 富達投信,富達
B14197,2014-08-19,1.1946296691894531,英鎊,富達基金－全球通膨連結債券基金 (Y股英鎊避險),yfinance,債券型,全球市場,A0038 富達投信,富達
B14197,2014-08-20,1.1946296691894531,英鎊,富達基金－全球通膨連結債券基金 (Y股英鎊避險),yfinance,債券型,全球市場,A0038 富達投信,富達
B14197,2014-08-21,1.1936695575714111,英鎊,富達基金－全球通膨連結債券基金 (Y股英鎊避險),yfinance,債券型,全球市場,A0038 富達投信,富達
B14197,2014-08-22,1.1946296691894531,英鎊,富達基金－全球通膨連結債券基金 (Y股英鎊避險),yfinance,債券型,全球市場,A0038 富達投信,富達
B14197,2014-08-26,1.1965504884719849,英鎊,富達基金－全球通膨連結債券基金 (Y股英鎊避險),yfinance,債券型,全球市場,A0038 富達投信,富達
B14197,2014-08-27,1.1975106000900269,英鎊,富達基金－全球通膨連結債券基金 (Y股英鎊避險),yfinance,債券型,全球市場,A0038 富達投信,富達
B14197,2014-08-28,1.198470950126648,英鎊,富達基金－全球通膨連結債券基金 (Y股英鎊避險),yfinance,債券型,全球市場,A0038 富達投信,富達
B14197,2014-08-29,1.198470950126648,英鎊,富達基金－全球通膨連結債券基金 (Y股英鎊避險),yfinance,債券型,全球市場,A0038 富達投信,富達
B14197,2014-09-01,1.198470950126648,英鎊,富達基金－全球通膨連結債券基金 (Y股英鎊避險),yfinance,債券型,全球市場,A0038 富達投信,富達
B14197,2014-09-02,1.1975106000900269,英鎊,富達基金－全球通膨連結債券基金 (Y股英鎊避險),yfinance,債券型,全球市場,A0038 富達投信,富達
B14197,2014-09-03,1.1955902576446533,英鎊,富達基金－全球通膨連結債券基金 (Y股英鎊避險),yfinance,債券型,全球市場,A0038 富達投信,富達
B14197,2014-09-04,1.1975106000900269,英鎊,富達基金－全球通膨連結債券基金 (Y股英鎊避險),yfinance,債券型,全球市場,A0038 富達投信,富達
B14197,2014-09-05,1.1975106000900269,英鎊,富達基金－全球通膨連結債券基金 (Y股英鎊避險),yfinance,債券型,全球市場,A0038 富達投信,富達
B14197,2014-09-08,1.1955902576446533,英鎊,富達基金－全球通膨連結債券基金 (Y股英鎊避險),yfinance,債券型,全球市場,A0038 富達投信,富達
B14197,2014-09-09,1.1927093267440796,英鎊,富達基金－全球通膨連結債券基金 (Y股英鎊避險),yfinance,債券型,全球市場,A0038 富達投信,富達
B14197,2014-09-10,1.1888679265975952,英鎊,富達基金－全球通膨連結債券基金 (Y股英鎊避險),yfinance,債券型,全球市場,A0038 富達投信,富達
B14197,2014-09-11,1.1907885074615479,英鎊,富達基金－全球通膨連結債券基金 (Y股英鎊避險),yfinance,債券型,全球市場,A0038 富達投信,富達
B14197,2014-09-12,1.1888679265975952,英鎊,富達基金－全球通膨連結債券基金 (Y股英鎊避險),yfinance,債券型,全球市場,A0038 富達投信,富達
B14197,2014-09-15,1.1879075765609741,英鎊,富達基金－全球通膨連結債券基金 (Y股英鎊避險),yfinance,債券型,全球市場,A0038 富達投信,富達
B14197,2014-09-16,1.1879075765609741,英鎊,富達基金－全球通膨連結債券基金 (Y股英鎊避險),yfinance,債券型,全球市場,A0038 富達投信,富達
B14197,2014-09-17,1.1859869956970215,英鎊,富達基金－全球通膨連結債券基金 (Y股英鎊避險),yfinance,債券型,全球市場,A0038 富達投信,富達
B14197,2014-09-18,1.1831059455871582,英鎊,富達基金－全球通膨連結債券基金 (Y股英鎊避險),yfinance,債券型,全球市場,A0038 富達投信,富達
B14197,2014-09-19,1.182145595550537,英鎊,富達基金－全球通膨連結債券基金 (Y股英鎊避險),yfinance,債券型,全球市場,A0038 富達投信,富達
B14197,2014-09-22,1.1831059455871582,英鎊,富達基金－全球通膨連結債券基金 (Y股英鎊避險),yfinance,債券型,全球市場,A0038 富達投信,富達
B14197,2014-09-23,1.1840664148330688,英鎊,富達基金－全球通膨連結債券基金 (Y股英鎊避險),yfinance,債券型,全球市場,A0038 富達投信,富達
B14197,2014-09-24,1.1840664148330688,英鎊,富達基金－全球通膨連結債券基金 (Y股英鎊避險),yfinance,債券型,全球市場,A0038 富達投信,富達
B14197,2014-09-25,1.1840664148330688,英鎊,富達基金－全球通膨連結債券基金 (Y股英鎊避險),yfinance,債券型,全球市場,A0038 富達投信,富達
B14197,2014-09-26,1.1831059455871582,英鎊,富達基金－全球通膨連結債券基金 (Y股英鎊避險),yfinance,債券型,全球市場,A0038 富達投信,富達
B14197,2014-09-29,1.1831059455871582,英鎊,富達基金－全球通膨連結債券基金 (Y股英鎊避險),yfinance,債券型,全球市場,A0038 富達投信,富達
B14197,2014-09-30,1.1840664148330688,英鎊,富達基金－全球通膨連結債券基金 (Y股英鎊避險),yfinance,債券型,全球市場,A0038 富達投信,富達
B14197,2014-10-01,1.1850265264511108,英鎊,富達基金－全球通膨連結債券基金 (Y股英鎊避險),yfinance,債券型,全球市場,A0038 富達投信,富達
B14197,2014-10-02,1.1840664148330688,英鎊,富達基金－全球通膨連結債券基金 (Y股英鎊避險),yfinance,債券型,全球市場,A0038 富達投信,富達
B14197,2014-10-03,1.182145595550537,英鎊,富達基金－全球通膨連結債券基金 (Y股英鎊避險),yfinance,債券型,全球市場,A0038 富達投信,富達
B14197,2014-10-06,1.181185245513916,英鎊,富達基金－全球通膨連結債券基金 (Y股英鎊避險),yfinance,債券型,全球市場,A0038 富達投信,富達
B14197,2014-10-07,1.182145595550537,英鎊,富達基金－全球通膨連結債券基金 (Y股英鎊避險),yfinance,債券型,全球市場,A0038 富達投信,富達
B14197,2014-10-08,1.1831059455871582,英鎊,富達基金－全球通膨連結債券基金 (Y股英鎊避險),yfinance,債券型,全球市場,A0038 富達投信,富達
B14197,2014-10-09,1.1859869956970215,英鎊,富達基金－全球通膨連結債券基金 (Y股英鎊避險),yfinance,債券型,全球市場,A0038 富達投信,富達
B14197,2014-10-10,1.1840664148330688,英鎊,富達基金－全球通膨連結債券基金 (Y股英鎊避險),yfinance,債券型,全球市場,A0038 富達投信,富達
B14197,2014-10-13,1.1840664148330688,英鎊,富達基金－全球通膨連結債券基金 (Y股英鎊避險),yfinance,債券型,全球市場,A0038 富達投信,富達
B14197,2014-10-14,1.1840664148330688,英鎊,富達基金－全球通膨連結債券基金 (Y股英鎊避險),yfinance,債券型,全球市場,A0038 富達投信,富達
B14197,2014-10-15,1.1859869956970215,英鎊,富達基金－全球通膨連結債券基金 (Y股英鎊避險),yfinance,債券型,全球市場,A0038 富達投信,富達
B14197,2014-10-16,1.1840664148330688,英鎊,富達基金－全球通膨連結債券基金 (Y股英鎊避險),yfinance,債券型,全球市場,A0038 富達投信,富達
B14197,2014-10-17,1.1840664148330688,英鎊,富達基金－全球通膨連結債券基金 (Y股英鎊避險),yfinance,債券型,全球市場,A0038 富達投信,富達
B14197,2014-10-20,1.1850265264511108,英鎊,富達基金－全球通膨連結債券基金 (Y股英鎊避險),yfinance,債券型,全球市場,A0038 富達投信,富達
B14197,2014-10-21,1.1850265264511108,英鎊,富達基金－全球通膨連結債券基金 (Y股英鎊避險),yfinance,債券型,全球市場,A0038 富達投信,富達
B14197,2014-10-22,1.1840664148330688,英鎊,富達基金－全球通膨連結債券基金 (Y股英鎊避險),yfinance,債券型,全球市場,A0038 富達投信,富達
B14197,2014-10-23,1.1831059455871582,英鎊,富達基金－全球通膨連結債券基金 (Y股英鎊避險),yfinance,債券型,全球市場,A0038 富達投信,富達
B14197,2014-10-24,1.181185245513916,英鎊,富達基金－全球通膨連結債券基金 (Y股英鎊避險),yfinance,債券型,全球市場,A0038 富達投信,富達
B14197,2014-10-27,1.181185245513916,英鎊,富達基金－全球通膨連結債券基金 (Y股英鎊避險),yfinance,債券型,全球市場,A0038 富達投信,富達
B14197,2014-10-28,1.181185245513916,英鎊,富達基金－全球通膨連結債券基金 (Y股英鎊避險),yfinance,債券型,全球市場,A0038 富達投信,富達
B14197,2014-10-29,1.1831059455871582,英鎊,富達基金－全球通膨連結債券基金 (Y股英鎊避險),yfinance,債券型,全球市場,A0038 富達投信,富達
B14197,2014-10-30,1.182145595550537,英鎊,富達基金－全球通膨連結債券基金 (Y股英鎊避險),yfinance,債券型,全球市場,A0038 富達投信,富達
B14197,2014-10-31,1.1831059455871582,英鎊,富達基金－全球通膨連結債券基金 (Y股英鎊避險),yfinance,債券型,全球市場,A0038 富達投信,富達
B14197,2014-11-03,1.181185245513916,英鎊,富達基金－全球通膨連結債券基金 (Y股英鎊避險),yfinance,債券型,全球市場,A0038 富達投信,富達
B14197,2014-11-04,1.182145595550537,英鎊,富達基金－全球通膨連結債券基金 (Y股英鎊避險),yfinance,債券型,全球市場,A0038 富達投信,富達
B14197,2014-11-05,1.181185245513916,英鎊,富達基金－全球通膨連結債券基金 (Y股英鎊避險),yfinance,債券型,全球市場,A0038 富達投信,富達
B14197,2014-11-06,1.182145595550537,英鎊,富達基金－全球通膨連結債券基金 (Y股英鎊避險),yfinance,債券型,全球市場,A0038 富達投信,富達
B14197,2014-11-07,1.1850265264511108,英鎊,富達基金－全球通膨連結債券基金 (Y股英鎊避險),yfinance,債券型,全球市場,A0038 富達投信,富達
B14197,2014-11-10,1.1850265264511108,英鎊,富達基金－全球通膨連結債券基金 (Y股英鎊避險),yfinance,債券型,全球市場,A0038 富達投信,富達
B14197,2014-11-11,1.1840664148330688,英鎊,富達基金－全球通膨連結債券基金 (Y股英鎊避險),yfinance,債券型,全球市場,A0038 富達投信,富達
B14197,2014-11-12,1.1831059455871582,英鎊,富達基金－全球通膨連結債券基金 (Y股英鎊避險),yfinance,債券型,全球市場,A0038 富達投信,富達
B14197,2014-11-13,1.181185245513916,英鎊,富達基金－全球通膨連結債券基金 (Y股英鎊避險),yfinance,債券型,全球市場,A0038 富達投信,富達
B14197,2014-11-14,1.182145595550537,英鎊,富達基金－全球通膨連結債券基金 (Y股英鎊避險),yfinance,債券型,全球市場,A0038 富達投信,富達
B14197,2014-11-17,1.1802250146865845,英鎊,富達基金－全球通膨連結債券基金 (Y股英鎊避險),yfinance,債券型,全球市場,A0038 富達投信,富達
B14197,2014-11-18,1.179264783859253,英鎊,富達基金－全球通膨連結債券基金 (Y股英鎊避險),yfinance,債券型,全球市場,A0038 富達投信,富達
B14197,2014-11-19,1.1783041954040527,英鎊,富達基金－全球通膨連結債券基金 (Y股英鎊避險),yfinance,債券型,全球市場,A0038 富達投信,富達
B14197,2014-11-20,1.1783041954040527,英鎊,富達基金－全球通膨連結債券基金 (Y股英鎊避險),yfinance,債券型,全球市場,A0038 富達投信,富達
B14197,2014-11-21,1.181185245513916,英鎊,富達基金－全球通膨連結債券基金 (Y股英鎊避險),yfinance,債券型,全球市場,A0038 富達投信,富達
B14197,2014-11-24,1.182145595550537,英鎊,富達基金－全球通膨連結債券基金 (Y股英鎊避險),yfinance,債券型,全球市場,A0038 富達投信,富達
B14197,2014-11-25,1.1831059455871582,英鎊,富達基金－全球通膨連結債券基金 (Y股英鎊避險),yfinance,債券型,全球市場,A0038 富達投信,富達
B14197,2014-11-26,1.1840664148330688,英鎊,富達基金－全球通膨連結債券基金 (Y股英鎊避險),yfinance,債券型,全球市場,A0038 富達投信,富達
B14197,2014-11-27,1.1840664148330688,英鎊,富達基金－全球通膨連結債券基金 (Y股英鎊避險),yfinance,債券型,全球市場,A0038 富達投信,富達
B14197,2014-11-28,1.182145595550537,英鎊,富達基金－全球通膨連結債券基金 (Y股英鎊避險),yfinance,債券型,全球市場,A0038 富達投信,富達
B14197,2014-12-01,1.181185245513916,英鎊,富達基金－全球通膨連結債券基金 (Y股英鎊避險),yfinance,債券型,全球市場,A0038 富達投信,富達
B14197,2014-12-02,1.179264783859253,英鎊,富達基金－全球通膨連結債券基金 (Y股英鎊避險),yfinance,債券型,全球市場,A0038 富達投信,富達
B14197,2014-12-03,1.1783041954040527,英鎊,富達基金－全球通膨連結債券基金 (Y股英鎊避險),yfinance,債券型,全球市場,A0038 富達投信,富達
B14197,2014-12-04,1.179264783859253,英鎊,富達基金－全球通膨連結債券基金 (Y股英鎊避險),yfinance,債券型,全球市場,A0038 富達投信,富達
B14197,2014-12-05,1.1754233837127686,英鎊,富達基金－全球通膨連結債券基金 (Y股英鎊避險),yfinance,債券型,全球市場,A0038 富達投信,富達
B14197,2014-12-08,1.1744633913040161,英鎊,富達基金－全球通膨連結債券基金 (Y股英鎊避險),yfinance,債券型,全球市場,A0038 富達投信,富達
B14197,2014-12-09,1.1744633913040161,英鎊,富達基金－全球通膨連結債券基金 (Y股英鎊避險),yfinance,債券型,全球市場,A0038 富達投信,富達
B14197,2014-12-10,1.1725425720214844,英鎊,富達基金－全球通膨連結債券基金 (Y股英鎊避險),yfinance,債券型,全球市場,A0038 富達投信,富達
B14197,2014-12-11,1.1706218719482422,英鎊,富達基金－全球通膨連結債券基金 (Y股英鎊避險),yfinance,債券型,全球市場,A0038 富達投信,富達
B14197,2014-12-12,1.168701171875,英鎊,富達基金－全球通膨連結債券基金 (Y股英鎊避險),yfinance,債券型,全球市場,A0038 富達投信,富達
B14197,2014-12-15,1.1667805910110474,英鎊,富達基金－全球通膨連結債券基金 (Y股英鎊避險),yfinance,債券型,全球市場,A0038 富達投信,富達
B14197,2014-12-16,1.1658204793930054,英鎊,富達基金－全球通膨連結債券基金 (Y股英鎊避險),yfinance,債券型,全球市場,A0038 富達投信,富達
B14197,2014-12-17,1.1667805910110474,英鎊,富達基金－全球通膨連結債券基金 (Y股英鎊避險),yfinance,債券型,全球市場,A0038 富達投信,富達
B14197,2014-12-18,1.1648601293563843,英鎊,富達基金－全球通膨連結債券基金 (Y股英鎊避險),yfinance,債券型,全球市場,A0038 富達投信,富達
B14197,2014-12-19,1.1658204793930054,英鎊,富達基金－全球通膨連結債券基金 (Y股英鎊避險),yfinance,債券型,全球市場,A0038 富達投信,富達
B14197,2014-12-22,1.168701171875,英鎊,富達基金－全球通膨連結債券基金 (Y股英鎊避險),yfinance,債券型,全球市場,A0038 富達投信,富達
B14197,2014-12-23,1.168701171875,英鎊,富達基金－全球通膨連結債券基金 (Y股英鎊避險),yfinance,債券型,全球市場,A0038 富達投信,富達
B14197,2014-12-24,1.1648601293563843,英鎊,富達基金－全球通膨連結債券基金 (Y股英鎊避險),yfinance,債券型,全球市場,A0038 富達投信,富達
B14197,2014-12-29,1.1667805910110474,英鎊,富達基金－全球通膨連結債券基金 (Y股英鎊避險),yfinance,債券型,全球市場,A0038 富達投信,富達
B14197,2014-12-30,1.1648601293563843,英鎊,富達基金－全球通膨連結債券基金 (Y股英鎊避險),yfinance,債券型,全球市場,A0038 富達投信,富達
B14197,2014-12-31,1.1658204793930054,英鎊,富達基金－全球通膨連結債券基金 (Y股英鎊避險),yfinance,債券型,全球市場,A0038 富達投信,富達
B24084,2014-01-02,513.3924560546875,英鎊,霸菱香港中國基金-A類 英鎊配息型,yfinance,股票型,中國/大中華,B0149 霸菱投顧,霸菱
B24084,2014-01-03,506.6864318847656,英鎊,霸菱香港中國基金-A類 英鎊配息型,yfinance,股票型,中國/大中華,B0149 霸菱投顧,霸菱
B24084,2014-01-06,503.2760925292969,英鎊,霸菱香港中國基金-A類 英鎊配息型,yfinance,股票型,中國/大中華,B0149 霸菱投顧,霸菱
B24084,2014-01-07,500.06622314453125,英鎊,霸菱香港中國基金-A類 英鎊配息型,yfinance,股票型,中國/大中華,B0149 霸菱投顧,霸菱
B24084,2014-01-08,505.7405700683594,英鎊,霸菱香港中國基金-A類 英鎊配息型,yfinance,股票型,中國/大中華,B0149 霸菱投顧,霸菱
B24084,2014-01-09,499.98980712890625,英鎊,霸菱香港中國基金-A類 英鎊配息型,yfinance,股票型,中國/大中華,B0149 霸菱投顧,霸菱
B24084,2014-01-10,500.4101257324219,英鎊,霸菱香港中國基金-A類 英鎊配息型,yfinance,股票型,中國/大中華,B0149 霸菱投顧,霸菱
B24084,2014-01-13,502.49273681640625,英鎊,霸菱香港中國基金-A類 英鎊配息型,yfinance,股票型,中國/大中華,B0149 霸菱投顧,霸菱
B24084,2014-01-14,500.6490173339844,英鎊,霸菱香港中國基金-A類 英鎊配息型,yfinance,股票型,中國/大中華,B0149 霸菱投顧,霸菱
B24084,2014-01-15,504.5943603515625,英鎊,霸菱香港中國基金-A類 英鎊配息型,yfinance,股票型,中國/大中華,B0149 霸菱投顧,霸菱
B24084,2014-01-16,508.27215576171875,英鎊,霸菱香港中國基金-A類 英鎊配息型,yfinance,股票型,中國/大中華,B0149 霸菱投顧,霸菱
B24084,2014-01-17,505.7694091796875,英鎊,霸菱香港中國基金-A類 英鎊配息型,yfinance,股票型,中國/大中華,B0149 霸菱投顧,霸菱
B24084,2014-01-20,501.4896545410156,英鎊,霸菱香港中國基金-A類 英鎊配息型,yfinance,股票型,中國/大中華,B0149 霸菱投顧,霸菱
B24084,2014-01-21,504.8713684082031,英鎊,霸菱香港中國基金-A類 英鎊配息型,yfinance,股票型,中國/大中華,B0149 霸菱投顧,霸菱
B24084,2014-01-22,504.8045349121094,英鎊,霸菱香港中國基金-A類 英鎊配息型,yfinance,股票型,中國/大中華,B0149 霸菱投顧,霸菱
B24084,2014-01-23,498.7383728027344,英鎊,霸菱香港中國基金-A類 英鎊配息型,yfinance,股票型,中國/大中華,B0149 霸菱投顧,霸菱
B24084,2014-01-24,488.23968505859375,英鎊,霸菱香港中國基金-A類 英鎊配息型,yfinance,股票型,中國/大中華,B0149 霸菱投顧,霸菱
B24084,2014-01-27,476.9768371582031,英鎊,霸菱香港中國基金-A類 英鎊配息型,yfinance,股票型,中國/大中華,B0149 霸菱投顧,霸菱
B24084,2014-01-28,478.6485900878906,英鎊,霸菱香港中國基金-A類 英鎊配息型,yfinance,股票型,中國/大中華,B0149 霸菱投顧,霸菱
B24084,2014-01-29,486.80682373046875,英鎊,霸菱香港中國基金-A類 英鎊配息型,yfinance,股票型,中國/大中華,B0149 霸菱投顧,霸菱
B24084,2014-01-30,484.3421936035156,英鎊,霸菱香港中國基金-A類 英鎊配息型,yfinance,股票型,中國/大中華,B0149 霸菱投顧,霸菱
B24084,2014-01-31,485.2687683105469,英鎊,霸菱香港中國基金-A類 英鎊配息型,yfinance,股票型,中國/大中華,B0149 霸菱投顧,霸菱
B24084,2014-02-03,488.7555847167969,英鎊,霸菱香港中國基金-A類 英鎊配息型,yfinance,股票型,中國/大中華,B0149 霸菱投顧,霸菱
B24084,2014-02-04,470.70062255859375,英鎊,霸菱香港中國基金-A類 英鎊配息型,yfinance,股票型,中國/大中華,B0149 霸菱投顧,霸菱
B24084,2014-02-05,470.2515869140625,英鎊,霸菱香港中國基金-A類 英鎊配息型,yfinance,股票型,中國/大中華,B0149 霸菱投顧,霸菱
B24084,2014-02-06,472.4488220214844,英鎊,霸菱香港中國基金-A類 英鎊配息型,yfinance,股票型,中國/大中華,B0149 霸菱投顧,霸菱
B24084,2014-02-07,478.6295166015625,英鎊,霸菱香港中國基金-A類 英鎊配息型,yfinance,股票型,中國/大中華,B0149 霸菱投顧,霸菱
B24084,2014-02-10,477.3398742675781,英鎊,霸菱香港中國基金-A類 英鎊配息型,yfinance,股票型,中國/大中華,B0149 霸菱投顧,霸菱
B24084,2014-02-11,484.4281921386719,英鎊,霸菱香港中國基金-A類 英鎊配息型,yfinance,股票型,中國/大中華,B0149 霸菱投顧,霸菱
B24084,2014-02-12,487.7430114746094,英鎊,霸菱香港中國基金-A類 英鎊配息型,yfinance,股票型,中國/大中華,B0149 霸菱投顧,霸菱
B24084,2014-02-13,481.4380798339844,英鎊,霸菱香港中國基金-A類 英鎊配息型,yfinance,股票型,中國/大中華,B0149 霸菱投顧,霸菱
B24084,2014-02-14,481.72467041015625,英鎊,霸菱香港中國基金-A類 英鎊配息型,yfinance,股票型,中國/大中華,B0149 霸菱投顧,霸菱
B24084,2014-02-17,486.7590026855469,英鎊,霸菱香港中國基金-A類 英鎊配息型,yfinance,股票型,中國/大中華,B0149 霸菱投顧,霸菱
B24084,2014-02-18,486.65399169921875,英鎊,霸菱香港中國基金-A類 英鎊配息型,yfinance,股票型,中國/大中華,B0149 霸菱投顧,霸菱
B24084,2014-02-19,487.943603515625,英鎊,霸菱香港中國基金-A類 英鎊配息型,yfinance,股票型,中國/大中華,B0149 霸菱投顧,霸菱
B24084,2014-02-20,482.3837890625,英鎊,霸菱香港中國基金-A類 英鎊配息型,yfinance,股票型,中國/大中華,B0149 霸菱投顧,霸菱
B24084,2014-02-21,482.6034851074219,英鎊,霸菱香港中國基金-A類 英鎊配息型,yfinance,股票型,中國/大中華,B0149 霸菱投顧,霸菱
B24084,2014-02-24,476.9195861816406,英鎊,霸菱香港中國基金-A類 英鎊配息型,yfinance,股票型,中國/大中華,B0149 霸菱投顧,霸菱
B24084,2014-02-25,473.02197265625,英鎊,霸菱香港中國基金-A類 英鎊配息型,yfinance,股票型,中國/大中華,B0149 霸菱投顧,霸菱
B24084,2014-02-26,477.702880859375,英鎊,霸菱香港中國基金-A類 英鎊配息型,yfinance,股票型,中國/大中華,B0149 霸菱投顧,霸菱
B24084,2014-02-27,486.3577880859375,英鎊,霸菱香港中國基金-A類 英鎊配息型,yfinance,股票型,中國/大中華,B0149 霸菱投顧,霸菱
B24084,2014-02-28,485.7846374511719,英鎊,霸菱香港中國基金-A類 英鎊配息型,yfinance,股票型,中國/大中華,B0149 霸菱投顧,霸菱
B24084,2014-03-03,478.1423034667969,英鎊,霸菱香港中國基金-A類 英鎊配息型,yfinance,股票型,中國/大中華,B0149 霸菱投顧,霸菱
B24084,2014-03-04,480.8266906738281,英鎊,霸菱香港中國基金-A類 英鎊配息型,yfinance,股票型,中國/大中華,B0149 霸菱投顧,霸菱
B24084,2014-03-05,478.1136169433594,英鎊,霸菱香港中國基金-A類 英鎊配息型,yfinance,股票型,中國/大中華,B0149 霸菱投顧,霸菱
B24084,2014-03-06,479.4414978027344,英鎊,霸菱香港中國基金-A類 英鎊配息型,yfinance,股票型,中國/大中華,B0149 霸菱投顧,霸菱
B24084,2014-03-07,478.3238220214844,英鎊,霸菱香港中國基金-A類 英鎊配息型,yfinance,股票型,中國/大中華,B0149 霸菱投顧,霸菱
B24084,2014-03-10,473.184326171875,英鎊,霸菱香港中國基金-A類 英鎊配息型,yfinance,股票型,中國/大中華,B0149 霸菱投顧,霸菱
B24084,2014-03-11,475.0089416503906,英鎊,霸菱香港中國基金-A類 英鎊配息型,yfinance,股票型,中國/大中華,B0149 霸菱投顧,霸菱
B24084,2014-03-12,467.5386047363281,英鎊,霸菱香港中國基金-A類 英鎊配息型,yfinance,股票型,中國/大中華,B0149 霸菱投顧,霸菱
B24084,2014-03-13,460.8228759765625,英鎊,霸菱香港中國基金-A類 英鎊配息型,yfinance,股票型,中國/大中華,B0149 霸菱投顧,霸菱
B24084,2014-03-14,456.6578063964844,英鎊,霸菱香港中國基金-A類 英鎊配息型,yfinance,股票型,中國/大中華,B0149 霸菱投顧,霸菱
B24084,2014-03-18,461.00433349609375,英鎊,霸菱香港中國基金-A類 英鎊配息型,yfinance,股票型,中國/大中華,B0149 霸菱投顧,霸菱
B24084,2014-03-19,463.2779541015625,英鎊,霸菱香港中國基金-A類 英鎊配息型,yfinance,股票型,中國/大中華,B0149 霸菱投顧,霸菱
B24084,2014-03-20,460.2402038574219,英鎊,霸菱香港中國基金-A類 英鎊配息型,yfinance,股票型,中國/大中華,B0149 霸菱投顧,霸菱
B24084,2014-03-21,466.5833435058594,英鎊,霸菱香港中國基金-A類 英鎊配息型,yfinance,股票型,中國/大中華,B0149 霸菱投顧,霸菱
B24084,2014-03-24,474.1109619140625,英鎊,霸菱香港中國基金-A類 英鎊配息型,yfinance,股票型,中國/大中華,B0149 霸菱投顧,霸菱
B24084,2014-03-25,468.1499328613281,英鎊,霸菱香港中國基金-A類 英鎊配息型,yfinance,股票型,中國/大中華,B0149 霸菱投顧,霸菱
B24084,2014-03-26,471.8087463378906,英鎊,霸菱香港中國基金-A類 英鎊配息型,yfinance,股票型,中國/大中華,B0149 霸菱投顧,霸菱
B24084,2014-03-27,465.7903747558594,英鎊,霸菱香港中國基金-A類 英鎊配息型,yfinance,股票型,中國/大中華,B0149 霸菱投顧,霸菱
B24084,2014-03-28,471.388427734375,英鎊,霸菱香港中國基金-A類 英鎊配息型,yfinance,股票型,中國/大中華,B0149 霸菱投顧,霸菱
B24084,2014-03-31,476.212646484375,英鎊,霸菱香港中國基金-A類 英鎊配息型,yfinance,股票型,中國/大中華,B0149 霸菱投顧,霸菱
B24084,2014-04-01,482.03033447265625,英鎊,霸菱香港中國基金-A類 英鎊配息型,yfinance,股票型,中國/大中華,B0149 霸菱投顧,霸菱
B24084,2014-04-02,483.5111083984375,英鎊,霸菱香港中國基金-A類 英鎊配息型,yfinance,股票型,中國/大中華,B0149 霸菱投顧,霸菱
B24084,2014-04-03,484.60968017578125,英鎊,霸菱香港中國基金-A類 英鎊配息型,yfinance,股票型,中國/大中華,B0149 霸菱投顧,霸菱
B24084,2014-04-04,480.903076171875,英鎊,霸菱香港中國基金-A類 英鎊配息型,yfinance,股票型,中國/大中華,B0149 霸菱投顧,霸菱
B24084,2014-04-07,478.4766540527344,英鎊,霸菱香港中國基金-A類 英鎊配息型,yfinance,股票型,中國/大中華,B0149 霸菱投顧,霸菱
B24084,2014-04-08,478.1518859863281,英鎊,霸菱香港中國基金-A類 英鎊配息型,yfinance,股票型,中國/大中華,B0149 霸菱投顧,霸菱
B24084,2014-04-09,482.61309814453125,英鎊,霸菱香港中國基金-A類 英鎊配息型,yfinance,股票型,中國/大中華,B0149 霸菱投顧,霸菱
B24084,2014-04-10,486.90234375,英鎊,霸菱香港中國基金-A類 英鎊配息型,yfinance,股票型,中國/大中華,B0149 霸菱投顧,霸菱
B24084,2014-04-11,478.6485900878906,英鎊,霸菱香港中國基金-A類 英鎊配息型,yfinance,股票型,中國/大中華,B0149 霸菱投顧,霸菱
B24084,2014-04-14,477.4544982910156,英鎊,霸菱香港中國基金-A類 英鎊配息型,yfinance,股票型,中國/大中華,B0149 霸菱投顧,霸菱
B24084,2014-04-15,469.745361328125,英鎊,霸菱香港中國基金-A類 英鎊配息型,yfinance,股票型,中國/大中華,B0149 霸菱投顧,霸菱
B24084,2014-04-16,468.16900634765625,英鎊,霸菱香港中國基金-A類 英鎊配息型,yfinance,股票型,中國/大中華,B0149 霸菱投顧,霸菱
B24084,2014-04-17,470.86297607421875,英鎊,霸菱香港中國基金-A類 英鎊配息型,yfinance,股票型,中國/大中華,B0149 霸菱投顧,霸菱
B24084,2014-04-22,471.7036437988281,英鎊,霸菱香港中國基金-A類 英鎊配息型,yfinance,股票型,中國/大中華,B0149 霸菱投顧,霸菱
B24084,2014-04-23,468.81866455078125,英鎊,霸菱香港中國基金-A類 英鎊配息型,yfinance,股票型,中國/大中華,B0149 霸菱投顧,霸菱
B24084,2014-04-24,469.68798828125,英鎊,霸菱香港中國基金-A類 英鎊配息型,yfinance,股票型,中國/大中華,B0149 霸菱投顧,霸菱
B24084,2014-04-25,462.6665954589844,英鎊,霸菱香港中國基金-A類 英鎊配息型,yfinance,股票型,中國/大中華,B0149 霸菱投顧,霸菱
B24084,2014-04-28,456.53363037109375,英鎊,霸菱香港中國基金-A類 英鎊配息型,yfinance,股票型,中國/大中華,B0149 霸菱投顧,霸菱
B24084,2014-04-29,459.9154052734375,英鎊,霸菱香港中國基金-A類 英鎊配息型,yfinance,股票型,中國/大中華,B0149 霸菱投顧,霸菱
B24084,2014-04-30,454.8332214355469,英鎊,霸菱香港中國基金-A類 英鎊配息型,yfinance,股票型,中國/大中華,B0149 霸菱投顧,霸菱
B24084,2014-05-01,452.3782958984375,英鎊,霸菱香港中國基金-A類 英鎊配息型,yfinance,股票型,中國/大中華,B0149 霸菱投顧,霸菱
B24084,2014-05-02,456.6810302734375,英鎊,霸菱香港中國基金-A類 英鎊配息型,yfinance,股票型,中國/大中華,B0149 霸菱投顧,霸菱
B24084,2014-05-06,451.9837341308594,英鎊,霸菱香港中國基金-A類 英鎊配息型,yfinance,股票型,中國/大中華,B0149 霸菱投顧,霸菱
B24084,2014-05-07,447.18048095703125,英鎊,霸菱香港中國基金-A類 英鎊配息型,yfinance,股票型,中國/大中華,B0149 霸菱投顧,霸菱
B24084,2014-05-08,445.8713684082031,英鎊,霸菱香港中國基金-A類 英鎊配息型,yfinance,股票型,中國/大中華,B0149 霸菱投顧,霸菱
B24084,2014-05-09,445.4189147949219,英鎊,霸菱香港中國基金-A類 英鎊配息型,yfinance,股票型,中國/大中華,B0149 霸菱投顧,霸菱
B24084,2014-05-12,452.6094055175781,英鎊,霸菱香港中國基金-A類 英鎊配息型,yfinance,股票型,中國/大中華,B0149 霸菱投顧,霸菱
B24084,2014-05-13,457.3547668457031,英鎊,霸菱香港中國基金-A類 英鎊配息型,yfinance,股票型,中國/大中華,B0149 霸菱投顧,霸菱
B24084,2014-05-14,464.3622741699219,英鎊,霸菱香港中國基金-A類 英鎊配息型,yfinance,股票型,中國/大中華,B0149 霸菱投顧,霸菱
B24084,2014-05-15,465.0938720703125,英鎊,霸菱香港中國基金-A類 英鎊配息型,yfinance,股票型,中國/大中華,B0149 霸菱投顧,霸菱
B24084,2014-05-16,461.0799865722656,英鎊,霸菱香港中國基金-A類 英鎊配息型,yfinance,股票型,中國/大中華,B0149 霸菱投顧,霸菱
B24084,2014-05-19,458.32696533203125,英鎊,霸菱香港中國基金-A類 英鎊配息型,yfinance,股票型,中國/大中華,B0149 霸菱投顧,霸菱
B24084,2014-05-20,458.2981262207031,英鎊,霸菱香港中國基金-A類 英鎊配息型,yfinance,股票型,中國/大中華,B0149 霸菱投顧,霸菱
B24084,2014-05-21,459.7516174316406,英鎊,霸菱香港中國基金-A類 英鎊配息型,yfinance,股票型,中國/大中華,B0149 霸菱投顧,霸菱
B24084,2014-05-22,466.03717041015625,英鎊,霸菱香港中國基金-A類 英鎊配息型,yfinance,股票型,中國/大中華,B0149 霸菱投顧,霸菱
B24084,2014-05-23,468.5687255859375,英鎊,霸菱香港中國基金-A類 英鎊配息型,yfinance,股票型,中國/大中華,B0149 霸菱投顧,霸菱
B24084,2014-05-27,469.8585510253906,英鎊,霸菱香港中國基金-A類 英鎊配息型,yfinance,股票型,中國/大中華,B0149 霸菱投顧,霸菱
B24084,2014-05-28,475.0179443359375,英鎊,霸菱香港中國基金-A類 英鎊配息型,yfinance,股票型,中國/大中華,B0149 霸菱投顧,霸菱
B24084,2014-05-29,472.8329772949219,英鎊,霸菱香港中國基金-A類 英鎊配息型,yfinance,股票型,中國/大中華,B0149 霸菱投顧,霸菱
B24084,2014-05-30,474.62322998046875,英鎊,霸菱香港中國基金-A類 英鎊配息型,yfinance,股票型,中國/大中華,B0149 霸菱投顧,霸菱
B24084,2014-06-03,480.83184814453125,英鎊,霸菱香港中國基金-A類 英鎊配息型,yfinance,股票型,中國/大中華,B0149 霸菱投顧,霸菱
B24084,2014-06-04,477.8478698730469,英鎊,霸菱香港中國基金-A類 英鎊配息型,yfinance,股票型,中國/大中華,B0149 霸菱投顧,霸菱
B24084,2014-06-05,478.213623046875,英鎊,霸菱香港中國基金-A類 英鎊配息型,yfinance,股票型,中國/大中華,B0149 霸菱投顧,霸菱
B24084,2014-06-06,477.1259460449219,英鎊,霸菱香港中國基金-A類 英鎊配息型,yfinance,股票型,中國/大中華,B0149 霸菱投顧,霸菱
B24084,2014-06-09,480.4275817871094,英鎊,霸菱香港中國基金-A類 英鎊配息型,yfinance,股票型,中國/大中華,B0149 霸菱投顧,霸菱
B24084,2014-06-10,487.0210876464844,英鎊,霸菱香港中國基金-A類 英鎊配息型,yfinance,股票型,中國/大中華,B0149 霸菱投顧,霸菱
B24084,2014-06-11,486.7227783203125,英鎊,霸菱香港中國基金-A類 英鎊配息型,yfinance,股票型,中國/大中華,B0149 霸菱投顧,霸菱
B24084,2014-06-12,485.2211608886719,英鎊,霸菱香港中國基金-A類 英鎊配息型,yfinance,股票型,中國/大中華,B0149 霸菱投顧,霸菱
B24084,2014-06-13,484.34521484375,英鎊,霸菱香港中國基金-A類 英鎊配息型,yfinance,股票型,中國/大中華,B0149 霸菱投顧,霸菱
B24084,2014-06-16,484.730224609375,英鎊,霸菱香港中國基金-A類 英鎊配息型,yfinance,股票型,中國/大中華,B0149 霸菱投顧,霸菱
B24084,2014-06-17,481.65966796875,英鎊,霸菱香港中國基金-A類 英鎊配息型,yfinance,股票型,中國/大中華,B0149 霸菱投顧,霸菱
B24084,2014-06-18,482.5741271972656,英鎊,霸菱香港中國基金-A類 英鎊配息型,yfinance,股票型,中國/大中華,B0149 霸菱投顧,霸菱
B24084,2014-06-19,479.4072570800781,英鎊,霸菱香港中國基金-A類 英鎊配息型,yfinance,股票型,中國/大中華,B0149 霸菱投顧,霸菱
B24084,2014-06-20,479.3398742675781,英鎊,霸菱香港中國基金-A類 英鎊配息型,yfinance,股票型,中國/大中華,B0149 霸菱投顧,霸菱
B24084,2014-06-23,473.0061340332031,英鎊,霸菱香港中國基金-A類 英鎊配息型,yfinance,股票型,中國/大中華,B0149 霸菱投顧,霸菱
B24084,2014-06-24,475.3356018066406,英鎊,霸菱香港中國基金-A類 英鎊配息型,yfinance,股票型,中國/大中華,B0149 霸菱投顧,霸菱
B24084,2014-06-25,475.5184631347656,英鎊,霸菱香港中國基金-A類 英鎊配息型,yfinance,股票型,中國/大中華,B0149 霸菱投顧,霸菱
B24084,2014-06-26,479.5035095214844,英鎊,霸菱香港中國基金-A類 英鎊配息型,yfinance,股票型,中國/大中華,B0149 霸菱投顧,霸菱
B24084,2014-06-27,479.01263427734375,英鎊,霸菱香港中國基金-A類 英鎊配息型,yfinance,股票型,中國/大中華,B0149 霸菱投顧,霸菱
B24084,2014-06-30,481.2746276855469,英鎊,霸菱香港中國基金-A類 英鎊配息型,yfinance,股票型,中國/大中華,B0149 霸菱投顧,霸菱
B24084,2014-07-01,478.8778076171875,英鎊,霸菱香港中國基金-A類 英鎊配息型,yfinance,股票型,中國/大中華,B0149 霸菱投顧,霸菱
B24084,2014-07-02,485.2308044433594,英鎊,霸菱香港中國基金-A類 英鎊配息型,yfinance,股票型,中國/大中華,B0149 霸菱投顧,霸菱
B24084,2014-07-03,489.7741394042969,英鎊,霸菱香港中國基金-A類 英鎊配息型,yfinance,股票型,中國/大中華,B0149 霸菱投顧,霸菱
B24084,2014-07-04,491.0062255859375,英鎊,霸菱香港中國基金-A類 英鎊配息型,yfinance,股票型,中國/大中華,B0149 霸菱投顧,霸菱
B24084,2014-07-07,492.85430908203125,英鎊,霸菱香港中國基金-A類 英鎊配息型,yfinance,股票型,中國/大中華,B0149 霸菱投顧,霸菱
B24084,2014-07-08,492.5367431640625,英鎊,霸菱香港中國基金-A類 英鎊配息型,yfinance,股票型,中國/大中華,B0149 霸菱投顧,霸菱
B24084,2014-07-09,485.4040222167969,英鎊,霸菱香港中國基金-A類 英鎊配息型,yfinance,股票型,中國/大中華,B0149 霸菱投顧,霸菱
B24084,2014-07-10,488.1185302734375,英鎊,霸菱香港中國基金-A類 英鎊配息型,yfinance,股票型,中國/大中華,B0149 霸菱投顧,霸菱
B24084,2014-07-11,486.8190002441406,英鎊,霸菱香港中國基金-A類 英鎊配息型,yfinance,股票型,中國/大中華,B0149 霸菱投顧,霸菱
B24084,2014-07-14,490.572998046875,英鎊,霸菱香港中國基金-A類 英鎊配息型,yfinance,股票型,中國/大中華,B0149 霸菱投顧,霸菱
B24084,2014-07-15,492.0168762207031,英鎊,霸菱香港中國基金-A類 英鎊配息型,yfinance,股票型,中國/大中華,B0149 霸菱投顧,霸菱
B24084,2014-07-16,492.20941162109375,英鎊,霸菱香港中國基金-A類 英鎊配息型,yfinance,股票型,中國/大中華,B0149 霸菱投顧,霸菱
B24084,2014-07-17,491.718505859375,英鎊,霸菱香港中國基金-A類 英鎊配息型,yfinance,股票型,中國/大中華,B0149 霸菱投顧,霸菱
B24084,2014-07-18,490.0147705078125,英鎊,霸菱香港中國基金-A類 英鎊配息型,yfinance,股票型,中國/大中華,B0149 霸菱投顧,霸菱
B24084,2014-07-21,488.8211975097656,英鎊,霸菱香港中國基金-A類 英鎊配息型,yfinance,股票型,中國/大中華,B0149 霸菱投顧,霸菱
B24084,2014-07-22,497.7923278808594,英鎊,霸菱香港中國基金-A類 英鎊配息型,yfinance,股票型,中國/大中華,B0149 霸菱投顧,霸菱
B24084,2014-07-23,503.5484619140625,英鎊,霸菱香港中國基金-A類 英鎊配息型,yfinance,股票型,中國/大中華,B0149 霸菱投顧,霸菱
B24084,2014-07-24,508.3323669433594,英鎊,霸菱香港中國基金-A類 英鎊配息型,yfinance,股票型,中國/大中華,B0149 霸菱投顧,霸菱
B24084,2014-07-25,509.14105224609375,英鎊,霸菱香港中國基金-A類 英鎊配息型,yfinance,股票型,中國/大中華,B0149 霸菱投顧,霸菱
B24084,2014-07-28,512.971923828125,英鎊,霸菱香港中國基金-A類 英鎊配息型,yfinance,股票型,中國/大中華,B0149 霸菱投顧,霸菱
B24084,2014-07-29,515.802001953125,英鎊,霸菱香港中國基金-A類 英鎊配息型,yfinance,股票型,中國/大中華,B0149 霸菱投顧,霸菱
B24084,2014-07-30,514.4447021484375,英鎊,霸菱香港中國基金-A類 英鎊配息型,yfinance,股票型,中國/大中華,B0149 霸菱投顧,霸菱
B24084,2014-07-31,518.083251953125,英鎊,霸菱香港中國基金-A類 英鎊配息型,yfinance,股票型,中國/大中華,B0149 霸菱投顧,霸菱
B24084,2014-08-01,514.1847534179688,英鎊,霸菱香港中國基金-A類 英鎊配息型,yfinance,股票型,中國/大中華,B0149 霸菱投顧,霸菱
B24084,2014-08-05,518.6127319335938,英鎊,霸菱香港中國基金-A類 英鎊配息型,yfinance,股票型,中國/大中華,B0149 霸菱投顧,霸菱
B24084,2014-08-06,518.0928955078125,英鎊,霸菱香港中國基金-A類 英鎊配息型,yfinance,股票型,中國/大中華,B0149 霸菱投顧,霸菱
B24084,2014-08-07,513.3666381835938,英鎊,霸菱香港中國基金-A類 英鎊配息型,yfinance,股票型,中國/大中華,B0149 霸菱投顧,霸菱
B24084,2014-08-08,513.347412109375,英鎊,霸菱香港中國基金-A類 英鎊配息型,yfinance,股票型,中國/大中華,B0149 霸菱投顧,霸菱
B24084,2014-08-11,520.8553466796875,英鎊,霸菱香港中國基金-A類 英鎊配息型,yfinance,股票型,中國/大中華,B0149 霸菱投顧,霸菱
B24084,2014-08-12,522.7806396484375,英鎊,霸菱香港中國基金-A類 英鎊配息型,yfinance,股票型,中國/大中華,B0149 霸菱投顧,霸菱
B24084,2014-08-13,530.0191650390625,英鎊,霸菱香港中國基金-A類 英鎊配息型,yfinance,股票型,中國/大中華,B0149 霸菱投顧,霸菱
B24084,2014-08-14,527.1506958007812,英鎊,霸菱香港中國基金-A類 英鎊配息型,yfinance,股票型,中國/大中華,B0149 霸菱投顧,霸菱
B24084,2014-08-15,528.5174560546875,英鎊,霸菱香港中國基金-A類 英鎊配息型,yfinance,股票型,中國/大中華,B0149 霸菱投顧,霸菱
B24084,2014-08-18,527.73779296875,英鎊,霸菱香港中國基金-A類 英鎊配息型,yfinance,股票型,中國/大中華,B0149 霸菱投顧,霸菱
B24084,2014-08-19,532.2811889648438,英鎊,霸菱香港中國基金-A類 英鎊配息型,yfinance,股票型,中國/大中華,B0149 霸菱投顧,霸菱
B24084,2014-08-20,531.5111083984375,英鎊,霸菱香港中國基金-A類 英鎊配息型,yfinance,股票型,中國/大中華,B0149 霸菱投顧,霸菱
B24084,2014-08-21,529.6725463867188,英鎊,霸菱香港中國基金-A類 英鎊配息型,yfinance,股票型,中國/大中華,B0149 霸菱投顧,霸菱
B24084,2014-08-22,533.3399047851562,英鎊,霸菱香港中國基金-A類 英鎊配息型,yfinance,股票型,中國/大中華,B0149 霸菱投顧,霸菱
B24084,2014-08-26,530.9335327148438,英鎊,霸菱香港中國基金-A類 英鎊配息型,yfinance,股票型,中國/大中華,B0149 霸菱投顧,霸菱
B24084,2014-08-27,528.8447875976562,英鎊,霸菱香港中國基金-A類 英鎊配息型,yfinance,股票型,中國/大中華,B0149 霸菱投顧,霸菱
B24084,2014-08-28,524.0800170898438,英鎊,霸菱香港中國基金-A類 英鎊配息型,yfinance,股票型,中國/大中華,B0149 霸菱投顧,霸菱
B24084,2014-08-29,525.427734375,英鎊,霸菱香港中國基金-A類 英鎊配息型,yfinance,股票型,中國/大中華,B0149 霸菱投顧,霸菱
B24084,2014-09-01,524.9464111328125,英鎊,霸菱香港中國基金-A類 英鎊配息型,yfinance,股票型,中國/大中華,B0149 霸菱投顧,霸菱
B24084,2014-09-02,528.373046875,英鎊,霸菱香港中國基金-A類 英鎊配息型,yfinance,股票型,中國/大中華,B0149 霸菱投顧,霸菱
B24084,2014-09-03,543.4083862304688,英鎊,霸菱香港中國基金-A類 英鎊配息型,yfinance,股票型,中國/大中華,B0149 霸菱投顧,霸菱
B24084,2014-09-04,546.026611328125,英鎊,霸菱香港中國基金-A類 英鎊配息型,yfinance,股票型,中國/大中華,B0149 霸菱投顧,霸菱
B24084,2014-09-05,548.2789916992188,英鎊,霸菱香港中國基金-A類 英鎊配息型,yfinance,股票型,中國/大中華,B0149 霸菱投顧,霸菱
B24084,2014-09-08,556.3067626953125,英鎊,霸菱香港中國基金-A類 英鎊配息型,yfinance,股票型,中國/大中華,B0149 霸菱投顧,霸菱
B24084,2014-09-09,555.931396484375,英鎊,霸菱香港中國基金-A類 英鎊配息型,yfinance,股票型,中國/大中華,B0149 霸菱投顧,霸菱
B24084,2014-09-10,545.0255126953125,英鎊,霸菱香港中國基金-A類 英鎊配息型,yfinance,股票型,中國/大中華,B0149 霸菱投顧,霸菱
B24084,2014-09-11,538.8360595703125,英鎊,霸菱香港中國基金-A類 英鎊配息型,yfinance,股票型,中國/大中華,B0149 霸菱投顧,霸菱
B24084,2014-09-12,538.5859985351562,英鎊,霸菱香港中國基金-A類 英鎊配息型,yfinance,股票型,中國/大中華,B0149 霸菱投顧,霸菱
B24084,2014-09-15,531.9539794921875,英鎊,霸菱香港中國基金-A類 英鎊配息型,yfinance,股票型,中國/大中華,B0149 霸菱投顧,霸菱
B24084,2014-09-16,525.6298217773438,英鎊,霸菱香港中國基金-A類 英鎊配息型,yfinance,股票型,中國/大中華,B0149 霸菱投顧,霸菱
B24084,2014-09-17,528.7484741210938,英鎊,霸菱香港中國基金-A類 英鎊配息型,yfinance,股票型,中國/大中華,B0149 霸菱投顧,霸菱
B24084,2014-09-18,523.762451171875,英鎊,霸菱香港中國基金-A類 英鎊配息型,yfinance,股票型,中國/大中華,B0149 霸菱投顧,霸菱
B24084,2014-09-19,524.5420532226562,英鎊,霸菱香港中國基金-A類 英鎊配息型,yfinance,股票型,中國/大中華,B0149 霸菱投顧,霸菱
B24084,2014-09-22,519.41162109375,英鎊,霸菱香港中國基金-A類 英鎊配息型,yfinance,股票型,中國/大中華,B0149 霸菱投顧,霸菱
B24084,2014-09-23,514.3197021484375,英鎊,霸菱香港中國基金-A類 英鎊配息型,yfinance,股票型,中國/大中華,B0149 霸菱投顧,霸菱
B24084,2014-09-24,516.8125610351562,英鎊,霸菱香港中國基金-A類 英鎊配息型,yfinance,股票型,中國/大中華,B0149 霸菱投顧,霸菱
B24084,2014-09-25,519.825439453125,英鎊,霸菱香港中國基金-A類 英鎊配息型,yfinance,股票型,中國/大中華,B0149 霸菱投顧,霸菱
B24084,2014-09-26,515.5902099609375,英鎊,霸菱香港中國基金-A類 英鎊配息型,yfinance,股票型,中國/大中華,B0149 霸菱投顧,霸菱
B24084,2014-09-29,509.8244323730469,英鎊,霸菱香港中國基金-A類 英鎊配息型,yfinance,股票型,中國/大中華,B0149 霸菱投顧,霸菱
B24084,2014-09-30,506.9655456542969,英鎊,霸菱香港中國基金-A類 英鎊配息型,yfinance,股票型,中國/大中華,B0149 霸菱投顧,霸菱
B24084,2014-10-01,506.5997619628906,英鎊,霸菱香港中國基金-A類 英鎊配息型,yfinance,股票型,中國/大中華,B0149 霸菱投顧,霸菱
B24084,2014-10-02,507.1484680175781,英鎊,霸菱香港中國基金-A類 英鎊配息型,yfinance,股票型,中國/大中華,B0149 霸菱投顧,霸菱
B24084,2014-10-03,512.6544799804688,英鎊,霸菱香港中國基金-A類 英鎊配息型,yfinance,股票型,中國/大中華,B0149 霸菱投顧,霸菱
B24084,2014-10-06,520.8650512695312,英鎊,霸菱香港中國基金-A類 英鎊配息型,yfinance,股票型,中國/大中華,B0149 霸菱投顧,霸菱
B24084,2014-10-07,522.5206909179688,英鎊,霸菱香港中國基金-A類 英鎊配息型,yfinance,股票型,中國/大中華,B0149 霸菱投顧,霸菱
B24084,2014-10-08,518.4490966796875,英鎊,霸菱香港中國基金-A類 英鎊配息型,yfinance,股票型,中國/大中華,B0149 霸菱投顧,霸菱
B24084,2014-10-09,519.7869873046875,英鎊,霸菱香港中國基金-A類 英鎊配息型,yfinance,股票型,中國/大中華,B0149 霸菱投顧,霸菱
B24084,2014-10-10,515.5516967773438,英鎊,霸菱香港中國基金-A類 英鎊配息型,yfinance,股票型,中國/大中華,B0149 霸菱投顧,霸菱
B24084,2014-10-13,510.18060302734375,英鎊,霸菱香港中國基金-A類 英鎊配息型,yfinance,股票型,中國/大中華,B0149 霸菱投顧,霸菱
B24084,2014-10-14,510.9986877441406,英鎊,霸菱香港中國基金-A類 英鎊配息型,yfinance,股票型,中國/大中華,B0149 霸菱投顧,霸菱
B24084,2014-10-15,514.4061889648438,英鎊,霸菱香港中國基金-A類 英鎊配息型,yfinance,股票型,中國/大中華,B0149 霸菱投顧,霸菱
B24084,2014-10-16,501.26727294921875,英鎊,霸菱香港中國基金-A類 英鎊配息型,yfinance,股票型,中國/大中華,B0149 霸菱投顧,霸菱
B24084,2014-10-17,514.252197265625,英鎊,霸菱香港中國基金-A類 英鎊配息型,yfinance,股票型,中國/大中華,B0149 霸菱投顧,霸菱
B24084,2014-10-20,510.6618347167969,英鎊,霸菱香港中國基金-A類 英鎊配息型,yfinance,股票型,中國/大中華,B0149 霸菱投顧,霸菱
B24084,2014-10-21,514.6083984375,英鎊,霸菱香港中國基金-A類 英鎊配息型,yfinance,股票型,中國/大中華,B0149 霸菱投顧,霸菱
B24084,2014-10-22,518.9689331054688,英鎊,霸菱香港中國基金-A類 英鎊配息型,yfinance,股票型,中國/大中華,B0149 霸菱投顧,霸菱
B24084,2014-10-23,518.1409912109375,英鎊,霸菱香港中國基金-A類 英鎊配息型,yfinance,股票型,中國/大中華,B0149 霸菱投顧,霸菱
B24084,2014-10-24,517.3419799804688,英鎊,霸菱香港中國基金-A類 英鎊配息型,yfinance,股票型,中國/大中華,B0149 霸菱投顧,霸菱
B24084,2014-10-28,519.421142578125,英鎊,霸菱香港中國基金-A類 英鎊配息型,yfinance,股票型,中國/大中華,B0149 霸菱投顧,霸菱
B24084,2014-10-29,528.7869873046875,英鎊,霸菱香港中國基金-A類 英鎊配息型,yfinance,股票型,中國/大中華,B0149 霸菱投顧,霸菱
B24084,2014-10-30,530.3463745117188,英鎊,霸菱香港中國基金-A類 英鎊配息型,yfinance,股票型,中國/大中華,B0149 霸菱投顧,霸菱
B24084,2014-10-31,537.8158569335938,英鎊,霸菱香港中國基金-A類 英鎊配息型,yfinance,股票型,中國/大中華,B0149 霸菱投顧,霸菱
B24084,2014-11-03,536.3816528320312,英鎊,霸菱香港中國基金-A類 英鎊配息型,yfinance,股票型,中國/大中華,B0149 霸菱投顧,霸菱
B24084,2014-11-04,536.8148193359375,英鎊,霸菱香港中國基金-A類 英鎊配息型,yfinance,股票型,中國/大中華,B0149 霸菱投顧,霸菱
B24084,2014-11-05,537.6907348632812,英鎊,霸菱香港中國基金-A類 英鎊配息型,yfinance,股票型,中國/大中華,B0149 霸菱投顧,霸菱
B24084,2014-11-06,533.8211669921875,英鎊,霸菱香港中國基金-A類 英鎊配息型,yfinance,股票型,中國/大中華,B0149 霸菱投顧,霸菱
B24084,2014-11-07,536.4490356445312,英鎊,霸菱香港中國基金-A類 英鎊配息型,yfinance,股票型,中國/大中華,B0149 霸菱投顧,霸菱
B24084,2014-11-10,537.8158569335938,英鎊,霸菱香港中國基金-A類 英鎊配息型,yfinance,股票型,中國/大中華,B0149 霸菱投顧,霸菱
B24084,2014-11-11,541.9259643554688,英鎊,霸菱香港中國基金-A類 英鎊配息型,yfinance,股票型,中國/大中華,B0149 霸菱投顧,霸菱
B24084,2014-11-12,546.1614990234375,英鎊,霸菱香港中國基金-A類 英鎊配息型,yfinance,股票型,中國/大中華,B0149 霸菱投顧,霸菱
B24084,2014-11-13,550.3870239257812,英鎊,霸菱香港中國基金-A類 英鎊配息型,yfinance,股票型,中國/大中華,B0149 霸菱投顧,霸菱
B24084,2014-11-14,555.1133422851562,英鎊,霸菱香港中國基金-A類 英鎊配息型,yfinance,股票型,中國/大中華,B0149 霸菱投顧,霸菱
B24084,2014-11-17,547.3358154296875,英鎊,霸菱香港中國基金-A類 英鎊配息型,yfinance,股票型,中國/大中華,B0149 霸菱投顧,霸菱
B24084,2014-11-18,539.7698364257812,英鎊,霸菱香港中國基金-A類 英鎊配息型,yfinance,股票型,中國/大中華,B0149 霸菱投顧,霸菱
B24084,2014-11-19,537.0747680664062,英鎊,霸菱香港中國基金-A類 英鎊配息型,yfinance,股票型,中國/大中華,B0149 霸菱投顧,霸菱
B24084,2014-11-20,536.4490356445312,英鎊,霸菱香港中國基金-A類 英鎊配息型,yfinance,股票型,中國/大中華,B0149 霸菱投顧,霸菱
B24084,2014-11-21,539.7025756835938,英鎊,霸菱香港中國基金-A類 英鎊配息型,yfinance,股票型,中國/大中華,B0149 霸菱投顧,霸菱
B24084,2014-11-24,554.7185668945312,英鎊,霸菱香港中國基金-A類 英鎊配息型,yfinance,股票型,中國/大中華,B0149 霸菱投顧,霸菱
B24084,2014-11-25,553.5731201171875,英鎊,霸菱香港中國基金-A類 英鎊配息型,yfinance,股票型,中國/大中華,B0149 霸菱投顧,霸菱
B24084,2014-11-26,558.5785522460938,英鎊,霸菱香港中國基金-A類 英鎊配息型,yfinance,股票型,中國/大中華,B0149 霸菱投顧,霸菱
B24084,2014-11-27,555.5464477539062,英鎊,霸菱香港中國基金-A類 英鎊配息型,yfinance,股票型,中國/大中華,B0149 霸菱投顧,霸菱
B24084,2014-11-28,560.6190795898438,英鎊,霸菱香港中國基金-A類 英鎊配息型,yfinance,股票型,中國/大中華,B0149 霸菱投顧,霸菱
B24084,2014-12-01,545.795654296875,英鎊,霸菱香港中國基金-A類 英鎊配息型,yfinance,股票型,中國/大中華,B0149 霸菱投顧,霸菱
B24084,2014-12-02,553.3613891601562,英鎊,霸菱香港中國基金-A類 英鎊配息型,yfinance,股票型,中國/大中華,B0149 霸菱投顧,霸菱
B24084,2014-12-03,550.088623046875,英鎊,霸菱香港中國基金-A類 英鎊配息型,yfinance,股票型,中國/大中華,B0149 霸菱投顧,霸菱
B24084,2014-12-04,560.8983154296875,英鎊,霸菱香港中國基金-A類 英鎊配息型,yfinance,股票型,中國/大中華,B0149 霸菱投顧,霸菱
B24084,2014-12-05,564.6041259765625,英鎊,霸菱香港中國基金-A類 英鎊配息型,yfinance,股票型,中國/大中華,B0149 霸菱投顧,霸菱
B24084,2014-12-08,571.8908081054688,英鎊,霸菱香港中國基金-A類 英鎊配息型,yfinance,股票型,中國/大中華,B0149 霸菱投顧,霸菱
B24084,2014-12-09,552.341064453125,英鎊,霸菱香港中國基金-A類 英鎊配息型,yfinance,股票型,中國/大中華,B0149 霸菱投顧,霸菱
B24084,2014-12-10,554.7860107421875,英鎊,霸菱香港中國基金-A類 英鎊配息型,yfinance,股票型,中國/大中華,B0149 霸菱投顧,霸菱
B24084,2014-12-11,549.47265625,英鎊,霸菱香港中國基金-A類 英鎊配息型,yfinance,股票型,中國/大中華,B0149 霸菱投顧,霸菱
B24084,2014-12-12,550.1367797851562,英鎊,霸菱香港中國基金-A類 英鎊配息型,yfinance,股票型,中國/大中華,B0149 霸菱投顧,霸菱
B24084,2014-12-15,548.3463134765625,英鎊,霸菱香港中國基金-A類 英鎊配息型,yfinance,股票型,中國/大中華,B0149 霸菱投顧,霸菱
B24084,2014-12-16,541.5410766601562,英鎊,霸菱香港中國基金-A類 英鎊配息型,yfinance,股票型,中國/大中華,B0149 霸菱投顧,霸菱
B24084,2014-12-17,537.95068359375,英鎊,霸菱香港中國基金-A類 英鎊配息型,yfinance,股票型,中國/大中華,B0149 霸菱投顧,霸菱
B24084,2014-12-18,551.0320434570312,英鎊,霸菱香港中國基金-A類 英鎊配息型,yfinance,股票型,中國/大中華,B0149 霸菱投顧,霸菱
B24084,2014-12-19,549.8577270507812,英鎊,霸菱香港中國基金-A類 英鎊配息型,yfinance,股票型,中國/大中華,B0149 霸菱投顧,霸菱
B24084,2014-12-22,555.7003784179688,英鎊,霸菱香港中國基金-A類 英鎊配息型,yfinance,股票型,中國/大中華,B0149 霸菱投顧,霸菱
B24084,2014-12-23,555.6136474609375,英鎊,霸菱香港中國基金-A類 英鎊配息型,yfinance,股票型,中國/大中華,B0149 霸菱投顧,霸菱
B24084,2014-12-24,553.4288330078125,英鎊,霸菱香港中國基金-A類 英鎊配息型,yfinance,股票型,中國/大中華,B0149 霸菱投顧,霸菱
B24084,2014-12-30,565.6052856445312,英鎊,霸菱香港中國基金-A類 英鎊配息型,yfinance,股票型,中國/大中華,B0149 霸菱投顧,霸菱
B24084,2014-12-31,570.2833862304688,英鎊,霸菱香港中國基金-A類 英鎊配息型,yfinance,股票型,中國/大中華,B0149 霸菱投顧,霸菱
B24080,2014-01-02,92.00940704345703,英鎊,霸菱大東協基金 - A類英鎊配息型,yfinance,股票型,亞洲地區,B0149 霸菱投顧,霸菱
B24080,2014-01-03,91.368408203125,英鎊,霸菱大東協基金 - A類英鎊配息型,yfinance,股票型,亞洲地區,B0149 霸菱投顧,霸菱
B24080,2014-01-06,91.73344421386719,英鎊,霸菱大東協基金 - A類英鎊配息型,yfinance,股票型,亞洲地區,B0149 霸菱投顧,霸菱
B24080,2014-01-07,91.368408203125,英鎊,霸菱大東協基金 - A類英鎊配息型,yfinance,股票型,亞洲地區,B0149 霸菱投顧,霸菱
B24080,2014-01-08,92.1696548461914,英鎊,霸菱大東協基金 - A類英鎊配息型,yfinance,股票型,亞洲地區,B0149 霸菱投顧,霸菱
B24080,2014-01-09,91.7245101928711,英鎊,霸菱大東協基金 - A類英鎊配息型,yfinance,股票型,亞洲地區,B0149 霸菱投顧,霸菱
B24080,2014-01-10,92.31210327148438,英鎊,霸菱大東協基金 - A類英鎊配息型,yfinance,股票型,亞洲地區,B0149 霸菱投顧,霸菱
B24080,2014-01-13,93.77214813232422,英鎊,霸菱大東協基金 - A類英鎊配息型,yfinance,股票型,亞洲地區,B0149 霸菱投顧,霸菱
B24080,2014-01-14,93.83446502685547,英鎊,霸菱大東協基金 - A類英鎊配息型,yfinance,股票型,亞洲地區,B0149 霸菱投顧,霸菱
B24080,2014-01-15,93.1667709350586,英鎊,霸菱大東協基金 - A類英鎊配息型,yfinance,股票型,亞洲地區,B0149 霸菱投顧,霸菱
B24080,2014-01-16,93.66532135009766,英鎊,霸菱大東協基金 - A類英鎊配息型,yfinance,股票型,亞洲地區,B0149 霸菱投顧,霸菱
B24080,2014-01-17,93.12224578857422,英鎊,霸菱大東協基金 - A類英鎊配息型,yfinance,股票型,亞洲地區,B0149 霸菱投顧,霸菱
B24080,2014-01-20,92.5702896118164,英鎊,霸菱大東協基金 - A類英鎊配息型,yfinance,股票型,亞洲地區,B0149 霸菱投顧,霸菱
B24080,2014-01-21,92.92638397216797,英鎊,霸菱大東協基金 - A類英鎊配息型,yfinance,股票型,亞洲地區,B0149 霸菱投顧,霸菱
B24080,2014-01-22,92.3031997680664,英鎊,霸菱大東協基金 - A類英鎊配息型,yfinance,股票型,亞洲地區,B0149 霸菱投顧,霸菱
B24080,2014-01-23,92.0539321899414,英鎊,霸菱大東協基金 - A類英鎊配息型,yfinance,股票型,亞洲地區,B0149 霸菱投顧,霸菱
B24080,2014-01-24,91.49304962158203,英鎊,霸菱大東協基金 - A類英鎊配息型,yfinance,股票型,亞洲地區,B0149 霸菱投顧,霸菱
B24080,2014-01-27,90.0686264038086,英鎊,霸菱大東協基金 - A類英鎊配息型,yfinance,股票型,亞洲地區,B0149 霸菱投顧,霸菱
B24080,2014-01-28,90.0686264038086,英鎊,霸菱大東協基金 - A類英鎊配息型,yfinance,股票型,亞洲地區,B0149 霸菱投顧,霸菱
B24080,2014-01-29,90.54046630859375,英鎊,霸菱大東協基金 - A類英鎊配息型,yfinance,股票型,亞洲地區,B0149 霸菱投顧,霸菱
B24080,2014-01-30,90.65620422363281,英鎊,霸菱大東協基金 - A類英鎊配息型,yfinance,股票型,亞洲地區,B0149 霸菱投顧,霸菱
B24080,2014-01-31,90.75413513183594,英鎊,霸菱大東協基金 - A類英鎊配息型,yfinance,股票型,亞洲地區,B0149 霸菱投顧,霸菱
B24080,2014-02-03,91.41293334960938,英鎊,霸菱大東協基金 - A類英鎊配息型,yfinance,股票型,亞洲地區,B0149 霸菱投顧,霸菱
B24080,2014-02-04,90.6384048461914,英鎊,霸菱大東協基金 - A類英鎊配息型,yfinance,股票型,亞洲地區,B0149 霸菱投顧,霸菱
B24080,2014-02-05,91.28829956054688,英鎊,霸菱大東協基金 - A類英鎊配息型,yfinance,股票型,亞洲地區,B0149 霸菱投顧,霸菱
B24080,2014-02-06,91.75121307373047,英鎊,霸菱大東協基金 - A類英鎊配息型,yfinance,股票型,亞洲地區,B0149 霸菱投顧,霸菱
B24080,2014-02-07,92.4100341796875,英鎊,霸菱大東協基金 - A類英鎊配息型,yfinance,股票型,亞洲地區,B0149 霸菱投顧,霸菱
B24080,2014-02-10,92.1785659790039,英鎊,霸菱大東協基金 - A類英鎊配息型,yfinance,股票型,亞洲地區,B0149 霸菱投顧,霸菱
B24080,2014-02-11,92.36551666259766,英鎊,霸菱大東協基金 - A類英鎊配息型,yfinance,股票型,亞洲地區,B0149 霸菱投顧,霸菱
B24080,2014-02-12,92.42784881591797,英鎊,霸菱大東協基金 - A類英鎊配息型,yfinance,股票型,亞洲地區,B0149 霸菱投顧,霸菱
B24080,2014-02-13,91.93818664550781,英鎊,霸菱大東協基金 - A類英鎊配息型,yfinance,股票型,亞洲地區,B0149 霸菱投顧,霸菱
B24080,2014-02-14,92.23197937011719,英鎊,霸菱大東協基金 - A類英鎊配息型,yfinance,股票型,亞洲地區,B0149 霸菱投顧,霸菱
B24080,2014-02-17,93.64750671386719,英鎊,霸菱大東協基金 - A類英鎊配息型,yfinance,股票型,亞洲地區,B0149 霸菱投顧,霸菱
B24080,2014-02-18,93.55847930908203,英鎊,霸菱大東協基金 - A類英鎊配息型,yfinance,股票型,亞洲地區,B0149 霸菱投顧,霸菱
B24080,2014-02-19,93.9234848022461,英鎊,霸菱大東協基金 - A類英鎊配息型,yfinance,股票型,亞洲地區,B0149 霸菱投顧,霸菱
B24080,2014-02-20,93.37152099609375,英鎊,霸菱大東協基金 - A類英鎊配息型,yfinance,股票型,亞洲地區,B0149 霸菱投顧,霸菱
B24080,2014-02-21,93.79886627197266,英鎊,霸菱大東協基金 - A類英鎊配息型,yfinance,股票型,亞洲地區,B0149 霸菱投顧,霸菱
B24080,2014-02-24,93.97689056396484,英鎊,霸菱大東協基金 - A類英鎊配息型,yfinance,股票型,亞洲地區,B0149 霸菱投顧,霸菱
B24080,2014-02-25,93.5673828125,英鎊,霸菱大東協基金 - A類英鎊配息型,yfinance,股票型,亞洲地區,B0149 霸菱投顧,霸菱
B24080,2014-02-26,93.20236206054688,英鎊,霸菱大東協基金 - A類英鎊配息型,yfinance,股票型,亞洲地區,B0149 霸菱投顧,霸菱
B24080,2014-02-27,93.88789367675781,英鎊,霸菱大東協基金 - A類英鎊配息型,yfinance,股票型,亞洲地區,B0149 霸菱投顧,霸菱
B24080,2014-02-28,94.21728515625,英鎊,霸菱大東協基金 - A類英鎊配息型,yfinance,股票型,亞洲地區,B0149 霸菱投顧,霸菱
B24080,2014-03-03,93.63861083984375,英鎊,霸菱大東協基金 - A類英鎊配息型,yfinance,股票型,亞洲地區,B0149 霸菱投顧,霸菱
B24080,2014-03-04,94.09264373779297,英鎊,霸菱大東協基金 - A類英鎊配息型,yfinance,股票型,亞洲地區,B0149 霸菱投顧,霸菱
B24080,2014-03-05,94.61791229248047,英鎊,霸菱大東協基金 - A類英鎊配息型,yfinance,股票型,亞洲地區,B0149 霸菱投顧,霸菱
B24080,2014-03-06,95.5081787109375,英鎊,霸菱大東協基金 - A類英鎊配息型,yfinance,股票型,亞洲地區,B0149 霸菱投顧,霸菱
B24080,2014-03-07,95.39244079589844,英鎊,霸菱大東協基金 - A類英鎊配息型,yfinance,股票型,亞洲地區,B0149 霸菱投顧,霸菱
B24080,2014-03-10,95.3835220336914,英鎊,霸菱大東協基金 - A類英鎊配息型,yfinance,股票型,亞洲地區,B0149 霸菱投顧,霸菱
B24080,2014-03-11,96.015625,英鎊,霸菱大東協基金 - A類英鎊配息型,yfinance,股票型,亞洲地區,B0149 霸菱投顧,霸菱
B24080,2014-03-12,95.19657135009766,英鎊,霸菱大東協基金 - A類英鎊配息型,yfinance,股票型,亞洲地區,B0149 霸菱投顧,霸菱
B24080,2014-03-13,95.00072479248047,英鎊,霸菱大東協基金 - A類英鎊配息型,yfinance,股票型,亞洲地區,B0149 霸菱投顧,霸菱
B24080,2014-03-14,96.32722473144531,英鎊,霸菱大東協基金 - A類英鎊配息型,yfinance,股票型,亞洲地區,B0149 霸菱投顧,霸菱
B24080,2014-03-18,96.44295501708984,英鎊,霸菱大東協基金 - A類英鎊配息型,yfinance,股票型,亞洲地區,B0149 霸菱投顧,霸菱
B24080,2014-03-19,96.1758804321289,英鎊,霸菱大東協基金 - A類英鎊配息型,yfinance,股票型,亞洲地區,B0149 霸菱投顧,霸菱
B24080,2014-03-20,95.08975219726562,英鎊,霸菱大東協基金 - A類英鎊配息型,yfinance,股票型,亞洲地區,B0149 霸菱投顧,霸菱
B24080,2014-03-21,95.33012390136719,英鎊,霸菱大東協基金 - A類英鎊配息型,yfinance,股票型,亞洲地區,B0149 霸菱投顧,霸菱
B24080,2014-03-24,96.09575653076172,英鎊,霸菱大東協基金 - A類英鎊配息型,yfinance,股票型,亞洲地區,B0149 霸菱投顧,霸菱
B24080,2014-03-25,95.83758544921875,英鎊,霸菱大東協基金 - A類英鎊配息型,yfinance,股票型,亞洲地區,B0149 霸菱投顧,霸菱
B24080,2014-03-26,96.0334243774414,英鎊,霸菱大東協基金 - A類英鎊配息型,yfinance,股票型,亞洲地區,B0149 霸菱投顧,霸菱
B24080,2014-03-27,95.57048797607422,英鎊,霸菱大東協基金 - A類英鎊配息型,yfinance,股票型,亞洲地區,B0149 霸菱投顧,霸菱
B24080,2014-03-28,96.46075439453125,英鎊,霸菱大東協基金 - A類英鎊配息型,yfinance,股票型,亞洲地區,B0149 霸菱投顧,霸菱
B24080,2014-03-31,96.88810729980469,英鎊,霸菱大東協基金 - A類英鎊配息型,yfinance,股票型,亞洲地區,B0149 霸菱投顧,霸菱
B24080,2014-04-01,98.0810546875,英鎊,霸菱大東協基金 - A類英鎊配息型,yfinance,股票型,亞洲地區,B0149 霸菱投顧,霸菱
B24080,2014-04-02,98.30361938476562,英鎊,霸菱大東協基金 - A類英鎊配息型,yfinance,股票型,亞洲地區,B0149 霸菱投顧,霸菱
B24080,2014-04-03,98.73986053466797,英鎊,霸菱大東協基金 - A類英鎊配息型,yfinance,股票型,亞洲地區,B0149 霸菱投顧,霸菱
B24080,2014-04-04,98.63301849365234,英鎊,霸菱大東協基金 - A類英鎊配息型,yfinance,股票型,亞洲地區,B0149 霸菱投顧,霸菱
B24080,2014-04-07,98.98912811279297,英鎊,霸菱大東協基金 - A類英鎊配息型,yfinance,股票型,亞洲地區,B0149 霸菱投顧,霸菱
B24080,2014-04-08,98.51727294921875,英鎊,霸菱大東協基金 - A類英鎊配息型,yfinance,股票型,亞洲地區,B0149 霸菱投顧,霸菱
B24080,2014-04-09,98.76656341552734,英鎊,霸菱大東協基金 - A類英鎊配息型,yfinance,股票型,亞洲地區,B0149 霸菱投顧,霸菱
B24080,2014-04-10,97.63591766357422,英鎊,霸菱大東協基金 - A類英鎊配息型,yfinance,股票型,亞洲地區,B0149 霸菱投顧,霸菱
B24080,2014-04-11,97.57360076904297,英鎊,霸菱大東協基金 - A類英鎊配息型,yfinance,股票型,亞洲地區,B0149 霸菱投顧,霸菱
B24080,2014-04-14,97.77836608886719,英鎊,霸菱大東協基金 - A類英鎊配息型,yfinance,股票型,亞洲地區,B0149 霸菱投顧,霸菱
B24080,2014-04-15,98.2234878540039,英鎊,霸菱大東協基金 - A類英鎊配息型,yfinance,股票型,亞洲地區,B0149 霸菱投顧,霸菱
B24080,2014-04-16,98.35704040527344,英鎊,霸菱大東協基金 - A類英鎊配息型,yfinance,股票型,亞洲地區,B0149 霸菱投顧,霸菱
B24080,2014-04-17,98.713134765625,英鎊,霸菱大東協基金 - A類英鎊配息型,yfinance,股票型,亞洲地區,B0149 霸菱投顧,霸菱
B24080,2014-04-22,98.81107330322266,英鎊,霸菱大東協基金 - A類英鎊配息型,yfinance,股票型,亞洲地區,B0149 霸菱投顧,霸菱
B24080,2014-04-23,98.5796127319336,英鎊,霸菱大東協基金 - A類英鎊配息型,yfinance,股票型,亞洲地區,B0149 霸菱投顧,霸菱
B24080,2014-04-24,98.95352172851562,英鎊,霸菱大東協基金 - A類英鎊配息型,yfinance,股票型,亞洲地區,B0149 霸菱投顧,霸菱
B24080,2014-04-25,98.43717193603516,英鎊,霸菱大東協基金 - A類英鎊配息型,yfinance,股票型,亞洲地區,B0149 霸菱投顧,霸菱
B24080,2014-04-28,97.76055145263672,英鎊,霸菱大東協基金 - A類英鎊配息型,yfinance,股票型,亞洲地區,B0149 霸菱投顧,霸菱
B24080,2014-04-29,98.28581237792969,英鎊,霸菱大東協基金 - A類英鎊配息型,yfinance,股票型,亞洲地區,B0149 霸菱投顧,霸菱
B24080,2014-04-30,98.57069396972656,英鎊,霸菱大東協基金 - A類英鎊配息型,yfinance,股票型,亞洲地區,B0149 霸菱投顧,霸菱
B24080,2014-05-01,98.15408325195312,英鎊,霸菱大東協基金 - A類英鎊配息型,yfinance,股票型,亞洲地區,B0149 霸菱投顧,霸菱
B24080,2014-05-02,98.60388946533203,英鎊,霸菱大東協基金 - A類英鎊配息型,yfinance,股票型,亞洲地區,B0149 霸菱投顧,霸菱
B24080,2014-05-06,97.74928283691406,英鎊,霸菱大東協基金 - A類英鎊配息型,yfinance,股票型,亞洲地區,B0149 霸菱投顧,霸菱
B24080,2014-05-07,97.74027252197266,英鎊,霸菱大東協基金 - A類英鎊配息型,yfinance,股票型,亞洲地區,B0149 霸菱投顧,霸菱
B24080,2014-05-08,97.76725769042969,英鎊,霸菱大東協基金 - A類英鎊配息型,yfinance,股票型,亞洲地區,B0149 霸菱投顧,霸菱
B24080,2014-05-09,98.50492095947266,英鎊,霸菱大東協基金 - A類英鎊配息型,yfinance,股票型,亞洲地區,B0149 霸菱投顧,霸菱
B24080,2014-05-12,98.0101547241211,英鎊,霸菱大東協基金 - A類英鎊配息型,yfinance,股票型,亞洲地區,B0149 霸菱投顧,霸菱
B24080,2014-05-13,98.31600952148438,英鎊,霸菱大東協基金 - A類英鎊配息型,yfinance,股票型,亞洲地區,B0149 霸菱投顧,霸菱
B24080,2014-05-14,100.47504425048828,英鎊,霸菱大東協基金 - A類英鎊配息型,yfinance,股票型,亞洲地區,B0149 霸菱投顧,霸菱
B24080,2014-05-15,100.55598449707031,英鎊,霸菱大東協基金 - A類英鎊配息型,yfinance,股票型,亞洲地區,B0149 霸菱投顧,霸菱
B24080,2014-05-16,100.48401641845703,英鎊,霸菱大東協基金 - A類英鎊配息型,yfinance,股票型,亞洲地區,B0149 霸菱投顧,霸菱
B24080,2014-05-19,100.7269058227539,英鎊,霸菱大東協基金 - A類英鎊配息型,yfinance,股票型,亞洲地區,B0149 霸菱投顧,霸菱
B24080,2014-05-20,99.4854736328125,英鎊,霸菱大東協基金 - A類英鎊配息型,yfinance,股票型,亞洲地區,B0149 霸菱投顧,霸菱
B24080,2014-05-21,99.07166290283203,英鎊,霸菱大東協基金 - A類英鎊配息型,yfinance,股票型,亞洲地區,B0149 霸菱投顧,霸菱
B24080,2014-05-22,99.7553482055664,英鎊,霸菱大東協基金 - A類英鎊配息型,yfinance,股票型,亞洲地區,B0149 霸菱投顧,霸菱
B24080,2014-05-23,99.34153747558594,英鎊,霸菱大東協基金 - A類英鎊配息型,yfinance,股票型,亞洲地區,B0149 霸菱投顧,霸菱
B24080,2014-05-27,99.13463592529297,英鎊,霸菱大東協基金 - A類英鎊配息型,yfinance,股票型,亞洲地區,B0149 霸菱投顧,霸菱
B24080,2014-05-28,99.67439270019531,英鎊,霸菱大東協基金 - A類英鎊配息型,yfinance,股票型,亞洲地區,B0149 霸菱投顧,霸菱
B24080,2014-05-29,100.26812744140625,英鎊,霸菱大東協基金 - A類英鎊配息型,yfinance,股票型,亞洲地區,B0149 霸菱投顧,霸菱
B24080,2014-05-30,99.8453140258789,英鎊,霸菱大東協基金 - A類英鎊配息型,yfinance,股票型,亞洲地區,B0149 霸菱投顧,霸菱
B24080,2014-06-03,100.4210433959961,英鎊,霸菱大東協基金 - A類英鎊配息型,yfinance,股票型,亞洲地區,B0149 霸菱投顧,霸菱
B24080,2014-06-04,99.53046417236328,英鎊,霸菱大東協基金 - A類英鎊配息型,yfinance,股票型,亞洲地區,B0149 霸菱投顧,霸菱
B24080,2014-06-05,99.76434326171875,英鎊,霸菱大東協基金 - A類英鎊配息型,yfinance,股票型,亞洲地區,B0149 霸菱投顧,霸菱
B24080,2014-06-06,99.86331939697266,英鎊,霸菱大東協基金 - A類英鎊配息型,yfinance,股票型,亞洲地區,B0149 霸菱投顧,霸菱
B24080,2014-06-09,99.94425964355469,英鎊,霸菱大東協基金 - A類英鎊配息型,yfinance,股票型,亞洲地區,B0149 霸菱投顧,霸菱
B24080,2014-06-10,100.47504425048828,英鎊,霸菱大東協基金 - A類英鎊配息型,yfinance,股票型,亞洲地區,B0149 霸菱投顧,霸菱
B24080,2014-06-11,100.53799438476562,英鎊,霸菱大東協基金 - A類英鎊配息型,yfinance,股票型,亞洲地區,B0149 霸菱投顧,霸菱
B24080,2014-06-12,100.1871566772461,英鎊,霸菱大東協基金 - A類英鎊配息型,yfinance,股票型,亞洲地區,B0149 霸菱投顧,霸菱
B24080,2014-06-13,99.42250061035156,英鎊,霸菱大東協基金 - A類英鎊配息型,yfinance,股票型,亞洲地區,B0149 霸菱投顧,霸菱
B24080,2014-06-16,99.08067321777344,英鎊,霸菱大東協基金 - A類英鎊配息型,yfinance,股票型,亞洲地區,B0149 霸菱投顧,霸菱
B24080,2014-06-17,98.67585754394531,英鎊,霸菱大東協基金 - A類英鎊配息型,yfinance,股票型,亞洲地區,B0149 霸菱投顧,霸菱
B24080,2014-06-18,98.16309356689453,英鎊,霸菱大東協基金 - A類英鎊配息型,yfinance,股票型,亞洲地區,B0149 霸菱投顧,霸菱
B24080,2014-06-19,98.0101547241211,英鎊,霸菱大東協基金 - A類英鎊配息型,yfinance,股票型,亞洲地區,B0149 霸菱投顧,霸菱
B24080,2014-06-20,97.812255859375,英鎊,霸菱大東協基金 - A類英鎊配息型,yfinance,股票型,亞洲地區,B0149 霸菱投顧,霸菱
B24080,2014-06-23,97.63233947753906,英鎊,霸菱大東協基金 - A類英鎊配息型,yfinance,股票型,亞洲地區,B0149 霸菱投顧,霸菱
B24080,2014-06-24,98.1990737915039,英鎊,霸菱大東協基金 - A類英鎊配息型,yfinance,股票型,亞洲地區,B0149 霸菱投顧,霸菱
B24080,2014-06-25,97.99217224121094,英鎊,霸菱大東協基金 - A類英鎊配息型,yfinance,股票型,亞洲地區,B0149 霸菱投顧,霸菱
B24080,2014-06-26,98.15408325195312,英鎊,霸菱大東協基金 - A類英鎊配息型,yfinance,股票型,亞洲地區,B0149 霸菱投顧,霸菱
B24080,2014-06-27,98.17207336425781,英鎊,霸菱大東協基金 - A類英鎊配息型,yfinance,股票型,亞洲地區,B0149 霸菱投顧,霸菱
B24080,2014-06-30,98.40597534179688,英鎊,霸菱大東協基金 - A類英鎊配息型,yfinance,股票型,亞洲地區,B0149 霸菱投顧,霸菱
B24080,2014-07-01,97.84822845458984,英鎊,霸菱大東協基金 - A類英鎊配息型,yfinance,股票型,亞洲地區,B0149 霸菱投顧,霸菱
B24080,2014-07-02,98.45095825195312,英鎊,霸菱大東協基金 - A類英鎊配息型,yfinance,股票型,亞洲地區,B0149 霸菱投顧,霸菱
B24080,2014-07-03,98.91873168945312,英鎊,霸菱大東協基金 - A類英鎊配息型,yfinance,股票型,亞洲地區,B0149 霸菱投顧,霸菱
B24080,2014-07-04,99.5394515991211,英鎊,霸菱大東協基金 - A類英鎊配息型,yfinance,股票型,亞洲地區,B0149 霸菱投顧,霸菱
B24080,2014-07-07,100.91584014892578,英鎊,霸菱大東協基金 - A類英鎊配息型,yfinance,股票型,亞洲地區,B0149 霸菱投顧,霸菱
B24080,2014-07-08,101.55453491210938,英鎊,霸菱大東協基金 - A類英鎊配息型,yfinance,股票型,亞洲地區,B0149 霸菱投顧,霸菱
B24080,2014-07-09,101.50953674316406,英鎊,霸菱大東協基金 - A類英鎊配息型,yfinance,股票型,亞洲地區,B0149 霸菱投顧,霸菱
B24080,2014-07-10,102.38215637207031,英鎊,霸菱大東協基金 - A類英鎊配息型,yfinance,股票型,亞洲地區,B0149 霸菱投顧,霸菱
B24080,2014-07-11,101.97734069824219,英鎊,霸菱大東協基金 - A類英鎊配息型,yfinance,股票型,亞洲地區,B0149 霸菱投顧,霸菱
B24080,2014-07-14,102.04032135009766,英鎊,霸菱大東協基金 - A類英鎊配息型,yfinance,股票型,亞洲地區,B0149 霸菱投顧,霸菱
B24080,2014-07-15,101.91437530517578,英鎊,霸菱大東協基金 - A類英鎊配息型,yfinance,股票型,亞洲地區,B0149 霸菱投顧,霸菱
B24080,2014-07-16,102.31018829345703,英鎊,霸菱大東協基金 - A類英鎊配息型,yfinance,股票型,亞洲地區,B0149 霸菱投顧,霸菱
B24080,2014-07-17,102.22022247314453,英鎊,霸菱大東協基金 - A類英鎊配息型,yfinance,股票型,亞洲地區,B0149 霸菱投顧,霸菱
B24080,2014-07-18,102.5440673828125,英鎊,霸菱大東協基金 - A類英鎊配息型,yfinance,股票型,亞洲地區,B0149 霸菱投顧,霸菱
B24080,2014-07-21,103.4976577758789,英鎊,霸菱大東協基金 - A類英鎊配息型,yfinance,股票型,亞洲地區,B0149 霸菱投顧,霸菱
B24080,2014-07-22,103.32672882080078,英鎊,霸菱大東協基金 - A類英鎊配息型,yfinance,股票型,亞洲地區,B0149 霸菱投顧,霸菱
B24080,2014-07-23,104.36125946044922,英鎊,霸菱大東協基金 - A類英鎊配息型,yfinance,股票型,亞洲地區,B0149 霸菱投顧,霸菱
B24080,2014-07-24,104.26229095458984,英鎊,霸菱大東協基金 - A類英鎊配息型,yfinance,股票型,亞洲地區,B0149 霸菱投顧,霸菱
B24080,2014-07-25,104.18132019042969,英鎊,霸菱大東協基金 - A類英鎊配息型,yfinance,股票型,亞洲地區,B0149 霸菱投顧,霸菱
B24080,2014-07-28,103.96543884277344,英鎊,霸菱大東協基金 - A類英鎊配息型,yfinance,股票型,亞洲地區,B0149 霸菱投顧,霸菱
B24080,2014-07-29,103.92045593261719,英鎊,霸菱大東協基金 - A類英鎊配息型,yfinance,股票型,亞洲地區,B0149 霸菱投顧,霸菱
B24080,2014-07-30,103.92045593261719,英鎊,霸菱大東協基金 - A類英鎊配息型,yfinance,股票型,亞洲地區,B0149 霸菱投顧,霸菱
B24080,2014-07-31,104.13636016845703,英鎊,霸菱大東協基金 - A類英鎊配息型,yfinance,股票型,亞洲地區,B0149 霸菱投顧,霸菱
B24080,2014-08-01,103.75851440429688,英鎊,霸菱大東協基金 - A類英鎊配息型,yfinance,股票型,亞洲地區,B0149 霸菱投顧,霸菱
B24080,2014-08-05,104.40621948242188,英鎊,霸菱大東協基金 - A類英鎊配息型,yfinance,股票型,亞洲地區,B0149 霸菱投顧,霸菱
B24080,2014-08-06,103.73153686523438,英鎊,霸菱大東協基金 - A類英鎊配息型,yfinance,股票型,亞洲地區,B0149 霸菱投顧,霸菱
B24080,2014-08-07,103.35370635986328,英鎊,霸菱大東協基金 - A類英鎊配息型,yfinance,股票型,亞洲地區,B0149 霸菱投顧,霸菱
B24080,2014-08-08,102.85894012451172,英鎊,霸菱大東協基金 - A類英鎊配息型,yfinance,股票型,亞洲地區,B0149 霸菱投顧,霸菱
B24080,2014-08-11,103.87548065185547,英鎊,霸菱大東協基金 - A類英鎊配息型,yfinance,股票型,亞洲地區,B0149 霸菱投顧,霸菱
B24080,2014-08-12,104.14534759521484,英鎊,霸菱大東協基金 - A類英鎊配息型,yfinance,股票型,亞洲地區,B0149 霸菱投顧,霸菱
B24080,2014-08-13,105.20684051513672,英鎊,霸菱大東協基金 - A類英鎊配息型,yfinance,股票型,亞洲地區,B0149 霸菱投顧,霸菱
B24080,2014-08-14,105.7916030883789,英鎊,霸菱大東協基金 - A類英鎊配息型,yfinance,股票型,亞洲地區,B0149 霸菱投顧,霸菱
B24080,2014-08-15,105.91754150390625,英鎊,霸菱大東協基金 - A類英鎊配息型,yfinance,股票型,亞洲地區,B0149 霸菱投顧,霸菱
B24080,2014-08-18,105.6296615600586,英鎊,霸菱大東協基金 - A類英鎊配息型,yfinance,股票型,亞洲地區,B0149 霸菱投顧,霸菱
B24080,2014-08-19,106.34933471679688,英鎊,霸菱大東協基金 - A類英鎊配息型,yfinance,股票型,亞洲地區,B0149 霸菱投顧,霸菱
B24080,2014-08-20,106.47528076171875,英鎊,霸菱大東協基金 - A類英鎊配息型,yfinance,股票型,亞洲地區,B0149 霸菱投顧,霸菱
B24080,2014-08-21,107.03303527832031,英鎊,霸菱大東協基金 - A類英鎊配息型,yfinance,股票型,亞洲地區,B0149 霸菱投顧,霸菱
B24080,2014-08-22,107.35686492919922,英鎊,霸菱大東協基金 - A類英鎊配息型,yfinance,股票型,亞洲地區,B0149 霸菱投顧,霸菱
B24080,2014-08-26,106.96106719970703,英鎊,霸菱大東協基金 - A類英鎊配息型,yfinance,股票型,亞洲地區,B0149 霸菱投顧,霸菱
B24080,2014-08-27,107.58177947998047,英鎊,霸菱大東協基金 - A類英鎊配息型,yfinance,股票型,亞洲地區,B0149 霸菱投顧,霸菱
B24080,2014-08-28,107.4558334350586,英鎊,霸菱大東協基金 - A類英鎊配息型,yfinance,股票型,亞洲地區,B0149 霸菱投顧,霸菱
B24080,2014-08-29,107.04203033447266,英鎊,霸菱大東協基金 - A類英鎊配息型,yfinance,股票型,亞洲地區,B0149 霸菱投顧,霸菱
B24080,2014-09-01,107.2309341430664,英鎊,霸菱大東協基金 - A類英鎊配息型,yfinance,股票型,亞洲地區,B0149 霸菱投顧,霸菱
B24080,2014-09-02,107.68072509765625,英鎊,霸菱大東協基金 - A類英鎊配息型,yfinance,股票型,亞洲地區,B0149 霸菱投顧,霸菱
B24080,2014-09-03,108.77822875976562,英鎊,霸菱大東協基金 - A類英鎊配息型,yfinance,股票型,亞洲地區,B0149 霸菱投顧,霸菱
B24080,2014-09-04,108.58031463623047,英鎊,霸菱大東協基金 - A類英鎊配息型,yfinance,股票型,亞洲地區,B0149 霸菱投顧,霸菱
B24080,2014-09-05,109.67782592773438,英鎊,霸菱大東協基金 - A類英鎊配息型,yfinance,股票型,亞洲地區,B0149 霸菱投顧,霸菱
B24080,2014-09-08,111.50398254394531,英鎊,霸菱大東協基金 - A類英鎊配息型,yfinance,股票型,亞洲地區,B0149 霸菱投顧,霸菱
B24080,2014-09-09,110.49645233154297,英鎊,霸菱大東協基金 - A類英鎊配息型,yfinance,股票型,亞洲地區,B0149 霸菱投顧,霸菱
B24080,2014-09-10,109.54288482666016,英鎊,霸菱大東協基金 - A類英鎊配息型,yfinance,股票型,亞洲地區,B0149 霸菱投顧,霸菱
B24080,2014-09-11,108.70626831054688,英鎊,霸菱大東協基金 - A類英鎊配息型,yfinance,股票型,亞洲地區,B0149 霸菱投顧,霸菱
B24080,2014-09-12,108.73326110839844,英鎊,霸菱大東協基金 - A類英鎊配息型,yfinance,股票型,亞洲地區,B0149 霸菱投顧,霸菱
B24080,2014-09-15,107.6717529296875,英鎊,霸菱大東協基金 - A類英鎊配息型,yfinance,股票型,亞洲地區,B0149 霸菱投顧,霸菱
B24080,2014-09-16,107.35686492919922,英鎊,霸菱大東協基金 - A類英鎊配息型,yfinance,股票型,亞洲地區,B0149 霸菱投顧,霸菱
B24080,2014-09-17,107.26692199707031,英鎊,霸菱大東協基金 - A類英鎊配息型,yfinance,股票型,亞洲地區,B0149 霸菱投顧,霸菱
B24080,2014-09-18,107.36588287353516,英鎊,霸菱大東協基金 - A類英鎊配息型,yfinance,股票型,亞洲地區,B0149 霸菱投顧,霸菱
B24080,2014-09-19,107.32988739013672,英鎊,霸菱大東協基金 - A類英鎊配息型,yfinance,股票型,亞洲地區,B0149 霸菱投顧,霸菱
B24080,2014-09-22,107.46482849121094,英鎊,霸菱大東協基金 - A類英鎊配息型,yfinance,股票型,亞洲地區,B0149 霸菱投顧,霸菱
B24080,2014-09-23,106.89810180664062,英鎊,霸菱大東協基金 - A類英鎊配息型,yfinance,股票型,亞洲地區,B0149 霸菱投顧,霸菱
B24080,2014-09-24,106.85311889648438,英鎊,霸菱大東協基金 - A類英鎊配息型,yfinance,股票型,亞洲地區,B0149 霸菱投顧,霸菱
B24080,2014-09-25,107.50981903076172,英鎊,霸菱大東協基金 - A類英鎊配息型,yfinance,股票型,亞洲地區,B0149 霸菱投顧,霸菱
B24080,2014-09-26,106.63721466064453,英鎊,霸菱大東協基金 - A類英鎊配息型,yfinance,股票型,亞洲地區,B0149 霸菱投顧,霸菱
B24080,2014-09-29,106.74516296386719,英鎊,霸菱大東協基金 - A類英鎊配息型,yfinance,股票型,亞洲地區,B0149 霸菱投顧,霸菱
B24080,2014-09-30,106.75415802001953,英鎊,霸菱大東協基金 - A類英鎊配息型,yfinance,股票型,亞洲地區,B0149 霸菱投顧,霸菱
B24080,2014-10-01,106.81713104248047,英鎊,霸菱大東協基金 - A類英鎊配息型,yfinance,股票型,亞洲地區,B0149 霸菱投顧,霸菱
B24080,2014-10-02,105.80059814453125,英鎊,霸菱大東協基金 - A類英鎊配息型,yfinance,股票型,亞洲地區,B0149 霸菱投顧,霸菱
B24080,2014-10-03,105.96251678466797,英鎊,霸菱大東協基金 - A類英鎊配息型,yfinance,股票型,亞洲地區,B0149 霸菱投顧,霸菱
B24080,2014-10-06,106.20539093017578,英鎊,霸菱大東協基金 - A類英鎊配息型,yfinance,股票型,亞洲地區,B0149 霸菱投顧,霸菱
B24080,2014-10-07,105.55770874023438,英鎊,霸菱大東協基金 - A類英鎊配息型,yfinance,股票型,亞洲地區,B0149 霸菱投顧,霸菱
B24080,2014-10-08,104.55016326904297,英鎊,霸菱大東協基金 - A類英鎊配息型,yfinance,股票型,亞洲地區,B0149 霸菱投顧,霸菱
B24080,2014-10-09,105.32380676269531,英鎊,霸菱大東協基金 - A類英鎊配息型,yfinance,股票型,亞洲地區,B0149 霸菱投顧,霸菱
B24080,2014-10-10,104.91898345947266,英鎊,霸菱大東協基金 - A類英鎊配息型,yfinance,股票型,亞洲地區,B0149 霸菱投顧,霸菱
B24080,2014-10-13,103.54261779785156,英鎊,霸菱大東協基金 - A類英鎊配息型,yfinance,股票型,亞洲地區,B0149 霸菱投顧,霸菱
B24080,2014-10-14,104.35224914550781,英鎊,霸菱大東協基金 - A類英鎊配息型,yfinance,股票型,亞洲地區,B0149 霸菱投顧,霸菱
B24080,2014-10-15,104.59513854980469,英鎊,霸菱大東協基金 - A類英鎊配息型,yfinance,股票型,亞洲地區,B0149 霸菱投顧,霸菱
B24080,2014-10-16,101.2486801147461,英鎊,霸菱大東協基金 - A類英鎊配息型,yfinance,股票型,亞洲地區,B0149 霸菱投顧,霸菱
B24080,2014-10-17,104.84703063964844,英鎊,霸菱大東協基金 - A類英鎊配息型,yfinance,股票型,亞洲地區,B0149 霸菱投顧,霸菱
B24080,2014-10-20,104.34324645996094,英鎊,霸菱大東協基金 - A類英鎊配息型,yfinance,股票型,亞洲地區,B0149 霸菱投顧,霸菱
B24080,2014-10-21,105.71063995361328,英鎊,霸菱大東協基金 - A類英鎊配息型,yfinance,股票型,亞洲地區,B0149 霸菱投顧,霸菱
B24080,2014-10-22,105.71063995361328,英鎊,霸菱大東協基金 - A類英鎊配息型,yfinance,股票型,亞洲地區,B0149 霸菱投顧,霸菱
B24080,2014-10-23,106.39431762695312,英鎊,霸菱大東協基金 - A類英鎊配息型,yfinance,股票型,亞洲地區,B0149 霸菱投顧,霸菱
B24080,2014-10-24,105.989501953125,英鎊,霸菱大東協基金 - A類英鎊配息型,yfinance,股票型,亞洲地區,B0149 霸菱投顧,霸菱
B24080,2014-10-28,104.7750473022461,英鎊,霸菱大東協基金 - A類英鎊配息型,yfinance,股票型,亞洲地區,B0149 霸菱投顧,霸菱
B24080,2014-10-29,105.74662780761719,英鎊,霸菱大東協基金 - A類英鎊配息型,yfinance,股票型,亞洲地區,B0149 霸菱投顧,霸菱
B24080,2014-10-30,106.27738189697266,英鎊,霸菱大東協基金 - A類英鎊配息型,yfinance,股票型,亞洲地區,B0149 霸菱投顧,霸菱
B24080,2014-10-31,107.20394134521484,英鎊,霸菱大東協基金 - A類英鎊配息型,yfinance,股票型,亞洲地區,B0149 霸菱投顧,霸菱
B24080,2014-11-03,106.76314544677734,英鎊,霸菱大東協基金 - A類英鎊配息型,yfinance,股票型,亞洲地區,B0149 霸菱投顧,霸菱
B24080,2014-11-04,106.286376953125,英鎊,霸菱大東協基金 - A類英鎊配息型,yfinance,股票型,亞洲地區,B0149 霸菱投顧,霸菱
B24080,2014-11-05,106.47528076171875,英鎊,霸菱大東協基金 - A類英鎊配息型,yfinance,股票型,亞洲地區,B0149 霸菱投顧,霸菱
B24080,2014-11-06,106.2503890991211,英鎊,霸菱大東協基金 - A類英鎊配息型,yfinance,股票型,亞洲地區,B0149 霸菱投顧,霸菱
B24080,2014-11-07,106.79913330078125,英鎊,霸菱大東協基金 - A類英鎊配息型,yfinance,股票型,亞洲地區,B0149 霸菱投顧,霸菱
B24080,2014-11-10,106.36734008789062,英鎊,霸菱大東協基金 - A類英鎊配息型,yfinance,股票型,亞洲地區,B0149 霸菱投顧,霸菱
B24080,2014-11-11,106.6102294921875,英鎊,霸菱大東協基金 - A類英鎊配息型,yfinance,股票型,亞洲地區,B0149 霸菱投顧,霸菱
B24080,2014-11-12,107.0240249633789,英鎊,霸菱大東協基金 - A類英鎊配息型,yfinance,股票型,亞洲地區,B0149 霸菱投顧,霸菱
B24080,2014-11-13,107.83366394042969,英鎊,霸菱大東協基金 - A類英鎊配息型,yfinance,股票型,亞洲地區,B0149 霸菱投顧,霸菱
B24080,2014-11-14,108.57132720947266,英鎊,霸菱大東協基金 - A類英鎊配息型,yfinance,股票型,亞洲地區,B0149 霸菱投顧,霸菱
B24080,2014-11-17,108.36441040039062,英鎊,霸菱大東協基金 - A類英鎊配息型,yfinance,股票型,亞洲地區,B0149 霸菱投顧,霸菱
B24080,2014-11-18,108.94014739990234,英鎊,霸菱大東協基金 - A類英鎊配息型,yfinance,股票型,亞洲地區,B0149 霸菱投顧,霸菱
B24080,2014-11-19,108.94915771484375,英鎊,霸菱大東協基金 - A類英鎊配息型,yfinance,股票型,亞洲地區,B0149 霸菱投顧,霸菱
B24080,2014-11-20,108.49036407470703,英鎊,霸菱大東協基金 - A類英鎊配息型,yfinance,股票型,亞洲地區,B0149 霸菱投顧,霸菱
B24080,2014-11-21,109.56987762451172,英鎊,霸菱大東協基金 - A類英鎊配息型,yfinance,股票型,亞洲地區,B0149 霸菱投顧,霸菱
B24080,2014-11-24,109.97468566894531,英鎊,霸菱大東協基金 - A類英鎊配息型,yfinance,股票型,亞洲地區,B0149 霸菱投顧,霸菱
B24080,2014-11-25,110.27154541015625,英鎊,霸菱大東協基金 - A類英鎊配息型,yfinance,股票型,亞洲地區,B0149 霸菱投顧,霸菱
B24080,2014-11-26,110.03764343261719,英鎊,霸菱大東協基金 - A類英鎊配息型,yfinance,股票型,亞洲地區,B0149 霸菱投顧,霸菱
B24080,2014-11-27,109.77677917480469,英鎊,霸菱大東協基金 - A類英鎊配息型,yfinance,股票型,亞洲地區,B0149 霸菱投顧,霸菱
B24080,2014-11-28,109.65083312988281,英鎊,霸菱大東協基金 - A類英鎊配息型,yfinance,股票型,亞洲地區,B0149 霸菱投顧,霸菱
B24080,2014-12-01,108.69727325439453,英鎊,霸菱大東協基金 - A類英鎊配息型,yfinance,股票型,亞洲地區,B0149 霸菱投顧,霸菱
B24080,2014-12-02,109.2820053100586,英鎊,霸菱大東協基金 - A類英鎊配息型,yfinance,股票型,亞洲地區,B0149 霸菱投顧,霸菱
B24080,2014-12-03,108.92216491699219,英鎊,霸菱大東協基金 - A類英鎊配息型,yfinance,股票型,亞洲地區,B0149 霸菱投顧,霸菱
B24080,2014-12-04,108.48136138916016,英鎊,霸菱大東協基金 - A類英鎊配息型,yfinance,股票型,亞洲地區,B0149 霸菱投顧,霸菱
B24080,2014-12-05,108.57132720947266,英鎊,霸菱大東協基金 - A類英鎊配息型,yfinance,股票型,亞洲地區,B0149 霸菱投顧,霸菱
B24080,2014-12-08,107.48284149169922,英鎊,霸菱大東協基金 - A類英鎊配息型,yfinance,股票型,亞洲地區,B0149 霸菱投顧,霸菱
B24080,2014-12-09,107.52780151367188,英鎊,霸菱大東協基金 - A類英鎊配息型,yfinance,股票型,亞洲地區,B0149 霸菱投顧,霸菱
B24080,2014-12-10,107.79768371582031,英鎊,霸菱大東協基金 - A類英鎊配息型,yfinance,股票型,亞洲地區,B0149 霸菱投顧,霸菱
B24080,2014-12-11,107.16796112060547,英鎊,霸菱大東協基金 - A類英鎊配息型,yfinance,股票型,亞洲地區,B0149 霸菱投顧,霸菱
B24080,2014-12-12,106.83512115478516,英鎊,霸菱大東協基金 - A類英鎊配息型,yfinance,股票型,亞洲地區,B0149 霸菱投顧,霸菱
B24080,2014-12-15,105.29681396484375,英鎊,霸菱大東協基金 - A類英鎊配息型,yfinance,股票型,亞洲地區,B0149 霸菱投顧,霸菱
B24080,2014-12-16,102.81395721435547,英鎊,霸菱大東協基金 - A類英鎊配息型,yfinance,股票型,亞洲地區,B0149 霸菱投顧,霸菱
B24080,2014-12-17,103.0478515625,英鎊,霸菱大東協基金 - A類英鎊配息型,yfinance,股票型,亞洲地區,B0149 霸菱投顧,霸菱
B24080,2014-12-18,106.25938415527344,英鎊,霸菱大東協基金 - A類英鎊配息型,yfinance,股票型,亞洲地區,B0149 霸菱投顧,霸菱
B24080,2014-12-19,106.17841339111328,英鎊,霸菱大東協基金 - A類英鎊配息型,yfinance,股票型,亞洲地區,B0149 霸菱投顧,霸菱
B24080,2014-12-22,106.98804473876953,英鎊,霸菱大東協基金 - A類英鎊配息型,yfinance,股票型,亞洲地區,B0149 霸菱投顧,霸菱
B24080,2014-12-23,107.41085815429688,英鎊,霸菱大東協基金 - A類英鎊配息型,yfinance,股票型,亞洲地區,B0149 霸菱投顧,霸菱
B24080,2014-12-24,107.43785095214844,英鎊,霸菱大東協基金 - A類英鎊配息型,yfinance,股票型,亞洲地區,B0149 霸菱投顧,霸菱
B24080,2014-12-30,107.69873046875,英鎊,霸菱大東協基金 - A類英鎊配息型,yfinance,股票型,亞洲地區,B0149 霸菱投顧,霸菱
B24080,2014-12-31,107.32988739013672,英鎊,霸菱大東協基金 - A類英鎊配息型,yfinance,股票型,亞洲地區,B0149 霸菱投顧,霸菱
B09081,2014-01-02,79.05000305175781,英鎊,貝萊德英國基金 A2,yfinance,未分類,英國,A0031 貝萊德投信,貝萊德
B09081,2014-01-03,79.66000366210938,英鎊,貝萊德英國基金 A2,yfinance,未分類,英國,A0031 貝萊德投信,貝萊德
B09081,2014-01-06,80.23999786376953,英鎊,貝萊德英國基金 A2,yfinance,未分類,英國,A0031 貝萊德投信,貝萊德
B09081,2014-01-07,80.33000183105469,英鎊,貝萊德英國基金 A2,yfinance,未分類,英國,A0031 貝萊德投信,貝萊德
B09081,2014-01-08,79.93000030517578,英鎊,貝萊德英國基金 A2,yfinance,未分類,英國,A0031 貝萊德投信,貝萊德
B09081,2014-01-09,79.5999984741211,英鎊,貝萊德英國基金 A2,yfinance,未分類,英國,A0031 貝萊德投信,貝萊德
B09081,2014-01-10,80.16999816894531,英鎊,貝萊德英國基金 A2,yfinance,未分類,英國,A0031 貝萊德投信,貝萊德
B09081,2014-01-13,80.29000091552734,英鎊,貝萊德英國基金 A2,yfinance,未分類,英國,A0031 貝萊德投信,貝萊德
B09081,2014-01-14,80.2699966430664,英鎊,貝萊德英國基金 A2,yfinance,未分類,英國,A0031 貝萊德投信,貝萊德
B09081,2014-01-15,80.94000244140625,英鎊,貝萊德英國基金 A2,yfinance,未分類,英國,A0031 貝萊德投信,貝萊德
B09081,2014-01-16,80.81999969482422,英鎊,貝萊德英國基金 A2,yfinance,未分類,英國,A0031 貝萊德投信,貝萊德
B09081,2014-01-17,80.6500015258789,英鎊,貝萊德英國基金 A2,yfinance,未分類,英國,A0031 貝萊德投信,貝萊德
B09081,2014-01-20,80.91999816894531,英鎊,貝萊德英國基金 A2,yfinance,未分類,英國,A0031 貝萊德投信,貝萊德
B09081,2014-01-21,81.30000305175781,英鎊,貝萊德英國基金 A2,yfinance,未分類,英國,A0031 貝萊德投信,貝萊德
B09081,2014-01-22,81.0999984741211,英鎊,貝萊德英國基金 A2,yfinance,未分類,英國,A0031 貝萊德投信,貝萊德
B09081,2014-01-23,80.43000030517578,英鎊,貝萊德英國基金 A2,yfinance,未分類,英國,A0031 貝萊德投信,貝萊德
B09081,2014-01-24,79.0199966430664,英鎊,貝萊德英國基金 A2,yfinance,未分類,英國,A0031 貝萊德投信,貝萊德
B09081,2014-01-27,77.54000091552734,英鎊,貝萊德英國基金 A2,yfinance,未分類,英國,A0031 貝萊德投信,貝萊德
B09081,2014-01-28,78.16000366210938,英鎊,貝萊德英國基金 A2,yfinance,未分類,英國,A0031 貝萊德投信,貝萊德
B09081,2014-01-29,77.51000213623047,英鎊,貝萊德英國基金 A2,yfinance,未分類,英國,A0031 貝萊德投信,貝萊德
B09081,2014-01-30,77.9800033569336,英鎊,貝萊德英國基金 A2,yfinance,未分類,英國,A0031 貝萊德投信,貝萊德
B09081,2014-01-31,77.13999938964844,英鎊,貝萊德英國基金 A2,yfinance,未分類,英國,A0031 貝萊德投信,貝萊德
B09081,2014-02-03,77.77999877929688,英鎊,貝萊德英國基金 A2,yfinance,未分類,英國,A0031 貝萊德投信,貝萊德
B09081,2014-02-04,77.27999877929688,英鎊,貝萊德英國基金 A2,yfinance,未分類,英國,A0031 貝萊德投信,貝萊德
B09081,2014-02-05,77.13999938964844,英鎊,貝萊德英國基金 A2,yfinance,未分類,英國,A0031 貝萊德投信,貝萊德
B09081,2014-02-06,78.04000091552734,英鎊,貝萊德英國基金 A2,yfinance,未分類,英國,A0031 貝萊德投信,貝萊德
B09081,2014-02-07,78.3499984741211,英鎊,貝萊德英國基金 A2,yfinance,未分類,英國,A0031 貝萊德投信,貝萊德
B09081,2014-02-10,78.20999908447266,英鎊,貝萊德英國基金 A2,yfinance,未分類,英國,A0031 貝萊德投信,貝萊德
B09081,2014-02-11,78.77999877929688,英鎊,貝萊德英國基金 A2,yfinance,未分類,英國,A0031 貝萊德投信,貝萊德
B09081,2014-02-12,79.5,英鎊,貝萊德英國基金 A2,yfinance,未分類,英國,A0031 貝萊德投信,貝萊德
B09081,2014-02-13,78.52999877929688,英鎊,貝萊德英國基金 A2,yfinance,未分類,英國,A0031 貝萊德投信,貝萊德
B09081,2014-02-14,79.05999755859375,英鎊,貝萊德英國基金 A2,yfinance,未分類,英國,A0031 貝萊德投信,貝萊德
B09081,2014-02-17,79.87999725341797,英鎊,貝萊德英國基金 A2,yfinance,未分類,英國,A0031 貝萊德投信,貝萊德
B09081,2014-02-18,80.30000305175781,英鎊,貝萊德英國基金 A2,yfinance,未分類,英國,A0031 貝萊德投信,貝萊德
B09081,2014-02-19,80.58999633789062,英鎊,貝萊德英國基金 A2,yfinance,未分類,英國,A0031 貝萊德投信,貝萊德
B09081,2014-02-20,80.13999938964844,英鎊,貝萊德英國基金 A2,yfinance,未分類,英國,A0031 貝萊德投信,貝萊德
B09081,2014-02-21,80.75,英鎊,貝萊德英國基金 A2,yfinance,未分類,英國,A0031 貝萊德投信,貝萊德
B09081,2014-02-24,80.93000030517578,英鎊,貝萊德英國基金 A2,yfinance,未分類,英國,A0031 貝萊德投信,貝萊德
B09081,2014-02-25,80.68000030517578,英鎊,貝萊德英國基金 A2,yfinance,未分類,英國,A0031 貝萊德投信,貝萊德
B09081,2014-02-26,80.48999786376953,英鎊,貝萊德英國基金 A2,yfinance,未分類,英國,A0031 貝萊德投信,貝萊德
B09081,2014-02-27,80.68000030517578,英鎊,貝萊德英國基金 A2,yfinance,未分類,英國,A0031 貝萊德投信,貝萊德
B09081,2014-02-28,81.54000091552734,英鎊,貝萊德英國基金 A2,yfinance,未分類,英國,A0031 貝萊德投信,貝萊德
B09081,2014-03-03,80.12999725341797,英鎊,貝萊德英國基金 A2,yfinance,未分類,英國,A0031 貝萊德投信,貝萊德
B09081,2014-03-04,81.63999938964844,英鎊,貝萊德英國基金 A2,yfinance,未分類,英國,A0031 貝萊德投信,貝萊德
B09081,2014-03-05,81.3499984741211,英鎊,貝萊德英國基金 A2,yfinance,未分類,英國,A0031 貝萊德投信,貝萊德
B09081,2014-03-06,81.5999984741211,英鎊,貝萊德英國基金 A2,yfinance,未分類,英國,A0031 貝萊德投信,貝萊德
B09081,2014-03-07,81.08000183105469,英鎊,貝萊德英國基金 A2,yfinance,未分類,英國,A0031 貝萊德投信,貝萊德
B09081,2014-03-10,80.25,英鎊,貝萊德英國基金 A2,yfinance,未分類,英國,A0031 貝萊德投信,貝萊德
B09081,2014-03-11,80.55999755859375,英鎊,貝萊德英國基金 A2,yfinance,未分類,英國,A0031 貝萊德投信,貝萊德
B09081,2014-03-12,79.81999969482422,英鎊,貝萊德英國基金 A2,yfinance,未分類,英國,A0031 貝萊德投信,貝萊德
B09081,2014-03-13,79.12000274658203,英鎊,貝萊德英國基金 A2,yfinance,未分類,英國,A0031 貝萊德投信,貝萊德
B09081,2014-03-14,78.4000015258789,英鎊,貝萊德英國基金 A2,yfinance,未分類,英國,A0031 貝萊德投信,貝萊德
B09081,2014-03-17,79.29000091552734,英鎊,貝萊德英國基金 A2,yfinance,未分類,英國,A0031 貝萊德投信,貝萊德
B09081,2014-03-18,79.63999938964844,英鎊,貝萊德英國基金 A2,yfinance,未分類,英國,A0031 貝萊德投信,貝萊德
B09081,2014-03-19,80.0,英鎊,貝萊德英國基金 A2,yfinance,未分類,英國,A0031 貝萊德投信,貝萊德
B09081,2014-03-20,79.29000091552734,英鎊,貝萊德英國基金 A2,yfinance,未分類,英國,A0031 貝萊德投信,貝萊德
B09081,2014-03-21,79.4800033569336,英鎊,貝萊德英國基金 A2,yfinance,未分類,英國,A0031 貝萊德投信,貝萊德
B09081,2014-03-24,78.52999877929688,英鎊,貝萊德英國基金 A2,yfinance,未分類,英國,A0031 貝萊德投信,貝萊德
B09081,2014-03-25,79.56999969482422,英鎊,貝萊德英國基金 A2,yfinance,未分類,英國,A0031 貝萊德投信,貝萊德
B09081,2014-03-26,80.23999786376953,英鎊,貝萊德英國基金 A2,yfinance,未分類,英國,A0031 貝萊德投信,貝萊德
B09081,2014-03-27,79.73999786376953,英鎊,貝萊德英國基金 A2,yfinance,未分類,英國,A0031 貝萊德投信,貝萊德
B09081,2014-03-28,80.0999984741211,英鎊,貝萊德英國基金 A2,yfinance,未分類,英國,A0031 貝萊德投信,貝萊德
B09081,2014-03-31,79.9800033569336,英鎊,貝萊德英國基金 A2,yfinance,未分類,英國,A0031 貝萊德投信,貝萊德
B09081,2014-04-01,80.27999877929688,英鎊,貝萊德英國基金 A2,yfinance,未分類,英國,A0031 貝萊德投信,貝萊德
B09081,2014-04-02,80.37999725341797,英鎊,貝萊德英國基金 A2,yfinance,未分類,英國,A0031 貝萊德投信,貝萊德
B09081,2014-04-03,80.37000274658203,英鎊,貝萊德英國基金 A2,yfinance,未分類,英國,A0031 貝萊德投信,貝萊德
B09081,2014-04-04,80.43000030517578,英鎊,貝萊德英國基金 A2,yfinance,未分類,英國,A0031 貝萊德投信,貝萊德
B09081,2014-04-07,79.29000091552734,英鎊,貝萊德英國基金 A2,yfinance,未分類,英國,A0031 貝萊德投信,貝萊德
B09081,2014-04-08,77.66000366210938,英鎊,貝萊德英國基金 A2,yfinance,未分類,英國,A0031 貝萊德投信,貝萊德
B09081,2014-04-09,78.7699966430664,英鎊,貝萊德英國基金 A2,yfinance,未分類,英國,A0031 貝萊德投信,貝萊德
B09081,2014-04-10,79.05999755859375,英鎊,貝萊德英國基金 A2,yfinance,未分類,英國,A0031 貝萊德投信,貝萊德
B09081,2014-04-11,77.02999877929688,英鎊,貝萊德英國基金 A2,yfinance,未分類,英國,A0031 貝萊德投信,貝萊德
B09081,2014-04-14,76.27999877929688,英鎊,貝萊德英國基金 A2,yfinance,未分類,英國,A0031 貝萊德投信,貝萊德
B09081,2014-04-15,76.63999938964844,英鎊,貝萊德英國基金 A2,yfinance,未分類,英國,A0031 貝萊德投信,貝萊德
B09081,2014-04-16,76.6500015258789,英鎊,貝萊德英國基金 A2,yfinance,未分類,英國,A0031 貝萊德投信,貝萊德
B09081,2014-04-17,77.43000030517578,英鎊,貝萊德英國基金 A2,yfinance,未分類,英國,A0031 貝萊德投信,貝萊德
B09081,2014-04-22,78.5199966430664,英鎊,貝萊德英國基金 A2,yfinance,未分類,英國,A0031 貝萊德投信,貝萊德
B09081,2014-04-23,78.0,英鎊,貝萊德英國基金 A2,yfinance,未分類,英國,A0031 貝萊德投信,貝萊德
B09081,2014-04-24,77.63999938964844,英鎊,貝萊德英國基金 A2,yfinance,未分類,英國,A0031 貝萊德投信,貝萊德
B09081,2014-04-25,77.47000122070312,英鎊,貝萊德英國基金 A2,yfinance,未分類,英國,A0031 貝萊德投信,貝萊德
B09081,2014-04-28,77.04000091552734,英鎊,貝萊德英國基金 A2,yfinance,未分類,英國,A0031 貝萊德投信,貝萊德
B09081,2014-04-29,77.48999786376953,英鎊,貝萊德英國基金 A2,yfinance,未分類,英國,A0031 貝萊德投信,貝萊德
B09081,2014-04-30,77.43000030517578,英鎊,貝萊德英國基金 A2,yfinance,未分類,英國,A0031 貝萊德投信,貝萊德
B09081,2014-05-02,78.62999725341797,英鎊,貝萊德英國基金 A2,yfinance,未分類,英國,A0031 貝萊德投信,貝萊德
B09081,2014-05-06,78.11000061035156,英鎊,貝萊德英國基金 A2,yfinance,未分類,英國,A0031 貝萊德投信,貝萊德
B09081,2014-05-07,78.02999877929688,英鎊,貝萊德英國基金 A2,yfinance,未分類,英國,A0031 貝萊德投信,貝萊德
B09081,2014-05-08,78.45999908447266,英鎊,貝萊德英國基金 A2,yfinance,未分類,英國,A0031 貝萊德投信,貝萊德
B09081,2014-05-09,78.20999908447266,英鎊,貝萊德英國基金 A2,yfinance,未分類,英國,A0031 貝萊德投信,貝萊德
B09081,2014-05-12,78.5,英鎊,貝萊德英國基金 A2,yfinance,未分類,英國,A0031 貝萊德投信,貝萊德
B09081,2014-05-13,78.58000183105469,英鎊,貝萊德英國基金 A2,yfinance,未分類,英國,A0031 貝萊德投信,貝萊德
B09081,2014-05-14,78.76000213623047,英鎊,貝萊德英國基金 A2,yfinance,未分類,英國,A0031 貝萊德投信,貝萊德
B09081,2014-05-15,77.80999755859375,英鎊,貝萊德英國基金 A2,yfinance,未分類,英國,A0031 貝萊德投信,貝萊德
B09081,2014-05-16,77.13999938964844,英鎊,貝萊德英國基金 A2,yfinance,未分類,英國,A0031 貝萊德投信,貝萊德
B09081,2014-05-19,76.9800033569336,英鎊,貝萊德英國基金 A2,yfinance,未分類,英國,A0031 貝萊德投信,貝萊德
B09081,2014-05-20,77.30999755859375,英鎊,貝萊德英國基金 A2,yfinance,未分類,英國,A0031 貝萊德投信,貝萊德
B09081,2014-05-21,77.69000244140625,英鎊,貝萊德英國基金 A2,yfinance,未分類,英國,A0031 貝萊德投信,貝萊德
B09081,2014-05-22,78.01000213623047,英鎊,貝萊德英國基金 A2,yfinance,未分類,英國,A0031 貝萊德投信,貝萊德
B09081,2014-05-23,78.05000305175781,英鎊,貝萊德英國基金 A2,yfinance,未分類,英國,A0031 貝萊德投信,貝萊德
B09081,2014-05-27,78.48999786376953,英鎊,貝萊德英國基金 A2,yfinance,未分類,英國,A0031 貝萊德投信,貝萊德
B09081,2014-05-28,78.70999908447266,英鎊,貝萊德英國基金 A2,yfinance,未分類,英國,A0031 貝萊德投信,貝萊德
B09081,2014-05-30,78.41000366210938,英鎊,貝萊德英國基金 A2,yfinance,未分類,英國,A0031 貝萊德投信,貝萊德
B09081,2014-06-02,78.9800033569336,英鎊,貝萊德英國基金 A2,yfinance,未分類,英國,A0031 貝萊德投信,貝萊德
B09081,2014-06-03,78.41000366210938,英鎊,貝萊德英國基金 A2,yfinance,未分類,英國,A0031 貝萊德投信,貝萊德
B09081,2014-06-04,78.37999725341797,英鎊,貝萊德英國基金 A2,yfinance,未分類,英國,A0031 貝萊德投信,貝萊德
B09081,2014-06-05,78.5,英鎊,貝萊德英國基金 A2,yfinance,未分類,英國,A0031 貝萊德投信,貝萊德
B09081,2014-06-06,79.33000183105469,英鎊,貝萊德英國基金 A2,yfinance,未分類,英國,A0031 貝萊德投信,貝萊德
B09081,2014-06-10,79.2699966430664,英鎊,貝萊德英國基金 A2,yfinance,未分類,英國,A0031 貝萊德投信,貝萊德
B09081,2014-06-11,78.97000122070312,英鎊,貝萊德英國基金 A2,yfinance,未分類,英國,A0031 貝萊德投信,貝萊德
B09081,2014-06-12,79.08000183105469,英鎊,貝萊德英國基金 A2,yfinance,未分類,英國,A0031 貝萊德投信,貝萊德
B09081,2014-06-13,77.44999694824219,英鎊,貝萊德英國基金 A2,yfinance,未分類,英國,A0031 貝萊德投信,貝萊德
B09081,2014-06-16,77.25,英鎊,貝萊德英國基金 A2,yfinance,未分類,英國,A0031 貝萊德投信,貝萊德
B09081,2014-06-17,77.0199966430664,英鎊,貝萊德英國基金 A2,yfinance,未分類,英國,A0031 貝萊德投信,貝萊德
B09081,2014-06-18,77.12000274658203,英鎊,貝萊德英國基金 A2,yfinance,未分類,英國,A0031 貝萊德投信,貝萊德
B09081,2014-06-19,77.73999786376953,英鎊,貝萊德英國基金 A2,yfinance,未分類,英國,A0031 貝萊德投信,貝萊德
B09081,2014-06-20,77.94999694824219,英鎊,貝萊德英國基金 A2,yfinance,未分類,英國,A0031 貝萊德投信,貝萊德
B09081,2014-06-24,76.94000244140625,英鎊,貝萊德英國基金 A2,yfinance,未分類,英國,A0031 貝萊德投信,貝萊德
B09081,2014-06-25,76.66999816894531,英鎊,貝萊德英國基金 A2,yfinance,未分類,英國,A0031 貝萊德投信,貝萊德
B09081,2014-06-26,77.16999816894531,英鎊,貝萊德英國基金 A2,yfinance,未分類,英國,A0031 貝萊德投信,貝萊德
B09081,2014-06-27,77.62000274658203,英鎊,貝萊德英國基金 A2,yfinance,未分類,英國,A0031 貝萊德投信,貝萊德
B09081,2014-06-30,77.55000305175781,英鎊,貝萊德英國基金 A2,yfinance,未分類,英國,A0031 貝萊德投信,貝萊德
B09081,2014-07-01,78.23999786376953,英鎊,貝萊德英國基金 A2,yfinance,未分類,英國,A0031 貝萊德投信,貝萊德
B09081,2014-07-02,78.83000183105469,英鎊,貝萊德英國基金 A2,yfinance,未分類,英國,A0031 貝萊德投信,貝萊德
B09081,2014-07-03,79.29000091552734,英鎊,貝萊德英國基金 A2,yfinance,未分類,英國,A0031 貝萊德投信,貝萊德
B09081,2014-07-04,79.51000213623047,英鎊,貝萊德英國基金 A2,yfinance,未分類,英國,A0031 貝萊德投信,貝萊德
B09081,2014-07-07,78.87999725341797,英鎊,貝萊德英國基金 A2,yfinance,未分類,英國,A0031 貝萊德投信,貝萊德
B09081,2014-07-08,77.76000213623047,英鎊,貝萊德英國基金 A2,yfinance,未分類,英國,A0031 貝萊德投信,貝萊德
B09081,2014-07-09,77.05000305175781,英鎊,貝萊德英國基金 A2,yfinance,未分類,英國,A0031 貝萊德投信,貝萊德
B09081,2014-07-10,76.16999816894531,英鎊,貝萊德英國基金 A2,yfinance,未分類,英國,A0031 貝萊德投信,貝萊德
B09081,2014-07-11,76.43000030517578,英鎊,貝萊德英國基金 A2,yfinance,未分類,英國,A0031 貝萊德投信,貝萊德
B09081,2014-07-14,77.19999694824219,英鎊,貝萊德英國基金 A2,yfinance,未分類,英國,A0031 貝萊德投信,貝萊德
B09081,2014-07-15,76.83000183105469,英鎊,貝萊德英國基金 A2,yfinance,未分類,英國,A0031 貝萊德投信,貝萊德
B09081,2014-07-16,77.25,英鎊,貝萊德英國基金 A2,yfinance,未分類,英國,A0031 貝萊德投信,貝萊德
B09081,2014-07-17,77.04000091552734,英鎊,貝萊德英國基金 A2,yfinance,未分類,英國,A0031 貝萊德投信,貝萊德
B09081,2014-07-18,76.61000061035156,英鎊,貝萊德英國基金 A2,yfinance,未分類,英國,A0031 貝萊德投信,貝萊德
B09081,2014-07-21,76.27999877929688,英鎊,貝萊德英國基金 A2,yfinance,未分類,英國,A0031 貝萊德投信,貝萊德
B09081,2014-07-22,77.12000274658203,英鎊,貝萊德英國基金 A2,yfinance,未分類,英國,A0031 貝萊德投信,貝萊德
B09081,2014-07-23,77.37999725341797,英鎊,貝萊德英國基金 A2,yfinance,未分類,英國,A0031 貝萊德投信,貝萊德
B09081,2014-07-24,77.70999908447266,英鎊,貝萊德英國基金 A2,yfinance,未分類,英國,A0031 貝萊德投信,貝萊德
B09081,2014-07-25,77.79000091552734,英鎊,貝萊德英國基金 A2,yfinance,未分類,英國,A0031 貝萊德投信,貝萊德
B09081,2014-07-28,77.33000183105469,英鎊,貝萊德英國基金 A2,yfinance,未分類,英國,A0031 貝萊德投信,貝萊德
B09081,2014-07-29,78.0199966430664,英鎊,貝萊德英國基金 A2,yfinance,未分類,英國,A0031 貝萊德投信,貝萊德
B09081,2014-07-30,77.45999908447266,英鎊,貝萊德英國基金 A2,yfinance,未分類,英國,A0031 貝萊德投信,貝萊德
B09081,2014-07-31,76.94000244140625,英鎊,貝萊德英國基金 A2,yfinance,未分類,英國,A0031 貝萊德投信,貝萊德
B09081,2014-08-01,76.4800033569336,英鎊,貝萊德英國基金 A2,yfinance,未分類,英國,A0031 貝萊德投信,貝萊德
B09081,2014-08-04,76.4000015258789,英鎊,貝萊德英國基金 A2,yfinance,未分類,英國,A0031 貝萊德投信,貝萊德
B09081,2014-08-05,76.27999877929688,英鎊,貝萊德英國基金 A2,yfinance,未分類,英國,A0031 貝萊德投信,貝萊德
B09081,2014-08-06,75.61000061035156,英鎊,貝萊德英國基金 A2,yfinance,未分類,英國,A0031 貝萊德投信,貝萊德
B09081,2014-08-07,76.06999969482422,英鎊,貝萊德英國基金 A2,yfinance,未分類,英國,A0031 貝萊德投信,貝萊德
B09081,2014-08-08,75.54000091552734,英鎊,貝萊德英國基金 A2,yfinance,未分類,英國,A0031 貝萊德投信,貝萊德
B09081,2014-08-11,76.51000213623047,英鎊,貝萊德英國基金 A2,yfinance,未分類,英國,A0031 貝萊德投信,貝萊德
B09081,2014-08-12,76.3499984741211,英鎊,貝萊德英國基金 A2,yfinance,未分類,英國,A0031 貝萊德投信,貝萊德
B09081,2014-08-13,76.54000091552734,英鎊,貝萊德英國基金 A2,yfinance,未分類,英國,A0031 貝萊德投信,貝萊德
B09081,2014-08-14,77.22000122070312,英鎊,貝萊德英國基金 A2,yfinance,未分類,英國,A0031 貝萊德投信,貝萊德
B09081,2014-08-18,78.08999633789062,英鎊,貝萊德英國基金 A2,yfinance,未分類,英國,A0031 貝萊德投信,貝萊德
B09081,2014-08-19,78.61000061035156,英鎊,貝萊德英國基金 A2,yfinance,未分類,英國,A0031 貝萊德投信,貝萊德
B09081,2014-08-20,78.33999633789062,英鎊,貝萊德英國基金 A2,yfinance,未分類,英國,A0031 貝萊德投信,貝萊德
B09081,2014-08-21,78.69000244140625,英鎊,貝萊德英國基金 A2,yfinance,未分類,英國,A0031 貝萊德投信,貝萊德
B09081,2014-08-22,78.86000061035156,英鎊,貝萊德英國基金 A2,yfinance,未分類,英國,A0031 貝萊德投信,貝萊德
B09081,2014-08-26,79.41000366210938,英鎊,貝萊德英國基金 A2,yfinance,未分類,英國,A0031 貝萊德投信,貝萊德
B09081,2014-08-27,79.43000030517578,英鎊,貝萊德英國基金 A2,yfinance,未分類,英國,A0031 貝萊德投信,貝萊德
B09081,2014-08-28,78.98999786376953,英鎊,貝萊德英國基金 A2,yfinance,未分類,英國,A0031 貝萊德投信,貝萊德
B09081,2014-08-29,78.83000183105469,英鎊,貝萊德英國基金 A2,yfinance,未分類,英國,A0031 貝萊德投信,貝萊德
B09081,2014-09-01,78.9800033569336,英鎊,貝萊德英國基金 A2,yfinance,未分類,英國,A0031 貝萊德投信,貝萊德
B09081,2014-09-02,79.05000305175781,英鎊,貝萊德英國基金 A2,yfinance,未分類,英國,A0031 貝萊德投信,貝萊德
B09081,2014-09-03,79.69000244140625,英鎊,貝萊德英國基金 A2,yfinance,未分類,英國,A0031 貝萊德投信,貝萊德
B09081,2014-09-04,79.37000274658203,英鎊,貝萊德英國基金 A2,yfinance,未分類,英國,A0031 貝萊德投信,貝萊德
B09081,2014-09-05,79.1500015258789,英鎊,貝萊德英國基金 A2,yfinance,未分類,英國,A0031 貝萊德投信,貝萊德
B09081,2014-09-08,78.63999938964844,英鎊,貝萊德英國基金 A2,yfinance,未分類,英國,A0031 貝萊德投信,貝萊德
B09081,2014-09-09,78.6500015258789,英鎊,貝萊德英國基金 A2,yfinance,未分類,英國,A0031 貝萊德投信,貝萊德
B09081,2014-09-10,78.70999908447266,英鎊,貝萊德英國基金 A2,yfinance,未分類,英國,A0031 貝萊德投信,貝萊德
B09081,2014-09-11,78.25,英鎊,貝萊德英國基金 A2,yfinance,未分類,英國,A0031 貝萊德投信,貝萊德
B09081,2014-09-12,78.4800033569336,英鎊,貝萊德英國基金 A2,yfinance,未分類,英國,A0031 貝萊德投信,貝萊德
B09081,2014-09-15,78.30000305175781,英鎊,貝萊德英國基金 A2,yfinance,未分類,英國,A0031 貝萊德投信,貝萊德
B09081,2014-09-16,78.0,英鎊,貝萊德英國基金 A2,yfinance,未分類,英國,A0031 貝萊德投信,貝萊德
B09081,2014-09-17,78.25,英鎊,貝萊德英國基金 A2,yfinance,未分類,英國,A0031 貝萊德投信,貝萊德
B09081,2014-09-18,78.44000244140625,英鎊,貝萊德英國基金 A2,yfinance,未分類,英國,A0031 貝萊德投信,貝萊德
B09081,2014-09-19,78.9800033569336,英鎊,貝萊德英國基金 A2,yfinance,未分類,英國,A0031 貝萊德投信,貝萊德
B09081,2014-09-22,78.51000213623047,英鎊,貝萊德英國基金 A2,yfinance,未分類,英國,A0031 貝萊德投信,貝萊德
B09081,2014-09-23,77.36000061035156,英鎊,貝萊德英國基金 A2,yfinance,未分類,英國,A0031 貝萊德投信,貝萊德
B09081,2014-09-24,77.08000183105469,英鎊,貝萊德英國基金 A2,yfinance,未分類,英國,A0031 貝萊德投信,貝萊德
B09081,2014-09-25,76.76000213623047,英鎊,貝萊德英國基金 A2,yfinance,未分類,英國,A0031 貝萊德投信,貝萊德
B09081,2014-09-26,76.76000213623047,英鎊,貝萊德英國基金 A2,yfinance,未分類,英國,A0031 貝萊德投信,貝萊德
B09081,2014-09-29,76.55000305175781,英鎊,貝萊德英國基金 A2,yfinance,未分類,英國,A0031 貝萊德投信,貝萊德
B09081,2014-09-30,76.27999877929688,英鎊,貝萊德英國基金 A2,yfinance,未分類,英國,A0031 貝萊德投信,貝萊德
B09081,2014-10-01,75.83000183105469,英鎊,貝萊德英國基金 A2,yfinance,未分類,英國,A0031 貝萊德投信,貝萊德
B09081,2014-10-02,75.4000015258789,英鎊,貝萊德英國基金 A2,yfinance,未分類,英國,A0031 貝萊德投信,貝萊德
B09081,2014-10-03,75.83000183105469,英鎊,貝萊德英國基金 A2,yfinance,未分類,英國,A0031 貝萊德投信,貝萊德
B09081,2014-10-06,76.23999786376953,英鎊,貝萊德英國基金 A2,yfinance,未分類,英國,A0031 貝萊德投信,貝萊德
B09081,2014-10-07,75.51000213623047,英鎊,貝萊德英國基金 A2,yfinance,未分類,英國,A0031 貝萊德投信,貝萊德
B09081,2014-10-08,74.80000305175781,英鎊,貝萊德英國基金 A2,yfinance,未分類,英國,A0031 貝萊德投信,貝萊德
B09081,2014-10-09,74.58999633789062,英鎊,貝萊德英國基金 A2,yfinance,未分類,英國,A0031 貝萊德投信,貝萊德
B09081,2014-10-10,73.61000061035156,英鎊,貝萊德英國基金 A2,yfinance,未分類,英國,A0031 貝萊德投信,貝萊德
B09081,2014-10-13,73.37999725341797,英鎊,貝萊德英國基金 A2,yfinance,未分類,英國,A0031 貝萊德投信,貝萊德
B09081,2014-10-14,73.4000015258789,英鎊,貝萊德英國基金 A2,yfinance,未分類,英國,A0031 貝萊德投信,貝萊德
B09081,2014-10-15,72.2699966430664,英鎊,貝萊德英國基金 A2,yfinance,未分類,英國,A0031 貝萊德投信,貝萊德
B09081,2014-10-16,71.30999755859375,英鎊,貝萊德英國基金 A2,yfinance,未分類,英國,A0031 貝萊德投信,貝萊德
B09081,2014-10-17,72.3499984741211,英鎊,貝萊德英國基金 A2,yfinance,未分類,英國,A0031 貝萊德投信,貝萊德
B09081,2014-10-20,72.30000305175781,英鎊,貝萊德英國基金 A2,yfinance,未分類,英國,A0031 貝萊德投信,貝萊德
B09081,2014-10-21,73.36000061035156,英鎊,貝萊德英國基金 A2,yfinance,未分類,英國,A0031 貝萊德投信,貝萊德
B09081,2014-10-22,73.7699966430664,英鎊,貝萊德英國基金 A2,yfinance,未分類,英國,A0031 貝萊德投信,貝萊德
B09081,2014-10-23,73.7300033569336,英鎊,貝萊德英國基金 A2,yfinance,未分類,英國,A0031 貝萊德投信,貝萊德
B09081,2014-10-24,73.7699966430664,英鎊,貝萊德英國基金 A2,yfinance,未分類,英國,A0031 貝萊德投信,貝萊德
B09081,2014-10-27,73.69000244140625,英鎊,貝萊德英國基金 A2,yfinance,未分類,英國,A0031 貝萊德投信,貝萊德
B09081,2014-10-28,74.04000091552734,英鎊,貝萊德英國基金 A2,yfinance,未分類,英國,A0031 貝萊德投信,貝萊德
B09081,2014-10-29,74.55999755859375,英鎊,貝萊德英國基金 A2,yfinance,未分類,英國,A0031 貝萊德投信,貝萊德
B09081,2014-10-30,74.58999633789062,英鎊,貝萊德英國基金 A2,yfinance,未分類,英國,A0031 貝萊德投信,貝萊德
B09081,2014-10-31,75.73999786376953,英鎊,貝萊德英國基金 A2,yfinance,未分類,英國,A0031 貝萊德投信,貝萊德
B09081,2014-11-03,75.36000061035156,英鎊,貝萊德英國基金 A2,yfinance,未分類,英國,A0031 貝萊德投信,貝萊德
B09081,2014-11-04,75.3499984741211,英鎊,貝萊德英國基金 A2,yfinance,未分類,英國,A0031 貝萊德投信,貝萊德
B09081,2014-11-05,75.7300033569336,英鎊,貝萊德英國基金 A2,yfinance,未分類,英國,A0031 貝萊德投信,貝萊德
B09081,2014-11-06,76.08999633789062,英鎊,貝萊德英國基金 A2,yfinance,未分類,英國,A0031 貝萊德投信,貝萊德
B09081,2014-11-07,76.04000091552734,英鎊,貝萊德英國基金 A2,yfinance,未分類,英國,A0031 貝萊德投信,貝萊德
B09081,2014-11-10,76.48999786376953,英鎊,貝萊德英國基金 A2,yfinance,未分類,英國,A0031 貝萊德投信,貝萊德
B09081,2014-11-11,76.77999877929688,英鎊,貝萊德英國基金 A2,yfinance,未分類,英國,A0031 貝萊德投信,貝萊德
B09081,2014-11-12,76.7300033569336,英鎊,貝萊德英國基金 A2,yfinance,未分類,英國,A0031 貝萊德投信,貝萊德
B09081,2014-11-13,77.26000213623047,英鎊,貝萊德英國基金 A2,yfinance,未分類,英國,A0031 貝萊德投信,貝萊德
B09081,2014-11-14,77.48999786376953,英鎊,貝萊德英國基金 A2,yfinance,未分類,英國,A0031 貝萊德投信,貝萊德
B09081,2014-11-17,77.6500015258789,英鎊,貝萊德英國基金 A2,yfinance,未分類,英國,A0031 貝萊德投信,貝萊德
B09081,2014-11-18,78.2699966430664,英鎊,貝萊德英國基金 A2,yfinance,未分類,英國,A0031 貝萊德投信,貝萊德
B09081,2014-11-19,77.98999786376953,英鎊,貝萊德英國基金 A2,yfinance,未分類,英國,A0031 貝萊德投信,貝萊德
B09081,2014-11-20,77.76000213623047,英鎊,貝萊德英國基金 A2,yfinance,未分類,英國,A0031 貝萊德投信,貝萊德
B09081,2014-11-21,78.83000183105469,英鎊,貝萊德英國基金 A2,yfinance,未分類,英國,A0031 貝萊德投信,貝萊德
B09081,2014-11-24,78.62000274658203,英鎊,貝萊德英國基金 A2,yfinance,未分類,英國,A0031 貝萊德投信,貝萊德
B09081,2014-11-25,78.94000244140625,英鎊,貝萊德英國基金 A2,yfinance,未分類,英國,A0031 貝萊德投信,貝萊德
B09081,2014-11-26,78.69999694824219,英鎊,貝萊德英國基金 A2,yfinance,未分類,英國,A0031 貝萊德投信,貝萊德
B09081,2014-11-27,79.1500015258789,英鎊,貝萊德英國基金 A2,yfinance,未分類,英國,A0031 貝萊德投信,貝萊德
B09081,2014-11-28,79.4000015258789,英鎊,貝萊德英國基金 A2,yfinance,未分類,英國,A0031 貝萊德投信,貝萊德
B09081,2014-12-01,78.87000274658203,英鎊,貝萊德英國基金 A2,yfinance,未分類,英國,A0031 貝萊德投信,貝萊德
B09081,2014-12-02,79.51000213623047,英鎊,貝萊德英國基金 A2,yfinance,未分類,英國,A0031 貝萊德投信,貝萊德
B09081,2014-12-03,79.47000122070312,英鎊,貝萊德英國基金 A2,yfinance,未分類,英國,A0031 貝萊德投信,貝萊德
B09081,2014-12-04,79.0,英鎊,貝萊德英國基金 A2,yfinance,未分類,英國,A0031 貝萊德投信,貝萊德
B09081,2014-12-05,79.66999816894531,英鎊,貝萊德英國基金 A2,yfinance,未分類,英國,A0031 貝萊德投信,貝萊德
B09081,2014-12-08,79.23999786376953,英鎊,貝萊德英國基金 A2,yfinance,未分類,英國,A0031 貝萊德投信,貝萊德
B09081,2014-12-09,77.93000030517578,英鎊,貝萊德英國基金 A2,yfinance,未分類,英國,A0031 貝萊德投信,貝萊德
B09081,2014-12-10,77.7300033569336,英鎊,貝萊德英國基金 A2,yfinance,未分類,英國,A0031 貝萊德投信,貝萊德
B09081,2014-12-11,77.19000244140625,英鎊,貝萊德英國基金 A2,yfinance,未分類,英國,A0031 貝萊德投信,貝萊德
B09081,2014-12-12,76.2300033569336,英鎊,貝萊德英國基金 A2,yfinance,未分類,英國,A0031 貝萊德投信,貝萊德
B09081,2014-12-15,75.55000305175781,英鎊,貝萊德英國基金 A2,yfinance,未分類,英國,A0031 貝萊德投信,貝萊德
B09081,2014-12-16,74.55999755859375,英鎊,貝萊德英國基金 A2,yfinance,未分類,英國,A0031 貝萊德投信,貝萊德
B09081,2014-12-17,75.72000122070312,英鎊,貝萊德英國基金 A2,yfinance,未分類,英國,A0031 貝萊德投信,貝萊德
B09081,2014-12-18,77.22000122070312,英鎊,貝萊德英國基金 A2,yfinance,未分類,英國,A0031 貝萊德投信,貝萊德
B09081,2014-12-19,77.83000183105469,英鎊,貝萊德英國基金 A2,yfinance,未分類,英國,A0031 貝萊德投信,貝萊德
B09081,2014-12-22,78.7300033569336,英鎊,貝萊德英國基金 A2,yfinance,未分類,英國,A0031 貝萊德投信,貝萊德
B09081,2014-12-23,78.86000061035156,英鎊,貝萊德英國基金 A2,yfinance,未分類,英國,A0031 貝萊德投信,貝萊德
B09081,2014-12-29,79.04000091552734,英鎊,貝萊德英國基金 A2,yfinance,未分類,英國,A0031 貝萊德投信,貝萊德
B09081,2014-12-30,78.58999633789062,英鎊,貝萊德英國基金 A2,yfinance,未分類,英國,A0031 貝萊德投信,貝萊德
B09081,2014-12-31,78.80000305175781,英鎊,貝萊德英國基金 A2,yfinance,未分類,英國,A0031 貝萊德投信,貝萊德
B03627,2014-05-19,7.100617408752441,英鎊,聯博-美國收益基金AA(穩定月配)英鎊避險級別,yfinance,未分類,美國,A0018 聯博投信,聯博(盧森堡
B03627,2014-05-20,7.105350494384766,英鎊,聯博-美國收益基金AA(穩定月配)英鎊避險級別,yfinance,未分類,美國,A0018 聯博投信,聯博(盧森堡
B03627,2014-05-21,7.100617408752441,英鎊,聯博-美國收益基金AA(穩定月配)英鎊避險級別,yfinance,未分類,美國,A0018 聯博投信,聯博(盧森堡
B03627,2014-05-22,7.095890522003174,英鎊,聯博-美國收益基金AA(穩定月配)英鎊避險級別,yfinance,未分類,美國,A0018 聯博投信,聯博(盧森堡
B03627,2014-05-23,7.105350494384766,英鎊,聯博-美國收益基金AA(穩定月配)英鎊避險級別,yfinance,未分類,美國,A0018 聯博投信,聯博(盧森堡
B03627,2014-05-27,7.110086441040039,英鎊,聯博-美國收益基金AA(穩定月配)英鎊避險級別,yfinance,未分類,美國,A0018 聯博投信,聯博(盧森堡
B03627,2014-05-28,7.143222808837891,英鎊,聯博-美國收益基金AA(穩定月配)英鎊避險級別,yfinance,未分類,美國,A0018 聯博投信,聯博(盧森堡
B03627,2014-05-30,7.133757591247559,英鎊,聯博-美國收益基金AA(穩定月配)英鎊避險級別,yfinance,未分類,美國,A0018 聯博投信,聯博(盧森堡
B03627,2014-06-02,7.114818572998047,英鎊,聯博-美國收益基金AA(穩定月配)英鎊避險級別,yfinance,未分類,美國,A0018 聯博投信,聯博(盧森堡
B03627,2014-06-03,7.095890522003174,英鎊,聯博-美國收益基金AA(穩定月配)英鎊避險級別,yfinance,未分類,美國,A0018 聯博投信,聯博(盧森堡
B03627,2014-06-04,7.095890522003174,英鎊,聯博-美國收益基金AA(穩定月配)英鎊避險級別,yfinance,未分類,美國,A0018 聯博投信,聯博(盧森堡
B03627,2014-06-05,7.100617408752441,英鎊,聯博-美國收益基金AA(穩定月配)英鎊避險級別,yfinance,未分類,美國,A0018 聯博投信,聯博(盧森堡
B03627,2014-06-06,7.110086441040039,英鎊,聯博-美國收益基金AA(穩定月配)英鎊避險級別,yfinance,未分類,美國,A0018 聯博投信,聯博(盧森堡
B03627,2014-06-10,7.105350494384766,英鎊,聯博-美國收益基金AA(穩定月配)英鎊避險級別,yfinance,未分類,美國,A0018 聯博投信,聯博(盧森堡
B03627,2014-06-11,7.105350494384766,英鎊,聯博-美國收益基金AA(穩定月配)英鎊避險級別,yfinance,未分類,美國,A0018 聯博投信,聯博(盧森堡
B03627,2014-06-12,7.114818572998047,英鎊,聯博-美國收益基金AA(穩定月配)英鎊避險級別,yfinance,未分類,美國,A0018 聯博投信,聯博(盧森堡
B03627,2014-06-13,7.110086441040039,英鎊,聯博-美國收益基金AA(穩定月配)英鎊避險級別,yfinance,未分類,美國,A0018 聯博投信,聯博(盧森堡
B03627,2014-06-16,7.110086441040039,英鎊,聯博-美國收益基金AA(穩定月配)英鎊避險級別,yfinance,未分類,美國,A0018 聯博投信,聯博(盧森堡
B03627,2014-06-17,7.100617408752441,英鎊,聯博-美國收益基金AA(穩定月配)英鎊避險級別,yfinance,未分類,美國,A0018 聯博投信,聯博(盧森堡
B03627,2014-06-18,7.110086441040039,英鎊,聯博-美國收益基金AA(穩定月配)英鎊避險級別,yfinance,未分類,美國,A0018 聯博投信,聯博(盧森堡
B03627,2014-06-19,7.110086441040039,英鎊,聯博-美國收益基金AA(穩定月配)英鎊避險級別,yfinance,未分類,美國,A0018 聯博投信,聯博(盧森堡
B03627,2014-06-20,7.114818572998047,英鎊,聯博-美國收益基金AA(穩定月配)英鎊避險級別,yfinance,未分類,美國,A0018 聯博投信,聯博(盧森堡
B03627,2014-06-24,7.129021167755127,英鎊,聯博-美國收益基金AA(穩定月配)英鎊避險級別,yfinance,未分類,美國,A0018 聯博投信,聯博(盧森堡
B03627,2014-06-25,7.133757591247559,英鎊,聯博-美國收益基金AA(穩定月配)英鎊避險級別,yfinance,未分類,美國,A0018 聯博投信,聯博(盧森堡
B03627,2014-06-26,7.143222808837891,英鎊,聯博-美國收益基金AA(穩定月配)英鎊避險級別,yfinance,未分類,美國,A0018 聯博投信,聯博(盧森堡
B03627,2014-06-27,7.143222808837891,英鎊,聯博-美國收益基金AA(穩定月配)英鎊避險級別,yfinance,未分類,美國,A0018 聯博投信,聯博(盧森堡
B03627,2014-06-30,7.150742053985596,英鎊,聯博-美國收益基金AA(穩定月配)英鎊避險級別,yfinance,未分類,美國,A0018 聯博投信,聯博(盧森堡
B03627,2014-07-01,7.1364665031433105,英鎊,聯博-美國收益基金AA(穩定月配)英鎊避險級別,yfinance,未分類,美國,A0018 聯博投信,聯博(盧森堡
B03627,2014-07-02,7.126948833465576,英鎊,聯博-美國收益基金AA(穩定月配)英鎊避險級別,yfinance,未分類,美國,A0018 聯博投信,聯博(盧森堡
B03627,2014-07-03,7.122195720672607,英鎊,聯博-美國收益基金AA(穩定月配)英鎊避險級別,yfinance,未分類,美國,A0018 聯博投信,聯博(盧森堡
B03627,2014-07-07,7.122195720672607,英鎊,聯博-美國收益基金AA(穩定月配)英鎊避險級別,yfinance,未分類,美國,A0018 聯博投信,聯博(盧森堡
B03627,2014-07-08,7.145981311798096,英鎊,聯博-美國收益基金AA(穩定月配)英鎊避險級別,yfinance,未分類,美國,A0018 聯博投信,聯博(盧森堡
B03627,2014-07-09,7.145981311798096,英鎊,聯博-美國收益基金AA(穩定月配)英鎊避險級別,yfinance,未分類,美國,A0018 聯博投信,聯博(盧森堡
B03627,2014-07-10,7.141225337982178,英鎊,聯博-美國收益基金AA(穩定月配)英鎊避險級別,yfinance,未分類,美國,A0018 聯博投信,聯博(盧森堡
B03627,2014-07-11,7.150742053985596,英鎊,聯博-美國收益基金AA(穩定月配)英鎊避險級別,yfinance,未分類,美國,A0018 聯博投信,聯博(盧森堡
B03627,2014-07-14,7.141225337982178,英鎊,聯博-美國收益基金AA(穩定月配)英鎊避險級別,yfinance,未分類,美國,A0018 聯博投信,聯博(盧森堡
B03627,2014-07-15,7.141225337982178,英鎊,聯博-美國收益基金AA(穩定月配)英鎊避險級別,yfinance,未分類,美國,A0018 聯博投信,聯博(盧森堡
B03627,2014-07-16,7.141225337982178,英鎊,聯博-美國收益基金AA(穩定月配)英鎊避險級別,yfinance,未分類,美國,A0018 聯博投信,聯博(盧森堡
B03627,2014-07-17,7.1554975509643555,英鎊,聯博-美國收益基金AA(穩定月配)英鎊避險級別,yfinance,未分類,美國,A0018 聯博投信,聯博(盧森堡
B03627,2014-07-18,7.150742053985596,英鎊,聯博-美國收益基金AA(穩定月配)英鎊避險級別,yfinance,未分類,美國,A0018 聯博投信,聯博(盧森堡
B03627,2014-07-21,7.150742053985596,英鎊,聯博-美國收益基金AA(穩定月配)英鎊避險級別,yfinance,未分類,美國,A0018 聯博投信,聯博(盧森堡
B03627,2014-07-22,7.1554975509643555,英鎊,聯博-美國收益基金AA(穩定月配)英鎊避險級別,yfinance,未分類,美國,A0018 聯博投信,聯博(盧森堡
B03627,2014-07-23,7.160255432128906,英鎊,聯博-美國收益基金AA(穩定月配)英鎊避險級別,yfinance,未分類,美國,A0018 聯博投信,聯博(盧森堡
B03627,2014-07-24,7.150742053985596,英鎊,聯博-美國收益基金AA(穩定月配)英鎊避險級別,yfinance,未分類,美國,A0018 聯博投信,聯博(盧森堡
B03627,2014-07-25,7.160255432128906,英鎊,聯博-美國收益基金AA(穩定月配)英鎊避險級別,yfinance,未分類,美國,A0018 聯博投信,聯博(盧森堡
B03627,2014-07-28,7.1554975509643555,英鎊,聯博-美國收益基金AA(穩定月配)英鎊避險級別,yfinance,未分類,美國,A0018 聯博投信,聯博(盧森堡
B03627,2014-07-29,7.165015697479248,英鎊,聯博-美國收益基金AA(穩定月配)英鎊避險級別,yfinance,未分類,美國,A0018 聯博投信,聯博(盧森堡
B03627,2014-07-30,7.141225337982178,英鎊,聯博-美國收益基金AA(穩定月配)英鎊避險級別,yfinance,未分類,美國,A0018 聯博投信,聯博(盧森堡
B03627,2014-07-31,7.1263041496276855,英鎊,聯博-美國收益基金AA(穩定月配)英鎊避險級別,yfinance,未分類,美國,A0018 聯博投信,聯博(盧森堡
B03627,2014-08-01,7.1167378425598145,英鎊,聯博-美國收益基金AA(穩定月配)英鎊避險級別,yfinance,未分類,美國,A0018 聯博投信,聯博(盧森堡
B03627,2014-08-04,7.1167378425598145,英鎊,聯博-美國收益基金AA(穩定月配)英鎊避險級別,yfinance,未分類,美國,A0018 聯博投信,聯博(盧森堡
B03627,2014-08-05,7.121518135070801,英鎊,聯博-美國收益基金AA(穩定月配)英鎊避險級別,yfinance,未分類,美國,A0018 聯博投信,聯博(盧森堡
B03627,2014-08-06,7.1167378425598145,英鎊,聯博-美國收益基金AA(穩定月配)英鎊避險級別,yfinance,未分類,美國,A0018 聯博投信,聯博(盧森堡
B03627,2014-08-07,7.1263041496276855,英鎊,聯博-美國收益基金AA(穩定月配)英鎊避險級別,yfinance,未分類,美國,A0018 聯博投信,聯博(盧森堡
B03627,2014-08-08,7.1263041496276855,英鎊,聯博-美國收益基金AA(穩定月配)英鎊避險級別,yfinance,未分類,美國,A0018 聯博投信,聯博(盧森堡
B03627,2014-08-11,7.140652179718018,英鎊,聯博-美國收益基金AA(穩定月配)英鎊避險級別,yfinance,未分類,美國,A0018 聯博投信,聯博(盧森堡
B03627,2014-08-12,7.140652179718018,英鎊,聯博-美國收益基金AA(穩定月配)英鎊避險級別,yfinance,未分類,美國,A0018 聯博投信,聯博(盧森堡
B03627,2014-08-13,7.155001163482666,英鎊,聯博-美國收益基金AA(穩定月配)英鎊避險級別,yfinance,未分類,美國,A0018 聯博投信,聯博(盧森堡
B03627,2014-08-14,7.174127578735352,英鎊,聯博-美國收益基金AA(穩定月配)英鎊避險級別,yfinance,未分類,美國,A0018 聯博投信,聯博(盧森堡
B03627,2014-08-18,7.183692932128906,英鎊,聯博-美國收益基金AA(穩定月配)英鎊避險級別,yfinance,未分類,美國,A0018 聯博投信,聯博(盧森堡
B03627,2014-08-19,7.183692932128906,英鎊,聯博-美國收益基金AA(穩定月配)英鎊避險級別,yfinance,未分類,美國,A0018 聯博投信,聯博(盧森堡
B03627,2014-08-20,7.1789116859436035,英鎊,聯博-美國收益基金AA(穩定月配)英鎊避險級別,yfinance,未分類,美國,A0018 聯博投信,聯博(盧森堡
B03627,2014-08-21,7.188480377197266,英鎊,聯博-美國收益基金AA(穩定月配)英鎊避險級別,yfinance,未分類,美國,A0018 聯博投信,聯博(盧森堡
B03627,2014-08-22,7.1932597160339355,英鎊,聯博-美國收益基金AA(穩定月配)英鎊避險級別,yfinance,未分類,美國,A0018 聯博投信,聯博(盧森堡
B03627,2014-08-26,7.202826499938965,英鎊,聯博-美國收益基金AA(穩定月配)英鎊避險級別,yfinance,未分類,美國,A0018 聯博投信,聯博(盧森堡
B03627,2014-08-27,7.212390422821045,英鎊,聯博-美國收益基金AA(穩定月配)英鎊避險級別,yfinance,未分類,美國,A0018 聯博投信,聯博(盧森堡
B03627,2014-08-28,7.221958637237549,英鎊,聯博-美國收益基金AA(穩定月配)英鎊避險級別,yfinance,未分類,美國,A0018 聯博投信,聯博(盧森堡
B03627,2014-08-29,7.221378803253174,英鎊,聯博-美國收益基金AA(穩定月配)英鎊避險級別,yfinance,未分類,美國,A0018 聯博投信,聯博(盧森堡
B03627,2014-09-02,7.202150344848633,英鎊,聯博-美國收益基金AA(穩定月配)英鎊避險級別,yfinance,未分類,美國,A0018 聯博投信,聯博(盧森堡
B03627,2014-09-03,7.202150344848633,英鎊,聯博-美國收益基金AA(穩定月配)英鎊避險級別,yfinance,未分類,美國,A0018 聯博投信,聯博(盧森堡
B03627,2014-09-04,7.1925368309021,英鎊,聯博-美國收益基金AA(穩定月配)英鎊避險級別,yfinance,未分類,美國,A0018 聯博投信,聯博(盧森堡
B03627,2014-09-05,7.1877264976501465,英鎊,聯博-美國收益基金AA(穩定月配)英鎊避險級別,yfinance,未分類,美國,A0018 聯博投信,聯博(盧森堡
B03627,2014-09-08,7.1877264976501465,英鎊,聯博-美國收益基金AA(穩定月配)英鎊避險級別,yfinance,未分類,美國,A0018 聯博投信,聯博(盧森堡
B03627,2014-09-09,7.173304557800293,英鎊,聯博-美國收益基金AA(穩定月配)英鎊避險級別,yfinance,未分類,美國,A0018 聯博投信,聯博(盧森堡
B03627,2014-09-10,7.154073238372803,英鎊,聯博-美國收益基金AA(穩定月配)英鎊避險級別,yfinance,未分類,美國,A0018 聯博投信,聯博(盧森堡
B03627,2014-09-11,7.154073238372803,英鎊,聯博-美國收益基金AA(穩定月配)英鎊避險級別,yfinance,未分類,美國,A0018 聯博投信,聯博(盧森堡
B03627,2014-09-12,7.130035877227783,英鎊,聯博-美國收益基金AA(穩定月配)英鎊避險級別,yfinance,未分類,美國,A0018 聯博投信,聯博(盧森堡
B03627,2014-09-15,7.130035877227783,英鎊,聯博-美國收益基金AA(穩定月配)英鎊避險級別,yfinance,未分類,美國,A0018 聯博投信,聯博(盧森堡
B03627,2014-09-16,7.130035877227783,英鎊,聯博-美國收益基金AA(穩定月配)英鎊避險級別,yfinance,未分類,美國,A0018 聯博投信,聯博(盧森堡
B03627,2014-09-17,7.130035877227783,英鎊,聯博-美國收益基金AA(穩定月配)英鎊避險級別,yfinance,未分類,美國,A0018 聯博投信,聯博(盧森堡
B03627,2014-09-18,7.130035877227783,英鎊,聯博-美國收益基金AA(穩定月配)英鎊避險級別,yfinance,未分類,美國,A0018 聯博投信,聯博(盧森堡
B03627,2014-09-19,7.144453525543213,英鎊,聯博-美國收益基金AA(穩定月配)英鎊避險級別,yfinance,未分類,美國,A0018 聯博投信,聯博(盧森堡
B03627,2014-09-22,7.149265289306641,英鎊,聯博-美國收益基金AA(穩定月配)英鎊避險級別,yfinance,未分類,美國,A0018 聯博投信,聯博(盧森堡
B03627,2014-09-23,7.144453525543213,英鎊,聯博-美國收益基金AA(穩定月配)英鎊避險級別,yfinance,未分類,美國,A0018 聯博投信,聯博(盧森堡
B03627,2014-09-24,7.134843349456787,英鎊,聯博-美國收益基金AA(穩定月配)英鎊避險級別,yfinance,未分類,美國,A0018 聯博投信,聯博(盧森堡
B03627,2014-09-25,7.134843349456787,英鎊,聯博-美國收益基金AA(穩定月配)英鎊避險級別,yfinance,未分類,美國,A0018 聯博投信,聯博(盧森堡
B03627,2014-09-26,7.120420932769775,英鎊,聯博-美國收益基金AA(穩定月配)英鎊避險級別,yfinance,未分類,美國,A0018 聯博投信,聯博(盧森堡
B03627,2014-09-29,7.1156086921691895,英鎊,聯博-美國收益基金AA(穩定月配)英鎊避險級別,yfinance,未分類,美國,A0018 聯博投信,聯博(盧森堡
B03627,2014-09-30,7.115030765533447,英鎊,聯博-美國收益基金AA(穩定月配)英鎊避險級別,yfinance,未分類,美國,A0018 聯博投信,聯博(盧森堡
B03627,2014-10-01,7.13919734954834,英鎊,聯博-美國收益基金AA(穩定月配)英鎊避險級別,yfinance,未分類,美國,A0018 聯博投信,聯博(盧森堡
B03627,2014-10-02,7.13919734954834,英鎊,聯博-美國收益基金AA(穩定月配)英鎊避險級別,yfinance,未分類,美國,A0018 聯博投信,聯博(盧森堡
B03627,2014-10-03,7.14402961730957,英鎊,聯博-美國收益基金AA(穩定月配)英鎊避險級別,yfinance,未分類,美國,A0018 聯博投信,聯博(盧森堡
B03627,2014-10-06,7.15853214263916,英鎊,聯博-美國收益基金AA(穩定月配)英鎊避險級別,yfinance,未分類,美國,A0018 聯博投信,聯博(盧森堡
B03627,2014-10-07,7.173031806945801,英鎊,聯博-美國收益基金AA(穩定月配)英鎊避險級別,yfinance,未分類,美國,A0018 聯博投信,聯博(盧森堡
B03627,2014-10-08,7.173031806945801,英鎊,聯博-美國收益基金AA(穩定月配)英鎊避險級別,yfinance,未分類,美國,A0018 聯博投信,聯博(盧森堡
B03627,2014-10-09,7.1682000160217285,英鎊,聯博-美國收益基金AA(穩定月配)英鎊避險級別,yfinance,未分類,美國,A0018 聯博投信,聯博(盧森堡
B03627,2014-10-10,7.15853214263916,英鎊,聯博-美國收益基金AA(穩定月配)英鎊避險級別,yfinance,未分類,美國,A0018 聯博投信,聯博(盧森堡
B03627,2014-10-13,7.177864074707031,英鎊,聯博-美國收益基金AA(穩定月配)英鎊避險級別,yfinance,未分類,美國,A0018 聯博投信,聯博(盧森堡
B03627,2014-10-14,7.173031806945801,英鎊,聯博-美國收益基金AA(穩定月配)英鎊避險級別,yfinance,未分類,美國,A0018 聯博投信,聯博(盧森堡
B03627,2014-10-15,7.18269681930542,英鎊,聯博-美國收益基金AA(穩定月配)英鎊避險級別,yfinance,未分類,美國,A0018 聯博投信,聯博(盧森堡
B03627,2014-10-16,7.163365840911865,英鎊,聯博-美國收益基金AA(穩定月配)英鎊避險級別,yfinance,未分類,美國,A0018 聯博投信,聯博(盧森堡
B03627,2014-10-17,7.18269681930542,英鎊,聯博-美國收益基金AA(穩定月配)英鎊避險級別,yfinance,未分類,美國,A0018 聯博投信,聯博(盧森堡
B03627,2014-10-20,7.187535762786865,英鎊,聯博-美國收益基金AA(穩定月配)英鎊避險級別,yfinance,未分類,美國,A0018 聯博投信,聯博(盧森堡
B03627,2014-10-21,7.197198867797852,英鎊,聯博-美國收益基金AA(穩定月配)英鎊避險級別,yfinance,未分類,美國,A0018 聯博投信,聯博(盧森堡
B03627,2014-10-22,7.197198867797852,英鎊,聯博-美國收益基金AA(穩定月配)英鎊避險級別,yfinance,未分類,美國,A0018 聯博投信,聯博(盧森堡
B03627,2014-10-23,7.187535762786865,英鎊,聯博-美國收益基金AA(穩定月配)英鎊避險級別,yfinance,未分類,美國,A0018 聯博投信,聯博(盧森堡
B03627,2014-10-24,7.192368507385254,英鎊,聯博-美國收益基金AA(穩定月配)英鎊避險級別,yfinance,未分類,美國,A0018 聯博投信,聯博(盧森堡
B03627,2014-10-27,7.197198867797852,英鎊,聯博-美國收益基金AA(穩定月配)英鎊避險級別,yfinance,未分類,美國,A0018 聯博投信,聯博(盧森堡
B03627,2014-10-28,7.187535762786865,英鎊,聯博-美國收益基金AA(穩定月配)英鎊避險級別,yfinance,未分類,美國,A0018 聯博投信,聯博(盧森堡
B03627,2014-10-29,7.187535762786865,英鎊,聯博-美國收益基金AA(穩定月配)英鎊避險級別,yfinance,未分類,美國,A0018 聯博投信,聯博(盧森堡
B03627,2014-10-30,7.187535762786865,英鎊,聯博-美國收益基金AA(穩定月配)英鎊避險級別,yfinance,未分類,美國,A0018 聯博投信,聯博(盧森堡
B03627,2014-10-31,7.182088375091553,英鎊,聯博-美國收益基金AA(穩定月配)英鎊避險級別,yfinance,未分類,美國,A0018 聯博投信,聯博(盧森堡
B03627,2014-11-03,7.182088375091553,英鎊,聯博-美國收益基金AA(穩定月配)英鎊避險級別,yfinance,未分類,美國,A0018 聯博投信,聯博(盧森堡
B03627,2014-11-04,7.177234172821045,英鎊,聯博-美國收益基金AA(穩定月配)英鎊避險級別,yfinance,未分類,美國,A0018 聯博投信,聯博(盧森堡
B03627,2014-11-05,7.17236852645874,英鎊,聯博-美國收益基金AA(穩定月配)英鎊避險級別,yfinance,未分類,美國,A0018 聯博投信,聯博(盧森堡
B03627,2014-11-06,7.1675124168396,英鎊,聯博-美國收益基金AA(穩定月配)英鎊避險級別,yfinance,未分類,美國,A0018 聯博投信,聯博(盧森堡
B03627,2014-11-07,7.182088375091553,英鎊,聯博-美國收益基金AA(穩定月配)英鎊避險級別,yfinance,未分類,美國,A0018 聯博投信,聯博(盧森堡
B03627,2014-11-10,7.177234172821045,英鎊,聯博-美國收益基金AA(穩定月配)英鎊避險級別,yfinance,未分類,美國,A0018 聯博投信,聯博(盧森堡
B03627,2014-11-11,7.17236852645874,英鎊,聯博-美國收益基金AA(穩定月配)英鎊避險級別,yfinance,未分類,美國,A0018 聯博投信,聯博(盧森堡
B03627,2014-11-12,7.177234172821045,英鎊,聯博-美國收益基金AA(穩定月配)英鎊避險級別,yfinance,未分類,美國,A0018 聯博投信,聯博(盧森堡
B03627,2014-11-13,7.177234172821045,英鎊,聯博-美國收益基金AA(穩定月配)英鎊避險級別,yfinance,未分類,美國,A0018 聯博投信,聯博(盧森堡
B03627,2014-11-14,7.177234172821045,英鎊,聯博-美國收益基金AA(穩定月配)英鎊避險級別,yfinance,未分類,美國,A0018 聯博投信,聯博(盧森堡
B03627,2014-11-17,7.1675124168396,英鎊,聯博-美國收益基金AA(穩定月配)英鎊避險級別,yfinance,未分類,美國,A0018 聯博投信,聯博(盧森堡
B03627,2014-11-18,7.1675124168396,英鎊,聯博-美國收益基金AA(穩定月配)英鎊避險級別,yfinance,未分類,美國,A0018 聯博投信,聯博(盧森堡
B03627,2014-11-19,7.152936935424805,英鎊,聯博-美國收益基金AA(穩定月配)英鎊避險級別,yfinance,未分類,美國,A0018 聯博投信,聯博(盧森堡
B03627,2014-11-20,7.152936935424805,英鎊,聯博-美國收益基金AA(穩定月配)英鎊避險級別,yfinance,未分類,美國,A0018 聯博投信,聯博(盧森堡
B03627,2014-11-21,7.1675124168396,英鎊,聯博-美國收益基金AA(穩定月配)英鎊避險級別,yfinance,未分類,美國,A0018 聯博投信,聯博(盧森堡
B03627,2014-11-24,7.17236852645874,英鎊,聯博-美國收益基金AA(穩定月配)英鎊避險級別,yfinance,未分類,美國,A0018 聯博投信,聯博(盧森堡
B03627,2014-11-25,7.186949729919434,英鎊,聯博-美國收益基金AA(穩定月配)英鎊避險級別,yfinance,未分類,美國,A0018 聯博投信,聯博(盧森堡
B03627,2014-11-26,7.196667671203613,英鎊,聯博-美國收益基金AA(穩定月配)英鎊避險級別,yfinance,未分類,美國,A0018 聯博投信,聯博(盧森堡
B03627,2014-11-28,7.162654399871826,英鎊,聯博-美國收益基金AA(穩定月配)英鎊避險級別,yfinance,未分類,美國,A0018 聯博投信,聯博(盧森堡
B03627,2014-12-01,7.13835334777832,英鎊,聯博-美國收益基金AA(穩定月配)英鎊避險級別,yfinance,未分類,美國,A0018 聯博投信,聯博(盧森堡
B03627,2014-12-02,7.118917465209961,英鎊,聯博-美國收益基金AA(穩定月配)英鎊避險級別,yfinance,未分類,美國,A0018 聯博投信,聯博(盧森堡
B03627,2014-12-03,7.123779296875,英鎊,聯博-美國收益基金AA(穩定月配)英鎊避險級別,yfinance,未分類,美國,A0018 聯博投信,聯博(盧森堡
B03627,2014-12-04,7.128639221191406,英鎊,聯博-美國收益基金AA(穩定月配)英鎊避險級別,yfinance,未分類,美國,A0018 聯博投信,聯博(盧森堡
B03627,2014-12-05,7.114059925079346,英鎊,聯博-美國收益基金AA(穩定月配)英鎊避險級別,yfinance,未分類,美國,A0018 聯博投信,聯博(盧森堡
B03627,2014-12-08,7.114059925079346,英鎊,聯博-美國收益基金AA(穩定月配)英鎊避險級別,yfinance,未分類,美國,A0018 聯博投信,聯博(盧森堡
B03627,2014-12-09,7.104337692260742,英鎊,聯博-美國收益基金AA(穩定月配)英鎊避險級別,yfinance,未分類,美國,A0018 聯博投信,聯博(盧森堡
B03627,2014-12-10,7.099483966827393,英鎊,聯博-美國收益基金AA(穩定月配)英鎊避險級別,yfinance,未分類,美國,A0018 聯博投信,聯博(盧森堡
B03627,2014-12-11,7.08976411819458,英鎊,聯博-美國收益基金AA(穩定月配)英鎊避險級別,yfinance,未分類,美國,A0018 聯博投信,聯博(盧森堡
B03627,2014-12-12,7.08976411819458,英鎊,聯博-美國收益基金AA(穩定月配)英鎊避險級別,yfinance,未分類,美國,A0018 聯博投信,聯博(盧森堡
B03627,2014-12-15,7.065463066101074,英鎊,聯博-美國收益基金AA(穩定月配)英鎊避險級別,yfinance,未分類,美國,A0018 聯博投信,聯博(盧森堡
B03627,2014-12-16,7.05574893951416,英鎊,聯博-美國收益基金AA(穩定月配)英鎊避險級別,yfinance,未分類,美國,A0018 聯博投信,聯博(盧森堡
B03627,2014-12-17,7.065463066101074,英鎊,聯博-美國收益基金AA(穩定月配)英鎊避險級別,yfinance,未分類,美國,A0018 聯博投信,聯博(盧森堡
B03627,2014-12-18,7.08490514755249,英鎊,聯博-美國收益基金AA(穩定月配)英鎊避險級別,yfinance,未分類,美國,A0018 聯博投信,聯博(盧森堡
B03627,2014-12-19,7.104337692260742,英鎊,聯博-美國收益基金AA(穩定月配)英鎊避險級別,yfinance,未分類,美國,A0018 聯博投信,聯博(盧森堡
B03627,2014-12-22,7.114059925079346,英鎊,聯博-美國收益基金AA(穩定月配)英鎊避險級別,yfinance,未分類,美國,A0018 聯博投信,聯博(盧森堡
B03627,2014-12-23,7.099483966827393,英鎊,聯博-美國收益基金AA(穩定月配)英鎊避險級別,yfinance,未分類,美國,A0018 聯博投信,聯博(盧森堡
B03627,2014-12-24,7.104337692260742,英鎊,聯博-美國收益基金AA(穩定月配)英鎊避險級別,yfinance,未分類,美國,A0018 聯博投信,聯博(盧森堡
B03627,2014-12-29,7.118917465209961,英鎊,聯博-美國收益基金AA(穩定月配)英鎊避險級別,yfinance,未分類,美國,A0018 聯博投信,聯博(盧森堡
B03627,2014-12-30,7.123779296875,英鎊,聯博-美國收益基金AA(穩定月配)英鎊避險級別,yfinance,未分類,美國,A0018 聯博投信,聯博(盧森堡
B03627,2014-12-31,7.123192310333252,英鎊,聯博-美國收益基金AA(穩定月配)英鎊避險級別,yfinance,未分類,美國,A0018 聯博投信,聯博(盧森堡
B24089,2014-01-02,5.763999938964844,英鎊,霸菱德國增長基金-A類英鎊累積型,yfinance,股票型,歐洲(含歐元區),B0149 霸菱投顧,霸菱
B24089,2014-01-03,5.757999897003174,英鎊,霸菱德國增長基金-A類英鎊累積型,yfinance,股票型,歐洲(含歐元區),B0149 霸菱投顧,霸菱
B24089,2014-01-06,5.791999816894531,英鎊,霸菱德國增長基金-A類英鎊累積型,yfinance,股票型,歐洲(含歐元區),B0149 霸菱投顧,霸菱
B24089,2014-01-07,5.803999900817871,英鎊,霸菱德國增長基金-A類英鎊累積型,yfinance,股票型,歐洲(含歐元區),B0149 霸菱投顧,霸菱
B24089,2014-01-08,5.7779998779296875,英鎊,霸菱德國增長基金-A類英鎊累積型,yfinance,股票型,歐洲(含歐元區),B0149 霸菱投顧,霸菱
B24089,2014-01-09,5.796000003814697,英鎊,霸菱德國增長基金-A類英鎊累積型,yfinance,股票型,歐洲(含歐元區),B0149 霸菱投顧,霸菱
B24089,2014-01-10,5.810999870300293,英鎊,霸菱德國增長基金-A類英鎊累積型,yfinance,股票型,歐洲(含歐元區),B0149 霸菱投顧,霸菱
B24089,2014-01-13,5.833000183105469,英鎊,霸菱德國增長基金-A類英鎊累積型,yfinance,股票型,歐洲(含歐元區),B0149 霸菱投顧,霸菱
B24089,2014-01-14,5.816999912261963,英鎊,霸菱德國增長基金-A類英鎊累積型,yfinance,股票型,歐洲(含歐元區),B0149 霸菱投顧,霸菱
B24089,2014-01-15,5.90500020980835,英鎊,霸菱德國增長基金-A類英鎊累積型,yfinance,股票型,歐洲(含歐元區),B0149 霸菱投顧,霸菱
B24089,2014-01-16,5.9679999351501465,英鎊,霸菱德國增長基金-A類英鎊累積型,yfinance,股票型,歐洲(含歐元區),B0149 霸菱投顧,霸菱
B24089,2014-01-17,5.954999923706055,英鎊,霸菱德國增長基金-A類英鎊累積型,yfinance,股票型,歐洲(含歐元區),B0149 霸菱投顧,霸菱
B24089,2014-01-20,5.915999889373779,英鎊,霸菱德國增長基金-A類英鎊累積型,yfinance,股票型,歐洲(含歐元區),B0149 霸菱投顧,霸菱
B24089,2014-01-21,5.920000076293945,英鎊,霸菱德國增長基金-A類英鎊累積型,yfinance,股票型,歐洲(含歐元區),B0149 霸菱投顧,霸菱
B24089,2014-01-22,5.874000072479248,英鎊,霸菱德國增長基金-A類英鎊累積型,yfinance,股票型,歐洲(含歐元區),B0149 霸菱投顧,霸菱
B24089,2014-01-23,5.86899995803833,英鎊,霸菱德國增長基金-A類英鎊累積型,yfinance,股票型,歐洲(含歐元區),B0149 霸菱投顧,霸菱
B24089,2014-01-24,5.788000106811523,英鎊,霸菱德國增長基金-A類英鎊累積型,yfinance,股票型,歐洲(含歐元區),B0149 霸菱投顧,霸菱
B24089,2014-01-27,5.677000045776367,英鎊,霸菱德國增長基金-A類英鎊累積型,yfinance,股票型,歐洲(含歐元區),B0149 霸菱投顧,霸菱
B24089,2014-01-28,5.71999979019165,英鎊,霸菱德國增長基金-A類英鎊累積型,yfinance,股票型,歐洲(含歐元區),B0149 霸菱投顧,霸菱
B24089,2014-01-29,5.755000114440918,英鎊,霸菱德國增長基金-A類英鎊累積型,yfinance,股票型,歐洲(含歐元區),B0149 霸菱投顧,霸菱
B24089,2014-01-30,5.682000160217285,英鎊,霸菱德國增長基金-A類英鎊累積型,yfinance,股票型,歐洲(含歐元區),B0149 霸菱投顧,霸菱
B24089,2014-01-31,5.613999843597412,英鎊,霸菱德國增長基金-A類英鎊累積型,yfinance,股票型,歐洲(含歐元區),B0149 霸菱投顧,霸菱
B24089,2014-02-03,5.695000171661377,英鎊,霸菱德國增長基金-A類英鎊累積型,yfinance,股票型,歐洲(含歐元區),B0149 霸菱投顧,霸菱
B24089,2014-02-04,5.572999954223633,英鎊,霸菱德國增長基金-A類英鎊累積型,yfinance,股票型,歐洲(含歐元區),B0149 霸菱投顧,霸菱
B24089,2014-02-05,5.624000072479248,英鎊,霸菱德國增長基金-A類英鎊累積型,yfinance,股票型,歐洲(含歐元區),B0149 霸菱投顧,霸菱
B24089,2014-02-06,5.675000190734863,英鎊,霸菱德國增長基金-A類英鎊累積型,yfinance,股票型,歐洲(含歐元區),B0149 霸菱投顧,霸菱
B24089,2014-02-07,5.730999946594238,英鎊,霸菱德國增長基金-A類英鎊累積型,yfinance,股票型,歐洲(含歐元區),B0149 霸菱投顧,霸菱
B24089,2014-02-10,5.754000186920166,英鎊,霸菱德國增長基金-A類英鎊累積型,yfinance,股票型,歐洲(含歐元區),B0149 霸菱投顧,霸菱
B24089,2014-02-11,5.808000087738037,英鎊,霸菱德國增長基金-A類英鎊累積型,yfinance,股票型,歐洲(含歐元區),B0149 霸菱投顧,霸菱
B24089,2014-02-12,5.802999973297119,英鎊,霸菱德國增長基金-A類英鎊累積型,yfinance,股票型,歐洲(含歐元區),B0149 霸菱投顧,霸菱
B24089,2014-02-13,5.7829999923706055,英鎊,霸菱德國增長基金-A類英鎊累積型,yfinance,股票型,歐洲(含歐元區),B0149 霸菱投顧,霸菱
B24089,2014-02-14,5.861999988555908,英鎊,霸菱德國增長基金-A類英鎊累積型,yfinance,股票型,歐洲(含歐元區),B0149 霸菱投顧,霸菱
B24089,2014-02-17,5.863999843597412,英鎊,霸菱德國增長基金-A類英鎊累積型,yfinance,股票型,歐洲(含歐元區),B0149 霸菱投顧,霸菱
B24089,2014-02-18,5.874000072479248,英鎊,霸菱德國增長基金-A類英鎊累積型,yfinance,股票型,歐洲(含歐元區),B0149 霸菱投顧,霸菱
B24089,2014-02-19,5.867000102996826,英鎊,霸菱德國增長基金-A類英鎊累積型,yfinance,股票型,歐洲(含歐元區),B0149 霸菱投顧,霸菱
B24089,2014-02-20,5.801000118255615,英鎊,霸菱德國增長基金-A類英鎊累積型,yfinance,股票型,歐洲(含歐元區),B0149 霸菱投顧,霸菱
B24089,2014-02-21,5.861000061035156,英鎊,霸菱德國增長基金-A類英鎊累積型,yfinance,股票型,歐洲(含歐元區),B0149 霸菱投顧,霸菱
B24089,2014-02-24,5.89900016784668,英鎊,霸菱德國增長基金-A類英鎊累積型,yfinance,股票型,歐洲(含歐元區),B0149 霸菱投顧,霸菱
B24089,2014-02-25,5.895999908447266,英鎊,霸菱德國增長基金-A類英鎊累積型,yfinance,股票型,歐洲(含歐元區),B0149 霸菱投顧,霸菱
B24089,2014-02-26,5.906000137329102,英鎊,霸菱德國增長基金-A類英鎊累積型,yfinance,股票型,歐洲(含歐元區),B0149 霸菱投顧,霸菱
B24089,2014-02-27,5.802000045776367,英鎊,霸菱德國增長基金-A類英鎊累積型,yfinance,股票型,歐洲(含歐元區),B0149 霸菱投顧,霸菱
B24089,2014-02-28,5.885000228881836,英鎊,霸菱德國增長基金-A類英鎊累積型,yfinance,股票型,歐洲(含歐元區),B0149 霸菱投顧,霸菱
B24089,2014-03-03,5.745999813079834,英鎊,霸菱德國增長基金-A類英鎊累積型,yfinance,股票型,歐洲(含歐元區),B0149 霸菱投顧,霸菱
B24089,2014-03-04,5.854000091552734,英鎊,霸菱德國增長基金-A類英鎊累積型,yfinance,股票型,歐洲(含歐元區),B0149 霸菱投顧,霸菱
B24089,2014-03-05,5.849999904632568,英鎊,霸菱德國增長基金-A類英鎊累積型,yfinance,股票型,歐洲(含歐元區),B0149 霸菱投顧,霸菱
B24089,2014-03-06,5.881999969482422,英鎊,霸菱德國增長基金-A類英鎊累積型,yfinance,股票型,歐洲(含歐元區),B0149 霸菱投顧,霸菱
B24089,2014-03-07,5.88700008392334,英鎊,霸菱德國增長基金-A類英鎊累積型,yfinance,股票型,歐洲(含歐元區),B0149 霸菱投顧,霸菱
B24089,2014-03-10,5.816999912261963,英鎊,霸菱德國增長基金-A類英鎊累積型,yfinance,股票型,歐洲(含歐元區),B0149 霸菱投顧,霸菱
B24089,2014-03-11,5.794000148773193,英鎊,霸菱德國增長基金-A類英鎊累積型,yfinance,股票型,歐洲(含歐元區),B0149 霸菱投顧,霸菱
B24089,2014-03-12,5.744999885559082,英鎊,霸菱德國增長基金-A類英鎊累積型,yfinance,股票型,歐洲(含歐元區),B0149 霸菱投顧,霸菱
B24089,2014-03-13,5.755000114440918,英鎊,霸菱德國增長基金-A類英鎊累積型,yfinance,股票型,歐洲(含歐元區),B0149 霸菱投顧,霸菱
B24089,2014-03-14,5.61299991607666,英鎊,霸菱德國增長基金-A類英鎊累積型,yfinance,股票型,歐洲(含歐元區),B0149 霸菱投顧,霸菱
B24089,2014-03-17,5.710000038146973,英鎊,霸菱德國增長基金-A類英鎊累積型,yfinance,股票型,歐洲(含歐元區),B0149 霸菱投顧,霸菱
B24089,2014-03-18,5.785999774932861,英鎊,霸菱德國增長基金-A類英鎊累積型,yfinance,股票型,歐洲(含歐元區),B0149 霸菱投顧,霸菱
B24089,2014-03-19,5.828000068664551,英鎊,霸菱德國增長基金-A類英鎊累積型,yfinance,股票型,歐洲(含歐元區),B0149 霸菱投顧,霸菱
B24089,2014-03-20,5.761000156402588,英鎊,霸菱德國增長基金-A類英鎊累積型,yfinance,股票型,歐洲(含歐元區),B0149 霸菱投顧,霸菱
B24089,2014-03-21,5.8480000495910645,英鎊,霸菱德國增長基金-A類英鎊累積型,yfinance,股票型,歐洲(含歐元區),B0149 霸菱投顧,霸菱
B24089,2014-03-24,5.797999858856201,英鎊,霸菱德國增長基金-A類英鎊累積型,yfinance,股票型,歐洲(含歐元區),B0149 霸菱投顧,霸菱
B24089,2014-03-25,5.817999839782715,英鎊,霸菱德國增長基金-A類英鎊累積型,yfinance,股票型,歐洲(含歐元區),B0149 霸菱投顧,霸菱
B24089,2014-03-26,5.875999927520752,英鎊,霸菱德國增長基金-A類英鎊累積型,yfinance,股票型,歐洲(含歐元區),B0149 霸菱投顧,霸菱
B24089,2014-03-27,5.811999797821045,英鎊,霸菱德國增長基金-A類英鎊累積型,yfinance,股票型,歐洲(含歐元區),B0149 霸菱投顧,霸菱
B24089,2014-03-28,5.8480000495910645,英鎊,霸菱德國增長基金-A類英鎊累積型,yfinance,股票型,歐洲(含歐元區),B0149 霸菱投顧,霸菱
B24089,2014-03-31,5.9070000648498535,英鎊,霸菱德國增長基金-A類英鎊累積型,yfinance,股票型,歐洲(含歐元區),B0149 霸菱投顧,霸菱
B24089,2014-04-01,5.936999797821045,英鎊,霸菱德國增長基金-A類英鎊累積型,yfinance,股票型,歐洲(含歐元區),B0149 霸菱投顧,霸菱
B24089,2014-04-02,5.953999996185303,英鎊,霸菱德國增長基金-A類英鎊累積型,yfinance,股票型,歐洲(含歐元區),B0149 霸菱投顧,霸菱
B24089,2014-04-03,5.954999923706055,英鎊,霸菱德國增長基金-A類英鎊累積型,yfinance,股票型,歐洲(含歐元區),B0149 霸菱投顧,霸菱
B24089,2014-04-04,5.961999893188477,英鎊,霸菱德國增長基金-A類英鎊累積型,yfinance,股票型,歐洲(含歐元區),B0149 霸菱投顧,霸菱
B24089,2014-04-07,5.927000045776367,英鎊,霸菱德國增長基金-A類英鎊累積型,yfinance,股票型,歐洲(含歐元區),B0149 霸菱投顧,霸菱
B24089,2014-04-08,5.765999794006348,英鎊,霸菱德國增長基金-A類英鎊累積型,yfinance,股票型,歐洲(含歐元區),B0149 霸菱投顧,霸菱
B24089,2014-04-09,5.855000019073486,英鎊,霸菱德國增長基金-A類英鎊累積型,yfinance,股票型,歐洲(含歐元區),B0149 霸菱投顧,霸菱
B24089,2014-04-10,5.883999824523926,英鎊,霸菱德國增長基金-A類英鎊累積型,yfinance,股票型,歐洲(含歐元區),B0149 霸菱投顧,霸菱
B24089,2014-04-11,5.77400016784668,英鎊,霸菱德國增長基金-A類英鎊累積型,yfinance,股票型,歐洲(含歐元區),B0149 霸菱投顧,霸菱
B24089,2014-04-14,5.690000057220459,英鎊,霸菱德國增長基金-A類英鎊累積型,yfinance,股票型,歐洲(含歐元區),B0149 霸菱投顧,霸菱
B24089,2014-04-15,5.685999870300293,英鎊,霸菱德國增長基金-A類英鎊累積型,yfinance,股票型,歐洲(含歐元區),B0149 霸菱投顧,霸菱
B24089,2014-04-16,5.6579999923706055,英鎊,霸菱德國增長基金-A類英鎊累積型,yfinance,股票型,歐洲(含歐元區),B0149 霸菱投顧,霸菱
B24089,2014-04-17,5.715000152587891,英鎊,霸菱德國增長基金-A類英鎊累積型,yfinance,股票型,歐洲(含歐元區),B0149 霸菱投顧,霸菱
B24089,2014-04-22,5.8470001220703125,英鎊,霸菱德國增長基金-A類英鎊累積型,yfinance,股票型,歐洲(含歐元區),B0149 霸菱投顧,霸菱
B24089,2014-04-23,5.86299991607666,英鎊,霸菱德國增長基金-A類英鎊累積型,yfinance,股票型,歐洲(含歐元區),B0149 霸菱投顧,霸菱
B24089,2014-04-24,5.895999908447266,英鎊,霸菱德國增長基金-A類英鎊累積型,yfinance,股票型,歐洲(含歐元區),B0149 霸菱投顧,霸菱
B24089,2014-04-25,5.793000221252441,英鎊,霸菱德國增長基金-A類英鎊累積型,yfinance,股票型,歐洲(含歐元區),B0149 霸菱投顧,霸菱
B24089,2014-04-28,5.802000045776367,英鎊,霸菱德國增長基金-A類英鎊累積型,yfinance,股票型,歐洲(含歐元區),B0149 霸菱投顧,霸菱
B24089,2014-04-29,5.860000133514404,英鎊,霸菱德國增長基金-A類英鎊累積型,yfinance,股票型,歐洲(含歐元區),B0149 霸菱投顧,霸菱
B24089,2014-04-30,5.849999904632568,英鎊,霸菱德國增長基金-A類英鎊累積型,yfinance,股票型,歐洲(含歐元區),B0149 霸菱投顧,霸菱
B24089,2014-05-01,5.848999977111816,英鎊,霸菱德國增長基金-A類英鎊累積型,yfinance,股票型,歐洲(含歐元區),B0149 霸菱投顧,霸菱
B24089,2014-05-02,5.863999843597412,英鎊,霸菱德國增長基金-A類英鎊累積型,yfinance,股票型,歐洲(含歐元區),B0149 霸菱投顧,霸菱
B24089,2014-05-06,5.831999778747559,英鎊,霸菱德國增長基金-A類英鎊累積型,yfinance,股票型,歐洲(含歐元區),B0149 霸菱投顧,霸菱
B24089,2014-05-07,5.781000137329102,英鎊,霸菱德國增長基金-A類英鎊累積型,yfinance,股票型,歐洲(含歐元區),B0149 霸菱投顧,霸菱
B24089,2014-05-08,5.815999984741211,英鎊,霸菱德國增長基金-A類英鎊累積型,yfinance,股票型,歐洲(含歐元區),B0149 霸菱投顧,霸菱
B24089,2014-05-09,5.789999961853027,英鎊,霸菱德國增長基金-A類英鎊累積型,yfinance,股票型,歐洲(含歐元區),B0149 霸菱投顧,霸菱
B24089,2014-05-12,5.834000110626221,英鎊,霸菱德國增長基金-A類英鎊累積型,yfinance,股票型,歐洲(含歐元區),B0149 霸菱投顧,霸菱
B24089,2014-05-13,5.882999897003174,英鎊,霸菱德國增長基金-A類英鎊累積型,yfinance,股票型,歐洲(含歐元區),B0149 霸菱投顧,霸菱
B24089,2014-05-14,5.885000228881836,英鎊,霸菱德國增長基金-A類英鎊累積型,yfinance,股票型,歐洲(含歐元區),B0149 霸菱投顧,霸菱
B24089,2014-05-15,5.885000228881836,英鎊,霸菱德國增長基金-A類英鎊累積型,yfinance,股票型,歐洲(含歐元區),B0149 霸菱投顧,霸菱
B24089,2014-05-16,5.764999866485596,英鎊,霸菱德國增長基金-A類英鎊累積型,yfinance,股票型,歐洲(含歐元區),B0149 霸菱投顧,霸菱
B24089,2014-05-19,5.756999969482422,英鎊,霸菱德國增長基金-A類英鎊累積型,yfinance,股票型,歐洲(含歐元區),B0149 霸菱投顧,霸菱
B24089,2014-05-20,5.7829999923706055,英鎊,霸菱德國增長基金-A類英鎊累積型,yfinance,股票型,歐洲(含歐元區),B0149 霸菱投顧,霸菱
B24089,2014-05-21,5.742000102996826,英鎊,霸菱德國增長基金-A類英鎊累積型,yfinance,股票型,歐洲(含歐元區),B0149 霸菱投顧,霸菱
B24089,2014-05-22,5.793000221252441,英鎊,霸菱德國增長基金-A類英鎊累積型,yfinance,股票型,歐洲(含歐元區),B0149 霸菱投顧,霸菱
B24089,2014-05-23,5.804999828338623,英鎊,霸菱德國增長基金-A類英鎊累積型,yfinance,股票型,歐洲(含歐元區),B0149 霸菱投顧,霸菱
B24089,2014-05-27,5.942999839782715,英鎊,霸菱德國增長基金-A類英鎊累積型,yfinance,股票型,歐洲(含歐元區),B0149 霸菱投顧,霸菱
B24089,2014-05-28,5.97599983215332,英鎊,霸菱德國增長基金-A類英鎊累積型,yfinance,股票型,歐洲(含歐元區),B0149 霸菱投顧,霸菱
B24089,2014-05-29,5.98799991607666,英鎊,霸菱德國增長基金-A類英鎊累積型,yfinance,股票型,歐洲(含歐元區),B0149 霸菱投顧,霸菱
B24089,2014-05-30,5.988999843597412,英鎊,霸菱德國增長基金-A類英鎊累積型,yfinance,股票型,歐洲(含歐元區),B0149 霸菱投顧,霸菱
B24089,2014-06-02,5.995999813079834,英鎊,霸菱德國增長基金-A類英鎊累積型,yfinance,股票型,歐洲(含歐元區),B0149 霸菱投顧,霸菱
B24089,2014-06-03,5.9629998207092285,英鎊,霸菱德國增長基金-A類英鎊累積型,yfinance,股票型,歐洲(含歐元區),B0149 霸菱投顧,霸菱
B24089,2014-06-04,5.966000080108643,英鎊,霸菱德國增長基金-A類英鎊累積型,yfinance,股票型,歐洲(含歐元區),B0149 霸菱投顧,霸菱
B24089,2014-06-05,5.973999977111816,英鎊,霸菱德國增長基金-A類英鎊累積型,yfinance,股票型,歐洲(含歐元區),B0149 霸菱投顧,霸菱
B24089,2014-06-06,6.0320000648498535,英鎊,霸菱德國增長基金-A類英鎊累積型,yfinance,股票型,歐洲(含歐元區),B0149 霸菱投顧,霸菱
B24089,2014-06-09,6.03000020980835,英鎊,霸菱德國增長基金-A類英鎊累積型,yfinance,股票型,歐洲(含歐元區),B0149 霸菱投顧,霸菱
B24089,2014-06-10,6.019000053405762,英鎊,霸菱德國增長基金-A類英鎊累積型,yfinance,股票型,歐洲(含歐元區),B0149 霸菱投顧,霸菱
B24089,2014-06-11,5.931000232696533,英鎊,霸菱德國增長基金-A類英鎊累積型,yfinance,股票型,歐洲(含歐元區),B0149 霸菱投顧,霸菱
B24089,2014-06-12,5.916999816894531,英鎊,霸菱德國增長基金-A類英鎊累積型,yfinance,股票型,歐洲(含歐元區),B0149 霸菱投顧,霸菱
B24089,2014-06-13,5.802000045776367,英鎊,霸菱德國增長基金-A類英鎊累積型,yfinance,股票型,歐洲(含歐元區),B0149 霸菱投顧,霸菱
B24089,2014-06-16,5.809000015258789,英鎊,霸菱德國增長基金-A類英鎊累積型,yfinance,股票型,歐洲(含歐元區),B0149 霸菱投顧,霸菱
B24089,2014-06-17,5.821000099182129,英鎊,霸菱德國增長基金-A類英鎊累積型,yfinance,股票型,歐洲(含歐元區),B0149 霸菱投顧,霸菱
B24089,2014-06-18,5.85099983215332,英鎊,霸菱德國增長基金-A類英鎊累積型,yfinance,股票型,歐洲(含歐元區),B0149 霸菱投顧,霸菱
B24089,2014-06-19,5.888999938964844,英鎊,霸菱德國增長基金-A類英鎊累積型,yfinance,股票型,歐洲(含歐元區),B0149 霸菱投顧,霸菱
B24089,2014-06-20,5.875,英鎊,霸菱德國增長基金-A類英鎊累積型,yfinance,股票型,歐洲(含歐元區),B0149 霸菱投顧,霸菱
B24089,2014-06-23,5.828999996185303,英鎊,霸菱德國增長基金-A類英鎊累積型,yfinance,股票型,歐洲(含歐元區),B0149 霸菱投顧,霸菱
B24089,2014-06-24,5.836999893188477,英鎊,霸菱德國增長基金-A類英鎊累積型,yfinance,股票型,歐洲(含歐元區),B0149 霸菱投顧,霸菱
B24089,2014-06-25,5.820000171661377,英鎊,霸菱德國增長基金-A類英鎊累積型,yfinance,股票型,歐洲(含歐元區),B0149 霸菱投顧,霸菱
B24089,2014-06-26,5.785999774932861,英鎊,霸菱德國增長基金-A類英鎊累積型,yfinance,股票型,歐洲(含歐元區),B0149 霸菱投顧,霸菱
B24089,2014-06-27,5.754000186920166,英鎊,霸菱德國增長基金-A類英鎊累積型,yfinance,股票型,歐洲(含歐元區),B0149 霸菱投顧,霸菱
B24089,2014-06-30,5.7769999504089355,英鎊,霸菱德國增長基金-A類英鎊累積型,yfinance,股票型,歐洲(含歐元區),B0149 霸菱投顧,霸菱
B24089,2014-07-01,5.781000137329102,英鎊,霸菱德國增長基金-A類英鎊累積型,yfinance,股票型,歐洲(含歐元區),B0149 霸菱投顧,霸菱
B24089,2014-07-02,5.794000148773193,英鎊,霸菱德國增長基金-A類英鎊累積型,yfinance,股票型,歐洲(含歐元區),B0149 霸菱投顧,霸菱
B24089,2014-07-03,5.828999996185303,英鎊,霸菱德國增長基金-A類英鎊累積型,yfinance,股票型,歐洲(含歐元區),B0149 霸菱投顧,霸菱
B24089,2014-07-04,5.827000141143799,英鎊,霸菱德國增長基金-A類英鎊累積型,yfinance,股票型,歐洲(含歐元區),B0149 霸菱投顧,霸菱
B24089,2014-07-07,5.810999870300293,英鎊,霸菱德國增長基金-A類英鎊累積型,yfinance,股票型,歐洲(含歐元區),B0149 霸菱投顧,霸菱
B24089,2014-07-08,5.724999904632568,英鎊,霸菱德國增長基金-A類英鎊累積型,yfinance,股票型,歐洲(含歐元區),B0149 霸菱投顧,霸菱
B24089,2014-07-09,5.684000015258789,英鎊,霸菱德國增長基金-A類英鎊累積型,yfinance,股票型,歐洲(含歐元區),B0149 霸菱投顧,霸菱
B24089,2014-07-10,5.603000164031982,英鎊,霸菱德國增長基金-A類英鎊累積型,yfinance,股票型,歐洲(含歐元區),B0149 霸菱投顧,霸菱
B24089,2014-07-11,5.604000091552734,英鎊,霸菱德國增長基金-A類英鎊累積型,yfinance,股票型,歐洲(含歐元區),B0149 霸菱投顧,霸菱
B24089,2014-07-14,5.6529998779296875,英鎊,霸菱德國增長基金-A類英鎊累積型,yfinance,股票型,歐洲(含歐元區),B0149 霸菱投顧,霸菱
B24089,2014-07-15,5.61899995803833,英鎊,霸菱德國增長基金-A類英鎊累積型,yfinance,股票型,歐洲(含歐元區),B0149 霸菱投顧,霸菱
B24089,2014-07-16,5.6519999504089355,英鎊,霸菱德國增長基金-A類英鎊累積型,yfinance,股票型,歐洲(含歐元區),B0149 霸菱投顧,霸菱
B24089,2014-07-17,5.618000030517578,英鎊,霸菱德國增長基金-A類英鎊累積型,yfinance,股票型,歐洲(含歐元區),B0149 霸菱投顧,霸菱
B24089,2014-07-18,5.565000057220459,英鎊,霸菱德國增長基金-A類英鎊累積型,yfinance,股票型,歐洲(含歐元區),B0149 霸菱投顧,霸菱
B24089,2014-07-21,5.533999919891357,英鎊,霸菱德國增長基金-A類英鎊累積型,yfinance,股票型,歐洲(含歐元區),B0149 霸菱投顧,霸菱
B24089,2014-07-22,5.545000076293945,英鎊,霸菱德國增長基金-A類英鎊累積型,yfinance,股票型,歐洲(含歐元區),B0149 霸菱投顧,霸菱
B24089,2014-07-23,5.604000091552734,英鎊,霸菱德國增長基金-A類英鎊累積型,yfinance,股票型,歐洲(含歐元區),B0149 霸菱投顧,霸菱
B24089,2014-07-24,5.625,英鎊,霸菱德國增長基金-A類英鎊累積型,yfinance,股票型,歐洲(含歐元區),B0149 霸菱投顧,霸菱
B24089,2014-07-25,5.5920000076293945,英鎊,霸菱德國增長基金-A類英鎊累積型,yfinance,股票型,歐洲(含歐元區),B0149 霸菱投顧,霸菱
B24089,2014-07-28,5.497000217437744,英鎊,霸菱德國增長基金-A類英鎊累積型,yfinance,股票型,歐洲(含歐元區),B0149 霸菱投顧,霸菱
B24089,2014-07-29,5.505000114440918,英鎊,霸菱德國增長基金-A類英鎊累積型,yfinance,股票型,歐洲(含歐元區),B0149 霸菱投顧,霸菱
B24089,2014-07-30,5.508999824523926,英鎊,霸菱德國增長基金-A類英鎊累積型,yfinance,股票型,歐洲(含歐元區),B0149 霸菱投顧,霸菱
B24089,2014-07-31,5.426000118255615,英鎊,霸菱德國增長基金-A類英鎊累積型,yfinance,股票型,歐洲(含歐元區),B0149 霸菱投顧,霸菱
B24089,2014-08-01,5.2829999923706055,英鎊,霸菱德國增長基金-A類英鎊累積型,yfinance,股票型,歐洲(含歐元區),B0149 霸菱投顧,霸菱
B24089,2014-08-04,5.311999797821045,英鎊,霸菱德國增長基金-A類英鎊累積型,yfinance,股票型,歐洲(含歐元區),B0149 霸菱投顧,霸菱
B24089,2014-08-05,5.2870001792907715,英鎊,霸菱德國增長基金-A類英鎊累積型,yfinance,股票型,歐洲(含歐元區),B0149 霸菱投顧,霸菱
B24089,2014-08-06,5.198999881744385,英鎊,霸菱德國增長基金-A類英鎊累積型,yfinance,股票型,歐洲(含歐元區),B0149 霸菱投顧,霸菱
B24089,2014-08-07,5.238999843597412,英鎊,霸菱德國增長基金-A類英鎊累積型,yfinance,股票型,歐洲(含歐元區),B0149 霸菱投顧,霸菱
B24089,2014-08-08,5.160999774932861,英鎊,霸菱德國增長基金-A類英鎊累積型,yfinance,股票型,歐洲(含歐元區),B0149 霸菱投顧,霸菱
B24089,2014-08-11,5.284999847412109,英鎊,霸菱德國增長基金-A類英鎊累積型,yfinance,股票型,歐洲(含歐元區),B0149 霸菱投顧,霸菱
B24089,2014-08-12,5.2820000648498535,英鎊,霸菱德國增長基金-A類英鎊累積型,yfinance,股票型,歐洲(含歐元區),B0149 霸菱投顧,霸菱
B24089,2014-08-13,5.298999786376953,英鎊,霸菱德國增長基金-A類英鎊累積型,yfinance,股票型,歐洲(含歐元區),B0149 霸菱投顧,霸菱
B24089,2014-08-14,5.35699987411499,英鎊,霸菱德國增長基金-A類英鎊累積型,yfinance,股票型,歐洲(含歐元區),B0149 霸菱投顧,霸菱
B24089,2014-08-15,5.401000022888184,英鎊,霸菱德國增長基金-A類英鎊累積型,yfinance,股票型,歐洲(含歐元區),B0149 霸菱投顧,霸菱
B24089,2014-08-18,5.353000164031982,英鎊,霸菱德國增長基金-A類英鎊累積型,yfinance,股票型,歐洲(含歐元區),B0149 霸菱投顧,霸菱
B24089,2014-08-19,5.422999858856201,英鎊,霸菱德國增長基金-A類英鎊累積型,yfinance,股票型,歐洲(含歐元區),B0149 霸菱投顧,霸菱
B24089,2014-08-20,5.382999897003174,英鎊,霸菱德國增長基金-A類英鎊累積型,yfinance,股票型,歐洲(含歐元區),B0149 霸菱投顧,霸菱
B24089,2014-08-21,5.425000190734863,英鎊,霸菱德國增長基金-A類英鎊累積型,yfinance,股票型,歐洲(含歐元區),B0149 霸菱投顧,霸菱
B24089,2014-08-22,5.431000232696533,英鎊,霸菱德國增長基金-A類英鎊累積型,yfinance,股票型,歐洲(含歐元區),B0149 霸菱投顧,霸菱
B24089,2014-08-26,5.485000133514404,英鎊,霸菱德國增長基金-A類英鎊累積型,yfinance,股票型,歐洲(含歐元區),B0149 霸菱投顧,霸菱
B24089,2014-08-27,5.504000186920166,英鎊,霸菱德國增長基金-A類英鎊累積型,yfinance,股票型,歐洲(含歐元區),B0149 霸菱投顧,霸菱
B24089,2014-08-28,5.421000003814697,英鎊,霸菱德國增長基金-A類英鎊累積型,yfinance,股票型,歐洲(含歐元區),B0149 霸菱投顧,霸菱
B24089,2014-08-29,5.447000026702881,英鎊,霸菱德國增長基金-A類英鎊累積型,yfinance,股票型,歐洲(含歐元區),B0149 霸菱投顧,霸菱
B24089,2014-09-01,5.4070000648498535,英鎊,霸菱德國增長基金-A類英鎊累積型,yfinance,股票型,歐洲(含歐元區),B0149 霸菱投顧,霸菱
B24089,2014-09-02,5.468999862670898,英鎊,霸菱德國增長基金-A類英鎊累積型,yfinance,股票型,歐洲(含歐元區),B0149 霸菱投顧,霸菱
B24089,2014-09-03,5.531000137329102,英鎊,霸菱德國增長基金-A類英鎊累積型,yfinance,股票型,歐洲(含歐元區),B0149 霸菱投顧,霸菱
B24089,2014-09-04,5.521999835968018,英鎊,霸菱德國增長基金-A類英鎊累積型,yfinance,股票型,歐洲(含歐元區),B0149 霸菱投顧,霸菱
B24089,2014-09-05,5.551000118255615,英鎊,霸菱德國增長基金-A類英鎊累積型,yfinance,股票型,歐洲(含歐元區),B0149 霸菱投顧,霸菱
B24089,2014-09-08,5.613999843597412,英鎊,霸菱德國增長基金-A類英鎊累積型,yfinance,股票型,歐洲(含歐元區),B0149 霸菱投顧,霸菱
B24089,2014-09-09,5.5929999351501465,英鎊,霸菱德國增長基金-A類英鎊累積型,yfinance,股票型,歐洲(含歐元區),B0149 霸菱投顧,霸菱
B24089,2014-09-10,5.590000152587891,英鎊,霸菱德國增長基金-A類英鎊累積型,yfinance,股票型,歐洲(含歐元區),B0149 霸菱投顧,霸菱
B24089,2014-09-11,5.52400016784668,英鎊,霸菱德國增長基金-A類英鎊累積型,yfinance,股票型,歐洲(含歐元區),B0149 霸菱投顧,霸菱
B24089,2014-09-12,5.5229997634887695,英鎊,霸菱德國增長基金-A類英鎊累積型,yfinance,股票型,歐洲(含歐元區),B0149 霸菱投顧,霸菱
B24089,2014-09-15,5.514999866485596,英鎊,霸菱德國增長基金-A類英鎊累積型,yfinance,股票型,歐洲(含歐元區),B0149 霸菱投顧,霸菱
B24089,2014-09-16,5.515999794006348,英鎊,霸菱德國增長基金-A類英鎊累積型,yfinance,股票型,歐洲(含歐元區),B0149 霸菱投顧,霸菱
B24089,2014-09-17,5.508999824523926,英鎊,霸菱德國增長基金-A類英鎊累積型,yfinance,股票型,歐洲(含歐元區),B0149 霸菱投顧,霸菱
B24089,2014-09-18,5.51200008392334,英鎊,霸菱德國增長基金-A類英鎊累積型,yfinance,股票型,歐洲(含歐元區),B0149 霸菱投顧,霸菱
B24089,2014-09-19,5.531000137329102,英鎊,霸菱德國增長基金-A類英鎊累積型,yfinance,股票型,歐洲(含歐元區),B0149 霸菱投顧,霸菱
B24089,2014-09-22,5.501999855041504,英鎊,霸菱德國增長基金-A類英鎊累積型,yfinance,股票型,歐洲(含歐元區),B0149 霸菱投顧,霸菱
B24089,2014-09-23,5.409999847412109,英鎊,霸菱德國增長基金-A類英鎊累積型,yfinance,股票型,歐洲(含歐元區),B0149 霸菱投顧,霸菱
B24089,2014-09-24,5.359000205993652,英鎊,霸菱德國增長基金-A類英鎊累積型,yfinance,股票型,歐洲(含歐元區),B0149 霸菱投顧,霸菱
B24089,2014-09-25,5.40500020980835,英鎊,霸菱德國增長基金-A類英鎊累積型,yfinance,股票型,歐洲(含歐元區),B0149 霸菱投顧,霸菱
B24089,2014-09-26,5.322000026702881,英鎊,霸菱德國增長基金-A類英鎊累積型,yfinance,股票型,歐洲(含歐元區),B0149 霸菱投顧,霸菱
B24089,2014-09-29,5.301000118255615,英鎊,霸菱德國增長基金-A類英鎊累積型,yfinance,股票型,歐洲(含歐元區),B0149 霸菱投顧,霸菱
B24089,2014-09-30,5.2820000648498535,英鎊,霸菱德國增長基金-A類英鎊累積型,yfinance,股票型,歐洲(含歐元區),B0149 霸菱投顧,霸菱
B24089,2014-10-01,5.283999919891357,英鎊,霸菱德國增長基金-A類英鎊累積型,yfinance,股票型,歐洲(含歐元區),B0149 霸菱投顧,霸菱
B24089,2014-10-02,5.26800012588501,英鎊,霸菱德國增長基金-A類英鎊累積型,yfinance,股票型,歐洲(含歐元區),B0149 霸菱投顧,霸菱
B24089,2014-10-03,5.203000068664551,英鎊,霸菱德國增長基金-A類英鎊累積型,yfinance,股票型,歐洲(含歐元區),B0149 霸菱投顧,霸菱
B24089,2014-10-06,5.25,英鎊,霸菱德國增長基金-A類英鎊累積型,yfinance,股票型,歐洲(含歐元區),B0149 霸菱投顧,霸菱
B24089,2014-10-07,5.1579999923706055,英鎊,霸菱德國增長基金-A類英鎊累積型,yfinance,股票型,歐洲(含歐元區),B0149 霸菱投顧,霸菱
B24089,2014-10-08,5.10099983215332,英鎊,霸菱德國增長基金-A類英鎊累積型,yfinance,股票型,歐洲(含歐元區),B0149 霸菱投顧,霸菱
B24089,2014-10-09,5.104000091552734,英鎊,霸菱德國增長基金-A類英鎊累積型,yfinance,股票型,歐洲(含歐元區),B0149 霸菱投顧,霸菱
B24089,2014-10-10,4.959000110626221,英鎊,霸菱德國增長基金-A類英鎊累積型,yfinance,股票型,歐洲(含歐元區),B0149 霸菱投顧,霸菱
B24089,2014-10-13,4.986000061035156,英鎊,霸菱德國增長基金-A類英鎊累積型,yfinance,股票型,歐洲(含歐元區),B0149 霸菱投顧,霸菱
B24089,2014-10-14,4.960000038146973,英鎊,霸菱德國增長基金-A類英鎊累積型,yfinance,股票型,歐洲(含歐元區),B0149 霸菱投顧,霸菱
B24089,2014-10-15,4.986000061035156,英鎊,霸菱德國增長基金-A類英鎊累積型,yfinance,股票型,歐洲(含歐元區),B0149 霸菱投顧,霸菱
B24089,2014-10-16,4.835000038146973,英鎊,霸菱德國增長基金-A類英鎊累積型,yfinance,股票型,歐洲(含歐元區),B0149 霸菱投顧,霸菱
B24089,2014-10-17,4.979000091552734,英鎊,霸菱德國增長基金-A類英鎊累積型,yfinance,股票型,歐洲(含歐元區),B0149 霸菱投顧,霸菱
B24089,2014-10-20,4.974999904632568,英鎊,霸菱德國增長基金-A類英鎊累積型,yfinance,股票型,歐洲(含歐元區),B0149 霸菱投顧,霸菱
B24089,2014-10-21,5.0370001792907715,英鎊,霸菱德國增長基金-A類英鎊累積型,yfinance,股票型,歐洲(含歐元區),B0149 霸菱投顧,霸菱
B24089,2014-10-22,5.0879998207092285,英鎊,霸菱德國增長基金-A類英鎊累積型,yfinance,股票型,歐洲(含歐元區),B0149 霸菱投顧,霸菱
B24089,2014-10-23,5.10099983215332,英鎊,霸菱德國增長基金-A類英鎊累積型,yfinance,股票型,歐洲(含歐元區),B0149 霸菱投顧,霸菱
B24089,2014-10-24,5.129000186920166,英鎊,霸菱德國增長基金-A類英鎊累積型,yfinance,股票型,歐洲(含歐元區),B0149 霸菱投顧,霸菱
B24089,2014-10-27,5.081999778747559,英鎊,霸菱德國增長基金-A類英鎊累積型,yfinance,股票型,歐洲(含歐元區),B0149 霸菱投顧,霸菱
B24089,2014-10-28,5.123000144958496,英鎊,霸菱德國增長基金-A類英鎊累積型,yfinance,股票型,歐洲(含歐元區),B0149 霸菱投顧,霸菱
B24089,2014-10-29,5.185999870300293,英鎊,霸菱德國增長基金-A類英鎊累積型,yfinance,股票型,歐洲(含歐元區),B0149 霸菱投顧,霸菱
B24089,2014-10-30,5.081999778747559,英鎊,霸菱德國增長基金-A類英鎊累積型,yfinance,股票型,歐洲(含歐元區),B0149 霸菱投顧,霸菱
B24089,2014-10-31,5.263000011444092,英鎊,霸菱德國增長基金-A類英鎊累積型,yfinance,股票型,歐洲(含歐元區),B0149 霸菱投顧,霸菱
B24089,2014-11-03,5.236000061035156,英鎊,霸菱德國增長基金-A類英鎊累積型,yfinance,股票型,歐洲(含歐元區),B0149 霸菱投顧,霸菱
B24089,2014-11-04,5.242000102996826,英鎊,霸菱德國增長基金-A類英鎊累積型,yfinance,股票型,歐洲(含歐元區),B0149 霸菱投顧,霸菱
B24089,2014-11-05,5.250999927520752,英鎊,霸菱德國增長基金-A類英鎊累積型,yfinance,股票型,歐洲(含歐元區),B0149 霸菱投顧,霸菱
B24089,2014-11-06,5.26800012588501,英鎊,霸菱德國增長基金-A類英鎊累積型,yfinance,股票型,歐洲(含歐元區),B0149 霸菱投顧,霸菱
B24089,2014-11-07,5.263999938964844,英鎊,霸菱德國增長基金-A類英鎊累積型,yfinance,股票型,歐洲(含歐元區),B0149 霸菱投顧,霸菱
B24089,2014-11-10,5.2789998054504395,英鎊,霸菱德國增長基金-A類英鎊累積型,yfinance,股票型,歐洲(含歐元區),B0149 霸菱投顧,霸菱
B24089,2014-11-11,5.2870001792907715,英鎊,霸菱德國增長基金-A類英鎊累積型,yfinance,股票型,歐洲(含歐元區),B0149 霸菱投顧,霸菱
B24089,2014-11-12,5.255000114440918,英鎊,霸菱德國增長基金-A類英鎊累積型,yfinance,股票型,歐洲(含歐元區),B0149 霸菱投顧,霸菱
B24089,2014-11-13,5.307000160217285,英鎊,霸菱德國增長基金-A類英鎊累積型,yfinance,股票型,歐洲(含歐元區),B0149 霸菱投顧,霸菱
B24089,2014-11-14,5.285999774932861,英鎊,霸菱德國增長基金-A類英鎊累積型,yfinance,股票型,歐洲(含歐元區),B0149 霸菱投顧,霸菱
B24089,2014-11-17,5.323999881744385,英鎊,霸菱德國增長基金-A類英鎊累積型,yfinance,股票型,歐洲(含歐元區),B0149 霸菱投顧,霸菱
B24089,2014-11-18,5.4120001792907715,英鎊,霸菱德國增長基金-A類英鎊累積型,yfinance,股票型,歐洲(含歐元區),B0149 霸菱投顧,霸菱
B24089,2014-11-19,5.449999809265137,英鎊,霸菱德國增長基金-A類英鎊累積型,yfinance,股票型,歐洲(含歐元區),B0149 霸菱投顧,霸菱
B24089,2014-11-20,5.408999919891357,英鎊,霸菱德國增長基金-A類英鎊累積型,yfinance,股票型,歐洲(含歐元區),B0149 霸菱投顧,霸菱
B24089,2014-11-21,5.49399995803833,英鎊,霸菱德國增長基金-A類英鎊累積型,yfinance,股票型,歐洲(含歐元區),B0149 霸菱投顧,霸菱
B24089,2014-11-24,5.563000202178955,英鎊,霸菱德國增長基金-A類英鎊累積型,yfinance,股票型,歐洲(含歐元區),B0149 霸菱投顧,霸菱
B24089,2014-11-25,5.5960001945495605,英鎊,霸菱德國增長基金-A類英鎊累積型,yfinance,股票型,歐洲(含歐元區),B0149 霸菱投顧,霸菱
B24089,2014-11-26,5.589000225067139,英鎊,霸菱德國增長基金-A類英鎊累積型,yfinance,股票型,歐洲(含歐元區),B0149 霸菱投顧,霸菱
B24089,2014-11-27,5.617000102996826,英鎊,霸菱德國增長基金-A類英鎊累積型,yfinance,股票型,歐洲(含歐元區),B0149 霸菱投顧,霸菱
B24089,2014-11-28,5.627999782562256,英鎊,霸菱德國增長基金-A類英鎊累積型,yfinance,股票型,歐洲(含歐元區),B0149 霸菱投顧,霸菱
B24089,2014-12-01,5.611000061035156,英鎊,霸菱德國增長基金-A類英鎊累積型,yfinance,股票型,歐洲(含歐元區),B0149 霸菱投顧,霸菱
B24089,2014-12-02,5.611000061035156,英鎊,霸菱德國增長基金-A類英鎊累積型,yfinance,股票型,歐洲(含歐元區),B0149 霸菱投顧,霸菱
B24089,2014-12-03,5.585000038146973,英鎊,霸菱德國增長基金-A類英鎊累積型,yfinance,股票型,歐洲(含歐元區),B0149 霸菱投顧,霸菱
B24089,2014-12-04,5.61299991607666,英鎊,霸菱德國增長基金-A類英鎊累積型,yfinance,股票型,歐洲(含歐元區),B0149 霸菱投顧,霸菱
B24089,2014-12-05,5.61899995803833,英鎊,霸菱德國增長基金-A類英鎊累積型,yfinance,股票型,歐洲(含歐元區),B0149 霸菱投顧,霸菱
B24089,2014-12-08,5.622000217437744,英鎊,霸菱德國增長基金-A類英鎊累積型,yfinance,股票型,歐洲(含歐元區),B0149 霸菱投顧,霸菱
B24089,2014-12-09,5.604000091552734,英鎊,霸菱德國增長基金-A類英鎊累積型,yfinance,股票型,歐洲(含歐元區),B0149 霸菱投顧,霸菱
B24089,2014-12-10,5.571000099182129,英鎊,霸菱德國增長基金-A類英鎊累積型,yfinance,股票型,歐洲(含歐元區),B0149 霸菱投顧,霸菱
B24089,2014-12-11,5.521999835968018,英鎊,霸菱德國增長基金-A類英鎊累積型,yfinance,股票型,歐洲(含歐元區),B0149 霸菱投顧,霸菱
B24089,2014-12-12,5.494999885559082,英鎊,霸菱德國增長基金-A類英鎊累積型,yfinance,股票型,歐洲(含歐元區),B0149 霸菱投顧,霸菱
B24089,2014-12-15,5.453000068664551,英鎊,霸菱德國增長基金-A類英鎊累積型,yfinance,股票型,歐洲(含歐元區),B0149 霸菱投顧,霸菱
B24089,2014-12-16,5.328000068664551,英鎊,霸菱德國增長基金-A類英鎊累積型,yfinance,股票型,歐洲(含歐元區),B0149 霸菱投顧,霸菱
B24089,2014-12-17,5.379000186920166,英鎊,霸菱德國增長基金-A類英鎊累積型,yfinance,股票型,歐洲(含歐元區),B0149 霸菱投顧,霸菱
B24089,2014-12-18,5.478000164031982,英鎊,霸菱德國增長基金-A類英鎊累積型,yfinance,股票型,歐洲(含歐元區),B0149 霸菱投顧,霸菱
B24089,2014-12-19,5.494999885559082,英鎊,霸菱德國增長基金-A類英鎊累積型,yfinance,股票型,歐洲(含歐元區),B0149 霸菱投顧,霸菱
B24089,2014-12-22,5.539000034332275,英鎊,霸菱德國增長基金-A類英鎊累積型,yfinance,股票型,歐洲(含歐元區),B0149 霸菱投顧,霸菱
B24089,2014-12-23,5.550000190734863,英鎊,霸菱德國增長基金-A類英鎊累積型,yfinance,股票型,歐洲(含歐元區),B0149 霸菱投顧,霸菱
B24089,2014-12-24,5.551000118255615,英鎊,霸菱德國增長基金-A類英鎊累積型,yfinance,股票型,歐洲(含歐元區),B0149 霸菱投顧,霸菱
B24089,2014-12-29,5.51200008392334,英鎊,霸菱德國增長基金-A類英鎊累積型,yfinance,股票型,歐洲(含歐元區),B0149 霸菱投顧,霸菱
B24089,2014-12-30,5.511000156402588,英鎊,霸菱德國增長基金-A類英鎊累積型,yfinance,股票型,歐洲(含歐元區),B0149 霸菱投顧,霸菱
B24089,2014-12-31,5.4710001945495605,英鎊,霸菱德國增長基金-A類英鎊累積型,yfinance,股票型,歐洲(含歐元區),B0149 霸菱投顧,霸菱
B40022,2014-01-02,2.501800060272217,英鎊,GAM Star歐洲股票基金累積單位-英鎊,yfinance,股票型,歐洲(含歐元區),A0017 台中銀投信,GAM
B40022,2014-01-03,2.506700038909912,英鎊,GAM Star歐洲股票基金累積單位-英鎊,yfinance,股票型,歐洲(含歐元區),A0017 台中銀投信,GAM
B40022,2014-01-06,2.5139000415802,英鎊,GAM Star歐洲股票基金累積單位-英鎊,yfinance,股票型,歐洲(含歐元區),A0017 台中銀投信,GAM
B40022,2014-01-07,2.5276999473571777,英鎊,GAM Star歐洲股票基金累積單位-英鎊,yfinance,股票型,歐洲(含歐元區),A0017 台中銀投信,GAM
B40022,2014-01-08,2.517899990081787,英鎊,GAM Star歐洲股票基金累積單位-英鎊,yfinance,股票型,歐洲(含歐元區),A0017 台中銀投信,GAM
B40022,2014-01-09,2.5111000537872314,英鎊,GAM Star歐洲股票基金累積單位-英鎊,yfinance,股票型,歐洲(含歐元區),A0017 台中銀投信,GAM
B40022,2014-01-10,2.54010009765625,英鎊,GAM Star歐洲股票基金累積單位-英鎊,yfinance,股票型,歐洲(含歐元區),A0017 台中銀投信,GAM
B40022,2014-01-13,2.5566000938415527,英鎊,GAM Star歐洲股票基金累積單位-英鎊,yfinance,股票型,歐洲(含歐元區),A0017 台中銀投信,GAM
B40022,2014-01-14,2.550100088119507,英鎊,GAM Star歐洲股票基金累積單位-英鎊,yfinance,股票型,歐洲(含歐元區),A0017 台中銀投信,GAM
B40022,2014-01-15,2.5785999298095703,英鎊,GAM Star歐洲股票基金累積單位-英鎊,yfinance,股票型,歐洲(含歐元區),A0017 台中銀投信,GAM
B40022,2014-01-16,2.58270001411438,英鎊,GAM Star歐洲股票基金累積單位-英鎊,yfinance,股票型,歐洲(含歐元區),A0017 台中銀投信,GAM
B40022,2014-01-17,2.569200038909912,英鎊,GAM Star歐洲股票基金累積單位-英鎊,yfinance,股票型,歐洲(含歐元區),A0017 台中銀投信,GAM
B40022,2014-01-20,2.570199966430664,英鎊,GAM Star歐洲股票基金累積單位-英鎊,yfinance,股票型,歐洲(含歐元區),A0017 台中銀投信,GAM
B40022,2014-01-21,2.569200038909912,英鎊,GAM Star歐洲股票基金累積單位-英鎊,yfinance,股票型,歐洲(含歐元區),A0017 台中銀投信,GAM
B40022,2014-01-22,2.555799961090088,英鎊,GAM Star歐洲股票基金累積單位-英鎊,yfinance,股票型,歐洲(含歐元區),A0017 台中銀投信,GAM
B40022,2014-01-23,2.5464000701904297,英鎊,GAM Star歐洲股票基金累積單位-英鎊,yfinance,股票型,歐洲(含歐元區),A0017 台中銀投信,GAM
B40022,2014-01-24,2.498500108718872,英鎊,GAM Star歐洲股票基金累積單位-英鎊,yfinance,股票型,歐洲(含歐元區),A0017 台中銀投信,GAM
B40022,2014-01-27,2.4416000843048096,英鎊,GAM Star歐洲股票基金累積單位-英鎊,yfinance,股票型,歐洲(含歐元區),A0017 台中銀投信,GAM
B40022,2014-01-28,2.471299886703491,英鎊,GAM Star歐洲股票基金累積單位-英鎊,yfinance,股票型,歐洲(含歐元區),A0017 台中銀投信,GAM
B40022,2014-01-29,2.453200101852417,英鎊,GAM Star歐洲股票基金累積單位-英鎊,yfinance,股票型,歐洲(含歐元區),A0017 台中銀投信,GAM
B40022,2014-01-30,2.4430999755859375,英鎊,GAM Star歐洲股票基金累積單位-英鎊,yfinance,股票型,歐洲(含歐元區),A0017 台中銀投信,GAM
B40022,2014-01-31,2.433000087738037,英鎊,GAM Star歐洲股票基金累積單位-英鎊,yfinance,股票型,歐洲(含歐元區),A0017 台中銀投信,GAM
B40022,2014-02-03,2.437299966812134,英鎊,GAM Star歐洲股票基金累積單位-英鎊,yfinance,股票型,歐洲(含歐元區),A0017 台中銀投信,GAM
B40022,2014-02-04,2.4375,英鎊,GAM Star歐洲股票基金累積單位-英鎊,yfinance,股票型,歐洲(含歐元區),A0017 台中銀投信,GAM
B40022,2014-02-05,2.4489998817443848,英鎊,GAM Star歐洲股票基金累積單位-英鎊,yfinance,股票型,歐洲(含歐元區),A0017 台中銀投信,GAM
B40022,2014-02-06,2.5027999877929688,英鎊,GAM Star歐洲股票基金累積單位-英鎊,yfinance,股票型,歐洲(含歐元區),A0017 台中銀投信,GAM
B40022,2014-02-07,2.509500026702881,英鎊,GAM Star歐洲股票基金累積單位-英鎊,yfinance,股票型,歐洲(含歐元區),A0017 台中銀投信,GAM
B40022,2014-02-10,2.5106000900268555,英鎊,GAM Star歐洲股票基金累積單位-英鎊,yfinance,股票型,歐洲(含歐元區),A0017 台中銀投信,GAM
B40022,2014-02-11,2.534899950027466,英鎊,GAM Star歐洲股票基金累積單位-英鎊,yfinance,股票型,歐洲(含歐元區),A0017 台中銀投信,GAM
B40022,2014-02-12,2.5220999717712402,英鎊,GAM Star歐洲股票基金累積單位-英鎊,yfinance,股票型,歐洲(含歐元區),A0017 台中銀投信,GAM
B40022,2014-02-13,2.522200107574463,英鎊,GAM Star歐洲股票基金累積單位-英鎊,yfinance,股票型,歐洲(含歐元區),A0017 台中銀投信,GAM
B40022,2014-02-14,2.5281999111175537,英鎊,GAM Star歐洲股票基金累積單位-英鎊,yfinance,股票型,歐洲(含歐元區),A0017 台中銀投信,GAM
B40022,2014-02-17,2.544800043106079,英鎊,GAM Star歐洲股票基金累積單位-英鎊,yfinance,股票型,歐洲(含歐元區),A0017 台中銀投信,GAM
B40022,2014-02-18,2.551100015640259,英鎊,GAM Star歐洲股票基金累積單位-英鎊,yfinance,股票型,歐洲(含歐元區),A0017 台中銀投信,GAM
B40022,2014-02-19,2.549299955368042,英鎊,GAM Star歐洲股票基金累積單位-英鎊,yfinance,股票型,歐洲(含歐元區),A0017 台中銀投信,GAM
B40022,2014-02-20,2.5457000732421875,英鎊,GAM Star歐洲股票基金累積單位-英鎊,yfinance,股票型,歐洲(含歐元區),A0017 台中銀投信,GAM
B40022,2014-02-21,2.5560998916625977,英鎊,GAM Star歐洲股票基金累積單位-英鎊,yfinance,股票型,歐洲(含歐元區),A0017 台中銀投信,GAM
B40022,2014-02-24,2.564300060272217,英鎊,GAM Star歐洲股票基金累積單位-英鎊,yfinance,股票型,歐洲(含歐元區),A0017 台中銀投信,GAM
B40022,2014-02-25,2.554800033569336,英鎊,GAM Star歐洲股票基金累積單位-英鎊,yfinance,股票型,歐洲(含歐元區),A0017 台中銀投信,GAM
B40022,2014-02-26,2.536799907684326,英鎊,GAM Star歐洲股票基金累積單位-英鎊,yfinance,股票型,歐洲(含歐元區),A0017 台中銀投信,GAM
B40022,2014-02-27,2.5329999923706055,英鎊,GAM Star歐洲股票基金累積單位-英鎊,yfinance,股票型,歐洲(含歐元區),A0017 台中銀投信,GAM
B40022,2014-02-28,2.5532000064849854,英鎊,GAM Star歐洲股票基金累積單位-英鎊,yfinance,股票型,歐洲(含歐元區),A0017 台中銀投信,GAM
B40022,2014-03-03,2.493499994277954,英鎊,GAM Star歐洲股票基金累積單位-英鎊,yfinance,股票型,歐洲(含歐元區),A0017 台中銀投信,GAM
B40022,2014-03-04,2.5457000732421875,英鎊,GAM Star歐洲股票基金累積單位-英鎊,yfinance,股票型,歐洲(含歐元區),A0017 台中銀投信,GAM
B40022,2014-03-05,2.5332000255584717,英鎊,GAM Star歐洲股票基金累積單位-英鎊,yfinance,股票型,歐洲(含歐元區),A0017 台中銀投信,GAM
B40022,2014-03-06,2.5660998821258545,英鎊,GAM Star歐洲股票基金累積單位-英鎊,yfinance,股票型,歐洲(含歐元區),A0017 台中銀投信,GAM
B40022,2014-03-07,2.542099952697754,英鎊,GAM Star歐洲股票基金累積單位-英鎊,yfinance,股票型,歐洲(含歐元區),A0017 台中銀投信,GAM
B40022,2014-03-10,2.532099962234497,英鎊,GAM Star歐洲股票基金累積單位-英鎊,yfinance,股票型,歐洲(含歐元區),A0017 台中銀投信,GAM
B40022,2014-03-11,2.5339999198913574,英鎊,GAM Star歐洲股票基金累積單位-英鎊,yfinance,股票型,歐洲(含歐元區),A0017 台中銀投信,GAM
B40022,2014-03-12,2.515199899673462,英鎊,GAM Star歐洲股票基金累積單位-英鎊,yfinance,股票型,歐洲(含歐元區),A0017 台中銀投信,GAM
B40022,2014-03-13,2.4765000343322754,英鎊,GAM Star歐洲股票基金累積單位-英鎊,yfinance,股票型,歐洲(含歐元區),A0017 台中銀投信,GAM
B40022,2014-03-14,2.4667000770568848,英鎊,GAM Star歐洲股票基金累積單位-英鎊,yfinance,股票型,歐洲(含歐元區),A0017 台中銀投信,GAM
B40022,2014-03-17,2.50570011138916,英鎊,GAM Star歐洲股票基金累積單位-英鎊,yfinance,股票型,歐洲(含歐元區),A0017 台中銀投信,GAM
B40022,2014-03-18,2.529599905014038,英鎊,GAM Star歐洲股票基金累積單位-英鎊,yfinance,股票型,歐洲(含歐元區),A0017 台中銀投信,GAM
B40022,2014-03-19,2.515500068664551,英鎊,GAM Star歐洲股票基金累積單位-英鎊,yfinance,股票型,歐洲(含歐元區),A0017 台中銀投信,GAM
B40022,2014-03-20,2.5100998878479004,英鎊,GAM Star歐洲股票基金累積單位-英鎊,yfinance,股票型,歐洲(含歐元區),A0017 台中銀投信,GAM
B40022,2014-03-21,2.5137999057769775,英鎊,GAM Star歐洲股票基金累積單位-英鎊,yfinance,股票型,歐洲(含歐元區),A0017 台中銀投信,GAM
B40022,2014-03-24,2.492300033569336,英鎊,GAM Star歐洲股票基金累積單位-英鎊,yfinance,股票型,歐洲(含歐元區),A0017 台中銀投信,GAM
B40022,2014-03-25,2.5208001136779785,英鎊,GAM Star歐洲股票基金累積單位-英鎊,yfinance,股票型,歐洲(含歐元區),A0017 台中銀投信,GAM
B40022,2014-03-26,2.528700113296509,英鎊,GAM Star歐洲股票基金累積單位-英鎊,yfinance,股票型,歐洲(含歐元區),A0017 台中銀投信,GAM
B40022,2014-03-27,2.517899990081787,英鎊,GAM Star歐洲股票基金累積單位-英鎊,yfinance,股票型,歐洲(含歐元區),A0017 台中銀投信,GAM
B40022,2014-03-28,2.527600049972534,英鎊,GAM Star歐洲股票基金累積單位-英鎊,yfinance,股票型,歐洲(含歐元區),A0017 台中銀投信,GAM
B40022,2014-03-31,2.53439998626709,英鎊,GAM Star歐洲股票基金累積單位-英鎊,yfinance,股票型,歐洲(含歐元區),A0017 台中銀投信,GAM
B40022,2014-04-01,2.5629000663757324,英鎊,GAM Star歐洲股票基金累積單位-英鎊,yfinance,股票型,歐洲(含歐元區),A0017 台中銀投信,GAM
B40022,2014-04-02,2.5683000087738037,英鎊,GAM Star歐洲股票基金累積單位-英鎊,yfinance,股票型,歐洲(含歐元區),A0017 台中銀投信,GAM
B40022,2014-04-03,2.577199935913086,英鎊,GAM Star歐洲股票基金累積單位-英鎊,yfinance,股票型,歐洲(含歐元區),A0017 台中銀投信,GAM
B40022,2014-04-04,2.5826001167297363,英鎊,GAM Star歐洲股票基金累積單位-英鎊,yfinance,股票型,歐洲(含歐元區),A0017 台中銀投信,GAM
B40022,2014-04-07,2.5471999645233154,英鎊,GAM Star歐洲股票基金累積單位-英鎊,yfinance,股票型,歐洲(含歐元區),A0017 台中銀投信,GAM
B40022,2014-04-08,2.5127999782562256,英鎊,GAM Star歐洲股票基金累積單位-英鎊,yfinance,股票型,歐洲(含歐元區),A0017 台中銀投信,GAM
B40022,2014-04-09,2.5281999111175537,英鎊,GAM Star歐洲股票基金累積單位-英鎊,yfinance,股票型,歐洲(含歐元區),A0017 台中銀投信,GAM
B40022,2014-04-10,2.525099992752075,英鎊,GAM Star歐洲股票基金累積單位-英鎊,yfinance,股票型,歐洲(含歐元區),A0017 台中銀投信,GAM
B40022,2014-04-11,2.4972000122070312,英鎊,GAM Star歐洲股票基金累積單位-英鎊,yfinance,股票型,歐洲(含歐元區),A0017 台中銀投信,GAM
B40022,2014-04-14,2.476799964904785,英鎊,GAM Star歐洲股票基金累積單位-英鎊,yfinance,股票型,歐洲(含歐元區),A0017 台中銀投信,GAM
B40022,2014-04-15,2.454699993133545,英鎊,GAM Star歐洲股票基金累積單位-英鎊,yfinance,股票型,歐洲(含歐元區),A0017 台中銀投信,GAM
B40022,2014-04-16,2.480799913406372,英鎊,GAM Star歐洲股票基金累積單位-英鎊,yfinance,股票型,歐洲(含歐元區),A0017 台中銀投信,GAM
B40022,2014-04-17,2.4925999641418457,英鎊,GAM Star歐洲股票基金累積單位-英鎊,yfinance,股票型,歐洲(含歐元區),A0017 台中銀投信,GAM
B40022,2014-04-22,2.524899959564209,英鎊,GAM Star歐洲股票基金累積單位-英鎊,yfinance,股票型,歐洲(含歐元區),A0017 台中銀投信,GAM
B40022,2014-04-23,2.517400026321411,英鎊,GAM Star歐洲股票基金累積單位-英鎊,yfinance,股票型,歐洲(含歐元區),A0017 台中銀投信,GAM
B40022,2014-04-24,2.518199920654297,英鎊,GAM Star歐洲股票基金累積單位-英鎊,yfinance,股票型,歐洲(含歐元區),A0017 台中銀投信,GAM
B40022,2014-04-25,2.4881999492645264,英鎊,GAM Star歐洲股票基金累積單位-英鎊,yfinance,股票型,歐洲(含歐元區),A0017 台中銀投信,GAM
B40022,2014-04-28,2.476900100708008,英鎊,GAM Star歐洲股票基金累積單位-英鎊,yfinance,股票型,歐洲(含歐元區),A0017 台中銀投信,GAM
B40022,2014-04-29,2.493299961090088,英鎊,GAM Star歐洲股票基金累積單位-英鎊,yfinance,股票型,歐洲(含歐元區),A0017 台中銀投信,GAM
B40022,2014-04-30,2.5032999515533447,英鎊,GAM Star歐洲股票基金累積單位-英鎊,yfinance,股票型,歐洲(含歐元區),A0017 台中銀投信,GAM
B40022,2014-05-01,2.509700059890747,英鎊,GAM Star歐洲股票基金累積單位-英鎊,yfinance,股票型,歐洲(含歐元區),A0017 台中銀投信,GAM
B40022,2014-05-02,2.50600004196167,英鎊,GAM Star歐洲股票基金累積單位-英鎊,yfinance,股票型,歐洲(含歐元區),A0017 台中銀投信,GAM
B40022,2014-05-06,2.489500045776367,英鎊,GAM Star歐洲股票基金累積單位-英鎊,yfinance,股票型,歐洲(含歐元區),A0017 台中銀投信,GAM
B40022,2014-05-07,2.490799903869629,英鎊,GAM Star歐洲股票基金累積單位-英鎊,yfinance,股票型,歐洲(含歐元區),A0017 台中銀投信,GAM
B40022,2014-05-08,2.5120999813079834,英鎊,GAM Star歐洲股票基金累積單位-英鎊,yfinance,股票型,歐洲(含歐元區),A0017 台中銀投信,GAM
B40022,2014-05-09,2.5,英鎊,GAM Star歐洲股票基金累積單位-英鎊,yfinance,股票型,歐洲(含歐元區),A0017 台中銀投信,GAM
B40022,2014-05-12,2.5099000930786133,英鎊,GAM Star歐洲股票基金累積單位-英鎊,yfinance,股票型,歐洲(含歐元區),A0017 台中銀投信,GAM
B40022,2014-05-13,2.503499984741211,英鎊,GAM Star歐洲股票基金累積單位-英鎊,yfinance,股票型,歐洲(含歐元區),A0017 台中銀投信,GAM
B40022,2014-05-14,2.501800060272217,英鎊,GAM Star歐洲股票基金累積單位-英鎊,yfinance,股票型,歐洲(含歐元區),A0017 台中銀投信,GAM
B40022,2014-05-15,2.4590001106262207,英鎊,GAM Star歐洲股票基金累積單位-英鎊,yfinance,股票型,歐洲(含歐元區),A0017 台中銀投信,GAM
B40022,2014-05-16,2.4351000785827637,英鎊,GAM Star歐洲股票基金累積單位-英鎊,yfinance,股票型,歐洲(含歐元區),A0017 台中銀投信,GAM
B40022,2014-05-19,2.450500011444092,英鎊,GAM Star歐洲股票基金累積單位-英鎊,yfinance,股票型,歐洲(含歐元區),A0017 台中銀投信,GAM
B40022,2014-05-20,2.453399896621704,英鎊,GAM Star歐洲股票基金累積單位-英鎊,yfinance,股票型,歐洲(含歐元區),A0017 台中銀投信,GAM
B40022,2014-05-21,2.457900047302246,英鎊,GAM Star歐洲股票基金累積單位-英鎊,yfinance,股票型,歐洲(含歐元區),A0017 台中銀投信,GAM
B40022,2014-05-22,2.465399980545044,英鎊,GAM Star歐洲股票基金累積單位-英鎊,yfinance,股票型,歐洲(含歐元區),A0017 台中銀投信,GAM
B40022,2014-05-23,2.472899913787842,英鎊,GAM Star歐洲股票基金累積單位-英鎊,yfinance,股票型,歐洲(含歐元區),A0017 台中銀投信,GAM
B40022,2014-05-27,2.503700017929077,英鎊,GAM Star歐洲股票基金累積單位-英鎊,yfinance,股票型,歐洲(含歐元區),A0017 台中銀投信,GAM
B40022,2014-05-28,2.512399911880493,英鎊,GAM Star歐洲股票基金累積單位-英鎊,yfinance,股票型,歐洲(含歐元區),A0017 台中銀投信,GAM
B40022,2014-05-29,2.5100998878479004,英鎊,GAM Star歐洲股票基金累積單位-英鎊,yfinance,股票型,歐洲(含歐元區),A0017 台中銀投信,GAM
B40022,2014-05-30,2.5123000144958496,英鎊,GAM Star歐洲股票基金累積單位-英鎊,yfinance,股票型,歐洲(含歐元區),A0017 台中銀投信,GAM
B40022,2014-06-02,2.5171000957489014,英鎊,GAM Star歐洲股票基金累積單位-英鎊,yfinance,股票型,歐洲(含歐元區),A0017 台中銀投信,GAM
B40022,2014-06-03,2.513000011444092,英鎊,GAM Star歐洲股票基金累積單位-英鎊,yfinance,股票型,歐洲(含歐元區),A0017 台中銀投信,GAM
B40022,2014-06-04,2.516400098800659,英鎊,GAM Star歐洲股票基金累積單位-英鎊,yfinance,股票型,歐洲(含歐元區),A0017 台中銀投信,GAM
B40022,2014-06-05,2.528599977493286,英鎊,GAM Star歐洲股票基金累積單位-英鎊,yfinance,股票型,歐洲(含歐元區),A0017 台中銀投信,GAM
B40022,2014-06-06,2.546999931335449,英鎊,GAM Star歐洲股票基金累積單位-英鎊,yfinance,股票型,歐洲(含歐元區),A0017 台中銀投信,GAM
B40022,2014-06-09,2.5432000160217285,英鎊,GAM Star歐洲股票基金累積單位-英鎊,yfinance,股票型,歐洲(含歐元區),A0017 台中銀投信,GAM
B40022,2014-06-10,2.5434000492095947,英鎊,GAM Star歐洲股票基金累積單位-英鎊,yfinance,股票型,歐洲(含歐元區),A0017 台中銀投信,GAM
B40022,2014-06-11,2.5160999298095703,英鎊,GAM Star歐洲股票基金累積單位-英鎊,yfinance,股票型,歐洲(含歐元區),A0017 台中銀投信,GAM
B40022,2014-06-12,2.501499891281128,英鎊,GAM Star歐洲股票基金累積單位-英鎊,yfinance,股票型,歐洲(含歐元區),A0017 台中銀投信,GAM
B40022,2014-06-13,2.4684998989105225,英鎊,GAM Star歐洲股票基金累積單位-英鎊,yfinance,股票型,歐洲(含歐元區),A0017 台中銀投信,GAM
B40022,2014-06-16,2.4600000381469727,英鎊,GAM Star歐洲股票基金累積單位-英鎊,yfinance,股票型,歐洲(含歐元區),A0017 台中銀投信,GAM
B40022,2014-06-17,2.4595000743865967,英鎊,GAM Star歐洲股票基金累積單位-英鎊,yfinance,股票型,歐洲(含歐元區),A0017 台中銀投信,GAM
B40022,2014-06-18,2.454900026321411,英鎊,GAM Star歐洲股票基金累積單位-英鎊,yfinance,股票型,歐洲(含歐元區),A0017 台中銀投信,GAM
B40022,2014-06-19,2.472399950027466,英鎊,GAM Star歐洲股票基金累積單位-英鎊,yfinance,股票型,歐洲(含歐元區),A0017 台中銀投信,GAM
B40022,2014-06-20,2.4719998836517334,英鎊,GAM Star歐洲股票基金累積單位-英鎊,yfinance,股票型,歐洲(含歐元區),A0017 台中銀投信,GAM
B40022,2014-06-23,2.4549999237060547,英鎊,GAM Star歐洲股票基金累積單位-英鎊,yfinance,股票型,歐洲(含歐元區),A0017 台中銀投信,GAM
B40022,2014-06-24,2.459700107574463,英鎊,GAM Star歐洲股票基金累積單位-英鎊,yfinance,股票型,歐洲(含歐元區),A0017 台中銀投信,GAM
B40022,2014-06-25,2.4363999366760254,英鎊,GAM Star歐洲股票基金累積單位-英鎊,yfinance,股票型,歐洲(含歐元區),A0017 台中銀投信,GAM
B40022,2014-06-26,2.430000066757202,英鎊,GAM Star歐洲股票基金累積單位-英鎊,yfinance,股票型,歐洲(含歐元區),A0017 台中銀投信,GAM
B40022,2014-06-27,2.4351000785827637,英鎊,GAM Star歐洲股票基金累積單位-英鎊,yfinance,股票型,歐洲(含歐元區),A0017 台中銀投信,GAM
B40022,2014-06-30,2.4274001121520996,英鎊,GAM Star歐洲股票基金累積單位-英鎊,yfinance,股票型,歐洲(含歐元區),A0017 台中銀投信,GAM
B40022,2014-07-01,2.4379000663757324,英鎊,GAM Star歐洲股票基金累積單位-英鎊,yfinance,股票型,歐洲(含歐元區),A0017 台中銀投信,GAM
B40022,2014-07-02,2.4409000873565674,英鎊,GAM Star歐洲股票基金累積單位-英鎊,yfinance,股票型,歐洲(含歐元區),A0017 台中銀投信,GAM
B40022,2014-07-03,2.4605000019073486,英鎊,GAM Star歐洲股票基金累積單位-英鎊,yfinance,股票型,歐洲(含歐元區),A0017 台中銀投信,GAM
B40022,2014-07-04,2.4475998878479004,英鎊,GAM Star歐洲股票基金累積單位-英鎊,yfinance,股票型,歐洲(含歐元區),A0017 台中銀投信,GAM
B40022,2014-07-07,2.4282000064849854,英鎊,GAM Star歐洲股票基金累積單位-英鎊,yfinance,股票型,歐洲(含歐元區),A0017 台中銀投信,GAM
B40022,2014-07-08,2.385200023651123,英鎊,GAM Star歐洲股票基金累積單位-英鎊,yfinance,股票型,歐洲(含歐元區),A0017 台中銀投信,GAM
B40022,2014-07-09,2.384399890899658,英鎊,GAM Star歐洲股票基金累積單位-英鎊,yfinance,股票型,歐洲(含歐元區),A0017 台中銀投信,GAM
B40022,2014-07-10,2.3548998832702637,英鎊,GAM Star歐洲股票基金累積單位-英鎊,yfinance,股票型,歐洲(含歐元區),A0017 台中銀投信,GAM
B40022,2014-07-11,2.3533999919891357,英鎊,GAM Star歐洲股票基金累積單位-英鎊,yfinance,股票型,歐洲(含歐元區),A0017 台中銀投信,GAM
B40022,2014-07-14,2.3817999362945557,英鎊,GAM Star歐洲股票基金累積單位-英鎊,yfinance,股票型,歐洲(含歐元區),A0017 台中銀投信,GAM
B40022,2014-07-15,2.3499999046325684,英鎊,GAM Star歐洲股票基金累積單位-英鎊,yfinance,股票型,歐洲(含歐元區),A0017 台中銀投信,GAM
B40022,2014-07-16,2.38070011138916,英鎊,GAM Star歐洲股票基金累積單位-英鎊,yfinance,股票型,歐洲(含歐元區),A0017 台中銀投信,GAM
B40022,2014-07-17,2.3691000938415527,英鎊,GAM Star歐洲股票基金累積單位-英鎊,yfinance,股票型,歐洲(含歐元區),A0017 台中銀投信,GAM
B40022,2014-07-18,2.3617000579833984,英鎊,GAM Star歐洲股票基金累積單位-英鎊,yfinance,股票型,歐洲(含歐元區),A0017 台中銀投信,GAM
B40022,2014-07-21,2.3468000888824463,英鎊,GAM Star歐洲股票基金累積單位-英鎊,yfinance,股票型,歐洲(含歐元區),A0017 台中銀投信,GAM
B40022,2014-07-22,2.371299982070923,英鎊,GAM Star歐洲股票基金累積單位-英鎊,yfinance,股票型,歐洲(含歐元區),A0017 台中銀投信,GAM
B40022,2014-07-23,2.380000114440918,英鎊,GAM Star歐洲股票基金累積單位-英鎊,yfinance,股票型,歐洲(含歐元區),A0017 台中銀投信,GAM
B40022,2014-07-24,2.4028000831604004,英鎊,GAM Star歐洲股票基金累積單位-英鎊,yfinance,股票型,歐洲(含歐元區),A0017 台中銀投信,GAM
B40022,2014-07-25,2.3803999423980713,英鎊,GAM Star歐洲股票基金累積單位-英鎊,yfinance,股票型,歐洲(含歐元區),A0017 台中銀投信,GAM
B40022,2014-07-28,2.3733999729156494,英鎊,GAM Star歐洲股票基金累積單位-英鎊,yfinance,股票型,歐洲(含歐元區),A0017 台中銀投信,GAM
B40022,2014-07-29,2.375499963760376,英鎊,GAM Star歐洲股票基金累積單位-英鎊,yfinance,股票型,歐洲(含歐元區),A0017 台中銀投信,GAM
B40022,2014-07-30,2.3629000186920166,英鎊,GAM Star歐洲股票基金累積單位-英鎊,yfinance,股票型,歐洲(含歐元區),A0017 台中銀投信,GAM
B40022,2014-07-31,2.3264999389648438,英鎊,GAM Star歐洲股票基金累積單位-英鎊,yfinance,股票型,歐洲(含歐元區),A0017 台中銀投信,GAM
B40022,2014-08-01,2.3252999782562256,英鎊,GAM Star歐洲股票基金累積單位-英鎊,yfinance,股票型,歐洲(含歐元區),A0017 台中銀投信,GAM
B40022,2014-08-04,2.303800106048584,英鎊,GAM Star歐洲股票基金累積單位-英鎊,yfinance,股票型,歐洲(含歐元區),A0017 台中銀投信,GAM
B40022,2014-08-05,2.285799980163574,英鎊,GAM Star歐洲股票基金累積單位-英鎊,yfinance,股票型,歐洲(含歐元區),A0017 台中銀投信,GAM
B40022,2014-08-06,2.274899959564209,英鎊,GAM Star歐洲股票基金累積單位-英鎊,yfinance,股票型,歐洲(含歐元區),A0017 台中銀投信,GAM
B40022,2014-08-07,2.259200096130371,英鎊,GAM Star歐洲股票基金累積單位-英鎊,yfinance,股票型,歐洲(含歐元區),A0017 台中銀投信,GAM
B40022,2014-08-08,2.263400077819824,英鎊,GAM Star歐洲股票基金累積單位-英鎊,yfinance,股票型,歐洲(含歐元區),A0017 台中銀投信,GAM
B40022,2014-08-11,2.2978999614715576,英鎊,GAM Star歐洲股票基金累積單位-英鎊,yfinance,股票型,歐洲(含歐元區),A0017 台中銀投信,GAM
B40022,2014-08-12,2.285799980163574,英鎊,GAM Star歐洲股票基金累積單位-英鎊,yfinance,股票型,歐洲(含歐元區),A0017 台中銀投信,GAM
B40022,2014-08-13,2.307499885559082,英鎊,GAM Star歐洲股票基金累積單位-英鎊,yfinance,股票型,歐洲(含歐元區),A0017 台中銀投信,GAM
B40022,2014-08-14,2.315999984741211,英鎊,GAM Star歐洲股票基金累積單位-英鎊,yfinance,股票型,歐洲(含歐元區),A0017 台中銀投信,GAM
B40022,2014-08-15,2.3125,英鎊,GAM Star歐洲股票基金累積單位-英鎊,yfinance,股票型,歐洲(含歐元區),A0017 台中銀投信,GAM
B40022,2014-08-18,2.327500104904175,英鎊,GAM Star歐洲股票基金累積單位-英鎊,yfinance,股票型,歐洲(含歐元區),A0017 台中銀投信,GAM
B40022,2014-08-19,2.359299898147583,英鎊,GAM Star歐洲股票基金累積單位-英鎊,yfinance,股票型,歐洲(含歐元區),A0017 台中銀投信,GAM
B40022,2014-08-20,2.3478000164031982,英鎊,GAM Star歐洲股票基金累積單位-英鎊,yfinance,股票型,歐洲(含歐元區),A0017 台中銀投信,GAM
B40022,2014-08-21,2.3724000453948975,英鎊,GAM Star歐洲股票基金累積單位-英鎊,yfinance,股票型,歐洲(含歐元區),A0017 台中銀投信,GAM
B40022,2014-08-22,2.3629000186920166,英鎊,GAM Star歐洲股票基金累積單位-英鎊,yfinance,股票型,歐洲(含歐元區),A0017 台中銀投信,GAM
B40022,2014-08-26,2.396199941635132,英鎊,GAM Star歐洲股票基金累積單位-英鎊,yfinance,股票型,歐洲(含歐元區),A0017 台中銀投信,GAM
B40022,2014-08-27,2.3991000652313232,英鎊,GAM Star歐洲股票基金累積單位-英鎊,yfinance,股票型,歐洲(含歐元區),A0017 台中銀投信,GAM
B40022,2014-08-28,2.374300003051758,英鎊,GAM Star歐洲股票基金累積單位-英鎊,yfinance,股票型,歐洲(含歐元區),A0017 台中銀投信,GAM
B40022,2014-08-29,2.3654000759124756,英鎊,GAM Star歐洲股票基金累積單位-英鎊,yfinance,股票型,歐洲(含歐元區),A0017 台中銀投信,GAM
B40022,2014-09-01,2.3687000274658203,英鎊,GAM Star歐洲股票基金累積單位-英鎊,yfinance,股票型,歐洲(含歐元區),A0017 台中銀投信,GAM
B40022,2014-09-02,2.384200096130371,英鎊,GAM Star歐洲股票基金累積單位-英鎊,yfinance,股票型,歐洲(含歐元區),A0017 台中銀投信,GAM
B40022,2014-09-03,2.4165000915527344,英鎊,GAM Star歐洲股票基金累積單位-英鎊,yfinance,股票型,歐洲(含歐元區),A0017 台中銀投信,GAM
B40022,2014-09-04,2.4286999702453613,英鎊,GAM Star歐洲股票基金累積單位-英鎊,yfinance,股票型,歐洲(含歐元區),A0017 台中銀投信,GAM
B40022,2014-09-05,2.4291999340057373,英鎊,GAM Star歐洲股票基金累積單位-英鎊,yfinance,股票型,歐洲(含歐元區),A0017 台中銀投信,GAM
B40022,2014-09-08,2.445499897003174,英鎊,GAM Star歐洲股票基金累積單位-英鎊,yfinance,股票型,歐洲(含歐元區),A0017 台中銀投信,GAM
B40022,2014-09-09,2.447499990463257,英鎊,GAM Star歐洲股票基金累積單位-英鎊,yfinance,股票型,歐洲(含歐元區),A0017 台中銀投信,GAM
B40022,2014-09-10,2.426300048828125,英鎊,GAM Star歐洲股票基金累積單位-英鎊,yfinance,股票型,歐洲(含歐元區),A0017 台中銀投信,GAM
B40022,2014-09-11,2.413800001144409,英鎊,GAM Star歐洲股票基金累積單位-英鎊,yfinance,股票型,歐洲(含歐元區),A0017 台中銀投信,GAM
B40022,2014-09-12,2.4268999099731445,英鎊,GAM Star歐洲股票基金累積單位-英鎊,yfinance,股票型,歐洲(含歐元區),A0017 台中銀投信,GAM
B40022,2014-09-15,2.420300006866455,英鎊,GAM Star歐洲股票基金累積單位-英鎊,yfinance,股票型,歐洲(含歐元區),A0017 台中銀投信,GAM
B40022,2014-09-16,2.4072000980377197,英鎊,GAM Star歐洲股票基金累積單位-英鎊,yfinance,股票型,歐洲(含歐元區),A0017 台中銀投信,GAM
B40022,2014-09-17,2.395400047302246,英鎊,GAM Star歐洲股票基金累積單位-英鎊,yfinance,股票型,歐洲(含歐元區),A0017 台中銀投信,GAM
B40022,2014-09-18,2.4102001190185547,英鎊,GAM Star歐洲股票基金累積單位-英鎊,yfinance,股票型,歐洲(含歐元區),A0017 台中銀投信,GAM
B40022,2014-09-19,2.4128000736236572,英鎊,GAM Star歐洲股票基金累積單位-英鎊,yfinance,股票型,歐洲(含歐元區),A0017 台中銀投信,GAM
B40022,2014-09-22,2.3891000747680664,英鎊,GAM Star歐洲股票基金累積單位-英鎊,yfinance,股票型,歐洲(含歐元區),A0017 台中銀投信,GAM
B40022,2014-09-23,2.3592000007629395,英鎊,GAM Star歐洲股票基金累積單位-英鎊,yfinance,股票型,歐洲(含歐元區),A0017 台中銀投信,GAM
B40022,2014-09-24,2.365600109100342,英鎊,GAM Star歐洲股票基金累積單位-英鎊,yfinance,股票型,歐洲(含歐元區),A0017 台中銀投信,GAM
B40022,2014-09-25,2.3471999168395996,英鎊,GAM Star歐洲股票基金累積單位-英鎊,yfinance,股票型,歐洲(含歐元區),A0017 台中銀投信,GAM
B40022,2014-09-26,2.3471999168395996,英鎊,GAM Star歐洲股票基金累積單位-英鎊,yfinance,股票型,歐洲(含歐元區),A0017 台中銀投信,GAM
B40022,2014-09-29,2.340100049972534,英鎊,GAM Star歐洲股票基金累積單位-英鎊,yfinance,股票型,歐洲(含歐元區),A0017 台中銀投信,GAM
B40022,2014-09-30,2.348400115966797,英鎊,GAM Star歐洲股票基金累積單位-英鎊,yfinance,股票型,歐洲(含歐元區),A0017 台中銀投信,GAM
B40022,2014-10-01,2.3331000804901123,英鎊,GAM Star歐洲股票基金累積單位-英鎊,yfinance,股票型,歐洲(含歐元區),A0017 台中銀投信,GAM
B40022,2014-10-02,2.295799970626831,英鎊,GAM Star歐洲股票基金累積單位-英鎊,yfinance,股票型,歐洲(含歐元區),A0017 台中銀投信,GAM
B40022,2014-10-03,2.308300018310547,英鎊,GAM Star歐洲股票基金累積單位-英鎊,yfinance,股票型,歐洲(含歐元區),A0017 台中銀投信,GAM
B40022,2014-10-06,2.3173000812530518,英鎊,GAM Star歐洲股票基金累積單位-英鎊,yfinance,股票型,歐洲(含歐元區),A0017 台中銀投信,GAM
B40022,2014-10-07,2.2757999897003174,英鎊,GAM Star歐洲股票基金累積單位-英鎊,yfinance,股票型,歐洲(含歐元區),A0017 台中銀投信,GAM
B40022,2014-10-08,2.259399890899658,英鎊,GAM Star歐洲股票基金累積單位-英鎊,yfinance,股票型,歐洲(含歐元區),A0017 台中銀投信,GAM
B40022,2014-10-09,2.2392001152038574,英鎊,GAM Star歐洲股票基金累積單位-英鎊,yfinance,股票型,歐洲(含歐元區),A0017 台中銀投信,GAM
B40022,2014-10-10,2.20770001411438,英鎊,GAM Star歐洲股票基金累積單位-英鎊,yfinance,股票型,歐洲(含歐元區),A0017 台中銀投信,GAM
B40022,2014-10-13,2.222100019454956,英鎊,GAM Star歐洲股票基金累積單位-英鎊,yfinance,股票型,歐洲(含歐元區),A0017 台中銀投信,GAM
B40022,2014-10-14,2.2344000339508057,英鎊,GAM Star歐洲股票基金累積單位-英鎊,yfinance,股票型,歐洲(含歐元區),A0017 台中銀投信,GAM
B40022,2014-10-15,2.1851999759674072,英鎊,GAM Star歐洲股票基金累積單位-英鎊,yfinance,股票型,歐洲(含歐元區),A0017 台中銀投信,GAM
B40022,2014-10-16,2.164099931716919,英鎊,GAM Star歐洲股票基金累積單位-英鎊,yfinance,股票型,歐洲(含歐元區),A0017 台中銀投信,GAM
B40022,2014-10-17,2.2242000102996826,英鎊,GAM Star歐洲股票基金累積單位-英鎊,yfinance,股票型,歐洲(含歐元區),A0017 台中銀投信,GAM
B40022,2014-10-20,2.214200019836426,英鎊,GAM Star歐洲股票基金累積單位-英鎊,yfinance,股票型,歐洲(含歐元區),A0017 台中銀投信,GAM
B40022,2014-10-21,2.2576000690460205,英鎊,GAM Star歐洲股票基金累積單位-英鎊,yfinance,股票型,歐洲(含歐元區),A0017 台中銀投信,GAM
B40022,2014-10-22,2.2711000442504883,英鎊,GAM Star歐洲股票基金累積單位-英鎊,yfinance,股票型,歐洲(含歐元區),A0017 台中銀投信,GAM
B40022,2014-10-23,2.2869999408721924,英鎊,GAM Star歐洲股票基金累積單位-英鎊,yfinance,股票型,歐洲(含歐元區),A0017 台中銀投信,GAM
B40022,2014-10-24,2.27239990234375,英鎊,GAM Star歐洲股票基金累積單位-英鎊,yfinance,股票型,歐洲(含歐元區),A0017 台中銀投信,GAM
B40022,2014-10-27,2.261399984359741,英鎊,GAM Star歐洲股票基金累積單位-英鎊,yfinance,股票型,歐洲(含歐元區),A0017 台中銀投信,GAM
B40022,2014-10-28,2.2834999561309814,英鎊,GAM Star歐洲股票基金累積單位-英鎊,yfinance,股票型,歐洲(含歐元區),A0017 台中銀投信,GAM
B40022,2014-10-29,2.2855000495910645,英鎊,GAM Star歐洲股票基金累積單位-英鎊,yfinance,股票型,歐洲(含歐元區),A0017 台中銀投信,GAM
B40022,2014-10-30,2.29229998588562,英鎊,GAM Star歐洲股票基金累積單位-英鎊,yfinance,股票型,歐洲(含歐元區),A0017 台中銀投信,GAM
B40022,2014-10-31,2.321899890899658,英鎊,GAM Star歐洲股票基金累積單位-英鎊,yfinance,股票型,歐洲(含歐元區),A0017 台中銀投信,GAM
B40022,2014-11-03,2.312999963760376,英鎊,GAM Star歐洲股票基金累積單位-英鎊,yfinance,股票型,歐洲(含歐元區),A0017 台中銀投信,GAM
B40022,2014-11-04,2.3008999824523926,英鎊,GAM Star歐洲股票基金累積單位-英鎊,yfinance,股票型,歐洲(含歐元區),A0017 台中銀投信,GAM
B40022,2014-11-05,2.3306000232696533,英鎊,GAM Star歐洲股票基金累積單位-英鎊,yfinance,股票型,歐洲(含歐元區),A0017 台中銀投信,GAM
B40022,2014-11-06,2.3292999267578125,英鎊,GAM Star歐洲股票基金累積單位-英鎊,yfinance,股票型,歐洲(含歐元區),A0017 台中銀投信,GAM
B40022,2014-11-07,2.322200059890747,英鎊,GAM Star歐洲股票基金累積單位-英鎊,yfinance,股票型,歐洲(含歐元區),A0017 台中銀投信,GAM
B40022,2014-11-10,2.3424999713897705,英鎊,GAM Star歐洲股票基金累積單位-英鎊,yfinance,股票型,歐洲(含歐元區),A0017 台中銀投信,GAM
B40022,2014-11-11,2.352799892425537,英鎊,GAM Star歐洲股票基金累積單位-英鎊,yfinance,股票型,歐洲(含歐元區),A0017 台中銀投信,GAM
B40022,2014-11-12,2.334399938583374,英鎊,GAM Star歐洲股票基金累積單位-英鎊,yfinance,股票型,歐洲(含歐元區),A0017 台中銀投信,GAM
B40022,2014-11-13,2.3596999645233154,英鎊,GAM Star歐洲股票基金累積單位-英鎊,yfinance,股票型,歐洲(含歐元區),A0017 台中銀投信,GAM
B40022,2014-11-14,2.3784000873565674,英鎊,GAM Star歐洲股票基金累積單位-英鎊,yfinance,股票型,歐洲(含歐元區),A0017 台中銀投信,GAM
B40022,2014-11-17,2.384000062942505,英鎊,GAM Star歐洲股票基金累積單位-英鎊,yfinance,股票型,歐洲(含歐元區),A0017 台中銀投信,GAM
B40022,2014-11-18,2.4258999824523926,英鎊,GAM Star歐洲股票基金累積單位-英鎊,yfinance,股票型,歐洲(含歐元區),A0017 台中銀投信,GAM
B40022,2014-11-19,2.4221999645233154,英鎊,GAM Star歐洲股票基金累積單位-英鎊,yfinance,股票型,歐洲(含歐元區),A0017 台中銀投信,GAM
B40022,2014-11-20,2.421799898147583,英鎊,GAM Star歐洲股票基金累積單位-英鎊,yfinance,股票型,歐洲(含歐元區),A0017 台中銀投信,GAM
B40022,2014-11-21,2.44320011138916,英鎊,GAM Star歐洲股票基金累積單位-英鎊,yfinance,股票型,歐洲(含歐元區),A0017 台中銀投信,GAM
B40022,2014-11-24,2.459199905395508,英鎊,GAM Star歐洲股票基金累積單位-英鎊,yfinance,股票型,歐洲(含歐元區),A0017 台中銀投信,GAM
B40022,2014-11-25,2.4714999198913574,英鎊,GAM Star歐洲股票基金累積單位-英鎊,yfinance,股票型,歐洲(含歐元區),A0017 台中銀投信,GAM
B40022,2014-11-26,2.461199998855591,英鎊,GAM Star歐洲股票基金累積單位-英鎊,yfinance,股票型,歐洲(含歐元區),A0017 台中銀投信,GAM
B40022,2014-11-27,2.4811999797821045,英鎊,GAM Star歐洲股票基金累積單位-英鎊,yfinance,股票型,歐洲(含歐元區),A0017 台中銀投信,GAM
B40022,2014-11-28,2.48580002784729,英鎊,GAM Star歐洲股票基金累積單位-英鎊,yfinance,股票型,歐洲(含歐元區),A0017 台中銀投信,GAM
B40022,2014-12-01,2.4727001190185547,英鎊,GAM Star歐洲股票基金累積單位-英鎊,yfinance,股票型,歐洲(含歐元區),A0017 台中銀投信,GAM
B40022,2014-12-02,2.4762001037597656,英鎊,GAM Star歐洲股票基金累積單位-英鎊,yfinance,股票型,歐洲(含歐元區),A0017 台中銀投信,GAM
B40022,2014-12-03,2.4791998863220215,英鎊,GAM Star歐洲股票基金累積單位-英鎊,yfinance,股票型,歐洲(含歐元區),A0017 台中銀投信,GAM
B40022,2014-12-04,2.4814000129699707,英鎊,GAM Star歐洲股票基金累積單位-英鎊,yfinance,股票型,歐洲(含歐元區),A0017 台中銀投信,GAM
B40022,2014-12-05,2.5241000652313232,英鎊,GAM Star歐洲股票基金累積單位-英鎊,yfinance,股票型,歐洲(含歐元區),A0017 台中銀投信,GAM
B40022,2014-12-08,2.5055999755859375,英鎊,GAM Star歐洲股票基金累積單位-英鎊,yfinance,股票型,歐洲(含歐元區),A0017 台中銀投信,GAM
B40022,2014-12-09,2.4505999088287354,英鎊,GAM Star歐洲股票基金累積單位-英鎊,yfinance,股票型,歐洲(含歐元區),A0017 台中銀投信,GAM
B40022,2014-12-10,2.4539999961853027,英鎊,GAM Star歐洲股票基金累積單位-英鎊,yfinance,股票型,歐洲(含歐元區),A0017 台中銀投信,GAM
B40022,2014-12-11,2.4474000930786133,英鎊,GAM Star歐洲股票基金累積單位-英鎊,yfinance,股票型,歐洲(含歐元區),A0017 台中銀投信,GAM
B40022,2014-12-12,2.4114999771118164,英鎊,GAM Star歐洲股票基金累積單位-英鎊,yfinance,股票型,歐洲(含歐元區),A0017 台中銀投信,GAM
B40022,2014-12-15,2.370699882507324,英鎊,GAM Star歐洲股票基金累積單位-英鎊,yfinance,股票型,歐洲(含歐元區),A0017 台中銀投信,GAM
B40022,2014-12-16,2.39520001411438,英鎊,GAM Star歐洲股票基金累積單位-英鎊,yfinance,股票型,歐洲(含歐元區),A0017 台中銀投信,GAM
B40022,2014-12-17,2.389899969100952,英鎊,GAM Star歐洲股票基金累積單位-英鎊,yfinance,股票型,歐洲(含歐元區),A0017 台中銀投信,GAM
B40022,2014-12-18,2.438800096511841,英鎊,GAM Star歐洲股票基金累積單位-英鎊,yfinance,股票型,歐洲(含歐元區),A0017 台中銀投信,GAM
B40022,2014-12-19,2.4414000511169434,英鎊,GAM Star歐洲股票基金累積單位-英鎊,yfinance,股票型,歐洲(含歐元區),A0017 台中銀投信,GAM
B40022,2014-12-22,2.4600000381469727,英鎊,GAM Star歐洲股票基金累積單位-英鎊,yfinance,股票型,歐洲(含歐元區),A0017 台中銀投信,GAM
B40022,2014-12-23,2.4714999198913574,英鎊,GAM Star歐洲股票基金累積單位-英鎊,yfinance,股票型,歐洲(含歐元區),A0017 台中銀投信,GAM
B40022,2014-12-29,2.471100091934204,英鎊,GAM Star歐洲股票基金累積單位-英鎊,yfinance,股票型,歐洲(含歐元區),A0017 台中銀投信,GAM
B40022,2014-12-30,2.4484000205993652,英鎊,GAM Star歐洲股票基金累積單位-英鎊,yfinance,股票型,歐洲(含歐元區),A0017 台中銀投信,GAM
B40022,2014-12-31,2.4435999393463135,英鎊,GAM Star歐洲股票基金累積單位-英鎊,yfinance,股票型,歐洲(含歐元區),A0017 台中銀投信,GAM
B40016,2014-01-02,1.5458999872207642,英鎊,GAM Star環球股票基金累積單位-英鎊,yfinance,股票型,全球市場,A0017 台中銀投信,GAM
B40016,2014-01-03,1.5469000339508057,英鎊,GAM Star環球股票基金累積單位-英鎊,yfinance,股票型,全球市場,A0017 台中銀投信,GAM
B40016,2014-01-06,1.5509999990463257,英鎊,GAM Star環球股票基金累積單位-英鎊,yfinance,股票型,全球市場,A0017 台中銀投信,GAM
B40016,2014-01-07,1.5654000043869019,英鎊,GAM Star環球股票基金累積單位-英鎊,yfinance,股票型,全球市場,A0017 台中銀投信,GAM
B40016,2014-01-08,1.5635000467300415,英鎊,GAM Star環球股票基金累積單位-英鎊,yfinance,股票型,全球市場,A0017 台中銀投信,GAM
B40016,2014-01-09,1.5566999912261963,英鎊,GAM Star環球股票基金累積單位-英鎊,yfinance,股票型,全球市場,A0017 台中銀投信,GAM
B40016,2014-01-10,1.5650999546051025,英鎊,GAM Star環球股票基金累積單位-英鎊,yfinance,股票型,全球市場,A0017 台中銀投信,GAM
B40016,2014-01-13,1.5721999406814575,英鎊,GAM Star環球股票基金累積單位-英鎊,yfinance,股票型,全球市場,A0017 台中銀投信,GAM
B40016,2014-01-14,1.569700002670288,英鎊,GAM Star環球股票基金累積單位-英鎊,yfinance,股票型,全球市場,A0017 台中銀投信,GAM
B40016,2014-01-15,1.5872000455856323,英鎊,GAM Star環球股票基金累積單位-英鎊,yfinance,股票型,全球市場,A0017 台中銀投信,GAM
B40016,2014-01-16,1.5839999914169312,英鎊,GAM Star環球股票基金累積單位-英鎊,yfinance,股票型,全球市場,A0017 台中銀投信,GAM
B40016,2014-01-17,1.568600058555603,英鎊,GAM Star環球股票基金累積單位-英鎊,yfinance,股票型,全球市場,A0017 台中銀投信,GAM
B40016,2014-01-20,1.563099980354309,英鎊,GAM Star環球股票基金累積單位-英鎊,yfinance,股票型,全球市場,A0017 台中銀投信,GAM
B40016,2014-01-21,1.554800033569336,英鎊,GAM Star環球股票基金累積單位-英鎊,yfinance,股票型,全球市場,A0017 台中銀投信,GAM
B40016,2014-01-22,1.5437999963760376,英鎊,GAM Star環球股票基金累積單位-英鎊,yfinance,股票型,全球市場,A0017 台中銀投信,GAM
B40016,2014-01-23,1.5382000207901,英鎊,GAM Star環球股票基金累積單位-英鎊,yfinance,股票型,全球市場,A0017 台中銀投信,GAM
B40016,2014-01-24,1.5140999555587769,英鎊,GAM Star環球股票基金累積單位-英鎊,yfinance,股票型,全球市場,A0017 台中銀投信,GAM
B40016,2014-01-27,1.4940999746322632,英鎊,GAM Star環球股票基金累積單位-英鎊,yfinance,股票型,全球市場,A0017 台中銀投信,GAM
B40016,2014-01-28,1.5113999843597412,英鎊,GAM Star環球股票基金累積單位-英鎊,yfinance,股票型,全球市場,A0017 台中銀投信,GAM
B40016,2014-01-29,1.503999948501587,英鎊,GAM Star環球股票基金累積單位-英鎊,yfinance,股票型,全球市場,A0017 台中銀投信,GAM
B40016,2014-01-30,1.5097999572753906,英鎊,GAM Star環球股票基金累積單位-英鎊,yfinance,股票型,全球市場,A0017 台中銀投信,GAM
B40016,2014-01-31,1.502500057220459,英鎊,GAM Star環球股票基金累積單位-英鎊,yfinance,股票型,全球市場,A0017 台中銀投信,GAM
B40016,2014-02-03,1.4917000532150269,英鎊,GAM Star環球股票基金累積單位-英鎊,yfinance,股票型,全球市場,A0017 台中銀投信,GAM
B40016,2014-02-04,1.5,英鎊,GAM Star環球股票基金累積單位-英鎊,yfinance,股票型,全球市場,A0017 台中銀投信,GAM
B40016,2014-02-05,1.5051000118255615,英鎊,GAM Star環球股票基金累積單位-英鎊,yfinance,股票型,全球市場,A0017 台中銀投信,GAM
B40016,2014-02-06,1.534600019454956,英鎊,GAM Star環球股票基金累積單位-英鎊,yfinance,股票型,全球市場,A0017 台中銀投信,GAM
B40016,2014-02-07,1.5413000583648682,英鎊,GAM Star環球股票基金累積單位-英鎊,yfinance,股票型,全球市場,A0017 台中銀投信,GAM
B40016,2014-02-10,1.5432000160217285,英鎊,GAM Star環球股票基金累積單位-英鎊,yfinance,股票型,全球市場,A0017 台中銀投信,GAM
B40016,2014-02-11,1.55840003490448,英鎊,GAM Star環球股票基金累積單位-英鎊,yfinance,股票型,全球市場,A0017 台中銀投信,GAM
B40016,2014-02-12,1.5497000217437744,英鎊,GAM Star環球股票基金累積單位-英鎊,yfinance,股票型,全球市場,A0017 台中銀投信,GAM
B40016,2014-02-13,1.5472999811172485,英鎊,GAM Star環球股票基金累積單位-英鎊,yfinance,股票型,全球市場,A0017 台中銀投信,GAM
B40016,2014-02-14,1.5424000024795532,英鎊,GAM Star環球股票基金累積單位-英鎊,yfinance,股票型,全球市場,A0017 台中銀投信,GAM
B40016,2014-02-17,1.5507999658584595,英鎊,GAM Star環球股票基金累積單位-英鎊,yfinance,股票型,全球市場,A0017 台中銀投信,GAM
B40016,2014-02-18,1.555400013923645,英鎊,GAM Star環球股票基金累積單位-英鎊,yfinance,股票型,全球市場,A0017 台中銀投信,GAM
B40016,2014-02-19,1.5533000230789185,英鎊,GAM Star環球股票基金累積單位-英鎊,yfinance,股票型,全球市場,A0017 台中銀投信,GAM
B40016,2014-02-20,1.5532000064849854,英鎊,GAM Star環球股票基金累積單位-英鎊,yfinance,股票型,全球市場,A0017 台中銀投信,GAM
B40016,2014-02-21,1.568600058555603,英鎊,GAM Star環球股票基金累積單位-英鎊,yfinance,股票型,全球市場,A0017 台中銀投信,GAM
B40016,2014-02-24,1.5772000551223755,英鎊,GAM Star環球股票基金累積單位-英鎊,yfinance,股票型,全球市場,A0017 台中銀投信,GAM
B40016,2014-02-25,1.5764000415802002,英鎊,GAM Star環球股票基金累積單位-英鎊,yfinance,股票型,全球市場,A0017 台中銀投信,GAM
B40016,2014-02-26,1.569200038909912,英鎊,GAM Star環球股票基金累積單位-英鎊,yfinance,股票型,全球市場,A0017 台中銀投信,GAM
B40016,2014-02-27,1.562399983406067,英鎊,GAM Star環球股票基金累積單位-英鎊,yfinance,股票型,全球市場,A0017 台中銀投信,GAM
B40016,2014-02-28,1.5645999908447266,英鎊,GAM Star環球股票基金累積單位-英鎊,yfinance,股票型,全球市場,A0017 台中銀投信,GAM
B40016,2014-03-03,1.5424000024795532,英鎊,GAM Star環球股票基金累積單位-英鎊,yfinance,股票型,全球市場,A0017 台中銀投信,GAM
B40016,2014-03-04,1.5734000205993652,英鎊,GAM Star環球股票基金累積單位-英鎊,yfinance,股票型,全球市場,A0017 台中銀投信,GAM
B40016,2014-03-05,1.5755000114440918,英鎊,GAM Star環球股票基金累積單位-英鎊,yfinance,股票型,全球市場,A0017 台中銀投信,GAM
B40016,2014-03-06,1.5902999639511108,英鎊,GAM Star環球股票基金累積單位-英鎊,yfinance,股票型,全球市場,A0017 台中銀投信,GAM
B40016,2014-03-07,1.5779000520706177,英鎊,GAM Star環球股票基金累積單位-英鎊,yfinance,股票型,全球市場,A0017 台中銀投信,GAM
B40016,2014-03-10,1.5836000442504883,英鎊,GAM Star環球股票基金累積單位-英鎊,yfinance,股票型,全球市場,A0017 台中銀投信,GAM
B40016,2014-03-11,1.5851000547409058,英鎊,GAM Star環球股票基金累積單位-英鎊,yfinance,股票型,全球市場,A0017 台中銀投信,GAM
B40016,2014-03-12,1.5752999782562256,英鎊,GAM Star環球股票基金累積單位-英鎊,yfinance,股票型,全球市場,A0017 台中銀投信,GAM
B40016,2014-03-13,1.554800033569336,英鎊,GAM Star環球股票基金累積單位-英鎊,yfinance,股票型,全球市場,A0017 台中銀投信,GAM
B40016,2014-03-14,1.5440000295639038,英鎊,GAM Star環球股票基金累積單位-英鎊,yfinance,股票型,全球市場,A0017 台中銀投信,GAM
B40016,2014-03-17,1.567199945449829,英鎊,GAM Star環球股票基金累積單位-英鎊,yfinance,股票型,全球市場,A0017 台中銀投信,GAM
B40016,2014-03-18,1.5791000127792358,英鎊,GAM Star環球股票基金累積單位-英鎊,yfinance,股票型,全球市場,A0017 台中銀投信,GAM
B40016,2014-03-19,1.5765000581741333,英鎊,GAM Star環球股票基金累積單位-英鎊,yfinance,股票型,全球市場,A0017 台中銀投信,GAM
B40016,2014-03-20,1.5733000040054321,英鎊,GAM Star環球股票基金累積單位-英鎊,yfinance,股票型,全球市場,A0017 台中銀投信,GAM
B40016,2014-03-21,1.57260000705719,英鎊,GAM Star環球股票基金累積單位-英鎊,yfinance,股票型,全球市場,A0017 台中銀投信,GAM
B40016,2014-03-24,1.559000015258789,英鎊,GAM Star環球股票基金累積單位-英鎊,yfinance,股票型,全球市場,A0017 台中銀投信,GAM
B40016,2014-03-25,1.5663000345230103,英鎊,GAM Star環球股票基金累積單位-英鎊,yfinance,股票型,全球市場,A0017 台中銀投信,GAM
B40016,2014-03-26,1.5686999559402466,英鎊,GAM Star環球股票基金累積單位-英鎊,yfinance,股票型,全球市場,A0017 台中銀投信,GAM
B40016,2014-03-27,1.5648000240325928,英鎊,GAM Star環球股票基金累積單位-英鎊,yfinance,股票型,全球市場,A0017 台中銀投信,GAM
B40016,2014-03-28,1.5758999586105347,英鎊,GAM Star環球股票基金累積單位-英鎊,yfinance,股票型,全球市場,A0017 台中銀投信,GAM
B40016,2014-03-31,1.5865999460220337,英鎊,GAM Star環球股票基金累積單位-英鎊,yfinance,股票型,全球市場,A0017 台中銀投信,GAM
B40016,2014-04-01,1.6061999797821045,英鎊,GAM Star環球股票基金累積單位-英鎊,yfinance,股票型,全球市場,A0017 台中銀投信,GAM
B40016,2014-04-02,1.6065000295639038,英鎊,GAM Star環球股票基金累積單位-英鎊,yfinance,股票型,全球市場,A0017 台中銀投信,GAM
B40016,2014-04-03,1.6045000553131104,英鎊,GAM Star環球股票基金累積單位-英鎊,yfinance,股票型,全球市場,A0017 台中銀投信,GAM
B40016,2014-04-04,1.6073999404907227,英鎊,GAM Star環球股票基金累積單位-英鎊,yfinance,股票型,全球市場,A0017 台中銀投信,GAM
B40016,2014-04-07,1.5870000123977661,英鎊,GAM Star環球股票基金累積單位-英鎊,yfinance,股票型,全球市場,A0017 台中銀投信,GAM
B40016,2014-04-08,1.5693999528884888,英鎊,GAM Star環球股票基金累積單位-英鎊,yfinance,股票型,全球市場,A0017 台中銀投信,GAM
B40016,2014-04-09,1.575600028038025,英鎊,GAM Star環球股票基金累積單位-英鎊,yfinance,股票型,全球市場,A0017 台中銀投信,GAM
B40016,2014-04-10,1.565500020980835,英鎊,GAM Star環球股票基金累積單位-英鎊,yfinance,股票型,全球市場,A0017 台中銀投信,GAM
B40016,2014-04-11,1.551200032234192,英鎊,GAM Star環球股票基金累積單位-英鎊,yfinance,股票型,全球市場,A0017 台中銀投信,GAM
B40016,2014-04-14,1.5455000400543213,英鎊,GAM Star環球股票基金累積單位-英鎊,yfinance,股票型,全球市場,A0017 台中銀投信,GAM
B40016,2014-04-15,1.5285999774932861,英鎊,GAM Star環球股票基金累積單位-英鎊,yfinance,股票型,全球市場,A0017 台中銀投信,GAM
B40016,2014-04-16,1.542199969291687,英鎊,GAM Star環球股票基金累積單位-英鎊,yfinance,股票型,全球市場,A0017 台中銀投信,GAM
B40016,2014-04-17,1.5497000217437744,英鎊,GAM Star環球股票基金累積單位-英鎊,yfinance,股票型,全球市場,A0017 台中銀投信,GAM
B40016,2014-04-22,1.5611000061035156,英鎊,GAM Star環球股票基金累積單位-英鎊,yfinance,股票型,全球市場,A0017 台中銀投信,GAM
B40016,2014-04-23,1.5615999698638916,英鎊,GAM Star環球股票基金累積單位-英鎊,yfinance,股票型,全球市場,A0017 台中銀投信,GAM
B40016,2014-04-24,1.561400055885315,英鎊,GAM Star環球股票基金累積單位-英鎊,yfinance,股票型,全球市場,A0017 台中銀投信,GAM
B40016,2014-04-25,1.5484999418258667,英鎊,GAM Star環球股票基金累積單位-英鎊,yfinance,股票型,全球市場,A0017 台中銀投信,GAM
B40016,2014-04-28,1.5480999946594238,英鎊,GAM Star環球股票基金累積單位-英鎊,yfinance,股票型,全球市場,A0017 台中銀投信,GAM
B40016,2014-04-29,1.555999994277954,英鎊,GAM Star環球股票基金累積單位-英鎊,yfinance,股票型,全球市場,A0017 台中銀投信,GAM
B40016,2014-04-30,1.555299997329712,英鎊,GAM Star環球股票基金累積單位-英鎊,yfinance,股票型,全球市場,A0017 台中銀投信,GAM
B40016,2014-05-01,1.5562000274658203,英鎊,GAM Star環球股票基金累積單位-英鎊,yfinance,股票型,全球市場,A0017 台中銀投信,GAM
B40016,2014-05-02,1.5643999576568604,英鎊,GAM Star環球股票基金累積單位-英鎊,yfinance,股票型,全球市場,A0017 台中銀投信,GAM
B40016,2014-05-06,1.552299976348877,英鎊,GAM Star環球股票基金累積單位-英鎊,yfinance,股票型,全球市場,A0017 台中銀投信,GAM
B40016,2014-05-07,1.5499000549316406,英鎊,GAM Star環球股票基金累積單位-英鎊,yfinance,股票型,全球市場,A0017 台中銀投信,GAM
B40016,2014-05-08,1.5585999488830566,英鎊,GAM Star環球股票基金累積單位-英鎊,yfinance,股票型,全球市場,A0017 台中銀投信,GAM
B40016,2014-05-09,1.5569000244140625,英鎊,GAM Star環球股票基金累積單位-英鎊,yfinance,股票型,全球市場,A0017 台中銀投信,GAM
B40016,2014-05-12,1.5672999620437622,英鎊,GAM Star環球股票基金累積單位-英鎊,yfinance,股票型,全球市場,A0017 台中銀投信,GAM
B40016,2014-05-13,1.5707000494003296,英鎊,GAM Star環球股票基金累積單位-英鎊,yfinance,股票型,全球市場,A0017 台中銀投信,GAM
B40016,2014-05-14,1.5736000537872314,英鎊,GAM Star環球股票基金累積單位-英鎊,yfinance,股票型,全球市場,A0017 台中銀投信,GAM
B40016,2014-05-15,1.5480999946594238,英鎊,GAM Star環球股票基金累積單位-英鎊,yfinance,股票型,全球市場,A0017 台中銀投信,GAM
B40016,2014-05-16,1.5430999994277954,英鎊,GAM Star環球股票基金累積單位-英鎊,yfinance,股票型,全球市場,A0017 台中銀投信,GAM
B40016,2014-05-19,1.5475000143051147,英鎊,GAM Star環球股票基金累積單位-英鎊,yfinance,股票型,全球市場,A0017 台中銀投信,GAM
B40016,2014-05-20,1.5424000024795532,英鎊,GAM Star環球股票基金累積單位-英鎊,yfinance,股票型,全球市場,A0017 台中銀投信,GAM
B40016,2014-05-21,1.5437999963760376,英鎊,GAM Star環球股票基金累積單位-英鎊,yfinance,股票型,全球市場,A0017 台中銀投信,GAM
B40016,2014-05-22,1.5500999689102173,英鎊,GAM Star環球股票基金累積單位-英鎊,yfinance,股票型,全球市場,A0017 台中銀投信,GAM
B40016,2014-05-23,1.5612000226974487,英鎊,GAM Star環球股票基金累積單位-英鎊,yfinance,股票型,全球市場,A0017 台中銀投信,GAM
B40016,2014-05-27,1.5827000141143799,英鎊,GAM Star環球股票基金累積單位-英鎊,yfinance,股票型,全球市場,A0017 台中銀投信,GAM
B40016,2014-05-28,1.5959999561309814,英鎊,GAM Star環球股票基金累積單位-英鎊,yfinance,股票型,全球市場,A0017 台中銀投信,GAM
B40016,2014-05-29,1.5987999439239502,英鎊,GAM Star環球股票基金累積單位-英鎊,yfinance,股票型,全球市場,A0017 台中銀投信,GAM
B40016,2014-05-30,1.5992000102996826,英鎊,GAM Star環球股票基金累積單位-英鎊,yfinance,股票型,全球市場,A0017 台中銀投信,GAM
B40016,2014-06-02,1.6030999422073364,英鎊,GAM Star環球股票基金累積單位-英鎊,yfinance,股票型,全球市場,A0017 台中銀投信,GAM
B40016,2014-06-03,1.6019999980926514,英鎊,GAM Star環球股票基金累積單位-英鎊,yfinance,股票型,全球市場,A0017 台中銀投信,GAM
B40016,2014-06-04,1.600600004196167,英鎊,GAM Star環球股票基金累積單位-英鎊,yfinance,股票型,全球市場,A0017 台中銀投信,GAM
B40016,2014-06-05,1.6059000492095947,英鎊,GAM Star環球股票基金累積單位-英鎊,yfinance,股票型,全球市場,A0017 台中銀投信,GAM
B40016,2014-06-06,1.6174999475479126,英鎊,GAM Star環球股票基金累積單位-英鎊,yfinance,股票型,全球市場,A0017 台中銀投信,GAM
B40016,2014-06-09,1.6216000318527222,英鎊,GAM Star環球股票基金累積單位-英鎊,yfinance,股票型,全球市場,A0017 台中銀投信,GAM
B40016,2014-06-10,1.6229000091552734,英鎊,GAM Star環球股票基金累積單位-英鎊,yfinance,股票型,全球市場,A0017 台中銀投信,GAM
B40016,2014-06-11,1.607100009918213,英鎊,GAM Star環球股票基金累積單位-英鎊,yfinance,股票型,全球市場,A0017 台中銀投信,GAM
B40016,2014-06-12,1.5999000072479248,英鎊,GAM Star環球股票基金累積單位-英鎊,yfinance,股票型,全球市場,A0017 台中銀投信,GAM
B40016,2014-06-13,1.5930999517440796,英鎊,GAM Star環球股票基金累積單位-英鎊,yfinance,股票型,全球市場,A0017 台中銀投信,GAM
B40016,2014-06-16,1.5901999473571777,英鎊,GAM Star環球股票基金累積單位-英鎊,yfinance,股票型,全球市場,A0017 台中銀投信,GAM
B40016,2014-06-17,1.594599962234497,英鎊,GAM Star環球股票基金累積單位-英鎊,yfinance,股票型,全球市場,A0017 台中銀投信,GAM
B40016,2014-06-18,1.5982999801635742,英鎊,GAM Star環球股票基金累積單位-英鎊,yfinance,股票型,全球市場,A0017 台中銀投信,GAM
B40016,2014-06-19,1.6016000509262085,英鎊,GAM Star環球股票基金累積單位-英鎊,yfinance,股票型,全球市場,A0017 台中銀投信,GAM
B40016,2014-06-20,1.601099967956543,英鎊,GAM Star環球股票基金累積單位-英鎊,yfinance,股票型,全球市場,A0017 台中銀投信,GAM
B40016,2014-06-23,1.592900037765503,英鎊,GAM Star環球股票基金累積單位-英鎊,yfinance,股票型,全球市場,A0017 台中銀投信,GAM
B40016,2014-06-24,1.5878000259399414,英鎊,GAM Star環球股票基金累積單位-英鎊,yfinance,股票型,全球市場,A0017 台中銀投信,GAM
B40016,2014-06-25,1.5848000049591064,英鎊,GAM Star環球股票基金累積單位-英鎊,yfinance,股票型,全球市場,A0017 台中銀投信,GAM
B40016,2014-06-26,1.5786999464035034,英鎊,GAM Star環球股票基金累積單位-英鎊,yfinance,股票型,全球市場,A0017 台中銀投信,GAM
B40016,2014-06-27,1.579300045967102,英鎊,GAM Star環球股票基金累積單位-英鎊,yfinance,股票型,全球市場,A0017 台中銀投信,GAM
B40016,2014-06-30,1.5746999979019165,英鎊,GAM Star環球股票基金累積單位-英鎊,yfinance,股票型,全球市場,A0017 台中銀投信,GAM
B40016,2014-07-01,1.585800051689148,英鎊,GAM Star環球股票基金累積單位-英鎊,yfinance,股票型,全球市場,A0017 台中銀投信,GAM
B40016,2014-07-02,1.5817999839782715,英鎊,GAM Star環球股票基金累積單位-英鎊,yfinance,股票型,全球市場,A0017 台中銀投信,GAM
B40016,2014-07-03,1.5921000242233276,英鎊,GAM Star環球股票基金累積單位-英鎊,yfinance,股票型,全球市場,A0017 台中銀投信,GAM
B40016,2014-07-04,1.5856000185012817,英鎊,GAM Star環球股票基金累積單位-英鎊,yfinance,股票型,全球市場,A0017 台中銀投信,GAM
B40016,2014-07-07,1.572100043296814,英鎊,GAM Star環球股票基金累積單位-英鎊,yfinance,股票型,全球市場,A0017 台中銀投信,GAM
B40016,2014-07-08,1.5480999946594238,英鎊,GAM Star環球股票基金累積單位-英鎊,yfinance,股票型,全球市場,A0017 台中銀投信,GAM
B40016,2014-07-09,1.5479999780654907,英鎊,GAM Star環球股票基金累積單位-英鎊,yfinance,股票型,全球市場,A0017 台中銀投信,GAM
B40016,2014-07-10,1.5311000347137451,英鎊,GAM Star環球股票基金累積單位-英鎊,yfinance,股票型,全球市場,A0017 台中銀投信,GAM
B40016,2014-07-11,1.532099962234497,英鎊,GAM Star環球股票基金累積單位-英鎊,yfinance,股票型,全球市場,A0017 台中銀投信,GAM
B40016,2014-07-14,1.5467000007629395,英鎊,GAM Star環球股票基金累積單位-英鎊,yfinance,股票型,全球市場,A0017 台中銀投信,GAM
B40016,2014-07-15,1.5295000076293945,英鎊,GAM Star環球股票基金累積單位-英鎊,yfinance,股票型,全球市場,A0017 台中銀投信,GAM
B40016,2014-07-16,1.5463999509811401,英鎊,GAM Star環球股票基金累積單位-英鎊,yfinance,股票型,全球市場,A0017 台中銀投信,GAM
B40016,2014-07-17,1.5321999788284302,英鎊,GAM Star環球股票基金累積單位-英鎊,yfinance,股票型,全球市場,A0017 台中銀投信,GAM
B40016,2014-07-18,1.5353000164031982,英鎊,GAM Star環球股票基金累積單位-英鎊,yfinance,股票型,全球市場,A0017 台中銀投信,GAM
B40016,2014-07-21,1.5300999879837036,英鎊,GAM Star環球股票基金累積單位-英鎊,yfinance,股票型,全球市場,A0017 台中銀投信,GAM
B40016,2014-07-22,1.541700005531311,英鎊,GAM Star環球股票基金累積單位-英鎊,yfinance,股票型,全球市場,A0017 台中銀投信,GAM
B40016,2014-07-23,1.545199990272522,英鎊,GAM Star環球股票基金累積單位-英鎊,yfinance,股票型,全球市場,A0017 台中銀投信,GAM
B40016,2014-07-24,1.5605000257492065,英鎊,GAM Star環球股票基金累積單位-英鎊,yfinance,股票型,全球市場,A0017 台中銀投信,GAM
B40016,2014-07-25,1.5569000244140625,英鎊,GAM Star環球股票基金累積單位-英鎊,yfinance,股票型,全球市場,A0017 台中銀投信,GAM
B40016,2014-07-28,1.5528000593185425,英鎊,GAM Star環球股票基金累積單位-英鎊,yfinance,股票型,全球市場,A0017 台中銀投信,GAM
B40016,2014-07-29,1.555999994277954,英鎊,GAM Star環球股票基金累積單位-英鎊,yfinance,股票型,全球市場,A0017 台中銀投信,GAM
B40016,2014-07-30,1.555899977684021,英鎊,GAM Star環球股票基金累積單位-英鎊,yfinance,股票型,全球市場,A0017 台中銀投信,GAM
B40016,2014-07-31,1.5331000089645386,英鎊,GAM Star環球股票基金累積單位-英鎊,yfinance,股票型,全球市場,A0017 台中銀投信,GAM
B40016,2014-08-01,1.5298999547958374,英鎊,GAM Star環球股票基金累積單位-英鎊,yfinance,股票型,全球市場,A0017 台中銀投信,GAM
B40016,2014-08-04,1.527999997138977,英鎊,GAM Star環球股票基金累積單位-英鎊,yfinance,股票型,全球市場,A0017 台中銀投信,GAM
B40016,2014-08-05,1.517699956893921,英鎊,GAM Star環球股票基金累積單位-英鎊,yfinance,股票型,全球市場,A0017 台中銀投信,GAM
B40016,2014-08-06,1.5084999799728394,英鎊,GAM Star環球股票基金累積單位-英鎊,yfinance,股票型,全球市場,A0017 台中銀投信,GAM
B40016,2014-08-07,1.4987000226974487,英鎊,GAM Star環球股票基金累積單位-英鎊,yfinance,股票型,全球市場,A0017 台中銀投信,GAM
B40016,2014-08-08,1.5025999546051025,英鎊,GAM Star環球股票基金累積單位-英鎊,yfinance,股票型,全球市場,A0017 台中銀投信,GAM
B40016,2014-08-11,1.5139000415802002,英鎊,GAM Star環球股票基金累積單位-英鎊,yfinance,股票型,全球市場,A0017 台中銀投信,GAM
B40016,2014-08-12,1.5091999769210815,英鎊,GAM Star環球股票基金累積單位-英鎊,yfinance,股票型,全球市場,A0017 台中銀投信,GAM
B40016,2014-08-13,1.5262000560760498,英鎊,GAM Star環球股票基金累積單位-英鎊,yfinance,股票型,全球市場,A0017 台中銀投信,GAM
B40016,2014-08-14,1.5296000242233276,英鎊,GAM Star環球股票基金累積單位-英鎊,yfinance,股票型,全球市場,A0017 台中銀投信,GAM
B40016,2014-08-15,1.527899980545044,英鎊,GAM Star環球股票基金累積單位-英鎊,yfinance,股票型,全球市場,A0017 台中銀投信,GAM
B40016,2014-08-18,1.5369999408721924,英鎊,GAM Star環球股票基金累積單位-英鎊,yfinance,股票型,全球市場,A0017 台中銀投信,GAM
B40016,2014-08-19,1.5511000156402588,英鎊,GAM Star環球股票基金累積單位-英鎊,yfinance,股票型,全球市場,A0017 台中銀投信,GAM
B40016,2014-08-20,1.5496000051498413,英鎊,GAM Star環球股票基金累積單位-英鎊,yfinance,股票型,全球市場,A0017 台中銀投信,GAM
B40016,2014-08-21,1.5607000589370728,英鎊,GAM Star環球股票基金累積單位-英鎊,yfinance,股票型,全球市場,A0017 台中銀投信,GAM
B40016,2014-08-22,1.5582000017166138,英鎊,GAM Star環球股票基金累積單位-英鎊,yfinance,股票型,全球市場,A0017 台中銀投信,GAM
B40016,2014-08-26,1.5851000547409058,英鎊,GAM Star環球股票基金累積單位-英鎊,yfinance,股票型,全球市場,A0017 台中銀投信,GAM
B40016,2014-08-27,1.5885000228881836,英鎊,GAM Star環球股票基金累積單位-英鎊,yfinance,股票型,全球市場,A0017 台中銀投信,GAM
B40016,2014-08-28,1.5751999616622925,英鎊,GAM Star環球股票基金累積單位-英鎊,yfinance,股票型,全球市場,A0017 台中銀投信,GAM
B40016,2014-08-29,1.575600028038025,英鎊,GAM Star環球股票基金累積單位-英鎊,yfinance,股票型,全球市場,A0017 台中銀投信,GAM
B40016,2014-09-01,1.5721999406814575,英鎊,GAM Star環球股票基金累積單位-英鎊,yfinance,股票型,全球市場,A0017 台中銀投信,GAM
B40016,2014-09-02,1.5851999521255493,英鎊,GAM Star環球股票基金累積單位-英鎊,yfinance,股票型,全球市場,A0017 台中銀投信,GAM
B40016,2014-09-03,1.597599983215332,英鎊,GAM Star環球股票基金累積單位-英鎊,yfinance,股票型,全球市場,A0017 台中銀投信,GAM
B40016,2014-09-04,1.6074999570846558,英鎊,GAM Star環球股票基金累積單位-英鎊,yfinance,股票型,全球市場,A0017 台中銀投信,GAM
B40016,2014-09-05,1.6088999509811401,英鎊,GAM Star環球股票基金累積單位-英鎊,yfinance,股票型,全球市場,A0017 台中銀投信,GAM
B40016,2014-09-08,1.6232999563217163,英鎊,GAM Star環球股票基金累積單位-英鎊,yfinance,股票型,全球市場,A0017 台中銀投信,GAM
B40016,2014-09-09,1.6160000562667847,英鎊,GAM Star環球股票基金累積單位-英鎊,yfinance,股票型,全球市場,A0017 台中銀投信,GAM
B40016,2014-09-10,1.6101000308990479,英鎊,GAM Star環球股票基金累積單位-英鎊,yfinance,股票型,全球市場,A0017 台中銀投信,GAM
B40016,2014-09-11,1.6018999814987183,英鎊,GAM Star環球股票基金累積單位-英鎊,yfinance,股票型,全球市場,A0017 台中銀投信,GAM
B40016,2014-09-12,1.6007000207901,英鎊,GAM Star環球股票基金累積單位-英鎊,yfinance,股票型,全球市場,A0017 台中銀投信,GAM
B40016,2014-09-15,1.594099998474121,英鎊,GAM Star環球股票基金累積單位-英鎊,yfinance,股票型,全球市場,A0017 台中銀投信,GAM
B40016,2014-09-16,1.5901999473571777,英鎊,GAM Star環球股票基金累積單位-英鎊,yfinance,股票型,全球市場,A0017 台中銀投信,GAM
B40016,2014-09-17,1.597499966621399,英鎊,GAM Star環球股票基金累積單位-英鎊,yfinance,股票型,全球市場,A0017 台中銀投信,GAM
B40016,2014-09-18,1.5987000465393066,英鎊,GAM Star環球股票基金累積單位-英鎊,yfinance,股票型,全球市場,A0017 台中銀投信,GAM
B40016,2014-09-19,1.604699969291687,英鎊,GAM Star環球股票基金累積單位-英鎊,yfinance,股票型,全球市場,A0017 台中銀投信,GAM
B40016,2014-09-22,1.5827000141143799,英鎊,GAM Star環球股票基金累積單位-英鎊,yfinance,股票型,全球市場,A0017 台中銀投信,GAM
B40016,2014-09-23,1.566499948501587,英鎊,GAM Star環球股票基金累積單位-英鎊,yfinance,股票型,全球市場,A0017 台中銀投信,GAM
B40016,2014-09-24,1.576300024986267,英鎊,GAM Star環球股票基金累積單位-英鎊,yfinance,股票型,全球市場,A0017 台中銀投信,GAM
B40016,2014-09-25,1.5591000318527222,英鎊,GAM Star環球股票基金累積單位-英鎊,yfinance,股票型,全球市場,A0017 台中銀投信,GAM
B40016,2014-09-26,1.5680999755859375,英鎊,GAM Star環球股票基金累積單位-英鎊,yfinance,股票型,全球市場,A0017 台中銀投信,GAM
B40016,2014-09-29,1.5601999759674072,英鎊,GAM Star環球股票基金累積單位-英鎊,yfinance,股票型,全球市場,A0017 台中銀投信,GAM
B40016,2014-09-30,1.5645999908447266,英鎊,GAM Star環球股票基金累積單位-英鎊,yfinance,股票型,全球市場,A0017 台中銀投信,GAM
B40016,2014-10-01,1.5536999702453613,英鎊,GAM Star環球股票基金累積單位-英鎊,yfinance,股票型,全球市場,A0017 台中銀投信,GAM
B40016,2014-10-02,1.5290000438690186,英鎊,GAM Star環球股票基金累積單位-英鎊,yfinance,股票型,全球市場,A0017 台中銀投信,GAM
B40016,2014-10-03,1.5463000535964966,英鎊,GAM Star環球股票基金累積單位-英鎊,yfinance,股票型,全球市場,A0017 台中銀投信,GAM
B40016,2014-10-06,1.5462000370025635,英鎊,GAM Star環球股票基金累積單位-英鎊,yfinance,股票型,全球市場,A0017 台中銀投信,GAM
B40016,2014-10-07,1.523800015449524,英鎊,GAM Star環球股票基金累積單位-英鎊,yfinance,股票型,全球市場,A0017 台中銀投信,GAM
B40016,2014-10-08,1.5157999992370605,英鎊,GAM Star環球股票基金累積單位-英鎊,yfinance,股票型,全球市場,A0017 台中銀投信,GAM
B40016,2014-10-09,1.496000051498413,英鎊,GAM Star環球股票基金累積單位-英鎊,yfinance,股票型,全球市場,A0017 台中銀投信,GAM
B40016,2014-10-10,1.476199984550476,英鎊,GAM Star環球股票基金累積單位-英鎊,yfinance,股票型,全球市場,A0017 台中銀投信,GAM
B40016,2014-10-13,1.4711999893188477,英鎊,GAM Star環球股票基金累積單位-英鎊,yfinance,股票型,全球市場,A0017 台中銀投信,GAM
B40016,2014-10-14,1.4809999465942383,英鎊,GAM Star環球股票基金累積單位-英鎊,yfinance,股票型,全球市場,A0017 台中銀投信,GAM
B40016,2014-10-15,1.4491000175476074,英鎊,GAM Star環球股票基金累積單位-英鎊,yfinance,股票型,全球市場,A0017 台中銀投信,GAM
B40016,2014-10-16,1.434999942779541,英鎊,GAM Star環球股票基金累積單位-英鎊,yfinance,股票型,全球市場,A0017 台中銀投信,GAM
B40016,2014-10-17,1.4606000185012817,英鎊,GAM Star環球股票基金累積單位-英鎊,yfinance,股票型,全球市場,A0017 台中銀投信,GAM
B40016,2014-10-20,1.4615999460220337,英鎊,GAM Star環球股票基金累積單位-英鎊,yfinance,股票型,全球市場,A0017 台中銀投信,GAM
B40016,2014-10-21,1.4922000169754028,英鎊,GAM Star環球股票基金累積單位-英鎊,yfinance,股票型,全球市場,A0017 台中銀投信,GAM
B40016,2014-10-22,1.5002000331878662,英鎊,GAM Star環球股票基金累積單位-英鎊,yfinance,股票型,全球市場,A0017 台中銀投信,GAM
B40016,2014-10-23,1.507699966430664,英鎊,GAM Star環球股票基金累積單位-英鎊,yfinance,股票型,全球市場,A0017 台中銀投信,GAM
B40016,2014-10-24,1.5080000162124634,英鎊,GAM Star環球股票基金累積單位-英鎊,yfinance,股票型,全球市場,A0017 台中銀投信,GAM
B40016,2014-10-27,1.489799976348877,英鎊,GAM Star環球股票基金累積單位-英鎊,yfinance,股票型,全球市場,A0017 台中銀投信,GAM
B40016,2014-10-28,1.5087000131607056,英鎊,GAM Star環球股票基金累積單位-英鎊,yfinance,股票型,全球市場,A0017 台中銀投信,GAM
B40016,2014-10-29,1.5084999799728394,英鎊,GAM Star環球股票基金累積單位-英鎊,yfinance,股票型,全球市場,A0017 台中銀投信,GAM
B40016,2014-10-30,1.5166000127792358,英鎊,GAM Star環球股票基金累積單位-英鎊,yfinance,股票型,全球市場,A0017 台中銀投信,GAM
B40016,2014-10-31,1.5365999937057495,英鎊,GAM Star環球股票基金累積單位-英鎊,yfinance,股票型,全球市場,A0017 台中銀投信,GAM
B40016,2014-11-03,1.5266000032424927,英鎊,GAM Star環球股票基金累積單位-英鎊,yfinance,股票型,全球市場,A0017 台中銀投信,GAM
B40016,2014-11-04,1.5113999843597412,英鎊,GAM Star環球股票基金累積單位-英鎊,yfinance,股票型,全球市場,A0017 台中銀投信,GAM
B40016,2014-11-05,1.5273000001907349,英鎊,GAM Star環球股票基金累積單位-英鎊,yfinance,股票型,全球市場,A0017 台中銀投信,GAM
B40016,2014-11-06,1.5327999591827393,英鎊,GAM Star環球股票基金累積單位-英鎊,yfinance,股票型,全球市場,A0017 台中銀投信,GAM
B40016,2014-11-07,1.5247999429702759,英鎊,GAM Star環球股票基金累積單位-英鎊,yfinance,股票型,全球市場,A0017 台中銀投信,GAM
B40016,2014-11-10,1.5335999727249146,英鎊,GAM Star環球股票基金累積單位-英鎊,yfinance,股票型,全球市場,A0017 台中銀投信,GAM
B40016,2014-11-11,1.530900001525879,英鎊,GAM Star環球股票基金累積單位-英鎊,yfinance,股票型,全球市場,A0017 台中銀投信,GAM
B40016,2014-11-12,1.52839994430542,英鎊,GAM Star環球股票基金累積單位-英鎊,yfinance,股票型,全球市場,A0017 台中銀投信,GAM
B40016,2014-11-13,1.539199948310852,英鎊,GAM Star環球股票基金累積單位-英鎊,yfinance,股票型,全球市場,A0017 台中銀投信,GAM
B40016,2014-11-14,1.5592000484466553,英鎊,GAM Star環球股票基金累積單位-英鎊,yfinance,股票型,全球市場,A0017 台中銀投信,GAM
B40016,2014-11-17,1.5652999877929688,英鎊,GAM Star環球股票基金累積單位-英鎊,yfinance,股票型,全球市場,A0017 台中銀投信,GAM
B40016,2014-11-18,1.5788999795913696,英鎊,GAM Star環球股票基金累積單位-英鎊,yfinance,股票型,全球市場,A0017 台中銀投信,GAM
B40016,2014-11-19,1.5736000537872314,英鎊,GAM Star環球股票基金累積單位-英鎊,yfinance,股票型,全球市場,A0017 台中銀投信,GAM
B40016,2014-11-20,1.569100022315979,英鎊,GAM Star環球股票基金累積單位-英鎊,yfinance,股票型,全球市場,A0017 台中銀投信,GAM
B40016,2014-11-21,1.5892000198364258,英鎊,GAM Star環球股票基金累積單位-英鎊,yfinance,股票型,全球市場,A0017 台中銀投信,GAM
B40016,2014-11-24,1.5887999534606934,英鎊,GAM Star環球股票基金累積單位-英鎊,yfinance,股票型,全球市場,A0017 台中銀投信,GAM
B40016,2014-11-25,1.594099998474121,英鎊,GAM Star環球股票基金累積單位-英鎊,yfinance,股票型,全球市場,A0017 台中銀投信,GAM
B40016,2014-11-26,1.580199956893921,英鎊,GAM Star環球股票基金累積單位-英鎊,yfinance,股票型,全球市場,A0017 台中銀投信,GAM
B40016,2014-11-27,1.5857000350952148,英鎊,GAM Star環球股票基金累積單位-英鎊,yfinance,股票型,全球市場,A0017 台中銀投信,GAM
B40016,2014-11-28,1.583299994468689,英鎊,GAM Star環球股票基金累積單位-英鎊,yfinance,股票型,全球市場,A0017 台中銀投信,GAM
B40016,2014-12-01,1.5670000314712524,英鎊,GAM Star環球股票基金累積單位-英鎊,yfinance,股票型,全球市場,A0017 台中銀投信,GAM
B40016,2014-12-02,1.580199956893921,英鎊,GAM Star環球股票基金累積單位-英鎊,yfinance,股票型,全球市場,A0017 台中銀投信,GAM
B40016,2014-12-03,1.5757999420166016,英鎊,GAM Star環球股票基金累積單位-英鎊,yfinance,股票型,全球市場,A0017 台中銀投信,GAM
B40016,2014-12-04,1.5657999515533447,英鎊,GAM Star環球股票基金累積單位-英鎊,yfinance,股票型,全球市場,A0017 台中銀投信,GAM
B40016,2014-12-05,1.587499976158142,英鎊,GAM Star環球股票基金累積單位-英鎊,yfinance,股票型,全球市場,A0017 台中銀投信,GAM
B40016,2014-12-08,1.5720000267028809,英鎊,GAM Star環球股票基金累積單位-英鎊,yfinance,股票型,全球市場,A0017 台中銀投信,GAM
B40016,2014-12-09,1.551800012588501,英鎊,GAM Star環球股票基金累積單位-英鎊,yfinance,股票型,全球市場,A0017 台中銀投信,GAM
B40016,2014-12-10,1.5369000434875488,英鎊,GAM Star環球股票基金累積單位-英鎊,yfinance,股票型,全球市場,A0017 台中銀投信,GAM
B40016,2014-12-11,1.5321999788284302,英鎊,GAM Star環球股票基金累積單位-英鎊,yfinance,股票型,全球市場,A0017 台中銀投信,GAM
B40016,2014-12-12,1.5082999467849731,英鎊,GAM Star環球股票基金累積單位-英鎊,yfinance,股票型,全球市場,A0017 台中銀投信,GAM
B40016,2014-12-15,1.489799976348877,英鎊,GAM Star環球股票基金累積單位-英鎊,yfinance,股票型,全球市場,A0017 台中銀投信,GAM
B40016,2014-12-16,1.493499994277954,英鎊,GAM Star環球股票基金累積單位-英鎊,yfinance,股票型,全球市場,A0017 台中銀投信,GAM
B40016,2014-12-17,1.5077999830245972,英鎊,GAM Star環球股票基金累積單位-英鎊,yfinance,股票型,全球市場,A0017 台中銀投信,GAM
B40016,2014-12-18,1.5327999591827393,英鎊,GAM Star環球股票基金累積單位-英鎊,yfinance,股票型,全球市場,A0017 台中銀投信,GAM
B40016,2014-12-19,1.5394999980926514,英鎊,GAM Star環球股票基金累積單位-英鎊,yfinance,股票型,全球市場,A0017 台中銀投信,GAM
B40016,2014-12-22,1.5484999418258667,英鎊,GAM Star環球股票基金累積單位-英鎊,yfinance,股票型,全球市場,A0017 台中銀投信,GAM
B40016,2014-12-23,1.5622999668121338,英鎊,GAM Star環球股票基金累積單位-英鎊,yfinance,股票型,全球市場,A0017 台中銀投信,GAM
B40016,2014-12-29,1.5613000392913818,英鎊,GAM Star環球股票基金累積單位-英鎊,yfinance,股票型,全球市場,A0017 台中銀投信,GAM
B40016,2014-12-30,1.5427000522613525,英鎊,GAM Star環球股票基金累積單位-英鎊,yfinance,股票型,全球市場,A0017 台中銀投信,GAM
B40016,2014-12-31,1.5391000509262085,英鎊,GAM Star環球股票基金累積單位-英鎊,yfinance,股票型,全球市場,A0017 台中銀投信,GAM
B09088,2014-01-02,22.6200008392334,歐元,貝萊德市場基金 A2,yfinance,股票型,歐洲(含歐元區),A0031 貝萊德投信,貝萊德
B09088,2014-01-03,22.709999084472656,歐元,貝萊德市場基金 A2,yfinance,股票型,歐洲(含歐元區),A0031 貝萊德投信,貝萊德
B09088,2014-01-06,22.739999771118164,歐元,貝萊德市場基金 A2,yfinance,股票型,歐洲(含歐元區),A0031 貝萊德投信,貝萊德
B09088,2014-01-07,22.860000610351562,歐元,貝萊德市場基金 A2,yfinance,股票型,歐洲(含歐元區),A0031 貝萊德投信,貝萊德
B09088,2014-01-08,22.969999313354492,歐元,貝萊德市場基金 A2,yfinance,股票型,歐洲(含歐元區),A0031 貝萊德投信,貝萊德
B09088,2014-01-09,23.040000915527344,歐元,貝萊德市場基金 A2,yfinance,股票型,歐洲(含歐元區),A0031 貝萊德投信,貝萊德
B09088,2014-01-10,22.899999618530273,歐元,貝萊德市場基金 A2,yfinance,股票型,歐洲(含歐元區),A0031 貝萊德投信,貝萊德
B09088,2014-01-13,23.020000457763672,歐元,貝萊德市場基金 A2,yfinance,股票型,歐洲(含歐元區),A0031 貝萊德投信,貝萊德
B09088,2014-01-14,22.899999618530273,歐元,貝萊德市場基金 A2,yfinance,股票型,歐洲(含歐元區),A0031 貝萊德投信,貝萊德
B09088,2014-01-15,23.31999969482422,歐元,貝萊德市場基金 A2,yfinance,股票型,歐洲(含歐元區),A0031 貝萊德投信,貝萊德
B09088,2014-01-16,23.309999465942383,歐元,貝萊德市場基金 A2,yfinance,股票型,歐洲(含歐元區),A0031 貝萊德投信,貝萊德
B09088,2014-01-17,23.309999465942383,歐元,貝萊德市場基金 A2,yfinance,股票型,歐洲(含歐元區),A0031 貝萊德投信,貝萊德
B09088,2014-01-20,23.309999465942383,歐元,貝萊德市場基金 A2,yfinance,股票型,歐洲(含歐元區),A0031 貝萊德投信,貝萊德
B09088,2014-01-21,23.450000762939453,歐元,貝萊德市場基金 A2,yfinance,股票型,歐洲(含歐元區),A0031 貝萊德投信,貝萊德
B09088,2014-01-22,23.3799991607666,歐元,貝萊德市場基金 A2,yfinance,股票型,歐洲(含歐元區),A0031 貝萊德投信,貝萊德
B09088,2014-01-23,23.18000030517578,歐元,貝萊德市場基金 A2,yfinance,股票型,歐洲(含歐元區),A0031 貝萊德投信,貝萊德
B09088,2014-01-24,22.770000457763672,歐元,貝萊德市場基金 A2,yfinance,股票型,歐洲(含歐元區),A0031 貝萊德投信,貝萊德
B09088,2014-01-27,22.530000686645508,歐元,貝萊德市場基金 A2,yfinance,股票型,歐洲(含歐元區),A0031 貝萊德投信,貝萊德
B09088,2014-01-28,22.690000534057617,歐元,貝萊德市場基金 A2,yfinance,股票型,歐洲(含歐元區),A0031 貝萊德投信,貝萊德
B09088,2014-01-29,22.40999984741211,歐元,貝萊德市場基金 A2,yfinance,股票型,歐洲(含歐元區),A0031 貝萊德投信,貝萊德
B09088,2014-01-30,22.610000610351562,歐元,貝萊德市場基金 A2,yfinance,股票型,歐洲(含歐元區),A0031 貝萊德投信,貝萊德
B09088,2014-01-31,22.290000915527344,歐元,貝萊德市場基金 A2,yfinance,股票型,歐洲(含歐元區),A0031 貝萊德投信,貝萊德
B09088,2014-02-03,22.360000610351562,歐元,貝萊德市場基金 A2,yfinance,股票型,歐洲(含歐元區),A0031 貝萊德投信,貝萊德
B09088,2014-02-04,22.219999313354492,歐元,貝萊德市場基金 A2,yfinance,股票型,歐洲(含歐元區),A0031 貝萊德投信,貝萊德
B09088,2014-02-05,22.139999389648438,歐元,貝萊德市場基金 A2,yfinance,股票型,歐洲(含歐元區),A0031 貝萊德投信,貝萊德
B09088,2014-02-06,22.520000457763672,歐元,貝萊德市場基金 A2,yfinance,股票型,歐洲(含歐元區),A0031 貝萊德投信,貝萊德
B09088,2014-02-07,22.729999542236328,歐元,貝萊德市場基金 A2,yfinance,股票型,歐洲(含歐元區),A0031 貝萊德投信,貝萊德
B09088,2014-02-10,22.770000457763672,歐元,貝萊德市場基金 A2,yfinance,股票型,歐洲(含歐元區),A0031 貝萊德投信,貝萊德
B09088,2014-02-11,22.959999084472656,歐元,貝萊德市場基金 A2,yfinance,股票型,歐洲(含歐元區),A0031 貝萊德投信,貝萊德
B09088,2014-02-12,23.309999465942383,歐元,貝萊德市場基金 A2,yfinance,股票型,歐洲(含歐元區),A0031 貝萊德投信,貝萊德
B09088,2014-02-13,23.200000762939453,歐元,貝萊德市場基金 A2,yfinance,股票型,歐洲(含歐元區),A0031 貝萊德投信,貝萊德
B09088,2014-02-14,23.469999313354492,歐元,貝萊德市場基金 A2,yfinance,股票型,歐洲(含歐元區),A0031 貝萊德投信,貝萊德
B09088,2014-02-17,23.530000686645508,歐元,貝萊德市場基金 A2,yfinance,股票型,歐洲(含歐元區),A0031 貝萊德投信,貝萊德
B09088,2014-02-18,23.489999771118164,歐元,貝萊德市場基金 A2,yfinance,股票型,歐洲(含歐元區),A0031 貝萊德投信,貝萊德
B09088,2014-02-19,23.5,歐元,貝萊德市場基金 A2,yfinance,股票型,歐洲(含歐元區),A0031 貝萊德投信,貝萊德
B09088,2014-02-20,23.299999237060547,歐元,貝萊德市場基金 A2,yfinance,股票型,歐洲(含歐元區),A0031 貝萊德投信,貝萊德
B09088,2014-02-21,23.479999542236328,歐元,貝萊德市場基金 A2,yfinance,股票型,歐洲(含歐元區),A0031 貝萊德投信,貝萊德
B09088,2014-02-24,23.579999923706055,歐元,貝萊德市場基金 A2,yfinance,股票型,歐洲(含歐元區),A0031 貝萊德投信,貝萊德
B09088,2014-02-25,23.579999923706055,歐元,貝萊德市場基金 A2,yfinance,股票型,歐洲(含歐元區),A0031 貝萊德投信,貝萊德
B09088,2014-02-26,23.510000228881836,歐元,貝萊德市場基金 A2,yfinance,股票型,歐洲(含歐元區),A0031 貝萊德投信,貝萊德
B09088,2014-02-27,23.459999084472656,歐元,貝萊德市場基金 A2,yfinance,股票型,歐洲(含歐元區),A0031 貝萊德投信,貝萊德
B09088,2014-02-28,23.65999984741211,歐元,貝萊德市場基金 A2,yfinance,股票型,歐洲(含歐元區),A0031 貝萊德投信,貝萊德
B09088,2014-03-03,23.139999389648438,歐元,貝萊德市場基金 A2,yfinance,股票型,歐洲(含歐元區),A0031 貝萊德投信,貝萊德
B09088,2014-03-04,23.540000915527344,歐元,貝萊德市場基金 A2,yfinance,股票型,歐洲(含歐元區),A0031 貝萊德投信,貝萊德
B09088,2014-03-05,23.6299991607666,歐元,貝萊德市場基金 A2,yfinance,股票型,歐洲(含歐元區),A0031 貝萊德投信,貝萊德
B09088,2014-03-06,23.799999237060547,歐元,貝萊德市場基金 A2,yfinance,股票型,歐洲(含歐元區),A0031 貝萊德投信,貝萊德
B09088,2014-03-07,23.489999771118164,歐元,貝萊德市場基金 A2,yfinance,股票型,歐洲(含歐元區),A0031 貝萊德投信,貝萊德
B09088,2014-03-10,23.170000076293945,歐元,貝萊德市場基金 A2,yfinance,股票型,歐洲(含歐元區),A0031 貝萊德投信,貝萊德
B09088,2014-03-11,23.389999389648438,歐元,貝萊德市場基金 A2,yfinance,股票型,歐洲(含歐元區),A0031 貝萊德投信,貝萊德
B09088,2014-03-12,23.030000686645508,歐元,貝萊德市場基金 A2,yfinance,股票型,歐洲(含歐元區),A0031 貝萊德投信,貝萊德
B09088,2014-03-13,22.899999618530273,歐元,貝萊德市場基金 A2,yfinance,股票型,歐洲(含歐元區),A0031 貝萊德投信,貝萊德
B09088,2014-03-14,22.389999389648438,歐元,貝萊德市場基金 A2,yfinance,股票型,歐洲(含歐元區),A0031 貝萊德投信,貝萊德
B09088,2014-03-17,22.799999237060547,歐元,貝萊德市場基金 A2,yfinance,股票型,歐洲(含歐元區),A0031 貝萊德投信,貝萊德
B09088,2014-03-18,23.149999618530273,歐元,貝萊德市場基金 A2,yfinance,股票型,歐洲(含歐元區),A0031 貝萊德投信,貝萊德
B09088,2014-03-19,23.09000015258789,歐元,貝萊德市場基金 A2,yfinance,股票型,歐洲(含歐元區),A0031 貝萊德投信,貝萊德
B09088,2014-03-20,23.030000686645508,歐元,貝萊德市場基金 A2,yfinance,股票型,歐洲(含歐元區),A0031 貝萊德投信,貝萊德
B09088,2014-03-21,23.149999618530273,歐元,貝萊德市場基金 A2,yfinance,股票型,歐洲(含歐元區),A0031 貝萊德投信,貝萊德
B09088,2014-03-24,22.780000686645508,歐元,貝萊德市場基金 A2,yfinance,股票型,歐洲(含歐元區),A0031 貝萊德投信,貝萊德
B09088,2014-03-25,23.049999237060547,歐元,貝萊德市場基金 A2,yfinance,股票型,歐洲(含歐元區),A0031 貝萊德投信,貝萊德
B09088,2014-03-26,23.309999465942383,歐元,貝萊德市場基金 A2,yfinance,股票型,歐洲(含歐元區),A0031 貝萊德投信,貝萊德
B09088,2014-03-27,23.309999465942383,歐元,貝萊德市場基金 A2,yfinance,股票型,歐洲(含歐元區),A0031 貝萊德投信,貝萊德
B09088,2014-03-28,23.5,歐元,貝萊德市場基金 A2,yfinance,股票型,歐洲(含歐元區),A0031 貝萊德投信,貝萊德
B09088,2014-03-31,23.649999618530273,歐元,貝萊德市場基金 A2,yfinance,股票型,歐洲(含歐元區),A0031 貝萊德投信,貝萊德
B09088,2014-04-01,23.799999237060547,歐元,貝萊德市場基金 A2,yfinance,股票型,歐洲(含歐元區),A0031 貝萊德投信,貝萊德
B09088,2014-04-02,23.809999465942383,歐元,貝萊德市場基金 A2,yfinance,股票型,歐洲(含歐元區),A0031 貝萊德投信,貝萊德
B09088,2014-04-03,24.0,歐元,貝萊德市場基金 A2,yfinance,股票型,歐洲(含歐元區),A0031 貝萊德投信,貝萊德
B09088,2014-04-04,23.950000762939453,歐元,貝萊德市場基金 A2,yfinance,股票型,歐洲(含歐元區),A0031 貝萊德投信,貝萊德
B09088,2014-04-07,23.75,歐元,貝萊德市場基金 A2,yfinance,股票型,歐洲(含歐元區),A0031 貝萊德投信,貝萊德
B09088,2014-04-08,23.190000534057617,歐元,貝萊德市場基金 A2,yfinance,股票型,歐洲(含歐元區),A0031 貝萊德投信,貝萊德
B09088,2014-04-09,23.3799991607666,歐元,貝萊德市場基金 A2,yfinance,股票型,歐洲(含歐元區),A0031 貝萊德投信,貝萊德
B09088,2014-04-10,23.309999465942383,歐元,貝萊德市場基金 A2,yfinance,股票型,歐洲(含歐元區),A0031 貝萊德投信,貝萊德
B09088,2014-04-11,22.700000762939453,歐元,貝萊德市場基金 A2,yfinance,股票型,歐洲(含歐元區),A0031 貝萊德投信,貝萊德
B09088,2014-04-14,22.610000610351562,歐元,貝萊德市場基金 A2,yfinance,股票型,歐洲(含歐元區),A0031 貝萊德投信,貝萊德
B09088,2014-04-15,22.719999313354492,歐元,貝萊德市場基金 A2,yfinance,股票型,歐洲(含歐元區),A0031 貝萊德投信,貝萊德
B09088,2014-04-16,22.799999237060547,歐元,貝萊德市場基金 A2,yfinance,股票型,歐洲(含歐元區),A0031 貝萊德投信,貝萊德
B09088,2014-04-17,23.06999969482422,歐元,貝萊德市場基金 A2,yfinance,股票型,歐洲(含歐元區),A0031 貝萊德投信,貝萊德
B09088,2014-04-22,23.389999389648438,歐元,貝萊德市場基金 A2,yfinance,股票型,歐洲(含歐元區),A0031 貝萊德投信,貝萊德
B09088,2014-04-23,23.329999923706055,歐元,貝萊德市場基金 A2,yfinance,股票型,歐洲(含歐元區),A0031 貝萊德投信,貝萊德
B09088,2014-04-24,23.18000030517578,歐元,貝萊德市場基金 A2,yfinance,股票型,歐洲(含歐元區),A0031 貝萊德投信,貝萊德
B09088,2014-04-25,23.09000015258789,歐元,貝萊德市場基金 A2,yfinance,股票型,歐洲(含歐元區),A0031 貝萊德投信,貝萊德
B09088,2014-04-28,23.020000457763672,歐元,貝萊德市場基金 A2,yfinance,股票型,歐洲(含歐元區),A0031 貝萊德投信,貝萊德
B09088,2014-04-29,23.299999237060547,歐元,貝萊德市場基金 A2,yfinance,股票型,歐洲(含歐元區),A0031 貝萊德投信,貝萊德
B09088,2014-04-30,23.15999984741211,歐元,貝萊德市場基金 A2,yfinance,股票型,歐洲(含歐元區),A0031 貝萊德投信,貝萊德
B09088,2014-05-02,23.260000228881836,歐元,貝萊德市場基金 A2,yfinance,股票型,歐洲(含歐元區),A0031 貝萊德投信,貝萊德
B09088,2014-05-05,22.969999313354492,歐元,貝萊德市場基金 A2,yfinance,股票型,歐洲(含歐元區),A0031 貝萊德投信,貝萊德
B09088,2014-05-06,23.0,歐元,貝萊德市場基金 A2,yfinance,股票型,歐洲(含歐元區),A0031 貝萊德投信,貝萊德
B09088,2014-05-07,22.959999084472656,歐元,貝萊德市場基金 A2,yfinance,股票型,歐洲(含歐元區),A0031 貝萊德投信,貝萊德
B09088,2014-05-08,23.219999313354492,歐元,貝萊德市場基金 A2,yfinance,股票型,歐洲(含歐元區),A0031 貝萊德投信,貝萊德
B09088,2014-05-09,23.049999237060547,歐元,貝萊德市場基金 A2,yfinance,股票型,歐洲(含歐元區),A0031 貝萊德投信,貝萊德
B09088,2014-05-12,23.329999923706055,歐元,貝萊德市場基金 A2,yfinance,股票型,歐洲(含歐元區),A0031 貝萊德投信,貝萊德
B09088,2014-05-13,23.309999465942383,歐元,貝萊德市場基金 A2,yfinance,股票型,歐洲(含歐元區),A0031 貝萊德投信,貝萊德
B09088,2014-05-14,23.149999618530273,歐元,貝萊德市場基金 A2,yfinance,股票型,歐洲(含歐元區),A0031 貝萊德投信,貝萊德
B09088,2014-05-15,22.739999771118164,歐元,貝萊德市場基金 A2,yfinance,股票型,歐洲(含歐元區),A0031 貝萊德投信,貝萊德
B09088,2014-05-16,22.639999389648438,歐元,貝萊德市場基金 A2,yfinance,股票型,歐洲(含歐元區),A0031 貝萊德投信,貝萊德
B09088,2014-05-19,22.68000030517578,歐元,貝萊德市場基金 A2,yfinance,股票型,歐洲(含歐元區),A0031 貝萊德投信,貝萊德
B09088,2014-05-20,22.760000228881836,歐元,貝萊德市場基金 A2,yfinance,股票型,歐洲(含歐元區),A0031 貝萊德投信,貝萊德
B09088,2014-05-21,22.899999618530273,歐元,貝萊德市場基金 A2,yfinance,股票型,歐洲(含歐元區),A0031 貝萊德投信,貝萊德
B09088,2014-05-22,22.959999084472656,歐元,貝萊德市場基金 A2,yfinance,股票型,歐洲(含歐元區),A0031 貝萊德投信,貝萊德
B09088,2014-05-23,23.049999237060547,歐元,貝萊德市場基金 A2,yfinance,股票型,歐洲(含歐元區),A0031 貝萊德投信,貝萊德
B09088,2014-05-26,23.40999984741211,歐元,貝萊德市場基金 A2,yfinance,股票型,歐洲(含歐元區),A0031 貝萊德投信,貝萊德
B09088,2014-05-27,23.56999969482422,歐元,貝萊德市場基金 A2,yfinance,股票型,歐洲(含歐元區),A0031 貝萊德投信,貝萊德
B09088,2014-05-28,23.610000610351562,歐元,貝萊德市場基金 A2,yfinance,股票型,歐洲(含歐元區),A0031 貝萊德投信,貝萊德
B09088,2014-05-30,23.65999984741211,歐元,貝萊德市場基金 A2,yfinance,股票型,歐洲(含歐元區),A0031 貝萊德投信,貝萊德
B09088,2014-06-02,23.770000457763672,歐元,貝萊德市場基金 A2,yfinance,股票型,歐洲(含歐元區),A0031 貝萊德投信,貝萊德
B09088,2014-06-03,23.65999984741211,歐元,貝萊德市場基金 A2,yfinance,股票型,歐洲(含歐元區),A0031 貝萊德投信,貝萊德
B09088,2014-06-04,23.600000381469727,歐元,貝萊德市場基金 A2,yfinance,股票型,歐洲(含歐元區),A0031 貝萊德投信,貝萊德
B09088,2014-06-05,24.0,歐元,貝萊德市場基金 A2,yfinance,股票型,歐洲(含歐元區),A0031 貝萊德投信,貝萊德
B09088,2014-06-06,24.280000686645508,歐元,貝萊德市場基金 A2,yfinance,股票型,歐洲(含歐元區),A0031 貝萊德投信,貝萊德
B09088,2014-06-10,24.299999237060547,歐元,貝萊德市場基金 A2,yfinance,股票型,歐洲(含歐元區),A0031 貝萊德投信,貝萊德
B09088,2014-06-11,24.1200008392334,歐元,貝萊德市場基金 A2,yfinance,股票型,歐洲(含歐元區),A0031 貝萊德投信,貝萊德
B09088,2014-06-12,24.030000686645508,歐元,貝萊德市場基金 A2,yfinance,股票型,歐洲(含歐元區),A0031 貝萊德投信,貝萊德
B09088,2014-06-13,23.850000381469727,歐元,貝萊德市場基金 A2,yfinance,股票型,歐洲(含歐元區),A0031 貝萊德投信,貝萊德
B09088,2014-06-16,23.780000686645508,歐元,貝萊德市場基金 A2,yfinance,股票型,歐洲(含歐元區),A0031 貝萊德投信,貝萊德
B09088,2014-06-17,23.780000686645508,歐元,貝萊德市場基金 A2,yfinance,股票型,歐洲(含歐元區),A0031 貝萊德投信,貝萊德
B09088,2014-06-18,23.770000457763672,歐元,貝萊德市場基金 A2,yfinance,股票型,歐洲(含歐元區),A0031 貝萊德投信,貝萊德
B09088,2014-06-19,23.940000534057617,歐元,貝萊德市場基金 A2,yfinance,股票型,歐洲(含歐元區),A0031 貝萊德投信,貝萊德
B09088,2014-06-20,23.8799991607666,歐元,貝萊德市場基金 A2,yfinance,股票型,歐洲(含歐元區),A0031 貝萊德投信,貝萊德
B09088,2014-06-24,23.450000762939453,歐元,貝萊德市場基金 A2,yfinance,股票型,歐洲(含歐元區),A0031 貝萊德投信,貝萊德
B09088,2014-06-25,23.290000915527344,歐元,貝萊德市場基金 A2,yfinance,股票型,歐洲(含歐元區),A0031 貝萊德投信,貝萊德
B09088,2014-06-26,23.200000762939453,歐元,貝萊德市場基金 A2,yfinance,股票型,歐洲(含歐元區),A0031 貝萊德投信,貝萊德
B09088,2014-06-27,23.270000457763672,歐元,貝萊德市場基金 A2,yfinance,股票型,歐洲(含歐元區),A0031 貝萊德投信,貝萊德
B09088,2014-06-30,23.170000076293945,歐元,貝萊德市場基金 A2,yfinance,股票型,歐洲(含歐元區),A0031 貝萊德投信,貝萊德
B09088,2014-07-01,23.270000457763672,歐元,貝萊德市場基金 A2,yfinance,股票型,歐洲(含歐元區),A0031 貝萊德投信,貝萊德
B09088,2014-07-02,23.34000015258789,歐元,貝萊德市場基金 A2,yfinance,股票型,歐洲(含歐元區),A0031 貝萊德投信,貝萊德
B09088,2014-07-03,23.600000381469727,歐元,貝萊德市場基金 A2,yfinance,股票型,歐洲(含歐元區),A0031 貝萊德投信,貝萊德
B09088,2014-07-04,23.530000686645508,歐元,貝萊德市場基金 A2,yfinance,股票型,歐洲(含歐元區),A0031 貝萊德投信,貝萊德
B09088,2014-07-07,23.290000915527344,歐元,貝萊德市場基金 A2,yfinance,股票型,歐洲(含歐元區),A0031 貝萊德投信,貝萊德
B09088,2014-07-08,22.799999237060547,歐元,貝萊德市場基金 A2,yfinance,股票型,歐洲(含歐元區),A0031 貝萊德投信,貝萊德
B09088,2014-07-09,22.770000457763672,歐元,貝萊德市場基金 A2,yfinance,股票型,歐洲(含歐元區),A0031 貝萊德投信,貝萊德
B09088,2014-07-10,22.329999923706055,歐元,貝萊德市場基金 A2,yfinance,股票型,歐洲(含歐元區),A0031 貝萊德投信,貝萊德
B09088,2014-07-11,22.43000030517578,歐元,貝萊德市場基金 A2,yfinance,股票型,歐洲(含歐元區),A0031 貝萊德投信,貝萊德
B09088,2014-07-14,22.649999618530273,歐元,貝萊德市場基金 A2,yfinance,股票型,歐洲(含歐元區),A0031 貝萊德投信,貝萊德
B09088,2014-07-15,22.510000228881836,歐元,貝萊德市場基金 A2,yfinance,股票型,歐洲(含歐元區),A0031 貝萊德投信,貝萊德
B09088,2014-07-16,22.770000457763672,歐元,貝萊德市場基金 A2,yfinance,股票型,歐洲(含歐元區),A0031 貝萊德投信,貝萊德
B09088,2014-07-17,22.75,歐元,貝萊德市場基金 A2,yfinance,股票型,歐洲(含歐元區),A0031 貝萊德投信,貝萊德
B09088,2014-07-18,22.510000228881836,歐元,貝萊德市場基金 A2,yfinance,股票型,歐洲(含歐元區),A0031 貝萊德投信,貝萊德
B09088,2014-07-21,22.360000610351562,歐元,貝萊德市場基金 A2,yfinance,股票型,歐洲(含歐元區),A0031 貝萊德投信,貝萊德
B09088,2014-07-22,22.6299991607666,歐元,貝萊德市場基金 A2,yfinance,股票型,歐洲(含歐元區),A0031 貝萊德投信,貝萊德
B09088,2014-07-23,22.799999237060547,歐元,貝萊德市場基金 A2,yfinance,股票型,歐洲(含歐元區),A0031 貝萊德投信,貝萊德
B09088,2014-07-24,22.950000762939453,歐元,貝萊德市場基金 A2,yfinance,股票型,歐洲(含歐元區),A0031 貝萊德投信,貝萊德
B09088,2014-07-25,22.850000381469727,歐元,貝萊德市場基金 A2,yfinance,股票型,歐洲(含歐元區),A0031 貝萊德投信,貝萊德
B09088,2014-07-28,22.690000534057617,歐元,貝萊德市場基金 A2,yfinance,股票型,歐洲(含歐元區),A0031 貝萊德投信,貝萊德
B09088,2014-07-29,22.799999237060547,歐元,貝萊德市場基金 A2,yfinance,股票型,歐洲(含歐元區),A0031 貝萊德投信,貝萊德
B09088,2014-07-30,22.65999984741211,歐元,貝萊德市場基金 A2,yfinance,股票型,歐洲(含歐元區),A0031 貝萊德投信,貝萊德
B09088,2014-07-31,22.139999389648438,歐元,貝萊德市場基金 A2,yfinance,股票型,歐洲(含歐元區),A0031 貝萊德投信,貝萊德
B09088,2014-08-01,21.889999389648438,歐元,貝萊德市場基金 A2,yfinance,股票型,歐洲(含歐元區),A0031 貝萊德投信,貝萊德
B09088,2014-08-04,21.770000457763672,歐元,貝萊德市場基金 A2,yfinance,股票型,歐洲(含歐元區),A0031 貝萊德投信,貝萊德
B09088,2014-08-05,21.59000015258789,歐元,貝萊德市場基金 A2,yfinance,股票型,歐洲(含歐元區),A0031 貝萊德投信,貝萊德
B09088,2014-08-06,21.15999984741211,歐元,貝萊德市場基金 A2,yfinance,股票型,歐洲(含歐元區),A0031 貝萊德投信,貝萊德
B09088,2014-08-07,21.209999084472656,歐元,貝萊德市場基金 A2,yfinance,股票型,歐洲(含歐元區),A0031 貝萊德投信,貝萊德
B09088,2014-08-08,20.850000381469727,歐元,貝萊德市場基金 A2,yfinance,股票型,歐洲(含歐元區),A0031 貝萊德投信,貝萊德
B09088,2014-08-11,21.239999771118164,歐元,貝萊德市場基金 A2,yfinance,股票型,歐洲(含歐元區),A0031 貝萊德投信,貝萊德
B09088,2014-08-12,21.219999313354492,歐元,貝萊德市場基金 A2,yfinance,股票型,歐洲(含歐元區),A0031 貝萊德投信,貝萊德
B09088,2014-08-13,21.190000534057617,歐元,貝萊德市場基金 A2,yfinance,股票型,歐洲(含歐元區),A0031 貝萊德投信,貝萊德
B09088,2014-08-14,21.280000686645508,歐元,貝萊德市場基金 A2,yfinance,股票型,歐洲(含歐元區),A0031 貝萊德投信,貝萊德
B09088,2014-08-18,21.3700008392334,歐元,貝萊德市場基金 A2,yfinance,股票型,歐洲(含歐元區),A0031 貝萊德投信,貝萊德
B09088,2014-08-19,21.549999237060547,歐元,貝萊德市場基金 A2,yfinance,股票型,歐洲(含歐元區),A0031 貝萊德投信,貝萊德
B09088,2014-08-20,21.450000762939453,歐元,貝萊德市場基金 A2,yfinance,股票型,歐洲(含歐元區),A0031 貝萊德投信,貝萊德
B09088,2014-08-21,21.719999313354492,歐元,貝萊德市場基金 A2,yfinance,股票型,歐洲(含歐元區),A0031 貝萊德投信,貝萊德
B09088,2014-08-22,21.700000762939453,歐元,貝萊德市場基金 A2,yfinance,股票型,歐洲(含歐元區),A0031 貝萊德投信,貝萊德
B09088,2014-08-25,21.969999313354492,歐元,貝萊德市場基金 A2,yfinance,股票型,歐洲(含歐元區),A0031 貝萊德投信,貝萊德
B09088,2014-08-26,22.200000762939453,歐元,貝萊德市場基金 A2,yfinance,股票型,歐洲(含歐元區),A0031 貝萊德投信,貝萊德
B09088,2014-08-27,22.260000228881836,歐元,貝萊德市場基金 A2,yfinance,股票型,歐洲(含歐元區),A0031 貝萊德投信,貝萊德
B09088,2014-08-28,22.1299991607666,歐元,貝萊德市場基金 A2,yfinance,股票型,歐洲(含歐元區),A0031 貝萊德投信,貝萊德
B09088,2014-08-29,21.959999084472656,歐元,貝萊德市場基金 A2,yfinance,股票型,歐洲(含歐元區),A0031 貝萊德投信,貝萊德
B09088,2014-09-01,22.1200008392334,歐元,貝萊德市場基金 A2,yfinance,股票型,歐洲(含歐元區),A0031 貝萊德投信,貝萊德
B09088,2014-09-02,22.170000076293945,歐元,貝萊德市場基金 A2,yfinance,股票型,歐洲(含歐元區),A0031 貝萊德投信,貝萊德
B09088,2014-09-03,22.40999984741211,歐元,貝萊德市場基金 A2,yfinance,股票型,歐洲(含歐元區),A0031 貝萊德投信,貝萊德
B09088,2014-09-04,22.709999084472656,歐元,貝萊德市場基金 A2,yfinance,股票型,歐洲(含歐元區),A0031 貝萊德投信,貝萊德
B09088,2014-09-05,22.809999465942383,歐元,貝萊德市場基金 A2,yfinance,股票型,歐洲(含歐元區),A0031 貝萊德投信,貝萊德
B09088,2014-09-08,22.75,歐元,貝萊德市場基金 A2,yfinance,股票型,歐洲(含歐元區),A0031 貝萊德投信,貝萊德
B09088,2014-09-09,22.639999389648438,歐元,貝萊德市場基金 A2,yfinance,股票型,歐洲(含歐元區),A0031 貝萊德投信,貝萊德
B09088,2014-09-10,22.559999465942383,歐元,貝萊德市場基金 A2,yfinance,股票型,歐洲(含歐元區),A0031 貝萊德投信,貝萊德
B09088,2014-09-11,22.520000457763672,歐元,貝萊德市場基金 A2,yfinance,股票型,歐洲(含歐元區),A0031 貝萊德投信,貝萊德
B09088,2014-09-12,22.459999084472656,歐元,貝萊德市場基金 A2,yfinance,股票型,歐洲(含歐元區),A0031 貝萊德投信,貝萊德
B09088,2014-09-15,22.389999389648438,歐元,貝萊德市場基金 A2,yfinance,股票型,歐洲(含歐元區),A0031 貝萊德投信,貝萊德
B09088,2014-09-16,22.280000686645508,歐元,貝萊德市場基金 A2,yfinance,股票型,歐洲(含歐元區),A0031 貝萊德投信,貝萊德
B09088,2014-09-17,22.5,歐元,貝萊德市場基金 A2,yfinance,股票型,歐洲(含歐元區),A0031 貝萊德投信,貝萊德
B09088,2014-09-18,22.700000762939453,歐元,貝萊德市場基金 A2,yfinance,股票型,歐洲(含歐元區),A0031 貝萊德投信,貝萊德
B09088,2014-09-19,22.719999313354492,歐元,貝萊德市場基金 A2,yfinance,股票型,歐洲(含歐元區),A0031 貝萊德投信,貝萊德
B09088,2014-09-22,22.6200008392334,歐元,貝萊德市場基金 A2,yfinance,股票型,歐洲(含歐元區),A0031 貝萊德投信,貝萊德
B09088,2014-09-23,22.25,歐元,貝萊德市場基金 A2,yfinance,股票型,歐洲(含歐元區),A0031 貝萊德投信,貝萊德
B09088,2014-09-24,22.15999984741211,歐元,貝萊德市場基金 A2,yfinance,股票型,歐洲(含歐元區),A0031 貝萊德投信,貝萊德
B09088,2014-09-25,22.139999389648438,歐元,貝萊德市場基金 A2,yfinance,股票型,歐洲(含歐元區),A0031 貝萊德投信,貝萊德
B09088,2014-09-26,22.170000076293945,歐元,貝萊德市場基金 A2,yfinance,股票型,歐洲(含歐元區),A0031 貝萊德投信,貝萊德
B09088,2014-09-29,22.0,歐元,貝萊德市場基金 A2,yfinance,股票型,歐洲(含歐元區),A0031 貝萊德投信,貝萊德
B09088,2014-09-30,22.18000030517578,歐元,貝萊德市場基金 A2,yfinance,股票型,歐洲(含歐元區),A0031 貝萊德投信,貝萊德
B09088,2014-10-01,22.1200008392334,歐元,貝萊德市場基金 A2,yfinance,股票型,歐洲(含歐元區),A0031 貝萊德投信,貝萊德
B09088,2014-10-02,21.729999542236328,歐元,貝萊德市場基金 A2,yfinance,股票型,歐洲(含歐元區),A0031 貝萊德投信,貝萊德
B09088,2014-10-03,21.700000762939453,歐元,貝萊德市場基金 A2,yfinance,股票型,歐洲(含歐元區),A0031 貝萊德投信,貝萊德
B09088,2014-10-06,21.850000381469727,歐元,貝萊德市場基金 A2,yfinance,股票型,歐洲(含歐元區),A0031 貝萊德投信,貝萊德
B09088,2014-10-07,21.399999618530273,歐元,貝萊德市場基金 A2,yfinance,股票型,歐洲(含歐元區),A0031 貝萊德投信,貝萊德
B09088,2014-10-08,21.170000076293945,歐元,貝萊德市場基金 A2,yfinance,股票型,歐洲(含歐元區),A0031 貝萊德投信,貝萊德
B09088,2014-10-09,21.030000686645508,歐元,貝萊德市場基金 A2,yfinance,股票型,歐洲(含歐元區),A0031 貝萊德投信,貝萊德
B09088,2014-10-10,20.770000457763672,歐元,貝萊德市場基金 A2,yfinance,股票型,歐洲(含歐元區),A0031 貝萊德投信,貝萊德
B09088,2014-10-13,20.639999389648438,歐元,貝萊德市場基金 A2,yfinance,股票型,歐洲(含歐元區),A0031 貝萊德投信,貝萊德
B09088,2014-10-14,20.520000457763672,歐元,貝萊德市場基金 A2,yfinance,股票型,歐洲(含歐元區),A0031 貝萊德投信,貝萊德
B09088,2014-10-15,20.049999237060547,歐元,貝萊德市場基金 A2,yfinance,股票型,歐洲(含歐元區),A0031 貝萊德投信,貝萊德
B09088,2014-10-16,19.65999984741211,歐元,貝萊德市場基金 A2,yfinance,股票型,歐洲(含歐元區),A0031 貝萊德投信,貝萊德
B09088,2014-10-17,20.260000228881836,歐元,貝萊德市場基金 A2,yfinance,股票型,歐洲(含歐元區),A0031 貝萊德投信,貝萊德
B09088,2014-10-20,20.239999771118164,歐元,貝萊德市場基金 A2,yfinance,股票型,歐洲(含歐元區),A0031 貝萊德投信,貝萊德
B09088,2014-10-21,20.700000762939453,歐元,貝萊德市場基金 A2,yfinance,股票型,歐洲(含歐元區),A0031 貝萊德投信,貝萊德
B09088,2014-10-22,20.899999618530273,歐元,貝萊德市場基金 A2,yfinance,股票型,歐洲(含歐元區),A0031 貝萊德投信,貝萊德
B09088,2014-10-23,20.950000762939453,歐元,貝萊德市場基金 A2,yfinance,股票型,歐洲(含歐元區),A0031 貝萊德投信,貝萊德
B09088,2014-10-24,21.030000686645508,歐元,貝萊德市場基金 A2,yfinance,股票型,歐洲(含歐元區),A0031 貝萊德投信,貝萊德
B09088,2014-10-27,20.799999237060547,歐元,貝萊德市場基金 A2,yfinance,股票型,歐洲(含歐元區),A0031 貝萊德投信,貝萊德
B09088,2014-10-28,21.1200008392334,歐元,貝萊德市場基金 A2,yfinance,股票型,歐洲(含歐元區),A0031 貝萊德投信,貝萊德
B09088,2014-10-29,21.209999084472656,歐元,貝萊德市場基金 A2,yfinance,股票型,歐洲(含歐元區),A0031 貝萊德投信,貝萊德
B09088,2014-10-30,21.079999923706055,歐元,貝萊德市場基金 A2,yfinance,股票型,歐洲(含歐元區),A0031 貝萊德投信,貝萊德
B09088,2014-10-31,21.719999313354492,歐元,貝萊德市場基金 A2,yfinance,股票型,歐洲(含歐元區),A0031 貝萊德投信,貝萊德
B09088,2014-11-03,21.549999237060547,歐元,貝萊德市場基金 A2,yfinance,股票型,歐洲(含歐元區),A0031 貝萊德投信,貝萊德
B09088,2014-11-04,21.3799991607666,歐元,貝萊德市場基金 A2,yfinance,股票型,歐洲(含歐元區),A0031 貝萊德投信,貝萊德
B09088,2014-11-05,21.520000457763672,歐元,貝萊德市場基金 A2,yfinance,股票型,歐洲(含歐元區),A0031 貝萊德投信,貝萊德
B09088,2014-11-06,21.690000534057617,歐元,貝萊德市場基金 A2,yfinance,股票型,歐洲(含歐元區),A0031 貝萊德投信,貝萊德
B09088,2014-11-07,21.239999771118164,歐元,貝萊德市場基金 A2,yfinance,股票型,歐洲(含歐元區),A0031 貝萊德投信,貝萊德
B09088,2014-11-10,21.3700008392334,歐元,貝萊德市場基金 A2,yfinance,股票型,歐洲(含歐元區),A0031 貝萊德投信,貝萊德
B09088,2014-11-11,21.479999542236328,歐元,貝萊德市場基金 A2,yfinance,股票型,歐洲(含歐元區),A0031 貝萊德投信,貝萊德
B09088,2014-11-12,21.15999984741211,歐元,貝萊德市場基金 A2,yfinance,股票型,歐洲(含歐元區),A0031 貝萊德投信,貝萊德
B09088,2014-11-13,21.200000762939453,歐元,貝萊德市場基金 A2,yfinance,股票型,歐洲(含歐元區),A0031 貝萊德投信,貝萊德
B09088,2014-11-14,21.280000686645508,歐元,貝萊德市場基金 A2,yfinance,股票型,歐洲(含歐元區),A0031 貝萊德投信,貝萊德
B09088,2014-11-17,21.260000228881836,歐元,貝萊德市場基金 A2,yfinance,股票型,歐洲(含歐元區),A0031 貝萊德投信,貝萊德
B09088,2014-11-18,21.610000610351562,歐元,貝萊德市場基金 A2,yfinance,股票型,歐洲(含歐元區),A0031 貝萊德投信,貝萊德
B09088,2014-11-19,21.649999618530273,歐元,貝萊德市場基金 A2,yfinance,股票型,歐洲(含歐元區),A0031 貝萊德投信,貝萊德
B09088,2014-11-20,21.440000534057617,歐元,貝萊德市場基金 A2,yfinance,股票型,歐洲(含歐元區),A0031 貝萊德投信,貝萊德
B09088,2014-11-21,22.040000915527344,歐元,貝萊德市場基金 A2,yfinance,股票型,歐洲(含歐元區),A0031 貝萊德投信,貝萊德
B09088,2014-11-24,22.25,歐元,貝萊德市場基金 A2,yfinance,股票型,歐洲(含歐元區),A0031 貝萊德投信,貝萊德
B09088,2014-11-25,22.40999984741211,歐元,貝萊德市場基金 A2,yfinance,股票型,歐洲(含歐元區),A0031 貝萊德投信,貝萊德
B09088,2014-11-26,22.360000610351562,歐元,貝萊德市場基金 A2,yfinance,股票型,歐洲(含歐元區),A0031 貝萊德投信,貝萊德
B09088,2014-11-27,22.459999084472656,歐元,貝萊德市場基金 A2,yfinance,股票型,歐洲(含歐元區),A0031 貝萊德投信,貝萊德
B09088,2014-11-28,22.40999984741211,歐元,貝萊德市場基金 A2,yfinance,股票型,歐洲(含歐元區),A0031 貝萊德投信,貝萊德
B09088,2014-12-01,22.270000457763672,歐元,貝萊德市場基金 A2,yfinance,股票型,歐洲(含歐元區),A0031 貝萊德投信,貝萊德
B09088,2014-12-02,22.329999923706055,歐元,貝萊德市場基金 A2,yfinance,股票型,歐洲(含歐元區),A0031 貝萊德投信,貝萊德
B09088,2014-12-03,22.40999984741211,歐元,貝萊德市場基金 A2,yfinance,股票型,歐洲(含歐元區),A0031 貝萊德投信,貝萊德
B09088,2014-12-04,22.1200008392334,歐元,貝萊德市場基金 A2,yfinance,股票型,歐洲(含歐元區),A0031 貝萊德投信,貝萊德
B09088,2014-12-05,22.549999237060547,歐元,貝萊德市場基金 A2,yfinance,股票型,歐洲(含歐元區),A0031 貝萊德投信,貝萊德
B09088,2014-12-08,22.510000228881836,歐元,貝萊德市場基金 A2,yfinance,股票型,歐洲(含歐元區),A0031 貝萊德投信,貝萊德
B09088,2014-12-09,22.0,歐元,貝萊德市場基金 A2,yfinance,股票型,歐洲(含歐元區),A0031 貝萊德投信,貝萊德
B09088,2014-12-10,21.84000015258789,歐元,貝萊德市場基金 A2,yfinance,股票型,歐洲(含歐元區),A0031 貝萊德投信,貝萊德
B09088,2014-12-11,21.780000686645508,歐元,貝萊德市場基金 A2,yfinance,股票型,歐洲(含歐元區),A0031 貝萊德投信,貝萊德
B09088,2014-12-12,21.5,歐元,貝萊德市場基金 A2,yfinance,股票型,歐洲(含歐元區),A0031 貝萊德投信,貝萊德
B09088,2014-12-15,21.15999984741211,歐元,貝萊德市場基金 A2,yfinance,股票型,歐洲(含歐元區),A0031 貝萊德投信,貝萊德
B09088,2014-12-16,20.68000030517578,歐元,貝萊德市場基金 A2,yfinance,股票型,歐洲(含歐元區),A0031 貝萊德投信,貝萊德
B09088,2014-12-17,21.049999237060547,歐元,貝萊德市場基金 A2,yfinance,股票型,歐洲(含歐元區),A0031 貝萊德投信,貝萊德
B09088,2014-12-18,21.639999389648438,歐元,貝萊德市場基金 A2,yfinance,股票型,歐洲(含歐元區),A0031 貝萊德投信,貝萊德
B09088,2014-12-19,21.68000030517578,歐元,貝萊德市場基金 A2,yfinance,股票型,歐洲(含歐元區),A0031 貝萊德投信,貝萊德
B09088,2014-12-22,21.850000381469727,歐元,貝萊德市場基金 A2,yfinance,股票型,歐洲(含歐元區),A0031 貝萊德投信,貝萊德
B09088,2014-12-23,22.030000686645508,歐元,貝萊德市場基金 A2,yfinance,股票型,歐洲(含歐元區),A0031 貝萊德投信,貝萊德
B09088,2014-12-29,21.920000076293945,歐元,貝萊德市場基金 A2,yfinance,股票型,歐洲(含歐元區),A0031 貝萊德投信,貝萊德
B09088,2014-12-30,21.829999923706055,歐元,貝萊德市場基金 A2,yfinance,股票型,歐洲(含歐元區),A0031 貝萊德投信,貝萊德
B24046,2014-01-02,37.58063507080078,英鎊,霸菱亞洲增長基金-A類 英鎊配息型,yfinance,股票型,亞洲地區,B0149 霸菱投顧,霸菱
B24046,2014-01-03,37.22526550292969,英鎊,霸菱亞洲增長基金-A類 英鎊配息型,yfinance,股票型,亞洲地區,B0149 霸菱投顧,霸菱
B24046,2014-01-06,37.166038513183594,英鎊,霸菱亞洲增長基金-A類 英鎊配息型,yfinance,股票型,亞洲地區,B0149 霸菱投顧,霸菱
B24046,2014-01-07,36.958736419677734,英鎊,霸菱亞洲增長基金-A類 英鎊配息型,yfinance,股票型,亞洲地區,B0149 霸菱投顧,霸菱
B24046,2014-01-08,37.0969352722168,英鎊,霸菱亞洲增長基金-A類 英鎊配息型,yfinance,股票型,亞洲地區,B0149 霸菱投顧,霸菱
B24046,2014-01-09,36.8007926940918,英鎊,霸菱亞洲增長基金-A類 英鎊配息型,yfinance,股票型,亞洲地區,B0149 霸菱投顧,霸菱
B24046,2014-01-10,36.85015106201172,英鎊,霸菱亞洲增長基金-A類 英鎊配息型,yfinance,股票型,亞洲地區,B0149 霸菱投顧,霸菱
B24046,2014-01-13,37.15616226196289,英鎊,霸菱亞洲增長基金-A類 英鎊配息型,yfinance,股票型,亞洲地區,B0149 霸菱投顧,霸菱
B24046,2014-01-14,37.195648193359375,英鎊,霸菱亞洲增長基金-A類 英鎊配息型,yfinance,股票型,亞洲地區,B0149 霸菱投顧,霸菱
B24046,2014-01-15,37.35359191894531,英鎊,霸菱亞洲增長基金-A類 英鎊配息型,yfinance,股票型,亞洲地區,B0149 霸菱投顧,霸菱
B24046,2014-01-16,37.70896530151367,英鎊,霸菱亞洲增長基金-A類 英鎊配息型,yfinance,股票型,亞洲地區,B0149 霸菱投顧,霸菱
B24046,2014-01-17,37.52140808105469,英鎊,霸菱亞洲增長基金-A類 英鎊配息型,yfinance,股票型,亞洲地區,B0149 霸菱投顧,霸菱
B24046,2014-01-20,37.511539459228516,英鎊,霸菱亞洲增長基金-A類 英鎊配息型,yfinance,股票型,亞洲地區,B0149 霸菱投顧,霸菱
B24046,2014-01-21,37.52140808105469,英鎊,霸菱亞洲增長基金-A類 英鎊配息型,yfinance,股票型,亞洲地區,B0149 霸菱投顧,霸菱
B24046,2014-01-22,37.343727111816406,英鎊,霸菱亞洲增長基金-A類 英鎊配息型,yfinance,股票型,亞洲地區,B0149 霸菱投顧,霸菱
B24046,2014-01-23,36.93899154663086,英鎊,霸菱亞洲增長基金-A類 英鎊配息型,yfinance,股票型,亞洲地區,B0149 霸菱投顧,霸菱
B24046,2014-01-24,36.415802001953125,英鎊,霸菱亞洲增長基金-A類 英鎊配息型,yfinance,股票型,亞洲地區,B0149 霸菱投顧,霸菱
B24046,2014-01-27,35.60634231567383,英鎊,霸菱亞洲增長基金-A類 英鎊配息型,yfinance,股票型,亞洲地區,B0149 霸菱投顧,霸菱
B24046,2014-01-28,35.744544982910156,英鎊,霸菱亞洲增長基金-A類 英鎊配息型,yfinance,股票型,亞洲地區,B0149 霸菱投顧,霸菱
B24046,2014-01-29,36.10979461669922,英鎊,霸菱亞洲增長基金-A類 英鎊配息型,yfinance,股票型,亞洲地區,B0149 霸菱投顧,霸菱
B24046,2014-01-30,36.080177307128906,英鎊,霸菱亞洲增長基金-A類 英鎊配息型,yfinance,股票型,亞洲地區,B0149 霸菱投顧,霸菱
B24046,2014-01-31,35.98146057128906,英鎊,霸菱亞洲增長基金-A類 英鎊配息型,yfinance,股票型,亞洲地區,B0149 霸菱投顧,霸菱
B24046,2014-02-03,36.178890228271484,英鎊,霸菱亞洲增長基金-A類 英鎊配息型,yfinance,股票型,亞洲地區,B0149 霸菱投顧,霸菱
B24046,2014-02-04,35.42865753173828,英鎊,霸菱亞洲增長基金-A類 英鎊配息型,yfinance,股票型,亞洲地區,B0149 霸菱投顧,霸菱
B24046,2014-02-05,35.44840621948242,英鎊,霸菱亞洲增長基金-A類 英鎊配息型,yfinance,股票型,亞洲地區,B0149 霸菱投顧,霸菱
B24046,2014-02-06,35.6951904296875,英鎊,霸菱亞洲增長基金-A類 英鎊配息型,yfinance,股票型,亞洲地區,B0149 霸菱投顧,霸菱
B24046,2014-02-07,36.05056381225586,英鎊,霸菱亞洲增長基金-A類 英鎊配息型,yfinance,股票型,亞洲地區,B0149 霸菱投顧,霸菱
B24046,2014-02-10,35.92223358154297,英鎊,霸菱亞洲增長基金-A類 英鎊配息型,yfinance,股票型,亞洲地區,B0149 霸菱投顧,霸菱
B24046,2014-02-11,36.18876647949219,英鎊,霸菱亞洲增長基金-A類 英鎊配息型,yfinance,股票型,亞洲地區,B0149 霸菱投顧,霸菱
B24046,2014-02-12,36.376319885253906,英鎊,霸菱亞洲增長基金-A類 英鎊配息型,yfinance,股票型,亞洲地區,B0149 霸菱投顧,霸菱
B24046,2014-02-13,35.9913330078125,英鎊,霸菱亞洲增長基金-A類 英鎊配息型,yfinance,股票型,亞洲地區,B0149 霸菱投顧,霸菱
B24046,2014-02-14,35.971588134765625,英鎊,霸菱亞洲增長基金-A類 英鎊配息型,yfinance,股票型,亞洲地區,B0149 霸菱投顧,霸菱
B24046,2014-02-17,36.19863510131836,英鎊,霸菱亞洲增長基金-A類 英鎊配息型,yfinance,股票型,亞洲地區,B0149 霸菱投顧,霸菱
B24046,2014-02-18,36.25786209106445,英鎊,霸菱亞洲增長基金-A類 英鎊配息型,yfinance,股票型,亞洲地區,B0149 霸菱投顧,霸菱
B24046,2014-02-19,36.24799346923828,英鎊,霸菱亞洲增長基金-A類 英鎊配息型,yfinance,股票型,亞洲地區,B0149 霸菱投顧,霸菱
B24046,2014-02-20,35.85313034057617,英鎊,霸菱亞洲增長基金-A類 英鎊配息型,yfinance,股票型,亞洲地區,B0149 霸菱投顧,霸菱
B24046,2014-02-21,36.099918365478516,英鎊,霸菱亞洲增長基金-A類 英鎊配息型,yfinance,股票型,亞洲地區,B0149 霸菱投顧,霸菱
B24046,2014-02-24,35.88274383544922,英鎊,霸菱亞洲增長基金-A類 英鎊配息型,yfinance,股票型,亞洲地區,B0149 霸菱投顧,霸菱
B24046,2014-02-25,35.744544982910156,英鎊,霸菱亞洲增長基金-A類 英鎊配息型,yfinance,股票型,亞洲地區,B0149 霸菱投顧,霸菱
B24046,2014-02-26,36.05056381225586,英鎊,霸菱亞洲增長基金-A類 英鎊配息型,yfinance,股票型,亞洲地區,B0149 霸菱投顧,霸菱
B24046,2014-02-27,36.455291748046875,英鎊,霸菱亞洲增長基金-A類 英鎊配息型,yfinance,股票型,亞洲地區,B0149 霸菱投顧,霸菱
B24046,2014-02-28,36.59349060058594,英鎊,霸菱亞洲增長基金-A類 英鎊配息型,yfinance,股票型,亞洲地區,B0149 霸菱投顧,霸菱
B24046,2014-03-03,36.267738342285156,英鎊,霸菱亞洲增長基金-A類 英鎊配息型,yfinance,股票型,亞洲地區,B0149 霸菱投顧,霸菱
B24046,2014-03-04,36.326961517333984,英鎊,霸菱亞洲增長基金-A類 英鎊配息型,yfinance,股票型,亞洲地區,B0149 霸菱投顧,霸菱
B24046,2014-03-05,36.5836181640625,英鎊,霸菱亞洲增長基金-A類 英鎊配息型,yfinance,股票型,亞洲地區,B0149 霸菱投顧,霸菱
B24046,2014-03-06,36.90937805175781,英鎊,霸菱亞洲增長基金-A類 英鎊配息型,yfinance,股票型,亞洲地區,B0149 霸菱投顧,霸菱
B24046,2014-03-07,36.810665130615234,英鎊,霸菱亞洲增長基金-A類 英鎊配息型,yfinance,股票型,亞洲地區,B0149 霸菱投顧,霸菱
B24046,2014-03-10,36.7415657043457,英鎊,霸菱亞洲增長基金-A類 英鎊配息型,yfinance,股票型,亞洲地區,B0149 霸菱投顧,霸菱
B24046,2014-03-11,36.89950942993164,英鎊,霸菱亞洲增長基金-A類 英鎊配息型,yfinance,股票型,亞洲地區,B0149 霸菱投顧,霸菱
B24046,2014-03-12,36.514522552490234,英鎊,霸菱亞洲增長基金-A類 英鎊配息型,yfinance,股票型,亞洲地區,B0149 霸菱投顧,霸菱
B24046,2014-03-13,36.21837615966797,英鎊,霸菱亞洲增長基金-A類 英鎊配息型,yfinance,股票型,亞洲地區,B0149 霸菱投顧,霸菱
B24046,2014-03-14,36.05056381225586,英鎊,霸菱亞洲增長基金-A類 英鎊配息型,yfinance,股票型,亞洲地區,B0149 霸菱投顧,霸菱
B24046,2014-03-18,36.099918365478516,英鎊,霸菱亞洲增長基金-A類 英鎊配息型,yfinance,股票型,亞洲地區,B0149 霸菱投顧,霸菱
B24046,2014-03-19,36.030818939208984,英鎊,霸菱亞洲增長基金-A類 英鎊配息型,yfinance,股票型,亞洲地區,B0149 霸菱投顧,霸菱
B24046,2014-03-20,35.84326171875,英鎊,霸菱亞洲增長基金-A類 英鎊配息型,yfinance,股票型,亞洲地區,B0149 霸菱投顧,霸菱
B24046,2014-03-21,35.98146057128906,英鎊,霸菱亞洲增長基金-A類 英鎊配息型,yfinance,股票型,亞洲地區,B0149 霸菱投顧,霸菱
B24046,2014-03-24,36.3565788269043,英鎊,霸菱亞洲增長基金-A類 英鎊配息型,yfinance,股票型,亞洲地區,B0149 霸菱投顧,霸菱
B24046,2014-03-25,36.080177307128906,英鎊,霸菱亞洲增長基金-A類 英鎊配息型,yfinance,股票型,亞洲地區,B0149 霸菱投顧,霸菱
B24046,2014-03-26,36.435550689697266,英鎊,霸菱亞洲增長基金-A類 英鎊配息型,yfinance,股票型,亞洲地區,B0149 霸菱投顧,霸菱
B24046,2014-03-27,36.208499908447266,英鎊,霸菱亞洲增長基金-A類 英鎊配息型,yfinance,股票型,亞洲地區,B0149 霸菱投顧,霸菱
B24046,2014-03-28,36.524391174316406,英鎊,霸菱亞洲增長基金-A類 英鎊配息型,yfinance,股票型,亞洲地區,B0149 霸菱投顧,霸菱
B24046,2014-03-31,36.731689453125,英鎊,霸菱亞洲增長基金-A類 英鎊配息型,yfinance,股票型,亞洲地區,B0149 霸菱投顧,霸菱
B24046,2014-04-01,37.126548767089844,英鎊,霸菱亞洲增長基金-A類 英鎊配息型,yfinance,股票型,亞洲地區,B0149 霸菱投顧,霸菱
B24046,2014-04-02,37.343727111816406,英鎊,霸菱亞洲增長基金-A類 英鎊配息型,yfinance,股票型,亞洲地區,B0149 霸菱投顧,霸菱
B24046,2014-04-03,37.39308166503906,英鎊,霸菱亞洲增長基金-A類 英鎊配息型,yfinance,股票型,亞洲地區,B0149 霸菱投顧,霸菱
B24046,2014-04-04,37.3338508605957,英鎊,霸菱亞洲增長基金-A類 英鎊配息型,yfinance,股票型,亞洲地區,B0149 霸菱投顧,霸菱
B24046,2014-04-07,37.0969352722168,英鎊,霸菱亞洲增長基金-A類 英鎊配息型,yfinance,股票型,亞洲地區,B0149 霸菱投顧,霸菱
B24046,2014-04-08,36.86989212036133,英鎊,霸菱亞洲增長基金-A類 英鎊配息型,yfinance,股票型,亞洲地區,B0149 霸菱投顧,霸菱
B24046,2014-04-09,37.087059020996094,英鎊,霸菱亞洲增長基金-A類 英鎊配息型,yfinance,股票型,亞洲地區,B0149 霸菱投顧,霸菱
B24046,2014-04-10,37.2548828125,英鎊,霸菱亞洲增長基金-A類 英鎊配息型,yfinance,股票型,亞洲地區,B0149 霸菱投顧,霸菱
B24046,2014-04-11,37.06732177734375,英鎊,霸菱亞洲增長基金-A類 英鎊配息型,yfinance,股票型,亞洲地區,B0149 霸菱投顧,霸菱
B24046,2014-04-14,36.86989212036133,英鎊,霸菱亞洲增長基金-A類 英鎊配息型,yfinance,股票型,亞洲地區,B0149 霸菱投顧,霸菱
B24046,2014-04-15,36.8007926940918,英鎊,霸菱亞洲增長基金-A類 英鎊配息型,yfinance,股票型,亞洲地區,B0149 霸菱投顧,霸菱
B24046,2014-04-16,36.72182083129883,英鎊,霸菱亞洲增長基金-A類 英鎊配息型,yfinance,股票型,亞洲地區,B0149 霸菱投顧,霸菱
B24046,2014-04-17,36.8007926940918,英鎊,霸菱亞洲增長基金-A類 英鎊配息型,yfinance,股票型,亞洲地區,B0149 霸菱投顧,霸菱
B24046,2014-04-22,36.919246673583984,英鎊,霸菱亞洲增長基金-A類 英鎊配息型,yfinance,股票型,亞洲地區,B0149 霸菱投顧,霸菱
B24046,2014-04-23,36.810665130615234,英鎊,霸菱亞洲增長基金-A類 英鎊配息型,yfinance,股票型,亞洲地區,B0149 霸菱投顧,霸菱
B24046,2014-04-24,36.96860885620117,英鎊,霸菱亞洲增長基金-A類 英鎊配息型,yfinance,股票型,亞洲地區,B0149 霸菱投顧,霸菱
B24046,2014-04-25,36.60336685180664,英鎊,霸菱亞洲增長基金-A類 英鎊配息型,yfinance,股票型,亞洲地區,B0149 霸菱投顧,霸菱
B24046,2014-04-28,36.62310791015625,英鎊,霸菱亞洲增長基金-A類 英鎊配息型,yfinance,股票型,亞洲地區,B0149 霸菱投顧,霸菱
B24046,2014-04-29,36.70207977294922,英鎊,霸菱亞洲增長基金-A類 英鎊配息型,yfinance,股票型,亞洲地區,B0149 霸菱投顧,霸菱
B24046,2014-04-30,36.366451263427734,英鎊,霸菱亞洲增長基金-A類 英鎊配息型,yfinance,股票型,亞洲地區,B0149 霸菱投顧,霸菱
B24046,2014-05-01,36.18876647949219,英鎊,霸菱亞洲增長基金-A類 英鎊配息型,yfinance,股票型,亞洲地區,B0149 霸菱投顧,霸菱
B24046,2014-05-02,36.60336685180664,英鎊,霸菱亞洲增長基金-A類 英鎊配息型,yfinance,股票型,亞洲地區,B0149 霸菱投顧,霸菱
B24046,2014-05-06,36.40593719482422,英鎊,霸菱亞洲增長基金-A類 英鎊配息型,yfinance,股票型,亞洲地區,B0149 霸菱投顧,霸菱
B24046,2014-05-07,36.159149169921875,英鎊,霸菱亞洲增長基金-A類 英鎊配息型,yfinance,股票型,亞洲地區,B0149 霸菱投顧,霸菱
B24046,2014-05-08,36.090049743652344,英鎊,霸菱亞洲增長基金-A類 英鎊配息型,yfinance,股票型,亞洲地區,B0149 霸菱投顧,霸菱
B24046,2014-05-09,36.27760696411133,英鎊,霸菱亞洲增長基金-A類 英鎊配息型,yfinance,股票型,亞洲地區,B0149 霸菱投顧,霸菱
B24046,2014-05-12,36.534263610839844,英鎊,霸菱亞洲增長基金-A類 英鎊配息型,yfinance,股票型,亞洲地區,B0149 霸菱投顧,霸菱
B24046,2014-05-13,37.01796340942383,英鎊,霸菱亞洲增長基金-A類 英鎊配息型,yfinance,股票型,亞洲地區,B0149 霸菱投顧,霸菱
B24046,2014-05-14,37.48192596435547,英鎊,霸菱亞洲增長基金-A類 英鎊配息型,yfinance,股票型,亞洲地區,B0149 霸菱投顧,霸菱
B24046,2014-05-15,37.63986587524414,英鎊,霸菱亞洲增長基金-A類 英鎊配息型,yfinance,股票型,亞洲地區,B0149 霸菱投顧,霸菱
B24046,2014-05-16,37.58063507080078,英鎊,霸菱亞洲增長基金-A類 英鎊配息型,yfinance,股票型,亞洲地區,B0149 霸菱投顧,霸菱
B24046,2014-05-19,37.600379943847656,英鎊,霸菱亞洲增長基金-A類 英鎊配息型,yfinance,股票型,亞洲地區,B0149 霸菱投顧,霸菱
B24046,2014-05-20,37.44243240356445,英鎊,霸菱亞洲增長基金-A類 英鎊配息型,yfinance,股票型,亞洲地區,B0149 霸菱投顧,霸菱
B24046,2014-05-21,37.274620056152344,英鎊,霸菱亞洲增長基金-A類 英鎊配息型,yfinance,股票型,亞洲地區,B0149 霸菱投顧,霸菱
B24046,2014-05-22,37.73857879638672,英鎊,霸菱亞洲增長基金-A類 英鎊配息型,yfinance,股票型,亞洲地區,B0149 霸菱投顧,霸菱
B24046,2014-05-23,37.83729553222656,英鎊,霸菱亞洲增長基金-A類 英鎊配息型,yfinance,股票型,亞洲地區,B0149 霸菱投顧,霸菱
B24046,2014-05-27,37.768192291259766,英鎊,霸菱亞洲增長基金-A類 英鎊配息型,yfinance,股票型,亞洲地區,B0149 霸菱投顧,霸菱
B24046,2014-05-28,38.123565673828125,英鎊,霸菱亞洲增長基金-A類 英鎊配息型,yfinance,股票型,亞洲地區,B0149 霸菱投顧,霸菱
B24046,2014-05-29,38.13344192504883,英鎊,霸菱亞洲增長基金-A類 英鎊配息型,yfinance,股票型,亞洲地區,B0149 霸菱投顧,霸菱
B24046,2014-05-30,38.04459762573242,英鎊,霸菱亞洲增長基金-A類 英鎊配息型,yfinance,股票型,亞洲地區,B0149 霸菱投顧,霸菱
B24046,2014-06-03,38.390098571777344,英鎊,霸菱亞洲增長基金-A類 英鎊配息型,yfinance,股票型,亞洲地區,B0149 霸菱投顧,霸菱
B24046,2014-06-04,38.251895904541016,英鎊,霸菱亞洲增長基金-A類 英鎊配息型,yfinance,股票型,亞洲地區,B0149 霸菱投顧,霸菱
B24046,2014-06-05,38.27164077758789,英鎊,霸菱亞洲增長基金-A類 英鎊配息型,yfinance,股票型,亞洲地區,B0149 霸菱投顧,霸菱
B24046,2014-06-06,38.33087158203125,英鎊,霸菱亞洲增長基金-A類 英鎊配息型,yfinance,股票型,亞洲地區,B0149 霸菱投顧,霸菱
B24046,2014-06-09,38.42958068847656,英鎊,霸菱亞洲增長基金-A類 英鎊配息型,yfinance,股票型,亞洲地區,B0149 霸菱投顧,霸菱
B24046,2014-06-10,38.89353942871094,英鎊,霸菱亞洲增長基金-A類 英鎊配息型,yfinance,股票型,亞洲地區,B0149 霸菱投顧,霸菱
B24046,2014-06-11,38.873802185058594,英鎊,霸菱亞洲增長基金-A類 英鎊配息型,yfinance,股票型,亞洲地區,B0149 霸菱投顧,霸菱
B24046,2014-06-12,38.66649627685547,英鎊,霸菱亞洲增長基金-A類 英鎊配息型,yfinance,股票型,亞洲地區,B0149 霸菱投顧,霸菱
B24046,2014-06-13,38.2913818359375,英鎊,霸菱亞洲增長基金-A類 英鎊配息型,yfinance,股票型,亞洲地區,B0149 霸菱投顧,霸菱
B24046,2014-06-16,38.17292022705078,英鎊,霸菱亞洲增長基金-A類 英鎊配息型,yfinance,股票型,亞洲地區,B0149 霸菱投顧,霸菱
B24046,2014-06-17,38.143310546875,英鎊,霸菱亞洲增長基金-A類 英鎊配息型,yfinance,股票型,亞洲地區,B0149 霸菱投顧,霸菱
B24046,2014-06-18,38.103824615478516,英鎊,霸菱亞洲增長基金-A類 英鎊配息型,yfinance,股票型,亞洲地區,B0149 霸菱投顧,霸菱
B24046,2014-06-19,38.103824615478516,英鎊,霸菱亞洲增長基金-A類 英鎊配息型,yfinance,股票型,亞洲地區,B0149 霸菱投顧,霸菱
B24046,2014-06-20,37.9261360168457,英鎊,霸菱亞洲增長基金-A類 英鎊配息型,yfinance,股票型,亞洲地區,B0149 霸菱投顧,霸菱
B24046,2014-06-23,37.84716796875,英鎊,霸菱亞洲增長基金-A類 英鎊配息型,yfinance,股票型,亞洲地區,B0149 霸菱投顧,霸菱
B24046,2014-06-24,38.06433868408203,英鎊,霸菱亞洲增長基金-A類 英鎊配息型,yfinance,股票型,亞洲地區,B0149 霸菱投顧,霸菱
B24046,2014-06-25,38.163055419921875,英鎊,霸菱亞洲增長基金-A類 英鎊配息型,yfinance,股票型,亞洲地區,B0149 霸菱投顧,霸菱
B24046,2014-06-26,38.26176452636719,英鎊,霸菱亞洲增長基金-A類 英鎊配息型,yfinance,股票型,亞洲地區,B0149 霸菱投顧,霸菱
B24046,2014-06-27,38.222286224365234,英鎊,霸菱亞洲增長基金-A類 英鎊配息型,yfinance,股票型,亞洲地區,B0149 霸菱投顧,霸菱
B24046,2014-06-30,38.60726547241211,英鎊,霸菱亞洲增長基金-A類 英鎊配息型,yfinance,股票型,亞洲地區,B0149 霸菱投顧,霸菱
B24046,2014-07-01,38.44932556152344,英鎊,霸菱亞洲增長基金-A類 英鎊配息型,yfinance,股票型,亞洲地區,B0149 霸菱投顧,霸菱
B24046,2014-07-02,38.8046989440918,英鎊,霸菱亞洲增長基金-A類 英鎊配息型,yfinance,股票型,亞洲地區,B0149 霸菱投顧,霸菱
B24046,2014-07-03,39.01200485229492,英鎊,霸菱亞洲增長基金-A類 英鎊配息型,yfinance,股票型,亞洲地區,B0149 霸菱投顧,霸菱
B24046,2014-07-04,39.09096908569336,英鎊,霸菱亞洲增長基金-A類 英鎊配息型,yfinance,股票型,亞洲地區,B0149 霸菱投顧,霸菱
B24046,2014-07-07,39.31801223754883,英鎊,霸菱亞洲增長基金-A類 英鎊配息型,yfinance,股票型,亞洲地區,B0149 霸菱投顧,霸菱
B24046,2014-07-08,39.29827117919922,英鎊,霸菱亞洲增長基金-A類 英鎊配息型,yfinance,股票型,亞洲地區,B0149 霸菱投顧,霸菱
B24046,2014-07-09,38.814571380615234,英鎊,霸菱亞洲增長基金-A類 英鎊配息型,yfinance,股票型,亞洲地區,B0149 霸菱投顧,霸菱
B24046,2014-07-10,39.06135559082031,英鎊,霸菱亞洲增長基金-A類 英鎊配息型,yfinance,股票型,亞洲地區,B0149 霸菱投顧,霸菱
B24046,2014-07-11,38.8046989440918,英鎊,霸菱亞洲增長基金-A類 英鎊配息型,yfinance,股票型,亞洲地區,B0149 霸菱投顧,霸菱
B24046,2014-07-14,38.863922119140625,英鎊,霸菱亞洲增長基金-A類 英鎊配息型,yfinance,股票型,亞洲地區,B0149 霸菱投顧,霸菱
B24046,2014-07-15,39.051483154296875,英鎊,霸菱亞洲增長基金-A類 英鎊配息型,yfinance,股票型,亞洲地區,B0149 霸菱投顧,霸菱
B24046,2014-07-16,39.169944763183594,英鎊,霸菱亞洲增長基金-A類 英鎊配息型,yfinance,股票型,亞洲地區,B0149 霸菱投顧,霸菱
B24046,2014-07-17,39.09096908569336,英鎊,霸菱亞洲增長基金-A類 英鎊配息型,yfinance,股票型,亞洲地區,B0149 霸菱投顧,霸菱
B24046,2014-07-18,39.00212478637695,英鎊,霸菱亞洲增長基金-A類 英鎊配息型,yfinance,股票型,亞洲地區,B0149 霸菱投顧,霸菱
B24046,2014-07-21,39.130455017089844,英鎊,霸菱亞洲增長基金-A類 英鎊配息型,yfinance,股票型,亞洲地區,B0149 霸菱投顧,霸菱
B24046,2014-07-22,39.426597595214844,英鎊,霸菱亞洲增長基金-A類 英鎊配息型,yfinance,股票型,亞洲地區,B0149 霸菱投顧,霸菱
B24046,2014-07-23,39.51544189453125,英鎊,霸菱亞洲增長基金-A類 英鎊配息型,yfinance,股票型,亞洲地區,B0149 霸菱投顧,霸菱
B24046,2014-07-24,39.643775939941406,英鎊,霸菱亞洲增長基金-A類 英鎊配息型,yfinance,股票型,亞洲地區,B0149 霸菱投顧,霸菱
B24046,2014-07-25,39.58454513549805,英鎊,霸菱亞洲增長基金-A類 英鎊配息型,yfinance,股票型,亞洲地區,B0149 霸菱投顧,霸菱
B24046,2014-07-28,39.47595977783203,英鎊,霸菱亞洲增長基金-A類 英鎊配息型,yfinance,股票型,亞洲地區,B0149 霸菱投顧,霸菱
B24046,2014-07-29,39.60428237915039,英鎊,霸菱亞洲增長基金-A類 英鎊配息型,yfinance,股票型,亞洲地區,B0149 霸菱投顧,霸菱
B24046,2014-07-30,39.73261642456055,英鎊,霸菱亞洲增長基金-A類 英鎊配息型,yfinance,股票型,亞洲地區,B0149 霸菱投顧,霸菱
B24046,2014-07-31,39.54505920410156,英鎊,霸菱亞洲增長基金-A類 英鎊配息型,yfinance,股票型,亞洲地區,B0149 霸菱投顧,霸菱
B24046,2014-08-01,39.35749816894531,英鎊,霸菱亞洲增長基金-A類 英鎊配息型,yfinance,股票型,亞洲地區,B0149 霸菱投顧,霸菱
B24046,2014-08-05,39.46608352661133,英鎊,霸菱亞洲增長基金-A類 英鎊配息型,yfinance,股票型,亞洲地區,B0149 霸菱投顧,霸菱
B24046,2014-08-06,39.41673278808594,英鎊,霸菱亞洲增長基金-A類 英鎊配息型,yfinance,股票型,亞洲地區,B0149 霸菱投顧,霸菱
B24046,2014-08-07,39.14032745361328,英鎊,霸菱亞洲增長基金-A類 英鎊配息型,yfinance,股票型,亞洲地區,B0149 霸菱投顧,霸菱
B24046,2014-08-08,39.03173828125,英鎊,霸菱亞洲增長基金-A類 英鎊配息型,yfinance,股票型,亞洲地區,B0149 霸菱投顧,霸菱
B24046,2014-08-11,39.50557327270508,英鎊,霸菱亞洲增長基金-A類 英鎊配息型,yfinance,股票型,亞洲地區,B0149 霸菱投顧,霸菱
B24046,2014-08-12,39.683258056640625,英鎊,霸菱亞洲增長基金-A類 英鎊配息型,yfinance,股票型,亞洲地區,B0149 霸菱投顧,霸菱
B24046,2014-08-13,40.1570930480957,英鎊,霸菱亞洲增長基金-A類 英鎊配息型,yfinance,股票型,亞洲地區,B0149 霸菱投顧,霸菱
B24046,2014-08-14,40.255802154541016,英鎊,霸菱亞洲增長基金-A類 英鎊配息型,yfinance,股票型,亞洲地區,B0149 霸菱投顧,霸菱
B24046,2014-08-15,40.26567840576172,英鎊,霸菱亞洲增長基金-A類 英鎊配息型,yfinance,股票型,亞洲地區,B0149 霸菱投顧,霸菱
B24046,2014-08-18,40.07811737060547,英鎊,霸菱亞洲增長基金-A類 英鎊配息型,yfinance,股票型,亞洲地區,B0149 霸菱投顧,霸菱
B24046,2014-08-19,40.56181716918945,英鎊,霸菱亞洲增長基金-A類 英鎊配息型,yfinance,股票型,亞洲地區,B0149 霸菱投顧,霸菱
B24046,2014-08-20,40.65066146850586,英鎊,霸菱亞洲增長基金-A類 英鎊配息型,yfinance,股票型,亞洲地區,B0149 霸菱投顧,霸菱
B24046,2014-08-21,40.640785217285156,英鎊,霸菱亞洲增長基金-A類 英鎊配息型,yfinance,股票型,亞洲地區,B0149 霸菱投顧,霸菱
B24046,2014-08-22,40.946800231933594,英鎊,霸菱亞洲增長基金-A類 英鎊配息型,yfinance,股票型,亞洲地區,B0149 霸菱投顧,霸菱
B24046,2014-08-26,40.77899169921875,英鎊,霸菱亞洲增長基金-A類 英鎊配息型,yfinance,股票型,亞洲地區,B0149 霸菱投顧,霸菱
B24046,2014-08-27,40.887569427490234,英鎊,霸菱亞洲增長基金-A類 英鎊配息型,yfinance,股票型,亞洲地區,B0149 霸菱投顧,霸菱
B24046,2014-08-28,40.81847381591797,英鎊,霸菱亞洲增長基金-A類 英鎊配息型,yfinance,股票型,亞洲地區,B0149 霸菱投顧,霸菱
B24046,2014-08-29,40.65066146850586,英鎊,霸菱亞洲增長基金-A類 英鎊配息型,yfinance,股票型,亞洲地區,B0149 霸菱投顧,霸菱
B24046,2014-09-01,40.87770462036133,英鎊,霸菱亞洲增長基金-A類 英鎊配息型,yfinance,股票型,亞洲地區,B0149 霸菱投顧,霸菱
B24046,2014-09-02,40.828346252441406,英鎊,霸菱亞洲增長基金-A類 英鎊配息型,yfinance,股票型,亞洲地區,B0149 霸菱投顧,霸菱
B24046,2014-09-03,41.45024871826172,英鎊,霸菱亞洲增長基金-A類 英鎊配息型,yfinance,股票型,亞洲地區,B0149 霸菱投顧,霸菱
B24046,2014-09-04,41.64767837524414,英鎊,霸菱亞洲增長基金-A類 英鎊配息型,yfinance,股票型,亞洲地區,B0149 霸菱投顧,霸菱
B24046,2014-09-05,41.63780975341797,英鎊,霸菱亞洲增長基金-A類 英鎊配息型,yfinance,股票型,亞洲地區,B0149 霸菱投顧,霸菱
B24046,2014-09-08,42.28932571411133,英鎊,霸菱亞洲增長基金-A類 英鎊配息型,yfinance,股票型,亞洲地區,B0149 霸菱投顧,霸菱
B24046,2014-09-09,42.19061279296875,英鎊,霸菱亞洲增長基金-A類 英鎊配息型,yfinance,股票型,亞洲地區,B0149 霸菱投顧,霸菱
B24046,2014-09-10,41.795745849609375,英鎊,霸菱亞洲增長基金-A類 英鎊配息型,yfinance,股票型,亞洲地區,B0149 霸菱投顧,霸菱
B24046,2014-09-11,41.29230880737305,英鎊,霸菱亞洲增長基金-A類 英鎊配息型,yfinance,股票型,亞洲地區,B0149 霸菱投顧,霸菱
B24046,2014-09-12,41.16397476196289,英鎊,霸菱亞洲增長基金-A類 英鎊配息型,yfinance,股票型,亞洲地區,B0149 霸菱投顧,霸菱
B24046,2014-09-15,40.8974494934082,英鎊,霸菱亞洲增長基金-A類 英鎊配息型,yfinance,股票型,亞洲地區,B0149 霸菱投顧,霸菱
B24046,2014-09-16,40.5124626159668,英鎊,霸菱亞洲增長基金-A類 英鎊配息型,yfinance,股票型,亞洲地區,B0149 霸菱投顧,霸菱
B24046,2014-09-17,40.54207229614258,英鎊,霸菱亞洲增長基金-A類 英鎊配息型,yfinance,股票型,亞洲地區,B0149 霸菱投顧,霸菱
B24046,2014-09-18,40.36438751220703,英鎊,霸菱亞洲增長基金-A類 英鎊配息型,yfinance,股票型,亞洲地區,B0149 霸菱投顧,霸菱
B24046,2014-09-19,40.49271774291992,英鎊,霸菱亞洲增長基金-A類 英鎊配息型,yfinance,股票型,亞洲地區,B0149 霸菱投顧,霸菱
B24046,2014-09-22,40.22618865966797,英鎊,霸菱亞洲增長基金-A類 英鎊配息型,yfinance,股票型,亞洲地區,B0149 霸菱投顧,霸菱
B24046,2014-09-23,39.78197479248047,英鎊,霸菱亞洲增長基金-A類 英鎊配息型,yfinance,股票型,亞洲地區,B0149 霸菱投顧,霸菱
B24046,2014-09-24,39.890560150146484,英鎊,霸菱亞洲增長基金-A類 英鎊配息型,yfinance,股票型,亞洲地區,B0149 霸菱投顧,霸菱
B24046,2014-09-25,39.9300422668457,英鎊,霸菱亞洲增長基金-A類 英鎊配息型,yfinance,股票型,亞洲地區,B0149 霸菱投顧,霸菱
B24046,2014-09-26,39.624027252197266,英鎊,霸菱亞洲增長基金-A類 英鎊配息型,yfinance,股票型,亞洲地區,B0149 霸菱投顧,霸菱
B24046,2014-09-29,39.426597595214844,英鎊,霸菱亞洲增長基金-A類 英鎊配息型,yfinance,股票型,亞洲地區,B0149 霸菱投顧,霸菱
B24046,2014-09-30,39.35749816894531,英鎊,霸菱亞洲增長基金-A類 英鎊配息型,yfinance,股票型,亞洲地區,B0149 霸菱投顧,霸菱
B24046,2014-10-01,39.308143615722656,英鎊,霸菱亞洲增長基金-A類 英鎊配息型,yfinance,股票型,亞洲地區,B0149 霸菱投顧,霸菱
B24046,2014-10-02,39.20942687988281,英鎊,霸菱亞洲增長基金-A類 英鎊配息型,yfinance,股票型,亞洲地區,B0149 霸菱投顧,霸菱
B24046,2014-10-03,39.65364074707031,英鎊,霸菱亞洲增長基金-A類 英鎊配息型,yfinance,股票型,亞洲地區,B0149 霸菱投顧,霸菱
B24046,2014-10-06,39.91030502319336,英鎊,霸菱亞洲增長基金-A類 英鎊配息型,yfinance,股票型,亞洲地區,B0149 霸菱投顧,霸菱
B24046,2014-10-07,39.86094284057617,英鎊,霸菱亞洲增長基金-A類 英鎊配息型,yfinance,股票型,亞洲地區,B0149 霸菱投顧,霸菱
B24046,2014-10-08,39.34762954711914,英鎊,霸菱亞洲增長基金-A類 英鎊配息型,yfinance,股票型,亞洲地區,B0149 霸菱投顧,霸菱
B24046,2014-10-09,39.37724304199219,英鎊,霸菱亞洲增長基金-A類 英鎊配息型,yfinance,股票型,亞洲地區,B0149 霸菱投顧,霸菱
B24046,2014-10-10,39.308143615722656,英鎊,霸菱亞洲增長基金-A類 英鎊配息型,yfinance,股票型,亞洲地區,B0149 霸菱投顧,霸菱
B24046,2014-10-13,38.696109771728516,英鎊,霸菱亞洲增長基金-A類 英鎊配息型,yfinance,股票型,亞洲地區,B0149 霸菱投顧,霸菱
B24046,2014-10-14,39.03173828125,英鎊,霸菱亞洲增長基金-A類 英鎊配息型,yfinance,股票型,亞洲地區,B0149 霸菱投顧,霸菱
B24046,2014-10-15,39.179813385009766,英鎊,霸菱亞洲增長基金-A類 英鎊配息型,yfinance,股票型,亞洲地區,B0149 霸菱投顧,霸菱
B24046,2014-10-16,38.48881530761719,英鎊,霸菱亞洲增長基金-A類 英鎊配息型,yfinance,股票型,亞洲地區,B0149 霸菱投顧,霸菱
B24046,2014-10-17,39.110713958740234,英鎊,霸菱亞洲增長基金-A類 英鎊配息型,yfinance,股票型,亞洲地區,B0149 霸菱投顧,霸菱
B24046,2014-10-20,39.219295501708984,英鎊,霸菱亞洲增長基金-A類 英鎊配息型,yfinance,股票型,亞洲地區,B0149 霸菱投顧,霸菱
B24046,2014-10-21,39.535186767578125,英鎊,霸菱亞洲增長基金-A類 英鎊配息型,yfinance,股票型,亞洲地區,B0149 霸菱投顧,霸菱
B24046,2014-10-22,39.84120178222656,英鎊,霸菱亞洲增長基金-A類 英鎊配息型,yfinance,股票型,亞洲地區,B0149 霸菱投顧,霸菱
B24046,2014-10-23,39.851070404052734,英鎊,霸菱亞洲增長基金-A類 英鎊配息型,yfinance,股票型,亞洲地區,B0149 霸菱投顧,霸菱
B24046,2014-10-24,39.73261642456055,英鎊,霸菱亞洲增長基金-A類 英鎊配息型,yfinance,股票型,亞洲地區,B0149 霸菱投顧,霸菱
B24046,2014-10-28,39.82146072387695,英鎊,霸菱亞洲增長基金-A類 英鎊配息型,yfinance,股票型,亞洲地區,B0149 霸菱投顧,霸菱
B24046,2014-10-29,40.5914306640625,英鎊,霸菱亞洲增長基金-A類 英鎊配息型,yfinance,股票型,亞洲地區,B0149 霸菱投顧,霸菱
B24046,2014-10-30,40.680274963378906,英鎊,霸菱亞洲增長基金-A類 英鎊配息型,yfinance,股票型,亞洲地區,B0149 霸菱投顧,霸菱
B24046,2014-10-31,41.055389404296875,英鎊,霸菱亞洲增長基金-A類 英鎊配息型,yfinance,股票型,亞洲地區,B0149 霸菱投顧,霸菱
B24046,2014-11-03,41.15410232543945,英鎊,霸菱亞洲增長基金-A類 英鎊配息型,yfinance,股票型,亞洲地區,B0149 霸菱投顧,霸菱
B24046,2014-11-04,41.02577590942383,英鎊,霸菱亞洲增長基金-A類 英鎊配息型,yfinance,股票型,亞洲地區,B0149 霸菱投顧,霸菱
B24046,2014-11-05,41.14423370361328,英鎊,霸菱亞洲增長基金-A類 英鎊配息型,yfinance,股票型,亞洲地區,B0149 霸菱投顧,霸菱
B24046,2014-11-06,40.680274963378906,英鎊,霸菱亞洲增長基金-A類 英鎊配息型,yfinance,股票型,亞洲地區,B0149 霸菱投顧,霸菱
B24046,2014-11-07,41.07513427734375,英鎊,霸菱亞洲增長基金-A類 英鎊配息型,yfinance,股票型,亞洲地區,B0149 霸菱投顧,霸菱
B24046,2014-11-10,40.95668029785156,英鎊,霸菱亞洲增長基金-A類 英鎊配息型,yfinance,股票型,亞洲地區,B0149 霸菱投顧,霸菱
B24046,2014-11-11,41.3416633605957,英鎊,霸菱亞洲增長基金-A類 英鎊配息型,yfinance,股票型,亞洲地區,B0149 霸菱投顧,霸菱
B24046,2014-11-12,41.56870651245117,英鎊,霸菱亞洲增長基金-A類 英鎊配息型,yfinance,股票型,亞洲地區,B0149 霸菱投顧,霸菱
B24046,2014-11-13,41.92407989501953,英鎊,霸菱亞洲增長基金-A類 英鎊配息型,yfinance,股票型,亞洲地區,B0149 霸菱投顧,霸菱
B24046,2014-11-14,42.2991943359375,英鎊,霸菱亞洲增長基金-A類 英鎊配息型,yfinance,股票型,亞洲地區,B0149 霸菱投顧,霸菱
B24046,2014-11-17,42.003047943115234,英鎊,霸菱亞洲增長基金-A類 英鎊配息型,yfinance,股票型,亞洲地區,B0149 霸菱投顧,霸菱
B24046,2014-11-18,41.9339485168457,英鎊,霸菱亞洲增長基金-A類 英鎊配息型,yfinance,股票型,亞洲地區,B0149 霸菱投顧,霸菱
B24046,2014-11-19,41.97343444824219,英鎊,霸菱亞洲增長基金-A類 英鎊配息型,yfinance,股票型,亞洲地區,B0149 霸菱投顧,霸菱
B24046,2014-11-20,41.874717712402344,英鎊,霸菱亞洲增長基金-A類 英鎊配息型,yfinance,股票型,亞洲地區,B0149 霸菱投顧,霸菱
B24046,2014-11-21,42.151123046875,英鎊,霸菱亞洲增長基金-A類 英鎊配息型,yfinance,股票型,亞洲地區,B0149 霸菱投顧,霸菱
B24046,2014-11-24,42.832252502441406,英鎊,霸菱亞洲增長基金-A類 英鎊配息型,yfinance,股票型,亞洲地區,B0149 霸菱投顧,霸菱
B24046,2014-11-25,42.822383880615234,英鎊,霸菱亞洲增長基金-A類 英鎊配息型,yfinance,股票型,亞洲地區,B0149 霸菱投顧,霸菱
B24046,2014-11-26,42.911224365234375,英鎊,霸菱亞洲增長基金-A類 英鎊配息型,yfinance,股票型,亞洲地區,B0149 霸菱投顧,霸菱
B24046,2014-11-27,42.891483306884766,英鎊,霸菱亞洲增長基金-A類 英鎊配息型,yfinance,股票型,亞洲地區,B0149 霸菱投顧,霸菱
B24046,2014-11-28,43.15801239013672,英鎊,霸菱亞洲增長基金-A類 英鎊配息型,yfinance,股票型,亞洲地區,B0149 霸菱投顧,霸菱
B24046,2014-12-01,42.72366714477539,英鎊,霸菱亞洲增長基金-A類 英鎊配息型,yfinance,股票型,亞洲地區,B0149 霸菱投顧,霸菱
B24046,2014-12-02,42.911224365234375,英鎊,霸菱亞洲增長基金-A類 英鎊配息型,yfinance,股票型,亞洲地區,B0149 霸菱投顧,霸菱
B24046,2014-12-03,42.990196228027344,英鎊,霸菱亞洲增長基金-A類 英鎊配息型,yfinance,股票型,亞洲地區,B0149 霸菱投顧,霸菱
B24046,2014-12-04,43.14813995361328,英鎊,霸菱亞洲增長基金-A類 英鎊配息型,yfinance,股票型,亞洲地區,B0149 霸菱投顧,霸菱
B24046,2014-12-05,43.45415115356445,英鎊,霸菱亞洲增長基金-A類 英鎊配息型,yfinance,股票型,亞洲地區,B0149 霸菱投顧,霸菱
B24046,2014-12-08,43.54299545288086,英鎊,霸菱亞洲增長基金-A類 英鎊配息型,yfinance,股票型,亞洲地區,B0149 霸菱投顧,霸菱
B24046,2014-12-09,42.851993560791016,英鎊,霸菱亞洲增長基金-A類 英鎊配息型,yfinance,股票型,亞洲地區,B0149 霸菱投顧,霸菱
B24046,2014-12-10,42.782894134521484,英鎊,霸菱亞洲增長基金-A類 英鎊配息型,yfinance,股票型,亞洲地區,B0149 霸菱投顧,霸菱
B24046,2014-12-11,42.2991943359375,英鎊,霸菱亞洲增長基金-A類 英鎊配息型,yfinance,股票型,亞洲地區,B0149 霸菱投顧,霸菱
B24046,2014-12-12,42.30906295776367,英鎊,霸菱亞洲增長基金-A類 英鎊配息型,yfinance,股票型,亞洲地區,B0149 霸菱投顧,霸菱
B24046,2014-12-15,42.22022247314453,英鎊,霸菱亞洲增長基金-A類 英鎊配息型,yfinance,股票型,亞洲地區,B0149 霸菱投顧,霸菱
B24046,2014-12-16,41.667423248291016,英鎊,霸菱亞洲增長基金-A類 英鎊配息型,yfinance,股票型,亞洲地區,B0149 霸菱投顧,霸菱
B24046,2014-12-17,41.19358825683594,英鎊,霸菱亞洲增長基金-A類 英鎊配息型,yfinance,股票型,亞洲地區,B0149 霸菱投顧,霸菱
B24046,2014-12-18,42.21035385131836,英鎊,霸菱亞洲增長基金-A類 英鎊配息型,yfinance,股票型,亞洲地區,B0149 霸菱投顧,霸菱
B24046,2014-12-19,42.447265625,英鎊,霸菱亞洲增長基金-A類 英鎊配息型,yfinance,股票型,亞洲地區,B0149 霸菱投顧,霸菱
B24046,2014-12-22,42.64469528198242,英鎊,霸菱亞洲增長基金-A類 英鎊配息型,yfinance,股票型,亞洲地區,B0149 霸菱投顧,霸菱
B24046,2014-12-23,42.64469528198242,英鎊,霸菱亞洲增長基金-A類 英鎊配息型,yfinance,股票型,亞洲地區,B0149 霸菱投顧,霸菱
B24046,2014-12-24,42.62495422363281,英鎊,霸菱亞洲增長基金-A類 英鎊配息型,yfinance,股票型,亞洲地區,B0149 霸菱投顧,霸菱
B24046,2014-12-30,43.36531066894531,英鎊,霸菱亞洲增長基金-A類 英鎊配息型,yfinance,股票型,亞洲地區,B0149 霸菱投顧,霸菱
B24046,2014-12-31,43.54299545288086,英鎊,霸菱亞洲增長基金-A類 英鎊配息型,yfinance,股票型,亞洲地區,B0149 霸菱投顧,霸菱
B24051,2014-01-02,1.5712944269180298,英鎊,霸菱全球農業基金-A類英鎊,yfinance,未分類,全球市場,B0149 霸菱投顧,霸菱
B24051,2014-01-03,1.5703134536743164,英鎊,霸菱全球農業基金-A類英鎊,yfinance,未分類,全球市場,B0149 霸菱投顧,霸菱
B24051,2014-01-06,1.575217604637146,英鎊,霸菱全球農業基金-A類英鎊,yfinance,未分類,全球市場,B0149 霸菱投顧,霸菱
B24051,2014-01-07,1.564428448677063,英鎊,霸菱全球農業基金-A類英鎊,yfinance,未分類,全球市場,B0149 霸菱投顧,霸菱
B24051,2014-01-08,1.5634475946426392,英鎊,霸菱全球農業基金-A類英鎊,yfinance,未分類,全球市場,B0149 霸菱投顧,霸菱
B24051,2014-01-09,1.5585434436798096,英鎊,霸菱全球農業基金-A類英鎊,yfinance,未分類,全球市場,B0149 霸菱投顧,霸菱
B24051,2014-01-10,1.5605049133300781,英鎊,霸菱全球農業基金-A類英鎊,yfinance,未分類,全球市場,B0149 霸菱投顧,霸菱
B24051,2014-01-13,1.564428448677063,英鎊,霸菱全球農業基金-A類英鎊,yfinance,未分類,全球市場,B0149 霸菱投顧,霸菱
B24051,2014-01-14,1.5546201467514038,英鎊,霸菱全球農業基金-A類英鎊,yfinance,未分類,全球市場,B0149 霸菱投顧,霸菱
B24051,2014-01-15,1.5712944269180298,英鎊,霸菱全球農業基金-A類英鎊,yfinance,未分類,全球市場,B0149 霸菱投顧,霸菱
B24051,2014-01-16,1.5820835828781128,英鎊,霸菱全球農業基金-A類英鎊,yfinance,未分類,全球市場,B0149 霸菱投顧,霸菱
B24051,2014-01-17,1.5742368698120117,英鎊,霸菱全球農業基金-A類英鎊,yfinance,未分類,全球市場,B0149 霸菱投顧,霸菱
B24051,2014-01-20,1.5654091835021973,英鎊,霸菱全球農業基金-A類英鎊,yfinance,未分類,全球市場,B0149 霸菱投顧,霸菱
B24051,2014-01-21,1.5683517456054688,英鎊,霸菱全球農業基金-A類英鎊,yfinance,未分類,全球市場,B0149 霸菱投顧,霸菱
B24051,2014-01-22,1.559524416923523,英鎊,霸菱全球農業基金-A類英鎊,yfinance,未分類,全球市場,B0149 霸菱投顧,霸菱
B24051,2014-01-23,1.5546201467514038,英鎊,霸菱全球農業基金-A類英鎊,yfinance,未分類,全球市場,B0149 霸菱投顧,霸菱
B24051,2014-01-24,1.5310801267623901,英鎊,霸菱全球農業基金-A類英鎊,yfinance,未分類,全球市場,B0149 霸菱投顧,霸菱
B24051,2014-01-27,1.499693512916565,英鎊,霸菱全球農業基金-A類英鎊,yfinance,未分類,全球市場,B0149 霸菱投顧,霸菱
B24051,2014-01-28,1.496751070022583,英鎊,霸菱全球農業基金-A類英鎊,yfinance,未分類,全球市場,B0149 霸菱投顧,霸菱
B24051,2014-01-29,1.5026359558105469,英鎊,霸菱全球農業基金-A類英鎊,yfinance,未分類,全球市場,B0149 霸菱投顧,霸菱
B24051,2014-01-30,1.4859617948532104,英鎊,霸菱全球農業基金-A類英鎊,yfinance,未分類,全球市場,B0149 霸菱投顧,霸菱
B24051,2014-01-31,1.4898852109909058,英鎊,霸菱全球農業基金-A類英鎊,yfinance,未分類,全球市場,B0149 霸菱投顧,霸菱
B24051,2014-02-03,1.5045976638793945,英鎊,霸菱全球農業基金-A類英鎊,yfinance,未分類,全球市場,B0149 霸菱投顧,霸菱
B24051,2014-02-04,1.4781150817871094,英鎊,霸菱全球農業基金-A類英鎊,yfinance,未分類,全球市場,B0149 霸菱投顧,霸菱
B24051,2014-02-05,1.4840000867843628,英鎊,霸菱全球農業基金-A類英鎊,yfinance,未分類,全球市場,B0149 霸菱投顧,霸菱
B24051,2014-02-06,1.4849810600280762,英鎊,霸菱全球農業基金-A類英鎊,yfinance,未分類,全球市場,B0149 霸菱投顧,霸菱
B24051,2014-02-07,1.5045976638793945,英鎊,霸菱全球農業基金-A類英鎊,yfinance,未分類,全球市場,B0149 霸菱投顧,霸菱
B24051,2014-02-10,1.5075401067733765,英鎊,霸菱全球農業基金-A類英鎊,yfinance,未分類,全球市場,B0149 霸菱投顧,霸菱
B24051,2014-02-11,1.510482668876648,英鎊,霸菱全球農業基金-A類英鎊,yfinance,未分類,全球市場,B0149 霸菱投顧,霸菱
B24051,2014-02-12,1.5036168098449707,英鎊,霸菱全球農業基金-A類英鎊,yfinance,未分類,全球市場,B0149 霸菱投顧,霸菱
B24051,2014-02-13,1.4849810600280762,英鎊,霸菱全球農業基金-A類英鎊,yfinance,未分類,全球市場,B0149 霸菱投顧,霸菱
B24051,2014-02-14,1.483019232749939,英鎊,霸菱全球農業基金-A類英鎊,yfinance,未分類,全球市場,B0149 霸菱投顧,霸菱
B24051,2014-02-17,1.4908658266067505,英鎊,霸菱全球農業基金-A類英鎊,yfinance,未分類,全球市場,B0149 霸菱投顧,霸菱
B24051,2014-02-18,1.494789481163025,英鎊,霸菱全球農業基金-A類英鎊,yfinance,未分類,全球市場,B0149 霸菱投顧,霸菱
B24051,2014-02-19,1.4977318048477173,英鎊,霸菱全球農業基金-A類英鎊,yfinance,未分類,全球市場,B0149 霸菱投顧,霸菱
B24051,2014-02-20,1.494789481163025,英鎊,霸菱全球農業基金-A類英鎊,yfinance,未分類,全球市場,B0149 霸菱投顧,霸菱
B24051,2014-02-21,1.5075401067733765,英鎊,霸菱全球農業基金-A類英鎊,yfinance,未分類,全球市場,B0149 霸菱投顧,霸菱
B24051,2014-02-24,1.5114636421203613,英鎊,霸菱全球農業基金-A類英鎊,yfinance,未分類,全球市場,B0149 霸菱投顧,霸菱
B24051,2014-02-25,1.5075401067733765,英鎊,霸菱全球農業基金-A類英鎊,yfinance,未分類,全球市場,B0149 霸菱投顧,霸菱
B24051,2014-02-26,1.5055785179138184,英鎊,霸菱全球農業基金-A類英鎊,yfinance,未分類,全球市場,B0149 霸菱投顧,霸菱
B24051,2014-02-27,1.5124443769454956,英鎊,霸菱全球農業基金-A類英鎊,yfinance,未分類,全球市場,B0149 霸菱投顧,霸菱
B24051,2014-02-28,1.5095019340515137,英鎊,霸菱全球農業基金-A類英鎊,yfinance,未分類,全球市場,B0149 霸菱投顧,霸菱
B24051,2014-03-03,1.4987126588821411,英鎊,霸菱全球農業基金-A類英鎊,yfinance,未分類,全球市場,B0149 霸菱投顧,霸菱
B24051,2014-03-04,1.5271567106246948,英鎊,霸菱全球農業基金-A類英鎊,yfinance,未分類,全球市場,B0149 霸菱投顧,霸菱
B24051,2014-03-05,1.5300992727279663,英鎊,霸菱全球農業基金-A類英鎊,yfinance,未分類,全球市場,B0149 霸菱投顧,霸菱
B24051,2014-03-06,1.5418692827224731,英鎊,霸菱全球農業基金-A類英鎊,yfinance,未分類,全球市場,B0149 霸菱投顧,霸菱
B24051,2014-03-07,1.5506967306137085,英鎊,霸菱全球農業基金-A類英鎊,yfinance,未分類,全球市場,B0149 霸菱投顧,霸菱
B24051,2014-03-10,1.5556011199951172,英鎊,霸菱全球農業基金-A類英鎊,yfinance,未分類,全球市場,B0149 霸菱投顧,霸菱
B24051,2014-03-11,1.5605049133300781,英鎊,霸菱全球農業基金-A類英鎊,yfinance,未分類,全球市場,B0149 霸菱投顧,霸菱
B24051,2014-03-12,1.545792579650879,英鎊,霸菱全球農業基金-A類英鎊,yfinance,未分類,全球市場,B0149 霸菱投顧,霸菱
B24051,2014-03-13,1.5359843969345093,英鎊,霸菱全球農業基金-A類英鎊,yfinance,未分類,全球市場,B0149 霸菱投顧,霸菱
B24051,2014-03-14,1.5291186571121216,英鎊,霸菱全球農業基金-A類英鎊,yfinance,未分類,全球市場,B0149 霸菱投顧,霸菱
B24051,2014-03-17,1.5389267206192017,英鎊,霸菱全球農業基金-A類英鎊,yfinance,未分類,全球市場,B0149 霸菱投顧,霸菱
B24051,2014-03-18,1.5438308715820312,英鎊,霸菱全球農業基金-A類英鎊,yfinance,未分類,全球市場,B0149 霸菱投顧,霸菱
B24051,2014-03-19,1.5516775846481323,英鎊,霸菱全球農業基金-A類英鎊,yfinance,未分類,全球市場,B0149 霸菱投顧,霸菱
B24051,2014-03-20,1.545792579650879,英鎊,霸菱全球農業基金-A類英鎊,yfinance,未分類,全球市場,B0149 霸菱投顧,霸菱
B24051,2014-03-21,1.5516775846481323,英鎊,霸菱全球農業基金-A類英鎊,yfinance,未分類,全球市場,B0149 霸菱投顧,霸菱
B24051,2014-03-24,1.5536391735076904,英鎊,霸菱全球農業基金-A類英鎊,yfinance,未分類,全球市場,B0149 霸菱投顧,霸菱
B24051,2014-03-25,1.5536391735076904,英鎊,霸菱全球農業基金-A類英鎊,yfinance,未分類,全球市場,B0149 霸菱投顧,霸菱
B24051,2014-03-26,1.564428448677063,英鎊,霸菱全球農業基金-A類英鎊,yfinance,未分類,全球市場,B0149 霸菱投顧,霸菱
B24051,2014-03-27,1.5526583194732666,英鎊,霸菱全球農業基金-A類英鎊,yfinance,未分類,全球市場,B0149 霸菱投顧,霸菱
B24051,2014-03-28,1.5624668598175049,英鎊,霸菱全球農業基金-A類英鎊,yfinance,未分類,全球市場,B0149 霸菱投顧,霸菱
B24051,2014-03-31,1.5693325996398926,英鎊,霸菱全球農業基金-A類英鎊,yfinance,未分類,全球市場,B0149 霸菱投顧,霸菱
B24051,2014-04-01,1.5850259065628052,英鎊,霸菱全球農業基金-A類英鎊,yfinance,未分類,全球市場,B0149 霸菱投顧,霸菱
B24051,2014-04-02,1.5869876146316528,英鎊,霸菱全球農業基金-A類英鎊,yfinance,未分類,全球市場,B0149 霸菱投顧,霸菱
B24051,2014-04-03,1.5860068798065186,英鎊,霸菱全球農業基金-A類英鎊,yfinance,未分類,全球市場,B0149 霸菱投顧,霸菱
B24051,2014-04-04,1.5850259065628052,英鎊,霸菱全球農業基金-A類英鎊,yfinance,未分類,全球市場,B0149 霸菱投顧,霸菱
B24051,2014-04-07,1.575217604637146,英鎊,霸菱全球農業基金-A類英鎊,yfinance,未分類,全球市場,B0149 霸菱投顧,霸菱
B24051,2014-04-08,1.5526583194732666,英鎊,霸菱全球農業基金-A類英鎊,yfinance,未分類,全球市場,B0149 霸菱投顧,霸菱
B24051,2014-04-09,1.5614858865737915,英鎊,霸菱全球農業基金-A類英鎊,yfinance,未分類,全球市場,B0149 霸菱投顧,霸菱
B24051,2014-04-10,1.5703134536743164,英鎊,霸菱全球農業基金-A類英鎊,yfinance,未分類,全球市場,B0149 霸菱投顧,霸菱
B24051,2014-04-11,1.5526583194732666,英鎊,霸菱全球農業基金-A類英鎊,yfinance,未分類,全球市場,B0149 霸菱投顧,霸菱
B24051,2014-04-14,1.542850136756897,英鎊,霸菱全球農業基金-A類英鎊,yfinance,未分類,全球市場,B0149 霸菱投顧,霸菱
B24051,2014-04-15,1.5497159957885742,英鎊,霸菱全球農業基金-A類英鎊,yfinance,未分類,全球市場,B0149 霸菱投顧,霸菱
B24051,2014-04-16,1.5506967306137085,英鎊,霸菱全球農業基金-A類英鎊,yfinance,未分類,全球市場,B0149 霸菱投顧,霸菱
B24051,2014-04-17,1.5654091835021973,英鎊,霸菱全球農業基金-A類英鎊,yfinance,未分類,全球市場,B0149 霸菱投顧,霸菱
B24051,2014-04-22,1.5654091835021973,英鎊,霸菱全球農業基金-A類英鎊,yfinance,未分類,全球市場,B0149 霸菱投顧,霸菱
B24051,2014-04-23,1.5712944269180298,英鎊,霸菱全球農業基金-A類英鎊,yfinance,未分類,全球市場,B0149 霸菱投顧,霸菱
B24051,2014-04-24,1.5712944269180298,英鎊,霸菱全球農業基金-A類英鎊,yfinance,未分類,全球市場,B0149 霸菱投顧,霸菱
B24051,2014-04-25,1.564428448677063,英鎊,霸菱全球農業基金-A類英鎊,yfinance,未分類,全球市場,B0149 霸菱投顧,霸菱
B24051,2014-04-28,1.559524416923523,英鎊,霸菱全球農業基金-A類英鎊,yfinance,未分類,全球市場,B0149 霸菱投顧,霸菱
B24051,2014-04-29,1.564428448677063,英鎊,霸菱全球農業基金-A類英鎊,yfinance,未分類,全球市場,B0149 霸菱投顧,霸菱
B24051,2014-04-30,1.5624668598175049,英鎊,霸菱全球農業基金-A類英鎊,yfinance,未分類,全球市場,B0149 霸菱投顧,霸菱
B24051,2014-05-01,1.5634475946426392,英鎊,霸菱全球農業基金-A類英鎊,yfinance,未分類,全球市場,B0149 霸菱投顧,霸菱
B24051,2014-05-02,1.5605049133300781,英鎊,霸菱全球農業基金-A類英鎊,yfinance,未分類,全球市場,B0149 霸菱投顧,霸菱
B24051,2014-05-06,1.5585434436798096,英鎊,霸菱全球農業基金-A類英鎊,yfinance,未分類,全球市場,B0149 霸菱投顧,霸菱
B24051,2014-05-07,1.5526583194732666,英鎊,霸菱全球農業基金-A類英鎊,yfinance,未分類,全球市場,B0149 霸菱投顧,霸菱
B24051,2014-05-08,1.5654091835021973,英鎊,霸菱全球農業基金-A類英鎊,yfinance,未分類,全球市場,B0149 霸菱投顧,霸菱
B24051,2014-05-09,1.564428448677063,英鎊,霸菱全球農業基金-A類英鎊,yfinance,未分類,全球市場,B0149 霸菱投顧,霸菱
B24051,2014-05-12,1.5634475946426392,英鎊,霸菱全球農業基金-A類英鎊,yfinance,未分類,全球市場,B0149 霸菱投顧,霸菱
B24051,2014-05-13,1.5801217555999756,英鎊,霸菱全球農業基金-A類英鎊,yfinance,未分類,全球市場,B0149 霸菱投顧,霸菱
B24051,2014-05-14,1.5938533544540405,英鎊,霸菱全球農業基金-A類英鎊,yfinance,未分類,全球市場,B0149 霸菱投顧,霸菱
B24051,2014-05-15,1.5909109115600586,英鎊,霸菱全球農業基金-A類英鎊,yfinance,未分類,全球市場,B0149 霸菱投顧,霸菱
B24051,2014-05-16,1.5732558965682983,英鎊,霸菱全球農業基金-A類英鎊,yfinance,未分類,全球市場,B0149 霸菱投顧,霸菱
B24051,2014-05-19,1.578160047531128,英鎊,霸菱全球農業基金-A類英鎊,yfinance,未分類,全球市場,B0149 霸菱投顧,霸菱
B24051,2014-05-20,1.575217604637146,英鎊,霸菱全球農業基金-A類英鎊,yfinance,未分類,全球市場,B0149 霸菱投顧,霸菱
B24051,2014-05-21,1.5614858865737915,英鎊,霸菱全球農業基金-A類英鎊,yfinance,未分類,全球市場,B0149 霸菱投顧,霸菱
B24051,2014-05-22,1.5693325996398926,英鎊,霸菱全球農業基金-A類英鎊,yfinance,未分類,全球市場,B0149 霸菱投顧,霸菱
B24051,2014-05-23,1.5683517456054688,英鎊,霸菱全球農業基金-A類英鎊,yfinance,未分類,全球市場,B0149 霸菱投顧,霸菱
B24051,2014-05-27,1.572275161743164,英鎊,霸菱全球農業基金-A類英鎊,yfinance,未分類,全球市場,B0149 霸菱投顧,霸菱
B24051,2014-05-28,1.5830641984939575,英鎊,霸菱全球農業基金-A類英鎊,yfinance,未分類,全球市場,B0149 霸菱投顧,霸菱
B24051,2014-05-29,1.5909109115600586,英鎊,霸菱全球農業基金-A類英鎊,yfinance,未分類,全球市場,B0149 霸菱投顧,霸菱
B24051,2014-05-30,1.5977766513824463,英鎊,霸菱全球農業基金-A類英鎊,yfinance,未分類,全球市場,B0149 霸菱投顧,霸菱
B24051,2014-06-02,1.5958151817321777,英鎊,霸菱全球農業基金-A類英鎊,yfinance,未分類,全球市場,B0149 霸菱投顧,霸菱
B24051,2014-06-03,1.5967960357666016,英鎊,霸菱全球農業基金-A類英鎊,yfinance,未分類,全球市場,B0149 霸菱投顧,霸菱
B24051,2014-06-04,1.5869876146316528,英鎊,霸菱全球農業基金-A類英鎊,yfinance,未分類,全球市場,B0149 霸菱投顧,霸菱
B24051,2014-06-05,1.5850259065628052,英鎊,霸菱全球農業基金-A類英鎊,yfinance,未分類,全球市場,B0149 霸菱投顧,霸菱
B24051,2014-06-06,1.5899300575256348,英鎊,霸菱全球農業基金-A類英鎊,yfinance,未分類,全球市場,B0149 霸菱投顧,霸菱
B24051,2014-06-09,1.594834327697754,英鎊,霸菱全球農業基金-A類英鎊,yfinance,未分類,全球市場,B0149 霸菱投顧,霸菱
B24051,2014-06-10,1.5958151817321777,英鎊,霸菱全球農業基金-A類英鎊,yfinance,未分類,全球市場,B0149 霸菱投顧,霸菱
B24051,2014-06-11,1.5889493227005005,英鎊,霸菱全球農業基金-A類英鎊,yfinance,未分類,全球市場,B0149 霸菱投顧,霸菱
B24051,2014-06-12,1.577179193496704,英鎊,霸菱全球農業基金-A類英鎊,yfinance,未分類,全球市場,B0149 霸菱投顧,霸菱
B24051,2014-06-13,1.556581735610962,英鎊,霸菱全球農業基金-A類英鎊,yfinance,未分類,全球市場,B0149 霸菱投顧,霸菱
B24051,2014-06-16,1.5536391735076904,英鎊,霸菱全球農業基金-A類英鎊,yfinance,未分類,全球市場,B0149 霸菱投顧,霸菱
B24051,2014-06-17,1.5585434436798096,英鎊,霸菱全球農業基金-A類英鎊,yfinance,未分類,全球市場,B0149 霸菱投顧,霸菱
B24051,2014-06-18,1.5693325996398926,英鎊,霸菱全球農業基金-A類英鎊,yfinance,未分類,全球市場,B0149 霸菱投顧,霸菱
B24051,2014-06-19,1.5732558965682983,英鎊,霸菱全球農業基金-A類英鎊,yfinance,未分類,全球市場,B0149 霸菱投顧,霸菱
B24051,2014-06-20,1.572275161743164,英鎊,霸菱全球農業基金-A類英鎊,yfinance,未分類,全球市場,B0149 霸菱投顧,霸菱
B24051,2014-06-23,1.5761982202529907,英鎊,霸菱全球農業基金-A類英鎊,yfinance,未分類,全球市場,B0149 霸菱投顧,霸菱
B24051,2014-06-24,1.584045171737671,英鎊,霸菱全球農業基金-A類英鎊,yfinance,未分類,全球市場,B0149 霸菱投顧,霸菱
B24051,2014-06-25,1.577179193496704,英鎊,霸菱全球農業基金-A類英鎊,yfinance,未分類,全球市場,B0149 霸菱投顧,霸菱
B24051,2014-06-26,1.577179193496704,英鎊,霸菱全球農業基金-A類英鎊,yfinance,未分類,全球市場,B0149 霸菱投顧,霸菱
B24051,2014-06-27,1.5801217555999756,英鎊,霸菱全球農業基金-A類英鎊,yfinance,未分類,全球市場,B0149 霸菱投顧,霸菱
B24051,2014-06-30,1.578160047531128,英鎊,霸菱全球農業基金-A類英鎊,yfinance,未分類,全球市場,B0149 霸菱投顧,霸菱
B24051,2014-07-01,1.5732558965682983,英鎊,霸菱全球農業基金-A類英鎊,yfinance,未分類,全球市場,B0149 霸菱投顧,霸菱
B24051,2014-07-02,1.575217604637146,英鎊,霸菱全球農業基金-A類英鎊,yfinance,未分類,全球市場,B0149 霸菱投顧,霸菱
B24051,2014-07-03,1.584045171737671,英鎊,霸菱全球農業基金-A類英鎊,yfinance,未分類,全球市場,B0149 霸菱投顧,霸菱
B24051,2014-07-04,1.5879684686660767,英鎊,霸菱全球農業基金-A類英鎊,yfinance,未分類,全球市場,B0149 霸菱投顧,霸菱
B24051,2014-07-07,1.5899300575256348,英鎊,霸菱全球農業基金-A類英鎊,yfinance,未分類,全球市場,B0149 霸菱投顧,霸菱
B24051,2014-07-08,1.5869876146316528,英鎊,霸菱全球農業基金-A類英鎊,yfinance,未分類,全球市場,B0149 霸菱投顧,霸菱
B24051,2014-07-09,1.5801217555999756,英鎊,霸菱全球農業基金-A類英鎊,yfinance,未分類,全球市場,B0149 霸菱投顧,霸菱
B24051,2014-07-10,1.5732558965682983,英鎊,霸菱全球農業基金-A類英鎊,yfinance,未分類,全球市場,B0149 霸菱投顧,霸菱
B24051,2014-07-11,1.5663902759552002,英鎊,霸菱全球農業基金-A類英鎊,yfinance,未分類,全球市場,B0149 霸菱投顧,霸菱
B24051,2014-07-14,1.5683517456054688,英鎊,霸菱全球農業基金-A類英鎊,yfinance,未分類,全球市場,B0149 霸菱投顧,霸菱
B24051,2014-07-15,1.5654091835021973,英鎊,霸菱全球農業基金-A類英鎊,yfinance,未分類,全球市場,B0149 霸菱投顧,霸菱
B24051,2014-07-16,1.5624668598175049,英鎊,霸菱全球農業基金-A類英鎊,yfinance,未分類,全球市場,B0149 霸菱投顧,霸菱
B24051,2014-07-17,1.5663902759552002,英鎊,霸菱全球農業基金-A類英鎊,yfinance,未分類,全球市場,B0149 霸菱投顧,霸菱
B24051,2014-07-18,1.5575628280639648,英鎊,霸菱全球農業基金-A類英鎊,yfinance,未分類,全球市場,B0149 霸菱投顧,霸菱
B24051,2014-07-21,1.5703134536743164,英鎊,霸菱全球農業基金-A類英鎊,yfinance,未分類,全球市場,B0149 霸菱投顧,霸菱
B24051,2014-07-22,1.5663902759552002,英鎊,霸菱全球農業基金-A類英鎊,yfinance,未分類,全球市場,B0149 霸菱投顧,霸菱
B24051,2014-07-23,1.5742368698120117,英鎊,霸菱全球農業基金-A類英鎊,yfinance,未分類,全球市場,B0149 霸菱投顧,霸菱
B24051,2014-07-24,1.5761982202529907,英鎊,霸菱全球農業基金-A類英鎊,yfinance,未分類,全球市場,B0149 霸菱投顧,霸菱
B24051,2014-07-25,1.577179193496704,英鎊,霸菱全球農業基金-A類英鎊,yfinance,未分類,全球市場,B0149 霸菱投顧,霸菱
B24051,2014-07-28,1.5673710107803345,英鎊,霸菱全球農業基金-A類英鎊,yfinance,未分類,全球市場,B0149 霸菱投顧,霸菱
B24051,2014-07-29,1.572275161743164,英鎊,霸菱全球農業基金-A類英鎊,yfinance,未分類,全球市場,B0149 霸菱投顧,霸菱
B24051,2014-07-30,1.559524416923523,英鎊,霸菱全球農業基金-A類英鎊,yfinance,未分類,全球市場,B0149 霸菱投顧,霸菱
B24051,2014-07-31,1.5516775846481323,英鎊,霸菱全球農業基金-A類英鎊,yfinance,未分類,全球市場,B0149 霸菱投顧,霸菱
B24051,2014-08-01,1.5405195951461792,英鎊,霸菱全球農業基金-A類英鎊,yfinance,未分類,全球市場,B0149 霸菱投顧,霸菱
B24051,2014-08-04,1.5464146137237549,英鎊,霸菱全球農業基金-A類英鎊,yfinance,未分類,全球市場,B0149 霸菱投顧,霸菱
B24051,2014-08-05,1.5493619441986084,英鎊,霸菱全球農業基金-A類英鎊,yfinance,未分類,全球市場,B0149 霸菱投顧,霸菱
B24051,2014-08-06,1.5493619441986084,英鎊,霸菱全球農業基金-A類英鎊,yfinance,未分類,全球市場,B0149 霸菱投顧,霸菱
B24051,2014-08-07,1.5503443479537964,英鎊,霸菱全球農業基金-A類英鎊,yfinance,未分類,全球市場,B0149 霸菱投顧,霸菱
B24051,2014-08-08,1.5444495677947998,英鎊,霸菱全球農業基金-A類英鎊,yfinance,未分類,全球市場,B0149 霸菱投顧,霸菱
B24051,2014-08-11,1.55722177028656,英鎊,霸菱全球農業基金-A類英鎊,yfinance,未分類,全球市場,B0149 霸菱投顧,霸菱
B24051,2014-08-12,1.5719587802886963,英鎊,霸菱全球農業基金-A類英鎊,yfinance,未分類,全球市場,B0149 霸菱投顧,霸菱
B24051,2014-08-13,1.5768711566925049,英鎊,霸菱全球農業基金-A類英鎊,yfinance,未分類,全球市場,B0149 霸菱投顧,霸菱
B24051,2014-08-14,1.5857133865356445,英鎊,霸菱全球農業基金-A類英鎊,yfinance,未分類,全球市場,B0149 霸菱投顧,霸菱
B24051,2014-08-15,1.58767831325531,英鎊,霸菱全球農業基金-A類英鎊,yfinance,未分類,全球市場,B0149 霸菱投顧,霸菱
B24051,2014-08-18,1.58767831325531,英鎊,霸菱全球農業基金-A類英鎊,yfinance,未分類,全球市場,B0149 霸菱投顧,霸菱
B24051,2014-08-19,1.6063454151153564,英鎊,霸菱全球農業基金-A類英鎊,yfinance,未分類,全球市場,B0149 霸菱投顧,霸菱
B24051,2014-08-20,1.6112576723098755,英鎊,霸菱全球農業基金-A類英鎊,yfinance,未分類,全球市場,B0149 霸菱投顧,霸菱
B24051,2014-08-21,1.6240298748016357,英鎊,霸菱全球農業基金-A類英鎊,yfinance,未分類,全球市場,B0149 霸菱投顧,霸菱
B24051,2014-08-22,1.6220651865005493,英鎊,霸菱全球農業基金-A類英鎊,yfinance,未分類,全球市場,B0149 霸菱投顧,霸菱
B24051,2014-08-26,1.6250123977661133,英鎊,霸菱全球農業基金-A類英鎊,yfinance,未分類,全球市場,B0149 霸菱投顧,霸菱
B24051,2014-08-27,1.6318897008895874,英鎊,霸菱全球農業基金-A類英鎊,yfinance,未分類,全球市場,B0149 霸菱投顧,霸菱
B24051,2014-08-28,1.6318897008895874,英鎊,霸菱全球農業基金-A類英鎊,yfinance,未分類,全球市場,B0149 霸菱投顧,霸菱
B24051,2014-08-29,1.6279598474502563,英鎊,霸菱全球農業基金-A類英鎊,yfinance,未分類,全球市場,B0149 霸菱投顧,霸菱
B24051,2014-09-01,1.6250123977661133,英鎊,霸菱全球農業基金-A類英鎊,yfinance,未分類,全球市場,B0149 霸菱投顧,霸菱
B24051,2014-09-02,1.6328721046447754,英鎊,霸菱全球農業基金-A類英鎊,yfinance,未分類,全球市場,B0149 霸菱投顧,霸菱
B24051,2014-09-03,1.6466268301010132,英鎊,霸菱全球農業基金-A類英鎊,yfinance,未分類,全球市場,B0149 霸菱投顧,霸菱
B24051,2014-09-04,1.6466268301010132,英鎊,霸菱全球農業基金-A類英鎊,yfinance,未分類,全球市場,B0149 霸菱投顧,霸菱
B24051,2014-09-05,1.6485917568206787,英鎊,霸菱全球農業基金-A類英鎊,yfinance,未分類,全球市場,B0149 霸菱投顧,霸菱
B24051,2014-09-08,1.6711887121200562,英鎊,霸菱全球農業基金-A類英鎊,yfinance,未分類,全球市場,B0149 霸菱投顧,霸菱
B24051,2014-09-09,1.6643115282058716,英鎊,霸菱全球農業基金-A類英鎊,yfinance,未分類,全球市場,B0149 霸菱投顧,霸菱
B24051,2014-09-10,1.6603816747665405,英鎊,霸菱全球農業基金-A類英鎊,yfinance,未分類,全球市場,B0149 霸菱投顧,霸菱
B24051,2014-09-11,1.6446620225906372,英鎊,霸菱全球農業基金-A類英鎊,yfinance,未分類,全球市場,B0149 霸菱投顧,霸菱
B24051,2014-09-12,1.6495743989944458,英鎊,霸菱全球農業基金-A類英鎊,yfinance,未分類,全球市場,B0149 霸菱投顧,霸菱
B24051,2014-09-15,1.637784719467163,英鎊,霸菱全球農業基金-A類英鎊,yfinance,未分類,全球市場,B0149 霸菱投顧,霸菱
B24051,2014-09-16,1.639749526977539,英鎊,霸菱全球農業基金-A類英鎊,yfinance,未分類,全球市場,B0149 霸菱投顧,霸菱
B24051,2014-09-17,1.6476092338562012,英鎊,霸菱全球農業基金-A類英鎊,yfinance,未分類,全球市場,B0149 霸菱投顧,霸菱
B24051,2014-09-18,1.637784719467163,英鎊,霸菱全球農業基金-A類英鎊,yfinance,未分類,全球市場,B0149 霸菱投顧,霸菱
B24051,2014-09-19,1.6466268301010132,英鎊,霸菱全球農業基金-A類英鎊,yfinance,未分類,全球市場,B0149 霸菱投顧,霸菱
B24051,2014-09-22,1.6387670040130615,英鎊,霸菱全球農業基金-A類英鎊,yfinance,未分類,全球市場,B0149 霸菱投顧,霸菱
B24051,2014-09-23,1.6171525716781616,英鎊,霸菱全球農業基金-A類英鎊,yfinance,未分類,全球市場,B0149 霸菱投顧,霸菱
B24051,2014-09-24,1.60929274559021,英鎊,霸菱全球農業基金-A類英鎊,yfinance,未分類,全球市場,B0149 霸菱投顧,霸菱
B24051,2014-09-25,1.6259948015213013,英鎊,霸菱全球農業基金-A類英鎊,yfinance,未分類,全球市場,B0149 霸菱投顧,霸菱
B24051,2014-09-26,1.6033979654312134,英鎊,霸菱全球農業基金-A類英鎊,yfinance,未分類,全球市場,B0149 霸菱投顧,霸菱
B24051,2014-09-29,1.614205241203308,英鎊,霸菱全球農業基金-A類英鎊,yfinance,未分類,全球市場,B0149 霸菱投顧,霸菱
B24051,2014-09-30,1.6181350946426392,英鎊,霸菱全球農業基金-A類英鎊,yfinance,未分類,全球市場,B0149 霸菱投顧,霸菱
B24051,2014-10-01,1.6112576723098755,英鎊,霸菱全球農業基金-A類英鎊,yfinance,未分類,全球市場,B0149 霸菱投顧,霸菱
B24051,2014-10-02,1.5994682312011719,英鎊,霸菱全球農業基金-A類英鎊,yfinance,未分類,全球市場,B0149 霸菱投顧,霸菱
B24051,2014-10-03,1.6024153232574463,英鎊,霸菱全球農業基金-A類英鎊,yfinance,未分類,全球市場,B0149 霸菱投顧,霸菱
B24051,2014-10-06,1.6181350946426392,英鎊,霸菱全球農業基金-A類英鎊,yfinance,未分類,全球市場,B0149 霸菱投顧,霸菱
B24051,2014-10-07,1.6151877641677856,英鎊,霸菱全球農業基金-A類英鎊,yfinance,未分類,全球市場,B0149 霸菱投顧,霸菱
B24051,2014-10-08,1.5994682312011719,英鎊,霸菱全球農業基金-A類英鎊,yfinance,未分類,全球市場,B0149 霸菱投顧,霸菱
B24051,2014-10-09,1.5945556163787842,英鎊,霸菱全球農業基金-A類英鎊,yfinance,未分類,全球市場,B0149 霸菱投顧,霸菱
B24051,2014-10-10,1.5758886337280273,英鎊,霸菱全球農業基金-A類英鎊,yfinance,未分類,全球市場,B0149 霸菱投顧,霸菱
B24051,2014-10-13,1.5601691007614136,英鎊,霸菱全球農業基金-A類英鎊,yfinance,未分類,全球市場,B0149 霸菱投顧,霸菱
B24051,2014-10-14,1.55722177028656,英鎊,霸菱全球農業基金-A類英鎊,yfinance,未分類,全球市場,B0149 霸菱投顧,霸菱
B24051,2014-10-15,1.5611516237258911,英鎊,霸菱全球農業基金-A類英鎊,yfinance,未分類,全球市場,B0149 霸菱投顧,霸菱
B24051,2014-10-16,1.5198878049850464,英鎊,霸菱全球農業基金-A類英鎊,yfinance,未分類,全球市場,B0149 霸菱投顧,霸菱
B24051,2014-10-17,1.5444495677947998,英鎊,霸菱全球農業基金-A類英鎊,yfinance,未分類,全球市場,B0149 霸菱投顧,霸菱
B24051,2014-10-20,1.555256724357605,英鎊,霸菱全球農業基金-A類英鎊,yfinance,未分類,全球市場,B0149 霸菱投顧,霸菱
B24051,2014-10-21,1.5680288076400757,英鎊,霸菱全球農業基金-A類英鎊,yfinance,未分類,全球市場,B0149 霸菱投顧,霸菱
B24051,2014-10-22,1.5906258821487427,英鎊,霸菱全球農業基金-A類英鎊,yfinance,未分類,全球市場,B0149 霸菱投顧,霸菱
B24051,2014-10-23,1.5866957902908325,英鎊,霸菱全球農業基金-A類英鎊,yfinance,未分類,全球市場,B0149 霸菱投顧,霸菱
B24051,2014-10-24,1.584731101989746,英鎊,霸菱全球農業基金-A類英鎊,yfinance,未分類,全球市場,B0149 霸菱投顧,霸菱
B24051,2014-10-27,1.5935732126235962,英鎊,霸菱全球農業基金-A類英鎊,yfinance,未分類,全球市場,B0149 霸菱投顧,霸菱
B24051,2014-10-28,1.5896433591842651,英鎊,霸菱全球農業基金-A類英鎊,yfinance,未分類,全球市場,B0149 霸菱投顧,霸菱
B24051,2014-10-29,1.6122403144836426,英鎊,霸菱全球農業基金-A類英鎊,yfinance,未分類,全球市場,B0149 霸菱投顧,霸菱
B24051,2014-10-30,1.616170048713684,英鎊,霸菱全球農業基金-A類英鎊,yfinance,未分類,全球市場,B0149 霸菱投顧,霸菱
B24051,2014-10-31,1.6485917568206787,英鎊,霸菱全球農業基金-A類英鎊,yfinance,未分類,全球市場,B0149 霸菱投顧,霸菱
B24051,2014-11-03,1.6466268301010132,英鎊,霸菱全球農業基金-A類英鎊,yfinance,未分類,全球市場,B0149 霸菱投顧,霸菱
B24051,2014-11-04,1.639749526977539,英鎊,霸菱全球農業基金-A類英鎊,yfinance,未分類,全球市場,B0149 霸菱投顧,霸菱
B24051,2014-11-05,1.6505566835403442,英鎊,霸菱全球農業基金-A類英鎊,yfinance,未分類,全球市場,B0149 霸菱投顧,霸菱
B24051,2014-11-06,1.6564514636993408,英鎊,霸菱全球農業基金-A類英鎊,yfinance,未分類,全球市場,B0149 霸菱投顧,霸菱
B24051,2014-11-07,1.6633286476135254,英鎊,霸菱全球農業基金-A類英鎊,yfinance,未分類,全球市場,B0149 霸菱投顧,霸菱
B24051,2014-11-10,1.6643115282058716,英鎊,霸菱全球農業基金-A類英鎊,yfinance,未分類,全球市場,B0149 霸菱投顧,霸菱
B24051,2014-11-11,1.6711887121200562,英鎊,霸菱全球農業基金-A類英鎊,yfinance,未分類,全球市場,B0149 霸菱投顧,霸菱
B24051,2014-11-12,1.6790484189987183,英鎊,霸菱全球農業基金-A類英鎊,yfinance,未分類,全球市場,B0149 霸菱投顧,霸菱
B24051,2014-11-13,1.6859256029129028,英鎊,霸菱全球農業基金-A類英鎊,yfinance,未分類,全球市場,B0149 霸菱投顧,霸菱
B24051,2014-11-14,1.6928030252456665,英鎊,霸菱全球農業基金-A類英鎊,yfinance,未分類,全球市場,B0149 霸菱投顧,霸菱
B24051,2014-11-17,1.6947681903839111,英鎊,霸菱全球農業基金-A類英鎊,yfinance,未分類,全球市場,B0149 霸菱投顧,霸菱
B24051,2014-11-18,1.7075402736663818,英鎊,霸菱全球農業基金-A類英鎊,yfinance,未分類,全球市場,B0149 霸菱投顧,霸菱
B24051,2014-11-19,1.7055753469467163,英鎊,霸菱全球農業基金-A類英鎊,yfinance,未分類,全球市場,B0149 霸菱投顧,霸菱
B24051,2014-11-20,1.7055753469467163,英鎊,霸菱全球農業基金-A類英鎊,yfinance,未分類,全球市場,B0149 霸菱投顧,霸菱
B24051,2014-11-21,1.7104878425598145,英鎊,霸菱全球農業基金-A類英鎊,yfinance,未分類,全球市場,B0149 霸菱投顧,霸菱
B24051,2014-11-24,1.7154000997543335,英鎊,霸菱全球農業基金-A類英鎊,yfinance,未分類,全球市場,B0149 霸菱投顧,霸菱
B24051,2014-11-25,1.7026281356811523,英鎊,霸菱全球農業基金-A類英鎊,yfinance,未分類,全球市場,B0149 霸菱投顧,霸菱
B24051,2014-11-26,1.6967332363128662,英鎊,霸菱全球農業基金-A類英鎊,yfinance,未分類,全球市場,B0149 霸菱投顧,霸菱
B24051,2014-11-27,1.6977156400680542,英鎊,霸菱全球農業基金-A類英鎊,yfinance,未分類,全球市場,B0149 霸菱投顧,霸菱
B24051,2014-11-28,1.6947681903839111,英鎊,霸菱全球農業基金-A類英鎊,yfinance,未分類,全球市場,B0149 霸菱投顧,霸菱
B24051,2014-12-01,1.6869083642959595,英鎊,霸菱全球農業基金-A類英鎊,yfinance,未分類,全球市場,B0149 霸菱投顧,霸菱
B24051,2014-12-02,1.6770833730697632,英鎊,霸菱全球農業基金-A類英鎊,yfinance,未分類,全球市場,B0149 霸菱投顧,霸菱
B24051,2014-12-03,1.6780660152435303,英鎊,霸菱全球農業基金-A類英鎊,yfinance,未分類,全球市場,B0149 霸菱投顧,霸菱
B24051,2014-12-04,1.6937856674194336,英鎊,霸菱全球農業基金-A類英鎊,yfinance,未分類,全球市場,B0149 霸菱投顧,霸菱
B24051,2014-12-05,1.6839607954025269,英鎊,霸菱全球農業基金-A類英鎊,yfinance,未分類,全球市場,B0149 霸菱投顧,霸菱
B24051,2014-12-08,1.6928030252456665,英鎊,霸菱全球農業基金-A類英鎊,yfinance,未分類,全球市場,B0149 霸菱投顧,霸菱
B24051,2014-12-09,1.6790484189987183,英鎊,霸菱全球農業基金-A類英鎊,yfinance,未分類,全球市場,B0149 霸菱投顧,霸菱
B24051,2014-12-10,1.6741361618041992,英鎊,霸菱全球農業基金-A類英鎊,yfinance,未分類,全球市場,B0149 霸菱投顧,霸菱
B24051,2014-12-11,1.658416509628296,英鎊,霸菱全球農業基金-A類英鎊,yfinance,未分類,全球市場,B0149 霸菱投顧,霸菱
B24051,2014-12-12,1.6525218486785889,英鎊,霸菱全球農業基金-A類英鎊,yfinance,未分類,全球市場,B0149 霸菱投顧,霸菱
B24051,2014-12-15,1.630907416343689,英鎊,霸菱全球農業基金-A類英鎊,yfinance,未分類,全球市場,B0149 霸菱投顧,霸菱
B24051,2014-12-16,1.610275149345398,英鎊,霸菱全球農業基金-A類英鎊,yfinance,未分類,全球市場,B0149 霸菱投顧,霸菱
B24051,2014-12-17,1.6014330387115479,英鎊,霸菱全球農業基金-A類英鎊,yfinance,未分類,全球市場,B0149 霸菱投顧,霸菱
B24051,2014-12-18,1.6348371505737305,英鎊,霸菱全球農業基金-A類英鎊,yfinance,未分類,全球市場,B0149 霸菱投顧,霸菱
B24051,2014-12-19,1.6515393257141113,英鎊,霸菱全球農業基金-A類英鎊,yfinance,未分類,全球市場,B0149 霸菱投顧,霸菱
B24051,2014-12-22,1.6770833730697632,英鎊,霸菱全球農業基金-A類英鎊,yfinance,未分類,全球市場,B0149 霸菱投顧,霸菱
B24051,2014-12-23,1.688873291015625,英鎊,霸菱全球農業基金-A類英鎊,yfinance,未分類,全球市場,B0149 霸菱投顧,霸菱
B24051,2014-12-24,1.6947681903839111,英鎊,霸菱全球農業基金-A類英鎊,yfinance,未分類,全球市場,B0149 霸菱投顧,霸菱
B24051,2014-12-29,1.6908379793167114,英鎊,霸菱全球農業基金-A類英鎊,yfinance,未分類,全球市場,B0149 霸菱投顧,霸菱
B24051,2014-12-30,1.689855694770813,英鎊,霸菱全球農業基金-A類英鎊,yfinance,未分類,全球市場,B0149 霸菱投顧,霸菱
B24051,2014-12-31,1.6829785108566284,英鎊,霸菱全球農業基金-A類英鎊,yfinance,未分類,全球市場,B0149 霸菱投顧,霸菱
B03624,2014-01-02,9.268499374389648,英鎊,聯博-亞洲股票基金AD月配英鎊避險級別,yfinance,股票型,亞洲地區,A0018 聯博投信,聯博(盧森堡
B03624,2014-01-03,9.200996398925781,英鎊,聯博-亞洲股票基金AD月配英鎊避險級別,yfinance,股票型,亞洲地區,A0018 聯博投信,聯博(盧森堡
B03624,2014-01-06,9.119988441467285,英鎊,聯博-亞洲股票基金AD月配英鎊避險級別,yfinance,股票型,亞洲地區,A0018 聯博投信,聯博(盧森堡
B03624,2014-01-07,9.160492897033691,英鎊,聯博-亞洲股票基金AD月配英鎊避險級別,yfinance,股票型,亞洲地區,A0018 聯博投信,聯博(盧森堡
B03624,2014-01-08,9.214502334594727,英鎊,聯博-亞洲股票基金AD月配英鎊避險級別,yfinance,股票型,亞洲地區,A0018 聯博投信,聯博(盧森堡
B03624,2014-01-09,9.173993110656738,英鎊,聯博-亞洲股票基金AD月配英鎊避險級別,yfinance,股票型,亞洲地區,A0018 聯博投信,聯博(盧森堡
B03624,2014-01-10,9.173993110656738,英鎊,聯博-亞洲股票基金AD月配英鎊避險級別,yfinance,股票型,亞洲地區,A0018 聯博投信,聯博(盧森堡
B03624,2014-01-13,9.173993110656738,英鎊,聯博-亞洲股票基金AD月配英鎊避險級別,yfinance,股票型,亞洲地區,A0018 聯博投信,聯博(盧森堡
B03624,2014-01-14,9.268499374389648,英鎊,聯博-亞洲股票基金AD月配英鎊避險級別,yfinance,股票型,亞洲地區,A0018 聯博投信,聯博(盧森堡
B03624,2014-01-15,9.255001068115234,英鎊,聯博-亞洲股票基金AD月配英鎊避險級別,yfinance,股票型,亞洲地區,A0018 聯博投信,聯博(盧森堡
B03624,2014-01-16,9.214502334594727,英鎊,聯博-亞洲股票基金AD月配英鎊避險級別,yfinance,股票型,亞洲地區,A0018 聯博投信,聯博(盧森堡
B03624,2014-01-17,9.187491416931152,英鎊,聯博-亞洲股票基金AD月配英鎊避險級別,yfinance,股票型,亞洲地區,A0018 聯博投信,聯博(盧森堡
B03624,2014-01-21,9.200996398925781,英鎊,聯博-亞洲股票基金AD月配英鎊避險級別,yfinance,股票型,亞洲地區,A0018 聯博投信,聯博(盧森堡
B03624,2014-01-22,9.261757850646973,英鎊,聯博-亞洲股票基金AD月配英鎊避險級別,yfinance,股票型,亞洲地區,A0018 聯博投信,聯博(盧森堡
B03624,2014-01-23,9.113238334655762,英鎊,聯博-亞洲股票基金AD月配英鎊避險級別,yfinance,股票型,亞洲地區,A0018 聯博投信,聯博(盧森堡
B03624,2014-01-24,8.937726974487305,英鎊,聯博-亞洲股票基金AD月配英鎊避險級別,yfinance,股票型,亞洲地區,A0018 聯博投信,聯博(盧森堡
B03624,2014-01-27,8.795968055725098,英鎊,聯博-亞洲股票基金AD月配英鎊避險級別,yfinance,股票型,亞洲地區,A0018 聯博投信,聯博(盧森堡
B03624,2014-01-28,8.876974105834961,英鎊,聯博-亞洲股票基金AD月配英鎊避險級別,yfinance,股票型,亞洲地區,A0018 聯博投信,聯博(盧森堡
B03624,2014-01-29,8.863468170166016,英鎊,聯博-亞洲股票基金AD月配英鎊避險級別,yfinance,股票型,亞洲地區,A0018 聯博投信,聯博(盧森堡
B03624,2014-01-30,8.9309720993042,英鎊,聯博-亞洲股票基金AD月配英鎊避險級別,yfinance,股票型,亞洲地區,A0018 聯博投信,聯博(盧森堡
B03624,2014-01-31,8.886336326599121,英鎊,聯博-亞洲股票基金AD月配英鎊避險級別,yfinance,股票型,亞洲地區,A0018 聯博投信,聯博(盧森堡
B03624,2014-02-03,8.717011451721191,英鎊,聯博-亞洲股票基金AD月配英鎊避險級別,yfinance,股票型,亞洲地區,A0018 聯博投信,聯博(盧森堡
B03624,2014-02-04,8.744107246398926,英鎊,聯博-亞洲股票基金AD月配英鎊避險級別,yfinance,股票型,亞洲地區,A0018 聯博投信,聯博(盧森堡
B03624,2014-02-05,8.717011451721191,英鎊,聯博-亞洲股票基金AD月配英鎊避險級別,yfinance,股票型,亞洲地區,A0018 聯博投信,聯博(盧森堡
B03624,2014-02-06,8.85247802734375,英鎊,聯博-亞洲股票基金AD月配英鎊避險級別,yfinance,股票型,亞洲地區,A0018 聯博投信,聯博(盧森堡
B03624,2014-02-07,8.98116683959961,英鎊,聯博-亞洲股票基金AD月配英鎊避險級別,yfinance,股票型,亞洲地區,A0018 聯博投信,聯博(盧森堡
B03624,2014-02-10,8.913429260253906,英鎊,聯博-亞洲股票基金AD月配英鎊避險級別,yfinance,股票型,亞洲地區,A0018 聯博投信,聯博(盧森堡
B03624,2014-02-11,9.048894882202148,英鎊,聯博-亞洲股票基金AD月配英鎊避險級別,yfinance,股票型,亞洲地區,A0018 聯博投信,聯博(盧森堡
B03624,2014-02-12,9.136941909790039,英鎊,聯博-亞洲股票基金AD月配英鎊避險級別,yfinance,股票型,亞洲地區,A0018 聯博投信,聯博(盧森堡
B03624,2014-02-13,9.109854698181152,英鎊,聯博-亞洲股票基金AD月配英鎊避險級別,yfinance,股票型,亞洲地區,A0018 聯博投信,聯博(盧森堡
B03624,2014-02-14,9.143716812133789,英鎊,聯博-亞洲股票基金AD月配英鎊避險級別,yfinance,股票型,亞洲地區,A0018 聯博投信,聯博(盧森堡
B03624,2014-02-18,9.143716812133789,英鎊,聯博-亞洲股票基金AD月配英鎊避險級別,yfinance,股票型,亞洲地區,A0018 聯博投信,聯博(盧森堡
B03624,2014-02-19,9.136941909790039,英鎊,聯博-亞洲股票基金AD月配英鎊避險級別,yfinance,股票型,亞洲地區,A0018 聯博投信,聯博(盧森堡
B03624,2014-02-20,9.150490760803223,英鎊,聯博-亞洲股票基金AD月配英鎊避險級別,yfinance,股票型,亞洲地區,A0018 聯博投信,聯博(盧森堡
B03624,2014-02-21,9.136941909790039,英鎊,聯博-亞洲股票基金AD月配英鎊避險級別,yfinance,股票型,亞洲地區,A0018 聯博投信,聯博(盧森堡
B03624,2014-02-24,9.109854698181152,英鎊,聯博-亞洲股票基金AD月配英鎊避險級別,yfinance,股票型,亞洲地區,A0018 聯博投信,聯博(盧森堡
B03624,2014-02-25,9.0692138671875,英鎊,聯博-亞洲股票基金AD月配英鎊避險級別,yfinance,股票型,亞洲地區,A0018 聯博投信,聯博(盧森堡
B03624,2014-02-26,9.123396873474121,英鎊,聯博-亞洲股票基金AD月配英鎊避險級別,yfinance,股票型,亞洲地區,A0018 聯博投信,聯博(盧森堡
B03624,2014-02-27,9.211451530456543,英鎊,聯博-亞洲股票基金AD月配英鎊避險級別,yfinance,股票型,亞洲地區,A0018 聯博投信,聯博(盧森堡
B03624,2014-02-28,9.248211860656738,英鎊,聯博-亞洲股票基金AD月配英鎊避險級別,yfinance,股票型,亞洲地區,A0018 聯博投信,聯博(盧森堡
B03624,2014-03-03,9.146282196044922,英鎊,聯博-亞洲股票基金AD月配英鎊避險級別,yfinance,股票型,亞洲地區,A0018 聯博投信,聯博(盧森堡
B03624,2014-03-04,9.221036911010742,英鎊,聯博-亞洲股票基金AD月配英鎊避險級別,yfinance,股票型,亞洲地區,A0018 聯博投信,聯博(盧森堡
B03624,2014-03-05,9.227822303771973,英鎊,聯博-亞洲股票基金AD月配英鎊避險級別,yfinance,股票型,亞洲地區,A0018 聯博投信,聯博(盧森堡
B03624,2014-03-06,9.302572250366211,英鎊,聯博-亞洲股票基金AD月配英鎊避險級別,yfinance,股票型,亞洲地區,A0018 聯博投信,聯博(盧森堡
B03624,2014-03-07,9.309368133544922,英鎊,聯博-亞洲股票基金AD月配英鎊避險級別,yfinance,股票型,亞洲地區,A0018 聯博投信,聯博(盧森堡
B03624,2014-03-10,9.200644493103027,英鎊,聯博-亞洲股票基金AD月配英鎊避險級別,yfinance,股票型,亞洲地區,A0018 聯博投信,聯博(盧森堡
B03624,2014-03-11,9.187056541442871,英鎊,聯博-亞洲股票基金AD月配英鎊避險級別,yfinance,股票型,亞洲地區,A0018 聯博投信,聯博(盧森堡
B03624,2014-03-12,9.091923713684082,英鎊,聯博-亞洲股票基金AD月配英鎊避險級別,yfinance,股票型,亞洲地區,A0018 聯博投信,聯博(盧森堡
B03624,2014-03-13,8.976407051086426,英鎊,聯博-亞洲股票基金AD月配英鎊避險級別,yfinance,股票型,亞洲地區,A0018 聯博投信,聯博(盧森堡
B03624,2014-03-14,8.956022262573242,英鎊,聯博-亞洲股票基金AD月配英鎊避險級別,yfinance,股票型,亞洲地區,A0018 聯博投信,聯博(盧森堡
B03624,2014-03-17,9.057948112487793,英鎊,聯博-亞洲股票基金AD月配英鎊避險級別,yfinance,股票型,亞洲地區,A0018 聯博投信,聯博(盧森堡
B03624,2014-03-18,9.078330993652344,英鎊,聯博-亞洲股票基金AD月配英鎊避險級別,yfinance,股票型,亞洲地區,A0018 聯博投信,聯博(盧森堡
B03624,2014-03-19,9.003588676452637,英鎊,聯博-亞洲股票基金AD月配英鎊避險級別,yfinance,股票型,亞洲地區,A0018 聯博投信,聯博(盧森堡
B03624,2014-03-20,8.942427635192871,英鎊,聯博-亞洲股票基金AD月配英鎊避險級別,yfinance,股票型,亞洲地區,A0018 聯博投信,聯博(盧森堡
B03624,2014-03-21,8.976407051086426,英鎊,聯博-亞洲股票基金AD月配英鎊避險級別,yfinance,股票型,亞洲地區,A0018 聯博投信,聯博(盧森堡
B03624,2014-03-24,9.017175674438477,英鎊,聯博-亞洲股票基金AD月配英鎊避險級別,yfinance,股票型,亞洲地區,A0018 聯博投信,聯博(盧森堡
B03624,2014-03-25,9.037558555603027,英鎊,聯博-亞洲股票基金AD月配英鎊避險級別,yfinance,股票型,亞洲地區,A0018 聯博投信,聯博(盧森堡
B03624,2014-03-26,9.078330993652344,英鎊,聯博-亞洲股票基金AD月配英鎊避險級別,yfinance,股票型,亞洲地區,A0018 聯博投信,聯博(盧森堡
B03624,2014-03-27,9.146282196044922,英鎊,聯博-亞洲股票基金AD月配英鎊避險級別,yfinance,股票型,亞洲地區,A0018 聯博投信,聯博(盧森堡
B03624,2014-03-28,9.255005836486816,英鎊,聯博-亞洲股票基金AD月配英鎊避險級別,yfinance,股票型,亞洲地區,A0018 聯博投信,聯博(盧森堡
B03624,2014-03-31,9.327208518981934,英鎊,聯博-亞洲股票基金AD月配英鎊避險級別,yfinance,股票型,亞洲地區,A0018 聯博投信,聯博(盧森堡
B03624,2014-04-01,9.456756591796875,英鎊,聯博-亞洲股票基金AD月配英鎊避險級別,yfinance,股票型,亞洲地區,A0018 聯博投信,聯博(盧森堡
B03624,2014-04-02,9.518122673034668,英鎊,聯博-亞洲股票基金AD月配英鎊避險級別,yfinance,股票型,亞洲地區,A0018 聯博投信,聯博(盧森堡
B03624,2014-04-03,9.511297225952148,英鎊,聯博-亞洲股票基金AD月配英鎊避險級別,yfinance,股票型,亞洲地區,A0018 聯博投信,聯博(盧森堡
B03624,2014-04-04,9.436297416687012,英鎊,聯博-亞洲股票基金AD月配英鎊避險級別,yfinance,股票型,亞洲地區,A0018 聯博投信,聯博(盧森堡
B03624,2014-04-07,9.449938774108887,英鎊,聯博-亞洲股票基金AD月配英鎊避險級別,yfinance,股票型,亞洲地區,A0018 聯博投信,聯博(盧森堡
B03624,2014-04-08,9.538572311401367,英鎊,聯博-亞洲股票基金AD月配英鎊避險級別,yfinance,股票型,亞洲地區,A0018 聯博投信,聯博(盧森堡
B03624,2014-04-09,9.695391654968262,英鎊,聯博-亞洲股票基金AD月配英鎊避險級別,yfinance,股票型,亞洲地區,A0018 聯博投信,聯博(盧森堡
B03624,2014-04-10,9.559032440185547,英鎊,聯博-亞洲股票基金AD月配英鎊避險級別,yfinance,股票型,亞洲地區,A0018 聯博投信,聯博(盧森堡
B03624,2014-04-11,9.579480171203613,英鎊,聯博-亞洲股票基金AD月配英鎊避險級別,yfinance,股票型,亞洲地區,A0018 聯博投信,聯博(盧森堡
B03624,2014-04-14,9.627209663391113,英鎊,聯博-亞洲股票基金AD月配英鎊避險級別,yfinance,股票型,亞洲地區,A0018 聯博投信,聯博(盧森堡
B03624,2014-04-15,9.531755447387695,英鎊,聯博-亞洲股票基金AD月配英鎊避險級別,yfinance,股票型,亞洲地區,A0018 聯博投信,聯博(盧森堡
B03624,2014-04-16,9.565844535827637,英鎊,聯博-亞洲股票基金AD月配英鎊避險級別,yfinance,股票型,亞洲地區,A0018 聯博投信,聯博(盧森堡
B03624,2014-04-17,9.634025573730469,英鎊,聯博-亞洲股票基金AD月配英鎊避險級別,yfinance,股票型,亞洲地區,A0018 聯博投信,聯博(盧森堡
B03624,2014-04-22,9.640847206115723,英鎊,聯博-亞洲股票基金AD月配英鎊避險級別,yfinance,股票型,亞洲地區,A0018 聯博投信,聯博(盧森堡
B03624,2014-04-23,9.572660446166992,英鎊,聯博-亞洲股票基金AD月配英鎊避險級別,yfinance,股票型,亞洲地區,A0018 聯博投信,聯博(盧森堡
B03624,2014-04-24,9.593117713928223,英鎊,聯博-亞洲股票基金AD月配英鎊避險級別,yfinance,股票型,亞洲地區,A0018 聯博投信,聯博(盧森堡
B03624,2014-04-25,9.456756591796875,英鎊,聯博-亞洲股票基金AD月配英鎊避險級別,yfinance,股票型,亞洲地區,A0018 聯博投信,聯博(盧森堡
B03624,2014-04-28,9.477206230163574,英鎊,聯博-亞洲股票基金AD月配英鎊避險級別,yfinance,股票型,亞洲地區,A0018 聯博投信,聯博(盧森堡
B03624,2014-04-29,9.490849494934082,英鎊,聯博-亞洲股票基金AD月配英鎊避險級別,yfinance,股票型,亞洲地區,A0018 聯博投信,聯博(盧森堡
B03624,2014-04-30,9.453835487365723,英鎊,聯博-亞洲股票基金AD月配英鎊避險級別,yfinance,股票型,亞洲地區,A0018 聯博投信,聯博(盧森堡
B03624,2014-05-02,9.46068000793457,英鎊,聯博-亞洲股票基金AD月配英鎊避險級別,yfinance,股票型,亞洲地區,A0018 聯博投信,聯博(盧森堡
B03624,2014-05-06,9.433317184448242,英鎊,聯博-亞洲股票基金AD月配英鎊避險級別,yfinance,股票型,亞洲地區,A0018 聯博投信,聯博(盧森堡
B03624,2014-05-07,9.446998596191406,英鎊,聯博-亞洲股票基金AD月配英鎊避險級別,yfinance,股票型,亞洲地區,A0018 聯博投信,聯博(盧森堡
B03624,2014-05-08,9.392266273498535,英鎊,聯博-亞洲股票基金AD月配英鎊避險級別,yfinance,股票型,亞洲地區,A0018 聯博投信,聯博(盧森堡
B03624,2014-05-09,9.419628143310547,英鎊,聯博-亞洲股票基金AD月配英鎊避險級別,yfinance,股票型,亞洲地區,A0018 聯博投信,聯博(盧森堡
B03624,2014-05-12,9.556448936462402,英鎊,聯博-亞洲股票基金AD月配英鎊避險級別,yfinance,股票型,亞洲地區,A0018 聯博投信,聯博(盧森堡
B03624,2014-05-13,9.618014335632324,英鎊,聯博-亞洲股票基金AD月配英鎊避險級別,yfinance,股票型,亞洲地區,A0018 聯博投信,聯博(盧森堡
B03624,2014-05-14,9.706944465637207,英鎊,聯博-亞洲股票基金AD月配英鎊避險級別,yfinance,股票型,亞洲地區,A0018 聯博投信,聯博(盧森堡
B03624,2014-05-15,9.693263053894043,英鎊,聯博-亞洲股票基金AD月配英鎊避險級別,yfinance,股票型,亞洲地區,A0018 聯博投信,聯博(盧森堡
B03624,2014-05-16,9.836919784545898,英鎊,聯博-亞洲股票基金AD月配英鎊避險級別,yfinance,股票型,亞洲地區,A0018 聯博投信,聯博(盧森堡
B03624,2014-05-19,9.898481369018555,英鎊,聯博-亞洲股票基金AD月配英鎊避險級別,yfinance,股票型,亞洲地區,A0018 聯博投信,聯博(盧森堡
B03624,2014-05-20,9.802718162536621,英鎊,聯博-亞洲股票基金AD月配英鎊避險級別,yfinance,股票型,亞洲地區,A0018 聯博投信,聯博(盧森堡
B03624,2014-05-21,9.877959251403809,英鎊,聯博-亞洲股票基金AD月配英鎊避險級別,yfinance,股票型,亞洲地區,A0018 聯博投信,聯博(盧森堡
B03624,2014-05-22,9.946366310119629,英鎊,聯博-亞洲股票基金AD月配英鎊避險級別,yfinance,股票型,亞洲地區,A0018 聯博投信,聯博(盧森堡
B03624,2014-05-23,10.028460502624512,英鎊,聯博-亞洲股票基金AD月配英鎊避險級別,yfinance,股票型,亞洲地區,A0018 聯博投信,聯博(盧森堡
B03624,2014-05-27,9.966886520385742,英鎊,聯博-亞洲股票基金AD月配英鎊避險級別,yfinance,股票型,亞洲地區,A0018 聯博投信,聯博(盧森堡
B03624,2014-05-28,10.035296440124512,英鎊,聯博-亞洲股票基金AD月配英鎊避險級別,yfinance,股票型,亞洲地區,A0018 聯博投信,聯博(盧森堡
B03624,2014-05-30,9.980571746826172,英鎊,聯博-亞洲股票基金AD月配英鎊避險級別,yfinance,股票型,亞洲地區,A0018 聯博投信,聯博(盧森堡
B03624,2014-06-02,10.028460502624512,英鎊,聯博-亞洲股票基金AD月配英鎊避險級別,yfinance,股票型,亞洲地區,A0018 聯博投信,聯博(盧森堡
B03624,2014-06-03,10.062650680541992,英鎊,聯博-亞洲股票基金AD月配英鎊避險級別,yfinance,股票型,亞洲地區,A0018 聯博投信,聯博(盧森堡
B03624,2014-06-04,10.062650680541992,英鎊,聯博-亞洲股票基金AD月配英鎊避險級別,yfinance,股票型,亞洲地區,A0018 聯博投信,聯博(盧森堡
B03624,2014-06-05,10.124224662780762,英鎊,聯博-亞洲股票基金AD月配英鎊避險級別,yfinance,股票型,亞洲地區,A0018 聯博投信,聯博(盧森堡
B03624,2014-06-06,10.103703498840332,英鎊,聯博-亞洲股票基金AD月配英鎊避險級別,yfinance,股票型,亞洲地區,A0018 聯博投信,聯博(盧森堡
B03624,2014-06-10,10.178954124450684,英鎊,聯博-亞洲股票基金AD月配英鎊避險級別,yfinance,股票型,亞洲地區,A0018 聯博投信,聯博(盧森堡
B03624,2014-06-11,10.117383003234863,英鎊,聯博-亞洲股票基金AD月配英鎊避險級別,yfinance,股票型,亞洲地區,A0018 聯博投信,聯博(盧森堡
B03624,2014-06-12,10.083184242248535,英鎊,聯博-亞洲股票基金AD月配英鎊避險級別,yfinance,股票型,亞洲地區,A0018 聯博投信,聯博(盧森堡
B03624,2014-06-13,10.083184242248535,英鎊,聯博-亞洲股票基金AD月配英鎊避險級別,yfinance,股票型,亞洲地區,A0018 聯博投信,聯博(盧森堡
B03624,2014-06-16,10.069499015808105,英鎊,聯博-亞洲股票基金AD月配英鎊避險級別,yfinance,股票型,亞洲地區,A0018 聯博投信,聯博(盧森堡
B03624,2014-06-17,10.096858024597168,英鎊,聯博-亞洲股票基金AD月配英鎊避險級別,yfinance,股票型,亞洲地區,A0018 聯博投信,聯博(盧森堡
B03624,2014-06-18,10.076334953308105,英鎊,聯博-亞洲股票基金AD月配英鎊避險級別,yfinance,股票型,亞洲地區,A0018 聯博投信,聯博(盧森堡
B03624,2014-06-19,10.096858024597168,英鎊,聯博-亞洲股票基金AD月配英鎊避險級別,yfinance,股票型,亞洲地區,A0018 聯博投信,聯博(盧森堡
B03624,2014-06-20,10.028460502624512,英鎊,聯博-亞洲股票基金AD月配英鎊避險級別,yfinance,股票型,亞洲地區,A0018 聯博投信,聯博(盧森堡
B03624,2014-06-24,9.980571746826172,英鎊,聯博-亞洲股票基金AD月配英鎊避險級別,yfinance,股票型,亞洲地區,A0018 聯博投信,聯博(盧森堡
B03624,2014-06-25,10.028460502624512,英鎊,聯博-亞洲股票基金AD月配英鎊避險級別,yfinance,股票型,亞洲地區,A0018 聯博投信,聯博(盧森堡
B03624,2014-06-26,10.096858024597168,英鎊,聯博-亞洲股票基金AD月配英鎊避險級別,yfinance,股票型,亞洲地區,A0018 聯博投信,聯博(盧森堡
B03624,2014-06-27,10.124224662780762,英鎊,聯博-亞洲股票基金AD月配英鎊避險級別,yfinance,股票型,亞洲地區,A0018 聯博投信,聯博(盧森堡
B03624,2014-06-30,10.18316650390625,英鎊,聯博-亞洲股票基金AD月配英鎊避險級別,yfinance,股票型,亞洲地區,A0018 聯博投信,聯博(盧森堡
B03624,2014-07-01,10.231208801269531,英鎊,聯博-亞洲股票基金AD月配英鎊避險級別,yfinance,股票型,亞洲地區,A0018 聯博投信,聯博(盧森堡
B03624,2014-07-02,10.347858428955078,英鎊,聯博-亞洲股票基金AD月配英鎊避險級別,yfinance,股票型,亞洲地區,A0018 聯博投信,聯博(盧森堡
B03624,2014-07-03,10.437061309814453,英鎊,聯博-亞洲股票基金AD月配英鎊避險級別,yfinance,股票型,亞洲地區,A0018 聯博投信,聯博(盧森堡
B03624,2014-07-07,10.402753829956055,英鎊,聯博-亞洲股票基金AD月配英鎊避險級別,yfinance,股票型,亞洲地區,A0018 聯博投信,聯博(盧森堡
B03624,2014-07-08,10.3753080368042,英鎊,聯博-亞洲股票基金AD月配英鎊避險級別,yfinance,股票型,亞洲地區,A0018 聯博投信,聯博(盧森堡
B03624,2014-07-09,10.320405006408691,英鎊,聯博-亞洲股票基金AD月配英鎊避險級別,yfinance,股票型,亞洲地區,A0018 聯博投信,聯博(盧森堡
B03624,2014-07-10,10.340995788574219,英鎊,聯博-亞洲股票基金AD月配英鎊避險級別,yfinance,股票型,亞洲地區,A0018 聯博投信,聯博(盧森堡
B03624,2014-07-11,10.251792907714844,英鎊,聯博-亞洲股票基金AD月配英鎊避險級別,yfinance,股票型,亞洲地區,A0018 聯博投信,聯博(盧森堡
B03624,2014-07-14,10.279234886169434,英鎊,聯博-亞洲股票基金AD月配英鎊避險級別,yfinance,股票型,亞洲地區,A0018 聯博投信,聯博(盧森堡
B03624,2014-07-15,10.340995788574219,英鎊,聯博-亞洲股票基金AD月配英鎊避險級別,yfinance,股票型,亞洲地區,A0018 聯博投信,聯博(盧森堡
B03624,2014-07-16,10.382171630859375,英鎊,聯博-亞洲股票基金AD月配英鎊避險級別,yfinance,股票型,亞洲地區,A0018 聯博投信,聯博(盧森堡
B03624,2014-07-17,10.299822807312012,英鎊,聯博-亞洲股票基金AD月配英鎊避險級別,yfinance,股票型,亞洲地區,A0018 聯博投信,聯博(盧森堡
B03624,2014-07-18,10.389028549194336,英鎊,聯博-亞洲股票基金AD月配英鎊避險級別,yfinance,股票型,亞洲地區,A0018 聯博投信,聯博(盧森堡
B03624,2014-07-21,10.354724884033203,英鎊,聯博-亞洲股票基金AD月配英鎊避險級別,yfinance,股票型,亞洲地區,A0018 聯博投信,聯博(盧森堡
B03624,2014-07-22,10.48509693145752,英鎊,聯博-亞洲股票基金AD月配英鎊避險級別,yfinance,股票型,亞洲地區,A0018 聯博投信,聯博(盧森堡
B03624,2014-07-23,10.53313159942627,英鎊,聯博-亞洲股票基金AD月配英鎊避險級別,yfinance,股票型,亞洲地區,A0018 聯博投信,聯博(盧森堡
B03624,2014-07-24,10.539992332458496,英鎊,聯博-亞洲股票基金AD月配英鎊避險級別,yfinance,股票型,亞洲地區,A0018 聯博投信,聯博(盧森堡
B03624,2014-07-25,10.498819351196289,英鎊,聯博-亞洲股票基金AD月配英鎊避險級別,yfinance,股票型,亞洲地區,A0018 聯博投信,聯博(盧森堡
B03624,2014-07-28,10.52626895904541,英鎊,聯博-亞洲股票基金AD月配英鎊避險級別,yfinance,股票型,亞洲地區,A0018 聯博投信,聯博(盧森堡
B03624,2014-07-29,10.53313159942627,英鎊,聯博-亞洲股票基金AD月配英鎊避險級別,yfinance,股票型,亞洲地區,A0018 聯博投信,聯博(盧森堡
B03624,2014-07-30,10.629197120666504,英鎊,聯博-亞洲股票基金AD月配英鎊避險級別,yfinance,股票型,亞洲地區,A0018 聯博投信,聯博(盧森堡
B03624,2014-07-31,10.502901077270508,英鎊,聯博-亞洲股票基金AD月配英鎊避險級別,yfinance,股票型,亞洲地區,A0018 聯博投信,聯博(盧森堡
B03624,2014-08-01,10.482254028320312,英鎊,聯博-亞洲股票基金AD月配英鎊避險級別,yfinance,股票型,亞洲地區,A0018 聯博投信,聯博(盧森堡
B03624,2014-08-04,10.599263191223145,英鎊,聯博-亞洲股票基金AD月配英鎊避險級別,yfinance,股票型,亞洲地區,A0018 聯博投信,聯博(盧森堡
B03624,2014-08-05,10.482254028320312,英鎊,聯博-亞洲股票基金AD月配英鎊避險級別,yfinance,股票型,亞洲地區,A0018 聯博投信,聯博(盧森堡
B03624,2014-08-06,10.434073448181152,英鎊,聯博-亞洲股票基金AD月配英鎊避險級別,yfinance,股票型,亞洲地區,A0018 聯博投信,聯博(盧森堡
B03624,2014-08-07,10.317070960998535,英鎊,聯博-亞洲股票基金AD月配英鎊避險級別,yfinance,股票型,亞洲地區,A0018 聯博投信,聯博(盧森堡
B03624,2014-08-08,10.351485252380371,英鎊,聯博-亞洲股票基金AD月配英鎊避險級別,yfinance,股票型,亞洲地區,A0018 聯博投信,聯博(盧森堡
B03624,2014-08-11,10.44783878326416,英鎊,聯博-亞洲股票基金AD月配英鎊避險級別,yfinance,股票型,亞洲地區,A0018 聯博投信,聯博(盧森堡
B03624,2014-08-12,10.468488693237305,英鎊,聯博-亞洲股票基金AD月配英鎊避險級別,yfinance,股票型,亞洲地區,A0018 聯博投信,聯博(盧森堡
B03624,2014-08-13,10.585494995117188,英鎊,聯博-亞洲股票基金AD月配英鎊避險級別,yfinance,股票型,亞洲地區,A0018 聯博投信,聯博(盧森堡
B03624,2014-08-14,10.606139183044434,英鎊,聯博-亞洲股票基金AD月配英鎊避險級別,yfinance,股票型,亞洲地區,A0018 聯博投信,聯博(盧森堡
B03624,2014-08-18,10.613022804260254,英鎊,聯博-亞洲股票基金AD月配英鎊避險級別,yfinance,股票型,亞洲地區,A0018 聯博投信,聯博(盧森堡
B03624,2014-08-19,10.695616722106934,英鎊,聯博-亞洲股票基金AD月配英鎊避險級別,yfinance,股票型,亞洲地區,A0018 聯博投信,聯博(盧森堡
B03624,2014-08-20,10.702502250671387,英鎊,聯博-亞洲股票基金AD月配英鎊避險級別,yfinance,股票型,亞洲地區,A0018 聯博投信,聯博(盧森堡
B03624,2014-08-21,10.606139183044434,英鎊,聯博-亞洲股票基金AD月配英鎊避險級別,yfinance,股票型,亞洲地區,A0018 聯博投信,聯博(盧森堡
B03624,2014-08-22,10.681853294372559,英鎊,聯博-亞洲股票基金AD月配英鎊避險級別,yfinance,股票型,亞洲地區,A0018 聯博投信,聯博(盧森堡
B03624,2014-08-26,10.716262817382812,英鎊,聯博-亞洲股票基金AD月配英鎊避險級別,yfinance,股票型,亞洲地區,A0018 聯博投信,聯博(盧森堡
B03624,2014-08-27,10.73691177368164,英鎊,聯博-亞洲股票基金AD月配英鎊避險級別,yfinance,股票型,亞洲地區,A0018 聯博投信,聯博(盧森堡
B03624,2014-08-28,10.661201477050781,英鎊,聯博-亞洲股票基金AD月配英鎊避險級別,yfinance,股票型,亞洲地區,A0018 聯博投信,聯博(盧森堡
B03624,2014-08-29,10.67949104309082,英鎊,聯博-亞洲股票基金AD月配英鎊避險級別,yfinance,股票型,亞洲地區,A0018 聯博投信,聯博(盧森堡
B03624,2014-09-02,10.672598838806152,英鎊,聯博-亞洲股票基金AD月配英鎊避險級別,yfinance,股票型,亞洲地區,A0018 聯博投信,聯博(盧森堡
B03624,2014-09-03,10.78304672241211,英鎊,聯博-亞洲股票基金AD月配英鎊避險級別,yfinance,股票型,亞洲地區,A0018 聯博投信,聯博(盧森堡
B03624,2014-09-04,10.824468612670898,英鎊,聯博-亞洲股票基金AD月配英鎊避險級別,yfinance,股票型,亞洲地區,A0018 聯博投信,聯博(盧森堡
B03624,2014-09-05,10.817564010620117,英鎊,聯博-亞洲股票基金AD月配英鎊避險級別,yfinance,股票型,亞洲地區,A0018 聯博投信,聯博(盧森堡
B03624,2014-09-08,10.817564010620117,英鎊,聯博-亞洲股票基金AD月配英鎊避險級別,yfinance,股票型,亞洲地區,A0018 聯博投信,聯博(盧森堡
B03624,2014-09-09,10.762335777282715,英鎊,聯博-亞洲股票基金AD月配英鎊避險級別,yfinance,股票型,亞洲地區,A0018 聯博投信,聯博(盧森堡
B03624,2014-09-10,10.714010238647461,英鎊,聯博-亞洲股票基金AD月配英鎊避險級別,yfinance,股票型,亞洲地區,A0018 聯博投信,聯博(盧森堡
B03624,2014-09-11,10.665693283081055,英鎊,聯博-亞洲股票基金AD月配英鎊避險級別,yfinance,股票型,亞洲地區,A0018 聯博投信,聯博(盧森堡
B03624,2014-09-12,10.644975662231445,英鎊,聯博-亞洲股票基金AD月配英鎊避險級別,yfinance,股票型,亞洲地區,A0018 聯博投信,聯博(盧森堡
B03624,2014-09-15,10.527621269226074,英鎊,聯博-亞洲股票基金AD月配英鎊避險級別,yfinance,股票型,亞洲地區,A0018 聯博投信,聯博(盧森堡
B03624,2014-09-16,10.451684951782227,英鎊,聯博-亞洲股票基金AD月配英鎊避險級別,yfinance,股票型,亞洲地區,A0018 聯博投信,聯博(盧森堡
B03624,2014-09-17,10.506912231445312,英鎊,聯博-亞洲股票基金AD月配英鎊避險級別,yfinance,股票型,亞洲地區,A0018 聯博投信,聯博(盧森堡
B03624,2014-09-18,10.444778442382812,英鎊,聯博-亞洲股票基金AD月配英鎊避險級別,yfinance,股票型,亞洲地區,A0018 聯博投信,聯博(盧森堡
B03624,2014-09-19,10.410264015197754,英鎊,聯博-亞洲股票基金AD月配英鎊避險級別,yfinance,股票型,亞洲地區,A0018 聯博投信,聯博(盧森堡
B03624,2014-09-22,10.32052230834961,英鎊,聯博-亞洲股票基金AD月配英鎊避險級別,yfinance,股票型,亞洲地區,A0018 聯博投信,聯博(盧森堡
B03624,2014-09-23,10.251482963562012,英鎊,聯博-亞洲股票基金AD月配英鎊避險級別,yfinance,股票型,亞洲地區,A0018 聯博投信,聯博(盧森堡
B03624,2014-09-24,10.348136901855469,英鎊,聯博-亞洲股票基金AD月配英鎊避險級別,yfinance,股票型,亞洲地區,A0018 聯博投信,聯博(盧森堡
B03624,2014-09-25,10.141037940979004,英鎊,聯博-亞洲股票基金AD月配英鎊避險級別,yfinance,股票型,亞洲地區,A0018 聯博投信,聯博(盧森堡
B03624,2014-09-26,10.210066795349121,英鎊,聯博-亞洲股票基金AD月配英鎊避險級別,yfinance,股票型,亞洲地區,A0018 聯博投信,聯博(盧森堡
B03624,2014-09-29,10.051294326782227,英鎊,聯博-亞洲股票基金AD月配英鎊避險級別,yfinance,股票型,亞洲地區,A0018 聯博投信,聯博(盧森堡
B03624,2014-09-30,9.965764045715332,英鎊,聯博-亞洲股票基金AD月配英鎊避險級別,yfinance,股票型,亞洲地區,A0018 聯博投信,聯博(盧森堡
B03624,2014-10-01,9.875727653503418,英鎊,聯博-亞洲股票基金AD月配英鎊避險級別,yfinance,股票型,亞洲地區,A0018 聯博投信,聯博(盧森堡
B03624,2014-10-02,9.882651329040527,英鎊,聯博-亞洲股票基金AD月配英鎊避險級別,yfinance,股票型,亞洲地區,A0018 聯博投信,聯博(盧森堡
B03624,2014-10-03,10.076570510864258,英鎊,聯博-亞洲股票基金AD月配英鎊避險級別,yfinance,股票型,亞洲地區,A0018 聯博投信,聯博(盧森堡
B03624,2014-10-06,10.028090476989746,英鎊,聯博-亞洲股票基金AD月配英鎊避險級別,yfinance,股票型,亞洲地區,A0018 聯博投信,聯博(盧森堡
B03624,2014-10-07,9.986536026000977,英鎊,聯博-亞洲股票基金AD月配英鎊避險級別,yfinance,股票型,亞洲地區,A0018 聯博投信,聯博(盧森堡
B03624,2014-10-08,10.062714576721191,英鎊,聯博-亞洲股票基金AD月配英鎊避險級別,yfinance,股票型,亞洲地區,A0018 聯博投信,聯博(盧森堡
B03624,2014-10-09,9.986536026000977,英鎊,聯博-亞洲股票基金AD月配英鎊避險級別,yfinance,股票型,亞洲地區,A0018 聯博投信,聯博(盧森堡
B03624,2014-10-10,9.861876487731934,英鎊,聯博-亞洲股票基金AD月配英鎊避險級別,yfinance,股票型,亞洲地區,A0018 聯博投信,聯博(盧森堡
B03624,2014-10-13,9.792622566223145,英鎊,聯博-亞洲股票基金AD月配英鎊避險級別,yfinance,股票型,亞洲地區,A0018 聯博投信,聯博(盧森堡
B03624,2014-10-14,9.861876487731934,英鎊,聯博-亞洲股票基金AD月配英鎊避險級別,yfinance,股票型,亞洲地區,A0018 聯博投信,聯博(盧森堡
B03624,2014-10-15,9.792622566223145,英鎊,聯博-亞洲股票基金AD月配英鎊避險級別,yfinance,股票型,亞洲地區,A0018 聯博投信,聯博(盧森堡
B03624,2014-10-16,9.7579984664917,英鎊,聯博-亞洲股票基金AD月配英鎊避險級別,yfinance,股票型,亞洲地區,A0018 聯博投信,聯博(盧森堡
B03624,2014-10-17,9.785699844360352,英鎊,聯博-亞洲股票基金AD月配英鎊避險級別,yfinance,股票型,亞洲地區,A0018 聯博投信,聯博(盧森堡
B03624,2014-10-20,9.875727653503418,英鎊,聯博-亞洲股票基金AD月配英鎊避險級別,yfinance,股票型,亞洲地區,A0018 聯博投信,聯博(盧森堡
B03624,2014-10-21,9.951910972595215,英鎊,聯博-亞洲股票基金AD月配英鎊避險級別,yfinance,股票型,亞洲地區,A0018 聯博投信,聯博(盧森堡
B03624,2014-10-22,9.917282104492188,英鎊,聯博-亞洲股票基金AD月配英鎊避險級別,yfinance,股票型,亞洲地區,A0018 聯博投信,聯博(盧森堡
B03624,2014-10-23,9.958839416503906,英鎊,聯博-亞洲股票基金AD月配英鎊避險級別,yfinance,股票型,亞洲地區,A0018 聯博投信,聯博(盧森堡
B03624,2014-10-24,9.944985389709473,英鎊,聯博-亞洲股票基金AD月配英鎊避險級別,yfinance,股票型,亞洲地區,A0018 聯博投信,聯博(盧森堡
B03624,2014-10-27,9.861876487731934,英鎊,聯博-亞洲股票基金AD月配英鎊避險級別,yfinance,股票型,亞洲地區,A0018 聯博投信,聯博(盧森堡
B03624,2014-10-28,10.014241218566895,英鎊,聯博-亞洲股票基金AD月配英鎊避險級別,yfinance,股票型,亞洲地區,A0018 聯博投信,聯博(盧森堡
B03624,2014-10-29,10.118121147155762,英鎊,聯博-亞洲股票基金AD月配英鎊避險級別,yfinance,股票型,亞洲地區,A0018 聯博投信,聯博(盧森堡
B03624,2014-10-30,10.097347259521484,英鎊,聯博-亞洲股票基金AD月配英鎊避險級別,yfinance,股票型,亞洲地區,A0018 聯博投信,聯博(盧森堡
B03624,2014-10-31,10.157447814941406,英鎊,聯博-亞洲股票基金AD月配英鎊避險級別,yfinance,股票型,亞洲地區,A0018 聯博投信,聯博(盧森堡
B03624,2014-11-03,10.108810424804688,英鎊,聯博-亞洲股票基金AD月配英鎊避險級別,yfinance,股票型,亞洲地區,A0018 聯博投信,聯博(盧森堡
B03624,2014-11-04,10.101865768432617,英鎊,聯博-亞洲股票基金AD月配英鎊避險級別,yfinance,股票型,亞洲地區,A0018 聯博投信,聯博(盧森堡
B03624,2014-11-05,10.03933048248291,英鎊,聯博-亞洲股票基金AD月配英鎊避險級別,yfinance,股票型,亞洲地區,A0018 聯博投信,聯博(盧森堡
B03624,2014-11-06,10.03933048248291,英鎊,聯博-亞洲股票基金AD月配英鎊避險級別,yfinance,股票型,亞洲地區,A0018 聯博投信,聯博(盧森堡
B03624,2014-11-07,9.990703582763672,英鎊,聯博-亞洲股票基金AD月配英鎊避險級別,yfinance,股票型,亞洲地區,A0018 聯博投信,聯博(盧森堡
B03624,2014-11-10,10.108810424804688,英鎊,聯博-亞洲股票基金AD月配英鎊避險級別,yfinance,股票型,亞洲地區,A0018 聯博投信,聯博(盧森堡
B03624,2014-11-11,10.074066162109375,英鎊,聯博-亞洲股票基金AD月配英鎊避險級別,yfinance,股票型,亞洲地區,A0018 聯博投信,聯博(盧森堡
B03624,2014-11-12,10.053226470947266,英鎊,聯博-亞洲股票基金AD月配英鎊避險級別,yfinance,股票型,亞洲地區,A0018 聯博投信,聯博(盧森堡
B03624,2014-11-13,10.046281814575195,英鎊,聯博-亞洲股票基金AD月配英鎊避險級別,yfinance,股票型,亞洲地區,A0018 聯博投信,聯博(盧森堡
B03624,2014-11-14,10.060175895690918,英鎊,聯博-亞洲股票基金AD月配英鎊避險級別,yfinance,股票型,亞洲地區,A0018 聯博投信,聯博(盧森堡
B03624,2014-11-17,10.025437355041504,英鎊,聯博-亞洲股票基金AD月配英鎊避險級別,yfinance,股票型,亞洲地區,A0018 聯博投信,聯博(盧森堡
B03624,2014-11-18,9.997651100158691,英鎊,聯博-亞洲股票基金AD月配英鎊避險級別,yfinance,股票型,亞洲地區,A0018 聯博投信,聯博(盧森堡
B03624,2014-11-19,9.921226501464844,英鎊,聯博-亞洲股票基金AD月配英鎊避險級別,yfinance,股票型,亞洲地區,A0018 聯博投信,聯博(盧森堡
B03624,2014-11-20,9.921226501464844,英鎊,聯博-亞洲股票基金AD月配英鎊避險級別,yfinance,股票型,亞洲地區,A0018 聯博投信,聯博(盧森堡
B03624,2014-11-21,9.990703582763672,英鎊,聯博-亞洲股票基金AD月配英鎊避險級別,yfinance,股票型,亞洲地區,A0018 聯博投信,聯博(盧森堡
B03624,2014-11-24,10.157447814941406,英鎊,聯博-亞洲股票基金AD月配英鎊避險級別,yfinance,股票型,亞洲地區,A0018 聯博投信,聯博(盧森堡
B03624,2014-11-25,10.115756034851074,英鎊,聯博-亞洲股票基金AD月配英鎊避險級別,yfinance,股票型,亞洲地區,A0018 聯博投信,聯博(盧森堡
B03624,2014-11-26,10.219977378845215,英鎊,聯博-亞洲股票基金AD月配英鎊避險級別,yfinance,股票型,亞洲地區,A0018 聯博投信,聯博(盧森堡
B03624,2014-11-28,10.171340942382812,英鎊,聯博-亞洲股票基金AD月配英鎊避險級別,yfinance,股票型,亞洲地區,A0018 聯博投信,聯博(盧森堡
B03624,2014-12-01,10.011548042297363,英鎊,聯博-亞洲股票基金AD月配英鎊避險級別,yfinance,股票型,亞洲地區,A0018 聯博投信,聯博(盧森堡
B03624,2014-12-02,10.060175895690918,英鎊,聯博-亞洲股票基金AD月配英鎊避險級別,yfinance,股票型,亞洲地區,A0018 聯博投信,聯博(盧森堡
B03624,2014-12-03,10.067120552062988,英鎊,聯博-亞洲股票基金AD月配英鎊避險級別,yfinance,股票型,亞洲地區,A0018 聯博投信,聯博(盧森堡
B03624,2014-12-04,10.157447814941406,英鎊,聯博-亞洲股票基金AD月配英鎊避險級別,yfinance,股票型,亞洲地區,A0018 聯博投信,聯博(盧森堡
B03624,2014-12-05,10.206079483032227,英鎊,聯博-亞洲股票基金AD月配英鎊避險級別,yfinance,股票型,亞洲地區,A0018 聯博投信,聯博(盧森堡
B03624,2014-12-08,10.136595726013184,英鎊,聯博-亞洲股票基金AD月配英鎊避險級別,yfinance,股票型,亞洲地區,A0018 聯博投信,聯博(盧森堡
B03624,2014-12-09,10.025437355041504,英鎊,聯博-亞洲股票基金AD月配英鎊避險級別,yfinance,股票型,亞洲地區,A0018 聯博投信,聯博(盧森堡
B03624,2014-12-10,9.935115814208984,英鎊,聯博-亞洲股票基金AD月配英鎊避險級別,yfinance,股票型,亞洲地區,A0018 聯博投信,聯博(盧森堡
B03624,2014-12-11,9.900378227233887,英鎊,聯博-亞洲股票基金AD月配英鎊避險級別,yfinance,股票型,亞洲地區,A0018 聯博投信,聯博(盧森堡
B03624,2014-12-12,9.81005859375,英鎊,聯博-亞洲股票基金AD月配英鎊避險級別,yfinance,股票型,亞洲地區,A0018 聯博投信,聯博(盧森堡
B03624,2014-12-15,9.74058723449707,英鎊,聯博-亞洲股票基金AD月配英鎊避險級別,yfinance,股票型,亞洲地區,A0018 聯博投信,聯博(盧森堡
B03624,2014-12-16,9.65721607208252,英鎊,聯博-亞洲股票基金AD月配英鎊避險級別,yfinance,股票型,亞洲地區,A0018 聯博投信,聯博(盧森堡
B03624,2014-12-17,9.684999465942383,英鎊,聯博-亞洲股票基金AD月配英鎊避險級別,yfinance,股票型,亞洲地區,A0018 聯博投信,聯博(盧森堡
B03624,2014-12-18,9.782268524169922,英鎊,聯博-亞洲股票基金AD月配英鎊避險級別,yfinance,股票型,亞洲地區,A0018 聯博投信,聯博(盧森堡
B03624,2014-12-19,9.775324821472168,英鎊,聯博-亞洲股票基金AD月配英鎊避險級別,yfinance,股票型,亞洲地區,A0018 聯博投信,聯博(盧森堡
B03624,2014-12-22,9.879536628723145,英鎊,聯博-亞洲股票基金AD月配英鎊避險級別,yfinance,股票型,亞洲地區,A0018 聯博投信,聯博(盧森堡
B03624,2014-12-23,9.817009925842285,英鎊,聯博-亞洲股票基金AD月配英鎊避險級別,yfinance,股票型,亞洲地區,A0018 聯博投信,聯博(盧森堡
B03624,2014-12-24,9.817009925842285,英鎊,聯博-亞洲股票基金AD月配英鎊避險級別,yfinance,股票型,亞洲地區,A0018 聯博投信,聯博(盧森堡
B03624,2014-12-29,9.91427230834961,英鎊,聯博-亞洲股票基金AD月配英鎊避險級別,yfinance,股票型,亞洲地區,A0018 聯博投信,聯博(盧森堡
B03624,2014-12-30,9.858686447143555,英鎊,聯博-亞洲股票基金AD月配英鎊避險級別,yfinance,股票型,亞洲地區,A0018 聯博投信,聯博(盧森堡
B03624,2014-12-31,9.898077964782715,英鎊,聯博-亞洲股票基金AD月配英鎊避險級別,yfinance,股票型,亞洲地區,A0018 聯博投信,聯博(盧森堡
B03622,2014-05-19,5.492259979248047,英鎊,聯博-全球非投資等級債券基金AA(穩定月配)英鎊避險級別,yfinance,債券型,全球市場,A0018 聯博投信,聯博(盧森堡
B03622,2014-05-20,5.492259979248047,英鎊,聯博-全球非投資等級債券基金AA(穩定月配)英鎊避險級別,yfinance,債券型,全球市場,A0018 聯博投信,聯博(盧森堡
B03622,2014-05-21,5.492259979248047,英鎊,聯博-全球非投資等級債券基金AA(穩定月配)英鎊避險級別,yfinance,債券型,全球市場,A0018 聯博投信,聯博(盧森堡
B03622,2014-05-22,5.492259979248047,英鎊,聯博-全球非投資等級債券基金AA(穩定月配)英鎊避險級別,yfinance,債券型,全球市場,A0018 聯博投信,聯博(盧森堡
B03622,2014-05-23,5.492259979248047,英鎊,聯博-全球非投資等級債券基金AA(穩定月配)英鎊避險級別,yfinance,債券型,全球市場,A0018 聯博投信,聯博(盧森堡
B03622,2014-05-27,5.495922088623047,英鎊,聯博-全球非投資等級債券基金AA(穩定月配)英鎊避險級別,yfinance,債券型,全球市場,A0018 聯博投信,聯博(盧森堡
B03622,2014-05-28,5.5032453536987305,英鎊,聯博-全球非投資等級債券基金AA(穩定月配)英鎊避險級別,yfinance,債券型,全球市場,A0018 聯博投信,聯博(盧森堡
B03622,2014-05-30,5.495922088623047,英鎊,聯博-全球非投資等級債券基金AA(穩定月配)英鎊避險級別,yfinance,債券型,全球市場,A0018 聯博投信,聯博(盧森堡
B03622,2014-06-02,5.492259979248047,英鎊,聯博-全球非投資等級債券基金AA(穩定月配)英鎊避險級別,yfinance,債券型,全球市場,A0018 聯博投信,聯博(盧森堡
B03622,2014-06-03,5.488597869873047,英鎊,聯博-全球非投資等級債券基金AA(穩定月配)英鎊避險級別,yfinance,債券型,全球市場,A0018 聯博投信,聯博(盧森堡
B03622,2014-06-04,5.488597869873047,英鎊,聯博-全球非投資等級債券基金AA(穩定月配)英鎊避險級別,yfinance,債券型,全球市場,A0018 聯博投信,聯博(盧森堡
B03622,2014-06-05,5.495922088623047,英鎊,聯博-全球非投資等級債券基金AA(穩定月配)英鎊避險級別,yfinance,債券型,全球市場,A0018 聯博投信,聯博(盧森堡
B03622,2014-06-06,5.510568141937256,英鎊,聯博-全球非投資等級債券基金AA(穩定月配)英鎊避險級別,yfinance,債券型,全球市場,A0018 聯博投信,聯博(盧森堡
B03622,2014-06-10,5.517889499664307,英鎊,聯博-全球非投資等級債券基金AA(穩定月配)英鎊避險級別,yfinance,債券型,全球市場,A0018 聯博投信,聯博(盧森堡
B03622,2014-06-11,5.514228343963623,英鎊,聯博-全球非投資等級債券基金AA(穩定月配)英鎊避險級別,yfinance,債券型,全球市場,A0018 聯博投信,聯博(盧森堡
B03622,2014-06-12,5.514228343963623,英鎊,聯博-全球非投資等級債券基金AA(穩定月配)英鎊避險級別,yfinance,債券型,全球市場,A0018 聯博投信,聯博(盧森堡
B03622,2014-06-13,5.517889499664307,英鎊,聯博-全球非投資等級債券基金AA(穩定月配)英鎊避險級別,yfinance,債券型,全球市場,A0018 聯博投信,聯博(盧森堡
B03622,2014-06-16,5.514228343963623,英鎊,聯博-全球非投資等級債券基金AA(穩定月配)英鎊避險級別,yfinance,債券型,全球市場,A0018 聯博投信,聯博(盧森堡
B03622,2014-06-17,5.510568141937256,英鎊,聯博-全球非投資等級債券基金AA(穩定月配)英鎊避險級別,yfinance,債券型,全球市場,A0018 聯博投信,聯博(盧森堡
B03622,2014-06-18,5.517889499664307,英鎊,聯博-全球非投資等級債券基金AA(穩定月配)英鎊避險級別,yfinance,債券型,全球市場,A0018 聯博投信,聯博(盧森堡
B03622,2014-06-19,5.525213718414307,英鎊,聯博-全球非投資等級債券基金AA(穩定月配)英鎊避險級別,yfinance,債券型,全球市場,A0018 聯博投信,聯博(盧森堡
B03622,2014-06-20,5.532535552978516,英鎊,聯博-全球非投資等級債券基金AA(穩定月配)英鎊避險級別,yfinance,債券型,全球市場,A0018 聯博投信,聯博(盧森堡
B03622,2014-06-24,5.532535552978516,英鎊,聯博-全球非投資等級債券基金AA(穩定月配)英鎊避險級別,yfinance,債券型,全球市場,A0018 聯博投信,聯博(盧森堡
B03622,2014-06-25,5.532535552978516,英鎊,聯博-全球非投資等級債券基金AA(穩定月配)英鎊避險級別,yfinance,債券型,全球市場,A0018 聯博投信,聯博(盧森堡
B03622,2014-06-26,5.532535552978516,英鎊,聯博-全球非投資等級債券基金AA(穩定月配)英鎊避險級別,yfinance,債券型,全球市場,A0018 聯博投信,聯博(盧森堡
B03622,2014-06-27,5.536197662353516,英鎊,聯博-全球非投資等級債券基金AA(穩定月配)英鎊避險級別,yfinance,債券型,全球市場,A0018 聯博投信,聯博(盧森堡
B03622,2014-06-30,5.532733917236328,英鎊,聯博-全球非投資等級債券基金AA(穩定月配)英鎊避險級別,yfinance,債券型,全球市場,A0018 聯博投信,聯博(盧森堡
B03622,2014-07-01,5.532733917236328,英鎊,聯博-全球非投資等級債券基金AA(穩定月配)英鎊避險級別,yfinance,債券型,全球市場,A0018 聯博投信,聯博(盧森堡
B03622,2014-07-02,5.529052734375,英鎊,聯博-全球非投資等級債券基金AA(穩定月配)英鎊避險級別,yfinance,債券型,全球市場,A0018 聯博投信,聯博(盧森堡
B03622,2014-07-03,5.532733917236328,英鎊,聯博-全球非投資等級債券基金AA(穩定月配)英鎊避險級別,yfinance,債券型,全球市場,A0018 聯博投信,聯博(盧森堡
B03622,2014-07-07,5.536418437957764,英鎊,聯博-全球非投資等級債券基金AA(穩定月配)英鎊避險級別,yfinance,債券型,全球市場,A0018 聯博投信,聯博(盧森堡
B03622,2014-07-08,5.540103435516357,英鎊,聯博-全球非投資等級債券基金AA(穩定月配)英鎊避險級別,yfinance,債券型,全球市場,A0018 聯博投信,聯博(盧森堡
B03622,2014-07-09,5.540103435516357,英鎊,聯博-全球非投資等級債券基金AA(穩定月配)英鎊避險級別,yfinance,債券型,全球市場,A0018 聯博投信,聯博(盧森堡
B03622,2014-07-10,5.532733917236328,英鎊,聯博-全球非投資等級債券基金AA(穩定月配)英鎊避險級別,yfinance,債券型,全球市場,A0018 聯博投信,聯博(盧森堡
B03622,2014-07-11,5.536418437957764,英鎊,聯博-全球非投資等級債券基金AA(穩定月配)英鎊避險級別,yfinance,債券型,全球市場,A0018 聯博投信,聯博(盧森堡
B03622,2014-07-14,5.536418437957764,英鎊,聯博-全球非投資等級債券基金AA(穩定月配)英鎊避險級別,yfinance,債券型,全球市場,A0018 聯博投信,聯博(盧森堡
B03622,2014-07-15,5.529052734375,英鎊,聯博-全球非投資等級債券基金AA(穩定月配)英鎊避險級別,yfinance,債券型,全球市場,A0018 聯博投信,聯博(盧森堡
B03622,2014-07-16,5.529052734375,英鎊,聯博-全球非投資等級債券基金AA(穩定月配)英鎊避險級別,yfinance,債券型,全球市場,A0018 聯博投信,聯博(盧森堡
B03622,2014-07-17,5.518004894256592,英鎊,聯博-全球非投資等級債券基金AA(穩定月配)英鎊避險級別,yfinance,債券型,全球市場,A0018 聯博投信,聯博(盧森堡
B03622,2014-07-18,5.518004894256592,英鎊,聯博-全球非投資等級債券基金AA(穩定月配)英鎊避險級別,yfinance,債券型,全球市場,A0018 聯博投信,聯博(盧森堡
B03622,2014-07-21,5.514319896697998,英鎊,聯博-全球非投資等級債券基金AA(穩定月配)英鎊避險級別,yfinance,債券型,全球市場,A0018 聯博投信,聯博(盧森堡
B03622,2014-07-22,5.518004894256592,英鎊,聯博-全球非投資等級債券基金AA(穩定月配)英鎊避險級別,yfinance,債券型,全球市場,A0018 聯博投信,聯博(盧森堡
B03622,2014-07-23,5.525367259979248,英鎊,聯博-全球非投資等級債券基金AA(穩定月配)英鎊避險級別,yfinance,債券型,全球市場,A0018 聯博投信,聯博(盧森堡
B03622,2014-07-24,5.529052734375,英鎊,聯博-全球非投資等級債券基金AA(穩定月配)英鎊避險級別,yfinance,債券型,全球市場,A0018 聯博投信,聯博(盧森堡
B03622,2014-07-25,5.525367259979248,英鎊,聯博-全球非投資等級債券基金AA(穩定月配)英鎊避險級別,yfinance,債券型,全球市場,A0018 聯博投信,聯博(盧森堡
B03622,2014-07-28,5.521685600280762,英鎊,聯博-全球非投資等級債券基金AA(穩定月配)英鎊避險級別,yfinance,債券型,全球市場,A0018 聯博投信,聯博(盧森堡
B03622,2014-07-29,5.518004894256592,英鎊,聯博-全球非投資等級債券基金AA(穩定月配)英鎊避險級別,yfinance,債券型,全球市場,A0018 聯博投信,聯博(盧森堡
B03622,2014-07-30,5.510634422302246,英鎊,聯博-全球非投資等級債券基金AA(穩定月配)英鎊避險級別,yfinance,債券型,全球市場,A0018 聯博投信,聯博(盧森堡
B03622,2014-07-31,5.482390880584717,英鎊,聯博-全球非投資等級債券基金AA(穩定月配)英鎊避險級別,yfinance,債券型,全球市場,A0018 聯博投信,聯博(盧森堡
B03622,2014-08-01,5.463853359222412,英鎊,聯博-全球非投資等級債券基金AA(穩定月配)英鎊避險級別,yfinance,債券型,全球市場,A0018 聯博投信,聯博(盧森堡
B03622,2014-08-04,5.467557907104492,英鎊,聯博-全球非投資等級債券基金AA(穩定月配)英鎊避險級別,yfinance,債券型,全球市場,A0018 聯博投信,聯博(盧森堡
B03622,2014-08-05,5.467557907104492,英鎊,聯博-全球非投資等級債券基金AA(穩定月配)英鎊避險級別,yfinance,債券型,全球市場,A0018 聯博投信,聯博(盧森堡
B03622,2014-08-06,5.46014928817749,英鎊,聯博-全球非投資等級債券基金AA(穩定月配)英鎊避險級別,yfinance,債券型,全球市場,A0018 聯博投信,聯博(盧森堡
B03622,2014-08-07,5.463853359222412,英鎊,聯博-全球非投資等級債券基金AA(穩定月配)英鎊避險級別,yfinance,債券型,全球市場,A0018 聯博投信,聯博(盧森堡
B03622,2014-08-08,5.463853359222412,英鎊,聯博-全球非投資等級債券基金AA(穩定月配)英鎊避險級別,yfinance,債券型,全球市場,A0018 聯博投信,聯博(盧森堡
B03622,2014-08-11,5.482390880584717,英鎊,聯博-全球非投資等級債券基金AA(穩定月配)英鎊避險級別,yfinance,債券型,全球市場,A0018 聯博投信,聯博(盧森堡
B03622,2014-08-12,5.486096382141113,英鎊,聯博-全球非投資等級債券基金AA(穩定月配)英鎊避險級別,yfinance,債券型,全球市場,A0018 聯博投信,聯博(盧森堡
B03622,2014-08-13,5.500918865203857,英鎊,聯博-全球非投資等級債券基金AA(穩定月配)英鎊避險級別,yfinance,債券型,全球市場,A0018 聯博投信,聯博(盧森堡
B03622,2014-08-14,5.512042045593262,英鎊,聯博-全球非投資等級債券基金AA(穩定月配)英鎊避險級別,yfinance,債券型,全球市場,A0018 聯博投信,聯博(盧森堡
B03622,2014-08-18,5.523162841796875,英鎊,聯博-全球非投資等級債券基金AA(穩定月配)英鎊避險級別,yfinance,債券型,全球市場,A0018 聯博投信,聯博(盧森堡
B03622,2014-08-19,5.526866912841797,英鎊,聯博-全球非投資等級債券基金AA(穩定月配)英鎊避險級別,yfinance,債券型,全球市場,A0018 聯博投信,聯博(盧森堡
B03622,2014-08-20,5.526866912841797,英鎊,聯博-全球非投資等級債券基金AA(穩定月配)英鎊避險級別,yfinance,債券型,全球市場,A0018 聯博投信,聯博(盧森堡
B03622,2014-08-21,5.526866912841797,英鎊,聯博-全球非投資等級債券基金AA(穩定月配)英鎊避險級別,yfinance,債券型,全球市場,A0018 聯博投信,聯博(盧森堡
B03622,2014-08-22,5.526866912841797,英鎊,聯博-全球非投資等級債券基金AA(穩定月配)英鎊避險級別,yfinance,債券型,全球市場,A0018 聯博投信,聯博(盧森堡
B03622,2014-08-26,5.534283638000488,英鎊,聯博-全球非投資等級債券基金AA(穩定月配)英鎊避險級別,yfinance,債券型,全球市場,A0018 聯博投信,聯博(盧森堡
B03622,2014-08-27,5.537993431091309,英鎊,聯博-全球非投資等級債券基金AA(穩定月配)英鎊避險級別,yfinance,債券型,全球市場,A0018 聯博投信,聯博(盧森堡
B03622,2014-08-28,5.537993431091309,英鎊,聯博-全球非投資等級債券基金AA(穩定月配)英鎊避險級別,yfinance,債券型,全球市場,A0018 聯博投信,聯博(盧森堡
B03622,2014-08-29,5.539408206939697,英鎊,聯博-全球非投資等級債券基金AA(穩定月配)英鎊避險級別,yfinance,債券型,全球市場,A0018 聯博投信,聯博(盧森堡
B03622,2014-09-02,5.531948089599609,英鎊,聯博-全球非投資等級債券基金AA(穩定月配)英鎊避險級別,yfinance,債券型,全球市場,A0018 聯博投信,聯博(盧森堡
B03622,2014-09-03,5.531948089599609,英鎊,聯博-全球非投資等級債券基金AA(穩定月配)英鎊避險級別,yfinance,債券型,全球市場,A0018 聯博投信,聯博(盧森堡
B03622,2014-09-04,5.528217315673828,英鎊,聯博-全球非投資等級債券基金AA(穩定月配)英鎊避險級別,yfinance,債券型,全球市場,A0018 聯博投信,聯博(盧森堡
B03622,2014-09-05,5.520758628845215,英鎊,聯博-全球非投資等級債券基金AA(穩定月配)英鎊避險級別,yfinance,債券型,全球市場,A0018 聯博投信,聯博(盧森堡
B03622,2014-09-08,5.513294696807861,英鎊,聯博-全球非投資等級債券基金AA(穩定月配)英鎊避險級別,yfinance,債券型,全球市場,A0018 聯博投信,聯博(盧森堡
B03622,2014-09-09,5.505836009979248,英鎊,聯博-全球非投資等級債券基金AA(穩定月配)英鎊避險級別,yfinance,債券型,全球市場,A0018 聯博投信,聯博(盧森堡
B03622,2014-09-10,5.490914821624756,英鎊,聯博-全球非投資等級債券基金AA(穩定月配)英鎊避險級別,yfinance,債券型,全球市場,A0018 聯博投信,聯博(盧森堡
B03622,2014-09-11,5.490914821624756,英鎊,聯博-全球非投資等級債券基金AA(穩定月配)英鎊避險級別,yfinance,債券型,全球市場,A0018 聯博投信,聯博(盧森堡
B03622,2014-09-12,5.483454704284668,英鎊,聯博-全球非投資等級債券基金AA(穩定月配)英鎊避險級別,yfinance,債券型,全球市場,A0018 聯博投信,聯博(盧森堡
B03622,2014-09-15,5.475995063781738,英鎊,聯博-全球非投資等級債券基金AA(穩定月配)英鎊避險級別,yfinance,債券型,全球市場,A0018 聯博投信,聯博(盧森堡
B03622,2014-09-16,5.47226095199585,英鎊,聯博-全球非投資等級債券基金AA(穩定月配)英鎊避險級別,yfinance,債券型,全球市場,A0018 聯博投信,聯博(盧森堡
B03622,2014-09-17,5.475995063781738,英鎊,聯博-全球非投資等級債券基金AA(穩定月配)英鎊避險級別,yfinance,債券型,全球市場,A0018 聯博投信,聯博(盧森堡
B03622,2014-09-18,5.475995063781738,英鎊,聯博-全球非投資等級債券基金AA(穩定月配)英鎊避險級別,yfinance,債券型,全球市場,A0018 聯博投信,聯博(盧森堡
B03622,2014-09-19,5.483454704284668,英鎊,聯博-全球非投資等級債券基金AA(穩定月配)英鎊避險級別,yfinance,債券型,全球市場,A0018 聯博投信,聯博(盧森堡
B03622,2014-09-22,5.479723930358887,英鎊,聯博-全球非投資等級債券基金AA(穩定月配)英鎊避險級別,yfinance,債券型,全球市場,A0018 聯博投信,聯博(盧森堡
B03622,2014-09-23,5.468533515930176,英鎊,聯博-全球非投資等級債券基金AA(穩定月配)英鎊避險級別,yfinance,債券型,全球市場,A0018 聯博投信,聯博(盧森堡
B03622,2014-09-24,5.461074352264404,英鎊,聯博-全球非投資等級債券基金AA(穩定月配)英鎊避險級別,yfinance,債券型,全球市場,A0018 聯博投信,聯博(盧森堡
B03622,2014-09-25,5.4461493492126465,英鎊,聯博-全球非投資等級債券基金AA(穩定月配)英鎊避險級別,yfinance,債券型,全球市場,A0018 聯博投信,聯博(盧森堡
B03622,2014-09-26,5.4312286376953125,英鎊,聯博-全球非投資等級債券基金AA(穩定月配)英鎊避險級別,yfinance,債券型,全球市場,A0018 聯博投信,聯博(盧森堡
B03622,2014-09-29,5.412581443786621,英鎊,聯博-全球非投資等級債券基金AA(穩定月配)英鎊避險級別,yfinance,債券型,全球市場,A0018 聯博投信,聯博(盧森堡
B03622,2014-09-30,5.421513080596924,英鎊,聯博-全球非投資等級債券基金AA(穩定月配)英鎊避險級別,yfinance,債券型,全球市場,A0018 聯博投信,聯博(盧森堡
B03622,2014-10-01,5.425270080566406,英鎊,聯博-全球非投資等級債券基金AA(穩定月配)英鎊避險級別,yfinance,債券型,全球市場,A0018 聯博投信,聯博(盧森堡
B03622,2014-10-02,5.425270080566406,英鎊,聯博-全球非投資等級債券基金AA(穩定月配)英鎊避險級別,yfinance,債券型,全球市場,A0018 聯博投信,聯博(盧森堡
B03622,2014-10-03,5.432781219482422,英鎊,聯博-全球非投資等級債券基金AA(穩定月配)英鎊避險級別,yfinance,債券型,全球市場,A0018 聯博投信,聯博(盧森堡
B03622,2014-10-06,5.444040775299072,英鎊,聯博-全球非投資等級債券基金AA(穩定月配)英鎊避險級別,yfinance,債券型,全球市場,A0018 聯博投信,聯博(盧森堡
B03622,2014-10-07,5.444040775299072,英鎊,聯博-全球非投資等級債券基金AA(穩定月配)英鎊避險級別,yfinance,債券型,全球市場,A0018 聯博投信,聯博(盧森堡
B03622,2014-10-08,5.4402875900268555,英鎊,聯博-全球非投資等級債券基金AA(穩定月配)英鎊避險級別,yfinance,債券型,全球市場,A0018 聯博投信,聯博(盧森堡
B03622,2014-10-09,5.432781219482422,英鎊,聯博-全球非投資等級債券基金AA(穩定月配)英鎊避險級別,yfinance,債券型,全球市場,A0018 聯博投信,聯博(盧森堡
B03622,2014-10-10,5.410250663757324,英鎊,聯博-全球非投資等級債券基金AA(穩定月配)英鎊避險級別,yfinance,債券型,全球市場,A0018 聯博投信,聯博(盧森堡
B03622,2014-10-13,5.410250663757324,英鎊,聯博-全球非投資等級債券基金AA(穩定月配)英鎊避險級別,yfinance,債券型,全球市場,A0018 聯博投信,聯博(盧森堡
B03622,2014-10-14,5.398988246917725,英鎊,聯博-全球非投資等級債券基金AA(穩定月配)英鎊避險級別,yfinance,債券型,全球市場,A0018 聯博投信,聯博(盧森堡
B03622,2014-10-15,5.372706890106201,英鎊,聯博-全球非投資等級債券基金AA(穩定月配)英鎊避險級別,yfinance,債券型,全球市場,A0018 聯博投信,聯博(盧森堡
B03622,2014-10-16,5.368951320648193,英鎊,聯博-全球非投資等級債券基金AA(穩定月配)英鎊避險級別,yfinance,債券型,全球市場,A0018 聯博投信,聯博(盧森堡
B03622,2014-10-17,5.402742385864258,英鎊,聯博-全球非投資等級債券基金AA(穩定月配)英鎊避險級別,yfinance,債券型,全球市場,A0018 聯博投信,聯博(盧森堡
B03622,2014-10-20,5.410250663757324,英鎊,聯博-全球非投資等級債券基金AA(穩定月配)英鎊避險級別,yfinance,債券型,全球市場,A0018 聯博投信,聯博(盧森堡
B03622,2014-10-21,5.42902135848999,英鎊,聯博-全球非投資等級債券基金AA(穩定月配)英鎊避險級別,yfinance,債券型,全球市場,A0018 聯博投信,聯博(盧森堡
B03622,2014-10-22,5.436532974243164,英鎊,聯博-全球非投資等級債券基金AA(穩定月配)英鎊避險級別,yfinance,債券型,全球市場,A0018 聯博投信,聯博(盧森堡
B03622,2014-10-23,5.4402875900268555,英鎊,聯博-全球非投資等級債券基金AA(穩定月配)英鎊避險級別,yfinance,債券型,全球市場,A0018 聯博投信,聯博(盧森堡
B03622,2014-10-24,5.444040775299072,英鎊,聯博-全球非投資等級債券基金AA(穩定月配)英鎊避險級別,yfinance,債券型,全球市場,A0018 聯博投信,聯博(盧森堡
B03622,2014-10-27,5.444040775299072,英鎊,聯博-全球非投資等級債券基金AA(穩定月配)英鎊避險級別,yfinance,債券型,全球市場,A0018 聯博投信,聯博(盧森堡
B03622,2014-10-28,5.447798252105713,英鎊,聯博-全球非投資等級債券基金AA(穩定月配)英鎊避險級別,yfinance,債券型,全球市場,A0018 聯博投信,聯博(盧森堡
B03622,2014-10-29,5.447798252105713,英鎊,聯博-全球非投資等級債券基金AA(穩定月配)英鎊避險級別,yfinance,債券型,全球市場,A0018 聯博投信,聯博(盧森堡
B03622,2014-10-30,5.447798252105713,英鎊,聯博-全球非投資等級債券基金AA(穩定月配)英鎊避險級別,yfinance,債券型,全球市場,A0018 聯博投信,聯博(盧森堡
B03622,2014-10-31,5.4492340087890625,英鎊,聯博-全球非投資等級債券基金AA(穩定月配)英鎊避險級別,yfinance,債券型,全球市場,A0018 聯博投信,聯博(盧森堡
B03622,2014-11-03,5.4492340087890625,英鎊,聯博-全球非投資等級債券基金AA(穩定月配)英鎊避險級別,yfinance,債券型,全球市場,A0018 聯博投信,聯博(盧森堡
B03622,2014-11-04,5.44167423248291,英鎊,聯博-全球非投資等級債券基金AA(穩定月配)英鎊避險級別,yfinance,債券型,全球市場,A0018 聯博投信,聯博(盧森堡
B03622,2014-11-05,5.437897205352783,英鎊,聯博-全球非投資等級債券基金AA(穩定月配)英鎊避險級別,yfinance,債券型,全球市場,A0018 聯博投信,聯博(盧森堡
B03622,2014-11-06,5.434119701385498,英鎊,聯博-全球非投資等級債券基金AA(穩定月配)英鎊避險級別,yfinance,債券型,全球市場,A0018 聯博投信,聯博(盧森堡
B03622,2014-11-07,5.437897205352783,英鎊,聯博-全球非投資等級債券基金AA(穩定月配)英鎊避險級別,yfinance,債券型,全球市場,A0018 聯博投信,聯博(盧森堡
B03622,2014-11-10,5.437897205352783,英鎊,聯博-全球非投資等級債券基金AA(穩定月配)英鎊避險級別,yfinance,債券型,全球市場,A0018 聯博投信,聯博(盧森堡
B03622,2014-11-11,5.437897205352783,英鎊,聯博-全球非投資等級債券基金AA(穩定月配)英鎊避險級別,yfinance,債券型,全球市場,A0018 聯博投信,聯博(盧森堡
B03622,2014-11-12,5.434119701385498,英鎊,聯博-全球非投資等級債券基金AA(穩定月配)英鎊避險級別,yfinance,債券型,全球市場,A0018 聯博投信,聯博(盧森堡
B03622,2014-11-13,5.4303364753723145,英鎊,聯博-全球非投資等級債券基金AA(穩定月配)英鎊避險級別,yfinance,債券型,全球市場,A0018 聯博投信,聯博(盧森堡
B03622,2014-11-14,5.42655611038208,英鎊,聯博-全球非投資等級債券基金AA(穩定月配)英鎊避險級別,yfinance,債券型,全球市場,A0018 聯博投信,聯博(盧森堡
B03622,2014-11-17,5.41522216796875,英鎊,聯博-全球非投資等級債券基金AA(穩定月配)英鎊避險級別,yfinance,債券型,全球市場,A0018 聯博投信,聯博(盧森堡
B03622,2014-11-18,5.41144323348999,英鎊,聯博-全球非投資等級債券基金AA(穩定月配)英鎊避險級別,yfinance,債券型,全球市場,A0018 聯博投信,聯博(盧森堡
B03622,2014-11-19,5.403885364532471,英鎊,聯博-全球非投資等級債券基金AA(穩定月配)英鎊避險級別,yfinance,債券型,全球市場,A0018 聯博投信,聯博(盧森堡
B03622,2014-11-20,5.396328449249268,英鎊,聯博-全球非投資等級債券基金AA(穩定月配)英鎊避險級別,yfinance,債券型,全球市場,A0018 聯博投信,聯博(盧森堡
B03622,2014-11-21,5.41522216796875,英鎊,聯博-全球非投資等級債券基金AA(穩定月配)英鎊避險級別,yfinance,債券型,全球市場,A0018 聯博投信,聯博(盧森堡
B03622,2014-11-24,5.4189982414245605,英鎊,聯博-全球非投資等級債券基金AA(穩定月配)英鎊避險級別,yfinance,債券型,全球市場,A0018 聯博投信,聯博(盧森堡
B03622,2014-11-25,5.422779560089111,英鎊,聯博-全球非投資等級債券基金AA(穩定月配)英鎊避險級別,yfinance,債券型,全球市場,A0018 聯博投信,聯博(盧森堡
B03622,2014-11-26,5.4303364753723145,英鎊,聯博-全球非投資等級債券基金AA(穩定月配)英鎊避險級別,yfinance,債券型,全球市場,A0018 聯博投信,聯博(盧森堡
B03622,2014-11-28,5.384986877441406,英鎊,聯博-全球非投資等級債券基金AA(穩定月配)英鎊避險級別,yfinance,債券型,全球市場,A0018 聯博投信,聯博(盧森堡
B03622,2014-12-01,5.3585381507873535,英鎊,聯博-全球非投資等級債券基金AA(穩定月配)英鎊避險級別,yfinance,債券型,全球市場,A0018 聯博投信,聯博(盧森堡
B03622,2014-12-02,5.343423366546631,英鎊,聯博-全球非投資等級債券基金AA(穩定月配)英鎊避險級別,yfinance,債券型,全球市場,A0018 聯博投信,聯博(盧森堡
B03622,2014-12-03,5.347201824188232,英鎊,聯博-全球非投資等級債券基金AA(穩定月配)英鎊避險級別,yfinance,債券型,全球市場,A0018 聯博投信,聯博(盧森堡
B03622,2014-12-04,5.347201824188232,英鎊,聯博-全球非投資等級債券基金AA(穩定月配)英鎊避險級別,yfinance,債券型,全球市場,A0018 聯博投信,聯博(盧森堡
B03622,2014-12-05,5.339642524719238,英鎊,聯博-全球非投資等級債券基金AA(穩定月配)英鎊避險級別,yfinance,債券型,全球市場,A0018 聯博投信,聯博(盧森堡
B03622,2014-12-08,5.324529647827148,英鎊,聯博-全球非投資等級債券基金AA(穩定月配)英鎊避險級別,yfinance,債券型,全球市場,A0018 聯博投信,聯博(盧森堡
B03622,2014-12-09,5.301853656768799,英鎊,聯博-全球非投資等級債券基金AA(穩定月配)英鎊避險級別,yfinance,債券型,全球市場,A0018 聯博投信,聯博(盧森堡
B03622,2014-12-10,5.286739826202393,英鎊,聯博-全球非投資等級債券基金AA(穩定月配)英鎊避險級別,yfinance,債券型,全球市場,A0018 聯博投信,聯博(盧森堡
B03622,2014-12-11,5.271621227264404,英鎊,聯博-全球非投資等級債券基金AA(穩定月配)英鎊避險級別,yfinance,債券型,全球市場,A0018 聯博投信,聯博(盧森堡
B03622,2014-12-12,5.24894905090332,英鎊,聯博-全球非投資等級債券基金AA(穩定月配)英鎊避險級別,yfinance,債券型,全球市場,A0018 聯博投信,聯博(盧森堡
B03622,2014-12-15,5.218718528747559,英鎊,聯博-全球非投資等級債券基金AA(穩定月配)英鎊避險級別,yfinance,債券型,全球市場,A0018 聯博投信,聯博(盧森堡
B03622,2014-12-16,5.196044921875,英鎊,聯博-全球非投資等級債券基金AA(穩定月配)英鎊避險級別,yfinance,債券型,全球市場,A0018 聯博投信,聯博(盧森堡
B03622,2014-12-17,5.218718528747559,英鎊,聯博-全球非投資等級債券基金AA(穩定月配)英鎊避險級別,yfinance,債券型,全球市場,A0018 聯博投信,聯博(盧森堡
B03622,2014-12-18,5.260283470153809,英鎊,聯博-全球非投資等級債券基金AA(穩定月配)英鎊避險級別,yfinance,債券型,全球市場,A0018 聯博投信,聯博(盧森堡
B03622,2014-12-19,5.282959461212158,英鎊,聯博-全球非投資等級債券基金AA(穩定月配)英鎊避險級別,yfinance,債券型,全球市場,A0018 聯博投信,聯博(盧森堡
B03622,2014-12-22,5.290516376495361,英鎊,聯博-全球非投資等級債券基金AA(穩定月配)英鎊避險級別,yfinance,債券型,全球市場,A0018 聯博投信,聯博(盧森堡
B03622,2014-12-23,5.290516376495361,英鎊,聯博-全球非投資等級債券基金AA(穩定月配)英鎊避險級別,yfinance,債券型,全球市場,A0018 聯博投信,聯博(盧森堡
B03622,2014-12-24,5.294297218322754,英鎊,聯博-全球非投資等級債券基金AA(穩定月配)英鎊避險級別,yfinance,債券型,全球市場,A0018 聯博投信,聯博(盧森堡
B03622,2014-12-29,5.298074245452881,英鎊,聯博-全球非投資等級債券基金AA(穩定月配)英鎊避險級別,yfinance,債券型,全球市場,A0018 聯博投信,聯博(盧森堡
B03622,2014-12-30,5.301853656768799,英鎊,聯博-全球非投資等級債券基金AA(穩定月配)英鎊避險級別,yfinance,債券型,全球市場,A0018 聯博投信,聯博(盧森堡
B03622,2014-12-31,5.303297996520996,英鎊,聯博-全球非投資等級債券基金AA(穩定月配)英鎊避險級別,yfinance,債券型,全球市場,A0018 聯博投信,聯博(盧森堡
B24082,2014-01-02,18.430435180664062,英鎊,霸菱全球新興市場基金-A類英鎊配息型,yfinance,股票型,全球新興市場,B0149 霸菱投顧,霸菱
B24082,2014-01-03,18.227691650390625,英鎊,霸菱全球新興市場基金-A類英鎊配息型,yfinance,股票型,全球新興市場,B0149 霸菱投顧,霸菱
B24082,2014-01-06,18.14080238342285,英鎊,霸菱全球新興市場基金-A類英鎊配息型,yfinance,股票型,全球新興市場,B0149 霸菱投顧,霸菱
B24082,2014-01-07,18.092529296875,英鎊,霸菱全球新興市場基金-A類英鎊配息型,yfinance,股票型,全球新興市場,B0149 霸菱投顧,霸菱
B24082,2014-01-08,18.160112380981445,英鎊,霸菱全球新興市場基金-A類英鎊配息型,yfinance,股票型,全球新興市場,B0149 霸菱投顧,霸菱
B24082,2014-01-09,17.995981216430664,英鎊,霸菱全球新興市場基金-A類英鎊配息型,yfinance,股票型,全球新興市場,B0149 霸菱投顧,霸菱
B24082,2014-01-10,17.928403854370117,英鎊,霸菱全球新興市場基金-A類英鎊配息型,yfinance,股票型,全球新興市場,B0149 霸菱投顧,霸菱
B24082,2014-01-13,18.131149291992188,英鎊,霸菱全球新興市場基金-A類英鎊配息型,yfinance,股票型,全球新興市場,B0149 霸菱投顧,霸菱
B24082,2014-01-14,18.02495002746582,英鎊,霸菱全球新興市場基金-A類英鎊配息型,yfinance,股票型,全球新興市場,B0149 霸菱投顧,霸菱
B24082,2014-01-15,18.14080238342285,英鎊,霸菱全球新興市場基金-A類英鎊配息型,yfinance,股票型,全球新興市場,B0149 霸菱投顧,霸菱
B24082,2014-01-16,18.25665283203125,英鎊,霸菱全球新興市場基金-A類英鎊配息型,yfinance,股票型,全球新興市場,B0149 霸菱投顧,霸菱
B24082,2014-01-17,18.121492385864258,英鎊,霸菱全球新興市場基金-A類英鎊配息型,yfinance,股票型,全球新興市場,B0149 霸菱投顧,霸菱
B24082,2014-01-20,18.04425811767578,英鎊,霸菱全球新興市場基金-A類英鎊配息型,yfinance,股票型,全球新興市場,B0149 霸菱投顧,霸菱
B24082,2014-01-21,18.063566207885742,英鎊,霸菱全球新興市場基金-A類英鎊配息型,yfinance,股票型,全球新興市場,B0149 霸菱投顧,霸菱
B24082,2014-01-22,17.928403854370117,英鎊,霸菱全球新興市場基金-A類英鎊配息型,yfinance,股票型,全球新興市場,B0149 霸菱投顧,霸菱
B24082,2014-01-23,17.76427459716797,英鎊,霸菱全球新興市場基金-A類英鎊配息型,yfinance,股票型,全球新興市場,B0149 霸菱投顧,霸菱
B24082,2014-01-24,17.397409439086914,英鎊,霸菱全球新興市場基金-A類英鎊配息型,yfinance,股票型,全球新興市場,B0149 霸菱投顧,霸菱
B24082,2014-01-27,17.098115921020508,英鎊,霸菱全球新興市場基金-A類英鎊配息型,yfinance,股票型,全球新興市場,B0149 霸菱投顧,霸菱
B24082,2014-01-28,17.146392822265625,英鎊,霸菱全球新興市場基金-A類英鎊配息型,yfinance,股票型,全球新興市場,B0149 霸菱投顧,霸菱
B24082,2014-01-29,17.26224136352539,英鎊,霸菱全球新興市場基金-A類英鎊配息型,yfinance,股票型,全球新興市場,B0149 霸菱投顧,霸菱
B24082,2014-01-30,17.204313278198242,英鎊,霸菱全球新興市場基金-A類英鎊配息型,yfinance,股票型,全球新興市場,B0149 霸菱投顧,霸菱
B24082,2014-01-31,17.165699005126953,英鎊,霸菱全球新興市場基金-A類英鎊配息型,yfinance,股票型,全球新興市場,B0149 霸菱投顧,霸菱
B24082,2014-02-03,17.320171356201172,英鎊,霸菱全球新興市場基金-A類英鎊配息型,yfinance,股票型,全球新興市場,B0149 霸菱投顧,霸菱
B24082,2014-02-04,16.991914749145508,英鎊,霸菱全球新興市場基金-A類英鎊配息型,yfinance,股票型,全球新興市場,B0149 霸菱投顧,霸菱
B24082,2014-02-05,17.146392822265625,英鎊,霸菱全球新興市場基金-A類英鎊配息型,yfinance,股票型,全球新興市場,B0149 霸菱投顧,霸菱
B24082,2014-02-06,17.194660186767578,英鎊,霸菱全球新興市場基金-A類英鎊配息型,yfinance,股票型,全球新興市場,B0149 霸菱投顧,霸菱
B24082,2014-02-07,17.38775062561035,英鎊,霸菱全球新興市場基金-A類英鎊配息型,yfinance,股票型,全球新興市場,B0149 霸菱投顧,霸菱
B24082,2014-02-10,17.310514450073242,英鎊,霸菱全球新興市場基金-A類英鎊配息型,yfinance,股票型,全球新興市場,B0149 霸菱投顧,霸菱
B24082,2014-02-11,17.378095626831055,英鎊,霸菱全球新興市場基金-A類英鎊配息型,yfinance,股票型,全球新興市場,B0149 霸菱投顧,霸菱
B24082,2014-02-12,17.474641799926758,英鎊,霸菱全球新興市場基金-A類英鎊配息型,yfinance,股票型,全球新興市場,B0149 霸菱投顧,霸菱
B24082,2014-02-13,17.194660186767578,英鎊,霸菱全球新興市場基金-A類英鎊配息型,yfinance,股票型,全球新興市場,B0149 霸菱投顧,霸菱
B24082,2014-02-14,17.27189826965332,英鎊,霸菱全球新興市場基金-A類英鎊配息型,yfinance,股票型,全球新興市場,B0149 霸菱投顧,霸菱
B24082,2014-02-17,17.445676803588867,英鎊,霸菱全球新興市場基金-A類英鎊配息型,yfinance,股票型,全球新興市場,B0149 霸菱投顧,霸菱
B24082,2014-02-18,17.474641799926758,英鎊,霸菱全球新興市場基金-A類英鎊配息型,yfinance,股票型,全球新興市場,B0149 霸菱投顧,霸菱
B24082,2014-02-19,17.426368713378906,英鎊,霸菱全球新興市場基金-A類英鎊配息型,yfinance,股票型,全球新興市場,B0149 霸菱投顧,霸菱
B24082,2014-02-20,17.24293327331543,英鎊,霸菱全球新興市場基金-A類英鎊配息型,yfinance,股票型,全球新興市場,B0149 霸菱投顧,霸菱
B24082,2014-02-21,17.368444442749023,英鎊,霸菱全球新興市場基金-A類英鎊配息型,yfinance,股票型,全球新興市場,B0149 霸菱投顧,霸菱
B24082,2014-02-24,17.378095626831055,英鎊,霸菱全球新興市場基金-A類英鎊配息型,yfinance,股票型,全球新興市場,B0149 霸菱投顧,霸菱
B24082,2014-02-25,17.38775062561035,英鎊,霸菱全球新興市場基金-A類英鎊配息型,yfinance,股票型,全球新興市場,B0149 霸菱投顧,霸菱
B24082,2014-02-26,17.455331802368164,英鎊,霸菱全球新興市場基金-A類英鎊配息型,yfinance,股票型,全球新興市場,B0149 霸菱投顧,霸菱
B24082,2014-02-27,17.53257179260254,英鎊,霸菱全球新興市場基金-A類英鎊配息型,yfinance,股票型,全球新興市場,B0149 霸菱投顧,霸菱
B24082,2014-02-28,17.600149154663086,英鎊,霸菱全球新興市場基金-A類英鎊配息型,yfinance,股票型,全球新興市場,B0149 霸菱投顧,霸菱
B24082,2014-03-03,17.204313278198242,英鎊,霸菱全球新興市場基金-A類英鎊配息型,yfinance,股票型,全球新興市場,B0149 霸菱投顧,霸菱
B24082,2014-03-04,17.300859451293945,英鎊,霸菱全球新興市場基金-A類英鎊配息型,yfinance,股票型,全球新興市場,B0149 霸菱投顧,霸菱
B24082,2014-03-05,17.38775062561035,英鎊,霸菱全球新興市場基金-A類英鎊配息型,yfinance,股票型,全球新興市場,B0149 霸菱投顧,霸菱
B24082,2014-03-06,17.49395179748535,英鎊,霸菱全球新興市場基金-A類英鎊配息型,yfinance,股票型,全球新興市場,B0149 霸菱投顧,霸菱
B24082,2014-03-07,17.53257179260254,英鎊,霸菱全球新興市場基金-A類英鎊配息型,yfinance,股票型,全球新興市場,B0149 霸菱投顧,霸菱
B24082,2014-03-10,17.38775062561035,英鎊,霸菱全球新興市場基金-A類英鎊配息型,yfinance,股票型,全球新興市場,B0149 霸菱投顧,霸菱
B24082,2014-03-11,17.3394775390625,英鎊,霸菱全球新興市場基金-A類英鎊配息型,yfinance,股票型,全球新興市場,B0149 霸菱投顧,霸菱
B24082,2014-03-12,17.146392822265625,英鎊,霸菱全球新興市場基金-A類英鎊配息型,yfinance,股票型,全球新興市場,B0149 霸菱投顧,霸菱
B24082,2014-03-13,17.030534744262695,英鎊,霸菱全球新興市場基金-A類英鎊配息型,yfinance,股票型,全球新興市場,B0149 霸菱投顧,霸菱
B24082,2014-03-14,16.982263565063477,英鎊,霸菱全球新興市場基金-A類英鎊配息型,yfinance,股票型,全球新興市場,B0149 霸菱投顧,霸菱
B24082,2014-03-18,17.107772827148438,英鎊,霸菱全球新興市場基金-A類英鎊配息型,yfinance,股票型,全球新興市場,B0149 霸菱投顧,霸菱
B24082,2014-03-19,17.13673210144043,英鎊,霸菱全球新興市場基金-A類英鎊配息型,yfinance,股票型,全球新興市場,B0149 霸菱投顧,霸菱
B24082,2014-03-20,17.040189743041992,英鎊,霸菱全球新興市場基金-A類英鎊配息型,yfinance,股票型,全球新興市場,B0149 霸菱投顧,霸菱
B24082,2014-03-21,17.13673210144043,英鎊,霸菱全球新興市場基金-A類英鎊配息型,yfinance,股票型,全球新興市場,B0149 霸菱投顧,霸菱
B24082,2014-03-24,17.349132537841797,英鎊,霸菱全球新興市場基金-A類英鎊配息型,yfinance,股票型,全球新興市場,B0149 霸菱投顧,霸菱
B24082,2014-03-25,17.320171356201172,英鎊,霸菱全球新興市場基金-A類英鎊配息型,yfinance,股票型,全球新興市場,B0149 霸菱投顧,霸菱
B24082,2014-03-26,17.51325798034668,英鎊,霸菱全球新興市場基金-A類英鎊配息型,yfinance,股票型,全球新興市場,B0149 霸菱投顧,霸菱
B24082,2014-03-27,17.397409439086914,英鎊,霸菱全球新興市場基金-A類英鎊配息型,yfinance,股票型,全球新興市場,B0149 霸菱投顧,霸菱
B24082,2014-03-28,17.64842414855957,英鎊,霸菱全球新興市場基金-A類英鎊配息型,yfinance,股票型,全球新興市場,B0149 霸菱投顧,霸菱
B24082,2014-03-31,17.72566032409668,英鎊,霸菱全球新興市場基金-A類英鎊配息型,yfinance,股票型,全球新興市場,B0149 霸菱投顧,霸菱
B24082,2014-04-01,17.91874885559082,英鎊,霸菱全球新興市場基金-A類英鎊配息型,yfinance,股票型,全球新興市場,B0149 霸菱投顧,霸菱
B24082,2014-04-02,17.9766788482666,英鎊,霸菱全球新興市場基金-A類英鎊配息型,yfinance,股票型,全球新興市場,B0149 霸菱投顧,霸菱
B24082,2014-04-03,18.02495002746582,英鎊,霸菱全球新興市場基金-A類英鎊配息型,yfinance,股票型,全球新興市場,B0149 霸菱投顧,霸菱
B24082,2014-04-04,17.967023849487305,英鎊,霸菱全球新興市場基金-A類英鎊配息型,yfinance,股票型,全球新興市場,B0149 霸菱投顧,霸菱
B24082,2014-04-07,17.928403854370117,英鎊,霸菱全球新興市場基金-A類英鎊配息型,yfinance,股票型,全球新興市場,B0149 霸菱投顧,霸菱
B24082,2014-04-08,17.928403854370117,英鎊,霸菱全球新興市場基金-A類英鎊配息型,yfinance,股票型,全球新興市場,B0149 霸菱投顧,霸菱
B24082,2014-04-09,18.04425811767578,英鎊,霸菱全球新興市場基金-A類英鎊配息型,yfinance,股票型,全球新興市場,B0149 霸菱投顧,霸菱
B24082,2014-04-10,18.063566207885742,英鎊,霸菱全球新興市場基金-A類英鎊配息型,yfinance,股票型,全球新興市場,B0149 霸菱投顧,霸菱
B24082,2014-04-11,17.91874885559082,英鎊,霸菱全球新興市場基金-A類英鎊配息型,yfinance,股票型,全球新興市場,B0149 霸菱投顧,霸菱
B24082,2014-04-14,17.889785766601562,英鎊,霸菱全球新興市場基金-A類英鎊配息型,yfinance,股票型,全球新興市場,B0149 霸菱投顧,霸菱
B24082,2014-04-15,17.81254768371582,英鎊,霸菱全球新興市場基金-A類英鎊配息型,yfinance,股票型,全球新興市場,B0149 霸菱投顧,霸菱
B24082,2014-04-16,17.658079147338867,英鎊,霸菱全球新興市場基金-A類英鎊配息型,yfinance,股票型,全球新興市場,B0149 霸菱投顧,霸菱
B24082,2014-04-17,17.72566032409668,英鎊,霸菱全球新興市場基金-A類英鎊配息型,yfinance,股票型,全球新興市場,B0149 霸菱投顧,霸菱
B24082,2014-04-22,17.80289649963379,英鎊,霸菱全球新興市場基金-A類英鎊配息型,yfinance,股票型,全球新興市場,B0149 霸菱投顧,霸菱
B24082,2014-04-23,17.76427459716797,英鎊,霸菱全球新興市場基金-A類英鎊配息型,yfinance,股票型,全球新興市場,B0149 霸菱投顧,霸菱
B24082,2014-04-24,17.76427459716797,英鎊,霸菱全球新興市場基金-A類英鎊配息型,yfinance,股票型,全球新興市場,B0149 霸菱投顧,霸菱
B24082,2014-04-25,17.580842971801758,英鎊,霸菱全球新興市場基金-A類英鎊配息型,yfinance,股票型,全球新興市場,B0149 霸菱投顧,霸菱
B24082,2014-04-28,17.474641799926758,英鎊,霸菱全球新興市場基金-A類英鎊配息型,yfinance,股票型,全球新興市場,B0149 霸菱投顧,霸菱
B24082,2014-04-29,17.609806060791016,英鎊,霸菱全球新興市場基金-A類英鎊配息型,yfinance,股票型,全球新興市場,B0149 霸菱投顧,霸菱
B24082,2014-04-30,17.56153106689453,英鎊,霸菱全球新興市場基金-A類英鎊配息型,yfinance,股票型,全球新興市場,B0149 霸菱投顧,霸菱
B24082,2014-05-01,17.475156784057617,英鎊,霸菱全球新興市場基金-A類英鎊配息型,yfinance,股票型,全球新興市場,B0149 霸菱投顧,霸菱
B24082,2014-05-02,17.620702743530273,英鎊,霸菱全球新興市場基金-A類英鎊配息型,yfinance,股票型,全球新興市場,B0149 霸菱投顧,霸菱
B24082,2014-05-06,17.59159278869629,英鎊,霸菱全球新興市場基金-A類英鎊配息型,yfinance,股票型,全球新興市場,B0149 霸菱投顧,霸菱
B24082,2014-05-07,17.562482833862305,英鎊,霸菱全球新興市場基金-A類英鎊配息型,yfinance,股票型,全球新興市場,B0149 霸菱投顧,霸菱
B24082,2014-05-08,17.717731475830078,英鎊,霸菱全球新興市場基金-A類英鎊配息型,yfinance,股票型,全球新興市場,B0149 霸菱投顧,霸菱
B24082,2014-05-09,17.8050594329834,英鎊,霸菱全球新興市場基金-A類英鎊配息型,yfinance,股票型,全球新興市場,B0149 霸菱投顧,霸菱
B24082,2014-05-12,17.892383575439453,英鎊,霸菱全球新興市場基金-A類英鎊配息型,yfinance,股票型,全球新興市場,B0149 霸菱投顧,霸菱
B24082,2014-05-13,18.076744079589844,英鎊,霸菱全球新興市場基金-A類英鎊配息型,yfinance,股票型,全球新興市場,B0149 霸菱投顧,霸菱
B24082,2014-05-14,18.241695404052734,英鎊,霸菱全球新興市場基金-A類英鎊配息型,yfinance,股票型,全球新興市場,B0149 霸菱投顧,霸菱
B24082,2014-05-15,18.309616088867188,英鎊,霸菱全球新興市場基金-A類英鎊配息型,yfinance,股票型,全球新興市場,B0149 霸菱投顧,霸菱
B24082,2014-05-16,18.212587356567383,英鎊,霸菱全球新興市場基金-A類英鎊配息型,yfinance,股票型,全球新興市場,B0149 霸菱投顧,霸菱
B24082,2014-05-19,18.25139808654785,英鎊,霸菱全球新興市場基金-A類英鎊配息型,yfinance,股票型,全球新興市場,B0149 霸菱投顧,霸菱
B24082,2014-05-20,18.202884674072266,英鎊,霸菱全球新興市場基金-A類英鎊配息型,yfinance,股票型,全球新興市場,B0149 霸菱投顧,霸菱
B24082,2014-05-21,18.08644676208496,英鎊,霸菱全球新興市場基金-A類英鎊配息型,yfinance,股票型,全球新興市場,B0149 霸菱投顧,霸菱
B24082,2014-05-22,18.280506134033203,英鎊,霸菱全球新興市場基金-A類英鎊配息型,yfinance,股票型,全球新興市場,B0149 霸菱投顧,霸菱
B24082,2014-05-23,18.416349411010742,英鎊,霸菱全球新興市場基金-A類英鎊配息型,yfinance,股票型,全球新興市場,B0149 霸菱投顧,霸菱
B24082,2014-05-27,18.36783790588379,英鎊,霸菱全球新興市場基金-A類英鎊配息型,yfinance,股票型,全球新興市場,B0149 霸菱投顧,霸菱
B24082,2014-05-28,18.503677368164062,英鎊,霸菱全球新興市場基金-A類英鎊配息型,yfinance,股票型,全球新興市場,B0149 霸菱投顧,霸菱
B24082,2014-05-29,18.542490005493164,英鎊,霸菱全球新興市場基金-A類英鎊配息型,yfinance,股票型,全球新興市場,B0149 霸菱投顧,霸菱
B24082,2014-05-30,18.523082733154297,英鎊,霸菱全球新興市場基金-A類英鎊配息型,yfinance,股票型,全球新興市場,B0149 霸菱投顧,霸菱
B24082,2014-06-03,18.484270095825195,英鎊,霸菱全球新興市場基金-A類英鎊配息型,yfinance,股票型,全球新興市場,B0149 霸菱投顧,霸菱
B24082,2014-06-04,18.455163955688477,英鎊,霸菱全球新興市場基金-A類英鎊配息型,yfinance,股票型,全球新興市場,B0149 霸菱投顧,霸菱
B24082,2014-06-05,18.484270095825195,英鎊,霸菱全球新興市場基金-A類英鎊配息型,yfinance,股票型,全球新興市場,B0149 霸菱投顧,霸菱
B24082,2014-06-06,18.484270095825195,英鎊,霸菱全球新興市場基金-A類英鎊配息型,yfinance,股票型,全球新興市場,B0149 霸菱投顧,霸菱
B24082,2014-06-09,18.658924102783203,英鎊,霸菱全球新興市場基金-A類英鎊配息型,yfinance,股票型,全球新興市場,B0149 霸菱投顧,霸菱
B24082,2014-06-10,18.852985382080078,英鎊,霸菱全球新興市場基金-A類英鎊配息型,yfinance,股票型,全球新興市場,B0149 霸菱投顧,霸菱
B24082,2014-06-11,18.852985382080078,英鎊,霸菱全球新興市場基金-A類英鎊配息型,yfinance,股票型,全球新興市場,B0149 霸菱投顧,霸菱
B24082,2014-06-12,18.785064697265625,英鎊,霸菱全球新興市場基金-A類英鎊配息型,yfinance,股票型,全球新興市場,B0149 霸菱投顧,霸菱
B24082,2014-06-13,18.55219268798828,英鎊,霸菱全球新興市場基金-A類英鎊配息型,yfinance,股票型,全球新興市場,B0149 霸菱投顧,霸菱
B24082,2014-06-16,18.542490005493164,英鎊,霸菱全球新興市場基金-A類英鎊配息型,yfinance,股票型,全球新興市場,B0149 霸菱投顧,霸菱
B24082,2014-06-17,18.523082733154297,英鎊,霸菱全球新興市場基金-A類英鎊配息型,yfinance,股票型,全球新興市場,B0149 霸菱投顧,霸菱
B24082,2014-06-18,18.493974685668945,英鎊,霸菱全球新興市場基金-A類英鎊配息型,yfinance,股票型,全球新興市場,B0149 霸菱投顧,霸菱
B24082,2014-06-19,18.55219268798828,英鎊,霸菱全球新興市場基金-A類英鎊配息型,yfinance,股票型,全球新興市場,B0149 霸菱投顧,霸菱
B24082,2014-06-20,18.455163955688477,英鎊,霸菱全球新興市場基金-A類英鎊配息型,yfinance,股票型,全球新興市場,B0149 霸菱投顧,霸菱
B24082,2014-06-23,18.387239456176758,英鎊,霸菱全球新興市場基金-A類英鎊配息型,yfinance,股票型,全球新興市場,B0149 霸菱投顧,霸菱
B24082,2014-06-24,18.503677368164062,英鎊,霸菱全球新興市場基金-A類英鎊配息型,yfinance,股票型,全球新興市場,B0149 霸菱投顧,霸菱
B24082,2014-06-25,18.426054000854492,英鎊,霸菱全球新興市場基金-A類英鎊配息型,yfinance,股票型,全球新興市場,B0149 霸菱投顧,霸菱
B24082,2014-06-26,18.445457458496094,英鎊,霸菱全球新興市場基金-A類英鎊配息型,yfinance,股票型,全球新興市場,B0149 霸菱投顧,霸菱
B24082,2014-06-27,18.474567413330078,英鎊,霸菱全球新興市場基金-A類英鎊配息型,yfinance,股票型,全球新興市場,B0149 霸菱投顧,霸菱
B24082,2014-06-30,18.503677368164062,英鎊,霸菱全球新興市場基金-A類英鎊配息型,yfinance,股票型,全球新興市場,B0149 霸菱投顧,霸菱
B24082,2014-07-01,18.426054000854492,英鎊,霸菱全球新興市場基金-A類英鎊配息型,yfinance,股票型,全球新興市場,B0149 霸菱投顧,霸菱
B24082,2014-07-02,18.6007080078125,英鎊,霸菱全球新興市場基金-A類英鎊配息型,yfinance,股票型,全球新興市場,B0149 霸菱投顧,霸菱
B24082,2014-07-03,18.668628692626953,英鎊,霸菱全球新興市場基金-A類英鎊配息型,yfinance,股票型,全球新興市場,B0149 霸菱投顧,霸菱
B24082,2014-07-04,18.72684669494629,英鎊,霸菱全球新興市場基金-A類英鎊配息型,yfinance,股票型,全球新興市場,B0149 霸菱投顧,霸菱
B24082,2014-07-07,18.775362014770508,英鎊,霸菱全球新興市場基金-A類英鎊配息型,yfinance,股票型,全球新興市場,B0149 霸菱投顧,霸菱
B24082,2014-07-08,18.76565933227539,英鎊,霸菱全球新興市場基金-A類英鎊配息型,yfinance,股票型,全球新興市場,B0149 霸菱投顧,霸菱
B24082,2014-07-09,18.63951873779297,英鎊,霸菱全球新興市場基金-A類英鎊配息型,yfinance,股票型,全球新興市場,B0149 霸菱投顧,霸菱
B24082,2014-07-10,18.63951873779297,英鎊,霸菱全球新興市場基金-A類英鎊配息型,yfinance,股票型,全球新興市場,B0149 霸菱投顧,霸菱
B24082,2014-07-11,18.571598052978516,英鎊,霸菱全球新興市場基金-A類英鎊配息型,yfinance,股票型,全球新興市場,B0149 霸菱投顧,霸菱
B24082,2014-07-14,18.649221420288086,英鎊,霸菱全球新興市場基金-A類英鎊配息型,yfinance,股票型,全球新興市場,B0149 霸菱投顧,霸菱
B24082,2014-07-15,18.717144012451172,英鎊,霸菱全球新興市場基金-A類英鎊配息型,yfinance,股票型,全球新興市場,B0149 霸菱投顧,霸菱
B24082,2014-07-16,18.736549377441406,英鎊,霸菱全球新興市場基金-A類英鎊配息型,yfinance,股票型,全球新興市場,B0149 霸菱投顧,霸菱
B24082,2014-07-17,18.63951873779297,英鎊,霸菱全球新興市場基金-A類英鎊配息型,yfinance,股票型,全球新興市場,B0149 霸菱投顧,霸菱
B24082,2014-07-18,18.581300735473633,英鎊,霸菱全球新興市場基金-A類英鎊配息型,yfinance,股票型,全球新興市場,B0149 霸菱投顧,霸菱
B24082,2014-07-21,18.67833137512207,英鎊,霸菱全球新興市場基金-A類英鎊配息型,yfinance,股票型,全球新興市場,B0149 霸菱投顧,霸菱
B24082,2014-07-22,18.852985382080078,英鎊,霸菱全球新興市場基金-A類英鎊配息型,yfinance,股票型,全球新興市場,B0149 霸菱投顧,霸菱
B24082,2014-07-23,19.03734588623047,英鎊,霸菱全球新興市場基金-A類英鎊配息型,yfinance,股票型,全球新興市場,B0149 霸菱投顧,霸菱
B24082,2014-07-24,19.095561981201172,英鎊,霸菱全球新興市場基金-A類英鎊配息型,yfinance,股票型,全球新興市場,B0149 霸菱投顧,霸菱
B24082,2014-07-25,19.10526466369629,英鎊,霸菱全球新興市場基金-A類英鎊配息型,yfinance,股票型,全球新興市場,B0149 霸菱投顧,霸菱
B24082,2014-07-28,19.076154708862305,英鎊,霸菱全球新興市場基金-A類英鎊配息型,yfinance,股票型,全球新興市場,B0149 霸菱投顧,霸菱
B24082,2014-07-29,19.124671936035156,英鎊,霸菱全球新興市場基金-A類英鎊配息型,yfinance,股票型,全球新興市場,B0149 霸菱投顧,霸菱
B24082,2014-07-30,19.211997985839844,英鎊,霸菱全球新興市場基金-A類英鎊配息型,yfinance,股票型,全球新興市場,B0149 霸菱投顧,霸菱
B24082,2014-07-31,19.173187255859375,英鎊,霸菱全球新興市場基金-A類英鎊配息型,yfinance,股票型,全球新興市場,B0149 霸菱投顧,霸菱
B24082,2014-08-01,18.920907974243164,英鎊,霸菱全球新興市場基金-A類英鎊配息型,yfinance,股票型,全球新興市場,B0149 霸菱投顧,霸菱
B24082,2014-08-05,19.076154708862305,英鎊,霸菱全球新興市場基金-A類英鎊配息型,yfinance,股票型,全球新興市場,B0149 霸菱投顧,霸菱
B24082,2014-08-06,18.911203384399414,英鎊,霸菱全球新興市場基金-A類英鎊配息型,yfinance,股票型,全球新興市場,B0149 霸菱投顧,霸菱
B24082,2014-08-07,18.852985382080078,英鎊,霸菱全球新興市場基金-A類英鎊配息型,yfinance,股票型,全球新興市場,B0149 霸菱投顧,霸菱
B24082,2014-08-08,18.81417465209961,英鎊,霸菱全球新興市場基金-A類英鎊配息型,yfinance,股票型,全球新興市場,B0149 霸菱投顧,霸菱
B24082,2014-08-11,19.0179386138916,英鎊,霸菱全球新興市場基金-A類英鎊配息型,yfinance,股票型,全球新興市場,B0149 霸菱投顧,霸菱
B24082,2014-08-12,19.13437271118164,英鎊,霸菱全球新興市場基金-A類英鎊配息型,yfinance,股票型,全球新興市場,B0149 霸菱投顧,霸菱
B24082,2014-08-13,19.30902862548828,英鎊,霸菱全球新興市場基金-A類英鎊配息型,yfinance,股票型,全球新興市場,B0149 霸菱投顧,霸菱
B24082,2014-08-14,19.347841262817383,英鎊,霸菱全球新興市場基金-A類英鎊配息型,yfinance,股票型,全球新興市場,B0149 霸菱投顧,霸菱
B24082,2014-08-15,19.367246627807617,英鎊,霸菱全球新興市場基金-A類英鎊配息型,yfinance,股票型,全球新興市場,B0149 霸菱投顧,霸菱
B24082,2014-08-18,19.367246627807617,英鎊,霸菱全球新興市場基金-A類英鎊配息型,yfinance,股票型,全球新興市場,B0149 霸菱投顧,霸菱
B24082,2014-08-19,19.629228591918945,英鎊,霸菱全球新興市場基金-A類英鎊配息型,yfinance,股票型,全球新興市場,B0149 霸菱投顧,霸菱
B24082,2014-08-20,19.668041229248047,英鎊,霸菱全球新興市場基金-A類英鎊配息型,yfinance,股票型,全球新興市場,B0149 霸菱投顧,霸菱
B24082,2014-08-21,19.687448501586914,英鎊,霸菱全球新興市場基金-A類英鎊配息型,yfinance,股票型,全球新興市場,B0149 霸菱投顧,霸菱
B24082,2014-08-22,19.7747745513916,英鎊,霸菱全球新興市場基金-A類英鎊配息型,yfinance,股票型,全球新興市場,B0149 霸菱投顧,霸菱
B24082,2014-08-26,19.842697143554688,英鎊,霸菱全球新興市場基金-A類英鎊配息型,yfinance,股票型,全球新興市場,B0149 霸菱投顧,霸菱
B24082,2014-08-27,19.920318603515625,英鎊,霸菱全球新興市場基金-A類英鎊配息型,yfinance,股票型,全球新興市場,B0149 霸菱投顧,霸菱
B24082,2014-08-28,19.832990646362305,英鎊,霸菱全球新興市場基金-A類英鎊配息型,yfinance,股票型,全球新興市場,B0149 霸菱投顧,霸菱
B24082,2014-08-29,19.765071868896484,英鎊,霸菱全球新興市場基金-A類英鎊配息型,yfinance,股票型,全球新興市場,B0149 霸菱投顧,霸菱
B24082,2014-09-01,19.794178009033203,英鎊,霸菱全球新興市場基金-A類英鎊配息型,yfinance,股票型,全球新興市場,B0149 霸菱投顧,霸菱
B24082,2014-09-02,19.823287963867188,英鎊,霸菱全球新興市場基金-A類英鎊配息型,yfinance,股票型,全球新興市場,B0149 霸菱投顧,霸菱
B24082,2014-09-03,20.162893295288086,英鎊,霸菱全球新興市場基金-A類英鎊配息型,yfinance,股票型,全球新興市場,B0149 霸菱投顧,霸菱
B24082,2014-09-04,20.240520477294922,英鎊,霸菱全球新興市場基金-A類英鎊配息型,yfinance,股票型,全球新興市場,B0149 霸菱投顧,霸菱
B24082,2014-09-05,20.289037704467773,英鎊,霸菱全球新興市場基金-A類英鎊配息型,yfinance,股票型,全球新興市場,B0149 霸菱投顧,霸菱
B24082,2014-09-08,20.60923194885254,英鎊,霸菱全球新興市場基金-A類英鎊配息型,yfinance,股票型,全球新興市場,B0149 霸菱投顧,霸菱
B24082,2014-09-09,20.424875259399414,英鎊,霸菱全球新興市場基金-A類英鎊配息型,yfinance,股票型,全球新興市場,B0149 霸菱投顧,霸菱
B24082,2014-09-10,20.172597885131836,英鎊,霸菱全球新興市場基金-A類英鎊配息型,yfinance,股票型,全球新興市場,B0149 霸菱投顧,霸菱
B24082,2014-09-11,19.891212463378906,英鎊,霸菱全球新興市場基金-A類英鎊配息型,yfinance,股票型,全球新興市場,B0149 霸菱投顧,霸菱
B24082,2014-09-12,19.87180519104004,英鎊,霸菱全球新興市場基金-A類英鎊配息型,yfinance,股票型,全球新興市場,B0149 霸菱投顧,霸菱
B24082,2014-09-15,19.571012496948242,英鎊,霸菱全球新興市場基金-A類英鎊配息型,yfinance,股票型,全球新興市場,B0149 霸菱投顧,霸菱
B24082,2014-09-16,19.522497177124023,英鎊,霸菱全球新興市場基金-A類英鎊配息型,yfinance,股票型,全球新興市場,B0149 霸菱投顧,霸菱
B24082,2014-09-17,19.571012496948242,英鎊,霸菱全球新興市場基金-A類英鎊配息型,yfinance,股票型,全球新興市場,B0149 霸菱投顧,霸菱
B24082,2014-09-18,19.415760040283203,英鎊,霸菱全球新興市場基金-A類英鎊配息型,yfinance,股票型,全球新興市場,B0149 霸菱投顧,霸菱
B24082,2014-09-19,19.367246627807617,英鎊,霸菱全球新興市場基金-A類英鎊配息型,yfinance,股票型,全球新興市場,B0149 霸菱投顧,霸菱
B24082,2014-09-22,19.260515213012695,英鎊,霸菱全球新興市場基金-A類英鎊配息型,yfinance,股票型,全球新興市場,B0149 霸菱投顧,霸菱
B24082,2014-09-23,18.95001792907715,英鎊,霸菱全球新興市場基金-A類英鎊配息型,yfinance,股票型,全球新興市場,B0149 霸菱投顧,霸菱
B24082,2014-09-24,18.96942138671875,英鎊,霸菱全球新興市場基金-A類英鎊配息型,yfinance,股票型,全球新興市場,B0149 霸菱投顧,霸菱
B24082,2014-09-25,19.056747436523438,英鎊,霸菱全球新興市場基金-A類英鎊配息型,yfinance,股票型,全球新興市場,B0149 霸菱投顧,霸菱
B24082,2014-09-26,18.81417465209961,英鎊,霸菱全球新興市場基金-A類英鎊配息型,yfinance,股票型,全球新興市場,B0149 霸菱投顧,霸菱
B24082,2014-09-29,18.872394561767578,英鎊,霸菱全球新興市場基金-A類英鎊配息型,yfinance,股票型,全球新興市場,B0149 霸菱投顧,霸菱
B24082,2014-09-30,18.707443237304688,英鎊,霸菱全球新興市場基金-A類英鎊配息型,yfinance,股票型,全球新興市場,B0149 霸菱投顧,霸菱
B24082,2014-10-01,18.707443237304688,英鎊,霸菱全球新興市場基金-A類英鎊配息型,yfinance,股票型,全球新興市場,B0149 霸菱投顧,霸菱
B24082,2014-10-02,18.571598052978516,英鎊,霸菱全球新興市場基金-A類英鎊配息型,yfinance,股票型,全球新興市場,B0149 霸菱投顧,霸菱
B24082,2014-10-03,18.736549377441406,英鎊,霸菱全球新興市場基金-A類英鎊配息型,yfinance,股票型,全球新興市場,B0149 霸菱投顧,霸菱
B24082,2014-10-06,18.96942138671875,英鎊,霸菱全球新興市場基金-A類英鎊配息型,yfinance,股票型,全球新興市場,B0149 霸菱投顧,霸菱
B24082,2014-10-07,19.03734588623047,英鎊,霸菱全球新興市場基金-A類英鎊配息型,yfinance,股票型,全球新興市場,B0149 霸菱投顧,霸菱
B24082,2014-10-08,18.872394561767578,英鎊,霸菱全球新興市場基金-A類英鎊配息型,yfinance,股票型,全球新興市場,B0149 霸菱投顧,霸菱
B24082,2014-10-09,18.93061065673828,英鎊,霸菱全球新興市場基金-A類英鎊配息型,yfinance,股票型,全球新興市場,B0149 霸菱投顧,霸菱
B24082,2014-10-10,18.823875427246094,英鎊,霸菱全球新興市場基金-A類英鎊配息型,yfinance,股票型,全球新興市場,B0149 霸菱投顧,霸菱
B24082,2014-10-13,18.581300735473633,英鎊,霸菱全球新興市場基金-A類英鎊配息型,yfinance,股票型,全球新興市場,B0149 霸菱投顧,霸菱
B24082,2014-10-14,18.785064697265625,英鎊,霸菱全球新興市場基金-A類英鎊配息型,yfinance,股票型,全球新興市場,B0149 霸菱投顧,霸菱
B24082,2014-10-15,18.891796112060547,英鎊,霸菱全球新興市場基金-A類英鎊配息型,yfinance,股票型,全球新興市場,B0149 霸菱投顧,霸菱
B24082,2014-10-16,18.329023361206055,英鎊,霸菱全球新興市場基金-A類英鎊配息型,yfinance,股票型,全球新興市場,B0149 霸菱投顧,霸菱
B24082,2014-10-17,18.464866638183594,英鎊,霸菱全球新興市場基金-A類英鎊配息型,yfinance,股票型,全球新興市場,B0149 霸菱投顧,霸菱
B24082,2014-10-20,18.571598052978516,英鎊,霸菱全球新興市場基金-A類英鎊配息型,yfinance,股票型,全球新興市場,B0149 霸菱投顧,霸菱
B24082,2014-10-21,18.67833137512207,英鎊,霸菱全球新興市場基金-A類英鎊配息型,yfinance,股票型,全球新興市場,B0149 霸菱投顧,霸菱
B24082,2014-10-22,18.80447006225586,英鎊,霸菱全球新興市場基金-A類英鎊配息型,yfinance,股票型,全球新興市場,B0149 霸菱投顧,霸菱
B24082,2014-10-23,18.775362014770508,英鎊,霸菱全球新興市場基金-A類英鎊配息型,yfinance,股票型,全球新興市場,B0149 霸菱投顧,霸菱
B24082,2014-10-24,18.658924102783203,英鎊,霸菱全球新興市場基金-A類英鎊配息型,yfinance,股票型,全球新興市場,B0149 霸菱投顧,霸菱
B24082,2014-10-28,18.823875427246094,英鎊,霸菱全球新興市場基金-A類英鎊配息型,yfinance,股票型,全球新興市場,B0149 霸菱投顧,霸菱
B24082,2014-10-29,19.153779983520508,英鎊,霸菱全球新興市場基金-A類英鎊配息型,yfinance,股票型,全球新興市場,B0149 霸菱投顧,霸菱
B24082,2014-10-30,19.211997985839844,英鎊,霸菱全球新興市場基金-A類英鎊配息型,yfinance,股票型,全球新興市場,B0149 霸菱投顧,霸菱
B24082,2014-10-31,19.454574584960938,英鎊,霸菱全球新興市場基金-A類英鎊配息型,yfinance,股票型,全球新興市場,B0149 霸菱投顧,霸菱
B24082,2014-11-03,19.43516731262207,英鎊,霸菱全球新興市場基金-A類英鎊配息型,yfinance,股票型,全球新興市場,B0149 霸菱投顧,霸菱
B24082,2014-11-04,19.338138580322266,英鎊,霸菱全球新興市場基金-A類英鎊配息型,yfinance,股票型,全球新興市場,B0149 霸菱投顧,霸菱
B24082,2014-11-05,19.3963565826416,英鎊,霸菱全球新興市場基金-A類英鎊配息型,yfinance,股票型,全球新興市場,B0149 霸菱投顧,霸菱
B24082,2014-11-06,19.211997985839844,英鎊,霸菱全球新興市場基金-A類英鎊配息型,yfinance,股票型,全球新興市場,B0149 霸菱投顧,霸菱
B24082,2014-11-07,19.085859298706055,英鎊,霸菱全球新興市場基金-A類英鎊配息型,yfinance,股票型,全球新興市場,B0149 霸菱投顧,霸菱
B24082,2014-11-10,19.153779983520508,英鎊,霸菱全球新興市場基金-A類英鎊配息型,yfinance,股票型,全球新興市場,B0149 霸菱投顧,霸菱
B24082,2014-11-11,19.202295303344727,英鎊,霸菱全球新興市場基金-A類英鎊配息型,yfinance,股票型,全球新興市場,B0149 霸菱投顧,霸菱
B24082,2014-11-12,19.211997985839844,英鎊,霸菱全球新興市場基金-A類英鎊配息型,yfinance,股票型,全球新興市場,B0149 霸菱投顧,霸菱
B24082,2014-11-13,19.3963565826416,英鎊,霸菱全球新興市場基金-A類英鎊配息型,yfinance,股票型,全球新興市場,B0149 霸菱投顧,霸菱
B24082,2014-11-14,19.415760040283203,英鎊,霸菱全球新興市場基金-A類英鎊配息型,yfinance,股票型,全球新興市場,B0149 霸菱投顧,霸菱
B24082,2014-11-17,19.3575439453125,英鎊,霸菱全球新興市場基金-A類英鎊配息型,yfinance,股票型,全球新興市場,B0149 霸菱投顧,霸菱
B24082,2014-11-18,19.250812530517578,英鎊,霸菱全球新興市場基金-A類英鎊配息型,yfinance,股票型,全球新興市場,B0149 霸菱投顧,霸菱
B24082,2014-11-19,19.231403350830078,英鎊,霸菱全球新興市場基金-A類英鎊配息型,yfinance,股票型,全球新興市場,B0149 霸菱投顧,霸菱
B24082,2014-11-20,19.241107940673828,英鎊,霸菱全球新興市場基金-A類英鎊配息型,yfinance,股票型,全球新興市場,B0149 霸菱投顧,霸菱
B24082,2014-11-21,19.425466537475586,英鎊,霸菱全球新興市場基金-A類英鎊配息型,yfinance,股票型,全球新興市場,B0149 霸菱投顧,霸菱
B24082,2014-11-24,19.832990646362305,英鎊,霸菱全球新興市場基金-A類英鎊配息型,yfinance,股票型,全球新興市場,B0149 霸菱投顧,霸菱
B24082,2014-11-25,19.765071868896484,英鎊,霸菱全球新興市場基金-A類英鎊配息型,yfinance,股票型,全球新興市場,B0149 霸菱投顧,霸菱
B24082,2014-11-26,19.716554641723633,英鎊,霸菱全球新興市場基金-A類英鎊配息型,yfinance,股票型,全球新興市場,B0149 霸菱投顧,霸菱
B24082,2014-11-27,19.784475326538086,英鎊,霸菱全球新興市場基金-A類英鎊配息型,yfinance,股票型,全球新興市場,B0149 霸菱投顧,霸菱
B24082,2014-11-28,19.7747745513916,英鎊,霸菱全球新興市場基金-A類英鎊配息型,yfinance,股票型,全球新興市場,B0149 霸菱投顧,霸菱
B24082,2014-12-01,19.473979949951172,英鎊,霸菱全球新興市場基金-A類英鎊配息型,yfinance,股票型,全球新興市場,B0149 霸菱投顧,霸菱
B24082,2014-12-02,19.425466537475586,英鎊,霸菱全球新興市場基金-A類英鎊配息型,yfinance,股票型,全球新興市場,B0149 霸菱投顧,霸菱
B24082,2014-12-03,19.43516731262207,英鎊,霸菱全球新興市場基金-A類英鎊配息型,yfinance,股票型,全球新興市場,B0149 霸菱投顧,霸菱
B24082,2014-12-04,19.532197952270508,英鎊,霸菱全球新興市場基金-A類英鎊配息型,yfinance,股票型,全球新興市場,B0149 霸菱投顧,霸菱
B24082,2014-12-05,19.43516731262207,英鎊,霸菱全球新興市場基金-A類英鎊配息型,yfinance,股票型,全球新興市場,B0149 霸菱投顧,霸菱
B24082,2014-12-08,19.425466537475586,英鎊,霸菱全球新興市場基金-A類英鎊配息型,yfinance,股票型,全球新興市場,B0149 霸菱投顧,霸菱
B24082,2014-12-09,19.10526466369629,英鎊,霸菱全球新興市場基金-A類英鎊配息型,yfinance,股票型,全球新興市場,B0149 霸菱投顧,霸菱
B24082,2014-12-10,18.988826751708984,英鎊,霸菱全球新興市場基金-A類英鎊配息型,yfinance,股票型,全球新興市場,B0149 霸菱投顧,霸菱
B24082,2014-12-11,18.843284606933594,英鎊,霸菱全球新興市場基金-A類英鎊配息型,yfinance,股票型,全球新興市場,B0149 霸菱投顧,霸菱
B24082,2014-12-12,18.697736740112305,英鎊,霸菱全球新興市場基金-A類英鎊配息型,yfinance,股票型,全球新興市場,B0149 霸菱投顧,霸菱
B24082,2014-12-15,18.474567413330078,英鎊,霸菱全球新興市場基金-A類英鎊配息型,yfinance,股票型,全球新興市場,B0149 霸菱投顧,霸菱
B24082,2014-12-16,18.076744079589844,英鎊,霸菱全球新興市場基金-A類英鎊配息型,yfinance,股票型,全球新興市場,B0149 霸菱投顧,霸菱
B24082,2014-12-17,17.931198120117188,英鎊,霸菱全球新興市場基金-A類英鎊配息型,yfinance,股票型,全球新興市場,B0149 霸菱投顧,霸菱
B24082,2014-12-18,18.620115280151367,英鎊,霸菱全球新興市場基金-A類英鎊配息型,yfinance,股票型,全球新興市場,B0149 霸菱投顧,霸菱
B24082,2014-12-19,18.775362014770508,英鎊,霸菱全球新興市場基金-A類英鎊配息型,yfinance,股票型,全球新興市場,B0149 霸菱投顧,霸菱
B24082,2014-12-22,18.9791259765625,英鎊,霸菱全球新興市場基金-A類英鎊配息型,yfinance,股票型,全球新興市場,B0149 霸菱投顧,霸菱
B24082,2014-12-23,19.0179386138916,英鎊,霸菱全球新興市場基金-A類英鎊配息型,yfinance,股票型,全球新興市場,B0149 霸菱投顧,霸菱
B24082,2014-12-24,18.9403133392334,英鎊,霸菱全球新興市場基金-A類英鎊配息型,yfinance,股票型,全球新興市場,B0149 霸菱投顧,霸菱
B24082,2014-12-30,19.163480758666992,英鎊,霸菱全球新興市場基金-A類英鎊配息型,yfinance,股票型,全球新興市場,B0149 霸菱投顧,霸菱
B24082,2014-12-31,19.10526466369629,英鎊,霸菱全球新興市場基金-A類英鎊配息型,yfinance,股票型,全球新興市場,B0149 霸菱投顧,霸菱
B27036,2014-01-02,8.551639556884766,英鎊,晉達環球策略基金 - 英鎊貨幣基金 A 收益股份,yfinance,貨幣市場,英國,A0032 野村投信,晉達
B27036,2014-01-03,8.551553726196289,英鎊,晉達環球策略基金 - 英鎊貨幣基金 A 收益股份,yfinance,貨幣市場,英國,A0032 野村投信,晉達
B27036,2014-01-06,8.551468849182129,英鎊,晉達環球策略基金 - 英鎊貨幣基金 A 收益股份,yfinance,貨幣市場,英國,A0032 野村投信,晉達
B27036,2014-01-07,8.551468849182129,英鎊,晉達環球策略基金 - 英鎊貨幣基金 A 收益股份,yfinance,貨幣市場,英國,A0032 野村投信,晉達
B27036,2014-01-08,8.551553726196289,英鎊,晉達環球策略基金 - 英鎊貨幣基金 A 收益股份,yfinance,貨幣市場,英國,A0032 野村投信,晉達
B27036,2014-01-09,8.551468849182129,英鎊,晉達環球策略基金 - 英鎊貨幣基金 A 收益股份,yfinance,貨幣市場,英國,A0032 野村投信,晉達
B27036,2014-01-10,8.551383018493652,英鎊,晉達環球策略基金 - 英鎊貨幣基金 A 收益股份,yfinance,貨幣市場,英國,A0032 野村投信,晉達
B27036,2014-01-13,8.551553726196289,英鎊,晉達環球策略基金 - 英鎊貨幣基金 A 收益股份,yfinance,貨幣市場,英國,A0032 野村投信,晉達
B27036,2014-01-14,8.551553726196289,英鎊,晉達環球策略基金 - 英鎊貨幣基金 A 收益股份,yfinance,貨幣市場,英國,A0032 野村投信,晉達
B27036,2014-01-15,8.551553726196289,英鎊,晉達環球策略基金 - 英鎊貨幣基金 A 收益股份,yfinance,貨幣市場,英國,A0032 野村投信,晉達
B27036,2014-01-16,8.551639556884766,英鎊,晉達環球策略基金 - 英鎊貨幣基金 A 收益股份,yfinance,貨幣市場,英國,A0032 野村投信,晉達
B27036,2014-01-17,8.551639556884766,英鎊,晉達環球策略基金 - 英鎊貨幣基金 A 收益股份,yfinance,貨幣市場,英國,A0032 野村投信,晉達
B27036,2014-01-20,8.551639556884766,英鎊,晉達環球策略基金 - 英鎊貨幣基金 A 收益股份,yfinance,貨幣市場,英國,A0032 野村投信,晉達
B27036,2014-01-21,8.551639556884766,英鎊,晉達環球策略基金 - 英鎊貨幣基金 A 收益股份,yfinance,貨幣市場,英國,A0032 野村投信,晉達
B27036,2014-01-22,8.551639556884766,英鎊,晉達環球策略基金 - 英鎊貨幣基金 A 收益股份,yfinance,貨幣市場,英國,A0032 野村投信,晉達
B27036,2014-01-23,8.551639556884766,英鎊,晉達環球策略基金 - 英鎊貨幣基金 A 收益股份,yfinance,貨幣市場,英國,A0032 野村投信,晉達
B27036,2014-01-24,8.551639556884766,英鎊,晉達環球策略基金 - 英鎊貨幣基金 A 收益股份,yfinance,貨幣市場,英國,A0032 野村投信,晉達
B27036,2014-01-27,8.551639556884766,英鎊,晉達環球策略基金 - 英鎊貨幣基金 A 收益股份,yfinance,貨幣市場,英國,A0032 野村投信,晉達
B27036,2014-01-28,8.551639556884766,英鎊,晉達環球策略基金 - 英鎊貨幣基金 A 收益股份,yfinance,貨幣市場,英國,A0032 野村投信,晉達
B27036,2014-01-29,8.551724433898926,英鎊,晉達環球策略基金 - 英鎊貨幣基金 A 收益股份,yfinance,貨幣市場,英國,A0032 野村投信,晉達
B27036,2014-01-30,8.551724433898926,英鎊,晉達環球策略基金 - 英鎊貨幣基金 A 收益股份,yfinance,貨幣市場,英國,A0032 野村投信,晉達
B27036,2014-01-31,8.551724433898926,英鎊,晉達環球策略基金 - 英鎊貨幣基金 A 收益股份,yfinance,貨幣市場,英國,A0032 野村投信,晉達
B27036,2014-02-03,8.551724433898926,英鎊,晉達環球策略基金 - 英鎊貨幣基金 A 收益股份,yfinance,貨幣市場,英國,A0032 野村投信,晉達
B27036,2014-02-04,8.551724433898926,英鎊,晉達環球策略基金 - 英鎊貨幣基金 A 收益股份,yfinance,貨幣市場,英國,A0032 野村投信,晉達
B27036,2014-02-05,8.551724433898926,英鎊,晉達環球策略基金 - 英鎊貨幣基金 A 收益股份,yfinance,貨幣市場,英國,A0032 野村投信,晉達
B27036,2014-02-06,8.551811218261719,英鎊,晉達環球策略基金 - 英鎊貨幣基金 A 收益股份,yfinance,貨幣市場,英國,A0032 野村投信,晉達
B27036,2014-02-07,8.551811218261719,英鎊,晉達環球策略基金 - 英鎊貨幣基金 A 收益股份,yfinance,貨幣市場,英國,A0032 野村投信,晉達
B27036,2014-02-10,8.551811218261719,英鎊,晉達環球策略基金 - 英鎊貨幣基金 A 收益股份,yfinance,貨幣市場,英國,A0032 野村投信,晉達
B27036,2014-02-11,8.551896095275879,英鎊,晉達環球策略基金 - 英鎊貨幣基金 A 收益股份,yfinance,貨幣市場,英國,A0032 野村投信,晉達
B27036,2014-02-12,8.551896095275879,英鎊,晉達環球策略基金 - 英鎊貨幣基金 A 收益股份,yfinance,貨幣市場,英國,A0032 野村投信,晉達
B27036,2014-02-13,8.551896095275879,英鎊,晉達環球策略基金 - 英鎊貨幣基金 A 收益股份,yfinance,貨幣市場,英國,A0032 野村投信,晉達
B27036,2014-02-14,8.551896095275879,英鎊,晉達環球策略基金 - 英鎊貨幣基金 A 收益股份,yfinance,貨幣市場,英國,A0032 野村投信,晉達
B27036,2014-02-17,8.551896095275879,英鎊,晉達環球策略基金 - 英鎊貨幣基金 A 收益股份,yfinance,貨幣市場,英國,A0032 野村投信,晉達
B27036,2014-02-18,8.551982879638672,英鎊,晉達環球策略基金 - 英鎊貨幣基金 A 收益股份,yfinance,貨幣市場,英國,A0032 野村投信,晉達
B27036,2014-02-19,8.551982879638672,英鎊,晉達環球策略基金 - 英鎊貨幣基金 A 收益股份,yfinance,貨幣市場,英國,A0032 野村投信,晉達
B27036,2014-02-20,8.551982879638672,英鎊,晉達環球策略基金 - 英鎊貨幣基金 A 收益股份,yfinance,貨幣市場,英國,A0032 野村投信,晉達
B27036,2014-02-21,8.551982879638672,英鎊,晉達環球策略基金 - 英鎊貨幣基金 A 收益股份,yfinance,貨幣市場,英國,A0032 野村投信,晉達
B27036,2014-02-24,8.552068710327148,英鎊,晉達環球策略基金 - 英鎊貨幣基金 A 收益股份,yfinance,貨幣市場,英國,A0032 野村投信,晉達
B27036,2014-02-25,8.552068710327148,英鎊,晉達環球策略基金 - 英鎊貨幣基金 A 收益股份,yfinance,貨幣市場,英國,A0032 野村投信,晉達
B27036,2014-02-26,8.552068710327148,英鎊,晉達環球策略基金 - 英鎊貨幣基金 A 收益股份,yfinance,貨幣市場,英國,A0032 野村投信,晉達
B27036,2014-02-27,8.552068710327148,英鎊,晉達環球策略基金 - 英鎊貨幣基金 A 收益股份,yfinance,貨幣市場,英國,A0032 野村投信,晉達
B27036,2014-02-28,8.552068710327148,英鎊,晉達環球策略基金 - 英鎊貨幣基金 A 收益股份,yfinance,貨幣市場,英國,A0032 野村投信,晉達
B27036,2014-03-03,8.552068710327148,英鎊,晉達環球策略基金 - 英鎊貨幣基金 A 收益股份,yfinance,貨幣市場,英國,A0032 野村投信,晉達
B27036,2014-03-04,8.552153587341309,英鎊,晉達環球策略基金 - 英鎊貨幣基金 A 收益股份,yfinance,貨幣市場,英國,A0032 野村投信,晉達
B27036,2014-03-05,8.552153587341309,英鎊,晉達環球策略基金 - 英鎊貨幣基金 A 收益股份,yfinance,貨幣市場,英國,A0032 野村投信,晉達
B27036,2014-03-06,8.552153587341309,英鎊,晉達環球策略基金 - 英鎊貨幣基金 A 收益股份,yfinance,貨幣市場,英國,A0032 野村投信,晉達
B27036,2014-03-07,8.552153587341309,英鎊,晉達環球策略基金 - 英鎊貨幣基金 A 收益股份,yfinance,貨幣市場,英國,A0032 野村投信,晉達
B27036,2014-03-10,8.552239418029785,英鎊,晉達環球策略基金 - 英鎊貨幣基金 A 收益股份,yfinance,貨幣市場,英國,A0032 野村投信,晉達
B27036,2014-03-11,8.552239418029785,英鎊,晉達環球策略基金 - 英鎊貨幣基金 A 收益股份,yfinance,貨幣市場,英國,A0032 野村投信,晉達
B27036,2014-03-12,8.552239418029785,英鎊,晉達環球策略基金 - 英鎊貨幣基金 A 收益股份,yfinance,貨幣市場,英國,A0032 野村投信,晉達
B27036,2014-03-13,8.552239418029785,英鎊,晉達環球策略基金 - 英鎊貨幣基金 A 收益股份,yfinance,貨幣市場,英國,A0032 野村投信,晉達
B27036,2014-03-14,8.552239418029785,英鎊,晉達環球策略基金 - 英鎊貨幣基金 A 收益股份,yfinance,貨幣市場,英國,A0032 野村投信,晉達
B27036,2014-03-17,8.552325248718262,英鎊,晉達環球策略基金 - 英鎊貨幣基金 A 收益股份,yfinance,貨幣市場,英國,A0032 野村投信,晉達
B27036,2014-03-18,8.552325248718262,英鎊,晉達環球策略基金 - 英鎊貨幣基金 A 收益股份,yfinance,貨幣市場,英國,A0032 野村投信,晉達
B27036,2014-03-19,8.552325248718262,英鎊,晉達環球策略基金 - 英鎊貨幣基金 A 收益股份,yfinance,貨幣市場,英國,A0032 野村投信,晉達
B27036,2014-03-20,8.552411079406738,英鎊,晉達環球策略基金 - 英鎊貨幣基金 A 收益股份,yfinance,貨幣市場,英國,A0032 野村投信,晉達
B27036,2014-03-21,8.552411079406738,英鎊,晉達環球策略基金 - 英鎊貨幣基金 A 收益股份,yfinance,貨幣市場,英國,A0032 野村投信,晉達
B27036,2014-03-24,8.552411079406738,英鎊,晉達環球策略基金 - 英鎊貨幣基金 A 收益股份,yfinance,貨幣市場,英國,A0032 野村投信,晉達
B27036,2014-03-25,8.552496910095215,英鎊,晉達環球策略基金 - 英鎊貨幣基金 A 收益股份,yfinance,貨幣市場,英國,A0032 野村投信,晉達
B27036,2014-03-26,8.552496910095215,英鎊,晉達環球策略基金 - 英鎊貨幣基金 A 收益股份,yfinance,貨幣市場,英國,A0032 野村投信,晉達
B27036,2014-03-27,8.552496910095215,英鎊,晉達環球策略基金 - 英鎊貨幣基金 A 收益股份,yfinance,貨幣市場,英國,A0032 野村投信,晉達
B27036,2014-03-28,8.552496910095215,英鎊,晉達環球策略基金 - 英鎊貨幣基金 A 收益股份,yfinance,貨幣市場,英國,A0032 野村投信,晉達
B27036,2014-03-31,8.552583694458008,英鎊,晉達環球策略基金 - 英鎊貨幣基金 A 收益股份,yfinance,貨幣市場,英國,A0032 野村投信,晉達
B27036,2014-04-01,8.552583694458008,英鎊,晉達環球策略基金 - 英鎊貨幣基金 A 收益股份,yfinance,貨幣市場,英國,A0032 野村投信,晉達
B27036,2014-04-02,8.552496910095215,英鎊,晉達環球策略基金 - 英鎊貨幣基金 A 收益股份,yfinance,貨幣市場,英國,A0032 野村投信,晉達
B27036,2014-04-03,8.552583694458008,英鎊,晉達環球策略基金 - 英鎊貨幣基金 A 收益股份,yfinance,貨幣市場,英國,A0032 野村投信,晉達
B27036,2014-04-04,8.552583694458008,英鎊,晉達環球策略基金 - 英鎊貨幣基金 A 收益股份,yfinance,貨幣市場,英國,A0032 野村投信,晉達
B27036,2014-04-07,8.552583694458008,英鎊,晉達環球策略基金 - 英鎊貨幣基金 A 收益股份,yfinance,貨幣市場,英國,A0032 野村投信,晉達
B27036,2014-04-08,8.552838325500488,英鎊,晉達環球策略基金 - 英鎊貨幣基金 A 收益股份,yfinance,貨幣市場,英國,A0032 野村投信,晉達
B27036,2014-04-09,8.550610542297363,英鎊,晉達環球策略基金 - 英鎊貨幣基金 A 收益股份,yfinance,貨幣市場,英國,A0032 野村投信,晉達
B27036,2014-04-10,8.550610542297363,英鎊,晉達環球策略基金 - 英鎊貨幣基金 A 收益股份,yfinance,貨幣市場,英國,A0032 野村投信,晉達
B27036,2014-04-11,8.550694465637207,英鎊,晉達環球策略基金 - 英鎊貨幣基金 A 收益股份,yfinance,貨幣市場,英國,A0032 野村投信,晉達
B27036,2014-04-14,8.550610542297363,英鎊,晉達環球策略基金 - 英鎊貨幣基金 A 收益股份,yfinance,貨幣市場,英國,A0032 野村投信,晉達
B27036,2014-04-15,8.550780296325684,英鎊,晉達環球策略基金 - 英鎊貨幣基金 A 收益股份,yfinance,貨幣市場,英國,A0032 野村投信,晉達
B27036,2014-04-16,8.550867080688477,英鎊,晉達環球策略基金 - 英鎊貨幣基金 A 收益股份,yfinance,貨幣市場,英國,A0032 野村投信,晉達
B27036,2014-04-17,8.551036834716797,英鎊,晉達環球策略基金 - 英鎊貨幣基金 A 收益股份,yfinance,貨幣市場,英國,A0032 野村投信,晉達
B27036,2014-04-22,8.55095100402832,英鎊,晉達環球策略基金 - 英鎊貨幣基金 A 收益股份,yfinance,貨幣市場,英國,A0032 野村投信,晉達
B27036,2014-04-23,8.55095100402832,英鎊,晉達環球策略基金 - 英鎊貨幣基金 A 收益股份,yfinance,貨幣市場,英國,A0032 野村投信,晉達
B27036,2014-04-24,8.551036834716797,英鎊,晉達環球策略基金 - 英鎊貨幣基金 A 收益股份,yfinance,貨幣市場,英國,A0032 野村投信,晉達
B27036,2014-04-25,8.551124572753906,英鎊,晉達環球策略基金 - 英鎊貨幣基金 A 收益股份,yfinance,貨幣市場,英國,A0032 野村投信,晉達
B27036,2014-04-28,8.551124572753906,英鎊,晉達環球策略基金 - 英鎊貨幣基金 A 收益股份,yfinance,貨幣市場,英國,A0032 野村投信,晉達
B27036,2014-04-29,8.55129623413086,英鎊,晉達環球策略基金 - 英鎊貨幣基金 A 收益股份,yfinance,貨幣市場,英國,A0032 野村投信,晉達
B27036,2014-04-30,8.551124572753906,英鎊,晉達環球策略基金 - 英鎊貨幣基金 A 收益股份,yfinance,貨幣市場,英國,A0032 野村投信,晉達
B27036,2014-05-02,8.551209449768066,英鎊,晉達環球策略基金 - 英鎊貨幣基金 A 收益股份,yfinance,貨幣市場,英國,A0032 野村投信,晉達
B27036,2014-05-06,8.551209449768066,英鎊,晉達環球策略基金 - 英鎊貨幣基金 A 收益股份,yfinance,貨幣市場,英國,A0032 野村投信,晉達
B27036,2014-05-07,8.55129623413086,英鎊,晉達環球策略基金 - 英鎊貨幣基金 A 收益股份,yfinance,貨幣市場,英國,A0032 野村投信,晉達
B27036,2014-05-08,8.551124572753906,英鎊,晉達環球策略基金 - 英鎊貨幣基金 A 收益股份,yfinance,貨幣市場,英國,A0032 野村投信,晉達
B27036,2014-05-09,8.551209449768066,英鎊,晉達環球策略基金 - 英鎊貨幣基金 A 收益股份,yfinance,貨幣市場,英國,A0032 野村投信,晉達
B27036,2014-05-12,8.551209449768066,英鎊,晉達環球策略基金 - 英鎊貨幣基金 A 收益股份,yfinance,貨幣市場,英國,A0032 野村投信,晉達
B27036,2014-05-13,8.551124572753906,英鎊,晉達環球策略基金 - 英鎊貨幣基金 A 收益股份,yfinance,貨幣市場,英國,A0032 野村投信,晉達
B27036,2014-05-14,8.551036834716797,英鎊,晉達環球策略基金 - 英鎊貨幣基金 A 收益股份,yfinance,貨幣市場,英國,A0032 野村投信,晉達
B27036,2014-05-15,8.551209449768066,英鎊,晉達環球策略基金 - 英鎊貨幣基金 A 收益股份,yfinance,貨幣市場,英國,A0032 野村投信,晉達
B27036,2014-05-16,8.551209449768066,英鎊,晉達環球策略基金 - 英鎊貨幣基金 A 收益股份,yfinance,貨幣市場,英國,A0032 野村投信,晉達
B27036,2014-05-19,8.551209449768066,英鎊,晉達環球策略基金 - 英鎊貨幣基金 A 收益股份,yfinance,貨幣市場,英國,A0032 野村投信,晉達
B27036,2014-05-20,8.551209449768066,英鎊,晉達環球策略基金 - 英鎊貨幣基金 A 收益股份,yfinance,貨幣市場,英國,A0032 野村投信,晉達
B27036,2014-05-21,8.551639556884766,英鎊,晉達環球策略基金 - 英鎊貨幣基金 A 收益股份,yfinance,貨幣市場,英國,A0032 野村投信,晉達
B27036,2014-05-22,8.551553726196289,英鎊,晉達環球策略基金 - 英鎊貨幣基金 A 收益股份,yfinance,貨幣市場,英國,A0032 野村投信,晉達
B27036,2014-05-23,8.551553726196289,英鎊,晉達環球策略基金 - 英鎊貨幣基金 A 收益股份,yfinance,貨幣市場,英國,A0032 野村投信,晉達
B27036,2014-05-27,8.55129623413086,英鎊,晉達環球策略基金 - 英鎊貨幣基金 A 收益股份,yfinance,貨幣市場,英國,A0032 野村投信,晉達
B27036,2014-05-28,8.55129623413086,英鎊,晉達環球策略基金 - 英鎊貨幣基金 A 收益股份,yfinance,貨幣市場,英國,A0032 野村投信,晉達
B27036,2014-05-30,8.551468849182129,英鎊,晉達環球策略基金 - 英鎊貨幣基金 A 收益股份,yfinance,貨幣市場,英國,A0032 野村投信,晉達
B27036,2014-06-02,8.551383018493652,英鎊,晉達環球策略基金 - 英鎊貨幣基金 A 收益股份,yfinance,貨幣市場,英國,A0032 野村投信,晉達
B27036,2014-06-03,8.551209449768066,英鎊,晉達環球策略基金 - 英鎊貨幣基金 A 收益股份,yfinance,貨幣市場,英國,A0032 野村投信,晉達
B27036,2014-06-04,8.551639556884766,英鎊,晉達環球策略基金 - 英鎊貨幣基金 A 收益股份,yfinance,貨幣市場,英國,A0032 野村投信,晉達
B27036,2014-06-05,8.551724433898926,英鎊,晉達環球策略基金 - 英鎊貨幣基金 A 收益股份,yfinance,貨幣市場,英國,A0032 野村投信,晉達
B27036,2014-06-06,8.554557800292969,英鎊,晉達環球策略基金 - 英鎊貨幣基金 A 收益股份,yfinance,貨幣市場,英國,A0032 野村投信,晉達
B27036,2014-06-10,8.554642677307129,英鎊,晉達環球策略基金 - 英鎊貨幣基金 A 收益股份,yfinance,貨幣市場,英國,A0032 野村投信,晉達
B27036,2014-06-11,8.554557800292969,英鎊,晉達環球策略基金 - 英鎊貨幣基金 A 收益股份,yfinance,貨幣市場,英國,A0032 野村投信,晉達
B27036,2014-06-12,8.554471015930176,英鎊,晉達環球策略基金 - 英鎊貨幣基金 A 收益股份,yfinance,貨幣市場,英國,A0032 野村投信,晉達
B27036,2014-06-13,8.55421257019043,英鎊,晉達環球策略基金 - 英鎊貨幣基金 A 收益股份,yfinance,貨幣市場,英國,A0032 野村投信,晉達
B27036,2014-06-16,8.554041862487793,英鎊,晉達環球策略基金 - 英鎊貨幣基金 A 收益股份,yfinance,貨幣市場,英國,A0032 野村投信,晉達
B27036,2014-06-17,8.554557800292969,英鎊,晉達環球策略基金 - 英鎊貨幣基金 A 收益股份,yfinance,貨幣市場,英國,A0032 野村投信,晉達
B27036,2014-06-18,8.554642677307129,英鎊,晉達環球策略基金 - 英鎊貨幣基金 A 收益股份,yfinance,貨幣市場,英國,A0032 野村投信,晉達
B27036,2014-06-19,8.555072784423828,英鎊,晉達環球策略基金 - 英鎊貨幣基金 A 收益股份,yfinance,貨幣市場,英國,A0032 野村投信,晉達
B27036,2014-06-20,8.555241584777832,英鎊,晉達環球策略基金 - 英鎊貨幣基金 A 收益股份,yfinance,貨幣市場,英國,A0032 野村投信,晉達
B27036,2014-06-24,8.554985046386719,英鎊,晉達環球策略基金 - 英鎊貨幣基金 A 收益股份,yfinance,貨幣市場,英國,A0032 野村投信,晉達
B27036,2014-06-25,8.554985046386719,英鎊,晉達環球策略基金 - 英鎊貨幣基金 A 收益股份,yfinance,貨幣市場,英國,A0032 野村投信,晉達
B27036,2014-06-26,8.555072784423828,英鎊,晉達環球策略基金 - 英鎊貨幣基金 A 收益股份,yfinance,貨幣市場,英國,A0032 野村投信,晉達
B27036,2014-06-27,8.555241584777832,英鎊,晉達環球策略基金 - 英鎊貨幣基金 A 收益股份,yfinance,貨幣市場,英國,A0032 野村投信,晉達
B27036,2014-06-30,8.555072784423828,英鎊,晉達環球策略基金 - 英鎊貨幣基金 A 收益股份,yfinance,貨幣市場,英國,A0032 野村投信,晉達
B27036,2014-07-01,8.555071830749512,英鎊,晉達環球策略基金 - 英鎊貨幣基金 A 收益股份,yfinance,貨幣市場,英國,A0032 野村投信,晉達
B27036,2014-07-02,8.555071830749512,英鎊,晉達環球策略基金 - 英鎊貨幣基金 A 收益股份,yfinance,貨幣市場,英國,A0032 野村投信,晉達
B27036,2014-07-03,8.555071830749512,英鎊,晉達環球策略基金 - 英鎊貨幣基金 A 收益股份,yfinance,貨幣市場,英國,A0032 野村投信,晉達
B27036,2014-07-04,8.555157661437988,英鎊,晉達環球策略基金 - 英鎊貨幣基金 A 收益股份,yfinance,貨幣市場,英國,A0032 野村投信,晉達
B27036,2014-07-07,8.555327415466309,英鎊,晉達環球策略基金 - 英鎊貨幣基金 A 收益股份,yfinance,貨幣市場,英國,A0032 野村投信,晉達
B27036,2014-07-08,8.555241584777832,英鎊,晉達環球策略基金 - 英鎊貨幣基金 A 收益股份,yfinance,貨幣市場,英國,A0032 野村投信,晉達
B27036,2014-07-09,8.555587768554688,英鎊,晉達環球策略基金 - 英鎊貨幣基金 A 收益股份,yfinance,貨幣市場,英國,A0032 野村投信,晉達
B27036,2014-07-10,8.555672645568848,英鎊,晉達環球策略基金 - 英鎊貨幣基金 A 收益股份,yfinance,貨幣市場,英國,A0032 野村投信,晉達
B27036,2014-07-11,8.555672645568848,英鎊,晉達環球策略基金 - 英鎊貨幣基金 A 收益股份,yfinance,貨幣市場,英國,A0032 野村投信,晉達
B27036,2014-07-14,8.555587768554688,英鎊,晉達環球策略基金 - 英鎊貨幣基金 A 收益股份,yfinance,貨幣市場,英國,A0032 野村投信,晉達
B27036,2014-07-15,8.55575942993164,英鎊,晉達環球策略基金 - 英鎊貨幣基金 A 收益股份,yfinance,貨幣市場,英國,A0032 野村投信,晉達
B27036,2014-07-16,8.555587768554688,英鎊,晉達環球策略基金 - 英鎊貨幣基金 A 收益股份,yfinance,貨幣市場,英國,A0032 野村投信,晉達
B27036,2014-07-17,8.555587768554688,英鎊,晉達環球策略基金 - 英鎊貨幣基金 A 收益股份,yfinance,貨幣市場,英國,A0032 野村投信,晉達
B27036,2014-07-18,8.55593204498291,英鎊,晉達環球策略基金 - 英鎊貨幣基金 A 收益股份,yfinance,貨幣市場,英國,A0032 野村投信,晉達
B27036,2014-07-21,8.55593204498291,英鎊,晉達環球策略基金 - 英鎊貨幣基金 A 收益股份,yfinance,貨幣市場,英國,A0032 野村投信,晉達
B27036,2014-07-22,8.55593204498291,英鎊,晉達環球策略基金 - 英鎊貨幣基金 A 收益股份,yfinance,貨幣市場,英國,A0032 野村投信,晉達
B27036,2014-07-23,8.55601692199707,英鎊,晉達環球策略基金 - 英鎊貨幣基金 A 收益股份,yfinance,貨幣市場,英國,A0032 野村投信,晉達
B27036,2014-07-24,8.556102752685547,英鎊,晉達環球策略基金 - 英鎊貨幣基金 A 收益股份,yfinance,貨幣市場,英國,A0032 野村投信,晉達
B27036,2014-07-25,8.556102752685547,英鎊,晉達環球策略基金 - 英鎊貨幣基金 A 收益股份,yfinance,貨幣市場,英國,A0032 野村投信,晉達
B27036,2014-07-28,8.55601692199707,英鎊,晉達環球策略基金 - 英鎊貨幣基金 A 收益股份,yfinance,貨幣市場,英國,A0032 野村投信,晉達
B27036,2014-07-29,8.556102752685547,英鎊,晉達環球策略基金 - 英鎊貨幣基金 A 收益股份,yfinance,貨幣市場,英國,A0032 野村投信,晉達
B27036,2014-07-30,8.556102752685547,英鎊,晉達環球策略基金 - 英鎊貨幣基金 A 收益股份,yfinance,貨幣市場,英國,A0032 野村投信,晉達
B27036,2014-07-31,8.556187629699707,英鎊,晉達環球策略基金 - 英鎊貨幣基金 A 收益股份,yfinance,貨幣市場,英國,A0032 野村投信,晉達
B27036,2014-08-01,8.556187629699707,英鎊,晉達環球策略基金 - 英鎊貨幣基金 A 收益股份,yfinance,貨幣市場,英國,A0032 野村投信,晉達
B27036,2014-08-04,8.556187629699707,英鎊,晉達環球策略基金 - 英鎊貨幣基金 A 收益股份,yfinance,貨幣市場,英國,A0032 野村投信,晉達
B27036,2014-08-05,8.556273460388184,英鎊,晉達環球策略基金 - 英鎊貨幣基金 A 收益股份,yfinance,貨幣市場,英國,A0032 野村投信,晉達
B27036,2014-08-06,8.556273460388184,英鎊,晉達環球策略基金 - 英鎊貨幣基金 A 收益股份,yfinance,貨幣市場,英國,A0032 野村投信,晉達
B27036,2014-08-07,8.55635929107666,英鎊,晉達環球策略基金 - 英鎊貨幣基金 A 收益股份,yfinance,貨幣市場,英國,A0032 野村投信,晉達
B27036,2014-08-08,8.556273460388184,英鎊,晉達環球策略基金 - 英鎊貨幣基金 A 收益股份,yfinance,貨幣市場,英國,A0032 野村投信,晉達
B27036,2014-08-11,8.556532859802246,英鎊,晉達環球策略基金 - 英鎊貨幣基金 A 收益股份,yfinance,貨幣市場,英國,A0032 野村投信,晉達
B27036,2014-08-12,8.556273460388184,英鎊,晉達環球策略基金 - 英鎊貨幣基金 A 收益股份,yfinance,貨幣市場,英國,A0032 野村投信,晉達
B27036,2014-08-13,8.556446075439453,英鎊,晉達環球策略基金 - 英鎊貨幣基金 A 收益股份,yfinance,貨幣市場,英國,A0032 野村投信,晉達
B27036,2014-08-14,8.556532859802246,英鎊,晉達環球策略基金 - 英鎊貨幣基金 A 收益股份,yfinance,貨幣市場,英國,A0032 野村投信,晉達
B27036,2014-08-18,8.556446075439453,英鎊,晉達環球策略基金 - 英鎊貨幣基金 A 收益股份,yfinance,貨幣市場,英國,A0032 野村投信,晉達
B27036,2014-08-19,8.556446075439453,英鎊,晉達環球策略基金 - 英鎊貨幣基金 A 收益股份,yfinance,貨幣市場,英國,A0032 野村投信,晉達
B27036,2014-08-20,8.556532859802246,英鎊,晉達環球策略基金 - 英鎊貨幣基金 A 收益股份,yfinance,貨幣市場,英國,A0032 野村投信,晉達
B27036,2014-08-21,8.556617736816406,英鎊,晉達環球策略基金 - 英鎊貨幣基金 A 收益股份,yfinance,貨幣市場,英國,A0032 野村投信,晉達
B27036,2014-08-22,8.556617736816406,英鎊,晉達環球策略基金 - 英鎊貨幣基金 A 收益股份,yfinance,貨幣市場,英國,A0032 野村投信,晉達
B27036,2014-08-26,8.556617736816406,英鎊,晉達環球策略基金 - 英鎊貨幣基金 A 收益股份,yfinance,貨幣市場,英國,A0032 野村投信,晉達
B27036,2014-08-27,8.556617736816406,英鎊,晉達環球策略基金 - 英鎊貨幣基金 A 收益股份,yfinance,貨幣市場,英國,A0032 野村投信,晉達
B27036,2014-08-28,8.556446075439453,英鎊,晉達環球策略基金 - 英鎊貨幣基金 A 收益股份,yfinance,貨幣市場,英國,A0032 野村投信,晉達
B27036,2014-08-29,8.55635929107666,英鎊,晉達環球策略基金 - 英鎊貨幣基金 A 收益股份,yfinance,貨幣市場,英國,A0032 野村投信,晉達
B27036,2014-09-01,8.556273460388184,英鎊,晉達環球策略基金 - 英鎊貨幣基金 A 收益股份,yfinance,貨幣市場,英國,A0032 野村投信,晉達
B27036,2014-09-02,8.556273460388184,英鎊,晉達環球策略基金 - 英鎊貨幣基金 A 收益股份,yfinance,貨幣市場,英國,A0032 野村投信,晉達
B27036,2014-09-03,8.557049751281738,英鎊,晉達環球策略基金 - 英鎊貨幣基金 A 收益股份,yfinance,貨幣市場,英國,A0032 野村投信,晉達
B27036,2014-09-04,8.556617736816406,英鎊,晉達環球策略基金 - 英鎊貨幣基金 A 收益股份,yfinance,貨幣市場,英國,A0032 野村投信,晉達
B27036,2014-09-05,8.556877136230469,英鎊,晉達環球策略基金 - 英鎊貨幣基金 A 收益股份,yfinance,貨幣市場,英國,A0032 野村投信,晉達
B27036,2014-09-08,8.556273460388184,英鎊,晉達環球策略基金 - 英鎊貨幣基金 A 收益股份,yfinance,貨幣市場,英國,A0032 野村投信,晉達
B27036,2014-09-09,8.556877136230469,英鎊,晉達環球策略基金 - 英鎊貨幣基金 A 收益股份,yfinance,貨幣市場,英國,A0032 野村投信,晉達
B27036,2014-09-10,8.556532859802246,英鎊,晉達環球策略基金 - 英鎊貨幣基金 A 收益股份,yfinance,貨幣市場,英國,A0032 野村投信,晉達
B27036,2014-09-11,8.557133674621582,英鎊,晉達環球策略基金 - 英鎊貨幣基金 A 收益股份,yfinance,貨幣市場,英國,A0032 野村投信,晉達
B27036,2014-09-12,8.5567045211792,英鎊,晉達環球策略基金 - 英鎊貨幣基金 A 收益股份,yfinance,貨幣市場,英國,A0032 野村投信,晉達
B27036,2014-09-15,8.557217597961426,英鎊,晉達環球策略基金 - 英鎊貨幣基金 A 收益股份,yfinance,貨幣市場,英國,A0032 野村投信,晉達
B27036,2014-09-16,8.557304382324219,英鎊,晉達環球策略基金 - 英鎊貨幣基金 A 收益股份,yfinance,貨幣市場,英國,A0032 野村投信,晉達
B27036,2014-09-17,8.557217597961426,英鎊,晉達環球策略基金 - 英鎊貨幣基金 A 收益股份,yfinance,貨幣市場,英國,A0032 野村投信,晉達
B27036,2014-09-18,8.557304382324219,英鎊,晉達環球策略基金 - 英鎊貨幣基金 A 收益股份,yfinance,貨幣市場,英國,A0032 野村投信,晉達
B27036,2014-09-19,8.557561874389648,英鎊,晉達環球策略基金 - 英鎊貨幣基金 A 收益股份,yfinance,貨幣市場,英國,A0032 野村投信,晉達
B27036,2014-09-22,8.557390213012695,英鎊,晉達環球策略基金 - 英鎊貨幣基金 A 收益股份,yfinance,貨幣市場,英國,A0032 野村投信,晉達
B27036,2014-09-23,8.557476043701172,英鎊,晉達環球策略基金 - 英鎊貨幣基金 A 收益股份,yfinance,貨幣市場,英國,A0032 野村投信,晉達
B27036,2014-09-24,8.557476043701172,英鎊,晉達環球策略基金 - 英鎊貨幣基金 A 收益股份,yfinance,貨幣市場,英國,A0032 野村投信,晉達
B27036,2014-09-25,8.557561874389648,英鎊,晉達環球策略基金 - 英鎊貨幣基金 A 收益股份,yfinance,貨幣市場,英國,A0032 野村投信,晉達
B27036,2014-09-26,8.557561874389648,英鎊,晉達環球策略基金 - 英鎊貨幣基金 A 收益股份,yfinance,貨幣市場,英國,A0032 野村投信,晉達
B27036,2014-09-29,8.557561874389648,英鎊,晉達環球策略基金 - 英鎊貨幣基金 A 收益股份,yfinance,貨幣市場,英國,A0032 野村投信,晉達
B27036,2014-09-30,8.557476043701172,英鎊,晉達環球策略基金 - 英鎊貨幣基金 A 收益股份,yfinance,貨幣市場,英國,A0032 野村投信,晉達
B27036,2014-10-01,8.557646751403809,英鎊,晉達環球策略基金 - 英鎊貨幣基金 A 收益股份,yfinance,貨幣市場,英國,A0032 野村投信,晉達
B27036,2014-10-02,8.557646751403809,英鎊,晉達環球策略基金 - 英鎊貨幣基金 A 收益股份,yfinance,貨幣市場,英國,A0032 野村投信,晉達
B27036,2014-10-03,8.557646751403809,英鎊,晉達環球策略基金 - 英鎊貨幣基金 A 收益股份,yfinance,貨幣市場,英國,A0032 野村投信,晉達
B27036,2014-10-06,8.557820320129395,英鎊,晉達環球策略基金 - 英鎊貨幣基金 A 收益股份,yfinance,貨幣市場,英國,A0032 野村投信,晉達
B27036,2014-10-07,8.557476043701172,英鎊,晉達環球策略基金 - 英鎊貨幣基金 A 收益股份,yfinance,貨幣市場,英國,A0032 野村投信,晉達
B27036,2014-10-08,8.557734489440918,英鎊,晉達環球策略基金 - 英鎊貨幣基金 A 收益股份,yfinance,貨幣市場,英國,A0032 野村投信,晉達
B27036,2014-10-09,8.557820320129395,英鎊,晉達環球策略基金 - 英鎊貨幣基金 A 收益股份,yfinance,貨幣市場,英國,A0032 野村投信,晉達
B27036,2014-10-10,8.557904243469238,英鎊,晉達環球策略基金 - 英鎊貨幣基金 A 收益股份,yfinance,貨幣市場,英國,A0032 野村投信,晉達
B27036,2014-10-13,8.557904243469238,英鎊,晉達環球策略基金 - 英鎊貨幣基金 A 收益股份,yfinance,貨幣市場,英國,A0032 野村投信,晉達
B27036,2014-10-14,8.557904243469238,英鎊,晉達環球策略基金 - 英鎊貨幣基金 A 收益股份,yfinance,貨幣市場,英國,A0032 野村投信,晉達
B27036,2014-10-15,8.557561874389648,英鎊,晉達環球策略基金 - 英鎊貨幣基金 A 收益股份,yfinance,貨幣市場,英國,A0032 野村投信,晉達
B27036,2014-10-16,8.557646751403809,英鎊,晉達環球策略基金 - 英鎊貨幣基金 A 收益股份,yfinance,貨幣市場,英國,A0032 野村投信,晉達
B27036,2014-10-17,8.557561874389648,英鎊,晉達環球策略基金 - 英鎊貨幣基金 A 收益股份,yfinance,貨幣市場,英國,A0032 野村投信,晉達
B27036,2014-10-20,8.557820320129395,英鎊,晉達環球策略基金 - 英鎊貨幣基金 A 收益股份,yfinance,貨幣市場,英國,A0032 野村投信,晉達
B27036,2014-10-21,8.557820320129395,英鎊,晉達環球策略基金 - 英鎊貨幣基金 A 收益股份,yfinance,貨幣市場,英國,A0032 野村投信,晉達
B27036,2014-10-22,8.558248519897461,英鎊,晉達環球策略基金 - 英鎊貨幣基金 A 收益股份,yfinance,貨幣市場,英國,A0032 野村投信,晉達
B27036,2014-10-23,8.557991027832031,英鎊,晉達環球策略基金 - 英鎊貨幣基金 A 收益股份,yfinance,貨幣市場,英國,A0032 野村投信,晉達
B27036,2014-10-24,8.558076858520508,英鎊,晉達環球策略基金 - 英鎊貨幣基金 A 收益股份,yfinance,貨幣市場,英國,A0032 野村投信,晉達
B27036,2014-10-27,8.558076858520508,英鎊,晉達環球策略基金 - 英鎊貨幣基金 A 收益股份,yfinance,貨幣市場,英國,A0032 野村投信,晉達
B27036,2014-10-28,8.557991027832031,英鎊,晉達環球策略基金 - 英鎊貨幣基金 A 收益股份,yfinance,貨幣市場,英國,A0032 野村投信,晉達
B27036,2014-10-29,8.558076858520508,英鎊,晉達環球策略基金 - 英鎊貨幣基金 A 收益股份,yfinance,貨幣市場,英國,A0032 野村投信,晉達
B27036,2014-10-30,8.558076858520508,英鎊,晉達環球策略基金 - 英鎊貨幣基金 A 收益股份,yfinance,貨幣市場,英國,A0032 野村投信,晉達
B27036,2014-10-31,8.558162689208984,英鎊,晉達環球策略基金 - 英鎊貨幣基金 A 收益股份,yfinance,貨幣市場,英國,A0032 野村投信,晉達
B27036,2014-11-03,8.558162689208984,英鎊,晉達環球策略基金 - 英鎊貨幣基金 A 收益股份,yfinance,貨幣市場,英國,A0032 野村投信,晉達
B27036,2014-11-04,8.558162689208984,英鎊,晉達環球策略基金 - 英鎊貨幣基金 A 收益股份,yfinance,貨幣市場,英國,A0032 野村投信,晉達
B27036,2014-11-05,8.55885124206543,英鎊,晉達環球策略基金 - 英鎊貨幣基金 A 收益股份,yfinance,貨幣市場,英國,A0032 野村投信,晉達
B27036,2014-11-06,8.558937072753906,英鎊,晉達環球策略基金 - 英鎊貨幣基金 A 收益股份,yfinance,貨幣市場,英國,A0032 野村投信,晉達
B27036,2014-11-07,8.55885124206543,英鎊,晉達環球策略基金 - 英鎊貨幣基金 A 收益股份,yfinance,貨幣市場,英國,A0032 野村投信,晉達
B27036,2014-11-10,8.55885124206543,英鎊,晉達環球策略基金 - 英鎊貨幣基金 A 收益股份,yfinance,貨幣市場,英國,A0032 野村投信,晉達
B27036,2014-11-11,8.558076858520508,英鎊,晉達環球策略基金 - 英鎊貨幣基金 A 收益股份,yfinance,貨幣市場,英國,A0032 野村投信,晉達
B27036,2014-11-12,8.558937072753906,英鎊,晉達環球策略基金 - 英鎊貨幣基金 A 收益股份,yfinance,貨幣市場,英國,A0032 野村投信,晉達
B27036,2014-11-13,8.5590238571167,英鎊,晉達環球策略基金 - 英鎊貨幣基金 A 收益股份,yfinance,貨幣市場,英國,A0032 野村投信,晉達
B27036,2014-11-14,8.55910873413086,英鎊,晉達環球策略基金 - 英鎊貨幣基金 A 收益股份,yfinance,貨幣市場,英國,A0032 野村投信,晉達
B27036,2014-11-17,8.559195518493652,英鎊,晉達環球策略基金 - 英鎊貨幣基金 A 收益股份,yfinance,貨幣市場,英國,A0032 野村投信,晉達
B27036,2014-11-18,8.559195518493652,英鎊,晉達環球策略基金 - 英鎊貨幣基金 A 收益股份,yfinance,貨幣市場,英國,A0032 野村投信,晉達
B27036,2014-11-19,8.559195518493652,英鎊,晉達環球策略基金 - 英鎊貨幣基金 A 收益股份,yfinance,貨幣市場,英國,A0032 野村投信,晉達
B27036,2014-11-20,8.55927848815918,英鎊,晉達環球策略基金 - 英鎊貨幣基金 A 收益股份,yfinance,貨幣市場,英國,A0032 野村投信,晉達
B27036,2014-11-21,8.55927848815918,英鎊,晉達環球策略基金 - 英鎊貨幣基金 A 收益股份,yfinance,貨幣市場,英國,A0032 野村投信,晉達
B27036,2014-11-24,8.559366226196289,英鎊,晉達環球策略基金 - 英鎊貨幣基金 A 收益股份,yfinance,貨幣市場,英國,A0032 野村投信,晉達
B27036,2014-11-25,8.559537887573242,英鎊,晉達環球策略基金 - 英鎊貨幣基金 A 收益股份,yfinance,貨幣市場,英國,A0032 野村投信,晉達
B27036,2014-11-26,8.559537887573242,英鎊,晉達環球策略基金 - 英鎊貨幣基金 A 收益股份,yfinance,貨幣市場,英國,A0032 野村投信,晉達
B27036,2014-11-27,8.559709548950195,英鎊,晉達環球策略基金 - 英鎊貨幣基金 A 收益股份,yfinance,貨幣市場,英國,A0032 野村投信,晉達
B27036,2014-11-28,8.559709548950195,英鎊,晉達環球策略基金 - 英鎊貨幣基金 A 收益股份,yfinance,貨幣市場,英國,A0032 野村投信,晉達
B27036,2014-12-01,8.559709548950195,英鎊,晉達環球策略基金 - 英鎊貨幣基金 A 收益股份,yfinance,貨幣市場,英國,A0032 野村投信,晉達
B27036,2014-12-02,8.559796333312988,英鎊,晉達環球策略基金 - 英鎊貨幣基金 A 收益股份,yfinance,貨幣市場,英國,A0032 野村投信,晉達
B27036,2014-12-03,8.559969902038574,英鎊,晉達環球策略基金 - 英鎊貨幣基金 A 收益股份,yfinance,貨幣市場,英國,A0032 野村投信,晉達
B27036,2014-12-04,8.560054779052734,英鎊,晉達環球策略基金 - 英鎊貨幣基金 A 收益股份,yfinance,貨幣市場,英國,A0032 野村投信,晉達
B27036,2014-12-05,8.560054779052734,英鎊,晉達環球策略基金 - 英鎊貨幣基金 A 收益股份,yfinance,貨幣市場,英國,A0032 野村投信,晉達
B27036,2014-12-08,8.559969902038574,英鎊,晉達環球策略基金 - 英鎊貨幣基金 A 收益股份,yfinance,貨幣市場,英國,A0032 野村投信,晉達
B27036,2014-12-09,8.560226440429688,英鎊,晉達環球策略基金 - 英鎊貨幣基金 A 收益股份,yfinance,貨幣市場,英國,A0032 野村投信,晉達
B27036,2014-12-10,8.560311317443848,英鎊,晉達環球策略基金 - 英鎊貨幣基金 A 收益股份,yfinance,貨幣市場,英國,A0032 野村投信,晉達
B27036,2014-12-11,8.560139656066895,英鎊,晉達環球策略基金 - 英鎊貨幣基金 A 收益股份,yfinance,貨幣市場,英國,A0032 野村投信,晉達
B27036,2014-12-12,8.56039810180664,英鎊,晉達環球策略基金 - 英鎊貨幣基金 A 收益股份,yfinance,貨幣市場,英國,A0032 野村投信,晉達
B27036,2014-12-15,8.560226440429688,英鎊,晉達環球策略基金 - 英鎊貨幣基金 A 收益股份,yfinance,貨幣市場,英國,A0032 野村投信,晉達
B27036,2014-12-16,8.560311317443848,英鎊,晉達環球策略基金 - 英鎊貨幣基金 A 收益股份,yfinance,貨幣市場,英國,A0032 野村投信,晉達
B27036,2014-12-17,8.560311317443848,英鎊,晉達環球策略基金 - 英鎊貨幣基金 A 收益股份,yfinance,貨幣市場,英國,A0032 野村投信,晉達
B27036,2014-12-18,8.56039810180664,英鎊,晉達環球策略基金 - 英鎊貨幣基金 A 收益股份,yfinance,貨幣市場,英國,A0032 野村投信,晉達
B27036,2014-12-19,8.56057071685791,英鎊,晉達環球策略基金 - 英鎊貨幣基金 A 收益股份,yfinance,貨幣市場,英國,A0032 野村投信,晉達
B27036,2014-12-22,8.56039810180664,英鎊,晉達環球策略基金 - 英鎊貨幣基金 A 收益股份,yfinance,貨幣市場,英國,A0032 野村投信,晉達
B27036,2014-12-23,8.56057071685791,英鎊,晉達環球策略基金 - 英鎊貨幣基金 A 收益股份,yfinance,貨幣市場,英國,A0032 野村投信,晉達
B27036,2014-12-29,8.560656547546387,英鎊,晉達環球策略基金 - 英鎊貨幣基金 A 收益股份,yfinance,貨幣市場,英國,A0032 野村投信,晉達
B27036,2014-12-30,8.560742378234863,英鎊,晉達環球策略基金 - 英鎊貨幣基金 A 收益股份,yfinance,貨幣市場,英國,A0032 野村投信,晉達
B27036,2014-12-31,8.560830116271973,英鎊,晉達環球策略基金 - 英鎊貨幣基金 A 收益股份,yfinance,貨幣市場,英國,A0032 野村投信,晉達
