代碼,日期,淨值,幣別,名稱,來源,資產類型,投資區域,發行,系列
B230719,2026-05-26,144.3549041748047,美元,施羅德環球基金系列－環球創新股票(美元)U-累積,yfinance,股票型,全球市場,A0042 施羅德投信,施羅德
B230719,2026-05-27,145.32080078125,美元,施羅德環球基金系列－環球創新股票(美元)U-累積,yfinance,股票型,全球市場,A0042 施羅德投信,施羅德
B230719,2026-05-28,144.44639587402344,美元,施羅德環球基金系列－環球創新股票(美元)U-累積,yfinance,股票型,全球市場,A0042 施羅德投信,施羅德
B230719,2026-05-29,146.2971954345703,美元,施羅德環球基金系列－環球創新股票(美元)U-累積,yfinance,股票型,全球市場,A0042 施羅德投信,施羅德
B230719,2026-06-01,148.66690063476562,美元,施羅德環球基金系列－環球創新股票(美元)U-累積,yfinance,股票型,全球市場,A0042 施羅德投信,施羅德
B230719,2026-06-02,149.28680419921875,美元,施羅德環球基金系列－環球創新股票(美元)U-累積,yfinance,股票型,全球市場,A0042 施羅德投信,施羅德
B230719,2026-06-03,149.31959533691406,美元,施羅德環球基金系列－環球創新股票(美元)U-累積,yfinance,股票型,全球市場,A0042 施羅德投信,施羅德
B230719,2026-06-04,145.26620483398438,美元,施羅德環球基金系列－環球創新股票(美元)U-累積,yfinance,股票型,全球市場,A0042 施羅德投信,施羅德
B230719,2026-06-05,144.668701171875,美元,施羅德環球基金系列－環球創新股票(美元)U-累積,yfinance,股票型,全球市場,A0042 施羅德投信,施羅德
B230719,2026-06-08,142.40879821777344,美元,施羅德環球基金系列－環球創新股票(美元)U-累積,yfinance,股票型,全球市場,A0042 施羅德投信,施羅德
B230719,2026-06-09,142.4340057373047,美元,施羅德環球基金系列－環球創新股票(美元)U-累積,yfinance,股票型,全球市場,A0042 施羅德投信,施羅德
B230719,2026-06-10,139.06039428710938,美元,施羅德環球基金系列－環球創新股票(美元)U-累積,yfinance,股票型,全球市場,A0042 施羅德投信,施羅德
B230719,2026-06-11,138.1938018798828,美元,施羅德環球基金系列－環球創新股票(美元)U-累積,yfinance,股票型,全球市場,A0042 施羅德投信,施羅德
B230719,2026-06-12,140.618896484375,美元,施羅德環球基金系列－環球創新股票(美元)U-累積,yfinance,股票型,全球市場,A0042 施羅德投信,施羅德
B230719,2026-06-15,143.58729553222656,美元,施羅德環球基金系列－環球創新股票(美元)U-累積,yfinance,股票型,全球市場,A0042 施羅德投信,施羅德
B230719,2026-06-16,144.20590209960938,美元,施羅德環球基金系列－環球創新股票(美元)U-累積,yfinance,股票型,全球市場,A0042 施羅德投信,施羅德
B230719,2026-06-17,143.3625030517578,美元,施羅德環球基金系列－環球創新股票(美元)U-累積,yfinance,股票型,全球市場,A0042 施羅德投信,施羅德
B230719,2026-06-18,143.52459716796875,美元,施羅德環球基金系列－環球創新股票(美元)U-累積,yfinance,股票型,全球市場,A0042 施羅德投信,施羅德
B230719,2026-06-22,144.56239318847656,美元,施羅德環球基金系列－環球創新股票(美元)U-累積,yfinance,股票型,全球市場,A0042 施羅德投信,施羅德
B230719,2026-06-23,138.99850463867188,美元,施羅德環球基金系列－環球創新股票(美元)U-累積,yfinance,股票型,全球市場,A0042 施羅德投信,施羅德
B230719,2026-06-24,139.16140747070312,美元,施羅德環球基金系列－環球創新股票(美元)U-累積,yfinance,股票型,全球市場,A0042 施羅德投信,施羅德
B230719,2026-06-25,140.6790008544922,美元,施羅德環球基金系列－環球創新股票(美元)U-累積,yfinance,股票型,全球市場,A0042 施羅德投信,施羅德
B230719,2026-06-26,136.04879760742188,美元,施羅德環球基金系列－環球創新股票(美元)U-累積,yfinance,股票型,全球市場,A0042 施羅德投信,施羅德
B230719,2026-06-29,138.835693359375,美元,施羅德環球基金系列－環球創新股票(美元)U-累積,yfinance,股票型,全球市場,A0042 施羅德投信,施羅德
B230719,2026-06-30,140.09730529785156,美元,施羅德環球基金系列－環球創新股票(美元)U-累積,yfinance,股票型,全球市場,A0042 施羅德投信,施羅德
B230719,2026-07-01,141.93260192871094,美元,施羅德環球基金系列－環球創新股票(美元)U-累積,yfinance,股票型,全球市場,A0042 施羅德投信,施羅德
B230719,2026-07-02,142.10159301757812,美元,施羅德環球基金系列－環球創新股票(美元)U-累積,yfinance,股票型,全球市場,A0042 施羅德投信,施羅德
B230719,2026-07-06,142.08189392089844,美元,施羅德環球基金系列－環球創新股票(美元)U-累積,yfinance,股票型,全球市場,A0042 施羅德投信,施羅德
B230719,2026-07-07,141.36990356445312,美元,施羅德環球基金系列－環球創新股票(美元)U-累積,yfinance,股票型,全球市場,A0042 施羅德投信,施羅德
B230719,2026-07-08,139.20559692382812,美元,施羅德環球基金系列－環球創新股票(美元)U-累積,yfinance,股票型,全球市場,A0042 施羅德投信,施羅德
B230719,2026-07-09,141.5854949951172,美元,施羅德環球基金系列－環球創新股票(美元)U-累積,yfinance,股票型,全球市場,A0042 施羅德投信,施羅德
B230719,2026-07-10,142.6107940673828,美元,施羅德環球基金系列－環球創新股票(美元)U-累積,yfinance,股票型,全球市場,A0042 施羅德投信,施羅德
B230719,2026-07-13,142.3697967529297,美元,施羅德環球基金系列－環球創新股票(美元)U-累積,yfinance,股票型,全球市場,A0042 施羅德投信,施羅德
B230719,2026-07-14,141.84759521484375,美元,施羅德環球基金系列－環球創新股票(美元)U-累積,yfinance,股票型,全球市場,A0042 施羅德投信,施羅德
B230719,2026-07-15,142.94329833984375,美元,施羅德環球基金系列－環球創新股票(美元)U-累積,yfinance,股票型,全球市場,A0042 施羅德投信,施羅德
B230719,2026-07-16,141.64889526367188,美元,施羅德環球基金系列－環球創新股票(美元)U-累積,yfinance,股票型,全球市場,A0042 施羅德投信,施羅德
B230719,2026-07-17,137.69410705566406,美元,施羅德環球基金系列－環球創新股票(美元)U-累積,yfinance,股票型,全球市場,A0042 施羅德投信,施羅德
B230719,2026-07-20,139.43829345703125,美元,施羅德環球基金系列－環球創新股票(美元)U-累積,yfinance,股票型,全球市場,A0042 施羅德投信,施羅德
B230719,2026-07-21,140.9875030517578,美元,施羅德環球基金系列－環球創新股票(美元)U-累積,yfinance,股票型,全球市場,A0042 施羅德投信,施羅德
B230719,2026-07-22,140.13560485839844,美元,施羅德環球基金系列－環球創新股票(美元)U-累積,yfinance,股票型,全球市場,A0042 施羅德投信,施羅德
B230719,2026-07-23,139.0330047607422,美元,施羅德環球基金系列－環球創新股票(美元)U-累積,yfinance,股票型,全球市場,A0042 施羅德投信,施羅德
B230719,2026-07-24,138.3968963623047,美元,施羅德環球基金系列－環球創新股票(美元)U-累積,yfinance,股票型,全球市場,A0042 施羅德投信,施羅德
B230719,2026-07-27,139.55880737304688,美元,施羅德環球基金系列－環球創新股票(美元)U-累積,yfinance,股票型,全球市場,A0042 施羅德投信,施羅德
B230719,2026-07-28,136.29490661621094,美元,施羅德環球基金系列－環球創新股票(美元)U-累積,yfinance,股票型,全球市場,A0042 施羅德投信,施羅德
B230719,2026-07-29,136.47940063476562,美元,施羅德環球基金系列－環球創新股票(美元)U-累積,yfinance,股票型,全球市場,A0042 施羅德投信,施羅德
B230719,2026-07-30,136.65499877929688,美元,施羅德環球基金系列－環球創新股票(美元)U-累積,yfinance,股票型,全球市場,A0042 施羅德投信,施羅德
B230719,2026-07-31,140.1020965576172,美元,施羅德環球基金系列－環球創新股票(美元)U-累積,yfinance,股票型,全球市場,A0042 施羅德投信,施羅德
B230719,2026-08-03,140.36439514160156,美元,施羅德環球基金系列－環球創新股票(美元)U-累積,yfinance,股票型,全球市場,A0042 施羅德投信,施羅德
B230719,2026-08-04,143.73129272460938,美元,施羅德環球基金系列－環球創新股票(美元)U-累積,yfinance,股票型,全球市場,A0042 施羅德投信,施羅德
B230719,2026-08-05,147.16749572753906,美元,施羅德環球基金系列－環球創新股票(美元)U-累積,yfinance,股票型,全球市場,A0042 施羅德投信,施羅德
B230719,2026-08-06,145.6638946533203,美元,施羅德環球基金系列－環球創新股票(美元)U-累積,yfinance,股票型,全球市場,A0042 施羅德投信,施羅德
B230719,2026-08-07,147.8824005126953,美元,施羅德環球基金系列－環球創新股票(美元)U-累積,yfinance,股票型,全球市場,A0042 施羅德投信,施羅德
B230719,2026-08-10,148.78219604492188,美元,施羅德環球基金系列－環球創新股票(美元)U-累積,yfinance,股票型,全球市場,A0042 施羅德投信,施羅德
B230719,2026-08-11,149.17410278320312,美元,施羅德環球基金系列－環球創新股票(美元)U-累積,yfinance,股票型,全球市場,A0042 施羅德投信,施羅德
B230719,2026-08-12,150.6269989013672,美元,施羅德環球基金系列－環球創新股票(美元)U-累積,yfinance,股票型,全球市場,A0042 施羅德投信,施羅德
B230719,2026-08-13,150.30580139160156,美元,施羅德環球基金系列－環球創新股票(美元)U-累積,yfinance,股票型,全球市場,A0042 施羅德投信,施羅德
B230719,2026-08-14,150.7823028564453,美元,施羅德環球基金系列－環球創新股票(美元)U-累積,yfinance,股票型,全球市場,A0042 施羅德投信,施羅德
B230719,2026-08-17,150.14039611816406,美元,施羅德環球基金系列－環球創新股票(美元)U-累積,yfinance,股票型,全球市場,A0042 施羅德投信,施羅德
B230719,2026-08-18,147.31080627441406,美元,施羅德環球基金系列－環球創新股票(美元)U-累積,yfinance,股票型,全球市場,A0042 施羅德投信,施羅德
B3TV4pw,2026-01-02,114.95999908447266,美元,法巴永續優化波動全球股票基金 B (美元),yfinance,股票型,全球市場,B0049 法銀巴黎投顧,法巴
B3TV4pw,2026-01-05,115.44000244140625,美元,法巴永續優化波動全球股票基金 B (美元),yfinance,股票型,全球市場,B0049 法銀巴黎投顧,法巴
B3TV4pw,2026-01-06,116.36000061035156,美元,法巴永續優化波動全球股票基金 B (美元),yfinance,股票型,全球市場,B0049 法銀巴黎投顧,法巴
B3TV4pw,2026-01-07,116.02999877929688,美元,法巴永續優化波動全球股票基金 B (美元),yfinance,股票型,全球市場,B0049 法銀巴黎投顧,法巴
B3TV4pw,2026-01-08,116.5999984741211,美元,法巴永續優化波動全球股票基金 B (美元),yfinance,股票型,全球市場,B0049 法銀巴黎投顧,法巴
B3TV4pw,2026-01-09,117.02999877929688,美元,法巴永續優化波動全球股票基金 B (美元),yfinance,股票型,全球市場,B0049 法銀巴黎投顧,法巴
B3TV4pw,2026-01-12,117.11000061035156,美元,法巴永續優化波動全球股票基金 B (美元),yfinance,股票型,全球市場,B0049 法銀巴黎投顧,法巴
B3TV4pw,2026-01-13,116.3499984741211,美元,法巴永續優化波動全球股票基金 B (美元),yfinance,股票型,全球市場,B0049 法銀巴黎投顧,法巴
B3TV4pw,2026-01-14,116.4800033569336,美元,法巴永續優化波動全球股票基金 B (美元),yfinance,股票型,全球市場,B0049 法銀巴黎投顧,法巴
B3TV4pw,2026-01-15,116.5,美元,法巴永續優化波動全球股票基金 B (美元),yfinance,股票型,全球市場,B0049 法銀巴黎投顧,法巴
B3TV4pw,2026-01-16,116.33000183105469,美元,法巴永續優化波動全球股票基金 B (美元),yfinance,股票型,全球市場,B0049 法銀巴黎投顧,法巴
B3TV4pw,2026-01-20,114.8499984741211,美元,法巴永續優化波動全球股票基金 B (美元),yfinance,股票型,全球市場,B0049 法銀巴黎投顧,法巴
B3TV4pw,2026-01-21,115.23999786376953,美元,法巴永續優化波動全球股票基金 B (美元),yfinance,股票型,全球市場,B0049 法銀巴黎投顧,法巴
B3TV4pw,2026-01-22,116.04000091552734,美元,法巴永續優化波動全球股票基金 B (美元),yfinance,股票型,全球市場,B0049 法銀巴黎投顧,法巴
B3TV4pw,2026-01-23,116.38999938964844,美元,法巴永續優化波動全球股票基金 B (美元),yfinance,股票型,全球市場,B0049 法銀巴黎投顧,法巴
B3TV4pw,2026-01-26,117.06999969482422,美元,法巴永續優化波動全球股票基金 B (美元),yfinance,股票型,全球市場,B0049 法銀巴黎投顧,法巴
B3TV4pw,2026-01-27,116.58000183105469,美元,法巴永續優化波動全球股票基金 B (美元),yfinance,股票型,全球市場,B0049 法銀巴黎投顧,法巴
B3TV4pw,2026-01-28,116.02999877929688,美元,法巴永續優化波動全球股票基金 B (美元),yfinance,股票型,全球市場,B0049 法銀巴黎投顧,法巴
B3TV4pw,2026-01-29,114.80000305175781,美元,法巴永續優化波動全球股票基金 B (美元),yfinance,股票型,全球市場,B0049 法銀巴黎投顧,法巴
B3TV4pw,2026-01-30,114.9000015258789,美元,法巴永續優化波動全球股票基金 B (美元),yfinance,股票型,全球市場,B0049 法銀巴黎投顧,法巴
B3TV4pw,2026-02-02,115.1500015258789,美元,法巴永續優化波動全球股票基金 B (美元),yfinance,股票型,全球市場,B0049 法銀巴黎投顧,法巴
B3TV4pw,2026-02-03,113.66999816894531,美元,法巴永續優化波動全球股票基金 B (美元),yfinance,股票型,全球市場,B0049 法銀巴黎投顧,法巴
B3TV4pw,2026-02-04,114.19999694824219,美元,法巴永續優化波動全球股票基金 B (美元),yfinance,股票型,全球市場,B0049 法銀巴黎投顧,法巴
B3TV4pw,2026-02-05,114.08000183105469,美元,法巴永續優化波動全球股票基金 B (美元),yfinance,股票型,全球市場,B0049 法銀巴黎投顧,法巴
B3TV4pw,2026-02-06,114.11000061035156,美元,法巴永續優化波動全球股票基金 B (美元),yfinance,股票型,全球市場,B0049 法銀巴黎投顧,法巴
B3TV4pw,2026-02-09,114.47000122070312,美元,法巴永續優化波動全球股票基金 B (美元),yfinance,股票型,全球市場,B0049 法銀巴黎投顧,法巴
B3TV4pw,2026-02-10,114.9000015258789,美元,法巴永續優化波動全球股票基金 B (美元),yfinance,股票型,全球市場,B0049 法銀巴黎投顧,法巴
B3TV4pw,2026-02-11,114.19000244140625,美元,法巴永續優化波動全球股票基金 B (美元),yfinance,股票型,全球市場,B0049 法銀巴黎投顧,法巴
B3TV4pw,2026-02-12,112.80000305175781,美元,法巴永續優化波動全球股票基金 B (美元),yfinance,股票型,全球市場,B0049 法銀巴黎投顧,法巴
B3TV4pw,2026-02-13,112.37999725341797,美元,法巴永續優化波動全球股票基金 B (美元),yfinance,股票型,全球市場,B0049 法銀巴黎投顧,法巴
B3TV4pw,2026-02-17,111.87000274658203,美元,法巴永續優化波動全球股票基金 B (美元),yfinance,股票型,全球市場,B0049 法銀巴黎投顧,法巴
B3TV4pw,2026-02-18,112.69000244140625,美元,法巴永續優化波動全球股票基金 B (美元),yfinance,股票型,全球市場,B0049 法銀巴黎投顧,法巴
B3TV4pw,2026-02-19,112.0999984741211,美元,法巴永續優化波動全球股票基金 B (美元),yfinance,股票型,全球市場,B0049 法銀巴黎投顧,法巴
B3TV4pw,2026-02-20,112.52999877929688,美元,法巴永續優化波動全球股票基金 B (美元),yfinance,股票型,全球市場,B0049 法銀巴黎投顧,法巴
B3TV4pw,2026-02-23,111.29000091552734,美元,法巴永續優化波動全球股票基金 B (美元),yfinance,股票型,全球市場,B0049 法銀巴黎投顧,法巴
B3TV4pw,2026-02-24,111.26000213623047,美元,法巴永續優化波動全球股票基金 B (美元),yfinance,股票型,全球市場,B0049 法銀巴黎投顧,法巴
B3TV4pw,2026-02-25,112.06999969482422,美元,法巴永續優化波動全球股票基金 B (美元),yfinance,股票型,全球市場,B0049 法銀巴黎投顧,法巴
B3TV4pw,2026-02-26,113.08000183105469,美元,法巴永續優化波動全球股票基金 B (美元),yfinance,股票型,全球市場,B0049 法銀巴黎投顧,法巴
B3TV4pw,2026-02-27,113.37999725341797,美元,法巴永續優化波動全球股票基金 B (美元),yfinance,股票型,全球市場,B0049 法銀巴黎投顧,法巴
B3TV4pw,2026-03-02,112.4800033569336,美元,法巴永續優化波動全球股票基金 B (美元),yfinance,股票型,全球市場,B0049 法銀巴黎投顧,法巴
B3TV4pw,2026-03-03,111.16000366210938,美元,法巴永續優化波動全球股票基金 B (美元),yfinance,股票型,全球市場,B0049 法銀巴黎投顧,法巴
B3TV4pw,2026-03-04,111.48999786376953,美元,法巴永續優化波動全球股票基金 B (美元),yfinance,股票型,全球市場,B0049 法銀巴黎投顧,法巴
B3TV4pw,2026-03-05,111.06999969482422,美元,法巴永續優化波動全球股票基金 B (美元),yfinance,股票型,全球市場,B0049 法銀巴黎投顧,法巴
B3TV4pw,2026-03-06,110.27999877929688,美元,法巴永續優化波動全球股票基金 B (美元),yfinance,股票型,全球市場,B0049 法銀巴黎投顧,法巴
B3TV4pw,2026-03-09,109.62000274658203,美元,法巴永續優化波動全球股票基金 B (美元),yfinance,股票型,全球市場,B0049 法銀巴黎投顧,法巴
B3TV4pw,2026-03-10,109.7300033569336,美元,法巴永續優化波動全球股票基金 B (美元),yfinance,股票型,全球市場,B0049 法銀巴黎投顧,法巴
B3TV4pw,2026-03-11,108.9000015258789,美元,法巴永續優化波動全球股票基金 B (美元),yfinance,股票型,全球市場,B0049 法銀巴黎投顧,法巴
B3TV4pw,2026-03-12,107.91999816894531,美元,法巴永續優化波動全球股票基金 B (美元),yfinance,股票型,全球市場,B0049 法銀巴黎投顧,法巴
B3TV4pw,2026-03-13,107.3499984741211,美元,法巴永續優化波動全球股票基金 B (美元),yfinance,股票型,全球市場,B0049 法銀巴黎投顧,法巴
B3TV4pw,2026-03-16,108.08000183105469,美元,法巴永續優化波動全球股票基金 B (美元),yfinance,股票型,全球市場,B0049 法銀巴黎投顧,法巴
B3TV4pw,2026-03-17,108.31999969482422,美元,法巴永續優化波動全球股票基金 B (美元),yfinance,股票型,全球市場,B0049 法銀巴黎投顧,法巴
B3TV4pw,2026-03-18,106.88999938964844,美元,法巴永續優化波動全球股票基金 B (美元),yfinance,股票型,全球市場,B0049 法銀巴黎投顧,法巴
B3TV4pw,2026-03-19,106.13999938964844,美元,法巴永續優化波動全球股票基金 B (美元),yfinance,股票型,全球市場,B0049 法銀巴黎投顧,法巴
B3TV4pw,2026-03-20,105.31999969482422,美元,法巴永續優化波動全球股票基金 B (美元),yfinance,股票型,全球市場,B0049 法銀巴黎投顧,法巴
B3TV4pw,2026-03-23,106.22000122070312,美元,法巴永續優化波動全球股票基金 B (美元),yfinance,股票型,全球市場,B0049 法銀巴黎投顧,法巴
B3TV4pw,2026-03-24,105.5199966430664,美元,法巴永續優化波動全球股票基金 B (美元),yfinance,股票型,全球市場,B0049 法銀巴黎投顧,法巴
B3TV4pw,2026-03-25,106.25,美元,法巴永續優化波動全球股票基金 B (美元),yfinance,股票型,全球市場,B0049 法銀巴黎投顧,法巴
B3TV4pw,2026-03-26,105.47000122070312,美元,法巴永續優化波動全球股票基金 B (美元),yfinance,股票型,全球市場,B0049 法銀巴黎投顧,法巴
B3TV4pw,2026-03-27,104.0199966430664,美元,法巴永續優化波動全球股票基金 B (美元),yfinance,股票型,全球市場,B0049 法銀巴黎投顧,法巴
B3TV4pw,2026-03-30,104.26000213623047,美元,法巴永續優化波動全球股票基金 B (美元),yfinance,股票型,全球市場,B0049 法銀巴黎投顧,法巴
B3TV4pw,2026-03-31,105.36000061035156,美元,法巴永續優化波動全球股票基金 B (美元),yfinance,股票型,全球市場,B0049 法銀巴黎投顧,法巴
B3TV4pw,2026-04-01,106.55999755859375,美元,法巴永續優化波動全球股票基金 B (美元),yfinance,股票型,全球市場,B0049 法銀巴黎投顧,法巴
B3TV4pw,2026-04-02,106.58999633789062,美元,法巴永續優化波動全球股票基金 B (美元),yfinance,股票型,全球市場,B0049 法銀巴黎投顧,法巴
B3TV4pw,2026-04-07,106.33999633789062,美元,法巴永續優化波動全球股票基金 B (美元),yfinance,股票型,全球市場,B0049 法銀巴黎投顧,法巴
B3TV4pw,2026-04-08,109.02999877929688,美元,法巴永續優化波動全球股票基金 B (美元),yfinance,股票型,全球市場,B0049 法銀巴黎投顧,法巴
B3TV4pw,2026-04-09,108.62999725341797,美元,法巴永續優化波動全球股票基金 B (美元),yfinance,股票型,全球市場,B0049 法銀巴黎投顧,法巴
B3TV4pw,2026-04-10,108.2699966430664,美元,法巴永續優化波動全球股票基金 B (美元),yfinance,股票型,全球市場,B0049 法銀巴黎投顧,法巴
B3TV4pw,2026-04-13,109.11000061035156,美元,法巴永續優化波動全球股票基金 B (美元),yfinance,股票型,全球市場,B0049 法銀巴黎投顧,法巴
B3TV4pw,2026-04-14,109.7699966430664,美元,法巴永續優化波動全球股票基金 B (美元),yfinance,股票型,全球市場,B0049 法銀巴黎投顧,法巴
B3TV4pw,2026-04-15,109.97000122070312,美元,法巴永續優化波動全球股票基金 B (美元),yfinance,股票型,全球市場,B0049 法銀巴黎投顧,法巴
B3TV4pw,2026-04-16,110.29000091552734,美元,法巴永續優化波動全球股票基金 B (美元),yfinance,股票型,全球市場,B0049 法銀巴黎投顧,法巴
B3TV4pw,2026-04-17,111.86000061035156,美元,法巴永續優化波動全球股票基金 B (美元),yfinance,股票型,全球市場,B0049 法銀巴黎投顧,法巴
B3TV4pw,2026-04-20,111.7300033569336,美元,法巴永續優化波動全球股票基金 B (美元),yfinance,股票型,全球市場,B0049 法銀巴黎投顧,法巴
B3TV4pw,2026-04-21,111.12000274658203,美元,法巴永續優化波動全球股票基金 B (美元),yfinance,股票型,全球市場,B0049 法銀巴黎投顧,法巴
B3TV4pw,2026-04-22,110.18000030517578,美元,法巴永續優化波動全球股票基金 B (美元),yfinance,股票型,全球市場,B0049 法銀巴黎投顧,法巴
B3TV4pw,2026-04-23,109.54000091552734,美元,法巴永續優化波動全球股票基金 B (美元),yfinance,股票型,全球市場,B0049 法銀巴黎投顧,法巴
B3TV4pw,2026-04-24,108.9800033569336,美元,法巴永續優化波動全球股票基金 B (美元),yfinance,股票型,全球市場,B0049 法銀巴黎投顧,法巴
B3TV4pw,2026-04-27,108.94000244140625,美元,法巴永續優化波動全球股票基金 B (美元),yfinance,股票型,全球市場,B0049 法銀巴黎投顧,法巴
B3TV4pw,2026-04-28,108.54000091552734,美元,法巴永續優化波動全球股票基金 B (美元),yfinance,股票型,全球市場,B0049 法銀巴黎投顧,法巴
B3TV4pw,2026-04-29,108.30999755859375,美元,法巴永續優化波動全球股票基金 B (美元),yfinance,股票型,全球市場,B0049 法銀巴黎投顧,法巴
B3TV4pw,2026-04-30,108.94999694824219,美元,法巴永續優化波動全球股票基金 B (美元),yfinance,股票型,全球市場,B0049 法銀巴黎投顧,法巴
B3TV4pw,2026-05-04,108.38999938964844,美元,法巴永續優化波動全球股票基金 B (美元),yfinance,股票型,全球市場,B0049 法銀巴黎投顧,法巴
B3TV4pw,2026-05-05,109.02999877929688,美元,法巴永續優化波動全球股票基金 B (美元),yfinance,股票型,全球市場,B0049 法銀巴黎投顧,法巴
B3TV4pw,2026-05-06,109.79000091552734,美元,法巴永續優化波動全球股票基金 B (美元),yfinance,股票型,全球市場,B0049 法銀巴黎投顧,法巴
B3TV4pw,2026-05-07,109.83999633789062,美元,法巴永續優化波動全球股票基金 B (美元),yfinance,股票型,全球市場,B0049 法銀巴黎投顧,法巴
B3TV4pw,2026-05-08,109.33000183105469,美元,法巴永續優化波動全球股票基金 B (美元),yfinance,股票型,全球市場,B0049 法銀巴黎投顧,法巴
B3TV4pw,2026-05-11,108.76000213623047,美元,法巴永續優化波動全球股票基金 B (美元),yfinance,股票型,全球市場,B0049 法銀巴黎投顧,法巴
B3TV4pw,2026-05-12,108.25,美元,法巴永續優化波動全球股票基金 B (美元),yfinance,股票型,全球市場,B0049 法銀巴黎投顧,法巴
B3TV4pw,2026-05-13,107.9800033569336,美元,法巴永續優化波動全球股票基金 B (美元),yfinance,股票型,全球市場,B0049 法銀巴黎投顧,法巴
B3TV4pw,2026-05-15,108.56999969482422,美元,法巴永續優化波動全球股票基金 B (美元),yfinance,股票型,全球市場,B0049 法銀巴黎投顧,法巴
B3TV4pw,2026-05-18,109.4000015258789,美元,法巴永續優化波動全球股票基金 B (美元),yfinance,股票型,全球市場,B0049 法銀巴黎投顧,法巴
B3TV4pw,2026-05-19,109.23999786376953,美元,法巴永續優化波動全球股票基金 B (美元),yfinance,股票型,全球市場,B0049 法銀巴黎投顧,法巴
B3TV4pw,2026-05-20,109.83000183105469,美元,法巴永續優化波動全球股票基金 B (美元),yfinance,股票型,全球市場,B0049 法銀巴黎投顧,法巴
B3TV4pw,2026-05-21,109.8499984741211,美元,法巴永續優化波動全球股票基金 B (美元),yfinance,股票型,全球市場,B0049 法銀巴黎投顧,法巴
B3TV4pw,2026-05-22,110.58999633789062,美元,法巴永續優化波動全球股票基金 B (美元),yfinance,股票型,全球市場,B0049 法銀巴黎投顧,法巴
B3TV4pw,2026-05-26,110.44000244140625,美元,法巴永續優化波動全球股票基金 B (美元),yfinance,股票型,全球市場,B0049 法銀巴黎投顧,法巴
B3TV4pw,2026-05-27,110.29000091552734,美元,法巴永續優化波動全球股票基金 B (美元),yfinance,股票型,全球市場,B0049 法銀巴黎投顧,法巴
B3TV4pw,2026-05-28,110.44999694824219,美元,法巴永續優化波動全球股票基金 B (美元),yfinance,股票型,全球市場,B0049 法銀巴黎投顧,法巴
B3TV4pw,2026-05-29,111.12000274658203,美元,法巴永續優化波動全球股票基金 B (美元),yfinance,股票型,全球市場,B0049 法銀巴黎投顧,法巴
B3TV4pw,2026-06-01,111.12999725341797,美元,法巴永續優化波動全球股票基金 B (美元),yfinance,股票型,全球市場,B0049 法銀巴黎投顧,法巴
B3TV4pw,2026-06-02,111.19999694824219,美元,法巴永續優化波動全球股票基金 B (美元),yfinance,股票型,全球市場,B0049 法銀巴黎投顧,法巴
B3TV4pw,2026-06-03,110.87000274658203,美元,法巴永續優化波動全球股票基金 B (美元),yfinance,股票型,全球市場,B0049 法銀巴黎投顧,法巴
B3TV4pw,2026-06-04,111.58000183105469,美元,法巴永續優化波動全球股票基金 B (美元),yfinance,股票型,全球市場,B0049 法銀巴黎投顧,法巴
B3TV4pw,2026-06-05,110.9000015258789,美元,法巴永續優化波動全球股票基金 B (美元),yfinance,股票型,全球市場,B0049 法銀巴黎投顧,法巴
B3TV4pw,2026-06-08,110.20999908447266,美元,法巴永續優化波動全球股票基金 B (美元),yfinance,股票型,全球市場,B0049 法銀巴黎投顧,法巴
B3TV4pw,2026-06-09,111.08000183105469,美元,法巴永續優化波動全球股票基金 B (美元),yfinance,股票型,全球市場,B0049 法銀巴黎投顧,法巴
B3TV4pw,2026-06-10,110.29000091552734,美元,法巴永續優化波動全球股票基金 B (美元),yfinance,股票型,全球市場,B0049 法銀巴黎投顧,法巴
B3TV4pw,2026-06-11,109.80000305175781,美元,法巴永續優化波動全球股票基金 B (美元),yfinance,股票型,全球市場,B0049 法銀巴黎投顧,法巴
B3TV4pw,2026-06-12,110.70999908447266,美元,法巴永續優化波動全球股票基金 B (美元),yfinance,股票型,全球市場,B0049 法銀巴黎投顧,法巴
B3TV4pw,2026-06-15,110.87999725341797,美元,法巴永續優化波動全球股票基金 B (美元),yfinance,股票型,全球市場,B0049 法銀巴黎投顧,法巴
B3TV4pw,2026-06-16,111.58000183105469,美元,法巴永續優化波動全球股票基金 B (美元),yfinance,股票型,全球市場,B0049 法銀巴黎投顧,法巴
B3TV4pw,2026-06-17,110.44000244140625,美元,法巴永續優化波動全球股票基金 B (美元),yfinance,股票型,全球市場,B0049 法銀巴黎投顧,法巴
B3TV4pw,2026-06-18,110.02999877929688,美元,法巴永續優化波動全球股票基金 B (美元),yfinance,股票型,全球市場,B0049 法銀巴黎投顧,法巴
B3TV4pw,2026-06-22,109.61000061035156,美元,法巴永續優化波動全球股票基金 B (美元),yfinance,股票型,全球市場,B0049 法銀巴黎投顧,法巴
B3TV4pw,2026-06-24,109.11000061035156,美元,法巴永續優化波動全球股票基金 B (美元),yfinance,股票型,全球市場,B0049 法銀巴黎投顧,法巴
B3TV4pw,2026-06-25,109.05000305175781,美元,法巴永續優化波動全球股票基金 B (美元),yfinance,股票型,全球市場,B0049 法銀巴黎投顧,法巴
B3TV4pw,2026-06-26,109.5999984741211,美元,法巴永續優化波動全球股票基金 B (美元),yfinance,股票型,全球市場,B0049 法銀巴黎投顧,法巴
B3TV4pw,2026-06-29,109.25,美元,法巴永續優化波動全球股票基金 B (美元),yfinance,股票型,全球市場,B0049 法銀巴黎投顧,法巴
B3TV4pw,2026-06-30,109.56999969482422,美元,法巴永續優化波動全球股票基金 B (美元),yfinance,股票型,全球市場,B0049 法銀巴黎投顧,法巴
B3TV4pw,2026-07-01,110.12000274658203,美元,法巴永續優化波動全球股票基金 B (美元),yfinance,股票型,全球市場,B0049 法銀巴黎投顧,法巴
B3TV4pw,2026-07-02,111.80000305175781,美元,法巴永續優化波動全球股票基金 B (美元),yfinance,股票型,全球市場,B0049 法銀巴黎投顧,法巴
B3TV4pw,2026-07-06,111.68000030517578,美元,法巴永續優化波動全球股票基金 B (美元),yfinance,股票型,全球市場,B0049 法銀巴黎投顧,法巴
B3TV4pw,2026-07-07,112.2300033569336,美元,法巴永續優化波動全球股票基金 B (美元),yfinance,股票型,全球市場,B0049 法銀巴黎投顧,法巴
B3TV4pw,2026-07-08,111.16000366210938,美元,法巴永續優化波動全球股票基金 B (美元),yfinance,股票型,全球市場,B0049 法銀巴黎投顧,法巴
B3TV4pw,2026-07-09,111.87999725341797,美元,法巴永續優化波動全球股票基金 B (美元),yfinance,股票型,全球市場,B0049 法銀巴黎投顧,法巴
B3TV4pw,2026-07-10,112.31999969482422,美元,法巴永續優化波動全球股票基金 B (美元),yfinance,股票型,全球市場,B0049 法銀巴黎投顧,法巴
B3TV4pw,2026-07-13,112.6500015258789,美元,法巴永續優化波動全球股票基金 B (美元),yfinance,股票型,全球市場,B0049 法銀巴黎投顧,法巴
B3TV4pw,2026-07-14,112.4800033569336,美元,法巴永續優化波動全球股票基金 B (美元),yfinance,股票型,全球市場,B0049 法銀巴黎投顧,法巴
B3TV4pw,2026-07-15,113.04000091552734,美元,法巴永續優化波動全球股票基金 B (美元),yfinance,股票型,全球市場,B0049 法銀巴黎投顧,法巴
B3TV4pw,2026-07-16,114.56999969482422,美元,法巴永續優化波動全球股票基金 B (美元),yfinance,股票型,全球市場,B0049 法銀巴黎投顧,法巴
B3TV4pw,2026-07-20,113.58999633789062,美元,法巴永續優化波動全球股票基金 B (美元),yfinance,股票型,全球市場,B0049 法銀巴黎投顧,法巴
B3TV4pw,2026-07-21,112.83000183105469,美元,法巴永續優化波動全球股票基金 B (美元),yfinance,股票型,全球市場,B0049 法銀巴黎投顧,法巴
B3TV4pw,2026-07-22,112.73999786376953,美元,法巴永續優化波動全球股票基金 B (美元),yfinance,股票型,全球市場,B0049 法銀巴黎投顧,法巴
B3TV4pw,2026-07-23,111.80000305175781,美元,法巴永續優化波動全球股票基金 B (美元),yfinance,股票型,全球市場,B0049 法銀巴黎投顧,法巴
B3TV4pw,2026-07-24,113.47000122070312,美元,法巴永續優化波動全球股票基金 B (美元),yfinance,股票型,全球市場,B0049 法銀巴黎投顧,法巴
B3TV4pw,2026-07-27,114.72000122070312,美元,法巴永續優化波動全球股票基金 B (美元),yfinance,股票型,全球市場,B0049 法銀巴黎投顧,法巴
B3TV4pw,2026-07-28,116.33999633789062,美元,法巴永續優化波動全球股票基金 B (美元),yfinance,股票型,全球市場,B0049 法銀巴黎投顧,法巴
B3TV4pw,2026-07-29,116.68000030517578,美元,法巴永續優化波動全球股票基金 B (美元),yfinance,股票型,全球市場,B0049 法銀巴黎投顧,法巴
B3TV4pw,2026-07-30,117.08000183105469,美元,法巴永續優化波動全球股票基金 B (美元),yfinance,股票型,全球市場,B0049 法銀巴黎投顧,法巴
B3TV4pw,2026-07-31,116.47000122070312,美元,法巴永續優化波動全球股票基金 B (美元),yfinance,股票型,全球市場,B0049 法銀巴黎投顧,法巴
B3TV4pw,2026-08-03,117.25,美元,法巴永續優化波動全球股票基金 B (美元),yfinance,股票型,全球市場,B0049 法銀巴黎投顧,法巴
B3TV4pw,2026-08-04,118.43000030517578,美元,法巴永續優化波動全球股票基金 B (美元),yfinance,股票型,全球市場,B0049 法銀巴黎投顧,法巴
B3TV4pw,2026-08-05,118.70999908447266,美元,法巴永續優化波動全球股票基金 B (美元),yfinance,股票型,全球市場,B0049 法銀巴黎投顧,法巴
B3TV4pw,2026-08-06,118.86000061035156,美元,法巴永續優化波動全球股票基金 B (美元),yfinance,股票型,全球市場,B0049 法銀巴黎投顧,法巴
B3TV4pw,2026-08-07,119.33000183105469,美元,法巴永續優化波動全球股票基金 B (美元),yfinance,股票型,全球市場,B0049 法銀巴黎投顧,法巴
B3TV4pw,2026-08-10,119.37999725341797,美元,法巴永續優化波動全球股票基金 B (美元),yfinance,股票型,全球市場,B0049 法銀巴黎投顧,法巴
B3TV4pw,2026-08-11,119.12000274658203,美元,法巴永續優化波動全球股票基金 B (美元),yfinance,股票型,全球市場,B0049 法銀巴黎投顧,法巴
B3TV4pw,2026-08-12,118.94999694824219,美元,法巴永續優化波動全球股票基金 B (美元),yfinance,股票型,全球市場,B0049 法銀巴黎投顧,法巴
B3TV4pw,2026-08-13,118.88999938964844,美元,法巴永續優化波動全球股票基金 B (美元),yfinance,股票型,全球市場,B0049 法銀巴黎投顧,法巴
B3TV4pw,2026-08-14,118.7699966430664,美元,法巴永續優化波動全球股票基金 B (美元),yfinance,股票型,全球市場,B0049 法銀巴黎投顧,法巴
B3TV4pw,2026-08-17,117.69000244140625,美元,法巴永續優化波動全球股票基金 B (美元),yfinance,股票型,全球市場,B0049 法銀巴黎投顧,法巴
B28dFyz,2026-01-02,12.591179847717285,美元,資本集團新興市場債券基金(盧森堡) Bfdm,yfinance,債券型,全球新興市場,A0007 瀚亞投信,資本集團
B28dFyz,2026-01-05,12.620169639587402,美元,資本集團新興市場債券基金(盧森堡) Bfdm,yfinance,債券型,全球新興市場,A0007 瀚亞投信,資本集團
B28dFyz,2026-01-06,12.62983226776123,美元,資本集團新興市場債券基金(盧森堡) Bfdm,yfinance,債券型,全球新興市場,A0007 瀚亞投信,資本集團
B28dFyz,2026-01-07,12.620169639587402,美元,資本集團新興市場債券基金(盧森堡) Bfdm,yfinance,債券型,全球新興市場,A0007 瀚亞投信,資本集團
B28dFyz,2026-01-08,12.591179847717285,美元,資本集團新興市場債券基金(盧森堡) Bfdm,yfinance,債券型,全球新興市場,A0007 瀚亞投信,資本集團
B28dFyz,2026-01-09,12.600842475891113,美元,資本集團新興市場債券基金(盧森堡) Bfdm,yfinance,債券型,全球新興市場,A0007 瀚亞投信,資本集團
B28dFyz,2026-01-12,12.61050796508789,美元,資本集團新興市場債券基金(盧森堡) Bfdm,yfinance,債券型,全球新興市場,A0007 瀚亞投信,資本集團
B28dFyz,2026-01-13,12.620169639587402,美元,資本集團新興市場債券基金(盧森堡) Bfdm,yfinance,債券型,全球新興市場,A0007 瀚亞投信,資本集團
B28dFyz,2026-01-14,12.62983226776123,美元,資本集團新興市場債券基金(盧森堡) Bfdm,yfinance,債券型,全球新興市場,A0007 瀚亞投信,資本集團
B28dFyz,2026-01-15,12.639494895935059,美元,資本集團新興市場債券基金(盧森堡) Bfdm,yfinance,債券型,全球新興市場,A0007 瀚亞投信,資本集團
B28dFyz,2026-01-16,12.61050796508789,美元,資本集團新興市場債券基金(盧森堡) Bfdm,yfinance,債券型,全球新興市場,A0007 瀚亞投信,資本集團
B28dFyz,2026-01-20,12.581518173217773,美元,資本集團新興市場債券基金(盧森堡) Bfdm,yfinance,債券型,全球新興市場,A0007 瀚亞投信,資本集團
B28dFyz,2026-01-21,12.62983226776123,美元,資本集團新興市場債券基金(盧森堡) Bfdm,yfinance,債券型,全球新興市場,A0007 瀚亞投信,資本集團
B28dFyz,2026-01-22,12.687810897827148,美元,資本集團新興市場債券基金(盧森堡) Bfdm,yfinance,債券型,全球新興市場,A0007 瀚亞投信,資本集團
B28dFyz,2026-01-23,12.707138061523438,美元,資本集團新興市場債券基金(盧森堡) Bfdm,yfinance,債券型,全球新興市場,A0007 瀚亞投信,資本集團
B28dFyz,2026-01-26,12.7457914352417,美元,資本集團新興市場債券基金(盧森堡) Bfdm,yfinance,債券型,全球新興市場,A0007 瀚亞投信,資本集團
B28dFyz,2026-01-27,12.803771018981934,美元,資本集團新興市場債券基金(盧森堡) Bfdm,yfinance,債券型,全球新興市場,A0007 瀚亞投信,資本集團
B28dFyz,2026-01-28,12.803771018981934,美元,資本集團新興市場債券基金(盧森堡) Bfdm,yfinance,債券型,全球新興市場,A0007 瀚亞投信,資本集團
B28dFyz,2026-01-29,12.813434600830078,美元,資本集團新興市場債券基金(盧森堡) Bfdm,yfinance,債券型,全球新興市場,A0007 瀚亞投信,資本集團
B28dFyz,2026-01-30,12.755455017089844,美元,資本集團新興市場債券基金(盧森堡) Bfdm,yfinance,債券型,全球新興市場,A0007 瀚亞投信,資本集團
B28dFyz,2026-02-02,12.759146690368652,美元,資本集團新興市場債券基金(盧森堡) Bfdm,yfinance,債券型,全球新興市場,A0007 瀚亞投信,資本集團
B28dFyz,2026-02-03,12.798017501831055,美元,資本集團新興市場債券基金(盧森堡) Bfdm,yfinance,債券型,全球新興市場,A0007 瀚亞投信,資本集團
B28dFyz,2026-02-04,12.778583526611328,美元,資本集團新興市場債券基金(盧森堡) Bfdm,yfinance,債券型,全球新興市場,A0007 瀚亞投信,資本集團
B28dFyz,2026-02-05,12.759146690368652,美元,資本集團新興市場債券基金(盧森堡) Bfdm,yfinance,債券型,全球新興市場,A0007 瀚亞投信,資本集團
B28dFyz,2026-02-06,12.798017501831055,美元,資本集團新興市場債券基金(盧森堡) Bfdm,yfinance,債券型,全球新興市場,A0007 瀚亞投信,資本集團
B28dFyz,2026-02-09,12.83688735961914,美元,資本集團新興市場債券基金(盧森堡) Bfdm,yfinance,債券型,全球新興市場,A0007 瀚亞投信,資本集團
B28dFyz,2026-02-10,12.856322288513184,美元,資本集團新興市場債券基金(盧森堡) Bfdm,yfinance,債券型,全球新興市場,A0007 瀚亞投信,資本集團
B28dFyz,2026-02-11,12.856322288513184,美元,資本集團新興市場債券基金(盧森堡) Bfdm,yfinance,債券型,全球新興市場,A0007 瀚亞投信,資本集團
B28dFyz,2026-02-12,12.87575912475586,美元,資本集團新興市場債券基金(盧森堡) Bfdm,yfinance,債券型,全球新興市場,A0007 瀚亞投信,資本集團
B28dFyz,2026-02-13,12.895193099975586,美元,資本集團新興市場債券基金(盧森堡) Bfdm,yfinance,債券型,全球新興市場,A0007 瀚亞投信,資本集團
B28dFyz,2026-02-17,12.904911041259766,美元,資本集團新興市場債券基金(盧森堡) Bfdm,yfinance,債券型,全球新興市場,A0007 瀚亞投信,資本集團
B28dFyz,2026-02-18,12.885475158691406,美元,資本集團新興市場債券基金(盧森堡) Bfdm,yfinance,債券型,全球新興市場,A0007 瀚亞投信,資本集團
B28dFyz,2026-02-19,12.856322288513184,美元,資本集團新興市場債券基金(盧森堡) Bfdm,yfinance,債券型,全球新興市場,A0007 瀚亞投信,資本集團
B28dFyz,2026-02-20,12.87575912475586,美元,資本集團新興市場債券基金(盧森堡) Bfdm,yfinance,債券型,全球新興市場,A0007 瀚亞投信,資本集團
B28dFyz,2026-02-23,12.895193099975586,美元,資本集團新興市場債券基金(盧森堡) Bfdm,yfinance,債券型,全球新興市場,A0007 瀚亞投信,資本集團
B28dFyz,2026-02-24,12.90121841430664,美元,資本集團新興市場債券基金(盧森堡) Bfdm,yfinance,債券型,全球新興市場,A0007 瀚亞投信,資本集團
B28dFyz,2026-02-25,12.933674812316895,美元,資本集團新興市場債券基金(盧森堡) Bfdm,yfinance,債券型,全球新興市場,A0007 瀚亞投信,資本集團
B28dFyz,2026-02-26,12.926872253417969,美元,資本集團新興市場債券基金(盧森堡) Bfdm,yfinance,債券型,全球新興市場,A0007 瀚亞投信,資本集團
B28dFyz,2026-02-27,12.92735767364502,美元,資本集團新興市場債券基金(盧森堡) Bfdm,yfinance,債券型,全球新興市場,A0007 瀚亞投信,資本集團
B28dFyz,2026-03-02,12.820356369018555,美元,資本集團新興市場債券基金(盧森堡) Bfdm,yfinance,債券型,全球新興市場,A0007 瀚亞投信,資本集團
B28dFyz,2026-03-03,12.679741859436035,美元,資本集團新興市場債券基金(盧森堡) Bfdm,yfinance,債券型,全球新興市場,A0007 瀚亞投信,資本集團
B28dFyz,2026-03-04,12.723910331726074,美元,資本集團新興市場債券基金(盧森堡) Bfdm,yfinance,債券型,全球新興市場,A0007 瀚亞投信,資本集團
B28dFyz,2026-03-05,12.667625427246094,美元,資本集團新興市場債券基金(盧森堡) Bfdm,yfinance,債券型,全球新興市場,A0007 瀚亞投信,資本集團
B28dFyz,2026-03-06,12.605379104614258,美元,資本集團新興市場債券基金(盧森堡) Bfdm,yfinance,債券型,全球新興市場,A0007 瀚亞投信,資本集團
B28dFyz,2026-03-09,12.583098411560059,美元,資本集團新興市場債券基金(盧森堡) Bfdm,yfinance,債券型,全球新興市場,A0007 瀚亞投信,資本集團
B28dFyz,2026-03-10,12.686483383178711,美元,資本集團新興市場債券基金(盧森堡) Bfdm,yfinance,債券型,全球新興市場,A0007 瀚亞投信,資本集團
B28dFyz,2026-03-11,12.639090538024902,美元,資本集團新興市場債券基金(盧森堡) Bfdm,yfinance,債券型,全球新興市場,A0007 瀚亞投信,資本集團
B28dFyz,2026-03-12,12.53853988647461,美元,資本集團新興市場債券基金(盧森堡) Bfdm,yfinance,債券型,全球新興市場,A0007 瀚亞投信,資本集團
B28dFyz,2026-03-13,12.449225425720215,美元,資本集團新興市場債券基金(盧森堡) Bfdm,yfinance,債券型,全球新興市場,A0007 瀚亞投信,資本集團
B28dFyz,2026-03-16,12.51547908782959,美元,資本集團新興市場債券基金(盧森堡) Bfdm,yfinance,債券型,全球新興市場,A0007 瀚亞投信,資本集團
B28dFyz,2026-03-17,12.547823905944824,美元,資本集團新興市場債券基金(盧森堡) Bfdm,yfinance,債券型,全球新興市場,A0007 瀚亞投信,資本集團
B28dFyz,2026-03-18,12.484110832214355,美元,資本集團新興市場債券基金(盧森堡) Bfdm,yfinance,債券型,全球新興市場,A0007 瀚亞投信,資本集團
B28dFyz,2026-03-19,12.476195335388184,美元,資本集團新興市場債券基金(盧森堡) Bfdm,yfinance,債券型,全球新興市場,A0007 瀚亞投信,資本集團
B28dFyz,2026-03-20,12.368119239807129,美元,資本集團新興市場債券基金(盧森堡) Bfdm,yfinance,債券型,全球新興市場,A0007 瀚亞投信,資本集團
B28dFyz,2026-03-23,12.430854797363281,美元,資本集團新興市場債券基金(盧森堡) Bfdm,yfinance,債券型,全球新興市場,A0007 瀚亞投信,資本集團
B28dFyz,2026-03-24,12.389519691467285,美元,資本集團新興市場債券基金(盧森堡) Bfdm,yfinance,債券型,全球新興市場,A0007 瀚亞投信,資本集團
B28dFyz,2026-03-25,12.444731712341309,美元,資本集團新興市場債券基金(盧森堡) Bfdm,yfinance,債券型,全球新興市場,A0007 瀚亞投信,資本集團
B28dFyz,2026-03-26,12.374667167663574,美元,資本集團新興市場債券基金(盧森堡) Bfdm,yfinance,債券型,全球新興市場,A0007 瀚亞投信,資本集團
B28dFyz,2026-03-27,12.319456100463867,美元,資本集團新興市場債券基金(盧森堡) Bfdm,yfinance,債券型,全球新興市場,A0007 瀚亞投信,資本集團
B28dFyz,2026-03-30,12.302453994750977,美元,資本集團新興市場債券基金(盧森堡) Bfdm,yfinance,債券型,全球新興市場,A0007 瀚亞投信,資本集團
B28dFyz,2026-03-31,12.366165161132812,美元,資本集團新興市場債券基金(盧森堡) Bfdm,yfinance,債券型,全球新興市場,A0007 瀚亞投信,資本集團
B28dFyz,2026-04-01,12.437426567077637,美元,資本集團新興市場債券基金(盧森堡) Bfdm,yfinance,債券型,全球新興市場,A0007 瀚亞投信,資本集團
B28dFyz,2026-04-02,12.43202018737793,美元,資本集團新興市場債券基金(盧森堡) Bfdm,yfinance,債券型,全球新興市場,A0007 瀚亞投信,資本集團
B28dFyz,2026-04-07,12.44676399230957,美元,資本集團新興市場債券基金(盧森堡) Bfdm,yfinance,債券型,全球新興市場,A0007 瀚亞投信,資本集團
B28dFyz,2026-04-08,12.642362594604492,美元,資本集團新興市場債券基金(盧森堡) Bfdm,yfinance,債券型,全球新興市場,A0007 瀚亞投信,資本集團
B28dFyz,2026-04-09,12.661431312561035,美元,資本集團新興市場債券基金(盧森堡) Bfdm,yfinance,債券型,全球新興市場,A0007 瀚亞投信,資本集團
B28dFyz,2026-04-10,12.704089164733887,美元,資本集團新興市場債券基金(盧森堡) Bfdm,yfinance,債券型,全球新興市場,A0007 瀚亞投信,資本集團
B28dFyz,2026-04-13,12.734951972961426,美元,資本集團新興市場債券基金(盧森堡) Bfdm,yfinance,債券型,全球新興市場,A0007 瀚亞投信,資本集團
B28dFyz,2026-04-14,12.805034637451172,美元,資本集團新興市場債券基金(盧森堡) Bfdm,yfinance,債券型,全球新興市場,A0007 瀚亞投信,資本集團
B28dFyz,2026-04-15,12.80070972442627,美元,資本集團新興市場債券基金(盧森堡) Bfdm,yfinance,債券型,全球新興市場,A0007 瀚亞投信,資本集團
B28dFyz,2026-04-16,12.786163330078125,美元,資本集團新興市場債券基金(盧森堡) Bfdm,yfinance,債券型,全球新興市場,A0007 瀚亞投信,資本集團
B28dFyz,2026-04-17,12.86302661895752,美元,資本集團新興市場債券基金(盧森堡) Bfdm,yfinance,債券型,全球新興市場,A0007 瀚亞投信,資本集團
B28dFyz,2026-04-20,12.86125659942627,美元,資本集團新興市場債券基金(盧森堡) Bfdm,yfinance,債券型,全球新興市場,A0007 瀚亞投信,資本集團
B28dFyz,2026-04-21,12.825576782226562,美元,資本集團新興市場債券基金(盧森堡) Bfdm,yfinance,債券型,全球新興市場,A0007 瀚亞投信,資本集團
B28dFyz,2026-04-22,12.81338882446289,美元,資本集團新興市場債券基金(盧森堡) Bfdm,yfinance,債券型,全球新興市場,A0007 瀚亞投信,資本集團
B28dFyz,2026-04-23,12.764537811279297,美元,資本集團新興市場債券基金(盧森堡) Bfdm,yfinance,債券型,全球新興市場,A0007 瀚亞投信,資本集團
B28dFyz,2026-04-24,12.764144897460938,美元,資本集團新興市場債券基金(盧森堡) Bfdm,yfinance,債券型,全球新興市場,A0007 瀚亞投信,資本集團
B28dFyz,2026-04-27,12.751956939697266,美元,資本集團新興市場債券基金(盧森堡) Bfdm,yfinance,債券型,全球新興市場,A0007 瀚亞投信,資本集團
B28dFyz,2026-04-28,12.723551750183105,美元,資本集團新興市場債券基金(盧森堡) Bfdm,yfinance,債券型,全球新興市場,A0007 瀚亞投信,資本集團
B28dFyz,2026-04-29,12.659071922302246,美元,資本集團新興市場債券基金(盧森堡) Bfdm,yfinance,債券型,全球新興市場,A0007 瀚亞投信,資本集團
B28dFyz,2026-04-30,12.68551254272461,美元,資本集團新興市場債券基金(盧森堡) Bfdm,yfinance,債券型,全球新興市場,A0007 瀚亞投信,資本集團
B28dFyz,2026-05-04,12.585844993591309,美元,資本集團新興市場債券基金(盧森堡) Bfdm,yfinance,債券型,全球新興市場,A0007 瀚亞投信,資本集團
B28dFyz,2026-05-05,12.580439567565918,美元,資本集團新興市場債券基金(盧森堡) Bfdm,yfinance,債券型,全球新興市場,A0007 瀚亞投信,資本集團
B28dFyz,2026-05-06,12.708906173706055,美元,資本集團新興市場債券基金(盧森堡) Bfdm,yfinance,債券型,全球新興市場,A0007 瀚亞投信,資本集團
B28dFyz,2026-05-07,12.715392112731934,美元,資本集團新興市場債券基金(盧森堡) Bfdm,yfinance,債券型,全球新興市場,A0007 瀚亞投信,資本集團
B28dFyz,2026-05-08,12.731512069702148,美元,資本集團新興市場債券基金(盧森堡) Bfdm,yfinance,債券型,全球新興市場,A0007 瀚亞投信,資本集團
B28dFyz,2026-05-11,12.693375587463379,美元,資本集團新興市場債券基金(盧森堡) Bfdm,yfinance,債券型,全球新興市場,A0007 瀚亞投信,資本集團
B28dFyz,2026-05-12,12.635481834411621,美元,資本集團新興市場債券基金(盧森堡) Bfdm,yfinance,債券型,全球新興市場,A0007 瀚亞投信,資本集團
B28dFyz,2026-05-13,12.614251136779785,美元,資本集團新興市場債券基金(盧森堡) Bfdm,yfinance,債券型,全球新興市場,A0007 瀚亞投信,資本集團
B28dFyz,2026-05-15,12.502396583557129,美元,資本集團新興市場債券基金(盧森堡) Bfdm,yfinance,債券型,全球新興市場,A0007 瀚亞投信,資本集團
B28dFyz,2026-05-18,12.498366355895996,美元,資本集團新興市場債券基金(盧森堡) Bfdm,yfinance,債券型,全球新興市場,A0007 瀚亞投信,資本集團
B28dFyz,2026-05-19,12.434380531311035,美元,資本集團新興市場債券基金(盧森堡) Bfdm,yfinance,債券型,全球新興市場,A0007 瀚亞投信,資本集團
B28dFyz,2026-05-20,12.509669303894043,美元,資本集團新興市場債券基金(盧森堡) Bfdm,yfinance,債券型,全球新興市場,A0007 瀚亞投信,資本集團
B28dFyz,2026-05-21,12.52991771697998,美元,資本集團新興市場債券基金(盧森堡) Bfdm,yfinance,債券型,全球新興市場,A0007 瀚亞投信,資本集團
B28dFyz,2026-05-22,12.552721977233887,美元,資本集團新興市場債券基金(盧森堡) Bfdm,yfinance,債券型,全球新興市場,A0007 瀚亞投信,資本集團
B28dFyz,2026-05-26,12.625555038452148,美元,資本集團新興市場債券基金(盧森堡) Bfdm,yfinance,債券型,全球新興市場,A0007 瀚亞投信,資本集團
B28dFyz,2026-05-27,12.643247604370117,美元,資本集團新興市場債券基金(盧森堡) Bfdm,yfinance,債券型,全球新興市場,A0007 瀚亞投信,資本集團
B28dFyz,2026-05-28,12.673323631286621,美元,資本集團新興市場債券基金(盧森堡) Bfdm,yfinance,債券型,全球新興市場,A0007 瀚亞投信,資本集團
B28dFyz,2026-05-29,12.69828987121582,美元,資本集團新興市場債券基金(盧森堡) Bfdm,yfinance,債券型,全球新興市場,A0007 瀚亞投信,資本集團
B28dFyz,2026-06-01,12.718555450439453,美元,資本集團新興市場債券基金(盧森堡) Bfdm,yfinance,債券型,全球新興市場,A0007 瀚亞投信,資本集團
B28dFyz,2026-06-02,12.746037483215332,美元,資本集團新興市場債券基金(盧森堡) Bfdm,yfinance,債券型,全球新興市場,A0007 瀚亞投信,資本集團
B28dFyz,2026-06-03,12.699278831481934,美元,資本集團新興市場債券基金(盧森堡) Bfdm,yfinance,債券型,全球新興市場,A0007 瀚亞投信,資本集團
B28dFyz,2026-06-04,12.713118553161621,美元,資本集團新興市場債券基金(盧森堡) Bfdm,yfinance,債券型,全球新興市場,A0007 瀚亞投信,資本集團
B28dFyz,2026-06-05,12.62088680267334,美元,資本集團新興市場債券基金(盧森堡) Bfdm,yfinance,債券型,全球新興市場,A0007 瀚亞投信,資本集團
B28dFyz,2026-06-08,12.584606170654297,美元,資本集團新興市場債券基金(盧森堡) Bfdm,yfinance,債券型,全球新興市場,A0007 瀚亞投信,資本集團
B28dFyz,2026-06-09,12.624246597290039,美元,資本集團新興市場債券基金(盧森堡) Bfdm,yfinance,債券型,全球新興市場,A0007 瀚亞投信,資本集團
B28dFyz,2026-06-10,12.616239547729492,美元,資本集團新興市場債券基金(盧森堡) Bfdm,yfinance,債券型,全球新興市場,A0007 瀚亞投信,資本集團
B28dFyz,2026-06-11,12.68929386138916,美元,資本集團新興市場債券基金(盧森堡) Bfdm,yfinance,債券型,全球新興市場,A0007 瀚亞投信,資本集團
B28dFyz,2026-06-12,12.751869201660156,美元,資本集團新興市場債券基金(盧森堡) Bfdm,yfinance,債券型,全球新興市場,A0007 瀚亞投信,資本集團
B28dFyz,2026-06-15,12.823342323303223,美元,資本集團新興市場債券基金(盧森堡) Bfdm,yfinance,債券型,全球新興市場,A0007 瀚亞投信,資本集團
B28dFyz,2026-06-16,12.851021766662598,美元,資本集團新興市場債券基金(盧森堡) Bfdm,yfinance,債券型,全球新興市場,A0007 瀚亞投信,資本集團
B28dFyz,2026-06-17,12.80307674407959,美元,資本集團新興市場債券基金(盧森堡) Bfdm,yfinance,債券型,全球新興市場,A0007 瀚亞投信,資本集團
B28dFyz,2026-06-18,12.7741117477417,美元,資本集團新興市場債券基金(盧森堡) Bfdm,yfinance,債券型,全球新興市場,A0007 瀚亞投信,資本集團
B28dFyz,2026-06-22,12.75285816192627,美元,資本集團新興市場債券基金(盧森堡) Bfdm,yfinance,債券型,全球新興市場,A0007 瀚亞投信,資本集團
B28dFyz,2026-06-24,12.728342056274414,美元,資本集團新興市場債券基金(盧森堡) Bfdm,yfinance,債券型,全球新興市場,A0007 瀚亞投信,資本集團
B28dFyz,2026-06-25,12.768675804138184,美元,資本集團新興市場債券基金(盧森堡) Bfdm,yfinance,債券型,全球新興市場,A0007 瀚亞投信,資本集團
B28dFyz,2026-06-26,12.781525611877441,美元,資本集團新興市場債券基金(盧森堡) Bfdm,yfinance,債券型,全球新興市場,A0007 瀚亞投信,資本集團
B28dFyz,2026-06-29,12.802285194396973,美元,資本集團新興市場債券基金(盧森堡) Bfdm,yfinance,債券型,全球新興市場,A0007 瀚亞投信,資本集團
B28dFyz,2026-06-30,12.793586730957031,美元,資本集團新興市場債券基金(盧森堡) Bfdm,yfinance,債券型,全球新興市場,A0007 瀚亞投信,資本集團
B28dFyz,2026-07-01,12.759485244750977,美元,資本集團新興市場債券基金(盧森堡) Bfdm,yfinance,債券型,全球新興市場,A0007 瀚亞投信,資本集團
B28dFyz,2026-07-02,12.782252311706543,美元,資本集團新興市場債券基金(盧森堡) Bfdm,yfinance,債券型,全球新興市場,A0007 瀚亞投信,資本集團
B28dFyz,2026-07-06,12.851152420043945,美元,資本集團新興市場債券基金(盧森堡) Bfdm,yfinance,債券型,全球新興市場,A0007 瀚亞投信,資本集團
B28dFyz,2026-07-07,12.79507827758789,美元,資本集團新興市場債券基金(盧森堡) Bfdm,yfinance,債券型,全球新興市場,A0007 瀚亞投信,資本集團
B28dFyz,2026-07-08,12.743775367736816,美元,資本集團新興市場債券基金(盧森堡) Bfdm,yfinance,債券型,全球新興市場,A0007 瀚亞投信,資本集團
B28dFyz,2026-07-09,12.765549659729004,美元,資本集團新興市場債券基金(盧森堡) Bfdm,yfinance,債券型,全球新興市場,A0007 瀚亞投信,資本集團
B28dFyz,2026-07-10,12.794779777526855,美元,資本集團新興市場債券基金(盧森堡) Bfdm,yfinance,債券型,全球新興市場,A0007 瀚亞投信,資本集團
B28dFyz,2026-07-13,12.744073867797852,美元,資本集團新興市場債券基金(盧森堡) Bfdm,yfinance,債券型,全球新興市場,A0007 瀚亞投信,資本集團
B28dFyz,2026-07-14,12.763461112976074,美元,資本集團新興市場債券基金(盧森堡) Bfdm,yfinance,債券型,全球新興市場,A0007 瀚亞投信,資本集團
B28dFyz,2026-07-15,12.78424072265625,美元,資本集團新興市場債券基金(盧森堡) Bfdm,yfinance,債券型,全球新興市場,A0007 瀚亞投信,資本集團
B28dFyz,2026-07-16,12.758888244628906,美元,資本集團新興市場債券基金(盧森堡) Bfdm,yfinance,債券型,全球新興市場,A0007 瀚亞投信,資本集團
B28dFyz,2026-07-20,12.72230052947998,美元,資本集團新興市場債券基金(盧森堡) Bfdm,yfinance,債券型,全球新興市場,A0007 瀚亞投信,資本集團
B28dFyz,2026-07-21,12.721207618713379,美元,資本集團新興市場債券基金(盧森堡) Bfdm,yfinance,債券型,全球新興市場,A0007 瀚亞投信,資本集團
B28dFyz,2026-07-22,12.697941780090332,美元,資本集團新興市場債券基金(盧森堡) Bfdm,yfinance,債券型,全球新興市場,A0007 瀚亞投信,資本集團
B28dFyz,2026-07-23,12.613731384277344,美元,資本集團新興市場債券基金(盧森堡) Bfdm,yfinance,債券型,全球新興市場,A0007 瀚亞投信,資本集團
B28dFyz,2026-07-24,12.623574256896973,美元,資本集團新興市場債券基金(盧森堡) Bfdm,yfinance,債券型,全球新興市場,A0007 瀚亞投信,資本集團
B28dFyz,2026-07-27,12.673783302307129,美元,資本集團新興市場債券基金(盧森堡) Bfdm,yfinance,債券型,全球新興市場,A0007 瀚亞投信,資本集團
B28dFyz,2026-07-28,12.697047233581543,美元,資本集團新興市場債券基金(盧森堡) Bfdm,yfinance,債券型,全球新興市場,A0007 瀚亞投信,資本集團
B28dFyz,2026-07-29,12.676764488220215,美元,資本集團新興市場債券基金(盧森堡) Bfdm,yfinance,債券型,全球新興市場,A0007 瀚亞投信,資本集團
B28dFyz,2026-07-30,12.714346885681152,美元,資本集團新興市場債券基金(盧森堡) Bfdm,yfinance,債券型,全球新興市場,A0007 瀚亞投信,資本集團
B28dFyz,2026-07-31,12.7052001953125,美元,資本集團新興市場債券基金(盧森堡) Bfdm,yfinance,債券型,全球新興市場,A0007 瀚亞投信,資本集團
B28dFyz,2026-08-03,12.732999801635742,美元,資本集團新興市場債券基金(盧森堡) Bfdm,yfinance,債券型,全球新興市場,A0007 瀚亞投信,資本集團
B28dFyz,2026-08-04,12.786800384521484,美元,資本集團新興市場債券基金(盧森堡) Bfdm,yfinance,債券型,全球新興市場,A0007 瀚亞投信,資本集團
B28dFyz,2026-08-05,12.820799827575684,美元,資本集團新興市場債券基金(盧森堡) Bfdm,yfinance,債券型,全球新興市場,A0007 瀚亞投信,資本集團
B28dFyz,2026-08-06,12.807299613952637,美元,資本集團新興市場債券基金(盧森堡) Bfdm,yfinance,債券型,全球新興市場,A0007 瀚亞投信,資本集團
B28dFyz,2026-08-07,12.843899726867676,美元,資本集團新興市場債券基金(盧森堡) Bfdm,yfinance,債券型,全球新興市場,A0007 瀚亞投信,資本集團
B28dFyz,2026-08-10,12.829899787902832,美元,資本集團新興市場債券基金(盧森堡) Bfdm,yfinance,債券型,全球新興市場,A0007 瀚亞投信,資本集團
B28dFyz,2026-08-11,12.810099601745605,美元,資本集團新興市場債券基金(盧森堡) Bfdm,yfinance,債券型,全球新興市場,A0007 瀚亞投信,資本集團
B28dFyz,2026-08-12,12.812399864196777,美元,資本集團新興市場債券基金(盧森堡) Bfdm,yfinance,債券型,全球新興市場,A0007 瀚亞投信,資本集團
B28dFyz,2026-08-13,12.840299606323242,美元,資本集團新興市場債券基金(盧森堡) Bfdm,yfinance,債券型,全球新興市場,A0007 瀚亞投信,資本集團
B28dFyz,2026-08-14,12.831399917602539,美元,資本集團新興市場債券基金(盧森堡) Bfdm,yfinance,債券型,全球新興市場,A0007 瀚亞投信,資本集團
B28dFyz,2026-08-17,12.825900077819824,美元,資本集團新興市場債券基金(盧森堡) Bfdm,yfinance,債券型,全球新興市場,A0007 瀚亞投信,資本集團
B230756,2026-01-02,102.01920318603516,美元,施羅德環球基金系列－環球永續食物與水資源(美元)C-累積,yfinance,未分類,全球市場,A0042 施羅德投信,施羅德
B230756,2026-01-05,101.77210235595703,美元,施羅德環球基金系列－環球永續食物與水資源(美元)C-累積,yfinance,未分類,全球市場,A0042 施羅德投信,施羅德
B230756,2026-01-06,102.28119659423828,美元,施羅德環球基金系列－環球永續食物與水資源(美元)C-累積,yfinance,未分類,全球市場,A0042 施羅德投信,施羅德
B230756,2026-01-07,102.87750244140625,美元,施羅德環球基金系列－環球永續食物與水資源(美元)C-累積,yfinance,未分類,全球市場,A0042 施羅德投信,施羅德
B230756,2026-01-08,100.70790100097656,美元,施羅德環球基金系列－環球永續食物與水資源(美元)C-累積,yfinance,未分類,全球市場,A0042 施羅德投信,施羅德
B230756,2026-01-09,102.51740264892578,美元,施羅德環球基金系列－環球永續食物與水資源(美元)C-累積,yfinance,未分類,全球市場,A0042 施羅德投信,施羅德
B230756,2026-01-12,102.89140319824219,美元,施羅德環球基金系列－環球永續食物與水資源(美元)C-累積,yfinance,未分類,全球市場,A0042 施羅德投信,施羅德
B230756,2026-01-13,102.42379760742188,美元,施羅德環球基金系列－環球永續食物與水資源(美元)C-累積,yfinance,未分類,全球市場,A0042 施羅德投信,施羅德
B230756,2026-01-14,102.50240325927734,美元,施羅德環球基金系列－環球永續食物與水資源(美元)C-累積,yfinance,未分類,全球市場,A0042 施羅德投信,施羅德
B230756,2026-01-15,103.80570220947266,美元,施羅德環球基金系列－環球永續食物與水資源(美元)C-累積,yfinance,未分類,全球市場,A0042 施羅德投信,施羅德
B230756,2026-01-16,104.06500244140625,美元,施羅德環球基金系列－環球永續食物與水資源(美元)C-累積,yfinance,未分類,全球市場,A0042 施羅德投信,施羅德
B230756,2026-01-20,102.51899719238281,美元,施羅德環球基金系列－環球永續食物與水資源(美元)C-累積,yfinance,未分類,全球市場,A0042 施羅德投信,施羅德
B230756,2026-01-21,102.75479888916016,美元,施羅德環球基金系列－環球永續食物與水資源(美元)C-累積,yfinance,未分類,全球市場,A0042 施羅德投信,施羅德
B230756,2026-01-22,104.6416015625,美元,施羅德環球基金系列－環球永續食物與水資源(美元)C-累積,yfinance,未分類,全球市場,A0042 施羅德投信,施羅德
B230756,2026-01-23,104.66560363769531,美元,施羅德環球基金系列－環球永續食物與水資源(美元)C-累積,yfinance,未分類,全球市場,A0042 施羅德投信,施羅德
B230756,2026-01-26,106.15579986572266,美元,施羅德環球基金系列－環球永續食物與水資源(美元)C-累積,yfinance,未分類,全球市場,A0042 施羅德投信,施羅德
B230756,2026-01-27,106.28019714355469,美元,施羅德環球基金系列－環球永續食物與水資源(美元)C-累積,yfinance,未分類,全球市場,A0042 施羅德投信,施羅德
B230756,2026-01-28,106.50039672851562,美元,施羅德環球基金系列－環球永續食物與水資源(美元)C-累積,yfinance,未分類,全球市場,A0042 施羅德投信,施羅德
B230756,2026-01-29,107.03790283203125,美元,施羅德環球基金系列－環球永續食物與水資源(美元)C-累積,yfinance,未分類,全球市場,A0042 施羅德投信,施羅德
B230756,2026-01-30,106.69930267333984,美元,施羅德環球基金系列－環球永續食物與水資源(美元)C-累積,yfinance,未分類,全球市場,A0042 施羅德投信,施羅德
B230756,2026-02-02,105.92430114746094,美元,施羅德環球基金系列－環球永續食物與水資源(美元)C-累積,yfinance,未分類,全球市場,A0042 施羅德投信,施羅德
B230756,2026-02-03,106.40409851074219,美元,施羅德環球基金系列－環球永續食物與水資源(美元)C-累積,yfinance,未分類,全球市場,A0042 施羅德投信,施羅德
B230756,2026-02-04,108.1404037475586,美元,施羅德環球基金系列－環球永續食物與水資源(美元)C-累積,yfinance,未分類,全球市場,A0042 施羅德投信,施羅德
B230756,2026-02-05,108.8031005859375,美元,施羅德環球基金系列－環球永續食物與水資源(美元)C-累積,yfinance,未分類,全球市場,A0042 施羅德投信,施羅德
B230756,2026-02-06,109.02400207519531,美元,施羅德環球基金系列－環球永續食物與水資源(美元)C-累積,yfinance,未分類,全球市場,A0042 施羅德投信,施羅德
B230756,2026-02-09,110.47219848632812,美元,施羅德環球基金系列－環球永續食物與水資源(美元)C-累積,yfinance,未分類,全球市場,A0042 施羅德投信,施羅德
B230756,2026-02-10,111.64420318603516,美元,施羅德環球基金系列－環球永續食物與水資源(美元)C-累積,yfinance,未分類,全球市場,A0042 施羅德投信,施羅德
B230756,2026-02-11,112.54280090332031,美元,施羅德環球基金系列－環球永續食物與水資源(美元)C-累積,yfinance,未分類,全球市場,A0042 施羅德投信,施羅德
B230756,2026-02-12,113.29209899902344,美元,施羅德環球基金系列－環球永續食物與水資源(美元)C-累積,yfinance,未分類,全球市場,A0042 施羅德投信,施羅德
B230756,2026-02-13,112.20549774169922,美元,施羅德環球基金系列－環球永續食物與水資源(美元)C-累積,yfinance,未分類,全球市場,A0042 施羅德投信,施羅德
B230756,2026-02-17,111.33689880371094,美元,施羅德環球基金系列－環球永續食物與水資源(美元)C-累積,yfinance,未分類,全球市場,A0042 施羅德投信,施羅德
B230756,2026-02-18,111.06099700927734,美元,施羅德環球基金系列－環球永續食物與水資源(美元)C-累積,yfinance,未分類,全球市場,A0042 施羅德投信,施羅德
B230756,2026-02-19,110.95159912109375,美元,施羅德環球基金系列－環球永續食物與水資源(美元)C-累積,yfinance,未分類,全球市場,A0042 施羅德投信,施羅德
B230756,2026-02-20,111.564697265625,美元,施羅德環球基金系列－環球永續食物與水資源(美元)C-累積,yfinance,未分類,全球市場,A0042 施羅德投信,施羅德
B230756,2026-02-23,111.02870178222656,美元,施羅德環球基金系列－環球永續食物與水資源(美元)C-累積,yfinance,未分類,全球市場,A0042 施羅德投信,施羅德
B230756,2026-02-24,111.54769897460938,美元,施羅德環球基金系列－環球永續食物與水資源(美元)C-累積,yfinance,未分類,全球市場,A0042 施羅德投信,施羅德
B230756,2026-02-25,111.32520294189453,美元,施羅德環球基金系列－環球永續食物與水資源(美元)C-累積,yfinance,未分類,全球市場,A0042 施羅德投信,施羅德
B230756,2026-02-26,110.51709747314453,美元,施羅德環球基金系列－環球永續食物與水資源(美元)C-累積,yfinance,未分類,全球市場,A0042 施羅德投信,施羅德
B230756,2026-02-27,110.6948013305664,美元,施羅德環球基金系列－環球永續食物與水資源(美元)C-累積,yfinance,未分類,全球市場,A0042 施羅德投信,施羅德
B230756,2026-03-02,110.05719757080078,美元,施羅德環球基金系列－環球永續食物與水資源(美元)C-累積,yfinance,未分類,全球市場,A0042 施羅德投信,施羅德
B230756,2026-03-03,107.654296875,美元,施羅德環球基金系列－環球永續食物與水資源(美元)C-累積,yfinance,未分類,全球市場,A0042 施羅德投信,施羅德
B230756,2026-03-04,108.28459930419922,美元,施羅德環球基金系列－環球永續食物與水資源(美元)C-累積,yfinance,未分類,全球市場,A0042 施羅德投信,施羅德
B230756,2026-03-05,107.9197998046875,美元,施羅德環球基金系列－環球永續食物與水資源(美元)C-累積,yfinance,未分類,全球市場,A0042 施羅德投信,施羅德
B230756,2026-03-06,107.05039978027344,美元,施羅德環球基金系列－環球永續食物與水資源(美元)C-累積,yfinance,未分類,全球市場,A0042 施羅德投信,施羅德
B230756,2026-03-09,105.65339660644531,美元,施羅德環球基金系列－環球永續食物與水資源(美元)C-累積,yfinance,未分類,全球市場,A0042 施羅德投信,施羅德
B230756,2026-03-10,106.84380340576172,美元,施羅德環球基金系列－環球永續食物與水資源(美元)C-累積,yfinance,未分類,全球市場,A0042 施羅德投信,施羅德
B230756,2026-03-11,106.87149810791016,美元,施羅德環球基金系列－環球永續食物與水資源(美元)C-累積,yfinance,未分類,全球市場,A0042 施羅德投信,施羅德
B230756,2026-03-12,108.19580078125,美元,施羅德環球基金系列－環球永續食物與水資源(美元)C-累積,yfinance,未分類,全球市場,A0042 施羅德投信,施羅德
B230756,2026-03-13,108.20590209960938,美元,施羅德環球基金系列－環球永續食物與水資源(美元)C-累積,yfinance,未分類,全球市場,A0042 施羅德投信,施羅德
B230756,2026-03-16,108.36289978027344,美元,施羅德環球基金系列－環球永續食物與水資源(美元)C-累積,yfinance,未分類,全球市場,A0042 施羅德投信,施羅德
B230756,2026-03-17,108.65190124511719,美元,施羅德環球基金系列－環球永續食物與水資源(美元)C-累積,yfinance,未分類,全球市場,A0042 施羅德投信,施羅德
B230756,2026-03-18,108.0386962890625,美元,施羅德環球基金系列－環球永續食物與水資源(美元)C-累積,yfinance,未分類,全球市場,A0042 施羅德投信,施羅德
B230756,2026-03-19,105.7052993774414,美元,施羅德環球基金系列－環球永續食物與水資源(美元)C-累積,yfinance,未分類,全球市場,A0042 施羅德投信,施羅德
B230756,2026-03-20,104.41560363769531,美元,施羅德環球基金系列－環球永續食物與水資源(美元)C-累積,yfinance,未分類,全球市場,A0042 施羅德投信,施羅德
B230756,2026-03-23,103.36859893798828,美元,施羅德環球基金系列－環球永續食物與水資源(美元)C-累積,yfinance,未分類,全球市場,A0042 施羅德投信,施羅德
B230756,2026-03-24,103.43560028076172,美元,施羅德環球基金系列－環球永續食物與水資源(美元)C-累積,yfinance,未分類,全球市場,A0042 施羅德投信,施羅德
B230756,2026-03-25,104.22730255126953,美元,施羅德環球基金系列－環球永續食物與水資源(美元)C-累積,yfinance,未分類,全球市場,A0042 施羅德投信,施羅德
B230756,2026-03-26,105.62899780273438,美元,施羅德環球基金系列－環球永續食物與水資源(美元)C-累積,yfinance,未分類,全球市場,A0042 施羅德投信,施羅德
B230756,2026-03-27,104.31719970703125,美元,施羅德環球基金系列－環球永續食物與水資源(美元)C-累積,yfinance,未分類,全球市場,A0042 施羅德投信,施羅德
B230756,2026-03-30,105.09760284423828,美元,施羅德環球基金系列－環球永續食物與水資源(美元)C-累積,yfinance,未分類,全球市場,A0042 施羅德投信,施羅德
B230756,2026-03-31,106.08910369873047,美元,施羅德環球基金系列－環球永續食物與水資源(美元)C-累積,yfinance,未分類,全球市場,A0042 施羅德投信,施羅德
B230756,2026-04-01,107.2260971069336,美元,施羅德環球基金系列－環球永續食物與水資源(美元)C-累積,yfinance,未分類,全球市場,A0042 施羅德投信,施羅德
B230756,2026-04-02,106.12190246582031,美元,施羅德環球基金系列－環球永續食物與水資源(美元)C-累積,yfinance,未分類,全球市場,A0042 施羅德投信,施羅德
B230756,2026-04-07,107.8490982055664,美元,施羅德環球基金系列－環球永續食物與水資源(美元)C-累積,yfinance,未分類,全球市場,A0042 施羅德投信,施羅德
B230756,2026-04-08,108.52649688720703,美元,施羅德環球基金系列－環球永續食物與水資源(美元)C-累積,yfinance,未分類,全球市場,A0042 施羅德投信,施羅德
B230756,2026-04-09,109.03410339355469,美元,施羅德環球基金系列－環球永續食物與水資源(美元)C-累積,yfinance,未分類,全球市場,A0042 施羅德投信,施羅德
B230756,2026-04-10,109.05989837646484,美元,施羅德環球基金系列－環球永續食物與水資源(美元)C-累積,yfinance,未分類,全球市場,A0042 施羅德投信,施羅德
B230756,2026-04-13,108.32890319824219,美元,施羅德環球基金系列－環球永續食物與水資源(美元)C-累積,yfinance,未分類,全球市場,A0042 施羅德投信,施羅德
B230756,2026-04-14,109.24199676513672,美元,施羅德環球基金系列－環球永續食物與水資源(美元)C-累積,yfinance,未分類,全球市場,A0042 施羅德投信,施羅德
B230756,2026-04-15,108.91519927978516,美元,施羅德環球基金系列－環球永續食物與水資源(美元)C-累積,yfinance,未分類,全球市場,A0042 施羅德投信,施羅德
B230756,2026-04-16,108.6771011352539,美元,施羅德環球基金系列－環球永續食物與水資源(美元)C-累積,yfinance,未分類,全球市場,A0042 施羅德投信,施羅德
B230756,2026-04-17,108.83049774169922,美元,施羅德環球基金系列－環球永續食物與水資源(美元)C-累積,yfinance,未分類,全球市場,A0042 施羅德投信,施羅德
B230756,2026-04-20,108.31710052490234,美元,施羅德環球基金系列－環球永續食物與水資源(美元)C-累積,yfinance,未分類,全球市場,A0042 施羅德投信,施羅德
B230756,2026-04-21,108.41449737548828,美元,施羅德環球基金系列－環球永續食物與水資源(美元)C-累積,yfinance,未分類,全球市場,A0042 施羅德投信,施羅德
B230756,2026-04-22,108.43440246582031,美元,施羅德環球基金系列－環球永續食物與水資源(美元)C-累積,yfinance,未分類,全球市場,A0042 施羅德投信,施羅德
B230756,2026-04-23,107.49870300292969,美元,施羅德環球基金系列－環球永續食物與水資源(美元)C-累積,yfinance,未分類,全球市場,A0042 施羅德投信,施羅德
B230756,2026-04-24,107.06449890136719,美元,施羅德環球基金系列－環球永續食物與水資源(美元)C-累積,yfinance,未分類,全球市場,A0042 施羅德投信,施羅德
B230756,2026-04-27,106.52559661865234,美元,施羅德環球基金系列－環球永續食物與水資源(美元)C-累積,yfinance,未分類,全球市場,A0042 施羅德投信,施羅德
B230756,2026-04-28,106.63369750976562,美元,施羅德環球基金系列－環球永續食物與水資源(美元)C-累積,yfinance,未分類,全球市場,A0042 施羅德投信,施羅德
B230756,2026-04-29,107.00060272216797,美元,施羅德環球基金系列－環球永續食物與水資源(美元)C-累積,yfinance,未分類,全球市場,A0042 施羅德投信,施羅德
B230756,2026-04-30,107.59369659423828,美元,施羅德環球基金系列－環球永續食物與水資源(美元)C-累積,yfinance,未分類,全球市場,A0042 施羅德投信,施羅德
B230756,2026-05-01,109.27890014648438,美元,施羅德環球基金系列－環球永續食物與水資源(美元)C-累積,yfinance,未分類,全球市場,A0042 施羅德投信,施羅德
B230756,2026-05-04,109.24700164794922,美元,施羅德環球基金系列－環球永續食物與水資源(美元)C-累積,yfinance,未分類,全球市場,A0042 施羅德投信,施羅德
B230756,2026-05-05,108.24019622802734,美元,施羅德環球基金系列－環球永續食物與水資源(美元)C-累積,yfinance,未分類,全球市場,A0042 施羅德投信,施羅德
B230756,2026-05-06,108.86000061035156,美元,施羅德環球基金系列－環球永續食物與水資源(美元)C-累積,yfinance,未分類,全球市場,A0042 施羅德投信,施羅德
B230756,2026-05-07,108.91079711914062,美元,施羅德環球基金系列－環球永續食物與水資源(美元)C-累積,yfinance,未分類,全球市場,A0042 施羅德投信,施羅德
B230756,2026-05-08,108.33619689941406,美元,施羅德環球基金系列－環球永續食物與水資源(美元)C-累積,yfinance,未分類,全球市場,A0042 施羅德投信,施羅德
B230756,2026-05-11,107.54409790039062,美元,施羅德環球基金系列－環球永續食物與水資源(美元)C-累積,yfinance,未分類,全球市場,A0042 施羅德投信,施羅德
B230756,2026-05-12,107.0322036743164,美元,施羅德環球基金系列－環球永續食物與水資源(美元)C-累積,yfinance,未分類,全球市場,A0042 施羅德投信,施羅德
B230756,2026-05-13,107.42459869384766,美元,施羅德環球基金系列－環球永續食物與水資源(美元)C-累積,yfinance,未分類,全球市場,A0042 施羅德投信,施羅德
B230756,2026-05-14,107.59210205078125,美元,施羅德環球基金系列－環球永續食物與水資源(美元)C-累積,yfinance,未分類,全球市場,A0042 施羅德投信,施羅德
B230756,2026-05-15,106.79419708251953,美元,施羅德環球基金系列－環球永續食物與水資源(美元)C-累積,yfinance,未分類,全球市場,A0042 施羅德投信,施羅德
B230756,2026-05-18,106.98750305175781,美元,施羅德環球基金系列－環球永續食物與水資源(美元)C-累積,yfinance,未分類,全球市場,A0042 施羅德投信,施羅德
B230756,2026-05-19,106.6781997680664,美元,施羅德環球基金系列－環球永續食物與水資源(美元)C-累積,yfinance,未分類,全球市場,A0042 施羅德投信,施羅德
B230756,2026-05-20,105.83679962158203,美元,施羅德環球基金系列－環球永續食物與水資源(美元)C-累積,yfinance,未分類,全球市場,A0042 施羅德投信,施羅德
B230756,2026-05-21,105.80480194091797,美元,施羅德環球基金系列－環球永續食物與水資源(美元)C-累積,yfinance,未分類,全球市場,A0042 施羅德投信,施羅德
B230756,2026-05-22,106.31950378417969,美元,施羅德環球基金系列－環球永續食物與水資源(美元)C-累積,yfinance,未分類,全球市場,A0042 施羅德投信,施羅德
B230756,2026-05-26,106.42400360107422,美元,施羅德環球基金系列－環球永續食物與水資源(美元)C-累積,yfinance,未分類,全球市場,A0042 施羅德投信,施羅德
B230756,2026-05-27,106.39679718017578,美元,施羅德環球基金系列－環球永續食物與水資源(美元)C-累積,yfinance,未分類,全球市場,A0042 施羅德投信,施羅德
B230756,2026-05-28,106.21309661865234,美元,施羅德環球基金系列－環球永續食物與水資源(美元)C-累積,yfinance,未分類,全球市場,A0042 施羅德投信,施羅德
B230756,2026-05-29,106.82830047607422,美元,施羅德環球基金系列－環球永續食物與水資源(美元)C-累積,yfinance,未分類,全球市場,A0042 施羅德投信,施羅德
B230756,2026-06-01,105.9021987915039,美元,施羅德環球基金系列－環球永續食物與水資源(美元)C-累積,yfinance,未分類,全球市場,A0042 施羅德投信,施羅德
B230756,2026-06-02,105.3677978515625,美元,施羅德環球基金系列－環球永續食物與水資源(美元)C-累積,yfinance,未分類,全球市場,A0042 施羅德投信,施羅德
B230756,2026-06-03,105.41179656982422,美元,施羅德環球基金系列－環球永續食物與水資源(美元)C-累積,yfinance,未分類,全球市場,A0042 施羅德投信,施羅德
B230756,2026-06-04,105.88279724121094,美元,施羅德環球基金系列－環球永續食物與水資源(美元)C-累積,yfinance,未分類,全球市場,A0042 施羅德投信,施羅德
B230756,2026-06-05,105.27320098876953,美元,施羅德環球基金系列－環球永續食物與水資源(美元)C-累積,yfinance,未分類,全球市場,A0042 施羅德投信,施羅德
B230756,2026-06-08,103.7750015258789,美元,施羅德環球基金系列－環球永續食物與水資源(美元)C-累積,yfinance,未分類,全球市場,A0042 施羅德投信,施羅德
B230756,2026-06-09,104.24620056152344,美元,施羅德環球基金系列－環球永續食物與水資源(美元)C-累積,yfinance,未分類,全球市場,A0042 施羅德投信,施羅德
B230756,2026-06-10,104.0509033203125,美元,施羅德環球基金系列－環球永續食物與水資源(美元)C-累積,yfinance,未分類,全球市場,A0042 施羅德投信,施羅德
B230756,2026-06-11,103.91439819335938,美元,施羅德環球基金系列－環球永續食物與水資源(美元)C-累積,yfinance,未分類,全球市場,A0042 施羅德投信,施羅德
B230756,2026-06-12,104.63179779052734,美元,施羅德環球基金系列－環球永續食物與水資源(美元)C-累積,yfinance,未分類,全球市場,A0042 施羅德投信,施羅德
B230756,2026-06-15,105.97570037841797,美元,施羅德環球基金系列－環球永續食物與水資源(美元)C-累積,yfinance,未分類,全球市場,A0042 施羅德投信,施羅德
B230756,2026-06-16,105.29049682617188,美元,施羅德環球基金系列－環球永續食物與水資源(美元)C-累積,yfinance,未分類,全球市場,A0042 施羅德投信,施羅德
B230756,2026-06-17,104.93150329589844,美元,施羅德環球基金系列－環球永續食物與水資源(美元)C-累積,yfinance,未分類,全球市場,A0042 施羅德投信,施羅德
B230756,2026-06-18,103.28500366210938,美元,施羅德環球基金系列－環球永續食物與水資源(美元)C-累積,yfinance,未分類,全球市場,A0042 施羅德投信,施羅德
B230756,2026-06-22,103.57369995117188,美元,施羅德環球基金系列－環球永續食物與水資源(美元)C-累積,yfinance,未分類,全球市場,A0042 施羅德投信,施羅德
B230756,2026-06-23,102.65630340576172,美元,施羅德環球基金系列－環球永續食物與水資源(美元)C-累積,yfinance,未分類,全球市場,A0042 施羅德投信,施羅德
B230756,2026-06-24,103.12899780273438,美元,施羅德環球基金系列－環球永續食物與水資源(美元)C-累積,yfinance,未分類,全球市場,A0042 施羅德投信,施羅德
B230756,2026-06-25,104.10289764404297,美元,施羅德環球基金系列－環球永續食物與水資源(美元)C-累積,yfinance,未分類,全球市場,A0042 施羅德投信,施羅德
B230756,2026-06-26,104.54769897460938,美元,施羅德環球基金系列－環球永續食物與水資源(美元)C-累積,yfinance,未分類,全球市場,A0042 施羅德投信,施羅德
B230756,2026-06-29,104.96219635009766,美元,施羅德環球基金系列－環球永續食物與水資源(美元)C-累積,yfinance,未分類,全球市場,A0042 施羅德投信,施羅德
B230756,2026-06-30,103.97959899902344,美元,施羅德環球基金系列－環球永續食物與水資源(美元)C-累積,yfinance,未分類,全球市場,A0042 施羅德投信,施羅德
B230756,2026-07-01,103.8323974609375,美元,施羅德環球基金系列－環球永續食物與水資源(美元)C-累積,yfinance,未分類,全球市場,A0042 施羅德投信,施羅德
B230756,2026-07-02,105.83779907226562,美元,施羅德環球基金系列－環球永續食物與水資源(美元)C-累積,yfinance,未分類,全球市場,A0042 施羅德投信,施羅德
B230756,2026-07-06,106.35150146484375,美元,施羅德環球基金系列－環球永續食物與水資源(美元)C-累積,yfinance,未分類,全球市場,A0042 施羅德投信,施羅德
B230756,2026-07-07,106.58779907226562,美元,施羅德環球基金系列－環球永續食物與水資源(美元)C-累積,yfinance,未分類,全球市場,A0042 施羅德投信,施羅德
B230756,2026-07-08,105.88469696044922,美元,施羅德環球基金系列－環球永續食物與水資源(美元)C-累積,yfinance,未分類,全球市場,A0042 施羅德投信,施羅德
B230756,2026-07-09,105.37940216064453,美元,施羅德環球基金系列－環球永續食物與水資源(美元)C-累積,yfinance,未分類,全球市場,A0042 施羅德投信,施羅德
B230756,2026-07-10,105.4885025024414,美元,施羅德環球基金系列－環球永續食物與水資源(美元)C-累積,yfinance,未分類,全球市場,A0042 施羅德投信,施羅德
B230756,2026-07-13,106.45230102539062,美元,施羅德環球基金系列－環球永續食物與水資源(美元)C-累積,yfinance,未分類,全球市場,A0042 施羅德投信,施羅德
B230756,2026-07-14,107.23030090332031,美元,施羅德環球基金系列－環球永續食物與水資源(美元)C-累積,yfinance,未分類,全球市場,A0042 施羅德投信,施羅德
B230756,2026-07-15,107.51709747314453,美元,施羅德環球基金系列－環球永續食物與水資源(美元)C-累積,yfinance,未分類,全球市場,A0042 施羅德投信,施羅德
B230756,2026-07-16,107.67639923095703,美元,施羅德環球基金系列－環球永續食物與水資源(美元)C-累積,yfinance,未分類,全球市場,A0042 施羅德投信,施羅德
B230756,2026-07-17,108.88369750976562,美元,施羅德環球基金系列－環球永續食物與水資源(美元)C-累積,yfinance,未分類,全球市場,A0042 施羅德投信,施羅德
B230756,2026-07-20,108.54170227050781,美元,施羅德環球基金系列－環球永續食物與水資源(美元)C-累積,yfinance,未分類,全球市場,A0042 施羅德投信,施羅德
B230756,2026-07-21,107.48090362548828,美元,施羅德環球基金系列－環球永續食物與水資源(美元)C-累積,yfinance,未分類,全球市場,A0042 施羅德投信,施羅德
B230756,2026-07-22,107.747802734375,美元,施羅德環球基金系列－環球永續食物與水資源(美元)C-累積,yfinance,未分類,全球市場,A0042 施羅德投信,施羅德
B230756,2026-07-23,107.25469970703125,美元,施羅德環球基金系列－環球永續食物與水資源(美元)C-累積,yfinance,未分類,全球市場,A0042 施羅德投信,施羅德
B230756,2026-07-24,106.94960021972656,美元,施羅德環球基金系列－環球永續食物與水資源(美元)C-累積,yfinance,未分類,全球市場,A0042 施羅德投信,施羅德
B230756,2026-07-27,107.97859954833984,美元,施羅德環球基金系列－環球永續食物與水資源(美元)C-累積,yfinance,未分類,全球市場,A0042 施羅德投信,施羅德
B230756,2026-07-28,108.652099609375,美元,施羅德環球基金系列－環球永續食物與水資源(美元)C-累積,yfinance,未分類,全球市場,A0042 施羅德投信,施羅德
B230756,2026-07-29,109.72350311279297,美元,施羅德環球基金系列－環球永續食物與水資源(美元)C-累積,yfinance,未分類,全球市場,A0042 施羅德投信,施羅德
B230756,2026-07-30,110.50550079345703,美元,施羅德環球基金系列－環球永續食物與水資源(美元)C-累積,yfinance,未分類,全球市場,A0042 施羅德投信,施羅德
B230756,2026-07-31,109.44550323486328,美元,施羅德環球基金系列－環球永續食物與水資源(美元)C-累積,yfinance,未分類,全球市場,A0042 施羅德投信,施羅德
B230756,2026-08-03,109.23030090332031,美元,施羅德環球基金系列－環球永續食物與水資源(美元)C-累積,yfinance,未分類,全球市場,A0042 施羅德投信,施羅德
B230756,2026-08-04,108.9343032836914,美元,施羅德環球基金系列－環球永續食物與水資源(美元)C-累積,yfinance,未分類,全球市場,A0042 施羅德投信,施羅德
B230756,2026-08-05,110.2865982055664,美元,施羅德環球基金系列－環球永續食物與水資源(美元)C-累積,yfinance,未分類,全球市場,A0042 施羅德投信,施羅德
B230756,2026-08-06,110.16780090332031,美元,施羅德環球基金系列－環球永續食物與水資源(美元)C-累積,yfinance,未分類,全球市場,A0042 施羅德投信,施羅德
B230756,2026-08-07,110.4885025024414,美元,施羅德環球基金系列－環球永續食物與水資源(美元)C-累積,yfinance,未分類,全球市場,A0042 施羅德投信,施羅德
B230756,2026-08-10,110.24410247802734,美元,施羅德環球基金系列－環球永續食物與水資源(美元)C-累積,yfinance,未分類,全球市場,A0042 施羅德投信,施羅德
B230756,2026-08-11,110.20989990234375,美元,施羅德環球基金系列－環球永續食物與水資源(美元)C-累積,yfinance,未分類,全球市場,A0042 施羅德投信,施羅德
B230756,2026-08-12,110.60359954833984,美元,施羅德環球基金系列－環球永續食物與水資源(美元)C-累積,yfinance,未分類,全球市場,A0042 施羅德投信,施羅德
B230756,2026-08-13,110.18560028076172,美元,施羅德環球基金系列－環球永續食物與水資源(美元)C-累積,yfinance,未分類,全球市場,A0042 施羅德投信,施羅德
B230756,2026-08-14,110.46540069580078,美元,施羅德環球基金系列－環球永續食物與水資源(美元)C-累積,yfinance,未分類,全球市場,A0042 施羅德投信,施羅德
B230756,2026-08-17,110.01360321044922,美元,施羅德環球基金系列－環球永續食物與水資源(美元)C-累積,yfinance,未分類,全球市場,A0042 施羅德投信,施羅德
B230756,2026-08-18,109.34320068359375,美元,施羅德環球基金系列－環球永續食物與水資源(美元)C-累積,yfinance,未分類,全球市場,A0042 施羅德投信,施羅德
B060405,2026-01-02,131.35000610351562,美元,法巴社會包容成長基金 C (美元),yfinance,未分類,全球市場,B0049 法銀巴黎投顧,法巴
B060405,2026-01-05,131.97000122070312,美元,法巴社會包容成長基金 C (美元),yfinance,未分類,全球市場,B0049 法銀巴黎投顧,法巴
B060405,2026-01-06,133.44000244140625,美元,法巴社會包容成長基金 C (美元),yfinance,未分類,全球市場,B0049 法銀巴黎投顧,法巴
B060405,2026-01-07,132.52000427246094,美元,法巴社會包容成長基金 C (美元),yfinance,未分類,全球市場,B0049 法銀巴黎投顧,法巴
B060405,2026-01-08,132.63999938964844,美元,法巴社會包容成長基金 C (美元),yfinance,未分類,全球市場,B0049 法銀巴黎投顧,法巴
B060405,2026-01-09,133.47000122070312,美元,法巴社會包容成長基金 C (美元),yfinance,未分類,全球市場,B0049 法銀巴黎投顧,法巴
B060405,2026-01-12,133.33999633789062,美元,法巴社會包容成長基金 C (美元),yfinance,未分類,全球市場,B0049 法銀巴黎投顧,法巴
B060405,2026-01-13,132.24000549316406,美元,法巴社會包容成長基金 C (美元),yfinance,未分類,全球市場,B0049 法銀巴黎投顧,法巴
B060405,2026-01-14,131.6999969482422,美元,法巴社會包容成長基金 C (美元),yfinance,未分類,全球市場,B0049 法銀巴黎投顧,法巴
B060405,2026-01-15,132.1199951171875,美元,法巴社會包容成長基金 C (美元),yfinance,未分類,全球市場,B0049 法銀巴黎投顧,法巴
B060405,2026-01-16,132.3699951171875,美元,法巴社會包容成長基金 C (美元),yfinance,未分類,全球市場,B0049 法銀巴黎投顧,法巴
B060405,2026-01-20,130.44000244140625,美元,法巴社會包容成長基金 C (美元),yfinance,未分類,全球市場,B0049 法銀巴黎投顧,法巴
B060405,2026-01-21,131.0800018310547,美元,法巴社會包容成長基金 C (美元),yfinance,未分類,全球市場,B0049 法銀巴黎投顧,法巴
B060405,2026-01-22,131.72000122070312,美元,法巴社會包容成長基金 C (美元),yfinance,未分類,全球市場,B0049 法銀巴黎投顧,法巴
B060405,2026-01-23,131.72999572753906,美元,法巴社會包容成長基金 C (美元),yfinance,未分類,全球市場,B0049 法銀巴黎投顧,法巴
B060405,2026-01-26,132.41000366210938,美元,法巴社會包容成長基金 C (美元),yfinance,未分類,全球市場,B0049 法銀巴黎投顧,法巴
B060405,2026-01-27,132.67999267578125,美元,法巴社會包容成長基金 C (美元),yfinance,未分類,全球市場,B0049 法銀巴黎投顧,法巴
B060405,2026-01-28,132.47000122070312,美元,法巴社會包容成長基金 C (美元),yfinance,未分類,全球市場,B0049 法銀巴黎投顧,法巴
B060405,2026-01-29,131.1199951171875,美元,法巴社會包容成長基金 C (美元),yfinance,未分類,全球市場,B0049 法銀巴黎投顧,法巴
B060405,2026-01-30,130.97000122070312,美元,法巴社會包容成長基金 C (美元),yfinance,未分類,全球市場,B0049 法銀巴黎投顧,法巴
B060405,2026-02-02,131.27999877929688,美元,法巴社會包容成長基金 C (美元),yfinance,未分類,全球市場,B0049 法銀巴黎投顧,法巴
B060405,2026-02-03,129.2899932861328,美元,法巴社會包容成長基金 C (美元),yfinance,未分類,全球市場,B0049 法銀巴黎投顧,法巴
B060405,2026-02-04,128.85000610351562,美元,法巴社會包容成長基金 C (美元),yfinance,未分類,全球市場,B0049 法銀巴黎投顧,法巴
B060405,2026-02-05,127.27999877929688,美元,法巴社會包容成長基金 C (美元),yfinance,未分類,全球市場,B0049 法銀巴黎投顧,法巴
B060405,2026-02-06,129.1300048828125,美元,法巴社會包容成長基金 C (美元),yfinance,未分類,全球市場,B0049 法銀巴黎投顧,法巴
B060405,2026-02-09,129.47000122070312,美元,法巴社會包容成長基金 C (美元),yfinance,未分類,全球市場,B0049 法銀巴黎投顧,法巴
B060405,2026-02-10,129.39999389648438,美元,法巴社會包容成長基金 C (美元),yfinance,未分類,全球市場,B0049 法銀巴黎投顧,法巴
B060405,2026-02-11,129.32000732421875,美元,法巴社會包容成長基金 C (美元),yfinance,未分類,全球市場,B0049 法銀巴黎投顧,法巴
B060405,2026-02-12,128.7899932861328,美元,法巴社會包容成長基金 C (美元),yfinance,未分類,全球市場,B0049 法銀巴黎投顧,法巴
B060405,2026-02-13,128.64999389648438,美元,法巴社會包容成長基金 C (美元),yfinance,未分類,全球市場,B0049 法銀巴黎投顧,法巴
B060405,2026-02-17,128.4499969482422,美元,法巴社會包容成長基金 C (美元),yfinance,未分類,全球市場,B0049 法銀巴黎投顧,法巴
B060405,2026-02-18,129.3699951171875,美元,法巴社會包容成長基金 C (美元),yfinance,未分類,全球市場,B0049 法銀巴黎投顧,法巴
B060405,2026-02-19,128.55999755859375,美元,法巴社會包容成長基金 C (美元),yfinance,未分類,全球市場,B0049 法銀巴黎投顧,法巴
B060405,2026-02-20,129.13999938964844,美元,法巴社會包容成長基金 C (美元),yfinance,未分類,全球市場,B0049 法銀巴黎投顧,法巴
B060405,2026-02-23,127.80999755859375,美元,法巴社會包容成長基金 C (美元),yfinance,未分類,全球市場,B0049 法銀巴黎投顧,法巴
B060405,2026-02-24,128.57000732421875,美元,法巴社會包容成長基金 C (美元),yfinance,未分類,全球市場,B0049 法銀巴黎投顧,法巴
B060405,2026-02-25,128.80999755859375,美元,法巴社會包容成長基金 C (美元),yfinance,未分類,全球市場,B0049 法銀巴黎投顧,法巴
B060405,2026-02-26,129.22999572753906,美元,法巴社會包容成長基金 C (美元),yfinance,未分類,全球市場,B0049 法銀巴黎投顧,法巴
B060405,2026-02-27,128.74000549316406,美元,法巴社會包容成長基金 C (美元),yfinance,未分類,全球市場,B0049 法銀巴黎投顧,法巴
B060405,2026-03-02,127.70999908447266,美元,法巴社會包容成長基金 C (美元),yfinance,未分類,全球市場,B0049 法銀巴黎投顧,法巴
B060405,2026-03-03,125.33000183105469,美元,法巴社會包容成長基金 C (美元),yfinance,未分類,全球市場,B0049 法銀巴黎投顧,法巴
B060405,2026-03-04,126.37000274658203,美元,法巴社會包容成長基金 C (美元),yfinance,未分類,全球市場,B0049 法銀巴黎投顧,法巴
B060405,2026-03-05,125.94999694824219,美元,法巴社會包容成長基金 C (美元),yfinance,未分類,全球市場,B0049 法銀巴黎投顧,法巴
B060405,2026-03-06,124.26000213623047,美元,法巴社會包容成長基金 C (美元),yfinance,未分類,全球市場,B0049 法銀巴黎投顧,法巴
B060405,2026-03-09,124.5999984741211,美元,法巴社會包容成長基金 C (美元),yfinance,未分類,全球市場,B0049 法銀巴黎投顧,法巴
B060405,2026-03-10,124.86000061035156,美元,法巴社會包容成長基金 C (美元),yfinance,未分類,全球市場,B0049 法銀巴黎投顧,法巴
B060405,2026-03-11,124.06999969482422,美元,法巴社會包容成長基金 C (美元),yfinance,未分類,全球市場,B0049 法銀巴黎投顧,法巴
B060405,2026-03-12,122.80000305175781,美元,法巴社會包容成長基金 C (美元),yfinance,未分類,全球市場,B0049 法銀巴黎投顧,法巴
B060405,2026-03-13,122.08999633789062,美元,法巴社會包容成長基金 C (美元),yfinance,未分類,全球市場,B0049 法銀巴黎投顧,法巴
B060405,2026-03-16,123.44000244140625,美元,法巴社會包容成長基金 C (美元),yfinance,未分類,全球市場,B0049 法銀巴黎投顧,法巴
B060405,2026-03-17,124.13999938964844,美元,法巴社會包容成長基金 C (美元),yfinance,未分類,全球市場,B0049 法銀巴黎投顧,法巴
B060405,2026-03-18,122.22000122070312,美元,法巴社會包容成長基金 C (美元),yfinance,未分類,全球市場,B0049 法銀巴黎投顧,法巴
B060405,2026-03-19,121.56999969482422,美元,法巴社會包容成長基金 C (美元),yfinance,未分類,全球市場,B0049 法銀巴黎投顧,法巴
B060405,2026-03-20,119.8499984741211,美元,法巴社會包容成長基金 C (美元),yfinance,未分類,全球市場,B0049 法銀巴黎投顧,法巴
B060405,2026-03-23,120.80999755859375,美元,法巴社會包容成長基金 C (美元),yfinance,未分類,全球市場,B0049 法銀巴黎投顧,法巴
B060405,2026-03-24,120.48999786376953,美元,法巴社會包容成長基金 C (美元),yfinance,未分類,全球市場,B0049 法銀巴黎投顧,法巴
B060405,2026-03-25,120.87999725341797,美元,法巴社會包容成長基金 C (美元),yfinance,未分類,全球市場,B0049 法銀巴黎投顧,法巴
B060405,2026-03-26,119.1500015258789,美元,法巴社會包容成長基金 C (美元),yfinance,未分類,全球市場,B0049 法銀巴黎投顧,法巴
B060405,2026-03-27,117.33999633789062,美元,法巴社會包容成長基金 C (美元),yfinance,未分類,全球市場,B0049 法銀巴黎投顧,法巴
B060405,2026-03-30,117.36000061035156,美元,法巴社會包容成長基金 C (美元),yfinance,未分類,全球市場,B0049 法銀巴黎投顧,法巴
B060405,2026-03-31,120.02999877929688,美元,法巴社會包容成長基金 C (美元),yfinance,未分類,全球市場,B0049 法銀巴黎投顧,法巴
B060405,2026-04-01,122.16000366210938,美元,法巴社會包容成長基金 C (美元),yfinance,未分類,全球市場,B0049 法銀巴黎投顧,法巴
B060405,2026-04-02,121.98999786376953,美元,法巴社會包容成長基金 C (美元),yfinance,未分類,全球市場,B0049 法銀巴黎投顧,法巴
B060405,2026-04-07,121.91999816894531,美元,法巴社會包容成長基金 C (美元),yfinance,未分類,全球市場,B0049 法銀巴黎投顧,法巴
B060405,2026-04-08,125.76000213623047,美元,法巴社會包容成長基金 C (美元),yfinance,未分類,全球市場,B0049 法銀巴黎投顧,法巴
B060405,2026-04-09,125.66000366210938,美元,法巴社會包容成長基金 C (美元),yfinance,未分類,全球市場,B0049 法銀巴黎投顧,法巴
B060405,2026-04-10,125.47000122070312,美元,法巴社會包容成長基金 C (美元),yfinance,未分類,全球市場,B0049 法銀巴黎投顧,法巴
B060405,2026-04-13,126.30000305175781,美元,法巴社會包容成長基金 C (美元),yfinance,未分類,全球市場,B0049 法銀巴黎投顧,法巴
B060405,2026-04-14,128.07000732421875,美元,法巴社會包容成長基金 C (美元),yfinance,未分類,全球市場,B0049 法銀巴黎投顧,法巴
B060405,2026-04-15,128.30999755859375,美元,法巴社會包容成長基金 C (美元),yfinance,未分類,全球市場,B0049 法銀巴黎投顧,法巴
B060405,2026-04-16,128.25,美元,法巴社會包容成長基金 C (美元),yfinance,未分類,全球市場,B0049 法銀巴黎投顧,法巴
B060405,2026-04-17,130.3800048828125,美元,法巴社會包容成長基金 C (美元),yfinance,未分類,全球市場,B0049 法銀巴黎投顧,法巴
B060405,2026-04-20,129.72999572753906,美元,法巴社會包容成長基金 C (美元),yfinance,未分類,全球市場,B0049 法銀巴黎投顧,法巴
B060405,2026-04-21,129.13999938964844,美元,法巴社會包容成長基金 C (美元),yfinance,未分類,全球市場,B0049 法銀巴黎投顧,法巴
B060405,2026-04-22,129.86000061035156,美元,法巴社會包容成長基金 C (美元),yfinance,未分類,全球市場,B0049 法銀巴黎投顧,法巴
B060405,2026-04-23,129.3699951171875,美元,法巴社會包容成長基金 C (美元),yfinance,未分類,全球市場,B0049 法銀巴黎投顧,法巴
B060405,2026-04-24,129.8000030517578,美元,法巴社會包容成長基金 C (美元),yfinance,未分類,全球市場,B0049 法銀巴黎投顧,法巴
B060405,2026-04-27,130.2100067138672,美元,法巴社會包容成長基金 C (美元),yfinance,未分類,全球市場,B0049 法銀巴黎投顧,法巴
B060405,2026-04-28,129.10000610351562,美元,法巴社會包容成長基金 C (美元),yfinance,未分類,全球市場,B0049 法銀巴黎投顧,法巴
B060405,2026-04-29,128.89999389648438,美元,法巴社會包容成長基金 C (美元),yfinance,未分類,全球市場,B0049 法銀巴黎投顧,法巴
B060405,2026-04-30,130.1199951171875,美元,法巴社會包容成長基金 C (美元),yfinance,未分類,全球市場,B0049 法銀巴黎投顧,法巴
B060405,2026-05-04,128.8699951171875,美元,法巴社會包容成長基金 C (美元),yfinance,未分類,全球市場,B0049 法銀巴黎投顧,法巴
B060405,2026-05-05,129.5800018310547,美元,法巴社會包容成長基金 C (美元),yfinance,未分類,全球市場,B0049 法銀巴黎投顧,法巴
B060405,2026-05-06,132.52999877929688,美元,法巴社會包容成長基金 C (美元),yfinance,未分類,全球市場,B0049 法銀巴黎投顧,法巴
B060405,2026-05-07,132.16000366210938,美元,法巴社會包容成長基金 C (美元),yfinance,未分類,全球市場,B0049 法銀巴黎投顧,法巴
B060405,2026-05-08,133.0399932861328,美元,法巴社會包容成長基金 C (美元),yfinance,未分類,全球市場,B0049 法銀巴黎投顧,法巴
B060405,2026-05-11,133.2899932861328,美元,法巴社會包容成長基金 C (美元),yfinance,未分類,全球市場,B0049 法銀巴黎投顧,法巴
B060405,2026-05-12,132.77000427246094,美元,法巴社會包容成長基金 C (美元),yfinance,未分類,全球市場,B0049 法銀巴黎投顧,法巴
B060405,2026-05-13,133.22999572753906,美元,法巴社會包容成長基金 C (美元),yfinance,未分類,全球市場,B0049 法銀巴黎投顧,法巴
B060405,2026-05-15,132.1699981689453,美元,法巴社會包容成長基金 C (美元),yfinance,未分類,全球市場,B0049 法銀巴黎投顧,法巴
B060405,2026-05-18,132.05999755859375,美元,法巴社會包容成長基金 C (美元),yfinance,未分類,全球市場,B0049 法銀巴黎投顧,法巴
B060405,2026-05-19,131.3000030517578,美元,法巴社會包容成長基金 C (美元),yfinance,未分類,全球市場,B0049 法銀巴黎投顧,法巴
B060405,2026-05-20,132.9199981689453,美元,法巴社會包容成長基金 C (美元),yfinance,未分類,全球市場,B0049 法銀巴黎投顧,法巴
B060405,2026-05-21,132.85000610351562,美元,法巴社會包容成長基金 C (美元),yfinance,未分類,全球市場,B0049 法銀巴黎投顧,法巴
B060405,2026-05-22,133.17999267578125,美元,法巴社會包容成長基金 C (美元),yfinance,未分類,全球市場,B0049 法銀巴黎投顧,法巴
B060405,2026-05-26,134.52000427246094,美元,法巴社會包容成長基金 C (美元),yfinance,未分類,全球市場,B0049 法銀巴黎投顧,法巴
B060405,2026-05-27,134.77000427246094,美元,法巴社會包容成長基金 C (美元),yfinance,未分類,全球市場,B0049 法銀巴黎投顧,法巴
B060405,2026-05-28,135.1199951171875,美元,法巴社會包容成長基金 C (美元),yfinance,未分類,全球市場,B0049 法銀巴黎投顧,法巴
B060405,2026-05-29,135.55999755859375,美元,法巴社會包容成長基金 C (美元),yfinance,未分類,全球市場,B0049 法銀巴黎投顧,法巴
B060405,2026-06-01,136.41000366210938,美元,法巴社會包容成長基金 C (美元),yfinance,未分類,全球市場,B0049 法銀巴黎投顧,法巴
B060405,2026-06-02,136.8000030517578,美元,法巴社會包容成長基金 C (美元),yfinance,未分類,全球市場,B0049 法銀巴黎投顧,法巴
B060405,2026-06-03,135.77999877929688,美元,法巴社會包容成長基金 C (美元),yfinance,未分類,全球市場,B0049 法銀巴黎投顧,法巴
B060405,2026-06-04,136.57000732421875,美元,法巴社會包容成長基金 C (美元),yfinance,未分類,全球市場,B0049 法銀巴黎投顧,法巴
B060405,2026-06-05,133.88999938964844,美元,法巴社會包容成長基金 C (美元),yfinance,未分類,全球市場,B0049 法銀巴黎投顧,法巴
B060405,2026-06-08,133.92999267578125,美元,法巴社會包容成長基金 C (美元),yfinance,未分類,全球市場,B0049 法銀巴黎投顧,法巴
B060405,2026-06-09,133.9600067138672,美元,法巴社會包容成長基金 C (美元),yfinance,未分類,全球市場,B0049 法銀巴黎投顧,法巴
B060405,2026-06-10,131.80999755859375,美元,法巴社會包容成長基金 C (美元),yfinance,未分類,全球市場,B0049 法銀巴黎投顧,法巴
B060405,2026-06-11,133.86000061035156,美元,法巴社會包容成長基金 C (美元),yfinance,未分類,全球市場,B0049 法銀巴黎投顧,法巴
B060405,2026-06-12,135.52000427246094,美元,法巴社會包容成長基金 C (美元),yfinance,未分類,全球市場,B0049 法銀巴黎投顧,法巴
B060405,2026-06-15,137.5399932861328,美元,法巴社會包容成長基金 C (美元),yfinance,未分類,全球市場,B0049 法銀巴黎投顧,法巴
B060405,2026-06-16,137.13999938964844,美元,法巴社會包容成長基金 C (美元),yfinance,未分類,全球市場,B0049 法銀巴黎投顧,法巴
B060405,2026-06-17,136.10000610351562,美元,法巴社會包容成長基金 C (美元),yfinance,未分類,全球市場,B0049 法銀巴黎投顧,法巴
B060405,2026-06-18,136.85000610351562,美元,法巴社會包容成長基金 C (美元),yfinance,未分類,全球市場,B0049 法銀巴黎投顧,法巴
B060405,2026-06-22,136.75999450683594,美元,法巴社會包容成長基金 C (美元),yfinance,未分類,全球市場,B0049 法銀巴黎投顧,法巴
B060405,2026-06-24,134.16000366210938,美元,法巴社會包容成長基金 C (美元),yfinance,未分類,全球市場,B0049 法銀巴黎投顧,法巴
B060405,2026-06-25,135.30999755859375,美元,法巴社會包容成長基金 C (美元),yfinance,未分類,全球市場,B0049 法銀巴黎投顧,法巴
B060405,2026-06-26,134.41000366210938,美元,法巴社會包容成長基金 C (美元),yfinance,未分類,全球市場,B0049 法銀巴黎投顧,法巴
B060405,2026-06-29,135.75999450683594,美元,法巴社會包容成長基金 C (美元),yfinance,未分類,全球市場,B0049 法銀巴黎投顧,法巴
B060405,2026-06-30,136.92999267578125,美元,法巴社會包容成長基金 C (美元),yfinance,未分類,全球市場,B0049 法銀巴黎投顧,法巴
B060405,2026-07-01,135.7899932861328,美元,法巴社會包容成長基金 C (美元),yfinance,未分類,全球市場,B0049 法銀巴黎投顧,法巴
B060405,2026-07-02,136.14999389648438,美元,法巴社會包容成長基金 C (美元),yfinance,未分類,全球市場,B0049 法銀巴黎投顧,法巴
B060405,2026-07-06,136.72999572753906,美元,法巴社會包容成長基金 C (美元),yfinance,未分類,全球市場,B0049 法銀巴黎投顧,法巴
B060405,2026-07-07,135.6199951171875,美元,法巴社會包容成長基金 C (美元),yfinance,未分類,全球市場,B0049 法銀巴黎投顧,法巴
B060405,2026-07-08,134.3800048828125,美元,法巴社會包容成長基金 C (美元),yfinance,未分類,全球市場,B0049 法銀巴黎投顧,法巴
B060405,2026-07-09,135.63999938964844,美元,法巴社會包容成長基金 C (美元),yfinance,未分類,全球市場,B0049 法銀巴黎投顧,法巴
B060405,2026-07-10,136.0,美元,法巴社會包容成長基金 C (美元),yfinance,未分類,全球市場,B0049 法銀巴黎投顧,法巴
B060405,2026-07-13,134.6999969482422,美元,法巴社會包容成長基金 C (美元),yfinance,未分類,全球市場,B0049 法銀巴黎投顧,法巴
B060405,2026-07-14,135.9499969482422,美元,法巴社會包容成長基金 C (美元),yfinance,未分類,全球市場,B0049 法銀巴黎投顧,法巴
B060405,2026-07-15,135.5500030517578,美元,法巴社會包容成長基金 C (美元),yfinance,未分類,全球市場,B0049 法銀巴黎投顧,法巴
B060405,2026-07-16,134.89999389648438,美元,法巴社會包容成長基金 C (美元),yfinance,未分類,全球市場,B0049 法銀巴黎投顧,法巴
B060405,2026-07-17,133.52000427246094,美元,法巴社會包容成長基金 C (美元),yfinance,未分類,全球市場,B0049 法銀巴黎投顧,法巴
B060405,2026-07-20,133.24000549316406,美元,法巴社會包容成長基金 C (美元),yfinance,未分類,全球市場,B0049 法銀巴黎投顧,法巴
B060405,2026-07-21,134.3300018310547,美元,法巴社會包容成長基金 C (美元),yfinance,未分類,全球市場,B0049 法銀巴黎投顧,法巴
B060405,2026-07-22,134.22000122070312,美元,法巴社會包容成長基金 C (美元),yfinance,未分類,全球市場,B0049 法銀巴黎投顧,法巴
B060405,2026-07-23,132.85000610351562,美元,法巴社會包容成長基金 C (美元),yfinance,未分類,全球市場,B0049 法銀巴黎投顧,法巴
B060405,2026-07-24,132.32000732421875,美元,法巴社會包容成長基金 C (美元),yfinance,未分類,全球市場,B0049 法銀巴黎投顧,法巴
B060405,2026-07-27,131.8699951171875,美元,法巴社會包容成長基金 C (美元),yfinance,未分類,全球市場,B0049 法銀巴黎投顧,法巴
B060405,2026-07-28,131.41000366210938,美元,法巴社會包容成長基金 C (美元),yfinance,未分類,全球市場,B0049 法銀巴黎投顧,法巴
B060405,2026-07-29,129.4499969482422,美元,法巴社會包容成長基金 C (美元),yfinance,未分類,全球市場,B0049 法銀巴黎投顧,法巴
B060405,2026-07-30,132.35000610351562,美元,法巴社會包容成長基金 C (美元),yfinance,未分類,全球市場,B0049 法銀巴黎投顧,法巴
B060405,2026-07-31,132.74000549316406,美元,法巴社會包容成長基金 C (美元),yfinance,未分類,全球市場,B0049 法銀巴黎投顧,法巴
B060405,2026-08-03,134.52999877929688,美元,法巴社會包容成長基金 C (美元),yfinance,未分類,全球市場,B0049 法銀巴黎投顧,法巴
B060405,2026-08-04,136.4600067138672,美元,法巴社會包容成長基金 C (美元),yfinance,未分類,全球市場,B0049 法銀巴黎投顧,法巴
B060405,2026-08-05,136.63999938964844,美元,法巴社會包容成長基金 C (美元),yfinance,未分類,全球市場,B0049 法銀巴黎投顧,法巴
B060405,2026-08-06,136.8800048828125,美元,法巴社會包容成長基金 C (美元),yfinance,未分類,全球市場,B0049 法銀巴黎投顧,法巴
B060405,2026-08-07,137.27999877929688,美元,法巴社會包容成長基金 C (美元),yfinance,未分類,全球市場,B0049 法銀巴黎投顧,法巴
B060405,2026-08-10,136.89999389648438,美元,法巴社會包容成長基金 C (美元),yfinance,未分類,全球市場,B0049 法銀巴黎投顧,法巴
B060405,2026-08-11,136.99000549316406,美元,法巴社會包容成長基金 C (美元),yfinance,未分類,全球市場,B0049 法銀巴黎投顧,法巴
B060405,2026-08-12,137.72999572753906,美元,法巴社會包容成長基金 C (美元),yfinance,未分類,全球市場,B0049 法銀巴黎投顧,法巴
B060405,2026-08-13,138.6699981689453,美元,法巴社會包容成長基金 C (美元),yfinance,未分類,全球市場,B0049 法銀巴黎投顧,法巴
B060405,2026-08-14,138.74000549316406,美元,法巴社會包容成長基金 C (美元),yfinance,未分類,全球市場,B0049 法銀巴黎投顧,法巴
B060405,2026-08-17,138.16000366210938,美元,法巴社會包容成長基金 C (美元),yfinance,未分類,全球市場,B0049 法銀巴黎投顧,法巴
B080293,2026-01-02,117.25,美元,摩根基金 - 全球成長基金 - JPM全球成長(美元) - F股(累計),yfinance,未分類,全球市場,A0011 摩根投信,摩根
B080293,2026-01-05,117.43000030517578,美元,摩根基金 - 全球成長基金 - JPM全球成長(美元) - F股(累計),yfinance,未分類,全球市場,A0011 摩根投信,摩根
B080293,2026-01-06,118.25,美元,摩根基金 - 全球成長基金 - JPM全球成長(美元) - F股(累計),yfinance,未分類,全球市場,A0011 摩根投信,摩根
B080293,2026-01-07,118.30999755859375,美元,摩根基金 - 全球成長基金 - JPM全球成長(美元) - F股(累計),yfinance,未分類,全球市場,A0011 摩根投信,摩根
B080293,2026-01-08,117.19000244140625,美元,摩根基金 - 全球成長基金 - JPM全球成長(美元) - F股(累計),yfinance,未分類,全球市場,A0011 摩根投信,摩根
B080293,2026-01-09,117.9800033569336,美元,摩根基金 - 全球成長基金 - JPM全球成長(美元) - F股(累計),yfinance,未分類,全球市場,A0011 摩根投信,摩根
B080293,2026-01-12,118.45999908447266,美元,摩根基金 - 全球成長基金 - JPM全球成長(美元) - F股(累計),yfinance,未分類,全球市場,A0011 摩根投信,摩根
B080293,2026-01-13,118.4800033569336,美元,摩根基金 - 全球成長基金 - JPM全球成長(美元) - F股(累計),yfinance,未分類,全球市場,A0011 摩根投信,摩根
B080293,2026-01-14,117.16000366210938,美元,摩根基金 - 全球成長基金 - JPM全球成長(美元) - F股(累計),yfinance,未分類,全球市場,A0011 摩根投信,摩根
B080293,2026-01-15,118.04000091552734,美元,摩根基金 - 全球成長基金 - JPM全球成長(美元) - F股(累計),yfinance,未分類,全球市場,A0011 摩根投信,摩根
B080293,2026-01-16,117.88999938964844,美元,摩根基金 - 全球成長基金 - JPM全球成長(美元) - F股(累計),yfinance,未分類,全球市場,A0011 摩根投信,摩根
B080293,2026-01-20,115.5,美元,摩根基金 - 全球成長基金 - JPM全球成長(美元) - F股(累計),yfinance,未分類,全球市場,A0011 摩根投信,摩根
B080293,2026-01-21,115.16000366210938,美元,摩根基金 - 全球成長基金 - JPM全球成長(美元) - F股(累計),yfinance,未分類,全球市場,A0011 摩根投信,摩根
B080293,2026-01-22,116.30000305175781,美元,摩根基金 - 全球成長基金 - JPM全球成長(美元) - F股(累計),yfinance,未分類,全球市場,A0011 摩根投信,摩根
B080293,2026-01-23,116.33000183105469,美元,摩根基金 - 全球成長基金 - JPM全球成長(美元) - F股(累計),yfinance,未分類,全球市場,A0011 摩根投信,摩根
B080293,2026-01-26,117.23999786376953,美元,摩根基金 - 全球成長基金 - JPM全球成長(美元) - F股(累計),yfinance,未分類,全球市場,A0011 摩根投信,摩根
B080293,2026-01-27,118.12999725341797,美元,摩根基金 - 全球成長基金 - JPM全球成長(美元) - F股(累計),yfinance,未分類,全球市場,A0011 摩根投信,摩根
B080293,2026-01-28,118.55999755859375,美元,摩根基金 - 全球成長基金 - JPM全球成長(美元) - F股(累計),yfinance,未分類,全球市場,A0011 摩根投信,摩根
B080293,2026-01-29,116.91999816894531,美元,摩根基金 - 全球成長基金 - JPM全球成長(美元) - F股(累計),yfinance,未分類,全球市場,A0011 摩根投信,摩根
B080293,2026-01-30,116.95999908447266,美元,摩根基金 - 全球成長基金 - JPM全球成長(美元) - F股(累計),yfinance,未分類,全球市場,A0011 摩根投信,摩根
B080293,2026-02-02,116.3499984741211,美元,摩根基金 - 全球成長基金 - JPM全球成長(美元) - F股(累計),yfinance,未分類,全球市場,A0011 摩根投信,摩根
B080293,2026-02-03,115.58000183105469,美元,摩根基金 - 全球成長基金 - JPM全球成長(美元) - F股(累計),yfinance,未分類,全球市場,A0011 摩根投信,摩根
B080293,2026-02-04,114.27999877929688,美元,摩根基金 - 全球成長基金 - JPM全球成長(美元) - F股(累計),yfinance,未分類,全球市場,A0011 摩根投信,摩根
B080293,2026-02-05,112.68000030517578,美元,摩根基金 - 全球成長基金 - JPM全球成長(美元) - F股(累計),yfinance,未分類,全球市場,A0011 摩根投信,摩根
B080293,2026-02-06,113.04000091552734,美元,摩根基金 - 全球成長基金 - JPM全球成長(美元) - F股(累計),yfinance,未分類,全球市場,A0011 摩根投信,摩根
B080293,2026-02-09,114.8499984741211,美元,摩根基金 - 全球成長基金 - JPM全球成長(美元) - F股(累計),yfinance,未分類,全球市場,A0011 摩根投信,摩根
B080293,2026-02-10,116.27999877929688,美元,摩根基金 - 全球成長基金 - JPM全球成長(美元) - F股(累計),yfinance,未分類,全球市場,A0011 摩根投信,摩根
B080293,2026-02-11,115.91000366210938,美元,摩根基金 - 全球成長基金 - JPM全球成長(美元) - F股(累計),yfinance,未分類,全球市場,A0011 摩根投信,摩根
B080293,2026-02-12,115.51000213623047,美元,摩根基金 - 全球成長基金 - JPM全球成長(美元) - F股(累計),yfinance,未分類,全球市場,A0011 摩根投信,摩根
B080293,2026-02-13,113.16999816894531,美元,摩根基金 - 全球成長基金 - JPM全球成長(美元) - F股(累計),yfinance,未分類,全球市場,A0011 摩根投信,摩根
B080293,2026-02-17,112.23999786376953,美元,摩根基金 - 全球成長基金 - JPM全球成長(美元) - F股(累計),yfinance,未分類,全球市場,A0011 摩根投信,摩根
B080293,2026-02-18,114.58000183105469,美元,摩根基金 - 全球成長基金 - JPM全球成長(美元) - F股(累計),yfinance,未分類,全球市場,A0011 摩根投信,摩根
B080293,2026-02-19,114.05999755859375,美元,摩根基金 - 全球成長基金 - JPM全球成長(美元) - F股(累計),yfinance,未分類,全球市場,A0011 摩根投信,摩根
B080293,2026-02-20,114.18000030517578,美元,摩根基金 - 全球成長基金 - JPM全球成長(美元) - F股(累計),yfinance,未分類,全球市場,A0011 摩根投信,摩根
B080293,2026-02-23,114.37000274658203,美元,摩根基金 - 全球成長基金 - JPM全球成長(美元) - F股(累計),yfinance,未分類,全球市場,A0011 摩根投信,摩根
B080293,2026-02-24,114.0,美元,摩根基金 - 全球成長基金 - JPM全球成長(美元) - F股(累計),yfinance,未分類,全球市場,A0011 摩根投信,摩根
B080293,2026-02-25,115.87000274658203,美元,摩根基金 - 全球成長基金 - JPM全球成長(美元) - F股(累計),yfinance,未分類,全球市場,A0011 摩根投信,摩根
B080293,2026-02-26,115.26000213623047,美元,摩根基金 - 全球成長基金 - JPM全球成長(美元) - F股(累計),yfinance,未分類,全球市場,A0011 摩根投信,摩根
B080293,2026-02-27,113.94000244140625,美元,摩根基金 - 全球成長基金 - JPM全球成長(美元) - F股(累計),yfinance,未分類,全球市場,A0011 摩根投信,摩根
B080293,2026-03-02,113.1500015258789,美元,摩根基金 - 全球成長基金 - JPM全球成長(美元) - F股(累計),yfinance,未分類,全球市場,A0011 摩根投信,摩根
B080293,2026-03-03,110.52999877929688,美元,摩根基金 - 全球成長基金 - JPM全球成長(美元) - F股(累計),yfinance,未分類,全球市場,A0011 摩根投信,摩根
B080293,2026-03-04,112.33999633789062,美元,摩根基金 - 全球成長基金 - JPM全球成長(美元) - F股(累計),yfinance,未分類,全球市場,A0011 摩根投信,摩根
B080293,2026-03-05,113.16000366210938,美元,摩根基金 - 全球成長基金 - JPM全球成長(美元) - F股(累計),yfinance,未分類,全球市場,A0011 摩根投信,摩根
B080293,2026-03-06,110.9800033569336,美元,摩根基金 - 全球成長基金 - JPM全球成長(美元) - F股(累計),yfinance,未分類,全球市場,A0011 摩根投信,摩根
B080293,2026-03-09,109.86000061035156,美元,摩根基金 - 全球成長基金 - JPM全球成長(美元) - F股(累計),yfinance,未分類,全球市場,A0011 摩根投信,摩根
B080293,2026-03-10,112.70999908447266,美元,摩根基金 - 全球成長基金 - JPM全球成長(美元) - F股(累計),yfinance,未分類,全球市場,A0011 摩根投信,摩根
B080293,2026-03-11,112.43000030517578,美元,摩根基金 - 全球成長基金 - JPM全球成長(美元) - F股(累計),yfinance,未分類,全球市場,A0011 摩根投信,摩根
B080293,2026-03-12,110.13999938964844,美元,摩根基金 - 全球成長基金 - JPM全球成長(美元) - F股(累計),yfinance,未分類,全球市場,A0011 摩根投信,摩根
B080293,2026-03-13,109.23999786376953,美元,摩根基金 - 全球成長基金 - JPM全球成長(美元) - F股(累計),yfinance,未分類,全球市場,A0011 摩根投信,摩根
B080293,2026-03-16,109.93000030517578,美元,摩根基金 - 全球成長基金 - JPM全球成長(美元) - F股(累計),yfinance,未分類,全球市場,A0011 摩根投信,摩根
B080293,2026-03-17,110.55000305175781,美元,摩根基金 - 全球成長基金 - JPM全球成長(美元) - F股(累計),yfinance,未分類,全球市場,A0011 摩根投信,摩根
B080293,2026-03-18,109.62999725341797,美元,摩根基金 - 全球成長基金 - JPM全球成長(美元) - F股(累計),yfinance,未分類,全球市場,A0011 摩根投信,摩根
B080293,2026-03-19,107.5199966430664,美元,摩根基金 - 全球成長基金 - JPM全球成長(美元) - F股(累計),yfinance,未分類,全球市場,A0011 摩根投信,摩根
B080293,2026-03-20,106.5,美元,摩根基金 - 全球成長基金 - JPM全球成長(美元) - F股(累計),yfinance,未分類,全球市場,A0011 摩根投信,摩根
B080293,2026-03-23,108.36000061035156,美元,摩根基金 - 全球成長基金 - JPM全球成長(美元) - F股(累計),yfinance,未分類,全球市場,A0011 摩根投信,摩根
B080293,2026-03-24,107.22000122070312,美元,摩根基金 - 全球成長基金 - JPM全球成長(美元) - F股(累計),yfinance,未分類,全球市場,A0011 摩根投信,摩根
B080293,2026-03-25,108.37999725341797,美元,摩根基金 - 全球成長基金 - JPM全球成長(美元) - F股(累計),yfinance,未分類,全球市場,A0011 摩根投信,摩根
B080293,2026-03-26,106.72000122070312,美元,摩根基金 - 全球成長基金 - JPM全球成長(美元) - F股(累計),yfinance,未分類,全球市場,A0011 摩根投信,摩根
B080293,2026-03-27,104.12999725341797,美元,摩根基金 - 全球成長基金 - JPM全球成長(美元) - F股(累計),yfinance,未分類,全球市場,A0011 摩根投信,摩根
B080293,2026-03-30,102.94000244140625,美元,摩根基金 - 全球成長基金 - JPM全球成長(美元) - F股(累計),yfinance,未分類,全球市場,A0011 摩根投信,摩根
B080293,2026-03-31,104.91000366210938,美元,摩根基金 - 全球成長基金 - JPM全球成長(美元) - F股(累計),yfinance,未分類,全球市場,A0011 摩根投信,摩根
B080293,2026-04-01,107.37000274658203,美元,摩根基金 - 全球成長基金 - JPM全球成長(美元) - F股(累計),yfinance,未分類,全球市場,A0011 摩根投信,摩根
B080293,2026-04-02,105.9000015258789,美元,摩根基金 - 全球成長基金 - JPM全球成長(美元) - F股(累計),yfinance,未分類,全球市場,A0011 摩根投信,摩根
B080293,2026-04-07,106.44999694824219,美元,摩根基金 - 全球成長基金 - JPM全球成長(美元) - F股(累計),yfinance,未分類,全球市場,A0011 摩根投信,摩根
B080293,2026-04-08,111.33999633789062,美元,摩根基金 - 全球成長基金 - JPM全球成長(美元) - F股(累計),yfinance,未分類,全球市場,A0011 摩根投信,摩根
B080293,2026-04-09,110.52999877929688,美元,摩根基金 - 全球成長基金 - JPM全球成長(美元) - F股(累計),yfinance,未分類,全球市場,A0011 摩根投信,摩根
B080293,2026-04-10,112.22000122070312,美元,摩根基金 - 全球成長基金 - JPM全球成長(美元) - F股(累計),yfinance,未分類,全球市場,A0011 摩根投信,摩根
B080293,2026-04-13,111.88999938964844,美元,摩根基金 - 全球成長基金 - JPM全球成長(美元) - F股(累計),yfinance,未分類,全球市場,A0011 摩根投信,摩根
B080293,2026-04-14,114.41999816894531,美元,摩根基金 - 全球成長基金 - JPM全球成長(美元) - F股(累計),yfinance,未分類,全球市場,A0011 摩根投信,摩根
B080293,2026-04-15,115.69000244140625,美元,摩根基金 - 全球成長基金 - JPM全球成長(美元) - F股(累計),yfinance,未分類,全球市場,A0011 摩根投信,摩根
B080293,2026-04-16,115.94999694824219,美元,摩根基金 - 全球成長基金 - JPM全球成長(美元) - F股(累計),yfinance,未分類,全球市場,A0011 摩根投信,摩根
B080293,2026-04-17,117.73999786376953,美元,摩根基金 - 全球成長基金 - JPM全球成長(美元) - F股(累計),yfinance,未分類,全球市場,A0011 摩根投信,摩根
B080293,2026-04-20,117.41999816894531,美元,摩根基金 - 全球成長基金 - JPM全球成長(美元) - F股(累計),yfinance,未分類,全球市場,A0011 摩根投信,摩根
B080293,2026-04-21,117.7699966430664,美元,摩根基金 - 全球成長基金 - JPM全球成長(美元) - F股(累計),yfinance,未分類,全球市場,A0011 摩根投信,摩根
B080293,2026-04-22,117.19999694824219,美元,摩根基金 - 全球成長基金 - JPM全球成長(美元) - F股(累計),yfinance,未分類,全球市場,A0011 摩根投信,摩根
B080293,2026-04-23,116.7699966430664,美元,摩根基金 - 全球成長基金 - JPM全球成長(美元) - F股(累計),yfinance,未分類,全球市場,A0011 摩根投信,摩根
B080293,2026-04-24,116.66999816894531,美元,摩根基金 - 全球成長基金 - JPM全球成長(美元) - F股(累計),yfinance,未分類,全球市場,A0011 摩根投信,摩根
B080293,2026-04-27,117.47000122070312,美元,摩根基金 - 全球成長基金 - JPM全球成長(美元) - F股(累計),yfinance,未分類,全球市場,A0011 摩根投信,摩根
B080293,2026-04-28,116.81999969482422,美元,摩根基金 - 全球成長基金 - JPM全球成長(美元) - F股(累計),yfinance,未分類,全球市場,A0011 摩根投信,摩根
B080293,2026-04-29,116.48999786376953,美元,摩根基金 - 全球成長基金 - JPM全球成長(美元) - F股(累計),yfinance,未分類,全球市場,A0011 摩根投信,摩根
B080293,2026-04-30,116.01000213623047,美元,摩根基金 - 全球成長基金 - JPM全球成長(美元) - F股(累計),yfinance,未分類,全球市場,A0011 摩根投信,摩根
B080293,2026-05-01,118.18000030517578,美元,摩根基金 - 全球成長基金 - JPM全球成長(美元) - F股(累計),yfinance,未分類,全球市場,A0011 摩根投信,摩根
B080293,2026-05-04,117.81999969482422,美元,摩根基金 - 全球成長基金 - JPM全球成長(美元) - F股(累計),yfinance,未分類,全球市場,A0011 摩根投信,摩根
B080293,2026-05-05,118.04000091552734,美元,摩根基金 - 全球成長基金 - JPM全球成長(美元) - F股(累計),yfinance,未分類,全球市場,A0011 摩根投信,摩根
B080293,2026-05-06,120.22000122070312,美元,摩根基金 - 全球成長基金 - JPM全球成長(美元) - F股(累計),yfinance,未分類,全球市場,A0011 摩根投信,摩根
B080293,2026-05-07,121.37000274658203,美元,摩根基金 - 全球成長基金 - JPM全球成長(美元) - F股(累計),yfinance,未分類,全球市場,A0011 摩根投信,摩根
B080293,2026-05-08,121.19000244140625,美元,摩根基金 - 全球成長基金 - JPM全球成長(美元) - F股(累計),yfinance,未分類,全球市場,A0011 摩根投信,摩根
B080293,2026-05-11,120.79000091552734,美元,摩根基金 - 全球成長基金 - JPM全球成長(美元) - F股(累計),yfinance,未分類,全球市場,A0011 摩根投信,摩根
B080293,2026-05-12,119.83999633789062,美元,摩根基金 - 全球成長基金 - JPM全球成長(美元) - F股(累計),yfinance,未分類,全球市場,A0011 摩根投信,摩根
B080293,2026-05-13,119.81999969482422,美元,摩根基金 - 全球成長基金 - JPM全球成長(美元) - F股(累計),yfinance,未分類,全球市場,A0011 摩根投信,摩根
B080293,2026-05-14,121.2300033569336,美元,摩根基金 - 全球成長基金 - JPM全球成長(美元) - F股(累計),yfinance,未分類,全球市場,A0011 摩根投信,摩根
B080293,2026-05-15,120.19000244140625,美元,摩根基金 - 全球成長基金 - JPM全球成長(美元) - F股(累計),yfinance,未分類,全球市場,A0011 摩根投信,摩根
B080293,2026-05-18,120.7300033569336,美元,摩根基金 - 全球成長基金 - JPM全球成長(美元) - F股(累計),yfinance,未分類,全球市場,A0011 摩根投信,摩根
B080293,2026-05-19,119.79000091552734,美元,摩根基金 - 全球成長基金 - JPM全球成長(美元) - F股(累計),yfinance,未分類,全球市場,A0011 摩根投信,摩根
B080293,2026-05-20,119.12000274658203,美元,摩根基金 - 全球成長基金 - JPM全球成長(美元) - F股(累計),yfinance,未分類,全球市場,A0011 摩根投信,摩根
B080293,2026-05-21,120.12999725341797,美元,摩根基金 - 全球成長基金 - JPM全球成長(美元) - F股(累計),yfinance,未分類,全球市場,A0011 摩根投信,摩根
B080293,2026-05-22,121.20999908447266,美元,摩根基金 - 全球成長基金 - JPM全球成長(美元) - F股(累計),yfinance,未分類,全球市場,A0011 摩根投信,摩根
B080293,2026-05-26,121.7300033569336,美元,摩根基金 - 全球成長基金 - JPM全球成長(美元) - F股(累計),yfinance,未分類,全球市場,A0011 摩根投信,摩根
B080293,2026-05-27,121.93000030517578,美元,摩根基金 - 全球成長基金 - JPM全球成長(美元) - F股(累計),yfinance,未分類,全球市場,A0011 摩根投信,摩根
B080293,2026-05-28,121.55000305175781,美元,摩根基金 - 全球成長基金 - JPM全球成長(美元) - F股(累計),yfinance,未分類,全球市場,A0011 摩根投信,摩根
B080293,2026-05-29,123.87000274658203,美元,摩根基金 - 全球成長基金 - JPM全球成長(美元) - F股(累計),yfinance,未分類,全球市場,A0011 摩根投信,摩根
B080293,2026-06-01,123.54000091552734,美元,摩根基金 - 全球成長基金 - JPM全球成長(美元) - F股(累計),yfinance,未分類,全球市場,A0011 摩根投信,摩根
B080293,2026-06-02,124.76000213623047,美元,摩根基金 - 全球成長基金 - JPM全球成長(美元) - F股(累計),yfinance,未分類,全球市場,A0011 摩根投信,摩根
B080293,2026-06-03,123.58999633789062,美元,摩根基金 - 全球成長基金 - JPM全球成長(美元) - F股(累計),yfinance,未分類,全球市場,A0011 摩根投信,摩根
B080293,2026-06-04,122.05000305175781,美元,摩根基金 - 全球成長基金 - JPM全球成長(美元) - F股(累計),yfinance,未分類,全球市場,A0011 摩根投信,摩根
B080293,2026-06-05,120.91999816894531,美元,摩根基金 - 全球成長基金 - JPM全球成長(美元) - F股(累計),yfinance,未分類,全球市場,A0011 摩根投信,摩根
B080293,2026-06-08,119.33000183105469,美元,摩根基金 - 全球成長基金 - JPM全球成長(美元) - F股(累計),yfinance,未分類,全球市場,A0011 摩根投信,摩根
B080293,2026-06-09,121.01000213623047,美元,摩根基金 - 全球成長基金 - JPM全球成長(美元) - F股(累計),yfinance,未分類,全球市場,A0011 摩根投信,摩根
B080293,2026-06-10,118.69999694824219,美元,摩根基金 - 全球成長基金 - JPM全球成長(美元) - F股(累計),yfinance,未分類,全球市場,A0011 摩根投信,摩根
B080293,2026-06-11,117.54000091552734,美元,摩根基金 - 全球成長基金 - JPM全球成長(美元) - F股(累計),yfinance,未分類,全球市場,A0011 摩根投信,摩根
B080293,2026-06-12,118.76000213623047,美元,摩根基金 - 全球成長基金 - JPM全球成長(美元) - F股(累計),yfinance,未分類,全球市場,A0011 摩根投信,摩根
B080293,2026-06-15,122.12999725341797,美元,摩根基金 - 全球成長基金 - JPM全球成長(美元) - F股(累計),yfinance,未分類,全球市場,A0011 摩根投信,摩根
B080293,2026-06-16,122.37000274658203,美元,摩根基金 - 全球成長基金 - JPM全球成長(美元) - F股(累計),yfinance,未分類,全球市場,A0011 摩根投信,摩根
B080293,2026-06-17,122.2699966430664,美元,摩根基金 - 全球成長基金 - JPM全球成長(美元) - F股(累計),yfinance,未分類,全球市場,A0011 摩根投信,摩根
B080293,2026-06-18,121.95999908447266,美元,摩根基金 - 全球成長基金 - JPM全球成長(美元) - F股(累計),yfinance,未分類,全球市場,A0011 摩根投信,摩根
B080293,2026-06-22,122.73999786376953,美元,摩根基金 - 全球成長基金 - JPM全球成長(美元) - F股(累計),yfinance,未分類,全球市場,A0011 摩根投信,摩根
B080293,2026-06-23,119.30000305175781,美元,摩根基金 - 全球成長基金 - JPM全球成長(美元) - F股(累計),yfinance,未分類,全球市場,A0011 摩根投信,摩根
B080293,2026-06-24,118.70999908447266,美元,摩根基金 - 全球成長基金 - JPM全球成長(美元) - F股(累計),yfinance,未分類,全球市場,A0011 摩根投信,摩根
B080293,2026-06-25,117.27999877929688,美元,摩根基金 - 全球成長基金 - JPM全球成長(美元) - F股(累計),yfinance,未分類,全球市場,A0011 摩根投信,摩根
B080293,2026-06-26,116.6500015258789,美元,摩根基金 - 全球成長基金 - JPM全球成長(美元) - F股(累計),yfinance,未分類,全球市場,A0011 摩根投信,摩根
B080293,2026-06-29,118.70999908447266,美元,摩根基金 - 全球成長基金 - JPM全球成長(美元) - F股(累計),yfinance,未分類,全球市場,A0011 摩根投信,摩根
B080293,2026-06-30,120.19999694824219,美元,摩根基金 - 全球成長基金 - JPM全球成長(美元) - F股(累計),yfinance,未分類,全球市場,A0011 摩根投信,摩根
B080293,2026-07-01,120.0199966430664,美元,摩根基金 - 全球成長基金 - JPM全球成長(美元) - F股(累計),yfinance,未分類,全球市場,A0011 摩根投信,摩根
B080293,2026-07-02,120.8499984741211,美元,摩根基金 - 全球成長基金 - JPM全球成長(美元) - F股(累計),yfinance,未分類,全球市場,A0011 摩根投信,摩根
B080293,2026-07-06,120.91999816894531,美元,摩根基金 - 全球成長基金 - JPM全球成長(美元) - F股(累計),yfinance,未分類,全球市場,A0011 摩根投信,摩根
B080293,2026-07-07,120.2699966430664,美元,摩根基金 - 全球成長基金 - JPM全球成長(美元) - F股(累計),yfinance,未分類,全球市場,A0011 摩根投信,摩根
B080293,2026-07-08,119.19000244140625,美元,摩根基金 - 全球成長基金 - JPM全球成長(美元) - F股(累計),yfinance,未分類,全球市場,A0011 摩根投信,摩根
B080293,2026-07-09,120.30000305175781,美元,摩根基金 - 全球成長基金 - JPM全球成長(美元) - F股(累計),yfinance,未分類,全球市場,A0011 摩根投信,摩根
B080293,2026-07-10,120.7699966430664,美元,摩根基金 - 全球成長基金 - JPM全球成長(美元) - F股(累計),yfinance,未分類,全球市場,A0011 摩根投信,摩根
B080293,2026-07-13,120.41000366210938,美元,摩根基金 - 全球成長基金 - JPM全球成長(美元) - F股(累計),yfinance,未分類,全球市場,A0011 摩根投信,摩根
B080293,2026-07-14,120.19999694824219,美元,摩根基金 - 全球成長基金 - JPM全球成長(美元) - F股(累計),yfinance,未分類,全球市場,A0011 摩根投信,摩根
B080293,2026-07-15,121.94000244140625,美元,摩根基金 - 全球成長基金 - JPM全球成長(美元) - F股(累計),yfinance,未分類,全球市場,A0011 摩根投信,摩根
B080293,2026-07-16,121.13999938964844,美元,摩根基金 - 全球成長基金 - JPM全球成長(美元) - F股(累計),yfinance,未分類,全球市場,A0011 摩根投信,摩根
B080293,2026-07-17,118.18000030517578,美元,摩根基金 - 全球成長基金 - JPM全球成長(美元) - F股(累計),yfinance,未分類,全球市場,A0011 摩根投信,摩根
B080293,2026-07-20,118.86000061035156,美元,摩根基金 - 全球成長基金 - JPM全球成長(美元) - F股(累計),yfinance,未分類,全球市場,A0011 摩根投信,摩根
B080293,2026-07-21,119.13999938964844,美元,摩根基金 - 全球成長基金 - JPM全球成長(美元) - F股(累計),yfinance,未分類,全球市場,A0011 摩根投信,摩根
B080293,2026-07-22,119.26000213623047,美元,摩根基金 - 全球成長基金 - JPM全球成長(美元) - F股(累計),yfinance,未分類,全球市場,A0011 摩根投信,摩根
B080293,2026-07-23,117.38999938964844,美元,摩根基金 - 全球成長基金 - JPM全球成長(美元) - F股(累計),yfinance,未分類,全球市場,A0011 摩根投信,摩根
B080293,2026-07-24,116.44000244140625,美元,摩根基金 - 全球成長基金 - JPM全球成長(美元) - F股(累計),yfinance,未分類,全球市場,A0011 摩根投信,摩根
B080293,2026-07-27,117.3499984741211,美元,摩根基金 - 全球成長基金 - JPM全球成長(美元) - F股(累計),yfinance,未分類,全球市場,A0011 摩根投信,摩根
B080293,2026-07-28,115.2300033569336,美元,摩根基金 - 全球成長基金 - JPM全球成長(美元) - F股(累計),yfinance,未分類,全球市場,A0011 摩根投信,摩根
B080293,2026-07-29,115.95999908447266,美元,摩根基金 - 全球成長基金 - JPM全球成長(美元) - F股(累計),yfinance,未分類,全球市場,A0011 摩根投信,摩根
B080293,2026-07-30,117.19000244140625,美元,摩根基金 - 全球成長基金 - JPM全球成長(美元) - F股(累計),yfinance,未分類,全球市場,A0011 摩根投信,摩根
B080293,2026-07-31,118.77999877929688,美元,摩根基金 - 全球成長基金 - JPM全球成長(美元) - F股(累計),yfinance,未分類,全球市場,A0011 摩根投信,摩根
B080293,2026-08-03,120.5,美元,摩根基金 - 全球成長基金 - JPM全球成長(美元) - F股(累計),yfinance,未分類,全球市場,A0011 摩根投信,摩根
B080293,2026-08-04,122.55999755859375,美元,摩根基金 - 全球成長基金 - JPM全球成長(美元) - F股(累計),yfinance,未分類,全球市場,A0011 摩根投信,摩根
B080293,2026-08-05,124.79000091552734,美元,摩根基金 - 全球成長基金 - JPM全球成長(美元) - F股(累計),yfinance,未分類,全球市場,A0011 摩根投信,摩根
B080293,2026-08-06,123.75,美元,摩根基金 - 全球成長基金 - JPM全球成長(美元) - F股(累計),yfinance,未分類,全球市場,A0011 摩根投信,摩根
B080293,2026-08-07,124.1500015258789,美元,摩根基金 - 全球成長基金 - JPM全球成長(美元) - F股(累計),yfinance,未分類,全球市場,A0011 摩根投信,摩根
B080293,2026-08-10,124.25,美元,摩根基金 - 全球成長基金 - JPM全球成長(美元) - F股(累計),yfinance,未分類,全球市場,A0011 摩根投信,摩根
B080293,2026-08-11,124.2300033569336,美元,摩根基金 - 全球成長基金 - JPM全球成長(美元) - F股(累計),yfinance,未分類,全球市場,A0011 摩根投信,摩根
B080293,2026-08-12,124.0199966430664,美元,摩根基金 - 全球成長基金 - JPM全球成長(美元) - F股(累計),yfinance,未分類,全球市場,A0011 摩根投信,摩根
B080293,2026-08-13,124.45999908447266,美元,摩根基金 - 全球成長基金 - JPM全球成長(美元) - F股(累計),yfinance,未分類,全球市場,A0011 摩根投信,摩根
B080293,2026-08-14,124.51000213623047,美元,摩根基金 - 全球成長基金 - JPM全球成長(美元) - F股(累計),yfinance,未分類,全球市場,A0011 摩根投信,摩根
B080293,2026-08-17,123.93000030517578,美元,摩根基金 - 全球成長基金 - JPM全球成長(美元) - F股(累計),yfinance,未分類,全球市場,A0011 摩根投信,摩根
B170194,2026-01-02,12.439057350158691,美元,匯豐環球投資基金-環球基建股票-AD,yfinance,股票型,全球市場,A0004 匯豐投信,匯豐
B170194,2026-01-05,12.279924392700195,美元,匯豐環球投資基金-環球基建股票-AD,yfinance,股票型,全球市場,A0004 匯豐投信,匯豐
B170194,2026-01-06,12.381730079650879,美元,匯豐環球投資基金-環球基建股票-AD,yfinance,股票型,全球市場,A0004 匯豐投信,匯豐
B170194,2026-01-07,12.335274696350098,美元,匯豐環球投資基金-環球基建股票-AD,yfinance,股票型,全球市場,A0004 匯豐投信,匯豐
B170194,2026-01-08,12.300680160522461,美元,匯豐環球投資基金-環球基建股票-AD,yfinance,股票型,全球市場,A0004 匯豐投信,匯豐
B170194,2026-01-09,12.346147537231445,美元,匯豐環球投資基金-環球基建股票-AD,yfinance,股票型,全球市場,A0004 匯豐投信,匯豐
B170194,2026-01-12,12.311553955078125,美元,匯豐環球投資基金-環球基建股票-AD,yfinance,股票型,全球市場,A0004 匯豐投信,匯豐
B170194,2026-01-13,12.285855293273926,美元,匯豐環球投資基金-環球基建股票-AD,yfinance,股票型,全球市場,A0004 匯豐投信,匯豐
B170194,2026-01-14,12.447953224182129,美元,匯豐環球投資基金-環球基建股票-AD,yfinance,股票型,全球市場,A0004 匯豐投信,匯豐
B170194,2026-01-15,12.496384620666504,美元,匯豐環球投資基金-環球基建股票-AD,yfinance,股票型,全球市場,A0004 匯豐投信,匯豐
B170194,2026-01-16,12.537898063659668,美元,匯豐環球投資基金-環球基建股票-AD,yfinance,股票型,全球市場,A0004 匯豐投信,匯豐
B170194,2026-01-20,12.554699897766113,美元,匯豐環球投資基金-環球基建股票-AD,yfinance,股票型,全球市場,A0004 匯豐投信,匯豐
B170194,2026-01-21,12.485511779785156,美元,匯豐環球投資基金-環球基建股票-AD,yfinance,股票型,全球市場,A0004 匯豐投信,匯豐
B170194,2026-01-22,12.586329460144043,美元,匯豐環球投資基金-環球基建股票-AD,yfinance,股票型,全球市場,A0004 匯豐投信,匯豐
B170194,2026-01-23,12.554699897766113,美元,匯豐環球投資基金-環球基建股票-AD,yfinance,股票型,全球市場,A0004 匯豐投信,匯豐
B170194,2026-01-26,12.693077087402344,美元,匯豐環球投資基金-環球基建股票-AD,yfinance,股票型,全球市場,A0004 匯豐投信,匯豐
B170194,2026-01-27,12.76028823852539,美元,匯豐環球投資基金-環球基建股票-AD,yfinance,股票型,全球市場,A0004 匯豐投信,匯豐
B170194,2026-01-28,12.861105918884277,美元,匯豐環球投資基金-環球基建股票-AD,yfinance,股票型,全球市場,A0004 匯豐投信,匯豐
B170194,2026-01-29,12.886804580688477,美元,匯豐環球投資基金-環球基建股票-AD,yfinance,股票型,全球市場,A0004 匯豐投信,匯豐
B170194,2026-01-30,12.855175018310547,美元,匯豐環球投資基金-環球基建股票-AD,yfinance,股票型,全球市場,A0004 匯豐投信,匯豐
B170194,2026-02-02,12.768196105957031,美元,匯豐環球投資基金-環球基建股票-AD,yfinance,股票型,全球市場,A0004 匯豐投信,匯豐
B170194,2026-02-03,12.840349197387695,美元,匯豐環球投資基金-環球基建股票-AD,yfinance,股票型,全球市場,A0004 匯豐投信,匯豐
B170194,2026-02-04,12.994540214538574,美元,匯豐環球投資基金-環球基建股票-AD,yfinance,股票型,全球市場,A0004 匯豐投信,匯豐
B170194,2026-02-05,12.943142890930176,美元,匯豐環球投資基金-環球基建股票-AD,yfinance,股票型,全球市場,A0004 匯豐投信,匯豐
B170194,2026-02-06,13.11512565612793,美元,匯豐環球投資基金-環球基建股票-AD,yfinance,股票型,全球市場,A0004 匯豐投信,匯豐
B170194,2026-02-09,13.14774227142334,美元,匯豐環球投資基金-環球基建股票-AD,yfinance,股票型,全球市場,A0004 匯豐投信,匯豐
B170194,2026-02-10,13.345422744750977,美元,匯豐環球投資基金-環球基建股票-AD,yfinance,股票型,全球市場,A0004 匯豐投信,匯豐
B170194,2026-02-11,13.463043212890625,美元,匯豐環球投資基金-環球基建股票-AD,yfinance,股票型,全球市場,A0004 匯豐投信,匯豐
B170194,2026-02-12,13.769448280334473,美元,匯豐環球投資基金-環球基建股票-AD,yfinance,股票型,全球市場,A0004 匯豐投信,匯豐
B170194,2026-02-13,13.865323066711426,美元,匯豐環球投資基金-環球基建股票-AD,yfinance,股票型,全球市場,A0004 匯豐投信,匯豐
B170194,2026-02-17,13.891021728515625,美元,匯豐環球投資基金-環球基建股票-AD,yfinance,股票型,全球市場,A0004 匯豐投信,匯豐
B170194,2026-02-18,13.883113861083984,美元,匯豐環球投資基金-環球基建股票-AD,yfinance,股票型,全球市場,A0004 匯豐投信,匯豐
B170194,2026-02-19,13.865323066711426,美元,匯豐環球投資基金-環球基建股票-AD,yfinance,股票型,全球市場,A0004 匯豐投信,匯豐
B170194,2026-02-20,13.889044761657715,美元,匯豐環球投資基金-環球基建股票-AD,yfinance,股票型,全球市場,A0004 匯豐投信,匯豐
B170194,2026-02-23,14.01160717010498,美元,匯豐環球投資基金-環球基建股票-AD,yfinance,股票型,全球市場,A0004 匯豐投信,匯豐
B170194,2026-02-24,13.988873481750488,美元,匯豐環球投資基金-環球基建股票-AD,yfinance,股票型,全球市場,A0004 匯豐投信,匯豐
B170194,2026-02-25,13.962187767028809,美元,匯豐環球投資基金-環球基建股票-AD,yfinance,股票型,全球市場,A0004 匯豐投信,匯豐
B170194,2026-02-26,14.122308731079102,美元,匯豐環球投資基金-環球基建股票-AD,yfinance,股票型,全球市場,A0004 匯豐投信,匯豐
B170194,2026-02-27,14.30318546295166,美元,匯豐環球投資基金-環球基建股票-AD,yfinance,股票型,全球市場,A0004 匯豐投信,匯豐
B170194,2026-03-02,14.256731033325195,美元,匯豐環球投資基金-環球基建股票-AD,yfinance,股票型,全球市場,A0004 匯豐投信,匯豐
B170194,2026-03-03,13.977012634277344,美元,匯豐環球投資基金-環球基建股票-AD,yfinance,股票型,全球市場,A0004 匯豐投信,匯豐
B170194,2026-03-04,14.068934440612793,美元,匯豐環球投資基金-環球基建股票-AD,yfinance,股票型,全球市場,A0004 匯豐投信,匯豐
B170194,2026-03-05,13.928581237792969,美元,匯豐環球投資基金-環球基建股票-AD,yfinance,股票型,全球市場,A0004 匯豐投信,匯豐
B170194,2026-03-06,13.860381126403809,美元,匯豐環球投資基金-環球基建股票-AD,yfinance,股票型,全球市場,A0004 匯豐投信,匯豐
B170194,2026-03-09,13.859393119812012,美元,匯豐環球投資基金-環球基建股票-AD,yfinance,股票型,全球市場,A0004 匯豐投信,匯豐
B170194,2026-03-10,13.908812522888184,美元,匯豐環球投資基金-環球基建股票-AD,yfinance,股票型,全球市場,A0004 匯豐投信,匯豐
B170194,2026-03-11,13.825787544250488,美元,匯豐環球投資基金-環球基建股票-AD,yfinance,股票型,全球市場,A0004 匯豐投信,匯豐
B170194,2026-03-12,13.872241973876953,美元,匯豐環球投資基金-環球基建股票-AD,yfinance,股票型,全球市場,A0004 匯豐投信,匯豐
B170194,2026-03-13,13.78229808807373,美元,匯豐環球投資基金-環球基建股票-AD,yfinance,股票型,全球市場,A0004 匯豐投信,匯豐
B170194,2026-03-16,13.852474212646484,美元,匯豐環球投資基金-環球基建股票-AD,yfinance,股票型,全球市場,A0004 匯豐投信,匯豐
B170194,2026-03-17,13.981954574584961,美元,匯豐環球投資基金-環球基建股票-AD,yfinance,股票型,全球市場,A0004 匯豐投信,匯豐
B170194,2026-03-18,13.762529373168945,美元,匯豐環球投資基金-環球基建股票-AD,yfinance,股票型,全球市場,A0004 匯豐投信,匯豐
B170194,2026-03-19,13.762529373168945,美元,匯豐環球投資基金-環球基建股票-AD,yfinance,股票型,全球市場,A0004 匯豐投信,匯豐
B170194,2026-03-20,13.527289390563965,美元,匯豐環球投資基金-環球基建股票-AD,yfinance,股票型,全球市場,A0004 匯豐投信,匯豐
B170194,2026-03-23,13.469962120056152,美元,匯豐環球投資基金-環球基建股票-AD,yfinance,股票型,全球市場,A0004 匯豐投信,匯豐
B170194,2026-03-24,13.666653633117676,美元,匯豐環球投資基金-環球基建股票-AD,yfinance,股票型,全球市場,A0004 匯豐投信,匯豐
B170194,2026-03-25,13.655781745910645,美元,匯豐環球投資基金-環球基建股票-AD,yfinance,股票型,全球市場,A0004 匯豐投信,匯豐
B170194,2026-03-26,13.65182876586914,美元,匯豐環球投資基金-環球基建股票-AD,yfinance,股票型,全球市場,A0004 匯豐投信,匯豐
B170194,2026-03-27,13.692352294921875,美元,匯豐環球投資基金-環球基建股票-AD,yfinance,股票型,全球市場,A0004 匯豐投信,匯豐
B170194,2026-03-30,13.783286094665527,美元,匯豐環球投資基金-環球基建股票-AD,yfinance,股票型,全球市場,A0004 匯豐投信,匯豐
B170194,2026-03-31,13.711132049560547,美元,匯豐環球投資基金-環球基建股票-AD,yfinance,股票型,全球市場,A0004 匯豐投信,匯豐
B170194,2026-04-01,13.796134948730469,美元,匯豐環球投資基金-環球基建股票-AD,yfinance,股票型,全球市場,A0004 匯豐投信,匯豐
B170194,2026-04-02,13.905848503112793,美元,匯豐環球投資基金-環球基建股票-AD,yfinance,股票型,全球市場,A0004 匯豐投信,匯豐
B170194,2026-04-07,14.03137493133545,美元,匯豐環球投資基金-環球基建股票-AD,yfinance,股票型,全球市場,A0004 匯豐投信,匯豐
B170194,2026-04-08,14.018525123596191,美元,匯豐環球投資基金-環球基建股票-AD,yfinance,股票型,全球市場,A0004 匯豐投信,匯豐
B170194,2026-04-09,14.262661933898926,美元,匯豐環球投資基金-環球基建股票-AD,yfinance,股票型,全球市場,A0004 匯豐投信,匯豐
B170194,2026-04-10,14.166787147521973,美元,匯豐環球投資基金-環球基建股票-AD,yfinance,股票型,全球市場,A0004 匯豐投信,匯豐
B170194,2026-04-13,13.959221839904785,美元,匯豐環球投資基金-環球基建股票-AD,yfinance,股票型,全球市場,A0004 匯豐投信,匯豐
B170194,2026-04-14,13.874218940734863,美元,匯豐環球投資基金-環球基建股票-AD,yfinance,股票型,全球市場,A0004 匯豐投信,匯豐
B170194,2026-04-15,13.820844650268555,美元,匯豐環球投資基金-環球基建股票-AD,yfinance,股票型,全球市場,A0004 匯豐投信,匯豐
B170194,2026-04-16,13.761541366577148,美元,匯豐環球投資基金-環球基建股票-AD,yfinance,股票型,全球市場,A0004 匯豐投信,匯豐
B170194,2026-04-17,13.667642593383789,美元,匯豐環球投資基金-環球基建股票-AD,yfinance,股票型,全球市場,A0004 匯豐投信,匯豐
B170194,2026-04-20,13.765494346618652,美元,匯豐環球投資基金-環球基建股票-AD,yfinance,股票型,全球市場,A0004 匯豐投信,匯豐
B170194,2026-04-21,13.598454475402832,美元,匯豐環球投資基金-環球基建股票-AD,yfinance,股票型,全球市場,A0004 匯豐投信,匯豐
B170194,2026-04-22,13.589558601379395,美元,匯豐環球投資基金-環球基建股票-AD,yfinance,股票型,全球市場,A0004 匯豐投信,匯豐
B170194,2026-04-23,13.642932891845703,美元,匯豐環球投資基金-環球基建股票-AD,yfinance,股票型,全球市場,A0004 匯豐投信,匯豐
B170194,2026-04-24,13.617234230041504,美元,匯豐環球投資基金-環球基建股票-AD,yfinance,股票型,全球市場,A0004 匯豐投信,匯豐
B170194,2026-04-27,13.631072044372559,美元,匯豐環球投資基金-環球基建股票-AD,yfinance,股票型,全球市場,A0004 匯豐投信,匯豐
B170194,2026-04-28,13.693341255187988,美元,匯豐環球投資基金-環球基建股票-AD,yfinance,股票型,全球市場,A0004 匯豐投信,匯豐
B170194,2026-04-29,13.60735034942627,美元,匯豐環球投資基金-環球基建股票-AD,yfinance,股票型,全球市場,A0004 匯豐投信,匯豐
B170194,2026-04-30,13.937477111816406,美元,匯豐環球投資基金-環球基建股票-AD,yfinance,股票型,全球市場,A0004 匯豐投信,匯豐
B170194,2026-05-04,13.934511184692383,美元,匯豐環球投資基金-環球基建股票-AD,yfinance,股票型,全球市場,A0004 匯豐投信,匯豐
B170194,2026-05-05,13.777356147766113,美元,匯豐環球投資基金-環球基建股票-AD,yfinance,股票型,全球市場,A0004 匯豐投信,匯豐
B170194,2026-05-06,13.815902709960938,美元,匯豐環球投資基金-環球基建股票-AD,yfinance,股票型,全球市場,A0004 匯豐投信,匯豐
B170194,2026-05-07,13.73979663848877,美元,匯豐環球投資基金-環球基建股票-AD,yfinance,股票型,全球市場,A0004 匯豐投信,匯豐
B170194,2026-05-08,13.682469367980957,美元,匯豐環球投資基金-環球基建股票-AD,yfinance,股票型,全球市場,A0004 匯豐投信,匯豐
B170194,2026-05-11,13.73781967163086,美元,匯豐環球投資基金-環球基建股票-AD,yfinance,股票型,全球市場,A0004 匯豐投信,匯豐
B170194,2026-05-12,13.730900764465332,美元,匯豐環球投資基金-環球基建股票-AD,yfinance,股票型,全球市場,A0004 匯豐投信,匯豐
B170194,2026-05-13,13.66100025177002,美元,匯豐環球投資基金-環球基建股票-AD,yfinance,股票型,全球市場,A0004 匯豐投信,匯豐
B170194,2026-05-15,13.597999572753906,美元,匯豐環球投資基金-環球基建股票-AD,yfinance,股票型,全球市場,A0004 匯豐投信,匯豐
B170194,2026-05-19,13.895000457763672,美元,匯豐環球投資基金-環球基建股票-AD,yfinance,股票型,全球市場,A0004 匯豐投信,匯豐
B170194,2026-05-20,13.963000297546387,美元,匯豐環球投資基金-環球基建股票-AD,yfinance,股票型,全球市場,A0004 匯豐投信,匯豐
B170194,2026-05-21,13.97700023651123,美元,匯豐環球投資基金-環球基建股票-AD,yfinance,股票型,全球市場,A0004 匯豐投信,匯豐
B170194,2026-05-22,13.913000106811523,美元,匯豐環球投資基金-環球基建股票-AD,yfinance,股票型,全球市場,A0004 匯豐投信,匯豐
B170194,2026-05-26,13.982999801635742,美元,匯豐環球投資基金-環球基建股票-AD,yfinance,股票型,全球市場,A0004 匯豐投信,匯豐
B170194,2026-05-27,13.88599967956543,美元,匯豐環球投資基金-環球基建股票-AD,yfinance,股票型,全球市場,A0004 匯豐投信,匯豐
B170194,2026-05-28,13.831999778747559,美元,匯豐環球投資基金-環球基建股票-AD,yfinance,股票型,全球市場,A0004 匯豐投信,匯豐
B170194,2026-05-29,13.751999855041504,美元,匯豐環球投資基金-環球基建股票-AD,yfinance,股票型,全球市場,A0004 匯豐投信,匯豐
B170194,2026-06-01,13.64900016784668,美元,匯豐環球投資基金-環球基建股票-AD,yfinance,股票型,全球市場,A0004 匯豐投信,匯豐
B170194,2026-06-02,13.741999626159668,美元,匯豐環球投資基金-環球基建股票-AD,yfinance,股票型,全球市場,A0004 匯豐投信,匯豐
B170194,2026-06-03,13.838000297546387,美元,匯豐環球投資基金-環球基建股票-AD,yfinance,股票型,全球市場,A0004 匯豐投信,匯豐
B170194,2026-06-04,13.734999656677246,美元,匯豐環球投資基金-環球基建股票-AD,yfinance,股票型,全球市場,A0004 匯豐投信,匯豐
B170194,2026-06-05,13.935999870300293,美元,匯豐環球投資基金-環球基建股票-AD,yfinance,股票型,全球市場,A0004 匯豐投信,匯豐
B170194,2026-06-08,13.762999534606934,美元,匯豐環球投資基金-環球基建股票-AD,yfinance,股票型,全球市場,A0004 匯豐投信,匯豐
B170194,2026-06-09,13.687999725341797,美元,匯豐環球投資基金-環球基建股票-AD,yfinance,股票型,全球市場,A0004 匯豐投信,匯豐
B170194,2026-06-10,13.77299976348877,美元,匯豐環球投資基金-環球基建股票-AD,yfinance,股票型,全球市場,A0004 匯豐投信,匯豐
B170194,2026-06-11,13.73900032043457,美元,匯豐環球投資基金-環球基建股票-AD,yfinance,股票型,全球市場,A0004 匯豐投信,匯豐
B170194,2026-06-12,13.864999771118164,美元,匯豐環球投資基金-環球基建股票-AD,yfinance,股票型,全球市場,A0004 匯豐投信,匯豐
B170194,2026-06-15,13.77400016784668,美元,匯豐環球投資基金-環球基建股票-AD,yfinance,股票型,全球市場,A0004 匯豐投信,匯豐
B170194,2026-06-16,13.758999824523926,美元,匯豐環球投資基金-環球基建股票-AD,yfinance,股票型,全球市場,A0004 匯豐投信,匯豐
B170194,2026-06-17,13.649999618530273,美元,匯豐環球投資基金-環球基建股票-AD,yfinance,股票型,全球市場,A0004 匯豐投信,匯豐
B170194,2026-06-18,13.51099967956543,美元,匯豐環球投資基金-環球基建股票-AD,yfinance,股票型,全球市場,A0004 匯豐投信,匯豐
B170194,2026-06-22,13.506999969482422,美元,匯豐環球投資基金-環球基建股票-AD,yfinance,股票型,全球市場,A0004 匯豐投信,匯豐
B170194,2026-06-24,13.5649995803833,美元,匯豐環球投資基金-環球基建股票-AD,yfinance,股票型,全球市場,A0004 匯豐投信,匯豐
B170194,2026-06-25,13.654000282287598,美元,匯豐環球投資基金-環球基建股票-AD,yfinance,股票型,全球市場,A0004 匯豐投信,匯豐
B170194,2026-06-26,13.73799991607666,美元,匯豐環球投資基金-環球基建股票-AD,yfinance,股票型,全球市場,A0004 匯豐投信,匯豐
B170194,2026-06-29,13.666000366210938,美元,匯豐環球投資基金-環球基建股票-AD,yfinance,股票型,全球市場,A0004 匯豐投信,匯豐
B170194,2026-06-30,13.586000442504883,美元,匯豐環球投資基金-環球基建股票-AD,yfinance,股票型,全球市場,A0004 匯豐投信,匯豐
B170194,2026-07-02,13.560999870300293,美元,匯豐環球投資基金-環球基建股票-AD,yfinance,股票型,全球市場,A0004 匯豐投信,匯豐
B170194,2026-07-06,13.61400032043457,美元,匯豐環球投資基金-環球基建股票-AD,yfinance,股票型,全球市場,A0004 匯豐投信,匯豐
B170194,2026-07-07,13.809000015258789,美元,匯豐環球投資基金-環球基建股票-AD,yfinance,股票型,全球市場,A0004 匯豐投信,匯豐
B170194,2026-07-08,13.72599983215332,美元,匯豐環球投資基金-環球基建股票-AD,yfinance,股票型,全球市場,A0004 匯豐投信,匯豐
B170194,2026-07-09,13.723999977111816,美元,匯豐環球投資基金-環球基建股票-AD,yfinance,股票型,全球市場,A0004 匯豐投信,匯豐
B170194,2026-07-10,13.687000274658203,美元,匯豐環球投資基金-環球基建股票-AD,yfinance,股票型,全球市場,A0004 匯豐投信,匯豐
B170194,2026-07-13,13.864999771118164,美元,匯豐環球投資基金-環球基建股票-AD,yfinance,股票型,全球市場,A0004 匯豐投信,匯豐
B170194,2026-07-14,13.878000259399414,美元,匯豐環球投資基金-環球基建股票-AD,yfinance,股票型,全球市場,A0004 匯豐投信,匯豐
B170194,2026-07-15,13.895999908447266,美元,匯豐環球投資基金-環球基建股票-AD,yfinance,股票型,全球市場,A0004 匯豐投信,匯豐
B170194,2026-07-16,13.859000205993652,美元,匯豐環球投資基金-環球基建股票-AD,yfinance,股票型,全球市場,A0004 匯豐投信,匯豐
B170194,2026-07-17,13.968999862670898,美元,匯豐環球投資基金-環球基建股票-AD,yfinance,股票型,全球市場,A0004 匯豐投信,匯豐
B170194,2026-07-20,13.930000305175781,美元,匯豐環球投資基金-環球基建股票-AD,yfinance,股票型,全球市場,A0004 匯豐投信,匯豐
B170194,2026-07-21,13.690999984741211,美元,匯豐環球投資基金-環球基建股票-AD,yfinance,股票型,全球市場,A0004 匯豐投信,匯豐
B170194,2026-07-22,13.899999618530273,美元,匯豐環球投資基金-環球基建股票-AD,yfinance,股票型,全球市場,A0004 匯豐投信,匯豐
B170194,2026-07-23,13.993000030517578,美元,匯豐環球投資基金-環球基建股票-AD,yfinance,股票型,全球市場,A0004 匯豐投信,匯豐
B170194,2026-07-24,13.984999656677246,美元,匯豐環球投資基金-環球基建股票-AD,yfinance,股票型,全球市場,A0004 匯豐投信,匯豐
B170194,2026-07-27,13.842000007629395,美元,匯豐環球投資基金-環球基建股票-AD,yfinance,股票型,全球市場,A0004 匯豐投信,匯豐
B170194,2026-07-28,13.968000411987305,美元,匯豐環球投資基金-環球基建股票-AD,yfinance,股票型,全球市場,A0004 匯豐投信,匯豐
B170194,2026-07-29,13.871000289916992,美元,匯豐環球投資基金-環球基建股票-AD,yfinance,股票型,全球市場,A0004 匯豐投信,匯豐
B170194,2026-07-30,13.942999839782715,美元,匯豐環球投資基金-環球基建股票-AD,yfinance,股票型,全球市場,A0004 匯豐投信,匯豐
B170194,2026-07-31,13.906000137329102,美元,匯豐環球投資基金-環球基建股票-AD,yfinance,股票型,全球市場,A0004 匯豐投信,匯豐
B170194,2026-08-04,13.6850004196167,美元,匯豐環球投資基金-環球基建股票-AD,yfinance,股票型,全球市場,A0004 匯豐投信,匯豐
B170194,2026-08-05,13.574000358581543,美元,匯豐環球投資基金-環球基建股票-AD,yfinance,股票型,全球市場,A0004 匯豐投信,匯豐
B170194,2026-08-06,13.661999702453613,美元,匯豐環球投資基金-環球基建股票-AD,yfinance,股票型,全球市場,A0004 匯豐投信,匯豐
B170194,2026-08-07,13.791999816894531,美元,匯豐環球投資基金-環球基建股票-AD,yfinance,股票型,全球市場,A0004 匯豐投信,匯豐
B170194,2026-08-10,13.609000205993652,美元,匯豐環球投資基金-環球基建股票-AD,yfinance,股票型,全球市場,A0004 匯豐投信,匯豐
B170194,2026-08-11,13.61400032043457,美元,匯豐環球投資基金-環球基建股票-AD,yfinance,股票型,全球市場,A0004 匯豐投信,匯豐
B170194,2026-08-12,13.782999992370605,美元,匯豐環球投資基金-環球基建股票-AD,yfinance,股票型,全球市場,A0004 匯豐投信,匯豐
B170194,2026-08-13,13.744999885559082,美元,匯豐環球投資基金-環球基建股票-AD,yfinance,股票型,全球市場,A0004 匯豐投信,匯豐
B170194,2026-08-14,13.765999794006348,美元,匯豐環球投資基金-環球基建股票-AD,yfinance,股票型,全球市場,A0004 匯豐投信,匯豐
B170194,2026-08-17,13.670000076293945,美元,匯豐環球投資基金-環球基建股票-AD,yfinance,股票型,全球市場,A0004 匯豐投信,匯豐
B280026,2026-01-02,77.72029113769531,美元,安盛環球基金-美國非投資等級債券基金BL DIS「fl」美元 (月配息),yfinance,債券型,美國,B0313 富盛投顧,安盛
B280026,2026-01-05,77.69218444824219,美元,安盛環球基金-美國非投資等級債券基金BL DIS「fl」美元 (月配息),yfinance,債券型,美國,B0313 富盛投顧,安盛
B280026,2026-01-06,77.842041015625,美元,安盛環球基金-美國非投資等級債券基金BL DIS「fl」美元 (月配息),yfinance,債券型,美國,B0313 富盛投顧,安盛
B280026,2026-01-07,77.86077880859375,美元,安盛環球基金-美國非投資等級債券基金BL DIS「fl」美元 (月配息),yfinance,債券型,美國,B0313 富盛投顧,安盛
B280026,2026-01-08,77.83268737792969,美元,安盛環球基金-美國非投資等級債券基金BL DIS「fl」美元 (月配息),yfinance,債券型,美國,B0313 富盛投顧,安盛
B280026,2026-01-09,77.88887786865234,美元,安盛環球基金-美國非投資等級債券基金BL DIS「fl」美元 (月配息),yfinance,債券型,美國,B0313 富盛投顧,安盛
B280026,2026-01-12,77.8795166015625,美元,安盛環球基金-美國非投資等級債券基金BL DIS「fl」美元 (月配息),yfinance,債券型,美國,B0313 富盛投顧,安盛
B280026,2026-01-13,77.94507598876953,美元,安盛環球基金-美國非投資等級債券基金BL DIS「fl」美元 (月配息),yfinance,債券型,美國,B0313 富盛投顧,安盛
B280026,2026-01-14,77.90760803222656,美元,安盛環球基金-美國非投資等級債券基金BL DIS「fl」美元 (月配息),yfinance,債券型,美國,B0313 富盛投顧,安盛
B280026,2026-01-15,77.91698455810547,美元,安盛環球基金-美國非投資等級債券基金BL DIS「fl」美元 (月配息),yfinance,債券型,美國,B0313 富盛投顧,安盛
B280026,2026-01-16,77.93570709228516,美元,安盛環球基金-美國非投資等級債券基金BL DIS「fl」美元 (月配息),yfinance,債券型,美國,B0313 富盛投顧,安盛
B280026,2026-01-20,77.75774383544922,美元,安盛環球基金-美國非投資等級債券基金BL DIS「fl」美元 (月配息),yfinance,債券型,美國,B0313 富盛投顧,安盛
B280026,2026-01-21,77.93570709228516,美元,安盛環球基金-美國非投資等級債券基金BL DIS「fl」美元 (月配息),yfinance,債券型,美國,B0313 富盛投顧,安盛
B280026,2026-01-22,78.00127410888672,美元,安盛環球基金-美國非投資等級債券基金BL DIS「fl」美元 (月配息),yfinance,債券型,美國,B0313 富盛投顧,安盛
B280026,2026-01-23,77.94507598876953,美元,安盛環球基金-美國非投資等級債券基金BL DIS「fl」美元 (月配息),yfinance,債券型,美國,B0313 富盛投顧,安盛
B280026,2026-01-26,77.91698455810547,美元,安盛環球基金-美國非投資等級債券基金BL DIS「fl」美元 (月配息),yfinance,債券型,美國,B0313 富盛投顧,安盛
B280026,2026-01-27,77.8514175415039,美元,安盛環球基金-美國非投資等級債券基金BL DIS「fl」美元 (月配息),yfinance,債券型,美國,B0313 富盛投顧,安盛
B280026,2026-01-28,77.74839782714844,美元,安盛環球基金-美國非投資等級債券基金BL DIS「fl」美元 (月配息),yfinance,債券型,美國,B0313 富盛投顧,安盛
B280026,2026-01-29,77.61727142333984,美元,安盛環球基金-美國非投資等級債券基金BL DIS「fl」美元 (月配息),yfinance,債券型,美國,B0313 富盛投顧,安盛
B280026,2026-01-30,77.59835815429688,美元,安盛環球基金-美國非投資等級債券基金BL DIS「fl」美元 (月配息),yfinance,債券型,美國,B0313 富盛投顧,安盛
B280026,2026-02-02,77.7401351928711,美元,安盛環球基金-美國非投資等級債券基金BL DIS「fl」美元 (月配息),yfinance,債券型,美國,B0313 富盛投顧,安盛
B280026,2026-02-03,77.64561462402344,美元,安盛環球基金-美國非投資等級債券基金BL DIS「fl」美元 (月配息),yfinance,債券型,美國,B0313 富盛投顧,安盛
B280026,2026-02-04,77.55110168457031,美元,安盛環球基金-美國非投資等級債券基金BL DIS「fl」美元 (月配息),yfinance,債券型,美國,B0313 富盛投顧,安盛
B280026,2026-02-05,77.4754867553711,美元,安盛環球基金-美國非投資等級債券基金BL DIS「fl」美元 (月配息),yfinance,債券型,美國,B0313 富盛投顧,安盛
B280026,2026-02-06,77.69287109375,美元,安盛環球基金-美國非投資等級債券基金BL DIS「fl」美元 (月配息),yfinance,債券型,美國,B0313 富盛投顧,安盛
B280026,2026-02-09,77.79683685302734,美元,安盛環球基金-美國非投資等級債券基金BL DIS「fl」美元 (月配息),yfinance,債券型,美國,B0313 富盛投顧,安盛
B280026,2026-02-10,77.8062973022461,美元,安盛環球基金-美國非投資等級債券基金BL DIS「fl」美元 (月配息),yfinance,債券型,美國,B0313 富盛投顧,安盛
B280026,2026-02-11,77.74958801269531,美元,安盛環球基金-美國非投資等級債券基金BL DIS「fl」美元 (月配息),yfinance,債券型,美國,B0313 富盛投顧,安盛
B280026,2026-02-12,77.64561462402344,美元,安盛環球基金-美國非投資等級債券基金BL DIS「fl」美元 (月配息),yfinance,債券型,美國,B0313 富盛投顧,安盛
B280026,2026-02-13,77.61726379394531,美元,安盛環球基金-美國非投資等級債券基金BL DIS「fl」美元 (月配息),yfinance,債券型,美國,B0313 富盛投顧,安盛
B280026,2026-02-17,77.58890533447266,美元,安盛環球基金-美國非投資等級債券基金BL DIS「fl」美元 (月配息),yfinance,債券型,美國,B0313 富盛投顧,安盛
B280026,2026-02-18,77.78739166259766,美元,安盛環球基金-美國非投資等級債券基金BL DIS「fl」美元 (月配息),yfinance,債券型,美國,B0313 富盛投顧,安盛
B280026,2026-02-19,77.79683685302734,美元,安盛環球基金-美國非投資等級債券基金BL DIS「fl」美元 (月配息),yfinance,債券型,美國,B0313 富盛投顧,安盛
B280026,2026-02-20,77.84410095214844,美元,安盛環球基金-美國非投資等級債券基金BL DIS「fl」美元 (月配息),yfinance,債券型,美國,B0313 富盛投顧,安盛
B280026,2026-02-23,77.70232391357422,美元,安盛環球基金-美國非投資等級債券基金BL DIS「fl」美元 (月配息),yfinance,債券型,美國,B0313 富盛投顧,安盛
B280026,2026-02-24,77.68342590332031,美元,安盛環球基金-美國非投資等級債券基金BL DIS「fl」美元 (月配息),yfinance,債券型,美國,B0313 富盛投顧,安盛
B280026,2026-02-25,77.73067474365234,美元,安盛環球基金-美國非投資等級債券基金BL DIS「fl」美元 (月配息),yfinance,債券型,美國,B0313 富盛投顧,安盛
B280026,2026-02-26,77.71177673339844,美元,安盛環球基金-美國非投資等級債券基金BL DIS「fl」美元 (月配息),yfinance,債券型,美國,B0313 富盛投顧,安盛
B280026,2026-02-27,77.52099609375,美元,安盛環球基金-美國非投資等級債券基金BL DIS「fl」美元 (月配息),yfinance,債券型,美國,B0313 富盛投顧,安盛
B280026,2026-03-02,77.44469451904297,美元,安盛環球基金-美國非投資等級債券基金BL DIS「fl」美元 (月配息),yfinance,債券型,美國,B0313 富盛投顧,安盛
B280026,2026-03-03,77.33977508544922,美元,安盛環球基金-美國非投資等級債券基金BL DIS「fl」美元 (月配息),yfinance,債券型,美國,B0313 富盛投顧,安盛
B280026,2026-03-04,77.61639404296875,美元,安盛環球基金-美國非投資等級債券基金BL DIS「fl」美元 (月配息),yfinance,債券型,美國,B0313 富盛投顧,安盛
B280026,2026-03-05,77.47330474853516,美元,安盛環球基金-美國非投資等級債券基金BL DIS「fl」美元 (月配息),yfinance,債券型,美國,B0313 富盛投顧,安盛
B280026,2026-03-06,77.19668579101562,美元,安盛環球基金-美國非投資等級債券基金BL DIS「fl」美元 (月配息),yfinance,債券型,美國,B0313 富盛投顧,安盛
B280026,2026-03-09,77.1776123046875,美元,安盛環球基金-美國非投資等級債券基金BL DIS「fl」美元 (月配息),yfinance,債券型,美國,B0313 富盛投顧,安盛
B280026,2026-03-10,77.44469451904297,美元,安盛環球基金-美國非投資等級債券基金BL DIS「fl」美元 (月配息),yfinance,債券型,美國,B0313 富盛投顧,安盛
B280026,2026-03-11,77.33977508544922,美元,安盛環球基金-美國非投資等級債券基金BL DIS「fl」美元 (月配息),yfinance,債券型,美國,B0313 富盛投顧,安盛
B280026,2026-03-12,76.94868469238281,美元,安盛環球基金-美國非投資等級債券基金BL DIS「fl」美元 (月配息),yfinance,債券型,美國,B0313 富盛投顧,安盛
B280026,2026-03-13,76.7579116821289,美元,安盛環球基金-美國非投資等級債券基金BL DIS「fl」美元 (月配息),yfinance,債券型,美國,B0313 富盛投顧,安盛
B280026,2026-03-16,76.9200668334961,美元,安盛環球基金-美國非投資等級債券基金BL DIS「fl」美元 (月配息),yfinance,債券型,美國,B0313 富盛投顧,安盛
B280026,2026-03-17,77.08222961425781,美元,安盛環球基金-美國非投資等級債券基金BL DIS「fl」美元 (月配息),yfinance,債券型,美國,B0313 富盛投顧,安盛
B280026,2026-03-18,76.93914794921875,美元,安盛環球基金-美國非投資等級債券基金BL DIS「fl」美元 (月配息),yfinance,債券型,美國,B0313 富盛投顧,安盛
B280026,2026-03-19,76.710205078125,美元,安盛環球基金-美國非投資等級債券基金BL DIS「fl」美元 (月配息),yfinance,債券型,美國,B0313 富盛投顧,安盛
B280026,2026-03-20,76.47174835205078,美元,安盛環球基金-美國非投資等級債券基金BL DIS「fl」美元 (月配息),yfinance,債券型,美國,B0313 富盛投顧,安盛
B280026,2026-03-23,76.7197494506836,美元,安盛環球基金-美國非投資等級債券基金BL DIS「fl」美元 (月配息),yfinance,債券型,美國,B0313 富盛投顧,安盛
B280026,2026-03-24,76.59574890136719,美元,安盛環球基金-美國非投資等級債券基金BL DIS「fl」美元 (月配息),yfinance,債券型,美國,B0313 富盛投顧,安盛
B280026,2026-03-25,76.7769775390625,美元,安盛環球基金-美國非投資等級債券基金BL DIS「fl」美元 (月配息),yfinance,債券型,美國,B0313 富盛投顧,安盛
B280026,2026-03-26,76.42405700683594,美元,安盛環球基金-美國非投資等級債券基金BL DIS「fl」美元 (月配息),yfinance,債券型,美國,B0313 富盛投顧,安盛
B280026,2026-03-27,76.03296661376953,美元,安盛環球基金-美國非投資等級債券基金BL DIS「fl」美元 (月配息),yfinance,債券型,美國,B0313 富盛投顧,安盛
B280026,2026-03-30,76.1474380493164,美元,安盛環球基金-美國非投資等級債券基金BL DIS「fl」美元 (月配息),yfinance,債券型,美國,B0313 富盛投顧,安盛
B280026,2026-03-31,76.59037017822266,美元,安盛環球基金-美國非投資等級債券基金BL DIS「fl」美元 (月配息),yfinance,債券型,美國,B0313 富盛投顧,安盛
B280026,2026-04-01,76.95628356933594,美元,安盛環球基金-美國非投資等級債券基金BL DIS「fl」美元 (月配息),yfinance,債券型,美國,B0313 富盛投顧,安盛
B280026,2026-04-02,76.99479675292969,美元,安盛環球基金-美國非投資等級債券基金BL DIS「fl」美元 (月配息),yfinance,債券型,美國,B0313 富盛投顧,安盛
B280026,2026-04-07,77.11034393310547,美元,安盛環球基金-美國非投資等級債券基金BL DIS「fl」美元 (月配息),yfinance,債券型,美國,B0313 富盛投顧,安盛
B280026,2026-04-08,77.63033294677734,美元,安盛環球基金-美國非投資等級債券基金BL DIS「fl」美元 (月配息),yfinance,債券型,美國,B0313 富盛投顧,安盛
B280026,2026-04-09,77.64958190917969,美元,安盛環球基金-美國非投資等級債券基金BL DIS「fl」美元 (月配息),yfinance,債券型,美國,B0313 富盛投顧,安盛
B280026,2026-04-10,77.48588562011719,美元,安盛環球基金-美國非投資等級債券基金BL DIS「fl」美元 (月配息),yfinance,債券型,美國,B0313 富盛投顧,安盛
B280026,2026-04-13,77.45699310302734,美元,安盛環球基金-美國非投資等級債券基金BL DIS「fl」美元 (月配息),yfinance,債券型,美國,B0313 富盛投顧,安盛
B280026,2026-04-14,77.7747573852539,美元,安盛環球基金-美國非投資等級債券基金BL DIS「fl」美元 (月配息),yfinance,債券型,美國,B0313 富盛投顧,安盛
B280026,2026-04-15,77.7458724975586,美元,安盛環球基金-美國非投資等級債券基金BL DIS「fl」美元 (月配息),yfinance,債券型,美國,B0313 富盛投顧,安盛
B280026,2026-04-16,77.75550079345703,美元,安盛環球基金-美國非投資等級債券基金BL DIS「fl」美元 (月配息),yfinance,債券型,美國,B0313 富盛投顧,安盛
B280026,2026-04-17,78.00586700439453,美元,安盛環球基金-美國非投資等級債券基金BL DIS「fl」美元 (月配息),yfinance,債券型,美國,B0313 富盛投顧,安盛
B280026,2026-04-20,77.9384536743164,美元,安盛環球基金-美國非投資等級債券基金BL DIS「fl」美元 (月配息),yfinance,債券型,美國,B0313 富盛投顧,安盛
B280026,2026-04-21,77.81327819824219,美元,安盛環球基金-美國非投資等級債券基金BL DIS「fl」美元 (月配息),yfinance,債券型,美國,B0313 富盛投顧,安盛
B280026,2026-04-22,77.85179138183594,美元,安盛環球基金-美國非投資等級債券基金BL DIS「fl」美元 (月配息),yfinance,債券型,美國,B0313 富盛投顧,安盛
B280026,2026-04-23,77.71697998046875,美元,安盛環球基金-美國非投資等級債券基金BL DIS「fl」美元 (月配息),yfinance,債券型,美國,B0313 富盛投顧,安盛
B280026,2026-04-24,77.79402160644531,美元,安盛環球基金-美國非投資等級債券基金BL DIS「fl」美元 (月配息),yfinance,債券型,美國,B0313 富盛投顧,安盛
B280026,2026-04-27,77.78438568115234,美元,安盛環球基金-美國非投資等級債券基金BL DIS「fl」美元 (月配息),yfinance,債券型,美國,B0313 富盛投顧,安盛
B280026,2026-04-28,77.71697998046875,美元,安盛環球基金-美國非投資等級債券基金BL DIS「fl」美元 (月配息),yfinance,債券型,美國,B0313 富盛投顧,安盛
B280026,2026-04-29,77.55329132080078,美元,安盛環球基金-美國非投資等級債券基金BL DIS「fl」美元 (月配息),yfinance,債券型,美國,B0313 富盛投顧,安盛
B280026,2026-04-30,77.64076232910156,美元,安盛環球基金-美國非投資等級債券基金BL DIS「fl」美元 (月配息),yfinance,債券型,美國,B0313 富盛投顧,安盛
B280026,2026-05-04,77.67964172363281,美元,安盛環球基金-美國非投資等級債券基金BL DIS「fl」美元 (月配息),yfinance,債券型,美國,B0313 富盛投顧,安盛
B280026,2026-05-05,77.7282485961914,美元,安盛環球基金-美國非投資等級債券基金BL DIS「fl」美元 (月配息),yfinance,債券型,美國,B0313 富盛投顧,安盛
B280026,2026-05-06,77.9226303100586,美元,安盛環球基金-美國非投資等級債券基金BL DIS「fl」美元 (月配息),yfinance,債券型,美國,B0313 富盛投顧,安盛
B280026,2026-05-07,77.8545913696289,美元,安盛環球基金-美國非投資等級債券基金BL DIS「fl」美元 (月配息),yfinance,債券型,美國,B0313 富盛投顧,安盛
B280026,2026-05-08,77.86431884765625,美元,安盛環球基金-美國非投資等級債券基金BL DIS「fl」美元 (月配息),yfinance,債券型,美國,B0313 富盛投顧,安盛
B280026,2026-05-11,77.81571960449219,美元,安盛環球基金-美國非投資等級債券基金BL DIS「fl」美元 (月配息),yfinance,債券型,美國,B0313 富盛投顧,安盛
B280026,2026-05-12,77.57272338867188,美元,安盛環球基金-美國非投資等級債券基金BL DIS「fl」美元 (月配息),yfinance,債券型,美國,B0313 富盛投顧,安盛
B280026,2026-05-13,77.61160278320312,美元,安盛環球基金-美國非投資等級債券基金BL DIS「fl」美元 (月配息),yfinance,債券型,美國,B0313 富盛投顧,安盛
B280026,2026-05-15,77.43665313720703,美元,安盛環球基金-美國非投資等級債券基金BL DIS「fl」美元 (月配息),yfinance,債券型,美國,B0313 富盛投顧,安盛
B280026,2026-05-18,77.36860656738281,美元,安盛環球基金-美國非投資等級債券基金BL DIS「fl」美元 (月配息),yfinance,債券型,美國,B0313 富盛投顧,安盛
B280026,2026-05-19,77.21310424804688,美元,安盛環球基金-美國非投資等級債券基金BL DIS「fl」美元 (月配息),yfinance,債券型,美國,B0313 富盛投顧,安盛
B280026,2026-05-20,77.51441192626953,美元,安盛環球基金-美國非投資等級債券基金BL DIS「fl」美元 (月配息),yfinance,債券型,美國,B0313 富盛投顧,安盛
B280026,2026-05-21,77.5630111694336,美元,安盛環球基金-美國非投資等級債券基金BL DIS「fl」美元 (月配息),yfinance,債券型,美國,B0313 富盛投顧,安盛
B280026,2026-05-22,77.66020965576172,美元,安盛環球基金-美國非投資等級債券基金BL DIS「fl」美元 (月配息),yfinance,債券型,美國,B0313 富盛投顧,安盛
B280026,2026-05-26,77.88375854492188,美元,安盛環球基金-美國非投資等級債券基金BL DIS「fl」美元 (月配息),yfinance,債券型,美國,B0313 富盛投顧,安盛
B280026,2026-05-27,77.89348602294922,美元,安盛環球基金-美國非投資等級債券基金BL DIS「fl」美元 (月配息),yfinance,債券型,美國,B0313 富盛投顧,安盛
B280026,2026-05-28,77.93235778808594,美元,安盛環球基金-美國非投資等級債券基金BL DIS「fl」美元 (月配息),yfinance,債券型,美國,B0313 富盛投顧,安盛
B280026,2026-05-29,78.05009460449219,美元,安盛環球基金-美國非投資等級債券基金BL DIS「fl」美元 (月配息),yfinance,債券型,美國,B0313 富盛投顧,安盛
B280026,2026-06-01,78.040283203125,美元,安盛環球基金-美國非投資等級債券基金BL DIS「fl」美元 (月配息),yfinance,債券型,美國,B0313 富盛投顧,安盛
B280026,2026-06-02,78.07952880859375,美元,安盛環球基金-美國非投資等級債券基金BL DIS「fl」美元 (月配息),yfinance,債券型,美國,B0313 富盛投顧,安盛
B280026,2026-06-03,77.92254638671875,美元,安盛環球基金-美國非投資等級債券基金BL DIS「fl」美元 (月配息),yfinance,債券型,美國,B0313 富盛投顧,安盛
B280026,2026-06-04,78.00103759765625,美元,安盛環球基金-美國非投資等級債券基金BL DIS「fl」美元 (月配息),yfinance,債券型,美國,B0313 富盛投顧,安盛
B280026,2026-06-05,77.79499816894531,美元,安盛環球基金-美國非投資等級債券基金BL DIS「fl」美元 (月配息),yfinance,債券型,美國,B0313 富盛投顧,安盛
B280026,2026-06-08,77.8048095703125,美元,安盛環球基金-美國非投資等級債券基金BL DIS「fl」美元 (月配息),yfinance,債券型,美國,B0313 富盛投顧,安盛
B280026,2026-06-09,77.83424377441406,美元,安盛環球基金-美國非投資等級債券基金BL DIS「fl」美元 (月配息),yfinance,債券型,美國,B0313 富盛投顧,安盛
B280026,2026-06-10,77.7753677368164,美元,安盛環球基金-美國非投資等級債券基金BL DIS「fl」美元 (月配息),yfinance,債券型,美國,B0313 富盛投顧,安盛
B280026,2026-06-11,77.95197296142578,美元,安盛環球基金-美國非投資等級債券基金BL DIS「fl」美元 (月配息),yfinance,債券型,美國,B0313 富盛投顧,安盛
B280026,2026-06-12,78.10896301269531,美元,安盛環球基金-美國非投資等級債券基金BL DIS「fl」美元 (月配息),yfinance,債券型,美國,B0313 富盛投顧,安盛
B280026,2026-06-15,78.2757568359375,美元,安盛環球基金-美國非投資等級債券基金BL DIS「fl」美元 (月配息),yfinance,債券型,美國,B0313 富盛投顧,安盛
B280026,2026-06-16,78.23651123046875,美元,安盛環球基金-美國非投資等級債券基金BL DIS「fl」美元 (月配息),yfinance,債券型,美國,B0313 富盛投顧,安盛
B280026,2026-06-17,78.0991439819336,美元,安盛環球基金-美國非投資等級債券基金BL DIS「fl」美元 (月配息),yfinance,債券型,美國,B0313 富盛投顧,安盛
B280026,2026-06-18,78.12858581542969,美元,安盛環球基金-美國非投資等級債券基金BL DIS「fl」美元 (月配息),yfinance,債券型,美國,B0313 富盛投顧,安盛
B280026,2026-06-22,78.06971740722656,美元,安盛環球基金-美國非投資等級債券基金BL DIS「fl」美元 (月配息),yfinance,債券型,美國,B0313 富盛投顧,安盛
B280026,2026-06-24,78.0206527709961,美元,安盛環球基金-美國非投資等級債券基金BL DIS「fl」美元 (月配息),yfinance,債券型,美國,B0313 富盛投顧,安盛
B280026,2026-06-25,78.0206527709961,美元,安盛環球基金-美國非投資等級債券基金BL DIS「fl」美元 (月配息),yfinance,債券型,美國,B0313 富盛投顧,安盛
B280026,2026-06-26,77.9617919921875,美元,安盛環球基金-美國非投資等級債券基金BL DIS「fl」美元 (月配息),yfinance,債券型,美國,B0313 富盛投顧,安盛
B280026,2026-06-29,78.06971740722656,美元,安盛環球基金-美國非投資等級債券基金BL DIS「fl」美元 (月配息),yfinance,債券型,美國,B0313 富盛投顧,安盛
B280026,2026-06-30,78.1192398071289,美元,安盛環球基金-美國非投資等級債券基金BL DIS「fl」美元 (月配息),yfinance,債券型,美國,B0313 富盛投顧,安盛
B280026,2026-07-01,78.09942626953125,美元,安盛環球基金-美國非投資等級債券基金BL DIS「fl」美元 (月配息),yfinance,債券型,美國,B0313 富盛投顧,安盛
B280026,2026-07-02,78.20838165283203,美元,安盛環球基金-美國非投資等級債券基金BL DIS「fl」美元 (月配息),yfinance,債券型,美國,B0313 富盛投顧,安盛
B280026,2026-07-06,78.32723999023438,美元,安盛環球基金-美國非投資等級債券基金BL DIS「fl」美元 (月配息),yfinance,債券型,美國,B0313 富盛投顧,安盛
B280026,2026-07-07,78.30742645263672,美元,安盛環球基金-美國非投資等級債券基金BL DIS「fl」美元 (月配息),yfinance,債券型,美國,B0313 富盛投顧,安盛
B280026,2026-07-08,78.16876220703125,美元,安盛環球基金-美國非投資等級債券基金BL DIS「fl」美元 (月配息),yfinance,債券型,美國,B0313 富盛投顧,安盛
B280026,2026-07-09,78.23809051513672,美元,安盛環球基金-美國非投資等級債券基金BL DIS「fl」美元 (月配息),yfinance,債券型,美國,B0313 富盛投顧,安盛
B280026,2026-07-10,78.23809051513672,美元,安盛環球基金-美國非投資等級債券基金BL DIS「fl」美元 (月配息),yfinance,債券型,美國,B0313 富盛投顧,安盛
B280026,2026-07-13,78.12914276123047,美元,安盛環球基金-美國非投資等級債券基金BL DIS「fl」美元 (月配息),yfinance,債券型,美國,B0313 富盛投顧,安盛
B280026,2026-07-14,78.13904571533203,美元,安盛環球基金-美國非投資等級債券基金BL DIS「fl」美元 (月配息),yfinance,債券型,美國,B0313 富盛投顧,安盛
B280026,2026-07-15,78.29753112792969,美元,安盛環球基金-美國非投資等級債券基金BL DIS「fl」美元 (月配息),yfinance,債券型,美國,B0313 富盛投顧,安盛
B280026,2026-07-16,78.30742645263672,美元,安盛環球基金-美國非投資等級債券基金BL DIS「fl」美元 (月配息),yfinance,債券型,美國,B0313 富盛投顧,安盛
B280026,2026-07-17,78.31733703613281,美元,安盛環球基金-美國非投資等級債券基金BL DIS「fl」美元 (月配息),yfinance,債券型,美國,B0313 富盛投顧,安盛
B280026,2026-07-20,78.2876205444336,美元,安盛環球基金-美國非投資等級債券基金BL DIS「fl」美元 (月配息),yfinance,債券型,美國,B0313 富盛投顧,安盛
B280026,2026-07-21,78.22819519042969,美元,安盛環球基金-美國非投資等級債券基金BL DIS「fl」美元 (月配息),yfinance,債券型,美國,B0313 富盛投顧,安盛
B280026,2026-07-22,78.09942626953125,美元,安盛環球基金-美國非投資等級債券基金BL DIS「fl」美元 (月配息),yfinance,債券型,美國,B0313 富盛投顧,安盛
B280026,2026-07-23,77.8418960571289,美元,安盛環球基金-美國非投資等級債券基金BL DIS「fl」美元 (月配息),yfinance,債券型,美國,B0313 富盛投顧,安盛
B280026,2026-07-24,77.8617172241211,美元,安盛環球基金-美國非投資等級債券基金BL DIS「fl」美元 (月配息),yfinance,債券型,美國,B0313 富盛投顧,安盛
B280026,2026-07-27,77.91123962402344,美元,安盛環球基金-美國非投資等級債券基金BL DIS「fl」美元 (月配息),yfinance,債券型,美國,B0313 富盛投顧,安盛
B280026,2026-07-28,77.99047088623047,美元,安盛環球基金-美國非投資等級債券基金BL DIS「fl」美元 (月配息),yfinance,債券型,美國,B0313 富盛投顧,安盛
B280026,2026-07-29,77.90133666992188,美元,安盛環球基金-美國非投資等級債券基金BL DIS「fl」美元 (月配息),yfinance,債券型,美國,B0313 富盛投顧,安盛
B280026,2026-07-30,78.04000091552734,美元,安盛環球基金-美國非投資等級債券基金BL DIS「fl」美元 (月配息),yfinance,債券型,美國,B0313 富盛投顧,安盛
B280026,2026-07-31,78.0199966430664,美元,安盛環球基金-美國非投資等級債券基金BL DIS「fl」美元 (月配息),yfinance,債券型,美國,B0313 富盛投顧,安盛
B280026,2026-08-03,78.25,美元,安盛環球基金-美國非投資等級債券基金BL DIS「fl」美元 (月配息),yfinance,債券型,美國,B0313 富盛投顧,安盛
B280026,2026-08-04,78.48999786376953,美元,安盛環球基金-美國非投資等級債券基金BL DIS「fl」美元 (月配息),yfinance,債券型,美國,B0313 富盛投顧,安盛
B280026,2026-08-05,78.48999786376953,美元,安盛環球基金-美國非投資等級債券基金BL DIS「fl」美元 (月配息),yfinance,債券型,美國,B0313 富盛投顧,安盛
B280026,2026-08-06,78.44000244140625,美元,安盛環球基金-美國非投資等級債券基金BL DIS「fl」美元 (月配息),yfinance,債券型,美國,B0313 富盛投顧,安盛
B280026,2026-08-07,78.55000305175781,美元,安盛環球基金-美國非投資等級債券基金BL DIS「fl」美元 (月配息),yfinance,債券型,美國,B0313 富盛投顧,安盛
B280026,2026-08-10,78.47000122070312,美元,安盛環球基金-美國非投資等級債券基金BL DIS「fl」美元 (月配息),yfinance,債券型,美國,B0313 富盛投顧,安盛
B280026,2026-08-11,78.44000244140625,美元,安盛環球基金-美國非投資等級債券基金BL DIS「fl」美元 (月配息),yfinance,債券型,美國,B0313 富盛投顧,安盛
B280026,2026-08-12,78.5,美元,安盛環球基金-美國非投資等級債券基金BL DIS「fl」美元 (月配息),yfinance,債券型,美國,B0313 富盛投顧,安盛
B280026,2026-08-13,78.62999725341797,美元,安盛環球基金-美國非投資等級債券基金BL DIS「fl」美元 (月配息),yfinance,債券型,美國,B0313 富盛投顧,安盛
B280026,2026-08-14,78.66999816894531,美元,安盛環球基金-美國非投資等級債券基金BL DIS「fl」美元 (月配息),yfinance,債券型,美國,B0313 富盛投顧,安盛
B280026,2026-08-17,78.62000274658203,美元,安盛環球基金-美國非投資等級債券基金BL DIS「fl」美元 (月配息),yfinance,債券型,美國,B0313 富盛投顧,安盛
B460098,2026-01-02,8.986468315124512,美元,PIMCO多元收益債券基金-BM級類別(月收息強化股份),yfinance,債券型,全球市場,B0351 品浩太平洋投顧,品浩
B460098,2026-01-05,9.015362739562988,美元,PIMCO多元收益債券基金-BM級類別(月收息強化股份),yfinance,債券型,全球市場,B0351 品浩太平洋投顧,品浩
B460098,2026-01-06,9.024995803833008,美元,PIMCO多元收益債券基金-BM級類別(月收息強化股份),yfinance,債券型,全球市場,B0351 品浩太平洋投顧,品浩
B460098,2026-01-07,9.024995803833008,美元,PIMCO多元收益債券基金-BM級類別(月收息強化股份),yfinance,債券型,全球市場,B0351 品浩太平洋投顧,品浩
B460098,2026-01-08,9.015362739562988,美元,PIMCO多元收益債券基金-BM級類別(月收息強化股份),yfinance,債券型,全球市場,B0351 品浩太平洋投顧,品浩
B460098,2026-01-09,9.024995803833008,美元,PIMCO多元收益債券基金-BM級類別(月收息強化股份),yfinance,債券型,全球市場,B0351 品浩太平洋投顧,品浩
B460098,2026-01-12,9.024995803833008,美元,PIMCO多元收益債券基金-BM級類別(月收息強化股份),yfinance,債券型,全球市場,B0351 品浩太平洋投顧,品浩
B460098,2026-01-13,9.024995803833008,美元,PIMCO多元收益債券基金-BM級類別(月收息強化股份),yfinance,債券型,全球市場,B0351 品浩太平洋投顧,品浩
B460098,2026-01-14,9.034627914428711,美元,PIMCO多元收益債券基金-BM級類別(月收息強化股份),yfinance,債券型,全球市場,B0351 品浩太平洋投顧,品浩
B460098,2026-01-15,9.034627914428711,美元,PIMCO多元收益債券基金-BM級類別(月收息強化股份),yfinance,債券型,全球市場,B0351 品浩太平洋投顧,品浩
B460098,2026-01-16,9.034627914428711,美元,PIMCO多元收益債券基金-BM級類別(月收息強化股份),yfinance,債券型,全球市場,B0351 品浩太平洋投顧,品浩
B460098,2026-01-20,8.996099472045898,美元,PIMCO多元收益債券基金-BM級類別(月收息強化股份),yfinance,債券型,全球市場,B0351 品浩太平洋投顧,品浩
B460098,2026-01-21,9.024995803833008,美元,PIMCO多元收益債券基金-BM級類別(月收息強化股份),yfinance,債券型,全球市場,B0351 品浩太平洋投顧,品浩
B460098,2026-01-22,9.034627914428711,美元,PIMCO多元收益債券基金-BM級類別(月收息強化股份),yfinance,債券型,全球市場,B0351 品浩太平洋投顧,品浩
B460098,2026-01-23,9.034627914428711,美元,PIMCO多元收益債券基金-BM級類別(月收息強化股份),yfinance,債券型,全球市場,B0351 品浩太平洋投顧,品浩
B460098,2026-01-26,9.053889274597168,美元,PIMCO多元收益債券基金-BM級類別(月收息強化股份),yfinance,債券型,全球市場,B0351 品浩太平洋投顧,品浩
B460098,2026-01-27,9.053889274597168,美元,PIMCO多元收益債券基金-BM級類別(月收息強化股份),yfinance,債券型,全球市場,B0351 品浩太平洋投顧,品浩
B460098,2026-01-28,9.044258117675781,美元,PIMCO多元收益債券基金-BM級類別(月收息強化股份),yfinance,債券型,全球市場,B0351 品浩太平洋投顧,品浩
B460098,2026-01-29,9.040105819702148,美元,PIMCO多元收益債券基金-BM級類別(月收息強化股份),yfinance,債券型,全球市場,B0351 品浩太平洋投顧,品浩
B460098,2026-01-30,9.040105819702148,美元,PIMCO多元收益債券基金-BM級類別(月收息強化股份),yfinance,債券型,全球市場,B0351 品浩太平洋投顧,品浩
B460098,2026-02-02,9.040105819702148,美元,PIMCO多元收益債券基金-BM級類別(月收息強化股份),yfinance,債券型,全球市場,B0351 品浩太平洋投顧,品浩
B460098,2026-02-03,9.040105819702148,美元,PIMCO多元收益債券基金-BM級類別(月收息強化股份),yfinance,債券型,全球市場,B0351 品浩太平洋投顧,品浩
B460098,2026-02-04,9.040105819702148,美元,PIMCO多元收益債券基金-BM級類別(月收息強化股份),yfinance,債券型,全球市場,B0351 品浩太平洋投顧,品浩
B460098,2026-02-05,9.049784660339355,美元,PIMCO多元收益債券基金-BM級類別(月收息強化股份),yfinance,債券型,全球市場,B0351 品浩太平洋投顧,品浩
B460098,2026-02-06,9.059462547302246,美元,PIMCO多元收益債券基金-BM級類別(月收息強化股份),yfinance,債券型,全球市場,B0351 品浩太平洋投顧,品浩
B460098,2026-02-09,9.069143295288086,美元,PIMCO多元收益債券基金-BM級類別(月收息強化股份),yfinance,債券型,全球市場,B0351 品浩太平洋投顧,品浩
B460098,2026-02-10,9.088500022888184,美元,PIMCO多元收益債券基金-BM級類別(月收息強化股份),yfinance,債券型,全球市場,B0351 品浩太平洋投顧,品浩
B460098,2026-02-11,9.078822135925293,美元,PIMCO多元收益債券基金-BM級類別(月收息強化股份),yfinance,債券型,全球市場,B0351 品浩太平洋投顧,品浩
B460098,2026-02-12,9.098177909851074,美元,PIMCO多元收益債券基金-BM級類別(月收息強化股份),yfinance,債券型,全球市場,B0351 品浩太平洋投顧,品浩
B460098,2026-02-13,9.117537498474121,美元,PIMCO多元收益債券基金-BM級類別(月收息強化股份),yfinance,債券型,全球市場,B0351 品浩太平洋投顧,品浩
B460098,2026-02-17,9.117537498474121,美元,PIMCO多元收益債券基金-BM級類別(月收息強化股份),yfinance,債券型,全球市場,B0351 品浩太平洋投顧,品浩
B460098,2026-02-18,9.117537498474121,美元,PIMCO多元收益債券基金-BM級類別(月收息強化股份),yfinance,債券型,全球市場,B0351 品浩太平洋投顧,品浩
B460098,2026-02-19,9.107856750488281,美元,PIMCO多元收益債券基金-BM級類別(月收息強化股份),yfinance,債券型,全球市場,B0351 品浩太平洋投顧,品浩
B460098,2026-02-20,9.117537498474121,美元,PIMCO多元收益債券基金-BM級類別(月收息強化股份),yfinance,債券型,全球市場,B0351 品浩太平洋投顧,品浩
B460098,2026-02-23,9.117537498474121,美元,PIMCO多元收益債券基金-BM級類別(月收息強化股份),yfinance,債券型,全球市場,B0351 品浩太平洋投顧,品浩
B460098,2026-02-24,9.107856750488281,美元,PIMCO多元收益債券基金-BM級類別(月收息強化股份),yfinance,債券型,全球市場,B0351 品浩太平洋投顧,品浩
B460098,2026-02-25,9.117537498474121,美元,PIMCO多元收益債券基金-BM級類別(月收息強化股份),yfinance,債券型,全球市場,B0351 品浩太平洋投顧,品浩
B460098,2026-02-26,9.116634368896484,美元,PIMCO多元收益債券基金-BM級類別(月收息強化股份),yfinance,債券型,全球市場,B0351 品浩太平洋投顧,品浩
B460098,2026-02-27,9.116634368896484,美元,PIMCO多元收益債券基金-BM級類別(月收息強化股份),yfinance,債券型,全球市場,B0351 品浩太平洋投顧,品浩
B460098,2026-03-02,9.077715873718262,美元,PIMCO多元收益債券基金-BM級類別(月收息強化股份),yfinance,債券型,全球市場,B0351 品浩太平洋投顧,品浩
B460098,2026-03-03,9.038797378540039,美元,PIMCO多元收益債券基金-BM級類別(月收息強化股份),yfinance,債券型,全球市場,B0351 品浩太平洋投顧,品浩
B460098,2026-03-04,9.067985534667969,美元,PIMCO多元收益債券基金-BM級類別(月收息強化股份),yfinance,債券型,全球市場,B0351 品浩太平洋投顧,品浩
B460098,2026-03-05,9.038797378540039,美元,PIMCO多元收益債券基金-BM級類別(月收息強化股份),yfinance,債券型,全球市場,B0351 品浩太平洋投顧,品浩
B460098,2026-03-06,8.999878883361816,美元,PIMCO多元收益債券基金-BM級類別(月收息強化股份),yfinance,債券型,全球市場,B0351 品浩太平洋投顧,品浩
B460098,2026-03-09,8.999878883361816,美元,PIMCO多元收益債券基金-BM級類別(月收息強化股份),yfinance,債券型,全球市場,B0351 品浩太平洋投顧,品浩
B460098,2026-03-10,9.019338607788086,美元,PIMCO多元收益債券基金-BM級類別(月收息強化股份),yfinance,債券型,全球市場,B0351 品浩太平洋投顧,品浩
B460098,2026-03-11,8.98041820526123,美元,PIMCO多元收益債券基金-BM級類別(月收息強化股份),yfinance,債券型,全球市場,B0351 品浩太平洋投顧,品浩
B460098,2026-03-12,8.931772232055664,美元,PIMCO多元收益債券基金-BM級類別(月收息強化股份),yfinance,債券型,全球市場,B0351 品浩太平洋投顧,品浩
B460098,2026-03-13,8.902582168579102,美元,PIMCO多元收益債券基金-BM級類別(月收息強化股份),yfinance,債券型,全球市場,B0351 品浩太平洋投顧,品浩
B460098,2026-03-16,8.931772232055664,美元,PIMCO多元收益債券基金-BM級類別(月收息強化股份),yfinance,債券型,全球市場,B0351 品浩太平洋投顧,品浩
B460098,2026-03-17,8.951231002807617,美元,PIMCO多元收益債券基金-BM級類別(月收息強化股份),yfinance,債券型,全球市場,B0351 品浩太平洋投顧,品浩
B460098,2026-03-18,8.902582168579102,美元,PIMCO多元收益債券基金-BM級類別(月收息強化股份),yfinance,債券型,全球市場,B0351 品浩太平洋投顧,品浩
B460098,2026-03-19,8.902582168579102,美元,PIMCO多元收益債券基金-BM級類別(月收息強化股份),yfinance,債券型,全球市場,B0351 品浩太平洋投顧,品浩
B460098,2026-03-20,8.844204902648926,美元,PIMCO多元收益債券基金-BM級類別(月收息強化股份),yfinance,債券型,全球市場,B0351 品浩太平洋投顧,品浩
B460098,2026-03-23,8.873393058776855,美元,PIMCO多元收益債券基金-BM級類別(月收息強化股份),yfinance,債券型,全球市場,B0351 品浩太平洋投顧,品浩
B460098,2026-03-24,8.853935241699219,美元,PIMCO多元收益債券基金-BM級類別(月收息強化股份),yfinance,債券型,全球市場,B0351 品浩太平洋投顧,品浩
B460098,2026-03-25,8.902582168579102,美元,PIMCO多元收益債券基金-BM級類別(月收息強化股份),yfinance,債券型,全球市場,B0351 品浩太平洋投顧,品浩
B460098,2026-03-26,8.844204902648926,美元,PIMCO多元收益債券基金-BM級類別(月收息強化股份),yfinance,債券型,全球市場,B0351 品浩太平洋投顧,品浩
B460098,2026-03-27,8.815016746520996,美元,PIMCO多元收益債券基金-BM級類別(月收息強化股份),yfinance,債券型,全球市場,B0351 品浩太平洋投顧,品浩
B460098,2026-03-30,8.835583686828613,美元,PIMCO多元收益債券基金-BM級類別(月收息強化股份),yfinance,債券型,全球市場,B0351 品浩太平洋投顧,品浩
B460098,2026-03-31,8.864937782287598,美元,PIMCO多元收益債券基金-BM級類別(月收息強化股份),yfinance,債券型,全球市場,B0351 品浩太平洋投顧,品浩
B460098,2026-04-01,8.90407657623291,美元,PIMCO多元收益債券基金-BM級類別(月收息強化股份),yfinance,債券型,全球市場,B0351 品浩太平洋投顧,品浩
B460098,2026-04-02,8.913860321044922,美元,PIMCO多元收益債券基金-BM級類別(月收息強化股份),yfinance,債券型,全球市場,B0351 品浩太平洋投顧,品浩
B460098,2026-04-06,8.913860321044922,美元,PIMCO多元收益債券基金-BM級類別(月收息強化股份),yfinance,債券型,全球市場,B0351 品浩太平洋投顧,品浩
B460098,2026-04-07,8.90407657623291,美元,PIMCO多元收益債券基金-BM級類別(月收息強化股份),yfinance,債券型,全球市場,B0351 品浩太平洋投顧,品浩
B460098,2026-04-08,8.992138862609863,美元,PIMCO多元收益債券基金-BM級類別(月收息強化股份),yfinance,債券型,全球市場,B0351 品浩太平洋投顧,品浩
B460098,2026-04-09,9.001923561096191,美元,PIMCO多元收益債券基金-BM級類別(月收息強化股份),yfinance,債券型,全球市場,B0351 品浩太平洋投顧,品浩
B460098,2026-04-10,9.001923561096191,美元,PIMCO多元收益債券基金-BM級類別(月收息強化股份),yfinance,債券型,全球市場,B0351 品浩太平洋投顧,品浩
B460098,2026-04-13,9.011709213256836,美元,PIMCO多元收益債券基金-BM級類別(月收息強化股份),yfinance,債券型,全球市場,B0351 品浩太平洋投顧,品浩
B460098,2026-04-14,9.050847053527832,美元,PIMCO多元收益債券基金-BM級類別(月收息強化股份),yfinance,債券型,全球市場,B0351 品浩太平洋投顧,品浩
B460098,2026-04-15,9.050847053527832,美元,PIMCO多元收益債券基金-BM級類別(月收息強化股份),yfinance,債券型,全球市場,B0351 品浩太平洋投顧,品浩
B460098,2026-04-16,9.041062355041504,美元,PIMCO多元收益債券基金-BM級類別(月收息強化股份),yfinance,債券型,全球市場,B0351 品浩太平洋投顧,品浩
B460098,2026-04-17,9.089985847473145,美元,PIMCO多元收益債券基金-BM級類別(月收息強化股份),yfinance,債券型,全球市場,B0351 品浩太平洋投顧,品浩
B460098,2026-04-20,9.070417404174805,美元,PIMCO多元收益債券基金-BM級類別(月收息強化股份),yfinance,債券型,全球市場,B0351 品浩太平洋投顧,品浩
B460098,2026-04-21,9.050847053527832,美元,PIMCO多元收益債券基金-BM級類別(月收息強化股份),yfinance,債券型,全球市場,B0351 品浩太平洋投顧,品浩
B460098,2026-04-22,9.060632705688477,美元,PIMCO多元收益債券基金-BM級類別(月收息強化股份),yfinance,債券型,全球市場,B0351 品浩太平洋投顧,品浩
B460098,2026-04-23,9.041062355041504,美元,PIMCO多元收益債券基金-BM級類別(月收息強化股份),yfinance,債券型,全球市場,B0351 品浩太平洋投顧,品浩
B460098,2026-04-24,9.041062355041504,美元,PIMCO多元收益債券基金-BM級類別(月收息強化股份),yfinance,債券型,全球市場,B0351 品浩太平洋投顧,品浩
B460098,2026-04-27,9.03127670288086,美元,PIMCO多元收益債券基金-BM級類別(月收息強化股份),yfinance,債券型,全球市場,B0351 品浩太平洋投顧,品浩
B460098,2026-04-28,9.021493911743164,美元,PIMCO多元收益債券基金-BM級類別(月收息強化股份),yfinance,債券型,全球市場,B0351 品浩太平洋投顧,品浩
B460098,2026-04-29,8.993103981018066,美元,PIMCO多元收益債券基金-BM級類別(月收息強化股份),yfinance,債券型,全球市場,B0351 品浩太平洋投顧,品浩
B460098,2026-04-30,9.002942085266113,美元,PIMCO多元收益債券基金-BM級類別(月收息強化股份),yfinance,債券型,全球市場,B0351 品浩太平洋投顧,品浩
B460098,2026-05-01,9.022622108459473,美元,PIMCO多元收益債券基金-BM級類別(月收息強化股份),yfinance,債券型,全球市場,B0351 品浩太平洋投顧,品浩
B460098,2026-05-04,9.002942085266113,美元,PIMCO多元收益債券基金-BM級類別(月收息強化股份),yfinance,債券型,全球市場,B0351 品浩太平洋投顧,品浩
B460098,2026-05-05,9.012782096862793,美元,PIMCO多元收益債券基金-BM級類別(月收息強化股份),yfinance,債券型,全球市場,B0351 品浩太平洋投顧,品浩
B460098,2026-05-06,9.061979293823242,美元,PIMCO多元收益債券基金-BM級類別(月收息強化股份),yfinance,債券型,全球市場,B0351 品浩太平洋投顧,品浩
B460098,2026-05-07,9.052139282226562,美元,PIMCO多元收益債券基金-BM級類別(月收息強化股份),yfinance,債券型,全球市場,B0351 品浩太平洋投顧,品浩
B460098,2026-05-08,9.061979293823242,美元,PIMCO多元收益債券基金-BM級類別(月收息強化股份),yfinance,債券型,全球市場,B0351 品浩太平洋投顧,品浩
B460098,2026-05-11,9.0423002243042,美元,PIMCO多元收益債券基金-BM級類別(月收息強化股份),yfinance,債券型,全球市場,B0351 品浩太平洋投顧,品浩
B460098,2026-05-12,9.012782096862793,美元,PIMCO多元收益債券基金-BM級類別(月收息強化股份),yfinance,債券型,全球市場,B0351 品浩太平洋投顧,品浩
B460098,2026-05-13,9.012782096862793,美元,PIMCO多元收益債券基金-BM級類別(月收息強化股份),yfinance,債券型,全球市場,B0351 品浩太平洋投顧,品浩
B460098,2026-05-14,9.012782096862793,美元,PIMCO多元收益債券基金-BM級類別(月收息強化股份),yfinance,債券型,全球市場,B0351 品浩太平洋投顧,品浩
B460098,2026-05-15,8.963584899902344,美元,PIMCO多元收益債券基金-BM級類別(月收息強化股份),yfinance,債券型,全球市場,B0351 品浩太平洋投顧,品浩
B460098,2026-05-18,8.953747749328613,美元,PIMCO多元收益債券基金-BM級類別(月收息強化股份),yfinance,債券型,全球市場,B0351 品浩太平洋投顧,品浩
B460098,2026-05-19,8.92422866821289,美元,PIMCO多元收益債券基金-BM級類別(月收息強化股份),yfinance,債券型,全球市場,B0351 品浩太平洋投顧,品浩
B460098,2026-05-20,8.963584899902344,美元,PIMCO多元收益債券基金-BM級類別(月收息強化股份),yfinance,債券型,全球市場,B0351 品浩太平洋投顧,品浩
B460098,2026-05-21,8.973424911499023,美元,PIMCO多元收益債券基金-BM級類別(月收息強化股份),yfinance,債券型,全球市場,B0351 品浩太平洋投顧,品浩
B460098,2026-05-22,8.993103981018066,美元,PIMCO多元收益債券基金-BM級類別(月收息強化股份),yfinance,債券型,全球市場,B0351 品浩太平洋投顧,品浩
B460098,2026-05-26,9.022622108459473,美元,PIMCO多元收益債券基金-BM級類別(月收息強化股份),yfinance,債券型,全球市場,B0351 品浩太平洋投顧,品浩
B460098,2026-05-27,9.03246021270752,美元,PIMCO多元收益債券基金-BM級類別(月收息強化股份),yfinance,債券型,全球市場,B0351 品浩太平洋投顧,品浩
B460098,2026-05-28,9.04828929901123,美元,PIMCO多元收益債券基金-BM級類別(月收息強化股份),yfinance,債券型,全球市場,B0351 品浩太平洋投顧,品浩
B460098,2026-05-29,9.06806755065918,美元,PIMCO多元收益債券基金-BM級類別(月收息強化股份),yfinance,債券型,全球市場,B0351 品浩太平洋投顧,品浩
B460098,2026-06-01,9.03840160369873,美元,PIMCO多元收益債券基金-BM級類別(月收息強化股份),yfinance,債券型,全球市場,B0351 品浩太平洋投顧,品浩
B460098,2026-06-02,9.077956199645996,美元,PIMCO多元收益債券基金-BM級類別(月收息強化股份),yfinance,債券型,全球市場,B0351 品浩太平洋投顧,品浩
B460098,2026-06-03,9.058177947998047,美元,PIMCO多元收益債券基金-BM級類別(月收息強化股份),yfinance,債券型,全球市場,B0351 品浩太平洋投顧,品浩
B460098,2026-06-04,9.06806755065918,美元,PIMCO多元收益債券基金-BM級類別(月收息強化股份),yfinance,債券型,全球市場,B0351 品浩太平洋投顧,品浩
B460098,2026-06-05,9.028512001037598,美元,PIMCO多元收益債券基金-BM級類別(月收息強化股份),yfinance,債券型,全球市場,B0351 品浩太平洋投顧,品浩
B460098,2026-06-08,9.018623352050781,美元,PIMCO多元收益債券基金-BM級類別(月收息強化股份),yfinance,債券型,全球市場,B0351 品浩太平洋投顧,品浩
B460098,2026-06-09,9.03840160369873,美元,PIMCO多元收益債券基金-BM級類別(月收息強化股份),yfinance,債券型,全球市場,B0351 品浩太平洋投顧,品浩
B460098,2026-06-10,9.028512001037598,美元,PIMCO多元收益債券基金-BM級類別(月收息強化股份),yfinance,債券型,全球市場,B0351 品浩太平洋投顧,品浩
B460098,2026-06-11,9.06806755065918,美元,PIMCO多元收益債券基金-BM級類別(月收息強化股份),yfinance,債券型,全球市場,B0351 品浩太平洋投顧,品浩
B460098,2026-06-12,9.087844848632812,美元,PIMCO多元收益債券基金-BM級類別(月收息強化股份),yfinance,債券型,全球市場,B0351 品浩太平洋投顧,品浩
B460098,2026-06-15,9.117512702941895,美元,PIMCO多元收益債券基金-BM級類別(月收息強化股份),yfinance,債券型,全球市場,B0351 品浩太平洋投顧,品浩
B460098,2026-06-16,9.117512702941895,美元,PIMCO多元收益債券基金-BM級類別(月收息強化股份),yfinance,債券型,全球市場,B0351 品浩太平洋投顧,品浩
B460098,2026-06-17,9.097733497619629,美元,PIMCO多元收益債券基金-BM級類別(月收息強化股份),yfinance,債券型,全球市場,B0351 品浩太平洋投顧,品浩
B460098,2026-06-18,9.107624053955078,美元,PIMCO多元收益債券基金-BM級類別(月收息強化股份),yfinance,債券型,全球市場,B0351 品浩太平洋投顧,品浩
B460098,2026-06-22,9.087844848632812,美元,PIMCO多元收益債券基金-BM級類別(月收息強化股份),yfinance,債券型,全球市場,B0351 品浩太平洋投顧,品浩
B460098,2026-06-23,9.087844848632812,美元,PIMCO多元收益債券基金-BM級類別(月收息強化股份),yfinance,債券型,全球市場,B0351 品浩太平洋投顧,品浩
B460098,2026-06-24,9.117512702941895,美元,PIMCO多元收益債券基金-BM級類別(月收息強化股份),yfinance,債券型,全球市場,B0351 品浩太平洋投顧,品浩
B460098,2026-06-25,9.117512702941895,美元,PIMCO多元收益債券基金-BM級類別(月收息強化股份),yfinance,債券型,全球市場,B0351 品浩太平洋投顧,品浩
B460098,2026-06-26,9.127400398254395,美元,PIMCO多元收益債券基金-BM級類別(月收息強化股份),yfinance,債券型,全球市場,B0351 品浩太平洋投顧,品浩
B460098,2026-06-29,9.128954887390137,美元,PIMCO多元收益債券基金-BM級類別(月收息強化股份),yfinance,債券型,全球市場,B0351 品浩太平洋投顧,品浩
B460098,2026-06-30,9.119010925292969,美元,PIMCO多元收益債券基金-BM級類別(月收息強化股份),yfinance,債券型,全球市場,B0351 品浩太平洋投顧,品浩
B460098,2026-07-01,9.09912109375,美元,PIMCO多元收益債券基金-BM級類別(月收息強化股份),yfinance,債券型,全球市場,B0351 品浩太平洋投顧,品浩
B460098,2026-07-02,9.109066009521484,美元,PIMCO多元收益債券基金-BM級類別(月收息強化股份),yfinance,債券型,全球市場,B0351 品浩太平洋投顧,品浩
B460098,2026-07-06,9.119010925292969,美元,PIMCO多元收益債券基金-BM級類別(月收息強化股份),yfinance,債券型,全球市場,B0351 品浩太平洋投顧,品浩
B460098,2026-07-07,9.089178085327148,美元,PIMCO多元收益債券基金-BM級類別(月收息強化股份),yfinance,債券型,全球市場,B0351 品浩太平洋投顧,品浩
B460098,2026-07-08,9.06928825378418,美元,PIMCO多元收益債券基金-BM級類別(月收息強化股份),yfinance,債券型,全球市場,B0351 品浩太平洋投顧,品浩
B460098,2026-07-09,9.079233169555664,美元,PIMCO多元收益債券基金-BM級類別(月收息強化股份),yfinance,債券型,全球市場,B0351 品浩太平洋投顧,品浩
B460098,2026-07-10,9.089178085327148,美元,PIMCO多元收益債券基金-BM級類別(月收息強化股份),yfinance,債券型,全球市場,B0351 品浩太平洋投顧,品浩
B460098,2026-07-13,9.059344291687012,美元,PIMCO多元收益債券基金-BM級類別(月收息強化股份),yfinance,債券型,全球市場,B0351 品浩太平洋投顧,品浩
B460098,2026-07-14,9.06928825378418,美元,PIMCO多元收益債券基金-BM級類別(月收息強化股份),yfinance,債券型,全球市場,B0351 品浩太平洋投顧,品浩
B460098,2026-07-15,9.079233169555664,美元,PIMCO多元收益債券基金-BM級類別(月收息強化股份),yfinance,債券型,全球市場,B0351 品浩太平洋投顧,品浩
B460098,2026-07-16,9.06928825378418,美元,PIMCO多元收益債券基金-BM級類別(月收息強化股份),yfinance,債券型,全球市場,B0351 品浩太平洋投顧,品浩
B460098,2026-07-17,9.06928825378418,美元,PIMCO多元收益債券基金-BM級類別(月收息強化股份),yfinance,債券型,全球市場,B0351 品浩太平洋投顧,品浩
B460098,2026-07-20,9.049400329589844,美元,PIMCO多元收益債券基金-BM級類別(月收息強化股份),yfinance,債券型,全球市場,B0351 品浩太平洋投顧,品浩
B460098,2026-07-21,9.03945541381836,美元,PIMCO多元收益債券基金-BM級類別(月收息強化股份),yfinance,債券型,全球市場,B0351 品浩太平洋投顧,品浩
B460098,2026-07-22,9.029510498046875,美元,PIMCO多元收益債券基金-BM級類別(月收息強化股份),yfinance,債券型,全球市場,B0351 品浩太平洋投顧,品浩
B460098,2026-07-23,8.989733695983887,美元,PIMCO多元收益債券基金-BM級類別(月收息強化股份),yfinance,債券型,全球市場,B0351 品浩太平洋投顧,品浩
B460098,2026-07-24,8.999677658081055,美元,PIMCO多元收益債券基金-BM級類別(月收息強化股份),yfinance,債券型,全球市場,B0351 品浩太平洋投顧,品浩
B460098,2026-07-27,9.019566535949707,美元,PIMCO多元收益債券基金-BM級類別(月收息強化股份),yfinance,債券型,全球市場,B0351 品浩太平洋投顧,品浩
B460098,2026-07-28,9.029510498046875,美元,PIMCO多元收益債券基金-BM級類別(月收息強化股份),yfinance,債券型,全球市場,B0351 品浩太平洋投顧,品浩
B460098,2026-07-29,9.009622573852539,美元,PIMCO多元收益債券基金-BM級類別(月收息強化股份),yfinance,債券型,全球市場,B0351 品浩太平洋投顧,品浩
B460098,2026-07-30,9.010000228881836,美元,PIMCO多元收益債券基金-BM級類別(月收息強化股份),yfinance,債券型,全球市場,B0351 品浩太平洋投顧,品浩
B460098,2026-07-31,9.0,美元,PIMCO多元收益債券基金-BM級類別(月收息強化股份),yfinance,債券型,全球市場,B0351 品浩太平洋投顧,品浩
B460098,2026-08-03,9.039999961853027,美元,PIMCO多元收益債券基金-BM級類別(月收息強化股份),yfinance,債券型,全球市場,B0351 品浩太平洋投顧,品浩
B460098,2026-08-04,9.069999694824219,美元,PIMCO多元收益債券基金-BM級類別(月收息強化股份),yfinance,債券型,全球市場,B0351 品浩太平洋投顧,品浩
B460098,2026-08-05,9.079999923706055,美元,PIMCO多元收益債券基金-BM級類別(月收息強化股份),yfinance,債券型,全球市場,B0351 品浩太平洋投顧,品浩
B460098,2026-08-06,9.0600004196167,美元,PIMCO多元收益債券基金-BM級類別(月收息強化股份),yfinance,債券型,全球市場,B0351 品浩太平洋投顧,品浩
B460098,2026-08-07,9.069999694824219,美元,PIMCO多元收益債券基金-BM級類別(月收息強化股份),yfinance,債券型,全球市場,B0351 品浩太平洋投顧,品浩
B460098,2026-08-10,9.050000190734863,美元,PIMCO多元收益債券基金-BM級類別(月收息強化股份),yfinance,債券型,全球市場,B0351 品浩太平洋投顧,品浩
B460098,2026-08-11,9.050000190734863,美元,PIMCO多元收益債券基金-BM級類別(月收息強化股份),yfinance,債券型,全球市場,B0351 品浩太平洋投顧,品浩
B460098,2026-08-12,9.0600004196167,美元,PIMCO多元收益債券基金-BM級類別(月收息強化股份),yfinance,債券型,全球市場,B0351 品浩太平洋投顧,品浩
B460098,2026-08-13,9.079999923706055,美元,PIMCO多元收益債券基金-BM級類別(月收息強化股份),yfinance,債券型,全球市場,B0351 品浩太平洋投顧,品浩
B460098,2026-08-14,9.069999694824219,美元,PIMCO多元收益債券基金-BM級類別(月收息強化股份),yfinance,債券型,全球市場,B0351 品浩太平洋投顧,品浩
B460098,2026-08-17,9.050000190734863,美元,PIMCO多元收益債券基金-BM級類別(月收息強化股份),yfinance,債券型,全球市場,B0351 品浩太平洋投顧,品浩
B030825,2026-01-02,63.68819046020508,美元,聯博-優化短期非投資等級債券基金EIX(穩定月配)級別美元,yfinance,債券型,全球市場,A0018 聯博投信,聯博(盧森堡
B030825,2026-01-05,63.75424575805664,美元,聯博-優化短期非投資等級債券基金EIX(穩定月配)級別美元,yfinance,債券型,全球市場,A0018 聯博投信,聯博(盧森堡
B030825,2026-01-06,63.791996002197266,美元,聯博-優化短期非投資等級債券基金EIX(穩定月配)級別美元,yfinance,債券型,全球市場,A0018 聯博投信,聯博(盧森堡
B030825,2026-01-07,63.82030487060547,美元,聯博-優化短期非投資等級債券基金EIX(穩定月配)級別美元,yfinance,債券型,全球市場,A0018 聯博投信,聯博(盧森堡
B030825,2026-01-08,63.81087112426758,美元,聯博-優化短期非投資等級債券基金EIX(穩定月配)級別美元,yfinance,債券型,全球市場,A0018 聯博投信,聯博(盧森堡
B030825,2026-01-09,63.85805130004883,美元,聯博-優化短期非投資等級債券基金EIX(穩定月配)級別美元,yfinance,債券型,全球市場,A0018 聯博投信,聯博(盧森堡
B030825,2026-01-12,63.83918762207031,美元,聯博-優化短期非投資等級債券基金EIX(穩定月配)級別美元,yfinance,債券型,全球市場,A0018 聯博投信,聯博(盧森堡
B030825,2026-01-13,63.86750030517578,美元,聯博-優化短期非投資等級債券基金EIX(穩定月配)級別美元,yfinance,債券型,全球市場,A0018 聯博投信,聯博(盧森堡
B030825,2026-01-14,63.82973861694336,美元,聯博-優化短期非投資等級債券基金EIX(穩定月配)級別美元,yfinance,債券型,全球市場,A0018 聯博投信,聯博(盧森堡
B030825,2026-01-15,63.85805130004883,美元,聯博-優化短期非投資等級債券基金EIX(穩定月配)級別美元,yfinance,債券型,全球市場,A0018 聯博投信,聯博(盧森堡
B030825,2026-01-16,63.88636016845703,美元,聯博-優化短期非投資等級債券基金EIX(穩定月配)級別美元,yfinance,債券型,全球市場,A0018 聯博投信,聯博(盧森堡
B030825,2026-01-20,63.75424575805664,美元,聯博-優化短期非投資等級債券基金EIX(穩定月配)級別美元,yfinance,債券型,全球市場,A0018 聯博投信,聯博(盧森堡
B030825,2026-01-21,63.87692642211914,美元,聯博-優化短期非投資等級債券基金EIX(穩定月配)級別美元,yfinance,債券型,全球市場,A0018 聯博投信,聯博(盧森堡
B030825,2026-01-22,63.961849212646484,美元,聯博-優化短期非投資等級債券基金EIX(穩定月配)級別美元,yfinance,債券型,全球市場,A0018 聯博投信,聯博(盧森堡
B030825,2026-01-23,63.961849212646484,美元,聯博-優化短期非投資等級債券基金EIX(穩定月配)級別美元,yfinance,債券型,全球市場,A0018 聯博投信,聯博(盧森堡
B030825,2026-01-26,63.97129821777344,美元,聯博-優化短期非投資等級債券基金EIX(穩定月配)級別美元,yfinance,債券型,全球市場,A0018 聯博投信,聯博(盧森堡
B030825,2026-01-27,63.97129821777344,美元,聯博-優化短期非投資等級債券基金EIX(穩定月配)級別美元,yfinance,債券型,全球市場,A0018 聯博投信,聯博(盧森堡
B030825,2026-01-28,63.93355178833008,美元,聯博-優化短期非投資等級債券基金EIX(穩定月配)級別美元,yfinance,債券型,全球市場,A0018 聯博投信,聯博(盧森堡
B030825,2026-01-29,63.86750030517578,美元,聯博-優化短期非投資等級債券基金EIX(穩定月配)級別美元,yfinance,債券型,全球市場,A0018 聯博投信,聯博(盧森堡
B030825,2026-01-30,63.87452697753906,美元,聯博-優化短期非投資等級債券基金EIX(穩定月配)級別美元,yfinance,債券型,全球市場,A0018 聯博投信,聯博(盧森堡
B030825,2026-02-02,63.89356231689453,美元,聯博-優化短期非投資等級債券基金EIX(穩定月配)級別美元,yfinance,債券型,全球市場,A0018 聯博投信,聯博(盧森堡
B030825,2026-02-03,63.88405227661133,美元,聯博-優化短期非投資等級債券基金EIX(穩定月配)級別美元,yfinance,債券型,全球市場,A0018 聯博投信,聯博(盧森堡
B030825,2026-02-04,63.72230911254883,美元,聯博-優化短期非投資等級債券基金EIX(穩定月配)級別美元,yfinance,債券型,全球市場,A0018 聯博投信,聯博(盧森堡
B030825,2026-02-05,63.83647155761719,美元,聯博-優化短期非投資等級債券基金EIX(穩定月配)級別美元,yfinance,債券型,全球市場,A0018 聯博投信,聯博(盧森堡
B030825,2026-02-06,63.91258239746094,美元,聯博-優化短期非投資等級債券基金EIX(穩定月配)級別美元,yfinance,債券型,全球市場,A0018 聯博投信,聯博(盧森堡
B030825,2026-02-09,63.95064163208008,美元,聯博-優化短期非投資等級債券基金EIX(穩定月配)級別美元,yfinance,債券型,全球市場,A0018 聯博投信,聯博(盧森堡
B030825,2026-02-10,63.98868942260742,美元,聯博-優化短期非投資等級債券基金EIX(穩定月配)級別美元,yfinance,債券型,全球市場,A0018 聯博投信,聯博(盧森堡
B030825,2026-02-11,63.96015930175781,美元,聯博-優化短期非投資等級債券基金EIX(穩定月配)級別美元,yfinance,債券型,全球市場,A0018 聯博投信,聯博(盧森堡
B030825,2026-02-12,63.931610107421875,美元,聯博-優化短期非投資等級債券基金EIX(穩定月配)級別美元,yfinance,債券型,全球市場,A0018 聯博投信,聯博(盧森堡
B030825,2026-02-13,63.89356231689453,美元,聯博-優化短期非投資等級債券基金EIX(穩定月配)級別美元,yfinance,債券型,全球市場,A0018 聯博投信,聯博(盧森堡
B030825,2026-02-17,63.87452697753906,美元,聯博-優化短期非投資等級債券基金EIX(穩定月配)級別美元,yfinance,債券型,全球市場,A0018 聯博投信,聯博(盧森堡
B030825,2026-02-18,63.94112777709961,美元,聯博-優化短期非投資等級債券基金EIX(穩定月配)級別美元,yfinance,債券型,全球市場,A0018 聯博投信,聯博(盧森堡
B030825,2026-02-19,63.95064163208008,美元,聯博-優化短期非投資等級債券基金EIX(穩定月配)級別美元,yfinance,債券型,全球市場,A0018 聯博投信,聯博(盧森堡
B030825,2026-02-20,63.98868942260742,美元,聯博-優化短期非投資等級債券基金EIX(穩定月配)級別美元,yfinance,債券型,全球市場,A0018 聯博投信,聯博(盧森堡
B030825,2026-02-23,63.96015930175781,美元,聯博-優化短期非投資等級債券基金EIX(穩定月配)級別美元,yfinance,債券型,全球市場,A0018 聯博投信,聯博(盧森堡
B030825,2026-02-24,63.95064163208008,美元,聯博-優化短期非投資等級債券基金EIX(穩定月配)級別美元,yfinance,債券型,全球市場,A0018 聯博投信,聯博(盧森堡
B030825,2026-02-25,63.98868942260742,美元,聯博-優化短期非投資等級債券基金EIX(穩定月配)級別美元,yfinance,債券型,全球市場,A0018 聯博投信,聯博(盧森堡
B030825,2026-02-26,64.00772094726562,美元,聯博-優化短期非投資等級債券基金EIX(穩定月配)級別美元,yfinance,債券型,全球市場,A0018 聯博投信,聯博(盧森堡
B030825,2026-02-27,63.966861724853516,美元,聯博-優化短期非投資等級債券基金EIX(穩定月配)級別美元,yfinance,債券型,全球市場,A0018 聯博投信,聯博(盧森堡
B030825,2026-03-02,63.86134719848633,美元,聯博-優化短期非投資等級債券基金EIX(穩定月配)級別美元,yfinance,債券型,全球市場,A0018 聯博投信,聯博(盧森堡
B030825,2026-03-03,63.775020599365234,美元,聯博-優化短期非投資等級債券基金EIX(穩定月配)級別美元,yfinance,債券型,全球市場,A0018 聯博投信,聯博(盧森堡
B030825,2026-03-04,63.91889953613281,美元,聯博-優化短期非投資等級債券基金EIX(穩定月配)級別美元,yfinance,債券型,全球市場,A0018 聯博投信,聯博(盧森堡
B030825,2026-03-05,63.89012145996094,美元,聯博-優化短期非投資等級債券基金EIX(穩定月配)級別美元,yfinance,債券型,全球市場,A0018 聯博投信,聯博(盧森堡
B030825,2026-03-06,63.71746826171875,美元,聯博-優化短期非投資等級債券基金EIX(穩定月配)級別美元,yfinance,債券型,全球市場,A0018 聯博投信,聯博(盧森堡
B030825,2026-03-09,63.669517517089844,美元,聯博-優化短期非投資等級債券基金EIX(穩定月配)級別美元,yfinance,債券型,全球市場,A0018 聯博投信,聯博(盧森堡
B030825,2026-03-10,63.84217071533203,美元,聯博-優化短期非投資等級債券基金EIX(穩定月配)級別美元,yfinance,債券型,全球市場,A0018 聯博投信,聯博(盧森堡
B030825,2026-03-11,63.7558479309082,美元,聯博-優化短期非投資等級債券基金EIX(穩定月配)級別美元,yfinance,債券型,全球市場,A0018 聯博投信,聯博(盧森堡
B030825,2026-03-12,63.53522491455078,美元,聯博-優化短期非投資等級債券基金EIX(穩定月配)級別美元,yfinance,債券型,全球市場,A0018 聯博投信,聯博(盧森堡
B030825,2026-03-13,63.35299301147461,美元,聯博-優化短期非投資等級債券基金EIX(穩定月配)級別美元,yfinance,債券型,全球市場,A0018 聯博投信,聯博(盧森堡
B030825,2026-03-16,63.43932342529297,美元,聯博-優化短期非投資等級債券基金EIX(穩定月配)級別美元,yfinance,債券型,全球市場,A0018 聯博投信,聯博(盧森堡
B030825,2026-03-17,63.58319854736328,美元,聯博-優化短期非投資等級債券基金EIX(穩定月配)級別美元,yfinance,債券型,全球市場,A0018 聯博投信,聯博(盧森堡
B030825,2026-03-18,63.516056060791016,美元,聯博-優化短期非投資等級債券基金EIX(穩定月配)級別美元,yfinance,債券型,全球市場,A0018 聯博投信,聯博(盧森堡
B030825,2026-03-19,63.40095520019531,美元,聯博-優化短期非投資等級債券基金EIX(穩定月配)級別美元,yfinance,債券型,全球市場,A0018 聯博投信,聯博(盧森堡
B030825,2026-03-20,63.23789596557617,美元,聯博-優化短期非投資等級債券基金EIX(穩定月配)級別美元,yfinance,債券型,全球市場,A0018 聯博投信,聯博(盧森堡
B030825,2026-03-23,63.37217712402344,美元,聯博-優化短期非投資等級債券基金EIX(穩定月配)級別美元,yfinance,債券型,全球市場,A0018 聯博投信,聯博(盧森堡
B030825,2026-03-24,63.32421875,美元,聯博-優化短期非投資等級債券基金EIX(穩定月配)級別美元,yfinance,債券型,全球市場,A0018 聯博投信,聯博(盧森堡
B030825,2026-03-25,63.4585075378418,美元,聯博-優化短期非投資等級債券基金EIX(穩定月配)級別美元,yfinance,債券型,全球市場,A0018 聯博投信,聯博(盧森堡
B030825,2026-03-26,63.25707244873047,美元,聯博-優化短期非投資等級債券基金EIX(穩定月配)級別美元,yfinance,債券型,全球市場,A0018 聯博投信,聯博(盧森堡
B030825,2026-03-27,63.026878356933594,美元,聯博-優化短期非投資等級債券基金EIX(穩定月配)級別美元,yfinance,債券型,全球市場,A0018 聯博投信,聯博(盧森堡
B030825,2026-03-30,63.07483673095703,美元,聯博-優化短期非投資等級債券基金EIX(穩定月配)級別美元,yfinance,債券型,全球市場,A0018 聯博投信,聯博(盧森堡
B030825,2026-03-31,63.40117645263672,美元,聯博-優化短期非投資等級債券基金EIX(穩定月配)級別美元,yfinance,債券型,全球市場,A0018 聯博投信,聯博(盧森堡
B030825,2026-04-01,63.60429763793945,美元,聯博-優化短期非投資等級債券基金EIX(穩定月配)級別美元,yfinance,債券型,全球市場,A0018 聯博投信,聯博(盧森堡
B030825,2026-04-02,63.61396026611328,美元,聯博-優化短期非投資等級債券基金EIX(穩定月配)級別美元,yfinance,債券型,全球市場,A0018 聯博投信,聯博(盧森堡
B030825,2026-04-07,63.73002624511719,美元,聯博-優化短期非投資等級債券基金EIX(穩定月配)級別美元,yfinance,債券型,全球市場,A0018 聯博投信,聯博(盧森堡
B030825,2026-04-08,64.07821655273438,美元,聯博-優化短期非投資等級債券基金EIX(穩定月配)級別美元,yfinance,債券型,全球市場,A0018 聯博投信,聯博(盧森堡
B030825,2026-04-09,64.14593505859375,美元,聯博-優化短期非投資等級債券基金EIX(穩定月配)級別美元,yfinance,債券型,全球市場,A0018 聯博投信,聯博(盧森堡
B030825,2026-04-10,64.09757232666016,美元,聯博-優化短期非投資等級債券基金EIX(穩定月配)級別美元,yfinance,債券型,全球市場,A0018 聯博投信,聯博(盧森堡
B030825,2026-04-13,64.11691284179688,美元,聯博-優化短期非投資等級債券基金EIX(穩定月配)級別美元,yfinance,債券型,全球市場,A0018 聯博投信,聯博(盧森堡
B030825,2026-04-14,64.29102325439453,美元,聯博-優化短期非投資等級債券基金EIX(穩定月配)級別美元,yfinance,債券型,全球市場,A0018 聯博投信,聯博(盧森堡
B030825,2026-04-15,64.32003021240234,美元,聯博-優化短期非投資等級債券基金EIX(穩定月配)級別美元,yfinance,債券型,全球市場,A0018 聯博投信,聯博(盧森堡
B030825,2026-04-16,64.30068969726562,美元,聯博-優化短期非投資等級債券基金EIX(穩定月配)級別美元,yfinance,債券型,全球市場,A0018 聯博投信,聯博(盧森堡
B030825,2026-04-17,64.55216217041016,美元,聯博-優化短期非投資等級債券基金EIX(穩定月配)級別美元,yfinance,債券型,全球市場,A0018 聯博投信,聯博(盧森堡
B030825,2026-04-20,64.42642211914062,美元,聯博-優化短期非投資等級債券基金EIX(穩定月配)級別美元,yfinance,債券型,全球市場,A0018 聯博投信,聯博(盧森堡
B030825,2026-04-21,64.39741516113281,美元,聯博-優化短期非投資等級債券基金EIX(穩定月配)級別美元,yfinance,債券型,全球市場,A0018 聯博投信,聯博(盧森堡
B030825,2026-04-22,64.416748046875,美元,聯博-優化短期非投資等級債券基金EIX(穩定月配)級別美元,yfinance,債券型,全球市場,A0018 聯博投信,聯博(盧森堡
B030825,2026-04-23,64.36839294433594,美元,聯博-優化短期非投資等級債券基金EIX(穩定月配)級別美元,yfinance,債券型,全球市場,A0018 聯博投信,聯博(盧森堡
B030825,2026-04-24,64.39741516113281,美元,聯博-優化短期非投資等級債券基金EIX(穩定月配)級別美元,yfinance,債券型,全球市場,A0018 聯博投信,聯博(盧森堡
B030825,2026-04-27,64.39741516113281,美元,聯博-優化短期非投資等級債券基金EIX(穩定月配)級別美元,yfinance,債券型,全球市場,A0018 聯博投信,聯博(盧森堡
B030825,2026-04-28,64.3393783569336,美元,聯博-優化短期非投資等級債券基金EIX(穩定月配)級別美元,yfinance,債券型,全球市場,A0018 聯博投信,聯博(盧森堡
B030825,2026-04-29,64.28133392333984,美元,聯博-優化短期非投資等級債券基金EIX(穩定月配)級別美元,yfinance,債券型,全球市場,A0018 聯博投信,聯博(盧森堡
B030825,2026-04-30,64.35682678222656,美元,聯博-優化短期非投資等級債券基金EIX(穩定月配)級別美元,yfinance,債券型,全球市場,A0018 聯博投信,聯博(盧森堡
B030825,2026-05-04,64.34707641601562,美元,聯博-優化短期非投資等級債券基金EIX(穩定月配)級別美元,yfinance,債券型,全球市場,A0018 聯博投信,聯博(盧森堡
B030825,2026-05-05,64.3665771484375,美元,聯博-優化短期非投資等級債券基金EIX(穩定月配)級別美元,yfinance,債券型,全球市場,A0018 聯博投信,聯博(盧森堡
B030825,2026-05-06,64.50312042236328,美元,聯博-優化短期非投資等級債券基金EIX(穩定月配)級別美元,yfinance,債券型,全球市場,A0018 聯博投信,聯博(盧森堡
B030825,2026-05-07,64.49335479736328,美元,聯博-優化短期非投資等級債券基金EIX(穩定月配)級別美元,yfinance,債券型,全球市場,A0018 聯博投信,聯博(盧森堡
B030825,2026-05-08,64.51287078857422,美元,聯博-優化短期非投資等級債券基金EIX(穩定月配)級別美元,yfinance,債券型,全球市場,A0018 聯博投信,聯博(盧森堡
B030825,2026-05-11,64.50312042236328,美元,聯博-優化短期非投資等級債券基金EIX(穩定月配)級別美元,yfinance,債券型,全球市場,A0018 聯博投信,聯博(盧森堡
B030825,2026-05-12,64.37633514404297,美元,聯博-優化短期非投資等級債券基金EIX(穩定月配)級別美元,yfinance,債券型,全球市場,A0018 聯博投信,聯博(盧森堡
B030825,2026-05-13,64.40559387207031,美元,聯博-優化短期非投資等級債券基金EIX(穩定月配)級別美元,yfinance,債券型,全球市場,A0018 聯博投信,聯博(盧森堡
B030825,2026-05-15,64.29830932617188,美元,聯博-優化短期非投資等級債券基金EIX(穩定月配)級別美元,yfinance,債券型,全球市場,A0018 聯博投信,聯博(盧森堡
B030825,2026-05-18,64.2593002319336,美元,聯博-優化短期非投資等級債券基金EIX(穩定月配)級別美元,yfinance,債券型,全球市場,A0018 聯博投信,聯博(盧森堡
B030825,2026-05-19,64.15202331542969,美元,聯博-優化短期非投資等級債券基金EIX(穩定月配)級別美元,yfinance,債券型,全球市場,A0018 聯博投信,聯博(盧森堡
B030825,2026-05-20,64.29830932617188,美元,聯博-優化短期非投資等級債券基金EIX(穩定月配)級別美元,yfinance,債券型,全球市場,A0018 聯博投信,聯博(盧森堡
B030825,2026-05-21,64.35682678222656,美元,聯博-優化短期非投資等級債券基金EIX(穩定月配)級別美元,yfinance,債券型,全球市場,A0018 聯博投信,聯博(盧森堡
B030825,2026-05-22,64.41534423828125,美元,聯博-優化短期非投資等級債券基金EIX(穩定月配)級別美元,yfinance,債券型,全球市場,A0018 聯博投信,聯博(盧森堡
B030825,2026-05-26,64.52262878417969,美元,聯博-優化短期非投資等級債券基金EIX(穩定月配)級別美元,yfinance,債券型,全球市場,A0018 聯博投信,聯博(盧森堡
B030825,2026-05-27,64.56163024902344,美元,聯博-優化短期非投資等級債券基金EIX(穩定月配)級別美元,yfinance,債券型,全球市場,A0018 聯博投信,聯博(盧森堡
B030825,2026-05-28,64.60063171386719,美元,聯博-優化短期非投資等級債券基金EIX(穩定月配)級別美元,yfinance,債券型,全球市場,A0018 聯博投信,聯博(盧森堡
B030825,2026-05-29,64.65708923339844,美元,聯博-優化短期非投資等級債券基金EIX(穩定月配)級別美元,yfinance,債券型,全球市場,A0018 聯博投信,聯博(盧森堡
B030825,2026-06-01,64.64724731445312,美元,聯博-優化短期非投資等級債券基金EIX(穩定月配)級別美元,yfinance,債券型,全球市場,A0018 聯博投信,聯博(盧森堡
B030825,2026-06-02,64.66692352294922,美元,聯博-優化短期非投資等級債券基金EIX(穩定月配)級別美元,yfinance,債券型,全球市場,A0018 聯博投信,聯博(盧森堡
B030825,2026-06-03,64.57841491699219,美元,聯博-優化短期非投資等級債券基金EIX(穩定月配)級別美元,yfinance,債券型,全球市場,A0018 聯博投信,聯博(盧森堡
B030825,2026-06-04,64.61775207519531,美元,聯博-優化短期非投資等級債券基金EIX(穩定月配)級別美元,yfinance,債券型,全球市場,A0018 聯博投信,聯博(盧森堡
B030825,2026-06-05,64.49974060058594,美元,聯博-優化短期非投資等級債券基金EIX(穩定月配)級別美元,yfinance,債券型,全球市場,A0018 聯博投信,聯博(盧森堡
B030825,2026-06-08,64.49974060058594,美元,聯博-優化短期非投資等級債券基金EIX(穩定月配)級別美元,yfinance,債券型,全球市場,A0018 聯博投信,聯博(盧森堡
B030825,2026-06-09,64.52925109863281,美元,聯博-優化短期非投資等級債券基金EIX(穩定月配)級別美元,yfinance,債券型,全球市場,A0018 聯博投信,聯博(盧森堡
B030825,2026-06-10,64.48991394042969,美元,聯博-優化短期非投資等級債券基金EIX(穩定月配)級別美元,yfinance,債券型,全球市場,A0018 聯博投信,聯博(盧森堡
B030825,2026-06-11,64.59808349609375,美元,聯博-優化短期非投資等級債券基金EIX(穩定月配)級別美元,yfinance,債券型,全球市場,A0018 聯博投信,聯博(盧森堡
B030825,2026-06-12,64.68658447265625,美元,聯博-優化短期非投資等級債券基金EIX(穩定月配)級別美元,yfinance,債券型,全球市場,A0018 聯博投信,聯博(盧森堡
B030825,2026-06-15,64.79475402832031,美元,聯博-優化短期非投資等級債券基金EIX(穩定月配)級別美元,yfinance,債券型,全球市場,A0018 聯博投信,聯博(盧森堡
B030825,2026-06-16,64.79475402832031,美元,聯博-優化短期非投資等級債券基金EIX(穩定月配)級別美元,yfinance,債券型,全球市場,A0018 聯博投信,聯博(盧森堡
B030825,2026-06-17,64.72592163085938,美元,聯博-優化短期非投資等級債券基金EIX(穩定月配)級別美元,yfinance,債券型,全球市場,A0018 聯博投信,聯博(盧森堡
B030825,2026-06-18,64.7652587890625,美元,聯博-優化短期非投資等級債券基金EIX(穩定月配)級別美元,yfinance,債券型,全球市場,A0018 聯博投信,聯博(盧森堡
B030825,2026-06-22,64.75542449951172,美元,聯博-優化短期非投資等級債券基金EIX(穩定月配)級別美元,yfinance,債券型,全球市場,A0018 聯博投信,聯博(盧森堡
B030825,2026-06-24,64.7160873413086,美元,聯博-優化短期非投資等級債券基金EIX(穩定月配)級別美元,yfinance,債券型,全球市場,A0018 聯博投信,聯博(盧森堡
B030825,2026-06-25,64.75542449951172,美元,聯博-優化短期非投資等級債券基金EIX(穩定月配)級別美元,yfinance,債券型,全球市場,A0018 聯博投信,聯博(盧森堡
B030825,2026-06-26,64.853759765625,美元,聯博-優化短期非投資等級債券基金EIX(穩定月配)級別美元,yfinance,債券型,全球市場,A0018 聯博投信,聯博(盧森堡
B030825,2026-06-29,64.78491973876953,美元,聯博-優化短期非投資等級債券基金EIX(穩定月配)級別美元,yfinance,債券型,全球市場,A0018 聯博投信,聯博(盧森堡
B030825,2026-06-30,64.81209564208984,美元,聯博-優化短期非投資等級債券基金EIX(穩定月配)級別美元,yfinance,債券型,全球市場,A0018 聯博投信,聯博(盧森堡
B030825,2026-07-01,64.82201385498047,美元,聯博-優化短期非投資等級債券基金EIX(穩定月配)級別美元,yfinance,債券型,全球市場,A0018 聯博投信,聯博(盧森堡
B030825,2026-07-02,64.86167907714844,美元,聯博-優化短期非投資等級債券基金EIX(穩定月配)級別美元,yfinance,債券型,全球市場,A0018 聯博投信,聯博(盧森堡
B030825,2026-07-06,64.93109130859375,美元,聯博-優化短期非投資等級債券基金EIX(穩定月配)級別美元,yfinance,債券型,全球市場,A0018 聯博投信,聯博(盧森堡
B030825,2026-07-07,64.9112548828125,美元,聯博-優化短期非投資等級債券基金EIX(穩定月配)級別美元,yfinance,債券型,全球市場,A0018 聯博投信,聯博(盧森堡
B030825,2026-07-08,64.84184265136719,美元,聯博-優化短期非投資等級債券基金EIX(穩定月配)級別美元,yfinance,債券型,全球市場,A0018 聯博投信,聯博(盧森堡
B030825,2026-07-09,64.88150787353516,美元,聯博-優化短期非投資等級債券基金EIX(穩定月配)級別美元,yfinance,債券型,全球市場,A0018 聯博投信,聯博(盧森堡
B030825,2026-07-10,64.89142608642578,美元,聯博-優化短期非投資等級債券基金EIX(穩定月配)級別美元,yfinance,債券型,全球市場,A0018 聯博投信,聯博(盧森堡
B030825,2026-07-13,64.81209564208984,美元,聯博-優化短期非投資等級債券基金EIX(穩定月配)級別美元,yfinance,債券型,全球市場,A0018 聯博投信,聯博(盧森堡
B030825,2026-07-14,64.82201385498047,美元,聯博-優化短期非投資等級債券基金EIX(穩定月配)級別美元,yfinance,債券型,全球市場,A0018 聯博投信,聯博(盧森堡
B030825,2026-07-15,64.88150787353516,美元,聯博-優化短期非投資等級債券基金EIX(穩定月配)級別美元,yfinance,債券型,全球市場,A0018 聯博投信,聯博(盧森堡
B030825,2026-07-16,64.89142608642578,美元,聯博-優化短期非投資等級債券基金EIX(穩定月配)級別美元,yfinance,債券型,全球市場,A0018 聯博投信,聯博(盧森堡
B030825,2026-07-17,64.88150787353516,美元,聯博-優化短期非投資等級債券基金EIX(穩定月配)級別美元,yfinance,債券型,全球市場,A0018 聯博投信,聯博(盧森堡
B030825,2026-07-20,64.88150787353516,美元,聯博-優化短期非投資等級債券基金EIX(穩定月配)級別美元,yfinance,債券型,全球市場,A0018 聯博投信,聯博(盧森堡
B030825,2026-07-21,64.85176086425781,美元,聯博-優化短期非投資等級債券基金EIX(穩定月配)級別美元,yfinance,債券型,全球市場,A0018 聯博投信,聯博(盧森堡
B030825,2026-07-22,64.80217742919922,美元,聯博-優化短期非投資等級債券基金EIX(穩定月配)級別美元,yfinance,債券型,全球市場,A0018 聯博投信,聯博(盧森堡
B030825,2026-07-23,64.63360595703125,美元,聯博-優化短期非投資等級債券基金EIX(穩定月配)級別美元,yfinance,債券型,全球市場,A0018 聯博投信,聯博(盧森堡
B030825,2026-07-24,64.65343475341797,美元,聯博-優化短期非投資等級債券基金EIX(穩定月配)級別美元,yfinance,債券型,全球市場,A0018 聯博投信,聯博(盧森堡
B030825,2026-07-27,64.68318939208984,美元,聯博-優化短期非投資等級債券基金EIX(穩定月配)級別美元,yfinance,債券型,全球市場,A0018 聯博投信,聯博(盧森堡
B030825,2026-07-28,64.72284698486328,美元,聯博-優化短期非投資等級債券基金EIX(穩定月配)級別美元,yfinance,債券型,全球市場,A0018 聯博投信,聯博(盧森堡
B030825,2026-07-29,64.6633529663086,美元,聯博-優化短期非投資等級債券基金EIX(穩定月配)級別美元,yfinance,債券型,全球市場,A0018 聯博投信,聯博(盧森堡
B030825,2026-07-30,64.75260162353516,美元,聯博-優化短期非投資等級債券基金EIX(穩定月配)級別美元,yfinance,債券型,全球市場,A0018 聯博投信,聯博(盧森堡
B030825,2026-07-31,64.7699966430664,美元,聯博-優化短期非投資等級債券基金EIX(穩定月配)級別美元,yfinance,債券型,全球市場,A0018 聯博投信,聯博(盧森堡
B030825,2026-08-03,64.88999938964844,美元,聯博-優化短期非投資等級債券基金EIX(穩定月配)級別美元,yfinance,債券型,全球市場,A0018 聯博投信,聯博(盧森堡
B030825,2026-08-04,65.04000091552734,美元,聯博-優化短期非投資等級債券基金EIX(穩定月配)級別美元,yfinance,債券型,全球市場,A0018 聯博投信,聯博(盧森堡
B030825,2026-08-05,65.02999877929688,美元,聯博-優化短期非投資等級債券基金EIX(穩定月配)級別美元,yfinance,債券型,全球市場,A0018 聯博投信,聯博(盧森堡
B030825,2026-08-06,65.0199966430664,美元,聯博-優化短期非投資等級債券基金EIX(穩定月配)級別美元,yfinance,債券型,全球市場,A0018 聯博投信,聯博(盧森堡
B030825,2026-08-07,65.0999984741211,美元,聯博-優化短期非投資等級債券基金EIX(穩定月配)級別美元,yfinance,債券型,全球市場,A0018 聯博投信,聯博(盧森堡
B030825,2026-08-10,65.05000305175781,美元,聯博-優化短期非投資等級債券基金EIX(穩定月配)級別美元,yfinance,債券型,全球市場,A0018 聯博投信,聯博(盧森堡
B030825,2026-08-11,65.05999755859375,美元,聯博-優化短期非投資等級債券基金EIX(穩定月配)級別美元,yfinance,債券型,全球市場,A0018 聯博投信,聯博(盧森堡
B030825,2026-08-12,65.0999984741211,美元,聯博-優化短期非投資等級債券基金EIX(穩定月配)級別美元,yfinance,債券型,全球市場,A0018 聯博投信,聯博(盧森堡
B030825,2026-08-13,65.1500015258789,美元,聯博-優化短期非投資等級債券基金EIX(穩定月配)級別美元,yfinance,債券型,全球市場,A0018 聯博投信,聯博(盧森堡
B030825,2026-08-14,65.16000366210938,美元,聯博-優化短期非投資等級債券基金EIX(穩定月配)級別美元,yfinance,債券型,全球市場,A0018 聯博投信,聯博(盧森堡
B030825,2026-08-17,65.12000274658203,美元,聯博-優化短期非投資等級債券基金EIX(穩定月配)級別美元,yfinance,債券型,全球市場,A0018 聯博投信,聯博(盧森堡
B720039,2026-01-05,104.39080047607422,美元,野村基金(愛爾蘭系列)-日本精選股票基金(T美元類股),yfinance,股票型,日本,A0032 野村投信,FundRock(野村愛爾蘭系列)
B720039,2026-01-06,105.1509017944336,美元,野村基金(愛爾蘭系列)-日本精選股票基金(T美元類股),yfinance,股票型,日本,A0032 野村投信,FundRock(野村愛爾蘭系列)
B720039,2026-01-07,105.5011978149414,美元,野村基金(愛爾蘭系列)-日本精選股票基金(T美元類股),yfinance,股票型,日本,A0032 野村投信,FundRock(野村愛爾蘭系列)
B720039,2026-01-08,104.91059875488281,美元,野村基金(愛爾蘭系列)-日本精選股票基金(T美元類股),yfinance,股票型,日本,A0032 野村投信,FundRock(野村愛爾蘭系列)
B720039,2026-01-09,107.88069915771484,美元,野村基金(愛爾蘭系列)-日本精選股票基金(T美元類股),yfinance,股票型,日本,A0032 野村投信,FundRock(野村愛爾蘭系列)
B720039,2026-01-13,106.65460205078125,美元,野村基金(愛爾蘭系列)-日本精選股票基金(T美元類股),yfinance,股票型,日本,A0032 野村投信,FundRock(野村愛爾蘭系列)
B720039,2026-01-14,106.78189849853516,美元,野村基金(愛爾蘭系列)-日本精選股票基金(T美元類股),yfinance,股票型,日本,A0032 野村投信,FundRock(野村愛爾蘭系列)
B720039,2026-01-15,108.14189910888672,美元,野村基金(愛爾蘭系列)-日本精選股票基金(T美元類股),yfinance,股票型,日本,A0032 野村投信,FundRock(野村愛爾蘭系列)
B720039,2026-01-16,107.33689880371094,美元,野村基金(愛爾蘭系列)-日本精選股票基金(T美元類股),yfinance,股票型,日本,A0032 野村投信,FundRock(野村愛爾蘭系列)
B720039,2026-01-20,104.82890319824219,美元,野村基金(愛爾蘭系列)-日本精選股票基金(T美元類股),yfinance,股票型,日本,A0032 野村投信,FundRock(野村愛爾蘭系列)
B720039,2026-01-21,105.71980285644531,美元,野村基金(愛爾蘭系列)-日本精選股票基金(T美元類股),yfinance,股票型,日本,A0032 野村投信,FundRock(野村愛爾蘭系列)
B720039,2026-01-22,105.96269989013672,美元,野村基金(愛爾蘭系列)-日本精選股票基金(T美元類股),yfinance,股票型,日本,A0032 野村投信,FundRock(野村愛爾蘭系列)
B720039,2026-01-23,105.14520263671875,美元,野村基金(愛爾蘭系列)-日本精選股票基金(T美元類股),yfinance,股票型,日本,A0032 野村投信,FundRock(野村愛爾蘭系列)
B720039,2026-01-26,106.10820007324219,美元,野村基金(愛爾蘭系列)-日本精選股票基金(T美元類股),yfinance,股票型,日本,A0032 野村投信,FundRock(野村愛爾蘭系列)
B720039,2026-01-27,106.15260314941406,美元,野村基金(愛爾蘭系列)-日本精選股票基金(T美元類股),yfinance,股票型,日本,A0032 野村投信,FundRock(野村愛爾蘭系列)
B720039,2026-01-28,105.27449798583984,美元,野村基金(愛爾蘭系列)-日本精選股票基金(T美元類股),yfinance,股票型,日本,A0032 野村投信,FundRock(野村愛爾蘭系列)
B720039,2026-01-29,103.94850158691406,美元,野村基金(愛爾蘭系列)-日本精選股票基金(T美元類股),yfinance,股票型,日本,A0032 野村投信,FundRock(野村愛爾蘭系列)
B720039,2026-01-30,105.09190368652344,美元,野村基金(愛爾蘭系列)-日本精選股票基金(T美元類股),yfinance,股票型,日本,A0032 野村投信,FundRock(野村愛爾蘭系列)
B720039,2026-02-03,104.86399841308594,美元,野村基金(愛爾蘭系列)-日本精選股票基金(T美元類股),yfinance,股票型,日本,A0032 野村投信,FundRock(野村愛爾蘭系列)
B720039,2026-02-04,105.439697265625,美元,野村基金(愛爾蘭系列)-日本精選股票基金(T美元類股),yfinance,股票型,日本,A0032 野村投信,FundRock(野村愛爾蘭系列)
B720039,2026-02-05,104.30670166015625,美元,野村基金(愛爾蘭系列)-日本精選股票基金(T美元類股),yfinance,股票型,日本,A0032 野村投信,FundRock(野村愛爾蘭系列)
B720039,2026-02-06,106.43579864501953,美元,野村基金(愛爾蘭系列)-日本精選股票基金(T美元類股),yfinance,股票型,日本,A0032 野村投信,FundRock(野村愛爾蘭系列)
B720039,2026-02-09,108.74639892578125,美元,野村基金(愛爾蘭系列)-日本精選股票基金(T美元類股),yfinance,股票型,日本,A0032 野村投信,FundRock(野村愛爾蘭系列)
B720039,2026-02-10,112.48979949951172,美元,野村基金(愛爾蘭系列)-日本精選股票基金(T美元類股),yfinance,股票型,日本,A0032 野村投信,FundRock(野村愛爾蘭系列)
B720039,2026-02-12,112.05280303955078,美元,野村基金(愛爾蘭系列)-日本精選股票基金(T美元類股),yfinance,股票型,日本,A0032 野村投信,FundRock(野村愛爾蘭系列)
B720039,2026-02-13,111.57440185546875,美元,野村基金(愛爾蘭系列)-日本精選股票基金(T美元類股),yfinance,股票型,日本,A0032 野村投信,FundRock(野村愛爾蘭系列)
B720039,2026-02-17,110.66840362548828,美元,野村基金(愛爾蘭系列)-日本精選股票基金(T美元類股),yfinance,股票型,日本,A0032 野村投信,FundRock(野村愛爾蘭系列)
B720039,2026-02-18,111.26020050048828,美元,野村基金(愛爾蘭系列)-日本精選股票基金(T美元類股),yfinance,股票型,日本,A0032 野村投信,FundRock(野村愛爾蘭系列)
B720039,2026-02-19,111.12770080566406,美元,野村基金(愛爾蘭系列)-日本精選股票基金(T美元類股),yfinance,股票型,日本,A0032 野村投信,FundRock(野村愛爾蘭系列)
B720039,2026-02-20,111.13510131835938,美元,野村基金(愛爾蘭系列)-日本精選股票基金(T美元類股),yfinance,股票型,日本,A0032 野村投信,FundRock(野村愛爾蘭系列)
B720039,2026-02-24,112.52960205078125,美元,野村基金(愛爾蘭系列)-日本精選股票基金(T美元類股),yfinance,股票型,日本,A0032 野村投信,FundRock(野村愛爾蘭系列)
B720039,2026-02-25,114.91230010986328,美元,野村基金(愛爾蘭系列)-日本精選股票基金(T美元類股),yfinance,股票型,日本,A0032 野村投信,FundRock(野村愛爾蘭系列)
B720039,2026-02-26,114.7509994506836,美元,野村基金(愛爾蘭系列)-日本精選股票基金(T美元類股),yfinance,股票型,日本,A0032 野村投信,FundRock(野村愛爾蘭系列)
B720039,2026-02-27,115.18599700927734,美元,野村基金(愛爾蘭系列)-日本精選股票基金(T美元類股),yfinance,股票型,日本,A0032 野村投信,FundRock(野村愛爾蘭系列)
B720039,2026-03-02,113.16480255126953,美元,野村基金(愛爾蘭系列)-日本精選股票基金(T美元類股),yfinance,股票型,日本,A0032 野村投信,FundRock(野村愛爾蘭系列)
B720039,2026-03-03,106.4175033569336,美元,野村基金(愛爾蘭系列)-日本精選股票基金(T美元類股),yfinance,股票型,日本,A0032 野村投信,FundRock(野村愛爾蘭系列)
B720039,2026-03-04,109.43710327148438,美元,野村基金(愛爾蘭系列)-日本精選股票基金(T美元類股),yfinance,股票型,日本,A0032 野村投信,FundRock(野村愛爾蘭系列)
B720039,2026-03-05,108.90570068359375,美元,野村基金(愛爾蘭系列)-日本精選股票基金(T美元類股),yfinance,股票型,日本,A0032 野村投信,FundRock(野村愛爾蘭系列)
B720039,2026-03-06,106.94159698486328,美元,野村基金(愛爾蘭系列)-日本精選股票基金(T美元類股),yfinance,股票型,日本,A0032 野村投信,FundRock(野村愛爾蘭系列)
B720039,2026-03-09,105.64600372314453,美元,野村基金(愛爾蘭系列)-日本精選股票基金(T美元類股),yfinance,股票型,日本,A0032 野村投信,FundRock(野村愛爾蘭系列)
B720039,2026-03-10,109.23069763183594,美元,野村基金(愛爾蘭系列)-日本精選股票基金(T美元類股),yfinance,股票型,日本,A0032 野村投信,FundRock(野村愛爾蘭系列)
B720039,2026-03-11,107.87139892578125,美元,野村基金(愛爾蘭系列)-日本精選股票基金(T美元類股),yfinance,股票型,日本,A0032 野村投信,FundRock(野村愛爾蘭系列)
B720039,2026-03-12,105.66390228271484,美元,野村基金(愛爾蘭系列)-日本精選股票基金(T美元類股),yfinance,股票型,日本,A0032 野村投信,FundRock(野村愛爾蘭系列)
B720039,2026-03-13,105.68879699707031,美元,野村基金(愛爾蘭系列)-日本精選股票基金(T美元類股),yfinance,股票型,日本,A0032 野村投信,FundRock(野村愛爾蘭系列)
B720039,2026-03-16,106.67150115966797,美元,野村基金(愛爾蘭系列)-日本精選股票基金(T美元類股),yfinance,股票型,日本,A0032 野村投信,FundRock(野村愛爾蘭系列)
B720039,2026-03-18,105.61840057373047,美元,野村基金(愛爾蘭系列)-日本精選股票基金(T美元類股),yfinance,股票型,日本,A0032 野村投信,FundRock(野村愛爾蘭系列)
B720039,2026-03-19,103.82469940185547,美元,野村基金(愛爾蘭系列)-日本精選股票基金(T美元類股),yfinance,股票型,日本,A0032 野村投信,FundRock(野村愛爾蘭系列)
B720039,2026-03-23,104.94509887695312,美元,野村基金(愛爾蘭系列)-日本精選股票基金(T美元類股),yfinance,股票型,日本,A0032 野村投信,FundRock(野村愛爾蘭系列)
B720039,2026-03-24,103.97380065917969,美元,野村基金(愛爾蘭系列)-日本精選股票基金(T美元類股),yfinance,股票型,日本,A0032 野村投信,FundRock(野村愛爾蘭系列)
B720039,2026-03-25,106.10820007324219,美元,野村基金(愛爾蘭系列)-日本精選股票基金(T美元類股),yfinance,股票型,日本,A0032 野村投信,FundRock(野村愛爾蘭系列)
B720039,2026-03-26,104.10559844970703,美元,野村基金(愛爾蘭系列)-日本精選股票基金(T美元類股),yfinance,股票型,日本,A0032 野村投信,FundRock(野村愛爾蘭系列)
B720039,2026-03-27,101.51129913330078,美元,野村基金(愛爾蘭系列)-日本精選股票基金(T美元類股),yfinance,股票型,日本,A0032 野村投信,FundRock(野村愛爾蘭系列)
B720039,2026-03-30,101.0479965209961,美元,野村基金(愛爾蘭系列)-日本精選股票基金(T美元類股),yfinance,股票型,日本,A0032 野村投信,FundRock(野村愛爾蘭系列)
B720039,2026-03-31,101.47219848632812,美元,野村基金(愛爾蘭系列)-日本精選股票基金(T美元類股),yfinance,股票型,日本,A0032 野村投信,FundRock(野村愛爾蘭系列)
B720039,2026-04-01,106.39990234375,美元,野村基金(愛爾蘭系列)-日本精選股票基金(T美元類股),yfinance,股票型,日本,A0032 野村投信,FundRock(野村愛爾蘭系列)
B720039,2026-04-02,103.97200012207031,美元,野村基金(愛爾蘭系列)-日本精選股票基金(T美元類股),yfinance,股票型,日本,A0032 野村投信,FundRock(野村愛爾蘭系列)
B720039,2026-04-07,103.693603515625,美元,野村基金(愛爾蘭系列)-日本精選股票基金(T美元類股),yfinance,股票型,日本,A0032 野村投信,FundRock(野村愛爾蘭系列)
B720039,2026-04-08,111.36170196533203,美元,野村基金(愛爾蘭系列)-日本精選股票基金(T美元類股),yfinance,股票型,日本,A0032 野村投信,FundRock(野村愛爾蘭系列)
B720039,2026-04-09,109.14800262451172,美元,野村基金(愛爾蘭系列)-日本精選股票基金(T美元類股),yfinance,股票型,日本,A0032 野村投信,FundRock(野村愛爾蘭系列)
B720039,2026-04-10,110.44129943847656,美元,野村基金(愛爾蘭系列)-日本精選股票基金(T美元類股),yfinance,股票型,日本,A0032 野村投信,FundRock(野村愛爾蘭系列)
B720039,2026-04-13,109.04329681396484,美元,野村基金(愛爾蘭系列)-日本精選股票基金(T美元類股),yfinance,股票型,日本,A0032 野村投信,FundRock(野村愛爾蘭系列)
B720039,2026-04-14,110.92759704589844,美元,野村基金(愛爾蘭系列)-日本精選股票基金(T美元類股),yfinance,股票型,日本,A0032 野村投信,FundRock(野村愛爾蘭系列)
B720039,2026-04-15,110.31009674072266,美元,野村基金(愛爾蘭系列)-日本精選股票基金(T美元類股),yfinance,股票型,日本,A0032 野村投信,FundRock(野村愛爾蘭系列)
B720039,2026-04-16,111.49359893798828,美元,野村基金(愛爾蘭系列)-日本精選股票基金(T美元類股),yfinance,股票型,日本,A0032 野村投信,FundRock(野村愛爾蘭系列)
B720039,2026-04-17,113.44409942626953,美元,野村基金(愛爾蘭系列)-日本精選股票基金(T美元類股),yfinance,股票型,日本,A0032 野村投信,FundRock(野村愛爾蘭系列)
B720039,2026-04-20,112.68409729003906,美元,野村基金(愛爾蘭系列)-日本精選股票基金(T美元類股),yfinance,股票型,日本,A0032 野村投信,FundRock(野村愛爾蘭系列)
B720039,2026-04-21,111.82230377197266,美元,野村基金(愛爾蘭系列)-日本精選股票基金(T美元類股),yfinance,股票型,日本,A0032 野村投信,FundRock(野村愛爾蘭系列)
B720039,2026-04-22,111.59480285644531,美元,野村基金(愛爾蘭系列)-日本精選股票基金(T美元類股),yfinance,股票型,日本,A0032 野村投信,FundRock(野村愛爾蘭系列)
B720039,2026-04-23,110.2061996459961,美元,野村基金(愛爾蘭系列)-日本精選股票基金(T美元類股),yfinance,股票型,日本,A0032 野村投信,FundRock(野村愛爾蘭系列)
B720039,2026-04-24,109.69969940185547,美元,野村基金(愛爾蘭系列)-日本精選股票基金(T美元類股),yfinance,股票型,日本,A0032 野村投信,FundRock(野村愛爾蘭系列)
B720039,2026-04-27,112.25260162353516,美元,野村基金(愛爾蘭系列)-日本精選股票基金(T美元類股),yfinance,股票型,日本,A0032 野村投信,FundRock(野村愛爾蘭系列)
B720039,2026-04-28,111.05220031738281,美元,野村基金(愛爾蘭系列)-日本精選股票基金(T美元類股),yfinance,股票型,日本,A0032 野村投信,FundRock(野村愛爾蘭系列)
B720039,2026-04-30,111.4926986694336,美元,野村基金(愛爾蘭系列)-日本精選股票基金(T美元類股),yfinance,股票型,日本,A0032 野村投信,FundRock(野村愛爾蘭系列)
B720039,2026-05-01,111.80979919433594,美元,野村基金(愛爾蘭系列)-日本精選股票基金(T美元類股),yfinance,股票型,日本,A0032 野村投信,FundRock(野村愛爾蘭系列)
B720039,2026-05-07,115.65070343017578,美元,野村基金(愛爾蘭系列)-日本精選股票基金(T美元類股),yfinance,股票型,日本,A0032 野村投信,FundRock(野村愛爾蘭系列)
B720039,2026-05-08,117.76709747314453,美元,野村基金(愛爾蘭系列)-日本精選股票基金(T美元類股),yfinance,股票型,日本,A0032 野村投信,FundRock(野村愛爾蘭系列)
B720039,2026-05-11,117.04859924316406,美元,野村基金(愛爾蘭系列)-日本精選股票基金(T美元類股),yfinance,股票型,日本,A0032 野村投信,FundRock(野村愛爾蘭系列)
B720039,2026-05-12,116.28630065917969,美元,野村基金(愛爾蘭系列)-日本精選股票基金(T美元類股),yfinance,股票型,日本,A0032 野村投信,FundRock(野村愛爾蘭系列)
B720039,2026-05-13,117.95909881591797,美元,野村基金(愛爾蘭系列)-日本精選股票基金(T美元類股),yfinance,股票型,日本,A0032 野村投信,FundRock(野村愛爾蘭系列)
B720039,2026-05-14,116.52020263671875,美元,野村基金(愛爾蘭系列)-日本精選股票基金(T美元類股),yfinance,股票型,日本,A0032 野村投信,FundRock(野村愛爾蘭系列)
B720039,2026-05-15,114.56739807128906,美元,野村基金(愛爾蘭系列)-日本精選股票基金(T美元類股),yfinance,股票型,日本,A0032 野村投信,FundRock(野村愛爾蘭系列)
B720039,2026-05-18,115.96179962158203,美元,野村基金(愛爾蘭系列)-日本精選股票基金(T美元類股),yfinance,股票型,日本,A0032 野村投信,FundRock(野村愛爾蘭系列)
B720039,2026-05-19,113.88130187988281,美元,野村基金(愛爾蘭系列)-日本精選股票基金(T美元類股),yfinance,股票型,日本,A0032 野村投信,FundRock(野村愛爾蘭系列)
B720039,2026-05-20,113.24220275878906,美元,野村基金(愛爾蘭系列)-日本精選股票基金(T美元類股),yfinance,股票型,日本,A0032 野村投信,FundRock(野村愛爾蘭系列)
B720039,2026-05-21,113.91639709472656,美元,野村基金(愛爾蘭系列)-日本精選股票基金(T美元類股),yfinance,股票型,日本,A0032 野村投信,FundRock(野村愛爾蘭系列)
B720039,2026-05-22,116.29109954833984,美元,野村基金(愛爾蘭系列)-日本精選股票基金(T美元類股),yfinance,股票型,日本,A0032 野村投信,FundRock(野村愛爾蘭系列)
B720039,2026-05-26,117.83509826660156,美元,野村基金(愛爾蘭系列)-日本精選股票基金(T美元類股),yfinance,股票型,日本,A0032 野村投信,FundRock(野村愛爾蘭系列)
B720039,2026-05-27,117.33280181884766,美元,野村基金(愛爾蘭系列)-日本精選股票基金(T美元類股),yfinance,股票型,日本,A0032 野村投信,FundRock(野村愛爾蘭系列)
B720039,2026-05-28,117.02339935302734,美元,野村基金(愛爾蘭系列)-日本精選股票基金(T美元類股),yfinance,股票型,日本,A0032 野村投信,FundRock(野村愛爾蘭系列)
B720039,2026-05-29,118.24690246582031,美元,野村基金(愛爾蘭系列)-日本精選股票基金(T美元類股),yfinance,股票型,日本,A0032 野村投信,FundRock(野村愛爾蘭系列)
B720039,2026-06-02,117.3386001586914,美元,野村基金(愛爾蘭系列)-日本精選股票基金(T美元類股),yfinance,股票型,日本,A0032 野村投信,FundRock(野村愛爾蘭系列)
B720039,2026-06-03,118.89199829101562,美元,野村基金(愛爾蘭系列)-日本精選股票基金(T美元類股),yfinance,股票型,日本,A0032 野村投信,FundRock(野村愛爾蘭系列)
B720039,2026-06-04,117.6083984375,美元,野村基金(愛爾蘭系列)-日本精選股票基金(T美元類股),yfinance,股票型,日本,A0032 野村投信,FundRock(野村愛爾蘭系列)
B720039,2026-06-05,116.15730285644531,美元,野村基金(愛爾蘭系列)-日本精選股票基金(T美元類股),yfinance,股票型,日本,A0032 野村投信,FundRock(野村愛爾蘭系列)
B720039,2026-06-08,114.99970245361328,美元,野村基金(愛爾蘭系列)-日本精選股票基金(T美元類股),yfinance,股票型,日本,A0032 野村投信,FundRock(野村愛爾蘭系列)
B720039,2026-06-09,114.9740982055664,美元,野村基金(愛爾蘭系列)-日本精選股票基金(T美元類股),yfinance,股票型,日本,A0032 野村投信,FundRock(野村愛爾蘭系列)
B720039,2026-06-10,112.23100280761719,美元,野村基金(愛爾蘭系列)-日本精選股票基金(T美元類股),yfinance,股票型,日本,A0032 野村投信,FundRock(野村愛爾蘭系列)
B720039,2026-06-11,112.80120086669922,美元,野村基金(愛爾蘭系列)-日本精選股票基金(T美元類股),yfinance,股票型,日本,A0032 野村投信,FundRock(野村愛爾蘭系列)
B720039,2026-06-12,115.17780303955078,美元,野村基金(愛爾蘭系列)-日本精選股票基金(T美元類股),yfinance,股票型,日本,A0032 野村投信,FundRock(野村愛爾蘭系列)
B720039,2026-06-15,117.49130249023438,美元,野村基金(愛爾蘭系列)-日本精選股票基金(T美元類股),yfinance,股票型,日本,A0032 野村投信,FundRock(野村愛爾蘭系列)
B720039,2026-06-16,118.50980377197266,美元,野村基金(愛爾蘭系列)-日本精選股票基金(T美元類股),yfinance,股票型,日本,A0032 野村投信,FundRock(野村愛爾蘭系列)
B720039,2026-06-17,119.20480346679688,美元,野村基金(愛爾蘭系列)-日本精選股票基金(T美元類股),yfinance,股票型,日本,A0032 野村投信,FundRock(野村愛爾蘭系列)
B720039,2026-06-18,121.31839752197266,美元,野村基金(愛爾蘭系列)-日本精選股票基金(T美元類股),yfinance,股票型,日本,A0032 野村投信,FundRock(野村愛爾蘭系列)
B720039,2026-06-22,122.38069915771484,美元,野村基金(愛爾蘭系列)-日本精選股票基金(T美元類股),yfinance,股票型,日本,A0032 野村投信,FundRock(野村愛爾蘭系列)
B720039,2026-06-23,117.1760025024414,美元,野村基金(愛爾蘭系列)-日本精選股票基金(T美元類股),yfinance,股票型,日本,A0032 野村投信,FundRock(野村愛爾蘭系列)
B720039,2026-06-24,117.32939910888672,美元,野村基金(愛爾蘭系列)-日本精選股票基金(T美元類股),yfinance,股票型,日本,A0032 野村投信,FundRock(野村愛爾蘭系列)
B720039,2026-06-25,117.19529724121094,美元,野村基金(愛爾蘭系列)-日本精選股票基金(T美元類股),yfinance,股票型,日本,A0032 野村投信,FundRock(野村愛爾蘭系列)
B720039,2026-06-26,117.23680114746094,美元,野村基金(愛爾蘭系列)-日本精選股票基金(T美元類股),yfinance,股票型,日本,A0032 野村投信,FundRock(野村愛爾蘭系列)
B720039,2026-06-29,117.5072021484375,美元,野村基金(愛爾蘭系列)-日本精選股票基金(T美元類股),yfinance,股票型,日本,A0032 野村投信,FundRock(野村愛爾蘭系列)
B720039,2026-06-30,119.24079895019531,美元,野村基金(愛爾蘭系列)-日本精選股票基金(T美元類股),yfinance,股票型,日本,A0032 野村投信,FundRock(野村愛爾蘭系列)
B720039,2026-07-01,118.92379760742188,美元,野村基金(愛爾蘭系列)-日本精選股票基金(T美元類股),yfinance,股票型,日本,A0032 野村投信,FundRock(野村愛爾蘭系列)
B720039,2026-07-02,119.41259765625,美元,野村基金(愛爾蘭系列)-日本精選股票基金(T美元類股),yfinance,股票型,日本,A0032 野村投信,FundRock(野村愛爾蘭系列)
B720039,2026-07-06,119.81500244140625,美元,野村基金(愛爾蘭系列)-日本精選股票基金(T美元類股),yfinance,股票型,日本,A0032 野村投信,FundRock(野村愛爾蘭系列)
B720039,2026-07-07,117.22129821777344,美元,野村基金(愛爾蘭系列)-日本精選股票基金(T美元類股),yfinance,股票型,日本,A0032 野村投信,FundRock(野村愛爾蘭系列)
B720039,2026-07-08,115.13729858398438,美元,野村基金(愛爾蘭系列)-日本精選股票基金(T美元類股),yfinance,股票型,日本,A0032 野村投信,FundRock(野村愛爾蘭系列)
B720039,2026-07-09,117.69200134277344,美元,野村基金(愛爾蘭系列)-日本精選股票基金(T美元類股),yfinance,股票型,日本,A0032 野村投信,FundRock(野村愛爾蘭系列)
B720039,2026-07-10,117.52369689941406,美元,野村基金(愛爾蘭系列)-日本精選股票基金(T美元類股),yfinance,股票型,日本,A0032 野村投信,FundRock(野村愛爾蘭系列)
B720039,2026-07-13,116.8644027709961,美元,野村基金(愛爾蘭系列)-日本精選股票基金(T美元類股),yfinance,股票型,日本,A0032 野村投信,FundRock(野村愛爾蘭系列)
B720039,2026-07-14,117.83370208740234,美元,野村基金(愛爾蘭系列)-日本精選股票基金(T美元類股),yfinance,股票型,日本,A0032 野村投信,FundRock(野村愛爾蘭系列)
B720039,2026-07-15,117.00559997558594,美元,野村基金(愛爾蘭系列)-日本精選股票基金(T美元類股),yfinance,股票型,日本,A0032 野村投信,FundRock(野村愛爾蘭系列)
B720039,2026-07-16,115.20210266113281,美元,野村基金(愛爾蘭系列)-日本精選股票基金(T美元類股),yfinance,股票型,日本,A0032 野村投信,FundRock(野村愛爾蘭系列)
B720039,2026-07-17,112.65879821777344,美元,野村基金(愛爾蘭系列)-日本精選股票基金(T美元類股),yfinance,股票型,日本,A0032 野村投信,FundRock(野村愛爾蘭系列)
B720039,2026-07-21,114.79010009765625,美元,野村基金(愛爾蘭系列)-日本精選股票基金(T美元類股),yfinance,股票型,日本,A0032 野村投信,FundRock(野村愛爾蘭系列)
B720039,2026-07-22,114.36419677734375,美元,野村基金(愛爾蘭系列)-日本精選股票基金(T美元類股),yfinance,股票型,日本,A0032 野村投信,FundRock(野村愛爾蘭系列)
B720039,2026-07-23,113.5353012084961,美元,野村基金(愛爾蘭系列)-日本精選股票基金(T美元類股),yfinance,股票型,日本,A0032 野村投信,FundRock(野村愛爾蘭系列)
B720039,2026-07-24,112.49009704589844,美元,野村基金(愛爾蘭系列)-日本精選股票基金(T美元類股),yfinance,股票型,日本,A0032 野村投信,FundRock(野村愛爾蘭系列)
B720039,2026-07-27,112.90899658203125,美元,野村基金(愛爾蘭系列)-日本精選股票基金(T美元類股),yfinance,股票型,日本,A0032 野村投信,FundRock(野村愛爾蘭系列)
B720039,2026-07-28,109.98069763183594,美元,野村基金(愛爾蘭系列)-日本精選股票基金(T美元類股),yfinance,股票型,日本,A0032 野村投信,FundRock(野村愛爾蘭系列)
B720039,2026-07-29,110.93689727783203,美元,野村基金(愛爾蘭系列)-日本精選股票基金(T美元類股),yfinance,股票型,日本,A0032 野村投信,FundRock(野村愛爾蘭系列)
B720039,2026-07-30,114.88999938964844,美元,野村基金(愛爾蘭系列)-日本精選股票基金(T美元類股),yfinance,股票型,日本,A0032 野村投信,FundRock(野村愛爾蘭系列)
B720039,2026-07-31,113.79309844970703,美元,野村基金(愛爾蘭系列)-日本精選股票基金(T美元類股),yfinance,股票型,日本,A0032 野村投信,FundRock(野村愛爾蘭系列)
B720039,2026-08-04,116.8313980102539,美元,野村基金(愛爾蘭系列)-日本精選股票基金(T美元類股),yfinance,股票型,日本,A0032 野村投信,FundRock(野村愛爾蘭系列)
B720039,2026-08-05,119.9845962524414,美元,野村基金(愛爾蘭系列)-日本精選股票基金(T美元類股),yfinance,股票型,日本,A0032 野村投信,FundRock(野村愛爾蘭系列)
B720039,2026-08-06,118.2311019897461,美元,野村基金(愛爾蘭系列)-日本精選股票基金(T美元類股),yfinance,股票型,日本,A0032 野村投信,FundRock(野村愛爾蘭系列)
B720039,2026-08-07,119.82540130615234,美元,野村基金(愛爾蘭系列)-日本精選股票基金(T美元類股),yfinance,股票型,日本,A0032 野村投信,FundRock(野村愛爾蘭系列)
B720039,2026-08-10,120.8469009399414,美元,野村基金(愛爾蘭系列)-日本精選股票基金(T美元類股),yfinance,股票型,日本,A0032 野村投信,FundRock(野村愛爾蘭系列)
B720039,2026-08-12,123.19819641113281,美元,野村基金(愛爾蘭系列)-日本精選股票基金(T美元類股),yfinance,股票型,日本,A0032 野村投信,FundRock(野村愛爾蘭系列)
B720039,2026-08-13,123.84729766845703,美元,野村基金(愛爾蘭系列)-日本精選股票基金(T美元類股),yfinance,股票型,日本,A0032 野村投信,FundRock(野村愛爾蘭系列)
B720039,2026-08-14,124.41840362548828,美元,野村基金(愛爾蘭系列)-日本精選股票基金(T美元類股),yfinance,股票型,日本,A0032 野村投信,FundRock(野村愛爾蘭系列)
B720039,2026-08-17,123.99559783935547,美元,野村基金(愛爾蘭系列)-日本精選股票基金(T美元類股),yfinance,股票型,日本,A0032 野村投信,FundRock(野村愛爾蘭系列)
B720039,2026-08-18,120.17739868164062,美元,野村基金(愛爾蘭系列)-日本精選股票基金(T美元類股),yfinance,股票型,日本,A0032 野村投信,FundRock(野村愛爾蘭系列)
B090399,2026-01-02,8.324080467224121,美元,貝萊德世界地產證券基金 X10 美元,yfinance,未分類,全球市場,A0031 貝萊德投信,貝萊德
B090399,2026-01-05,8.324080467224121,美元,貝萊德世界地產證券基金 X10 美元,yfinance,未分類,全球市場,A0031 貝萊德投信,貝萊德
B090399,2026-01-06,8.391915321350098,美元,貝萊德世界地產證券基金 X10 美元,yfinance,未分類,全球市場,A0031 貝萊德投信,貝萊德
B090399,2026-01-07,8.49850845336914,美元,貝萊德世界地產證券基金 X10 美元,yfinance,未分類,全球市場,A0031 貝萊德投信,貝萊德
B090399,2026-01-08,8.469438552856445,美元,貝萊德世界地產證券基金 X10 美元,yfinance,未分類,全球市場,A0031 貝萊德投信,貝萊德
B090399,2026-01-09,8.527581214904785,美元,貝萊德世界地產證券基金 X10 美元,yfinance,未分類,全球市場,A0031 貝萊德投信,貝萊德
B090399,2026-01-12,8.537270545959473,美元,貝萊德世界地產證券基金 X10 美元,yfinance,未分類,全球市場,A0031 貝萊德投信,貝萊德
B090399,2026-01-13,8.508199691772461,美元,貝萊德世界地產證券基金 X10 美元,yfinance,未分類,全球市場,A0031 貝萊德投信,貝萊德
B090399,2026-01-14,8.537270545959473,美元,貝萊德世界地產證券基金 X10 美元,yfinance,未分類,全球市場,A0031 貝萊德投信,貝萊德
B090399,2026-01-15,8.614795684814453,美元,貝萊德世界地產證券基金 X10 美元,yfinance,未分類,全球市場,A0031 貝萊德投信,貝萊德
B090399,2026-01-16,8.62448501586914,美元,貝萊德世界地產證券基金 X10 美元,yfinance,未分類,全球市場,A0031 貝萊德投信,貝萊德
B090399,2026-01-20,8.576034545898438,美元,貝萊德世界地產證券基金 X10 美元,yfinance,未分類,全球市場,A0031 貝萊德投信,貝萊德
B090399,2026-01-21,8.585722923278809,美元,貝萊德世界地產證券基金 X10 美元,yfinance,未分類,全球市場,A0031 貝萊德投信,貝萊德
B090399,2026-01-22,8.605103492736816,美元,貝萊德世界地產證券基金 X10 美元,yfinance,未分類,全球市場,A0031 貝萊德投信,貝萊德
B090399,2026-01-23,8.537270545959473,美元,貝萊德世界地產證券基金 X10 美元,yfinance,未分類,全球市場,A0031 貝萊德投信,貝萊德
B090399,2026-01-26,8.62448501586914,美元,貝萊德世界地產證券基金 X10 美元,yfinance,未分類,全球市場,A0031 貝萊德投信,貝萊德
B090399,2026-01-27,8.585722923278809,美元,貝萊德世界地產證券基金 X10 美元,yfinance,未分類,全球市場,A0031 貝萊德投信,貝萊德
B090399,2026-01-28,8.614795684814453,美元,貝萊德世界地產證券基金 X10 美元,yfinance,未分類,全球市場,A0031 貝萊德投信,貝萊德
B090399,2026-01-29,8.595412254333496,美元,貝萊德世界地產證券基金 X10 美元,yfinance,未分類,全球市場,A0031 貝萊德投信,貝萊德
B090399,2026-01-30,8.617321014404297,美元,貝萊德世界地產證券基金 X10 美元,yfinance,未分類,全球市場,A0031 貝萊德投信,貝萊德
B090399,2026-02-02,8.617321014404297,美元,貝萊德世界地產證券基金 X10 美元,yfinance,未分類,全球市場,A0031 貝萊德投信,貝萊德
B090399,2026-02-03,8.607584953308105,美元,貝萊德世界地產證券基金 X10 美元,yfinance,未分類,全球市場,A0031 貝萊德投信,貝萊德
B090399,2026-02-04,8.695219039916992,美元,貝萊德世界地產證券基金 X10 美元,yfinance,未分類,全球市場,A0031 貝萊德投信,貝萊德
B090399,2026-02-05,8.704955101013184,美元,貝萊德世界地產證券基金 X10 美元,yfinance,未分類,全球市場,A0031 貝萊德投信,貝萊德
B090399,2026-02-06,8.831538200378418,美元,貝萊德世界地產證券基金 X10 美元,yfinance,未分類,全球市場,A0031 貝萊德投信,貝萊德
B090399,2026-02-09,8.880224227905273,美元,貝萊德世界地產證券基金 X10 美元,yfinance,未分類,全球市場,A0031 貝萊德投信,貝萊德
B090399,2026-02-10,9.016541481018066,美元,貝萊德世界地產證券基金 X10 美元,yfinance,未分類,全球市場,A0031 貝萊德投信,貝萊德
B090399,2026-02-11,9.123650550842285,美元,貝萊德世界地產證券基金 X10 美元,yfinance,未分類,全球市場,A0031 貝萊德投信,貝萊德
B090399,2026-02-12,9.22102165222168,美元,貝萊德世界地產證券基金 X10 美元,yfinance,未分類,全球市場,A0031 貝萊德投信,貝萊德
B090399,2026-02-13,9.074965476989746,美元,貝萊德世界地產證券基金 X10 美元,yfinance,未分類,全球市場,A0031 貝萊德投信,貝萊德
B090399,2026-02-17,9.16259765625,美元,貝萊德世界地產證券基金 X10 美元,yfinance,未分類,全球市場,A0031 貝萊德投信,貝萊德
B090399,2026-02-18,9.182072639465332,美元,貝萊德世界地產證券基金 X10 美元,yfinance,未分類,全球市場,A0031 貝萊德投信,貝萊德
B090399,2026-02-19,9.113912582397461,美元,貝萊德世界地產證券基金 X10 美元,yfinance,未分類,全球市場,A0031 貝萊德投信,貝萊德
B090399,2026-02-20,9.1431245803833,美元,貝萊德世界地產證券基金 X10 美元,yfinance,未分類,全球市場,A0031 貝萊德投信,貝萊德
B090399,2026-02-23,9.19180965423584,美元,貝萊德世界地產證券基金 X10 美元,yfinance,未分類,全球市場,A0031 貝萊德投信,貝萊德
B090399,2026-02-24,9.1431245803833,美元,貝萊德世界地產證券基金 X10 美元,yfinance,未分類,全球市場,A0031 貝萊德投信,貝萊德
B090399,2026-02-25,9.17233657836914,美元,貝萊德世界地產證券基金 X10 美元,yfinance,未分類,全球市場,A0031 貝萊德投信,貝萊德
B090399,2026-02-26,9.250232696533203,美元,貝萊德世界地產證券基金 X10 美元,yfinance,未分類,全球市場,A0031 貝萊德投信,貝萊德
B090399,2026-02-27,9.28201961517334,美元,貝萊德世界地產證券基金 X10 美元,yfinance,未分類,全球市場,A0031 貝萊德投信,貝萊德
B090399,2026-03-02,9.184212684631348,美元,貝萊德世界地產證券基金 X10 美元,yfinance,未分類,全球市場,A0031 貝萊德投信,貝萊德
B090399,2026-03-03,8.95925235748291,美元,貝萊德世界地產證券基金 X10 美元,yfinance,未分類,全球市場,A0031 貝萊德投信,貝萊德
B090399,2026-03-04,9.008156776428223,美元,貝萊德世界地產證券基金 X10 美元,yfinance,未分類,全球市場,A0031 貝萊德投信,貝萊德
B090399,2026-03-05,8.99837589263916,美元,貝萊德世界地產證券基金 X10 美元,yfinance,未分類,全球市場,A0031 貝萊德投信,貝萊德
B090399,2026-03-06,8.890787124633789,美元,貝萊德世界地產證券基金 X10 美元,yfinance,未分類,全球市場,A0031 貝萊德投信,貝萊德
B090399,2026-03-09,8.763635635375977,美元,貝萊德世界地產證券基金 X10 美元,yfinance,未分類,全球市場,A0031 貝萊德投信,貝萊德
B090399,2026-03-10,8.95925235748291,美元,貝萊德世界地產證券基金 X10 美元,yfinance,未分類,全球市場,A0031 貝萊德投信,貝萊德
B090399,2026-03-11,8.88100528717041,美元,貝萊德世界地產證券基金 X10 美元,yfinance,未分類,全球市場,A0031 貝萊德投信,貝萊德
B090399,2026-03-12,8.744072914123535,美元,貝萊德世界地產證券基金 X10 美元,yfinance,未分類,全球市場,A0031 貝萊德投信,貝萊德
B090399,2026-03-13,8.744072914123535,美元,貝萊德世界地產證券基金 X10 美元,yfinance,未分類,全球市場,A0031 貝萊德投信,貝萊德
B090399,2026-03-16,8.832100868225098,美元,貝萊德世界地產證券基金 X10 美元,yfinance,未分類,全球市場,A0031 貝萊德投信,貝萊德
B090399,2026-03-17,8.88100528717041,美元,貝萊德世界地產證券基金 X10 美元,yfinance,未分類,全球市場,A0031 貝萊德投信,貝萊德
B090399,2026-03-18,8.802759170532227,美元,貝萊德世界地產證券基金 X10 美元,yfinance,未分類,全球市場,A0031 貝萊德投信,貝萊德
B090399,2026-03-19,8.675607681274414,美元,貝萊德世界地產證券基金 X10 美元,yfinance,未分類,全球市場,A0031 貝萊德投信,貝萊德
B090399,2026-03-20,8.52889633178711,美元,貝萊德世界地產證券基金 X10 美元,yfinance,未分類,全球市場,A0031 貝萊德投信,貝萊德
B090399,2026-03-23,8.52889633178711,美元,貝萊德世界地產證券基金 X10 美元,yfinance,未分類,全球市場,A0031 貝萊德投信,貝萊德
B090399,2026-03-24,8.450648307800293,美元,貝萊德世界地產證券基金 X10 美元,yfinance,未分類,全球市場,A0031 貝萊德投信,貝萊德
B090399,2026-03-25,8.460430145263672,美元,貝萊德世界地產證券基金 X10 美元,yfinance,未分類,全球市場,A0031 貝萊德投信,貝萊德
B090399,2026-03-26,8.44086742401123,美元,貝萊德世界地產證券基金 X10 美元,yfinance,未分類,全球市場,A0031 貝萊德投信,貝萊德
B090399,2026-03-27,8.343058586120605,美元,貝萊德世界地產證券基金 X10 美元,yfinance,未分類,全球市場,A0031 貝萊德投信,貝萊德
B090399,2026-03-30,8.323498725891113,美元,貝萊德世界地產證券基金 X10 美元,yfinance,未分類,全球市場,A0031 貝萊德投信,貝萊德
B090399,2026-03-31,8.365276336669922,美元,貝萊德世界地產證券基金 X10 美元,yfinance,未分類,全球市場,A0031 貝萊德投信,貝萊德
B090399,2026-04-01,8.532383918762207,美元,貝萊德世界地產證券基金 X10 美元,yfinance,未分類,全球市場,A0031 貝萊德投信,貝萊德
B090399,2026-04-02,8.493063926696777,美元,貝萊德世界地產證券基金 X10 美元,yfinance,未分類,全球市場,A0031 貝萊德投信,貝萊德
B090399,2026-04-07,8.552043914794922,美元,貝萊德世界地產證券基金 X10 美元,yfinance,未分類,全球市場,A0031 貝萊德投信,貝萊德
B090399,2026-04-08,8.837112426757812,美元,貝萊德世界地產證券基金 X10 美元,yfinance,未分類,全球市場,A0031 貝萊德投信,貝萊德
B090399,2026-04-09,8.82728099822998,美元,貝萊德世界地產證券基金 X10 美元,yfinance,未分類,全球市場,A0031 貝萊德投信,貝萊德
B090399,2026-04-10,8.896092414855957,美元,貝萊德世界地產證券基金 X10 美元,yfinance,未分類,全球市場,A0031 貝萊德投信,貝萊德
B090399,2026-04-13,8.846941947937012,美元,貝萊德世界地產證券基金 X10 美元,yfinance,未分類,全球市場,A0031 貝萊德投信,貝萊德
B090399,2026-04-14,8.9747314453125,美元,貝萊德世界地產證券基金 X10 美元,yfinance,未分類,全球市場,A0031 貝萊德投信,貝萊德
B090399,2026-04-15,9.004220962524414,美元,貝萊德世界地產證券基金 X10 美元,yfinance,未分類,全球市場,A0031 貝萊德投信,貝萊德
B090399,2026-04-16,9.122179985046387,美元,貝萊德世界地產證券基金 X10 美元,yfinance,未分類,全球市場,A0031 貝萊德投信,貝萊德
B090399,2026-04-17,9.210649490356445,美元,貝萊德世界地產證券基金 X10 美元,yfinance,未分類,全球市場,A0031 貝萊德投信,貝萊德
B090399,2026-04-20,9.200818061828613,美元,貝萊德世界地產證券基金 X10 美元,yfinance,未分類,全球市場,A0031 貝萊德投信,貝萊德
B090399,2026-04-21,9.200818061828613,美元,貝萊德世界地產證券基金 X10 美元,yfinance,未分類,全球市場,A0031 貝萊德投信,貝萊德
B090399,2026-04-22,9.122179985046387,美元,貝萊德世界地產證券基金 X10 美元,yfinance,未分類,全球市場,A0031 貝萊德投信,貝萊德
B090399,2026-04-23,9.102519989013672,美元,貝萊德世界地產證券基金 X10 美元,yfinance,未分類,全球市場,A0031 貝萊德投信,貝萊德
B090399,2026-04-24,9.122179985046387,美元,貝萊德世界地產證券基金 X10 美元,yfinance,未分類,全球市場,A0031 貝萊德投信,貝萊德
B090399,2026-04-27,9.092691421508789,美元,貝萊德世界地產證券基金 X10 美元,yfinance,未分類,全球市場,A0031 貝萊德投信,貝萊德
B090399,2026-04-28,9.01405143737793,美元,貝萊德世界地產證券基金 X10 美元,yfinance,未分類,全球市場,A0031 貝萊德投信,貝萊德
B090399,2026-04-29,9.01405143737793,美元,貝萊德世界地產證券基金 X10 美元,yfinance,未分類,全球市場,A0031 貝萊德投信,貝萊德
B090399,2026-04-30,9.072294235229492,美元,貝萊德世界地產證券基金 X10 美元,yfinance,未分類,全球市場,A0031 貝萊德投信,貝萊德
B090399,2026-05-04,9.101910591125488,美元,貝萊德世界地產證券基金 X10 美元,yfinance,未分類,全球市場,A0031 貝萊德投信,貝萊德
B090399,2026-05-05,9.08216667175293,美元,貝萊德世界地產證券基金 X10 美元,yfinance,未分類,全球市場,A0031 貝萊德投信,貝萊德
B090399,2026-05-06,9.240117073059082,美元,貝萊德世界地產證券基金 X10 美元,yfinance,未分類,全球市場,A0031 貝萊德投信,貝萊德
B090399,2026-05-07,9.22037410736084,美元,貝萊德世界地產證券基金 X10 美元,yfinance,未分類,全球市場,A0031 貝萊德投信,貝萊德
B090399,2026-05-08,9.240117073059082,美元,貝萊德世界地產證券基金 X10 美元,yfinance,未分類,全球市場,A0031 貝萊德投信,貝萊德
B090399,2026-05-11,9.279605865478516,美元,貝萊德世界地產證券基金 X10 美元,yfinance,未分類,全球市場,A0031 貝萊德投信,貝萊德
B090399,2026-05-12,9.171013832092285,美元,貝萊德世界地產證券基金 X10 美元,yfinance,未分類,全球市場,A0031 貝萊德投信,貝萊德
B090399,2026-05-13,9.180886268615723,美元,貝萊德世界地產證券基金 X10 美元,yfinance,未分類,全球市場,A0031 貝萊德投信,貝萊德
B090399,2026-05-15,9.022934913635254,美元,貝萊德世界地產證券基金 X10 美元,yfinance,未分類,全球市場,A0031 貝萊德投信,貝萊德
B090399,2026-05-18,9.042679786682129,美元,貝萊德世界地產證券基金 X10 美元,yfinance,未分類,全球市場,A0031 貝萊德投信,貝萊德
B090399,2026-05-19,9.032807350158691,美元,貝萊德世界地產證券基金 X10 美元,yfinance,未分類,全球市場,A0031 貝萊德投信,貝萊德
B090399,2026-05-20,9.092039108276367,美元,貝萊德世界地產證券基金 X10 美元,yfinance,未分類,全球市場,A0031 貝萊德投信,貝萊德
B090399,2026-05-21,9.131526947021484,美元,貝萊德世界地產證券基金 X10 美元,yfinance,未分類,全球市場,A0031 貝萊德投信,貝萊德
B090399,2026-05-22,9.19075870513916,美元,貝萊德世界地產證券基金 X10 美元,yfinance,未分類,全球市場,A0031 貝萊德投信,貝萊德
B090399,2026-05-26,9.22037410736084,美元,貝萊德世界地產證券基金 X10 美元,yfinance,未分類,全球市場,A0031 貝萊德投信,貝萊德
B090399,2026-05-27,9.230246543884277,美元,貝萊德世界地產證券基金 X10 美元,yfinance,未分類,全球市場,A0031 貝萊德投信,貝萊德
B090399,2026-05-28,9.161142349243164,美元,貝萊德世界地產證券基金 X10 美元,yfinance,未分類,全球市場,A0031 貝萊德投信,貝萊德
B090399,2026-05-29,9.12049674987793,美元,貝萊德世界地產證券基金 X10 美元,yfinance,未分類,全球市場,A0031 貝萊德投信,貝萊德
B090399,2026-06-01,9.011446952819824,美元,貝萊德世界地產證券基金 X10 美元,yfinance,未分類,全球市場,A0031 貝萊德投信,貝萊德
B090399,2026-06-02,8.971793174743652,美元,貝萊德世界地產證券基金 X10 美元,yfinance,未分類,全球市場,A0031 貝萊德投信,貝萊德
B090399,2026-06-03,9.021361351013184,美元,貝萊德世界地產證券基金 X10 美元,yfinance,未分類,全球市場,A0031 貝萊德投信,貝萊德
B090399,2026-06-04,9.051101684570312,美元,貝萊德世界地產證券基金 X10 美元,yfinance,未分類,全球市場,A0031 貝萊德投信,貝萊德
B090399,2026-06-05,9.070928573608398,美元,貝萊德世界地產證券基金 X10 美元,yfinance,未分類,全球市場,A0031 貝萊德投信,貝萊德
B090399,2026-06-08,9.061015129089355,美元,貝萊德世界地產證券基金 X10 美元,yfinance,未分類,全球市場,A0031 貝萊德投信,貝萊德
B090399,2026-06-09,9.070928573608398,美元,貝萊德世界地產證券基金 X10 美元,yfinance,未分類,全球市場,A0031 貝萊德投信,貝萊德
B090399,2026-06-10,9.179978370666504,美元,貝萊德世界地產證券基金 X10 美元,yfinance,未分類,全球市場,A0031 貝萊德投信,貝萊德
B090399,2026-06-11,9.170064926147461,美元,貝萊德世界地產證券基金 X10 美元,yfinance,未分類,全球市場,A0031 貝萊德投信,貝萊德
B090399,2026-06-12,9.239459037780762,美元,貝萊德世界地產證券基金 X10 美元,yfinance,未分類,全球市場,A0031 貝萊德投信,貝萊德
B090399,2026-06-15,9.298941612243652,美元,貝萊德世界地產證券基金 X10 美元,yfinance,未分類,全球市場,A0031 貝萊德投信,貝萊德
B090399,2026-06-16,9.209718704223633,美元,貝萊德世界地產證券基金 X10 美元,yfinance,未分類,全球市場,A0031 貝萊德投信,貝萊德
B090399,2026-06-17,9.170064926147461,美元,貝萊德世界地產證券基金 X10 美元,yfinance,未分類,全球市場,A0031 貝萊德投信,貝萊德
B090399,2026-06-18,9.04118824005127,美元,貝萊德世界地產證券基金 X10 美元,yfinance,未分類,全球市場,A0031 貝萊德投信,貝萊德
B090399,2026-06-22,9.04118824005127,美元,貝萊德世界地產證券基金 X10 美元,yfinance,未分類,全球市場,A0031 貝萊德投信,貝萊德
B090399,2026-06-24,9.160150527954102,美元,貝萊德世界地產證券基金 X10 美元,yfinance,未分類,全球市場,A0031 貝萊德投信,貝萊德
B090399,2026-06-25,9.19980525970459,美元,貝萊德世界地產證券基金 X10 美元,yfinance,未分類,全球市場,A0031 貝萊德投信,貝萊德
B090399,2026-06-26,9.27911376953125,美元,貝萊德世界地產證券基金 X10 美元,yfinance,未分類,全球市場,A0031 貝萊德投信,貝萊德
B090399,2026-06-29,9.298941612243652,美元,貝萊德世界地產證券基金 X10 美元,yfinance,未分類,全球市場,A0031 貝萊德投信,貝萊德
B090399,2026-06-30,9.188440322875977,美元,貝萊德世界地產證券基金 X10 美元,yfinance,未分類,全球市場,A0031 貝萊德投信,貝萊德
B090399,2026-07-01,9.16853141784668,美元,貝萊德世界地產證券基金 X10 美元,yfinance,未分類,全球市場,A0031 貝萊德投信,貝萊德
B090399,2026-07-02,9.248170852661133,美元,貝萊德世界地產證券基金 X10 美元,yfinance,未分類,全球市場,A0031 貝萊德投信,貝萊德
B090399,2026-07-06,9.258126258850098,美元,貝萊德世界地產證券基金 X10 美元,yfinance,未分類,全球市場,A0031 貝萊德投信,貝萊德
B090399,2026-07-07,9.307901382446289,美元,貝萊德世界地產證券基金 X10 美元,yfinance,未分類,全球市場,A0031 貝萊德投信,貝萊德
B090399,2026-07-08,9.248170852661133,美元,貝萊德世界地產證券基金 X10 美元,yfinance,未分類,全球市場,A0031 貝萊德投信,貝萊德
B090399,2026-07-09,9.218306541442871,美元,貝萊德世界地產證券基金 X10 美元,yfinance,未分類,全球市場,A0031 貝萊德投信,貝萊德
B090399,2026-07-10,9.22826099395752,美元,貝萊德世界地產證券基金 X10 美元,yfinance,未分類,全球市場,A0031 貝萊德投信,貝萊德
B090399,2026-07-13,9.268081665039062,美元,貝萊德世界地產證券基金 X10 美元,yfinance,未分類,全球市場,A0031 貝萊德投信,貝萊德
B090399,2026-07-14,9.248170852661133,美元,貝萊德世界地產證券基金 X10 美元,yfinance,未分類,全球市場,A0031 貝萊德投信,貝萊德
B090399,2026-07-15,9.297945976257324,美元,貝萊德世界地產證券基金 X10 美元,yfinance,未分類,全球市場,A0031 貝萊德投信,貝萊德
B090399,2026-07-16,9.307901382446289,美元,貝萊德世界地產證券基金 X10 美元,yfinance,未分類,全球市場,A0031 貝萊德投信,貝萊德
B090399,2026-07-17,9.437314987182617,美元,貝萊德世界地產證券基金 X10 美元,yfinance,未分類,全球市場,A0031 貝萊德投信,貝萊德
B090399,2026-07-20,9.427360534667969,美元,貝萊德世界地產證券基金 X10 美元,yfinance,未分類,全球市場,A0031 貝萊德投信,貝萊德
B090399,2026-07-21,9.407450675964355,美元,貝萊德世界地產證券基金 X10 美元,yfinance,未分類,全球市場,A0031 貝萊德投信,貝萊德
B090399,2026-07-22,9.427360534667969,美元,貝萊德世界地產證券基金 X10 美元,yfinance,未分類,全球市場,A0031 貝萊德投信,貝萊德
B090399,2026-07-23,9.39749526977539,美元,貝萊德世界地產證券基金 X10 美元,yfinance,未分類,全球市場,A0031 貝萊德投信,貝萊德
B090399,2026-07-24,9.506999969482422,美元,貝萊德世界地產證券基金 X10 美元,yfinance,未分類,全球市場,A0031 貝萊德投信,貝萊德
B090399,2026-07-27,9.566729545593262,美元,貝萊德世界地產證券基金 X10 美元,yfinance,未分類,全球市場,A0031 貝萊德投信,貝萊德
B090399,2026-07-28,9.576684951782227,美元,貝萊德世界地產證券基金 X10 美元,yfinance,未分類,全球市場,A0031 貝萊德投信,貝萊德
B090399,2026-07-29,9.546820640563965,美元,貝萊德世界地產證券基金 X10 美元,yfinance,未分類,全球市場,A0031 貝萊德投信,貝萊德
B090399,2026-07-30,9.506999969482422,美元,貝萊德世界地產證券基金 X10 美元,yfinance,未分類,全球市場,A0031 貝萊德投信,貝萊德
B090399,2026-07-31,9.399999618530273,美元,貝萊德世界地產證券基金 X10 美元,yfinance,未分類,全球市場,A0031 貝萊德投信,貝萊德
B090399,2026-08-03,9.4399995803833,美元,貝萊德世界地產證券基金 X10 美元,yfinance,未分類,全球市場,A0031 貝萊德投信,貝萊德
B090399,2026-08-04,9.380000114440918,美元,貝萊德世界地產證券基金 X10 美元,yfinance,未分類,全球市場,A0031 貝萊德投信,貝萊德
B090399,2026-08-05,9.40999984741211,美元,貝萊德世界地產證券基金 X10 美元,yfinance,未分類,全球市場,A0031 貝萊德投信,貝萊德
B090399,2026-08-06,9.369999885559082,美元,貝萊德世界地產證券基金 X10 美元,yfinance,未分類,全球市場,A0031 貝萊德投信,貝萊德
B090399,2026-08-07,9.390000343322754,美元,貝萊德世界地產證券基金 X10 美元,yfinance,未分類,全球市場,A0031 貝萊德投信,貝萊德
B090399,2026-08-10,9.279999732971191,美元,貝萊德世界地產證券基金 X10 美元,yfinance,未分類,全球市場,A0031 貝萊德投信,貝萊德
B090399,2026-08-11,9.239999771118164,美元,貝萊德世界地產證券基金 X10 美元,yfinance,未分類,全球市場,A0031 貝萊德投信,貝萊德
B090399,2026-08-12,9.25,美元,貝萊德世界地產證券基金 X10 美元,yfinance,未分類,全球市場,A0031 貝萊德投信,貝萊德
B090399,2026-08-13,9.359999656677246,美元,貝萊德世界地產證券基金 X10 美元,yfinance,未分類,全球市場,A0031 貝萊德投信,貝萊德
B090399,2026-08-14,9.359999656677246,美元,貝萊德世界地產證券基金 X10 美元,yfinance,未分類,全球市場,A0031 貝萊德投信,貝萊德
B090399,2026-08-17,9.300000190734863,美元,貝萊德世界地產證券基金 X10 美元,yfinance,未分類,全球市場,A0031 貝萊德投信,貝萊德
B090399,2026-08-18,9.3100004196167,美元,貝萊德世界地產證券基金 X10 美元,yfinance,未分類,全球市場,A0031 貝萊德投信,貝萊德
B170190,2026-01-02,110.78522491455078,英鎊,匯豐環球投資基金-環球基建股票-AMFLXOGBP,yfinance,股票型,全球市場,A0004 匯豐投信,匯豐
B170190,2026-01-05,109.36793518066406,英鎊,匯豐環球投資基金-環球基建股票-AMFLXOGBP,yfinance,股票型,全球市場,A0004 匯豐投信,匯豐
B170190,2026-01-06,110.27885437011719,英鎊,匯豐環球投資基金-環球基建股票-AMFLXOGBP,yfinance,股票型,全球市場,A0004 匯豐投信,匯豐
B170190,2026-01-07,109.86654663085938,英鎊,匯豐環球投資基金-環球基建股票-AMFLXOGBP,yfinance,股票型,全球市場,A0004 匯豐投信,匯豐
B170190,2026-01-08,109.55806732177734,英鎊,匯豐環球投資基金-環球基建股票-AMFLXOGBP,yfinance,股票型,全球市場,A0004 匯豐投信,匯豐
B170190,2026-01-09,109.96258544921875,英鎊,匯豐環球投資基金-環球基建股票-AMFLXOGBP,yfinance,股票型,全球市場,A0004 匯豐投信,匯豐
B170190,2026-01-12,109.65701293945312,英鎊,匯豐環球投資基金-環球基建股票-AMFLXOGBP,yfinance,股票型,全球市場,A0004 匯豐投信,匯豐
B170190,2026-01-13,109.4271011352539,英鎊,匯豐環球投資基金-環球基建股票-AMFLXOGBP,yfinance,股票型,全球市場,A0004 匯豐投信,匯豐
B170190,2026-01-14,110.86963653564453,英鎊,匯豐環球投資基金-環球基建股票-AMFLXOGBP,yfinance,股票型,全球市場,A0004 匯豐投信,匯豐
B170190,2026-01-15,111.30326843261719,英鎊,匯豐環球投資基金-環球基建股票-AMFLXOGBP,yfinance,股票型,全球市場,A0004 匯豐投信,匯豐
B170190,2026-01-16,111.6748046875,英鎊,匯豐環球投資基金-環球基建股票-AMFLXOGBP,yfinance,股票型,全球市場,A0004 匯豐投信,匯豐
B170190,2026-01-20,111.82421112060547,英鎊,匯豐環球投資基金-環球基建股票-AMFLXOGBP,yfinance,股票型,全球市場,A0004 匯豐投信,匯豐
B170190,2026-01-21,111.20235443115234,英鎊,匯豐環球投資基金-環球基建股票-AMFLXOGBP,yfinance,股票型,全球市場,A0004 匯豐投信,匯豐
B170190,2026-01-22,112.0977554321289,英鎊,匯豐環球投資基金-環球基建股票-AMFLXOGBP,yfinance,股票型,全球市場,A0004 匯豐投信,匯豐
B170190,2026-01-23,111.81546020507812,英鎊,匯豐環球投資基金-環球基建股票-AMFLXOGBP,yfinance,股票型,全球市場,A0004 匯豐投信,匯豐
B170190,2026-01-26,113.04068756103516,英鎊,匯豐環球投資基金-環球基建股票-AMFLXOGBP,yfinance,股票型,全球市場,A0004 匯豐投信,匯豐
B170190,2026-01-27,113.64019775390625,英鎊,匯豐環球投資基金-環球基建股票-AMFLXOGBP,yfinance,股票型,全球市場,A0004 匯豐投信,匯豐
B170190,2026-01-28,114.53462219238281,英鎊,匯豐環球投資基金-環球基建股票-AMFLXOGBP,yfinance,股票型,全球市場,A0004 匯豐投信,匯豐
B170190,2026-01-29,114.76065826416016,英鎊,匯豐環球投資基金-環球基建股票-AMFLXOGBP,yfinance,股票型,全球市場,A0004 匯豐投信,匯豐
B170190,2026-01-30,114.47842407226562,英鎊,匯豐環球投資基金-環球基建股票-AMFLXOGBP,yfinance,股票型,全球市場,A0004 匯豐投信,匯豐
B170190,2026-02-02,113.69810485839844,英鎊,匯豐環球投資基金-環球基建股票-AMFLXOGBP,yfinance,股票型,全球市場,A0004 匯豐投信,匯豐
B170190,2026-02-03,114.33522033691406,英鎊,匯豐環球投資基金-環球基建股票-AMFLXOGBP,yfinance,股票型,全球市場,A0004 匯豐投信,匯豐
B170190,2026-02-04,115.71463775634766,英鎊,匯豐環球投資基金-環球基建股票-AMFLXOGBP,yfinance,股票型,全球市場,A0004 匯豐投信,匯豐
B170190,2026-02-05,115.26165771484375,英鎊,匯豐環球投資基金-環球基建股票-AMFLXOGBP,yfinance,股票型,全球市場,A0004 匯豐投信,匯豐
B170190,2026-02-06,116.78526306152344,英鎊,匯豐環球投資基金-環球基建股票-AMFLXOGBP,yfinance,股票型,全球市場,A0004 匯豐投信,匯豐
B170190,2026-02-09,117.07848358154297,英鎊,匯豐環球投資基金-環球基建股票-AMFLXOGBP,yfinance,股票型,全球市場,A0004 匯豐投信,匯豐
B170190,2026-02-10,118.84171295166016,英鎊,匯豐環球投資基金-環球基建股票-AMFLXOGBP,yfinance,股票型,全球市場,A0004 匯豐投信,匯豐
B170190,2026-02-11,119.88311004638672,英鎊,匯豐環球投資基金-環球基建股票-AMFLXOGBP,yfinance,股票型,全球市場,A0004 匯豐投信,匯豐
B170190,2026-02-12,122.60688781738281,英鎊,匯豐環球投資基金-環球基建股票-AMFLXOGBP,yfinance,股票型,全球市場,A0004 匯豐投信,匯豐
B170190,2026-02-13,123.47193908691406,英鎊,匯豐環球投資基金-環球基建股票-AMFLXOGBP,yfinance,股票型,全球市場,A0004 匯豐投信,匯豐
B170190,2026-02-17,123.69990539550781,英鎊,匯豐環球投資基金-環球基建股票-AMFLXOGBP,yfinance,股票型,全球市場,A0004 匯豐投信,匯豐
B170190,2026-02-18,123.62294006347656,英鎊,匯豐環球投資基金-環球基建股票-AMFLXOGBP,yfinance,股票型,全球市場,A0004 匯豐投信,匯豐
B170190,2026-02-19,123.47097778320312,英鎊,匯豐環球投資基金-環球基建股票-AMFLXOGBP,yfinance,股票型,全球市場,A0004 匯豐投信,匯豐
B170190,2026-02-20,123.67359924316406,英鎊,匯豐環球投資基金-環球基建股票-AMFLXOGBP,yfinance,股票型,全球市場,A0004 匯豐投信,匯豐
B170190,2026-02-23,124.7705078125,英鎊,匯豐環球投資基金-環球基建股票-AMFLXOGBP,yfinance,股票型,全球市場,A0004 匯豐投信,匯豐
B170190,2026-02-24,124.56300354003906,英鎊,匯豐環球投資基金-環球基建股票-AMFLXOGBP,yfinance,股票型,全球市場,A0004 匯豐投信,匯豐
B170190,2026-02-25,124.3262939453125,英鎊,匯豐環球投資基金-環球基建股票-AMFLXOGBP,yfinance,股票型,全球市場,A0004 匯豐投信,匯豐
B170190,2026-02-26,125.75345611572266,英鎊,匯豐環球投資基金-環球基建股票-AMFLXOGBP,yfinance,股票型,全球市場,A0004 匯豐投信,匯豐
B170190,2026-02-27,127.37254333496094,英鎊,匯豐環球投資基金-環球基建股票-AMFLXOGBP,yfinance,股票型,全球市場,A0004 匯豐投信,匯豐
B170190,2026-03-02,126.9626235961914,英鎊,匯豐環球投資基金-環球基建股票-AMFLXOGBP,yfinance,股票型,全球市場,A0004 匯豐投信,匯豐
B170190,2026-03-03,124.45520782470703,英鎊,匯豐環球投資基金-環球基建股票-AMFLXOGBP,yfinance,股票型,全球市場,A0004 匯豐投信,匯豐
B170190,2026-03-04,125.2760009765625,英鎊,匯豐環球投資基金-環球基建股票-AMFLXOGBP,yfinance,股票型,全球市場,A0004 匯豐投信,匯豐
B170190,2026-03-05,124.01888275146484,英鎊,匯豐環球投資基金-環球基建股票-AMFLXOGBP,yfinance,股票型,全球市場,A0004 匯豐投信,匯豐
B170190,2026-03-06,123.4162368774414,英鎊,匯豐環球投資基金-環球基建股票-AMFLXOGBP,yfinance,股票型,全球市場,A0004 匯豐投信,匯豐
B170190,2026-03-09,123.40743255615234,英鎊,匯豐環球投資基金-環球基建股票-AMFLXOGBP,yfinance,股票型,全球市場,A0004 匯豐投信,匯豐
B170190,2026-03-10,123.85354614257812,英鎊,匯豐環球投資基金-環球基建股票-AMFLXOGBP,yfinance,股票型,全球市場,A0004 匯豐投信,匯豐
B170190,2026-03-11,123.10122680664062,英鎊,匯豐環球投資基金-環球基建股票-AMFLXOGBP,yfinance,股票型,全球市場,A0004 匯豐投信,匯豐
B170190,2026-03-12,123.52092742919922,英鎊,匯豐環球投資基金-環球基建股票-AMFLXOGBP,yfinance,股票型,全球市場,A0004 匯豐投信,匯豐
B170190,2026-03-13,122.71479034423828,英鎊,匯豐環球投資基金-環球基建股票-AMFLXOGBP,yfinance,股票型,全球市場,A0004 匯豐投信,匯豐
B170190,2026-03-16,123.33307647705078,英鎊,匯豐環球投資基金-環球基建股票-AMFLXOGBP,yfinance,股票型,全球市場,A0004 匯豐投信,匯豐
B170190,2026-03-17,124.48455810546875,英鎊,匯豐環球投資基金-環球基建股票-AMFLXOGBP,yfinance,股票型,全球市場,A0004 匯豐投信,匯豐
B170190,2026-03-18,122.52597045898438,英鎊,匯豐環球投資基金-環球基建股票-AMFLXOGBP,yfinance,股票型,全球市場,A0004 匯豐投信,匯豐
B170190,2026-03-19,122.51521301269531,英鎊,匯豐環球投資基金-環球基建股票-AMFLXOGBP,yfinance,股票型,全球市場,A0004 匯豐投信,匯豐
B170190,2026-03-20,120.41868591308594,英鎊,匯豐環球投資基金-環球基建股票-AMFLXOGBP,yfinance,股票型,全球市場,A0004 匯豐投信,匯豐
B170190,2026-03-23,119.90409088134766,英鎊,匯豐環球投資基金-環球基建股票-AMFLXOGBP,yfinance,股票型,全球市場,A0004 匯豐投信,匯豐
B170190,2026-03-24,121.64842224121094,英鎊,匯豐環球投資基金-環球基建股票-AMFLXOGBP,yfinance,股票型,全球市場,A0004 匯豐投信,匯豐
B170190,2026-03-25,121.54961395263672,英鎊,匯豐環球投資基金-環球基建股票-AMFLXOGBP,yfinance,股票型,全球市場,A0004 匯豐投信,匯豐
B170190,2026-03-26,121.51537322998047,英鎊,匯豐環球投資基金-環球基建股票-AMFLXOGBP,yfinance,股票型,全球市場,A0004 匯豐投信,匯豐
B170190,2026-03-27,121.8744125366211,英鎊,匯豐環球投資基金-環球基建股票-AMFLXOGBP,yfinance,股票型,全球市場,A0004 匯豐投信,匯豐
B170190,2026-03-30,122.6866683959961,英鎊,匯豐環球投資基金-環球基建股票-AMFLXOGBP,yfinance,股票型,全球市場,A0004 匯豐投信,匯豐
B170190,2026-03-31,122.04415130615234,英鎊,匯豐環球投資基金-環球基建股票-AMFLXOGBP,yfinance,股票型,全球市場,A0004 匯豐投信,匯豐
B170190,2026-04-01,122.79276275634766,英鎊,匯豐環球投資基金-環球基建股票-AMFLXOGBP,yfinance,股票型,全球市場,A0004 匯豐投信,匯豐
B170190,2026-04-02,123.78011322021484,英鎊,匯豐環球投資基金-環球基建股票-AMFLXOGBP,yfinance,股票型,全球市場,A0004 匯豐投信,匯豐
B170190,2026-04-07,124.89812469482422,英鎊,匯豐環球投資基金-環球基建股票-AMFLXOGBP,yfinance,股票型,全球市場,A0004 匯豐投信,匯豐
B170190,2026-04-08,124.77041625976562,英鎊,匯豐環球投資基金-環球基建股票-AMFLXOGBP,yfinance,股票型,全球市場,A0004 匯豐投信,匯豐
B170190,2026-04-09,126.94551849365234,英鎊,匯豐環球投資基金-環球基建股票-AMFLXOGBP,yfinance,股票型,全球市場,A0004 匯豐投信,匯豐
B170190,2026-04-10,126.09178924560547,英鎊,匯豐環球投資基金-環球基建股票-AMFLXOGBP,yfinance,股票型,全球市場,A0004 匯豐投信,匯豐
B170190,2026-04-13,124.24580383300781,英鎊,匯豐環球投資基金-環球基建股票-AMFLXOGBP,yfinance,股票型,全球市場,A0004 匯豐投信,匯豐
B170190,2026-04-14,123.50700378417969,英鎊,匯豐環球投資基金-環球基建股票-AMFLXOGBP,yfinance,股票型,全球市場,A0004 匯豐投信,匯豐
B170190,2026-04-15,123.02462768554688,英鎊,匯豐環球投資基金-環球基建股票-AMFLXOGBP,yfinance,股票型,全球市場,A0004 匯豐投信,匯豐
B170190,2026-04-16,122.49214172363281,英鎊,匯豐環球投資基金-環球基建股票-AMFLXOGBP,yfinance,股票型,全球市場,A0004 匯豐投信,匯豐
B170190,2026-04-17,121.6590347290039,英鎊,匯豐環球投資基金-環球基建股票-AMFLXOGBP,yfinance,股票型,全球市場,A0004 匯豐投信,匯豐
B170190,2026-04-20,122.53732299804688,英鎊,匯豐環球投資基金-環球基建股票-AMFLXOGBP,yfinance,股票型,全球市場,A0004 匯豐投信,匯豐
B170190,2026-04-21,121.0469741821289,英鎊,匯豐環球投資基金-環球基建股票-AMFLXOGBP,yfinance,股票型,全球市場,A0004 匯豐投信,匯豐
B170190,2026-04-22,120.96543884277344,英鎊,匯豐環球投資基金-環球基建股票-AMFLXOGBP,yfinance,股票型,全球市場,A0004 匯豐投信,匯豐
B170190,2026-04-23,121.43995666503906,英鎊,匯豐環球投資基金-環球基建股票-AMFLXOGBP,yfinance,股票型,全球市場,A0004 匯豐投信,匯豐
B170190,2026-04-24,121.21202850341797,英鎊,匯豐環球投資基金-環球基建股票-AMFLXOGBP,yfinance,股票型,全球市場,A0004 匯豐投信,匯豐
B170190,2026-04-27,121.32795715332031,英鎊,匯豐環球投資基金-環球基建股票-AMFLXOGBP,yfinance,股票型,全球市場,A0004 匯豐投信,匯豐
B170190,2026-04-28,121.89139556884766,英鎊,匯豐環球投資基金-環球基建股票-AMFLXOGBP,yfinance,股票型,全球市場,A0004 匯豐投信,匯豐
B170190,2026-04-29,121.11788177490234,英鎊,匯豐環球投資基金-環球基建股票-AMFLXOGBP,yfinance,股票型,全球市場,A0004 匯豐投信,匯豐
B170190,2026-04-30,124.03927612304688,英鎊,匯豐環球投資基金-環球基建股票-AMFLXOGBP,yfinance,股票型,全球市場,A0004 匯豐投信,匯豐
B170190,2026-05-05,122.61262512207031,英鎊,匯豐環球投資基金-環球基建股票-AMFLXOGBP,yfinance,股票型,全球市場,A0004 匯豐投信,匯豐
B170190,2026-05-06,122.95893096923828,英鎊,匯豐環球投資基金-環球基建股票-AMFLXOGBP,yfinance,股票型,全球市場,A0004 匯豐投信,匯豐
B170190,2026-05-07,122.28309631347656,英鎊,匯豐環球投資基金-環球基建股票-AMFLXOGBP,yfinance,股票型,全球市場,A0004 匯豐投信,匯豐
B170190,2026-05-08,121.77399444580078,英鎊,匯豐環球投資基金-環球基建股票-AMFLXOGBP,yfinance,股票型,全球市場,A0004 匯豐投信,匯豐
B170190,2026-05-11,122.2722396850586,英鎊,匯豐環球投資基金-環球基建股票-AMFLXOGBP,yfinance,股票型,全球市場,A0004 匯豐投信,匯豐
B170190,2026-05-12,122.20613861083984,英鎊,匯豐環球投資基金-環球基建股票-AMFLXOGBP,yfinance,股票型,全球市場,A0004 匯豐投信,匯豐
B170190,2026-05-13,121.58258819580078,英鎊,匯豐環球投資基金-環球基建股票-AMFLXOGBP,yfinance,股票型,全球市場,A0004 匯豐投信,匯豐
B170190,2026-05-15,121.01823425292969,英鎊,匯豐環球投資基金-環球基建股票-AMFLXOGBP,yfinance,股票型,全球市場,A0004 匯豐投信,匯豐
B170190,2026-05-19,123.658447265625,英鎊,匯豐環球投資基金-環球基建股票-AMFLXOGBP,yfinance,股票型,全球市場,A0004 匯豐投信,匯豐
B170190,2026-05-20,124.2553482055664,英鎊,匯豐環球投資基金-環球基建股票-AMFLXOGBP,yfinance,股票型,全球市場,A0004 匯豐投信,匯豐
B170190,2026-05-21,124.37867736816406,英鎊,匯豐環球投資基金-環球基建股票-AMFLXOGBP,yfinance,股票型,全球市場,A0004 匯豐投信,匯豐
B170190,2026-05-22,123.81932830810547,英鎊,匯豐環球投資基金-環球基建股票-AMFLXOGBP,yfinance,股票型,全球市場,A0004 匯豐投信,匯豐
B170190,2026-05-26,124.44654846191406,英鎊,匯豐環球投資基金-環球基建股票-AMFLXOGBP,yfinance,股票型,全球市場,A0004 匯豐投信,匯豐
B170190,2026-05-27,123.57855224609375,英鎊,匯豐環球投資基金-環球基建股票-AMFLXOGBP,yfinance,股票型,全球市場,A0004 匯豐投信,匯豐
B170190,2026-05-28,123.0940170288086,英鎊,匯豐環球投資基金-環球基建股票-AMFLXOGBP,yfinance,股票型,全球市場,A0004 匯豐投信,匯豐
B170190,2026-05-29,122.38555145263672,英鎊,匯豐環球投資基金-環球基建股票-AMFLXOGBP,yfinance,股票型,全球市場,A0004 匯豐投信,匯豐
B170190,2026-06-01,121.47098541259766,英鎊,匯豐環球投資基金-環球基建股票-AMFLXOGBP,yfinance,股票型,全球市場,A0004 匯豐投信,匯豐
B170190,2026-06-02,122.2904281616211,英鎊,匯豐環球投資基金-環球基建股票-AMFLXOGBP,yfinance,股票型,全球市場,A0004 匯豐投信,匯豐
B170190,2026-06-03,123.1534652709961,英鎊,匯豐環球投資基金-環球基建股票-AMFLXOGBP,yfinance,股票型,全球市場,A0004 匯豐投信,匯豐
B170190,2026-06-04,122.23790740966797,英鎊,匯豐環球投資基金-環球基建股票-AMFLXOGBP,yfinance,股票型,全球市場,A0004 匯豐投信,匯豐
B170190,2026-06-05,124.03336334228516,英鎊,匯豐環球投資基金-環球基建股票-AMFLXOGBP,yfinance,股票型,全球市場,A0004 匯豐投信,匯豐
B170190,2026-06-08,122.49752044677734,英鎊,匯豐環球投資基金-環球基建股票-AMFLXOGBP,yfinance,股票型,全球市場,A0004 匯豐投信,匯豐
B170190,2026-06-09,121.83760070800781,英鎊,匯豐環球投資基金-環球基建股票-AMFLXOGBP,yfinance,股票型,全球市場,A0004 匯豐投信,匯豐
B170190,2026-06-10,122.59758758544922,英鎊,匯豐環球投資基金-環球基建股票-AMFLXOGBP,yfinance,股票型,全球市場,A0004 匯豐投信,匯豐
B170190,2026-06-11,122.2904281616211,英鎊,匯豐環球投資基金-環球基建股票-AMFLXOGBP,yfinance,股票型,全球市場,A0004 匯豐投信,匯豐
B170190,2026-06-12,123.40217590332031,英鎊,匯豐環球投資基金-環球基建股票-AMFLXOGBP,yfinance,股票型,全球市場,A0004 匯豐投信,匯豐
B170190,2026-06-15,122.60255432128906,英鎊,匯豐環球投資基金-環球基建股票-AMFLXOGBP,yfinance,股票型,全球市場,A0004 匯豐投信,匯豐
B170190,2026-06-16,122.46878051757812,英鎊,匯豐環球投資基金-環球基建股票-AMFLXOGBP,yfinance,股票型,全球市場,A0004 匯豐投信,匯豐
B170190,2026-06-17,121.4927749633789,英鎊,匯豐環球投資基金-環球基建股票-AMFLXOGBP,yfinance,股票型,全球市場,A0004 匯豐投信,匯豐
B170190,2026-06-18,120.22645568847656,英鎊,匯豐環球投資基金-環球基建股票-AMFLXOGBP,yfinance,股票型,全球市場,A0004 匯豐投信,匯豐
B170190,2026-06-22,120.18879699707031,英鎊,匯豐環球投資基金-環球基建股票-AMFLXOGBP,yfinance,股票型,全球市場,A0004 匯豐投信,匯豐
B170190,2026-06-24,120.70999145507812,英鎊,匯豐環球投資基金-環球基建股票-AMFLXOGBP,yfinance,股票型,全球市場,A0004 匯豐投信,匯豐
B170190,2026-06-25,121.49575805664062,英鎊,匯豐環球投資基金-環球基建股票-AMFLXOGBP,yfinance,股票型,全球市場,A0004 匯豐投信,匯豐
B170190,2026-06-26,122.24286651611328,英鎊,匯豐環球投資基金-環球基建股票-AMFLXOGBP,yfinance,股票型,全球市場,A0004 匯豐投信,匯豐
B170190,2026-06-29,121.59980010986328,英鎊,匯豐環球投資基金-環球基建股票-AMFLXOGBP,yfinance,股票型,全球市場,A0004 匯豐投信,匯豐
B170190,2026-06-30,120.89244842529297,英鎊,匯豐環球投資基金-環球基建股票-AMFLXOGBP,yfinance,股票型,全球市場,A0004 匯豐投信,匯豐
B170190,2026-07-02,120.67251586914062,英鎊,匯豐環球投資基金-環球基建股票-AMFLXOGBP,yfinance,股票型,全球市場,A0004 匯豐投信,匯豐
B170190,2026-07-06,121.13925170898438,英鎊,匯豐環球投資基金-環球基建股票-AMFLXOGBP,yfinance,股票型,全球市場,A0004 匯豐投信,匯豐
B170190,2026-07-07,122.8778305053711,英鎊,匯豐環球投資基金-環球基建股票-AMFLXOGBP,yfinance,股票型,全球市場,A0004 匯豐投信,匯豐
B170190,2026-07-08,122.14239501953125,英鎊,匯豐環球投資基金-環球基建股票-AMFLXOGBP,yfinance,股票型,全球市場,A0004 匯豐投信,匯豐
B170190,2026-07-09,122.12049865722656,英鎊,匯豐環球投資基金-環球基建股票-AMFLXOGBP,yfinance,股票型,全球市場,A0004 匯豐投信,匯豐
B170190,2026-07-10,121.79905700683594,英鎊,匯豐環球投資基金-環球基建股票-AMFLXOGBP,yfinance,股票型,全球市場,A0004 匯豐投信,匯豐
B170190,2026-07-13,123.37840270996094,英鎊,匯豐環球投資基金-環球基建股票-AMFLXOGBP,yfinance,股票型,全球市場,A0004 匯豐投信,匯豐
B170190,2026-07-14,123.49285888671875,英鎊,匯豐環球投資基金-環球基建股票-AMFLXOGBP,yfinance,股票型,全球市場,A0004 匯豐投信,匯豐
B170190,2026-07-15,123.65605926513672,英鎊,匯豐環球投資基金-環球基建股票-AMFLXOGBP,yfinance,股票型,全球市場,A0004 匯豐投信,匯豐
B170190,2026-07-16,123.32068634033203,英鎊,匯豐環球投資基金-環球基建股票-AMFLXOGBP,yfinance,股票型,全球市場,A0004 匯豐投信,匯豐
B170190,2026-07-17,124.30491638183594,英鎊,匯豐環球投資基金-環球基建股票-AMFLXOGBP,yfinance,股票型,全球市場,A0004 匯豐投信,匯豐
B170190,2026-07-20,123.95561218261719,英鎊,匯豐環球投資基金-環球基建股票-AMFLXOGBP,yfinance,股票型,全球市場,A0004 匯豐投信,匯豐
B170190,2026-07-21,121.81597137451172,英鎊,匯豐環球投資基金-環球基建股票-AMFLXOGBP,yfinance,股票型,全球市場,A0004 匯豐投信,匯豐
B170190,2026-07-22,123.67596435546875,英鎊,匯豐環球投資基金-環球基建股票-AMFLXOGBP,yfinance,股票型,全球市場,A0004 匯豐投信,匯豐
B170190,2026-07-23,124.51191711425781,英鎊,匯豐環球投資基金-環球基建股票-AMFLXOGBP,yfinance,股票型,全球市場,A0004 匯豐投信,匯豐
B170190,2026-07-24,124.43628692626953,英鎊,匯豐環球投資基金-環球基建股票-AMFLXOGBP,yfinance,股票型,全球市場,A0004 匯豐投信,匯豐
B170190,2026-07-27,123.16643524169922,英鎊,匯豐環球投資基金-環球基建股票-AMFLXOGBP,yfinance,股票型,全球市場,A0004 匯豐投信,匯豐
B170190,2026-07-28,124.27705383300781,英鎊,匯豐環球投資基金-環球基建股票-AMFLXOGBP,yfinance,股票型,全球市場,A0004 匯豐投信,匯豐
B170190,2026-07-29,123.41722106933594,英鎊,匯豐環球投資基金-環球基建股票-AMFLXOGBP,yfinance,股票型,全球市場,A0004 匯豐投信,匯豐
B170190,2026-07-30,124.04617309570312,英鎊,匯豐環球投資基金-環球基建股票-AMFLXOGBP,yfinance,股票型,全球市場,A0004 匯豐投信,匯豐
B170190,2026-07-31,123.72200012207031,英鎊,匯豐環球投資基金-環球基建股票-AMFLXOGBP,yfinance,股票型,全球市場,A0004 匯豐投信,匯豐
B170190,2026-08-04,121.7490005493164,英鎊,匯豐環球投資基金-環球基建股票-AMFLXOGBP,yfinance,股票型,全球市場,A0004 匯豐投信,匯豐
B170190,2026-08-05,120.76399993896484,英鎊,匯豐環球投資基金-環球基建股票-AMFLXOGBP,yfinance,股票型,全球市場,A0004 匯豐投信,匯豐
B170190,2026-08-06,121.54499816894531,英鎊,匯豐環球投資基金-環球基建股票-AMFLXOGBP,yfinance,股票型,全球市場,A0004 匯豐投信,匯豐
B170190,2026-08-07,122.7030029296875,英鎊,匯豐環球投資基金-環球基建股票-AMFLXOGBP,yfinance,股票型,全球市場,A0004 匯豐投信,匯豐
B170190,2026-08-10,121.08200073242188,英鎊,匯豐環球投資基金-環球基建股票-AMFLXOGBP,yfinance,股票型,全球市場,A0004 匯豐投信,匯豐
B170190,2026-08-11,121.12100219726562,英鎊,匯豐環球投資基金-環球基建股票-AMFLXOGBP,yfinance,股票型,全球市場,A0004 匯豐投信,匯豐
B170190,2026-08-12,122.625,英鎊,匯豐環球投資基金-環球基建股票-AMFLXOGBP,yfinance,股票型,全球市場,A0004 匯豐投信,匯豐
B170190,2026-08-13,122.28500366210938,英鎊,匯豐環球投資基金-環球基建股票-AMFLXOGBP,yfinance,股票型,全球市場,A0004 匯豐投信,匯豐
B170190,2026-08-14,122.4749984741211,英鎊,匯豐環球投資基金-環球基建股票-AMFLXOGBP,yfinance,股票型,全球市場,A0004 匯豐投信,匯豐
B170190,2026-08-17,121.61399841308594,英鎊,匯豐環球投資基金-環球基建股票-AMFLXOGBP,yfinance,股票型,全球市場,A0004 匯豐投信,匯豐
B310215,2026-01-02,6.712886810302734,美元,瀚亞投資-優質公司債基金T3dmc1(美元後收穩定月配),yfinance,債券型,美國,A0007 瀚亞投信,瀚亞投資(盧
B310215,2026-01-05,6.710027694702148,美元,瀚亞投資-優質公司債基金T3dmc1(美元後收穩定月配),yfinance,債券型,美國,A0007 瀚亞投信,瀚亞投資(盧
B310215,2026-01-06,6.715744972229004,美元,瀚亞投資-優質公司債基金T3dmc1(美元後收穩定月配),yfinance,債券型,美國,A0007 瀚亞投信,瀚亞投資(盧
B310215,2026-01-07,6.730991363525391,美元,瀚亞投資-優質公司債基金T3dmc1(美元後收穩定月配),yfinance,債券型,美國,A0007 瀚亞投信,瀚亞投資(盧
B310215,2026-01-08,6.714792728424072,美元,瀚亞投資-優質公司債基金T3dmc1(美元後收穩定月配),yfinance,債券型,美國,A0007 瀚亞投信,瀚亞投資(盧
B310215,2026-01-09,6.706216812133789,美元,瀚亞投資-優質公司債基金T3dmc1(美元後收穩定月配),yfinance,債券型,美國,A0007 瀚亞投信,瀚亞投資(盧
B310215,2026-01-12,6.714792728424072,美元,瀚亞投資-優質公司債基金T3dmc1(美元後收穩定月配),yfinance,債券型,美國,A0007 瀚亞投信,瀚亞投資(盧
B310215,2026-01-13,6.724320888519287,美元,瀚亞投資-優質公司債基金T3dmc1(美元後收穩定月配),yfinance,債券型,美國,A0007 瀚亞投信,瀚亞投資(盧
B310215,2026-01-14,6.733849048614502,美元,瀚亞投資-優質公司債基金T3dmc1(美元後收穩定月配),yfinance,債券型,美國,A0007 瀚亞投信,瀚亞投資(盧
B310215,2026-01-15,6.739566802978516,美元,瀚亞投資-優質公司債基金T3dmc1(美元後收穩定月配),yfinance,債券型,美國,A0007 瀚亞投信,瀚亞投資(盧
B310215,2026-01-16,6.7290849685668945,美元,瀚亞投資-優質公司債基金T3dmc1(美元後收穩定月配),yfinance,債券型,美國,A0007 瀚亞投信,瀚亞投資(盧
B310215,2026-01-20,6.6938300132751465,美元,瀚亞投資-優質公司債基金T3dmc1(美元後收穩定月配),yfinance,債券型,美國,A0007 瀚亞投信,瀚亞投資(盧
B310215,2026-01-21,6.688112735748291,美元,瀚亞投資-優質公司債基金T3dmc1(美元後收穩定月配),yfinance,債券型,美國,A0007 瀚亞投信,瀚亞投資(盧
B310215,2026-01-22,6.705264091491699,美元,瀚亞投資-優質公司債基金T3dmc1(美元後收穩定月配),yfinance,債券型,美國,A0007 瀚亞投信,瀚亞投資(盧
B310215,2026-01-23,6.728132247924805,美元,瀚亞投資-優質公司債基金T3dmc1(美元後收穩定月配),yfinance,債券型,美國,A0007 瀚亞投信,瀚亞投資(盧
B310215,2026-01-26,6.738614559173584,美元,瀚亞投資-優質公司債基金T3dmc1(美元後收穩定月配),yfinance,債券型,美國,A0007 瀚亞投信,瀚亞投資(盧
B310215,2026-01-27,6.730038642883301,美元,瀚亞投資-優質公司債基金T3dmc1(美元後收穩定月配),yfinance,債券型,美國,A0007 瀚亞投信,瀚亞投資(盧
B310215,2026-01-28,6.716697692871094,美元,瀚亞投資-優質公司債基金T3dmc1(美元後收穩定月配),yfinance,債券型,美國,A0007 瀚亞投信,瀚亞投資(盧
B310215,2026-01-29,6.718603610992432,美元,瀚亞投資-優質公司債基金T3dmc1(美元後收穩定月配),yfinance,債券型,美國,A0007 瀚亞投信,瀚亞投資(盧
B310215,2026-01-30,6.718603610992432,美元,瀚亞投資-優質公司債基金T3dmc1(美元後收穩定月配),yfinance,債券型,美國,A0007 瀚亞投信,瀚亞投資(盧
B310215,2026-02-02,6.719564914703369,美元,瀚亞投資-優質公司債基金T3dmc1(美元後收穩定月配),yfinance,債券型,美國,A0007 瀚亞投信,瀚亞投資(盧
B310215,2026-02-03,6.713802337646484,美元,瀚亞投資-優質公司債基金T3dmc1(美元後收穩定月配),yfinance,債券型,美國,A0007 瀚亞投信,瀚亞投資(盧
B310215,2026-02-04,6.710921287536621,美元,瀚亞投資-優質公司債基金T3dmc1(美元後收穩定月配),yfinance,債券型,美國,A0007 瀚亞投信,瀚亞投資(盧
B310215,2026-02-05,6.723405838012695,美元,瀚亞投資-優質公司債基金T3dmc1(美元後收穩定月配),yfinance,債券型,美國,A0007 瀚亞投信,瀚亞投資(盧
B310215,2026-02-06,6.730128288269043,美元,瀚亞投資-優質公司債基金T3dmc1(美元後收穩定月配),yfinance,債券型,美國,A0007 瀚亞投信,瀚亞投資(盧
B310215,2026-02-09,6.729167938232422,美元,瀚亞投資-優質公司債基金T3dmc1(美元後收穩定月配),yfinance,債券型,美國,A0007 瀚亞投信,瀚亞投資(盧
B310215,2026-02-10,6.762779712677002,美元,瀚亞投資-優質公司債基金T3dmc1(美元後收穩定月配),yfinance,債券型,美國,A0007 瀚亞投信,瀚亞投資(盧
B310215,2026-02-11,6.740692138671875,美元,瀚亞投資-優質公司債基金T3dmc1(美元後收穩定月配),yfinance,債券型,美國,A0007 瀚亞投信,瀚亞投資(盧
B310215,2026-02-12,6.759899616241455,美元,瀚亞投資-優質公司債基金T3dmc1(美元後收穩定月配),yfinance,債券型,美國,A0007 瀚亞投信,瀚亞投資(盧
B310215,2026-02-13,6.796392440795898,美元,瀚亞投資-優質公司債基金T3dmc1(美元後收穩定月配),yfinance,債券型,美國,A0007 瀚亞投信,瀚亞投資(盧
B310215,2026-02-17,6.794471263885498,美元,瀚亞投資-優質公司債基金T3dmc1(美元後收穩定月配),yfinance,債券型,美國,A0007 瀚亞投信,瀚亞投資(盧
B310215,2026-02-18,6.781986713409424,美元,瀚亞投資-優質公司債基金T3dmc1(美元後收穩定月配),yfinance,債券型,美國,A0007 瀚亞投信,瀚亞投資(盧
B310215,2026-02-19,6.779106140136719,美元,瀚亞投資-優質公司債基金T3dmc1(美元後收穩定月配),yfinance,債券型,美國,A0007 瀚亞投信,瀚亞投資(盧
B310215,2026-02-20,6.78774881362915,美元,瀚亞投資-優質公司債基金T3dmc1(美元後收穩定月配),yfinance,債券型,美國,A0007 瀚亞投信,瀚亞投資(盧
B310215,2026-02-23,6.794471263885498,美元,瀚亞投資-優質公司債基金T3dmc1(美元後收穩定月配),yfinance,債券型,美國,A0007 瀚亞投信,瀚亞投資(盧
B310215,2026-02-24,6.794471263885498,美元,瀚亞投資-優質公司債基金T3dmc1(美元後收穩定月配),yfinance,債券型,美國,A0007 瀚亞投信,瀚亞投資(盧
B310215,2026-02-25,6.784868240356445,美元,瀚亞投資-優質公司債基金T3dmc1(美元後收穩定月配),yfinance,債券型,美國,A0007 瀚亞投信,瀚亞投資(盧
B310215,2026-02-26,6.802155017852783,美元,瀚亞投資-優質公司債基金T3dmc1(美元後收穩定月配),yfinance,債券型,美國,A0007 瀚亞投信,瀚亞投資(盧
B310215,2026-02-27,6.807916641235352,美元,瀚亞投資-優質公司債基金T3dmc1(美元後收穩定月配),yfinance,債券型,美國,A0007 瀚亞投信,瀚亞投資(盧
B310215,2026-03-02,6.772106170654297,美元,瀚亞投資-優質公司債基金T3dmc1(美元後收穩定月配),yfinance,債券型,美國,A0007 瀚亞投信,瀚亞投資(盧
B310215,2026-03-03,6.749845504760742,美元,瀚亞投資-優質公司債基金T3dmc1(美元後收穩定月配),yfinance,債券型,美國,A0007 瀚亞投信,瀚亞投資(盧
B310215,2026-03-04,6.760491847991943,美元,瀚亞投資-優質公司債基金T3dmc1(美元後收穩定月配),yfinance,債券型,美國,A0007 瀚亞投信,瀚亞投資(盧
B310215,2026-03-05,6.746941566467285,美元,瀚亞投資-優質公司債基金T3dmc1(美元後收穩定月配),yfinance,債券型,美國,A0007 瀚亞投信,瀚亞投資(盧
B310215,2026-03-06,6.736295223236084,美元,瀚亞投資-優質公司債基金T3dmc1(美元後收穩定月配),yfinance,債券型,美國,A0007 瀚亞投信,瀚亞投資(盧
B310215,2026-03-09,6.730487823486328,美元,瀚亞投資-優質公司債基金T3dmc1(美元後收穩定月配),yfinance,債券型,美國,A0007 瀚亞投信,瀚亞投資(盧
B310215,2026-03-10,6.749845504760742,美元,瀚亞投資-優質公司債基金T3dmc1(美元後收穩定月配),yfinance,債券型,美國,A0007 瀚亞投信,瀚亞投資(盧
B310215,2026-03-11,6.711130619049072,美元,瀚亞投資-優質公司債基金T3dmc1(美元後收穩定月配),yfinance,債券型,美國,A0007 瀚亞投信,瀚亞投資(盧
B310215,2026-03-12,6.687901973724365,美元,瀚亞投資-優質公司債基金T3dmc1(美元後收穩定月配),yfinance,債券型,美國,A0007 瀚亞投信,瀚亞投資(盧
B310215,2026-03-13,6.664673328399658,美元,瀚亞投資-優質公司債基金T3dmc1(美元後收穩定月配),yfinance,債券型,美國,A0007 瀚亞投信,瀚亞投資(盧
B310215,2026-03-16,6.6695122718811035,美元,瀚亞投資-優質公司債基金T3dmc1(美元後收穩定月配),yfinance,債券型,美國,A0007 瀚亞投信,瀚亞投資(盧
B310215,2026-03-17,6.678223609924316,美元,瀚亞投資-優質公司債基金T3dmc1(美元後收穩定月配),yfinance,債券型,美國,A0007 瀚亞投信,瀚亞投資(盧
B310215,2026-03-18,6.676287651062012,美元,瀚亞投資-優質公司債基金T3dmc1(美元後收穩定月配),yfinance,債券型,美國,A0007 瀚亞投信,瀚亞投資(盧
B310215,2026-03-19,6.662737846374512,美元,瀚亞投資-優質公司債基金T3dmc1(美元後收穩定月配),yfinance,債券型,美國,A0007 瀚亞投信,瀚亞投資(盧
B310215,2026-03-20,6.6220879554748535,美元,瀚亞投資-優質公司債基金T3dmc1(美元後收穩定月配),yfinance,債券型,美國,A0007 瀚亞投信,瀚亞投資(盧
B310215,2026-03-23,6.648220062255859,美元,瀚亞投資-優質公司債基金T3dmc1(美元後收穩定月配),yfinance,債券型,美國,A0007 瀚亞投信,瀚亞投資(盧
B310215,2026-03-24,6.639509677886963,美元,瀚亞投資-優質公司債基金T3dmc1(美元後收穩定月配),yfinance,債券型,美國,A0007 瀚亞投信,瀚亞投資(盧
B310215,2026-03-25,6.668544769287109,美元,瀚亞投資-優質公司債基金T3dmc1(美元後收穩定月配),yfinance,債券型,美國,A0007 瀚亞投信,瀚亞投資(盧
B310215,2026-03-26,6.6424126625061035,美元,瀚亞投資-優質公司債基金T3dmc1(美元後收穩定月配),yfinance,債券型,美國,A0007 瀚亞投信,瀚亞投資(盧
B310215,2026-03-27,6.615312576293945,美元,瀚亞投資-優質公司債基金T3dmc1(美元後收穩定月配),yfinance,債券型,美國,A0007 瀚亞投信,瀚亞投資(盧
B310215,2026-03-30,6.6453166007995605,美元,瀚亞投資-優質公司債基金T3dmc1(美元後收穩定月配),yfinance,債券型,美國,A0007 瀚亞投信,瀚亞投資(盧
B310215,2026-03-31,6.653059005737305,美元,瀚亞投資-優質公司債基金T3dmc1(美元後收穩定月配),yfinance,債券型,美國,A0007 瀚亞投信,瀚亞投資(盧
B310215,2026-04-01,6.661840438842773,美元,瀚亞投資-優質公司債基金T3dmc1(美元後收穩定月配),yfinance,債券型,美國,A0007 瀚亞投信,瀚亞投資(盧
B310215,2026-04-02,6.672572612762451,美元,瀚亞投資-優質公司債基金T3dmc1(美元後收穩定月配),yfinance,債券型,美國,A0007 瀚亞投信,瀚亞投資(盧
B310215,2026-04-07,6.680377960205078,美元,瀚亞投資-優質公司債基金T3dmc1(美元後收穩定月配),yfinance,債券型,美國,A0007 瀚亞投信,瀚亞投資(盧
B310215,2026-04-08,6.716477394104004,美元,瀚亞投資-優質公司債基金T3dmc1(美元後收穩定月配),yfinance,債券型,美國,A0007 瀚亞投信,瀚亞投資(盧
B310215,2026-04-09,6.704769611358643,美元,瀚亞投資-優質公司債基金T3dmc1(美元後收穩定月配),yfinance,債券型,美國,A0007 瀚亞投信,瀚亞投資(盧
B310215,2026-04-10,6.701842308044434,美元,瀚亞投資-優質公司債基金T3dmc1(美元後收穩定月配),yfinance,債券型,美國,A0007 瀚亞投信,瀚亞投資(盧
B310215,2026-04-13,6.704769611358643,美元,瀚亞投資-優質公司債基金T3dmc1(美元後收穩定月配),yfinance,債券型,美國,A0007 瀚亞投信,瀚亞投資(盧
B310215,2026-04-14,6.7125749588012695,美元,瀚亞投資-優質公司債基金T3dmc1(美元後收穩定月配),yfinance,債券型,美國,A0007 瀚亞投信,瀚亞投資(盧
B310215,2026-04-15,6.730136394500732,美元,瀚亞投資-優質公司債基金T3dmc1(美元後收穩定月配),yfinance,債券型,美國,A0007 瀚亞投信,瀚亞投資(盧
B310215,2026-04-16,6.724282741546631,美元,瀚亞投資-優質公司債基金T3dmc1(美元後收穩定月配),yfinance,債券型,美國,A0007 瀚亞投信,瀚亞投資(盧
B310215,2026-04-17,6.738917350769043,美元,瀚亞投資-優質公司債基金T3dmc1(美元後收穩定月配),yfinance,債券型,美國,A0007 瀚亞投信,瀚亞投資(盧
B310215,2026-04-20,6.739893436431885,美元,瀚亞投資-優質公司債基金T3dmc1(美元後收穩定月配),yfinance,債券型,美國,A0007 瀚亞投信,瀚亞投資(盧
B310215,2026-04-21,6.733063697814941,美元,瀚亞投資-優質公司債基金T3dmc1(美元後收穩定月配),yfinance,債券型,美國,A0007 瀚亞投信,瀚亞投資(盧
B310215,2026-04-22,6.735014915466309,美元,瀚亞投資-優質公司債基金T3dmc1(美元後收穩定月配),yfinance,債券型,美國,A0007 瀚亞投信,瀚亞投資(盧
B310215,2026-04-23,6.730136394500732,美元,瀚亞投資-優質公司債基金T3dmc1(美元後收穩定月配),yfinance,債券型,美國,A0007 瀚亞投信,瀚亞投資(盧
B310215,2026-04-24,6.711599349975586,美元,瀚亞投資-優質公司債基金T3dmc1(美元後收穩定月配),yfinance,債券型,美國,A0007 瀚亞投信,瀚亞投資(盧
B310215,2026-04-27,6.717453479766846,美元,瀚亞投資-優質公司債基金T3dmc1(美元後收穩定月配),yfinance,債券型,美國,A0007 瀚亞投信,瀚亞投資(盧
B310215,2026-04-28,6.697939872741699,美元,瀚亞投資-優質公司債基金T3dmc1(美元後收穩定月配),yfinance,債券型,美國,A0007 瀚亞投信,瀚亞投資(盧
B310215,2026-04-29,6.6794023513793945,美元,瀚亞投資-優質公司債基金T3dmc1(美元後收穩定月配),yfinance,債券型,美國,A0007 瀚亞投信,瀚亞投資(盧
B310215,2026-04-30,6.683304309844971,美元,瀚亞投資-優質公司債基金T3dmc1(美元後收穩定月配),yfinance,債券型,美國,A0007 瀚亞投信,瀚亞投資(盧
B310215,2026-05-04,6.618910789489746,美元,瀚亞投資-優質公司債基金T3dmc1(美元後收穩定月配),yfinance,債券型,美國,A0007 瀚亞投信,瀚亞投資(盧
B310215,2026-05-05,6.616959571838379,美元,瀚亞投資-優質公司債基金T3dmc1(美元後收穩定月配),yfinance,債券型,美國,A0007 瀚亞投信,瀚亞投資(盧
B310215,2026-05-06,6.6540350914001465,美元,瀚亞投資-優質公司債基金T3dmc1(美元後收穩定月配),yfinance,債券型,美國,A0007 瀚亞投信,瀚亞投資(盧
B310215,2026-05-07,6.664766788482666,美元,瀚亞投資-優質公司債基金T3dmc1(美元後收穩定月配),yfinance,債券型,美國,A0007 瀚亞投信,瀚亞投資(盧
B310215,2026-05-08,6.6589131355285645,美元,瀚亞投資-優質公司債基金T3dmc1(美元後收穩定月配),yfinance,債券型,美國,A0007 瀚亞投信,瀚亞投資(盧
B310215,2026-05-11,6.646229267120361,美元,瀚亞投資-優質公司債基金T3dmc1(美元後收穩定月配),yfinance,債券型,美國,A0007 瀚亞投信,瀚亞投資(盧
B310215,2026-05-12,6.620862007141113,美元,瀚亞投資-優質公司債基金T3dmc1(美元後收穩定月配),yfinance,債券型,美國,A0007 瀚亞投信,瀚亞投資(盧
B310215,2026-05-13,6.620862007141113,美元,瀚亞投資-優質公司債基金T3dmc1(美元後收穩定月配),yfinance,債券型,美國,A0007 瀚亞投信,瀚亞投資(盧
B310215,2026-05-15,6.5818352699279785,美元,瀚亞投資-優質公司債基金T3dmc1(美元後收穩定月配),yfinance,債券型,美國,A0007 瀚亞投信,瀚亞投資(盧
B310215,2026-05-18,6.593543529510498,美元,瀚亞投資-優質公司債基金T3dmc1(美元後收穩定月配),yfinance,債券型,美國,A0007 瀚亞投信,瀚亞投資(盧
B310215,2026-05-19,6.563298225402832,美元,瀚亞投資-優質公司債基金T3dmc1(美元後收穩定月配),yfinance,債券型,美國,A0007 瀚亞投信,瀚亞投資(盧
B310215,2026-05-20,6.561346530914307,美元,瀚亞投資-優質公司債基金T3dmc1(美元後收穩定月配),yfinance,債券型,美國,A0007 瀚亞投信,瀚亞投資(盧
B310215,2026-05-21,6.578908920288086,美元,瀚亞投資-優質公司債基金T3dmc1(美元後收穩定月配),yfinance,債券型,美國,A0007 瀚亞投信,瀚亞投資(盧
B310215,2026-05-22,6.601348876953125,美元,瀚亞投資-優質公司債基金T3dmc1(美元後收穩定月配),yfinance,債券型,美國,A0007 瀚亞投信,瀚亞投資(盧
B310215,2026-05-26,6.630619049072266,美元,瀚亞投資-優質公司債基金T3dmc1(美元後收穩定月配),yfinance,債券型,美國,A0007 瀚亞投信,瀚亞投資(盧
B310215,2026-05-27,6.64037561416626,美元,瀚亞投資-優質公司債基金T3dmc1(美元後收穩定月配),yfinance,債券型,美國,A0007 瀚亞投信,瀚亞投資(盧
B310215,2026-05-28,6.635497093200684,美元,瀚亞投資-優質公司債基金T3dmc1(美元後收穩定月配),yfinance,債券型,美國,A0007 瀚亞投信,瀚亞投資(盧
B310215,2026-05-29,6.64915657043457,美元,瀚亞投資-優質公司債基金T3dmc1(美元後收穩定月配),yfinance,債券型,美國,A0007 瀚亞投信,瀚亞投資(盧
B310215,2026-06-01,6.635385513305664,美元,瀚亞投資-優質公司債基金T3dmc1(美元後收穩定月配),yfinance,債券型,美國,A0007 瀚亞投信,瀚亞投資(盧
B310215,2026-06-02,6.662927150726318,美元,瀚亞投資-優質公司債基金T3dmc1(美元後收穩定月配),yfinance,債券型,美國,A0007 瀚亞投信,瀚亞投資(盧
B310215,2026-06-03,6.642271041870117,美元,瀚亞投資-優質公司債基金T3dmc1(美元後收穩定月配),yfinance,債券型,美國,A0007 瀚亞投信,瀚亞投資(盧
B310215,2026-06-04,6.654074192047119,美元,瀚亞投資-優質公司債基金T3dmc1(美元後收穩定月配),yfinance,債券型,美國,A0007 瀚亞投信,瀚亞投資(盧
B310215,2026-06-05,6.62358283996582,美元,瀚亞投資-優質公司債基金T3dmc1(美元後收穩定月配),yfinance,債券型,美國,A0007 瀚亞投信,瀚亞投資(盧
B310215,2026-06-08,6.624566555023193,美元,瀚亞投資-優質公司債基金T3dmc1(美元後收穩定月配),yfinance,債券型,美國,A0007 瀚亞投信,瀚亞投資(盧
B310215,2026-06-09,6.619648456573486,美元,瀚亞投資-優質公司債基金T3dmc1(美元後收穩定月配),yfinance,債券型,美國,A0007 瀚亞投信,瀚亞投資(盧
B310215,2026-06-10,6.624566555023193,美元,瀚亞投資-優質公司債基金T3dmc1(美元後收穩定月配),yfinance,債券型,美國,A0007 瀚亞投信,瀚亞投資(盧
B310215,2026-06-11,6.631451606750488,美元,瀚亞投資-優質公司債基金T3dmc1(美元後收穩定月配),yfinance,債券型,美國,A0007 瀚亞投信,瀚亞投資(盧
B310215,2026-06-12,6.642271041870117,美元,瀚亞投資-優質公司債基金T3dmc1(美元後收穩定月配),yfinance,債券型,美國,A0007 瀚亞投信,瀚亞投資(盧
B310215,2026-06-15,6.669812202453613,美元,瀚亞投資-優質公司債基金T3dmc1(美元後收穩定月配),yfinance,債券型,美國,A0007 瀚亞投信,瀚亞投資(盧
B310215,2026-06-16,6.663910388946533,美元,瀚亞投資-優質公司債基金T3dmc1(美元後收穩定月配),yfinance,債券型,美國,A0007 瀚亞投信,瀚亞投資(盧
B310215,2026-06-17,6.66882848739624,美元,瀚亞投資-優質公司債基金T3dmc1(美元後收穩定月配),yfinance,債券型,美國,A0007 瀚亞投信,瀚亞投資(盧
B310215,2026-06-18,6.66882848739624,美元,瀚亞投資-優質公司債基金T3dmc1(美元後收穩定月配),yfinance,債券型,美國,A0007 瀚亞投信,瀚亞投資(盧
B310215,2026-06-22,6.638336658477783,美元,瀚亞投資-優質公司債基金T3dmc1(美元後收穩定月配),yfinance,債券型,美國,A0007 瀚亞投信,瀚亞投資(盧
B310215,2026-06-24,6.675714015960693,美元,瀚亞投資-優質公司債基金T3dmc1(美元後收穩定月配),yfinance,債券型,美國,A0007 瀚亞投信,瀚亞投資(盧
B310215,2026-06-25,6.690467834472656,美元,瀚亞投資-優質公司債基金T3dmc1(美元後收穩定月配),yfinance,債券型,美國,A0007 瀚亞投信,瀚亞投資(盧
B310215,2026-06-26,6.676697254180908,美元,瀚亞投資-優質公司債基金T3dmc1(美元後收穩定月配),yfinance,債券型,美國,A0007 瀚亞投信,瀚亞投資(盧
B310215,2026-06-29,6.682599067687988,美元,瀚亞投資-優質公司債基金T3dmc1(美元後收穩定月配),yfinance,債券型,美國,A0007 瀚亞投信,瀚亞投資(盧
B310215,2026-06-30,6.673746109008789,美元,瀚亞投資-優質公司債基金T3dmc1(美元後收穩定月配),yfinance,債券型,美國,A0007 瀚亞投信,瀚亞投資(盧
B310215,2026-07-01,6.645980358123779,美元,瀚亞投資-優質公司債基金T3dmc1(美元後收穩定月配),yfinance,債券型,美國,A0007 瀚亞投信,瀚亞投資(盧
B310215,2026-07-02,6.644989013671875,美元,瀚亞投資-優質公司債基金T3dmc1(美元後收穩定月配),yfinance,債券型,美國,A0007 瀚亞投信,瀚亞投資(盧
B310215,2026-07-06,6.649946689605713,美元,瀚亞投資-優質公司債基金T3dmc1(美元後收穩定月配),yfinance,債券型,美國,A0007 瀚亞投信,瀚亞投資(盧
B310215,2026-07-07,6.638046741485596,美元,瀚亞投資-優質公司債基金T3dmc1(美元後收穩定月配),yfinance,債券型,美國,A0007 瀚亞投信,瀚亞投資(盧
B310215,2026-07-08,6.604331016540527,美元,瀚亞投資-優質公司債基金T3dmc1(美元後收穩定月配),yfinance,債券型,美國,A0007 瀚亞投信,瀚亞投資(盧
B310215,2026-07-09,6.608297824859619,美元,瀚亞投資-優質公司債基金T3dmc1(美元後收穩定月配),yfinance,債券型,美國,A0007 瀚亞投信,瀚亞投資(盧
B310215,2026-07-10,6.609289646148682,美元,瀚亞投資-優質公司債基金T3dmc1(美元後收穩定月配),yfinance,債券型,美國,A0007 瀚亞投信,瀚亞投資(盧
B310215,2026-07-13,6.595406532287598,美元,瀚亞投資-優質公司債基金T3dmc1(美元後收穩定月配),yfinance,債券型,美國,A0007 瀚亞投信,瀚亞投資(盧
B310215,2026-07-14,6.59639835357666,美元,瀚亞投資-優質公司債基金T3dmc1(美元後收穩定月配),yfinance,債券型,美國,A0007 瀚亞投信,瀚亞投資(盧
B310215,2026-07-15,6.5973896980285645,美元,瀚亞投資-優質公司債基金T3dmc1(美元後收穩定月配),yfinance,債券型,美國,A0007 瀚亞投信,瀚亞投資(盧
B310215,2026-07-16,6.589456558227539,美元,瀚亞投資-優質公司債基金T3dmc1(美元後收穩定月配),yfinance,債券型,美國,A0007 瀚亞投信,瀚亞投資(盧
B310215,2026-07-17,6.618214130401611,美元,瀚亞投資-優質公司債基金T3dmc1(美元後收穩定月配),yfinance,債券型,美國,A0007 瀚亞投信,瀚亞投資(盧
B310215,2026-07-20,6.59639835357666,美元,瀚亞投資-優質公司債基金T3dmc1(美元後收穩定月配),yfinance,債券型,美國,A0007 瀚亞投信,瀚亞投資(盧
B310215,2026-07-21,6.574582099914551,美元,瀚亞投資-優質公司債基金T3dmc1(美元後收穩定月配),yfinance,債券型,美國,A0007 瀚亞投信,瀚亞投資(盧
B310215,2026-07-22,6.568632125854492,美元,瀚亞投資-優質公司債基金T3dmc1(美元後收穩定月配),yfinance,債券型,美國,A0007 瀚亞投信,瀚亞投資(盧
B310215,2026-07-23,6.542849540710449,美元,瀚亞投資-優質公司債基金T3dmc1(美元後收穩定月配),yfinance,債券型,美國,A0007 瀚亞投信,瀚亞投資(盧
B310215,2026-07-24,6.550782680511475,美元,瀚亞投資-優質公司債基金T3dmc1(美元後收穩定月配),yfinance,債券型,美國,A0007 瀚亞投信,瀚亞投資(盧
B310215,2026-07-27,6.552765846252441,美元,瀚亞投資-優質公司債基金T3dmc1(美元後收穩定月配),yfinance,債券型,美國,A0007 瀚亞投信,瀚亞投資(盧
B310215,2026-07-28,6.566648960113525,美元,瀚亞投資-優質公司債基金T3dmc1(美元後收穩定月配),yfinance,債券型,美國,A0007 瀚亞投信,瀚亞投資(盧
B310215,2026-07-29,6.561690807342529,美元,瀚亞投資-優質公司債基金T3dmc1(美元後收穩定月配),yfinance,債券型,美國,A0007 瀚亞投信,瀚亞投資(盧
B310215,2026-07-30,6.538882732391357,美元,瀚亞投資-優質公司債基金T3dmc1(美元後收穩定月配),yfinance,債券型,美國,A0007 瀚亞投信,瀚亞投資(盧
B310215,2026-07-31,6.525000095367432,美元,瀚亞投資-優質公司債基金T3dmc1(美元後收穩定月配),yfinance,債券型,美國,A0007 瀚亞投信,瀚亞投資(盧
B310215,2026-08-03,6.546999931335449,美元,瀚亞投資-優質公司債基金T3dmc1(美元後收穩定月配),yfinance,債券型,美國,A0007 瀚亞投信,瀚亞投資(盧
B310215,2026-08-04,6.573999881744385,美元,瀚亞投資-優質公司債基金T3dmc1(美元後收穩定月配),yfinance,債券型,美國,A0007 瀚亞投信,瀚亞投資(盧
B310215,2026-08-05,6.578999996185303,美元,瀚亞投資-優質公司債基金T3dmc1(美元後收穩定月配),yfinance,債券型,美國,A0007 瀚亞投信,瀚亞投資(盧
B310215,2026-08-06,6.578999996185303,美元,瀚亞投資-優質公司債基金T3dmc1(美元後收穩定月配),yfinance,債券型,美國,A0007 瀚亞投信,瀚亞投資(盧
B310215,2026-08-07,6.579999923706055,美元,瀚亞投資-優質公司債基金T3dmc1(美元後收穩定月配),yfinance,債券型,美國,A0007 瀚亞投信,瀚亞投資(盧
B310215,2026-08-10,6.559999942779541,美元,瀚亞投資-優質公司債基金T3dmc1(美元後收穩定月配),yfinance,債券型,美國,A0007 瀚亞投信,瀚亞投資(盧
B310215,2026-08-11,6.560999870300293,美元,瀚亞投資-優質公司債基金T3dmc1(美元後收穩定月配),yfinance,債券型,美國,A0007 瀚亞投信,瀚亞投資(盧
B310215,2026-08-12,6.565000057220459,美元,瀚亞投資-優質公司債基金T3dmc1(美元後收穩定月配),yfinance,債券型,美國,A0007 瀚亞投信,瀚亞投資(盧
B310215,2026-08-13,6.581999778747559,美元,瀚亞投資-優質公司債基金T3dmc1(美元後收穩定月配),yfinance,債券型,美國,A0007 瀚亞投信,瀚亞投資(盧
B310215,2026-08-14,6.571000099182129,美元,瀚亞投資-優質公司債基金T3dmc1(美元後收穩定月配),yfinance,債券型,美國,A0007 瀚亞投信,瀚亞投資(盧
B310215,2026-08-17,6.554999828338623,美元,瀚亞投資-優質公司債基金T3dmc1(美元後收穩定月配),yfinance,債券型,美國,A0007 瀚亞投信,瀚亞投資(盧
B310215,2026-08-18,6.540999889373779,美元,瀚亞投資-優質公司債基金T3dmc1(美元後收穩定月配),yfinance,債券型,美國,A0007 瀚亞投信,瀚亞投資(盧
B170184,2026-01-02,11.76951789855957,美元,匯豐環球投資基金-環球基建股票-AM2,yfinance,股票型,全球市場,A0004 匯豐投信,匯豐
B170184,2026-01-05,11.619568824768066,美元,匯豐環球投資基金-環球基建股票-AM2,yfinance,股票型,全球市場,A0004 匯豐投信,匯豐
B170184,2026-01-06,11.715615272521973,美元,匯豐環球投資基金-環球基建股票-AM2,yfinance,股票型,全球市場,A0004 匯豐投信,匯豐
B170184,2026-01-07,11.672492027282715,美元,匯豐環球投資基金-環球基建股票-AM2,yfinance,股票型,全球市場,A0004 匯豐投信,匯豐
B170184,2026-01-08,11.639171600341797,美元,匯豐環球投資基金-環球基建股票-AM2,yfinance,股票型,全球市場,A0004 匯豐投信,匯豐
B170184,2026-01-09,11.682292938232422,美元,匯豐環球投資基金-環球基建股票-AM2,yfinance,股票型,全球市場,A0004 匯豐投信,匯豐
B170184,2026-01-12,11.649950981140137,美元,匯豐環球投資基金-環球基建股票-AM2,yfinance,股票型,全球市場,A0004 匯豐投信,匯豐
B170184,2026-01-13,11.625450134277344,美元,匯豐環球投資基金-環球基建股票-AM2,yfinance,股票型,全球市場,A0004 匯豐投信,匯豐
B170184,2026-01-14,11.779317855834961,美元,匯豐環球投資基金-環球基建股票-AM2,yfinance,股票型,全球市場,A0004 匯豐投信,匯豐
B170184,2026-01-15,11.824400901794434,美元,匯豐環球投資基金-環球基建股票-AM2,yfinance,股票型,全球市場,A0004 匯豐投信,匯豐
B170184,2026-01-16,11.863603591918945,美元,匯豐環球投資基金-環球基建股票-AM2,yfinance,股票型,全球市場,A0004 匯豐投信,匯豐
B170184,2026-01-20,11.880265235900879,美元,匯豐環球投資基金-環球基建股票-AM2,yfinance,股票型,全球市場,A0004 匯豐投信,匯豐
B170184,2026-01-21,11.813620567321777,美元,匯豐環球投資基金-環球基建股票-AM2,yfinance,股票型,全球市場,A0004 匯豐投信,匯豐
B170184,2026-01-22,11.909667015075684,美元,匯豐環球投資基金-環球基建股票-AM2,yfinance,股票型,全球市場,A0004 匯豐投信,匯豐
B170184,2026-01-23,11.87928581237793,美元,匯豐環球投資基金-環球基建股票-AM2,yfinance,股票型,全球市場,A0004 匯豐投信,匯豐
B170184,2026-01-26,12.010612487792969,美元,匯豐環球投資基金-環球基建股票-AM2,yfinance,股票型,全球市場,A0004 匯豐投信,匯豐
B170184,2026-01-27,12.074315071105957,美元,匯豐環球投資基金-環球基建股票-AM2,yfinance,股票型,全球市場,A0004 匯豐投信,匯豐
B170184,2026-01-28,12.169382095336914,美元,匯豐環球投資基金-環球基建股票-AM2,yfinance,股票型,全球市場,A0004 匯豐投信,匯豐
B170184,2026-01-29,12.19388484954834,美元,匯豐環球投資基金-環球基建股票-AM2,yfinance,股票型,全球市場,A0004 匯豐投信,匯豐
B170184,2026-01-30,12.163854598999023,美元,匯豐環球投資基金-環球基建股票-AM2,yfinance,股票型,全球市場,A0004 匯豐投信,匯豐
B170184,2026-02-02,12.081287384033203,美元,匯豐環球投資基金-環球基建股票-AM2,yfinance,股票型,全球市場,A0004 匯豐投信,匯豐
B170184,2026-02-03,12.149109840393066,美元,匯豐環球投資基金-環球基建股票-AM2,yfinance,股票型,全球市場,A0004 匯豐投信,匯豐
B170184,2026-02-04,12.295567512512207,美元,匯豐環球投資基金-環球基建股票-AM2,yfinance,股票型,全球市場,A0004 匯豐投信,匯豐
B170184,2026-02-05,12.246419906616211,美元,匯豐環球投資基金-環球基建股票-AM2,yfinance,股票型,全球市場,A0004 匯豐投信,匯豐
B170184,2026-02-06,12.409587860107422,美元,匯豐環球投資基金-環球基建股票-AM2,yfinance,股票型,全球市場,A0004 匯豐投信,匯豐
B170184,2026-02-09,12.440059661865234,美元,匯豐環球投資基金-環球基建股票-AM2,yfinance,股票型,全球市場,A0004 匯豐投信,匯豐
B170184,2026-02-10,12.627800941467285,美元,匯豐環球投資基金-環球基建股票-AM2,yfinance,股票型,全球市場,A0004 匯豐投信,匯豐
B170184,2026-02-11,12.73788833618164,美元,匯豐環球投資基金-環球基建股票-AM2,yfinance,股票型,全球市場,A0004 匯豐投信,匯豐
B170184,2026-02-12,13.028839111328125,美元,匯豐環球投資基金-環球基建股票-AM2,yfinance,股票型,全球市場,A0004 匯豐投信,匯豐
B170184,2026-02-13,13.119270324707031,美元,匯豐環球投資基金-環球基建股票-AM2,yfinance,股票型,全球市場,A0004 匯豐投信,匯豐
B170184,2026-02-17,13.143842697143555,美元,匯豐環球投資基金-環球基建股票-AM2,yfinance,股票型,全球市場,A0004 匯豐投信,匯豐
B170184,2026-02-18,13.135978698730469,美元,匯豐環球投資基金-環球基建股票-AM2,yfinance,股票型,全球市場,A0004 匯豐投信,匯豐
B170184,2026-02-19,13.119270324707031,美元,匯豐環球投資基金-環球基建股票-AM2,yfinance,股票型,全球市場,A0004 匯豐投信,匯豐
B170184,2026-02-20,13.141877174377441,美元,匯豐環球投資基金-環球基建股票-AM2,yfinance,股票型,全球市場,A0004 匯豐投信,匯豐
B170184,2026-02-23,13.25786304473877,美元,匯豐環球投資基金-環球基建股票-AM2,yfinance,股票型,全球市場,A0004 匯豐投信,匯豐
B170184,2026-02-24,13.236239433288574,美元,匯豐環球投資基金-環球基建股票-AM2,yfinance,股票型,全球市場,A0004 匯豐投信,匯豐
B170184,2026-02-25,13.21068286895752,美元,匯豐環球投資基金-環球基建股票-AM2,yfinance,股票型,全球市場,A0004 匯豐投信,匯豐
B170184,2026-02-26,13.362055778503418,美元,匯豐環球投資基金-環球基建股票-AM2,yfinance,股票型,全球市場,A0004 匯豐投信,匯豐
B170184,2026-02-27,13.533162117004395,美元,匯豐環球投資基金-環球基建股票-AM2,yfinance,股票型,全球市場,A0004 匯豐投信,匯豐
B170184,2026-03-02,13.48979663848877,美元,匯豐環球投資基金-環球基建股票-AM2,yfinance,股票型,全球市場,A0004 匯豐投信,匯豐
B170184,2026-03-03,13.2246732711792,美元,匯豐環球投資基金-環球基建股票-AM2,yfinance,股票型,全球市場,A0004 匯豐投信,匯豐
B170184,2026-03-04,13.311405181884766,美元,匯豐環球投資基金-環球基建股票-AM2,yfinance,股票型,全球市場,A0004 匯豐投信,匯豐
B170184,2026-03-05,13.178350448608398,美元,匯豐環球投資基金-環球基建股票-AM2,yfinance,股票型,全球市場,A0004 匯豐投信,匯豐
B170184,2026-03-06,13.114285469055176,美元,匯豐環球投資基金-環球基建股票-AM2,yfinance,股票型,全球市場,A0004 匯豐投信,匯豐
B170184,2026-03-09,13.113300323486328,美元,匯豐環球投資基金-環球基建股票-AM2,yfinance,股票型,全球市場,A0004 匯豐投信,匯豐
B170184,2026-03-10,13.160608291625977,美元,匯豐環球投資基金-環球基建股票-AM2,yfinance,股票型,全球市場,A0004 匯豐投信,匯豐
B170184,2026-03-11,13.08077621459961,美元,匯豐環球投資基金-環球基建股票-AM2,yfinance,股票型,全球市場,A0004 匯豐投信,匯豐
B170184,2026-03-12,13.126112937927246,美元,匯豐環球投資基金-環球基建股票-AM2,yfinance,股票型,全球市場,A0004 匯豐投信,匯豐
B170184,2026-03-13,13.040367126464844,美元,匯豐環球投資基金-環球基建股票-AM2,yfinance,股票型,全球市場,A0004 匯豐投信,匯豐
B170184,2026-03-16,13.106401443481445,美元,匯豐環球投資基金-環球基建股票-AM2,yfinance,股票型,全球市場,A0004 匯豐投信,匯豐
B170184,2026-03-17,13.229599952697754,美元,匯豐環球投資基金-環球基建股票-AM2,yfinance,股票型,全球市場,A0004 匯豐投信,匯豐
B170184,2026-03-18,13.021639823913574,美元,匯豐環球投資基金-環球基建股票-AM2,yfinance,股票型,全球市場,A0004 匯豐投信,匯豐
B170184,2026-03-19,13.020655632019043,美元,匯豐環球投資基金-環球基建股票-AM2,yfinance,股票型,全球市場,A0004 匯豐投信,匯豐
B170184,2026-03-20,12.798896789550781,美元,匯豐環球投資基金-環球基建股票-AM2,yfinance,股票型,全球市場,A0004 匯豐投信,匯豐
B170184,2026-03-23,12.744688987731934,美元,匯豐環球投資基金-環球基建股票-AM2,yfinance,股票型,全球市場,A0004 匯豐投信,匯豐
B170184,2026-03-24,12.930965423583984,美元,匯豐環球投資基金-環球基建股票-AM2,yfinance,股票型,全球市場,A0004 匯豐投信,匯豐
B170184,2026-03-25,12.920125007629395,美元,匯豐環球投資基金-環球基建股票-AM2,yfinance,股票型,全球市場,A0004 匯豐投信,匯豐
B170184,2026-03-26,12.917167663574219,美元,匯豐環球投資基金-環球基建股票-AM2,yfinance,股票型,全球市場,A0004 匯豐投信,匯豐
B170184,2026-03-27,12.954621315002441,美元,匯豐環球投資基金-環球基建股票-AM2,yfinance,股票型,全球市場,A0004 匯豐投信,匯豐
B170184,2026-03-30,13.040830612182617,美元,匯豐環球投資基金-環球基建股票-AM2,yfinance,股票型,全球市場,A0004 匯豐投信,匯豐
B170184,2026-03-31,12.972626686096191,美元,匯豐環球投資基金-環球基建股票-AM2,yfinance,股票型,全球市場,A0004 匯豐投信,匯豐
B170184,2026-04-01,13.052692413330078,美元,匯豐環球投資基金-環球基建股票-AM2,yfinance,股票型,全球市場,A0004 匯豐投信,匯豐
B170184,2026-04-02,13.156482696533203,美元,匯豐環球投資基金-環球基建股票-AM2,yfinance,股票型,全球市場,A0004 匯豐投信,匯豐
B170184,2026-04-07,13.27608585357666,美元,匯豐環球投資基金-環球基建股票-AM2,yfinance,股票型,全球市場,A0004 匯豐投信,匯豐
B170184,2026-04-08,13.2642240524292,美元,匯豐環球投資基金-環球基建股票-AM2,yfinance,股票型,全球市場,A0004 匯豐投信,匯豐
B170184,2026-04-09,13.494538307189941,美元,匯豐環球投資基金-環球基建股票-AM2,yfinance,股票型,全球市場,A0004 匯豐投信,匯豐
B170184,2026-04-10,13.40359878540039,美元,匯豐環球投資基金-環球基建股票-AM2,yfinance,股票型,全球市場,A0004 匯豐投信,匯豐
B170184,2026-04-13,13.206893920898438,美元,匯豐環球投資基金-環球基建股票-AM2,yfinance,股票型,全球市場,A0004 匯豐投信,匯豐
B170184,2026-04-14,13.126827239990234,美元,匯豐環球投資基金-環球基建股票-AM2,yfinance,股票型,全球市場,A0004 匯豐投信,匯豐
B170184,2026-04-15,13.076416969299316,美元,匯豐環球投資基金-環球基建股票-AM2,yfinance,股票型,全球市場,A0004 匯豐投信,匯豐
B170184,2026-04-16,13.020073890686035,美元,匯豐環球投資基金-環球基建股票-AM2,yfinance,股票型,全球市場,A0004 匯豐投信,匯豐
B170184,2026-04-17,12.931110382080078,美元,匯豐環球投資基金-環球基建股票-AM2,yfinance,股票型,全球市場,A0004 匯豐投信,匯豐
B170184,2026-04-20,13.025015830993652,美元,匯豐環球投資基金-環球基建股票-AM2,yfinance,股票型,全球市場,A0004 匯豐投信,匯豐
B170184,2026-04-21,12.866861343383789,美元,匯豐環球投資基金-環球基建股票-AM2,yfinance,股票型,全球市場,A0004 匯豐投信,匯豐
B170184,2026-04-22,12.857965469360352,美元,匯豐環球投資基金-環球基建股票-AM2,yfinance,股票型,全球市場,A0004 匯豐投信,匯豐
B170184,2026-04-23,12.90837574005127,美元,匯豐環球投資基金-環球基建股票-AM2,yfinance,股票型,全球市場,A0004 匯豐投信,匯豐
B170184,2026-04-24,12.884653091430664,美元,匯豐環球投資基金-環球基建股票-AM2,yfinance,股票型,全球市場,A0004 匯豐投信,匯豐
B170184,2026-04-27,12.896515846252441,美元,匯豐環球投資基金-環球基建股票-AM2,yfinance,股票型,全球市場,A0004 匯豐投信,匯豐
B170184,2026-04-28,12.955946922302246,美元,匯豐環球投資基金-環球基建股票-AM2,yfinance,股票型,全球市場,A0004 匯豐投信,匯豐
B170184,2026-04-29,12.874656677246094,美元,匯豐環球投資基金-環球基建股票-AM2,yfinance,股票型,全球市場,A0004 匯豐投信,匯豐
B170184,2026-04-30,13.186930656433105,美元,匯豐環球投資基金-環球基建股票-AM2,yfinance,股票型,全球市場,A0004 匯豐投信,匯豐
B170184,2026-05-04,13.183956146240234,美元,匯豐環球投資基金-環球基建股票-AM2,yfinance,股票型,全球市場,A0004 匯豐投信,匯豐
B170184,2026-05-05,13.03525447845459,美元,匯豐環球投資基金-環球基建股票-AM2,yfinance,股票型,全球市場,A0004 匯豐投信,匯豐
B170184,2026-05-06,13.071934700012207,美元,匯豐環球投資基金-環球基建股票-AM2,yfinance,股票型,全球市場,A0004 匯豐投信,匯豐
B170184,2026-05-07,12.999566078186035,美元,匯豐環球投資基金-環球基建股票-AM2,yfinance,股票型,全球市場,A0004 匯豐投信,匯豐
B170184,2026-05-08,12.945040702819824,美元,匯豐環球投資基金-環球基建股票-AM2,yfinance,股票型,全球市場,A0004 匯豐投信,匯豐
B170184,2026-05-11,12.998575210571289,美元,匯豐環球投資基金-環球基建股票-AM2,yfinance,股票型,全球市場,A0004 匯豐投信,匯豐
B170184,2026-05-12,12.990643501281738,美元,匯豐環球投資基金-環球基建股票-AM2,yfinance,股票型,全球市場,A0004 匯豐投信,匯豐
B170184,2026-05-13,12.925215721130371,美元,匯豐環球投資基金-環球基建股票-AM2,yfinance,股票型,全球市場,A0004 匯豐投信,匯豐
B170184,2026-05-15,12.86573314666748,美元,匯豐環球投資基金-環球基建股票-AM2,yfinance,股票型,全球市場,A0004 匯豐投信,匯豐
B170184,2026-05-19,13.147276878356934,美元,匯豐環球投資基金-環球基建股票-AM2,yfinance,股票型,全球市場,A0004 匯豐投信,匯豐
B170184,2026-05-20,13.210722923278809,美元,匯豐環球投資基金-環球基建股票-AM2,yfinance,股票型,全球市場,A0004 匯豐投信,匯豐
B170184,2026-05-21,13.223610877990723,美元,匯豐環球投資基金-環球基建股票-AM2,yfinance,股票型,全球市場,A0004 匯豐投信,匯豐
B170184,2026-05-22,13.163761138916016,美元,匯豐環球投資基金-環球基建股票-AM2,yfinance,股票型,全球市場,A0004 匯豐投信,匯豐
B170184,2026-05-26,13.230369567871094,美元,匯豐環球投資基金-環球基建股票-AM2,yfinance,股票型,全球市場,A0004 匯豐投信,匯豐
B170184,2026-05-27,13.13791275024414,美元,匯豐環球投資基金-環球基建股票-AM2,yfinance,股票型,全球市場,A0004 匯豐投信,匯豐
B170184,2026-05-28,13.087209701538086,美元,匯豐環球投資基金-環球基建股票-AM2,yfinance,股票型,全球市場,A0004 匯豐投信,匯豐
B170184,2026-05-29,13.011653900146484,美元,匯豐環球投資基金-環球基建股票-AM2,yfinance,股票型,全球市場,A0004 匯豐投信,匯豐
B170184,2026-06-01,12.914224624633789,美元,匯豐環球投資基金-環球基建股票-AM2,yfinance,股票型,全球市場,A0004 匯豐投信,匯豐
B170184,2026-06-02,13.00171184539795,美元,匯豐環球投資基金-環球基建股票-AM2,yfinance,股票型,全球市場,A0004 匯豐投信,匯豐
B170184,2026-06-03,13.093175888061523,美元,匯豐環球投資基金-環球基建股票-AM2,yfinance,股票型,全球市場,A0004 匯豐投信,匯豐
B170184,2026-06-04,12.995745658874512,美元,匯豐環球投資基金-環球基建股票-AM2,yfinance,股票型,全球市場,A0004 匯豐投信,匯豐
B170184,2026-06-05,13.18563175201416,美元,匯豐環球投資基金-環球基建股票-AM2,yfinance,股票型,全球市場,A0004 匯豐投信,匯豐
B170184,2026-06-08,13.021595001220703,美元,匯豐環球投資基金-環球基建股票-AM2,yfinance,股票型,全球市場,A0004 匯豐投信,匯豐
B170184,2026-06-09,12.951009750366211,美元,匯豐環球投資基金-環球基建股票-AM2,yfinance,股票型,全球市場,A0004 匯豐投信,匯豐
B170184,2026-06-10,13.031537055969238,美元,匯豐環球投資基金-環球基建股票-AM2,yfinance,股票型,全球市場,A0004 匯豐投信,匯豐
B170184,2026-06-11,12.99872875213623,美元,匯豐環球投資基金-環球基建股票-AM2,yfinance,股票型,全球市場,A0004 匯豐投信,匯豐
B170184,2026-06-12,13.11802864074707,美元,匯豐環球投資基金-環球基建股票-AM2,yfinance,股票型,全球市場,A0004 匯豐投信,匯豐
B170184,2026-06-15,13.03253173828125,美元,匯豐環球投資基金-環球基建股票-AM2,yfinance,股票型,全球市場,A0004 匯豐投信,匯豐
B170184,2026-06-16,13.0186128616333,美元,匯豐環球投資基金-環球基建股票-AM2,yfinance,股票型,全球市場,A0004 匯豐投信,匯豐
B170184,2026-06-17,12.9152193069458,美元,匯豐環球投資基金-環球基建股票-AM2,yfinance,股票型,全球市場,A0004 匯豐投信,匯豐
B170184,2026-06-18,12.782995223999023,美元,匯豐環球投資基金-環球基建股票-AM2,yfinance,股票型,全球市場,A0004 匯豐投信,匯豐
B170184,2026-06-22,12.780012130737305,美元,匯豐環球投資基金-環球基建股票-AM2,yfinance,股票型,全球市場,A0004 匯豐投信,匯豐
B170184,2026-06-24,12.834692001342773,美元,匯豐環球投資基金-環球基建股票-AM2,yfinance,股票型,全球市場,A0004 匯豐投信,匯豐
B170184,2026-06-25,12.919196128845215,美元,匯豐環球投資基金-環球基建股票-AM2,yfinance,股票型,全球市場,A0004 匯豐投信,匯豐
B170184,2026-06-26,12.99872875213623,美元,匯豐環球投資基金-環球基建股票-AM2,yfinance,股票型,全球市場,A0004 匯豐投信,匯豐
B170184,2026-06-29,12.930130958557129,美元,匯豐環球投資基金-環球基建股票-AM2,yfinance,股票型,全球市場,A0004 匯豐投信,匯豐
B170184,2026-06-30,12.85441780090332,美元,匯豐環球投資基金-環球基建股票-AM2,yfinance,股票型,全球市場,A0004 匯豐投信,匯豐
B170184,2026-07-02,12.8314847946167,美元,匯豐環球投資基金-環球基建股票-AM2,yfinance,股票型,全球市場,A0004 匯豐投信,匯豐
B170184,2026-07-06,12.880341529846191,美元,匯豐環球投資基金-環球基建股票-AM2,yfinance,股票型,全球市場,A0004 匯豐投信,匯豐
B170184,2026-07-07,13.065799713134766,美元,匯豐環球投資基金-環球基建股票-AM2,yfinance,股票型,全球市場,A0004 匯豐投信,匯豐
B170184,2026-07-08,12.987029075622559,美元,匯豐環球投資基金-環球基建股票-AM2,yfinance,股票型,全球市場,A0004 匯豐投信,匯豐
B170184,2026-07-09,12.985034942626953,美元,匯豐環球投資基金-環球基建股票-AM2,yfinance,股票型,全球市場,A0004 匯豐投信,匯豐
B170184,2026-07-10,12.9501371383667,美元,匯豐環球投資基金-環球基建股票-AM2,yfinance,股票型,全球市場,A0004 匯豐投信,匯豐
B170184,2026-07-13,13.117648124694824,美元,匯豐環球投資基金-環球基建股票-AM2,yfinance,股票型,全球市場,A0004 匯豐投信,匯豐
B170184,2026-07-14,13.130609512329102,美元,匯豐環球投資基金-環球基建股票-AM2,yfinance,股票型,全球市場,A0004 匯豐投信,匯豐
B170184,2026-07-15,13.147560119628906,美元,匯豐環球投資基金-環球基建股票-AM2,yfinance,股票型,全球市場,A0004 匯豐投信,匯豐
B170184,2026-07-16,13.112662315368652,美元,匯豐環球投資基金-環球基建股票-AM2,yfinance,股票型,全球市場,A0004 匯豐投信,匯豐
B170184,2026-07-17,13.21635913848877,美元,匯豐環球投資基金-環球基建股票-AM2,yfinance,股票型,全球市場,A0004 匯豐投信,匯豐
B170184,2026-07-20,13.17946720123291,美元,匯豐環球投資基金-環球基建股票-AM2,yfinance,股票型,全球市場,A0004 匯豐投信,匯豐
B170184,2026-07-21,12.953128814697266,美元,匯豐環球投資基金-環球基建股票-AM2,yfinance,股票型,全球市場,A0004 匯豐投信,匯豐
B170184,2026-07-22,13.151548385620117,美元,匯豐環球投資基金-環球基建股票-AM2,yfinance,股票型,全球市場,A0004 匯豐投信,匯豐
B170184,2026-07-23,13.23929214477539,美元,匯豐環球投資基金-環球基建股票-AM2,yfinance,股票型,全球市場,A0004 匯豐投信,匯豐
B170184,2026-07-24,13.232312202453613,美元,匯豐環球投資基金-環球基建股票-AM2,yfinance,股票型,全球市場,A0004 匯豐投信,匯豐
B170184,2026-07-27,13.096709251403809,美元,匯豐環球投資基金-環球基建股票-AM2,yfinance,股票型,全球市場,A0004 匯豐投信,匯豐
B170184,2026-07-28,13.215361595153809,美元,匯豐環球投資基金-環球基建股票-AM2,yfinance,股票型,全球市場,A0004 匯豐投信,匯豐
B170184,2026-07-29,13.123629570007324,美元,匯豐環球投資基金-環球基建股票-AM2,yfinance,股票型,全球市場,A0004 匯豐投信,匯豐
B170184,2026-07-30,13.191431045532227,美元,匯豐環球投資基金-環球基建股票-AM2,yfinance,股票型,全球市場,A0004 匯豐投信,匯豐
B170184,2026-07-31,13.156999588012695,美元,匯豐環球投資基金-環球基建股票-AM2,yfinance,股票型,全球市場,A0004 匯豐投信,匯豐
B170184,2026-08-04,12.947999954223633,美元,匯豐環球投資基金-環球基建股票-AM2,yfinance,股票型,全球市場,A0004 匯豐投信,匯豐
B170184,2026-08-05,12.843000411987305,美元,匯豐環球投資基金-環球基建股票-AM2,yfinance,股票型,全球市場,A0004 匯豐投信,匯豐
B170184,2026-08-06,12.925999641418457,美元,匯豐環球投資基金-環球基建股票-AM2,yfinance,股票型,全球市場,A0004 匯豐投信,匯豐
B170184,2026-08-07,13.048999786376953,美元,匯豐環球投資基金-環球基建股票-AM2,yfinance,股票型,全球市場,A0004 匯豐投信,匯豐
B170184,2026-08-10,12.87600040435791,美元,匯豐環球投資基金-環球基建股票-AM2,yfinance,股票型,全球市場,A0004 匯豐投信,匯豐
B170184,2026-08-11,12.880999565124512,美元,匯豐環球投資基金-環球基建股票-AM2,yfinance,股票型,全球市場,A0004 匯豐投信,匯豐
B170184,2026-08-12,13.041000366210938,美元,匯豐環球投資基金-環球基建股票-AM2,yfinance,股票型,全球市場,A0004 匯豐投信,匯豐
B170184,2026-08-13,13.005000114440918,美元,匯豐環球投資基金-環球基建股票-AM2,yfinance,股票型,全球市場,A0004 匯豐投信,匯豐
B170184,2026-08-14,13.024999618530273,美元,匯豐環球投資基金-環球基建股票-AM2,yfinance,股票型,全球市場,A0004 匯豐投信,匯豐
B170184,2026-08-17,12.932999610900879,美元,匯豐環球投資基金-環球基建股票-AM2,yfinance,股票型,全球市場,A0004 匯豐投信,匯豐
B090467,2026-01-02,11.34721565246582,美元,貝萊德全球股票收益基金A10美元(總報酬穩定配息),yfinance,股票型,全球市場,A0031 貝萊德投信,貝萊德
B090467,2026-01-05,11.394733428955078,美元,貝萊德全球股票收益基金A10美元(總報酬穩定配息),yfinance,股票型,全球市場,A0031 貝萊德投信,貝萊德
B090467,2026-01-06,11.45175552368164,美元,貝萊德全球股票收益基金A10美元(總報酬穩定配息),yfinance,股票型,全球市場,A0031 貝萊德投信,貝萊德
B090467,2026-01-07,11.442251205444336,美元,貝萊德全球股票收益基金A10美元(總報酬穩定配息),yfinance,股票型,全球市場,A0031 貝萊德投信,貝萊德
B090467,2026-01-08,11.404237747192383,美元,貝萊德全球股票收益基金A10美元(總報酬穩定配息),yfinance,股票型,全球市場,A0031 貝萊德投信,貝萊德
B090467,2026-01-09,11.489768981933594,美元,貝萊德全球股票收益基金A10美元(總報酬穩定配息),yfinance,股票型,全球市場,A0031 貝萊德投信,貝萊德
B090467,2026-01-12,11.575302124023438,美元,貝萊德全球股票收益基金A10美元(總報酬穩定配息),yfinance,股票型,全球市場,A0031 貝萊德投信,貝萊德
B090467,2026-01-13,11.59430980682373,美元,貝萊德全球股票收益基金A10美元(總報酬穩定配息),yfinance,股票型,全球市場,A0031 貝萊德投信,貝萊德
B090467,2026-01-14,11.565797805786133,美元,貝萊德全球股票收益基金A10美元(總報酬穩定配息),yfinance,股票型,全球市場,A0031 貝萊德投信,貝萊德
B090467,2026-01-15,11.632323265075684,美元,貝萊德全球股票收益基金A10美元(總報酬穩定配息),yfinance,股票型,全球市場,A0031 貝萊德投信,貝萊德
B090467,2026-01-16,11.58480453491211,美元,貝萊德全球股票收益基金A10美元(總報酬穩定配息),yfinance,股票型,全球市場,A0031 貝萊德投信,貝萊德
B090467,2026-01-20,11.508776664733887,美元,貝萊德全球股票收益基金A10美元(總報酬穩定配息),yfinance,股票型,全球市場,A0031 貝萊德投信,貝萊德
B090467,2026-01-21,11.527783393859863,美元,貝萊德全球股票收益基金A10美元(總報酬穩定配息),yfinance,股票型,全球市場,A0031 貝萊德投信,貝萊德
B090467,2026-01-22,11.622818946838379,美元,貝萊德全球股票收益基金A10美元(總報酬穩定配息),yfinance,股票型,全球市場,A0031 貝萊德投信,貝萊德
B090467,2026-01-23,11.603812217712402,美元,貝萊德全球股票收益基金A10美元(總報酬穩定配息),yfinance,股票型,全球市場,A0031 貝萊德投信,貝萊德
B090467,2026-01-26,11.70835018157959,美元,貝萊德全球股票收益基金A10美元(總報酬穩定配息),yfinance,股票型,全球市場,A0031 貝萊德投信,貝萊德
B090467,2026-01-27,11.746365547180176,美元,貝萊德全球股票收益基金A10美元(總報酬穩定配息),yfinance,股票型,全球市場,A0031 貝萊德投信,貝萊德
B090467,2026-01-28,11.72735595703125,美元,貝萊德全球股票收益基金A10美元(總報酬穩定配息),yfinance,股票型,全球市場,A0031 貝萊德投信,貝萊德
B090467,2026-01-29,11.660834312438965,美元,貝萊德全球股票收益基金A10美元(總報酬穩定配息),yfinance,股票型,全球市場,A0031 貝萊德投信,貝萊德
B090467,2026-01-30,11.669927597045898,美元,貝萊德全球股票收益基金A10美元(總報酬穩定配息),yfinance,股票型,全球市場,A0031 貝萊德投信,貝萊德
B090467,2026-02-02,11.679502487182617,美元,貝萊德全球股票收益基金A10美元(總報酬穩定配息),yfinance,股票型,全球市場,A0031 貝萊德投信,貝萊德
B090467,2026-02-03,11.650781631469727,美元,貝萊德全球股票收益基金A10美元(總報酬穩定配息),yfinance,股票型,全球市場,A0031 貝萊德投信,貝萊德
B090467,2026-02-04,11.650781631469727,美元,貝萊德全球股票收益基金A10美元(總報酬穩定配息),yfinance,股票型,全球市場,A0031 貝萊德投信,貝萊德
B090467,2026-02-05,11.564620971679688,美元,貝萊德全球股票收益基金A10美元(總報酬穩定配息),yfinance,股票型,全球市場,A0031 貝萊德投信,貝萊德
B090467,2026-02-06,11.708221435546875,美元,貝萊德全球股票收益基金A10美元(總報酬穩定配息),yfinance,股票型,全球市場,A0031 貝萊德投信,貝萊德
B090467,2026-02-09,11.746516227722168,美元,貝萊德全球股票收益基金A10美元(總報酬穩定配息),yfinance,股票型,全球市場,A0031 貝萊德投信,貝萊德
B090467,2026-02-10,11.880541801452637,美元,貝萊德全球股票收益基金A10美元(總報酬穩定配息),yfinance,股票型,全球市場,A0031 貝萊德投信,貝萊德
B090467,2026-02-11,11.870967864990234,美元,貝萊德全球股票收益基金A10美元(總報酬穩定配息),yfinance,股票型,全球市場,A0031 貝萊德投信,貝萊德
B090467,2026-02-12,11.83267593383789,美元,貝萊德全球股票收益基金A10美元(總報酬穩定配息),yfinance,股票型,全球市場,A0031 貝萊德投信,貝萊德
B090467,2026-02-13,11.679502487182617,美元,貝萊德全球股票收益基金A10美元(總報酬穩定配息),yfinance,股票型,全球市場,A0031 貝萊德投信,貝萊德
B090467,2026-02-17,11.631633758544922,美元,貝萊德全球股票收益基金A10美元(總報酬穩定配息),yfinance,股票型,全球市場,A0031 貝萊德投信,貝萊德
B090467,2026-02-18,11.765661239624023,美元,貝萊德全球股票收益基金A10美元(總報酬穩定配息),yfinance,股票型,全球市場,A0031 貝萊德投信,貝萊德
B090467,2026-02-19,11.727368354797363,美元,貝萊德全球股票收益基金A10美元(總報酬穩定配息),yfinance,股票型,全球市場,A0031 貝萊德投信,貝萊德
B090467,2026-02-20,11.746516227722168,美元,貝萊德全球股票收益基金A10美元(總報酬穩定配息),yfinance,股票型,全球市場,A0031 貝萊德投信,貝萊德
B090467,2026-02-23,11.794381141662598,美元,貝萊德全球股票收益基金A10美元(總報酬穩定配息),yfinance,股票型,全球市場,A0031 貝萊德投信,貝萊德
B090467,2026-02-24,11.736942291259766,美元,貝萊德全球股票收益基金A10美元(總報酬穩定配息),yfinance,股票型,全球市場,A0031 貝萊德投信,貝萊德
B090467,2026-02-25,11.84224796295166,美元,貝萊德全球股票收益基金A10美元(總報酬穩定配息),yfinance,股票型,全球市場,A0031 貝萊德投信,貝萊德
B090467,2026-02-26,11.861395835876465,美元,貝萊德全球股票收益基金A10美元(總報酬穩定配息),yfinance,股票型,全球市場,A0031 貝萊德投信,貝萊德
B090467,2026-02-27,11.831984519958496,美元,貝萊德全球股票收益基金A10美元(總報酬穩定配息),yfinance,股票型,全球市場,A0031 貝萊德投信,貝萊德
B090467,2026-03-02,11.754839897155762,美元,貝萊德全球股票收益基金A10美元(總報酬穩定配息),yfinance,股票型,全球市場,A0031 貝萊德投信,貝萊德
B090467,2026-03-03,11.398048400878906,美元,貝萊德全球股票收益基金A10美元(總報酬穩定配息),yfinance,股票型,全球市場,A0031 貝萊德投信,貝萊德
B090467,2026-03-04,11.523406982421875,美元,貝萊德全球股票收益基金A10美元(總報酬穩定配息),yfinance,股票型,全球市場,A0031 貝萊德投信,貝萊德
B090467,2026-03-05,11.523406982421875,美元,貝萊德全球股票收益基金A10美元(總報酬穩定配息),yfinance,股票型,全球市場,A0031 貝萊德投信,貝萊德
B090467,2026-03-06,11.272687911987305,美元,貝萊德全球股票收益基金A10美元(總報酬穩定配息),yfinance,股票型,全球市場,A0031 貝萊德投信,貝萊德
B090467,2026-03-09,11.19554328918457,美元,貝萊德全球股票收益基金A10美元(總報酬穩定配息),yfinance,股票型,全球市場,A0031 貝萊德投信,貝萊德
B090467,2026-03-10,11.465550422668457,美元,貝萊德全球股票收益基金A10美元(總報酬穩定配息),yfinance,股票型,全球市場,A0031 貝萊德投信,貝萊德
B090467,2026-03-11,11.407690048217773,美元,貝萊德全球股票收益基金A10美元(總報酬穩定配息),yfinance,股票型,全球市場,A0031 貝萊德投信,貝萊德
B090467,2026-03-12,11.253403663635254,美元,貝萊德全球股票收益基金A10美元(總報酬穩定配息),yfinance,股票型,全球市場,A0031 貝萊德投信,貝萊德
B090467,2026-03-13,11.166614532470703,美元,貝萊德全球股票收益基金A10美元(總報酬穩定配息),yfinance,股票型,全球市場,A0031 貝萊德投信,貝萊德
B090467,2026-03-16,11.21483039855957,美元,貝萊德全球股票收益基金A10美元(總報酬穩定配息),yfinance,股票型,全球市場,A0031 貝萊德投信,貝萊德
B090467,2026-03-17,11.291975021362305,美元,貝萊德全球股票收益基金A10美元(總報酬穩定配息),yfinance,股票型,全球市場,A0031 貝萊德投信,貝萊德
B090467,2026-03-18,11.176259994506836,美元,貝萊德全球股票收益基金A10美元(總報酬穩定配息),yfinance,股票型,全球市場,A0031 貝萊德投信,貝萊德
B090467,2026-03-19,11.012327194213867,美元,貝萊德全球股票收益基金A10美元(總報酬穩定配息),yfinance,股票型,全球市場,A0031 貝萊德投信,貝萊德
B090467,2026-03-20,10.93518352508545,美元,貝萊德全球股票收益基金A10美元(總報酬穩定配息),yfinance,股票型,全球市場,A0031 貝萊德投信,貝萊德
B090467,2026-03-23,11.118399620056152,美元,貝萊德全球股票收益基金A10美元(總報酬穩定配息),yfinance,股票型,全球市場,A0031 貝萊德投信,貝萊德
B090467,2026-03-24,10.964113235473633,美元,貝萊德全球股票收益基金A10美元(總報酬穩定配息),yfinance,股票型,全球市場,A0031 貝萊德投信,貝萊德
B090467,2026-03-25,11.050898551940918,美元,貝萊德全球股票收益基金A10美元(總報酬穩定配息),yfinance,股票型,全球市場,A0031 貝萊德投信,貝萊德
B090467,2026-03-26,10.93518352508545,美元,貝萊德全球股票收益基金A10美元(總報酬穩定配息),yfinance,股票型,全球市場,A0031 貝萊德投信,貝萊德
B090467,2026-03-27,10.761608123779297,美元,貝萊德全球股票收益基金A10美元(總報酬穩定配息),yfinance,股票型,全球市場,A0031 貝萊德投信,貝萊德
B090467,2026-03-30,10.694108009338379,美元,貝萊德全球股票收益基金A10美元(總報酬穩定配息),yfinance,股票型,全球市場,A0031 貝萊德投信,貝萊德
B090467,2026-03-31,10.839444160461426,美元,貝萊德全球股票收益基金A10美元(總報酬穩定配息),yfinance,股票型,全球市場,A0031 貝萊德投信,貝萊德
B090467,2026-04-01,11.072759628295898,美元,貝萊德全球股票收益基金A10美元(總報酬穩定配息),yfinance,股票型,全球市場,A0031 貝萊德投信,貝萊德
B090467,2026-04-02,10.965822219848633,美元,貝萊德全球股票收益基金A10美元(總報酬穩定配息),yfinance,股票型,全球市場,A0031 貝萊德投信,貝萊德
B090467,2026-04-07,11.053317070007324,美元,貝萊德全球股票收益基金A10美元(總報酬穩定配息),yfinance,股票型,全球市場,A0031 貝萊德投信,貝萊德
B090467,2026-04-08,11.44217586517334,美元,貝萊德全球股票收益基金A10美元(總報酬穩定配息),yfinance,股票型,全球市場,A0031 貝萊德投信,貝萊德
B090467,2026-04-09,11.451896667480469,美元,貝萊德全球股票收益基金A10美元(總報酬穩定配息),yfinance,股票型,全球市場,A0031 貝萊德投信,貝萊德
B090467,2026-04-10,11.510225296020508,美元,貝萊德全球股票收益基金A10美元(總報酬穩定配息),yfinance,股票型,全球市場,A0031 貝萊德投信,貝萊德
B090467,2026-04-13,11.481061935424805,美元,貝萊德全球股票收益基金A10美元(總報酬穩定配息),yfinance,股票型,全球市場,A0031 貝萊德投信,貝萊德
B090467,2026-04-14,11.64632511138916,美元,貝萊德全球股票收益基金A10美元(總報酬穩定配息),yfinance,股票型,全球市場,A0031 貝萊德投信,貝萊德
B090467,2026-04-15,11.704654693603516,美元,貝萊德全球股票收益基金A10美元(總報酬穩定配息),yfinance,股票型,全球市場,A0031 貝萊德投信,貝萊德
B090467,2026-04-16,11.75326156616211,美元,貝萊德全球股票收益基金A10美元(總報酬穩定配息),yfinance,股票型,全球市場,A0031 貝萊德投信,貝萊德
B090467,2026-04-17,11.860198020935059,美元,貝萊德全球股票收益基金A10美元(總報酬穩定配息),yfinance,股票型,全球市場,A0031 貝萊德投信,貝萊德
B090467,2026-04-20,11.831034660339355,美元,貝萊德全球股票收益基金A10美元(總報酬穩定配息),yfinance,股票型,全球市場,A0031 貝萊德投信,貝萊德
B090467,2026-04-21,11.801870346069336,美元,貝萊德全球股票收益基金A10美元(總報酬穩定配息),yfinance,股票型,全球市場,A0031 貝萊德投信,貝萊德
B090467,2026-04-22,11.762985229492188,美元,貝萊德全球股票收益基金A10美元(總報酬穩定配息),yfinance,股票型,全球市場,A0031 貝萊德投信,貝萊德
B090467,2026-04-23,11.782426834106445,美元,貝萊德全球股票收益基金A10美元(總報酬穩定配息),yfinance,股票型,全球市場,A0031 貝萊德投信,貝萊德
B090467,2026-04-24,11.772705078125,美元,貝萊德全球股票收益基金A10美元(總報酬穩定配息),yfinance,股票型,全球市場,A0031 貝萊德投信,貝萊德
B090467,2026-04-27,11.860198020935059,美元,貝萊德全球股票收益基金A10美元(總報酬穩定配息),yfinance,股票型,全球市場,A0031 貝萊德投信,貝萊德
B090467,2026-04-28,11.782426834106445,美元,貝萊德全球股票收益基金A10美元(總報酬穩定配息),yfinance,股票型,全球市場,A0031 貝萊德投信,貝萊德
B090467,2026-04-29,11.724098205566406,美元,貝萊德全球股票收益基金A10美元(總報酬穩定配息),yfinance,股票型,全球市場,A0031 貝萊德投信,貝萊德
B090467,2026-04-30,11.728991508483887,美元,貝萊德全球股票收益基金A10美元(總報酬穩定配息),yfinance,股票型,全球市場,A0031 貝萊德投信,貝萊德
B090467,2026-05-04,11.856268882751465,美元,貝萊德全球股票收益基金A10美元(總報酬穩定配息),yfinance,股票型,全球市場,A0031 貝萊德投信,貝萊德
B090467,2026-05-05,11.875850677490234,美元,貝萊德全球股票收益基金A10美元(總報酬穩定配息),yfinance,股票型,全球市場,A0031 貝萊德投信,貝萊德
B090467,2026-05-06,12.091241836547852,美元,貝萊德全球股票收益基金A10美元(總報酬穩定配息),yfinance,股票型,全球市場,A0031 貝萊德投信,貝萊德
B090467,2026-05-07,12.081449508666992,美元,貝萊德全球股票收益基金A10美元(總報酬穩定配息),yfinance,股票型,全球市場,A0031 貝萊德投信,貝萊德
B090467,2026-05-08,12.071659088134766,美元,貝萊德全球股票收益基金A10美元(總報酬穩定配息),yfinance,股票型,全球市場,A0031 貝萊德投信,貝萊德
B090467,2026-05-11,12.101031303405762,美元,貝萊德全球股票收益基金A10美元(總報酬穩定配息),yfinance,股票型,全球市場,A0031 貝萊德投信,貝萊德
B090467,2026-05-12,11.954174041748047,美元,貝萊德全球股票收益基金A10美元(總報酬穩定配息),yfinance,股票型,全球市場,A0031 貝萊德投信,貝萊德
B090467,2026-05-13,11.973753929138184,美元,貝萊德全球股票收益基金A10美元(總報酬穩定配息),yfinance,股票型,全球市場,A0031 貝萊德投信,貝萊德
B090467,2026-05-15,11.94438362121582,美元,貝萊德全球股票收益基金A10美元(總報酬穩定配息),yfinance,股票型,全球市場,A0031 貝萊德投信,貝萊德
B090467,2026-05-18,12.02270793914795,美元,貝萊德全球股票收益基金A10美元(總報酬穩定配息),yfinance,股票型,全球市場,A0031 貝萊德投信,貝萊德
B090467,2026-05-19,11.934592247009277,美元,貝萊德全球股票收益基金A10美元(總報酬穩定配息),yfinance,股票型,全球市場,A0031 貝萊德投信,貝萊德
B090467,2026-05-20,11.94438362121582,美元,貝萊德全球股票收益基金A10美元(總報酬穩定配息),yfinance,股票型,全球市場,A0031 貝萊德投信,貝萊德
B090467,2026-05-21,12.02270793914795,美元,貝萊德全球股票收益基金A10美元(總報酬穩定配息),yfinance,股票型,全球市場,A0031 貝萊德投信,貝萊德
B090467,2026-05-22,12.101031303405762,美元,貝萊德全球股票收益基金A10美元(總報酬穩定配息),yfinance,股票型,全球市場,A0031 貝萊德投信,貝萊德
B090467,2026-05-26,12.228306770324707,美元,貝萊德全球股票收益基金A10美元(總報酬穩定配息),yfinance,股票型,全球市場,A0031 貝萊德投信,貝萊德
B090467,2026-05-27,12.247888565063477,美元,貝萊德全球股票收益基金A10美元(總報酬穩定配息),yfinance,股票型,全球市場,A0031 貝萊德投信,貝萊德
B090467,2026-05-28,12.189144134521484,美元,貝萊德全球股票收益基金A10美元(總報酬穩定配息),yfinance,股票型,全球市場,A0031 貝萊德投信,貝萊德
B090467,2026-05-29,12.302509307861328,美元,貝萊德全球股票收益基金A10美元(總報酬穩定配息),yfinance,股票型,全球市場,A0031 貝萊德投信,貝萊德
B090467,2026-06-01,12.27293586730957,美元,貝萊德全球股票收益基金A10美元(總報酬穩定配息),yfinance,股票型,全球市場,A0031 貝萊德投信,貝萊德
B090467,2026-06-02,12.341940879821777,美元,貝萊德全球股票收益基金A10美元(總報酬穩定配息),yfinance,股票型,全球市場,A0031 貝萊德投信,貝萊德
B090467,2026-06-03,12.361656188964844,美元,貝萊德全球股票收益基金A10美元(總報酬穩定配息),yfinance,股票型,全球市場,A0031 貝萊德投信,貝萊德
B090467,2026-06-04,12.243363380432129,美元,貝萊德全球股票收益基金A10美元(總報酬穩定配息),yfinance,股票型,全球市場,A0031 貝萊德投信,貝萊德
B090467,2026-06-05,12.154643058776855,美元,貝萊德全球股票收益基金A10美元(總報酬穩定配息),yfinance,股票型,全球市場,A0031 貝萊德投信,貝萊德
B090467,2026-06-08,12.02649211883545,美元,貝萊德全球股票收益基金A10美元(總報酬穩定配息),yfinance,股票型,全球市場,A0031 貝萊德投信,貝萊德
B090467,2026-06-09,12.115211486816406,美元,貝萊德全球股票收益基金A10美元(總報酬穩定配息),yfinance,股票型,全球市場,A0031 貝萊德投信,貝萊德
B090467,2026-06-10,12.02649211883545,美元,貝萊德全球股票收益基金A10美元(總報酬穩定配息),yfinance,股票型,全球市場,A0031 貝萊德投信,貝萊德
B090467,2026-06-11,11.94762897491455,美元,貝萊德全球股票收益基金A10美元(總報酬穩定配息),yfinance,股票型,全球市場,A0031 貝萊德投信,貝萊德
B090467,2026-06-12,12.075780868530273,美元,貝萊德全球股票收益基金A10美元(總報酬穩定配息),yfinance,股票型,全球市場,A0031 貝萊德投信,貝萊德
B090467,2026-06-15,12.282794952392578,美元,貝萊德全球股票收益基金A10美元(總報酬穩定配息),yfinance,股票型,全球市場,A0031 貝萊德投信,貝萊德
B090467,2026-06-16,12.292652130126953,美元,貝萊德全球股票收益基金A10美元(總報酬穩定配息),yfinance,股票型,全球市場,A0031 貝萊德投信,貝萊德
B090467,2026-06-17,12.292652130126953,美元,貝萊德全球股票收益基金A10美元(總報酬穩定配息),yfinance,股票型,全球市場,A0031 貝萊德投信,貝萊德
B090467,2026-06-18,12.25322151184082,美元,貝萊德全球股票收益基金A10美元(總報酬穩定配息),yfinance,股票型,全球市場,A0031 貝萊德投信,貝萊德
B090467,2026-06-22,12.302509307861328,美元,貝萊德全球股票收益基金A10美元(總報酬穩定配息),yfinance,股票型,全球市場,A0031 貝萊德投信,貝萊德
B090467,2026-06-24,12.065922737121582,美元,貝萊德全球股票收益基金A10美元(總報酬穩定配息),yfinance,股票型,全球市場,A0031 貝萊德投信,貝萊德
B090467,2026-06-25,12.02649211883545,美元,貝萊德全球股票收益基金A10美元(總報酬穩定配息),yfinance,股票型,全球市場,A0031 貝萊德投信,貝萊德
B090467,2026-06-26,11.996918678283691,美元,貝萊德全球股票收益基金A10美元(總報酬穩定配息),yfinance,股票型,全球市場,A0031 貝萊德投信,貝萊德
B090467,2026-06-29,12.046207427978516,美元,貝萊德全球股票收益基金A10美元(總報酬穩定配息),yfinance,股票型,全球市場,A0031 貝萊德投信,貝萊德
B090467,2026-06-30,12.140511512756348,美元,貝萊德全球股票收益基金A10美元(總報酬穩定配息),yfinance,股票型,全球市場,A0031 貝萊德投信,貝萊德
B090467,2026-07-01,12.130585670471191,美元,貝萊德全球股票收益基金A10美元(總報酬穩定配息),yfinance,股票型,全球市場,A0031 貝萊德投信,貝萊德
B090467,2026-07-02,12.229853630065918,美元,貝萊德全球股票收益基金A10美元(總報酬穩定配息),yfinance,股票型,全球市場,A0031 貝萊德投信,貝萊德
B090467,2026-07-06,12.289414405822754,美元,貝萊德全球股票收益基金A10美元(總報酬穩定配息),yfinance,股票型,全球市場,A0031 貝萊德投信,貝萊德
B090467,2026-07-07,12.289414405822754,美元,貝萊德全球股票收益基金A10美元(總報酬穩定配息),yfinance,股票型,全球市場,A0031 貝萊德投信,貝萊德
B090467,2026-07-08,12.180219650268555,美元,貝萊德全球股票收益基金A10美元(總報酬穩定配息),yfinance,股票型,全球市場,A0031 貝萊德投信,貝萊德
B090467,2026-07-09,12.190146446228027,美元,貝萊德全球股票收益基金A10美元(總報酬穩定配息),yfinance,股票型,全球市場,A0031 貝萊德投信,貝萊德
B090467,2026-07-10,12.249707221984863,美元,貝萊德全球股票收益基金A10美元(總報酬穩定配息),yfinance,股票型,全球市場,A0031 貝萊德投信,貝萊德
B090467,2026-07-13,12.249707221984863,美元,貝萊德全球股票收益基金A10美元(總報酬穩定配息),yfinance,股票型,全球市場,A0031 貝萊德投信,貝萊德
B090467,2026-07-14,12.249707221984863,美元,貝萊德全球股票收益基金A10美元(總報酬穩定配息),yfinance,股票型,全球市場,A0031 貝萊德投信,貝萊德
B090467,2026-07-15,12.269560813903809,美元,貝萊德全球股票收益基金A10美元(總報酬穩定配息),yfinance,股票型,全球市場,A0031 貝萊德投信,貝萊德
B090467,2026-07-16,12.229853630065918,美元,貝萊德全球股票收益基金A10美元(總報酬穩定配息),yfinance,股票型,全球市場,A0031 貝萊德投信,貝萊德
B090467,2026-07-17,12.061097145080566,美元,貝萊德全球股票收益基金A10美元(總報酬穩定配息),yfinance,股票型,全球市場,A0031 貝萊德投信,貝萊德
B090467,2026-07-20,12.100804328918457,美元,貝萊德全球股票收益基金A10美元(總報酬穩定配息),yfinance,股票型,全球市場,A0031 貝萊德投信,貝萊德
B090467,2026-07-21,12.130585670471191,美元,貝萊德全球股票收益基金A10美元(總報酬穩定配息),yfinance,股票型,全球市場,A0031 貝萊德投信,貝萊德
B090467,2026-07-22,12.190146446228027,美元,貝萊德全球股票收益基金A10美元(總報酬穩定配息),yfinance,股票型,全球市場,A0031 貝萊德投信,貝萊德
B090467,2026-07-23,12.120658874511719,美元,貝萊德全球股票收益基金A10美元(總報酬穩定配息),yfinance,股票型,全球市場,A0031 貝萊德投信,貝萊德
B090467,2026-07-24,12.100804328918457,美元,貝萊德全球股票收益基金A10美元(總報酬穩定配息),yfinance,股票型,全球市場,A0031 貝萊德投信,貝萊德
B090467,2026-07-27,12.2000732421875,美元,貝萊德全球股票收益基金A10美元(總報酬穩定配息),yfinance,股票型,全球市場,A0031 貝萊德投信,貝萊德
B090467,2026-07-28,12.0908784866333,美元,貝萊德全球股票收益基金A10美元(總報酬穩定配息),yfinance,股票型,全球市場,A0031 貝萊德投信,貝萊德
B090467,2026-07-29,12.080951690673828,美元,貝萊德全球股票收益基金A10美元(總報酬穩定配息),yfinance,股票型,全球市場,A0031 貝萊德投信,貝萊德
B090467,2026-07-30,12.210000038146973,美元,貝萊德全球股票收益基金A10美元(總報酬穩定配息),yfinance,股票型,全球市場,A0031 貝萊德投信,貝萊德
B090467,2026-07-31,12.319999694824219,美元,貝萊德全球股票收益基金A10美元(總報酬穩定配息),yfinance,股票型,全球市場,A0031 貝萊德投信,貝萊德
B090467,2026-08-03,12.40999984741211,美元,貝萊德全球股票收益基金A10美元(總報酬穩定配息),yfinance,股票型,全球市場,A0031 貝萊德投信,貝萊德
B090467,2026-08-04,12.539999961853027,美元,貝萊德全球股票收益基金A10美元(總報酬穩定配息),yfinance,股票型,全球市場,A0031 貝萊德投信,貝萊德
B090467,2026-08-05,12.75,美元,貝萊德全球股票收益基金A10美元(總報酬穩定配息),yfinance,股票型,全球市場,A0031 貝萊德投信,貝萊德
B090467,2026-08-06,12.699999809265137,美元,貝萊德全球股票收益基金A10美元(總報酬穩定配息),yfinance,股票型,全球市場,A0031 貝萊德投信,貝萊德
B090467,2026-08-07,12.680000305175781,美元,貝萊德全球股票收益基金A10美元(總報酬穩定配息),yfinance,股票型,全球市場,A0031 貝萊德投信,貝萊德
B090467,2026-08-10,12.6899995803833,美元,貝萊德全球股票收益基金A10美元(總報酬穩定配息),yfinance,股票型,全球市場,A0031 貝萊德投信,貝萊德
B090467,2026-08-11,12.729999542236328,美元,貝萊德全球股票收益基金A10美元(總報酬穩定配息),yfinance,股票型,全球市場,A0031 貝萊德投信,貝萊德
B090467,2026-08-12,12.739999771118164,美元,貝萊德全球股票收益基金A10美元(總報酬穩定配息),yfinance,股票型,全球市場,A0031 貝萊德投信,貝萊德
B090467,2026-08-13,12.789999961853027,美元,貝萊德全球股票收益基金A10美元(總報酬穩定配息),yfinance,股票型,全球市場,A0031 貝萊德投信,貝萊德
B090467,2026-08-14,12.779999732971191,美元,貝萊德全球股票收益基金A10美元(總報酬穩定配息),yfinance,股票型,全球市場,A0031 貝萊德投信,貝萊德
B090467,2026-08-17,12.770000457763672,美元,貝萊德全球股票收益基金A10美元(總報酬穩定配息),yfinance,股票型,全球市場,A0031 貝萊德投信,貝萊德
B090467,2026-08-18,12.65999984741211,美元,貝萊德全球股票收益基金A10美元(總報酬穩定配息),yfinance,股票型,全球市場,A0031 貝萊德投信,貝萊德
B140415,2026-01-02,11.920000076293945,美元,富達基金－歐洲小型企業基金 (B股累計美元避險),yfinance,未分類,歐洲(含歐元區),A0038 富達投信,富達
B140415,2026-01-05,11.960000038146973,美元,富達基金－歐洲小型企業基金 (B股累計美元避險),yfinance,未分類,歐洲(含歐元區),A0038 富達投信,富達
B140415,2026-01-06,12.020000457763672,美元,富達基金－歐洲小型企業基金 (B股累計美元避險),yfinance,未分類,歐洲(含歐元區),A0038 富達投信,富達
B140415,2026-01-07,12.050000190734863,美元,富達基金－歐洲小型企業基金 (B股累計美元避險),yfinance,未分類,歐洲(含歐元區),A0038 富達投信,富達
B140415,2026-01-08,12.020000457763672,美元,富達基金－歐洲小型企業基金 (B股累計美元避險),yfinance,未分類,歐洲(含歐元區),A0038 富達投信,富達
B140415,2026-01-09,12.109999656677246,美元,富達基金－歐洲小型企業基金 (B股累計美元避險),yfinance,未分類,歐洲(含歐元區),A0038 富達投信,富達
B140415,2026-01-12,12.079999923706055,美元,富達基金－歐洲小型企業基金 (B股累計美元避險),yfinance,未分類,歐洲(含歐元區),A0038 富達投信,富達
B140415,2026-01-13,12.079999923706055,美元,富達基金－歐洲小型企業基金 (B股累計美元避險),yfinance,未分類,歐洲(含歐元區),A0038 富達投信,富達
B140415,2026-01-14,12.09000015258789,美元,富達基金－歐洲小型企業基金 (B股累計美元避險),yfinance,未分類,歐洲(含歐元區),A0038 富達投信,富達
B140415,2026-01-15,12.229999542236328,美元,富達基金－歐洲小型企業基金 (B股累計美元避險),yfinance,未分類,歐洲(含歐元區),A0038 富達投信,富達
B140415,2026-01-16,12.239999771118164,美元,富達基金－歐洲小型企業基金 (B股累計美元避險),yfinance,未分類,歐洲(含歐元區),A0038 富達投信,富達
B140415,2026-01-20,11.960000038146973,美元,富達基金－歐洲小型企業基金 (B股累計美元避險),yfinance,未分類,歐洲(含歐元區),A0038 富達投信,富達
B140415,2026-01-21,12.010000228881836,美元,富達基金－歐洲小型企業基金 (B股累計美元避險),yfinance,未分類,歐洲(含歐元區),A0038 富達投信,富達
B140415,2026-01-22,12.229999542236328,美元,富達基金－歐洲小型企業基金 (B股累計美元避險),yfinance,未分類,歐洲(含歐元區),A0038 富達投信,富達
B140415,2026-01-23,12.180000305175781,美元,富達基金－歐洲小型企業基金 (B股累計美元避險),yfinance,未分類,歐洲(含歐元區),A0038 富達投信,富達
B140415,2026-01-26,12.170000076293945,美元,富達基金－歐洲小型企業基金 (B股累計美元避險),yfinance,未分類,歐洲(含歐元區),A0038 富達投信,富達
B140415,2026-01-27,12.180000305175781,美元,富達基金－歐洲小型企業基金 (B股累計美元避險),yfinance,未分類,歐洲(含歐元區),A0038 富達投信,富達
B140415,2026-01-28,12.15999984741211,美元,富達基金－歐洲小型企業基金 (B股累計美元避險),yfinance,未分類,歐洲(含歐元區),A0038 富達投信,富達
B140415,2026-01-29,12.0600004196167,美元,富達基金－歐洲小型企業基金 (B股累計美元避險),yfinance,未分類,歐洲(含歐元區),A0038 富達投信,富達
B140415,2026-01-30,12.130000114440918,美元,富達基金－歐洲小型企業基金 (B股累計美元避險),yfinance,未分類,歐洲(含歐元區),A0038 富達投信,富達
B140415,2026-02-02,12.149999618530273,美元,富達基金－歐洲小型企業基金 (B股累計美元避險),yfinance,未分類,歐洲(含歐元區),A0038 富達投信,富達
B140415,2026-02-03,12.029999732971191,美元,富達基金－歐洲小型企業基金 (B股累計美元避險),yfinance,未分類,歐洲(含歐元區),A0038 富達投信,富達
B140415,2026-02-04,12.050000190734863,美元,富達基金－歐洲小型企業基金 (B股累計美元避險),yfinance,未分類,歐洲(含歐元區),A0038 富達投信,富達
B140415,2026-02-05,11.9399995803833,美元,富達基金－歐洲小型企業基金 (B股累計美元避險),yfinance,未分類,歐洲(含歐元區),A0038 富達投信,富達
B140415,2026-02-06,11.979999542236328,美元,富達基金－歐洲小型企業基金 (B股累計美元避險),yfinance,未分類,歐洲(含歐元區),A0038 富達投信,富達
B140415,2026-02-09,12.039999961853027,美元,富達基金－歐洲小型企業基金 (B股累計美元避險),yfinance,未分類,歐洲(含歐元區),A0038 富達投信,富達
B140415,2026-02-10,12.119999885559082,美元,富達基金－歐洲小型企業基金 (B股累計美元避險),yfinance,未分類,歐洲(含歐元區),A0038 富達投信,富達
B140415,2026-02-11,12.039999961853027,美元,富達基金－歐洲小型企業基金 (B股累計美元避險),yfinance,未分類,歐洲(含歐元區),A0038 富達投信,富達
B140415,2026-02-12,11.970000267028809,美元,富達基金－歐洲小型企業基金 (B股累計美元避險),yfinance,未分類,歐洲(含歐元區),A0038 富達投信,富達
B140415,2026-02-13,11.9399995803833,美元,富達基金－歐洲小型企業基金 (B股累計美元避險),yfinance,未分類,歐洲(含歐元區),A0038 富達投信,富達
B140415,2026-02-17,11.880000114440918,美元,富達基金－歐洲小型企業基金 (B股累計美元避險),yfinance,未分類,歐洲(含歐元區),A0038 富達投信,富達
B140415,2026-02-18,11.970000267028809,美元,富達基金－歐洲小型企業基金 (B股累計美元避險),yfinance,未分類,歐洲(含歐元區),A0038 富達投信,富達
B140415,2026-02-19,11.869999885559082,美元,富達基金－歐洲小型企業基金 (B股累計美元避險),yfinance,未分類,歐洲(含歐元區),A0038 富達投信,富達
B140415,2026-02-20,11.949999809265137,美元,富達基金－歐洲小型企業基金 (B股累計美元避險),yfinance,未分類,歐洲(含歐元區),A0038 富達投信,富達
B140415,2026-02-23,11.829999923706055,美元,富達基金－歐洲小型企業基金 (B股累計美元避險),yfinance,未分類,歐洲(含歐元區),A0038 富達投信,富達
B140415,2026-02-24,11.829999923706055,美元,富達基金－歐洲小型企業基金 (B股累計美元避險),yfinance,未分類,歐洲(含歐元區),A0038 富達投信,富達
B140415,2026-02-25,11.859999656677246,美元,富達基金－歐洲小型企業基金 (B股累計美元避險),yfinance,未分類,歐洲(含歐元區),A0038 富達投信,富達
B140415,2026-02-26,11.949999809265137,美元,富達基金－歐洲小型企業基金 (B股累計美元避險),yfinance,未分類,歐洲(含歐元區),A0038 富達投信,富達
B140415,2026-02-27,11.899999618530273,美元,富達基金－歐洲小型企業基金 (B股累計美元避險),yfinance,未分類,歐洲(含歐元區),A0038 富達投信,富達
B140415,2026-03-02,11.640000343322754,美元,富達基金－歐洲小型企業基金 (B股累計美元避險),yfinance,未分類,歐洲(含歐元區),A0038 富達投信,富達
B140415,2026-03-03,11.319999694824219,美元,富達基金－歐洲小型企業基金 (B股累計美元避險),yfinance,未分類,歐洲(含歐元區),A0038 富達投信,富達
B140415,2026-03-04,11.489999771118164,美元,富達基金－歐洲小型企業基金 (B股累計美元避險),yfinance,未分類,歐洲(含歐元區),A0038 富達投信,富達
B140415,2026-03-05,11.470000267028809,美元,富達基金－歐洲小型企業基金 (B股累計美元避險),yfinance,未分類,歐洲(含歐元區),A0038 富達投信,富達
B140415,2026-03-06,11.390000343322754,美元,富達基金－歐洲小型企業基金 (B股累計美元避險),yfinance,未分類,歐洲(含歐元區),A0038 富達投信,富達
B140415,2026-03-09,11.140000343322754,美元,富達基金－歐洲小型企業基金 (B股累計美元避險),yfinance,未分類,歐洲(含歐元區),A0038 富達投信,富達
B140415,2026-03-10,11.350000381469727,美元,富達基金－歐洲小型企業基金 (B股累計美元避險),yfinance,未分類,歐洲(含歐元區),A0038 富達投信,富達
B140415,2026-03-11,11.319999694824219,美元,富達基金－歐洲小型企業基金 (B股累計美元避險),yfinance,未分類,歐洲(含歐元區),A0038 富達投信,富達
B140415,2026-03-12,11.1899995803833,美元,富達基金－歐洲小型企業基金 (B股累計美元避險),yfinance,未分類,歐洲(含歐元區),A0038 富達投信,富達
B140415,2026-03-13,11.119999885559082,美元,富達基金－歐洲小型企業基金 (B股累計美元避險),yfinance,未分類,歐洲(含歐元區),A0038 富達投信,富達
B140415,2026-03-16,11.100000381469727,美元,富達基金－歐洲小型企業基金 (B股累計美元避險),yfinance,未分類,歐洲(含歐元區),A0038 富達投信,富達
B140415,2026-03-17,11.140000343322754,美元,富達基金－歐洲小型企業基金 (B股累計美元避險),yfinance,未分類,歐洲(含歐元區),A0038 富達投信,富達
B140415,2026-03-18,11.020000457763672,美元,富達基金－歐洲小型企業基金 (B股累計美元避險),yfinance,未分類,歐洲(含歐元區),A0038 富達投信,富達
B140415,2026-03-19,10.770000457763672,美元,富達基金－歐洲小型企業基金 (B股累計美元避險),yfinance,未分類,歐洲(含歐元區),A0038 富達投信,富達
B140415,2026-03-20,10.619999885559082,美元,富達基金－歐洲小型企業基金 (B股累計美元避險),yfinance,未分類,歐洲(含歐元區),A0038 富達投信,富達
B140415,2026-03-23,10.630000114440918,美元,富達基金－歐洲小型企業基金 (B股累計美元避險),yfinance,未分類,歐洲(含歐元區),A0038 富達投信,富達
B140415,2026-03-24,10.579999923706055,美元,富達基金－歐洲小型企業基金 (B股累計美元避險),yfinance,未分類,歐洲(含歐元區),A0038 富達投信,富達
B140415,2026-03-25,10.770000457763672,美元,富達基金－歐洲小型企業基金 (B股累計美元避險),yfinance,未分類,歐洲(含歐元區),A0038 富達投信,富達
B140415,2026-03-26,10.710000038146973,美元,富達基金－歐洲小型企業基金 (B股累計美元避險),yfinance,未分類,歐洲(含歐元區),A0038 富達投信,富達
B140415,2026-03-27,10.510000228881836,美元,富達基金－歐洲小型企業基金 (B股累計美元避險),yfinance,未分類,歐洲(含歐元區),A0038 富達投信,富達
B140415,2026-03-30,10.520000457763672,美元,富達基金－歐洲小型企業基金 (B股累計美元避險),yfinance,未分類,歐洲(含歐元區),A0038 富達投信,富達
B140415,2026-03-31,10.600000381469727,美元,富達基金－歐洲小型企業基金 (B股累計美元避險),yfinance,未分類,歐洲(含歐元區),A0038 富達投信,富達
B140415,2026-04-01,10.869999885559082,美元,富達基金－歐洲小型企業基金 (B股累計美元避險),yfinance,未分類,歐洲(含歐元區),A0038 富達投信,富達
B140415,2026-04-02,10.84000015258789,美元,富達基金－歐洲小型企業基金 (B股累計美元避險),yfinance,未分類,歐洲(含歐元區),A0038 富達投信,富達
B140415,2026-04-06,10.84000015258789,美元,富達基金－歐洲小型企業基金 (B股累計美元避險),yfinance,未分類,歐洲(含歐元區),A0038 富達投信,富達
B140415,2026-04-07,10.770000457763672,美元,富達基金－歐洲小型企業基金 (B股累計美元避險),yfinance,未分類,歐洲(含歐元區),A0038 富達投信,富達
B140415,2026-04-08,11.220000267028809,美元,富達基金－歐洲小型企業基金 (B股累計美元避險),yfinance,未分類,歐洲(含歐元區),A0038 富達投信,富達
B140415,2026-04-09,11.180000305175781,美元,富達基金－歐洲小型企業基金 (B股累計美元避險),yfinance,未分類,歐洲(含歐元區),A0038 富達投信,富達
B140415,2026-04-10,11.300000190734863,美元,富達基金－歐洲小型企業基金 (B股累計美元避險),yfinance,未分類,歐洲(含歐元區),A0038 富達投信,富達
B140415,2026-04-13,11.260000228881836,美元,富達基金－歐洲小型企業基金 (B股累計美元避險),yfinance,未分類,歐洲(含歐元區),A0038 富達投信,富達
B140415,2026-04-14,11.460000038146973,美元,富達基金－歐洲小型企業基金 (B股累計美元避險),yfinance,未分類,歐洲(含歐元區),A0038 富達投信,富達
B140415,2026-04-15,11.479999542236328,美元,富達基金－歐洲小型企業基金 (B股累計美元避險),yfinance,未分類,歐洲(含歐元區),A0038 富達投信,富達
B140415,2026-04-16,11.600000381469727,美元,富達基金－歐洲小型企業基金 (B股累計美元避險),yfinance,未分類,歐洲(含歐元區),A0038 富達投信,富達
B140415,2026-04-17,11.850000381469727,美元,富達基金－歐洲小型企業基金 (B股累計美元避險),yfinance,未分類,歐洲(含歐元區),A0038 富達投信,富達
B140415,2026-04-20,11.699999809265137,美元,富達基金－歐洲小型企業基金 (B股累計美元避險),yfinance,未分類,歐洲(含歐元區),A0038 富達投信,富達
B140415,2026-04-21,11.65999984741211,美元,富達基金－歐洲小型企業基金 (B股累計美元避險),yfinance,未分類,歐洲(含歐元區),A0038 富達投信,富達
B140415,2026-04-22,11.600000381469727,美元,富達基金－歐洲小型企業基金 (B股累計美元避險),yfinance,未分類,歐洲(含歐元區),A0038 富達投信,富達
B140415,2026-04-23,11.529999732971191,美元,富達基金－歐洲小型企業基金 (B股累計美元避險),yfinance,未分類,歐洲(含歐元區),A0038 富達投信,富達
B140415,2026-04-24,11.479999542236328,美元,富達基金－歐洲小型企業基金 (B股累計美元避險),yfinance,未分類,歐洲(含歐元區),A0038 富達投信,富達
B140415,2026-04-27,11.479999542236328,美元,富達基金－歐洲小型企業基金 (B股累計美元避險),yfinance,未分類,歐洲(含歐元區),A0038 富達投信,富達
B140415,2026-04-28,11.430000305175781,美元,富達基金－歐洲小型企業基金 (B股累計美元避險),yfinance,未分類,歐洲(含歐元區),A0038 富達投信,富達
B140415,2026-04-29,11.399999618530273,美元,富達基金－歐洲小型企業基金 (B股累計美元避險),yfinance,未分類,歐洲(含歐元區),A0038 富達投信,富達
B140415,2026-04-30,11.510000228881836,美元,富達基金－歐洲小型企業基金 (B股累計美元避險),yfinance,未分類,歐洲(含歐元區),A0038 富達投信,富達
B140415,2026-05-01,11.569999694824219,美元,富達基金－歐洲小型企業基金 (B股累計美元避險),yfinance,未分類,歐洲(含歐元區),A0038 富達投信,富達
B140415,2026-05-04,11.460000038146973,美元,富達基金－歐洲小型企業基金 (B股累計美元避險),yfinance,未分類,歐洲(含歐元區),A0038 富達投信,富達
B140415,2026-05-05,11.529999732971191,美元,富達基金－歐洲小型企業基金 (B股累計美元避險),yfinance,未分類,歐洲(含歐元區),A0038 富達投信,富達
B140415,2026-05-06,11.779999732971191,美元,富達基金－歐洲小型企業基金 (B股累計美元避險),yfinance,未分類,歐洲(含歐元區),A0038 富達投信,富達
B140415,2026-05-07,11.8100004196167,美元,富達基金－歐洲小型企業基金 (B股累計美元避險),yfinance,未分類,歐洲(含歐元區),A0038 富達投信,富達
B140415,2026-05-08,11.789999961853027,美元,富達基金－歐洲小型企業基金 (B股累計美元避險),yfinance,未分類,歐洲(含歐元區),A0038 富達投信,富達
B140415,2026-05-11,11.760000228881836,美元,富達基金－歐洲小型企業基金 (B股累計美元避險),yfinance,未分類,歐洲(含歐元區),A0038 富達投信,富達
B140415,2026-05-12,11.600000381469727,美元,富達基金－歐洲小型企業基金 (B股累計美元避險),yfinance,未分類,歐洲(含歐元區),A0038 富達投信,富達
B140415,2026-05-13,11.65999984741211,美元,富達基金－歐洲小型企業基金 (B股累計美元避險),yfinance,未分類,歐洲(含歐元區),A0038 富達投信,富達
B140415,2026-05-14,11.819999694824219,美元,富達基金－歐洲小型企業基金 (B股累計美元避險),yfinance,未分類,歐洲(含歐元區),A0038 富達投信,富達
B140415,2026-05-15,11.699999809265137,美元,富達基金－歐洲小型企業基金 (B股累計美元避險),yfinance,未分類,歐洲(含歐元區),A0038 富達投信,富達
B140415,2026-05-18,11.6899995803833,美元,富達基金－歐洲小型企業基金 (B股累計美元避險),yfinance,未分類,歐洲(含歐元區),A0038 富達投信,富達
B140415,2026-05-19,11.640000343322754,美元,富達基金－歐洲小型企業基金 (B股累計美元避險),yfinance,未分類,歐洲(含歐元區),A0038 富達投信,富達
B140415,2026-05-20,11.760000228881836,美元,富達基金－歐洲小型企業基金 (B股累計美元避險),yfinance,未分類,歐洲(含歐元區),A0038 富達投信,富達
B140415,2026-05-21,11.729999542236328,美元,富達基金－歐洲小型企業基金 (B股累計美元避險),yfinance,未分類,歐洲(含歐元區),A0038 富達投信,富達
B140415,2026-05-22,11.829999923706055,美元,富達基金－歐洲小型企業基金 (B股累計美元避險),yfinance,未分類,歐洲(含歐元區),A0038 富達投信,富達
B140415,2026-05-26,11.920000076293945,美元,富達基金－歐洲小型企業基金 (B股累計美元避險),yfinance,未分類,歐洲(含歐元區),A0038 富達投信,富達
B140415,2026-05-27,11.949999809265137,美元,富達基金－歐洲小型企業基金 (B股累計美元避險),yfinance,未分類,歐洲(含歐元區),A0038 富達投信,富達
B140415,2026-05-28,11.920000076293945,美元,富達基金－歐洲小型企業基金 (B股累計美元避險),yfinance,未分類,歐洲(含歐元區),A0038 富達投信,富達
B140415,2026-05-29,12.010000228881836,美元,富達基金－歐洲小型企業基金 (B股累計美元避險),yfinance,未分類,歐洲(含歐元區),A0038 富達投信,富達
B140415,2026-06-01,11.899999618530273,美元,富達基金－歐洲小型企業基金 (B股累計美元避險),yfinance,未分類,歐洲(含歐元區),A0038 富達投信,富達
B140415,2026-06-02,11.979999542236328,美元,富達基金－歐洲小型企業基金 (B股累計美元避險),yfinance,未分類,歐洲(含歐元區),A0038 富達投信,富達
B140415,2026-06-03,11.869999885559082,美元,富達基金－歐洲小型企業基金 (B股累計美元避險),yfinance,未分類,歐洲(含歐元區),A0038 富達投信,富達
B140415,2026-06-04,11.920000076293945,美元,富達基金－歐洲小型企業基金 (B股累計美元避險),yfinance,未分類,歐洲(含歐元區),A0038 富達投信,富達
B140415,2026-06-05,11.829999923706055,美元,富達基金－歐洲小型企業基金 (B股累計美元避險),yfinance,未分類,歐洲(含歐元區),A0038 富達投信,富達
B140415,2026-06-08,11.760000228881836,美元,富達基金－歐洲小型企業基金 (B股累計美元避險),yfinance,未分類,歐洲(含歐元區),A0038 富達投信,富達
B140415,2026-06-09,11.699999809265137,美元,富達基金－歐洲小型企業基金 (B股累計美元避險),yfinance,未分類,歐洲(含歐元區),A0038 富達投信,富達
B140415,2026-06-10,11.680000305175781,美元,富達基金－歐洲小型企業基金 (B股累計美元避險),yfinance,未分類,歐洲(含歐元區),A0038 富達投信,富達
B140415,2026-06-11,11.670000076293945,美元,富達基金－歐洲小型企業基金 (B股累計美元避險),yfinance,未分類,歐洲(含歐元區),A0038 富達投信,富達
B140415,2026-06-12,11.880000114440918,美元,富達基金－歐洲小型企業基金 (B股累計美元避險),yfinance,未分類,歐洲(含歐元區),A0038 富達投信,富達
B140415,2026-06-15,12.0,美元,富達基金－歐洲小型企業基金 (B股累計美元避險),yfinance,未分類,歐洲(含歐元區),A0038 富達投信,富達
B140415,2026-06-16,11.949999809265137,美元,富達基金－歐洲小型企業基金 (B股累計美元避險),yfinance,未分類,歐洲(含歐元區),A0038 富達投信,富達
B140415,2026-06-17,11.949999809265137,美元,富達基金－歐洲小型企業基金 (B股累計美元避險),yfinance,未分類,歐洲(含歐元區),A0038 富達投信,富達
B140415,2026-06-18,11.899999618530273,美元,富達基金－歐洲小型企業基金 (B股累計美元避險),yfinance,未分類,歐洲(含歐元區),A0038 富達投信,富達
B140415,2026-06-22,11.890000343322754,美元,富達基金－歐洲小型企業基金 (B股累計美元避險),yfinance,未分類,歐洲(含歐元區),A0038 富達投信,富達
B140415,2026-06-23,11.75,美元,富達基金－歐洲小型企業基金 (B股累計美元避險),yfinance,未分類,歐洲(含歐元區),A0038 富達投信,富達
B140415,2026-06-24,11.789999961853027,美元,富達基金－歐洲小型企業基金 (B股累計美元避險),yfinance,未分類,歐洲(含歐元區),A0038 富達投信,富達
B140415,2026-06-25,11.84000015258789,美元,富達基金－歐洲小型企業基金 (B股累計美元避險),yfinance,未分類,歐洲(含歐元區),A0038 富達投信,富達
B140415,2026-06-26,11.829999923706055,美元,富達基金－歐洲小型企業基金 (B股累計美元避險),yfinance,未分類,歐洲(含歐元區),A0038 富達投信,富達
B140415,2026-06-29,11.800000190734863,美元,富達基金－歐洲小型企業基金 (B股累計美元避險),yfinance,未分類,歐洲(含歐元區),A0038 富達投信,富達
B140415,2026-06-30,11.800000190734863,美元,富達基金－歐洲小型企業基金 (B股累計美元避險),yfinance,未分類,歐洲(含歐元區),A0038 富達投信,富達
B140415,2026-07-01,11.9399995803833,美元,富達基金－歐洲小型企業基金 (B股累計美元避險),yfinance,未分類,歐洲(含歐元區),A0038 富達投信,富達
B140415,2026-07-02,12.039999961853027,美元,富達基金－歐洲小型企業基金 (B股累計美元避險),yfinance,未分類,歐洲(含歐元區),A0038 富達投信,富達
B140415,2026-07-06,12.069999694824219,美元,富達基金－歐洲小型企業基金 (B股累計美元避險),yfinance,未分類,歐洲(含歐元區),A0038 富達投信,富達
B140415,2026-07-07,11.960000038146973,美元,富達基金－歐洲小型企業基金 (B股累計美元避險),yfinance,未分類,歐洲(含歐元區),A0038 富達投信,富達
B140415,2026-07-08,11.680000305175781,美元,富達基金－歐洲小型企業基金 (B股累計美元避險),yfinance,未分類,歐洲(含歐元區),A0038 富達投信,富達
B140415,2026-07-09,11.800000190734863,美元,富達基金－歐洲小型企業基金 (B股累計美元避險),yfinance,未分類,歐洲(含歐元區),A0038 富達投信,富達
B140415,2026-07-10,11.869999885559082,美元,富達基金－歐洲小型企業基金 (B股累計美元避險),yfinance,未分類,歐洲(含歐元區),A0038 富達投信,富達
B140415,2026-07-13,11.90999984741211,美元,富達基金－歐洲小型企業基金 (B股累計美元避險),yfinance,未分類,歐洲(含歐元區),A0038 富達投信,富達
B140415,2026-07-14,11.920000076293945,美元,富達基金－歐洲小型企業基金 (B股累計美元避險),yfinance,未分類,歐洲(含歐元區),A0038 富達投信,富達
B140415,2026-07-15,12.029999732971191,美元,富達基金－歐洲小型企業基金 (B股累計美元避險),yfinance,未分類,歐洲(含歐元區),A0038 富達投信,富達
B140415,2026-07-16,12.100000381469727,美元,富達基金－歐洲小型企業基金 (B股累計美元避險),yfinance,未分類,歐洲(含歐元區),A0038 富達投信,富達
B140415,2026-07-17,12.0,美元,富達基金－歐洲小型企業基金 (B股累計美元避險),yfinance,未分類,歐洲(含歐元區),A0038 富達投信,富達
B140415,2026-07-20,11.949999809265137,美元,富達基金－歐洲小型企業基金 (B股累計美元避險),yfinance,未分類,歐洲(含歐元區),A0038 富達投信,富達
B140415,2026-07-21,11.989999771118164,美元,富達基金－歐洲小型企業基金 (B股累計美元避險),yfinance,未分類,歐洲(含歐元區),A0038 富達投信,富達
B140415,2026-07-22,12.079999923706055,美元,富達基金－歐洲小型企業基金 (B股累計美元避險),yfinance,未分類,歐洲(含歐元區),A0038 富達投信,富達
B140415,2026-07-23,11.930000305175781,美元,富達基金－歐洲小型企業基金 (B股累計美元避險),yfinance,未分類,歐洲(含歐元區),A0038 富達投信,富達
B140415,2026-07-24,12.0600004196167,美元,富達基金－歐洲小型企業基金 (B股累計美元避險),yfinance,未分類,歐洲(含歐元區),A0038 富達投信,富達
B140415,2026-07-27,12.199999809265137,美元,富達基金－歐洲小型企業基金 (B股累計美元避險),yfinance,未分類,歐洲(含歐元區),A0038 富達投信,富達
B140415,2026-07-28,12.329999923706055,美元,富達基金－歐洲小型企業基金 (B股累計美元避險),yfinance,未分類,歐洲(含歐元區),A0038 富達投信,富達
B140415,2026-07-29,12.329999923706055,美元,富達基金－歐洲小型企業基金 (B股累計美元避險),yfinance,未分類,歐洲(含歐元區),A0038 富達投信,富達
B140415,2026-07-30,12.430000305175781,美元,富達基金－歐洲小型企業基金 (B股累計美元避險),yfinance,未分類,歐洲(含歐元區),A0038 富達投信,富達
B140415,2026-07-31,12.380000114440918,美元,富達基金－歐洲小型企業基金 (B股累計美元避險),yfinance,未分類,歐洲(含歐元區),A0038 富達投信,富達
B140415,2026-08-03,12.569999694824219,美元,富達基金－歐洲小型企業基金 (B股累計美元避險),yfinance,未分類,歐洲(含歐元區),A0038 富達投信,富達
B140415,2026-08-04,12.729999542236328,美元,富達基金－歐洲小型企業基金 (B股累計美元避險),yfinance,未分類,歐洲(含歐元區),A0038 富達投信,富達
B140415,2026-08-05,12.829999923706055,美元,富達基金－歐洲小型企業基金 (B股累計美元避險),yfinance,未分類,歐洲(含歐元區),A0038 富達投信,富達
B140415,2026-08-06,12.789999961853027,美元,富達基金－歐洲小型企業基金 (B股累計美元避險),yfinance,未分類,歐洲(含歐元區),A0038 富達投信,富達
B140415,2026-08-07,12.850000381469727,美元,富達基金－歐洲小型企業基金 (B股累計美元避險),yfinance,未分類,歐洲(含歐元區),A0038 富達投信,富達
B140415,2026-08-10,12.819999694824219,美元,富達基金－歐洲小型企業基金 (B股累計美元避險),yfinance,未分類,歐洲(含歐元區),A0038 富達投信,富達
B140415,2026-08-11,12.819999694824219,美元,富達基金－歐洲小型企業基金 (B股累計美元避險),yfinance,未分類,歐洲(含歐元區),A0038 富達投信,富達
B140415,2026-08-12,12.819999694824219,美元,富達基金－歐洲小型企業基金 (B股累計美元避險),yfinance,未分類,歐洲(含歐元區),A0038 富達投信,富達
B140415,2026-08-13,12.84000015258789,美元,富達基金－歐洲小型企業基金 (B股累計美元避險),yfinance,未分類,歐洲(含歐元區),A0038 富達投信,富達
B140415,2026-08-14,12.899999618530273,美元,富達基金－歐洲小型企業基金 (B股累計美元避險),yfinance,未分類,歐洲(含歐元區),A0038 富達投信,富達
B140415,2026-08-17,12.8100004196167,美元,富達基金－歐洲小型企業基金 (B股累計美元避險),yfinance,未分類,歐洲(含歐元區),A0038 富達投信,富達
B200272,2026-01-02,9.68505573272705,美元,安聯投資級公司債基金-AMg穩定月收總收益類股(美元),yfinance,債券型,美國,A0036 安聯投信,安聯AGIF
B200272,2026-01-05,9.684183120727539,美元,安聯投資級公司債基金-AMg穩定月收總收益類股(美元),yfinance,債券型,美國,A0036 安聯投信,安聯AGIF
B200272,2026-01-06,9.692713737487793,美元,安聯投資級公司債基金-AMg穩定月收總收益類股(美元),yfinance,債券型,美國,A0036 安聯投信,安聯AGIF
B200272,2026-01-07,9.71801471710205,美元,安聯投資級公司債基金-AMg穩定月收總收益類股(美元),yfinance,債券型,美國,A0036 安聯投信,安聯AGIF
B200272,2026-01-08,9.688350677490234,美元,安聯投資級公司債基金-AMg穩定月收總收益類股(美元),yfinance,債券型,美國,A0036 安聯投信,安聯AGIF
B200272,2026-01-09,9.690193176269531,美元,安聯投資級公司債基金-AMg穩定月收總收益類股(美元),yfinance,債券型,美國,A0036 安聯投信,安聯AGIF
B200272,2026-01-12,9.693780899047852,美元,安聯投資級公司債基金-AMg穩定月收總收益類股(美元),yfinance,債券型,美國,A0036 安聯投信,安聯AGIF
B200272,2026-01-13,9.712876319885254,美元,安聯投資級公司債基金-AMg穩定月收總收益類股(美元),yfinance,債券型,美國,A0036 安聯投信,安聯AGIF
B200272,2026-01-14,9.726545333862305,美元,安聯投資級公司債基金-AMg穩定月收總收益類股(美元),yfinance,債券型,美國,A0036 安聯投信,安聯AGIF
B200272,2026-01-15,9.741586685180664,美元,安聯投資級公司債基金-AMg穩定月收總收益類股(美元),yfinance,債券型,美國,A0036 安聯投信,安聯AGIF
B200272,2026-01-16,9.723769187927246,美元,安聯投資級公司債基金-AMg穩定月收總收益類股(美元),yfinance,債券型,美國,A0036 安聯投信,安聯AGIF
B200272,2026-01-20,9.663698196411133,美元,安聯投資級公司債基金-AMg穩定月收總收益類股(美元),yfinance,債券型,美國,A0036 安聯投信,安聯AGIF
B200272,2026-01-21,9.674602508544922,美元,安聯投資級公司債基金-AMg穩定月收總收益類股(美元),yfinance,債券型,美國,A0036 安聯投信,安聯AGIF
B200272,2026-01-22,9.706439018249512,美元,安聯投資級公司債基金-AMg穩定月收總收益類股(美元),yfinance,債券型,美國,A0036 安聯投信,安聯AGIF
B200272,2026-01-23,9.722211837768555,美元,安聯投資級公司債基金-AMg穩定月收總收益類股(美元),yfinance,債券型,美國,A0036 安聯投信,安聯AGIF
B200272,2026-01-26,9.740028381347656,美元,安聯投資級公司債基金-AMg穩定月收總收益類股(美元),yfinance,債券型,美國,A0036 安聯投信,安聯AGIF
B200272,2026-01-27,9.730000495910645,美元,安聯投資級公司債基金-AMg穩定月收總收益類股(美元),yfinance,債券型,美國,A0036 安聯投信,安聯AGIF
B200272,2026-01-28,9.71636962890625,美元,安聯投資級公司債基金-AMg穩定月收總收益類股(美元),yfinance,債券型,美國,A0036 安聯投信,安聯AGIF
B200272,2026-01-29,9.70556354522705,美元,安聯投資級公司債基金-AMg穩定月收總收益類股(美元),yfinance,債券型,美國,A0036 安聯投信,安聯AGIF
B200272,2026-01-30,9.71627426147461,美元,安聯投資級公司債基金-AMg穩定月收總收益類股(美元),yfinance,債券型,美國,A0036 安聯投信,安聯AGIF
B200272,2026-02-02,9.721823692321777,美元,安聯投資級公司債基金-AMg穩定月收總收益類股(美元),yfinance,債券型,美國,A0036 安聯投信,安聯AGIF
B200272,2026-02-03,9.708871841430664,美元,安聯投資級公司債基金-AMg穩定月收總收益類股(美元),yfinance,債券型,美國,A0036 安聯投信,安聯AGIF
B200272,2026-02-04,9.699137687683105,美元,安聯投資級公司債基金-AMg穩定月收總收益類股(美元),yfinance,債券型,美國,A0036 安聯投信,安聯AGIF
B200272,2026-02-05,9.711503028869629,美元,安聯投資級公司債基金-AMg穩定月收總收益類股(美元),yfinance,債券型,美國,A0036 安聯投信,安聯AGIF
B200272,2026-02-06,9.72815227508545,美元,安聯投資級公司債基金-AMg穩定月收總收益類股(美元),yfinance,債券型,美國,A0036 安聯投信,安聯AGIF
B200272,2026-02-09,9.731365203857422,美元,安聯投資級公司債基金-AMg穩定月收總收益類股(美元),yfinance,債券型,美國,A0036 安聯投信,安聯AGIF
B200272,2026-02-10,9.772254943847656,美元,安聯投資級公司債基金-AMg穩定月收總收益類股(美元),yfinance,債券型,美國,A0036 安聯投信,安聯AGIF
B200272,2026-02-11,9.749666213989258,美元,安聯投資級公司債基金-AMg穩定月收總收益類股(美元),yfinance,債券型,美國,A0036 安聯投信,安聯AGIF
B200272,2026-02-12,9.779070854187012,美元,安聯投資級公司債基金-AMg穩定月收總收益類股(美元),yfinance,債券型,美國,A0036 安聯投信,安聯AGIF
B200272,2026-02-13,9.812854766845703,美元,安聯投資級公司債基金-AMg穩定月收總收益類股(美元),yfinance,債券型,美國,A0036 安聯投信,安聯AGIF
B200272,2026-02-17,9.81407642364502,美元,安聯投資級公司債基金-AMg穩定月收總收益類股(美元),yfinance,債券型,美國,A0036 安聯投信,安聯AGIF
B200272,2026-02-18,9.810361862182617,美元,安聯投資級公司債基金-AMg穩定月收總收益類股(美元),yfinance,債券型,美國,A0036 安聯投信,安聯AGIF
B200272,2026-02-19,9.803125381469727,美元,安聯投資級公司債基金-AMg穩定月收總收益類股(美元),yfinance,債券型,美國,A0036 安聯投信,安聯AGIF
B200272,2026-02-20,9.808796882629395,美元,安聯投資級公司債基金-AMg穩定月收總收益類股(美元),yfinance,債券型,美國,A0036 安聯投信,安聯AGIF
B200272,2026-02-23,9.818770408630371,美元,安聯投資級公司債基金-AMg穩定月收總收益類股(美元),yfinance,債券型,美國,A0036 安聯投信,安聯AGIF
B200272,2026-02-24,9.81407642364502,美元,安聯投資級公司債基金-AMg穩定月收總收益類股(美元),yfinance,債券型,美國,A0036 安聯投信,安聯AGIF
B200272,2026-02-25,9.816032409667969,美元,安聯投資級公司債基金-AMg穩定月收總收益類股(美元),yfinance,債券型,美國,A0036 安聯投信,安聯AGIF
B200272,2026-02-26,9.818868637084961,美元,安聯投資級公司債基金-AMg穩定月收總收益類股(美元),yfinance,債券型,美國,A0036 安聯投信,安聯AGIF
B200272,2026-02-27,9.816912651062012,美元,安聯投資級公司債基金-AMg穩定月收總收益類股(美元),yfinance,債券型,美國,A0036 安聯投信,安聯AGIF
B200272,2026-03-02,9.770367622375488,美元,安聯投資級公司債基金-AMg穩定月收總收益類股(美元),yfinance,債券型,美國,A0036 安聯投信,安聯AGIF
B200272,2026-03-03,9.7405424118042,美元,安聯投資級公司債基金-AMg穩定月收總收益類股(美元),yfinance,債券型,美國,A0036 安聯投信,安聯AGIF
B200272,2026-03-04,9.78444766998291,美元,安聯投資級公司債基金-AMg穩定月收總收益類股(美元),yfinance,債券型,美國,A0036 安聯投信,安聯AGIF
B200272,2026-03-05,9.751689910888672,美元,安聯投資級公司債基金-AMg穩定月收總收益類股(美元),yfinance,債券型,美國,A0036 安聯投信,安聯AGIF
B200272,2026-03-06,9.716094970703125,美元,安聯投資級公司債基金-AMg穩定月收總收益類股(美元),yfinance,債券型,美國,A0036 安聯投信,安聯AGIF
B200272,2026-03-09,9.720593452453613,美元,安聯投資級公司債基金-AMg穩定月收總收益類股(美元),yfinance,債券型,美國,A0036 安聯投信,安聯AGIF
B200272,2026-03-10,9.748854637145996,美元,安聯投資級公司債基金-AMg穩定月收總收益類股(美元),yfinance,債券型,美國,A0036 安聯投信,安聯AGIF
B200272,2026-03-11,9.685881614685059,美元,安聯投資級公司債基金-AMg穩定月收總收益類股(美元),yfinance,債券型,美國,A0036 安聯投信,安聯AGIF
B200272,2026-03-12,9.638358116149902,美元,安聯投資級公司債基金-AMg穩定月收總收益類股(美元),yfinance,債券型,美國,A0036 安聯投信,安聯AGIF
B200272,2026-03-13,9.62662410736084,美元,安聯投資級公司債基金-AMg穩定月收總收益類股(美元),yfinance,債券型,美國,A0036 安聯投信,安聯AGIF
B200272,2026-03-16,9.638066291809082,美元,安聯投資級公司債基金-AMg穩定月收總收益類股(美元),yfinance,債券型,美國,A0036 安聯投信,安聯AGIF
B200272,2026-03-17,9.658300399780273,美元,安聯投資級公司債基金-AMg穩定月收總收益類股(美元),yfinance,債券型,美國,A0036 安聯投信,安聯AGIF
B200272,2026-03-18,9.65623664855957,美元,安聯投資級公司債基金-AMg穩定月收總收益類股(美元),yfinance,債券型,美國,A0036 安聯投信,安聯AGIF
B200272,2026-03-19,9.619009971618652,美元,安聯投資級公司債基金-AMg穩定月收總收益類股(美元),yfinance,債券型,美國,A0036 安聯投信,安聯AGIF
B200272,2026-03-20,9.582374572753906,美元,安聯投資級公司債基金-AMg穩定月收總收益類股(美元),yfinance,債券型,美國,A0036 安聯投信,安聯AGIF
B200272,2026-03-23,9.614591598510742,美元,安聯投資級公司債基金-AMg穩定月收總收益類股(美元),yfinance,債券型,美國,A0036 安聯投信,安聯AGIF
B200272,2026-03-24,9.595044136047363,美元,安聯投資級公司債基金-AMg穩定月收總收益類股(美元),yfinance,債券型,美國,A0036 安聯投信,安聯AGIF
B200272,2026-03-25,9.645236015319824,美元,安聯投資級公司債基金-AMg穩定月收總收益類股(美元),yfinance,債券型,美國,A0036 安聯投信,安聯AGIF
B200272,2026-03-26,9.604278564453125,美元,安聯投資級公司債基金-AMg穩定月收總收益類股(美元),yfinance,債券型,美國,A0036 安聯投信,安聯AGIF
B200272,2026-03-27,9.543773651123047,美元,安聯投資級公司債基金-AMg穩定月收總收益類股(美元),yfinance,債券型,美國,A0036 安聯投信,安聯AGIF
B200272,2026-03-30,9.593964576721191,美元,安聯投資級公司債基金-AMg穩定月收總收益類股(美元),yfinance,債券型,美國,A0036 安聯投信,安聯AGIF
B200272,2026-03-31,9.61812686920166,美元,安聯投資級公司債基金-AMg穩定月收總收益類股(美元),yfinance,債券型,美國,A0036 安聯投信,安聯AGIF
B200272,2026-04-01,9.65034294128418,美元,安聯投資級公司債基金-AMg穩定月收總收益類股(美元),yfinance,債券型,美國,A0036 安聯投信,安聯AGIF
B200272,2026-04-02,9.640718460083008,美元,安聯投資級公司債基金-AMg穩定月收總收益類股(美元),yfinance,債券型,美國,A0036 安聯投信,安聯AGIF
B200272,2026-04-07,9.662424087524414,美元,安聯投資級公司債基金-AMg穩定月收總收益類股(美元),yfinance,債券型,美國,A0036 安聯投信,安聯AGIF
B200272,2026-04-08,9.74552059173584,美元,安聯投資級公司債基金-AMg穩定月收總收益類股(美元),yfinance,債券型,美國,A0036 安聯投信,安聯AGIF
B200272,2026-04-09,9.698079109191895,美元,安聯投資級公司債基金-AMg穩定月收總收益類股(美元),yfinance,債券型,美國,A0036 安聯投信,安聯AGIF
B200272,2026-04-10,9.7152681350708,美元,安聯投資級公司債基金-AMg穩定月收總收益類股(美元),yfinance,債券型,美國,A0036 安聯投信,安聯AGIF
B200272,2026-04-13,9.700043678283691,美元,安聯投資級公司債基金-AMg穩定月收總收益類股(美元),yfinance,債券型,美國,A0036 安聯投信,安聯AGIF
B200272,2026-04-14,9.73884105682373,美元,安聯投資級公司債基金-AMg穩定月收總收益類股(美元),yfinance,債券型,美國,A0036 安聯投信,安聯AGIF
B200272,2026-04-15,9.74776840209961,美元,安聯投資級公司債基金-AMg穩定月收總收益類股(美元),yfinance,債券型,美國,A0036 安聯投信,安聯AGIF
B200272,2026-04-16,9.750926971435547,美元,安聯投資級公司債基金-AMg穩定月收總收益類股(美元),yfinance,債券型,美國,A0036 安聯投信,安聯AGIF
B200272,2026-04-17,9.76779556274414,美元,安聯投資級公司債基金-AMg穩定月收總收益類股(美元),yfinance,債券型,美國,A0036 安聯投信,安聯AGIF
B200272,2026-04-20,9.765724182128906,美元,安聯投資級公司債基金-AMg穩定月收總收益類股(美元),yfinance,債券型,美國,A0036 安聯投信,安聯AGIF
B200272,2026-04-21,9.761384010314941,美元,安聯投資級公司債基金-AMg穩定月收總收益類股(美元),yfinance,債券型,美國,A0036 安聯投信,安聯AGIF
B200272,2026-04-22,9.762271881103516,美元,安聯投資級公司債基金-AMg穩定月收總收益類股(美元),yfinance,債券型,美國,A0036 安聯投信,安聯AGIF
B200272,2026-04-23,9.75359058380127,美元,安聯投資級公司債基金-AMg穩定月收總收益類股(美元),yfinance,債券型,美國,A0036 安聯投信,安聯AGIF
B200272,2026-04-24,9.728531837463379,美元,安聯投資級公司債基金-AMg穩定月收總收益類股(美元),yfinance,債券型,美國,A0036 安聯投信,安聯AGIF
B200272,2026-04-27,9.736028671264648,美元,安聯投資級公司債基金-AMg穩定月收總收益類股(美元),yfinance,債券型,美國,A0036 安聯投信,安聯AGIF
B200272,2026-04-28,9.700907707214355,美元,安聯投資級公司債基金-AMg穩定月收總收益類股(美元),yfinance,債券型,美國,A0036 安聯投信,安聯AGIF
B200272,2026-04-29,9.68719482421875,美元,安聯投資級公司債基金-AMg穩定月收總收益類股(美元),yfinance,債券型,美國,A0036 安聯投信,安聯AGIF
B200272,2026-04-30,9.679991722106934,美元,安聯投資級公司債基金-AMg穩定月收總收益類股(美元),yfinance,債券型,美國,A0036 安聯投信,安聯AGIF
B200272,2026-05-04,9.678019523620605,美元,安聯投資級公司債基金-AMg穩定月收總收益類股(美元),yfinance,債券型,美國,A0036 安聯投信,安聯AGIF
B200272,2026-05-05,9.686504364013672,美元,安聯投資級公司債基金-AMg穩定月收總收益類股(美元),yfinance,債券型,美國,A0036 安聯投信,安聯AGIF
B200272,2026-05-06,9.737706184387207,美元,安聯投資級公司債基金-AMg穩定月收總收益類股(美元),yfinance,債券型,美國,A0036 安聯投信,安聯AGIF
B200272,2026-05-07,9.745105743408203,美元,安聯投資級公司債基金-AMg穩定月收總收益類股(美元),yfinance,債券型,美國,A0036 安聯投信,安聯AGIF
B200272,2026-05-08,9.739876747131348,美元,安聯投資級公司債基金-AMg穩定月收總收益類股(美元),yfinance,債券型,美國,A0036 安聯投信,安聯AGIF
B200272,2026-05-11,9.727149963378906,美元,安聯投資級公司債基金-AMg穩定月收總收益類股(美元),yfinance,債券型,美國,A0036 安聯投信,安聯AGIF
B200272,2026-05-12,9.686997413635254,美元,安聯投資級公司債基金-AMg穩定月收總收益類股(美元),yfinance,債券型,美國,A0036 安聯投信,安聯AGIF
B200272,2026-05-13,9.690746307373047,美元,安聯投資級公司債基金-AMg穩定月收總收益類股(美元),yfinance,債券型,美國,A0036 安聯投信,安聯AGIF
B200272,2026-05-15,9.590806007385254,美元,安聯投資級公司債基金-AMg穩定月收總收益類股(美元),yfinance,債券型,美國,A0036 安聯投信,安聯AGIF
B200272,2026-05-18,9.61142635345459,美元,安聯投資級公司債基金-AMg穩定月收總收益類股(美元),yfinance,債券型,美國,A0036 安聯投信,安聯AGIF
B200272,2026-05-19,9.557953834533691,美元,安聯投資級公司債基金-AMg穩定月收總收益類股(美元),yfinance,債券型,美國,A0036 安聯投信,安聯AGIF
B200272,2026-05-20,9.559730529785156,美元,安聯投資級公司債基金-AMg穩定月收總收益類股(美元),yfinance,債券型,美國,A0036 安聯投信,安聯AGIF
B200272,2026-05-21,9.587057113647461,美元,安聯投資級公司債基金-AMg穩定月收總收益類股(美元),yfinance,債券型,美國,A0036 安聯投信,安聯AGIF
B200272,2026-05-22,9.634413719177246,美元,安聯投資級公司債基金-AMg穩定月收總收益類股(美元),yfinance,債券型,美國,A0036 安聯投信,安聯AGIF
B200272,2026-05-26,9.67387580871582,美元,安聯投資級公司債基金-AMg穩定月收總收益類股(美元),yfinance,債券型,美國,A0036 安聯投信,安聯AGIF
B200272,2026-05-27,9.682360649108887,美元,安聯投資級公司債基金-AMg穩定月收總收益類股(美元),yfinance,債券型,美國,A0036 安聯投信,安聯AGIF
B200272,2026-05-28,9.677623748779297,美元,安聯投資級公司債基金-AMg穩定月收總收益類股(美元),yfinance,債券型,美國,A0036 安聯投信,安聯AGIF
B200272,2026-05-29,9.708405494689941,美元,安聯投資級公司債基金-AMg穩定月收總收益類股(美元),yfinance,債券型,美國,A0036 安聯投信,安聯AGIF
B200272,2026-06-01,9.682458877563477,美元,安聯投資級公司債基金-AMg穩定月收總收益類股(美元),yfinance,債券型,美國,A0036 安聯投信,安聯AGIF
B200272,2026-06-02,9.72083568572998,美元,安聯投資級公司債基金-AMg穩定月收總收益類股(美元),yfinance,債券型,美國,A0036 安聯投信,安聯AGIF
B200272,2026-06-03,9.683740615844727,美元,安聯投資級公司債基金-AMg穩定月收總收益類股(美元),yfinance,債券型,美國,A0036 安聯投信,安聯AGIF
B200272,2026-06-04,9.707122802734375,美元,安聯投資級公司債基金-AMg穩定月收總收益類股(美元),yfinance,債券型,美國,A0036 安聯投信,安聯AGIF
B200272,2026-06-05,9.668351173400879,美元,安聯投資級公司債基金-AMg穩定月收總收益類股(美元),yfinance,債券型,美國,A0036 安聯投信,安聯AGIF
B200272,2026-06-08,9.669534683227539,美元,安聯投資級公司債基金-AMg穩定月收總收益類股(美元),yfinance,債券型,美國,A0036 安聯投信,安聯AGIF
B200272,2026-06-09,9.665390968322754,美元,安聯投資級公司債基金-AMg穩定月收總收益類股(美元),yfinance,債券型,美國,A0036 安聯投信,安聯AGIF
B200272,2026-06-10,9.670323371887207,美元,安聯投資級公司債基金-AMg穩定月收總收益類股(美元),yfinance,債券型,美國,A0036 安聯投信,安聯AGIF
B200272,2026-06-11,9.682557106018066,美元,安聯投資級公司債基金-AMg穩定月收總收益類股(美元),yfinance,債券型,美國,A0036 安聯投信,安聯AGIF
B200272,2026-06-12,9.697158813476562,美元,安聯投資級公司債基金-AMg穩定月收總收益類股(美元),yfinance,債券型,美國,A0036 安聯投信,安聯AGIF
B200272,2026-06-15,9.741010665893555,美元,安聯投資級公司債基金-AMg穩定月收總收益類股(美元),yfinance,債券型,美國,A0036 安聯投信,安聯AGIF
B200272,2026-06-16,9.727928161621094,美元,安聯投資級公司債基金-AMg穩定月收總收益類股(美元),yfinance,債券型,美國,A0036 安聯投信,安聯AGIF
B200272,2026-06-17,9.72882080078125,美元,安聯投資級公司債基金-AMg穩定月收總收益類股(美元),yfinance,債券型,美國,A0036 安聯投信,安聯AGIF
B200272,2026-06-18,9.740513801574707,美元,安聯投資級公司債基金-AMg穩定月收總收益類股(美元),yfinance,債券型,美國,A0036 安聯投信,安聯AGIF
B200272,2026-06-22,9.696514129638672,美元,安聯投資級公司債基金-AMg穩定月收總收益類股(美元),yfinance,債券型,美國,A0036 安聯投信,安聯AGIF
B200272,2026-06-24,9.746460914611816,美元,安聯投資級公司債基金-AMg穩定月收總收益類股(美元),yfinance,債券型,美國,A0036 安聯投信,安聯AGIF
B200272,2026-06-25,9.770045280456543,美元,安聯投資級公司債基金-AMg穩定月收總收益類股(美元),yfinance,債券型,美國,A0036 安聯投信,安聯AGIF
B200272,2026-06-26,9.74299144744873,美元,安聯投資級公司債基金-AMg穩定月收總收益類股(美元),yfinance,債券型,美國,A0036 安聯投信,安聯AGIF
B200272,2026-06-29,9.770837783813477,美元,安聯投資級公司債基金-AMg穩定月收總收益類股(美元),yfinance,債券型,美國,A0036 安聯投信,安聯AGIF
B200272,2026-06-30,9.752703666687012,美元,安聯投資級公司債基金-AMg穩定月收總收益類股(美元),yfinance,債券型,美國,A0036 安聯投信,安聯AGIF
B200272,2026-07-01,9.708307266235352,美元,安聯投資級公司債基金-AMg穩定月收總收益類股(美元),yfinance,債券型,美國,A0036 安聯投信,安聯AGIF
B200272,2026-07-02,9.714847564697266,美元,安聯投資級公司債基金-AMg穩定月收總收益類股(美元),yfinance,債券型,美國,A0036 安聯投信,安聯AGIF
B200272,2026-07-06,9.720100402832031,美元,安聯投資級公司債基金-AMg穩定月收總收益類股(美元),yfinance,債券型,美國,A0036 安聯投信,安聯AGIF
B200272,2026-07-07,9.690568923950195,美元,安聯投資級公司債基金-AMg穩定月收總收益類股(美元),yfinance,債券型,美國,A0036 安聯投信,安聯AGIF
B200272,2026-07-08,9.648550987243652,美元,安聯投資級公司債基金-AMg穩定月收總收益類股(美元),yfinance,債券型,美國,A0036 安聯投信,安聯AGIF
B200272,2026-07-09,9.657073974609375,美元,安聯投資級公司債基金-AMg穩定月收總收益類股(美元),yfinance,債券型,美國,A0036 安聯投信,安聯AGIF
B200272,2026-07-10,9.646469116210938,美元,安聯投資級公司債基金-AMg穩定月收總收益類股(美元),yfinance,債券型,美國,A0036 安聯投信,安聯AGIF
B200272,2026-07-13,9.632596969604492,美元,安聯投資級公司債基金-AMg穩定月收總收益類股(美元),yfinance,債券型,美國,A0036 安聯投信,安聯AGIF
B200272,2026-07-14,9.618525505065918,美元,安聯投資級公司債基金-AMg穩定月收總收益類股(美元),yfinance,債券型,美國,A0036 安聯投信,安聯AGIF
B200272,2026-07-15,9.633407592773438,美元,安聯投資級公司債基金-AMg穩定月收總收益類股(美元),yfinance,債券型,美國,A0036 安聯投信,安聯AGIF
B200272,2026-07-16,9.632112503051758,美元,安聯投資級公司債基金-AMg穩定月收總收益類股(美元),yfinance,債券型,美國,A0036 安聯投信,安聯AGIF
B200272,2026-07-17,9.660682678222656,美元,安聯投資級公司債基金-AMg穩定月收總收益類股(美元),yfinance,債券型,美國,A0036 安聯投信,安聯AGIF
B200272,2026-07-20,9.638683319091797,美元,安聯投資級公司債基金-AMg穩定月收總收益類股(美元),yfinance,債券型,美國,A0036 安聯投信,安聯AGIF
B200272,2026-07-21,9.596474647521973,美元,安聯投資級公司債基金-AMg穩定月收總收益類股(美元),yfinance,債券型,美國,A0036 安聯投信,安聯AGIF
B200272,2026-07-22,9.58661937713623,美元,安聯投資級公司債基金-AMg穩定月收總收益類股(美元),yfinance,債券型,美國,A0036 安聯投信,安聯AGIF
B200272,2026-07-23,9.541525840759277,美元,安聯投資級公司債基金-AMg穩定月收總收益類股(美元),yfinance,債券型,美國,A0036 安聯投信,安聯AGIF
B200272,2026-07-24,9.55138111114502,美元,安聯投資級公司債基金-AMg穩定月收總收益類股(美元),yfinance,債券型,美國,A0036 安聯投信,安聯AGIF
B200272,2026-07-27,9.563326835632324,美元,安聯投資級公司債基金-AMg穩定月收總收益類股(美元),yfinance,債券型,美國,A0036 安聯投信,安聯AGIF
B200272,2026-07-28,9.572484970092773,美元,安聯投資級公司債基金-AMg穩定月收總收益類股(美元),yfinance,債券型,美國,A0036 安聯投信,安聯AGIF
B200272,2026-07-29,9.574275970458984,美元,安聯投資級公司債基金-AMg穩定月收總收益類股(美元),yfinance,債券型,美國,A0036 安聯投信,安聯AGIF
B200272,2026-07-30,9.553471565246582,美元,安聯投資級公司債基金-AMg穩定月收總收益類股(美元),yfinance,債券型,美國,A0036 安聯投信,安聯AGIF
B200272,2026-07-31,9.539236068725586,美元,安聯投資級公司債基金-AMg穩定月收總收益類股(美元),yfinance,債券型,美國,A0036 安聯投信,安聯AGIF
B200272,2026-08-03,9.564321517944336,美元,安聯投資級公司債基金-AMg穩定月收總收益類股(美元),yfinance,債券型,美國,A0036 安聯投信,安聯AGIF
B200272,2026-08-04,9.607624053955078,美元,安聯投資級公司債基金-AMg穩定月收總收益類股(美元),yfinance,債券型,美國,A0036 安聯投信,安聯AGIF
B200272,2026-08-05,9.61887264251709,美元,安聯投資級公司債基金-AMg穩定月收總收益類股(美元),yfinance,債券型,美國,A0036 安聯投信,安聯AGIF
B200272,2026-08-06,9.602049827575684,美元,安聯投資級公司債基金-AMg穩定月收總收益類股(美元),yfinance,債券型,美國,A0036 安聯投信,安聯AGIF
B200272,2026-08-07,9.614791870117188,美元,安聯投資級公司債基金-AMg穩定月收總收益類股(美元),yfinance,債券型,美國,A0036 安聯投信,安聯AGIF
B200272,2026-08-10,9.583334922790527,美元,安聯投資級公司債基金-AMg穩定月收總收益類股(美元),yfinance,債券型,美國,A0036 安聯投信,安聯AGIF
B200272,2026-08-11,9.581643104553223,美元,安聯投資級公司債基金-AMg穩定月收總收益類股(美元),yfinance,債券型,美國,A0036 安聯投信,安聯AGIF
B200272,2026-08-12,9.596375465393066,美元,安聯投資級公司債基金-AMg穩定月收總收益類股(美元),yfinance,債券型,美國,A0036 安聯投信,安聯AGIF
B200272,2026-08-13,9.62464714050293,美元,安聯投資級公司債基金-AMg穩定月收總收益類股(美元),yfinance,債券型,美國,A0036 安聯投信,安聯AGIF
B200272,2026-08-14,9.601950645446777,美元,安聯投資級公司債基金-AMg穩定月收總收益類股(美元),yfinance,債券型,美國,A0036 安聯投信,安聯AGIF
B200272,2026-08-17,9.571399688720703,美元,安聯投資級公司債基金-AMg穩定月收總收益類股(美元),yfinance,債券型,美國,A0036 安聯投信,安聯AGIF
B200272,2026-08-18,9.537699699401855,美元,安聯投資級公司債基金-AMg穩定月收總收益類股(美元),yfinance,債券型,美國,A0036 安聯投信,安聯AGIF
B160345,2026-01-02,13.408900260925293,美元,景順多元收益成長基金 C 股 美元,yfinance,未分類,全球市場,A0006 景順投信,景順
B160345,2026-01-05,13.418999671936035,美元,景順多元收益成長基金 C 股 美元,yfinance,未分類,全球市場,A0006 景順投信,景順
B160345,2026-01-06,13.530400276184082,美元,景順多元收益成長基金 C 股 美元,yfinance,未分類,全球市場,A0006 景順投信,景順
B160345,2026-01-07,13.570899963378906,美元,景順多元收益成長基金 C 股 美元,yfinance,未分類,全球市場,A0006 景順投信,景順
B160345,2026-01-08,13.442700386047363,美元,景順多元收益成長基金 C 股 美元,yfinance,未分類,全球市場,A0006 景順投信,景順
B160345,2026-01-09,13.49839973449707,美元,景順多元收益成長基金 C 股 美元,yfinance,未分類,全球市場,A0006 景順投信,景順
B160345,2026-01-12,13.535499572753906,美元,景順多元收益成長基金 C 股 美元,yfinance,未分類,全球市場,A0006 景順投信,景順
B160345,2026-01-13,13.555700302124023,美元,景順多元收益成長基金 C 股 美元,yfinance,未分類,全球市場,A0006 景順投信,景順
B160345,2026-01-14,13.51140022277832,美元,景順多元收益成長基金 C 股 美元,yfinance,未分類,全球市場,A0006 景順投信,景順
B160345,2026-01-15,13.567000389099121,美元,景順多元收益成長基金 C 股 美元,yfinance,未分類,全球市場,A0006 景順投信,景順
B160345,2026-01-16,13.555800437927246,美元,景順多元收益成長基金 C 股 美元,yfinance,未分類,全球市場,A0006 景順投信,景順
B160345,2026-01-20,13.532699584960938,美元,景順多元收益成長基金 C 股 美元,yfinance,未分類,全球市場,A0006 景順投信,景順
B160345,2026-01-21,13.520099639892578,美元,景順多元收益成長基金 C 股 美元,yfinance,未分類,全球市場,A0006 景順投信,景順
B160345,2026-01-22,13.61299991607666,美元,景順多元收益成長基金 C 股 美元,yfinance,未分類,全球市場,A0006 景順投信,景順
B160345,2026-01-23,13.644499778747559,美元,景順多元收益成長基金 C 股 美元,yfinance,未分類,全球市場,A0006 景順投信,景順
B160345,2026-01-26,13.747300148010254,美元,景順多元收益成長基金 C 股 美元,yfinance,未分類,全球市場,A0006 景順投信,景順
B160345,2026-01-27,13.839400291442871,美元,景順多元收益成長基金 C 股 美元,yfinance,未分類,全球市場,A0006 景順投信,景順
B160345,2026-01-28,13.956199645996094,美元,景順多元收益成長基金 C 股 美元,yfinance,未分類,全球市場,A0006 景順投信,景順
B160345,2026-01-29,13.94320011138916,美元,景順多元收益成長基金 C 股 美元,yfinance,未分類,全球市場,A0006 景順投信,景順
B160345,2026-01-30,13.935400009155273,美元,景順多元收益成長基金 C 股 美元,yfinance,未分類,全球市場,A0006 景順投信,景順
B160345,2026-02-02,13.760000228881836,美元,景順多元收益成長基金 C 股 美元,yfinance,未分類,全球市場,A0006 景順投信,景順
B160345,2026-02-03,13.756600379943848,美元,景順多元收益成長基金 C 股 美元,yfinance,未分類,全球市場,A0006 景順投信,景順
B160345,2026-02-04,13.788599967956543,美元,景順多元收益成長基金 C 股 美元,yfinance,未分類,全球市場,A0006 景順投信,景順
B160345,2026-02-05,13.80150032043457,美元,景順多元收益成長基金 C 股 美元,yfinance,未分類,全球市場,A0006 景順投信,景順
B160345,2026-02-06,13.820500373840332,美元,景順多元收益成長基金 C 股 美元,yfinance,未分類,全球市場,A0006 景順投信,景順
B160345,2026-02-09,13.94320011138916,美元,景順多元收益成長基金 C 股 美元,yfinance,未分類,全球市場,A0006 景順投信,景順
B160345,2026-02-10,14.0024995803833,美元,景順多元收益成長基金 C 股 美元,yfinance,未分類,全球市場,A0006 景順投信,景順
B160345,2026-02-11,14.042200088500977,美元,景順多元收益成長基金 C 股 美元,yfinance,未分類,全球市場,A0006 景順投信,景順
B160345,2026-02-12,14.060400009155273,美元,景順多元收益成長基金 C 股 美元,yfinance,未分類,全球市場,A0006 景順投信,景順
B160345,2026-02-13,13.943400382995605,美元,景順多元收益成長基金 C 股 美元,yfinance,未分類,全球市場,A0006 景順投信,景順
B160345,2026-02-17,13.989800453186035,美元,景順多元收益成長基金 C 股 美元,yfinance,未分類,全球市場,A0006 景順投信,景順
B160345,2026-02-18,14.030699729919434,美元,景順多元收益成長基金 C 股 美元,yfinance,未分類,全球市場,A0006 景順投信,景順
B160345,2026-02-19,13.972599983215332,美元,景順多元收益成長基金 C 股 美元,yfinance,未分類,全球市場,A0006 景順投信,景順
B160345,2026-02-20,13.965299606323242,美元,景順多元收益成長基金 C 股 美元,yfinance,未分類,全球市場,A0006 景順投信,景順
B160345,2026-02-23,13.99839973449707,美元,景順多元收益成長基金 C 股 美元,yfinance,未分類,全球市場,A0006 景順投信,景順
B160345,2026-02-24,13.964799880981445,美元,景順多元收益成長基金 C 股 美元,yfinance,未分類,全球市場,A0006 景順投信,景順
B160345,2026-02-25,13.947799682617188,美元,景順多元收益成長基金 C 股 美元,yfinance,未分類,全球市場,A0006 景順投信,景順
B160345,2026-02-26,13.971599578857422,美元,景順多元收益成長基金 C 股 美元,yfinance,未分類,全球市場,A0006 景順投信,景順
B160345,2026-02-27,14.003700256347656,美元,景順多元收益成長基金 C 股 美元,yfinance,未分類,全球市場,A0006 景順投信,景順
B160345,2026-03-02,13.84939956665039,美元,景順多元收益成長基金 C 股 美元,yfinance,未分類,全球市場,A0006 景順投信,景順
B160345,2026-03-03,13.513500213623047,美元,景順多元收益成長基金 C 股 美元,yfinance,未分類,全球市場,A0006 景順投信,景順
B160345,2026-03-04,13.58489990234375,美元,景順多元收益成長基金 C 股 美元,yfinance,未分類,全球市場,A0006 景順投信,景順
B160345,2026-03-05,13.557100296020508,美元,景順多元收益成長基金 C 股 美元,yfinance,未分類,全球市場,A0006 景順投信,景順
B160345,2026-03-06,13.369099617004395,美元,景順多元收益成長基金 C 股 美元,yfinance,未分類,全球市場,A0006 景順投信,景順
B160345,2026-03-09,13.174300193786621,美元,景順多元收益成長基金 C 股 美元,yfinance,未分類,全球市場,A0006 景順投信,景順
B160345,2026-03-10,13.437700271606445,美元,景順多元收益成長基金 C 股 美元,yfinance,未分類,全球市場,A0006 景順投信,景順
B160345,2026-03-11,13.365099906921387,美元,景順多元收益成長基金 C 股 美元,yfinance,未分類,全球市場,A0006 景順投信,景順
B160345,2026-03-12,13.27280044555664,美元,景順多元收益成長基金 C 股 美元,yfinance,未分類,全球市場,A0006 景順投信,景順
B160345,2026-03-13,13.102299690246582,美元,景順多元收益成長基金 C 股 美元,yfinance,未分類,全球市場,A0006 景順投信,景順
B160345,2026-03-16,13.128700256347656,美元,景順多元收益成長基金 C 股 美元,yfinance,未分類,全球市場,A0006 景順投信,景順
B160345,2026-03-17,13.15880012512207,美元,景順多元收益成長基金 C 股 美元,yfinance,未分類,全球市場,A0006 景順投信,景順
B160345,2026-03-18,13.257699966430664,美元,景順多元收益成長基金 C 股 美元,yfinance,未分類,全球市場,A0006 景順投信,景順
B160345,2026-03-19,12.946100234985352,美元,景順多元收益成長基金 C 股 美元,yfinance,未分類,全球市場,A0006 景順投信,景順
B160345,2026-03-20,13.031700134277344,美元,景順多元收益成長基金 C 股 美元,yfinance,未分類,全球市場,A0006 景順投信,景順
B160345,2026-03-23,12.926899909973145,美元,景順多元收益成長基金 C 股 美元,yfinance,未分類,全球市場,A0006 景順投信,景順
B160345,2026-03-24,13.013899803161621,美元,景順多元收益成長基金 C 股 美元,yfinance,未分類,全球市場,A0006 景順投信,景順
B160345,2026-03-25,13.156499862670898,美元,景順多元收益成長基金 C 股 美元,yfinance,未分類,全球市場,A0006 景順投信,景順
B160345,2026-03-26,12.956299781799316,美元,景順多元收益成長基金 C 股 美元,yfinance,未分類,全球市場,A0006 景順投信,景順
B160345,2026-03-27,12.85159969329834,美元,景順多元收益成長基金 C 股 美元,yfinance,未分類,全球市場,A0006 景順投信,景順
B160345,2026-03-30,12.86299991607666,美元,景順多元收益成長基金 C 股 美元,yfinance,未分類,全球市場,A0006 景順投信,景順
B160345,2026-03-31,12.833800315856934,美元,景順多元收益成長基金 C 股 美元,yfinance,未分類,全球市場,A0006 景順投信,景順
B160345,2026-04-01,13.117500305175781,美元,景順多元收益成長基金 C 股 美元,yfinance,未分類,全球市場,A0006 景順投信,景順
B160345,2026-04-02,12.927399635314941,美元,景順多元收益成長基金 C 股 美元,yfinance,未分類,全球市場,A0006 景順投信,景順
B160345,2026-04-07,13.06029987335205,美元,景順多元收益成長基金 C 股 美元,yfinance,未分類,全球市場,A0006 景順投信,景順
B160345,2026-04-08,13.467300415039062,美元,景順多元收益成長基金 C 股 美元,yfinance,未分類,全球市場,A0006 景順投信,景順
B160345,2026-04-09,13.422499656677246,美元,景順多元收益成長基金 C 股 美元,yfinance,未分類,全球市場,A0006 景順投信,景順
B160345,2026-04-10,13.497599601745605,美元,景順多元收益成長基金 C 股 美元,yfinance,未分類,全球市場,A0006 景順投信,景順
B160345,2026-04-13,13.420599937438965,美元,景順多元收益成長基金 C 股 美元,yfinance,未分類,全球市場,A0006 景順投信,景順
B160345,2026-04-14,13.6427001953125,美元,景順多元收益成長基金 C 股 美元,yfinance,未分類,全球市場,A0006 景順投信,景順
B160345,2026-04-15,13.689599990844727,美元,景順多元收益成長基金 C 股 美元,yfinance,未分類,全球市場,A0006 景順投信,景順
B160345,2026-04-16,13.715700149536133,美元,景順多元收益成長基金 C 股 美元,yfinance,未分類,全球市場,A0006 景順投信,景順
B160345,2026-04-17,13.764200210571289,美元,景順多元收益成長基金 C 股 美元,yfinance,未分類,全球市場,A0006 景順投信,景順
B160345,2026-04-20,13.805700302124023,美元,景順多元收益成長基金 C 股 美元,yfinance,未分類,全球市場,A0006 景順投信,景順
B160345,2026-04-21,13.855299949645996,美元,景順多元收益成長基金 C 股 美元,yfinance,未分類,全球市場,A0006 景順投信,景順
B160345,2026-04-22,13.789299964904785,美元,景順多元收益成長基金 C 股 美元,yfinance,未分類,全球市場,A0006 景順投信,景順
B160345,2026-04-23,13.684499740600586,美元,景順多元收益成長基金 C 股 美元,yfinance,未分類,全球市場,A0006 景順投信,景順
B160345,2026-04-24,13.772500038146973,美元,景順多元收益成長基金 C 股 美元,yfinance,未分類,全球市場,A0006 景順投信,景順
B160345,2026-04-27,13.83549976348877,美元,景順多元收益成長基金 C 股 美元,yfinance,未分類,全球市場,A0006 景順投信,景順
B160345,2026-04-28,13.711400032043457,美元,景順多元收益成長基金 C 股 美元,yfinance,未分類,全球市場,A0006 景順投信,景順
B160345,2026-04-29,13.700300216674805,美元,景順多元收益成長基金 C 股 美元,yfinance,未分類,全球市場,A0006 景順投信,景順
B160345,2026-04-30,13.675399780273438,美元,景順多元收益成長基金 C 股 美元,yfinance,未分類,全球市場,A0006 景順投信,景順
B160345,2026-05-04,13.748299598693848,美元,景順多元收益成長基金 C 股 美元,yfinance,未分類,全球市場,A0006 景順投信,景順
B160345,2026-05-05,13.687600135803223,美元,景順多元收益成長基金 C 股 美元,yfinance,未分類,全球市場,A0006 景順投信,景順
B160345,2026-05-06,13.980199813842773,美元,景順多元收益成長基金 C 股 美元,yfinance,未分類,全球市場,A0006 景順投信,景順
B160345,2026-05-07,13.950400352478027,美元,景順多元收益成長基金 C 股 美元,yfinance,未分類,全球市場,A0006 景順投信,景順
B160345,2026-05-08,13.902899742126465,美元,景順多元收益成長基金 C 股 美元,yfinance,未分類,全球市場,A0006 景順投信,景順
B160345,2026-05-11,13.88759994506836,美元,景順多元收益成長基金 C 股 美元,yfinance,未分類,全球市場,A0006 景順投信,景順
B160345,2026-05-12,13.773900032043457,美元,景順多元收益成長基金 C 股 美元,yfinance,未分類,全球市場,A0006 景順投信,景順
B160345,2026-05-13,13.74779987335205,美元,景順多元收益成長基金 C 股 美元,yfinance,未分類,全球市場,A0006 景順投信,景順
B160345,2026-05-15,13.646300315856934,美元,景順多元收益成長基金 C 股 美元,yfinance,未分類,全球市場,A0006 景順投信,景順
B160345,2026-05-18,13.524100303649902,美元,景順多元收益成長基金 C 股 美元,yfinance,未分類,全球市場,A0006 景順投信,景順
B160345,2026-05-19,13.564000129699707,美元,景順多元收益成長基金 C 股 美元,yfinance,未分類,全球市場,A0006 景順投信,景順
B160345,2026-05-20,13.526700019836426,美元,景順多元收益成長基金 C 股 美元,yfinance,未分類,全球市場,A0006 景順投信,景順
B160345,2026-05-21,13.565500259399414,美元,景順多元收益成長基金 C 股 美元,yfinance,未分類,全球市場,A0006 景順投信,景順
B160345,2026-05-22,13.615699768066406,美元,景順多元收益成長基金 C 股 美元,yfinance,未分類,全球市場,A0006 景順投信,景順
B160345,2026-05-26,13.787799835205078,美元,景順多元收益成長基金 C 股 美元,yfinance,未分類,全球市場,A0006 景順投信,景順
B160345,2026-05-27,13.815699577331543,美元,景順多元收益成長基金 C 股 美元,yfinance,未分類,全球市場,A0006 景順投信,景順
B160345,2026-05-28,13.735099792480469,美元,景順多元收益成長基金 C 股 美元,yfinance,未分類,全球市場,A0006 景順投信,景順
B160345,2026-05-29,13.925000190734863,美元,景順多元收益成長基金 C 股 美元,yfinance,未分類,全球市場,A0006 景順投信,景順
B160345,2026-06-01,13.920999526977539,美元,景順多元收益成長基金 C 股 美元,yfinance,未分類,全球市場,A0006 景順投信,景順
B160345,2026-06-02,13.933899879455566,美元,景順多元收益成長基金 C 股 美元,yfinance,未分類,全球市場,A0006 景順投信,景順
B160345,2026-06-03,13.837400436401367,美元,景順多元收益成長基金 C 股 美元,yfinance,未分類,全球市場,A0006 景順投信,景順
B160345,2026-06-04,13.734700202941895,美元,景順多元收益成長基金 C 股 美元,yfinance,未分類,全球市場,A0006 景順投信,景順
B160345,2026-06-05,13.797800064086914,美元,景順多元收益成長基金 C 股 美元,yfinance,未分類,全球市場,A0006 景順投信,景順
B160345,2026-06-08,13.599800109863281,美元,景順多元收益成長基金 C 股 美元,yfinance,未分類,全球市場,A0006 景順投信,景順
B160345,2026-06-09,13.64840030670166,美元,景順多元收益成長基金 C 股 美元,yfinance,未分類,全球市場,A0006 景順投信,景順
B160345,2026-06-10,13.587699890136719,美元,景順多元收益成長基金 C 股 美元,yfinance,未分類,全球市場,A0006 景順投信,景順
B160345,2026-06-11,13.612799644470215,美元,景順多元收益成長基金 C 股 美元,yfinance,未分類,全球市場,A0006 景順投信,景順
B160345,2026-06-12,13.751799583435059,美元,景順多元收益成長基金 C 股 美元,yfinance,未分類,全球市場,A0006 景順投信,景順
B160345,2026-06-15,13.895899772644043,美元,景順多元收益成長基金 C 股 美元,yfinance,未分類,全球市場,A0006 景順投信,景順
B160345,2026-06-16,13.8818998336792,美元,景順多元收益成長基金 C 股 美元,yfinance,未分類,全球市場,A0006 景順投信,景順
B160345,2026-06-17,13.85319995880127,美元,景順多元收益成長基金 C 股 美元,yfinance,未分類,全球市場,A0006 景順投信,景順
B160345,2026-06-18,13.629899978637695,美元,景順多元收益成長基金 C 股 美元,yfinance,未分類,全球市場,A0006 景順投信,景順
B160345,2026-06-22,13.62909984588623,美元,景順多元收益成長基金 C 股 美元,yfinance,未分類,全球市場,A0006 景順投信,景順
B160345,2026-06-24,13.425000190734863,美元,景順多元收益成長基金 C 股 美元,yfinance,未分類,全球市場,A0006 景順投信,景順
B160345,2026-06-25,13.513299942016602,美元,景順多元收益成長基金 C 股 美元,yfinance,未分類,全球市場,A0006 景順投信,景順
B160345,2026-06-26,13.543399810791016,美元,景順多元收益成長基金 C 股 美元,yfinance,未分類,全球市場,A0006 景順投信,景順
B160345,2026-06-29,13.621199607849121,美元,景順多元收益成長基金 C 股 美元,yfinance,未分類,全球市場,A0006 景順投信,景順
B160345,2026-06-30,13.591099739074707,美元,景順多元收益成長基金 C 股 美元,yfinance,未分類,全球市場,A0006 景順投信,景順
B160345,2026-07-01,13.567500114440918,美元,景順多元收益成長基金 C 股 美元,yfinance,未分類,全球市場,A0006 景順投信,景順
B160345,2026-07-02,13.626899719238281,美元,景順多元收益成長基金 C 股 美元,yfinance,未分類,全球市場,A0006 景順投信,景順
B160345,2026-07-06,13.743000030517578,美元,景順多元收益成長基金 C 股 美元,yfinance,未分類,全球市場,A0006 景順投信,景順
B160345,2026-07-07,13.729299545288086,美元,景順多元收益成長基金 C 股 美元,yfinance,未分類,全球市場,A0006 景順投信,景順
B160345,2026-07-08,13.594499588012695,美元,景順多元收益成長基金 C 股 美元,yfinance,未分類,全球市場,A0006 景順投信,景順
B160345,2026-07-09,13.604900360107422,美元,景順多元收益成長基金 C 股 美元,yfinance,未分類,全球市場,A0006 景順投信,景順
B160345,2026-07-10,13.683099746704102,美元,景順多元收益成長基金 C 股 美元,yfinance,未分類,全球市場,A0006 景順投信,景順
B160345,2026-07-13,13.709099769592285,美元,景順多元收益成長基金 C 股 美元,yfinance,未分類,全球市場,A0006 景順投信,景順
B160345,2026-07-14,13.619400024414062,美元,景順多元收益成長基金 C 股 美元,yfinance,未分類,全球市場,A0006 景順投信,景順
B160345,2026-07-15,13.687100410461426,美元,景順多元收益成長基金 C 股 美元,yfinance,未分類,全球市場,A0006 景順投信,景順
B160345,2026-07-16,13.730600357055664,美元,景順多元收益成長基金 C 股 美元,yfinance,未分類,全球市場,A0006 景順投信,景順
B160345,2026-07-17,13.660799980163574,美元,景順多元收益成長基金 C 股 美元,yfinance,未分類,全球市場,A0006 景順投信,景順
B160345,2026-07-20,13.653900146484375,美元,景順多元收益成長基金 C 股 美元,yfinance,未分類,全球市場,A0006 景順投信,景順
B160345,2026-07-21,13.644399642944336,美元,景順多元收益成長基金 C 股 美元,yfinance,未分類,全球市場,A0006 景順投信,景順
B160345,2026-07-22,13.621999740600586,美元,景順多元收益成長基金 C 股 美元,yfinance,未分類,全球市場,A0006 景順投信,景順
B160345,2026-07-23,13.621500015258789,美元,景順多元收益成長基金 C 股 美元,yfinance,未分類,全球市場,A0006 景順投信,景順
B160345,2026-07-24,13.578900337219238,美元,景順多元收益成長基金 C 股 美元,yfinance,未分類,全球市場,A0006 景順投信,景順
B160345,2026-07-27,13.682000160217285,美元,景順多元收益成長基金 C 股 美元,yfinance,未分類,全球市場,A0006 景順投信,景順
B160345,2026-07-28,13.62399959564209,美元,景順多元收益成長基金 C 股 美元,yfinance,未分類,全球市場,A0006 景順投信,景順
B160345,2026-07-29,13.705400466918945,美元,景順多元收益成長基金 C 股 美元,yfinance,未分類,全球市場,A0006 景順投信,景順
B160345,2026-07-30,13.810799598693848,美元,景順多元收益成長基金 C 股 美元,yfinance,未分類,全球市場,A0006 景順投信,景順
B160345,2026-07-31,13.843400001525879,美元,景順多元收益成長基金 C 股 美元,yfinance,未分類,全球市場,A0006 景順投信,景順
B160345,2026-08-03,13.898500442504883,美元,景順多元收益成長基金 C 股 美元,yfinance,未分類,全球市場,A0006 景順投信,景順
B160345,2026-08-04,13.92609977722168,美元,景順多元收益成長基金 C 股 美元,yfinance,未分類,全球市場,A0006 景順投信,景順
B160345,2026-08-05,14.090900421142578,美元,景順多元收益成長基金 C 股 美元,yfinance,未分類,全球市場,A0006 景順投信,景順
B160345,2026-08-06,14.056099891662598,美元,景順多元收益成長基金 C 股 美元,yfinance,未分類,全球市場,A0006 景順投信,景順
B160345,2026-08-07,14.041799545288086,美元,景順多元收益成長基金 C 股 美元,yfinance,未分類,全球市場,A0006 景順投信,景順
B160345,2026-08-10,14.100299835205078,美元,景順多元收益成長基金 C 股 美元,yfinance,未分類,全球市場,A0006 景順投信,景順
B160345,2026-08-11,14.01710033416748,美元,景順多元收益成長基金 C 股 美元,yfinance,未分類,全球市場,A0006 景順投信,景順
B160345,2026-08-12,14.04889965057373,美元,景順多元收益成長基金 C 股 美元,yfinance,未分類,全球市場,A0006 景順投信,景順
B160345,2026-08-13,14.038900375366211,美元,景順多元收益成長基金 C 股 美元,yfinance,未分類,全球市場,A0006 景順投信,景順
B160345,2026-08-14,14.063400268554688,美元,景順多元收益成長基金 C 股 美元,yfinance,未分類,全球市場,A0006 景順投信,景順
B160345,2026-08-17,14.1003999710083,美元,景順多元收益成長基金 C 股 美元,yfinance,未分類,全球市場,A0006 景順投信,景順
B160345,2026-08-18,13.992500305175781,美元,景順多元收益成長基金 C 股 美元,yfinance,未分類,全球市場,A0006 景順投信,景順
B140419,2026-01-02,16.6299991607666,美元,富達基金－日本價值基金 (B股累計美元避險),yfinance,未分類,日本,A0038 富達投信,富達
B140419,2026-01-05,16.989999771118164,美元,富達基金－日本價值基金 (B股累計美元避險),yfinance,未分類,日本,A0038 富達投信,富達
B140419,2026-01-06,17.18000030517578,美元,富達基金－日本價值基金 (B股累計美元避險),yfinance,未分類,日本,A0038 富達投信,富達
B140419,2026-01-07,17.1299991607666,美元,富達基金－日本價值基金 (B股累計美元避險),yfinance,未分類,日本,A0038 富達投信,富達
B140419,2026-01-08,17.09000015258789,美元,富達基金－日本價值基金 (B股累計美元避險),yfinance,未分類,日本,A0038 富達投信,富達
B140419,2026-01-09,17.56999969482422,美元,富達基金－日本價值基金 (B股累計美元避險),yfinance,未分類,日本,A0038 富達投信,富達
B140419,2026-01-12,17.719999313354492,美元,富達基金－日本價值基金 (B股累計美元避險),yfinance,未分類,日本,A0038 富達投信,富達
B140419,2026-01-13,17.770000457763672,美元,富達基金－日本價值基金 (B股累計美元避險),yfinance,未分類,日本,A0038 富達投信,富達
B140419,2026-01-14,17.770000457763672,美元,富達基金－日本價值基金 (B股累計美元避險),yfinance,未分類,日本,A0038 富達投信,富達
B140419,2026-01-15,17.979999542236328,美元,富達基金－日本價值基金 (B股累計美元避險),yfinance,未分類,日本,A0038 富達投信,富達
B140419,2026-01-16,17.93000030517578,美元,富達基金－日本價值基金 (B股累計美元避險),yfinance,未分類,日本,A0038 富達投信,富達
B140419,2026-01-20,17.670000076293945,美元,富達基金－日本價值基金 (B股累計美元避險),yfinance,未分類,日本,A0038 富達投信,富達
B140419,2026-01-21,17.739999771118164,美元,富達基金－日本價值基金 (B股累計美元避險),yfinance,未分類,日本,A0038 富達投信,富達
B140419,2026-01-22,17.84000015258789,美元,富達基金－日本價值基金 (B股累計美元避險),yfinance,未分類,日本,A0038 富達投信,富達
B140419,2026-01-23,17.690000534057617,美元,富達基金－日本價值基金 (B股累計美元避險),yfinance,未分類,日本,A0038 富達投信,富達
B140419,2026-01-26,17.3700008392334,美元,富達基金－日本價值基金 (B股累計美元避險),yfinance,未分類,日本,A0038 富達投信,富達
B140419,2026-01-27,17.399999618530273,美元,富達基金－日本價值基金 (B股累計美元避險),yfinance,未分類,日本,A0038 富達投信,富達
B140419,2026-01-28,17.489999771118164,美元,富達基金－日本價值基金 (B股累計美元避險),yfinance,未分類,日本,A0038 富達投信,富達
B140419,2026-01-29,17.290000915527344,美元,富達基金－日本價值基金 (B股累計美元避險),yfinance,未分類,日本,A0038 富達投信,富達
B140419,2026-01-30,17.420000076293945,美元,富達基金－日本價值基金 (B股累計美元避險),yfinance,未分類,日本,A0038 富達投信,富達
B140419,2026-02-02,17.579999923706055,美元,富達基金－日本價值基金 (B股累計美元避險),yfinance,未分類,日本,A0038 富達投信,富達
B140419,2026-02-03,17.719999313354492,美元,富達基金－日本價值基金 (B股累計美元避險),yfinance,未分類,日本,A0038 富達投信,富達
B140419,2026-02-04,18.079999923706055,美元,富達基金－日本價值基金 (B股累計美元避險),yfinance,未分類,日本,A0038 富達投信,富達
B140419,2026-02-05,17.90999984741211,美元,富達基金－日本價值基金 (B股累計美元避險),yfinance,未分類,日本,A0038 富達投信,富達
B140419,2026-02-06,18.6299991607666,美元,富達基金－日本價值基金 (B股累計美元避險),yfinance,未分類,日本,A0038 富達投信,富達
B140419,2026-02-09,19.049999237060547,美元,富達基金－日本價值基金 (B股累計美元避險),yfinance,未分類,日本,A0038 富達投信,富達
B140419,2026-02-10,19.399999618530273,美元,富達基金－日本價值基金 (B股累計美元避險),yfinance,未分類,日本,A0038 富達投信,富達
B140419,2026-02-11,19.43000030517578,美元,富達基金－日本價值基金 (B股累計美元避險),yfinance,未分類,日本,A0038 富達投信,富達
B140419,2026-02-12,19.200000762939453,美元,富達基金－日本價值基金 (B股累計美元避險),yfinance,未分類,日本,A0038 富達投信,富達
B140419,2026-02-13,19.229999542236328,美元,富達基金－日本價值基金 (B股累計美元避險),yfinance,未分類,日本,A0038 富達投信,富達
B140419,2026-02-17,18.889999389648438,美元,富達基金－日本價值基金 (B股累計美元避險),yfinance,未分類,日本,A0038 富達投信,富達
B140419,2026-02-18,19.1299991607666,美元,富達基金－日本價值基金 (B股累計美元避險),yfinance,未分類,日本,A0038 富達投信,富達
B140419,2026-02-19,19.170000076293945,美元,富達基金－日本價值基金 (B股累計美元避險),yfinance,未分類,日本,A0038 富達投信,富達
B140419,2026-02-20,19.219999313354492,美元,富達基金－日本價值基金 (B股累計美元避險),yfinance,未分類,日本,A0038 富達投信,富達
B140419,2026-02-23,19.139999389648438,美元,富達基金－日本價值基金 (B股累計美元避險),yfinance,未分類,日本,A0038 富達投信,富達
B140419,2026-02-24,19.360000610351562,美元,富達基金－日本價值基金 (B股累計美元避險),yfinance,未分類,日本,A0038 富達投信,富達
B140419,2026-02-25,19.530000686645508,美元,富達基金－日本價值基金 (B股累計美元避險),yfinance,未分類,日本,A0038 富達投信,富達
B140419,2026-02-26,19.56999969482422,美元,富達基金－日本價值基金 (B股累計美元避險),yfinance,未分類,日本,A0038 富達投信,富達
B140419,2026-02-27,19.850000381469727,美元,富達基金－日本價值基金 (B股累計美元避險),yfinance,未分類,日本,A0038 富達投信,富達
B140419,2026-03-02,19.520000457763672,美元,富達基金－日本價值基金 (B股累計美元避險),yfinance,未分類,日本,A0038 富達投信,富達
B140419,2026-03-03,18.5,美元,富達基金－日本價值基金 (B股累計美元避險),yfinance,未分類,日本,A0038 富達投信,富達
B140419,2026-03-04,18.799999237060547,美元,富達基金－日本價值基金 (B股累計美元避險),yfinance,未分類,日本,A0038 富達投信,富達
B140419,2026-03-05,18.43000030517578,美元,富達基金－日本價值基金 (B股累計美元避險),yfinance,未分類,日本,A0038 富達投信,富達
B140419,2026-03-06,18.1200008392334,美元,富達基金－日本價值基金 (B股累計美元避險),yfinance,未分類,日本,A0038 富達投信,富達
B140419,2026-03-09,18.079999923706055,美元,富達基金－日本價值基金 (B股累計美元避險),yfinance,未分類,日本,A0038 富達投信,富達
B140419,2026-03-10,18.649999618530273,美元,富達基金－日本價值基金 (B股累計美元避險),yfinance,未分類,日本,A0038 富達投信,富達
B140419,2026-03-11,18.31999969482422,美元,富達基金－日本價值基金 (B股累計美元避險),yfinance,未分類,日本,A0038 富達投信,富達
B140419,2026-03-12,18.020000457763672,美元,富達基金－日本價值基金 (B股累計美元避險),yfinance,未分類,日本,A0038 富達投信,富達
B140419,2026-03-13,17.979999542236328,美元,富達基金－日本價值基金 (B股累計美元避險),yfinance,未分類,日本,A0038 富達投信,富達
B140419,2026-03-16,18.149999618530273,美元,富達基金－日本價值基金 (B股累計美元避險),yfinance,未分類,日本,A0038 富達投信,富達
B140419,2026-03-17,18.15999984741211,美元,富達基金－日本價值基金 (B股累計美元避險),yfinance,未分類,日本,A0038 富達投信,富達
B140419,2026-03-18,18.219999313354492,美元,富達基金－日本價值基金 (B股累計美元避險),yfinance,未分類,日本,A0038 富達投信,富達
B140419,2026-03-19,17.760000228881836,美元,富達基金－日本價值基金 (B股累計美元避險),yfinance,未分類,日本,A0038 富達投信,富達
B140419,2026-03-20,17.639999389648438,美元,富達基金－日本價值基金 (B股累計美元避險),yfinance,未分類,日本,A0038 富達投信,富達
B140419,2026-03-23,17.670000076293945,美元,富達基金－日本價值基金 (B股累計美元避險),yfinance,未分類,日本,A0038 富達投信,富達
B140419,2026-03-24,17.860000610351562,美元,富達基金－日本價值基金 (B股累計美元避險),yfinance,未分類,日本,A0038 富達投信,富達
B140419,2026-03-25,18.239999771118164,美元,富達基金－日本價值基金 (B股累計美元避險),yfinance,未分類,日本,A0038 富達投信,富達
B140419,2026-03-26,18.0,美元,富達基金－日本價值基金 (B股累計美元避險),yfinance,未分類,日本,A0038 富達投信,富達
B140419,2026-03-27,17.639999389648438,美元,富達基金－日本價值基金 (B股累計美元避險),yfinance,未分類,日本,A0038 富達投信,富達
B140419,2026-03-30,17.610000610351562,美元,富達基金－日本價值基金 (B股累計美元避險),yfinance,未分類,日本,A0038 富達投信,富達
B140419,2026-03-31,17.530000686645508,美元,富達基金－日本價值基金 (B股累計美元避險),yfinance,未分類,日本,A0038 富達投信,富達
B140419,2026-04-01,18.530000686645508,美元,富達基金－日本價值基金 (B股累計美元避險),yfinance,未分類,日本,A0038 富達投信,富達
B140419,2026-04-02,18.209999084472656,美元,富達基金－日本價值基金 (B股累計美元避險),yfinance,未分類,日本,A0038 富達投信,富達
B140419,2026-04-06,18.329999923706055,美元,富達基金－日本價值基金 (B股累計美元避險),yfinance,未分類,日本,A0038 富達投信,富達
B140419,2026-04-07,18.190000534057617,美元,富達基金－日本價值基金 (B股累計美元避險),yfinance,未分類,日本,A0038 富達投信,富達
B140419,2026-04-08,19.239999771118164,美元,富達基金－日本價值基金 (B股累計美元避險),yfinance,未分類,日本,A0038 富達投信,富達
B140419,2026-04-09,19.06999969482422,美元,富達基金－日本價值基金 (B股累計美元避險),yfinance,未分類,日本,A0038 富達投信,富達
B140419,2026-04-10,19.239999771118164,美元,富達基金－日本價值基金 (B股累計美元避險),yfinance,未分類,日本,A0038 富達投信,富達
B140419,2026-04-13,19.1200008392334,美元,富達基金－日本價值基金 (B股累計美元避險),yfinance,未分類,日本,A0038 富達投信,富達
B140419,2026-04-14,19.350000381469727,美元,富達基金－日本價值基金 (B股累計美元避險),yfinance,未分類,日本,A0038 富達投信,富達
B140419,2026-04-15,19.100000381469727,美元,富達基金－日本價值基金 (B股累計美元避險),yfinance,未分類,日本,A0038 富達投信,富達
B140419,2026-04-16,19.15999984741211,美元,富達基金－日本價值基金 (B股累計美元避險),yfinance,未分類,日本,A0038 富達投信,富達
B140419,2026-04-17,19.219999313354492,美元,富達基金－日本價值基金 (B股累計美元避險),yfinance,未分類,日本,A0038 富達投信,富達
B140419,2026-04-20,19.030000686645508,美元,富達基金－日本價值基金 (B股累計美元避險),yfinance,未分類,日本,A0038 富達投信,富達
B140419,2026-04-21,18.809999465942383,美元,富達基金－日本價值基金 (B股累計美元避險),yfinance,未分類,日本,A0038 富達投信,富達
B140419,2026-04-22,18.719999313354492,美元,富達基金－日本價值基金 (B股累計美元避險),yfinance,未分類,日本,A0038 富達投信,富達
B140419,2026-04-23,18.760000228881836,美元,富達基金－日本價值基金 (B股累計美元避險),yfinance,未分類,日本,A0038 富達投信,富達
B140419,2026-04-24,18.760000228881836,美元,富達基金－日本價值基金 (B股累計美元避險),yfinance,未分類,日本,A0038 富達投信,富達
B140419,2026-04-27,18.59000015258789,美元,富達基金－日本價值基金 (B股累計美元避險),yfinance,未分類,日本,A0038 富達投信,富達
B140419,2026-04-28,19.030000686645508,美元,富達基金－日本價值基金 (B股累計美元避險),yfinance,未分類,日本,A0038 富達投信,富達
B140419,2026-04-29,19.06999969482422,美元,富達基金－日本價值基金 (B股累計美元避險),yfinance,未分類,日本,A0038 富達投信,富達
B140419,2026-04-30,19.010000228881836,美元,富達基金－日本價值基金 (B股累計美元避險),yfinance,未分類,日本,A0038 富達投信,富達
B140419,2026-05-01,18.829999923706055,美元,富達基金－日本價值基金 (B股累計美元避險),yfinance,未分類,日本,A0038 富達投信,富達
B140419,2026-05-04,18.81999969482422,美元,富達基金－日本價值基金 (B股累計美元避險),yfinance,未分類,日本,A0038 富達投信,富達
B140419,2026-05-05,19.030000686645508,美元,富達基金－日本價值基金 (B股累計美元避險),yfinance,未分類,日本,A0038 富達投信,富達
B140419,2026-05-06,19.299999237060547,美元,富達基金－日本價值基金 (B股累計美元避險),yfinance,未分類,日本,A0038 富達投信,富達
B140419,2026-05-07,19.469999313354492,美元,富達基金－日本價值基金 (B股累計美元避險),yfinance,未分類,日本,A0038 富達投信,富達
B140419,2026-05-08,19.639999389648438,美元,富達基金－日本價值基金 (B股累計美元避險),yfinance,未分類,日本,A0038 富達投信,富達
B140419,2026-05-11,19.690000534057617,美元,富達基金－日本價值基金 (B股累計美元避險),yfinance,未分類,日本,A0038 富達投信,富達
B140419,2026-05-12,19.850000381469727,美元,富達基金－日本價值基金 (B股累計美元避險),yfinance,未分類,日本,A0038 富達投信,富達
B140419,2026-05-13,20.389999389648438,美元,富達基金－日本價值基金 (B股累計美元避險),yfinance,未分類,日本,A0038 富達投信,富達
B140419,2026-05-14,20.260000228881836,美元,富達基金－日本價值基金 (B股累計美元避險),yfinance,未分類,日本,A0038 富達投信,富達
B140419,2026-05-15,20.059999465942383,美元,富達基金－日本價值基金 (B股累計美元避險),yfinance,未分類,日本,A0038 富達投信,富達
B140419,2026-05-18,19.739999771118164,美元,富達基金－日本價值基金 (B股累計美元避險),yfinance,未分類,日本,A0038 富達投信,富達
B140419,2026-05-19,19.56999969482422,美元,富達基金－日本價值基金 (B股累計美元避險),yfinance,未分類,日本,A0038 富達投信,富達
B140419,2026-05-20,19.690000534057617,美元,富達基金－日本價值基金 (B股累計美元避險),yfinance,未分類,日本,A0038 富達投信,富達
B140419,2026-05-21,19.670000076293945,美元,富達基金－日本價值基金 (B股累計美元避險),yfinance,未分類,日本,A0038 富達投信,富達
B140419,2026-05-22,20.040000915527344,美元,富達基金－日本價值基金 (B股累計美元避險),yfinance,未分類,日本,A0038 富達投信,富達
B140419,2026-05-26,20.639999389648438,美元,富達基金－日本價值基金 (B股累計美元避險),yfinance,未分類,日本,A0038 富達投信,富達
B140419,2026-05-27,20.239999771118164,美元,富達基金－日本價值基金 (B股累計美元避險),yfinance,未分類,日本,A0038 富達投信,富達
B140419,2026-05-28,20.420000076293945,美元,富達基金－日本價值基金 (B股累計美元避險),yfinance,未分類,日本,A0038 富達投信,富達
B140419,2026-05-29,20.610000610351562,美元,富達基金－日本價值基金 (B股累計美元避險),yfinance,未分類,日本,A0038 富達投信,富達
B140419,2026-06-01,20.389999389648438,美元,富達基金－日本價值基金 (B股累計美元避險),yfinance,未分類,日本,A0038 富達投信,富達
B140419,2026-06-02,20.530000686645508,美元,富達基金－日本價值基金 (B股累計美元避險),yfinance,未分類,日本,A0038 富達投信,富達
B140419,2026-06-03,20.729999542236328,美元,富達基金－日本價值基金 (B股累計美元避險),yfinance,未分類,日本,A0038 富達投信,富達
B140419,2026-06-04,20.520000457763672,美元,富達基金－日本價值基金 (B股累計美元避險),yfinance,未分類,日本,A0038 富達投信,富達
B140419,2026-06-05,20.290000915527344,美元,富達基金－日本價值基金 (B股累計美元避險),yfinance,未分類,日本,A0038 富達投信,富達
B140419,2026-06-08,20.229999542236328,美元,富達基金－日本價值基金 (B股累計美元避險),yfinance,未分類,日本,A0038 富達投信,富達
B140419,2026-06-09,20.010000228881836,美元,富達基金－日本價值基金 (B股累計美元避險),yfinance,未分類,日本,A0038 富達投信,富達
B140419,2026-06-10,19.59000015258789,美元,富達基金－日本價值基金 (B股累計美元避險),yfinance,未分類,日本,A0038 富達投信,富達
B140419,2026-06-11,19.729999542236328,美元,富達基金－日本價值基金 (B股累計美元避險),yfinance,未分類,日本,A0038 富達投信,富達
B140419,2026-06-12,20.290000915527344,美元,富達基金－日本價值基金 (B股累計美元避險),yfinance,未分類,日本,A0038 富達投信,富達
B140419,2026-06-15,20.809999465942383,美元,富達基金－日本價值基金 (B股累計美元避險),yfinance,未分類,日本,A0038 富達投信,富達
B140419,2026-06-16,20.850000381469727,美元,富達基金－日本價值基金 (B股累計美元避險),yfinance,未分類,日本,A0038 富達投信,富達
B140419,2026-06-17,21.239999771118164,美元,富達基金－日本價值基金 (B股累計美元避險),yfinance,未分類,日本,A0038 富達投信,富達
B140419,2026-06-18,21.65999984741211,美元,富達基金－日本價值基金 (B股累計美元避險),yfinance,未分類,日本,A0038 富達投信,富達
B140419,2026-06-22,22.25,美元,富達基金－日本價值基金 (B股累計美元避險),yfinance,未分類,日本,A0038 富達投信,富達
B140419,2026-06-23,20.940000534057617,美元,富達基金－日本價值基金 (B股累計美元避險),yfinance,未分類,日本,A0038 富達投信,富達
B140419,2026-06-24,21.190000534057617,美元,富達基金－日本價值基金 (B股累計美元避險),yfinance,未分類,日本,A0038 富達投信,富達
B140419,2026-06-25,21.1299991607666,美元,富達基金－日本價值基金 (B股累計美元避險),yfinance,未分類,日本,A0038 富達投信,富達
B140419,2026-06-26,21.100000381469727,美元,富達基金－日本價值基金 (B股累計美元避險),yfinance,未分類,日本,A0038 富達投信,富達
B140419,2026-06-29,21.040000915527344,美元,富達基金－日本價值基金 (B股累計美元避險),yfinance,未分類,日本,A0038 富達投信,富達
B140419,2026-06-30,21.31999969482422,美元,富達基金－日本價值基金 (B股累計美元避險),yfinance,未分類,日本,A0038 富達投信,富達
B140419,2026-07-01,21.059999465942383,美元,富達基金－日本價值基金 (B股累計美元避險),yfinance,未分類,日本,A0038 富達投信,富達
B140419,2026-07-02,20.649999618530273,美元,富達基金－日本價值基金 (B股累計美元避險),yfinance,未分類,日本,A0038 富達投信,富達
B140419,2026-07-06,21.399999618530273,美元,富達基金－日本價值基金 (B股累計美元避險),yfinance,未分類,日本,A0038 富達投信,富達
B140419,2026-07-07,20.610000610351562,美元,富達基金－日本價值基金 (B股累計美元避險),yfinance,未分類,日本,A0038 富達投信,富達
B140419,2026-07-08,20.420000076293945,美元,富達基金－日本價值基金 (B股累計美元避險),yfinance,未分類,日本,A0038 富達投信,富達
B140419,2026-07-09,20.90999984741211,美元,富達基金－日本價值基金 (B股累計美元避險),yfinance,未分類,日本,A0038 富達投信,富達
B140419,2026-07-10,20.899999618530273,美元,富達基金－日本價值基金 (B股累計美元避險),yfinance,未分類,日本,A0038 富達投信,富達
B140419,2026-07-13,20.469999313354492,美元,富達基金－日本價值基金 (B股累計美元避險),yfinance,未分類,日本,A0038 富達投信,富達
B140419,2026-07-14,20.540000915527344,美元,富達基金－日本價值基金 (B股累計美元避險),yfinance,未分類,日本,A0038 富達投信,富達
B140419,2026-07-15,20.399999618530273,美元,富達基金－日本價值基金 (B股累計美元避險),yfinance,未分類,日本,A0038 富達投信,富達
B140419,2026-07-16,20.06999969482422,美元,富達基金－日本價值基金 (B股累計美元避險),yfinance,未分類,日本,A0038 富達投信,富達
B140419,2026-07-20,19.68000030517578,美元,富達基金－日本價值基金 (B股累計美元避險),yfinance,未分類,日本,A0038 富達投信,富達
B140419,2026-07-21,20.270000457763672,美元,富達基金－日本價值基金 (B股累計美元避險),yfinance,未分類,日本,A0038 富達投信,富達
B140419,2026-07-22,20.3799991607666,美元,富達基金－日本價值基金 (B股累計美元避險),yfinance,未分類,日本,A0038 富達投信,富達
B140419,2026-07-23,20.1200008392334,美元,富達基金－日本價值基金 (B股累計美元避險),yfinance,未分類,日本,A0038 富達投信,富達
B140419,2026-07-24,20.219999313354492,美元,富達基金－日本價值基金 (B股累計美元避險),yfinance,未分類,日本,A0038 富達投信,富達
B140419,2026-07-27,19.989999771118164,美元,富達基金－日本價值基金 (B股累計美元避險),yfinance,未分類,日本,A0038 富達投信,富達
B140419,2026-07-28,19.600000381469727,美元,富達基金－日本價值基金 (B股累計美元避險),yfinance,未分類,日本,A0038 富達投信,富達
B140419,2026-07-29,19.170000076293945,美元,富達基金－日本價值基金 (B股累計美元避險),yfinance,未分類,日本,A0038 富達投信,富達
B140419,2026-07-30,19.229999542236328,美元,富達基金－日本價值基金 (B股累計美元避險),yfinance,未分類,日本,A0038 富達投信,富達
B140419,2026-07-31,19.18000030517578,美元,富達基金－日本價值基金 (B股累計美元避險),yfinance,未分類,日本,A0038 富達投信,富達
B140419,2026-08-03,19.059999465942383,美元,富達基金－日本價值基金 (B股累計美元避險),yfinance,未分類,日本,A0038 富達投信,富達
B140419,2026-08-04,19.729999542236328,美元,富達基金－日本價值基金 (B股累計美元避險),yfinance,未分類,日本,A0038 富達投信,富達
B140419,2026-08-05,20.030000686645508,美元,富達基金－日本價值基金 (B股累計美元避險),yfinance,未分類,日本,A0038 富達投信,富達
B140419,2026-08-06,20.139999389648438,美元,富達基金－日本價值基金 (B股累計美元避險),yfinance,未分類,日本,A0038 富達投信,富達
B140419,2026-08-07,20.149999618530273,美元,富達基金－日本價值基金 (B股累計美元避險),yfinance,未分類,日本,A0038 富達投信,富達
B140419,2026-08-10,19.969999313354492,美元,富達基金－日本價值基金 (B股累計美元避險),yfinance,未分類,日本,A0038 富達投信,富達
B140419,2026-08-11,20.110000610351562,美元,富達基金－日本價值基金 (B股累計美元避險),yfinance,未分類,日本,A0038 富達投信,富達
B140419,2026-08-12,20.540000915527344,美元,富達基金－日本價值基金 (B股累計美元避險),yfinance,未分類,日本,A0038 富達投信,富達
B140419,2026-08-13,20.829999923706055,美元,富達基金－日本價值基金 (B股累計美元避險),yfinance,未分類,日本,A0038 富達投信,富達
B140419,2026-08-14,20.649999618530273,美元,富達基金－日本價值基金 (B股累計美元避險),yfinance,未分類,日本,A0038 富達投信,富達
B140419,2026-08-17,20.969999313354492,美元,富達基金－日本價值基金 (B股累計美元避險),yfinance,未分類,日本,A0038 富達投信,富達
B460104,2026-01-02,8.830251693725586,美元,PIMCO全球投資級別債券基金-M級類別(穩定月收息股份),yfinance,債券型,全球市場,B0351 品浩太平洋投顧,品浩
B460104,2026-01-05,8.849302291870117,美元,PIMCO全球投資級別債券基金-M級類別(穩定月收息股份),yfinance,債券型,全球市場,B0351 品浩太平洋投顧,品浩
B460104,2026-01-06,8.8588285446167,美元,PIMCO全球投資級別債券基金-M級類別(穩定月收息股份),yfinance,債券型,全球市場,B0351 品浩太平洋投顧,品浩
B460104,2026-01-07,8.868351936340332,美元,PIMCO全球投資級別債券基金-M級類別(穩定月收息股份),yfinance,債券型,全球市場,B0351 品浩太平洋投顧,品浩
B460104,2026-01-08,8.8588285446167,美元,PIMCO全球投資級別債券基金-M級類別(穩定月收息股份),yfinance,債券型,全球市場,B0351 品浩太平洋投顧,品浩
B460104,2026-01-09,8.88740348815918,美元,PIMCO全球投資級別債券基金-M級類別(穩定月收息股份),yfinance,債券型,全球市場,B0351 品浩太平洋投顧,品浩
B460104,2026-01-12,8.877878189086914,美元,PIMCO全球投資級別債券基金-M級類別(穩定月收息股份),yfinance,債券型,全球市場,B0351 品浩太平洋投顧,品浩
B460104,2026-01-13,8.88740348815918,美元,PIMCO全球投資級別債券基金-M級類別(穩定月收息股份),yfinance,債券型,全球市場,B0351 品浩太平洋投顧,品浩
B460104,2026-01-14,8.906455993652344,美元,PIMCO全球投資級別債券基金-M級類別(穩定月收息股份),yfinance,債券型,全球市場,B0351 品浩太平洋投顧,品浩
B460104,2026-01-15,8.906455993652344,美元,PIMCO全球投資級別債券基金-M級類別(穩定月收息股份),yfinance,債券型,全球市場,B0351 品浩太平洋投顧,品浩
B460104,2026-01-16,8.88740348815918,美元,PIMCO全球投資級別債券基金-M級類別(穩定月收息股份),yfinance,債券型,全球市場,B0351 品浩太平洋投顧,品浩
B460104,2026-01-20,8.849302291870117,美元,PIMCO全球投資級別債券基金-M級類別(穩定月收息股份),yfinance,債券型,全球市場,B0351 品浩太平洋投顧,品浩
B460104,2026-01-21,8.868351936340332,美元,PIMCO全球投資級別債券基金-M級類別(穩定月收息股份),yfinance,債券型,全球市場,B0351 品浩太平洋投顧,品浩
B460104,2026-01-22,8.877878189086914,美元,PIMCO全球投資級別債券基金-M級類別(穩定月收息股份),yfinance,債券型,全球市場,B0351 品浩太平洋投顧,品浩
B460104,2026-01-23,8.877878189086914,美元,PIMCO全球投資級別債券基金-M級類別(穩定月收息股份),yfinance,債券型,全球市場,B0351 品浩太平洋投顧,品浩
B460104,2026-01-26,8.896930694580078,美元,PIMCO全球投資級別債券基金-M級類別(穩定月收息股份),yfinance,債券型,全球市場,B0351 品浩太平洋投顧,品浩
B460104,2026-01-27,8.88740348815918,美元,PIMCO全球投資級別債券基金-M級類別(穩定月收息股份),yfinance,債券型,全球市場,B0351 品浩太平洋投顧,品浩
B460104,2026-01-28,8.88740348815918,美元,PIMCO全球投資級別債券基金-M級類別(穩定月收息股份),yfinance,債券型,全球市場,B0351 品浩太平洋投顧,品浩
B460104,2026-01-29,8.890281677246094,美元,PIMCO全球投資級別債券基金-M級類別(穩定月收息股份),yfinance,債券型,全球市場,B0351 品浩太平洋投顧,品浩
B460104,2026-01-30,8.880690574645996,美元,PIMCO全球投資級別債券基金-M級類別(穩定月收息股份),yfinance,債券型,全球市場,B0351 品浩太平洋投顧,品浩
B460104,2026-02-02,8.880690574645996,美元,PIMCO全球投資級別債券基金-M級類別(穩定月收息股份),yfinance,債券型,全球市場,B0351 品浩太平洋投顧,品浩
B460104,2026-02-03,8.880690574645996,美元,PIMCO全球投資級別債券基金-M級類別(穩定月收息股份),yfinance,債券型,全球市場,B0351 品浩太平洋投顧,品浩
B460104,2026-02-04,8.871100425720215,美元,PIMCO全球投資級別債券基金-M級類別(穩定月收息股份),yfinance,債券型,全球市場,B0351 品浩太平洋投顧,品浩
B460104,2026-02-05,8.899870872497559,美元,PIMCO全球投資級別債券基金-M級類別(穩定月收息股份),yfinance,債券型,全球市場,B0351 品浩太平洋投顧,品浩
B460104,2026-02-06,8.899870872497559,美元,PIMCO全球投資級別債券基金-M級類別(穩定月收息股份),yfinance,債券型,全球市場,B0351 品浩太平洋投顧,品浩
B460104,2026-02-09,8.909462928771973,美元,PIMCO全球投資級別債券基金-M級類別(穩定月收息股份),yfinance,債券型,全球市場,B0351 品浩太平洋投顧,品浩
B460104,2026-02-10,8.928642272949219,美元,PIMCO全球投資級別債券基金-M級類別(穩定月收息股份),yfinance,債券型,全球市場,B0351 品浩太平洋投顧,品浩
B460104,2026-02-11,8.928642272949219,美元,PIMCO全球投資級別債券基金-M級類別(穩定月收息股份),yfinance,債券型,全球市場,B0351 品浩太平洋投顧,品浩
B460104,2026-02-12,8.947823524475098,美元,PIMCO全球投資級別債券基金-M級類別(穩定月收息股份),yfinance,債券型,全球市場,B0351 品浩太平洋投顧,品浩
B460104,2026-02-13,8.967004776000977,美元,PIMCO全球投資級別債券基金-M級類別(穩定月收息股份),yfinance,債券型,全球市場,B0351 品浩太平洋投顧,品浩
B460104,2026-02-17,8.976593017578125,美元,PIMCO全球投資級別債券基金-M級類別(穩定月收息股份),yfinance,債券型,全球市場,B0351 品浩太平洋投顧,品浩
B460104,2026-02-18,8.967004776000977,美元,PIMCO全球投資級別債券基金-M級類別(穩定月收息股份),yfinance,債券型,全球市場,B0351 品浩太平洋投顧,品浩
B460104,2026-02-19,8.967004776000977,美元,PIMCO全球投資級別債券基金-M級類別(穩定月收息股份),yfinance,債券型,全球市場,B0351 品浩太平洋投顧,品浩
B460104,2026-02-20,8.976593017578125,美元,PIMCO全球投資級別債券基金-M級類別(穩定月收息股份),yfinance,債券型,全球市場,B0351 品浩太平洋投顧,品浩
B460104,2026-02-23,8.986185073852539,美元,PIMCO全球投資級別債券基金-M級類別(穩定月收息股份),yfinance,債券型,全球市場,B0351 品浩太平洋投顧,品浩
B460104,2026-02-24,8.976593017578125,美元,PIMCO全球投資級別債券基金-M級類別(穩定月收息股份),yfinance,債券型,全球市場,B0351 品浩太平洋投顧,品浩
B460104,2026-02-25,8.976593017578125,美元,PIMCO全球投資級別債券基金-M級類別(穩定月收息股份),yfinance,債券型,全球市場,B0351 品浩太平洋投顧,品浩
B460104,2026-02-26,8.989148139953613,美元,PIMCO全球投資級別債券基金-M級類別(穩定月收息股份),yfinance,債券型,全球市場,B0351 品浩太平洋投顧,品浩
B460104,2026-02-27,8.998802185058594,美元,PIMCO全球投資級別債券基金-M級類別(穩定月收息股份),yfinance,債券型,全球市場,B0351 品浩太平洋投顧,品浩
B460104,2026-03-02,8.950526237487793,美元,PIMCO全球投資級別債券基金-M級類別(穩定月收息股份),yfinance,債券型,全球市場,B0351 品浩太平洋投顧,品浩
B460104,2026-03-03,8.911903381347656,美元,PIMCO全球投資級別債券基金-M級類別(穩定月收息股份),yfinance,債券型,全球市場,B0351 品浩太平洋投顧,品浩
B460104,2026-03-04,8.931215286254883,美元,PIMCO全球投資級別債券基金-M級類別(穩定月收息股份),yfinance,債券型,全球市場,B0351 品浩太平洋投顧,品浩
B460104,2026-03-05,8.892592430114746,美元,PIMCO全球投資級別債券基金-M級類別(穩定月收息股份),yfinance,債券型,全球市場,B0351 品浩太平洋投顧,品浩
B460104,2026-03-06,8.853971481323242,美元,PIMCO全球投資級別債券基金-M級類別(穩定月收息股份),yfinance,債券型,全球市場,B0351 品浩太平洋投顧,品浩
B460104,2026-03-09,8.873282432556152,美元,PIMCO全球投資級別債券基金-M級類別(穩定月收息股份),yfinance,債券型,全球市場,B0351 品浩太平洋投顧,品浩
B460104,2026-03-10,8.88293743133545,美元,PIMCO全球投資級別債券基金-M級類別(穩定月收息股份),yfinance,債券型,全球市場,B0351 品浩太平洋投顧,品浩
B460104,2026-03-11,8.815350532531738,美元,PIMCO全球投資級別債券基金-M級類別(穩定月收息股份),yfinance,債券型,全球市場,B0351 品浩太平洋投顧,品浩
B460104,2026-03-12,8.776728630065918,美元,PIMCO全球投資級別債券基金-M級類別(穩定月收息股份),yfinance,債券型,全球市場,B0351 品浩太平洋投顧,品浩
B460104,2026-03-13,8.747762680053711,美元,PIMCO全球投資級別債券基金-M級類別(穩定月收息股份),yfinance,債券型,全球市場,B0351 品浩太平洋投顧,品浩
B460104,2026-03-16,8.786384582519531,美元,PIMCO全球投資級別債券基金-M級類別(穩定月收息股份),yfinance,債券型,全球市場,B0351 品浩太平洋投顧,品浩
B460104,2026-03-17,8.805693626403809,美元,PIMCO全球投資級別債券基金-M級類別(穩定月收息股份),yfinance,債券型,全球市場,B0351 品浩太平洋投顧,品浩
B460104,2026-03-18,8.776728630065918,美元,PIMCO全球投資級別債券基金-M級類別(穩定月收息股份),yfinance,債券型,全球市場,B0351 品浩太平洋投顧,品浩
B460104,2026-03-19,8.767074584960938,美元,PIMCO全球投資級別債券基金-M級類別(穩定月收息股份),yfinance,債券型,全球市場,B0351 品浩太平洋投顧,品浩
B460104,2026-03-20,8.689830780029297,美元,PIMCO全球投資級別債券基金-M級類別(穩定月收息股份),yfinance,債券型,全球市場,B0351 品浩太平洋投顧,品浩
B460104,2026-03-23,8.7284517288208,美元,PIMCO全球投資級別債券基金-M級類別(穩定月收息股份),yfinance,債券型,全球市場,B0351 品浩太平洋投顧,品浩
B460104,2026-03-24,8.709142684936523,美元,PIMCO全球投資級別債券基金-M級類別(穩定月收息股份),yfinance,債券型,全球市場,B0351 品浩太平洋投顧,品浩
B460104,2026-03-25,8.757418632507324,美元,PIMCO全球投資級別債券基金-M級類別(穩定月收息股份),yfinance,債券型,全球市場,B0351 品浩太平洋投顧,品浩
B460104,2026-03-26,8.689830780029297,美元,PIMCO全球投資級別債券基金-M級類別(穩定月收息股份),yfinance,債券型,全球市場,B0351 品浩太平洋投顧,品浩
B460104,2026-03-27,8.66086483001709,美元,PIMCO全球投資級別債券基金-M級類別(穩定月收息股份),yfinance,債券型,全球市場,B0351 品浩太平洋投顧,品浩
B460104,2026-03-30,8.702675819396973,美元,PIMCO全球投資級別債券基金-M級類別(穩定月收息股份),yfinance,債券型,全球市場,B0351 品浩太平洋投顧,品浩
B460104,2026-03-31,8.741570472717285,美元,PIMCO全球投資級別債券基金-M級類別(穩定月收息股份),yfinance,債券型,全球市場,B0351 品浩太平洋投顧,品浩
B460104,2026-04-01,8.770742416381836,美元,PIMCO全球投資級別債券基金-M級類別(穩定月收息股份),yfinance,債券型,全球市場,B0351 品浩太平洋投顧,品浩
B460104,2026-04-02,8.780466079711914,美元,PIMCO全球投資級別債券基金-M級類別(穩定月收息股份),yfinance,債券型,全球市場,B0351 品浩太平洋投顧,品浩
B460104,2026-04-06,8.780466079711914,美元,PIMCO全球投資級別債券基金-M級類別(穩定月收息股份),yfinance,債券型,全球市場,B0351 品浩太平洋投顧,品浩
B460104,2026-04-07,8.761017799377441,美元,PIMCO全球投資級別債券基金-M級類別(穩定月收息股份),yfinance,債券型,全球市場,B0351 品浩太平洋投顧,品浩
B460104,2026-04-08,8.848530769348145,美元,PIMCO全球投資級別債券基金-M級類別(穩定月收息股份),yfinance,債券型,全球市場,B0351 品浩太平洋投顧,品浩
B460104,2026-04-09,8.838807106018066,美元,PIMCO全球投資級別債券基金-M級類別(穩定月收息股份),yfinance,債券型,全球市場,B0351 品浩太平洋投顧,品浩
B460104,2026-04-10,8.829084396362305,美元,PIMCO全球投資級別債券基金-M級類別(穩定月收息股份),yfinance,債券型,全球市場,B0351 品浩太平洋投顧,品浩
B460104,2026-04-13,8.829084396362305,美元,PIMCO全球投資級別債券基金-M級類別(穩定月收息股份),yfinance,債券型,全球市場,B0351 品浩太平洋投顧,品浩
B460104,2026-04-14,8.867977142333984,美元,PIMCO全球投資級別債券基金-M級類別(穩定月收息股份),yfinance,債券型,全球市場,B0351 品浩太平洋投顧,品浩
B460104,2026-04-15,8.858253479003906,美元,PIMCO全球投資級別債券基金-M級類別(穩定月收息股份),yfinance,債券型,全球市場,B0351 品浩太平洋投顧,品浩
B460104,2026-04-16,8.848530769348145,美元,PIMCO全球投資級別債券基金-M級類別(穩定月收息股份),yfinance,債券型,全球市場,B0351 品浩太平洋投顧,品浩
B460104,2026-04-17,8.897149085998535,美元,PIMCO全球投資級別債券基金-M級類別(穩定月收息股份),yfinance,債券型,全球市場,B0351 品浩太平洋投顧,品浩
B460104,2026-04-20,8.887425422668457,美元,PIMCO全球投資級別債券基金-M級類別(穩定月收息股份),yfinance,債券型,全球市場,B0351 品浩太平洋投顧,品浩
B460104,2026-04-21,8.858253479003906,美元,PIMCO全球投資級別債券基金-M級類別(穩定月收息股份),yfinance,債券型,全球市場,B0351 品浩太平洋投顧,品浩
B460104,2026-04-22,8.858253479003906,美元,PIMCO全球投資級別債券基金-M級類別(穩定月收息股份),yfinance,債券型,全球市場,B0351 品浩太平洋投顧,品浩
B460104,2026-04-23,8.848530769348145,美元,PIMCO全球投資級別債券基金-M級類別(穩定月收息股份),yfinance,債券型,全球市場,B0351 品浩太平洋投顧,品浩
B460104,2026-04-24,8.858253479003906,美元,PIMCO全球投資級別債券基金-M級類別(穩定月收息股份),yfinance,債券型,全球市場,B0351 品浩太平洋投顧,品浩
B460104,2026-04-27,8.838807106018066,美元,PIMCO全球投資級別債券基金-M級類別(穩定月收息股份),yfinance,債券型,全球市場,B0351 品浩太平洋投顧,品浩
B460104,2026-04-28,8.819360733032227,美元,PIMCO全球投資級別債券基金-M級類別(穩定月收息股份),yfinance,債券型,全球市場,B0351 品浩太平洋投顧,品浩
B460104,2026-04-29,8.792922019958496,美元,PIMCO全球投資級別債券基金-M級類別(穩定月收息股份),yfinance,債券型,全球市場,B0351 品浩太平洋投顧,品浩
B460104,2026-04-30,8.802713394165039,美元,PIMCO全球投資級別債券基金-M級類別(穩定月收息股份),yfinance,債券型,全球市場,B0351 品浩太平洋投顧,品浩
B460104,2026-05-01,8.822297096252441,美元,PIMCO全球投資級別債券基金-M級類別(穩定月收息股份),yfinance,債券型,全球市場,B0351 品浩太平洋投顧,品浩
B460104,2026-05-04,8.792922019958496,美元,PIMCO全球投資級別債券基金-M級類別(穩定月收息股份),yfinance,債券型,全球市場,B0351 品浩太平洋投顧,品浩
B460104,2026-05-05,8.802713394165039,美元,PIMCO全球投資級別債券基金-M級類別(穩定月收息股份),yfinance,債券型,全球市場,B0351 品浩太平洋投顧,品浩
B460104,2026-05-06,8.861464500427246,美元,PIMCO全球投資級別債券基金-M級類別(穩定月收息股份),yfinance,債券型,全球市場,B0351 品浩太平洋投顧,品浩
B460104,2026-05-07,8.851672172546387,美元,PIMCO全球投資級別債券基金-M級類別(穩定月收息股份),yfinance,債券型,全球市場,B0351 品浩太平洋投顧,品浩
B460104,2026-05-08,8.861464500427246,美元,PIMCO全球投資級別債券基金-M級類別(穩定月收息股份),yfinance,債券型,全球市場,B0351 品浩太平洋投顧,品浩
B460104,2026-05-11,8.841880798339844,美元,PIMCO全球投資級別債券基金-M級類別(穩定月收息股份),yfinance,債券型,全球市場,B0351 品浩太平洋投顧,品浩
B460104,2026-05-12,8.802713394165039,美元,PIMCO全球投資級別債券基金-M級類別(穩定月收息股份),yfinance,債券型,全球市場,B0351 品浩太平洋投顧,品浩
B460104,2026-05-13,8.802713394165039,美元,PIMCO全球投資級別債券基金-M級類別(穩定月收息股份),yfinance,債券型,全球市場,B0351 品浩太平洋投顧,品浩
B460104,2026-05-14,8.812505722045898,美元,PIMCO全球投資級別債券基金-M級類別(穩定月收息股份),yfinance,債券型,全球市場,B0351 品浩太平洋投顧,品浩
B460104,2026-05-15,8.753755569458008,美元,PIMCO全球投資級別債券基金-M級類別(穩定月收息股份),yfinance,債券型,全球市場,B0351 品浩太平洋投顧,品浩
B460104,2026-05-18,8.753755569458008,美元,PIMCO全球投資級別債券基金-M級類別(穩定月收息股份),yfinance,債券型,全球市場,B0351 品浩太平洋投顧,品浩
B460104,2026-05-19,8.724380493164062,美元,PIMCO全球投資級別債券基金-M級類別(穩定月收息股份),yfinance,債券型,全球市場,B0351 品浩太平洋投顧,品浩
B460104,2026-05-20,8.783130645751953,美元,PIMCO全球投資級別債券基金-M級類別(穩定月收息股份),yfinance,債券型,全球市場,B0351 品浩太平洋投顧,品浩
B460104,2026-05-21,8.792922019958496,美元,PIMCO全球投資級別債券基金-M級類別(穩定月收息股份),yfinance,債券型,全球市場,B0351 品浩太平洋投顧,品浩
B460104,2026-05-22,8.812505722045898,美元,PIMCO全球投資級別債券基金-M級類別(穩定月收息股份),yfinance,債券型,全球市場,B0351 品浩太平洋投顧,品浩
B460104,2026-05-26,8.851672172546387,美元,PIMCO全球投資級別債券基金-M級類別(穩定月收息股份),yfinance,債券型,全球市場,B0351 品浩太平洋投顧,品浩
B460104,2026-05-27,8.861464500427246,美元,PIMCO全球投資級別債券基金-M級類別(穩定月收息股份),yfinance,債券型,全球市場,B0351 品浩太平洋投顧,品浩
B460104,2026-05-28,8.874282836914062,美元,PIMCO全球投資級別債券基金-M級類別(穩定月收息股份),yfinance,債券型,全球市場,B0351 品浩太平洋投顧,品浩
B460104,2026-05-29,8.894003868103027,美元,PIMCO全球投資級別債券基金-M級類別(穩定月收息股份),yfinance,債券型,全球市場,B0351 品浩太平洋投顧,品浩
B460104,2026-06-01,8.874282836914062,美元,PIMCO全球投資級別債券基金-M級類別(穩定月收息股份),yfinance,債券型,全球市場,B0351 品浩太平洋投顧,品浩
B460104,2026-06-02,8.894003868103027,美元,PIMCO全球投資級別債券基金-M級類別(穩定月收息股份),yfinance,債券型,全球市場,B0351 品浩太平洋投顧,品浩
B460104,2026-06-03,8.864421844482422,美元,PIMCO全球投資級別債券基金-M級類別(穩定月收息股份),yfinance,債券型,全球市場,B0351 品浩太平洋投顧,品浩
B460104,2026-06-04,8.874282836914062,美元,PIMCO全球投資級別債券基金-M級類別(穩定月收息股份),yfinance,債券型,全球市場,B0351 品浩太平洋投顧,品浩
B460104,2026-06-05,8.844701766967773,美元,PIMCO全球投資級別債券基金-M級類別(穩定月收息股份),yfinance,債券型,全球市場,B0351 品浩太平洋投顧,品浩
B460104,2026-06-08,8.824981689453125,美元,PIMCO全球投資級別債券基金-M級類別(穩定月收息股份),yfinance,債券型,全球市場,B0351 品浩太平洋投顧,品浩
B460104,2026-06-09,8.844701766967773,美元,PIMCO全球投資級別債券基金-M級類別(穩定月收息股份),yfinance,債券型,全球市場,B0351 品浩太平洋投顧,品浩
B460104,2026-06-10,8.844701766967773,美元,PIMCO全球投資級別債券基金-M級類別(穩定月收息股份),yfinance,債券型,全球市場,B0351 品浩太平洋投顧,品浩
B460104,2026-06-11,8.884142875671387,美元,PIMCO全球投資級別債券基金-M級類別(穩定月收息股份),yfinance,債券型,全球市場,B0351 品浩太平洋投顧,品浩
B460104,2026-06-12,8.903863906860352,美元,PIMCO全球投資級別債券基金-M級類別(穩定月收息股份),yfinance,債券型,全球市場,B0351 品浩太平洋投顧,品浩
B460104,2026-06-15,8.923584938049316,美元,PIMCO全球投資級別債券基金-M級類別(穩定月收息股份),yfinance,債券型,全球市場,B0351 品浩太平洋投顧,品浩
B460104,2026-06-16,8.93344497680664,美元,PIMCO全球投資級別債券基金-M級類別(穩定月收息股份),yfinance,債券型,全球市場,B0351 品浩太平洋投顧,品浩
B460104,2026-06-17,8.903863906860352,美元,PIMCO全球投資級別債券基金-M級類別(穩定月收息股份),yfinance,債券型,全球市場,B0351 品浩太平洋投顧,品浩
B460104,2026-06-18,8.923584938049316,美元,PIMCO全球投資級別債券基金-M級類別(穩定月收息股份),yfinance,債券型,全球市場,B0351 品浩太平洋投顧,品浩
B460104,2026-06-22,8.903863906860352,美元,PIMCO全球投資級別債券基金-M級類別(穩定月收息股份),yfinance,債券型,全球市場,B0351 品浩太平洋投顧,品浩
B460104,2026-06-23,8.913723945617676,美元,PIMCO全球投資級別債券基金-M級類別(穩定月收息股份),yfinance,債券型,全球市場,B0351 品浩太平洋投顧,品浩
B460104,2026-06-24,8.953166007995605,美元,PIMCO全球投資級別債券基金-M級類別(穩定月收息股份),yfinance,債券型,全球市場,B0351 品浩太平洋投顧,品浩
B460104,2026-06-25,8.963025093078613,美元,PIMCO全球投資級別債券基金-M級類別(穩定月收息股份),yfinance,債券型,全球市場,B0351 品浩太平洋投顧,品浩
B460104,2026-06-26,8.972886085510254,美元,PIMCO全球投資級別債券基金-M級類別(穩定月收息股份),yfinance,債券型,全球市場,B0351 品浩太平洋投顧,品浩
B460104,2026-06-29,8.965935707092285,美元,PIMCO全球投資級別債券基金-M級類別(穩定月收息股份),yfinance,債券型,全球市場,B0351 品浩太平洋投顧,品浩
B460104,2026-06-30,8.936148643493652,美元,PIMCO全球投資級別債券基金-M級類別(穩定月收息股份),yfinance,債券型,全球市場,B0351 品浩太平洋投顧,品浩
B460104,2026-07-01,8.92621898651123,美元,PIMCO全球投資級別債券基金-M級類別(穩定月收息股份),yfinance,債券型,全球市場,B0351 品浩太平洋投顧,品浩
B460104,2026-07-02,8.936148643493652,美元,PIMCO全球投資級別債券基金-M級類別(穩定月收息股份),yfinance,債券型,全球市場,B0351 品浩太平洋投顧,品浩
B460104,2026-07-06,8.936148643493652,美元,PIMCO全球投資級別債券基金-M級類別(穩定月收息股份),yfinance,債券型,全球市場,B0351 品浩太平洋投顧,品浩
B460104,2026-07-07,8.90636157989502,美元,PIMCO全球投資級別債券基金-M級類別(穩定月收息股份),yfinance,債券型,全球市場,B0351 品浩太平洋投顧,品浩
B460104,2026-07-08,8.866644859313965,美元,PIMCO全球投資級別債券基金-M級類別(穩定月收息股份),yfinance,債券型,全球市場,B0351 品浩太平洋投顧,品浩
B460104,2026-07-09,8.886503219604492,美元,PIMCO全球投資級別債券基金-M級類別(穩定月收息股份),yfinance,債券型,全球市場,B0351 品浩太平洋投顧,品浩
B460104,2026-07-10,8.886503219604492,美元,PIMCO全球投資級別債券基金-M級類別(穩定月收息股份),yfinance,債券型,全球市場,B0351 品浩太平洋投顧,品浩
B460104,2026-07-13,8.85671615600586,美元,PIMCO全球投資級別債券基金-M級類別(穩定月收息股份),yfinance,債券型,全球市場,B0351 品浩太平洋投顧,品浩
B460104,2026-07-14,8.866644859313965,美元,PIMCO全球投資級別債券基金-M級類別(穩定月收息股份),yfinance,債券型,全球市場,B0351 品浩太平洋投顧,品浩
B460104,2026-07-15,8.87657356262207,美元,PIMCO全球投資級別債券基金-M級類別(穩定月收息股份),yfinance,債券型,全球市場,B0351 品浩太平洋投顧,品浩
B460104,2026-07-16,8.866644859313965,美元,PIMCO全球投資級別債券基金-M級類別(穩定月收息股份),yfinance,債券型,全球市場,B0351 品浩太平洋投顧,品浩
B460104,2026-07-17,8.866644859313965,美元,PIMCO全球投資級別債券基金-M級類別(穩定月收息股份),yfinance,債券型,全球市場,B0351 品浩太平洋投顧,品浩
B460104,2026-07-20,8.846786499023438,美元,PIMCO全球投資級別債券基金-M級類別(穩定月收息股份),yfinance,債券型,全球市場,B0351 品浩太平洋投顧,品浩
B460104,2026-07-21,8.836857795715332,美元,PIMCO全球投資級別債券基金-M級類別(穩定月收息股份),yfinance,債券型,全球市場,B0351 品浩太平洋投顧,品浩
B460104,2026-07-22,8.816999435424805,美元,PIMCO全球投資級別債券基金-M級類別(穩定月收息股份),yfinance,債券型,全球市場,B0351 品浩太平洋投顧,品浩
B460104,2026-07-23,8.787213325500488,美元,PIMCO全球投資級別債券基金-M級類別(穩定月收息股份),yfinance,債券型,全球市場,B0351 品浩太平洋投顧,品浩
B460104,2026-07-24,8.797141075134277,美元,PIMCO全球投資級別債券基金-M級類別(穩定月收息股份),yfinance,債券型,全球市場,B0351 品浩太平洋投顧,品浩
B460104,2026-07-27,8.826929092407227,美元,PIMCO全球投資級別債券基金-M級類別(穩定月收息股份),yfinance,債券型,全球市場,B0351 品浩太平洋投顧,品浩
B460104,2026-07-28,8.846786499023438,美元,PIMCO全球投資級別債券基金-M級類別(穩定月收息股份),yfinance,債券型,全球市場,B0351 品浩太平洋投顧,品浩
B460104,2026-07-29,8.816999435424805,美元,PIMCO全球投資級別債券基金-M級類別(穩定月收息股份),yfinance,債券型,全球市場,B0351 品浩太平洋投顧,品浩
B460104,2026-07-30,8.819999694824219,美元,PIMCO全球投資級別債券基金-M級類別(穩定月收息股份),yfinance,債券型,全球市場,B0351 品浩太平洋投顧,品浩
B460104,2026-07-31,8.8100004196167,美元,PIMCO全球投資級別債券基金-M級類別(穩定月收息股份),yfinance,債券型,全球市場,B0351 品浩太平洋投顧,品浩
B460104,2026-08-03,8.84000015258789,美元,PIMCO全球投資級別債券基金-M級類別(穩定月收息股份),yfinance,債券型,全球市場,B0351 品浩太平洋投顧,品浩
B460104,2026-08-04,8.869999885559082,美元,PIMCO全球投資級別債券基金-M級類別(穩定月收息股份),yfinance,債券型,全球市場,B0351 品浩太平洋投顧,品浩
B460104,2026-08-05,8.880000114440918,美元,PIMCO全球投資級別債券基金-M級類別(穩定月收息股份),yfinance,債券型,全球市場,B0351 品浩太平洋投顧,品浩
B460104,2026-08-06,8.859999656677246,美元,PIMCO全球投資級別債券基金-M級類別(穩定月收息股份),yfinance,債券型,全球市場,B0351 品浩太平洋投顧,品浩
B460104,2026-08-07,8.869999885559082,美元,PIMCO全球投資級別債券基金-M級類別(穩定月收息股份),yfinance,債券型,全球市場,B0351 品浩太平洋投顧,品浩
B460104,2026-08-10,8.84000015258789,美元,PIMCO全球投資級別債券基金-M級類別(穩定月收息股份),yfinance,債券型,全球市場,B0351 品浩太平洋投顧,品浩
B460104,2026-08-11,8.850000381469727,美元,PIMCO全球投資級別債券基金-M級類別(穩定月收息股份),yfinance,債券型,全球市場,B0351 品浩太平洋投顧,品浩
B460104,2026-08-12,8.850000381469727,美元,PIMCO全球投資級別債券基金-M級類別(穩定月收息股份),yfinance,債券型,全球市場,B0351 品浩太平洋投顧,品浩
B460104,2026-08-13,8.880000114440918,美元,PIMCO全球投資級別債券基金-M級類別(穩定月收息股份),yfinance,債券型,全球市場,B0351 品浩太平洋投顧,品浩
B460104,2026-08-14,8.850000381469727,美元,PIMCO全球投資級別債券基金-M級類別(穩定月收息股份),yfinance,債券型,全球市場,B0351 品浩太平洋投顧,品浩
B460104,2026-08-17,8.829999923706055,美元,PIMCO全球投資級別債券基金-M級類別(穩定月收息股份),yfinance,債券型,全球市場,B0351 品浩太平洋投顧,品浩
B090484,2026-01-02,9.65206527709961,美元,貝萊德環球非投資等級債券基金 A10 美元(總報酬穩定配息),yfinance,債券型,全球市場,A0031 貝萊德投信,貝萊德
B090484,2026-01-05,9.66163158416748,美元,貝萊德環球非投資等級債券基金 A10 美元(總報酬穩定配息),yfinance,債券型,全球市場,A0031 貝萊德投信,貝萊德
B090484,2026-01-06,9.671196937561035,美元,貝萊德環球非投資等級債券基金 A10 美元(總報酬穩定配息),yfinance,債券型,全球市場,A0031 貝萊德投信,貝萊德
B090484,2026-01-07,9.68076229095459,美元,貝萊德環球非投資等級債券基金 A10 美元(總報酬穩定配息),yfinance,債券型,全球市場,A0031 貝萊德投信,貝萊德
B090484,2026-01-08,9.68076229095459,美元,貝萊德環球非投資等級債券基金 A10 美元(總報酬穩定配息),yfinance,債券型,全球市場,A0031 貝萊德投信,貝萊德
B090484,2026-01-09,9.690328598022461,美元,貝萊德環球非投資等級債券基金 A10 美元(總報酬穩定配息),yfinance,債券型,全球市場,A0031 貝萊德投信,貝萊德
B090484,2026-01-12,9.690328598022461,美元,貝萊德環球非投資等級債券基金 A10 美元(總報酬穩定配息),yfinance,債券型,全球市場,A0031 貝萊德投信,貝萊德
B090484,2026-01-13,9.699895858764648,美元,貝萊德環球非投資等級債券基金 A10 美元(總報酬穩定配息),yfinance,債券型,全球市場,A0031 貝萊德投信,貝萊德
B090484,2026-01-14,9.699895858764648,美元,貝萊德環球非投資等級債券基金 A10 美元(總報酬穩定配息),yfinance,債券型,全球市場,A0031 貝萊德投信,貝萊德
B090484,2026-01-15,9.709460258483887,美元,貝萊德環球非投資等級債券基金 A10 美元(總報酬穩定配息),yfinance,債券型,全球市場,A0031 貝萊德投信,貝萊德
B090484,2026-01-16,9.699895858764648,美元,貝萊德環球非投資等級債券基金 A10 美元(總報酬穩定配息),yfinance,債券型,全球市場,A0031 貝萊德投信,貝萊德
B090484,2026-01-20,9.690328598022461,美元,貝萊德環球非投資等級債券基金 A10 美元(總報酬穩定配息),yfinance,債券型,全球市場,A0031 貝萊德投信,貝萊德
B090484,2026-01-21,9.690328598022461,美元,貝萊德環球非投資等級債券基金 A10 美元(總報酬穩定配息),yfinance,債券型,全球市場,A0031 貝萊德投信,貝萊德
B090484,2026-01-22,9.709460258483887,美元,貝萊德環球非投資等級債券基金 A10 美元(總報酬穩定配息),yfinance,債券型,全球市場,A0031 貝萊德投信,貝萊德
B090484,2026-01-23,9.719027519226074,美元,貝萊德環球非投資等級債券基金 A10 美元(總報酬穩定配息),yfinance,債券型,全球市場,A0031 貝萊德投信,貝萊德
B090484,2026-01-26,9.719027519226074,美元,貝萊德環球非投資等級債券基金 A10 美元(總報酬穩定配息),yfinance,債券型,全球市場,A0031 貝萊德投信,貝萊德
B090484,2026-01-27,9.709460258483887,美元,貝萊德環球非投資等級債券基金 A10 美元(總報酬穩定配息),yfinance,債券型,全球市場,A0031 貝萊德投信,貝萊德
B090484,2026-01-28,9.719027519226074,美元,貝萊德環球非投資等級債券基金 A10 美元(總報酬穩定配息),yfinance,債券型,全球市場,A0031 貝萊德投信,貝萊德
B090484,2026-01-29,9.719027519226074,美元,貝萊德環球非投資等級債券基金 A10 美元(總報酬穩定配息),yfinance,債券型,全球市場,A0031 貝萊德投信,貝萊德
B090484,2026-01-30,9.70266342163086,美元,貝萊德環球非投資等級債券基金 A10 美元(總報酬穩定配息),yfinance,債券型,全球市場,A0031 貝萊德投信,貝萊德
B090484,2026-02-02,9.70266342163086,美元,貝萊德環球非投資等級債券基金 A10 美元(總報酬穩定配息),yfinance,債券型,全球市場,A0031 貝萊德投信,貝萊德
B090484,2026-02-03,9.721915245056152,美元,貝萊德環球非投資等級債券基金 A10 美元(總報酬穩定配息),yfinance,債券型,全球市場,A0031 貝萊德投信,貝萊德
B090484,2026-02-04,9.712288856506348,美元,貝萊德環球非投資等級債券基金 A10 美元(總報酬穩定配息),yfinance,債券型,全球市場,A0031 貝萊德投信,貝萊德
B090484,2026-02-05,9.70266342163086,美元,貝萊德環球非投資等級債券基金 A10 美元(總報酬穩定配息),yfinance,債券型,全球市場,A0031 貝萊德投信,貝萊德
B090484,2026-02-06,9.693037033081055,美元,貝萊德環球非投資等級債券基金 A10 美元(總報酬穩定配息),yfinance,債券型,全球市場,A0031 貝萊德投信,貝萊德
B090484,2026-02-09,9.712288856506348,美元,貝萊德環球非投資等級債券基金 A10 美元(總報酬穩定配息),yfinance,債券型,全球市場,A0031 貝萊德投信,貝萊德
B090484,2026-02-10,9.712288856506348,美元,貝萊德環球非投資等級債券基金 A10 美元(總報酬穩定配息),yfinance,債券型,全球市場,A0031 貝萊德投信,貝萊德
B090484,2026-02-11,9.721915245056152,美元,貝萊德環球非投資等級債券基金 A10 美元(總報酬穩定配息),yfinance,債券型,全球市場,A0031 貝萊德投信,貝萊德
B090484,2026-02-12,9.721915245056152,美元,貝萊德環球非投資等級債券基金 A10 美元(總報酬穩定配息),yfinance,債券型,全球市場,A0031 貝萊德投信,貝萊德
B090484,2026-02-13,9.70266342163086,美元,貝萊德環球非投資等級債券基金 A10 美元(總報酬穩定配息),yfinance,債券型,全球市場,A0031 貝萊德投信,貝萊德
B090484,2026-02-17,9.721915245056152,美元,貝萊德環球非投資等級債券基金 A10 美元(總報酬穩定配息),yfinance,債券型,全球市場,A0031 貝萊德投信,貝萊德
B090484,2026-02-18,9.712288856506348,美元,貝萊德環球非投資等級債券基金 A10 美元(總報酬穩定配息),yfinance,債券型,全球市場,A0031 貝萊德投信,貝萊德
B090484,2026-02-19,9.721915245056152,美元,貝萊德環球非投資等級債券基金 A10 美元(總報酬穩定配息),yfinance,債券型,全球市場,A0031 貝萊德投信,貝萊德
B090484,2026-02-20,9.721915245056152,美元,貝萊德環球非投資等級債券基金 A10 美元(總報酬穩定配息),yfinance,債券型,全球市場,A0031 貝萊德投信,貝萊德
B090484,2026-02-23,9.721915245056152,美元,貝萊德環球非投資等級債券基金 A10 美元(總報酬穩定配息),yfinance,債券型,全球市場,A0031 貝萊德投信,貝萊德
B090484,2026-02-24,9.721915245056152,美元,貝萊德環球非投資等級債券基金 A10 美元(總報酬穩定配息),yfinance,債券型,全球市場,A0031 貝萊德投信,貝萊德
B090484,2026-02-25,9.721915245056152,美元,貝萊德環球非投資等級債券基金 A10 美元(總報酬穩定配息),yfinance,債券型,全球市場,A0031 貝萊德投信,貝萊德
B090484,2026-02-26,9.731539726257324,美元,貝萊德環球非投資等級債券基金 A10 美元(總報酬穩定配息),yfinance,債券型,全球市場,A0031 貝萊德投信,貝萊德
B090484,2026-02-27,9.715072631835938,美元,貝萊德環球非投資等級債券基金 A10 美元(總報酬穩定配息),yfinance,債券型,全球市場,A0031 貝萊德投信,貝萊德
B090484,2026-03-02,9.686015129089355,美元,貝萊德環球非投資等級債券基金 A10 美元(總報酬穩定配息),yfinance,債券型,全球市場,A0031 貝萊德投信,貝萊德
B090484,2026-03-03,9.666643142700195,美元,貝萊德環球非投資等級債券基金 A10 美元(總報酬穩定配息),yfinance,債券型,全球市場,A0031 貝萊德投信,貝萊德
B090484,2026-03-04,9.686015129089355,美元,貝萊德環球非投資等級債券基金 A10 美元(總報酬穩定配息),yfinance,債券型,全球市場,A0031 貝萊德投信,貝萊德
B090484,2026-03-05,9.695701599121094,美元,貝萊德環球非投資等級債券基金 A10 美元(總報酬穩定配息),yfinance,債券型,全球市場,A0031 貝萊德投信,貝萊德
B090484,2026-03-06,9.647271156311035,美元,貝萊德環球非投資等級債券基金 A10 美元(總報酬穩定配息),yfinance,債券型,全球市場,A0031 貝萊德投信,貝萊德
B090484,2026-03-09,9.618213653564453,美元,貝萊德環球非投資等級債券基金 A10 美元(總報酬穩定配息),yfinance,債券型,全球市場,A0031 貝萊德投信,貝萊德
B090484,2026-03-10,9.656957626342773,美元,貝萊德環球非投資等級債券基金 A10 美元(總報酬穩定配息),yfinance,債券型,全球市場,A0031 貝萊德投信,貝萊德
B090484,2026-03-11,9.647271156311035,美元,貝萊德環球非投資等級債券基金 A10 美元(總報酬穩定配息),yfinance,債券型,全球市場,A0031 貝萊德投信,貝萊德
B090484,2026-03-12,9.627899169921875,美元,貝萊德環球非投資等級債券基金 A10 美元(總報酬穩定配息),yfinance,債券型,全球市場,A0031 貝萊德投信,貝萊德
B090484,2026-03-13,9.589154243469238,美元,貝萊德環球非投資等級債券基金 A10 美元(總報酬穩定配息),yfinance,債券型,全球市場,A0031 貝萊德投信,貝萊德
B090484,2026-03-16,9.579468727111816,美元,貝萊德環球非投資等級債券基金 A10 美元(總報酬穩定配息),yfinance,債券型,全球市場,A0031 貝萊德投信,貝萊德
B090484,2026-03-17,9.598841667175293,美元,貝萊德環球非投資等級債券基金 A10 美元(總報酬穩定配息),yfinance,債券型,全球市場,A0031 貝萊德投信,貝萊德
B090484,2026-03-18,9.598841667175293,美元,貝萊德環球非投資等級債券基金 A10 美元(總報酬穩定配息),yfinance,債券型,全球市場,A0031 貝萊德投信,貝萊德
B090484,2026-03-19,9.56009578704834,美元,貝萊德環球非投資等級債券基金 A10 美元(總報酬穩定配息),yfinance,債券型,全球市場,A0031 貝萊德投信,貝萊德
B090484,2026-03-20,9.56009578704834,美元,貝萊德環球非投資等級債券基金 A10 美元(總報酬穩定配息),yfinance,債券型,全球市場,A0031 貝萊德投信,貝萊德
B090484,2026-03-23,9.550410270690918,美元,貝萊德環球非投資等級債券基金 A10 美元(總報酬穩定配息),yfinance,債券型,全球市場,A0031 貝萊德投信,貝萊德
B090484,2026-03-24,9.540726661682129,美元,貝萊德環球非投資等級債券基金 A10 美元(總報酬穩定配息),yfinance,債券型,全球市場,A0031 貝萊德投信,貝萊德
B090484,2026-03-25,9.569783210754395,美元,貝萊德環球非投資等級債券基金 A10 美元(總報酬穩定配息),yfinance,債券型,全球市場,A0031 貝萊德投信,貝萊德
B090484,2026-03-26,9.550410270690918,美元,貝萊德環球非投資等級債券基金 A10 美元(總報酬穩定配息),yfinance,債券型,全球市場,A0031 貝萊德投信,貝萊德
B090484,2026-03-27,9.501980781555176,美元,貝萊德環球非投資等級債券基金 A10 美元(總報酬穩定配息),yfinance,債券型,全球市場,A0031 貝萊德投信,貝萊德
B090484,2026-03-30,9.501980781555176,美元,貝萊德環球非投資等級債券基金 A10 美元(總報酬穩定配息),yfinance,債券型,全球市場,A0031 貝萊德投信,貝萊德
B090484,2026-03-31,9.524404525756836,美元,貝萊德環球非投資等級債券基金 A10 美元(總報酬穩定配息),yfinance,債券型,全球市場,A0031 貝萊德投信,貝萊德
B090484,2026-04-01,9.573145866394043,美元,貝萊德環球非投資等級債券基金 A10 美元(總報酬穩定配息),yfinance,債券型,全球市場,A0031 貝萊德投信,貝萊德
B090484,2026-04-02,9.563398361206055,美元,貝萊德環球非投資等級債券基金 A10 美元(總報酬穩定配息),yfinance,債券型,全球市場,A0031 貝萊德投信,貝萊德
B090484,2026-04-07,9.60239315032959,美元,貝萊德環球非投資等級債券基金 A10 美元(總報酬穩定配息),yfinance,債券型,全球市場,A0031 貝萊德投信,貝萊德
B090484,2026-04-08,9.670633316040039,美元,貝萊德環球非投資等級債券基金 A10 美元(總報酬穩定配息),yfinance,債券型,全球市場,A0031 貝萊德投信,貝萊德
B090484,2026-04-09,9.670633316040039,美元,貝萊德環球非投資等級債券基金 A10 美元(總報酬穩定配息),yfinance,債券型,全球市場,A0031 貝萊德投信,貝萊德
B090484,2026-04-10,9.690129280090332,美元,貝萊德環球非投資等級債券基金 A10 美元(總報酬穩定配息),yfinance,債券型,全球市場,A0031 貝萊德投信,貝萊德
B090484,2026-04-13,9.660883903503418,美元,貝萊德環球非投資等級債券基金 A10 美元(總報酬穩定配息),yfinance,債券型,全球市場,A0031 貝萊德投信,貝萊德
B090484,2026-04-14,9.709626197814941,美元,貝萊德環球非投資等級債券基金 A10 美元(總報酬穩定配息),yfinance,債券型,全球市場,A0031 貝萊德投信,貝萊德
B090484,2026-04-15,9.719375610351562,美元,貝萊德環球非投資等級債券基金 A10 美元(總報酬穩定配息),yfinance,債券型,全球市場,A0031 貝萊德投信,貝萊德
B090484,2026-04-16,9.729124069213867,美元,貝萊德環球非投資等級債券基金 A10 美元(總報酬穩定配息),yfinance,債券型,全球市場,A0031 貝萊德投信,貝萊德
B090484,2026-04-17,9.738873481750488,美元,貝萊德環球非投資等級債券基金 A10 美元(總報酬穩定配息),yfinance,債券型,全球市場,A0031 貝萊德投信,貝萊德
B090484,2026-04-20,9.758370399475098,美元,貝萊德環球非投資等級債券基金 A10 美元(總報酬穩定配息),yfinance,債券型,全球市場,A0031 貝萊德投信,貝萊德
B090484,2026-04-21,9.768118858337402,美元,貝萊德環球非投資等級債券基金 A10 美元(總報酬穩定配息),yfinance,債券型,全球市場,A0031 貝萊德投信,貝萊德
B090484,2026-04-22,9.748620986938477,美元,貝萊德環球非投資等級債券基金 A10 美元(總報酬穩定配息),yfinance,債券型,全球市場,A0031 貝萊德投信,貝萊德
B090484,2026-04-23,9.748620986938477,美元,貝萊德環球非投資等級債券基金 A10 美元(總報酬穩定配息),yfinance,債券型,全球市場,A0031 貝萊德投信,貝萊德
B090484,2026-04-24,9.738873481750488,美元,貝萊德環球非投資等級債券基金 A10 美元(總報酬穩定配息),yfinance,債券型,全球市場,A0031 貝萊德投信,貝萊德
B090484,2026-04-27,9.748620986938477,美元,貝萊德環球非投資等級債券基金 A10 美元(總報酬穩定配息),yfinance,債券型,全球市場,A0031 貝萊德投信,貝萊德
B090484,2026-04-28,9.738873481750488,美元,貝萊德環球非投資等級債券基金 A10 美元(總報酬穩定配息),yfinance,債券型,全球市場,A0031 貝萊德投信,貝萊德
B090484,2026-04-29,9.729124069213867,美元,貝萊德環球非投資等級債券基金 A10 美元(總報酬穩定配息),yfinance,債券型,全球市場,A0031 貝萊德投信,貝萊德
B090484,2026-04-30,9.722256660461426,美元,貝萊德環球非投資等級債券基金 A10 美元(總報酬穩定配息),yfinance,債券型,全球市場,A0031 貝萊德投信,貝萊德
B090484,2026-05-04,9.741877555847168,美元,貝萊德環球非投資等級債券基金 A10 美元(總報酬穩定配息),yfinance,債券型,全球市場,A0031 貝萊德投信,貝萊德
B090484,2026-05-05,9.732068061828613,美元,貝萊德環球非投資等級債券基金 A10 美元(總報酬穩定配息),yfinance,債券型,全球市場,A0031 貝萊德投信,貝萊德
B090484,2026-05-06,9.761499404907227,美元,貝萊德環球非投資等級債券基金 A10 美元(總報酬穩定配息),yfinance,債券型,全球市場,A0031 貝萊德投信,貝萊德
B090484,2026-05-07,9.771309852600098,美元,貝萊德環球非投資等級債券基金 A10 美元(總報酬穩定配息),yfinance,債券型,全球市場,A0031 貝萊德投信,貝萊德
B090484,2026-05-08,9.761499404907227,美元,貝萊德環球非投資等級債券基金 A10 美元(總報酬穩定配息),yfinance,債券型,全球市場,A0031 貝萊德投信,貝萊德
B090484,2026-05-11,9.761499404907227,美元,貝萊德環球非投資等級債券基金 A10 美元(總報酬穩定配息),yfinance,債券型,全球市場,A0031 貝萊德投信,貝萊德
B090484,2026-05-12,9.751688003540039,美元,貝萊德環球非投資等級債券基金 A10 美元(總報酬穩定配息),yfinance,債券型,全球市場,A0031 貝萊德投信,貝萊德
B090484,2026-05-13,9.741877555847168,美元,貝萊德環球非投資等級債券基金 A10 美元(總報酬穩定配息),yfinance,債券型,全球市場,A0031 貝萊德投信,貝萊德
B090484,2026-05-15,9.732068061828613,美元,貝萊德環球非投資等級債券基金 A10 美元(總報酬穩定配息),yfinance,債券型,全球市場,A0031 貝萊德投信,貝萊德
B090484,2026-05-18,9.722256660461426,美元,貝萊德環球非投資等級債券基金 A10 美元(總報酬穩定配息),yfinance,債券型,全球市場,A0031 貝萊德投信,貝萊德
B090484,2026-05-19,9.702635765075684,美元,貝萊德環球非投資等級債券基金 A10 美元(總報酬穩定配息),yfinance,債券型,全球市場,A0031 貝萊德投信,貝萊德
B090484,2026-05-20,9.702635765075684,美元,貝萊德環球非投資等級債券基金 A10 美元(總報酬穩定配息),yfinance,債券型,全球市場,A0031 貝萊德投信,貝萊德
B090484,2026-05-21,9.722256660461426,美元,貝萊德環球非投資等級債券基金 A10 美元(總報酬穩定配息),yfinance,債券型,全球市場,A0031 貝萊德投信,貝萊德
B090484,2026-05-22,9.732068061828613,美元,貝萊德環球非投資等級債券基金 A10 美元(總報酬穩定配息),yfinance,債券型,全球市場,A0031 貝萊德投信,貝萊德
B090484,2026-05-26,9.761499404907227,美元,貝萊德環球非投資等級債券基金 A10 美元(總報酬穩定配息),yfinance,債券型,全球市場,A0031 貝萊德投信,貝萊德
B090484,2026-05-27,9.771309852600098,美元,貝萊德環球非投資等級債券基金 A10 美元(總報酬穩定配息),yfinance,債券型,全球市場,A0031 貝萊德投信,貝萊德
B090484,2026-05-28,9.771309852600098,美元,貝萊德環球非投資等級債券基金 A10 美元(總報酬穩定配息),yfinance,債券型,全球市場,A0031 貝萊德投信,貝萊德
B090484,2026-05-29,9.784144401550293,美元,貝萊德環球非投資等級債券基金 A10 美元(總報酬穩定配息),yfinance,債券型,全球市場,A0031 貝萊德投信,貝萊德
B090484,2026-06-01,9.794017791748047,美元,貝萊德環球非投資等級債券基金 A10 美元(總報酬穩定配息),yfinance,債券型,全球市場,A0031 貝萊德投信,貝萊德
B090484,2026-06-02,9.794017791748047,美元,貝萊德環球非投資等級債券基金 A10 美元(總報酬穩定配息),yfinance,債券型,全球市場,A0031 貝萊德投信,貝萊德
B090484,2026-06-03,9.794017791748047,美元,貝萊德環球非投資等級債券基金 A10 美元(總報酬穩定配息),yfinance,債券型,全球市場,A0031 貝萊德投信,貝萊德
B090484,2026-06-04,9.784144401550293,美元,貝萊德環球非投資等級債券基金 A10 美元(總報酬穩定配息),yfinance,債券型,全球市場,A0031 貝萊德投信,貝萊德
B090484,2026-06-05,9.784144401550293,美元,貝萊德環球非投資等級債券基金 A10 美元(總報酬穩定配息),yfinance,債券型,全球市場,A0031 貝萊德投信,貝萊德
B090484,2026-06-08,9.774271011352539,美元,貝萊德環球非投資等級債券基金 A10 美元(總報酬穩定配息),yfinance,債券型,全球市場,A0031 貝萊德投信,貝萊德
B090484,2026-06-09,9.774271011352539,美元,貝萊德環球非投資等級債券基金 A10 美元(總報酬穩定配息),yfinance,債券型,全球市場,A0031 貝萊德投信,貝萊德
B090484,2026-06-10,9.764398574829102,美元,貝萊德環球非投資等級債券基金 A10 美元(總報酬穩定配息),yfinance,債券型,全球市場,A0031 貝萊德投信,貝萊德
B090484,2026-06-11,9.774271011352539,美元,貝萊德環球非投資等級債券基金 A10 美元(總報酬穩定配息),yfinance,債券型,全球市場,A0031 貝萊德投信,貝萊德
B090484,2026-06-12,9.803890228271484,美元,貝萊德環球非投資等級債券基金 A10 美元(總報酬穩定配息),yfinance,債券型,全球市場,A0031 貝萊德投信,貝萊德
B090484,2026-06-15,9.843382835388184,美元,貝萊德環球非投資等級債券基金 A10 美元(總報酬穩定配息),yfinance,債券型,全球市場,A0031 貝萊德投信,貝萊德
B090484,2026-06-16,9.83350944519043,美元,貝萊德環球非投資等級債券基金 A10 美元(總報酬穩定配息),yfinance,債券型,全球市場,A0031 貝萊德投信,貝萊德
B090484,2026-06-17,9.823637008666992,美元,貝萊德環球非投資等級債券基金 A10 美元(總報酬穩定配息),yfinance,債券型,全球市場,A0031 貝萊德投信,貝萊德
B090484,2026-06-18,9.813762664794922,美元,貝萊德環球非投資等級債券基金 A10 美元(總報酬穩定配息),yfinance,債券型,全球市場,A0031 貝萊德投信,貝萊德
B090484,2026-06-22,9.823637008666992,美元,貝萊德環球非投資等級債券基金 A10 美元(總報酬穩定配息),yfinance,債券型,全球市場,A0031 貝萊德投信,貝萊德
B090484,2026-06-24,9.813762664794922,美元,貝萊德環球非投資等級債券基金 A10 美元(總報酬穩定配息),yfinance,債券型,全球市場,A0031 貝萊德投信,貝萊德
B090484,2026-06-25,9.813762664794922,美元,貝萊德環球非投資等級債券基金 A10 美元(總報酬穩定配息),yfinance,債券型,全球市場,A0031 貝萊德投信,貝萊德
B090484,2026-06-26,9.813762664794922,美元,貝萊德環球非投資等級債券基金 A10 美元(總報酬穩定配息),yfinance,債券型,全球市場,A0031 貝萊德投信,貝萊德
B090484,2026-06-29,9.813762664794922,美元,貝萊德環球非投資等級債券基金 A10 美元(總報酬穩定配息),yfinance,債券型,全球市場,A0031 貝萊德投信,貝萊德
B090484,2026-06-30,9.816743850708008,美元,貝萊德環球非投資等級債券基金 A10 美元(總報酬穩定配息),yfinance,債券型,全球市場,A0031 貝萊德投信,貝萊德
B090484,2026-07-01,9.816743850708008,美元,貝萊德環球非投資等級債券基金 A10 美元(總報酬穩定配息),yfinance,債券型,全球市場,A0031 貝萊德投信,貝萊德
B090484,2026-07-02,9.816743850708008,美元,貝萊德環球非投資等級債券基金 A10 美元(總報酬穩定配息),yfinance,債券型,全球市場,A0031 貝萊德投信,貝萊德
B090484,2026-07-06,9.836615562438965,美元,貝萊德環球非投資等級債券基金 A10 美元(總報酬穩定配息),yfinance,債券型,全球市場,A0031 貝萊德投信,貝萊德
B090484,2026-07-07,9.836615562438965,美元,貝萊德環球非投資等級債券基金 A10 美元(總報酬穩定配息),yfinance,債券型,全球市場,A0031 貝萊德投信,貝萊德
B090484,2026-07-08,9.816743850708008,美元,貝萊德環球非投資等級債券基金 A10 美元(總報酬穩定配息),yfinance,債券型,全球市場,A0031 貝萊德投信,貝萊德
B090484,2026-07-09,9.826680183410645,美元,貝萊德環球非投資等級債券基金 A10 美元(總報酬穩定配息),yfinance,債券型,全球市場,A0031 貝萊德投信,貝萊德
B090484,2026-07-10,9.826680183410645,美元,貝萊德環球非投資等級債券基金 A10 美元(總報酬穩定配息),yfinance,債券型,全球市場,A0031 貝萊德投信,貝萊德
B090484,2026-07-13,9.826680183410645,美元,貝萊德環球非投資等級債券基金 A10 美元(總報酬穩定配息),yfinance,債券型,全球市場,A0031 貝萊德投信,貝萊德
B090484,2026-07-14,9.816743850708008,美元,貝萊德環球非投資等級債券基金 A10 美元(總報酬穩定配息),yfinance,債券型,全球市場,A0031 貝萊德投信,貝萊德
B090484,2026-07-15,9.826680183410645,美元,貝萊德環球非投資等級債券基金 A10 美元(總報酬穩定配息),yfinance,債券型,全球市場,A0031 貝萊德投信,貝萊德
B090484,2026-07-16,9.826680183410645,美元,貝萊德環球非投資等級債券基金 A10 美元(總報酬穩定配息),yfinance,債券型,全球市場,A0031 貝萊德投信,貝萊德
B090484,2026-07-17,9.826680183410645,美元,貝萊德環球非投資等級債券基金 A10 美元(總報酬穩定配息),yfinance,債券型,全球市場,A0031 貝萊德投信,貝萊德
B090484,2026-07-20,9.826680183410645,美元,貝萊德環球非投資等級債券基金 A10 美元(總報酬穩定配息),yfinance,債券型,全球市場,A0031 貝萊德投信,貝萊德
B090484,2026-07-21,9.826680183410645,美元,貝萊德環球非投資等級債券基金 A10 美元(總報酬穩定配息),yfinance,債券型,全球市場,A0031 貝萊德投信,貝萊德
B090484,2026-07-22,9.816743850708008,美元,貝萊德環球非投資等級債券基金 A10 美元(總報酬穩定配息),yfinance,債券型,全球市場,A0031 貝萊德投信,貝萊德
B090484,2026-07-23,9.78693675994873,美元,貝萊德環球非投資等級債券基金 A10 美元(總報酬穩定配息),yfinance,債券型,全球市場,A0031 貝萊德投信,貝萊德
B090484,2026-07-24,9.777000427246094,美元,貝萊德環球非投資等級債券基金 A10 美元(總報酬穩定配息),yfinance,債券型,全球市場,A0031 貝萊德投信,貝萊德
B090484,2026-07-27,9.78693675994873,美元,貝萊德環球非投資等級債券基金 A10 美元(總報酬穩定配息),yfinance,債券型,全球市場,A0031 貝萊德投信,貝萊德
B090484,2026-07-28,9.777000427246094,美元,貝萊德環球非投資等級債券基金 A10 美元(總報酬穩定配息),yfinance,債券型,全球市場,A0031 貝萊德投信,貝萊德
B090484,2026-07-29,9.777000427246094,美元,貝萊德環球非投資等級債券基金 A10 美元(總報酬穩定配息),yfinance,債券型,全球市場,A0031 貝萊德投信,貝萊德
B090484,2026-07-30,9.777000427246094,美元,貝萊德環球非投資等級債券基金 A10 美元(總報酬穩定配息),yfinance,債券型,全球市場,A0031 貝萊德投信,貝萊德
B090484,2026-07-31,9.789999961853027,美元,貝萊德環球非投資等級債券基金 A10 美元(總報酬穩定配息),yfinance,債券型,全球市場,A0031 貝萊德投信,貝萊德
B090484,2026-08-03,9.800000190734863,美元,貝萊德環球非投資等級債券基金 A10 美元(總報酬穩定配息),yfinance,債券型,全球市場,A0031 貝萊德投信,貝萊德
B090484,2026-08-04,9.829999923706055,美元,貝萊德環球非投資等級債券基金 A10 美元(總報酬穩定配息),yfinance,債券型,全球市場,A0031 貝萊德投信,貝萊德
B090484,2026-08-05,9.84000015258789,美元,貝萊德環球非投資等級債券基金 A10 美元(總報酬穩定配息),yfinance,債券型,全球市場,A0031 貝萊德投信,貝萊德
B090484,2026-08-06,9.84000015258789,美元,貝萊德環球非投資等級債券基金 A10 美元(總報酬穩定配息),yfinance,債券型,全球市場,A0031 貝萊德投信,貝萊德
B090484,2026-08-07,9.850000381469727,美元,貝萊德環球非投資等級債券基金 A10 美元(總報酬穩定配息),yfinance,債券型,全球市場,A0031 貝萊德投信,貝萊德
B090484,2026-08-10,9.850000381469727,美元,貝萊德環球非投資等級債券基金 A10 美元(總報酬穩定配息),yfinance,債券型,全球市場,A0031 貝萊德投信,貝萊德
B090484,2026-08-11,9.850000381469727,美元,貝萊德環球非投資等級債券基金 A10 美元(總報酬穩定配息),yfinance,債券型,全球市場,A0031 貝萊德投信,貝萊德
B090484,2026-08-12,9.859999656677246,美元,貝萊德環球非投資等級債券基金 A10 美元(總報酬穩定配息),yfinance,債券型,全球市場,A0031 貝萊德投信,貝萊德
B090484,2026-08-13,9.869999885559082,美元,貝萊德環球非投資等級債券基金 A10 美元(總報酬穩定配息),yfinance,債券型,全球市場,A0031 貝萊德投信,貝萊德
B090484,2026-08-14,9.880000114440918,美元,貝萊德環球非投資等級債券基金 A10 美元(總報酬穩定配息),yfinance,債券型,全球市場,A0031 貝萊德投信,貝萊德
B090484,2026-08-17,9.869999885559082,美元,貝萊德環球非投資等級債券基金 A10 美元(總報酬穩定配息),yfinance,債券型,全球市場,A0031 貝萊德投信,貝萊德
B090484,2026-08-18,9.850000381469727,美元,貝萊德環球非投資等級債券基金 A10 美元(總報酬穩定配息),yfinance,債券型,全球市場,A0031 貝萊德投信,貝萊德
B310237,2026-01-02,107.76995086669922,美元,M&G北美股息基金A(美元月配)F,yfinance,未分類,美國,B0313 富盛投顧,M&G
B310237,2026-01-05,107.72467041015625,美元,M&G北美股息基金A(美元月配)F,yfinance,未分類,美國,B0313 富盛投顧,M&G
B310237,2026-01-06,108.45868682861328,美元,M&G北美股息基金A(美元月配)F,yfinance,未分類,美國,B0313 富盛投顧,M&G
B310237,2026-01-07,109.88912200927734,美元,M&G北美股息基金A(美元月配)F,yfinance,未分類,美國,B0313 富盛投顧,M&G
B310237,2026-01-08,108.92118835449219,美元,M&G北美股息基金A(美元月配)F,yfinance,未分類,美國,B0313 富盛投顧,M&G
B310237,2026-01-09,109.51649475097656,美元,M&G北美股息基金A(美元月配)F,yfinance,未分類,美國,B0313 富盛投顧,M&G
B310237,2026-01-12,109.29306030273438,美元,M&G北美股息基金A(美元月配)F,yfinance,未分類,美國,B0313 富盛投顧,M&G
B310237,2026-01-13,109.76519775390625,美元,M&G北美股息基金A(美元月配)F,yfinance,未分類,美國,B0313 富盛投顧,M&G
B310237,2026-01-14,108.06156158447266,美元,M&G北美股息基金A(美元月配)F,yfinance,未分類,美國,B0313 富盛投顧,M&G
B310237,2026-01-15,108.5933609008789,美元,M&G北美股息基金A(美元月配)F,yfinance,未分類,美國,B0313 富盛投顧,M&G
B310237,2026-01-16,108.99463653564453,美元,M&G北美股息基金A(美元月配)F,yfinance,未分類,美國,B0313 富盛投顧,M&G
B310237,2026-01-20,106.26109313964844,美元,M&G北美股息基金A(美元月配)F,yfinance,未分類,美國,B0313 富盛投顧,M&G
B310237,2026-01-21,106.06368255615234,美元,M&G北美股息基金A(美元月配)F,yfinance,未分類,美國,B0313 富盛投顧,M&G
B310237,2026-01-22,107.70341491699219,美元,M&G北美股息基金A(美元月配)F,yfinance,未分類,美國,B0313 富盛投顧,M&G
B310237,2026-01-23,107.85277557373047,美元,M&G北美股息基金A(美元月配)F,yfinance,未分類,美國,B0313 富盛投顧,M&G
B310237,2026-01-26,107.84078979492188,美元,M&G北美股息基金A(美元月配)F,yfinance,未分類,美國,B0313 富盛投顧,M&G
B310237,2026-01-27,108.53071594238281,美元,M&G北美股息基金A(美元月配)F,yfinance,未分類,美國,B0313 富盛投顧,M&G
B310237,2026-01-28,108.5450210571289,美元,M&G北美股息基金A(美元月配)F,yfinance,未分類,美國,B0313 富盛投顧,M&G
B310237,2026-01-29,108.87118530273438,美元,M&G北美股息基金A(美元月配)F,yfinance,未分類,美國,B0313 富盛投顧,M&G
B310237,2026-01-30,108.71931457519531,美元,M&G北美股息基金A(美元月配)F,yfinance,未分類,美國,B0313 富盛投顧,M&G
B310237,2026-02-02,107.41034698486328,美元,M&G北美股息基金A(美元月配)F,yfinance,未分類,美國,B0313 富盛投顧,M&G
B310237,2026-02-03,108.38251495361328,美元,M&G北美股息基金A(美元月配)F,yfinance,未分類,美國,B0313 富盛投顧,M&G
B310237,2026-02-04,107.0746841430664,美元,M&G北美股息基金A(美元月配)F,yfinance,未分類,美國,B0313 富盛投顧,M&G
B310237,2026-02-05,106.3865737915039,美元,M&G北美股息基金A(美元月配)F,yfinance,未分類,美國,B0313 富盛投顧,M&G
B310237,2026-02-06,106.17457580566406,美元,M&G北美股息基金A(美元月配)F,yfinance,未分類,美國,B0313 富盛投顧,M&G
B310237,2026-02-09,106.91582489013672,美元,M&G北美股息基金A(美元月配)F,yfinance,未分類,美國,B0313 富盛投顧,M&G
B310237,2026-02-10,107.73286437988281,美元,M&G北美股息基金A(美元月配)F,yfinance,未分類,美國,B0313 富盛投顧,M&G
B310237,2026-02-11,107.33840942382812,美元,M&G北美股息基金A(美元月配)F,yfinance,未分類,美國,B0313 富盛投顧,M&G
B310237,2026-02-12,107.45535278320312,美元,M&G北美股息基金A(美元月配)F,yfinance,未分類,美國,B0313 富盛投顧,M&G
B310237,2026-02-13,106.11653900146484,美元,M&G北美股息基金A(美元月配)F,yfinance,未分類,美國,B0313 富盛投顧,M&G
B310237,2026-02-17,106.16632080078125,美元,M&G北美股息基金A(美元月配)F,yfinance,未分類,美國,B0313 富盛投顧,M&G
B310237,2026-02-18,106.57585144042969,美元,M&G北美股息基金A(美元月配)F,yfinance,未分類,美國,B0313 富盛投顧,M&G
B310237,2026-02-19,106.1279525756836,美元,M&G北美股息基金A(美元月配)F,yfinance,未分類,美國,B0313 富盛投顧,M&G
B310237,2026-02-20,105.63813781738281,美元,M&G北美股息基金A(美元月配)F,yfinance,未分類,美國,B0313 富盛投顧,M&G
B310237,2026-02-23,105.6536865234375,美元,M&G北美股息基金A(美元月配)F,yfinance,未分類,美國,B0313 富盛投顧,M&G
B310237,2026-02-24,104.47603607177734,美元,M&G北美股息基金A(美元月配)F,yfinance,未分類,美國,B0313 富盛投顧,M&G
B310237,2026-02-25,104.94672393798828,美元,M&G北美股息基金A(美元月配)F,yfinance,未分類,美國,B0313 富盛投顧,M&G
B310237,2026-02-26,105.47315216064453,美元,M&G北美股息基金A(美元月配)F,yfinance,未分類,美國,B0313 富盛投顧,M&G
B310237,2026-02-27,105.15624237060547,美元,M&G北美股息基金A(美元月配)F,yfinance,未分類,美國,B0313 富盛投顧,M&G
B310237,2026-03-02,104.3156967163086,美元,M&G北美股息基金A(美元月配)F,yfinance,未分類,美國,B0313 富盛投顧,M&G
B310237,2026-03-03,103.50529479980469,美元,M&G北美股息基金A(美元月配)F,yfinance,未分類,美國,B0313 富盛投顧,M&G
B310237,2026-03-04,104.97203826904297,美元,M&G北美股息基金A(美元月配)F,yfinance,未分類,美國,B0313 富盛投顧,M&G
B310237,2026-03-05,105.39897155761719,美元,M&G北美股息基金A(美元月配)F,yfinance,未分類,美國,B0313 富盛投顧,M&G
B310237,2026-03-06,104.57485961914062,美元,M&G北美股息基金A(美元月配)F,yfinance,未分類,美國,B0313 富盛投顧,M&G
B310237,2026-03-09,102.45950317382812,美元,M&G北美股息基金A(美元月配)F,yfinance,未分類,美國,B0313 富盛投顧,M&G
B310237,2026-03-10,104.26478576660156,美元,M&G北美股息基金A(美元月配)F,yfinance,未分類,美國,B0313 富盛投顧,M&G
B310237,2026-03-11,103.43922424316406,美元,M&G北美股息基金A(美元月配)F,yfinance,未分類,美國,B0313 富盛投顧,M&G
B310237,2026-03-12,102.51659393310547,美元,M&G北美股息基金A(美元月配)F,yfinance,未分類,美國,B0313 富盛投顧,M&G
B310237,2026-03-13,101.64138793945312,美元,M&G北美股息基金A(美元月配)F,yfinance,未分類,美國,B0313 富盛投顧,M&G
B310237,2026-03-16,101.9149169921875,美元,M&G北美股息基金A(美元月配)F,yfinance,未分類,美國,B0313 富盛投顧,M&G
B310237,2026-03-17,101.9504623413086,美元,M&G北美股息基金A(美元月配)F,yfinance,未分類,美國,B0313 富盛投顧,M&G
B310237,2026-03-18,103.0011978149414,美元,M&G北美股息基金A(美元月配)F,yfinance,未分類,美國,B0313 富盛投顧,M&G
B310237,2026-03-19,100.68473815917969,美元,M&G北美股息基金A(美元月配)F,yfinance,未分類,美國,B0313 富盛投顧,M&G
B310237,2026-03-20,101.120849609375,美元,M&G北美股息基金A(美元月配)F,yfinance,未分類,美國,B0313 富盛投顧,M&G
B310237,2026-03-23,101.4381103515625,美元,M&G北美股息基金A(美元月配)F,yfinance,未分類,美國,B0313 富盛投顧,M&G
B310237,2026-03-24,100.78733825683594,美元,M&G北美股息基金A(美元月配)F,yfinance,未分類,美國,B0313 富盛投顧,M&G
B310237,2026-03-25,101.31707763671875,美元,M&G北美股息基金A(美元月配)F,yfinance,未分類,美國,B0313 富盛投顧,M&G
B310237,2026-03-26,99.86335754394531,美元,M&G北美股息基金A(美元月配)F,yfinance,未分類,美國,B0313 富盛投顧,M&G
B310237,2026-03-27,98.74207305908203,美元,M&G北美股息基金A(美元月配)F,yfinance,未分類,美國,B0313 富盛投顧,M&G
B310237,2026-03-30,97.83599853515625,美元,M&G北美股息基金A(美元月配)F,yfinance,未分類,美國,B0313 富盛投顧,M&G
B310237,2026-03-31,98.3539810180664,美元,M&G北美股息基金A(美元月配)F,yfinance,未分類,美國,B0313 富盛投顧,M&G
B310237,2026-04-01,100.5398178100586,美元,M&G北美股息基金A(美元月配)F,yfinance,未分類,美國,B0313 富盛投顧,M&G
B310237,2026-04-02,99.01644134521484,美元,M&G北美股息基金A(美元月配)F,yfinance,未分類,美國,B0313 富盛投顧,M&G
B310237,2026-04-07,100.71096801757812,美元,M&G北美股息基金A(美元月配)F,yfinance,未分類,美國,B0313 富盛投顧,M&G
B310237,2026-04-08,103.82379913330078,美元,M&G北美股息基金A(美元月配)F,yfinance,未分類,美國,B0313 富盛投顧,M&G
B310237,2026-04-09,103.13652801513672,美元,M&G北美股息基金A(美元月配)F,yfinance,未分類,美國,B0313 富盛投顧,M&G
B310237,2026-04-10,103.67833709716797,美元,M&G北美股息基金A(美元月配)F,yfinance,未分類,美國,B0313 富盛投顧,M&G
B310237,2026-04-13,102.28308868408203,美元,M&G北美股息基金A(美元月配)F,yfinance,未分類,美國,B0313 富盛投顧,M&G
B310237,2026-04-14,104.67276000976562,美元,M&G北美股息基金A(美元月配)F,yfinance,未分類,美國,B0313 富盛投顧,M&G
B310237,2026-04-15,105.6626968383789,美元,M&G北美股息基金A(美元月配)F,yfinance,未分類,美國,B0313 富盛投顧,M&G
B310237,2026-04-16,106.71257019042969,美元,M&G北美股息基金A(美元月配)F,yfinance,未分類,美國,B0313 富盛投顧,M&G
B310237,2026-04-17,106.91407012939453,美元,M&G北美股息基金A(美元月配)F,yfinance,未分類,美國,B0313 富盛投顧,M&G
B310237,2026-04-20,107.461669921875,美元,M&G北美股息基金A(美元月配)F,yfinance,未分類,美國,B0313 富盛投顧,M&G
B310237,2026-04-21,108.37303161621094,美元,M&G北美股息基金A(美元月配)F,yfinance,未分類,美國,B0313 富盛投顧,M&G
B310237,2026-04-22,108.1592788696289,美元,M&G北美股息基金A(美元月配)F,yfinance,未分類,美國,B0313 富盛投顧,M&G
B310237,2026-04-23,107.48038482666016,美元,M&G北美股息基金A(美元月配)F,yfinance,未分類,美國,B0313 富盛投顧,M&G
B310237,2026-04-24,107.26673126220703,美元,M&G北美股息基金A(美元月配)F,yfinance,未分類,美國,B0313 富盛投顧,M&G
B310237,2026-04-27,107.70609283447266,美元,M&G北美股息基金A(美元月配)F,yfinance,未分類,美國,B0313 富盛投顧,M&G
B310237,2026-04-28,106.92484283447266,美元,M&G北美股息基金A(美元月配)F,yfinance,未分類,美國,B0313 富盛投顧,M&G
B310237,2026-04-29,107.9811782836914,美元,M&G北美股息基金A(美元月配)F,yfinance,未分類,美國,B0313 富盛投顧,M&G
B310237,2026-04-30,107.9821548461914,美元,M&G北美股息基金A(美元月配)F,yfinance,未分類,美國,B0313 富盛投顧,M&G
B310237,2026-05-05,109.49224853515625,美元,M&G北美股息基金A(美元月配)F,yfinance,未分類,美國,B0313 富盛投顧,M&G
B310237,2026-05-06,110.40428924560547,美元,M&G北美股息基金A(美元月配)F,yfinance,未分類,美國,B0313 富盛投顧,M&G
B310237,2026-05-07,110.01332092285156,美元,M&G北美股息基金A(美元月配)F,yfinance,未分類,美國,B0313 富盛投顧,M&G
B310237,2026-05-08,109.9800033569336,美元,M&G北美股息基金A(美元月配)F,yfinance,未分類,美國,B0313 富盛投顧,M&G
B310237,2026-05-11,108.91426849365234,美元,M&G北美股息基金A(美元月配)F,yfinance,未分類,美國,B0313 富盛投顧,M&G
B310237,2026-05-12,108.70687866210938,美元,M&G北美股息基金A(美元月配)F,yfinance,未分類,美國,B0313 富盛投顧,M&G
B310237,2026-05-13,108.7530288696289,美元,M&G北美股息基金A(美元月配)F,yfinance,未分類,美國,B0313 富盛投顧,M&G
B310237,2026-05-15,108.395751953125,美元,M&G北美股息基金A(美元月配)F,yfinance,未分類,美國,B0313 富盛投顧,M&G
B310237,2026-05-18,107.81046295166016,美元,M&G北美股息基金A(美元月配)F,yfinance,未分類,美國,B0313 富盛投顧,M&G
B310237,2026-05-19,108.25174713134766,美元,M&G北美股息基金A(美元月配)F,yfinance,未分類,美國,B0313 富盛投顧,M&G
B310237,2026-05-20,107.6815414428711,美元,M&G北美股息基金A(美元月配)F,yfinance,未分類,美國,B0313 富盛投顧,M&G
B310237,2026-05-21,107.0634994506836,美元,M&G北美股息基金A(美元月配)F,yfinance,未分類,美國,B0313 富盛投顧,M&G
B310237,2026-05-22,107.90198516845703,美元,M&G北美股息基金A(美元月配)F,yfinance,未分類,美國,B0313 富盛投顧,M&G
B310237,2026-05-26,108.72933959960938,美元,M&G北美股息基金A(美元月配)F,yfinance,未分類,美國,B0313 富盛投顧,M&G
B310237,2026-05-28,108.5335464477539,美元,M&G北美股息基金A(美元月配)F,yfinance,未分類,美國,B0313 富盛投顧,M&G
B310237,2026-05-29,109.65373229980469,美元,M&G北美股息基金A(美元月配)F,yfinance,未分類,美國,B0313 富盛投顧,M&G
B310237,2026-06-01,110.7288589477539,美元,M&G北美股息基金A(美元月配)F,yfinance,未分類,美國,B0313 富盛投顧,M&G
B310237,2026-06-02,110.34043884277344,美元,M&G北美股息基金A(美元月配)F,yfinance,未分類,美國,B0313 富盛投顧,M&G
B310237,2026-06-03,109.74152374267578,美元,M&G北美股息基金A(美元月配)F,yfinance,未分類,美國,B0313 富盛投顧,M&G
B310237,2026-06-04,108.21693420410156,美元,M&G北美股息基金A(美元月配)F,yfinance,未分類,美國,B0313 富盛投顧,M&G
B310237,2026-06-05,109.3625717163086,美元,M&G北美股息基金A(美元月配)F,yfinance,未分類,美國,B0313 富盛投顧,M&G
B310237,2026-06-08,107.52521514892578,美元,M&G北美股息基金A(美元月配)F,yfinance,未分類,美國,B0313 富盛投顧,M&G
B310237,2026-06-09,107.56673431396484,美元,M&G北美股息基金A(美元月配)F,yfinance,未分類,美國,B0313 富盛投顧,M&G
B310237,2026-06-10,106.72735595703125,美元,M&G北美股息基金A(美元月配)F,yfinance,未分類,美國,B0313 富盛投顧,M&G
B310237,2026-06-11,106.4429931640625,美元,M&G北美股息基金A(美元月配)F,yfinance,未分類,美國,B0313 富盛投顧,M&G
B310237,2026-06-12,107.37666320800781,美元,M&G北美股息基金A(美元月配)F,yfinance,未分類,美國,B0313 富盛投顧,M&G
B310237,2026-06-15,109.41849517822266,美元,M&G北美股息基金A(美元月配)F,yfinance,未分類,美國,B0313 富盛投顧,M&G
B310237,2026-06-16,109.92202758789062,美元,M&G北美股息基金A(美元月配)F,yfinance,未分類,美國,B0313 富盛投顧,M&G
B310237,2026-06-17,109.68954467773438,美元,M&G北美股息基金A(美元月配)F,yfinance,未分類,美國,B0313 富盛投顧,M&G
B310237,2026-06-18,108.56214904785156,美元,M&G北美股息基金A(美元月配)F,yfinance,未分類,美國,B0313 富盛投顧,M&G
B310237,2026-06-22,108.26400756835938,美元,M&G北美股息基金A(美元月配)F,yfinance,未分類,美國,B0313 富盛投顧,M&G
B310237,2026-06-24,107.13679504394531,美元,M&G北美股息基金A(美元月配)F,yfinance,未分類,美國,B0313 富盛投顧,M&G
B310237,2026-06-25,107.44446563720703,美元,M&G北美股息基金A(美元月配)F,yfinance,未分類,美國,B0313 富盛投顧,M&G
B310237,2026-06-26,106.34217834472656,美元,M&G北美股息基金A(美元月配)F,yfinance,未分類,美國,B0313 富盛投顧,M&G
B310237,2026-06-29,106.99795532226562,美元,M&G北美股息基金A(美元月配)F,yfinance,未分類,美國,B0313 富盛投顧,M&G
B310237,2026-06-30,106.99427795410156,美元,M&G北美股息基金A(美元月配)F,yfinance,未分類,美國,B0313 富盛投顧,M&G
B310237,2026-07-01,106.5911636352539,美元,M&G北美股息基金A(美元月配)F,yfinance,未分類,美國,B0313 富盛投顧,M&G
B310237,2026-07-02,107.27086639404297,美元,M&G北美股息基金A(美元月配)F,yfinance,未分類,美國,B0313 富盛投顧,M&G
B310237,2026-07-06,108.11473846435547,美元,M&G北美股息基金A(美元月配)F,yfinance,未分類,美國,B0313 富盛投顧,M&G
B310237,2026-07-07,107.86377716064453,美元,M&G北美股息基金A(美元月配)F,yfinance,未分類,美國,B0313 富盛投顧,M&G
B310237,2026-07-08,107.34654235839844,美元,M&G北美股息基金A(美元月配)F,yfinance,未分類,美國,B0313 富盛投顧,M&G
B310237,2026-07-09,107.59393310546875,美元,M&G北美股息基金A(美元月配)F,yfinance,未分類,美國,B0313 富盛投顧,M&G
B310237,2026-07-10,108.80050659179688,美元,M&G北美股息基金A(美元月配)F,yfinance,未分類,美國,B0313 富盛投顧,M&G
B310237,2026-07-13,108.9853286743164,美元,M&G北美股息基金A(美元月配)F,yfinance,未分類,美國,B0313 富盛投顧,M&G
B310237,2026-07-14,109.16140747070312,美元,M&G北美股息基金A(美元月配)F,yfinance,未分類,美國,B0313 富盛投顧,M&G
B310237,2026-07-15,109.0934829711914,美元,M&G北美股息基金A(美元月配)F,yfinance,未分類,美國,B0313 富盛投顧,M&G
B310237,2026-07-16,109.74398803710938,美元,M&G北美股息基金A(美元月配)F,yfinance,未分類,美國,B0313 富盛投顧,M&G
B310237,2026-07-17,109.0762939453125,美元,M&G北美股息基金A(美元月配)F,yfinance,未分類,美國,B0313 富盛投顧,M&G
B310237,2026-07-20,109.4791030883789,美元,M&G北美股息基金A(美元月配)F,yfinance,未分類,美國,B0313 富盛投顧,M&G
B310237,2026-07-21,109.8102035522461,美元,M&G北美股息基金A(美元月配)F,yfinance,未分類,美國,B0313 富盛投顧,M&G
B310237,2026-07-22,109.54750061035156,美元,M&G北美股息基金A(美元月配)F,yfinance,未分類,美國,B0313 富盛投顧,M&G
B310237,2026-07-23,109.2864990234375,美元,M&G北美股息基金A(美元月配)F,yfinance,未分類,美國,B0313 富盛投顧,M&G
B310237,2026-07-24,108.92369842529297,美元,M&G北美股息基金A(美元月配)F,yfinance,未分類,美國,B0313 富盛投顧,M&G
B310237,2026-07-27,110.2531967163086,美元,M&G北美股息基金A(美元月配)F,yfinance,未分類,美國,B0313 富盛投顧,M&G
B310237,2026-07-28,109.73190307617188,美元,M&G北美股息基金A(美元月配)F,yfinance,未分類,美國,B0313 富盛投顧,M&G
B310237,2026-07-29,110.78150177001953,美元,M&G北美股息基金A(美元月配)F,yfinance,未分類,美國,B0313 富盛投顧,M&G
B310237,2026-07-30,110.57440185546875,美元,M&G北美股息基金A(美元月配)F,yfinance,未分類,美國,B0313 富盛投顧,M&G
B310237,2026-07-31,111.82319641113281,美元,M&G北美股息基金A(美元月配)F,yfinance,未分類,美國,B0313 富盛投顧,M&G
B310237,2026-08-03,112.47699737548828,美元,M&G北美股息基金A(美元月配)F,yfinance,未分類,美國,B0313 富盛投顧,M&G
B310237,2026-08-04,113.89800262451172,美元,M&G北美股息基金A(美元月配)F,yfinance,未分類,美國,B0313 富盛投顧,M&G
B310237,2026-08-05,115.40280151367188,美元,M&G北美股息基金A(美元月配)F,yfinance,未分類,美國,B0313 富盛投顧,M&G
B310237,2026-08-06,114.69270324707031,美元,M&G北美股息基金A(美元月配)F,yfinance,未分類,美國,B0313 富盛投顧,M&G
B310237,2026-08-07,115.22010040283203,美元,M&G北美股息基金A(美元月配)F,yfinance,未分類,美國,B0313 富盛投顧,M&G
B310237,2026-08-10,115.01419830322266,美元,M&G北美股息基金A(美元月配)F,yfinance,未分類,美國,B0313 富盛投顧,M&G
B310237,2026-08-11,115.05239868164062,美元,M&G北美股息基金A(美元月配)F,yfinance,未分類,美國,B0313 富盛投顧,M&G
B310237,2026-08-12,115.72429656982422,美元,M&G北美股息基金A(美元月配)F,yfinance,未分類,美國,B0313 富盛投顧,M&G
B310237,2026-08-13,115.66899871826172,美元,M&G北美股息基金A(美元月配)F,yfinance,未分類,美國,B0313 富盛投顧,M&G
B310237,2026-08-14,116.82550048828125,美元,M&G北美股息基金A(美元月配)F,yfinance,未分類,美國,B0313 富盛投顧,M&G
B310237,2026-08-18,114.59290313720703,美元,M&G北美股息基金A(美元月配)F,yfinance,未分類,美國,B0313 富盛投顧,M&G
B140427,2026-01-02,9.110923767089844,美元,富達基金－美元債券基金 (B股C月配息美元),yfinance,債券型,美國,A0038 富達投信,富達
B140427,2026-01-05,9.128305435180664,美元,富達基金－美元債券基金 (B股C月配息美元),yfinance,債券型,美國,A0038 富達投信,富達
B140427,2026-01-06,9.114785194396973,美元,富達基金－美元債券基金 (B股C月配息美元),yfinance,債券型,美國,A0038 富達投信,富達
B140427,2026-01-07,9.139888763427734,美元,富達基金－美元債券基金 (B股C月配息美元),yfinance,債券型,美國,A0038 富達投信,富達
B140427,2026-01-08,9.124441146850586,美元,富達基金－美元債券基金 (B股C月配息美元),yfinance,債券型,美國,A0038 富達投信,富達
B140427,2026-01-09,9.123476028442383,美元,富達基金－美元債券基金 (B股C月配息美元),yfinance,債券型,美國,A0038 富達投信,富達
B140427,2026-01-12,9.121545791625977,美元,富達基金－美元債券基金 (B股C月配息美元),yfinance,債券型,美國,A0038 富達投信,富達
B140427,2026-01-13,9.123476028442383,美元,富達基金－美元債券基金 (B股C月配息美元),yfinance,債券型,美國,A0038 富達投信,富達
B140427,2026-01-14,9.146649360656738,美元,富達基金－美元債券基金 (B股C月配息美元),yfinance,債券型,美國,A0038 富達投信,富達
B140427,2026-01-15,9.135064125061035,美元,富達基金－美元債券基金 (B股C月配息美元),yfinance,債券型,美國,A0038 富達投信,富達
B140427,2026-01-16,9.115751266479492,美元,富達基金－美元債券基金 (B股C月配息美元),yfinance,債券型,美國,A0038 富達投信,富達
B140427,2026-01-20,9.085819244384766,美元,富達基金－美元債券基金 (B股C月配息美元),yfinance,債券型,美國,A0038 富達投信,富達
B140427,2026-01-21,9.083888053894043,美元,富達基金－美元債券基金 (B股C月配息美元),yfinance,債券型,美國,A0038 富達投信,富達
B140427,2026-01-22,9.096440315246582,美元,富達基金－美元債券基金 (B股C月配息美元),yfinance,債券型,美國,A0038 富達投信,富達
B140427,2026-01-23,9.102232933044434,美元,富達基金－美元債券基金 (B股C月配息美元),yfinance,債券型,美國,A0038 富達投信,富達
B140427,2026-01-26,9.126371383666992,美元,富達基金－美元債券基金 (B股C月配息美元),yfinance,債券型,美國,A0038 富達投信,富達
B140427,2026-01-27,9.125407218933105,美元,富達基金－美元債券基金 (B股C月配息美元),yfinance,債券型,美國,A0038 富達投信,富達
B140427,2026-01-28,9.110923767089844,美元,富達基金－美元債券基金 (B股C月配息美元),yfinance,債券型,美國,A0038 富達投信,富達
B140427,2026-01-29,9.117683410644531,美元,富達基金－美元債券基金 (B股C月配息美元),yfinance,債券型,美國,A0038 富達投信,富達
B140427,2026-01-30,9.117683410644531,美元,富達基金－美元債券基金 (B股C月配息美元),yfinance,債券型,美國,A0038 富達投信,富達
B140427,2026-02-02,9.10720157623291,美元,富達基金－美元債券基金 (B股C月配息美元),yfinance,債券型,美國,A0038 富達投信,富達
B140427,2026-02-03,9.102350234985352,美元,富達基金－美元債券基金 (B股C月配息美元),yfinance,債券型,美國,A0038 富達投信,富達
B140427,2026-02-04,9.104291915893555,美元,富達基金－美元債券基金 (B股C月配息美元),yfinance,債券型,美國,A0038 富達投信,富達
B140427,2026-02-05,9.137285232543945,美元,富達基金－美元債券基金 (B股C月配息美元),yfinance,債券型,美國,A0038 富達投信,富達
B140427,2026-02-06,9.1401948928833,美元,富達基金－美元債券基金 (B股C月配息美元),yfinance,債券型,美國,A0038 富達投信,富達
B140427,2026-02-09,9.146988868713379,美元,富達基金－美元債券基金 (B股C月配息美元),yfinance,債券型,美國,A0038 富達投信,富達
B140427,2026-02-10,9.184834480285645,美元,富達基金－美元債券基金 (B股C月配息美元),yfinance,債券型,美國,A0038 富達投信,富達
B140427,2026-02-11,9.181922912597656,美元,富達基金－美元債券基金 (B股C月配息美元),yfinance,債券型,美國,A0038 富達投信,富達
B140427,2026-02-12,9.202300071716309,美元,富達基金－美元債券基金 (B股C月配息美元),yfinance,債券型,美國,A0038 富達投信,富達
B140427,2026-02-13,9.241116523742676,美元,富達基金－美元債券基金 (B股C月配息美元),yfinance,債券型,美國,A0038 富達投信,富達
B140427,2026-02-17,9.240147590637207,美元,富達基金－美元債券基金 (B股C月配息美元),yfinance,債券型,美國,A0038 富達投信,富達
B140427,2026-02-18,9.230443000793457,美元,富達基金－美元債券基金 (B股C月配息美元),yfinance,債券型,美國,A0038 富達投信,富達
B140427,2026-02-19,9.220739364624023,美元,富達基金－美元債券基金 (B股C月配息美元),yfinance,債券型,美國,A0038 富達投信,富達
B140427,2026-02-20,9.214917182922363,美元,富達基金－美元債券基金 (B股C月配息美元),yfinance,債券型,美國,A0038 富達投信,富達
B140427,2026-02-23,9.252762794494629,美元,富達基金－美元債券基金 (B股C月配息美元),yfinance,債券型,美國,A0038 富達投信,富達
B140427,2026-02-24,9.248880386352539,美元,富達基金－美元債券基金 (B股C月配息美元),yfinance,債券型,美國,A0038 富達投信,富達
B140427,2026-02-25,9.24402904510498,美元,富達基金－美元債券基金 (B股C月配息美元),yfinance,債券型,美國,A0038 富達投信,富達
B140427,2026-02-26,9.253732681274414,美元,富達基金－美元債券基金 (B股C月配息美元),yfinance,債券型,美國,A0038 富達投信,富達
B140427,2026-02-27,9.283814430236816,美元,富達基金－美元債券基金 (B股C月配息美元),yfinance,債券型,美國,A0038 富達投信,富達
B140427,2026-03-02,9.230956077575684,美元,富達基金－美元債券基金 (B股C月配息美元),yfinance,債券型,美國,A0038 富達投信,富達
B140427,2026-03-03,9.21925163269043,美元,富達基金－美元債券基金 (B股C月配息美元),yfinance,債券型,美國,A0038 富達投信,富達
B140427,2026-03-04,9.223152160644531,美元,富達基金－美元債券基金 (B股C月配息美元),yfinance,債券型,美國,A0038 富達投信,富達
B140427,2026-03-05,9.183167457580566,美元,富達基金－美元債券基金 (B股C月配息美元),yfinance,債券型,美國,A0038 富達投信,富達
B140427,2026-03-06,9.184142112731934,美元,富達基金－美元債券基金 (B股C月配息美元),yfinance,債券型,美國,A0038 富達投信,富達
B140427,2026-03-09,9.187067985534668,美元,富達基金－美元債券基金 (B股C月配息美元),yfinance,債券型,美國,A0038 富達投信,富達
B140427,2026-03-10,9.197795867919922,美元,富達基金－美元債券基金 (B股C月配息美元),yfinance,債券型,美國,A0038 富達投信,富達
B140427,2026-03-11,9.140254020690918,美元,富達基金－美元債券基金 (B股C月配息美元),yfinance,債券型,美國,A0038 富達投信,富達
B140427,2026-03-12,9.11099624633789,美元,富達基金－美元債券基金 (B股C月配息美元),yfinance,債券型,美國,A0038 富達投信,富達
B140427,2026-03-13,9.088565826416016,美元,富達基金－美元債券基金 (B股C月配息美元),yfinance,債券型,美國,A0038 富達投信,富達
B140427,2026-03-16,9.112947463989258,美元,富達基金－美元債券基金 (B股C月配息美元),yfinance,債券型,美國,A0038 富達投信,富達
B140427,2026-03-17,9.139281272888184,美元,富達基金－美元債券基金 (B股C月配息美元),yfinance,債券型,美國,A0038 富達投信,富達
B140427,2026-03-18,9.125626564025879,美元,富達基金－美元債券基金 (B股C月配息美元),yfinance,債券型,美國,A0038 富達投信,富達
B140427,2026-03-19,9.096367835998535,美元,富達基金－美元債券基金 (B股C月配息美元),yfinance,債券型,美國,A0038 富達投信,富達
B140427,2026-03-20,9.044678688049316,美元,富達基金－美元債券基金 (B股C月配息美元),yfinance,債券型,美國,A0038 富達投信,富達
B140427,2026-03-23,9.050530433654785,美元,富達基金－美元債券基金 (B股C月配息美元),yfinance,債券型,美國,A0038 富達投信,富達
B140427,2026-03-24,9.03785228729248,美元,富達基金－美元債券基金 (B股C月配息美元),yfinance,債券型,美國,A0038 富達投信,富達
B140427,2026-03-25,9.074912071228027,美元,富達基金－美元債券基金 (B股C月配息美元),yfinance,債券型,美國,A0038 富達投信,富達
B140427,2026-03-26,9.025172233581543,美元,富達基金－美元債券基金 (B股C月配息美元),yfinance,債券型,美國,A0038 富達投信,富達
B140427,2026-03-27,9.017370223999023,美元,富達基金－美元債券基金 (B股C月配息美元),yfinance,債券型,美國,A0038 富達投信,富達
B140427,2026-03-30,9.064183235168457,美元,富達基金－美元債券基金 (B股C月配息美元),yfinance,債券型,美國,A0038 富達投信,富達
B140427,2026-03-31,9.065159797668457,美元,富達基金－美元債券基金 (B股C月配息美元),yfinance,債券型,美國,A0038 富達投信,富達
B140427,2026-04-01,9.089076042175293,美元,富達基金－美元債券基金 (B股C月配息美元),yfinance,債券型,美國,A0038 富達投信,富達
B140427,2026-04-02,9.087114334106445,美元,富達基金－美元債券基金 (B股C月配息美元),yfinance,債券型,美國,A0038 富達投信,富達
B140427,2026-04-06,9.083194732666016,美元,富達基金－美元債券基金 (B股C月配息美元),yfinance,債券型,美國,A0038 富達投信,富達
B140427,2026-04-07,9.064571380615234,美元,富達基金－美元債券基金 (B股C月配息美元),yfinance,債券型,美國,A0038 富達投信,富達
B140427,2026-04-08,9.121420860290527,美元,富達基金－美元債券基金 (B股C月配息美元),yfinance,債券型,美國,A0038 富達投信,富達
B140427,2026-04-09,9.120440483093262,美元,富達基金－美元債券基金 (B股C月配息美元),yfinance,債券型,美國,A0038 富達投信,富達
B140427,2026-04-10,9.09593677520752,美元,富達基金－美元債券基金 (B股C月配息美元),yfinance,債券型,美國,A0038 富達投信,富達
B140427,2026-04-13,9.089076042175293,美元,富達基金－美元債券基金 (B股C月配息美元),yfinance,債券型,美國,A0038 富達投信,富達
B140427,2026-04-14,9.127302169799805,美元,富達基金－美元債券基金 (B股C月配息美元),yfinance,債券型,美國,A0038 富達投信,富達
B140427,2026-04-15,9.121420860290527,美元,富達基金－美元債券基金 (B股C月配息美元),yfinance,債券型,美國,A0038 富達投信,富達
B140427,2026-04-16,9.116519927978516,美元,富達基金－美元債券基金 (B股C月配息美元),yfinance,債券型,美國,A0038 富達投信,富達
B140427,2026-04-17,9.148865699768066,美元,富達基金－美元債券基金 (B股C月配息美元),yfinance,債券型,美國,A0038 富達投信,富達
B140427,2026-04-20,9.137103080749512,美元,富達基金－美元債券基金 (B股C月配息美元),yfinance,債券型,美國,A0038 富達投信,富達
B140427,2026-04-21,9.120440483093262,美元,富達基金－美元債券基金 (B股C月配息美元),yfinance,債券型,美國,A0038 富達投信,富達
B140427,2026-04-22,9.121420860290527,美元,富達基金－美元債券基金 (B股C月配息美元),yfinance,債券型,美國,A0038 富達投信,富達
B140427,2026-04-23,9.118480682373047,美元,富達基金－美元債券基金 (B股C月配息美元),yfinance,債券型,美國,A0038 富達投信,富達
B140427,2026-04-24,9.116519927978516,美元,富達基金－美元債券基金 (B股C月配息美元),yfinance,債券型,美國,A0038 富達投信,富達
B140427,2026-04-27,9.101818084716797,美元,富達基金－美元債券基金 (B股C月配息美元),yfinance,債券型,美國,A0038 富達投信,富達
B140427,2026-04-28,9.084174156188965,美元,富達基金－美元債券基金 (B股C月配息美元),yfinance,債券型,美國,A0038 富達投信,富達
B140427,2026-04-29,9.061629295349121,美元,富達基金－美元債券基金 (B股C月配息美元),yfinance,債券型,美國,A0038 富達投信,富達
B140427,2026-04-30,9.067511558532715,美元,富達基金－美元債券基金 (B股C月配息美元),yfinance,債券型,美國,A0038 富達投信,富達
B140427,2026-05-01,9.075589179992676,美元,富達基金－美元債券基金 (B股C月配息美元),yfinance,債券型,美國,A0038 富達投信,富達
B140427,2026-05-04,9.041111946105957,美元,富達基金－美元債券基金 (B股C月配息美元),yfinance,債券型,美國,A0038 富達投信,富達
B140427,2026-05-05,9.064752578735352,美元,富達基金－美元債券基金 (B股C月配息美元),yfinance,債券型,美國,A0038 富達投信,富達
B140427,2026-05-06,9.09627628326416,美元,富達基金－美元債券基金 (B股C月配息美元),yfinance,債券型,美國,A0038 富達投信,富達
B140427,2026-05-07,9.090365409851074,美元,富達基金－美元債券基金 (B股C月配息美元),yfinance,債券型,美國,A0038 富達投信,富達
B140427,2026-05-08,9.091350555419922,美元,富達基金－美元債券基金 (B股C月配息美元),yfinance,債券型,美國,A0038 富達投信,富達
B140427,2026-05-11,9.078544616699219,美元,富達基金－美元債券基金 (B股C月配息美元),yfinance,債券型,美國,A0038 富達投信,富達
B140427,2026-05-12,9.043081283569336,美元,富達基金－美元債券基金 (B股C月配息美元),yfinance,債券型,美國,A0038 富達投信,富達
B140427,2026-05-13,9.032244682312012,美元,富達基金－美元債券基金 (B股C月配息美元),yfinance,債券型,美國,A0038 富達投信,富達
B140427,2026-05-14,9.05982780456543,美元,富達基金－美元債券基金 (B股C月配息美元),yfinance,債券型,美國,A0038 富達投信,富達
B140427,2026-05-15,8.985945701599121,美元,富達基金－美元債券基金 (B股C月配息美元),yfinance,債券型,美國,A0038 富達投信,富達
B140427,2026-05-18,8.982006072998047,美元,富達基金－美元債券基金 (B股C月配息美元),yfinance,債券型,美國,A0038 富達投信,富達
B140427,2026-05-19,8.943587303161621,美元,富達基金－美元債券基金 (B股C月配息美元),yfinance,債券型,美國,A0038 富達投信,富達
B140427,2026-05-20,8.986931800842285,美元,富達基金－美元債券基金 (B股C月配息美元),yfinance,債券型,美國,A0038 富達投信,富達
B140427,2026-05-21,8.976095199584961,美元,富達基金－美元債券基金 (B股C月配息美元),yfinance,債券型,美國,A0038 富達投信,富達
B140427,2026-05-22,8.995797157287598,美元,富達基金－美元債券基金 (B股C月配息美元),yfinance,債券型,美國,A0038 富達投信,富達
B140427,2026-05-26,9.036186218261719,美元,富達基金－美元債券基金 (B股C月配息美元),yfinance,債券型,美國,A0038 富達投信,富達
B140427,2026-05-27,9.04702091217041,美元,富達基金－美元債券基金 (B股C月配息美元),yfinance,債券型,美國,A0038 富達投信,富達
B140427,2026-05-28,9.056872367858887,美元,富達基金－美元債券基金 (B股C月配息美元),yfinance,債券型,美國,A0038 富達投信,富達
B140427,2026-05-29,9.074603080749512,美元,富達基金－美元債券基金 (B股C月配息美元),yfinance,債券型,美國,A0038 富達投信,富達
B140427,2026-06-01,9.039952278137207,美元,富達基金－美元債券基金 (B股C月配息美元),yfinance,債券型,美國,A0038 富達投信,富達
B140427,2026-06-02,9.072623252868652,美元,富達基金－美元債券基金 (B股C月配息美元),yfinance,債券型,美國,A0038 富達投信,富達
B140427,2026-06-03,9.041933059692383,美元,富達基金－美元債券基金 (B股C月配息美元),yfinance,債券型,美國,A0038 富達投信,富達
B140427,2026-06-04,9.061734199523926,美元,富達基金－美元債券基金 (B股C月配息美元),yfinance,債券型,美國,A0038 富達投信,富達
B140427,2026-06-05,9.02213191986084,美元,富達基金－美元債券基金 (B股C月配息美元),yfinance,債券型,美國,A0038 富達投信,富達
B140427,2026-06-08,9.014211654663086,美元,富達基金－美元債券基金 (B股C月配息美元),yfinance,債券型,美國,A0038 富達投信,富達
B140427,2026-06-09,9.02807331085205,美元,富達基金－美元債券基金 (B股C月配息美元),yfinance,債券型,美國,A0038 富達投信,富達
B140427,2026-06-10,9.029062271118164,美元,富達基金－美元債券基金 (B股C月配息美元),yfinance,債券型,美國,A0038 富達投信,富達
B140427,2026-06-11,9.03005313873291,美元,富達基金－美元債券基金 (B股C月配息美元),yfinance,債券型,美國,A0038 富達投信,富達
B140427,2026-06-12,9.05975341796875,美元,富達基金－美元債券基金 (B股C月配息美元),yfinance,債券型,美國,A0038 富達投信,富達
B140427,2026-06-15,9.077573776245117,美元,富達基金－美元債券基金 (B股C月配息美元),yfinance,債券型,美國,A0038 富達投信,富達
B140427,2026-06-16,9.09143352508545,美元,富達基金－美元債券基金 (B股C月配息美元),yfinance,債券型,美國,A0038 富達投信,富達
B140427,2026-06-17,9.085494995117188,美元,富達基金－美元債券基金 (B股C月配息美元),yfinance,債券型,美國,A0038 富達投信,富達
B140427,2026-06-18,9.079553604125977,美元,富達基金－美元債券基金 (B股C月配息美元),yfinance,債券型,美國,A0038 富達投信,富達
B140427,2026-06-22,9.044902801513672,美元,富達基金－美元債券基金 (B股C月配息美元),yfinance,債券型,美國,A0038 富達投信,富達
B140427,2026-06-23,9.060744285583496,美元,富達基金－美元債券基金 (B股C月配息美元),yfinance,債券型,美國,A0038 富達投信,富達
B140427,2026-06-24,9.096384048461914,美元,富達基金－美元債券基金 (B股C月配息美元),yfinance,債券型,美國,A0038 富達投信,富達
B140427,2026-06-25,9.108264923095703,美元,富達基金－美元債券基金 (B股C月配息美元),yfinance,債券型,美國,A0038 富達投信,富達
B140427,2026-06-26,9.106285095214844,美元,富達基金－美元債券基金 (B股C月配息美元),yfinance,債券型,美國,A0038 富達投信,富達
B140427,2026-06-29,9.109254837036133,美元,富達基金－美元債券基金 (B股C月配息美元),yfinance,債券型,美國,A0038 富達投信,富達
B140427,2026-06-30,9.095394134521484,美元,富達基金－美元債券基金 (B股C月配息美元),yfinance,債券型,美國,A0038 富達投信,富達
B140427,2026-07-01,9.0614652633667,美元,富達基金－美元債券基金 (B股C月配息美元),yfinance,債券型,美國,A0038 富達投信,富達
B140427,2026-07-02,9.064449310302734,美元,富達基金－美元債券基金 (B股C月配息美元),yfinance,債券型,美國,A0038 富達投信,富達
B140427,2026-07-06,9.055495262145996,美元,富達基金－美元債券基金 (B股C月配息美元),yfinance,債券型,美國,A0038 富達投信,富達
B140427,2026-07-07,9.035594940185547,美元,富達基金－美元債券基金 (B股C月配息美元),yfinance,債券型,美國,A0038 富達投信,富達
B140427,2026-07-08,8.991814613342285,美元,富達基金－美元債券基金 (B股C月配息美元),yfinance,債券型,美國,A0038 富達投信,富達
B140427,2026-07-09,9.012709617614746,美元,富達基金－美元債券基金 (B股C月配息美元),yfinance,債券型,美國,A0038 富達投信,富達
B140427,2026-07-10,9.012709617614746,美元,富達基金－美元債券基金 (B股C月配息美元),yfinance,債券型,美國,A0038 富達投信,富達
B140427,2026-07-13,8.987834930419922,美元,富達基金－美元債券基金 (B股C月配息美元),yfinance,債券型,美國,A0038 富達投信,富達
B140427,2026-07-14,8.98883056640625,美元,富達基金－美元債券基金 (B股C月配息美元),yfinance,債券型,美國,A0038 富達投信,富達
B140427,2026-07-15,9.010720252990723,美元,富達基金－美元債券基金 (B股C月配息美元),yfinance,債券型,美國,A0038 富達投信,富達
B140427,2026-07-16,9.00275993347168,美元,富達基金－美元債券基金 (B股C月配息美元),yfinance,債券型,美國,A0038 富達投信,富達
B140427,2026-07-17,9.019674301147461,美元,富達基金－美元債券基金 (B股C月配息美元),yfinance,債券型,美國,A0038 富達投信,富達
B140427,2026-07-20,8.990819931030273,美元,富達基金－美元債券基金 (B股C月配息美元),yfinance,債券型,美國,A0038 富達投信,富達
B140427,2026-07-21,8.971915245056152,美元,富達基金－美元債券基金 (B股C月配息美元),yfinance,債券型,美國,A0038 富達投信,富達
B140427,2026-07-22,8.960969924926758,美元,富達基金－美元債券基金 (B股C月配息美元),yfinance,債券型,美國,A0038 富達投信,富達
B140427,2026-07-23,8.929129600524902,美元,富達基金－美元債券基金 (B股C月配息美元),yfinance,債券型,美國,A0038 富達投信,富達
B140427,2026-07-24,8.946044921875,美元,富達基金－美元債券基金 (B股C月配息美元),yfinance,債券型,美國,A0038 富達投信,富達
B140427,2026-07-27,8.954999923706055,美元,富達基金－美元債券基金 (B股C月配息美元),yfinance,債券型,美國,A0038 富達投信,富達
B140427,2026-07-28,8.980870246887207,美元,富達基金－美元債券基金 (B股C月配息美元),yfinance,債券型,美國,A0038 富達投信,富達
B140427,2026-07-29,8.951020240783691,美元,富達基金－美元債券基金 (B股C月配息美元),yfinance,債券型,美國,A0038 富達投信,富達
B140427,2026-07-30,8.949030876159668,美元,富達基金－美元債券基金 (B股C月配息美元),yfinance,債券型,美國,A0038 富達投信,富達
B140427,2026-07-31,8.915200233459473,美元,富達基金－美元債券基金 (B股C月配息美元),yfinance,債券型,美國,A0038 富達投信,富達
B140427,2026-08-03,8.940999984741211,美元,富達基金－美元債券基金 (B股C月配息美元),yfinance,債券型,美國,A0038 富達投信,富達
B140427,2026-08-04,8.97599983215332,美元,富達基金－美元債券基金 (B股C月配息美元),yfinance,債券型,美國,A0038 富達投信,富達
B140427,2026-08-05,8.97599983215332,美元,富達基金－美元債券基金 (B股C月配息美元),yfinance,債券型,美國,A0038 富達投信,富達
B140427,2026-08-06,8.956999778747559,美元,富達基金－美元債券基金 (B股C月配息美元),yfinance,債券型,美國,A0038 富達投信,富達
B140427,2026-08-07,8.967000007629395,美元,富達基金－美元債券基金 (B股C月配息美元),yfinance,債券型,美國,A0038 富達投信,富達
B140427,2026-08-10,8.949000358581543,美元,富達基金－美元債券基金 (B股C月配息美元),yfinance,債券型,美國,A0038 富達投信,富達
B140427,2026-08-11,8.949999809265137,美元,富達基金－美元債券基金 (B股C月配息美元),yfinance,債券型,美國,A0038 富達投信,富達
B140427,2026-08-12,8.961000442504883,美元,富達基金－美元債券基金 (B股C月配息美元),yfinance,債券型,美國,A0038 富達投信,富達
B140427,2026-08-13,8.980999946594238,美元,富達基金－美元債券基金 (B股C月配息美元),yfinance,債券型,美國,A0038 富達投信,富達
B140427,2026-08-14,8.956000328063965,美元,富達基金－美元債券基金 (B股C月配息美元),yfinance,債券型,美國,A0038 富達投信,富達
B140427,2026-08-17,8.947999954223633,美元,富達基金－美元債券基金 (B股C月配息美元),yfinance,債券型,美國,A0038 富達投信,富達
B220161,2026-01-02,9.185909271240234,美元,駿利亨德森資產管理基金 - 駿利亨德森非投資等級債券基金 A6 穩月配 美元,yfinance,債券型,美國,A0032 野村投信,駿利亨德森CAPITAL
B220161,2026-01-05,9.214143753051758,美元,駿利亨德森資產管理基金 - 駿利亨德森非投資等級債券基金 A6 穩月配 美元,yfinance,債券型,美國,A0032 野村投信,駿利亨德森CAPITAL
B220161,2026-01-06,9.214143753051758,美元,駿利亨德森資產管理基金 - 駿利亨德森非投資等級債券基金 A6 穩月配 美元,yfinance,債券型,美國,A0032 野村投信,駿利亨德森CAPITAL
B220161,2026-01-07,9.204731941223145,美元,駿利亨德森資產管理基金 - 駿利亨德森非投資等級債券基金 A6 穩月配 美元,yfinance,債券型,美國,A0032 野村投信,駿利亨德森CAPITAL
B220161,2026-01-08,9.214143753051758,美元,駿利亨德森資產管理基金 - 駿利亨德森非投資等級債券基金 A6 穩月配 美元,yfinance,債券型,美國,A0032 野村投信,駿利亨德森CAPITAL
B220161,2026-01-09,9.242379188537598,美元,駿利亨德森資產管理基金 - 駿利亨德森非投資等級債券基金 A6 穩月配 美元,yfinance,債券型,美國,A0032 野村投信,駿利亨德森CAPITAL
B220161,2026-01-12,9.251791954040527,美元,駿利亨德森資產管理基金 - 駿利亨德森非投資等級債券基金 A6 穩月配 美元,yfinance,債券型,美國,A0032 野村投信,駿利亨德森CAPITAL
B220161,2026-01-13,9.261202812194824,美元,駿利亨德森資產管理基金 - 駿利亨德森非投資等級債券基金 A6 穩月配 美元,yfinance,債券型,美國,A0032 野村投信,駿利亨德森CAPITAL
B220161,2026-01-14,9.261202812194824,美元,駿利亨德森資產管理基金 - 駿利亨德森非投資等級債券基金 A6 穩月配 美元,yfinance,債券型,美國,A0032 野村投信,駿利亨德森CAPITAL
B220161,2026-01-15,9.264235496520996,美元,駿利亨德森資產管理基金 - 駿利亨德森非投資等級債券基金 A6 穩月配 美元,yfinance,債券型,美國,A0032 野村投信,駿利亨德森CAPITAL
B220161,2026-01-16,9.27371883392334,美元,駿利亨德森資產管理基金 - 駿利亨德森非投資等級債券基金 A6 穩月配 美元,yfinance,債券型,美國,A0032 野村投信,駿利亨德森CAPITAL
B220161,2026-01-20,9.254755020141602,美元,駿利亨德森資產管理基金 - 駿利亨德森非投資等級債券基金 A6 穩月配 美元,yfinance,債券型,美國,A0032 野村投信,駿利亨德森CAPITAL
B220161,2026-01-21,9.264235496520996,美元,駿利亨德森資產管理基金 - 駿利亨德森非投資等級債券基金 A6 穩月配 美元,yfinance,債券型,美國,A0032 野村投信,駿利亨德森CAPITAL
B220161,2026-01-22,9.27371883392334,美元,駿利亨德森資產管理基金 - 駿利亨德森非投資等級債券基金 A6 穩月配 美元,yfinance,債券型,美國,A0032 野村投信,駿利亨德森CAPITAL
B220161,2026-01-23,9.27371883392334,美元,駿利亨德森資產管理基金 - 駿利亨德森非投資等級債券基金 A6 穩月配 美元,yfinance,債券型,美國,A0032 野村投信,駿利亨德森CAPITAL
B220161,2026-01-26,9.27371883392334,美元,駿利亨德森資產管理基金 - 駿利亨德森非投資等級債券基金 A6 穩月配 美元,yfinance,債券型,美國,A0032 野村投信,駿利亨德森CAPITAL
B220161,2026-01-27,9.27371883392334,美元,駿利亨德森資產管理基金 - 駿利亨德森非投資等級債券基金 A6 穩月配 美元,yfinance,債券型,美國,A0032 野村投信,駿利亨德森CAPITAL
B220161,2026-01-28,9.27371883392334,美元,駿利亨德森資產管理基金 - 駿利亨德森非投資等級債券基金 A6 穩月配 美元,yfinance,債券型,美國,A0032 野村投信,駿利亨德森CAPITAL
B220161,2026-01-29,9.264235496520996,美元,駿利亨德森資產管理基金 - 駿利亨德森非投資等級債券基金 A6 穩月配 美元,yfinance,債券型,美國,A0032 野村投信,駿利亨德森CAPITAL
B220161,2026-01-30,9.254755020141602,美元,駿利亨德森資產管理基金 - 駿利亨德森非投資等級債券基金 A6 穩月配 美元,yfinance,債券型,美國,A0032 野村投信,駿利亨德森CAPITAL
B220161,2026-02-02,9.264235496520996,美元,駿利亨德森資產管理基金 - 駿利亨德森非投資等級債券基金 A6 穩月配 美元,yfinance,債券型,美國,A0032 野村投信,駿利亨德森CAPITAL
B220161,2026-02-03,9.254755020141602,美元,駿利亨德森資產管理基金 - 駿利亨德森非投資等級債券基金 A6 穩月配 美元,yfinance,債券型,美國,A0032 野村投信,駿利亨德森CAPITAL
B220161,2026-02-04,9.235790252685547,美元,駿利亨德森資產管理基金 - 駿利亨德森非投資等級債券基金 A6 穩月配 美元,yfinance,債券型,美國,A0032 野村投信,駿利亨德森CAPITAL
B220161,2026-02-05,9.22630786895752,美元,駿利亨德森資產管理基金 - 駿利亨德森非投資等級債券基金 A6 穩月配 美元,yfinance,債券型,美國,A0032 野村投信,駿利亨德森CAPITAL
B220161,2026-02-06,9.254755020141602,美元,駿利亨德森資產管理基金 - 駿利亨德森非投資等級債券基金 A6 穩月配 美元,yfinance,債券型,美國,A0032 野村投信,駿利亨德森CAPITAL
B220161,2026-02-09,9.283202171325684,美元,駿利亨德森資產管理基金 - 駿利亨德森非投資等級債券基金 A6 穩月配 美元,yfinance,債券型,美國,A0032 野村投信,駿利亨德森CAPITAL
B220161,2026-02-10,9.292683601379395,美元,駿利亨德森資產管理基金 - 駿利亨德森非投資等級債券基金 A6 穩月配 美元,yfinance,債券型,美國,A0032 野村投信,駿利亨德森CAPITAL
B220161,2026-02-11,9.292683601379395,美元,駿利亨德森資產管理基金 - 駿利亨德森非投資等級債券基金 A6 穩月配 美元,yfinance,債券型,美國,A0032 野村投信,駿利亨德森CAPITAL
B220161,2026-02-12,9.292683601379395,美元,駿利亨德森資產管理基金 - 駿利亨德森非投資等級債券基金 A6 穩月配 美元,yfinance,債券型,美國,A0032 野村投信,駿利亨德森CAPITAL
B220161,2026-02-13,9.295740127563477,美元,駿利亨德森資產管理基金 - 駿利亨德森非投資等級債券基金 A6 穩月配 美元,yfinance,債券型,美國,A0032 野村投信,駿利亨德森CAPITAL
B220161,2026-02-17,9.286188125610352,美元,駿利亨德森資產管理基金 - 駿利亨德森非投資等級債券基金 A6 穩月配 美元,yfinance,債券型,美國,A0032 野村投信,駿利亨德森CAPITAL
B220161,2026-02-18,9.305295944213867,美元,駿利亨德森資產管理基金 - 駿利亨德森非投資等級債券基金 A6 穩月配 美元,yfinance,債券型,美國,A0032 野村投信,駿利亨德森CAPITAL
B220161,2026-02-19,9.305295944213867,美元,駿利亨德森資產管理基金 - 駿利亨德森非投資等級債券基金 A6 穩月配 美元,yfinance,債券型,美國,A0032 野村投信,駿利亨德森CAPITAL
B220161,2026-02-20,9.305295944213867,美元,駿利亨德森資產管理基金 - 駿利亨德森非投資等級債券基金 A6 穩月配 美元,yfinance,債券型,美國,A0032 野村投信,駿利亨德森CAPITAL
B220161,2026-02-23,9.295740127563477,美元,駿利亨德森資產管理基金 - 駿利亨德森非投資等級債券基金 A6 穩月配 美元,yfinance,債券型,美國,A0032 野村投信,駿利亨德森CAPITAL
B220161,2026-02-24,9.295740127563477,美元,駿利亨德森資產管理基金 - 駿利亨德森非投資等級債券基金 A6 穩月配 美元,yfinance,債券型,美國,A0032 野村投信,駿利亨德森CAPITAL
B220161,2026-02-25,9.295740127563477,美元,駿利亨德森資產管理基金 - 駿利亨德森非投資等級債券基金 A6 穩月配 美元,yfinance,債券型,美國,A0032 野村投信,駿利亨德森CAPITAL
B220161,2026-02-26,9.295740127563477,美元,駿利亨德森資產管理基金 - 駿利亨德森非投資等級債券基金 A6 穩月配 美元,yfinance,債券型,美國,A0032 野村投信,駿利亨德森CAPITAL
B220161,2026-02-27,9.286188125610352,美元,駿利亨德森資產管理基金 - 駿利亨德森非投資等級債券基金 A6 穩月配 美元,yfinance,債券型,美國,A0032 野村投信,駿利亨德森CAPITAL
B220161,2026-03-02,9.276633262634277,美元,駿利亨德森資產管理基金 - 駿利亨德森非投資等級債券基金 A6 穩月配 美元,yfinance,債券型,美國,A0032 野村投信,駿利亨德森CAPITAL
B220161,2026-03-03,9.257526397705078,美元,駿利亨德森資產管理基金 - 駿利亨德森非投資等級債券基金 A6 穩月配 美元,yfinance,債券型,美國,A0032 野村投信,駿利亨德森CAPITAL
B220161,2026-03-04,9.295740127563477,美元,駿利亨德森資產管理基金 - 駿利亨德森非投資等級債券基金 A6 穩月配 美元,yfinance,債券型,美國,A0032 野村投信,駿利亨德森CAPITAL
B220161,2026-03-05,9.286188125610352,美元,駿利亨德森資產管理基金 - 駿利亨德森非投資等級債券基金 A6 穩月配 美元,yfinance,債券型,美國,A0032 野村投信,駿利亨德森CAPITAL
B220161,2026-03-06,9.257526397705078,美元,駿利亨德森資產管理基金 - 駿利亨德森非投資等級債券基金 A6 穩月配 美元,yfinance,債券型,美國,A0032 野村投信,駿利亨德森CAPITAL
B220161,2026-03-09,9.24797248840332,美元,駿利亨德森資產管理基金 - 駿利亨德森非投資等級債券基金 A6 穩月配 美元,yfinance,債券型,美國,A0032 野村投信,駿利亨德森CAPITAL
B220161,2026-03-10,9.276633262634277,美元,駿利亨德森資產管理基金 - 駿利亨德森非投資等級債券基金 A6 穩月配 美元,yfinance,債券型,美國,A0032 野村投信,駿利亨德森CAPITAL
B220161,2026-03-11,9.257526397705078,美元,駿利亨德森資產管理基金 - 駿利亨德森非投資等級債券基金 A6 穩月配 美元,yfinance,債券型,美國,A0032 野村投信,駿利亨德森CAPITAL
B220161,2026-03-12,9.200203895568848,美元,駿利亨德森資產管理基金 - 駿利亨德森非投資等級債券基金 A6 穩月配 美元,yfinance,債券型,美國,A0032 野村投信,駿利亨德森CAPITAL
B220161,2026-03-13,9.174405097961426,美元,駿利亨德森資產管理基金 - 駿利亨德森非投資等級債券基金 A6 穩月配 美元,yfinance,債券型,美國,A0032 野村投信,駿利亨德森CAPITAL
B220161,2026-03-16,9.18403148651123,美元,駿利亨德森資產管理基金 - 駿利亨德森非投資等級債券基金 A6 穩月配 美元,yfinance,債券型,美國,A0032 野村投信,駿利亨德森CAPITAL
B220161,2026-03-17,9.203285217285156,美元,駿利亨德森資產管理基金 - 駿利亨德森非投資等級債券基金 A6 穩月配 美元,yfinance,債券型,美國,A0032 野村投信,駿利亨德森CAPITAL
B220161,2026-03-18,9.193658828735352,美元,駿利亨德森資產管理基金 - 駿利亨德森非投資等級債券基金 A6 穩月配 美元,yfinance,債券型,美國,A0032 野村投信,駿利亨德森CAPITAL
B220161,2026-03-19,9.155150413513184,美元,駿利亨德森資產管理基金 - 駿利亨德森非投資等級債券基金 A6 穩月配 美元,yfinance,債券型,美國,A0032 野村投信,駿利亨德森CAPITAL
B220161,2026-03-20,9.107016563415527,美元,駿利亨德森資產管理基金 - 駿利亨德森非投資等級債券基金 A6 穩月配 美元,yfinance,債券型,美國,A0032 野村投信,駿利亨德森CAPITAL
B220161,2026-03-23,9.145524024963379,美元,駿利亨德森資產管理基金 - 駿利亨德森非投資等級債券基金 A6 穩月配 美元,yfinance,債券型,美國,A0032 野村投信,駿利亨德森CAPITAL
B220161,2026-03-24,9.12627124786377,美元,駿利亨德森資產管理基金 - 駿利亨德森非投資等級債券基金 A6 穩月配 美元,yfinance,債券型,美國,A0032 野村投信,駿利亨德森CAPITAL
B220161,2026-03-25,9.155150413513184,美元,駿利亨德森資產管理基金 - 駿利亨德森非投資等級債券基金 A6 穩月配 美元,yfinance,債券型,美國,A0032 野村投信,駿利亨德森CAPITAL
B220161,2026-03-26,9.097390174865723,美元,駿利亨德森資產管理基金 - 駿利亨德森非投資等級債券基金 A6 穩月配 美元,yfinance,債券型,美國,A0032 野村投信,駿利亨德森CAPITAL
B220161,2026-03-27,9.03000259399414,美元,駿利亨德森資產管理基金 - 駿利亨德森非投資等級債券基金 A6 穩月配 美元,yfinance,債券型,美國,A0032 野村投信,駿利亨德森CAPITAL
B220161,2026-03-30,9.039628982543945,美元,駿利亨德森資產管理基金 - 駿利亨德森非投資等級債券基金 A6 穩月配 美元,yfinance,債券型,美國,A0032 野村投信,駿利亨德森CAPITAL
B220161,2026-03-31,9.116643905639648,美元,駿利亨德森資產管理基金 - 駿利亨德森非投資等級債券基金 A6 穩月配 美元,yfinance,債券型,美國,A0032 野村投信,駿利亨德森CAPITAL
B220161,2026-04-01,9.155150413513184,美元,駿利亨德森資產管理基金 - 駿利亨德森非投資等級債券基金 A6 穩月配 美元,yfinance,債券型,美國,A0032 野村投信,駿利亨德森CAPITAL
B220161,2026-04-02,9.155150413513184,美元,駿利亨德森資產管理基金 - 駿利亨德森非投資等級債券基金 A6 穩月配 美元,yfinance,債券型,美國,A0032 野村投信,駿利亨德森CAPITAL
B220161,2026-04-06,9.174405097961426,美元,駿利亨德森資產管理基金 - 駿利亨德森非投資等級債券基金 A6 穩月配 美元,yfinance,債券型,美國,A0032 野村投信,駿利亨德森CAPITAL
B220161,2026-04-07,9.174405097961426,美元,駿利亨德森資產管理基金 - 駿利亨德森非投資等級債券基金 A6 穩月配 美元,yfinance,債券型,美國,A0032 野村投信,駿利亨德森CAPITAL
B220161,2026-04-08,9.251419067382812,美元,駿利亨德森資產管理基金 - 駿利亨德森非投資等級債券基金 A6 穩月配 美元,yfinance,債券型,美國,A0032 野村投信,駿利亨德森CAPITAL
B220161,2026-04-09,9.26104736328125,美元,駿利亨德森資產管理基金 - 駿利亨德森非投資等級債券基金 A6 穩月配 美元,yfinance,債券型,美國,A0032 野村投信,駿利亨德森CAPITAL
B220161,2026-04-10,9.26104736328125,美元,駿利亨德森資產管理基金 - 駿利亨德森非投資等級債券基金 A6 穩月配 美元,yfinance,債券型,美國,A0032 野村投信,駿利亨德森CAPITAL
B220161,2026-04-13,9.270673751831055,美元,駿利亨德森資產管理基金 - 駿利亨德森非投資等級債券基金 A6 穩月配 美元,yfinance,債券型,美國,A0032 野村投信,駿利亨德森CAPITAL
B220161,2026-04-14,9.309181213378906,美元,駿利亨德森資產管理基金 - 駿利亨德森非投資等級債券基金 A6 穩月配 美元,yfinance,債券型,美國,A0032 野村投信,駿利亨德森CAPITAL
B220161,2026-04-15,9.312284469604492,美元,駿利亨德森資產管理基金 - 駿利亨德森非投資等級債券基金 A6 穩月配 美元,yfinance,債券型,美國,A0032 野村投信,駿利亨德森CAPITAL
B220161,2026-04-16,9.312284469604492,美元,駿利亨德森資產管理基金 - 駿利亨德森非投資等級債券基金 A6 穩月配 美元,yfinance,債券型,美國,A0032 野村投信,駿利亨德森CAPITAL
B220161,2026-04-17,9.341385841369629,美元,駿利亨德森資產管理基金 - 駿利亨德森非投資等級債券基金 A6 穩月配 美元,yfinance,債券型,美國,A0032 野村投信,駿利亨德森CAPITAL
B220161,2026-04-20,9.331686019897461,美元,駿利亨德森資產管理基金 - 駿利亨德森非投資等級債券基金 A6 穩月配 美元,yfinance,債券型,美國,A0032 野村投信,駿利亨德森CAPITAL
B220161,2026-04-21,9.312284469604492,美元,駿利亨德森資產管理基金 - 駿利亨德森非投資等級債券基金 A6 穩月配 美元,yfinance,債券型,美國,A0032 野村投信,駿利亨德森CAPITAL
B220161,2026-04-22,9.312284469604492,美元,駿利亨德森資產管理基金 - 駿利亨德森非投資等級債券基金 A6 穩月配 美元,yfinance,債券型,美國,A0032 野村投信,駿利亨德森CAPITAL
B220161,2026-04-23,9.302584648132324,美元,駿利亨德森資產管理基金 - 駿利亨德森非投資等級債券基金 A6 穩月配 美元,yfinance,債券型,美國,A0032 野村投信,駿利亨德森CAPITAL
B220161,2026-04-24,9.312284469604492,美元,駿利亨德森資產管理基金 - 駿利亨德森非投資等級債券基金 A6 穩月配 美元,yfinance,債券型,美國,A0032 野村投信,駿利亨德森CAPITAL
B220161,2026-04-27,9.312284469604492,美元,駿利亨德森資產管理基金 - 駿利亨德森非投資等級債券基金 A6 穩月配 美元,yfinance,債券型,美國,A0032 野村投信,駿利亨德森CAPITAL
B220161,2026-04-28,9.302584648132324,美元,駿利亨德森資產管理基金 - 駿利亨德森非投資等級債券基金 A6 穩月配 美元,yfinance,債券型,美國,A0032 野村投信,駿利亨德森CAPITAL
B220161,2026-04-29,9.283183097839355,美元,駿利亨德森資產管理基金 - 駿利亨德森非投資等級債券基金 A6 穩月配 美元,yfinance,債券型,美國,A0032 野村投信,駿利亨德森CAPITAL
B220161,2026-04-30,9.302584648132324,美元,駿利亨德森資產管理基金 - 駿利亨德森非投資等級債券基金 A6 穩月配 美元,yfinance,債券型,美國,A0032 野村投信,駿利亨德森CAPITAL
B220161,2026-05-01,9.312284469604492,美元,駿利亨德森資產管理基金 - 駿利亨德森非投資等級債券基金 A6 穩月配 美元,yfinance,債券型,美國,A0032 野村投信,駿利亨德森CAPITAL
B220161,2026-05-04,9.302584648132324,美元,駿利亨德森資產管理基金 - 駿利亨德森非投資等級債券基金 A6 穩月配 美元,yfinance,債券型,美國,A0032 野村投信,駿利亨德森CAPITAL
B220161,2026-05-05,9.302584648132324,美元,駿利亨德森資產管理基金 - 駿利亨德森非投資等級債券基金 A6 穩月配 美元,yfinance,債券型,美國,A0032 野村投信,駿利亨德森CAPITAL
B220161,2026-05-06,9.331686019897461,美元,駿利亨德森資產管理基金 - 駿利亨德森非投資等級債券基金 A6 穩月配 美元,yfinance,債券型,美國,A0032 野村投信,駿利亨德森CAPITAL
B220161,2026-05-07,9.32198429107666,美元,駿利亨德森資產管理基金 - 駿利亨德森非投資等級債券基金 A6 穩月配 美元,yfinance,債券型,美國,A0032 野村投信,駿利亨德森CAPITAL
B220161,2026-05-08,9.32198429107666,美元,駿利亨德森資產管理基金 - 駿利亨德森非投資等級債券基金 A6 穩月配 美元,yfinance,債券型,美國,A0032 野村投信,駿利亨德森CAPITAL
B220161,2026-05-11,9.32198429107666,美元,駿利亨德森資產管理基金 - 駿利亨德森非投資等級債券基金 A6 穩月配 美元,yfinance,債券型,美國,A0032 野村投信,駿利亨德森CAPITAL
B220161,2026-05-12,9.292884826660156,美元,駿利亨德森資產管理基金 - 駿利亨德森非投資等級債券基金 A6 穩月配 美元,yfinance,債券型,美國,A0032 野村投信,駿利亨德森CAPITAL
B220161,2026-05-13,9.302584648132324,美元,駿利亨德森資產管理基金 - 駿利亨德森非投資等級債券基金 A6 穩月配 美元,yfinance,債券型,美國,A0032 野村投信,駿利亨德森CAPITAL
B220161,2026-05-14,9.312284469604492,美元,駿利亨德森資產管理基金 - 駿利亨德森非投資等級債券基金 A6 穩月配 美元,yfinance,債券型,美國,A0032 野村投信,駿利亨德森CAPITAL
B220161,2026-05-15,9.276311874389648,美元,駿利亨德森資產管理基金 - 駿利亨德森非投資等級債券基金 A6 穩月配 美元,yfinance,債券型,美國,A0032 野村投信,駿利亨德森CAPITAL
B220161,2026-05-18,9.256763458251953,美元,駿利亨德森資產管理基金 - 駿利亨德森非投資等級債券基金 A6 穩月配 美元,yfinance,債券型,美國,A0032 野村投信,駿利亨德森CAPITAL
B220161,2026-05-19,9.227437973022461,美元,駿利亨德森資產管理基金 - 駿利亨德森非投資等級債券基金 A6 穩月配 美元,yfinance,債券型,美國,A0032 野村投信,駿利亨德森CAPITAL
B220161,2026-05-20,9.2665376663208,美元,駿利亨德森資產管理基金 - 駿利亨德森非投資等級債券基金 A6 穩月配 美元,yfinance,債券型,美國,A0032 野村投信,駿利亨德森CAPITAL
B220161,2026-05-21,9.286087036132812,美元,駿利亨德森資產管理基金 - 駿利亨德森非投資等級債券基金 A6 穩月配 美元,yfinance,債券型,美國,A0032 野村投信,駿利亨德森CAPITAL
B220161,2026-05-22,9.305638313293457,美元,駿利亨德森資產管理基金 - 駿利亨德森非投資等級債券基金 A6 穩月配 美元,yfinance,債券型,美國,A0032 野村投信,駿利亨德森CAPITAL
B220161,2026-05-26,9.334961891174316,美元,駿利亨德森資產管理基金 - 駿利亨德森非投資等級債券基金 A6 穩月配 美元,yfinance,債券型,美國,A0032 野村投信,駿利亨德森CAPITAL
B220161,2026-05-27,9.334961891174316,美元,駿利亨德森資產管理基金 - 駿利亨德森非投資等級債券基金 A6 穩月配 美元,yfinance,債券型,美國,A0032 野村投信,駿利亨德森CAPITAL
B220161,2026-05-28,9.344736099243164,美元,駿利亨德森資產管理基金 - 駿利亨德森非投資等級債券基金 A6 穩月配 美元,yfinance,債券型,美國,A0032 野村投信,駿利亨德森CAPITAL
B220161,2026-05-29,9.364286422729492,美元,駿利亨德森資產管理基金 - 駿利亨德森非投資等級債券基金 A6 穩月配 美元,yfinance,債券型,美國,A0032 野村投信,駿利亨德森CAPITAL
B220161,2026-06-01,9.354511260986328,美元,駿利亨德森資產管理基金 - 駿利亨德森非投資等級債券基金 A6 穩月配 美元,yfinance,債券型,美國,A0032 野村投信,駿利亨德森CAPITAL
B220161,2026-06-02,9.364286422729492,美元,駿利亨德森資產管理基金 - 駿利亨德森非投資等級債券基金 A6 穩月配 美元,yfinance,債券型,美國,A0032 野村投信,駿利亨德森CAPITAL
B220161,2026-06-03,9.344736099243164,美元,駿利亨德森資產管理基金 - 駿利亨德森非投資等級債券基金 A6 穩月配 美元,yfinance,債券型,美國,A0032 野村投信,駿利亨德森CAPITAL
B220161,2026-06-04,9.354511260986328,美元,駿利亨德森資產管理基金 - 駿利亨德森非投資等級債券基金 A6 穩月配 美元,yfinance,債券型,美國,A0032 野村投信,駿利亨德森CAPITAL
B220161,2026-06-05,9.315411567687988,美元,駿利亨德森資產管理基金 - 駿利亨德森非投資等級債券基金 A6 穩月配 美元,yfinance,債券型,美國,A0032 野村投信,駿利亨德森CAPITAL
B220161,2026-06-08,9.315411567687988,美元,駿利亨德森資產管理基金 - 駿利亨德森非投資等級債券基金 A6 穩月配 美元,yfinance,債券型,美國,A0032 野村投信,駿利亨德森CAPITAL
B220161,2026-06-09,9.325186729431152,美元,駿利亨德森資產管理基金 - 駿利亨德森非投資等級債券基金 A6 穩月配 美元,yfinance,債券型,美國,A0032 野村投信,駿利亨德森CAPITAL
B220161,2026-06-10,9.305638313293457,美元,駿利亨德森資產管理基金 - 駿利亨德森非投資等級債券基金 A6 穩月配 美元,yfinance,債券型,美國,A0032 野村投信,駿利亨德森CAPITAL
B220161,2026-06-11,9.334961891174316,美元,駿利亨德森資產管理基金 - 駿利亨德森非投資等級債券基金 A6 穩月配 美元,yfinance,債券型,美國,A0032 野村投信,駿利亨德森CAPITAL
B220161,2026-06-12,9.354511260986328,美元,駿利亨德森資產管理基金 - 駿利亨德森非投資等級債券基金 A6 穩月配 美元,yfinance,債券型,美國,A0032 野村投信,駿利亨德森CAPITAL
B220161,2026-06-15,9.406914710998535,美元,駿利亨德森資產管理基金 - 駿利亨德森非投資等級債券基金 A6 穩月配 美元,yfinance,債券型,美國,A0032 野村投信,駿利亨德森CAPITAL
B220161,2026-06-16,9.406914710998535,美元,駿利亨德森資產管理基金 - 駿利亨德森非投資等級債券基金 A6 穩月配 美元,yfinance,債券型,美國,A0032 野村投信,駿利亨德森CAPITAL
B220161,2026-06-17,9.397064208984375,美元,駿利亨德森資產管理基金 - 駿利亨德森非投資等級債券基金 A6 穩月配 美元,yfinance,債券型,美國,A0032 野村投信,駿利亨德森CAPITAL
B220161,2026-06-18,9.406914710998535,美元,駿利亨德森資產管理基金 - 駿利亨德森非投資等級債券基金 A6 穩月配 美元,yfinance,債券型,美國,A0032 野村投信,駿利亨德森CAPITAL
B220161,2026-06-22,9.406914710998535,美元,駿利亨德森資產管理基金 - 駿利亨德森非投資等級債券基金 A6 穩月配 美元,yfinance,債券型,美國,A0032 野村投信,駿利亨德森CAPITAL
B220161,2026-06-23,9.387213706970215,美元,駿利亨德森資產管理基金 - 駿利亨德森非投資等級債券基金 A6 穩月配 美元,yfinance,債券型,美國,A0032 野村投信,駿利亨德森CAPITAL
B220161,2026-06-24,9.397064208984375,美元,駿利亨德森資產管理基金 - 駿利亨德森非投資等級債券基金 A6 穩月配 美元,yfinance,債券型,美國,A0032 野村投信,駿利亨德森CAPITAL
B220161,2026-06-25,9.397064208984375,美元,駿利亨德森資產管理基金 - 駿利亨德森非投資等級債券基金 A6 穩月配 美元,yfinance,債券型,美國,A0032 野村投信,駿利亨德森CAPITAL
B220161,2026-06-26,9.397064208984375,美元,駿利亨德森資產管理基金 - 駿利亨德森非投資等級債券基金 A6 穩月配 美元,yfinance,債券型,美國,A0032 野村投信,駿利亨德森CAPITAL
B220161,2026-06-29,9.397064208984375,美元,駿利亨德森資產管理基金 - 駿利亨德森非投資等級債券基金 A6 穩月配 美元,yfinance,債券型,美國,A0032 野村投信,駿利亨德森CAPITAL
B220161,2026-06-30,9.416764259338379,美元,駿利亨德森資產管理基金 - 駿利亨德森非投資等級債券基金 A6 穩月配 美元,yfinance,債券型,美國,A0032 野村投信,駿利亨德森CAPITAL
B220161,2026-07-01,9.406914710998535,美元,駿利亨德森資產管理基金 - 駿利亨德森非投資等級債券基金 A6 穩月配 美元,yfinance,債券型,美國,A0032 野村投信,駿利亨德森CAPITAL
B220161,2026-07-02,9.416764259338379,美元,駿利亨德森資產管理基金 - 駿利亨德森非投資等級債券基金 A6 穩月配 美元,yfinance,債券型,美國,A0032 野村投信,駿利亨德森CAPITAL
B220161,2026-07-06,9.426614761352539,美元,駿利亨德森資產管理基金 - 駿利亨德森非投資等級債券基金 A6 穩月配 美元,yfinance,債券型,美國,A0032 野村投信,駿利亨德森CAPITAL
B220161,2026-07-07,9.416764259338379,美元,駿利亨德森資產管理基金 - 駿利亨德森非投資等級債券基金 A6 穩月配 美元,yfinance,債券型,美國,A0032 野村投信,駿利亨德森CAPITAL
B220161,2026-07-08,9.406914710998535,美元,駿利亨德森資產管理基金 - 駿利亨德森非投資等級債券基金 A6 穩月配 美元,yfinance,債券型,美國,A0032 野村投信,駿利亨德森CAPITAL
B220161,2026-07-09,9.416764259338379,美元,駿利亨德森資產管理基金 - 駿利亨德森非投資等級債券基金 A6 穩月配 美元,yfinance,債券型,美國,A0032 野村投信,駿利亨德森CAPITAL
B220161,2026-07-10,9.416764259338379,美元,駿利亨德森資產管理基金 - 駿利亨德森非投資等級債券基金 A6 穩月配 美元,yfinance,債券型,美國,A0032 野村投信,駿利亨德森CAPITAL
B220161,2026-07-13,9.387213706970215,美元,駿利亨德森資產管理基金 - 駿利亨德森非投資等級債券基金 A6 穩月配 美元,yfinance,債券型,美國,A0032 野村投信,駿利亨德森CAPITAL
B220161,2026-07-14,9.387213706970215,美元,駿利亨德森資產管理基金 - 駿利亨德森非投資等級債券基金 A6 穩月配 美元,yfinance,債券型,美國,A0032 野村投信,駿利亨德森CAPITAL
B220161,2026-07-15,9.398826599121094,美元,駿利亨德森資產管理基金 - 駿利亨德森非投資等級債券基金 A6 穩月配 美元,yfinance,債券型,美國,A0032 野村投信,駿利亨德森CAPITAL
B220161,2026-07-16,9.388901710510254,美元,駿利亨德森資產管理基金 - 駿利亨德森非投資等級債券基金 A6 穩月配 美元,yfinance,債券型,美國,A0032 野村投信,駿利亨德森CAPITAL
B220161,2026-07-17,9.378975868225098,美元,駿利亨德森資產管理基金 - 駿利亨德森非投資等級債券基金 A6 穩月配 美元,yfinance,債券型,美國,A0032 野村投信,駿利亨德森CAPITAL
B220161,2026-07-20,9.369050979614258,美元,駿利亨德森資產管理基金 - 駿利亨德森非投資等級債券基金 A6 穩月配 美元,yfinance,債券型,美國,A0032 野村投信,駿利亨德森CAPITAL
B220161,2026-07-21,9.378975868225098,美元,駿利亨德森資產管理基金 - 駿利亨德森非投資等級債券基金 A6 穩月配 美元,yfinance,債券型,美國,A0032 野村投信,駿利亨德森CAPITAL
B220161,2026-07-22,9.369050979614258,美元,駿利亨德森資產管理基金 - 駿利亨德森非投資等級債券基金 A6 穩月配 美元,yfinance,債券型,美國,A0032 野村投信,駿利亨德森CAPITAL
B220161,2026-07-23,9.329351425170898,美元,駿利亨德森資產管理基金 - 駿利亨德森非投資等級債券基金 A6 穩月配 美元,yfinance,債券型,美國,A0032 野村投信,駿利亨德森CAPITAL
B220161,2026-07-24,9.319427490234375,美元,駿利亨德森資產管理基金 - 駿利亨德森非投資等級債券基金 A6 穩月配 美元,yfinance,債券型,美國,A0032 野村投信,駿利亨德森CAPITAL
B220161,2026-07-27,9.309502601623535,美元,駿利亨德森資產管理基金 - 駿利亨德森非投資等級債券基金 A6 穩月配 美元,yfinance,債券型,美國,A0032 野村投信,駿利亨德森CAPITAL
B220161,2026-07-28,9.309502601623535,美元,駿利亨德森資產管理基金 - 駿利亨德森非投資等級債券基金 A6 穩月配 美元,yfinance,債券型,美國,A0032 野村投信,駿利亨德森CAPITAL
B220161,2026-07-29,9.289652824401855,美元,駿利亨德森資產管理基金 - 駿利亨德森非投資等級債券基金 A6 穩月配 美元,yfinance,債券型,美國,A0032 野村投信,駿利亨德森CAPITAL
B220161,2026-07-30,9.329351425170898,美元,駿利亨德森資產管理基金 - 駿利亨德森非投資等級債券基金 A6 穩月配 美元,yfinance,債券型,美國,A0032 野村投信,駿利亨德森CAPITAL
B220161,2026-07-31,9.329351425170898,美元,駿利亨德森資產管理基金 - 駿利亨德森非投資等級債券基金 A6 穩月配 美元,yfinance,債券型,美國,A0032 野村投信,駿利亨德森CAPITAL
B220161,2026-08-03,9.359127044677734,美元,駿利亨德森資產管理基金 - 駿利亨德森非投資等級債券基金 A6 穩月配 美元,yfinance,債券型,美國,A0032 野村投信,駿利亨德森CAPITAL
B220161,2026-08-04,9.408750534057617,美元,駿利亨德森資產管理基金 - 駿利亨德森非投資等級債券基金 A6 穩月配 美元,yfinance,債券型,美國,A0032 野村投信,駿利亨德森CAPITAL
B220161,2026-08-05,9.408750534057617,美元,駿利亨德森資產管理基金 - 駿利亨德森非投資等級債券基金 A6 穩月配 美元,yfinance,債券型,美國,A0032 野村投信,駿利亨德森CAPITAL
B220161,2026-08-06,9.388901710510254,美元,駿利亨德森資產管理基金 - 駿利亨德森非投資等級債券基金 A6 穩月配 美元,yfinance,債券型,美國,A0032 野村投信,駿利亨德森CAPITAL
B220161,2026-08-07,9.418675422668457,美元,駿利亨德森資產管理基金 - 駿利亨德森非投資等級債券基金 A6 穩月配 美元,yfinance,債券型,美國,A0032 野村投信,駿利亨德森CAPITAL
B220161,2026-08-10,9.408750534057617,美元,駿利亨德森資產管理基金 - 駿利亨德森非投資等級債券基金 A6 穩月配 美元,yfinance,債券型,美國,A0032 野村投信,駿利亨德森CAPITAL
B220161,2026-08-11,9.408750534057617,美元,駿利亨德森資產管理基金 - 駿利亨德森非投資等級債券基金 A6 穩月配 美元,yfinance,債券型,美國,A0032 野村投信,駿利亨德森CAPITAL
B220161,2026-08-12,9.438525199890137,美元,駿利亨德森資產管理基金 - 駿利亨德森非投資等級債券基金 A6 穩月配 美元,yfinance,債券型,美國,A0032 野村投信,駿利亨德森CAPITAL
B220161,2026-08-13,9.468299865722656,美元,駿利亨德森資產管理基金 - 駿利亨德森非投資等級債券基金 A6 穩月配 美元,yfinance,債券型,美國,A0032 野村投信,駿利亨德森CAPITAL
B220161,2026-08-14,9.460000038146973,美元,駿利亨德森資產管理基金 - 駿利亨德森非投資等級債券基金 A6 穩月配 美元,yfinance,債券型,美國,A0032 野村投信,駿利亨德森CAPITAL
B220161,2026-08-17,9.449999809265137,美元,駿利亨德森資產管理基金 - 駿利亨德森非投資等級債券基金 A6 穩月配 美元,yfinance,債券型,美國,A0032 野村投信,駿利亨德森CAPITAL
B200282,2026-01-02,10.941900253295898,美元,安聯主題趨勢基金-BT9累積類股(美元),yfinance,未分類,全球市場,A0036 安聯投信,安聯AGIF
B200282,2026-01-05,11.066699981689453,美元,安聯主題趨勢基金-BT9累積類股(美元),yfinance,未分類,全球市場,A0036 安聯投信,安聯AGIF
B200282,2026-01-06,11.171500205993652,美元,安聯主題趨勢基金-BT9累積類股(美元),yfinance,未分類,全球市場,A0036 安聯投信,安聯AGIF
B200282,2026-01-07,11.293100357055664,美元,安聯主題趨勢基金-BT9累積類股(美元),yfinance,未分類,全球市場,A0036 安聯投信,安聯AGIF
B200282,2026-01-08,11.218199729919434,美元,安聯主題趨勢基金-BT9累積類股(美元),yfinance,未分類,全球市場,A0036 安聯投信,安聯AGIF
B200282,2026-01-09,11.199600219726562,美元,安聯主題趨勢基金-BT9累積類股(美元),yfinance,未分類,全球市場,A0036 安聯投信,安聯AGIF
B200282,2026-01-12,11.29699993133545,美元,安聯主題趨勢基金-BT9累積類股(美元),yfinance,未分類,全球市場,A0036 安聯投信,安聯AGIF
B200282,2026-01-13,11.350299835205078,美元,安聯主題趨勢基金-BT9累積類股(美元),yfinance,未分類,全球市場,A0036 安聯投信,安聯AGIF
B200282,2026-01-14,11.363200187683105,美元,安聯主題趨勢基金-BT9累積類股(美元),yfinance,未分類,全球市場,A0036 安聯投信,安聯AGIF
B200282,2026-01-15,11.391400337219238,美元,安聯主題趨勢基金-BT9累積類股(美元),yfinance,未分類,全球市場,A0036 安聯投信,安聯AGIF
B200282,2026-01-16,11.444600105285645,美元,安聯主題趨勢基金-BT9累積類股(美元),yfinance,未分類,全球市場,A0036 安聯投信,安聯AGIF
B200282,2026-01-20,11.336899757385254,美元,安聯主題趨勢基金-BT9累積類股(美元),yfinance,未分類,全球市場,A0036 安聯投信,安聯AGIF
B200282,2026-01-21,11.308899879455566,美元,安聯主題趨勢基金-BT9累積類股(美元),yfinance,未分類,全球市場,A0036 安聯投信,安聯AGIF
B200282,2026-01-22,11.491499900817871,美元,安聯主題趨勢基金-BT9累積類股(美元),yfinance,未分類,全球市場,A0036 安聯投信,安聯AGIF
B200282,2026-01-23,11.496999740600586,美元,安聯主題趨勢基金-BT9累積類股(美元),yfinance,未分類,全球市場,A0036 安聯投信,安聯AGIF
B200282,2026-01-26,11.49470043182373,美元,安聯主題趨勢基金-BT9累積類股(美元),yfinance,未分類,全球市場,A0036 安聯投信,安聯AGIF
B200282,2026-01-27,11.547900199890137,美元,安聯主題趨勢基金-BT9累積類股(美元),yfinance,未分類,全球市場,A0036 安聯投信,安聯AGIF
B200282,2026-01-28,11.661499977111816,美元,安聯主題趨勢基金-BT9累積類股(美元),yfinance,未分類,全球市場,A0036 安聯投信,安聯AGIF
B200282,2026-01-29,11.65369987487793,美元,安聯主題趨勢基金-BT9累積類股(美元),yfinance,未分類,全球市場,A0036 安聯投信,安聯AGIF
B200282,2026-01-30,11.507699966430664,美元,安聯主題趨勢基金-BT9累積類股(美元),yfinance,未分類,全球市場,A0036 安聯投信,安聯AGIF
B200282,2026-02-02,11.37600040435791,美元,安聯主題趨勢基金-BT9累積類股(美元),yfinance,未分類,全球市場,A0036 安聯投信,安聯AGIF
B200282,2026-02-03,11.481800079345703,美元,安聯主題趨勢基金-BT9累積類股(美元),yfinance,未分類,全球市場,A0036 安聯投信,安聯AGIF
B200282,2026-02-04,11.437700271606445,美元,安聯主題趨勢基金-BT9累積類股(美元),yfinance,未分類,全球市場,A0036 安聯投信,安聯AGIF
B200282,2026-02-05,11.214599609375,美元,安聯主題趨勢基金-BT9累積類股(美元),yfinance,未分類,全球市場,A0036 安聯投信,安聯AGIF
B200282,2026-02-06,11.134900093078613,美元,安聯主題趨勢基金-BT9累積類股(美元),yfinance,未分類,全球市場,A0036 安聯投信,安聯AGIF
B200282,2026-02-09,11.35830020904541,美元,安聯主題趨勢基金-BT9累積類股(美元),yfinance,未分類,全球市場,A0036 安聯投信,安聯AGIF
B200282,2026-02-10,11.512100219726562,美元,安聯主題趨勢基金-BT9累積類股(美元),yfinance,未分類,全球市場,A0036 安聯投信,安聯AGIF
B200282,2026-02-11,11.486300468444824,美元,安聯主題趨勢基金-BT9累積類股(美元),yfinance,未分類,全球市場,A0036 安聯投信,安聯AGIF
B200282,2026-02-12,11.496500015258789,美元,安聯主題趨勢基金-BT9累積類股(美元),yfinance,未分類,全球市場,A0036 安聯投信,安聯AGIF
B200282,2026-02-13,11.299099922180176,美元,安聯主題趨勢基金-BT9累積類股(美元),yfinance,未分類,全球市場,A0036 安聯投信,安聯AGIF
B200282,2026-02-17,11.350899696350098,美元,安聯主題趨勢基金-BT9累積類股(美元),yfinance,未分類,全球市場,A0036 安聯投信,安聯AGIF
B200282,2026-02-18,11.374899864196777,美元,安聯主題趨勢基金-BT9累積類股(美元),yfinance,未分類,全球市場,A0036 安聯投信,安聯AGIF
B200282,2026-02-19,11.39050006866455,美元,安聯主題趨勢基金-BT9累積類股(美元),yfinance,未分類,全球市場,A0036 安聯投信,安聯AGIF
B200282,2026-02-20,11.406800270080566,美元,安聯主題趨勢基金-BT9累積類股(美元),yfinance,未分類,全球市場,A0036 安聯投信,安聯AGIF
B200282,2026-02-23,11.455100059509277,美元,安聯主題趨勢基金-BT9累積類股(美元),yfinance,未分類,全球市場,A0036 安聯投信,安聯AGIF
B200282,2026-02-24,11.324999809265137,美元,安聯主題趨勢基金-BT9累積類股(美元),yfinance,未分類,全球市場,A0036 安聯投信,安聯AGIF
B200282,2026-02-25,11.472200393676758,美元,安聯主題趨勢基金-BT9累積類股(美元),yfinance,未分類,全球市場,A0036 安聯投信,安聯AGIF
B200282,2026-02-26,11.555399894714355,美元,安聯主題趨勢基金-BT9累積類股(美元),yfinance,未分類,全球市場,A0036 安聯投信,安聯AGIF
B200282,2026-02-27,11.55150032043457,美元,安聯主題趨勢基金-BT9累積類股(美元),yfinance,未分類,全球市場,A0036 安聯投信,安聯AGIF
B200282,2026-03-02,11.34850025177002,美元,安聯主題趨勢基金-BT9累積類股(美元),yfinance,未分類,全球市場,A0036 安聯投信,安聯AGIF
B200282,2026-03-03,11.120400428771973,美元,安聯主題趨勢基金-BT9累積類股(美元),yfinance,未分類,全球市場,A0036 安聯投信,安聯AGIF
B200282,2026-03-04,11.069600105285645,美元,安聯主題趨勢基金-BT9累積類股(美元),yfinance,未分類,全球市場,A0036 安聯投信,安聯AGIF
B200282,2026-03-05,11.200799942016602,美元,安聯主題趨勢基金-BT9累積類股(美元),yfinance,未分類,全球市場,A0036 安聯投信,安聯AGIF
B200282,2026-03-06,11.095399856567383,美元,安聯主題趨勢基金-BT9累積類股(美元),yfinance,未分類,全球市場,A0036 安聯投信,安聯AGIF
B200282,2026-03-09,10.821399688720703,美元,安聯主題趨勢基金-BT9累積類股(美元),yfinance,未分類,全球市場,A0036 安聯投信,安聯AGIF
B200282,2026-03-10,11.104000091552734,美元,安聯主題趨勢基金-BT9累積類股(美元),yfinance,未分類,全球市場,A0036 安聯投信,安聯AGIF
B200282,2026-03-11,11.070599555969238,美元,安聯主題趨勢基金-BT9累積類股(美元),yfinance,未分類,全球市場,A0036 安聯投信,安聯AGIF
B200282,2026-03-12,11.055000305175781,美元,安聯主題趨勢基金-BT9累積類股(美元),yfinance,未分類,全球市場,A0036 安聯投信,安聯AGIF
B200282,2026-03-13,10.852899551391602,美元,安聯主題趨勢基金-BT9累積類股(美元),yfinance,未分類,全球市場,A0036 安聯投信,安聯AGIF
B200282,2026-03-16,10.85219955444336,美元,安聯主題趨勢基金-BT9累積類股(美元),yfinance,未分類,全球市場,A0036 安聯投信,安聯AGIF
B200282,2026-03-17,10.91409969329834,美元,安聯主題趨勢基金-BT9累積類股(美元),yfinance,未分類,全球市場,A0036 安聯投信,安聯AGIF
B200282,2026-03-18,11.06149959564209,美元,安聯主題趨勢基金-BT9累積類股(美元),yfinance,未分類,全球市場,A0036 安聯投信,安聯AGIF
B200282,2026-03-19,10.752300262451172,美元,安聯主題趨勢基金-BT9累積類股(美元),yfinance,未分類,全球市場,A0036 安聯投信,安聯AGIF
B200282,2026-03-20,10.736599922180176,美元,安聯主題趨勢基金-BT9累積類股(美元),yfinance,未分類,全球市場,A0036 安聯投信,安聯AGIF
B200282,2026-03-23,10.38479995727539,美元,安聯主題趨勢基金-BT9累積類股(美元),yfinance,未分類,全球市場,A0036 安聯投信,安聯AGIF
B200282,2026-03-24,10.65060043334961,美元,安聯主題趨勢基金-BT9累積類股(美元),yfinance,未分類,全球市場,A0036 安聯投信,安聯AGIF
B200282,2026-03-25,10.7431001663208,美元,安聯主題趨勢基金-BT9累積類股(美元),yfinance,未分類,全球市場,A0036 安聯投信,安聯AGIF
B200282,2026-03-26,10.616399765014648,美元,安聯主題趨勢基金-BT9累積類股(美元),yfinance,未分類,全球市場,A0036 安聯投信,安聯AGIF
B200282,2026-03-27,10.486000061035156,美元,安聯主題趨勢基金-BT9累積類股(美元),yfinance,未分類,全球市場,A0036 安聯投信,安聯AGIF
B200282,2026-03-30,10.364700317382812,美元,安聯主題趨勢基金-BT9累積類股(美元),yfinance,未分類,全球市場,A0036 安聯投信,安聯AGIF
B200282,2026-03-31,10.328700065612793,美元,安聯主題趨勢基金-BT9累積類股(美元),yfinance,未分類,全球市場,A0036 安聯投信,安聯AGIF
B200282,2026-04-01,10.685999870300293,美元,安聯主題趨勢基金-BT9累積類股(美元),yfinance,未分類,全球市場,A0036 安聯投信,安聯AGIF
B200282,2026-04-02,10.5871000289917,美元,安聯主題趨勢基金-BT9累積類股(美元),yfinance,未分類,全球市場,A0036 安聯投信,安聯AGIF
B200282,2026-04-07,10.723099708557129,美元,安聯主題趨勢基金-BT9累積類股(美元),yfinance,未分類,全球市場,A0036 安聯投信,安聯AGIF
B200282,2026-04-08,11.017800331115723,美元,安聯主題趨勢基金-BT9累積類股(美元),yfinance,未分類,全球市場,A0036 安聯投信,安聯AGIF
B200282,2026-04-09,11.033300399780273,美元,安聯主題趨勢基金-BT9累積類股(美元),yfinance,未分類,全球市場,A0036 安聯投信,安聯AGIF
B200282,2026-04-10,11.137999534606934,美元,安聯主題趨勢基金-BT9累積類股(美元),yfinance,未分類,全球市場,A0036 安聯投信,安聯AGIF
B200282,2026-04-13,11.144200325012207,美元,安聯主題趨勢基金-BT9累積類股(美元),yfinance,未分類,全球市場,A0036 安聯投信,安聯AGIF
B200282,2026-04-14,11.28339958190918,美元,安聯主題趨勢基金-BT9累積類股(美元),yfinance,未分類,全球市場,A0036 安聯投信,安聯AGIF
B200282,2026-04-15,11.383199691772461,美元,安聯主題趨勢基金-BT9累積類股(美元),yfinance,未分類,全球市場,A0036 安聯投信,安聯AGIF
B200282,2026-04-16,11.438799858093262,美元,安聯主題趨勢基金-BT9累積類股(美元),yfinance,未分類,全球市場,A0036 安聯投信,安聯AGIF
B200282,2026-04-17,11.406700134277344,美元,安聯主題趨勢基金-BT9累積類股(美元),yfinance,未分類,全球市場,A0036 安聯投信,安聯AGIF
B200282,2026-04-20,11.499600410461426,美元,安聯主題趨勢基金-BT9累積類股(美元),yfinance,未分類,全球市場,A0036 安聯投信,安聯AGIF
B200282,2026-04-21,11.520400047302246,美元,安聯主題趨勢基金-BT9累積類股(美元),yfinance,未分類,全球市場,A0036 安聯投信,安聯AGIF
B200282,2026-04-22,11.435400009155273,美元,安聯主題趨勢基金-BT9累積類股(美元),yfinance,未分類,全球市場,A0036 安聯投信,安聯AGIF
B200282,2026-04-23,11.405900001525879,美元,安聯主題趨勢基金-BT9累積類股(美元),yfinance,未分類,全球市場,A0036 安聯投信,安聯AGIF
B200282,2026-04-24,11.433300018310547,美元,安聯主題趨勢基金-BT9累積類股(美元),yfinance,未分類,全球市場,A0036 安聯投信,安聯AGIF
B200282,2026-04-27,11.548800468444824,美元,安聯主題趨勢基金-BT9累積類股(美元),yfinance,未分類,全球市場,A0036 安聯投信,安聯AGIF
B200282,2026-04-28,11.511300086975098,美元,安聯主題趨勢基金-BT9累積類股(美元),yfinance,未分類,全球市場,A0036 安聯投信,安聯AGIF
B200282,2026-04-29,11.407699584960938,美元,安聯主題趨勢基金-BT9累積類股(美元),yfinance,未分類,全球市場,A0036 安聯投信,安聯AGIF
B200282,2026-04-30,11.375,美元,安聯主題趨勢基金-BT9累積類股(美元),yfinance,未分類,全球市場,A0036 安聯投信,安聯AGIF
B200282,2026-05-04,11.578100204467773,美元,安聯主題趨勢基金-BT9累積類股(美元),yfinance,未分類,全球市場,A0036 安聯投信,安聯AGIF
B200282,2026-05-05,11.544899940490723,美元,安聯主題趨勢基金-BT9累積類股(美元),yfinance,未分類,全球市場,A0036 安聯投信,安聯AGIF
B200282,2026-05-06,11.689299583435059,美元,安聯主題趨勢基金-BT9累積類股(美元),yfinance,未分類,全球市場,A0036 安聯投信,安聯AGIF
B200282,2026-05-07,11.802800178527832,美元,安聯主題趨勢基金-BT9累積類股(美元),yfinance,未分類,全球市場,A0036 安聯投信,安聯AGIF
B200282,2026-05-08,11.750499725341797,美元,安聯主題趨勢基金-BT9累積類股(美元),yfinance,未分類,全球市場,A0036 安聯投信,安聯AGIF
B200282,2026-05-11,11.772000312805176,美元,安聯主題趨勢基金-BT9累積類股(美元),yfinance,未分類,全球市場,A0036 安聯投信,安聯AGIF
B200282,2026-05-12,11.726699829101562,美元,安聯主題趨勢基金-BT9累積類股(美元),yfinance,未分類,全球市場,A0036 安聯投信,安聯AGIF
B200282,2026-05-13,11.749899864196777,美元,安聯主題趨勢基金-BT9累積類股(美元),yfinance,未分類,全球市場,A0036 安聯投信,安聯AGIF
B200282,2026-05-15,11.627099990844727,美元,安聯主題趨勢基金-BT9累積類股(美元),yfinance,未分類,全球市場,A0036 安聯投信,安聯AGIF
B200282,2026-05-18,11.55840015411377,美元,安聯主題趨勢基金-BT9累積類股(美元),yfinance,未分類,全球市場,A0036 安聯投信,安聯AGIF
B200282,2026-05-19,11.515700340270996,美元,安聯主題趨勢基金-BT9累積類股(美元),yfinance,未分類,全球市場,A0036 安聯投信,安聯AGIF
B200282,2026-05-20,11.407099723815918,美元,安聯主題趨勢基金-BT9累積類股(美元),yfinance,未分類,全球市場,A0036 安聯投信,安聯AGIF
B200282,2026-05-21,11.583200454711914,美元,安聯主題趨勢基金-BT9累積類股(美元),yfinance,未分類,全球市場,A0036 安聯投信,安聯AGIF
B200282,2026-05-22,11.654899597167969,美元,安聯主題趨勢基金-BT9累積類股(美元),yfinance,未分類,全球市場,A0036 安聯投信,安聯AGIF
B200282,2026-05-26,11.81659984588623,美元,安聯主題趨勢基金-BT9累積類股(美元),yfinance,未分類,全球市場,A0036 安聯投信,安聯AGIF
B200282,2026-05-27,11.800000190734863,美元,安聯主題趨勢基金-BT9累積類股(美元),yfinance,未分類,全球市場,A0036 安聯投信,安聯AGIF
B200282,2026-05-28,11.71090030670166,美元,安聯主題趨勢基金-BT9累積類股(美元),yfinance,未分類,全球市場,A0036 安聯投信,安聯AGIF
B200282,2026-05-29,11.800700187683105,美元,安聯主題趨勢基金-BT9累積類股(美元),yfinance,未分類,全球市場,A0036 安聯投信,安聯AGIF
B200282,2026-06-01,11.836799621582031,美元,安聯主題趨勢基金-BT9累積類股(美元),yfinance,未分類,全球市場,A0036 安聯投信,安聯AGIF
B200282,2026-06-02,11.877400398254395,美元,安聯主題趨勢基金-BT9累積類股(美元),yfinance,未分類,全球市場,A0036 安聯投信,安聯AGIF
B200282,2026-06-03,11.969200134277344,美元,安聯主題趨勢基金-BT9累積類股(美元),yfinance,未分類,全球市場,A0036 安聯投信,安聯AGIF
B200282,2026-06-05,11.809700012207031,美元,安聯主題趨勢基金-BT9累積類股(美元),yfinance,未分類,全球市場,A0036 安聯投信,安聯AGIF
B200282,2026-06-08,11.512999534606934,美元,安聯主題趨勢基金-BT9累積類股(美元),yfinance,未分類,全球市場,A0036 安聯投信,安聯AGIF
B200282,2026-06-09,11.567899703979492,美元,安聯主題趨勢基金-BT9累積類股(美元),yfinance,未分類,全球市場,A0036 安聯投信,安聯AGIF
B200282,2026-06-10,11.425100326538086,美元,安聯主題趨勢基金-BT9累積類股(美元),yfinance,未分類,全球市場,A0036 安聯投信,安聯AGIF
B200282,2026-06-11,11.339400291442871,美元,安聯主題趨勢基金-BT9累積類股(美元),yfinance,未分類,全球市場,A0036 安聯投信,安聯AGIF
B200282,2026-06-12,11.510600090026855,美元,安聯主題趨勢基金-BT9累積類股(美元),yfinance,未分類,全球市場,A0036 安聯投信,安聯AGIF
B200282,2026-06-15,11.73009967803955,美元,安聯主題趨勢基金-BT9累積類股(美元),yfinance,未分類,全球市場,A0036 安聯投信,安聯AGIF
B200282,2026-06-16,11.768799781799316,美元,安聯主題趨勢基金-BT9累積類股(美元),yfinance,未分類,全球市場,A0036 安聯投信,安聯AGIF
B200282,2026-06-17,11.746999740600586,美元,安聯主題趨勢基金-BT9累積類股(美元),yfinance,未分類,全球市場,A0036 安聯投信,安聯AGIF
B200282,2026-06-18,11.704899787902832,美元,安聯主題趨勢基金-BT9累積類股(美元),yfinance,未分類,全球市場,A0036 安聯投信,安聯AGIF
B200282,2026-06-22,11.77400016784668,美元,安聯主題趨勢基金-BT9累積類股(美元),yfinance,未分類,全球市場,A0036 安聯投信,安聯AGIF
B200282,2026-06-24,11.468700408935547,美元,安聯主題趨勢基金-BT9累積類股(美元),yfinance,未分類,全球市場,A0036 安聯投信,安聯AGIF
B200282,2026-06-25,11.563899993896484,美元,安聯主題趨勢基金-BT9累積類股(美元),yfinance,未分類,全球市場,A0036 安聯投信,安聯AGIF
B200282,2026-06-26,11.47189998626709,美元,安聯主題趨勢基金-BT9累積類股(美元),yfinance,未分類,全球市場,A0036 安聯投信,安聯AGIF
B200282,2026-06-29,11.535499572753906,美元,安聯主題趨勢基金-BT9累積類股(美元),yfinance,未分類,全球市場,A0036 安聯投信,安聯AGIF
B200282,2026-06-30,11.60219955444336,美元,安聯主題趨勢基金-BT9累積類股(美元),yfinance,未分類,全球市場,A0036 安聯投信,安聯AGIF
B200282,2026-07-01,11.695599555969238,美元,安聯主題趨勢基金-BT9累積類股(美元),yfinance,未分類,全球市場,A0036 安聯投信,安聯AGIF
B200282,2026-07-02,11.603699684143066,美元,安聯主題趨勢基金-BT9累積類股(美元),yfinance,未分類,全球市場,A0036 安聯投信,安聯AGIF
B200282,2026-07-06,11.767200469970703,美元,安聯主題趨勢基金-BT9累積類股(美元),yfinance,未分類,全球市場,A0036 安聯投信,安聯AGIF
B200282,2026-07-07,11.723999977111816,美元,安聯主題趨勢基金-BT9累積類股(美元),yfinance,未分類,全球市場,A0036 安聯投信,安聯AGIF
B200282,2026-07-08,11.519000053405762,美元,安聯主題趨勢基金-BT9累積類股(美元),yfinance,未分類,全球市場,A0036 安聯投信,安聯AGIF
B200282,2026-07-09,11.540200233459473,美元,安聯主題趨勢基金-BT9累積類股(美元),yfinance,未分類,全球市場,A0036 安聯投信,安聯AGIF
B200282,2026-07-10,11.634300231933594,美元,安聯主題趨勢基金-BT9累積類股(美元),yfinance,未分類,全球市場,A0036 安聯投信,安聯AGIF
B200282,2026-07-13,11.606399536132812,美元,安聯主題趨勢基金-BT9累積類股(美元),yfinance,未分類,全球市場,A0036 安聯投信,安聯AGIF
B200282,2026-07-14,11.517800331115723,美元,安聯主題趨勢基金-BT9累積類股(美元),yfinance,未分類,全球市場,A0036 安聯投信,安聯AGIF
B200282,2026-07-15,11.601300239562988,美元,安聯主題趨勢基金-BT9累積類股(美元),yfinance,未分類,全球市場,A0036 安聯投信,安聯AGIF
B200282,2026-07-16,11.508099555969238,美元,安聯主題趨勢基金-BT9累積類股(美元),yfinance,未分類,全球市場,A0036 安聯投信,安聯AGIF
B200282,2026-07-17,11.298199653625488,美元,安聯主題趨勢基金-BT9累積類股(美元),yfinance,未分類,全球市場,A0036 安聯投信,安聯AGIF
B200282,2026-07-20,11.340299606323242,美元,安聯主題趨勢基金-BT9累積類股(美元),yfinance,未分類,全球市場,A0036 安聯投信,安聯AGIF
B200282,2026-07-21,11.449899673461914,美元,安聯主題趨勢基金-BT9累積類股(美元),yfinance,未分類,全球市場,A0036 安聯投信,安聯AGIF
B200282,2026-07-22,11.449199676513672,美元,安聯主題趨勢基金-BT9累積類股(美元),yfinance,未分類,全球市場,A0036 安聯投信,安聯AGIF
B200282,2026-07-23,11.471599578857422,美元,安聯主題趨勢基金-BT9累積類股(美元),yfinance,未分類,全球市場,A0036 安聯投信,安聯AGIF
B200282,2026-07-24,11.371299743652344,美元,安聯主題趨勢基金-BT9累積類股(美元),yfinance,未分類,全球市場,A0036 安聯投信,安聯AGIF
B200282,2026-07-27,11.450300216674805,美元,安聯主題趨勢基金-BT9累積類股(美元),yfinance,未分類,全球市場,A0036 安聯投信,安聯AGIF
B200282,2026-07-28,11.265299797058105,美元,安聯主題趨勢基金-BT9累積類股(美元),yfinance,未分類,全球市場,A0036 安聯投信,安聯AGIF
B200282,2026-07-29,11.291000366210938,美元,安聯主題趨勢基金-BT9累積類股(美元),yfinance,未分類,全球市場,A0036 安聯投信,安聯AGIF
B200282,2026-07-30,11.16569995880127,美元,安聯主題趨勢基金-BT9累積類股(美元),yfinance,未分類,全球市場,A0036 安聯投信,安聯AGIF
B200282,2026-07-31,11.572099685668945,美元,安聯主題趨勢基金-BT9累積類股(美元),yfinance,未分類,全球市場,A0036 安聯投信,安聯AGIF
B200282,2026-08-03,11.54069995880127,美元,安聯主題趨勢基金-BT9累積類股(美元),yfinance,未分類,全球市場,A0036 安聯投信,安聯AGIF
B200282,2026-08-04,11.712400436401367,美元,安聯主題趨勢基金-BT9累積類股(美元),yfinance,未分類,全球市場,A0036 安聯投信,安聯AGIF
B200282,2026-08-05,11.961999893188477,美元,安聯主題趨勢基金-BT9累積類股(美元),yfinance,未分類,全球市場,A0036 安聯投信,安聯AGIF
B200282,2026-08-06,11.935400009155273,美元,安聯主題趨勢基金-BT9累積類股(美元),yfinance,未分類,全球市場,A0036 安聯投信,安聯AGIF
B200282,2026-08-07,11.936800003051758,美元,安聯主題趨勢基金-BT9累積類股(美元),yfinance,未分類,全球市場,A0036 安聯投信,安聯AGIF
B200282,2026-08-10,12.026900291442871,美元,安聯主題趨勢基金-BT9累積類股(美元),yfinance,未分類,全球市場,A0036 安聯投信,安聯AGIF
B200282,2026-08-11,11.990900039672852,美元,安聯主題趨勢基金-BT9累積類股(美元),yfinance,未分類,全球市場,A0036 安聯投信,安聯AGIF
B200282,2026-08-12,12.070799827575684,美元,安聯主題趨勢基金-BT9累積類股(美元),yfinance,未分類,全球市場,A0036 安聯投信,安聯AGIF
B200282,2026-08-13,12.08810043334961,美元,安聯主題趨勢基金-BT9累積類股(美元),yfinance,未分類,全球市場,A0036 安聯投信,安聯AGIF
B200282,2026-08-14,12.116499900817871,美元,安聯主題趨勢基金-BT9累積類股(美元),yfinance,未分類,全球市場,A0036 安聯投信,安聯AGIF
B200282,2026-08-17,12.133600234985352,美元,安聯主題趨勢基金-BT9累積類股(美元),yfinance,未分類,全球市場,A0036 安聯投信,安聯AGIF
B200282,2026-08-18,12.046899795532227,美元,安聯主題趨勢基金-BT9累積類股(美元),yfinance,未分類,全球市場,A0036 安聯投信,安聯AGIF
B090487,2026-01-02,95.16000366210938,美元,貝萊德新興市場中國除外基金 A2 美元,yfinance,未分類,全球新興市場,A0031 貝萊德投信,貝萊德
B090487,2026-01-05,96.7699966430664,美元,貝萊德新興市場中國除外基金 A2 美元,yfinance,未分類,全球新興市場,A0031 貝萊德投信,貝萊德
B090487,2026-01-06,98.37000274658203,美元,貝萊德新興市場中國除外基金 A2 美元,yfinance,未分類,全球新興市場,A0031 貝萊德投信,貝萊德
B090487,2026-01-07,97.6500015258789,美元,貝萊德新興市場中國除外基金 A2 美元,yfinance,未分類,全球新興市場,A0031 貝萊德投信,貝萊德
B090487,2026-01-08,97.13999938964844,美元,貝萊德新興市場中國除外基金 A2 美元,yfinance,未分類,全球新興市場,A0031 貝萊德投信,貝萊德
B090487,2026-01-09,97.51000213623047,美元,貝萊德新興市場中國除外基金 A2 美元,yfinance,未分類,全球新興市場,A0031 貝萊德投信,貝萊德
B090487,2026-01-12,97.3499984741211,美元,貝萊德新興市場中國除外基金 A2 美元,yfinance,未分類,全球新興市場,A0031 貝萊德投信,貝萊德
B090487,2026-01-13,97.33000183105469,美元,貝萊德新興市場中國除外基金 A2 美元,yfinance,未分類,全球新興市場,A0031 貝萊德投信,貝萊德
B090487,2026-01-14,97.31999969482422,美元,貝萊德新興市場中國除外基金 A2 美元,yfinance,未分類,全球新興市場,A0031 貝萊德投信,貝萊德
B090487,2026-01-15,97.66000366210938,美元,貝萊德新興市場中國除外基金 A2 美元,yfinance,未分類,全球新興市場,A0031 貝萊德投信,貝萊德
B090487,2026-01-16,97.83999633789062,美元,貝萊德新興市場中國除外基金 A2 美元,yfinance,未分類,全球新興市場,A0031 貝萊德投信,貝萊德
B090487,2026-01-20,97.55000305175781,美元,貝萊德新興市場中國除外基金 A2 美元,yfinance,未分類,全球新興市場,A0031 貝萊德投信,貝萊德
B090487,2026-01-21,98.1500015258789,美元,貝萊德新興市場中國除外基金 A2 美元,yfinance,未分類,全球新興市場,A0031 貝萊德投信,貝萊德
B090487,2026-01-22,99.41999816894531,美元,貝萊德新興市場中國除外基金 A2 美元,yfinance,未分類,全球新興市場,A0031 貝萊德投信,貝萊德
B090487,2026-01-23,99.8499984741211,美元,貝萊德新興市場中國除外基金 A2 美元,yfinance,未分類,全球新興市場,A0031 貝萊德投信,貝萊德
B090487,2026-01-26,101.19000244140625,美元,貝萊德新興市場中國除外基金 A2 美元,yfinance,未分類,全球新興市場,A0031 貝萊德投信,貝萊德
B090487,2026-01-27,102.19000244140625,美元,貝萊德新興市場中國除外基金 A2 美元,yfinance,未分類,全球新興市場,A0031 貝萊德投信,貝萊德
B090487,2026-01-28,104.45999908447266,美元,貝萊德新興市場中國除外基金 A2 美元,yfinance,未分類,全球新興市場,A0031 貝萊德投信,貝萊德
B090487,2026-01-29,103.80000305175781,美元,貝萊德新興市場中國除外基金 A2 美元,yfinance,未分類,全球新興市場,A0031 貝萊德投信,貝萊德
B090487,2026-01-30,103.01000213623047,美元,貝萊德新興市場中國除外基金 A2 美元,yfinance,未分類,全球新興市場,A0031 貝萊德投信,貝萊德
B090487,2026-02-02,100.7300033569336,美元,貝萊德新興市場中國除外基金 A2 美元,yfinance,未分類,全球新興市場,A0031 貝萊德投信,貝萊德
B090487,2026-02-03,103.8499984741211,美元,貝萊德新興市場中國除外基金 A2 美元,yfinance,未分類,全球新興市場,A0031 貝萊德投信,貝萊德
B090487,2026-02-04,104.62999725341797,美元,貝萊德新興市場中國除外基金 A2 美元,yfinance,未分類,全球新興市場,A0031 貝萊德投信,貝萊德
B090487,2026-02-05,101.91000366210938,美元,貝萊德新興市場中國除外基金 A2 美元,yfinance,未分類,全球新興市場,A0031 貝萊德投信,貝萊德
B090487,2026-02-06,102.4800033569336,美元,貝萊德新興市場中國除外基金 A2 美元,yfinance,未分類,全球新興市場,A0031 貝萊德投信,貝萊德
B090487,2026-02-09,104.5199966430664,美元,貝萊德新興市場中國除外基金 A2 美元,yfinance,未分類,全球新興市場,A0031 貝萊德投信,貝萊德
B090487,2026-02-10,105.5999984741211,美元,貝萊德新興市場中國除外基金 A2 美元,yfinance,未分類,全球新興市場,A0031 貝萊德投信,貝萊德
B090487,2026-02-11,106.5199966430664,美元,貝萊德新興市場中國除外基金 A2 美元,yfinance,未分類,全球新興市場,A0031 貝萊德投信,貝萊德
B090487,2026-02-12,107.58000183105469,美元,貝萊德新興市場中國除外基金 A2 美元,yfinance,未分類,全球新興市場,A0031 貝萊德投信,貝萊德
B090487,2026-02-13,105.52999877929688,美元,貝萊德新興市場中國除外基金 A2 美元,yfinance,未分類,全球新興市場,A0031 貝萊德投信,貝萊德
B090487,2026-02-17,105.0199966430664,美元,貝萊德新興市場中國除外基金 A2 美元,yfinance,未分類,全球新興市場,A0031 貝萊德投信,貝萊德
B090487,2026-02-18,106.9800033569336,美元,貝萊德新興市場中國除外基金 A2 美元,yfinance,未分類,全球新興市場,A0031 貝萊德投信,貝萊德
B090487,2026-02-19,107.25,美元,貝萊德新興市場中國除外基金 A2 美元,yfinance,未分類,全球新興市場,A0031 貝萊德投信,貝萊德
B090487,2026-02-20,107.68000030517578,美元,貝萊德新興市場中國除外基金 A2 美元,yfinance,未分類,全球新興市場,A0031 貝萊德投信,貝萊德
B090487,2026-02-23,109.44000244140625,美元,貝萊德新興市場中國除外基金 A2 美元,yfinance,未分類,全球新興市場,A0031 貝萊德投信,貝萊德
B090487,2026-02-24,110.36000061035156,美元,貝萊德新興市場中國除外基金 A2 美元,yfinance,未分類,全球新興市場,A0031 貝萊德投信,貝萊德
B090487,2026-02-25,112.97000122070312,美元,貝萊德新興市場中國除外基金 A2 美元,yfinance,未分類,全球新興市場,A0031 貝萊德投信,貝萊德
B090487,2026-02-26,113.66000366210938,美元,貝萊德新興市場中國除外基金 A2 美元,yfinance,未分類,全球新興市場,A0031 貝萊德投信,貝萊德
B090487,2026-02-27,112.05000305175781,美元,貝萊德新興市場中國除外基金 A2 美元,yfinance,未分類,全球新興市場,A0031 貝萊德投信,貝萊德
B090487,2026-03-02,110.43000030517578,美元,貝萊德新興市場中國除外基金 A2 美元,yfinance,未分類,全球新興市場,A0031 貝萊德投信,貝萊德
B090487,2026-03-03,102.27999877929688,美元,貝萊德新興市場中國除外基金 A2 美元,yfinance,未分類,全球新興市場,A0031 貝萊德投信,貝萊德
B090487,2026-03-04,102.23999786376953,美元,貝萊德新興市場中國除外基金 A2 美元,yfinance,未分類,全球新興市場,A0031 貝萊德投信,貝萊德
B090487,2026-03-05,104.44000244140625,美元,貝萊德新興市場中國除外基金 A2 美元,yfinance,未分類,全球新興市場,A0031 貝萊德投信,貝萊德
B090487,2026-03-06,100.58999633789062,美元,貝萊德新興市場中國除外基金 A2 美元,yfinance,未分類,全球新興市場,A0031 貝萊德投信,貝萊德
B090487,2026-03-09,98.47000122070312,美元,貝萊德新興市場中國除外基金 A2 美元,yfinance,未分類,全球新興市場,A0031 貝萊德投信,貝萊德
B090487,2026-03-10,103.22000122070312,美元,貝萊德新興市場中國除外基金 A2 美元,yfinance,未分類,全球新興市場,A0031 貝萊德投信,貝萊德
B090487,2026-03-11,103.41999816894531,美元,貝萊德新興市場中國除外基金 A2 美元,yfinance,未分類,全球新興市場,A0031 貝萊德投信,貝萊德
B090487,2026-03-12,100.6500015258789,美元,貝萊德新興市場中國除外基金 A2 美元,yfinance,未分類,全球新興市場,A0031 貝萊德投信,貝萊德
B090487,2026-03-13,99.19999694824219,美元,貝萊德新興市場中國除外基金 A2 美元,yfinance,未分類,全球新興市場,A0031 貝萊德投信,貝萊德
B090487,2026-03-16,100.62000274658203,美元,貝萊德新興市場中國除外基金 A2 美元,yfinance,未分類,全球新興市場,A0031 貝萊德投信,貝萊德
B090487,2026-03-17,102.36000061035156,美元,貝萊德新興市場中國除外基金 A2 美元,yfinance,未分類,全球新興市場,A0031 貝萊德投信,貝萊德
B090487,2026-03-18,102.73999786376953,美元,貝萊德新興市場中國除外基金 A2 美元,yfinance,未分類,全球新興市場,A0031 貝萊德投信,貝萊德
B090487,2026-03-19,100.2300033569336,美元,貝萊德新興市場中國除外基金 A2 美元,yfinance,未分類,全球新興市場,A0031 貝萊德投信,貝萊德
B090487,2026-03-20,99.26000213623047,美元,貝萊德新興市場中國除外基金 A2 美元,yfinance,未分類,全球新興市場,A0031 貝萊德投信,貝萊德
B090487,2026-03-23,99.81999969482422,美元,貝萊德新興市場中國除外基金 A2 美元,yfinance,未分類,全球新興市場,A0031 貝萊德投信,貝萊德
B090487,2026-03-24,99.27999877929688,美元,貝萊德新興市場中國除外基金 A2 美元,yfinance,未分類,全球新興市場,A0031 貝萊德投信,貝萊德
B090487,2026-03-25,101.38999938964844,美元,貝萊德新興市場中國除外基金 A2 美元,yfinance,未分類,全球新興市場,A0031 貝萊德投信,貝萊德
B090487,2026-03-26,99.0199966430664,美元,貝萊德新興市場中國除外基金 A2 美元,yfinance,未分類,全球新興市場,A0031 貝萊德投信,貝萊德
B090487,2026-03-27,96.87000274658203,美元,貝萊德新興市場中國除外基金 A2 美元,yfinance,未分類,全球新興市場,A0031 貝萊德投信,貝萊德
B090487,2026-03-30,95.55000305175781,美元,貝萊德新興市場中國除外基金 A2 美元,yfinance,未分類,全球新興市場,A0031 貝萊德投信,貝萊德
B090487,2026-03-31,94.83999633789062,美元,貝萊德新興市場中國除外基金 A2 美元,yfinance,未分類,全球新興市場,A0031 貝萊德投信,貝萊德
B090487,2026-04-01,99.08999633789062,美元,貝萊德新興市場中國除外基金 A2 美元,yfinance,未分類,全球新興市場,A0031 貝萊德投信,貝萊德
B090487,2026-04-02,97.5,美元,貝萊德新興市場中國除外基金 A2 美元,yfinance,未分類,全球新興市場,A0031 貝萊德投信,貝萊德
B090487,2026-04-07,99.43000030517578,美元,貝萊德新興市場中國除外基金 A2 美元,yfinance,未分類,全球新興市場,A0031 貝萊德投信,貝萊德
B090487,2026-04-08,106.29000091552734,美元,貝萊德新興市場中國除外基金 A2 美元,yfinance,未分類,全球新興市場,A0031 貝萊德投信,貝萊德
B090487,2026-04-09,105.31999969482422,美元,貝萊德新興市場中國除外基金 A2 美元,yfinance,未分類,全球新興市場,A0031 貝萊德投信,貝萊德
B090487,2026-04-10,107.5,美元,貝萊德新興市場中國除外基金 A2 美元,yfinance,未分類,全球新興市場,A0031 貝萊德投信,貝萊德
B090487,2026-04-13,107.66999816894531,美元,貝萊德新興市場中國除外基金 A2 美元,yfinance,未分類,全球新興市場,A0031 貝萊德投信,貝萊德
B090487,2026-04-14,110.91999816894531,美元,貝萊德新興市場中國除外基金 A2 美元,yfinance,未分類,全球新興市場,A0031 貝萊德投信,貝萊德
B090487,2026-04-15,112.19999694824219,美元,貝萊德新興市場中國除外基金 A2 美元,yfinance,未分類,全球新興市場,A0031 貝萊德投信,貝萊德
B090487,2026-04-16,112.69000244140625,美元,貝萊德新興市場中國除外基金 A2 美元,yfinance,未分類,全球新興市場,A0031 貝萊德投信,貝萊德
B090487,2026-04-17,114.2699966430664,美元,貝萊德新興市場中國除外基金 A2 美元,yfinance,未分類,全球新興市場,A0031 貝萊德投信,貝萊德
B090487,2026-04-20,113.94999694824219,美元,貝萊德新興市場中國除外基金 A2 美元,yfinance,未分類,全球新興市場,A0031 貝萊德投信,貝萊德
B090487,2026-04-21,115.66000366210938,美元,貝萊德新興市場中國除外基金 A2 美元,yfinance,未分類,全球新興市場,A0031 貝萊德投信,貝萊德
B090487,2026-04-22,115.45999908447266,美元,貝萊德新興市場中國除外基金 A2 美元,yfinance,未分類,全球新興市場,A0031 貝萊德投信,貝萊德
B090487,2026-04-23,115.0999984741211,美元,貝萊德新興市場中國除外基金 A2 美元,yfinance,未分類,全球新興市場,A0031 貝萊德投信,貝萊德
B090487,2026-04-24,116.37000274658203,美元,貝萊德新興市場中國除外基金 A2 美元,yfinance,未分類,全球新興市場,A0031 貝萊德投信,貝萊德
B090487,2026-04-27,118.98999786376953,美元,貝萊德新興市場中國除外基金 A2 美元,yfinance,未分類,全球新興市場,A0031 貝萊德投信,貝萊德
B090487,2026-04-28,117.6500015258789,美元,貝萊德新興市場中國除外基金 A2 美元,yfinance,未分類,全球新興市場,A0031 貝萊德投信,貝萊德
B090487,2026-04-29,117.5999984741211,美元,貝萊德新興市場中國除外基金 A2 美元,yfinance,未分類,全球新興市場,A0031 貝萊德投信,貝萊德
B090487,2026-04-30,117.29000091552734,美元,貝萊德新興市場中國除外基金 A2 美元,yfinance,未分類,全球新興市場,A0031 貝萊德投信,貝萊德
B090487,2026-05-04,121.9000015258789,美元,貝萊德新興市場中國除外基金 A2 美元,yfinance,未分類,全球新興市場,A0031 貝萊德投信,貝萊德
B090487,2026-05-05,122.69000244140625,美元,貝萊德新興市場中國除外基金 A2 美元,yfinance,未分類,全球新興市場,A0031 貝萊德投信,貝萊德
B090487,2026-05-06,128.2899932861328,美元,貝萊德新興市場中國除外基金 A2 美元,yfinance,未分類,全球新興市場,A0031 貝萊德投信,貝萊德
B090487,2026-05-07,129.0800018310547,美元,貝萊德新興市場中國除外基金 A2 美元,yfinance,未分類,全球新興市場,A0031 貝萊德投信,貝萊德
B090487,2026-05-08,129.2100067138672,美元,貝萊德新興市場中國除外基金 A2 美元,yfinance,未分類,全球新興市場,A0031 貝萊德投信,貝萊德
B090487,2026-05-11,131.3800048828125,美元,貝萊德新興市場中國除外基金 A2 美元,yfinance,未分類,全球新興市場,A0031 貝萊德投信,貝萊德
B090487,2026-05-12,128.42999267578125,美元,貝萊德新興市場中國除外基金 A2 美元,yfinance,未分類,全球新興市場,A0031 貝萊德投信,貝萊德
B090487,2026-05-13,129.3300018310547,美元,貝萊德新興市場中國除外基金 A2 美元,yfinance,未分類,全球新興市場,A0031 貝萊德投信,貝萊德
B090487,2026-05-15,124.69000244140625,美元,貝萊德新興市場中國除外基金 A2 美元,yfinance,未分類,全球新興市場,A0031 貝萊德投信,貝萊德
B090487,2026-05-18,125.81999969482422,美元,貝萊德新興市場中國除外基金 A2 美元,yfinance,未分類,全球新興市場,A0031 貝萊德投信,貝萊德
B090487,2026-05-19,121.62999725341797,美元,貝萊德新興市場中國除外基金 A2 美元,yfinance,未分類,全球新興市場,A0031 貝萊德投信,貝萊德
B090487,2026-05-20,122.0199966430664,美元,貝萊德新興市場中國除外基金 A2 美元,yfinance,未分類,全球新興市場,A0031 貝萊德投信,貝萊德
B090487,2026-05-21,126.91000366210938,美元,貝萊德新興市場中國除外基金 A2 美元,yfinance,未分類,全球新興市場,A0031 貝萊德投信,貝萊德
B090487,2026-05-22,128.66000366210938,美元,貝萊德新興市場中國除外基金 A2 美元,yfinance,未分類,全球新興市場,A0031 貝萊德投信,貝萊德
B090487,2026-05-26,132.0500030517578,美元,貝萊德新興市場中國除外基金 A2 美元,yfinance,未分類,全球新興市場,A0031 貝萊德投信,貝萊德
B090487,2026-05-27,134.5399932861328,美元,貝萊德新興市場中國除外基金 A2 美元,yfinance,未分類,全球新興市場,A0031 貝萊德投信,貝萊德
B090487,2026-05-28,132.6999969482422,美元,貝萊德新興市場中國除外基金 A2 美元,yfinance,未分類,全球新興市場,A0031 貝萊德投信,貝萊德
B090487,2026-05-29,134.6699981689453,美元,貝萊德新興市場中國除外基金 A2 美元,yfinance,未分類,全球新興市場,A0031 貝萊德投信,貝萊德
B090487,2026-06-01,135.49000549316406,美元,貝萊德新興市場中國除外基金 A2 美元,yfinance,未分類,全球新興市場,A0031 貝萊德投信,貝萊德
B090487,2026-06-02,135.85000610351562,美元,貝萊德新興市場中國除外基金 A2 美元,yfinance,未分類,全球新興市場,A0031 貝萊德投信,貝萊德
B090487,2026-06-03,135.52000427246094,美元,貝萊德新興市場中國除外基金 A2 美元,yfinance,未分類,全球新興市場,A0031 貝萊德投信,貝萊德
B090487,2026-06-04,134.1300048828125,美元,貝萊德新興市場中國除外基金 A2 美元,yfinance,未分類,全球新興市場,A0031 貝萊德投信,貝萊德
B090487,2026-06-05,129.39999389648438,美元,貝萊德新興市場中國除外基金 A2 美元,yfinance,未分類,全球新興市場,A0031 貝萊德投信,貝萊德
B090487,2026-06-08,125.33000183105469,美元,貝萊德新興市場中國除外基金 A2 美元,yfinance,未分類,全球新興市場,A0031 貝萊德投信,貝萊德
B090487,2026-06-09,131.00999450683594,美元,貝萊德新興市場中國除外基金 A2 美元,yfinance,未分類,全球新興市場,A0031 貝萊德投信,貝萊德
B090487,2026-06-10,126.80000305175781,美元,貝萊德新興市場中國除外基金 A2 美元,yfinance,未分類,全球新興市場,A0031 貝萊德投信,貝萊德
B090487,2026-06-11,127.12999725341797,美元,貝萊德新興市場中國除外基金 A2 美元,yfinance,未分類,全球新興市場,A0031 貝萊德投信,貝萊德
B090487,2026-06-12,130.7899932861328,美元,貝萊德新興市場中國除外基金 A2 美元,yfinance,未分類,全球新興市場,A0031 貝萊德投信,貝萊德
B090487,2026-06-15,135.91000366210938,美元,貝萊德新興市場中國除外基金 A2 美元,yfinance,未分類,全球新興市場,A0031 貝萊德投信,貝萊德
B090487,2026-06-16,136.8000030517578,美元,貝萊德新興市場中國除外基金 A2 美元,yfinance,未分類,全球新興市場,A0031 貝萊德投信,貝萊德
B090487,2026-06-17,137.5500030517578,美元,貝萊德新興市場中國除外基金 A2 美元,yfinance,未分類,全球新興市場,A0031 貝萊德投信,貝萊德
B090487,2026-06-18,139.1699981689453,美元,貝萊德新興市場中國除外基金 A2 美元,yfinance,未分類,全球新興市場,A0031 貝萊德投信,貝萊德
B090487,2026-06-22,142.10000610351562,美元,貝萊德新興市場中國除外基金 A2 美元,yfinance,未分類,全球新興市場,A0031 貝萊德投信,貝萊德
B090487,2026-06-24,134.47999572753906,美元,貝萊德新興市場中國除外基金 A2 美元,yfinance,未分類,全球新興市場,A0031 貝萊德投信,貝萊德
B090487,2026-06-25,135.0800018310547,美元,貝萊德新興市場中國除外基金 A2 美元,yfinance,未分類,全球新興市場,A0031 貝萊德投信,貝萊德
B090487,2026-06-26,133.35000610351562,美元,貝萊德新興市場中國除外基金 A2 美元,yfinance,未分類,全球新興市場,A0031 貝萊德投信,貝萊德
B090487,2026-06-29,133.13999938964844,美元,貝萊德新興市場中國除外基金 A2 美元,yfinance,未分類,全球新興市場,A0031 貝萊德投信,貝萊德
B090487,2026-06-30,135.22000122070312,美元,貝萊德新興市場中國除外基金 A2 美元,yfinance,未分類,全球新興市場,A0031 貝萊德投信,貝萊德
B090487,2026-07-01,135.3000030517578,美元,貝萊德新興市場中國除外基金 A2 美元,yfinance,未分類,全球新興市場,A0031 貝萊德投信,貝萊德
B090487,2026-07-02,134.10000610351562,美元,貝萊德新興市場中國除外基金 A2 美元,yfinance,未分類,全球新興市場,A0031 貝萊德投信,貝萊德
B090487,2026-07-06,135.00999450683594,美元,貝萊德新興市場中國除外基金 A2 美元,yfinance,未分類,全球新興市場,A0031 貝萊德投信,貝萊德
B090487,2026-07-07,130.97000122070312,美元,貝萊德新興市場中國除外基金 A2 美元,yfinance,未分類,全球新興市場,A0031 貝萊德投信,貝萊德
B090487,2026-07-08,128.4199981689453,美元,貝萊德新興市場中國除外基金 A2 美元,yfinance,未分類,全球新興市場,A0031 貝萊德投信,貝萊德
B090487,2026-07-09,130.0800018310547,美元,貝萊德新興市場中國除外基金 A2 美元,yfinance,未分類,全球新興市場,A0031 貝萊德投信,貝萊德
B090487,2026-07-10,131.64999389648438,美元,貝萊德新興市場中國除外基金 A2 美元,yfinance,未分類,全球新興市場,A0031 貝萊德投信,貝萊德
B090487,2026-07-13,127.58999633789062,美元,貝萊德新興市場中國除外基金 A2 美元,yfinance,未分類,全球新興市場,A0031 貝萊德投信,貝萊德
B090487,2026-07-14,127.0999984741211,美元,貝萊德新興市場中國除外基金 A2 美元,yfinance,未分類,全球新興市場,A0031 貝萊德投信,貝萊德
B090487,2026-07-15,128.63999938964844,美元,貝萊德新興市場中國除外基金 A2 美元,yfinance,未分類,全球新興市場,A0031 貝萊德投信,貝萊德
B090487,2026-07-16,125.45999908447266,美元,貝萊德新興市場中國除外基金 A2 美元,yfinance,未分類,全球新興市場,A0031 貝萊德投信,貝萊德
B090487,2026-07-17,121.55999755859375,美元,貝萊德新興市場中國除外基金 A2 美元,yfinance,未分類,全球新興市場,A0031 貝萊德投信,貝萊德
B090487,2026-07-20,122.01000213623047,美元,貝萊德新興市場中國除外基金 A2 美元,yfinance,未分類,全球新興市場,A0031 貝萊德投信,貝萊德
B090487,2026-07-21,125.30999755859375,美元,貝萊德新興市場中國除外基金 A2 美元,yfinance,未分類,全球新興市場,A0031 貝萊德投信,貝萊德
B090487,2026-07-22,125.91000366210938,美元,貝萊德新興市場中國除外基金 A2 美元,yfinance,未分類,全球新興市場,A0031 貝萊德投信,貝萊德
B090487,2026-07-23,125.30000305175781,美元,貝萊德新興市場中國除外基金 A2 美元,yfinance,未分類,全球新興市場,A0031 貝萊德投信,貝萊德
B090487,2026-07-24,122.08000183105469,美元,貝萊德新興市場中國除外基金 A2 美元,yfinance,未分類,全球新興市場,A0031 貝萊德投信,貝萊德
B090487,2026-07-27,122.4000015258789,美元,貝萊德新興市場中國除外基金 A2 美元,yfinance,未分類,全球新興市場,A0031 貝萊德投信,貝萊德
B090487,2026-07-28,116.25,美元,貝萊德新興市場中國除外基金 A2 美元,yfinance,未分類,全球新興市場,A0031 貝萊德投信,貝萊德
B090487,2026-07-29,114.08000183105469,美元,貝萊德新興市場中國除外基金 A2 美元,yfinance,未分類,全球新興市場,A0031 貝萊德投信,貝萊德
B090487,2026-07-30,115.0199966430664,美元,貝萊德新興市場中國除外基金 A2 美元,yfinance,未分類,全球新興市場,A0031 貝萊德投信,貝萊德
B090487,2026-07-31,121.08000183105469,美元,貝萊德新興市場中國除外基金 A2 美元,yfinance,未分類,全球新興市場,A0031 貝萊德投信,貝萊德
B090487,2026-08-03,121.23999786376953,美元,貝萊德新興市場中國除外基金 A2 美元,yfinance,未分類,全球新興市場,A0031 貝萊德投信,貝萊德
B090487,2026-08-04,124.41000366210938,美元,貝萊德新興市場中國除外基金 A2 美元,yfinance,未分類,全球新興市場,A0031 貝萊德投信,貝萊德
B090487,2026-08-05,127.0199966430664,美元,貝萊德新興市場中國除外基金 A2 美元,yfinance,未分類,全球新興市場,A0031 貝萊德投信,貝萊德
B090487,2026-08-06,124.51000213623047,美元,貝萊德新興市場中國除外基金 A2 美元,yfinance,未分類,全球新興市場,A0031 貝萊德投信,貝萊德
B090487,2026-08-07,124.62999725341797,美元,貝萊德新興市場中國除外基金 A2 美元,yfinance,未分類,全球新興市場,A0031 貝萊德投信,貝萊德
B090487,2026-08-10,125.12999725341797,美元,貝萊德新興市場中國除外基金 A2 美元,yfinance,未分類,全球新興市場,A0031 貝萊德投信,貝萊德
B090487,2026-08-11,126.01000213623047,美元,貝萊德新興市場中國除外基金 A2 美元,yfinance,未分類,全球新興市場,A0031 貝萊德投信,貝萊德
B090487,2026-08-12,127.9800033569336,美元,貝萊德新興市場中國除外基金 A2 美元,yfinance,未分類,全球新興市場,A0031 貝萊德投信,貝萊德
B090487,2026-08-13,129.74000549316406,美元,貝萊德新興市場中國除外基金 A2 美元,yfinance,未分類,全球新興市場,A0031 貝萊德投信,貝萊德
B090487,2026-08-14,130.4199981689453,美元,貝萊德新興市場中國除外基金 A2 美元,yfinance,未分類,全球新興市場,A0031 貝萊德投信,貝萊德
B090487,2026-08-17,130.44000244140625,美元,貝萊德新興市場中國除外基金 A2 美元,yfinance,未分類,全球新興市場,A0031 貝萊德投信,貝萊德
B090487,2026-08-18,128.0500030517578,美元,貝萊德新興市場中國除外基金 A2 美元,yfinance,未分類,全球新興市場,A0031 貝萊德投信,貝萊德
B710160,2026-01-02,14.800000190734863,美元,路博邁投資基金 - NB日本股票基金A累積類股(美元),yfinance,股票型,日本,A0050 路博邁投信,路博邁
B710160,2026-01-05,14.930000305175781,美元,路博邁投資基金 - NB日本股票基金A累積類股(美元),yfinance,股票型,日本,A0050 路博邁投信,路博邁
B710160,2026-01-06,15.109999656677246,美元,路博邁投資基金 - NB日本股票基金A累積類股(美元),yfinance,股票型,日本,A0050 路博邁投信,路博邁
B710160,2026-01-07,15.149999618530273,美元,路博邁投資基金 - NB日本股票基金A累積類股(美元),yfinance,股票型,日本,A0050 路博邁投信,路博邁
B710160,2026-01-08,15.170000076293945,美元,路博邁投資基金 - NB日本股票基金A累積類股(美元),yfinance,股票型,日本,A0050 路博邁投信,路博邁
B710160,2026-01-09,15.260000228881836,美元,路博邁投資基金 - NB日本股票基金A累積類股(美元),yfinance,股票型,日本,A0050 路博邁投信,路博邁
B710160,2026-01-12,15.260000228881836,美元,路博邁投資基金 - NB日本股票基金A累積類股(美元),yfinance,股票型,日本,A0050 路博邁投信,路博邁
B710160,2026-01-13,15.479999542236328,美元,路博邁投資基金 - NB日本股票基金A累積類股(美元),yfinance,股票型,日本,A0050 路博邁投信,路博邁
B710160,2026-01-14,15.539999961853027,美元,路博邁投資基金 - NB日本股票基金A累積類股(美元),yfinance,股票型,日本,A0050 路博邁投信,路博邁
B710160,2026-01-15,15.6899995803833,美元,路博邁投資基金 - NB日本股票基金A累積類股(美元),yfinance,股票型,日本,A0050 路博邁投信,路博邁
B710160,2026-01-16,15.760000228881836,美元,路博邁投資基金 - NB日本股票基金A累積類股(美元),yfinance,股票型,日本,A0050 路博邁投信,路博邁
B710160,2026-01-20,15.579999923706055,美元,路博邁投資基金 - NB日本股票基金A累積類股(美元),yfinance,股票型,日本,A0050 路博邁投信,路博邁
B710160,2026-01-21,15.520000457763672,美元,路博邁投資基金 - NB日本股票基金A累積類股(美元),yfinance,股票型,日本,A0050 路博邁投信,路博邁
B710160,2026-01-22,15.699999809265137,美元,路博邁投資基金 - NB日本股票基金A累積類股(美元),yfinance,股票型,日本,A0050 路博邁投信,路博邁
B710160,2026-01-23,15.75,美元,路博邁投資基金 - NB日本股票基金A累積類股(美元),yfinance,股票型,日本,A0050 路博邁投信,路博邁
B710160,2026-01-26,15.529999732971191,美元,路博邁投資基金 - NB日本股票基金A累積類股(美元),yfinance,股票型,日本,A0050 路博邁投信,路博邁
B710160,2026-01-27,15.600000381469727,美元,路博邁投資基金 - NB日本股票基金A累積類股(美元),yfinance,股票型,日本,A0050 路博邁投信,路博邁
B710160,2026-01-28,15.390000343322754,美元,路博邁投資基金 - NB日本股票基金A累積類股(美元),yfinance,股票型,日本,A0050 路博邁投信,路博邁
B710160,2026-01-29,15.350000381469727,美元,路博邁投資基金 - NB日本股票基金A累積類股(美元),yfinance,股票型,日本,A0050 路博邁投信,路博邁
B710160,2026-01-30,15.350000381469727,美元,路博邁投資基金 - NB日本股票基金A累積類股(美元),yfinance,股票型,日本,A0050 路博邁投信,路博邁
B710160,2026-02-02,15.229999542236328,美元,路博邁投資基金 - NB日本股票基金A累積類股(美元),yfinance,股票型,日本,A0050 路博邁投信,路博邁
B710160,2026-02-03,15.640000343322754,美元,路博邁投資基金 - NB日本股票基金A累積類股(美元),yfinance,股票型,日本,A0050 路博邁投信,路博邁
B710160,2026-02-04,15.630000114440918,美元,路博邁投資基金 - NB日本股票基金A累積類股(美元),yfinance,股票型,日本,A0050 路博邁投信,路博邁
B710160,2026-02-05,15.720000267028809,美元,路博邁投資基金 - NB日本股票基金A累積類股(美元),yfinance,股票型,日本,A0050 路博邁投信,路博邁
B710160,2026-02-06,15.75,美元,路博邁投資基金 - NB日本股票基金A累積類股(美元),yfinance,股票型,日本,A0050 路博邁投信,路博邁
B710160,2026-02-09,16.110000610351562,美元,路博邁投資基金 - NB日本股票基金A累積類股(美元),yfinance,股票型,日本,A0050 路博邁投信,路博邁
B710160,2026-02-10,16.31999969482422,美元,路博邁投資基金 - NB日本股票基金A累積類股(美元),yfinance,股票型,日本,A0050 路博邁投信,路博邁
B710160,2026-02-11,16.31999969482422,美元,路博邁投資基金 - NB日本股票基金A累積類股(美元),yfinance,股票型,日本,A0050 路博邁投信,路博邁
B710160,2026-02-12,16.6200008392334,美元,路博邁投資基金 - NB日本股票基金A累積類股(美元),yfinance,股票型,日本,A0050 路博邁投信,路博邁
B710160,2026-02-13,16.170000076293945,美元,路博邁投資基金 - NB日本股票基金A累積類股(美元),yfinance,股票型,日本,A0050 路博邁投信,路博邁
B710160,2026-02-17,16.239999771118164,美元,路博邁投資基金 - NB日本股票基金A累積類股(美元),yfinance,股票型,日本,A0050 路博邁投信,路博邁
B710160,2026-02-18,16.530000686645508,美元,路博邁投資基金 - NB日本股票基金A累積類股(美元),yfinance,股票型,日本,A0050 路博邁投信,路博邁
B710160,2026-02-19,16.709999084472656,美元,路博邁投資基金 - NB日本股票基金A累積類股(美元),yfinance,股票型,日本,A0050 路博邁投信,路博邁
B710160,2026-02-20,16.600000381469727,美元,路博邁投資基金 - NB日本股票基金A累積類股(美元),yfinance,股票型,日本,A0050 路博邁投信,路博邁
B710160,2026-02-24,16.639999389648438,美元,路博邁投資基金 - NB日本股票基金A累積類股(美元),yfinance,股票型,日本,A0050 路博邁投信,路博邁
B710160,2026-02-25,16.75,美元,路博邁投資基金 - NB日本股票基金A累積類股(美元),yfinance,股票型,日本,A0050 路博邁投信,路博邁
B710160,2026-02-26,16.850000381469727,美元,路博邁投資基金 - NB日本股票基金A累積類股(美元),yfinance,股票型,日本,A0050 路博邁投信,路博邁
B710160,2026-02-27,17.18000030517578,美元,路博邁投資基金 - NB日本股票基金A累積類股(美元),yfinance,股票型,日本,A0050 路博邁投信,路博邁
B710160,2026-03-02,17.06999969482422,美元,路博邁投資基金 - NB日本股票基金A累積類股(美元),yfinance,股票型,日本,A0050 路博邁投信,路博邁
B710160,2026-03-03,16.6200008392334,美元,路博邁投資基金 - NB日本股票基金A累積類股(美元),yfinance,股票型,日本,A0050 路博邁投信,路博邁
B710160,2026-03-04,15.979999542236328,美元,路博邁投資基金 - NB日本股票基金A累積類股(美元),yfinance,股票型,日本,A0050 路博邁投信,路博邁
B710160,2026-03-05,16.40999984741211,美元,路博邁投資基金 - NB日本股票基金A累積類股(美元),yfinance,股票型,日本,A0050 路博邁投信,路博邁
B710160,2026-03-06,16.450000762939453,美元,路博邁投資基金 - NB日本股票基金A累積類股(美元),yfinance,股票型,日本,A0050 路博邁投信,路博邁
B710160,2026-03-09,15.75,美元,路博邁投資基金 - NB日本股票基金A累積類股(美元),yfinance,股票型,日本,A0050 路博邁投信,路博邁
B710160,2026-03-10,16.1299991607666,美元,路博邁投資基金 - NB日本股票基金A累積類股(美元),yfinance,股票型,日本,A0050 路博邁投信,路博邁
B710160,2026-03-11,16.260000228881836,美元,路博邁投資基金 - NB日本股票基金A累積類股(美元),yfinance,股票型,日本,A0050 路博邁投信,路博邁
B710160,2026-03-12,15.890000343322754,美元,路博邁投資基金 - NB日本股票基金A累積類股(美元),yfinance,股票型,日本,A0050 路博邁投信,路博邁
B710160,2026-03-13,15.90999984741211,美元,路博邁投資基金 - NB日本股票基金A累積類股(美元),yfinance,股票型,日本,A0050 路博邁投信,路博邁
B710160,2026-03-16,15.960000038146973,美元,路博邁投資基金 - NB日本股票基金A累積類股(美元),yfinance,股票型,日本,A0050 路博邁投信,路博邁
B710160,2026-03-17,16.030000686645508,美元,路博邁投資基金 - NB日本股票基金A累積類股(美元),yfinance,股票型,日本,A0050 路博邁投信,路博邁
B710160,2026-03-18,16.329999923706055,美元,路博邁投資基金 - NB日本股票基金A累積類股(美元),yfinance,股票型,日本,A0050 路博邁投信,路博邁
B710160,2026-03-19,15.770000457763672,美元,路博邁投資基金 - NB日本股票基金A累積類股(美元),yfinance,股票型,日本,A0050 路博邁投信,路博邁
B710160,2026-03-20,15.770000457763672,美元,路博邁投資基金 - NB日本股票基金A累積類股(美元),yfinance,股票型,日本,A0050 路博邁投信,路博邁
B710160,2026-03-23,15.199999809265137,美元,路博邁投資基金 - NB日本股票基金A累積類股(美元),yfinance,股票型,日本,A0050 路博邁投信,路博邁
B710160,2026-03-24,15.720000267028809,美元,路博邁投資基金 - NB日本股票基金A累積類股(美元),yfinance,股票型,日本,A0050 路博邁投信,路博邁
B710160,2026-03-25,16.209999084472656,美元,路博邁投資基金 - NB日本股票基金A累積類股(美元),yfinance,股票型,日本,A0050 路博邁投信,路博邁
B710160,2026-03-26,16.1200008392334,美元,路博邁投資基金 - NB日本股票基金A累積類股(美元),yfinance,股票型,日本,A0050 路博邁投信,路博邁
B710160,2026-03-27,16.139999389648438,美元,路博邁投資基金 - NB日本股票基金A累積類股(美元),yfinance,股票型,日本,A0050 路博邁投信,路博邁
B710160,2026-03-30,15.760000228881836,美元,路博邁投資基金 - NB日本股票基金A累積類股(美元),yfinance,股票型,日本,A0050 路博邁投信,路博邁
B710160,2026-03-31,15.670000076293945,美元,路博邁投資基金 - NB日本股票基金A累積類股(美元),yfinance,股票型,日本,A0050 路博邁投信,路博邁
B710160,2026-04-01,16.399999618530273,美元,路博邁投資基金 - NB日本股票基金A累積類股(美元),yfinance,股票型,日本,A0050 路博邁投信,路博邁
B710160,2026-04-02,16.15999984741211,美元,路博邁投資基金 - NB日本股票基金A累積類股(美元),yfinance,股票型,日本,A0050 路博邁投信,路博邁
B710160,2026-04-07,16.31999969482422,美元,路博邁投資基金 - NB日本股票基金A累積類股(美元),yfinance,股票型,日本,A0050 路博邁投信,路博邁
B710160,2026-04-08,16.84000015258789,美元,路博邁投資基金 - NB日本股票基金A累積類股(美元),yfinance,股票型,日本,A0050 路博邁投信,路博邁
B710160,2026-04-09,16.829999923706055,美元,路博邁投資基金 - NB日本股票基金A累積類股(美元),yfinance,股票型,日本,A0050 路博邁投信,路博邁
B710160,2026-04-10,16.829999923706055,美元,路博邁投資基金 - NB日本股票基金A累積類股(美元),yfinance,股票型,日本,A0050 路博邁投信,路博邁
B710160,2026-04-13,16.739999771118164,美元,路博邁投資基金 - NB日本股票基金A累積類股(美元),yfinance,股票型,日本,A0050 路博邁投信,路博邁
B710160,2026-04-14,16.8799991607666,美元,路博邁投資基金 - NB日本股票基金A累積類股(美元),yfinance,股票型,日本,A0050 路博邁投信,路博邁
B710160,2026-04-15,16.829999923706055,美元,路博邁投資基金 - NB日本股票基金A累積類股(美元),yfinance,股票型,日本,A0050 路博邁投信,路博邁
B710160,2026-04-16,16.899999618530273,美元,路博邁投資基金 - NB日本股票基金A累積類股(美元),yfinance,股票型,日本,A0050 路博邁投信,路博邁
B710160,2026-04-17,16.68000030517578,美元,路博邁投資基金 - NB日本股票基金A累積類股(美元),yfinance,股票型,日本,A0050 路博邁投信,路博邁
B710160,2026-04-20,16.6299991607666,美元,路博邁投資基金 - NB日本股票基金A累積類股(美元),yfinance,股票型,日本,A0050 路博邁投信,路博邁
B710160,2026-04-21,16.65999984741211,美元,路博邁投資基金 - NB日本股票基金A累積類股(美元),yfinance,股票型,日本,A0050 路博邁投信,路博邁
B710160,2026-04-22,16.459999084472656,美元,路博邁投資基金 - NB日本股票基金A累積類股(美元),yfinance,股票型,日本,A0050 路博邁投信,路博邁
B710160,2026-04-23,16.3700008392334,美元,路博邁投資基金 - NB日本股票基金A累積類股(美元),yfinance,股票型,日本,A0050 路博邁投信,路博邁
B710160,2026-04-24,16.360000610351562,美元,路博邁投資基金 - NB日本股票基金A累積類股(美元),yfinance,股票型,日本,A0050 路博邁投信,路博邁
B710160,2026-04-27,16.329999923706055,美元,路博邁投資基金 - NB日本股票基金A累積類股(美元),yfinance,股票型,日本,A0050 路博邁投信,路博邁
B710160,2026-04-28,16.709999084472656,美元,路博邁投資基金 - NB日本股票基金A累積類股(美元),yfinance,股票型,日本,A0050 路博邁投信,路博邁
B710160,2026-04-29,16.709999084472656,美元,路博邁投資基金 - NB日本股票基金A累積類股(美元),yfinance,股票型,日本,A0050 路博邁投信,路博邁
B710160,2026-04-30,16.639999389648438,美元,路博邁投資基金 - NB日本股票基金A累積類股(美元),yfinance,股票型,日本,A0050 路博邁投信,路博邁
B710160,2026-05-01,16.559999465942383,美元,路博邁投資基金 - NB日本股票基金A累積類股(美元),yfinance,股票型,日本,A0050 路博邁投信,路博邁
B710160,2026-05-05,16.559999465942383,美元,路博邁投資基金 - NB日本股票基金A累積類股(美元),yfinance,股票型,日本,A0050 路博邁投信,路博邁
B710160,2026-05-06,16.559999465942383,美元,路博邁投資基金 - NB日本股票基金A累積類股(美元),yfinance,股票型,日本,A0050 路博邁投信,路博邁
B710160,2026-05-07,16.979999542236328,美元,路博邁投資基金 - NB日本股票基金A累積類股(美元),yfinance,股票型,日本,A0050 路博邁投信,路博邁
B710160,2026-05-08,16.899999618530273,美元,路博邁投資基金 - NB日本股票基金A累積類股(美元),yfinance,股票型,日本,A0050 路博邁投信,路博邁
B710160,2026-05-11,17.059999465942383,美元,路博邁投資基金 - NB日本股票基金A累積類股(美元),yfinance,股票型,日本,A0050 路博邁投信,路博邁
B710160,2026-05-12,17.079999923706055,美元,路博邁投資基金 - NB日本股票基金A累積類股(美元),yfinance,股票型,日本,A0050 路博邁投信,路博邁
B710160,2026-05-13,17.049999237060547,美元,路博邁投資基金 - NB日本股票基金A累積類股(美元),yfinance,股票型,日本,A0050 路博邁投信,路博邁
B710160,2026-05-14,17.229999542236328,美元,路博邁投資基金 - NB日本股票基金A累積類股(美元),yfinance,股票型,日本,A0050 路博邁投信,路博邁
B710160,2026-05-15,17.139999389648438,美元,路博邁投資基金 - NB日本股票基金A累積類股(美元),yfinance,股票型,日本,A0050 路博邁投信,路博邁
B710160,2026-05-18,17.0,美元,路博邁投資基金 - NB日本股票基金A累積類股(美元),yfinance,股票型,日本,A0050 路博邁投信,路博邁
B710160,2026-05-19,17.079999923706055,美元,路博邁投資基金 - NB日本股票基金A累積類股(美元),yfinance,股票型,日本,A0050 路博邁投信,路博邁
B710160,2026-05-20,16.93000030517578,美元,路博邁投資基金 - NB日本股票基金A累積類股(美元),yfinance,股票型,日本,A0050 路博邁投信,路博邁
B710160,2026-05-21,17.18000030517578,美元,路博邁投資基金 - NB日本股票基金A累積類股(美元),yfinance,股票型,日本,A0050 路博邁投信,路博邁
B710160,2026-05-22,17.260000228881836,美元,路博邁投資基金 - NB日本股票基金A累積類股(美元),yfinance,股票型,日本,A0050 路博邁投信,路博邁
B710160,2026-05-26,17.700000762939453,美元,路博邁投資基金 - NB日本股票基金A累積類股(美元),yfinance,股票型,日本,A0050 路博邁投信,路博邁
B710160,2026-05-27,17.5,美元,路博邁投資基金 - NB日本股票基金A累積類股(美元),yfinance,股票型,日本,A0050 路博邁投信,路博邁
B710160,2026-05-28,17.469999313354492,美元,路博邁投資基金 - NB日本股票基金A累積類股(美元),yfinance,股票型,日本,A0050 路博邁投信,路博邁
B710160,2026-05-29,17.56999969482422,美元,路博邁投資基金 - NB日本股票基金A累積類股(美元),yfinance,股票型,日本,A0050 路博邁投信,路博邁
B710160,2026-06-01,17.520000457763672,美元,路博邁投資基金 - NB日本股票基金A累積類股(美元),yfinance,股票型,日本,A0050 路博邁投信,路博邁
B710160,2026-06-02,17.399999618530273,美元,路博邁投資基金 - NB日本股票基金A累積類股(美元),yfinance,股票型,日本,A0050 路博邁投信,路博邁
B710160,2026-06-03,17.459999084472656,美元,路博邁投資基金 - NB日本股票基金A累積類股(美元),yfinance,股票型,日本,A0050 路博邁投信,路博邁
B710160,2026-06-04,17.399999618530273,美元,路博邁投資基金 - NB日本股票基金A累積類股(美元),yfinance,股票型,日本,A0050 路博邁投信,路博邁
B710160,2026-06-05,17.59000015258789,美元,路博邁投資基金 - NB日本股票基金A累積類股(美元),yfinance,股票型,日本,A0050 路博邁投信,路博邁
B710160,2026-06-08,17.239999771118164,美元,路博邁投資基金 - NB日本股票基金A累積類股(美元),yfinance,股票型,日本,A0050 路博邁投信,路博邁
B710160,2026-06-09,17.520000457763672,美元,路博邁投資基金 - NB日本股票基金A累積類股(美元),yfinance,股票型,日本,A0050 路博邁投信,路博邁
B710160,2026-06-10,17.450000762939453,美元,路博邁投資基金 - NB日本股票基金A累積類股(美元),yfinance,股票型,日本,A0050 路博邁投信,路博邁
B710160,2026-06-11,17.40999984741211,美元,路博邁投資基金 - NB日本股票基金A累積類股(美元),yfinance,股票型,日本,A0050 路博邁投信,路博邁
B710160,2026-06-12,17.5,美元,路博邁投資基金 - NB日本股票基金A累積類股(美元),yfinance,股票型,日本,A0050 路博邁投信,路博邁
B710160,2026-06-15,18.020000457763672,美元,路博邁投資基金 - NB日本股票基金A累積類股(美元),yfinance,股票型,日本,A0050 路博邁投信,路博邁
B710160,2026-06-16,18.149999618530273,美元,路博邁投資基金 - NB日本股票基金A累積類股(美元),yfinance,股票型,日本,A0050 路博邁投信,路博邁
B710160,2026-06-17,18.329999923706055,美元,路博邁投資基金 - NB日本股票基金A累積類股(美元),yfinance,股票型,日本,A0050 路博邁投信,路博邁
B710160,2026-06-18,18.459999084472656,美元,路博邁投資基金 - NB日本股票基金A累積類股(美元),yfinance,股票型,日本,A0050 路博邁投信,路博邁
B710160,2026-06-22,18.450000762939453,美元,路博邁投資基金 - NB日本股票基金A累積類股(美元),yfinance,股票型,日本,A0050 路博邁投信,路博邁
B710160,2026-06-23,18.1200008392334,美元,路博邁投資基金 - NB日本股票基金A累積類股(美元),yfinance,股票型,日本,A0050 路博邁投信,路博邁
B710160,2026-06-24,18.059999465942383,美元,路博邁投資基金 - NB日本股票基金A累積類股(美元),yfinance,股票型,日本,A0050 路博邁投信,路博邁
B710160,2026-06-25,18.34000015258789,美元,路博邁投資基金 - NB日本股票基金A累積類股(美元),yfinance,股票型,日本,A0050 路博邁投信,路博邁
B710160,2026-06-26,18.239999771118164,美元,路博邁投資基金 - NB日本股票基金A累積類股(美元),yfinance,股票型,日本,A0050 路博邁投信,路博邁
B710160,2026-06-29,18.360000610351562,美元,路博邁投資基金 - NB日本股票基金A累積類股(美元),yfinance,股票型,日本,A0050 路博邁投信,路博邁
B710160,2026-06-30,18.329999923706055,美元,路博邁投資基金 - NB日本股票基金A累積類股(美元),yfinance,股票型,日本,A0050 路博邁投信,路博邁
B710160,2026-07-01,18.31999969482422,美元,路博邁投資基金 - NB日本股票基金A累積類股(美元),yfinance,股票型,日本,A0050 路博邁投信,路博邁
B710160,2026-07-02,18.3799991607666,美元,路博邁投資基金 - NB日本股票基金A累積類股(美元),yfinance,股票型,日本,A0050 路博邁投信,路博邁
B710160,2026-07-06,18.719999313354492,美元,路博邁投資基金 - NB日本股票基金A累積類股(美元),yfinance,股票型,日本,A0050 路博邁投信,路博邁
B710160,2026-07-07,18.5,美元,路博邁投資基金 - NB日本股票基金A累積類股(美元),yfinance,股票型,日本,A0050 路博邁投信,路博邁
B710160,2026-07-08,18.299999237060547,美元,路博邁投資基金 - NB日本股票基金A累積類股(美元),yfinance,股票型,日本,A0050 路博邁投信,路博邁
B710160,2026-07-09,18.31999969482422,美元,路博邁投資基金 - NB日本股票基金A累積類股(美元),yfinance,股票型,日本,A0050 路博邁投信,路博邁
B710160,2026-07-10,18.309999465942383,美元,路博邁投資基金 - NB日本股票基金A累積類股(美元),yfinance,股票型,日本,A0050 路博邁投信,路博邁
B710160,2026-07-13,18.1299991607666,美元,路博邁投資基金 - NB日本股票基金A累積類股(美元),yfinance,股票型,日本,A0050 路博邁投信,路博邁
B710160,2026-07-14,18.15999984741211,美元,路博邁投資基金 - NB日本股票基金A累積類股(美元),yfinance,股票型,日本,A0050 路博邁投信,路博邁
B710160,2026-07-15,18.420000076293945,美元,路博邁投資基金 - NB日本股票基金A累積類股(美元),yfinance,股票型,日本,A0050 路博邁投信,路博邁
B710160,2026-07-16,18.18000030517578,美元,路博邁投資基金 - NB日本股票基金A累積類股(美元),yfinance,股票型,日本,A0050 路博邁投信,路博邁
B710160,2026-07-17,17.649999618530273,美元,路博邁投資基金 - NB日本股票基金A累積類股(美元),yfinance,股票型,日本,A0050 路博邁投信,路博邁
B710160,2026-07-21,18.040000915527344,美元,路博邁投資基金 - NB日本股票基金A累積類股(美元),yfinance,股票型,日本,A0050 路博邁投信,路博邁
B710160,2026-07-22,18.020000457763672,美元,路博邁投資基金 - NB日本股票基金A累積類股(美元),yfinance,股票型,日本,A0050 路博邁投信,路博邁
B710160,2026-07-23,18.059999465942383,美元,路博邁投資基金 - NB日本股票基金A累積類股(美元),yfinance,股票型,日本,A0050 路博邁投信,路博邁
B710160,2026-07-24,18.059999465942383,美元,路博邁投資基金 - NB日本股票基金A累積類股(美元),yfinance,股票型,日本,A0050 路博邁投信,路博邁
B710160,2026-07-27,18.3799991607666,美元,路博邁投資基金 - NB日本股票基金A累積類股(美元),yfinance,股票型,日本,A0050 路博邁投信,路博邁
B710160,2026-07-28,17.8799991607666,美元,路博邁投資基金 - NB日本股票基金A累積類股(美元),yfinance,股票型,日本,A0050 路博邁投信,路博邁
B710160,2026-07-29,17.610000610351562,美元,路博邁投資基金 - NB日本股票基金A累積類股(美元),yfinance,股票型,日本,A0050 路博邁投信,路博邁
B710160,2026-07-30,17.510000228881836,美元,路博邁投資基金 - NB日本股票基金A累積類股(美元),yfinance,股票型,日本,A0050 路博邁投信,路博邁
B710160,2026-07-31,17.700000762939453,美元,路博邁投資基金 - NB日本股票基金A累積類股(美元),yfinance,股票型,日本,A0050 路博邁投信,路博邁
B710160,2026-08-03,17.709999084472656,美元,路博邁投資基金 - NB日本股票基金A累積類股(美元),yfinance,股票型,日本,A0050 路博邁投信,路博邁
B710160,2026-08-04,17.8799991607666,美元,路博邁投資基金 - NB日本股票基金A累積類股(美元),yfinance,股票型,日本,A0050 路博邁投信,路博邁
B710160,2026-08-05,18.31999969482422,美元,路博邁投資基金 - NB日本股票基金A累積類股(美元),yfinance,股票型,日本,A0050 路博邁投信,路博邁
B710160,2026-08-06,18.309999465942383,美元,路博邁投資基金 - NB日本股票基金A累積類股(美元),yfinance,股票型,日本,A0050 路博邁投信,路博邁
B710160,2026-08-07,18.06999969482422,美元,路博邁投資基金 - NB日本股票基金A累積類股(美元),yfinance,股票型,日本,A0050 路博邁投信,路博邁
B710160,2026-08-10,18.139999389648438,美元,路博邁投資基金 - NB日本股票基金A累積類股(美元),yfinance,股票型,日本,A0050 路博邁投信,路博邁
B710160,2026-08-11,18.139999389648438,美元,路博邁投資基金 - NB日本股票基金A累積類股(美元),yfinance,股票型,日本,A0050 路博邁投信,路博邁
B710160,2026-08-12,18.260000228881836,美元,路博邁投資基金 - NB日本股票基金A累積類股(美元),yfinance,股票型,日本,A0050 路博邁投信,路博邁
B710160,2026-08-13,18.469999313354492,美元,路博邁投資基金 - NB日本股票基金A累積類股(美元),yfinance,股票型,日本,A0050 路博邁投信,路博邁
B710160,2026-08-14,18.65999984741211,美元,路博邁投資基金 - NB日本股票基金A累積類股(美元),yfinance,股票型,日本,A0050 路博邁投信,路博邁
B710160,2026-08-17,18.6299991607666,美元,路博邁投資基金 - NB日本股票基金A累積類股(美元),yfinance,股票型,日本,A0050 路博邁投信,路博邁
B030871,2026-01-02,69.46365356445312,美元,聯博-美國成長基金EP(總報酬月配)級別美元,yfinance,股票型,美國,A0018 聯博投信,聯博(盧森堡
B030871,2026-01-05,69.86006164550781,美元,聯博-美國成長基金EP(總報酬月配)級別美元,yfinance,股票型,美國,A0018 聯博投信,聯博(盧森堡
B030871,2026-01-06,70.61599731445312,美元,聯博-美國成長基金EP(總報酬月配)級別美元,yfinance,股票型,美國,A0018 聯博投信,聯博(盧森堡
B030871,2026-01-07,70.86492156982422,美元,聯博-美國成長基金EP(總報酬月配)級別美元,yfinance,股票型,美國,A0018 聯博投信,聯博(盧森堡
B030871,2026-01-08,70.71741485595703,美元,聯博-美國成長基金EP(總報酬月配)級別美元,yfinance,股票型,美國,A0018 聯博投信,聯博(盧森堡
B030871,2026-01-09,71.15068817138672,美元,聯博-美國成長基金EP(總報酬月配)級別美元,yfinance,股票型,美國,A0018 聯博投信,聯博(盧森堡
B030871,2026-01-12,71.2152328491211,美元,聯博-美國成長基金EP(總報酬月配)級別美元,yfinance,股票型,美國,A0018 聯博投信,聯博(盧森堡
B030871,2026-01-13,70.82803344726562,美元,聯博-美國成長基金EP(總報酬月配)級別美元,yfinance,股票型,美國,A0018 聯博投信,聯博(盧森堡
B030871,2026-01-14,69.91535949707031,美元,聯博-美國成長基金EP(總報酬月配)級別美元,yfinance,股票型,美國,A0018 聯博投信,聯博(盧森堡
B030871,2026-01-15,70.007568359375,美元,聯博-美國成長基金EP(總報酬月配)級別美元,yfinance,股票型,美國,A0018 聯博投信,聯博(盧森堡
B030871,2026-01-16,69.97069549560547,美元,聯博-美國成長基金EP(總報酬月配)級別美元,yfinance,股票型,美國,A0018 聯博投信,聯博(盧森堡
B030871,2026-01-20,68.44036102294922,美元,聯博-美國成長基金EP(總報酬月配)級別美元,yfinance,股票型,美國,A0018 聯博投信,聯博(盧森堡
B030871,2026-01-21,68.91974639892578,美元,聯博-美國成長基金EP(總報酬月配)級別美元,yfinance,股票型,美國,A0018 聯博投信,聯博(盧森堡
B030871,2026-01-22,69.32537078857422,美元,聯博-美國成長基金EP(總報酬月配)級別美元,yfinance,股票型,美國,A0018 聯博投信,聯博(盧森堡
B030871,2026-01-23,69.6849136352539,美元,聯博-美國成長基金EP(總報酬月配)級別美元,yfinance,股票型,美國,A0018 聯博投信,聯博(盧森堡
B030871,2026-01-26,69.94303894042969,美元,聯博-美國成長基金EP(總報酬月配)級別美元,yfinance,股票型,美國,A0018 聯博投信,聯博(盧森堡
B030871,2026-01-27,70.15506744384766,美元,聯博-美國成長基金EP(總報酬月配)級別美元,yfinance,股票型,美國,A0018 聯博投信,聯博(盧森堡
B030871,2026-01-28,70.12740325927734,美元,聯博-美國成長基金EP(總報酬月配)級別美元,yfinance,股票型,美國,A0018 聯博投信,聯博(盧森堡
B030871,2026-01-29,69.61115264892578,美元,聯博-美國成長基金EP(總報酬月配)級別美元,yfinance,股票型,美國,A0018 聯博投信,聯博(盧森堡
B030871,2026-01-30,68.94851684570312,美元,聯博-美國成長基金EP(總報酬月配)級別美元,yfinance,股票型,美國,A0018 聯博投信,聯博(盧森堡
B030871,2026-02-02,69.21883392333984,美元,聯博-美國成長基金EP(總報酬月配)級別美元,yfinance,股票型,美國,A0018 聯博投信,聯博(盧森堡
B030871,2026-02-03,67.84861755371094,美元,聯博-美國成長基金EP(總報酬月配)級別美元,yfinance,股票型,美國,A0018 聯博投信,聯博(盧森堡
B030871,2026-02-04,67.40119934082031,美元,聯博-美國成長基金EP(總報酬月配)級別美元,yfinance,股票型,美國,A0018 聯博投信,聯博(盧森堡
B030871,2026-02-05,66.59026336669922,美元,聯博-美國成長基金EP(總報酬月配)級別美元,yfinance,股票型,美國,A0018 聯博投信,聯博(盧森堡
B030871,2026-02-06,67.541015625,美元,聯博-美國成長基金EP(總報酬月配)級別美元,yfinance,股票型,美國,A0018 聯博投信,聯博(盧森堡
B030871,2026-02-09,67.97911834716797,美元,聯博-美國成長基金EP(總報酬月配)級別美元,yfinance,股票型,美國,A0018 聯博投信,聯博(盧森堡
B030871,2026-02-10,67.64356231689453,美元,聯博-美國成長基金EP(總報酬月配)級別美元,yfinance,股票型,美國,A0018 聯博投信,聯博(盧森堡
B030871,2026-02-11,67.28003692626953,美元,聯博-美國成長基金EP(總報酬月配)級別美元,yfinance,股票型,美國,A0018 聯博投信,聯博(盧森堡
B030871,2026-02-12,66.15216064453125,美元,聯博-美國成長基金EP(總報酬月配)級別美元,yfinance,股票型,美國,A0018 聯博投信,聯博(盧森堡
B030871,2026-02-13,66.07760620117188,美元,聯博-美國成長基金EP(總報酬月配)級別美元,yfinance,股票型,美國,A0018 聯博投信,聯博(盧森堡
B030871,2026-02-17,66.29198455810547,美元,聯博-美國成長基金EP(總報酬月配)級別美元,yfinance,股票型,美國,A0018 聯博投信,聯博(盧森堡
B030871,2026-02-18,66.8885498046875,美元,聯博-美國成長基金EP(總報酬月配)級別美元,yfinance,股票型,美國,A0018 聯博投信,聯博(盧森堡
B030871,2026-02-19,66.66483306884766,美元,聯博-美國成長基金EP(總報酬月配)級別美元,yfinance,股票型,美國,A0018 聯博投信,聯博(盧森堡
B030871,2026-02-20,67.44781494140625,美元,聯博-美國成長基金EP(總報酬月配)級別美元,yfinance,股票型,美國,A0018 聯博投信,聯博(盧森堡
B030871,2026-02-23,66.66483306884766,美元,聯博-美國成長基金EP(總報酬月配)級別美元,yfinance,股票型,美國,A0018 聯博投信,聯博(盧森堡
B030871,2026-02-24,67.17749786376953,美元,聯博-美國成長基金EP(總報酬月配)級別美元,yfinance,股票型,美國,A0018 聯博投信,聯博(盧森堡
B030871,2026-02-25,67.99775695800781,美元,聯博-美國成長基金EP(總報酬月配)級別美元,yfinance,股票型,美國,A0018 聯博投信,聯博(盧森堡
B030871,2026-02-26,67.5969467163086,美元,聯博-美國成長基金EP(總報酬月配)級別美元,yfinance,股票型,美國,A0018 聯博投信,聯博(盧森堡
B030871,2026-02-27,67.49239349365234,美元,聯博-美國成長基金EP(總報酬月配)級別美元,yfinance,股票型,美國,A0018 聯博投信,聯博(盧森堡
B030871,2026-03-02,67.2755126953125,美元,聯博-美國成長基金EP(總報酬月配)級別美元,yfinance,股票型,美國,A0018 聯博投信,聯博(盧森堡
B030871,2026-03-03,66.8512191772461,美元,聯博-美國成長基金EP(總報酬月配)級別美元,yfinance,股票型,美國,A0018 聯博投信,聯博(盧森堡
B030871,2026-03-04,67.40750885009766,美元,聯博-美國成長基金EP(總報酬月配)級別美元,yfinance,股票型,美國,A0018 聯博投信,聯博(盧森堡
B030871,2026-03-05,67.15294647216797,美元,聯博-美國成長基金EP(總報酬月配)級別美元,yfinance,股票型,美國,A0018 聯博投信,聯博(盧森堡
B030871,2026-03-06,66.12518310546875,美元,聯博-美國成長基金EP(總報酬月配)級別美元,yfinance,股票型,美國,A0018 聯博投信,聯博(盧森堡
B030871,2026-03-09,66.88893127441406,美元,聯博-美國成長基金EP(總報酬月配)級別美元,yfinance,股票型,美國,A0018 聯博投信,聯博(盧森堡
B030871,2026-03-10,66.66263580322266,美元,聯博-美國成長基金EP(總報酬月配)級別美元,yfinance,股票型,美國,A0018 聯博投信,聯博(盧森堡
B030871,2026-03-11,66.45520782470703,美元,聯博-美國成長基金EP(總報酬月配)級別美元,yfinance,股票型,美國,A0018 聯博投信,聯博(盧森堡
B030871,2026-03-12,65.22943115234375,美元,聯博-美國成長基金EP(總報酬月配)級別美元,yfinance,股票型,美國,A0018 聯博投信,聯博(盧森堡
B030871,2026-03-13,64.67312622070312,美元,聯博-美國成長基金EP(總報酬月配)級別美元,yfinance,股票型,美國,A0018 聯博投信,聯博(盧森堡
B030871,2026-03-16,65.4745864868164,美元,聯博-美國成長基金EP(總報酬月配)級別美元,yfinance,股票型,美國,A0018 聯博投信,聯博(盧森堡
B030871,2026-03-17,65.50287628173828,美元,聯博-美國成長基金EP(總報酬月配)級別美元,yfinance,股票型,美國,A0018 聯博投信,聯博(盧森堡
B030871,2026-03-18,64.40911102294922,美元,聯博-美國成長基金EP(總報酬月配)級別美元,yfinance,股票型,美國,A0018 聯博投信,聯博(盧森堡
B030871,2026-03-19,64.10738372802734,美元,聯博-美國成長基金EP(總報酬月配)級別美元,yfinance,股票型,美國,A0018 聯博投信,聯博(盧森堡
B030871,2026-03-20,63.11735534667969,美元,聯博-美國成長基金EP(總報酬月配)級別美元,yfinance,股票型,美國,A0018 聯博投信,聯博(盧森堡
B030871,2026-03-23,63.89994812011719,美元,聯博-美國成長基金EP(總報酬月配)級別美元,yfinance,股票型,美國,A0018 聯博投信,聯博(盧森堡
B030871,2026-03-24,63.19278335571289,美元,聯博-美國成長基金EP(總報酬月配)級別美元,yfinance,股票型,美國,A0018 聯博投信,聯博(盧森堡
B030871,2026-03-25,63.47565460205078,美元,聯博-美國成長基金EP(總報酬月配)級別美元,yfinance,股票型,美國,A0018 聯博投信,聯博(盧森堡
B030871,2026-03-26,62.09902572631836,美元,聯博-美國成長基金EP(總報酬月配)級別美元,yfinance,股票型,美國,A0018 聯博投信,聯博(盧森堡
B030871,2026-03-27,60.66582489013672,美元,聯博-美國成長基金EP(總報酬月配)級別美元,yfinance,股票型,美國,A0018 聯博投信,聯博(盧森堡
B030871,2026-03-30,60.599822998046875,美元,聯博-美國成長基金EP(總報酬月配)級別美元,yfinance,股票型,美國,A0018 聯博投信,聯博(盧森堡
B030871,2026-03-31,62.748207092285156,美元,聯博-美國成長基金EP(總報酬月配)級別美元,yfinance,股票型,美國,A0018 聯博投信,聯博(盧森堡
B030871,2026-04-01,63.19715881347656,美元,聯博-美國成長基金EP(總報酬月配)級別美元,yfinance,股票型,美國,A0018 聯博投信,聯博(盧森堡
B030871,2026-04-02,63.20670700073242,美元,聯博-美國成長基金EP(總報酬月配)級別美元,yfinance,股票型,美國,A0018 聯博投信,聯博(盧森堡
B030871,2026-04-07,63.75118637084961,美元,聯博-美國成長基金EP(總報酬月配)級別美元,yfinance,股票型,美國,A0018 聯博投信,聯博(盧森堡
B030871,2026-04-08,65.64251708984375,美元,聯博-美國成長基金EP(總報酬月配)級別美元,yfinance,股票型,美國,A0018 聯博投信,聯博(盧森堡
B030871,2026-04-09,66.12967681884766,美元,聯博-美國成長基金EP(總報酬月配)級別美元,yfinance,股票型,美國,A0018 聯博投信,聯博(盧森堡
B030871,2026-04-10,66.24430084228516,美元,聯博-美國成長基金EP(總報酬月配)級別美元,yfinance,股票型,美國,A0018 聯博投信,聯博(盧森堡
B030871,2026-04-13,67.00846862792969,美元,聯博-美國成長基金EP(總報酬月配)級別美元,yfinance,股票型,美國,A0018 聯博投信,聯博(盧森堡
B030871,2026-04-14,68.25025177001953,美元,聯博-美國成長基金EP(總報酬月配)級別美元,yfinance,股票型,美國,A0018 聯博投信,聯博(盧森堡
B030871,2026-04-15,69.0144271850586,美元,聯博-美國成長基金EP(總報酬月配)級別美元,yfinance,股票型,美國,A0018 聯博投信,聯博(盧森堡
B030871,2026-04-16,69.0048828125,美元,聯博-美國成長基金EP(總報酬月配)級別美元,yfinance,股票型,美國,A0018 聯博投信,聯博(盧森堡
B030871,2026-04-17,69.85501861572266,美元,聯博-美國成長基金EP(總報酬月配)級別美元,yfinance,股票型,美國,A0018 聯博投信,聯博(盧森堡
B030871,2026-04-20,69.53980255126953,美元,聯博-美國成長基金EP(總報酬月配)級別美元,yfinance,股票型,美國,A0018 聯博投信,聯博(盧森堡
B030871,2026-04-21,69.0048828125,美元,聯博-美國成長基金EP(總報酬月配)級別美元,yfinance,股票型,美國,A0018 聯博投信,聯博(盧森堡
B030871,2026-04-22,69.94099426269531,美元,聯博-美國成長基金EP(總報酬月配)級別美元,yfinance,股票型,美國,A0018 聯博投信,聯博(盧森堡
B030871,2026-04-23,69.51113891601562,美元,聯博-美國成長基金EP(總報酬月配)級別美元,yfinance,股票型,美國,A0018 聯博投信,聯博(盧森堡
B030871,2026-04-24,70.4568099975586,美元,聯博-美國成長基金EP(總報酬月配)級別美元,yfinance,股票型,美國,A0018 聯博投信,聯博(盧森堡
B030871,2026-04-27,70.43770599365234,美元,聯博-美國成長基金EP(總報酬月配)級別美元,yfinance,股票型,美國,A0018 聯博投信,聯博(盧森堡
B030871,2026-04-28,69.8359146118164,美元,聯博-美國成長基金EP(總報酬月配)級別美元,yfinance,股票型,美國,A0018 聯博投信,聯博(盧森堡
B030871,2026-04-29,69.80726623535156,美元,聯博-美國成長基金EP(總報酬月配)級別美元,yfinance,股票型,美國,A0018 聯博投信,聯博(盧森堡
B030871,2026-04-30,70.17353057861328,美元,聯博-美國成長基金EP(總報酬月配)級別美元,yfinance,股票型,美國,A0018 聯博投信,聯博(盧森堡
B030871,2026-05-04,70.21217346191406,美元,聯博-美國成長基金EP(總報酬月配)級別美元,yfinance,股票型,美國,A0018 聯博投信,聯博(盧森堡
B030871,2026-05-05,70.38609313964844,美元,聯博-美國成長基金EP(總報酬月配)級別美元,yfinance,股票型,美國,A0018 聯博投信,聯博(盧森堡
B030871,2026-05-06,71.41990661621094,美元,聯博-美國成長基金EP(總報酬月配)級別美元,yfinance,股票型,美國,A0018 聯博投信,聯博(盧森堡
B030871,2026-05-07,71.32328796386719,美元,聯博-美國成長基金EP(總報酬月配)級別美元,yfinance,股票型,美國,A0018 聯博投信,聯博(盧森堡
B030871,2026-05-08,71.52618408203125,美元,聯博-美國成長基金EP(總報酬月配)級別美元,yfinance,股票型,美國,A0018 聯博投信,聯博(盧森堡
B030871,2026-05-11,71.15904235839844,美元,聯博-美國成長基金EP(總報酬月配)級別美元,yfinance,股票型,美國,A0018 聯博投信,聯博(盧森堡
B030871,2026-05-12,71.01411437988281,美元,聯博-美國成長基金EP(總報酬月配)級別美元,yfinance,股票型,美國,A0018 聯博投信,聯博(盧森堡
B030871,2026-05-13,71.44888305664062,美元,聯博-美國成長基金EP(總報酬月配)級別美元,yfinance,股票型,美國,A0018 聯博投信,聯博(盧森堡
B030871,2026-05-15,71.51651763916016,美元,聯博-美國成長基金EP(總報酬月配)級別美元,yfinance,股票型,美國,A0018 聯博投信,聯博(盧森堡
B030871,2026-05-18,71.622802734375,美元,聯博-美國成長基金EP(總報酬月配)級別美元,yfinance,股票型,美國,A0018 聯博投信,聯博(盧森堡
B030871,2026-05-19,70.94647979736328,美元,聯博-美國成長基金EP(總報酬月配)級別美元,yfinance,股票型,美國,A0018 聯博投信,聯博(盧森堡
B030871,2026-05-20,71.85469055175781,美元,聯博-美國成長基金EP(總報酬月配)級別美元,yfinance,股票型,美國,A0018 聯博投信,聯博(盧森堡
B030871,2026-05-21,56.1542854309082,美元,聯博-美國成長基金EP(總報酬月配)級別美元,yfinance,股票型,美國,A0018 聯博投信,聯博(盧森堡
B030871,2026-05-22,71.7677230834961,美元,聯博-美國成長基金EP(總報酬月配)級別美元,yfinance,股票型,美國,A0018 聯博投信,聯博(盧森堡
B030871,2026-05-26,72.11555480957031,美元,聯博-美國成長基金EP(總報酬月配)級別美元,yfinance,股票型,美國,A0018 聯博投信,聯博(盧森堡
B030871,2026-05-27,72.3860855102539,美元,聯博-美國成長基金EP(總報酬月配)級別美元,yfinance,股票型,美國,A0018 聯博投信,聯博(盧森堡
B030871,2026-05-28,73.0334243774414,美元,聯博-美國成長基金EP(總報酬月配)級別美元,yfinance,股票型,美國,A0018 聯博投信,聯博(盧森堡
B030871,2026-05-29,73.08138275146484,美元,聯博-美國成長基金EP(總報酬月配)級別美元,yfinance,股票型,美國,A0018 聯博投信,聯博(盧森堡
B030871,2026-06-01,73.32561492919922,美元,聯博-美國成長基金EP(總報酬月配)級別美元,yfinance,股票型,美國,A0018 聯博投信,聯博(盧森堡
B030871,2026-06-02,72.79808807373047,美元,聯博-美國成長基金EP(總報酬月配)級別美元,yfinance,股票型,美國,A0018 聯博投信,聯博(盧森堡
B030871,2026-06-03,72.16311645507812,美元,聯博-美國成長基金EP(總報酬月配)級別美元,yfinance,股票型,美國,A0018 聯博投信,聯博(盧森堡
B030871,2026-06-04,72.48548126220703,美元,聯博-美國成長基金EP(總報酬月配)級別美元,yfinance,股票型,美國,A0018 聯博投信,聯博(盧森堡
B030871,2026-06-05,70.52193450927734,美元,聯博-美國成長基金EP(總報酬月配)級別美元,yfinance,股票型,美國,A0018 聯博投信,聯博(盧森堡
B030871,2026-06-08,70.77591705322266,美元,聯博-美國成長基金EP(總報酬月配)級別美元,yfinance,股票型,美國,A0018 聯博投信,聯博(盧森堡
B030871,2026-06-09,70.82476806640625,美元,聯博-美國成長基金EP(總報酬月配)級別美元,yfinance,股票型,美國,A0018 聯博投信,聯博(盧森堡
B030871,2026-06-10,69.43758392333984,美元,聯博-美國成長基金EP(總報酬月配)級別美元,yfinance,股票型,美國,A0018 聯博投信,聯博(盧森堡
B030871,2026-06-11,70.49262237548828,美元,聯博-美國成長基金EP(總報酬月配)級別美元,yfinance,股票型,美國,A0018 聯博投信,聯博(盧森堡
B030871,2026-06-12,70.47308349609375,美元,聯博-美國成長基金EP(總報酬月配)級別美元,yfinance,股票型,美國,A0018 聯博投信,聯博(盧森堡
B030871,2026-06-15,71.90911102294922,美元,聯博-美國成長基金EP(總報酬月配)級別美元,yfinance,股票型,美國,A0018 聯博投信,聯博(盧森堡
B030871,2026-06-16,71.27413177490234,美元,聯博-美國成長基金EP(總報酬月配)級別美元,yfinance,股票型,美國,A0018 聯博投信,聯博(盧森堡
B030871,2026-06-17,70.19955444335938,美元,聯博-美國成長基金EP(總報酬月配)級別美元,yfinance,股票型,美國,A0018 聯博投信,聯博(盧森堡
B030871,2026-06-18,71.362060546875,美元,聯博-美國成長基金EP(總報酬月配)級別美元,yfinance,股票型,美國,A0018 聯博投信,聯博(盧森堡
B030871,2026-06-22,70.30701446533203,美元,聯博-美國成長基金EP(總報酬月配)級別美元,yfinance,股票型,美國,A0018 聯博投信,聯博(盧森堡
B030871,2026-06-24,69.51573181152344,美元,聯博-美國成長基金EP(總報酬月配)級別美元,yfinance,股票型,美國,A0018 聯博投信,聯博(盧森堡
B030871,2026-06-25,69.10543823242188,美元,聯博-美國成長基金EP(總報酬月配)級別美元,yfinance,股票型,美國,A0018 聯博投信,聯博(盧森堡
B030871,2026-06-26,69.44734954833984,美元,聯博-美國成長基金EP(總報酬月配)級別美元,yfinance,股票型,美國,A0018 聯博投信,聯博(盧森堡
B030871,2026-06-29,70.49262237548828,美元,聯博-美國成長基金EP(總報酬月配)級別美元,yfinance,股票型,美國,A0018 聯博投信,聯博(盧森堡
B030871,2026-06-30,71.2427978515625,美元,聯博-美國成長基金EP(總報酬月配)級別美元,yfinance,股票型,美國,A0018 聯博投信,聯博(盧森堡
B030871,2026-07-01,71.26256561279297,美元,聯博-美國成長基金EP(總報酬月配)級別美元,yfinance,股票型,美國,A0018 聯博投信,聯博(盧森堡
B030871,2026-07-02,71.09456634521484,美元,聯博-美國成長基金EP(總報酬月配)級別美元,yfinance,股票型,美國,A0018 聯博投信,聯博(盧森堡
B030871,2026-07-06,71.6677474975586,美元,聯博-美國成長基金EP(總報酬月配)級別美元,yfinance,股票型,美國,A0018 聯博投信,聯博(盧森堡
B030871,2026-07-07,71.18350219726562,美元,聯博-美國成長基金EP(總報酬月配)級別美元,yfinance,股票型,美國,A0018 聯博投信,聯博(盧森堡
B030871,2026-07-08,71.14397430419922,美元,聯博-美國成長基金EP(總報酬月配)級別美元,yfinance,股票型,美國,A0018 聯博投信,聯博(盧森堡
B030871,2026-07-09,71.78633880615234,美元,聯博-美國成長基金EP(總報酬月配)級別美元,yfinance,股票型,美國,A0018 聯博投信,聯博(盧森堡
B030871,2026-07-10,72.1717529296875,美元,聯博-美國成長基金EP(總報酬月配)級別美元,yfinance,股票型,美國,A0018 聯博投信,聯博(盧森堡
B030871,2026-07-13,71.34162902832031,美元,聯博-美國成長基金EP(總報酬月配)級別美元,yfinance,股票型,美國,A0018 聯博投信,聯博(盧森堡
B030871,2026-07-14,71.60845184326172,美元,聯博-美國成長基金EP(總報酬月配)級別美元,yfinance,股票型,美國,A0018 聯博投信,聯博(盧森堡
B030871,2026-07-15,72.08281707763672,美元,聯博-美國成長基金EP(總報酬月配)級別美元,yfinance,股票型,美國,A0018 聯博投信,聯博(盧森堡
B030871,2026-07-16,71.4404525756836,美元,聯博-美國成長基金EP(總報酬月配)級別美元,yfinance,股票型,美國,A0018 聯博投信,聯博(盧森堡
B030871,2026-07-17,70.10631561279297,美元,聯博-美國成長基金EP(總報酬月配)級別美元,yfinance,股票型,美國,A0018 聯博投信,聯博(盧森堡
B030871,2026-07-20,70.07667541503906,美元,聯博-美國成長基金EP(總報酬月配)級別美元,yfinance,股票型,美國,A0018 聯博投信,聯博(盧森堡
B030871,2026-07-21,70.63008880615234,美元,聯博-美國成長基金EP(總報酬月配)級別美元,yfinance,股票型,美國,A0018 聯博投信,聯博(盧森堡
B030871,2026-07-22,70.33361053466797,美元,聯博-美國成長基金EP(總報酬月配)級別美元,yfinance,股票型,美國,A0018 聯博投信,聯博(盧森堡
B030871,2026-07-23,69.38489532470703,美元,聯博-美國成長基金EP(總報酬月配)級別美元,yfinance,股票型,美國,A0018 聯博投信,聯博(盧森堡
B030871,2026-07-24,69.14772033691406,美元,聯博-美國成長基金EP(總報酬月配)級別美元,yfinance,股票型,美國,A0018 聯博投信,聯博(盧森堡
B030871,2026-07-27,69.38489532470703,美元,聯博-美國成長基金EP(總報酬月配)級別美元,yfinance,股票型,美國,A0018 聯博投信,聯博(盧森堡
B030871,2026-07-28,69.6714859008789,美元,聯博-美國成長基金EP(總報酬月配)級別美元,yfinance,股票型,美國,A0018 聯博投信,聯博(盧森堡
B030871,2026-07-29,68.64370727539062,美元,聯博-美國成長基金EP(總報酬月配)級別美元,yfinance,股票型,美國,A0018 聯博投信,聯博(盧森堡
B030871,2026-07-30,69.72090148925781,美元,聯博-美國成長基金EP(總報酬月配)級別美元,yfinance,股票型,美國,A0018 聯博投信,聯博(盧森堡
B030871,2026-07-31,70.37000274658203,美元,聯博-美國成長基金EP(總報酬月配)級別美元,yfinance,股票型,美國,A0018 聯博投信,聯博(盧森堡
B030871,2026-08-03,71.58999633789062,美元,聯博-美國成長基金EP(總報酬月配)級別美元,yfinance,股票型,美國,A0018 聯博投信,聯博(盧森堡
B030871,2026-08-04,72.9000015258789,美元,聯博-美國成長基金EP(總報酬月配)級別美元,yfinance,股票型,美國,A0018 聯博投信,聯博(盧森堡
B030871,2026-08-05,72.87000274658203,美元,聯博-美國成長基金EP(總報酬月配)級別美元,yfinance,股票型,美國,A0018 聯博投信,聯博(盧森堡
B030871,2026-08-06,72.87999725341797,美元,聯博-美國成長基金EP(總報酬月配)級別美元,yfinance,股票型,美國,A0018 聯博投信,聯博(盧森堡
B030871,2026-08-07,73.30999755859375,美元,聯博-美國成長基金EP(總報酬月配)級別美元,yfinance,股票型,美國,A0018 聯博投信,聯博(盧森堡
B030871,2026-08-10,73.0199966430664,美元,聯博-美國成長基金EP(總報酬月配)級別美元,yfinance,股票型,美國,A0018 聯博投信,聯博(盧森堡
B030871,2026-08-11,72.7300033569336,美元,聯博-美國成長基金EP(總報酬月配)級別美元,yfinance,股票型,美國,A0018 聯博投信,聯博(盧森堡
B030871,2026-08-12,72.77999877929688,美元,聯博-美國成長基金EP(總報酬月配)級別美元,yfinance,股票型,美國,A0018 聯博投信,聯博(盧森堡
B030871,2026-08-13,73.30000305175781,美元,聯博-美國成長基金EP(總報酬月配)級別美元,yfinance,股票型,美國,A0018 聯博投信,聯博(盧森堡
B030871,2026-08-14,72.95999908447266,美元,聯博-美國成長基金EP(總報酬月配)級別美元,yfinance,股票型,美國,A0018 聯博投信,聯博(盧森堡
B030871,2026-08-17,72.55000305175781,美元,聯博-美國成長基金EP(總報酬月配)級別美元,yfinance,股票型,美國,A0018 聯博投信,聯博(盧森堡
B200288,2026-01-02,1232.1300048828125,美元,安聯美國多元投資風格股票基金-IT累積類股(美元),yfinance,股票型,美國,A0036 安聯投信,安聯AGIF
B200288,2026-01-05,1230.68994140625,美元,安聯美國多元投資風格股票基金-IT累積類股(美元),yfinance,股票型,美國,A0036 安聯投信,安聯AGIF
B200288,2026-01-06,1229.18994140625,美元,安聯美國多元投資風格股票基金-IT累積類股(美元),yfinance,股票型,美國,A0036 安聯投信,安聯AGIF
B200288,2026-01-07,1236.5799560546875,美元,安聯美國多元投資風格股票基金-IT累積類股(美元),yfinance,股票型,美國,A0036 安聯投信,安聯AGIF
B200288,2026-01-08,1234.3399658203125,美元,安聯美國多元投資風格股票基金-IT累積類股(美元),yfinance,股票型,美國,A0036 安聯投信,安聯AGIF
B200288,2026-01-09,1230.8900146484375,美元,安聯美國多元投資風格股票基金-IT累積類股(美元),yfinance,股票型,美國,A0036 安聯投信,安聯AGIF
B200288,2026-01-12,1237.260009765625,美元,安聯美國多元投資風格股票基金-IT累積類股(美元),yfinance,股票型,美國,A0036 安聯投信,安聯AGIF
B200288,2026-01-13,1237.8699951171875,美元,安聯美國多元投資風格股票基金-IT累積類股(美元),yfinance,股票型,美國,A0036 安聯投信,安聯AGIF
B200288,2026-01-14,1233.75,美元,安聯美國多元投資風格股票基金-IT累積類股(美元),yfinance,股票型,美國,A0036 安聯投信,安聯AGIF
B200288,2026-01-15,1232.93994140625,美元,安聯美國多元投資風格股票基金-IT累積類股(美元),yfinance,股票型,美國,A0036 安聯投信,安聯AGIF
B200288,2026-01-16,1229.6300048828125,美元,安聯美國多元投資風格股票基金-IT累積類股(美元),yfinance,股票型,美國,A0036 安聯投信,安聯AGIF
B200288,2026-01-20,1212.760009765625,美元,安聯美國多元投資風格股票基金-IT累積類股(美元),yfinance,股票型,美國,A0036 安聯投信,安聯AGIF
B200288,2026-01-21,1202.0899658203125,美元,安聯美國多元投資風格股票基金-IT累積類股(美元),yfinance,股票型,美國,A0036 安聯投信,安聯AGIF
B200288,2026-01-22,1222.449951171875,美元,安聯美國多元投資風格股票基金-IT累積類股(美元),yfinance,股票型,美國,A0036 安聯投信,安聯AGIF
B200288,2026-01-23,1219.1500244140625,美元,安聯美國多元投資風格股票基金-IT累積類股(美元),yfinance,股票型,美國,A0036 安聯投信,安聯AGIF
B200288,2026-01-26,1218.969970703125,美元,安聯美國多元投資風格股票基金-IT累積類股(美元),yfinance,股票型,美國,A0036 安聯投信,安聯AGIF
B200288,2026-01-27,1226.8699951171875,美元,安聯美國多元投資風格股票基金-IT累積類股(美元),yfinance,股票型,美國,A0036 安聯投信,安聯AGIF
B200288,2026-01-28,1233.800048828125,美元,安聯美國多元投資風格股票基金-IT累積類股(美元),yfinance,股票型,美國,A0036 安聯投信,安聯AGIF
B200288,2026-01-29,1233.31005859375,美元,安聯美國多元投資風格股票基金-IT累積類股(美元),yfinance,股票型,美國,A0036 安聯投信,安聯AGIF
B200288,2026-01-30,1219.6099853515625,美元,安聯美國多元投資風格股票基金-IT累積類股(美元),yfinance,股票型,美國,A0036 安聯投信,安聯AGIF
B200288,2026-02-02,1225.4200439453125,美元,安聯美國多元投資風格股票基金-IT累積類股(美元),yfinance,股票型,美國,A0036 安聯投信,安聯AGIF
B200288,2026-02-03,1233.9200439453125,美元,安聯美國多元投資風格股票基金-IT累積類股(美元),yfinance,股票型,美國,A0036 安聯投信,安聯AGIF
B200288,2026-02-04,1224.8499755859375,美元,安聯美國多元投資風格股票基金-IT累積類股(美元),yfinance,股票型,美國,A0036 安聯投信,安聯AGIF
B200288,2026-02-05,1214.68994140625,美元,安聯美國多元投資風格股票基金-IT累積類股(美元),yfinance,股票型,美國,A0036 安聯投信,安聯AGIF
B200288,2026-02-06,1210.550048828125,美元,安聯美國多元投資風格股票基金-IT累積類股(美元),yfinance,股票型,美國,A0036 安聯投信,安聯AGIF
B200288,2026-02-09,1226.5699462890625,美元,安聯美國多元投資風格股票基金-IT累積類股(美元),yfinance,股票型,美國,A0036 安聯投信,安聯AGIF
B200288,2026-02-10,1234.0699462890625,美元,安聯美國多元投資風格股票基金-IT累積類股(美元),yfinance,股票型,美國,A0036 安聯投信,安聯AGIF
B200288,2026-02-11,1228.75,美元,安聯美國多元投資風格股票基金-IT累積類股(美元),yfinance,股票型,美國,A0036 安聯投信,安聯AGIF
B200288,2026-02-12,1228.4200439453125,美元,安聯美國多元投資風格股票基金-IT累積類股(美元),yfinance,股票型,美國,A0036 安聯投信,安聯AGIF
B200288,2026-02-13,1208.27001953125,美元,安聯美國多元投資風格股票基金-IT累積類股(美元),yfinance,股票型,美國,A0036 安聯投信,安聯AGIF
B200288,2026-02-17,1208.219970703125,美元,安聯美國多元投資風格股票基金-IT累積類股(美元),yfinance,股票型,美國,A0036 安聯投信,安聯AGIF
B200288,2026-02-18,1211.1700439453125,美元,安聯美國多元投資風格股票基金-IT累積類股(美元),yfinance,股票型,美國,A0036 安聯投信,安聯AGIF
B200288,2026-02-19,1218.9100341796875,美元,安聯美國多元投資風格股票基金-IT累積類股(美元),yfinance,股票型,美國,A0036 安聯投信,安聯AGIF
B200288,2026-02-20,1215.2900390625,美元,安聯美國多元投資風格股票基金-IT累積類股(美元),yfinance,股票型,美國,A0036 安聯投信,安聯AGIF
B200288,2026-02-23,1224.6099853515625,美元,安聯美國多元投資風格股票基金-IT累積類股(美元),yfinance,股票型,美國,A0036 安聯投信,安聯AGIF
B200288,2026-02-24,1213.5799560546875,美元,安聯美國多元投資風格股票基金-IT累積類股(美元),yfinance,股票型,美國,A0036 安聯投信,安聯AGIF
B200288,2026-02-25,1222.010009765625,美元,安聯美國多元投資風格股票基金-IT累積類股(美元),yfinance,股票型,美國,A0036 安聯投信,安聯AGIF
B200288,2026-02-26,1232.02001953125,美元,安聯美國多元投資風格股票基金-IT累積類股(美元),yfinance,股票型,美國,A0036 安聯投信,安聯AGIF
B200288,2026-02-27,1225.0799560546875,美元,安聯美國多元投資風格股票基金-IT累積類股(美元),yfinance,股票型,美國,A0036 安聯投信,安聯AGIF
B200288,2026-03-02,1208.949951171875,美元,安聯美國多元投資風格股票基金-IT累積類股(美元),yfinance,股票型,美國,A0036 安聯投信,安聯AGIF
B200288,2026-03-03,1193.75,美元,安聯美國多元投資風格股票基金-IT累積類股(美元),yfinance,股票型,美國,A0036 安聯投信,安聯AGIF
B200288,2026-03-04,1204.1700439453125,美元,安聯美國多元投資風格股票基金-IT累積類股(美元),yfinance,股票型,美國,A0036 安聯投信,安聯AGIF
B200288,2026-03-05,1214.199951171875,美元,安聯美國多元投資風格股票基金-IT累積類股(美元),yfinance,股票型,美國,A0036 安聯投信,安聯AGIF
B200288,2026-03-06,1204.93994140625,美元,安聯美國多元投資風格股票基金-IT累積類股(美元),yfinance,股票型,美國,A0036 安聯投信,安聯AGIF
B200288,2026-03-09,1177.68994140625,美元,安聯美國多元投資風格股票基金-IT累積類股(美元),yfinance,股票型,美國,A0036 安聯投信,安聯AGIF
B200288,2026-03-10,1196.5899658203125,美元,安聯美國多元投資風格股票基金-IT累積類股(美元),yfinance,股票型,美國,A0036 安聯投信,安聯AGIF
B200288,2026-03-11,1197.0,美元,安聯美國多元投資風格股票基金-IT累積類股(美元),yfinance,股票型,美國,A0036 安聯投信,安聯AGIF
B200288,2026-03-12,1195.8199462890625,美元,安聯美國多元投資風格股票基金-IT累積類股(美元),yfinance,股票型,美國,A0036 安聯投信,安聯AGIF
B200288,2026-03-13,1177.699951171875,美元,安聯美國多元投資風格股票基金-IT累積類股(美元),yfinance,股票型,美國,A0036 安聯投信,安聯AGIF
B200288,2026-03-16,1177.6600341796875,美元,安聯美國多元投資風格股票基金-IT累積類股(美元),yfinance,股票型,美國,A0036 安聯投信,安聯AGIF
B200288,2026-03-17,1183.4200439453125,美元,安聯美國多元投資風格股票基金-IT累積類股(美元),yfinance,股票型,美國,A0036 安聯投信,安聯AGIF
B200288,2026-03-18,1201.3900146484375,美元,安聯美國多元投資風格股票基金-IT累積類股(美元),yfinance,股票型,美國,A0036 安聯投信,安聯AGIF
B200288,2026-03-19,1172.9100341796875,美元,安聯美國多元投資風格股票基金-IT累積類股(美元),yfinance,股票型,美國,A0036 安聯投信,安聯AGIF
B200288,2026-03-20,1170.8599853515625,美元,安聯美國多元投資風格股票基金-IT累積類股(美元),yfinance,股票型,美國,A0036 安聯投信,安聯AGIF
B200288,2026-03-23,1141.4200439453125,美元,安聯美國多元投資風格股票基金-IT累積類股(美元),yfinance,股票型,美國,A0036 安聯投信,安聯AGIF
B200288,2026-03-24,1168.3199462890625,美元,安聯美國多元投資風格股票基金-IT累積類股(美元),yfinance,股票型,美國,A0036 安聯投信,安聯AGIF
B200288,2026-03-25,1173.1700439453125,美元,安聯美國多元投資風格股票基金-IT累積類股(美元),yfinance,股票型,美國,A0036 安聯投信,安聯AGIF
B200288,2026-03-26,1162.68994140625,美元,安聯美國多元投資風格股票基金-IT累積類股(美元),yfinance,股票型,美國,A0036 安聯投信,安聯AGIF
B200288,2026-03-27,1150.4200439453125,美元,安聯美國多元投資風格股票基金-IT累積類股(美元),yfinance,股票型,美國,A0036 安聯投信,安聯AGIF
B200288,2026-03-30,1131.77001953125,美元,安聯美國多元投資風格股票基金-IT累積類股(美元),yfinance,股票型,美國,A0036 安聯投信,安聯AGIF
B200288,2026-03-31,1130.9100341796875,美元,安聯美國多元投資風格股票基金-IT累積類股(美元),yfinance,股票型,美國,A0036 安聯投信,安聯AGIF
B200288,2026-04-01,1164.27001953125,美元,安聯美國多元投資風格股票基金-IT累積類股(美元),yfinance,股票型,美國,A0036 安聯投信,安聯AGIF
B200288,2026-04-02,1157.97998046875,美元,安聯美國多元投資風格股票基金-IT累積類股(美元),yfinance,股票型,美國,A0036 安聯投信,安聯AGIF
B200288,2026-04-07,1174.8499755859375,美元,安聯美國多元投資風格股票基金-IT累積類股(美元),yfinance,股票型,美國,A0036 安聯投信,安聯AGIF
B200288,2026-04-08,1204.1600341796875,美元,安聯美國多元投資風格股票基金-IT累積類股(美元),yfinance,股票型,美國,A0036 安聯投信,安聯AGIF
B200288,2026-04-09,1203.72998046875,美元,安聯美國多元投資風格股票基金-IT累積類股(美元),yfinance,股票型,美國,A0036 安聯投信,安聯AGIF
B200288,2026-04-10,1217.8399658203125,美元,安聯美國多元投資風格股票基金-IT累積類股(美元),yfinance,股票型,美國,A0036 安聯投信,安聯AGIF
B200288,2026-04-13,1218.06005859375,美元,安聯美國多元投資風格股票基金-IT累積類股(美元),yfinance,股票型,美國,A0036 安聯投信,安聯AGIF
B200288,2026-04-14,1226.8499755859375,美元,安聯美國多元投資風格股票基金-IT累積類股(美元),yfinance,股票型,美國,A0036 安聯投信,安聯AGIF
B200288,2026-04-15,1242.0799560546875,美元,安聯美國多元投資風格股票基金-IT累積類股(美元),yfinance,股票型,美國,A0036 安聯投信,安聯AGIF
B200288,2026-04-16,1249.6099853515625,美元,安聯美國多元投資風格股票基金-IT累積類股(美元),yfinance,股票型,美國,A0036 安聯投信,安聯AGIF
B200288,2026-04-17,1251.300048828125,美元,安聯美國多元投資風格股票基金-IT累積類股(美元),yfinance,股票型,美國,A0036 安聯投信,安聯AGIF
B200288,2026-04-20,1268.22998046875,美元,安聯美國多元投資風格股票基金-IT累積類股(美元),yfinance,股票型,美國,A0036 安聯投信,安聯AGIF
B200288,2026-04-21,1265.280029296875,美元,安聯美國多元投資風格股票基金-IT累積類股(美元),yfinance,股票型,美國,A0036 安聯投信,安聯AGIF
B200288,2026-04-22,1257.4000244140625,美元,安聯美國多元投資風格股票基金-IT累積類股(美元),yfinance,股票型,美國,A0036 安聯投信,安聯AGIF
B200288,2026-04-23,1261.550048828125,美元,安聯美國多元投資風格股票基金-IT累積類股(美元),yfinance,股票型,美國,A0036 安聯投信,安聯AGIF
B200288,2026-04-24,1266.4300537109375,美元,安聯美國多元投資風格股票基金-IT累積類股(美元),yfinance,股票型,美國,A0036 安聯投信,安聯AGIF
B200288,2026-04-27,1273.530029296875,美元,安聯美國多元投資風格股票基金-IT累積類股(美元),yfinance,股票型,美國,A0036 安聯投信,安聯AGIF
B200288,2026-04-28,1275.9200439453125,美元,安聯美國多元投資風格股票基金-IT累積類股(美元),yfinance,股票型,美國,A0036 安聯投信,安聯AGIF
B200288,2026-04-29,1267.72998046875,美元,安聯美國多元投資風格股票基金-IT累積類股(美元),yfinance,股票型,美國,A0036 安聯投信,安聯AGIF
B200288,2026-04-30,1265.260009765625,美元,安聯美國多元投資風格股票基金-IT累積類股(美元),yfinance,股票型,美國,A0036 安聯投信,安聯AGIF
B200288,2026-05-04,1289.4200439453125,美元,安聯美國多元投資風格股票基金-IT累積類股(美元),yfinance,股票型,美國,A0036 安聯投信,安聯AGIF
B200288,2026-05-05,1286.199951171875,美元,安聯美國多元投資風格股票基金-IT累積類股(美元),yfinance,股票型,美國,A0036 安聯投信,安聯AGIF
B200288,2026-05-06,1300.68994140625,美元,安聯美國多元投資風格股票基金-IT累積類股(美元),yfinance,股票型,美國,A0036 安聯投信,安聯AGIF
B200288,2026-05-07,1309.22998046875,美元,安聯美國多元投資風格股票基金-IT累積類股(美元),yfinance,股票型,美國,A0036 安聯投信,安聯AGIF
B200288,2026-05-08,1300.8800048828125,美元,安聯美國多元投資風格股票基金-IT累積類股(美元),yfinance,股票型,美國,A0036 安聯投信,安聯AGIF
B200288,2026-05-11,1310.280029296875,美元,安聯美國多元投資風格股票基金-IT累積類股(美元),yfinance,股票型,美國,A0036 安聯投信,安聯AGIF
B200288,2026-05-12,1305.7099609375,美元,安聯美國多元投資風格股票基金-IT累積類股(美元),yfinance,股票型,美國,A0036 安聯投信,安聯AGIF
B200288,2026-05-13,1310.6600341796875,美元,安聯美國多元投資風格股票基金-IT累積類股(美元),yfinance,股票型,美國,A0036 安聯投信,安聯AGIF
B200288,2026-05-15,1315.030029296875,美元,安聯美國多元投資風格股票基金-IT累積類股(美元),yfinance,股票型,美國,A0036 安聯投信,安聯AGIF
B200288,2026-05-18,1312.030029296875,美元,安聯美國多元投資風格股票基金-IT累積類股(美元),yfinance,股票型,美國,A0036 安聯投信,安聯AGIF
B200288,2026-05-19,1306.3199462890625,美元,安聯美國多元投資風格股票基金-IT累積類股(美元),yfinance,股票型,美國,A0036 安聯投信,安聯AGIF
B200288,2026-05-20,1298.0,美元,安聯美國多元投資風格股票基金-IT累積類股(美元),yfinance,股票型,美國,A0036 安聯投信,安聯AGIF
B200288,2026-05-21,1312.5899658203125,美元,安聯美國多元投資風格股票基金-IT累積類股(美元),yfinance,股票型,美國,A0036 安聯投信,安聯AGIF
B200288,2026-05-22,1317.1199951171875,美元,安聯美國多元投資風格股票基金-IT累積類股(美元),yfinance,股票型,美國,A0036 安聯投信,安聯AGIF
B200288,2026-05-26,1332.969970703125,美元,安聯美國多元投資風格股票基金-IT累積類股(美元),yfinance,股票型,美國,A0036 安聯投信,安聯AGIF
B200288,2026-05-27,1331.739990234375,美元,安聯美國多元投資風格股票基金-IT累積類股(美元),yfinance,股票型,美國,A0036 安聯投信,安聯AGIF
B200288,2026-05-28,1330.1199951171875,美元,安聯美國多元投資風格股票基金-IT累積類股(美元),yfinance,股票型,美國,A0036 安聯投信,安聯AGIF
B200288,2026-05-29,1334.699951171875,美元,安聯美國多元投資風格股票基金-IT累積類股(美元),yfinance,股票型,美國,A0036 安聯投信,安聯AGIF
B200288,2026-06-01,1336.47998046875,美元,安聯美國多元投資風格股票基金-IT累積類股(美元),yfinance,股票型,美國,A0036 安聯投信,安聯AGIF
B200288,2026-06-02,1339.969970703125,美元,安聯美國多元投資風格股票基金-IT累積類股(美元),yfinance,股票型,美國,A0036 安聯投信,安聯AGIF
B200288,2026-06-03,1345.6099853515625,美元,安聯美國多元投資風格股票基金-IT累積類股(美元),yfinance,股票型,美國,A0036 安聯投信,安聯AGIF
B200288,2026-06-05,1332.8900146484375,美元,安聯美國多元投資風格股票基金-IT累積類股(美元),yfinance,股票型,美國,A0036 安聯投信,安聯AGIF
B200288,2026-06-08,1307.7900390625,美元,安聯美國多元投資風格股票基金-IT累積類股(美元),yfinance,股票型,美國,A0036 安聯投信,安聯AGIF
B200288,2026-06-09,1309.030029296875,美元,安聯美國多元投資風格股票基金-IT累積類股(美元),yfinance,股票型,美國,A0036 安聯投信,安聯AGIF
B200288,2026-06-10,1297.199951171875,美元,安聯美國多元投資風格股票基金-IT累積類股(美元),yfinance,股票型,美國,A0036 安聯投信,安聯AGIF
B200288,2026-06-11,1295.31005859375,美元,安聯美國多元投資風格股票基金-IT累積類股(美元),yfinance,股票型,美國,A0036 安聯投信,安聯AGIF
B200288,2026-06-12,1310.31005859375,美元,安聯美國多元投資風格股票基金-IT累積類股(美元),yfinance,股票型,美國,A0036 安聯投信,安聯AGIF
B200288,2026-06-15,1338.47998046875,美元,安聯美國多元投資風格股票基金-IT累積類股(美元),yfinance,股票型,美國,A0036 安聯投信,安聯AGIF
B200288,2026-06-16,1338.8199462890625,美元,安聯美國多元投資風格股票基金-IT累積類股(美元),yfinance,股票型,美國,A0036 安聯投信,安聯AGIF
B200288,2026-06-17,1331.9599609375,美元,安聯美國多元投資風格股票基金-IT累積類股(美元),yfinance,股票型,美國,A0036 安聯投信,安聯AGIF
B200288,2026-06-18,1326.739990234375,美元,安聯美國多元投資風格股票基金-IT累積類股(美元),yfinance,股票型,美國,A0036 安聯投信,安聯AGIF
B200288,2026-06-22,1329.4300537109375,美元,安聯美國多元投資風格股票基金-IT累積類股(美元),yfinance,股票型,美國,A0036 安聯投信,安聯AGIF
B200288,2026-06-24,1310.010009765625,美元,安聯美國多元投資風格股票基金-IT累積類股(美元),yfinance,股票型,美國,A0036 安聯投信,安聯AGIF
B200288,2026-06-25,1315.4100341796875,美元,安聯美國多元投資風格股票基金-IT累積類股(美元),yfinance,股票型,美國,A0036 安聯投信,安聯AGIF
B200288,2026-06-26,1312.260009765625,美元,安聯美國多元投資風格股票基金-IT累積類股(美元),yfinance,股票型,美國,A0036 安聯投信,安聯AGIF
B200288,2026-06-29,1315.9300537109375,美元,安聯美國多元投資風格股票基金-IT累積類股(美元),yfinance,股票型,美國,A0036 安聯投信,安聯AGIF
B200288,2026-06-30,1324.7900390625,美元,安聯美國多元投資風格股票基金-IT累積類股(美元),yfinance,股票型,美國,A0036 安聯投信,安聯AGIF
B200288,2026-07-01,1334.68994140625,美元,安聯美國多元投資風格股票基金-IT累積類股(美元),yfinance,股票型,美國,A0036 安聯投信,安聯AGIF
B200288,2026-07-02,1327.02001953125,美元,安聯美國多元投資風格股票基金-IT累積類股(美元),yfinance,股票型,美國,A0036 安聯投信,安聯AGIF
B200288,2026-07-06,1335.18994140625,美元,安聯美國多元投資風格股票基金-IT累積類股(美元),yfinance,股票型,美國,A0036 安聯投信,安聯AGIF
B200288,2026-07-07,1330.3599853515625,美元,安聯美國多元投資風格股票基金-IT累積類股(美元),yfinance,股票型,美國,A0036 安聯投信,安聯AGIF
B200288,2026-07-08,1325.31005859375,美元,安聯美國多元投資風格股票基金-IT累積類股(美元),yfinance,股票型,美國,A0036 安聯投信,安聯AGIF
B200288,2026-07-09,1323.550048828125,美元,安聯美國多元投資風格股票基金-IT累積類股(美元),yfinance,股票型,美國,A0036 安聯投信,安聯AGIF
B200288,2026-07-10,1334.6099853515625,美元,安聯美國多元投資風格股票基金-IT累積類股(美元),yfinance,股票型,美國,A0036 安聯投信,安聯AGIF
B200288,2026-07-13,1340.8599853515625,美元,安聯美國多元投資風格股票基金-IT累積類股(美元),yfinance,股票型,美國,A0036 安聯投信,安聯AGIF
B200288,2026-07-14,1331.239990234375,美元,安聯美國多元投資風格股票基金-IT累積類股(美元),yfinance,股票型,美國,A0036 安聯投信,安聯AGIF
B200288,2026-07-15,1336.1300048828125,美元,安聯美國多元投資風格股票基金-IT累積類股(美元),yfinance,股票型,美國,A0036 安聯投信,安聯AGIF
B200288,2026-07-16,1335.02001953125,美元,安聯美國多元投資風格股票基金-IT累積類股(美元),yfinance,股票型,美國,A0036 安聯投信,安聯AGIF
B200288,2026-07-17,1317.6099853515625,美元,安聯美國多元投資風格股票基金-IT累積類股(美元),yfinance,股票型,美國,A0036 安聯投信,安聯AGIF
B200288,2026-07-20,1322.9300537109375,美元,安聯美國多元投資風格股票基金-IT累積類股(美元),yfinance,股票型,美國,A0036 安聯投信,安聯AGIF
B200288,2026-07-21,1335.0400390625,美元,安聯美國多元投資風格股票基金-IT累積類股(美元),yfinance,股票型,美國,A0036 安聯投信,安聯AGIF
B200288,2026-07-22,1334.6300048828125,美元,安聯美國多元投資風格股票基金-IT累積類股(美元),yfinance,股票型,美國,A0036 安聯投信,安聯AGIF
B200288,2026-07-23,1333.7900390625,美元,安聯美國多元投資風格股票基金-IT累積類股(美元),yfinance,股票型,美國,A0036 安聯投信,安聯AGIF
B200288,2026-07-24,1317.280029296875,美元,安聯美國多元投資風格股票基金-IT累積類股(美元),yfinance,股票型,美國,A0036 安聯投信,安聯AGIF
B200288,2026-07-27,1328.8699951171875,美元,安聯美國多元投資風格股票基金-IT累積類股(美元),yfinance,股票型,美國,A0036 安聯投信,安聯AGIF
B200288,2026-07-28,1310.4100341796875,美元,安聯美國多元投資風格股票基金-IT累積類股(美元),yfinance,股票型,美國,A0036 安聯投信,安聯AGIF
B200288,2026-07-29,1317.949951171875,美元,安聯美國多元投資風格股票基金-IT累積類股(美元),yfinance,股票型,美國,A0036 安聯投信,安聯AGIF
B200288,2026-07-30,1300.22998046875,美元,安聯美國多元投資風格股票基金-IT累積類股(美元),yfinance,股票型,美國,A0036 安聯投信,安聯AGIF
B200288,2026-07-31,1332.68994140625,美元,安聯美國多元投資風格股票基金-IT累積類股(美元),yfinance,股票型,美國,A0036 安聯投信,安聯AGIF
B200288,2026-08-03,1332.3499755859375,美元,安聯美國多元投資風格股票基金-IT累積類股(美元),yfinance,股票型,美國,A0036 安聯投信,安聯AGIF
B200288,2026-08-04,1349.72998046875,美元,安聯美國多元投資風格股票基金-IT累積類股(美元),yfinance,股票型,美國,A0036 安聯投信,安聯AGIF
B200288,2026-08-05,1371.989990234375,美元,安聯美國多元投資風格股票基金-IT累積類股(美元),yfinance,股票型,美國,A0036 安聯投信,安聯AGIF
B200288,2026-08-06,1368.5400390625,美元,安聯美國多元投資風格股票基金-IT累積類股(美元),yfinance,股票型,美國,A0036 安聯投信,安聯AGIF
B200288,2026-08-07,1366.6800537109375,美元,安聯美國多元投資風格股票基金-IT累積類股(美元),yfinance,股票型,美國,A0036 安聯投信,安聯AGIF
B200288,2026-08-10,1374.6300048828125,美元,安聯美國多元投資風格股票基金-IT累積類股(美元),yfinance,股票型,美國,A0036 安聯投信,安聯AGIF
B200288,2026-08-11,1373.260009765625,美元,安聯美國多元投資風格股票基金-IT累積類股(美元),yfinance,股票型,美國,A0036 安聯投信,安聯AGIF
B200288,2026-08-12,1366.969970703125,美元,安聯美國多元投資風格股票基金-IT累積類股(美元),yfinance,股票型,美國,A0036 安聯投信,安聯AGIF
B200288,2026-08-13,1372.25,美元,安聯美國多元投資風格股票基金-IT累積類股(美元),yfinance,股票型,美國,A0036 安聯投信,安聯AGIF
B200288,2026-08-14,1380.3699951171875,美元,安聯美國多元投資風格股票基金-IT累積類股(美元),yfinance,股票型,美國,A0036 安聯投信,安聯AGIF
B200288,2026-08-17,1378.5699462890625,美元,安聯美國多元投資風格股票基金-IT累積類股(美元),yfinance,股票型,美國,A0036 安聯投信,安聯AGIF
B200288,2026-08-18,1374.31005859375,美元,安聯美國多元投資風格股票基金-IT累積類股(美元),yfinance,股票型,美國,A0036 安聯投信,安聯AGIF
B050174,2026-01-02,9.801151275634766,美元,安本基金-歐元非投資等級債券基金A月中穩定配息美元避險,yfinance,債券型,歐洲(含歐元區),A0027 宏利投信,安本
B050174,2026-01-05,9.815415382385254,美元,安本基金-歐元非投資等級債券基金A月中穩定配息美元避險,yfinance,債券型,歐洲(含歐元區),A0027 宏利投信,安本
B050174,2026-01-06,9.830358505249023,美元,安本基金-歐元非投資等級債券基金A月中穩定配息美元避險,yfinance,債券型,歐洲(含歐元區),A0027 宏利投信,安本
B050174,2026-01-07,9.848504066467285,美元,安本基金-歐元非投資等級債券基金A月中穩定配息美元避險,yfinance,債券型,歐洲(含歐元區),A0027 宏利投信,安本
B050174,2026-01-08,9.850252151489258,美元,安本基金-歐元非投資等級債券基金A月中穩定配息美元避險,yfinance,債券型,歐洲(含歐元區),A0027 宏利投信,安本
B050174,2026-01-09,9.854714393615723,美元,安本基金-歐元非投資等級債券基金A月中穩定配息美元避險,yfinance,債券型,歐洲(含歐元區),A0027 宏利投信,安本
B050174,2026-01-12,9.861701965332031,美元,安本基金-歐元非投資等級債券基金A月中穩定配息美元避險,yfinance,債券型,歐洲(含歐元區),A0027 宏利投信,安本
B050174,2026-01-13,9.865875244140625,美元,安本基金-歐元非投資等級債券基金A月中穩定配息美元避險,yfinance,債券型,歐洲(含歐元區),A0027 宏利投信,安本
B050174,2026-01-14,9.867426872253418,美元,安本基金-歐元非投資等級債券基金A月中穩定配息美元避險,yfinance,債券型,歐洲(含歐元區),A0027 宏利投信,安本
B050174,2026-01-15,9.86839771270752,美元,安本基金-歐元非投資等級債券基金A月中穩定配息美元避險,yfinance,債券型,歐洲(含歐元區),A0027 宏利投信,安本
B050174,2026-01-16,9.872960090637207,美元,安本基金-歐元非投資等級債券基金A月中穩定配息美元避險,yfinance,債券型,歐洲(含歐元區),A0027 宏利投信,安本
B050174,2026-01-20,9.88615608215332,美元,安本基金-歐元非投資等級債券基金A月中穩定配息美元避險,yfinance,債券型,歐洲(含歐元區),A0027 宏利投信,安本
B050174,2026-01-21,9.863642692565918,美元,安本基金-歐元非投資等級債券基金A月中穩定配息美元避險,yfinance,債券型,歐洲(含歐元區),A0027 宏利投信,安本
B050174,2026-01-22,9.887222290039062,美元,安本基金-歐元非投資等級債券基金A月中穩定配息美元避險,yfinance,債券型,歐洲(含歐元區),A0027 宏利投信,安本
B050174,2026-01-23,9.895567893981934,美元,安本基金-歐元非投資等級債券基金A月中穩定配息美元避險,yfinance,債券型,歐洲(含歐元區),A0027 宏利投信,安本
B050174,2026-01-26,9.904010772705078,美元,安本基金-歐元非投資等級債券基金A月中穩定配息美元避險,yfinance,債券型,歐洲(含歐元區),A0027 宏利投信,安本
B050174,2026-01-27,9.905950546264648,美元,安本基金-歐元非投資等級債券基金A月中穩定配息美元避險,yfinance,債券型,歐洲(含歐元區),A0027 宏利投信,安本
B050174,2026-01-28,9.917109489440918,美元,安本基金-歐元非投資等級債券基金A月中穩定配息美元避險,yfinance,債券型,歐洲(含歐元區),A0027 宏利投信,安本
B050174,2026-01-29,9.951849937438965,美元,安本基金-歐元非投資等級債券基金A月中穩定配息美元避險,yfinance,債券型,歐洲(含歐元區),A0027 宏利投信,安本
B050174,2026-01-30,9.9036226272583,美元,安本基金-歐元非投資等級債券基金A月中穩定配息美元避險,yfinance,債券型,歐洲(含歐元區),A0027 宏利投信,安本
B050174,2026-02-02,9.905698776245117,美元,安本基金-歐元非投資等級債券基金A月中穩定配息美元避險,yfinance,債券型,歐洲(含歐元區),A0027 宏利投信,安本
B050174,2026-02-03,9.925887107849121,美元,安本基金-歐元非投資等級債券基金A月中穩定配息美元避險,yfinance,債券型,歐洲(含歐元區),A0027 宏利投信,安本
B050174,2026-02-04,9.927641868591309,美元,安本基金-歐元非投資等級債券基金A月中穩定配息美元避險,yfinance,債券型,歐洲(含歐元區),A0027 宏利投信,安本
B050174,2026-02-05,9.927837371826172,美元,安本基金-歐元非投資等級債券基金A月中穩定配息美元避險,yfinance,債券型,歐洲(含歐元區),A0027 宏利投信,安本
B050174,2026-02-06,9.92237663269043,美元,安本基金-歐元非投資等級債券基金A月中穩定配息美元避險,yfinance,債券型,歐洲(含歐元區),A0027 宏利投信,安本
B050174,2026-02-09,9.928131103515625,美元,安本基金-歐元非投資等級債券基金A月中穩定配息美元避險,yfinance,債券型,歐洲(含歐元區),A0027 宏利投信,安本
B050174,2026-02-10,9.929105758666992,美元,安本基金-歐元非投資等級債券基金A月中穩定配息美元避險,yfinance,債券型,歐洲(含歐元區),A0027 宏利投信,安本
B050174,2026-02-11,9.929105758666992,美元,安本基金-歐元非投資等級債券基金A月中穩定配息美元避險,yfinance,債券型,歐洲(含歐元區),A0027 宏利投信,安本
B050174,2026-02-12,9.929105758666992,美元,安本基金-歐元非投資等級債券基金A月中穩定配息美元避險,yfinance,債券型,歐洲(含歐元區),A0027 宏利投信,安本
B050174,2026-02-13,9.917500495910645,美元,安本基金-歐元非投資等級債券基金A月中穩定配息美元避險,yfinance,債券型,歐洲(含歐元區),A0027 宏利投信,安本
B050174,2026-02-17,9.9251070022583,美元,安本基金-歐元非投資等級債券基金A月中穩定配息美元避險,yfinance,債券型,歐洲(含歐元區),A0027 宏利投信,安本
B050174,2026-02-18,9.928716659545898,美元,安本基金-歐元非投資等級債券基金A月中穩定配息美元避險,yfinance,債券型,歐洲(含歐元區),A0027 宏利投信,安本
B050174,2026-02-19,9.944610595703125,美元,安本基金-歐元非投資等級債券基金A月中穩定配息美元避險,yfinance,債券型,歐洲(含歐元區),A0027 宏利投信,安本
B050174,2026-02-20,9.947829246520996,美元,安本基金-歐元非投資等級債券基金A月中穩定配息美元避險,yfinance,債券型,歐洲(含歐元區),A0027 宏利投信,安本
B050174,2026-02-23,9.950366020202637,美元,安本基金-歐元非投資等級債券基金A月中穩定配息美元避險,yfinance,債券型,歐洲(含歐元區),A0027 宏利投信,安本
B050174,2026-02-24,9.945099830627441,美元,安本基金-歐元非投資等級債券基金A月中穩定配息美元避險,yfinance,債券型,歐洲(含歐元區),A0027 宏利投信,安本
B050174,2026-02-25,9.913403511047363,美元,安本基金-歐元非投資等級債券基金A月中穩定配息美元避險,yfinance,債券型,歐洲(含歐元區),A0027 宏利投信,安本
B050174,2026-02-26,9.952024459838867,美元,安本基金-歐元非投資等級債券基金A月中穩定配息美元避險,yfinance,債券型,歐洲(含歐元區),A0027 宏利投信,安本
B050174,2026-02-27,9.95134162902832,美元,安本基金-歐元非投資等級債券基金A月中穩定配息美元避險,yfinance,債券型,歐洲(含歐元區),A0027 宏利投信,安本
B050174,2026-03-02,9.908429145812988,美元,安本基金-歐元非投資等級債券基金A月中穩定配息美元避險,yfinance,債券型,歐洲(含歐元區),A0027 宏利投信,安本
B050174,2026-03-03,9.860597610473633,美元,安本基金-歐元非投資等級債券基金A月中穩定配息美元避險,yfinance,債券型,歐洲(含歐元區),A0027 宏利投信,安本
B050174,2026-03-04,9.886473655700684,美元,安本基金-歐元非投資等級債券基金A月中穩定配息美元避險,yfinance,債券型,歐洲(含歐元區),A0027 宏利投信,安本
B050174,2026-03-05,9.912740707397461,美元,安本基金-歐元非投資等級債券基金A月中穩定配息美元避險,yfinance,債券型,歐洲(含歐元區),A0027 宏利投信,安本
B050174,2026-03-06,9.851972579956055,美元,安本基金-歐元非投資等級債券基金A月中穩定配息美元避險,yfinance,債券型,歐洲(含歐元區),A0027 宏利投信,安本
B050174,2026-03-09,9.775128364562988,美元,安本基金-歐元非投資等級債券基金A月中穩定配息美元避險,yfinance,債券型,歐洲(含歐元區),A0027 宏利投信,安本
B050174,2026-03-10,9.83609390258789,美元,安本基金-歐元非投資等級債券基金A月中穩定配息美元避險,yfinance,債券型,歐洲(含歐元區),A0027 宏利投信,安本
B050174,2026-03-11,9.844033241271973,美元,安本基金-歐元非投資等級債券基金A月中穩定配息美元避險,yfinance,債券型,歐洲(含歐元區),A0027 宏利投信,安本
B050174,2026-03-12,9.779147148132324,美元,安本基金-歐元非投資等級債券基金A月中穩定配息美元避險,yfinance,債券型,歐洲(含歐元區),A0027 宏利投信,安本
B050174,2026-03-13,9.73337459564209,美元,安本基金-歐元非投資等級債券基金A月中穩定配息美元避險,yfinance,債券型,歐洲(含歐元區),A0027 宏利投信,安本
B050174,2026-03-16,9.752486228942871,美元,安本基金-歐元非投資等級債券基金A月中穩定配息美元避險,yfinance,債券型,歐洲(含歐元區),A0027 宏利投信,安本
B050174,2026-03-17,9.762581825256348,美元,安本基金-歐元非投資等級債券基金A月中穩定配息美元避險,yfinance,債券型,歐洲(含歐元區),A0027 宏利投信,安本
B050174,2026-03-18,9.816784858703613,美元,安本基金-歐元非投資等級債券基金A月中穩定配息美元避險,yfinance,債券型,歐洲(含歐元區),A0027 宏利投信,安本
B050174,2026-03-19,9.75611400604248,美元,安本基金-歐元非投資等級債券基金A月中穩定配息美元避險,yfinance,債券型,歐洲(含歐元區),A0027 宏利投信,安本
B050174,2026-03-20,9.747194290161133,美元,安本基金-歐元非投資等級債券基金A月中穩定配息美元避險,yfinance,債券型,歐洲(含歐元區),A0027 宏利投信,安本
B050174,2026-03-23,9.624675750732422,美元,安本基金-歐元非投資等級債券基金A月中穩定配息美元避險,yfinance,債券型,歐洲(含歐元區),A0027 宏利投信,安本
B050174,2026-03-24,9.705636024475098,美元,安本基金-歐元非投資等級債券基金A月中穩定配息美元避險,yfinance,債券型,歐洲(含歐元區),A0027 宏利投信,安本
B050174,2026-03-25,9.741705894470215,美元,安本基金-歐元非投資等級債券基金A月中穩定配息美元避險,yfinance,債券型,歐洲(含歐元區),A0027 宏利投信,安本
B050174,2026-03-26,9.730042457580566,美元,安本基金-歐元非投資等級債券基金A月中穩定配息美元避險,yfinance,債券型,歐洲(含歐元區),A0027 宏利投信,安本
B050174,2026-03-27,9.687503814697266,美元,安本基金-歐元非投資等級債券基金A月中穩定配息美元避險,yfinance,債券型,歐洲(含歐元區),A0027 宏利投信,安本
B050174,2026-03-30,9.660157203674316,美元,安本基金-歐元非投資等級債券基金A月中穩定配息美元避險,yfinance,債券型,歐洲(含歐元區),A0027 宏利投信,安本
B050174,2026-03-31,9.67397689819336,美元,安本基金-歐元非投資等級債券基金A月中穩定配息美元避險,yfinance,債券型,歐洲(含歐元區),A0027 宏利投信,安本
B050174,2026-04-01,9.741601943969727,美元,安本基金-歐元非投資等級債券基金A月中穩定配息美元避險,yfinance,債券型,歐洲(含歐元區),A0027 宏利投信,安本
B050174,2026-04-02,9.72475814819336,美元,安本基金-歐元非投資等級債券基金A月中穩定配息美元避險,yfinance,債券型,歐洲(含歐元區),A0027 宏利投信,安本
B050174,2026-04-07,9.752437591552734,美元,安本基金-歐元非投資等級債券基金A月中穩定配息美元避險,yfinance,債券型,歐洲(含歐元區),A0027 宏利投信,安本
B050174,2026-04-08,9.843164443969727,美元,安本基金-歐元非投資等級債券基金A月中穩定配息美元避險,yfinance,債券型,歐洲(含歐元區),A0027 宏利投信,安本
B050174,2026-04-09,9.847695350646973,美元,安本基金-歐元非投資等級債券基金A月中穩定配息美元避險,yfinance,債券型,歐洲(含歐元區),A0027 宏利投信,安本
B050174,2026-04-10,9.849567413330078,美元,安本基金-歐元非投資等級債券基金A月中穩定配息美元避險,yfinance,債券型,歐洲(含歐元區),A0027 宏利投信,安本
B050174,2026-04-13,9.840996742248535,美元,安本基金-歐元非投資等級債券基金A月中穩定配息美元避險,yfinance,債券型,歐洲(含歐元區),A0027 宏利投信,安本
B050174,2026-04-14,9.866806030273438,美元,安本基金-歐元非投資等級債券基金A月中穩定配息美元避險,yfinance,債券型,歐洲(含歐元區),A0027 宏利投信,安本
B050174,2026-04-15,9.886113166809082,美元,安本基金-歐元非投資等級債券基金A月中穩定配息美元避險,yfinance,債券型,歐洲(含歐元區),A0027 宏利投信,安本
B050174,2026-04-16,9.899510383605957,美元,安本基金-歐元非投資等級債券基金A月中穩定配息美元避險,yfinance,債券型,歐洲(含歐元區),A0027 宏利投信,安本
B050174,2026-04-17,9.909951210021973,美元,安本基金-歐元非投資等級債券基金A月中穩定配息美元避險,yfinance,債券型,歐洲(含歐元區),A0027 宏利投信,安本
B050174,2026-04-20,9.940292358398438,美元,安本基金-歐元非投資等級債券基金A月中穩定配息美元避險,yfinance,債券型,歐洲(含歐元區),A0027 宏利投信,安本
B050174,2026-04-21,9.986392974853516,美元,安本基金-歐元非投資等級債券基金A月中穩定配息美元避險,yfinance,債券型,歐洲(含歐元區),A0027 宏利投信,安本
B050174,2026-04-22,9.941276550292969,美元,安本基金-歐元非投資等級債券基金A月中穩定配息美元避險,yfinance,債券型,歐洲(含歐元區),A0027 宏利投信,安本
B050174,2026-04-23,9.928472518920898,美元,安本基金-歐元非投資等級債券基金A月中穩定配息美元避險,yfinance,債券型,歐洲(含歐元區),A0027 宏利投信,安本
B050174,2026-04-24,9.921674728393555,美元,安本基金-歐元非投資等級債券基金A月中穩定配息美元避險,yfinance,債券型,歐洲(含歐元區),A0027 宏利投信,安本
B050174,2026-04-27,9.935070991516113,美元,安本基金-歐元非投資等級債券基金A月中穩定配息美元避險,yfinance,債券型,歐洲(含歐元區),A0027 宏利投信,安本
B050174,2026-04-28,9.92078685760498,美元,安本基金-歐元非投資等級債券基金A月中穩定配息美元避險,yfinance,債券型,歐洲(含歐元區),A0027 宏利投信,安本
B050174,2026-04-29,9.917832374572754,美元,安本基金-歐元非投資等級債券基金A月中穩定配息美元避險,yfinance,債券型,歐洲(含歐元區),A0027 宏利投信,安本
B050174,2026-04-30,9.897835731506348,美元,安本基金-歐元非投資等級債券基金A月中穩定配息美元避險,yfinance,債券型,歐洲(含歐元區),A0027 宏利投信,安本
B050174,2026-05-04,9.87419319152832,美元,安本基金-歐元非投資等級債券基金A月中穩定配息美元避險,yfinance,債券型,歐洲(含歐元區),A0027 宏利投信,安本
B050174,2026-05-05,9.863850593566895,美元,安本基金-歐元非投資等級債券基金A月中穩定配息美元避險,yfinance,債券型,歐洲(含歐元區),A0027 宏利投信,安本
B050174,2026-05-06,9.895767211914062,美元,安本基金-歐元非投資等級債券基金A月中穩定配息美元避險,yfinance,債券型,歐洲(含歐元區),A0027 宏利投信,安本
B050174,2026-05-07,9.907588005065918,美元,安本基金-歐元非投資等級債券基金A月中穩定配息美元避險,yfinance,債券型,歐洲(含歐元區),A0027 宏利投信,安本
B050174,2026-05-08,9.909656524658203,美元,安本基金-歐元非投資等級債券基金A月中穩定配息美元避險,yfinance,債券型,歐洲(含歐元區),A0027 宏利投信,安本
B050174,2026-05-11,9.911035537719727,美元,安本基金-歐元非投資等級債券基金A月中穩定配息美元避險,yfinance,債券型,歐洲(含歐元區),A0027 宏利投信,安本
B050174,2026-05-12,9.895767211914062,美元,安本基金-歐元非投資等級債券基金A月中穩定配息美元避險,yfinance,債券型,歐洲(含歐元區),A0027 宏利投信,安本
B050174,2026-05-13,9.891630172729492,美元,安本基金-歐元非投資等級債券基金A月中穩定配息美元避險,yfinance,債券型,歐洲(含歐元區),A0027 宏利投信,安本
B050174,2026-05-15,9.927583694458008,美元,安本基金-歐元非投資等級債券基金A月中穩定配息美元避險,yfinance,債券型,歐洲(含歐元區),A0027 宏利投信,安本
B050174,2026-05-18,9.866509437561035,美元,安本基金-歐元非投資等級債券基金A月中穩定配息美元避險,yfinance,債券型,歐洲(含歐元區),A0027 宏利投信,安本
B050174,2026-05-19,9.870055198669434,美元,安本基金-歐元非投資等級債券基金A月中穩定配息美元避險,yfinance,債券型,歐洲(含歐元區),A0027 宏利投信,安本
B050174,2026-05-20,9.860501289367676,美元,安本基金-歐元非投資等級債券基金A月中穩定配息美元避險,yfinance,債券型,歐洲(含歐元區),A0027 宏利投信,安本
B050174,2026-05-21,9.879118919372559,美元,安本基金-歐元非投資等級債券基金A月中穩定配息美元避險,yfinance,債券型,歐洲(含歐元區),A0027 宏利投信,安本
B050174,2026-05-22,9.886113166809082,美元,安本基金-歐元非投資等級債券基金A月中穩定配息美元避險,yfinance,債券型,歐洲(含歐元區),A0027 宏利投信,安本
B050174,2026-05-26,9.909459114074707,美元,安本基金-歐元非投資等級債券基金A月中穩定配息美元避險,yfinance,債券型,歐洲(含歐元區),A0027 宏利投信,安本
B050174,2026-05-27,9.92206859588623,美元,安本基金-歐元非投資等級債券基金A月中穩定配息美元避險,yfinance,債券型,歐洲(含歐元區),A0027 宏利投信,安本
B050174,2026-05-28,9.928963661193848,美元,安本基金-歐元非投資等級債券基金A月中穩定配息美元避險,yfinance,債券型,歐洲(含歐元區),A0027 宏利投信,安本
B050174,2026-05-29,9.948468208312988,美元,安本基金-歐元非投資等級債券基金A月中穩定配息美元避險,yfinance,債券型,歐洲(含歐元區),A0027 宏利投信,安本
B050174,2026-06-01,9.95836353302002,美元,安本基金-歐元非投資等級債券基金A月中穩定配息美元避險,yfinance,債券型,歐洲(含歐元區),A0027 宏利投信,安本
B050174,2026-06-02,9.963809967041016,美元,安本基金-歐元非投資等級債券基金A月中穩定配息美元避險,yfinance,債券型,歐洲(含歐元區),A0027 宏利投信,安本
B050174,2026-06-03,9.964798927307129,美元,安本基金-歐元非投資等級債券基金A月中穩定配息美元避險,yfinance,債券型,歐洲(含歐元區),A0027 宏利投信,安本
B050174,2026-06-04,9.956681251525879,美元,安本基金-歐元非投資等級債券基金A月中穩定配息美元避險,yfinance,債券型,歐洲(含歐元區),A0027 宏利投信,安本
B050174,2026-06-05,9.9727201461792,美元,安本基金-歐元非投資等級債券基金A月中穩定配息美元避險,yfinance,債券型,歐洲(含歐元區),A0027 宏利投信,安本
B050174,2026-06-08,9.952919006347656,美元,安本基金-歐元非投資等級債券基金A月中穩定配息美元避險,yfinance,債券型,歐洲(含歐元區),A0027 宏利投信,安本
B050174,2026-06-09,9.964404106140137,美元,安本基金-歐元非投資等級債券基金A月中穩定配息美元避險,yfinance,債券型,歐洲(含歐元區),A0027 宏利投信,安本
B050174,2026-06-10,9.966383934020996,美元,安本基金-歐元非投資等級債券基金A月中穩定配息美元避險,yfinance,債券型,歐洲(含歐元區),A0027 宏利投信,安本
B050174,2026-06-11,9.964205741882324,美元,安本基金-歐元非投資等級債券基金A月中穩定配息美元避險,yfinance,債券型,歐洲(含歐元區),A0027 宏利投信,安本
B050174,2026-06-12,9.989153861999512,美元,安本基金-歐元非投資等級債券基金A月中穩定配息美元避險,yfinance,債券型,歐洲(含歐元區),A0027 宏利投信,安本
B050174,2026-06-15,10.017073631286621,美元,安本基金-歐元非投資等級債券基金A月中穩定配息美元避險,yfinance,債券型,歐洲(含歐元區),A0027 宏利投信,安本
B050174,2026-06-16,10.027863502502441,美元,安本基金-歐元非投資等級債券基金A月中穩定配息美元避險,yfinance,債券型,歐洲(含歐元區),A0027 宏利投信,安本
B050174,2026-06-17,10.024993896484375,美元,安本基金-歐元非投資等級債券基金A月中穩定配息美元避險,yfinance,債券型,歐洲(含歐元區),A0027 宏利投信,安本
B050174,2026-06-18,10.022319793701172,美元,安本基金-歐元非投資等級債券基金A月中穩定配息美元避險,yfinance,債券型,歐洲(含歐元區),A0027 宏利投信,安本
B050174,2026-06-22,10.033012390136719,美元,安本基金-歐元非投資等級債券基金A月中穩定配息美元避險,yfinance,債券型,歐洲(含歐元區),A0027 宏利投信,安本
B050174,2026-06-24,10.036676406860352,美元,安本基金-歐元非投資等級債券基金A月中穩定配息美元避險,yfinance,債券型,歐洲(含歐元區),A0027 宏利投信,安本
B050174,2026-06-25,10.047962188720703,美元,安本基金-歐元非投資等級債券基金A月中穩定配息美元避險,yfinance,債券型,歐洲(含歐元區),A0027 宏利投信,安本
B050174,2026-06-26,10.049744606018066,美元,安本基金-歐元非投資等級債券基金A月中穩定配息美元避險,yfinance,債券型,歐洲(含歐元區),A0027 宏利投信,安本
B050174,2026-06-29,10.05578327178955,美元,安本基金-歐元非投資等級債券基金A月中穩定配息美元避險,yfinance,債券型,歐洲(含歐元區),A0027 宏利投信,安本
B050174,2026-06-30,10.070533752441406,美元,安本基金-歐元非投資等級債券基金A月中穩定配息美元避險,yfinance,債券型,歐洲(含歐元區),A0027 宏利投信,安本
B050174,2026-07-01,10.070096015930176,美元,安本基金-歐元非投資等級債券基金A月中穩定配息美元避險,yfinance,債券型,歐洲(含歐元區),A0027 宏利投信,安本
B050174,2026-07-02,10.063231468200684,美元,安本基金-歐元非投資等級債券基金A月中穩定配息美元避險,yfinance,債券型,歐洲(含歐元區),A0027 宏利投信,安本
B050174,2026-07-06,10.083330154418945,美元,安本基金-歐元非投資等級債券基金A月中穩定配息美元避險,yfinance,債券型,歐洲(含歐元區),A0027 宏利投信,安本
B050174,2026-07-07,10.093080520629883,美元,安本基金-歐元非投資等級債券基金A月中穩定配息美元避險,yfinance,債券型,歐洲(含歐元區),A0027 宏利投信,安本
B050174,2026-07-08,10.06999683380127,美元,安本基金-歐元非投資等級債券基金A月中穩定配息美元避險,yfinance,債券型,歐洲(含歐元區),A0027 宏利投信,安本
B050174,2026-07-09,10.063430786132812,美元,安本基金-歐元非投資等級債券基金A月中穩定配息美元避險,yfinance,債券型,歐洲(含歐元區),A0027 宏利投信,安本
B050174,2026-07-10,10.084822654724121,美元,安本基金-歐元非投資等級債券基金A月中穩定配息美元避險,yfinance,債券型,歐洲(含歐元區),A0027 宏利投信,安本
B050174,2026-07-13,10.08581829071045,美元,安本基金-歐元非投資等級債券基金A月中穩定配息美元避險,yfinance,債券型,歐洲(含歐元區),A0027 宏利投信,安本
B050174,2026-07-14,10.076763153076172,美元,安本基金-歐元非投資等級債券基金A月中穩定配息美元避險,yfinance,債券型,歐洲(含歐元區),A0027 宏利投信,安本
B050174,2026-07-15,10.080543518066406,美元,安本基金-歐元非投資等級債券基金A月中穩定配息美元避險,yfinance,債券型,歐洲(含歐元區),A0027 宏利投信,安本
B050174,2026-07-16,10.08581829071045,美元,安本基金-歐元非投資等級債券基金A月中穩定配息美元避險,yfinance,債券型,歐洲(含歐元區),A0027 宏利投信,安本
B050174,2026-07-17,10.072882652282715,美元,安本基金-歐元非投資等級債券基金A月中穩定配息美元避險,yfinance,債券型,歐洲(含歐元區),A0027 宏利投信,安本
B050174,2026-07-20,10.06213665008545,美元,安本基金-歐元非投資等級債券基金A月中穩定配息美元避險,yfinance,債券型,歐洲(含歐元區),A0027 宏利投信,安本
B050174,2026-07-21,10.064623832702637,美元,安本基金-歐元非投資等級債券基金A月中穩定配息美元避險,yfinance,債券型,歐洲(含歐元區),A0027 宏利投信,安本
B050174,2026-07-22,10.060744285583496,美元,安本基金-歐元非投資等級債券基金A月中穩定配息美元避險,yfinance,債券型,歐洲(含歐元區),A0027 宏利投信,安本
B050174,2026-07-23,10.050793647766113,美元,安本基金-歐元非投資等級債券基金A月中穩定配息美元避險,yfinance,債券型,歐洲(含歐元區),A0027 宏利投信,安本
B050174,2026-07-24,10.037958145141602,美元,安本基金-歐元非投資等級債券基金A月中穩定配息美元避險,yfinance,債券型,歐洲(含歐元區),A0027 宏利投信,安本
B050174,2026-07-27,10.050594329833984,美元,安本基金-歐元非投資等級債券基金A月中穩定配息美元避險,yfinance,債券型,歐洲(含歐元區),A0027 宏利投信,安本
B050174,2026-07-28,10.041340827941895,美元,安本基金-歐元非投資等級債券基金A月中穩定配息美元避險,yfinance,債券型,歐洲(含歐元區),A0027 宏利投信,安本
B050174,2026-07-29,10.028605461120605,美元,安本基金-歐元非投資等級債券基金A月中穩定配息美元避險,yfinance,債券型,歐洲(含歐元區),A0027 宏利投信,安本
B050174,2026-07-30,10.015969276428223,美元,安本基金-歐元非投資等級債券基金A月中穩定配息美元避險,yfinance,債券型,歐洲(含歐元區),A0027 宏利投信,安本
B050174,2026-07-31,10.03835678100586,美元,安本基金-歐元非投資等級債券基金A月中穩定配息美元避險,yfinance,債券型,歐洲(含歐元區),A0027 宏利投信,安本
B050174,2026-08-03,10.050000190734863,美元,安本基金-歐元非投資等級債券基金A月中穩定配息美元避險,yfinance,債券型,歐洲(含歐元區),A0027 宏利投信,安本
B050174,2026-08-04,10.0556001663208,美元,安本基金-歐元非投資等級債券基金A月中穩定配息美元避險,yfinance,債券型,歐洲(含歐元區),A0027 宏利投信,安本
B050174,2026-08-05,10.072600364685059,美元,安本基金-歐元非投資等級債券基金A月中穩定配息美元避險,yfinance,債券型,歐洲(含歐元區),A0027 宏利投信,安本
B050174,2026-08-06,10.074600219726562,美元,安本基金-歐元非投資等級債券基金A月中穩定配息美元避險,yfinance,債券型,歐洲(含歐元區),A0027 宏利投信,安本
B050174,2026-08-07,10.07610034942627,美元,安本基金-歐元非投資等級債券基金A月中穩定配息美元避險,yfinance,債券型,歐洲(含歐元區),A0027 宏利投信,安本
B050174,2026-08-10,10.09060001373291,美元,安本基金-歐元非投資等級債券基金A月中穩定配息美元避險,yfinance,債券型,歐洲(含歐元區),A0027 宏利投信,安本
B050174,2026-08-11,10.083800315856934,美元,安本基金-歐元非投資等級債券基金A月中穩定配息美元避險,yfinance,債券型,歐洲(含歐元區),A0027 宏利投信,安本
B050174,2026-08-12,10.088299751281738,美元,安本基金-歐元非投資等級債券基金A月中穩定配息美元避險,yfinance,債券型,歐洲(含歐元區),A0027 宏利投信,安本
B050174,2026-08-13,10.089599609375,美元,安本基金-歐元非投資等級債券基金A月中穩定配息美元避險,yfinance,債券型,歐洲(含歐元區),A0027 宏利投信,安本
B050174,2026-08-14,10.09689998626709,美元,安本基金-歐元非投資等級債券基金A月中穩定配息美元避險,yfinance,債券型,歐洲(含歐元區),A0027 宏利投信,安本
B050174,2026-08-17,10.10099983215332,美元,安本基金-歐元非投資等級債券基金A月中穩定配息美元避險,yfinance,債券型,歐洲(含歐元區),A0027 宏利投信,安本
B050174,2026-08-18,10.084500312805176,美元,安本基金-歐元非投資等級債券基金A月中穩定配息美元避險,yfinance,債券型,歐洲(含歐元區),A0027 宏利投信,安本
B090520,2026-01-02,21.58670997619629,美元,貝萊德世界黃金基金 B10 美元(總報酬穩定配息),yfinance,未分類,全球市場,A0031 貝萊德投信,貝萊德
B090520,2026-01-05,22.3858642578125,美元,貝萊德世界黃金基金 B10 美元(總報酬穩定配息),yfinance,未分類,全球市場,A0031 貝萊德投信,貝萊德
B090520,2026-01-06,22.461977005004883,美元,貝萊德世界黃金基金 B10 美元(總報酬穩定配息),yfinance,未分類,全球市場,A0031 貝萊德投信,貝萊德
B090520,2026-01-07,22.186077117919922,美元,貝萊德世界黃金基金 B10 美元(總報酬穩定配息),yfinance,未分類,全球市場,A0031 貝萊德投信,貝萊德
B090520,2026-01-08,22.233644485473633,美元,貝萊德世界黃金基金 B10 美元(總報酬穩定配息),yfinance,未分類,全球市場,A0031 貝萊德投信,貝萊德
B090520,2026-01-09,22.966203689575195,美元,貝萊德世界黃金基金 B10 美元(總報酬穩定配息),yfinance,未分類,全球市場,A0031 貝萊德投信,貝萊德
B090520,2026-01-12,23.755847930908203,美元,貝萊德世界黃金基金 B10 美元(總報酬穩定配息),yfinance,未分類,全球市場,A0031 貝萊德投信,貝萊德
B090520,2026-01-13,24.26007652282715,美元,貝萊德世界黃金基金 B10 美元(總報酬穩定配息),yfinance,未分類,全球市場,A0031 貝萊德投信,貝萊德
B090520,2026-01-14,24.155424118041992,美元,貝萊德世界黃金基金 B10 美元(總報酬穩定配息),yfinance,未分類,全球市場,A0031 貝萊德投信,貝萊德
B090520,2026-01-15,24.041259765625,美元,貝萊德世界黃金基金 B10 美元(總報酬穩定配息),yfinance,未分類,全球市場,A0031 貝萊德投信,貝萊德
B090520,2026-01-16,23.83195686340332,美元,貝萊德世界黃金基金 B10 美元(總報酬穩定配息),yfinance,未分類,全球市場,A0031 貝萊德投信,貝萊德
B090520,2026-01-20,25.125823974609375,美元,貝萊德世界黃金基金 B10 美元(總報酬穩定配息),yfinance,未分類,全球市場,A0031 貝萊德投信,貝萊德
B090520,2026-01-21,25.56346321105957,美元,貝萊德世界黃金基金 B10 美元(總報酬穩定配息),yfinance,未分類,全球市場,A0031 貝萊德投信,貝萊德
B090520,2026-01-22,25.31610107421875,美元,貝萊德世界黃金基金 B10 美元(總報酬穩定配息),yfinance,未分類,全球市場,A0031 貝萊德投信,貝萊德
B090520,2026-01-23,26.257963180541992,美元,貝萊德世界黃金基金 B10 美元(總報酬穩定配息),yfinance,未分類,全球市場,A0031 貝萊德投信,貝萊德
B090520,2026-01-26,27.542320251464844,美元,貝萊德世界黃金基金 B10 美元(總報酬穩定配息),yfinance,未分類,全球市場,A0031 貝萊德投信,貝萊德
B090520,2026-01-27,26.2865047454834,美元,貝萊德世界黃金基金 B10 美元(總報酬穩定配息),yfinance,未分類,全球市場,A0031 貝萊德投信,貝萊德
B090520,2026-01-28,27.742107391357422,美元,貝萊德世界黃金基金 B10 美元(總報酬穩定配息),yfinance,未分類,全球市場,A0031 貝萊德投信,貝萊德
B090520,2026-01-29,27.742107391357422,美元,貝萊德世界黃金基金 B10 美元(總報酬穩定配息),yfinance,未分類,全球市場,A0031 貝萊德投信,貝萊德
B090520,2026-02-02,23.34677505493164,美元,貝萊德世界黃金基金 B10 美元(總報酬穩定配息),yfinance,未分類,全球市場,A0031 貝萊德投信,貝萊德
B090520,2026-02-03,24.36060333251953,美元,貝萊德世界黃金基金 B10 美元(總報酬穩定配息),yfinance,未分類,全球市場,A0031 貝萊德投信,貝萊德
B090520,2026-02-04,24.72405433654785,美元,貝萊德世界黃金基金 B10 美元(總報酬穩定配息),yfinance,未分類,全球市場,A0031 貝萊德投信,貝萊德
B090520,2026-02-05,23.6241455078125,美元,貝萊德世界黃金基金 B10 美元(總報酬穩定配息),yfinance,未分類,全球市場,A0031 貝萊德投信,貝萊德
B090520,2026-02-06,23.796302795410156,美元,貝萊德世界黃金基金 B10 美元(總報酬穩定配息),yfinance,未分類,全球市場,A0031 貝萊德投信,貝萊德
B090520,2026-02-09,24.657102584838867,美元,貝萊德世界黃金基金 B10 美元(總報酬穩定配息),yfinance,未分類,全球市場,A0031 貝萊德投信,貝萊德
B090520,2026-02-10,25.230966567993164,美元,貝萊德世界黃金基金 B10 美元(總報酬穩定配息),yfinance,未分類,全球市場,A0031 貝萊德投信,貝萊德
B090520,2026-02-11,25.852657318115234,美元,貝萊德世界黃金基金 B10 美元(總報酬穩定配息),yfinance,未分類,全球市場,A0031 貝萊德投信,貝萊德
B090520,2026-02-12,25.862220764160156,美元,貝萊德世界黃金基金 B10 美元(總報酬穩定配息),yfinance,未分類,全球市場,A0031 貝萊德投信,貝萊德
B090520,2026-02-13,25.230966567993164,美元,貝萊德世界黃金基金 B10 美元(總報酬穩定配息),yfinance,未分類,全球市場,A0031 貝萊德投信,貝萊德
B090520,2026-02-17,24.312782287597656,美元,貝萊德世界黃金基金 B10 美元(總報酬穩定配息),yfinance,未分類,全球市場,A0031 貝萊德投信,貝萊德
B090520,2026-02-18,25.38399887084961,美元,貝萊德世界黃金基金 B10 美元(總報酬穩定配息),yfinance,未分類,全球市場,A0031 貝萊德投信,貝萊德
B090520,2026-02-19,25.49877166748047,美元,貝萊德世界黃金基金 B10 美元(總報酬穩定配息),yfinance,未分類,全球市場,A0031 貝萊德投信,貝萊德
B090520,2026-02-20,25.91960906982422,美元,貝萊德世界黃金基金 B10 美元(總報酬穩定配息),yfinance,未分類,全球市場,A0031 貝萊德投信,貝萊德
B090520,2026-02-23,26.856922149658203,美元,貝萊德世界黃金基金 B10 美元(總報酬穩定配息),yfinance,未分類,全球市場,A0031 貝萊德投信,貝萊德
B090520,2026-02-24,26.54129409790039,美元,貝萊德世界黃金基金 B10 美元(總報酬穩定配息),yfinance,未分類,全球市場,A0031 貝萊德投信,貝萊德
B090520,2026-02-25,27.53599739074707,美元,貝萊德世界黃金基金 B10 美元(總報酬穩定配息),yfinance,未分類,全球市場,A0031 貝萊德投信,貝萊德
B090520,2026-02-26,27.239498138427734,美元,貝萊德世界黃金基金 B10 美元(總報酬穩定配息),yfinance,未分類,全球市場,A0031 貝萊德投信,貝萊德
B090520,2026-02-27,28.263185501098633,美元,貝萊德世界黃金基金 B10 美元(總報酬穩定配息),yfinance,未分類,全球市場,A0031 貝萊德投信,貝萊德
B090520,2026-03-02,28.4362850189209,美元,貝萊德世界黃金基金 B10 美元(總報酬穩定配息),yfinance,未分類,全球市場,A0031 貝萊德投信,貝萊德
B090520,2026-03-03,25.82056999206543,美元,貝萊德世界黃金基金 B10 美元(總報酬穩定配息),yfinance,未分類,全球市場,A0031 貝萊德投信,貝萊德
B090520,2026-03-04,26.48411750793457,美元,貝萊德世界黃金基金 B10 美元(總報酬穩定配息),yfinance,未分類,全球市場,A0031 貝萊德投信,貝萊德
B090520,2026-03-05,25.791717529296875,美元,貝萊德世界黃金基金 B10 美元(總報酬穩定配息),yfinance,未分類,全球市場,A0031 貝萊德投信,貝萊德
B090520,2026-03-06,24.878145217895508,美元,貝萊德世界黃金基金 B10 美元(總報酬穩定配息),yfinance,未分類,全球市場,A0031 貝萊德投信,貝萊德
B090520,2026-03-09,24.858909606933594,美元,貝萊德世界黃金基金 B10 美元(總報酬穩定配息),yfinance,未分類,全球市場,A0031 貝萊德投信,貝萊德
B090520,2026-03-10,26.118684768676758,美元,貝萊德世界黃金基金 B10 美元(總報酬穩定配息),yfinance,未分類,全球市場,A0031 貝萊德投信,貝萊德
B090520,2026-03-11,25.53207015991211,美元,貝萊德世界黃金基金 B10 美元(總報酬穩定配息),yfinance,未分類,全球市場,A0031 貝萊德投信,貝萊德
B090520,2026-03-12,25.012775421142578,美元,貝萊德世界黃金基金 B10 美元(總報酬穩定配息),yfinance,未分類,全球市場,A0031 貝萊德投信,貝萊德
B090520,2026-03-13,23.676069259643555,美元,貝萊德世界黃金基金 B10 美元(總報酬穩定配息),yfinance,未分類,全球市場,A0031 貝萊德投信,貝萊德
B090520,2026-03-16,23.666452407836914,美元,貝萊德世界黃金基金 B10 美元(總報酬穩定配息),yfinance,未分類,全球市場,A0031 貝萊德投信,貝萊德
B090520,2026-03-17,23.90686798095703,美元,貝萊德世界黃金基金 B10 美元(總報酬穩定配息),yfinance,未分類,全球市場,A0031 貝萊德投信,貝萊德
B090520,2026-03-18,22.589391708374023,美元,貝萊德世界黃金基金 B10 美元(總報酬穩定配息),yfinance,未分類,全球市場,A0031 貝萊德投信,貝萊德
B090520,2026-03-19,20.694923400878906,美元,貝萊德世界黃金基金 B10 美元(總報酬穩定配息),yfinance,未分類,全球市場,A0031 貝萊德投信,貝萊德
B090520,2026-03-20,20.271791458129883,美元,貝萊德世界黃金基金 B10 美元(總報酬穩定配息),yfinance,未分類,全球市場,A0031 貝萊德投信,貝萊德
B090520,2026-03-23,20.781471252441406,美元,貝萊德世界黃金基金 B10 美元(總報酬穩定配息),yfinance,未分類,全球市場,A0031 貝萊德投信,貝萊德
B090520,2026-03-24,20.637222290039062,美元,貝萊德世界黃金基金 B10 美元(總報酬穩定配息),yfinance,未分類,全球市場,A0031 貝萊德投信,貝萊德
B090520,2026-03-25,21.70466423034668,美元,貝萊德世界黃金基金 B10 美元(總報酬穩定配息),yfinance,未分類,全球市場,A0031 貝萊德投信,貝萊德
B090520,2026-03-26,21.35846710205078,美元,貝萊德世界黃金基金 B10 美元(總報酬穩定配息),yfinance,未分類,全球市場,A0031 貝萊德投信,貝萊德
B090520,2026-03-27,21.23345184326172,美元,貝萊德世界黃金基金 B10 美元(總報酬穩定配息),yfinance,未分類,全球市場,A0031 貝萊德投信,貝萊德
B090520,2026-03-30,21.473867416381836,美元,貝萊德世界黃金基金 B10 美元(總報酬穩定配息),yfinance,未分類,全球市場,A0031 貝萊德投信,貝萊德
B090520,2026-03-31,22.33038330078125,美元,貝萊德世界黃金基金 B10 美元(總報酬穩定配息),yfinance,未分類,全球市場,A0031 貝萊德投信,貝萊德
B090520,2026-04-01,23.521465301513672,美元,貝萊德世界黃金基金 B10 美元(總報酬穩定配息),yfinance,未分類,全球市場,A0031 貝萊德投信,貝萊德
B090520,2026-04-02,23.463361740112305,美元,貝萊德世界黃金基金 B10 美元(總報酬穩定配息),yfinance,未分類,全球市場,A0031 貝萊德投信,貝萊德
B090520,2026-04-07,23.376211166381836,美元,貝萊德世界黃金基金 B10 美元(總報酬穩定配息),yfinance,未分類,全球市場,A0031 貝萊德投信,貝萊德
B090520,2026-04-08,24.85780143737793,美元,貝萊德世界黃金基金 B10 美元(總報酬穩定配息),yfinance,未分類,全球市場,A0031 貝萊德投信,貝萊德
B090520,2026-04-09,24.81906509399414,美元,貝萊德世界黃金基金 B10 美元(總報酬穩定配息),yfinance,未分類,全球市場,A0031 貝萊德投信,貝萊德
B090520,2026-04-10,25.099889755249023,美元,貝萊德世界黃金基金 B10 美元(總報酬穩定配息),yfinance,未分類,全球市場,A0031 貝萊德投信,貝萊德
B090520,2026-04-13,24.9449520111084,美元,貝萊德世界黃金基金 B10 美元(總報酬穩定配息),yfinance,未分類,全球市場,A0031 貝萊德投信,貝萊德
B090520,2026-04-14,25.545337677001953,美元,貝萊德世界黃金基金 B10 美元(總報酬穩定配息),yfinance,未分類,全球市場,A0031 貝萊德投信,貝萊德
B090520,2026-04-15,25.34197998046875,美元,貝萊德世界黃金基金 B10 美元(總報酬穩定配息),yfinance,未分類,全球市場,A0031 貝萊德投信,貝萊德
B090520,2026-04-16,24.86748504638672,美元,貝萊德世界黃金基金 B10 美元(總報酬穩定配息),yfinance,未分類,全球市場,A0031 貝萊德投信,貝萊德
B090520,2026-04-17,25.45818519592285,美元,貝萊德世界黃金基金 B10 美元(總報酬穩定配息),yfinance,未分類,全球市場,A0031 貝萊德投信,貝萊德
B090520,2026-04-20,25.23546028137207,美元,貝萊德世界黃金基金 B10 美元(總報酬穩定配息),yfinance,未分類,全球市場,A0031 貝萊德投信,貝萊德
B090520,2026-04-21,24.85780143737793,美元,貝萊德世界黃金基金 B10 美元(總報酬穩定配息),yfinance,未分類,全球市場,A0031 貝萊德投信,貝萊德
B090520,2026-04-22,24.22836685180664,美元,貝萊德世界黃金基金 B10 美元(總報酬穩定配息),yfinance,未分類,全球市場,A0031 貝萊德投信,貝萊德
B090520,2026-04-23,23.666719436645508,美元,貝萊德世界黃金基金 B10 美元(總報酬穩定配息),yfinance,未分類,全球市場,A0031 貝萊德投信,貝萊德
B090520,2026-04-24,23.62798309326172,美元,貝萊德世界黃金基金 B10 美元(總報酬穩定配息),yfinance,未分類,全球市場,A0031 貝萊德投信,貝萊德
B090520,2026-04-27,23.657033920288086,美元,貝萊德世界黃金基金 B10 美元(總報酬穩定配息),yfinance,未分類,全球市場,A0031 貝萊德投信,貝萊德
B090520,2026-04-28,22.737092971801758,美元,貝萊德世界黃金基金 B10 美元(總報酬穩定配息),yfinance,未分類,全球市場,A0031 貝萊德投信,貝萊德
B090520,2026-04-29,22.127025604248047,美元,貝萊德世界黃金基金 B10 美元(總報酬穩定配息),yfinance,未分類,全球市場,A0031 貝萊德投信,貝萊德
B090520,2026-04-30,22.286985397338867,美元,貝萊德世界黃金基金 B10 美元(總報酬穩定配息),yfinance,未分類,全球市場,A0031 貝萊德投信,貝萊德
B090520,2026-05-04,22.03339195251465,美元,貝萊德世界黃金基金 B10 美元(總報酬穩定配息),yfinance,未分類,全球市場,A0031 貝萊德投信,貝萊德
B090520,2026-05-05,22.023637771606445,美元,貝萊德世界黃金基金 B10 美元(總報酬穩定配息),yfinance,未分類,全球市場,A0031 貝萊德投信,貝萊德
B090520,2026-05-06,23.29160499572754,美元,貝萊德世界黃金基金 B10 美元(總報酬穩定配息),yfinance,未分類,全球市場,A0031 貝萊德投信,貝萊德
B090520,2026-05-07,23.915836334228516,美元,貝萊德世界黃金基金 B10 美元(總報酬穩定配息),yfinance,未分類,全球市場,A0031 貝萊德投信,貝萊德
B090520,2026-05-08,23.945096969604492,美元,貝萊德世界黃金基金 B10 美元(總報酬穩定配息),yfinance,未分類,全球市場,A0031 貝萊德投信,貝萊德
B090520,2026-05-11,24.686372756958008,美元,貝萊德世界黃金基金 B10 美元(總報酬穩定配息),yfinance,未分類,全球市場,A0031 貝萊德投信,貝萊德
B090520,2026-05-12,24.296228408813477,美元,貝萊德世界黃金基金 B10 美元(總報酬穩定配息),yfinance,未分類,全球市場,A0031 貝萊德投信,貝萊德
B090520,2026-05-13,24.19869041442871,美元,貝萊德世界黃金基金 B10 美元(總報酬穩定配息),yfinance,未分類,全球市場,A0031 貝萊德投信,貝萊德
B090520,2026-05-15,22.413780212402344,美元,貝萊德世界黃金基金 B10 美元(總報酬穩定配息),yfinance,未分類,全球市場,A0031 貝萊德投信,貝萊德
B090520,2026-05-18,22.443042755126953,美元,貝萊德世界黃金基金 B10 美元(總報酬穩定配息),yfinance,未分類,全球市場,A0031 貝萊德投信,貝萊德
B090520,2026-05-19,21.555465698242188,美元,貝萊德世界黃金基金 B10 美元(總報酬穩定配息),yfinance,未分類,全球市場,A0031 貝萊德投信,貝萊德
B090520,2026-05-20,21.360393524169922,美元,貝萊德世界黃金基金 B10 美元(總報酬穩定配息),yfinance,未分類,全球市場,A0031 貝萊德投信,貝萊德
B090520,2026-05-21,21.5847225189209,美元,貝萊德世界黃金基金 B10 美元(總報酬穩定配息),yfinance,未分類,全球市場,A0031 貝萊德投信,貝萊德
B090520,2026-05-22,21.379899978637695,美元,貝萊德世界黃金基金 B10 美元(總報酬穩定配息),yfinance,未分類,全球市場,A0031 貝萊德投信,貝萊德
B090520,2026-05-26,22.140682220458984,美元,貝萊德世界黃金基金 B10 美元(總報酬穩定配息),yfinance,未分類,全球市場,A0031 貝萊德投信,貝萊德
B090520,2026-05-27,21.896841049194336,美元,貝萊德世界黃金基金 B10 美元(總報酬穩定配息),yfinance,未分類,全球市場,A0031 貝萊德投信,貝萊德
B090520,2026-05-28,21.175071716308594,美元,貝萊德世界黃金基金 B10 美元(總報酬穩定配息),yfinance,未分類,全球市場,A0031 貝萊德投信,貝萊德
B090520,2026-05-29,21.94557762145996,美元,貝萊德世界黃金基金 B10 美元(總報酬穩定配息),yfinance,未分類,全球市場,A0031 貝萊德投信,貝萊德
B090520,2026-06-01,21.601600646972656,美元,貝萊德世界黃金基金 B10 美元(總報酬穩定配息),yfinance,未分類,全球市場,A0031 貝萊德投信,貝萊德
B090520,2026-06-02,21.906265258789062,美元,貝萊德世界黃金基金 B10 美元(總報酬穩定配息),yfinance,未分類,全球市場,A0031 貝萊德投信,貝萊德
B090520,2026-06-03,21.690052032470703,美元,貝萊德世界黃金基金 B10 美元(總報酬穩定配息),yfinance,未分類,全球市場,A0031 貝萊德投信,貝萊德
B090520,2026-06-04,22.05368423461914,美元,貝萊德世界黃金基金 B10 美元(總報酬穩定配息),yfinance,未分類,全球市場,A0031 貝萊德投信,貝萊德
B090520,2026-06-05,20.785890579223633,美元,貝萊德世界黃金基金 B10 美元(總報酬穩定配息),yfinance,未分類,全球市場,A0031 貝萊德投信,貝萊德
B090520,2026-06-08,20.166738510131836,美元,貝萊德世界黃金基金 B10 美元(總報酬穩定配息),yfinance,未分類,全球市場,A0031 貝萊德投信,貝萊德
B090520,2026-06-09,20.2257022857666,美元,貝萊德世界黃金基金 B10 美元(總報酬穩定配息),yfinance,未分類,全球市場,A0031 貝萊德投信,貝萊德
B090520,2026-06-10,19.390335083007812,美元,貝萊德世界黃金基金 B10 美元(總報酬穩定配息),yfinance,未分類,全球市場,A0031 貝萊德投信,貝萊德
B090520,2026-06-11,18.928428649902344,美元,貝萊德世界黃金基金 B10 美元(總報酬穩定配息),yfinance,未分類,全球市場,A0031 貝萊德投信,貝萊德
B090520,2026-06-12,19.989835739135742,美元,貝萊德世界黃金基金 B10 美元(總報酬穩定配息),yfinance,未分類,全球市場,A0031 貝萊德投信,貝萊德
B090520,2026-06-15,21.896438598632812,美元,貝萊德世界黃金基金 B10 美元(總報酬穩定配息),yfinance,未分類,全球市場,A0031 貝萊德投信,貝萊德
B090520,2026-06-16,22.161787033081055,美元,貝萊德世界黃金基金 B10 美元(總報酬穩定配息),yfinance,未分類,全球市場,A0031 貝萊德投信,貝萊德
B090520,2026-06-17,22.45662498474121,美元,貝萊德世界黃金基金 B10 美元(總報酬穩定配息),yfinance,未分類,全球市場,A0031 貝萊德投信,貝萊德
B090520,2026-06-18,21.66057014465332,美元,貝萊德世界黃金基金 B10 美元(總報酬穩定配息),yfinance,未分類,全球市場,A0031 貝萊德投信,貝萊德
B090520,2026-06-22,20.687612533569336,美元,貝萊德世界黃金基金 B10 美元(總報酬穩定配息),yfinance,未分類,全球市場,A0031 貝萊德投信,貝萊德
B090520,2026-06-24,19.429649353027344,美元,貝萊德世界黃金基金 B10 美元(總報酬穩定配息),yfinance,未分類,全球市場,A0031 貝萊德投信,貝萊德
B090520,2026-06-25,18.957914352416992,美元,貝萊德世界黃金基金 B10 美元(總報酬穩定配息),yfinance,未分類,全球市場,A0031 貝萊德投信,貝萊德
B090520,2026-06-26,19.63603401184082,美元,貝萊德世界黃金基金 B10 美元(總報酬穩定配息),yfinance,未分類,全球市場,A0031 貝萊德投信,貝萊德
B090520,2026-06-29,19.17412567138672,美元,貝萊德世界黃金基金 B10 美元(總報酬穩定配息),yfinance,未分類,全球市場,A0031 貝萊德投信,貝萊德
B090520,2026-06-30,18.99968719482422,美元,貝萊德世界黃金基金 B10 美元(總報酬穩定配息),yfinance,未分類,全球市場,A0031 貝萊德投信,貝萊德
B090520,2026-07-01,19.30693244934082,美元,貝萊德世界黃金基金 B10 美元(總報酬穩定配息),yfinance,未分類,全球市場,A0031 貝萊德投信,貝萊德
B090520,2026-07-02,20.020538330078125,美元,貝萊德世界黃金基金 B10 美元(總報酬穩定配息),yfinance,未分類,全球市場,A0031 貝萊德投信,貝萊德
B090520,2026-07-06,20.179115295410156,美元,貝萊德世界黃金基金 B10 美元(總報酬穩定配息),yfinance,未分類,全球市場,A0031 貝萊德投信,貝萊德
B090520,2026-07-07,19.743024826049805,美元,貝萊德世界黃金基金 B10 美元(總報酬穩定配息),yfinance,未分類,全球市場,A0031 貝萊德投信,貝萊德
B090520,2026-07-08,18.9798641204834,美元,貝萊德世界黃金基金 B10 美元(總報酬穩定配息),yfinance,未分類,全球市場,A0031 貝萊德投信,貝萊德
B090520,2026-07-09,19.168176651000977,美元,貝萊德世界黃金基金 B10 美元(總報酬穩定配息),yfinance,未分類,全球市場,A0031 貝萊德投信,貝萊德
B090520,2026-07-10,19.187999725341797,美元,貝萊德世界黃金基金 B10 美元(總報酬穩定配息),yfinance,未分類,全球市場,A0031 貝萊德投信,貝萊德
B090520,2026-07-13,18.76181983947754,美元,貝萊德世界黃金基金 B10 美元(總報酬穩定配息),yfinance,未分類,全球市場,A0031 貝萊德投信,貝萊德
B090520,2026-07-14,19.227643966674805,美元,貝萊德世界黃金基金 B10 美元(總報酬穩定配息),yfinance,未分類,全球市場,A0031 貝萊德投信,貝萊德
B090520,2026-07-15,18.920398712158203,美元,貝萊德世界黃金基金 B10 美元(總報酬穩定配息),yfinance,未分類,全球市場,A0031 貝萊德投信,貝萊德
B090520,2026-07-16,18.26626205444336,美元,貝萊德世界黃金基金 B10 美元(總報酬穩定配息),yfinance,未分類,全球市場,A0031 貝萊德投信,貝萊德
B090520,2026-07-17,17.949106216430664,美元,貝萊德世界黃金基金 B10 美元(總報酬穩定配息),yfinance,未分類,全球市場,A0031 貝萊德投信,貝萊德
B090520,2026-07-20,18.018484115600586,美元,貝萊德世界黃金基金 B10 美元(總報酬穩定配息),yfinance,未分類,全球市場,A0031 貝萊德投信,貝萊德
B090520,2026-07-21,18.434751510620117,美元,貝萊德世界黃金基金 B10 美元(總報酬穩定配息),yfinance,未分類,全球市場,A0031 貝萊德投信,貝萊德
B090520,2026-07-22,19.60426902770996,美元,貝萊德世界黃金基金 B10 美元(總報酬穩定配息),yfinance,未分類,全球市場,A0031 貝萊德投信,貝萊德
B090520,2026-07-23,18.9798641204834,美元,貝萊德世界黃金基金 B10 美元(總報酬穩定配息),yfinance,未分類,全球市場,A0031 貝萊德投信,貝萊德
B090520,2026-07-24,19.098800659179688,美元,貝萊德世界黃金基金 B10 美元(總報酬穩定配息),yfinance,未分類,全球市場,A0031 貝萊德投信,貝萊德
B090520,2026-07-27,19.267290115356445,美元,貝萊德世界黃金基金 B10 美元(總報酬穩定配息),yfinance,未分類,全球市場,A0031 貝萊德投信,貝萊德
B090520,2026-07-28,18.76181983947754,美元,貝萊德世界黃金基金 B10 美元(總報酬穩定配息),yfinance,未分類,全球市場,A0031 貝萊德投信,貝萊德
B090520,2026-07-29,18.6131534576416,美元,貝萊德世界黃金基金 B10 美元(總報酬穩定配息),yfinance,未分類,全球市場,A0031 貝萊德投信,貝萊德
B090520,2026-07-30,19.187999725341797,美元,貝萊德世界黃金基金 B10 美元(總報酬穩定配息),yfinance,未分類,全球市場,A0031 貝萊德投信,貝萊德
B090520,2026-07-31,18.700000762939453,美元,貝萊德世界黃金基金 B10 美元(總報酬穩定配息),yfinance,未分類,全球市場,A0031 貝萊德投信,貝萊德
B090520,2026-08-03,18.90999984741211,美元,貝萊德世界黃金基金 B10 美元(總報酬穩定配息),yfinance,未分類,全球市場,A0031 貝萊德投信,貝萊德
B090520,2026-08-04,19.760000228881836,美元,貝萊德世界黃金基金 B10 美元(總報酬穩定配息),yfinance,未分類,全球市場,A0031 貝萊德投信,貝萊德
B090520,2026-08-05,20.889999389648438,美元,貝萊德世界黃金基金 B10 美元(總報酬穩定配息),yfinance,未分類,全球市場,A0031 貝萊德投信,貝萊德
B090520,2026-08-06,21.170000076293945,美元,貝萊德世界黃金基金 B10 美元(總報酬穩定配息),yfinance,未分類,全球市場,A0031 貝萊德投信,貝萊德
B090520,2026-08-07,22.670000076293945,美元,貝萊德世界黃金基金 B10 美元(總報酬穩定配息),yfinance,未分類,全球市場,A0031 貝萊德投信,貝萊德
B090520,2026-08-10,22.079999923706055,美元,貝萊德世界黃金基金 B10 美元(總報酬穩定配息),yfinance,未分類,全球市場,A0031 貝萊德投信,貝萊德
B090520,2026-08-11,22.600000381469727,美元,貝萊德世界黃金基金 B10 美元(總報酬穩定配息),yfinance,未分類,全球市場,A0031 貝萊德投信,貝萊德
B090520,2026-08-12,23.030000686645508,美元,貝萊德世界黃金基金 B10 美元(總報酬穩定配息),yfinance,未分類,全球市場,A0031 貝萊德投信,貝萊德
B090520,2026-08-13,22.350000381469727,美元,貝萊德世界黃金基金 B10 美元(總報酬穩定配息),yfinance,未分類,全球市場,A0031 貝萊德投信,貝萊德
B090520,2026-08-14,22.65999984741211,美元,貝萊德世界黃金基金 B10 美元(總報酬穩定配息),yfinance,未分類,全球市場,A0031 貝萊德投信,貝萊德
B090520,2026-08-17,23.049999237060547,美元,貝萊德世界黃金基金 B10 美元(總報酬穩定配息),yfinance,未分類,全球市場,A0031 貝萊德投信,貝萊德
B090520,2026-08-18,22.739999771118164,美元,貝萊德世界黃金基金 B10 美元(總報酬穩定配息),yfinance,未分類,全球市場,A0031 貝萊德投信,貝萊德
B150431,2026-01-02,10.40999984741211,美元,富蘭克林坦伯頓全球投資系列－歐洲債券總報酬基金美元避險I(acc)股-H1,yfinance,債券型,歐洲(含歐元區),A0045 富蘭克林華美投信,富蘭克林
B150431,2026-01-05,10.420000076293945,美元,富蘭克林坦伯頓全球投資系列－歐洲債券總報酬基金美元避險I(acc)股-H1,yfinance,債券型,歐洲(含歐元區),A0045 富蘭克林華美投信,富蘭克林
B150431,2026-01-06,10.430000305175781,美元,富蘭克林坦伯頓全球投資系列－歐洲債券總報酬基金美元避險I(acc)股-H1,yfinance,債券型,歐洲(含歐元區),A0045 富蘭克林華美投信,富蘭克林
B150431,2026-01-07,10.449999809265137,美元,富蘭克林坦伯頓全球投資系列－歐洲債券總報酬基金美元避險I(acc)股-H1,yfinance,債券型,歐洲(含歐元區),A0045 富蘭克林華美投信,富蘭克林
B150431,2026-01-08,10.4399995803833,美元,富蘭克林坦伯頓全球投資系列－歐洲債券總報酬基金美元避險I(acc)股-H1,yfinance,債券型,歐洲(含歐元區),A0045 富蘭克林華美投信,富蘭克林
B150431,2026-01-09,10.449999809265137,美元,富蘭克林坦伯頓全球投資系列－歐洲債券總報酬基金美元避險I(acc)股-H1,yfinance,債券型,歐洲(含歐元區),A0045 富蘭克林華美投信,富蘭克林
B150431,2026-01-12,10.460000038146973,美元,富蘭克林坦伯頓全球投資系列－歐洲債券總報酬基金美元避險I(acc)股-H1,yfinance,債券型,歐洲(含歐元區),A0045 富蘭克林華美投信,富蘭克林
B150431,2026-01-13,10.460000038146973,美元,富蘭克林坦伯頓全球投資系列－歐洲債券總報酬基金美元避險I(acc)股-H1,yfinance,債券型,歐洲(含歐元區),A0045 富蘭克林華美投信,富蘭克林
B150431,2026-01-14,10.470000267028809,美元,富蘭克林坦伯頓全球投資系列－歐洲債券總報酬基金美元避險I(acc)股-H1,yfinance,債券型,歐洲(含歐元區),A0045 富蘭克林華美投信,富蘭克林
B150431,2026-01-15,10.470000267028809,美元,富蘭克林坦伯頓全球投資系列－歐洲債券總報酬基金美元避險I(acc)股-H1,yfinance,債券型,歐洲(含歐元區),A0045 富蘭克林華美投信,富蘭克林
B150431,2026-01-16,10.470000267028809,美元,富蘭克林坦伯頓全球投資系列－歐洲債券總報酬基金美元避險I(acc)股-H1,yfinance,債券型,歐洲(含歐元區),A0045 富蘭克林華美投信,富蘭克林
B150431,2026-01-20,10.460000038146973,美元,富蘭克林坦伯頓全球投資系列－歐洲債券總報酬基金美元避險I(acc)股-H1,yfinance,債券型,歐洲(含歐元區),A0045 富蘭克林華美投信,富蘭克林
B150431,2026-01-21,10.470000267028809,美元,富蘭克林坦伯頓全球投資系列－歐洲債券總報酬基金美元避險I(acc)股-H1,yfinance,債券型,歐洲(含歐元區),A0045 富蘭克林華美投信,富蘭克林
B150431,2026-01-22,10.479999542236328,美元,富蘭克林坦伯頓全球投資系列－歐洲債券總報酬基金美元避險I(acc)股-H1,yfinance,債券型,歐洲(含歐元區),A0045 富蘭克林華美投信,富蘭克林
B150431,2026-01-23,10.479999542236328,美元,富蘭克林坦伯頓全球投資系列－歐洲債券總報酬基金美元避險I(acc)股-H1,yfinance,債券型,歐洲(含歐元區),A0045 富蘭克林華美投信,富蘭克林
B150431,2026-01-26,10.489999771118164,美元,富蘭克林坦伯頓全球投資系列－歐洲債券總報酬基金美元避險I(acc)股-H1,yfinance,債券型,歐洲(含歐元區),A0045 富蘭克林華美投信,富蘭克林
B150431,2026-01-27,10.5,美元,富蘭克林坦伯頓全球投資系列－歐洲債券總報酬基金美元避險I(acc)股-H1,yfinance,債券型,歐洲(含歐元區),A0045 富蘭克林華美投信,富蘭克林
B150431,2026-01-28,10.510000228881836,美元,富蘭克林坦伯頓全球投資系列－歐洲債券總報酬基金美元避險I(acc)股-H1,yfinance,債券型,歐洲(含歐元區),A0045 富蘭克林華美投信,富蘭克林
B150431,2026-01-29,10.520000457763672,美元,富蘭克林坦伯頓全球投資系列－歐洲債券總報酬基金美元避險I(acc)股-H1,yfinance,債券型,歐洲(含歐元區),A0045 富蘭克林華美投信,富蘭克林
B150431,2026-01-30,10.520000457763672,美元,富蘭克林坦伯頓全球投資系列－歐洲債券總報酬基金美元避險I(acc)股-H1,yfinance,債券型,歐洲(含歐元區),A0045 富蘭克林華美投信,富蘭克林
B150431,2026-02-02,10.510000228881836,美元,富蘭克林坦伯頓全球投資系列－歐洲債券總報酬基金美元避險I(acc)股-H1,yfinance,債券型,歐洲(含歐元區),A0045 富蘭克林華美投信,富蘭克林
B150431,2026-02-03,10.520000457763672,美元,富蘭克林坦伯頓全球投資系列－歐洲債券總報酬基金美元避險I(acc)股-H1,yfinance,債券型,歐洲(含歐元區),A0045 富蘭克林華美投信,富蘭克林
B150431,2026-02-04,10.520000457763672,美元,富蘭克林坦伯頓全球投資系列－歐洲債券總報酬基金美元避險I(acc)股-H1,yfinance,債券型,歐洲(含歐元區),A0045 富蘭克林華美投信,富蘭克林
B150431,2026-02-05,10.520000457763672,美元,富蘭克林坦伯頓全球投資系列－歐洲債券總報酬基金美元避險I(acc)股-H1,yfinance,債券型,歐洲(含歐元區),A0045 富蘭克林華美投信,富蘭克林
B150431,2026-02-06,10.529999732971191,美元,富蘭克林坦伯頓全球投資系列－歐洲債券總報酬基金美元避險I(acc)股-H1,yfinance,債券型,歐洲(含歐元區),A0045 富蘭克林華美投信,富蘭克林
B150431,2026-02-09,10.529999732971191,美元,富蘭克林坦伯頓全球投資系列－歐洲債券總報酬基金美元避險I(acc)股-H1,yfinance,債券型,歐洲(含歐元區),A0045 富蘭克林華美投信,富蘭克林
B150431,2026-02-10,10.550000190734863,美元,富蘭克林坦伯頓全球投資系列－歐洲債券總報酬基金美元避險I(acc)股-H1,yfinance,債券型,歐洲(含歐元區),A0045 富蘭克林華美投信,富蘭克林
B150431,2026-02-11,10.5600004196167,美元,富蘭克林坦伯頓全球投資系列－歐洲債券總報酬基金美元避險I(acc)股-H1,yfinance,債券型,歐洲(含歐元區),A0045 富蘭克林華美投信,富蘭克林
B150431,2026-02-12,10.5600004196167,美元,富蘭克林坦伯頓全球投資系列－歐洲債券總報酬基金美元避險I(acc)股-H1,yfinance,債券型,歐洲(含歐元區),A0045 富蘭克林華美投信,富蘭克林
B150431,2026-02-13,10.579999923706055,美元,富蘭克林坦伯頓全球投資系列－歐洲債券總報酬基金美元避險I(acc)股-H1,yfinance,債券型,歐洲(含歐元區),A0045 富蘭克林華美投信,富蘭克林
B150431,2026-02-17,10.579999923706055,美元,富蘭克林坦伯頓全球投資系列－歐洲債券總報酬基金美元避險I(acc)股-H1,yfinance,債券型,歐洲(含歐元區),A0045 富蘭克林華美投信,富蘭克林
B150431,2026-02-18,10.59000015258789,美元,富蘭克林坦伯頓全球投資系列－歐洲債券總報酬基金美元避險I(acc)股-H1,yfinance,債券型,歐洲(含歐元區),A0045 富蘭克林華美投信,富蘭克林
B150431,2026-02-19,10.579999923706055,美元,富蘭克林坦伯頓全球投資系列－歐洲債券總報酬基金美元避險I(acc)股-H1,yfinance,債券型,歐洲(含歐元區),A0045 富蘭克林華美投信,富蘭克林
B150431,2026-02-20,10.59000015258789,美元,富蘭克林坦伯頓全球投資系列－歐洲債券總報酬基金美元避險I(acc)股-H1,yfinance,債券型,歐洲(含歐元區),A0045 富蘭克林華美投信,富蘭克林
B150431,2026-02-23,10.600000381469727,美元,富蘭克林坦伯頓全球投資系列－歐洲債券總報酬基金美元避險I(acc)股-H1,yfinance,債券型,歐洲(含歐元區),A0045 富蘭克林華美投信,富蘭克林
B150431,2026-02-24,10.609999656677246,美元,富蘭克林坦伯頓全球投資系列－歐洲債券總報酬基金美元避險I(acc)股-H1,yfinance,債券型,歐洲(含歐元區),A0045 富蘭克林華美投信,富蘭克林
B150431,2026-02-25,10.609999656677246,美元,富蘭克林坦伯頓全球投資系列－歐洲債券總報酬基金美元避險I(acc)股-H1,yfinance,債券型,歐洲(含歐元區),A0045 富蘭克林華美投信,富蘭克林
B150431,2026-02-26,10.609999656677246,美元,富蘭克林坦伯頓全球投資系列－歐洲債券總報酬基金美元避險I(acc)股-H1,yfinance,債券型,歐洲(含歐元區),A0045 富蘭克林華美投信,富蘭克林
B150431,2026-02-27,10.630000114440918,美元,富蘭克林坦伯頓全球投資系列－歐洲債券總報酬基金美元避險I(acc)股-H1,yfinance,債券型,歐洲(含歐元區),A0045 富蘭克林華美投信,富蘭克林
B150431,2026-03-02,10.600000381469727,美元,富蘭克林坦伯頓全球投資系列－歐洲債券總報酬基金美元避險I(acc)股-H1,yfinance,債券型,歐洲(含歐元區),A0045 富蘭克林華美投信,富蘭克林
B150431,2026-03-03,10.550000190734863,美元,富蘭克林坦伯頓全球投資系列－歐洲債券總報酬基金美元避險I(acc)股-H1,yfinance,債券型,歐洲(含歐元區),A0045 富蘭克林華美投信,富蘭克林
B150431,2026-03-04,10.569999694824219,美元,富蘭克林坦伯頓全球投資系列－歐洲債券總報酬基金美元避險I(acc)股-H1,yfinance,債券型,歐洲(含歐元區),A0045 富蘭克林華美投信,富蘭克林
B150431,2026-03-05,10.539999961853027,美元,富蘭克林坦伯頓全球投資系列－歐洲債券總報酬基金美元避險I(acc)股-H1,yfinance,債券型,歐洲(含歐元區),A0045 富蘭克林華美投信,富蘭克林
B150431,2026-03-06,10.520000457763672,美元,富蘭克林坦伯頓全球投資系列－歐洲債券總報酬基金美元避險I(acc)股-H1,yfinance,債券型,歐洲(含歐元區),A0045 富蘭克林華美投信,富蘭克林
B150431,2026-03-09,10.5,美元,富蘭克林坦伯頓全球投資系列－歐洲債券總報酬基金美元避險I(acc)股-H1,yfinance,債券型,歐洲(含歐元區),A0045 富蘭克林華美投信,富蘭克林
B150431,2026-03-10,10.539999961853027,美元,富蘭克林坦伯頓全球投資系列－歐洲債券總報酬基金美元避險I(acc)股-H1,yfinance,債券型,歐洲(含歐元區),A0045 富蘭克林華美投信,富蘭克林
B150431,2026-03-11,10.489999771118164,美元,富蘭克林坦伯頓全球投資系列－歐洲債券總報酬基金美元避險I(acc)股-H1,yfinance,債券型,歐洲(含歐元區),A0045 富蘭克林華美投信,富蘭克林
B150431,2026-03-12,10.479999542236328,美元,富蘭克林坦伯頓全球投資系列－歐洲債券總報酬基金美元避險I(acc)股-H1,yfinance,債券型,歐洲(含歐元區),A0045 富蘭克林華美投信,富蘭克林
B150431,2026-03-13,10.470000267028809,美元,富蘭克林坦伯頓全球投資系列－歐洲債券總報酬基金美元避險I(acc)股-H1,yfinance,債券型,歐洲(含歐元區),A0045 富蘭克林華美投信,富蘭克林
B150431,2026-03-16,10.479999542236328,美元,富蘭克林坦伯頓全球投資系列－歐洲債券總報酬基金美元避險I(acc)股-H1,yfinance,債券型,歐洲(含歐元區),A0045 富蘭克林華美投信,富蘭克林
B150431,2026-03-17,10.5,美元,富蘭克林坦伯頓全球投資系列－歐洲債券總報酬基金美元避險I(acc)股-H1,yfinance,債券型,歐洲(含歐元區),A0045 富蘭克林華美投信,富蘭克林
B150431,2026-03-18,10.489999771118164,美元,富蘭克林坦伯頓全球投資系列－歐洲債券總報酬基金美元避險I(acc)股-H1,yfinance,債券型,歐洲(含歐元區),A0045 富蘭克林華美投信,富蘭克林
B150431,2026-03-19,10.470000267028809,美元,富蘭克林坦伯頓全球投資系列－歐洲債券總報酬基金美元避險I(acc)股-H1,yfinance,債券型,歐洲(含歐元區),A0045 富蘭克林華美投信,富蘭克林
B150431,2026-03-20,10.4399995803833,美元,富蘭克林坦伯頓全球投資系列－歐洲債券總報酬基金美元避險I(acc)股-H1,yfinance,債券型,歐洲(含歐元區),A0045 富蘭克林華美投信,富蘭克林
B150431,2026-03-23,10.449999809265137,美元,富蘭克林坦伯頓全球投資系列－歐洲債券總報酬基金美元避險I(acc)股-H1,yfinance,債券型,歐洲(含歐元區),A0045 富蘭克林華美投信,富蘭克林
B150431,2026-03-24,10.4399995803833,美元,富蘭克林坦伯頓全球投資系列－歐洲債券總報酬基金美元避險I(acc)股-H1,yfinance,債券型,歐洲(含歐元區),A0045 富蘭克林華美投信,富蘭克林
B150431,2026-03-25,10.479999542236328,美元,富蘭克林坦伯頓全球投資系列－歐洲債券總報酬基金美元避險I(acc)股-H1,yfinance,債券型,歐洲(含歐元區),A0045 富蘭克林華美投信,富蘭克林
B150431,2026-03-26,10.430000305175781,美元,富蘭克林坦伯頓全球投資系列－歐洲債券總報酬基金美元避險I(acc)股-H1,yfinance,債券型,歐洲(含歐元區),A0045 富蘭克林華美投信,富蘭克林
B150431,2026-03-27,10.399999618530273,美元,富蘭克林坦伯頓全球投資系列－歐洲債券總報酬基金美元避險I(acc)股-H1,yfinance,債券型,歐洲(含歐元區),A0045 富蘭克林華美投信,富蘭克林
B150431,2026-03-30,10.430000305175781,美元,富蘭克林坦伯頓全球投資系列－歐洲債券總報酬基金美元避險I(acc)股-H1,yfinance,債券型,歐洲(含歐元區),A0045 富蘭克林華美投信,富蘭克林
B150431,2026-03-31,10.449999809265137,美元,富蘭克林坦伯頓全球投資系列－歐洲債券總報酬基金美元避險I(acc)股-H1,yfinance,債券型,歐洲(含歐元區),A0045 富蘭克林華美投信,富蘭克林
B150431,2026-04-01,10.479999542236328,美元,富蘭克林坦伯頓全球投資系列－歐洲債券總報酬基金美元避險I(acc)股-H1,yfinance,債券型,歐洲(含歐元區),A0045 富蘭克林華美投信,富蘭克林
B150431,2026-04-02,10.479999542236328,美元,富蘭克林坦伯頓全球投資系列－歐洲債券總報酬基金美元避險I(acc)股-H1,yfinance,債券型,歐洲(含歐元區),A0045 富蘭克林華美投信,富蘭克林
B150431,2026-04-07,10.4399995803833,美元,富蘭克林坦伯頓全球投資系列－歐洲債券總報酬基金美元避險I(acc)股-H1,yfinance,債券型,歐洲(含歐元區),A0045 富蘭克林華美投信,富蘭克林
B150431,2026-04-08,10.550000190734863,美元,富蘭克林坦伯頓全球投資系列－歐洲債券總報酬基金美元避險I(acc)股-H1,yfinance,債券型,歐洲(含歐元區),A0045 富蘭克林華美投信,富蘭克林
B150431,2026-04-09,10.510000228881836,美元,富蘭克林坦伯頓全球投資系列－歐洲債券總報酬基金美元避險I(acc)股-H1,yfinance,債券型,歐洲(含歐元區),A0045 富蘭克林華美投信,富蘭克林
B150431,2026-04-10,10.5,美元,富蘭克林坦伯頓全球投資系列－歐洲債券總報酬基金美元避險I(acc)股-H1,yfinance,債券型,歐洲(含歐元區),A0045 富蘭克林華美投信,富蘭克林
B150431,2026-04-13,10.479999542236328,美元,富蘭克林坦伯頓全球投資系列－歐洲債券總報酬基金美元避險I(acc)股-H1,yfinance,債券型,歐洲(含歐元區),A0045 富蘭克林華美投信,富蘭克林
B150431,2026-04-14,10.510000228881836,美元,富蘭克林坦伯頓全球投資系列－歐洲債券總報酬基金美元避險I(acc)股-H1,yfinance,債券型,歐洲(含歐元區),A0045 富蘭克林華美投信,富蘭克林
B150431,2026-04-15,10.510000228881836,美元,富蘭克林坦伯頓全球投資系列－歐洲債券總報酬基金美元避險I(acc)股-H1,yfinance,債券型,歐洲(含歐元區),A0045 富蘭克林華美投信,富蘭克林
B150431,2026-04-16,10.520000457763672,美元,富蘭克林坦伯頓全球投資系列－歐洲債券總報酬基金美元避險I(acc)股-H1,yfinance,債券型,歐洲(含歐元區),A0045 富蘭克林華美投信,富蘭克林
B150431,2026-04-17,10.5600004196167,美元,富蘭克林坦伯頓全球投資系列－歐洲債券總報酬基金美元避險I(acc)股-H1,yfinance,債券型,歐洲(含歐元區),A0045 富蘭克林華美投信,富蘭克林
B150431,2026-04-20,10.550000190734863,美元,富蘭克林坦伯頓全球投資系列－歐洲債券總報酬基金美元避險I(acc)股-H1,yfinance,債券型,歐洲(含歐元區),A0045 富蘭克林華美投信,富蘭克林
B150431,2026-04-21,10.539999961853027,美元,富蘭克林坦伯頓全球投資系列－歐洲債券總報酬基金美元避險I(acc)股-H1,yfinance,債券型,歐洲(含歐元區),A0045 富蘭克林華美投信,富蘭克林
B150431,2026-04-22,10.539999961853027,美元,富蘭克林坦伯頓全球投資系列－歐洲債券總報酬基金美元避險I(acc)股-H1,yfinance,債券型,歐洲(含歐元區),A0045 富蘭克林華美投信,富蘭克林
B150431,2026-04-23,10.529999732971191,美元,富蘭克林坦伯頓全球投資系列－歐洲債券總報酬基金美元避險I(acc)股-H1,yfinance,債券型,歐洲(含歐元區),A0045 富蘭克林華美投信,富蘭克林
B150431,2026-04-24,10.529999732971191,美元,富蘭克林坦伯頓全球投資系列－歐洲債券總報酬基金美元避險I(acc)股-H1,yfinance,債券型,歐洲(含歐元區),A0045 富蘭克林華美投信,富蘭克林
B150431,2026-04-27,10.520000457763672,美元,富蘭克林坦伯頓全球投資系列－歐洲債券總報酬基金美元避險I(acc)股-H1,yfinance,債券型,歐洲(含歐元區),A0045 富蘭克林華美投信,富蘭克林
B150431,2026-04-28,10.5,美元,富蘭克林坦伯頓全球投資系列－歐洲債券總報酬基金美元避險I(acc)股-H1,yfinance,債券型,歐洲(含歐元區),A0045 富蘭克林華美投信,富蘭克林
B150431,2026-04-29,10.489999771118164,美元,富蘭克林坦伯頓全球投資系列－歐洲債券總報酬基金美元避險I(acc)股-H1,yfinance,債券型,歐洲(含歐元區),A0045 富蘭克林華美投信,富蘭克林
B150431,2026-04-30,10.520000457763672,美元,富蘭克林坦伯頓全球投資系列－歐洲債券總報酬基金美元避險I(acc)股-H1,yfinance,債券型,歐洲(含歐元區),A0045 富蘭克林華美投信,富蘭克林
B150431,2026-05-01,10.520000457763672,美元,富蘭克林坦伯頓全球投資系列－歐洲債券總報酬基金美元避險I(acc)股-H1,yfinance,債券型,歐洲(含歐元區),A0045 富蘭克林華美投信,富蘭克林
B150431,2026-05-05,10.510000228881836,美元,富蘭克林坦伯頓全球投資系列－歐洲債券總報酬基金美元避險I(acc)股-H1,yfinance,債券型,歐洲(含歐元區),A0045 富蘭克林華美投信,富蘭克林
B150431,2026-05-06,10.5600004196167,美元,富蘭克林坦伯頓全球投資系列－歐洲債券總報酬基金美元避險I(acc)股-H1,yfinance,債券型,歐洲(含歐元區),A0045 富蘭克林華美投信,富蘭克林
B150431,2026-05-07,10.569999694824219,美元,富蘭克林坦伯頓全球投資系列－歐洲債券總報酬基金美元避險I(acc)股-H1,yfinance,債券型,歐洲(含歐元區),A0045 富蘭克林華美投信,富蘭克林
B150431,2026-05-08,10.5600004196167,美元,富蘭克林坦伯頓全球投資系列－歐洲債券總報酬基金美元避險I(acc)股-H1,yfinance,債券型,歐洲(含歐元區),A0045 富蘭克林華美投信,富蘭克林
B150431,2026-05-11,10.539999961853027,美元,富蘭克林坦伯頓全球投資系列－歐洲債券總報酬基金美元避險I(acc)股-H1,yfinance,債券型,歐洲(含歐元區),A0045 富蘭克林華美投信,富蘭克林
B150431,2026-05-12,10.510000228881836,美元,富蘭克林坦伯頓全球投資系列－歐洲債券總報酬基金美元避險I(acc)股-H1,yfinance,債券型,歐洲(含歐元區),A0045 富蘭克林華美投信,富蘭克林
B150431,2026-05-13,10.510000228881836,美元,富蘭克林坦伯頓全球投資系列－歐洲債券總報酬基金美元避險I(acc)股-H1,yfinance,債券型,歐洲(含歐元區),A0045 富蘭克林華美投信,富蘭克林
B150431,2026-05-14,10.539999961853027,美元,富蘭克林坦伯頓全球投資系列－歐洲債券總報酬基金美元避險I(acc)股-H1,yfinance,債券型,歐洲(含歐元區),A0045 富蘭克林華美投信,富蘭克林
B150431,2026-05-15,10.489999771118164,美元,富蘭克林坦伯頓全球投資系列－歐洲債券總報酬基金美元避險I(acc)股-H1,yfinance,債券型,歐洲(含歐元區),A0045 富蘭克林華美投信,富蘭克林
B150431,2026-05-18,10.489999771118164,美元,富蘭克林坦伯頓全球投資系列－歐洲債券總報酬基金美元避險I(acc)股-H1,yfinance,債券型,歐洲(含歐元區),A0045 富蘭克林華美投信,富蘭克林
B150431,2026-05-19,10.479999542236328,美元,富蘭克林坦伯頓全球投資系列－歐洲債券總報酬基金美元避險I(acc)股-H1,yfinance,債券型,歐洲(含歐元區),A0045 富蘭克林華美投信,富蘭克林
B150431,2026-05-20,10.520000457763672,美元,富蘭克林坦伯頓全球投資系列－歐洲債券總報酬基金美元避險I(acc)股-H1,yfinance,債券型,歐洲(含歐元區),A0045 富蘭克林華美投信,富蘭克林
B150431,2026-05-21,10.529999732971191,美元,富蘭克林坦伯頓全球投資系列－歐洲債券總報酬基金美元避險I(acc)股-H1,yfinance,債券型,歐洲(含歐元區),A0045 富蘭克林華美投信,富蘭克林
B150431,2026-05-22,10.5600004196167,美元,富蘭克林坦伯頓全球投資系列－歐洲債券總報酬基金美元避險I(acc)股-H1,yfinance,債券型,歐洲(含歐元區),A0045 富蘭克林華美投信,富蘭克林
B150431,2026-05-26,10.600000381469727,美元,富蘭克林坦伯頓全球投資系列－歐洲債券總報酬基金美元避險I(acc)股-H1,yfinance,債券型,歐洲(含歐元區),A0045 富蘭克林華美投信,富蘭克林
B150431,2026-05-27,10.600000381469727,美元,富蘭克林坦伯頓全球投資系列－歐洲債券總報酬基金美元避險I(acc)股-H1,yfinance,債券型,歐洲(含歐元區),A0045 富蘭克林華美投信,富蘭克林
B150431,2026-05-28,10.609999656677246,美元,富蘭克林坦伯頓全球投資系列－歐洲債券總報酬基金美元避險I(acc)股-H1,yfinance,債券型,歐洲(含歐元區),A0045 富蘭克林華美投信,富蘭克林
B150431,2026-05-29,10.640000343322754,美元,富蘭克林坦伯頓全球投資系列－歐洲債券總報酬基金美元避險I(acc)股-H1,yfinance,債券型,歐洲(含歐元區),A0045 富蘭克林華美投信,富蘭克林
B150431,2026-06-01,10.600000381469727,美元,富蘭克林坦伯頓全球投資系列－歐洲債券總報酬基金美元避險I(acc)股-H1,yfinance,債券型,歐洲(含歐元區),A0045 富蘭克林華美投信,富蘭克林
B150431,2026-06-02,10.619999885559082,美元,富蘭克林坦伯頓全球投資系列－歐洲債券總報酬基金美元避險I(acc)股-H1,yfinance,債券型,歐洲(含歐元區),A0045 富蘭克林華美投信,富蘭克林
B150431,2026-06-03,10.59000015258789,美元,富蘭克林坦伯頓全球投資系列－歐洲債券總報酬基金美元避險I(acc)股-H1,yfinance,債券型,歐洲(含歐元區),A0045 富蘭克林華美投信,富蘭克林
B150431,2026-06-04,10.600000381469727,美元,富蘭克林坦伯頓全球投資系列－歐洲債券總報酬基金美元避險I(acc)股-H1,yfinance,債券型,歐洲(含歐元區),A0045 富蘭克林華美投信,富蘭克林
B150431,2026-06-05,10.59000015258789,美元,富蘭克林坦伯頓全球投資系列－歐洲債券總報酬基金美元避險I(acc)股-H1,yfinance,債券型,歐洲(含歐元區),A0045 富蘭克林華美投信,富蘭克林
B150431,2026-06-08,10.569999694824219,美元,富蘭克林坦伯頓全球投資系列－歐洲債券總報酬基金美元避險I(acc)股-H1,yfinance,債券型,歐洲(含歐元區),A0045 富蘭克林華美投信,富蘭克林
B150431,2026-06-09,10.579999923706055,美元,富蘭克林坦伯頓全球投資系列－歐洲債券總報酬基金美元避險I(acc)股-H1,yfinance,債券型,歐洲(含歐元區),A0045 富蘭克林華美投信,富蘭克林
B150431,2026-06-10,10.569999694824219,美元,富蘭克林坦伯頓全球投資系列－歐洲債券總報酬基金美元避險I(acc)股-H1,yfinance,債券型,歐洲(含歐元區),A0045 富蘭克林華美投信,富蘭克林
B150431,2026-06-11,10.59000015258789,美元,富蘭克林坦伯頓全球投資系列－歐洲債券總報酬基金美元避險I(acc)股-H1,yfinance,債券型,歐洲(含歐元區),A0045 富蘭克林華美投信,富蘭克林
B150431,2026-06-12,10.609999656677246,美元,富蘭克林坦伯頓全球投資系列－歐洲債券總報酬基金美元避險I(acc)股-H1,yfinance,債券型,歐洲(含歐元區),A0045 富蘭克林華美投信,富蘭克林
B150431,2026-06-15,10.640000343322754,美元,富蘭克林坦伯頓全球投資系列－歐洲債券總報酬基金美元避險I(acc)股-H1,yfinance,債券型,歐洲(含歐元區),A0045 富蘭克林華美投信,富蘭克林
B150431,2026-06-16,10.649999618530273,美元,富蘭克林坦伯頓全球投資系列－歐洲債券總報酬基金美元避險I(acc)股-H1,yfinance,債券型,歐洲(含歐元區),A0045 富蘭克林華美投信,富蘭克林
B150431,2026-06-17,10.65999984741211,美元,富蘭克林坦伯頓全球投資系列－歐洲債券總報酬基金美元避險I(acc)股-H1,yfinance,債券型,歐洲(含歐元區),A0045 富蘭克林華美投信,富蘭克林
B150431,2026-06-18,10.670000076293945,美元,富蘭克林坦伯頓全球投資系列－歐洲債券總報酬基金美元避險I(acc)股-H1,yfinance,債券型,歐洲(含歐元區),A0045 富蘭克林華美投信,富蘭克林
B150431,2026-06-22,10.65999984741211,美元,富蘭克林坦伯頓全球投資系列－歐洲債券總報酬基金美元避險I(acc)股-H1,yfinance,債券型,歐洲(含歐元區),A0045 富蘭克林華美投信,富蘭克林
B150431,2026-06-23,10.670000076293945,美元,富蘭克林坦伯頓全球投資系列－歐洲債券總報酬基金美元避險I(acc)股-H1,yfinance,債券型,歐洲(含歐元區),A0045 富蘭克林華美投信,富蘭克林
B150431,2026-06-24,10.699999809265137,美元,富蘭克林坦伯頓全球投資系列－歐洲債券總報酬基金美元避險I(acc)股-H1,yfinance,債券型,歐洲(含歐元區),A0045 富蘭克林華美投信,富蘭克林
B150431,2026-06-25,10.699999809265137,美元,富蘭克林坦伯頓全球投資系列－歐洲債券總報酬基金美元避險I(acc)股-H1,yfinance,債券型,歐洲(含歐元區),A0045 富蘭克林華美投信,富蘭克林
B150431,2026-06-26,10.710000038146973,美元,富蘭克林坦伯頓全球投資系列－歐洲債券總報酬基金美元避險I(acc)股-H1,yfinance,債券型,歐洲(含歐元區),A0045 富蘭克林華美投信,富蘭克林
B150431,2026-06-29,10.699999809265137,美元,富蘭克林坦伯頓全球投資系列－歐洲債券總報酬基金美元避險I(acc)股-H1,yfinance,債券型,歐洲(含歐元區),A0045 富蘭克林華美投信,富蘭克林
B150431,2026-06-30,10.699999809265137,美元,富蘭克林坦伯頓全球投資系列－歐洲債券總報酬基金美元避險I(acc)股-H1,yfinance,債券型,歐洲(含歐元區),A0045 富蘭克林華美投信,富蘭克林
B150431,2026-07-01,10.6899995803833,美元,富蘭克林坦伯頓全球投資系列－歐洲債券總報酬基金美元避險I(acc)股-H1,yfinance,債券型,歐洲(含歐元區),A0045 富蘭克林華美投信,富蘭克林
B150431,2026-07-02,10.6899995803833,美元,富蘭克林坦伯頓全球投資系列－歐洲債券總報酬基金美元避險I(acc)股-H1,yfinance,債券型,歐洲(含歐元區),A0045 富蘭克林華美投信,富蘭克林
B150431,2026-07-06,10.670000076293945,美元,富蘭克林坦伯頓全球投資系列－歐洲債券總報酬基金美元避險I(acc)股-H1,yfinance,債券型,歐洲(含歐元區),A0045 富蘭克林華美投信,富蘭克林
B150431,2026-07-07,10.649999618530273,美元,富蘭克林坦伯頓全球投資系列－歐洲債券總報酬基金美元避險I(acc)股-H1,yfinance,債券型,歐洲(含歐元區),A0045 富蘭克林華美投信,富蘭克林
B150431,2026-07-08,10.600000381469727,美元,富蘭克林坦伯頓全球投資系列－歐洲債券總報酬基金美元避險I(acc)股-H1,yfinance,債券型,歐洲(含歐元區),A0045 富蘭克林華美投信,富蘭克林
B150431,2026-07-09,10.609999656677246,美元,富蘭克林坦伯頓全球投資系列－歐洲債券總報酬基金美元避險I(acc)股-H1,yfinance,債券型,歐洲(含歐元區),A0045 富蘭克林華美投信,富蘭克林
B150431,2026-07-10,10.619999885559082,美元,富蘭克林坦伯頓全球投資系列－歐洲債券總報酬基金美元避險I(acc)股-H1,yfinance,債券型,歐洲(含歐元區),A0045 富蘭克林華美投信,富蘭克林
B150431,2026-07-13,10.600000381469727,美元,富蘭克林坦伯頓全球投資系列－歐洲債券總報酬基金美元避險I(acc)股-H1,yfinance,債券型,歐洲(含歐元區),A0045 富蘭克林華美投信,富蘭克林
B150431,2026-07-14,10.600000381469727,美元,富蘭克林坦伯頓全球投資系列－歐洲債券總報酬基金美元避險I(acc)股-H1,yfinance,債券型,歐洲(含歐元區),A0045 富蘭克林華美投信,富蘭克林
B150431,2026-07-15,10.59000015258789,美元,富蘭克林坦伯頓全球投資系列－歐洲債券總報酬基金美元避險I(acc)股-H1,yfinance,債券型,歐洲(含歐元區),A0045 富蘭克林華美投信,富蘭克林
B150431,2026-07-16,10.579999923706055,美元,富蘭克林坦伯頓全球投資系列－歐洲債券總報酬基金美元避險I(acc)股-H1,yfinance,債券型,歐洲(含歐元區),A0045 富蘭克林華美投信,富蘭克林
B150431,2026-07-17,10.59000015258789,美元,富蘭克林坦伯頓全球投資系列－歐洲債券總報酬基金美元避險I(acc)股-H1,yfinance,債券型,歐洲(含歐元區),A0045 富蘭克林華美投信,富蘭克林
B150431,2026-07-20,10.579999923706055,美元,富蘭克林坦伯頓全球投資系列－歐洲債券總報酬基金美元避險I(acc)股-H1,yfinance,債券型,歐洲(含歐元區),A0045 富蘭克林華美投信,富蘭克林
B150431,2026-07-21,10.569999694824219,美元,富蘭克林坦伯頓全球投資系列－歐洲債券總報酬基金美元避險I(acc)股-H1,yfinance,債券型,歐洲(含歐元區),A0045 富蘭克林華美投信,富蘭克林
B150431,2026-07-22,10.569999694824219,美元,富蘭克林坦伯頓全球投資系列－歐洲債券總報酬基金美元避險I(acc)股-H1,yfinance,債券型,歐洲(含歐元區),A0045 富蘭克林華美投信,富蘭克林
B150431,2026-07-23,10.539999961853027,美元,富蘭克林坦伯頓全球投資系列－歐洲債券總報酬基金美元避險I(acc)股-H1,yfinance,債券型,歐洲(含歐元區),A0045 富蘭克林華美投信,富蘭克林
B150431,2026-07-24,10.569999694824219,美元,富蘭克林坦伯頓全球投資系列－歐洲債券總報酬基金美元避險I(acc)股-H1,yfinance,債券型,歐洲(含歐元區),A0045 富蘭克林華美投信,富蘭克林
B150431,2026-07-27,10.600000381469727,美元,富蘭克林坦伯頓全球投資系列－歐洲債券總報酬基金美元避險I(acc)股-H1,yfinance,債券型,歐洲(含歐元區),A0045 富蘭克林華美投信,富蘭克林
B150431,2026-07-28,10.609999656677246,美元,富蘭克林坦伯頓全球投資系列－歐洲債券總報酬基金美元避險I(acc)股-H1,yfinance,債券型,歐洲(含歐元區),A0045 富蘭克林華美投信,富蘭克林
B150431,2026-07-29,10.579999923706055,美元,富蘭克林坦伯頓全球投資系列－歐洲債券總報酬基金美元避險I(acc)股-H1,yfinance,債券型,歐洲(含歐元區),A0045 富蘭克林華美投信,富蘭克林
B150431,2026-07-30,10.579999923706055,美元,富蘭克林坦伯頓全球投資系列－歐洲債券總報酬基金美元避險I(acc)股-H1,yfinance,債券型,歐洲(含歐元區),A0045 富蘭克林華美投信,富蘭克林
B150431,2026-07-31,10.579999923706055,美元,富蘭克林坦伯頓全球投資系列－歐洲債券總報酬基金美元避險I(acc)股-H1,yfinance,債券型,歐洲(含歐元區),A0045 富蘭克林華美投信,富蘭克林
B150431,2026-08-03,10.609999656677246,美元,富蘭克林坦伯頓全球投資系列－歐洲債券總報酬基金美元避險I(acc)股-H1,yfinance,債券型,歐洲(含歐元區),A0045 富蘭克林華美投信,富蘭克林
B150431,2026-08-04,10.640000343322754,美元,富蘭克林坦伯頓全球投資系列－歐洲債券總報酬基金美元避險I(acc)股-H1,yfinance,債券型,歐洲(含歐元區),A0045 富蘭克林華美投信,富蘭克林
B150431,2026-08-05,10.640000343322754,美元,富蘭克林坦伯頓全球投資系列－歐洲債券總報酬基金美元避險I(acc)股-H1,yfinance,債券型,歐洲(含歐元區),A0045 富蘭克林華美投信,富蘭克林
B150431,2026-08-06,10.640000343322754,美元,富蘭克林坦伯頓全球投資系列－歐洲債券總報酬基金美元避險I(acc)股-H1,yfinance,債券型,歐洲(含歐元區),A0045 富蘭克林華美投信,富蘭克林
B150431,2026-08-07,10.640000343322754,美元,富蘭克林坦伯頓全球投資系列－歐洲債券總報酬基金美元避險I(acc)股-H1,yfinance,債券型,歐洲(含歐元區),A0045 富蘭克林華美投信,富蘭克林
B150431,2026-08-10,10.609999656677246,美元,富蘭克林坦伯頓全球投資系列－歐洲債券總報酬基金美元避險I(acc)股-H1,yfinance,債券型,歐洲(含歐元區),A0045 富蘭克林華美投信,富蘭克林
B150431,2026-08-11,10.619999885559082,美元,富蘭克林坦伯頓全球投資系列－歐洲債券總報酬基金美元避險I(acc)股-H1,yfinance,債券型,歐洲(含歐元區),A0045 富蘭克林華美投信,富蘭克林
B150431,2026-08-12,10.619999885559082,美元,富蘭克林坦伯頓全球投資系列－歐洲債券總報酬基金美元避險I(acc)股-H1,yfinance,債券型,歐洲(含歐元區),A0045 富蘭克林華美投信,富蘭克林
B150431,2026-08-13,10.640000343322754,美元,富蘭克林坦伯頓全球投資系列－歐洲債券總報酬基金美元避險I(acc)股-H1,yfinance,債券型,歐洲(含歐元區),A0045 富蘭克林華美投信,富蘭克林
B150431,2026-08-14,10.600000381469727,美元,富蘭克林坦伯頓全球投資系列－歐洲債券總報酬基金美元避險I(acc)股-H1,yfinance,債券型,歐洲(含歐元區),A0045 富蘭克林華美投信,富蘭克林
B150431,2026-08-17,10.59000015258789,美元,富蘭克林坦伯頓全球投資系列－歐洲債券總報酬基金美元避險I(acc)股-H1,yfinance,債券型,歐洲(含歐元區),A0045 富蘭克林華美投信,富蘭克林
B200295,2026-01-02,12.708999633789062,美元,安聯AI收益成長基金-AT累積類股(美元),yfinance,債券型,美國,A0036 安聯投信,安聯AGIF
B200295,2026-01-05,12.772100448608398,美元,安聯AI收益成長基金-AT累積類股(美元),yfinance,債券型,美國,A0036 安聯投信,安聯AGIF
B200295,2026-01-06,12.846500396728516,美元,安聯AI收益成長基金-AT累積類股(美元),yfinance,債券型,美國,A0036 安聯投信,安聯AGIF
B200295,2026-01-07,12.907699584960938,美元,安聯AI收益成長基金-AT累積類股(美元),yfinance,債券型,美國,A0036 安聯投信,安聯AGIF
B200295,2026-01-08,12.79699993133545,美元,安聯AI收益成長基金-AT累積類股(美元),yfinance,債券型,美國,A0036 安聯投信,安聯AGIF
B200295,2026-01-09,12.847399711608887,美元,安聯AI收益成長基金-AT累積類股(美元),yfinance,債券型,美國,A0036 安聯投信,安聯AGIF
B200295,2026-01-12,12.902299880981445,美元,安聯AI收益成長基金-AT累積類股(美元),yfinance,債券型,美國,A0036 安聯投信,安聯AGIF
B200295,2026-01-13,13.008999824523926,美元,安聯AI收益成長基金-AT累積類股(美元),yfinance,債券型,美國,A0036 安聯投信,安聯AGIF
B200295,2026-01-14,12.8725004196167,美元,安聯AI收益成長基金-AT累積類股(美元),yfinance,債券型,美國,A0036 安聯投信,安聯AGIF
B200295,2026-01-15,13.08430004119873,美元,安聯AI收益成長基金-AT累積類股(美元),yfinance,債券型,美國,A0036 安聯投信,安聯AGIF
B200295,2026-01-16,13.07759952545166,美元,安聯AI收益成長基金-AT累積類股(美元),yfinance,債券型,美國,A0036 安聯投信,安聯AGIF
B200295,2026-01-20,12.952099800109863,美元,安聯AI收益成長基金-AT累積類股(美元),yfinance,債券型,美國,A0036 安聯投信,安聯AGIF
B200295,2026-01-21,12.945599555969238,美元,安聯AI收益成長基金-AT累積類股(美元),yfinance,債券型,美國,A0036 安聯投信,安聯AGIF
B200295,2026-01-22,13.000399589538574,美元,安聯AI收益成長基金-AT累積類股(美元),yfinance,債券型,美國,A0036 安聯投信,安聯AGIF
B200295,2026-01-23,12.913999557495117,美元,安聯AI收益成長基金-AT累積類股(美元),yfinance,債券型,美國,A0036 安聯投信,安聯AGIF
B200295,2026-01-26,12.996800422668457,美元,安聯AI收益成長基金-AT累積類股(美元),yfinance,債券型,美國,A0036 安聯投信,安聯AGIF
B200295,2026-01-27,13.071999549865723,美元,安聯AI收益成長基金-AT累積類股(美元),yfinance,債券型,美國,A0036 安聯投信,安聯AGIF
B200295,2026-01-28,13.137999534606934,美元,安聯AI收益成長基金-AT累積類股(美元),yfinance,債券型,美國,A0036 安聯投信,安聯AGIF
B200295,2026-01-29,13.167200088500977,美元,安聯AI收益成長基金-AT累積類股(美元),yfinance,債券型,美國,A0036 安聯投信,安聯AGIF
B200295,2026-01-30,13.140800476074219,美元,安聯AI收益成長基金-AT累積類股(美元),yfinance,債券型,美國,A0036 安聯投信,安聯AGIF
B200295,2026-02-02,13.043100357055664,美元,安聯AI收益成長基金-AT累積類股(美元),yfinance,債券型,美國,A0036 安聯投信,安聯AGIF
B200295,2026-02-03,13.108499526977539,美元,安聯AI收益成長基金-AT累積類股(美元),yfinance,債券型,美國,A0036 安聯投信,安聯AGIF
B200295,2026-02-04,13.065199851989746,美元,安聯AI收益成長基金-AT累積類股(美元),yfinance,債券型,美國,A0036 安聯投信,安聯AGIF
B200295,2026-02-05,12.843500137329102,美元,安聯AI收益成長基金-AT累積類股(美元),yfinance,債券型,美國,A0036 安聯投信,安聯AGIF
B200295,2026-02-06,13.105799674987793,美元,安聯AI收益成長基金-AT累積類股(美元),yfinance,債券型,美國,A0036 安聯投信,安聯AGIF
B200295,2026-02-09,13.316399574279785,美元,安聯AI收益成長基金-AT累積類股(美元),yfinance,債券型,美國,A0036 安聯投信,安聯AGIF
B200295,2026-02-10,13.379799842834473,美元,安聯AI收益成長基金-AT累積類股(美元),yfinance,債券型,美國,A0036 安聯投信,安聯AGIF
B200295,2026-02-11,13.4375,美元,安聯AI收益成長基金-AT累積類股(美元),yfinance,債券型,美國,A0036 安聯投信,安聯AGIF
B200295,2026-02-12,13.430899620056152,美元,安聯AI收益成長基金-AT累積類股(美元),yfinance,債券型,美國,A0036 安聯投信,安聯AGIF
B200295,2026-02-13,13.19279956817627,美元,安聯AI收益成長基金-AT累積類股(美元),yfinance,債券型,美國,A0036 安聯投信,安聯AGIF
B200295,2026-02-17,13.170700073242188,美元,安聯AI收益成長基金-AT累積類股(美元),yfinance,債券型,美國,A0036 安聯投信,安聯AGIF
B200295,2026-02-18,13.396200180053711,美元,安聯AI收益成長基金-AT累積類股(美元),yfinance,債券型,美國,A0036 安聯投信,安聯AGIF
B200295,2026-02-19,13.294400215148926,美元,安聯AI收益成長基金-AT累積類股(美元),yfinance,債券型,美國,A0036 安聯投信,安聯AGIF
B200295,2026-02-20,13.399499893188477,美元,安聯AI收益成長基金-AT累積類股(美元),yfinance,債券型,美國,A0036 安聯投信,安聯AGIF
B200295,2026-02-23,13.388699531555176,美元,安聯AI收益成長基金-AT累積類股(美元),yfinance,債券型,美國,A0036 安聯投信,安聯AGIF
B200295,2026-02-24,13.347299575805664,美元,安聯AI收益成長基金-AT累積類股(美元),yfinance,債券型,美國,A0036 安聯投信,安聯AGIF
B200295,2026-02-25,13.590999603271484,美元,安聯AI收益成長基金-AT累積類股(美元),yfinance,債券型,美國,A0036 安聯投信,安聯AGIF
B200295,2026-02-26,13.368000030517578,美元,安聯AI收益成長基金-AT累積類股(美元),yfinance,債券型,美國,A0036 安聯投信,安聯AGIF
B200295,2026-02-27,13.22659969329834,美元,安聯AI收益成長基金-AT累積類股(美元),yfinance,債券型,美國,A0036 安聯投信,安聯AGIF
B200295,2026-03-02,13.231100082397461,美元,安聯AI收益成長基金-AT累積類股(美元),yfinance,債券型,美國,A0036 安聯投信,安聯AGIF
B200295,2026-03-03,12.999600410461426,美元,安聯AI收益成長基金-AT累積類股(美元),yfinance,債券型,美國,A0036 安聯投信,安聯AGIF
B200295,2026-03-04,13.1072998046875,美元,安聯AI收益成長基金-AT累積類股(美元),yfinance,債券型,美國,A0036 安聯投信,安聯AGIF
B200295,2026-03-05,13.121000289916992,美元,安聯AI收益成長基金-AT累積類股(美元),yfinance,債券型,美國,A0036 安聯投信,安聯AGIF
B200295,2026-03-06,12.796099662780762,美元,安聯AI收益成長基金-AT累積類股(美元),yfinance,債券型,美國,A0036 安聯投信,安聯AGIF
B200295,2026-03-09,12.700300216674805,美元,安聯AI收益成長基金-AT累積類股(美元),yfinance,債券型,美國,A0036 安聯投信,安聯AGIF
B200295,2026-03-10,13.104999542236328,美元,安聯AI收益成長基金-AT累積類股(美元),yfinance,債券型,美國,A0036 安聯投信,安聯AGIF
B200295,2026-03-11,13.056900024414062,美元,安聯AI收益成長基金-AT累積類股(美元),yfinance,債券型,美國,A0036 安聯投信,安聯AGIF
B200295,2026-03-12,12.79539966583252,美元,安聯AI收益成長基金-AT累積類股(美元),yfinance,債券型,美國,A0036 安聯投信,安聯AGIF
B200295,2026-03-13,12.802800178527832,美元,安聯AI收益成長基金-AT累積類股(美元),yfinance,債券型,美國,A0036 安聯投信,安聯AGIF
B200295,2026-03-16,12.93850040435791,美元,安聯AI收益成長基金-AT累積類股(美元),yfinance,債券型,美國,A0036 安聯投信,安聯AGIF
B200295,2026-03-17,12.99370002746582,美元,安聯AI收益成長基金-AT累積類股(美元),yfinance,債券型,美國,A0036 安聯投信,安聯AGIF
B200295,2026-03-18,12.97130012512207,美元,安聯AI收益成長基金-AT累積類股(美元),yfinance,債券型,美國,A0036 安聯投信,安聯AGIF
B200295,2026-03-19,12.880200386047363,美元,安聯AI收益成長基金-AT累積類股(美元),yfinance,債券型,美國,A0036 安聯投信,安聯AGIF
B200295,2026-03-20,12.759900093078613,美元,安聯AI收益成長基金-AT累積類股(美元),yfinance,債券型,美國,A0036 安聯投信,安聯AGIF
B200295,2026-03-23,13.004300117492676,美元,安聯AI收益成長基金-AT累積類股(美元),yfinance,債券型,美國,A0036 安聯投信,安聯AGIF
B200295,2026-03-24,12.947600364685059,美元,安聯AI收益成長基金-AT累積類股(美元),yfinance,債券型,美國,A0036 安聯投信,安聯AGIF
B200295,2026-03-25,13.150199890136719,美元,安聯AI收益成長基金-AT累積類股(美元),yfinance,債券型,美國,A0036 安聯投信,安聯AGIF
B200295,2026-03-26,12.797900199890137,美元,安聯AI收益成長基金-AT累積類股(美元),yfinance,債券型,美國,A0036 安聯投信,安聯AGIF
B200295,2026-03-27,12.584099769592285,美元,安聯AI收益成長基金-AT累積類股(美元),yfinance,債券型,美國,A0036 安聯投信,安聯AGIF
B200295,2026-03-30,12.395500183105469,美元,安聯AI收益成長基金-AT累積類股(美元),yfinance,債券型,美國,A0036 安聯投信,安聯AGIF
B200295,2026-03-31,12.516500473022461,美元,安聯AI收益成長基金-AT累積類股(美元),yfinance,債券型,美國,A0036 安聯投信,安聯AGIF
B200295,2026-04-01,12.915800094604492,美元,安聯AI收益成長基金-AT累積類股(美元),yfinance,債券型,美國,A0036 安聯投信,安聯AGIF
B200295,2026-04-02,12.805000305175781,美元,安聯AI收益成長基金-AT累積類股(美元),yfinance,債券型,美國,A0036 安聯投信,安聯AGIF
B200295,2026-04-07,12.952199935913086,美元,安聯AI收益成長基金-AT累積類股(美元),yfinance,債券型,美國,A0036 安聯投信,安聯AGIF
B200295,2026-04-08,13.503100395202637,美元,安聯AI收益成長基金-AT累積類股(美元),yfinance,債券型,美國,A0036 安聯投信,安聯AGIF
B200295,2026-04-09,13.590700149536133,美元,安聯AI收益成長基金-AT累積類股(美元),yfinance,債券型,美國,A0036 安聯投信,安聯AGIF
B200295,2026-04-10,13.69279956817627,美元,安聯AI收益成長基金-AT累積類股(美元),yfinance,債券型,美國,A0036 安聯投信,安聯AGIF
B200295,2026-04-13,13.665900230407715,美元,安聯AI收益成長基金-AT累積類股(美元),yfinance,債券型,美國,A0036 安聯投信,安聯AGIF
B200295,2026-04-14,13.851099967956543,美元,安聯AI收益成長基金-AT累積類股(美元),yfinance,債券型,美國,A0036 安聯投信,安聯AGIF
B200295,2026-04-15,13.92870044708252,美元,安聯AI收益成長基金-AT累積類股(美元),yfinance,債券型,美國,A0036 安聯投信,安聯AGIF
B200295,2026-04-16,13.960599899291992,美元,安聯AI收益成長基金-AT累積類股(美元),yfinance,債券型,美國,A0036 安聯投信,安聯AGIF
B200295,2026-04-17,14.138999938964844,美元,安聯AI收益成長基金-AT累積類股(美元),yfinance,債券型,美國,A0036 安聯投信,安聯AGIF
B200295,2026-04-20,14.167499542236328,美元,安聯AI收益成長基金-AT累積類股(美元),yfinance,債券型,美國,A0036 安聯投信,安聯AGIF
B200295,2026-04-21,14.313300132751465,美元,安聯AI收益成長基金-AT累積類股(美元),yfinance,債券型,美國,A0036 安聯投信,安聯AGIF
B200295,2026-04-22,14.25510025024414,美元,安聯AI收益成長基金-AT累積類股(美元),yfinance,債券型,美國,A0036 安聯投信,安聯AGIF
B200295,2026-04-23,14.398300170898438,美元,安聯AI收益成長基金-AT累積類股(美元),yfinance,債券型,美國,A0036 安聯投信,安聯AGIF
B200295,2026-04-24,14.378899574279785,美元,安聯AI收益成長基金-AT累積類股(美元),yfinance,債券型,美國,A0036 安聯投信,安聯AGIF
B200295,2026-04-27,14.368399620056152,美元,安聯AI收益成長基金-AT累積類股(美元),yfinance,債券型,美國,A0036 安聯投信,安聯AGIF
B200295,2026-04-28,14.170700073242188,美元,安聯AI收益成長基金-AT累積類股(美元),yfinance,債券型,美國,A0036 安聯投信,安聯AGIF
B200295,2026-04-29,14.211099624633789,美元,安聯AI收益成長基金-AT累積類股(美元),yfinance,債券型,美國,A0036 安聯投信,安聯AGIF
B200295,2026-04-30,14.270700454711914,美元,安聯AI收益成長基金-AT累積類股(美元),yfinance,債券型,美國,A0036 安聯投信,安聯AGIF
B200295,2026-05-04,14.57919979095459,美元,安聯AI收益成長基金-AT累積類股(美元),yfinance,債券型,美國,A0036 安聯投信,安聯AGIF
B200295,2026-05-05,14.668999671936035,美元,安聯AI收益成長基金-AT累積類股(美元),yfinance,債券型,美國,A0036 安聯投信,安聯AGIF
B200295,2026-05-06,14.944100379943848,美元,安聯AI收益成長基金-AT累積類股(美元),yfinance,債券型,美國,A0036 安聯投信,安聯AGIF
B200295,2026-05-07,14.964500427246094,美元,安聯AI收益成長基金-AT累積類股(美元),yfinance,債券型,美國,A0036 安聯投信,安聯AGIF
B200295,2026-05-08,15.10420036315918,美元,安聯AI收益成長基金-AT累積類股(美元),yfinance,債券型,美國,A0036 安聯投信,安聯AGIF
B200295,2026-05-11,15.171299934387207,美元,安聯AI收益成長基金-AT累積類股(美元),yfinance,債券型,美國,A0036 安聯投信,安聯AGIF
B200295,2026-05-12,15.071499824523926,美元,安聯AI收益成長基金-AT累積類股(美元),yfinance,債券型,美國,A0036 安聯投信,安聯AGIF
B200295,2026-05-13,15.212499618530273,美元,安聯AI收益成長基金-AT累積類股(美元),yfinance,債券型,美國,A0036 安聯投信,安聯AGIF
B200295,2026-05-15,15.116000175476074,美元,安聯AI收益成長基金-AT累積類股(美元),yfinance,債券型,美國,A0036 安聯投信,安聯AGIF
B200295,2026-05-18,14.97130012512207,美元,安聯AI收益成長基金-AT累積類股(美元),yfinance,債券型,美國,A0036 安聯投信,安聯AGIF
B200295,2026-05-19,14.724300384521484,美元,安聯AI收益成長基金-AT累積類股(美元),yfinance,債券型,美國,A0036 安聯投信,安聯AGIF
B200295,2026-05-20,14.929800033569336,美元,安聯AI收益成長基金-AT累積類股(美元),yfinance,債券型,美國,A0036 安聯投信,安聯AGIF
B200295,2026-05-21,15.134900093078613,美元,安聯AI收益成長基金-AT累積類股(美元),yfinance,債券型,美國,A0036 安聯投信,安聯AGIF
B200295,2026-05-22,15.281299591064453,美元,安聯AI收益成長基金-AT累積類股(美元),yfinance,債券型,美國,A0036 安聯投信,安聯AGIF
B200295,2026-05-26,15.488100051879883,美元,安聯AI收益成長基金-AT累積類股(美元),yfinance,債券型,美國,A0036 安聯投信,安聯AGIF
B200295,2026-05-27,15.474300384521484,美元,安聯AI收益成長基金-AT累積類股(美元),yfinance,債券型,美國,A0036 安聯投信,安聯AGIF
B200295,2026-05-28,15.344499588012695,美元,安聯AI收益成長基金-AT累積類股(美元),yfinance,債券型,美國,A0036 安聯投信,安聯AGIF
B200295,2026-05-29,15.587900161743164,美元,安聯AI收益成長基金-AT累積類股(美元),yfinance,債券型,美國,A0036 安聯投信,安聯AGIF
B200295,2026-06-01,15.470100402832031,美元,安聯AI收益成長基金-AT累積類股(美元),yfinance,債券型,美國,A0036 安聯投信,安聯AGIF
B200295,2026-06-02,15.995800018310547,美元,安聯AI收益成長基金-AT累積類股(美元),yfinance,債券型,美國,A0036 安聯投信,安聯AGIF
B200295,2026-06-03,15.940799713134766,美元,安聯AI收益成長基金-AT累積類股(美元),yfinance,債券型,美國,A0036 安聯投信,安聯AGIF
B200295,2026-06-04,15.677800178527832,美元,安聯AI收益成長基金-AT累積類股(美元),yfinance,債券型,美國,A0036 安聯投信,安聯AGIF
B200295,2026-06-05,15.554800033569336,美元,安聯AI收益成長基金-AT累積類股(美元),yfinance,債券型,美國,A0036 安聯投信,安聯AGIF
B200295,2026-06-08,15.425100326538086,美元,安聯AI收益成長基金-AT累積類股(美元),yfinance,債券型,美國,A0036 安聯投信,安聯AGIF
B200295,2026-06-09,15.660599708557129,美元,安聯AI收益成長基金-AT累積類股(美元),yfinance,債券型,美國,A0036 安聯投信,安聯AGIF
B200295,2026-06-10,15.406499862670898,美元,安聯AI收益成長基金-AT累積類股(美元),yfinance,債券型,美國,A0036 安聯投信,安聯AGIF
B200295,2026-06-11,15.348199844360352,美元,安聯AI收益成長基金-AT累積類股(美元),yfinance,債券型,美國,A0036 安聯投信,安聯AGIF
B200295,2026-06-12,15.59570026397705,美元,安聯AI收益成長基金-AT累積類股(美元),yfinance,債券型,美國,A0036 安聯投信,安聯AGIF
B200295,2026-06-15,15.965499877929688,美元,安聯AI收益成長基金-AT累積類股(美元),yfinance,債券型,美國,A0036 安聯投信,安聯AGIF
B200295,2026-06-16,16.068500518798828,美元,安聯AI收益成長基金-AT累積類股(美元),yfinance,債券型,美國,A0036 安聯投信,安聯AGIF
B200295,2026-06-17,15.945099830627441,美元,安聯AI收益成長基金-AT累積類股(美元),yfinance,債券型,美國,A0036 安聯投信,安聯AGIF
B200295,2026-06-18,16.06410026550293,美元,安聯AI收益成長基金-AT累積類股(美元),yfinance,債券型,美國,A0036 安聯投信,安聯AGIF
B200295,2026-06-22,16.228700637817383,美元,安聯AI收益成長基金-AT累積類股(美元),yfinance,債券型,美國,A0036 安聯投信,安聯AGIF
B200295,2026-06-24,15.76990032196045,美元,安聯AI收益成長基金-AT累積類股(美元),yfinance,債券型,美國,A0036 安聯投信,安聯AGIF
B200295,2026-06-25,15.8056001663208,美元,安聯AI收益成長基金-AT累積類股(美元),yfinance,債券型,美國,A0036 安聯投信,安聯AGIF
B200295,2026-06-26,15.684700012207031,美元,安聯AI收益成長基金-AT累積類股(美元),yfinance,債券型,美國,A0036 安聯投信,安聯AGIF
B200295,2026-06-29,15.670999526977539,美元,安聯AI收益成長基金-AT累積類股(美元),yfinance,債券型,美國,A0036 安聯投信,安聯AGIF
B200295,2026-06-30,16.05190086364746,美元,安聯AI收益成長基金-AT累積類股(美元),yfinance,債券型,美國,A0036 安聯投信,安聯AGIF
B200295,2026-07-01,15.900699615478516,美元,安聯AI收益成長基金-AT累積類股(美元),yfinance,債券型,美國,A0036 安聯投信,安聯AGIF
B200295,2026-07-02,15.84570026397705,美元,安聯AI收益成長基金-AT累積類股(美元),yfinance,債券型,美國,A0036 安聯投信,安聯AGIF
B200295,2026-07-06,15.73639965057373,美元,安聯AI收益成長基金-AT累積類股(美元),yfinance,債券型,美國,A0036 安聯投信,安聯AGIF
B200295,2026-07-07,15.315600395202637,美元,安聯AI收益成長基金-AT累積類股(美元),yfinance,債券型,美國,A0036 安聯投信,安聯AGIF
B200295,2026-07-08,15.401900291442871,美元,安聯AI收益成長基金-AT累積類股(美元),yfinance,債券型,美國,A0036 安聯投信,安聯AGIF
B200295,2026-07-09,15.710700035095215,美元,安聯AI收益成長基金-AT累積類股(美元),yfinance,債券型,美國,A0036 安聯投信,安聯AGIF
B200295,2026-07-10,15.571499824523926,美元,安聯AI收益成長基金-AT累積類股(美元),yfinance,債券型,美國,A0036 安聯投信,安聯AGIF
B200295,2026-07-13,15.418299674987793,美元,安聯AI收益成長基金-AT累積類股(美元),yfinance,債券型,美國,A0036 安聯投信,安聯AGIF
B200295,2026-07-14,15.55109977722168,美元,安聯AI收益成長基金-AT累積類股(美元),yfinance,債券型,美國,A0036 安聯投信,安聯AGIF
B200295,2026-07-15,15.48639965057373,美元,安聯AI收益成長基金-AT累積類股(美元),yfinance,債券型,美國,A0036 安聯投信,安聯AGIF
B200295,2026-07-16,15.155099868774414,美元,安聯AI收益成長基金-AT累積類股(美元),yfinance,債券型,美國,A0036 安聯投信,安聯AGIF
B200295,2026-07-17,14.8572998046875,美元,安聯AI收益成長基金-AT累積類股(美元),yfinance,債券型,美國,A0036 安聯投信,安聯AGIF
B200295,2026-07-20,15.129400253295898,美元,安聯AI收益成長基金-AT累積類股(美元),yfinance,債券型,美國,A0036 安聯投信,安聯AGIF
B200295,2026-07-21,15.189000129699707,美元,安聯AI收益成長基金-AT累積類股(美元),yfinance,債券型,美國,A0036 安聯投信,安聯AGIF
B200295,2026-07-22,15.287699699401855,美元,安聯AI收益成長基金-AT累積類股(美元),yfinance,債券型,美國,A0036 安聯投信,安聯AGIF
B200295,2026-07-23,15.293100357055664,美元,安聯AI收益成長基金-AT累積類股(美元),yfinance,債券型,美國,A0036 安聯投信,安聯AGIF
B200295,2026-07-24,15.080499649047852,美元,安聯AI收益成長基金-AT累積類股(美元),yfinance,債券型,美國,A0036 安聯投信,安聯AGIF
B200295,2026-07-27,14.984700202941895,美元,安聯AI收益成長基金-AT累積類股(美元),yfinance,債券型,美國,A0036 安聯投信,安聯AGIF
B200295,2026-07-28,14.531299591064453,美元,安聯AI收益成長基金-AT累積類股(美元),yfinance,債券型,美國,A0036 安聯投信,安聯AGIF
B200295,2026-07-29,14.496500015258789,美元,安聯AI收益成長基金-AT累積類股(美元),yfinance,債券型,美國,A0036 安聯投信,安聯AGIF
B200295,2026-07-30,14.728699684143066,美元,安聯AI收益成長基金-AT累積類股(美元),yfinance,債券型,美國,A0036 安聯投信,安聯AGIF
B200295,2026-07-31,14.891400337219238,美元,安聯AI收益成長基金-AT累積類股(美元),yfinance,債券型,美國,A0036 安聯投信,安聯AGIF
B200295,2026-08-03,14.785400390625,美元,安聯AI收益成長基金-AT累積類股(美元),yfinance,債券型,美國,A0036 安聯投信,安聯AGIF
B200295,2026-08-04,15.237899780273438,美元,安聯AI收益成長基金-AT累積類股(美元),yfinance,債券型,美國,A0036 安聯投信,安聯AGIF
B200295,2026-08-05,15.50469970703125,美元,安聯AI收益成長基金-AT累積類股(美元),yfinance,債券型,美國,A0036 安聯投信,安聯AGIF
B200295,2026-08-06,15.238800048828125,美元,安聯AI收益成長基金-AT累積類股(美元),yfinance,債券型,美國,A0036 安聯投信,安聯AGIF
B200295,2026-08-07,15.334699630737305,美元,安聯AI收益成長基金-AT累積類股(美元),yfinance,債券型,美國,A0036 安聯投信,安聯AGIF
B200295,2026-08-10,15.33590030670166,美元,安聯AI收益成長基金-AT累積類股(美元),yfinance,債券型,美國,A0036 安聯投信,安聯AGIF
B200295,2026-08-11,15.298399925231934,美元,安聯AI收益成長基金-AT累積類股(美元),yfinance,債券型,美國,A0036 安聯投信,安聯AGIF
B200295,2026-08-12,15.528200149536133,美元,安聯AI收益成長基金-AT累積類股(美元),yfinance,債券型,美國,A0036 安聯投信,安聯AGIF
B200295,2026-08-13,15.595499992370605,美元,安聯AI收益成長基金-AT累積類股(美元),yfinance,債券型,美國,A0036 安聯投信,安聯AGIF
B200295,2026-08-14,15.5733003616333,美元,安聯AI收益成長基金-AT累積類股(美元),yfinance,債券型,美國,A0036 安聯投信,安聯AGIF
B200295,2026-08-17,15.646699905395508,美元,安聯AI收益成長基金-AT累積類股(美元),yfinance,債券型,美國,A0036 安聯投信,安聯AGIF
B200295,2026-08-18,15.321900367736816,美元,安聯AI收益成長基金-AT累積類股(美元),yfinance,債券型,美國,A0036 安聯投信,安聯AGIF
B220175,2026-01-02,10.739999771118164,美元,駿利亨德森資產管理基金 - 駿利亨德森環球房地產股票收益基金 T2 美元,yfinance,股票型,全球市場,A0032 野村投信,駿利亨德森CAPITAL
B220175,2026-01-05,10.720000267028809,美元,駿利亨德森資產管理基金 - 駿利亨德森環球房地產股票收益基金 T2 美元,yfinance,股票型,全球市場,A0032 野村投信,駿利亨德森CAPITAL
B220175,2026-01-06,10.770000457763672,美元,駿利亨德森資產管理基金 - 駿利亨德森環球房地產股票收益基金 T2 美元,yfinance,股票型,全球市場,A0032 野村投信,駿利亨德森CAPITAL
B220175,2026-01-07,10.729999542236328,美元,駿利亨德森資產管理基金 - 駿利亨德森環球房地產股票收益基金 T2 美元,yfinance,股票型,全球市場,A0032 野村投信,駿利亨德森CAPITAL
B220175,2026-01-08,10.8100004196167,美元,駿利亨德森資產管理基金 - 駿利亨德森環球房地產股票收益基金 T2 美元,yfinance,股票型,全球市場,A0032 野村投信,駿利亨德森CAPITAL
B220175,2026-01-09,10.789999961853027,美元,駿利亨德森資產管理基金 - 駿利亨德森環球房地產股票收益基金 T2 美元,yfinance,股票型,全球市場,A0032 野村投信,駿利亨德森CAPITAL
B220175,2026-01-12,10.800000190734863,美元,駿利亨德森資產管理基金 - 駿利亨德森環球房地產股票收益基金 T2 美元,yfinance,股票型,全球市場,A0032 野村投信,駿利亨德森CAPITAL
B220175,2026-01-13,10.829999923706055,美元,駿利亨德森資產管理基金 - 駿利亨德森環球房地產股票收益基金 T2 美元,yfinance,股票型,全球市場,A0032 野村投信,駿利亨德森CAPITAL
B220175,2026-01-14,10.890000343322754,美元,駿利亨德森資產管理基金 - 駿利亨德森環球房地產股票收益基金 T2 美元,yfinance,股票型,全球市場,A0032 野村投信,駿利亨德森CAPITAL
B220175,2026-01-15,10.930000305175781,美元,駿利亨德森資產管理基金 - 駿利亨德森環球房地產股票收益基金 T2 美元,yfinance,股票型,全球市場,A0032 野村投信,駿利亨德森CAPITAL
B220175,2026-01-16,11.050000190734863,美元,駿利亨德森資產管理基金 - 駿利亨德森環球房地產股票收益基金 T2 美元,yfinance,股票型,全球市場,A0032 野村投信,駿利亨德森CAPITAL
B220175,2026-01-20,10.920000076293945,美元,駿利亨德森資產管理基金 - 駿利亨德森環球房地產股票收益基金 T2 美元,yfinance,股票型,全球市場,A0032 野村投信,駿利亨德森CAPITAL
B220175,2026-01-21,10.890000343322754,美元,駿利亨德森資產管理基金 - 駿利亨德森環球房地產股票收益基金 T2 美元,yfinance,股票型,全球市場,A0032 野村投信,駿利亨德森CAPITAL
B220175,2026-01-22,10.800000190734863,美元,駿利亨德森資產管理基金 - 駿利亨德森環球房地產股票收益基金 T2 美元,yfinance,股票型,全球市場,A0032 野村投信,駿利亨德森CAPITAL
B220175,2026-01-23,10.850000381469727,美元,駿利亨德森資產管理基金 - 駿利亨德森環球房地產股票收益基金 T2 美元,yfinance,股票型,全球市場,A0032 野村投信,駿利亨德森CAPITAL
B220175,2026-01-26,10.829999923706055,美元,駿利亨德森資產管理基金 - 駿利亨德森環球房地產股票收益基金 T2 美元,yfinance,股票型,全球市場,A0032 野村投信,駿利亨德森CAPITAL
B220175,2026-01-27,10.84000015258789,美元,駿利亨德森資產管理基金 - 駿利亨德森環球房地產股票收益基金 T2 美元,yfinance,股票型,全球市場,A0032 野村投信,駿利亨德森CAPITAL
B220175,2026-01-28,10.760000228881836,美元,駿利亨德森資產管理基金 - 駿利亨德森環球房地產股票收益基金 T2 美元,yfinance,股票型,全球市場,A0032 野村投信,駿利亨德森CAPITAL
B220175,2026-01-29,10.899999618530273,美元,駿利亨德森資產管理基金 - 駿利亨德森環球房地產股票收益基金 T2 美元,yfinance,股票型,全球市場,A0032 野村投信,駿利亨德森CAPITAL
B220175,2026-01-30,10.90999984741211,美元,駿利亨德森資產管理基金 - 駿利亨德森環球房地產股票收益基金 T2 美元,yfinance,股票型,全球市場,A0032 野村投信,駿利亨德森CAPITAL
B220175,2026-02-02,10.819999694824219,美元,駿利亨德森資產管理基金 - 駿利亨德森環球房地產股票收益基金 T2 美元,yfinance,股票型,全球市場,A0032 野村投信,駿利亨德森CAPITAL
B220175,2026-02-03,10.899999618530273,美元,駿利亨德森資產管理基金 - 駿利亨德森環球房地產股票收益基金 T2 美元,yfinance,股票型,全球市場,A0032 野村投信,駿利亨德森CAPITAL
B220175,2026-02-04,11.010000228881836,美元,駿利亨德森資產管理基金 - 駿利亨德森環球房地產股票收益基金 T2 美元,yfinance,股票型,全球市場,A0032 野村投信,駿利亨德森CAPITAL
B220175,2026-02-05,11.029999732971191,美元,駿利亨德森資產管理基金 - 駿利亨德森環球房地產股票收益基金 T2 美元,yfinance,股票型,全球市場,A0032 野村投信,駿利亨德森CAPITAL
B220175,2026-02-06,11.130000114440918,美元,駿利亨德森資產管理基金 - 駿利亨德森環球房地產股票收益基金 T2 美元,yfinance,股票型,全球市場,A0032 野村投信,駿利亨德森CAPITAL
B220175,2026-02-09,11.180000305175781,美元,駿利亨德森資產管理基金 - 駿利亨德森環球房地產股票收益基金 T2 美元,yfinance,股票型,全球市場,A0032 野村投信,駿利亨德森CAPITAL
B220175,2026-02-10,11.319999694824219,美元,駿利亨德森資產管理基金 - 駿利亨德森環球房地產股票收益基金 T2 美元,yfinance,股票型,全球市場,A0032 野村投信,駿利亨德森CAPITAL
B220175,2026-02-11,11.34000015258789,美元,駿利亨德森資產管理基金 - 駿利亨德森環球房地產股票收益基金 T2 美元,yfinance,股票型,全球市場,A0032 野村投信,駿利亨德森CAPITAL
B220175,2026-02-12,11.25,美元,駿利亨德森資產管理基金 - 駿利亨德森環球房地產股票收益基金 T2 美元,yfinance,股票型,全球市場,A0032 野村投信,駿利亨德森CAPITAL
B220175,2026-02-13,11.380000114440918,美元,駿利亨德森資產管理基金 - 駿利亨德森環球房地產股票收益基金 T2 美元,yfinance,股票型,全球市場,A0032 野村投信,駿利亨德森CAPITAL
B220175,2026-02-17,11.5,美元,駿利亨德森資產管理基金 - 駿利亨德森環球房地產股票收益基金 T2 美元,yfinance,股票型,全球市場,A0032 野村投信,駿利亨德森CAPITAL
B220175,2026-02-18,11.390000343322754,美元,駿利亨德森資產管理基金 - 駿利亨德森環球房地產股票收益基金 T2 美元,yfinance,股票型,全球市場,A0032 野村投信,駿利亨德森CAPITAL
B220175,2026-02-19,11.380000114440918,美元,駿利亨德森資產管理基金 - 駿利亨德森環球房地產股票收益基金 T2 美元,yfinance,股票型,全球市場,A0032 野村投信,駿利亨德森CAPITAL
B220175,2026-02-20,11.479999542236328,美元,駿利亨德森資產管理基金 - 駿利亨德森環球房地產股票收益基金 T2 美元,yfinance,股票型,全球市場,A0032 野村投信,駿利亨德森CAPITAL
B220175,2026-02-23,11.449999809265137,美元,駿利亨德森資產管理基金 - 駿利亨德森環球房地產股票收益基金 T2 美元,yfinance,股票型,全球市場,A0032 野村投信,駿利亨德森CAPITAL
B220175,2026-02-24,11.460000038146973,美元,駿利亨德森資產管理基金 - 駿利亨德森環球房地產股票收益基金 T2 美元,yfinance,股票型,全球市場,A0032 野村投信,駿利亨德森CAPITAL
B220175,2026-02-25,11.489999771118164,美元,駿利亨德森資產管理基金 - 駿利亨德森環球房地產股票收益基金 T2 美元,yfinance,股票型,全球市場,A0032 野村投信,駿利亨德森CAPITAL
B220175,2026-02-26,11.5600004196167,美元,駿利亨德森資產管理基金 - 駿利亨德森環球房地產股票收益基金 T2 美元,yfinance,股票型,全球市場,A0032 野村投信,駿利亨德森CAPITAL
B220175,2026-02-27,11.520000457763672,美元,駿利亨德森資產管理基金 - 駿利亨德森環球房地產股票收益基金 T2 美元,yfinance,股票型,全球市場,A0032 野村投信,駿利亨德森CAPITAL
B220175,2026-03-02,11.539999961853027,美元,駿利亨德森資產管理基金 - 駿利亨德森環球房地產股票收益基金 T2 美元,yfinance,股票型,全球市場,A0032 野村投信,駿利亨德森CAPITAL
B220175,2026-03-03,11.390000343322754,美元,駿利亨德森資產管理基金 - 駿利亨德森環球房地產股票收益基金 T2 美元,yfinance,股票型,全球市場,A0032 野村投信,駿利亨德森CAPITAL
B220175,2026-03-04,11.399999618530273,美元,駿利亨德森資產管理基金 - 駿利亨德森環球房地產股票收益基金 T2 美元,yfinance,股票型,全球市場,A0032 野村投信,駿利亨德森CAPITAL
B220175,2026-03-05,11.3100004196167,美元,駿利亨德森資產管理基金 - 駿利亨德森環球房地產股票收益基金 T2 美元,yfinance,股票型,全球市場,A0032 野村投信,駿利亨德森CAPITAL
B220175,2026-03-06,11.1899995803833,美元,駿利亨德森資產管理基金 - 駿利亨德森環球房地產股票收益基金 T2 美元,yfinance,股票型,全球市場,A0032 野村投信,駿利亨德森CAPITAL
B220175,2026-03-09,11.1899995803833,美元,駿利亨德森資產管理基金 - 駿利亨德森環球房地產股票收益基金 T2 美元,yfinance,股票型,全球市場,A0032 野村投信,駿利亨德森CAPITAL
B220175,2026-03-10,11.229999542236328,美元,駿利亨德森資產管理基金 - 駿利亨德森環球房地產股票收益基金 T2 美元,yfinance,股票型,全球市場,A0032 野村投信,駿利亨德森CAPITAL
B220175,2026-03-11,11.130000114440918,美元,駿利亨德森資產管理基金 - 駿利亨德森環球房地產股票收益基金 T2 美元,yfinance,股票型,全球市場,A0032 野村投信,駿利亨德森CAPITAL
B220175,2026-03-12,11.020000457763672,美元,駿利亨德森資產管理基金 - 駿利亨德森環球房地產股票收益基金 T2 美元,yfinance,股票型,全球市場,A0032 野村投信,駿利亨德森CAPITAL
B220175,2026-03-13,10.970000267028809,美元,駿利亨德森資產管理基金 - 駿利亨德森環球房地產股票收益基金 T2 美元,yfinance,股票型,全球市場,A0032 野村投信,駿利亨德森CAPITAL
B220175,2026-03-16,11.09000015258789,美元,駿利亨德森資產管理基金 - 駿利亨德森環球房地產股票收益基金 T2 美元,yfinance,股票型,全球市場,A0032 野村投信,駿利亨德森CAPITAL
B220175,2026-03-17,11.149999618530273,美元,駿利亨德森資產管理基金 - 駿利亨德森環球房地產股票收益基金 T2 美元,yfinance,股票型,全球市場,A0032 野村投信,駿利亨德森CAPITAL
B220175,2026-03-18,11.010000228881836,美元,駿利亨德森資產管理基金 - 駿利亨德森環球房地產股票收益基金 T2 美元,yfinance,股票型,全球市場,A0032 野村投信,駿利亨德森CAPITAL
B220175,2026-03-19,10.949999809265137,美元,駿利亨德森資產管理基金 - 駿利亨德森環球房地產股票收益基金 T2 美元,yfinance,股票型,全球市場,A0032 野村投信,駿利亨德森CAPITAL
B220175,2026-03-20,10.640000343322754,美元,駿利亨德森資產管理基金 - 駿利亨德森環球房地產股票收益基金 T2 美元,yfinance,股票型,全球市場,A0032 野村投信,駿利亨德森CAPITAL
B220175,2026-03-23,10.710000038146973,美元,駿利亨德森資產管理基金 - 駿利亨德森環球房地產股票收益基金 T2 美元,yfinance,股票型,全球市場,A0032 野村投信,駿利亨德森CAPITAL
B220175,2026-03-24,10.680000305175781,美元,駿利亨德森資產管理基金 - 駿利亨德森環球房地產股票收益基金 T2 美元,yfinance,股票型,全球市場,A0032 野村投信,駿利亨德森CAPITAL
B220175,2026-03-25,10.699999809265137,美元,駿利亨德森資產管理基金 - 駿利亨德森環球房地產股票收益基金 T2 美元,yfinance,股票型,全球市場,A0032 野村投信,駿利亨德森CAPITAL
B220175,2026-03-26,10.640000343322754,美元,駿利亨德森資產管理基金 - 駿利亨德森環球房地產股票收益基金 T2 美元,yfinance,股票型,全球市場,A0032 野村投信,駿利亨德森CAPITAL
B220175,2026-03-27,10.539999961853027,美元,駿利亨德森資產管理基金 - 駿利亨德森環球房地產股票收益基金 T2 美元,yfinance,股票型,全球市場,A0032 野村投信,駿利亨德森CAPITAL
B220175,2026-03-30,10.569999694824219,美元,駿利亨德森資產管理基金 - 駿利亨德森環球房地產股票收益基金 T2 美元,yfinance,股票型,全球市場,A0032 野村投信,駿利亨德森CAPITAL
B220175,2026-03-31,10.729999542236328,美元,駿利亨德森資產管理基金 - 駿利亨德森環球房地產股票收益基金 T2 美元,yfinance,股票型,全球市場,A0032 野村投信,駿利亨德森CAPITAL
B220175,2026-04-01,10.819999694824219,美元,駿利亨德森資產管理基金 - 駿利亨德森環球房地產股票收益基金 T2 美元,yfinance,股票型,全球市場,A0032 野村投信,駿利亨德森CAPITAL
B220175,2026-04-02,10.890000343322754,美元,駿利亨德森資產管理基金 - 駿利亨德森環球房地產股票收益基金 T2 美元,yfinance,股票型,全球市場,A0032 野村投信,駿利亨德森CAPITAL
B220175,2026-04-06,10.880000114440918,美元,駿利亨德森資產管理基金 - 駿利亨德森環球房地產股票收益基金 T2 美元,yfinance,股票型,全球市場,A0032 野村投信,駿利亨德森CAPITAL
B220175,2026-04-07,10.930000305175781,美元,駿利亨德森資產管理基金 - 駿利亨德森環球房地產股票收益基金 T2 美元,yfinance,股票型,全球市場,A0032 野村投信,駿利亨德森CAPITAL
B220175,2026-04-08,11.180000305175781,美元,駿利亨德森資產管理基金 - 駿利亨德森環球房地產股票收益基金 T2 美元,yfinance,股票型,全球市場,A0032 野村投信,駿利亨德森CAPITAL
B220175,2026-04-09,11.260000228881836,美元,駿利亨德森資產管理基金 - 駿利亨德森環球房地產股票收益基金 T2 美元,yfinance,股票型,全球市場,A0032 野村投信,駿利亨德森CAPITAL
B220175,2026-04-10,11.3100004196167,美元,駿利亨德森資產管理基金 - 駿利亨德森環球房地產股票收益基金 T2 美元,yfinance,股票型,全球市場,A0032 野村投信,駿利亨德森CAPITAL
B220175,2026-04-13,11.319999694824219,美元,駿利亨德森資產管理基金 - 駿利亨德森環球房地產股票收益基金 T2 美元,yfinance,股票型,全球市場,A0032 野村投信,駿利亨德森CAPITAL
B220175,2026-04-14,11.449999809265137,美元,駿利亨德森資產管理基金 - 駿利亨德森環球房地產股票收益基金 T2 美元,yfinance,股票型,全球市場,A0032 野村投信,駿利亨德森CAPITAL
B220175,2026-04-15,11.460000038146973,美元,駿利亨德森資產管理基金 - 駿利亨德森環球房地產股票收益基金 T2 美元,yfinance,股票型,全球市場,A0032 野村投信,駿利亨德森CAPITAL
B220175,2026-04-16,11.539999961853027,美元,駿利亨德森資產管理基金 - 駿利亨德森環球房地產股票收益基金 T2 美元,yfinance,股票型,全球市場,A0032 野村投信,駿利亨德森CAPITAL
B220175,2026-04-17,11.680000305175781,美元,駿利亨德森資產管理基金 - 駿利亨德森環球房地產股票收益基金 T2 美元,yfinance,股票型,全球市場,A0032 野村投信,駿利亨德森CAPITAL
B220175,2026-04-20,11.65999984741211,美元,駿利亨德森資產管理基金 - 駿利亨德森環球房地產股票收益基金 T2 美元,yfinance,股票型,全球市場,A0032 野村投信,駿利亨德森CAPITAL
B220175,2026-04-21,11.489999771118164,美元,駿利亨德森資產管理基金 - 駿利亨德森環球房地產股票收益基金 T2 美元,yfinance,股票型,全球市場,A0032 野村投信,駿利亨德森CAPITAL
B220175,2026-04-22,11.399999618530273,美元,駿利亨德森資產管理基金 - 駿利亨德森環球房地產股票收益基金 T2 美元,yfinance,股票型,全球市場,A0032 野村投信,駿利亨德森CAPITAL
B220175,2026-04-23,11.489999771118164,美元,駿利亨德森資產管理基金 - 駿利亨德森環球房地產股票收益基金 T2 美元,yfinance,股票型,全球市場,A0032 野村投信,駿利亨德森CAPITAL
B220175,2026-04-24,11.479999542236328,美元,駿利亨德森資產管理基金 - 駿利亨德森環球房地產股票收益基金 T2 美元,yfinance,股票型,全球市場,A0032 野村投信,駿利亨德森CAPITAL
B220175,2026-04-27,11.470000267028809,美元,駿利亨德森資產管理基金 - 駿利亨德森環球房地產股票收益基金 T2 美元,yfinance,股票型,全球市場,A0032 野村投信,駿利亨德森CAPITAL
B220175,2026-04-28,11.550000190734863,美元,駿利亨德森資產管理基金 - 駿利亨德森環球房地產股票收益基金 T2 美元,yfinance,股票型,全球市場,A0032 野村投信,駿利亨德森CAPITAL
B220175,2026-04-29,11.449999809265137,美元,駿利亨德森資產管理基金 - 駿利亨德森環球房地產股票收益基金 T2 美元,yfinance,股票型,全球市場,A0032 野村投信,駿利亨德森CAPITAL
B220175,2026-04-30,11.65999984741211,美元,駿利亨德森資產管理基金 - 駿利亨德森環球房地產股票收益基金 T2 美元,yfinance,股票型,全球市場,A0032 野村投信,駿利亨德森CAPITAL
B220175,2026-05-01,11.630000114440918,美元,駿利亨德森資產管理基金 - 駿利亨德森環球房地產股票收益基金 T2 美元,yfinance,股票型,全球市場,A0032 野村投信,駿利亨德森CAPITAL
B220175,2026-05-04,11.550000190734863,美元,駿利亨德森資產管理基金 - 駿利亨德森環球房地產股票收益基金 T2 美元,yfinance,股票型,全球市場,A0032 野村投信,駿利亨德森CAPITAL
B220175,2026-05-05,11.579999923706055,美元,駿利亨德森資產管理基金 - 駿利亨德森環球房地產股票收益基金 T2 美元,yfinance,股票型,全球市場,A0032 野村投信,駿利亨德森CAPITAL
B220175,2026-05-06,11.760000228881836,美元,駿利亨德森資產管理基金 - 駿利亨德森環球房地產股票收益基金 T2 美元,yfinance,股票型,全球市場,A0032 野村投信,駿利亨德森CAPITAL
B220175,2026-05-07,11.699999809265137,美元,駿利亨德森資產管理基金 - 駿利亨德森環球房地產股票收益基金 T2 美元,yfinance,股票型,全球市場,A0032 野村投信,駿利亨德森CAPITAL
B220175,2026-05-08,11.75,美元,駿利亨德森資產管理基金 - 駿利亨德森環球房地產股票收益基金 T2 美元,yfinance,股票型,全球市場,A0032 野村投信,駿利亨德森CAPITAL
B220175,2026-05-11,11.720000267028809,美元,駿利亨德森資產管理基金 - 駿利亨德森環球房地產股票收益基金 T2 美元,yfinance,股票型,全球市場,A0032 野村投信,駿利亨德森CAPITAL
B220175,2026-05-12,11.710000038146973,美元,駿利亨德森資產管理基金 - 駿利亨德森環球房地產股票收益基金 T2 美元,yfinance,股票型,全球市場,A0032 野村投信,駿利亨德森CAPITAL
B220175,2026-05-13,11.680000305175781,美元,駿利亨德森資產管理基金 - 駿利亨德森環球房地產股票收益基金 T2 美元,yfinance,股票型,全球市場,A0032 野村投信,駿利亨德森CAPITAL
B220175,2026-05-14,11.649999618530273,美元,駿利亨德森資產管理基金 - 駿利亨德森環球房地產股票收益基金 T2 美元,yfinance,股票型,全球市場,A0032 野村投信,駿利亨德森CAPITAL
B220175,2026-05-15,11.489999771118164,美元,駿利亨德森資產管理基金 - 駿利亨德森環球房地產股票收益基金 T2 美元,yfinance,股票型,全球市場,A0032 野村投信,駿利亨德森CAPITAL
B220175,2026-05-18,11.550000190734863,美元,駿利亨德森資產管理基金 - 駿利亨德森環球房地產股票收益基金 T2 美元,yfinance,股票型,全球市場,A0032 野村投信,駿利亨德森CAPITAL
B220175,2026-05-19,11.579999923706055,美元,駿利亨德森資產管理基金 - 駿利亨德森環球房地產股票收益基金 T2 美元,yfinance,股票型,全球市場,A0032 野村投信,駿利亨德森CAPITAL
B220175,2026-05-20,11.699999809265137,美元,駿利亨德森資產管理基金 - 駿利亨德森環球房地產股票收益基金 T2 美元,yfinance,股票型,全球市場,A0032 野村投信,駿利亨德森CAPITAL
B220175,2026-05-21,11.739999771118164,美元,駿利亨德森資產管理基金 - 駿利亨德森環球房地產股票收益基金 T2 美元,yfinance,股票型,全球市場,A0032 野村投信,駿利亨德森CAPITAL
B220175,2026-05-22,11.710000038146973,美元,駿利亨德森資產管理基金 - 駿利亨德森環球房地產股票收益基金 T2 美元,yfinance,股票型,全球市場,A0032 野村投信,駿利亨德森CAPITAL
B220175,2026-05-26,11.779999732971191,美元,駿利亨德森資產管理基金 - 駿利亨德森環球房地產股票收益基金 T2 美元,yfinance,股票型,全球市場,A0032 野村投信,駿利亨德森CAPITAL
B220175,2026-05-27,11.760000228881836,美元,駿利亨德森資產管理基金 - 駿利亨德森環球房地產股票收益基金 T2 美元,yfinance,股票型,全球市場,A0032 野村投信,駿利亨德森CAPITAL
B220175,2026-05-28,11.720000267028809,美元,駿利亨德森資產管理基金 - 駿利亨德森環球房地產股票收益基金 T2 美元,yfinance,股票型,全球市場,A0032 野村投信,駿利亨德森CAPITAL
B220175,2026-05-29,11.640000343322754,美元,駿利亨德森資產管理基金 - 駿利亨德森環球房地產股票收益基金 T2 美元,yfinance,股票型,全球市場,A0032 野村投信,駿利亨德森CAPITAL
B220175,2026-06-01,11.430000305175781,美元,駿利亨德森資產管理基金 - 駿利亨德森環球房地產股票收益基金 T2 美元,yfinance,股票型,全球市場,A0032 野村投信,駿利亨德森CAPITAL
B220175,2026-06-02,11.420000076293945,美元,駿利亨德森資產管理基金 - 駿利亨德森環球房地產股票收益基金 T2 美元,yfinance,股票型,全球市場,A0032 野村投信,駿利亨德森CAPITAL
B220175,2026-06-03,11.380000114440918,美元,駿利亨德森資產管理基金 - 駿利亨德森環球房地產股票收益基金 T2 美元,yfinance,股票型,全球市場,A0032 野村投信,駿利亨德森CAPITAL
B220175,2026-06-04,11.479999542236328,美元,駿利亨德森資產管理基金 - 駿利亨德森環球房地產股票收益基金 T2 美元,yfinance,股票型,全球市場,A0032 野村投信,駿利亨德森CAPITAL
B220175,2026-06-05,11.539999961853027,美元,駿利亨德森資產管理基金 - 駿利亨德森環球房地產股票收益基金 T2 美元,yfinance,股票型,全球市場,A0032 野村投信,駿利亨德森CAPITAL
B220175,2026-06-08,11.470000267028809,美元,駿利亨德森資產管理基金 - 駿利亨德森環球房地產股票收益基金 T2 美元,yfinance,股票型,全球市場,A0032 野村投信,駿利亨德森CAPITAL
B220175,2026-06-09,11.720000267028809,美元,駿利亨德森資產管理基金 - 駿利亨德森環球房地產股票收益基金 T2 美元,yfinance,股票型,全球市場,A0032 野村投信,駿利亨德森CAPITAL
B220175,2026-06-10,11.760000228881836,美元,駿利亨德森資產管理基金 - 駿利亨德森環球房地產股票收益基金 T2 美元,yfinance,股票型,全球市場,A0032 野村投信,駿利亨德森CAPITAL
B220175,2026-06-11,11.8100004196167,美元,駿利亨德森資產管理基金 - 駿利亨德森環球房地產股票收益基金 T2 美元,yfinance,股票型,全球市場,A0032 野村投信,駿利亨德森CAPITAL
B220175,2026-06-12,11.930000305175781,美元,駿利亨德森資產管理基金 - 駿利亨德森環球房地產股票收益基金 T2 美元,yfinance,股票型,全球市場,A0032 野村投信,駿利亨德森CAPITAL
B220175,2026-06-15,11.869999885559082,美元,駿利亨德森資產管理基金 - 駿利亨德森環球房地產股票收益基金 T2 美元,yfinance,股票型,全球市場,A0032 野村投信,駿利亨德森CAPITAL
B220175,2026-06-16,11.850000381469727,美元,駿利亨德森資產管理基金 - 駿利亨德森環球房地產股票收益基金 T2 美元,yfinance,股票型,全球市場,A0032 野村投信,駿利亨德森CAPITAL
B220175,2026-06-17,11.600000381469727,美元,駿利亨德森資產管理基金 - 駿利亨德森環球房地產股票收益基金 T2 美元,yfinance,股票型,全球市場,A0032 野村投信,駿利亨德森CAPITAL
B220175,2026-06-18,11.600000381469727,美元,駿利亨德森資產管理基金 - 駿利亨德森環球房地產股票收益基金 T2 美元,yfinance,股票型,全球市場,A0032 野村投信,駿利亨德森CAPITAL
B220175,2026-06-22,11.699999809265137,美元,駿利亨德森資產管理基金 - 駿利亨德森環球房地產股票收益基金 T2 美元,yfinance,股票型,全球市場,A0032 野村投信,駿利亨德森CAPITAL
B220175,2026-06-23,11.800000190734863,美元,駿利亨德森資產管理基金 - 駿利亨德森環球房地產股票收益基金 T2 美元,yfinance,股票型,全球市場,A0032 野村投信,駿利亨德森CAPITAL
B220175,2026-06-24,11.890000343322754,美元,駿利亨德森資產管理基金 - 駿利亨德森環球房地產股票收益基金 T2 美元,yfinance,股票型,全球市場,A0032 野村投信,駿利亨德森CAPITAL
B220175,2026-06-25,11.970000267028809,美元,駿利亨德森資產管理基金 - 駿利亨德森環球房地產股票收益基金 T2 美元,yfinance,股票型,全球市場,A0032 野村投信,駿利亨德森CAPITAL
B220175,2026-06-26,12.09000015258789,美元,駿利亨德森資產管理基金 - 駿利亨德森環球房地產股票收益基金 T2 美元,yfinance,股票型,全球市場,A0032 野村投信,駿利亨德森CAPITAL
B220175,2026-06-29,12.069999694824219,美元,駿利亨德森資產管理基金 - 駿利亨德森環球房地產股票收益基金 T2 美元,yfinance,股票型,全球市場,A0032 野村投信,駿利亨德森CAPITAL
B220175,2026-06-30,11.890000343322754,美元,駿利亨德森資產管理基金 - 駿利亨德森環球房地產股票收益基金 T2 美元,yfinance,股票型,全球市場,A0032 野村投信,駿利亨德森CAPITAL
B220175,2026-07-01,11.880000114440918,美元,駿利亨德森資產管理基金 - 駿利亨德森環球房地產股票收益基金 T2 美元,yfinance,股票型,全球市場,A0032 野村投信,駿利亨德森CAPITAL
B220175,2026-07-02,12.079999923706055,美元,駿利亨德森資產管理基金 - 駿利亨德森環球房地產股票收益基金 T2 美元,yfinance,股票型,全球市場,A0032 野村投信,駿利亨德森CAPITAL
B220175,2026-07-06,12.050000190734863,美元,駿利亨德森資產管理基金 - 駿利亨德森環球房地產股票收益基金 T2 美元,yfinance,股票型,全球市場,A0032 野村投信,駿利亨德森CAPITAL
B220175,2026-07-07,12.15999984741211,美元,駿利亨德森資產管理基金 - 駿利亨德森環球房地產股票收益基金 T2 美元,yfinance,股票型,全球市場,A0032 野村投信,駿利亨德森CAPITAL
B220175,2026-07-08,11.989999771118164,美元,駿利亨德森資產管理基金 - 駿利亨德森環球房地產股票收益基金 T2 美元,yfinance,股票型,全球市場,A0032 野村投信,駿利亨德森CAPITAL
B220175,2026-07-09,11.989999771118164,美元,駿利亨德森資產管理基金 - 駿利亨德森環球房地產股票收益基金 T2 美元,yfinance,股票型,全球市場,A0032 野村投信,駿利亨德森CAPITAL
B220175,2026-07-10,11.949999809265137,美元,駿利亨德森資產管理基金 - 駿利亨德森環球房地產股票收益基金 T2 美元,yfinance,股票型,全球市場,A0032 野村投信,駿利亨德森CAPITAL
B220175,2026-07-13,12.0,美元,駿利亨德森資產管理基金 - 駿利亨德森環球房地產股票收益基金 T2 美元,yfinance,股票型,全球市場,A0032 野村投信,駿利亨德森CAPITAL
B220175,2026-07-14,11.989999771118164,美元,駿利亨德森資產管理基金 - 駿利亨德森環球房地產股票收益基金 T2 美元,yfinance,股票型,全球市場,A0032 野村投信,駿利亨德森CAPITAL
B220175,2026-07-15,12.029999732971191,美元,駿利亨德森資產管理基金 - 駿利亨德森環球房地產股票收益基金 T2 美元,yfinance,股票型,全球市場,A0032 野村投信,駿利亨德森CAPITAL
B220175,2026-07-16,12.300000190734863,美元,駿利亨德森資產管理基金 - 駿利亨德森環球房地產股票收益基金 T2 美元,yfinance,股票型,全球市場,A0032 野村投信,駿利亨德森CAPITAL
B220175,2026-07-17,12.34000015258789,美元,駿利亨德森資產管理基金 - 駿利亨德森環球房地產股票收益基金 T2 美元,yfinance,股票型,全球市場,A0032 野村投信,駿利亨德森CAPITAL
B220175,2026-07-20,12.300000190734863,美元,駿利亨德森資產管理基金 - 駿利亨德森環球房地產股票收益基金 T2 美元,yfinance,股票型,全球市場,A0032 野村投信,駿利亨德森CAPITAL
B220175,2026-07-21,12.350000381469727,美元,駿利亨德森資產管理基金 - 駿利亨德森環球房地產股票收益基金 T2 美元,yfinance,股票型,全球市場,A0032 野村投信,駿利亨德森CAPITAL
B220175,2026-07-22,12.279999732971191,美元,駿利亨德森資產管理基金 - 駿利亨德森環球房地產股票收益基金 T2 美元,yfinance,股票型,全球市場,A0032 野村投信,駿利亨德森CAPITAL
B220175,2026-07-23,12.270000457763672,美元,駿利亨德森資產管理基金 - 駿利亨德森環球房地產股票收益基金 T2 美元,yfinance,股票型,全球市場,A0032 野村投信,駿利亨德森CAPITAL
B220175,2026-07-24,12.489999771118164,美元,駿利亨德森資產管理基金 - 駿利亨德森環球房地產股票收益基金 T2 美元,yfinance,股票型,全球市場,A0032 野村投信,駿利亨德森CAPITAL
B220175,2026-07-27,12.489999771118164,美元,駿利亨德森資產管理基金 - 駿利亨德森環球房地產股票收益基金 T2 美元,yfinance,股票型,全球市場,A0032 野村投信,駿利亨德森CAPITAL
B220175,2026-07-28,12.510000228881836,美元,駿利亨德森資產管理基金 - 駿利亨德森環球房地產股票收益基金 T2 美元,yfinance,股票型,全球市場,A0032 野村投信,駿利亨德森CAPITAL
B220175,2026-07-29,12.470000267028809,美元,駿利亨德森資產管理基金 - 駿利亨德森環球房地產股票收益基金 T2 美元,yfinance,股票型,全球市場,A0032 野村投信,駿利亨德森CAPITAL
B220175,2026-07-30,12.359999656677246,美元,駿利亨德森資產管理基金 - 駿利亨德森環球房地產股票收益基金 T2 美元,yfinance,股票型,全球市場,A0032 野村投信,駿利亨德森CAPITAL
B220175,2026-07-31,12.289999961853027,美元,駿利亨德森資產管理基金 - 駿利亨德森環球房地產股票收益基金 T2 美元,yfinance,股票型,全球市場,A0032 野村投信,駿利亨德森CAPITAL
B220175,2026-08-03,12.239999771118164,美元,駿利亨德森資產管理基金 - 駿利亨德森環球房地產股票收益基金 T2 美元,yfinance,股票型,全球市場,A0032 野村投信,駿利亨德森CAPITAL
B220175,2026-08-04,12.1899995803833,美元,駿利亨德森資產管理基金 - 駿利亨德森環球房地產股票收益基金 T2 美元,yfinance,股票型,全球市場,A0032 野村投信,駿利亨德森CAPITAL
B220175,2026-08-05,12.229999542236328,美元,駿利亨德森資產管理基金 - 駿利亨德森環球房地產股票收益基金 T2 美元,yfinance,股票型,全球市場,A0032 野村投信,駿利亨德森CAPITAL
B220175,2026-08-06,12.109999656677246,美元,駿利亨德森資產管理基金 - 駿利亨德森環球房地產股票收益基金 T2 美元,yfinance,股票型,全球市場,A0032 野村投信,駿利亨德森CAPITAL
B220175,2026-08-07,12.140000343322754,美元,駿利亨德森資產管理基金 - 駿利亨德森環球房地產股票收益基金 T2 美元,yfinance,股票型,全球市場,A0032 野村投信,駿利亨德森CAPITAL
B220175,2026-08-10,11.979999542236328,美元,駿利亨德森資產管理基金 - 駿利亨德森環球房地產股票收益基金 T2 美元,yfinance,股票型,全球市場,A0032 野村投信,駿利亨德森CAPITAL
B220175,2026-08-11,11.880000114440918,美元,駿利亨德森資產管理基金 - 駿利亨德森環球房地產股票收益基金 T2 美元,yfinance,股票型,全球市場,A0032 野村投信,駿利亨德森CAPITAL
B220175,2026-08-12,11.979999542236328,美元,駿利亨德森資產管理基金 - 駿利亨德森環球房地產股票收益基金 T2 美元,yfinance,股票型,全球市場,A0032 野村投信,駿利亨德森CAPITAL
B220175,2026-08-13,12.050000190734863,美元,駿利亨德森資產管理基金 - 駿利亨德森環球房地產股票收益基金 T2 美元,yfinance,股票型,全球市場,A0032 野村投信,駿利亨德森CAPITAL
B220175,2026-08-14,12.069999694824219,美元,駿利亨德森資產管理基金 - 駿利亨德森環球房地產股票收益基金 T2 美元,yfinance,股票型,全球市場,A0032 野村投信,駿利亨德森CAPITAL
B220175,2026-08-17,12.010000228881836,美元,駿利亨德森資產管理基金 - 駿利亨德森環球房地產股票收益基金 T2 美元,yfinance,股票型,全球市場,A0032 野村投信,駿利亨德森CAPITAL
B200310,2026-01-02,10.370720863342285,美元,安聯新興市場主權債券基金-AM穩定月收類股(美元),yfinance,債券型,全球新興市場,A0036 安聯投信,安聯AGIF
B200310,2026-01-05,10.365774154663086,美元,安聯新興市場主權債券基金-AM穩定月收類股(美元),yfinance,債券型,全球新興市場,A0036 安聯投信,安聯AGIF
B200310,2026-01-06,10.420461654663086,美元,安聯新興市場主權債券基金-AM穩定月收類股(美元),yfinance,債券型,全球新興市場,A0036 安聯投信,安聯AGIF
B200310,2026-01-07,10.422595977783203,美元,安聯新興市場主權債券基金-AM穩定月收類股(美元),yfinance,債券型,全球新興市場,A0036 安聯投信,安聯AGIF
B200310,2026-01-08,10.39030647277832,美元,安聯新興市場主權債券基金-AM穩定月收類股(美元),yfinance,債券型,全球新興市場,A0036 安聯投信,安聯AGIF
B200310,2026-01-09,10.382258415222168,美元,安聯新興市場主權債券基金-AM穩定月收類股(美元),yfinance,債券型,全球新興市場,A0036 安聯投信,安聯AGIF
B200310,2026-01-12,10.388755798339844,美元,安聯新興市場主權債券基金-AM穩定月收類股(美元),yfinance,債券型,全球新興市場,A0036 安聯投信,安聯AGIF
B200310,2026-01-13,10.385458946228027,美元,安聯新興市場主權債券基金-AM穩定月收類股(美元),yfinance,債券型,全球新興市場,A0036 安聯投信,安聯AGIF
B200310,2026-01-14,10.390790939331055,美元,安聯新興市場主權債券基金-AM穩定月收類股(美元),yfinance,債券型,全球新興市場,A0036 安聯投信,安聯AGIF
B200310,2026-01-15,10.399633407592773,美元,安聯新興市場主權債券基金-AM穩定月收類股(美元),yfinance,債券型,全球新興市場,A0036 安聯投信,安聯AGIF
B200310,2026-01-16,10.41326904296875,美元,安聯新興市場主權債券基金-AM穩定月收類股(美元),yfinance,債券型,全球新興市場,A0036 安聯投信,安聯AGIF
B200310,2026-01-20,10.349770545959473,美元,安聯新興市場主權債券基金-AM穩定月收類股(美元),yfinance,債券型,全球新興市場,A0036 安聯投信,安聯AGIF
B200310,2026-01-21,10.35006332397461,美元,安聯新興市場主權債券基金-AM穩定月收類股(美元),yfinance,債券型,全球新興市場,A0036 安聯投信,安聯AGIF
B200310,2026-01-22,10.408205032348633,美元,安聯新興市場主權債券基金-AM穩定月收類股(美元),yfinance,債券型,全球新興市場,A0036 安聯投信,安聯AGIF
B200310,2026-01-23,10.425247192382812,美元,安聯新興市場主權債券基金-AM穩定月收類股(美元),yfinance,債券型,全球新興市場,A0036 安聯投信,安聯AGIF
B200310,2026-01-26,10.449109077453613,美元,安聯新興市場主權債券基金-AM穩定月收類股(美元),yfinance,債券型,全球新興市場,A0036 安聯投信,安聯AGIF
B200310,2026-01-27,10.465373039245605,美元,安聯新興市場主權債券基金-AM穩定月收類股(美元),yfinance,債券型,全球新興市場,A0036 安聯投信,安聯AGIF
B200310,2026-01-28,10.458457946777344,美元,安聯新興市場主權債券基金-AM穩定月收類股(美元),yfinance,債券型,全球新興市場,A0036 安聯投信,安聯AGIF
B200310,2026-01-29,10.456509590148926,美元,安聯新興市場主權債券基金-AM穩定月收類股(美元),yfinance,債券型,全球新興市場,A0036 安聯投信,安聯AGIF
B200310,2026-01-30,10.440537452697754,美元,安聯新興市場主權債券基金-AM穩定月收類股(美元),yfinance,債券型,全球新興市場,A0036 安聯投信,安聯AGIF
B200310,2026-02-02,10.456997871398926,美元,安聯新興市場主權債券基金-AM穩定月收類股(美元),yfinance,債券型,全球新興市場,A0036 安聯投信,安聯AGIF
B200310,2026-02-03,10.463132858276367,美元,安聯新興市場主權債券基金-AM穩定月收類股(美元),yfinance,債券型,全球新興市場,A0036 安聯投信,安聯AGIF
B200310,2026-02-04,10.457094192504883,美元,安聯新興市場主權債券基金-AM穩定月收類股(美元),yfinance,債券型,全球新興市場,A0036 安聯投信,安聯AGIF
B200310,2026-02-05,10.464886665344238,美元,安聯新興市場主權債券基金-AM穩定月收類股(美元),yfinance,債券型,全球新興市場,A0036 安聯投信,安聯AGIF
B200310,2026-02-06,10.477449417114258,美元,安聯新興市場主權債券基金-AM穩定月收類股(美元),yfinance,債券型,全球新興市場,A0036 安聯投信,安聯AGIF
B200310,2026-02-09,10.496829986572266,美元,安聯新興市場主權債券基金-AM穩定月收類股(美元),yfinance,債券型,全球新興市場,A0036 安聯投信,安聯AGIF
B200310,2026-02-10,10.526046752929688,美元,安聯新興市場主權債券基金-AM穩定月收類股(美元),yfinance,債券型,全球新興市場,A0036 安聯投信,安聯AGIF
B200310,2026-02-11,10.5609130859375,美元,安聯新興市場主權債券基金-AM穩定月收類股(美元),yfinance,債券型,全球新興市場,A0036 安聯投信,安聯AGIF
B200310,2026-02-12,10.551563262939453,美元,安聯新興市場主權債券基金-AM穩定月收類股(美元),yfinance,債券型,全球新興市場,A0036 安聯投信,安聯AGIF
B200310,2026-02-13,10.576202392578125,美元,安聯新興市場主權債券基金-AM穩定月收類股(美元),yfinance,債券型,全球新興市場,A0036 安聯投信,安聯AGIF
B200310,2026-02-17,10.619221687316895,美元,安聯新興市場主權債券基金-AM穩定月收類股(美元),yfinance,債券型,全球新興市場,A0036 安聯投信,安聯AGIF
B200310,2026-02-18,10.619318008422852,美元,安聯新興市場主權債券基金-AM穩定月收類股(美元),yfinance,債券型,全球新興市場,A0036 安聯投信,安聯AGIF
B200310,2026-02-19,10.611590385437012,美元,安聯新興市場主權債券基金-AM穩定月收類股(美元),yfinance,債券型,全球新興市場,A0036 安聯投信,安聯AGIF
B200310,2026-02-20,10.598387718200684,美元,安聯新興市場主權債券基金-AM穩定月收類股(美元),yfinance,債券型,全球新興市場,A0036 安聯投信,安聯AGIF
B200310,2026-02-23,10.59809398651123,美元,安聯新興市場主權債券基金-AM穩定月收類股(美元),yfinance,債券型,全球新興市場,A0036 安聯投信,安聯AGIF
B200310,2026-02-24,10.60787582397461,美元,安聯新興市場主權債券基金-AM穩定月收類股(美元),yfinance,債券型,全球新興市場,A0036 安聯投信,安聯AGIF
B200310,2026-02-25,10.60758113861084,美元,安聯新興市場主權債券基金-AM穩定月收類股(美元),yfinance,債券型,全球新興市場,A0036 安聯投信,安聯AGIF
B200310,2026-02-26,10.614428520202637,美元,安聯新興市場主權債券基金-AM穩定月收類股(美元),yfinance,債券型,全球新興市場,A0036 安聯投信,安聯AGIF
B200310,2026-02-27,10.611886024475098,美元,安聯新興市場主權債券基金-AM穩定月收類股(美元),yfinance,債券型,全球新興市場,A0036 安聯投信,安聯AGIF
B200310,2026-03-02,10.548697471618652,美元,安聯新興市場主權債券基金-AM穩定月收類股(美元),yfinance,債券型,全球新興市場,A0036 安聯投信,安聯AGIF
B200310,2026-03-03,10.506148338317871,美元,安聯新興市場主權債券基金-AM穩定月收類股(美元),yfinance,債券型,全球新興市場,A0036 安聯投信,安聯AGIF
B200310,2026-03-04,10.476119995117188,美元,安聯新興市場主權債券基金-AM穩定月收類股(美元),yfinance,債券型,全球新興市場,A0036 安聯投信,安聯AGIF
B200310,2026-03-05,10.537546157836914,美元,安聯新興市場主權債券基金-AM穩定月收類股(美元),yfinance,債券型,全球新興市場,A0036 安聯投信,安聯AGIF
B200310,2026-03-06,10.49548625946045,美元,安聯新興市場主權債券基金-AM穩定月收類股(美元),yfinance,債券型,全球新興市場,A0036 安聯投信,安聯AGIF
B200310,2026-03-09,10.368620872497559,美元,安聯新興市場主權債券基金-AM穩定月收類股(美元),yfinance,債券型,全球新興市場,A0036 安聯投信,安聯AGIF
B200310,2026-03-10,10.473478317260742,美元,安聯新興市場主權債券基金-AM穩定月收類股(美元),yfinance,債券型,全球新興市場,A0036 安聯投信,安聯AGIF
B200310,2026-03-11,10.470151901245117,美元,安聯新興市場主權債券基金-AM穩定月收類股(美元),yfinance,債券型,全球新興市場,A0036 安聯投信,安聯AGIF
B200310,2026-03-12,10.417430877685547,美元,安聯新興市場主權債券基金-AM穩定月收類股(美元),yfinance,債券型,全球新興市場,A0036 安聯投信,安聯AGIF
B200310,2026-03-13,10.347883224487305,美元,安聯新興市場主權債券基金-AM穩定月收類股(美元),yfinance,債券型,全球新興市場,A0036 安聯投信,安聯AGIF
B200310,2026-03-16,10.31779956817627,美元,安聯新興市場主權債券基金-AM穩定月收類股(美元),yfinance,債券型,全球新興市場,A0036 安聯投信,安聯AGIF
B200310,2026-03-17,10.336074829101562,美元,安聯新興市場主權債券基金-AM穩定月收類股(美元),yfinance,債券型,全球新興市場,A0036 安聯投信,安聯AGIF
B200310,2026-03-18,10.395419120788574,美元,安聯新興市場主權債券基金-AM穩定月收類股(美元),yfinance,債券型,全球新興市場,A0036 安聯投信,安聯AGIF
B200310,2026-03-19,10.300311088562012,美元,安聯新興市場主權債券基金-AM穩定月收類股(美元),yfinance,債券型,全球新興市場,A0036 安聯投信,安聯AGIF
B200310,2026-03-20,10.311511039733887,美元,安聯新興市場主權債券基金-AM穩定月收類股(美元),yfinance,債券型,全球新興市場,A0036 安聯投信,安聯AGIF
B200310,2026-03-23,10.155683517456055,美元,安聯新興市場主權債券基金-AM穩定月收類股(美元),yfinance,債券型,全球新興市場,A0036 安聯投信,安聯AGIF
B200310,2026-03-24,10.263663291931152,美元,安聯新興市場主權債券基金-AM穩定月收類股(美元),yfinance,債券型,全球新興市場,A0036 安聯投信,安聯AGIF
B200310,2026-03-25,10.283903121948242,美元,安聯新興市場主權債券基金-AM穩定月收類股(美元),yfinance,債券型,全球新興市場,A0036 安聯投信,安聯AGIF
B200310,2026-03-26,10.277419090270996,美元,安聯新興市場主權債券基金-AM穩定月收類股(美元),yfinance,債券型,全球新興市場,A0036 安聯投信,安聯AGIF
B200310,2026-03-27,10.21286678314209,美元,安聯新興市場主權債券基金-AM穩定月收類股(美元),yfinance,債券型,全球新興市場,A0036 安聯投信,安聯AGIF
B200310,2026-03-30,10.171895980834961,美元,安聯新興市場主權債券基金-AM穩定月收類股(美元),yfinance,債券型,全球新興市場,A0036 安聯投信,安聯AGIF
B200310,2026-03-31,10.180150985717773,美元,安聯新興市場主權債券基金-AM穩定月收類股(美元),yfinance,債券型,全球新興市場,A0036 安聯投信,安聯AGIF
B200310,2026-04-01,10.285768508911133,美元,安聯新興市場主權債券基金-AM穩定月收類股(美元),yfinance,債券型,全球新興市場,A0036 安聯投信,安聯AGIF
B200310,2026-04-02,10.251774787902832,美元,安聯新興市場主權債券基金-AM穩定月收類股(美元),yfinance,債券型,全球新興市場,A0036 安聯投信,安聯AGIF
B200310,2026-04-07,10.286359786987305,美元,安聯新興市場主權債券基金-AM穩定月收類股(美元),yfinance,債券型,全球新興市場,A0036 安聯投信,安聯AGIF
B200310,2026-04-08,10.38647747039795,美元,安聯新興市場主權債券基金-AM穩定月收類股(美元),yfinance,債券型,全球新興市場,A0036 安聯投信,安聯AGIF
B200310,2026-04-09,10.41860580444336,美元,安聯新興市場主權債券基金-AM穩定月收類股(美元),yfinance,債券型,全球新興市場,A0036 安聯投信,安聯AGIF
B200310,2026-04-10,10.464783668518066,美元,安聯新興市場主權債券基金-AM穩定月收類股(美元),yfinance,債券型,全球新興市場,A0036 安聯投信,安聯AGIF
B200310,2026-04-13,10.461836814880371,美元,安聯新興市場主權債券基金-AM穩定月收類股(美元),yfinance,債券型,全球新興市場,A0036 安聯投信,安聯AGIF
B200310,2026-04-14,10.534247398376465,美元,安聯新興市場主權債券基金-AM穩定月收類股(美元),yfinance,債券型,全球新興市場,A0036 安聯投信,安聯AGIF
B200310,2026-04-15,10.582781791687012,美元,安聯新興市場主權債券基金-AM穩定月收類股(美元),yfinance,債券型,全球新興市場,A0036 安聯投信,安聯AGIF
B200310,2026-04-16,10.563340187072754,美元,安聯新興市場主權債券基金-AM穩定月收類股(美元),yfinance,債券型,全球新興市場,A0036 安聯投信,安聯AGIF
B200310,2026-04-17,10.534029960632324,美元,安聯新興市場主權債券基金-AM穩定月收類股(美元),yfinance,債券型,全球新興市場,A0036 安聯投信,安聯AGIF
B200310,2026-04-20,10.600050926208496,美元,安聯新興市場主權債券基金-AM穩定月收類股(美元),yfinance,債券型,全球新興市場,A0036 安聯投信,安聯AGIF
B200310,2026-04-21,10.601926803588867,美元,安聯新興市場主權債券基金-AM穩定月收類股(美元),yfinance,債券型,全球新興市場,A0036 安聯投信,安聯AGIF
B200310,2026-04-22,10.579131126403809,美元,安聯新興市場主權債券基金-AM穩定月收類股(美元),yfinance,債券型,全球新興市場,A0036 安聯投信,安聯AGIF
B200310,2026-04-23,10.570938110351562,美元,安聯新興市場主權債券基金-AM穩定月收類股(美元),yfinance,債券型,全球新興市場,A0036 安聯投信,安聯AGIF
B200310,2026-04-24,10.547748565673828,美元,安聯新興市場主權債券基金-AM穩定月收類股(美元),yfinance,債券型,全球新興市場,A0036 安聯投信,安聯AGIF
B200310,2026-04-27,10.546958923339844,美元,安聯新興市場主權債券基金-AM穩定月收類股(美元),yfinance,債券型,全球新興市場,A0036 安聯投信,安聯AGIF
B200310,2026-04-28,10.515182495117188,美元,安聯新興市場主權債券基金-AM穩定月收類股(美元),yfinance,債券型,全球新興市場,A0036 安聯投信,安聯AGIF
B200310,2026-04-29,10.510543823242188,美元,安聯新興市場主權債券基金-AM穩定月收類股(美元),yfinance,債券型,全球新興市場,A0036 安聯投信,安聯AGIF
B200310,2026-04-30,10.477582931518555,美元,安聯新興市場主權債券基金-AM穩定月收類股(美元),yfinance,債券型,全球新興市場,A0036 安聯投信,安聯AGIF
B200310,2026-05-05,10.511136054992676,美元,安聯新興市場主權債券基金-AM穩定月收類股(美元),yfinance,債券型,全球新興市場,A0036 安聯投信,安聯AGIF
B200310,2026-05-06,10.573010444641113,美元,安聯新興市場主權債券基金-AM穩定月收類股(美元),yfinance,債券型,全球新興市場,A0036 安聯投信,安聯AGIF
B200310,2026-05-07,10.629853248596191,美元,安聯新興市場主權債券基金-AM穩定月收類股(美元),yfinance,債券型,全球新興市場,A0036 安聯投信,安聯AGIF
B200310,2026-05-08,10.600346565246582,美元,安聯新興市場主權債券基金-AM穩定月收類股(美元),yfinance,債券型,全球新興市場,A0036 安聯投信,安聯AGIF
B200310,2026-05-11,10.612584114074707,美元,安聯新興市場主權債券基金-AM穩定月收類股(美元),yfinance,債券型,全球新興市場,A0036 安聯投信,安聯AGIF
B200310,2026-05-12,10.585247993469238,美元,安聯新興市場主權債券基金-AM穩定月收類股(美元),yfinance,債券型,全球新興市場,A0036 安聯投信,安聯AGIF
B200310,2026-05-13,10.570544242858887,美元,安聯新興市場主權債券基金-AM穩定月收類股(美元),yfinance,債券型,全球新興市場,A0036 安聯投信,安聯AGIF
B200310,2026-05-15,10.480050086975098,美元,安聯新興市場主權債券基金-AM穩定月收類股(美元),yfinance,債券型,全球新興市場,A0036 安聯投信,安聯AGIF
B200310,2026-05-18,10.404062271118164,美元,安聯新興市場主權債券基金-AM穩定月收類股(美元),yfinance,債券型,全球新興市場,A0036 安聯投信,安聯AGIF
B200310,2026-05-19,10.406628608703613,美元,安聯新興市場主權債券基金-AM穩定月收類股(美元),yfinance,債券型,全球新興市場,A0036 安聯投信,安聯AGIF
B200310,2026-05-20,10.361233711242676,美元,安聯新興市場主權債券基金-AM穩定月收類股(美元),yfinance,債券型,全球新興市場,A0036 安聯投信,安聯AGIF
B200310,2026-05-21,10.424687385559082,美元,安聯新興市場主權債券基金-AM穩定月收類股(美元),yfinance,債券型,全球新興市場,A0036 安聯投信,安聯AGIF
B200310,2026-05-22,10.431496620178223,美元,安聯新興市場主權債券基金-AM穩定月收類股(美元),yfinance,債券型,全球新興市場,A0036 安聯投信,安聯AGIF
B200310,2026-05-26,10.464950561523438,美元,安聯新興市場主權債券基金-AM穩定月收類股(美元),yfinance,債券型,全球新興市場,A0036 安聯投信,安聯AGIF
B200310,2026-05-27,10.506694793701172,美元,安聯新興市場主權債券基金-AM穩定月收類股(美元),yfinance,債券型,全球新興市場,A0036 安聯投信,安聯AGIF
B200310,2026-05-28,10.51774787902832,美元,安聯新興市場主權債券基金-AM穩定月收類股(美元),yfinance,債券型,全球新興市場,A0036 安聯投信,安聯AGIF
B200310,2026-05-29,10.5568265914917,美元,安聯新興市場主權債券基金-AM穩定月收類股(美元),yfinance,債券型,全球新興市場,A0036 安聯投信,安聯AGIF
B200310,2026-06-01,10.573505401611328,美元,安聯新興市場主權債券基金-AM穩定月收類股(美元),yfinance,債券型,全球新興市場,A0036 安聯投信,安聯AGIF
B200310,2026-06-02,10.58564281463623,美元,安聯新興市場主權債券基金-AM穩定月收類股(美元),yfinance,債券型,全球新興市場,A0036 安聯投信,安聯AGIF
B200310,2026-06-03,10.584754943847656,美元,安聯新興市場主權債券基金-AM穩定月收類股(美元),yfinance,債券型,全球新興市場,A0036 安聯投信,安聯AGIF
B200310,2026-06-04,10.568669319152832,美元,安聯新興市場主權債券基金-AM穩定月收類股(美元),yfinance,債券型,全球新興市場,A0036 安聯投信,安聯AGIF
B200310,2026-06-05,10.592058181762695,美元,安聯新興市場主權債券基金-AM穩定月收類股(美元),yfinance,債券型,全球新興市場,A0036 安聯投信,安聯AGIF
B200310,2026-06-08,10.513306617736816,美元,安聯新興市場主權債券基金-AM穩定月收類股(美元),yfinance,債券型,全球新興市場,A0036 安聯投信,安聯AGIF
B200310,2026-06-09,10.531464576721191,美元,安聯新興市場主權債券基金-AM穩定月收類股(美元),yfinance,債券型,全球新興市場,A0036 安聯投信,安聯AGIF
B200310,2026-06-10,10.542912483215332,美元,安聯新興市場主權債券基金-AM穩定月收類股(美元),yfinance,債券型,全球新興市場,A0036 安聯投信,安聯AGIF
B200310,2026-06-11,10.527912139892578,美元,安聯新興市場主權債券基金-AM穩定月收類股(美元),yfinance,債券型,全球新興市場,A0036 安聯投信,安聯AGIF
B200310,2026-06-12,10.611597061157227,美元,安聯新興市場主權債券基金-AM穩定月收類股(美元),yfinance,債券型,全球新興市場,A0036 安聯投信,安聯AGIF
B200310,2026-06-15,10.667778015136719,美元,安聯新興市場主權債券基金-AM穩定月收類股(美元),yfinance,債券型,全球新興市場,A0036 安聯投信,安聯AGIF
B200310,2026-06-16,10.674517631530762,美元,安聯新興市場主權債券基金-AM穩定月收類股(美元),yfinance,債券型,全球新興市場,A0036 安聯投信,安聯AGIF
B200310,2026-06-17,10.680861473083496,美元,安聯新興市場主權債券基金-AM穩定月收類股(美元),yfinance,債券型,全球新興市場,A0036 安聯投信,安聯AGIF
B200310,2026-06-18,10.663714408874512,美元,安聯新興市場主權債券基金-AM穩定月收類股(美元),yfinance,債券型,全球新興市場,A0036 安聯投信,安聯AGIF
B200310,2026-06-22,10.66411018371582,美元,安聯新興市場主權債券基金-AM穩定月收類股(美元),yfinance,債券型,全球新興市場,A0036 安聯投信,安聯AGIF
B200310,2026-06-24,10.63615894317627,美元,安聯新興市場主權債券基金-AM穩定月收類股(美元),yfinance,債券型,全球新興市場,A0036 安聯投信,安聯AGIF
B200310,2026-06-25,10.666191101074219,美元,安聯新興市場主權債券基金-AM穩定月收類股(美元),yfinance,債券型,全球新興市場,A0036 安聯投信,安聯AGIF
B200310,2026-06-26,10.667182922363281,美元,安聯新興市場主權債券基金-AM穩定月收類股(美元),yfinance,債券型,全球新興市場,A0036 安聯投信,安聯AGIF
B200310,2026-06-29,10.661137580871582,美元,安聯新興市場主權債券基金-AM穩定月收類股(美元),yfinance,債券型,全球新興市場,A0036 安聯投信,安聯AGIF
B200310,2026-06-30,10.677789688110352,美元,安聯新興市場主權債券基金-AM穩定月收類股(美元),yfinance,債券型,全球新興市場,A0036 安聯投信,安聯AGIF
B200310,2026-07-01,10.64854907989502,美元,安聯新興市場主權債券基金-AM穩定月收類股(美元),yfinance,債券型,全球新興市場,A0036 安聯投信,安聯AGIF
B200310,2026-07-02,10.637645721435547,美元,安聯新興市場主權債券基金-AM穩定月收類股(美元),yfinance,債券型,全球新興市場,A0036 安聯投信,安聯AGIF
B200310,2026-07-06,10.658262252807617,美元,安聯新興市場主權債券基金-AM穩定月收類股(美元),yfinance,債券型,全球新興市場,A0036 安聯投信,安聯AGIF
B200310,2026-07-07,10.660542488098145,美元,安聯新興市場主權債券基金-AM穩定月收類股(美元),yfinance,債券型,全球新興市場,A0036 安聯投信,安聯AGIF
B200310,2026-07-08,10.611082077026367,美元,安聯新興市場主權債券基金-AM穩定月收類股(美元),yfinance,債券型,全球新興市場,A0036 安聯投信,安聯AGIF
B200310,2026-07-09,10.614253997802734,美元,安聯新興市場主權債券基金-AM穩定月收類股(美元),yfinance,債券型,全球新興市場,A0036 安聯投信,安聯AGIF
B200310,2026-07-10,10.628922462463379,美元,安聯新興市場主權債券基金-AM穩定月收類股(美元),yfinance,債券型,全球新興市場,A0036 安聯投信,安聯AGIF
B200310,2026-07-13,10.622878074645996,美元,安聯新興市場主權債券基金-AM穩定月收類股(美元),yfinance,債券型,全球新興市場,A0036 安聯投信,安聯AGIF
B200310,2026-07-14,10.582039833068848,美元,安聯新興市場主權債券基金-AM穩定月收類股(美元),yfinance,債券型,全球新興市場,A0036 安聯投信,安聯AGIF
B200310,2026-07-15,10.603525161743164,美元,安聯新興市場主權債券基金-AM穩定月收類股(美元),yfinance,債券型,全球新興市場,A0036 安聯投信,安聯AGIF
B200310,2026-07-16,10.614575386047363,美元,安聯新興市場主權債券基金-AM穩定月收類股(美元),yfinance,債券型,全球新興市場,A0036 安聯投信,安聯AGIF
B200310,2026-07-17,10.608901023864746,美元,安聯新興市場主權債券基金-AM穩定月收類股(美元),yfinance,債券型,全球新興市場,A0036 安聯投信,安聯AGIF
B200310,2026-07-20,10.597551345825195,美元,安聯新興市場主權債券基金-AM穩定月收類股(美元),yfinance,債券型,全球新興市場,A0036 安聯投信,安聯AGIF
B200310,2026-07-21,10.59227466583252,美元,安聯新興市場主權債券基金-AM穩定月收類股(美元),yfinance,債券型,全球新興市場,A0036 安聯投信,安聯AGIF
B200310,2026-07-22,10.570869445800781,美元,安聯新興市場主權債券基金-AM穩定月收類股(美元),yfinance,債券型,全球新興市場,A0036 安聯投信,安聯AGIF
B200310,2026-07-23,10.544088363647461,美元,安聯新興市場主權債券基金-AM穩定月收類股(美元),yfinance,債券型,全球新興市場,A0036 安聯投信,安聯AGIF
B200310,2026-07-24,10.495902061462402,美元,安聯新興市場主權債券基金-AM穩定月收類股(美元),yfinance,債券型,全球新興市場,A0036 安聯投信,安聯AGIF
B200310,2026-07-27,10.540604591369629,美元,安聯新興市場主權債券基金-AM穩定月收類股(美元),yfinance,債券型,全球新興市場,A0036 安聯投信,安聯AGIF
B200310,2026-07-28,10.541300773620605,美元,安聯新興市場主權債券基金-AM穩定月收類股(美元),yfinance,債券型,全球新興市場,A0036 安聯投信,安聯AGIF
B200310,2026-07-29,10.554740905761719,美元,安聯新興市場主權債券基金-AM穩定月收類股(美元),yfinance,債券型,全球新興市場,A0036 安聯投信,安聯AGIF
B200310,2026-07-30,10.496599197387695,美元,安聯新興市場主權債券基金-AM穩定月收類股(美元),yfinance,債券型,全球新興市場,A0036 安聯投信,安聯AGIF
B200310,2026-07-31,10.520691871643066,美元,安聯新興市場主權債券基金-AM穩定月收類股(美元),yfinance,債券型,全球新興市場,A0036 安聯投信,安聯AGIF
B200310,2026-08-03,10.512726783752441,美元,安聯新興市場主權債券基金-AM穩定月收類股(美元),yfinance,債券型,全球新興市場,A0036 安聯投信,安聯AGIF
B200310,2026-08-04,10.557528495788574,美元,安聯新興市場主權債券基金-AM穩定月收類股(美元),yfinance,債券型,全球新興市場,A0036 安聯投信,安聯AGIF
B200310,2026-08-05,10.6140775680542,美元,安聯新興市場主權債券基金-AM穩定月收類股(美元),yfinance,債券型,全球新興市場,A0036 安聯投信,安聯AGIF
B200310,2026-08-06,10.598048210144043,美元,安聯新興市場主權債券基金-AM穩定月收類股(美元),yfinance,債券型,全球新興市場,A0036 安聯投信,安聯AGIF
B200310,2026-08-07,10.575946807861328,美元,安聯新興市場主權債券基金-AM穩定月收類股(美元),yfinance,債券型,全球新興市場,A0036 安聯投信,安聯AGIF
B200310,2026-08-10,10.604222297668457,美元,安聯新興市場主權債券基金-AM穩定月收類股(美元),yfinance,債券型,全球新興市場,A0036 安聯投信,安聯AGIF
B200310,2026-08-11,10.558624267578125,美元,安聯新興市場主權債券基金-AM穩定月收類股(美元),yfinance,債券型,全球新興市場,A0036 安聯投信,安聯AGIF
B200310,2026-08-12,10.572860717773438,美元,安聯新興市場主權債券基金-AM穩定月收類股(美元),yfinance,債券型,全球新興市場,A0036 安聯投信,安聯AGIF
B200310,2026-08-13,10.577540397644043,美元,安聯新興市場主權債券基金-AM穩定月收類股(美元),yfinance,債券型,全球新興市場,A0036 安聯投信,安聯AGIF
B200310,2026-08-14,10.604519844055176,美元,安聯新興市場主權債券基金-AM穩定月收類股(美元),yfinance,債券型,全球新興市場,A0036 安聯投信,安聯AGIF
B200310,2026-08-17,10.589200019836426,美元,安聯新興市場主權債券基金-AM穩定月收類股(美元),yfinance,債券型,全球新興市場,A0036 安聯投信,安聯AGIF
B200310,2026-08-18,10.539999961853027,美元,安聯新興市場主權債券基金-AM穩定月收類股(美元),yfinance,債券型,全球新興市場,A0036 安聯投信,安聯AGIF
B240144,2026-01-02,93.97234344482422,美元,霸菱環球非投資等級債券基金-BM類美元月配息型,yfinance,債券型,全球市場,B0149 霸菱投顧,霸菱
B240144,2026-01-05,94.13605499267578,美元,霸菱環球非投資等級債券基金-BM類美元月配息型,yfinance,債券型,全球市場,B0149 霸菱投顧,霸菱
B240144,2026-01-06,94.24198913574219,美元,霸菱環球非投資等級債券基金-BM類美元月配息型,yfinance,債券型,全球市場,B0149 霸菱投顧,霸菱
B240144,2026-01-07,94.29975891113281,美元,霸菱環球非投資等級債券基金-BM類美元月配息型,yfinance,債券型,全球市場,B0149 霸菱投顧,霸菱
B240144,2026-01-08,94.3575439453125,美元,霸菱環球非投資等級債券基金-BM類美元月配息型,yfinance,債券型,全球市場,B0149 霸菱投顧,霸菱
B240144,2026-01-09,94.4634780883789,美元,霸菱環球非投資等級債券基金-BM類美元月配息型,yfinance,債券型,全球市場,B0149 霸菱投顧,霸菱
B240144,2026-01-12,94.49237823486328,美元,霸菱環球非投資等級債券基金-BM類美元月配息型,yfinance,債券型,全球市場,B0149 霸菱投顧,霸菱
B240144,2026-01-13,94.5501480102539,美元,霸菱環球非投資等級債券基金-BM類美元月配息型,yfinance,債券型,全球市場,B0149 霸菱投顧,霸菱
B240144,2026-01-14,94.54051971435547,美元,霸菱環球非投資等級債券基金-BM類美元月配息型,yfinance,債券型,全球市場,B0149 霸菱投顧,霸菱
B240144,2026-01-15,94.6464614868164,美元,霸菱環球非投資等級債券基金-BM類美元月配息型,yfinance,債券型,全球市場,B0149 霸菱投顧,霸菱
B240144,2026-01-16,94.74275207519531,美元,霸菱環球非投資等級債券基金-BM類美元月配息型,yfinance,債券型,全球市場,B0149 霸菱投顧,霸菱
B240144,2026-01-20,94.50199127197266,美元,霸菱環球非投資等級債券基金-BM類美元月配息型,yfinance,債券型,全球市場,B0149 霸菱投顧,霸菱
B240144,2026-01-21,94.67534637451172,美元,霸菱環球非投資等級債券基金-BM類美元月配息型,yfinance,債券型,全球市場,B0149 霸菱投顧,霸菱
B240144,2026-01-22,94.83905792236328,美元,霸菱環球非投資等級債券基金-BM類美元月配息型,yfinance,債券型,全球市場,B0149 霸菱投顧,霸菱
B240144,2026-01-23,94.81017303466797,美元,霸菱環球非投資等級債券基金-BM類美元月配息型,yfinance,債券型,全球市場,B0149 霸菱投顧,霸菱
B240144,2026-01-26,94.8198013305664,美元,霸菱環球非投資等級債券基金-BM類美元月配息型,yfinance,債券型,全球市場,B0149 霸菱投顧,霸菱
B240144,2026-01-27,94.85832214355469,美元,霸菱環球非投資等級債券基金-BM類美元月配息型,yfinance,債券型,全球市場,B0149 霸菱投顧,霸菱
B240144,2026-01-28,94.80055236816406,美元,霸菱環球非投資等級債券基金-BM類美元月配息型,yfinance,債券型,全球市場,B0149 霸菱投顧,霸菱
B240144,2026-01-29,94.70423126220703,美元,霸菱環球非投資等級債券基金-BM類美元月配息型,yfinance,債券型,全球市場,B0149 霸菱投顧,霸菱
B240144,2026-01-30,94.70423126220703,美元,霸菱環球非投資等級債券基金-BM類美元月配息型,yfinance,債券型,全球市場,B0149 霸菱投顧,霸菱
B240144,2026-02-03,93.8952865600586,美元,霸菱環球非投資等級債券基金-BM類美元月配息型,yfinance,債券型,全球市場,B0149 霸菱投顧,霸菱
B240144,2026-02-04,93.87603759765625,美元,霸菱環球非投資等級債券基金-BM類美元月配息型,yfinance,債券型,全球市場,B0149 霸菱投顧,霸菱
B240144,2026-02-05,93.80862426757812,美元,霸菱環球非投資等級債券基金-BM類美元月配息型,yfinance,債券型,全球市場,B0149 霸菱投顧,霸菱
B240144,2026-02-06,93.95307159423828,美元,霸菱環球非投資等級債券基金-BM類美元月配息型,yfinance,債券型,全球市場,B0149 霸菱投顧,霸菱
B240144,2026-02-09,94.04937744140625,美元,霸菱環球非投資等級債券基金-BM類美元月配息型,yfinance,債券型,全球市場,B0149 霸菱投顧,霸菱
B240144,2026-02-10,94.12642669677734,美元,霸菱環球非投資等級債券基金-BM類美元月配息型,yfinance,債券型,全球市場,B0149 霸菱投顧,霸菱
B240144,2026-02-11,94.0782699584961,美元,霸菱環球非投資等級債券基金-BM類美元月配息型,yfinance,債券型,全球市場,B0149 霸菱投顧,霸菱
B240144,2026-02-12,94.0108642578125,美元,霸菱環球非投資等級債券基金-BM類美元月配息型,yfinance,債券型,全球市場,B0149 霸菱投顧,霸菱
B240144,2026-02-13,94.0108642578125,美元,霸菱環球非投資等級債券基金-BM類美元月配息型,yfinance,債券型,全球市場,B0149 霸菱投顧,霸菱
B240144,2026-02-17,93.9338150024414,美元,霸菱環球非投資等級債券基金-BM類美元月配息型,yfinance,債券型,全球市場,B0149 霸菱投顧,霸菱
B240144,2026-02-18,94.03011322021484,美元,霸菱環球非投資等級債券基金-BM類美元月配息型,yfinance,債券型,全球市場,B0149 霸菱投顧,霸菱
B240144,2026-02-19,94.14569091796875,美元,霸菱環球非投資等級債券基金-BM類美元月配息型,yfinance,債券型,全球市場,B0149 霸菱投顧,霸菱
B240144,2026-02-20,94.21309661865234,美元,霸菱環球非投資等級債券基金-BM類美元月配息型,yfinance,債券型,全球市場,B0149 霸菱投顧,霸菱
B240144,2026-02-23,94.17457580566406,美元,霸菱環球非投資等級債券基金-BM類美元月配息型,yfinance,債券型,全球市場,B0149 霸菱投顧,霸菱
B240144,2026-02-24,94.10716247558594,美元,霸菱環球非投資等級債券基金-BM類美元月配息型,yfinance,債券型,全球市場,B0149 霸菱投顧,霸菱
B240144,2026-02-25,94.12642669677734,美元,霸菱環球非投資等級債券基金-BM類美元月配息型,yfinance,債券型,全球市場,B0149 霸菱投顧,霸菱
B240144,2026-02-26,94.05900573730469,美元,霸菱環球非投資等級債券基金-BM類美元月配息型,yfinance,債券型,全球市場,B0149 霸菱投顧,霸菱
B240144,2026-02-27,93.9916000366211,美元,霸菱環球非投資等級債券基金-BM類美元月配息型,yfinance,債券型,全球市場,B0149 霸菱投顧,霸菱
B240144,2026-03-02,93.91280364990234,美元,霸菱環球非投資等級債券基金-BM類美元月配息型,yfinance,債券型,全球市場,B0149 霸菱投顧,霸菱
B240144,2026-03-03,93.70869445800781,美元,霸菱環球非投資等級債券基金-BM類美元月配息型,yfinance,債券型,全球市場,B0149 霸菱投顧,霸菱
B240144,2026-03-04,93.94197082519531,美元,霸菱環球非投資等級債券基金-BM類美元月配息型,yfinance,債券型,全球市場,B0149 霸菱投顧,霸菱
B240144,2026-03-05,93.7961654663086,美元,霸菱環球非投資等級債券基金-BM類美元月配息型,yfinance,債券型,全球市場,B0149 霸菱投顧,霸菱
B240144,2026-03-06,93.52400970458984,美元,霸菱環球非投資等級債券基金-BM類美元月配息型,yfinance,債券型,全球市場,B0149 霸菱投顧,霸菱
B240144,2026-03-09,93.34905242919922,美元,霸菱環球非投資等級債券基金-BM類美元月配息型,yfinance,債券型,全球市場,B0149 霸菱投顧,霸菱
B240144,2026-03-10,93.66008758544922,美元,霸菱環球非投資等級債券基金-BM類美元月配息型,yfinance,債券型,全球市場,B0149 霸菱投顧,霸菱
B240144,2026-03-11,93.4656982421875,美元,霸菱環球非投資等級債券基金-BM類美元月配息型,yfinance,債券型,全球市場,B0149 霸菱投顧,霸菱
B240144,2026-03-12,93.06717681884766,美元,霸菱環球非投資等級債券基金-BM類美元月配息型,yfinance,債券型,全球市場,B0149 霸菱投顧,霸菱
B240144,2026-03-13,92.8630599975586,美元,霸菱環球非投資等級債券基金-BM類美元月配息型,yfinance,債券型,全球市場,B0149 霸菱投顧,霸菱
B240144,2026-03-16,92.95053100585938,美元,霸菱環球非投資等級債券基金-BM類美元月配息型,yfinance,債券型,全球市場,B0149 霸菱投顧,霸菱
B240144,2026-03-18,93.08661651611328,美元,霸菱環球非投資等級債券基金-BM類美元月配息型,yfinance,債券型,全球市場,B0149 霸菱投顧,霸菱
B240144,2026-03-19,92.7950210571289,美元,霸菱環球非投資等級債券基金-BM類美元月配息型,yfinance,債券型,全球市場,B0149 霸菱投顧,霸菱
B240144,2026-03-20,92.54230499267578,美元,霸菱環球非投資等級債券基金-BM類美元月配息型,yfinance,債券型,全球市場,B0149 霸菱投顧,霸菱
B240144,2026-03-23,92.67838287353516,美元,霸菱環球非投資等級債券基金-BM類美元月配息型,yfinance,債券型,全球市場,B0149 霸菱投顧,霸菱
B240144,2026-03-24,92.61034393310547,美元,霸菱環球非投資等級債券基金-BM類美元月配息型,yfinance,債券型,全球市場,B0149 霸菱投顧,霸菱
B240144,2026-03-25,92.85334014892578,美元,霸菱環球非投資等級債券基金-BM類美元月配息型,yfinance,債券型,全球市場,B0149 霸菱投顧,霸菱
B240144,2026-03-26,92.49372100830078,美元,霸菱環球非投資等級債券基金-BM類美元月配息型,yfinance,債券型,全球市場,B0149 霸菱投顧,霸菱
B240144,2026-03-27,92.13408660888672,美元,霸菱環球非投資等級債券基金-BM類美元月配息型,yfinance,債券型,全球市場,B0149 霸菱投顧,霸菱
B240144,2026-03-30,92.17295837402344,美元,霸菱環球非投資等級債券基金-BM類美元月配息型,yfinance,債券型,全球市場,B0149 霸菱投顧,霸菱
B240144,2026-03-31,92.69783020019531,美元,霸菱環球非投資等級債券基金-BM類美元月配息型,yfinance,債券型,全球市場,B0149 霸菱投顧,霸菱
B240144,2026-04-01,93.0794677734375,美元,霸菱環球非投資等級債券基金-BM類美元月配息型,yfinance,債券型,全球市場,B0149 霸菱投顧,霸菱
B240144,2026-04-02,93.0500259399414,美元,霸菱環球非投資等級債券基金-BM類美元月配息型,yfinance,債券型,全球市場,B0149 霸菱投顧,霸菱
B240144,2026-04-07,93.14814758300781,美元,霸菱環球非投資等級債券基金-BM類美元月配息型,yfinance,債券型,全球市場,B0149 霸菱投顧,霸菱
B240144,2026-04-08,93.76631927490234,美元,霸菱環球非投資等級債券基金-BM類美元月配息型,yfinance,債券型,全球市場,B0149 霸菱投顧,霸菱
B240144,2026-04-09,93.84481811523438,美元,霸菱環球非投資等級債券基金-BM類美元月配息型,yfinance,債券型,全球市場,B0149 霸菱投顧,霸菱
B240144,2026-04-10,93.83499908447266,美元,霸菱環球非投資等級債券基金-BM類美元月配息型,yfinance,債券型,全球市場,B0149 霸菱投顧,霸菱
B240144,2026-04-13,93.80557250976562,美元,霸菱環球非投資等級債券基金-BM類美元月配息型,yfinance,債券型,全球市場,B0149 霸菱投顧,霸菱
B240144,2026-04-14,94.09012603759766,美元,霸菱環球非投資等級債券基金-BM類美元月配息型,yfinance,債券型,全球市場,B0149 霸菱投顧,霸菱
B240144,2026-04-15,94.11956024169922,美元,霸菱環球非投資等級債券基金-BM類美元月配息型,yfinance,債券型,全球市場,B0149 霸菱投顧,霸菱
B240144,2026-04-16,94.11956024169922,美元,霸菱環球非投資等級債券基金-BM類美元月配息型,yfinance,債券型,全球市場,B0149 霸菱投顧,霸菱
B240144,2026-04-17,94.3943099975586,美元,霸菱環球非投資等級債券基金-BM類美元月配息型,yfinance,債券型,全球市場,B0149 霸菱投顧,霸菱
B240144,2026-04-20,94.31581115722656,美元,霸菱環球非投資等級債券基金-BM類美元月配息型,yfinance,債券型,全球市場,B0149 霸菱投顧,霸菱
B240144,2026-04-21,94.21768951416016,美元,霸菱環球非投資等級債券基金-BM類美元月配息型,yfinance,債券型,全球市場,B0149 霸菱投顧,霸菱
B240144,2026-04-22,94.23731231689453,美元,霸菱環球非投資等級債券基金-BM類美元月配息型,yfinance,債券型,全球市場,B0149 霸菱投顧,霸菱
B240144,2026-04-23,94.14900207519531,美元,霸菱環球非投資等級債券基金-BM類美元月配息型,yfinance,債券型,全球市場,B0149 霸菱投顧,霸菱
B240144,2026-04-24,94.19805908203125,美元,霸菱環球非投資等級債券基金-BM類美元月配息型,yfinance,債券型,全球市場,B0149 霸菱投顧,霸菱
B240144,2026-04-27,94.20787811279297,美元,霸菱環球非投資等級債券基金-BM類美元月配息型,yfinance,債券型,全球市場,B0149 霸菱投顧,霸菱
B240144,2026-04-28,94.12937927246094,美元,霸菱環球非投資等級債券基金-BM類美元月配息型,yfinance,債券型,全球市場,B0149 霸菱投顧,霸菱
B240144,2026-04-29,93.97237396240234,美元,霸菱環球非投資等級債券基金-BM類美元月配息型,yfinance,債券型,全球市場,B0149 霸菱投顧,霸菱
B240144,2026-04-30,94.08031463623047,美元,霸菱環球非投資等級債券基金-BM類美元月配息型,yfinance,債券型,全球市場,B0149 霸菱投顧,霸菱
B240144,2026-05-01,94.23773956298828,美元,霸菱環球非投資等級債券基金-BM類美元月配息型,yfinance,債券型,全球市場,B0149 霸菱投顧,霸菱
B240144,2026-05-05,94.09907531738281,美元,霸菱環球非投資等級債券基金-BM類美元月配息型,yfinance,債券型,全球市場,B0149 霸菱投顧,霸菱
B240144,2026-05-06,94.3367919921875,美元,霸菱環球非投資等級債券基金-BM類美元月配息型,yfinance,債券型,全球市場,B0149 霸菱投顧,霸菱
B240144,2026-05-07,94.22783660888672,美元,霸菱環球非投資等級債券基金-BM類美元月配息型,yfinance,債券型,全球市場,B0149 霸菱投顧,霸菱
B240144,2026-05-08,94.23773956298828,美元,霸菱環球非投資等級債券基金-BM類美元月配息型,yfinance,債券型,全球市場,B0149 霸菱投顧,霸菱
B240144,2026-05-11,94.2080307006836,美元,霸菱環球非投資等級債券基金-BM類美元月配息型,yfinance,債券型,全球市場,B0149 霸菱投顧,霸菱
B240144,2026-05-12,94.02973937988281,美元,霸菱環球非投資等級債券基金-BM類美元月配息型,yfinance,債券型,全球市場,B0149 霸菱投顧,霸菱
B240144,2026-05-13,94.0693588256836,美元,霸菱環球非投資等級債券基金-BM類美元月配息型,yfinance,債券型,全球市場,B0149 霸菱投顧,霸菱
B240144,2026-05-14,94.1386947631836,美元,霸菱環球非投資等級債券基金-BM類美元月配息型,yfinance,債券型,全球市場,B0149 霸菱投顧,霸菱
B240144,2026-05-15,93.90097045898438,美元,霸菱環球非投資等級債券基金-BM類美元月配息型,yfinance,債券型,全球市場,B0149 霸菱投顧,霸菱
B240144,2026-05-18,93.82173156738281,美元,霸菱環球非投資等級債券基金-BM類美元月配息型,yfinance,債券型,全球市場,B0149 霸菱投顧,霸菱
B240144,2026-05-19,93.67314910888672,美元,霸菱環球非投資等級債券基金-BM類美元月配息型,yfinance,債券型,全球市場,B0149 霸菱投顧,霸菱
B240144,2026-05-20,93.96040344238281,美元,霸菱環球非投資等級債券基金-BM類美元月配息型,yfinance,債券型,全球市場,B0149 霸菱投顧,霸菱
B240144,2026-05-21,94.0000228881836,美元,霸菱環球非投資等級債券基金-BM類美元月配息型,yfinance,債券型,全球市場,B0149 霸菱投顧,霸菱
B240144,2026-05-22,94.07926177978516,美元,霸菱環球非投資等級債券基金-BM類美元月配息型,yfinance,債券型,全球市場,B0149 霸菱投顧,霸菱
B240144,2026-05-26,94.2674560546875,美元,霸菱環球非投資等級債券基金-BM類美元月配息型,yfinance,債券型,全球市場,B0149 霸菱投顧,霸菱
B240144,2026-05-27,94.71319580078125,美元,霸菱環球非投資等級債券基金-BM類美元月配息型,yfinance,債券型,全球市場,B0149 霸菱投顧,霸菱
B240144,2026-05-28,94.50518798828125,美元,霸菱環球非投資等級債券基金-BM類美元月配息型,yfinance,債券型,全球市場,B0149 霸菱投顧,霸菱
B240144,2026-05-29,94.60424041748047,美元,霸菱環球非投資等級債券基金-BM類美元月配息型,yfinance,債券型,全球市場,B0149 霸菱投顧,霸菱
B240144,2026-06-02,93.7821044921875,美元,霸菱環球非投資等級債券基金-BM類美元月配息型,yfinance,債券型,全球市場,B0149 霸菱投顧,霸菱
B240144,2026-06-03,93.6434326171875,美元,霸菱環球非投資等級債券基金-BM類美元月配息型,yfinance,債券型,全球市場,B0149 霸菱投顧,霸菱
B240144,2026-06-04,93.7127685546875,美元,霸菱環球非投資等級債券基金-BM類美元月配息型,yfinance,債券型,全球市場,B0149 霸菱投顧,霸菱
B240144,2026-06-05,93.5047607421875,美元,霸菱環球非投資等級債券基金-BM類美元月配息型,yfinance,債券型,全球市場,B0149 霸菱投顧,霸菱
B240144,2026-06-08,93.5146713256836,美元,霸菱環球非投資等級債券基金-BM類美元月配息型,yfinance,債券型,全球市場,B0149 霸菱投顧,霸菱
B240144,2026-06-09,93.54438781738281,美元,霸菱環球非投資等級債券基金-BM類美元月配息型,yfinance,債券型,全球市場,B0149 霸菱投顧,霸菱
B240144,2026-06-10,93.5047607421875,美元,霸菱環球非投資等級債券基金-BM類美元月配息型,yfinance,債券型,全球市場,B0149 霸菱投顧,霸菱
B240144,2026-06-11,93.74248504638672,美元,霸菱環球非投資等級債券基金-BM類美元月配息型,yfinance,債券型,全球市場,B0149 霸菱投顧,霸菱
B240144,2026-06-12,93.82173156738281,美元,霸菱環球非投資等級債券基金-BM類美元月配息型,yfinance,債券型,全球市場,B0149 霸菱投顧,霸菱
B240144,2026-06-15,94.03964233398438,美元,霸菱環球非投資等級債券基金-BM類美元月配息型,yfinance,債券型,全球市場,B0149 霸菱投顧,霸菱
B240144,2026-06-16,94.00992584228516,美元,霸菱環球非投資等級債券基金-BM類美元月配息型,yfinance,債券型,全球市場,B0149 霸菱投顧,霸菱
B240144,2026-06-17,93.8514404296875,美元,霸菱環球非投資等級債券基金-BM類美元月配息型,yfinance,債券型,全球市場,B0149 霸菱投顧,霸菱
B240144,2026-06-18,93.89106750488281,美元,霸菱環球非投資等級債券基金-BM類美元月配息型,yfinance,債券型,全球市場,B0149 霸菱投顧,霸菱
B240144,2026-06-22,93.83163452148438,美元,霸菱環球非投資等級債券基金-BM類美元月配息型,yfinance,債券型,全球市場,B0149 霸菱投顧,霸菱
B240144,2026-06-23,93.77220153808594,美元,霸菱環球非投資等級債券基金-BM類美元月配息型,yfinance,債券型,全球市場,B0149 霸菱投顧,霸菱
B240144,2026-06-24,93.83163452148438,美元,霸菱環球非投資等級債券基金-BM類美元月配息型,yfinance,債券型,全球市場,B0149 霸菱投顧,霸菱
B240144,2026-06-25,93.8514404296875,美元,霸菱環球非投資等級債券基金-BM類美元月配息型,yfinance,債券型,全球市場,B0149 霸菱投顧,霸菱
B240144,2026-06-26,93.84153747558594,美元,霸菱環球非投資等級債券基金-BM類美元月配息型,yfinance,債券型,全球市場,B0149 霸菱投顧,霸菱
B240144,2026-06-29,93.90097045898438,美元,霸菱環球非投資等級債券基金-BM類美元月配息型,yfinance,債券型,全球市場,B0149 霸菱投顧,霸菱
B240144,2026-06-30,93.89106750488281,美元,霸菱環球非投資等級債券基金-BM類美元月配息型,yfinance,債券型,全球市場,B0149 霸菱投顧,霸菱
B240144,2026-07-01,93.88999938964844,美元,霸菱環球非投資等級債券基金-BM類美元月配息型,yfinance,債券型,全球市場,B0149 霸菱投顧,霸菱
B240144,2026-07-02,93.9800033569336,美元,霸菱環球非投資等級債券基金-BM類美元月配息型,yfinance,債券型,全球市場,B0149 霸菱投顧,霸菱
B240144,2026-07-06,94.08000183105469,美元,霸菱環球非投資等級債券基金-BM類美元月配息型,yfinance,債券型,全球市場,B0149 霸菱投顧,霸菱
B240144,2026-07-07,94.04000091552734,美元,霸菱環球非投資等級債券基金-BM類美元月配息型,yfinance,債券型,全球市場,B0149 霸菱投顧,霸菱
B240144,2026-07-08,93.87999725341797,美元,霸菱環球非投資等級債券基金-BM類美元月配息型,yfinance,債券型,全球市場,B0149 霸菱投顧,霸菱
B240144,2026-07-09,93.9800033569336,美元,霸菱環球非投資等級債券基金-BM類美元月配息型,yfinance,債券型,全球市場,B0149 霸菱投顧,霸菱
B240144,2026-07-10,93.9800033569336,美元,霸菱環球非投資等級債券基金-BM類美元月配息型,yfinance,債券型,全球市場,B0149 霸菱投顧,霸菱
B240144,2026-07-13,93.87000274658203,美元,霸菱環球非投資等級債券基金-BM類美元月配息型,yfinance,債券型,全球市場,B0149 霸菱投顧,霸菱
B240144,2026-07-14,93.87000274658203,美元,霸菱環球非投資等級債券基金-BM類美元月配息型,yfinance,債券型,全球市場,B0149 霸菱投顧,霸菱
B240144,2026-07-15,94.0199966430664,美元,霸菱環球非投資等級債券基金-BM類美元月配息型,yfinance,債券型,全球市場,B0149 霸菱投顧,霸菱
B240144,2026-07-16,94.04000091552734,美元,霸菱環球非投資等級債券基金-BM類美元月配息型,yfinance,債券型,全球市場,B0149 霸菱投顧,霸菱
B240144,2026-07-17,93.98999786376953,美元,霸菱環球非投資等級債券基金-BM類美元月配息型,yfinance,債券型,全球市場,B0149 霸菱投顧,霸菱
B240144,2026-07-20,93.9800033569336,美元,霸菱環球非投資等級債券基金-BM類美元月配息型,yfinance,債券型,全球市場,B0149 霸菱投顧,霸菱
B240144,2026-07-21,93.9000015258789,美元,霸菱環球非投資等級債券基金-BM類美元月配息型,yfinance,債券型,全球市場,B0149 霸菱投顧,霸菱
B240144,2026-07-22,93.80999755859375,美元,霸菱環球非投資等級債券基金-BM類美元月配息型,yfinance,債券型,全球市場,B0149 霸菱投顧,霸菱
B240144,2026-07-23,93.48999786376953,美元,霸菱環球非投資等級債券基金-BM類美元月配息型,yfinance,債券型,全球市場,B0149 霸菱投顧,霸菱
B240144,2026-07-24,93.47000122070312,美元,霸菱環球非投資等級債券基金-BM類美元月配息型,yfinance,債券型,全球市場,B0149 霸菱投顧,霸菱
B240144,2026-07-27,93.55000305175781,美元,霸菱環球非投資等級債券基金-BM類美元月配息型,yfinance,債券型,全球市場,B0149 霸菱投顧,霸菱
B240144,2026-07-28,93.58999633789062,美元,霸菱環球非投資等級債券基金-BM類美元月配息型,yfinance,債券型,全球市場,B0149 霸菱投顧,霸菱
B240144,2026-07-29,93.44999694824219,美元,霸菱環球非投資等級債券基金-BM類美元月配息型,yfinance,債券型,全球市場,B0149 霸菱投顧,霸菱
B240144,2026-07-30,93.58000183105469,美元,霸菱環球非投資等級債券基金-BM類美元月配息型,yfinance,債券型,全球市場,B0149 霸菱投顧,霸菱
B240144,2026-07-31,93.58000183105469,美元,霸菱環球非投資等級債券基金-BM類美元月配息型,yfinance,債券型,全球市場,B0149 霸菱投顧,霸菱
B240144,2026-08-04,93.1500015258789,美元,霸菱環球非投資等級債券基金-BM類美元月配息型,yfinance,債券型,全球市場,B0149 霸菱投顧,霸菱
B240144,2026-08-05,93.19000244140625,美元,霸菱環球非投資等級債券基金-BM類美元月配息型,yfinance,債券型,全球市場,B0149 霸菱投顧,霸菱
B240144,2026-08-06,93.12000274658203,美元,霸菱環球非投資等級債券基金-BM類美元月配息型,yfinance,債券型,全球市場,B0149 霸菱投顧,霸菱
B240144,2026-08-07,93.2699966430664,美元,霸菱環球非投資等級債券基金-BM類美元月配息型,yfinance,債券型,全球市場,B0149 霸菱投顧,霸菱
B240144,2026-08-10,93.19999694824219,美元,霸菱環球非投資等級債券基金-BM類美元月配息型,yfinance,債券型,全球市場,B0149 霸菱投顧,霸菱
B240144,2026-08-11,93.16999816894531,美元,霸菱環球非投資等級債券基金-BM類美元月配息型,yfinance,債券型,全球市場,B0149 霸菱投顧,霸菱
B240144,2026-08-12,93.29000091552734,美元,霸菱環球非投資等級債券基金-BM類美元月配息型,yfinance,債券型,全球市場,B0149 霸菱投顧,霸菱
B240144,2026-08-13,93.43000030517578,美元,霸菱環球非投資等級債券基金-BM類美元月配息型,yfinance,債券型,全球市場,B0149 霸菱投顧,霸菱
B240144,2026-08-14,93.41000366210938,美元,霸菱環球非投資等級債券基金-BM類美元月配息型,yfinance,債券型,全球市場,B0149 霸菱投顧,霸菱
B240144,2026-08-17,93.33000183105469,美元,霸菱環球非投資等級債券基金-BM類美元月配息型,yfinance,債券型,全球市場,B0149 霸菱投顧,霸菱
B460122,2026-01-02,9.339015007019043,美元,PIMCO美國非投資等級債券基金-M級類別(穩定月收息股份),yfinance,債券型,美國,B0351 品浩太平洋投顧,品浩
B460122,2026-01-05,9.357843399047852,美元,PIMCO美國非投資等級債券基金-M級類別(穩定月收息股份),yfinance,債券型,美國,B0351 品浩太平洋投顧,品浩
B460122,2026-01-06,9.357843399047852,美元,PIMCO美國非投資等級債券基金-M級類別(穩定月收息股份),yfinance,債券型,美國,B0351 品浩太平洋投顧,品浩
B460122,2026-01-07,9.357843399047852,美元,PIMCO美國非投資等級債券基金-M級類別(穩定月收息股份),yfinance,債券型,美國,B0351 品浩太平洋投顧,品浩
B460122,2026-01-08,9.357843399047852,美元,PIMCO美國非投資等級債券基金-M級類別(穩定月收息股份),yfinance,債券型,美國,B0351 品浩太平洋投顧,品浩
B460122,2026-01-09,9.367257118225098,美元,PIMCO美國非投資等級債券基金-M級類別(穩定月收息股份),yfinance,債券型,美國,B0351 品浩太平洋投顧,品浩
B460122,2026-01-12,9.367257118225098,美元,PIMCO美國非投資等級債券基金-M級類別(穩定月收息股份),yfinance,債券型,美國,B0351 品浩太平洋投顧,品浩
B460122,2026-01-13,9.367257118225098,美元,PIMCO美國非投資等級債券基金-M級類別(穩定月收息股份),yfinance,債券型,美國,B0351 品浩太平洋投顧,品浩
B460122,2026-01-14,9.367257118225098,美元,PIMCO美國非投資等級債券基金-M級類別(穩定月收息股份),yfinance,債券型,美國,B0351 品浩太平洋投顧,品浩
B460122,2026-01-15,9.367257118225098,美元,PIMCO美國非投資等級債券基金-M級類別(穩定月收息股份),yfinance,債券型,美國,B0351 品浩太平洋投顧,品浩
B460122,2026-01-16,9.376672744750977,美元,PIMCO美國非投資等級債券基金-M級類別(穩定月收息股份),yfinance,債券型,美國,B0351 品浩太平洋投顧,品浩
B460122,2026-01-20,9.348429679870605,美元,PIMCO美國非投資等級債券基金-M級類別(穩定月收息股份),yfinance,債券型,美國,B0351 品浩太平洋投顧,品浩
B460122,2026-01-21,9.367257118225098,美元,PIMCO美國非投資等級債券基金-M級類別(穩定月收息股份),yfinance,債券型,美國,B0351 品浩太平洋投顧,品浩
B460122,2026-01-22,9.376672744750977,美元,PIMCO美國非投資等級債券基金-M級類別(穩定月收息股份),yfinance,債券型,美國,B0351 品浩太平洋投顧,品浩
B460122,2026-01-23,9.376672744750977,美元,PIMCO美國非投資等級債券基金-M級類別(穩定月收息股份),yfinance,債券型,美國,B0351 品浩太平洋投顧,品浩
B460122,2026-01-26,9.376672744750977,美元,PIMCO美國非投資等級債券基金-M級類別(穩定月收息股份),yfinance,債券型,美國,B0351 品浩太平洋投顧,品浩
B460122,2026-01-27,9.367257118225098,美元,PIMCO美國非投資等級債券基金-M級類別(穩定月收息股份),yfinance,債券型,美國,B0351 品浩太平洋投顧,品浩
B460122,2026-01-28,9.357843399047852,美元,PIMCO美國非投資等級債券基金-M級類別(穩定月收息股份),yfinance,債券型,美國,B0351 品浩太平洋投顧,品浩
B460122,2026-01-29,9.351198196411133,美元,PIMCO美國非投資等級債券基金-M級類別(穩定月收息股份),yfinance,債券型,美國,B0351 品浩太平洋投顧,品浩
B460122,2026-01-30,9.351198196411133,美元,PIMCO美國非投資等級債券基金-M級類別(穩定月收息股份),yfinance,債券型,美國,B0351 品浩太平洋投顧,品浩
B460122,2026-02-02,9.370184898376465,美元,PIMCO美國非投資等級債券基金-M級類別(穩定月收息股份),yfinance,債券型,美國,B0351 品浩太平洋投顧,品浩
B460122,2026-02-03,9.36069107055664,美元,PIMCO美國非投資等級債券基金-M級類別(穩定月收息股份),yfinance,債券型,美國,B0351 品浩太平洋投顧,品浩
B460122,2026-02-04,9.351198196411133,美元,PIMCO美國非投資等級債券基金-M級類別(穩定月收息股份),yfinance,債券型,美國,B0351 品浩太平洋投顧,品浩
B460122,2026-02-05,9.351198196411133,美元,PIMCO美國非投資等級債券基金-M級類別(穩定月收息股份),yfinance,債券型,美國,B0351 品浩太平洋投顧,品浩
B460122,2026-02-06,9.370184898376465,美元,PIMCO美國非投資等級債券基金-M級類別(穩定月收息股份),yfinance,債券型,美國,B0351 品浩太平洋投顧,品浩
B460122,2026-02-09,9.379678726196289,美元,PIMCO美國非投資等級債券基金-M級類別(穩定月收息股份),yfinance,債券型,美國,B0351 品浩太平洋投顧,品浩
B460122,2026-02-10,9.389172554016113,美元,PIMCO美國非投資等級債券基金-M級類別(穩定月收息股份),yfinance,債券型,美國,B0351 品浩太平洋投顧,品浩
B460122,2026-02-11,9.389172554016113,美元,PIMCO美國非投資等級債券基金-M級類別(穩定月收息股份),yfinance,債券型,美國,B0351 品浩太平洋投顧,品浩
B460122,2026-02-12,9.379678726196289,美元,PIMCO美國非投資等級債券基金-M級類別(穩定月收息股份),yfinance,債券型,美國,B0351 品浩太平洋投顧,品浩
B460122,2026-02-13,9.389172554016113,美元,PIMCO美國非投資等級債券基金-M級類別(穩定月收息股份),yfinance,債券型,美國,B0351 品浩太平洋投顧,品浩
B460122,2026-02-17,9.379678726196289,美元,PIMCO美國非投資等級債券基金-M級類別(穩定月收息股份),yfinance,債券型,美國,B0351 品浩太平洋投顧,品浩
B460122,2026-02-18,9.389172554016113,美元,PIMCO美國非投資等級債券基金-M級類別(穩定月收息股份),yfinance,債券型,美國,B0351 品浩太平洋投顧,品浩
B460122,2026-02-19,9.389172554016113,美元,PIMCO美國非投資等級債券基金-M級類別(穩定月收息股份),yfinance,債券型,美國,B0351 品浩太平洋投顧,品浩
B460122,2026-02-20,9.398666381835938,美元,PIMCO美國非投資等級債券基金-M級類別(穩定月收息股份),yfinance,債券型,美國,B0351 品浩太平洋投顧,品浩
B460122,2026-02-23,9.389172554016113,美元,PIMCO美國非投資等級債券基金-M級類別(穩定月收息股份),yfinance,債券型,美國,B0351 品浩太平洋投顧,品浩
B460122,2026-02-24,9.379678726196289,美元,PIMCO美國非投資等級債券基金-M級類別(穩定月收息股份),yfinance,債券型,美國,B0351 品浩太平洋投顧,品浩
B460122,2026-02-25,9.379678726196289,美元,PIMCO美國非投資等級債券基金-M級類別(穩定月收息股份),yfinance,債券型,美國,B0351 品浩太平洋投顧,品浩
B460122,2026-02-26,9.372977256774902,美元,PIMCO美國非投資等級債券基金-M級類別(穩定月收息股份),yfinance,債券型,美國,B0351 品浩太平洋投顧,品浩
B460122,2026-02-27,9.363402366638184,美元,PIMCO美國非投資等級債券基金-M級類別(穩定月收息股份),yfinance,債券型,美國,B0351 品浩太平洋投顧,品浩
B460122,2026-03-02,9.353829383850098,美元,PIMCO美國非投資等級債券基金-M級類別(穩定月收息股份),yfinance,債券型,美國,B0351 品浩太平洋投顧,品浩
B460122,2026-03-03,9.334680557250977,美元,PIMCO美國非投資等級債券基金-M級類別(穩定月收息股份),yfinance,債券型,美國,B0351 品浩太平洋投顧,品浩
B460122,2026-03-04,9.363402366638184,美元,PIMCO美國非投資等級債券基金-M級類別(穩定月收息股份),yfinance,債券型,美國,B0351 品浩太平洋投顧,品浩
B460122,2026-03-05,9.344255447387695,美元,PIMCO美國非投資等級債券基金-M級類別(穩定月收息股份),yfinance,債券型,美國,B0351 品浩太平洋投顧,品浩
B460122,2026-03-06,9.30595874786377,美元,PIMCO美國非投資等級債券基金-M級類別(穩定月收息股份),yfinance,債券型,美國,B0351 品浩太平洋投顧,品浩
B460122,2026-03-09,9.30595874786377,美元,PIMCO美國非投資等級債券基金-M級類別(穩定月收息股份),yfinance,債券型,美國,B0351 品浩太平洋投顧,品浩
B460122,2026-03-10,9.325106620788574,美元,PIMCO美國非投資等級債券基金-M級類別(穩定月收息股份),yfinance,債券型,美國,B0351 品浩太平洋投顧,品浩
B460122,2026-03-11,9.30595874786377,美元,PIMCO美國非投資等級債券基金-M級類別(穩定月收息股份),yfinance,債券型,美國,B0351 品浩太平洋投顧,品浩
B460122,2026-03-12,9.258090019226074,美元,PIMCO美國非投資等級債券基金-M級類別(穩定月收息股份),yfinance,債券型,美國,B0351 品浩太平洋投顧,品浩
B460122,2026-03-13,9.23893928527832,美元,PIMCO美國非投資等級債券基金-M級類別(穩定月收息股份),yfinance,債券型,美國,B0351 品浩太平洋投顧,品浩
B460122,2026-03-16,9.258090019226074,美元,PIMCO美國非投資等級債券基金-M級類別(穩定月收息股份),yfinance,債券型,美國,B0351 品浩太平洋投顧,品浩
B460122,2026-03-17,9.277236938476562,美元,PIMCO美國非投資等級債券基金-M級類別(穩定月收息股份),yfinance,債券型,美國,B0351 品浩太平洋投顧,品浩
B460122,2026-03-18,9.248514175415039,美元,PIMCO美國非投資等級債券基金-M級類別(穩定月收息股份),yfinance,債券型,美國,B0351 品浩太平洋投顧,品浩
B460122,2026-03-19,9.229366302490234,美元,PIMCO美國非投資等級債券基金-M級類別(穩定月收息股份),yfinance,債券型,美國,B0351 品浩太平洋投顧,品浩
B460122,2026-03-20,9.191070556640625,美元,PIMCO美國非投資等級債券基金-M級類別(穩定月收息股份),yfinance,債券型,美國,B0351 品浩太平洋投顧,品浩
B460122,2026-03-23,9.229366302490234,美元,PIMCO美國非投資等級債券基金-M級類別(穩定月收息股份),yfinance,債券型,美國,B0351 品浩太平洋投顧,品浩
B460122,2026-03-24,9.21021842956543,美元,PIMCO美國非投資等級債券基金-M級類別(穩定月收息股份),yfinance,債券型,美國,B0351 品浩太平洋投顧,品浩
B460122,2026-03-25,9.23893928527832,美元,PIMCO美國非投資等級債券基金-M級類別(穩定月收息股份),yfinance,債券型,美國,B0351 品浩太平洋投顧,品浩
B460122,2026-03-26,9.191070556640625,美元,PIMCO美國非投資等級債券基金-M級類別(穩定月收息股份),yfinance,債券型,美國,B0351 品浩太平洋投顧,品浩
B460122,2026-03-27,9.152775764465332,美元,PIMCO美國非投資等級債券基金-M級類別(穩定月收息股份),yfinance,債券型,美國,B0351 品浩太平洋投顧,品浩
B460122,2026-03-30,9.174986839294434,美元,PIMCO美國非投資等級債券基金-M級類別(穩定月收息股份),yfinance,債券型,美國,B0351 品浩太平洋投顧,品浩
B460122,2026-03-31,9.261908531188965,美元,PIMCO美國非投資等級債券基金-M級類別(穩定月收息股份),yfinance,債券型,美國,B0351 品浩太平洋投顧,品浩
B460122,2026-04-01,9.261908531188965,美元,PIMCO美國非投資等級債券基金-M級類別(穩定月收息股份),yfinance,債券型,美國,B0351 品浩太平洋投顧,品浩
B460122,2026-04-02,9.261908531188965,美元,PIMCO美國非投資等級債券基金-M級類別(穩定月收息股份),yfinance,債券型,美國,B0351 品浩太平洋投顧,品浩
B460122,2026-04-06,9.28122329711914,美元,PIMCO美國非投資等級債券基金-M級類別(穩定月收息股份),yfinance,債券型,美國,B0351 品浩太平洋投顧,品浩
B460122,2026-04-07,9.232935905456543,美元,PIMCO美國非投資等級債券基金-M級類別(穩定月收息股份),yfinance,債券型,美國,B0351 品浩太平洋投顧,品浩
B460122,2026-04-08,9.34882926940918,美元,PIMCO美國非投資等級債券基金-M級類別(穩定月收息股份),yfinance,債券型,美國,B0351 品浩太平洋投顧,品浩
B460122,2026-04-09,9.358487129211426,美元,PIMCO美國非投資等級債券基金-M級類別(穩定月收息股份),yfinance,債券型,美國,B0351 品浩太平洋投顧,品浩
B460122,2026-04-10,9.33917236328125,美元,PIMCO美國非投資等級債券基金-M級類別(穩定月收息股份),yfinance,債券型,美國,B0351 品浩太平洋投顧,品浩
B460122,2026-04-13,9.34882926940918,美元,PIMCO美國非投資等級債券基金-M級類別(穩定月收息股份),yfinance,債券型,美國,B0351 品浩太平洋投顧,品浩
B460122,2026-04-14,9.377802848815918,美元,PIMCO美國非投資等級債券基金-M級類別(穩定月收息股份),yfinance,債券型,美國,B0351 品浩太平洋投顧,品浩
B460122,2026-04-15,9.377802848815918,美元,PIMCO美國非投資等級債券基金-M級類別(穩定月收息股份),yfinance,債券型,美國,B0351 品浩太平洋投顧,品浩
B460122,2026-04-16,9.377802848815918,美元,PIMCO美國非投資等級債券基金-M級類別(穩定月收息股份),yfinance,債券型,美國,B0351 品浩太平洋投顧,品浩
B460122,2026-04-17,9.377802848815918,美元,PIMCO美國非投資等級債券基金-M級類別(穩定月收息股份),yfinance,債券型,美國,B0351 品浩太平洋投顧,品浩
B460122,2026-04-20,9.39711856842041,美元,PIMCO美國非投資等級債券基金-M級類別(穩定月收息股份),yfinance,債券型,美國,B0351 品浩太平洋投顧,品浩
B460122,2026-04-21,9.377802848815918,美元,PIMCO美國非投資等級債券基金-M級類別(穩定月收息股份),yfinance,債券型,美國,B0351 品浩太平洋投顧,品浩
B460122,2026-04-22,9.387460708618164,美元,PIMCO美國非投資等級債券基金-M級類別(穩定月收息股份),yfinance,債券型,美國,B0351 品浩太平洋投顧,品浩
B460122,2026-04-23,9.377802848815918,美元,PIMCO美國非投資等級債券基金-M級類別(穩定月收息股份),yfinance,債券型,美國,B0351 品浩太平洋投顧,品浩
B460122,2026-04-24,9.387460708618164,美元,PIMCO美國非投資等級債券基金-M級類別(穩定月收息股份),yfinance,債券型,美國,B0351 品浩太平洋投顧,品浩
B460122,2026-04-27,9.387460708618164,美元,PIMCO美國非投資等級債券基金-M級類別(穩定月收息股份),yfinance,債券型,美國,B0351 品浩太平洋投顧,品浩
B460122,2026-04-28,9.377802848815918,美元,PIMCO美國非投資等級債券基金-M級類別(穩定月收息股份),yfinance,債券型,美國,B0351 品浩太平洋投顧,品浩
B460122,2026-04-29,9.35150146484375,美元,PIMCO美國非投資等級債券基金-M級類別(穩定月收息股份),yfinance,債券型,美國,B0351 品浩太平洋投顧,品浩
B460122,2026-04-30,9.370983123779297,美元,PIMCO美國非投資等級債券基金-M級類別(穩定月收息股份),yfinance,債券型,美國,B0351 品浩太平洋投顧,品浩
B460122,2026-05-01,9.380724906921387,美元,PIMCO美國非投資等級債券基金-M級類別(穩定月收息股份),yfinance,債券型,美國,B0351 品浩太平洋投顧,品浩
B460122,2026-05-04,9.361242294311523,美元,PIMCO美國非投資等級債券基金-M級類別(穩定月收息股份),yfinance,債券型,美國,B0351 品浩太平洋投顧,品浩
B460122,2026-05-05,9.361242294311523,美元,PIMCO美國非投資等級債券基金-M級類別(穩定月收息股份),yfinance,債券型,美國,B0351 品浩太平洋投顧,品浩
B460122,2026-05-06,9.40020751953125,美元,PIMCO美國非投資等級債券基金-M級類別(穩定月收息股份),yfinance,債券型,美國,B0351 品浩太平洋投顧,品浩
B460122,2026-05-07,9.380724906921387,美元,PIMCO美國非投資等級債券基金-M級類別(穩定月收息股份),yfinance,債券型,美國,B0351 品浩太平洋投顧,品浩
B460122,2026-05-08,9.390467643737793,美元,PIMCO美國非投資等級債券基金-M級類別(穩定月收息股份),yfinance,債券型,美國,B0351 品浩太平洋投顧,品浩
B460122,2026-05-11,9.370983123779297,美元,PIMCO美國非投資等級債券基金-M級類別(穩定月收息股份),yfinance,債券型,美國,B0351 品浩太平洋投顧,品浩
B460122,2026-05-12,9.341761589050293,美元,PIMCO美國非投資等級債券基金-M級類別(穩定月收息股份),yfinance,債券型,美國,B0351 品浩太平洋投顧,品浩
B460122,2026-05-13,9.35150146484375,美元,PIMCO美國非投資等級債券基金-M級類別(穩定月收息股份),yfinance,債券型,美國,B0351 品浩太平洋投顧,品浩
B460122,2026-05-14,9.361242294311523,美元,PIMCO美國非投資等級債券基金-M級類別(穩定月收息股份),yfinance,債券型,美國,B0351 品浩太平洋投顧,品浩
B460122,2026-05-15,9.322278022766113,美元,PIMCO美國非投資等級債券基金-M級類別(穩定月收息股份),yfinance,債券型,美國,B0351 品浩太平洋投顧,品浩
B460122,2026-05-18,9.322278022766113,美元,PIMCO美國非投資等級債券基金-M級類別(穩定月收息股份),yfinance,債券型,美國,B0351 品浩太平洋投顧,品浩
B460122,2026-05-19,9.293054580688477,美元,PIMCO美國非投資等級債券基金-M級類別(穩定月收息股份),yfinance,債券型,美國,B0351 品浩太平洋投顧,品浩
B460122,2026-05-20,9.332018852233887,美元,PIMCO美國非投資等級債券基金-M級類別(穩定月收息股份),yfinance,債券型,美國,B0351 品浩太平洋投顧,品浩
B460122,2026-05-21,9.341761589050293,美元,PIMCO美國非投資等級債券基金-M級類別(穩定月收息股份),yfinance,債券型,美國,B0351 品浩太平洋投顧,品浩
B460122,2026-05-22,9.35150146484375,美元,PIMCO美國非投資等級債券基金-M級類別(穩定月收息股份),yfinance,債券型,美國,B0351 品浩太平洋投顧,品浩
B460122,2026-05-26,9.370983123779297,美元,PIMCO美國非投資等級債券基金-M級類別(穩定月收息股份),yfinance,債券型,美國,B0351 品浩太平洋投顧,品浩
B460122,2026-05-27,9.370983123779297,美元,PIMCO美國非投資等級債券基金-M級類別(穩定月收息股份),yfinance,債券型,美國,B0351 品浩太平洋投顧,品浩
B460122,2026-05-28,9.383757591247559,美元,PIMCO美國非投資等級債券基金-M級類別(穩定月收息股份),yfinance,債券型,美國,B0351 品浩太平洋投顧,品浩
B460122,2026-05-29,9.393584251403809,美元,PIMCO美國非投資等級債券基金-M級類別(穩定月收息股份),yfinance,債券型,美國,B0351 品浩太平洋投顧,品浩
B460122,2026-06-01,9.383757591247559,美元,PIMCO美國非投資等級債券基金-M級類別(穩定月收息股份),yfinance,債券型,美國,B0351 品浩太平洋投顧,品浩
B460122,2026-06-02,9.393584251403809,美元,PIMCO美國非投資等級債券基金-M級類別(穩定月收息股份),yfinance,債券型,美國,B0351 品浩太平洋投顧,品浩
B460122,2026-06-03,9.373931884765625,美元,PIMCO美國非投資等級債券基金-M級類別(穩定月收息股份),yfinance,債券型,美國,B0351 品浩太平洋投顧,品浩
B460122,2026-06-04,9.383757591247559,美元,PIMCO美國非投資等級債券基金-M級類別(穩定月收息股份),yfinance,債券型,美國,B0351 品浩太平洋投顧,品浩
B460122,2026-06-05,9.354280471801758,美元,PIMCO美國非投資等級債券基金-M級類別(穩定月收息股份),yfinance,債券型,美國,B0351 品浩太平洋投顧,品浩
B460122,2026-06-08,9.31497573852539,美元,PIMCO美國非投資等級債券基金-M級類別(穩定月收息股份),yfinance,債券型,美國,B0351 品浩太平洋投顧,品浩
B460122,2026-06-09,9.354280471801758,美元,PIMCO美國非投資等級債券基金-M級類別(穩定月收息股份),yfinance,債券型,美國,B0351 品浩太平洋投顧,品浩
B460122,2026-06-10,9.31497573852539,美元,PIMCO美國非投資等級債券基金-M級類別(穩定月收息股份),yfinance,債券型,美國,B0351 品浩太平洋投顧,品浩
B460122,2026-06-11,9.383757591247559,美元,PIMCO美國非投資等級債券基金-M級類別(穩定月收息股份),yfinance,債券型,美國,B0351 品浩太平洋投顧,品浩
B460122,2026-06-12,9.393584251403809,美元,PIMCO美國非投資等級債券基金-M級類別(穩定月收息股份),yfinance,債券型,美國,B0351 品浩太平洋投顧,品浩
B460122,2026-06-15,9.42306137084961,美元,PIMCO美國非投資等級債券基金-M級類別(穩定月收息股份),yfinance,債券型,美國,B0351 品浩太平洋投顧,品浩
B460122,2026-06-16,9.41323471069336,美元,PIMCO美國非投資等級債券基金-M級類別(穩定月收息股份),yfinance,債券型,美國,B0351 品浩太平洋投顧,品浩
B460122,2026-06-17,9.393584251403809,美元,PIMCO美國非投資等級債券基金-M級類別(穩定月收息股份),yfinance,債券型,美國,B0351 品浩太平洋投顧,品浩
B460122,2026-06-18,9.403409004211426,美元,PIMCO美國非投資等級債券基金-M級類別(穩定月收息股份),yfinance,債券型,美國,B0351 品浩太平洋投顧,品浩
B460122,2026-06-22,9.393584251403809,美元,PIMCO美國非投資等級債券基金-M級類別(穩定月收息股份),yfinance,債券型,美國,B0351 品浩太平洋投顧,品浩
B460122,2026-06-23,9.383757591247559,美元,PIMCO美國非投資等級債券基金-M級類別(穩定月收息股份),yfinance,債券型,美國,B0351 品浩太平洋投顧,品浩
B460122,2026-06-24,9.393584251403809,美元,PIMCO美國非投資等級債券基金-M級類別(穩定月收息股份),yfinance,債券型,美國,B0351 品浩太平洋投顧,品浩
B460122,2026-06-25,9.403409004211426,美元,PIMCO美國非投資等級債券基金-M級類別(穩定月收息股份),yfinance,債券型,美國,B0351 品浩太平洋投顧,品浩
B460122,2026-06-26,9.403409004211426,美元,PIMCO美國非投資等級債券基金-M級類別(穩定月收息股份),yfinance,債券型,美國,B0351 品浩太平洋投顧,品浩
B460122,2026-06-29,9.40638256072998,美元,PIMCO美國非投資等級債券基金-M級類別(穩定月收息股份),yfinance,債券型,美國,B0351 品浩太平洋投顧,品浩
B460122,2026-06-30,9.40638256072998,美元,PIMCO美國非投資等級債券基金-M級類別(穩定月收息股份),yfinance,債券型,美國,B0351 品浩太平洋投顧,品浩
B460122,2026-07-01,9.40638256072998,美元,PIMCO美國非投資等級債券基金-M級類別(穩定月收息股份),yfinance,債券型,美國,B0351 品浩太平洋投顧,品浩
B460122,2026-07-02,9.416295051574707,美元,PIMCO美國非投資等級債券基金-M級類別(穩定月收息股份),yfinance,債券型,美國,B0351 品浩太平洋投顧,品浩
B460122,2026-07-06,9.436119079589844,美元,PIMCO美國非投資等級債券基金-M級類別(穩定月收息股份),yfinance,債券型,美國,B0351 品浩太平洋投顧,品浩
B460122,2026-07-07,9.426207542419434,美元,PIMCO美國非投資等級債券基金-M級類別(穩定月收息股份),yfinance,債券型,美國,B0351 品浩太平洋投顧,品浩
B460122,2026-07-08,9.40638256072998,美元,PIMCO美國非投資等級債券基金-M級類別(穩定月收息股份),yfinance,債券型,美國,B0351 品浩太平洋投顧,品浩
B460122,2026-07-09,9.416295051574707,美元,PIMCO美國非投資等級債券基金-M級類別(穩定月收息股份),yfinance,債券型,美國,B0351 品浩太平洋投顧,品浩
B460122,2026-07-10,9.416295051574707,美元,PIMCO美國非投資等級債券基金-M級類別(穩定月收息股份),yfinance,債券型,美國,B0351 品浩太平洋投顧,品浩
B460122,2026-07-13,9.39647102355957,美元,PIMCO美國非投資等級債券基金-M級類別(穩定月收息股份),yfinance,債券型,美國,B0351 品浩太平洋投顧,品浩
B460122,2026-07-14,9.39647102355957,美元,PIMCO美國非投資等級債券基金-M級類別(穩定月收息股份),yfinance,債券型,美國,B0351 品浩太平洋投顧,品浩
B460122,2026-07-15,9.416295051574707,美元,PIMCO美國非投資等級債券基金-M級類別(穩定月收息股份),yfinance,債券型,美國,B0351 品浩太平洋投顧,品浩
B460122,2026-07-16,9.416295051574707,美元,PIMCO美國非投資等級債券基金-M級類別(穩定月收息股份),yfinance,債券型,美國,B0351 品浩太平洋投顧,品浩
B460122,2026-07-17,9.40638256072998,美元,PIMCO美國非投資等級債券基金-M級類別(穩定月收息股份),yfinance,債券型,美國,B0351 品浩太平洋投顧,品浩
B460122,2026-07-20,9.40638256072998,美元,PIMCO美國非投資等級債券基金-M級類別(穩定月收息股份),yfinance,債券型,美國,B0351 品浩太平洋投顧,品浩
B460122,2026-07-21,9.39647102355957,美元,PIMCO美國非投資等級債券基金-M級類別(穩定月收息股份),yfinance,債券型,美國,B0351 品浩太平洋投顧,品浩
B460122,2026-07-22,9.376646995544434,美元,PIMCO美國非投資等級債券基金-M級類別(穩定月收息股份),yfinance,債券型,美國,B0351 品浩太平洋投顧,品浩
B460122,2026-07-23,9.346912384033203,美元,PIMCO美國非投資等級債券基金-M級類別(穩定月收息股份),yfinance,債券型,美國,B0351 品浩太平洋投顧,品浩
B460122,2026-07-24,9.346912384033203,美元,PIMCO美國非投資等級債券基金-M級類別(穩定月收息股份),yfinance,債券型,美國,B0351 品浩太平洋投顧,品浩
B460122,2026-07-27,9.346912384033203,美元,PIMCO美國非投資等級債券基金-M級類別(穩定月收息股份),yfinance,債券型,美國,B0351 品浩太平洋投顧,品浩
B460122,2026-07-28,9.356822967529297,美元,PIMCO美國非投資等級債券基金-M級類別(穩定月收息股份),yfinance,債券型,美國,B0351 品浩太平洋投顧,品浩
B460122,2026-07-29,9.336999893188477,美元,PIMCO美國非投資等級債券基金-M級類別(穩定月收息股份),yfinance,債券型,美國,B0351 品浩太平洋投顧,品浩
B460122,2026-07-30,9.359999656677246,美元,PIMCO美國非投資等級債券基金-M級類別(穩定月收息股份),yfinance,債券型,美國,B0351 品浩太平洋投顧,品浩
B460122,2026-07-31,9.359999656677246,美元,PIMCO美國非投資等級債券基金-M級類別(穩定月收息股份),yfinance,債券型,美國,B0351 品浩太平洋投顧,品浩
B460122,2026-08-03,9.390000343322754,美元,PIMCO美國非投資等級債券基金-M級類別(穩定月收息股份),yfinance,債券型,美國,B0351 品浩太平洋投顧,品浩
B460122,2026-08-04,9.420000076293945,美元,PIMCO美國非投資等級債券基金-M級類別(穩定月收息股份),yfinance,債券型,美國,B0351 品浩太平洋投顧,品浩
B460122,2026-08-05,9.420000076293945,美元,PIMCO美國非投資等級債券基金-M級類別(穩定月收息股份),yfinance,債券型,美國,B0351 品浩太平洋投顧,品浩
B460122,2026-08-06,9.40999984741211,美元,PIMCO美國非投資等級債券基金-M級類別(穩定月收息股份),yfinance,債券型,美國,B0351 品浩太平洋投顧,品浩
B460122,2026-08-07,9.4399995803833,美元,PIMCO美國非投資等級債券基金-M級類別(穩定月收息股份),yfinance,債券型,美國,B0351 品浩太平洋投顧,品浩
B460122,2026-08-10,9.420000076293945,美元,PIMCO美國非投資等級債券基金-M級類別(穩定月收息股份),yfinance,債券型,美國,B0351 品浩太平洋投顧,品浩
B460122,2026-08-11,9.420000076293945,美元,PIMCO美國非投資等級債券基金-M級類別(穩定月收息股份),yfinance,債券型,美國,B0351 品浩太平洋投顧,品浩
B460122,2026-08-12,9.430000305175781,美元,PIMCO美國非投資等級債券基金-M級類別(穩定月收息股份),yfinance,債券型,美國,B0351 品浩太平洋投顧,品浩
B460122,2026-08-13,9.449999809265137,美元,PIMCO美國非投資等級債券基金-M級類別(穩定月收息股份),yfinance,債券型,美國,B0351 品浩太平洋投顧,品浩
B460122,2026-08-14,9.449999809265137,美元,PIMCO美國非投資等級債券基金-M級類別(穩定月收息股份),yfinance,債券型,美國,B0351 品浩太平洋投顧,品浩
B460122,2026-08-17,9.4399995803833,美元,PIMCO美國非投資等級債券基金-M級類別(穩定月收息股份),yfinance,債券型,美國,B0351 品浩太平洋投顧,品浩
B170204,2026-01-02,9.134407997131348,美元,匯豐環球投資基金-印度股票A穩定月配息美元,yfinance,股票型,亞洲地區,A0004 匯豐投信,匯豐
B170204,2026-01-05,9.113661766052246,美元,匯豐環球投資基金-印度股票A穩定月配息美元,yfinance,股票型,亞洲地區,A0004 匯豐投信,匯豐
B170204,2026-01-06,9.120261192321777,美元,匯豐環球投資基金-印度股票A穩定月配息美元,yfinance,股票型,亞洲地區,A0004 匯豐投信,匯豐
B170204,2026-01-07,9.171182632446289,美元,匯豐環球投資基金-印度股票A穩定月配息美元,yfinance,股票型,亞洲地區,A0004 匯豐投信,匯豐
B170204,2026-01-08,9.039170265197754,美元,匯豐環球投資基金-印度股票A穩定月配息美元,yfinance,股票型,亞洲地區,A0004 匯豐投信,匯豐
B170204,2026-01-09,8.926958084106445,美元,匯豐環球投資基金-印度股票A穩定月配息美元,yfinance,股票型,亞洲地區,A0004 匯豐投信,匯豐
B170204,2026-01-12,8.975049018859863,美元,匯豐環球投資基金-印度股票A穩定月配息美元,yfinance,股票型,亞洲地區,A0004 匯豐投信,匯豐
B170204,2026-01-13,8.97127628326416,美元,匯豐環球投資基金-印度股票A穩定月配息美元,yfinance,股票型,亞洲地區,A0004 匯豐投信,匯豐
B170204,2026-01-14,8.964676856994629,美元,匯豐環球投資基金-印度股票A穩定月配息美元,yfinance,股票型,亞洲地區,A0004 匯豐投信,匯豐
B170204,2026-01-16,8.885467529296875,美元,匯豐環球投資基金-印度股票A穩定月配息美元,yfinance,股票型,亞洲地區,A0004 匯豐投信,匯豐
B170204,2026-01-20,8.683673858642578,美元,匯豐環球投資基金-印度股票A穩定月配息美元,yfinance,股票型,亞洲地區,A0004 匯豐投信,匯豐
B170204,2026-01-21,8.581835746765137,美元,匯豐環球投資基金-印度股票A穩定月配息美元,yfinance,股票型,亞洲地區,A0004 匯豐投信,匯豐
B170204,2026-01-22,8.673301696777344,美元,匯豐環球投資基金-印度股票A穩定月配息美元,yfinance,股票型,亞洲地區,A0004 匯豐投信,匯豐
B170204,2026-01-23,8.517714500427246,美元,匯豐環球投資基金-印度股票A穩定月配息美元,yfinance,股票型,亞洲地區,A0004 匯豐投信,匯豐
B170204,2026-01-27,8.605411529541016,美元,匯豐環球投資基金-印度股票A穩定月配息美元,yfinance,股票型,亞洲地區,A0004 匯豐投信,匯豐
B170204,2026-01-28,8.688389778137207,美元,匯豐環球投資基金-印度股票A穩定月配息美元,yfinance,股票型,亞洲地區,A0004 匯豐投信,匯豐
B170204,2026-01-29,8.69593334197998,美元,匯豐環球投資基金-印度股票A穩定月配息美元,yfinance,股票型,亞洲地區,A0004 匯豐投信,匯豐
B170204,2026-01-30,8.680513381958008,美元,匯豐環球投資基金-印度股票A穩定月配息美元,yfinance,股票型,亞洲地區,A0004 匯豐投信,匯豐
B170204,2026-02-02,8.61490249633789,美元,匯豐環球投資基金-印度股票A穩定月配息美元,yfinance,股票型,亞洲地區,A0004 匯豐投信,匯豐
B170204,2026-02-03,8.90491771697998,美元,匯豐環球投資基金-印度股票A穩定月配息美元,yfinance,股票型,亞洲地區,A0004 匯豐投信,匯豐
B170204,2026-02-04,8.946758270263672,美元,匯豐環球投資基金-印度股票A穩定月配息美元,yfinance,股票型,亞洲地區,A0004 匯豐投信,匯豐
B170204,2026-02-05,8.883049011230469,美元,匯豐環球投資基金-印度股票A穩定月配息美元,yfinance,股票型,亞洲地區,A0004 匯豐投信,匯豐
B170204,2026-02-06,8.853570938110352,美元,匯豐環球投資基金-印度股票A穩定月配息美元,yfinance,股票型,亞洲地區,A0004 匯豐投信,匯豐
B170204,2026-02-09,8.941052436828613,美元,匯豐環球投資基金-印度股票A穩定月配息美元,yfinance,股票型,亞洲地區,A0004 匯豐投信,匯豐
B170204,2026-02-10,8.9800386428833,美元,匯豐環球投資基金-印度股票A穩定月配息美元,yfinance,股票型,亞洲地區,A0004 匯豐投信,匯豐
B170204,2026-02-11,8.965774536132812,美元,匯豐環球投資基金-印度股票A穩定月配息美元,yfinance,股票型,亞洲地區,A0004 匯豐投信,匯豐
B170204,2026-02-12,8.913476943969727,美元,匯豐環球投資基金-印度股票A穩定月配息美元,yfinance,股票型,亞洲地區,A0004 匯豐投信,匯豐
B170204,2026-02-13,8.764189720153809,美元,匯豐環球投資基金-印度股票A穩定月配息美元,yfinance,股票型,亞洲地區,A0004 匯豐投信,匯豐
B170204,2026-02-17,8.878293991088867,美元,匯豐環球投資基金-印度股票A穩定月配息美元,yfinance,股票型,亞洲地區,A0004 匯豐投信,匯豐
B170204,2026-02-18,8.919182777404785,美元,匯豐環球投資基金-印度股票A穩定月配息美元,yfinance,股票型,亞洲地區,A0004 匯豐投信,匯豐
B170204,2026-02-19,8.765141487121582,美元,匯豐環球投資基金-印度股票A穩定月配息美元,yfinance,股票型,亞洲地區,A0004 匯豐投信,匯豐
B170204,2026-02-20,8.787961959838867,美元,匯豐環球投資基金-印度股票A穩定月配息美元,yfinance,股票型,亞洲地區,A0004 匯豐投信,匯豐
B170204,2026-02-23,8.855473518371582,美元,匯豐環球投資基金-印度股票A穩定月配息美元,yfinance,股票型,亞洲地區,A0004 匯豐投信,匯豐
B170204,2026-02-24,8.767992973327637,美元,匯豐環球投資基金-印度股票A穩定月配息美元,yfinance,股票型,亞洲地區,A0004 匯豐投信,匯豐
B170204,2026-02-25,8.76989459991455,美元,匯豐環球投資基金-印度股票A穩定月配息美元,yfinance,股票型,亞洲地區,A0004 匯豐投信,匯豐
B170204,2026-02-26,8.80507755279541,美元,匯豐環球投資基金-印度股票A穩定月配息美元,yfinance,股票型,亞洲地區,A0004 匯豐投信,匯豐
B170204,2026-02-27,8.685087203979492,美元,匯豐環球投資基金-印度股票A穩定月配息美元,yfinance,股票型,亞洲地區,A0004 匯豐投信,匯豐
B170204,2026-03-02,8.520169258117676,美元,匯豐環球投資基金-印度股票A穩定月配息美元,yfinance,股票型,亞洲地區,A0004 匯豐投信,匯豐
B170204,2026-03-04,8.341825485229492,美元,匯豐環球投資基金-印度股票A穩定月配息美元,yfinance,股票型,亞洲地區,A0004 匯豐投信,匯豐
B170204,2026-03-05,8.500991821289062,美元,匯豐環球投資基金-印度股票A穩定月配息美元,yfinance,股票型,亞洲地區,A0004 匯豐投信,匯豐
B170204,2026-03-06,8.412779808044434,美元,匯豐環球投資基金-印度股票A穩定月配息美元,yfinance,股票型,亞洲地區,A0004 匯豐投信,匯豐
B170204,2026-03-09,8.208547592163086,美元,匯豐環球投資基金-印度股票A穩定月配息美元,yfinance,股票型,亞洲地區,A0004 匯豐投信,匯豐
B170204,2026-03-10,8.343743324279785,美元,匯豐環球投資基金-印度股票A穩定月配息美元,yfinance,股票型,亞洲地區,A0004 匯豐投信,匯豐
B170204,2026-03-11,8.21526050567627,美元,匯豐環球投資基金-印度股票A穩定月配息美元,yfinance,股票型,亞洲地區,A0004 匯豐投信,匯豐
B170204,2026-03-12,8.089653015136719,美元,匯豐環球投資基金-印度股票A穩定月配息美元,yfinance,股票型,亞洲地區,A0004 匯豐投信,匯豐
B170204,2026-03-13,7.9007649421691895,美元,匯豐環球投資基金-印度股票A穩定月配息美元,yfinance,股票型,亞洲地區,A0004 匯豐投信,匯豐
B170204,2026-03-16,7.9582929611206055,美元,匯豐環球投資基金-印度股票A穩定月配息美元,yfinance,股票型,亞洲地區,A0004 匯豐投信,匯豐
B170204,2026-03-17,8.082942008972168,美元,匯豐環球投資基金-印度股票A穩定月配息美元,yfinance,股票型,亞洲地區,A0004 匯豐投信,匯豐
B170204,2026-03-18,8.145264625549316,美元,匯豐環球投資基金-印度股票A穩定月配息美元,yfinance,股票型,亞洲地區,A0004 匯豐投信,匯豐
B170204,2026-03-23,7.58530855178833,美元,匯豐環球投資基金-印度股票A穩定月配息美元,yfinance,股票型,亞洲地區,A0004 匯豐投信,匯豐
B170204,2026-03-24,7.728174686431885,美元,匯豐環球投資基金-印度股票A穩定月配息美元,yfinance,股票型,亞洲地區,A0004 匯豐投信,匯豐
B170204,2026-03-25,7.89788818359375,美元,匯豐環球投資基金-印度股票A穩定月配息美元,yfinance,股票型,亞洲地區,A0004 匯豐投信,匯豐
B170204,2026-03-27,7.619826793670654,美元,匯豐環球投資基金-印度股票A穩定月配息美元,yfinance,股票型,亞洲地區,A0004 匯豐投信,匯豐
B170204,2026-03-30,7.4579596519470215,美元,匯豐環球投資基金-印度股票A穩定月配息美元,yfinance,股票型,亞洲地區,A0004 匯豐投信,匯豐
B170204,2026-04-01,7.653331756591797,美元,匯豐環球投資基金-印度股票A穩定月配息美元,yfinance,股票型,亞洲地區,A0004 匯豐投信,匯豐
B170204,2026-04-02,7.780032157897949,美元,匯豐環球投資基金-印度股票A穩定月配息美元,yfinance,股票型,亞洲地區,A0004 匯豐投信,匯豐
B170204,2026-04-07,7.885455131530762,美元,匯豐環球投資基金-印度股票A穩定月配息美元,yfinance,股票型,亞洲地區,A0004 匯豐投信,匯豐
B170204,2026-04-08,8.256853103637695,美元,匯豐環球投資基金-印度股票A穩定月配息美元,yfinance,股票型,亞洲地區,A0004 匯豐投信,匯豐
B170204,2026-04-09,8.168841361999512,美元,匯豐環球投資基金-印度股票A穩定月配息美元,yfinance,股票型,亞洲地區,A0004 匯豐投信,匯豐
B170204,2026-04-10,8.209463119506836,美元,匯豐環球投資基金-印度股票A穩定月配息美元,yfinance,股票型,亞洲地區,A0004 匯豐投信,匯豐
B170204,2026-04-13,8.123382568359375,美元,匯豐環球投資基金-印度股票A穩定月配息美元,yfinance,股票型,亞洲地區,A0004 匯豐投信,匯豐
B170204,2026-04-15,8.265559196472168,美元,匯豐環球投資基金-印度股票A穩定月配息美元,yfinance,股票型,亞洲地區,A0004 匯豐投信,匯豐
B170204,2026-04-16,8.300376892089844,美元,匯豐環球投資基金-印度股票A穩定月配息美元,yfinance,股票型,亞洲地區,A0004 匯豐投信,匯豐
B170204,2026-04-17,8.3970947265625,美元,匯豐環球投資基金-印度股票A穩定月配息美元,yfinance,股票型,亞洲地區,A0004 匯豐投信,匯豐
B170204,2026-04-20,8.356473922729492,美元,匯豐環球投資基金-印度股票A穩定月配息美元,yfinance,股票型,亞洲地區,A0004 匯豐投信,匯豐
B170204,2026-04-21,8.380653381347656,美元,匯豐環球投資基金-印度股票A穩定月配息美元,yfinance,股票型,亞洲地區,A0004 匯豐投信,匯豐
B170204,2026-04-22,8.303279876708984,美元,匯豐環球投資基金-印度股票A穩定月配息美元,yfinance,股票型,亞洲地區,A0004 匯豐投信,匯豐
B170204,2026-04-23,8.18044662475586,美元,匯豐環球投資基金-印度股票A穩定月配息美元,yfinance,股票型,亞洲地區,A0004 匯豐投信,匯豐
B170204,2026-04-24,8.071154594421387,美元,匯豐環球投資基金-印度股票A穩定月配息美元,yfinance,股票型,亞洲地區,A0004 匯豐投信,匯豐
B170204,2026-04-27,8.176578521728516,美元,匯豐環球投資基金-印度股票A穩定月配息美元,yfinance,股票型,亞洲地區,A0004 匯豐投信,匯豐
B170204,2026-04-28,8.114692687988281,美元,匯豐環球投資基金-印度股票A穩定月配息美元,yfinance,股票型,亞洲地區,A0004 匯豐投信,匯豐
B170204,2026-04-29,8.123468399047852,美元,匯豐環球投資基金-印度股票A穩定月配息美元,yfinance,股票型,亞洲地區,A0004 匯豐投信,匯豐
B170204,2026-04-30,8.054228782653809,美元,匯豐環球投資基金-印度股票A穩定月配息美元,yfinance,股票型,亞洲地區,A0004 匯豐投信,匯豐
B170204,2026-05-04,8.087387084960938,美元,匯豐環球投資基金-印度股票A穩定月配息美元,yfinance,股票型,亞洲地區,A0004 匯豐投信,匯豐
B170204,2026-05-05,8.060081481933594,美元,匯豐環球投資基金-印度股票A穩定月配息美元,yfinance,股票型,亞洲地區,A0004 匯豐投信,匯豐
B170204,2026-05-06,8.208312034606934,美元,匯豐環球投資基金-印度股票A穩定月配息美元,yfinance,股票型,亞洲地區,A0004 匯豐投信,匯豐
B170204,2026-05-07,8.247319221496582,美元,匯豐環球投資基金-印度股票A穩定月配息美元,yfinance,股票型,亞洲地區,A0004 匯豐投信,匯豐
B170204,2026-05-08,8.159551620483398,美元,匯豐環球投資基金-印度股票A穩定月配息美元,yfinance,股票型,亞洲地區,A0004 匯豐投信,匯豐
B170204,2026-05-11,7.926477432250977,美元,匯豐環球投資基金-印度股票A穩定月配息美元,yfinance,股票型,亞洲地區,A0004 匯豐投信,匯豐
B170204,2026-05-12,7.752890586853027,美元,匯豐環球投資基金-印度股票A穩定月配息美元,yfinance,股票型,亞洲地區,A0004 匯豐投信,匯豐
B170204,2026-05-13,7.790923595428467,美元,匯豐環球投資基金-印度股票A穩定月配息美元,yfinance,股票型,亞洲地區,A0004 匯豐投信,匯豐
B170204,2026-05-15,7.87381649017334,美元,匯豐環球投資基金-印度股票A穩定月配息美元,yfinance,股票型,亞洲地區,A0004 匯豐投信,匯豐
B170204,2026-05-18,7.830906867980957,美元,匯豐環球投資基金-印度股票A穩定月配息美元,yfinance,股票型,亞洲地區,A0004 匯豐投信,匯豐
B170204,2026-05-19,7.817254066467285,美元,匯豐環球投資基金-印度股票A穩定月配息美元,yfinance,股票型,亞洲地區,A0004 匯豐投信,匯豐
B170204,2026-05-20,7.807501792907715,美元,匯豐環球投資基金-印度股票A穩定月配息美元,yfinance,股票型,亞洲地區,A0004 匯豐投信,匯豐
B170204,2026-05-21,7.826030731201172,美元,匯豐環球投資基金-印度股票A穩定月配息美元,yfinance,股票型,亞洲地區,A0004 匯豐投信,匯豐
B170204,2026-05-22,7.901472091674805,美元,匯豐環球投資基金-印度股票A穩定月配息美元,yfinance,股票型,亞洲地區,A0004 匯豐投信,匯豐
B170204,2026-05-26,7.970308303833008,美元,匯豐環球投資基金-印度股票A穩定月配息美元,yfinance,股票型,亞洲地區,A0004 匯豐投信,匯豐
B170204,2026-05-27,7.960475444793701,美元,匯豐環球投資基金-印度股票A穩定月配息美元,yfinance,股票型,亞洲地區,A0004 匯豐投信,匯豐
B170204,2026-05-29,7.910322666168213,美元,匯豐環球投資基金-印度股票A穩定月配息美元,yfinance,股票型,亞洲地區,A0004 匯豐投信,匯豐
B170204,2026-06-01,7.841485977172852,美元,匯豐環球投資基金-印度股票A穩定月配息美元,yfinance,股票型,亞洲地區,A0004 匯豐投信,匯豐
B170204,2026-06-02,7.844436168670654,美元,匯豐環球投資基金-印度股票A穩定月配息美元,yfinance,股票型,亞洲地區,A0004 匯豐投信,匯豐
B170204,2026-06-03,7.795267581939697,美元,匯豐環球投資基金-印度股票A穩定月配息美元,yfinance,股票型,亞洲地區,A0004 匯豐投信,匯豐
B170204,2026-06-04,7.8218183517456055,美元,匯豐環球投資基金-印度股票A穩定月配息美元,yfinance,股票型,亞洲地區,A0004 匯豐投信,匯豐
B170204,2026-06-05,7.863120079040527,美元,匯豐環球投資基金-印度股票A穩定月配息美元,yfinance,股票型,亞洲地區,A0004 匯豐投信,匯豐
B170204,2026-06-08,7.709713459014893,美元,匯豐環球投資基金-印度股票A穩定月配息美元,yfinance,股票型,亞洲地區,A0004 匯豐投信,匯豐
B170204,2026-06-09,7.794283866882324,美元,匯豐環球投資基金-印度股票A穩定月配息美元,yfinance,股票型,亞洲地區,A0004 匯豐投信,匯豐
B170204,2026-06-10,7.777565956115723,美元,匯豐環球投資基金-印度股票A穩定月配息美元,yfinance,股票型,亞洲地區,A0004 匯豐投信,匯豐
B170204,2026-06-11,7.691029071807861,美元,匯豐環球投資基金-印度股票A穩定月配息美元,yfinance,股票型,亞洲地區,A0004 匯豐投信,匯豐
B170204,2026-06-12,7.945724010467529,美元,匯豐環球投資基金-印度股票A穩定月配息美元,yfinance,股票型,亞洲地區,A0004 匯豐投信,匯豐
B170204,2026-06-15,8.112898826599121,美元,匯豐環球投資基金-印度股票A穩定月配息美元,yfinance,股票型,亞洲地區,A0004 匯豐投信,匯豐
B170204,2026-06-16,8.130599975585938,美元,匯豐環球投資基金-印度股票A穩定月配息美元,yfinance,股票型,亞洲地區,A0004 匯豐投信,匯豐
B170204,2026-06-17,8.14535140991211,美元,匯豐環球投資基金-印度股票A穩定月配息美元,yfinance,股票型,亞洲地區,A0004 匯豐投信,匯豐
B170204,2026-06-18,8.147317886352539,美元,匯豐環球投資基金-印度股票A穩定月配息美元,yfinance,股票型,亞洲地區,A0004 匯豐投信,匯豐
B170204,2026-06-22,8.130599975585938,美元,匯豐環球投資基金-印度股票A穩定月配息美元,yfinance,股票型,亞洲地區,A0004 匯豐投信,匯豐
B170204,2026-06-24,8.096181869506836,美元,匯豐環球投資基金-印度股票A穩定月配息美元,yfinance,股票型,亞洲地區,A0004 匯豐投信,匯豐
B170204,2026-06-25,8.109949111938477,美元,匯豐環球投資基金-印度股票A穩定月配息美元,yfinance,股票型,亞洲地區,A0004 匯豐投信,匯豐
B170204,2026-06-29,8.085365295410156,美元,匯豐環球投資基金-印度股票A穩定月配息美元,yfinance,股票型,亞洲地區,A0004 匯豐投信,匯豐
B170204,2026-06-30,8.062283515930176,美元,匯豐環球投資基金-印度股票A穩定月配息美元,yfinance,股票型,亞洲地區,A0004 匯豐投信,匯豐
B170204,2026-07-01,8.12475872039795,美元,匯豐環球投資基金-印度股票A穩定月配息美元,yfinance,股票型,亞洲地區,A0004 匯豐投信,匯豐
B170204,2026-07-02,8.163434028625488,美元,匯豐環球投資基金-印度股票A穩定月配息美元,yfinance,股票型,亞洲地區,A0004 匯豐投信,匯豐
B170204,2026-07-06,8.233842849731445,美元,匯豐環球投資基金-印度股票A穩定月配息美元,yfinance,股票型,亞洲地區,A0004 匯豐投信,匯豐
B170204,2026-07-07,8.250700950622559,美元,匯豐環球投資基金-印度股票A穩定月配息美元,yfinance,股票型,亞洲地區,A0004 匯豐投信,匯豐
B170204,2026-07-08,8.035508155822754,美元,匯豐環球投資基金-印度股票A穩定月配息美元,yfinance,股票型,亞洲地區,A0004 匯豐投信,匯豐
B170204,2026-07-09,8.134675979614258,美元,匯豐環球投資基金-印度股票A穩定月配息美元,yfinance,股票型,亞洲地區,A0004 匯豐投信,匯豐
B170204,2026-07-10,8.240784645080566,美元,匯豐環球投資基金-印度股票A穩定月配息美元,yfinance,股票型,亞洲地區,A0004 匯豐投信,匯豐
B170204,2026-07-13,8.175333976745605,美元,匯豐環球投資基金-印度股票A穩定月配息美元,yfinance,股票型,亞洲地區,A0004 匯豐投信,匯豐
B170204,2026-07-14,8.07319164276123,美元,匯豐環球投資基金-印度股票A穩定月配息美元,yfinance,股票型,亞洲地區,A0004 匯豐投信,匯豐
B170204,2026-07-15,8.100957870483398,美元,匯豐環球投資基金-印度股票A穩定月配息美元,yfinance,股票型,亞洲地區,A0004 匯豐投信,匯豐
B170204,2026-07-16,8.060300827026367,美元,匯豐環球投資基金-印度股票A穩定月配息美元,yfinance,股票型,亞洲地區,A0004 匯豐投信,匯豐
B170204,2026-07-20,8.061291694641113,美元,匯豐環球投資基金-印度股票A穩定月配息美元,yfinance,股票型,亞洲地區,A0004 匯豐投信,匯豐
B170204,2026-07-21,8.084100723266602,美元,匯豐環球投資基金-印度股票A穩定月配息美元,yfinance,股票型,亞洲地區,A0004 匯豐投信,匯豐
B170204,2026-07-22,7.9591498374938965,美元,匯豐環球投資基金-印度股票A穩定月配息美元,yfinance,股票型,亞洲地區,A0004 匯豐投信,匯豐
B170204,2026-07-23,7.891716480255127,美元,匯豐環球投資基金-印度股票A穩定月配息美元,yfinance,股票型,亞洲地區,A0004 匯豐投信,匯豐
B170204,2026-07-24,7.89865779876709,美元,匯豐環球投資基金-印度股票A穩定月配息美元,yfinance,股票型,亞洲地區,A0004 匯豐投信,匯豐
B170204,2026-07-27,8.05732536315918,美元,匯豐環球投資基金-印度股票A穩定月配息美元,yfinance,股票型,亞洲地區,A0004 匯豐投信,匯豐
B170204,2026-07-28,8.092033386230469,美元,匯豐環球投資基金-印度股票A穩定月配息美元,yfinance,股票型,亞洲地區,A0004 匯豐投信,匯豐
B170204,2026-07-29,8.201117515563965,美元,匯豐環球投資基金-印度股票A穩定月配息美元,yfinance,股票型,亞洲地區,A0004 匯豐投信,匯豐
B170204,2026-07-30,8.205083847045898,美元,匯豐環球投資基金-印度股票A穩定月配息美元,yfinance,股票型,亞洲地區,A0004 匯豐投信,匯豐
B170204,2026-07-31,8.22599983215332,美元,匯豐環球投資基金-印度股票A穩定月配息美元,yfinance,股票型,亞洲地區,A0004 匯豐投信,匯豐
B170204,2026-08-03,8.336000442504883,美元,匯豐環球投資基金-印度股票A穩定月配息美元,yfinance,股票型,亞洲地區,A0004 匯豐投信,匯豐
B170204,2026-08-04,8.303000450134277,美元,匯豐環球投資基金-印度股票A穩定月配息美元,yfinance,股票型,亞洲地區,A0004 匯豐投信,匯豐
B170204,2026-08-05,8.321999549865723,美元,匯豐環球投資基金-印度股票A穩定月配息美元,yfinance,股票型,亞洲地區,A0004 匯豐投信,匯豐
B170204,2026-08-06,8.335000038146973,美元,匯豐環球投資基金-印度股票A穩定月配息美元,yfinance,股票型,亞洲地區,A0004 匯豐投信,匯豐
B170204,2026-08-07,8.343999862670898,美元,匯豐環球投資基金-印度股票A穩定月配息美元,yfinance,股票型,亞洲地區,A0004 匯豐投信,匯豐
B170204,2026-08-10,8.343000411987305,美元,匯豐環球投資基金-印度股票A穩定月配息美元,yfinance,股票型,亞洲地區,A0004 匯豐投信,匯豐
B170204,2026-08-11,8.303999900817871,美元,匯豐環球投資基金-印度股票A穩定月配息美元,yfinance,股票型,亞洲地區,A0004 匯豐投信,匯豐
B170204,2026-08-12,8.293000221252441,美元,匯豐環球投資基金-印度股票A穩定月配息美元,yfinance,股票型,亞洲地區,A0004 匯豐投信,匯豐
B170204,2026-08-13,8.272000312805176,美元,匯豐環球投資基金-印度股票A穩定月配息美元,yfinance,股票型,亞洲地區,A0004 匯豐投信,匯豐
B170204,2026-08-14,8.265000343322754,美元,匯豐環球投資基金-印度股票A穩定月配息美元,yfinance,股票型,亞洲地區,A0004 匯豐投信,匯豐
B170204,2026-08-17,8.24899959564209,美元,匯豐環球投資基金-印度股票A穩定月配息美元,yfinance,股票型,亞洲地區,A0004 匯豐投信,匯豐
B150445,2026-01-02,11.680000305175781,美元,富蘭克林坦伯頓全球投資系列－黃金及貴金屬基金美元F(acc)股,yfinance,未分類,全球市場,A0045 富蘭克林華美投信,富蘭克林
B150445,2026-01-05,12.130000114440918,美元,富蘭克林坦伯頓全球投資系列－黃金及貴金屬基金美元F(acc)股,yfinance,未分類,全球市場,A0045 富蘭克林華美投信,富蘭克林
B150445,2026-01-06,12.350000381469727,美元,富蘭克林坦伯頓全球投資系列－黃金及貴金屬基金美元F(acc)股,yfinance,未分類,全球市場,A0045 富蘭克林華美投信,富蘭克林
B150445,2026-01-07,12.279999732971191,美元,富蘭克林坦伯頓全球投資系列－黃金及貴金屬基金美元F(acc)股,yfinance,未分類,全球市場,A0045 富蘭克林華美投信,富蘭克林
B150445,2026-01-08,12.180000305175781,美元,富蘭克林坦伯頓全球投資系列－黃金及貴金屬基金美元F(acc)股,yfinance,未分類,全球市場,A0045 富蘭克林華美投信,富蘭克林
B150445,2026-01-09,12.239999771118164,美元,富蘭克林坦伯頓全球投資系列－黃金及貴金屬基金美元F(acc)股,yfinance,未分類,全球市場,A0045 富蘭克林華美投信,富蘭克林
B150445,2026-01-12,12.670000076293945,美元,富蘭克林坦伯頓全球投資系列－黃金及貴金屬基金美元F(acc)股,yfinance,未分類,全球市場,A0045 富蘭克林華美投信,富蘭克林
B150445,2026-01-13,12.6899995803833,美元,富蘭克林坦伯頓全球投資系列－黃金及貴金屬基金美元F(acc)股,yfinance,未分類,全球市場,A0045 富蘭克林華美投信,富蘭克林
B150445,2026-01-14,12.829999923706055,美元,富蘭克林坦伯頓全球投資系列－黃金及貴金屬基金美元F(acc)股,yfinance,未分類,全球市場,A0045 富蘭克林華美投信,富蘭克林
B150445,2026-01-15,12.760000228881836,美元,富蘭克林坦伯頓全球投資系列－黃金及貴金屬基金美元F(acc)股,yfinance,未分類,全球市場,A0045 富蘭克林華美投信,富蘭克林
B150445,2026-01-16,12.75,美元,富蘭克林坦伯頓全球投資系列－黃金及貴金屬基金美元F(acc)股,yfinance,未分類,全球市場,A0045 富蘭克林華美投信,富蘭克林
B150445,2026-01-20,13.65999984741211,美元,富蘭克林坦伯頓全球投資系列－黃金及貴金屬基金美元F(acc)股,yfinance,未分類,全球市場,A0045 富蘭克林華美投信,富蘭克林
B150445,2026-01-21,13.489999771118164,美元,富蘭克林坦伯頓全球投資系列－黃金及貴金屬基金美元F(acc)股,yfinance,未分類,全球市場,A0045 富蘭克林華美投信,富蘭克林
B150445,2026-01-22,13.979999542236328,美元,富蘭克林坦伯頓全球投資系列－黃金及貴金屬基金美元F(acc)股,yfinance,未分類,全球市場,A0045 富蘭克林華美投信,富蘭克林
B150445,2026-01-23,14.449999809265137,美元,富蘭克林坦伯頓全球投資系列－黃金及貴金屬基金美元F(acc)股,yfinance,未分類,全球市場,A0045 富蘭克林華美投信,富蘭克林
B150445,2026-01-26,14.539999961853027,美元,富蘭克林坦伯頓全球投資系列－黃金及貴金屬基金美元F(acc)股,yfinance,未分類,全球市場,A0045 富蘭克林華美投信,富蘭克林
B150445,2026-01-27,14.930000305175781,美元,富蘭克林坦伯頓全球投資系列－黃金及貴金屬基金美元F(acc)股,yfinance,未分類,全球市場,A0045 富蘭克林華美投信,富蘭克林
B150445,2026-01-28,15.239999771118164,美元,富蘭克林坦伯頓全球投資系列－黃金及貴金屬基金美元F(acc)股,yfinance,未分類,全球市場,A0045 富蘭克林華美投信,富蘭克林
B150445,2026-01-29,14.569999694824219,美元,富蘭克林坦伯頓全球投資系列－黃金及貴金屬基金美元F(acc)股,yfinance,未分類,全球市場,A0045 富蘭克林華美投信,富蘭克林
B150445,2026-02-02,12.640000343322754,美元,富蘭克林坦伯頓全球投資系列－黃金及貴金屬基金美元F(acc)股,yfinance,未分類,全球市場,A0045 富蘭克林華美投信,富蘭克林
B150445,2026-02-03,13.5,美元,富蘭克林坦伯頓全球投資系列－黃金及貴金屬基金美元F(acc)股,yfinance,未分類,全球市場,A0045 富蘭克林華美投信,富蘭克林
B150445,2026-02-04,13.569999694824219,美元,富蘭克林坦伯頓全球投資系列－黃金及貴金屬基金美元F(acc)股,yfinance,未分類,全球市場,A0045 富蘭克林華美投信,富蘭克林
B150445,2026-02-05,12.479999542236328,美元,富蘭克林坦伯頓全球投資系列－黃金及貴金屬基金美元F(acc)股,yfinance,未分類,全球市場,A0045 富蘭克林華美投信,富蘭克林
B150445,2026-02-06,12.970000267028809,美元,富蘭克林坦伯頓全球投資系列－黃金及貴金屬基金美元F(acc)股,yfinance,未分類,全球市場,A0045 富蘭克林華美投信,富蘭克林
B150445,2026-02-09,13.75,美元,富蘭克林坦伯頓全球投資系列－黃金及貴金屬基金美元F(acc)股,yfinance,未分類,全球市場,A0045 富蘭克林華美投信,富蘭克林
B150445,2026-02-10,13.789999961853027,美元,富蘭克林坦伯頓全球投資系列－黃金及貴金屬基金美元F(acc)股,yfinance,未分類,全球市場,A0045 富蘭克林華美投信,富蘭克林
B150445,2026-02-11,14.130000114440918,美元,富蘭克林坦伯頓全球投資系列－黃金及貴金屬基金美元F(acc)股,yfinance,未分類,全球市場,A0045 富蘭克林華美投信,富蘭克林
B150445,2026-02-12,13.25,美元,富蘭克林坦伯頓全球投資系列－黃金及貴金屬基金美元F(acc)股,yfinance,未分類,全球市場,A0045 富蘭克林華美投信,富蘭克林
B150445,2026-02-13,13.800000190734863,美元,富蘭克林坦伯頓全球投資系列－黃金及貴金屬基金美元F(acc)股,yfinance,未分類,全球市場,A0045 富蘭克林華美投信,富蘭克林
B150445,2026-02-17,13.390000343322754,美元,富蘭克林坦伯頓全球投資系列－黃金及貴金屬基金美元F(acc)股,yfinance,未分類,全球市場,A0045 富蘭克林華美投信,富蘭克林
B150445,2026-02-18,13.600000381469727,美元,富蘭克林坦伯頓全球投資系列－黃金及貴金屬基金美元F(acc)股,yfinance,未分類,全球市場,A0045 富蘭克林華美投信,富蘭克林
B150445,2026-02-19,13.899999618530273,美元,富蘭克林坦伯頓全球投資系列－黃金及貴金屬基金美元F(acc)股,yfinance,未分類,全球市場,A0045 富蘭克林華美投信,富蘭克林
B150445,2026-02-20,14.100000381469727,美元,富蘭克林坦伯頓全球投資系列－黃金及貴金屬基金美元F(acc)股,yfinance,未分類,全球市場,A0045 富蘭克林華美投信,富蘭克林
B150445,2026-02-23,14.579999923706055,美元,富蘭克林坦伯頓全球投資系列－黃金及貴金屬基金美元F(acc)股,yfinance,未分類,全球市場,A0045 富蘭克林華美投信,富蘭克林
B150445,2026-02-24,14.859999656677246,美元,富蘭克林坦伯頓全球投資系列－黃金及貴金屬基金美元F(acc)股,yfinance,未分類,全球市場,A0045 富蘭克林華美投信,富蘭克林
B150445,2026-02-25,15.020000457763672,美元,富蘭克林坦伯頓全球投資系列－黃金及貴金屬基金美元F(acc)股,yfinance,未分類,全球市場,A0045 富蘭克林華美投信,富蘭克林
B150445,2026-02-26,15.3100004196167,美元,富蘭克林坦伯頓全球投資系列－黃金及貴金屬基金美元F(acc)股,yfinance,未分類,全球市場,A0045 富蘭克林華美投信,富蘭克林
B150445,2026-02-27,15.619999885559082,美元,富蘭克林坦伯頓全球投資系列－黃金及貴金屬基金美元F(acc)股,yfinance,未分類,全球市場,A0045 富蘭克林華美投信,富蘭克林
B150445,2026-03-02,15.6899995803833,美元,富蘭克林坦伯頓全球投資系列－黃金及貴金屬基金美元F(acc)股,yfinance,未分類,全球市場,A0045 富蘭克林華美投信,富蘭克林
B150445,2026-03-03,14.640000343322754,美元,富蘭克林坦伯頓全球投資系列－黃金及貴金屬基金美元F(acc)股,yfinance,未分類,全球市場,A0045 富蘭克林華美投信,富蘭克林
B150445,2026-03-04,14.65999984741211,美元,富蘭克林坦伯頓全球投資系列－黃金及貴金屬基金美元F(acc)股,yfinance,未分類,全球市場,A0045 富蘭克林華美投信,富蘭克林
B150445,2026-03-05,14.039999961853027,美元,富蘭克林坦伯頓全球投資系列－黃金及貴金屬基金美元F(acc)股,yfinance,未分類,全球市場,A0045 富蘭克林華美投信,富蘭克林
B150445,2026-03-06,14.020000457763672,美元,富蘭克林坦伯頓全球投資系列－黃金及貴金屬基金美元F(acc)股,yfinance,未分類,全球市場,A0045 富蘭克林華美投信,富蘭克林
B150445,2026-03-09,13.960000038146973,美元,富蘭克林坦伯頓全球投資系列－黃金及貴金屬基金美元F(acc)股,yfinance,未分類,全球市場,A0045 富蘭克林華美投信,富蘭克林
B150445,2026-03-10,14.170000076293945,美元,富蘭克林坦伯頓全球投資系列－黃金及貴金屬基金美元F(acc)股,yfinance,未分類,全球市場,A0045 富蘭克林華美投信,富蘭克林
B150445,2026-03-11,13.949999809265137,美元,富蘭克林坦伯頓全球投資系列－黃金及貴金屬基金美元F(acc)股,yfinance,未分類,全球市場,A0045 富蘭克林華美投信,富蘭克林
B150445,2026-03-12,13.5,美元,富蘭克林坦伯頓全球投資系列－黃金及貴金屬基金美元F(acc)股,yfinance,未分類,全球市場,A0045 富蘭克林華美投信,富蘭克林
B150445,2026-03-13,12.680000305175781,美元,富蘭克林坦伯頓全球投資系列－黃金及貴金屬基金美元F(acc)股,yfinance,未分類,全球市場,A0045 富蘭克林華美投信,富蘭克林
B150445,2026-03-16,12.8100004196167,美元,富蘭克林坦伯頓全球投資系列－黃金及貴金屬基金美元F(acc)股,yfinance,未分類,全球市場,A0045 富蘭克林華美投信,富蘭克林
B150445,2026-03-17,12.770000457763672,美元,富蘭克林坦伯頓全球投資系列－黃金及貴金屬基金美元F(acc)股,yfinance,未分類,全球市場,A0045 富蘭克林華美投信,富蘭克林
B150445,2026-03-18,12.0600004196167,美元,富蘭克林坦伯頓全球投資系列－黃金及貴金屬基金美元F(acc)股,yfinance,未分類,全球市場,A0045 富蘭克林華美投信,富蘭克林
B150445,2026-03-19,11.279999732971191,美元,富蘭克林坦伯頓全球投資系列－黃金及貴金屬基金美元F(acc)股,yfinance,未分類,全球市場,A0045 富蘭克林華美投信,富蘭克林
B150445,2026-03-20,10.829999923706055,美元,富蘭克林坦伯頓全球投資系列－黃金及貴金屬基金美元F(acc)股,yfinance,未分類,全球市場,A0045 富蘭克林華美投信,富蘭克林
B150445,2026-03-23,10.970000267028809,美元,富蘭克林坦伯頓全球投資系列－黃金及貴金屬基金美元F(acc)股,yfinance,未分類,全球市場,A0045 富蘭克林華美投信,富蘭克林
B150445,2026-03-24,11.25,美元,富蘭克林坦伯頓全球投資系列－黃金及貴金屬基金美元F(acc)股,yfinance,未分類,全球市場,A0045 富蘭克林華美投信,富蘭克林
B150445,2026-03-25,11.680000305175781,美元,富蘭克林坦伯頓全球投資系列－黃金及貴金屬基金美元F(acc)股,yfinance,未分類,全球市場,A0045 富蘭克林華美投信,富蘭克林
B150445,2026-03-26,11.039999961853027,美元,富蘭克林坦伯頓全球投資系列－黃金及貴金屬基金美元F(acc)股,yfinance,未分類,全球市場,A0045 富蘭克林華美投信,富蘭克林
B150445,2026-03-27,11.4399995803833,美元,富蘭克林坦伯頓全球投資系列－黃金及貴金屬基金美元F(acc)股,yfinance,未分類,全球市場,A0045 富蘭克林華美投信,富蘭克林
B150445,2026-03-30,11.430000305175781,美元,富蘭克林坦伯頓全球投資系列－黃金及貴金屬基金美元F(acc)股,yfinance,未分類,全球市場,A0045 富蘭克林華美投信,富蘭克林
B150445,2026-04-06,12.600000381469727,美元,富蘭克林坦伯頓全球投資系列－黃金及貴金屬基金美元F(acc)股,yfinance,未分類,全球市場,A0045 富蘭克林華美投信,富蘭克林
B150445,2026-04-07,12.699999809265137,美元,富蘭克林坦伯頓全球投資系列－黃金及貴金屬基金美元F(acc)股,yfinance,未分類,全球市場,A0045 富蘭克林華美投信,富蘭克林
B150445,2026-04-08,13.239999771118164,美元,富蘭克林坦伯頓全球投資系列－黃金及貴金屬基金美元F(acc)股,yfinance,未分類,全球市場,A0045 富蘭克林華美投信,富蘭克林
B150445,2026-04-09,13.34000015258789,美元,富蘭克林坦伯頓全球投資系列－黃金及貴金屬基金美元F(acc)股,yfinance,未分類,全球市場,A0045 富蘭克林華美投信,富蘭克林
B150445,2026-04-10,13.470000267028809,美元,富蘭克林坦伯頓全球投資系列－黃金及貴金屬基金美元F(acc)股,yfinance,未分類,全球市場,A0045 富蘭克林華美投信,富蘭克林
B150445,2026-04-13,13.489999771118164,美元,富蘭克林坦伯頓全球投資系列－黃金及貴金屬基金美元F(acc)股,yfinance,未分類,全球市場,A0045 富蘭克林華美投信,富蘭克林
B150445,2026-04-14,13.800000190734863,美元,富蘭克林坦伯頓全球投資系列－黃金及貴金屬基金美元F(acc)股,yfinance,未分類,全球市場,A0045 富蘭克林華美投信,富蘭克林
B150445,2026-04-15,13.579999923706055,美元,富蘭克林坦伯頓全球投資系列－黃金及貴金屬基金美元F(acc)股,yfinance,未分類,全球市場,A0045 富蘭克林華美投信,富蘭克林
B150445,2026-04-16,13.550000190734863,美元,富蘭克林坦伯頓全球投資系列－黃金及貴金屬基金美元F(acc)股,yfinance,未分類,全球市場,A0045 富蘭克林華美投信,富蘭克林
B150445,2026-04-17,13.880000114440918,美元,富蘭克林坦伯頓全球投資系列－黃金及貴金屬基金美元F(acc)股,yfinance,未分類,全球市場,A0045 富蘭克林華美投信,富蘭克林
B150445,2026-04-20,13.930000305175781,美元,富蘭克林坦伯頓全球投資系列－黃金及貴金屬基金美元F(acc)股,yfinance,未分類,全球市場,A0045 富蘭克林華美投信,富蘭克林
B150445,2026-04-21,13.0600004196167,美元,富蘭克林坦伯頓全球投資系列－黃金及貴金屬基金美元F(acc)股,yfinance,未分類,全球市場,A0045 富蘭克林華美投信,富蘭克林
B150445,2026-04-22,13.34000015258789,美元,富蘭克林坦伯頓全球投資系列－黃金及貴金屬基金美元F(acc)股,yfinance,未分類,全球市場,A0045 富蘭克林華美投信,富蘭克林
B150445,2026-04-23,13.0600004196167,美元,富蘭克林坦伯頓全球投資系列－黃金及貴金屬基金美元F(acc)股,yfinance,未分類,全球市場,A0045 富蘭克林華美投信,富蘭克林
B150445,2026-04-24,13.210000038146973,美元,富蘭克林坦伯頓全球投資系列－黃金及貴金屬基金美元F(acc)股,yfinance,未分類,全球市場,A0045 富蘭克林華美投信,富蘭克林
B150445,2026-04-27,13.119999885559082,美元,富蘭克林坦伯頓全球投資系列－黃金及貴金屬基金美元F(acc)股,yfinance,未分類,全球市場,A0045 富蘭克林華美投信,富蘭克林
B150445,2026-04-28,12.609999656677246,美元,富蘭克林坦伯頓全球投資系列－黃金及貴金屬基金美元F(acc)股,yfinance,未分類,全球市場,A0045 富蘭克林華美投信,富蘭克林
B150445,2026-04-29,12.300000190734863,美元,富蘭克林坦伯頓全球投資系列－黃金及貴金屬基金美元F(acc)股,yfinance,未分類,全球市場,A0045 富蘭克林華美投信,富蘭克林
B150445,2026-04-30,12.460000038146973,美元,富蘭克林坦伯頓全球投資系列－黃金及貴金屬基金美元F(acc)股,yfinance,未分類,全球市場,A0045 富蘭克林華美投信,富蘭克林
B150445,2026-05-01,12.380000114440918,美元,富蘭克林坦伯頓全球投資系列－黃金及貴金屬基金美元F(acc)股,yfinance,未分類,全球市場,A0045 富蘭克林華美投信,富蘭克林
B150445,2026-05-04,12.1899995803833,美元,富蘭克林坦伯頓全球投資系列－黃金及貴金屬基金美元F(acc)股,yfinance,未分類,全球市場,A0045 富蘭克林華美投信,富蘭克林
B150445,2026-05-05,12.15999984741211,美元,富蘭克林坦伯頓全球投資系列－黃金及貴金屬基金美元F(acc)股,yfinance,未分類,全球市場,A0045 富蘭克林華美投信,富蘭克林
B150445,2026-05-06,12.890000343322754,美元,富蘭克林坦伯頓全球投資系列－黃金及貴金屬基金美元F(acc)股,yfinance,未分類,全球市場,A0045 富蘭克林華美投信,富蘭克林
B150445,2026-05-07,12.890000343322754,美元,富蘭克林坦伯頓全球投資系列－黃金及貴金屬基金美元F(acc)股,yfinance,未分類,全球市場,A0045 富蘭克林華美投信,富蘭克林
B150445,2026-05-08,13.289999961853027,美元,富蘭克林坦伯頓全球投資系列－黃金及貴金屬基金美元F(acc)股,yfinance,未分類,全球市場,A0045 富蘭克林華美投信,富蘭克林
B150445,2026-05-11,13.550000190734863,美元,富蘭克林坦伯頓全球投資系列－黃金及貴金屬基金美元F(acc)股,yfinance,未分類,全球市場,A0045 富蘭克林華美投信,富蘭克林
B150445,2026-05-12,13.680000305175781,美元,富蘭克林坦伯頓全球投資系列－黃金及貴金屬基金美元F(acc)股,yfinance,未分類,全球市場,A0045 富蘭克林華美投信,富蘭克林
B150445,2026-05-13,13.710000038146973,美元,富蘭克林坦伯頓全球投資系列－黃金及貴金屬基金美元F(acc)股,yfinance,未分類,全球市場,A0045 富蘭克林華美投信,富蘭克林
B150445,2026-05-14,13.5,美元,富蘭克林坦伯頓全球投資系列－黃金及貴金屬基金美元F(acc)股,yfinance,未分類,全球市場,A0045 富蘭克林華美投信,富蘭克林
B150445,2026-05-15,12.619999885559082,美元,富蘭克林坦伯頓全球投資系列－黃金及貴金屬基金美元F(acc)股,yfinance,未分類,全球市場,A0045 富蘭克林華美投信,富蘭克林
B150445,2026-05-18,12.529999732971191,美元,富蘭克林坦伯頓全球投資系列－黃金及貴金屬基金美元F(acc)股,yfinance,未分類,全球市場,A0045 富蘭克林華美投信,富蘭克林
B150445,2026-05-19,11.930000305175781,美元,富蘭克林坦伯頓全球投資系列－黃金及貴金屬基金美元F(acc)股,yfinance,未分類,全球市場,A0045 富蘭克林華美投信,富蘭克林
B150445,2026-05-20,12.09000015258789,美元,富蘭克林坦伯頓全球投資系列－黃金及貴金屬基金美元F(acc)股,yfinance,未分類,全球市場,A0045 富蘭克林華美投信,富蘭克林
B150445,2026-05-21,12.050000190734863,美元,富蘭克林坦伯頓全球投資系列－黃金及貴金屬基金美元F(acc)股,yfinance,未分類,全球市場,A0045 富蘭克林華美投信,富蘭克林
B150445,2026-05-22,11.920000076293945,美元,富蘭克林坦伯頓全球投資系列－黃金及貴金屬基金美元F(acc)股,yfinance,未分類,全球市場,A0045 富蘭克林華美投信,富蘭克林
B150445,2026-05-26,12.4399995803833,美元,富蘭克林坦伯頓全球投資系列－黃金及貴金屬基金美元F(acc)股,yfinance,未分類,全球市場,A0045 富蘭克林華美投信,富蘭克林
B150445,2026-05-27,12.050000190734863,美元,富蘭克林坦伯頓全球投資系列－黃金及貴金屬基金美元F(acc)股,yfinance,未分類,全球市場,A0045 富蘭克林華美投信,富蘭克林
B150445,2026-05-28,12.1899995803833,美元,富蘭克林坦伯頓全球投資系列－黃金及貴金屬基金美元F(acc)股,yfinance,未分類,全球市場,A0045 富蘭克林華美投信,富蘭克林
B150445,2026-05-29,12.579999923706055,美元,富蘭克林坦伯頓全球投資系列－黃金及貴金屬基金美元F(acc)股,yfinance,未分類,全球市場,A0045 富蘭克林華美投信,富蘭克林
B150445,2026-06-01,12.279999732971191,美元,富蘭克林坦伯頓全球投資系列－黃金及貴金屬基金美元F(acc)股,yfinance,未分類,全球市場,A0045 富蘭克林華美投信,富蘭克林
B150445,2026-06-02,12.40999984741211,美元,富蘭克林坦伯頓全球投資系列－黃金及貴金屬基金美元F(acc)股,yfinance,未分類,全球市場,A0045 富蘭克林華美投信,富蘭克林
B150445,2026-06-03,11.949999809265137,美元,富蘭克林坦伯頓全球投資系列－黃金及貴金屬基金美元F(acc)股,yfinance,未分類,全球市場,A0045 富蘭克林華美投信,富蘭克林
B150445,2026-06-04,12.0,美元,富蘭克林坦伯頓全球投資系列－黃金及貴金屬基金美元F(acc)股,yfinance,未分類,全球市場,A0045 富蘭克林華美投信,富蘭克林
B150445,2026-06-05,11.050000190734863,美元,富蘭克林坦伯頓全球投資系列－黃金及貴金屬基金美元F(acc)股,yfinance,未分類,全球市場,A0045 富蘭克林華美投信,富蘭克林
B150445,2026-06-08,11.0600004196167,美元,富蘭克林坦伯頓全球投資系列－黃金及貴金屬基金美元F(acc)股,yfinance,未分類,全球市場,A0045 富蘭克林華美投信,富蘭克林
B150445,2026-06-09,10.779999732971191,美元,富蘭克林坦伯頓全球投資系列－黃金及貴金屬基金美元F(acc)股,yfinance,未分類,全球市場,A0045 富蘭克林華美投信,富蘭克林
B150445,2026-06-10,10.210000038146973,美元,富蘭克林坦伯頓全球投資系列－黃金及貴金屬基金美元F(acc)股,yfinance,未分類,全球市場,A0045 富蘭克林華美投信,富蘭克林
B150445,2026-06-11,10.800000190734863,美元,富蘭克林坦伯頓全球投資系列－黃金及貴金屬基金美元F(acc)股,yfinance,未分類,全球市場,A0045 富蘭克林華美投信,富蘭克林
B150445,2026-06-12,11.180000305175781,美元,富蘭克林坦伯頓全球投資系列－黃金及貴金屬基金美元F(acc)股,yfinance,未分類,全球市場,A0045 富蘭克林華美投信,富蘭克林
B150445,2026-06-15,11.829999923706055,美元,富蘭克林坦伯頓全球投資系列－黃金及貴金屬基金美元F(acc)股,yfinance,未分類,全球市場,A0045 富蘭克林華美投信,富蘭克林
B150445,2026-06-16,12.130000114440918,美元,富蘭克林坦伯頓全球投資系列－黃金及貴金屬基金美元F(acc)股,yfinance,未分類,全球市場,A0045 富蘭克林華美投信,富蘭克林
B150445,2026-06-17,11.859999656677246,美元,富蘭克林坦伯頓全球投資系列－黃金及貴金屬基金美元F(acc)股,yfinance,未分類,全球市場,A0045 富蘭克林華美投信,富蘭克林
B150445,2026-06-18,11.569999694824219,美元,富蘭克林坦伯頓全球投資系列－黃金及貴金屬基金美元F(acc)股,yfinance,未分類,全球市場,A0045 富蘭克林華美投信,富蘭克林
B150445,2026-06-22,11.40999984741211,美元,富蘭克林坦伯頓全球投資系列－黃金及貴金屬基金美元F(acc)股,yfinance,未分類,全球市場,A0045 富蘭克林華美投信,富蘭克林
B150445,2026-06-23,10.829999923706055,美元,富蘭克林坦伯頓全球投資系列－黃金及貴金屬基金美元F(acc)股,yfinance,未分類,全球市場,A0045 富蘭克林華美投信,富蘭克林
B150445,2026-06-24,10.329999923706055,美元,富蘭克林坦伯頓全球投資系列－黃金及貴金屬基金美元F(acc)股,yfinance,未分類,全球市場,A0045 富蘭克林華美投信,富蘭克林
B150445,2026-06-25,10.369999885559082,美元,富蘭克林坦伯頓全球投資系列－黃金及貴金屬基金美元F(acc)股,yfinance,未分類,全球市場,A0045 富蘭克林華美投信,富蘭克林
B150445,2026-06-26,10.59000015258789,美元,富蘭克林坦伯頓全球投資系列－黃金及貴金屬基金美元F(acc)股,yfinance,未分類,全球市場,A0045 富蘭克林華美投信,富蘭克林
B150445,2026-06-29,10.510000228881836,美元,富蘭克林坦伯頓全球投資系列－黃金及貴金屬基金美元F(acc)股,yfinance,未分類,全球市場,A0045 富蘭克林華美投信,富蘭克林
B150445,2026-06-30,10.460000038146973,美元,富蘭克林坦伯頓全球投資系列－黃金及貴金屬基金美元F(acc)股,yfinance,未分類,全球市場,A0045 富蘭克林華美投信,富蘭克林
B150445,2026-07-01,10.319999694824219,美元,富蘭克林坦伯頓全球投資系列－黃金及貴金屬基金美元F(acc)股,yfinance,未分類,全球市場,A0045 富蘭克林華美投信,富蘭克林
B150445,2026-07-02,10.90999984741211,美元,富蘭克林坦伯頓全球投資系列－黃金及貴金屬基金美元F(acc)股,yfinance,未分類,全球市場,A0045 富蘭克林華美投信,富蘭克林
B150445,2026-07-06,11.130000114440918,美元,富蘭克林坦伯頓全球投資系列－黃金及貴金屬基金美元F(acc)股,yfinance,未分類,全球市場,A0045 富蘭克林華美投信,富蘭克林
B150445,2026-07-07,10.619999885559082,美元,富蘭克林坦伯頓全球投資系列－黃金及貴金屬基金美元F(acc)股,yfinance,未分類,全球市場,A0045 富蘭克林華美投信,富蘭克林
B150445,2026-07-08,10.289999961853027,美元,富蘭克林坦伯頓全球投資系列－黃金及貴金屬基金美元F(acc)股,yfinance,未分類,全球市場,A0045 富蘭克林華美投信,富蘭克林
B150445,2026-07-09,10.539999961853027,美元,富蘭克林坦伯頓全球投資系列－黃金及貴金屬基金美元F(acc)股,yfinance,未分類,全球市場,A0045 富蘭克林華美投信,富蘭克林
B150445,2026-07-10,10.569999694824219,美元,富蘭克林坦伯頓全球投資系列－黃金及貴金屬基金美元F(acc)股,yfinance,未分類,全球市場,A0045 富蘭克林華美投信,富蘭克林
B150445,2026-07-13,10.220000267028809,美元,富蘭克林坦伯頓全球投資系列－黃金及貴金屬基金美元F(acc)股,yfinance,未分類,全球市場,A0045 富蘭克林華美投信,富蘭克林
B150445,2026-07-14,10.40999984741211,美元,富蘭克林坦伯頓全球投資系列－黃金及貴金屬基金美元F(acc)股,yfinance,未分類,全球市場,A0045 富蘭克林華美投信,富蘭克林
B150445,2026-07-15,10.3100004196167,美元,富蘭克林坦伯頓全球投資系列－黃金及貴金屬基金美元F(acc)股,yfinance,未分類,全球市場,A0045 富蘭克林華美投信,富蘭克林
B150445,2026-07-16,9.899999618530273,美元,富蘭克林坦伯頓全球投資系列－黃金及貴金屬基金美元F(acc)股,yfinance,未分類,全球市場,A0045 富蘭克林華美投信,富蘭克林
B150445,2026-07-17,9.829999923706055,美元,富蘭克林坦伯頓全球投資系列－黃金及貴金屬基金美元F(acc)股,yfinance,未分類,全球市場,A0045 富蘭克林華美投信,富蘭克林
B150445,2026-07-20,9.779999732971191,美元,富蘭克林坦伯頓全球投資系列－黃金及貴金屬基金美元F(acc)股,yfinance,未分類,全球市場,A0045 富蘭克林華美投信,富蘭克林
B150445,2026-07-21,10.239999771118164,美元,富蘭克林坦伯頓全球投資系列－黃金及貴金屬基金美元F(acc)股,yfinance,未分類,全球市場,A0045 富蘭克林華美投信,富蘭克林
B150445,2026-07-22,10.579999923706055,美元,富蘭克林坦伯頓全球投資系列－黃金及貴金屬基金美元F(acc)股,yfinance,未分類,全球市場,A0045 富蘭克林華美投信,富蘭克林
B150445,2026-07-23,10.319999694824219,美元,富蘭克林坦伯頓全球投資系列－黃金及貴金屬基金美元F(acc)股,yfinance,未分類,全球市場,A0045 富蘭克林華美投信,富蘭克林
B150445,2026-07-24,10.239999771118164,美元,富蘭克林坦伯頓全球投資系列－黃金及貴金屬基金美元F(acc)股,yfinance,未分類,全球市場,A0045 富蘭克林華美投信,富蘭克林
B150445,2026-07-27,10.420000076293945,美元,富蘭克林坦伯頓全球投資系列－黃金及貴金屬基金美元F(acc)股,yfinance,未分類,全球市場,A0045 富蘭克林華美投信,富蘭克林
B150445,2026-07-28,10.1899995803833,美元,富蘭克林坦伯頓全球投資系列－黃金及貴金屬基金美元F(acc)股,yfinance,未分類,全球市場,A0045 富蘭克林華美投信,富蘭克林
B150445,2026-07-29,10.100000381469727,美元,富蘭克林坦伯頓全球投資系列－黃金及貴金屬基金美元F(acc)股,yfinance,未分類,全球市場,A0045 富蘭克林華美投信,富蘭克林
B150445,2026-07-30,10.4399995803833,美元,富蘭克林坦伯頓全球投資系列－黃金及貴金屬基金美元F(acc)股,yfinance,未分類,全球市場,A0045 富蘭克林華美投信,富蘭克林
B150445,2026-07-31,10.180000305175781,美元,富蘭克林坦伯頓全球投資系列－黃金及貴金屬基金美元F(acc)股,yfinance,未分類,全球市場,A0045 富蘭克林華美投信,富蘭克林
B150445,2026-08-03,10.3100004196167,美元,富蘭克林坦伯頓全球投資系列－黃金及貴金屬基金美元F(acc)股,yfinance,未分類,全球市場,A0045 富蘭克林華美投信,富蘭克林
B150445,2026-08-04,10.670000076293945,美元,富蘭克林坦伯頓全球投資系列－黃金及貴金屬基金美元F(acc)股,yfinance,未分類,全球市場,A0045 富蘭克林華美投信,富蘭克林
B150445,2026-08-05,11.390000343322754,美元,富蘭克林坦伯頓全球投資系列－黃金及貴金屬基金美元F(acc)股,yfinance,未分類,全球市場,A0045 富蘭克林華美投信,富蘭克林
B150445,2026-08-06,11.539999961853027,美元,富蘭克林坦伯頓全球投資系列－黃金及貴金屬基金美元F(acc)股,yfinance,未分類,全球市場,A0045 富蘭克林華美投信,富蘭克林
B150445,2026-08-07,12.25,美元,富蘭克林坦伯頓全球投資系列－黃金及貴金屬基金美元F(acc)股,yfinance,未分類,全球市場,A0045 富蘭克林華美投信,富蘭克林
B150445,2026-08-10,12.420000076293945,美元,富蘭克林坦伯頓全球投資系列－黃金及貴金屬基金美元F(acc)股,yfinance,未分類,全球市場,A0045 富蘭克林華美投信,富蘭克林
B150445,2026-08-11,12.369999885559082,美元,富蘭克林坦伯頓全球投資系列－黃金及貴金屬基金美元F(acc)股,yfinance,未分類,全球市場,A0045 富蘭克林華美投信,富蘭克林
B150445,2026-08-12,12.449999809265137,美元,富蘭克林坦伯頓全球投資系列－黃金及貴金屬基金美元F(acc)股,yfinance,未分類,全球市場,A0045 富蘭克林華美投信,富蘭克林
B150445,2026-08-13,12.220000267028809,美元,富蘭克林坦伯頓全球投資系列－黃金及貴金屬基金美元F(acc)股,yfinance,未分類,全球市場,A0045 富蘭克林華美投信,富蘭克林
B150445,2026-08-14,12.359999656677246,美元,富蘭克林坦伯頓全球投資系列－黃金及貴金屬基金美元F(acc)股,yfinance,未分類,全球市場,A0045 富蘭克林華美投信,富蘭克林
B150445,2026-08-17,12.569999694824219,美元,富蘭克林坦伯頓全球投資系列－黃金及貴金屬基金美元F(acc)股,yfinance,未分類,全球市場,A0045 富蘭克林華美投信,富蘭克林
B090578,2026-01-02,9.551712036132812,美元,貝萊德環球資產配置基金A11美元(強化穩定配息),yfinance,債券型,全球市場,A0031 貝萊德投信,貝萊德
B090578,2026-01-05,9.599279403686523,美元,貝萊德環球資產配置基金A11美元(強化穩定配息),yfinance,債券型,全球市場,A0031 貝萊德投信,貝萊德
B090578,2026-01-06,9.646848678588867,美元,貝萊德環球資產配置基金A11美元(強化穩定配息),yfinance,債券型,全球市場,A0031 貝萊德投信,貝萊德
B090578,2026-01-07,9.656360626220703,美元,貝萊德環球資產配置基金A11美元(強化穩定配息),yfinance,債券型,全球市場,A0031 貝萊德投信,貝萊德
B090578,2026-01-08,9.618308067321777,美元,貝萊德環球資產配置基金A11美元(強化穩定配息),yfinance,債券型,全球市場,A0031 貝萊德投信,貝萊德
B090578,2026-01-09,9.656360626220703,美元,貝萊德環球資產配置基金A11美元(強化穩定配息),yfinance,債券型,全球市場,A0031 貝萊德投信,貝萊德
B090578,2026-01-12,9.684903144836426,美元,貝萊德環球資產配置基金A11美元(強化穩定配息),yfinance,債券型,全球市場,A0031 貝萊德投信,貝萊德
B090578,2026-01-13,9.684903144836426,美元,貝萊德環球資產配置基金A11美元(強化穩定配息),yfinance,債券型,全球市場,A0031 貝萊德投信,貝萊德
B090578,2026-01-14,9.637335777282715,美元,貝萊德環球資產配置基金A11美元(強化穩定配息),yfinance,債券型,全球市場,A0031 貝萊德投信,貝萊德
B090578,2026-01-15,9.656360626220703,美元,貝萊德環球資產配置基金A11美元(強化穩定配息),yfinance,債券型,全球市場,A0031 貝萊德投信,貝萊德
B090578,2026-01-16,9.646848678588867,美元,貝萊德環球資產配置基金A11美元(強化穩定配息),yfinance,債券型,全球市場,A0031 貝萊德投信,貝萊德
B090578,2026-01-20,9.589766502380371,美元,貝萊德環球資產配置基金A11美元(強化穩定配息),yfinance,債券型,全球市場,A0031 貝萊德投信,貝萊德
B090578,2026-01-21,9.608794212341309,美元,貝萊德環球資產配置基金A11美元(強化穩定配息),yfinance,債券型,全球市場,A0031 貝萊德投信,貝萊德
B090578,2026-01-22,9.656360626220703,美元,貝萊德環球資產配置基金A11美元(強化穩定配息),yfinance,債券型,全球市場,A0031 貝萊德投信,貝萊德
B090578,2026-01-23,9.665876388549805,美元,貝萊德環球資產配置基金A11美元(強化穩定配息),yfinance,債券型,全球市場,A0031 貝萊德投信,貝萊德
B090578,2026-01-26,9.751498222351074,美元,貝萊德環球資產配置基金A11美元(強化穩定配息),yfinance,債券型,全球市場,A0031 貝萊德投信,貝萊德
B090578,2026-01-27,9.799068450927734,美元,貝萊德環球資產配置基金A11美元(強化穩定配息),yfinance,債券型,全球市場,A0031 貝萊德投信,貝萊德
B090578,2026-01-28,9.837121963500977,美元,貝萊德環球資產配置基金A11美元(強化穩定配息),yfinance,債券型,全球市場,A0031 貝萊德投信,貝萊德
B090578,2026-01-29,9.827608108520508,美元,貝萊德環球資產配置基金A11美元(強化穩定配息),yfinance,債券型,全球市場,A0031 貝萊德投信,貝萊德
B090578,2026-01-30,9.781145095825195,美元,貝萊德環球資產配置基金A11美元(強化穩定配息),yfinance,債券型,全球市場,A0031 貝萊德投信,貝萊德
B090578,2026-02-02,9.733245849609375,美元,貝萊德環球資產配置基金A11美元(強化穩定配息),yfinance,債券型,全球市場,A0031 貝萊德投信,貝萊德
B090578,2026-02-03,9.771565437316895,美元,貝萊德環球資產配置基金A11美元(強化穩定配息),yfinance,債券型,全球市場,A0031 貝萊德投信,貝萊德
B090578,2026-02-04,9.752406120300293,美元,貝萊德環球資產配置基金A11美元(強化穩定配息),yfinance,債券型,全球市場,A0031 貝萊德投信,貝萊德
B090578,2026-02-05,9.656606674194336,美元,貝萊德環球資產配置基金A11美元(強化穩定配息),yfinance,債券型,全球市場,A0031 貝萊德投信,貝萊德
B090578,2026-02-06,9.714086532592773,美元,貝萊德環球資產配置基金A11美元(強化穩定配息),yfinance,債券型,全球市場,A0031 貝萊德投信,貝萊德
B090578,2026-02-09,9.800305366516113,美元,貝萊德環球資產配置基金A11美元(強化穩定配息),yfinance,債券型,全球市場,A0031 貝萊德投信,貝萊德
B090578,2026-02-10,9.867365837097168,美元,貝萊德環球資產配置基金A11美元(強化穩定配息),yfinance,債券型,全球市場,A0031 貝萊德投信,貝萊德
B090578,2026-02-11,9.848203659057617,美元,貝萊德環球資產配置基金A11美元(強化穩定配息),yfinance,債券型,全球市場,A0031 貝萊德投信,貝萊德
B090578,2026-02-12,9.848203659057617,美元,貝萊德環球資產配置基金A11美元(強化穩定配息),yfinance,債券型,全球市場,A0031 貝萊德投信,貝萊德
B090578,2026-02-13,9.733245849609375,美元,貝萊德環球資產配置基金A11美元(強化穩定配息),yfinance,債券型,全球市場,A0031 貝萊德投信,貝萊德
B090578,2026-02-17,9.70450496673584,美元,貝萊德環球資產配置基金A11美元(強化穩定配息),yfinance,債券型,全球市場,A0031 貝萊德投信,貝萊德
B090578,2026-02-18,9.800305366516113,美元,貝萊德環球資產配置基金A11美元(強化穩定配息),yfinance,債券型,全球市場,A0031 貝萊德投信,貝萊德
B090578,2026-02-19,9.761984825134277,美元,貝萊德環球資產配置基金A11美元(強化穩定配息),yfinance,債券型,全球市場,A0031 貝萊德投信,貝萊德
B090578,2026-02-20,9.781145095825195,美元,貝萊德環球資產配置基金A11美元(強化穩定配息),yfinance,債券型,全球市場,A0031 貝萊德投信,貝萊德
B090578,2026-02-23,9.819464683532715,美元,貝萊德環球資產配置基金A11美元(強化穩定配息),yfinance,債券型,全球市場,A0031 貝萊德投信,貝萊德
B090578,2026-02-24,9.781145095825195,美元,貝萊德環球資產配置基金A11美元(強化穩定配息),yfinance,債券型,全球市場,A0031 貝萊德投信,貝萊德
B090578,2026-02-25,9.867365837097168,美元,貝萊德環球資產配置基金A11美元(強化穩定配息),yfinance,債券型,全球市場,A0031 貝萊德投信,貝萊德
B090578,2026-02-26,9.867365837097168,美元,貝萊德環球資產配置基金A11美元(強化穩定配息),yfinance,債券型,全球市場,A0031 貝萊德投信,貝萊德
B090578,2026-02-27,9.820577621459961,美元,貝萊德環球資產配置基金A11美元(強化穩定配息),yfinance,債券型,全球市場,A0031 貝萊德投信,貝萊德
B090578,2026-03-02,9.7626953125,美元,貝萊德環球資產配置基金A11美元(強化穩定配息),yfinance,債券型,全球市場,A0031 貝萊德投信,貝萊德
B090578,2026-03-03,9.51187515258789,美元,貝萊德環球資產配置基金A11美元(強化穩定配息),yfinance,債券型,全球市場,A0031 貝萊德投信,貝萊德
B090578,2026-03-04,9.62763786315918,美元,貝萊德環球資產配置基金A11美元(強化穩定配息),yfinance,債券型,全球市場,A0031 貝萊德投信,貝萊德
B090578,2026-03-05,9.617992401123047,美元,貝萊德環球資產配置基金A11美元(強化穩定配息),yfinance,債券型,全球市場,A0031 貝萊德投信,貝萊德
B090578,2026-03-06,9.453993797302246,美元,貝萊德環球資產配置基金A11美元(強化穩定配息),yfinance,債券型,全球市場,A0031 貝萊德投信,貝萊德
B090578,2026-03-09,9.40575885772705,美元,貝萊德環球資產配置基金A11美元(強化穩定配息),yfinance,債券型,全球市場,A0031 貝萊德投信,貝萊德
B090578,2026-03-10,9.608344078063965,美元,貝萊德環球資產配置基金A11美元(強化穩定配息),yfinance,債券型,全球市場,A0031 貝萊德投信,貝萊德
B090578,2026-03-11,9.560111045837402,美元,貝萊德環球資產配置基金A11美元(強化穩定配息),yfinance,債券型,全球市場,A0031 貝萊德投信,貝萊德
B090578,2026-03-12,9.415406227111816,美元,貝萊德環球資產配置基金A11美元(強化穩定配息),yfinance,債券型,全球市場,A0031 貝萊德投信,貝萊德
B090578,2026-03-13,9.357524871826172,美元,貝萊德環球資產配置基金A11美元(強化穩定配息),yfinance,債券型,全球市場,A0031 貝萊德投信,貝萊德
B090578,2026-03-16,9.415406227111816,美元,貝萊德環球資產配置基金A11美元(強化穩定配息),yfinance,債券型,全球市場,A0031 貝萊德投信,貝萊德
B090578,2026-03-17,9.473287582397461,美元,貝萊德環球資產配置基金A11美元(強化穩定配息),yfinance,債券型,全球市場,A0031 貝萊德投信,貝萊德
B090578,2026-03-18,9.415406227111816,美元,貝萊德環球資產配置基金A11美元(強化穩定配息),yfinance,債券型,全球市場,A0031 貝萊德投信,貝萊德
B090578,2026-03-19,9.289996147155762,美元,貝萊德環球資產配置基金A11美元(強化穩定配息),yfinance,債券型,全球市場,A0031 貝萊德投信,貝萊德
B090578,2026-03-20,9.222468376159668,美元,貝萊德環球資產配置基金A11美元(強化穩定配息),yfinance,債券型,全球市場,A0031 貝萊德投信,貝萊德
B090578,2026-03-23,9.328583717346191,美元,貝萊德環球資產配置基金A11美元(強化穩定配息),yfinance,債券型,全球市場,A0031 貝萊德投信,貝萊德
B090578,2026-03-24,9.251407623291016,美元,貝萊德環球資產配置基金A11美元(強化穩定配息),yfinance,債券型,全球市場,A0031 貝萊德投信,貝萊德
B090578,2026-03-25,9.318936347961426,美元,貝萊德環球資產配置基金A11美元(強化穩定配息),yfinance,債券型,全球市場,A0031 貝萊德投信,貝萊德
B090578,2026-03-26,9.222468376159668,美元,貝萊德環球資產配置基金A11美元(強化穩定配息),yfinance,債券型,全球市場,A0031 貝萊德投信,貝萊德
B090578,2026-03-27,9.116351127624512,美元,貝萊德環球資產配置基金A11美元(強化穩定配息),yfinance,債券型,全球市場,A0031 貝萊德投信,貝萊德
B090578,2026-03-30,9.068116188049316,美元,貝萊德環球資產配置基金A11美元(強化穩定配息),yfinance,債券型,全球市場,A0031 貝萊德投信,貝萊德
B090578,2026-03-31,9.157061576843262,美元,貝萊德環球資產配置基金A11美元(強化穩定配息),yfinance,債券型,全球市場,A0031 貝萊德投信,貝萊德
B090578,2026-04-01,9.322317123413086,美元,貝萊德環球資產配置基金A11美元(強化穩定配息),yfinance,債券型,全球市場,A0031 貝萊德投信,貝萊德
B090578,2026-04-02,9.234829902648926,美元,貝萊德環球資產配置基金A11美元(強化穩定配息),yfinance,債券型,全球市場,A0031 貝萊德投信,貝萊德
B090578,2026-04-07,9.273713111877441,美元,貝萊德環球資產配置基金A11美元(強化穩定配息),yfinance,債券型,全球市場,A0031 貝萊德投信,貝萊德
B090578,2026-04-08,9.565339088439941,美元,貝萊德環球資產配置基金A11美元(強化穩定配息),yfinance,債券型,全球市場,A0031 貝萊德投信,貝萊德
B090578,2026-04-09,9.545897483825684,美元,貝萊德環球資產配置基金A11美元(強化穩定配息),yfinance,債券型,全球市場,A0031 貝萊德投信,貝萊德
B090578,2026-04-10,9.604223251342773,美元,貝萊德環球資產配置基金A11美元(強化穩定配息),yfinance,債券型,全球市場,A0031 貝萊德投信,貝萊德
B090578,2026-04-13,9.5847806930542,美元,貝萊德環球資產配置基金A11美元(強化穩定配息),yfinance,債券型,全球市場,A0031 貝萊德投信,貝萊德
B090578,2026-04-14,9.701431274414062,美元,貝萊德環球資產配置基金A11美元(強化穩定配息),yfinance,債券型,全球市場,A0031 貝萊德投信,貝萊德
B090578,2026-04-15,9.740315437316895,美元,貝萊德環球資產配置基金A11美元(強化穩定配息),yfinance,債券型,全球市場,A0031 貝萊德投信,貝萊德
B090578,2026-04-16,9.750036239624023,美元,貝萊德環球資產配置基金A11美元(強化穩定配息),yfinance,債券型,全球市場,A0031 貝萊德投信,貝萊德
B090578,2026-04-17,9.847244262695312,美元,貝萊德環球資產配置基金A11美元(強化穩定配息),yfinance,債券型,全球市場,A0031 貝萊德投信,貝萊德
B090578,2026-04-20,9.837522506713867,美元,貝萊德環球資產配置基金A11美元(強化穩定配息),yfinance,債券型,全球市場,A0031 貝萊德投信,貝萊德
B090578,2026-04-21,9.827802658081055,美元,貝萊德環球資產配置基金A11美元(強化穩定配息),yfinance,債券型,全球市場,A0031 貝萊德投信,貝萊德
B090578,2026-04-22,9.798640251159668,美元,貝萊德環球資產配置基金A11美元(強化穩定配息),yfinance,債券型,全球市場,A0031 貝萊德投信,貝萊德
B090578,2026-04-23,9.788919448852539,美元,貝萊德環球資產配置基金A11美元(強化穩定配息),yfinance,債券型,全球市場,A0031 貝萊德投信,貝萊德
B090578,2026-04-24,9.759756088256836,美元,貝萊德環球資產配置基金A11美元(強化穩定配息),yfinance,債券型,全球市場,A0031 貝萊德投信,貝萊德
B090578,2026-04-27,9.818082809448242,美元,貝萊德環球資產配置基金A11美元(強化穩定配息),yfinance,債券型,全球市場,A0031 貝萊德投信,貝萊德
B090578,2026-04-28,9.759756088256836,美元,貝萊德環球資產配置基金A11美元(強化穩定配息),yfinance,債券型,全球市場,A0031 貝萊德投信,貝萊德
B090578,2026-04-29,9.72087287902832,美元,貝萊德環球資產配置基金A11美元(強化穩定配息),yfinance,債券型,全球市場,A0031 貝萊德投信,貝萊德
B090578,2026-04-30,9.751714706420898,美元,貝萊德環球資產配置基金A11美元(強化穩定配息),yfinance,債券型,全球市場,A0031 貝萊德投信,貝萊德
B090578,2026-05-04,9.849623680114746,美元,貝萊德環球資產配置基金A11美元(強化穩定配息),yfinance,債券型,全球市場,A0031 貝萊德投信,貝萊德
B090578,2026-05-05,9.8692045211792,美元,貝萊德環球資產配置基金A11美元(強化穩定配息),yfinance,債券型,全球市場,A0031 貝萊德投信,貝萊德
B090578,2026-05-06,9.996485710144043,美元,貝萊德環球資產配置基金A11美元(強化穩定配息),yfinance,債券型,全球市場,A0031 貝萊德投信,貝萊德
B090578,2026-05-07,10.035650253295898,美元,貝萊德環球資產配置基金A11美元(強化穩定配息),yfinance,債券型,全球市場,A0031 貝萊德投信,貝萊德
B090578,2026-05-08,10.025858879089355,美元,貝萊德環球資產配置基金A11美元(強化穩定配息),yfinance,債券型,全球市場,A0031 貝萊德投信,貝萊德
B090578,2026-05-11,10.035650253295898,美元,貝萊德環球資產配置基金A11美元(強化穩定配息),yfinance,債券型,全球市場,A0031 貝萊德投信,貝萊德
B090578,2026-05-12,9.95732307434082,美元,貝萊德環球資產配置基金A11美元(強化穩定配息),yfinance,債券型,全球市場,A0031 貝萊德投信,貝萊德
B090578,2026-05-13,9.986695289611816,美元,貝萊德環球資產配置基金A11美元(強化穩定配息),yfinance,債券型,全球市場,A0031 貝萊德投信,貝萊德
B090578,2026-05-15,9.937740325927734,美元,貝萊德環球資產配置基金A11美元(強化穩定配息),yfinance,債券型,全球市場,A0031 貝萊德投信,貝萊德
B090578,2026-05-18,9.97690486907959,美元,貝萊德環球資產配置基金A11美元(強化穩定配息),yfinance,債券型,全球市場,A0031 貝萊德投信,貝萊德
B090578,2026-05-19,9.898577690124512,美元,貝萊德環球資產配置基金A11美元(強化穩定配息),yfinance,債券型,全球市場,A0031 貝萊德投信,貝萊德
B090578,2026-05-20,9.927950859069824,美元,貝萊德環球資產配置基金A11美元(強化穩定配息),yfinance,債券型,全球市場,A0031 貝萊德投信,貝萊德
B090578,2026-05-21,9.986695289611816,美元,貝萊德環球資產配置基金A11美元(強化穩定配息),yfinance,債券型,全球市場,A0031 貝萊德投信,貝萊德
B090578,2026-05-22,10.055232048034668,美元,貝萊德環球資產配置基金A11美元(強化穩定配息),yfinance,債券型,全球市場,A0031 貝萊德投信,貝萊德
B090578,2026-05-26,10.123767852783203,美元,貝萊德環球資產配置基金A11美元(強化穩定配息),yfinance,債券型,全球市場,A0031 貝萊德投信,貝萊德
B090578,2026-05-27,10.123767852783203,美元,貝萊德環球資產配置基金A11美元(強化穩定配息),yfinance,債券型,全球市場,A0031 貝萊德投信,貝萊德
B090578,2026-05-28,10.09439468383789,美元,貝萊德環球資產配置基金A11美元(強化穩定配息),yfinance,債券型,全球市場,A0031 貝萊德投信,貝萊德
B090578,2026-05-29,10.174747467041016,美元,貝萊德環球資產配置基金A11美元(強化穩定配息),yfinance,債券型,全球市場,A0031 貝萊德投信,貝萊德
B090578,2026-06-01,10.115592002868652,美元,貝萊德環球資產配置基金A11美元(強化穩定配息),yfinance,債券型,全球市場,A0031 貝萊德投信,貝萊德
B090578,2026-06-02,10.18460750579834,美元,貝萊德環球資產配置基金A11美元(強化穩定配息),yfinance,債券型,全球市場,A0031 貝萊德投信,貝萊德
B090578,2026-06-03,10.164888381958008,美元,貝萊德環球資產配置基金A11美元(強化穩定配息),yfinance,債券型,全球市場,A0031 貝萊德投信,貝萊德
B090578,2026-06-04,10.135311126708984,美元,貝萊德環球資產配置基金A11美元(強化穩定配息),yfinance,債券型,全球市場,A0031 貝萊德投信,貝萊德
B090578,2026-06-05,10.056436538696289,美元,貝萊德環球資產配置基金A11美元(強化穩定配息),yfinance,債券型,全球市場,A0031 貝萊德投信,貝萊德
B090578,2026-06-08,9.997282028198242,美元,貝萊德環球資產配置基金A11美元(強化穩定配息),yfinance,債券型,全球市場,A0031 貝萊德投信,貝萊德
B090578,2026-06-09,10.056436538696289,美元,貝萊德環球資產配置基金A11美元(強化穩定配息),yfinance,債券型,全球市場,A0031 貝萊德投信,貝萊德
B090578,2026-06-10,9.94798469543457,美元,貝萊德環球資產配置基金A11美元(強化穩定配息),yfinance,債券型,全球市場,A0031 貝萊德投信,貝萊德
B090578,2026-06-11,9.908548355102539,美元,貝萊德環球資產配置基金A11美元(強化穩定配息),yfinance,債券型,全球市場,A0031 貝萊德投信,貝萊德
B090578,2026-06-12,10.026859283447266,美元,貝萊德環球資產配置基金A11美元(強化穩定配息),yfinance,債券型,全球市場,A0031 貝萊德投信,貝萊德
B090578,2026-06-15,10.204325675964355,美元,貝萊德環球資產配置基金A11美元(強化穩定配息),yfinance,債券型,全球市場,A0031 貝萊德投信,貝萊德
B090578,2026-06-16,10.243762969970703,美元,貝萊德環球資產配置基金A11美元(強化穩定配息),yfinance,債券型,全球市場,A0031 貝萊德投信,貝萊德
B090578,2026-06-17,10.233903884887695,美元,貝萊德環球資產配置基金A11美元(強化穩定配息),yfinance,債券型,全球市場,A0031 貝萊德投信,貝萊德
B090578,2026-06-18,10.18460750579834,美元,貝萊德環球資產配置基金A11美元(強化穩定配息),yfinance,債券型,全球市場,A0031 貝萊德投信,貝萊德
B090578,2026-06-22,10.214184761047363,美元,貝萊德環球資產配置基金A11美元(強化穩定配息),yfinance,債券型,全球市場,A0031 貝萊德投信,貝萊德
B090578,2026-06-24,10.046577453613281,美元,貝萊德環球資產配置基金A11美元(強化穩定配息),yfinance,債券型,全球市場,A0031 貝萊德投信,貝萊德
B090578,2026-06-25,10.046577453613281,美元,貝萊德環球資產配置基金A11美元(強化穩定配息),yfinance,債券型,全球市場,A0031 貝萊德投信,貝萊德
B090578,2026-06-26,10.036718368530273,美元,貝萊德環球資產配置基金A11美元(強化穩定配息),yfinance,債券型,全球市場,A0031 貝萊德投信,貝萊德
B090578,2026-06-29,10.076155662536621,美元,貝萊德環球資產配置基金A11美元(強化穩定配息),yfinance,債券型,全球市場,A0031 貝萊德投信,貝萊德
B090578,2026-06-30,10.127287864685059,美元,貝萊德環球資產配置基金A11美元(強化穩定配息),yfinance,債券型,全球市場,A0031 貝萊德投信,貝萊德
B090578,2026-07-01,10.117359161376953,美元,貝萊德環球資產配置基金A11美元(強化穩定配息),yfinance,債券型,全球市場,A0031 貝萊德投信,貝萊德
B090578,2026-07-02,10.16700267791748,美元,貝萊德環球資產配置基金A11美元(強化穩定配息),yfinance,債券型,全球市場,A0031 貝萊德投信,貝萊德
B090578,2026-07-06,10.176932334899902,美元,貝萊德環球資產配置基金A11美元(強化穩定配息),yfinance,債券型,全球市場,A0031 貝萊德投信,貝萊德
B090578,2026-07-07,10.13721752166748,美元,貝萊德環球資產配置基金A11美元(強化穩定配息),yfinance,債券型,全球市場,A0031 貝萊德投信,貝萊德
B090578,2026-07-08,10.067716598510742,美元,貝萊德環球資產配置基金A11美元(強化穩定配息),yfinance,債券型,全球市場,A0031 貝萊德投信,貝萊德
B090578,2026-07-09,10.117359161376953,美元,貝萊德環球資產配置基金A11美元(強化穩定配息),yfinance,債券型,全球市場,A0031 貝萊德投信,貝萊德
B090578,2026-07-10,10.127287864685059,美元,貝萊德環球資產配置基金A11美元(強化穩定配息),yfinance,債券型,全球市場,A0031 貝萊德投信,貝萊德
B090578,2026-07-13,10.087573051452637,美元,貝萊德環球資產配置基金A11美元(強化穩定配息),yfinance,債券型,全球市場,A0031 貝萊德投信,貝萊德
B090578,2026-07-14,10.097502708435059,美元,貝萊德環球資產配置基金A11美元(強化穩定配息),yfinance,債券型,全球市場,A0031 貝萊德投信,貝萊德
B090578,2026-07-15,10.117359161376953,美元,貝萊德環球資產配置基金A11美元(強化穩定配息),yfinance,債券型,全球市場,A0031 貝萊德投信,貝萊德
B090578,2026-07-16,10.067716598510742,美元,貝萊德環球資產配置基金A11美元(強化穩定配息),yfinance,債券型,全球市場,A0031 貝萊德投信,貝萊德
B090578,2026-07-17,9.988286972045898,美元,貝萊德環球資產配置基金A11美元(強化穩定配息),yfinance,債券型,全球市場,A0031 貝萊德投信,貝萊德
B090578,2026-07-20,10.008143424987793,美元,貝萊德環球資產配置基金A11美元(強化穩定配息),yfinance,債券型,全球市場,A0031 貝萊德投信,貝萊德
B090578,2026-07-21,10.018073081970215,美元,貝萊德環球資產配置基金A11美元(強化穩定配息),yfinance,債券型,全球市場,A0031 貝萊德投信,貝萊德
B090578,2026-07-22,10.057787895202637,美元,貝萊德環球資產配置基金A11美元(強化穩定配息),yfinance,債券型,全球市場,A0031 貝萊德投信,貝萊德
B090578,2026-07-23,9.978358268737793,美元,貝萊德環球資產配置基金A11美元(強化穩定配息),yfinance,債券型,全球市場,A0031 貝萊德投信,貝萊德
B090578,2026-07-24,9.958499908447266,美元,貝萊德環球資產配置基金A11美元(強化穩定配息),yfinance,債券型,全球市場,A0031 貝萊德投信,貝萊德
B090578,2026-07-27,9.988286972045898,美元,貝萊德環球資產配置基金A11美元(強化穩定配息),yfinance,債券型,全球市場,A0031 貝萊德投信,貝萊德
B090578,2026-07-28,9.888998985290527,美元,貝萊德環球資產配置基金A11美元(強化穩定配息),yfinance,債券型,全球市場,A0031 貝萊德投信,貝萊德
B090578,2026-07-29,9.879070281982422,美元,貝萊德環球資產配置基金A11美元(強化穩定配息),yfinance,債券型,全球市場,A0031 貝萊德投信,貝萊德
B090578,2026-07-30,9.958499908447266,美元,貝萊德環球資產配置基金A11美元(強化穩定配息),yfinance,債券型,全球市場,A0031 貝萊德投信,貝萊德
B090578,2026-07-31,9.979999542236328,美元,貝萊德環球資產配置基金A11美元(強化穩定配息),yfinance,債券型,全球市場,A0031 貝萊德投信,貝萊德
B090578,2026-08-03,10.0600004196167,美元,貝萊德環球資產配置基金A11美元(強化穩定配息),yfinance,債券型,全球市場,A0031 貝萊德投信,貝萊德
B090578,2026-08-04,10.15999984741211,美元,貝萊德環球資產配置基金A11美元(強化穩定配息),yfinance,債券型,全球市場,A0031 貝萊德投信,貝萊德
B090578,2026-08-05,10.279999732971191,美元,貝萊德環球資產配置基金A11美元(強化穩定配息),yfinance,債券型,全球市場,A0031 貝萊德投信,貝萊德
B090578,2026-08-06,10.239999771118164,美元,貝萊德環球資產配置基金A11美元(強化穩定配息),yfinance,債券型,全球市場,A0031 貝萊德投信,貝萊德
B090578,2026-08-07,10.25,美元,貝萊德環球資產配置基金A11美元(強化穩定配息),yfinance,債券型,全球市場,A0031 貝萊德投信,貝萊德
B090578,2026-08-10,10.25,美元,貝萊德環球資產配置基金A11美元(強化穩定配息),yfinance,債券型,全球市場,A0031 貝萊德投信,貝萊德
B090578,2026-08-11,10.279999732971191,美元,貝萊德環球資產配置基金A11美元(強化穩定配息),yfinance,債券型,全球市場,A0031 貝萊德投信,貝萊德
B090578,2026-08-12,10.3100004196167,美元,貝萊德環球資產配置基金A11美元(強化穩定配息),yfinance,債券型,全球市場,A0031 貝萊德投信,貝萊德
B090578,2026-08-13,10.329999923706055,美元,貝萊德環球資產配置基金A11美元(強化穩定配息),yfinance,債券型,全球市場,A0031 貝萊德投信,貝萊德
B090578,2026-08-14,10.34000015258789,美元,貝萊德環球資產配置基金A11美元(強化穩定配息),yfinance,債券型,全球市場,A0031 貝萊德投信,貝萊德
B090578,2026-08-17,10.34000015258789,美元,貝萊德環球資產配置基金A11美元(強化穩定配息),yfinance,債券型,全球市場,A0031 貝萊德投信,貝萊德
B090578,2026-08-18,10.260000228881836,美元,貝萊德環球資產配置基金A11美元(強化穩定配息),yfinance,債券型,全球市場,A0031 貝萊德投信,貝萊德
B200318,2026-01-02,94.96969604492188,美元,安聯新興市場主權債券基金-BMf2固定月配類股(美元),yfinance,債券型,全球新興市場,A0036 安聯投信,安聯AGIF
B200318,2026-01-05,94.92225646972656,美元,安聯新興市場主權債券基金-BMf2固定月配類股(美元),yfinance,債券型,全球新興市場,A0036 安聯投信,安聯AGIF
B200318,2026-01-06,95.4156494140625,美元,安聯新興市場主權債券基金-BMf2固定月配類股(美元),yfinance,債券型,全球新興市場,A0036 安聯投信,安聯AGIF
B200318,2026-01-07,95.43463134765625,美元,安聯新興市場主權債券基金-BMf2固定月配類股(美元),yfinance,債券型,全球新興市場,A0036 安聯投信,安聯AGIF
B200318,2026-01-08,95.14048767089844,美元,安聯新興市場主權債券基金-BMf2固定月配類股(美元),yfinance,債券型,全球新興市場,A0036 安聯投信,安聯AGIF
B200318,2026-01-09,95.06459045410156,美元,安聯新興市場主權債券基金-BMf2固定月配類股(美元),yfinance,債券型,全球新興市場,A0036 安聯投信,安聯AGIF
B200318,2026-01-12,95.11202239990234,美元,安聯新興市場主權債券基金-BMf2固定月配類股(美元),yfinance,債券型,全球新興市場,A0036 安聯投信,安聯AGIF
B200318,2026-01-13,95.08356475830078,美元,安聯新興市場主權債券基金-BMf2固定月配類股(美元),yfinance,債券型,全球新興市場,A0036 安聯投信,安聯AGIF
B200318,2026-01-14,95.12152099609375,美元,安聯新興市場主權債券基金-BMf2固定月配類股(美元),yfinance,債券型,全球新興市場,A0036 安聯投信,安聯AGIF
B200318,2026-01-15,95.20848846435547,美元,安聯新興市場主權債券基金-BMf2固定月配類股(美元),yfinance,債券型,全球新興市場,A0036 安聯投信,安聯AGIF
B200318,2026-01-16,95.32321166992188,美元,安聯新興市場主權債券基金-BMf2固定月配類股(美元),yfinance,債券型,全球新興市場,A0036 安聯投信,安聯AGIF
B200318,2026-01-20,94.74004364013672,美元,安聯新興市場主權債券基金-BMf2固定月配類股(美元),yfinance,債券型,全球新興市場,A0036 安聯投信,安聯AGIF
B200318,2026-01-21,94.74004364013672,美元,安聯新興市場主權債券基金-BMf2固定月配類股(美元),yfinance,債券型,全球新興市場,A0036 安聯投信,安聯AGIF
B200318,2026-01-22,95.26585388183594,美元,安聯新興市場主權債券基金-BMf2固定月配類股(美元),yfinance,債券型,全球新興市場,A0036 安聯投信,安聯AGIF
B200318,2026-01-23,95.41881561279297,美元,安聯新興市場主權債券基金-BMf2固定月配類股(美元),yfinance,債券型,全球新興市場,A0036 安聯投信,安聯AGIF
B200318,2026-01-26,95.6386947631836,美元,安聯新興市場主權債券基金-BMf2固定月配類股(美元),yfinance,債券型,全球新興市場,A0036 安聯投信,安聯AGIF
B200318,2026-01-27,95.78209686279297,美元,安聯新興市場主權債券基金-BMf2固定月配類股(美元),yfinance,債券型,全球新興市場,A0036 安聯投信,安聯AGIF
B200318,2026-01-28,95.71517944335938,美元,安聯新興市場主權債券基金-BMf2固定月配類股(美元),yfinance,債券型,全球新興市場,A0036 安聯投信,安聯AGIF
B200318,2026-01-29,95.69605255126953,美元,安聯新興市場主權債券基金-BMf2固定月配類股(美元),yfinance,債券型,全球新興市場,A0036 安聯投信,安聯AGIF
B200318,2026-01-30,95.54309844970703,美元,安聯新興市場主權債券基金-BMf2固定月配類股(美元),yfinance,債券型,全球新興市場,A0036 安聯投信,安聯AGIF
B200318,2026-02-02,95.69605255126953,美元,安聯新興市場主權債券基金-BMf2固定月配類股(美元),yfinance,債券型,全球新興市場,A0036 安聯投信,安聯AGIF
B200318,2026-02-03,95.74385070800781,美元,安聯新興市場主權債券基金-BMf2固定月配類股(美元),yfinance,債券型,全球新興市場,A0036 安聯投信,安聯AGIF
B200318,2026-02-04,95.68649291992188,美元,安聯新興市場主權債券基金-BMf2固定月配類股(美元),yfinance,債券型,全球新興市場,A0036 安聯投信,安聯AGIF
B200318,2026-02-05,95.75342559814453,美元,安聯新興市場主權債券基金-BMf2固定月配類股(美元),yfinance,債券型,全球新興市場,A0036 安聯投信,安聯AGIF
B200318,2026-02-06,95.86812591552734,美元,安聯新興市場主權債券基金-BMf2固定月配類股(美元),yfinance,債券型,全球新興市場,A0036 安聯投信,安聯AGIF
B200318,2026-02-09,96.04020690917969,美元,安聯新興市場主權債券基金-BMf2固定月配類股(美元),yfinance,債券型,全球新興市場,A0036 安聯投信,安聯AGIF
B200318,2026-02-10,96.29833221435547,美元,安聯新興市場主權債券基金-BMf2固定月配類股(美元),yfinance,債券型,全球新興市場,A0036 安聯投信,安聯AGIF
B200318,2026-02-11,96.62337493896484,美元,安聯新興市場主權債券基金-BMf2固定月配類股(美元),yfinance,債券型,全球新興市場,A0036 安聯投信,安聯AGIF
B200318,2026-02-12,96.5373306274414,美元,安聯新興市場主權債券基金-BMf2固定月配類股(美元),yfinance,債券型,全球新興市場,A0036 安聯投信,安聯AGIF
B200318,2026-02-13,96.75721740722656,美元,安聯新興市場主權債券基金-BMf2固定月配類股(美元),yfinance,債券型,全球新興市場,A0036 安聯投信,安聯AGIF
B200318,2026-02-17,97.14204406738281,美元,安聯新興市場主權債券基金-BMf2固定月配類股(美元),yfinance,債券型,全球新興市場,A0036 安聯投信,安聯AGIF
B200318,2026-02-18,97.14204406738281,美元,安聯新興市場主權債券基金-BMf2固定月配類股(美元),yfinance,債券型,全球新興市場,A0036 安聯投信,安聯AGIF
B200318,2026-02-19,97.07461547851562,美元,安聯新興市場主權債券基金-BMf2固定月配類股(美元),yfinance,債券型,全球新興市場,A0036 安聯投信,安聯AGIF
B200318,2026-02-20,96.94940948486328,美元,安聯新興市場主權債券基金-BMf2固定月配類股(美元),yfinance,債券型,全球新興市場,A0036 安聯投信,安聯AGIF
B200318,2026-02-23,96.93977355957031,美元,安聯新興市場主權債券基金-BMf2固定月配類股(美元),yfinance,債券型,全球新興市場,A0036 安聯投信,安聯AGIF
B200318,2026-02-24,97.02645111083984,美元,安聯新興市場主權債券基金-BMf2固定月配類股(美元),yfinance,債券型,全球新興市場,A0036 安聯投信,安聯AGIF
B200318,2026-02-25,97.01683044433594,美元,安聯新興市場主權債券基金-BMf2固定月配類股(美元),yfinance,債券型,全球新興市場,A0036 安聯投信,安聯AGIF
B200318,2026-02-26,97.07461547851562,美元,安聯新興市場主權債券基金-BMf2固定月配類股(美元),yfinance,債券型,全球新興市場,A0036 安聯投信,安聯AGIF
B200318,2026-02-27,97.05535125732422,美元,安聯新興市場主權債券基金-BMf2固定月配類股(美元),yfinance,債券型,全球新興市場,A0036 安聯投信,安聯AGIF
B200318,2026-03-02,96.46784973144531,美元,安聯新興市場主權債券基金-BMf2固定月配類股(美元),yfinance,債券型,全球新興市場,A0036 安聯投信,安聯AGIF
B200318,2026-03-03,96.08258819580078,美元,安聯新興市場主權債券基金-BMf2固定月配類股(美元),yfinance,債券型,全球新興市場,A0036 安聯投信,安聯AGIF
B200318,2026-03-04,95.80327606201172,美元,安聯新興市場主權債券基金-BMf2固定月配類股(美元),yfinance,債券型,全球新興市場,A0036 安聯投信,安聯AGIF
B200318,2026-03-05,96.36190032958984,美元,安聯新興市場主權債券基金-BMf2固定月配類股(美元),yfinance,債券型,全球新興市場,A0036 安聯投信,安聯AGIF
B200318,2026-03-06,95.97664642333984,美元,安聯新興市場主權債券基金-BMf2固定月配類股(美元),yfinance,債券型,全球新興市場,A0036 安聯投信,安聯AGIF
B200318,2026-03-09,94.8016128540039,美元,安聯新興市場主權債券基金-BMf2固定月配類股(美元),yfinance,債券型,全球新興市場,A0036 安聯投信,安聯AGIF
B200318,2026-03-10,95.76475524902344,美元,安聯新興市場主權債券基金-BMf2固定月配類股(美元),yfinance,債券型,全球新興市場,A0036 安聯投信,安聯AGIF
B200318,2026-03-11,95.72622680664062,美元,安聯新興市場主權債券基金-BMf2固定月配類股(美元),yfinance,債券型,全球新興市場,A0036 安聯投信,安聯AGIF
B200318,2026-03-12,95.24465942382812,美元,安聯新興市場主權債券基金-BMf2固定月配類股(美元),yfinance,債券型,全球新興市場,A0036 安聯投信,安聯AGIF
B200318,2026-03-13,94.6089859008789,美元,安聯新興市場主權債券基金-BMf2固定月配類股(美元),yfinance,債券型,全球新興市場,A0036 安聯投信,安聯AGIF
B200318,2026-03-16,94.32341766357422,美元,安聯新興市場主權債券基金-BMf2固定月配類股(美元),yfinance,債券型,全球新興市場,A0036 安聯投信,安聯AGIF
B200318,2026-03-17,94.48841857910156,美元,安聯新興市場主權債券基金-BMf2固定月配類股(美元),yfinance,債券型,全球新興市場,A0036 安聯投信,安聯AGIF
B200318,2026-03-18,95.0319595336914,美元,安聯新興市場主權債券基金-BMf2固定月配類股(美元),yfinance,債券型,全球新興市場,A0036 安聯投信,安聯AGIF
B200318,2026-03-19,94.1584243774414,美元,安聯新興市場主權債券基金-BMf2固定月配類股(美元),yfinance,債券型,全球新興市場,A0036 安聯投信,安聯AGIF
B200318,2026-03-20,94.2554702758789,美元,安聯新興市場主權債券基金-BMf2固定月配類股(美元),yfinance,債券型,全球新興市場,A0036 安聯投信,安聯AGIF
B200318,2026-03-23,92.82868194580078,美元,安聯新興市場主權債券基金-BMf2固定月配類股(美元),yfinance,債券型,全球新興市場,A0036 安聯投信,安聯AGIF
B200318,2026-03-24,93.80899810791016,美元,安聯新興市場主權債券基金-BMf2固定月配類股(美元),yfinance,債券型,全球新興市場,A0036 安聯投信,安聯AGIF
B200318,2026-03-25,93.993408203125,美元,安聯新興市場主權債券基金-BMf2固定月配類股(美元),yfinance,債券型,全球新興市場,A0036 安聯投信,安聯AGIF
B200318,2026-03-26,93.92547607421875,美元,安聯新興市場主權債券基金-BMf2固定月配類股(美元),yfinance,債券型,全球新興市場,A0036 安聯投信,安聯AGIF
B200318,2026-03-27,93.3333969116211,美元,安聯新興市場主權債券基金-BMf2固定月配類股(美元),yfinance,債券型,全球新興市場,A0036 安聯投信,安聯AGIF
B200318,2026-03-30,92.9548568725586,美元,安聯新興市場主權債券基金-BMf2固定月配類股(美元),yfinance,債券型,全球新興市場,A0036 安聯投信,安聯AGIF
B200318,2026-03-31,93.03250885009766,美元,安聯新興市場主權債券基金-BMf2固定月配類股(美元),yfinance,債券型,全球新興市場,A0036 安聯投信,安聯AGIF
B200318,2026-04-01,93.993408203125,美元,安聯新興市場主權債券基金-BMf2固定月配類股(美元),yfinance,債券型,全球新興市場,A0036 安聯投信,安聯AGIF
B200318,2026-04-02,93.68280792236328,美元,安聯新興市場主權債券基金-BMf2固定月配類股(美元),yfinance,債券型,全球新興市場,A0036 安聯投信,安聯AGIF
B200318,2026-04-07,93.98370361328125,美元,安聯新興市場主權債券基金-BMf2固定月配類股(美元),yfinance,債券型,全球新興市場,A0036 安聯投信,安聯AGIF
B200318,2026-04-08,94.89607238769531,美元,安聯新興市場主權債券基金-BMf2固定月配類股(美元),yfinance,債券型,全球新興市場,A0036 安聯投信,安聯AGIF
B200318,2026-04-09,95.187255859375,美元,安聯新興市場主權債券基金-BMf2固定月配類股(美元),yfinance,債券型,全球新興市場,A0036 安聯投信,安聯AGIF
B200318,2026-04-10,95.61432647705078,美元,安聯新興市場主權債券基金-BMf2固定月配類股(美元),yfinance,債券型,全球新興市場,A0036 安聯投信,安聯AGIF
B200318,2026-04-13,95.57550048828125,美元,安聯新興市場主權債券基金-BMf2固定月配類股(美元),yfinance,債券型,全球新興市場,A0036 安聯投信,安聯AGIF
B200318,2026-04-14,96.23551177978516,美元,安聯新興市場主權債券基金-BMf2固定月配類股(美元),yfinance,債券型,全球新興市場,A0036 安聯投信,安聯AGIF
B200318,2026-04-15,96.68415832519531,美元,安聯新興市場主權債券基金-BMf2固定月配類股(美元),yfinance,債券型,全球新興市場,A0036 安聯投信,安聯AGIF
B200318,2026-04-16,96.49838256835938,美元,安聯新興市場主權債券基金-BMf2固定月配類股(美元),yfinance,債券型,全球新興市場,A0036 安聯投信,安聯AGIF
B200318,2026-04-17,96.23442077636719,美元,安聯新興市場主權債券基金-BMf2固定月配類股(美元),yfinance,債券型,全球新興市場,A0036 安聯投信,安聯AGIF
B200318,2026-04-20,96.830810546875,美元,安聯新興市場主權債券基金-BMf2固定月配類股(美元),yfinance,債券型,全球新興市場,A0036 安聯投信,安聯AGIF
B200318,2026-04-21,96.84058380126953,美元,安聯新興市場主權債券基金-BMf2固定月配類股(美元),yfinance,債券型,全球新興市場,A0036 安聯投信,安聯AGIF
B200318,2026-04-22,96.63526153564453,美元,安聯新興市場主權債券基金-BMf2固定月配類股(美元),yfinance,債券型,全球新興市場,A0036 安聯投信,安聯AGIF
B200318,2026-04-23,96.55706024169922,美元,安聯新興市場主權債券基金-BMf2固定月配類股(美元),yfinance,債券型,全球新興市場,A0036 安聯投信,安聯AGIF
B200318,2026-04-24,96.34196472167969,美元,安聯新興市場主權債券基金-BMf2固定月配類股(美元),yfinance,債券型,全球新興市場,A0036 安聯投信,安聯AGIF
B200318,2026-04-27,96.33219146728516,美元,安聯新興市場主權債券基金-BMf2固定月配類股(美元),yfinance,債券型,全球新興市場,A0036 安聯投信,安聯AGIF
B200318,2026-04-28,96.03887939453125,美元,安聯新興市場主權債券基金-BMf2固定月配類股(美元),yfinance,債券型,全球新興市場,A0036 安聯投信,安聯AGIF
B200318,2026-04-29,95.989990234375,美元,安聯新興市場主權債券基金-BMf2固定月配類股(美元),yfinance,債券型,全球新興市場,A0036 安聯投信,安聯AGIF
B200318,2026-04-30,95.69668579101562,美元,安聯新興市場主權債券基金-BMf2固定月配類股(美元),yfinance,債券型,全球新興市場,A0036 安聯投信,安聯AGIF
B200318,2026-05-05,95.989990234375,美元,安聯新興市場主權債券基金-BMf2固定月配類股(美元),yfinance,債券型,全球新興市場,A0036 安聯投信,安聯AGIF
B200318,2026-05-06,96.54727935791016,美元,安聯新興市場主權債券基金-BMf2固定月配類股(美元),yfinance,債券型,全球新興市場,A0036 安聯投信,安聯AGIF
B200318,2026-05-07,97.0654525756836,美元,安聯新興市場主權債券基金-BMf2固定月配類股(美元),yfinance,債券型,全球新興市場,A0036 安聯投信,安聯AGIF
B200318,2026-05-08,96.79170227050781,美元,安聯新興市場主權債券基金-BMf2固定月配類股(美元),yfinance,債券型,全球新興市場,A0036 安聯投信,安聯AGIF
B200318,2026-05-11,96.89923858642578,美元,安聯新興市場主權債券基金-BMf2固定月配類股(美元),yfinance,債券型,全球新興市場,A0036 安聯投信,安聯AGIF
B200318,2026-05-12,96.65483093261719,美元,安聯新興市場主權債券基金-BMf2固定月配類股(美元),yfinance,債券型,全球新興市場,A0036 安聯投信,安聯AGIF
B200318,2026-05-13,96.5179443359375,美元,安聯新興市場主權債券基金-BMf2固定月配類股(美元),yfinance,債券型,全球新興市場,A0036 安聯投信,安聯AGIF
B200318,2026-05-15,95.39360046386719,美元,安聯新興市場主權債券基金-BMf2固定月配類股(美元),yfinance,債券型,全球新興市場,A0036 安聯投信,安聯AGIF
B200318,2026-05-18,94.69943237304688,美元,安聯新興市場主權債券基金-BMf2固定月配類股(美元),yfinance,債券型,全球新興市場,A0036 安聯投信,安聯AGIF
B200318,2026-05-19,94.71898651123047,美元,安聯新興市場主權債券基金-BMf2固定月配類股(美元),yfinance,債券型,全球新興市場,A0036 安聯投信,安聯AGIF
B200318,2026-05-20,94.29857635498047,美元,安聯新興市場主權債券基金-BMf2固定月配類股(美元),yfinance,債券型,全球新興市場,A0036 安聯投信,安聯AGIF
B200318,2026-05-21,94.87541961669922,美元,安聯新興市場主權債券基金-BMf2固定月配類股(美元),yfinance,債券型,全球新興市場,A0036 安聯投信,安聯AGIF
B200318,2026-05-22,94.93408203125,美元,安聯新興市場主權債券基金-BMf2固定月配類股(美元),yfinance,債券型,全球新興市場,A0036 安聯投信,安聯AGIF
B200318,2026-05-26,95.23717498779297,美元,安聯新興市場主權債券基金-BMf2固定月配類股(美元),yfinance,債券型,全球新興市場,A0036 安聯投信,安聯AGIF
B200318,2026-05-27,95.60869598388672,美元,安聯新興市場主權債券基金-BMf2固定月配類股(美元),yfinance,債券型,全球新興市場,A0036 安聯投信,安聯AGIF
B200318,2026-05-28,95.70645904541016,美元,安聯新興市場主權債券基金-BMf2固定月配類股(美元),yfinance,債券型,全球新興市場,A0036 安聯投信,安聯AGIF
B200318,2026-05-29,96.05843353271484,美元,安聯新興市場主權債券基金-BMf2固定月配類股(美元),yfinance,債券型,全球新興市場,A0036 安聯投信,安聯AGIF
B200318,2026-06-01,96.20508575439453,美元,安聯新興市場主權債券基金-BMf2固定月配類股(美元),yfinance,債券型,全球新興市場,A0036 安聯投信,安聯AGIF
B200318,2026-06-02,96.31262969970703,美元,安聯新興市場主權債券基金-BMf2固定月配類股(美元),yfinance,債券型,全球新興市場,A0036 安聯投信,安聯AGIF
B200318,2026-06-03,96.30284881591797,美元,安聯新興市場主權債券基金-BMf2固定月配類股(美元),yfinance,債券型,全球新興市場,A0036 安聯投信,安聯AGIF
B200318,2026-06-04,96.15620422363281,美元,安聯新興市場主權債券基金-BMf2固定月配類股(美元),yfinance,債券型,全球新興市場,A0036 安聯投信,安聯AGIF
B200318,2026-06-05,96.37129211425781,美元,安聯新興市場主權債券基金-BMf2固定月配類股(美元),yfinance,債券型,全球新興市場,A0036 安聯投信,安聯AGIF
B200318,2026-06-08,95.64779663085938,美元,安聯新興市場主權債券基金-BMf2固定月配類股(美元),yfinance,債券型,全球新興市場,A0036 安聯投信,安聯AGIF
B200318,2026-06-09,95.8042221069336,美元,安聯新興市場主權債券基金-BMf2固定月配類股(美元),yfinance,債券型,全球新興市場,A0036 安聯投信,安聯AGIF
B200318,2026-06-10,95.91177368164062,美元,安聯新興市場主權債券基金-BMf2固定月配類股(美元),yfinance,債券型,全球新興市場,A0036 安聯投信,安聯AGIF
B200318,2026-06-11,95.76512145996094,美元,安聯新興市場主權債券基金-BMf2固定月配類股(美元),yfinance,債券型,全球新興市場,A0036 安聯投信,安聯AGIF
B200318,2026-06-12,96.5374984741211,美元,安聯新興市場主權債券基金-BMf2固定月配類股(美元),yfinance,債券型,全球新興市場,A0036 安聯投信,安聯AGIF
B200318,2026-06-15,97.0466537475586,美元,安聯新興市場主權債券基金-BMf2固定月配類股(美元),yfinance,債券型,全球新興市場,A0036 安聯投信,安聯AGIF
B200318,2026-06-16,97.10575103759766,美元,安聯新興市場主權債券基金-BMf2固定月配類股(美元),yfinance,債券型,全球新興市場,A0036 安聯投信,安聯AGIF
B200318,2026-06-17,97.16485595703125,美元,安聯新興市場主權債券基金-BMf2固定月配類股(美元),yfinance,債券型,全球新興市場,A0036 安聯投信,安聯AGIF
B200318,2026-06-18,97.00725555419922,美元,安聯新興市場主權債券基金-BMf2固定月配類股(美元),yfinance,債券型,全球新興市場,A0036 安聯投信,安聯AGIF
B200318,2026-06-22,96.99740600585938,美元,安聯新興市場主權債券基金-BMf2固定月配類股(美元),yfinance,債券型,全球新興市場,A0036 安聯投信,安聯AGIF
B200318,2026-06-24,96.74128723144531,美元,安聯新興市場主權債券基金-BMf2固定月配類股(美元),yfinance,債券型,全球新興市場,A0036 安聯投信,安聯AGIF
B200318,2026-06-25,97.01710510253906,美元,安聯新興市場主權債券基金-BMf2固定月配類股(美元),yfinance,債券型,全球新興市場,A0036 安聯投信,安聯AGIF
B200318,2026-06-26,97.01710510253906,美元,安聯新興市場主權債券基金-BMf2固定月配類股(美元),yfinance,債券型,全球新興市場,A0036 安聯投信,安聯AGIF
B200318,2026-06-29,96.95800018310547,美元,安聯新興市場主權債券基金-BMf2固定月配類股(美元),yfinance,債券型,全球新興市場,A0036 安聯投信,安聯AGIF
B200318,2026-06-30,97.10575103759766,美元,安聯新興市場主權債券基金-BMf2固定月配類股(美元),yfinance,債券型,全球新興市場,A0036 安聯投信,安聯AGIF
B200318,2026-07-01,96.83979034423828,美元,安聯新興市場主權債券基金-BMf2固定月配類股(美元),yfinance,債券型,全球新興市場,A0036 安聯投信,安聯AGIF
B200318,2026-07-02,96.73143005371094,美元,安聯新興市場主權債券基金-BMf2固定月配類股(美元),yfinance,債券型,全球新興市場,A0036 安聯投信,安聯AGIF
B200318,2026-07-06,96.91859436035156,美元,安聯新興市場主權債券基金-BMf2固定月配類股(美元),yfinance,債券型,全球新興市場,A0036 安聯投信,安聯AGIF
B200318,2026-07-07,96.93830108642578,美元,安聯新興市場主權債券基金-BMf2固定月配類股(美元),yfinance,債券型,全球新興市場,A0036 安聯投信,安聯AGIF
B200318,2026-07-08,96.48516845703125,美元,安聯新興市場主權債券基金-BMf2固定月配類股(美元),yfinance,債券型,全球新興市場,A0036 安聯投信,安聯AGIF
B200318,2026-07-09,96.51473236083984,美元,安聯新興市場主權債券基金-BMf2固定月配類股(美元),yfinance,債券型,全球新興市場,A0036 安聯投信,安聯AGIF
B200318,2026-07-10,96.64278411865234,美元,安聯新興市場主權債券基金-BMf2固定月配類股(美元),yfinance,債券型,全球新興市場,A0036 安聯投信,安聯AGIF
B200318,2026-07-13,96.58367919921875,美元,安聯新興市場主權債券基金-BMf2固定月配類股(美元),yfinance,債券型,全球新興市場,A0036 安聯投信,安聯AGIF
B200318,2026-07-14,96.20935821533203,美元,安聯新興市場主權債券基金-BMf2固定月配類股(美元),yfinance,債券型,全球新興市場,A0036 安聯投信,安聯AGIF
B200318,2026-07-15,96.4072265625,美元,安聯新興市場主權債券基金-BMf2固定月配類股(美元),yfinance,債券型,全球新興市場,A0036 安聯投信,安聯AGIF
B200318,2026-07-16,96.50648498535156,美元,安聯新興市場主權債券基金-BMf2固定月配類股(美元),yfinance,債券型,全球新興市場,A0036 安聯投信,安聯AGIF
B200318,2026-07-17,96.45685577392578,美元,安聯新興市場主權債券基金-BMf2固定月配類股(美元),yfinance,債券型,全球新興市場,A0036 安聯投信,安聯AGIF
B200318,2026-07-20,96.34767150878906,美元,安聯新興市場主權債券基金-BMf2固定月配類股(美元),yfinance,債券型,全球新興市場,A0036 安聯投信,安聯AGIF
B200318,2026-07-21,96.29804229736328,美元,安聯新興市場主權債券基金-BMf2固定月配類股(美元),yfinance,債券型,全球新興市場,A0036 安聯投信,安聯AGIF
B200318,2026-07-22,96.09953308105469,美元,安聯新興市場主權債券基金-BMf2固定月配類股(美元),yfinance,債券型,全球新興市場,A0036 安聯投信,安聯AGIF
B200318,2026-07-23,95.85139465332031,美元,安聯新興市場主權債券基金-BMf2固定月配類股(美元),yfinance,債券型,全球新興市場,A0036 安聯投信,安聯AGIF
B200318,2026-07-24,95.41466522216797,美元,安聯新興市場主權債券基金-BMf2固定月配類股(美元),yfinance,債券型,全球新興市場,A0036 安聯投信,安聯AGIF
B200318,2026-07-27,95.81169128417969,美元,安聯新興市場主權債券基金-BMf2固定月配類股(美元),yfinance,債券型,全球新興市場,A0036 安聯投信,安聯AGIF
B200318,2026-07-28,95.81169128417969,美元,安聯新興市場主權債券基金-BMf2固定月配類股(美元),yfinance,債券型,全球新興市場,A0036 安聯投信,安聯AGIF
B200318,2026-07-29,95.94072723388672,美元,安聯新興市場主權債券基金-BMf2固定月配類股(美元),yfinance,債券型,全球新興市場,A0036 安聯投信,安聯AGIF
B200318,2026-07-30,95.40474700927734,美元,安聯新興市場主權債券基金-BMf2固定月配類股(美元),yfinance,債券型,全球新興市場,A0036 安聯投信,安聯AGIF
B200318,2026-07-31,95.62310028076172,美元,安聯新興市場主權債券基金-BMf2固定月配類股(美元),yfinance,債券型,全球新興市場,A0036 安聯投信,安聯AGIF
B200318,2026-08-03,95.56355285644531,美元,安聯新興市場主權債券基金-BMf2固定月配類股(美元),yfinance,債券型,全球新興市場,A0036 安聯投信,安聯AGIF
B200318,2026-08-04,95.97050476074219,美元,安聯新興市場主權債券基金-BMf2固定月配類股(美元),yfinance,債券型,全球新興市場,A0036 安聯投信,安聯AGIF
B200318,2026-08-05,96.4767074584961,美元,安聯新興市場主權債券基金-BMf2固定月配類股(美元),yfinance,債券型,全球新興市場,A0036 安聯投信,安聯AGIF
B200318,2026-08-06,96.32782745361328,美元,安聯新興市場主權債券基金-BMf2固定月配類股(美元),yfinance,債券型,全球新興市場,A0036 安聯投信,安聯AGIF
B200318,2026-08-07,96.12931060791016,美元,安聯新興市場主權債券基金-BMf2固定月配類股(美元),yfinance,債券型,全球新興市場,A0036 安聯投信,安聯AGIF
B200318,2026-08-10,96.37744903564453,美元,安聯新興市場主權債券基金-BMf2固定月配類股(美元),yfinance,債券型,全球新興市場,A0036 安聯投信,安聯AGIF
B200318,2026-08-11,95.96057891845703,美元,安聯新興市場主權債券基金-BMf2固定月配類股(美元),yfinance,債券型,全球新興市場,A0036 安聯投信,安聯AGIF
B200318,2026-08-12,96.08960723876953,美元,安聯新興市場主權債券基金-BMf2固定月配類股(美元),yfinance,債券型,全球新興市場,A0036 安聯投信,安聯AGIF
B200318,2026-08-13,96.12931060791016,美元,安聯新興市場主權債券基金-BMf2固定月配類股(美元),yfinance,債券型,全球新興市場,A0036 安聯投信,安聯AGIF
B200318,2026-08-14,96.37744903564453,美元,安聯新興市場主權債券基金-BMf2固定月配類股(美元),yfinance,債券型,全球新興市場,A0036 安聯投信,安聯AGIF
B200318,2026-08-17,96.19000244140625,美元,安聯新興市場主權債券基金-BMf2固定月配類股(美元),yfinance,債券型,全球新興市場,A0036 安聯投信,安聯AGIF
B200318,2026-08-18,95.73999786376953,美元,安聯新興市場主權債券基金-BMf2固定月配類股(美元),yfinance,債券型,全球新興市場,A0036 安聯投信,安聯AGIF
B030918,2026-01-12,14.459135055541992,美元,聯博-優化短期非投資等級債券基金EAA(穩定月配)級別美元,yfinance,債券型,全球市場,A0018 聯博投信,聯博(盧森堡
B030918,2026-01-13,14.459135055541992,美元,聯博-優化短期非投資等級債券基金EAA(穩定月配)級別美元,yfinance,債券型,全球市場,A0018 聯博投信,聯博(盧森堡
B030918,2026-01-14,14.449522972106934,美元,聯博-優化短期非投資等級債券基金EAA(穩定月配)級別美元,yfinance,債券型,全球市場,A0018 聯博投信,聯博(盧森堡
B030918,2026-01-15,14.459135055541992,美元,聯博-優化短期非投資等級債券基金EAA(穩定月配)級別美元,yfinance,債券型,全球市場,A0018 聯博投信,聯博(盧森堡
B030918,2026-01-16,14.46875,美元,聯博-優化短期非投資等級債券基金EAA(穩定月配)級別美元,yfinance,債券型,全球市場,A0018 聯博投信,聯博(盧森堡
B030918,2026-01-20,14.43029499053955,美元,聯博-優化短期非投資等級債券基金EAA(穩定月配)級別美元,yfinance,債券型,全球市場,A0018 聯博投信,聯博(盧森堡
B030918,2026-01-21,14.459135055541992,美元,聯博-優化短期非投資等級債券基金EAA(穩定月配)級別美元,yfinance,債券型,全球市場,A0018 聯博投信,聯博(盧森堡
B030918,2026-01-22,14.478363990783691,美元,聯博-優化短期非投資等級債券基金EAA(穩定月配)級別美元,yfinance,債券型,全球市場,A0018 聯博投信,聯博(盧森堡
B030918,2026-01-23,14.478363990783691,美元,聯博-優化短期非投資等級債券基金EAA(穩定月配)級別美元,yfinance,債券型,全球市場,A0018 聯博投信,聯博(盧森堡
B030918,2026-01-26,14.478363990783691,美元,聯博-優化短期非投資等級債券基金EAA(穩定月配)級別美元,yfinance,債券型,全球市場,A0018 聯博投信,聯博(盧森堡
B030918,2026-01-27,14.478363990783691,美元,聯博-優化短期非投資等級債券基金EAA(穩定月配)級別美元,yfinance,債券型,全球市場,A0018 聯博投信,聯博(盧森堡
B030918,2026-01-28,14.478363990783691,美元,聯博-優化短期非投資等級債券基金EAA(穩定月配)級別美元,yfinance,債券型,全球市場,A0018 聯博投信,聯博(盧森堡
B030918,2026-01-29,14.459135055541992,美元,聯博-優化短期非投資等級債券基金EAA(穩定月配)級別美元,yfinance,債券型,全球市場,A0018 聯博投信,聯博(盧森堡
B030918,2026-01-30,14.462326049804688,美元,聯博-優化短期非投資等級債券基金EAA(穩定月配)級別美元,yfinance,債券型,全球市場,A0018 聯博投信,聯博(盧森堡
B030918,2026-02-02,14.462326049804688,美元,聯博-優化短期非投資等級債券基金EAA(穩定月配)級別美元,yfinance,債券型,全球市場,A0018 聯博投信,聯博(盧森堡
B030918,2026-02-03,14.462326049804688,美元,聯博-優化短期非投資等級債券基金EAA(穩定月配)級別美元,yfinance,債券型,全球市場,A0018 聯博投信,聯博(盧森堡
B030918,2026-02-04,14.423656463623047,美元,聯博-優化短期非投資等級債券基金EAA(穩定月配)級別美元,yfinance,債券型,全球市場,A0018 聯博投信,聯博(盧森堡
B030918,2026-02-05,14.452659606933594,美元,聯博-優化短期非投資等級債券基金EAA(穩定月配)級別美元,yfinance,債券型,全球市場,A0018 聯博投信,聯博(盧森堡
B030918,2026-02-06,14.462326049804688,美元,聯博-優化短期非投資等級債券基金EAA(穩定月配)級別美元,yfinance,債券型,全球市場,A0018 聯博投信,聯博(盧森堡
B030918,2026-02-09,14.471994400024414,美元,聯博-優化短期非投資等級債券基金EAA(穩定月配)級別美元,yfinance,債券型,全球市場,A0018 聯博投信,聯博(盧森堡
B030918,2026-02-10,14.481660842895508,美元,聯博-優化短期非投資等級債券基金EAA(穩定月配)級別美元,yfinance,債券型,全球市場,A0018 聯博投信,聯博(盧森堡
B030918,2026-02-11,14.471994400024414,美元,聯博-優化短期非投資等級債券基金EAA(穩定月配)級別美元,yfinance,債券型,全球市場,A0018 聯博投信,聯博(盧森堡
B030918,2026-02-12,14.471994400024414,美元,聯博-優化短期非投資等級債券基金EAA(穩定月配)級別美元,yfinance,債券型,全球市場,A0018 聯博投信,聯博(盧森堡
B030918,2026-02-13,14.462326049804688,美元,聯博-優化短期非投資等級債券基金EAA(穩定月配)級別美元,yfinance,債券型,全球市場,A0018 聯博投信,聯博(盧森堡
B030918,2026-02-17,14.452659606933594,美元,聯博-優化短期非投資等級債券基金EAA(穩定月配)級別美元,yfinance,債券型,全球市場,A0018 聯博投信,聯博(盧森堡
B030918,2026-02-18,14.471994400024414,美元,聯博-優化短期非投資等級債券基金EAA(穩定月配)級別美元,yfinance,債券型,全球市場,A0018 聯博投信,聯博(盧森堡
B030918,2026-02-19,14.471994400024414,美元,聯博-優化短期非投資等級債券基金EAA(穩定月配)級別美元,yfinance,債券型,全球市場,A0018 聯博投信,聯博(盧森堡
B030918,2026-02-20,14.481660842895508,美元,聯博-優化短期非投資等級債券基金EAA(穩定月配)級別美元,yfinance,債券型,全球市場,A0018 聯博投信,聯博(盧森堡
B030918,2026-02-23,14.471994400024414,美元,聯博-優化短期非投資等級債券基金EAA(穩定月配)級別美元,yfinance,債券型,全球市場,A0018 聯博投信,聯博(盧森堡
B030918,2026-02-24,14.471994400024414,美元,聯博-優化短期非投資等級債券基金EAA(穩定月配)級別美元,yfinance,債券型,全球市場,A0018 聯博投信,聯博(盧森堡
B030918,2026-02-25,14.481660842895508,美元,聯博-優化短期非投資等級債券基金EAA(穩定月配)級別美元,yfinance,債券型,全球市場,A0018 聯博投信,聯博(盧森堡
B030918,2026-02-26,14.481660842895508,美元,聯博-優化短期非投資等級債券基金EAA(穩定月配)級別美元,yfinance,債券型,全球市場,A0018 聯博投信,聯博(盧森堡
B030918,2026-02-27,14.47514820098877,美元,聯博-優化短期非投資等級債券基金EAA(穩定月配)級別美元,yfinance,債券型,全球市場,A0018 聯博投信,聯博(盧森堡
B030918,2026-03-02,14.445982933044434,美元,聯博-優化短期非投資等級債券基金EAA(穩定月配)級別美元,yfinance,債券型,全球市場,A0018 聯博投信,聯博(盧森堡
B030918,2026-03-03,14.42654037475586,美元,聯博-優化短期非投資等級債券基金EAA(穩定月配)級別美元,yfinance,債券型,全球市場,A0018 聯博投信,聯博(盧森堡
B030918,2026-03-04,14.465425491333008,美元,聯博-優化短期非投資等級債券基金EAA(穩定月配)級別美元,yfinance,債券型,全球市場,A0018 聯博投信,聯博(盧森堡
B030918,2026-03-05,14.455705642700195,美元,聯博-優化短期非投資等級債券基金EAA(穩定月配)級別美元,yfinance,債券型,全球市場,A0018 聯博投信,聯博(盧森堡
B030918,2026-03-06,14.41681957244873,美元,聯博-優化短期非投資等級債券基金EAA(穩定月配)級別美元,yfinance,債券型,全球市場,A0018 聯博投信,聯博(盧森堡
B030918,2026-03-09,14.407097816467285,美元,聯博-優化短期非投資等級債券基金EAA(穩定月配)級別美元,yfinance,債券型,全球市場,A0018 聯博投信,聯博(盧森堡
B030918,2026-03-10,14.445982933044434,美元,聯博-優化短期非投資等級債券基金EAA(穩定月配)級別美元,yfinance,債券型,全球市場,A0018 聯博投信,聯博(盧森堡
B030918,2026-03-11,14.42654037475586,美元,聯博-優化短期非投資等級債券基金EAA(穩定月配)級別美元,yfinance,債券型,全球市場,A0018 聯博投信,聯博(盧森堡
B030918,2026-03-12,14.377935409545898,美元,聯博-優化短期非投資等級債券基金EAA(穩定月配)級別美元,yfinance,債券型,全球市場,A0018 聯博投信,聯博(盧森堡
B030918,2026-03-13,14.339048385620117,美元,聯博-優化短期非投資等級債券基金EAA(穩定月配)級別美元,yfinance,債券型,全球市場,A0018 聯博投信,聯博(盧森堡
B030918,2026-03-16,14.348770141601562,美元,聯博-優化短期非投資等級債券基金EAA(穩定月配)級別美元,yfinance,債券型,全球市場,A0018 聯博投信,聯博(盧森堡
B030918,2026-03-17,14.387654304504395,美元,聯博-優化短期非投資等級債券基金EAA(穩定月配)級別美元,yfinance,債券型,全球市場,A0018 聯博投信,聯博(盧森堡
B030918,2026-03-18,14.36821174621582,美元,聯博-優化短期非投資等級債券基金EAA(穩定月配)級別美元,yfinance,債券型,全球市場,A0018 聯博投信,聯博(盧森堡
B030918,2026-03-19,14.339048385620117,美元,聯博-優化短期非投資等級債券基金EAA(穩定月配)級別美元,yfinance,債券型,全球市場,A0018 聯博投信,聯博(盧森堡
B030918,2026-03-20,14.309883117675781,美元,聯博-優化短期非投資等級債券基金EAA(穩定月配)級別美元,yfinance,債券型,全球市場,A0018 聯博投信,聯博(盧森堡
B030918,2026-03-23,14.339048385620117,美元,聯博-優化短期非投資等級債券基金EAA(穩定月配)級別美元,yfinance,債券型,全球市場,A0018 聯博投信,聯博(盧森堡
B030918,2026-03-24,14.329326629638672,美元,聯博-優化短期非投資等級債券基金EAA(穩定月配)級別美元,yfinance,債券型,全球市場,A0018 聯博投信,聯博(盧森堡
B030918,2026-03-25,14.358491897583008,美元,聯博-優化短期非投資等級債券基金EAA(穩定月配)級別美元,yfinance,債券型,全球市場,A0018 聯博投信,聯博(盧森堡
B030918,2026-03-26,14.309883117675781,美元,聯博-優化短期非投資等級債券基金EAA(穩定月配)級別美元,yfinance,債券型,全球市場,A0018 聯博投信,聯博(盧森堡
B030918,2026-03-27,14.261277198791504,美元,聯博-優化短期非投資等級債券基金EAA(穩定月配)級別美元,yfinance,債券型,全球市場,A0018 聯博投信,聯博(盧森堡
B030918,2026-03-30,14.27099895477295,美元,聯博-優化短期非投資等級債券基金EAA(穩定月配)級別美元,yfinance,債券型,全球市場,A0018 聯博投信,聯博(盧森堡
B030918,2026-03-31,14.34266185760498,美元,聯博-優化短期非投資等級債券基金EAA(穩定月配)級別美元,yfinance,債券型,全球市場,A0018 聯博投信,聯博(盧森堡
B030918,2026-04-01,14.391546249389648,美元,聯博-優化短期非投資等級債券基金EAA(穩定月配)級別美元,yfinance,債券型,全球市場,A0018 聯博投信,聯博(盧森堡
B030918,2026-04-02,14.391546249389648,美元,聯博-優化短期非投資等級債券基金EAA(穩定月配)級別美元,yfinance,債券型,全球市場,A0018 聯博投信,聯博(盧森堡
B030918,2026-04-07,14.411101341247559,美元,聯博-優化短期非投資等級債券基金EAA(穩定月配)級別美元,yfinance,債券型,全球市場,A0018 聯博投信,聯博(盧森堡
B030918,2026-04-08,14.4893159866333,美元,聯博-優化短期非投資等級債券基金EAA(穩定月配)級別美元,yfinance,債券型,全球市場,A0018 聯博投信,聯博(盧森堡
B030918,2026-04-09,14.508869171142578,美元,聯博-優化短期非投資等級債券基金EAA(穩定月配)級別美元,yfinance,債券型,全球市場,A0018 聯博投信,聯博(盧森堡
B030918,2026-04-10,14.499092102050781,美元,聯博-優化短期非投資等級債券基金EAA(穩定月配)級別美元,yfinance,債券型,全球市場,A0018 聯博投信,聯博(盧森堡
B030918,2026-04-13,14.499092102050781,美元,聯博-優化短期非投資等級債券基金EAA(穩定月配)級別美元,yfinance,債券型,全球市場,A0018 聯博投信,聯博(盧森堡
B030918,2026-04-14,14.538200378417969,美元,聯博-優化短期非投資等級債券基金EAA(穩定月配)級別美元,yfinance,債券型,全球市場,A0018 聯博投信,聯博(盧森堡
B030918,2026-04-15,14.54797649383545,美元,聯博-優化短期非投資等級債券基金EAA(穩定月配)級別美元,yfinance,債券型,全球市場,A0018 聯博投信,聯博(盧森堡
B030918,2026-04-16,14.538200378417969,美元,聯博-優化短期非投資等級債券基金EAA(穩定月配)級別美元,yfinance,債券型,全球市場,A0018 聯博投信,聯博(盧森堡
B030918,2026-04-17,14.59686279296875,美元,聯博-優化短期非投資等級債券基金EAA(穩定月配)級別美元,yfinance,債券型,全球市場,A0018 聯博投信,聯博(盧森堡
B030918,2026-04-20,14.567530632019043,美元,聯博-優化短期非投資等級債券基金EAA(穩定月配)級別美元,yfinance,債券型,全球市場,A0018 聯博投信,聯博(盧森堡
B030918,2026-04-21,14.567530632019043,美元,聯博-優化短期非投資等級債券基金EAA(穩定月配)級別美元,yfinance,債券型,全球市場,A0018 聯博投信,聯博(盧森堡
B030918,2026-04-22,14.567530632019043,美元,聯博-優化短期非投資等級債券基金EAA(穩定月配)級別美元,yfinance,債券型,全球市場,A0018 聯博投信,聯博(盧森堡
B030918,2026-04-23,14.557753562927246,美元,聯博-優化短期非投資等級債券基金EAA(穩定月配)級別美元,yfinance,債券型,全球市場,A0018 聯博投信,聯博(盧森堡
B030918,2026-04-24,14.557753562927246,美元,聯博-優化短期非投資等級債券基金EAA(穩定月配)級別美元,yfinance,債券型,全球市場,A0018 聯博投信,聯博(盧森堡
B030918,2026-04-27,14.557753562927246,美元,聯博-優化短期非投資等級債券基金EAA(穩定月配)級別美元,yfinance,債券型,全球市場,A0018 聯博投信,聯博(盧森堡
B030918,2026-04-28,14.54797649383545,美元,聯博-優化短期非投資等級債券基金EAA(穩定月配)級別美元,yfinance,債券型,全球市場,A0018 聯博投信,聯博(盧森堡
B030918,2026-04-29,14.538200378417969,美元,聯博-優化短期非投資等級債券基金EAA(穩定月配)級別美元,yfinance,債券型,全球市場,A0018 聯博投信,聯博(盧森堡
B030918,2026-04-30,14.551276206970215,美元,聯博-優化短期非投資等級債券基金EAA(穩定月配)級別美元,yfinance,債券型,全球市場,A0018 聯博投信,聯博(盧森堡
B030918,2026-05-04,14.551276206970215,美元,聯博-優化短期非投資等級債券基金EAA(穩定月配)級別美元,yfinance,債券型,全球市場,A0018 聯博投信,聯博(盧森堡
B030918,2026-05-05,14.551276206970215,美元,聯博-優化短期非投資等級債券基金EAA(穩定月配)級別美元,yfinance,債券型,全球市場,A0018 聯博投信,聯博(盧森堡
B030918,2026-05-06,14.580772399902344,美元,聯博-優化短期非投資等級債券基金EAA(穩定月配)級別美元,yfinance,債券型,全球市場,A0018 聯博投信,聯博(盧森堡
B030918,2026-05-07,14.580772399902344,美元,聯博-優化短期非投資等級債券基金EAA(穩定月配)級別美元,yfinance,債券型,全球市場,A0018 聯博投信,聯博(盧森堡
B030918,2026-05-08,14.590604782104492,美元,聯博-優化短期非投資等級債券基金EAA(穩定月配)級別美元,yfinance,債券型,全球市場,A0018 聯博投信,聯博(盧森堡
B030918,2026-05-11,14.580772399902344,美元,聯博-優化短期非投資等級債券基金EAA(穩定月配)級別美元,yfinance,債券型,全球市場,A0018 聯博投信,聯博(盧森堡
B030918,2026-05-12,14.551276206970215,美元,聯博-優化短期非投資等級債券基金EAA(穩定月配)級別美元,yfinance,債券型,全球市場,A0018 聯博投信,聯博(盧森堡
B030918,2026-05-13,14.561108589172363,美元,聯博-優化短期非投資等級債券基金EAA(穩定月配)級別美元,yfinance,債券型,全球市場,A0018 聯博投信,聯博(盧森堡
B030918,2026-05-15,14.531612396240234,美元,聯博-優化短期非投資等級債券基金EAA(穩定月配)級別美元,yfinance,債券型,全球市場,A0018 聯博投信,聯博(盧森堡
B030918,2026-05-18,14.521781921386719,美元,聯博-優化短期非投資等級債券基金EAA(穩定月配)級別美元,yfinance,債券型,全球市場,A0018 聯博投信,聯博(盧森堡
B030918,2026-05-19,14.502116203308105,美元,聯博-優化短期非投資等級債券基金EAA(穩定月配)級別美元,yfinance,債券型,全球市場,A0018 聯博投信,聯博(盧森堡
B030918,2026-05-20,14.531612396240234,美元,聯博-優化短期非投資等級債券基金EAA(穩定月配)級別美元,yfinance,債券型,全球市場,A0018 聯博投信,聯博(盧森堡
B030918,2026-05-21,14.551276206970215,美元,聯博-優化短期非投資等級債券基金EAA(穩定月配)級別美元,yfinance,債券型,全球市場,A0018 聯博投信,聯博(盧森堡
B030918,2026-05-22,14.561108589172363,美元,聯博-優化短期非投資等級債券基金EAA(穩定月配)級別美元,yfinance,債券型,全球市場,A0018 聯博投信,聯博(盧森堡
B030918,2026-05-26,14.580772399902344,美元,聯博-優化短期非投資等級債券基金EAA(穩定月配)級別美元,yfinance,債券型,全球市場,A0018 聯博投信,聯博(盧森堡
B030918,2026-05-27,14.590604782104492,美元,聯博-優化短期非投資等級債券基金EAA(穩定月配)級別美元,yfinance,債券型,全球市場,A0018 聯博投信,聯博(盧森堡
B030918,2026-05-28,14.60043716430664,美元,聯博-優化短期非投資等級債券基金EAA(穩定月配)級別美元,yfinance,債券型,全球市場,A0018 聯博投信,聯博(盧森堡
B030918,2026-05-29,14.61358642578125,美元,聯博-優化短期非投資等級債券基金EAA(穩定月配)級別美元,yfinance,債券型,全球市場,A0018 聯博投信,聯博(盧森堡
B030918,2026-06-01,14.61358642578125,美元,聯博-優化短期非投資等級債券基金EAA(穩定月配)級別美元,yfinance,債券型,全球市場,A0018 聯博投信,聯博(盧森堡
B030918,2026-06-02,14.61358642578125,美元,聯博-優化短期非投資等級債券基金EAA(穩定月配)級別美元,yfinance,債券型,全球市場,A0018 聯博投信,聯博(盧森堡
B030918,2026-06-03,14.593812942504883,美元,聯博-優化短期非投資等級債券基金EAA(穩定月配)級別美元,yfinance,債券型,全球市場,A0018 聯博投信,聯博(盧森堡
B030918,2026-06-04,14.603700637817383,美元,聯博-優化短期非投資等級債券基金EAA(穩定月配)級別美元,yfinance,債券型,全球市場,A0018 聯博投信,聯博(盧森堡
B030918,2026-06-05,14.574037551879883,美元,聯博-優化短期非投資等級債券基金EAA(穩定月配)級別美元,yfinance,債券型,全球市場,A0018 聯博投信,聯博(盧森堡
B030918,2026-06-08,14.574037551879883,美元,聯博-優化短期非投資等級債券基金EAA(穩定月配)級別美元,yfinance,債券型,全球市場,A0018 聯博投信,聯博(盧森堡
B030918,2026-06-09,14.583924293518066,美元,聯博-優化短期非投資等級債券基金EAA(穩定月配)級別美元,yfinance,債券型,全球市場,A0018 聯博投信,聯博(盧森堡
B030918,2026-06-10,14.574037551879883,美元,聯博-優化短期非投資等級債券基金EAA(穩定月配)級別美元,yfinance,債券型,全球市場,A0018 聯博投信,聯博(盧森堡
B030918,2026-06-11,14.603700637817383,美元,聯博-優化短期非投資等級債券基金EAA(穩定月配)級別美元,yfinance,債券型,全球市場,A0018 聯博投信,聯博(盧森堡
B030918,2026-06-12,14.62347412109375,美元,聯博-優化短期非投資等級債券基金EAA(穩定月配)級別美元,yfinance,債券型,全球市場,A0018 聯博投信,聯博(盧森堡
B030918,2026-06-15,14.64324951171875,美元,聯博-優化短期非投資等級債券基金EAA(穩定月配)級別美元,yfinance,債券型,全球市場,A0018 聯博投信,聯博(盧森堡
B030918,2026-06-16,14.64324951171875,美元,聯博-優化短期非投資等級債券基金EAA(穩定月配)級別美元,yfinance,債券型,全球市場,A0018 聯博投信,聯博(盧森堡
B030918,2026-06-17,14.62347412109375,美元,聯博-優化短期非投資等級債券基金EAA(穩定月配)級別美元,yfinance,債券型,全球市場,A0018 聯博投信,聯博(盧森堡
B030918,2026-06-18,14.63336181640625,美元,聯博-優化短期非投資等級債券基金EAA(穩定月配)級別美元,yfinance,債券型,全球市場,A0018 聯博投信,聯博(盧森堡
B030918,2026-06-22,14.63336181640625,美元,聯博-優化短期非投資等級債券基金EAA(穩定月配)級別美元,yfinance,債券型,全球市場,A0018 聯博投信,聯博(盧森堡
B030918,2026-06-24,14.62347412109375,美元,聯博-優化短期非投資等級債券基金EAA(穩定月配)級別美元,yfinance,債券型,全球市場,A0018 聯博投信,聯博(盧森堡
B030918,2026-06-25,14.63336181640625,美元,聯博-優化短期非投資等級債券基金EAA(穩定月配)級別美元,yfinance,債券型,全球市場,A0018 聯博投信,聯博(盧森堡
B030918,2026-06-26,14.653136253356934,美元,聯博-優化短期非投資等級債券基金EAA(穩定月配)級別美元,yfinance,債券型,全球市場,A0018 聯博投信,聯博(盧森堡
B030918,2026-06-29,14.63336181640625,美元,聯博-優化短期非投資等級債券基金EAA(穩定月配)級別美元,yfinance,債券型,全球市場,A0018 聯博投信,聯博(盧森堡
B030918,2026-06-30,14.646586418151855,美元,聯博-優化短期非投資等級債券基金EAA(穩定月配)級別美元,yfinance,債券型,全球市場,A0018 聯博投信,聯博(盧森堡
B030918,2026-07-01,14.646586418151855,美元,聯博-優化短期非投資等級債券基金EAA(穩定月配)級別美元,yfinance,債券型,全球市場,A0018 聯博投信,聯博(盧森堡
B030918,2026-07-02,14.656530380249023,美元,聯博-優化短期非投資等級債券基金EAA(穩定月配)級別美元,yfinance,債券型,全球市場,A0018 聯博投信,聯博(盧森堡
B030918,2026-07-06,14.666473388671875,美元,聯博-優化短期非投資等級債券基金EAA(穩定月配)級別美元,yfinance,債券型,全球市場,A0018 聯博投信,聯博(盧森堡
B030918,2026-07-07,14.666473388671875,美元,聯博-優化短期非投資等級債券基金EAA(穩定月配)級別美元,yfinance,債券型,全球市場,A0018 聯博投信,聯博(盧森堡
B030918,2026-07-08,14.646586418151855,美元,聯博-優化短期非投資等級債券基金EAA(穩定月配)級別美元,yfinance,債券型,全球市場,A0018 聯博投信,聯博(盧森堡
B030918,2026-07-09,14.656530380249023,美元,聯博-優化短期非投資等級債券基金EAA(穩定月配)級別美元,yfinance,債券型,全球市場,A0018 聯博投信,聯博(盧森堡
B030918,2026-07-10,14.656530380249023,美元,聯博-優化短期非投資等級債券基金EAA(穩定月配)級別美元,yfinance,債券型,全球市場,A0018 聯博投信,聯博(盧森堡
B030918,2026-07-13,14.646586418151855,美元,聯博-優化短期非投資等級債券基金EAA(穩定月配)級別美元,yfinance,債券型,全球市場,A0018 聯博投信,聯博(盧森堡
B030918,2026-07-14,14.646586418151855,美元,聯博-優化短期非投資等級債券基金EAA(穩定月配)級別美元,yfinance,債券型,全球市場,A0018 聯博投信,聯博(盧森堡
B030918,2026-07-15,14.656530380249023,美元,聯博-優化短期非投資等級債券基金EAA(穩定月配)級別美元,yfinance,債券型,全球市場,A0018 聯博投信,聯博(盧森堡
B030918,2026-07-16,14.656530380249023,美元,聯博-優化短期非投資等級債券基金EAA(穩定月配)級別美元,yfinance,債券型,全球市場,A0018 聯博投信,聯博(盧森堡
B030918,2026-07-17,14.656530380249023,美元,聯博-優化短期非投資等級債券基金EAA(穩定月配)級別美元,yfinance,債券型,全球市場,A0018 聯博投信,聯博(盧森堡
B030918,2026-07-20,14.656530380249023,美元,聯博-優化短期非投資等級債券基金EAA(穩定月配)級別美元,yfinance,債券型,全球市場,A0018 聯博投信,聯博(盧森堡
B030918,2026-07-21,14.646586418151855,美元,聯博-優化短期非投資等級債券基金EAA(穩定月配)級別美元,yfinance,債券型,全球市場,A0018 聯博投信,聯博(盧森堡
B030918,2026-07-22,14.636643409729004,美元,聯博-優化短期非投資等級債券基金EAA(穩定月配)級別美元,yfinance,債券型,全球市場,A0018 聯博投信,聯博(盧森堡
B030918,2026-07-23,14.596870422363281,美元,聯博-優化短期非投資等級債券基金EAA(穩定月配)級別美元,yfinance,債券型,全球市場,A0018 聯博投信,聯博(盧森堡
B030918,2026-07-24,14.606813430786133,美元,聯博-優化短期非投資等級債券基金EAA(穩定月配)級別美元,yfinance,債券型,全球市場,A0018 聯博投信,聯博(盧森堡
B030918,2026-07-27,14.606813430786133,美元,聯博-優化短期非投資等級債券基金EAA(穩定月配)級別美元,yfinance,債券型,全球市場,A0018 聯博投信,聯博(盧森堡
B030918,2026-07-28,14.616756439208984,美元,聯博-優化短期非投資等級債券基金EAA(穩定月配)級別美元,yfinance,債券型,全球市場,A0018 聯博投信,聯博(盧森堡
B030918,2026-07-29,14.606813430786133,美元,聯博-優化短期非投資等級債券基金EAA(穩定月配)級別美元,yfinance,債券型,全球市場,A0018 聯博投信,聯博(盧森堡
B030918,2026-07-30,14.626700401306152,美元,聯博-優化短期非投資等級債券基金EAA(穩定月配)級別美元,yfinance,債券型,全球市場,A0018 聯博投信,聯博(盧森堡
B030918,2026-07-31,14.630000114440918,美元,聯博-優化短期非投資等級債券基金EAA(穩定月配)級別美元,yfinance,債券型,全球市場,A0018 聯博投信,聯博(盧森堡
B030918,2026-08-03,14.649999618530273,美元,聯博-優化短期非投資等級債券基金EAA(穩定月配)級別美元,yfinance,債券型,全球市場,A0018 聯博投信,聯博(盧森堡
B030918,2026-08-04,14.6899995803833,美元,聯博-優化短期非投資等級債券基金EAA(穩定月配)級別美元,yfinance,債券型,全球市場,A0018 聯博投信,聯博(盧森堡
B030918,2026-08-05,14.6899995803833,美元,聯博-優化短期非投資等級債券基金EAA(穩定月配)級別美元,yfinance,債券型,全球市場,A0018 聯博投信,聯博(盧森堡
B030918,2026-08-06,14.6899995803833,美元,聯博-優化短期非投資等級債券基金EAA(穩定月配)級別美元,yfinance,債券型,全球市場,A0018 聯博投信,聯博(盧森堡
B030918,2026-08-07,14.699999809265137,美元,聯博-優化短期非投資等級債券基金EAA(穩定月配)級別美元,yfinance,債券型,全球市場,A0018 聯博投信,聯博(盧森堡
B030918,2026-08-10,14.6899995803833,美元,聯博-優化短期非投資等級債券基金EAA(穩定月配)級別美元,yfinance,債券型,全球市場,A0018 聯博投信,聯博(盧森堡
B030918,2026-08-11,14.6899995803833,美元,聯博-優化短期非投資等級債券基金EAA(穩定月配)級別美元,yfinance,債券型,全球市場,A0018 聯博投信,聯博(盧森堡
B030918,2026-08-12,14.699999809265137,美元,聯博-優化短期非投資等級債券基金EAA(穩定月配)級別美元,yfinance,債券型,全球市場,A0018 聯博投信,聯博(盧森堡
B030918,2026-08-13,14.720000267028809,美元,聯博-優化短期非投資等級債券基金EAA(穩定月配)級別美元,yfinance,債券型,全球市場,A0018 聯博投信,聯博(盧森堡
B030918,2026-08-14,14.720000267028809,美元,聯博-優化短期非投資等級債券基金EAA(穩定月配)級別美元,yfinance,債券型,全球市場,A0018 聯博投信,聯博(盧森堡
B030918,2026-08-17,14.710000038146973,美元,聯博-優化短期非投資等級債券基金EAA(穩定月配)級別美元,yfinance,債券型,全球市場,A0018 聯博投信,聯博(盧森堡
B780032,2026-01-02,97.51529693603516,美元,威廉博萊新興市場本地貨幣債券基金-J月配(美元),yfinance,貨幣市場,全球新興市場,B0355 展新投顧,FundRock(野村愛爾蘭系列)
B780032,2026-01-05,97.72743225097656,美元,威廉博萊新興市場本地貨幣債券基金-J月配(美元),yfinance,貨幣市場,全球新興市場,B0355 展新投顧,FundRock(野村愛爾蘭系列)
B780032,2026-01-06,97.9498062133789,美元,威廉博萊新興市場本地貨幣債券基金-J月配(美元),yfinance,貨幣市場,全球新興市場,B0355 展新投顧,FundRock(野村愛爾蘭系列)
B780032,2026-01-07,97.88213348388672,美元,威廉博萊新興市場本地貨幣債券基金-J月配(美元),yfinance,貨幣市場,全球新興市場,B0355 展新投顧,FundRock(野村愛爾蘭系列)
B780032,2026-01-08,97.66941833496094,美元,威廉博萊新興市場本地貨幣債券基金-J月配(美元),yfinance,貨幣市場,全球新興市場,B0355 展新投顧,FundRock(野村愛爾蘭系列)
B780032,2026-01-09,97.65009307861328,美元,威廉博萊新興市場本地貨幣債券基金-J月配(美元),yfinance,貨幣市場,全球新興市場,B0355 展新投顧,FundRock(野村愛爾蘭系列)
B780032,2026-01-12,97.94014739990234,美元,威廉博萊新興市場本地貨幣債券基金-J月配(美元),yfinance,貨幣市場,全球新興市場,B0355 展新投顧,FundRock(野村愛爾蘭系列)
B780032,2026-01-13,97.9498062133789,美元,威廉博萊新興市場本地貨幣債券基金-J月配(美元),yfinance,貨幣市場,全球新興市場,B0355 展新投顧,FundRock(野村愛爾蘭系列)
B780032,2026-01-14,97.95948791503906,美元,威廉博萊新興市場本地貨幣債券基金-J月配(美元),yfinance,貨幣市場,全球新興市場,B0355 展新投顧,FundRock(野村愛爾蘭系列)
B780032,2026-01-15,98.06583404541016,美元,威廉博萊新興市場本地貨幣債券基金-J月配(美元),yfinance,貨幣市場,全球新興市場,B0355 展新投顧,FundRock(野村愛爾蘭系列)
B780032,2026-01-16,97.78545379638672,美元,威廉博萊新興市場本地貨幣債券基金-J月配(美元),yfinance,貨幣市場,全球新興市場,B0355 展新投顧,FundRock(野村愛爾蘭系列)
B780032,2026-01-20,97.8531265258789,美元,威廉博萊新興市場本地貨幣債券基金-J月配(美元),yfinance,貨幣市場,全球新興市場,B0355 展新投顧,FundRock(野村愛爾蘭系列)
B780032,2026-01-21,98.15283966064453,美元,威廉博萊新興市場本地貨幣債券基金-J月配(美元),yfinance,貨幣市場,全球新興市場,B0355 展新投顧,FundRock(野村愛爾蘭系列)
B780032,2026-01-22,98.69427490234375,美元,威廉博萊新興市場本地貨幣債券基金-J月配(美元),yfinance,貨幣市場,全球新興市場,B0355 展新投顧,FundRock(野村愛爾蘭系列)
B780032,2026-01-23,99.07135009765625,美元,威廉博萊新興市場本地貨幣債券基金-J月配(美元),yfinance,貨幣市場,全球新興市場,B0355 展新投顧,FundRock(野村愛爾蘭系列)
B780032,2026-01-26,99.4870834350586,美元,威廉博萊新興市場本地貨幣債券基金-J月配(美元),yfinance,貨幣市場,全球新興市場,B0355 展新投顧,FundRock(野村愛爾蘭系列)
B780032,2026-01-27,100.31855010986328,美元,威廉博萊新興市場本地貨幣債券基金-J月配(美元),yfinance,貨幣市場,全球新興市場,B0355 展新投顧,FundRock(野村愛爾蘭系列)
B780032,2026-01-28,100.30888366699219,美元,威廉博萊新興市場本地貨幣債券基金-J月配(美元),yfinance,貨幣市場,全球新興市場,B0355 展新投顧,FundRock(野村愛爾蘭系列)
B780032,2026-01-29,100.3958969116211,美元,威廉博萊新興市場本地貨幣債券基金-J月配(美元),yfinance,貨幣市場,全球新興市場,B0355 展新投顧,FundRock(野村愛爾蘭系列)
B780032,2026-01-30,99.41939544677734,美元,威廉博萊新興市場本地貨幣債券基金-J月配(美元),yfinance,貨幣市場,全球新興市場,B0355 展新投顧,FundRock(野村愛爾蘭系列)
B780032,2026-02-02,99.60308837890625,美元,威廉博萊新興市場本地貨幣債券基金-J月配(美元),yfinance,貨幣市場,全球新興市場,B0355 展新投顧,FundRock(野村愛爾蘭系列)
B780032,2026-02-03,100.05751037597656,美元,威廉博萊新興市場本地貨幣債券基金-J月配(美元),yfinance,貨幣市場,全球新興市場,B0355 展新投顧,FundRock(野村愛爾蘭系列)
B780032,2026-02-04,99.88827514648438,美元,威廉博萊新興市場本地貨幣債券基金-J月配(美元),yfinance,貨幣市場,全球新興市場,B0355 展新投顧,FundRock(野村愛爾蘭系列)
B780032,2026-02-05,99.60604095458984,美元,威廉博萊新興市場本地貨幣債券基金-J月配(美元),yfinance,貨幣市場,全球新興市場,B0355 展新投顧,FundRock(野村愛爾蘭系列)
B780032,2026-02-06,99.98558807373047,美元,威廉博萊新興市場本地貨幣債券基金-J月配(美元),yfinance,貨幣市場,全球新興市場,B0355 展新投顧,FundRock(野村愛爾蘭系列)
B780032,2026-02-09,100.60843658447266,美元,威廉博萊新興市場本地貨幣債券基金-J月配(美元),yfinance,貨幣市場,全球新興市場,B0355 展新投顧,FundRock(野村愛爾蘭系列)
B780032,2026-02-10,100.6473617553711,美元,威廉博萊新興市場本地貨幣債券基金-J月配(美元),yfinance,貨幣市場,全球新興市場,B0355 展新投顧,FundRock(野村愛爾蘭系列)
B780032,2026-02-11,100.78359985351562,美元,威廉博萊新興市場本地貨幣債券基金-J月配(美元),yfinance,貨幣市場,全球新興市場,B0355 展新投顧,FundRock(野村愛爾蘭系列)
B780032,2026-02-12,100.900390625,美元,威廉博萊新興市場本地貨幣債券基金-J月配(美元),yfinance,貨幣市場,全球新興市場,B0355 展新投顧,FundRock(野村愛爾蘭系列)
B780032,2026-02-13,101.09502410888672,美元,威廉博萊新興市場本地貨幣債券基金-J月配(美元),yfinance,貨幣市場,全球新興市場,B0355 展新投顧,FundRock(野村愛爾蘭系列)
B780032,2026-02-17,101.17288970947266,美元,威廉博萊新興市場本地貨幣債券基金-J月配(美元),yfinance,貨幣市場,全球新興市場,B0355 展新投顧,FundRock(野村愛爾蘭系列)
B780032,2026-02-18,100.93932342529297,美元,威廉博萊新興市場本地貨幣債券基金-J月配(美元),yfinance,貨幣市場,全球新興市場,B0355 展新投顧,FundRock(野村愛爾蘭系列)
B780032,2026-02-19,100.63763427734375,美元,威廉博萊新興市場本地貨幣債券基金-J月配(美元),yfinance,貨幣市場,全球新興市場,B0355 展新投顧,FundRock(野村愛爾蘭系列)
B780032,2026-02-20,100.79334259033203,美元,威廉博萊新興市場本地貨幣債券基金-J月配(美元),yfinance,貨幣市場,全球新興市場,B0355 展新投顧,FundRock(野村愛爾蘭系列)
B780032,2026-02-23,100.95877838134766,美元,威廉博萊新興市場本地貨幣債券基金-J月配(美元),yfinance,貨幣市場,全球新興市場,B0355 展新投顧,FundRock(野村愛爾蘭系列)
B780032,2026-02-24,101.0755615234375,美元,威廉博萊新興市場本地貨幣債券基金-J月配(美元),yfinance,貨幣市場,全球新興市場,B0355 展新投顧,FundRock(野村愛爾蘭系列)
B780032,2026-02-25,101.48430633544922,美元,威廉博萊新興市場本地貨幣債券基金-J月配(美元),yfinance,貨幣市場,全球新興市場,B0355 展新投顧,FundRock(野村愛爾蘭系列)
B780032,2026-02-26,101.40644836425781,美元,威廉博萊新興市場本地貨幣債券基金-J月配(美元),yfinance,貨幣市場,全球新興市場,B0355 展新投顧,FundRock(野村愛爾蘭系列)
B780032,2026-02-27,101.36752319335938,美元,威廉博萊新興市場本地貨幣債券基金-J月配(美元),yfinance,貨幣市場,全球新興市場,B0355 展新投顧,FundRock(野村愛爾蘭系列)
B780032,2026-03-02,100.13156127929688,美元,威廉博萊新興市場本地貨幣債券基金-J月配(美元),yfinance,貨幣市場,全球新興市場,B0355 展新投顧,FundRock(野村愛爾蘭系列)
B780032,2026-03-03,98.61339569091797,美元,威廉博萊新興市場本地貨幣債券基金-J月配(美元),yfinance,貨幣市場,全球新興市場,B0355 展新投顧,FundRock(野村愛爾蘭系列)
B780032,2026-03-04,98.95247650146484,美元,威廉博萊新興市場本地貨幣債券基金-J月配(美元),yfinance,貨幣市場,全球新興市場,B0355 展新投顧,FundRock(野村愛爾蘭系列)
B780032,2026-03-05,98.31565856933594,美元,威廉博萊新興市場本地貨幣債券基金-J月配(美元),yfinance,貨幣市場,全球新興市場,B0355 展新投顧,FundRock(野村愛爾蘭系列)
B780032,2026-03-06,97.77680206298828,美元,威廉博萊新興市場本地貨幣債券基金-J月配(美元),yfinance,貨幣市場,全球新興市場,B0355 展新投顧,FundRock(野村愛爾蘭系列)
B780032,2026-03-09,97.50247955322266,美元,威廉博萊新興市場本地貨幣債券基金-J月配(美元),yfinance,貨幣市場,全球新興市場,B0355 展新投顧,FundRock(野村愛爾蘭系列)
B780032,2026-03-10,98.56058502197266,美元,威廉博萊新興市場本地貨幣債券基金-J月配(美元),yfinance,貨幣市場,全球新興市場,B0355 展新投顧,FundRock(野村愛爾蘭系列)
B780032,2026-03-11,98.17849731445312,美元,威廉博萊新興市場本地貨幣債券基金-J月配(美元),yfinance,貨幣市場,全球新興市場,B0355 展新投顧,FundRock(野村愛爾蘭系列)
B780032,2026-03-12,97.13018035888672,美元,威廉博萊新興市場本地貨幣債券基金-J月配(美元),yfinance,貨幣市場,全球新興市場,B0355 展新投顧,FundRock(野村愛爾蘭系列)
B780032,2026-03-13,96.17984771728516,美元,威廉博萊新興市場本地貨幣債券基金-J月配(美元),yfinance,貨幣市場,全球新興市場,B0355 展新投顧,FundRock(野村愛爾蘭系列)
B780032,2026-03-16,96.81666564941406,美元,威廉博萊新興市場本地貨幣債券基金-J月配(美元),yfinance,貨幣市場,全球新興市場,B0355 展新投顧,FundRock(野村愛爾蘭系列)
B780032,2026-03-17,97.2575454711914,美元,威廉博萊新興市場本地貨幣債券基金-J月配(美元),yfinance,貨幣市場,全球新興市場,B0355 展新投顧,FundRock(野村愛爾蘭系列)
B780032,2026-03-18,96.58154296875,美元,威廉博萊新興市場本地貨幣債券基金-J月配(美元),yfinance,貨幣市場,全球新興市場,B0355 展新投顧,FundRock(野村愛爾蘭系列)
B780032,2026-03-19,96.74809265136719,美元,威廉博萊新興市場本地貨幣債券基金-J月配(美元),yfinance,貨幣市場,全球新興市場,B0355 展新投顧,FundRock(野村愛爾蘭系列)
B780032,2026-03-20,95.71937561035156,美元,威廉博萊新興市場本地貨幣債券基金-J月配(美元),yfinance,貨幣市場,全球新興市場,B0355 展新投顧,FundRock(野村愛爾蘭系列)
B780032,2026-03-23,96.30721282958984,美元,威廉博萊新興市場本地貨幣債券基金-J月配(美元),yfinance,貨幣市場,全球新興市場,B0355 展新投顧,FundRock(野村愛爾蘭系列)
B780032,2026-03-24,96.13086700439453,美元,威廉博萊新興市場本地貨幣債券基金-J月配(美元),yfinance,貨幣市場,全球新興市場,B0355 展新投顧,FundRock(野村愛爾蘭系列)
B780032,2026-03-25,96.55215454101562,美元,威廉博萊新興市場本地貨幣債券基金-J月配(美元),yfinance,貨幣市場,全球新興市場,B0355 展新投顧,FundRock(野村愛爾蘭系列)
B780032,2026-03-26,95.89572143554688,美元,威廉博萊新興市場本地貨幣債券基金-J月配(美元),yfinance,貨幣市場,全球新興市場,B0355 展新投顧,FundRock(野村愛爾蘭系列)
B780032,2026-03-27,95.35687255859375,美元,威廉博萊新興市場本地貨幣債券基金-J月配(美元),yfinance,貨幣市場,全球新興市場,B0355 展新投顧,FundRock(野村愛爾蘭系列)
B780032,2026-03-30,95.0041732788086,美元,威廉博萊新興市場本地貨幣債券基金-J月配(美元),yfinance,貨幣市場,全球新興市場,B0355 展新投顧,FundRock(野村愛爾蘭系列)
B780032,2026-03-31,95.6115951538086,美元,威廉博萊新興市場本地貨幣債券基金-J月配(美元),yfinance,貨幣市場,全球新興市場,B0355 展新投顧,FundRock(野村愛爾蘭系列)
B780032,2026-04-01,96.41499328613281,美元,威廉博萊新興市場本地貨幣債券基金-J月配(美元),yfinance,貨幣市場,全球新興市場,B0355 展新投顧,FundRock(野村愛爾蘭系列)
B780032,2026-04-02,96.17984771728516,美元,威廉博萊新興市場本地貨幣債券基金-J月配(美元),yfinance,貨幣市場,全球新興市場,B0355 展新投顧,FundRock(野村愛爾蘭系列)
B780032,2026-04-07,95.85652923583984,美元,威廉博萊新興市場本地貨幣債券基金-J月配(美元),yfinance,貨幣市場,全球新興市場,B0355 展新投顧,FundRock(野村愛爾蘭系列)
B780032,2026-04-08,98.03153228759766,美元,威廉博萊新興市場本地貨幣債券基金-J月配(美元),yfinance,貨幣市場,全球新興市場,B0355 展新投顧,FundRock(野村愛爾蘭系列)
B780032,2026-04-09,98.11970520019531,美元,威廉博萊新興市場本地貨幣債券基金-J月配(美元),yfinance,貨幣市場,全球新興市場,B0355 展新投顧,FundRock(野村愛爾蘭系列)
B780032,2026-04-10,98.49200439453125,美元,威廉博萊新興市場本地貨幣債券基金-J月配(美元),yfinance,貨幣市場,全球新興市場,B0355 展新投顧,FundRock(野村愛爾蘭系列)
B780032,2026-04-13,98.68795013427734,美元,威廉博萊新興市場本地貨幣債券基金-J月配(美元),yfinance,貨幣市場,全球新興市場,B0355 展新投顧,FundRock(野村愛爾蘭系列)
B780032,2026-04-14,99.10923767089844,美元,威廉博萊新興市場本地貨幣債券基金-J月配(美元),yfinance,貨幣市場,全球新興市場,B0355 展新投顧,FundRock(野村愛爾蘭系列)
B780032,2026-04-15,99.10923767089844,美元,威廉博萊新興市場本地貨幣債券基金-J月配(美元),yfinance,貨幣市場,全球新興市場,B0355 展新投顧,FundRock(野村愛爾蘭系列)
B780032,2026-04-16,98.9720687866211,美元,威廉博萊新興市場本地貨幣債券基金-J月配(美元),yfinance,貨幣市場,全球新興市場,B0355 展新投顧,FundRock(野村愛爾蘭系列)
B780032,2026-04-17,99.41294860839844,美元,威廉博萊新興市場本地貨幣債券基金-J月配(美元),yfinance,貨幣市場,全球新興市場,B0355 展新投顧,FundRock(野村愛爾蘭系列)
B780032,2026-04-20,99.39335632324219,美元,威廉博萊新興市場本地貨幣債券基金-J月配(美元),yfinance,貨幣市場,全球新興市場,B0355 展新投顧,FundRock(野村愛爾蘭系列)
B780032,2026-04-21,99.00145721435547,美元,威廉博萊新興市場本地貨幣債券基金-J月配(美元),yfinance,貨幣市場,全球新興市場,B0355 展新投顧,FundRock(野村愛爾蘭系列)
B780032,2026-04-22,98.81531524658203,美元,威廉博萊新興市場本地貨幣債券基金-J月配(美元),yfinance,貨幣市場,全球新興市場,B0355 展新投顧,FundRock(野村愛爾蘭系列)
B780032,2026-04-23,98.13929748535156,美元,威廉博萊新興市場本地貨幣債券基金-J月配(美元),yfinance,貨幣市場,全球新興市場,B0355 展新投顧,FundRock(野村愛爾蘭系列)
B780032,2026-04-24,98.27645874023438,美元,威廉博萊新興市場本地貨幣債券基金-J月配(美元),yfinance,貨幣市場,全球新興市場,B0355 展新投顧,FundRock(野村愛爾蘭系列)
B780032,2026-04-27,98.10990905761719,美元,威廉博萊新興市場本地貨幣債券基金-J月配(美元),yfinance,貨幣市場,全球新興市場,B0355 展新投顧,FundRock(野村愛爾蘭系列)
B780032,2026-04-28,97.92375946044922,美元,威廉博萊新興市場本地貨幣債券基金-J月配(美元),yfinance,貨幣市場,全球新興市場,B0355 展新投顧,FundRock(野村愛爾蘭系列)
B780032,2026-04-29,97.19876098632812,美元,威廉博萊新興市場本地貨幣債券基金-J月配(美元),yfinance,貨幣市場,全球新興市場,B0355 展新投顧,FundRock(野村愛爾蘭系列)
B780032,2026-04-30,97.4828872680664,美元,威廉博萊新興市場本地貨幣債券基金-J月配(美元),yfinance,貨幣市場,全球新興市場,B0355 展新投顧,FundRock(野村愛爾蘭系列)
B780032,2026-05-04,97.08119201660156,美元,威廉博萊新興市場本地貨幣債券基金-J月配(美元),yfinance,貨幣市場,全球新興市場,B0355 展新投顧,FundRock(野村愛爾蘭系列)
B780032,2026-05-05,97.18896484375,美元,威廉博萊新興市場本地貨幣債券基金-J月配(美元),yfinance,貨幣市場,全球新興市場,B0355 展新投顧,FundRock(野村愛爾蘭系列)
B780032,2026-05-06,98.2603530883789,美元,威廉博萊新興市場本地貨幣債券基金-J月配(美元),yfinance,貨幣市場,全球新興市場,B0355 展新投顧,FundRock(野村愛爾蘭系列)
B780032,2026-05-07,98.4576416015625,美元,威廉博萊新興市場本地貨幣債券基金-J月配(美元),yfinance,貨幣市場,全球新興市場,B0355 展新投顧,FundRock(野村愛爾蘭系列)
B780032,2026-05-08,98.57601928710938,美元,威廉博萊新興市場本地貨幣債券基金-J月配(美元),yfinance,貨幣市場,全球新興市場,B0355 展新投顧,FundRock(野村愛爾蘭系列)
B780032,2026-05-11,98.18143463134766,美元,威廉博萊新興市場本地貨幣債券基金-J月配(美元),yfinance,貨幣市場,全球新興市場,B0355 展新投顧,FundRock(野村愛爾蘭系列)
B780032,2026-05-12,97.78684997558594,美元,威廉博萊新興市場本地貨幣債券基金-J月配(美元),yfinance,貨幣市場,全球新興市場,B0355 展新投顧,FundRock(野村愛爾蘭系列)
B780032,2026-05-13,97.61915588378906,美元,威廉博萊新興市場本地貨幣債券基金-J月配(美元),yfinance,貨幣市場,全球新興市場,B0355 展新投顧,FundRock(野村愛爾蘭系列)
B780032,2026-05-15,96.60311126708984,美元,威廉博萊新興市場本地貨幣債券基金-J月配(美元),yfinance,貨幣市場,全球新興市場,B0355 展新投顧,FundRock(野村愛爾蘭系列)
B780032,2026-05-18,96.62284851074219,美元,威廉博萊新興市場本地貨幣債券基金-J月配(美元),yfinance,貨幣市場,全球新興市場,B0355 展新投顧,FundRock(野村愛爾蘭系列)
B780032,2026-05-19,96.05071258544922,美元,威廉博萊新興市場本地貨幣債券基金-J月配(美元),yfinance,貨幣市場,全球新興市場,B0355 展新投顧,FundRock(野村愛爾蘭系列)
B780032,2026-05-20,96.66230010986328,美元,威廉博萊新興市場本地貨幣債券基金-J月配(美元),yfinance,貨幣市場,全球新興市場,B0355 展新投顧,FundRock(野村愛爾蘭系列)
B780032,2026-05-21,96.9089126586914,美元,威廉博萊新興市場本地貨幣債券基金-J月配(美元),yfinance,貨幣市場,全球新興市場,B0355 展新投顧,FundRock(野村愛爾蘭系列)
B780032,2026-05-22,96.97796630859375,美元,威廉博萊新興市場本地貨幣債券基金-J月配(美元),yfinance,貨幣市場,全球新興市場,B0355 展新投顧,FundRock(野村愛爾蘭系列)
B780032,2026-05-26,97.53038787841797,美元,威廉博萊新興市場本地貨幣債券基金-J月配(美元),yfinance,貨幣市場,全球新興市場,B0355 展新投顧,FundRock(野村愛爾蘭系列)
B780032,2026-05-27,97.56983947753906,美元,威廉博萊新興市場本地貨幣債券基金-J月配(美元),yfinance,貨幣市場,全球新興市場,B0355 展新投顧,FundRock(野村愛爾蘭系列)
B780032,2026-05-28,97.75726318359375,美元,威廉博萊新興市場本地貨幣債券基金-J月配(美元),yfinance,貨幣市場,全球新興市場,B0355 展新投顧,FundRock(野村愛爾蘭系列)
B780032,2026-05-29,97.88550567626953,美元,威廉博萊新興市場本地貨幣債券基金-J月配(美元),yfinance,貨幣市場,全球新興市場,B0355 展新投顧,FundRock(野村愛爾蘭系列)
B780032,2026-06-01,98.12225341796875,美元,威廉博萊新興市場本地貨幣債券基金-J月配(美元),yfinance,貨幣市場,全球新興市場,B0355 展新投顧,FundRock(野村愛爾蘭系列)
B780032,2026-06-02,98.36885833740234,美元,威廉博萊新興市場本地貨幣債券基金-J月配(美元),yfinance,貨幣市場,全球新興市場,B0355 展新投顧,FundRock(野村愛爾蘭系列)
B780032,2026-06-03,97.84852600097656,美元,威廉博萊新興市場本地貨幣債券基金-J月配(美元),yfinance,貨幣市場,全球新興市場,B0355 展新投顧,FundRock(野村愛爾蘭系列)
B780032,2026-06-04,97.87833404541016,美元,威廉博萊新興市場本地貨幣債券基金-J月配(美元),yfinance,貨幣市場,全球新興市場,B0355 展新投顧,FundRock(野村愛爾蘭系列)
B780032,2026-06-05,97.09371185302734,美元,威廉博萊新興市場本地貨幣債券基金-J月配(美元),yfinance,貨幣市場,全球新興市場,B0355 展新投顧,FundRock(野村愛爾蘭系列)
B780032,2026-06-08,96.60704803466797,美元,威廉博萊新興市場本地貨幣債券基金-J月配(美元),yfinance,貨幣市場,全球新興市場,B0355 展新投顧,FundRock(野村愛爾蘭系列)
B780032,2026-06-09,96.99440002441406,美元,威廉博萊新興市場本地貨幣債券基金-J月配(美元),yfinance,貨幣市場,全球新興市場,B0355 展新投顧,FundRock(野村愛爾蘭系列)
B780032,2026-06-10,97.08377838134766,美元,威廉博萊新興市場本地貨幣債券基金-J月配(美元),yfinance,貨幣市場,全球新興市場,B0355 展新投顧,FundRock(野村愛爾蘭系列)
B780032,2026-06-11,97.82866668701172,美元,威廉博萊新興市場本地貨幣債券基金-J月配(美元),yfinance,貨幣市場,全球新興市場,B0355 展新投顧,FundRock(野村愛爾蘭系列)
B780032,2026-06-12,98.48417663574219,美元,威廉博萊新興市場本地貨幣債券基金-J月配(美元),yfinance,貨幣市場,全球新興市場,B0355 展新投顧,FundRock(野村愛爾蘭系列)
B780032,2026-06-15,99.1893310546875,美元,威廉博萊新興市場本地貨幣債券基金-J月配(美元),yfinance,貨幣市場,全球新興市場,B0355 展新投顧,FundRock(野村愛爾蘭系列)
B780032,2026-06-16,99.39790344238281,美元,威廉博萊新興市場本地貨幣債券基金-J月配(美元),yfinance,貨幣市場,全球新興市場,B0355 展新投顧,FundRock(野村愛爾蘭系列)
B780032,2026-06-17,98.831787109375,美元,威廉博萊新興市場本地貨幣債券基金-J月配(美元),yfinance,貨幣市場,全球新興市場,B0355 展新投顧,FundRock(野村愛爾蘭系列)
B780032,2026-06-18,98.42457580566406,美元,威廉博萊新興市場本地貨幣債券基金-J月配(美元),yfinance,貨幣市場,全球新興市場,B0355 展新投顧,FundRock(野村愛爾蘭系列)
B780032,2026-06-22,98.16634368896484,美元,威廉博萊新興市場本地貨幣債券基金-J月配(美元),yfinance,貨幣市場,全球新興市場,B0355 展新投顧,FundRock(野村愛爾蘭系列)
B780032,2026-06-24,97.60023498535156,美元,威廉博萊新興市場本地貨幣債券基金-J月配(美元),yfinance,貨幣市場,全球新興市場,B0355 展新投顧,FundRock(野村愛爾蘭系列)
B780032,2026-06-25,98.04717254638672,美元,威廉博萊新興市場本地貨幣債券基金-J月配(美元),yfinance,貨幣市場,全球新興市場,B0355 展新投顧,FundRock(野村愛爾蘭系列)
B780032,2026-06-26,98.31532287597656,美元,威廉博萊新興市場本地貨幣債券基金-J月配(美元),yfinance,貨幣市場,全球新興市場,B0355 展新投顧,FundRock(野村愛爾蘭系列)
B780032,2026-06-29,98.48417663574219,美元,威廉博萊新興市場本地貨幣債券基金-J月配(美元),yfinance,貨幣市場,全球新興市場,B0355 展新投顧,FundRock(野村愛爾蘭系列)
B780032,2026-06-30,98.29546356201172,美元,威廉博萊新興市場本地貨幣債券基金-J月配(美元),yfinance,貨幣市場,全球新興市場,B0355 展新投顧,FundRock(野村愛爾蘭系列)
B780032,2026-07-01,98.12662506103516,美元,威廉博萊新興市場本地貨幣債券基金-J月配(美元),yfinance,貨幣市場,全球新興市場,B0355 展新投顧,FundRock(野村愛爾蘭系列)
B780032,2026-07-02,98.52389526367188,美元,威廉博萊新興市場本地貨幣債券基金-J月配(美元),yfinance,貨幣市場,全球新興市場,B0355 展新投顧,FundRock(野村愛爾蘭系列)
B780032,2026-07-06,98.77999877929688,美元,威廉博萊新興市場本地貨幣債券基金-J月配(美元),yfinance,貨幣市場,全球新興市場,B0355 展新投顧,FundRock(野村愛爾蘭系列)
B780032,2026-07-07,98.66000366210938,美元,威廉博萊新興市場本地貨幣債券基金-J月配(美元),yfinance,貨幣市場,全球新興市場,B0355 展新投顧,FundRock(野村愛爾蘭系列)
B780032,2026-07-08,98.1500015258789,美元,威廉博萊新興市場本地貨幣債券基金-J月配(美元),yfinance,貨幣市場,全球新興市場,B0355 展新投顧,FundRock(野村愛爾蘭系列)
B780032,2026-07-09,98.4000015258789,美元,威廉博萊新興市場本地貨幣債券基金-J月配(美元),yfinance,貨幣市場,全球新興市場,B0355 展新投顧,FundRock(野村愛爾蘭系列)
B780032,2026-07-10,98.80999755859375,美元,威廉博萊新興市場本地貨幣債券基金-J月配(美元),yfinance,貨幣市場,全球新興市場,B0355 展新投顧,FundRock(野村愛爾蘭系列)
B780032,2026-07-13,98.33000183105469,美元,威廉博萊新興市場本地貨幣債券基金-J月配(美元),yfinance,貨幣市場,全球新興市場,B0355 展新投顧,FundRock(野村愛爾蘭系列)
B780032,2026-07-14,98.38999938964844,美元,威廉博萊新興市場本地貨幣債券基金-J月配(美元),yfinance,貨幣市場,全球新興市場,B0355 展新投顧,FundRock(野村愛爾蘭系列)
B780032,2026-07-15,98.62000274658203,美元,威廉博萊新興市場本地貨幣債券基金-J月配(美元),yfinance,貨幣市場,全球新興市場,B0355 展新投顧,FundRock(野村愛爾蘭系列)
B780032,2026-07-16,98.43000030517578,美元,威廉博萊新興市場本地貨幣債券基金-J月配(美元),yfinance,貨幣市場,全球新興市場,B0355 展新投顧,FundRock(野村愛爾蘭系列)
B780032,2026-07-20,98.06999969482422,美元,威廉博萊新興市場本地貨幣債券基金-J月配(美元),yfinance,貨幣市場,全球新興市場,B0355 展新投顧,FundRock(野村愛爾蘭系列)
B780032,2026-07-21,98.12999725341797,美元,威廉博萊新興市場本地貨幣債券基金-J月配(美元),yfinance,貨幣市場,全球新興市場,B0355 展新投顧,FundRock(野村愛爾蘭系列)
B780032,2026-07-22,97.9800033569336,美元,威廉博萊新興市場本地貨幣債券基金-J月配(美元),yfinance,貨幣市場,全球新興市場,B0355 展新投顧,FundRock(野村愛爾蘭系列)
B780032,2026-07-23,97.2699966430664,美元,威廉博萊新興市場本地貨幣債券基金-J月配(美元),yfinance,貨幣市場,全球新興市場,B0355 展新投顧,FundRock(野村愛爾蘭系列)
B780032,2026-07-24,97.4000015258789,美元,威廉博萊新興市場本地貨幣債券基金-J月配(美元),yfinance,貨幣市場,全球新興市場,B0355 展新投顧,FundRock(野村愛爾蘭系列)
B780032,2026-07-27,97.88999938964844,美元,威廉博萊新興市場本地貨幣債券基金-J月配(美元),yfinance,貨幣市場,全球新興市場,B0355 展新投顧,FundRock(野村愛爾蘭系列)
B780032,2026-07-28,97.9800033569336,美元,威廉博萊新興市場本地貨幣債券基金-J月配(美元),yfinance,貨幣市場,全球新興市場,B0355 展新投顧,FundRock(野村愛爾蘭系列)
B780032,2026-07-29,98.01000213623047,美元,威廉博萊新興市場本地貨幣債券基金-J月配(美元),yfinance,貨幣市場,全球新興市場,B0355 展新投顧,FundRock(野村愛爾蘭系列)
B780032,2026-07-30,98.68000030517578,美元,威廉博萊新興市場本地貨幣債券基金-J月配(美元),yfinance,貨幣市場,全球新興市場,B0355 展新投顧,FundRock(野村愛爾蘭系列)
B780032,2026-07-31,98.7300033569336,美元,威廉博萊新興市場本地貨幣債券基金-J月配(美元),yfinance,貨幣市場,全球新興市場,B0355 展新投顧,FundRock(野村愛爾蘭系列)
B780032,2026-08-03,98.7699966430664,美元,威廉博萊新興市場本地貨幣債券基金-J月配(美元),yfinance,貨幣市場,全球新興市場,B0355 展新投顧,FundRock(野村愛爾蘭系列)
B780032,2026-08-04,99.12999725341797,美元,威廉博萊新興市場本地貨幣債券基金-J月配(美元),yfinance,貨幣市場,全球新興市場,B0355 展新投顧,FundRock(野村愛爾蘭系列)
B780032,2026-08-05,98.80000305175781,美元,威廉博萊新興市場本地貨幣債券基金-J月配(美元),yfinance,貨幣市場,全球新興市場,B0355 展新投顧,FundRock(野村愛爾蘭系列)
B780032,2026-08-06,98.79000091552734,美元,威廉博萊新興市場本地貨幣債券基金-J月配(美元),yfinance,貨幣市場,全球新興市場,B0355 展新投顧,FundRock(野村愛爾蘭系列)
B780032,2026-08-07,99.16000366210938,美元,威廉博萊新興市場本地貨幣債券基金-J月配(美元),yfinance,貨幣市場,全球新興市場,B0355 展新投顧,FundRock(野村愛爾蘭系列)
B780032,2026-08-10,99.08999633789062,美元,威廉博萊新興市場本地貨幣債券基金-J月配(美元),yfinance,貨幣市場,全球新興市場,B0355 展新投顧,FundRock(野村愛爾蘭系列)
B780032,2026-08-11,98.81999969482422,美元,威廉博萊新興市場本地貨幣債券基金-J月配(美元),yfinance,貨幣市場,全球新興市場,B0355 展新投顧,FundRock(野村愛爾蘭系列)
B780032,2026-08-12,98.87999725341797,美元,威廉博萊新興市場本地貨幣債券基金-J月配(美元),yfinance,貨幣市場,全球新興市場,B0355 展新投顧,FundRock(野村愛爾蘭系列)
B780032,2026-08-13,99.04000091552734,美元,威廉博萊新興市場本地貨幣債券基金-J月配(美元),yfinance,貨幣市場,全球新興市場,B0355 展新投顧,FundRock(野村愛爾蘭系列)
B780032,2026-08-14,99.06999969482422,美元,威廉博萊新興市場本地貨幣債券基金-J月配(美元),yfinance,貨幣市場,全球新興市場,B0355 展新投顧,FundRock(野村愛爾蘭系列)
B780032,2026-08-17,99.08999633789062,美元,威廉博萊新興市場本地貨幣債券基金-J月配(美元),yfinance,貨幣市場,全球新興市場,B0355 展新投顧,FundRock(野村愛爾蘭系列)
B090591,2026-05-18,10.045512199401855,美元,貝萊德美國靈活股票基金B10 美元(總報酬穩定配息),yfinance,股票型,美國,A0031 貝萊德投信,貝萊德
B090591,2026-05-19,9.877593040466309,美元,貝萊德美國靈活股票基金B10 美元(總報酬穩定配息),yfinance,股票型,美國,A0031 貝萊德投信,貝萊德
B090591,2026-05-20,9.946736335754395,美元,貝萊德美國靈活股票基金B10 美元(總報酬穩定配息),yfinance,股票型,美國,A0031 貝萊德投信,貝萊德
B090591,2026-05-21,9.996124267578125,美元,貝萊德美國靈活股票基金B10 美元(總報酬穩定配息),yfinance,股票型,美國,A0031 貝萊德投信,貝萊德
B090591,2026-05-22,10.094900131225586,美元,貝萊德美國靈活股票基金B10 美元(總報酬穩定配息),yfinance,股票型,美國,A0031 貝萊德投信,貝萊德
B090591,2026-05-26,10.213431358337402,美元,貝萊德美國靈活股票基金B10 美元(總報酬穩定配息),yfinance,股票型,美國,A0031 貝萊德投信,貝萊德
B090591,2026-05-27,10.223309516906738,美元,貝萊德美國靈活股票基金B10 美元(總報酬穩定配息),yfinance,股票型,美國,A0031 貝萊德投信,貝萊德
B090591,2026-05-28,10.193675994873047,美元,貝萊德美國靈活股票基金B10 美元(總報酬穩定配息),yfinance,股票型,美國,A0031 貝萊德投信,貝萊德
B090591,2026-05-29,10.303969383239746,美元,貝萊德美國靈活股票基金B10 美元(總報酬穩定配息),yfinance,股票型,美國,A0031 貝萊德投信,貝萊德
B090591,2026-06-01,10.184733390808105,美元,貝萊德美國靈活股票基金B10 美元(總報酬穩定配息),yfinance,股票型,美國,A0031 貝萊德投信,貝萊德
B090591,2026-06-02,10.254287719726562,美元,貝萊德美國靈活股票基金B10 美元(總報酬穩定配息),yfinance,股票型,美國,A0031 貝萊德投信,貝萊德
B090591,2026-06-03,10.244352340698242,美元,貝萊德美國靈活股票基金B10 美元(總報酬穩定配息),yfinance,股票型,美國,A0031 貝萊德投信,貝萊德
B090591,2026-06-04,10.105242729187012,美元,貝萊德美國靈活股票基金B10 美元(總報酬穩定配息),yfinance,股票型,美國,A0031 貝萊德投信,貝萊德
B090591,2026-06-05,10.005879402160645,美元,貝萊德美國靈活股票基金B10 美元(總報酬穩定配息),yfinance,股票型,美國,A0031 貝萊德投信,貝萊德
B090591,2026-06-08,9.866771697998047,美元,貝萊德美國靈活股票基金B10 美元(總報酬穩定配息),yfinance,股票型,美國,A0031 貝萊德投信,貝萊德
B090591,2026-06-09,9.956198692321777,美元,貝萊德美國靈活股票基金B10 美元(總報酬穩定配息),yfinance,股票型,美國,A0031 貝萊德投信,貝萊德
B090591,2026-06-10,9.80715274810791,美元,貝萊德美國靈活股票基金B10 美元(總報酬穩定配息),yfinance,股票型,美國,A0031 貝萊德投信,貝萊德
B090591,2026-06-11,9.727663040161133,美元,貝萊德美國靈活股票基金B10 美元(總報酬穩定配息),yfinance,股票型,美國,A0031 貝萊德投信,貝萊德
B090591,2026-06-12,9.866771697998047,美元,貝萊德美國靈活股票基金B10 美元(總報酬穩定配息),yfinance,股票型,美國,A0031 貝萊德投信,貝萊德
B090591,2026-06-15,10.135051727294922,美元,貝萊德美國靈活股票基金B10 美元(總報酬穩定配息),yfinance,股票型,美國,A0031 貝萊德投信,貝萊德
B090591,2026-06-16,10.174797058105469,美元,貝萊德美國靈活股票基金B10 美元(總報酬穩定配息),yfinance,股票型,美國,A0031 貝萊德投信,貝萊德
B090591,2026-06-17,10.075434684753418,美元,貝萊德美國靈活股票基金B10 美元(總報酬穩定配息),yfinance,股票型,美國,A0031 貝萊德投信,貝萊德
B090591,2026-06-18,10.085370063781738,美元,貝萊德美國靈活股票基金B10 美元(總報酬穩定配息),yfinance,股票型,美國,A0031 貝萊德投信,貝萊德
B090591,2026-06-22,10.164860725402832,美元,貝萊德美國靈活股票基金B10 美元(總報酬穩定配息),yfinance,股票型,美國,A0031 貝萊德投信,貝萊德
B090591,2026-06-24,9.966134071350098,美元,貝萊德美國靈活股票基金B10 美元(總報酬穩定配息),yfinance,股票型,美國,A0031 貝萊德投信,貝萊德
B090591,2026-06-25,9.906517028808594,美元,貝萊德美國靈活股票基金B10 美元(總報酬穩定配息),yfinance,股票型,美國,A0031 貝萊德投信,貝萊德
B090591,2026-06-26,9.906517028808594,美元,貝萊德美國靈活股票基金B10 美元(總報酬穩定配息),yfinance,股票型,美國,A0031 貝萊德投信,貝萊德
B090591,2026-06-29,9.94626235961914,美元,貝萊德美國靈活股票基金B10 美元(總報酬穩定配息),yfinance,股票型,美國,A0031 貝萊德投信,貝萊德
B090591,2026-06-30,10.065498352050781,美元,貝萊德美國靈活股票基金B10 美元(總報酬穩定配息),yfinance,股票型,美國,A0031 貝萊德投信,貝萊德
B090591,2026-07-01,10.065498352050781,美元,貝萊德美國靈活股票基金B10 美元(總報酬穩定配息),yfinance,股票型,美國,A0031 貝萊德投信,貝萊德
B090591,2026-07-02,10.065498352050781,美元,貝萊德美國靈活股票基金B10 美元(總報酬穩定配息),yfinance,股票型,美國,A0031 貝萊德投信,貝萊德
B090591,2026-07-06,9.966134071350098,美元,貝萊德美國靈活股票基金B10 美元(總報酬穩定配息),yfinance,股票型,美國,A0031 貝萊德投信,貝萊德
B090591,2026-07-07,9.866771697998047,美元,貝萊德美國靈活股票基金B10 美元(總報酬穩定配息),yfinance,股票型,美國,A0031 貝萊德投信,貝萊德
B090591,2026-07-08,9.8270263671875,美元,貝萊德美國靈活股票基金B10 美元(總報酬穩定配息),yfinance,股票型,美國,A0031 貝萊德投信,貝萊德
B090591,2026-07-09,9.966134071350098,美元,貝萊德美國靈活股票基金B10 美元(總報酬穩定配息),yfinance,股票型,美國,A0031 貝萊德投信,貝萊德
B090591,2026-07-10,9.976070404052734,美元,貝萊德美國靈活股票基金B10 美元(總報酬穩定配息),yfinance,股票型,美國,A0031 貝萊德投信,貝萊德
B090591,2026-07-13,9.956198692321777,美元,貝萊德美國靈活股票基金B10 美元(總報酬穩定配息),yfinance,股票型,美國,A0031 貝萊德投信,貝萊德
B090591,2026-07-14,9.956198692321777,美元,貝萊德美國靈活股票基金B10 美元(總報酬穩定配息),yfinance,股票型,美國,A0031 貝萊德投信,貝萊德
B090591,2026-07-15,9.936325073242188,美元,貝萊德美國靈活股票基金B10 美元(總報酬穩定配息),yfinance,股票型,美國,A0031 貝萊德投信,貝萊德
B090591,2026-07-16,9.8270263671875,美元,貝萊德美國靈活股票基金B10 美元(總報酬穩定配息),yfinance,股票型,美國,A0031 貝萊德投信,貝萊德
B090591,2026-07-17,9.638236045837402,美元,貝萊德美國靈活股票基金B10 美元(總報酬穩定配息),yfinance,股票型,美國,A0031 貝萊德投信,貝萊德
B090591,2026-07-20,9.73759937286377,美元,貝萊德美國靈活股票基金B10 美元(總報酬穩定配息),yfinance,股票型,美國,A0031 貝萊德投信,貝萊德
B090591,2026-07-21,9.80715274810791,美元,貝萊德美國靈活股票基金B10 美元(總報酬穩定配息),yfinance,股票型,美國,A0031 貝萊德投信,貝萊德
B090591,2026-07-22,9.876707077026367,美元,貝萊德美國靈活股票基金B10 美元(總報酬穩定配息),yfinance,股票型,美國,A0031 貝萊德投信,貝萊德
B090591,2026-07-23,9.747535705566406,美元,貝萊德美國靈活股票基金B10 美元(總報酬穩定配息),yfinance,股票型,美國,A0031 貝萊德投信,貝萊德
B090591,2026-07-24,9.658108711242676,美元,貝萊德美國靈活股票基金B10 美元(總報酬穩定配息),yfinance,股票型,美國,A0031 貝萊德投信,貝萊德
B090591,2026-07-27,9.618363380432129,美元,貝萊德美國靈活股票基金B10 美元(總報酬穩定配息),yfinance,股票型,美國,A0031 貝萊德投信,貝萊德
B090591,2026-07-28,9.409700393676758,美元,貝萊德美國靈活股票基金B10 美元(總報酬穩定配息),yfinance,股票型,美國,A0031 貝萊德投信,貝萊德
B090591,2026-07-29,9.439509391784668,美元,貝萊德美國靈活股票基金B10 美元(總報酬穩定配息),yfinance,股票型,美國,A0031 貝萊德投信,貝萊德
B090591,2026-07-30,9.519000053405762,美元,貝萊德美國靈活股票基金B10 美元(總報酬穩定配息),yfinance,股票型,美國,A0031 貝萊德投信,貝萊德
B090591,2026-07-31,9.680000305175781,美元,貝萊德美國靈活股票基金B10 美元(總報酬穩定配息),yfinance,股票型,美國,A0031 貝萊德投信,貝萊德
B090591,2026-08-03,9.8100004196167,美元,貝萊德美國靈活股票基金B10 美元(總報酬穩定配息),yfinance,股票型,美國,A0031 貝萊德投信,貝萊德
B090591,2026-08-04,10.0,美元,貝萊德美國靈活股票基金B10 美元(總報酬穩定配息),yfinance,股票型,美國,A0031 貝萊德投信,貝萊德
B090591,2026-08-05,10.180000305175781,美元,貝萊德美國靈活股票基金B10 美元(總報酬穩定配息),yfinance,股票型,美國,A0031 貝萊德投信,貝萊德
B090591,2026-08-06,10.079999923706055,美元,貝萊德美國靈活股票基金B10 美元(總報酬穩定配息),yfinance,股票型,美國,A0031 貝萊德投信,貝萊德
B090591,2026-08-07,10.020000457763672,美元,貝萊德美國靈活股票基金B10 美元(總報酬穩定配息),yfinance,股票型,美國,A0031 貝萊德投信,貝萊德
B090591,2026-08-10,10.020000457763672,美元,貝萊德美國靈活股票基金B10 美元(總報酬穩定配息),yfinance,股票型,美國,A0031 貝萊德投信,貝萊德
B090591,2026-08-11,10.020000457763672,美元,貝萊德美國靈活股票基金B10 美元(總報酬穩定配息),yfinance,股票型,美國,A0031 貝萊德投信,貝萊德
B090591,2026-08-12,10.0600004196167,美元,貝萊德美國靈活股票基金B10 美元(總報酬穩定配息),yfinance,股票型,美國,A0031 貝萊德投信,貝萊德
B090591,2026-08-13,10.09000015258789,美元,貝萊德美國靈活股票基金B10 美元(總報酬穩定配息),yfinance,股票型,美國,A0031 貝萊德投信,貝萊德
B090591,2026-08-14,10.130000114440918,美元,貝萊德美國靈活股票基金B10 美元(總報酬穩定配息),yfinance,股票型,美國,A0031 貝萊德投信,貝萊德
B090591,2026-08-17,10.140000343322754,美元,貝萊德美國靈活股票基金B10 美元(總報酬穩定配息),yfinance,股票型,美國,A0031 貝萊德投信,貝萊德
B090591,2026-08-18,9.960000038146973,美元,貝萊德美國靈活股票基金B10 美元(總報酬穩定配息),yfinance,股票型,美國,A0031 貝萊德投信,貝萊德
B40009,2026-01-02,733.6715087890625,歐元,GAM Star歐洲股票基金累積單位-歐元,yfinance,股票型,歐洲(含歐元區),A0017 台中銀投信,GAM
B40009,2026-01-05,743.126708984375,歐元,GAM Star歐洲股票基金累積單位-歐元,yfinance,股票型,歐洲(含歐元區),A0017 台中銀投信,GAM
B40009,2026-01-06,748.915283203125,歐元,GAM Star歐洲股票基金累積單位-歐元,yfinance,股票型,歐洲(含歐元區),A0017 台中銀投信,GAM
B40009,2026-01-07,749.9241943359375,歐元,GAM Star歐洲股票基金累積單位-歐元,yfinance,股票型,歐洲(含歐元區),A0017 台中銀投信,GAM
B40009,2026-01-08,747.7427978515625,歐元,GAM Star歐洲股票基金累積單位-歐元,yfinance,股票型,歐洲(含歐元區),A0017 台中銀投信,GAM
B40009,2026-01-09,752.4284057617188,歐元,GAM Star歐洲股票基金累積單位-歐元,yfinance,股票型,歐洲(含歐元區),A0017 台中銀投信,GAM
B40009,2026-01-12,754.3776245117188,歐元,GAM Star歐洲股票基金累積單位-歐元,yfinance,股票型,歐洲(含歐元區),A0017 台中銀投信,GAM
B40009,2026-01-13,755.0570068359375,歐元,GAM Star歐洲股票基金累積單位-歐元,yfinance,股票型,歐洲(含歐元區),A0017 台中銀投信,GAM
B40009,2026-01-14,754.9913940429688,歐元,GAM Star歐洲股票基金累積單位-歐元,yfinance,股票型,歐洲(含歐元區),A0017 台中銀投信,GAM
B40009,2026-01-15,759.4201049804688,歐元,GAM Star歐洲股票基金累積單位-歐元,yfinance,股票型,歐洲(含歐元區),A0017 台中銀投信,GAM
B40009,2026-01-16,762.0772094726562,歐元,GAM Star歐洲股票基金累積單位-歐元,yfinance,股票型,歐洲(含歐元區),A0017 台中銀投信,GAM
B40009,2026-01-19,754.3615112304688,歐元,GAM Star歐洲股票基金累積單位-歐元,yfinance,股票型,歐洲(含歐元區),A0017 台中銀投信,GAM
B40009,2026-01-20,749.8118286132812,歐元,GAM Star歐洲股票基金累積單位-歐元,yfinance,股票型,歐洲(含歐元區),A0017 台中銀投信,GAM
B40009,2026-01-21,750.7968139648438,歐元,GAM Star歐洲股票基金累積單位-歐元,yfinance,股票型,歐洲(含歐元區),A0017 台中銀投信,GAM
B40009,2026-01-22,758.8364868164062,歐元,GAM Star歐洲股票基金累積單位-歐元,yfinance,股票型,歐洲(含歐元區),A0017 台中銀投信,GAM
B40009,2026-01-23,761.5106811523438,歐元,GAM Star歐洲股票基金累積單位-歐元,yfinance,股票型,歐洲(含歐元區),A0017 台中銀投信,GAM
B40009,2026-01-26,762.0435791015625,歐元,GAM Star歐洲股票基金累積單位-歐元,yfinance,股票型,歐洲(含歐元區),A0017 台中銀投信,GAM
B40009,2026-01-27,768.3931884765625,歐元,GAM Star歐洲股票基金累積單位-歐元,yfinance,股票型,歐洲(含歐元區),A0017 台中銀投信,GAM
B40009,2026-01-28,761.1674194335938,歐元,GAM Star歐洲股票基金累積單位-歐元,yfinance,股票型,歐洲(含歐元區),A0017 台中銀投信,GAM
B40009,2026-01-29,756.9166259765625,歐元,GAM Star歐洲股票基金累積單位-歐元,yfinance,股票型,歐洲(含歐元區),A0017 台中銀投信,GAM
B40009,2026-01-30,760.8436889648438,歐元,GAM Star歐洲股票基金累積單位-歐元,yfinance,股票型,歐洲(含歐元區),A0017 台中銀投信,GAM
B40009,2026-02-03,772.7482299804688,歐元,GAM Star歐洲股票基金累積單位-歐元,yfinance,股票型,歐洲(含歐元區),A0017 台中銀投信,GAM
B40009,2026-02-04,767.5494995117188,歐元,GAM Star歐洲股票基金累積單位-歐元,yfinance,股票型,歐洲(含歐元區),A0017 台中銀投信,GAM
B40009,2026-02-05,755.531005859375,歐元,GAM Star歐洲股票基金累積單位-歐元,yfinance,股票型,歐洲(含歐元區),A0017 台中銀投信,GAM
B40009,2026-02-06,765.6417846679688,歐元,GAM Star歐洲股票基金累積單位-歐元,yfinance,股票型,歐洲(含歐元區),A0017 台中銀投信,GAM
B40009,2026-02-09,772.1152954101562,歐元,GAM Star歐洲股票基金累積單位-歐元,yfinance,股票型,歐洲(含歐元區),A0017 台中銀投信,GAM
B40009,2026-02-10,767.8720092773438,歐元,GAM Star歐洲股票基金累積單位-歐元,yfinance,股票型,歐洲(含歐元區),A0017 台中銀投信,GAM
B40009,2026-02-11,770.4437255859375,歐元,GAM Star歐洲股票基金累積單位-歐元,yfinance,股票型,歐洲(含歐元區),A0017 台中銀投信,GAM
B40009,2026-02-12,763.2252807617188,歐元,GAM Star歐洲股票基金累積單位-歐元,yfinance,股票型,歐洲(含歐元區),A0017 台中銀投信,GAM
B40009,2026-02-13,762.3372192382812,歐元,GAM Star歐洲股票基金累積單位-歐元,yfinance,股票型,歐洲(含歐元區),A0017 台中銀投信,GAM
B40009,2026-02-16,765.8629760742188,歐元,GAM Star歐洲股票基金累積單位-歐元,yfinance,股票型,歐洲(含歐元區),A0017 台中銀投信,GAM
B40009,2026-02-17,768.0322875976562,歐元,GAM Star歐洲股票基金累積單位-歐元,yfinance,股票型,歐洲(含歐元區),A0017 台中銀投信,GAM
B40009,2026-02-18,781.0859985351562,歐元,GAM Star歐洲股票基金累積單位-歐元,yfinance,股票型,歐洲(含歐元區),A0017 台中銀投信,GAM
B40009,2026-02-19,774.0172729492188,歐元,GAM Star歐洲股票基金累積單位-歐元,yfinance,股票型,歐洲(含歐元區),A0017 台中銀投信,GAM
B40009,2026-02-20,776.317626953125,歐元,GAM Star歐洲股票基金累積單位-歐元,yfinance,股票型,歐洲(含歐元區),A0017 台中銀投信,GAM
B40009,2026-02-23,770.8906860351562,歐元,GAM Star歐洲股票基金累積單位-歐元,yfinance,股票型,歐洲(含歐元區),A0017 台中銀投信,GAM
B40009,2026-02-24,770.8839721679688,歐元,GAM Star歐洲股票基金累積單位-歐元,yfinance,股票型,歐洲(含歐元區),A0017 台中銀投信,GAM
B40009,2026-02-25,776.9578247070312,歐元,GAM Star歐洲股票基金累積單位-歐元,yfinance,股票型,歐洲(含歐元區),A0017 台中銀投信,GAM
B40009,2026-02-26,775.3720703125,歐元,GAM Star歐洲股票基金累積單位-歐元,yfinance,股票型,歐洲(含歐元區),A0017 台中銀投信,GAM
B40009,2026-02-27,772.0795288085938,歐元,GAM Star歐洲股票基金累積單位-歐元,yfinance,股票型,歐洲(含歐元區),A0017 台中銀投信,GAM
B40009,2026-03-02,761.1270141601562,歐元,GAM Star歐洲股票基金累積單位-歐元,yfinance,股票型,歐洲(含歐元區),A0017 台中銀投信,GAM
B40009,2026-03-03,736.794189453125,歐元,GAM Star歐洲股票基金累積單位-歐元,yfinance,股票型,歐洲(含歐元區),A0017 台中銀投信,GAM
B40009,2026-03-04,754.9207153320312,歐元,GAM Star歐洲股票基金累積單位-歐元,yfinance,股票型,歐洲(含歐元區),A0017 台中銀投信,GAM
B40009,2026-03-05,740.77880859375,歐元,GAM Star歐洲股票基金累積單位-歐元,yfinance,股票型,歐洲(含歐元區),A0017 台中銀投信,GAM
B40009,2026-03-06,732.2009887695312,歐元,GAM Star歐洲股票基金累積單位-歐元,yfinance,股票型,歐洲(含歐元區),A0017 台中銀投信,GAM
B40009,2026-03-09,727.2388916015625,歐元,GAM Star歐洲股票基金累積單位-歐元,yfinance,股票型,歐洲(含歐元區),A0017 台中銀投信,GAM
B40009,2026-03-10,750.1422729492188,歐元,GAM Star歐洲股票基金累積單位-歐元,yfinance,股票型,歐洲(含歐元區),A0017 台中銀投信,GAM
B40009,2026-03-11,743.653076171875,歐元,GAM Star歐洲股票基金累積單位-歐元,yfinance,股票型,歐洲(含歐元區),A0017 台中銀投信,GAM
B40009,2026-03-12,733.3870849609375,歐元,GAM Star歐洲股票基金累積單位-歐元,yfinance,股票型,歐洲(含歐元區),A0017 台中銀投信,GAM
B40009,2026-03-13,725.0615844726562,歐元,GAM Star歐洲股票基金累積單位-歐元,yfinance,股票型,歐洲(含歐元區),A0017 台中銀投信,GAM
B40009,2026-03-16,729.010009765625,歐元,GAM Star歐洲股票基金累積單位-歐元,yfinance,股票型,歐洲(含歐元區),A0017 台中銀投信,GAM
B40009,2026-03-18,731.952392578125,歐元,GAM Star歐洲股票基金累積單位-歐元,yfinance,股票型,歐洲(含歐元區),A0017 台中銀投信,GAM
B40009,2026-03-19,712.451904296875,歐元,GAM Star歐洲股票基金累積單位-歐元,yfinance,股票型,歐洲(含歐元區),A0017 台中銀投信,GAM
B40009,2026-03-20,698.7463989257812,歐元,GAM Star歐洲股票基金累積單位-歐元,yfinance,股票型,歐洲(含歐元區),A0017 台中銀投信,GAM
B40009,2026-03-23,708.2208862304688,歐元,GAM Star歐洲股票基金累積單位-歐元,yfinance,股票型,歐洲(含歐元區),A0017 台中銀投信,GAM
B40009,2026-03-24,710.4277954101562,歐元,GAM Star歐洲股票基金累積單位-歐元,yfinance,股票型,歐洲(含歐元區),A0017 台中銀投信,GAM
B40009,2026-03-25,721.8889770507812,歐元,GAM Star歐洲股票基金累積單位-歐元,yfinance,股票型,歐洲(含歐元區),A0017 台中銀投信,GAM
B40009,2026-03-26,711.2435302734375,歐元,GAM Star歐洲股票基金累積單位-歐元,yfinance,股票型,歐洲(含歐元區),A0017 台中銀投信,GAM
B40009,2026-03-27,700.552001953125,歐元,GAM Star歐洲股票基金累積單位-歐元,yfinance,股票型,歐洲(含歐元區),A0017 台中銀投信,GAM
B40009,2026-03-30,702.97412109375,歐元,GAM Star歐洲股票基金累積單位-歐元,yfinance,股票型,歐洲(含歐元區),A0017 台中銀投信,GAM
B40009,2026-03-31,711.27001953125,歐元,GAM Star歐洲股票基金累積單位-歐元,yfinance,股票型,歐洲(含歐元區),A0017 台中銀投信,GAM
B40009,2026-04-01,735.4569702148438,歐元,GAM Star歐洲股票基金累積單位-歐元,yfinance,股票型,歐洲(含歐元區),A0017 台中銀投信,GAM
B40009,2026-04-02,732.0368041992188,歐元,GAM Star歐洲股票基金累積單位-歐元,yfinance,股票型,歐洲(含歐元區),A0017 台中銀投信,GAM
B40009,2026-04-07,724.530029296875,歐元,GAM Star歐洲股票基金累積單位-歐元,yfinance,股票型,歐洲(含歐元區),A0017 台中銀投信,GAM
B40009,2026-04-08,764.5234985351562,歐元,GAM Star歐洲股票基金累積單位-歐元,yfinance,股票型,歐洲(含歐元區),A0017 台中銀投信,GAM
B40009,2026-04-09,763.0117797851562,歐元,GAM Star歐洲股票基金累積單位-歐元,yfinance,股票型,歐洲(含歐元區),A0017 台中銀投信,GAM
B40009,2026-04-10,766.7003173828125,歐元,GAM Star歐洲股票基金累積單位-歐元,yfinance,股票型,歐洲(含歐元區),A0017 台中銀投信,GAM
B40009,2026-04-13,764.5908813476562,歐元,GAM Star歐洲股票基金累積單位-歐元,yfinance,股票型,歐洲(含歐元區),A0017 台中銀投信,GAM
B40009,2026-04-14,773.9342041015625,歐元,GAM Star歐洲股票基金累積單位-歐元,yfinance,股票型,歐洲(含歐元區),A0017 台中銀投信,GAM
B40009,2026-04-15,769.4080200195312,歐元,GAM Star歐洲股票基金累積單位-歐元,yfinance,股票型,歐洲(含歐元區),A0017 台中銀投信,GAM
B40009,2026-04-16,765.9937133789062,歐元,GAM Star歐洲股票基金累積單位-歐元,yfinance,股票型,歐洲(含歐元區),A0017 台中銀投信,GAM
B40009,2026-04-17,777.9500732421875,歐元,GAM Star歐洲股票基金累積單位-歐元,yfinance,股票型,歐洲(含歐元區),A0017 台中銀投信,GAM
B40009,2026-04-20,770.103515625,歐元,GAM Star歐洲股票基金累積單位-歐元,yfinance,股票型,歐洲(含歐元區),A0017 台中銀投信,GAM
B40009,2026-04-21,759.4443969726562,歐元,GAM Star歐洲股票基金累積單位-歐元,yfinance,股票型,歐洲(含歐元區),A0017 台中銀投信,GAM
B40009,2026-04-22,759.4830932617188,歐元,GAM Star歐洲股票基金累積單位-歐元,yfinance,股票型,歐洲(含歐元區),A0017 台中銀投信,GAM
B40009,2026-04-23,760.3001708984375,歐元,GAM Star歐洲股票基金累積單位-歐元,yfinance,股票型,歐洲(含歐元區),A0017 台中銀投信,GAM
B40009,2026-04-24,755.6259765625,歐元,GAM Star歐洲股票基金累積單位-歐元,yfinance,股票型,歐洲(含歐元區),A0017 台中銀投信,GAM
B40009,2026-04-27,751.5100708007812,歐元,GAM Star歐洲股票基金累積單位-歐元,yfinance,股票型,歐洲(含歐元區),A0017 台中銀投信,GAM
B40009,2026-04-28,748.2697143554688,歐元,GAM Star歐洲股票基金累積單位-歐元,yfinance,股票型,歐洲(含歐元區),A0017 台中銀投信,GAM
B40009,2026-04-29,746.3759765625,歐元,GAM Star歐洲股票基金累積單位-歐元,yfinance,股票型,歐洲(含歐元區),A0017 台中銀投信,GAM
B40009,2026-04-30,757.659912109375,歐元,GAM Star歐洲股票基金累積單位-歐元,yfinance,股票型,歐洲(含歐元區),A0017 台中銀投信,GAM
B40009,2026-05-05,760.5025024414062,歐元,GAM Star歐洲股票基金累積單位-歐元,yfinance,股票型,歐洲(含歐元區),A0017 台中銀投信,GAM
B40009,2026-05-06,782.6129150390625,歐元,GAM Star歐洲股票基金累積單位-歐元,yfinance,股票型,歐洲(含歐元區),A0017 台中銀投信,GAM
B40009,2026-05-07,772.702880859375,歐元,GAM Star歐洲股票基金累積單位-歐元,yfinance,股票型,歐洲(含歐元區),A0017 台中銀投信,GAM
B40009,2026-05-08,767.8386840820312,歐元,GAM Star歐洲股票基金累積單位-歐元,yfinance,股票型,歐洲(含歐元區),A0017 台中銀投信,GAM
B40009,2026-05-11,770.0357055664062,歐元,GAM Star歐洲股票基金累積單位-歐元,yfinance,股票型,歐洲(含歐元區),A0017 台中銀投信,GAM
B40009,2026-05-12,758.19482421875,歐元,GAM Star歐洲股票基金累積單位-歐元,yfinance,股票型,歐洲(含歐元區),A0017 台中銀投信,GAM
B40009,2026-05-13,768.3753051757812,歐元,GAM Star歐洲股票基金累積單位-歐元,yfinance,股票型,歐洲(含歐元區),A0017 台中銀投信,GAM
B40009,2026-05-14,774.8460083007812,歐元,GAM Star歐洲股票基金累積單位-歐元,yfinance,股票型,歐洲(含歐元區),A0017 台中銀投信,GAM
B40009,2026-05-15,755.7429809570312,歐元,GAM Star歐洲股票基金累積單位-歐元,yfinance,股票型,歐洲(含歐元區),A0017 台中銀投信,GAM
B40009,2026-05-18,760.5482788085938,歐元,GAM Star歐洲股票基金累積單位-歐元,yfinance,股票型,歐洲(含歐元區),A0017 台中銀投信,GAM
B40009,2026-05-19,756.4827880859375,歐元,GAM Star歐洲股票基金累積單位-歐元,yfinance,股票型,歐洲(含歐元區),A0017 台中銀投信,GAM
B40009,2026-05-20,773.0371704101562,歐元,GAM Star歐洲股票基金累積單位-歐元,yfinance,股票型,歐洲(含歐元區),A0017 台中銀投信,GAM
B40009,2026-05-21,773.6981811523438,歐元,GAM Star歐洲股票基金累積單位-歐元,yfinance,股票型,歐洲(含歐元區),A0017 台中銀投信,GAM
B40009,2026-05-22,783.6732177734375,歐元,GAM Star歐洲股票基金累積單位-歐元,yfinance,股票型,歐洲(含歐元區),A0017 台中銀投信,GAM
B40009,2026-05-25,795.1290893554688,歐元,GAM Star歐洲股票基金累積單位-歐元,yfinance,股票型,歐洲(含歐元區),A0017 台中銀投信,GAM
B40009,2026-05-26,795.2241821289062,歐元,GAM Star歐洲股票基金累積單位-歐元,yfinance,股票型,歐洲(含歐元區),A0017 台中銀投信,GAM
B40009,2026-05-27,791.8403930664062,歐元,GAM Star歐洲股票基金累積單位-歐元,yfinance,股票型,歐洲(含歐元區),A0017 台中銀投信,GAM
B40009,2026-05-28,792.3656005859375,歐元,GAM Star歐洲股票基金累積單位-歐元,yfinance,股票型,歐洲(含歐元區),A0017 台中銀投信,GAM
B40009,2026-05-29,793.056884765625,歐元,GAM Star歐洲股票基金累積單位-歐元,yfinance,股票型,歐洲(含歐元區),A0017 台中銀投信,GAM
B40009,2026-06-02,795.4003295898438,歐元,GAM Star歐洲股票基金累積單位-歐元,yfinance,股票型,歐洲(含歐元區),A0017 台中銀投信,GAM
B40009,2026-06-03,790.4155883789062,歐元,GAM Star歐洲股票基金累積單位-歐元,yfinance,股票型,歐洲(含歐元區),A0017 台中銀投信,GAM
B40009,2026-06-04,790.6331176757812,歐元,GAM Star歐洲股票基金累積單位-歐元,yfinance,股票型,歐洲(含歐元區),A0017 台中銀投信,GAM
B40009,2026-06-05,783.6591186523438,歐元,GAM Star歐洲股票基金累積單位-歐元,yfinance,股票型,歐洲(含歐元區),A0017 台中銀投信,GAM
B40009,2026-06-08,782.8370971679688,歐元,GAM Star歐洲股票基金累積單位-歐元,yfinance,股票型,歐洲(含歐元區),A0017 台中銀投信,GAM
B40009,2026-06-09,774.2697143554688,歐元,GAM Star歐洲股票基金累積單位-歐元,yfinance,股票型,歐洲(含歐元區),A0017 台中銀投信,GAM
B40009,2026-06-10,768.7048950195312,歐元,GAM Star歐洲股票基金累積單位-歐元,yfinance,股票型,歐洲(含歐元區),A0017 台中銀投信,GAM
B40009,2026-06-11,782.4055786132812,歐元,GAM Star歐洲股票基金累積單位-歐元,yfinance,股票型,歐洲(含歐元區),A0017 台中銀投信,GAM
B40009,2026-06-12,801.4901733398438,歐元,GAM Star歐洲股票基金累積單位-歐元,yfinance,股票型,歐洲(含歐元區),A0017 台中銀投信,GAM
B40009,2026-06-15,806.143798828125,歐元,GAM Star歐洲股票基金累積單位-歐元,yfinance,股票型,歐洲(含歐元區),A0017 台中銀投信,GAM
B40009,2026-06-16,807.8480834960938,歐元,GAM Star歐洲股票基金累積單位-歐元,yfinance,股票型,歐洲(含歐元區),A0017 台中銀投信,GAM
B40009,2026-06-17,813.548828125,歐元,GAM Star歐洲股票基金累積單位-歐元,yfinance,股票型,歐洲(含歐元區),A0017 台中銀投信,GAM
B40009,2026-06-18,815.0596923828125,歐元,GAM Star歐洲股票基金累積單位-歐元,yfinance,股票型,歐洲(含歐元區),A0017 台中銀投信,GAM
B40009,2026-06-19,815.1705932617188,歐元,GAM Star歐洲股票基金累積單位-歐元,yfinance,股票型,歐洲(含歐元區),A0017 台中銀投信,GAM
B40009,2026-06-22,821.4315185546875,歐元,GAM Star歐洲股票基金累積單位-歐元,yfinance,股票型,歐洲(含歐元區),A0017 台中銀投信,GAM
B40009,2026-06-23,809.8300170898438,歐元,GAM Star歐洲股票基金累積單位-歐元,yfinance,股票型,歐洲(含歐元區),A0017 台中銀投信,GAM
B40009,2026-06-24,805.4454956054688,歐元,GAM Star歐洲股票基金累積單位-歐元,yfinance,股票型,歐洲(含歐元區),A0017 台中銀投信,GAM
B40009,2026-06-25,813.7960815429688,歐元,GAM Star歐洲股票基金累積單位-歐元,yfinance,股票型,歐洲(含歐元區),A0017 台中銀投信,GAM
B40009,2026-06-26,800.4428100585938,歐元,GAM Star歐洲股票基金累積單位-歐元,yfinance,股票型,歐洲(含歐元區),A0017 台中銀投信,GAM
B40009,2026-06-29,802.9102172851562,歐元,GAM Star歐洲股票基金累積單位-歐元,yfinance,股票型,歐洲(含歐元區),A0017 台中銀投信,GAM
B40009,2026-06-30,816.8682250976562,歐元,GAM Star歐洲股票基金累積單位-歐元,yfinance,股票型,歐洲(含歐元區),A0017 台中銀投信,GAM
B40009,2026-07-01,810.1317749023438,歐元,GAM Star歐洲股票基金累積單位-歐元,yfinance,股票型,歐洲(含歐元區),A0017 台中銀投信,GAM
B40009,2026-07-02,819.9992065429688,歐元,GAM Star歐洲股票基金累積單位-歐元,yfinance,股票型,歐洲(含歐元區),A0017 台中銀投信,GAM
B40009,2026-07-03,832.0952758789062,歐元,GAM Star歐洲股票基金累積單位-歐元,yfinance,股票型,歐洲(含歐元區),A0017 台中銀投信,GAM
B40009,2026-07-06,831.5281982421875,歐元,GAM Star歐洲股票基金累積單位-歐元,yfinance,股票型,歐洲(含歐元區),A0017 台中銀投信,GAM
B40009,2026-07-07,810.9102783203125,歐元,GAM Star歐洲股票基金累積單位-歐元,yfinance,股票型,歐洲(含歐元區),A0017 台中銀投信,GAM
B40009,2026-07-08,797.1395263671875,歐元,GAM Star歐洲股票基金累積單位-歐元,yfinance,股票型,歐洲(含歐元區),A0017 台中銀投信,GAM
B40009,2026-07-09,807.4097290039062,歐元,GAM Star歐洲股票基金累積單位-歐元,yfinance,股票型,歐洲(含歐元區),A0017 台中銀投信,GAM
B40009,2026-07-10,806.24462890625,歐元,GAM Star歐洲股票基金累積單位-歐元,yfinance,股票型,歐洲(含歐元區),A0017 台中銀投信,GAM
B40009,2026-07-13,799.6964111328125,歐元,GAM Star歐洲股票基金累積單位-歐元,yfinance,股票型,歐洲(含歐元區),A0017 台中銀投信,GAM
B40009,2026-07-14,801.1409301757812,歐元,GAM Star歐洲股票基金累積單位-歐元,yfinance,股票型,歐洲(含歐元區),A0017 台中銀投信,GAM
B40009,2026-07-15,796.1674194335938,歐元,GAM Star歐洲股票基金累積單位-歐元,yfinance,股票型,歐洲(含歐元區),A0017 台中銀投信,GAM
B40009,2026-07-16,791.3936767578125,歐元,GAM Star歐洲股票基金累積單位-歐元,yfinance,股票型,歐洲(含歐元區),A0017 台中銀投信,GAM
B40009,2026-07-20,778.4946899414062,歐元,GAM Star歐洲股票基金累積單位-歐元,yfinance,股票型,歐洲(含歐元區),A0017 台中銀投信,GAM
B40009,2026-07-21,793.2523193359375,歐元,GAM Star歐洲股票基金累積單位-歐元,yfinance,股票型,歐洲(含歐元區),A0017 台中銀投信,GAM
B40009,2026-07-22,794.1441040039062,歐元,GAM Star歐洲股票基金累積單位-歐元,yfinance,股票型,歐洲(含歐元區),A0017 台中銀投信,GAM
B40009,2026-07-23,779.2153930664062,歐元,GAM Star歐洲股票基金累積單位-歐元,yfinance,股票型,歐洲(含歐元區),A0017 台中銀投信,GAM
B40009,2026-07-24,786.5134887695312,歐元,GAM Star歐洲股票基金累積單位-歐元,yfinance,股票型,歐洲(含歐元區),A0017 台中銀投信,GAM
B40009,2026-07-27,781.6141967773438,歐元,GAM Star歐洲股票基金累積單位-歐元,yfinance,股票型,歐洲(含歐元區),A0017 台中銀投信,GAM
B40009,2026-07-28,771.811279296875,歐元,GAM Star歐洲股票基金累積單位-歐元,yfinance,股票型,歐洲(含歐元區),A0017 台中銀投信,GAM
B40009,2026-07-29,760.6096801757812,歐元,GAM Star歐洲股票基金累積單位-歐元,yfinance,股票型,歐洲(含歐元區),A0017 台中銀投信,GAM
B40009,2026-07-30,776.6583862304688,歐元,GAM Star歐洲股票基金累積單位-歐元,yfinance,股票型,歐洲(含歐元區),A0017 台中銀投信,GAM
B40009,2026-07-31,776.6488037109375,歐元,GAM Star歐洲股票基金累積單位-歐元,yfinance,股票型,歐洲(含歐元區),A0017 台中銀投信,GAM
B40009,2026-08-04,794.1198120117188,歐元,GAM Star歐洲股票基金累積單位-歐元,yfinance,股票型,歐洲(含歐元區),A0017 台中銀投信,GAM
B40009,2026-08-05,795.334228515625,歐元,GAM Star歐洲股票基金累積單位-歐元,yfinance,股票型,歐洲(含歐元區),A0017 台中銀投信,GAM
B40009,2026-08-06,795.3458251953125,歐元,GAM Star歐洲股票基金累積單位-歐元,yfinance,股票型,歐洲(含歐元區),A0017 台中銀投信,GAM
B40009,2026-08-07,796.4566040039062,歐元,GAM Star歐洲股票基金累積單位-歐元,yfinance,股票型,歐洲(含歐元區),A0017 台中銀投信,GAM
B40009,2026-08-10,796.4235229492188,歐元,GAM Star歐洲股票基金累積單位-歐元,yfinance,股票型,歐洲(含歐元區),A0017 台中銀投信,GAM
B40009,2026-08-11,800.8787841796875,歐元,GAM Star歐洲股票基金累積單位-歐元,yfinance,股票型,歐洲(含歐元區),A0017 台中銀投信,GAM
B40009,2026-08-12,809.2988891601562,歐元,GAM Star歐洲股票基金累積單位-歐元,yfinance,股票型,歐洲(含歐元區),A0017 台中銀投信,GAM
B40009,2026-08-13,811.7373046875,歐元,GAM Star歐洲股票基金累積單位-歐元,yfinance,股票型,歐洲(含歐元區),A0017 台中銀投信,GAM
B40009,2026-08-14,810.34228515625,歐元,GAM Star歐洲股票基金累積單位-歐元,yfinance,股票型,歐洲(含歐元區),A0017 台中銀投信,GAM
B40009,2026-08-17,812.2171020507812,歐元,GAM Star歐洲股票基金累積單位-歐元,yfinance,股票型,歐洲(含歐元區),A0017 台中銀投信,GAM
B04079,2026-01-02,45.06719970703125,美元,柏瑞環球基金-柏瑞亞洲(日本除外)股票基金 A,yfinance,股票型,亞洲地區,A0021 柏瑞投信,柏瑞
B04079,2026-01-05,45.85169982910156,美元,柏瑞環球基金-柏瑞亞洲(日本除外)股票基金 A,yfinance,股票型,亞洲地區,A0021 柏瑞投信,柏瑞
B04079,2026-01-06,46.14080047607422,美元,柏瑞環球基金-柏瑞亞洲(日本除外)股票基金 A,yfinance,股票型,亞洲地區,A0021 柏瑞投信,柏瑞
B04079,2026-01-07,46.122798919677734,美元,柏瑞環球基金-柏瑞亞洲(日本除外)股票基金 A,yfinance,股票型,亞洲地區,A0021 柏瑞投信,柏瑞
B04079,2026-01-08,45.692901611328125,美元,柏瑞環球基金-柏瑞亞洲(日本除外)股票基金 A,yfinance,股票型,亞洲地區,A0021 柏瑞投信,柏瑞
B04079,2026-01-09,45.694698333740234,美元,柏瑞環球基金-柏瑞亞洲(日本除外)股票基金 A,yfinance,股票型,亞洲地區,A0021 柏瑞投信,柏瑞
B04079,2026-01-12,46.08610153198242,美元,柏瑞環球基金-柏瑞亞洲(日本除外)股票基金 A,yfinance,股票型,亞洲地區,A0021 柏瑞投信,柏瑞
B04079,2026-01-13,46.44240188598633,美元,柏瑞環球基金-柏瑞亞洲(日本除外)股票基金 A,yfinance,股票型,亞洲地區,A0021 柏瑞投信,柏瑞
B04079,2026-01-14,46.79349899291992,美元,柏瑞環球基金-柏瑞亞洲(日本除外)股票基金 A,yfinance,股票型,亞洲地區,A0021 柏瑞投信,柏瑞
B04079,2026-01-15,46.78820037841797,美元,柏瑞環球基金-柏瑞亞洲(日本除外)股票基金 A,yfinance,股票型,亞洲地區,A0021 柏瑞投信,柏瑞
B04079,2026-01-16,47.148799896240234,美元,柏瑞環球基金-柏瑞亞洲(日本除外)股票基金 A,yfinance,股票型,亞洲地區,A0021 柏瑞投信,柏瑞
B04079,2026-01-20,46.84700012207031,美元,柏瑞環球基金-柏瑞亞洲(日本除外)股票基金 A,yfinance,股票型,亞洲地區,A0021 柏瑞投信,柏瑞
B04079,2026-01-21,47.14590072631836,美元,柏瑞環球基金-柏瑞亞洲(日本除外)股票基金 A,yfinance,股票型,亞洲地區,A0021 柏瑞投信,柏瑞
B04079,2026-01-22,47.71139907836914,美元,柏瑞環球基金-柏瑞亞洲(日本除外)股票基金 A,yfinance,股票型,亞洲地區,A0021 柏瑞投信,柏瑞
B04079,2026-01-23,47.691898345947266,美元,柏瑞環球基金-柏瑞亞洲(日本除外)股票基金 A,yfinance,股票型,亞洲地區,A0021 柏瑞投信,柏瑞
B04079,2026-01-26,47.800498962402344,美元,柏瑞環球基金-柏瑞亞洲(日本除外)股票基金 A,yfinance,股票型,亞洲地區,A0021 柏瑞投信,柏瑞
B04079,2026-01-27,48.53070068359375,美元,柏瑞環球基金-柏瑞亞洲(日本除外)股票基金 A,yfinance,股票型,亞洲地區,A0021 柏瑞投信,柏瑞
B04079,2026-01-28,49.654598236083984,美元,柏瑞環球基金-柏瑞亞洲(日本除外)股票基金 A,yfinance,股票型,亞洲地區,A0021 柏瑞投信,柏瑞
B04079,2026-01-29,49.56520080566406,美元,柏瑞環球基金-柏瑞亞洲(日本除外)股票基金 A,yfinance,股票型,亞洲地區,A0021 柏瑞投信,柏瑞
B04079,2026-01-30,48.99679946899414,美元,柏瑞環球基金-柏瑞亞洲(日本除外)股票基金 A,yfinance,股票型,亞洲地區,A0021 柏瑞投信,柏瑞
B04079,2026-02-03,49.1161003112793,美元,柏瑞環球基金-柏瑞亞洲(日本除外)股票基金 A,yfinance,股票型,亞洲地區,A0021 柏瑞投信,柏瑞
B04079,2026-02-04,49.06740188598633,美元,柏瑞環球基金-柏瑞亞洲(日本除外)股票基金 A,yfinance,股票型,亞洲地區,A0021 柏瑞投信,柏瑞
B04079,2026-02-05,47.92879867553711,美元,柏瑞環球基金-柏瑞亞洲(日本除外)股票基金 A,yfinance,股票型,亞洲地區,A0021 柏瑞投信,柏瑞
B04079,2026-02-06,47.4650993347168,美元,柏瑞環球基金-柏瑞亞洲(日本除外)股票基金 A,yfinance,股票型,亞洲地區,A0021 柏瑞投信,柏瑞
B04079,2026-02-09,48.88479995727539,美元,柏瑞環球基金-柏瑞亞洲(日本除外)股票基金 A,yfinance,股票型,亞洲地區,A0021 柏瑞投信,柏瑞
B04079,2026-02-10,49.385501861572266,美元,柏瑞環球基金-柏瑞亞洲(日本除外)股票基金 A,yfinance,股票型,亞洲地區,A0021 柏瑞投信,柏瑞
B04079,2026-02-11,49.90340042114258,美元,柏瑞環球基金-柏瑞亞洲(日本除外)股票基金 A,yfinance,股票型,亞洲地區,A0021 柏瑞投信,柏瑞
B04079,2026-02-12,50.234901428222656,美元,柏瑞環球基金-柏瑞亞洲(日本除外)股票基金 A,yfinance,股票型,亞洲地區,A0021 柏瑞投信,柏瑞
B04079,2026-02-13,49.717201232910156,美元,柏瑞環球基金-柏瑞亞洲(日本除外)股票基金 A,yfinance,股票型,亞洲地區,A0021 柏瑞投信,柏瑞
B04079,2026-02-20,50.14670181274414,美元,柏瑞環球基金-柏瑞亞洲(日本除外)股票基金 A,yfinance,股票型,亞洲地區,A0021 柏瑞投信,柏瑞
B04079,2026-02-23,50.925498962402344,美元,柏瑞環球基金-柏瑞亞洲(日本除外)股票基金 A,yfinance,股票型,亞洲地區,A0021 柏瑞投信,柏瑞
B04079,2026-02-24,51.30730056762695,美元,柏瑞環球基金-柏瑞亞洲(日本除外)股票基金 A,yfinance,股票型,亞洲地區,A0021 柏瑞投信,柏瑞
B04079,2026-02-25,52.22140121459961,美元,柏瑞環球基金-柏瑞亞洲(日本除外)股票基金 A,yfinance,股票型,亞洲地區,A0021 柏瑞投信,柏瑞
B04079,2026-02-26,52.81669998168945,美元,柏瑞環球基金-柏瑞亞洲(日本除外)股票基金 A,yfinance,股票型,亞洲地區,A0021 柏瑞投信,柏瑞
B04079,2026-02-27,52.662498474121094,美元,柏瑞環球基金-柏瑞亞洲(日本除外)股票基金 A,yfinance,股票型,亞洲地區,A0021 柏瑞投信,柏瑞
B04079,2026-03-02,51.994998931884766,美元,柏瑞環球基金-柏瑞亞洲(日本除外)股票基金 A,yfinance,股票型,亞洲地區,A0021 柏瑞投信,柏瑞
B04079,2026-03-03,49.99689865112305,美元,柏瑞環球基金-柏瑞亞洲(日本除外)股票基金 A,yfinance,股票型,亞洲地區,A0021 柏瑞投信,柏瑞
B04079,2026-03-04,47.2864990234375,美元,柏瑞環球基金-柏瑞亞洲(日本除外)股票基金 A,yfinance,股票型,亞洲地區,A0021 柏瑞投信,柏瑞
B04079,2026-03-05,49.04790115356445,美元,柏瑞環球基金-柏瑞亞洲(日本除外)股票基金 A,yfinance,股票型,亞洲地區,A0021 柏瑞投信,柏瑞
B04079,2026-03-06,48.951900482177734,美元,柏瑞環球基金-柏瑞亞洲(日本除外)股票基金 A,yfinance,股票型,亞洲地區,A0021 柏瑞投信,柏瑞
B04079,2026-03-09,46.78799819946289,美元,柏瑞環球基金-柏瑞亞洲(日本除外)股票基金 A,yfinance,股票型,亞洲地區,A0021 柏瑞投信,柏瑞
B04079,2026-03-10,48.55550003051758,美元,柏瑞環球基金-柏瑞亞洲(日本除外)股票基金 A,yfinance,股票型,亞洲地區,A0021 柏瑞投信,柏瑞
B04079,2026-03-11,49.20090103149414,美元,柏瑞環球基金-柏瑞亞洲(日本除外)股票基金 A,yfinance,股票型,亞洲地區,A0021 柏瑞投信,柏瑞
B04079,2026-03-12,48.4901008605957,美元,柏瑞環球基金-柏瑞亞洲(日本除外)股票基金 A,yfinance,股票型,亞洲地區,A0021 柏瑞投信,柏瑞
B04079,2026-03-13,47.973201751708984,美元,柏瑞環球基金-柏瑞亞洲(日本除外)股票基金 A,yfinance,股票型,亞洲地區,A0021 柏瑞投信,柏瑞
B04079,2026-03-16,48.43790054321289,美元,柏瑞環球基金-柏瑞亞洲(日本除外)股票基金 A,yfinance,股票型,亞洲地區,A0021 柏瑞投信,柏瑞
B04079,2026-03-18,50.36579895019531,美元,柏瑞環球基金-柏瑞亞洲(日本除外)股票基金 A,yfinance,股票型,亞洲地區,A0021 柏瑞投信,柏瑞
B04079,2026-03-19,48.70320129394531,美元,柏瑞環球基金-柏瑞亞洲(日本除外)股票基金 A,yfinance,股票型,亞洲地區,A0021 柏瑞投信,柏瑞
B04079,2026-03-20,48.50809860229492,美元,柏瑞環球基金-柏瑞亞洲(日本除外)股票基金 A,yfinance,股票型,亞洲地區,A0021 柏瑞投信,柏瑞
B04079,2026-03-23,46.274200439453125,美元,柏瑞環球基金-柏瑞亞洲(日本除外)股票基金 A,yfinance,股票型,亞洲地區,A0021 柏瑞投信,柏瑞
B04079,2026-03-24,47.38029861450195,美元,柏瑞環球基金-柏瑞亞洲(日本除外)股票基金 A,yfinance,股票型,亞洲地區,A0021 柏瑞投信,柏瑞
B04079,2026-03-25,48.2495002746582,美元,柏瑞環球基金-柏瑞亞洲(日本除外)股票基金 A,yfinance,股票型,亞洲地區,A0021 柏瑞投信,柏瑞
B04079,2026-03-26,47.30540084838867,美元,柏瑞環球基金-柏瑞亞洲(日本除外)股票基金 A,yfinance,股票型,亞洲地區,A0021 柏瑞投信,柏瑞
B04079,2026-03-27,46.99169921875,美元,柏瑞環球基金-柏瑞亞洲(日本除外)股票基金 A,yfinance,股票型,亞洲地區,A0021 柏瑞投信,柏瑞
B04079,2026-03-30,46.13589859008789,美元,柏瑞環球基金-柏瑞亞洲(日本除外)股票基金 A,yfinance,股票型,亞洲地區,A0021 柏瑞投信,柏瑞
B04079,2026-03-31,44.98160171508789,美元,柏瑞環球基金-柏瑞亞洲(日本除外)股票基金 A,yfinance,股票型,亞洲地區,A0021 柏瑞投信,柏瑞
B04079,2026-04-01,47.471500396728516,美元,柏瑞環球基金-柏瑞亞洲(日本除外)股票基金 A,yfinance,股票型,亞洲地區,A0021 柏瑞投信,柏瑞
B04079,2026-04-02,46.487300872802734,美元,柏瑞環球基金-柏瑞亞洲(日本除外)股票基金 A,yfinance,股票型,亞洲地區,A0021 柏瑞投信,柏瑞
B04079,2026-04-08,50.65330123901367,美元,柏瑞環球基金-柏瑞亞洲(日本除外)股票基金 A,yfinance,股票型,亞洲地區,A0021 柏瑞投信,柏瑞
B04079,2026-04-09,50.20909881591797,美元,柏瑞環球基金-柏瑞亞洲(日本除外)股票基金 A,yfinance,股票型,亞洲地區,A0021 柏瑞投信,柏瑞
B04079,2026-04-10,50.965301513671875,美元,柏瑞環球基金-柏瑞亞洲(日本除外)股票基金 A,yfinance,股票型,亞洲地區,A0021 柏瑞投信,柏瑞
B04079,2026-04-13,50.512298583984375,美元,柏瑞環球基金-柏瑞亞洲(日本除外)股票基金 A,yfinance,股票型,亞洲地區,A0021 柏瑞投信,柏瑞
B04079,2026-04-14,51.56779861450195,美元,柏瑞環球基金-柏瑞亞洲(日本除外)股票基金 A,yfinance,股票型,亞洲地區,A0021 柏瑞投信,柏瑞
B04079,2026-04-15,52.22159957885742,美元,柏瑞環球基金-柏瑞亞洲(日本除外)股票基金 A,yfinance,股票型,亞洲地區,A0021 柏瑞投信,柏瑞
B04079,2026-04-16,53.22990036010742,美元,柏瑞環球基金-柏瑞亞洲(日本除外)股票基金 A,yfinance,股票型,亞洲地區,A0021 柏瑞投信,柏瑞
B04079,2026-04-17,52.94449996948242,美元,柏瑞環球基金-柏瑞亞洲(日本除外)股票基金 A,yfinance,股票型,亞洲地區,A0021 柏瑞投信,柏瑞
B04079,2026-04-20,53.485599517822266,美元,柏瑞環球基金-柏瑞亞洲(日本除外)股票基金 A,yfinance,股票型,亞洲地區,A0021 柏瑞投信,柏瑞
B04079,2026-04-21,54.38909912109375,美元,柏瑞環球基金-柏瑞亞洲(日本除外)股票基金 A,yfinance,股票型,亞洲地區,A0021 柏瑞投信,柏瑞
B04079,2026-04-22,54.476600646972656,美元,柏瑞環球基金-柏瑞亞洲(日本除外)股票基金 A,yfinance,股票型,亞洲地區,A0021 柏瑞投信,柏瑞
B04079,2026-04-23,54.42689895629883,美元,柏瑞環球基金-柏瑞亞洲(日本除外)股票基金 A,yfinance,股票型,亞洲地區,A0021 柏瑞投信,柏瑞
B04079,2026-04-24,54.98320007324219,美元,柏瑞環球基金-柏瑞亞洲(日本除外)股票基金 A,yfinance,股票型,亞洲地區,A0021 柏瑞投信,柏瑞
B04079,2026-04-27,55.80839920043945,美元,柏瑞環球基金-柏瑞亞洲(日本除外)股票基金 A,yfinance,股票型,亞洲地區,A0021 柏瑞投信,柏瑞
B04079,2026-04-28,55.53929901123047,美元,柏瑞環球基金-柏瑞亞洲(日本除外)股票基金 A,yfinance,股票型,亞洲地區,A0021 柏瑞投信,柏瑞
B04079,2026-04-29,55.84000015258789,美元,柏瑞環球基金-柏瑞亞洲(日本除外)股票基金 A,yfinance,股票型,亞洲地區,A0021 柏瑞投信,柏瑞
B04079,2026-04-30,55.185699462890625,美元,柏瑞環球基金-柏瑞亞洲(日本除外)股票基金 A,yfinance,股票型,亞洲地區,A0021 柏瑞投信,柏瑞
B04079,2026-05-05,57.297401428222656,美元,柏瑞環球基金-柏瑞亞洲(日本除外)股票基金 A,yfinance,股票型,亞洲地區,A0021 柏瑞投信,柏瑞
B04079,2026-05-06,59.110801696777344,美元,柏瑞環球基金-柏瑞亞洲(日本除外)股票基金 A,yfinance,股票型,亞洲地區,A0021 柏瑞投信,柏瑞
B04079,2026-05-07,60.1870002746582,美元,柏瑞環球基金-柏瑞亞洲(日本除外)股票基金 A,yfinance,股票型,亞洲地區,A0021 柏瑞投信,柏瑞
B04079,2026-05-08,59.854801177978516,美元,柏瑞環球基金-柏瑞亞洲(日本除外)股票基金 A,yfinance,股票型,亞洲地區,A0021 柏瑞投信,柏瑞
B04079,2026-05-11,60.939701080322266,美元,柏瑞環球基金-柏瑞亞洲(日本除外)股票基金 A,yfinance,股票型,亞洲地區,A0021 柏瑞投信,柏瑞
B04079,2026-05-12,60.2156982421875,美元,柏瑞環球基金-柏瑞亞洲(日本除外)股票基金 A,yfinance,股票型,亞洲地區,A0021 柏瑞投信,柏瑞
B04079,2026-05-13,60.66669845581055,美元,柏瑞環球基金-柏瑞亞洲(日本除外)股票基金 A,yfinance,股票型,亞洲地區,A0021 柏瑞投信,柏瑞
B04079,2026-05-14,60.793800354003906,美元,柏瑞環球基金-柏瑞亞洲(日本除外)股票基金 A,yfinance,股票型,亞洲地區,A0021 柏瑞投信,柏瑞
B04079,2026-05-15,58.491600036621094,美元,柏瑞環球基金-柏瑞亞洲(日本除外)股票基金 A,yfinance,股票型,亞洲地區,A0021 柏瑞投信,柏瑞
B04079,2026-05-18,58.25559997558594,美元,柏瑞環球基金-柏瑞亞洲(日本除外)股票基金 A,yfinance,股票型,亞洲地區,A0021 柏瑞投信,柏瑞
B04079,2026-05-19,57.175899505615234,美元,柏瑞環球基金-柏瑞亞洲(日本除外)股票基金 A,yfinance,股票型,亞洲地區,A0021 柏瑞投信,柏瑞
B04079,2026-05-20,57.03559875488281,美元,柏瑞環球基金-柏瑞亞洲(日本除外)股票基金 A,yfinance,股票型,亞洲地區,A0021 柏瑞投信,柏瑞
B04079,2026-05-21,59.059898376464844,美元,柏瑞環球基金-柏瑞亞洲(日本除外)股票基金 A,yfinance,股票型,亞洲地區,A0021 柏瑞投信,柏瑞
B04079,2026-05-22,59.96900177001953,美元,柏瑞環球基金-柏瑞亞洲(日本除外)股票基金 A,yfinance,股票型,亞洲地區,A0021 柏瑞投信,柏瑞
B04079,2026-05-26,61.863399505615234,美元,柏瑞環球基金-柏瑞亞洲(日本除外)股票基金 A,yfinance,股票型,亞洲地區,A0021 柏瑞投信,柏瑞
B04079,2026-05-27,62.667701721191406,美元,柏瑞環球基金-柏瑞亞洲(日本除外)股票基金 A,yfinance,股票型,亞洲地區,A0021 柏瑞投信,柏瑞
B04079,2026-05-28,62.2067985534668,美元,柏瑞環球基金-柏瑞亞洲(日本除外)股票基金 A,yfinance,股票型,亞洲地區,A0021 柏瑞投信,柏瑞
B04079,2026-05-29,63.37189865112305,美元,柏瑞環球基金-柏瑞亞洲(日本除外)股票基金 A,yfinance,股票型,亞洲地區,A0021 柏瑞投信,柏瑞
B04079,2026-06-02,64.55329895019531,美元,柏瑞環球基金-柏瑞亞洲(日本除外)股票基金 A,yfinance,股票型,亞洲地區,A0021 柏瑞投信,柏瑞
B04079,2026-06-03,64.8280029296875,美元,柏瑞環球基金-柏瑞亞洲(日本除外)股票基金 A,yfinance,股票型,亞洲地區,A0021 柏瑞投信,柏瑞
B04079,2026-06-04,63.59379959106445,美元,柏瑞環球基金-柏瑞亞洲(日本除外)股票基金 A,yfinance,股票型,亞洲地區,A0021 柏瑞投信,柏瑞
B04079,2026-06-05,61.59389877319336,美元,柏瑞環球基金-柏瑞亞洲(日本除外)股票基金 A,yfinance,股票型,亞洲地區,A0021 柏瑞投信,柏瑞
B04079,2026-06-08,59.120201110839844,美元,柏瑞環球基金-柏瑞亞洲(日本除外)股票基金 A,yfinance,股票型,亞洲地區,A0021 柏瑞投信,柏瑞
B04079,2026-06-09,61.80500030517578,美元,柏瑞環球基金-柏瑞亞洲(日本除外)股票基金 A,yfinance,股票型,亞洲地區,A0021 柏瑞投信,柏瑞
B04079,2026-06-10,59.69179916381836,美元,柏瑞環球基金-柏瑞亞洲(日本除外)股票基金 A,yfinance,股票型,亞洲地區,A0021 柏瑞投信,柏瑞
B04079,2026-06-11,59.408599853515625,美元,柏瑞環球基金-柏瑞亞洲(日本除外)股票基金 A,yfinance,股票型,亞洲地區,A0021 柏瑞投信,柏瑞
B04079,2026-06-12,61.22309875488281,美元,柏瑞環球基金-柏瑞亞洲(日本除外)股票基金 A,yfinance,股票型,亞洲地區,A0021 柏瑞投信,柏瑞
B04079,2026-06-15,63.03960037231445,美元,柏瑞環球基金-柏瑞亞洲(日本除外)股票基金 A,yfinance,股票型,亞洲地區,A0021 柏瑞投信,柏瑞
B04079,2026-06-16,63.46620178222656,美元,柏瑞環球基金-柏瑞亞洲(日本除外)股票基金 A,yfinance,股票型,亞洲地區,A0021 柏瑞投信,柏瑞
B04079,2026-06-17,63.91460037231445,美元,柏瑞環球基金-柏瑞亞洲(日本除外)股票基金 A,yfinance,股票型,亞洲地區,A0021 柏瑞投信,柏瑞
B04079,2026-06-18,64.57579803466797,美元,柏瑞環球基金-柏瑞亞洲(日本除外)股票基金 A,yfinance,股票型,亞洲地區,A0021 柏瑞投信,柏瑞
B04079,2026-06-22,65.34629821777344,美元,柏瑞環球基金-柏瑞亞洲(日本除外)股票基金 A,yfinance,股票型,亞洲地區,A0021 柏瑞投信,柏瑞
B04079,2026-06-23,62.46269989013672,美元,柏瑞環球基金-柏瑞亞洲(日本除外)股票基金 A,yfinance,股票型,亞洲地區,A0021 柏瑞投信,柏瑞
B04079,2026-06-24,62.4567985534668,美元,柏瑞環球基金-柏瑞亞洲(日本除外)股票基金 A,yfinance,股票型,亞洲地區,A0021 柏瑞投信,柏瑞
B04079,2026-06-25,63.5724983215332,美元,柏瑞環球基金-柏瑞亞洲(日本除外)股票基金 A,yfinance,股票型,亞洲地區,A0021 柏瑞投信,柏瑞
B04079,2026-06-26,61.19380187988281,美元,柏瑞環球基金-柏瑞亞洲(日本除外)股票基金 A,yfinance,股票型,亞洲地區,A0021 柏瑞投信,柏瑞
B04079,2026-06-29,61.09809875488281,美元,柏瑞環球基金-柏瑞亞洲(日本除外)股票基金 A,yfinance,股票型,亞洲地區,A0021 柏瑞投信,柏瑞
B04079,2026-06-30,62.22800064086914,美元,柏瑞環球基金-柏瑞亞洲(日本除外)股票基金 A,yfinance,股票型,亞洲地區,A0021 柏瑞投信,柏瑞
B04079,2026-07-02,59.974700927734375,美元,柏瑞環球基金-柏瑞亞洲(日本除外)股票基金 A,yfinance,股票型,亞洲地區,A0021 柏瑞投信,柏瑞
B04079,2026-07-06,61.00270080566406,美元,柏瑞環球基金-柏瑞亞洲(日本除外)股票基金 A,yfinance,股票型,亞洲地區,A0021 柏瑞投信,柏瑞
B04079,2026-07-07,59.451900482177734,美元,柏瑞環球基金-柏瑞亞洲(日本除外)股票基金 A,yfinance,股票型,亞洲地區,A0021 柏瑞投信,柏瑞
B04079,2026-07-08,58.99489974975586,美元,柏瑞環球基金-柏瑞亞洲(日本除外)股票基金 A,yfinance,股票型,亞洲地區,A0021 柏瑞投信,柏瑞
B04079,2026-07-09,59.25709915161133,美元,柏瑞環球基金-柏瑞亞洲(日本除外)股票基金 A,yfinance,股票型,亞洲地區,A0021 柏瑞投信,柏瑞
B04079,2026-07-10,59.435298919677734,美元,柏瑞環球基金-柏瑞亞洲(日本除外)股票基金 A,yfinance,股票型,亞洲地區,A0021 柏瑞投信,柏瑞
B04079,2026-07-13,57.5265007019043,美元,柏瑞環球基金-柏瑞亞洲(日本除外)股票基金 A,yfinance,股票型,亞洲地區,A0021 柏瑞投信,柏瑞
B04079,2026-07-14,57.76359939575195,美元,柏瑞環球基金-柏瑞亞洲(日本除外)股票基金 A,yfinance,股票型,亞洲地區,A0021 柏瑞投信,柏瑞
B04079,2026-07-15,59.39849853515625,美元,柏瑞環球基金-柏瑞亞洲(日本除外)股票基金 A,yfinance,股票型,亞洲地區,A0021 柏瑞投信,柏瑞
B04079,2026-07-16,58.05799865722656,美元,柏瑞環球基金-柏瑞亞洲(日本除外)股票基金 A,yfinance,股票型,亞洲地區,A0021 柏瑞投信,柏瑞
B04079,2026-07-17,55.871299743652344,美元,柏瑞環球基金-柏瑞亞洲(日本除外)股票基金 A,yfinance,股票型,亞洲地區,A0021 柏瑞投信,柏瑞
B04079,2026-07-20,55.50600051879883,美元,柏瑞環球基金-柏瑞亞洲(日本除外)股票基金 A,yfinance,股票型,亞洲地區,A0021 柏瑞投信,柏瑞
B04079,2026-07-21,57.43629837036133,美元,柏瑞環球基金-柏瑞亞洲(日本除外)股票基金 A,yfinance,股票型,亞洲地區,A0021 柏瑞投信,柏瑞
B04079,2026-07-22,57.55950164794922,美元,柏瑞環球基金-柏瑞亞洲(日本除外)股票基金 A,yfinance,股票型,亞洲地區,A0021 柏瑞投信,柏瑞
B04079,2026-07-23,58.70349884033203,美元,柏瑞環球基金-柏瑞亞洲(日本除外)股票基金 A,yfinance,股票型,亞洲地區,A0021 柏瑞投信,柏瑞
B04079,2026-07-24,56.66320037841797,美元,柏瑞環球基金-柏瑞亞洲(日本除外)股票基金 A,yfinance,股票型,亞洲地區,A0021 柏瑞投信,柏瑞
B04079,2026-07-27,57.1875,美元,柏瑞環球基金-柏瑞亞洲(日本除外)股票基金 A,yfinance,股票型,亞洲地區,A0021 柏瑞投信,柏瑞
B04079,2026-07-28,54.02439880371094,美元,柏瑞環球基金-柏瑞亞洲(日本除外)股票基金 A,yfinance,股票型,亞洲地區,A0021 柏瑞投信,柏瑞
B04079,2026-07-29,53.00640106201172,美元,柏瑞環球基金-柏瑞亞洲(日本除外)股票基金 A,yfinance,股票型,亞洲地區,A0021 柏瑞投信,柏瑞
B04079,2026-07-30,52.36220169067383,美元,柏瑞環球基金-柏瑞亞洲(日本除外)股票基金 A,yfinance,股票型,亞洲地區,A0021 柏瑞投信,柏瑞
B04079,2026-07-31,56.835601806640625,美元,柏瑞環球基金-柏瑞亞洲(日本除外)股票基金 A,yfinance,股票型,亞洲地區,A0021 柏瑞投信,柏瑞
B04079,2026-08-04,56.995601654052734,美元,柏瑞環球基金-柏瑞亞洲(日本除外)股票基金 A,yfinance,股票型,亞洲地區,A0021 柏瑞投信,柏瑞
B04079,2026-08-05,58.39609909057617,美元,柏瑞環球基金-柏瑞亞洲(日本除外)股票基金 A,yfinance,股票型,亞洲地區,A0021 柏瑞投信,柏瑞
B04079,2026-08-06,57.285400390625,美元,柏瑞環球基金-柏瑞亞洲(日本除外)股票基金 A,yfinance,股票型,亞洲地區,A0021 柏瑞投信,柏瑞
B04079,2026-08-07,57.13520050048828,美元,柏瑞環球基金-柏瑞亞洲(日本除外)股票基金 A,yfinance,股票型,亞洲地區,A0021 柏瑞投信,柏瑞
B04079,2026-08-10,57.652801513671875,美元,柏瑞環球基金-柏瑞亞洲(日本除外)股票基金 A,yfinance,股票型,亞洲地區,A0021 柏瑞投信,柏瑞
B04079,2026-08-11,57.64739990234375,美元,柏瑞環球基金-柏瑞亞洲(日本除外)股票基金 A,yfinance,股票型,亞洲地區,A0021 柏瑞投信,柏瑞
B04079,2026-08-12,58.39229965209961,美元,柏瑞環球基金-柏瑞亞洲(日本除外)股票基金 A,yfinance,股票型,亞洲地區,A0021 柏瑞投信,柏瑞
B04079,2026-08-13,59.25130081176758,美元,柏瑞環球基金-柏瑞亞洲(日本除外)股票基金 A,yfinance,股票型,亞洲地區,A0021 柏瑞投信,柏瑞
B04079,2026-08-14,59.72309875488281,美元,柏瑞環球基金-柏瑞亞洲(日本除外)股票基金 A,yfinance,股票型,亞洲地區,A0021 柏瑞投信,柏瑞
B04079,2026-08-17,60.451900482177734,美元,柏瑞環球基金-柏瑞亞洲(日本除外)股票基金 A,yfinance,股票型,亞洲地區,A0021 柏瑞投信,柏瑞
B08023,2026-01-05,182.8000030517578,美元,摩根泰國基金 - 摩根泰國(美元)(累計),yfinance,未分類,亞洲地區,A0011 摩根投信,摩根ASIA
B08023,2026-01-06,182.1300048828125,美元,摩根泰國基金 - 摩根泰國(美元)(累計),yfinance,未分類,亞洲地區,A0011 摩根投信,摩根ASIA
B08023,2026-01-07,182.11000061035156,美元,摩根泰國基金 - 摩根泰國(美元)(累計),yfinance,未分類,亞洲地區,A0011 摩根投信,摩根ASIA
B08023,2026-01-08,178.0800018310547,美元,摩根泰國基金 - 摩根泰國(美元)(累計),yfinance,未分類,亞洲地區,A0011 摩根投信,摩根ASIA
B08023,2026-01-09,178.32000732421875,美元,摩根泰國基金 - 摩根泰國(美元)(累計),yfinance,未分類,亞洲地區,A0011 摩根投信,摩根ASIA
B08023,2026-01-12,177.75,美元,摩根泰國基金 - 摩根泰國(美元)(累計),yfinance,未分類,亞洲地區,A0011 摩根投信,摩根ASIA
B08023,2026-01-13,175.97000122070312,美元,摩根泰國基金 - 摩根泰國(美元)(累計),yfinance,未分類,亞洲地區,A0011 摩根投信,摩根ASIA
B08023,2026-01-14,178.25999450683594,美元,摩根泰國基金 - 摩根泰國(美元)(累計),yfinance,未分類,亞洲地區,A0011 摩根投信,摩根ASIA
B08023,2026-01-15,180.27000427246094,美元,摩根泰國基金 - 摩根泰國(美元)(累計),yfinance,未分類,亞洲地區,A0011 摩根投信,摩根ASIA
B08023,2026-01-16,182.27000427246094,美元,摩根泰國基金 - 摩根泰國(美元)(累計),yfinance,未分類,亞洲地區,A0011 摩根投信,摩根ASIA
B08023,2026-01-20,187.82000732421875,美元,摩根泰國基金 - 摩根泰國(美元)(累計),yfinance,未分類,亞洲地區,A0011 摩根投信,摩根ASIA
B08023,2026-01-21,190.30999755859375,美元,摩根泰國基金 - 摩根泰國(美元)(累計),yfinance,未分類,亞洲地區,A0011 摩根投信,摩根ASIA
B08023,2026-01-22,186.58999633789062,美元,摩根泰國基金 - 摩根泰國(美元)(累計),yfinance,未分類,亞洲地區,A0011 摩根投信,摩根ASIA
B08023,2026-01-23,188.6300048828125,美元,摩根泰國基金 - 摩根泰國(美元)(累計),yfinance,未分類,亞洲地區,A0011 摩根投信,摩根ASIA
B08023,2026-01-26,188.8000030517578,美元,摩根泰國基金 - 摩根泰國(美元)(累計),yfinance,未分類,亞洲地區,A0011 摩根投信,摩根ASIA
B08023,2026-01-27,192.1199951171875,美元,摩根泰國基金 - 摩根泰國(美元)(累計),yfinance,未分類,亞洲地區,A0011 摩根投信,摩根ASIA
B08023,2026-01-28,193.36000061035156,美元,摩根泰國基金 - 摩根泰國(美元)(累計),yfinance,未分類,亞洲地區,A0011 摩根投信,摩根ASIA
B08023,2026-01-29,191.3699951171875,美元,摩根泰國基金 - 摩根泰國(美元)(累計),yfinance,未分類,亞洲地區,A0011 摩根投信,摩根ASIA
B08023,2026-01-30,188.41000366210938,美元,摩根泰國基金 - 摩根泰國(美元)(累計),yfinance,未分類,亞洲地區,A0011 摩根投信,摩根ASIA
B08023,2026-02-02,188.3000030517578,美元,摩根泰國基金 - 摩根泰國(美元)(累計),yfinance,未分類,亞洲地區,A0011 摩根投信,摩根ASIA
B08023,2026-02-03,190.6199951171875,美元,摩根泰國基金 - 摩根泰國(美元)(累計),yfinance,未分類,亞洲地區,A0011 摩根投信,摩根ASIA
B08023,2026-02-04,192.5,美元,摩根泰國基金 - 摩根泰國(美元)(累計),yfinance,未分類,亞洲地區,A0011 摩根投信,摩根ASIA
B08023,2026-02-05,192.00999450683594,美元,摩根泰國基金 - 摩根泰國(美元)(累計),yfinance,未分類,亞洲地區,A0011 摩根投信,摩根ASIA
B08023,2026-02-06,194.85000610351562,美元,摩根泰國基金 - 摩根泰國(美元)(累計),yfinance,未分類,亞洲地區,A0011 摩根投信,摩根ASIA
B08023,2026-02-09,204.19000244140625,美元,摩根泰國基金 - 摩根泰國(美元)(累計),yfinance,未分類,亞洲地區,A0011 摩根投信,摩根ASIA
B08023,2026-02-10,206.63999938964844,美元,摩根泰國基金 - 摩根泰國(美元)(累計),yfinance,未分類,亞洲地區,A0011 摩根投信,摩根ASIA
B08023,2026-02-11,207.7100067138672,美元,摩根泰國基金 - 摩根泰國(美元)(累計),yfinance,未分類,亞洲地區,A0011 摩根投信,摩根ASIA
B08023,2026-02-12,212.85000610351562,美元,摩根泰國基金 - 摩根泰國(美元)(累計),yfinance,未分類,亞洲地區,A0011 摩根投信,摩根ASIA
B08023,2026-02-13,210.42999267578125,美元,摩根泰國基金 - 摩根泰國(美元)(累計),yfinance,未分類,亞洲地區,A0011 摩根投信,摩根ASIA
B08023,2026-02-20,215.7100067138672,美元,摩根泰國基金 - 摩根泰國(美元)(累計),yfinance,未分類,亞洲地區,A0011 摩根投信,摩根ASIA
B08023,2026-02-23,217.02000427246094,美元,摩根泰國基金 - 摩根泰國(美元)(累計),yfinance,未分類,亞洲地區,A0011 摩根投信,摩根ASIA
B08023,2026-02-24,218.75,美元,摩根泰國基金 - 摩根泰國(美元)(累計),yfinance,未分類,亞洲地區,A0011 摩根投信,摩根ASIA
B08023,2026-02-25,221.72000122070312,美元,摩根泰國基金 - 摩根泰國(美元)(累計),yfinance,未分類,亞洲地區,A0011 摩根投信,摩根ASIA
B08023,2026-02-26,224.89999389648438,美元,摩根泰國基金 - 摩根泰國(美元)(累計),yfinance,未分類,亞洲地區,A0011 摩根投信,摩根ASIA
B08023,2026-02-27,224.30999755859375,美元,摩根泰國基金 - 摩根泰國(美元)(累計),yfinance,未分類,亞洲地區,A0011 摩根投信,摩根ASIA
B08023,2026-03-02,213.9499969482422,美元,摩根泰國基金 - 摩根泰國(美元)(累計),yfinance,未分類,亞洲地區,A0011 摩根投信,摩根ASIA
B08023,2026-03-04,202.97999572753906,美元,摩根泰國基金 - 摩根泰國(美元)(累計),yfinance,未分類,亞洲地區,A0011 摩根投信,摩根ASIA
B08023,2026-03-05,206.2100067138672,美元,摩根泰國基金 - 摩根泰國(美元)(累計),yfinance,未分類,亞洲地區,A0011 摩根投信,摩根ASIA
B08023,2026-03-06,202.22999572753906,美元,摩根泰國基金 - 摩根泰國(美元)(累計),yfinance,未分類,亞洲地區,A0011 摩根投信,摩根ASIA
B08023,2026-03-09,197.41000366210938,美元,摩根泰國基金 - 摩根泰國(美元)(累計),yfinance,未分類,亞洲地區,A0011 摩根投信,摩根ASIA
B08023,2026-03-10,203.8800048828125,美元,摩根泰國基金 - 摩根泰國(美元)(累計),yfinance,未分類,亞洲地區,A0011 摩根投信,摩根ASIA
B08023,2026-03-11,203.3699951171875,美元,摩根泰國基金 - 摩根泰國(美元)(累計),yfinance,未分類,亞洲地區,A0011 摩根投信,摩根ASIA
B08023,2026-03-12,205.7899932861328,美元,摩根泰國基金 - 摩根泰國(美元)(累計),yfinance,未分類,亞洲地區,A0011 摩根投信,摩根ASIA
B08023,2026-03-13,200.27999877929688,美元,摩根泰國基金 - 摩根泰國(美元)(累計),yfinance,未分類,亞洲地區,A0011 摩根投信,摩根ASIA
B08023,2026-03-16,198.47999572753906,美元,摩根泰國基金 - 摩根泰國(美元)(累計),yfinance,未分類,亞洲地區,A0011 摩根投信,摩根ASIA
B08023,2026-03-17,202.9600067138672,美元,摩根泰國基金 - 摩根泰國(美元)(累計),yfinance,未分類,亞洲地區,A0011 摩根投信,摩根ASIA
B08023,2026-03-18,202.7100067138672,美元,摩根泰國基金 - 摩根泰國(美元)(累計),yfinance,未分類,亞洲地區,A0011 摩根投信,摩根ASIA
B08023,2026-03-19,197.77000427246094,美元,摩根泰國基金 - 摩根泰國(美元)(累計),yfinance,未分類,亞洲地區,A0011 摩根投信,摩根ASIA
B08023,2026-03-20,199.82000732421875,美元,摩根泰國基金 - 摩根泰國(美元)(累計),yfinance,未分類,亞洲地區,A0011 摩根投信,摩根ASIA
B08023,2026-03-23,193.72000122070312,美元,摩根泰國基金 - 摩根泰國(美元)(累計),yfinance,未分類,亞洲地區,A0011 摩根投信,摩根ASIA
B08023,2026-03-24,198.86000061035156,美元,摩根泰國基金 - 摩根泰國(美元)(累計),yfinance,未分類,亞洲地區,A0011 摩根投信,摩根ASIA
B08023,2026-03-25,203.9499969482422,美元,摩根泰國基金 - 摩根泰國(美元)(累計),yfinance,未分類,亞洲地區,A0011 摩根投信,摩根ASIA
B08023,2026-03-26,200.74000549316406,美元,摩根泰國基金 - 摩根泰國(美元)(累計),yfinance,未分類,亞洲地區,A0011 摩根投信,摩根ASIA
B08023,2026-03-27,200.97999572753906,美元,摩根泰國基金 - 摩根泰國(美元)(累計),yfinance,未分類,亞洲地區,A0011 摩根投信,摩根ASIA
B08023,2026-03-30,201.6199951171875,美元,摩根泰國基金 - 摩根泰國(美元)(累計),yfinance,未分類,亞洲地區,A0011 摩根投信,摩根ASIA
B08023,2026-03-31,201.6300048828125,美元,摩根泰國基金 - 摩根泰國(美元)(累計),yfinance,未分類,亞洲地區,A0011 摩根投信,摩根ASIA
B08023,2026-04-01,206.58999633789062,美元,摩根泰國基金 - 摩根泰國(美元)(累計),yfinance,未分類,亞洲地區,A0011 摩根投信,摩根ASIA
B08023,2026-04-02,204.82000732421875,美元,摩根泰國基金 - 摩根泰國(美元)(累計),yfinance,未分類,亞洲地區,A0011 摩根投信,摩根ASIA
B08023,2026-04-08,212.25999450683594,美元,摩根泰國基金 - 摩根泰國(美元)(累計),yfinance,未分類,亞洲地區,A0011 摩根投信,摩根ASIA
B08023,2026-04-09,211.82000732421875,美元,摩根泰國基金 - 摩根泰國(美元)(累計),yfinance,未分類,亞洲地區,A0011 摩根投信,摩根ASIA
B08023,2026-04-10,213.1199951171875,美元,摩根泰國基金 - 摩根泰國(美元)(累計),yfinance,未分類,亞洲地區,A0011 摩根投信,摩根ASIA
B08023,2026-04-16,213.00999450683594,美元,摩根泰國基金 - 摩根泰國(美元)(累計),yfinance,未分類,亞洲地區,A0011 摩根投信,摩根ASIA
B08023,2026-04-17,210.8699951171875,美元,摩根泰國基金 - 摩根泰國(美元)(累計),yfinance,未分類,亞洲地區,A0011 摩根投信,摩根ASIA
B08023,2026-04-20,210.35000610351562,美元,摩根泰國基金 - 摩根泰國(美元)(累計),yfinance,未分類,亞洲地區,A0011 摩根投信,摩根ASIA
B08023,2026-04-21,210.64999389648438,美元,摩根泰國基金 - 摩根泰國(美元)(累計),yfinance,未分類,亞洲地區,A0011 摩根投信,摩根ASIA
B08023,2026-04-22,209.69000244140625,美元,摩根泰國基金 - 摩根泰國(美元)(累計),yfinance,未分類,亞洲地區,A0011 摩根投信,摩根ASIA
B08023,2026-04-23,205.63999938964844,美元,摩根泰國基金 - 摩根泰國(美元)(累計),yfinance,未分類,亞洲地區,A0011 摩根投信,摩根ASIA
B08023,2026-04-24,205.33999633789062,美元,摩根泰國基金 - 摩根泰國(美元)(累計),yfinance,未分類,亞洲地區,A0011 摩根投信,摩根ASIA
B08023,2026-04-27,207.4600067138672,美元,摩根泰國基金 - 摩根泰國(美元)(累計),yfinance,未分類,亞洲地區,A0011 摩根投信,摩根ASIA
B08023,2026-04-28,205.91000366210938,美元,摩根泰國基金 - 摩根泰國(美元)(累計),yfinance,未分類,亞洲地區,A0011 摩根投信,摩根ASIA
B08023,2026-04-29,206.14999389648438,美元,摩根泰國基金 - 摩根泰國(美元)(累計),yfinance,未分類,亞洲地區,A0011 摩根投信,摩根ASIA
B08023,2026-04-30,207.3699951171875,美元,摩根泰國基金 - 摩根泰國(美元)(累計),yfinance,未分類,亞洲地區,A0011 摩根投信,摩根ASIA
B08023,2026-05-05,206.55999755859375,美元,摩根泰國基金 - 摩根泰國(美元)(累計),yfinance,未分類,亞洲地區,A0011 摩根投信,摩根ASIA
B08023,2026-05-06,212.9199981689453,美元,摩根泰國基金 - 摩根泰國(美元)(累計),yfinance,未分類,亞洲地區,A0011 摩根投信,摩根ASIA
B08023,2026-05-07,212.99000549316406,美元,摩根泰國基金 - 摩根泰國(美元)(累計),yfinance,未分類,亞洲地區,A0011 摩根投信,摩根ASIA
B08023,2026-05-08,211.6300048828125,美元,摩根泰國基金 - 摩根泰國(美元)(累計),yfinance,未分類,亞洲地區,A0011 摩根投信,摩根ASIA
B08023,2026-05-11,209.27000427246094,美元,摩根泰國基金 - 摩根泰國(美元)(累計),yfinance,未分類,亞洲地區,A0011 摩根投信,摩根ASIA
B08023,2026-05-12,209.2100067138672,美元,摩根泰國基金 - 摩根泰國(美元)(累計),yfinance,未分類,亞洲地區,A0011 摩根投信,摩根ASIA
B08023,2026-05-13,212.69000244140625,美元,摩根泰國基金 - 摩根泰國(美元)(累計),yfinance,未分類,亞洲地區,A0011 摩根投信,摩根ASIA
B08023,2026-05-14,216.82000732421875,美元,摩根泰國基金 - 摩根泰國(美元)(累計),yfinance,未分類,亞洲地區,A0011 摩根投信,摩根ASIA
B08023,2026-05-15,212.2899932861328,美元,摩根泰國基金 - 摩根泰國(美元)(累計),yfinance,未分類,亞洲地區,A0011 摩根投信,摩根ASIA
B08023,2026-05-18,212.58999633789062,美元,摩根泰國基金 - 摩根泰國(美元)(累計),yfinance,未分類,亞洲地區,A0011 摩根投信,摩根ASIA
B08023,2026-05-19,212.35000610351562,美元,摩根泰國基金 - 摩根泰國(美元)(累計),yfinance,未分類,亞洲地區,A0011 摩根投信,摩根ASIA
B08023,2026-05-20,212.6699981689453,美元,摩根泰國基金 - 摩根泰國(美元)(累計),yfinance,未分類,亞洲地區,A0011 摩根投信,摩根ASIA
B08023,2026-05-21,213.25999450683594,美元,摩根泰國基金 - 摩根泰國(美元)(累計),yfinance,未分類,亞洲地區,A0011 摩根投信,摩根ASIA
B08023,2026-05-22,212.7899932861328,美元,摩根泰國基金 - 摩根泰國(美元)(累計),yfinance,未分類,亞洲地區,A0011 摩根投信,摩根ASIA
B08023,2026-05-26,213.9600067138672,美元,摩根泰國基金 - 摩根泰國(美元)(累計),yfinance,未分類,亞洲地區,A0011 摩根投信,摩根ASIA
B08023,2026-05-27,215.38999938964844,美元,摩根泰國基金 - 摩根泰國(美元)(累計),yfinance,未分類,亞洲地區,A0011 摩根投信,摩根ASIA
B08023,2026-05-28,214.00999450683594,美元,摩根泰國基金 - 摩根泰國(美元)(累計),yfinance,未分類,亞洲地區,A0011 摩根投信,摩根ASIA
B08023,2026-05-29,215.24000549316406,美元,摩根泰國基金 - 摩根泰國(美元)(累計),yfinance,未分類,亞洲地區,A0011 摩根投信,摩根ASIA
B08023,2026-06-02,218.13999938964844,美元,摩根泰國基金 - 摩根泰國(美元)(累計),yfinance,未分類,亞洲地區,A0011 摩根投信,摩根ASIA
B08023,2026-06-04,218.50999450683594,美元,摩根泰國基金 - 摩根泰國(美元)(累計),yfinance,未分類,亞洲地區,A0011 摩根投信,摩根ASIA
B08023,2026-06-05,217.6999969482422,美元,摩根泰國基金 - 摩根泰國(美元)(累計),yfinance,未分類,亞洲地區,A0011 摩根投信,摩根ASIA
B08023,2026-06-08,214.00999450683594,美元,摩根泰國基金 - 摩根泰國(美元)(累計),yfinance,未分類,亞洲地區,A0011 摩根投信,摩根ASIA
B08023,2026-06-09,214.33999633789062,美元,摩根泰國基金 - 摩根泰國(美元)(累計),yfinance,未分類,亞洲地區,A0011 摩根投信,摩根ASIA
B08023,2026-06-10,212.02000427246094,美元,摩根泰國基金 - 摩根泰國(美元)(累計),yfinance,未分類,亞洲地區,A0011 摩根投信,摩根ASIA
B08023,2026-06-11,212.42999267578125,美元,摩根泰國基金 - 摩根泰國(美元)(累計),yfinance,未分類,亞洲地區,A0011 摩根投信,摩根ASIA
B08023,2026-06-12,217.61000061035156,美元,摩根泰國基金 - 摩根泰國(美元)(累計),yfinance,未分類,亞洲地區,A0011 摩根投信,摩根ASIA
B08023,2026-06-15,219.10000610351562,美元,摩根泰國基金 - 摩根泰國(美元)(累計),yfinance,未分類,亞洲地區,A0011 摩根投信,摩根ASIA
B08023,2026-06-16,219.2899932861328,美元,摩根泰國基金 - 摩根泰國(美元)(累計),yfinance,未分類,亞洲地區,A0011 摩根投信,摩根ASIA
B08023,2026-06-17,218.8699951171875,美元,摩根泰國基金 - 摩根泰國(美元)(累計),yfinance,未分類,亞洲地區,A0011 摩根投信,摩根ASIA
B08023,2026-06-18,217.63999938964844,美元,摩根泰國基金 - 摩根泰國(美元)(累計),yfinance,未分類,亞洲地區,A0011 摩根投信,摩根ASIA
B08023,2026-06-22,215.4600067138672,美元,摩根泰國基金 - 摩根泰國(美元)(累計),yfinance,未分類,亞洲地區,A0011 摩根投信,摩根ASIA
B08023,2026-06-23,209.82000732421875,美元,摩根泰國基金 - 摩根泰國(美元)(累計),yfinance,未分類,亞洲地區,A0011 摩根投信,摩根ASIA
B08023,2026-06-24,209.13999938964844,美元,摩根泰國基金 - 摩根泰國(美元)(累計),yfinance,未分類,亞洲地區,A0011 摩根投信,摩根ASIA
B08023,2026-06-25,209.47000122070312,美元,摩根泰國基金 - 摩根泰國(美元)(累計),yfinance,未分類,亞洲地區,A0011 摩根投信,摩根ASIA
B08023,2026-06-26,208.1300048828125,美元,摩根泰國基金 - 摩根泰國(美元)(累計),yfinance,未分類,亞洲地區,A0011 摩根投信,摩根ASIA
B08023,2026-06-29,212.88999938964844,美元,摩根泰國基金 - 摩根泰國(美元)(累計),yfinance,未分類,亞洲地區,A0011 摩根投信,摩根ASIA
B08023,2026-06-30,215.11000061035156,美元,摩根泰國基金 - 摩根泰國(美元)(累計),yfinance,未分類,亞洲地區,A0011 摩根投信,摩根ASIA
B08023,2026-07-02,215.1999969482422,美元,摩根泰國基金 - 摩根泰國(美元)(累計),yfinance,未分類,亞洲地區,A0011 摩根投信,摩根ASIA
B08023,2026-07-06,217.1999969482422,美元,摩根泰國基金 - 摩根泰國(美元)(累計),yfinance,未分類,亞洲地區,A0011 摩根投信,摩根ASIA
B08023,2026-07-07,215.19000244140625,美元,摩根泰國基金 - 摩根泰國(美元)(累計),yfinance,未分類,亞洲地區,A0011 摩根投信,摩根ASIA
B08023,2026-07-08,211.3800048828125,美元,摩根泰國基金 - 摩根泰國(美元)(累計),yfinance,未分類,亞洲地區,A0011 摩根投信,摩根ASIA
B08023,2026-07-09,215.4499969482422,美元,摩根泰國基金 - 摩根泰國(美元)(累計),yfinance,未分類,亞洲地區,A0011 摩根投信,摩根ASIA
B08023,2026-07-10,217.52000427246094,美元,摩根泰國基金 - 摩根泰國(美元)(累計),yfinance,未分類,亞洲地區,A0011 摩根投信,摩根ASIA
B08023,2026-07-13,217.5,美元,摩根泰國基金 - 摩根泰國(美元)(累計),yfinance,未分類,亞洲地區,A0011 摩根投信,摩根ASIA
B08023,2026-07-14,216.55999755859375,美元,摩根泰國基金 - 摩根泰國(美元)(累計),yfinance,未分類,亞洲地區,A0011 摩根投信,摩根ASIA
B08023,2026-07-15,215.7899932861328,美元,摩根泰國基金 - 摩根泰國(美元)(累計),yfinance,未分類,亞洲地區,A0011 摩根投信,摩根ASIA
B08023,2026-07-16,216.50999450683594,美元,摩根泰國基金 - 摩根泰國(美元)(累計),yfinance,未分類,亞洲地區,A0011 摩根投信,摩根ASIA
B08023,2026-07-17,218.02000427246094,美元,摩根泰國基金 - 摩根泰國(美元)(累計),yfinance,未分類,亞洲地區,A0011 摩根投信,摩根ASIA
B08023,2026-07-20,219.0500030517578,美元,摩根泰國基金 - 摩根泰國(美元)(累計),yfinance,未分類,亞洲地區,A0011 摩根投信,摩根ASIA
B08023,2026-07-21,219.97000122070312,美元,摩根泰國基金 - 摩根泰國(美元)(累計),yfinance,未分類,亞洲地區,A0011 摩根投信,摩根ASIA
B08023,2026-07-22,217.25999450683594,美元,摩根泰國基金 - 摩根泰國(美元)(累計),yfinance,未分類,亞洲地區,A0011 摩根投信,摩根ASIA
B08023,2026-07-23,216.5800018310547,美元,摩根泰國基金 - 摩根泰國(美元)(累計),yfinance,未分類,亞洲地區,A0011 摩根投信,摩根ASIA
B08023,2026-07-24,217.7899932861328,美元,摩根泰國基金 - 摩根泰國(美元)(累計),yfinance,未分類,亞洲地區,A0011 摩根投信,摩根ASIA
B08023,2026-07-27,216.99000549316406,美元,摩根泰國基金 - 摩根泰國(美元)(累計),yfinance,未分類,亞洲地區,A0011 摩根投信,摩根ASIA
B08023,2026-07-30,216.11000061035156,美元,摩根泰國基金 - 摩根泰國(美元)(累計),yfinance,未分類,亞洲地區,A0011 摩根投信,摩根ASIA
B08023,2026-07-31,220.22000122070312,美元,摩根泰國基金 - 摩根泰國(美元)(累計),yfinance,未分類,亞洲地區,A0011 摩根投信,摩根ASIA
B08023,2026-08-03,219.75999450683594,美元,摩根泰國基金 - 摩根泰國(美元)(累計),yfinance,未分類,亞洲地區,A0011 摩根投信,摩根ASIA
B08023,2026-08-04,218.7899932861328,美元,摩根泰國基金 - 摩根泰國(美元)(累計),yfinance,未分類,亞洲地區,A0011 摩根投信,摩根ASIA
B08023,2026-08-05,219.30999755859375,美元,摩根泰國基金 - 摩根泰國(美元)(累計),yfinance,未分類,亞洲地區,A0011 摩根投信,摩根ASIA
B08023,2026-08-06,221.5800018310547,美元,摩根泰國基金 - 摩根泰國(美元)(累計),yfinance,未分類,亞洲地區,A0011 摩根投信,摩根ASIA
B08023,2026-08-07,220.92999267578125,美元,摩根泰國基金 - 摩根泰國(美元)(累計),yfinance,未分類,亞洲地區,A0011 摩根投信,摩根ASIA
B08023,2026-08-10,221.66000366210938,美元,摩根泰國基金 - 摩根泰國(美元)(累計),yfinance,未分類,亞洲地區,A0011 摩根投信,摩根ASIA
B08023,2026-08-11,219.33999633789062,美元,摩根泰國基金 - 摩根泰國(美元)(累計),yfinance,未分類,亞洲地區,A0011 摩根投信,摩根ASIA
B08023,2026-08-13,219.91000366210938,美元,摩根泰國基金 - 摩根泰國(美元)(累計),yfinance,未分類,亞洲地區,A0011 摩根投信,摩根ASIA
B08023,2026-08-14,220.24000549316406,美元,摩根泰國基金 - 摩根泰國(美元)(累計),yfinance,未分類,亞洲地區,A0011 摩根投信,摩根ASIA
B08023,2026-08-17,222.9199981689453,美元,摩根泰國基金 - 摩根泰國(美元)(累計),yfinance,未分類,亞洲地區,A0011 摩根投信,摩根ASIA
B40017,2026-01-02,4029.79931640625,美元,GAM Star環球股票基金收息單位-美元,yfinance,股票型,全球市場,A0017 台中銀投信,GAM
B40017,2026-01-05,4074.82470703125,美元,GAM Star環球股票基金收息單位-美元,yfinance,股票型,全球市場,A0017 台中銀投信,GAM
B40017,2026-01-06,4136.23681640625,美元,GAM Star環球股票基金收息單位-美元,yfinance,股票型,全球市場,A0017 台中銀投信,GAM
B40017,2026-01-07,4118.5341796875,美元,GAM Star環球股票基金收息單位-美元,yfinance,股票型,全球市場,A0017 台中銀投信,GAM
B40017,2026-01-08,4105.46728515625,美元,GAM Star環球股票基金收息單位-美元,yfinance,股票型,全球市場,A0017 台中銀投信,GAM
B40017,2026-01-09,4141.77880859375,美元,GAM Star環球股票基金收息單位-美元,yfinance,股票型,全球市場,A0017 台中銀投信,GAM
B40017,2026-01-12,4161.3798828125,美元,GAM Star環球股票基金收息單位-美元,yfinance,股票型,全球市場,A0017 台中銀投信,GAM
B40017,2026-01-13,4128.36962890625,美元,GAM Star環球股票基金收息單位-美元,yfinance,股票型,全球市場,A0017 台中銀投信,GAM
B40017,2026-01-14,4092.1748046875,美元,GAM Star環球股票基金收息單位-美元,yfinance,股票型,全球市場,A0017 台中銀投信,GAM
B40017,2026-01-15,4133.966796875,美元,GAM Star環球股票基金收息單位-美元,yfinance,股票型,全球市場,A0017 台中銀投信,GAM
B40017,2026-01-16,4133.74169921875,美元,GAM Star環球股票基金收息單位-美元,yfinance,股票型,全球市場,A0017 台中銀投信,GAM
B40017,2026-01-20,4073.03662109375,美元,GAM Star環球股票基金收息單位-美元,yfinance,股票型,全球市場,A0017 台中銀投信,GAM
B40017,2026-01-21,4095.529296875,美元,GAM Star環球股票基金收息單位-美元,yfinance,股票型,全球市場,A0017 台中銀投信,GAM
B40017,2026-01-22,4114.4560546875,美元,GAM Star環球股票基金收息單位-美元,yfinance,股票型,全球市場,A0017 台中銀投信,GAM
B40017,2026-01-23,4135.32958984375,美元,GAM Star環球股票基金收息單位-美元,yfinance,股票型,全球市場,A0017 台中銀投信,GAM
B40017,2026-01-26,4157.4130859375,美元,GAM Star環球股票基金收息單位-美元,yfinance,股票型,全球市場,A0017 台中銀投信,GAM
B40017,2026-01-27,4189.78662109375,美元,GAM Star環球股票基金收息單位-美元,yfinance,股票型,全球市場,A0017 台中銀投信,GAM
B40017,2026-01-28,4203.1630859375,美元,GAM Star環球股票基金收息單位-美元,yfinance,股票型,全球市場,A0017 台中銀投信,GAM
B40017,2026-01-29,4204.3466796875,美元,GAM Star環球股票基金收息單位-美元,yfinance,股票型,全球市場,A0017 台中銀投信,GAM
B40017,2026-01-30,4170.83935546875,美元,GAM Star環球股票基金收息單位-美元,yfinance,股票型,全球市場,A0017 台中銀投信,GAM
B40017,2026-02-03,4159.3251953125,美元,GAM Star環球股票基金收息單位-美元,yfinance,股票型,全球市場,A0017 台中銀投信,GAM
B40017,2026-02-04,4099.6396484375,美元,GAM Star環球股票基金收息單位-美元,yfinance,股票型,全球市場,A0017 台中銀投信,GAM
B40017,2026-02-05,4046.419921875,美元,GAM Star環球股票基金收息單位-美元,yfinance,股票型,全球市場,A0017 台中銀投信,GAM
B40017,2026-02-06,4108.43994140625,美元,GAM Star環球股票基金收息單位-美元,yfinance,股票型,全球市場,A0017 台中銀投信,GAM
B40017,2026-02-09,4166.03564453125,美元,GAM Star環球股票基金收息單位-美元,yfinance,股票型,全球市場,A0017 台中銀投信,GAM
B40017,2026-02-10,4154.57958984375,美元,GAM Star環球股票基金收息單位-美元,yfinance,股票型,全球市場,A0017 台中銀投信,GAM
B40017,2026-02-11,4161.92333984375,美元,GAM Star環球股票基金收息單位-美元,yfinance,股票型,全球市場,A0017 台中銀投信,GAM
B40017,2026-02-12,4116.0244140625,美元,GAM Star環球股票基金收息單位-美元,yfinance,股票型,全球市場,A0017 台中銀投信,GAM
B40017,2026-02-13,4102.43603515625,美元,GAM Star環球股票基金收息單位-美元,yfinance,股票型,全球市場,A0017 台中銀投信,GAM
B40017,2026-02-17,4091.77978515625,美元,GAM Star環球股票基金收息單位-美元,yfinance,股票型,全球市場,A0017 台中銀投信,GAM
B40017,2026-02-18,4141.86962890625,美元,GAM Star環球股票基金收息單位-美元,yfinance,股票型,全球市場,A0017 台中銀投信,GAM
B40017,2026-02-19,4130.224609375,美元,GAM Star環球股票基金收息單位-美元,yfinance,股票型,全球市場,A0017 台中銀投信,GAM
B40017,2026-02-20,4185.05322265625,美元,GAM Star環球股票基金收息單位-美元,yfinance,股票型,全球市場,A0017 台中銀投信,GAM
B40017,2026-02-23,4135.55859375,美元,GAM Star環球股票基金收息單位-美元,yfinance,股票型,全球市場,A0017 台中銀投信,GAM
B40017,2026-02-24,4164.21533203125,美元,GAM Star環球股票基金收息單位-美元,yfinance,股票型,全球市場,A0017 台中銀投信,GAM
B40017,2026-02-25,4190.1787109375,美元,GAM Star環球股票基金收息單位-美元,yfinance,股票型,全球市場,A0017 台中銀投信,GAM
B40017,2026-02-26,4163.71240234375,美元,GAM Star環球股票基金收息單位-美元,yfinance,股票型,全球市場,A0017 台中銀投信,GAM
B40017,2026-02-27,4154.74560546875,美元,GAM Star環球股票基金收息單位-美元,yfinance,股票型,全球市場,A0017 台中銀投信,GAM
B40017,2026-03-02,4132.67724609375,美元,GAM Star環球股票基金收息單位-美元,yfinance,股票型,全球市場,A0017 台中銀投信,GAM
B40017,2026-03-03,4027.443115234375,美元,GAM Star環球股票基金收息單位-美元,yfinance,股票型,全球市場,A0017 台中銀投信,GAM
B40017,2026-03-04,4067.780029296875,美元,GAM Star環球股票基金收息單位-美元,yfinance,股票型,全球市場,A0017 台中銀投信,GAM
B40017,2026-03-05,4043.946044921875,美元,GAM Star環球股票基金收息單位-美元,yfinance,股票型,全球市場,A0017 台中銀投信,GAM
B40017,2026-03-06,4003.506103515625,美元,GAM Star環球股票基金收息單位-美元,yfinance,股票型,全球市場,A0017 台中銀投信,GAM
B40017,2026-03-09,4009.90966796875,美元,GAM Star環球股票基金收息單位-美元,yfinance,股票型,全球市場,A0017 台中銀投信,GAM
B40017,2026-03-10,4055.177001953125,美元,GAM Star環球股票基金收息單位-美元,yfinance,股票型,全球市場,A0017 台中銀投信,GAM
B40017,2026-03-11,4050.276123046875,美元,GAM Star環球股票基金收息單位-美元,yfinance,股票型,全球市場,A0017 台中銀投信,GAM
B40017,2026-03-12,3981.58837890625,美元,GAM Star環球股票基金收息單位-美元,yfinance,股票型,全球市場,A0017 台中銀投信,GAM
B40017,2026-03-13,3937.44873046875,美元,GAM Star環球股票基金收息單位-美元,yfinance,股票型,全球市場,A0017 台中銀投信,GAM
B40017,2026-03-16,3989.45654296875,美元,GAM Star環球股票基金收息單位-美元,yfinance,股票型,全球市場,A0017 台中銀投信,GAM
B40017,2026-03-18,3970.574462890625,美元,GAM Star環球股票基金收息單位-美元,yfinance,股票型,全球市場,A0017 台中銀投信,GAM
B40017,2026-03-19,3919.0908203125,美元,GAM Star環球股票基金收息單位-美元,yfinance,股票型,全球市場,A0017 台中銀投信,GAM
B40017,2026-03-20,3860.93408203125,美元,GAM Star環球股票基金收息單位-美元,yfinance,股票型,全球市場,A0017 台中銀投信,GAM
B40017,2026-03-23,3884.3740234375,美元,GAM Star環球股票基金收息單位-美元,yfinance,股票型,全球市場,A0017 台中銀投信,GAM
B40017,2026-03-24,3889.727294921875,美元,GAM Star環球股票基金收息單位-美元,yfinance,股票型,全球市場,A0017 台中銀投信,GAM
B40017,2026-03-25,3926.369384765625,美元,GAM Star環球股票基金收息單位-美元,yfinance,股票型,全球市場,A0017 台中銀投信,GAM
B40017,2026-03-26,3831.202880859375,美元,GAM Star環球股票基金收息單位-美元,yfinance,股票型,全球市場,A0017 台中銀投信,GAM
B40017,2026-03-27,3760.4638671875,美元,GAM Star環球股票基金收息單位-美元,yfinance,股票型,全球市場,A0017 台中銀投信,GAM
B40017,2026-03-30,3751.293701171875,美元,GAM Star環球股票基金收息單位-美元,yfinance,股票型,全球市場,A0017 台中銀投信,GAM
B40017,2026-03-31,3844.4716796875,美元,GAM Star環球股票基金收息單位-美元,yfinance,股票型,全球市場,A0017 台中銀投信,GAM
B40017,2026-04-01,3925.041748046875,美元,GAM Star環球股票基金收息單位-美元,yfinance,股票型,全球市場,A0017 台中銀投信,GAM
B40017,2026-04-02,3901.30859375,美元,GAM Star環球股票基金收息單位-美元,yfinance,股票型,全球市場,A0017 台中銀投信,GAM
B40017,2026-04-07,3945.29443359375,美元,GAM Star環球股票基金收息單位-美元,yfinance,股票型,全球市場,A0017 台中銀投信,GAM
B40017,2026-04-08,4099.556640625,美元,GAM Star環球股票基金收息單位-美元,yfinance,股票型,全球市場,A0017 台中銀投信,GAM
B40017,2026-04-09,4109.37255859375,美元,GAM Star環球股票基金收息單位-美元,yfinance,股票型,全球市場,A0017 台中銀投信,GAM
B40017,2026-04-10,4129.86962890625,美元,GAM Star環球股票基金收息單位-美元,yfinance,股票型,全球市場,A0017 台中銀投信,GAM
B40017,2026-04-13,4150.99169921875,美元,GAM Star環球股票基金收息單位-美元,yfinance,股票型,全球市場,A0017 台中銀投信,GAM
B40017,2026-04-14,4209.8310546875,美元,GAM Star環球股票基金收息單位-美元,yfinance,股票型,全球市場,A0017 台中銀投信,GAM
B40017,2026-04-15,4227.69921875,美元,GAM Star環球股票基金收息單位-美元,yfinance,股票型,全球市場,A0017 台中銀投信,GAM
B40017,2026-04-16,4237.46923828125,美元,GAM Star環球股票基金收息單位-美元,yfinance,股票型,全球市場,A0017 台中銀投信,GAM
B40017,2026-04-17,4286.5732421875,美元,GAM Star環球股票基金收息單位-美元,yfinance,股票型,全球市場,A0017 台中銀投信,GAM
B40017,2026-04-20,4266.0546875,美元,GAM Star環球股票基金收息單位-美元,yfinance,股票型,全球市場,A0017 台中銀投信,GAM
B40017,2026-04-21,4240.03076171875,美元,GAM Star環球股票基金收息單位-美元,yfinance,股票型,全球市場,A0017 台中銀投信,GAM
B40017,2026-04-22,4283.42529296875,美元,GAM Star環球股票基金收息單位-美元,yfinance,股票型,全球市場,A0017 台中銀投信,GAM
B40017,2026-04-23,4268.40869140625,美元,GAM Star環球股票基金收息單位-美元,yfinance,股票型,全球市場,A0017 台中銀投信,GAM
B40017,2026-04-24,4293.71435546875,美元,GAM Star環球股票基金收息單位-美元,yfinance,股票型,全球市場,A0017 台中銀投信,GAM
B40017,2026-04-27,4291.82275390625,美元,GAM Star環球股票基金收息單位-美元,yfinance,股票型,全球市場,A0017 台中銀投信,GAM
B40017,2026-04-28,4261.2744140625,美元,GAM Star環球股票基金收息單位-美元,yfinance,股票型,全球市場,A0017 台中銀投信,GAM
B40017,2026-04-29,4255.1103515625,美元,GAM Star環球股票基金收息單位-美元,yfinance,股票型,全球市場,A0017 台中銀投信,GAM
B40017,2026-04-30,4291.9609375,美元,GAM Star環球股票基金收息單位-美元,yfinance,股票型,全球市場,A0017 台中銀投信,GAM
B40017,2026-05-05,4307.17578125,美元,GAM Star環球股票基金收息單位-美元,yfinance,股票型,全球市場,A0017 台中銀投信,GAM
B40017,2026-05-06,4396.771484375,美元,GAM Star環球股票基金收息單位-美元,yfinance,股票型,全球市場,A0017 台中銀投信,GAM
B40017,2026-05-07,4360.04248046875,美元,GAM Star環球股票基金收息單位-美元,yfinance,股票型,全球市場,A0017 台中銀投信,GAM
B40017,2026-05-08,4359.78662109375,美元,GAM Star環球股票基金收息單位-美元,yfinance,股票型,全球市場,A0017 台中銀投信,GAM
B40017,2026-05-11,4368.744140625,美元,GAM Star環球股票基金收息單位-美元,yfinance,股票型,全球市場,A0017 台中銀投信,GAM
B40017,2026-05-12,4334.43359375,美元,GAM Star環球股票基金收息單位-美元,yfinance,股票型,全球市場,A0017 台中銀投信,GAM
B40017,2026-05-13,4379.89208984375,美元,GAM Star環球股票基金收息單位-美元,yfinance,股票型,全球市場,A0017 台中銀投信,GAM
B40017,2026-05-14,4418.8896484375,美元,GAM Star環球股票基金收息單位-美元,yfinance,股票型,全球市場,A0017 台中銀投信,GAM
B40017,2026-05-15,4336.11279296875,美元,GAM Star環球股票基金收息單位-美元,yfinance,股票型,全球市場,A0017 台中銀投信,GAM
B40017,2026-05-18,4338.48291015625,美元,GAM Star環球股票基金收息單位-美元,yfinance,股票型,全球市場,A0017 台中銀投信,GAM
B40017,2026-05-19,4298.38232421875,美元,GAM Star環球股票基金收息單位-美元,yfinance,股票型,全球市場,A0017 台中銀投信,GAM
B40017,2026-05-20,4364.9287109375,美元,GAM Star環球股票基金收息單位-美元,yfinance,股票型,全球市場,A0017 台中銀投信,GAM
B40017,2026-05-21,4377.66162109375,美元,GAM Star環球股票基金收息單位-美元,yfinance,股票型,全球市場,A0017 台中銀投信,GAM
B40017,2026-05-22,4377.91162109375,美元,GAM Star環球股票基金收息單位-美元,yfinance,股票型,全球市場,A0017 台中銀投信,GAM
B40017,2026-05-26,4407.3623046875,美元,GAM Star環球股票基金收息單位-美元,yfinance,股票型,全球市場,A0017 台中銀投信,GAM
B40017,2026-05-27,4421.158203125,美元,GAM Star環球股票基金收息單位-美元,yfinance,股票型,全球市場,A0017 台中銀投信,GAM
B40017,2026-05-28,4449.71533203125,美元,GAM Star環球股票基金收息單位-美元,yfinance,股票型,全球市場,A0017 台中銀投信,GAM
B40017,2026-05-29,4465.20849609375,美元,GAM Star環球股票基金收息單位-美元,yfinance,股票型,全球市場,A0017 台中銀投信,GAM
B40017,2026-06-02,4519.1591796875,美元,GAM Star環球股票基金收息單位-美元,yfinance,股票型,全球市場,A0017 台中銀投信,GAM
B40017,2026-06-03,4470.0908203125,美元,GAM Star環球股票基金收息單位-美元,yfinance,股票型,全球市場,A0017 台中銀投信,GAM
B40017,2026-06-04,4471.5908203125,美元,GAM Star環球股票基金收息單位-美元,yfinance,股票型,全球市場,A0017 台中銀投信,GAM
B40017,2026-06-05,4338.99560546875,美元,GAM Star環球股票基金收息單位-美元,yfinance,股票型,全球市場,A0017 台中銀投信,GAM
B40017,2026-06-08,4341.75048828125,美元,GAM Star環球股票基金收息單位-美元,yfinance,股票型,全球市場,A0017 台中銀投信,GAM
B40017,2026-06-09,4355.90673828125,美元,GAM Star環球股票基金收息單位-美元,yfinance,股票型,全球市場,A0017 台中銀投信,GAM
B40017,2026-06-10,4286.33056640625,美元,GAM Star環球股票基金收息單位-美元,yfinance,股票型,全球市場,A0017 台中銀投信,GAM
B40017,2026-06-11,4353.75634765625,美元,GAM Star環球股票基金收息單位-美元,yfinance,股票型,全球市場,A0017 台中銀投信,GAM
B40017,2026-06-12,4391.9306640625,美元,GAM Star環球股票基金收息單位-美元,yfinance,股票型,全球市場,A0017 台中銀投信,GAM
B40017,2026-06-15,4452.41650390625,美元,GAM Star環球股票基金收息單位-美元,yfinance,股票型,全球市場,A0017 台中銀投信,GAM
B40017,2026-06-16,4437.8662109375,美元,GAM Star環球股票基金收息單位-美元,yfinance,股票型,全球市場,A0017 台中銀投信,GAM
B40017,2026-06-17,4434.3037109375,美元,GAM Star環球股票基金收息單位-美元,yfinance,股票型,全球市場,A0017 台中銀投信,GAM
B40017,2026-06-18,4470.9453125,美元,GAM Star環球股票基金收息單位-美元,yfinance,股票型,全球市場,A0017 台中銀投信,GAM
B40017,2026-06-22,4458.2255859375,美元,GAM Star環球股票基金收息單位-美元,yfinance,股票型,全球市場,A0017 台中銀投信,GAM
B40017,2026-06-23,4347.13623046875,美元,GAM Star環球股票基金收息單位-美元,yfinance,股票型,全球市場,A0017 台中銀投信,GAM
B40017,2026-06-24,4351.1162109375,美元,GAM Star環球股票基金收息單位-美元,yfinance,股票型,全球市場,A0017 台中銀投信,GAM
B40017,2026-06-25,4367.587890625,美元,GAM Star環球股票基金收息單位-美元,yfinance,股票型,全球市場,A0017 台中銀投信,GAM
B40017,2026-06-26,4336.95263671875,美元,GAM Star環球股票基金收息單位-美元,yfinance,股票型,全球市場,A0017 台中銀投信,GAM
B40017,2026-06-29,4388.5712890625,美元,GAM Star環球股票基金收息單位-美元,yfinance,股票型,全球市場,A0017 台中銀投信,GAM
B40017,2026-06-30,4438.02490234375,美元,GAM Star環球股票基金收息單位-美元,yfinance,股票型,全球市場,A0017 台中銀投信,GAM
B40017,2026-07-01,4417.85546875,美元,GAM Star環球股票基金收息單位-美元,yfinance,股票型,全球市場,A0017 台中銀投信,GAM
B40017,2026-07-02,4425.90966796875,美元,GAM Star環球股票基金收息單位-美元,yfinance,股票型,全球市場,A0017 台中銀投信,GAM
B40017,2026-07-06,4473.505859375,美元,GAM Star環球股票基金收息單位-美元,yfinance,股票型,全球市場,A0017 台中銀投信,GAM
B40017,2026-07-07,4440.79345703125,美元,GAM Star環球股票基金收息單位-美元,yfinance,股票型,全球市場,A0017 台中銀投信,GAM
B40017,2026-07-08,4400.85693359375,美元,GAM Star環球股票基金收息單位-美元,yfinance,股票型,全球市場,A0017 台中銀投信,GAM
B40017,2026-07-09,4433.439453125,美元,GAM Star環球股票基金收息單位-美元,yfinance,股票型,全球市場,A0017 台中銀投信,GAM
B40017,2026-07-10,4448.52783203125,美元,GAM Star環球股票基金收息單位-美元,yfinance,股票型,全球市場,A0017 台中銀投信,GAM
B40017,2026-07-13,4402.6650390625,美元,GAM Star環球股票基金收息單位-美元,yfinance,股票型,全球市場,A0017 台中銀投信,GAM
B40017,2026-07-14,4448.02880859375,美元,GAM Star環球股票基金收息單位-美元,yfinance,股票型,全球市場,A0017 台中銀投信,GAM
B40017,2026-07-15,4490.6279296875,美元,GAM Star環球股票基金收息單位-美元,yfinance,股票型,全球市場,A0017 台中銀投信,GAM
B40017,2026-07-16,4454.595703125,美元,GAM Star環球股票基金收息單位-美元,yfinance,股票型,全球市場,A0017 台中銀投信,GAM
B40017,2026-07-20,4405.39599609375,美元,GAM Star環球股票基金收息單位-美元,yfinance,股票型,全球市場,A0017 台中銀投信,GAM
B40017,2026-07-21,4434.1953125,美元,GAM Star環球股票基金收息單位-美元,yfinance,股票型,全球市場,A0017 台中銀投信,GAM
B40017,2026-07-22,4417.98486328125,美元,GAM Star環球股票基金收息單位-美元,yfinance,股票型,全球市場,A0017 台中銀投信,GAM
B40017,2026-07-23,4342.90185546875,美元,GAM Star環球股票基金收息單位-美元,yfinance,股票型,全球市場,A0017 台中銀投信,GAM
B40017,2026-07-24,4332.3955078125,美元,GAM Star環球股票基金收息單位-美元,yfinance,股票型,全球市場,A0017 台中銀投信,GAM
B40017,2026-07-27,4349.8583984375,美元,GAM Star環球股票基金收息單位-美元,yfinance,股票型,全球市場,A0017 台中銀投信,GAM
B40017,2026-07-28,4361.43798828125,美元,GAM Star環球股票基金收息單位-美元,yfinance,股票型,全球市場,A0017 台中銀投信,GAM
B40017,2026-07-29,4329.23046875,美元,GAM Star環球股票基金收息單位-美元,yfinance,股票型,全球市場,A0017 台中銀投信,GAM
B40017,2026-07-30,4431.98583984375,美元,GAM Star環球股票基金收息單位-美元,yfinance,股票型,全球市場,A0017 台中銀投信,GAM
B40017,2026-07-31,4506.6416015625,美元,GAM Star環球股票基金收息單位-美元,yfinance,股票型,全球市場,A0017 台中銀投信,GAM
B40017,2026-08-04,4612.11181640625,美元,GAM Star環球股票基金收息單位-美元,yfinance,股票型,全球市場,A0017 台中銀投信,GAM
B40017,2026-08-05,4610.54248046875,美元,GAM Star環球股票基金收息單位-美元,yfinance,股票型,全球市場,A0017 台中銀投信,GAM
B40017,2026-08-06,4596.69775390625,美元,GAM Star環球股票基金收息單位-美元,yfinance,股票型,全球市場,A0017 台中銀投信,GAM
B40017,2026-08-07,4633.65771484375,美元,GAM Star環球股票基金收息單位-美元,yfinance,股票型,全球市場,A0017 台中銀投信,GAM
B40017,2026-08-10,4636.93017578125,美元,GAM Star環球股票基金收息單位-美元,yfinance,股票型,全球市場,A0017 台中銀投信,GAM
B40017,2026-08-11,4619.158203125,美元,GAM Star環球股票基金收息單位-美元,yfinance,股票型,全球市場,A0017 台中銀投信,GAM
B40017,2026-08-12,4623.86328125,美元,GAM Star環球股票基金收息單位-美元,yfinance,股票型,全球市場,A0017 台中銀投信,GAM
B40017,2026-08-13,4637.15283203125,美元,GAM Star環球股票基金收息單位-美元,yfinance,股票型,全球市場,A0017 台中銀投信,GAM
B40017,2026-08-14,4630.8564453125,美元,GAM Star環球股票基金收息單位-美元,yfinance,股票型,全球市場,A0017 台中銀投信,GAM
B40017,2026-08-17,4605.2958984375,美元,GAM Star環球股票基金收息單位-美元,yfinance,股票型,全球市場,A0017 台中銀投信,GAM
B43001,2026-01-02,198.1699981689453,美元,羅素多元資產35基金B類股,yfinance,債券型,全球市場,A0025 永豐投信,CARNE 
B43001,2026-01-05,198.69000244140625,美元,羅素多元資產35基金B類股,yfinance,債券型,全球市場,A0025 永豐投信,CARNE 
B43001,2026-01-06,199.00999450683594,美元,羅素多元資產35基金B類股,yfinance,債券型,全球市場,A0025 永豐投信,CARNE 
B43001,2026-01-07,199.0800018310547,美元,羅素多元資產35基金B類股,yfinance,債券型,全球市場,A0025 永豐投信,CARNE 
B43001,2026-01-08,198.7899932861328,美元,羅素多元資產35基金B類股,yfinance,債券型,全球市場,A0025 永豐投信,CARNE 
B43001,2026-01-09,199.08999633789062,美元,羅素多元資產35基金B類股,yfinance,債券型,全球市場,A0025 永豐投信,CARNE 
B43001,2026-01-12,199.30999755859375,美元,羅素多元資產35基金B類股,yfinance,債券型,全球市場,A0025 永豐投信,CARNE 
B43001,2026-01-13,199.27000427246094,美元,羅素多元資產35基金B類股,yfinance,債券型,全球市場,A0025 永豐投信,CARNE 
B43001,2026-01-14,199.44000244140625,美元,羅素多元資產35基金B類股,yfinance,債券型,全球市場,A0025 永豐投信,CARNE 
B43001,2026-01-15,199.5500030517578,美元,羅素多元資產35基金B類股,yfinance,債券型,全球市場,A0025 永豐投信,CARNE 
B43001,2026-01-16,199.3000030517578,美元,羅素多元資產35基金B類股,yfinance,債券型,全球市場,A0025 永豐投信,CARNE 
B43001,2026-01-20,198.41000366210938,美元,羅素多元資產35基金B類股,yfinance,債券型,全球市場,A0025 永豐投信,CARNE 
B43001,2026-01-21,198.82000732421875,美元,羅素多元資產35基金B類股,yfinance,債券型,全球市場,A0025 永豐投信,CARNE 
B43001,2026-01-22,199.3000030517578,美元,羅素多元資產35基金B類股,yfinance,債券型,全球市場,A0025 永豐投信,CARNE 
B43001,2026-01-23,199.4499969482422,美元,羅素多元資產35基金B類股,yfinance,債券型,全球市場,A0025 永豐投信,CARNE 
B43001,2026-01-26,199.94000244140625,美元,羅素多元資產35基金B類股,yfinance,債券型,全球市場,A0025 永豐投信,CARNE 
B43001,2026-01-27,200.3000030517578,美元,羅素多元資產35基金B類股,yfinance,債券型,全球市場,A0025 永豐投信,CARNE 
B43001,2026-01-28,200.4199981689453,美元,羅素多元資產35基金B類股,yfinance,債券型,全球市場,A0025 永豐投信,CARNE 
B43001,2026-01-29,200.19000244140625,美元,羅素多元資產35基金B類股,yfinance,債券型,全球市場,A0025 永豐投信,CARNE 
B43001,2026-01-30,199.9600067138672,美元,羅素多元資產35基金B類股,yfinance,債券型,全球市場,A0025 永豐投信,CARNE 
B43001,2026-02-03,199.77000427246094,美元,羅素多元資產35基金B類股,yfinance,債券型,全球市場,A0025 永豐投信,CARNE 
B43001,2026-02-04,199.69000244140625,美元,羅素多元資產35基金B類股,yfinance,債券型,全球市場,A0025 永豐投信,CARNE 
B43001,2026-02-05,199.3000030517578,美元,羅素多元資產35基金B類股,yfinance,債券型,全球市場,A0025 永豐投信,CARNE 
B43001,2026-02-06,200.0,美元,羅素多元資產35基金B類股,yfinance,債券型,全球市場,A0025 永豐投信,CARNE 
B43001,2026-02-09,200.58999633789062,美元,羅素多元資產35基金B類股,yfinance,債券型,全球市場,A0025 永豐投信,CARNE 
B43001,2026-02-10,200.97000122070312,美元,羅素多元資產35基金B類股,yfinance,債券型,全球市場,A0025 永豐投信,CARNE 
B43001,2026-02-11,200.97000122070312,美元,羅素多元資產35基金B類股,yfinance,債券型,全球市場,A0025 永豐投信,CARNE 
B43001,2026-02-13,201.00999450683594,美元,羅素多元資產35基金B類股,yfinance,債券型,全球市場,A0025 永豐投信,CARNE 
B43001,2026-02-17,201.11000061035156,美元,羅素多元資產35基金B類股,yfinance,債券型,全球市場,A0025 永豐投信,CARNE 
B43001,2026-02-18,201.35000610351562,美元,羅素多元資產35基金B類股,yfinance,債券型,全球市場,A0025 永豐投信,CARNE 
B43001,2026-02-19,201.25999450683594,美元,羅素多元資產35基金B類股,yfinance,債券型,全球市場,A0025 永豐投信,CARNE 
B43001,2026-02-20,201.6199951171875,美元,羅素多元資產35基金B類股,yfinance,債券型,全球市場,A0025 永豐投信,CARNE 
B43001,2026-02-23,201.61000061035156,美元,羅素多元資產35基金B類股,yfinance,債券型,全球市場,A0025 永豐投信,CARNE 
B43001,2026-02-24,201.77000427246094,美元,羅素多元資產35基金B類股,yfinance,債券型,全球市場,A0025 永豐投信,CARNE 
B43001,2026-02-25,202.11000061035156,美元,羅素多元資產35基金B類股,yfinance,債券型,全球市場,A0025 永豐投信,CARNE 
B43001,2026-02-26,202.13999938964844,美元,羅素多元資產35基金B類股,yfinance,債券型,全球市場,A0025 永豐投信,CARNE 
B43001,2026-02-27,202.1199951171875,美元,羅素多元資產35基金B類股,yfinance,債券型,全球市場,A0025 永豐投信,CARNE 
B43001,2026-03-02,201.44000244140625,美元,羅素多元資產35基金B類股,yfinance,債券型,全球市場,A0025 永豐投信,CARNE 
B43001,2026-03-03,200.1199951171875,美元,羅素多元資產35基金B類股,yfinance,債券型,全球市場,A0025 永豐投信,CARNE 
B43001,2026-03-04,200.30999755859375,美元,羅素多元資產35基金B類股,yfinance,債券型,全球市場,A0025 永豐投信,CARNE 
B43001,2026-03-05,199.74000549316406,美元,羅素多元資產35基金B類股,yfinance,債券型,全球市場,A0025 永豐投信,CARNE 
B43001,2026-03-06,199.16000366210938,美元,羅素多元資產35基金B類股,yfinance,債券型,全球市場,A0025 永豐投信,CARNE 
B43001,2026-03-09,198.9499969482422,美元,羅素多元資產35基金B類股,yfinance,債券型,全球市場,A0025 永豐投信,CARNE 
B43001,2026-03-10,199.63999938964844,美元,羅素多元資產35基金B類股,yfinance,債券型,全球市場,A0025 永豐投信,CARNE 
B43001,2026-03-11,198.9199981689453,美元,羅素多元資產35基金B類股,yfinance,債券型,全球市場,A0025 永豐投信,CARNE 
B43001,2026-03-12,197.92999267578125,美元,羅素多元資產35基金B類股,yfinance,債券型,全球市場,A0025 永豐投信,CARNE 
B43001,2026-03-13,197.25999450683594,美元,羅素多元資產35基金B類股,yfinance,債券型,全球市場,A0025 永豐投信,CARNE 
B43001,2026-03-16,197.77000427246094,美元,羅素多元資產35基金B類股,yfinance,債券型,全球市場,A0025 永豐投信,CARNE 
B43001,2026-03-18,197.8300018310547,美元,羅素多元資產35基金B類股,yfinance,債券型,全球市場,A0025 永豐投信,CARNE 
B43001,2026-03-19,196.97999572753906,美元,羅素多元資產35基金B類股,yfinance,債券型,全球市場,A0025 永豐投信,CARNE 
B43001,2026-03-20,195.6699981689453,美元,羅素多元資產35基金B類股,yfinance,債券型,全球市場,A0025 永豐投信,CARNE 
B43001,2026-03-23,195.9199981689453,美元,羅素多元資產35基金B類股,yfinance,債券型,全球市場,A0025 永豐投信,CARNE 
B43001,2026-03-24,195.80999755859375,美元,羅素多元資產35基金B類股,yfinance,債券型,全球市場,A0025 永豐投信,CARNE 
B43001,2026-03-25,196.74000549316406,美元,羅素多元資產35基金B類股,yfinance,債券型,全球市場,A0025 永豐投信,CARNE 
B43001,2026-03-26,195.61000061035156,美元,羅素多元資產35基金B類股,yfinance,債券型,全球市場,A0025 永豐投信,CARNE 
B43001,2026-03-27,194.6699981689453,美元,羅素多元資產35基金B類股,yfinance,債券型,全球市場,A0025 永豐投信,CARNE 
B43001,2026-03-30,194.88999938964844,美元,羅素多元資產35基金B類股,yfinance,債券型,全球市場,A0025 永豐投信,CARNE 
B43001,2026-03-31,195.77000427246094,美元,羅素多元資產35基金B類股,yfinance,債券型,全球市場,A0025 永豐投信,CARNE 
B43001,2026-04-01,196.86000061035156,美元,羅素多元資產35基金B類股,yfinance,債券型,全球市場,A0025 永豐投信,CARNE 
B43001,2026-04-02,196.86000061035156,美元,羅素多元資產35基金B類股,yfinance,債券型,全球市場,A0025 永豐投信,CARNE 
B43001,2026-04-07,196.74000549316406,美元,羅素多元資產35基金B類股,yfinance,債券型,全球市場,A0025 永豐投信,CARNE 
B43001,2026-04-08,199.1199951171875,美元,羅素多元資產35基金B類股,yfinance,債券型,全球市場,A0025 永豐投信,CARNE 
B43001,2026-04-09,199.0500030517578,美元,羅素多元資產35基金B類股,yfinance,債券型,全球市場,A0025 永豐投信,CARNE 
B43001,2026-04-10,199.07000732421875,美元,羅素多元資產35基金B類股,yfinance,債券型,全球市場,A0025 永豐投信,CARNE 
B43001,2026-04-13,199.05999755859375,美元,羅素多元資產35基金B類股,yfinance,債券型,全球市場,A0025 永豐投信,CARNE 
B43001,2026-04-14,200.11000061035156,美元,羅素多元資產35基金B類股,yfinance,債券型,全球市場,A0025 永豐投信,CARNE 
B43001,2026-04-15,200.24000549316406,美元,羅素多元資產35基金B類股,yfinance,債券型,全球市場,A0025 永豐投信,CARNE 
B43001,2026-04-16,200.38999938964844,美元,羅素多元資產35基金B類股,yfinance,債券型,全球市場,A0025 永豐投信,CARNE 
B43001,2026-04-17,201.2899932861328,美元,羅素多元資產35基金B類股,yfinance,債券型,全球市場,A0025 永豐投信,CARNE 
B43001,2026-04-20,201.05999755859375,美元,羅素多元資產35基金B類股,yfinance,債券型,全球市場,A0025 永豐投信,CARNE 
B43001,2026-04-21,200.61000061035156,美元,羅素多元資產35基金B類股,yfinance,債券型,全球市場,A0025 永豐投信,CARNE 
B43001,2026-04-22,200.97000122070312,美元,羅素多元資產35基金B類股,yfinance,債券型,全球市場,A0025 永豐投信,CARNE 
B43001,2026-04-23,200.60000610351562,美元,羅素多元資產35基金B類股,yfinance,債券型,全球市場,A0025 永豐投信,CARNE 
B43001,2026-04-24,200.6999969482422,美元,羅素多元資產35基金B類股,yfinance,債券型,全球市場,A0025 永豐投信,CARNE 
B43001,2026-04-27,200.6300048828125,美元,羅素多元資產35基金B類股,yfinance,債券型,全球市場,A0025 永豐投信,CARNE 
B43001,2026-04-28,200.22000122070312,美元,羅素多元資產35基金B類股,yfinance,債券型,全球市場,A0025 永豐投信,CARNE 
B43001,2026-04-29,199.97999572753906,美元,羅素多元資產35基金B類股,yfinance,債券型,全球市場,A0025 永豐投信,CARNE 
B43001,2026-04-30,200.58999633789062,美元,羅素多元資產35基金B類股,yfinance,債券型,全球市場,A0025 永豐投信,CARNE 
B43001,2026-05-01,200.83999633789062,美元,羅素多元資產35基金B類股,yfinance,債券型,全球市場,A0025 永豐投信,CARNE 
B43001,2026-05-05,200.99000549316406,美元,羅素多元資產35基金B類股,yfinance,債券型,全球市場,A0025 永豐投信,CARNE 
B43001,2026-05-06,202.1199951171875,美元,羅素多元資產35基金B類股,yfinance,債券型,全球市場,A0025 永豐投信,CARNE 
B43001,2026-05-07,201.99000549316406,美元,羅素多元資產35基金B類股,yfinance,債券型,全球市場,A0025 永豐投信,CARNE 
B43001,2026-05-08,202.0800018310547,美元,羅素多元資產35基金B類股,yfinance,債券型,全球市場,A0025 永豐投信,CARNE 
B43001,2026-05-11,202.02000427246094,美元,羅素多元資產35基金B類股,yfinance,債券型,全球市場,A0025 永豐投信,CARNE 
B43001,2026-05-12,201.4199981689453,美元,羅素多元資產35基金B類股,yfinance,債券型,全球市場,A0025 永豐投信,CARNE 
B43001,2026-05-13,201.58999633789062,美元,羅素多元資產35基金B類股,yfinance,債券型,全球市場,A0025 永豐投信,CARNE 
B43001,2026-05-14,202.0500030517578,美元,羅素多元資產35基金B類股,yfinance,債券型,全球市場,A0025 永豐投信,CARNE 
B43001,2026-05-15,200.49000549316406,美元,羅素多元資產35基金B類股,yfinance,債券型,全球市場,A0025 永豐投信,CARNE 
B43001,2026-05-18,200.42999267578125,美元,羅素多元資產35基金B類股,yfinance,債券型,全球市場,A0025 永豐投信,CARNE 
B43001,2026-05-19,199.92999267578125,美元,羅素多元資產35基金B類股,yfinance,債券型,全球市場,A0025 永豐投信,CARNE 
B43001,2026-05-20,200.8800048828125,美元,羅素多元資產35基金B類股,yfinance,債券型,全球市場,A0025 永豐投信,CARNE 
B43001,2026-05-21,201.00999450683594,美元,羅素多元資產35基金B類股,yfinance,債券型,全球市場,A0025 永豐投信,CARNE 
B43001,2026-05-22,201.47999572753906,美元,羅素多元資產35基金B類股,yfinance,債券型,全球市場,A0025 永豐投信,CARNE 
B43001,2026-05-26,202.22000122070312,美元,羅素多元資產35基金B類股,yfinance,債券型,全球市場,A0025 永豐投信,CARNE 
B43001,2026-05-27,202.35000610351562,美元,羅素多元資產35基金B類股,yfinance,債券型,全球市場,A0025 永豐投信,CARNE 
B43001,2026-05-28,202.58999633789062,美元,羅素多元資產35基金B類股,yfinance,債券型,全球市場,A0025 永豐投信,CARNE 
B43001,2026-05-29,203.00999450683594,美元,羅素多元資產35基金B類股,yfinance,債券型,全球市場,A0025 永豐投信,CARNE 
B43001,2026-06-02,203.02000427246094,美元,羅素多元資產35基金B類股,yfinance,債券型,全球市場,A0025 永豐投信,CARNE 
B43001,2026-06-03,202.44000244140625,美元,羅素多元資產35基金B類股,yfinance,債券型,全球市場,A0025 永豐投信,CARNE 
B43001,2026-06-04,202.60000610351562,美元,羅素多元資產35基金B類股,yfinance,債券型,全球市場,A0025 永豐投信,CARNE 
B43001,2026-06-05,201.4199981689453,美元,羅素多元資產35基金B類股,yfinance,債券型,全球市場,A0025 永豐投信,CARNE 
B43001,2026-06-08,200.91000366210938,美元,羅素多元資產35基金B類股,yfinance,債券型,全球市場,A0025 永豐投信,CARNE 
B43001,2026-06-09,201.1300048828125,美元,羅素多元資產35基金B類股,yfinance,債券型,全球市場,A0025 永豐投信,CARNE 
B43001,2026-06-10,200.52999877929688,美元,羅素多元資產35基金B類股,yfinance,債券型,全球市場,A0025 永豐投信,CARNE 
B43001,2026-06-11,201.16000366210938,美元,羅素多元資產35基金B類股,yfinance,債券型,全球市場,A0025 永豐投信,CARNE 
B43001,2026-06-12,202.02000427246094,美元,羅素多元資產35基金B類股,yfinance,債券型,全球市場,A0025 永豐投信,CARNE 
B43001,2026-06-15,202.9600067138672,美元,羅素多元資產35基金B類股,yfinance,債券型,全球市場,A0025 永豐投信,CARNE 
B43001,2026-06-16,202.9199981689453,美元,羅素多元資產35基金B類股,yfinance,債券型,全球市場,A0025 永豐投信,CARNE 
B43001,2026-06-17,202.6199951171875,美元,羅素多元資產35基金B類股,yfinance,債券型,全球市場,A0025 永豐投信,CARNE 
B43001,2026-06-18,202.72999572753906,美元,羅素多元資產35基金B類股,yfinance,債券型,全球市場,A0025 永豐投信,CARNE 
B43001,2026-06-22,202.3000030517578,美元,羅素多元資產35基金B類股,yfinance,債券型,全球市場,A0025 永豐投信,CARNE 
B43001,2026-06-23,201.60000610351562,美元,羅素多元資產35基金B類股,yfinance,債券型,全球市場,A0025 永豐投信,CARNE 
B43001,2026-06-24,201.89999389648438,美元,羅素多元資產35基金B類股,yfinance,債券型,全球市場,A0025 永豐投信,CARNE 
B43001,2026-06-25,202.14999389648438,美元,羅素多元資產35基金B類股,yfinance,債券型,全球市場,A0025 永豐投信,CARNE 
B43001,2026-06-26,202.0800018310547,美元,羅素多元資產35基金B類股,yfinance,債券型,全球市場,A0025 永豐投信,CARNE 
B43001,2026-06-29,202.33999633789062,美元,羅素多元資產35基金B類股,yfinance,債券型,全球市場,A0025 永豐投信,CARNE 
B43001,2026-06-30,202.44000244140625,美元,羅素多元資產35基金B類股,yfinance,債券型,全球市場,A0025 永豐投信,CARNE 
B43001,2026-07-01,202.25,美元,羅素多元資產35基金B類股,yfinance,債券型,全球市場,A0025 永豐投信,CARNE 
B43001,2026-07-02,202.30999755859375,美元,羅素多元資產35基金B類股,yfinance,債券型,全球市場,A0025 永豐投信,CARNE 
B43001,2026-07-06,202.66000366210938,美元,羅素多元資產35基金B類股,yfinance,債券型,全球市場,A0025 永豐投信,CARNE 
B43001,2026-07-07,202.19000244140625,美元,羅素多元資產35基金B類股,yfinance,債券型,全球市場,A0025 永豐投信,CARNE 
B43001,2026-07-08,201.32000732421875,美元,羅素多元資產35基金B類股,yfinance,債券型,全球市場,A0025 永豐投信,CARNE 
B43001,2026-07-09,201.97000122070312,美元,羅素多元資產35基金B類股,yfinance,債券型,全球市場,A0025 永豐投信,CARNE 
B43001,2026-07-10,202.24000549316406,美元,羅素多元資產35基金B類股,yfinance,債券型,全球市場,A0025 永豐投信,CARNE 
B43001,2026-07-13,201.58999633789062,美元,羅素多元資產35基金B類股,yfinance,債券型,全球市場,A0025 永豐投信,CARNE 
B43001,2026-07-14,201.83999633789062,美元,羅素多元資產35基金B類股,yfinance,債券型,全球市場,A0025 永豐投信,CARNE 
B43001,2026-07-15,202.25999450683594,美元,羅素多元資產35基金B類股,yfinance,債券型,全球市場,A0025 永豐投信,CARNE 
B43001,2026-07-16,201.91000366210938,美元,羅素多元資產35基金B類股,yfinance,債券型,全球市場,A0025 永豐投信,CARNE 
B43001,2026-07-17,201.42999267578125,美元,羅素多元資產35基金B類股,yfinance,債券型,全球市場,A0025 永豐投信,CARNE 
B43001,2026-07-20,201.0,美元,羅素多元資產35基金B類股,yfinance,債券型,全球市場,A0025 永豐投信,CARNE 
B43001,2026-07-21,201.35000610351562,美元,羅素多元資產35基金B類股,yfinance,債券型,全球市場,A0025 永豐投信,CARNE 
B43001,2026-07-22,201.3000030517578,美元,羅素多元資產35基金B類股,yfinance,債券型,全球市場,A0025 永豐投信,CARNE 
B43001,2026-07-23,200.49000549316406,美元,羅素多元資產35基金B類股,yfinance,債券型,全球市場,A0025 永豐投信,CARNE 
B43001,2026-07-24,200.6999969482422,美元,羅素多元資產35基金B類股,yfinance,債券型,全球市場,A0025 永豐投信,CARNE 
B43001,2026-07-27,200.9199981689453,美元,羅素多元資產35基金B類股,yfinance,債券型,全球市場,A0025 永豐投信,CARNE 
B43001,2026-07-28,200.97000122070312,美元,羅素多元資產35基金B類股,yfinance,債券型,全球市場,A0025 永豐投信,CARNE 
B43001,2026-07-29,200.1300048828125,美元,羅素多元資產35基金B類股,yfinance,債券型,全球市場,A0025 永豐投信,CARNE 
B43001,2026-07-30,200.67999267578125,美元,羅素多元資產35基金B類股,yfinance,債券型,全球市場,A0025 永豐投信,CARNE 
B43001,2026-07-31,200.94000244140625,美元,羅素多元資產35基金B類股,yfinance,債券型,全球市場,A0025 永豐投信,CARNE 
B43001,2026-08-04,202.52999877929688,美元,羅素多元資產35基金B類股,yfinance,債券型,全球市場,A0025 永豐投信,CARNE 
B43001,2026-08-05,202.8699951171875,美元,羅素多元資產35基金B類股,yfinance,債券型,全球市場,A0025 永豐投信,CARNE 
B43001,2026-08-06,202.47999572753906,美元,羅素多元資產35基金B類股,yfinance,債券型,全球市場,A0025 永豐投信,CARNE 
B43001,2026-08-07,202.8699951171875,美元,羅素多元資產35基金B類股,yfinance,債券型,全球市場,A0025 永豐投信,CARNE 
B43001,2026-08-10,202.6999969482422,美元,羅素多元資產35基金B類股,yfinance,債券型,全球市場,A0025 永豐投信,CARNE 
B43001,2026-08-11,202.72000122070312,美元,羅素多元資產35基金B類股,yfinance,債券型,全球市場,A0025 永豐投信,CARNE 
B43001,2026-08-12,202.88999938964844,美元,羅素多元資產35基金B類股,yfinance,債券型,全球市場,A0025 永豐投信,CARNE 
B43001,2026-08-13,203.22000122070312,美元,羅素多元資產35基金B類股,yfinance,債券型,全球市場,A0025 永豐投信,CARNE 
B43001,2026-08-14,203.0399932861328,美元,羅素多元資產35基金B類股,yfinance,債券型,全球市場,A0025 永豐投信,CARNE 
B43001,2026-08-17,202.72999572753906,美元,羅素多元資產35基金B類股,yfinance,債券型,全球市場,A0025 永豐投信,CARNE 
B42047,2026-01-02,152.1199951171875,美元,法盛盧米斯賽勒斯投資等級債券基金-R/A美元級別,yfinance,債券型,全球市場,A0026 中國信託投信,法盛LUX
B42047,2026-01-05,152.2100067138672,美元,法盛盧米斯賽勒斯投資等級債券基金-R/A美元級別,yfinance,債券型,全球市場,A0026 中國信託投信,法盛LUX
B42047,2026-01-06,152.27000427246094,美元,法盛盧米斯賽勒斯投資等級債券基金-R/A美元級別,yfinance,債券型,全球市場,A0026 中國信託投信,法盛LUX
B42047,2026-01-07,152.44000244140625,美元,法盛盧米斯賽勒斯投資等級債券基金-R/A美元級別,yfinance,債券型,全球市場,A0026 中國信託投信,法盛LUX
B42047,2026-01-08,152.0500030517578,美元,法盛盧米斯賽勒斯投資等級債券基金-R/A美元級別,yfinance,債券型,全球市場,A0026 中國信託投信,法盛LUX
B42047,2026-01-09,152.16000366210938,美元,法盛盧米斯賽勒斯投資等級債券基金-R/A美元級別,yfinance,債券型,全球市場,A0026 中國信託投信,法盛LUX
B42047,2026-01-12,152.35000610351562,美元,法盛盧米斯賽勒斯投資等級債券基金-R/A美元級別,yfinance,債券型,全球市場,A0026 中國信託投信,法盛LUX
B42047,2026-01-13,152.3000030517578,美元,法盛盧米斯賽勒斯投資等級債券基金-R/A美元級別,yfinance,債券型,全球市場,A0026 中國信託投信,法盛LUX
B42047,2026-01-14,152.6300048828125,美元,法盛盧米斯賽勒斯投資等級債券基金-R/A美元級別,yfinance,債券型,全球市場,A0026 中國信託投信,法盛LUX
B42047,2026-01-15,152.36000061035156,美元,法盛盧米斯賽勒斯投資等級債券基金-R/A美元級別,yfinance,債券型,全球市場,A0026 中國信託投信,法盛LUX
B42047,2026-01-16,152.0800018310547,美元,法盛盧米斯賽勒斯投資等級債券基金-R/A美元級別,yfinance,債券型,全球市場,A0026 中國信託投信,法盛LUX
B42047,2026-01-20,152.22000122070312,美元,法盛盧米斯賽勒斯投資等級債券基金-R/A美元級別,yfinance,債券型,全球市場,A0026 中國信託投信,法盛LUX
B42047,2026-01-21,152.44000244140625,美元,法盛盧米斯賽勒斯投資等級債券基金-R/A美元級別,yfinance,債券型,全球市場,A0026 中國信託投信,法盛LUX
B42047,2026-01-22,152.8000030517578,美元,法盛盧米斯賽勒斯投資等級債券基金-R/A美元級別,yfinance,債券型,全球市場,A0026 中國信託投信,法盛LUX
B42047,2026-01-23,152.9600067138672,美元,法盛盧米斯賽勒斯投資等級債券基金-R/A美元級別,yfinance,債券型,全球市場,A0026 中國信託投信,法盛LUX
B42047,2026-01-26,153.8300018310547,美元,法盛盧米斯賽勒斯投資等級債券基金-R/A美元級別,yfinance,債券型,全球市場,A0026 中國信託投信,法盛LUX
B42047,2026-01-27,153.97000122070312,美元,法盛盧米斯賽勒斯投資等級債券基金-R/A美元級別,yfinance,債券型,全球市場,A0026 中國信託投信,法盛LUX
B42047,2026-01-28,154.0,美元,法盛盧米斯賽勒斯投資等級債券基金-R/A美元級別,yfinance,債券型,全球市場,A0026 中國信託投信,法盛LUX
B42047,2026-01-29,153.97000122070312,美元,法盛盧米斯賽勒斯投資等級債券基金-R/A美元級別,yfinance,債券型,全球市場,A0026 中國信託投信,法盛LUX
B42047,2026-01-30,153.75999450683594,美元,法盛盧米斯賽勒斯投資等級債券基金-R/A美元級別,yfinance,債券型,全球市場,A0026 中國信託投信,法盛LUX
B42047,2026-02-02,153.17999267578125,美元,法盛盧米斯賽勒斯投資等級債券基金-R/A美元級別,yfinance,債券型,全球市場,A0026 中國信託投信,法盛LUX
B42047,2026-02-03,153.33999633789062,美元,法盛盧米斯賽勒斯投資等級債券基金-R/A美元級別,yfinance,債券型,全球市場,A0026 中國信託投信,法盛LUX
B42047,2026-02-04,153.2100067138672,美元,法盛盧米斯賽勒斯投資等級債券基金-R/A美元級別,yfinance,債券型,全球市場,A0026 中國信託投信,法盛LUX
B42047,2026-02-05,153.52000427246094,美元,法盛盧米斯賽勒斯投資等級債券基金-R/A美元級別,yfinance,債券型,全球市場,A0026 中國信託投信,法盛LUX
B42047,2026-02-06,153.64999389648438,美元,法盛盧米斯賽勒斯投資等級債券基金-R/A美元級別,yfinance,債券型,全球市場,A0026 中國信託投信,法盛LUX
B42047,2026-02-09,154.17999267578125,美元,法盛盧米斯賽勒斯投資等級債券基金-R/A美元級別,yfinance,債券型,全球市場,A0026 中國信託投信,法盛LUX
B42047,2026-02-10,154.52999877929688,美元,法盛盧米斯賽勒斯投資等級債券基金-R/A美元級別,yfinance,債券型,全球市場,A0026 中國信託投信,法盛LUX
B42047,2026-02-11,154.14999389648438,美元,法盛盧米斯賽勒斯投資等級債券基金-R/A美元級別,yfinance,債券型,全球市場,A0026 中國信託投信,法盛LUX
B42047,2026-02-12,154.74000549316406,美元,法盛盧米斯賽勒斯投資等級債券基金-R/A美元級別,yfinance,債券型,全球市場,A0026 中國信託投信,法盛LUX
B42047,2026-02-13,154.7100067138672,美元,法盛盧米斯賽勒斯投資等級債券基金-R/A美元級別,yfinance,債券型,全球市場,A0026 中國信託投信,法盛LUX
B42047,2026-02-17,154.57000732421875,美元,法盛盧米斯賽勒斯投資等級債券基金-R/A美元級別,yfinance,債券型,全球市場,A0026 中國信託投信,法盛LUX
B42047,2026-02-18,154.60000610351562,美元,法盛盧米斯賽勒斯投資等級債券基金-R/A美元級別,yfinance,債券型,全球市場,A0026 中國信託投信,法盛LUX
B42047,2026-02-19,154.36000061035156,美元,法盛盧米斯賽勒斯投資等級債券基金-R/A美元級別,yfinance,債券型,全球市場,A0026 中國信託投信,法盛LUX
B42047,2026-02-20,154.52999877929688,美元,法盛盧米斯賽勒斯投資等級債券基金-R/A美元級別,yfinance,債券型,全球市場,A0026 中國信託投信,法盛LUX
B42047,2026-02-23,154.74000549316406,美元,法盛盧米斯賽勒斯投資等級債券基金-R/A美元級別,yfinance,債券型,全球市場,A0026 中國信託投信,法盛LUX
B42047,2026-02-24,154.58999633789062,美元,法盛盧米斯賽勒斯投資等級債券基金-R/A美元級別,yfinance,債券型,全球市場,A0026 中國信託投信,法盛LUX
B42047,2026-02-25,154.72000122070312,美元,法盛盧米斯賽勒斯投資等級債券基金-R/A美元級別,yfinance,債券型,全球市場,A0026 中國信託投信,法盛LUX
B42047,2026-02-26,154.77000427246094,美元,法盛盧米斯賽勒斯投資等級債券基金-R/A美元級別,yfinance,債券型,全球市場,A0026 中國信託投信,法盛LUX
B42047,2026-02-27,154.89999389648438,美元,法盛盧米斯賽勒斯投資等級債券基金-R/A美元級別,yfinance,債券型,全球市場,A0026 中國信託投信,法盛LUX
B42047,2026-03-02,153.67999267578125,美元,法盛盧米斯賽勒斯投資等級債券基金-R/A美元級別,yfinance,債券型,全球市場,A0026 中國信託投信,法盛LUX
B42047,2026-03-03,152.89999389648438,美元,法盛盧米斯賽勒斯投資等級債券基金-R/A美元級別,yfinance,債券型,全球市場,A0026 中國信託投信,法盛LUX
B42047,2026-03-04,153.44000244140625,美元,法盛盧米斯賽勒斯投資等級債券基金-R/A美元級別,yfinance,債券型,全球市場,A0026 中國信託投信,法盛LUX
B42047,2026-03-05,152.7100067138672,美元,法盛盧米斯賽勒斯投資等級債券基金-R/A美元級別,yfinance,債券型,全球市場,A0026 中國信託投信,法盛LUX
B42047,2026-03-06,152.30999755859375,美元,法盛盧米斯賽勒斯投資等級債券基金-R/A美元級別,yfinance,債券型,全球市場,A0026 中國信託投信,法盛LUX
B42047,2026-03-09,152.5399932861328,美元,法盛盧米斯賽勒斯投資等級債券基金-R/A美元級別,yfinance,債券型,全球市場,A0026 中國信託投信,法盛LUX
B42047,2026-03-10,152.72999572753906,美元,法盛盧米斯賽勒斯投資等級債券基金-R/A美元級別,yfinance,債券型,全球市場,A0026 中國信託投信,法盛LUX
B42047,2026-03-11,151.47000122070312,美元,法盛盧米斯賽勒斯投資等級債券基金-R/A美元級別,yfinance,債券型,全球市場,A0026 中國信託投信,法盛LUX
B42047,2026-03-12,150.69000244140625,美元,法盛盧米斯賽勒斯投資等級債券基金-R/A美元級別,yfinance,債券型,全球市場,A0026 中國信託投信,法盛LUX
B42047,2026-03-13,149.91000366210938,美元,法盛盧米斯賽勒斯投資等級債券基金-R/A美元級別,yfinance,債券型,全球市場,A0026 中國信託投信,法盛LUX
B42047,2026-03-16,150.50999450683594,美元,法盛盧米斯賽勒斯投資等級債券基金-R/A美元級別,yfinance,債券型,全球市場,A0026 中國信託投信,法盛LUX
B42047,2026-03-17,151.07000732421875,美元,法盛盧米斯賽勒斯投資等級債券基金-R/A美元級別,yfinance,債券型,全球市場,A0026 中國信託投信,法盛LUX
B42047,2026-03-18,150.72000122070312,美元,法盛盧米斯賽勒斯投資等級債券基金-R/A美元級別,yfinance,債券型,全球市場,A0026 中國信託投信,法盛LUX
B42047,2026-03-19,150.58999633789062,美元,法盛盧米斯賽勒斯投資等級債券基金-R/A美元級別,yfinance,債券型,全球市場,A0026 中國信託投信,法盛LUX
B42047,2026-03-20,149.69000244140625,美元,法盛盧米斯賽勒斯投資等級債券基金-R/A美元級別,yfinance,債券型,全球市場,A0026 中國信託投信,法盛LUX
B42047,2026-03-23,150.27999877929688,美元,法盛盧米斯賽勒斯投資等級債券基金-R/A美元級別,yfinance,債券型,全球市場,A0026 中國信託投信,法盛LUX
B42047,2026-03-24,150.0399932861328,美元,法盛盧米斯賽勒斯投資等級債券基金-R/A美元級別,yfinance,債券型,全球市場,A0026 中國信託投信,法盛LUX
B42047,2026-03-25,150.63999938964844,美元,法盛盧米斯賽勒斯投資等級債券基金-R/A美元級別,yfinance,債券型,全球市場,A0026 中國信託投信,法盛LUX
B42047,2026-03-26,149.5800018310547,美元,法盛盧米斯賽勒斯投資等級債券基金-R/A美元級別,yfinance,債券型,全球市場,A0026 中國信託投信,法盛LUX
B42047,2026-03-27,149.0500030517578,美元,法盛盧米斯賽勒斯投資等級債券基金-R/A美元級別,yfinance,債券型,全球市場,A0026 中國信託投信,法盛LUX
B42047,2026-03-30,149.33999633789062,美元,法盛盧米斯賽勒斯投資等級債券基金-R/A美元級別,yfinance,債券型,全球市場,A0026 中國信託投信,法盛LUX
B42047,2026-03-31,149.9199981689453,美元,法盛盧米斯賽勒斯投資等級債券基金-R/A美元級別,yfinance,債券型,全球市場,A0026 中國信託投信,法盛LUX
B42047,2026-04-01,150.80999755859375,美元,法盛盧米斯賽勒斯投資等級債券基金-R/A美元級別,yfinance,債券型,全球市場,A0026 中國信託投信,法盛LUX
B42047,2026-04-02,150.7100067138672,美元,法盛盧米斯賽勒斯投資等級債券基金-R/A美元級別,yfinance,債券型,全球市場,A0026 中國信託投信,法盛LUX
B42047,2026-04-07,150.66000366210938,美元,法盛盧米斯賽勒斯投資等級債券基金-R/A美元級別,yfinance,債券型,全球市場,A0026 中國信託投信,法盛LUX
B42047,2026-04-08,152.19000244140625,美元,法盛盧米斯賽勒斯投資等級債券基金-R/A美元級別,yfinance,債券型,全球市場,A0026 中國信託投信,法盛LUX
B42047,2026-04-09,151.94000244140625,美元,法盛盧米斯賽勒斯投資等級債券基金-R/A美元級別,yfinance,債券型,全球市場,A0026 中國信託投信,法盛LUX
B42047,2026-04-10,151.94000244140625,美元,法盛盧米斯賽勒斯投資等級債券基金-R/A美元級別,yfinance,債券型,全球市場,A0026 中國信託投信,法盛LUX
B42047,2026-04-13,151.97999572753906,美元,法盛盧米斯賽勒斯投資等級債券基金-R/A美元級別,yfinance,債券型,全球市場,A0026 中國信託投信,法盛LUX
B42047,2026-04-14,153.00999450683594,美元,法盛盧米斯賽勒斯投資等級債券基金-R/A美元級別,yfinance,債券型,全球市場,A0026 中國信託投信,法盛LUX
B42047,2026-04-15,152.83999633789062,美元,法盛盧米斯賽勒斯投資等級債券基金-R/A美元級別,yfinance,債券型,全球市場,A0026 中國信託投信,法盛LUX
B42047,2026-04-16,152.5399932861328,美元,法盛盧米斯賽勒斯投資等級債券基金-R/A美元級別,yfinance,債券型,全球市場,A0026 中國信託投信,法盛LUX
B42047,2026-04-17,153.64999389648438,美元,法盛盧米斯賽勒斯投資等級債券基金-R/A美元級別,yfinance,債券型,全球市場,A0026 中國信託投信,法盛LUX
B42047,2026-04-20,153.02999877929688,美元,法盛盧米斯賽勒斯投資等級債券基金-R/A美元級別,yfinance,債券型,全球市場,A0026 中國信託投信,法盛LUX
B42047,2026-04-21,152.63999938964844,美元,法盛盧米斯賽勒斯投資等級債券基金-R/A美元級別,yfinance,債券型,全球市場,A0026 中國信託投信,法盛LUX
B42047,2026-04-22,152.60000610351562,美元,法盛盧米斯賽勒斯投資等級債券基金-R/A美元級別,yfinance,債券型,全球市場,A0026 中國信託投信,法盛LUX
B42047,2026-04-23,152.38999938964844,美元,法盛盧米斯賽勒斯投資等級債券基金-R/A美元級別,yfinance,債券型,全球市場,A0026 中國信託投信,法盛LUX
B42047,2026-04-24,152.42999267578125,美元,法盛盧米斯賽勒斯投資等級債券基金-R/A美元級別,yfinance,債券型,全球市場,A0026 中國信託投信,法盛LUX
B42047,2026-04-27,152.6199951171875,美元,法盛盧米斯賽勒斯投資等級債券基金-R/A美元級別,yfinance,債券型,全球市場,A0026 中國信託投信,法盛LUX
B42047,2026-04-28,151.97000122070312,美元,法盛盧米斯賽勒斯投資等級債券基金-R/A美元級別,yfinance,債券型,全球市場,A0026 中國信託投信,法盛LUX
B42047,2026-04-29,151.52000427246094,美元,法盛盧米斯賽勒斯投資等級債券基金-R/A美元級別,yfinance,債券型,全球市場,A0026 中國信託投信,法盛LUX
B42047,2026-04-30,151.9600067138672,美元,法盛盧米斯賽勒斯投資等級債券基金-R/A美元級別,yfinance,債券型,全球市場,A0026 中國信託投信,法盛LUX
B42047,2026-05-04,151.6300048828125,美元,法盛盧米斯賽勒斯投資等級債券基金-R/A美元級別,yfinance,債券型,全球市場,A0026 中國信託投信,法盛LUX
B42047,2026-05-05,151.86000061035156,美元,法盛盧米斯賽勒斯投資等級債券基金-R/A美元級別,yfinance,債券型,全球市場,A0026 中國信託投信,法盛LUX
B42047,2026-05-06,152.74000549316406,美元,法盛盧米斯賽勒斯投資等級債券基金-R/A美元級別,yfinance,債券型,全球市場,A0026 中國信託投信,法盛LUX
B42047,2026-05-07,152.6199951171875,美元,法盛盧米斯賽勒斯投資等級債券基金-R/A美元級別,yfinance,債券型,全球市場,A0026 中國信託投信,法盛LUX
B42047,2026-05-08,153.05999755859375,美元,法盛盧米斯賽勒斯投資等級債券基金-R/A美元級別,yfinance,債券型,全球市場,A0026 中國信託投信,法盛LUX
B42047,2026-05-11,152.52000427246094,美元,法盛盧米斯賽勒斯投資等級債券基金-R/A美元級別,yfinance,債券型,全球市場,A0026 中國信託投信,法盛LUX
B42047,2026-05-12,151.85000610351562,美元,法盛盧米斯賽勒斯投資等級債券基金-R/A美元級別,yfinance,債券型,全球市場,A0026 中國信託投信,法盛LUX
B42047,2026-05-13,151.8000030517578,美元,法盛盧米斯賽勒斯投資等級債券基金-R/A美元級別,yfinance,債券型,全球市場,A0026 中國信託投信,法盛LUX
B42047,2026-05-15,151.02999877929688,美元,法盛盧米斯賽勒斯投資等級債券基金-R/A美元級別,yfinance,債券型,全球市場,A0026 中國信託投信,法盛LUX
B42047,2026-05-18,150.8000030517578,美元,法盛盧米斯賽勒斯投資等級債券基金-R/A美元級別,yfinance,債券型,全球市場,A0026 中國信託投信,法盛LUX
B42047,2026-05-19,150.1699981689453,美元,法盛盧米斯賽勒斯投資等級債券基金-R/A美元級別,yfinance,債券型,全球市場,A0026 中國信託投信,法盛LUX
B42047,2026-05-20,150.97999572753906,美元,法盛盧米斯賽勒斯投資等級債券基金-R/A美元級別,yfinance,債券型,全球市場,A0026 中國信託投信,法盛LUX
B42047,2026-05-21,151.02000427246094,美元,法盛盧米斯賽勒斯投資等級債券基金-R/A美元級別,yfinance,債券型,全球市場,A0026 中國信託投信,法盛LUX
B42047,2026-05-22,151.30999755859375,美元,法盛盧米斯賽勒斯投資等級債券基金-R/A美元級別,yfinance,債券型,全球市場,A0026 中國信託投信,法盛LUX
B42047,2026-05-26,151.88999938964844,美元,法盛盧米斯賽勒斯投資等級債券基金-R/A美元級別,yfinance,債券型,全球市場,A0026 中國信託投信,法盛LUX
B42047,2026-05-27,151.9499969482422,美元,法盛盧米斯賽勒斯投資等級債券基金-R/A美元級別,yfinance,債券型,全球市場,A0026 中國信託投信,法盛LUX
B42047,2026-05-28,152.3000030517578,美元,法盛盧米斯賽勒斯投資等級債券基金-R/A美元級別,yfinance,債券型,全球市場,A0026 中國信託投信,法盛LUX
B42047,2026-05-29,152.66000366210938,美元,法盛盧米斯賽勒斯投資等級債券基金-R/A美元級別,yfinance,債券型,全球市場,A0026 中國信託投信,法盛LUX
B42047,2026-06-01,152.16000366210938,美元,法盛盧米斯賽勒斯投資等級債券基金-R/A美元級別,yfinance,債券型,全球市場,A0026 中國信託投信,法盛LUX
B42047,2026-06-02,152.41000366210938,美元,法盛盧米斯賽勒斯投資等級債券基金-R/A美元級別,yfinance,債券型,全球市場,A0026 中國信託投信,法盛LUX
B42047,2026-06-03,151.9199981689453,美元,法盛盧米斯賽勒斯投資等級債券基金-R/A美元級別,yfinance,債券型,全球市場,A0026 中國信託投信,法盛LUX
B42047,2026-06-04,152.14999389648438,美元,法盛盧米斯賽勒斯投資等級債券基金-R/A美元級別,yfinance,債券型,全球市場,A0026 中國信託投信,法盛LUX
B42047,2026-06-05,151.3699951171875,美元,法盛盧米斯賽勒斯投資等級債券基金-R/A美元級別,yfinance,債券型,全球市場,A0026 中國信託投信,法盛LUX
B42047,2026-06-08,151.0800018310547,美元,法盛盧米斯賽勒斯投資等級債券基金-R/A美元級別,yfinance,債券型,全球市場,A0026 中國信託投信,法盛LUX
B42047,2026-06-09,151.42999267578125,美元,法盛盧米斯賽勒斯投資等級債券基金-R/A美元級別,yfinance,債券型,全球市場,A0026 中國信託投信,法盛LUX
B42047,2026-06-10,151.22999572753906,美元,法盛盧米斯賽勒斯投資等級債券基金-R/A美元級別,yfinance,債券型,全球市場,A0026 中國信託投信,法盛LUX
B42047,2026-06-11,151.69000244140625,美元,法盛盧米斯賽勒斯投資等級債券基金-R/A美元級別,yfinance,債券型,全球市場,A0026 中國信託投信,法盛LUX
B42047,2026-06-12,152.0500030517578,美元,法盛盧米斯賽勒斯投資等級債券基金-R/A美元級別,yfinance,債券型,全球市場,A0026 中國信託投信,法盛LUX
B42047,2026-06-15,152.47000122070312,美元,法盛盧米斯賽勒斯投資等級債券基金-R/A美元級別,yfinance,債券型,全球市場,A0026 中國信託投信,法盛LUX
B42047,2026-06-16,152.57000732421875,美元,法盛盧米斯賽勒斯投資等級債券基金-R/A美元級別,yfinance,債券型,全球市場,A0026 中國信託投信,法盛LUX
B42047,2026-06-17,152.16000366210938,美元,法盛盧米斯賽勒斯投資等級債券基金-R/A美元級別,yfinance,債券型,全球市場,A0026 中國信託投信,法盛LUX
B42047,2026-06-18,151.88999938964844,美元,法盛盧米斯賽勒斯投資等級債券基金-R/A美元級別,yfinance,債券型,全球市場,A0026 中國信託投信,法盛LUX
B42047,2026-06-22,151.38999938964844,美元,法盛盧米斯賽勒斯投資等級債券基金-R/A美元級別,yfinance,債券型,全球市場,A0026 中國信託投信,法盛LUX
B42047,2026-06-24,151.6199951171875,美元,法盛盧米斯賽勒斯投資等級債券基金-R/A美元級別,yfinance,債券型,全球市場,A0026 中國信託投信,法盛LUX
B42047,2026-06-25,151.8000030517578,美元,法盛盧米斯賽勒斯投資等級債券基金-R/A美元級別,yfinance,債券型,全球市場,A0026 中國信託投信,法盛LUX
B42047,2026-06-26,152.22999572753906,美元,法盛盧米斯賽勒斯投資等級債券基金-R/A美元級別,yfinance,債券型,全球市場,A0026 中國信託投信,法盛LUX
B42047,2026-06-29,152.1300048828125,美元,法盛盧米斯賽勒斯投資等級債券基金-R/A美元級別,yfinance,債券型,全球市場,A0026 中國信託投信,法盛LUX
B42047,2026-06-30,151.8300018310547,美元,法盛盧米斯賽勒斯投資等級債券基金-R/A美元級別,yfinance,債券型,全球市場,A0026 中國信託投信,法盛LUX
B42047,2026-07-01,151.49000549316406,美元,法盛盧米斯賽勒斯投資等級債券基金-R/A美元級別,yfinance,債券型,全球市場,A0026 中國信託投信,法盛LUX
B42047,2026-07-02,151.7899932861328,美元,法盛盧米斯賽勒斯投資等級債券基金-R/A美元級別,yfinance,債券型,全球市場,A0026 中國信託投信,法盛LUX
B42047,2026-07-06,151.7100067138672,美元,法盛盧米斯賽勒斯投資等級債券基金-R/A美元級別,yfinance,債券型,全球市場,A0026 中國信託投信,法盛LUX
B42047,2026-07-07,151.16000366210938,美元,法盛盧米斯賽勒斯投資等級債券基金-R/A美元級別,yfinance,債券型,全球市場,A0026 中國信託投信,法盛LUX
B42047,2026-07-08,150.64999389648438,美元,法盛盧米斯賽勒斯投資等級債券基金-R/A美元級別,yfinance,債券型,全球市場,A0026 中國信託投信,法盛LUX
B42047,2026-07-09,150.94000244140625,美元,法盛盧米斯賽勒斯投資等級債券基金-R/A美元級別,yfinance,債券型,全球市場,A0026 中國信託投信,法盛LUX
B42047,2026-07-10,150.80999755859375,美元,法盛盧米斯賽勒斯投資等級債券基金-R/A美元級別,yfinance,債券型,全球市場,A0026 中國信託投信,法盛LUX
B42047,2026-07-13,150.3300018310547,美元,法盛盧米斯賽勒斯投資等級債券基金-R/A美元級別,yfinance,債券型,全球市場,A0026 中國信託投信,法盛LUX
B42047,2026-07-14,150.60000610351562,美元,法盛盧米斯賽勒斯投資等級債券基金-R/A美元級別,yfinance,債券型,全球市場,A0026 中國信託投信,法盛LUX
B42047,2026-07-15,150.77999877929688,美元,法盛盧米斯賽勒斯投資等級債券基金-R/A美元級別,yfinance,債券型,全球市場,A0026 中國信託投信,法盛LUX
B42047,2026-07-16,150.8000030517578,美元,法盛盧米斯賽勒斯投資等級債券基金-R/A美元級別,yfinance,債券型,全球市場,A0026 中國信託投信,法盛LUX
B42047,2026-07-20,150.36000061035156,美元,法盛盧米斯賽勒斯投資等級債券基金-R/A美元級別,yfinance,債券型,全球市場,A0026 中國信託投信,法盛LUX
B42047,2026-07-21,150.05999755859375,美元,法盛盧米斯賽勒斯投資等級債券基金-R/A美元級別,yfinance,債券型,全球市場,A0026 中國信託投信,法盛LUX
B42047,2026-07-22,149.8699951171875,美元,法盛盧米斯賽勒斯投資等級債券基金-R/A美元級別,yfinance,債券型,全球市場,A0026 中國信託投信,法盛LUX
B42047,2026-07-23,149.27999877929688,美元,法盛盧米斯賽勒斯投資等級債券基金-R/A美元級別,yfinance,債券型,全球市場,A0026 中國信託投信,法盛LUX
B42047,2026-07-24,149.38999938964844,美元,法盛盧米斯賽勒斯投資等級債券基金-R/A美元級別,yfinance,債券型,全球市場,A0026 中國信託投信,法盛LUX
B42047,2026-07-27,149.66000366210938,美元,法盛盧米斯賽勒斯投資等級債券基金-R/A美元級別,yfinance,債券型,全球市場,A0026 中國信託投信,法盛LUX
B42047,2026-07-28,149.9499969482422,美元,法盛盧米斯賽勒斯投資等級債券基金-R/A美元級別,yfinance,債券型,全球市場,A0026 中國信託投信,法盛LUX
B42047,2026-07-29,149.3800048828125,美元,法盛盧米斯賽勒斯投資等級債券基金-R/A美元級別,yfinance,債券型,全球市場,A0026 中國信託投信,法盛LUX
B42047,2026-07-30,150.1199951171875,美元,法盛盧米斯賽勒斯投資等級債券基金-R/A美元級別,yfinance,債券型,全球市場,A0026 中國信託投信,法盛LUX
B42047,2026-07-31,149.99000549316406,美元,法盛盧米斯賽勒斯投資等級債券基金-R/A美元級別,yfinance,債券型,全球市場,A0026 中國信託投信,法盛LUX
B42047,2026-08-03,150.3800048828125,美元,法盛盧米斯賽勒斯投資等級債券基金-R/A美元級別,yfinance,債券型,全球市場,A0026 中國信託投信,法盛LUX
B42047,2026-08-04,150.9600067138672,美元,法盛盧米斯賽勒斯投資等級債券基金-R/A美元級別,yfinance,債券型,全球市場,A0026 中國信託投信,法盛LUX
B42047,2026-08-05,151.2100067138672,美元,法盛盧米斯賽勒斯投資等級債券基金-R/A美元級別,yfinance,債券型,全球市場,A0026 中國信託投信,法盛LUX
B42047,2026-08-06,150.77999877929688,美元,法盛盧米斯賽勒斯投資等級債券基金-R/A美元級別,yfinance,債券型,全球市場,A0026 中國信託投信,法盛LUX
B42047,2026-08-07,151.02999877929688,美元,法盛盧米斯賽勒斯投資等級債券基金-R/A美元級別,yfinance,債券型,全球市場,A0026 中國信託投信,法盛LUX
B42047,2026-08-10,150.5500030517578,美元,法盛盧米斯賽勒斯投資等級債券基金-R/A美元級別,yfinance,債券型,全球市場,A0026 中國信託投信,法盛LUX
B42047,2026-08-11,150.58999633789062,美元,法盛盧米斯賽勒斯投資等級債券基金-R/A美元級別,yfinance,債券型,全球市場,A0026 中國信託投信,法盛LUX
B42047,2026-08-12,150.6300048828125,美元,法盛盧米斯賽勒斯投資等級債券基金-R/A美元級別,yfinance,債券型,全球市場,A0026 中國信託投信,法盛LUX
B42047,2026-08-13,151.00999450683594,美元,法盛盧米斯賽勒斯投資等級債券基金-R/A美元級別,yfinance,債券型,全球市場,A0026 中國信託投信,法盛LUX
B42047,2026-08-14,150.75,美元,法盛盧米斯賽勒斯投資等級債券基金-R/A美元級別,yfinance,債券型,全球市場,A0026 中國信託投信,法盛LUX
B42047,2026-08-17,150.49000549316406,美元,法盛盧米斯賽勒斯投資等級債券基金-R/A美元級別,yfinance,債券型,全球市場,A0026 中國信託投信,法盛LUX
B50093,2026-01-02,195.60000610351562,歐元,歐義銳榮靈活策略入息基金R,yfinance,未分類,全球市場,A0003 第一金投信,歐義銳榮
B50093,2026-01-05,196.17999267578125,歐元,歐義銳榮靈活策略入息基金R,yfinance,未分類,全球市場,A0003 第一金投信,歐義銳榮
B50093,2026-01-06,197.35000610351562,歐元,歐義銳榮靈活策略入息基金R,yfinance,未分類,全球市場,A0003 第一金投信,歐義銳榮
B50093,2026-01-07,196.8000030517578,歐元,歐義銳榮靈活策略入息基金R,yfinance,未分類,全球市場,A0003 第一金投信,歐義銳榮
B50093,2026-01-08,197.3699951171875,歐元,歐義銳榮靈活策略入息基金R,yfinance,未分類,全球市場,A0003 第一金投信,歐義銳榮
B50093,2026-01-09,197.82000732421875,歐元,歐義銳榮靈活策略入息基金R,yfinance,未分類,全球市場,A0003 第一金投信,歐義銳榮
B50093,2026-01-12,197.6999969482422,歐元,歐義銳榮靈活策略入息基金R,yfinance,未分類,全球市場,A0003 第一金投信,歐義銳榮
B50093,2026-01-13,197.5800018310547,歐元,歐義銳榮靈活策略入息基金R,yfinance,未分類,全球市場,A0003 第一金投信,歐義銳榮
B50093,2026-01-14,198.25999450683594,歐元,歐義銳榮靈活策略入息基金R,yfinance,未分類,全球市場,A0003 第一金投信,歐義銳榮
B50093,2026-01-15,199.0,歐元,歐義銳榮靈活策略入息基金R,yfinance,未分類,全球市場,A0003 第一金投信,歐義銳榮
B50093,2026-01-16,198.52000427246094,歐元,歐義銳榮靈活策略入息基金R,yfinance,未分類,全球市場,A0003 第一金投信,歐義銳榮
B50093,2026-01-19,198.02000427246094,歐元,歐義銳榮靈活策略入息基金R,yfinance,未分類,全球市場,A0003 第一金投信,歐義銳榮
B50093,2026-01-20,196.91000366210938,歐元,歐義銳榮靈活策略入息基金R,yfinance,未分類,全球市場,A0003 第一金投信,歐義銳榮
B50093,2026-01-21,197.74000549316406,歐元,歐義銳榮靈活策略入息基金R,yfinance,未分類,全球市場,A0003 第一金投信,歐義銳榮
B50093,2026-01-22,198.14999389648438,歐元,歐義銳榮靈活策略入息基金R,yfinance,未分類,全球市場,A0003 第一金投信,歐義銳榮
B50093,2026-01-23,197.97000122070312,歐元,歐義銳榮靈活策略入息基金R,yfinance,未分類,全球市場,A0003 第一金投信,歐義銳榮
B50093,2026-01-26,198.22000122070312,歐元,歐義銳榮靈活策略入息基金R,yfinance,未分類,全球市場,A0003 第一金投信,歐義銳榮
B50093,2026-01-27,198.9199981689453,歐元,歐義銳榮靈活策略入息基金R,yfinance,未分類,全球市場,A0003 第一金投信,歐義銳榮
B50093,2026-01-28,198.38999938964844,歐元,歐義銳榮靈活策略入息基金R,yfinance,未分類,全球市場,A0003 第一金投信,歐義銳榮
B50093,2026-01-29,198.6300048828125,歐元,歐義銳榮靈活策略入息基金R,yfinance,未分類,全球市場,A0003 第一金投信,歐義銳榮
B50093,2026-01-30,198.61000061035156,歐元,歐義銳榮靈活策略入息基金R,yfinance,未分類,全球市場,A0003 第一金投信,歐義銳榮
B50093,2026-02-02,199.5399932861328,歐元,歐義銳榮靈活策略入息基金R,yfinance,未分類,全球市場,A0003 第一金投信,歐義銳榮
B50093,2026-02-03,199.94000244140625,歐元,歐義銳榮靈活策略入息基金R,yfinance,未分類,全球市場,A0003 第一金投信,歐義銳榮
B50093,2026-02-04,201.32000732421875,歐元,歐義銳榮靈活策略入息基金R,yfinance,未分類,全球市場,A0003 第一金投信,歐義銳榮
B50093,2026-02-05,200.89999389648438,歐元,歐義銳榮靈活策略入息基金R,yfinance,未分類,全球市場,A0003 第一金投信,歐義銳榮
B50093,2026-02-06,202.3000030517578,歐元,歐義銳榮靈活策略入息基金R,yfinance,未分類,全球市場,A0003 第一金投信,歐義銳榮
B50093,2026-02-09,202.44000244140625,歐元,歐義銳榮靈活策略入息基金R,yfinance,未分類,全球市場,A0003 第一金投信,歐義銳榮
B50093,2026-02-10,202.72000122070312,歐元,歐義銳榮靈活策略入息基金R,yfinance,未分類,全球市場,A0003 第一金投信,歐義銳榮
B50093,2026-02-11,203.3800048828125,歐元,歐義銳榮靈活策略入息基金R,yfinance,未分類,全球市場,A0003 第一金投信,歐義銳榮
B50093,2026-02-12,202.14999389648438,歐元,歐義銳榮靈活策略入息基金R,yfinance,未分類,全球市場,A0003 第一金投信,歐義銳榮
B50093,2026-02-13,202.69000244140625,歐元,歐義銳榮靈活策略入息基金R,yfinance,未分類,全球市場,A0003 第一金投信,歐義銳榮
B50093,2026-02-16,202.57000732421875,歐元,歐義銳榮靈活策略入息基金R,yfinance,未分類,全球市場,A0003 第一金投信,歐義銳榮
B50093,2026-02-17,202.6199951171875,歐元,歐義銳榮靈活策略入息基金R,yfinance,未分類,全球市場,A0003 第一金投信,歐義銳榮
B50093,2026-02-18,203.10000610351562,歐元,歐義銳榮靈活策略入息基金R,yfinance,未分類,全球市場,A0003 第一金投信,歐義銳榮
B50093,2026-02-19,202.72000122070312,歐元,歐義銳榮靈活策略入息基金R,yfinance,未分類,全球市場,A0003 第一金投信,歐義銳榮
B50093,2026-02-23,202.9499969482422,歐元,歐義銳榮靈活策略入息基金R,yfinance,未分類,全球市場,A0003 第一金投信,歐義銳榮
B50093,2026-02-24,203.22000122070312,歐元,歐義銳榮靈活策略入息基金R,yfinance,未分類,全球市場,A0003 第一金投信,歐義銳榮
B50093,2026-02-25,203.4199981689453,歐元,歐義銳榮靈活策略入息基金R,yfinance,未分類,全球市場,A0003 第一金投信,歐義銳榮
B50093,2026-02-26,203.5500030517578,歐元,歐義銳榮靈活策略入息基金R,yfinance,未分類,全球市場,A0003 第一金投信,歐義銳榮
B50093,2026-02-27,203.83999633789062,歐元,歐義銳榮靈活策略入息基金R,yfinance,未分類,全球市場,A0003 第一金投信,歐義銳榮
B50093,2026-03-02,202.8300018310547,歐元,歐義銳榮靈活策略入息基金R,yfinance,未分類,全球市場,A0003 第一金投信,歐義銳榮
B50093,2026-03-03,200.3300018310547,歐元,歐義銳榮靈活策略入息基金R,yfinance,未分類,全球市場,A0003 第一金投信,歐義銳榮
B50093,2026-03-04,201.05999755859375,歐元,歐義銳榮靈活策略入息基金R,yfinance,未分類,全球市場,A0003 第一金投信,歐義銳榮
B50093,2026-03-05,199.6999969482422,歐元,歐義銳榮靈活策略入息基金R,yfinance,未分類,全球市場,A0003 第一金投信,歐義銳榮
B50093,2026-03-06,198.63999938964844,歐元,歐義銳榮靈活策略入息基金R,yfinance,未分類,全球市場,A0003 第一金投信,歐義銳榮
B50093,2026-03-09,198.14999389648438,歐元,歐義銳榮靈活策略入息基金R,yfinance,未分類,全球市場,A0003 第一金投信,歐義銳榮
B50093,2026-03-10,198.47999572753906,歐元,歐義銳榮靈活策略入息基金R,yfinance,未分類,全球市場,A0003 第一金投信,歐義銳榮
B50093,2026-03-11,198.17999267578125,歐元,歐義銳榮靈活策略入息基金R,yfinance,未分類,全球市場,A0003 第一金投信,歐義銳榮
B50093,2026-03-12,197.75999450683594,歐元,歐義銳榮靈活策略入息基金R,yfinance,未分類,全球市場,A0003 第一金投信,歐義銳榮
B50093,2026-03-13,197.52999877929688,歐元,歐義銳榮靈活策略入息基金R,yfinance,未分類,全球市場,A0003 第一金投信,歐義銳榮
B50093,2026-03-16,197.88999938964844,歐元,歐義銳榮靈活策略入息基金R,yfinance,未分類,全球市場,A0003 第一金投信,歐義銳榮
B50093,2026-03-17,198.22999572753906,歐元,歐義銳榮靈活策略入息基金R,yfinance,未分類,全球市場,A0003 第一金投信,歐義銳榮
B50093,2026-03-18,197.36000061035156,歐元,歐義銳榮靈活策略入息基金R,yfinance,未分類,全球市場,A0003 第一金投信,歐義銳榮
B50093,2026-03-19,196.32000732421875,歐元,歐義銳榮靈活策略入息基金R,yfinance,未分類,全球市場,A0003 第一金投信,歐義銳榮
B50093,2026-03-20,194.9199981689453,歐元,歐義銳榮靈活策略入息基金R,yfinance,未分類,全球市場,A0003 第一金投信,歐義銳榮
B50093,2026-03-23,195.35000610351562,歐元,歐義銳榮靈活策略入息基金R,yfinance,未分類,全球市場,A0003 第一金投信,歐義銳榮
B50093,2026-03-24,196.3000030517578,歐元,歐義銳榮靈活策略入息基金R,yfinance,未分類,全球市場,A0003 第一金投信,歐義銳榮
B50093,2026-03-25,197.1699981689453,歐元,歐義銳榮靈活策略入息基金R,yfinance,未分類,全球市場,A0003 第一金投信,歐義銳榮
B50093,2026-03-26,196.74000549316406,歐元,歐義銳榮靈活策略入息基金R,yfinance,未分類,全球市場,A0003 第一金投信,歐義銳榮
B50093,2026-03-27,195.82000732421875,歐元,歐義銳榮靈活策略入息基金R,yfinance,未分類,全球市場,A0003 第一金投信,歐義銳榮
B50093,2026-03-30,196.19000244140625,歐元,歐義銳榮靈活策略入息基金R,yfinance,未分類,全球市場,A0003 第一金投信,歐義銳榮
B50093,2026-03-31,197.1999969482422,歐元,歐義銳榮靈活策略入息基金R,yfinance,未分類,全球市場,A0003 第一金投信,歐義銳榮
B50093,2026-04-01,198.13999938964844,歐元,歐義銳榮靈活策略入息基金R,yfinance,未分類,全球市場,A0003 第一金投信,歐義銳榮
B50093,2026-04-02,198.25,歐元,歐義銳榮靈活策略入息基金R,yfinance,未分類,全球市場,A0003 第一金投信,歐義銳榮
B50093,2026-04-07,197.97000122070312,歐元,歐義銳榮靈活策略入息基金R,yfinance,未分類,全球市場,A0003 第一金投信,歐義銳榮
B50093,2026-04-08,200.5399932861328,歐元,歐義銳榮靈活策略入息基金R,yfinance,未分類,全球市場,A0003 第一金投信,歐義銳榮
B50093,2026-04-09,200.72999572753906,歐元,歐義銳榮靈活策略入息基金R,yfinance,未分類,全球市場,A0003 第一金投信,歐義銳榮
B50093,2026-04-10,200.2899932861328,歐元,歐義銳榮靈活策略入息基金R,yfinance,未分類,全球市場,A0003 第一金投信,歐義銳榮
B50093,2026-04-13,200.25,歐元,歐義銳榮靈活策略入息基金R,yfinance,未分類,全球市場,A0003 第一金投信,歐義銳榮
B50093,2026-04-14,200.75,歐元,歐義銳榮靈活策略入息基金R,yfinance,未分類,全球市場,A0003 第一金投信,歐義銳榮
B50093,2026-04-15,199.97000122070312,歐元,歐義銳榮靈活策略入息基金R,yfinance,未分類,全球市場,A0003 第一金投信,歐義銳榮
B50093,2026-04-16,200.5,歐元,歐義銳榮靈活策略入息基金R,yfinance,未分類,全球市場,A0003 第一金投信,歐義銳榮
B50093,2026-04-17,201.80999755859375,歐元,歐義銳榮靈活策略入息基金R,yfinance,未分類,全球市場,A0003 第一金投信,歐義銳榮
B50093,2026-04-20,201.5399932861328,歐元,歐義銳榮靈活策略入息基金R,yfinance,未分類,全球市場,A0003 第一金投信,歐義銳榮
B50093,2026-04-21,200.74000549316406,歐元,歐義銳榮靈活策略入息基金R,yfinance,未分類,全球市場,A0003 第一金投信,歐義銳榮
B50093,2026-04-22,200.32000732421875,歐元,歐義銳榮靈活策略入息基金R,yfinance,未分類,全球市場,A0003 第一金投信,歐義銳榮
B50093,2026-04-23,200.50999450683594,歐元,歐義銳榮靈活策略入息基金R,yfinance,未分類,全球市場,A0003 第一金投信,歐義銳榮
B50093,2026-04-24,200.35000610351562,歐元,歐義銳榮靈活策略入息基金R,yfinance,未分類,全球市場,A0003 第一金投信,歐義銳榮
B50093,2026-04-27,200.0,歐元,歐義銳榮靈活策略入息基金R,yfinance,未分類,全球市場,A0003 第一金投信,歐義銳榮
B50093,2026-04-28,199.67999267578125,歐元,歐義銳榮靈活策略入息基金R,yfinance,未分類,全球市場,A0003 第一金投信,歐義銳榮
B50093,2026-04-29,199.3300018310547,歐元,歐義銳榮靈活策略入息基金R,yfinance,未分類,全球市場,A0003 第一金投信,歐義銳榮
B50093,2026-04-30,200.5399932861328,歐元,歐義銳榮靈活策略入息基金R,yfinance,未分類,全球市場,A0003 第一金投信,歐義銳榮
B50093,2026-05-04,199.33999633789062,歐元,歐義銳榮靈活策略入息基金R,yfinance,未分類,全球市場,A0003 第一金投信,歐義銳榮
B50093,2026-05-05,200.1199951171875,歐元,歐義銳榮靈活策略入息基金R,yfinance,未分類,全球市場,A0003 第一金投信,歐義銳榮
B50093,2026-05-06,201.33999633789062,歐元,歐義銳榮靈活策略入息基金R,yfinance,未分類,全球市場,A0003 第一金投信,歐義銳榮
B50093,2026-05-07,200.58999633789062,歐元,歐義銳榮靈活策略入息基金R,yfinance,未分類,全球市場,A0003 第一金投信,歐義銳榮
B50093,2026-05-08,200.5399932861328,歐元,歐義銳榮靈活策略入息基金R,yfinance,未分類,全球市場,A0003 第一金投信,歐義銳榮
B50093,2026-05-11,200.47999572753906,歐元,歐義銳榮靈活策略入息基金R,yfinance,未分類,全球市場,A0003 第一金投信,歐義銳榮
B50093,2026-05-12,200.1699981689453,歐元,歐義銳榮靈活策略入息基金R,yfinance,未分類,全球市場,A0003 第一金投信,歐義銳榮
B50093,2026-05-13,200.27000427246094,歐元,歐義銳榮靈活策略入息基金R,yfinance,未分類,全球市場,A0003 第一金投信,歐義銳榮
B50093,2026-05-15,199.8300018310547,歐元,歐義銳榮靈活策略入息基金R,yfinance,未分類,全球市場,A0003 第一金投信,歐義銳榮
B50093,2026-05-18,200.5500030517578,歐元,歐義銳榮靈活策略入息基金R,yfinance,未分類,全球市場,A0003 第一金投信,歐義銳榮
B50093,2026-05-19,200.47000122070312,歐元,歐義銳榮靈活策略入息基金R,yfinance,未分類,全球市場,A0003 第一金投信,歐義銳榮
B50093,2026-05-20,201.35000610351562,歐元,歐義銳榮靈活策略入息基金R,yfinance,未分類,全球市場,A0003 第一金投信,歐義銳榮
B50093,2026-05-21,201.60000610351562,歐元,歐義銳榮靈活策略入息基金R,yfinance,未分類,全球市場,A0003 第一金投信,歐義銳榮
B50093,2026-05-22,202.7899932861328,歐元,歐義銳榮靈活策略入息基金R,yfinance,未分類,全球市場,A0003 第一金投信,歐義銳榮
B50093,2026-05-26,203.39999389648438,歐元,歐義銳榮靈活策略入息基金R,yfinance,未分類,全球市場,A0003 第一金投信,歐義銳榮
B50093,2026-05-27,203.44000244140625,歐元,歐義銳榮靈活策略入息基金R,yfinance,未分類,全球市場,A0003 第一金投信,歐義銳榮
B50093,2026-05-28,203.35000610351562,歐元,歐義銳榮靈活策略入息基金R,yfinance,未分類,全球市場,A0003 第一金投信,歐義銳榮
B50093,2026-05-29,203.6999969482422,歐元,歐義銳榮靈活策略入息基金R,yfinance,未分類,全球市場,A0003 第一金投信,歐義銳榮
B50093,2026-06-01,202.94000244140625,歐元,歐義銳榮靈活策略入息基金R,yfinance,未分類,全球市場,A0003 第一金投信,歐義銳榮
B50093,2026-06-02,203.77000427246094,歐元,歐義銳榮靈活策略入息基金R,yfinance,未分類,全球市場,A0003 第一金投信,歐義銳榮
B50093,2026-06-03,203.6999969482422,歐元,歐義銳榮靈活策略入息基金R,yfinance,未分類,全球市場,A0003 第一金投信,歐義銳榮
B50093,2026-06-04,204.02000427246094,歐元,歐義銳榮靈活策略入息基金R,yfinance,未分類,全球市場,A0003 第一金投信,歐義銳榮
B50093,2026-06-05,203.27999877929688,歐元,歐義銳榮靈活策略入息基金R,yfinance,未分類,全球市場,A0003 第一金投信,歐義銳榮
B50093,2026-06-08,203.07000732421875,歐元,歐義銳榮靈活策略入息基金R,yfinance,未分類,全球市場,A0003 第一金投信,歐義銳榮
B50093,2026-06-09,203.3300018310547,歐元,歐義銳榮靈活策略入息基金R,yfinance,未分類,全球市場,A0003 第一金投信,歐義銳榮
B50093,2026-06-10,202.83999633789062,歐元,歐義銳榮靈活策略入息基金R,yfinance,未分類,全球市場,A0003 第一金投信,歐義銳榮
B50093,2026-06-11,203.92999267578125,歐元,歐義銳榮靈活策略入息基金R,yfinance,未分類,全球市場,A0003 第一金投信,歐義銳榮
B50093,2026-06-12,205.38999938964844,歐元,歐義銳榮靈活策略入息基金R,yfinance,未分類,全球市場,A0003 第一金投信,歐義銳榮
B50093,2026-06-15,205.02000427246094,歐元,歐義銳榮靈活策略入息基金R,yfinance,未分類,全球市場,A0003 第一金投信,歐義銳榮
B50093,2026-06-16,204.85000610351562,歐元,歐義銳榮靈活策略入息基金R,yfinance,未分類,全球市場,A0003 第一金投信,歐義銳榮
B50093,2026-06-17,203.89999389648438,歐元,歐義銳榮靈活策略入息基金R,yfinance,未分類,全球市場,A0003 第一金投信,歐義銳榮
B50093,2026-06-18,204.10000610351562,歐元,歐義銳榮靈活策略入息基金R,yfinance,未分類,全球市場,A0003 第一金投信,歐義銳榮
B50093,2026-06-19,203.89999389648438,歐元,歐義銳榮靈活策略入息基金R,yfinance,未分類,全球市場,A0003 第一金投信,歐義銳榮
B50093,2026-06-22,204.17999267578125,歐元,歐義銳榮靈活策略入息基金R,yfinance,未分類,全球市場,A0003 第一金投信,歐義銳榮
B50093,2026-06-24,204.47000122070312,歐元,歐義銳榮靈活策略入息基金R,yfinance,未分類,全球市場,A0003 第一金投信,歐義銳榮
B50093,2026-06-25,204.9600067138672,歐元,歐義銳榮靈活策略入息基金R,yfinance,未分類,全球市場,A0003 第一金投信,歐義銳榮
B50093,2026-06-26,205.05999755859375,歐元,歐義銳榮靈活策略入息基金R,yfinance,未分類,全球市場,A0003 第一金投信,歐義銳榮
B50093,2026-06-29,204.94000244140625,歐元,歐義銳榮靈活策略入息基金R,yfinance,未分類,全球市場,A0003 第一金投信,歐義銳榮
B50093,2026-06-30,204.7899932861328,歐元,歐義銳榮靈活策略入息基金R,yfinance,未分類,全球市場,A0003 第一金投信,歐義銳榮
B50093,2026-07-01,204.74000549316406,歐元,歐義銳榮靈活策略入息基金R,yfinance,未分類,全球市場,A0003 第一金投信,歐義銳榮
B50093,2026-07-02,206.27000427246094,歐元,歐義銳榮靈活策略入息基金R,yfinance,未分類,全球市場,A0003 第一金投信,歐義銳榮
B50093,2026-07-03,206.47999572753906,歐元,歐義銳榮靈活策略入息基金R,yfinance,未分類,全球市場,A0003 第一金投信,歐義銳榮
B50093,2026-07-06,205.9199981689453,歐元,歐義銳榮靈活策略入息基金R,yfinance,未分類,全球市場,A0003 第一金投信,歐義銳榮
B50093,2026-07-07,206.22999572753906,歐元,歐義銳榮靈活策略入息基金R,yfinance,未分類,全球市場,A0003 第一金投信,歐義銳榮
B50093,2026-07-08,204.8000030517578,歐元,歐義銳榮靈活策略入息基金R,yfinance,未分類,全球市場,A0003 第一金投信,歐義銳榮
B50093,2026-07-09,205.05999755859375,歐元,歐義銳榮靈活策略入息基金R,yfinance,未分類,全球市場,A0003 第一金投信,歐義銳榮
B50093,2026-07-10,205.39999389648438,歐元,歐義銳榮靈活策略入息基金R,yfinance,未分類,全球市場,A0003 第一金投信,歐義銳榮
B50093,2026-07-13,205.57000732421875,歐元,歐義銳榮靈活策略入息基金R,yfinance,未分類,全球市場,A0003 第一金投信,歐義銳榮
B50093,2026-07-14,205.02999877929688,歐元,歐義銳榮靈活策略入息基金R,yfinance,未分類,全球市場,A0003 第一金投信,歐義銳榮
B50093,2026-07-15,205.08999633789062,歐元,歐義銳榮靈活策略入息基金R,yfinance,未分類,全球市場,A0003 第一金投信,歐義銳榮
B50093,2026-07-16,206.05999755859375,歐元,歐義銳榮靈活策略入息基金R,yfinance,未分類,全球市場,A0003 第一金投信,歐義銳榮
B50093,2026-07-20,205.08999633789062,歐元,歐義銳榮靈活策略入息基金R,yfinance,未分類,全球市場,A0003 第一金投信,歐義銳榮
B50093,2026-07-21,205.17999267578125,歐元,歐義銳榮靈活策略入息基金R,yfinance,未分類,全球市場,A0003 第一金投信,歐義銳榮
B50093,2026-07-22,205.75,歐元,歐義銳榮靈活策略入息基金R,yfinance,未分類,全球市場,A0003 第一金投信,歐義銳榮
B50093,2026-07-23,205.08999633789062,歐元,歐義銳榮靈活策略入息基金R,yfinance,未分類,全球市場,A0003 第一金投信,歐義銳榮
B50093,2026-07-24,205.8699951171875,歐元,歐義銳榮靈活策略入息基金R,yfinance,未分類,全球市場,A0003 第一金投信,歐義銳榮
B50093,2026-07-27,206.42999267578125,歐元,歐義銳榮靈活策略入息基金R,yfinance,未分類,全球市場,A0003 第一金投信,歐義銳榮
B50093,2026-07-28,207.8300018310547,歐元,歐義銳榮靈活策略入息基金R,yfinance,未分類,全球市場,A0003 第一金投信,歐義銳榮
B50093,2026-07-29,207.5,歐元,歐義銳榮靈活策略入息基金R,yfinance,未分類,全球市場,A0003 第一金投信,歐義銳榮
B50093,2026-07-30,206.75999450683594,歐元,歐義銳榮靈活策略入息基金R,yfinance,未分類,全球市場,A0003 第一金投信,歐義銳榮
B50093,2026-07-31,206.39999389648438,歐元,歐義銳榮靈活策略入息基金R,yfinance,未分類,全球市場,A0003 第一金投信,歐義銳榮
B50093,2026-08-03,207.05999755859375,歐元,歐義銳榮靈活策略入息基金R,yfinance,未分類,全球市場,A0003 第一金投信,歐義銳榮
B50093,2026-08-04,208.1199951171875,歐元,歐義銳榮靈活策略入息基金R,yfinance,未分類,全球市場,A0003 第一金投信,歐義銳榮
B50093,2026-08-05,208.00999450683594,歐元,歐義銳榮靈活策略入息基金R,yfinance,未分類,全球市場,A0003 第一金投信,歐義銳榮
B50093,2026-08-06,208.0800018310547,歐元,歐義銳榮靈活策略入息基金R,yfinance,未分類,全球市場,A0003 第一金投信,歐義銳榮
B50093,2026-08-07,208.44000244140625,歐元,歐義銳榮靈活策略入息基金R,yfinance,未分類,全球市場,A0003 第一金投信,歐義銳榮
B50093,2026-08-10,208.10000610351562,歐元,歐義銳榮靈活策略入息基金R,yfinance,未分類,全球市場,A0003 第一金投信,歐義銳榮
B50093,2026-08-11,208.14999389648438,歐元,歐義銳榮靈活策略入息基金R,yfinance,未分類,全球市場,A0003 第一金投信,歐義銳榮
B50093,2026-08-12,208.0,歐元,歐義銳榮靈活策略入息基金R,yfinance,未分類,全球市場,A0003 第一金投信,歐義銳榮
B50093,2026-08-13,208.2899932861328,歐元,歐義銳榮靈活策略入息基金R,yfinance,未分類,全球市場,A0003 第一金投信,歐義銳榮
B50093,2026-08-14,208.27999877929688,歐元,歐義銳榮靈活策略入息基金R,yfinance,未分類,全球市場,A0003 第一金投信,歐義銳榮
B50093,2026-08-17,207.36000061035156,歐元,歐義銳榮靈活策略入息基金R,yfinance,未分類,全球市場,A0003 第一金投信,歐義銳榮
B690052,2026-01-02,239.69000244140625,歐元,瑞聯UBAM環球首選30股票基金歐元 AC,yfinance,股票型,全球市場,B0044 宏遠投顧,瑞聯
B690052,2026-01-05,242.36000061035156,歐元,瑞聯UBAM環球首選30股票基金歐元 AC,yfinance,股票型,全球市場,B0044 宏遠投顧,瑞聯
B690052,2026-01-06,243.61000061035156,歐元,瑞聯UBAM環球首選30股票基金歐元 AC,yfinance,股票型,全球市場,B0044 宏遠投顧,瑞聯
B690052,2026-01-07,243.86000061035156,歐元,瑞聯UBAM環球首選30股票基金歐元 AC,yfinance,股票型,全球市場,B0044 宏遠投顧,瑞聯
B690052,2026-01-08,243.6300048828125,歐元,瑞聯UBAM環球首選30股票基金歐元 AC,yfinance,股票型,全球市場,B0044 宏遠投顧,瑞聯
B690052,2026-01-09,245.36000061035156,歐元,瑞聯UBAM環球首選30股票基金歐元 AC,yfinance,股票型,全球市場,B0044 宏遠投顧,瑞聯
B690052,2026-01-12,245.08999633789062,歐元,瑞聯UBAM環球首選30股票基金歐元 AC,yfinance,股票型,全球市場,B0044 宏遠投顧,瑞聯
B690052,2026-01-13,244.47999572753906,歐元,瑞聯UBAM環球首選30股票基金歐元 AC,yfinance,股票型,全球市場,B0044 宏遠投顧,瑞聯
B690052,2026-01-14,241.92999267578125,歐元,瑞聯UBAM環球首選30股票基金歐元 AC,yfinance,股票型,全球市場,B0044 宏遠投顧,瑞聯
B690052,2026-01-15,244.25,歐元,瑞聯UBAM環球首選30股票基金歐元 AC,yfinance,股票型,全球市場,B0044 宏遠投顧,瑞聯
B690052,2026-01-16,244.52000427246094,歐元,瑞聯UBAM環球首選30股票基金歐元 AC,yfinance,股票型,全球市場,B0044 宏遠投顧,瑞聯
B690052,2026-01-20,236.6999969482422,歐元,瑞聯UBAM環球首選30股票基金歐元 AC,yfinance,股票型,全球市場,B0044 宏遠投顧,瑞聯
B690052,2026-01-21,238.24000549316406,歐元,瑞聯UBAM環球首選30股票基金歐元 AC,yfinance,股票型,全球市場,B0044 宏遠投顧,瑞聯
B690052,2026-01-22,239.0500030517578,歐元,瑞聯UBAM環球首選30股票基金歐元 AC,yfinance,股票型,全球市場,B0044 宏遠投顧,瑞聯
B690052,2026-01-23,239.4199981689453,歐元,瑞聯UBAM環球首選30股票基金歐元 AC,yfinance,股票型,全球市場,B0044 宏遠投顧,瑞聯
B690052,2026-01-26,238.1699981689453,歐元,瑞聯UBAM環球首選30股票基金歐元 AC,yfinance,股票型,全球市場,B0044 宏遠投顧,瑞聯
B690052,2026-01-27,237.44000244140625,歐元,瑞聯UBAM環球首選30股票基金歐元 AC,yfinance,股票型,全球市場,B0044 宏遠投顧,瑞聯
B690052,2026-01-28,237.47000122070312,歐元,瑞聯UBAM環球首選30股票基金歐元 AC,yfinance,股票型,全球市場,B0044 宏遠投顧,瑞聯
B690052,2026-01-29,235.60000610351562,歐元,瑞聯UBAM環球首選30股票基金歐元 AC,yfinance,股票型,全球市場,B0044 宏遠投顧,瑞聯
B690052,2026-01-30,235.6199951171875,歐元,瑞聯UBAM環球首選30股票基金歐元 AC,yfinance,股票型,全球市場,B0044 宏遠投顧,瑞聯
B690052,2026-02-02,239.0399932861328,歐元,瑞聯UBAM環球首選30股票基金歐元 AC,yfinance,股票型,全球市場,B0044 宏遠投顧,瑞聯
B690052,2026-02-03,233.67999267578125,歐元,瑞聯UBAM環球首選30股票基金歐元 AC,yfinance,股票型,全球市場,B0044 宏遠投顧,瑞聯
B690052,2026-02-04,233.30999755859375,歐元,瑞聯UBAM環球首選30股票基金歐元 AC,yfinance,股票型,全球市場,B0044 宏遠投顧,瑞聯
B690052,2026-02-05,231.0399932861328,歐元,瑞聯UBAM環球首選30股票基金歐元 AC,yfinance,股票型,全球市場,B0044 宏遠投顧,瑞聯
B690052,2026-02-06,233.33999633789062,歐元,瑞聯UBAM環球首選30股票基金歐元 AC,yfinance,股票型,全球市場,B0044 宏遠投顧,瑞聯
B690052,2026-02-09,233.1999969482422,歐元,瑞聯UBAM環球首選30股票基金歐元 AC,yfinance,股票型,全球市場,B0044 宏遠投顧,瑞聯
B690052,2026-02-10,232.6699981689453,歐元,瑞聯UBAM環球首選30股票基金歐元 AC,yfinance,股票型,全球市場,B0044 宏遠投顧,瑞聯
B690052,2026-02-11,232.41000366210938,歐元,瑞聯UBAM環球首選30股票基金歐元 AC,yfinance,股票型,全球市場,B0044 宏遠投顧,瑞聯
B690052,2026-02-12,229.24000549316406,歐元,瑞聯UBAM環球首選30股票基金歐元 AC,yfinance,股票型,全球市場,B0044 宏遠投顧,瑞聯
B690052,2026-02-13,229.66000366210938,歐元,瑞聯UBAM環球首選30股票基金歐元 AC,yfinance,股票型,全球市場,B0044 宏遠投顧,瑞聯
B690052,2026-02-17,231.10000610351562,歐元,瑞聯UBAM環球首選30股票基金歐元 AC,yfinance,股票型,全球市場,B0044 宏遠投顧,瑞聯
B690052,2026-02-18,232.6999969482422,歐元,瑞聯UBAM環球首選30股票基金歐元 AC,yfinance,股票型,全球市場,B0044 宏遠投顧,瑞聯
B690052,2026-02-19,233.05999755859375,歐元,瑞聯UBAM環球首選30股票基金歐元 AC,yfinance,股票型,全球市場,B0044 宏遠投顧,瑞聯
B690052,2026-02-20,235.1300048828125,歐元,瑞聯UBAM環球首選30股票基金歐元 AC,yfinance,股票型,全球市場,B0044 宏遠投顧,瑞聯
B690052,2026-02-23,232.5800018310547,歐元,瑞聯UBAM環球首選30股票基金歐元 AC,yfinance,股票型,全球市場,B0044 宏遠投顧,瑞聯
B690052,2026-02-24,234.5800018310547,歐元,瑞聯UBAM環球首選30股票基金歐元 AC,yfinance,股票型,全球市場,B0044 宏遠投顧,瑞聯
B690052,2026-02-25,235.8800048828125,歐元,瑞聯UBAM環球首選30股票基金歐元 AC,yfinance,股票型,全球市場,B0044 宏遠投顧,瑞聯
B690052,2026-02-26,235.3699951171875,歐元,瑞聯UBAM環球首選30股票基金歐元 AC,yfinance,股票型,全球市場,B0044 宏遠投顧,瑞聯
B690052,2026-02-27,235.25,歐元,瑞聯UBAM環球首選30股票基金歐元 AC,yfinance,股票型,全球市場,B0044 宏遠投顧,瑞聯
B690052,2026-03-02,236.3699951171875,歐元,瑞聯UBAM環球首選30股票基金歐元 AC,yfinance,股票型,全球市場,B0044 宏遠投顧,瑞聯
B690052,2026-03-03,234.63999938964844,歐元,瑞聯UBAM環球首選30股票基金歐元 AC,yfinance,股票型,全球市場,B0044 宏遠投顧,瑞聯
B690052,2026-03-04,235.52999877929688,歐元,瑞聯UBAM環球首選30股票基金歐元 AC,yfinance,股票型,全球市場,B0044 宏遠投顧,瑞聯
B690052,2026-03-05,234.92999267578125,歐元,瑞聯UBAM環球首選30股票基金歐元 AC,yfinance,股票型,全球市場,B0044 宏遠投顧,瑞聯
B690052,2026-03-06,231.32000732421875,歐元,瑞聯UBAM環球首選30股票基金歐元 AC,yfinance,股票型,全球市場,B0044 宏遠投顧,瑞聯
B690052,2026-03-09,231.7100067138672,歐元,瑞聯UBAM環球首選30股票基金歐元 AC,yfinance,股票型,全球市場,B0044 宏遠投顧,瑞聯
B690052,2026-03-10,231.3000030517578,歐元,瑞聯UBAM環球首選30股票基金歐元 AC,yfinance,股票型,全球市場,B0044 宏遠投顧,瑞聯
B690052,2026-03-11,231.91000366210938,歐元,瑞聯UBAM環球首選30股票基金歐元 AC,yfinance,股票型,全球市場,B0044 宏遠投顧,瑞聯
B690052,2026-03-12,229.52999877929688,歐元,瑞聯UBAM環球首選30股票基金歐元 AC,yfinance,股票型,全球市場,B0044 宏遠投顧,瑞聯
B690052,2026-03-13,229.19000244140625,歐元,瑞聯UBAM環球首選30股票基金歐元 AC,yfinance,股票型,全球市場,B0044 宏遠投顧,瑞聯
B690052,2026-03-16,230.3800048828125,歐元,瑞聯UBAM環球首選30股票基金歐元 AC,yfinance,股票型,全球市場,B0044 宏遠投顧,瑞聯
B690052,2026-03-17,230.72000122070312,歐元,瑞聯UBAM環球首選30股票基金歐元 AC,yfinance,股票型,全球市場,B0044 宏遠投顧,瑞聯
B690052,2026-03-18,227.3300018310547,歐元,瑞聯UBAM環球首選30股票基金歐元 AC,yfinance,股票型,全球市場,B0044 宏遠投顧,瑞聯
B690052,2026-03-19,225.80999755859375,歐元,瑞聯UBAM環球首選30股票基金歐元 AC,yfinance,股票型,全球市場,B0044 宏遠投顧,瑞聯
B690052,2026-03-20,221.80999755859375,歐元,瑞聯UBAM環球首選30股票基金歐元 AC,yfinance,股票型,全球市場,B0044 宏遠投顧,瑞聯
B690052,2026-03-23,223.44000244140625,歐元,瑞聯UBAM環球首選30股票基金歐元 AC,yfinance,股票型,全球市場,B0044 宏遠投顧,瑞聯
B690052,2026-03-24,222.4499969482422,歐元,瑞聯UBAM環球首選30股票基金歐元 AC,yfinance,股票型,全球市場,B0044 宏遠投顧,瑞聯
B690052,2026-03-25,224.75,歐元,瑞聯UBAM環球首選30股票基金歐元 AC,yfinance,股票型,全球市場,B0044 宏遠投顧,瑞聯
B690052,2026-03-26,221.72999572753906,歐元,瑞聯UBAM環球首選30股票基金歐元 AC,yfinance,股票型,全球市場,B0044 宏遠投顧,瑞聯
B690052,2026-03-27,217.94000244140625,歐元,瑞聯UBAM環球首選30股票基金歐元 AC,yfinance,股票型,全球市場,B0044 宏遠投顧,瑞聯
B690052,2026-03-30,218.82000732421875,歐元,瑞聯UBAM環球首選30股票基金歐元 AC,yfinance,股票型,全球市場,B0044 宏遠投顧,瑞聯
B690052,2026-03-31,223.10000610351562,歐元,瑞聯UBAM環球首選30股票基金歐元 AC,yfinance,股票型,全球市場,B0044 宏遠投顧,瑞聯
B690052,2026-04-01,223.77999877929688,歐元,瑞聯UBAM環球首選30股票基金歐元 AC,yfinance,股票型,全球市場,B0044 宏遠投顧,瑞聯
B690052,2026-04-02,225.1300048828125,歐元,瑞聯UBAM環球首選30股票基金歐元 AC,yfinance,股票型,全球市場,B0044 宏遠投顧,瑞聯
B690052,2026-04-07,225.27000427246094,歐元,瑞聯UBAM環球首選30股票基金歐元 AC,yfinance,股票型,全球市場,B0044 宏遠投顧,瑞聯
B690052,2026-04-08,230.8000030517578,歐元,瑞聯UBAM環球首選30股票基金歐元 AC,yfinance,股票型,全球市場,B0044 宏遠投顧,瑞聯
B690052,2026-04-09,231.41000366210938,歐元,瑞聯UBAM環球首選30股票基金歐元 AC,yfinance,股票型,全球市場,B0044 宏遠投顧,瑞聯
B690052,2026-04-10,231.36000061035156,歐元,瑞聯UBAM環球首選30股票基金歐元 AC,yfinance,股票型,全球市場,B0044 宏遠投顧,瑞聯
B690052,2026-04-13,233.30999755859375,歐元,瑞聯UBAM環球首選30股票基金歐元 AC,yfinance,股票型,全球市場,B0044 宏遠投顧,瑞聯
B690052,2026-04-14,234.72000122070312,歐元,瑞聯UBAM環球首選30股票基金歐元 AC,yfinance,股票型,全球市場,B0044 宏遠投顧,瑞聯
B690052,2026-04-15,235.5800018310547,歐元,瑞聯UBAM環球首選30股票基金歐元 AC,yfinance,股票型,全球市場,B0044 宏遠投顧,瑞聯
B690052,2026-04-16,236.5500030517578,歐元,瑞聯UBAM環球首選30股票基金歐元 AC,yfinance,股票型,全球市場,B0044 宏遠投顧,瑞聯
B690052,2026-04-17,239.50999450683594,歐元,瑞聯UBAM環球首選30股票基金歐元 AC,yfinance,股票型,全球市場,B0044 宏遠投顧,瑞聯
B690052,2026-04-20,238.94000244140625,歐元,瑞聯UBAM環球首選30股票基金歐元 AC,yfinance,股票型,全球市場,B0044 宏遠投顧,瑞聯
B690052,2026-04-21,237.8800048828125,歐元,瑞聯UBAM環球首選30股票基金歐元 AC,yfinance,股票型,全球市場,B0044 宏遠投顧,瑞聯
B690052,2026-04-22,240.60000610351562,歐元,瑞聯UBAM環球首選30股票基金歐元 AC,yfinance,股票型,全球市場,B0044 宏遠投顧,瑞聯
B690052,2026-04-23,240.3699951171875,歐元,瑞聯UBAM環球首選30股票基金歐元 AC,yfinance,股票型,全球市場,B0044 宏遠投顧,瑞聯
B690052,2026-04-24,242.19000244140625,歐元,瑞聯UBAM環球首選30股票基金歐元 AC,yfinance,股票型,全球市場,B0044 宏遠投顧,瑞聯
B690052,2026-04-27,242.1999969482422,歐元,瑞聯UBAM環球首選30股票基金歐元 AC,yfinance,股票型,全球市場,B0044 宏遠投顧,瑞聯
B690052,2026-04-28,241.4499969482422,歐元,瑞聯UBAM環球首選30股票基金歐元 AC,yfinance,股票型,全球市場,B0044 宏遠投顧,瑞聯
B690052,2026-04-29,240.97000122070312,歐元,瑞聯UBAM環球首選30股票基金歐元 AC,yfinance,股票型,全球市場,B0044 宏遠投顧,瑞聯
B690052,2026-04-30,243.16000366210938,歐元,瑞聯UBAM環球首選30股票基金歐元 AC,yfinance,股票型,全球市場,B0044 宏遠投顧,瑞聯
B690052,2026-05-04,242.27999877929688,歐元,瑞聯UBAM環球首選30股票基金歐元 AC,yfinance,股票型,全球市場,B0044 宏遠投顧,瑞聯
B690052,2026-05-05,243.30999755859375,歐元,瑞聯UBAM環球首選30股票基金歐元 AC,yfinance,股票型,全球市場,B0044 宏遠投顧,瑞聯
B690052,2026-05-06,245.47999572753906,歐元,瑞聯UBAM環球首選30股票基金歐元 AC,yfinance,股票型,全球市場,B0044 宏遠投顧,瑞聯
B690052,2026-05-07,243.30999755859375,歐元,瑞聯UBAM環球首選30股票基金歐元 AC,yfinance,股票型,全球市場,B0044 宏遠投顧,瑞聯
B690052,2026-05-08,243.77999877929688,歐元,瑞聯UBAM環球首選30股票基金歐元 AC,yfinance,股票型,全球市場,B0044 宏遠投顧,瑞聯
B690052,2026-05-11,243.25999450683594,歐元,瑞聯UBAM環球首選30股票基金歐元 AC,yfinance,股票型,全球市場,B0044 宏遠投顧,瑞聯
B690052,2026-05-12,243.7100067138672,歐元,瑞聯UBAM環球首選30股票基金歐元 AC,yfinance,股票型,全球市場,B0044 宏遠投顧,瑞聯
B690052,2026-05-13,245.5399932861328,歐元,瑞聯UBAM環球首選30股票基金歐元 AC,yfinance,股票型,全球市場,B0044 宏遠投顧,瑞聯
B690052,2026-05-15,248.05999755859375,歐元,瑞聯UBAM環球首選30股票基金歐元 AC,yfinance,股票型,全球市場,B0044 宏遠投顧,瑞聯
B690052,2026-05-18,248.08999633789062,歐元,瑞聯UBAM環球首選30股票基金歐元 AC,yfinance,股票型,全球市場,B0044 宏遠投顧,瑞聯
B690052,2026-05-19,246.35000610351562,歐元,瑞聯UBAM環球首選30股票基金歐元 AC,yfinance,股票型,全球市場,B0044 宏遠投顧,瑞聯
B690052,2026-05-20,248.4600067138672,歐元,瑞聯UBAM環球首選30股票基金歐元 AC,yfinance,股票型,全球市場,B0044 宏遠投顧,瑞聯
B690052,2026-05-21,249.1999969482422,歐元,瑞聯UBAM環球首選30股票基金歐元 AC,yfinance,股票型,全球市場,B0044 宏遠投顧,瑞聯
B690052,2026-05-22,249.75,歐元,瑞聯UBAM環球首選30股票基金歐元 AC,yfinance,股票型,全球市場,B0044 宏遠投顧,瑞聯
B690052,2026-05-26,248.9199981689453,歐元,瑞聯UBAM環球首選30股票基金歐元 AC,yfinance,股票型,全球市場,B0044 宏遠投顧,瑞聯
B690052,2026-05-27,249.63999938964844,歐元,瑞聯UBAM環球首選30股票基金歐元 AC,yfinance,股票型,全球市場,B0044 宏遠投顧,瑞聯
B690052,2026-05-28,249.25999450683594,歐元,瑞聯UBAM環球首選30股票基金歐元 AC,yfinance,股票型,全球市場,B0044 宏遠投顧,瑞聯
B690052,2026-05-29,249.24000549316406,歐元,瑞聯UBAM環球首選30股票基金歐元 AC,yfinance,股票型,全球市場,B0044 宏遠投顧,瑞聯
B690052,2026-06-01,251.13999938964844,歐元,瑞聯UBAM環球首選30股票基金歐元 AC,yfinance,股票型,全球市場,B0044 宏遠投顧,瑞聯
B690052,2026-06-02,251.25999450683594,歐元,瑞聯UBAM環球首選30股票基金歐元 AC,yfinance,股票型,全球市場,B0044 宏遠投顧,瑞聯
B690052,2026-06-03,249.22999572753906,歐元,瑞聯UBAM環球首選30股票基金歐元 AC,yfinance,股票型,全球市場,B0044 宏遠投顧,瑞聯
B690052,2026-06-04,251.0399932861328,歐元,瑞聯UBAM環球首選30股票基金歐元 AC,yfinance,股票型,全球市場,B0044 宏遠投顧,瑞聯
B690052,2026-06-05,247.1300048828125,歐元,瑞聯UBAM環球首選30股票基金歐元 AC,yfinance,股票型,全球市場,B0044 宏遠投顧,瑞聯
B690052,2026-06-08,247.47999572753906,歐元,瑞聯UBAM環球首選30股票基金歐元 AC,yfinance,股票型,全球市場,B0044 宏遠投顧,瑞聯
B690052,2026-06-09,247.0500030517578,歐元,瑞聯UBAM環球首選30股票基金歐元 AC,yfinance,股票型,全球市場,B0044 宏遠投顧,瑞聯
B690052,2026-06-10,242.9199981689453,歐元,瑞聯UBAM環球首選30股票基金歐元 AC,yfinance,股票型,全球市場,B0044 宏遠投顧,瑞聯
B690052,2026-06-11,244.77999877929688,歐元,瑞聯UBAM環球首選30股票基金歐元 AC,yfinance,股票型,全球市場,B0044 宏遠投顧,瑞聯
B690052,2026-06-12,244.99000549316406,歐元,瑞聯UBAM環球首選30股票基金歐元 AC,yfinance,股票型,全球市場,B0044 宏遠投顧,瑞聯
B690052,2026-06-15,247.38999938964844,歐元,瑞聯UBAM環球首選30股票基金歐元 AC,yfinance,股票型,全球市場,B0044 宏遠投顧,瑞聯
B690052,2026-06-16,247.25,歐元,瑞聯UBAM環球首選30股票基金歐元 AC,yfinance,股票型,全球市場,B0044 宏遠投顧,瑞聯
B690052,2026-06-17,245.0800018310547,歐元,瑞聯UBAM環球首選30股票基金歐元 AC,yfinance,股票型,全球市場,B0044 宏遠投顧,瑞聯
B690052,2026-06-18,248.8800048828125,歐元,瑞聯UBAM環球首選30股票基金歐元 AC,yfinance,股票型,全球市場,B0044 宏遠投顧,瑞聯
B690052,2026-06-22,248.17999267578125,歐元,瑞聯UBAM環球首選30股票基金歐元 AC,yfinance,股票型,全球市場,B0044 宏遠投顧,瑞聯
B690052,2026-06-24,248.14999389648438,歐元,瑞聯UBAM環球首選30股票基金歐元 AC,yfinance,股票型,全球市場,B0044 宏遠投顧,瑞聯
B690052,2026-06-25,245.38999938964844,歐元,瑞聯UBAM環球首選30股票基金歐元 AC,yfinance,股票型,全球市場,B0044 宏遠投顧,瑞聯
B690052,2026-06-26,244.72999572753906,歐元,瑞聯UBAM環球首選30股票基金歐元 AC,yfinance,股票型,全球市場,B0044 宏遠投顧,瑞聯
B690052,2026-06-29,246.17999267578125,歐元,瑞聯UBAM環球首選30股票基金歐元 AC,yfinance,股票型,全球市場,B0044 宏遠投顧,瑞聯
B690052,2026-06-30,248.22000122070312,歐元,瑞聯UBAM環球首選30股票基金歐元 AC,yfinance,股票型,全球市場,B0044 宏遠投顧,瑞聯
B690052,2026-07-01,250.02999877929688,歐元,瑞聯UBAM環球首選30股票基金歐元 AC,yfinance,股票型,全球市場,B0044 宏遠投顧,瑞聯
B690052,2026-07-02,251.47000122070312,歐元,瑞聯UBAM環球首選30股票基金歐元 AC,yfinance,股票型,全球市場,B0044 宏遠投顧,瑞聯
B690052,2026-07-06,253.00999450683594,歐元,瑞聯UBAM環球首選30股票基金歐元 AC,yfinance,股票型,全球市場,B0044 宏遠投顧,瑞聯
B690052,2026-07-07,251.88999938964844,歐元,瑞聯UBAM環球首選30股票基金歐元 AC,yfinance,股票型,全球市場,B0044 宏遠投顧,瑞聯
B690052,2026-07-08,250.8000030517578,歐元,瑞聯UBAM環球首選30股票基金歐元 AC,yfinance,股票型,全球市場,B0044 宏遠投顧,瑞聯
B690052,2026-07-09,251.44000244140625,歐元,瑞聯UBAM環球首選30股票基金歐元 AC,yfinance,股票型,全球市場,B0044 宏遠投顧,瑞聯
B690052,2026-07-10,252.6300048828125,歐元,瑞聯UBAM環球首選30股票基金歐元 AC,yfinance,股票型,全球市場,B0044 宏遠投顧,瑞聯
B690052,2026-07-13,251.69000244140625,歐元,瑞聯UBAM環球首選30股票基金歐元 AC,yfinance,股票型,全球市場,B0044 宏遠投顧,瑞聯
B690052,2026-07-14,251.88999938964844,歐元,瑞聯UBAM環球首選30股票基金歐元 AC,yfinance,股票型,全球市場,B0044 宏遠投顧,瑞聯
B690052,2026-07-15,254.38999938964844,歐元,瑞聯UBAM環球首選30股票基金歐元 AC,yfinance,股票型,全球市場,B0044 宏遠投顧,瑞聯
B690052,2026-07-16,253.5399932861328,歐元,瑞聯UBAM環球首選30股票基金歐元 AC,yfinance,股票型,全球市場,B0044 宏遠投顧,瑞聯
B690052,2026-07-20,250.99000549316406,歐元,瑞聯UBAM環球首選30股票基金歐元 AC,yfinance,股票型,全球市場,B0044 宏遠投顧,瑞聯
B690052,2026-07-21,251.83999633789062,歐元,瑞聯UBAM環球首選30股票基金歐元 AC,yfinance,股票型,全球市場,B0044 宏遠投顧,瑞聯
B690052,2026-07-22,252.17999267578125,歐元,瑞聯UBAM環球首選30股票基金歐元 AC,yfinance,股票型,全球市場,B0044 宏遠投顧,瑞聯
B690052,2026-07-23,248.99000549316406,歐元,瑞聯UBAM環球首選30股票基金歐元 AC,yfinance,股票型,全球市場,B0044 宏遠投顧,瑞聯
B690052,2026-07-24,249.94000244140625,歐元,瑞聯UBAM環球首選30股票基金歐元 AC,yfinance,股票型,全球市場,B0044 宏遠投顧,瑞聯
B690052,2026-07-27,250.75999450683594,歐元,瑞聯UBAM環球首選30股票基金歐元 AC,yfinance,股票型,全球市場,B0044 宏遠投顧,瑞聯
B690052,2026-07-28,252.17999267578125,歐元,瑞聯UBAM環球首選30股票基金歐元 AC,yfinance,股票型,全球市場,B0044 宏遠投顧,瑞聯
B690052,2026-07-29,249.22000122070312,歐元,瑞聯UBAM環球首選30股票基金歐元 AC,yfinance,股票型,全球市場,B0044 宏遠投顧,瑞聯
B690052,2026-07-30,252.25,歐元,瑞聯UBAM環球首選30股票基金歐元 AC,yfinance,股票型,全球市場,B0044 宏遠投顧,瑞聯
B690052,2026-07-31,254.11000061035156,歐元,瑞聯UBAM環球首選30股票基金歐元 AC,yfinance,股票型,全球市場,B0044 宏遠投顧,瑞聯
B690052,2026-08-03,256.0299987792969,歐元,瑞聯UBAM環球首選30股票基金歐元 AC,yfinance,股票型,全球市場,B0044 宏遠投顧,瑞聯
B690052,2026-08-04,259.69000244140625,歐元,瑞聯UBAM環球首選30股票基金歐元 AC,yfinance,股票型,全球市場,B0044 宏遠投顧,瑞聯
B690052,2026-08-05,259.9200134277344,歐元,瑞聯UBAM環球首選30股票基金歐元 AC,yfinance,股票型,全球市場,B0044 宏遠投顧,瑞聯
B690052,2026-08-06,260.1400146484375,歐元,瑞聯UBAM環球首選30股票基金歐元 AC,yfinance,股票型,全球市場,B0044 宏遠投顧,瑞聯
B690052,2026-08-07,260.45001220703125,歐元,瑞聯UBAM環球首選30股票基金歐元 AC,yfinance,股票型,全球市場,B0044 宏遠投顧,瑞聯
B690052,2026-08-10,259.9599914550781,歐元,瑞聯UBAM環球首選30股票基金歐元 AC,yfinance,股票型,全球市場,B0044 宏遠投顧,瑞聯
B690052,2026-08-11,259.3599853515625,歐元,瑞聯UBAM環球首選30股票基金歐元 AC,yfinance,股票型,全球市場,B0044 宏遠投顧,瑞聯
B690052,2026-08-12,259.07000732421875,歐元,瑞聯UBAM環球首選30股票基金歐元 AC,yfinance,股票型,全球市場,B0044 宏遠投顧,瑞聯
B690052,2026-08-13,259.0,歐元,瑞聯UBAM環球首選30股票基金歐元 AC,yfinance,股票型,全球市場,B0044 宏遠投顧,瑞聯
B690052,2026-08-14,256.8299865722656,歐元,瑞聯UBAM環球首選30股票基金歐元 AC,yfinance,股票型,全球市場,B0044 宏遠投顧,瑞聯
B07064,2026-01-05,4.281000137329102,美元,利安資金日本增長基金A美元避險級別,yfinance,未分類,日本,A0047 台新投信,利安資金
B07064,2026-01-06,4.353000164031982,美元,利安資金日本增長基金A美元避險級別,yfinance,未分類,日本,A0047 台新投信,利安資金
B07064,2026-01-07,4.315000057220459,美元,利安資金日本增長基金A美元避險級別,yfinance,未分類,日本,A0047 台新投信,利安資金
B07064,2026-01-08,4.281000137329102,美元,利安資金日本增長基金A美元避險級別,yfinance,未分類,日本,A0047 台新投信,利安資金
B07064,2026-01-09,4.315999984741211,美元,利安資金日本增長基金A美元避險級別,yfinance,未分類,日本,A0047 台新投信,利安資金
B07064,2026-01-13,4.421000003814697,美元,利安資金日本增長基金A美元避險級別,yfinance,未分類,日本,A0047 台新投信,利安資金
B07064,2026-01-14,4.4720001220703125,美元,利安資金日本增長基金A美元避險級別,yfinance,未分類,日本,A0047 台新投信,利安資金
B07064,2026-01-15,4.5,美元,利安資金日本增長基金A美元避險級別,yfinance,未分類,日本,A0047 台新投信,利安資金
B07064,2026-01-16,4.492000102996826,美元,利安資金日本增長基金A美元避險級別,yfinance,未分類,日本,A0047 台新投信,利安資金
B07064,2026-01-20,4.446000099182129,美元,利安資金日本增長基金A美元避險級別,yfinance,未分類,日本,A0047 台新投信,利安資金
B07064,2026-01-21,4.4039998054504395,美元,利安資金日本增長基金A美元避險級別,yfinance,未分類,日本,A0047 台新投信,利安資金
B07064,2026-01-26,4.35699987411499,美元,利安資金日本增長基金A美元避險級別,yfinance,未分類,日本,A0047 台新投信,利安資金
B07064,2026-01-27,4.375,美元,利安資金日本增長基金A美元避險級別,yfinance,未分類,日本,A0047 台新投信,利安資金
B07064,2026-01-28,4.34499979019165,美元,利安資金日本增長基金A美元避險級別,yfinance,未分類,日本,A0047 台新投信,利安資金
B07064,2026-01-29,4.355000019073486,美元,利安資金日本增長基金A美元避險級別,yfinance,未分類,日本,A0047 台新投信,利安資金
B07064,2026-01-30,4.374000072479248,美元,利安資金日本增長基金A美元避險級別,yfinance,未分類,日本,A0047 台新投信,利安資金
B07064,2026-02-02,4.3379998207092285,美元,利安資金日本增長基金A美元避險級別,yfinance,未分類,日本,A0047 台新投信,利安資金
B07064,2026-02-03,4.474999904632568,美元,利安資金日本增長基金A美元避險級別,yfinance,未分類,日本,A0047 台新投信,利安資金
B07064,2026-02-04,4.480999946594238,美元,利安資金日本增長基金A美元避險級別,yfinance,未分類,日本,A0047 台新投信,利安資金
B07064,2026-02-05,4.474999904632568,美元,利安資金日本增長基金A美元避險級別,yfinance,未分類,日本,A0047 台新投信,利安資金
B07064,2026-03-23,4.28000020980835,美元,利安資金日本增長基金A美元避險級別,yfinance,未分類,日本,A0047 台新投信,利安資金
B07064,2026-03-24,4.364999771118164,美元,利安資金日本增長基金A美元避險級別,yfinance,未分類,日本,A0047 台新投信,利安資金
B07064,2026-03-25,4.474999904632568,美元,利安資金日本增長基金A美元避險級別,yfinance,未分類,日本,A0047 台新投信,利安資金
B07064,2026-03-26,4.4629998207092285,美元,利安資金日本增長基金A美元避險級別,yfinance,未分類,日本,A0047 台新投信,利安資金
B07064,2026-03-27,4.4670000076293945,美元,利安資金日本增長基金A美元避險級別,yfinance,未分類,日本,A0047 台新投信,利安資金
B07064,2026-03-30,4.367000102996826,美元,利安資金日本增長基金A美元避險級別,yfinance,未分類,日本,A0047 台新投信,利安資金
B07064,2026-03-31,4.313000202178955,美元,利安資金日本增長基金A美元避險級別,yfinance,未分類,日本,A0047 台新投信,利安資金
B07064,2026-04-01,4.531000137329102,美元,利安資金日本增長基金A美元避險級別,yfinance,未分類,日本,A0047 台新投信,利安資金
B07064,2026-04-02,4.453000068664551,美元,利安資金日本增長基金A美元避險級別,yfinance,未分類,日本,A0047 台新投信,利安資金
B07064,2026-04-06,4.489999771118164,美元,利安資金日本增長基金A美元避險級別,yfinance,未分類,日本,A0047 台新投信,利安資金
B07064,2026-04-07,4.499000072479248,美元,利安資金日本增長基金A美元避險級別,yfinance,未分類,日本,A0047 台新投信,利安資金
B07064,2026-04-08,4.656000137329102,美元,利安資金日本增長基金A美元避險級別,yfinance,未分類,日本,A0047 台新投信,利安資金
B07064,2026-04-09,4.61899995803833,美元,利安資金日本增長基金A美元避險級別,yfinance,未分類,日本,A0047 台新投信,利安資金
B07064,2026-04-10,4.619999885559082,美元,利安資金日本增長基金A美元避險級別,yfinance,未分類,日本,A0047 台新投信,利安資金
B07064,2026-04-13,4.604000091552734,美元,利安資金日本增長基金A美元避險級別,yfinance,未分類,日本,A0047 台新投信,利安資金
B07064,2026-04-14,4.646999835968018,美元,利安資金日本增長基金A美元避險級別,yfinance,未分類,日本,A0047 台新投信,利安資金
B07064,2026-04-15,4.669000148773193,美元,利安資金日本增長基金A美元避險級別,yfinance,未分類,日本,A0047 台新投信,利安資金
B07064,2026-04-16,4.728000164031982,美元,利安資金日本增長基金A美元避險級別,yfinance,未分類,日本,A0047 台新投信,利安資金
B07064,2026-04-17,4.6539998054504395,美元,利安資金日本增長基金A美元避險級別,yfinance,未分類,日本,A0047 台新投信,利安資金
B07064,2026-04-20,4.682000160217285,美元,利安資金日本增長基金A美元避險級別,yfinance,未分類,日本,A0047 台新投信,利安資金
B07064,2026-04-21,4.677999973297119,美元,利安資金日本增長基金A美元避險級別,yfinance,未分類,日本,A0047 台新投信,利安資金
B07064,2026-04-22,4.656000137329102,美元,利安資金日本增長基金A美元避險級別,yfinance,未分類,日本,A0047 台新投信,利安資金
B07064,2026-04-23,4.625,美元,利安資金日本增長基金A美元避險級別,yfinance,未分類,日本,A0047 台新投信,利安資金
B07064,2026-04-24,4.626999855041504,美元,利安資金日本增長基金A美元避險級別,yfinance,未分類,日本,A0047 台新投信,利安資金
B07064,2026-04-27,4.656000137329102,美元,利安資金日本增長基金A美元避險級別,yfinance,未分類,日本,A0047 台新投信,利安資金
B07064,2026-04-28,4.701000213623047,美元,利安資金日本增長基金A美元避險級別,yfinance,未分類,日本,A0047 台新投信,利安資金
B07064,2026-04-30,4.644000053405762,美元,利安資金日本增長基金A美元避險級別,yfinance,未分類,日本,A0047 台新投信,利安資金
B07064,2026-05-07,4.7820000648498535,美元,利安資金日本增長基金A美元避險級別,yfinance,未分類,日本,A0047 台新投信,利安資金
B07064,2026-05-08,4.7729997634887695,美元,利安資金日本增長基金A美元避險級別,yfinance,未分類,日本,A0047 台新投信,利安資金
B07064,2026-05-11,4.794000148773193,美元,利安資金日本增長基金A美元避險級別,yfinance,未分類,日本,A0047 台新投信,利安資金
B07064,2026-05-12,4.84499979019165,美元,利安資金日本增長基金A美元避險級別,yfinance,未分類,日本,A0047 台新投信,利安資金
B07064,2026-05-13,4.901000022888184,美元,利安資金日本增長基金A美元避險級別,yfinance,未分類,日本,A0047 台新投信,利安資金
B07064,2026-05-14,4.840000152587891,美元,利安資金日本增長基金A美元避險級別,yfinance,未分類,日本,A0047 台新投信,利安資金
B07064,2026-05-15,4.811999797821045,美元,利安資金日本增長基金A美元避險級別,yfinance,未分類,日本,A0047 台新投信,利安資金
B07064,2026-05-18,4.77400016784668,美元,利安資金日本增長基金A美元避險級別,yfinance,未分類,日本,A0047 台新投信,利安資金
B07064,2026-05-19,4.802000045776367,美元,利安資金日本增長基金A美元避險級別,yfinance,未分類,日本,A0047 台新投信,利安資金
B07064,2026-05-20,4.73199987411499,美元,利安資金日本增長基金A美元避險級別,yfinance,未分類,日本,A0047 台新投信,利安資金
B07064,2026-05-21,4.809999942779541,美元,利安資金日本增長基金A美元避險級別,yfinance,未分類,日本,A0047 台新投信,利安資金
B07064,2026-05-22,4.861000061035156,美元,利安資金日本增長基金A美元避險級別,yfinance,未分類,日本,A0047 台新投信,利安資金
B07064,2026-05-26,4.923999786376953,美元,利安資金日本增長基金A美元避險級別,yfinance,未分類,日本,A0047 台新投信,利安資金
B07064,2026-05-28,4.88100004196167,美元,利安資金日本增長基金A美元避險級別,yfinance,未分類,日本,A0047 台新投信,利安資金
B07064,2026-05-29,4.955999851226807,美元,利安資金日本增長基金A美元避險級別,yfinance,未分類,日本,A0047 台新投信,利安資金
B07064,2026-06-02,4.920000076293945,美元,利安資金日本增長基金A美元避險級別,yfinance,未分類,日本,A0047 台新投信,利安資金
B07064,2026-06-03,5.005000114440918,美元,利安資金日本增長基金A美元避險級別,yfinance,未分類,日本,A0047 台新投信,利安資金
B07064,2026-06-04,4.949999809265137,美元,利安資金日本增長基金A美元避險級別,yfinance,未分類,日本,A0047 台新投信,利安資金
B07064,2026-06-05,4.946000099182129,美元,利安資金日本增長基金A美元避險級別,yfinance,未分類,日本,A0047 台新投信,利安資金
B07064,2026-06-08,4.822000026702881,美元,利安資金日本增長基金A美元避險級別,yfinance,未分類,日本,A0047 台新投信,利安資金
B07064,2026-06-09,4.880000114440918,美元,利安資金日本增長基金A美元避險級別,yfinance,未分類,日本,A0047 台新投信,利安資金
B07064,2026-06-10,4.814000129699707,美元,利安資金日本增長基金A美元避險級別,yfinance,未分類,日本,A0047 台新投信,利安資金
B07064,2026-06-11,4.795000076293945,美元,利安資金日本增長基金A美元避險級別,yfinance,未分類,日本,A0047 台新投信,利安資金
B07064,2026-06-12,4.854000091552734,美元,利安資金日本增長基金A美元避險級別,yfinance,未分類,日本,A0047 台新投信,利安資金
B07064,2026-06-15,5.001999855041504,美元,利安資金日本增長基金A美元避險級別,yfinance,未分類,日本,A0047 台新投信,利安資金
B07064,2026-06-16,4.995999813079834,美元,利安資金日本增長基金A美元避險級別,yfinance,未分類,日本,A0047 台新投信,利安資金
B07064,2026-06-17,5.0279998779296875,美元,利安資金日本增長基金A美元避險級別,yfinance,未分類,日本,A0047 台新投信,利安資金
B07064,2026-06-18,5.1020002365112305,美元,利安資金日本增長基金A美元避險級別,yfinance,未分類,日本,A0047 台新投信,利安資金
B07064,2026-06-22,5.142000198364258,美元,利安資金日本增長基金A美元避險級別,yfinance,未分類,日本,A0047 台新投信,利安資金
B07064,2026-06-23,5.01200008392334,美元,利安資金日本增長基金A美元避險級別,yfinance,未分類,日本,A0047 台新投信,利安資金
B07064,2026-06-24,4.979000091552734,美元,利安資金日本增長基金A美元避險級別,yfinance,未分類,日本,A0047 台新投信,利安資金
B07064,2026-06-25,5.039000034332275,美元,利安資金日本增長基金A美元避險級別,yfinance,未分類,日本,A0047 台新投信,利安資金
B07064,2026-06-26,4.973999977111816,美元,利安資金日本增長基金A美元避險級別,yfinance,未分類,日本,A0047 台新投信,利安資金
B07064,2026-06-29,4.999000072479248,美元,利安資金日本增長基金A美元避險級別,yfinance,未分類,日本,A0047 台新投信,利安資金
B07064,2026-06-30,5.015999794006348,美元,利安資金日本增長基金A美元避險級別,yfinance,未分類,日本,A0047 台新投信,利安資金
B07064,2026-07-01,5.040999889373779,美元,利安資金日本增長基金A美元避險級別,yfinance,未分類,日本,A0047 台新投信,利安資金
B07064,2026-07-02,5.039999961853027,美元,利安資金日本增長基金A美元避險級別,yfinance,未分類,日本,A0047 台新投信,利安資金
B07064,2026-07-06,5.140999794006348,美元,利安資金日本增長基金A美元避險級別,yfinance,未分類,日本,A0047 台新投信,利安資金
B07064,2026-07-07,5.09499979019165,美元,利安資金日本增長基金A美元避險級別,yfinance,未分類,日本,A0047 台新投信,利安資金
B07064,2026-07-08,5.0229997634887695,美元,利安資金日本增長基金A美元避險級別,yfinance,未分類,日本,A0047 台新投信,利安資金
B07064,2026-07-09,5.045000076293945,美元,利安資金日本增長基金A美元避險級別,yfinance,未分類,日本,A0047 台新投信,利安資金
B07064,2026-07-10,5.063000202178955,美元,利安資金日本增長基金A美元避險級別,yfinance,未分類,日本,A0047 台新投信,利安資金
B07064,2026-07-13,5.0269999504089355,美元,利安資金日本增長基金A美元避險級別,yfinance,未分類,日本,A0047 台新投信,利安資金
B07064,2026-07-14,5.059999942779541,美元,利安資金日本增長基金A美元避險級別,yfinance,未分類,日本,A0047 台新投信,利安資金
B07064,2026-07-15,5.119999885559082,美元,利安資金日本增長基金A美元避險級別,yfinance,未分類,日本,A0047 台新投信,利安資金
B07064,2026-07-16,5.047999858856201,美元,利安資金日本增長基金A美元避險級別,yfinance,未分類,日本,A0047 台新投信,利安資金
B07064,2026-07-17,4.908999919891357,美元,利安資金日本增長基金A美元避險級別,yfinance,未分類,日本,A0047 台新投信,利安資金
B07064,2026-07-21,5.0269999504089355,美元,利安資金日本增長基金A美元避險級別,yfinance,未分類,日本,A0047 台新投信,利安資金
B07064,2026-07-22,5.047999858856201,美元,利安資金日本增長基金A美元避險級別,yfinance,未分類,日本,A0047 台新投信,利安資金
B07064,2026-07-23,5.077000141143799,美元,利安資金日本增長基金A美元避險級別,yfinance,未分類,日本,A0047 台新投信,利安資金
B07064,2026-07-24,5.0229997634887695,美元,利安資金日本增長基金A美元避險級別,yfinance,未分類,日本,A0047 台新投信,利安資金
B07064,2026-07-27,5.078000068664551,美元,利安資金日本增長基金A美元避險級別,yfinance,未分類,日本,A0047 台新投信,利安資金
B07064,2026-07-28,4.953000068664551,美元,利安資金日本增長基金A美元避險級別,yfinance,未分類,日本,A0047 台新投信,利安資金
B07064,2026-07-29,4.956999778747559,美元,利安資金日本增長基金A美元避險級別,yfinance,未分類,日本,A0047 台新投信,利安資金
B07064,2026-07-30,4.938000202178955,美元,利安資金日本增長基金A美元避險級別,yfinance,未分類,日本,A0047 台新投信,利安資金
B07064,2026-07-31,5.013000011444092,美元,利安資金日本增長基金A美元避險級別,yfinance,未分類,日本,A0047 台新投信,利安資金
B07064,2026-08-03,4.959000110626221,美元,利安資金日本增長基金A美元避險級別,yfinance,未分類,日本,A0047 台新投信,利安資金
B07064,2026-08-04,4.968999862670898,美元,利安資金日本增長基金A美元避險級別,yfinance,未分類,日本,A0047 台新投信,利安資金
B07064,2026-08-05,5.073999881744385,美元,利安資金日本增長基金A美元避險級別,yfinance,未分類,日本,A0047 台新投信,利安資金
B07064,2026-08-06,5.072999954223633,美元,利安資金日本增長基金A美元避險級別,yfinance,未分類,日本,A0047 台新投信,利安資金
B07064,2026-08-07,5.09499979019165,美元,利安資金日本增長基金A美元避險級別,yfinance,未分類,日本,A0047 台新投信,利安資金
B07064,2026-08-12,5.181000232696533,美元,利安資金日本增長基金A美元避險級別,yfinance,未分類,日本,A0047 台新投信,利安資金
B07064,2026-08-13,5.228000164031982,美元,利安資金日本增長基金A美元避險級別,yfinance,未分類,日本,A0047 台新投信,利安資金
B07064,2026-08-14,5.251999855041504,美元,利安資金日本增長基金A美元避險級別,yfinance,未分類,日本,A0047 台新投信,利安資金
B07064,2026-08-17,5.245999813079834,美元,利安資金日本增長基金A美元避險級別,yfinance,未分類,日本,A0047 台新投信,利安資金
B50082,2026-01-02,117.4188232421875,歐元,歐義銳榮靈活策略入息基金RM,yfinance,未分類,全球市場,A0003 第一金投信,歐義銳榮
B50082,2026-01-05,117.76498413085938,歐元,歐義銳榮靈活策略入息基金RM,yfinance,未分類,全球市場,A0003 第一金投信,歐義銳榮
B50082,2026-01-06,118.46720123291016,歐元,歐義銳榮靈活策略入息基金RM,yfinance,未分類,全球市場,A0003 第一金投信,歐義銳榮
B50082,2026-01-07,118.14082336425781,歐元,歐義銳榮靈活策略入息基金RM,yfinance,未分類,全球市場,A0003 第一金投信,歐義銳榮
B50082,2026-01-08,118.47710418701172,歐元,歐義銳榮靈活策略入息基金RM,yfinance,未分類,全球市場,A0003 第一金投信,歐義銳榮
B50082,2026-01-09,118.7540283203125,歐元,歐義銳榮靈活策略入息基金RM,yfinance,未分類,全球市場,A0003 第一金投信,歐義銳榮
B50082,2026-01-12,118.68478393554688,歐元,歐義銳榮靈活策略入息基金RM,yfinance,未分類,全球市場,A0003 第一金投信,歐義銳榮
B50082,2026-01-13,118.60565948486328,歐元,歐義銳榮靈活策略入息基金RM,yfinance,未分類,全球市場,A0003 第一金投信,歐義銳榮
B50082,2026-01-14,119.01116943359375,歐元,歐義銳榮靈活策略入息基金RM,yfinance,未分類,全球市場,A0003 第一金投信,歐義銳榮
B50082,2026-01-15,119.4571304321289,歐元,歐義銳榮靈活策略入息基金RM,yfinance,未分類,全球市場,A0003 第一金投信,歐義銳榮
B50082,2026-01-16,119.16973114013672,歐元,歐義銳榮靈活策略入息基金RM,yfinance,未分類,全球市場,A0003 第一金投信,歐義銳榮
B50082,2026-01-19,118.87242126464844,歐元,歐義銳榮靈活策略入息基金RM,yfinance,未分類,全球市場,A0003 第一金投信,歐義銳榮
B50082,2026-01-20,118.20845031738281,歐元,歐義銳榮靈活策略入息基金RM,yfinance,未分類,全球市場,A0003 第一金投信,歐義銳榮
B50082,2026-01-21,118.7039566040039,歐元,歐義銳榮靈活策略入息基金RM,yfinance,未分類,全球市場,A0003 第一金投信,歐義銳榮
B50082,2026-01-22,118.95169830322266,歐元,歐義銳榮靈活策略入息基金RM,yfinance,未分類,全球市場,A0003 第一金投信,歐義銳榮
B50082,2026-01-23,118.84268951416016,歐元,歐義銳榮靈活策略入息基金RM,yfinance,未分類,全球市場,A0003 第一金投信,歐義銳榮
B50082,2026-01-26,118.9913558959961,歐元,歐義銳榮靈活策略入息基金RM,yfinance,未分類,全球市場,A0003 第一金投信,歐義銳榮
B50082,2026-01-27,119.40757751464844,歐元,歐義銳榮靈活策略入息基金RM,yfinance,未分類,全球市場,A0003 第一金投信,歐義銳榮
B50082,2026-01-28,119.1003646850586,歐元,歐義銳榮靈活策略入息基金RM,yfinance,未分類,全球市場,A0003 第一金投信,歐義銳榮
B50082,2026-01-29,119.2391128540039,歐元,歐義銳榮靈活策略入息基金RM,yfinance,未分類,全球市場,A0003 第一金投信,歐義銳榮
B50082,2026-01-30,119.22919464111328,歐元,歐義銳榮靈活策略入息基金RM,yfinance,未分類,全球市場,A0003 第一金投信,歐義銳榮
B50082,2026-02-02,119.78417205810547,歐元,歐義銳榮靈活策略入息基金RM,yfinance,未分類,全球市場,A0003 第一金投信,歐義銳榮
B50082,2026-02-03,120.02201080322266,歐元,歐義銳榮靈活策略入息基金RM,yfinance,未分類,全球市場,A0003 第一金投信,歐義銳榮
B50082,2026-02-04,120.85446166992188,歐元,歐義銳榮靈活策略入息基金RM,yfinance,未分類,全球市場,A0003 第一金投信,歐義銳榮
B50082,2026-02-05,120.59679412841797,歐元,歐義銳榮靈活策略入息基金RM,yfinance,未分類,全球市場,A0003 第一金投信,歐義銳榮
B50082,2026-02-06,121.43916320800781,歐元,歐義銳榮靈活策略入息基金RM,yfinance,未分類,全球市場,A0003 第一金投信,歐義銳榮
B50082,2026-02-09,121.51844024658203,歐元,歐義銳榮靈活策略入息基金RM,yfinance,未分類,全球市場,A0003 第一金投信,歐義銳榮
B50082,2026-02-10,121.69682312011719,歐元,歐義銳榮靈活策略入息基金RM,yfinance,未分類,全球市場,A0003 第一金投信,歐義銳榮
B50082,2026-02-11,122.0932388305664,歐元,歐義銳榮靈活策略入息基金RM,yfinance,未分類,全球市場,A0003 第一金投信,歐義銳榮
B50082,2026-02-12,121.34996795654297,歐元,歐義銳榮靈活策略入息基金RM,yfinance,未分類,全球市場,A0003 第一金投信,歐義銳榮
B50082,2026-02-13,121.67700958251953,歐元,歐義銳榮靈活策略入息基金RM,yfinance,未分類,全球市場,A0003 第一金投信,歐義銳榮
B50082,2026-02-16,121.59764862060547,歐元,歐義銳榮靈活策略入息基金RM,yfinance,未分類,全球市場,A0003 第一金投信,歐義銳榮
B50082,2026-02-17,121.62740325927734,歐元,歐義銳榮靈活策略入息基金RM,yfinance,未分類,全球市場,A0003 第一金投信,歐義銳榮
B50082,2026-02-18,121.92501068115234,歐元,歐義銳榮靈活策略入息基金RM,yfinance,未分類,全球市場,A0003 第一金投信,歐義銳榮
B50082,2026-02-19,121.69683837890625,歐元,歐義銳榮靈活策略入息基金RM,yfinance,未分類,全球市場,A0003 第一金投信,歐義銳榮
B50082,2026-02-23,121.83572387695312,歐元,歐義銳榮靈活策略入息基金RM,yfinance,未分類,全球市場,A0003 第一金投信,歐義銳榮
B50082,2026-02-24,121.99444580078125,歐元,歐義銳榮靈活策略入息基金RM,yfinance,未分類,全球市場,A0003 第一金投信,歐義銳榮
B50082,2026-02-25,122.11347961425781,歐元,歐義銳榮靈活策略入息基金RM,yfinance,未分類,全球市場,A0003 第一金投信,歐義銳榮
B50082,2026-02-26,122.19284057617188,歐元,歐義銳榮靈活策略入息基金RM,yfinance,未分類,全球市場,A0003 第一金投信,歐義銳榮
B50082,2026-02-27,122.3614730834961,歐元,歐義銳榮靈活策略入息基金RM,yfinance,未分類,全球市場,A0003 第一金投信,歐義銳榮
B50082,2026-03-02,121.75635528564453,歐元,歐義銳榮靈活策略入息基金RM,yfinance,未分類,全球市場,A0003 第一金投信,歐義銳榮
B50082,2026-03-03,120.25846099853516,歐元,歐義銳榮靈活策略入息基金RM,yfinance,未分類,全球市場,A0003 第一金投信,歐義銳榮
B50082,2026-03-04,120.69493103027344,歐元,歐義銳榮靈活策略入息基金RM,yfinance,未分類,全球市場,A0003 第一金投信,歐義銳榮
B50082,2026-03-05,119.88151550292969,歐元,歐義銳榮靈活策略入息基金RM,yfinance,未分類,全球市場,A0003 第一金投信,歐義銳榮
B50082,2026-03-06,119.24664306640625,歐元,歐義銳榮靈活策略入息基金RM,yfinance,未分類,全球市場,A0003 第一金投信,歐義銳榮
B50082,2026-03-09,118.92919158935547,歐元,歐義銳榮靈活策略入息基金RM,yfinance,未分類,全球市場,A0003 第一金投信,歐義銳榮
B50082,2026-03-10,119.12759399414062,歐元,歐義銳榮靈活策略入息基金RM,yfinance,未分類,全球市場,A0003 第一金投信,歐義銳榮
B50082,2026-03-11,118.94904327392578,歐元,歐義銳榮靈活策略入息基金RM,yfinance,未分類,全球市場,A0003 第一金投信,歐義銳榮
B50082,2026-03-12,118.7010498046875,歐元,歐義銳榮靈活策略入息基金RM,yfinance,未分類,全球市場,A0003 第一金投信,歐義銳榮
B50082,2026-03-13,118.55225372314453,歐元,歐義銳榮靈活策略入息基金RM,yfinance,未分類,全球市場,A0003 第一金投信,歐義銳榮
B50082,2026-03-16,118.77070617675781,歐元,歐義銳榮靈活策略入息基金RM,yfinance,未分類,全球市場,A0003 第一金投信,歐義銳榮
B50082,2026-03-17,118.9792251586914,歐元,歐義銳榮靈活策略入息基金RM,yfinance,未分類,全球市場,A0003 第一金投信,歐義銳榮
B50082,2026-03-18,118.45294952392578,歐元,歐義銳榮靈活策略入息基金RM,yfinance,未分類,全球市場,A0003 第一金投信,歐義銳榮
B50082,2026-03-19,117.85716247558594,歐元,歐義銳榮靈活策略入息基金RM,yfinance,未分類,全球市場,A0003 第一金投信,歐義銳榮
B50082,2026-03-23,117.2812271118164,歐元,歐義銳榮靈活策略入息基金RM,yfinance,未分類,全球市場,A0003 第一金投信,歐義銳榮
B50082,2026-03-24,117.84722900390625,歐元,歐義銳榮靈活策略入息基金RM,yfinance,未分類,全球市場,A0003 第一金投信,歐義銳榮
B50082,2026-03-25,118.3437271118164,歐元,歐義銳榮靈活策略入息基金RM,yfinance,未分類,全球市場,A0003 第一金投信,歐義銳榮
B50082,2026-03-26,118.0855484008789,歐元,歐義銳榮靈活策略入息基金RM,yfinance,未分類,全球市場,A0003 第一金投信,歐義銳榮
B50082,2026-03-27,117.56919860839844,歐元,歐義銳榮靈活策略入息基金RM,yfinance,未分類,全球市場,A0003 第一金投信,歐義銳榮
B50082,2026-03-30,117.78765106201172,歐元,歐義銳榮靈活策略入息基金RM,yfinance,未分類,全球市場,A0003 第一金投信,歐義銳榮
B50082,2026-03-31,118.36357879638672,歐元,歐義銳榮靈活策略入息基金RM,yfinance,未分類,全球市場,A0003 第一金投信,歐義銳榮
B50082,2026-04-01,118.92957305908203,歐元,歐義銳榮靈活策略入息基金RM,yfinance,未分類,全球市場,A0003 第一金投信,歐義銳榮
B50082,2026-04-02,118.9891586303711,歐元,歐義銳榮靈活策略入息基金RM,yfinance,未分類,全球市場,A0003 第一金投信,歐義銳榮
B50082,2026-04-07,118.82035064697266,歐元,歐義銳榮靈活策略入息基金RM,yfinance,未分類,全球市場,A0003 第一金投信,歐義銳榮
B50082,2026-04-08,120.3892593383789,歐元,歐義銳榮靈活策略入息基金RM,yfinance,未分類,全球市場,A0003 第一金投信,歐義銳榮
B50082,2026-04-09,120.49848937988281,歐元,歐義銳榮靈活策略入息基金RM,yfinance,未分類,全球市場,A0003 第一金投信,歐義銳榮
B50082,2026-04-10,120.23040008544922,歐元,歐義銳榮靈活策略入息基金RM,yfinance,未分類,全球市場,A0003 第一金投信,歐義銳榮
B50082,2026-04-13,120.20061492919922,歐元,歐義銳榮靈活策略入息基金RM,yfinance,未分類,全球市場,A0003 第一金投信,歐義銳榮
B50082,2026-04-14,120.50843048095703,歐元,歐義銳榮靈活策略入息基金RM,yfinance,未分類,全球市場,A0003 第一金投信,歐義銳榮
B50082,2026-04-15,120.02137756347656,歐元,歐義銳榮靈活策略入息基金RM,yfinance,未分類,全球市場,A0003 第一金投信,歐義銳榮
B50082,2026-04-16,120.35932159423828,歐元,歐義銳榮靈活策略入息基金RM,yfinance,未分類,全球市場,A0003 第一金投信,歐義銳榮
B50082,2026-04-17,121.1445541381836,歐元,歐義銳榮靈活策略入息基金RM,yfinance,未分類,全球市場,A0003 第一金投信,歐義銳榮
B50082,2026-04-20,120.98552703857422,歐元,歐義銳榮靈活策略入息基金RM,yfinance,未分類,全球市場,A0003 第一金投信,歐義銳榮
B50082,2026-04-21,120.49848175048828,歐元,歐義銳榮靈活策略入息基金RM,yfinance,未分類,全球市場,A0003 第一金投信,歐義銳榮
B50082,2026-04-22,120.23011016845703,歐元,歐義銳榮靈活策略入息基金RM,yfinance,未分類,全球市場,A0003 第一金投信,歐義銳榮
B50082,2026-04-23,120.33944702148438,歐元,歐義銳榮靈活策略入息基金RM,yfinance,未分類,全球市場,A0003 第一金投信,歐義銳榮
B50082,2026-04-24,120.25,歐元,歐義銳榮靈活策略入息基金RM,yfinance,未分類,全球市場,A0003 第一金投信,歐義銳榮
B50082,2026-04-27,120.041259765625,歐元,歐義銳榮靈活策略入息基金RM,yfinance,未分類,全球市場,A0003 第一金投信,歐義銳榮
B50082,2026-04-28,119.85240173339844,歐元,歐義銳榮靈活策略入息基金RM,yfinance,未分類,全球市場,A0003 第一金投信,歐義銳榮
B50082,2026-04-29,119.63373565673828,歐元,歐義銳榮靈活策略入息基金RM,yfinance,未分類,全球市場,A0003 第一金投信,歐義銳榮
B50082,2026-04-30,120.35932159423828,歐元,歐義銳榮靈活策略入息基金RM,yfinance,未分類,全球市場,A0003 第一金投信,歐義銳榮
B50082,2026-05-04,119.6436767578125,歐元,歐義銳榮靈活策略入息基金RM,yfinance,未分類,全球市場,A0003 第一金投信,歐義銳榮
B50082,2026-05-05,120.11083221435547,歐元,歐義銳榮靈活策略入息基金RM,yfinance,未分類,全球市場,A0003 第一金投信,歐義銳榮
B50082,2026-05-06,120.83643341064453,歐元,歐義銳榮靈活策略入息基金RM,yfinance,未分類,全球市場,A0003 第一金投信,歐義銳榮
B50082,2026-05-07,120.38914489746094,歐元,歐義銳榮靈活策略入息基金RM,yfinance,未分類,全球市場,A0003 第一金投信,歐義銳榮
B50082,2026-05-08,120.35932159423828,歐元,歐義銳榮靈活策略入息基金RM,yfinance,未分類,全球市場,A0003 第一金投信,歐義銳榮
B50082,2026-05-11,120.32950592041016,歐元,歐義銳榮靈活策略入息基金RM,yfinance,未分類,全球市場,A0003 第一金投信,歐義銳榮
B50082,2026-05-12,120.14066314697266,歐元,歐義銳榮靈活策略入息基金RM,yfinance,未分類,全球市場,A0003 第一金投信,歐義銳榮
B50082,2026-05-13,120.2002944946289,歐元,歐義銳榮靈活策略入息基金RM,yfinance,未分類,全球市場,A0003 第一金投信,歐義銳榮
B50082,2026-05-15,119.69336700439453,歐元,歐義銳榮靈活策略入息基金RM,yfinance,未分類,全球市場,A0003 第一金投信,歐義銳榮
B50082,2026-05-18,120.1307144165039,歐元,歐義銳榮靈活策略入息基金RM,yfinance,未分類,全球市場,A0003 第一金投信,歐義銳榮
B50082,2026-05-19,120.08101654052734,歐元,歐義銳榮靈活策略入息基金RM,yfinance,未分類,全球市場,A0003 第一金投信,歐義銳榮
B50082,2026-05-20,120.60781860351562,歐元,歐義銳榮靈活策略入息基金RM,yfinance,未分類,全球市場,A0003 第一金投信,歐義銳榮
B50082,2026-05-21,120.75691223144531,歐元,歐義銳榮靈活策略入息基金RM,yfinance,未分類,全球市場,A0003 第一金投信,歐義銳榮
B50082,2026-05-22,121.4924545288086,歐元,歐義銳榮靈活策略入息基金RM,yfinance,未分類,全球市場,A0003 第一金投信,歐義銳榮
B50082,2026-05-26,121.86021423339844,歐元,歐義銳榮靈活策略入息基金RM,yfinance,未分類,全球市場,A0003 第一金投信,歐義銳榮
B50082,2026-05-27,121.88009643554688,歐元,歐義銳榮靈活策略入息基金RM,yfinance,未分類,全球市場,A0003 第一金投信,歐義銳榮
B50082,2026-05-28,121.83039855957031,歐元,歐義銳榮靈活策略入息基金RM,yfinance,未分類,全球市場,A0003 第一金投信,歐義銳榮
B50082,2026-05-29,122.03913116455078,歐元,歐義銳榮靈活策略入息基金RM,yfinance,未分類,全球市場,A0003 第一金投信,歐義銳榮
B50082,2026-06-01,121.58190155029297,歐元,歐義銳榮靈活策略入息基金RM,yfinance,未分類,全球市場,A0003 第一金投信,歐義銳榮
B50082,2026-06-02,122.07889556884766,歐元,歐義銳榮靈活策略入息基金RM,yfinance,未分類,全球市場,A0003 第一金投信,歐義銳榮
B50082,2026-06-03,122.03913116455078,歐元,歐義銳榮靈活策略入息基金RM,yfinance,未分類,全球市場,A0003 第一金投信,歐義銳榮
B50082,2026-06-04,122.22798156738281,歐元,歐義銳榮靈活策略入息基金RM,yfinance,未分類,全球市場,A0003 第一金投信,歐義銳榮
B50082,2026-06-05,121.79063415527344,歐元,歐義銳榮靈活策略入息基金RM,yfinance,未分類,全球市場,A0003 第一金投信,歐義銳榮
B50082,2026-06-08,121.64154815673828,歐元,歐義銳榮靈活策略入息基金RM,yfinance,未分類,全球市場,A0003 第一金投信,歐義銳榮
B50082,2026-06-09,121.8204574584961,歐元,歐義銳榮靈活策略入息基金RM,yfinance,未分類,全球市場,A0003 第一金投信,歐義銳榮
B50082,2026-06-10,121.50238800048828,歐元,歐義銳榮靈活策略入息基金RM,yfinance,未分類,全球市場,A0003 第一金投信,歐義銳榮
B50082,2026-06-11,122.17828369140625,歐元,歐義銳榮靈活策略入息基金RM,yfinance,未分類,全球市場,A0003 第一金投信,歐義銳榮
B50082,2026-06-12,123.052978515625,歐元,歐義銳榮靈活策略入息基金RM,yfinance,未分類,全球市場,A0003 第一金投信,歐義銳榮
B50082,2026-06-15,122.83386993408203,歐元,歐義銳榮靈活策略入息基金RM,yfinance,未分類,全球市場,A0003 第一金投信,歐義銳榮
B50082,2026-06-16,122.72431182861328,歐元,歐義銳榮靈活策略入息基金RM,yfinance,未分類,全球市場,A0003 第一金投信,歐義銳榮
B50082,2026-06-17,122.15660095214844,歐元,歐義銳榮靈活策略入息基金RM,yfinance,未分類,全球市場,A0003 第一金投信,歐義銳榮
B50082,2026-06-18,122.27611541748047,歐元,歐義銳榮靈活策略入息基金RM,yfinance,未分類,全球市場,A0003 第一金投信,歐義銳榮
B50082,2026-06-19,122.15660095214844,歐元,歐義銳榮靈活策略入息基金RM,yfinance,未分類,全球市場,A0003 第一金投信,歐義銳榮
B50082,2026-06-22,122.32592010498047,歐元,歐義銳榮靈活策略入息基金RM,yfinance,未分類,全球市場,A0003 第一金投信,歐義銳榮
B50082,2026-06-24,122.50518798828125,歐元,歐義銳榮靈活策略入息基金RM,yfinance,未分類,全球市場,A0003 第一金投信,歐義銳榮
B50082,2026-06-25,122.79402160644531,歐元,歐義銳榮靈活策略入息基金RM,yfinance,未分類,全球市場,A0003 第一金投信,歐義銳榮
B50082,2026-06-26,122.8537826538086,歐元,歐義銳榮靈活策略入息基金RM,yfinance,未分類,全球市場,A0003 第一金投信,歐義銳榮
B50082,2026-06-29,122.78406524658203,歐元,歐義銳榮靈活策略入息基金RM,yfinance,未分類,全球市場,A0003 第一金投信,歐義銳榮
B50082,2026-06-30,122.6944351196289,歐元,歐義銳榮靈活策略入息基金RM,yfinance,未分類,全球市場,A0003 第一金投信,歐義銳榮
B50082,2026-07-01,122.66455078125,歐元,歐義銳榮靈活策略入息基金RM,yfinance,未分類,全球市場,A0003 第一金投信,歐義銳榮
B50082,2026-07-02,123.58084869384766,歐元,歐義銳榮靈活策略入息基金RM,yfinance,未分類,全球市場,A0003 第一金投信,歐義銳榮
B50082,2026-07-03,123.70036315917969,歐元,歐義銳榮靈活策略入息基金RM,yfinance,未分類,全球市場,A0003 第一金投信,歐義銳榮
B50082,2026-07-06,123.37168884277344,歐元,歐義銳榮靈活策略入息基金RM,yfinance,未分類,全球市場,A0003 第一金投信,歐義銳榮
B50082,2026-07-07,123.55097198486328,歐元,歐義銳榮靈活策略入息基金RM,yfinance,未分類,全球市場,A0003 第一金投信,歐義銳榮
B50082,2026-07-08,122.68446350097656,歐元,歐義銳榮靈活策略入息基金RM,yfinance,未分類,全球市場,A0003 第一金投信,歐義銳榮
B50082,2026-07-09,122.8537826538086,歐元,歐義銳榮靈活策略入息基金RM,yfinance,未分類,全球市場,A0003 第一金投信,歐義銳榮
B50082,2026-07-10,123.06294250488281,歐元,歐義銳榮靈活策略入息基金RM,yfinance,未分類,全球市場,A0003 第一金投信,歐義銳榮
B50082,2026-07-13,123.16253662109375,歐元,歐義銳榮靈活策略入息基金RM,yfinance,未分類,全球市場,A0003 第一金投信,歐義銳榮
B50082,2026-07-14,122.8139419555664,歐元,歐義銳榮靈活策略入息基金RM,yfinance,未分類,全球市場,A0003 第一金投信,歐義銳榮
B50082,2026-07-15,122.8538589477539,歐元,歐義銳榮靈活策略入息基金RM,yfinance,未分類,全球市場,A0003 第一金投信,歐義銳榮
B50082,2026-07-16,123.4526596069336,歐元,歐義銳榮靈活策略入息基金RM,yfinance,未分類,全球市場,A0003 第一金投信,歐義銳榮
B50082,2026-07-20,122.84387969970703,歐元,歐義銳榮靈活策略入息基金RM,yfinance,未分類,全球市場,A0003 第一金投信,歐義銳榮
B50082,2026-07-21,122.89378356933594,歐元,歐義銳榮靈活策略入息基金RM,yfinance,未分類,全球市場,A0003 第一金投信,歐義銳榮
B50082,2026-07-22,123.26304626464844,歐元,歐義銳榮靈活策略入息基金RM,yfinance,未分類,全球市場,A0003 第一金投信,歐義銳榮
B50082,2026-07-23,122.84387969970703,歐元,歐義銳榮靈活策略入息基金RM,yfinance,未分類,全球市場,A0003 第一金投信,歐義銳榮
B50082,2026-07-24,123.34288024902344,歐元,歐義銳榮靈活策略入息基金RM,yfinance,未分類,全球市場,A0003 第一金投信,歐義銳榮
B50082,2026-07-27,123.6722183227539,歐元,歐義銳榮靈活策略入息基金RM,yfinance,未分類,全球市場,A0003 第一金投信,歐義銳榮
B50082,2026-07-28,124.51054382324219,歐元,歐義銳榮靈活策略入息基金RM,yfinance,未分類,全球市場,A0003 第一金投信,歐義銳榮
B50082,2026-07-29,124.31094360351562,歐元,歐義銳榮靈活策略入息基金RM,yfinance,未分類,全球市場,A0003 第一金投信,歐義銳榮
B50082,2026-07-30,123.871826171875,歐元,歐義銳榮靈活策略入息基金RM,yfinance,未分類,全球市場,A0003 第一金投信,歐義銳榮
B50082,2026-07-31,123.66224670410156,歐元,歐義銳榮靈活策略入息基金RM,yfinance,未分類,全球市場,A0003 第一金投信,歐義銳榮
B50082,2026-08-03,124.05146789550781,歐元,歐義銳榮靈活策略入息基金RM,yfinance,未分類,全球市場,A0003 第一金投信,歐義銳榮
B50082,2026-08-04,124.690185546875,歐元,歐義銳榮靈活策略入息基金RM,yfinance,未分類,全球市場,A0003 第一金投信,歐義銳榮
B50082,2026-08-05,124.62032318115234,歐元,歐義銳榮靈活策略入息基金RM,yfinance,未分類,全球市場,A0003 第一金投信,歐義銳榮
B50082,2026-08-06,124.66024780273438,歐元,歐義銳榮靈活策略入息基金RM,yfinance,未分類,全球市場,A0003 第一金投信,歐義銳榮
B50082,2026-08-07,124.87979888916016,歐元,歐義銳榮靈活策略入息基金RM,yfinance,未分類,全球市場,A0003 第一金投信,歐義銳榮
B50082,2026-08-10,124.67021942138672,歐元,歐義銳榮靈活策略入息基金RM,yfinance,未分類,全球市場,A0003 第一金投信,歐義銳榮
B50082,2026-08-11,124.70015716552734,歐元,歐義銳榮靈活策略入息基金RM,yfinance,未分類,全球市場,A0003 第一金投信,歐義銳榮
B50082,2026-08-12,124.61034393310547,歐元,歐義銳榮靈活策略入息基金RM,yfinance,未分類,全球市場,A0003 第一金投信,歐義銳榮
B50082,2026-08-13,124.78998565673828,歐元,歐義銳榮靈活策略入息基金RM,yfinance,未分類,全球市場,A0003 第一金投信,歐義銳榮
B50082,2026-08-14,124.77999877929688,歐元,歐義銳榮靈活策略入息基金RM,yfinance,未分類,全球市場,A0003 第一金投信,歐義銳榮
B50082,2026-08-17,124.2300033569336,歐元,歐義銳榮靈活策略入息基金RM,yfinance,未分類,全球市場,A0003 第一金投信,歐義銳榮
B4XC8cr,2026-01-02,11.505576133728027,美元,惠理高息股票基金A2 Mdis級別,yfinance,股票型,亞洲地區,B0162 全球投顧,惠理
B4XC8cr,2026-01-05,11.65158748626709,美元,惠理高息股票基金A2 Mdis級別,yfinance,股票型,亞洲地區,B0162 全球投顧,惠理
B4XC8cr,2026-01-06,11.748927116394043,美元,惠理高息股票基金A2 Mdis級別,yfinance,股票型,亞洲地區,B0162 全球投顧,惠理
B4XC8cr,2026-01-07,11.748927116394043,美元,惠理高息股票基金A2 Mdis級別,yfinance,股票型,亞洲地區,B0162 全球投顧,惠理
B4XC8cr,2026-01-08,11.661319732666016,美元,惠理高息股票基金A2 Mdis級別,yfinance,股票型,亞洲地區,B0162 全球投顧,惠理
B4XC8cr,2026-01-09,11.700258255004883,美元,惠理高息股票基金A2 Mdis級別,yfinance,股票型,亞洲地區,B0162 全球投顧,惠理
B4XC8cr,2026-01-12,11.729458808898926,美元,惠理高息股票基金A2 Mdis級別,yfinance,股票型,亞洲地區,B0162 全球投顧,惠理
B4XC8cr,2026-01-13,11.739192962646484,美元,惠理高息股票基金A2 Mdis級別,yfinance,股票型,亞洲地區,B0162 全球投顧,惠理
B4XC8cr,2026-01-14,11.778130531311035,美元,惠理高息股票基金A2 Mdis級別,yfinance,股票型,亞洲地區,B0162 全球投顧,惠理
B4XC8cr,2026-01-15,11.81706428527832,美元,惠理高息股票基金A2 Mdis級別,yfinance,股票型,亞洲地區,B0162 全球投顧,惠理
B4XC8cr,2026-01-16,11.846266746520996,美元,惠理高息股票基金A2 Mdis級別,yfinance,股票型,亞洲地區,B0162 全球投顧,惠理
B4XC8cr,2026-01-20,11.836532592773438,美元,惠理高息股票基金A2 Mdis級別,yfinance,股票型,亞洲地區,B0162 全球投顧,惠理
B4XC8cr,2026-01-21,11.875470161437988,美元,惠理高息股票基金A2 Mdis級別,yfinance,股票型,亞洲地區,B0162 全球投顧,惠理
B4XC8cr,2026-01-22,11.943607330322266,美元,惠理高息股票基金A2 Mdis級別,yfinance,股票型,亞洲地區,B0162 全球投顧,惠理
B4XC8cr,2026-01-23,11.982542991638184,美元,惠理高息股票基金A2 Mdis級別,yfinance,股票型,亞洲地區,B0162 全球投顧,惠理
B4XC8cr,2026-01-26,12.021477699279785,美元,惠理高息股票基金A2 Mdis級別,yfinance,股票型,亞洲地區,B0162 全球投顧,惠理
B4XC8cr,2026-01-27,12.060416221618652,美元,惠理高息股票基金A2 Mdis級別,yfinance,股票型,亞洲地區,B0162 全球投顧,惠理
B4XC8cr,2026-01-28,12.235627174377441,美元,惠理高息股票基金A2 Mdis級別,yfinance,股票型,亞洲地區,B0162 全球投顧,惠理
B4XC8cr,2026-01-29,12.284296989440918,美元,惠理高息股票基金A2 Mdis級別,yfinance,股票型,亞洲地區,B0162 全球投顧,惠理
B4XC8cr,2026-01-30,12.146124839782715,美元,惠理高息股票基金A2 Mdis級別,yfinance,股票型,亞洲地區,B0162 全球投顧,惠理
B4XC8cr,2026-02-02,11.911606788635254,美元,惠理高息股票基金A2 Mdis級別,yfinance,股票型,亞洲地區,B0162 全球投顧,惠理
B4XC8cr,2026-02-03,12.146124839782715,美元,惠理高息股票基金A2 Mdis級別,yfinance,股票型,亞洲地區,B0162 全球投顧,惠理
B4XC8cr,2026-02-04,12.17544174194336,美元,惠理高息股票基金A2 Mdis級別,yfinance,股票型,亞洲地區,B0162 全球投顧,惠理
B4XC8cr,2026-02-05,12.048409461975098,美元,惠理高息股票基金A2 Mdis級別,yfinance,股票型,亞洲地區,B0162 全球投顧,惠理
B4XC8cr,2026-02-06,11.989781379699707,美元,惠理高息股票基金A2 Mdis級別,yfinance,股票型,亞洲地區,B0162 全球投顧,惠理
B4XC8cr,2026-02-09,12.185213088989258,美元,惠理高息股票基金A2 Mdis級別,yfinance,股票型,亞洲地區,B0162 全球投顧,惠理
B4XC8cr,2026-02-10,12.273157119750977,美元,惠理高息股票基金A2 Mdis級別,yfinance,股票型,亞洲地區,B0162 全球投顧,惠理
B4XC8cr,2026-02-11,12.390417098999023,美元,惠理高息股票基金A2 Mdis級別,yfinance,股票型,亞洲地區,B0162 全球投顧,惠理
B4XC8cr,2026-02-12,12.458818435668945,美元,惠理高息股票基金A2 Mdis級別,yfinance,股票型,亞洲地區,B0162 全球投顧,惠理
B4XC8cr,2026-02-13,12.409960746765137,美元,惠理高息股票基金A2 Mdis級別,yfinance,股票型,亞洲地區,B0162 全球投顧,惠理
B4XC8cr,2026-02-20,12.546762466430664,美元,惠理高息股票基金A2 Mdis級別,yfinance,股票型,亞洲地區,B0162 全球投顧,惠理
B4XC8cr,2026-02-23,12.654251098632812,美元,惠理高息股票基金A2 Mdis級別,yfinance,股票型,亞洲地區,B0162 全球投顧,惠理
B4XC8cr,2026-02-24,12.703106880187988,美元,惠理高息股票基金A2 Mdis級別,yfinance,股票型,亞洲地區,B0162 全球投顧,惠理
B4XC8cr,2026-02-25,12.859455108642578,美元,惠理高息股票基金A2 Mdis級別,yfinance,股票型,亞洲地區,B0162 全球投顧,惠理
B4XC8cr,2026-02-26,12.859455108642578,美元,惠理高息股票基金A2 Mdis級別,yfinance,股票型,亞洲地區,B0162 全球投顧,惠理
B4XC8cr,2026-02-27,12.799233436584473,美元,惠理高息股票基金A2 Mdis級別,yfinance,股票型,亞洲地區,B0162 全球投顧,惠理
B4XC8cr,2026-03-02,12.622692108154297,美元,惠理高息股票基金A2 Mdis級別,yfinance,股票型,亞洲地區,B0162 全球投顧,惠理
B4XC8cr,2026-03-03,12.289225578308105,美元,惠理高息股票基金A2 Mdis級別,yfinance,股票型,亞洲地區,B0162 全球投顧,惠理
B4XC8cr,2026-03-04,11.82825756072998,美元,惠理高息股票基金A2 Mdis級別,yfinance,股票型,亞洲地區,B0162 全球投顧,惠理
B4XC8cr,2026-03-05,12.13230037689209,美元,惠理高息股票基金A2 Mdis級別,yfinance,股票型,亞洲地區,B0162 全球投顧,惠理
B4XC8cr,2026-03-06,12.17153263092041,美元,惠理高息股票基金A2 Mdis級別,yfinance,股票型,亞洲地區,B0162 全球投顧,惠理
B4XC8cr,2026-03-09,11.818449974060059,美元,惠理高息股票基金A2 Mdis級別,yfinance,股票型,亞洲地區,B0162 全球投顧,惠理
B4XC8cr,2026-03-10,12.112685203552246,美元,惠理高息股票基金A2 Mdis級別,yfinance,股票型,亞洲地區,B0162 全球投顧,惠理
B4XC8cr,2026-03-11,12.289225578308105,美元,惠理高息股票基金A2 Mdis級別,yfinance,股票型,亞洲地區,B0162 全球投顧,惠理
B4XC8cr,2026-03-12,12.191147804260254,美元,惠理高息股票基金A2 Mdis級別,yfinance,股票型,亞洲地區,B0162 全球投顧,惠理
B4XC8cr,2026-03-13,12.044031143188477,美元,惠理高息股票基金A2 Mdis級別,yfinance,股票型,亞洲地區,B0162 全球投顧,惠理
B4XC8cr,2026-03-16,12.044031143188477,美元,惠理高息股票基金A2 Mdis級別,yfinance,股票型,亞洲地區,B0162 全球投顧,惠理
B4XC8cr,2026-03-17,12.161723136901855,美元,惠理高息股票基金A2 Mdis級別,yfinance,股票型,亞洲地區,B0162 全球投顧,惠理
B4XC8cr,2026-03-18,12.318649291992188,美元,惠理高息股票基金A2 Mdis級別,yfinance,股票型,亞洲地區,B0162 全球投顧,惠理
B4XC8cr,2026-03-19,12.083261489868164,美元,惠理高息股票基金A2 Mdis級別,yfinance,股票型,亞洲地區,B0162 全球投顧,惠理
B4XC8cr,2026-03-20,12.063645362854004,美元,惠理高息股票基金A2 Mdis級別,yfinance,股票型,亞洲地區,B0162 全球投顧,惠理
B4XC8cr,2026-03-23,11.661524772644043,美元,惠理高息股票基金A2 Mdis級別,yfinance,股票型,亞洲地區,B0162 全球投顧,惠理
B4XC8cr,2026-03-24,11.8674898147583,美元,惠理高息股票基金A2 Mdis級別,yfinance,股票型,亞洲地區,B0162 全球投顧,惠理
B4XC8cr,2026-03-25,12.024415016174316,美元,惠理高息股票基金A2 Mdis級別,yfinance,股票型,亞洲地區,B0162 全球投顧,惠理
B4XC8cr,2026-03-26,11.818449974060059,美元,惠理高息股票基金A2 Mdis級別,yfinance,股票型,亞洲地區,B0162 全球投顧,惠理
B4XC8cr,2026-03-27,11.818449974060059,美元,惠理高息股票基金A2 Mdis級別,yfinance,股票型,亞洲地區,B0162 全球投顧,惠理
B4XC8cr,2026-03-30,11.622293472290039,美元,惠理高息股票基金A2 Mdis級別,yfinance,股票型,亞洲地區,B0162 全球投顧,惠理
B4XC8cr,2026-03-31,11.45349407196045,美元,惠理高息股票基金A2 Mdis級別,yfinance,股票型,亞洲地區,B0162 全球投顧,惠理
B4XC8cr,2026-04-01,11.857272148132324,美元,惠理高息股票基金A2 Mdis級別,yfinance,股票型,亞洲地區,B0162 全球投顧,惠理
B4XC8cr,2026-04-02,11.699700355529785,美元,惠理高息股票基金A2 Mdis級別,yfinance,股票型,亞洲地區,B0162 全球投顧,惠理
B4XC8cr,2026-04-08,12.280745506286621,美元,惠理高息股票基金A2 Mdis級別,yfinance,股票型,亞洲地區,B0162 全球投顧,惠理
B4XC8cr,2026-04-09,12.241353034973145,美元,惠理高息股票基金A2 Mdis級別,yfinance,股票型,亞洲地區,B0162 全球投顧,惠理
B4XC8cr,2026-04-10,12.339836120605469,美元,惠理高息股票基金A2 Mdis級別,yfinance,股票型,亞洲地區,B0162 全球投顧,惠理
B4XC8cr,2026-04-13,12.261049270629883,美元,惠理高息股票基金A2 Mdis級別,yfinance,股票型,亞洲地區,B0162 全球投顧,惠理
B4XC8cr,2026-04-14,12.418621063232422,美元,惠理高息股票基金A2 Mdis級別,yfinance,股票型,亞洲地區,B0162 全球投顧,惠理
B4XC8cr,2026-04-15,12.467862129211426,美元,惠理高息股票基金A2 Mdis級別,yfinance,股票型,亞洲地區,B0162 全球投顧,惠理
B4XC8cr,2026-04-16,12.595890045166016,美元,惠理高息股票基金A2 Mdis級別,yfinance,股票型,亞洲地區,B0162 全球投顧,惠理
B4XC8cr,2026-04-17,12.546648979187012,美元,惠理高息股票基金A2 Mdis級別,yfinance,股票型,亞洲地區,B0162 全球投顧,惠理
B4XC8cr,2026-04-20,12.566344261169434,美元,惠理高息股票基金A2 Mdis級別,yfinance,股票型,亞洲地區,B0162 全球投顧,惠理
B4XC8cr,2026-04-21,12.714068412780762,美元,惠理高息股票基金A2 Mdis級別,yfinance,股票型,亞洲地區,B0162 全球投顧,惠理
B4XC8cr,2026-04-22,12.704219818115234,美元,惠理高息股票基金A2 Mdis級別,yfinance,股票型,亞洲地區,B0162 全球投顧,惠理
B4XC8cr,2026-04-23,12.674674987792969,美元,惠理高息股票基金A2 Mdis級別,yfinance,股票型,亞洲地區,B0162 全球投顧,惠理
B4XC8cr,2026-04-24,12.783005714416504,美元,惠理高息股票基金A2 Mdis級別,yfinance,股票型,亞洲地區,B0162 全球投顧,惠理
B4XC8cr,2026-04-27,12.901185035705566,美元,惠理高息股票基金A2 Mdis級別,yfinance,股票型,亞洲地區,B0162 全球投顧,惠理
B4XC8cr,2026-04-28,12.86179256439209,美元,惠理高息股票基金A2 Mdis級別,yfinance,股票型,亞洲地區,B0162 全球投顧,惠理
B4XC8cr,2026-04-29,12.950425148010254,美元,惠理高息股票基金A2 Mdis級別,yfinance,股票型,亞洲地區,B0162 全球投顧,惠理
B4XC8cr,2026-04-30,12.830424308776855,美元,惠理高息股票基金A2 Mdis級別,yfinance,股票型,亞洲地區,B0162 全球投顧,惠理
B4XC8cr,2026-05-04,13.117083549499512,美元,惠理高息股票基金A2 Mdis級別,yfinance,股票型,亞洲地區,B0162 全球投顧,惠理
B4XC8cr,2026-05-05,13.067660331726074,美元,惠理高息股票基金A2 Mdis級別,yfinance,股票型,亞洲地區,B0162 全球投顧,惠理
B4XC8cr,2026-05-06,13.334547996520996,美元,惠理高息股票基金A2 Mdis級別,yfinance,股票型,亞洲地區,B0162 全球投顧,惠理
B4XC8cr,2026-05-07,13.423510551452637,美元,惠理高息股票基金A2 Mdis級別,yfinance,股票型,亞洲地區,B0162 全球投顧,惠理
B4XC8cr,2026-05-08,13.30489444732666,美元,惠理高息股票基金A2 Mdis級別,yfinance,股票型,亞洲地區,B0162 全球投顧,惠理
B4XC8cr,2026-05-11,13.472935676574707,美元,惠理高息股票基金A2 Mdis級別,yfinance,股票型,亞洲地區,B0162 全球投顧,惠理
B4XC8cr,2026-05-12,13.38397216796875,美元,惠理高息股票基金A2 Mdis級別,yfinance,股票型,亞洲地區,B0162 全球投顧,惠理
B4XC8cr,2026-05-13,13.38397216796875,美元,惠理高息股票基金A2 Mdis級別,yfinance,股票型,亞洲地區,B0162 全球投顧,惠理
B4XC8cr,2026-05-14,13.46304988861084,美元,惠理高息股票基金A2 Mdis級別,yfinance,股票型,亞洲地區,B0162 全球投顧,惠理
B4XC8cr,2026-05-15,13.156622886657715,美元,惠理高息股票基金A2 Mdis級別,yfinance,股票型,亞洲地區,B0162 全球投顧,惠理
B4XC8cr,2026-05-18,13.05777359008789,美元,惠理高息股票基金A2 Mdis級別,yfinance,股票型,亞洲地區,B0162 全球投顧,惠理
B4XC8cr,2026-05-19,12.909504890441895,美元,惠理高息股票基金A2 Mdis級別,yfinance,股票型,亞洲地區,B0162 全球投顧,惠理
B4XC8cr,2026-05-20,12.830424308776855,美元,惠理高息股票基金A2 Mdis級別,yfinance,股票型,亞洲地區,B0162 全球投顧,惠理
B4XC8cr,2026-05-21,13.05777359008789,美元,惠理高息股票基金A2 Mdis級別,yfinance,股票型,亞洲地區,B0162 全球投顧,惠理
B4XC8cr,2026-05-22,13.107199668884277,美元,惠理高息股票基金A2 Mdis級別,yfinance,股票型,亞洲地區,B0162 全球投顧,惠理
B4XC8cr,2026-05-26,13.225815773010254,美元,惠理高息股票基金A2 Mdis級別,yfinance,股票型,亞洲地區,B0162 全球投顧,惠理
B4XC8cr,2026-05-27,13.206045150756836,美元,惠理高息股票基金A2 Mdis級別,yfinance,股票型,亞洲地區,B0162 全球投顧,惠理
B4XC8cr,2026-05-28,13.01823616027832,美元,惠理高息股票基金A2 Mdis級別,yfinance,股票型,亞洲地區,B0162 全球投顧,惠理
B4XC8cr,2026-05-29,13.225194931030273,美元,惠理高息股票基金A2 Mdis級別,yfinance,股票型,亞洲地區,B0162 全球投顧,惠理
B4XC8cr,2026-06-01,13.433544158935547,美元,惠理高息股票基金A2 Mdis級別,yfinance,股票型,亞洲地區,B0162 全球投顧,惠理
B4XC8cr,2026-06-02,13.403779983520508,美元,惠理高息股票基金A2 Mdis級別,yfinance,股票型,亞洲地區,B0162 全球投顧,惠理
B4XC8cr,2026-06-03,13.433544158935547,美元,惠理高息股票基金A2 Mdis級別,yfinance,股票型,亞洲地區,B0162 全球投顧,惠理
B4XC8cr,2026-06-04,13.264881134033203,美元,惠理高息股票基金A2 Mdis級別,yfinance,股票型,亞洲地區,B0162 全球投顧,惠理
B4XC8cr,2026-06-05,13.046609878540039,美元,惠理高息股票基金A2 Mdis級別,yfinance,股票型,亞洲地區,B0162 全球投顧,惠理
B4XC8cr,2026-06-08,12.699362754821777,美元,惠理高息股票基金A2 Mdis級別,yfinance,股票型,亞洲地區,B0162 全球投顧,惠理
B4XC8cr,2026-06-09,12.907711029052734,美元,惠理高息股票基金A2 Mdis級別,yfinance,股票型,亞洲地區,B0162 全球投顧,惠理
B4XC8cr,2026-06-10,12.699362754821777,美元,惠理高息股票基金A2 Mdis級別,yfinance,股票型,亞洲地區,B0162 全球投顧,惠理
B4XC8cr,2026-06-11,12.659677505493164,美元,惠理高息股票基金A2 Mdis級別,yfinance,股票型,亞洲地區,B0162 全球投顧,惠理
B4XC8cr,2026-06-12,12.907711029052734,美元,惠理高息股票基金A2 Mdis級別,yfinance,股票型,亞洲地區,B0162 全球投顧,惠理
B4XC8cr,2026-06-15,13.165667533874512,美元,惠理高息股票基金A2 Mdis級別,yfinance,股票型,亞洲地區,B0162 全球投顧,惠理
B4XC8cr,2026-06-16,13.195430755615234,美元,惠理高息股票基金A2 Mdis級別,yfinance,股票型,亞洲地區,B0162 全球投顧,惠理
B4XC8cr,2026-06-17,13.145824432373047,美元,惠理高息股票基金A2 Mdis級別,yfinance,股票型,亞洲地區,B0162 全球投顧,惠理
B4XC8cr,2026-06-18,13.046609878540039,美元,惠理高息股票基金A2 Mdis級別,yfinance,股票型,亞洲地區,B0162 全球投顧,惠理
B4XC8cr,2026-06-22,13.02676773071289,美元,惠理高息股票基金A2 Mdis級別,yfinance,股票型,亞洲地區,B0162 全球投顧,惠理
B4XC8cr,2026-06-23,12.679518699645996,美元,惠理高息股票基金A2 Mdis級別,yfinance,股票型,亞洲地區,B0162 全球投顧,惠理
B4XC8cr,2026-06-24,12.679518699645996,美元,惠理高息股票基金A2 Mdis級別,yfinance,股票型,亞洲地區,B0162 全球投顧,惠理
B4XC8cr,2026-06-25,12.828340530395508,美元,惠理高息股票基金A2 Mdis級別,yfinance,股票型,亞洲地區,B0162 全球投顧,惠理
B4XC8cr,2026-06-26,12.530699729919434,美元,惠理高息股票基金A2 Mdis級別,yfinance,股票型,亞洲地區,B0162 全球投顧,惠理
B4XC8cr,2026-06-29,12.530699729919434,美元,惠理高息股票基金A2 Mdis級別,yfinance,股票型,亞洲地區,B0162 全球投顧,惠理
B4XC8cr,2026-06-30,12.60898208618164,美元,惠理高息股票基金A2 Mdis級別,yfinance,股票型,亞洲地區,B0162 全球投顧,惠理
B4XC8cr,2026-07-02,12.559183120727539,美元,惠理高息股票基金A2 Mdis級別,yfinance,股票型,亞洲地區,B0162 全球投顧,惠理
B4XC8cr,2026-07-06,12.748417854309082,美元,惠理高息股票基金A2 Mdis級別,yfinance,股票型,亞洲地區,B0162 全球投顧,惠理
B4XC8cr,2026-07-07,12.489465713500977,美元,惠理高息股票基金A2 Mdis級別,yfinance,股票型,亞洲地區,B0162 全球投顧,惠理
B4XC8cr,2026-07-08,12.47950553894043,美元,惠理高息股票基金A2 Mdis級別,yfinance,股票型,亞洲地區,B0162 全球投顧,惠理
B4XC8cr,2026-07-09,12.359989166259766,美元,惠理高息股票基金A2 Mdis級別,yfinance,股票型,亞洲地區,B0162 全球投顧,惠理
B4XC8cr,2026-07-10,12.47950553894043,美元,惠理高息股票基金A2 Mdis級別,yfinance,股票型,亞洲地區,B0162 全球投顧,惠理
B4XC8cr,2026-07-13,12.30023193359375,美元,惠理高息股票基金A2 Mdis級別,yfinance,股票型,亞洲地區,B0162 全球投顧,惠理
B4XC8cr,2026-07-14,12.280311584472656,美元,惠理高息股票基金A2 Mdis級別,yfinance,股票型,亞洲地區,B0162 全球投顧,惠理
B4XC8cr,2026-07-15,12.509385108947754,美元,惠理高息股票基金A2 Mdis級別,yfinance,股票型,亞洲地區,B0162 全球投顧,惠理
B4XC8cr,2026-07-16,12.39982795715332,美元,惠理高息股票基金A2 Mdis級別,yfinance,股票型,亞洲地區,B0162 全球投顧,惠理
B4XC8cr,2026-07-17,12.09107780456543,美元,惠理高息股票基金A2 Mdis級別,yfinance,股票型,亞洲地區,B0162 全球投顧,惠理
B4XC8cr,2026-07-20,12.09107780456543,美元,惠理高息股票基金A2 Mdis級別,yfinance,股票型,亞洲地區,B0162 全球投顧,惠理
B4XC8cr,2026-07-21,12.369949340820312,美元,惠理高息股票基金A2 Mdis級別,yfinance,股票型,亞洲地區,B0162 全球投顧,惠理
B4XC8cr,2026-07-22,12.419747352600098,美元,惠理高息股票基金A2 Mdis級別,yfinance,股票型,亞洲地區,B0162 全球投顧,惠理
B4XC8cr,2026-07-23,12.579102516174316,美元,惠理高息股票基金A2 Mdis級別,yfinance,股票型,亞洲地區,B0162 全球投顧,惠理
B4XC8cr,2026-07-24,12.320150375366211,美元,惠理高息股票基金A2 Mdis級別,yfinance,股票型,亞洲地區,B0162 全球投顧,惠理
B4XC8cr,2026-07-27,12.359989166259766,美元,惠理高息股票基金A2 Mdis級別,yfinance,股票型,亞洲地區,B0162 全球投顧,惠理
B4XC8cr,2026-07-28,12.02135944366455,美元,惠理高息股票基金A2 Mdis級別,yfinance,股票型,亞洲地區,B0162 全球投顧,惠理
B4XC8cr,2026-07-29,11.961601257324219,美元,惠理高息股票基金A2 Mdis級別,yfinance,股票型,亞洲地區,B0162 全球投顧,惠理
B4XC8cr,2026-07-30,12.01140022277832,美元,惠理高息股票基金A2 Mdis級別,yfinance,股票型,亞洲地區,B0162 全球投顧,惠理
B4XC8cr,2026-07-31,12.529999732971191,美元,惠理高息股票基金A2 Mdis級別,yfinance,股票型,亞洲地區,B0162 全球投顧,惠理
B4XC8cr,2026-08-03,12.510000228881836,美元,惠理高息股票基金A2 Mdis級別,yfinance,股票型,亞洲地區,B0162 全球投顧,惠理
B4XC8cr,2026-08-04,12.520000457763672,美元,惠理高息股票基金A2 Mdis級別,yfinance,股票型,亞洲地區,B0162 全球投顧,惠理
B4XC8cr,2026-08-05,12.720000267028809,美元,惠理高息股票基金A2 Mdis級別,yfinance,股票型,亞洲地區,B0162 全球投顧,惠理
B4XC8cr,2026-08-06,12.579999923706055,美元,惠理高息股票基金A2 Mdis級別,yfinance,股票型,亞洲地區,B0162 全球投顧,惠理
B4XC8cr,2026-08-07,12.5600004196167,美元,惠理高息股票基金A2 Mdis級別,yfinance,股票型,亞洲地區,B0162 全球投顧,惠理
B4XC8cr,2026-08-10,12.640000343322754,美元,惠理高息股票基金A2 Mdis級別,yfinance,股票型,亞洲地區,B0162 全球投顧,惠理
B4XC8cr,2026-08-11,12.65999984741211,美元,惠理高息股票基金A2 Mdis級別,yfinance,股票型,亞洲地區,B0162 全球投顧,惠理
B4XC8cr,2026-08-12,12.779999732971191,美元,惠理高息股票基金A2 Mdis級別,yfinance,股票型,亞洲地區,B0162 全球投顧,惠理
B4XC8cr,2026-08-13,12.760000228881836,美元,惠理高息股票基金A2 Mdis級別,yfinance,股票型,亞洲地區,B0162 全球投顧,惠理
B4XC8cr,2026-08-14,12.850000381469727,美元,惠理高息股票基金A2 Mdis級別,yfinance,股票型,亞洲地區,B0162 全球投顧,惠理
B4XC8cr,2026-08-17,12.949999809265137,美元,惠理高息股票基金A2 Mdis級別,yfinance,股票型,亞洲地區,B0162 全球投顧,惠理
B040106,2026-01-02,132.93569946289062,美元,柏瑞環球基金-柏瑞亞太投資等級債券基金 Y,yfinance,債券型,亞洲地區,A0021 柏瑞投信,柏瑞
B040106,2026-01-05,132.96539306640625,美元,柏瑞環球基金-柏瑞亞太投資等級債券基金 Y,yfinance,債券型,亞洲地區,A0021 柏瑞投信,柏瑞
B040106,2026-01-06,132.8961944580078,美元,柏瑞環球基金-柏瑞亞太投資等級債券基金 Y,yfinance,債券型,亞洲地區,A0021 柏瑞投信,柏瑞
B040106,2026-01-07,133.0789031982422,美元,柏瑞環球基金-柏瑞亞太投資等級債券基金 Y,yfinance,債券型,亞洲地區,A0021 柏瑞投信,柏瑞
B040106,2026-01-08,132.92469787597656,美元,柏瑞環球基金-柏瑞亞太投資等級債券基金 Y,yfinance,債券型,亞洲地區,A0021 柏瑞投信,柏瑞
B040106,2026-01-09,132.9449005126953,美元,柏瑞環球基金-柏瑞亞太投資等級債券基金 Y,yfinance,債券型,亞洲地區,A0021 柏瑞投信,柏瑞
B040106,2026-01-12,132.84500122070312,美元,柏瑞環球基金-柏瑞亞太投資等級債券基金 Y,yfinance,債券型,亞洲地區,A0021 柏瑞投信,柏瑞
B040106,2026-01-13,132.8907928466797,美元,柏瑞環球基金-柏瑞亞太投資等級債券基金 Y,yfinance,債券型,亞洲地區,A0021 柏瑞投信,柏瑞
B040106,2026-01-14,133.07200622558594,美元,柏瑞環球基金-柏瑞亞太投資等級債券基金 Y,yfinance,債券型,亞洲地區,A0021 柏瑞投信,柏瑞
B040106,2026-01-15,133.06829833984375,美元,柏瑞環球基金-柏瑞亞太投資等級債券基金 Y,yfinance,債券型,亞洲地區,A0021 柏瑞投信,柏瑞
B040106,2026-01-16,133.0319061279297,美元,柏瑞環球基金-柏瑞亞太投資等級債券基金 Y,yfinance,債券型,亞洲地區,A0021 柏瑞投信,柏瑞
B040106,2026-01-20,132.59730529785156,美元,柏瑞環球基金-柏瑞亞太投資等級債券基金 Y,yfinance,債券型,亞洲地區,A0021 柏瑞投信,柏瑞
B040106,2026-01-21,132.69459533691406,美元,柏瑞環球基金-柏瑞亞太投資等級債券基金 Y,yfinance,債券型,亞洲地區,A0021 柏瑞投信,柏瑞
B040106,2026-01-22,132.8824005126953,美元,柏瑞環球基金-柏瑞亞太投資等級債券基金 Y,yfinance,債券型,亞洲地區,A0021 柏瑞投信,柏瑞
B040106,2026-01-23,133.0115966796875,美元,柏瑞環球基金-柏瑞亞太投資等級債券基金 Y,yfinance,債券型,亞洲地區,A0021 柏瑞投信,柏瑞
B040106,2026-01-26,133.07589721679688,美元,柏瑞環球基金-柏瑞亞太投資等級債券基金 Y,yfinance,債券型,亞洲地區,A0021 柏瑞投信,柏瑞
B040106,2026-01-27,133.04539489746094,美元,柏瑞環球基金-柏瑞亞太投資等級債券基金 Y,yfinance,債券型,亞洲地區,A0021 柏瑞投信,柏瑞
B040106,2026-01-28,133.0052947998047,美元,柏瑞環球基金-柏瑞亞太投資等級債券基金 Y,yfinance,債券型,亞洲地區,A0021 柏瑞投信,柏瑞
B040106,2026-01-29,133.01870727539062,美元,柏瑞環球基金-柏瑞亞太投資等級債券基金 Y,yfinance,債券型,亞洲地區,A0021 柏瑞投信,柏瑞
B040106,2026-01-30,132.9582061767578,美元,柏瑞環球基金-柏瑞亞太投資等級債券基金 Y,yfinance,債券型,亞洲地區,A0021 柏瑞投信,柏瑞
B040106,2026-02-03,132.94639587402344,美元,柏瑞環球基金-柏瑞亞太投資等級債券基金 Y,yfinance,債券型,亞洲地區,A0021 柏瑞投信,柏瑞
B040106,2026-02-04,133.00559997558594,美元,柏瑞環球基金-柏瑞亞太投資等級債券基金 Y,yfinance,債券型,亞洲地區,A0021 柏瑞投信,柏瑞
B040106,2026-02-05,133.04580688476562,美元,柏瑞環球基金-柏瑞亞太投資等級債券基金 Y,yfinance,債券型,亞洲地區,A0021 柏瑞投信,柏瑞
B040106,2026-02-06,133.22950744628906,美元,柏瑞環球基金-柏瑞亞太投資等級債券基金 Y,yfinance,債券型,亞洲地區,A0021 柏瑞投信,柏瑞
B040106,2026-02-09,133.16879272460938,美元,柏瑞環球基金-柏瑞亞太投資等級債券基金 Y,yfinance,債券型,亞洲地區,A0021 柏瑞投信,柏瑞
B040106,2026-02-10,133.35560607910156,美元,柏瑞環球基金-柏瑞亞太投資等級債券基金 Y,yfinance,債券型,亞洲地區,A0021 柏瑞投信,柏瑞
B040106,2026-02-11,133.49729919433594,美元,柏瑞環球基金-柏瑞亞太投資等級債券基金 Y,yfinance,債券型,亞洲地區,A0021 柏瑞投信,柏瑞
B040106,2026-02-12,133.42269897460938,美元,柏瑞環球基金-柏瑞亞太投資等級債券基金 Y,yfinance,債券型,亞洲地區,A0021 柏瑞投信,柏瑞
B040106,2026-02-13,133.5615997314453,美元,柏瑞環球基金-柏瑞亞太投資等級債券基金 Y,yfinance,債券型,亞洲地區,A0021 柏瑞投信,柏瑞
B040106,2026-02-17,133.8404998779297,美元,柏瑞環球基金-柏瑞亞太投資等級債券基金 Y,yfinance,債券型,亞洲地區,A0021 柏瑞投信,柏瑞
B040106,2026-02-18,133.6846923828125,美元,柏瑞環球基金-柏瑞亞太投資等級債券基金 Y,yfinance,債券型,亞洲地區,A0021 柏瑞投信,柏瑞
B040106,2026-02-19,133.6605987548828,美元,柏瑞環球基金-柏瑞亞太投資等級債券基金 Y,yfinance,債券型,亞洲地區,A0021 柏瑞投信,柏瑞
B040106,2026-02-20,133.81910705566406,美元,柏瑞環球基金-柏瑞亞太投資等級債券基金 Y,yfinance,債券型,亞洲地區,A0021 柏瑞投信,柏瑞
B040106,2026-02-23,133.82789611816406,美元,柏瑞環球基金-柏瑞亞太投資等級債券基金 Y,yfinance,債券型,亞洲地區,A0021 柏瑞投信,柏瑞
B040106,2026-02-24,133.91110229492188,美元,柏瑞環球基金-柏瑞亞太投資等級債券基金 Y,yfinance,債券型,亞洲地區,A0021 柏瑞投信,柏瑞
B040106,2026-02-25,133.8083953857422,美元,柏瑞環球基金-柏瑞亞太投資等級債券基金 Y,yfinance,債券型,亞洲地區,A0021 柏瑞投信,柏瑞
B040106,2026-02-26,133.84959411621094,美元,柏瑞環球基金-柏瑞亞太投資等級債券基金 Y,yfinance,債券型,亞洲地區,A0021 柏瑞投信,柏瑞
B040106,2026-02-27,134.10450744628906,美元,柏瑞環球基金-柏瑞亞太投資等級債券基金 Y,yfinance,債券型,亞洲地區,A0021 柏瑞投信,柏瑞
B040106,2026-03-02,133.8686981201172,美元,柏瑞環球基金-柏瑞亞太投資等級債券基金 Y,yfinance,債券型,亞洲地區,A0021 柏瑞投信,柏瑞
B040106,2026-03-03,133.2790985107422,美元,柏瑞環球基金-柏瑞亞太投資等級債券基金 Y,yfinance,債券型,亞洲地區,A0021 柏瑞投信,柏瑞
B040106,2026-03-04,133.25650024414062,美元,柏瑞環球基金-柏瑞亞太投資等級債券基金 Y,yfinance,債券型,亞洲地區,A0021 柏瑞投信,柏瑞
B040106,2026-03-05,133.27459716796875,美元,柏瑞環球基金-柏瑞亞太投資等級債券基金 Y,yfinance,債券型,亞洲地區,A0021 柏瑞投信,柏瑞
B040106,2026-03-06,133.13839721679688,美元,柏瑞環球基金-柏瑞亞太投資等級債券基金 Y,yfinance,債券型,亞洲地區,A0021 柏瑞投信,柏瑞
B040106,2026-03-09,132.75100708007812,美元,柏瑞環球基金-柏瑞亞太投資等級債券基金 Y,yfinance,債券型,亞洲地區,A0021 柏瑞投信,柏瑞
B040106,2026-03-10,133.1811065673828,美元,柏瑞環球基金-柏瑞亞太投資等級債券基金 Y,yfinance,債券型,亞洲地區,A0021 柏瑞投信,柏瑞
B040106,2026-03-11,133.02960205078125,美元,柏瑞環球基金-柏瑞亞太投資等級債券基金 Y,yfinance,債券型,亞洲地區,A0021 柏瑞投信,柏瑞
B040106,2026-03-12,132.82479858398438,美元,柏瑞環球基金-柏瑞亞太投資等級債券基金 Y,yfinance,債券型,亞洲地區,A0021 柏瑞投信,柏瑞
B040106,2026-03-13,132.5821990966797,美元,柏瑞環球基金-柏瑞亞太投資等級債券基金 Y,yfinance,債券型,亞洲地區,A0021 柏瑞投信,柏瑞
B040106,2026-03-16,132.62289428710938,美元,柏瑞環球基金-柏瑞亞太投資等級債券基金 Y,yfinance,債券型,亞洲地區,A0021 柏瑞投信,柏瑞
B040106,2026-03-18,132.97549438476562,美元,柏瑞環球基金-柏瑞亞太投資等級債券基金 Y,yfinance,債券型,亞洲地區,A0021 柏瑞投信,柏瑞
B040106,2026-03-19,132.43130493164062,美元,柏瑞環球基金-柏瑞亞太投資等級債券基金 Y,yfinance,債券型,亞洲地區,A0021 柏瑞投信,柏瑞
B040106,2026-03-20,132.41299438476562,美元,柏瑞環球基金-柏瑞亞太投資等級債券基金 Y,yfinance,債券型,亞洲地區,A0021 柏瑞投信,柏瑞
B040106,2026-03-23,131.71949768066406,美元,柏瑞環球基金-柏瑞亞太投資等級債券基金 Y,yfinance,債券型,亞洲地區,A0021 柏瑞投信,柏瑞
B040106,2026-03-24,131.8531951904297,美元,柏瑞環球基金-柏瑞亞太投資等級債券基金 Y,yfinance,債券型,亞洲地區,A0021 柏瑞投信,柏瑞
B040106,2026-03-25,132.24290466308594,美元,柏瑞環球基金-柏瑞亞太投資等級債券基金 Y,yfinance,債券型,亞洲地區,A0021 柏瑞投信,柏瑞
B040106,2026-03-26,131.90530395507812,美元,柏瑞環球基金-柏瑞亞太投資等級債券基金 Y,yfinance,債券型,亞洲地區,A0021 柏瑞投信,柏瑞
B040106,2026-03-27,131.45469665527344,美元,柏瑞環球基金-柏瑞亞太投資等級債券基金 Y,yfinance,債券型,亞洲地區,A0021 柏瑞投信,柏瑞
B040106,2026-03-30,131.74240112304688,美元,柏瑞環球基金-柏瑞亞太投資等級債券基金 Y,yfinance,債券型,亞洲地區,A0021 柏瑞投信,柏瑞
B040106,2026-03-31,131.98910522460938,美元,柏瑞環球基金-柏瑞亞太投資等級債券基金 Y,yfinance,債券型,亞洲地區,A0021 柏瑞投信,柏瑞
B040106,2026-04-01,132.5146026611328,美元,柏瑞環球基金-柏瑞亞太投資等級債券基金 Y,yfinance,債券型,亞洲地區,A0021 柏瑞投信,柏瑞
B040106,2026-04-02,132.14210510253906,美元,柏瑞環球基金-柏瑞亞太投資等級債券基金 Y,yfinance,債券型,亞洲地區,A0021 柏瑞投信,柏瑞
B040106,2026-04-07,132.34519958496094,美元,柏瑞環球基金-柏瑞亞太投資等級債券基金 Y,yfinance,債券型,亞洲地區,A0021 柏瑞投信,柏瑞
B040106,2026-04-08,133.16160583496094,美元,柏瑞環球基金-柏瑞亞太投資等級債券基金 Y,yfinance,債券型,亞洲地區,A0021 柏瑞投信,柏瑞
B040106,2026-04-09,133.0155029296875,美元,柏瑞環球基金-柏瑞亞太投資等級債券基金 Y,yfinance,債券型,亞洲地區,A0021 柏瑞投信,柏瑞
B040106,2026-04-10,133.122802734375,美元,柏瑞環球基金-柏瑞亞太投資等級債券基金 Y,yfinance,債券型,亞洲地區,A0021 柏瑞投信,柏瑞
B040106,2026-04-13,132.88619995117188,美元,柏瑞環球基金-柏瑞亞太投資等級債券基金 Y,yfinance,債券型,亞洲地區,A0021 柏瑞投信,柏瑞
B040106,2026-04-14,133.2884979248047,美元,柏瑞環球基金-柏瑞亞太投資等級債券基金 Y,yfinance,債券型,亞洲地區,A0021 柏瑞投信,柏瑞
B040106,2026-04-15,133.58880615234375,美元,柏瑞環球基金-柏瑞亞太投資等級債券基金 Y,yfinance,債券型,亞洲地區,A0021 柏瑞投信,柏瑞
B040106,2026-04-16,133.57359313964844,美元,柏瑞環球基金-柏瑞亞太投資等級債券基金 Y,yfinance,債券型,亞洲地區,A0021 柏瑞投信,柏瑞
B040106,2026-04-17,133.44459533691406,美元,柏瑞環球基金-柏瑞亞太投資等級債券基金 Y,yfinance,債券型,亞洲地區,A0021 柏瑞投信,柏瑞
B040106,2026-04-20,133.67739868164062,美元,柏瑞環球基金-柏瑞亞太投資等級債券基金 Y,yfinance,債券型,亞洲地區,A0021 柏瑞投信,柏瑞
B040106,2026-04-21,133.74789428710938,美元,柏瑞環球基金-柏瑞亞太投資等級債券基金 Y,yfinance,債券型,亞洲地區,A0021 柏瑞投信,柏瑞
B040106,2026-04-22,133.62750244140625,美元,柏瑞環球基金-柏瑞亞太投資等級債券基金 Y,yfinance,債券型,亞洲地區,A0021 柏瑞投信,柏瑞
B040106,2026-04-23,133.51190185546875,美元,柏瑞環球基金-柏瑞亞太投資等級債券基金 Y,yfinance,債券型,亞洲地區,A0021 柏瑞投信,柏瑞
B040106,2026-04-24,133.45730590820312,美元,柏瑞環球基金-柏瑞亞太投資等級債券基金 Y,yfinance,債券型,亞洲地區,A0021 柏瑞投信,柏瑞
B040106,2026-04-27,133.591796875,美元,柏瑞環球基金-柏瑞亞太投資等級債券基金 Y,yfinance,債券型,亞洲地區,A0021 柏瑞投信,柏瑞
B040106,2026-04-28,133.37969970703125,美元,柏瑞環球基金-柏瑞亞太投資等級債券基金 Y,yfinance,債券型,亞洲地區,A0021 柏瑞投信,柏瑞
B040106,2026-04-29,133.34210205078125,美元,柏瑞環球基金-柏瑞亞太投資等級債券基金 Y,yfinance,債券型,亞洲地區,A0021 柏瑞投信,柏瑞
B040106,2026-04-30,133.11529541015625,美元,柏瑞環球基金-柏瑞亞太投資等級債券基金 Y,yfinance,債券型,亞洲地區,A0021 柏瑞投信,柏瑞
B040106,2026-05-01,133.2700958251953,美元,柏瑞環球基金-柏瑞亞太投資等級債券基金 Y,yfinance,債券型,亞洲地區,A0021 柏瑞投信,柏瑞
B040106,2026-05-05,133.1177978515625,美元,柏瑞環球基金-柏瑞亞太投資等級債券基金 Y,yfinance,債券型,亞洲地區,A0021 柏瑞投信,柏瑞
B040106,2026-05-06,133.77679443359375,美元,柏瑞環球基金-柏瑞亞太投資等級債券基金 Y,yfinance,債券型,亞洲地區,A0021 柏瑞投信,柏瑞
B040106,2026-05-07,133.8184051513672,美元,柏瑞環球基金-柏瑞亞太投資等級債券基金 Y,yfinance,債券型,亞洲地區,A0021 柏瑞投信,柏瑞
B040106,2026-05-08,133.67930603027344,美元,柏瑞環球基金-柏瑞亞太投資等級債券基金 Y,yfinance,債券型,亞洲地區,A0021 柏瑞投信,柏瑞
B040106,2026-05-11,133.56619262695312,美元,柏瑞環球基金-柏瑞亞太投資等級債券基金 Y,yfinance,債券型,亞洲地區,A0021 柏瑞投信,柏瑞
B040106,2026-05-12,133.402099609375,美元,柏瑞環球基金-柏瑞亞太投資等級債券基金 Y,yfinance,債券型,亞洲地區,A0021 柏瑞投信,柏瑞
B040106,2026-05-13,133.29359436035156,美元,柏瑞環球基金-柏瑞亞太投資等級債券基金 Y,yfinance,債券型,亞洲地區,A0021 柏瑞投信,柏瑞
B040106,2026-05-14,133.3542022705078,美元,柏瑞環球基金-柏瑞亞太投資等級債券基金 Y,yfinance,債券型,亞洲地區,A0021 柏瑞投信,柏瑞
B040106,2026-05-15,132.970703125,美元,柏瑞環球基金-柏瑞亞太投資等級債券基金 Y,yfinance,債券型,亞洲地區,A0021 柏瑞投信,柏瑞
B040106,2026-05-18,132.5771026611328,美元,柏瑞環球基金-柏瑞亞太投資等級債券基金 Y,yfinance,債券型,亞洲地區,A0021 柏瑞投信,柏瑞
B040106,2026-05-19,132.61940002441406,美元,柏瑞環球基金-柏瑞亞太投資等級債券基金 Y,yfinance,債券型,亞洲地區,A0021 柏瑞投信,柏瑞
B040106,2026-05-20,132.4669952392578,美元,柏瑞環球基金-柏瑞亞太投資等級債券基金 Y,yfinance,債券型,亞洲地區,A0021 柏瑞投信,柏瑞
B040106,2026-05-21,132.6053009033203,美元,柏瑞環球基金-柏瑞亞太投資等級債券基金 Y,yfinance,債券型,亞洲地區,A0021 柏瑞投信,柏瑞
B040106,2026-05-22,132.95440673828125,美元,柏瑞環球基金-柏瑞亞太投資等級債券基金 Y,yfinance,債券型,亞洲地區,A0021 柏瑞投信,柏瑞
B040106,2026-05-26,133.38099670410156,美元,柏瑞環球基金-柏瑞亞太投資等級債券基金 Y,yfinance,債券型,亞洲地區,A0021 柏瑞投信,柏瑞
B040106,2026-05-27,133.46139526367188,美元,柏瑞環球基金-柏瑞亞太投資等級債券基金 Y,yfinance,債券型,亞洲地區,A0021 柏瑞投信,柏瑞
B040106,2026-05-28,133.28660583496094,美元,柏瑞環球基金-柏瑞亞太投資等級債券基金 Y,yfinance,債券型,亞洲地區,A0021 柏瑞投信,柏瑞
B040106,2026-05-29,133.6136932373047,美元,柏瑞環球基金-柏瑞亞太投資等級債券基金 Y,yfinance,債券型,亞洲地區,A0021 柏瑞投信,柏瑞
B040106,2026-06-02,133.8018035888672,美元,柏瑞環球基金-柏瑞亞太投資等級債券基金 Y,yfinance,債券型,亞洲地區,A0021 柏瑞投信,柏瑞
B040106,2026-06-03,133.5469970703125,美元,柏瑞環球基金-柏瑞亞太投資等級債券基金 Y,yfinance,債券型,亞洲地區,A0021 柏瑞投信,柏瑞
B040106,2026-06-04,133.56399536132812,美元,柏瑞環球基金-柏瑞亞太投資等級債券基金 Y,yfinance,債券型,亞洲地區,A0021 柏瑞投信,柏瑞
B040106,2026-06-05,133.5968017578125,美元,柏瑞環球基金-柏瑞亞太投資等級債券基金 Y,yfinance,債券型,亞洲地區,A0021 柏瑞投信,柏瑞
B040106,2026-06-08,133.0782012939453,美元,柏瑞環球基金-柏瑞亞太投資等級債券基金 Y,yfinance,債券型,亞洲地區,A0021 柏瑞投信,柏瑞
B040106,2026-06-09,133.09750366210938,美元,柏瑞環球基金-柏瑞亞太投資等級債券基金 Y,yfinance,債券型,亞洲地區,A0021 柏瑞投信,柏瑞
B040106,2026-06-10,133.12989807128906,美元,柏瑞環球基金-柏瑞亞太投資等級債券基金 Y,yfinance,債券型,亞洲地區,A0021 柏瑞投信,柏瑞
B040106,2026-06-11,133.14999389648438,美元,柏瑞環球基金-柏瑞亞太投資等級債券基金 Y,yfinance,債券型,亞洲地區,A0021 柏瑞投信,柏瑞
B040106,2026-06-12,133.54769897460938,美元,柏瑞環球基金-柏瑞亞太投資等級債券基金 Y,yfinance,債券型,亞洲地區,A0021 柏瑞投信,柏瑞
B040106,2026-06-15,133.76950073242188,美元,柏瑞環球基金-柏瑞亞太投資等級債券基金 Y,yfinance,債券型,亞洲地區,A0021 柏瑞投信,柏瑞
B040106,2026-06-16,133.7635955810547,美元,柏瑞環球基金-柏瑞亞太投資等級債券基金 Y,yfinance,債券型,亞洲地區,A0021 柏瑞投信,柏瑞
B040106,2026-06-17,133.71730041503906,美元,柏瑞環球基金-柏瑞亞太投資等級債券基金 Y,yfinance,債券型,亞洲地區,A0021 柏瑞投信,柏瑞
B040106,2026-06-18,133.55599975585938,美元,柏瑞環球基金-柏瑞亞太投資等級債券基金 Y,yfinance,債券型,亞洲地區,A0021 柏瑞投信,柏瑞
B040106,2026-06-22,133.4246063232422,美元,柏瑞環球基金-柏瑞亞太投資等級債券基金 Y,yfinance,債券型,亞洲地區,A0021 柏瑞投信,柏瑞
B040106,2026-06-23,133.408203125,美元,柏瑞環球基金-柏瑞亞太投資等級債券基金 Y,yfinance,債券型,亞洲地區,A0021 柏瑞投信,柏瑞
B040106,2026-06-24,133.44479370117188,美元,柏瑞環球基金-柏瑞亞太投資等級債券基金 Y,yfinance,債券型,亞洲地區,A0021 柏瑞投信,柏瑞
B040106,2026-06-25,133.81350708007812,美元,柏瑞環球基金-柏瑞亞太投資等級債券基金 Y,yfinance,債券型,亞洲地區,A0021 柏瑞投信,柏瑞
B040106,2026-06-26,133.97210693359375,美元,柏瑞環球基金-柏瑞亞太投資等級債券基金 Y,yfinance,債券型,亞洲地區,A0021 柏瑞投信,柏瑞
B040106,2026-06-29,133.94430541992188,美元,柏瑞環球基金-柏瑞亞太投資等級債券基金 Y,yfinance,債券型,亞洲地區,A0021 柏瑞投信,柏瑞
B040106,2026-06-30,134.0178985595703,美元,柏瑞環球基金-柏瑞亞太投資等級債券基金 Y,yfinance,債券型,亞洲地區,A0021 柏瑞投信,柏瑞
B040106,2026-07-01,133.53480529785156,美元,柏瑞環球基金-柏瑞亞太投資等級債券基金 Y,yfinance,債券型,亞洲地區,A0021 柏瑞投信,柏瑞
B040106,2026-07-02,133.41619873046875,美元,柏瑞環球基金-柏瑞亞太投資等級債券基金 Y,yfinance,債券型,亞洲地區,A0021 柏瑞投信,柏瑞
B040106,2026-07-06,133.68429565429688,美元,柏瑞環球基金-柏瑞亞太投資等級債券基金 Y,yfinance,債券型,亞洲地區,A0021 柏瑞投信,柏瑞
B040106,2026-07-07,133.5612030029297,美元,柏瑞環球基金-柏瑞亞太投資等級債券基金 Y,yfinance,債券型,亞洲地區,A0021 柏瑞投信,柏瑞
B040106,2026-07-08,133.1204071044922,美元,柏瑞環球基金-柏瑞亞太投資等級債券基金 Y,yfinance,債券型,亞洲地區,A0021 柏瑞投信,柏瑞
B040106,2026-07-09,133.05760192871094,美元,柏瑞環球基金-柏瑞亞太投資等級債券基金 Y,yfinance,債券型,亞洲地區,A0021 柏瑞投信,柏瑞
B040106,2026-07-10,133.36500549316406,美元,柏瑞環球基金-柏瑞亞太投資等級債券基金 Y,yfinance,債券型,亞洲地區,A0021 柏瑞投信,柏瑞
B040106,2026-07-13,133.13800048828125,美元,柏瑞環球基金-柏瑞亞太投資等級債券基金 Y,yfinance,債券型,亞洲地區,A0021 柏瑞投信,柏瑞
B040106,2026-07-14,132.83230590820312,美元,柏瑞環球基金-柏瑞亞太投資等級債券基金 Y,yfinance,債券型,亞洲地區,A0021 柏瑞投信,柏瑞
B040106,2026-07-15,132.9250030517578,美元,柏瑞環球基金-柏瑞亞太投資等級債券基金 Y,yfinance,債券型,亞洲地區,A0021 柏瑞投信,柏瑞
B040106,2026-07-16,133.15789794921875,美元,柏瑞環球基金-柏瑞亞太投資等級債券基金 Y,yfinance,債券型,亞洲地區,A0021 柏瑞投信,柏瑞
B040106,2026-07-17,133.4333038330078,美元,柏瑞環球基金-柏瑞亞太投資等級債券基金 Y,yfinance,債券型,亞洲地區,A0021 柏瑞投信,柏瑞
B040106,2026-07-20,133.16580200195312,美元,柏瑞環球基金-柏瑞亞太投資等級債券基金 Y,yfinance,債券型,亞洲地區,A0021 柏瑞投信,柏瑞
B040106,2026-07-21,133.05250549316406,美元,柏瑞環球基金-柏瑞亞太投資等級債券基金 Y,yfinance,債券型,亞洲地區,A0021 柏瑞投信,柏瑞
B040106,2026-07-22,132.87789916992188,美元,柏瑞環球基金-柏瑞亞太投資等級債券基金 Y,yfinance,債券型,亞洲地區,A0021 柏瑞投信,柏瑞
B040106,2026-07-23,132.6302947998047,美元,柏瑞環球基金-柏瑞亞太投資等級債券基金 Y,yfinance,債券型,亞洲地區,A0021 柏瑞投信,柏瑞
B040106,2026-07-24,132.48069763183594,美元,柏瑞環球基金-柏瑞亞太投資等級債券基金 Y,yfinance,債券型,亞洲地區,A0021 柏瑞投信,柏瑞
B040106,2026-07-27,132.735595703125,美元,柏瑞環球基金-柏瑞亞太投資等級債券基金 Y,yfinance,債券型,亞洲地區,A0021 柏瑞投信,柏瑞
B040106,2026-07-28,132.7451934814453,美元,柏瑞環球基金-柏瑞亞太投資等級債券基金 Y,yfinance,債券型,亞洲地區,A0021 柏瑞投信,柏瑞
B040106,2026-07-29,132.6988983154297,美元,柏瑞環球基金-柏瑞亞太投資等級債券基金 Y,yfinance,債券型,亞洲地區,A0021 柏瑞投信,柏瑞
B040106,2026-07-30,132.36520385742188,美元,柏瑞環球基金-柏瑞亞太投資等級債券基金 Y,yfinance,債券型,亞洲地區,A0021 柏瑞投信,柏瑞
B040106,2026-07-31,132.5605926513672,美元,柏瑞環球基金-柏瑞亞太投資等級債券基金 Y,yfinance,債券型,亞洲地區,A0021 柏瑞投信,柏瑞
B040106,2026-08-04,132.57940673828125,美元,柏瑞環球基金-柏瑞亞太投資等級債券基金 Y,yfinance,債券型,亞洲地區,A0021 柏瑞投信,柏瑞
B040106,2026-08-05,133.07310485839844,美元,柏瑞環球基金-柏瑞亞太投資等級債券基金 Y,yfinance,債券型,亞洲地區,A0021 柏瑞投信,柏瑞
B040106,2026-08-06,133.05270385742188,美元,柏瑞環球基金-柏瑞亞太投資等級債券基金 Y,yfinance,債券型,亞洲地區,A0021 柏瑞投信,柏瑞
B040106,2026-08-07,132.92120361328125,美元,柏瑞環球基金-柏瑞亞太投資等級債券基金 Y,yfinance,債券型,亞洲地區,A0021 柏瑞投信,柏瑞
B040106,2026-08-10,132.91490173339844,美元,柏瑞環球基金-柏瑞亞太投資等級債券基金 Y,yfinance,債券型,亞洲地區,A0021 柏瑞投信,柏瑞
B040106,2026-08-11,132.6013946533203,美元,柏瑞環球基金-柏瑞亞太投資等級債券基金 Y,yfinance,債券型,亞洲地區,A0021 柏瑞投信,柏瑞
B040106,2026-08-12,132.9102020263672,美元,柏瑞環球基金-柏瑞亞太投資等級債券基金 Y,yfinance,債券型,亞洲地區,A0021 柏瑞投信,柏瑞
B040106,2026-08-13,132.9853973388672,美元,柏瑞環球基金-柏瑞亞太投資等級債券基金 Y,yfinance,債券型,亞洲地區,A0021 柏瑞投信,柏瑞
B040106,2026-08-14,133.10049438476562,美元,柏瑞環球基金-柏瑞亞太投資等級債券基金 Y,yfinance,債券型,亞洲地區,A0021 柏瑞投信,柏瑞
B040106,2026-08-17,132.9438934326172,美元,柏瑞環球基金-柏瑞亞太投資等級債券基金 Y,yfinance,債券型,亞洲地區,A0021 柏瑞投信,柏瑞
B3EhplN,2026-01-02,64.31446075439453,美元,法巴永續高評等企業債券基金/月配 B (美元),yfinance,債券型,全球市場,B0049 法銀巴黎投顧,法巴
B3EhplN,2026-01-05,64.42878723144531,美元,法巴永續高評等企業債券基金/月配 B (美元),yfinance,債券型,全球市場,B0049 法銀巴黎投顧,法巴
B3EhplN,2026-01-06,64.47642517089844,美元,法巴永續高評等企業債券基金/月配 B (美元),yfinance,債券型,全球市場,B0049 法銀巴黎投顧,法巴
B3EhplN,2026-01-07,64.57170867919922,美元,法巴永續高評等企業債券基金/月配 B (美元),yfinance,債券型,全球市場,B0049 法銀巴黎投顧,法巴
B3EhplN,2026-01-08,64.47642517089844,美元,法巴永續高評等企業債券基金/月配 B (美元),yfinance,債券型,全球市場,B0049 法銀巴黎投顧,法巴
B3EhplN,2026-01-09,64.57170867919922,美元,法巴永續高評等企業債券基金/月配 B (美元),yfinance,債券型,全球市場,B0049 法銀巴黎投顧,法巴
B3EhplN,2026-01-12,64.57170867919922,美元,法巴永續高評等企業債券基金/月配 B (美元),yfinance,債券型,全球市場,B0049 法銀巴黎投顧,法巴
B3EhplN,2026-01-13,64.61935424804688,美元,法巴永續高評等企業債券基金/月配 B (美元),yfinance,債券型,全球市場,B0049 法銀巴黎投顧,法巴
B3EhplN,2026-01-14,64.72416687011719,美元,法巴永續高評等企業債券基金/月配 B (美元),yfinance,債券型,全球市場,B0049 法銀巴黎投顧,法巴
B3EhplN,2026-01-15,64.68603515625,美元,法巴永續高評等企業債券基金/月配 B (美元),yfinance,債券型,全球市場,B0049 法銀巴黎投顧,法巴
B3EhplN,2026-01-16,64.60981750488281,美元,法巴永續高評等企業債券基金/月配 B (美元),yfinance,債券型,全球市場,B0049 法銀巴黎投顧,法巴
B3EhplN,2026-01-20,64.42878723144531,美元,法巴永續高評等企業債券基金/月配 B (美元),yfinance,債券型,全球市場,B0049 法銀巴黎投顧,法巴
B3EhplN,2026-01-21,64.53359985351562,美元,法巴永續高評等企業債券基金/月配 B (美元),yfinance,債券型,全球市場,B0049 法銀巴黎投顧,法巴
B3EhplN,2026-01-22,64.63841247558594,美元,法巴永續高評等企業債券基金/月配 B (美元),yfinance,債券型,全球市場,B0049 法銀巴黎投顧,法巴
B3EhplN,2026-01-23,64.61935424804688,美元,法巴永續高評等企業債券基金/月配 B (美元),yfinance,債券型,全球市場,B0049 法銀巴黎投顧,法巴
B3EhplN,2026-01-26,64.7051010131836,美元,法巴永續高評等企業債券基金/月配 B (美元),yfinance,債券型,全球市場,B0049 法銀巴黎投顧,法巴
B3EhplN,2026-01-27,64.68603515625,美元,法巴永續高評等企業債券基金/月配 B (美元),yfinance,債券型,全球市場,B0049 法銀巴黎投顧,法巴
B3EhplN,2026-01-28,64.71463012695312,美元,法巴永續高評等企業債券基金/月配 B (美元),yfinance,債券型,全球市場,B0049 法銀巴黎投顧,法巴
B3EhplN,2026-01-29,64.72416687011719,美元,法巴永續高評等企業債券基金/月配 B (美元),yfinance,債券型,全球市場,B0049 法銀巴黎投顧,法巴
B3EhplN,2026-01-30,64.71463012695312,美元,法巴永續高評等企業債券基金/月配 B (美元),yfinance,債券型,全球市場,B0049 法銀巴黎投顧,法巴
B3EhplN,2026-02-02,64.66661071777344,美元,法巴永續高評等企業債券基金/月配 B (美元),yfinance,債券型,全球市場,B0049 法銀巴黎投顧,法巴
B3EhplN,2026-02-03,64.67621612548828,美元,法巴永續高評等企業債券基金/月配 B (美元),yfinance,債券型,全球市場,B0049 法銀巴黎投顧,法巴
B3EhplN,2026-02-04,64.62820434570312,美元,法巴永續高評等企業債券基金/月配 B (美元),yfinance,債券型,全球市場,B0049 法銀巴黎投顧,法巴
B3EhplN,2026-02-05,64.71463012695312,美元,法巴永續高評等企業債券基金/月配 B (美元),yfinance,債券型,全球市場,B0049 法銀巴黎投顧,法巴
B3EhplN,2026-02-06,64.71463012695312,美元,法巴永續高評等企業債券基金/月配 B (美元),yfinance,債券型,全球市場,B0049 法銀巴黎投顧,法巴
B3EhplN,2026-02-09,64.77224731445312,美元,法巴永續高評等企業債券基金/月配 B (美元),yfinance,債券型,全球市場,B0049 法銀巴黎投顧,法巴
B3EhplN,2026-02-10,64.8970947265625,美元,法巴永續高評等企業債券基金/月配 B (美元),yfinance,債券型,全球市場,B0049 法銀巴黎投顧,法巴
B3EhplN,2026-02-11,64.84907531738281,美元,法巴永續高評等企業債券基金/月配 B (美元),yfinance,債券型,全球市場,B0049 法銀巴黎投顧,法巴
B3EhplN,2026-02-12,65.02191925048828,美元,法巴永續高評等企業債券基金/月配 B (美元),yfinance,債券型,全球市場,B0049 法銀巴黎投顧,法巴
B3EhplN,2026-02-13,65.06993865966797,美元,法巴永續高評等企業債券基金/月配 B (美元),yfinance,債券型,全球市場,B0049 法銀巴黎投顧,法巴
B3EhplN,2026-02-17,65.06993865966797,美元,法巴永續高評等企業債券基金/月配 B (美元),yfinance,債券型,全球市場,B0049 法銀巴黎投顧,法巴
B3EhplN,2026-02-18,65.06033325195312,美元,法巴永續高評等企業債券基金/月配 B (美元),yfinance,債券型,全球市場,B0049 法銀巴黎投顧,法巴
B3EhplN,2026-02-19,65.06993865966797,美元,法巴永續高評等企業債券基金/月配 B (美元),yfinance,債券型,全球市場,B0049 法銀巴黎投顧,法巴
B3EhplN,2026-02-20,65.06033325195312,美元,法巴永續高評等企業債券基金/月配 B (美元),yfinance,債券型,全球市場,B0049 法銀巴黎投顧,法巴
B3EhplN,2026-02-23,65.16596984863281,美元,法巴永續高評等企業債券基金/月配 B (美元),yfinance,債券型,全球市場,B0049 法銀巴黎投顧,法巴
B3EhplN,2026-02-24,65.13716125488281,美元,法巴永續高評等企業債券基金/月配 B (美元),yfinance,債券型,全球市場,B0049 法銀巴黎投顧,法巴
B3EhplN,2026-02-25,65.10835266113281,美元,法巴永續高評等企業債券基金/月配 B (美元),yfinance,債券型,全球市場,B0049 法銀巴黎投顧,法巴
B3EhplN,2026-02-26,65.16596984863281,美元,法巴永續高評等企業債券基金/月配 B (美元),yfinance,債券型,全球市場,B0049 法銀巴黎投顧,法巴
B3EhplN,2026-02-27,65.19477844238281,美元,法巴永續高評等企業債券基金/月配 B (美元),yfinance,債券型,全球市場,B0049 法銀巴黎投顧,法巴
B3EhplN,2026-03-02,64.86570739746094,美元,法巴永續高評等企業債券基金/月配 B (美元),yfinance,債券型,全球市場,B0049 法銀巴黎投顧,法巴
B3EhplN,2026-03-03,64.72053527832031,美元,法巴永續高評等企業債券基金/月配 B (美元),yfinance,債券型,全球市場,B0049 法銀巴黎投顧,法巴
B3EhplN,2026-03-04,64.86570739746094,美元,法巴永續高評等企業債券基金/月配 B (美元),yfinance,債券型,全球市場,B0049 法銀巴黎投顧,法巴
B3EhplN,2026-03-05,64.62374114990234,美元,法巴永續高評等企業債券基金/月配 B (美元),yfinance,債券型,全球市場,B0049 法銀巴黎投顧,法巴
B3EhplN,2026-03-06,64.50759887695312,美元,法巴永續高評等企業債券基金/月配 B (美元),yfinance,債券型,全球市場,B0049 法銀巴黎投顧,法巴
B3EhplN,2026-03-09,64.41081237792969,美元,法巴永續高評等企業債券基金/月配 B (美元),yfinance,債券型,全球市場,B0049 法銀巴黎投顧,法巴
B3EhplN,2026-03-10,64.54631042480469,美元,法巴永續高評等企業債券基金/月配 B (美元),yfinance,債券型,全球市場,B0049 法銀巴黎投顧,法巴
B3EhplN,2026-03-11,64.16885375976562,美元,法巴永續高評等企業債券基金/月配 B (美元),yfinance,債券型,全球市場,B0049 法銀巴黎投顧,法巴
B3EhplN,2026-03-12,63.878501892089844,美元,法巴永續高評等企業債券基金/月配 B (美元),yfinance,債券型,全球市場,B0049 法銀巴黎投顧,法巴
B3EhplN,2026-03-13,63.74299621582031,美元,法巴永續高評等企業債券基金/月配 B (美元),yfinance,債券型,全球市場,B0049 法銀巴黎投顧,法巴
B3EhplN,2026-03-16,63.878501892089844,美元,法巴永續高評等企業債券基金/月配 B (美元),yfinance,債券型,全球市場,B0049 法銀巴黎投顧,法巴
B3EhplN,2026-03-17,64.03335571289062,美元,法巴永續高評等企業債券基金/月配 B (美元),yfinance,債券型,全球市場,B0049 法銀巴黎投顧,法巴
B3EhplN,2026-03-18,63.94623947143555,美元,法巴永續高評等企業債券基金/月配 B (美元),yfinance,債券型,全球市場,B0049 法銀巴黎投顧,法巴
B3EhplN,2026-03-19,63.77202224731445,美元,法巴永續高評等企業債券基金/月配 B (美元),yfinance,債券型,全球市場,B0049 法銀巴黎投顧,法巴
B3EhplN,2026-03-20,63.442962646484375,美元,法巴永續高評等企業債券基金/月配 B (美元),yfinance,債券型,全球市場,B0049 法銀巴黎投顧,法巴
B3EhplN,2026-03-23,63.617183685302734,美元,法巴永續高評等企業債券基金/月配 B (美元),yfinance,債券型,全球市場,B0049 法銀巴黎投顧,法巴
B3EhplN,2026-03-24,63.49135208129883,美元,法巴永續高評等企業債券基金/月配 B (美元),yfinance,債券型,全球市場,B0049 法銀巴黎投顧,法巴
B3EhplN,2026-03-25,63.7913932800293,美元,法巴永續高評等企業債券基金/月配 B (美元),yfinance,債券型,全球市場,B0049 法銀巴黎投顧,法巴
B3EhplN,2026-03-26,63.41392135620117,美元,法巴永續高評等企業債券基金/月配 B (美元),yfinance,債券型,全球市場,B0049 法銀巴黎投顧,法巴
B3EhplN,2026-03-27,63.249385833740234,美元,法巴永續高評等企業債券基金/月配 B (美元),yfinance,債券型,全球市場,B0049 法銀巴黎投顧,法巴
B3EhplN,2026-03-30,63.442962646484375,美元,法巴永續高評等企業債券基金/月配 B (美元),yfinance,債券型,全球市場,B0049 法銀巴黎投顧,法巴
B3EhplN,2026-03-31,63.597816467285156,美元,法巴永續高評等企業債券基金/月配 B (美元),yfinance,債券型,全球市場,B0049 法銀巴黎投顧,法巴
B3EhplN,2026-04-01,63.83198928833008,美元,法巴永續高評等企業債券基金/月配 B (美元),yfinance,債券型,全球市場,B0049 法銀巴黎投顧,法巴
B3EhplN,2026-04-02,63.8027229309082,美元,法巴永續高評等企業債券基金/月配 B (美元),yfinance,債券型,全球市場,B0049 法銀巴黎投顧,法巴
B3EhplN,2026-04-07,63.76368713378906,美元,法巴永續高評等企業債券基金/月配 B (美元),yfinance,債券型,全球市場,B0049 法銀巴黎投顧,法巴
B3EhplN,2026-04-08,64.33937072753906,美元,法巴永續高評等企業債券基金/月配 B (美元),yfinance,債券型,全球市場,B0049 法銀巴黎投顧,法巴
B3EhplN,2026-04-09,64.28082275390625,美元,法巴永續高評等企業債券基金/月配 B (美元),yfinance,債券型,全球市場,B0049 法銀巴黎投顧,法巴
B3EhplN,2026-04-10,64.16374206542969,美元,法巴永續高評等企業債券基金/月配 B (美元),yfinance,債券型,全球市場,B0049 法銀巴黎投顧,法巴
B3EhplN,2026-04-13,64.1832504272461,美元,法巴永續高評等企業債券基金/月配 B (美元),yfinance,債券型,全球市場,B0049 法銀巴黎投顧,法巴
B3EhplN,2026-04-14,64.45645141601562,美元,法巴永續高評等企業債券基金/月配 B (美元),yfinance,債券型,全球市場,B0049 法銀巴黎投顧,法巴
B3EhplN,2026-04-15,64.39791870117188,美元,法巴永續高評等企業債券基金/月配 B (美元),yfinance,債券型,全球市場,B0049 法銀巴黎投顧,法巴
B3EhplN,2026-04-16,64.36863708496094,美元,法巴永續高評等企業債券基金/月配 B (美元),yfinance,債券型,全球市場,B0049 法銀巴黎投顧,法巴
B3EhplN,2026-04-17,64.651611328125,美元,法巴永續高評等企業債券基金/月配 B (美元),yfinance,債券型,全球市場,B0049 法銀巴黎投顧,法巴
B3EhplN,2026-04-20,64.60281372070312,美元,法巴永續高評等企業債券基金/月配 B (美元),yfinance,債券型,全球市場,B0049 法銀巴黎投顧,法巴
B3EhplN,2026-04-21,64.5052490234375,美元,法巴永續高評等企業債券基金/月配 B (美元),yfinance,債券型,全球市場,B0049 法銀巴黎投顧,法巴
B3EhplN,2026-04-22,64.4759750366211,美元,法巴永續高評等企業債券基金/月配 B (美元),yfinance,債券型,全球市場,B0049 法銀巴黎投顧,法巴
B3EhplN,2026-04-23,64.39791870117188,美元,法巴永續高評等企業債券基金/月配 B (美元),yfinance,債券型,全球市場,B0049 法銀巴黎投顧,法巴
B3EhplN,2026-04-24,64.44670104980469,美元,法巴永續高評等企業債券基金/月配 B (美元),yfinance,債券型,全球市場,B0049 法銀巴黎投顧,法巴
B3EhplN,2026-04-27,64.3296127319336,美元,法巴永續高評等企業債券基金/月配 B (美元),yfinance,債券型,全球市場,B0049 法銀巴黎投顧,法巴
B3EhplN,2026-04-28,64.20276641845703,美元,法巴永續高評等企業債券基金/月配 B (美元),yfinance,債券型,全球市場,B0049 法銀巴黎投顧,法巴
B3EhplN,2026-04-29,64.01737976074219,美元,法巴永續高評等企業債券基金/月配 B (美元),yfinance,債券型,全球市場,B0049 法銀巴黎投顧,法巴
B3EhplN,2026-04-30,64.14421844482422,美元,法巴永續高評等企業債券基金/月配 B (美元),yfinance,債券型,全球市場,B0049 法銀巴黎投顧,法巴
B3EhplN,2026-05-04,63.48072814941406,美元,法巴永續高評等企業債券基金/月配 B (美元),yfinance,債券型,全球市場,B0049 法銀巴黎投顧,法巴
B3EhplN,2026-05-05,63.6270866394043,美元,法巴永續高評等企業債券基金/月配 B (美元),yfinance,債券型,全球市場,B0049 法銀巴黎投顧,法巴
B3EhplN,2026-05-06,63.91004943847656,美元,法巴永續高評等企業債券基金/月配 B (美元),yfinance,債券型,全球市場,B0049 法銀巴黎投顧,法巴
B3EhplN,2026-05-07,63.812477111816406,美元,法巴永續高評等企業債券基金/月配 B (美元),yfinance,債券型,全球市場,B0049 法銀巴黎投顧,法巴
B3EhplN,2026-05-08,63.88078308105469,美元,法巴永續高評等企業債券基金/月配 B (美元),yfinance,債券型,全球市場,B0049 法銀巴黎投顧,法巴
B3EhplN,2026-05-11,63.7832145690918,美元,法巴永續高評等企業債券基金/月配 B (美元),yfinance,債券型,全球市場,B0049 法銀巴黎投顧,法巴
B3EhplN,2026-05-12,63.597816467285156,美元,法巴永續高評等企業債券基金/月配 B (美元),yfinance,債券型,全球市場,B0049 法銀巴黎投顧,法巴
B3EhplN,2026-05-13,63.6270866394043,美元,法巴永續高評等企業債券基金/月配 B (美元),yfinance,債券型,全球市場,B0049 法銀巴黎投顧,法巴
B3EhplN,2026-05-15,63.383155822753906,美元,法巴永續高評等企業債券基金/月配 B (美元),yfinance,債券型,全球市場,B0049 法銀巴黎投顧,法巴
B3EhplN,2026-05-18,63.37339782714844,美元,法巴永續高評等企業債券基金/月配 B (美元),yfinance,債券型,全球市場,B0049 法銀巴黎投顧,法巴
B3EhplN,2026-05-19,63.236793518066406,美元,法巴永續高評等企業債券基金/月配 B (美元),yfinance,債券型,全球市場,B0049 法銀巴黎投顧,法巴
B3EhplN,2026-05-20,63.549034118652344,美元,法巴永續高評等企業債券基金/月配 B (美元),yfinance,債券型,全球市場,B0049 法銀巴黎投顧,法巴
B3EhplN,2026-05-21,63.500244140625,美元,法巴永續高評等企業債券基金/月配 B (美元),yfinance,債券型,全球市場,B0049 法銀巴黎投顧,法巴
B3EhplN,2026-05-22,63.6368522644043,美元,法巴永續高評等企業債券基金/月配 B (美元),yfinance,債券型,全球市場,B0049 法銀巴黎投顧,法巴
B3EhplN,2026-05-26,63.9198112487793,美元,法巴永續高評等企業債券基金/月配 B (美元),yfinance,債券型,全球市場,B0049 法銀巴黎投顧,法巴
B3EhplN,2026-05-27,63.93931579589844,美元,法巴永續高評等企業債券基金/月配 B (美元),yfinance,債券型,全球市場,B0049 法銀巴黎投顧,法巴
B3EhplN,2026-05-28,64.0466537475586,美元,法巴永續高評等企業債券基金/月配 B (美元),yfinance,債券型,全球市場,B0049 法銀巴黎投顧,法巴
B3EhplN,2026-05-29,64.10518646240234,美元,法巴永續高評等企業債券基金/月配 B (美元),yfinance,債券型,全球市場,B0049 法銀巴黎投顧,法巴
B3EhplN,2026-06-01,63.99699020385742,美元,法巴永續高評等企業債券基金/月配 B (美元),yfinance,債券型,全球市場,B0049 法銀巴黎投顧,法巴
B3EhplN,2026-06-02,64.0953598022461,美元,法巴永續高評等企業債券基金/月配 B (美元),yfinance,債券型,全球市場,B0049 法銀巴黎投顧,法巴
B3EhplN,2026-06-03,63.94780731201172,美元,法巴永續高評等企業債券基金/月配 B (美元),yfinance,債券型,全球市場,B0049 法銀巴黎投顧,法巴
B3EhplN,2026-06-04,63.99699020385742,美元,法巴永續高評等企業債券基金/月配 B (美元),yfinance,債券型,全球市場,B0049 法銀巴黎投顧,法巴
B3EhplN,2026-06-05,63.869117736816406,美元,法巴永續高評等企業債券基金/月配 B (美元),yfinance,債券型,全球市場,B0049 法銀巴黎投顧,法巴
B3EhplN,2026-06-08,63.79042434692383,美元,法巴永續高評等企業債券基金/月配 B (美元),yfinance,債券型,全球市場,B0049 法銀巴黎投顧,法巴
B3EhplN,2026-06-09,63.88878631591797,美元,法巴永續高評等企業債券基金/月配 B (美元),yfinance,債券型,全球市場,B0049 法銀巴黎投顧,法巴
B3EhplN,2026-06-10,63.79042434692383,美元,法巴永續高評等企業債券基金/月配 B (美元),yfinance,債券型,全球市場,B0049 法銀巴黎投顧,法巴
B3EhplN,2026-06-11,64.02649688720703,美元,法巴永續高評等企業債券基金/月配 B (美元),yfinance,債券型,全球市場,B0049 法銀巴黎投顧,法巴
B3EhplN,2026-06-12,64.07568359375,美元,法巴永續高評等企業債券基金/月配 B (美元),yfinance,債券型,全球市場,B0049 法銀巴黎投顧,法巴
B3EhplN,2026-06-15,64.2134017944336,美元,法巴永續高評等企業債券基金/月配 B (美元),yfinance,債券型,全球市場,B0049 法銀巴黎投顧,法巴
B3EhplN,2026-06-16,64.30193328857422,美元,法巴永續高評等企業債券基金/月配 B (美元),yfinance,債券型,全球市場,B0049 法銀巴黎投顧,法巴
B3EhplN,2026-06-17,64.1937255859375,美元,法巴永續高評等企業債券基金/月配 B (美元),yfinance,債券型,全球市場,B0049 法銀巴黎投顧,法巴
B3EhplN,2026-06-18,64.20355224609375,美元,法巴永續高評等企業債券基金/月配 B (美元),yfinance,債券型,全球市場,B0049 法銀巴黎投顧,法巴
B3EhplN,2026-06-22,64.10518646240234,美元,法巴永續高評等企業債券基金/月配 B (美元),yfinance,債券型,全球市場,B0049 法銀巴黎投顧,法巴
B3EhplN,2026-06-24,64.40029907226562,美元,法巴永續高評等企業債券基金/月配 B (美元),yfinance,債券型,全球市場,B0049 法銀巴黎投顧,法巴
B3EhplN,2026-06-25,64.40029907226562,美元,法巴永續高評等企業債券基金/月配 B (美元),yfinance,債券型,全球市場,B0049 法銀巴黎投顧,法巴
B3EhplN,2026-06-26,64.41996765136719,美元,法巴永續高評等企業債券基金/月配 B (美元),yfinance,債券型,全球市場,B0049 法銀巴黎投顧,法巴
B3EhplN,2026-06-29,64.42980194091797,美元,法巴永續高評等企業債券基金/月配 B (美元),yfinance,債券型,全球市場,B0049 法銀巴黎投顧,法巴
B3EhplN,2026-06-30,64.36094665527344,美元,法巴永續高評等企業債券基金/月配 B (美元),yfinance,債券型,全球市場,B0049 法銀巴黎投顧,法巴
B3EhplN,2026-07-01,64.26177978515625,美元,法巴永續高評等企業債券基金/月配 B (美元),yfinance,債券型,全球市場,B0049 法銀巴黎投顧,法巴
B3EhplN,2026-07-02,64.26177978515625,美元,法巴永續高評等企業債券基金/月配 B (美元),yfinance,債券型,全球市場,B0049 法銀巴黎投顧,法巴
B3EhplN,2026-07-06,64.26177978515625,美元,法巴永續高評等企業債券基金/月配 B (美元),yfinance,債券型,全球市場,B0049 法銀巴黎投顧,法巴
B3EhplN,2026-07-07,64.09318542480469,美元,法巴永續高評等企業債券基金/月配 B (美元),yfinance,債券型,全球市場,B0049 法銀巴黎投顧,法巴
B3EhplN,2026-07-08,63.85518264770508,美元,法巴永續高評等企業債券基金/月配 B (美元),yfinance,債券型,全球市場,B0049 法銀巴黎投顧,法巴
B3EhplN,2026-07-09,63.97418975830078,美元,法巴永續高評等企業債券基金/月配 B (美元),yfinance,債券型,全球市場,B0049 法銀巴黎投顧,法巴
B3EhplN,2026-07-10,63.91468048095703,美元,法巴永續高評等企業債券基金/月配 B (美元),yfinance,債券型,全球市場,B0049 法銀巴黎投顧,法巴
B3EhplN,2026-07-13,63.75601577758789,美元,法巴永續高評等企業債券基金/月配 B (美元),yfinance,債券型,全球市場,B0049 法銀巴黎投顧,法巴
B3EhplN,2026-07-14,63.765933990478516,美元,法巴永續高評等企業債券基金/月配 B (美元),yfinance,債券型,全球市場,B0049 法銀巴黎投顧,法巴
B3EhplN,2026-07-15,63.815513610839844,美元,法巴永續高評等企業債券基金/月配 B (美元),yfinance,債券型,全球市場,B0049 法銀巴黎投顧,法巴
B3EhplN,2026-07-16,63.77584457397461,美元,法巴永續高評等企業債券基金/月配 B (美元),yfinance,債券型,全球市場,B0049 法銀巴黎投顧,法巴
B3EhplN,2026-07-20,63.67667770385742,美元,法巴永續高評等企業債券基金/月配 B (美元),yfinance,債券型,全球市場,B0049 法銀巴黎投顧,法巴
B3EhplN,2026-07-21,63.59733963012695,美元,法巴永續高評等企業債券基金/月配 B (美元),yfinance,債券型,全球市場,B0049 法銀巴黎投顧,法巴
B3EhplN,2026-07-22,63.52791976928711,美元,法巴永續高評等企業債券基金/月配 B (美元),yfinance,債券型,全球市場,B0049 法銀巴黎投顧,法巴
B3EhplN,2026-07-23,63.34941864013672,美元,法巴永續高評等企業債券基金/月配 B (美元),yfinance,債券型,全球市場,B0049 法銀巴黎投顧,法巴
B3EhplN,2026-07-24,63.39900207519531,美元,法巴永續高評等企業債券基金/月配 B (美元),yfinance,債券型,全球市場,B0049 法銀巴黎投顧,法巴
B3EhplN,2026-07-27,63.537841796875,美元,法巴永續高評等企業債券基金/月配 B (美元),yfinance,債券型,全球市場,B0049 法銀巴黎投顧,法巴
B3EhplN,2026-07-28,63.60725784301758,美元,法巴永續高評等企業債券基金/月配 B (美元),yfinance,債券型,全球市場,B0049 法銀巴黎投顧,法巴
B3EhplN,2026-07-29,63.47834014892578,美元,法巴永續高評等企業債券基金/月配 B (美元),yfinance,債券型,全球市場,B0049 法銀巴黎投顧,法巴
B3EhplN,2026-07-30,63.42875289916992,美元,法巴永續高評等企業債券基金/月配 B (美元),yfinance,債券型,全球市場,B0049 法銀巴黎投顧,法巴
B3EhplN,2026-07-31,63.28000259399414,美元,法巴永續高評等企業債券基金/月配 B (美元),yfinance,債券型,全球市場,B0049 法銀巴黎投顧,法巴
B3EhplN,2026-08-03,63.5099983215332,美元,法巴永續高評等企業債券基金/月配 B (美元),yfinance,債券型,全球市場,B0049 法銀巴黎投顧,法巴
B3EhplN,2026-08-04,63.72999954223633,美元,法巴永續高評等企業債券基金/月配 B (美元),yfinance,債券型,全球市場,B0049 法銀巴黎投顧,法巴
B3EhplN,2026-08-05,63.790000915527344,美元,法巴永續高評等企業債券基金/月配 B (美元),yfinance,債券型,全球市場,B0049 法銀巴黎投顧,法巴
B3EhplN,2026-08-06,63.63999938964844,美元,法巴永續高評等企業債券基金/月配 B (美元),yfinance,債券型,全球市場,B0049 法銀巴黎投顧,法巴
B3EhplN,2026-08-07,63.689998626708984,美元,法巴永續高評等企業債券基金/月配 B (美元),yfinance,債券型,全球市場,B0049 法銀巴黎投顧,法巴
B3EhplN,2026-08-10,63.56999969482422,美元,法巴永續高評等企業債券基金/月配 B (美元),yfinance,債券型,全球市場,B0049 法銀巴黎投顧,法巴
B3EhplN,2026-08-11,63.560001373291016,美元,法巴永續高評等企業債券基金/月配 B (美元),yfinance,債券型,全球市場,B0049 法銀巴黎投顧,法巴
B3EhplN,2026-08-12,63.59000015258789,美元,法巴永續高評等企業債券基金/月配 B (美元),yfinance,債券型,全球市場,B0049 法銀巴黎投顧,法巴
B3EhplN,2026-08-13,63.7400016784668,美元,法巴永續高評等企業債券基金/月配 B (美元),yfinance,債券型,全球市場,B0049 法銀巴黎投顧,法巴
B3EhplN,2026-08-14,63.54999923706055,美元,法巴永續高評等企業債券基金/月配 B (美元),yfinance,債券型,全球市場,B0049 法銀巴黎投顧,法巴
B3EhplN,2026-08-17,63.470001220703125,美元,法巴永續高評等企業債券基金/月配 B (美元),yfinance,債券型,全球市場,B0049 法銀巴黎投顧,法巴
B500096,2026-01-02,114.87000274658203,美元,歐義銳榮新興市場債券基金Z2,yfinance,債券型,全球新興市場,A0003 第一金投信,歐義銳榮
B500096,2026-01-05,115.51000213623047,美元,歐義銳榮新興市場債券基金Z2,yfinance,債券型,全球新興市場,A0003 第一金投信,歐義銳榮
B500096,2026-01-06,115.5,美元,歐義銳榮新興市場債券基金Z2,yfinance,債券型,全球新興市場,A0003 第一金投信,歐義銳榮
B500096,2026-01-07,115.31999969482422,美元,歐義銳榮新興市場債券基金Z2,yfinance,債券型,全球新興市場,A0003 第一金投信,歐義銳榮
B500096,2026-01-08,115.0,美元,歐義銳榮新興市場債券基金Z2,yfinance,債券型,全球新興市場,A0003 第一金投信,歐義銳榮
B500096,2026-01-09,115.31999969482422,美元,歐義銳榮新興市場債券基金Z2,yfinance,債券型,全球新興市場,A0003 第一金投信,歐義銳榮
B500096,2026-01-12,115.18000030517578,美元,歐義銳榮新興市場債券基金Z2,yfinance,債券型,全球新興市場,A0003 第一金投信,歐義銳榮
B500096,2026-01-13,115.16000366210938,美元,歐義銳榮新興市場債券基金Z2,yfinance,債券型,全球新興市場,A0003 第一金投信,歐義銳榮
B500096,2026-01-14,115.19000244140625,美元,歐義銳榮新興市場債券基金Z2,yfinance,債券型,全球新興市場,A0003 第一金投信,歐義銳榮
B500096,2026-01-15,115.36000061035156,美元,歐義銳榮新興市場債券基金Z2,yfinance,債券型,全球新興市場,A0003 第一金投信,歐義銳榮
B500096,2026-01-16,115.27999877929688,美元,歐義銳榮新興市場債券基金Z2,yfinance,債券型,全球新興市場,A0003 第一金投信,歐義銳榮
B500096,2026-01-20,114.69999694824219,美元,歐義銳榮新興市場債券基金Z2,yfinance,債券型,全球新興市場,A0003 第一金投信,歐義銳榮
B500096,2026-01-21,115.19999694824219,美元,歐義銳榮新興市場債券基金Z2,yfinance,債券型,全球新興市場,A0003 第一金投信,歐義銳榮
B500096,2026-01-22,115.63999938964844,美元,歐義銳榮新興市場債券基金Z2,yfinance,債券型,全球新興市場,A0003 第一金投信,歐義銳榮
B500096,2026-01-23,115.80000305175781,美元,歐義銳榮新興市場債券基金Z2,yfinance,債券型,全球新興市場,A0003 第一金投信,歐義銳榮
B500096,2026-01-26,116.18000030517578,美元,歐義銳榮新興市場債券基金Z2,yfinance,債券型,全球新興市場,A0003 第一金投信,歐義銳榮
B500096,2026-01-27,116.26000213623047,美元,歐義銳榮新興市場債券基金Z2,yfinance,債券型,全球新興市場,A0003 第一金投信,歐義銳榮
B500096,2026-01-28,116.20999908447266,美元,歐義銳榮新興市場債券基金Z2,yfinance,債券型,全球新興市場,A0003 第一金投信,歐義銳榮
B500096,2026-01-29,116.1500015258789,美元,歐義銳榮新興市場債券基金Z2,yfinance,債券型,全球新興市場,A0003 第一金投信,歐義銳榮
B500096,2026-01-30,116.11000061035156,美元,歐義銳榮新興市場債券基金Z2,yfinance,債券型,全球新興市場,A0003 第一金投信,歐義銳榮
B500096,2026-02-02,116.13999938964844,美元,歐義銳榮新興市場債券基金Z2,yfinance,債券型,全球新興市場,A0003 第一金投信,歐義銳榮
B500096,2026-02-03,116.20999908447266,美元,歐義銳榮新興市場債券基金Z2,yfinance,債券型,全球新興市場,A0003 第一金投信,歐義銳榮
B500096,2026-02-04,116.27999877929688,美元,歐義銳榮新興市場債券基金Z2,yfinance,債券型,全球新興市場,A0003 第一金投信,歐義銳榮
B500096,2026-02-05,116.3499984741211,美元,歐義銳榮新興市場債券基金Z2,yfinance,債券型,全球新興市場,A0003 第一金投信,歐義銳榮
B500096,2026-02-06,116.47000122070312,美元,歐義銳榮新興市場債券基金Z2,yfinance,債券型,全球新興市場,A0003 第一金投信,歐義銳榮
B500096,2026-02-09,116.76000213623047,美元,歐義銳榮新興市場債券基金Z2,yfinance,債券型,全球新興市場,A0003 第一金投信,歐義銳榮
B500096,2026-02-10,117.12000274658203,美元,歐義銳榮新興市場債券基金Z2,yfinance,債券型,全球新興市場,A0003 第一金投信,歐義銳榮
B500096,2026-02-11,117.12000274658203,美元,歐義銳榮新興市場債券基金Z2,yfinance,債券型,全球新興市場,A0003 第一金投信,歐義銳榮
B500096,2026-02-12,117.48999786376953,美元,歐義銳榮新興市場債券基金Z2,yfinance,債券型,全球新興市場,A0003 第一金投信,歐義銳榮
B500096,2026-02-13,117.7300033569336,美元,歐義銳榮新興市場債券基金Z2,yfinance,債券型,全球新興市場,A0003 第一金投信,歐義銳榮
B500096,2026-02-17,117.91999816894531,美元,歐義銳榮新興市場債券基金Z2,yfinance,債券型,全球新興市場,A0003 第一金投信,歐義銳榮
B500096,2026-02-18,117.87999725341797,美元,歐義銳榮新興市場債券基金Z2,yfinance,債券型,全球新興市場,A0003 第一金投信,歐義銳榮
B500096,2026-02-19,117.69999694824219,美元,歐義銳榮新興市場債券基金Z2,yfinance,債券型,全球新興市場,A0003 第一金投信,歐義銳榮
B500096,2026-02-23,117.8499984741211,美元,歐義銳榮新興市場債券基金Z2,yfinance,債券型,全球新興市場,A0003 第一金投信,歐義銳榮
B500096,2026-02-24,117.81999969482422,美元,歐義銳榮新興市場債券基金Z2,yfinance,債券型,全球新興市場,A0003 第一金投信,歐義銳榮
B500096,2026-02-25,117.9000015258789,美元,歐義銳榮新興市場債券基金Z2,yfinance,債券型,全球新興市場,A0003 第一金投信,歐義銳榮
B500096,2026-02-26,117.87999725341797,美元,歐義銳榮新興市場債券基金Z2,yfinance,債券型,全球新興市場,A0003 第一金投信,歐義銳榮
B500096,2026-02-27,117.7300033569336,美元,歐義銳榮新興市場債券基金Z2,yfinance,債券型,全球新興市場,A0003 第一金投信,歐義銳榮
B500096,2026-03-02,117.2300033569336,美元,歐義銳榮新興市場債券基金Z2,yfinance,債券型,全球新興市場,A0003 第一金投信,歐義銳榮
B500096,2026-03-03,116.47000122070312,美元,歐義銳榮新興市場債券基金Z2,yfinance,債券型,全球新興市場,A0003 第一金投信,歐義銳榮
B500096,2026-03-04,116.9800033569336,美元,歐義銳榮新興市場債券基金Z2,yfinance,債券型,全球新興市場,A0003 第一金投信,歐義銳榮
B500096,2026-03-05,116.79000091552734,美元,歐義銳榮新興市場債券基金Z2,yfinance,債券型,全球新興市場,A0003 第一金投信,歐義銳榮
B500096,2026-03-06,116.16999816894531,美元,歐義銳榮新興市場債券基金Z2,yfinance,債券型,全球新興市場,A0003 第一金投信,歐義銳榮
B500096,2026-03-09,115.83000183105469,美元,歐義銳榮新興市場債券基金Z2,yfinance,債券型,全球新興市場,A0003 第一金投信,歐義銳榮
B500096,2026-03-10,116.48999786376953,美元,歐義銳榮新興市場債券基金Z2,yfinance,債券型,全球新興市場,A0003 第一金投信,歐義銳榮
B500096,2026-03-11,116.16000366210938,美元,歐義銳榮新興市場債券基金Z2,yfinance,債券型,全球新興市場,A0003 第一金投信,歐義銳榮
B500096,2026-03-12,115.5199966430664,美元,歐義銳榮新興市場債券基金Z2,yfinance,債券型,全球新興市場,A0003 第一金投信,歐義銳榮
B500096,2026-03-13,114.98999786376953,美元,歐義銳榮新興市場債券基金Z2,yfinance,債券型,全球新興市場,A0003 第一金投信,歐義銳榮
B500096,2026-03-16,115.04000091552734,美元,歐義銳榮新興市場債券基金Z2,yfinance,債券型,全球新興市場,A0003 第一金投信,歐義銳榮
B500096,2026-03-17,115.30999755859375,美元,歐義銳榮新興市場債券基金Z2,yfinance,債券型,全球新興市場,A0003 第一金投信,歐義銳榮
B500096,2026-03-18,115.0199966430664,美元,歐義銳榮新興市場債券基金Z2,yfinance,債券型,全球新興市場,A0003 第一金投信,歐義銳榮
B500096,2026-03-19,114.5999984741211,美元,歐義銳榮新興市場債券基金Z2,yfinance,債券型,全球新興市場,A0003 第一金投信,歐義銳榮
B500096,2026-03-23,114.0,美元,歐義銳榮新興市場債券基金Z2,yfinance,債券型,全球新興市場,A0003 第一金投信,歐義銳榮
B500096,2026-03-24,113.73999786376953,美元,歐義銳榮新興市場債券基金Z2,yfinance,債券型,全球新興市場,A0003 第一金投信,歐義銳榮
B500096,2026-03-25,114.56999969482422,美元,歐義銳榮新興市場債券基金Z2,yfinance,債券型,全球新興市場,A0003 第一金投信,歐義銳榮
B500096,2026-03-26,113.87000274658203,美元,歐義銳榮新興市場債券基金Z2,yfinance,債券型,全球新興市場,A0003 第一金投信,歐義銳榮
B500096,2026-03-27,113.19999694824219,美元,歐義銳榮新興市場債券基金Z2,yfinance,債券型,全球新興市場,A0003 第一金投信,歐義銳榮
B500096,2026-03-30,113.13999938964844,美元,歐義銳榮新興市場債券基金Z2,yfinance,債券型,全球新興市場,A0003 第一金投信,歐義銳榮
B500096,2026-03-31,113.52999877929688,美元,歐義銳榮新興市場債券基金Z2,yfinance,債券型,全球新興市場,A0003 第一金投信,歐義銳榮
B500096,2026-04-01,114.33000183105469,美元,歐義銳榮新興市場債券基金Z2,yfinance,債券型,全球新興市場,A0003 第一金投信,歐義銳榮
B500096,2026-04-02,114.2300033569336,美元,歐義銳榮新興市場債券基金Z2,yfinance,債券型,全球新興市場,A0003 第一金投信,歐義銳榮
B500096,2026-04-07,114.20999908447266,美元,歐義銳榮新興市場債券基金Z2,yfinance,債券型,全球新興市場,A0003 第一金投信,歐義銳榮
B500096,2026-04-08,115.86000061035156,美元,歐義銳榮新興市場債券基金Z2,yfinance,債券型,全球新興市場,A0003 第一金投信,歐義銳榮
B500096,2026-04-09,116.0999984741211,美元,歐義銳榮新興市場債券基金Z2,yfinance,債券型,全球新興市場,A0003 第一金投信,歐義銳榮
B500096,2026-04-10,116.38999938964844,美元,歐義銳榮新興市場債券基金Z2,yfinance,債券型,全球新興市場,A0003 第一金投信,歐義銳榮
B500096,2026-04-13,116.61000061035156,美元,歐義銳榮新興市場債券基金Z2,yfinance,債券型,全球新興市場,A0003 第一金投信,歐義銳榮
B500096,2026-04-14,117.41000366210938,美元,歐義銳榮新興市場債券基金Z2,yfinance,債券型,全球新興市場,A0003 第一金投信,歐義銳榮
B500096,2026-04-15,117.36000061035156,美元,歐義銳榮新興市場債券基金Z2,yfinance,債券型,全球新興市場,A0003 第一金投信,歐義銳榮
B500096,2026-04-16,117.13999938964844,美元,歐義銳榮新興市場債券基金Z2,yfinance,債券型,全球新興市場,A0003 第一金投信,歐義銳榮
B500096,2026-04-17,117.91999816894531,美元,歐義銳榮新興市場債券基金Z2,yfinance,債券型,全球新興市場,A0003 第一金投信,歐義銳榮
B500096,2026-04-20,117.77999877929688,美元,歐義銳榮新興市場債券基金Z2,yfinance,債券型,全球新興市場,A0003 第一金投信,歐義銳榮
B500096,2026-04-21,117.52999877929688,美元,歐義銳榮新興市場債券基金Z2,yfinance,債券型,全球新興市場,A0003 第一金投信,歐義銳榮
B500096,2026-04-22,117.58000183105469,美元,歐義銳榮新興市場債券基金Z2,yfinance,債券型,全球新興市場,A0003 第一金投信,歐義銳榮
B500096,2026-04-23,117.33000183105469,美元,歐義銳榮新興市場債券基金Z2,yfinance,債券型,全球新興市場,A0003 第一金投信,歐義銳榮
B500096,2026-04-24,117.26000213623047,美元,歐義銳榮新興市場債券基金Z2,yfinance,債券型,全球新興市場,A0003 第一金投信,歐義銳榮
B500096,2026-04-27,117.12000274658203,美元,歐義銳榮新興市場債券基金Z2,yfinance,債券型,全球新興市場,A0003 第一金投信,歐義銳榮
B500096,2026-04-28,116.8499984741211,美元,歐義銳榮新興市場債券基金Z2,yfinance,債券型,全球新興市場,A0003 第一金投信,歐義銳榮
B500096,2026-04-29,116.66000366210938,美元,歐義銳榮新興市場債券基金Z2,yfinance,債券型,全球新興市場,A0003 第一金投信,歐義銳榮
B500096,2026-04-30,116.87999725341797,美元,歐義銳榮新興市場債券基金Z2,yfinance,債券型,全球新興市場,A0003 第一金投信,歐義銳榮
B500096,2026-05-04,116.93000030517578,美元,歐義銳榮新興市場債券基金Z2,yfinance,債券型,全球新興市場,A0003 第一金投信,歐義銳榮
B500096,2026-05-05,117.18000030517578,美元,歐義銳榮新興市場債券基金Z2,yfinance,債券型,全球新興市場,A0003 第一金投信,歐義銳榮
B500096,2026-05-06,117.9800033569336,美元,歐義銳榮新興市場債券基金Z2,yfinance,債券型,全球新興市場,A0003 第一金投信,歐義銳榮
B500096,2026-05-07,117.91000366210938,美元,歐義銳榮新興市場債券基金Z2,yfinance,債券型,全球新興市場,A0003 第一金投信,歐義銳榮
B500096,2026-05-08,117.95999908447266,美元,歐義銳榮新興市場債券基金Z2,yfinance,債券型,全球新興市場,A0003 第一金投信,歐義銳榮
B500096,2026-05-11,117.87000274658203,美元,歐義銳榮新興市場債券基金Z2,yfinance,債券型,全球新興市場,A0003 第一金投信,歐義銳榮
B500096,2026-05-12,117.45999908447266,美元,歐義銳榮新興市場債券基金Z2,yfinance,債券型,全球新興市場,A0003 第一金投信,歐義銳榮
B500096,2026-05-13,117.43000030517578,美元,歐義銳榮新興市場債券基金Z2,yfinance,債券型,全球新興市場,A0003 第一金投信,歐義銳榮
B500096,2026-05-15,116.56999969482422,美元,歐義銳榮新興市場債券基金Z2,yfinance,債券型,全球新興市場,A0003 第一金投信,歐義銳榮
B500096,2026-05-18,116.33000183105469,美元,歐義銳榮新興市場債券基金Z2,yfinance,債券型,全球新興市場,A0003 第一金投信,歐義銳榮
B500096,2026-05-19,115.86000061035156,美元,歐義銳榮新興市場債券基金Z2,yfinance,債券型,全球新興市場,A0003 第一金投信,歐義銳榮
B500096,2026-05-20,116.4000015258789,美元,歐義銳榮新興市場債券基金Z2,yfinance,債券型,全球新興市場,A0003 第一金投信,歐義銳榮
B500096,2026-05-21,116.48999786376953,美元,歐義銳榮新興市場債券基金Z2,yfinance,債券型,全球新興市場,A0003 第一金投信,歐義銳榮
B500096,2026-05-22,116.72000122070312,美元,歐義銳榮新興市場債券基金Z2,yfinance,債券型,全球新興市場,A0003 第一金投信,歐義銳榮
B500096,2026-05-26,117.20999908447266,美元,歐義銳榮新興市場債券基金Z2,yfinance,債券型,全球新興市場,A0003 第一金投信,歐義銳榮
B500096,2026-05-27,117.56999969482422,美元,歐義銳榮新興市場債券基金Z2,yfinance,債券型,全球新興市場,A0003 第一金投信,歐義銳榮
B500096,2026-05-28,117.83000183105469,美元,歐義銳榮新興市場債券基金Z2,yfinance,債券型,全球新興市場,A0003 第一金投信,歐義銳榮
B500096,2026-05-29,118.22000122070312,美元,歐義銳榮新興市場債券基金Z2,yfinance,債券型,全球新興市場,A0003 第一金投信,歐義銳榮
B500096,2026-06-01,118.18000030517578,美元,歐義銳榮新興市場債券基金Z2,yfinance,債券型,全球新興市場,A0003 第一金投信,歐義銳榮
B500096,2026-06-02,118.44999694824219,美元,歐義銳榮新興市場債券基金Z2,yfinance,債券型,全球新興市場,A0003 第一金投信,歐義銳榮
B500096,2026-06-03,118.19999694824219,美元,歐義銳榮新興市場債券基金Z2,yfinance,債券型,全球新興市場,A0003 第一金投信,歐義銳榮
B500096,2026-06-04,118.3499984741211,美元,歐義銳榮新興市場債券基金Z2,yfinance,債券型,全球新興市場,A0003 第一金投信,歐義銳榮
B500096,2026-06-05,117.87000274658203,美元,歐義銳榮新興市場債券基金Z2,yfinance,債券型,全球新興市場,A0003 第一金投信,歐義銳榮
B500096,2026-06-08,117.5999984741211,美元,歐義銳榮新興市場債券基金Z2,yfinance,債券型,全球新興市場,A0003 第一金投信,歐義銳榮
B500096,2026-06-09,117.83999633789062,美元,歐義銳榮新興市場債券基金Z2,yfinance,債券型,全球新興市場,A0003 第一金投信,歐義銳榮
B500096,2026-06-10,117.69999694824219,美元,歐義銳榮新興市場債券基金Z2,yfinance,債券型,全球新興市場,A0003 第一金投信,歐義銳榮
B500096,2026-06-11,118.20999908447266,美元,歐義銳榮新興市場債券基金Z2,yfinance,債券型,全球新興市場,A0003 第一金投信,歐義銳榮
B500096,2026-06-12,118.73999786376953,美元,歐義銳榮新興市場債券基金Z2,yfinance,債券型,全球新興市場,A0003 第一金投信,歐義銳榮
B500096,2026-06-15,119.26000213623047,美元,歐義銳榮新興市場債券基金Z2,yfinance,債券型,全球新興市場,A0003 第一金投信,歐義銳榮
B500096,2026-06-16,119.27999877929688,美元,歐義銳榮新興市場債券基金Z2,yfinance,債券型,全球新興市場,A0003 第一金投信,歐義銳榮
B500096,2026-06-17,119.0199966430664,美元,歐義銳榮新興市場債券基金Z2,yfinance,債券型,全球新興市場,A0003 第一金投信,歐義銳榮
B500096,2026-06-18,119.16000366210938,美元,歐義銳榮新興市場債券基金Z2,yfinance,債券型,全球新興市場,A0003 第一金投信,歐義銳榮
B500096,2026-06-22,118.93000030517578,美元,歐義銳榮新興市場債券基金Z2,yfinance,債券型,全球新興市場,A0003 第一金投信,歐義銳榮
B500096,2026-06-24,118.98999786376953,美元,歐義銳榮新興市場債券基金Z2,yfinance,債券型,全球新興市場,A0003 第一金投信,歐義銳榮
B500096,2026-06-25,119.06999969482422,美元,歐義銳榮新興市場債券基金Z2,yfinance,債券型,全球新興市場,A0003 第一金投信,歐義銳榮
B500096,2026-06-26,118.98999786376953,美元,歐義銳榮新興市場債券基金Z2,yfinance,債券型,全球新興市場,A0003 第一金投信,歐義銳榮
B500096,2026-06-29,119.08999633789062,美元,歐義銳榮新興市場債券基金Z2,yfinance,債券型,全球新興市場,A0003 第一金投信,歐義銳榮
B500096,2026-06-30,119.05000305175781,美元,歐義銳榮新興市場債券基金Z2,yfinance,債券型,全球新興市場,A0003 第一金投信,歐義銳榮
B500096,2026-07-01,118.8499984741211,美元,歐義銳榮新興市場債券基金Z2,yfinance,債券型,全球新興市場,A0003 第一金投信,歐義銳榮
B500096,2026-07-02,118.87999725341797,美元,歐義銳榮新興市場債券基金Z2,yfinance,債券型,全球新興市場,A0003 第一金投信,歐義銳榮
B500096,2026-07-06,119.0999984741211,美元,歐義銳榮新興市場債券基金Z2,yfinance,債券型,全球新興市場,A0003 第一金投信,歐義銳榮
B500096,2026-07-07,118.76000213623047,美元,歐義銳榮新興市場債券基金Z2,yfinance,債券型,全球新興市場,A0003 第一金投信,歐義銳榮
B500096,2026-07-08,118.33999633789062,美元,歐義銳榮新興市場債券基金Z2,yfinance,債券型,全球新興市場,A0003 第一金投信,歐義銳榮
B500096,2026-07-09,118.52999877929688,美元,歐義銳榮新興市場債券基金Z2,yfinance,債券型,全球新興市場,A0003 第一金投信,歐義銳榮
B500096,2026-07-10,118.6500015258789,美元,歐義銳榮新興市場債券基金Z2,yfinance,債券型,全球新興市場,A0003 第一金投信,歐義銳榮
B500096,2026-07-13,118.37999725341797,美元,歐義銳榮新興市場債券基金Z2,yfinance,債券型,全球新興市場,A0003 第一金投信,歐義銳榮
B500096,2026-07-14,118.41000366210938,美元,歐義銳榮新興市場債券基金Z2,yfinance,債券型,全球新興市場,A0003 第一金投信,歐義銳榮
B500096,2026-07-15,118.52999877929688,美元,歐義銳榮新興市場債券基金Z2,yfinance,債券型,全球新興市場,A0003 第一金投信,歐義銳榮
B500096,2026-07-16,118.44000244140625,美元,歐義銳榮新興市場債券基金Z2,yfinance,債券型,全球新興市場,A0003 第一金投信,歐義銳榮
B500096,2026-07-20,118.29000091552734,美元,歐義銳榮新興市場債券基金Z2,yfinance,債券型,全球新興市場,A0003 第一金投信,歐義銳榮
B500096,2026-07-21,118.16000366210938,美元,歐義銳榮新興市場債券基金Z2,yfinance,債券型,全球新興市場,A0003 第一金投信,歐義銳榮
B500096,2026-07-22,117.94999694824219,美元,歐義銳榮新興市場債券基金Z2,yfinance,債券型,全球新興市場,A0003 第一金投信,歐義銳榮
B500096,2026-07-23,117.3499984741211,美元,歐義銳榮新興市場債券基金Z2,yfinance,債券型,全球新興市場,A0003 第一金投信,歐義銳榮
B500096,2026-07-24,117.33000183105469,美元,歐義銳榮新興市場債券基金Z2,yfinance,債券型,全球新興市場,A0003 第一金投信,歐義銳榮
B500096,2026-07-27,117.69000244140625,美元,歐義銳榮新興市場債券基金Z2,yfinance,債券型,全球新興市場,A0003 第一金投信,歐義銳榮
B500096,2026-07-28,117.80999755859375,美元,歐義銳榮新興市場債券基金Z2,yfinance,債券型,全球新興市場,A0003 第一金投信,歐義銳榮
B500096,2026-07-29,117.5,美元,歐義銳榮新興市場債券基金Z2,yfinance,債券型,全球新興市場,A0003 第一金投信,歐義銳榮
B500096,2026-07-30,117.26000213623047,美元,歐義銳榮新興市場債券基金Z2,yfinance,債券型,全球新興市場,A0003 第一金投信,歐義銳榮
B500096,2026-07-31,117.29000091552734,美元,歐義銳榮新興市場債券基金Z2,yfinance,債券型,全球新興市場,A0003 第一金投信,歐義銳榮
B500096,2026-08-03,117.77999877929688,美元,歐義銳榮新興市場債券基金Z2,yfinance,債券型,全球新興市場,A0003 第一金投信,歐義銳榮
B500096,2026-08-04,118.2699966430664,美元,歐義銳榮新興市場債券基金Z2,yfinance,債券型,全球新興市場,A0003 第一金投信,歐義銳榮
B500096,2026-08-05,118.44000244140625,美元,歐義銳榮新興市場債券基金Z2,yfinance,債券型,全球新興市場,A0003 第一金投信,歐義銳榮
B500096,2026-08-06,118.2300033569336,美元,歐義銳榮新興市場債券基金Z2,yfinance,債券型,全球新興市場,A0003 第一金投信,歐義銳榮
B500096,2026-08-07,118.4000015258789,美元,歐義銳榮新興市場債券基金Z2,yfinance,債券型,全球新興市場,A0003 第一金投信,歐義銳榮
B500096,2026-08-10,118.19000244140625,美元,歐義銳榮新興市場債券基金Z2,yfinance,債券型,全球新興市場,A0003 第一金投信,歐義銳榮
B500096,2026-08-11,118.08999633789062,美元,歐義銳榮新興市場債券基金Z2,yfinance,債券型,全球新興市場,A0003 第一金投信,歐義銳榮
B500096,2026-08-12,118.11000061035156,美元,歐義銳榮新興市場債券基金Z2,yfinance,債券型,全球新興市場,A0003 第一金投信,歐義銳榮
B500096,2026-08-13,118.44999694824219,美元,歐義銳榮新興市場債券基金Z2,yfinance,債券型,全球新興市場,A0003 第一金投信,歐義銳榮
B500096,2026-08-14,118.27999877929688,美元,歐義銳榮新興市場債券基金Z2,yfinance,債券型,全球新興市場,A0003 第一金投信,歐義銳榮
B500096,2026-08-17,118.01000213623047,美元,歐義銳榮新興市場債券基金Z2,yfinance,債券型,全球新興市場,A0003 第一金投信,歐義銳榮
B080336,2026-01-02,14.039999961853027,美元,摩根亞洲增長基金 - 摩根亞洲增長(美元)數位級別(累計),yfinance,股票型,亞洲地區,A0011 摩根投信,摩根ASIA
B080336,2026-01-05,14.260000228881836,美元,摩根亞洲增長基金 - 摩根亞洲增長(美元)數位級別(累計),yfinance,股票型,亞洲地區,A0011 摩根投信,摩根ASIA
B080336,2026-01-06,14.4399995803833,美元,摩根亞洲增長基金 - 摩根亞洲增長(美元)數位級別(累計),yfinance,股票型,亞洲地區,A0011 摩根投信,摩根ASIA
B080336,2026-01-07,14.40999984741211,美元,摩根亞洲增長基金 - 摩根亞洲增長(美元)數位級別(累計),yfinance,股票型,亞洲地區,A0011 摩根投信,摩根ASIA
B080336,2026-01-08,14.25,美元,摩根亞洲增長基金 - 摩根亞洲增長(美元)數位級別(累計),yfinance,股票型,亞洲地區,A0011 摩根投信,摩根ASIA
B080336,2026-01-09,14.25,美元,摩根亞洲增長基金 - 摩根亞洲增長(美元)數位級別(累計),yfinance,股票型,亞洲地區,A0011 摩根投信,摩根ASIA
B080336,2026-01-12,14.319999694824219,美元,摩根亞洲增長基金 - 摩根亞洲增長(美元)數位級別(累計),yfinance,股票型,亞洲地區,A0011 摩根投信,摩根ASIA
B080336,2026-01-13,14.359999656677246,美元,摩根亞洲增長基金 - 摩根亞洲增長(美元)數位級別(累計),yfinance,股票型,亞洲地區,A0011 摩根投信,摩根ASIA
B080336,2026-01-14,14.479999542236328,美元,摩根亞洲增長基金 - 摩根亞洲增長(美元)數位級別(累計),yfinance,股票型,亞洲地區,A0011 摩根投信,摩根ASIA
B080336,2026-01-15,14.4399995803833,美元,摩根亞洲增長基金 - 摩根亞洲增長(美元)數位級別(累計),yfinance,股票型,亞洲地區,A0011 摩根投信,摩根ASIA
B080336,2026-01-16,14.539999961853027,美元,摩根亞洲增長基金 - 摩根亞洲增長(美元)數位級別(累計),yfinance,股票型,亞洲地區,A0011 摩根投信,摩根ASIA
B080336,2026-01-20,14.460000038146973,美元,摩根亞洲增長基金 - 摩根亞洲增長(美元)數位級別(累計),yfinance,股票型,亞洲地區,A0011 摩根投信,摩根ASIA
B080336,2026-01-21,14.4399995803833,美元,摩根亞洲增長基金 - 摩根亞洲增長(美元)數位級別(累計),yfinance,股票型,亞洲地區,A0011 摩根投信,摩根ASIA
B080336,2026-01-22,14.529999732971191,美元,摩根亞洲增長基金 - 摩根亞洲增長(美元)數位級別(累計),yfinance,股票型,亞洲地區,A0011 摩根投信,摩根ASIA
B080336,2026-01-23,14.630000114440918,美元,摩根亞洲增長基金 - 摩根亞洲增長(美元)數位級別(累計),yfinance,股票型,亞洲地區,A0011 摩根投信,摩根ASIA
B080336,2026-01-26,14.630000114440918,美元,摩根亞洲增長基金 - 摩根亞洲增長(美元)數位級別(累計),yfinance,股票型,亞洲地區,A0011 摩根投信,摩根ASIA
B080336,2026-01-27,14.920000076293945,美元,摩根亞洲增長基金 - 摩根亞洲增長(美元)數位級別(累計),yfinance,股票型,亞洲地區,A0011 摩根投信,摩根ASIA
B080336,2026-01-28,15.199999809265137,美元,摩根亞洲增長基金 - 摩根亞洲增長(美元)數位級別(累計),yfinance,股票型,亞洲地區,A0011 摩根投信,摩根ASIA
B080336,2026-01-29,15.1899995803833,美元,摩根亞洲增長基金 - 摩根亞洲增長(美元)數位級別(累計),yfinance,股票型,亞洲地區,A0011 摩根投信,摩根ASIA
B080336,2026-01-30,15.0,美元,摩根亞洲增長基金 - 摩根亞洲增長(美元)數位級別(累計),yfinance,股票型,亞洲地區,A0011 摩根投信,摩根ASIA
B080336,2026-02-02,14.5600004196167,美元,摩根亞洲增長基金 - 摩根亞洲增長(美元)數位級別(累計),yfinance,股票型,亞洲地區,A0011 摩根投信,摩根ASIA
B080336,2026-02-03,15.0,美元,摩根亞洲增長基金 - 摩根亞洲增長(美元)數位級別(累計),yfinance,股票型,亞洲地區,A0011 摩根投信,摩根ASIA
B080336,2026-02-04,15.010000228881836,美元,摩根亞洲增長基金 - 摩根亞洲增長(美元)數位級別(累計),yfinance,股票型,亞洲地區,A0011 摩根投信,摩根ASIA
B080336,2026-02-05,14.680000305175781,美元,摩根亞洲增長基金 - 摩根亞洲增長(美元)數位級別(累計),yfinance,股票型,亞洲地區,A0011 摩根投信,摩根ASIA
B080336,2026-02-06,14.569999694824219,美元,摩根亞洲增長基金 - 摩根亞洲增長(美元)數位級別(累計),yfinance,股票型,亞洲地區,A0011 摩根投信,摩根ASIA
B080336,2026-02-09,14.970000267028809,美元,摩根亞洲增長基金 - 摩根亞洲增長(美元)數位級別(累計),yfinance,股票型,亞洲地區,A0011 摩根投信,摩根ASIA
B080336,2026-02-10,15.149999618530273,美元,摩根亞洲增長基金 - 摩根亞洲增長(美元)數位級別(累計),yfinance,股票型,亞洲地區,A0011 摩根投信,摩根ASIA
B080336,2026-02-11,15.289999961853027,美元,摩根亞洲增長基金 - 摩根亞洲增長(美元)數位級別(累計),yfinance,股票型,亞洲地區,A0011 摩根投信,摩根ASIA
B080336,2026-02-12,15.399999618530273,美元,摩根亞洲增長基金 - 摩根亞洲增長(美元)數位級別(累計),yfinance,股票型,亞洲地區,A0011 摩根投信,摩根ASIA
B080336,2026-02-13,15.210000038146973,美元,摩根亞洲增長基金 - 摩根亞洲增長(美元)數位級別(累計),yfinance,股票型,亞洲地區,A0011 摩根投信,摩根ASIA
B080336,2026-02-20,15.319999694824219,美元,摩根亞洲增長基金 - 摩根亞洲增長(美元)數位級別(累計),yfinance,股票型,亞洲地區,A0011 摩根投信,摩根ASIA
B080336,2026-02-23,15.5,美元,摩根亞洲增長基金 - 摩根亞洲增長(美元)數位級別(累計),yfinance,股票型,亞洲地區,A0011 摩根投信,摩根ASIA
B080336,2026-02-24,15.619999885559082,美元,摩根亞洲增長基金 - 摩根亞洲增長(美元)數位級別(累計),yfinance,股票型,亞洲地區,A0011 摩根投信,摩根ASIA
B080336,2026-02-25,15.869999885559082,美元,摩根亞洲增長基金 - 摩根亞洲增長(美元)數位級別(累計),yfinance,股票型,亞洲地區,A0011 摩根投信,摩根ASIA
B080336,2026-02-26,16.0,美元,摩根亞洲增長基金 - 摩根亞洲增長(美元)數位級別(累計),yfinance,股票型,亞洲地區,A0011 摩根投信,摩根ASIA
B080336,2026-02-27,15.890000343322754,美元,摩根亞洲增長基金 - 摩根亞洲增長(美元)數位級別(累計),yfinance,股票型,亞洲地區,A0011 摩根投信,摩根ASIA
B080336,2026-03-02,15.670000076293945,美元,摩根亞洲增長基金 - 摩根亞洲增長(美元)數位級別(累計),yfinance,股票型,亞洲地區,A0011 摩根投信,摩根ASIA
B080336,2026-03-03,15.109999656677246,美元,摩根亞洲增長基金 - 摩根亞洲增長(美元)數位級別(累計),yfinance,股票型,亞洲地區,A0011 摩根投信,摩根ASIA
B080336,2026-03-04,14.369999885559082,美元,摩根亞洲增長基金 - 摩根亞洲增長(美元)數位級別(累計),yfinance,股票型,亞洲地區,A0011 摩根投信,摩根ASIA
B080336,2026-03-05,14.869999885559082,美元,摩根亞洲增長基金 - 摩根亞洲增長(美元)數位級別(累計),yfinance,股票型,亞洲地區,A0011 摩根投信,摩根ASIA
B080336,2026-03-06,14.84000015258789,美元,摩根亞洲增長基金 - 摩根亞洲增長(美元)數位級別(累計),yfinance,股票型,亞洲地區,A0011 摩根投信,摩根ASIA
B080336,2026-03-09,14.180000305175781,美元,摩根亞洲增長基金 - 摩根亞洲增長(美元)數位級別(累計),yfinance,股票型,亞洲地區,A0011 摩根投信,摩根ASIA
B080336,2026-03-10,14.8100004196167,美元,摩根亞洲增長基金 - 摩根亞洲增長(美元)數位級別(累計),yfinance,股票型,亞洲地區,A0011 摩根投信,摩根ASIA
B080336,2026-03-11,14.960000038146973,美元,摩根亞洲增長基金 - 摩根亞洲增長(美元)數位級別(累計),yfinance,股票型,亞洲地區,A0011 摩根投信,摩根ASIA
B080336,2026-03-12,14.75,美元,摩根亞洲增長基金 - 摩根亞洲增長(美元)數位級別(累計),yfinance,股票型,亞洲地區,A0011 摩根投信,摩根ASIA
B080336,2026-03-13,14.529999732971191,美元,摩根亞洲增長基金 - 摩根亞洲增長(美元)數位級別(累計),yfinance,股票型,亞洲地區,A0011 摩根投信,摩根ASIA
B080336,2026-03-16,14.630000114440918,美元,摩根亞洲增長基金 - 摩根亞洲增長(美元)數位級別(累計),yfinance,股票型,亞洲地區,A0011 摩根投信,摩根ASIA
B080336,2026-03-17,14.819999694824219,美元,摩根亞洲增長基金 - 摩根亞洲增長(美元)數位級別(累計),yfinance,股票型,亞洲地區,A0011 摩根投信,摩根ASIA
B080336,2026-03-18,14.850000381469727,美元,摩根亞洲增長基金 - 摩根亞洲增長(美元)數位級別(累計),yfinance,股票型,亞洲地區,A0011 摩根投信,摩根ASIA
B080336,2026-03-19,14.760000228881836,美元,摩根亞洲增長基金 - 摩根亞洲增長(美元)數位級別(累計),yfinance,股票型,亞洲地區,A0011 摩根投信,摩根ASIA
B080336,2026-03-20,14.6899995803833,美元,摩根亞洲增長基金 - 摩根亞洲增長(美元)數位級別(累計),yfinance,股票型,亞洲地區,A0011 摩根投信,摩根ASIA
B080336,2026-03-23,14.050000190734863,美元,摩根亞洲增長基金 - 摩根亞洲增長(美元)數位級別(累計),yfinance,股票型,亞洲地區,A0011 摩根投信,摩根ASIA
B080336,2026-03-24,14.3100004196167,美元,摩根亞洲增長基金 - 摩根亞洲增長(美元)數位級別(累計),yfinance,股票型,亞洲地區,A0011 摩根投信,摩根ASIA
B080336,2026-03-25,14.550000190734863,美元,摩根亞洲增長基金 - 摩根亞洲增長(美元)數位級別(累計),yfinance,股票型,亞洲地區,A0011 摩根投信,摩根ASIA
B080336,2026-03-26,14.279999732971191,美元,摩根亞洲增長基金 - 摩根亞洲增長(美元)數位級別(累計),yfinance,股票型,亞洲地區,A0011 摩根投信,摩根ASIA
B080336,2026-03-27,14.1899995803833,美元,摩根亞洲增長基金 - 摩根亞洲增長(美元)數位級別(累計),yfinance,股票型,亞洲地區,A0011 摩根投信,摩根ASIA
B080336,2026-03-30,13.920000076293945,美元,摩根亞洲增長基金 - 摩根亞洲增長(美元)數位級別(累計),yfinance,股票型,亞洲地區,A0011 摩根投信,摩根ASIA
B080336,2026-03-31,13.619999885559082,美元,摩根亞洲增長基金 - 摩根亞洲增長(美元)數位級別(累計),yfinance,股票型,亞洲地區,A0011 摩根投信,摩根ASIA
B080336,2026-04-01,14.319999694824219,美元,摩根亞洲增長基金 - 摩根亞洲增長(美元)數位級別(累計),yfinance,股票型,亞洲地區,A0011 摩根投信,摩根ASIA
B080336,2026-04-02,14.010000228881836,美元,摩根亞洲增長基金 - 摩根亞洲增長(美元)數位級別(累計),yfinance,股票型,亞洲地區,A0011 摩根投信,摩根ASIA
B080336,2026-04-08,15.180000305175781,美元,摩根亞洲增長基金 - 摩根亞洲增長(美元)數位級別(累計),yfinance,股票型,亞洲地區,A0011 摩根投信,摩根ASIA
B080336,2026-04-09,15.029999732971191,美元,摩根亞洲增長基金 - 摩根亞洲增長(美元)數位級別(累計),yfinance,股票型,亞洲地區,A0011 摩根投信,摩根ASIA
B080336,2026-04-10,15.289999961853027,美元,摩根亞洲增長基金 - 摩根亞洲增長(美元)數位級別(累計),yfinance,股票型,亞洲地區,A0011 摩根投信,摩根ASIA
B080336,2026-04-13,15.109999656677246,美元,摩根亞洲增長基金 - 摩根亞洲增長(美元)數位級別(累計),yfinance,股票型,亞洲地區,A0011 摩根投信,摩根ASIA
B080336,2026-04-14,15.369999885559082,美元,摩根亞洲增長基金 - 摩根亞洲增長(美元)數位級別(累計),yfinance,股票型,亞洲地區,A0011 摩根投信,摩根ASIA
B080336,2026-04-15,15.550000190734863,美元,摩根亞洲增長基金 - 摩根亞洲增長(美元)數位級別(累計),yfinance,股票型,亞洲地區,A0011 摩根投信,摩根ASIA
B080336,2026-04-16,15.829999923706055,美元,摩根亞洲增長基金 - 摩根亞洲增長(美元)數位級別(累計),yfinance,股票型,亞洲地區,A0011 摩根投信,摩根ASIA
B080336,2026-04-17,15.729999542236328,美元,摩根亞洲增長基金 - 摩根亞洲增長(美元)數位級別(累計),yfinance,股票型,亞洲地區,A0011 摩根投信,摩根ASIA
B080336,2026-04-20,15.819999694824219,美元,摩根亞洲增長基金 - 摩根亞洲增長(美元)數位級別(累計),yfinance,股票型,亞洲地區,A0011 摩根投信,摩根ASIA
B080336,2026-04-21,16.040000915527344,美元,摩根亞洲增長基金 - 摩根亞洲增長(美元)數位級別(累計),yfinance,股票型,亞洲地區,A0011 摩根投信,摩根ASIA
B080336,2026-04-22,16.010000228881836,美元,摩根亞洲增長基金 - 摩根亞洲增長(美元)數位級別(累計),yfinance,股票型,亞洲地區,A0011 摩根投信,摩根ASIA
B080336,2026-04-23,15.960000038146973,美元,摩根亞洲增長基金 - 摩根亞洲增長(美元)數位級別(累計),yfinance,股票型,亞洲地區,A0011 摩根投信,摩根ASIA
B080336,2026-04-24,16.09000015258789,美元,摩根亞洲增長基金 - 摩根亞洲增長(美元)數位級別(累計),yfinance,股票型,亞洲地區,A0011 摩根投信,摩根ASIA
B080336,2026-04-27,16.239999771118164,美元,摩根亞洲增長基金 - 摩根亞洲增長(美元)數位級別(累計),yfinance,股票型,亞洲地區,A0011 摩根投信,摩根ASIA
B080336,2026-04-28,16.149999618530273,美元,摩根亞洲增長基金 - 摩根亞洲增長(美元)數位級別(累計),yfinance,股票型,亞洲地區,A0011 摩根投信,摩根ASIA
B080336,2026-04-29,16.229999542236328,美元,摩根亞洲增長基金 - 摩根亞洲增長(美元)數位級別(累計),yfinance,股票型,亞洲地區,A0011 摩根投信,摩根ASIA
B080336,2026-04-30,16.1299991607666,美元,摩根亞洲增長基金 - 摩根亞洲增長(美元)數位級別(累計),yfinance,股票型,亞洲地區,A0011 摩根投信,摩根ASIA
B080336,2026-05-04,16.68000030517578,美元,摩根亞洲增長基金 - 摩根亞洲增長(美元)數位級別(累計),yfinance,股票型,亞洲地區,A0011 摩根投信,摩根ASIA
B080336,2026-05-05,16.670000076293945,美元,摩根亞洲增長基金 - 摩根亞洲增長(美元)數位級別(累計),yfinance,股票型,亞洲地區,A0011 摩根投信,摩根ASIA
B080336,2026-05-06,17.229999542236328,美元,摩根亞洲增長基金 - 摩根亞洲增長(美元)數位級別(累計),yfinance,股票型,亞洲地區,A0011 摩根投信,摩根ASIA
B080336,2026-05-07,17.520000457763672,美元,摩根亞洲增長基金 - 摩根亞洲增長(美元)數位級別(累計),yfinance,股票型,亞洲地區,A0011 摩根投信,摩根ASIA
B080336,2026-05-08,17.260000228881836,美元,摩根亞洲增長基金 - 摩根亞洲增長(美元)數位級別(累計),yfinance,股票型,亞洲地區,A0011 摩根投信,摩根ASIA
B080336,2026-05-11,17.579999923706055,美元,摩根亞洲增長基金 - 摩根亞洲增長(美元)數位級別(累計),yfinance,股票型,亞洲地區,A0011 摩根投信,摩根ASIA
B080336,2026-05-12,17.34000015258789,美元,摩根亞洲增長基金 - 摩根亞洲增長(美元)數位級別(累計),yfinance,股票型,亞洲地區,A0011 摩根投信,摩根ASIA
B080336,2026-05-13,17.489999771118164,美元,摩根亞洲增長基金 - 摩根亞洲增長(美元)數位級別(累計),yfinance,股票型,亞洲地區,A0011 摩根投信,摩根ASIA
B080336,2026-05-14,17.6200008392334,美元,摩根亞洲增長基金 - 摩根亞洲增長(美元)數位級別(累計),yfinance,股票型,亞洲地區,A0011 摩根投信,摩根ASIA
B080336,2026-05-15,17.100000381469727,美元,摩根亞洲增長基金 - 摩根亞洲增長(美元)數位級別(累計),yfinance,股票型,亞洲地區,A0011 摩根投信,摩根ASIA
B080336,2026-05-18,17.06999969482422,美元,摩根亞洲增長基金 - 摩根亞洲增長(美元)數位級別(累計),yfinance,股票型,亞洲地區,A0011 摩根投信,摩根ASIA
B080336,2026-05-19,16.850000381469727,美元,摩根亞洲增長基金 - 摩根亞洲增長(美元)數位級別(累計),yfinance,股票型,亞洲地區,A0011 摩根投信,摩根ASIA
B080336,2026-05-20,16.850000381469727,美元,摩根亞洲增長基金 - 摩根亞洲增長(美元)數位級別(累計),yfinance,股票型,亞洲地區,A0011 摩根投信,摩根ASIA
B080336,2026-05-21,17.309999465942383,美元,摩根亞洲增長基金 - 摩根亞洲增長(美元)數位級別(累計),yfinance,股票型,亞洲地區,A0011 摩根投信,摩根ASIA
B080336,2026-05-22,17.5,美元,摩根亞洲增長基金 - 摩根亞洲增長(美元)數位級別(累計),yfinance,股票型,亞洲地區,A0011 摩根投信,摩根ASIA
B080336,2026-05-26,17.93000030517578,美元,摩根亞洲增長基金 - 摩根亞洲增長(美元)數位級別(累計),yfinance,股票型,亞洲地區,A0011 摩根投信,摩根ASIA
B080336,2026-05-27,18.190000534057617,美元,摩根亞洲增長基金 - 摩根亞洲增長(美元)數位級別(累計),yfinance,股票型,亞洲地區,A0011 摩根投信,摩根ASIA
B080336,2026-05-28,17.979999542236328,美元,摩根亞洲增長基金 - 摩根亞洲增長(美元)數位級別(累計),yfinance,股票型,亞洲地區,A0011 摩根投信,摩根ASIA
B080336,2026-05-29,18.200000762939453,美元,摩根亞洲增長基金 - 摩根亞洲增長(美元)數位級別(累計),yfinance,股票型,亞洲地區,A0011 摩根投信,摩根ASIA
B080336,2026-06-01,18.3799991607666,美元,摩根亞洲增長基金 - 摩根亞洲增長(美元)數位級別(累計),yfinance,股票型,亞洲地區,A0011 摩根投信,摩根ASIA
B080336,2026-06-02,18.479999542236328,美元,摩根亞洲增長基金 - 摩根亞洲增長(美元)數位級別(累計),yfinance,股票型,亞洲地區,A0011 摩根投信,摩根ASIA
B080336,2026-06-03,18.559999465942383,美元,摩根亞洲增長基金 - 摩根亞洲增長(美元)數位級別(累計),yfinance,股票型,亞洲地區,A0011 摩根投信,摩根ASIA
B080336,2026-06-04,18.280000686645508,美元,摩根亞洲增長基金 - 摩根亞洲增長(美元)數位級別(累計),yfinance,股票型,亞洲地區,A0011 摩根投信,摩根ASIA
B080336,2026-06-05,17.770000457763672,美元,摩根亞洲增長基金 - 摩根亞洲增長(美元)數位級別(累計),yfinance,股票型,亞洲地區,A0011 摩根投信,摩根ASIA
B080336,2026-06-08,17.110000610351562,美元,摩根亞洲增長基金 - 摩根亞洲增長(美元)數位級別(累計),yfinance,股票型,亞洲地區,A0011 摩根投信,摩根ASIA
B080336,2026-06-09,17.860000610351562,美元,摩根亞洲增長基金 - 摩根亞洲增長(美元)數位級別(累計),yfinance,股票型,亞洲地區,A0011 摩根投信,摩根ASIA
B080336,2026-06-10,17.309999465942383,美元,摩根亞洲增長基金 - 摩根亞洲增長(美元)數位級別(累計),yfinance,股票型,亞洲地區,A0011 摩根投信,摩根ASIA
B080336,2026-06-11,17.239999771118164,美元,摩根亞洲增長基金 - 摩根亞洲增長(美元)數位級別(累計),yfinance,股票型,亞洲地區,A0011 摩根投信,摩根ASIA
B080336,2026-06-12,17.829999923706055,美元,摩根亞洲增長基金 - 摩根亞洲增長(美元)數位級別(累計),yfinance,股票型,亞洲地區,A0011 摩根投信,摩根ASIA
B080336,2026-06-15,18.3700008392334,美元,摩根亞洲增長基金 - 摩根亞洲增長(美元)數位級別(累計),yfinance,股票型,亞洲地區,A0011 摩根投信,摩根ASIA
B080336,2026-06-16,18.520000457763672,美元,摩根亞洲增長基金 - 摩根亞洲增長(美元)數位級別(累計),yfinance,股票型,亞洲地區,A0011 摩根投信,摩根ASIA
B080336,2026-06-17,18.6299991607666,美元,摩根亞洲增長基金 - 摩根亞洲增長(美元)數位級別(累計),yfinance,股票型,亞洲地區,A0011 摩根投信,摩根ASIA
B080336,2026-06-18,18.75,美元,摩根亞洲增長基金 - 摩根亞洲增長(美元)數位級別(累計),yfinance,股票型,亞洲地區,A0011 摩根投信,摩根ASIA
B080336,2026-06-22,19.020000457763672,美元,摩根亞洲增長基金 - 摩根亞洲增長(美元)數位級別(累計),yfinance,股票型,亞洲地區,A0011 摩根投信,摩根ASIA
B080336,2026-06-23,18.200000762939453,美元,摩根亞洲增長基金 - 摩根亞洲增長(美元)數位級別(累計),yfinance,股票型,亞洲地區,A0011 摩根投信,摩根ASIA
B080336,2026-06-24,18.209999084472656,美元,摩根亞洲增長基金 - 摩根亞洲增長(美元)數位級別(累計),yfinance,股票型,亞洲地區,A0011 摩根投信,摩根ASIA
B080336,2026-06-25,18.549999237060547,美元,摩根亞洲增長基金 - 摩根亞洲增長(美元)數位級別(累計),yfinance,股票型,亞洲地區,A0011 摩根投信,摩根ASIA
B080336,2026-06-26,17.90999984741211,美元,摩根亞洲增長基金 - 摩根亞洲增長(美元)數位級別(累計),yfinance,股票型,亞洲地區,A0011 摩根投信,摩根ASIA
B080336,2026-06-29,17.979999542236328,美元,摩根亞洲增長基金 - 摩根亞洲增長(美元)數位級別(累計),yfinance,股票型,亞洲地區,A0011 摩根投信,摩根ASIA
B080336,2026-06-30,18.149999618530273,美元,摩根亞洲增長基金 - 摩根亞洲增長(美元)數位級別(累計),yfinance,股票型,亞洲地區,A0011 摩根投信,摩根ASIA
B080336,2026-07-02,17.6200008392334,美元,摩根亞洲增長基金 - 摩根亞洲增長(美元)數位級別(累計),yfinance,股票型,亞洲地區,A0011 摩根投信,摩根ASIA
B080336,2026-07-06,18.010000228881836,美元,摩根亞洲增長基金 - 摩根亞洲增長(美元)數位級別(累計),yfinance,股票型,亞洲地區,A0011 摩根投信,摩根ASIA
B080336,2026-07-07,17.549999237060547,美元,摩根亞洲增長基金 - 摩根亞洲增長(美元)數位級別(累計),yfinance,股票型,亞洲地區,A0011 摩根投信,摩根ASIA
B080336,2026-07-08,17.420000076293945,美元,摩根亞洲增長基金 - 摩根亞洲增長(美元)數位級別(累計),yfinance,股票型,亞洲地區,A0011 摩根投信,摩根ASIA
B080336,2026-07-09,17.469999313354492,美元,摩根亞洲增長基金 - 摩根亞洲增長(美元)數位級別(累計),yfinance,股票型,亞洲地區,A0011 摩根投信,摩根ASIA
B080336,2026-07-10,17.530000686645508,美元,摩根亞洲增長基金 - 摩根亞洲增長(美元)數位級別(累計),yfinance,股票型,亞洲地區,A0011 摩根投信,摩根ASIA
B080336,2026-07-13,17.059999465942383,美元,摩根亞洲增長基金 - 摩根亞洲增長(美元)數位級別(累計),yfinance,股票型,亞洲地區,A0011 摩根投信,摩根ASIA
B080336,2026-07-14,17.139999389648438,美元,摩根亞洲增長基金 - 摩根亞洲增長(美元)數位級別(累計),yfinance,股票型,亞洲地區,A0011 摩根投信,摩根ASIA
B080336,2026-07-15,17.549999237060547,美元,摩根亞洲增長基金 - 摩根亞洲增長(美元)數位級別(累計),yfinance,股票型,亞洲地區,A0011 摩根投信,摩根ASIA
B080336,2026-07-16,17.200000762939453,美元,摩根亞洲增長基金 - 摩根亞洲增長(美元)數位級別(累計),yfinance,股票型,亞洲地區,A0011 摩根投信,摩根ASIA
B080336,2026-07-17,16.68000030517578,美元,摩根亞洲增長基金 - 摩根亞洲增長(美元)數位級別(累計),yfinance,股票型,亞洲地區,A0011 摩根投信,摩根ASIA
B080336,2026-07-20,16.56999969482422,美元,摩根亞洲增長基金 - 摩根亞洲增長(美元)數位級別(累計),yfinance,股票型,亞洲地區,A0011 摩根投信,摩根ASIA
B080336,2026-07-21,17.020000457763672,美元,摩根亞洲增長基金 - 摩根亞洲增長(美元)數位級別(累計),yfinance,股票型,亞洲地區,A0011 摩根投信,摩根ASIA
B080336,2026-07-22,17.010000228881836,美元,摩根亞洲增長基金 - 摩根亞洲增長(美元)數位級別(累計),yfinance,股票型,亞洲地區,A0011 摩根投信,摩根ASIA
B080336,2026-07-23,17.229999542236328,美元,摩根亞洲增長基金 - 摩根亞洲增長(美元)數位級別(累計),yfinance,股票型,亞洲地區,A0011 摩根投信,摩根ASIA
B080336,2026-07-24,16.68000030517578,美元,摩根亞洲增長基金 - 摩根亞洲增長(美元)數位級別(累計),yfinance,股票型,亞洲地區,A0011 摩根投信,摩根ASIA
B080336,2026-07-27,16.81999969482422,美元,摩根亞洲增長基金 - 摩根亞洲增長(美元)數位級別(累計),yfinance,股票型,亞洲地區,A0011 摩根投信,摩根ASIA
B080336,2026-07-28,16.040000915527344,美元,摩根亞洲增長基金 - 摩根亞洲增長(美元)數位級別(累計),yfinance,股票型,亞洲地區,A0011 摩根投信,摩根ASIA
B080336,2026-07-29,15.779999732971191,美元,摩根亞洲增長基金 - 摩根亞洲增長(美元)數位級別(累計),yfinance,股票型,亞洲地區,A0011 摩根投信,摩根ASIA
B080336,2026-07-30,15.779999732971191,美元,摩根亞洲增長基金 - 摩根亞洲增長(美元)數位級別(累計),yfinance,股票型,亞洲地區,A0011 摩根投信,摩根ASIA
B080336,2026-07-31,16.979999542236328,美元,摩根亞洲增長基金 - 摩根亞洲增長(美元)數位級別(累計),yfinance,股票型,亞洲地區,A0011 摩根投信,摩根ASIA
B080336,2026-08-03,16.84000015258789,美元,摩根亞洲增長基金 - 摩根亞洲增長(美元)數位級別(累計),yfinance,股票型,亞洲地區,A0011 摩根投信,摩根ASIA
B080336,2026-08-04,16.860000610351562,美元,摩根亞洲增長基金 - 摩根亞洲增長(美元)數位級別(累計),yfinance,股票型,亞洲地區,A0011 摩根投信,摩根ASIA
B080336,2026-08-05,17.239999771118164,美元,摩根亞洲增長基金 - 摩根亞洲增長(美元)數位級別(累計),yfinance,股票型,亞洲地區,A0011 摩根投信,摩根ASIA
B080336,2026-08-06,16.959999084472656,美元,摩根亞洲增長基金 - 摩根亞洲增長(美元)數位級別(累計),yfinance,股票型,亞洲地區,A0011 摩根投信,摩根ASIA
B080336,2026-08-07,16.950000762939453,美元,摩根亞洲增長基金 - 摩根亞洲增長(美元)數位級別(累計),yfinance,股票型,亞洲地區,A0011 摩根投信,摩根ASIA
B080336,2026-08-10,17.079999923706055,美元,摩根亞洲增長基金 - 摩根亞洲增長(美元)數位級別(累計),yfinance,股票型,亞洲地區,A0011 摩根投信,摩根ASIA
B080336,2026-08-11,17.100000381469727,美元,摩根亞洲增長基金 - 摩根亞洲增長(美元)數位級別(累計),yfinance,股票型,亞洲地區,A0011 摩根投信,摩根ASIA
B080336,2026-08-12,17.280000686645508,美元,摩根亞洲增長基金 - 摩根亞洲增長(美元)數位級別(累計),yfinance,股票型,亞洲地區,A0011 摩根投信,摩根ASIA
B080336,2026-08-13,17.440000534057617,美元,摩根亞洲增長基金 - 摩根亞洲增長(美元)數位級別(累計),yfinance,股票型,亞洲地區,A0011 摩根投信,摩根ASIA
B080336,2026-08-14,17.510000228881836,美元,摩根亞洲增長基金 - 摩根亞洲增長(美元)數位級別(累計),yfinance,股票型,亞洲地區,A0011 摩根投信,摩根ASIA
B080336,2026-08-17,17.65999984741211,美元,摩根亞洲增長基金 - 摩根亞洲增長(美元)數位級別(累計),yfinance,股票型,亞洲地區,A0011 摩根投信,摩根ASIA
B420098,2026-06-15,11.270000457763672,美元,法盛─盧米斯賽勒斯債券基金-CT/A美元級別,yfinance,債券型,美國,A0026 中國信託投信,法盛LUX
B420098,2026-06-16,11.270000457763672,美元,法盛─盧米斯賽勒斯債券基金-CT/A美元級別,yfinance,債券型,美國,A0026 中國信託投信,法盛LUX
B420098,2026-06-17,11.220000267028809,美元,法盛─盧米斯賽勒斯債券基金-CT/A美元級別,yfinance,債券型,美國,A0026 中國信託投信,法盛LUX
B420098,2026-06-18,11.229999542236328,美元,法盛─盧米斯賽勒斯債券基金-CT/A美元級別,yfinance,債券型,美國,A0026 中國信託投信,法盛LUX
B420098,2026-06-22,11.210000038146973,美元,法盛─盧米斯賽勒斯債券基金-CT/A美元級別,yfinance,債券型,美國,A0026 中國信託投信,法盛LUX
B420098,2026-06-24,11.239999771118164,美元,法盛─盧米斯賽勒斯債券基金-CT/A美元級別,yfinance,債券型,美國,A0026 中國信託投信,法盛LUX
B420098,2026-06-25,11.25,美元,法盛─盧米斯賽勒斯債券基金-CT/A美元級別,yfinance,債券型,美國,A0026 中國信託投信,法盛LUX
B420098,2026-06-26,11.270000457763672,美元,法盛─盧米斯賽勒斯債券基金-CT/A美元級別,yfinance,債券型,美國,A0026 中國信託投信,法盛LUX
B420098,2026-06-29,11.279999732971191,美元,法盛─盧米斯賽勒斯債券基金-CT/A美元級別,yfinance,債券型,美國,A0026 中國信託投信,法盛LUX
B420098,2026-06-30,11.25,美元,法盛─盧米斯賽勒斯債券基金-CT/A美元級別,yfinance,債券型,美國,A0026 中國信託投信,法盛LUX
B420098,2026-07-01,11.229999542236328,美元,法盛─盧米斯賽勒斯債券基金-CT/A美元級別,yfinance,債券型,美國,A0026 中國信託投信,法盛LUX
B420098,2026-07-02,11.25,美元,法盛─盧米斯賽勒斯債券基金-CT/A美元級別,yfinance,債券型,美國,A0026 中國信託投信,法盛LUX
B420098,2026-07-06,11.260000228881836,美元,法盛─盧米斯賽勒斯債券基金-CT/A美元級別,yfinance,債券型,美國,A0026 中國信託投信,法盛LUX
B420098,2026-07-07,11.220000267028809,美元,法盛─盧米斯賽勒斯債券基金-CT/A美元級別,yfinance,債券型,美國,A0026 中國信託投信,法盛LUX
B420098,2026-07-08,11.199999809265137,美元,法盛─盧米斯賽勒斯債券基金-CT/A美元級別,yfinance,債券型,美國,A0026 中國信託投信,法盛LUX
B420098,2026-07-09,11.210000038146973,美元,法盛─盧米斯賽勒斯債券基金-CT/A美元級別,yfinance,債券型,美國,A0026 中國信託投信,法盛LUX
B420098,2026-07-10,11.199999809265137,美元,法盛─盧米斯賽勒斯債券基金-CT/A美元級別,yfinance,債券型,美國,A0026 中國信託投信,法盛LUX
B420098,2026-07-13,11.15999984741211,美元,法盛─盧米斯賽勒斯債券基金-CT/A美元級別,yfinance,債券型,美國,A0026 中國信託投信,法盛LUX
B420098,2026-07-14,11.180000305175781,美元,法盛─盧米斯賽勒斯債券基金-CT/A美元級別,yfinance,債券型,美國,A0026 中國信託投信,法盛LUX
B420098,2026-07-15,11.199999809265137,美元,法盛─盧米斯賽勒斯債券基金-CT/A美元級別,yfinance,債券型,美國,A0026 中國信託投信,法盛LUX
B420098,2026-07-16,11.199999809265137,美元,法盛─盧米斯賽勒斯債券基金-CT/A美元級別,yfinance,債券型,美國,A0026 中國信託投信,法盛LUX
B420098,2026-07-20,11.180000305175781,美元,法盛─盧米斯賽勒斯債券基金-CT/A美元級別,yfinance,債券型,美國,A0026 中國信託投信,法盛LUX
B420098,2026-07-21,11.15999984741211,美元,法盛─盧米斯賽勒斯債券基金-CT/A美元級別,yfinance,債券型,美國,A0026 中國信託投信,法盛LUX
B420098,2026-07-22,11.140000343322754,美元,法盛─盧米斯賽勒斯債券基金-CT/A美元級別,yfinance,債券型,美國,A0026 中國信託投信,法盛LUX
B420098,2026-07-23,11.109999656677246,美元,法盛─盧米斯賽勒斯債券基金-CT/A美元級別,yfinance,債券型,美國,A0026 中國信託投信,法盛LUX
B420098,2026-07-24,11.100000381469727,美元,法盛─盧米斯賽勒斯債券基金-CT/A美元級別,yfinance,債券型,美國,A0026 中國信託投信,法盛LUX
B420098,2026-07-27,11.119999885559082,美元,法盛─盧米斯賽勒斯債券基金-CT/A美元級別,yfinance,債券型,美國,A0026 中國信託投信,法盛LUX
B420098,2026-07-28,11.140000343322754,美元,法盛─盧米斯賽勒斯債券基金-CT/A美元級別,yfinance,債券型,美國,A0026 中國信託投信,法盛LUX
B420098,2026-07-29,11.119999885559082,美元,法盛─盧米斯賽勒斯債券基金-CT/A美元級別,yfinance,債券型,美國,A0026 中國信託投信,法盛LUX
B420098,2026-07-30,11.140000343322754,美元,法盛─盧米斯賽勒斯債券基金-CT/A美元級別,yfinance,債券型,美國,A0026 中國信託投信,法盛LUX
B420098,2026-07-31,11.119999885559082,美元,法盛─盧米斯賽勒斯債券基金-CT/A美元級別,yfinance,債券型,美國,A0026 中國信託投信,法盛LUX
B420098,2026-08-03,11.149999618530273,美元,法盛─盧米斯賽勒斯債券基金-CT/A美元級別,yfinance,債券型,美國,A0026 中國信託投信,法盛LUX
B420098,2026-08-04,11.1899995803833,美元,法盛─盧米斯賽勒斯債券基金-CT/A美元級別,yfinance,債券型,美國,A0026 中國信託投信,法盛LUX
B420098,2026-08-05,11.1899995803833,美元,法盛─盧米斯賽勒斯債券基金-CT/A美元級別,yfinance,債券型,美國,A0026 中國信託投信,法盛LUX
B420098,2026-08-06,11.170000076293945,美元,法盛─盧米斯賽勒斯債券基金-CT/A美元級別,yfinance,債券型,美國,A0026 中國信託投信,法盛LUX
B420098,2026-08-07,11.1899995803833,美元,法盛─盧米斯賽勒斯債券基金-CT/A美元級別,yfinance,債券型,美國,A0026 中國信託投信,法盛LUX
B420098,2026-08-10,11.170000076293945,美元,法盛─盧米斯賽勒斯債券基金-CT/A美元級別,yfinance,債券型,美國,A0026 中國信託投信,法盛LUX
B420098,2026-08-11,11.170000076293945,美元,法盛─盧米斯賽勒斯債券基金-CT/A美元級別,yfinance,債券型,美國,A0026 中國信託投信,法盛LUX
B420098,2026-08-12,11.180000305175781,美元,法盛─盧米斯賽勒斯債券基金-CT/A美元級別,yfinance,債券型,美國,A0026 中國信託投信,法盛LUX
B420098,2026-08-13,11.210000038146973,美元,法盛─盧米斯賽勒斯債券基金-CT/A美元級別,yfinance,債券型,美國,A0026 中國信託投信,法盛LUX
B420098,2026-08-14,11.1899995803833,美元,法盛─盧米斯賽勒斯債券基金-CT/A美元級別,yfinance,債券型,美國,A0026 中國信託投信,法盛LUX
B420098,2026-08-17,11.170000076293945,美元,法盛─盧米斯賽勒斯債券基金-CT/A美元級別,yfinance,債券型,美國,A0026 中國信託投信,法盛LUX
B420106,2026-06-15,13.273395538330078,美元,法盛─盧米斯賽勒斯債券基金-R/DM美元級別,yfinance,債券型,美國,A0026 中國信託投信,法盛LUX
B420106,2026-06-16,13.283323287963867,美元,法盛─盧米斯賽勒斯債券基金-R/DM美元級別,yfinance,債券型,美國,A0026 中國信託投信,法盛LUX
B420106,2026-06-17,13.223755836486816,美元,法盛─盧米斯賽勒斯債券基金-R/DM美元級別,yfinance,債券型,美國,A0026 中國信託投信,法盛LUX
B420106,2026-06-18,13.233683586120605,美元,法盛─盧米斯賽勒斯債券基金-R/DM美元級別,yfinance,債券型,美國,A0026 中國信託投信,法盛LUX
B420106,2026-06-22,13.203901290893555,美元,法盛─盧米斯賽勒斯債券基金-R/DM美元級別,yfinance,債券型,美國,A0026 中國信託投信,法盛LUX
B420106,2026-06-24,13.253540992736816,美元,法盛─盧米斯賽勒斯債券基金-R/DM美元級別,yfinance,債券型,美國,A0026 中國信託投信,法盛LUX
B420106,2026-06-25,13.263467788696289,美元,法盛─盧米斯賽勒斯債券基金-R/DM美元級別,yfinance,債券型,美國,A0026 中國信託投信,法盛LUX
B420106,2026-06-26,13.283323287963867,美元,法盛─盧米斯賽勒斯債券基金-R/DM美元級別,yfinance,債券型,美國,A0026 中國信託投信,法盛LUX
B420106,2026-06-29,13.293251037597656,美元,法盛─盧米斯賽勒斯債券基金-R/DM美元級別,yfinance,債券型,美國,A0026 中國信託投信,法盛LUX
B420106,2026-06-30,13.263467788696289,美元,法盛─盧米斯賽勒斯債券基金-R/DM美元級別,yfinance,債券型,美國,A0026 中國信託投信,法盛LUX
B420106,2026-07-01,13.240553855895996,美元,法盛─盧米斯賽勒斯債券基金-R/DM美元級別,yfinance,債券型,美國,A0026 中國信託投信,法盛LUX
B420106,2026-07-02,13.260479927062988,美元,法盛─盧米斯賽勒斯債券基金-R/DM美元級別,yfinance,債券型,美國,A0026 中國信託投信,法盛LUX
B420106,2026-07-06,13.270442008972168,美元,法盛─盧米斯賽勒斯債券基金-R/DM美元級別,yfinance,債券型,美國,A0026 中國信託投信,法盛LUX
B420106,2026-07-07,13.2305908203125,美元,法盛─盧米斯賽勒斯債券基金-R/DM美元級別,yfinance,債券型,美國,A0026 中國信託投信,法盛LUX
B420106,2026-07-08,13.200702667236328,美元,法盛─盧米斯賽勒斯債券基金-R/DM美元級別,yfinance,債券型,美國,A0026 中國信託投信,法盛LUX
B420106,2026-07-09,13.22062873840332,美元,法盛─盧米斯賽勒斯債券基金-R/DM美元級別,yfinance,債券型,美國,A0026 中國信託投信,法盛LUX
B420106,2026-07-10,13.200702667236328,美元,法盛─盧米斯賽勒斯債券基金-R/DM美元級別,yfinance,債券型,美國,A0026 中國信託投信,法盛LUX
B420106,2026-07-13,13.16085147857666,美元,法盛─盧米斯賽勒斯債券基金-R/DM美元級別,yfinance,債券型,美國,A0026 中國信託投信,法盛LUX
B420106,2026-07-14,13.180776596069336,美元,法盛─盧米斯賽勒斯債券基金-R/DM美元級別,yfinance,債券型,美國,A0026 中國信託投信,法盛LUX
B420106,2026-07-15,13.210665702819824,美元,法盛─盧米斯賽勒斯債券基金-R/DM美元級別,yfinance,債券型,美國,A0026 中國信託投信,法盛LUX
B420106,2026-07-16,13.210665702819824,美元,法盛─盧米斯賽勒斯債券基金-R/DM美元級別,yfinance,債券型,美國,A0026 中國信託投信,法盛LUX
B420106,2026-07-20,13.180776596069336,美元,法盛─盧米斯賽勒斯債券基金-R/DM美元級別,yfinance,債券型,美國,A0026 中國信託投信,法盛LUX
B420106,2026-07-21,13.16085147857666,美元,法盛─盧米斯賽勒斯債券基金-R/DM美元級別,yfinance,債券型,美國,A0026 中國信託投信,法盛LUX
B420106,2026-07-22,13.140925407409668,美元,法盛─盧米斯賽勒斯債券基金-R/DM美元級別,yfinance,債券型,美國,A0026 中國信託投信,法盛LUX
B420106,2026-07-23,13.10107421875,美元,法盛─盧米斯賽勒斯債券基金-R/DM美元級別,yfinance,債券型,美國,A0026 中國信託投信,法盛LUX
B420106,2026-07-24,13.10107421875,美元,法盛─盧米斯賽勒斯債券基金-R/DM美元級別,yfinance,債券型,美國,A0026 中國信託投信,法盛LUX
B420106,2026-07-27,13.121000289916992,美元,法盛─盧米斯賽勒斯債券基金-R/DM美元級別,yfinance,債券型,美國,A0026 中國信託投信,法盛LUX
B420106,2026-07-28,13.140925407409668,美元,法盛─盧米斯賽勒斯債券基金-R/DM美元級別,yfinance,債券型,美國,A0026 中國信託投信,法盛LUX
B420106,2026-07-29,13.111037254333496,美元,法盛─盧米斯賽勒斯債券基金-R/DM美元級別,yfinance,債券型,美國,A0026 中國信託投信,法盛LUX
B420106,2026-07-30,13.140925407409668,美元,法盛─盧米斯賽勒斯債券基金-R/DM美元級別,yfinance,債券型,美國,A0026 中國信託投信,法盛LUX
B420106,2026-07-31,13.121000289916992,美元,法盛─盧米斯賽勒斯債券基金-R/DM美元級別,yfinance,債券型,美國,A0026 中國信託投信,法盛LUX
B420106,2026-08-03,13.15999984741211,美元,法盛─盧米斯賽勒斯債券基金-R/DM美元級別,yfinance,債券型,美國,A0026 中國信託投信,法盛LUX
B420106,2026-08-04,13.210000038146973,美元,法盛─盧米斯賽勒斯債券基金-R/DM美元級別,yfinance,債券型,美國,A0026 中國信託投信,法盛LUX
B420106,2026-08-05,13.210000038146973,美元,法盛─盧米斯賽勒斯債券基金-R/DM美元級別,yfinance,債券型,美國,A0026 中國信託投信,法盛LUX
B420106,2026-08-06,13.180000305175781,美元,法盛─盧米斯賽勒斯債券基金-R/DM美元級別,yfinance,債券型,美國,A0026 中國信託投信,法盛LUX
B420106,2026-08-07,13.210000038146973,美元,法盛─盧米斯賽勒斯債券基金-R/DM美元級別,yfinance,債券型,美國,A0026 中國信託投信,法盛LUX
B420106,2026-08-10,13.180000305175781,美元,法盛─盧米斯賽勒斯債券基金-R/DM美元級別,yfinance,債券型,美國,A0026 中國信託投信,法盛LUX
B420106,2026-08-11,13.180000305175781,美元,法盛─盧米斯賽勒斯債券基金-R/DM美元級別,yfinance,債券型,美國,A0026 中國信託投信,法盛LUX
B420106,2026-08-12,13.199999809265137,美元,法盛─盧米斯賽勒斯債券基金-R/DM美元級別,yfinance,債券型,美國,A0026 中國信託投信,法盛LUX
B420106,2026-08-13,13.229999542236328,美元,法盛─盧米斯賽勒斯債券基金-R/DM美元級別,yfinance,債券型,美國,A0026 中國信託投信,法盛LUX
B420106,2026-08-14,13.199999809265137,美元,法盛─盧米斯賽勒斯債券基金-R/DM美元級別,yfinance,債券型,美國,A0026 中國信託投信,法盛LUX
B420106,2026-08-17,13.1899995803833,美元,法盛─盧米斯賽勒斯債券基金-R/DM美元級別,yfinance,債券型,美國,A0026 中國信託投信,法盛LUX
B4XAsZf,2026-01-02,13.260000228881836,歐元,景順實質資產基金A(歐元對沖)股 歐元,yfinance,未分類,全球市場,,
B4XAsZf,2026-01-05,13.300000190734863,歐元,景順實質資產基金A(歐元對沖)股 歐元,yfinance,未分類,全球市場,,
B4XAsZf,2026-01-06,13.3100004196167,歐元,景順實質資產基金A(歐元對沖)股 歐元,yfinance,未分類,全球市場,,
B4XAsZf,2026-01-07,13.34000015258789,歐元,景順實質資產基金A(歐元對沖)股 歐元,yfinance,未分類,全球市場,,
B4XAsZf,2026-01-08,13.220000267028809,歐元,景順實質資產基金A(歐元對沖)股 歐元,yfinance,未分類,全球市場,,
B4XAsZf,2026-01-09,13.3100004196167,歐元,景順實質資產基金A(歐元對沖)股 歐元,yfinance,未分類,全球市場,,
B4XAsZf,2026-01-12,13.34000015258789,歐元,景順實質資產基金A(歐元對沖)股 歐元,yfinance,未分類,全球市場,,
B4XAsZf,2026-01-13,13.34000015258789,歐元,景順實質資產基金A(歐元對沖)股 歐元,yfinance,未分類,全球市場,,
B4XAsZf,2026-01-14,13.399999618530273,歐元,景順實質資產基金A(歐元對沖)股 歐元,yfinance,未分類,全球市場,,
B4XAsZf,2026-01-15,13.569999694824219,歐元,景順實質資產基金A(歐元對沖)股 歐元,yfinance,未分類,全球市場,,
B4XAsZf,2026-01-16,13.600000381469727,歐元,景順實質資產基金A(歐元對沖)股 歐元,yfinance,未分類,全球市場,,
B4XAsZf,2026-01-19,13.619999885559082,歐元,景順實質資產基金A(歐元對沖)股 歐元,yfinance,未分類,全球市場,,
B4XAsZf,2026-01-20,13.59000015258789,歐元,景順實質資產基金A(歐元對沖)股 歐元,yfinance,未分類,全球市場,,
B4XAsZf,2026-01-21,13.529999732971191,歐元,景順實質資產基金A(歐元對沖)股 歐元,yfinance,未分類,全球市場,,
B4XAsZf,2026-01-22,13.65999984741211,歐元,景順實質資產基金A(歐元對沖)股 歐元,yfinance,未分類,全球市場,,
B4XAsZf,2026-01-23,13.619999885559082,歐元,景順實質資產基金A(歐元對沖)股 歐元,yfinance,未分類,全球市場,,
B4XAsZf,2026-01-26,13.770000457763672,歐元,景順實質資產基金A(歐元對沖)股 歐元,yfinance,未分類,全球市場,,
B4XAsZf,2026-01-27,13.760000228881836,歐元,景順實質資產基金A(歐元對沖)股 歐元,yfinance,未分類,全球市場,,
B4XAsZf,2026-01-28,13.850000381469727,歐元,景順實質資產基金A(歐元對沖)股 歐元,yfinance,未分類,全球市場,,
B4XAsZf,2026-01-29,13.90999984741211,歐元,景順實質資產基金A(歐元對沖)股 歐元,yfinance,未分類,全球市場,,
B4XAsZf,2026-01-30,13.890000343322754,歐元,景順實質資產基金A(歐元對沖)股 歐元,yfinance,未分類,全球市場,,
B4XAsZf,2026-02-02,13.8100004196167,歐元,景順實質資產基金A(歐元對沖)股 歐元,yfinance,未分類,全球市場,,
B4XAsZf,2026-02-03,13.760000228881836,歐元,景順實質資產基金A(歐元對沖)股 歐元,yfinance,未分類,全球市場,,
B4XAsZf,2026-02-04,13.989999771118164,歐元,景順實質資產基金A(歐元對沖)股 歐元,yfinance,未分類,全球市場,,
B4XAsZf,2026-02-05,13.970000267028809,歐元,景順實質資產基金A(歐元對沖)股 歐元,yfinance,未分類,全球市場,,
B4XAsZf,2026-02-06,13.989999771118164,歐元,景順實質資產基金A(歐元對沖)股 歐元,yfinance,未分類,全球市場,,
B4XAsZf,2026-02-09,14.109999656677246,歐元,景順實質資產基金A(歐元對沖)股 歐元,yfinance,未分類,全球市場,,
B4XAsZf,2026-02-10,14.270000457763672,歐元,景順實質資產基金A(歐元對沖)股 歐元,yfinance,未分類,全球市場,,
B4XAsZf,2026-02-11,14.460000038146973,歐元,景順實質資產基金A(歐元對沖)股 歐元,yfinance,未分類,全球市場,,
B4XAsZf,2026-02-12,14.600000381469727,歐元,景順實質資產基金A(歐元對沖)股 歐元,yfinance,未分類,全球市場,,
B4XAsZf,2026-02-13,14.550000190734863,歐元,景順實質資產基金A(歐元對沖)股 歐元,yfinance,未分類,全球市場,,
B4XAsZf,2026-02-16,14.75,歐元,景順實質資產基金A(歐元對沖)股 歐元,yfinance,未分類,全球市場,,
B4XAsZf,2026-02-17,14.729999542236328,歐元,景順實質資產基金A(歐元對沖)股 歐元,yfinance,未分類,全球市場,,
B4XAsZf,2026-02-18,14.789999961853027,歐元,景順實質資產基金A(歐元對沖)股 歐元,yfinance,未分類,全球市場,,
B4XAsZf,2026-02-19,14.630000114440918,歐元,景順實質資產基金A(歐元對沖)股 歐元,yfinance,未分類,全球市場,,
B4XAsZf,2026-02-20,14.65999984741211,歐元,景順實質資產基金A(歐元對沖)股 歐元,yfinance,未分類,全球市場,,
B4XAsZf,2026-02-23,14.739999771118164,歐元,景順實質資產基金A(歐元對沖)股 歐元,yfinance,未分類,全球市場,,
B4XAsZf,2026-02-24,14.8100004196167,歐元,景順實質資產基金A(歐元對沖)股 歐元,yfinance,未分類,全球市場,,
B4XAsZf,2026-02-25,14.84000015258789,歐元,景順實質資產基金A(歐元對沖)股 歐元,yfinance,未分類,全球市場,,
B4XAsZf,2026-02-26,14.84000015258789,歐元,景順實質資產基金A(歐元對沖)股 歐元,yfinance,未分類,全球市場,,
B4XAsZf,2026-02-27,14.920000076293945,歐元,景順實質資產基金A(歐元對沖)股 歐元,yfinance,未分類,全球市場,,
B4XAsZf,2026-03-02,14.989999771118164,歐元,景順實質資產基金A(歐元對沖)股 歐元,yfinance,未分類,全球市場,,
B4XAsZf,2026-03-03,14.8100004196167,歐元,景順實質資產基金A(歐元對沖)股 歐元,yfinance,未分類,全球市場,,
B4XAsZf,2026-03-04,14.8100004196167,歐元,景順實質資產基金A(歐元對沖)股 歐元,yfinance,未分類,全球市場,,
B4XAsZf,2026-03-05,14.819999694824219,歐元,景順實質資產基金A(歐元對沖)股 歐元,yfinance,未分類,全球市場,,
B4XAsZf,2026-03-06,14.550000190734863,歐元,景順實質資產基金A(歐元對沖)股 歐元,yfinance,未分類,全球市場,,
B4XAsZf,2026-03-09,14.390000343322754,歐元,景順實質資產基金A(歐元對沖)股 歐元,yfinance,未分類,全球市場,,
B4XAsZf,2026-03-10,14.520000457763672,歐元,景順實質資產基金A(歐元對沖)股 歐元,yfinance,未分類,全球市場,,
B4XAsZf,2026-03-11,14.470000267028809,歐元,景順實質資產基金A(歐元對沖)股 歐元,yfinance,未分類,全球市場,,
B4XAsZf,2026-03-12,14.430000305175781,歐元,景順實質資產基金A(歐元對沖)股 歐元,yfinance,未分類,全球市場,,
B4XAsZf,2026-03-13,14.420000076293945,歐元,景順實質資產基金A(歐元對沖)股 歐元,yfinance,未分類,全球市場,,
B4XAsZf,2026-03-16,14.430000305175781,歐元,景順實質資產基金A(歐元對沖)股 歐元,yfinance,未分類,全球市場,,
B4XAsZf,2026-03-17,14.449999809265137,歐元,景順實質資產基金A(歐元對沖)股 歐元,yfinance,未分類,全球市場,,
B4XAsZf,2026-03-18,14.5,歐元,景順實質資產基金A(歐元對沖)股 歐元,yfinance,未分類,全球市場,,
B4XAsZf,2026-03-19,14.15999984741211,歐元,景順實質資產基金A(歐元對沖)股 歐元,yfinance,未分類,全球市場,,
B4XAsZf,2026-03-20,14.199999809265137,歐元,景順實質資產基金A(歐元對沖)股 歐元,yfinance,未分類,全球市場,,
B4XAsZf,2026-03-23,13.880000114440918,歐元,景順實質資產基金A(歐元對沖)股 歐元,yfinance,未分類,全球市場,,
B4XAsZf,2026-03-24,13.979999542236328,歐元,景順實質資產基金A(歐元對沖)股 歐元,yfinance,未分類,全球市場,,
B4XAsZf,2026-03-25,14.140000343322754,歐元,景順實質資產基金A(歐元對沖)股 歐元,yfinance,未分類,全球市場,,
B4XAsZf,2026-03-26,13.960000038146973,歐元,景順實質資產基金A(歐元對沖)股 歐元,yfinance,未分類,全球市場,,
B4XAsZf,2026-03-27,13.970000267028809,歐元,景順實質資產基金A(歐元對沖)股 歐元,yfinance,未分類,全球市場,,
B4XAsZf,2026-03-30,14.050000190734863,歐元,景順實質資產基金A(歐元對沖)股 歐元,yfinance,未分類,全球市場,,
B4XAsZf,2026-03-31,14.109999656677246,歐元,景順實質資產基金A(歐元對沖)股 歐元,yfinance,未分類,全球市場,,
B4XAsZf,2026-04-01,14.319999694824219,歐元,景順實質資產基金A(歐元對沖)股 歐元,yfinance,未分類,全球市場,,
B4XAsZf,2026-04-02,14.170000076293945,歐元,景順實質資產基金A(歐元對沖)股 歐元,yfinance,未分類,全球市場,,
B4XAsZf,2026-04-07,14.359999656677246,歐元,景順實質資產基金A(歐元對沖)股 歐元,yfinance,未分類,全球市場,,
B4XAsZf,2026-04-08,14.619999885559082,歐元,景順實質資產基金A(歐元對沖)股 歐元,yfinance,未分類,全球市場,,
B4XAsZf,2026-04-09,14.600000381469727,歐元,景順實質資產基金A(歐元對沖)股 歐元,yfinance,未分類,全球市場,,
B4XAsZf,2026-04-10,14.670000076293945,歐元,景順實質資產基金A(歐元對沖)股 歐元,yfinance,未分類,全球市場,,
B4XAsZf,2026-04-13,14.619999885559082,歐元,景順實質資產基金A(歐元對沖)股 歐元,yfinance,未分類,全球市場,,
B4XAsZf,2026-04-14,14.649999618530273,歐元,景順實質資產基金A(歐元對沖)股 歐元,yfinance,未分類,全球市場,,
B4XAsZf,2026-04-15,14.670000076293945,歐元,景順實質資產基金A(歐元對沖)股 歐元,yfinance,未分類,全球市場,,
B4XAsZf,2026-04-16,14.630000114440918,歐元,景順實質資產基金A(歐元對沖)股 歐元,yfinance,未分類,全球市場,,
B4XAsZf,2026-04-17,14.640000343322754,歐元,景順實質資產基金A(歐元對沖)股 歐元,yfinance,未分類,全球市場,,
B4XAsZf,2026-04-20,14.680000305175781,歐元,景順實質資產基金A(歐元對沖)股 歐元,yfinance,未分類,全球市場,,
B4XAsZf,2026-04-21,14.729999542236328,歐元,景順實質資產基金A(歐元對沖)股 歐元,yfinance,未分類,全球市場,,
B4XAsZf,2026-04-22,14.579999923706055,歐元,景順實質資產基金A(歐元對沖)股 歐元,yfinance,未分類,全球市場,,
B4XAsZf,2026-04-23,14.5,歐元,景順實質資產基金A(歐元對沖)股 歐元,yfinance,未分類,全球市場,,
B4XAsZf,2026-04-24,14.609999656677246,歐元,景順實質資產基金A(歐元對沖)股 歐元,yfinance,未分類,全球市場,,
B4XAsZf,2026-04-27,14.609999656677246,歐元,景順實質資產基金A(歐元對沖)股 歐元,yfinance,未分類,全球市場,,
B4XAsZf,2026-04-28,14.5,歐元,景順實質資產基金A(歐元對沖)股 歐元,yfinance,未分類,全球市場,,
B4XAsZf,2026-04-29,14.579999923706055,歐元,景順實質資產基金A(歐元對沖)股 歐元,yfinance,未分類,全球市場,,
B4XAsZf,2026-04-30,14.579999923706055,歐元,景順實質資產基金A(歐元對沖)股 歐元,yfinance,未分類,全球市場,,
B4XAsZf,2026-05-04,14.699999809265137,歐元,景順實質資產基金A(歐元對沖)股 歐元,yfinance,未分類,全球市場,,
B4XAsZf,2026-05-05,14.699999809265137,歐元,景順實質資產基金A(歐元對沖)股 歐元,yfinance,未分類,全球市場,,
B4XAsZf,2026-05-06,14.829999923706055,歐元,景順實質資產基金A(歐元對沖)股 歐元,yfinance,未分類,全球市場,,
B4XAsZf,2026-05-07,14.8100004196167,歐元,景順實質資產基金A(歐元對沖)股 歐元,yfinance,未分類,全球市場,,
B4XAsZf,2026-05-08,14.649999618530273,歐元,景順實質資產基金A(歐元對沖)股 歐元,yfinance,未分類,全球市場,,
B4XAsZf,2026-05-11,14.600000381469727,歐元,景順實質資產基金A(歐元對沖)股 歐元,yfinance,未分類,全球市場,,
B4XAsZf,2026-05-12,14.720000267028809,歐元,景順實質資產基金A(歐元對沖)股 歐元,yfinance,未分類,全球市場,,
B4XAsZf,2026-05-13,14.789999961853027,歐元,景順實質資產基金A(歐元對沖)股 歐元,yfinance,未分類,全球市場,,
B4XAsZf,2026-05-15,14.649999618530273,歐元,景順實質資產基金A(歐元對沖)股 歐元,yfinance,未分類,全球市場,,
B4XAsZf,2026-05-18,14.460000038146973,歐元,景順實質資產基金A(歐元對沖)股 歐元,yfinance,未分類,全球市場,,
B4XAsZf,2026-05-19,14.600000381469727,歐元,景順實質資產基金A(歐元對沖)股 歐元,yfinance,未分類,全球市場,,
B4XAsZf,2026-05-20,14.609999656677246,歐元,景順實質資產基金A(歐元對沖)股 歐元,yfinance,未分類,全球市場,,
B4XAsZf,2026-05-21,14.649999618530273,歐元,景順實質資產基金A(歐元對沖)股 歐元,yfinance,未分類,全球市場,,
B4XAsZf,2026-05-22,14.699999809265137,歐元,景順實質資產基金A(歐元對沖)股 歐元,yfinance,未分類,全球市場,,
B4XAsZf,2026-05-26,14.829999923706055,歐元,景順實質資產基金A(歐元對沖)股 歐元,yfinance,未分類,全球市場,,
B4XAsZf,2026-05-27,14.75,歐元,景順實質資產基金A(歐元對沖)股 歐元,yfinance,未分類,全球市場,,
B4XAsZf,2026-05-28,14.59000015258789,歐元,景順實質資產基金A(歐元對沖)股 歐元,yfinance,未分類,全球市場,,
B4XAsZf,2026-05-29,14.609999656677246,歐元,景順實質資產基金A(歐元對沖)股 歐元,yfinance,未分類,全球市場,,
B4XAsZf,2026-06-01,14.449999809265137,歐元,景順實質資產基金A(歐元對沖)股 歐元,yfinance,未分類,全球市場,,
B4XAsZf,2026-06-02,14.319999694824219,歐元,景順實質資產基金A(歐元對沖)股 歐元,yfinance,未分類,全球市場,,
B4XAsZf,2026-06-03,14.420000076293945,歐元,景順實質資產基金A(歐元對沖)股 歐元,yfinance,未分類,全球市場,,
B4XAsZf,2026-06-04,14.369999885559082,歐元,景順實質資產基金A(歐元對沖)股 歐元,yfinance,未分類,全球市場,,
B4XAsZf,2026-06-05,14.529999732971191,歐元,景順實質資產基金A(歐元對沖)股 歐元,yfinance,未分類,全球市場,,
B4XAsZf,2026-06-08,14.430000305175781,歐元,景順實質資產基金A(歐元對沖)股 歐元,yfinance,未分類,全球市場,,
B4XAsZf,2026-06-09,14.350000381469727,歐元,景順實質資產基金A(歐元對沖)股 歐元,yfinance,未分類,全球市場,,
B4XAsZf,2026-06-10,14.380000114440918,歐元,景順實質資產基金A(歐元對沖)股 歐元,yfinance,未分類,全球市場,,
B4XAsZf,2026-06-11,14.460000038146973,歐元,景順實質資產基金A(歐元對沖)股 歐元,yfinance,未分類,全球市場,,
B4XAsZf,2026-06-12,14.520000457763672,歐元,景順實質資產基金A(歐元對沖)股 歐元,yfinance,未分類,全球市場,,
B4XAsZf,2026-06-15,14.720000267028809,歐元,景順實質資產基金A(歐元對沖)股 歐元,yfinance,未分類,全球市場,,
B4XAsZf,2026-06-16,14.600000381469727,歐元,景順實質資產基金A(歐元對沖)股 歐元,yfinance,未分類,全球市場,,
B4XAsZf,2026-06-17,14.579999923706055,歐元,景順實質資產基金A(歐元對沖)股 歐元,yfinance,未分類,全球市場,,
B4XAsZf,2026-06-18,14.359999656677246,歐元,景順實質資產基金A(歐元對沖)股 歐元,yfinance,未分類,全球市場,,
B4XAsZf,2026-06-19,14.329999923706055,歐元,景順實質資產基金A(歐元對沖)股 歐元,yfinance,未分類,全球市場,,
B4XAsZf,2026-06-22,14.3100004196167,歐元,景順實質資產基金A(歐元對沖)股 歐元,yfinance,未分類,全球市場,,
B4XAsZf,2026-06-24,14.449999809265137,歐元,景順實質資產基金A(歐元對沖)股 歐元,yfinance,未分類,全球市場,,
B4XAsZf,2026-06-25,14.479999542236328,歐元,景順實質資產基金A(歐元對沖)股 歐元,yfinance,未分類,全球市場,,
B4XAsZf,2026-06-26,14.5600004196167,歐元,景順實質資產基金A(歐元對沖)股 歐元,yfinance,未分類,全球市場,,
B4XAsZf,2026-06-29,14.670000076293945,歐元,景順實質資產基金A(歐元對沖)股 歐元,yfinance,未分類,全球市場,,
B4XAsZf,2026-06-30,14.59000015258789,歐元,景順實質資產基金A(歐元對沖)股 歐元,yfinance,未分類,全球市場,,
B4XAsZf,2026-07-01,14.380000114440918,歐元,景順實質資產基金A(歐元對沖)股 歐元,yfinance,未分類,全球市場,,
B4XAsZf,2026-07-02,14.359999656677246,歐元,景順實質資產基金A(歐元對沖)股 歐元,yfinance,未分類,全球市場,,
B4XAsZf,2026-07-03,14.600000381469727,歐元,景順實質資產基金A(歐元對沖)股 歐元,yfinance,未分類,全球市場,,
B4XAsZf,2026-07-06,14.569999694824219,歐元,景順實質資產基金A(歐元對沖)股 歐元,yfinance,未分類,全球市場,,
B4XAsZf,2026-07-07,14.479999542236328,歐元,景順實質資產基金A(歐元對沖)股 歐元,yfinance,未分類,全球市場,,
B4XAsZf,2026-07-08,14.539999961853027,歐元,景順實質資產基金A(歐元對沖)股 歐元,yfinance,未分類,全球市場,,
B4XAsZf,2026-07-09,14.479999542236328,歐元,景順實質資產基金A(歐元對沖)股 歐元,yfinance,未分類,全球市場,,
B4XAsZf,2026-07-10,14.510000228881836,歐元,景順實質資產基金A(歐元對沖)股 歐元,yfinance,未分類,全球市場,,
B4XAsZf,2026-07-13,14.529999732971191,歐元,景順實質資產基金A(歐元對沖)股 歐元,yfinance,未分類,全球市場,,
B4XAsZf,2026-07-14,14.579999923706055,歐元,景順實質資產基金A(歐元對沖)股 歐元,yfinance,未分類,全球市場,,
B4XAsZf,2026-07-15,14.640000343322754,歐元,景順實質資產基金A(歐元對沖)股 歐元,yfinance,未分類,全球市場,,
B4XAsZf,2026-07-16,14.630000114440918,歐元,景順實質資產基金A(歐元對沖)股 歐元,yfinance,未分類,全球市場,,
B4XAsZf,2026-07-17,14.640000343322754,歐元,景順實質資產基金A(歐元對沖)股 歐元,yfinance,未分類,全球市場,,
B4XAsZf,2026-07-20,14.640000343322754,歐元,景順實質資產基金A(歐元對沖)股 歐元,yfinance,未分類,全球市場,,
B4XAsZf,2026-07-21,14.640000343322754,歐元,景順實質資產基金A(歐元對沖)股 歐元,yfinance,未分類,全球市場,,
B4XAsZf,2026-07-22,14.640000343322754,歐元,景順實質資產基金A(歐元對沖)股 歐元,yfinance,未分類,全球市場,,
B4XAsZf,2026-07-23,14.640000343322754,歐元,景順實質資產基金A(歐元對沖)股 歐元,yfinance,未分類,全球市場,,
B4XAsZf,2026-07-24,14.640000343322754,歐元,景順實質資產基金A(歐元對沖)股 歐元,yfinance,未分類,全球市場,,
B4XAsZf,2026-07-27,14.640000343322754,歐元,景順實質資產基金A(歐元對沖)股 歐元,yfinance,未分類,全球市場,,
B4XAsZf,2026-07-28,14.640000343322754,歐元,景順實質資產基金A(歐元對沖)股 歐元,yfinance,未分類,全球市場,,
