代碼,日期,淨值,幣別,名稱,來源,資產類型,投資區域
B24082,2015-01-02,19.396358489990234,英鎊,霸菱全球新興市場基金-A類英鎊配息型,yfinance,股票型,全球新興市場
B24082,2015-01-05,19.3575439453125,英鎊,霸菱全球新興市場基金-A類英鎊配息型,yfinance,股票型,全球新興市場
B24082,2015-01-06,19.182891845703125,英鎊,霸菱全球新興市場基金-A類英鎊配息型,yfinance,股票型,全球新興市場
B24082,2015-01-07,19.367246627807617,英鎊,霸菱全球新興市場基金-A類英鎊配息型,yfinance,股票型,全球新興市場
B24082,2015-01-08,19.774770736694336,英鎊,霸菱全球新興市場基金-A類英鎊配息型,yfinance,股票型,全球新興市場
B24082,2015-01-09,19.755369186401367,英鎊,霸菱全球新興市場基金-A類英鎊配息型,yfinance,股票型,全球新興市場
B24082,2015-01-12,19.716554641723633,英鎊,霸菱全球新興市場基金-A類英鎊配息型,yfinance,股票型,全球新興市場
B24082,2015-01-13,19.687448501586914,英鎊,霸菱全球新興市場基金-A類英鎊配息型,yfinance,股票型,全球新興市場
B24082,2015-01-14,19.629226684570312,英鎊,霸菱全球新興市場基金-A類英鎊配息型,yfinance,股票型,全球新興市場
B24082,2015-01-15,19.551607131958008,英鎊,霸菱全球新興市場基金-A類英鎊配息型,yfinance,股票型,全球新興市場
B24082,2015-01-16,19.70685386657715,英鎊,霸菱全球新興市場基金-A類英鎊配息型,yfinance,股票型,全球新興市場
B24082,2015-01-19,19.580713272094727,英鎊,霸菱全球新興市場基金-A類英鎊配息型,yfinance,股票型,全球新興市場
B24082,2015-01-20,19.648632049560547,英鎊,霸菱全球新興市場基金-A類英鎊配息型,yfinance,股票型,全球新興市場
B24082,2015-01-21,19.988243103027344,英鎊,霸菱全球新興市場基金-A類英鎊配息型,yfinance,股票型,全球新興市場
B24082,2015-01-22,20.027050018310547,英鎊,霸菱全球新興市場基金-A類英鎊配息型,yfinance,股票型,全球新興市場
B24082,2015-01-23,20.5316104888916,英鎊,霸菱全球新興市場基金-A類英鎊配息型,yfinance,股票型,全球新興市場
B24082,2015-01-26,20.434579849243164,英鎊,霸菱全球新興市場基金-A類英鎊配息型,yfinance,股票型,全球新興市場
B24082,2015-01-27,20.347251892089844,英鎊,霸菱全球新興市場基金-A類英鎊配息型,yfinance,股票型,全球新興市場
B24082,2015-01-28,20.192007064819336,英鎊,霸菱全球新興市場基金-A類英鎊配息型,yfinance,股票型,全球新興市場
B24082,2015-01-29,19.988243103027344,英鎊,霸菱全球新興市場基金-A類英鎊配息型,yfinance,股票型,全球新興市場
B24082,2015-01-30,19.891210556030273,英鎊,霸菱全球新興市場基金-A類英鎊配息型,yfinance,股票型,全球新興市場
B24082,2015-02-02,19.794179916381836,英鎊,霸菱全球新興市場基金-A類英鎊配息型,yfinance,股票型,全球新興市場
B24082,2015-02-03,19.881507873535156,英鎊,霸菱全球新興市場基金-A類英鎊配息型,yfinance,股票型,全球新興市場
B24082,2015-02-04,19.745664596557617,英鎊,霸菱全球新興市場基金-A類英鎊配息型,yfinance,股票型,全球新興市場
B24082,2015-02-05,19.70685386657715,英鎊,霸菱全球新興市場基金-A類英鎊配息型,yfinance,股票型,全球新興市場
B24082,2015-02-06,19.541900634765625,英鎊,霸菱全球新興市場基金-A類英鎊配息型,yfinance,股票型,全球新興市場
B24082,2015-02-09,19.43516731262207,英鎊,霸菱全球新興市場基金-A類英鎊配息型,yfinance,股票型,全球新興市場
B24082,2015-02-10,19.415761947631836,英鎊,霸菱全球新興市場基金-A類英鎊配息型,yfinance,股票型,全球新興市場
B24082,2015-02-11,19.33814239501953,英鎊,霸菱全球新興市場基金-A類英鎊配息型,yfinance,股票型,全球新興市場
B24082,2015-02-12,19.415761947631836,英鎊,霸菱全球新興市場基金-A類英鎊配息型,yfinance,股票型,全球新興市場
B24082,2015-02-13,19.600122451782227,英鎊,霸菱全球新興市場基金-A類英鎊配息型,yfinance,股票型,全球新興市場
B24082,2015-02-16,19.745664596557617,英鎊,霸菱全球新興市場基金-A類英鎊配息型,yfinance,股票型,全球新興市場
B24082,2015-02-17,19.6971492767334,英鎊,霸菱全球新興市場基金-A類英鎊配息型,yfinance,股票型,全球新興市場
B24082,2015-02-18,19.503089904785156,英鎊,霸菱全球新興市場基金-A類英鎊配息型,yfinance,股票型,全球新興市場
B24082,2015-02-19,19.551607131958008,英鎊,霸菱全球新興市場基金-A類英鎊配息型,yfinance,股票型,全球新興市場
B24082,2015-02-20,19.648632049560547,英鎊,霸菱全球新興市場基金-A類英鎊配息型,yfinance,股票型,全球新興市場
B24082,2015-02-23,19.600122451782227,英鎊,霸菱全球新興市場基金-A類英鎊配息型,yfinance,股票型,全球新興市場
B24082,2015-02-24,19.512792587280273,英鎊,霸菱全球新興市場基金-A類英鎊配息型,yfinance,股票型,全球新興市場
B24082,2015-02-25,19.600122451782227,英鎊,霸菱全球新興市場基金-A類英鎊配息型,yfinance,股票型,全球新興市場
B24082,2015-02-26,19.60982322692871,英鎊,霸菱全球新興市場基金-A類英鎊配息型,yfinance,股票型,全球新興市場
B24082,2015-02-27,19.590415954589844,英鎊,霸菱全球新興市場基金-A類英鎊配息型,yfinance,股票型,全球新興市場
B24082,2015-03-02,19.716554641723633,英鎊,霸菱全球新興市場基金-A類英鎊配息型,yfinance,股票型,全球新興市場
B24082,2015-03-03,19.745664596557617,英鎊,霸菱全球新興市場基金-A類英鎊配息型,yfinance,股票型,全球新興市場
B24082,2015-03-04,19.551607131958008,英鎊,霸菱全球新興市場基金-A類英鎊配息型,yfinance,股票型,全球新興市場
B24082,2015-03-05,19.571008682250977,英鎊,霸菱全球新興市場基金-A類英鎊配息型,yfinance,股票型,全球新興市場
B24082,2015-03-06,19.6971492767334,英鎊,霸菱全球新興市場基金-A類英鎊配息型,yfinance,股票型,全球新興市場
B24082,2015-03-09,19.512792587280273,英鎊,霸菱全球新興市場基金-A類英鎊配息型,yfinance,股票型,全球新興市場
B24082,2015-03-10,19.279922485351562,英鎊,霸菱全球新興市場基金-A類英鎊配息型,yfinance,股票型,全球新興市場
B24082,2015-03-11,19.20229721069336,英鎊,霸菱全球新興市場基金-A類英鎊配息型,yfinance,股票型,全球新興市場
B24082,2015-03-12,19.367246627807617,英鎊,霸菱全球新興市場基金-A類英鎊配息型,yfinance,股票型,全球新興市場
B24082,2015-03-13,19.493391036987305,英鎊,霸菱全球新興市場基金-A類英鎊配息型,yfinance,股票型,全球新興市場
B24082,2015-03-16,19.580713272094727,英鎊,霸菱全球新興市場基金-A類英鎊配息型,yfinance,股票型,全球新興市場
B24082,2015-03-18,20.056163787841797,英鎊,霸菱全球新興市場基金-A類英鎊配息型,yfinance,股票型,全球新興市場
B24082,2015-03-19,20.06586265563965,英鎊,霸菱全球新興市場基金-A類英鎊配息型,yfinance,股票型,全球新興市場
B24082,2015-03-20,20.192007064819336,英鎊,霸菱全球新興市場基金-A類英鎊配息型,yfinance,股票型,全球新興市場
B24082,2015-03-23,20.269624710083008,英鎊,霸菱全球新興市場基金-A類英鎊配息型,yfinance,股票型,全球新興市場
B24082,2015-03-24,20.356956481933594,英鎊,霸菱全球新興市場基金-A類英鎊配息型,yfinance,股票型,全球新興市場
B24082,2015-03-25,20.211408615112305,英鎊,霸菱全球新興市場基金-A類英鎊配息型,yfinance,股票型,全球新興市場
B24082,2015-03-26,19.920316696166992,英鎊,霸菱全球新興市場基金-A類英鎊配息型,yfinance,股票型,全球新興市場
B24082,2015-03-27,19.910615921020508,英鎊,霸菱全球新興市場基金-A類英鎊配息型,yfinance,股票型,全球新興市場
B24082,2015-03-30,20.259925842285156,英鎊,霸菱全球新興市場基金-A類英鎊配息型,yfinance,股票型,全球新興市場
B24082,2015-03-31,20.347251892089844,英鎊,霸菱全球新興市場基金-A類英鎊配息型,yfinance,股票型,全球新興市場
B24082,2015-04-01,20.502500534057617,英鎊,霸菱全球新興市場基金-A類英鎊配息型,yfinance,股票型,全球新興市場
B24082,2015-04-02,20.686857223510742,英鎊,霸菱全球新興市場基金-A類英鎊配息型,yfinance,股票型,全球新興市場
B24082,2015-04-07,20.812999725341797,英鎊,霸菱全球新興市場基金-A類英鎊配息型,yfinance,股票型,全球新興市場
B24082,2015-04-08,21.065275192260742,英鎊,霸菱全球新興市場基金-A類英鎊配息型,yfinance,股票型,全球新興市場
B24082,2015-04-09,21.48250961303711,英鎊,霸菱全球新興市場基金-A類英鎊配息型,yfinance,股票型,全球新興市場
B24082,2015-04-10,21.928848266601562,英鎊,霸菱全球新興市場基金-A類英鎊配息型,yfinance,股票型,全球新興市場
B24082,2015-04-13,22.19083023071289,英鎊,霸菱全球新興市場基金-A類英鎊配息型,yfinance,股票型,全球新興市場
B24082,2015-04-14,21.822111129760742,英鎊,霸菱全球新興市場基金-A類英鎊配息型,yfinance,股票型,全球新興市場
B24082,2015-04-15,21.628055572509766,英鎊,霸菱全球新興市場基金-A類英鎊配息型,yfinance,股票型,全球新興市場
B24082,2015-04-16,21.58924102783203,英鎊,霸菱全球新興市場基金-A類英鎊配息型,yfinance,股票型,全球新興市場
B24082,2015-04-17,21.443695068359375,英鎊,霸菱全球新興市場基金-A類英鎊配息型,yfinance,股票型,全球新興市場
B24082,2015-04-20,21.191417694091797,英鎊,霸菱全球新興市場基金-A類英鎊配息型,yfinance,股票型,全球新興市場
B24082,2015-04-21,21.375774383544922,英鎊,霸菱全球新興市場基金-A類英鎊配息型,yfinance,股票型,全球新興市場
B24082,2015-04-22,21.346664428710938,英鎊,霸菱全球新興市場基金-A類英鎊配息型,yfinance,股票型,全球新興市場
B24082,2015-04-23,21.46310043334961,英鎊,霸菱全球新興市場基金-A類英鎊配息型,yfinance,股票型,全球新興市場
B24082,2015-04-24,21.317554473876953,英鎊,霸菱全球新興市場基金-A類英鎊配息型,yfinance,股票型,全球新興市場
B24082,2015-04-27,21.414583206176758,英鎊,霸菱全球新興市場基金-A類英鎊配息型,yfinance,股票型,全球新興市場
B24082,2015-04-28,21.25933837890625,英鎊,霸菱全球新興市場基金-A類英鎊配息型,yfinance,股票型,全球新興市場
B24082,2015-04-29,20.997356414794922,英鎊,霸菱全球新興市場基金-A類英鎊配息型,yfinance,股票型,全球新興市場
B24082,2015-04-30,20.890625,英鎊,霸菱全球新興市場基金-A類英鎊配息型,yfinance,股票型,全球新興市場
B24082,2015-05-01,20.91973114013672,英鎊,霸菱全球新興市場基金-A類英鎊配息型,yfinance,股票型,全球新興市場
B24082,2015-05-05,20.91002655029297,英鎊,霸菱全球新興市場基金-A類英鎊配息型,yfinance,股票型,全球新興市場
B24082,2015-05-06,20.58012580871582,英鎊,霸菱全球新興市場基金-A類英鎊配息型,yfinance,股票型,全球新興市場
B24082,2015-05-07,20.308441162109375,英鎊,霸菱全球新興市場基金-A類英鎊配息型,yfinance,股票型,全球新興市場
B24082,2015-05-08,20.337549209594727,英鎊,霸菱全球新興市場基金-A類英鎊配息型,yfinance,股票型,全球新興市場
B24082,2015-05-11,20.444284439086914,英鎊,霸菱全球新興市場基金-A類英鎊配息型,yfinance,股票型,全球新興市場
B24082,2015-05-12,19.968833923339844,英鎊,霸菱全球新興市場基金-A類英鎊配息型,yfinance,股票型,全球新興市場
B24082,2015-05-13,19.988243103027344,英鎊,霸菱全球新興市場基金-A類英鎊配息型,yfinance,股票型,全球新興市場
B24082,2015-05-14,19.80388069152832,英鎊,霸菱全球新興市場基金-A類英鎊配息型,yfinance,股票型,全球新興市場
B24082,2015-05-15,20.1531925201416,英鎊,霸菱全球新興市場基金-A類英鎊配息型,yfinance,股票型,全球新興市場
B24082,2015-05-18,20.24051856994629,英鎊,霸菱全球新興市場基金-A類英鎊配息型,yfinance,股票型,全球新興市場
B24082,2015-05-19,20.560718536376953,英鎊,霸菱全球新興市場基金-A類英鎊配息型,yfinance,股票型,全球新興市場
B24082,2015-05-20,20.502500534057617,英鎊,霸菱全球新興市場基金-A類英鎊配息型,yfinance,股票型,全球新興市場
B24082,2015-05-21,20.347251892089844,英鎊,霸菱全球新興市場基金-A類英鎊配息型,yfinance,股票型,全球新興市場
B24082,2015-05-22,20.55101776123047,英鎊,霸菱全球新興市場基金-A類英鎊配息型,yfinance,股票型,全球新興市場
B24082,2015-05-26,20.890625,英鎊,霸菱全球新興市場基金-A類英鎊配息型,yfinance,股票型,全球新興市場
B24082,2015-05-27,20.696561813354492,英鎊,霸菱全球新興市場基金-A類英鎊配息型,yfinance,股票型,全球新興市場
B24082,2015-05-28,20.657751083374023,英鎊,霸菱全球新興市場基金-A類英鎊配息型,yfinance,股票型,全球新興市場
B24082,2015-05-29,20.677154541015625,英鎊,霸菱全球新興市場基金-A類英鎊配息型,yfinance,股票型,全球新興市場
B24082,2015-06-02,20.483095169067383,英鎊,霸菱全球新興市場基金-A類英鎊配息型,yfinance,股票型,全球新興市場
B24082,2015-06-03,20.444284439086914,英鎊,霸菱全球新興市場基金-A類英鎊配息型,yfinance,股票型,全球新興市場
B24082,2015-06-04,20.12407875061035,英鎊,霸菱全球新興市場基金-A類英鎊配息型,yfinance,股票型,全球新興市場
B24082,2015-06-05,20.259925842285156,英鎊,霸菱全球新興市場基金-A類英鎊配息型,yfinance,股票型,全球新興市場
B24082,2015-06-08,20.20170783996582,英鎊,霸菱全球新興市場基金-A類英鎊配息型,yfinance,股票型,全球新興市場
B24082,2015-06-09,19.939725875854492,英鎊,霸菱全球新興市場基金-A類英鎊配息型,yfinance,股票型,全球新興市場
B24082,2015-06-10,19.72625732421875,英鎊,霸菱全球新興市場基金-A類英鎊配息型,yfinance,股票型,全球新興市場
B24082,2015-06-11,19.78447723388672,英鎊,霸菱全球新興市場基金-A類英鎊配息型,yfinance,股票型,全球新興市場
B24082,2015-06-12,19.939725875854492,英鎊,霸菱全球新興市場基金-A類英鎊配息型,yfinance,股票型,全球新興市場
B24082,2015-06-15,19.72625732421875,英鎊,霸菱全球新興市場基金-A類英鎊配息型,yfinance,股票型,全球新興市場
B24082,2015-06-16,19.47397804260254,英鎊,霸菱全球新興市場基金-A類英鎊配息型,yfinance,股票型,全球新興市場
B24082,2015-06-17,19.406057357788086,英鎊,霸菱全球新興市場基金-A類英鎊配息型,yfinance,股票型,全球新興市場
B24082,2015-06-18,19.318729400634766,英鎊,霸菱全球新興市場基金-A類英鎊配息型,yfinance,股票型,全球新興市場
B24082,2015-06-19,19.406057357788086,英鎊,霸菱全球新興市場基金-A類英鎊配息型,yfinance,股票型,全球新興市場
B24082,2015-06-22,19.532197952270508,英鎊,霸菱全球新興市場基金-A類英鎊配息型,yfinance,股票型,全球新興市場
B24082,2015-06-23,19.72625732421875,英鎊,霸菱全球新興市場基金-A類英鎊配息型,yfinance,股票型,全球新興市場
B24082,2015-06-24,19.813587188720703,英鎊,霸菱全球新興市場基金-A類英鎊配息型,yfinance,股票型,全球新興市場
B24082,2015-06-25,19.84269905090332,英鎊,霸菱全球新興市場基金-A類英鎊配息型,yfinance,股票型,全球新興市場
B24082,2015-06-26,19.668041229248047,英鎊,霸菱全球新興市場基金-A類英鎊配息型,yfinance,股票型,全球新興市場
B24082,2015-06-29,19.309030532836914,英鎊,霸菱全球新興市場基金-A類英鎊配息型,yfinance,股票型,全球新興市場
B24082,2015-06-30,19.318729400634766,英鎊,霸菱全球新興市場基金-A類英鎊配息型,yfinance,股票型,全球新興市場
B24082,2015-07-01,19.483684539794922,英鎊,霸菱全球新興市場基金-A類英鎊配息型,yfinance,股票型,全球新興市場
B24082,2015-07-02,19.47397804260254,英鎊,霸菱全球新興市場基金-A類英鎊配息型,yfinance,股票型,全球新興市場
B24082,2015-07-03,19.386655807495117,英鎊,霸菱全球新興市場基金-A類英鎊配息型,yfinance,股票型,全球新興市場
B24082,2015-07-06,19.085859298706055,英鎊,霸菱全球新興市場基金-A類英鎊配息型,yfinance,股票型,全球新興市場
B24082,2015-07-07,18.998531341552734,英鎊,霸菱全球新興市場基金-A類英鎊配息型,yfinance,股票型,全球新興市場
B24082,2015-07-08,18.561893463134766,英鎊,霸菱全球新興市場基金-A類英鎊配息型,yfinance,股票型,全球新興市場
B24082,2015-07-09,18.794769287109375,英鎊,霸菱全球新興市場基金-A類英鎊配息型,yfinance,股票型,全球新興市場
B24082,2015-07-10,18.911203384399414,英鎊,霸菱全球新興市場基金-A類英鎊配息型,yfinance,股票型,全球新興市場
B24082,2015-07-13,19.182891845703125,英鎊,霸菱全球新興市場基金-A類英鎊配息型,yfinance,股票型,全球新興市場
B24082,2015-07-14,19.221698760986328,英鎊,霸菱全球新興市場基金-A類英鎊配息型,yfinance,股票型,全球新興市場
B24082,2015-07-15,19.134376525878906,英鎊,霸菱全球新興市場基金-A類英鎊配息型,yfinance,股票型,全球新興市場
B24082,2015-07-16,19.182891845703125,英鎊,霸菱全球新興市場基金-A類英鎊配息型,yfinance,股票型,全球新興市場
B24082,2015-07-17,19.3575439453125,英鎊,霸菱全球新興市場基金-A類英鎊配息型,yfinance,股票型,全球新興市場
B24082,2015-07-20,19.3575439453125,英鎊,霸菱全球新興市場基金-A類英鎊配息型,yfinance,股票型,全球新興市場
B24082,2015-07-21,19.3575439453125,英鎊,霸菱全球新興市場基金-A類英鎊配息型,yfinance,股票型,全球新興市場
B24082,2015-07-22,19.182891845703125,英鎊,霸菱全球新興市場基金-A類英鎊配息型,yfinance,股票型,全球新興市場
B24082,2015-07-23,19.14407730102539,英鎊,霸菱全球新興市場基金-A類英鎊配息型,yfinance,股票型,全球新興市場
B24082,2015-07-24,19.047048568725586,英鎊,霸菱全球新興市場基金-A類英鎊配息型,yfinance,股票型,全球新興市場
B24082,2015-07-27,18.581300735473633,英鎊,霸菱全球新興市場基金-A類英鎊配息型,yfinance,股票型,全球新興市場
B24082,2015-07-28,18.34842872619629,英鎊,霸菱全球新興市場基金-A類英鎊配息型,yfinance,股票型,全球新興市場
B24082,2015-07-29,18.34842872619629,英鎊,霸菱全球新興市場基金-A類英鎊配息型,yfinance,股票型,全球新興市場
B24082,2015-07-30,18.44546127319336,英鎊,霸菱全球新興市場基金-A類英鎊配息型,yfinance,股票型,全球新興市場
B24082,2015-07-31,18.523082733154297,英鎊,霸菱全球新興市場基金-A類英鎊配息型,yfinance,股票型,全球新興市場
B24082,2015-08-04,18.358129501342773,英鎊,霸菱全球新興市場基金-A類英鎊配息型,yfinance,股票型,全球新興市場
B24082,2015-08-05,18.367834091186523,英鎊,霸菱全球新興市場基金-A類英鎊配息型,yfinance,股票型,全球新興市場
B24082,2015-08-06,18.338727951049805,英鎊,霸菱全球新興市場基金-A類英鎊配息型,yfinance,股票型,全球新興市場
B24082,2015-08-07,18.2222900390625,英鎊,霸菱全球新興市場基金-A類英鎊配息型,yfinance,股票型,全球新興市場
B24082,2015-08-10,18.212587356567383,英鎊,霸菱全球新興市場基金-A類英鎊配息型,yfinance,股票型,全球新興市場
B24082,2015-08-11,18.241695404052734,英鎊,霸菱全球新興市場基金-A類英鎊配息型,yfinance,股票型,全球新興市場
B24082,2015-08-12,17.746841430664062,英鎊,霸菱全球新興市場基金-A類英鎊配息型,yfinance,股票型,全球新興市場
B24082,2015-08-13,17.65951156616211,英鎊,霸菱全球新興市場基金-A類英鎊配息型,yfinance,股票型,全球新興市場
B24082,2015-08-14,17.64011001586914,英鎊,霸菱全球新興市場基金-A類英鎊配息型,yfinance,股票型,全球新興市場
B24082,2015-08-17,17.54307746887207,英鎊,霸菱全球新興市場基金-A類英鎊配息型,yfinance,股票型,全球新興市場
B24082,2015-08-18,17.26169204711914,英鎊,霸菱全球新興市場基金-A類英鎊配息型,yfinance,股票型,全球新興市場
B24082,2015-08-19,17.164661407470703,英鎊,霸菱全球新興市場基金-A類英鎊配息型,yfinance,股票型,全球新興市場
B24082,2015-08-20,16.892974853515625,英鎊,霸菱全球新興市場基金-A類英鎊配息型,yfinance,股票型,全球新興市場
B24082,2015-08-21,16.533960342407227,英鎊,霸菱全球新興市場基金-A類英鎊配息型,yfinance,股票型,全球新興市場
B24082,2015-08-24,15.757722854614258,英鎊,霸菱全球新興市場基金-A類英鎊配息型,yfinance,股票型,全球新興市場
B24082,2015-08-25,16.077919006347656,英鎊,霸菱全球新興市場基金-A類英鎊配息型,yfinance,股票型,全球新興市場
B24082,2015-08-26,16.02940559387207,英鎊,霸菱全球新興市場基金-A類英鎊配息型,yfinance,股票型,全球新興市場
B24082,2015-08-27,16.669803619384766,英鎊,霸菱全球新興市場基金-A類英鎊配息型,yfinance,股票型,全球新興市場
B24082,2015-08-28,16.854162216186523,英鎊,霸菱全球新興市場基金-A類英鎊配息型,yfinance,股票型,全球新興市場
B24082,2015-09-01,16.47574234008789,英鎊,霸菱全球新興市場基金-A類英鎊配息型,yfinance,股票型,全球新興市場
B24082,2015-09-02,16.388416290283203,英鎊,霸菱全球新興市場基金-A類英鎊配息型,yfinance,股票型,全球新興市場
B24082,2015-09-03,16.446636199951172,英鎊,霸菱全球新興市場基金-A類英鎊配息型,yfinance,股票型,全球新興市場
B24082,2015-09-04,16.533960342407227,英鎊,霸菱全球新興市場基金-A類英鎊配息型,yfinance,股票型,全球新興市場
B24082,2015-09-07,16.174949645996094,英鎊,霸菱全球新興市場基金-A類英鎊配息型,yfinance,股票型,全球新興市場
B24082,2015-09-08,16.45633888244629,英鎊,霸菱全球新興市場基金-A類英鎊配息型,yfinance,股票型,全球新興市場
B24082,2015-09-09,16.689210891723633,英鎊,霸菱全球新興市場基金-A類英鎊配息型,yfinance,股票型,全球新興市場
B24082,2015-09-10,16.446636199951172,英鎊,霸菱全球新興市場基金-A類英鎊配息型,yfinance,股票型,全球新興市場
B24082,2015-09-11,16.398117065429688,英鎊,霸菱全球新興市場基金-A類英鎊配息型,yfinance,股票型,全球新興市場
B24082,2015-09-14,16.42722511291504,英鎊,霸菱全球新興市場基金-A類英鎊配息型,yfinance,股票型,全球新興市場
B24082,2015-09-15,16.47574234008789,英鎊,霸菱全球新興市場基金-A類英鎊配息型,yfinance,股票型,全球新興市場
B24082,2015-09-16,16.73772621154785,英鎊,霸菱全球新興市場基金-A類英鎊配息型,yfinance,股票型,全球新興市場
B24082,2015-09-17,16.844459533691406,英鎊,霸菱全球新興市場基金-A類英鎊配息型,yfinance,股票型,全球新興市場
B24082,2015-09-18,16.815349578857422,英鎊,霸菱全球新興市場基金-A類英鎊配息型,yfinance,股票型,全球新興市場
B24082,2015-09-21,16.77653694152832,英鎊,霸菱全球新興市場基金-A類英鎊配息型,yfinance,股票型,全球新興市場
B24082,2015-09-22,16.533960342407227,英鎊,霸菱全球新興市場基金-A類英鎊配息型,yfinance,股票型,全球新興市場
B24082,2015-09-23,16.62129020690918,英鎊,霸菱全球新興市場基金-A類英鎊配息型,yfinance,股票型,全球新興市場
B24082,2015-09-24,16.388416290283203,英鎊,霸菱全球新興市場基金-A類英鎊配息型,yfinance,股票型,全球新興市場
B24082,2015-09-25,16.543664932250977,英鎊,霸菱全球新興市場基金-A類英鎊配息型,yfinance,股票型,全球新興市場
B24082,2015-09-28,16.359310150146484,英鎊,霸菱全球新興市場基金-A類英鎊配息型,yfinance,股票型,全球新興市場
B24082,2015-09-29,16.24287223815918,英鎊,霸菱全球新興市場基金-A類英鎊配息型,yfinance,股票型,全球新興市場
B24082,2015-09-30,16.582475662231445,英鎊,霸菱全球新興市場基金-A類英鎊配息型,yfinance,股票型,全球新興市場
B24082,2015-10-01,16.873567581176758,英鎊,霸菱全球新興市場基金-A類英鎊配息型,yfinance,股票型,全球新興市場
B24082,2015-10-02,16.970598220825195,英鎊,霸菱全球新興市場基金-A類英鎊配息型,yfinance,股票型,全球新興市場
B24082,2015-10-05,17.24228286743164,英鎊,霸菱全球新興市場基金-A類英鎊配息型,yfinance,股票型,全球新興市場
B24082,2015-10-06,17.446044921875,英鎊,霸菱全球新興市場基金-A類英鎊配息型,yfinance,股票型,全球新興市場
B24082,2015-10-07,17.572187423706055,英鎊,霸菱全球新興市場基金-A類英鎊配息型,yfinance,股票型,全球新興市場
B24082,2015-10-08,17.50426483154297,英鎊,霸菱全球新興市場基金-A類英鎊配息型,yfinance,股票型,全球新興市場
B24082,2015-10-09,17.717729568481445,英鎊,霸菱全球新興市場基金-A類英鎊配息型,yfinance,股票型,全球新興市場
B24082,2015-10-12,17.88268280029297,英鎊,霸菱全球新興市場基金-A類英鎊配息型,yfinance,股票型,全球新興市場
B24082,2015-10-13,17.902090072631836,英鎊,霸菱全球新興市場基金-A類英鎊配息型,yfinance,股票型,全球新興市場
B24082,2015-10-14,17.708026885986328,英鎊,霸菱全球新興市場基金-A類英鎊配息型,yfinance,股票型,全球新興市場
B24082,2015-10-15,17.853574752807617,英鎊,霸菱全球新興市場基金-A類英鎊配息型,yfinance,股票型,全球新興市場
B24082,2015-10-16,18.03792953491211,英鎊,霸菱全球新興市場基金-A類英鎊配息型,yfinance,股票型,全球新興市場
B24082,2015-10-19,17.970012664794922,英鎊,霸菱全球新興市場基金-A類英鎊配息型,yfinance,股票型,全球新興市場
B24082,2015-10-20,17.999120712280273,英鎊,霸菱全球新興市場基金-A類英鎊配息型,yfinance,股票型,全球新興市場
B24082,2015-10-21,17.960308074951172,英鎊,霸菱全球新興市場基金-A類英鎊配息型,yfinance,股票型,全球新興市場
B24082,2015-10-22,17.902090072631836,英鎊,霸菱全球新興市場基金-A類英鎊配息型,yfinance,股票型,全球新興市場
B24082,2015-10-23,18.241695404052734,英鎊,霸菱全球新興市場基金-A類英鎊配息型,yfinance,股票型,全球新興市場
B24082,2015-10-27,18.2222900390625,英鎊,霸菱全球新興市場基金-A類英鎊配息型,yfinance,股票型,全球新興市場
B24082,2015-10-28,18.26110076904297,英鎊,霸菱全球新興市場基金-A類英鎊配息型,yfinance,股票型,全球新興市場
B24082,2015-10-29,18.08644676208496,英鎊,霸菱全球新興市場基金-A類英鎊配息型,yfinance,股票型,全球新興市場
B24082,2015-10-30,17.98941993713379,英鎊,霸菱全球新興市場基金-A類英鎊配息型,yfinance,股票型,全球新興市場
B24082,2015-11-02,17.88268280029297,英鎊,霸菱全球新興市場基金-A類英鎊配息型,yfinance,股票型,全球新興市場
B24082,2015-11-03,18.028228759765625,英鎊,霸菱全球新興市場基金-A類英鎊配息型,yfinance,股票型,全球新興市場
B24082,2015-11-04,18.338727951049805,英鎊,霸菱全球新興市場基金-A類英鎊配息型,yfinance,股票型,全球新興市場
B24082,2015-11-05,18.377538681030273,英鎊,霸菱全球新興市場基金-A類英鎊配息型,yfinance,股票型,全球新興市場
B24082,2015-11-06,18.6007080078125,英鎊,霸菱全球新興市場基金-A類英鎊配息型,yfinance,股票型,全球新興市場
B24082,2015-11-09,18.513376235961914,英鎊,霸菱全球新興市場基金-A類英鎊配息型,yfinance,股票型,全球新興市場
B24082,2015-11-10,18.26110076904297,英鎊,霸菱全球新興市場基金-A類英鎊配息型,yfinance,股票型,全球新興市場
B24082,2015-11-11,18.241695404052734,英鎊,霸菱全球新興市場基金-A類英鎊配息型,yfinance,股票型,全球新興市場
B24082,2015-11-12,18.30961799621582,英鎊,霸菱全球新興市場基金-A類英鎊配息型,yfinance,股票型,全球新興市場
B24082,2015-11-13,18.076744079589844,英鎊,霸菱全球新興市場基金-A類英鎊配息型,yfinance,股票型,全球新興市場
B24082,2015-11-16,18.008819580078125,英鎊,霸菱全球新興市場基金-A類英鎊配息型,yfinance,股票型,全球新興市場
B24082,2015-11-17,18.26110076904297,英鎊,霸菱全球新興市場基金-A類英鎊配息型,yfinance,股票型,全球新興市場
B24082,2015-11-18,18.23199462890625,英鎊,霸菱全球新興市場基金-A類英鎊配息型,yfinance,股票型,全球新興市場
B24082,2015-11-19,18.377538681030273,英鎊,霸菱全球新興市場基金-A類英鎊配息型,yfinance,股票型,全球新興市場
B24082,2015-11-20,18.552194595336914,英鎊,霸菱全球新興市場基金-A類英鎊配息型,yfinance,股票型,全球新興市場
B24082,2015-11-23,18.84328269958496,英鎊,霸菱全球新興市場基金-A類英鎊配息型,yfinance,股票型,全球新興市場
B24082,2015-11-24,18.765657424926758,英鎊,霸菱全球新興市場基金-A類英鎊配息型,yfinance,股票型,全球新興市場
B24082,2015-11-25,18.794769287109375,英鎊,霸菱全球新興市場基金-A類英鎊配息型,yfinance,股票型,全球新興市場
B24082,2015-11-26,18.707441329956055,英鎊,霸菱全球新興市場基金-A類英鎊配息型,yfinance,股票型,全球新興市場
B24082,2015-11-27,18.503677368164062,英鎊,霸菱全球新興市場基金-A類英鎊配息型,yfinance,股票型,全球新興市場
B24082,2015-11-30,18.396944046020508,英鎊,霸菱全球新興市場基金-A類英鎊配息型,yfinance,股票型,全球新興市場
B24082,2015-12-01,18.44546127319336,英鎊,霸菱全球新興市場基金-A類英鎊配息型,yfinance,股票型,全球新興市場
B24082,2015-12-02,18.591005325317383,英鎊,霸菱全球新興市場基金-A類英鎊配息型,yfinance,股票型,全球新興市場
B24082,2015-12-03,18.707441329956055,英鎊,霸菱全球新興市場基金-A類英鎊配息型,yfinance,股票型,全球新興市場
B24082,2015-12-04,18.358129501342773,英鎊,霸菱全球新興市場基金-A類英鎊配息型,yfinance,股票型,全球新興市場
B24082,2015-12-07,18.406644821166992,英鎊,霸菱全球新興市場基金-A類英鎊配息型,yfinance,股票型,全球新興市場
B24082,2015-12-08,18.290212631225586,英鎊,霸菱全球新興市場基金-A類英鎊配息型,yfinance,股票型,全球新興市場
B24082,2015-12-09,18.047636032104492,英鎊,霸菱全球新興市場基金-A類英鎊配息型,yfinance,股票型,全球新興市場
B24082,2015-12-10,17.727436065673828,英鎊,霸菱全球新興市場基金-A類英鎊配息型,yfinance,股票型,全球新興市場
B24082,2015-12-11,17.455747604370117,英鎊,霸菱全球新興市場基金-A類英鎊配息型,yfinance,股票型,全球新興市場
B24082,2015-12-14,17.446044921875,英鎊,霸菱全球新興市場基金-A類英鎊配息型,yfinance,股票型,全球新興市場
B24082,2015-12-15,17.591590881347656,英鎊,霸菱全球新興市場基金-A類英鎊配息型,yfinance,股票型,全球新興市場
B24082,2015-12-16,17.950603485107422,英鎊,霸菱全球新興市場基金-A類英鎊配息型,yfinance,股票型,全球新興市場
B24082,2015-12-17,18.34842872619629,英鎊,霸菱全球新興市場基金-A類英鎊配息型,yfinance,股票型,全球新興市場
B24082,2015-12-18,18.23199462890625,英鎊,霸菱全球新興市場基金-A類英鎊配息型,yfinance,股票型,全球新興市場
B24082,2015-12-21,18.17377281188965,英鎊,霸菱全球新興市場基金-A類英鎊配息型,yfinance,股票型,全球新興市場
B24082,2015-12-22,18.26110076904297,英鎊,霸菱全球新興市場基金-A類英鎊配息型,yfinance,股票型,全球新興市場
B24082,2015-12-23,18.34842872619629,英鎊,霸菱全球新興市場基金-A類英鎊配息型,yfinance,股票型,全球新興市場
B24082,2015-12-24,18.367834091186523,英鎊,霸菱全球新興市場基金-A類英鎊配息型,yfinance,股票型,全球新興市場
B24082,2015-12-30,18.34842872619629,英鎊,霸菱全球新興市場基金-A類英鎊配息型,yfinance,股票型,全球新興市場
B24082,2015-12-31,18.329021453857422,英鎊,霸菱全球新興市場基金-A類英鎊配息型,yfinance,股票型,全球新興市場
B24085,2015-01-02,59.51331329345703,英鎊,霸菱澳洲基金-A類英鎊配息型,yfinance,股票型,澳洲/大洋洲
B24085,2015-01-05,59.90614700317383,英鎊,霸菱澳洲基金-A類英鎊配息型,yfinance,股票型,澳洲/大洋洲
B24085,2015-01-06,59.93888473510742,英鎊,霸菱澳洲基金-A類英鎊配息型,yfinance,股票型,澳洲/大洋洲
B24085,2015-01-07,59.66062545776367,英鎊,霸菱澳洲基金-A類英鎊配息型,yfinance,股票型,澳洲/大洋洲
B24085,2015-01-08,60.290771484375,英鎊,霸菱澳洲基金-A類英鎊配息型,yfinance,股票型,澳洲/大洋洲
B24085,2015-01-09,61.01097869873047,英鎊,霸菱澳洲基金-A類英鎊配息型,yfinance,股票型,澳洲/大洋洲
B24085,2015-01-12,60.716339111328125,英鎊,霸菱澳洲基金-A類英鎊配息型,yfinance,股票型,澳洲/大洋洲
B24085,2015-01-13,60.43810272216797,英鎊,霸菱澳洲基金-A類英鎊配息型,yfinance,股票型,澳洲/大洋洲
B24085,2015-01-14,59.423282623291016,英鎊,霸菱澳洲基金-A類英鎊配息型,yfinance,股票型,澳洲/大洋洲
B24085,2015-01-15,58.85860061645508,英鎊,霸菱澳洲基金-A類英鎊配息型,yfinance,股票型,澳洲/大洋洲
B24085,2015-01-16,58.85860061645508,英鎊,霸菱澳洲基金-A類英鎊配息型,yfinance,股票型,澳洲/大洋洲
B24085,2015-01-19,59.26780319213867,英鎊,霸菱澳洲基金-A類英鎊配息型,yfinance,股票型,澳洲/大洋洲
B24085,2015-01-20,59.38237380981445,英鎊,霸菱澳洲基金-A類英鎊配息型,yfinance,股票型,澳洲/大洋洲
B24085,2015-01-21,60.38080978393555,英鎊,霸菱澳洲基金-A類英鎊配息型,yfinance,股票型,澳洲/大洋洲
B24085,2015-01-22,59.74246597290039,英鎊,霸菱澳洲基金-A類英鎊配息型,yfinance,股票型,澳洲/大洋洲
B24085,2015-01-23,60.339881896972656,英鎊,霸菱澳洲基金-A類英鎊配息型,yfinance,股票型,澳洲/大洋洲
B24085,2015-01-26,59.81612777709961,英鎊,霸菱澳洲基金-A類英鎊配息型,yfinance,股票型,澳洲/大洋洲
B24085,2015-01-27,60.50355911254883,英鎊,霸菱澳洲基金-A類英鎊配息型,yfinance,股票型,澳洲/大洋洲
B24085,2015-01-28,60.290771484375,英鎊,霸菱澳洲基金-A類英鎊配息型,yfinance,股票型,澳洲/大洋洲
B24085,2015-01-29,59.52149963378906,英鎊,霸菱澳洲基金-A類英鎊配息型,yfinance,股票型,澳洲/大洋洲
B24085,2015-01-30,59.84885787963867,英鎊,霸菱澳洲基金-A類英鎊配息型,yfinance,股票型,澳洲/大洋洲
B24085,2015-02-02,60.52811813354492,英鎊,霸菱澳洲基金-A類英鎊配息型,yfinance,股票型,澳洲/大洋洲
B24085,2015-02-03,60.50355911254883,英鎊,霸菱澳洲基金-A類英鎊配息型,yfinance,股票型,澳洲/大洋洲
B24085,2015-02-04,61.34650421142578,英鎊,霸菱澳洲基金-A類英鎊配息型,yfinance,股票型,澳洲/大洋洲
B24085,2015-02-05,61.4283447265625,英鎊,霸菱澳洲基金-A類英鎊配息型,yfinance,股票型,澳洲/大洋洲
B24085,2015-02-06,61.36287307739258,英鎊,霸菱澳洲基金-A類英鎊配息型,yfinance,股票型,澳洲/大洋洲
B24085,2015-02-09,61.73933029174805,英鎊,霸菱澳洲基金-A類英鎊配息型,yfinance,股票型,澳洲/大洋洲
B24085,2015-02-10,61.231929779052734,英鎊,霸菱澳洲基金-A類英鎊配息型,yfinance,股票型,澳洲/大洋洲
B24085,2015-02-11,60.708160400390625,英鎊,霸菱澳洲基金-A類英鎊配息型,yfinance,股票型,澳洲/大洋洲
B24085,2015-02-12,60.36444091796875,英鎊,霸菱澳洲基金-A類英鎊配息型,yfinance,股票型,澳洲/大洋洲
B24085,2015-02-13,61.6083869934082,英鎊,霸菱澳洲基金-A類英鎊配息型,yfinance,股票型,澳洲/大洋洲
B24085,2015-02-16,61.993038177490234,英鎊,霸菱澳洲基金-A類英鎊配息型,yfinance,股票型,澳洲/大洋洲
B24085,2015-02-17,61.943939208984375,英鎊,霸菱澳洲基金-A類英鎊配息型,yfinance,股票型,澳洲/大洋洲
B24085,2015-02-18,62.35313415527344,英鎊,霸菱澳洲基金-A類英鎊配息型,yfinance,股票型,澳洲/大洋洲
B24085,2015-02-19,62.042137145996094,英鎊,霸菱澳洲基金-A類英鎊配息型,yfinance,股票型,澳洲/大洋洲
B24085,2015-02-20,62.484066009521484,英鎊,霸菱澳洲基金-A類英鎊配息型,yfinance,股票型,澳洲/大洋洲
B24085,2015-02-23,62.3858757019043,英鎊,霸菱澳洲基金-A類英鎊配息型,yfinance,股票型,澳洲/大洋洲
B24085,2015-02-24,61.81299591064453,英鎊,霸菱澳洲基金-A類英鎊配息型,yfinance,股票型,澳洲/大洋洲
B24085,2015-02-25,62.9505729675293,英鎊,霸菱澳洲基金-A類英鎊配息型,yfinance,股票型,澳洲/大洋洲
B24085,2015-02-26,62.66411209106445,英鎊,霸菱澳洲基金-A類英鎊配息型,yfinance,股票型,澳洲/大洋洲
B24085,2015-02-27,63.04874801635742,英鎊,霸菱澳洲基金-A類英鎊配息型,yfinance,股票型,澳洲/大洋洲
B24085,2015-03-02,63.28610610961914,英鎊,霸菱澳洲基金-A類英鎊配息型,yfinance,股票型,澳洲/大洋洲
B24085,2015-03-03,63.310646057128906,英鎊,霸菱澳洲基金-A類英鎊配息型,yfinance,股票型,澳洲/大洋洲
B24085,2015-03-04,63.310646057128906,英鎊,霸菱澳洲基金-A類英鎊配息型,yfinance,股票型,澳洲/大洋洲
B24085,2015-03-05,63.539794921875,英鎊,霸菱澳洲基金-A類英鎊配息型,yfinance,股票型,澳洲/大洋洲
B24085,2015-03-06,63.81805419921875,英鎊,霸菱澳洲基金-A類英鎊配息型,yfinance,股票型,澳洲/大洋洲
B24085,2015-03-09,62.63957214355469,英鎊,霸菱澳洲基金-A類英鎊配息型,yfinance,股票型,澳洲/大洋洲
B24085,2015-03-10,62.361305236816406,英鎊,霸菱澳洲基金-A類英鎊配息型,yfinance,股票型,澳洲/大洋洲
B24085,2015-03-11,61.96030807495117,英鎊,霸菱澳洲基金-A類英鎊配息型,yfinance,股票型,澳洲/大洋洲
B24085,2015-03-12,63.41704177856445,英鎊,霸菱澳洲基金-A類英鎊配息型,yfinance,股票型,澳洲/大洋洲
B24085,2015-03-13,63.26972961425781,英鎊,霸菱澳洲基金-A類英鎊配息型,yfinance,股票型,澳洲/大洋洲
B24085,2015-03-16,63.04059600830078,英鎊,霸菱澳洲基金-A類英鎊配息型,yfinance,股票型,澳洲/大洋洲
B24085,2015-03-18,63.90807342529297,英鎊,霸菱澳洲基金-A類英鎊配息型,yfinance,股票型,澳洲/大洋洲
B24085,2015-03-19,64.30908203125,英鎊,霸菱澳洲基金-A類英鎊配息型,yfinance,股票型,澳洲/大洋洲
B24085,2015-03-20,65.34026336669922,英鎊,霸菱澳洲基金-A類英鎊配息型,yfinance,股票型,澳洲/大洋洲
B24085,2015-03-23,65.47938537597656,英鎊,霸菱澳洲基金-A類英鎊配息型,yfinance,股票型,澳洲/大洋洲
B24085,2015-03-24,66.19139099121094,英鎊,霸菱澳洲基金-A類英鎊配息型,yfinance,股票型,澳洲/大洋洲
B24085,2015-03-25,66.23231506347656,英鎊,霸菱澳洲基金-A類英鎊配息型,yfinance,股票型,澳洲/大洋洲
B24085,2015-03-26,64.9310531616211,英鎊,霸菱澳洲基金-A類英鎊配息型,yfinance,股票型,澳洲/大洋洲
B24085,2015-03-27,64.95561981201172,英鎊,霸菱澳洲基金-A類英鎊配息型,yfinance,股票型,澳洲/大洋洲
B24085,2015-03-30,63.84260177612305,英鎊,霸菱澳洲基金-A類英鎊配息型,yfinance,股票型,澳洲/大洋洲
B24085,2015-03-31,63.940799713134766,英鎊,霸菱澳洲基金-A類英鎊配息型,yfinance,股票型,澳洲/大洋洲
B24085,2015-04-01,63.695289611816406,英鎊,霸菱澳洲基金-A類英鎊配息型,yfinance,股票型,澳洲/大洋洲
B24085,2015-04-02,63.68710708618164,英鎊,霸菱澳洲基金-A類英鎊配息型,yfinance,股票型,澳洲/大洋洲
B24085,2015-04-07,64.66917419433594,英鎊,霸菱澳洲基金-A類英鎊配息型,yfinance,股票型,澳洲/大洋洲
B24085,2015-04-08,65.1029052734375,英鎊,霸菱澳洲基金-A類英鎊配息型,yfinance,股票型,澳洲/大洋洲
B24085,2015-04-09,65.37297821044922,英鎊,霸菱澳洲基金-A類英鎊配息型,yfinance,股票型,澳洲/大洋洲
B24085,2015-04-10,66.02770233154297,英鎊,霸菱澳洲基金-A類英鎊配息型,yfinance,股票型,澳洲/大洋洲
B24085,2015-04-13,65.35662078857422,英鎊,霸菱澳洲基金-A類英鎊配息型,yfinance,股票型,澳洲/大洋洲
B24085,2015-04-14,65.05379486083984,英鎊,霸菱澳洲基金-A類英鎊配息型,yfinance,股票型,澳洲/大洋洲
B24085,2015-04-15,64.29270935058594,英鎊,霸菱澳洲基金-A類英鎊配息型,yfinance,股票型,澳洲/大洋洲
B24085,2015-04-16,65.454833984375,英鎊,霸菱澳洲基金-A類英鎊配息型,yfinance,股票型,澳洲/大洋洲
B24085,2015-04-17,64.41546630859375,英鎊,霸菱澳洲基金-A類英鎊配息型,yfinance,股票型,澳洲/大洋洲
B24085,2015-04-20,64.16177368164062,英鎊,霸菱澳洲基金-A類英鎊配息型,yfinance,股票型,澳洲/大洋洲
B24085,2015-04-21,64.30089569091797,英鎊,霸菱澳洲基金-A類英鎊配息型,yfinance,股票型,澳洲/大洋洲
B24085,2015-04-22,63.85895919799805,英鎊,霸菱澳洲基金-A類英鎊配息型,yfinance,股票型,澳洲/大洋洲
B24085,2015-04-23,63.482505798339844,英鎊,霸菱澳洲基金-A類英鎊配息型,yfinance,股票型,澳洲/大洋洲
B24085,2015-04-24,63.99808120727539,英鎊,霸菱澳洲基金-A類英鎊配息型,yfinance,股票型,澳洲/大洋洲
B24085,2015-04-27,64.59552001953125,英鎊,霸菱澳洲基金-A類英鎊配息型,yfinance,股票型,澳洲/大洋洲
B24085,2015-04-28,64.39093017578125,英鎊,霸菱澳洲基金-A類英鎊配息型,yfinance,股票型,澳洲/大洋洲
B24085,2015-04-29,63.22063064575195,英鎊,霸菱澳洲基金-A類英鎊配息型,yfinance,股票型,澳洲/大洋洲
B24085,2015-04-30,61.943939208984375,英鎊,霸菱澳洲基金-A類英鎊配息型,yfinance,股票型,澳洲/大洋洲
B24085,2015-05-01,62.56934356689453,英鎊,霸菱澳洲基金-A類英鎊配息型,yfinance,股票型,澳洲/大洋洲
B24085,2015-05-05,63.352394104003906,英鎊,霸菱澳洲基金-A類英鎊配息型,yfinance,股票型,澳洲/大洋洲
B24085,2015-05-06,62.577667236328125,英鎊,霸菱澳洲基金-A類英鎊配息型,yfinance,股票型,澳洲/大洋洲
B24085,2015-05-07,61.93622589111328,英鎊,霸菱澳洲基金-A類英鎊配息型,yfinance,股票型,澳洲/大洋洲
B24085,2015-05-08,60.88661575317383,英鎊,霸菱澳洲基金-A類英鎊配息型,yfinance,股票型,澳洲/大洋洲
B24085,2015-05-11,60.4700927734375,英鎊,霸菱澳洲基金-A類英鎊配息型,yfinance,股票型,澳洲/大洋洲
B24085,2015-05-12,60.869937896728516,英鎊,霸菱澳洲基金-A類英鎊配息型,yfinance,股票型,澳洲/大洋洲
B24085,2015-05-13,61.66965866088867,英鎊,霸菱澳洲基金-A類英鎊配息型,yfinance,股票型,澳洲/大洋洲
B24085,2015-05-14,61.07821273803711,英鎊,霸菱澳洲基金-A類英鎊配息型,yfinance,股票型,澳洲/大洋洲
B24085,2015-05-15,61.20316696166992,英鎊,霸菱澳洲基金-A類英鎊配息型,yfinance,股票型,澳洲/大洋洲
B24085,2015-05-18,60.45343017578125,英鎊,霸菱澳洲基金-A類英鎊配息型,yfinance,股票型,澳洲/大洋洲
B24085,2015-05-19,60.60337829589844,英鎊,霸菱澳洲基金-A類英鎊配息型,yfinance,股票型,澳洲/大洋洲
B24085,2015-05-20,60.170204162597656,英鎊,霸菱澳洲基金-A類英鎊配息型,yfinance,股票型,澳洲/大洋洲
B24085,2015-05-21,60.253509521484375,英鎊,霸菱澳洲基金-A類英鎊配息型,yfinance,股票型,澳洲/大洋洲
B24085,2015-05-22,60.186866760253906,英鎊,霸菱澳洲基金-A類英鎊配息型,yfinance,股票型,澳洲/大洋洲
B24085,2015-05-26,61.536373138427734,英鎊,霸菱澳洲基金-A類英鎊配息型,yfinance,股票型,澳洲/大洋洲
B24085,2015-05-27,60.39512252807617,英鎊,霸菱澳洲基金-A類英鎊配息型,yfinance,股票型,澳洲/大洋洲
B24085,2015-05-28,60.17852783203125,英鎊,霸菱澳洲基金-A類英鎊配息型,yfinance,股票型,澳洲/大洋洲
B24085,2015-05-29,60.736663818359375,英鎊,霸菱澳洲基金-A類英鎊配息型,yfinance,股票型,澳洲/大洋洲
B24085,2015-06-02,59.786991119384766,英鎊,霸菱澳洲基金-A類英鎊配息型,yfinance,股票型,澳洲/大洋洲
B24085,2015-06-03,59.57874298095703,英鎊,霸菱澳洲基金-A類英鎊配息型,yfinance,股票型,澳洲/大洋洲
B24085,2015-06-04,58.19590377807617,英鎊,霸菱澳洲基金-A類英鎊配息型,yfinance,股票型,澳洲/大洋洲
B24085,2015-06-05,58.28753662109375,英鎊,霸菱澳洲基金-A類英鎊配息型,yfinance,股票型,澳洲/大洋洲
B24085,2015-06-08,58.029293060302734,英鎊,霸菱澳洲基金-A類英鎊配息型,yfinance,股票型,澳洲/大洋洲
B24085,2015-06-09,57.83769607543945,英鎊,霸菱澳洲基金-A類英鎊配息型,yfinance,股票型,澳洲/大洋洲
B24085,2015-06-10,57.546138763427734,英鎊,霸菱澳洲基金-A類英鎊配息型,yfinance,股票型,澳洲/大洋洲
B24085,2015-06-11,58.35417938232422,英鎊,霸菱澳洲基金-A類英鎊配息型,yfinance,股票型,澳洲/大洋洲
B24085,2015-06-12,57.904335021972656,英鎊,霸菱澳洲基金-A類英鎊配息型,yfinance,股票型,澳洲/大洋洲
B24085,2015-06-15,58.137596130371094,英鎊,霸菱澳洲基金-A類英鎊配息型,yfinance,股票型,澳洲/大洋洲
B24085,2015-06-16,57.796043395996094,英鎊,霸菱澳洲基金-A類英鎊配息型,yfinance,股票型,澳洲/大洋洲
B24085,2015-06-17,57.296226501464844,英鎊,霸菱澳洲基金-A類英鎊配息型,yfinance,股票型,澳洲/大洋洲
B24085,2015-06-18,57.037986755371094,英鎊,霸菱澳洲基金-A類英鎊配息型,yfinance,股票型,澳洲/大洋洲
B24085,2015-06-19,57.35453414916992,英鎊,霸菱澳洲基金-A類英鎊配息型,yfinance,股票型,澳洲/大洋洲
B24085,2015-06-22,57.60444641113281,英鎊,霸菱澳洲基金-A類英鎊配息型,yfinance,股票型,澳洲/大洋洲
B24085,2015-06-23,58.154239654541016,英鎊,霸菱澳洲基金-A類英鎊配息型,yfinance,股票型,澳洲/大洋洲
B24085,2015-06-24,58.645751953125,英鎊,霸菱澳洲基金-A類英鎊配息型,yfinance,股票型,澳洲/大洋洲
B24085,2015-06-25,58.31252670288086,英鎊,霸菱澳洲基金-A類英鎊配息型,yfinance,股票型,澳洲/大洋洲
B24085,2015-06-26,57.21291732788086,英鎊,霸菱澳洲基金-A類英鎊配息型,yfinance,股票型,澳洲/大洋洲
B24085,2015-06-29,55.84674072265625,英鎊,霸菱澳洲基金-A類英鎊配息型,yfinance,股票型,澳洲/大洋洲
B24085,2015-06-30,56.25492477416992,英鎊,霸菱澳洲基金-A類英鎊配息型,yfinance,股票型,澳洲/大洋洲
B24085,2015-07-01,57.28789520263672,英鎊,霸菱澳洲基金-A類英鎊配息型,yfinance,股票型,澳洲/大洋洲
B24085,2015-07-02,57.62944030761719,英鎊,霸菱澳洲基金-A類英鎊配息型,yfinance,股票型,澳洲/大洋洲
B24085,2015-07-03,56.17995834350586,英鎊,霸菱澳洲基金-A類英鎊配息型,yfinance,股票型,澳洲/大洋洲
B24085,2015-07-06,55.74677658081055,英鎊,霸菱澳洲基金-A類英鎊配息型,yfinance,股票型,澳洲/大洋洲
B24085,2015-07-07,57.02132797241211,英鎊,霸菱澳洲基金-A類英鎊配息型,yfinance,股票型,澳洲/大洋洲
B24085,2015-07-08,56.24658966064453,英鎊,霸菱澳洲基金-A類英鎊配息型,yfinance,股票型,澳洲/大洋洲
B24085,2015-07-09,56.09664535522461,英鎊,霸菱澳洲基金-A類英鎊配息型,yfinance,股票型,澳洲/大洋洲
B24085,2015-07-10,56.0716552734375,英鎊,霸菱澳洲基金-A類英鎊配息型,yfinance,股票型,澳洲/大洋洲
B24085,2015-07-13,55.546844482421875,英鎊,霸菱澳洲基金-A類英鎊配息型,yfinance,股票型,澳洲/大洋洲
B24085,2015-07-14,56.5131721496582,英鎊,霸菱澳洲基金-A類英鎊配息型,yfinance,股票型,澳洲/大洋洲
B24085,2015-07-15,57.1712646484375,英鎊,霸菱澳洲基金-A類英鎊配息型,yfinance,股票型,澳洲/大洋洲
B24085,2015-07-16,57.246238708496094,英鎊,霸菱澳洲基金-A類英鎊配息型,yfinance,股票型,澳洲/大洋洲
B24085,2015-07-17,57.36286163330078,英鎊,霸菱澳洲基金-A類英鎊配息型,yfinance,股票型,澳洲/大洋洲
B24085,2015-07-20,57.92100143432617,英鎊,霸菱澳洲基金-A類英鎊配息型,yfinance,股票型,澳洲/大洋洲
B24085,2015-07-21,58.22922897338867,英鎊,霸菱澳洲基金-A類英鎊配息型,yfinance,股票型,澳洲/大洋洲
B24085,2015-07-22,57.262901306152344,英鎊,霸菱澳洲基金-A類英鎊配息型,yfinance,股票型,澳洲/大洋洲
B24085,2015-07-23,57.25457000732422,英鎊,霸菱澳洲基金-A類英鎊配息型,yfinance,股票型,澳洲/大洋洲
B24085,2015-07-24,56.479854583740234,英鎊,霸菱澳洲基金-A類英鎊配息型,yfinance,股票型,澳洲/大洋洲
B24085,2015-07-27,56.56315612792969,英鎊,霸菱澳洲基金-A類英鎊配息型,yfinance,股票型,澳洲/大洋洲
B24085,2015-07-28,56.279911041259766,英鎊,霸菱澳洲基金-A類英鎊配息型,yfinance,股票型,澳洲/大洋洲
B24085,2015-07-29,56.404876708984375,英鎊,霸菱澳洲基金-A類英鎊配息型,yfinance,股票型,澳洲/大洋洲
B24085,2015-07-30,56.404876708984375,英鎊,霸菱澳洲基金-A類英鎊配息型,yfinance,股票型,澳洲/大洋洲
B24085,2015-07-31,57.12128829956055,英鎊,霸菱澳洲基金-A類英鎊配息型,yfinance,股票型,澳洲/大洋洲
B24085,2015-08-04,58.36251449584961,英鎊,霸菱澳洲基金-A類英鎊配息型,yfinance,股票型,澳洲/大洋洲
B24085,2015-08-05,57.60444641113281,英鎊,霸菱澳洲基金-A類英鎊配息型,yfinance,股票型,澳洲/大洋洲
B24085,2015-08-06,57.01299285888672,英鎊,霸菱澳洲基金-A類英鎊配息型,yfinance,股票型,澳洲/大洋洲
B24085,2015-08-07,56.204952239990234,英鎊,霸菱澳洲基金-A類英鎊配息型,yfinance,股票型,澳洲/大洋洲
B24085,2015-08-10,56.379886627197266,英鎊,霸菱澳洲基金-A類英鎊配息型,yfinance,股票型,澳洲/大洋洲
B24085,2015-08-11,55.063690185546875,英鎊,霸菱澳洲基金-A類英鎊配息型,yfinance,股票型,澳洲/大洋洲
B24085,2015-08-12,54.58885955810547,英鎊,霸菱澳洲基金-A類英鎊配息型,yfinance,股票型,澳洲/大洋洲
B24085,2015-08-13,54.5222053527832,英鎊,霸菱澳洲基金-A類英鎊配息型,yfinance,股票型,澳洲/大洋洲
B24085,2015-08-14,54.722145080566406,英鎊,霸菱澳洲基金-A類英鎊配息型,yfinance,股票型,澳洲/大洋洲
B24085,2015-08-17,54.68050003051758,英鎊,霸菱澳洲基金-A類英鎊配息型,yfinance,股票型,澳洲/大洋洲
B24085,2015-08-18,54.005733489990234,英鎊,霸菱澳洲基金-A類英鎊配息型,yfinance,股票型,澳洲/大洋洲
B24085,2015-08-19,54.68882751464844,英鎊,霸菱澳洲基金-A類英鎊配息型,yfinance,股票型,澳洲/大洋洲
B24085,2015-08-20,53.605873107910156,英鎊,霸菱澳洲基金-A類英鎊配息型,yfinance,股票型,澳洲/大洋洲
B24085,2015-08-21,52.88113021850586,英鎊,霸菱澳洲基金-A類英鎊配息型,yfinance,股票型,澳洲/大洋洲
B24085,2015-08-24,49.78223419189453,英鎊,霸菱澳洲基金-A類英鎊配息型,yfinance,股票型,澳洲/大洋洲
B24085,2015-08-25,52.17305374145508,英鎊,霸菱澳洲基金-A類英鎊配息型,yfinance,股票型,澳洲/大洋洲
B24085,2015-08-26,51.35667419433594,英鎊,霸菱澳洲基金-A類英鎊配息型,yfinance,股票型,澳洲/大洋洲
B24085,2015-08-27,53.28932571411133,英鎊,霸菱澳洲基金-A類英鎊配息型,yfinance,股票型,澳洲/大洋洲
B24085,2015-08-28,52.86447525024414,英鎊,霸菱澳洲基金-A類英鎊配息型,yfinance,股票型,澳洲/大洋洲
B24085,2015-09-01,51.14009094238281,英鎊,霸菱澳洲基金-A類英鎊配息型,yfinance,股票型,澳洲/大洋洲
B24085,2015-09-02,50.87351608276367,英鎊,霸菱澳洲基金-A類英鎊配息型,yfinance,股票型,澳洲/大洋洲
B24085,2015-09-03,50.30705261230469,英鎊,霸菱澳洲基金-A類英鎊配息型,yfinance,股票型,澳洲/大洋洲
B24085,2015-09-04,50.5986213684082,英鎊,霸菱澳洲基金-A類英鎊配息型,yfinance,股票型,澳洲/大洋洲
B24085,2015-09-07,50.22374725341797,英鎊,霸菱澳洲基金-A類英鎊配息型,yfinance,股票型,澳洲/大洋洲
B24085,2015-09-08,51.464969635009766,英鎊,霸菱澳洲基金-A類英鎊配息型,yfinance,股票型,澳洲/大洋洲
B24085,2015-09-09,52.64788055419922,英鎊,霸菱澳洲基金-A類英鎊配息型,yfinance,股票型,澳洲/大洋洲
B24085,2015-09-10,51.69822311401367,英鎊,霸菱澳洲基金-A類英鎊配息型,yfinance,股票型,澳洲/大洋洲
B24085,2015-09-11,51.290035247802734,英鎊,霸菱澳洲基金-A類英鎊配息型,yfinance,股票型,澳洲/大洋洲
B24085,2015-09-14,52.16471862792969,英鎊,霸菱澳洲基金-A類英鎊配息型,yfinance,股票型,澳洲/大洋洲
B24085,2015-09-15,51.34001541137695,英鎊,霸菱澳洲基金-A類英鎊配息型,yfinance,股票型,澳洲/大洋洲
B24085,2015-09-16,52.18137741088867,英鎊,霸菱澳洲基金-A類英鎊配息型,yfinance,股票型,澳洲/大洋洲
B24085,2015-09-17,52.273014068603516,英鎊,霸菱澳洲基金-A類英鎊配息型,yfinance,股票型,澳洲/大洋洲
B24085,2015-09-18,52.91445541381836,英鎊,霸菱澳洲基金-A類英鎊配息型,yfinance,股票型,澳洲/大洋洲
B24085,2015-09-21,51.44831085205078,英鎊,霸菱澳洲基金-A類英鎊配息型,yfinance,股票型,澳洲/大洋洲
B24085,2015-09-22,51.16507339477539,英鎊,霸菱澳洲基金-A類英鎊配息型,yfinance,股票型,澳洲/大洋洲
B24085,2015-09-23,51.514957427978516,英鎊,霸菱澳洲基金-A類英鎊配息型,yfinance,股票型,澳洲/大洋洲
B24085,2015-09-24,51.023460388183594,英鎊,霸菱澳洲基金-A類英鎊配息型,yfinance,股票型,澳洲/大洋洲
B24085,2015-09-25,51.36500549316406,英鎊,霸菱澳洲基金-A類英鎊配息型,yfinance,股票型,澳洲/大洋洲
B24085,2015-09-28,52.18137741088867,英鎊,霸菱澳洲基金-A類英鎊配息型,yfinance,股票型,澳洲/大洋洲
B24085,2015-09-29,50.481990814208984,英鎊,霸菱澳洲基金-A類英鎊配息型,yfinance,股票型,澳洲/大洋洲
B24085,2015-09-30,51.61492156982422,英鎊,霸菱澳洲基金-A類英鎊配息型,yfinance,股票型,澳洲/大洋洲
B24085,2015-10-01,52.68953323364258,英鎊,霸菱澳洲基金-A類英鎊配息型,yfinance,股票型,澳洲/大洋洲
B24085,2015-10-02,51.96479415893555,英鎊,霸菱澳洲基金-A類英鎊配息型,yfinance,股票型,澳洲/大洋洲
B24085,2015-10-05,53.25599670410156,英鎊,霸菱澳洲基金-A類英鎊配息型,yfinance,股票型,澳洲/大洋洲
B24085,2015-10-06,53.380958557128906,英鎊,霸菱澳洲基金-A類英鎊配息型,yfinance,股票型,澳洲/大洋洲
B24085,2015-10-07,53.65586471557617,英鎊,霸菱澳洲基金-A類英鎊配息型,yfinance,股票型,澳洲/大洋洲
B24085,2015-10-08,53.464263916015625,英鎊,霸菱澳洲基金-A類英鎊配息型,yfinance,股票型,澳洲/大洋洲
B24085,2015-10-09,55.18030548095703,英鎊,霸菱澳洲基金-A類英鎊配息型,yfinance,股票型,澳洲/大洋洲
B24085,2015-10-12,54.69716262817383,英鎊,霸菱澳洲基金-A類英鎊配息型,yfinance,股票型,澳洲/大洋洲
B24085,2015-10-13,54.04737854003906,英鎊,霸菱澳洲基金-A類英鎊配息型,yfinance,股票型,澳洲/大洋洲
B24085,2015-10-14,53.1810302734375,英鎊,霸菱澳洲基金-A類英鎊配息型,yfinance,股票型,澳洲/大洋洲
B24085,2015-10-15,54.01406478881836,英鎊,霸菱澳洲基金-A類英鎊配息型,yfinance,股票型,澳洲/大洋洲
B24085,2015-10-16,54.11402130126953,英鎊,霸菱澳洲基金-A類英鎊配息型,yfinance,股票型,澳洲/大洋洲
B24085,2015-10-19,54.288963317871094,英鎊,霸菱澳洲基金-A類英鎊配息型,yfinance,股票型,澳洲/大洋洲
B24085,2015-10-20,53.82246398925781,英鎊,霸菱澳洲基金-A類英鎊配息型,yfinance,股票型,澳洲/大洋洲
B24085,2015-10-21,53.63086700439453,英鎊,霸菱澳洲基金-A類英鎊配息型,yfinance,股票型,澳洲/大洋洲
B24085,2015-10-22,53.97240447998047,英鎊,霸菱澳洲基金-A類英鎊配息型,yfinance,股票型,澳洲/大洋洲
B24085,2015-10-23,55.36357879638672,英鎊,霸菱澳洲基金-A類英鎊配息型,yfinance,股票型,澳洲/大洋洲
B24085,2015-10-27,55.47187423706055,英鎊,霸菱澳洲基金-A類英鎊配息型,yfinance,股票型,澳洲/大洋洲
B24085,2015-10-28,54.7637939453125,英鎊,霸菱澳洲基金-A類英鎊配息型,yfinance,股票型,澳洲/大洋洲
B24085,2015-10-29,54.61384582519531,英鎊,霸菱澳洲基金-A類英鎊配息型,yfinance,股票型,澳洲/大洋洲
B24085,2015-10-30,54.43890380859375,英鎊,霸菱澳洲基金-A類英鎊配息型,yfinance,股票型,澳洲/大洋洲
B24085,2015-11-02,53.62253952026367,英鎊,霸菱澳洲基金-A類英鎊配息型,yfinance,股票型,澳洲/大洋洲
B24085,2015-11-03,54.96372604370117,英鎊,霸菱澳洲基金-A類英鎊配息型,yfinance,股票型,澳洲/大洋洲
B24085,2015-11-04,54.81378173828125,英鎊,霸菱澳洲基金-A類英鎊配息型,yfinance,股票型,澳洲/大洋洲
B24085,2015-11-05,54.49722671508789,英鎊,霸菱澳洲基金-A類英鎊配息型,yfinance,股票型,澳洲/大洋洲
B24085,2015-11-06,55.630149841308594,英鎊,霸菱澳洲基金-A類英鎊配息型,yfinance,股票型,澳洲/大洋洲
B24085,2015-11-09,54.5222053527832,英鎊,霸菱澳洲基金-A類英鎊配息型,yfinance,股票型,澳洲/大洋洲
B24085,2015-11-10,54.155677795410156,英鎊,霸菱澳洲基金-A類英鎊配息型,yfinance,股票型,澳洲/大洋洲
B24085,2015-11-11,54.36394119262695,英鎊,霸菱澳洲基金-A類英鎊配息型,yfinance,股票型,澳洲/大洋洲
B24085,2015-11-12,54.6638298034668,英鎊,霸菱澳洲基金-A類英鎊配息型,yfinance,股票型,澳洲/大洋洲
B24085,2015-11-13,53.864112854003906,英鎊,霸菱澳洲基金-A類英鎊配息型,yfinance,股票型,澳洲/大洋洲
B24085,2015-11-16,53.27266311645508,英鎊,霸菱澳洲基金-A類英鎊配息型,yfinance,股票型,澳洲/大洋洲
B24085,2015-11-17,54.563873291015625,英鎊,霸菱澳洲基金-A類英鎊配息型,yfinance,股票型,澳洲/大洋洲
B24085,2015-11-18,54.64716339111328,英鎊,霸菱澳洲基金-A類英鎊配息型,yfinance,股票型,澳洲/大洋洲
B24085,2015-11-19,55.58017349243164,英鎊,霸菱澳洲基金-A類英鎊配息型,yfinance,股票型,澳洲/大洋洲
B24085,2015-11-20,56.07999038696289,英鎊,霸菱澳洲基金-A類英鎊配息型,yfinance,股票型,澳洲/大洋洲
B24085,2015-11-23,56.67144775390625,英鎊,霸菱澳洲基金-A類英鎊配息型,yfinance,股票型,澳洲/大洋洲
B24085,2015-11-24,56.479854583740234,英鎊,霸菱澳洲基金-A類英鎊配息型,yfinance,股票型,澳洲/大洋洲
B24085,2015-11-25,56.83805847167969,英鎊,霸菱澳洲基金-A類英鎊配息型,yfinance,股票型,澳洲/大洋洲
B24085,2015-11-26,56.9963264465332,英鎊,霸菱澳洲基金-A類英鎊配息型,yfinance,股票型,澳洲/大洋洲
B24085,2015-11-27,56.746421813964844,英鎊,霸菱澳洲基金-A類英鎊配息型,yfinance,股票型,澳洲/大洋洲
B24085,2015-11-30,56.82973861694336,英鎊,霸菱澳洲基金-A類英鎊配息型,yfinance,股票型,澳洲/大洋洲
B24085,2015-12-01,58.06260681152344,英鎊,霸菱澳洲基金-A類英鎊配息型,yfinance,股票型,澳洲/大洋洲
B24085,2015-12-02,58.57909393310547,英鎊,霸菱澳洲基金-A類英鎊配息型,yfinance,股票型,澳洲/大洋洲
B24085,2015-12-03,58.895652770996094,英鎊,霸菱澳洲基金-A類英鎊配息型,yfinance,股票型,澳洲/大洋洲
B24085,2015-12-04,57.137943267822266,英鎊,霸菱澳洲基金-A類英鎊配息型,yfinance,股票型,澳洲/大洋洲
B24085,2015-12-07,57.462833404541016,英鎊,霸菱澳洲基金-A類英鎊配息型,yfinance,股票型,澳洲/大洋洲
B24085,2015-12-08,56.87970733642578,英鎊,霸菱澳洲基金-A類英鎊配息型,yfinance,股票型,澳洲/大洋洲
B24085,2015-12-09,56.18827819824219,英鎊,霸菱澳洲基金-A類英鎊配息型,yfinance,股票型,澳洲/大洋洲
B24085,2015-12-10,56.10498809814453,英鎊,霸菱澳洲基金-A類英鎊配息型,yfinance,股票型,澳洲/大洋洲
B24085,2015-12-11,55.630149841308594,英鎊,霸菱澳洲基金-A類英鎊配息型,yfinance,股票型,澳洲/大洋洲
B24085,2015-12-14,54.538875579833984,英鎊,霸菱澳洲基金-A類英鎊配息型,yfinance,股票型,澳洲/大洋洲
B24085,2015-12-15,54.44723892211914,英鎊,霸菱澳洲基金-A類英鎊配息型,yfinance,股票型,澳洲/大洋洲
B24085,2015-12-16,55.80508804321289,英鎊,霸菱澳洲基金-A類英鎊配息型,yfinance,股票型,澳洲/大洋洲
B24085,2015-12-17,57.3045654296875,英鎊,霸菱澳洲基金-A類英鎊配息型,yfinance,股票型,澳洲/大洋洲
B24085,2015-12-18,56.913028717041016,英鎊,霸菱澳洲基金-A類英鎊配息型,yfinance,股票型,澳洲/大洋洲
B24085,2015-12-21,57.22124481201172,英鎊,霸菱澳洲基金-A類英鎊配息型,yfinance,股票型,澳洲/大洋洲
B24085,2015-12-22,58.037628173828125,英鎊,霸菱澳洲基金-A類英鎊配息型,yfinance,股票型,澳洲/大洋洲
B24085,2015-12-23,58.19590377807617,英鎊,霸菱澳洲基金-A類英鎊配息型,yfinance,股票型,澳洲/大洋洲
B24085,2015-12-24,58.86233901977539,英鎊,霸菱澳洲基金-A類英鎊配息型,yfinance,股票型,澳洲/大洋洲
B24085,2015-12-30,60.81997299194336,英鎊,霸菱澳洲基金-A類英鎊配息型,yfinance,股票型,澳洲/大洋洲
B24085,2015-12-31,60.76166534423828,英鎊,霸菱澳洲基金-A類英鎊配息型,yfinance,股票型,澳洲/大洋洲
B24083,2015-01-02,36.92123794555664,英鎊,霸菱東歐基金-A類英鎊配息型,yfinance,未分類,新興歐洲
B24083,2015-01-05,37.29566955566406,英鎊,霸菱東歐基金-A類英鎊配息型,yfinance,未分類,新興歐洲
B24083,2015-01-06,36.70354080200195,英鎊,霸菱東歐基金-A類英鎊配息型,yfinance,未分類,新興歐洲
B24083,2015-01-07,37.10409164428711,英鎊,霸菱東歐基金-A類英鎊配息型,yfinance,未分類,新興歐洲
B24083,2015-01-08,38.593135833740234,英鎊,霸菱東歐基金-A類英鎊配息型,yfinance,未分類,新興歐洲
B24083,2015-01-09,38.28836441040039,英鎊,霸菱東歐基金-A類英鎊配息型,yfinance,未分類,新興歐洲
B24083,2015-01-12,38.43639373779297,英鎊,霸菱東歐基金-A類英鎊配息型,yfinance,未分類,新興歐洲
B24083,2015-01-13,37.879093170166016,英鎊,霸菱東歐基金-A類英鎊配息型,yfinance,未分類,新興歐洲
B24083,2015-01-14,37.79201889038086,英鎊,霸菱東歐基金-A類英鎊配息型,yfinance,未分類,新興歐洲
B24083,2015-01-15,37.652687072753906,英鎊,霸菱東歐基金-A類英鎊配息型,yfinance,未分類,新興歐洲
B24083,2015-01-16,37.64398193359375,英鎊,霸菱東歐基金-A類英鎊配息型,yfinance,未分類,新興歐洲
B24083,2015-01-19,37.95746612548828,英鎊,霸菱東歐基金-A類英鎊配息型,yfinance,未分類,新興歐洲
B24083,2015-01-20,37.96616744995117,英鎊,霸菱東歐基金-A類英鎊配息型,yfinance,未分類,新興歐洲
B24083,2015-01-21,37.896507263183594,英鎊,霸菱東歐基金-A類英鎊配息型,yfinance,未分類,新興歐洲
B24083,2015-01-22,38.8804931640625,英鎊,霸菱東歐基金-A類英鎊配息型,yfinance,未分類,新興歐洲
B24083,2015-01-23,40.0995979309082,英鎊,霸菱東歐基金-A類英鎊配息型,yfinance,未分類,新興歐洲
B24083,2015-01-26,38.697628021240234,英鎊,霸菱東歐基金-A類英鎊配息型,yfinance,未分類,新興歐洲
B24083,2015-01-27,38.14904022216797,英鎊,霸菱東歐基金-A類英鎊配息型,yfinance,未分類,新興歐洲
B24083,2015-01-28,37.66139602661133,英鎊,霸菱東歐基金-A類英鎊配息型,yfinance,未分類,新興歐洲
B24083,2015-01-29,36.95606231689453,英鎊,霸菱東歐基金-A類英鎊配息型,yfinance,未分類,新興歐洲
B24083,2015-01-30,36.390052795410156,英鎊,霸菱東歐基金-A類英鎊配息型,yfinance,未分類,新興歐洲
B24083,2015-02-02,36.8776969909668,英鎊,霸菱東歐基金-A類英鎊配息型,yfinance,未分類,新興歐洲
B24083,2015-02-03,37.73106002807617,英鎊,霸菱東歐基金-A類英鎊配息型,yfinance,未分類,新興歐洲
B24083,2015-02-04,37.365333557128906,英鎊,霸菱東歐基金-A類英鎊配息型,yfinance,未分類,新興歐洲
B24083,2015-02-05,37.19116973876953,英鎊,霸菱東歐基金-A類英鎊配息型,yfinance,未分類,新興歐洲
B24083,2015-02-06,37.67010498046875,英鎊,霸菱東歐基金-A類英鎊配息型,yfinance,未分類,新興歐洲
B24083,2015-02-09,37.74847412109375,英鎊,霸菱東歐基金-A類英鎊配息型,yfinance,未分類,新興歐洲
B24083,2015-02-10,37.61785888671875,英鎊,霸菱東歐基金-A類英鎊配息型,yfinance,未分類,新興歐洲
B24083,2015-02-11,37.66139602661133,英鎊,霸菱東歐基金-A類英鎊配息型,yfinance,未分類,新興歐洲
B24083,2015-02-12,38.43639373779297,英鎊,霸菱東歐基金-A類英鎊配息型,yfinance,未分類,新興歐洲
B24083,2015-02-13,39.21139144897461,英鎊,霸菱東歐基金-A類英鎊配息型,yfinance,未分類,新興歐洲
B24083,2015-02-16,39.603248596191406,英鎊,霸菱東歐基金-A類英鎊配息型,yfinance,未分類,新興歐洲
B24083,2015-02-17,39.951560974121094,英鎊,霸菱東歐基金-A類英鎊配息型,yfinance,未分類,新興歐洲
B24083,2015-02-18,39.568416595458984,英鎊,霸菱東歐基金-A類英鎊配息型,yfinance,未分類,新興歐洲
B24083,2015-02-19,39.40296173095703,英鎊,霸菱東歐基金-A類英鎊配息型,yfinance,未分類,新興歐洲
B24083,2015-02-20,39.43779754638672,英鎊,霸菱東歐基金-A類英鎊配息型,yfinance,未分類,新興歐洲
B24083,2015-02-23,38.83695602416992,英鎊,霸菱東歐基金-A類英鎊配息型,yfinance,未分類,新興歐洲
B24083,2015-02-24,38.9066162109375,英鎊,霸菱東歐基金-A類英鎊配息型,yfinance,未分類,新興歐洲
B24083,2015-02-25,38.78470993041992,英鎊,霸菱東歐基金-A類英鎊配息型,yfinance,未分類,新興歐洲
B24083,2015-02-26,39.38554763793945,英鎊,霸菱東歐基金-A類英鎊配息型,yfinance,未分類,新興歐洲
B24083,2015-02-27,38.68892288208008,英鎊,霸菱東歐基金-A類英鎊配息型,yfinance,未分類,新興歐洲
B24083,2015-03-02,38.7498779296875,英鎊,霸菱東歐基金-A類英鎊配息型,yfinance,未分類,新興歐洲
B24083,2015-03-03,39.028526306152344,英鎊,霸菱東歐基金-A類英鎊配息型,yfinance,未分類,新興歐洲
B24083,2015-03-04,38.49734878540039,英鎊,霸菱東歐基金-A類英鎊配息型,yfinance,未分類,新興歐洲
B24083,2015-03-05,38.358028411865234,英鎊,霸菱東歐基金-A類英鎊配息型,yfinance,未分類,新興歐洲
B24083,2015-03-06,38.81083297729492,英鎊,霸菱東歐基金-A類英鎊配息型,yfinance,未分類,新興歐洲
B24083,2015-03-09,38.24481964111328,英鎊,霸菱東歐基金-A類英鎊配息型,yfinance,未分類,新興歐洲
B24083,2015-03-10,37.29566955566406,英鎊,霸菱東歐基金-A類英鎊配息型,yfinance,未分類,新興歐洲
B24083,2015-03-11,36.86027908325195,英鎊,霸菱東歐基金-A類英鎊配息型,yfinance,未分類,新興歐洲
B24083,2015-03-12,37.30437088012695,英鎊,霸菱東歐基金-A類英鎊配息型,yfinance,未分類,新興歐洲
B24083,2015-03-13,37.02573013305664,英鎊,霸菱東歐基金-A類英鎊配息型,yfinance,未分類,新興歐洲
B24083,2015-03-16,36.65129089355469,英鎊,霸菱東歐基金-A類英鎊配息型,yfinance,未分類,新興歐洲
B24083,2015-03-18,38.06195831298828,英鎊,霸菱東歐基金-A類英鎊配息型,yfinance,未分類,新興歐洲
B24083,2015-03-19,38.31448745727539,英鎊,霸菱東歐基金-A類英鎊配息型,yfinance,未分類,新興歐洲
B24083,2015-03-20,38.45381546020508,英鎊,霸菱東歐基金-A類英鎊配息型,yfinance,未分類,新興歐洲
B24083,2015-03-23,39.0111083984375,英鎊,霸菱東歐基金-A類英鎊配息型,yfinance,未分類,新興歐洲
B24083,2015-03-24,39.16785430908203,英鎊,霸菱東歐基金-A類英鎊配息型,yfinance,未分類,新興歐洲
B24083,2015-03-25,39.43779754638672,英鎊,霸菱東歐基金-A類英鎊配息型,yfinance,未分類,新興歐洲
B24083,2015-03-26,39.14173126220703,英鎊,霸菱東歐基金-A類英鎊配息型,yfinance,未分類,新興歐洲
B24083,2015-03-27,38.49734878540039,英鎊,霸菱東歐基金-A類英鎊配息型,yfinance,未分類,新興歐洲
B24083,2015-03-30,38.95886993408203,英鎊,霸菱東歐基金-A類英鎊配息型,yfinance,未分類,新興歐洲
B24083,2015-03-31,38.95886993408203,英鎊,霸菱東歐基金-A類英鎊配息型,yfinance,未分類,新興歐洲
B24083,2015-04-01,39.61195373535156,英鎊,霸菱東歐基金-A類英鎊配息型,yfinance,未分類,新興歐洲
B24083,2015-04-02,40.14312744140625,英鎊,霸菱東歐基金-A類英鎊配息型,yfinance,未分類,新興歐洲
B24083,2015-04-07,41.40576934814453,英鎊,霸菱東歐基金-A類英鎊配息型,yfinance,未分類,新興歐洲
B24083,2015-04-08,41.81503677368164,英鎊,霸菱東歐基金-A類英鎊配息型,yfinance,未分類,新興歐洲
B24083,2015-04-09,42.35491943359375,英鎊,霸菱東歐基金-A類英鎊配息型,yfinance,未分類,新興歐洲
B24083,2015-04-10,43.3563232421875,英鎊,霸菱東歐基金-A類英鎊配息型,yfinance,未分類,新興歐洲
B24083,2015-04-13,43.21699905395508,英鎊,霸菱東歐基金-A類英鎊配息型,yfinance,未分類,新興歐洲
B24083,2015-04-14,42.7554817199707,英鎊,霸菱東歐基金-A類英鎊配息型,yfinance,未分類,新興歐洲
B24083,2015-04-15,43.129920959472656,英鎊,霸菱東歐基金-A類英鎊配息型,yfinance,未分類,新興歐洲
B24083,2015-04-16,43.182167053222656,英鎊,霸菱東歐基金-A類英鎊配息型,yfinance,未分類,新興歐洲
B24083,2015-04-17,42.89480972290039,英鎊,霸菱東歐基金-A類英鎊配息型,yfinance,未分類,新興歐洲
B24083,2015-04-20,42.61615753173828,英鎊,霸菱東歐基金-A類英鎊配息型,yfinance,未分類,新興歐洲
B24083,2015-04-21,42.71194839477539,英鎊,霸菱東歐基金-A類英鎊配息型,yfinance,未分類,新興歐洲
B24083,2015-04-22,42.38975524902344,英鎊,霸菱東歐基金-A類英鎊配息型,yfinance,未分類,新興歐洲
B24083,2015-04-23,42.36362838745117,英鎊,霸菱東歐基金-A類英鎊配息型,yfinance,未分類,新興歐洲
B24083,2015-04-24,43.11250305175781,英鎊,霸菱東歐基金-A類英鎊配息型,yfinance,未分類,新興歐洲
B24083,2015-04-27,43.182167053222656,英鎊,霸菱東歐基金-A類英鎊配息型,yfinance,未分類,新興歐洲
B24083,2015-04-28,42.53778839111328,英鎊,霸菱東歐基金-A類英鎊配息型,yfinance,未分類,新興歐洲
B24083,2015-04-29,42.52037811279297,英鎊,霸菱東歐基金-A類英鎊配息型,yfinance,未分類,新興歐洲
B24083,2015-04-30,42.38104248046875,英鎊,霸菱東歐基金-A類英鎊配息型,yfinance,未分類,新興歐洲
B24083,2015-05-01,42.61193084716797,英鎊,霸菱東歐基金-A類英鎊配息型,yfinance,未分類,新興歐洲
B24083,2015-05-05,43.1158561706543,英鎊,霸菱東歐基金-A類英鎊配息型,yfinance,未分類,新興歐洲
B24083,2015-05-06,43.14237594604492,英鎊,霸菱東歐基金-A類英鎊配息型,yfinance,未分類,新興歐洲
B24083,2015-05-07,42.762229919433594,英鎊,霸菱東歐基金-A類英鎊配息型,yfinance,未分類,新興歐洲
B24083,2015-05-08,42.2583122253418,英鎊,霸菱東歐基金-A類英鎊配息型,yfinance,未分類,新興歐洲
B24083,2015-05-11,42.45280075073242,英鎊,霸菱東歐基金-A類英鎊配息型,yfinance,未分類,新興歐洲
B24083,2015-05-12,42.116859436035156,英鎊,霸菱東歐基金-A類英鎊配息型,yfinance,未分類,新興歐洲
B24083,2015-05-13,42.629615783691406,英鎊,霸菱東歐基金-A類英鎊配息型,yfinance,未分類,新興歐洲
B24083,2015-05-14,42.382076263427734,英鎊,霸菱東歐基金-A類英鎊配息型,yfinance,未分類,新興歐洲
B24083,2015-05-15,42.85063552856445,英鎊,霸菱東歐基金-A類英鎊配息型,yfinance,未分類,新興歐洲
B24083,2015-05-18,43.407596588134766,英鎊,霸菱東歐基金-A類英鎊配息型,yfinance,未分類,新興歐洲
B24083,2015-05-19,43.328025817871094,英鎊,霸菱東歐基金-A類英鎊配息型,yfinance,未分類,新興歐洲
B24083,2015-05-20,42.35555648803711,英鎊,霸菱東歐基金-A類英鎊配息型,yfinance,未分類,新興歐洲
B24083,2015-05-21,42.22294235229492,英鎊,霸菱東歐基金-A類英鎊配息型,yfinance,未分類,新興歐洲
B24083,2015-05-22,42.22294235229492,英鎊,霸菱東歐基金-A類英鎊配息型,yfinance,未分類,新興歐洲
B24083,2015-05-26,41.81627655029297,英鎊,霸菱東歐基金-A類英鎊配息型,yfinance,未分類,新興歐洲
B24083,2015-05-27,40.96757888793945,英鎊,霸菱東歐基金-A類英鎊配息型,yfinance,未分類,新興歐洲
B24083,2015-05-28,41.45381164550781,英鎊,霸菱東歐基金-A類英鎊配息型,yfinance,未分類,新興歐洲
B24083,2015-05-29,41.55105972290039,英鎊,霸菱東歐基金-A類英鎊配息型,yfinance,未分類,新興歐洲
B24083,2015-06-02,40.25148010253906,英鎊,霸菱東歐基金-A類英鎊配息型,yfinance,未分類,新興歐洲
B24083,2015-06-03,40.437137603759766,英鎊,霸菱東歐基金-A類英鎊配息型,yfinance,未分類,新興歐洲
B24083,2015-06-04,39.446983337402344,英鎊,霸菱東歐基金-A類英鎊配息型,yfinance,未分類,新興歐洲
B24083,2015-06-05,39.42930221557617,英鎊,霸菱東歐基金-A類英鎊配息型,yfinance,未分類,新興歐洲
B24083,2015-06-08,38.50103759765625,英鎊,霸菱東歐基金-A類英鎊配息型,yfinance,未分類,新興歐洲
B24083,2015-06-09,38.633644104003906,英鎊,霸菱東歐基金-A類英鎊配息型,yfinance,未分類,新興歐洲
B24083,2015-06-10,38.960750579833984,英鎊,霸菱東歐基金-A類英鎊配息型,yfinance,未分類,新興歐洲
B24083,2015-06-11,38.83698272705078,英鎊,霸菱東歐基金-A類英鎊配息型,yfinance,未分類,新興歐洲
B24083,2015-06-12,38.93422317504883,英鎊,霸菱東歐基金-A類英鎊配息型,yfinance,未分類,新興歐洲
B24083,2015-06-15,38.30653762817383,英鎊,霸菱東歐基金-A類英鎊配息型,yfinance,未分類,新興歐洲
B24083,2015-06-16,38.474510192871094,英鎊,霸菱東歐基金-A類英鎊配息型,yfinance,未分類,新興歐洲
B24083,2015-06-17,38.50103759765625,英鎊,霸菱東歐基金-A類英鎊配息型,yfinance,未分類,新興歐洲
B24083,2015-06-18,38.45682907104492,英鎊,霸菱東歐基金-A類英鎊配息型,yfinance,未分類,新興歐洲
B24083,2015-06-19,38.43914794921875,英鎊,霸菱東歐基金-A類英鎊配息型,yfinance,未分類,新興歐洲
B24083,2015-06-22,39.0579948425293,英鎊,霸菱東歐基金-A類英鎊配息型,yfinance,未分類,新興歐洲
B24083,2015-06-23,38.9077033996582,英鎊,霸菱東歐基金-A類英鎊配息型,yfinance,未分類,新興歐洲
B24083,2015-06-24,38.88117599487305,英鎊,霸菱東歐基金-A類英鎊配息型,yfinance,未分類,新興歐洲
B24083,2015-06-25,39.09335708618164,英鎊,霸菱東歐基金-A類英鎊配息型,yfinance,未分類,新興歐洲
B24083,2015-06-26,38.660160064697266,英鎊,霸菱東歐基金-A類英鎊配息型,yfinance,未分類,新興歐洲
B24083,2015-06-29,38.12088394165039,英鎊,霸菱東歐基金-A類英鎊配息型,yfinance,未分類,新興歐洲
B24083,2015-06-30,38.10320281982422,英鎊,霸菱東歐基金-A類英鎊配息型,yfinance,未分類,新興歐洲
B24083,2015-07-01,38.801612854003906,英鎊,霸菱東歐基金-A類英鎊配息型,yfinance,未分類,新興歐洲
B24083,2015-07-02,38.28001403808594,英鎊,霸菱東歐基金-A類英鎊配息型,yfinance,未分類,新興歐洲
B24083,2015-07-03,38.209293365478516,英鎊,霸菱東歐基金-A類英鎊配息型,yfinance,未分類,新興歐洲
B24083,2015-07-06,37.85566711425781,英鎊,霸菱東歐基金-A類英鎊配息型,yfinance,未分類,新興歐洲
B24083,2015-07-07,37.899864196777344,英鎊,霸菱東歐基金-A類英鎊配息型,yfinance,未分類,新興歐洲
B24083,2015-07-08,37.298702239990234,英鎊,霸菱東歐基金-A類英鎊配息型,yfinance,未分類,新興歐洲
B24083,2015-07-09,37.528560638427734,英鎊,霸菱東歐基金-A類英鎊配息型,yfinance,未分類,新興歐洲
B24083,2015-07-10,38.394954681396484,英鎊,霸菱東歐基金-A類英鎊配息型,yfinance,未分類,新興歐洲
B24083,2015-07-13,38.66900634765625,英鎊,霸菱東歐基金-A類英鎊配息型,yfinance,未分類,新興歐洲
B24083,2015-07-14,38.810455322265625,英鎊,霸菱東歐基金-A類英鎊配息型,yfinance,未分類,新興歐洲
B24083,2015-07-15,38.71321105957031,英鎊,霸菱東歐基金-A類英鎊配息型,yfinance,未分類,新興歐洲
B24083,2015-07-16,38.88117599487305,英鎊,霸菱東歐基金-A類英鎊配息型,yfinance,未分類,新興歐洲
B24083,2015-07-17,39.040313720703125,英鎊,霸菱東歐基金-A類英鎊配息型,yfinance,未分類,新興歐洲
B24083,2015-07-20,38.45682907104492,英鎊,霸菱東歐基金-A類英鎊配息型,yfinance,未分類,新興歐洲
B24083,2015-07-21,38.244651794433594,英鎊,霸菱東歐基金-A類英鎊配息型,yfinance,未分類,新興歐洲
B24083,2015-07-22,37.99711608886719,英鎊,霸菱東歐基金-A類英鎊配息型,yfinance,未分類,新興歐洲
B24083,2015-07-23,37.91754913330078,英鎊,霸菱東歐基金-A類英鎊配息型,yfinance,未分類,新興歐洲
B24083,2015-07-24,37.41363525390625,英鎊,霸菱東歐基金-A類英鎊配息型,yfinance,未分類,新興歐洲
B24083,2015-07-27,36.441162109375,英鎊,霸菱東歐基金-A類英鎊配息型,yfinance,未分類,新興歐洲
B24083,2015-07-28,36.24666976928711,英鎊,霸菱東歐基金-A類英鎊配息型,yfinance,未分類,新興歐洲
B24083,2015-07-29,36.42347717285156,英鎊,霸菱東歐基金-A類英鎊配息型,yfinance,未分類,新興歐洲
B24083,2015-07-30,36.573768615722656,英鎊,霸菱東歐基金-A類英鎊配息型,yfinance,未分類,新興歐洲
B24083,2015-07-31,36.52956771850586,英鎊,霸菱東歐基金-A類英鎊配息型,yfinance,未分類,新興歐洲
B24083,2015-08-04,36.2555046081543,英鎊,霸菱東歐基金-A類英鎊配息型,yfinance,未分類,新興歐洲
B24083,2015-08-05,36.23782730102539,英鎊,霸菱東歐基金-A類英鎊配息型,yfinance,未分類,新興歐洲
B24083,2015-08-06,35.8576774597168,英鎊,霸菱東歐基金-A類英鎊配息型,yfinance,未分類,新興歐洲
B24083,2015-08-07,36.05216598510742,英鎊,霸菱東歐基金-A類英鎊配息型,yfinance,未分類,新興歐洲
B24083,2015-08-10,35.928401947021484,英鎊,霸菱東歐基金-A類英鎊配息型,yfinance,未分類,新興歐洲
B24083,2015-08-11,36.52956771850586,英鎊,霸菱東歐基金-A類英鎊配息型,yfinance,未分類,新興歐洲
B24083,2015-08-12,35.82231903076172,英鎊,霸菱東歐基金-A類英鎊配息型,yfinance,未分類,新興歐洲
B24083,2015-08-13,35.82231903076172,英鎊,霸菱東歐基金-A類英鎊配息型,yfinance,未分類,新興歐洲
B24083,2015-08-14,35.504051208496094,英鎊,霸菱東歐基金-A類英鎊配息型,yfinance,未分類,新興歐洲
B24083,2015-08-17,35.14158630371094,英鎊,霸菱東歐基金-A類英鎊配息型,yfinance,未分類,新興歐洲
B24083,2015-08-18,34.68186950683594,英鎊,霸菱東歐基金-A類英鎊配息型,yfinance,未分類,新興歐洲
B24083,2015-08-19,34.63766860961914,英鎊,霸菱東歐基金-A類英鎊配息型,yfinance,未分類,新興歐洲
B24083,2015-08-20,33.753604888916016,英鎊,霸菱東歐基金-A類英鎊配息型,yfinance,未分類,新興歐洲
B24083,2015-08-21,33.506065368652344,英鎊,霸菱東歐基金-A類英鎊配息型,yfinance,未分類,新興歐洲
B24083,2015-08-24,31.897069931030273,英鎊,霸菱東歐基金-A類英鎊配息型,yfinance,未分類,新興歐洲
B24083,2015-08-25,32.427513122558594,英鎊,霸菱東歐基金-A類英鎊配息型,yfinance,未分類,新興歐洲
B24083,2015-08-26,32.55127716064453,英鎊,霸菱東歐基金-A類英鎊配息型,yfinance,未分類,新興歐洲
B24083,2015-08-27,34.01881790161133,英鎊,霸菱東歐基金-A類英鎊配息型,yfinance,未分類,新興歐洲
B24083,2015-08-28,34.52273941040039,英鎊,霸菱東歐基金-A類英鎊配息型,yfinance,未分類,新興歐洲
B24083,2015-09-01,35.150421142578125,英鎊,霸菱東歐基金-A類英鎊配息型,yfinance,未分類,新興歐洲
B24083,2015-09-02,34.33708572387695,英鎊,霸菱東歐基金-A類英鎊配息型,yfinance,未分類,新興歐洲
B24083,2015-09-03,34.6023063659668,英鎊,霸菱東歐基金-A類英鎊配息型,yfinance,未分類,新興歐洲
B24083,2015-09-04,34.628822326660156,英鎊,霸菱東歐基金-A類英鎊配息型,yfinance,未分類,新興歐洲
B24083,2015-09-07,34.02766799926758,英鎊,霸菱東歐基金-A類英鎊配息型,yfinance,未分類,新興歐洲
B24083,2015-09-08,34.009986877441406,英鎊,霸菱東歐基金-A類英鎊配息型,yfinance,未分類,新興歐洲
B24083,2015-09-09,34.25751495361328,英鎊,霸菱東歐基金-A類英鎊配息型,yfinance,未分類,新興歐洲
B24083,2015-09-10,33.753604888916016,英鎊,霸菱東歐基金-A類英鎊配息型,yfinance,未分類,新興歐洲
B24083,2015-09-11,33.78897476196289,英鎊,霸菱東歐基金-A類英鎊配息型,yfinance,未分類,新興歐洲
B24083,2015-09-14,33.948097229003906,英鎊,霸菱東歐基金-A類英鎊配息型,yfinance,未分類,新興歐洲
B24083,2015-09-15,34.098392486572266,英鎊,霸菱東歐基金-A類英鎊配息型,yfinance,未分類,新興歐洲
B24083,2015-09-16,34.69955825805664,英鎊,霸菱東歐基金-A類英鎊配息型,yfinance,未分類,新興歐洲
B24083,2015-09-17,34.726070404052734,英鎊,霸菱東歐基金-A類英鎊配息型,yfinance,未分類,新興歐洲
B24083,2015-09-18,34.6023063659668,英鎊,霸菱東歐基金-A類英鎊配息型,yfinance,未分類,新興歐洲
B24083,2015-09-21,34.4520149230957,英鎊,霸菱東歐基金-A類英鎊配息型,yfinance,未分類,新興歐洲
B24083,2015-09-22,34.1602668762207,英鎊,霸菱東歐基金-A類英鎊配息型,yfinance,未分類,新興歐洲
B24083,2015-09-23,33.948097229003906,英鎊,霸菱東歐基金-A類英鎊配息型,yfinance,未分類,新興歐洲
B24083,2015-09-24,33.54143142700195,英鎊,霸菱東歐基金-A類英鎊配息型,yfinance,未分類,新興歐洲
B24083,2015-09-25,34.18679428100586,英鎊,霸菱東歐基金-A類英鎊配息型,yfinance,未分類,新興歐洲
B24083,2015-09-28,34.02766799926758,英鎊,霸菱東歐基金-A類英鎊配息型,yfinance,未分類,新興歐洲
B24083,2015-09-29,33.85969543457031,英鎊,霸菱東歐基金-A類英鎊配息型,yfinance,未分類,新興歐洲
B24083,2015-09-30,34.40781021118164,英鎊,霸菱東歐基金-A類英鎊配息型,yfinance,未分類,新興歐洲
B24083,2015-10-01,34.478538513183594,英鎊,霸菱東歐基金-A類英鎊配息型,yfinance,未分類,新興歐洲
B24083,2015-10-02,33.97462844848633,英鎊,霸菱東歐基金-A類英鎊配息型,yfinance,未分類,新興歐洲
B24083,2015-10-05,34.66419219970703,英鎊,霸菱東歐基金-A類英鎊配息型,yfinance,未分類,新興歐洲
B24083,2015-10-06,35.24767303466797,英鎊,霸菱東歐基金-A類英鎊配息型,yfinance,未分類,新興歐洲
B24083,2015-10-07,35.9372444152832,英鎊,霸菱東歐基金-A類英鎊配息型,yfinance,未分類,新興歐洲
B24083,2015-10-08,36.007965087890625,英鎊,霸菱東歐基金-A類英鎊配息型,yfinance,未分類,新興歐洲
B24083,2015-10-09,37.37826919555664,英鎊,霸菱東歐基金-A類英鎊配息型,yfinance,未分類,新興歐洲
B24083,2015-10-12,37.45783233642578,英鎊,霸菱東歐基金-A類英鎊配息型,yfinance,未分類,新興歐洲
B24083,2015-10-13,36.918556213378906,英鎊,霸菱東歐基金-A類英鎊配息型,yfinance,未分類,新興歐洲
B24083,2015-10-14,36.82130813598633,英鎊,霸菱東歐基金-A類英鎊配息型,yfinance,未分類,新興歐洲
B24083,2015-10-15,37.47551727294922,英鎊,霸菱東歐基金-A類英鎊配息型,yfinance,未分類,新興歐洲
B24083,2015-10-16,37.387115478515625,英鎊,霸菱東歐基金-A類英鎊配息型,yfinance,未分類,新興歐洲
B24083,2015-10-19,37.015804290771484,英鎊,霸菱東歐基金-A類英鎊配息型,yfinance,未分類,新興歐洲
B24083,2015-10-20,37.006961822509766,英鎊,霸菱東歐基金-A類英鎊配息型,yfinance,未分類,新興歐洲
B24083,2015-10-21,36.865516662597656,英鎊,霸菱東歐基金-A類英鎊配息型,yfinance,未分類,新興歐洲
B24083,2015-10-22,36.7771110534668,英鎊,霸菱東歐基金-A類英鎊配息型,yfinance,未分類,新興歐洲
B24083,2015-10-23,37.27218246459961,英鎊,霸菱東歐基金-A類英鎊配息型,yfinance,未分類,新興歐洲
B24083,2015-10-27,36.53841018676758,英鎊,霸菱東歐基金-A類英鎊配息型,yfinance,未分類,新興歐洲
B24083,2015-10-28,36.6268196105957,英鎊,霸菱東歐基金-A類英鎊配息型,yfinance,未分類,新興歐洲
B24083,2015-10-29,36.64449691772461,英鎊,霸菱東歐基金-A類英鎊配息型,yfinance,未分類,新興歐洲
B24083,2015-10-30,36.30855178833008,英鎊,霸菱東歐基金-A類英鎊配息型,yfinance,未分類,新興歐洲
B24083,2015-11-02,37.12189483642578,英鎊,霸菱東歐基金-A類英鎊配息型,yfinance,未分類,新興歐洲
B24083,2015-11-03,37.661170959472656,英鎊,霸菱東歐基金-A類英鎊配息型,yfinance,未分類,新興歐洲
B24083,2015-11-04,38.12972640991211,英鎊,霸菱東歐基金-A類英鎊配息型,yfinance,未分類,新興歐洲
B24083,2015-11-05,37.76726531982422,英鎊,霸菱東歐基金-A類英鎊配息型,yfinance,未分類,新興歐洲
B24083,2015-11-06,37.979434967041016,英鎊,霸菱東歐基金-A類英鎊配息型,yfinance,未分類,新興歐洲
B24083,2015-11-09,37.448997497558594,英鎊,霸菱東歐基金-A類英鎊配息型,yfinance,未分類,新興歐洲
B24083,2015-11-10,37.22798156738281,英鎊,霸菱東歐基金-A類英鎊配息型,yfinance,未分類,新興歐洲
B24083,2015-11-11,37.298702239990234,英鎊,霸菱東歐基金-A類英鎊配息型,yfinance,未分類,新興歐洲
B24083,2015-11-12,37.015804290771484,英鎊,霸菱東歐基金-A類英鎊配息型,yfinance,未分類,新興歐洲
B24083,2015-11-13,36.53841018676758,英鎊,霸菱東歐基金-A類英鎊配息型,yfinance,未分類,新興歐洲
B24083,2015-11-16,36.66218185424805,英鎊,霸菱東歐基金-A類英鎊配息型,yfinance,未分類,新興歐洲
B24083,2015-11-17,37.32522964477539,英鎊,霸菱東歐基金-A類英鎊配息型,yfinance,未分類,新興歐洲
B24083,2015-11-18,37.9705924987793,英鎊,霸菱東歐基金-A類英鎊配息型,yfinance,未分類,新興歐洲
B24083,2015-11-19,38.42146301269531,英鎊,霸菱東歐基金-A類英鎊配息型,yfinance,未分類,新興歐洲
B24083,2015-11-20,37.952911376953125,英鎊,霸菱東歐基金-A類英鎊配息型,yfinance,未分類,新興歐洲
B24083,2015-11-23,38.60711669921875,英鎊,霸菱東歐基金-A類英鎊配息型,yfinance,未分類,新興歐洲
B24083,2015-11-24,37.98828125,英鎊,霸菱東歐基金-A類英鎊配息型,yfinance,未分類,新興歐洲
B24083,2015-11-25,37.9705924987793,英鎊,霸菱東歐基金-A類英鎊配息型,yfinance,未分類,新興歐洲
B24083,2015-11-26,38.05900192260742,英鎊,霸菱東歐基金-A類英鎊配息型,yfinance,未分類,新興歐洲
B24083,2015-11-27,37.54623794555664,英鎊,霸菱東歐基金-A類英鎊配息型,yfinance,未分類,新興歐洲
B24083,2015-11-30,37.590450286865234,英鎊,霸菱東歐基金-A類英鎊配息型,yfinance,未分類,新興歐洲
B24083,2015-12-01,37.25450134277344,英鎊,霸菱東歐基金-A類英鎊配息型,yfinance,未分類,新興歐洲
B24083,2015-12-02,37.19261932373047,英鎊,霸菱東歐基金-A類英鎊配息型,yfinance,未分類,新興歐洲
B24083,2015-12-03,37.25450134277344,英鎊,霸菱東歐基金-A類英鎊配息型,yfinance,未分類,新興歐洲
B24083,2015-12-04,36.45000076293945,英鎊,霸菱東歐基金-A類英鎊配息型,yfinance,未分類,新興歐洲
B24083,2015-12-07,35.9195671081543,英鎊,霸菱東歐基金-A類英鎊配息型,yfinance,未分類,新興歐洲
B24083,2015-12-08,35.40680694580078,英鎊,霸菱東歐基金-A類英鎊配息型,yfinance,未分類,新興歐洲
B24083,2015-12-09,34.8498420715332,英鎊,霸菱東歐基金-A類英鎊配息型,yfinance,未分類,新興歐洲
B24083,2015-12-10,34.96477508544922,英鎊,霸菱東歐基金-A類英鎊配息型,yfinance,未分類,新興歐洲
B24083,2015-12-11,34.195640563964844,英鎊,霸菱東歐基金-A類英鎊配息型,yfinance,未分類,新興歐洲
B24083,2015-12-14,33.70940399169922,英鎊,霸菱東歐基金-A類英鎊配息型,yfinance,未分類,新興歐洲
B24083,2015-12-15,34.15143585205078,英鎊,霸菱東歐基金-A類英鎊配息型,yfinance,未分類,新興歐洲
B24083,2015-12-16,34.7879638671875,英鎊,霸菱東歐基金-A類英鎊配息型,yfinance,未分類,新興歐洲
B24083,2015-12-17,35.645503997802734,英鎊,霸菱東歐基金-A類英鎊配息型,yfinance,未分類,新興歐洲
B24083,2015-12-18,34.86752700805664,英鎊,霸菱東歐基金-A類英鎊配息型,yfinance,未分類,新興歐洲
B24083,2015-12-21,35.09738540649414,英鎊,霸菱東歐基金-A類英鎊配息型,yfinance,未分類,新興歐洲
B24083,2015-12-22,34.98245620727539,英鎊,霸菱東歐基金-A類英鎊配息型,yfinance,未分類,新興歐洲
B24083,2015-12-23,35.548255920410156,英鎊,霸菱東歐基金-A類英鎊配息型,yfinance,未分類,新興歐洲
B24083,2015-12-24,35.610145568847656,英鎊,霸菱東歐基金-A類英鎊配息型,yfinance,未分類,新興歐洲
B24083,2015-12-30,35.433326721191406,英鎊,霸菱東歐基金-A類英鎊配息型,yfinance,未分類,新興歐洲
B24083,2015-12-31,35.20347213745117,英鎊,霸菱東歐基金-A類英鎊配息型,yfinance,未分類,新興歐洲
B3oH3Kf,2015-01-02,6.916522026062012,英鎊,景順英國動力基金A-年配息股 英鎊,yfinance,未分類,英國
B3oH3Kf,2015-01-05,6.86503267288208,英鎊,景順英國動力基金A-年配息股 英鎊,yfinance,未分類,英國
B3oH3Kf,2015-01-06,6.762058734893799,英鎊,景順英國動力基金A-年配息股 英鎊,yfinance,未分類,英國
B3oH3Kf,2015-01-07,6.796383380889893,英鎊,景順英國動力基金A-年配息股 英鎊,yfinance,未分類,英國
B3oH3Kf,2015-01-08,6.882196426391602,英鎊,景順英國動力基金A-年配息股 英鎊,yfinance,未分類,英國
B3oH3Kf,2015-01-09,6.882196426391602,英鎊,景順英國動力基金A-年配息股 英鎊,yfinance,未分類,英國
B3oH3Kf,2015-01-12,6.856451988220215,英鎊,景順英國動力基金A-年配息股 英鎊,yfinance,未分類,英國
B3oH3Kf,2015-01-13,6.890777111053467,英鎊,景順英國動力基金A-年配息股 英鎊,yfinance,未分類,英國
B3oH3Kf,2015-01-14,6.822126865386963,英鎊,景順英國動力基金A-年配息股 英鎊,yfinance,未分類,英國
B3oH3Kf,2015-01-15,6.770639896392822,英鎊,景順英國動力基金A-年配息股 英鎊,yfinance,未分類,英國
B3oH3Kf,2015-01-16,6.86503267288208,英鎊,景順英國動力基金A-年配息股 英鎊,yfinance,未分類,英國
B3oH3Kf,2015-01-19,6.942265510559082,英鎊,景順英國動力基金A-年配息股 英鎊,yfinance,未分類,英國
B3oH3Kf,2015-01-20,7.019496917724609,英鎊,景順英國動力基金A-年配息股 英鎊,yfinance,未分類,英國
B3oH3Kf,2015-01-21,7.0452399253845215,英鎊,景順英國動力基金A-年配息股 英鎊,yfinance,未分類,英國
B3oH3Kf,2015-01-22,7.148216247558594,英鎊,景順英國動力基金A-年配息股 英鎊,yfinance,未分類,英國
B3oH3Kf,2015-01-23,7.208285808563232,英鎊,景順英國動力基金A-年配息股 英鎊,yfinance,未分類,英國
B3oH3Kf,2015-01-26,7.199703693389893,英鎊,景順英國動力基金A-年配息股 英鎊,yfinance,未分類,英國
B3oH3Kf,2015-01-27,7.199703693389893,英鎊,景順英國動力基金A-年配息股 英鎊,yfinance,未分類,英國
B3oH3Kf,2015-01-28,7.182542324066162,英鎊,景順英國動力基金A-年配息股 英鎊,yfinance,未分類,英國
B3oH3Kf,2015-01-29,7.165379047393799,英鎊,景順英國動力基金A-年配息股 英鎊,yfinance,未分類,英國
B3oH3Kf,2015-01-30,7.156797409057617,英鎊,景順英國動力基金A-年配息股 英鎊,yfinance,未分類,英國
B3oH3Kf,2015-02-02,7.028078079223633,英鎊,景順英國動力基金A-年配息股 英鎊,yfinance,未分類,英國
B3oH3Kf,2015-02-03,7.148216247558594,英鎊,景順英國動力基金A-年配息股 英鎊,yfinance,未分類,英國
B3oH3Kf,2015-02-04,7.165379047393799,英鎊,景順英國動力基金A-年配息股 英鎊,yfinance,未分類,英國
B3oH3Kf,2015-02-05,7.173959732055664,英鎊,景順英國動力基金A-年配息股 英鎊,yfinance,未分類,英國
B3oH3Kf,2015-02-06,7.199703693389893,英鎊,景順英國動力基金A-年配息股 英鎊,yfinance,未分類,英國
B3oH3Kf,2015-02-09,7.156797409057617,英鎊,景順英國動力基金A-年配息股 英鎊,yfinance,未分類,英國
B3oH3Kf,2015-02-10,7.173959732055664,英鎊,景順英國動力基金A-年配息股 英鎊,yfinance,未分類,英國
B3oH3Kf,2015-02-11,7.148216247558594,英鎊,景順英國動力基金A-年配息股 英鎊,yfinance,未分類,英國
B3oH3Kf,2015-02-12,7.208285808563232,英鎊,景順英國動力基金A-年配息股 英鎊,yfinance,未分類,英國
B3oH3Kf,2015-02-13,7.234030246734619,英鎊,景順英國動力基金A-年配息股 英鎊,yfinance,未分類,英國
B3oH3Kf,2015-02-16,7.242609977722168,英鎊,景順英國動力基金A-年配息股 英鎊,yfinance,未分類,英國
B3oH3Kf,2015-02-17,7.242609977722168,英鎊,景順英國動力基金A-年配息股 英鎊,yfinance,未分類,英國
B3oH3Kf,2015-02-18,7.27693510055542,英鎊,景順英國動力基金A-年配息股 英鎊,yfinance,未分類,英國
B3oH3Kf,2015-02-19,7.27693510055542,英鎊,景順英國動力基金A-年配息股 英鎊,yfinance,未分類,英國
B3oH3Kf,2015-02-20,7.285515785217285,英鎊,景順英國動力基金A-年配息股 英鎊,yfinance,未分類,英國
B3oH3Kf,2015-02-23,7.285515785217285,英鎊,景順英國動力基金A-年配息股 英鎊,yfinance,未分類,英國
B3oH3Kf,2015-02-24,7.27693510055542,英鎊,景順英國動力基金A-年配息股 英鎊,yfinance,未分類,英國
B3oH3Kf,2015-02-25,7.302680015563965,英鎊,景順英國動力基金A-年配息股 英鎊,yfinance,未分類,英國
B3oH3Kf,2015-02-26,7.328423023223877,英鎊,景順英國動力基金A-年配息股 英鎊,yfinance,未分類,英國
B3oH3Kf,2015-02-27,7.337005138397217,英鎊,景順英國動力基金A-年配息股 英鎊,yfinance,未分類,英國
B3oH3Kf,2015-03-02,7.354167461395264,英鎊,景順英國動力基金A-年配息股 英鎊,yfinance,未分類,英國
B3oH3Kf,2015-03-03,7.319842338562012,英鎊,景順英國動力基金A-年配息股 英鎊,yfinance,未分類,英國
B3oH3Kf,2015-03-04,7.251190662384033,英鎊,景順英國動力基金A-年配息股 英鎊,yfinance,未分類,英國
B3oH3Kf,2015-03-05,7.345585823059082,英鎊,景順英國動力基金A-年配息股 英鎊,yfinance,未分類,英國
B3oH3Kf,2015-03-06,7.371330738067627,英鎊,景順英國動力基金A-年配息股 英鎊,yfinance,未分類,英國
B3oH3Kf,2015-03-09,7.31126070022583,英鎊,景順英國動力基金A-年配息股 英鎊,yfinance,未分類,英國
B3oH3Kf,2015-03-10,7.242609977722168,英鎊,景順英國動力基金A-年配息股 英鎊,yfinance,未分類,英國
B3oH3Kf,2015-03-11,7.13963508605957,英鎊,景順英國動力基金A-年配息股 英鎊,yfinance,未分類,英國
B3oH3Kf,2015-03-12,7.199703693389893,英鎊,景順英國動力基金A-年配息股 英鎊,yfinance,未分類,英國
B3oH3Kf,2015-03-13,7.156797409057617,英鎊,景順英國動力基金A-年配息股 英鎊,yfinance,未分類,英國
B3oH3Kf,2015-03-16,7.182542324066162,英鎊,景順英國動力基金A-年配息股 英鎊,yfinance,未分類,英國
B3oH3Kf,2015-03-17,7.182542324066162,英鎊,景順英國動力基金A-年配息股 英鎊,yfinance,未分類,英國
B3oH3Kf,2015-03-18,7.242609977722168,英鎊,景順英國動力基金A-年配息股 英鎊,yfinance,未分類,英國
B3oH3Kf,2015-03-19,7.319842338562012,英鎊,景順英國動力基金A-年配息股 英鎊,yfinance,未分類,英國
B3oH3Kf,2015-03-20,7.345585823059082,英鎊,景順英國動力基金A-年配息股 英鎊,yfinance,未分類,英國
B3oH3Kf,2015-03-23,7.371330738067627,英鎊,景順英國動力基金A-年配息股 英鎊,yfinance,未分類,英國
B3oH3Kf,2015-03-24,7.4056549072265625,英鎊,景順英國動力基金A-年配息股 英鎊,yfinance,未分類,英國
B3oH3Kf,2015-03-25,7.4056549072265625,英鎊,景順英國動力基金A-年配息股 英鎊,yfinance,未分類,英國
B3oH3Kf,2015-03-26,7.285515785217285,英鎊,景順英國動力基金A-年配息股 英鎊,yfinance,未分類,英國
B3oH3Kf,2015-03-27,7.268354892730713,英鎊,景順英國動力基金A-年配息股 英鎊,yfinance,未分類,英國
B3oH3Kf,2015-03-30,7.242609977722168,英鎊,景順英國動力基金A-年配息股 英鎊,yfinance,未分類,英國
B3oH3Kf,2015-03-31,7.208285808563232,英鎊,景順英國動力基金A-年配息股 英鎊,yfinance,未分類,英國
B3oH3Kf,2015-04-01,7.234030246734619,英鎊,景順英國動力基金A-年配息股 英鎊,yfinance,未分類,英國
B3oH3Kf,2015-04-02,7.2254486083984375,英鎊,景順英國動力基金A-年配息股 英鎊,yfinance,未分類,英國
B3oH3Kf,2015-04-07,7.328423023223877,英鎊,景順英國動力基金A-年配息股 英鎊,yfinance,未分類,英國
B3oH3Kf,2015-04-08,7.431398391723633,英鎊,景順英國動力基金A-年配息股 英鎊,yfinance,未分類,英國
B3oH3Kf,2015-04-09,7.431398391723633,英鎊,景順英國動力基金A-年配息股 英鎊,yfinance,未分類,英國
B3oH3Kf,2015-04-10,7.4828877449035645,英鎊,景順英國動力基金A-年配息股 英鎊,yfinance,未分類,英國
B3oH3Kf,2015-04-13,7.500050067901611,英鎊,景順英國動力基金A-年配息股 英鎊,yfinance,未分類,英國
B3oH3Kf,2015-04-14,7.517210960388184,英鎊,景順英國動力基金A-年配息股 英鎊,yfinance,未分類,英國
B3oH3Kf,2015-04-15,7.5343732833862305,英鎊,景順英國動力基金A-年配息股 英鎊,yfinance,未分類,英國
B3oH3Kf,2015-04-16,7.500050067901611,英鎊,景順英國動力基金A-年配息股 英鎊,yfinance,未分類,英國
B3oH3Kf,2015-04-17,7.422817230224609,英鎊,景順英國動力基金A-年配息股 英鎊,yfinance,未分類,英國
B3oH3Kf,2015-04-20,7.465724468231201,英鎊,景順英國動力基金A-年配息股 英鎊,yfinance,未分類,英國
B3oH3Kf,2015-04-21,7.4828877449035645,英鎊,景順英國動力基金A-年配息股 英鎊,yfinance,未分類,英國
B3oH3Kf,2015-04-22,7.4828877449035645,英鎊,景順英國動力基金A-年配息股 英鎊,yfinance,未分類,英國
B3oH3Kf,2015-04-23,7.500050067901611,英鎊,景順英國動力基金A-年配息股 英鎊,yfinance,未分類,英國
B3oH3Kf,2015-04-24,7.577280044555664,英鎊,景順英國動力基金A-年配息股 英鎊,yfinance,未分類,英國
B3oH3Kf,2015-04-27,7.611607074737549,英鎊,景順英國動力基金A-年配息股 英鎊,yfinance,未分類,英國
B3oH3Kf,2015-04-28,7.568698883056641,英鎊,景順英國動力基金A-年配息股 英鎊,yfinance,未分類,英國
B3oH3Kf,2015-04-29,7.577280044555664,英鎊,景順英國動力基金A-年配息股 英鎊,yfinance,未分類,英國
B3oH3Kf,2015-04-30,7.517210960388184,英鎊,景順英國動力基金A-年配息股 英鎊,yfinance,未分類,英國
B3oH3Kf,2015-05-01,7.577280044555664,英鎊,景順英國動力基金A-年配息股 英鎊,yfinance,未分類,英國
B3oH3Kf,2015-05-05,7.594443321228027,英鎊,景順英國動力基金A-年配息股 英鎊,yfinance,未分類,英國
B3oH3Kf,2015-05-06,7.5515360832214355,英鎊,景順英國動力基金A-年配息股 英鎊,yfinance,未分類,英國
B3oH3Kf,2015-05-07,7.491466999053955,英鎊,景順英國動力基金A-年配息股 英鎊,yfinance,未分類,英國
B3oH3Kf,2015-05-08,7.70599889755249,英鎊,景順英國動力基金A-年配息股 英鎊,yfinance,未分類,英國
B3oH3Kf,2015-05-11,7.73174524307251,英鎊,景順英國動力基金A-年配息股 英鎊,yfinance,未分類,英國
B3oH3Kf,2015-05-12,7.603024482727051,英鎊,景順英國動力基金A-年配息股 英鎊,yfinance,未分類,英國
B3oH3Kf,2015-05-13,7.6716742515563965,英鎊,景順英國動力基金A-年配息股 英鎊,yfinance,未分類,英國
B3oH3Kf,2015-05-14,7.680254936218262,英鎊,景順英國動力基金A-年配息股 英鎊,yfinance,未分類,英國
B3oH3Kf,2015-05-15,7.748906135559082,英鎊,景順英國動力基金A-年配息股 英鎊,yfinance,未分類,英國
B3oH3Kf,2015-05-18,7.7145819664001465,英鎊,景順英國動力基金A-年配息股 英鎊,yfinance,未分類,英國
B3oH3Kf,2015-05-19,7.73174524307251,英鎊,景順英國動力基金A-年配息股 英鎊,yfinance,未分類,英國
B3oH3Kf,2015-05-20,7.740324974060059,英鎊,景順英國動力基金A-年配息股 英鎊,yfinance,未分類,英國
B3oH3Kf,2015-05-21,7.7231621742248535,英鎊,景順英國動力基金A-年配息股 英鎊,yfinance,未分類,英國
B3oH3Kf,2015-05-22,7.774652004241943,英鎊,景順英國動力基金A-年配息股 英鎊,yfinance,未分類,英國
B3oH3Kf,2015-05-26,7.740324974060059,英鎊,景順英國動力基金A-年配息股 英鎊,yfinance,未分類,英國
B3oH3Kf,2015-05-27,7.7231621742248535,英鎊,景順英國動力基金A-年配息股 英鎊,yfinance,未分類,英國
B3oH3Kf,2015-05-28,7.757488250732422,英鎊,景順英國動力基金A-年配息股 英鎊,yfinance,未分類,英國
B3oH3Kf,2015-05-29,7.757488250732422,英鎊,景順英國動力基金A-年配息股 英鎊,yfinance,未分類,英國
B3oH3Kf,2015-06-01,7.757488250732422,英鎊,景順英國動力基金A-年配息股 英鎊,yfinance,未分類,英國
B3oH3Kf,2015-06-02,7.697419166564941,英鎊,景順英國動力基金A-年配息股 英鎊,yfinance,未分類,英國
B3oH3Kf,2015-06-03,7.7231621742248535,英鎊,景順英國動力基金A-年配息股 英鎊,yfinance,未分類,英國
B3oH3Kf,2015-06-04,7.688838005065918,英鎊,景順英國動力基金A-年配息股 英鎊,yfinance,未分類,英國
B3oH3Kf,2015-06-05,7.620186805725098,英鎊,景順英國動力基金A-年配息股 英鎊,yfinance,未分類,英國
B3oH3Kf,2015-06-08,7.603024482727051,英鎊,景順英國動力基金A-年配息股 英鎊,yfinance,未分類,英國
B3oH3Kf,2015-06-09,7.568698883056641,英鎊,景順英國動力基金A-年配息股 英鎊,yfinance,未分類,英國
B3oH3Kf,2015-06-10,7.594443321228027,英鎊,景順英國動力基金A-年配息股 英鎊,yfinance,未分類,英國
B3oH3Kf,2015-06-11,7.663093566894531,英鎊,景順英國動力基金A-年配息股 英鎊,yfinance,未分類,英國
B3oH3Kf,2015-06-12,7.620186805725098,英鎊,景順英國動力基金A-年配息股 英鎊,yfinance,未分類,英國
B3oH3Kf,2015-06-15,7.5343732833862305,英鎊,景順英國動力基金A-年配息股 英鎊,yfinance,未分類,英國
B3oH3Kf,2015-06-16,7.439980983734131,英鎊,景順英國動力基金A-年配息股 英鎊,yfinance,未分類,英國
B3oH3Kf,2015-06-17,7.448561668395996,英鎊,景順英國動力基金A-年配息股 英鎊,yfinance,未分類,英國
B3oH3Kf,2015-06-18,7.439980983734131,英鎊,景順英國動力基金A-年配息股 英鎊,yfinance,未分類,英國
B3oH3Kf,2015-06-19,7.508630752563477,英鎊,景順英國動力基金A-年配息股 英鎊,yfinance,未分類,英國
B3oH3Kf,2015-06-22,7.5515360832214355,英鎊,景順英國動力基金A-年配息股 英鎊,yfinance,未分類,英國
B3oH3Kf,2015-06-23,7.603024482727051,英鎊,景順英國動力基金A-年配息股 英鎊,yfinance,未分類,英國
B3oH3Kf,2015-06-24,7.620186805725098,英鎊,景順英國動力基金A-年配息股 英鎊,yfinance,未分類,英國
B3oH3Kf,2015-06-25,7.611607074737549,英鎊,景順英國動力基金A-年配息股 英鎊,yfinance,未分類,英國
B3oH3Kf,2015-06-26,7.542956352233887,英鎊,景順英國動力基金A-年配息股 英鎊,yfinance,未分類,英國
B3oH3Kf,2015-06-29,7.4056549072265625,英鎊,景順英國動力基金A-年配息股 英鎊,yfinance,未分類,英國
B3oH3Kf,2015-06-30,7.362749099731445,英鎊,景順英國動力基金A-年配息股 英鎊,yfinance,未分類,英國
B3oH3Kf,2015-07-01,7.397073268890381,英鎊,景順英國動力基金A-年配息股 英鎊,yfinance,未分類,英國
B3oH3Kf,2015-07-02,7.397073268890381,英鎊,景順英國動力基金A-年配息股 英鎊,yfinance,未分類,英國
B3oH3Kf,2015-07-03,7.371330738067627,英鎊,景順英國動力基金A-年配息股 英鎊,yfinance,未分類,英國
B3oH3Kf,2015-07-06,7.31126070022583,英鎊,景順英國動力基金A-年配息股 英鎊,yfinance,未分類,英國
B3oH3Kf,2015-07-07,7.251190662384033,英鎊,景順英國動力基金A-年配息股 英鎊,yfinance,未分類,英國
B3oH3Kf,2015-07-08,7.173959732055664,英鎊,景順英國動力基金A-年配息股 英鎊,yfinance,未分類,英國
B3oH3Kf,2015-07-09,7.234030246734619,英鎊,景順英國動力基金A-年配息股 英鎊,yfinance,未分類,英國
B3oH3Kf,2015-07-10,7.337005138397217,英鎊,景順英國動力基金A-年配息股 英鎊,yfinance,未分類,英國
B3oH3Kf,2015-07-13,7.4056549072265625,英鎊,景順英國動力基金A-年配息股 英鎊,yfinance,未分類,英國
B3oH3Kf,2015-07-14,7.397073268890381,英鎊,景順英國動力基金A-年配息股 英鎊,yfinance,未分類,英國
B3oH3Kf,2015-07-15,7.439980983734131,英鎊,景順英國動力基金A-年配息股 英鎊,yfinance,未分類,英國
B3oH3Kf,2015-07-16,7.448561668395996,英鎊,景順英國動力基金A-年配息股 英鎊,yfinance,未分類,英國
B3oH3Kf,2015-07-17,7.457141876220703,英鎊,景順英國動力基金A-年配息股 英鎊,yfinance,未分類,英國
B3oH3Kf,2015-07-20,7.457141876220703,英鎊,景順英國動力基金A-年配息股 英鎊,yfinance,未分類,英國
B3oH3Kf,2015-07-21,7.448561668395996,英鎊,景順英國動力基金A-年配息股 英鎊,yfinance,未分類,英國
B3oH3Kf,2015-07-22,7.371330738067627,英鎊,景順英國動力基金A-年配息股 英鎊,yfinance,未分類,英國
B3oH3Kf,2015-07-23,7.328423023223877,英鎊,景順英國動力基金A-年配息股 英鎊,yfinance,未分類,英國
B3oH3Kf,2015-07-24,7.2940993309021,英鎊,景順英國動力基金A-年配息股 英鎊,yfinance,未分類,英國
B3oH3Kf,2015-07-27,7.199703693389893,英鎊,景順英國動力基金A-年配息股 英鎊,yfinance,未分類,英國
B3oH3Kf,2015-07-28,7.2254486083984375,英鎊,景順英國動力基金A-年配息股 英鎊,yfinance,未分類,英國
B3oH3Kf,2015-07-29,7.234030246734619,英鎊,景順英國動力基金A-年配息股 英鎊,yfinance,未分類,英國
B3oH3Kf,2015-07-30,7.31126070022583,英鎊,景順英國動力基金A-年配息股 英鎊,yfinance,未分類,英國
B3oH3Kf,2015-07-31,7.251190662384033,英鎊,景順英國動力基金A-年配息股 英鎊,yfinance,未分類,英國
B3oH3Kf,2015-08-04,7.27693510055542,英鎊,景順英國動力基金A-年配息股 英鎊,yfinance,未分類,英國
B3oH3Kf,2015-08-05,7.337005138397217,英鎊,景順英國動力基金A-年配息股 英鎊,yfinance,未分類,英國
B3oH3Kf,2015-08-06,7.345585823059082,英鎊,景順英國動力基金A-年配息股 英鎊,yfinance,未分類,英國
B3oH3Kf,2015-08-07,7.397073268890381,英鎊,景順英國動力基金A-年配息股 英鎊,yfinance,未分類,英國
B3oH3Kf,2015-08-10,7.2940993309021,英鎊,景順英國動力基金A-年配息股 英鎊,yfinance,未分類,英國
B3oH3Kf,2015-08-11,7.319842338562012,英鎊,景順英國動力基金A-年配息股 英鎊,yfinance,未分類,英國
B3oH3Kf,2015-08-12,7.2254486083984375,英鎊,景順英國動力基金A-年配息股 英鎊,yfinance,未分類,英國
B3oH3Kf,2015-08-13,7.27693510055542,英鎊,景順英國動力基金A-年配息股 英鎊,yfinance,未分類,英國
B3oH3Kf,2015-08-14,7.234030246734619,英鎊,景順英國動力基金A-年配息股 英鎊,yfinance,未分類,英國
B3oH3Kf,2015-08-17,7.191122531890869,英鎊,景順英國動力基金A-年配息股 英鎊,yfinance,未分類,英國
B3oH3Kf,2015-08-18,7.173959732055664,英鎊,景順英國動力基金A-年配息股 英鎊,yfinance,未分類,英國
B3oH3Kf,2015-08-19,7.105309009552002,英鎊,景順英國動力基金A-年配息股 英鎊,yfinance,未分類,英國
B3oH3Kf,2015-08-20,7.028078079223633,英鎊,景順英國動力基金A-年配息股 英鎊,yfinance,未分類,英國
B3oH3Kf,2015-08-21,6.959427833557129,英鎊,景順英國動力基金A-年配息股 英鎊,yfinance,未分類,英國
B3oH3Kf,2015-08-24,6.659082412719727,英鎊,景順英國動力基金A-年配息股 英鎊,yfinance,未分類,英國
B3oH3Kf,2015-08-25,6.736314296722412,英鎊,景順英國動力基金A-年配息股 英鎊,yfinance,未分類,英國
B3oH3Kf,2015-08-26,6.701988697052002,英鎊,景順英國動力基金A-年配息股 英鎊,yfinance,未分類,英國
B3oH3Kf,2015-08-27,6.770639896392822,英鎊,景順英國動力基金A-年配息股 英鎊,yfinance,未分類,英國
B3oH3Kf,2015-08-28,6.830708980560303,英鎊,景順英國動力基金A-年配息股 英鎊,yfinance,未分類,英國
B3oH3Kf,2015-09-01,6.7792205810546875,英鎊,景順英國動力基金A-年配息股 英鎊,yfinance,未分類,英國
B3oH3Kf,2015-09-02,6.693408012390137,英鎊,景順英國動力基金A-年配息股 英鎊,yfinance,未分類,英國
B3oH3Kf,2015-09-03,6.8135457038879395,英鎊,景順英國動力基金A-年配息股 英鎊,yfinance,未分類,英國
B3oH3Kf,2015-09-04,6.7448954582214355,英鎊,景順英國動力基金A-年配息股 英鎊,yfinance,未分類,英國
B3oH3Kf,2015-09-07,6.719151020050049,英鎊,景順英國動力基金A-年配息股 英鎊,yfinance,未分類,英國
B3oH3Kf,2015-09-08,6.856451988220215,英鎊,景順英國動力基金A-年配息股 英鎊,yfinance,未分類,英國
B3oH3Kf,2015-09-09,6.942265510559082,英鎊,景順英國動力基金A-年配息股 英鎊,yfinance,未分類,英國
B3oH3Kf,2015-09-10,6.873615264892578,英鎊,景順英國動力基金A-年配息股 英鎊,yfinance,未分類,英國
B3oH3Kf,2015-09-11,6.822126865386963,英鎊,景順英國動力基金A-年配息股 英鎊,yfinance,未分類,英國
B3oH3Kf,2015-09-14,6.839290142059326,英鎊,景順英國動力基金A-年配息股 英鎊,yfinance,未分類,英國
B3oH3Kf,2015-09-15,6.7792205810546875,英鎊,景順英國動力基金A-年配息股 英鎊,yfinance,未分類,英國
B3oH3Kf,2015-09-16,6.847870826721191,英鎊,景順英國動力基金A-年配息股 英鎊,yfinance,未分類,英國
B3oH3Kf,2015-09-17,6.882196426391602,英鎊,景順英國動力基金A-年配息股 英鎊,yfinance,未分類,英國
B3oH3Kf,2015-09-18,6.787801742553711,英鎊,景順英國動力基金A-年配息股 英鎊,yfinance,未分類,英國
B3oH3Kf,2015-09-21,6.736314296722412,英鎊,景順英國動力基金A-年配息股 英鎊,yfinance,未分類,英國
B3oH3Kf,2015-09-22,6.607594966888428,英鎊,景順英國動力基金A-年配息股 英鎊,yfinance,未分類,英國
B3oH3Kf,2015-09-23,6.607594966888428,英鎊,景順英國動力基金A-年配息股 英鎊,yfinance,未分類,英國
B3oH3Kf,2015-09-24,6.564687728881836,英鎊,景順英國動力基金A-年配息股 英鎊,yfinance,未分類,英國
B3oH3Kf,2015-09-25,6.659082412719727,英鎊,景順英國動力基金A-年配息股 英鎊,yfinance,未分類,英國
B3oH3Kf,2015-09-28,6.538945198059082,英鎊,景順英國動力基金A-年配息股 英鎊,yfinance,未分類,英國
B3oH3Kf,2015-09-29,6.444550514221191,英鎊,景順英國動力基金A-年配息股 英鎊,yfinance,未分類,英國
B3oH3Kf,2015-09-30,6.538945198059082,英鎊,景順英國動力基金A-年配息股 英鎊,yfinance,未分類,英國
B3oH3Kf,2015-10-01,6.650501728057861,英鎊,景順英國動力基金A-年配息股 英鎊,yfinance,未分類,英國
B3oH3Kf,2015-10-02,6.701988697052002,英鎊,景順英國動力基金A-年配息股 英鎊,yfinance,未分類,英國
B3oH3Kf,2015-10-05,6.796383380889893,英鎊,景順英國動力基金A-年配息股 英鎊,yfinance,未分類,英國
B3oH3Kf,2015-10-06,6.856451988220215,英鎊,景順英國動力基金A-年配息股 英鎊,yfinance,未分類,英國
B3oH3Kf,2015-10-07,6.942265510559082,英鎊,景順英國動力基金A-年配息股 英鎊,yfinance,未分類,英國
B3oH3Kf,2015-10-08,6.959427833557129,英鎊,景順英國動力基金A-年配息股 英鎊,yfinance,未分類,英國
B3oH3Kf,2015-10-09,7.0538225173950195,英鎊,景順英國動力基金A-年配息股 英鎊,yfinance,未分類,英國
B3oH3Kf,2015-10-12,7.0023345947265625,英鎊,景順英國動力基金A-年配息股 英鎊,yfinance,未分類,英國
B3oH3Kf,2015-10-13,6.882196426391602,英鎊,景順英國動力基金A-年配息股 英鎊,yfinance,未分類,英國
B3oH3Kf,2015-10-14,6.86503267288208,英鎊,景順英國動力基金A-年配息股 英鎊,yfinance,未分類,英國
B3oH3Kf,2015-10-15,6.882196426391602,英鎊,景順英國動力基金A-年配息股 英鎊,yfinance,未分類,英國
B3oH3Kf,2015-10-16,6.942265510559082,英鎊,景順英國動力基金A-年配息股 英鎊,yfinance,未分類,英國
B3oH3Kf,2015-10-19,6.899359226226807,英鎊,景順英國動力基金A-年配息股 英鎊,yfinance,未分類,英國
B3oH3Kf,2015-10-20,6.830708980560303,英鎊,景順英國動力基金A-年配息股 英鎊,yfinance,未分類,英國
B3oH3Kf,2015-10-21,6.916522026062012,英鎊,景順英國動力基金A-年配息股 英鎊,yfinance,未分類,英國
B3oH3Kf,2015-10-22,6.890777111053467,英鎊,景順英國動力基金A-年配息股 英鎊,yfinance,未分類,英國
B3oH3Kf,2015-10-23,7.0538225173950195,英鎊,景順英國動力基金A-年配息股 英鎊,yfinance,未分類,英國
B3oH3Kf,2015-10-27,6.985172271728516,英鎊,景順英國動力基金A-年配息股 英鎊,yfinance,未分類,英國
B3oH3Kf,2015-10-28,6.9680094718933105,英鎊,景順英國動力基金A-年配息股 英鎊,yfinance,未分類,英國
B3oH3Kf,2015-10-29,6.925102233886719,英鎊,景順英國動力基金A-年配息股 英鎊,yfinance,未分類,英國
B3oH3Kf,2015-10-30,6.916522026062012,英鎊,景順英國動力基金A-年配息股 英鎊,yfinance,未分類,英國
B3oH3Kf,2015-11-02,6.916522026062012,英鎊,景順英國動力基金A-年配息股 英鎊,yfinance,未分類,英國
B3oH3Kf,2015-11-03,6.950847148895264,英鎊,景順英國動力基金A-年配息股 英鎊,yfinance,未分類,英國
B3oH3Kf,2015-11-04,7.0452399253845215,英鎊,景順英國動力基金A-年配息股 英鎊,yfinance,未分類,英國
B3oH3Kf,2015-11-05,6.950847148895264,英鎊,景順英國動力基金A-年配息股 英鎊,yfinance,未分類,英國
B3oH3Kf,2015-11-06,6.942265510559082,英鎊,景順英國動力基金A-年配息股 英鎊,yfinance,未分類,英國
B3oH3Kf,2015-11-09,6.9680094718933105,英鎊,景順英國動力基金A-年配息股 英鎊,yfinance,未分類,英國
B3oH3Kf,2015-11-10,6.847870826721191,英鎊,景順英國動力基金A-年配息股 英鎊,yfinance,未分類,英國
B3oH3Kf,2015-11-11,6.882196426391602,英鎊,景順英國動力基金A-年配息股 英鎊,yfinance,未分類,英國
B3oH3Kf,2015-11-12,6.830708980560303,英鎊,景順英國動力基金A-年配息股 英鎊,yfinance,未分類,英國
B3oH3Kf,2015-11-13,6.710569858551025,英鎊,景順英國動力基金A-年配息股 英鎊,yfinance,未分類,英國
B3oH3Kf,2015-11-16,6.719151020050049,英鎊,景順英國動力基金A-年配息股 英鎊,yfinance,未分類,英國
B3oH3Kf,2015-11-17,6.796383380889893,英鎊,景順英國動力基金A-年配息股 英鎊,yfinance,未分類,英國
B3oH3Kf,2015-11-18,6.796383380889893,英鎊,景順英國動力基金A-年配息股 英鎊,yfinance,未分類,英國
B3oH3Kf,2015-11-19,6.882196426391602,英鎊,景順英國動力基金A-年配息股 英鎊,yfinance,未分類,英國
B3oH3Kf,2015-11-20,6.839290142059326,英鎊,景順英國動力基金A-年配息股 英鎊,yfinance,未分類,英國
B3oH3Kf,2015-11-23,6.804964542388916,英鎊,景順英國動力基金A-年配息股 英鎊,yfinance,未分類,英國
B3oH3Kf,2015-11-24,6.719151020050049,英鎊,景順英國動力基金A-年配息股 英鎊,yfinance,未分類,英國
B3oH3Kf,2015-11-25,6.822126865386963,英鎊,景順英國動力基金A-年配息股 英鎊,yfinance,未分類,英國
B3oH3Kf,2015-11-26,6.882196426391602,英鎊,景順英國動力基金A-年配息股 英鎊,yfinance,未分類,英國
B3oH3Kf,2015-11-27,6.899359226226807,英鎊,景順英國動力基金A-年配息股 英鎊,yfinance,未分類,英國
B3oH3Kf,2015-11-30,6.899359226226807,英鎊,景順英國動力基金A-年配息股 英鎊,yfinance,未分類,英國
B3oH3Kf,2015-12-01,6.942265510559082,英鎊,景順英國動力基金A-年配息股 英鎊,yfinance,未分類,英國
B3oH3Kf,2015-12-02,6.9680094718933105,英鎊,景順英國動力基金A-年配息股 英鎊,yfinance,未分類,英國
B3oH3Kf,2015-12-03,6.993752479553223,英鎊,景順英國動力基金A-年配息股 英鎊,yfinance,未分類,英國
B3oH3Kf,2015-12-04,6.882196426391602,英鎊,景順英國動力基金A-年配息股 英鎊,yfinance,未分類,英國
B3oH3Kf,2015-12-07,6.839290142059326,英鎊,景順英國動力基金A-年配息股 英鎊,yfinance,未分類,英國
B3oH3Kf,2015-12-08,6.710569858551025,英鎊,景順英國動力基金A-年配息股 英鎊,yfinance,未分類,英國
B3oH3Kf,2015-12-09,6.684826850891113,英鎊,景順英國動力基金A-年配息股 英鎊,yfinance,未分類,英國
B3oH3Kf,2015-12-10,6.693408012390137,英鎊,景順英國動力基金A-年配息股 英鎊,yfinance,未分類,英國
B3oH3Kf,2015-12-11,6.599013805389404,英鎊,景順英國動力基金A-年配息股 英鎊,yfinance,未分類,英國
B3oH3Kf,2015-12-14,6.5303635597229,英鎊,景順英國動力基金A-年配息股 英鎊,yfinance,未分類,英國
B3oH3Kf,2015-12-15,6.590432643890381,英鎊,景順英國動力基金A-年配息股 英鎊,yfinance,未分類,英國
B3oH3Kf,2015-12-16,6.6419196128845215,英鎊,景順英國動力基金A-年配息股 英鎊,yfinance,未分類,英國
B3oH3Kf,2015-12-17,6.787801742553711,英鎊,景順英國動力基金A-年配息股 英鎊,yfinance,未分類,英國
B3oH3Kf,2015-12-18,6.659082412719727,英鎊,景順英國動力基金A-年配息股 英鎊,yfinance,未分類,英國
B3oH3Kf,2015-12-21,6.701988697052002,英鎊,景順英國動力基金A-年配息股 英鎊,yfinance,未分類,英國
B3oH3Kf,2015-12-22,6.66766357421875,英鎊,景順英國動力基金A-年配息股 英鎊,yfinance,未分類,英國
B3oH3Kf,2015-12-23,6.822126865386963,英鎊,景順英國動力基金A-年配息股 英鎊,yfinance,未分類,英國
B3oH3Kf,2015-12-29,6.882196426391602,英鎊,景順英國動力基金A-年配息股 英鎊,yfinance,未分類,英國
B3oH3Kf,2015-12-30,6.890777111053467,英鎊,景順英國動力基金A-年配息股 英鎊,yfinance,未分類,英國
B3oH3Kf,2015-12-31,6.847870826721191,英鎊,景順英國動力基金A-年配息股 英鎊,yfinance,未分類,英國
B19025,2015-01-02,824.52001953125,英鎊,瑞銀 (盧森堡) 英鎊基金,yfinance,貨幣市場,全球市場
B19025,2015-01-05,824.5399780273438,英鎊,瑞銀 (盧森堡) 英鎊基金,yfinance,貨幣市場,全球市場
B19025,2015-01-06,824.5499877929688,英鎊,瑞銀 (盧森堡) 英鎊基金,yfinance,貨幣市場,全球市場
B19025,2015-01-07,824.5499877929688,英鎊,瑞銀 (盧森堡) 英鎊基金,yfinance,貨幣市場,全球市場
B19025,2015-01-08,824.52001953125,英鎊,瑞銀 (盧森堡) 英鎊基金,yfinance,貨幣市場,全球市場
B19025,2015-01-09,824.530029296875,英鎊,瑞銀 (盧森堡) 英鎊基金,yfinance,貨幣市場,全球市場
B19025,2015-01-12,824.5499877929688,英鎊,瑞銀 (盧森堡) 英鎊基金,yfinance,貨幣市場,全球市場
B19025,2015-01-13,824.5499877929688,英鎊,瑞銀 (盧森堡) 英鎊基金,yfinance,貨幣市場,全球市場
B19025,2015-01-14,824.5599975585938,英鎊,瑞銀 (盧森堡) 英鎊基金,yfinance,貨幣市場,全球市場
B19025,2015-01-15,824.5599975585938,英鎊,瑞銀 (盧森堡) 英鎊基金,yfinance,貨幣市場,全球市場
B19025,2015-01-16,824.5399780273438,英鎊,瑞銀 (盧森堡) 英鎊基金,yfinance,貨幣市場,全球市場
B19025,2015-01-19,824.5599975585938,英鎊,瑞銀 (盧森堡) 英鎊基金,yfinance,貨幣市場,全球市場
B19025,2015-01-20,824.5700073242188,英鎊,瑞銀 (盧森堡) 英鎊基金,yfinance,貨幣市場,全球市場
B19025,2015-01-21,824.5800170898438,英鎊,瑞銀 (盧森堡) 英鎊基金,yfinance,貨幣市場,全球市場
B19025,2015-01-22,824.5700073242188,英鎊,瑞銀 (盧森堡) 英鎊基金,yfinance,貨幣市場,全球市場
B19025,2015-01-23,824.5800170898438,英鎊,瑞銀 (盧森堡) 英鎊基金,yfinance,貨幣市場,全球市場
B19025,2015-01-26,824.5900268554688,英鎊,瑞銀 (盧森堡) 英鎊基金,yfinance,貨幣市場,全球市場
B19025,2015-01-27,824.5900268554688,英鎊,瑞銀 (盧森堡) 英鎊基金,yfinance,貨幣市場,全球市場
B19025,2015-01-28,824.5999755859375,英鎊,瑞銀 (盧森堡) 英鎊基金,yfinance,貨幣市場,全球市場
B19025,2015-01-29,824.5900268554688,英鎊,瑞銀 (盧森堡) 英鎊基金,yfinance,貨幣市場,全球市場
B19025,2015-01-30,824.5900268554688,英鎊,瑞銀 (盧森堡) 英鎊基金,yfinance,貨幣市場,全球市場
B19025,2015-02-02,824.6099853515625,英鎊,瑞銀 (盧森堡) 英鎊基金,yfinance,貨幣市場,全球市場
B19025,2015-02-03,824.5999755859375,英鎊,瑞銀 (盧森堡) 英鎊基金,yfinance,貨幣市場,全球市場
B19025,2015-02-04,824.6099853515625,英鎊,瑞銀 (盧森堡) 英鎊基金,yfinance,貨幣市場,全球市場
B19025,2015-02-05,824.5999755859375,英鎊,瑞銀 (盧森堡) 英鎊基金,yfinance,貨幣市場,全球市場
B19025,2015-02-06,824.5999755859375,英鎊,瑞銀 (盧森堡) 英鎊基金,yfinance,貨幣市場,全球市場
B19025,2015-02-09,824.6099853515625,英鎊,瑞銀 (盧森堡) 英鎊基金,yfinance,貨幣市場,全球市場
B19025,2015-02-10,824.6199951171875,英鎊,瑞銀 (盧森堡) 英鎊基金,yfinance,貨幣市場,全球市場
B19025,2015-02-11,824.6300048828125,英鎊,瑞銀 (盧森堡) 英鎊基金,yfinance,貨幣市場,全球市場
B19025,2015-02-12,824.6099853515625,英鎊,瑞銀 (盧森堡) 英鎊基金,yfinance,貨幣市場,全球市場
B19025,2015-02-13,824.6300048828125,英鎊,瑞銀 (盧森堡) 英鎊基金,yfinance,貨幣市場,全球市場
B19025,2015-02-16,824.6400146484375,英鎊,瑞銀 (盧森堡) 英鎊基金,yfinance,貨幣市場,全球市場
B19025,2015-02-17,824.6199951171875,英鎊,瑞銀 (盧森堡) 英鎊基金,yfinance,貨幣市場,全球市場
B19025,2015-02-18,824.6199951171875,英鎊,瑞銀 (盧森堡) 英鎊基金,yfinance,貨幣市場,全球市場
B19025,2015-02-19,824.6300048828125,英鎊,瑞銀 (盧森堡) 英鎊基金,yfinance,貨幣市場,全球市場
B19025,2015-02-20,824.6300048828125,英鎊,瑞銀 (盧森堡) 英鎊基金,yfinance,貨幣市場,全球市場
B19025,2015-02-23,824.6400146484375,英鎊,瑞銀 (盧森堡) 英鎊基金,yfinance,貨幣市場,全球市場
B19025,2015-02-24,824.6300048828125,英鎊,瑞銀 (盧森堡) 英鎊基金,yfinance,貨幣市場,全球市場
B19025,2015-02-25,824.6300048828125,英鎊,瑞銀 (盧森堡) 英鎊基金,yfinance,貨幣市場,全球市場
B19025,2015-02-26,824.6300048828125,英鎊,瑞銀 (盧森堡) 英鎊基金,yfinance,貨幣市場,全球市場
B19025,2015-02-27,824.6300048828125,英鎊,瑞銀 (盧森堡) 英鎊基金,yfinance,貨幣市場,全球市場
B19025,2015-03-02,824.6599731445312,英鎊,瑞銀 (盧森堡) 英鎊基金,yfinance,貨幣市場,全球市場
B19025,2015-03-03,824.6699829101562,英鎊,瑞銀 (盧森堡) 英鎊基金,yfinance,貨幣市場,全球市場
B19025,2015-03-04,824.6500244140625,英鎊,瑞銀 (盧森堡) 英鎊基金,yfinance,貨幣市場,全球市場
B19025,2015-03-05,824.6500244140625,英鎊,瑞銀 (盧森堡) 英鎊基金,yfinance,貨幣市場,全球市場
B19025,2015-03-06,824.6500244140625,英鎊,瑞銀 (盧森堡) 英鎊基金,yfinance,貨幣市場,全球市場
B19025,2015-03-09,824.6799926757812,英鎊,瑞銀 (盧森堡) 英鎊基金,yfinance,貨幣市場,全球市場
B19025,2015-03-10,824.6699829101562,英鎊,瑞銀 (盧森堡) 英鎊基金,yfinance,貨幣市場,全球市場
B19025,2015-03-11,824.6699829101562,英鎊,瑞銀 (盧森堡) 英鎊基金,yfinance,貨幣市場,全球市場
B19025,2015-03-12,824.6500244140625,英鎊,瑞銀 (盧森堡) 英鎊基金,yfinance,貨幣市場,全球市場
B19025,2015-03-13,824.6599731445312,英鎊,瑞銀 (盧森堡) 英鎊基金,yfinance,貨幣市場,全球市場
B19025,2015-03-16,824.6699829101562,英鎊,瑞銀 (盧森堡) 英鎊基金,yfinance,貨幣市場,全球市場
B19025,2015-03-17,824.6799926757812,英鎊,瑞銀 (盧森堡) 英鎊基金,yfinance,貨幣市場,全球市場
B19025,2015-03-18,824.6699829101562,英鎊,瑞銀 (盧森堡) 英鎊基金,yfinance,貨幣市場,全球市場
B19025,2015-03-19,824.6599731445312,英鎊,瑞銀 (盧森堡) 英鎊基金,yfinance,貨幣市場,全球市場
B19025,2015-03-20,824.6599731445312,英鎊,瑞銀 (盧森堡) 英鎊基金,yfinance,貨幣市場,全球市場
B19025,2015-03-23,824.6900024414062,英鎊,瑞銀 (盧森堡) 英鎊基金,yfinance,貨幣市場,全球市場
B19025,2015-03-24,824.6900024414062,英鎊,瑞銀 (盧森堡) 英鎊基金,yfinance,貨幣市場,全球市場
B19025,2015-03-25,824.6900024414062,英鎊,瑞銀 (盧森堡) 英鎊基金,yfinance,貨幣市場,全球市場
B19025,2015-03-26,824.6799926757812,英鎊,瑞銀 (盧森堡) 英鎊基金,yfinance,貨幣市場,全球市場
B19025,2015-03-27,824.6799926757812,英鎊,瑞銀 (盧森堡) 英鎊基金,yfinance,貨幣市場,全球市場
B19025,2015-03-30,824.7000122070312,英鎊,瑞銀 (盧森堡) 英鎊基金,yfinance,貨幣市場,全球市場
B19025,2015-03-31,824.6699829101562,英鎊,瑞銀 (盧森堡) 英鎊基金,yfinance,貨幣市場,全球市場
B19025,2015-04-01,824.6699829101562,英鎊,瑞銀 (盧森堡) 英鎊基金,yfinance,貨幣市場,全球市場
B19025,2015-04-02,824.6699829101562,英鎊,瑞銀 (盧森堡) 英鎊基金,yfinance,貨幣市場,全球市場
B19025,2015-04-07,824.7100219726562,英鎊,瑞銀 (盧森堡) 英鎊基金,yfinance,貨幣市場,全球市場
B19025,2015-04-08,824.7100219726562,英鎊,瑞銀 (盧森堡) 英鎊基金,yfinance,貨幣市場,全球市場
B19025,2015-04-09,824.7000122070312,英鎊,瑞銀 (盧森堡) 英鎊基金,yfinance,貨幣市場,全球市場
B19025,2015-04-10,824.7000122070312,英鎊,瑞銀 (盧森堡) 英鎊基金,yfinance,貨幣市場,全球市場
B19025,2015-04-13,824.719970703125,英鎊,瑞銀 (盧森堡) 英鎊基金,yfinance,貨幣市場,全球市場
B19025,2015-04-14,824.719970703125,英鎊,瑞銀 (盧森堡) 英鎊基金,yfinance,貨幣市場,全球市場
B19025,2015-04-15,824.719970703125,英鎊,瑞銀 (盧森堡) 英鎊基金,yfinance,貨幣市場,全球市場
B19025,2015-04-16,824.719970703125,英鎊,瑞銀 (盧森堡) 英鎊基金,yfinance,貨幣市場,全球市場
B19025,2015-04-17,824.72998046875,英鎊,瑞銀 (盧森堡) 英鎊基金,yfinance,貨幣市場,全球市場
B19025,2015-04-20,824.739990234375,英鎊,瑞銀 (盧森堡) 英鎊基金,yfinance,貨幣市場,全球市場
B19025,2015-04-21,824.75,英鎊,瑞銀 (盧森堡) 英鎊基金,yfinance,貨幣市場,全球市場
B19025,2015-04-22,824.739990234375,英鎊,瑞銀 (盧森堡) 英鎊基金,yfinance,貨幣市場,全球市場
B19025,2015-04-23,824.72998046875,英鎊,瑞銀 (盧森堡) 英鎊基金,yfinance,貨幣市場,全球市場
B19025,2015-04-24,824.72998046875,英鎊,瑞銀 (盧森堡) 英鎊基金,yfinance,貨幣市場,全球市場
B19025,2015-04-27,824.75,英鎊,瑞銀 (盧森堡) 英鎊基金,yfinance,貨幣市場,全球市場
B19025,2015-04-28,824.739990234375,英鎊,瑞銀 (盧森堡) 英鎊基金,yfinance,貨幣市場,全球市場
B19025,2015-04-29,824.75,英鎊,瑞銀 (盧森堡) 英鎊基金,yfinance,貨幣市場,全球市場
B19025,2015-04-30,824.72998046875,英鎊,瑞銀 (盧森堡) 英鎊基金,yfinance,貨幣市場,全球市場
B19025,2015-05-05,824.77001953125,英鎊,瑞銀 (盧森堡) 英鎊基金,yfinance,貨幣市場,全球市場
B19025,2015-05-06,824.760009765625,英鎊,瑞銀 (盧森堡) 英鎊基金,yfinance,貨幣市場,全球市場
B19025,2015-05-07,824.760009765625,英鎊,瑞銀 (盧森堡) 英鎊基金,yfinance,貨幣市場,全球市場
B19025,2015-05-08,824.77001953125,英鎊,瑞銀 (盧森堡) 英鎊基金,yfinance,貨幣市場,全球市場
B19025,2015-05-11,824.77001953125,英鎊,瑞銀 (盧森堡) 英鎊基金,yfinance,貨幣市場,全球市場
B19025,2015-05-12,824.77001953125,英鎊,瑞銀 (盧森堡) 英鎊基金,yfinance,貨幣市場,全球市場
B19025,2015-05-13,824.780029296875,英鎊,瑞銀 (盧森堡) 英鎊基金,yfinance,貨幣市場,全球市場
B19025,2015-05-15,824.780029296875,英鎊,瑞銀 (盧森堡) 英鎊基金,yfinance,貨幣市場,全球市場
B19025,2015-05-18,824.7899780273438,英鎊,瑞銀 (盧森堡) 英鎊基金,yfinance,貨幣市場,全球市場
B19025,2015-05-19,824.7999877929688,英鎊,瑞銀 (盧森堡) 英鎊基金,yfinance,貨幣市場,全球市場
B19025,2015-05-20,824.780029296875,英鎊,瑞銀 (盧森堡) 英鎊基金,yfinance,貨幣市場,全球市場
B19025,2015-05-21,824.780029296875,英鎊,瑞銀 (盧森堡) 英鎊基金,yfinance,貨幣市場,全球市場
B19025,2015-05-22,824.780029296875,英鎊,瑞銀 (盧森堡) 英鎊基金,yfinance,貨幣市場,全球市場
B19025,2015-05-26,824.7999877929688,英鎊,瑞銀 (盧森堡) 英鎊基金,yfinance,貨幣市場,全球市場
B19025,2015-05-27,824.8099975585938,英鎊,瑞銀 (盧森堡) 英鎊基金,yfinance,貨幣市場,全球市場
B19025,2015-05-28,824.7999877929688,英鎊,瑞銀 (盧森堡) 英鎊基金,yfinance,貨幣市場,全球市場
B19025,2015-05-29,824.8099975585938,英鎊,瑞銀 (盧森堡) 英鎊基金,yfinance,貨幣市場,全球市場
B19025,2015-06-01,824.8200073242188,英鎊,瑞銀 (盧森堡) 英鎊基金,yfinance,貨幣市場,全球市場
B19025,2015-06-02,824.8200073242188,英鎊,瑞銀 (盧森堡) 英鎊基金,yfinance,貨幣市場,全球市場
B19025,2015-06-03,824.8200073242188,英鎊,瑞銀 (盧森堡) 英鎊基金,yfinance,貨幣市場,全球市場
B19025,2015-06-04,824.8200073242188,英鎊,瑞銀 (盧森堡) 英鎊基金,yfinance,貨幣市場,全球市場
B19025,2015-06-05,824.8200073242188,英鎊,瑞銀 (盧森堡) 英鎊基金,yfinance,貨幣市場,全球市場
B19025,2015-06-08,824.8400268554688,英鎊,瑞銀 (盧森堡) 英鎊基金,yfinance,貨幣市場,全球市場
B19025,2015-06-09,824.8400268554688,英鎊,瑞銀 (盧森堡) 英鎊基金,yfinance,貨幣市場,全球市場
B19025,2015-06-10,824.8400268554688,英鎊,瑞銀 (盧森堡) 英鎊基金,yfinance,貨幣市場,全球市場
B19025,2015-06-11,824.8400268554688,英鎊,瑞銀 (盧森堡) 英鎊基金,yfinance,貨幣市場,全球市場
B19025,2015-06-12,824.8300170898438,英鎊,瑞銀 (盧森堡) 英鎊基金,yfinance,貨幣市場,全球市場
B19025,2015-06-15,824.8400268554688,英鎊,瑞銀 (盧森堡) 英鎊基金,yfinance,貨幣市場,全球市場
B19025,2015-06-16,824.8599853515625,英鎊,瑞銀 (盧森堡) 英鎊基金,yfinance,貨幣市場,全球市場
B19025,2015-06-17,824.8400268554688,英鎊,瑞銀 (盧森堡) 英鎊基金,yfinance,貨幣市場,全球市場
B19025,2015-06-18,824.8400268554688,英鎊,瑞銀 (盧森堡) 英鎊基金,yfinance,貨幣市場,全球市場
B19025,2015-06-19,824.8400268554688,英鎊,瑞銀 (盧森堡) 英鎊基金,yfinance,貨幣市場,全球市場
B19025,2015-06-22,824.8599853515625,英鎊,瑞銀 (盧森堡) 英鎊基金,yfinance,貨幣市場,全球市場
B19025,2015-06-24,824.8599853515625,英鎊,瑞銀 (盧森堡) 英鎊基金,yfinance,貨幣市場,全球市場
B19025,2015-06-25,824.8499755859375,英鎊,瑞銀 (盧森堡) 英鎊基金,yfinance,貨幣市場,全球市場
B19025,2015-06-26,824.8499755859375,英鎊,瑞銀 (盧森堡) 英鎊基金,yfinance,貨幣市場,全球市場
B19025,2015-06-29,824.8800048828125,英鎊,瑞銀 (盧森堡) 英鎊基金,yfinance,貨幣市場,全球市場
B19025,2015-06-30,824.8800048828125,英鎊,瑞銀 (盧森堡) 英鎊基金,yfinance,貨幣市場,全球市場
B19025,2015-07-01,824.8699951171875,英鎊,瑞銀 (盧森堡) 英鎊基金,yfinance,貨幣市場,全球市場
B19025,2015-07-02,824.8599853515625,英鎊,瑞銀 (盧森堡) 英鎊基金,yfinance,貨幣市場,全球市場
B19025,2015-07-03,824.8599853515625,英鎊,瑞銀 (盧森堡) 英鎊基金,yfinance,貨幣市場,全球市場
B19025,2015-07-06,824.8800048828125,英鎊,瑞銀 (盧森堡) 英鎊基金,yfinance,貨幣市場,全球市場
B19025,2015-07-07,824.8900146484375,英鎊,瑞銀 (盧森堡) 英鎊基金,yfinance,貨幣市場,全球市場
B19025,2015-07-08,824.8900146484375,英鎊,瑞銀 (盧森堡) 英鎊基金,yfinance,貨幣市場,全球市場
B19025,2015-07-09,824.8800048828125,英鎊,瑞銀 (盧森堡) 英鎊基金,yfinance,貨幣市場,全球市場
B19025,2015-07-10,824.8800048828125,英鎊,瑞銀 (盧森堡) 英鎊基金,yfinance,貨幣市場,全球市場
B19025,2015-07-13,824.9000244140625,英鎊,瑞銀 (盧森堡) 英鎊基金,yfinance,貨幣市場,全球市場
B19025,2015-07-14,824.9000244140625,英鎊,瑞銀 (盧森堡) 英鎊基金,yfinance,貨幣市場,全球市場
B19025,2015-07-15,824.8800048828125,英鎊,瑞銀 (盧森堡) 英鎊基金,yfinance,貨幣市場,全球市場
B19025,2015-07-16,824.8800048828125,英鎊,瑞銀 (盧森堡) 英鎊基金,yfinance,貨幣市場,全球市場
B19025,2015-07-17,824.8800048828125,英鎊,瑞銀 (盧森堡) 英鎊基金,yfinance,貨幣市場,全球市場
B19025,2015-07-20,824.8900146484375,英鎊,瑞銀 (盧森堡) 英鎊基金,yfinance,貨幣市場,全球市場
B19025,2015-07-21,824.8699951171875,英鎊,瑞銀 (盧森堡) 英鎊基金,yfinance,貨幣市場,全球市場
B19025,2015-07-22,824.8699951171875,英鎊,瑞銀 (盧森堡) 英鎊基金,yfinance,貨幣市場,全球市場
B19025,2015-07-23,824.8699951171875,英鎊,瑞銀 (盧森堡) 英鎊基金,yfinance,貨幣市場,全球市場
B19025,2015-07-24,824.8699951171875,英鎊,瑞銀 (盧森堡) 英鎊基金,yfinance,貨幣市場,全球市場
B19025,2015-07-27,824.8900146484375,英鎊,瑞銀 (盧森堡) 英鎊基金,yfinance,貨幣市場,全球市場
B19025,2015-07-28,824.8900146484375,英鎊,瑞銀 (盧森堡) 英鎊基金,yfinance,貨幣市場,全球市場
B19025,2015-07-29,824.8900146484375,英鎊,瑞銀 (盧森堡) 英鎊基金,yfinance,貨幣市場,全球市場
B19025,2015-07-30,824.8900146484375,英鎊,瑞銀 (盧森堡) 英鎊基金,yfinance,貨幣市場,全球市場
B19025,2015-07-31,824.8900146484375,英鎊,瑞銀 (盧森堡) 英鎊基金,yfinance,貨幣市場,全球市場
B19025,2015-08-03,824.9199829101562,英鎊,瑞銀 (盧森堡) 英鎊基金,yfinance,貨幣市場,全球市場
B19025,2015-08-04,824.9199829101562,英鎊,瑞銀 (盧森堡) 英鎊基金,yfinance,貨幣市場,全球市場
B19025,2015-08-05,824.9099731445312,英鎊,瑞銀 (盧森堡) 英鎊基金,yfinance,貨幣市場,全球市場
B19025,2015-08-06,824.9000244140625,英鎊,瑞銀 (盧森堡) 英鎊基金,yfinance,貨幣市場,全球市場
B19025,2015-08-07,824.9099731445312,英鎊,瑞銀 (盧森堡) 英鎊基金,yfinance,貨幣市場,全球市場
B19025,2015-08-10,824.9299926757812,英鎊,瑞銀 (盧森堡) 英鎊基金,yfinance,貨幣市場,全球市場
B19025,2015-08-11,824.9299926757812,英鎊,瑞銀 (盧森堡) 英鎊基金,yfinance,貨幣市場,全球市場
B19025,2015-08-12,824.9299926757812,英鎊,瑞銀 (盧森堡) 英鎊基金,yfinance,貨幣市場,全球市場
B19025,2015-08-13,824.9199829101562,英鎊,瑞銀 (盧森堡) 英鎊基金,yfinance,貨幣市場,全球市場
B19025,2015-08-14,824.9199829101562,英鎊,瑞銀 (盧森堡) 英鎊基金,yfinance,貨幣市場,全球市場
B19025,2015-08-17,824.9299926757812,英鎊,瑞銀 (盧森堡) 英鎊基金,yfinance,貨幣市場,全球市場
B19025,2015-08-18,824.9099731445312,英鎊,瑞銀 (盧森堡) 英鎊基金,yfinance,貨幣市場,全球市場
B19025,2015-08-19,824.9299926757812,英鎊,瑞銀 (盧森堡) 英鎊基金,yfinance,貨幣市場,全球市場
B19025,2015-08-20,824.9400024414062,英鎊,瑞銀 (盧森堡) 英鎊基金,yfinance,貨幣市場,全球市場
B19025,2015-08-21,824.9299926757812,英鎊,瑞銀 (盧森堡) 英鎊基金,yfinance,貨幣市場,全球市場
B19025,2015-08-24,824.9400024414062,英鎊,瑞銀 (盧森堡) 英鎊基金,yfinance,貨幣市場,全球市場
B19025,2015-08-25,824.9400024414062,英鎊,瑞銀 (盧森堡) 英鎊基金,yfinance,貨幣市場,全球市場
B19025,2015-08-26,824.9299926757812,英鎊,瑞銀 (盧森堡) 英鎊基金,yfinance,貨幣市場,全球市場
B19025,2015-08-27,824.9500122070312,英鎊,瑞銀 (盧森堡) 英鎊基金,yfinance,貨幣市場,全球市場
B19025,2015-08-28,824.9400024414062,英鎊,瑞銀 (盧森堡) 英鎊基金,yfinance,貨幣市場,全球市場
B19025,2015-09-01,824.9299926757812,英鎊,瑞銀 (盧森堡) 英鎊基金,yfinance,貨幣市場,全球市場
B19025,2015-09-02,824.9400024414062,英鎊,瑞銀 (盧森堡) 英鎊基金,yfinance,貨幣市場,全球市場
B19025,2015-09-03,824.9400024414062,英鎊,瑞銀 (盧森堡) 英鎊基金,yfinance,貨幣市場,全球市場
B19025,2015-09-04,824.9500122070312,英鎊,瑞銀 (盧森堡) 英鎊基金,yfinance,貨幣市場,全球市場
B19025,2015-09-07,824.97998046875,英鎊,瑞銀 (盧森堡) 英鎊基金,yfinance,貨幣市場,全球市場
B19025,2015-09-08,824.97998046875,英鎊,瑞銀 (盧森堡) 英鎊基金,yfinance,貨幣市場,全球市場
B19025,2015-09-09,824.969970703125,英鎊,瑞銀 (盧森堡) 英鎊基金,yfinance,貨幣市場,全球市場
B19025,2015-09-10,824.9600219726562,英鎊,瑞銀 (盧森堡) 英鎊基金,yfinance,貨幣市場,全球市場
B19025,2015-09-11,824.9600219726562,英鎊,瑞銀 (盧森堡) 英鎊基金,yfinance,貨幣市場,全球市場
B19025,2015-09-14,824.97998046875,英鎊,瑞銀 (盧森堡) 英鎊基金,yfinance,貨幣市場,全球市場
B19025,2015-09-15,824.989990234375,英鎊,瑞銀 (盧森堡) 英鎊基金,yfinance,貨幣市場,全球市場
B19025,2015-09-16,824.97998046875,英鎊,瑞銀 (盧森堡) 英鎊基金,yfinance,貨幣市場,全球市場
B19025,2015-09-17,824.97998046875,英鎊,瑞銀 (盧森堡) 英鎊基金,yfinance,貨幣市場,全球市場
B19025,2015-09-18,824.989990234375,英鎊,瑞銀 (盧森堡) 英鎊基金,yfinance,貨幣市場,全球市場
B19025,2015-09-21,824.989990234375,英鎊,瑞銀 (盧森堡) 英鎊基金,yfinance,貨幣市場,全球市場
B19025,2015-09-22,825.0,英鎊,瑞銀 (盧森堡) 英鎊基金,yfinance,貨幣市場,全球市場
B19025,2015-09-23,824.9000244140625,英鎊,瑞銀 (盧森堡) 英鎊基金,yfinance,貨幣市場,全球市場
B19025,2015-09-24,824.8900146484375,英鎊,瑞銀 (盧森堡) 英鎊基金,yfinance,貨幣市場,全球市場
B19025,2015-09-25,824.9000244140625,英鎊,瑞銀 (盧森堡) 英鎊基金,yfinance,貨幣市場,全球市場
B19025,2015-09-28,824.9099731445312,英鎊,瑞銀 (盧森堡) 英鎊基金,yfinance,貨幣市場,全球市場
B19025,2015-09-29,824.9000244140625,英鎊,瑞銀 (盧森堡) 英鎊基金,yfinance,貨幣市場,全球市場
B19025,2015-09-30,824.8900146484375,英鎊,瑞銀 (盧森堡) 英鎊基金,yfinance,貨幣市場,全球市場
B19025,2015-10-01,824.8900146484375,英鎊,瑞銀 (盧森堡) 英鎊基金,yfinance,貨幣市場,全球市場
B19025,2015-10-02,824.9000244140625,英鎊,瑞銀 (盧森堡) 英鎊基金,yfinance,貨幣市場,全球市場
B19025,2015-10-05,824.9099731445312,英鎊,瑞銀 (盧森堡) 英鎊基金,yfinance,貨幣市場,全球市場
B19025,2015-10-06,824.9000244140625,英鎊,瑞銀 (盧森堡) 英鎊基金,yfinance,貨幣市場,全球市場
B19025,2015-10-07,824.9099731445312,英鎊,瑞銀 (盧森堡) 英鎊基金,yfinance,貨幣市場,全球市場
B19025,2015-10-08,824.9099731445312,英鎊,瑞銀 (盧森堡) 英鎊基金,yfinance,貨幣市場,全球市場
B19025,2015-10-09,824.9199829101562,英鎊,瑞銀 (盧森堡) 英鎊基金,yfinance,貨幣市場,全球市場
B19025,2015-10-12,824.9400024414062,英鎊,瑞銀 (盧森堡) 英鎊基金,yfinance,貨幣市場,全球市場
B19025,2015-10-13,824.9400024414062,英鎊,瑞銀 (盧森堡) 英鎊基金,yfinance,貨幣市場,全球市場
B19025,2015-10-14,824.9400024414062,英鎊,瑞銀 (盧森堡) 英鎊基金,yfinance,貨幣市場,全球市場
B19025,2015-10-15,824.9299926757812,英鎊,瑞銀 (盧森堡) 英鎊基金,yfinance,貨幣市場,全球市場
B19025,2015-10-16,824.9400024414062,英鎊,瑞銀 (盧森堡) 英鎊基金,yfinance,貨幣市場,全球市場
B19025,2015-10-19,824.9500122070312,英鎊,瑞銀 (盧森堡) 英鎊基金,yfinance,貨幣市場,全球市場
B19025,2015-10-20,824.9500122070312,英鎊,瑞銀 (盧森堡) 英鎊基金,yfinance,貨幣市場,全球市場
B19025,2015-10-21,824.9400024414062,英鎊,瑞銀 (盧森堡) 英鎊基金,yfinance,貨幣市場,全球市場
B19025,2015-10-22,824.9299926757812,英鎊,瑞銀 (盧森堡) 英鎊基金,yfinance,貨幣市場,全球市場
B19025,2015-10-23,824.9299926757812,英鎊,瑞銀 (盧森堡) 英鎊基金,yfinance,貨幣市場,全球市場
B19025,2015-10-26,824.9600219726562,英鎊,瑞銀 (盧森堡) 英鎊基金,yfinance,貨幣市場,全球市場
B19025,2015-10-27,824.9600219726562,英鎊,瑞銀 (盧森堡) 英鎊基金,yfinance,貨幣市場,全球市場
B19025,2015-10-28,824.9600219726562,英鎊,瑞銀 (盧森堡) 英鎊基金,yfinance,貨幣市場,全球市場
B19025,2015-10-29,824.9500122070312,英鎊,瑞銀 (盧森堡) 英鎊基金,yfinance,貨幣市場,全球市場
B19025,2015-10-30,824.9600219726562,英鎊,瑞銀 (盧森堡) 英鎊基金,yfinance,貨幣市場,全球市場
B19025,2015-11-02,824.969970703125,英鎊,瑞銀 (盧森堡) 英鎊基金,yfinance,貨幣市場,全球市場
B19025,2015-11-03,824.969970703125,英鎊,瑞銀 (盧森堡) 英鎊基金,yfinance,貨幣市場,全球市場
B19025,2015-11-04,824.97998046875,英鎊,瑞銀 (盧森堡) 英鎊基金,yfinance,貨幣市場,全球市場
B19025,2015-11-05,824.969970703125,英鎊,瑞銀 (盧森堡) 英鎊基金,yfinance,貨幣市場,全球市場
B19025,2015-11-06,824.9500122070312,英鎊,瑞銀 (盧森堡) 英鎊基金,yfinance,貨幣市場,全球市場
B19025,2015-11-09,824.9600219726562,英鎊,瑞銀 (盧森堡) 英鎊基金,yfinance,貨幣市場,全球市場
B19025,2015-11-10,824.97998046875,英鎊,瑞銀 (盧森堡) 英鎊基金,yfinance,貨幣市場,全球市場
B19025,2015-11-11,824.969970703125,英鎊,瑞銀 (盧森堡) 英鎊基金,yfinance,貨幣市場,全球市場
B19025,2015-11-12,824.969970703125,英鎊,瑞銀 (盧森堡) 英鎊基金,yfinance,貨幣市場,全球市場
B19025,2015-11-13,824.969970703125,英鎊,瑞銀 (盧森堡) 英鎊基金,yfinance,貨幣市場,全球市場
B19025,2015-11-16,824.989990234375,英鎊,瑞銀 (盧森堡) 英鎊基金,yfinance,貨幣市場,全球市場
B19025,2015-11-17,825.0,英鎊,瑞銀 (盧森堡) 英鎊基金,yfinance,貨幣市場,全球市場
B19025,2015-11-18,824.989990234375,英鎊,瑞銀 (盧森堡) 英鎊基金,yfinance,貨幣市場,全球市場
B19025,2015-11-19,824.97998046875,英鎊,瑞銀 (盧森堡) 英鎊基金,yfinance,貨幣市場,全球市場
B19025,2015-11-20,824.989990234375,英鎊,瑞銀 (盧森堡) 英鎊基金,yfinance,貨幣市場,全球市場
B19025,2015-11-23,825.0,英鎊,瑞銀 (盧森堡) 英鎊基金,yfinance,貨幣市場,全球市場
B19025,2015-11-24,825.010009765625,英鎊,瑞銀 (盧森堡) 英鎊基金,yfinance,貨幣市場,全球市場
B19025,2015-11-25,825.010009765625,英鎊,瑞銀 (盧森堡) 英鎊基金,yfinance,貨幣市場,全球市場
B19025,2015-11-26,825.0,英鎊,瑞銀 (盧森堡) 英鎊基金,yfinance,貨幣市場,全球市場
B19025,2015-11-27,825.010009765625,英鎊,瑞銀 (盧森堡) 英鎊基金,yfinance,貨幣市場,全球市場
B19025,2015-11-30,825.02001953125,英鎊,瑞銀 (盧森堡) 英鎊基金,yfinance,貨幣市場,全球市場
B19025,2015-12-01,825.0399780273438,英鎊,瑞銀 (盧森堡) 英鎊基金,yfinance,貨幣市場,全球市場
B19025,2015-12-02,825.030029296875,英鎊,瑞銀 (盧森堡) 英鎊基金,yfinance,貨幣市場,全球市場
B19025,2015-12-03,825.030029296875,英鎊,瑞銀 (盧森堡) 英鎊基金,yfinance,貨幣市場,全球市場
B19025,2015-12-04,825.030029296875,英鎊,瑞銀 (盧森堡) 英鎊基金,yfinance,貨幣市場,全球市場
B19025,2015-12-07,825.0499877929688,英鎊,瑞銀 (盧森堡) 英鎊基金,yfinance,貨幣市場,全球市場
B19025,2015-12-08,825.0499877929688,英鎊,瑞銀 (盧森堡) 英鎊基金,yfinance,貨幣市場,全球市場
B19025,2015-12-09,825.0399780273438,英鎊,瑞銀 (盧森堡) 英鎊基金,yfinance,貨幣市場,全球市場
B19025,2015-12-10,825.0399780273438,英鎊,瑞銀 (盧森堡) 英鎊基金,yfinance,貨幣市場,全球市場
B19025,2015-12-11,825.0499877929688,英鎊,瑞銀 (盧森堡) 英鎊基金,yfinance,貨幣市場,全球市場
B19025,2015-12-14,825.0599975585938,英鎊,瑞銀 (盧森堡) 英鎊基金,yfinance,貨幣市場,全球市場
B19025,2015-12-15,825.0700073242188,英鎊,瑞銀 (盧森堡) 英鎊基金,yfinance,貨幣市場,全球市場
B19025,2015-12-16,825.0599975585938,英鎊,瑞銀 (盧森堡) 英鎊基金,yfinance,貨幣市場,全球市場
B19025,2015-12-17,825.0499877929688,英鎊,瑞銀 (盧森堡) 英鎊基金,yfinance,貨幣市場,全球市場
B19025,2015-12-18,825.0499877929688,英鎊,瑞銀 (盧森堡) 英鎊基金,yfinance,貨幣市場,全球市場
B19025,2015-12-21,825.0800170898438,英鎊,瑞銀 (盧森堡) 英鎊基金,yfinance,貨幣市場,全球市場
B19025,2015-12-22,825.0599975585938,英鎊,瑞銀 (盧森堡) 英鎊基金,yfinance,貨幣市場,全球市場
B19025,2015-12-23,825.0599975585938,英鎊,瑞銀 (盧森堡) 英鎊基金,yfinance,貨幣市場,全球市場
B19025,2015-12-24,825.0900268554688,英鎊,瑞銀 (盧森堡) 英鎊基金,yfinance,貨幣市場,全球市場
B19025,2015-12-29,825.0700073242188,英鎊,瑞銀 (盧森堡) 英鎊基金,yfinance,貨幣市場,全球市場
B19025,2015-12-30,825.0700073242188,英鎊,瑞銀 (盧森堡) 英鎊基金,yfinance,貨幣市場,全球市場
B19025,2015-12-31,825.1199951171875,英鎊,瑞銀 (盧森堡) 英鎊基金,yfinance,貨幣市場,全球市場
B27029,2015-01-02,69.83152770996094,英鎊,晉達環球策略基金 - 英國ALPHA基金 C 收益股份,yfinance,未分類,英國
B27029,2015-01-05,68.75572204589844,英鎊,晉達環球策略基金 - 英國ALPHA基金 C 收益股份,yfinance,未分類,英國
B27029,2015-01-06,68.16978454589844,英鎊,晉達環球策略基金 - 英國ALPHA基金 C 收益股份,yfinance,未分類,英國
B27029,2015-01-07,68.88058471679688,英鎊,晉達環球策略基金 - 英國ALPHA基金 C 收益股份,yfinance,未分類,英國
B27029,2015-01-08,69.91798400878906,英鎊,晉達環球策略基金 - 英國ALPHA基金 C 收益股份,yfinance,未分類,英國
B27029,2015-01-09,69.40888977050781,英鎊,晉達環球策略基金 - 英國ALPHA基金 C 收益股份,yfinance,未分類,英國
B27029,2015-01-12,69.1591567993164,英鎊,晉達環球策略基金 - 英國ALPHA基金 C 收益股份,yfinance,未分類,英國
B27029,2015-01-13,69.71627044677734,英鎊,晉達環球策略基金 - 英國ALPHA基金 C 收益股份,yfinance,未分類,英國
B27029,2015-01-14,68.55402374267578,英鎊,晉達環球策略基金 - 英國ALPHA基金 C 收益股份,yfinance,未分類,英國
B27029,2015-01-15,69.01506042480469,英鎊,晉達環球策略基金 - 英國ALPHA基金 C 收益股份,yfinance,未分類,英國
B27029,2015-01-16,69.70665740966797,英鎊,晉達環球策略基金 - 英國ALPHA基金 C 收益股份,yfinance,未分類,英國
B27029,2015-01-19,69.6682357788086,英鎊,晉達環球策略基金 - 英國ALPHA基金 C 收益股份,yfinance,未分類,英國
B27029,2015-01-20,69.92758178710938,英鎊,晉達環球策略基金 - 英國ALPHA基金 C 收益股份,yfinance,未分類,英國
B27029,2015-01-21,70.8497085571289,英鎊,晉達環球策略基金 - 英國ALPHA基金 C 收益股份,yfinance,未分類,英國
B27029,2015-01-22,71.81986999511719,英鎊,晉達環球策略基金 - 英國ALPHA基金 C 收益股份,yfinance,未分類,英國
B27029,2015-01-23,71.84867095947266,英鎊,晉達環球策略基金 - 英國ALPHA基金 C 收益股份,yfinance,未分類,英國
B27029,2015-01-26,72.09841918945312,英鎊,晉達環球策略基金 - 英國ALPHA基金 C 收益股份,yfinance,未分類,英國
B27029,2015-01-27,71.6085433959961,英鎊,晉達環球策略基金 - 英國ALPHA基金 C 收益股份,yfinance,未分類,英國
B27029,2015-01-28,71.33959197998047,英鎊,晉達環球策略基金 - 英國ALPHA基金 C 收益股份,yfinance,未分類,英國
B27029,2015-01-29,72.15605163574219,英鎊,晉達環球策略基金 - 英國ALPHA基金 C 收益股份,yfinance,未分類,英國
B27029,2015-01-30,71.05143737792969,英鎊,晉達環球策略基金 - 英國ALPHA基金 C 收益股份,yfinance,未分類,英國
B27029,2015-02-02,71.57010650634766,英鎊,晉達環球策略基金 - 英國ALPHA基金 C 收益股份,yfinance,未分類,英國
B27029,2015-02-03,72.22329711914062,英鎊,晉達環球策略基金 - 英國ALPHA基金 C 收益股份,yfinance,未分類,英國
B27029,2015-02-04,72.01197052001953,英鎊,晉達環球策略基金 - 英國ALPHA基金 C 收益股份,yfinance,未分類,英國
B27029,2015-02-05,72.1272201538086,英鎊,晉達環球策略基金 - 英國ALPHA基金 C 收益股份,yfinance,未分類,英國
B27029,2015-02-06,72.09841918945312,英鎊,晉達環球策略基金 - 英國ALPHA基金 C 收益股份,yfinance,未分類,英國
B27029,2015-02-09,71.71420288085938,英鎊,晉達環球策略基金 - 英國ALPHA基金 C 收益股份,yfinance,未分類,英國
B27029,2015-02-10,72.14643859863281,英鎊,晉達環球策略基金 - 英國ALPHA基金 C 收益股份,yfinance,未分類,英國
B27029,2015-02-11,72.09841918945312,英鎊,晉達環球策略基金 - 英國ALPHA基金 C 收益股份,yfinance,未分類,英國
B27029,2015-02-12,72.63632202148438,英鎊,晉達環球策略基金 - 英國ALPHA基金 C 收益股份,yfinance,未分類,英國
B27029,2015-02-13,72.5306625366211,英鎊,晉達環球策略基金 - 英國ALPHA基金 C 收益股份,yfinance,未分類,英國
B27029,2015-02-16,72.34815979003906,英鎊,晉達環球策略基金 - 英國ALPHA基金 C 收益股份,yfinance,未分類,英國
B27029,2015-02-17,72.73238372802734,英鎊,晉達環球策略基金 - 英國ALPHA基金 C 收益股份,yfinance,未分類,英國
B27029,2015-02-18,72.83802795410156,英鎊,晉達環球策略基金 - 英國ALPHA基金 C 收益股份,yfinance,未分類,英國
B27029,2015-02-19,73.10697937011719,英鎊,晉達環球策略基金 - 英國ALPHA基金 C 收益股份,yfinance,未分類,英國
B27029,2015-02-20,73.62569427490234,英鎊,晉達環球策略基金 - 英國ALPHA基金 C 收益股份,yfinance,未分類,英國
B27029,2015-02-23,73.83699798583984,英鎊,晉達環球策略基金 - 英國ALPHA基金 C 收益股份,yfinance,未分類,英國
B27029,2015-02-24,74.00989532470703,英鎊,晉達環球策略基金 - 英國ALPHA基金 C 收益股份,yfinance,未分類,英國
B27029,2015-02-25,73.86581420898438,英鎊,晉達環球策略基金 - 英國ALPHA基金 C 收益股份,yfinance,未分類,英國
B27029,2015-02-26,74.01950073242188,英鎊,晉達環球策略基金 - 英國ALPHA基金 C 收益股份,yfinance,未分類,英國
B27029,2015-02-27,73.98107147216797,英鎊,晉達環球策略基金 - 英國ALPHA基金 C 收益股份,yfinance,未分類,英國
B27029,2015-03-02,74.10594940185547,英鎊,晉達環球策略基金 - 英國ALPHA基金 C 收益股份,yfinance,未分類,英國
B27029,2015-03-03,73.40474700927734,英鎊,晉達環球策略基金 - 英國ALPHA基金 C 收益股份,yfinance,未分類,英國
B27029,2015-03-04,73.59685516357422,英鎊,晉達環球策略基金 - 英國ALPHA基金 C 收益股份,yfinance,未分類,英國
B27029,2015-03-05,74.26925659179688,英鎊,晉達環球策略基金 - 英國ALPHA基金 C 收益股份,yfinance,未分類,英國
B27029,2015-03-06,73.73133850097656,英鎊,晉達環球策略基金 - 英國ALPHA基金 C 收益股份,yfinance,未分類,英國
B27029,2015-03-09,73.55844116210938,英鎊,晉達環球策略基金 - 英國ALPHA基金 C 收益股份,yfinance,未分類,英國
B27029,2015-03-10,72.28092956542969,英鎊,晉達環球策略基金 - 英國ALPHA基金 C 收益股份,yfinance,未分類,英國
B27029,2015-03-11,72.4730224609375,英鎊,晉達環球策略基金 - 英國ALPHA基金 C 收益股份,yfinance,未分類,英國
B27029,2015-03-12,73.13580322265625,英鎊,晉達環球策略基金 - 英國ALPHA基金 C 收益股份,yfinance,未分類,英國
B27029,2015-03-13,73.27027130126953,英鎊,晉達環球策略基金 - 英國ALPHA基金 C 收益股份,yfinance,未分類,英國
B27029,2015-03-16,73.83699798583984,英鎊,晉達環球策略基金 - 英國ALPHA基金 C 收益股份,yfinance,未分類,英國
B27029,2015-03-17,73.78897094726562,英鎊,晉達環球策略基金 - 英國ALPHA基金 C 收益股份,yfinance,未分類,英國
B27029,2015-03-18,74.54779815673828,英鎊,晉達環球策略基金 - 英國ALPHA基金 C 收益股份,yfinance,未分類,英國
B27029,2015-03-19,74.88398742675781,英鎊,晉達環球策略基金 - 英國ALPHA基金 C 收益股份,yfinance,未分類,英國
B27029,2015-03-20,75.15294647216797,英鎊,晉達環球策略基金 - 英國ALPHA基金 C 收益股份,yfinance,未分類,英國
B27029,2015-03-23,75.07610321044922,英鎊,晉達環球策略基金 - 英國ALPHA基金 C 收益股份,yfinance,未分類,英國
B27029,2015-03-24,75.028076171875,英鎊,晉達環球策略基金 - 英國ALPHA基金 C 收益股份,yfinance,未分類,英國
B27029,2015-03-25,74.56700897216797,英鎊,晉達環球策略基金 - 英國ALPHA基金 C 收益股份,yfinance,未分類,英國
B27029,2015-03-26,73.72173309326172,英鎊,晉達環球策略基金 - 英國ALPHA基金 C 收益股份,yfinance,未分類,英國
B27029,2015-03-27,73.34712219238281,英鎊,晉達環球策略基金 - 英國ALPHA基金 C 收益股份,yfinance,未分類,英國
B27029,2015-03-30,73.76974487304688,英鎊,晉達環球策略基金 - 英國ALPHA基金 C 收益股份,yfinance,未分類,英國
B27029,2015-03-31,72.62670135498047,英鎊,晉達環球策略基金 - 英國ALPHA基金 C 收益股份,yfinance,未分類,英國
B27029,2015-04-01,73.03013610839844,英鎊,晉達環球策略基金 - 英國ALPHA基金 C 收益股份,yfinance,未分類,英國
B27029,2015-04-02,73.53923034667969,英鎊,晉達環球策略基金 - 英國ALPHA基金 C 收益股份,yfinance,未分類,英國
B27029,2015-04-07,74.63424682617188,英鎊,晉達環球策略基金 - 英國ALPHA基金 C 收益股份,yfinance,未分類,英國
B27029,2015-04-08,74.70148468017578,英鎊,晉達環球策略基金 - 英國ALPHA基金 C 收益股份,yfinance,未分類,英國
B27029,2015-04-09,75.61399841308594,英鎊,晉達環球策略基金 - 英國ALPHA基金 C 收益股份,yfinance,未分類,英國
B27029,2015-04-10,76.32479858398438,英鎊,晉達環球策略基金 - 英國ALPHA基金 C 收益股份,yfinance,未分類,英國
B27029,2015-04-13,76.02703857421875,英鎊,晉達環球策略基金 - 英國ALPHA基金 C 收益股份,yfinance,未分類,英國
B27029,2015-04-14,75.94059753417969,英鎊,晉達環球策略基金 - 英國ALPHA基金 C 收益股份,yfinance,未分類,英國
B27029,2015-04-15,75.92137908935547,英鎊,晉達環球策略基金 - 英國ALPHA基金 C 收益股份,yfinance,未分類,英國
B27029,2015-04-16,75.5755844116211,英鎊,晉達環球策略基金 - 英國ALPHA基金 C 收益股份,yfinance,未分類,英國
B27029,2015-04-17,74.73990631103516,英鎊,晉達環球策略基金 - 英國ALPHA基金 C 收益股份,yfinance,未分類,英國
B27029,2015-04-20,74.97044372558594,英鎊,晉達環球策略基金 - 英國ALPHA基金 C 收益股份,yfinance,未分類,英國
B27029,2015-04-21,75.46031188964844,英鎊,晉達環球策略基金 - 英國ALPHA基金 C 收益股份,yfinance,未分類,英國
B27029,2015-04-22,75.14334106445312,英鎊,晉達環球策略基金 - 英國ALPHA基金 C 收益股份,yfinance,未分類,英國
B27029,2015-04-23,75.07610321044922,英鎊,晉達環球策略基金 - 英國ALPHA基金 C 收益股份,yfinance,未分類,英國
B27029,2015-04-24,74.9896469116211,英鎊,晉達環球策略基金 - 英國ALPHA基金 C 收益股份,yfinance,未分類,英國
B27029,2015-04-27,75.25860595703125,英鎊,晉達環球策略基金 - 英國ALPHA基金 C 收益股份,yfinance,未分類,英國
B27029,2015-04-28,74.31726837158203,英鎊,晉達環球策略基金 - 英國ALPHA基金 C 收益股份,yfinance,未分類,英國
B27029,2015-04-29,73.43356323242188,英鎊,晉達環球策略基金 - 英國ALPHA基金 C 收益股份,yfinance,未分類,英國
B27029,2015-04-30,73.34712219238281,英鎊,晉達環球策略基金 - 英國ALPHA基金 C 收益股份,yfinance,未分類,英國
B27029,2015-05-05,73.2798843383789,英鎊,晉達環球策略基金 - 英國ALPHA基金 C 收益股份,yfinance,未分類,英國
B27029,2015-05-06,73.4239730834961,英鎊,晉達環球策略基金 - 英國ALPHA基金 C 收益股份,yfinance,未分類,英國
B27029,2015-05-07,73.43356323242188,英鎊,晉達環球策略基金 - 英國ALPHA基金 C 收益股份,yfinance,未分類,英國
B27029,2015-05-08,75.2682113647461,英鎊,晉達環球策略基金 - 英國ALPHA基金 C 收益股份,yfinance,未分類,英國
B27029,2015-05-11,74.86478424072266,英鎊,晉達環球策略基金 - 英國ALPHA基金 C 收益股份,yfinance,未分類,英國
B27029,2015-05-12,73.91383361816406,英鎊,晉達環球策略基金 - 英國ALPHA基金 C 收益股份,yfinance,未分類,英國
B27029,2015-05-13,74.16357421875,英鎊,晉達環球策略基金 - 英國ALPHA基金 C 收益股份,yfinance,未分類,英國
B27029,2015-05-15,74.720703125,英鎊,晉達環球策略基金 - 英國ALPHA基金 C 收益股份,yfinance,未分類,英國
B27029,2015-05-18,74.77833557128906,英鎊,晉達環球策略基金 - 英國ALPHA基金 C 收益股份,yfinance,未分類,英國
B27029,2015-05-19,75.46031188964844,英鎊,晉達環球策略基金 - 英國ALPHA基金 C 收益股份,yfinance,未分類,英國
B27029,2015-05-20,75.39306640625,英鎊,晉達環球策略基金 - 英國ALPHA基金 C 收益股份,yfinance,未分類,英國
B27029,2015-05-21,75.55636596679688,英鎊,晉達環球策略基金 - 英國ALPHA基金 C 收益股份,yfinance,未分類,英國
B27029,2015-05-22,75.71966552734375,英鎊,晉達環球策略基金 - 英國ALPHA基金 C 收益股份,yfinance,未分類,英國
B27029,2015-05-26,75.15294647216797,英鎊,晉達環球策略基金 - 英國ALPHA基金 C 收益股份,yfinance,未分類,英國
B27029,2015-05-27,76.4784927368164,英鎊,晉達環球策略基金 - 英國ALPHA基金 C 收益股份,yfinance,未分類,英國
B27029,2015-05-28,76.0366439819336,英鎊,晉達環球策略基金 - 英國ALPHA基金 C 收益股份,yfinance,未分類,英國
B27029,2015-05-29,76.04623413085938,英鎊,晉達環球策略基金 - 英國ALPHA基金 C 收益股份,yfinance,未分類,英國
B27029,2015-06-01,75.90216827392578,英鎊,晉達環球策略基金 - 英國ALPHA基金 C 收益股份,yfinance,未分類,英國
B27029,2015-06-02,75.17215728759766,英鎊,晉達環球策略基金 - 英國ALPHA基金 C 收益股份,yfinance,未分類,英國
B27029,2015-06-03,76.0366439819336,英鎊,晉達環球策略基金 - 英國ALPHA基金 C 收益股份,yfinance,未分類,英國
B27029,2015-06-04,74.65345764160156,英鎊,晉達環球策略基金 - 英國ALPHA基金 C 收益股份,yfinance,未分類,英國
B27029,2015-06-05,74.09635162353516,英鎊,晉達環球策略基金 - 英國ALPHA基金 C 收益股份,yfinance,未分類,英國
B27029,2015-06-08,73.71212768554688,英鎊,晉達環球策略基金 - 英國ALPHA基金 C 收益股份,yfinance,未分類,英國
B27029,2015-06-09,73.73133850097656,英鎊,晉達環球策略基金 - 英國ALPHA基金 C 收益股份,yfinance,未分類,英國
B27029,2015-06-10,74.5382080078125,英鎊,晉達環球策略基金 - 英國ALPHA基金 C 收益股份,yfinance,未分類,英國
B27029,2015-06-11,74.87438201904297,英鎊,晉達環球策略基金 - 英國ALPHA基金 C 收益股份,yfinance,未分類,英國
B27029,2015-06-12,74.36530303955078,英鎊,晉達環球策略基金 - 英國ALPHA基金 C 收益股份,yfinance,未分類,英國
B27029,2015-06-15,73.48159790039062,英鎊,晉達環球策略基金 - 英國ALPHA基金 C 收益股份,yfinance,未分類,英國
B27029,2015-06-16,73.63529205322266,英鎊,晉達環球策略基金 - 英國ALPHA基金 C 收益股份,yfinance,未分類,英國
B27029,2015-06-17,73.36632537841797,英鎊,晉達環球策略基金 - 英國ALPHA基金 C 收益股份,yfinance,未分類,英國
B27029,2015-06-18,73.5776596069336,英鎊,晉達環球策略基金 - 英國ALPHA基金 C 收益股份,yfinance,未分類,英國
B27029,2015-06-19,73.48159790039062,英鎊,晉達環球策略基金 - 英國ALPHA基金 C 收益股份,yfinance,未分類,英國
B27029,2015-06-22,74.5285873413086,英鎊,晉達環球策略基金 - 英國ALPHA基金 C 收益股份,yfinance,未分類,英國
B27029,2015-06-24,74.6822738647461,英鎊,晉達環球策略基金 - 英國ALPHA基金 C 收益股份,yfinance,未分類,英國
B27029,2015-06-25,74.70148468017578,英鎊,晉達環球策略基金 - 英國ALPHA基金 C 收益股份,yfinance,未分類,英國
B27029,2015-06-26,74.67266082763672,英鎊,晉達環球策略基金 - 英國ALPHA基金 C 收益股份,yfinance,未分類,英國
B27029,2015-06-29,72.64592742919922,英鎊,晉達環球策略基金 - 英國ALPHA基金 C 收益股份,yfinance,未分類,英國
B27029,2015-06-30,72.22329711914062,英鎊,晉達環球策略基金 - 英國ALPHA基金 C 收益股份,yfinance,未分類,英國
B27029,2015-07-01,73.20303344726562,英鎊,晉達環球策略基金 - 英國ALPHA基金 C 收益股份,yfinance,未分類,英國
B27029,2015-07-02,73.0589599609375,英鎊,晉達環球策略基金 - 英國ALPHA基金 C 收益股份,yfinance,未分類,英國
B27029,2015-07-03,72.69396209716797,英鎊,晉達環球策略基金 - 英國ALPHA基金 C 收益股份,yfinance,未分類,英國
B27029,2015-07-06,72.17526245117188,英鎊,晉達環球策略基金 - 英國ALPHA基金 C 收益股份,yfinance,未分類,英國
B27029,2015-07-07,71.75260925292969,英鎊,晉達環球策略基金 - 英國ALPHA基金 C 收益股份,yfinance,未分類,英國
B27029,2015-07-08,71.12826538085938,英鎊,晉達環球策略基金 - 英國ALPHA基金 C 收益股份,yfinance,未分類,英國
B27029,2015-07-09,72.34815979003906,英鎊,晉達環球策略基金 - 英國ALPHA基金 C 收益股份,yfinance,未分類,英國
B27029,2015-07-10,73.3375244140625,英鎊,晉達環球策略基金 - 英國ALPHA基金 C 收益股份,yfinance,未分類,英國
B27029,2015-07-13,74.15396881103516,英鎊,晉達環球策略基金 - 英國ALPHA基金 C 收益股份,yfinance,未分類,英國
B27029,2015-07-14,74.10594940185547,英鎊,晉達環球策略基金 - 英國ALPHA基金 C 收益股份,yfinance,未分類,英國
B27029,2015-07-15,74.17320251464844,英鎊,晉達環球策略基金 - 英國ALPHA基金 C 收益股份,yfinance,未分類,英國
B27029,2015-07-16,74.58623504638672,英鎊,晉達環球策略基金 - 英國ALPHA基金 C 收益股份,yfinance,未分類,英國
B27029,2015-07-17,74.3844985961914,英鎊,晉達環球策略基金 - 英國ALPHA基金 C 收益股份,yfinance,未分類,英國
B27029,2015-07-20,74.41333770751953,英鎊,晉達環球策略基金 - 英國ALPHA基金 C 收益股份,yfinance,未分類,英國
B27029,2015-07-21,74.24042510986328,英鎊,晉達環球策略基金 - 英國ALPHA基金 C 收益股份,yfinance,未分類,英國
B27029,2015-07-22,73.46239471435547,英鎊,晉達環球策略基金 - 英國ALPHA基金 C 收益股份,yfinance,未分類,英國
B27029,2015-07-23,73.20303344726562,英鎊,晉達環球策略基金 - 英國ALPHA基金 C 收益股份,yfinance,未分類,英國
B27029,2015-07-24,72.46343231201172,英鎊,晉達環球策略基金 - 英國ALPHA基金 C 收益股份,yfinance,未分類,英國
B27029,2015-07-27,71.6085433959961,英鎊,晉達環球策略基金 - 英國ALPHA基金 C 收益股份,yfinance,未分類,英國
B27029,2015-07-28,72.42501068115234,英鎊,晉達環球策略基金 - 英國ALPHA基金 C 收益股份,yfinance,未分類,英國
B27029,2015-07-29,73.09738159179688,英鎊,晉達環球策略基金 - 英國ALPHA基金 C 收益股份,yfinance,未分類,英國
B27029,2015-07-30,73.06856536865234,英鎊,晉達環球策略基金 - 英國ALPHA基金 C 收益股份,yfinance,未分類,英國
B27029,2015-07-31,73.56803894042969,英鎊,晉達環球策略基金 - 英國ALPHA基金 C 收益股份,yfinance,未分類,英國
B27029,2015-08-03,73.9522705078125,英鎊,晉達環球策略基金 - 英國ALPHA基金 C 收益股份,yfinance,未分類,英國
B27029,2015-08-04,73.76016235351562,英鎊,晉達環球策略基金 - 英國ALPHA基金 C 收益股份,yfinance,未分類,英國
B27029,2015-08-05,74.13478088378906,英鎊,晉達環球策略基金 - 英國ALPHA基金 C 收益股份,yfinance,未分類,英國
B27029,2015-08-06,74.17320251464844,英鎊,晉達環球策略基金 - 英國ALPHA基金 C 收益股份,yfinance,未分類,英國
B27029,2015-08-07,73.77936553955078,英鎊,晉達環球策略基金 - 英國ALPHA基金 C 收益股份,yfinance,未分類,英國
B27029,2015-08-10,74.18280792236328,英鎊,晉達環球策略基金 - 英國ALPHA基金 C 收益股份,yfinance,未分類,英國
B27029,2015-08-11,73.6064682006836,英鎊,晉達環球策略基金 - 英國ALPHA基金 C 收益股份,yfinance,未分類,英國
B27029,2015-08-12,72.65553283691406,英鎊,晉達環球策略基金 - 英國ALPHA基金 C 收益股份,yfinance,未分類,英國
B27029,2015-08-13,73.1454086303711,英鎊,晉達環球策略基金 - 英國ALPHA基金 C 收益股份,yfinance,未分類,英國
B27029,2015-08-14,73.31829833984375,英鎊,晉達環球策略基金 - 英國ALPHA基金 C 收益股份,yfinance,未分類,英國
B27029,2015-08-17,73.50079345703125,英鎊,晉達環球策略基金 - 英國ALPHA基金 C 收益股份,yfinance,未分類,英國
B27029,2015-08-18,73.22225189208984,英鎊,晉達環球策略基金 - 英國ALPHA基金 C 收益股份,yfinance,未分類,英國
B27029,2015-08-19,72.22329711914062,英鎊,晉達環球策略基金 - 英國ALPHA基金 C 收益股份,yfinance,未分類,英國
B27029,2015-08-20,71.46446228027344,英鎊,晉達環球策略基金 - 英國ALPHA基金 C 收益股份,yfinance,未分類,英國
B27029,2015-08-21,69.71627044677734,英鎊,晉達環球策略基金 - 英國ALPHA基金 C 收益股份,yfinance,未分類,英國
B27029,2015-08-24,66.96910858154297,英鎊,晉達環球策略基金 - 英國ALPHA基金 C 收益股份,yfinance,未分類,英國
B27029,2015-08-25,68.21781158447266,英鎊,晉達環球策略基金 - 英國ALPHA基金 C 收益股份,yfinance,未分類,英國
B27029,2015-08-26,69.04388427734375,英鎊,晉達環球策略基金 - 英國ALPHA基金 C 收益股份,yfinance,未分類,英國
B27029,2015-08-27,70.53273010253906,英鎊,晉達環球策略基金 - 英國ALPHA基金 C 收益股份,yfinance,未分類,英國
B27029,2015-08-28,71.08984375,英鎊,晉達環球策略基金 - 英國ALPHA基金 C 收益股份,yfinance,未分類,英國
B27029,2015-09-01,69.05348205566406,英鎊,晉達環球策略基金 - 英國ALPHA基金 C 收益股份,yfinance,未分類,英國
B27029,2015-09-02,70.11968994140625,英鎊,晉達環球策略基金 - 英國ALPHA基金 C 收益股份,yfinance,未分類,英國
B27029,2015-09-03,70.8497085571289,英鎊,晉達環球策略基金 - 英國ALPHA基金 C 收益股份,yfinance,未分類,英國
B27029,2015-09-04,69.46651458740234,英鎊,晉達環球策略基金 - 英國ALPHA基金 C 收益股份,yfinance,未分類,英國
B27029,2015-09-07,69.89876556396484,英鎊,晉達環球策略基金 - 英國ALPHA基金 C 收益股份,yfinance,未分類,英國
B27029,2015-09-08,70.64798736572266,英鎊,晉達環球策略基金 - 英國ALPHA基金 C 收益股份,yfinance,未分類,英國
B27029,2015-09-09,70.75366973876953,英鎊,晉達環球策略基金 - 英國ALPHA基金 C 收益股份,yfinance,未分類,英國
B27029,2015-09-10,70.87852478027344,英鎊,晉達環球策略基金 - 英國ALPHA基金 C 收益股份,yfinance,未分類,英國
B27029,2015-09-11,70.45589447021484,英鎊,晉達環球策略基金 - 英國ALPHA基金 C 收益股份,yfinance,未分類,英國
B27029,2015-09-14,70.12931060791016,英鎊,晉達環球策略基金 - 英國ALPHA基金 C 收益股份,yfinance,未分類,英國
B27029,2015-09-15,70.54234313964844,英鎊,晉達環球策略基金 - 英國ALPHA基金 C 收益股份,yfinance,未分類,英國
B27029,2015-09-16,71.10906219482422,英鎊,晉達環球策略基金 - 英國ALPHA基金 C 收益股份,yfinance,未分類,英國
B27029,2015-09-17,70.6864013671875,英鎊,晉達環球策略基金 - 英國ALPHA基金 C 收益股份,yfinance,未分類,英國
B27029,2015-09-18,69.69705963134766,英鎊,晉達環球策略基金 - 英國ALPHA基金 C 收益股份,yfinance,未分類,英國
B27029,2015-09-21,69.91798400878906,英鎊,晉達環球策略基金 - 英國ALPHA基金 C 收益股份,yfinance,未分類,英國
B27029,2015-09-22,68.34270477294922,英鎊,晉達環球策略基金 - 英國ALPHA基金 C 收益股份,yfinance,未分類,英國
B27029,2015-09-23,69.07270812988281,英鎊,晉達環球策略基金 - 英國ALPHA基金 C 收益股份,yfinance,未分類,英國
B27029,2015-09-24,68.58282470703125,英鎊,晉達環球策略基金 - 英國ALPHA基金 C 收益股份,yfinance,未分類,英國
B27029,2015-09-25,70.1004867553711,英鎊,晉達環球策略基金 - 英國ALPHA基金 C 收益股份,yfinance,未分類,英國
B27029,2015-09-28,68.68848419189453,英鎊,晉達環球策略基金 - 英國ALPHA基金 C 收益股份,yfinance,未分類,英國
B27029,2015-09-29,68.1025619506836,英鎊,晉達環球策略基金 - 英國ALPHA基金 C 收益股份,yfinance,未分類,英國
B27029,2015-09-30,69.49534606933594,英鎊,晉達環球策略基金 - 英國ALPHA基金 C 收益股份,yfinance,未分類,英國
B27029,2015-10-01,69.59138488769531,英鎊,晉達環球策略基金 - 英國ALPHA基金 C 收益股份,yfinance,未分類,英國
B27029,2015-10-02,70.43667602539062,英鎊,晉達環球策略基金 - 英國ALPHA基金 C 收益股份,yfinance,未分類,英國
B27029,2015-10-05,71.50288391113281,英鎊,晉達環球策略基金 - 英國ALPHA基金 C 收益股份,yfinance,未分類,英國
B27029,2015-10-06,71.62774658203125,英鎊,晉達環球策略基金 - 英國ALPHA基金 C 收益股份,yfinance,未分類,英國
B27029,2015-10-07,71.61813354492188,英鎊,晉達環球策略基金 - 英國ALPHA基金 C 收益股份,yfinance,未分類,英國
B27029,2015-10-08,71.90630340576172,英鎊,晉達環球策略基金 - 英國ALPHA基金 C 收益股份,yfinance,未分類,英國
B27029,2015-10-09,71.9447250366211,英鎊,晉達環球策略基金 - 英國ALPHA基金 C 收益股份,yfinance,未分類,英國
B27029,2015-10-12,71.48365783691406,英鎊,晉達環球策略基金 - 英國ALPHA基金 C 收益股份,yfinance,未分類,英國
B27029,2015-10-13,70.90733337402344,英鎊,晉達環球策略基金 - 英國ALPHA基金 C 收益股份,yfinance,未分類,英國
B27029,2015-10-14,70.28298950195312,英鎊,晉達環球策略基金 - 英國ALPHA基金 C 收益股份,yfinance,未分類,英國
B27029,2015-10-15,71.32037353515625,英鎊,晉達環球策略基金 - 英國ALPHA基金 C 收益股份,yfinance,未分類,英國
B27029,2015-10-16,71.24352264404297,英鎊,晉達環球策略基金 - 英國ALPHA基金 C 收益股份,yfinance,未分類,英國
B27029,2015-10-19,71.17628479003906,英鎊,晉達環球策略基金 - 英國ALPHA基金 C 收益股份,yfinance,未分類,英國
B27029,2015-10-20,71.3107681274414,英鎊,晉達環球策略基金 - 英國ALPHA基金 C 收益股份,yfinance,未分類,英國
B27029,2015-10-21,71.2723388671875,英鎊,晉達環球策略基金 - 英國ALPHA基金 C 收益股份,yfinance,未分類,英國
B27029,2015-10-22,71.80065155029297,英鎊,晉達環球策略基金 - 英國ALPHA基金 C 收益股份,yfinance,未分類,英國
B27029,2015-10-23,72.67473602294922,英鎊,晉達環球策略基金 - 英國ALPHA基金 C 收益股份,yfinance,未分類,英國
B27029,2015-10-26,72.36735534667969,英鎊,晉達環球策略基金 - 英國ALPHA基金 C 收益股份,yfinance,未分類,英國
B27029,2015-10-27,71.8967056274414,英鎊,晉達環球策略基金 - 英國ALPHA基金 C 收益股份,yfinance,未分類,英國
B27029,2015-10-28,72.77080535888672,英鎊,晉達環球策略基金 - 英國ALPHA基金 C 收益股份,yfinance,未分類,英國
B27029,2015-10-29,72.41539764404297,英鎊,晉達環球策略基金 - 英國ALPHA基金 C 收益股份,yfinance,未分類,英國
B27029,2015-10-30,72.25211334228516,英鎊,晉達環球策略基金 - 英國ALPHA基金 C 收益股份,yfinance,未分類,英國
B27029,2015-11-02,72.59789276123047,英鎊,晉達環球策略基金 - 英國ALPHA基金 C 收益股份,yfinance,未分類,英國
B27029,2015-11-03,72.51144409179688,英鎊,晉達環球策略基金 - 英國ALPHA基金 C 收益股份,yfinance,未分類,英國
B27029,2015-11-04,72.56907653808594,英鎊,晉達環球策略基金 - 英國ALPHA基金 C 收益股份,yfinance,未分類,英國
B27029,2015-11-05,72.30973052978516,英鎊,晉達環球策略基金 - 英國ALPHA基金 C 收益股份,yfinance,未分類,英國
B27029,2015-11-06,72.3769760131836,英鎊,晉達環球策略基金 - 英國ALPHA基金 C 收益股份,yfinance,未分類,英國
B27029,2015-11-09,72.31934356689453,英鎊,晉達環球策略基金 - 英國ALPHA基金 C 收益股份,yfinance,未分類,英國
B27029,2015-11-10,71.70458984375,英鎊,晉達環球策略基金 - 英國ALPHA基金 C 收益股份,yfinance,未分類,英國
B27029,2015-11-11,72.09841918945312,英鎊,晉達環球策略基金 - 英國ALPHA基金 C 收益股份,yfinance,未分類,英國
B27029,2015-11-12,70.88813018798828,英鎊,晉達環球策略基金 - 英國ALPHA基金 C 收益股份,yfinance,未分類,英國
B27029,2015-11-13,70.27338409423828,英鎊,晉達環球策略基金 - 英國ALPHA基金 C 收益股份,yfinance,未分類,英國
B27029,2015-11-16,71.09945678710938,英鎊,晉達環球策略基金 - 英國ALPHA基金 C 收益股份,yfinance,未分類,英國
B27029,2015-11-17,71.86788177490234,英鎊,晉達環球策略基金 - 英國ALPHA基金 C 收益股份,yfinance,未分類,英國
B27029,2015-11-18,72.23289489746094,英鎊,晉達環球策略基金 - 英國ALPHA基金 C 收益股份,yfinance,未分類,英國
B27029,2015-11-19,72.5306625366211,英鎊,晉達環球策略基金 - 英國ALPHA基金 C 收益股份,yfinance,未分類,英國
B27029,2015-11-20,72.43460083007812,英鎊,晉達環球策略基金 - 英國ALPHA基金 C 收益股份,yfinance,未分類,英國
B27029,2015-11-23,72.1656494140625,英鎊,晉達環球策略基金 - 英國ALPHA基金 C 收益股份,yfinance,未分類,英國
B27029,2015-11-24,71.57972717285156,英鎊,晉達環球策略基金 - 英國ALPHA基金 C 收益股份,yfinance,未分類,英國
B27029,2015-11-25,72.30973052978516,英鎊,晉達環球策略基金 - 英國ALPHA基金 C 收益股份,yfinance,未分類,英國
B27029,2015-11-26,72.95329284667969,英鎊,晉達環球策略基金 - 英國ALPHA基金 C 收益股份,yfinance,未分類,英國
B27029,2015-11-27,72.89566802978516,英鎊,晉達環球策略基金 - 英國ALPHA基金 C 收益股份,yfinance,未分類,英國
B27029,2015-11-30,73.03013610839844,英鎊,晉達環球策略基金 - 英國ALPHA基金 C 收益股份,yfinance,未分類,英國
B27029,2015-12-01,73.46239471435547,英鎊,晉達環球策略基金 - 英國ALPHA基金 C 收益股份,yfinance,未分類,英國
B27029,2015-12-02,73.40474700927734,英鎊,晉達環球策略基金 - 英國ALPHA基金 C 收益股份,yfinance,未分類,英國
B27029,2015-12-03,71.8870849609375,英鎊,晉達環球策略基金 - 英國ALPHA基金 C 收益股份,yfinance,未分類,英國
B27029,2015-12-04,72.35774993896484,英鎊,晉達環球策略基金 - 英國ALPHA基金 C 收益股份,yfinance,未分類,英國
B27029,2015-12-07,72.29052734375,英鎊,晉達環球策略基金 - 英國ALPHA基金 C 收益股份,yfinance,未分類,英國
B27029,2015-12-08,71.22431945800781,英鎊,晉達環球策略基金 - 英國ALPHA基金 C 收益股份,yfinance,未分類,英國
B27029,2015-12-09,70.56153869628906,英鎊,晉達環球策略基金 - 英國ALPHA基金 C 收益股份,yfinance,未分類,英國
B27029,2015-12-10,70.72482299804688,英鎊,晉達環球策略基金 - 英國ALPHA基金 C 收益股份,yfinance,未分類,英國
B27029,2015-12-11,69.4281005859375,英鎊,晉達環球策略基金 - 英國ALPHA基金 C 收益股份,yfinance,未分類,英國
B27029,2015-12-14,68.93821716308594,英鎊,晉達環球策略基金 - 英國ALPHA基金 C 收益股份,yfinance,未分類,英國
B27029,2015-12-15,70.34062957763672,英鎊,晉達環球策略基金 - 英國ALPHA基金 C 收益股份,yfinance,未分類,英國
B27029,2015-12-16,71.03221130371094,英鎊,晉達環球策略基金 - 英國ALPHA基金 C 收益股份,yfinance,未分類,英國
B27029,2015-12-17,71.47406005859375,英鎊,晉達環球策略基金 - 英國ALPHA基金 C 收益股份,yfinance,未分類,英國
B27029,2015-12-18,70.55194091796875,英鎊,晉達環球策略基金 - 英國ALPHA基金 C 收益股份,yfinance,未分類,英國
B27029,2015-12-21,70.83049011230469,英鎊,晉達環球策略基金 - 英國ALPHA基金 C 收益股份,yfinance,未分類,英國
B27029,2015-12-22,71.22431945800781,英鎊,晉達環球策略基金 - 英國ALPHA基金 C 收益股份,yfinance,未分類,英國
B27029,2015-12-23,72.5018539428711,英鎊,晉達環球策略基金 - 英國ALPHA基金 C 收益股份,yfinance,未分類,英國
B27029,2015-12-29,73.1454086303711,英鎊,晉達環球策略基金 - 英國ALPHA基金 C 收益股份,yfinance,未分類,英國
B27029,2015-12-30,72.76117706298828,英鎊,晉達環球策略基金 - 英國ALPHA基金 C 收益股份,yfinance,未分類,英國
B27029,2015-12-31,72.46343231201172,英鎊,晉達環球策略基金 - 英國ALPHA基金 C 收益股份,yfinance,未分類,英國
B24051,2015-01-02,1.684943437576294,英鎊,霸菱全球農業基金-A類英鎊,yfinance,未分類,全球市場
B24051,2015-01-05,1.6996804475784302,英鎊,霸菱全球農業基金-A類英鎊,yfinance,未分類,全球市場
B24051,2015-01-06,1.6800310611724854,英鎊,霸菱全球農業基金-A類英鎊,yfinance,未分類,全球市場
B24051,2015-01-07,1.6829785108566284,英鎊,霸菱全球農業基金-A類英鎊,yfinance,未分類,全球市場
B24051,2015-01-08,1.7095052003860474,英鎊,霸菱全球農業基金-A類英鎊,yfinance,未分類,全球市場
B24051,2015-01-09,1.717365026473999,英鎊,霸菱全球農業基金-A類英鎊,yfinance,未分類,全球市場
B24051,2015-01-12,1.7104876041412354,英鎊,霸菱全球農業基金-A類英鎊,yfinance,未分類,全球市場
B24051,2015-01-13,1.7016452550888062,英鎊,霸菱全球農業基金-A類英鎊,yfinance,未分類,全球市場
B24051,2015-01-14,1.687890887260437,英鎊,霸菱全球農業基金-A類英鎊,yfinance,未分類,全球市場
B24051,2015-01-15,1.6839606761932373,英鎊,霸菱全球農業基金-A類英鎊,yfinance,未分類,全球市場
B24051,2015-01-16,1.6859256029129028,英鎊,霸菱全球農業基金-A類英鎊,yfinance,未分類,全球市場
B24051,2015-01-19,1.7036104202270508,英鎊,霸菱全球農業基金-A類英鎊,yfinance,未分類,全球市場
B24051,2015-01-20,1.7095052003860474,英鎊,霸菱全球農業基金-A類英鎊,yfinance,未分類,全球市場
B24051,2015-01-21,1.7124526500701904,英鎊,霸菱全球農業基金-A類英鎊,yfinance,未分類,全球市場
B24051,2015-01-22,1.722277283668518,英鎊,霸菱全球農業基金-A類英鎊,yfinance,未分類,全球市場
B24051,2015-01-23,1.7596113681793213,英鎊,霸菱全球農業基金-A類英鎊,yfinance,未分類,全球市場
B24051,2015-01-26,1.743891716003418,英鎊,霸菱全球農業基金-A類英鎊,yfinance,未分類,全球市場
B24051,2015-01-27,1.7478216886520386,英鎊,霸菱全球農業基金-A類英鎊,yfinance,未分類,全球市場
B24051,2015-01-28,1.7409443855285645,英鎊,霸菱全球農業基金-A類英鎊,yfinance,未分類,全球市場
B24051,2015-01-29,1.7301372289657593,英鎊,霸菱全球農業基金-A類英鎊,yfinance,未分類,全球市場
B24051,2015-01-30,1.7419267892837524,英鎊,霸菱全球農業基金-A類英鎊,yfinance,未分類,全球市場
B24051,2015-02-02,1.737997055053711,英鎊,霸菱全球農業基金-A類英鎊,yfinance,未分類,全球市場
B24051,2015-02-03,1.7488042116165161,英鎊,霸菱全球農業基金-A類英鎊,yfinance,未分類,全球市場
B24051,2015-02-04,1.745856761932373,英鎊,霸菱全球農業基金-A類英鎊,yfinance,未分類,全球市場
B24051,2015-02-05,1.7271897792816162,英鎊,霸菱全球農業基金-A類英鎊,yfinance,未分類,全球市場
B24051,2015-02-06,1.737997055053711,英鎊,霸菱全球農業基金-A類英鎊,yfinance,未分類,全球市場
B24051,2015-02-09,1.737997055053711,英鎊,霸菱全球農業基金-A類英鎊,yfinance,未分類,全球市場
B24051,2015-02-10,1.7399619817733765,英鎊,霸菱全球農業基金-A類英鎊,yfinance,未分類,全球市場
B24051,2015-02-11,1.7399619817733765,英鎊,霸菱全球農業基金-A類英鎊,yfinance,未分類,全球市場
B24051,2015-02-12,1.7311196327209473,英鎊,霸菱全球農業基金-A類英鎊,yfinance,未分類,全球市場
B24051,2015-02-13,1.7409443855285645,英鎊,霸菱全球農業基金-A類英鎊,yfinance,未分類,全球市場
B24051,2015-02-16,1.7497868537902832,英鎊,霸菱全球農業基金-A類英鎊,yfinance,未分類,全球市場
B24051,2015-02-17,1.7497868537902832,英鎊,霸菱全球農業基金-A類英鎊,yfinance,未分類,全球市場
B24051,2015-02-18,1.7429091930389404,英鎊,霸菱全球農業基金-A類英鎊,yfinance,未分類,全球市場
B24051,2015-02-19,1.745856761932373,英鎊,霸菱全球農業基金-A類英鎊,yfinance,未分類,全球市場
B24051,2015-02-20,1.7586289644241333,英鎊,霸菱全球農業基金-A類英鎊,yfinance,未分類,全球市場
B24051,2015-02-23,1.7586289644241333,英鎊,霸菱全球農業基金-A類英鎊,yfinance,未分類,全球市場
B24051,2015-02-24,1.7517515420913696,英鎊,霸菱全球農業基金-A類英鎊,yfinance,未分類,全球市場
B24051,2015-02-25,1.7586289644241333,英鎊,霸菱全球農業基金-A類英鎊,yfinance,未分類,全球市場
B24051,2015-02-26,1.7556813955307007,英鎊,霸菱全球農業基金-A類英鎊,yfinance,未分類,全球市場
B24051,2015-02-27,1.7517515420913696,英鎊,霸菱全球農業基金-A類英鎊,yfinance,未分類,全球市場
B24051,2015-03-02,1.7566639184951782,英鎊,霸菱全球農業基金-A類英鎊,yfinance,未分類,全球市場
B24051,2015-03-03,1.7674713134765625,英鎊,霸菱全球農業基金-A類英鎊,yfinance,未分類,全球市場
B24051,2015-03-04,1.7546989917755127,英鎊,霸菱全球農業基金-A類英鎊,yfinance,未分類,全球市場
B24051,2015-03-05,1.7546989917755127,英鎊,霸菱全球農業基金-A類英鎊,yfinance,未分類,全球市場
B24051,2015-03-06,1.7556813955307007,英鎊,霸菱全球農業基金-A類英鎊,yfinance,未分類,全球市場
B24051,2015-03-09,1.7389795780181885,英鎊,霸菱全球農業基金-A類英鎊,yfinance,未分類,全球市場
B24051,2015-03-10,1.737997055053711,英鎊,霸菱全球農業基金-A類英鎊,yfinance,未分類,全球市場
B24051,2015-03-11,1.717365026473999,英鎊,霸菱全球農業基金-A類英鎊,yfinance,未分類,全球市場
B24051,2015-03-12,1.7163825035095215,英鎊,霸菱全球農業基金-A類英鎊,yfinance,未分類,全球市場
B24051,2015-03-13,1.7389795780181885,英鎊,霸菱全球農業基金-A類英鎊,yfinance,未分類,全球市場
B24051,2015-03-16,1.7330846786499023,英鎊,霸菱全球農業基金-A類英鎊,yfinance,未分類,全球市場
B24051,2015-03-17,1.7448742389678955,英鎊,霸菱全球農業基金-A類英鎊,yfinance,未分類,全球市場
B24051,2015-03-18,1.7605937719345093,英鎊,霸菱全球農業基金-A類英鎊,yfinance,未分類,全球市場
B24051,2015-03-19,1.7517515420913696,英鎊,霸菱全球農業基金-A類英鎊,yfinance,未分類,全球市場
B24051,2015-03-20,1.7448742389678955,英鎊,霸菱全球農業基金-A類英鎊,yfinance,未分類,全球市場
B24051,2015-03-23,1.7497868537902832,英鎊,霸菱全球農業基金-A類英鎊,yfinance,未分類,全球市場
B24051,2015-03-24,1.7497868537902832,英鎊,霸菱全球農業基金-A類英鎊,yfinance,未分類,全球市場
B24051,2015-03-25,1.7409443855285645,英鎊,霸菱全球農業基金-A類英鎊,yfinance,未分類,全球市場
B24051,2015-03-26,1.7291547060012817,英鎊,霸菱全球農業基金-A類英鎊,yfinance,未分類,全球市場
B24051,2015-03-27,1.7262071371078491,英鎊,霸菱全球農業基金-A類英鎊,yfinance,未分類,全球市場
B24051,2015-03-30,1.7350496053695679,英鎊,霸菱全球農業基金-A類英鎊,yfinance,未分類,全球市場
B24051,2015-03-31,1.7419267892837524,英鎊,霸菱全球農業基金-A類英鎊,yfinance,未分類,全球市場
B24051,2015-04-01,1.7429091930389404,英鎊,霸菱全球農業基金-A類英鎊,yfinance,未分類,全球市場
B24051,2015-04-02,1.7556813955307007,英鎊,霸菱全球農業基金-A類英鎊,yfinance,未分類,全球市場
B24051,2015-04-07,1.768453598022461,英鎊,霸菱全球農業基金-A類英鎊,yfinance,未分類,全球市場
B24051,2015-04-08,1.768453598022461,英鎊,霸菱全球農業基金-A類英鎊,yfinance,未分類,全球市場
B24051,2015-04-09,1.7851556539535522,英鎊,霸菱全球農業基金-A類英鎊,yfinance,未分類,全球市場
B24051,2015-04-10,1.801857829093933,英鎊,霸菱全球農業基金-A類英鎊,yfinance,未分類,全球市場
B24051,2015-04-13,1.8087348937988281,英鎊,霸菱全球農業基金-A類英鎊,yfinance,未分類,全球市場
B24051,2015-04-14,1.798910140991211,英鎊,霸菱全球農業基金-A類英鎊,yfinance,未分類,全球市場
B24051,2015-04-15,1.792033076286316,英鎊,霸菱全球農業基金-A類英鎊,yfinance,未分類,全球市場
B24051,2015-04-16,1.7812259197235107,英鎊,霸菱全球農業基金-A類英鎊,yfinance,未分類,全球市場
B24051,2015-04-17,1.7645237445831299,英鎊,霸菱全球農業基金-A類英鎊,yfinance,未分類,全球市場
B24051,2015-04-20,1.7556813955307007,英鎊,霸菱全球農業基金-A類英鎊,yfinance,未分類,全球市場
B24051,2015-04-21,1.7556813955307007,英鎊,霸菱全球農業基金-A類英鎊,yfinance,未分類,全球市場
B24051,2015-04-22,1.7360320091247559,英鎊,霸菱全球農業基金-A類英鎊,yfinance,未分類,全球市場
B24051,2015-04-23,1.7389795780181885,英鎊,霸菱全球農業基金-A類英鎊,yfinance,未分類,全球市場
B24051,2015-04-24,1.7330846786499023,英鎊,霸菱全球農業基金-A類英鎊,yfinance,未分類,全球市場
B24051,2015-04-27,1.7340669631958008,英鎊,霸菱全球農業基金-A類英鎊,yfinance,未分類,全球市場
B24051,2015-04-28,1.7163825035095215,英鎊,霸菱全球農業基金-A類英鎊,yfinance,未分類,全球市場
B24051,2015-04-29,1.7055753469467163,英鎊,霸菱全球農業基金-A類英鎊,yfinance,未分類,全球市場
B24051,2015-04-30,1.6977155208587646,英鎊,霸菱全球農業基金-A類英鎊,yfinance,未分類,全球市場
B24051,2015-05-01,1.7085226774215698,英鎊,霸菱全球農業基金-A類英鎊,yfinance,未分類,全球市場
B24051,2015-05-05,1.7478216886520386,英鎊,霸菱全球農業基金-A類英鎊,yfinance,未分類,全球市場
B24051,2015-05-06,1.7340669631958008,英鎊,霸菱全球農業基金-A類英鎊,yfinance,未分類,全球市場
B24051,2015-05-07,1.7252249717712402,英鎊,霸菱全球農業基金-A類英鎊,yfinance,未分類,全球市場
B24051,2015-05-08,1.737014651298523,英鎊,霸菱全球農業基金-A類英鎊,yfinance,未分類,全球市場
B24051,2015-05-11,1.745856761932373,英鎊,霸菱全球農業基金-A類英鎊,yfinance,未分類,全球市場
B24051,2015-05-12,1.722277283668518,英鎊,霸菱全球農業基金-A類英鎊,yfinance,未分類,全球市場
B24051,2015-05-13,1.7252249717712402,英鎊,霸菱全球農業基金-A類英鎊,yfinance,未分類,全球市場
B24051,2015-05-14,1.7242422103881836,英鎊,霸菱全球農業基金-A類英鎊,yfinance,未分類,全球市場
B24051,2015-05-15,1.7419267892837524,英鎊,霸菱全球農業基金-A類英鎊,yfinance,未分類,全球市場
B24051,2015-05-18,1.7645237445831299,英鎊,霸菱全球農業基金-A類英鎊,yfinance,未分類,全球市場
B24051,2015-05-19,1.7772960662841797,英鎊,霸菱全球農業基金-A類英鎊,yfinance,未分類,全球市場
B24051,2015-05-20,1.7822083234786987,英鎊,霸菱全球農業基金-A類英鎊,yfinance,未分類,全球市場
B24051,2015-05-21,1.7733659744262695,英鎊,霸菱全球農業基金-A類英鎊,yfinance,未分類,全球市場
B24051,2015-05-22,1.7841732501983643,英鎊,霸菱全球農業基金-A類英鎊,yfinance,未分類,全球市場
B24051,2015-05-26,1.8038227558135986,英鎊,霸菱全球農業基金-A類英鎊,yfinance,未分類,全球市場
B24051,2015-05-27,1.7910503149032593,英鎊,霸菱全球農業基金-A類英鎊,yfinance,未分類,全球市場
B24051,2015-05-28,1.801857829093933,英鎊,霸菱全球農業基金-A類英鎊,yfinance,未分類,全球市場
B24051,2015-05-29,1.8126651048660278,英鎊,霸菱全球農業基金-A類英鎊,yfinance,未分類,全球市場
B24051,2015-06-01,1.8057878017425537,英鎊,霸菱全球農業基金-A類英鎊,yfinance,未分類,全球市場
B24051,2015-06-02,1.7900681495666504,英鎊,霸菱全球農業基金-A類英鎊,yfinance,未分類,全球市場
B24051,2015-06-03,1.7900681495666504,英鎊,霸菱全球農業基金-A類英鎊,yfinance,未分類,全球市場
B24051,2015-06-04,1.7802432775497437,英鎊,霸菱全球農業基金-A類英鎊,yfinance,未分類,全球市場
B24051,2015-06-05,1.7704185247421265,英鎊,霸菱全球農業基金-A類英鎊,yfinance,未分類,全球市場
B24051,2015-06-08,1.7615762948989868,英鎊,霸菱全球農業基金-A類英鎊,yfinance,未分類,全球市場
B24051,2015-06-09,1.750769019126892,英鎊,霸菱全球農業基金-A類英鎊,yfinance,未分類,全球市場
B24051,2015-06-10,1.737997055053711,英鎊,霸菱全球農業基金-A類英鎊,yfinance,未分類,全球市場
B24051,2015-06-11,1.745856761932373,英鎊,霸菱全球農業基金-A類英鎊,yfinance,未分類,全球市場
B24051,2015-06-12,1.7399619817733765,英鎊,霸菱全球農業基金-A類英鎊,yfinance,未分類,全球市場
B24051,2015-06-15,1.7340669631958008,英鎊,霸菱全球農業基金-A類英鎊,yfinance,未分類,全球市場
B24051,2015-06-16,1.7144174575805664,英鎊,霸菱全球農業基金-A類英鎊,yfinance,未分類,全球市場
B24051,2015-06-17,1.7104876041412354,英鎊,霸菱全球農業基金-A類英鎊,yfinance,未分類,全球市場
B24051,2015-06-18,1.7006628513336182,英鎊,霸菱全球農業基金-A類英鎊,yfinance,未分類,全球市場
B24051,2015-06-19,1.7163825035095215,英鎊,霸菱全球農業基金-A類英鎊,yfinance,未分類,全球市場
B24051,2015-06-22,1.719330072402954,英鎊,霸菱全球農業基金-A類英鎊,yfinance,未分類,全球市場
B24051,2015-06-23,1.7311196327209473,英鎊,霸菱全球農業基金-A類英鎊,yfinance,未分類,全球市場
B24051,2015-06-24,1.7301372289657593,英鎊,霸菱全球農業基金-A類英鎊,yfinance,未分類,全球市場
B24051,2015-06-25,1.7232598066329956,英鎊,霸菱全球農業基金-A類英鎊,yfinance,未分類,全球市場
B24051,2015-06-26,1.7301372289657593,英鎊,霸菱全球農業基金-A類英鎊,yfinance,未分類,全球市場
B24051,2015-06-29,1.7006628513336182,英鎊,霸菱全球農業基金-A類英鎊,yfinance,未分類,全球市場
B24051,2015-06-30,1.691820740699768,英鎊,霸菱全球農業基金-A類英鎊,yfinance,未分類,全球市場
B24051,2015-07-01,1.7055753469467163,英鎊,霸菱全球農業基金-A類英鎊,yfinance,未分類,全球市場
B24051,2015-07-02,1.722277283668518,英鎊,霸菱全球農業基金-A類英鎊,yfinance,未分類,全球市場
B24051,2015-07-03,1.720312476158142,英鎊,霸菱全球農業基金-A類英鎊,yfinance,未分類,全球市場
B24051,2015-07-06,1.719330072402954,英鎊,霸菱全球農業基金-A類英鎊,yfinance,未分類,全球市場
B24051,2015-07-07,1.720312476158142,英鎊,霸菱全球農業基金-A類英鎊,yfinance,未分類,全球市場
B24051,2015-07-08,1.717365026473999,英鎊,霸菱全球農業基金-A類英鎊,yfinance,未分類,全球市場
B24051,2015-07-09,1.691820740699768,英鎊,霸菱全球農業基金-A類英鎊,yfinance,未分類,全球市場
B24051,2015-07-10,1.6859256029129028,英鎊,霸菱全球農業基金-A類英鎊,yfinance,未分類,全球市場
B24051,2015-07-13,1.6957504749298096,英鎊,霸菱全球農業基金-A類英鎊,yfinance,未分類,全球市場
B24051,2015-07-14,1.7045928239822388,英鎊,霸菱全球農業基金-A類英鎊,yfinance,未分類,全球市場
B24051,2015-07-15,1.7095052003860474,英鎊,霸菱全球農業基金-A類英鎊,yfinance,未分類,全球市場
B24051,2015-07-16,1.7045928239822388,英鎊,霸菱全球農業基金-A類英鎊,yfinance,未分類,全球市場
B24051,2015-07-17,1.7085226774215698,英鎊,霸菱全球農業基金-A類英鎊,yfinance,未分類,全球市場
B24051,2015-07-20,1.7114702463150024,英鎊,霸菱全球農業基金-A類英鎊,yfinance,未分類,全球市場
B24051,2015-07-21,1.6986980438232422,英鎊,霸菱全球農業基金-A類英鎊,yfinance,未分類,全球市場
B24051,2015-07-22,1.687890887260437,英鎊,霸菱全球農業基金-A類英鎊,yfinance,未分類,全球市場
B24051,2015-07-23,1.6780658960342407,英鎊,霸菱全球農業基金-A類英鎊,yfinance,未分類,全球市場
B24051,2015-07-24,1.6731536388397217,英鎊,霸菱全球農業基金-A類英鎊,yfinance,未分類,全球市場
B24051,2015-07-27,1.6476093530654907,英鎊,霸菱全球農業基金-A類英鎊,yfinance,未分類,全球市場
B24051,2015-07-28,1.6220648288726807,英鎊,霸菱全球農業基金-A類英鎊,yfinance,未分類,全球市場
B24051,2015-07-29,1.6250125169754028,英鎊,霸菱全球農業基金-A類英鎊,yfinance,未分類,全球市場
B24051,2015-07-30,1.6289423704147339,英鎊,霸菱全球農業基金-A類英鎊,yfinance,未分類,全球市場
B24051,2015-07-31,1.638767123222351,英鎊,霸菱全球農業基金-A類英鎊,yfinance,未分類,全球市場
B24051,2015-08-03,1.6397494077682495,英鎊,霸菱全球農業基金-A類英鎊,yfinance,未分類,全球市場
B24051,2015-08-04,1.6230474710464478,英鎊,霸菱全球農業基金-A類英鎊,yfinance,未分類,全球市場
B24051,2015-08-05,1.6417144536972046,英鎊,霸菱全球農業基金-A類英鎊,yfinance,未分類,全球市場
B24051,2015-08-06,1.6505565643310547,英鎊,霸菱全球農業基金-A類英鎊,yfinance,未分類,全球市場
B24051,2015-08-07,1.6495742797851562,英鎊,霸菱全球農業基金-A類英鎊,yfinance,未分類,全球市場
B24051,2015-08-10,1.6397494077682495,英鎊,霸菱全球農業基金-A類英鎊,yfinance,未分類,全球市場
B24051,2015-08-11,1.6436794996261597,英鎊,霸菱全球農業基金-A類英鎊,yfinance,未分類,全球市場
B24051,2015-08-12,1.6151878833770752,英鎊,霸菱全球農業基金-A類英鎊,yfinance,未分類,全球市場
B24051,2015-08-13,1.6132227182388306,英鎊,霸菱全球農業基金-A類英鎊,yfinance,未分類,全球市場
B24051,2015-08-14,1.6092926263809204,英鎊,霸菱全球農業基金-A類英鎊,yfinance,未分類,全球市場
B24051,2015-08-17,1.6083102226257324,英鎊,霸菱全球農業基金-A類英鎊,yfinance,未分類,全球市場
B24051,2015-08-18,1.607327938079834,英鎊,霸菱全球農業基金-A類英鎊,yfinance,未分類,全球市場
B24051,2015-08-19,1.5935730934143066,英鎊,霸菱全球農業基金-A類英鎊,yfinance,未分類,全球市場
B24051,2015-08-20,1.5749062299728394,英鎊,霸菱全球農業基金-A類英鎊,yfinance,未分類,全球市場
B24051,2015-08-21,1.551326870918274,英鎊,霸菱全球農業基金-A類英鎊,yfinance,未分類,全球市場
B24051,2015-08-24,1.470763921737671,英鎊,霸菱全球農業基金-A類英鎊,yfinance,未分類,全球市場
B24051,2015-08-25,1.4953256845474243,英鎊,霸菱全球農業基金-A類英鎊,yfinance,未分類,全球市場
B24051,2015-08-26,1.471746563911438,英鎊,霸菱全球農業基金-A類英鎊,yfinance,未分類,全球市場
B24051,2015-08-27,1.4982733726501465,英鎊,霸菱全球農業基金-A類英鎊,yfinance,未分類,全球市場
B24051,2015-08-28,1.5365897417068481,英鎊,霸菱全球農業基金-A類英鎊,yfinance,未分類,全球市場
B24051,2015-09-01,1.5139929056167603,英鎊,霸菱全球農業基金-A類英鎊,yfinance,未分類,全球市場
B24051,2015-09-02,1.5051504373550415,英鎊,霸菱全球農業基金-A類英鎊,yfinance,未分類,全球市場
B24051,2015-09-03,1.5189052820205688,英鎊,霸菱全球農業基金-A類英鎊,yfinance,未分類,全球市場
B24051,2015-09-04,1.5326597690582275,英鎊,霸菱全球農業基金-A類英鎊,yfinance,未分類,全球市場
B24051,2015-09-07,1.5071156024932861,英鎊,霸菱全球農業基金-A類英鎊,yfinance,未分類,全球市場
B24051,2015-09-08,1.5179228782653809,英鎊,霸菱全球農業基金-A類英鎊,yfinance,未分類,全球市場
B24051,2015-09-09,1.521852731704712,英鎊,霸菱全球農業基金-A類英鎊,yfinance,未分類,全球市場
B24051,2015-09-10,1.5002381801605225,英鎊,霸菱全球農業基金-A類英鎊,yfinance,未分類,全球市場
B24051,2015-09-11,1.499255657196045,英鎊,霸菱全球農業基金-A類英鎊,yfinance,未分類,全球市場
B24051,2015-09-14,1.4943434000015259,英鎊,霸菱全球農業基金-A類英鎊,yfinance,未分類,全球市場
B24051,2015-09-15,1.4815713167190552,英鎊,霸菱全球農業基金-A類英鎊,yfinance,未分類,全球市場
B24051,2015-09-16,1.4913959503173828,英鎊,霸菱全球農業基金-A類英鎊,yfinance,未分類,全球市場
B24051,2015-09-17,1.4933607578277588,英鎊,霸菱全球農業基金-A類英鎊,yfinance,未分類,全球市場
B24051,2015-09-18,1.478623628616333,英鎊,霸菱全球農業基金-A類英鎊,yfinance,未分類,全球市場
B24051,2015-09-21,1.4579918384552002,英鎊,霸菱全球農業基金-A類英鎊,yfinance,未分類,全球市場
B24051,2015-09-22,1.4412899017333984,英鎊,霸菱全球農業基金-A類英鎊,yfinance,未分類,全球市場
B24051,2015-09-23,1.4324473142623901,英鎊,霸菱全球農業基金-A類英鎊,yfinance,未分類,全球市場
B24051,2015-09-24,1.4078855514526367,英鎊,霸菱全球農業基金-A類英鎊,yfinance,未分類,全球市場
B24051,2015-09-25,1.424587607383728,英鎊,霸菱全球農業基金-A類英鎊,yfinance,未分類,全球市場
B24051,2015-09-28,1.4147629737854004,英鎊,霸菱全球農業基金-A類英鎊,yfinance,未分類,全球市場
B24051,2015-09-29,1.3754639625549316,英鎊,霸菱全球農業基金-A類英鎊,yfinance,未分類,全球市場
B24051,2015-09-30,1.4039556980133057,英鎊,霸菱全球農業基金-A類英鎊,yfinance,未分類,全球市場
B24051,2015-10-01,1.419675350189209,英鎊,霸菱全球農業基金-A類英鎊,yfinance,未分類,全球市場
B24051,2015-10-02,1.4167277812957764,英鎊,霸菱全球農業基金-A類英鎊,yfinance,未分類,全球市場
B24051,2015-10-05,1.444237232208252,英鎊,霸菱全球農業基金-A類英鎊,yfinance,未分類,全球市場
B24051,2015-10-06,1.4678164720535278,英鎊,霸菱全球農業基金-A類英鎊,yfinance,未分類,全球市場
B24051,2015-10-07,1.4589742422103882,英鎊,霸菱全球農業基金-A類英鎊,yfinance,未分類,全球市場
B24051,2015-10-08,1.4609391689300537,英鎊,霸菱全球農業基金-A類英鎊,yfinance,未分類,全球市場
B24051,2015-10-09,1.4835360050201416,英鎊,霸菱全球農業基金-A類英鎊,yfinance,未分類,全球市場
B24051,2015-10-12,1.4874659776687622,英鎊,霸菱全球農業基金-A類英鎊,yfinance,未分類,全球市場
B24051,2015-10-13,1.4874659776687622,英鎊,霸菱全球農業基金-A類英鎊,yfinance,未分類,全球市場
B24051,2015-10-14,1.4638866186141968,英鎊,霸菱全球農業基金-A類英鎊,yfinance,未分類,全球市場
B24051,2015-10-15,1.4599567651748657,英鎊,霸菱全球農業基金-A類英鎊,yfinance,未分類,全球市場
B24051,2015-10-16,1.4638866186141968,英鎊,霸菱全球農業基金-A類英鎊,yfinance,未分類,全球市場
B24051,2015-10-19,1.471746563911438,英鎊,霸菱全球農業基金-A類英鎊,yfinance,未分類,全球市場
B24051,2015-10-20,1.475676417350769,英鎊,霸菱全球農業基金-A類英鎊,yfinance,未分類,全球市場
B24051,2015-10-21,1.4845186471939087,英鎊,霸菱全球農業基金-A類英鎊,yfinance,未分類,全球市場
B24051,2015-10-22,1.4815713167190552,英鎊,霸菱全球農業基金-A類英鎊,yfinance,未分類,全球市場
B24051,2015-10-23,1.5169402360916138,英鎊,霸菱全球農業基金-A類英鎊,yfinance,未分類,全球市場
B24051,2015-10-26,1.5248000621795654,英鎊,霸菱全球農業基金-A類英鎊,yfinance,未分類,全球市場
B24051,2015-10-27,1.5100629329681396,英鎊,霸菱全球農業基金-A類英鎊,yfinance,未分類,全球市場
B24051,2015-10-28,1.504168152809143,英鎊,霸菱全球農業基金-A類英鎊,yfinance,未分類,全球市場
B24051,2015-10-29,1.5110453367233276,英鎊,霸菱全球農業基金-A類英鎊,yfinance,未分類,全球市場
B24051,2015-10-30,1.4894311428070068,英鎊,霸菱全球農業基金-A類英鎊,yfinance,未分類,全球市場
B24051,2015-11-02,1.471746563911438,英鎊,霸菱全球農業基金-A類英鎊,yfinance,未分類,全球市場
B24051,2015-11-03,1.4845186471939087,英鎊,霸菱全球農業基金-A類英鎊,yfinance,未分類,全球市場
B24051,2015-11-04,1.4953256845474243,英鎊,霸菱全球農業基金-A類英鎊,yfinance,未分類,全球市場
B24051,2015-11-05,1.4884485006332397,英鎊,霸菱全球農業基金-A類英鎊,yfinance,未分類,全球市場
B24051,2015-11-06,1.5051504373550415,英鎊,霸菱全球農業基金-A類英鎊,yfinance,未分類,全球市場
B24051,2015-11-09,1.4953256845474243,英鎊,霸菱全球農業基金-A類英鎊,yfinance,未分類,全球市場
B24051,2015-11-10,1.4943434000015259,英鎊,霸菱全球農業基金-A類英鎊,yfinance,未分類,全球市場
B24051,2015-11-11,1.4864835739135742,英鎊,霸菱全球農業基金-A類英鎊,yfinance,未分類,全球市場
B24051,2015-11-12,1.4825536012649536,英鎊,霸菱全球農業基金-A類英鎊,yfinance,未分類,全球市場
B24051,2015-11-13,1.4560267925262451,英鎊,霸菱全球農業基金-A類英鎊,yfinance,未分類,全球市場
B24051,2015-11-16,1.453079342842102,英鎊,霸菱全球農業基金-A類英鎊,yfinance,未分類,全球市場
B24051,2015-11-17,1.470763921737671,英鎊,霸菱全球農業基金-A類英鎊,yfinance,未分類,全球市場
B24051,2015-11-18,1.4687989950180054,英鎊,霸菱全球農業基金-A類英鎊,yfinance,未分類,全球市場
B24051,2015-11-19,1.4776413440704346,英鎊,霸菱全球農業基金-A類英鎊,yfinance,未分類,全球市場
B24051,2015-11-20,1.4668340682983398,英鎊,霸菱全球農業基金-A類英鎊,yfinance,未分類,全球市場
B24051,2015-11-23,1.4658515453338623,英鎊,霸菱全球農業基金-A類英鎊,yfinance,未分類,全球市場
B24051,2015-11-24,1.4855010509490967,英鎊,霸菱全球農業基金-A類英鎊,yfinance,未分類,全球市場
B24051,2015-11-25,1.499255657196045,英鎊,霸菱全球農業基金-A類英鎊,yfinance,未分類,全球市場
B24051,2015-11-26,1.504168152809143,英鎊,霸菱全球農業基金-A類英鎊,yfinance,未分類,全球市場
B24051,2015-11-27,1.503185510635376,英鎊,霸菱全球農業基金-A類英鎊,yfinance,未分類,全球市場
B24051,2015-11-30,1.503185510635376,英鎊,霸菱全球農業基金-A類英鎊,yfinance,未分類,全球市場
B24051,2015-12-01,1.504168152809143,英鎊,霸菱全球農業基金-A類英鎊,yfinance,未分類,全球市場
B24051,2015-12-02,1.5090805292129517,英鎊,霸菱全球農業基金-A類英鎊,yfinance,未分類,全球市場
B24051,2015-12-03,1.5110453367233276,英鎊,霸菱全球農業基金-A類英鎊,yfinance,未分類,全球市場
B24051,2015-12-04,1.4933607578277588,英鎊,霸菱全球農業基金-A類英鎊,yfinance,未分類,全球市場
B24051,2015-12-07,1.5071156024932861,英鎊,霸菱全球農業基金-A類英鎊,yfinance,未分類,全球市場
B24051,2015-12-08,1.5022032260894775,英鎊,霸菱全球農業基金-A類英鎊,yfinance,未分類,全球市場
B24051,2015-12-09,1.4904135465621948,英鎊,霸菱全球農業基金-A類英鎊,yfinance,未分類,全球市場
B24051,2015-12-10,1.4864835739135742,英鎊,霸菱全球農業基金-A類英鎊,yfinance,未分類,全球市場
B24051,2015-12-11,1.471746563911438,英鎊,霸菱全球農業基金-A類英鎊,yfinance,未分類,全球市場
B24051,2015-12-14,1.4540618658065796,英鎊,霸菱全球農業基金-A類英鎊,yfinance,未分類,全球市場
B24051,2015-12-15,1.4491496086120605,英鎊,霸菱全球農業基金-A類英鎊,yfinance,未分類,全球市場
B24051,2015-12-16,1.474693775177002,英鎊,霸菱全球農業基金-A類英鎊,yfinance,未分類,全球市場
B24051,2015-12-17,1.4982733726501465,英鎊,霸菱全球農業基金-A類英鎊,yfinance,未分類,全球市場
B24051,2015-12-18,1.478623628616333,英鎊,霸菱全球農業基金-A類英鎊,yfinance,未分類,全球市場
B24051,2015-12-21,1.4845186471939087,英鎊,霸菱全球農業基金-A類英鎊,yfinance,未分類,全球市場
B24051,2015-12-22,1.4874659776687622,英鎊,霸菱全球農業基金-A類英鎊,yfinance,未分類,全球市場
B24051,2015-12-23,1.5061330795288086,英鎊,霸菱全球農業基金-A類英鎊,yfinance,未分類,全球市場
B24051,2015-12-24,1.5169402360916138,英鎊,霸菱全球農業基金-A類英鎊,yfinance,未分類,全球市場
B24051,2015-12-29,1.5257824659347534,英鎊,霸菱全球農業基金-A類英鎊,yfinance,未分類,全球市場
B24051,2015-12-30,1.5356073379516602,英鎊,霸菱全球農業基金-A類英鎊,yfinance,未分類,全球市場
B24051,2015-12-31,1.523817539215088,英鎊,霸菱全球農業基金-A類英鎊,yfinance,未分類,全球市場
B24084,2015-01-02,587.3784790039062,英鎊,霸菱香港中國基金-A類 英鎊配息型,yfinance,股票型,中國/大中華
B24084,2015-01-05,593.5870361328125,英鎊,霸菱香港中國基金-A類 英鎊配息型,yfinance,股票型,中國/大中華
B24084,2015-01-06,590.9207153320312,英鎊,霸菱香港中國基金-A類 英鎊配息型,yfinance,股票型,中國/大中華
B24084,2015-01-07,595.64697265625,英鎊,霸菱香港中國基金-A類 英鎊配息型,yfinance,股票型,中國/大中華
B24084,2015-01-08,599.7957153320312,英鎊,霸菱香港中國基金-A類 英鎊配息型,yfinance,股票型,中國/大中華
B24084,2015-01-09,599.9014892578125,英鎊,霸菱香港中國基金-A類 英鎊配息型,yfinance,股票型,中國/大中華
B24084,2015-01-12,595.8973999023438,英鎊,霸菱香港中國基金-A類 英鎊配息型,yfinance,股票型,中國/大中華
B24084,2015-01-13,597.9571533203125,英鎊,霸菱香港中國基金-A類 英鎊配息型,yfinance,股票型,中國/大中華
B24084,2015-01-14,595.5411987304688,英鎊,霸菱香港中國基金-A類 英鎊配息型,yfinance,股票型,中國/大中華
B24084,2015-01-15,593.4042358398438,英鎊,霸菱香港中國基金-A類 英鎊配息型,yfinance,股票型,中國/大中華
B24084,2015-01-16,596.0222778320312,英鎊,霸菱香港中國基金-A類 英鎊配息型,yfinance,股票型,中國/大中華
B24084,2015-01-19,576.357177734375,英鎊,霸菱香港中國基金-A類 英鎊配息型,yfinance,股票型,中國/大中華
B24084,2015-01-20,585.8961791992188,英鎊,霸菱香港中國基金-A類 英鎊配息型,yfinance,股票型,中國/大中華
B24084,2015-01-21,600.700439453125,英鎊,霸菱香港中國基金-A類 英鎊配息型,yfinance,股票型,中國/大中華
B24084,2015-01-22,599.9111938476562,英鎊,霸菱香港中國基金-A類 英鎊配息型,yfinance,股票型,中國/大中華
B24084,2015-01-23,615.138916015625,英鎊,霸菱香港中國基金-A類 英鎊配息型,yfinance,股票型,中國/大中華
B24084,2015-01-26,614.609619140625,英鎊,霸菱香港中國基金-A類 英鎊配息型,yfinance,股票型,中國/大中華
B24084,2015-01-27,606.350830078125,英鎊,霸菱香港中國基金-A類 英鎊配息型,yfinance,股票型,中國/大中華
B24084,2015-01-28,600.6138916015625,英鎊,霸菱香港中國基金-A類 英鎊配息型,yfinance,股票型,中國/大中華
B24084,2015-01-29,593.77001953125,英鎊,霸菱香港中國基金-A類 英鎊配息型,yfinance,股票型,中國/大中華
B24084,2015-01-30,593.2406005859375,英鎊,霸菱香港中國基金-A類 英鎊配息型,yfinance,股票型,中國/大中華
B24084,2015-02-02,589.9678344726562,英鎊,霸菱香港中國基金-A類 英鎊配息型,yfinance,股票型,中國/大中華
B24084,2015-02-03,595.069580078125,英鎊,霸菱香港中國基金-A類 英鎊配息型,yfinance,股票型,中國/大中華
B24084,2015-02-04,590.1314697265625,英鎊,霸菱香港中國基金-A類 英鎊配息型,yfinance,股票型,中國/大中華
B24084,2015-02-05,590.3143920898438,英鎊,霸菱香港中國基金-A類 英鎊配息型,yfinance,股票型,中國/大中華
B24084,2015-02-06,581.8148193359375,英鎊,霸菱香港中國基金-A類 英鎊配息型,yfinance,股票型,中國/大中華
B24084,2015-02-09,582.3924560546875,英鎊,霸菱香港中國基金-A類 英鎊配息型,yfinance,股票型,中國/大中華
B24084,2015-02-10,583.7689208984375,英鎊,霸菱香港中國基金-A類 英鎊配息型,yfinance,股票型,中國/大中華
B24084,2015-02-11,578.7442016601562,英鎊,霸菱香港中國基金-A類 英鎊配息型,yfinance,股票型,中國/大中華
B24084,2015-02-12,580.8619384765625,英鎊,霸菱香港中國基金-A類 英鎊配息型,yfinance,股票型,中國/大中華
B24084,2015-02-13,585.5978393554688,英鎊,霸菱香港中國基金-A類 英鎊配息型,yfinance,股票型,中國/大中華
B24084,2015-02-16,587.840576171875,英鎊,霸菱香港中國基金-A類 英鎊配息型,yfinance,股票型,中國/大中華
B24084,2015-02-17,587.8983154296875,英鎊,霸菱香港中國基金-A類 英鎊配息型,yfinance,股票型,中國/大中華
B24084,2015-02-18,587.503662109375,英鎊,霸菱香港中國基金-A類 英鎊配息型,yfinance,股票型,中國/大中華
B24084,2015-02-19,586.464111328125,英鎊,霸菱香港中國基金-A類 英鎊配息型,yfinance,股票型,中國/大中華
B24084,2015-02-20,589.61181640625,英鎊,霸菱香港中國基金-A類 英鎊配息型,yfinance,股票型,中國/大中華
B24084,2015-02-23,590.6609497070312,英鎊,霸菱香港中國基金-A類 英鎊配息型,yfinance,股票型,中國/大中華
B24084,2015-02-24,588.0812377929688,英鎊,霸菱香港中國基金-A類 英鎊配息型,yfinance,股票型,中國/大中華
B24084,2015-02-25,588.33154296875,英鎊,霸菱香港中國基金-A類 英鎊配息型,yfinance,股票型,中國/大中華
B24084,2015-02-26,591.4309692382812,英鎊,霸菱香港中國基金-A類 英鎊配息型,yfinance,股票型,中國/大中華
B24084,2015-02-27,593.1443481445312,英鎊,霸菱香港中國基金-A類 英鎊配息型,yfinance,股票型,中國/大中華
B24084,2015-03-02,594.8289184570312,英鎊,霸菱香港中國基金-A類 英鎊配息型,yfinance,股票型,中國/大中華
B24084,2015-03-03,587.64794921875,英鎊,霸菱香港中國基金-A類 英鎊配息型,yfinance,股票型,中國/大中華
B24084,2015-03-04,582.2577514648438,英鎊,霸菱香港中國基金-A類 英鎊配息型,yfinance,股票型,中國/大中華
B24084,2015-03-05,583.6342163085938,英鎊,霸菱香港中國基金-A類 英鎊配息型,yfinance,股票型,中國/大中華
B24084,2015-03-06,586.7529296875,英鎊,霸菱香港中國基金-A類 英鎊配息型,yfinance,股票型,中國/大中華
B24084,2015-03-09,589.87158203125,英鎊,霸菱香港中國基金-A類 英鎊配息型,yfinance,股票型,中國/大中華
B24084,2015-03-10,584.3272094726562,英鎊,霸菱香港中國基金-A類 英鎊配息型,yfinance,股票型,中國/大中華
B24084,2015-03-11,580.0534057617188,英鎊,霸菱香港中國基金-A類 英鎊配息型,yfinance,股票型,中國/大中華
B24084,2015-03-12,586.78173828125,英鎊,霸菱香港中國基金-A類 英鎊配息型,yfinance,股票型,中國/大中華
B24084,2015-03-13,596.311279296875,英鎊,霸菱香港中國基金-A類 英鎊配息型,yfinance,股票型,中國/大中華
B24084,2015-03-16,601.3838500976562,英鎊,霸菱香港中國基金-A類 英鎊配息型,yfinance,股票型,中國/大中華
B24084,2015-03-18,613.9743041992188,英鎊,霸菱香港中國基金-A類 英鎊配息型,yfinance,股票型,中國/大中華
B24084,2015-03-19,610.2877807617188,英鎊,霸菱香港中國基金-A類 英鎊配息型,yfinance,股票型,中國/大中華
B24084,2015-03-20,615.3700561523438,英鎊,霸菱香港中國基金-A類 英鎊配息型,yfinance,股票型,中國/大中華
B24084,2015-03-23,615.2833862304688,英鎊,霸菱香港中國基金-A類 英鎊配息型,yfinance,股票型,中國/大中華
B24084,2015-03-24,611.4426879882812,英鎊,霸菱香港中國基金-A類 英鎊配息型,yfinance,股票型,中國/大中華
B24084,2015-03-25,613.502685546875,英鎊,霸菱香港中國基金-A類 英鎊配息型,yfinance,股票型,中國/大中華
B24084,2015-03-26,609.8256225585938,英鎊,霸菱香港中國基金-A類 英鎊配息型,yfinance,股票型,中國/大中華
B24084,2015-03-27,611.6161499023438,英鎊,霸菱香港中國基金-A類 英鎊配息型,yfinance,股票型,中國/大中華
B24084,2015-03-30,631.4063720703125,英鎊,霸菱香港中國基金-A類 英鎊配息型,yfinance,股票型,中國/大中華
B24084,2015-03-31,634.1112670898438,英鎊,霸菱香港中國基金-A類 英鎊配息型,yfinance,股票型,中國/大中華
B24084,2015-04-01,642.841796875,英鎊,霸菱香港中國基金-A類 英鎊配息型,yfinance,股票型,中國/大中華
B24084,2015-04-02,649.6567993164062,英鎊,霸菱香港中國基金-A類 英鎊配息型,yfinance,股票型,中國/大中華
B24084,2015-04-07,649.5892944335938,英鎊,霸菱香港中國基金-A類 英鎊配息型,yfinance,股票型,中國/大中華
B24084,2015-04-08,682.2012329101562,英鎊,霸菱香港中國基金-A類 英鎊配息型,yfinance,股票型,中國/大中華
B24084,2015-04-09,708.4696655273438,英鎊,霸菱香港中國基金-A類 英鎊配息型,yfinance,股票型,中國/大中華
B24084,2015-04-10,728.5776977539062,英鎊,霸菱香港中國基金-A類 英鎊配息型,yfinance,股票型,中國/大中華
B24084,2015-04-13,757.2431640625,英鎊,霸菱香港中國基金-A類 英鎊配息型,yfinance,股票型,中國/大中華
B24084,2015-04-14,732.3991088867188,英鎊,霸菱香港中國基金-A類 英鎊配息型,yfinance,股票型,中國/大中華
B24084,2015-04-15,730.6568603515625,英鎊,霸菱香港中國基金-A類 英鎊配息型,yfinance,股票型,中國/大中華
B24084,2015-04-16,733.072998046875,英鎊,霸菱香港中國基金-A類 英鎊配息型,yfinance,股票型,中國/大中華
B24084,2015-04-17,726.4695434570312,英鎊,霸菱香港中國基金-A類 英鎊配息型,yfinance,股票型,中國/大中華
B24084,2015-04-20,708.6236572265625,英鎊,霸菱香港中國基金-A類 英鎊配息型,yfinance,股票型,中國/大中華
B24084,2015-04-21,730.4547119140625,英鎊,霸菱香港中國基金-A類 英鎊配息型,yfinance,股票型,中國/大中華
B24084,2015-04-22,733.9200439453125,英鎊,霸菱香港中國基金-A類 英鎊配息型,yfinance,股票型,中國/大中華
B24084,2015-04-23,732.07177734375,英鎊,霸菱香港中國基金-A類 英鎊配息型,yfinance,股票型,中國/大中華
B24084,2015-04-24,726.2869262695312,英鎊,霸菱香港中國基金-A類 英鎊配息型,yfinance,股票型,中國/大中華
B24084,2015-04-27,736.894287109375,英鎊,霸菱香港中國基金-A類 英鎊配息型,yfinance,股票型,中國/大中華
B24084,2015-04-28,729.0205078125,英鎊,霸菱香港中國基金-A類 英鎊配息型,yfinance,股票型,中國/大中華
B24084,2015-04-29,720.9542236328125,英鎊,霸菱香港中國基金-A類 英鎊配息型,yfinance,股票型,中國/大中華
B24084,2015-04-30,713.8408203125,英鎊,霸菱香港中國基金-A類 英鎊配息型,yfinance,股票型,中國/大中華
B24084,2015-05-01,719.0946655273438,英鎊,霸菱香港中國基金-A類 英鎊配息型,yfinance,股票型,中國/大中華
B24084,2015-05-05,710.5457763671875,英鎊,霸菱香港中國基金-A類 英鎊配息型,yfinance,股票型,中國/大中華
B24084,2015-05-06,701.6873779296875,英鎊,霸菱香港中國基金-A類 英鎊配息型,yfinance,股票型,中國/大中華
B24084,2015-05-07,687.2490844726562,英鎊,霸菱香港中國基金-A類 英鎊配息型,yfinance,股票型,中國/大中華
B24084,2015-05-08,692.67431640625,英鎊,霸菱香港中國基金-A類 英鎊配息型,yfinance,股票型,中國/大中華
B24084,2015-05-11,697.7803344726562,英鎊,霸菱香港中國基金-A類 英鎊配息型,yfinance,股票型,中國/大中華
B24084,2015-05-12,679.3286743164062,英鎊,霸菱香港中國基金-A類 英鎊配息型,yfinance,股票型,中國/大中華
B24084,2015-05-13,676.9594116210938,英鎊,霸菱香港中國基金-A類 英鎊配息型,yfinance,股票型,中國/大中華
B24084,2015-05-14,670.953857421875,英鎊,霸菱香港中國基金-A類 英鎊配息型,yfinance,股票型,中國/大中華
B24084,2015-05-15,683.545166015625,英鎊,霸菱香港中國基金-A類 英鎊配息型,yfinance,股票型,中國/大中華
B24084,2015-05-18,682.3749389648438,英鎊,霸菱香港中國基金-A類 英鎊配息型,yfinance,股票型,中國/大中華
B24084,2015-05-19,698.960205078125,英鎊,霸菱香港中國基金-A類 英鎊配息型,yfinance,股票型,中國/大中華
B24084,2015-05-20,698.921630859375,英鎊,霸菱香港中國基金-A類 英鎊配息型,yfinance,股票型,中國/大中華
B24084,2015-05-21,688.0323486328125,英鎊,霸菱香港中國基金-A類 英鎊配息型,yfinance,股票型,中國/大中華
B24084,2015-05-22,702.48046875,英鎊,霸菱香港中國基金-A類 英鎊配息型,yfinance,股票型,中國/大中華
B24084,2015-05-26,730.6704711914062,英鎊,霸菱香港中國基金-A類 英鎊配息型,yfinance,股票型,中國/大中華
B24084,2015-05-27,726.860107421875,英鎊,霸菱香港中國基金-A類 英鎊配息型,yfinance,股票型,中國/大中華
B24084,2015-05-28,710.3523559570312,英鎊,霸菱香港中國基金-A類 英鎊配息型,yfinance,股票型,中國/大中華
B24084,2015-05-29,709.8881225585938,英鎊,霸菱香港中國基金-A類 英鎊配息型,yfinance,股票型,中國/大中華
B24084,2015-06-02,714.4237060546875,英鎊,霸菱香港中國基金-A類 英鎊配息型,yfinance,股票型,中國/大中華
B24084,2015-06-03,708.5922241210938,英鎊,霸菱香港中國基金-A類 英鎊配息型,yfinance,股票型,中國/大中華
B24084,2015-06-04,701.3004760742188,英鎊,霸菱香港中國基金-A類 英鎊配息型,yfinance,股票型,中國/大中華
B24084,2015-06-05,702.1613159179688,英鎊,霸菱香港中國基金-A類 英鎊配息型,yfinance,股票型,中國/大中華
B24084,2015-06-08,708.311767578125,英鎊,霸菱香港中國基金-A類 英鎊配息型,yfinance,股票型,中國/大中華
B24084,2015-06-09,690.5563354492188,英鎊,霸菱香港中國基金-A類 英鎊配息型,yfinance,股票型,中國/大中華
B24084,2015-06-10,677.0270385742188,英鎊,霸菱香港中國基金-A類 英鎊配息型,yfinance,股票型,中國/大中華
B24084,2015-06-11,681.9301147460938,英鎊,霸菱香港中國基金-A類 英鎊配息型,yfinance,股票型,中國/大中華
B24084,2015-06-12,694.3472290039062,英鎊,霸菱香港中國基金-A類 英鎊配息型,yfinance,股票型,中國/大中華
B24084,2015-06-15,680.2376708984375,英鎊,霸菱香港中國基金-A類 英鎊配息型,yfinance,股票型,中國/大中華
B24084,2015-06-16,662.6854248046875,英鎊,霸菱香港中國基金-A類 英鎊配息型,yfinance,股票型,中國/大中華
B24084,2015-06-17,663.1883544921875,英鎊,霸菱香港中國基金-A類 英鎊配息型,yfinance,股票型,中國/大中華
B24084,2015-06-18,654.86181640625,英鎊,霸菱香港中國基金-A類 英鎊配息型,yfinance,股票型,中國/大中華
B24084,2015-06-19,653.07275390625,英鎊,霸菱香港中國基金-A類 英鎊配息型,yfinance,股票型,中國/大中華
B24084,2015-06-22,661.6216430664062,英鎊,霸菱香港中國基金-A類 英鎊配息型,yfinance,股票型,中國/大中華
B24084,2015-06-23,674.3773193359375,英鎊,霸菱香港中國基金-A類 英鎊配息型,yfinance,股票型,中國/大中華
B24084,2015-06-24,680.1797485351562,英鎊,霸菱香港中國基金-A類 英鎊配息型,yfinance,股票型,中國/大中華
B24084,2015-06-25,675.4893798828125,英鎊,霸菱香港中國基金-A類 英鎊配息型,yfinance,股票型,中國/大中華
B24084,2015-06-26,658.4013671875,英鎊,霸菱香港中國基金-A類 英鎊配息型,yfinance,股票型,中國/大中華
B24084,2015-06-29,640.6265258789062,英鎊,霸菱香港中國基金-A類 英鎊配息型,yfinance,股票型,中國/大中華
B24084,2015-06-30,654.36865234375,英鎊,霸菱香港中國基金-A類 英鎊配息型,yfinance,股票型,中國/大中華
B24084,2015-07-01,656.3896484375,英鎊,霸菱香港中國基金-A類 英鎊配息型,yfinance,股票型,中國/大中華
B24084,2015-07-02,652.4344482421875,英鎊,霸菱香港中國基金-A類 英鎊配息型,yfinance,股票型,中國/大中華
B24084,2015-07-03,636.777587890625,英鎊,霸菱香港中國基金-A類 英鎊配息型,yfinance,股票型,中國/大中華
B24084,2015-07-06,610.811767578125,英鎊,霸菱香港中國基金-A類 英鎊配息型,yfinance,股票型,中國/大中華
B24084,2015-07-07,595.3676147460938,英鎊,霸菱香港中國基金-A類 英鎊配息型,yfinance,股票型,中國/大中華
B24084,2015-07-08,564.3150024414062,英鎊,霸菱香港中國基金-A類 英鎊配息型,yfinance,股票型,中國/大中華
B24084,2015-07-09,595.0485229492188,英鎊,霸菱香港中國基金-A類 英鎊配息型,yfinance,股票型,中國/大中華
B24084,2015-07-10,610.3861083984375,英鎊,霸菱香港中國基金-A類 英鎊配息型,yfinance,股票型,中國/大中華
B24084,2015-07-13,616.7786254882812,英鎊,霸菱香港中國基金-A類 英鎊配息型,yfinance,股票型,中國/大中華
B24084,2015-07-14,611.7787475585938,英鎊,霸菱香港中國基金-A類 英鎊配息型,yfinance,股票型,中國/大中華
B24084,2015-07-15,601.1796264648438,英鎊,霸菱香港中國基金-A類 英鎊配息型,yfinance,股票型,中國/大中華
B24084,2015-07-16,605.986083984375,英鎊,霸菱香港中國基金-A類 英鎊配息型,yfinance,股票型,中國/大中華
B24084,2015-07-17,615.8887939453125,英鎊,霸菱香港中國基金-A類 英鎊配息型,yfinance,股票型,中國/大中華
B24084,2015-07-20,617.4747924804688,英鎊,霸菱香港中國基金-A類 英鎊配息型,yfinance,股票型,中國/大中華
B24084,2015-07-21,624.2056884765625,英鎊,霸菱香港中國基金-A類 英鎊配息型,yfinance,股票型,中國/大中華
B24084,2015-07-22,615.2214965820312,英鎊,霸菱香港中國基金-A類 英鎊配息型,yfinance,股票型,中國/大中華
B24084,2015-07-23,620.1923217773438,英鎊,霸菱香港中國基金-A類 英鎊配息型,yfinance,股票型,中國/大中華
B24084,2015-07-24,615.2988891601562,英鎊,霸菱香港中國基金-A類 英鎊配息型,yfinance,股票型,中國/大中華
B24084,2015-07-27,588.0177612304688,英鎊,霸菱香港中國基金-A類 英鎊配息型,yfinance,股票型,中國/大中華
B24084,2015-07-28,582.0413818359375,英鎊,霸菱香港中國基金-A類 英鎊配息型,yfinance,股票型,中國/大中華
B24084,2015-07-29,581.799560546875,英鎊,霸菱香港中國基金-A類 英鎊配息型,yfinance,股票型,中國/大中華
B24084,2015-07-30,577.873291015625,英鎊,霸菱香港中國基金-A類 英鎊配息型,yfinance,股票型,中國/大中華
B24084,2015-07-31,582.1767578125,英鎊,霸菱香港中國基金-A類 英鎊配息型,yfinance,股票型,中國/大中華
B24084,2015-08-04,575.9971923828125,英鎊,霸菱香港中國基金-A類 英鎊配息型,yfinance,股票型,中國/大中華
B24084,2015-08-05,578.7048950195312,英鎊,霸菱香港中國基金-A類 英鎊配息型,yfinance,股票型,中國/大中華
B24084,2015-08-06,577.4090576171875,英鎊,霸菱香港中國基金-A類 英鎊配息型,yfinance,股票型,中國/大中華
B24084,2015-08-07,584.3526611328125,英鎊,霸菱香港中國基金-A類 英鎊配息型,yfinance,股票型,中國/大中華
B24084,2015-08-10,592.205322265625,英鎊,霸菱香港中國基金-A類 英鎊配息型,yfinance,股票型,中國/大中華
B24084,2015-08-11,585.6097412109375,英鎊,霸菱香港中國基金-A類 英鎊配息型,yfinance,股票型,中國/大中華
B24084,2015-08-12,568.5120239257812,英鎊,霸菱香港中國基金-A類 英鎊配息型,yfinance,股票型,中國/大中華
B24084,2015-08-13,569.3727416992188,英鎊,霸菱香港中國基金-A類 英鎊配息型,yfinance,股票型,中國/大中華
B24084,2015-08-14,569.4888305664062,英鎊,霸菱香港中國基金-A類 英鎊配息型,yfinance,股票型,中國/大中華
B24084,2015-08-17,566.8390502929688,英鎊,霸菱香港中國基金-A類 英鎊配息型,yfinance,股票型,中國/大中華
B24084,2015-08-18,553.9769287109375,英鎊,霸菱香港中國基金-A類 英鎊配息型,yfinance,股票型,中國/大中華
B24084,2015-08-19,547.2655639648438,英鎊,霸菱香港中國基金-A類 英鎊配息型,yfinance,股票型,中國/大中華
B24084,2015-08-20,535.2931518554688,英鎊,霸菱香港中國基金-A類 英鎊配息型,yfinance,股票型,中國/大中華
B24084,2015-08-21,520.2164306640625,英鎊,霸菱香港中國基金-A類 英鎊配息型,yfinance,股票型,中國/大中華
B24084,2015-08-24,489.4152526855469,英鎊,霸菱香港中國基金-A類 英鎊配息型,yfinance,股票型,中國/大中華
B24084,2015-08-25,498.7765808105469,英鎊,霸菱香港中國基金-A類 英鎊配息型,yfinance,股票型,中國/大中華
B24084,2015-08-26,488.7189636230469,英鎊,霸菱香港中國基金-A類 英鎊配息型,yfinance,股票型,中國/大中華
B24084,2015-08-27,524.5585327148438,英鎊,霸菱香港中國基金-A類 英鎊配息型,yfinance,股票型,中國/大中華
B24084,2015-08-28,519.675048828125,英鎊,霸菱香港中國基金-A類 英鎊配息型,yfinance,股票型,中國/大中華
B24084,2015-09-01,505.27520751953125,英鎊,霸菱香港中國基金-A類 英鎊配息型,yfinance,股票型,中國/大中華
B24084,2015-09-02,503.04132080078125,英鎊,霸菱香港中國基金-A類 英鎊配息型,yfinance,股票型,中國/大中華
B24084,2015-09-03,503.1476745605469,英鎊,霸菱香港中國基金-A類 英鎊配息型,yfinance,股票型,中國/大中華
B24084,2015-09-04,501.7937316894531,英鎊,霸菱香港中國基金-A類 英鎊配息型,yfinance,股票型,中國/大中華
B24084,2015-09-07,496.8424072265625,英鎊,霸菱香港中國基金-A類 英鎊配息型,yfinance,股票型,中國/大中華
B24084,2015-09-08,515.8937377929688,英鎊,霸菱香港中國基金-A類 英鎊配息型,yfinance,股票型,中國/大中華
B24084,2015-09-09,531.2315063476562,英鎊,霸菱香港中國基金-A類 英鎊配息型,yfinance,股票型,中國/大中華
B24084,2015-09-10,517.8277587890625,英鎊,霸菱香港中國基金-A類 英鎊配息型,yfinance,股票型,中國/大中華
B24084,2015-09-11,516.3966064453125,英鎊,霸菱香港中國基金-A類 英鎊配息型,yfinance,股票型,中國/大中華
B24084,2015-09-14,515.9517822265625,英鎊,霸菱香港中國基金-A類 英鎊配息型,yfinance,股票型,中國/大中華
B24084,2015-09-15,513.4373168945312,英鎊,霸菱香港中國基金-A類 英鎊配息型,yfinance,股票型,中國/大中華
B24084,2015-09-16,525.4773559570312,英鎊,霸菱香港中國基金-A類 英鎊配息型,yfinance,股票型,中國/大中華
B24084,2015-09-17,524.4715576171875,英鎊,霸菱香港中國基金-A類 英鎊配息型,yfinance,股票型,中國/大中華
B24084,2015-09-18,523.9009399414062,英鎊,霸菱香港中國基金-A類 英鎊配息型,yfinance,股票型,中國/大中華
B24084,2015-09-21,524.2974853515625,英鎊,霸菱香港中國基金-A類 英鎊配息型,yfinance,股票型,中國/大中華
B24084,2015-09-22,520.33251953125,英鎊,霸菱香港中國基金-A類 英鎊配息型,yfinance,股票型,中國/大中華
B24084,2015-09-23,523.8914184570312,英鎊,霸菱香港中國基金-A類 英鎊配息型,yfinance,股票型,中國/大中華
B24084,2015-09-24,516.8027954101562,英鎊,霸菱香港中國基金-A類 英鎊配息型,yfinance,股票型,中國/大中華
B24084,2015-09-25,518.6304321289062,英鎊,霸菱香港中國基金-A類 英鎊配息型,yfinance,股票型,中國/大中華
B24084,2015-09-28,512.9248046875,英鎊,霸菱香港中國基金-A類 英鎊配息型,yfinance,股票型,中國/大中華
B24084,2015-09-29,506.06817626953125,英鎊,霸菱香港中國基金-A類 英鎊配息型,yfinance,股票型,中國/大中華
B24084,2015-09-30,515.3230590820312,英鎊,霸菱香港中國基金-A類 英鎊配息型,yfinance,股票型,中國/大中華
B24084,2015-10-01,522.0346069335938,英鎊,霸菱香港中國基金-A類 英鎊配息型,yfinance,股票型,中國/大中華
B24084,2015-10-02,533.9005737304688,英鎊,霸菱香港中國基金-A類 英鎊配息型,yfinance,股票型,中國/大中華
B24084,2015-10-05,540.4862670898438,英鎊,霸菱香港中國基金-A類 英鎊配息型,yfinance,股票型,中國/大中華
B24084,2015-10-06,542.9523315429688,英鎊,霸菱香港中國基金-A類 英鎊配息型,yfinance,股票型,中國/大中華
B24084,2015-10-07,553.4449462890625,英鎊,霸菱香港中國基金-A類 英鎊配息型,yfinance,股票型,中國/大中華
B24084,2015-10-08,547.1881713867188,英鎊,霸菱香港中國基金-A類 英鎊配息型,yfinance,股票型,中國/大中華
B24084,2015-10-09,551.67529296875,英鎊,霸菱香港中國基金-A類 英鎊配息型,yfinance,股票型,中國/大中華
B24084,2015-10-12,559.566650390625,英鎊,霸菱香港中國基金-A類 英鎊配息型,yfinance,股票型,中國/大中華
B24084,2015-10-13,560.1080932617188,英鎊,霸菱香港中國基金-A類 英鎊配息型,yfinance,股票型,中國/大中華
B24084,2015-10-14,550.756591796875,英鎊,霸菱香港中國基金-A類 英鎊配息型,yfinance,股票型,中國/大中華
B24084,2015-10-15,556.5687866210938,英鎊,霸菱香港中國基金-A類 英鎊配息型,yfinance,股票型,中國/大中華
B24084,2015-10-16,562.4774780273438,英鎊,霸菱香港中國基金-A類 英鎊配息型,yfinance,股票型,中國/大中華
B24084,2015-10-19,561.8585815429688,英鎊,霸菱香港中國基金-A類 英鎊配息型,yfinance,股票型,中國/大中華
B24084,2015-10-20,562.1970825195312,英鎊,霸菱香港中國基金-A類 英鎊配息型,yfinance,股票型,中國/大中華
B24084,2015-10-21,562.1970825195312,英鎊,霸菱香港中國基金-A類 英鎊配息型,yfinance,股票型,中國/大中華
B24084,2015-10-22,557.8839721679688,英鎊,霸菱香港中國基金-A類 英鎊配息型,yfinance,股票型,中國/大中華
B24084,2015-10-23,568.869873046875,英鎊,霸菱香港中國基金-A類 英鎊配息型,yfinance,股票型,中國/大中華
B24084,2015-10-27,572.6026611328125,英鎊,霸菱香港中國基金-A類 英鎊配息型,yfinance,股票型,中國/大中華
B24084,2015-10-28,569.1597900390625,英鎊,霸菱香港中國基金-A類 英鎊配息型,yfinance,股票型,中國/大中華
B24084,2015-10-29,564.2181396484375,英鎊,霸菱香港中國基金-A類 英鎊配息型,yfinance,股票型,中國/大中華
B24084,2015-10-30,559.460205078125,英鎊,霸菱香港中國基金-A類 英鎊配息型,yfinance,股票型,中國/大中華
B24084,2015-11-02,552.36181640625,英鎊,霸菱香港中國基金-A類 英鎊配息型,yfinance,股票型,中國/大中華
B24084,2015-11-03,559.9631958007812,英鎊,霸菱香港中國基金-A類 英鎊配息型,yfinance,股票型,中國/大中華
B24084,2015-11-04,571.8773803710938,英鎊,霸菱香港中國基金-A類 英鎊配息型,yfinance,股票型,中國/大中華
B24084,2015-11-05,576.9254760742188,英鎊,霸菱香港中國基金-A類 英鎊配息型,yfinance,股票型,中國/大中華
B24084,2015-11-06,584.1011352539062,英鎊,霸菱香港中國基金-A類 英鎊配息型,yfinance,股票型,中國/大中華
B24084,2015-11-09,582.7568969726562,英鎊,霸菱香港中國基金-A類 英鎊配息型,yfinance,股票型,中國/大中華
B24084,2015-11-10,573.2410278320312,英鎊,霸菱香港中國基金-A類 英鎊配息型,yfinance,股票型,中國/大中華
B24084,2015-11-11,569.7595825195312,英鎊,霸菱香港中國基金-A類 英鎊配息型,yfinance,股票型,中國/大中華
B24084,2015-11-12,577.94091796875,英鎊,霸菱香港中國基金-A類 英鎊配息型,yfinance,股票型,中國/大中華
B24084,2015-11-13,567.3031616210938,英鎊,霸菱香港中國基金-A類 英鎊配息型,yfinance,股票型,中國/大中華
B24084,2015-11-16,559.3828735351562,英鎊,霸菱香港中國基金-A類 英鎊配息型,yfinance,股票型,中國/大中華
B24084,2015-11-17,564.7694091796875,英鎊,霸菱香港中國基金-A類 英鎊配息型,yfinance,股票型,中國/大中華
B24084,2015-11-18,562.545166015625,英鎊,霸菱香港中國基金-A類 英鎊配息型,yfinance,股票型,中國/大中華
B24084,2015-11-19,568.2025146484375,英鎊,霸菱香港中國基金-A類 英鎊配息型,yfinance,股票型,中國/大中華
B24084,2015-11-20,574.9817504882812,英鎊,霸菱香港中國基金-A類 英鎊配息型,yfinance,股票型,中國/大中華
B24084,2015-11-23,579.4495849609375,英鎊,霸菱香港中國基金-A類 英鎊配息型,yfinance,股票型,中國/大中華
B24084,2015-11-24,577.2639770507812,英鎊,霸菱香港中國基金-A類 英鎊配息型,yfinance,股票型,中國/大中華
B24084,2015-11-25,577.1575927734375,英鎊,霸菱香港中國基金-A類 英鎊配息型,yfinance,股票型,中國/大中華
B24084,2015-11-26,574.7012939453125,英鎊,霸菱香港中國基金-A類 英鎊配息型,yfinance,股票型,中國/大中華
B24084,2015-11-27,563.5411987304688,英鎊,霸菱香港中國基金-A類 英鎊配息型,yfinance,股票型,中國/大中華
B24084,2015-11-30,564.20849609375,英鎊,霸菱香港中國基金-A類 英鎊配息型,yfinance,股票型,中國/大中華
B24084,2015-12-01,572.5930786132812,英鎊,霸菱香港中國基金-A類 英鎊配息型,yfinance,股票型,中國/大中華
B24084,2015-12-02,580.0782470703125,英鎊,霸菱香港中國基金-A類 英鎊配息型,yfinance,股票型,中國/大中華
B24084,2015-12-03,582.3990478515625,英鎊,霸菱香港中國基金-A類 英鎊配息型,yfinance,股票型,中國/大中華
B24084,2015-12-04,569.5275268554688,英鎊,霸菱香港中國基金-A類 英鎊配息型,yfinance,股票型,中國/大中華
B24084,2015-12-07,570.862060546875,英鎊,霸菱香港中國基金-A類 英鎊配息型,yfinance,股票型,中國/大中華
B24084,2015-12-08,566.6552734375,英鎊,霸菱香港中國基金-A類 英鎊配息型,yfinance,股票型,中國/大中華
B24084,2015-12-09,561.104248046875,英鎊,霸菱香港中國基金-A類 英鎊配息型,yfinance,股票型,中國/大中華
B24084,2015-12-10,553.938232421875,英鎊,霸菱香港中國基金-A類 英鎊配息型,yfinance,股票型,中國/大中華
B24084,2015-12-11,546.21142578125,英鎊,霸菱香港中國基金-A類 英鎊配息型,yfinance,股票型,中國/大中華
B24084,2015-12-14,546.4532470703125,英鎊,霸菱香港中國基金-A類 英鎊配息型,yfinance,股票型,中國/大中華
B24084,2015-12-15,546.723876953125,英鎊,霸菱香港中國基金-A類 英鎊配息型,yfinance,股票型,中國/大中華
B24084,2015-12-16,559.566650390625,英鎊,霸菱香港中國基金-A類 英鎊配息型,yfinance,股票型,中國/大中華
B24084,2015-12-17,568.2508544921875,英鎊,霸菱香港中國基金-A類 英鎊配息型,yfinance,股票型,中國/大中華
B24084,2015-12-18,564.5858154296875,英鎊,霸菱香港中國基金-A類 英鎊配息型,yfinance,股票型,中國/大中華
B24084,2015-12-21,567.2838134765625,英鎊,霸菱香港中國基金-A類 英鎊配息型,yfinance,股票型,中國/大中華
B24084,2015-12-22,570.900634765625,英鎊,霸菱香港中國基金-A類 英鎊配息型,yfinance,股票型,中國/大中華
B24084,2015-12-23,575.06884765625,英鎊,霸菱香港中國基金-A類 英鎊配息型,yfinance,股票型,中國/大中華
B24084,2015-12-24,574.4884643554688,英鎊,霸菱香港中國基金-A類 英鎊配息型,yfinance,股票型,中國/大中華
B24084,2015-12-30,571.606689453125,英鎊,霸菱香港中國基金-A類 英鎊配息型,yfinance,股票型,中國/大中華
B24084,2015-12-31,573.4344482421875,英鎊,霸菱香港中國基金-A類 英鎊配息型,yfinance,股票型,中國/大中華
B23209,2015-01-02,4.349999904632568,英鎊,施羅德環球基金系列－英國股票(英鎊)A-累積,yfinance,股票型,英國
B23209,2015-01-05,4.309999942779541,英鎊,施羅德環球基金系列－英國股票(英鎊)A-累積,yfinance,股票型,英國
B23209,2015-01-06,4.260000228881836,英鎊,施羅德環球基金系列－英國股票(英鎊)A-累積,yfinance,股票型,英國
B23209,2015-01-07,4.269999980926514,英鎊,施羅德環球基金系列－英國股票(英鎊)A-累積,yfinance,股票型,英國
B23209,2015-01-08,4.320000171661377,英鎊,施羅德環球基金系列－英國股票(英鎊)A-累積,yfinance,股票型,英國
B23209,2015-01-09,4.349999904632568,英鎊,施羅德環球基金系列－英國股票(英鎊)A-累積,yfinance,股票型,英國
B23209,2015-01-12,4.320000171661377,英鎊,施羅德環球基金系列－英國股票(英鎊)A-累積,yfinance,股票型,英國
B23209,2015-01-13,4.349999904632568,英鎊,施羅德環球基金系列－英國股票(英鎊)A-累積,yfinance,股票型,英國
B23209,2015-01-14,4.269999980926514,英鎊,施羅德環球基金系列－英國股票(英鎊)A-累積,yfinance,股票型,英國
B23209,2015-01-15,4.309999942779541,英鎊,施羅德環球基金系列－英國股票(英鎊)A-累積,yfinance,股票型,英國
B23209,2015-01-16,4.329999923706055,英鎊,施羅德環球基金系列－英國股票(英鎊)A-累積,yfinance,股票型,英國
B23209,2015-01-19,4.380000114440918,英鎊,施羅德環球基金系列－英國股票(英鎊)A-累積,yfinance,股票型,英國
B23209,2015-01-20,4.420000076293945,英鎊,施羅德環球基金系列－英國股票(英鎊)A-累積,yfinance,股票型,英國
B23209,2015-01-21,4.429999828338623,英鎊,施羅德環球基金系列－英國股票(英鎊)A-累積,yfinance,股票型,英國
B23209,2015-01-22,4.489999771118164,英鎊,施羅德環球基金系列－英國股票(英鎊)A-累積,yfinance,股票型,英國
B23209,2015-01-23,4.53000020980835,英鎊,施羅德環球基金系列－英國股票(英鎊)A-累積,yfinance,股票型,英國
B23209,2015-01-26,4.539999961853027,英鎊,施羅德環球基金系列－英國股票(英鎊)A-累積,yfinance,股票型,英國
B23209,2015-01-27,4.510000228881836,英鎊,施羅德環球基金系列－英國股票(英鎊)A-累積,yfinance,股票型,英國
B23209,2015-01-28,4.510000228881836,英鎊,施羅德環球基金系列－英國股票(英鎊)A-累積,yfinance,股票型,英國
B23209,2015-01-29,4.489999771118164,英鎊,施羅德環球基金系列－英國股票(英鎊)A-累積,yfinance,股票型,英國
B23209,2015-01-30,4.489999771118164,英鎊,施羅德環球基金系列－英國股票(英鎊)A-累積,yfinance,股票型,英國
B23209,2015-02-02,4.480000019073486,英鎊,施羅德環球基金系列－英國股票(英鎊)A-累積,yfinance,股票型,英國
B23209,2015-02-03,4.539999961853027,英鎊,施羅德環球基金系列－英國股票(英鎊)A-累積,yfinance,股票型,英國
B23209,2015-02-04,4.519999980926514,英鎊,施羅德環球基金系列－英國股票(英鎊)A-累積,yfinance,股票型,英國
B23209,2015-02-05,4.539999961853027,英鎊,施羅德環球基金系列－英國股票(英鎊)A-累積,yfinance,股票型,英國
B23209,2015-02-06,4.550000190734863,英鎊,施羅德環球基金系列－英國股票(英鎊)A-累積,yfinance,股票型,英國
B23209,2015-02-09,4.510000228881836,英鎊,施羅德環球基金系列－英國股票(英鎊)A-累積,yfinance,股票型,英國
B23209,2015-02-10,4.539999961853027,英鎊,施羅德環球基金系列－英國股票(英鎊)A-累積,yfinance,股票型,英國
B23209,2015-02-11,4.519999980926514,英鎊,施羅德環球基金系列－英國股票(英鎊)A-累積,yfinance,股票型,英國
B23209,2015-02-12,4.559999942779541,英鎊,施羅德環球基金系列－英國股票(英鎊)A-累積,yfinance,股票型,英國
B23209,2015-02-13,4.590000152587891,英鎊,施羅德環球基金系列－英國股票(英鎊)A-累積,yfinance,股票型,英國
B23209,2015-02-16,4.559999942779541,英鎊,施羅德環球基金系列－英國股票(英鎊)A-累積,yfinance,股票型,英國
B23209,2015-02-17,4.570000171661377,英鎊,施羅德環球基金系列－英國股票(英鎊)A-累積,yfinance,股票型,英國
B23209,2015-02-18,4.599999904632568,英鎊,施羅德環球基金系列－英國股票(英鎊)A-累積,yfinance,股票型,英國
B23209,2015-02-19,4.610000133514404,英鎊,施羅德環球基金系列－英國股票(英鎊)A-累積,yfinance,股票型,英國
B23209,2015-02-20,4.610000133514404,英鎊,施羅德環球基金系列－英國股票(英鎊)A-累積,yfinance,股票型,英國
B23209,2015-02-23,4.619999885559082,英鎊,施羅德環球基金系列－英國股票(英鎊)A-累積,yfinance,股票型,英國
B23209,2015-02-24,4.630000114440918,英鎊,施羅德環球基金系列－英國股票(英鎊)A-累積,yfinance,股票型,英國
B23209,2015-02-25,4.619999885559082,英鎊,施羅德環球基金系列－英國股票(英鎊)A-累積,yfinance,股票型,英國
B23209,2015-02-26,4.610000133514404,英鎊,施羅德環球基金系列－英國股票(英鎊)A-累積,yfinance,股票型,英國
B23209,2015-02-27,4.610000133514404,英鎊,施羅德環球基金系列－英國股票(英鎊)A-累積,yfinance,股票型,英國
B23209,2015-03-02,4.619999885559082,英鎊,施羅德環球基金系列－英國股票(英鎊)A-累積,yfinance,股票型,英國
B23209,2015-03-03,4.610000133514404,英鎊,施羅德環球基金系列－英國股票(英鎊)A-累積,yfinance,股票型,英國
B23209,2015-03-04,4.579999923706055,英鎊,施羅德環球基金系列－英國股票(英鎊)A-累積,yfinance,股票型,英國
B23209,2015-03-05,4.639999866485596,英鎊,施羅德環球基金系列－英國股票(英鎊)A-累積,yfinance,股票型,英國
B23209,2015-03-06,4.650000095367432,英鎊,施羅德環球基金系列－英國股票(英鎊)A-累積,yfinance,股票型,英國
B23209,2015-03-09,4.610000133514404,英鎊,施羅德環球基金系列－英國股票(英鎊)A-累積,yfinance,股票型,英國
B23209,2015-03-10,4.559999942779541,英鎊,施羅德環球基金系列－英國股票(英鎊)A-累積,yfinance,股票型,英國
B23209,2015-03-11,4.519999980926514,英鎊,施羅德環球基金系列－英國股票(英鎊)A-累積,yfinance,股票型,英國
B23209,2015-03-12,4.570000171661377,英鎊,施羅德環球基金系列－英國股票(英鎊)A-累積,yfinance,股票型,英國
B23209,2015-03-13,4.559999942779541,英鎊,施羅德環球基金系列－英國股票(英鎊)A-累積,yfinance,股票型,英國
B23209,2015-03-16,4.579999923706055,英鎊,施羅德環球基金系列－英國股票(英鎊)A-累積,yfinance,股票型,英國
B23209,2015-03-17,4.579999923706055,英鎊,施羅德環球基金系列－英國股票(英鎊)A-累積,yfinance,股票型,英國
B23209,2015-03-18,4.630000114440918,英鎊,施羅德環球基金系列－英國股票(英鎊)A-累積,yfinance,股票型,英國
B23209,2015-03-19,4.670000076293945,英鎊,施羅德環球基金系列－英國股票(英鎊)A-累積,yfinance,股票型,英國
B23209,2015-03-20,4.670000076293945,英鎊,施羅德環球基金系列－英國股票(英鎊)A-累積,yfinance,股票型,英國
B23209,2015-03-23,4.679999828338623,英鎊,施羅德環球基金系列－英國股票(英鎊)A-累積,yfinance,股票型,英國
B23209,2015-03-24,4.690000057220459,英鎊,施羅德環球基金系列－英國股票(英鎊)A-累積,yfinance,股票型,英國
B23209,2015-03-25,4.670000076293945,英鎊,施羅德環球基金系列－英國股票(英鎊)A-累積,yfinance,股票型,英國
B23209,2015-03-26,4.630000114440918,英鎊,施羅德環球基金系列－英國股票(英鎊)A-累積,yfinance,股票型,英國
B23209,2015-03-27,4.599999904632568,英鎊,施羅德環球基金系列－英國股票(英鎊)A-累積,yfinance,股票型,英國
B23209,2015-03-30,4.590000152587891,英鎊,施羅德環球基金系列－英國股票(英鎊)A-累積,yfinance,股票型,英國
B23209,2015-03-31,4.559999942779541,英鎊,施羅德環球基金系列－英國股票(英鎊)A-累積,yfinance,股票型,英國
B23209,2015-04-01,4.579999923706055,英鎊,施羅德環球基金系列－英國股票(英鎊)A-累積,yfinance,股票型,英國
B23209,2015-04-02,4.590000152587891,英鎊,施羅德環球基金系列－英國股票(英鎊)A-累積,yfinance,股票型,英國
B23209,2015-04-07,4.650000095367432,英鎊,施羅德環球基金系列－英國股票(英鎊)A-累積,yfinance,股票型,英國
B23209,2015-04-08,4.710000038146973,英鎊,施羅德環球基金系列－英國股票(英鎊)A-累積,yfinance,股票型,英國
B23209,2015-04-09,4.71999979019165,英鎊,施羅德環球基金系列－英國股票(英鎊)A-累積,yfinance,股票型,英國
B23209,2015-04-10,4.760000228881836,英鎊,施羅德環球基金系列－英國股票(英鎊)A-累積,yfinance,股票型,英國
B23209,2015-04-13,4.760000228881836,英鎊,施羅德環球基金系列－英國股票(英鎊)A-累積,yfinance,股票型,英國
B23209,2015-04-14,4.78000020980835,英鎊,施羅德環球基金系列－英國股票(英鎊)A-累積,yfinance,股票型,英國
B23209,2015-04-15,4.78000020980835,英鎊,施羅德環球基金系列－英國股票(英鎊)A-累積,yfinance,股票型,英國
B23209,2015-04-16,4.739999771118164,英鎊,施羅德環球基金系列－英國股票(英鎊)A-累積,yfinance,股票型,英國
B23209,2015-04-17,4.699999809265137,英鎊,施羅德環球基金系列－英國股票(英鎊)A-累積,yfinance,股票型,英國
B23209,2015-04-20,4.710000038146973,英鎊,施羅德環球基金系列－英國股票(英鎊)A-累積,yfinance,股票型,英國
B23209,2015-04-21,4.739999771118164,英鎊,施羅德環球基金系列－英國股票(英鎊)A-累積,yfinance,股票型,英國
B23209,2015-04-22,4.710000038146973,英鎊,施羅德環球基金系列－英國股票(英鎊)A-累積,yfinance,股票型,英國
B23209,2015-04-23,4.710000038146973,英鎊,施羅德環球基金系列－英國股票(英鎊)A-累積,yfinance,股票型,英國
B23209,2015-04-24,4.730000019073486,英鎊,施羅德環球基金系列－英國股票(英鎊)A-累積,yfinance,股票型,英國
B23209,2015-04-27,4.75,英鎊,施羅德環球基金系列－英國股票(英鎊)A-累積,yfinance,股票型,英國
B23209,2015-04-28,4.699999809265137,英鎊,施羅德環球基金系列－英國股票(英鎊)A-累積,yfinance,股票型,英國
B23209,2015-04-29,4.670000076293945,英鎊,施羅德環球基金系列－英國股票(英鎊)A-累積,yfinance,股票型,英國
B23209,2015-04-30,4.659999847412109,英鎊,施羅德環球基金系列－英國股票(英鎊)A-累積,yfinance,股票型,英國
B23209,2015-05-01,4.659999847412109,英鎊,施羅德環球基金系列－英國股票(英鎊)A-累積,yfinance,股票型,英國
B23209,2015-05-05,4.679999828338623,英鎊,施羅德環球基金系列－英國股票(英鎊)A-累積,yfinance,股票型,英國
B23209,2015-05-06,4.659999847412109,英鎊,施羅德環球基金系列－英國股票(英鎊)A-累積,yfinance,股票型,英國
B23209,2015-05-07,4.639999866485596,英鎊,施羅德環球基金系列－英國股票(英鎊)A-累積,yfinance,股票型,英國
B23209,2015-05-08,4.760000228881836,英鎊,施羅德環球基金系列－英國股票(英鎊)A-累積,yfinance,股票型,英國
B23209,2015-05-11,4.78000020980835,英鎊,施羅德環球基金系列－英國股票(英鎊)A-累積,yfinance,股票型,英國
B23209,2015-05-12,4.699999809265137,英鎊,施羅德環球基金系列－英國股票(英鎊)A-累積,yfinance,股票型,英國
B23209,2015-05-13,4.71999979019165,英鎊,施羅德環球基金系列－英國股票(英鎊)A-累積,yfinance,股票型,英國
B23209,2015-05-14,4.739999771118164,英鎊,施羅德環球基金系列－英國股票(英鎊)A-累積,yfinance,股票型,英國
B23209,2015-05-15,4.789999961853027,英鎊,施羅德環球基金系列－英國股票(英鎊)A-累積,yfinance,股票型,英國
B23209,2015-05-18,4.739999771118164,英鎊,施羅德環球基金系列－英國股票(英鎊)A-累積,yfinance,股票型,英國
B23209,2015-05-19,4.769999980926514,英鎊,施羅德環球基金系列－英國股票(英鎊)A-累積,yfinance,股票型,英國
B23209,2015-05-20,4.760000228881836,英鎊,施羅德環球基金系列－英國股票(英鎊)A-累積,yfinance,股票型,英國
B23209,2015-05-21,4.789999961853027,英鎊,施羅德環球基金系列－英國股票(英鎊)A-累積,yfinance,股票型,英國
B23209,2015-05-22,4.820000171661377,英鎊,施羅德環球基金系列－英國股票(英鎊)A-累積,yfinance,股票型,英國
B23209,2015-05-26,4.820000171661377,英鎊,施羅德環球基金系列－英國股票(英鎊)A-累積,yfinance,股票型,英國
B23209,2015-05-27,4.789999961853027,英鎊,施羅德環球基金系列－英國股票(英鎊)A-累積,yfinance,股票型,英國
B23209,2015-05-28,4.809999942779541,英鎊,施羅德環球基金系列－英國股票(英鎊)A-累積,yfinance,股票型,英國
B23209,2015-05-29,4.809999942779541,英鎊,施羅德環球基金系列－英國股票(英鎊)A-累積,yfinance,股票型,英國
B23209,2015-06-01,4.769999980926514,英鎊,施羅德環球基金系列－英國股票(英鎊)A-累積,yfinance,股票型,英國
B23209,2015-06-02,4.769999980926514,英鎊,施羅德環球基金系列－英國股票(英鎊)A-累積,yfinance,股票型,英國
B23209,2015-06-03,4.78000020980835,英鎊,施羅德環球基金系列－英國股票(英鎊)A-累積,yfinance,股票型,英國
B23209,2015-06-04,4.75,英鎊,施羅德環球基金系列－英國股票(英鎊)A-累積,yfinance,股票型,英國
B23209,2015-06-05,4.690000057220459,英鎊,施羅德環球基金系列－英國股票(英鎊)A-累積,yfinance,股票型,英國
B23209,2015-06-08,4.690000057220459,英鎊,施羅德環球基金系列－英國股票(英鎊)A-累積,yfinance,股票型,英國
B23209,2015-06-09,4.659999847412109,英鎊,施羅德環球基金系列－英國股票(英鎊)A-累積,yfinance,股票型,英國
B23209,2015-06-10,4.679999828338623,英鎊,施羅德環球基金系列－英國股票(英鎊)A-累積,yfinance,股票型,英國
B23209,2015-06-11,4.739999771118164,英鎊,施羅德環球基金系列－英國股票(英鎊)A-累積,yfinance,股票型,英國
B23209,2015-06-12,4.71999979019165,英鎊,施羅德環球基金系列－英國股票(英鎊)A-累積,yfinance,股票型,英國
B23209,2015-06-15,4.639999866485596,英鎊,施羅德環球基金系列－英國股票(英鎊)A-累積,yfinance,股票型,英國
B23209,2015-06-16,4.610000133514404,英鎊,施羅德環球基金系列－英國股票(英鎊)A-累積,yfinance,股票型,英國
B23209,2015-06-17,4.639999866485596,英鎊,施羅德環球基金系列－英國股票(英鎊)A-累積,yfinance,股票型,英國
B23209,2015-06-18,4.579999923706055,英鎊,施羅德環球基金系列－英國股票(英鎊)A-累積,yfinance,股票型,英國
B23209,2015-06-19,4.619999885559082,英鎊,施羅德環球基金系列－英國股票(英鎊)A-累積,yfinance,股票型,英國
B23209,2015-06-22,4.659999847412109,英鎊,施羅德環球基金系列－英國股票(英鎊)A-累積,yfinance,股票型,英國
B23209,2015-06-23,4.699999809265137,英鎊,施羅德環球基金系列－英國股票(英鎊)A-累積,yfinance,股票型,英國
B23209,2015-06-24,4.71999979019165,英鎊,施羅德環球基金系列－英國股票(英鎊)A-累積,yfinance,股票型,英國
B23209,2015-06-25,4.730000019073486,英鎊,施羅德環球基金系列－英國股票(英鎊)A-累積,yfinance,股票型,英國
B23209,2015-06-26,4.659999847412109,英鎊,施羅德環球基金系列－英國股票(英鎊)A-累積,yfinance,股票型,英國
B23209,2015-06-29,4.599999904632568,英鎊,施羅德環球基金系列－英國股票(英鎊)A-累積,yfinance,股票型,英國
B23209,2015-06-30,4.550000190734863,英鎊,施羅德環球基金系列－英國股票(英鎊)A-累積,yfinance,股票型,英國
B23209,2015-07-01,4.570000171661377,英鎊,施羅德環球基金系列－英國股票(英鎊)A-累積,yfinance,股票型,英國
B23209,2015-07-02,4.579999923706055,英鎊,施羅德環球基金系列－英國股票(英鎊)A-累積,yfinance,股票型,英國
B23209,2015-07-03,4.559999942779541,英鎊,施羅德環球基金系列－英國股票(英鎊)A-累積,yfinance,股票型,英國
B23209,2015-07-06,4.519999980926514,英鎊,施羅德環球基金系列－英國股票(英鎊)A-累積,yfinance,股票型,英國
B23209,2015-07-07,4.5,英鎊,施羅德環球基金系列－英國股票(英鎊)A-累積,yfinance,股票型,英國
B23209,2015-07-08,4.489999771118164,英鎊,施羅德環球基金系列－英國股票(英鎊)A-累積,yfinance,股票型,英國
B23209,2015-07-09,4.53000020980835,英鎊,施羅德環球基金系列－英國股票(英鎊)A-累積,yfinance,股票型,英國
B23209,2015-07-10,4.579999923706055,英鎊,施羅德環球基金系列－英國股票(英鎊)A-累積,yfinance,股票型,英國
B23209,2015-07-13,4.630000114440918,英鎊,施羅德環球基金系列－英國股票(英鎊)A-累積,yfinance,股票型,英國
B23209,2015-07-14,4.630000114440918,英鎊,施羅德環球基金系列－英國股票(英鎊)A-累積,yfinance,股票型,英國
B23209,2015-07-15,4.639999866485596,英鎊,施羅德環球基金系列－英國股票(英鎊)A-累積,yfinance,股票型,英國
B23209,2015-07-16,4.670000076293945,英鎊,施羅德環球基金系列－英國股票(英鎊)A-累積,yfinance,股票型,英國
B23209,2015-07-17,4.659999847412109,英鎊,施羅德環球基金系列－英國股票(英鎊)A-累積,yfinance,股票型,英國
B23209,2015-07-20,4.659999847412109,英鎊,施羅德環球基金系列－英國股票(英鎊)A-累積,yfinance,股票型,英國
B23209,2015-07-21,4.659999847412109,英鎊,施羅德環球基金系列－英國股票(英鎊)A-累積,yfinance,股票型,英國
B23209,2015-07-22,4.599999904632568,英鎊,施羅德環球基金系列－英國股票(英鎊)A-累積,yfinance,股票型,英國
B23209,2015-07-23,4.599999904632568,英鎊,施羅德環球基金系列－英國股票(英鎊)A-累積,yfinance,股票型,英國
B23209,2015-07-24,4.590000152587891,英鎊,施羅德環球基金系列－英國股票(英鎊)A-累積,yfinance,股票型,英國
B23209,2015-07-27,4.510000228881836,英鎊,施羅德環球基金系列－英國股票(英鎊)A-累積,yfinance,股票型,英國
B23209,2015-07-28,4.53000020980835,英鎊,施羅德環球基金系列－英國股票(英鎊)A-累積,yfinance,股票型,英國
B23209,2015-07-29,4.550000190734863,英鎊,施羅德環球基金系列－英國股票(英鎊)A-累積,yfinance,股票型,英國
B23209,2015-07-30,4.590000152587891,英鎊,施羅德環球基金系列－英國股票(英鎊)A-累積,yfinance,股票型,英國
B23209,2015-07-31,4.590000152587891,英鎊,施羅德環球基金系列－英國股票(英鎊)A-累積,yfinance,股票型,英國
B23209,2015-08-03,4.610000133514404,英鎊,施羅德環球基金系列－英國股票(英鎊)A-累積,yfinance,股票型,英國
B23209,2015-08-04,4.610000133514404,英鎊,施羅德環球基金系列－英國股票(英鎊)A-累積,yfinance,股票型,英國
B23209,2015-08-05,4.639999866485596,英鎊,施羅德環球基金系列－英國股票(英鎊)A-累積,yfinance,股票型,英國
B23209,2015-08-06,4.650000095367432,英鎊,施羅德環球基金系列－英國股票(英鎊)A-累積,yfinance,股票型,英國
B23209,2015-08-07,4.639999866485596,英鎊,施羅德環球基金系列－英國股票(英鎊)A-累積,yfinance,股票型,英國
B23209,2015-08-10,4.610000133514404,英鎊,施羅德環球基金系列－英國股票(英鎊)A-累積,yfinance,股票型,英國
B23209,2015-08-11,4.599999904632568,英鎊,施羅德環球基金系列－英國股票(英鎊)A-累積,yfinance,股票型,英國
B23209,2015-08-12,4.550000190734863,英鎊,施羅德環球基金系列－英國股票(英鎊)A-累積,yfinance,股票型,英國
B23209,2015-08-13,4.570000171661377,英鎊,施羅德環球基金系列－英國股票(英鎊)A-累積,yfinance,股票型,英國
B23209,2015-08-14,4.550000190734863,英鎊,施羅德環球基金系列－英國股票(英鎊)A-累積,yfinance,股票型,英國
B23209,2015-08-17,4.539999961853027,英鎊,施羅德環球基金系列－英國股票(英鎊)A-累積,yfinance,股票型,英國
B23209,2015-08-18,4.550000190734863,英鎊,施羅德環球基金系列－英國股票(英鎊)A-累積,yfinance,股票型,英國
B23209,2015-08-19,4.510000228881836,英鎊,施羅德環球基金系列－英國股票(英鎊)A-累積,yfinance,股票型,英國
B23209,2015-08-20,4.460000038146973,英鎊,施羅德環球基金系列－英國股票(英鎊)A-累積,yfinance,股票型,英國
B23209,2015-08-21,4.380000114440918,英鎊,施羅德環球基金系列－英國股票(英鎊)A-累積,yfinance,股票型,英國
B23209,2015-08-24,4.159999847412109,英鎊,施羅德環球基金系列－英國股票(英鎊)A-累積,yfinance,股票型,英國
B23209,2015-08-25,4.269999980926514,英鎊,施羅德環球基金系列－英國股票(英鎊)A-累積,yfinance,股票型,英國
B23209,2015-08-26,4.289999961853027,英鎊,施羅德環球基金系列－英國股票(英鎊)A-累積,yfinance,股票型,英國
B23209,2015-08-27,4.329999923706055,英鎊,施羅德環球基金系列－英國股票(英鎊)A-累積,yfinance,股票型,英國
B23209,2015-08-28,4.340000152587891,英鎊,施羅德環球基金系列－英國股票(英鎊)A-累積,yfinance,股票型,英國
B23209,2015-09-01,4.269999980926514,英鎊,施羅德環球基金系列－英國股票(英鎊)A-累積,yfinance,股票型,英國
B23209,2015-09-02,4.309999942779541,英鎊,施羅德環球基金系列－英國股票(英鎊)A-累積,yfinance,股票型,英國
B23209,2015-09-03,4.360000133514404,英鎊,施羅德環球基金系列－英國股票(英鎊)A-累積,yfinance,股票型,英國
B23209,2015-09-04,4.289999961853027,英鎊,施羅德環球基金系列－英國股票(英鎊)A-累積,yfinance,股票型,英國
B23209,2015-09-07,4.289999961853027,英鎊,施羅德環球基金系列－英國股票(英鎊)A-累積,yfinance,股票型,英國
B23209,2015-09-08,4.349999904632568,英鎊,施羅德環球基金系列－英國股票(英鎊)A-累積,yfinance,股票型,英國
B23209,2015-09-09,4.400000095367432,英鎊,施羅德環球基金系列－英國股票(英鎊)A-累積,yfinance,股票型,英國
B23209,2015-09-10,4.329999923706055,英鎊,施羅德環球基金系列－英國股票(英鎊)A-累積,yfinance,股票型,英國
B23209,2015-09-11,4.309999942779541,英鎊,施羅德環球基金系列－英國股票(英鎊)A-累積,yfinance,股票型,英國
B23209,2015-09-14,4.300000190734863,英鎊,施羅德環球基金系列－英國股票(英鎊)A-累積,yfinance,股票型,英國
B23209,2015-09-15,4.289999961853027,英鎊,施羅德環球基金系列－英國股票(英鎊)A-累積,yfinance,股票型,英國
B23209,2015-09-16,4.349999904632568,英鎊,施羅德環球基金系列－英國股票(英鎊)A-累積,yfinance,股票型,英國
B23209,2015-09-17,4.349999904632568,英鎊,施羅德環球基金系列－英國股票(英鎊)A-累積,yfinance,股票型,英國
B23209,2015-09-18,4.260000228881836,英鎊,施羅德環球基金系列－英國股票(英鎊)A-累積,yfinance,股票型,英國
B23209,2015-09-21,4.300000190734863,英鎊,施羅德環球基金系列－英國股票(英鎊)A-累積,yfinance,股票型,英國
B23209,2015-09-22,4.190000057220459,英鎊,施羅德環球基金系列－英國股票(英鎊)A-累積,yfinance,股票型,英國
B23209,2015-09-23,4.239999771118164,英鎊,施羅德環球基金系列－英國股票(英鎊)A-累積,yfinance,股票型,英國
B23209,2015-09-24,4.199999809265137,英鎊,施羅德環球基金系列－英國股票(英鎊)A-累積,yfinance,股票型,英國
B23209,2015-09-25,4.289999961853027,英鎊,施羅德環球基金系列－英國股票(英鎊)A-累積,yfinance,股票型,英國
B23209,2015-09-28,4.230000019073486,英鎊,施羅德環球基金系列－英國股票(英鎊)A-累積,yfinance,股票型,英國
B23209,2015-09-29,4.179999828338623,英鎊,施羅德環球基金系列－英國股票(英鎊)A-累積,yfinance,股票型,英國
B23209,2015-09-30,4.21999979019165,英鎊,施羅德環球基金系列－英國股票(英鎊)A-累積,yfinance,股票型,英國
B23209,2015-10-01,4.269999980926514,英鎊,施羅德環球基金系列－英國股票(英鎊)A-累積,yfinance,股票型,英國
B23209,2015-10-02,4.260000228881836,英鎊,施羅德環球基金系列－英國股票(英鎊)A-累積,yfinance,股票型,英國
B23209,2015-10-05,4.360000133514404,英鎊,施羅德環球基金系列－英國股票(英鎊)A-累積,yfinance,股票型,英國
B23209,2015-10-06,4.380000114440918,英鎊,施羅德環球基金系列－英國股票(英鎊)A-累積,yfinance,股票型,英國
B23209,2015-10-07,4.389999866485596,英鎊,施羅德環球基金系列－英國股票(英鎊)A-累積,yfinance,股票型,英國
B23209,2015-10-08,4.380000114440918,英鎊,施羅德環球基金系列－英國股票(英鎊)A-累積,yfinance,股票型,英國
B23209,2015-10-09,4.429999828338623,英鎊,施羅德環球基金系列－英國股票(英鎊)A-累積,yfinance,股票型,英國
B23209,2015-10-12,4.389999866485596,英鎊,施羅德環球基金系列－英國股票(英鎊)A-累積,yfinance,股票型,英國
B23209,2015-10-13,4.349999904632568,英鎊,施羅德環球基金系列－英國股票(英鎊)A-累積,yfinance,股票型,英國
B23209,2015-10-14,4.320000171661377,英鎊,施羅德環球基金系列－英國股票(英鎊)A-累積,yfinance,股票型,英國
B23209,2015-10-15,4.349999904632568,英鎊,施羅德環球基金系列－英國股票(英鎊)A-累積,yfinance,股票型,英國
B23209,2015-10-16,4.360000133514404,英鎊,施羅德環球基金系列－英國股票(英鎊)A-累積,yfinance,股票型,英國
B23209,2015-10-19,4.340000152587891,英鎊,施羅德環球基金系列－英國股票(英鎊)A-累積,yfinance,股票型,英國
B23209,2015-10-20,4.349999904632568,英鎊,施羅德環球基金系列－英國股票(英鎊)A-累積,yfinance,股票型,英國
B23209,2015-10-21,4.360000133514404,英鎊,施羅德環球基金系列－英國股票(英鎊)A-累積,yfinance,股票型,英國
B23209,2015-10-22,4.340000152587891,英鎊,施羅德環球基金系列－英國股票(英鎊)A-累積,yfinance,股票型,英國
B23209,2015-10-23,4.409999847412109,英鎊,施羅德環球基金系列－英國股票(英鎊)A-累積,yfinance,股票型,英國
B23209,2015-10-26,4.400000095367432,英鎊,施羅德環球基金系列－英國股票(英鎊)A-累積,yfinance,股票型,英國
B23209,2015-10-27,4.349999904632568,英鎊,施羅德環球基金系列－英國股票(英鎊)A-累積,yfinance,股票型,英國
B23209,2015-10-28,4.369999885559082,英鎊,施羅德環球基金系列－英國股票(英鎊)A-累積,yfinance,股票型,英國
B23209,2015-10-29,4.360000133514404,英鎊,施羅德環球基金系列－英國股票(英鎊)A-累積,yfinance,股票型,英國
B23209,2015-10-30,4.349999904632568,英鎊,施羅德環球基金系列－英國股票(英鎊)A-累積,yfinance,股票型,英國
B23209,2015-11-02,4.349999904632568,英鎊,施羅德環球基金系列－英國股票(英鎊)A-累積,yfinance,股票型,英國
B23209,2015-11-03,4.360000133514404,英鎊,施羅德環球基金系列－英國股票(英鎊)A-累積,yfinance,股票型,英國
B23209,2015-11-04,4.409999847412109,英鎊,施羅德環球基金系列－英國股票(英鎊)A-累積,yfinance,股票型,英國
B23209,2015-11-05,4.389999866485596,英鎊,施羅德環球基金系列－英國股票(英鎊)A-累積,yfinance,股票型,英國
B23209,2015-11-06,4.389999866485596,英鎊,施羅德環球基金系列－英國股票(英鎊)A-累積,yfinance,股票型,英國
B23209,2015-11-09,4.380000114440918,英鎊,施羅德環球基金系列－英國股票(英鎊)A-累積,yfinance,股票型,英國
B23209,2015-11-10,4.329999923706055,英鎊,施羅德環球基金系列－英國股票(英鎊)A-累積,yfinance,股票型,英國
B23209,2015-11-11,4.369999885559082,英鎊,施羅德環球基金系列－英國股票(英鎊)A-累積,yfinance,股票型,英國
B23209,2015-11-12,4.320000171661377,英鎊,施羅德環球基金系列－英國股票(英鎊)A-累積,yfinance,股票型,英國
B23209,2015-11-13,4.260000228881836,英鎊,施羅德環球基金系列－英國股票(英鎊)A-累積,yfinance,股票型,英國
B23209,2015-11-16,4.28000020980835,英鎊,施羅德環球基金系列－英國股票(英鎊)A-累積,yfinance,股票型,英國
B23209,2015-11-17,4.369999885559082,英鎊,施羅德環球基金系列－英國股票(英鎊)A-累積,yfinance,股票型,英國
B23209,2015-11-18,4.380000114440918,英鎊,施羅德環球基金系列－英國股票(英鎊)A-累積,yfinance,股票型,英國
B23209,2015-11-19,4.420000076293945,英鎊,施羅德環球基金系列－英國股票(英鎊)A-累積,yfinance,股票型,英國
B23209,2015-11-20,4.420000076293945,英鎊,施羅德環球基金系列－英國股票(英鎊)A-累積,yfinance,股票型,英國
B23209,2015-11-23,4.389999866485596,英鎊,施羅德環球基金系列－英國股票(英鎊)A-累積,yfinance,股票型,英國
B23209,2015-11-24,4.340000152587891,英鎊,施羅德環球基金系列－英國股票(英鎊)A-累積,yfinance,股票型,英國
B23209,2015-11-25,4.400000095367432,英鎊,施羅德環球基金系列－英國股票(英鎊)A-累積,yfinance,股票型,英國
B23209,2015-11-26,4.440000057220459,英鎊,施羅德環球基金系列－英國股票(英鎊)A-累積,yfinance,股票型,英國
B23209,2015-11-27,4.440000057220459,英鎊,施羅德環球基金系列－英國股票(英鎊)A-累積,yfinance,股票型,英國
B23209,2015-11-30,4.460000038146973,英鎊,施羅德環球基金系列－英國股票(英鎊)A-累積,yfinance,股票型,英國
B23209,2015-12-01,4.480000019073486,英鎊,施羅德環球基金系列－英國股票(英鎊)A-累積,yfinance,股票型,英國
B23209,2015-12-02,4.489999771118164,英鎊,施羅德環球基金系列－英國股票(英鎊)A-累積,yfinance,股票型,英國
B23209,2015-12-03,4.46999979019165,英鎊,施羅德環球基金系列－英國股票(英鎊)A-累積,yfinance,股票型,英國
B23209,2015-12-04,4.409999847412109,英鎊,施羅德環球基金系列－英國股票(英鎊)A-累積,yfinance,股票型,英國
B23209,2015-12-07,4.409999847412109,英鎊,施羅德環球基金系列－英國股票(英鎊)A-累積,yfinance,股票型,英國
B23209,2015-12-08,4.340000152587891,英鎊,施羅德環球基金系列－英國股票(英鎊)A-累積,yfinance,股票型,英國
B23209,2015-12-09,4.320000171661377,英鎊,施羅德環球基金系列－英國股票(英鎊)A-累積,yfinance,股票型,英國
B23209,2015-12-10,4.320000171661377,英鎊,施羅德環球基金系列－英國股票(英鎊)A-累積,yfinance,股票型,英國
B23209,2015-12-11,4.28000020980835,英鎊,施羅德環球基金系列－英國股票(英鎊)A-累積,yfinance,股票型,英國
B23209,2015-12-14,4.260000228881836,英鎊,施羅德環球基金系列－英國股票(英鎊)A-累積,yfinance,股票型,英國
B23209,2015-12-15,4.28000020980835,英鎊,施羅德環球基金系列－英國股票(英鎊)A-累積,yfinance,股票型,英國
B23209,2015-12-16,4.320000171661377,英鎊,施羅德環球基金系列－英國股票(英鎊)A-累積,yfinance,股票型,英國
B23209,2015-12-17,4.349999904632568,英鎊,施羅德環球基金系列－英國股票(英鎊)A-累積,yfinance,股票型,英國
B23209,2015-12-18,4.320000171661377,英鎊,施羅德環球基金系列－英國股票(英鎊)A-累積,yfinance,股票型,英國
B23209,2015-12-21,4.349999904632568,英鎊,施羅德環球基金系列－英國股票(英鎊)A-累積,yfinance,股票型,英國
B23209,2015-12-22,4.340000152587891,英鎊,施羅德環球基金系列－英國股票(英鎊)A-累積,yfinance,股票型,英國
B23209,2015-12-23,4.409999847412109,英鎊,施羅德環球基金系列－英國股票(英鎊)A-累積,yfinance,股票型,英國
B23209,2015-12-29,4.46999979019165,英鎊,施羅德環球基金系列－英國股票(英鎊)A-累積,yfinance,股票型,英國
B23209,2015-12-30,4.460000038146973,英鎊,施羅德環球基金系列－英國股票(英鎊)A-累積,yfinance,股票型,英國
B23209,2015-12-31,4.440000057220459,英鎊,施羅德環球基金系列－英國股票(英鎊)A-累積,yfinance,股票型,英國
B23399,2015-01-02,5.059999942779541,英鎊,施羅德環球基金系列－英國股票(英鎊)C-累積,yfinance,股票型,英國
B23399,2015-01-05,5.010000228881836,英鎊,施羅德環球基金系列－英國股票(英鎊)C-累積,yfinance,股票型,英國
B23399,2015-01-06,4.960000038146973,英鎊,施羅德環球基金系列－英國股票(英鎊)C-累積,yfinance,股票型,英國
B23399,2015-01-07,4.96999979019165,英鎊,施羅德環球基金系列－英國股票(英鎊)C-累積,yfinance,股票型,英國
B23399,2015-01-08,5.03000020980835,英鎊,施羅德環球基金系列－英國股票(英鎊)C-累積,yfinance,股票型,英國
B23399,2015-01-09,5.050000190734863,英鎊,施羅德環球基金系列－英國股票(英鎊)C-累積,yfinance,股票型,英國
B23399,2015-01-12,5.019999980926514,英鎊,施羅德環球基金系列－英國股票(英鎊)C-累積,yfinance,股票型,英國
B23399,2015-01-13,5.050000190734863,英鎊,施羅德環球基金系列－英國股票(英鎊)C-累積,yfinance,股票型,英國
B23399,2015-01-14,4.96999979019165,英鎊,施羅德環球基金系列－英國股票(英鎊)C-累積,yfinance,股票型,英國
B23399,2015-01-15,5.010000228881836,英鎊,施羅德環球基金系列－英國股票(英鎊)C-累積,yfinance,股票型,英國
B23399,2015-01-16,5.039999961853027,英鎊,施羅德環球基金系列－英國股票(英鎊)C-累積,yfinance,股票型,英國
B23399,2015-01-19,5.099999904632568,英鎊,施羅德環球基金系列－英國股票(英鎊)C-累積,yfinance,股票型,英國
B23399,2015-01-20,5.139999866485596,英鎊,施羅德環球基金系列－英國股票(英鎊)C-累積,yfinance,股票型,英國
B23399,2015-01-21,5.150000095367432,英鎊,施羅德環球基金系列－英國股票(英鎊)C-累積,yfinance,股票型,英國
B23399,2015-01-22,5.21999979019165,英鎊,施羅德環球基金系列－英國股票(英鎊)C-累積,yfinance,股票型,英國
B23399,2015-01-23,5.269999980926514,英鎊,施羅德環球基金系列－英國股票(英鎊)C-累積,yfinance,股票型,英國
B23399,2015-01-26,5.28000020980835,英鎊,施羅德環球基金系列－英國股票(英鎊)C-累積,yfinance,股票型,英國
B23399,2015-01-27,5.25,英鎊,施羅德環球基金系列－英國股票(英鎊)C-累積,yfinance,股票型,英國
B23399,2015-01-28,5.239999771118164,英鎊,施羅德環球基金系列－英國股票(英鎊)C-累積,yfinance,股票型,英國
B23399,2015-01-29,5.21999979019165,英鎊,施羅德環球基金系列－英國股票(英鎊)C-累積,yfinance,股票型,英國
B23399,2015-01-30,5.21999979019165,英鎊,施羅德環球基金系列－英國股票(英鎊)C-累積,yfinance,股票型,英國
B23399,2015-02-02,5.199999809265137,英鎊,施羅德環球基金系列－英國股票(英鎊)C-累積,yfinance,股票型,英國
B23399,2015-02-03,5.28000020980835,英鎊,施羅德環球基金系列－英國股票(英鎊)C-累積,yfinance,股票型,英國
B23399,2015-02-04,5.260000228881836,英鎊,施羅德環球基金系列－英國股票(英鎊)C-累積,yfinance,股票型,英國
B23399,2015-02-05,5.28000020980835,英鎊,施羅德環球基金系列－英國股票(英鎊)C-累積,yfinance,股票型,英國
B23399,2015-02-06,5.300000190734863,英鎊,施羅德環球基金系列－英國股票(英鎊)C-累積,yfinance,股票型,英國
B23399,2015-02-09,5.239999771118164,英鎊,施羅德環球基金系列－英國股票(英鎊)C-累積,yfinance,股票型,英國
B23399,2015-02-10,5.28000020980835,英鎊,施羅德環球基金系列－英國股票(英鎊)C-累積,yfinance,股票型,英國
B23399,2015-02-11,5.260000228881836,英鎊,施羅德環球基金系列－英國股票(英鎊)C-累積,yfinance,股票型,英國
B23399,2015-02-12,5.300000190734863,英鎊,施羅德環球基金系列－英國股票(英鎊)C-累積,yfinance,股票型,英國
B23399,2015-02-13,5.329999923706055,英鎊,施羅德環球基金系列－英國股票(英鎊)C-累積,yfinance,股票型,英國
B23399,2015-02-16,5.300000190734863,英鎊,施羅德環球基金系列－英國股票(英鎊)C-累積,yfinance,股票型,英國
B23399,2015-02-17,5.320000171661377,英鎊,施羅德環球基金系列－英國股票(英鎊)C-累積,yfinance,股票型,英國
B23399,2015-02-18,5.349999904632568,英鎊,施羅德環球基金系列－英國股票(英鎊)C-累積,yfinance,股票型,英國
B23399,2015-02-19,5.360000133514404,英鎊,施羅德環球基金系列－英國股票(英鎊)C-累積,yfinance,股票型,英國
B23399,2015-02-20,5.360000133514404,英鎊,施羅德環球基金系列－英國股票(英鎊)C-累積,yfinance,股票型,英國
B23399,2015-02-23,5.369999885559082,英鎊,施羅德環球基金系列－英國股票(英鎊)C-累積,yfinance,股票型,英國
B23399,2015-02-24,5.380000114440918,英鎊,施羅德環球基金系列－英國股票(英鎊)C-累積,yfinance,股票型,英國
B23399,2015-02-25,5.380000114440918,英鎊,施羅德環球基金系列－英國股票(英鎊)C-累積,yfinance,股票型,英國
B23399,2015-02-26,5.360000133514404,英鎊,施羅德環球基金系列－英國股票(英鎊)C-累積,yfinance,股票型,英國
B23399,2015-02-27,5.360000133514404,英鎊,施羅德環球基金系列－英國股票(英鎊)C-累積,yfinance,股票型,英國
B23399,2015-03-02,5.369999885559082,英鎊,施羅德環球基金系列－英國股票(英鎊)C-累積,yfinance,股票型,英國
B23399,2015-03-03,5.360000133514404,英鎊,施羅德環球基金系列－英國股票(英鎊)C-累積,yfinance,股票型,英國
B23399,2015-03-04,5.329999923706055,英鎊,施羅德環球基金系列－英國股票(英鎊)C-累積,yfinance,股票型,英國
B23399,2015-03-05,5.400000095367432,英鎊,施羅德環球基金系列－英國股票(英鎊)C-累積,yfinance,股票型,英國
B23399,2015-03-06,5.409999847412109,英鎊,施羅德環球基金系列－英國股票(英鎊)C-累積,yfinance,股票型,英國
B23399,2015-03-09,5.360000133514404,英鎊,施羅德環球基金系列－英國股票(英鎊)C-累積,yfinance,股票型,英國
B23399,2015-03-10,5.300000190734863,英鎊,施羅德環球基金系列－英國股票(英鎊)C-累積,yfinance,股票型,英國
B23399,2015-03-11,5.260000228881836,英鎊,施羅德環球基金系列－英國股票(英鎊)C-累積,yfinance,股票型,英國
B23399,2015-03-12,5.320000171661377,英鎊,施羅德環球基金系列－英國股票(英鎊)C-累積,yfinance,股票型,英國
B23399,2015-03-13,5.300000190734863,英鎊,施羅德環球基金系列－英國股票(英鎊)C-累積,yfinance,股票型,英國
B23399,2015-03-16,5.329999923706055,英鎊,施羅德環球基金系列－英國股票(英鎊)C-累積,yfinance,股票型,英國
B23399,2015-03-17,5.340000152587891,英鎊,施羅德環球基金系列－英國股票(英鎊)C-累積,yfinance,股票型,英國
B23399,2015-03-18,5.389999866485596,英鎊,施羅德環球基金系列－英國股票(英鎊)C-累積,yfinance,股票型,英國
B23399,2015-03-19,5.429999828338623,英鎊,施羅德環球基金系列－英國股票(英鎊)C-累積,yfinance,股票型,英國
B23399,2015-03-20,5.440000057220459,英鎊,施羅德環球基金系列－英國股票(英鎊)C-累積,yfinance,股票型,英國
B23399,2015-03-23,5.449999809265137,英鎊,施羅德環球基金系列－英國股票(英鎊)C-累積,yfinance,股票型,英國
B23399,2015-03-24,5.460000038146973,英鎊,施羅德環球基金系列－英國股票(英鎊)C-累積,yfinance,股票型,英國
B23399,2015-03-25,5.440000057220459,英鎊,施羅德環球基金系列－英國股票(英鎊)C-累積,yfinance,股票型,英國
B23399,2015-03-26,5.389999866485596,英鎊,施羅德環球基金系列－英國股票(英鎊)C-累積,yfinance,股票型,英國
B23399,2015-03-27,5.349999904632568,英鎊,施羅德環球基金系列－英國股票(英鎊)C-累積,yfinance,股票型,英國
B23399,2015-03-30,5.349999904632568,英鎊,施羅德環球基金系列－英國股票(英鎊)C-累積,yfinance,股票型,英國
B23399,2015-03-31,5.309999942779541,英鎊,施羅德環球基金系列－英國股票(英鎊)C-累積,yfinance,股票型,英國
B23399,2015-04-01,5.329999923706055,英鎊,施羅德環球基金系列－英國股票(英鎊)C-累積,yfinance,股票型,英國
B23399,2015-04-02,5.340000152587891,英鎊,施羅德環球基金系列－英國股票(英鎊)C-累積,yfinance,股票型,英國
B23399,2015-04-07,5.420000076293945,英鎊,施羅德環球基金系列－英國股票(英鎊)C-累積,yfinance,股票型,英國
B23399,2015-04-08,5.480000019073486,英鎊,施羅德環球基金系列－英國股票(英鎊)C-累積,yfinance,股票型,英國
B23399,2015-04-09,5.489999771118164,英鎊,施羅德環球基金系列－英國股票(英鎊)C-累積,yfinance,股票型,英國
B23399,2015-04-10,5.539999961853027,英鎊,施羅德環球基金系列－英國股票(英鎊)C-累積,yfinance,股票型,英國
B23399,2015-04-13,5.539999961853027,英鎊,施羅德環球基金系列－英國股票(英鎊)C-累積,yfinance,股票型,英國
B23399,2015-04-14,5.559999942779541,英鎊,施羅德環球基金系列－英國股票(英鎊)C-累積,yfinance,股票型,英國
B23399,2015-04-15,5.559999942779541,英鎊,施羅德環球基金系列－英國股票(英鎊)C-累積,yfinance,股票型,英國
B23399,2015-04-16,5.519999980926514,英鎊,施羅德環球基金系列－英國股票(英鎊)C-累積,yfinance,股票型,英國
B23399,2015-04-17,5.46999979019165,英鎊,施羅德環球基金系列－英國股票(英鎊)C-累積,yfinance,股票型,英國
B23399,2015-04-20,5.480000019073486,英鎊,施羅德環球基金系列－英國股票(英鎊)C-累積,yfinance,股票型,英國
B23399,2015-04-21,5.519999980926514,英鎊,施羅德環球基金系列－英國股票(英鎊)C-累積,yfinance,股票型,英國
B23399,2015-04-22,5.489999771118164,英鎊,施羅德環球基金系列－英國股票(英鎊)C-累積,yfinance,股票型,英國
B23399,2015-04-23,5.489999771118164,英鎊,施羅德環球基金系列－英國股票(英鎊)C-累積,yfinance,股票型,英國
B23399,2015-04-24,5.510000228881836,英鎊,施羅德環球基金系列－英國股票(英鎊)C-累積,yfinance,股票型,英國
B23399,2015-04-27,5.53000020980835,英鎊,施羅德環球基金系列－英國股票(英鎊)C-累積,yfinance,股票型,英國
B23399,2015-04-28,5.480000019073486,英鎊,施羅德環球基金系列－英國股票(英鎊)C-累積,yfinance,股票型,英國
B23399,2015-04-29,5.440000057220459,英鎊,施羅德環球基金系列－英國股票(英鎊)C-累積,yfinance,股票型,英國
B23399,2015-04-30,5.420000076293945,英鎊,施羅德環球基金系列－英國股票(英鎊)C-累積,yfinance,股票型,英國
B23399,2015-05-01,5.420000076293945,英鎊,施羅德環球基金系列－英國股票(英鎊)C-累積,yfinance,股票型,英國
B23399,2015-05-05,5.449999809265137,英鎊,施羅德環球基金系列－英國股票(英鎊)C-累積,yfinance,股票型,英國
B23399,2015-05-06,5.429999828338623,英鎊,施羅德環球基金系列－英國股票(英鎊)C-累積,yfinance,股票型,英國
B23399,2015-05-07,5.409999847412109,英鎊,施羅德環球基金系列－英國股票(英鎊)C-累積,yfinance,股票型,英國
B23399,2015-05-08,5.539999961853027,英鎊,施羅德環球基金系列－英國股票(英鎊)C-累積,yfinance,股票型,英國
B23399,2015-05-11,5.570000171661377,英鎊,施羅德環球基金系列－英國股票(英鎊)C-累積,yfinance,股票型,英國
B23399,2015-05-12,5.46999979019165,英鎊,施羅德環球基金系列－英國股票(英鎊)C-累積,yfinance,股票型,英國
B23399,2015-05-13,5.5,英鎊,施羅德環球基金系列－英國股票(英鎊)C-累積,yfinance,股票型,英國
B23399,2015-05-14,5.519999980926514,英鎊,施羅德環球基金系列－英國股票(英鎊)C-累積,yfinance,股票型,英國
B23399,2015-05-15,5.570000171661377,英鎊,施羅德環球基金系列－英國股票(英鎊)C-累積,yfinance,股票型,英國
B23399,2015-05-18,5.519999980926514,英鎊,施羅德環球基金系列－英國股票(英鎊)C-累積,yfinance,股票型,英國
B23399,2015-05-19,5.550000190734863,英鎊,施羅德環球基金系列－英國股票(英鎊)C-累積,yfinance,股票型,英國
B23399,2015-05-20,5.550000190734863,英鎊,施羅德環球基金系列－英國股票(英鎊)C-累積,yfinance,股票型,英國
B23399,2015-05-21,5.579999923706055,英鎊,施羅德環球基金系列－英國股票(英鎊)C-累積,yfinance,股票型,英國
B23399,2015-05-22,5.619999885559082,英鎊,施羅德環球基金系列－英國股票(英鎊)C-累積,yfinance,股票型,英國
B23399,2015-05-26,5.619999885559082,英鎊,施羅德環球基金系列－英國股票(英鎊)C-累積,yfinance,股票型,英國
B23399,2015-05-27,5.579999923706055,英鎊,施羅德環球基金系列－英國股票(英鎊)C-累積,yfinance,股票型,英國
B23399,2015-05-28,5.599999904632568,英鎊,施羅德環球基金系列－英國股票(英鎊)C-累積,yfinance,股票型,英國
B23399,2015-05-29,5.599999904632568,英鎊,施羅德環球基金系列－英國股票(英鎊)C-累積,yfinance,股票型,英國
B23399,2015-06-01,5.559999942779541,英鎊,施羅德環球基金系列－英國股票(英鎊)C-累積,yfinance,股票型,英國
B23399,2015-06-02,5.559999942779541,英鎊,施羅德環球基金系列－英國股票(英鎊)C-累積,yfinance,股票型,英國
B23399,2015-06-03,5.570000171661377,英鎊,施羅德環球基金系列－英國股票(英鎊)C-累積,yfinance,股票型,英國
B23399,2015-06-04,5.53000020980835,英鎊,施羅德環球基金系列－英國股票(英鎊)C-累積,yfinance,股票型,英國
B23399,2015-06-05,5.46999979019165,英鎊,施羅德環球基金系列－英國股票(英鎊)C-累積,yfinance,股票型,英國
B23399,2015-06-08,5.46999979019165,英鎊,施羅德環球基金系列－英國股票(英鎊)C-累積,yfinance,股票型,英國
B23399,2015-06-09,5.440000057220459,英鎊,施羅德環球基金系列－英國股票(英鎊)C-累積,yfinance,股票型,英國
B23399,2015-06-10,5.449999809265137,英鎊,施羅德環球基金系列－英國股票(英鎊)C-累積,yfinance,股票型,英國
B23399,2015-06-11,5.519999980926514,英鎊,施羅德環球基金系列－英國股票(英鎊)C-累積,yfinance,股票型,英國
B23399,2015-06-12,5.5,英鎊,施羅德環球基金系列－英國股票(英鎊)C-累積,yfinance,股票型,英國
B23399,2015-06-15,5.400000095367432,英鎊,施羅德環球基金系列－英國股票(英鎊)C-累積,yfinance,股票型,英國
B23399,2015-06-16,5.380000114440918,英鎊,施羅德環球基金系列－英國股票(英鎊)C-累積,yfinance,股票型,英國
B23399,2015-06-17,5.409999847412109,英鎊,施羅德環球基金系列－英國股票(英鎊)C-累積,yfinance,股票型,英國
B23399,2015-06-18,5.340000152587891,英鎊,施羅德環球基金系列－英國股票(英鎊)C-累積,yfinance,股票型,英國
B23399,2015-06-19,5.389999866485596,英鎊,施羅德環球基金系列－英國股票(英鎊)C-累積,yfinance,股票型,英國
B23399,2015-06-22,5.429999828338623,英鎊,施羅德環球基金系列－英國股票(英鎊)C-累積,yfinance,股票型,英國
B23399,2015-06-23,5.480000019073486,英鎊,施羅德環球基金系列－英國股票(英鎊)C-累積,yfinance,股票型,英國
B23399,2015-06-24,5.510000228881836,英鎊,施羅德環球基金系列－英國股票(英鎊)C-累積,yfinance,股票型,英國
B23399,2015-06-25,5.510000228881836,英鎊,施羅德環球基金系列－英國股票(英鎊)C-累積,yfinance,股票型,英國
B23399,2015-06-26,5.440000057220459,英鎊,施羅德環球基金系列－英國股票(英鎊)C-累積,yfinance,股票型,英國
B23399,2015-06-29,5.360000133514404,英鎊,施羅德環球基金系列－英國股票(英鎊)C-累積,yfinance,股票型,英國
B23399,2015-06-30,5.309999942779541,英鎊,施羅德環球基金系列－英國股票(英鎊)C-累積,yfinance,股票型,英國
B23399,2015-07-01,5.329999923706055,英鎊,施羅德環球基金系列－英國股票(英鎊)C-累積,yfinance,股票型,英國
B23399,2015-07-02,5.340000152587891,英鎊,施羅德環球基金系列－英國股票(英鎊)C-累積,yfinance,股票型,英國
B23399,2015-07-03,5.320000171661377,英鎊,施羅德環球基金系列－英國股票(英鎊)C-累積,yfinance,股票型,英國
B23399,2015-07-06,5.269999980926514,英鎊,施羅德環球基金系列－英國股票(英鎊)C-累積,yfinance,股票型,英國
B23399,2015-07-07,5.25,英鎊,施羅德環球基金系列－英國股票(英鎊)C-累積,yfinance,股票型,英國
B23399,2015-07-08,5.239999771118164,英鎊,施羅德環球基金系列－英國股票(英鎊)C-累積,yfinance,股票型,英國
B23399,2015-07-09,5.28000020980835,英鎊,施羅德環球基金系列－英國股票(英鎊)C-累積,yfinance,股票型,英國
B23399,2015-07-10,5.340000152587891,英鎊,施羅德環球基金系列－英國股票(英鎊)C-累積,yfinance,股票型,英國
B23399,2015-07-13,5.389999866485596,英鎊,施羅德環球基金系列－英國股票(英鎊)C-累積,yfinance,股票型,英國
B23399,2015-07-14,5.400000095367432,英鎊,施羅德環球基金系列－英國股票(英鎊)C-累積,yfinance,股票型,英國
B23399,2015-07-15,5.409999847412109,英鎊,施羅德環球基金系列－英國股票(英鎊)C-累積,yfinance,股票型,英國
B23399,2015-07-16,5.449999809265137,英鎊,施羅德環球基金系列－英國股票(英鎊)C-累積,yfinance,股票型,英國
B23399,2015-07-17,5.440000057220459,英鎊,施羅德環球基金系列－英國股票(英鎊)C-累積,yfinance,股票型,英國
B23399,2015-07-20,5.440000057220459,英鎊,施羅德環球基金系列－英國股票(英鎊)C-累積,yfinance,股票型,英國
B23399,2015-07-21,5.440000057220459,英鎊,施羅德環球基金系列－英國股票(英鎊)C-累積,yfinance,股票型,英國
B23399,2015-07-22,5.369999885559082,英鎊,施羅德環球基金系列－英國股票(英鎊)C-累積,yfinance,股票型,英國
B23399,2015-07-23,5.369999885559082,英鎊,施羅德環球基金系列－英國股票(英鎊)C-累積,yfinance,股票型,英國
B23399,2015-07-24,5.349999904632568,英鎊,施羅德環球基金系列－英國股票(英鎊)C-累積,yfinance,股票型,英國
B23399,2015-07-27,5.269999980926514,英鎊,施羅德環球基金系列－英國股票(英鎊)C-累積,yfinance,股票型,英國
B23399,2015-07-28,5.28000020980835,英鎊,施羅德環球基金系列－英國股票(英鎊)C-累積,yfinance,股票型,英國
B23399,2015-07-29,5.309999942779541,英鎊,施羅德環球基金系列－英國股票(英鎊)C-累積,yfinance,股票型,英國
B23399,2015-07-30,5.360000133514404,英鎊,施羅德環球基金系列－英國股票(英鎊)C-累積,yfinance,股票型,英國
B23399,2015-07-31,5.360000133514404,英鎊,施羅德環球基金系列－英國股票(英鎊)C-累積,yfinance,股票型,英國
B23399,2015-08-03,5.380000114440918,英鎊,施羅德環球基金系列－英國股票(英鎊)C-累積,yfinance,股票型,英國
B23399,2015-08-04,5.380000114440918,英鎊,施羅德環球基金系列－英國股票(英鎊)C-累積,yfinance,股票型,英國
B23399,2015-08-05,5.409999847412109,英鎊,施羅德環球基金系列－英國股票(英鎊)C-累積,yfinance,股票型,英國
B23399,2015-08-06,5.420000076293945,英鎊,施羅德環球基金系列－英國股票(英鎊)C-累積,yfinance,股票型,英國
B23399,2015-08-07,5.409999847412109,英鎊,施羅德環球基金系列－英國股票(英鎊)C-累積,yfinance,股票型,英國
B23399,2015-08-10,5.369999885559082,英鎊,施羅德環球基金系列－英國股票(英鎊)C-累積,yfinance,股票型,英國
B23399,2015-08-11,5.360000133514404,英鎊,施羅德環球基金系列－英國股票(英鎊)C-累積,yfinance,股票型,英國
B23399,2015-08-12,5.300000190734863,英鎊,施羅德環球基金系列－英國股票(英鎊)C-累積,yfinance,股票型,英國
B23399,2015-08-13,5.340000152587891,英鎊,施羅德環球基金系列－英國股票(英鎊)C-累積,yfinance,股票型,英國
B23399,2015-08-14,5.309999942779541,英鎊,施羅德環球基金系列－英國股票(英鎊)C-累積,yfinance,股票型,英國
B23399,2015-08-17,5.289999961853027,英鎊,施羅德環球基金系列－英國股票(英鎊)C-累積,yfinance,股票型,英國
B23399,2015-08-18,5.300000190734863,英鎊,施羅德環球基金系列－英國股票(英鎊)C-累積,yfinance,股票型,英國
B23399,2015-08-19,5.260000228881836,英鎊,施羅德環球基金系列－英國股票(英鎊)C-累積,yfinance,股票型,英國
B23399,2015-08-20,5.210000038146973,英鎊,施羅德環球基金系列－英國股票(英鎊)C-累積,yfinance,股票型,英國
B23399,2015-08-21,5.110000133514404,英鎊,施羅德環球基金系列－英國股票(英鎊)C-累積,yfinance,股票型,英國
B23399,2015-08-24,4.860000133514404,英鎊,施羅德環球基金系列－英國股票(英鎊)C-累積,yfinance,股票型,英國
B23399,2015-08-25,4.980000019073486,英鎊,施羅德環球基金系列－英國股票(英鎊)C-累積,yfinance,股票型,英國
B23399,2015-08-26,5.0,英鎊,施羅德環球基金系列－英國股票(英鎊)C-累積,yfinance,股票型,英國
B23399,2015-08-27,5.050000190734863,英鎊,施羅德環球基金系列－英國股票(英鎊)C-累積,yfinance,股票型,英國
B23399,2015-08-28,5.059999942779541,英鎊,施羅德環球基金系列－英國股票(英鎊)C-累積,yfinance,股票型,英國
B23399,2015-09-01,4.989999771118164,英鎊,施羅德環球基金系列－英國股票(英鎊)C-累積,yfinance,股票型,英國
B23399,2015-09-02,5.039999961853027,英鎊,施羅德環球基金系列－英國股票(英鎊)C-累積,yfinance,股票型,英國
B23399,2015-09-03,5.090000152587891,英鎊,施羅德環球基金系列－英國股票(英鎊)C-累積,yfinance,股票型,英國
B23399,2015-09-04,5.010000228881836,英鎊,施羅德環球基金系列－英國股票(英鎊)C-累積,yfinance,股票型,英國
B23399,2015-09-07,5.0,英鎊,施羅德環球基金系列－英國股票(英鎊)C-累積,yfinance,股票型,英國
B23399,2015-09-08,5.070000171661377,英鎊,施羅德環球基金系列－英國股票(英鎊)C-累積,yfinance,股票型,英國
B23399,2015-09-09,5.139999866485596,英鎊,施羅德環球基金系列－英國股票(英鎊)C-累積,yfinance,股票型,英國
B23399,2015-09-10,5.050000190734863,英鎊,施羅德環球基金系列－英國股票(英鎊)C-累積,yfinance,股票型,英國
B23399,2015-09-11,5.03000020980835,英鎊,施羅德環球基金系列－英國股票(英鎊)C-累積,yfinance,股票型,英國
B23399,2015-09-14,5.019999980926514,英鎊,施羅德環球基金系列－英國股票(英鎊)C-累積,yfinance,股票型,英國
B23399,2015-09-15,5.010000228881836,英鎊,施羅德環球基金系列－英國股票(英鎊)C-累積,yfinance,股票型,英國
B23399,2015-09-16,5.070000171661377,英鎊,施羅德環球基金系列－英國股票(英鎊)C-累積,yfinance,股票型,英國
B23399,2015-09-17,5.079999923706055,英鎊,施羅德環球基金系列－英國股票(英鎊)C-累積,yfinance,股票型,英國
B23399,2015-09-18,4.980000019073486,英鎊,施羅德環球基金系列－英國股票(英鎊)C-累積,yfinance,股票型,英國
B23399,2015-09-21,5.019999980926514,英鎊,施羅德環球基金系列－英國股票(英鎊)C-累積,yfinance,股票型,英國
B23399,2015-09-22,4.889999866485596,英鎊,施羅德環球基金系列－英國股票(英鎊)C-累積,yfinance,股票型,英國
B23399,2015-09-23,4.960000038146973,英鎊,施羅德環球基金系列－英國股票(英鎊)C-累積,yfinance,股票型,英國
B23399,2015-09-24,4.909999847412109,英鎊,施羅德環球基金系列－英國股票(英鎊)C-累積,yfinance,股票型,英國
B23399,2015-09-25,5.0,英鎊,施羅德環球基金系列－英國股票(英鎊)C-累積,yfinance,股票型,英國
B23399,2015-09-28,4.940000057220459,英鎊,施羅德環球基金系列－英國股票(英鎊)C-累積,yfinance,股票型,英國
B23399,2015-09-29,4.880000114440918,英鎊,施羅德環球基金系列－英國股票(英鎊)C-累積,yfinance,股票型,英國
B23399,2015-09-30,4.929999828338623,英鎊,施羅德環球基金系列－英國股票(英鎊)C-累積,yfinance,股票型,英國
B23399,2015-10-01,4.980000019073486,英鎊,施羅德環球基金系列－英國股票(英鎊)C-累積,yfinance,股票型,英國
B23399,2015-10-02,4.96999979019165,英鎊,施羅德環球基金系列－英國股票(英鎊)C-累積,yfinance,股票型,英國
B23399,2015-10-05,5.090000152587891,英鎊,施羅德環球基金系列－英國股票(英鎊)C-累積,yfinance,股票型,英國
B23399,2015-10-06,5.110000133514404,英鎊,施羅德環球基金系列－英國股票(英鎊)C-累積,yfinance,股票型,英國
B23399,2015-10-07,5.119999885559082,英鎊,施羅德環球基金系列－英國股票(英鎊)C-累積,yfinance,股票型,英國
B23399,2015-10-08,5.110000133514404,英鎊,施羅德環球基金系列－英國股票(英鎊)C-累積,yfinance,股票型,英國
B23399,2015-10-09,5.170000076293945,英鎊,施羅德環球基金系列－英國股票(英鎊)C-累積,yfinance,股票型,英國
B23399,2015-10-12,5.119999885559082,英鎊,施羅德環球基金系列－英國股票(英鎊)C-累積,yfinance,股票型,英國
B23399,2015-10-13,5.079999923706055,英鎊,施羅德環球基金系列－英國股票(英鎊)C-累積,yfinance,股票型,英國
B23399,2015-10-14,5.050000190734863,英鎊,施羅德環球基金系列－英國股票(英鎊)C-累積,yfinance,股票型,英國
B23399,2015-10-15,5.079999923706055,英鎊,施羅德環球基金系列－英國股票(英鎊)C-累積,yfinance,股票型,英國
B23399,2015-10-16,5.090000152587891,英鎊,施羅德環球基金系列－英國股票(英鎊)C-累積,yfinance,股票型,英國
B23399,2015-10-19,5.070000171661377,英鎊,施羅德環球基金系列－英國股票(英鎊)C-累積,yfinance,股票型,英國
B23399,2015-10-20,5.079999923706055,英鎊,施羅德環球基金系列－英國股票(英鎊)C-累積,yfinance,股票型,英國
B23399,2015-10-21,5.090000152587891,英鎊,施羅德環球基金系列－英國股票(英鎊)C-累積,yfinance,股票型,英國
B23399,2015-10-22,5.070000171661377,英鎊,施羅德環球基金系列－英國股票(英鎊)C-累積,yfinance,股票型,英國
B23399,2015-10-23,5.150000095367432,英鎊,施羅德環球基金系列－英國股票(英鎊)C-累積,yfinance,股票型,英國
B23399,2015-10-26,5.150000095367432,英鎊,施羅德環球基金系列－英國股票(英鎊)C-累積,yfinance,股票型,英國
B23399,2015-10-27,5.090000152587891,英鎊,施羅德環球基金系列－英國股票(英鎊)C-累積,yfinance,股票型,英國
B23399,2015-10-28,5.099999904632568,英鎊,施羅德環球基金系列－英國股票(英鎊)C-累積,yfinance,股票型,英國
B23399,2015-10-29,5.090000152587891,英鎊,施羅德環球基金系列－英國股票(英鎊)C-累積,yfinance,股票型,英國
B23399,2015-10-30,5.079999923706055,英鎊,施羅德環球基金系列－英國股票(英鎊)C-累積,yfinance,股票型,英國
B23399,2015-11-02,5.090000152587891,英鎊,施羅德環球基金系列－英國股票(英鎊)C-累積,yfinance,股票型,英國
B23399,2015-11-03,5.090000152587891,英鎊,施羅德環球基金系列－英國股票(英鎊)C-累積,yfinance,股票型,英國
B23399,2015-11-04,5.159999847412109,英鎊,施羅德環球基金系列－英國股票(英鎊)C-累積,yfinance,股票型,英國
B23399,2015-11-05,5.130000114440918,英鎊,施羅德環球基金系列－英國股票(英鎊)C-累積,yfinance,股票型,英國
B23399,2015-11-06,5.130000114440918,英鎊,施羅德環球基金系列－英國股票(英鎊)C-累積,yfinance,股票型,英國
B23399,2015-11-09,5.119999885559082,英鎊,施羅德環球基金系列－英國股票(英鎊)C-累積,yfinance,股票型,英國
B23399,2015-11-10,5.059999942779541,英鎊,施羅德環球基金系列－英國股票(英鎊)C-累積,yfinance,股票型,英國
B23399,2015-11-11,5.110000133514404,英鎊,施羅德環球基金系列－英國股票(英鎊)C-累積,yfinance,股票型,英國
B23399,2015-11-12,5.050000190734863,英鎊,施羅德環球基金系列－英國股票(英鎊)C-累積,yfinance,股票型,英國
B23399,2015-11-13,4.980000019073486,英鎊,施羅德環球基金系列－英國股票(英鎊)C-累積,yfinance,股票型,英國
B23399,2015-11-16,5.0,英鎊,施羅德環球基金系列－英國股票(英鎊)C-累積,yfinance,股票型,英國
B23399,2015-11-17,5.110000133514404,英鎊,施羅德環球基金系列－英國股票(英鎊)C-累積,yfinance,股票型,英國
B23399,2015-11-18,5.119999885559082,英鎊,施羅德環球基金系列－英國股票(英鎊)C-累積,yfinance,股票型,英國
B23399,2015-11-19,5.159999847412109,英鎊,施羅德環球基金系列－英國股票(英鎊)C-累積,yfinance,股票型,英國
B23399,2015-11-20,5.159999847412109,英鎊,施羅德環球基金系列－英國股票(英鎊)C-累積,yfinance,股票型,英國
B23399,2015-11-23,5.139999866485596,英鎊,施羅德環球基金系列－英國股票(英鎊)C-累積,yfinance,股票型,英國
B23399,2015-11-24,5.070000171661377,英鎊,施羅德環球基金系列－英國股票(英鎊)C-累積,yfinance,股票型,英國
B23399,2015-11-25,5.150000095367432,英鎊,施羅德環球基金系列－英國股票(英鎊)C-累積,yfinance,股票型,英國
B23399,2015-11-26,5.190000057220459,英鎊,施羅德環球基金系列－英國股票(英鎊)C-累積,yfinance,股票型,英國
B23399,2015-11-27,5.190000057220459,英鎊,施羅德環球基金系列－英國股票(英鎊)C-累積,yfinance,股票型,英國
B23399,2015-11-30,5.210000038146973,英鎊,施羅德環球基金系列－英國股票(英鎊)C-累積,yfinance,股票型,英國
B23399,2015-12-01,5.239999771118164,英鎊,施羅德環球基金系列－英國股票(英鎊)C-累積,yfinance,股票型,英國
B23399,2015-12-02,5.25,英鎊,施羅德環球基金系列－英國股票(英鎊)C-累積,yfinance,股票型,英國
B23399,2015-12-03,5.230000019073486,英鎊,施羅德環球基金系列－英國股票(英鎊)C-累積,yfinance,股票型,英國
B23399,2015-12-04,5.150000095367432,英鎊,施羅德環球基金系列－英國股票(英鎊)C-累積,yfinance,股票型,英國
B23399,2015-12-07,5.159999847412109,英鎊,施羅德環球基金系列－英國股票(英鎊)C-累積,yfinance,股票型,英國
B23399,2015-12-08,5.079999923706055,英鎊,施羅德環球基金系列－英國股票(英鎊)C-累積,yfinance,股票型,英國
B23399,2015-12-09,5.050000190734863,英鎊,施羅德環球基金系列－英國股票(英鎊)C-累積,yfinance,股票型,英國
B23399,2015-12-10,5.050000190734863,英鎊,施羅德環球基金系列－英國股票(英鎊)C-累積,yfinance,股票型,英國
B23399,2015-12-11,5.010000228881836,英鎊,施羅德環球基金系列－英國股票(英鎊)C-累積,yfinance,股票型,英國
B23399,2015-12-14,4.980000019073486,英鎊,施羅德環球基金系列－英國股票(英鎊)C-累積,yfinance,股票型,英國
B23399,2015-12-15,5.0,英鎊,施羅德環球基金系列－英國股票(英鎊)C-累積,yfinance,股票型,英國
B23399,2015-12-16,5.050000190734863,英鎊,施羅德環球基金系列－英國股票(英鎊)C-累積,yfinance,股票型,英國
B23399,2015-12-17,5.090000152587891,英鎊,施羅德環球基金系列－英國股票(英鎊)C-累積,yfinance,股票型,英國
B23399,2015-12-18,5.050000190734863,英鎊,施羅德環球基金系列－英國股票(英鎊)C-累積,yfinance,股票型,英國
B23399,2015-12-21,5.090000152587891,英鎊,施羅德環球基金系列－英國股票(英鎊)C-累積,yfinance,股票型,英國
B23399,2015-12-22,5.070000171661377,英鎊,施羅德環球基金系列－英國股票(英鎊)C-累積,yfinance,股票型,英國
B23399,2015-12-23,5.159999847412109,英鎊,施羅德環球基金系列－英國股票(英鎊)C-累積,yfinance,股票型,英國
B23399,2015-12-29,5.21999979019165,英鎊,施羅德環球基金系列－英國股票(英鎊)C-累積,yfinance,股票型,英國
B23399,2015-12-30,5.210000038146973,英鎊,施羅德環球基金系列－英國股票(英鎊)C-累積,yfinance,股票型,英國
B23399,2015-12-31,5.199999809265137,英鎊,施羅德環球基金系列－英國股票(英鎊)C-累積,yfinance,股票型,英國
B23092,2015-01-02,3.9000000953674316,英鎊,施羅德環球基金系列－英國股票(英鎊)A1-累積,yfinance,股票型,英國
B23092,2015-01-05,3.859999895095825,英鎊,施羅德環球基金系列－英國股票(英鎊)A1-累積,yfinance,股票型,英國
B23092,2015-01-06,3.819999933242798,英鎊,施羅德環球基金系列－英國股票(英鎊)A1-累積,yfinance,股票型,英國
B23092,2015-01-07,3.8299999237060547,英鎊,施羅德環球基金系列－英國股票(英鎊)A1-累積,yfinance,股票型,英國
B23092,2015-01-08,3.869999885559082,英鎊,施羅德環球基金系列－英國股票(英鎊)A1-累積,yfinance,股票型,英國
B23092,2015-01-09,3.9000000953674316,英鎊,施羅德環球基金系列－英國股票(英鎊)A1-累積,yfinance,股票型,英國
B23092,2015-01-12,3.869999885559082,英鎊,施羅德環球基金系列－英國股票(英鎊)A1-累積,yfinance,股票型,英國
B23092,2015-01-13,3.9000000953674316,英鎊,施羅德環球基金系列－英國股票(英鎊)A1-累積,yfinance,股票型,英國
B23092,2015-01-14,3.8299999237060547,英鎊,施羅德環球基金系列－英國股票(英鎊)A1-累積,yfinance,股票型,英國
B23092,2015-01-15,3.869999885559082,英鎊,施羅德環球基金系列－英國股票(英鎊)A1-累積,yfinance,股票型,英國
B23092,2015-01-16,3.880000114440918,英鎊,施羅德環球基金系列－英國股票(英鎊)A1-累積,yfinance,股票型,英國
B23092,2015-01-19,3.930000066757202,英鎊,施羅德環球基金系列－英國股票(英鎊)A1-累積,yfinance,股票型,英國
B23092,2015-01-20,3.9600000381469727,英鎊,施羅德環球基金系列－英國股票(英鎊)A1-累積,yfinance,股票型,英國
B23092,2015-01-21,3.9700000286102295,英鎊,施羅德環球基金系列－英國股票(英鎊)A1-累積,yfinance,股票型,英國
B23092,2015-01-22,4.019999980926514,英鎊,施羅德環球基金系列－英國股票(英鎊)A1-累積,yfinance,股票型,英國
B23092,2015-01-23,4.059999942779541,英鎊,施羅德環球基金系列－英國股票(英鎊)A1-累積,yfinance,股票型,英國
B23092,2015-01-26,4.070000171661377,英鎊,施羅德環球基金系列－英國股票(英鎊)A1-累積,yfinance,股票型,英國
B23092,2015-01-27,4.039999961853027,英鎊,施羅德環球基金系列－英國股票(英鎊)A1-累積,yfinance,股票型,英國
B23092,2015-01-28,4.039999961853027,英鎊,施羅德環球基金系列－英國股票(英鎊)A1-累積,yfinance,股票型,英國
B23092,2015-01-29,4.019999980926514,英鎊,施羅德環球基金系列－英國股票(英鎊)A1-累積,yfinance,股票型,英國
B23092,2015-01-30,4.03000020980835,英鎊,施羅德環球基金系列－英國股票(英鎊)A1-累積,yfinance,股票型,英國
B23092,2015-02-02,4.010000228881836,英鎊,施羅德環球基金系列－英國股票(英鎊)A1-累積,yfinance,股票型,英國
B23092,2015-02-03,4.059999942779541,英鎊,施羅德環球基金系列－英國股票(英鎊)A1-累積,yfinance,股票型,英國
B23092,2015-02-04,4.050000190734863,英鎊,施羅德環球基金系列－英國股票(英鎊)A1-累積,yfinance,股票型,英國
B23092,2015-02-05,4.059999942779541,英鎊,施羅德環球基金系列－英國股票(英鎊)A1-累積,yfinance,股票型,英國
B23092,2015-02-06,4.079999923706055,英鎊,施羅德環球基金系列－英國股票(英鎊)A1-累積,yfinance,股票型,英國
B23092,2015-02-09,4.039999961853027,英鎊,施羅德環球基金系列－英國股票(英鎊)A1-累積,yfinance,股票型,英國
B23092,2015-02-10,4.070000171661377,英鎊,施羅德環球基金系列－英國股票(英鎊)A1-累積,yfinance,股票型,英國
B23092,2015-02-11,4.050000190734863,英鎊,施羅德環球基金系列－英國股票(英鎊)A1-累積,yfinance,股票型,英國
B23092,2015-02-12,4.079999923706055,英鎊,施羅德環球基金系列－英國股票(英鎊)A1-累積,yfinance,股票型,英國
B23092,2015-02-13,4.110000133514404,英鎊,施羅德環球基金系列－英國股票(英鎊)A1-累積,yfinance,股票型,英國
B23092,2015-02-16,4.079999923706055,英鎊,施羅德環球基金系列－英國股票(英鎊)A1-累積,yfinance,股票型,英國
B23092,2015-02-17,4.099999904632568,英鎊,施羅德環球基金系列－英國股票(英鎊)A1-累積,yfinance,股票型,英國
B23092,2015-02-18,4.119999885559082,英鎊,施羅德環球基金系列－英國股票(英鎊)A1-累積,yfinance,股票型,英國
B23092,2015-02-19,4.130000114440918,英鎊,施羅德環球基金系列－英國股票(英鎊)A1-累積,yfinance,股票型,英國
B23092,2015-02-20,4.130000114440918,英鎊,施羅德環球基金系列－英國股票(英鎊)A1-累積,yfinance,股票型,英國
B23092,2015-02-23,4.130000114440918,英鎊,施羅德環球基金系列－英國股票(英鎊)A1-累積,yfinance,股票型,英國
B23092,2015-02-24,4.139999866485596,英鎊,施羅德環球基金系列－英國股票(英鎊)A1-累積,yfinance,股票型,英國
B23092,2015-02-25,4.139999866485596,英鎊,施羅德環球基金系列－英國股票(英鎊)A1-累積,yfinance,股票型,英國
B23092,2015-02-26,4.130000114440918,英鎊,施羅德環球基金系列－英國股票(英鎊)A1-累積,yfinance,股票型,英國
B23092,2015-02-27,4.119999885559082,英鎊,施羅德環球基金系列－英國股票(英鎊)A1-累積,yfinance,股票型,英國
B23092,2015-03-02,4.130000114440918,英鎊,施羅德環球基金系列－英國股票(英鎊)A1-累積,yfinance,股票型,英國
B23092,2015-03-03,4.119999885559082,英鎊,施羅德環球基金系列－英國股票(英鎊)A1-累積,yfinance,股票型,英國
B23092,2015-03-04,4.099999904632568,英鎊,施羅德環球基金系列－英國股票(英鎊)A1-累積,yfinance,股票型,英國
B23092,2015-03-05,4.159999847412109,英鎊,施羅德環球基金系列－英國股票(英鎊)A1-累積,yfinance,股票型,英國
B23092,2015-03-06,4.159999847412109,英鎊,施羅德環球基金系列－英國股票(英鎊)A1-累積,yfinance,股票型,英國
B23092,2015-03-09,4.130000114440918,英鎊,施羅德環球基金系列－英國股票(英鎊)A1-累積,yfinance,股票型,英國
B23092,2015-03-10,4.079999923706055,英鎊,施羅德環球基金系列－英國股票(英鎊)A1-累積,yfinance,股票型,英國
B23092,2015-03-11,4.039999961853027,英鎊,施羅德環球基金系列－英國股票(英鎊)A1-累積,yfinance,股票型,英國
B23092,2015-03-12,4.090000152587891,英鎊,施羅德環球基金系列－英國股票(英鎊)A1-累積,yfinance,股票型,英國
B23092,2015-03-13,4.079999923706055,英鎊,施羅德環球基金系列－英國股票(英鎊)A1-累積,yfinance,股票型,英國
B23092,2015-03-16,4.099999904632568,英鎊,施羅德環球基金系列－英國股票(英鎊)A1-累積,yfinance,股票型,英國
B23092,2015-03-17,4.099999904632568,英鎊,施羅德環球基金系列－英國股票(英鎊)A1-累積,yfinance,股票型,英國
B23092,2015-03-18,4.150000095367432,英鎊,施羅德環球基金系列－英國股票(英鎊)A1-累積,yfinance,股票型,英國
B23092,2015-03-19,4.179999828338623,英鎊,施羅德環球基金系列－英國股票(英鎊)A1-累積,yfinance,股票型,英國
B23092,2015-03-20,4.179999828338623,英鎊,施羅德環球基金系列－英國股票(英鎊)A1-累積,yfinance,股票型,英國
B23092,2015-03-23,4.190000057220459,英鎊,施羅德環球基金系列－英國股票(英鎊)A1-累積,yfinance,股票型,英國
B23092,2015-03-24,4.199999809265137,英鎊,施羅德環球基金系列－英國股票(英鎊)A1-累積,yfinance,股票型,英國
B23092,2015-03-25,4.179999828338623,英鎊,施羅德環球基金系列－英國股票(英鎊)A1-累積,yfinance,股票型,英國
B23092,2015-03-26,4.139999866485596,英鎊,施羅德環球基金系列－英國股票(英鎊)A1-累積,yfinance,股票型,英國
B23092,2015-03-27,4.110000133514404,英鎊,施羅德環球基金系列－英國股票(英鎊)A1-累積,yfinance,股票型,英國
B23092,2015-03-30,4.110000133514404,英鎊,施羅德環球基金系列－英國股票(英鎊)A1-累積,yfinance,股票型,英國
B23092,2015-03-31,4.079999923706055,英鎊,施羅德環球基金系列－英國股票(英鎊)A1-累積,yfinance,股票型,英國
B23092,2015-04-01,4.099999904632568,英鎊,施羅德環球基金系列－英國股票(英鎊)A1-累積,yfinance,股票型,英國
B23092,2015-04-02,4.110000133514404,英鎊,施羅德環球基金系列－英國股票(英鎊)A1-累積,yfinance,股票型,英國
B23092,2015-04-07,4.159999847412109,英鎊,施羅德環球基金系列－英國股票(英鎊)A1-累積,yfinance,股票型,英國
B23092,2015-04-08,4.210000038146973,英鎊,施羅德環球基金系列－英國股票(英鎊)A1-累積,yfinance,股票型,英國
B23092,2015-04-09,4.21999979019165,英鎊,施羅德環球基金系列－英國股票(英鎊)A1-累積,yfinance,股票型,英國
B23092,2015-04-10,4.260000228881836,英鎊,施羅德環球基金系列－英國股票(英鎊)A1-累積,yfinance,股票型,英國
B23092,2015-04-13,4.260000228881836,英鎊,施羅德環球基金系列－英國股票(英鎊)A1-累積,yfinance,股票型,英國
B23092,2015-04-14,4.269999980926514,英鎊,施羅德環球基金系列－英國股票(英鎊)A1-累積,yfinance,股票型,英國
B23092,2015-04-15,4.269999980926514,英鎊,施羅德環球基金系列－英國股票(英鎊)A1-累積,yfinance,股票型,英國
B23092,2015-04-16,4.239999771118164,英鎊,施羅德環球基金系列－英國股票(英鎊)A1-累積,yfinance,股票型,英國
B23092,2015-04-17,4.210000038146973,英鎊,施羅德環球基金系列－英國股票(英鎊)A1-累積,yfinance,股票型,英國
B23092,2015-04-20,4.210000038146973,英鎊,施羅德環球基金系列－英國股票(英鎊)A1-累積,yfinance,股票型,英國
B23092,2015-04-21,4.239999771118164,英鎊,施羅德環球基金系列－英國股票(英鎊)A1-累積,yfinance,股票型,英國
B23092,2015-04-22,4.210000038146973,英鎊,施羅德環球基金系列－英國股票(英鎊)A1-累積,yfinance,股票型,英國
B23092,2015-04-23,4.21999979019165,英鎊,施羅德環球基金系列－英國股票(英鎊)A1-累積,yfinance,股票型,英國
B23092,2015-04-24,4.230000019073486,英鎊,施羅德環球基金系列－英國股票(英鎊)A1-累積,yfinance,股票型,英國
B23092,2015-04-27,4.25,英鎊,施羅德環球基金系列－英國股票(英鎊)A1-累積,yfinance,股票型,英國
B23092,2015-04-28,4.210000038146973,英鎊,施羅德環球基金系列－英國股票(英鎊)A1-累積,yfinance,股票型,英國
B23092,2015-04-29,4.179999828338623,英鎊,施羅德環球基金系列－英國股票(英鎊)A1-累積,yfinance,股票型,英國
B23092,2015-04-30,4.170000076293945,英鎊,施羅德環球基金系列－英國股票(英鎊)A1-累積,yfinance,股票型,英國
B23092,2015-05-01,4.159999847412109,英鎊,施羅德環球基金系列－英國股票(英鎊)A1-累積,yfinance,股票型,英國
B23092,2015-05-05,4.179999828338623,英鎊,施羅德環球基金系列－英國股票(英鎊)A1-累積,yfinance,股票型,英國
B23092,2015-05-06,4.170000076293945,英鎊,施羅德環球基金系列－英國股票(英鎊)A1-累積,yfinance,股票型,英國
B23092,2015-05-07,4.150000095367432,英鎊,施羅德環球基金系列－英國股票(英鎊)A1-累積,yfinance,股票型,英國
B23092,2015-05-08,4.25,英鎊,施羅德環球基金系列－英國股票(英鎊)A1-累積,yfinance,股票型,英國
B23092,2015-05-11,4.28000020980835,英鎊,施羅德環球基金系列－英國股票(英鎊)A1-累積,yfinance,股票型,英國
B23092,2015-05-12,4.199999809265137,英鎊,施羅德環球基金系列－英國股票(英鎊)A1-累積,yfinance,股票型,英國
B23092,2015-05-13,4.21999979019165,英鎊,施羅德環球基金系列－英國股票(英鎊)A1-累積,yfinance,股票型,英國
B23092,2015-05-14,4.239999771118164,英鎊,施羅德環球基金系列－英國股票(英鎊)A1-累積,yfinance,股票型,英國
B23092,2015-05-15,4.28000020980835,英鎊,施羅德環球基金系列－英國股票(英鎊)A1-累積,yfinance,股票型,英國
B23092,2015-05-18,4.239999771118164,英鎊,施羅德環球基金系列－英國股票(英鎊)A1-累積,yfinance,股票型,英國
B23092,2015-05-19,4.260000228881836,英鎊,施羅德環球基金系列－英國股票(英鎊)A1-累積,yfinance,股票型,英國
B23092,2015-05-20,4.260000228881836,英鎊,施羅德環球基金系列－英國股票(英鎊)A1-累積,yfinance,股票型,英國
B23092,2015-05-21,4.28000020980835,英鎊,施羅德環球基金系列－英國股票(英鎊)A1-累積,yfinance,股票型,英國
B23092,2015-05-22,4.309999942779541,英鎊,施羅德環球基金系列－英國股票(英鎊)A1-累積,yfinance,股票型,英國
B23092,2015-05-26,4.309999942779541,英鎊,施羅德環球基金系列－英國股票(英鎊)A1-累積,yfinance,股票型,英國
B23092,2015-05-27,4.28000020980835,英鎊,施羅德環球基金系列－英國股票(英鎊)A1-累積,yfinance,股票型,英國
B23092,2015-05-28,4.300000190734863,英鎊,施羅德環球基金系列－英國股票(英鎊)A1-累積,yfinance,股票型,英國
B23092,2015-05-29,4.300000190734863,英鎊,施羅德環球基金系列－英國股票(英鎊)A1-累積,yfinance,股票型,英國
B23092,2015-06-01,4.269999980926514,英鎊,施羅德環球基金系列－英國股票(英鎊)A1-累積,yfinance,股票型,英國
B23092,2015-06-02,4.260000228881836,英鎊,施羅德環球基金系列－英國股票(英鎊)A1-累積,yfinance,股票型,英國
B23092,2015-06-03,4.269999980926514,英鎊,施羅德環球基金系列－英國股票(英鎊)A1-累積,yfinance,股票型,英國
B23092,2015-06-04,4.239999771118164,英鎊,施羅德環球基金系列－英國股票(英鎊)A1-累積,yfinance,股票型,英國
B23092,2015-06-05,4.190000057220459,英鎊,施羅德環球基金系列－英國股票(英鎊)A1-累積,yfinance,股票型,英國
B23092,2015-06-08,4.190000057220459,英鎊,施羅德環球基金系列－英國股票(英鎊)A1-累積,yfinance,股票型,英國
B23092,2015-06-09,4.170000076293945,英鎊,施羅德環球基金系列－英國股票(英鎊)A1-累積,yfinance,股票型,英國
B23092,2015-06-10,4.179999828338623,英鎊,施羅德環球基金系列－英國股票(英鎊)A1-累積,yfinance,股票型,英國
B23092,2015-06-11,4.230000019073486,英鎊,施羅德環球基金系列－英國股票(英鎊)A1-累積,yfinance,股票型,英國
B23092,2015-06-12,4.21999979019165,英鎊,施羅德環球基金系列－英國股票(英鎊)A1-累積,yfinance,股票型,英國
B23092,2015-06-15,4.139999866485596,英鎊,施羅德環球基金系列－英國股票(英鎊)A1-累積,yfinance,股票型,英國
B23092,2015-06-16,4.119999885559082,英鎊,施羅德環球基金系列－英國股票(英鎊)A1-累積,yfinance,股票型,英國
B23092,2015-06-17,4.150000095367432,英鎊,施羅德環球基金系列－英國股票(英鎊)A1-累積,yfinance,股票型,英國
B23092,2015-06-18,4.099999904632568,英鎊,施羅德環球基金系列－英國股票(英鎊)A1-累積,yfinance,股票型,英國
B23092,2015-06-19,4.130000114440918,英鎊,施羅德環球基金系列－英國股票(英鎊)A1-累積,yfinance,股票型,英國
B23092,2015-06-22,4.159999847412109,英鎊,施羅德環球基金系列－英國股票(英鎊)A1-累積,yfinance,股票型,英國
B23092,2015-06-23,4.199999809265137,英鎊,施羅德環球基金系列－英國股票(英鎊)A1-累積,yfinance,股票型,英國
B23092,2015-06-24,4.21999979019165,英鎊,施羅德環球基金系列－英國股票(英鎊)A1-累積,yfinance,股票型,英國
B23092,2015-06-25,4.21999979019165,英鎊,施羅德環球基金系列－英國股票(英鎊)A1-累積,yfinance,股票型,英國
B23092,2015-06-26,4.170000076293945,英鎊,施羅德環球基金系列－英國股票(英鎊)A1-累積,yfinance,股票型,英國
B23092,2015-06-29,4.110000133514404,英鎊,施羅德環球基金系列－英國股票(英鎊)A1-累積,yfinance,股票型,英國
B23092,2015-06-30,4.070000171661377,英鎊,施羅德環球基金系列－英國股票(英鎊)A1-累積,yfinance,股票型,英國
B23092,2015-07-01,4.090000152587891,英鎊,施羅德環球基金系列－英國股票(英鎊)A1-累積,yfinance,股票型,英國
B23092,2015-07-02,4.090000152587891,英鎊,施羅德環球基金系列－英國股票(英鎊)A1-累積,yfinance,股票型,英國
B23092,2015-07-03,4.079999923706055,英鎊,施羅德環球基金系列－英國股票(英鎊)A1-累積,yfinance,股票型,英國
B23092,2015-07-06,4.039999961853027,英鎊,施羅德環球基金系列－英國股票(英鎊)A1-累積,yfinance,股票型,英國
B23092,2015-07-07,4.019999980926514,英鎊,施羅德環球基金系列－英國股票(英鎊)A1-累積,yfinance,股票型,英國
B23092,2015-07-08,4.010000228881836,英鎊,施羅德環球基金系列－英國股票(英鎊)A1-累積,yfinance,股票型,英國
B23092,2015-07-09,4.039999961853027,英鎊,施羅德環球基金系列－英國股票(英鎊)A1-累積,yfinance,股票型,英國
B23092,2015-07-10,4.090000152587891,英鎊,施羅德環球基金系列－英國股票(英鎊)A1-累積,yfinance,股票型,英國
B23092,2015-07-13,4.130000114440918,英鎊,施羅德環球基金系列－英國股票(英鎊)A1-累積,yfinance,股票型,英國
B23092,2015-07-14,4.130000114440918,英鎊,施羅德環球基金系列－英國股票(英鎊)A1-累積,yfinance,股票型,英國
B23092,2015-07-15,4.139999866485596,英鎊,施羅德環球基金系列－英國股票(英鎊)A1-累積,yfinance,股票型,英國
B23092,2015-07-16,4.170000076293945,英鎊,施羅德環球基金系列－英國股票(英鎊)A1-累積,yfinance,股票型,英國
B23092,2015-07-17,4.170000076293945,英鎊,施羅德環球基金系列－英國股票(英鎊)A1-累積,yfinance,股票型,英國
B23092,2015-07-20,4.159999847412109,英鎊,施羅德環球基金系列－英國股票(英鎊)A1-累積,yfinance,股票型,英國
B23092,2015-07-21,4.159999847412109,英鎊,施羅德環球基金系列－英國股票(英鎊)A1-累積,yfinance,股票型,英國
B23092,2015-07-22,4.110000133514404,英鎊,施羅德環球基金系列－英國股票(英鎊)A1-累積,yfinance,股票型,英國
B23092,2015-07-23,4.110000133514404,英鎊,施羅德環球基金系列－英國股票(英鎊)A1-累積,yfinance,股票型,英國
B23092,2015-07-24,4.099999904632568,英鎊,施羅德環球基金系列－英國股票(英鎊)A1-累積,yfinance,股票型,英國
B23092,2015-07-27,4.03000020980835,英鎊,施羅德環球基金系列－英國股票(英鎊)A1-累積,yfinance,股票型,英國
B23092,2015-07-28,4.039999961853027,英鎊,施羅德環球基金系列－英國股票(英鎊)A1-累積,yfinance,股票型,英國
B23092,2015-07-29,4.059999942779541,英鎊,施羅德環球基金系列－英國股票(英鎊)A1-累積,yfinance,股票型,英國
B23092,2015-07-30,4.099999904632568,英鎊,施羅德環球基金系列－英國股票(英鎊)A1-累積,yfinance,股票型,英國
B23092,2015-07-31,4.099999904632568,英鎊,施羅德環球基金系列－英國股票(英鎊)A1-累積,yfinance,股票型,英國
B23092,2015-08-03,4.110000133514404,英鎊,施羅德環球基金系列－英國股票(英鎊)A1-累積,yfinance,股票型,英國
B23092,2015-08-04,4.119999885559082,英鎊,施羅德環球基金系列－英國股票(英鎊)A1-累積,yfinance,股票型,英國
B23092,2015-08-05,4.139999866485596,英鎊,施羅德環球基金系列－英國股票(英鎊)A1-累積,yfinance,股票型,英國
B23092,2015-08-06,4.150000095367432,英鎊,施羅德環球基金系列－英國股票(英鎊)A1-累積,yfinance,股票型,英國
B23092,2015-08-07,4.139999866485596,英鎊,施羅德環球基金系列－英國股票(英鎊)A1-累積,yfinance,股票型,英國
B23092,2015-08-10,4.110000133514404,英鎊,施羅德環球基金系列－英國股票(英鎊)A1-累積,yfinance,股票型,英國
B23092,2015-08-11,4.099999904632568,英鎊,施羅德環球基金系列－英國股票(英鎊)A1-累積,yfinance,股票型,英國
B23092,2015-08-12,4.059999942779541,英鎊,施羅德環球基金系列－英國股票(英鎊)A1-累積,yfinance,股票型,英國
B23092,2015-08-13,4.079999923706055,英鎊,施羅德環球基金系列－英國股票(英鎊)A1-累積,yfinance,股票型,英國
B23092,2015-08-14,4.059999942779541,英鎊,施羅德環球基金系列－英國股票(英鎊)A1-累積,yfinance,股票型,英國
B23092,2015-08-17,4.050000190734863,英鎊,施羅德環球基金系列－英國股票(英鎊)A1-累積,yfinance,股票型,英國
B23092,2015-08-18,4.059999942779541,英鎊,施羅德環球基金系列－英國股票(英鎊)A1-累積,yfinance,股票型,英國
B23092,2015-08-19,4.019999980926514,英鎊,施羅德環球基金系列－英國股票(英鎊)A1-累積,yfinance,股票型,英國
B23092,2015-08-20,3.9800000190734863,英鎊,施羅德環球基金系列－英國股票(英鎊)A1-累積,yfinance,股票型,英國
B23092,2015-08-21,3.9100000858306885,英鎊,施羅德環球基金系列－英國股票(英鎊)A1-累積,yfinance,股票型,英國
B23092,2015-08-24,3.7200000286102295,英鎊,施羅德環球基金系列－英國股票(英鎊)A1-累積,yfinance,股票型,英國
B23092,2015-08-25,3.809999942779541,英鎊,施羅德環球基金系列－英國股票(英鎊)A1-累積,yfinance,股票型,英國
B23092,2015-08-26,3.819999933242798,英鎊,施羅德環球基金系列－英國股票(英鎊)A1-累積,yfinance,股票型,英國
B23092,2015-08-27,3.859999895095825,英鎊,施羅德環球基金系列－英國股票(英鎊)A1-累積,yfinance,股票型,英國
B23092,2015-08-28,3.869999885559082,英鎊,施羅德環球基金系列－英國股票(英鎊)A1-累積,yfinance,股票型,英國
B23092,2015-09-01,3.809999942779541,英鎊,施羅德環球基金系列－英國股票(英鎊)A1-累積,yfinance,股票型,英國
B23092,2015-09-02,3.8499999046325684,英鎊,施羅德環球基金系列－英國股票(英鎊)A1-累積,yfinance,股票型,英國
B23092,2015-09-03,3.890000104904175,英鎊,施羅德環球基金系列－英國股票(英鎊)A1-累積,yfinance,股票型,英國
B23092,2015-09-04,3.8299999237060547,英鎊,施羅德環球基金系列－英國股票(英鎊)A1-累積,yfinance,股票型,英國
B23092,2015-09-07,3.819999933242798,英鎊,施羅德環球基金系列－英國股票(英鎊)A1-累積,yfinance,股票型,英國
B23092,2015-09-08,3.880000114440918,英鎊,施羅德環球基金系列－英國股票(英鎊)A1-累積,yfinance,股票型,英國
B23092,2015-09-09,3.930000066757202,英鎊,施羅德環球基金系列－英國股票(英鎊)A1-累積,yfinance,股票型,英國
B23092,2015-09-10,3.859999895095825,英鎊,施羅德環球基金系列－英國股票(英鎊)A1-累積,yfinance,股票型,英國
B23092,2015-09-11,3.8499999046325684,英鎊,施羅德環球基金系列－英國股票(英鎊)A1-累積,yfinance,股票型,英國
B23092,2015-09-14,3.8299999237060547,英鎊,施羅德環球基金系列－英國股票(英鎊)A1-累積,yfinance,股票型,英國
B23092,2015-09-15,3.8299999237060547,英鎊,施羅德環球基金系列－英國股票(英鎊)A1-累積,yfinance,股票型,英國
B23092,2015-09-16,3.880000114440918,英鎊,施羅德環球基金系列－英國股票(英鎊)A1-累積,yfinance,股票型,英國
B23092,2015-09-17,3.880000114440918,英鎊,施羅德環球基金系列－英國股票(英鎊)A1-累積,yfinance,股票型,英國
B23092,2015-09-18,3.799999952316284,英鎊,施羅德環球基金系列－英國股票(英鎊)A1-累積,yfinance,股票型,英國
B23092,2015-09-21,3.8399999141693115,英鎊,施羅德環球基金系列－英國股票(英鎊)A1-累積,yfinance,股票型,英國
B23092,2015-09-22,3.740000009536743,英鎊,施羅德環球基金系列－英國股票(英鎊)A1-累積,yfinance,股票型,英國
B23092,2015-09-23,3.7899999618530273,英鎊,施羅德環球基金系列－英國股票(英鎊)A1-累積,yfinance,股票型,英國
B23092,2015-09-24,3.75,英鎊,施羅德環球基金系列－英國股票(英鎊)A1-累積,yfinance,股票型,英國
B23092,2015-09-25,3.819999933242798,英鎊,施羅德環球基金系列－英國股票(英鎊)A1-累積,yfinance,股票型,英國
B23092,2015-09-28,3.7699999809265137,英鎊,施羅德環球基金系列－英國股票(英鎊)A1-累積,yfinance,股票型,英國
B23092,2015-09-29,3.7300000190734863,英鎊,施羅德環球基金系列－英國股票(英鎊)A1-累積,yfinance,股票型,英國
B23092,2015-09-30,3.7699999809265137,英鎊,施羅德環球基金系列－英國股票(英鎊)A1-累積,yfinance,股票型,英國
B23092,2015-10-01,3.799999952316284,英鎊,施羅德環球基金系列－英國股票(英鎊)A1-累積,yfinance,股票型,英國
B23092,2015-10-02,3.799999952316284,英鎊,施羅德環球基金系列－英國股票(英鎊)A1-累積,yfinance,股票型,英國
B23092,2015-10-05,3.890000104904175,英鎊,施羅德環球基金系列－英國股票(英鎊)A1-累積,yfinance,股票型,英國
B23092,2015-10-06,3.9000000953674316,英鎊,施羅德環球基金系列－英國股票(英鎊)A1-累積,yfinance,股票型,英國
B23092,2015-10-07,3.9100000858306885,英鎊,施羅德環球基金系列－英國股票(英鎊)A1-累積,yfinance,股票型,英國
B23092,2015-10-08,3.9000000953674316,英鎊,施羅德環球基金系列－英國股票(英鎊)A1-累積,yfinance,股票型,英國
B23092,2015-10-09,3.950000047683716,英鎊,施羅德環球基金系列－英國股票(英鎊)A1-累積,yfinance,股票型,英國
B23092,2015-10-12,3.9100000858306885,英鎊,施羅德環球基金系列－英國股票(英鎊)A1-累積,yfinance,股票型,英國
B23092,2015-10-13,3.880000114440918,英鎊,施羅德環球基金系列－英國股票(英鎊)A1-累積,yfinance,股票型,英國
B23092,2015-10-14,3.8499999046325684,英鎊,施羅德環球基金系列－英國股票(英鎊)A1-累積,yfinance,股票型,英國
B23092,2015-10-15,3.880000114440918,英鎊,施羅德環球基金系列－英國股票(英鎊)A1-累積,yfinance,股票型,英國
B23092,2015-10-16,3.890000104904175,英鎊,施羅德環球基金系列－英國股票(英鎊)A1-累積,yfinance,股票型,英國
B23092,2015-10-19,3.869999885559082,英鎊,施羅德環球基金系列－英國股票(英鎊)A1-累積,yfinance,股票型,英國
B23092,2015-10-20,3.869999885559082,英鎊,施羅德環球基金系列－英國股票(英鎊)A1-累積,yfinance,股票型,英國
B23092,2015-10-21,3.880000114440918,英鎊,施羅德環球基金系列－英國股票(英鎊)A1-累積,yfinance,股票型,英國
B23092,2015-10-22,3.869999885559082,英鎊,施羅德環球基金系列－英國股票(英鎊)A1-累積,yfinance,股票型,英國
B23092,2015-10-23,3.930000066757202,英鎊,施羅德環球基金系列－英國股票(英鎊)A1-累積,yfinance,股票型,英國
B23092,2015-10-26,3.930000066757202,英鎊,施羅德環球基金系列－英國股票(英鎊)A1-累積,yfinance,股票型,英國
B23092,2015-10-27,3.880000114440918,英鎊,施羅德環球基金系列－英國股票(英鎊)A1-累積,yfinance,股票型,英國
B23092,2015-10-28,3.890000104904175,英鎊,施羅德環球基金系列－英國股票(英鎊)A1-累積,yfinance,股票型,英國
B23092,2015-10-29,3.880000114440918,英鎊,施羅德環球基金系列－英國股票(英鎊)A1-累積,yfinance,股票型,英國
B23092,2015-10-30,3.869999885559082,英鎊,施羅德環球基金系列－英國股票(英鎊)A1-累積,yfinance,股票型,英國
B23092,2015-11-02,3.880000114440918,英鎊,施羅德環球基金系列－英國股票(英鎊)A1-累積,yfinance,股票型,英國
B23092,2015-11-03,3.890000104904175,英鎊,施羅德環球基金系列－英國股票(英鎊)A1-累積,yfinance,股票型,英國
B23092,2015-11-04,3.930000066757202,英鎊,施羅德環球基金系列－英國股票(英鎊)A1-累積,yfinance,股票型,英國
B23092,2015-11-05,3.9100000858306885,英鎊,施羅德環球基金系列－英國股票(英鎊)A1-累積,yfinance,股票型,英國
B23092,2015-11-06,3.9100000858306885,英鎊,施羅德環球基金系列－英國股票(英鎊)A1-累積,yfinance,股票型,英國
B23092,2015-11-09,3.9100000858306885,英鎊,施羅德環球基金系列－英國股票(英鎊)A1-累積,yfinance,股票型,英國
B23092,2015-11-10,3.859999895095825,英鎊,施羅德環球基金系列－英國股票(英鎊)A1-累積,yfinance,股票型,英國
B23092,2015-11-11,3.890000104904175,英鎊,施羅德環球基金系列－英國股票(英鎊)A1-累積,yfinance,股票型,英國
B23092,2015-11-12,3.8499999046325684,英鎊,施羅德環球基金系列－英國股票(英鎊)A1-累積,yfinance,股票型,英國
B23092,2015-11-13,3.7899999618530273,英鎊,施羅德環球基金系列－英國股票(英鎊)A1-累積,yfinance,股票型,英國
B23092,2015-11-16,3.809999942779541,英鎊,施羅德環球基金系列－英國股票(英鎊)A1-累積,yfinance,股票型,英國
B23092,2015-11-17,3.9000000953674316,英鎊,施羅德環球基金系列－英國股票(英鎊)A1-累積,yfinance,股票型,英國
B23092,2015-11-18,3.9000000953674316,英鎊,施羅德環球基金系列－英國股票(英鎊)A1-累積,yfinance,股票型,英國
B23092,2015-11-19,3.940000057220459,英鎊,施羅德環球基金系列－英國股票(英鎊)A1-累積,yfinance,股票型,英國
B23092,2015-11-20,3.940000057220459,英鎊,施羅德環球基金系列－英國股票(英鎊)A1-累積,yfinance,股票型,英國
B23092,2015-11-23,3.9100000858306885,英鎊,施羅德環球基金系列－英國股票(英鎊)A1-累積,yfinance,股票型,英國
B23092,2015-11-24,3.869999885559082,英鎊,施羅德環球基金系列－英國股票(英鎊)A1-累積,yfinance,股票型,英國
B23092,2015-11-25,3.9200000762939453,英鎊,施羅德環球基金系列－英國股票(英鎊)A1-累積,yfinance,股票型,英國
B23092,2015-11-26,3.950000047683716,英鎊,施羅德環球基金系列－英國股票(英鎊)A1-累積,yfinance,股票型,英國
B23092,2015-11-27,3.9600000381469727,英鎊,施羅德環球基金系列－英國股票(英鎊)A1-累積,yfinance,股票型,英國
B23092,2015-11-30,3.9700000286102295,英鎊,施羅德環球基金系列－英國股票(英鎊)A1-累積,yfinance,股票型,英國
B23092,2015-12-01,3.990000009536743,英鎊,施羅德環球基金系列－英國股票(英鎊)A1-累積,yfinance,股票型,英國
B23092,2015-12-02,4.0,英鎊,施羅德環球基金系列－英國股票(英鎊)A1-累積,yfinance,股票型,英國
B23092,2015-12-03,3.9800000190734863,英鎊,施羅德環球基金系列－英國股票(英鎊)A1-累積,yfinance,股票型,英國
B23092,2015-12-04,3.930000066757202,英鎊,施羅德環球基金系列－英國股票(英鎊)A1-累積,yfinance,股票型,英國
B23092,2015-12-07,3.930000066757202,英鎊,施羅德環球基金系列－英國股票(英鎊)A1-累積,yfinance,股票型,英國
B23092,2015-12-08,3.869999885559082,英鎊,施羅德環球基金系列－英國股票(英鎊)A1-累積,yfinance,股票型,英國
B23092,2015-12-09,3.8499999046325684,英鎊,施羅德環球基金系列－英國股票(英鎊)A1-累積,yfinance,股票型,英國
B23092,2015-12-10,3.8499999046325684,英鎊,施羅德環球基金系列－英國股票(英鎊)A1-累積,yfinance,股票型,英國
B23092,2015-12-11,3.809999942779541,英鎊,施羅德環球基金系列－英國股票(英鎊)A1-累積,yfinance,股票型,英國
B23092,2015-12-14,3.7899999618530273,英鎊,施羅德環球基金系列－英國股票(英鎊)A1-累積,yfinance,股票型,英國
B23092,2015-12-15,3.809999942779541,英鎊,施羅德環球基金系列－英國股票(英鎊)A1-累積,yfinance,股票型,英國
B23092,2015-12-16,3.8499999046325684,英鎊,施羅德環球基金系列－英國股票(英鎊)A1-累積,yfinance,股票型,英國
B23092,2015-12-17,3.880000114440918,英鎊,施羅德環球基金系列－英國股票(英鎊)A1-累積,yfinance,股票型,英國
B23092,2015-12-18,3.8499999046325684,英鎊,施羅德環球基金系列－英國股票(英鎊)A1-累積,yfinance,股票型,英國
B23092,2015-12-21,3.880000114440918,英鎊,施羅德環球基金系列－英國股票(英鎊)A1-累積,yfinance,股票型,英國
B23092,2015-12-22,3.859999895095825,英鎊,施羅德環球基金系列－英國股票(英鎊)A1-累積,yfinance,股票型,英國
B23092,2015-12-23,3.930000066757202,英鎊,施羅德環球基金系列－英國股票(英鎊)A1-累積,yfinance,股票型,英國
B23092,2015-12-29,3.9800000190734863,英鎊,施羅德環球基金系列－英國股票(英鎊)A1-累積,yfinance,股票型,英國
B23092,2015-12-30,3.9700000286102295,英鎊,施羅德環球基金系列－英國股票(英鎊)A1-累積,yfinance,股票型,英國
B23092,2015-12-31,3.950000047683716,英鎊,施羅德環球基金系列－英國股票(英鎊)A1-累積,yfinance,股票型,英國
B24073,2015-01-02,3.4272427558898926,英鎊,霸菱成熟及新興市場非投資等級債券基金-G類英鎊避險季配息型,yfinance,債券型,全球市場
B24073,2015-01-05,3.4272427558898926,英鎊,霸菱成熟及新興市場非投資等級債券基金-G類英鎊避險季配息型,yfinance,債券型,全球市場
B24073,2015-01-06,3.4121670722961426,英鎊,霸菱成熟及新興市場非投資等級債券基金-G類英鎊避險季配息型,yfinance,債券型,全球市場
B24073,2015-01-07,3.39206600189209,英鎊,霸菱成熟及新興市場非投資等級債券基金-G類英鎊避險季配息型,yfinance,債券型,全球市場
B24073,2015-01-08,3.402116298675537,英鎊,霸菱成熟及新興市場非投資等級債券基金-G類英鎊避險季配息型,yfinance,債券型,全球市場
B24073,2015-01-09,3.4222171306610107,英鎊,霸菱成熟及新興市場非投資等級債券基金-G類英鎊避險季配息型,yfinance,債券型,全球市場
B24073,2015-01-12,3.4272427558898926,英鎊,霸菱成熟及新興市場非投資等級債券基金-G類英鎊避險季配息型,yfinance,債券型,全球市場
B24073,2015-01-13,3.4222171306610107,英鎊,霸菱成熟及新興市場非投資等級債券基金-G類英鎊避險季配息型,yfinance,債券型,全球市場
B24073,2015-01-14,3.4222171306610107,英鎊,霸菱成熟及新興市場非投資等級債券基金-G類英鎊避險季配息型,yfinance,債券型,全球市場
B24073,2015-01-15,3.417191505432129,英鎊,霸菱成熟及新興市場非投資等級債券基金-G類英鎊避險季配息型,yfinance,債券型,全球市場
B24073,2015-01-16,3.4222171306610107,英鎊,霸菱成熟及新興市場非投資等級債券基金-G類英鎊避險季配息型,yfinance,債券型,全球市場
B24073,2015-01-19,3.4222171306610107,英鎊,霸菱成熟及新興市場非投資等級債券基金-G類英鎊避險季配息型,yfinance,債券型,全球市場
B24073,2015-01-20,3.4222171306610107,英鎊,霸菱成熟及新興市場非投資等級債券基金-G類英鎊避險季配息型,yfinance,債券型,全球市場
B24073,2015-01-21,3.4222171306610107,英鎊,霸菱成熟及新興市場非投資等級債券基金-G類英鎊避險季配息型,yfinance,債券型,全球市場
B24073,2015-01-22,3.4222171306610107,英鎊,霸菱成熟及新興市場非投資等級債券基金-G類英鎊避險季配息型,yfinance,債券型,全球市場
B24073,2015-01-23,3.432267904281616,英鎊,霸菱成熟及新興市場非投資等級債券基金-G類英鎊避險季配息型,yfinance,債券型,全球市場
B24073,2015-01-26,3.442318916320801,英鎊,霸菱成熟及新興市場非投資等級債券基金-G類英鎊避險季配息型,yfinance,債券型,全球市場
B24073,2015-01-27,3.442318916320801,英鎊,霸菱成熟及新興市場非投資等級債券基金-G類英鎊避險季配息型,yfinance,債券型,全球市場
B24073,2015-01-28,3.442318916320801,英鎊,霸菱成熟及新興市場非投資等級債券基金-G類英鎊避險季配息型,yfinance,債券型,全球市場
B24073,2015-01-29,3.452369451522827,英鎊,霸菱成熟及新興市場非投資等級債券基金-G類英鎊避險季配息型,yfinance,債券型,全球市場
B24073,2015-01-30,3.447343587875366,英鎊,霸菱成熟及新興市場非投資等級債券基金-G類英鎊避險季配息型,yfinance,債券型,全球市場
B24073,2015-02-02,3.444859027862549,英鎊,霸菱成熟及新興市場非投資等級債券基金-G類英鎊避險季配息型,yfinance,債券型,全球市場
B24073,2015-02-03,3.444859027862549,英鎊,霸菱成熟及新興市場非投資等級債券基金-G類英鎊避險季配息型,yfinance,債券型,全球市場
B24073,2015-02-04,3.460193634033203,英鎊,霸菱成熟及新興市場非投資等級債券基金-G類英鎊避險季配息型,yfinance,債券型,全球市場
B24073,2015-02-05,3.460193634033203,英鎊,霸菱成熟及新興市場非投資等級債券基金-G類英鎊避險季配息型,yfinance,債券型,全球市場
B24073,2015-02-06,3.4704153537750244,英鎊,霸菱成熟及新興市場非投資等級債券基金-G類英鎊避險季配息型,yfinance,債券型,全球市場
B24073,2015-02-09,3.485748052597046,英鎊,霸菱成熟及新興市場非投資等級債券基金-G類英鎊避險季配息型,yfinance,債券型,全球市場
B24073,2015-02-10,3.485748052597046,英鎊,霸菱成熟及新興市場非投資等級債券基金-G類英鎊避險季配息型,yfinance,債券型,全球市場
B24073,2015-02-11,3.490859270095825,英鎊,霸菱成熟及新興市場非投資等級債券基金-G類英鎊避險季配息型,yfinance,債券型,全球市場
B24073,2015-02-12,3.485748052597046,英鎊,霸菱成熟及新興市場非投資等級債券基金-G類英鎊避險季配息型,yfinance,債券型,全球市場
B24073,2015-02-13,3.490859270095825,英鎊,霸菱成熟及新興市場非投資等級債券基金-G類英鎊避險季配息型,yfinance,債券型,全球市場
B24073,2015-02-16,3.501082420349121,英鎊,霸菱成熟及新興市場非投資等級債券基金-G類英鎊避險季配息型,yfinance,債券型,全球市場
B24073,2015-02-17,3.501082420349121,英鎊,霸菱成熟及新興市場非投資等級債券基金-G類英鎊避險季配息型,yfinance,債券型,全球市場
B24073,2015-02-18,3.5061917304992676,英鎊,霸菱成熟及新興市場非投資等級債券基金-G類英鎊避險季配息型,yfinance,債券型,全球市場
B24073,2015-02-19,3.511303186416626,英鎊,霸菱成熟及新興市場非投資等級債券基金-G類英鎊避險季配息型,yfinance,債券型,全球市場
B24073,2015-02-20,3.51641583442688,英鎊,霸菱成熟及新興市場非投資等級債券基金-G類英鎊避險季配息型,yfinance,債券型,全球市場
B24073,2015-02-23,3.51641583442688,英鎊,霸菱成熟及新興市場非投資等級債券基金-G類英鎊避險季配息型,yfinance,債券型,全球市場
B24073,2015-02-24,3.51641583442688,英鎊,霸菱成熟及新興市場非投資等級債券基金-G類英鎊避險季配息型,yfinance,債券型,全球市場
B24073,2015-02-25,3.5215253829956055,英鎊,霸菱成熟及新興市場非投資等級債券基金-G類英鎊避險季配息型,yfinance,債券型,全球市場
B24073,2015-02-26,3.526636838912964,英鎊,霸菱成熟及新興市場非投資等級債券基金-G類英鎊避險季配息型,yfinance,債券型,全球市場
B24073,2015-02-27,3.5317471027374268,英鎊,霸菱成熟及新興市場非投資等級債券基金-G類英鎊避險季配息型,yfinance,債券型,全球市場
B24073,2015-03-02,3.541970729827881,英鎊,霸菱成熟及新興市場非投資等級債券基金-G類英鎊避險季配息型,yfinance,債券型,全球市場
B24073,2015-03-03,3.541970729827881,英鎊,霸菱成熟及新興市場非投資等級債券基金-G類英鎊避險季配息型,yfinance,債券型,全球市場
B24073,2015-03-04,3.541970729827881,英鎊,霸菱成熟及新興市場非投資等級債券基金-G類英鎊避險季配息型,yfinance,債券型,全球市場
B24073,2015-03-05,3.541970729827881,英鎊,霸菱成熟及新興市場非投資等級債券基金-G類英鎊避險季配息型,yfinance,債券型,全球市場
B24073,2015-03-06,3.541970729827881,英鎊,霸菱成熟及新興市場非投資等級債券基金-G類英鎊避險季配息型,yfinance,債券型,全球市場
B24073,2015-03-09,3.541970729827881,英鎊,霸菱成熟及新興市場非投資等級債券基金-G類英鎊避險季配息型,yfinance,債券型,全球市場
B24073,2015-03-10,3.5368587970733643,英鎊,霸菱成熟及新興市場非投資等級債券基金-G類英鎊避險季配息型,yfinance,債券型,全球市場
B24073,2015-03-11,3.526636838912964,英鎊,霸菱成熟及新興市場非投資等級債券基金-G類英鎊避險季配息型,yfinance,債券型,全球市場
B24073,2015-03-12,3.526636838912964,英鎊,霸菱成熟及新興市場非投資等級債券基金-G類英鎊避險季配息型,yfinance,債券型,全球市場
B24073,2015-03-13,3.526636838912964,英鎊,霸菱成熟及新興市場非投資等級債券基金-G類英鎊避險季配息型,yfinance,債券型,全球市場
B24073,2015-03-16,3.51641583442688,英鎊,霸菱成熟及新興市場非投資等級債券基金-G類英鎊避險季配息型,yfinance,債券型,全球市場
B24073,2015-03-18,3.501082420349121,英鎊,霸菱成熟及新興市場非投資等級債券基金-G類英鎊避險季配息型,yfinance,債券型,全球市場
B24073,2015-03-19,3.4959704875946045,英鎊,霸菱成熟及新興市場非投資等級債券基金-G類英鎊避險季配息型,yfinance,債券型,全球市場
B24073,2015-03-20,3.5061917304992676,英鎊,霸菱成熟及新興市場非投資等級債券基金-G類英鎊避險季配息型,yfinance,債券型,全球市場
B24073,2015-03-23,3.51641583442688,英鎊,霸菱成熟及新興市場非投資等級債券基金-G類英鎊避險季配息型,yfinance,債券型,全球市場
B24073,2015-03-24,3.51641583442688,英鎊,霸菱成熟及新興市場非投資等級債券基金-G類英鎊避險季配息型,yfinance,債券型,全球市場
B24073,2015-03-25,3.51641583442688,英鎊,霸菱成熟及新興市場非投資等級債券基金-G類英鎊避險季配息型,yfinance,債券型,全球市場
B24073,2015-03-26,3.51641583442688,英鎊,霸菱成熟及新興市場非投資等級債券基金-G類英鎊避險季配息型,yfinance,債券型,全球市場
B24073,2015-03-27,3.51641583442688,英鎊,霸菱成熟及新興市場非投資等級債券基金-G類英鎊避險季配息型,yfinance,債券型,全球市場
B24073,2015-03-30,3.5215253829956055,英鎊,霸菱成熟及新興市場非投資等級債券基金-G類英鎊避險季配息型,yfinance,債券型,全球市場
B24073,2015-03-31,3.5215253829956055,英鎊,霸菱成熟及新興市場非投資等級債券基金-G類英鎊避險季配息型,yfinance,債券型,全球市場
B24073,2015-04-01,3.526636838912964,英鎊,霸菱成熟及新興市場非投資等級債券基金-G類英鎊避險季配息型,yfinance,債券型,全球市場
B24073,2015-04-02,3.526636838912964,英鎊,霸菱成熟及新興市場非投資等級債券基金-G類英鎊避險季配息型,yfinance,債券型,全球市場
B24073,2015-04-07,3.541970729827881,英鎊,霸菱成熟及新興市場非投資等級債券基金-G類英鎊避險季配息型,yfinance,債券型,全球市場
B24073,2015-04-08,3.5470821857452393,英鎊,霸菱成熟及新興市場非投資等級債券基金-G類英鎊避險季配息型,yfinance,債券型,全球市場
B24073,2015-04-09,3.5573017597198486,英鎊,霸菱成熟及新興市場非投資等級債券基金-G類英鎊避險季配息型,yfinance,債券型,全球市場
B24073,2015-04-10,3.5624136924743652,英鎊,霸菱成熟及新興市場非投資等級債券基金-G類英鎊避險季配息型,yfinance,債券型,全球市場
B24073,2015-04-13,3.5675249099731445,英鎊,霸菱成熟及新興市場非投資等級債券基金-G類英鎊避險季配息型,yfinance,債券型,全球市場
B24073,2015-04-14,3.572636604309082,英鎊,霸菱成熟及新興市場非投資等級債券基金-G類英鎊避險季配息型,yfinance,債券型,全球市場
B24073,2015-04-15,3.5675249099731445,英鎊,霸菱成熟及新興市場非投資等級債券基金-G類英鎊避險季配息型,yfinance,債券型,全球市場
B24073,2015-04-16,3.572636604309082,英鎊,霸菱成熟及新興市場非投資等級債券基金-G類英鎊避險季配息型,yfinance,債券型,全球市場
B24073,2015-04-17,3.5777485370635986,英鎊,霸菱成熟及新興市場非投資等級債券基金-G類英鎊避險季配息型,yfinance,債券型,全球市場
B24073,2015-04-20,3.572636604309082,英鎊,霸菱成熟及新興市場非投資等級債券基金-G類英鎊避險季配息型,yfinance,債券型,全球市場
B24073,2015-04-21,3.5777485370635986,英鎊,霸菱成熟及新興市場非投資等級債券基金-G類英鎊避險季配息型,yfinance,債券型,全球市場
B24073,2015-04-22,3.572636604309082,英鎊,霸菱成熟及新興市場非投資等級債券基金-G類英鎊避險季配息型,yfinance,債券型,全球市場
B24073,2015-04-23,3.572636604309082,英鎊,霸菱成熟及新興市場非投資等級債券基金-G類英鎊避險季配息型,yfinance,債券型,全球市場
B24073,2015-04-24,3.572636604309082,英鎊,霸菱成熟及新興市場非投資等級債券基金-G類英鎊避險季配息型,yfinance,債券型,全球市場
B24073,2015-04-27,3.5777485370635986,英鎊,霸菱成熟及新興市場非投資等級債券基金-G類英鎊避險季配息型,yfinance,債券型,全球市場
B24073,2015-04-28,3.5777485370635986,英鎊,霸菱成熟及新興市場非投資等級債券基金-G類英鎊避險季配息型,yfinance,債券型,全球市場
B24073,2015-04-29,3.5777485370635986,英鎊,霸菱成熟及新興市場非投資等級債券基金-G類英鎊避險季配息型,yfinance,債券型,全球市場
B24073,2015-04-30,3.5777485370635986,英鎊,霸菱成熟及新興市場非投資等級債券基金-G類英鎊避險季配息型,yfinance,債券型,全球市場
B24073,2015-05-01,3.5747122764587402,英鎊,霸菱成熟及新興市場非投資等級債券基金-G類英鎊避險季配息型,yfinance,債券型,全球市場
B24073,2015-05-05,3.579909563064575,英鎊,霸菱成熟及新興市場非投資等級債券基金-G類英鎊避險季配息型,yfinance,債券型,全球市場
B24073,2015-05-06,3.5851051807403564,英鎊,霸菱成熟及新興市場非投資等級債券基金-G類英鎊避險季配息型,yfinance,債券型,全球市場
B24073,2015-05-07,3.5747122764587402,英鎊,霸菱成熟及新興市場非投資等級債券基金-G類英鎊避險季配息型,yfinance,債券型,全球市場
B24073,2015-05-08,3.5747122764587402,英鎊,霸菱成熟及新興市場非投資等級債券基金-G類英鎊避險季配息型,yfinance,債券型,全球市場
B24073,2015-05-11,3.579909563064575,英鎊,霸菱成熟及新興市場非投資等級債券基金-G類英鎊避險季配息型,yfinance,債券型,全球市場
B24073,2015-05-12,3.5851051807403564,英鎊,霸菱成熟及新興市場非投資等級債券基金-G類英鎊避險季配息型,yfinance,債券型,全球市場
B24073,2015-05-13,3.579909563064575,英鎊,霸菱成熟及新興市場非投資等級債券基金-G類英鎊避險季配息型,yfinance,債券型,全球市場
B24073,2015-05-14,3.5851051807403564,英鎊,霸菱成熟及新興市場非投資等級債券基金-G類英鎊避險季配息型,yfinance,債券型,全球市場
B24073,2015-05-15,3.5851051807403564,英鎊,霸菱成熟及新興市場非投資等級債券基金-G類英鎊避險季配息型,yfinance,債券型,全球市場
B24073,2015-05-18,3.5903000831604004,英鎊,霸菱成熟及新興市場非投資等級債券基金-G類英鎊避險季配息型,yfinance,債券型,全球市場
B24073,2015-05-19,3.5903000831604004,英鎊,霸菱成熟及新興市場非投資等級債券基金-G類英鎊避險季配息型,yfinance,債券型,全球市場
B24073,2015-05-20,3.5851051807403564,英鎊,霸菱成熟及新興市場非投資等級債券基金-G類英鎊避險季配息型,yfinance,債券型,全球市場
B24073,2015-05-21,3.5851051807403564,英鎊,霸菱成熟及新興市場非投資等級債券基金-G類英鎊避險季配息型,yfinance,債券型,全球市場
B24073,2015-05-22,3.5903000831604004,英鎊,霸菱成熟及新興市場非投資等級債券基金-G類英鎊避險季配息型,yfinance,債券型,全球市場
B24073,2015-05-26,3.5903000831604004,英鎊,霸菱成熟及新興市場非投資等級債券基金-G類英鎊避險季配息型,yfinance,債券型,全球市場
B24073,2015-05-27,3.5851051807403564,英鎊,霸菱成熟及新興市場非投資等級債券基金-G類英鎊避險季配息型,yfinance,債券型,全球市場
B24073,2015-05-28,3.5851051807403564,英鎊,霸菱成熟及新興市場非投資等級債券基金-G類英鎊避險季配息型,yfinance,債券型,全球市場
B24073,2015-05-29,3.5851051807403564,英鎊,霸菱成熟及新興市場非投資等級債券基金-G類英鎊避險季配息型,yfinance,債券型,全球市場
B24073,2015-06-02,3.579909563064575,英鎊,霸菱成熟及新興市場非投資等級債券基金-G類英鎊避險季配息型,yfinance,債券型,全球市場
B24073,2015-06-03,3.579909563064575,英鎊,霸菱成熟及新興市場非投資等級債券基金-G類英鎊避險季配息型,yfinance,債券型,全球市場
B24073,2015-06-04,3.5747122764587402,英鎊,霸菱成熟及新興市場非投資等級債券基金-G類英鎊避險季配息型,yfinance,債券型,全球市場
B24073,2015-06-05,3.569517135620117,英鎊,霸菱成熟及新興市場非投資等級債券基金-G類英鎊避險季配息型,yfinance,債券型,全球市場
B24073,2015-06-08,3.564321994781494,英鎊,霸菱成熟及新興市場非投資等級債券基金-G類英鎊避險季配息型,yfinance,債券型,全球市場
B24073,2015-06-09,3.553929328918457,英鎊,霸菱成熟及新興市場非投資等級債券基金-G類英鎊避險季配息型,yfinance,債券型,全球市場
B24073,2015-06-10,3.5487334728240967,英鎊,霸菱成熟及新興市場非投資等級債券基金-G類英鎊避險季配息型,yfinance,債券型,全球市場
B24073,2015-06-11,3.5487334728240967,英鎊,霸菱成熟及新興市場非投資等級債券基金-G類英鎊避險季配息型,yfinance,債券型,全球市場
B24073,2015-06-12,3.553929328918457,英鎊,霸菱成熟及新興市場非投資等級債券基金-G類英鎊避險季配息型,yfinance,債券型,全球市場
B24073,2015-06-15,3.5487334728240967,英鎊,霸菱成熟及新興市場非投資等級債券基金-G類英鎊避險季配息型,yfinance,債券型,全球市場
B24073,2015-06-16,3.5383434295654297,英鎊,霸菱成熟及新興市場非投資等級債券基金-G類英鎊避險季配息型,yfinance,債券型,全球市場
B24073,2015-06-17,3.533146381378174,英鎊,霸菱成熟及新興市場非投資等級債券基金-G類英鎊避險季配息型,yfinance,債券型,全球市場
B24073,2015-06-18,3.5383434295654297,英鎊,霸菱成熟及新興市場非投資等級債券基金-G類英鎊避險季配息型,yfinance,債券型,全球市場
B24073,2015-06-19,3.5383434295654297,英鎊,霸菱成熟及新興市場非投資等級債券基金-G類英鎊避險季配息型,yfinance,債券型,全球市場
B24073,2015-06-22,3.5435376167297363,英鎊,霸菱成熟及新興市場非投資等級債券基金-G類英鎊避險季配息型,yfinance,債券型,全球市場
B24073,2015-06-23,3.553929328918457,英鎊,霸菱成熟及新興市場非投資等級債券基金-G類英鎊避險季配息型,yfinance,債券型,全球市場
B24073,2015-06-24,3.553929328918457,英鎊,霸菱成熟及新興市場非投資等級債券基金-G類英鎊避險季配息型,yfinance,債券型,全球市場
B24073,2015-06-25,3.553929328918457,英鎊,霸菱成熟及新興市場非投資等級債券基金-G類英鎊避險季配息型,yfinance,債券型,全球市場
B24073,2015-06-26,3.5487334728240967,英鎊,霸菱成熟及新興市場非投資等級債券基金-G類英鎊避險季配息型,yfinance,債券型,全球市場
B24073,2015-06-29,3.5487334728240967,英鎊,霸菱成熟及新興市場非投資等級債券基金-G類英鎊避險季配息型,yfinance,債券型,全球市場
B24073,2015-06-30,3.527949571609497,英鎊,霸菱成熟及新興市場非投資等級債券基金-G類英鎊避險季配息型,yfinance,債券型,全球市場
B24073,2015-07-01,3.5227553844451904,英鎊,霸菱成熟及新興市場非投資等級債券基金-G類英鎊避險季配息型,yfinance,債券型,全球市場
B24073,2015-07-02,3.533146381378174,英鎊,霸菱成熟及新興市場非投資等級債券基金-G類英鎊避險季配息型,yfinance,債券型,全球市場
B24073,2015-07-03,3.5383434295654297,英鎊,霸菱成熟及新興市場非投資等級債券基金-G類英鎊避險季配息型,yfinance,債券型,全球市場
B24073,2015-07-06,3.5383434295654297,英鎊,霸菱成熟及新興市場非投資等級債券基金-G類英鎊避險季配息型,yfinance,債券型,全球市場
B24073,2015-07-07,3.527949571609497,英鎊,霸菱成熟及新興市場非投資等級債券基金-G類英鎊避險季配息型,yfinance,債券型,全球市場
B24073,2015-07-08,3.5123634338378906,英鎊,霸菱成熟及新興市場非投資等級債券基金-G類英鎊避險季配息型,yfinance,債券型,全球市場
B24073,2015-07-09,3.5071682929992676,英鎊,霸菱成熟及新興市場非投資等級債券基金-G類英鎊避險季配息型,yfinance,債券型,全球市場
B24073,2015-07-10,3.5123634338378906,英鎊,霸菱成熟及新興市場非投資等級債券基金-G類英鎊避險季配息型,yfinance,債券型,全球市場
B24073,2015-07-13,3.517559289932251,英鎊,霸菱成熟及新興市場非投資等級債券基金-G類英鎊避險季配息型,yfinance,債券型,全球市場
B24073,2015-07-14,3.5227553844451904,英鎊,霸菱成熟及新興市場非投資等級債券基金-G類英鎊避險季配息型,yfinance,債券型,全球市場
B24073,2015-07-15,3.5227553844451904,英鎊,霸菱成熟及新興市場非投資等級債券基金-G類英鎊避險季配息型,yfinance,債券型,全球市場
B24073,2015-07-16,3.5227553844451904,英鎊,霸菱成熟及新興市場非投資等級債券基金-G類英鎊避險季配息型,yfinance,債券型,全球市場
B24073,2015-07-17,3.527949571609497,英鎊,霸菱成熟及新興市場非投資等級債券基金-G類英鎊避險季配息型,yfinance,債券型,全球市場
B24073,2015-07-20,3.5227553844451904,英鎊,霸菱成熟及新興市場非投資等級債券基金-G類英鎊避險季配息型,yfinance,債券型,全球市場
B24073,2015-07-21,3.517559289932251,英鎊,霸菱成熟及新興市場非投資等級債券基金-G類英鎊避險季配息型,yfinance,債券型,全球市場
B24073,2015-07-22,3.5071682929992676,英鎊,霸菱成熟及新興市場非投資等級債券基金-G類英鎊避險季配息型,yfinance,債券型,全球市場
B24073,2015-07-23,3.491579532623291,英鎊,霸菱成熟及新興市場非投資等級債券基金-G類英鎊避險季配息型,yfinance,債券型,全球市場
B24073,2015-07-24,3.491579532623291,英鎊,霸菱成熟及新興市場非投資等級債券基金-G類英鎊避險季配息型,yfinance,債券型,全球市場
B24073,2015-07-27,3.4863839149475098,英鎊,霸菱成熟及新興市場非投資等級債券基金-G類英鎊避險季配息型,yfinance,債券型,全球市場
B24073,2015-07-28,3.470797300338745,英鎊,霸菱成熟及新興市場非投資等級債券基金-G類英鎊避險季配息型,yfinance,債券型,全球市場
B24073,2015-07-29,3.4759929180145264,英鎊,霸菱成熟及新興市場非投資等級債券基金-G類英鎊避險季配息型,yfinance,債券型,全球市場
B24073,2015-07-30,3.4811882972717285,英鎊,霸菱成熟及新興市場非投資等級債券基金-G類英鎊避險季配息型,yfinance,債券型,全球市場
B24073,2015-07-31,3.4863839149475098,英鎊,霸菱成熟及新興市場非投資等級債券基金-G類英鎊避險季配息型,yfinance,債券型,全球市場
B24073,2015-08-04,3.4188387393951416,英鎊,霸菱成熟及新興市場非投資等級債券基金-G類英鎊避險季配息型,yfinance,債券型,全球市場
B24073,2015-08-05,3.4084486961364746,英鎊,霸菱成熟及新興市場非投資等級債券基金-G類英鎊避險季配息型,yfinance,債券型,全球市場
B24073,2015-08-06,3.4136440753936768,英鎊,霸菱成熟及新興市場非投資等級債券基金-G類英鎊避險季配息型,yfinance,債券型,全球市場
B24073,2015-08-07,3.4032516479492188,英鎊,霸菱成熟及新興市場非投資等級債券基金-G類英鎊避險季配息型,yfinance,債券型,全球市場
B24073,2015-08-10,3.3928608894348145,英鎊,霸菱成熟及新興市場非投資等級債券基金-G類英鎊避險季配息型,yfinance,債券型,全球市場
B24073,2015-08-11,3.3876633644104004,英鎊,霸菱成熟及新興市場非投資等級債券基金-G類英鎊避險季配息型,yfinance,債券型,全球市場
B24073,2015-08-12,3.377271890640259,英鎊,霸菱成熟及新興市場非投資等級債券基金-G類英鎊避險季配息型,yfinance,債券型,全球市場
B24073,2015-08-13,3.3616843223571777,英鎊,霸菱成熟及新興市場非投資等級債券基金-G類英鎊避險季配息型,yfinance,債券型,全球市場
B24073,2015-08-14,3.366880416870117,英鎊,霸菱成熟及新興市場非投資等級債券基金-G類英鎊避險季配息型,yfinance,債券型,全球市場
B24073,2015-08-17,3.3720755577087402,英鎊,霸菱成熟及新興市場非投資等級債券基金-G類英鎊避險季配息型,yfinance,債券型,全球市場
B24073,2015-08-18,3.3720755577087402,英鎊,霸菱成熟及新興市場非投資等級債券基金-G類英鎊避險季配息型,yfinance,債券型,全球市場
B24073,2015-08-19,3.366880416870117,英鎊,霸菱成熟及新興市場非投資等級債券基金-G類英鎊避險季配息型,yfinance,債券型,全球市場
B24073,2015-08-20,3.3512933254241943,英鎊,霸菱成熟及新興市場非投資等級債券基金-G類英鎊避險季配息型,yfinance,債券型,全球市場
B24073,2015-08-21,3.3409016132354736,英鎊,霸菱成熟及新興市場非投資等級債券基金-G類英鎊避險季配息型,yfinance,債券型,全球市場
B24073,2015-08-24,3.3305113315582275,英鎊,霸菱成熟及新興市場非投資等級債券基金-G類英鎊避險季配息型,yfinance,債券型,全球市場
B24073,2015-08-25,3.299335479736328,英鎊,霸菱成熟及新興市場非投資等級債券基金-G類英鎊避險季配息型,yfinance,債券型,全球市場
B24073,2015-08-26,3.3201181888580322,英鎊,霸菱成熟及新興市場非投資等級債券基金-G類英鎊避險季配息型,yfinance,債券型,全球市場
B24073,2015-08-27,3.3253140449523926,英鎊,霸菱成熟及新興市場非投資等級債券基金-G類英鎊避險季配息型,yfinance,債券型,全球市場
B24073,2015-08-28,3.346097946166992,英鎊,霸菱成熟及新興市場非投資等級債券基金-G類英鎊避險季配息型,yfinance,債券型,全球市場
B24073,2015-09-01,3.3512933254241943,英鎊,霸菱成熟及新興市場非投資等級債券基金-G類英鎊避險季配息型,yfinance,債券型,全球市場
B24073,2015-09-02,3.346097946166992,英鎊,霸菱成熟及新興市場非投資等級債券基金-G類英鎊避險季配息型,yfinance,債券型,全球市場
B24073,2015-09-03,3.346097946166992,英鎊,霸菱成熟及新興市場非投資等級債券基金-G類英鎊避險季配息型,yfinance,債券型,全球市場
B24073,2015-09-04,3.346097946166992,英鎊,霸菱成熟及新興市場非投資等級債券基金-G類英鎊避險季配息型,yfinance,債券型,全球市場
B24073,2015-09-07,3.346097946166992,英鎊,霸菱成熟及新興市場非投資等級債券基金-G類英鎊避險季配息型,yfinance,債券型,全球市場
B24073,2015-09-08,3.3409016132354736,英鎊,霸菱成熟及新興市場非投資等級債券基金-G類英鎊避險季配息型,yfinance,債券型,全球市場
B24073,2015-09-09,3.3512933254241943,英鎊,霸菱成熟及新興市場非投資等級債券基金-G類英鎊避險季配息型,yfinance,債券型,全球市場
B24073,2015-09-10,3.3616843223571777,英鎊,霸菱成熟及新興市場非投資等級債券基金-G類英鎊避險季配息型,yfinance,債券型,全球市場
B24073,2015-09-11,3.3564891815185547,英鎊,霸菱成熟及新興市場非投資等級債券基金-G類英鎊避險季配息型,yfinance,債券型,全球市場
B24073,2015-09-14,3.3616843223571777,英鎊,霸菱成熟及新興市場非投資等級債券基金-G類英鎊避險季配息型,yfinance,債券型,全球市場
B24073,2015-09-15,3.3564891815185547,英鎊,霸菱成熟及新興市場非投資等級債券基金-G類英鎊避險季配息型,yfinance,債券型,全球市場
B24073,2015-09-16,3.3564891815185547,英鎊,霸菱成熟及新興市場非投資等級債券基金-G類英鎊避險季配息型,yfinance,債券型,全球市場
B24073,2015-09-17,3.3512933254241943,英鎊,霸菱成熟及新興市場非投資等級債券基金-G類英鎊避險季配息型,yfinance,債券型,全球市場
B24073,2015-09-18,3.3512933254241943,英鎊,霸菱成熟及新興市場非投資等級債券基金-G類英鎊避險季配息型,yfinance,債券型,全球市場
B24073,2015-09-21,3.346097946166992,英鎊,霸菱成熟及新興市場非投資等級債券基金-G類英鎊避險季配息型,yfinance,債券型,全球市場
B24073,2015-09-22,3.3305113315582275,英鎊,霸菱成熟及新興市場非投資等級債券基金-G類英鎊避險季配息型,yfinance,債券型,全球市場
B24073,2015-09-23,3.314923048019409,英鎊,霸菱成熟及新興市場非投資等級債券基金-G類英鎊避險季配息型,yfinance,債券型,全球市場
B24073,2015-09-24,3.3201181888580322,英鎊,霸菱成熟及新興市場非投資等級債券基金-G類英鎊避險季配息型,yfinance,債券型,全球市場
B24073,2015-09-25,3.3045310974121094,英鎊,霸菱成熟及新興市場非投資等級債券基金-G類英鎊避險季配息型,yfinance,債券型,全球市場
B24073,2015-09-28,3.288944721221924,英鎊,霸菱成熟及新興市場非投資等級債券基金-G類英鎊避險季配息型,yfinance,債券型,全球市場
B24073,2015-09-29,3.2577693462371826,英鎊,霸菱成熟及新興市場非投資等級債券基金-G類英鎊避險季配息型,yfinance,債券型,全球市場
B24073,2015-09-30,3.2577693462371826,英鎊,霸菱成熟及新興市場非投資等級債券基金-G類英鎊避險季配息型,yfinance,債券型,全球市場
B24073,2015-10-01,3.262964963912964,英鎊,霸菱成熟及新興市場非投資等級債券基金-G類英鎊避險季配息型,yfinance,債券型,全球市場
B24073,2015-10-02,3.262964963912964,英鎊,霸菱成熟及新興市場非投資等級債券基金-G類英鎊避險季配息型,yfinance,債券型,全球市場
B24073,2015-10-05,3.2577693462371826,英鎊,霸菱成熟及新興市場非投資等級債券基金-G類英鎊避險季配息型,yfinance,債券型,全球市場
B24073,2015-10-06,3.2785518169403076,英鎊,霸菱成熟及新興市場非投資等級債券基金-G類英鎊避險季配息型,yfinance,債券型,全球市場
B24073,2015-10-07,3.288944721221924,英鎊,霸菱成熟及新興市場非投資等級債券基金-G類英鎊避險季配息型,yfinance,債券型,全球市場
B24073,2015-10-08,3.3045310974121094,英鎊,霸菱成熟及新興市場非投資等級債券基金-G類英鎊避險季配息型,yfinance,債券型,全球市場
B24073,2015-10-09,3.309725761413574,英鎊,霸菱成熟及新興市場非投資等級債券基金-G類英鎊避險季配息型,yfinance,債券型,全球市場
B24073,2015-10-12,3.3201181888580322,英鎊,霸菱成熟及新興市場非投資等級債券基金-G類英鎊避險季配息型,yfinance,債券型,全球市場
B24073,2015-10-13,3.3201181888580322,英鎊,霸菱成熟及新興市場非投資等級債券基金-G類英鎊避險季配息型,yfinance,債券型,全球市場
B24073,2015-10-14,3.3201181888580322,英鎊,霸菱成熟及新興市場非投資等級債券基金-G類英鎊避險季配息型,yfinance,債券型,全球市場
B24073,2015-10-15,3.3201181888580322,英鎊,霸菱成熟及新興市場非投資等級債券基金-G類英鎊避險季配息型,yfinance,債券型,全球市場
B24073,2015-10-16,3.3201181888580322,英鎊,霸菱成熟及新興市場非投資等級債券基金-G類英鎊避險季配息型,yfinance,債券型,全球市場
B24073,2015-10-19,3.3305113315582275,英鎊,霸菱成熟及新興市場非投資等級債券基金-G類英鎊避險季配息型,yfinance,債券型,全球市場
B24073,2015-10-20,3.3305113315582275,英鎊,霸菱成熟及新興市場非投資等級債券基金-G類英鎊避險季配息型,yfinance,債券型,全球市場
B24073,2015-10-21,3.335705041885376,英鎊,霸菱成熟及新興市場非投資等級債券基金-G類英鎊避險季配息型,yfinance,債券型,全球市場
B24073,2015-10-22,3.335705041885376,英鎊,霸菱成熟及新興市場非投資等級債券基金-G類英鎊避險季配息型,yfinance,債券型,全球市場
B24073,2015-10-23,3.335705041885376,英鎊,霸菱成熟及新興市場非投資等級債券基金-G類英鎊避險季配息型,yfinance,債券型,全球市場
B24073,2015-10-27,3.3409016132354736,英鎊,霸菱成熟及新興市場非投資等級債券基金-G類英鎊避險季配息型,yfinance,債券型,全球市場
B24073,2015-10-28,3.3409016132354736,英鎊,霸菱成熟及新興市場非投資等級債券基金-G類英鎊避險季配息型,yfinance,債券型,全球市場
B24073,2015-10-29,3.3409016132354736,英鎊,霸菱成熟及新興市場非投資等級債券基金-G類英鎊避險季配息型,yfinance,債券型,全球市場
B24073,2015-10-30,3.3409016132354736,英鎊,霸菱成熟及新興市場非投資等級債券基金-G類英鎊避險季配息型,yfinance,債券型,全球市場
B24073,2015-11-02,3.3413565158843994,英鎊,霸菱成熟及新興市場非投資等級債券基金-G類英鎊避險季配息型,yfinance,債券型,全球市場
B24073,2015-11-03,3.346635103225708,英鎊,霸菱成熟及新興市場非投資等級債券基金-G類英鎊避險季配息型,yfinance,債券型,全球市場
B24073,2015-11-04,3.3519136905670166,英鎊,霸菱成熟及新興市場非投資等級債券基金-G類英鎊避險季配息型,yfinance,債券型,全球市場
B24073,2015-11-05,3.357191324234009,英鎊,霸菱成熟及新興市場非投資等級債券基金-G類英鎊避險季配息型,yfinance,債券型,全球市場
B24073,2015-11-06,3.346635103225708,英鎊,霸菱成熟及新興市場非投資等級債券基金-G類英鎊避險季配息型,yfinance,債券型,全球市場
B24073,2015-11-09,3.330798387527466,英鎊,霸菱成熟及新興市場非投資等級債券基金-G類英鎊避險季配息型,yfinance,債券型,全球市場
B24073,2015-11-10,3.320241928100586,英鎊,霸菱成熟及新興市場非投資等級債券基金-G類英鎊避險季配息型,yfinance,債券型,全球市場
B24073,2015-11-11,3.320241928100586,英鎊,霸菱成熟及新興市場非投資等級債券基金-G類英鎊避險季配息型,yfinance,債券型,全球市場
B24073,2015-11-12,3.320241928100586,英鎊,霸菱成熟及新興市場非投資等級債券基金-G類英鎊避險季配息型,yfinance,債券型,全球市場
B24073,2015-11-13,3.304405927658081,英鎊,霸菱成熟及新興市場非投資等級債券基金-G類英鎊避險季配息型,yfinance,債券型,全球市場
B24073,2015-11-16,3.2938485145568848,英鎊,霸菱成熟及新興市場非投資等級債券基金-G類英鎊避險季配息型,yfinance,債券型,全球市場
B24073,2015-11-17,3.288569688796997,英鎊,霸菱成熟及新興市場非投資等級債券基金-G類英鎊避險季配息型,yfinance,債券型,全球市場
B24073,2015-11-18,3.2991275787353516,英鎊,霸菱成熟及新興市場非投資等級債券基金-G類英鎊避險季配息型,yfinance,債券型,全球市場
B24073,2015-11-19,3.2991275787353516,英鎊,霸菱成熟及新興市場非投資等級債券基金-G類英鎊避險季配息型,yfinance,債券型,全球市場
B24073,2015-11-20,3.288569688796997,英鎊,霸菱成熟及新興市場非投資等級債券基金-G類英鎊避險季配息型,yfinance,債券型,全球市場
B24073,2015-11-23,3.2832911014556885,英鎊,霸菱成熟及新興市場非投資等級債券基金-G類英鎊避險季配息型,yfinance,債券型,全球市場
B24073,2015-11-24,3.27801251411438,英鎊,霸菱成熟及新興市場非投資等級債券基金-G類英鎊避險季配息型,yfinance,債券型,全球市場
B24073,2015-11-25,3.267454147338867,英鎊,霸菱成熟及新興市場非投資等級債券基金-G類英鎊避險季配息型,yfinance,債券型,全球市場
B24073,2015-11-26,3.267454147338867,英鎊,霸菱成熟及新興市場非投資等級債券基金-G類英鎊避險季配息型,yfinance,債券型,全球市場
B24073,2015-11-27,3.267454147338867,英鎊,霸菱成熟及新興市場非投資等級債券基金-G類英鎊避險季配息型,yfinance,債券型,全球市場
B24073,2015-11-30,3.272733449935913,英鎊,霸菱成熟及新興市場非投資等級債券基金-G類英鎊避險季配息型,yfinance,債券型,全球市場
B24073,2015-12-01,3.27801251411438,英鎊,霸菱成熟及新興市場非投資等級債券基金-G類英鎊避險季配息型,yfinance,債券型,全球市場
B24073,2015-12-02,3.2832911014556885,英鎊,霸菱成熟及新興市場非投資等級債券基金-G類英鎊避險季配息型,yfinance,債券型,全球市場
B24073,2015-12-03,3.2832911014556885,英鎊,霸菱成熟及新興市場非投資等級債券基金-G類英鎊避險季配息型,yfinance,債券型,全球市場
B24073,2015-12-04,3.272733449935913,英鎊,霸菱成熟及新興市場非投資等級債券基金-G類英鎊避險季配息型,yfinance,債券型,全球市場
B24073,2015-12-07,3.272733449935913,英鎊,霸菱成熟及新興市場非投資等級債券基金-G類英鎊避險季配息型,yfinance,債券型,全球市場
B24073,2015-12-08,3.262176275253296,英鎊,霸菱成熟及新興市場非投資等級債券基金-G類英鎊避險季配息型,yfinance,債券型,全球市場
B24073,2015-12-09,3.2516191005706787,英鎊,霸菱成熟及新興市場非投資等級債券基金-G類英鎊避險季配息型,yfinance,債券型,全球市場
B24073,2015-12-10,3.246340751647949,英鎊,霸菱成熟及新興市場非投資等級債券基金-G類英鎊避險季配息型,yfinance,債券型,全球市場
B24073,2015-12-11,3.241063356399536,英鎊,霸菱成熟及新興市場非投資等級債券基金-G類英鎊避險季配息型,yfinance,債券型,全球市場
B24073,2015-12-14,3.214669942855835,英鎊,霸菱成熟及新興市場非投資等級債券基金-G類英鎊避險季配息型,yfinance,債券型,全球市場
B24073,2015-12-15,3.1882758140563965,英鎊,霸菱成熟及新興市場非投資等級債券基金-G類英鎊避險季配息型,yfinance,債券型,全球市場
B24073,2015-12-16,3.2041115760803223,英鎊,霸菱成熟及新興市場非投資等級債券基金-G類英鎊避險季配息型,yfinance,債券型,全球市場
B24073,2015-12-17,3.214669942855835,英鎊,霸菱成熟及新興市場非投資等級債券基金-G類英鎊避險季配息型,yfinance,債券型,全球市場
B24073,2015-12-18,3.214669942855835,英鎊,霸菱成熟及新興市場非投資等級債券基金-G類英鎊避險季配息型,yfinance,債券型,全球市場
B24073,2015-12-21,3.1988346576690674,英鎊,霸菱成熟及新興市場非投資等級債券基金-G類英鎊避險季配息型,yfinance,債券型,全球市場
B24073,2015-12-22,3.1935548782348633,英鎊,霸菱成熟及新興市場非投資等級債券基金-G類英鎊避險季配息型,yfinance,債券型,全球市場
B24073,2015-12-23,3.2041115760803223,英鎊,霸菱成熟及新興市場非投資等級債券基金-G類英鎊避險季配息型,yfinance,債券型,全球市場
B24073,2015-12-24,3.214669942855835,英鎊,霸菱成熟及新興市場非投資等級債券基金-G類英鎊避險季配息型,yfinance,債券型,全球市場
B24073,2015-12-30,3.219947338104248,英鎊,霸菱成熟及新興市場非投資等級債券基金-G類英鎊避險季配息型,yfinance,債券型,全球市場
B24073,2015-12-31,3.219947338104248,英鎊,霸菱成熟及新興市場非投資等級債券基金-G類英鎊避險季配息型,yfinance,債券型,全球市場
B40022,2015-01-02,2.4540998935699463,英鎊,GAM Star歐洲股票基金累積單位-英鎊,yfinance,股票型,歐洲(含歐元區)
B40022,2015-01-05,2.4205000400543213,英鎊,GAM Star歐洲股票基金累積單位-英鎊,yfinance,股票型,歐洲(含歐元區)
B40022,2015-01-06,2.402899980545044,英鎊,GAM Star歐洲股票基金累積單位-英鎊,yfinance,股票型,歐洲(含歐元區)
B40022,2015-01-07,2.3970000743865967,英鎊,GAM Star歐洲股票基金累積單位-英鎊,yfinance,股票型,歐洲(含歐元區)
B40022,2015-01-08,2.4463999271392822,英鎊,GAM Star歐洲股票基金累積單位-英鎊,yfinance,股票型,歐洲(含歐元區)
B40022,2015-01-09,2.4158999919891357,英鎊,GAM Star歐洲股票基金累積單位-英鎊,yfinance,股票型,歐洲(含歐元區)
B40022,2015-01-12,2.428100109100342,英鎊,GAM Star歐洲股票基金累積單位-英鎊,yfinance,股票型,歐洲(含歐元區)
B40022,2015-01-13,2.4558000564575195,英鎊,GAM Star歐洲股票基金累積單位-英鎊,yfinance,股票型,歐洲(含歐元區)
B40022,2015-01-14,2.4237000942230225,英鎊,GAM Star歐洲股票基金累積單位-英鎊,yfinance,股票型,歐洲(含歐元區)
B40022,2015-01-15,2.462100028991699,英鎊,GAM Star歐洲股票基金累積單位-英鎊,yfinance,股票型,歐洲(含歐元區)
B40022,2015-01-16,2.4570999145507812,英鎊,GAM Star歐洲股票基金累積單位-英鎊,yfinance,股票型,歐洲(含歐元區)
B40022,2015-01-19,2.4921998977661133,英鎊,GAM Star歐洲股票基金累積單位-英鎊,yfinance,股票型,歐洲(含歐元區)
B40022,2015-01-20,2.490299940109253,英鎊,GAM Star歐洲股票基金累積單位-英鎊,yfinance,股票型,歐洲(含歐元區)
B40022,2015-01-21,2.5290000438690186,英鎊,GAM Star歐洲股票基金累積單位-英鎊,yfinance,股票型,歐洲(含歐元區)
B40022,2015-01-22,2.534600019454956,英鎊,GAM Star歐洲股票基金累積單位-英鎊,yfinance,股票型,歐洲(含歐元區)
B40022,2015-01-23,2.544600009918213,英鎊,GAM Star歐洲股票基金累積單位-英鎊,yfinance,股票型,歐洲(含歐元區)
B40022,2015-01-26,2.563699960708618,英鎊,GAM Star歐洲股票基金累積單位-英鎊,yfinance,股票型,歐洲(含歐元區)
B40022,2015-01-27,2.5504000186920166,英鎊,GAM Star歐洲股票基金累積單位-英鎊,yfinance,股票型,歐洲(含歐元區)
B40022,2015-01-28,2.552500009536743,英鎊,GAM Star歐洲股票基金累積單位-英鎊,yfinance,股票型,歐洲(含歐元區)
B40022,2015-01-29,2.5729000568389893,英鎊,GAM Star歐洲股票基金累積單位-英鎊,yfinance,股票型,歐洲(含歐元區)
B40022,2015-01-30,2.56469988822937,英鎊,GAM Star歐洲股票基金累積單位-英鎊,yfinance,股票型,歐洲(含歐元區)
B40022,2015-02-02,2.567500114440918,英鎊,GAM Star歐洲股票基金累積單位-英鎊,yfinance,股票型,歐洲(含歐元區)
B40022,2015-02-03,2.5952999591827393,英鎊,GAM Star歐洲股票基金累積單位-英鎊,yfinance,股票型,歐洲(含歐元區)
B40022,2015-02-04,2.5929999351501465,英鎊,GAM Star歐洲股票基金累積單位-英鎊,yfinance,股票型,歐洲(含歐元區)
B40022,2015-02-05,2.5882999897003174,英鎊,GAM Star歐洲股票基金累積單位-英鎊,yfinance,股票型,歐洲(含歐元區)
B40022,2015-02-06,2.5727999210357666,英鎊,GAM Star歐洲股票基金累積單位-英鎊,yfinance,股票型,歐洲(含歐元區)
B40022,2015-02-09,2.546600103378296,英鎊,GAM Star歐洲股票基金累積單位-英鎊,yfinance,股票型,歐洲(含歐元區)
B40022,2015-02-10,2.5648999214172363,英鎊,GAM Star歐洲股票基金累積單位-英鎊,yfinance,股票型,歐洲(含歐元區)
B40022,2015-02-11,2.549999952316284,英鎊,GAM Star歐洲股票基金累積單位-英鎊,yfinance,股票型,歐洲(含歐元區)
B40022,2015-02-12,2.5673999786376953,英鎊,GAM Star歐洲股票基金累積單位-英鎊,yfinance,股票型,歐洲(含歐元區)
B40022,2015-02-13,2.5797998905181885,英鎊,GAM Star歐洲股票基金累積單位-英鎊,yfinance,股票型,歐洲(含歐元區)
B40022,2015-02-16,2.579400062561035,英鎊,GAM Star歐洲股票基金累積單位-英鎊,yfinance,股票型,歐洲(含歐元區)
B40022,2015-02-17,2.589400053024292,英鎊,GAM Star歐洲股票基金累積單位-英鎊,yfinance,股票型,歐洲(含歐元區)
B40022,2015-02-18,2.5906999111175537,英鎊,GAM Star歐洲股票基金累積單位-英鎊,yfinance,股票型,歐洲(含歐元區)
B40022,2015-02-19,2.619499921798706,英鎊,GAM Star歐洲股票基金累積單位-英鎊,yfinance,股票型,歐洲(含歐元區)
B40022,2015-02-20,2.632200002670288,英鎊,GAM Star歐洲股票基金累積單位-英鎊,yfinance,股票型,歐洲(含歐元區)
B40022,2015-02-23,2.6463000774383545,英鎊,GAM Star歐洲股票基金累積單位-英鎊,yfinance,股票型,歐洲(含歐元區)
B40022,2015-02-24,2.6426000595092773,英鎊,GAM Star歐洲股票基金累積單位-英鎊,yfinance,股票型,歐洲(含歐元區)
B40022,2015-02-25,2.640500068664551,英鎊,GAM Star歐洲股票基金累積單位-英鎊,yfinance,股票型,歐洲(含歐元區)
B40022,2015-02-26,2.6465001106262207,英鎊,GAM Star歐洲股票基金累積單位-英鎊,yfinance,股票型,歐洲(含歐元區)
B40022,2015-02-27,2.6477999687194824,英鎊,GAM Star歐洲股票基金累積單位-英鎊,yfinance,股票型,歐洲(含歐元區)
B40022,2015-03-02,2.6535000801086426,英鎊,GAM Star歐洲股票基金累積單位-英鎊,yfinance,股票型,歐洲(含歐元區)
B40022,2015-03-03,2.6296000480651855,英鎊,GAM Star歐洲股票基金累積單位-英鎊,yfinance,股票型,歐洲(含歐元區)
B40022,2015-03-04,2.635200023651123,英鎊,GAM Star歐洲股票基金累積單位-英鎊,yfinance,股票型,歐洲(含歐元區)
B40022,2015-03-05,2.657399892807007,英鎊,GAM Star歐洲股票基金累積單位-英鎊,yfinance,股票型,歐洲(含歐元區)
B40022,2015-03-06,2.658799886703491,英鎊,GAM Star歐洲股票基金累積單位-英鎊,yfinance,股票型,歐洲(含歐元區)
B40022,2015-03-09,2.645400047302246,英鎊,GAM Star歐洲股票基金累積單位-英鎊,yfinance,股票型,歐洲(含歐元區)
B40022,2015-03-10,2.5947000980377197,英鎊,GAM Star歐洲股票基金累積單位-英鎊,yfinance,股票型,歐洲(含歐元區)
B40022,2015-03-11,2.634500026702881,英鎊,GAM Star歐洲股票基金累積單位-英鎊,yfinance,股票型,歐洲(含歐元區)
B40022,2015-03-12,2.6691999435424805,英鎊,GAM Star歐洲股票基金累積單位-英鎊,yfinance,股票型,歐洲(含歐元區)
B40022,2015-03-13,2.684000015258789,英鎊,GAM Star歐洲股票基金累積單位-英鎊,yfinance,股票型,歐洲(含歐元區)
B40022,2015-03-16,2.7114999294281006,英鎊,GAM Star歐洲股票基金累積單位-英鎊,yfinance,股票型,歐洲(含歐元區)
B40022,2015-03-17,2.706399917602539,英鎊,GAM Star歐洲股票基金累積單位-英鎊,yfinance,股票型,歐洲(含歐元區)
B40022,2015-03-18,2.7320001125335693,英鎊,GAM Star歐洲股票基金累積單位-英鎊,yfinance,股票型,歐洲(含歐元區)
B40022,2015-03-19,2.740999937057495,英鎊,GAM Star歐洲股票基金累積單位-英鎊,yfinance,股票型,歐洲(含歐元區)
B40022,2015-03-20,2.765899896621704,英鎊,GAM Star歐洲股票基金累積單位-英鎊,yfinance,股票型,歐洲(含歐元區)
B40022,2015-03-23,2.778700113296509,英鎊,GAM Star歐洲股票基金累積單位-英鎊,yfinance,股票型,歐洲(含歐元區)
B40022,2015-03-24,2.8022000789642334,英鎊,GAM Star歐洲股票基金累積單位-英鎊,yfinance,股票型,歐洲(含歐元區)
B40022,2015-03-25,2.791800022125244,英鎊,GAM Star歐洲股票基金累積單位-英鎊,yfinance,股票型,歐洲(含歐元區)
B40022,2015-03-26,2.765700101852417,英鎊,GAM Star歐洲股票基金累積單位-英鎊,yfinance,股票型,歐洲(含歐元區)
B40022,2015-03-27,2.767199993133545,英鎊,GAM Star歐洲股票基金累積單位-英鎊,yfinance,股票型,歐洲(含歐元區)
B40022,2015-03-30,2.7960000038146973,英鎊,GAM Star歐洲股票基金累積單位-英鎊,yfinance,股票型,歐洲(含歐元區)
B40022,2015-03-31,2.767899990081787,英鎊,GAM Star歐洲股票基金累積單位-英鎊,yfinance,股票型,歐洲(含歐元區)
B40022,2015-04-01,2.777600049972534,英鎊,GAM Star歐洲股票基金累積單位-英鎊,yfinance,股票型,歐洲(含歐元區)
B40022,2015-04-02,2.8083999156951904,英鎊,GAM Star歐洲股票基金累積單位-英鎊,yfinance,股票型,歐洲(含歐元區)
B40022,2015-04-07,2.830699920654297,英鎊,GAM Star歐洲股票基金累積單位-英鎊,yfinance,股票型,歐洲(含歐元區)
B40022,2015-04-08,2.8243000507354736,英鎊,GAM Star歐洲股票基金累積單位-英鎊,yfinance,股票型,歐洲(含歐元區)
B40022,2015-04-09,2.865499973297119,英鎊,GAM Star歐洲股票基金累積單位-英鎊,yfinance,股票型,歐洲(含歐元區)
B40022,2015-04-10,2.8965001106262207,英鎊,GAM Star歐洲股票基金累積單位-英鎊,yfinance,股票型,歐洲(含歐元區)
B40022,2015-04-13,2.8919999599456787,英鎊,GAM Star歐洲股票基金累積單位-英鎊,yfinance,股票型,歐洲(含歐元區)
B40022,2015-04-14,2.8733999729156494,英鎊,GAM Star歐洲股票基金累積單位-英鎊,yfinance,股票型,歐洲(含歐元區)
B40022,2015-04-15,2.8642001152038574,英鎊,GAM Star歐洲股票基金累積單位-英鎊,yfinance,股票型,歐洲(含歐元區)
B40022,2015-04-16,2.837899923324585,英鎊,GAM Star歐洲股票基金累積單位-英鎊,yfinance,股票型,歐洲(含歐元區)
B40022,2015-04-17,2.7957000732421875,英鎊,GAM Star歐洲股票基金累積單位-英鎊,yfinance,股票型,歐洲(含歐元區)
B40022,2015-04-20,2.81469988822937,英鎊,GAM Star歐洲股票基金累積單位-英鎊,yfinance,股票型,歐洲(含歐元區)
B40022,2015-04-21,2.84089994430542,英鎊,GAM Star歐洲股票基金累積單位-英鎊,yfinance,股票型,歐洲(含歐元區)
B40022,2015-04-22,2.805500030517578,英鎊,GAM Star歐洲股票基金累積單位-英鎊,yfinance,股票型,歐洲(含歐元區)
B40022,2015-04-23,2.807800054550171,英鎊,GAM Star歐洲股票基金累積單位-英鎊,yfinance,股票型,歐洲(含歐元區)
B40022,2015-04-24,2.809000015258789,英鎊,GAM Star歐洲股票基金累積單位-英鎊,yfinance,股票型,歐洲(含歐元區)
B40022,2015-04-27,2.8290998935699463,英鎊,GAM Star歐洲股票基金累積單位-英鎊,yfinance,股票型,歐洲(含歐元區)
B40022,2015-04-28,2.7885000705718994,英鎊,GAM Star歐洲股票基金累積單位-英鎊,yfinance,股票型,歐洲(含歐元區)
B40022,2015-04-29,2.7353999614715576,英鎊,GAM Star歐洲股票基金累積單位-英鎊,yfinance,股票型,歐洲(含歐元區)
B40022,2015-04-30,2.7595999240875244,英鎊,GAM Star歐洲股票基金累積單位-英鎊,yfinance,股票型,歐洲(含歐元區)
B40022,2015-05-01,2.794100046157837,英鎊,GAM Star歐洲股票基金累積單位-英鎊,yfinance,股票型,歐洲(含歐元區)
B40022,2015-05-05,2.766400098800659,英鎊,GAM Star歐洲股票基金累積單位-英鎊,yfinance,股票型,歐洲(含歐元區)
B40022,2015-05-06,2.774399995803833,英鎊,GAM Star歐洲股票基金累積單位-英鎊,yfinance,股票型,歐洲(含歐元區)
B40022,2015-05-07,2.7723000049591064,英鎊,GAM Star歐洲股票基金累積單位-英鎊,yfinance,股票型,歐洲(含歐元區)
B40022,2015-05-08,2.7980000972747803,英鎊,GAM Star歐洲股票基金累積單位-英鎊,yfinance,股票型,歐洲(含歐元區)
B40022,2015-05-11,2.763400077819824,英鎊,GAM Star歐洲股票基金累積單位-英鎊,yfinance,股票型,歐洲(含歐元區)
B40022,2015-05-12,2.7314000129699707,英鎊,GAM Star歐洲股票基金累積單位-英鎊,yfinance,股票型,歐洲(含歐元區)
B40022,2015-05-13,2.747299909591675,英鎊,GAM Star歐洲股票基金累積單位-英鎊,yfinance,股票型,歐洲(含歐元區)
B40022,2015-05-14,2.7690999507904053,英鎊,GAM Star歐洲股票基金累積單位-英鎊,yfinance,股票型,歐洲(含歐元區)
B40022,2015-05-15,2.7797999382019043,英鎊,GAM Star歐洲股票基金累積單位-英鎊,yfinance,股票型,歐洲(含歐元區)
B40022,2015-05-18,2.795300006866455,英鎊,GAM Star歐洲股票基金累積單位-英鎊,yfinance,股票型,歐洲(含歐元區)
B40022,2015-05-19,2.8187999725341797,英鎊,GAM Star歐洲股票基金累積單位-英鎊,yfinance,股票型,歐洲(含歐元區)
B40022,2015-05-20,2.8101000785827637,英鎊,GAM Star歐洲股票基金累積單位-英鎊,yfinance,股票型,歐洲(含歐元區)
B40022,2015-05-21,2.7995998859405518,英鎊,GAM Star歐洲股票基金累積單位-英鎊,yfinance,股票型,歐洲(含歐元區)
B40022,2015-05-22,2.7999000549316406,英鎊,GAM Star歐洲股票基金累積單位-英鎊,yfinance,股票型,歐洲(含歐元區)
B40022,2015-05-26,2.7662999629974365,英鎊,GAM Star歐洲股票基金累積單位-英鎊,yfinance,股票型,歐洲(含歐元區)
B40022,2015-05-27,2.8039000034332275,英鎊,GAM Star歐洲股票基金累積單位-英鎊,yfinance,股票型,歐洲(含歐元區)
B40022,2015-05-28,2.8183999061584473,英鎊,GAM Star歐洲股票基金累積單位-英鎊,yfinance,股票型,歐洲(含歐元區)
B40022,2015-05-29,2.795799970626831,英鎊,GAM Star歐洲股票基金累積單位-英鎊,yfinance,股票型,歐洲(含歐元區)
B40022,2015-06-01,2.801800012588501,英鎊,GAM Star歐洲股票基金累積單位-英鎊,yfinance,股票型,歐洲(含歐元區)
B40022,2015-06-02,2.8076000213623047,英鎊,GAM Star歐洲股票基金累積單位-英鎊,yfinance,股票型,歐洲(含歐元區)
B40022,2015-06-03,2.8427000045776367,英鎊,GAM Star歐洲股票基金累積單位-英鎊,yfinance,股票型,歐洲(含歐元區)
B40022,2015-06-04,2.8173999786376953,英鎊,GAM Star歐洲股票基金累積單位-英鎊,yfinance,股票型,歐洲(含歐元區)
B40022,2015-06-05,2.7692999839782715,英鎊,GAM Star歐洲股票基金累積單位-英鎊,yfinance,股票型,歐洲(含歐元區)
B40022,2015-06-08,2.7576000690460205,英鎊,GAM Star歐洲股票基金累積單位-英鎊,yfinance,股票型,歐洲(含歐元區)
B40022,2015-06-09,2.7495999336242676,英鎊,GAM Star歐洲股票基金累積單位-英鎊,yfinance,股票型,歐洲(含歐元區)
B40022,2015-06-10,2.7737998962402344,英鎊,GAM Star歐洲股票基金累積單位-英鎊,yfinance,股票型,歐洲(含歐元區)
B40022,2015-06-11,2.786900043487549,英鎊,GAM Star歐洲股票基金累積單位-英鎊,yfinance,股票型,歐洲(含歐元區)
B40022,2015-06-12,2.7564001083374023,英鎊,GAM Star歐洲股票基金累積單位-英鎊,yfinance,股票型,歐洲(含歐元區)
B40022,2015-06-15,2.710099935531616,英鎊,GAM Star歐洲股票基金累積單位-英鎊,yfinance,股票型,歐洲(含歐元區)
B40022,2015-06-16,2.710900068283081,英鎊,GAM Star歐洲股票基金累積單位-英鎊,yfinance,股票型,歐洲(含歐元區)
B40022,2015-06-17,2.684299945831299,英鎊,GAM Star歐洲股票基金累積單位-英鎊,yfinance,股票型,歐洲(含歐元區)
B40022,2015-06-18,2.705699920654297,英鎊,GAM Star歐洲股票基金累積單位-英鎊,yfinance,股票型,歐洲(含歐元區)
B40022,2015-06-19,2.700500011444092,英鎊,GAM Star歐洲股票基金累積單位-英鎊,yfinance,股票型,歐洲(含歐元區)
B40022,2015-06-22,2.785099983215332,英鎊,GAM Star歐洲股票基金累積單位-英鎊,yfinance,股票型,歐洲(含歐元區)
B40022,2015-06-23,2.7751998901367188,英鎊,GAM Star歐洲股票基金累積單位-英鎊,yfinance,股票型,歐洲(含歐元區)
B40022,2015-06-24,2.7636001110076904,英鎊,GAM Star歐洲股票基金累積單位-英鎊,yfinance,股票型,歐洲(含歐元區)
B40022,2015-06-25,2.7672998905181885,英鎊,GAM Star歐洲股票基金累積單位-英鎊,yfinance,股票型,歐洲(含歐元區)
B40022,2015-06-26,2.75819993019104,英鎊,GAM Star歐洲股票基金累積單位-英鎊,yfinance,股票型,歐洲(含歐元區)
B40022,2015-06-29,2.6865999698638916,英鎊,GAM Star歐洲股票基金累積單位-英鎊,yfinance,股票型,歐洲(含歐元區)
B40022,2015-06-30,2.664799928665161,英鎊,GAM Star歐洲股票基金累積單位-英鎊,yfinance,股票型,歐洲(含歐元區)
B40022,2015-07-01,2.720099925994873,英鎊,GAM Star歐洲股票基金累積單位-英鎊,yfinance,股票型,歐洲(含歐元區)
B40022,2015-07-02,2.709700107574463,英鎊,GAM Star歐洲股票基金累積單位-英鎊,yfinance,股票型,歐洲(含歐元區)
B40022,2015-07-03,2.7002999782562256,英鎊,GAM Star歐洲股票基金累積單位-英鎊,yfinance,股票型,歐洲(含歐元區)
B40022,2015-07-06,2.663300037384033,英鎊,GAM Star歐洲股票基金累積單位-英鎊,yfinance,股票型,歐洲(含歐元區)
B40022,2015-07-07,2.6242001056671143,英鎊,GAM Star歐洲股票基金累積單位-英鎊,yfinance,股票型,歐洲(含歐元區)
B40022,2015-07-08,2.648699998855591,英鎊,GAM Star歐洲股票基金累積單位-英鎊,yfinance,股票型,歐洲(含歐元區)
B40022,2015-07-09,2.690200090408325,英鎊,GAM Star歐洲股票基金累積單位-英鎊,yfinance,股票型,歐洲(含歐元區)
B40022,2015-07-10,2.7565999031066895,英鎊,GAM Star歐洲股票基金累積單位-英鎊,yfinance,股票型,歐洲(含歐元區)
B40022,2015-07-13,2.76419997215271,英鎊,GAM Star歐洲股票基金累積單位-英鎊,yfinance,股票型,歐洲(含歐元區)
B40022,2015-07-14,2.7665998935699463,英鎊,GAM Star歐洲股票基金累積單位-英鎊,yfinance,股票型,歐洲(含歐元區)
B40022,2015-07-15,2.7523000240325928,英鎊,GAM Star歐洲股票基金累積單位-英鎊,yfinance,股票型,歐洲(含歐元區)
B40022,2015-07-16,2.782099962234497,英鎊,GAM Star歐洲股票基金累積單位-英鎊,yfinance,股票型,歐洲(含歐元區)
B40022,2015-07-17,2.760499954223633,英鎊,GAM Star歐洲股票基金累積單位-英鎊,yfinance,股票型,歐洲(含歐元區)
B40022,2015-07-20,2.79010009765625,英鎊,GAM Star歐洲股票基金累積單位-英鎊,yfinance,股票型,歐洲(含歐元區)
B40022,2015-07-21,2.775599956512451,英鎊,GAM Star歐洲股票基金累積單位-英鎊,yfinance,股票型,歐洲(含歐元區)
B40022,2015-07-22,2.7411999702453613,英鎊,GAM Star歐洲股票基金累積單位-英鎊,yfinance,股票型,歐洲(含歐元區)
B40022,2015-07-23,2.77239990234375,英鎊,GAM Star歐洲股票基金累積單位-英鎊,yfinance,股票型,歐洲(含歐元區)
B40022,2015-07-24,2.749300003051758,英鎊,GAM Star歐洲股票基金累積單位-英鎊,yfinance,股票型,歐洲(含歐元區)
B40022,2015-07-27,2.702699899673462,英鎊,GAM Star歐洲股票基金累積單位-英鎊,yfinance,股票型,歐洲(含歐元區)
B40022,2015-07-28,2.7009999752044678,英鎊,GAM Star歐洲股票基金累積單位-英鎊,yfinance,股票型,歐洲(含歐元區)
B40022,2015-07-29,2.6975998878479004,英鎊,GAM Star歐洲股票基金累積單位-英鎊,yfinance,股票型,歐洲(含歐元區)
B40022,2015-07-30,2.6803998947143555,英鎊,GAM Star歐洲股票基金累積單位-英鎊,yfinance,股票型,歐洲(含歐元區)
B40022,2015-07-31,2.736299991607666,英鎊,GAM Star歐洲股票基金累積單位-英鎊,yfinance,股票型,歐洲(含歐元區)
B40022,2015-08-03,2.746299982070923,英鎊,GAM Star歐洲股票基金累積單位-英鎊,yfinance,股票型,歐洲(含歐元區)
B40022,2015-08-04,2.747499942779541,英鎊,GAM Star歐洲股票基金累積單位-英鎊,yfinance,股票型,歐洲(含歐元區)
B40022,2015-08-05,2.7523000240325928,英鎊,GAM Star歐洲股票基金累積單位-英鎊,yfinance,股票型,歐洲(含歐元區)
B40022,2015-08-06,2.7681000232696533,英鎊,GAM Star歐洲股票基金累積單位-英鎊,yfinance,股票型,歐洲(含歐元區)
B40022,2015-08-07,2.751699924468994,英鎊,GAM Star歐洲股票基金累積單位-英鎊,yfinance,股票型,歐洲(含歐元區)
B40022,2015-08-10,2.769700050354004,英鎊,GAM Star歐洲股票基金累積單位-英鎊,yfinance,股票型,歐洲(含歐元區)
B40022,2015-08-11,2.736799955368042,英鎊,GAM Star歐洲股票基金累積單位-英鎊,yfinance,股票型,歐洲(含歐元區)
B40022,2015-08-12,2.678299903869629,英鎊,GAM Star歐洲股票基金累積單位-英鎊,yfinance,股票型,歐洲(含歐元區)
B40022,2015-08-13,2.7165000438690186,英鎊,GAM Star歐洲股票基金累積單位-英鎊,yfinance,股票型,歐洲(含歐元區)
B40022,2015-08-14,2.7184998989105225,英鎊,GAM Star歐洲股票基金累積單位-英鎊,yfinance,股票型,歐洲(含歐元區)
B40022,2015-08-17,2.714400053024292,英鎊,GAM Star歐洲股票基金累積單位-英鎊,yfinance,股票型,歐洲(含歐元區)
B40022,2015-08-18,2.708899974822998,英鎊,GAM Star歐洲股票基金累積單位-英鎊,yfinance,股票型,歐洲(含歐元區)
B40022,2015-08-19,2.6826000213623047,英鎊,GAM Star歐洲股票基金累積單位-英鎊,yfinance,股票型,歐洲(含歐元區)
B40022,2015-08-20,2.652400016784668,英鎊,GAM Star歐洲股票基金累積單位-英鎊,yfinance,股票型,歐洲(含歐元區)
B40022,2015-08-21,2.599400043487549,英鎊,GAM Star歐洲股票基金累積單位-英鎊,yfinance,股票型,歐洲(含歐元區)
B40022,2015-08-24,2.5276999473571777,英鎊,GAM Star歐洲股票基金累積單位-英鎊,yfinance,股票型,歐洲(含歐元區)
B40022,2015-08-25,2.605299949645996,英鎊,GAM Star歐洲股票基金累積單位-英鎊,yfinance,股票型,歐洲(含歐元區)
B40022,2015-08-26,2.615299940109253,英鎊,GAM Star歐洲股票基金累積單位-英鎊,yfinance,股票型,歐洲(含歐元區)
B40022,2015-08-27,2.677999973297119,英鎊,GAM Star歐洲股票基金累積單位-英鎊,yfinance,股票型,歐洲(含歐元區)
B40022,2015-08-28,2.6774001121520996,英鎊,GAM Star歐洲股票基金累積單位-英鎊,yfinance,股票型,歐洲(含歐元區)
B40022,2015-09-01,2.626800060272217,英鎊,GAM Star歐洲股票基金累積單位-英鎊,yfinance,股票型,歐洲(含歐元區)
B40022,2015-09-02,2.6366000175476074,英鎊,GAM Star歐洲股票基金累積單位-英鎊,yfinance,股票型,歐洲(含歐元區)
B40022,2015-09-03,2.6747000217437744,英鎊,GAM Star歐洲股票基金累積單位-英鎊,yfinance,股票型,歐洲(含歐元區)
B40022,2015-09-04,2.634200096130371,英鎊,GAM Star歐洲股票基金累積單位-英鎊,yfinance,股票型,歐洲(含歐元區)
B40022,2015-09-07,2.634700059890747,英鎊,GAM Star歐洲股票基金累積單位-英鎊,yfinance,股票型,歐洲(含歐元區)
B40022,2015-09-08,2.646899938583374,英鎊,GAM Star歐洲股票基金累積單位-英鎊,yfinance,股票型,歐洲(含歐元區)
B40022,2015-09-09,2.671600103378296,英鎊,GAM Star歐洲股票基金累積單位-英鎊,yfinance,股票型,歐洲(含歐元區)
B40022,2015-09-10,2.658099889755249,英鎊,GAM Star歐洲股票基金累積單位-英鎊,yfinance,股票型,歐洲(含歐元區)
B40022,2015-09-11,2.654400110244751,英鎊,GAM Star歐洲股票基金累積單位-英鎊,yfinance,股票型,歐洲(含歐元區)
B40022,2015-09-14,2.6473000049591064,英鎊,GAM Star歐洲股票基金累積單位-英鎊,yfinance,股票型,歐洲(含歐元區)
B40022,2015-09-15,2.6661999225616455,英鎊,GAM Star歐洲股票基金累積單位-英鎊,yfinance,股票型,歐洲(含歐元區)
B40022,2015-09-16,2.6796000003814697,英鎊,GAM Star歐洲股票基金累積單位-英鎊,yfinance,股票型,歐洲(含歐元區)
B40022,2015-09-17,2.690200090408325,英鎊,GAM Star歐洲股票基金累積單位-英鎊,yfinance,股票型,歐洲(含歐元區)
B40022,2015-09-18,2.66510009765625,英鎊,GAM Star歐洲股票基金累積單位-英鎊,yfinance,股票型,歐洲(含歐元區)
B40022,2015-09-21,2.661900043487549,英鎊,GAM Star歐洲股票基金累積單位-英鎊,yfinance,股票型,歐洲(含歐元區)
B40022,2015-09-22,2.6012001037597656,英鎊,GAM Star歐洲股票基金累積單位-英鎊,yfinance,股票型,歐洲(含歐元區)
B40022,2015-09-23,2.6261000633239746,英鎊,GAM Star歐洲股票基金累積單位-英鎊,yfinance,股票型,歐洲(含歐元區)
B40022,2015-09-24,2.591099977493286,英鎊,GAM Star歐洲股票基金累積單位-英鎊,yfinance,股票型,歐洲(含歐元區)
B40022,2015-09-25,2.6533000469207764,英鎊,GAM Star歐洲股票基金累積單位-英鎊,yfinance,股票型,歐洲(含歐元區)
B40022,2015-09-28,2.6175999641418457,英鎊,GAM Star歐洲股票基金累積單位-英鎊,yfinance,股票型,歐洲(含歐元區)
B40022,2015-09-29,2.597100019454956,英鎊,GAM Star歐洲股票基金累積單位-英鎊,yfinance,股票型,歐洲(含歐元區)
B40022,2015-09-30,2.6424999237060547,英鎊,GAM Star歐洲股票基金累積單位-英鎊,yfinance,股票型,歐洲(含歐元區)
B40022,2015-10-01,2.6503000259399414,英鎊,GAM Star歐洲股票基金累積單位-英鎊,yfinance,股票型,歐洲(含歐元區)
B40022,2015-10-02,2.6579999923706055,英鎊,GAM Star歐洲股票基金累積單位-英鎊,yfinance,股票型,歐洲(含歐元區)
B40022,2015-10-05,2.7309999465942383,英鎊,GAM Star歐洲股票基金累積單位-英鎊,yfinance,股票型,歐洲(含歐元區)
B40022,2015-10-06,2.7434000968933105,英鎊,GAM Star歐洲股票基金累積單位-英鎊,yfinance,股票型,歐洲(含歐元區)
B40022,2015-10-07,2.697999954223633,英鎊,GAM Star歐洲股票基金累積單位-英鎊,yfinance,股票型,歐洲(含歐元區)
B40022,2015-10-08,2.723099946975708,英鎊,GAM Star歐洲股票基金累積單位-英鎊,yfinance,股票型,歐洲(含歐元區)
B40022,2015-10-09,2.7376999855041504,英鎊,GAM Star歐洲股票基金累積單位-英鎊,yfinance,股票型,歐洲(含歐元區)
B40022,2015-10-12,2.727400064468384,英鎊,GAM Star歐洲股票基金累積單位-英鎊,yfinance,股票型,歐洲(含歐元區)
B40022,2015-10-13,2.7218000888824463,英鎊,GAM Star歐洲股票基金累積單位-英鎊,yfinance,股票型,歐洲(含歐元區)
B40022,2015-10-14,2.675800085067749,英鎊,GAM Star歐洲股票基金累積單位-英鎊,yfinance,股票型,歐洲(含歐元區)
B40022,2015-10-15,2.688999891281128,英鎊,GAM Star歐洲股票基金累積單位-英鎊,yfinance,股票型,歐洲(含歐元區)
B40022,2015-10-16,2.702699899673462,英鎊,GAM Star歐洲股票基金累積單位-英鎊,yfinance,股票型,歐洲(含歐元區)
B40022,2015-10-19,2.6928999423980713,英鎊,GAM Star歐洲股票基金累積單位-英鎊,yfinance,股票型,歐洲(含歐元區)
B40022,2015-10-20,2.7004001140594482,英鎊,GAM Star歐洲股票基金累積單位-英鎊,yfinance,股票型,歐洲(含歐元區)
B40022,2015-10-21,2.7065999507904053,英鎊,GAM Star歐洲股票基金累積單位-英鎊,yfinance,股票型,歐洲(含歐元區)
B40022,2015-10-22,2.7095999717712402,英鎊,GAM Star歐洲股票基金累積單位-英鎊,yfinance,股票型,歐洲(含歐元區)
B40022,2015-10-23,2.754499912261963,英鎊,GAM Star歐洲股票基金累積單位-英鎊,yfinance,股票型,歐洲(含歐元區)
B40022,2015-10-26,2.74180006980896,英鎊,GAM Star歐洲股票基金累積單位-英鎊,yfinance,股票型,歐洲(含歐元區)
B40022,2015-10-27,2.7311999797821045,英鎊,GAM Star歐洲股票基金累積單位-英鎊,yfinance,股票型,歐洲(含歐元區)
B40022,2015-10-28,2.7553000450134277,英鎊,GAM Star歐洲股票基金累積單位-英鎊,yfinance,股票型,歐洲(含歐元區)
B40022,2015-10-29,2.7395999431610107,英鎊,GAM Star歐洲股票基金累積單位-英鎊,yfinance,股票型,歐洲(含歐元區)
B40022,2015-10-30,2.7356998920440674,英鎊,GAM Star歐洲股票基金累積單位-英鎊,yfinance,股票型,歐洲(含歐元區)
B40022,2015-11-02,2.7520999908447266,英鎊,GAM Star歐洲股票基金累積單位-英鎊,yfinance,股票型,歐洲(含歐元區)
B40022,2015-11-03,2.753999948501587,英鎊,GAM Star歐洲股票基金累積單位-英鎊,yfinance,股票型,歐洲(含歐元區)
B40022,2015-11-04,2.7327001094818115,英鎊,GAM Star歐洲股票基金累積單位-英鎊,yfinance,股票型,歐洲(含歐元區)
B40022,2015-11-05,2.7544000148773193,英鎊,GAM Star歐洲股票基金累積單位-英鎊,yfinance,股票型,歐洲(含歐元區)
B40022,2015-11-06,2.7592999935150146,英鎊,GAM Star歐洲股票基金累積單位-英鎊,yfinance,股票型,歐洲(含歐元區)
B40022,2015-11-09,2.7230000495910645,英鎊,GAM Star歐洲股票基金累積單位-英鎊,yfinance,股票型,歐洲(含歐元區)
B40022,2015-11-10,2.7163000106811523,英鎊,GAM Star歐洲股票基金累積單位-英鎊,yfinance,股票型,歐洲(含歐元區)
B40022,2015-11-11,2.7316999435424805,英鎊,GAM Star歐洲股票基金累積單位-英鎊,yfinance,股票型,歐洲(含歐元區)
B40022,2015-11-12,2.7079999446868896,英鎊,GAM Star歐洲股票基金累積單位-英鎊,yfinance,股票型,歐洲(含歐元區)
B40022,2015-11-13,2.670300006866455,英鎊,GAM Star歐洲股票基金累積單位-英鎊,yfinance,股票型,歐洲(含歐元區)
B40022,2015-11-16,2.6700000762939453,英鎊,GAM Star歐洲股票基金累積單位-英鎊,yfinance,股票型,歐洲(含歐元區)
B40022,2015-11-17,2.7065000534057617,英鎊,GAM Star歐洲股票基金累積單位-英鎊,yfinance,股票型,歐洲(含歐元區)
B40022,2015-11-18,2.6979000568389893,英鎊,GAM Star歐洲股票基金累積單位-英鎊,yfinance,股票型,歐洲(含歐元區)
B40022,2015-11-19,2.7216999530792236,英鎊,GAM Star歐洲股票基金累積單位-英鎊,yfinance,股票型,歐洲(含歐元區)
B40022,2015-11-20,2.7323999404907227,英鎊,GAM Star歐洲股票基金累積單位-英鎊,yfinance,股票型,歐洲(含歐元區)
B40022,2015-11-23,2.7223000526428223,英鎊,GAM Star歐洲股票基金累積單位-英鎊,yfinance,股票型,歐洲(含歐元區)
B40022,2015-11-24,2.682300090789795,英鎊,GAM Star歐洲股票基金累積單位-英鎊,yfinance,股票型,歐洲(含歐元區)
B40022,2015-11-25,2.720400094985962,英鎊,GAM Star歐洲股票基金累積單位-英鎊,yfinance,股票型,歐洲(含歐元區)
B40022,2015-11-26,2.7430999279022217,英鎊,GAM Star歐洲股票基金累積單位-英鎊,yfinance,股票型,歐洲(含歐元區)
B40022,2015-11-27,2.751300096511841,英鎊,GAM Star歐洲股票基金累積單位-英鎊,yfinance,股票型,歐洲(含歐元區)
B40022,2015-11-30,2.7613000869750977,英鎊,GAM Star歐洲股票基金累積單位-英鎊,yfinance,股票型,歐洲(含歐元區)
B40022,2015-12-01,2.771699905395508,英鎊,GAM Star歐洲股票基金累積單位-英鎊,yfinance,股票型,歐洲(含歐元區)
B40022,2015-12-02,2.8055999279022217,英鎊,GAM Star歐洲股票基金累積單位-英鎊,yfinance,股票型,歐洲(含歐元區)
B40022,2015-12-03,2.789599895477295,英鎊,GAM Star歐洲股票基金累積單位-英鎊,yfinance,股票型,歐洲(含歐元區)
B40022,2015-12-04,2.7843000888824463,英鎊,GAM Star歐洲股票基金累積單位-英鎊,yfinance,股票型,歐洲(含歐元區)
B40022,2015-12-07,2.8155999183654785,英鎊,GAM Star歐洲股票基金累積單位-英鎊,yfinance,股票型,歐洲(含歐元區)
B40022,2015-12-08,2.7874999046325684,英鎊,GAM Star歐洲股票基金累積單位-英鎊,yfinance,股票型,歐洲(含歐元區)
B40022,2015-12-09,2.756999969482422,英鎊,GAM Star歐洲股票基金累積單位-英鎊,yfinance,股票型,歐洲(含歐元區)
B40022,2015-12-10,2.746500015258789,英鎊,GAM Star歐洲股票基金累積單位-英鎊,yfinance,股票型,歐洲(含歐元區)
B40022,2015-12-11,2.700500011444092,英鎊,GAM Star歐洲股票基金累積單位-英鎊,yfinance,股票型,歐洲(含歐元區)
B40022,2015-12-14,2.6933000087738037,英鎊,GAM Star歐洲股票基金累積單位-英鎊,yfinance,股票型,歐洲(含歐元區)
B40022,2015-12-15,2.7535998821258545,英鎊,GAM Star歐洲股票基金累積單位-英鎊,yfinance,股票型,歐洲(含歐元區)
B40022,2015-12-16,2.775099992752075,英鎊,GAM Star歐洲股票基金累積單位-英鎊,yfinance,股票型,歐洲(含歐元區)
B40022,2015-12-17,2.8029000759124756,英鎊,GAM Star歐洲股票基金累積單位-英鎊,yfinance,股票型,歐洲(含歐元區)
B40022,2015-12-18,2.774600028991699,英鎊,GAM Star歐洲股票基金累積單位-英鎊,yfinance,股票型,歐洲(含歐元區)
B40022,2015-12-21,2.762700080871582,英鎊,GAM Star歐洲股票基金累積單位-英鎊,yfinance,股票型,歐洲(含歐元區)
B40022,2015-12-22,2.7827000617980957,英鎊,GAM Star歐洲股票基金累積單位-英鎊,yfinance,股票型,歐洲(含歐元區)
B40022,2015-12-23,2.80430006980896,英鎊,GAM Star歐洲股票基金累積單位-英鎊,yfinance,股票型,歐洲(含歐元區)
B40022,2015-12-29,2.854099988937378,英鎊,GAM Star歐洲股票基金累積單位-英鎊,yfinance,股票型,歐洲(含歐元區)
B40022,2015-12-30,2.840399980545044,英鎊,GAM Star歐洲股票基金累積單位-英鎊,yfinance,股票型,歐洲(含歐元區)
B40022,2015-12-31,2.8310999870300293,英鎊,GAM Star歐洲股票基金累積單位-英鎊,yfinance,股票型,歐洲(含歐元區)
B03627,2015-01-02,7.132966041564941,英鎊,聯博-美國收益基金AA(穩定月配)英鎊避險級別,yfinance,未分類,美國
B03627,2015-01-05,7.142734050750732,英鎊,聯博-美國收益基金AA(穩定月配)英鎊避險級別,yfinance,未分類,美國
B03627,2015-01-06,7.152505397796631,英鎊,聯博-美國收益基金AA(穩定月配)英鎊避險級別,yfinance,未分類,美國
B03627,2015-01-07,7.162276744842529,英鎊,聯博-美國收益基金AA(穩定月配)英鎊避險級別,yfinance,未分類,美國
B03627,2015-01-08,7.157393455505371,英鎊,聯博-美國收益基金AA(穩定月配)英鎊避險級別,yfinance,未分類,美國
B03627,2015-01-09,7.172049522399902,英鎊,聯博-美國收益基金AA(穩定月配)英鎊避險級別,yfinance,未分類,美國
B03627,2015-01-12,7.186704158782959,英鎊,聯博-美國收益基金AA(穩定月配)英鎊避險級別,yfinance,未分類,美國
B03627,2015-01-13,7.186704158782959,英鎊,聯博-美國收益基金AA(穩定月配)英鎊避險級別,yfinance,未分類,美國
B03627,2015-01-14,7.186704158782959,英鎊,聯博-美國收益基金AA(穩定月配)英鎊避險級別,yfinance,未分類,美國
B03627,2015-01-15,7.201358795166016,英鎊,聯博-美國收益基金AA(穩定月配)英鎊避險級別,yfinance,未分類,美國
B03627,2015-01-16,7.191587924957275,英鎊,聯博-美國收益基金AA(穩定月配)英鎊避險級別,yfinance,未分類,美國
B03627,2015-01-20,7.196476459503174,英鎊,聯博-美國收益基金AA(穩定月配)英鎊避險級別,yfinance,未分類,美國
B03627,2015-01-21,7.186704158782959,英鎊,聯博-美國收益基金AA(穩定月配)英鎊避險級別,yfinance,未分類,美國
B03627,2015-01-22,7.181821346282959,英鎊,聯博-美國收益基金AA(穩定月配)英鎊避險級別,yfinance,未分類,美國
B03627,2015-01-23,7.211132526397705,英鎊,聯博-美國收益基金AA(穩定月配)英鎊避險級別,yfinance,未分類,美國
B03627,2015-01-26,7.206248760223389,英鎊,聯博-美國收益基金AA(穩定月配)英鎊避險級別,yfinance,未分類,美國
B03627,2015-01-27,7.211132526397705,英鎊,聯博-美國收益基金AA(穩定月配)英鎊避險級別,yfinance,未分類,美國
B03627,2015-01-28,7.235559463500977,英鎊,聯博-美國收益基金AA(穩定月配)英鎊避險級別,yfinance,未分類,美國
B03627,2015-01-29,7.230676174163818,英鎊,聯博-美國收益基金AA(穩定月配)英鎊避險級別,yfinance,未分類,美國
B03627,2015-01-30,7.249734878540039,英鎊,聯博-美國收益基金AA(穩定月配)英鎊避險級別,yfinance,未分類,美國
B03627,2015-02-02,7.254642009735107,英鎊,聯博-美國收益基金AA(穩定月配)英鎊避險級別,yfinance,未分類,美國
B03627,2015-02-03,7.234996318817139,英鎊,聯博-美國收益基金AA(穩定月配)英鎊避險級別,yfinance,未分類,美國
B03627,2015-02-04,7.239908218383789,英鎊,聯博-美國收益基金AA(穩定月配)英鎊避險級別,yfinance,未分類,美國
B03627,2015-02-05,7.234996318817139,英鎊,聯博-美國收益基金AA(穩定月配)英鎊避險級別,yfinance,未分類,美國
B03627,2015-02-06,7.215351581573486,英鎊,聯博-美國收益基金AA(穩定月配)英鎊避險級別,yfinance,未分類,美國
B03627,2015-02-09,7.210439205169678,英鎊,聯博-美國收益基金AA(穩定月配)英鎊避險級別,yfinance,未分類,美國
B03627,2015-02-10,7.200619697570801,英鎊,聯博-美國收益基金AA(穩定月配)英鎊避險級別,yfinance,未分類,美國
B03627,2015-02-11,7.195704936981201,英鎊,聯博-美國收益基金AA(穩定月配)英鎊避險級別,yfinance,未分類,美國
B03627,2015-02-12,7.200619697570801,英鎊,聯博-美國收益基金AA(穩定月配)英鎊避險級別,yfinance,未分類,美國
B03627,2015-02-13,7.2055277824401855,英鎊,聯博-美國收益基金AA(穩定月配)英鎊避險級別,yfinance,未分類,美國
B03627,2015-02-17,7.18096923828125,英鎊,聯博-美國收益基金AA(穩定月配)英鎊避險級別,yfinance,未分類,美國
B03627,2015-02-18,7.195704936981201,英鎊,聯博-美國收益基金AA(穩定月配)英鎊避險級別,yfinance,未分類,美國
B03627,2015-02-19,7.185882091522217,英鎊,聯博-美國收益基金AA(穩定月配)英鎊避險級別,yfinance,未分類,美國
B03627,2015-02-20,7.185882091522217,英鎊,聯博-美國收益基金AA(穩定月配)英鎊避險級別,yfinance,未分類,美國
B03627,2015-02-23,7.2055277824401855,英鎊,聯博-美國收益基金AA(穩定月配)英鎊避險級別,yfinance,未分類,美國
B03627,2015-02-24,7.2251739501953125,英鎊,聯博-美國收益基金AA(穩定月配)英鎊避險級別,yfinance,未分類,美國
B03627,2015-02-25,7.234996318817139,英鎊,聯博-美國收益基金AA(穩定月配)英鎊避險級別,yfinance,未分類,美國
B03627,2015-02-26,7.230087757110596,英鎊,聯博-美國收益基金AA(穩定月配)英鎊避險級別,yfinance,未分類,美國
B03627,2015-02-27,7.234432697296143,英鎊,聯博-美國收益基金AA(穩定月配)英鎊避險級別,yfinance,未分類,美國
B03627,2015-03-02,7.219618797302246,英鎊,聯博-美國收益基金AA(穩定月配)英鎊避險級別,yfinance,未分類,美國
B03627,2015-03-03,7.214677810668945,英鎊,聯博-美國收益基金AA(穩定月配)英鎊避險級別,yfinance,未分類,美國
B03627,2015-03-04,7.209738731384277,英鎊,聯博-美國收益基金AA(穩定月配)英鎊避險級別,yfinance,未分類,美國
B03627,2015-03-05,7.214677810668945,英鎊,聯博-美國收益基金AA(穩定月配)英鎊避險級別,yfinance,未分類,美國
B03627,2015-03-06,7.180115222930908,英鎊,聯博-美國收益基金AA(穩定月配)英鎊避險級別,yfinance,未分類,美國
B03627,2015-03-09,7.185049533843994,英鎊,聯博-美國收益基金AA(穩定月配)英鎊避險級別,yfinance,未分類,美國
B03627,2015-03-10,7.185049533843994,英鎊,聯博-美國收益基金AA(穩定月配)英鎊避險級別,yfinance,未分類,美國
B03627,2015-03-11,7.185049533843994,英鎊,聯博-美國收益基金AA(穩定月配)英鎊避險級別,yfinance,未分類,美國
B03627,2015-03-12,7.194930553436279,英鎊,聯博-美國收益基金AA(穩定月配)英鎊避險級別,yfinance,未分類,美國
B03627,2015-03-13,7.180115222930908,英鎊,聯博-美國收益基金AA(穩定月配)英鎊避險級別,yfinance,未分類,美國
B03627,2015-03-16,7.180115222930908,英鎊,聯博-美國收益基金AA(穩定月配)英鎊避險級別,yfinance,未分類,美國
B03627,2015-03-17,7.180115222930908,英鎊,聯博-美國收益基金AA(穩定月配)英鎊避險級別,yfinance,未分類,美國
B03627,2015-03-18,7.19986629486084,英鎊,聯博-美國收益基金AA(穩定月配)英鎊避險級別,yfinance,未分類,美國
B03627,2015-03-19,7.204799175262451,英鎊,聯博-美國收益基金AA(穩定月配)英鎊避險級別,yfinance,未分類,美國
B03627,2015-03-20,7.224557876586914,英鎊,聯博-美國收益基金AA(穩定月配)英鎊避險級別,yfinance,未分類,美國
B03627,2015-03-23,7.234432697296143,英鎊,聯博-美國收益基金AA(穩定月配)英鎊避險級別,yfinance,未分類,美國
B03627,2015-03-24,7.249248027801514,英鎊,聯博-美國收益基金AA(穩定月配)英鎊避險級別,yfinance,未分類,美國
B03627,2015-03-25,7.244309425354004,英鎊,聯博-美國收益基金AA(穩定月配)英鎊避險級別,yfinance,未分類,美國
B03627,2015-03-26,7.219618797302246,英鎊,聯博-美國收益基金AA(穩定月配)英鎊避險級別,yfinance,未分類,美國
B03627,2015-03-27,7.234432697296143,英鎊,聯博-美國收益基金AA(穩定月配)英鎊避險級別,yfinance,未分類,美國
B03627,2015-03-30,7.239371299743652,英鎊,聯博-美國收益基金AA(穩定月配)英鎊避險級別,yfinance,未分類,美國
B03627,2015-03-31,7.24870491027832,英鎊,聯博-美國收益基金AA(穩定月配)英鎊避險級別,yfinance,未分類,美國
B03627,2015-04-01,7.263599872589111,英鎊,聯博-美國收益基金AA(穩定月配)英鎊避險級別,yfinance,未分類,美國
B03627,2015-04-02,7.263599872589111,英鎊,聯博-美國收益基金AA(穩定月配)英鎊避險級別,yfinance,未分類,美國
B03627,2015-04-07,7.278491973876953,英鎊,聯博-美國收益基金AA(穩定月配)英鎊避險級別,yfinance,未分類,美國
B03627,2015-04-08,7.283459186553955,英鎊,聯博-美國收益基金AA(穩定月配)英鎊避險級別,yfinance,未分類,美國
B03627,2015-04-09,7.273523807525635,英鎊,聯博-美國收益基金AA(穩定月配)英鎊避險級別,yfinance,未分類,美國
B03627,2015-04-10,7.278491973876953,英鎊,聯博-美國收益基金AA(穩定月配)英鎊避險級別,yfinance,未分類,美國
B03627,2015-04-13,7.283459186553955,英鎊,聯博-美國收益基金AA(穩定月配)英鎊避險級別,yfinance,未分類,美國
B03627,2015-04-14,7.288421154022217,英鎊,聯博-美國收益基金AA(穩定月配)英鎊避險級別,yfinance,未分類,美國
B03627,2015-04-15,7.293388366699219,英鎊,聯博-美國收益基金AA(穩定月配)英鎊避險級別,yfinance,未分類,美國
B03627,2015-04-16,7.298350811004639,英鎊,聯博-美國收益基金AA(穩定月配)英鎊避險級別,yfinance,未分類,美國
B03627,2015-04-17,7.298350811004639,英鎊,聯博-美國收益基金AA(穩定月配)英鎊避險級別,yfinance,未分類,美國
B03627,2015-04-20,7.288421154022217,英鎊,聯博-美國收益基金AA(穩定月配)英鎊避險級別,yfinance,未分類,美國
B03627,2015-04-21,7.293388366699219,英鎊,聯博-美國收益基金AA(穩定月配)英鎊避險級別,yfinance,未分類,美國
B03627,2015-04-22,7.278491973876953,英鎊,聯博-美國收益基金AA(穩定月配)英鎊避險級別,yfinance,未分類,美國
B03627,2015-04-23,7.288421154022217,英鎊,聯博-美國收益基金AA(穩定月配)英鎊避險級別,yfinance,未分類,美國
B03627,2015-04-24,7.298350811004639,英鎊,聯博-美國收益基金AA(穩定月配)英鎊避險級別,yfinance,未分類,美國
B03627,2015-04-27,7.298350811004639,英鎊,聯博-美國收益基金AA(穩定月配)英鎊避險級別,yfinance,未分類,美國
B03627,2015-04-28,7.288421154022217,英鎊,聯博-美國收益基金AA(穩定月配)英鎊避險級別,yfinance,未分類,美國
B03627,2015-04-29,7.268563270568848,英鎊,聯博-美國收益基金AA(穩定月配)英鎊避險級別,yfinance,未分類,美國
B03627,2015-04-30,7.2629714012146,英鎊,聯博-美國收益基金AA(穩定月配)英鎊避險級別,yfinance,未分類,美國
B03627,2015-05-05,7.233020305633545,英鎊,聯博-美國收益基金AA(穩定月配)英鎊避險級別,yfinance,未分類,美國
B03627,2015-05-06,7.218047618865967,英鎊,聯博-美國收益基金AA(穩定月配)英鎊避險級別,yfinance,未分類,美國
B03627,2015-05-07,7.223039150238037,英鎊,聯博-美國收益基金AA(穩定月配)英鎊避險級別,yfinance,未分類,美國
B03627,2015-05-08,7.243007183074951,英鎊,聯博-美國收益基金AA(穩定月配)英鎊避險級別,yfinance,未分類,美國
B03627,2015-05-11,7.218047618865967,英鎊,聯博-美國收益基金AA(穩定月配)英鎊避險級別,yfinance,未分類,美國
B03627,2015-05-12,7.208064556121826,英鎊,聯博-美國收益基金AA(穩定月配)英鎊避險級別,yfinance,未分類,美國
B03627,2015-05-13,7.213054180145264,英鎊,聯博-美國收益基金AA(穩定月配)英鎊避險級別,yfinance,未分類,美國
B03627,2015-05-15,7.238018035888672,英鎊,聯博-美國收益基金AA(穩定月配)英鎊避險級別,yfinance,未分類,美國
B03627,2015-05-18,7.223039150238037,英鎊,聯博-美國收益基金AA(穩定月配)英鎊避險級別,yfinance,未分類,美國
B03627,2015-05-19,7.218047618865967,英鎊,聯博-美國收益基金AA(穩定月配)英鎊避險級別,yfinance,未分類,美國
B03627,2015-05-20,7.218047618865967,英鎊,聯博-美國收益基金AA(穩定月配)英鎊避險級別,yfinance,未分類,美國
B03627,2015-05-21,7.238018035888672,英鎊,聯博-美國收益基金AA(穩定月配)英鎊避險級別,yfinance,未分類,美國
B03627,2015-05-22,7.228032112121582,英鎊,聯博-美國收益基金AA(穩定月配)英鎊避險級別,yfinance,未分類,美國
B03627,2015-05-26,7.248000144958496,英鎊,聯博-美國收益基金AA(穩定月配)英鎊避險級別,yfinance,未分類,美國
B03627,2015-05-27,7.248000144958496,英鎊,聯博-美國收益基金AA(穩定月配)英鎊避險級別,yfinance,未分類,美國
B03627,2015-05-28,7.248000144958496,英鎊,聯博-美國收益基金AA(穩定月配)英鎊避險級別,yfinance,未分類,美國
B03627,2015-05-29,7.257435321807861,英鎊,聯博-美國收益基金AA(穩定月配)英鎊避險級別,yfinance,未分類,美國
B03627,2015-06-01,7.237358570098877,英鎊,聯博-美國收益基金AA(穩定月配)英鎊避險級別,yfinance,未分類,美國
B03627,2015-06-02,7.222301483154297,英鎊,聯博-美國收益基金AA(穩定月配)英鎊避險級別,yfinance,未分類,美國
B03627,2015-06-03,7.202225685119629,英鎊,聯博-美國收益基金AA(穩定月配)英鎊避險級別,yfinance,未分類,美國
B03627,2015-06-04,7.202225685119629,英鎊,聯博-美國收益基金AA(穩定月配)英鎊避險級別,yfinance,未分類,美國
B03627,2015-06-05,7.177123546600342,英鎊,聯博-美國收益基金AA(穩定月配)英鎊避險級別,yfinance,未分類,美國
B03627,2015-06-08,7.177123546600342,英鎊,聯博-美國收益基金AA(穩定月配)英鎊避險級別,yfinance,未分類,美國
B03627,2015-06-09,7.162071704864502,英鎊,聯博-美國收益基金AA(穩定月配)英鎊避險級別,yfinance,未分類,美國
B03627,2015-06-10,7.1470184326171875,英鎊,聯博-美國收益基金AA(穩定月配)英鎊避險級別,yfinance,未分類,美國
B03627,2015-06-11,7.167093753814697,英鎊,聯博-美國收益基金AA(穩定月配)英鎊避險級別,yfinance,未分類,美國
B03627,2015-06-12,7.167093753814697,英鎊,聯博-美國收益基金AA(穩定月配)英鎊避險級別,yfinance,未分類,美國
B03627,2015-06-15,7.167093753814697,英鎊,聯博-美國收益基金AA(穩定月配)英鎊避險級別,yfinance,未分類,美國
B03627,2015-06-16,7.167093753814697,英鎊,聯博-美國收益基金AA(穩定月配)英鎊避險級別,yfinance,未分類,美國
B03627,2015-06-17,7.172109603881836,英鎊,聯博-美國收益基金AA(穩定月配)英鎊避險級別,yfinance,未分類,美國
B03627,2015-06-18,7.172109603881836,英鎊,聯博-美國收益基金AA(穩定月配)英鎊避險級別,yfinance,未分類,美國
B03627,2015-06-19,7.187165260314941,英鎊,聯博-美國收益基金AA(穩定月配)英鎊避險級別,yfinance,未分類,美國
B03627,2015-06-22,7.177123546600342,英鎊,聯博-美國收益基金AA(穩定月配)英鎊避險級別,yfinance,未分類,美國
B03627,2015-06-24,7.172109603881836,英鎊,聯博-美國收益基金AA(穩定月配)英鎊避險級別,yfinance,未分類,美國
B03627,2015-06-25,7.167093753814697,英鎊,聯博-美國收益基金AA(穩定月配)英鎊避險級別,yfinance,未分類,美國
B03627,2015-06-26,7.1470184326171875,英鎊,聯博-美國收益基金AA(穩定月配)英鎊避險級別,yfinance,未分類,美國
B03627,2015-06-29,7.157050132751465,英鎊,聯博-美國收益基金AA(穩定月配)英鎊避險級別,yfinance,未分類,美國
B03627,2015-06-30,7.156447410583496,英鎊,聯博-美國收益基金AA(穩定月配)英鎊避險級別,yfinance,未分類,美國
B03627,2015-07-01,7.146355152130127,英鎊,聯博-美國收益基金AA(穩定月配)英鎊避險級別,yfinance,未分類,美國
B03627,2015-07-02,7.151400089263916,英鎊,聯博-美國收益基金AA(穩定月配)英鎊避險級別,yfinance,未分類,美國
B03627,2015-07-06,7.166542053222656,英鎊,聯博-美國收益基金AA(穩定月配)英鎊避險級別,yfinance,未分類,美國
B03627,2015-07-07,7.171588897705078,英鎊,聯博-美國收益基金AA(穩定月配)英鎊避險級別,yfinance,未分類,美國
B03627,2015-07-08,7.171588897705078,英鎊,聯博-美國收益基金AA(穩定月配)英鎊避險級別,yfinance,未分類,美國
B03627,2015-07-09,7.156447410583496,英鎊,聯博-美國收益基金AA(穩定月配)英鎊避險級別,yfinance,未分類,美國
B03627,2015-07-10,7.141304969787598,英鎊,聯博-美國收益基金AA(穩定月配)英鎊避險級別,yfinance,未分類,美國
B03627,2015-07-13,7.146355152130127,英鎊,聯博-美國收益基金AA(穩定月配)英鎊避險級別,yfinance,未分類,美國
B03627,2015-07-14,7.151400089263916,英鎊,聯博-美國收益基金AA(穩定月配)英鎊避險級別,yfinance,未分類,美國
B03627,2015-07-15,7.161497592926025,英鎊,聯博-美國收益基金AA(穩定月配)英鎊避險級別,yfinance,未分類,美國
B03627,2015-07-16,7.161497592926025,英鎊,聯博-美國收益基金AA(穩定月配)英鎊避險級別,yfinance,未分類,美國
B03627,2015-07-17,7.161497592926025,英鎊,聯博-美國收益基金AA(穩定月配)英鎊避險級別,yfinance,未分類,美國
B03627,2015-07-20,7.151400089263916,英鎊,聯博-美國收益基金AA(穩定月配)英鎊避險級別,yfinance,未分類,美國
B03627,2015-07-21,7.156447410583496,英鎊,聯博-美國收益基金AA(穩定月配)英鎊避險級別,yfinance,未分類,美國
B03627,2015-07-22,7.151400089263916,英鎊,聯博-美國收益基金AA(穩定月配)英鎊避險級別,yfinance,未分類,美國
B03627,2015-07-23,7.151400089263916,英鎊,聯博-美國收益基金AA(穩定月配)英鎊避險級別,yfinance,未分類,美國
B03627,2015-07-24,7.146355152130127,英鎊,聯博-美國收益基金AA(穩定月配)英鎊避險級別,yfinance,未分類,美國
B03627,2015-07-27,7.141304969787598,英鎊,聯博-美國收益基金AA(穩定月配)英鎊避險級別,yfinance,未分類,美國
B03627,2015-07-28,7.141304969787598,英鎊,聯博-美國收益基金AA(穩定月配)英鎊避險級別,yfinance,未分類,美國
B03627,2015-07-29,7.146355152130127,英鎊,聯博-美國收益基金AA(穩定月配)英鎊避險級別,yfinance,未分類,美國
B03627,2015-07-30,7.151400089263916,英鎊,聯博-美國收益基金AA(穩定月配)英鎊避險級別,yfinance,未分類,美國
B03627,2015-07-31,7.166013717651367,英鎊,聯博-美國收益基金AA(穩定月配)英鎊避險級別,yfinance,未分類,美國
B03627,2015-08-03,7.1761674880981445,英鎊,聯博-美國收益基金AA(穩定月配)英鎊避險級別,yfinance,未分類,美國
B03627,2015-08-04,7.160944938659668,英鎊,聯博-美國收益基金AA(穩定月配)英鎊避險級別,yfinance,未分類,美國
B03627,2015-08-05,7.150795936584473,英鎊,聯博-美國收益基金AA(穩定月配)英鎊避險級別,yfinance,未分類,美國
B03627,2015-08-06,7.145711421966553,英鎊,聯博-美國收益基金AA(穩定月配)英鎊避險級別,yfinance,未分類,美國
B03627,2015-08-07,7.145711421966553,英鎊,聯博-美國收益基金AA(穩定月配)英鎊避險級別,yfinance,未分類,美國
B03627,2015-08-10,7.135563850402832,英鎊,聯博-美國收益基金AA(穩定月配)英鎊避險級別,yfinance,未分類,美國
B03627,2015-08-11,7.1406450271606445,英鎊,聯博-美國收益基金AA(穩定月配)英鎊避險級別,yfinance,未分類,美國
B03627,2015-08-12,7.135563850402832,英鎊,聯博-美國收益基金AA(穩定月配)英鎊避險級別,yfinance,未分類,美國
B03627,2015-08-13,7.130491256713867,英鎊,聯博-美國收益基金AA(穩定月配)英鎊避險級別,yfinance,未分類,美國
B03627,2015-08-14,7.125419616699219,英鎊,聯博-美國收益基金AA(穩定月配)英鎊避險級別,yfinance,未分類,美國
B03627,2015-08-17,7.135563850402832,英鎊,聯博-美國收益基金AA(穩定月配)英鎊避險級別,yfinance,未分類,美國
B03627,2015-08-18,7.125419616699219,英鎊,聯博-美國收益基金AA(穩定月配)英鎊避險級別,yfinance,未分類,美國
B03627,2015-08-19,7.130491256713867,英鎊,聯博-美國收益基金AA(穩定月配)英鎊避險級別,yfinance,未分類,美國
B03627,2015-08-20,7.125419616699219,英鎊,聯博-美國收益基金AA(穩定月配)英鎊避險級別,yfinance,未分類,美國
B03627,2015-08-21,7.120337963104248,英鎊,聯博-美國收益基金AA(穩定月配)英鎊避險級別,yfinance,未分類,美國
B03627,2015-08-24,7.094968318939209,英鎊,聯博-美國收益基金AA(穩定月配)英鎊避險級別,yfinance,未分類,美國
B03627,2015-08-25,7.084817409515381,英鎊,聯博-美國收益基金AA(穩定月配)英鎊避險級別,yfinance,未分類,美國
B03627,2015-08-26,7.074666500091553,英鎊,聯博-美國收益基金AA(穩定月配)英鎊避險級別,yfinance,未分類,美國
B03627,2015-08-27,7.094968318939209,英鎊,聯博-美國收益基金AA(穩定月配)英鎊避險級別,yfinance,未分類,美國
B03627,2015-08-28,7.140260219573975,英鎊,聯博-美國收益基金AA(穩定月配)英鎊避險級別,yfinance,未分類,美國
B03627,2015-09-01,7.089221000671387,英鎊,聯博-美國收益基金AA(穩定月配)英鎊避險級別,yfinance,未分類,美國
B03627,2015-09-02,7.079013347625732,英鎊,聯博-美國收益基金AA(穩定月配)英鎊避險級別,yfinance,未分類,美國
B03627,2015-09-03,7.094323635101318,英鎊,聯博-美國收益基金AA(穩定月配)英鎊避險級別,yfinance,未分類,美國
B03627,2015-09-04,7.099431037902832,英鎊,聯博-美國收益基金AA(穩定月配)英鎊避險級別,yfinance,未分類,美國
B03627,2015-09-08,7.089221000671387,英鎊,聯博-美國收益基金AA(穩定月配)英鎊避險級別,yfinance,未分類,美國
B03627,2015-09-09,7.099431037902832,英鎊,聯博-美國收益基金AA(穩定月配)英鎊避險級別,yfinance,未分類,美國
B03627,2015-09-10,7.084117889404297,英鎊,聯博-美國收益基金AA(穩定月配)英鎊避險級別,yfinance,未分類,美國
B03627,2015-09-11,7.094323635101318,英鎊,聯博-美國收益基金AA(穩定月配)英鎊避險級別,yfinance,未分類,美國
B03627,2015-09-14,7.094323635101318,英鎊,聯博-美國收益基金AA(穩定月配)英鎊避險級別,yfinance,未分類,美國
B03627,2015-09-15,7.073907852172852,英鎊,聯博-美國收益基金AA(穩定月配)英鎊避險級別,yfinance,未分類,美國
B03627,2015-09-16,7.0688066482543945,英鎊,聯博-美國收益基金AA(穩定月配)英鎊避險級別,yfinance,未分類,美國
B03627,2015-09-17,7.089221000671387,英鎊,聯博-美國收益基金AA(穩定月配)英鎊避險級別,yfinance,未分類,美國
B03627,2015-09-18,7.104529857635498,英鎊,聯博-美國收益基金AA(穩定月配)英鎊避險級別,yfinance,未分類,美國
B03627,2015-09-21,7.084117889404297,英鎊,聯博-美國收益基金AA(穩定月配)英鎊避險級別,yfinance,未分類,美國
B03627,2015-09-22,7.084117889404297,英鎊,聯博-美國收益基金AA(穩定月配)英鎊避險級別,yfinance,未分類,美國
B03627,2015-09-23,7.073907852172852,英鎊,聯博-美國收益基金AA(穩定月配)英鎊避險級別,yfinance,未分類,美國
B03627,2015-09-24,7.053492069244385,英鎊,聯博-美國收益基金AA(穩定月配)英鎊避險級別,yfinance,未分類,美國
B03627,2015-09-25,7.0432868003845215,英鎊,聯博-美國收益基金AA(穩定月配)英鎊避險級別,yfinance,未分類,美國
B03627,2015-09-28,7.0228705406188965,英鎊,聯博-美國收益基金AA(穩定月配)英鎊避險級別,yfinance,未分類,美國
B03627,2015-09-29,7.017767906188965,英鎊,聯博-美國收益基金AA(穩定月配)英鎊避險級別,yfinance,未分類,美國
B03627,2015-09-30,7.022284507751465,英鎊,聯博-美國收益基金AA(穩定月配)英鎊避險級別,yfinance,未分類,美國
B03627,2015-10-01,7.027415752410889,英鎊,聯博-美國收益基金AA(穩定月配)英鎊避險級別,yfinance,未分類,美國
B03627,2015-10-02,7.037684440612793,英鎊,聯博-美國收益基金AA(穩定月配)英鎊避險級別,yfinance,未分類,美國
B03627,2015-10-05,7.047952175140381,英鎊,聯博-美國收益基金AA(穩定月配)英鎊避險級別,yfinance,未分類,美國
B03627,2015-10-06,7.068485736846924,英鎊,聯博-美國收益基金AA(穩定月配)英鎊避險級別,yfinance,未分類,美國
B03627,2015-10-07,7.083884239196777,英鎊,聯博-美國收益基金AA(穩定月配)英鎊避險級別,yfinance,未分類,美國
B03627,2015-10-08,7.0787506103515625,英鎊,聯博-美國收益基金AA(穩定月配)英鎊避險級別,yfinance,未分類,美國
B03627,2015-10-09,7.0992817878723145,英鎊,聯博-美國收益基金AA(穩定月配)英鎊避險級別,yfinance,未分類,美國
B03627,2015-10-12,7.10955286026001,英鎊,聯博-美國收益基金AA(穩定月配)英鎊避險級別,yfinance,未分類,美國
B03627,2015-10-13,7.0992817878723145,英鎊,聯博-美國收益基金AA(穩定月配)英鎊避險級別,yfinance,未分類,美國
B03627,2015-10-14,7.114681243896484,英鎊,聯博-美國收益基金AA(穩定月配)英鎊避險級別,yfinance,未分類,美國
B03627,2015-10-15,7.10955286026001,英鎊,聯博-美國收益基金AA(穩定月配)英鎊避險級別,yfinance,未分類,美國
B03627,2015-10-16,7.119814395904541,英鎊,聯博-美國收益基金AA(穩定月配)英鎊避險級別,yfinance,未分類,美國
B03627,2015-10-19,7.119814395904541,英鎊,聯博-美國收益基金AA(穩定月配)英鎊避險級別,yfinance,未分類,美國
B03627,2015-10-20,7.114681243896484,英鎊,聯博-美國收益基金AA(穩定月配)英鎊避險級別,yfinance,未分類,美國
B03627,2015-10-21,7.12495231628418,英鎊,聯博-美國收益基金AA(穩定月配)英鎊避險級別,yfinance,未分類,美國
B03627,2015-10-22,7.12495231628418,英鎊,聯博-美國收益基金AA(穩定月配)英鎊避險級別,yfinance,未分類,美國
B03627,2015-10-23,7.130086898803711,英鎊,聯博-美國收益基金AA(穩定月配)英鎊避險級別,yfinance,未分類,美國
B03627,2015-10-26,7.135213851928711,英鎊,聯博-美國收益基金AA(穩定月配)英鎊避險級別,yfinance,未分類,美國
B03627,2015-10-27,7.135213851928711,英鎊,聯博-美國收益基金AA(穩定月配)英鎊避險級別,yfinance,未分類,美國
B03627,2015-10-28,7.12495231628418,英鎊,聯博-美國收益基金AA(穩定月配)英鎊避險級別,yfinance,未分類,美國
B03627,2015-10-29,7.10955286026001,英鎊,聯博-美國收益基金AA(穩定月配)英鎊避險級別,yfinance,未分類,美國
B03627,2015-10-30,7.114095687866211,英鎊,聯博-美國收益基金AA(穩定月配)英鎊避險級別,yfinance,未分類,美國
B03627,2015-11-02,7.114095687866211,英鎊,聯博-美國收益基金AA(穩定月配)英鎊避險級別,yfinance,未分類,美國
B03627,2015-11-03,7.114095687866211,英鎊,聯博-美國收益基金AA(穩定月配)英鎊避險級別,yfinance,未分類,美國
B03627,2015-11-04,7.114095687866211,英鎊,聯博-美國收益基金AA(穩定月配)英鎊避險級別,yfinance,未分類,美國
B03627,2015-11-05,7.103769302368164,英鎊,聯博-美國收益基金AA(穩定月配)英鎊避險級別,yfinance,未分類,美國
B03627,2015-11-06,7.07279109954834,英鎊,聯博-美國收益基金AA(穩定月配)英鎊避險級別,yfinance,未分類,美國
B03627,2015-11-09,7.057305335998535,英鎊,聯博-美國收益基金AA(穩定月配)英鎊避險級別,yfinance,未分類,美國
B03627,2015-11-10,7.052142143249512,英鎊,聯博-美國收益基金AA(穩定月配)英鎊避險級別,yfinance,未分類,美國
B03627,2015-11-11,7.052142143249512,英鎊,聯博-美國收益基金AA(穩定月配)英鎊避險級別,yfinance,未分類,美國
B03627,2015-11-12,7.041816234588623,英鎊,聯博-美國收益基金AA(穩定月配)英鎊避險級別,yfinance,未分類,美國
B03627,2015-11-13,7.041816234588623,英鎊,聯博-美國收益基金AA(穩定月配)英鎊避險級別,yfinance,未分類,美國
B03627,2015-11-16,7.026326656341553,英鎊,聯博-美國收益基金AA(穩定月配)英鎊避險級別,yfinance,未分類,美國
B03627,2015-11-17,7.052142143249512,英鎊,聯博-美國收益基金AA(穩定月配)英鎊避險級別,yfinance,未分類,美國
B03627,2015-11-18,7.052142143249512,英鎊,聯博-美國收益基金AA(穩定月配)英鎊避險級別,yfinance,未分類,美國
B03627,2015-11-19,7.052142143249512,英鎊,聯博-美國收益基金AA(穩定月配)英鎊避險級別,yfinance,未分類,美國
B03627,2015-11-20,7.04697847366333,英鎊,聯博-美國收益基金AA(穩定月配)英鎊避險級別,yfinance,未分類,美國
B03627,2015-11-23,7.04697847366333,英鎊,聯博-美國收益基金AA(穩定月配)英鎊避險級別,yfinance,未分類,美國
B03627,2015-11-24,7.041816234588623,英鎊,聯博-美國收益基金AA(穩定月配)英鎊避險級別,yfinance,未分類,美國
B03627,2015-11-25,7.04697847366333,英鎊,聯博-美國收益基金AA(穩定月配)英鎊避險級別,yfinance,未分類,美國
B03627,2015-11-27,7.052142143249512,英鎊,聯博-美國收益基金AA(穩定月配)英鎊避險級別,yfinance,未分類,美國
B03627,2015-11-30,7.051517009735107,英鎊,聯博-美國收益基金AA(穩定月配)英鎊避險級別,yfinance,未分類,美國
B03627,2015-12-01,7.072288990020752,英鎊,聯博-美國收益基金AA(穩定月配)英鎊避險級別,yfinance,未分類,美國
B03627,2015-12-02,7.067096710205078,英鎊,聯博-美國收益基金AA(穩定月配)英鎊避險級別,yfinance,未分類,美國
B03627,2015-12-03,7.0203633308410645,英鎊,聯博-美國收益基金AA(穩定月配)英鎊避險級別,yfinance,未分類,美國
B03627,2015-12-04,7.0203633308410645,英鎊,聯博-美國收益基金AA(穩定月配)英鎊避險級別,yfinance,未分類,美國
B03627,2015-12-07,7.0203633308410645,英鎊,聯博-美國收益基金AA(穩定月配)英鎊避險級別,yfinance,未分類,美國
B03627,2015-12-08,6.994401454925537,英鎊,聯博-美國收益基金AA(穩定月配)英鎊避險級別,yfinance,未分類,美國
B03627,2015-12-09,7.004786491394043,英鎊,聯博-美國收益基金AA(穩定月配)英鎊避險級別,yfinance,未分類,美國
B03627,2015-12-10,6.98921012878418,英鎊,聯博-美國收益基金AA(穩定月配)英鎊避險級別,yfinance,未分類,美國
B03627,2015-12-11,6.96843957901001,英鎊,聯博-美國收益基金AA(穩定月配)英鎊避險級別,yfinance,未分類,美國
B03627,2015-12-14,6.900934219360352,英鎊,聯博-美國收益基金AA(穩定月配)英鎊避險級別,yfinance,未分類,美國
B03627,2015-12-15,6.9320855140686035,英鎊,聯博-美國收益基金AA(穩定月配)英鎊避險級別,yfinance,未分類,美國
B03627,2015-12-16,6.9320855140686035,英鎊,聯博-美國收益基金AA(穩定月配)英鎊避險級別,yfinance,未分類,美國
B03627,2015-12-17,6.942471981048584,英鎊,聯博-美國收益基金AA(穩定月配)英鎊避險級別,yfinance,未分類,美國
B03627,2015-12-18,6.937283515930176,英鎊,聯博-美國收益基金AA(穩定月配)英鎊避險級別,yfinance,未分類,美國
B03627,2015-12-21,6.9320855140686035,英鎊,聯博-美國收益基金AA(穩定月配)英鎊避險級別,yfinance,未分類,美國
B03627,2015-12-22,6.9320855140686035,英鎊,聯博-美國收益基金AA(穩定月配)英鎊避險級別,yfinance,未分類,美國
B03627,2015-12-23,6.942471981048584,英鎊,聯博-美國收益基金AA(穩定月配)英鎊避險級別,yfinance,未分類,美國
B03627,2015-12-24,6.947667598724365,英鎊,聯博-美國收益基金AA(穩定月配)英鎊避險級別,yfinance,未分類,美國
B03627,2015-12-29,6.942471981048584,英鎊,聯博-美國收益基金AA(穩定月配)英鎊避險級別,yfinance,未分類,美國
B03627,2015-12-30,6.942471981048584,英鎊,聯博-美國收益基金AA(穩定月配)英鎊避險級別,yfinance,未分類,美國
B03627,2015-12-31,6.952295303344727,英鎊,聯博-美國收益基金AA(穩定月配)英鎊避險級別,yfinance,未分類,美國
B09081,2015-01-02,78.91999816894531,英鎊,貝萊德英國基金 A2,yfinance,未分類,英國
B09081,2015-01-05,77.80999755859375,英鎊,貝萊德英國基金 A2,yfinance,未分類,英國
B09081,2015-01-06,77.43000030517578,英鎊,貝萊德英國基金 A2,yfinance,未分類,英國
B09081,2015-01-07,77.61000061035156,英鎊,貝萊德英國基金 A2,yfinance,未分類,英國
B09081,2015-01-08,78.5199966430664,英鎊,貝萊德英國基金 A2,yfinance,未分類,英國
B09081,2015-01-09,78.2699966430664,英鎊,貝萊德英國基金 A2,yfinance,未分類,英國
B09081,2015-01-12,77.87000274658203,英鎊,貝萊德英國基金 A2,yfinance,未分類,英國
B09081,2015-01-13,78.80999755859375,英鎊,貝萊德英國基金 A2,yfinance,未分類,英國
B09081,2015-01-14,77.1500015258789,英鎊,貝萊德英國基金 A2,yfinance,未分類,英國
B09081,2015-01-15,77.61000061035156,英鎊,貝萊德英國基金 A2,yfinance,未分類,英國
B09081,2015-01-16,78.0999984741211,英鎊,貝萊德英國基金 A2,yfinance,未分類,英國
B09081,2015-01-19,79.06999969482422,英鎊,貝萊德英國基金 A2,yfinance,未分類,英國
B09081,2015-01-20,79.29000091552734,英鎊,貝萊德英國基金 A2,yfinance,未分類,英國
B09081,2015-01-21,79.80999755859375,英鎊,貝萊德英國基金 A2,yfinance,未分類,英國
B09081,2015-01-22,80.51000213623047,英鎊,貝萊德英國基金 A2,yfinance,未分類,英國
B09081,2015-01-23,81.51000213623047,英鎊,貝萊德英國基金 A2,yfinance,未分類,英國
B09081,2015-01-26,81.80999755859375,英鎊,貝萊德英國基金 A2,yfinance,未分類,英國
B09081,2015-01-27,81.16999816894531,英鎊,貝萊德英國基金 A2,yfinance,未分類,英國
B09081,2015-01-28,81.45999908447266,英鎊,貝萊德英國基金 A2,yfinance,未分類,英國
B09081,2015-01-29,81.36000061035156,英鎊,貝萊德英國基金 A2,yfinance,未分類,英國
B09081,2015-01-30,81.4800033569336,英鎊,貝萊德英國基金 A2,yfinance,未分類,英國
B09081,2015-02-02,80.79000091552734,英鎊,貝萊德英國基金 A2,yfinance,未分類,英國
B09081,2015-02-03,81.75,英鎊,貝萊德英國基金 A2,yfinance,未分類,英國
B09081,2015-02-04,81.30000305175781,英鎊,貝萊德英國基金 A2,yfinance,未分類,英國
B09081,2015-02-05,81.45999908447266,英鎊,貝萊德英國基金 A2,yfinance,未分類,英國
B09081,2015-02-06,81.33999633789062,英鎊,貝萊德英國基金 A2,yfinance,未分類,英國
B09081,2015-02-09,80.72000122070312,英鎊,貝萊德英國基金 A2,yfinance,未分類,英國
B09081,2015-02-10,81.13999938964844,英鎊,貝萊德英國基金 A2,yfinance,未分類,英國
B09081,2015-02-11,80.93000030517578,英鎊,貝萊德英國基金 A2,yfinance,未分類,英國
B09081,2015-02-12,81.5,英鎊,貝萊德英國基金 A2,yfinance,未分類,英國
B09081,2015-02-13,81.7699966430664,英鎊,貝萊德英國基金 A2,yfinance,未分類,英國
B09081,2015-02-16,81.54000091552734,英鎊,貝萊德英國基金 A2,yfinance,未分類,英國
B09081,2015-02-17,81.75,英鎊,貝萊德英國基金 A2,yfinance,未分類,英國
B09081,2015-02-18,81.94999694824219,英鎊,貝萊德英國基金 A2,yfinance,未分類,英國
B09081,2015-02-19,82.41000366210938,英鎊,貝萊德英國基金 A2,yfinance,未分類,英國
B09081,2015-02-20,82.41999816894531,英鎊,貝萊德英國基金 A2,yfinance,未分類,英國
B09081,2015-02-23,82.93000030517578,英鎊,貝萊德英國基金 A2,yfinance,未分類,英國
B09081,2015-02-24,83.12000274658203,英鎊,貝萊德英國基金 A2,yfinance,未分類,英國
B09081,2015-02-25,82.87000274658203,英鎊,貝萊德英國基金 A2,yfinance,未分類,英國
B09081,2015-02-26,83.12000274658203,英鎊,貝萊德英國基金 A2,yfinance,未分類,英國
B09081,2015-02-27,83.47000122070312,英鎊,貝萊德英國基金 A2,yfinance,未分類,英國
B09081,2015-03-02,83.41000366210938,英鎊,貝萊德英國基金 A2,yfinance,未分類,英國
B09081,2015-03-03,83.12999725341797,英鎊,貝萊德英國基金 A2,yfinance,未分類,英國
B09081,2015-03-04,82.95999908447266,英鎊,貝萊德英國基金 A2,yfinance,未分類,英國
B09081,2015-03-05,84.20999908447266,英鎊,貝萊德英國基金 A2,yfinance,未分類,英國
B09081,2015-03-06,83.91999816894531,英鎊,貝萊德英國基金 A2,yfinance,未分類,英國
B09081,2015-03-09,83.12999725341797,英鎊,貝萊德英國基金 A2,yfinance,未分類,英國
B09081,2015-03-10,82.13999938964844,英鎊,貝萊德英國基金 A2,yfinance,未分類,英國
B09081,2015-03-11,81.43000030517578,英鎊,貝萊德英國基金 A2,yfinance,未分類,英國
B09081,2015-03-12,82.37999725341797,英鎊,貝萊德英國基金 A2,yfinance,未分類,英國
B09081,2015-03-13,82.30000305175781,英鎊,貝萊德英國基金 A2,yfinance,未分類,英國
B09081,2015-03-16,83.16999816894531,英鎊,貝萊德英國基金 A2,yfinance,未分類,英國
B09081,2015-03-17,83.0,英鎊,貝萊德英國基金 A2,yfinance,未分類,英國
B09081,2015-03-18,84.43000030517578,英鎊,貝萊德英國基金 A2,yfinance,未分類,英國
B09081,2015-03-19,84.54000091552734,英鎊,貝萊德英國基金 A2,yfinance,未分類,英國
B09081,2015-03-20,84.7699966430664,英鎊,貝萊德英國基金 A2,yfinance,未分類,英國
B09081,2015-03-23,84.70999908447266,英鎊,貝萊德英國基金 A2,yfinance,未分類,英國
B09081,2015-03-24,85.13999938964844,英鎊,貝萊德英國基金 A2,yfinance,未分類,英國
B09081,2015-03-25,84.7699966430664,英鎊,貝萊德英國基金 A2,yfinance,未分類,英國
B09081,2015-03-26,83.2300033569336,英鎊,貝萊德英國基金 A2,yfinance,未分類,英國
B09081,2015-03-27,83.05999755859375,英鎊,貝萊德英國基金 A2,yfinance,未分類,英國
B09081,2015-03-30,83.44999694824219,英鎊,貝萊德英國基金 A2,yfinance,未分類,英國
B09081,2015-03-31,82.41999816894531,英鎊,貝萊德英國基金 A2,yfinance,未分類,英國
B09081,2015-04-01,82.5999984741211,英鎊,貝萊德英國基金 A2,yfinance,未分類,英國
B09081,2015-04-02,83.0999984741211,英鎊,貝萊德英國基金 A2,yfinance,未分類,英國
B09081,2015-04-07,84.12000274658203,英鎊,貝萊德英國基金 A2,yfinance,未分類,英國
B09081,2015-04-08,84.01000213623047,英鎊,貝萊德英國基金 A2,yfinance,未分類,英國
B09081,2015-04-09,84.66999816894531,英鎊,貝萊德英國基金 A2,yfinance,未分類,英國
B09081,2015-04-10,85.44999694824219,英鎊,貝萊德英國基金 A2,yfinance,未分類,英國
B09081,2015-04-13,85.5999984741211,英鎊,貝萊德英國基金 A2,yfinance,未分類,英國
B09081,2015-04-14,85.30000305175781,英鎊,貝萊德英國基金 A2,yfinance,未分類,英國
B09081,2015-04-15,85.79000091552734,英鎊,貝萊德英國基金 A2,yfinance,未分類,英國
B09081,2015-04-16,85.26000213623047,英鎊,貝萊德英國基金 A2,yfinance,未分類,英國
B09081,2015-04-17,84.38999938964844,英鎊,貝萊德英國基金 A2,yfinance,未分類,英國
B09081,2015-04-20,84.91999816894531,英鎊,貝萊德英國基金 A2,yfinance,未分類,英國
B09081,2015-04-21,85.45999908447266,英鎊,貝萊德英國基金 A2,yfinance,未分類,英國
B09081,2015-04-22,84.62000274658203,英鎊,貝萊德英國基金 A2,yfinance,未分類,英國
B09081,2015-04-23,84.88999938964844,英鎊,貝萊德英國基金 A2,yfinance,未分類,英國
B09081,2015-04-24,84.61000061035156,英鎊,貝萊德英國基金 A2,yfinance,未分類,英國
B09081,2015-04-27,85.2300033569336,英鎊,貝萊德英國基金 A2,yfinance,未分類,英國
B09081,2015-04-28,83.76000213623047,英鎊,貝萊德英國基金 A2,yfinance,未分類,英國
B09081,2015-04-29,83.41999816894531,英鎊,貝萊德英國基金 A2,yfinance,未分類,英國
B09081,2015-04-30,83.33999633789062,英鎊,貝萊德英國基金 A2,yfinance,未分類,英國
B09081,2015-05-05,83.73999786376953,英鎊,貝萊德英國基金 A2,yfinance,未分類,英國
B09081,2015-05-06,82.98999786376953,英鎊,貝萊德英國基金 A2,yfinance,未分類,英國
B09081,2015-05-07,82.58000183105469,英鎊,貝萊德英國基金 A2,yfinance,未分類,英國
B09081,2015-05-08,84.95999908447266,英鎊,貝萊德英國基金 A2,yfinance,未分類,英國
B09081,2015-05-11,85.08000183105469,英鎊,貝萊德英國基金 A2,yfinance,未分類,英國
B09081,2015-05-12,83.66000366210938,英鎊,貝萊德英國基金 A2,yfinance,未分類,英國
B09081,2015-05-13,84.30999755859375,英鎊,貝萊德英國基金 A2,yfinance,未分類,英國
B09081,2015-05-15,85.08999633789062,英鎊,貝萊德英國基金 A2,yfinance,未分類,英國
B09081,2015-05-18,85.04000091552734,英鎊,貝萊德英國基金 A2,yfinance,未分類,英國
B09081,2015-05-19,85.75,英鎊,貝萊德英國基金 A2,yfinance,未分類,英國
B09081,2015-05-20,85.69000244140625,英鎊,貝萊德英國基金 A2,yfinance,未分類,英國
B09081,2015-05-21,85.73999786376953,英鎊,貝萊德英國基金 A2,yfinance,未分類,英國
B09081,2015-05-22,86.2699966430664,英鎊,貝萊德英國基金 A2,yfinance,未分類,英國
B09081,2015-05-26,85.7699966430664,英鎊,貝萊德英國基金 A2,yfinance,未分類,英國
B09081,2015-05-27,86.37999725341797,英鎊,貝萊德英國基金 A2,yfinance,未分類,英國
B09081,2015-05-28,86.52999877929688,英鎊,貝萊德英國基金 A2,yfinance,未分類,英國
B09081,2015-05-29,86.69000244140625,英鎊,貝萊德英國基金 A2,yfinance,未分類,英國
B09081,2015-06-01,86.23999786376953,英鎊,貝萊德英國基金 A2,yfinance,未分類,英國
B09081,2015-06-02,85.75,英鎊,貝萊德英國基金 A2,yfinance,未分類,英國
B09081,2015-06-03,86.0199966430664,英鎊,貝萊德英國基金 A2,yfinance,未分類,英國
B09081,2015-06-04,85.19999694824219,英鎊,貝萊德英國基金 A2,yfinance,未分類,英國
B09081,2015-06-05,83.94999694824219,英鎊,貝萊德英國基金 A2,yfinance,未分類,英國
B09081,2015-06-08,83.68000030517578,英鎊,貝萊德英國基金 A2,yfinance,未分類,英國
B09081,2015-06-09,83.18000030517578,英鎊,貝萊德英國基金 A2,yfinance,未分類,英國
B09081,2015-06-10,83.68000030517578,英鎊,貝萊德英國基金 A2,yfinance,未分類,英國
B09081,2015-06-11,84.79000091552734,英鎊,貝萊德英國基金 A2,yfinance,未分類,英國
B09081,2015-06-12,83.83000183105469,英鎊,貝萊德英國基金 A2,yfinance,未分類,英國
B09081,2015-06-15,83.20999908447266,英鎊,貝萊德英國基金 A2,yfinance,未分類,英國
B09081,2015-06-16,83.08000183105469,英鎊,貝萊德英國基金 A2,yfinance,未分類,英國
B09081,2015-06-17,83.11000061035156,英鎊,貝萊德英國基金 A2,yfinance,未分類,英國
B09081,2015-06-18,82.95999908447266,英鎊,貝萊德英國基金 A2,yfinance,未分類,英國
B09081,2015-06-19,83.44000244140625,英鎊,貝萊德英國基金 A2,yfinance,未分類,英國
B09081,2015-06-22,84.58999633789062,英鎊,貝萊德英國基金 A2,yfinance,未分類,英國
B09081,2015-06-24,85.04000091552734,英鎊,貝萊德英國基金 A2,yfinance,未分類,英國
B09081,2015-06-25,84.97000122070312,英鎊,貝萊德英國基金 A2,yfinance,未分類,英國
B09081,2015-06-26,84.7300033569336,英鎊,貝萊德英國基金 A2,yfinance,未分類,英國
B09081,2015-06-29,83.36000061035156,英鎊,貝萊德英國基金 A2,yfinance,未分類,英國
B09081,2015-06-30,82.33000183105469,英鎊,貝萊德英國基金 A2,yfinance,未分類,英國
B09081,2015-07-01,83.31999969482422,英鎊,貝萊德英國基金 A2,yfinance,未分類,英國
B09081,2015-07-02,82.88999938964844,英鎊,貝萊德英國基金 A2,yfinance,未分類,英國
B09081,2015-07-03,82.56999969482422,英鎊,貝萊德英國基金 A2,yfinance,未分類,英國
B09081,2015-07-06,82.08999633789062,英鎊,貝萊德英國基金 A2,yfinance,未分類,英國
B09081,2015-07-07,81.9000015258789,英鎊,貝萊德英國基金 A2,yfinance,未分類,英國
B09081,2015-07-08,81.23999786376953,英鎊,貝萊德英國基金 A2,yfinance,未分類,英國
B09081,2015-07-09,82.44999694824219,英鎊,貝萊德英國基金 A2,yfinance,未分類,英國
B09081,2015-07-10,83.5,英鎊,貝萊德英國基金 A2,yfinance,未分類,英國
B09081,2015-07-13,84.5199966430664,英鎊,貝萊德英國基金 A2,yfinance,未分類,英國
B09081,2015-07-14,84.55999755859375,英鎊,貝萊德英國基金 A2,yfinance,未分類,英國
B09081,2015-07-15,84.83999633789062,英鎊,貝萊德英國基金 A2,yfinance,未分類,英國
B09081,2015-07-16,85.61000061035156,英鎊,貝萊德英國基金 A2,yfinance,未分類,英國
B09081,2015-07-17,85.58000183105469,英鎊,貝萊德英國基金 A2,yfinance,未分類,英國
B09081,2015-07-20,85.80000305175781,英鎊,貝萊德英國基金 A2,yfinance,未分類,英國
B09081,2015-07-21,85.62999725341797,英鎊,貝萊德英國基金 A2,yfinance,未分類,英國
B09081,2015-07-22,84.75,英鎊,貝萊德英國基金 A2,yfinance,未分類,英國
B09081,2015-07-23,84.47000122070312,英鎊,貝萊德英國基金 A2,yfinance,未分類,英國
B09081,2015-07-24,84.7699966430664,英鎊,貝萊德英國基金 A2,yfinance,未分類,英國
B09081,2015-07-27,83.38999938964844,英鎊,貝萊德英國基金 A2,yfinance,未分類,英國
B09081,2015-07-28,83.69999694824219,英鎊,貝萊德英國基金 A2,yfinance,未分類,英國
B09081,2015-07-29,84.66000366210938,英鎊,貝萊德英國基金 A2,yfinance,未分類,英國
B09081,2015-07-30,84.94000244140625,英鎊,貝萊德英國基金 A2,yfinance,未分類,英國
B09081,2015-07-31,85.66999816894531,英鎊,貝萊德英國基金 A2,yfinance,未分類,英國
B09081,2015-08-03,85.9000015258789,英鎊,貝萊德英國基金 A2,yfinance,未分類,英國
B09081,2015-08-04,85.63999938964844,英鎊,貝萊德英國基金 A2,yfinance,未分類,英國
B09081,2015-08-05,85.80000305175781,英鎊,貝萊德英國基金 A2,yfinance,未分類,英國
B09081,2015-08-06,85.86000061035156,英鎊,貝萊德英國基金 A2,yfinance,未分類,英國
B09081,2015-08-07,85.41000366210938,英鎊,貝萊德英國基金 A2,yfinance,未分類,英國
B09081,2015-08-10,85.5,英鎊,貝萊德英國基金 A2,yfinance,未分類,英國
B09081,2015-08-11,85.0199966430664,英鎊,貝萊德英國基金 A2,yfinance,未分類,英國
B09081,2015-08-12,83.7699966430664,英鎊,貝萊德英國基金 A2,yfinance,未分類,英國
B09081,2015-08-13,84.48999786376953,英鎊,貝萊德英國基金 A2,yfinance,未分類,英國
B09081,2015-08-14,84.69999694824219,英鎊,貝萊德英國基金 A2,yfinance,未分類,英國
B09081,2015-08-17,84.44000244140625,英鎊,貝萊德英國基金 A2,yfinance,未分類,英國
B09081,2015-08-18,84.73999786376953,英鎊,貝萊德英國基金 A2,yfinance,未分類,英國
B09081,2015-08-19,83.79000091552734,英鎊,貝萊德英國基金 A2,yfinance,未分類,英國
B09081,2015-08-20,82.94999694824219,英鎊,貝萊德英國基金 A2,yfinance,未分類,英國
B09081,2015-08-21,81.37999725341797,英鎊,貝萊德英國基金 A2,yfinance,未分類,英國
B09081,2015-08-24,76.51000213623047,英鎊,貝萊德英國基金 A2,yfinance,未分類,英國
B09081,2015-08-25,79.33999633789062,英鎊,貝萊德英國基金 A2,yfinance,未分類,英國
B09081,2015-08-26,79.69999694824219,英鎊,貝萊德英國基金 A2,yfinance,未分類,英國
B09081,2015-08-27,80.97000122070312,英鎊,貝萊德英國基金 A2,yfinance,未分類,英國
B09081,2015-08-28,81.4800033569336,英鎊,貝萊德英國基金 A2,yfinance,未分類,英國
B09081,2015-09-01,79.98999786376953,英鎊,貝萊德英國基金 A2,yfinance,未分類,英國
B09081,2015-09-02,80.7300033569336,英鎊,貝萊德英國基金 A2,yfinance,未分類,英國
B09081,2015-09-03,81.63999938964844,英鎊,貝萊德英國基金 A2,yfinance,未分類,英國
B09081,2015-09-04,80.41999816894531,英鎊,貝萊德英國基金 A2,yfinance,未分類,英國
B09081,2015-09-07,80.45999908447266,英鎊,貝萊德英國基金 A2,yfinance,未分類,英國
B09081,2015-09-08,81.1500015258789,英鎊,貝萊德英國基金 A2,yfinance,未分類,英國
B09081,2015-09-09,82.18000030517578,英鎊,貝萊德英國基金 A2,yfinance,未分類,英國
B09081,2015-09-10,81.33999633789062,英鎊,貝萊德英國基金 A2,yfinance,未分類,英國
B09081,2015-09-11,80.81999969482422,英鎊,貝萊德英國基金 A2,yfinance,未分類,英國
B09081,2015-09-14,80.62999725341797,英鎊,貝萊德英國基金 A2,yfinance,未分類,英國
B09081,2015-09-15,80.62000274658203,英鎊,貝萊德英國基金 A2,yfinance,未分類,英國
B09081,2015-09-16,81.62999725341797,英鎊,貝萊德英國基金 A2,yfinance,未分類,英國
B09081,2015-09-17,81.69999694824219,英鎊,貝萊德英國基金 A2,yfinance,未分類,英國
B09081,2015-09-18,80.83000183105469,英鎊,貝萊德英國基金 A2,yfinance,未分類,英國
B09081,2015-09-21,81.38999938964844,英鎊,貝萊德英國基金 A2,yfinance,未分類,英國
B09081,2015-09-22,79.86000061035156,英鎊,貝萊德英國基金 A2,yfinance,未分類,英國
B09081,2015-09-23,80.45999908447266,英鎊,貝萊德英國基金 A2,yfinance,未分類,英國
B09081,2015-09-24,80.2699966430664,英鎊,貝萊德英國基金 A2,yfinance,未分類,英國
B09081,2015-09-25,81.80000305175781,英鎊,貝萊德英國基金 A2,yfinance,未分類,英國
B09081,2015-09-28,80.87999725341797,英鎊,貝萊德英國基金 A2,yfinance,未分類,英國
B09081,2015-09-29,79.54000091552734,英鎊,貝萊德英國基金 A2,yfinance,未分類,英國
B09081,2015-09-30,80.73999786376953,英鎊,貝萊德英國基金 A2,yfinance,未分類,英國
B09081,2015-10-01,81.30000305175781,英鎊,貝萊德英國基金 A2,yfinance,未分類,英國
B09081,2015-10-02,80.77999877929688,英鎊,貝萊德英國基金 A2,yfinance,未分類,英國
B09081,2015-10-05,82.9000015258789,英鎊,貝萊德英國基金 A2,yfinance,未分類,英國
B09081,2015-10-06,83.33000183105469,英鎊,貝萊德英國基金 A2,yfinance,未分類,英國
B09081,2015-10-07,82.6500015258789,英鎊,貝萊德英國基金 A2,yfinance,未分類,英國
B09081,2015-10-08,82.37999725341797,英鎊,貝萊德英國基金 A2,yfinance,未分類,英國
B09081,2015-10-09,82.5,英鎊,貝萊德英國基金 A2,yfinance,未分類,英國
B09081,2015-10-12,81.91000366210938,英鎊,貝萊德英國基金 A2,yfinance,未分類,英國
B09081,2015-10-13,81.83999633789062,英鎊,貝萊德英國基金 A2,yfinance,未分類,英國
B09081,2015-10-14,81.66000366210938,英鎊,貝萊德英國基金 A2,yfinance,未分類,英國
B09081,2015-10-15,82.27999877929688,英鎊,貝萊德英國基金 A2,yfinance,未分類,英國
B09081,2015-10-16,82.91000366210938,英鎊,貝萊德英國基金 A2,yfinance,未分類,英國
B09081,2015-10-19,83.06999969482422,英鎊,貝萊德英國基金 A2,yfinance,未分類,英國
B09081,2015-10-20,83.5,英鎊,貝萊德英國基金 A2,yfinance,未分類,英國
B09081,2015-10-21,84.08999633789062,英鎊,貝萊德英國基金 A2,yfinance,未分類,英國
B09081,2015-10-22,83.8499984741211,英鎊,貝萊德英國基金 A2,yfinance,未分類,英國
B09081,2015-10-23,84.93000030517578,英鎊,貝萊德英國基金 A2,yfinance,未分類,英國
B09081,2015-10-26,84.83000183105469,英鎊,貝萊德英國基金 A2,yfinance,未分類,英國
B09081,2015-10-27,84.62000274658203,英鎊,貝萊德英國基金 A2,yfinance,未分類,英國
B09081,2015-10-28,85.01000213623047,英鎊,貝萊德英國基金 A2,yfinance,未分類,英國
B09081,2015-10-29,84.87000274658203,英鎊,貝萊德英國基金 A2,yfinance,未分類,英國
B09081,2015-10-30,84.56999969482422,英鎊,貝萊德英國基金 A2,yfinance,未分類,英國
B09081,2015-11-02,84.62999725341797,英鎊,貝萊德英國基金 A2,yfinance,未分類,英國
B09081,2015-11-03,84.48999786376953,英鎊,貝萊德英國基金 A2,yfinance,未分類,英國
B09081,2015-11-04,84.69999694824219,英鎊,貝萊德英國基金 A2,yfinance,未分類,英國
B09081,2015-11-05,85.12000274658203,英鎊,貝萊德英國基金 A2,yfinance,未分類,英國
B09081,2015-11-06,84.79000091552734,英鎊,貝萊德英國基金 A2,yfinance,未分類,英國
B09081,2015-11-09,84.22000122070312,英鎊,貝萊德英國基金 A2,yfinance,未分類,英國
B09081,2015-11-10,83.70999908447266,英鎊,貝萊德英國基金 A2,yfinance,未分類,英國
B09081,2015-11-11,84.16999816894531,英鎊,貝萊德英國基金 A2,yfinance,未分類,英國
B09081,2015-11-12,83.05999755859375,英鎊,貝萊德英國基金 A2,yfinance,未分類,英國
B09081,2015-11-13,82.37000274658203,英鎊,貝萊德英國基金 A2,yfinance,未分類,英國
B09081,2015-11-16,82.91999816894531,英鎊,貝萊德英國基金 A2,yfinance,未分類,英國
B09081,2015-11-17,84.30000305175781,英鎊,貝萊德英國基金 A2,yfinance,未分類,英國
B09081,2015-11-18,84.22000122070312,英鎊,貝萊德英國基金 A2,yfinance,未分類,英國
B09081,2015-11-19,84.87999725341797,英鎊,貝萊德英國基金 A2,yfinance,未分類,英國
B09081,2015-11-20,85.01000213623047,英鎊,貝萊德英國基金 A2,yfinance,未分類,英國
B09081,2015-11-23,84.79000091552734,英鎊,貝萊德英國基金 A2,yfinance,未分類,英國
B09081,2015-11-24,83.95999908447266,英鎊,貝萊德英國基金 A2,yfinance,未分類,英國
B09081,2015-11-25,85.02999877929688,英鎊,貝萊德英國基金 A2,yfinance,未分類,英國
B09081,2015-11-26,85.4000015258789,英鎊,貝萊德英國基金 A2,yfinance,未分類,英國
B09081,2015-11-27,85.58000183105469,英鎊,貝萊德英國基金 A2,yfinance,未分類,英國
B09081,2015-11-30,85.9800033569336,英鎊,貝萊德英國基金 A2,yfinance,未分類,英國
B09081,2015-12-01,86.51000213623047,英鎊,貝萊德英國基金 A2,yfinance,未分類,英國
B09081,2015-12-02,87.41999816894531,英鎊,貝萊德英國基金 A2,yfinance,未分類,英國
B09081,2015-12-03,86.33999633789062,英鎊,貝萊德英國基金 A2,yfinance,未分類,英國
B09081,2015-12-04,85.51000213623047,英鎊,貝萊德英國基金 A2,yfinance,未分類,英國
B09081,2015-12-07,86.0999984741211,英鎊,貝萊德英國基金 A2,yfinance,未分類,英國
B09081,2015-12-08,85.02999877929688,英鎊,貝萊德英國基金 A2,yfinance,未分類,英國
B09081,2015-12-09,84.83000183105469,英鎊,貝萊德英國基金 A2,yfinance,未分類,英國
B09081,2015-12-10,84.19999694824219,英鎊,貝萊德英國基金 A2,yfinance,未分類,英國
B09081,2015-12-11,82.98999786376953,英鎊,貝萊德英國基金 A2,yfinance,未分類,英國
B09081,2015-12-14,83.13999938964844,英鎊,貝萊德英國基金 A2,yfinance,未分類,英國
B09081,2015-12-15,84.06999969482422,英鎊,貝萊德英國基金 A2,yfinance,未分類,英國
B09081,2015-12-16,84.73999786376953,英鎊,貝萊德英國基金 A2,yfinance,未分類,英國
B09081,2015-12-17,85.12999725341797,英鎊,貝萊德英國基金 A2,yfinance,未分類,英國
B09081,2015-12-18,84.62999725341797,英鎊,貝萊德英國基金 A2,yfinance,未分類,英國
B09081,2015-12-21,85.26000213623047,英鎊,貝萊德英國基金 A2,yfinance,未分類,英國
B09081,2015-12-22,84.80999755859375,英鎊,貝萊德英國基金 A2,yfinance,未分類,英國
B09081,2015-12-23,86.0199966430664,英鎊,貝萊德英國基金 A2,yfinance,未分類,英國
B09081,2015-12-29,87.18000030517578,英鎊,貝萊德英國基金 A2,yfinance,未分類,英國
B09081,2015-12-30,87.2699966430664,英鎊,貝萊德英國基金 A2,yfinance,未分類,英國
B09081,2015-12-31,87.08999633789062,英鎊,貝萊德英國基金 A2,yfinance,未分類,英國
B03624,2015-01-02,9.981721878051758,英鎊,聯博-亞洲股票基金AD月配英鎊避險級別,yfinance,股票型,亞洲地區
B03624,2015-01-05,9.891104698181152,英鎊,聯博-亞洲股票基金AD月配英鎊避險級別,yfinance,股票型,亞洲地區
B03624,2015-01-06,9.779577255249023,英鎊,聯博-亞洲股票基金AD月配英鎊避險級別,yfinance,股票型,亞洲地區
B03624,2015-01-07,9.884135246276855,英鎊,聯博-亞洲股票基金AD月配英鎊避險級別,yfinance,股票型,亞洲地區
B03624,2015-01-08,10.037482261657715,英鎊,聯博-亞洲股票基金AD月配英鎊避險級別,yfinance,股票型,亞洲地區
B03624,2015-01-09,9.981721878051758,英鎊,聯博-亞洲股票基金AD月配英鎊避險級別,yfinance,股票型,亞洲地區
B03624,2015-01-12,9.974749565124512,英鎊,聯博-亞洲股票基金AD月配英鎊避險級別,yfinance,股票型,亞洲地區
B03624,2015-01-13,10.05840015411377,英鎊,聯博-亞洲股票基金AD月配英鎊避險級別,yfinance,股票型,亞洲地區
B03624,2015-01-14,10.037482261657715,英鎊,聯博-亞洲股票基金AD月配英鎊避險級別,yfinance,股票型,亞洲地區
B03624,2015-01-15,10.06536865234375,英鎊,聯博-亞洲股票基金AD月配英鎊避險級別,yfinance,股票型,亞洲地區
B03624,2015-01-16,10.10022258758545,英鎊,聯博-亞洲股票基金AD月配英鎊避險級別,yfinance,股票型,亞洲地區
B03624,2015-01-20,10.016571998596191,英鎊,聯博-亞洲股票基金AD月配英鎊避險級別,yfinance,股票型,亞洲地區
B03624,2015-01-21,10.18386173248291,英鎊,聯博-亞洲股票基金AD月配英鎊避險級別,yfinance,股票型,亞洲地區
B03624,2015-01-22,10.260543823242188,英鎊,聯博-亞洲股票基金AD月配英鎊避險級別,yfinance,股票型,亞洲地區
B03624,2015-01-23,10.274483680725098,英鎊,聯博-亞洲股票基金AD月配英鎊避險級別,yfinance,股票型,亞洲地區
B03624,2015-01-26,10.309337615966797,英鎊,聯博-亞洲股票基金AD月配英鎊避險級別,yfinance,股票型,亞洲地區
B03624,2015-01-27,10.211747169494629,英鎊,聯博-亞洲股票基金AD月配英鎊避險級別,yfinance,股票型,亞洲地區
B03624,2015-01-28,10.18386173248291,英鎊,聯博-亞洲股票基金AD月配英鎊避險級別,yfinance,股票型,亞洲地區
B03624,2015-01-29,10.18386173248291,英鎊,聯博-亞洲股票基金AD月配英鎊避險級別,yfinance,股票型,亞洲地區
B03624,2015-01-30,10.055556297302246,英鎊,聯博-亞洲股票基金AD月配英鎊避險級別,yfinance,股票型,亞洲地區
B03624,2015-02-02,10.111491203308105,英鎊,聯博-亞洲股票基金AD月配英鎊避險級別,yfinance,股票型,亞洲地區
B03624,2015-02-03,10.188407897949219,英鎊,聯博-亞洲股票基金AD月配英鎊避險級別,yfinance,股票型,亞洲地區
B03624,2015-02-04,10.188407897949219,英鎊,聯博-亞洲股票基金AD月配英鎊避險級別,yfinance,股票型,亞洲地區
B03624,2015-02-05,10.195402145385742,英鎊,聯博-亞洲股票基金AD月配英鎊避險級別,yfinance,股票型,亞洲地區
B03624,2015-02-06,10.104498863220215,英鎊,聯博-亞洲股票基金AD月配英鎊避險級別,yfinance,股票型,亞洲地區
B03624,2015-02-09,10.020588874816895,英鎊,聯博-亞洲股票基金AD月配英鎊避險級別,yfinance,股票型,亞洲地區
B03624,2015-02-10,10.069530487060547,英鎊,聯博-亞洲股票基金AD月配英鎊避險級別,yfinance,股票型,亞洲地區
B03624,2015-02-11,10.083523750305176,英鎊,聯博-亞洲股票基金AD月配英鎊避險級別,yfinance,股票型,亞洲地區
B03624,2015-02-12,10.118483543395996,英鎊,聯博-亞洲股票基金AD月配英鎊避險級別,yfinance,股票型,亞洲地區
B03624,2015-02-13,10.230378150939941,英鎊,聯博-亞洲股票基金AD月配英鎊避險級別,yfinance,股票型,亞洲地區
B03624,2015-02-17,10.237357139587402,英鎊,聯博-亞洲股票基金AD月配英鎊避險級別,yfinance,股票型,亞洲地區
B03624,2015-02-18,10.21638011932373,英鎊,聯博-亞洲股票基金AD月配英鎊避險級別,yfinance,股票型,亞洲地區
B03624,2015-02-19,10.223379135131836,英鎊,聯博-亞洲股票基金AD月配英鎊避險級別,yfinance,股票型,亞洲地區
B03624,2015-02-20,10.258334159851074,英鎊,聯博-亞洲股票基金AD月配英鎊避險級別,yfinance,股票型,亞洲地區
B03624,2015-02-23,10.209389686584473,英鎊,聯博-亞洲股票基金AD月配英鎊避險級別,yfinance,股票型,亞洲地區
B03624,2015-02-24,10.237357139587402,英鎊,聯博-亞洲股票基金AD月配英鎊避險級別,yfinance,股票型,亞洲地區
B03624,2015-02-25,10.279315948486328,英鎊,聯博-亞洲股票基金AD月配英鎊避險級別,yfinance,股票型,亞洲地區
B03624,2015-02-26,10.307292938232422,英鎊,聯博-亞洲股票基金AD月配英鎊避險級別,yfinance,股票型,亞洲地區
B03624,2015-02-27,10.311846733093262,英鎊,聯博-亞洲股票基金AD月配英鎊避險級別,yfinance,股票型,亞洲地區
B03624,2015-03-02,10.381998062133789,英鎊,聯博-亞洲股票基金AD月配英鎊避險級別,yfinance,股票型,亞洲地區
B03624,2015-03-03,10.276775360107422,英鎊,聯博-亞洲股票基金AD月配英鎊避險級別,yfinance,股票型,亞洲地區
B03624,2015-03-04,10.24170207977295,英鎊,聯博-亞洲股票基金AD月配英鎊避險級別,yfinance,股票型,亞洲地區
B03624,2015-03-05,10.199609756469727,英鎊,聯博-亞洲股票基金AD月配英鎊避險級別,yfinance,股票型,亞洲地區
B03624,2015-03-06,10.192596435546875,英鎊,聯博-亞洲股票基金AD月配英鎊避險級別,yfinance,股票型,亞洲地區
B03624,2015-03-09,10.199609756469727,英鎊,聯博-亞洲股票基金AD月配英鎊避險級別,yfinance,股票型,亞洲地區
B03624,2015-03-10,10.05931568145752,英鎊,聯博-亞洲股票基金AD月配英鎊避險級別,yfinance,股票型,亞洲地區
B03624,2015-03-11,10.0242338180542,英鎊,聯博-亞洲股票基金AD月配英鎊避險級別,yfinance,股票型,亞洲地區
B03624,2015-03-12,10.150503158569336,英鎊,聯博-亞洲股票基金AD月配英鎊避險級別,yfinance,股票型,亞洲地區
B03624,2015-03-13,10.045287132263184,英鎊,聯博-亞洲股票基金AD月配英鎊避險級別,yfinance,股票型,亞洲地區
B03624,2015-03-16,10.150503158569336,英鎊,聯博-亞洲股票基金AD月配英鎊避險級別,yfinance,股票型,亞洲地區
B03624,2015-03-17,10.206626892089844,英鎊,聯博-亞洲股票基金AD月配英鎊避險級別,yfinance,股票型,亞洲地區
B03624,2015-03-18,10.30483341217041,英鎊,聯博-亞洲股票基金AD月配英鎊避險級別,yfinance,股票型,亞洲地區
B03624,2015-03-19,10.3539400100708,英鎊,聯博-亞洲股票基金AD月配英鎊避險級別,yfinance,股票型,亞洲地區
B03624,2015-03-20,10.360949516296387,英鎊,聯博-亞洲股票基金AD月配英鎊避險級別,yfinance,股票型,亞洲地區
B03624,2015-03-23,10.360949516296387,英鎊,聯博-亞洲股票基金AD月配英鎊避險級別,yfinance,股票型,亞洲地區
B03624,2015-03-24,10.33288860321045,英鎊,聯博-亞洲股票基金AD月配英鎊避險級別,yfinance,股票型,亞洲地區
B03624,2015-03-25,10.262749671936035,英鎊,聯博-亞洲股票基金AD月配英鎊避險級別,yfinance,股票型,亞洲地區
B03624,2015-03-26,10.220649719238281,英鎊,聯博-亞洲股票基金AD月配英鎊避險級別,yfinance,股票型,亞洲地區
B03624,2015-03-27,10.206626892089844,英鎊,聯博-亞洲股票基金AD月配英鎊避險級別,yfinance,股票型,亞洲地區
B03624,2015-03-30,10.438111305236816,英鎊,聯博-亞洲股票基金AD月配英鎊避險級別,yfinance,股票型,亞洲地區
B03624,2015-03-31,10.42158031463623,英鎊,聯博-亞洲股票基金AD月配英鎊避險級別,yfinance,股票型,亞洲地區
B03624,2015-04-01,10.520096778869629,英鎊,聯博-亞洲股票基金AD月配英鎊避險級別,yfinance,股票型,亞洲地區
B03624,2015-04-02,10.667872428894043,英鎊,聯博-亞洲股票基金AD月配英鎊避險級別,yfinance,股票型,亞洲地區
B03624,2015-04-07,10.710090637207031,英鎊,聯博-亞洲股票基金AD月配英鎊避險級別,yfinance,股票型,亞洲地區
B03624,2015-04-08,10.970453262329102,英鎊,聯博-亞洲股票基金AD月配英鎊避險級別,yfinance,股票型,亞洲地區
B03624,2015-04-09,11.12526798248291,英鎊,聯博-亞洲股票基金AD月配英鎊避險級別,yfinance,股票型,亞洲地區
B03624,2015-04-10,11.29415225982666,英鎊,聯博-亞洲股票基金AD月配英鎊避險級別,yfinance,股票型,亞洲地區
B03624,2015-04-13,11.47006893157959,英鎊,聯博-亞洲股票基金AD月配英鎊避險級別,yfinance,股票型,亞洲地區
B03624,2015-04-14,11.43488883972168,英鎊,聯博-亞洲股票基金AD月配英鎊避險級別,yfinance,股票型,亞洲地區
B03624,2015-04-15,11.427850723266602,英鎊,聯博-亞洲股票基金AD月配英鎊避險級別,yfinance,股票型,亞洲地區
B03624,2015-04-16,11.498213768005371,英鎊,聯博-亞洲股票基金AD月配英鎊避險級別,yfinance,股票型,亞洲地區
B03624,2015-04-17,11.371556282043457,英鎊,聯博-亞洲股票基金AD月配英鎊避險級別,yfinance,股票型,亞洲地區
B03624,2015-04-20,11.315256118774414,英鎊,聯博-亞洲股票基金AD月配英鎊避險級別,yfinance,股票型,亞洲地區
B03624,2015-04-21,11.413774490356445,英鎊,聯博-亞洲股票基金AD月配英鎊避險級別,yfinance,股票型,亞洲地區
B03624,2015-04-22,11.568584442138672,英鎊,聯博-亞洲股票基金AD月配英鎊避險級別,yfinance,股票型,亞洲地區
B03624,2015-04-23,11.596733093261719,英鎊,聯博-亞洲股票基金AD月配英鎊避險級別,yfinance,股票型,亞洲地區
B03624,2015-04-24,11.653027534484863,英鎊,聯博-亞洲股票基金AD月配英鎊避險級別,yfinance,股票型,亞洲地區
B03624,2015-04-27,11.6952486038208,英鎊,聯博-亞洲股票基金AD月配英鎊避險級別,yfinance,股票型,亞洲地區
B03624,2015-04-28,11.716355323791504,英鎊,聯博-亞洲股票基金AD月配英鎊避險級別,yfinance,股票型,亞洲地區
B03624,2015-04-29,11.617846488952637,英鎊,聯博-亞洲股票基金AD月配英鎊避險級別,yfinance,股票型,亞洲地區
B03624,2015-04-30,11.551862716674805,英鎊,聯博-亞洲股票基金AD月配英鎊避險級別,yfinance,股票型,亞洲地區
B03624,2015-05-05,11.460127830505371,英鎊,聯博-亞洲股票基金AD月配英鎊避險級別,yfinance,股票型,亞洲地區
B03624,2015-05-06,11.354270935058594,英鎊,聯博-亞洲股票基金AD月配英鎊避險級別,yfinance,股票型,亞洲地區
B03624,2015-05-07,11.234309196472168,英鎊,聯博-亞洲股票基金AD月配英鎊避險級別,yfinance,股票型,亞洲地區
B03624,2015-05-08,11.396612167358398,英鎊,聯博-亞洲股票基金AD月配英鎊避險級別,yfinance,股票型,亞洲地區
B03624,2015-05-11,11.403671264648438,英鎊,聯博-亞洲股票基金AD月配英鎊避險級別,yfinance,股票型,亞洲地區
B03624,2015-05-12,11.304868698120117,英鎊,聯博-亞洲股票基金AD月配英鎊避險級別,yfinance,股票型,亞洲地區
B03624,2015-05-13,11.290762901306152,英鎊,聯博-亞洲股票基金AD月配英鎊避險級別,yfinance,股票型,亞洲地區
B03624,2015-05-15,11.389562606811523,英鎊,聯博-亞洲股票基金AD月配英鎊避險級別,yfinance,股票型,亞洲地區
B03624,2015-05-18,11.361329078674316,英鎊,聯博-亞洲股票基金AD月配英鎊避險級別,yfinance,股票型,亞洲地區
B03624,2015-05-19,11.438953399658203,英鎊,聯博-亞洲股票基金AD月配英鎊避險級別,yfinance,股票型,亞洲地區
B03624,2015-05-20,11.424849510192871,英鎊,聯博-亞洲股票基金AD月配英鎊避險級別,yfinance,股票型,亞洲地區
B03624,2015-05-21,11.403671264648438,英鎊,聯博-亞洲股票基金AD月配英鎊避險級別,yfinance,股票型,亞洲地區
B03624,2015-05-22,11.509522438049316,英鎊,聯博-亞洲股票基金AD月配英鎊避險級別,yfinance,股票型,亞洲地區
B03624,2015-05-26,11.544805526733398,英鎊,聯博-亞洲股票基金AD月配英鎊避險級別,yfinance,股票型,亞洲地區
B03624,2015-05-27,11.551862716674805,英鎊,聯博-亞洲股票基金AD月配英鎊避險級別,yfinance,股票型,亞洲地區
B03624,2015-05-28,11.304868698120117,英鎊,聯博-亞洲股票基金AD月配英鎊避險級別,yfinance,股票型,亞洲地區
B03624,2015-05-29,11.281167984008789,英鎊,聯博-亞洲股票基金AD月配英鎊避險級別,yfinance,股票型,亞洲地區
B03624,2015-06-01,11.401488304138184,英鎊,聯博-亞洲股票基金AD月配英鎊避險級別,yfinance,股票型,亞洲地區
B03624,2015-06-02,11.302400588989258,英鎊,聯博-亞洲股票基金AD月配英鎊避險級別,yfinance,股票型,亞洲地區
B03624,2015-06-03,11.344867706298828,英鎊,聯博-亞洲股票基金AD月配英鎊避險級別,yfinance,股票型,亞洲地區
B03624,2015-06-04,11.210396766662598,英鎊,聯博-亞洲股票基金AD月配英鎊避險級別,yfinance,股票型,亞洲地區
B03624,2015-06-05,11.13962459564209,英鎊,聯博-亞洲股票基金AD月配英鎊避險級別,yfinance,股票型,亞洲地區
B03624,2015-06-08,11.054697036743164,英鎊,聯博-亞洲股票基金AD月配英鎊避險級別,yfinance,股票型,亞洲地區
B03624,2015-06-09,10.906075477600098,英鎊,聯博-亞洲股票基金AD月配英鎊避險級別,yfinance,股票型,亞洲地區
B03624,2015-06-10,10.99100112915039,英鎊,聯博-亞洲股票基金AD月配英鎊避險級別,yfinance,股票型,亞洲地區
B03624,2015-06-11,10.969769477844238,英鎊,聯博-亞洲股票基金AD月配英鎊避險級別,yfinance,股票型,亞洲地區
B03624,2015-06-12,11.012228012084961,英鎊,聯博-亞洲股票基金AD月配英鎊避險級別,yfinance,股票型,亞洲地區
B03624,2015-06-15,10.87775993347168,英鎊,聯博-亞洲股票基金AD月配英鎊避險級別,yfinance,股票型,亞洲地區
B03624,2015-06-16,10.785761833190918,英鎊,聯博-亞洲股票基金AD月配英鎊避險級別,yfinance,股票型,亞洲地區
B03624,2015-06-17,10.891921043395996,英鎊,聯博-亞洲股票基金AD月配英鎊避險級別,yfinance,股票型,亞洲地區
B03624,2015-06-18,10.962695121765137,英鎊,聯博-亞洲股票基金AD月配英鎊避險級別,yfinance,股票型,亞洲地區
B03624,2015-06-19,10.84946060180664,英鎊,聯博-亞洲股票基金AD月配英鎊避險級別,yfinance,股票型,亞洲地區
B03624,2015-06-22,11.04761791229248,英鎊,聯博-亞洲股票基金AD月配英鎊避險級別,yfinance,股票型,亞洲地區
B03624,2015-06-24,11.090087890625,英鎊,聯博-亞洲股票基金AD月配英鎊避險級別,yfinance,股票型,亞洲地區
B03624,2015-06-25,11.075926780700684,英鎊,聯博-亞洲股票基金AD月配英鎊避險級別,yfinance,股票型,亞洲地區
B03624,2015-06-26,10.920230865478516,英鎊,聯博-亞洲股票基金AD月配英鎊避險級別,yfinance,股票型,亞洲地區
B03624,2015-06-29,10.594674110412598,英鎊,聯博-亞洲股票基金AD月配英鎊避險級別,yfinance,股票型,亞洲地區
B03624,2015-06-30,10.819368362426758,英鎊,聯博-亞洲股票基金AD月配英鎊避險級別,yfinance,股票型,亞洲地區
B03624,2015-07-01,10.940056800842285,英鎊,聯博-亞洲股票基金AD月配英鎊避險級別,yfinance,股票型,亞洲地區
B03624,2015-07-02,10.769671440124512,英鎊,聯博-亞洲股票基金AD月配英鎊避險級別,yfinance,股票型,亞洲地區
B03624,2015-07-06,10.357912063598633,英鎊,聯博-亞洲股票基金AD月配英鎊避險級別,yfinance,股票型,亞洲地區
B03624,2015-07-07,10.166232109069824,英鎊,聯博-亞洲股票基金AD月配英鎊避險級別,yfinance,股票型,亞洲地區
B03624,2015-07-08,9.619585037231445,英鎊,聯博-亞洲股票基金AD月配英鎊避險級別,yfinance,股票型,亞洲地區
B03624,2015-07-09,9.960350036621094,英鎊,聯博-亞洲股票基金AD月配英鎊避險級別,yfinance,股票型,亞洲地區
B03624,2015-07-10,10.187524795532227,英鎊,聯博-亞洲股票基金AD月配英鎊避險級別,yfinance,股票型,亞洲地區
B03624,2015-07-13,10.32951545715332,英鎊,聯博-亞洲股票基金AD月配英鎊避險級別,yfinance,股票型,亞洲地區
B03624,2015-07-14,10.2443208694458,英鎊,聯博-亞洲股票基金AD月配英鎊避險級別,yfinance,股票型,亞洲地區
B03624,2015-07-15,10.159130096435547,英鎊,聯博-亞洲股票基金AD月配英鎊避險級別,yfinance,股票型,亞洲地區
B03624,2015-07-16,10.251423835754395,英鎊,聯博-亞洲股票基金AD月配英鎊避險級別,yfinance,股票型,亞洲地區
B03624,2015-07-17,10.265619277954102,英鎊,聯博-亞洲股票基金AD月配英鎊避險級別,yfinance,股票型,亞洲地區
B03624,2015-07-20,10.23723030090332,英鎊,聯博-亞洲股票基金AD月配英鎊避險級別,yfinance,股票型,亞洲地區
B03624,2015-07-21,10.279818534851074,英鎊,聯博-亞洲股票基金AD月配英鎊避險級別,yfinance,股票型,亞洲地區
B03624,2015-07-22,10.201729774475098,英鎊,聯博-亞洲股票基金AD月配英鎊避險級別,yfinance,股票型,亞洲地區
B03624,2015-07-23,10.109435081481934,英鎊,聯博-亞洲股票基金AD月配英鎊避險級別,yfinance,股票型,亞洲地區
B03624,2015-07-24,9.93905258178711,英鎊,聯博-亞洲股票基金AD月配英鎊避險級別,yfinance,股票型,亞洲地區
B03624,2015-07-27,9.669278144836426,英鎊,聯博-亞洲股票基金AD月配英鎊避險級別,yfinance,股票型,亞洲地區
B03624,2015-07-28,9.754471778869629,英鎊,聯博-亞洲股票基金AD月配英鎊避險級別,yfinance,股票型,亞洲地區
B03624,2015-07-29,9.740269660949707,英鎊,聯博-亞洲股票基金AD月配英鎊避險級別,yfinance,股票型,亞洲地區
B03624,2015-07-30,9.7047700881958,英鎊,聯博-亞洲股票基金AD月配英鎊避險級別,yfinance,股票型,亞洲地區
B03624,2015-07-31,9.759268760681152,英鎊,聯博-亞洲股票基金AD月配英鎊避險級別,yfinance,股票型,亞洲地區
B03624,2015-08-03,9.623923301696777,英鎊,聯博-亞洲股票基金AD月配英鎊避險級別,yfinance,股票型,亞洲地區
B03624,2015-08-04,9.652416229248047,英鎊,聯博-亞洲股票基金AD月配英鎊避險級別,yfinance,股票型,亞洲地區
B03624,2015-08-05,9.673784255981445,英鎊,聯博-亞洲股票基金AD月配英鎊避險級別,yfinance,股票型,亞洲地區
B03624,2015-08-06,9.574061393737793,英鎊,聯博-亞洲股票基金AD月配英鎊避險級別,yfinance,股票型,亞洲地區
B03624,2015-08-07,9.638169288635254,英鎊,聯博-亞洲股票基金AD月配英鎊避險級別,yfinance,股票型,亞洲地區
B03624,2015-08-10,9.723658561706543,英鎊,聯博-亞洲股票基金AD月配英鎊避險級別,yfinance,股票型,亞洲地區
B03624,2015-08-11,9.566938400268555,英鎊,聯博-亞洲股票基金AD月配英鎊避險級別,yfinance,股票型,亞洲地區
B03624,2015-08-12,9.38884449005127,英鎊,聯博-亞洲股票基金AD月配英鎊避險級別,yfinance,股票型,亞洲地區
B03624,2015-08-13,9.38884449005127,英鎊,聯博-亞洲股票基金AD月配英鎊避險級別,yfinance,股票型,亞洲地區
B03624,2015-08-14,9.431589126586914,英鎊,聯博-亞洲股票基金AD月配英鎊避險級別,yfinance,股票型,亞洲地區
B03624,2015-08-17,9.360349655151367,英鎊,聯博-亞洲股票基金AD月配英鎊避險級別,yfinance,股票型,亞洲地區
B03624,2015-08-18,9.267743110656738,英鎊,聯博-亞洲股票基金AD月配英鎊避險級別,yfinance,股票型,亞洲地區
B03624,2015-08-19,9.160897254943848,英鎊,聯博-亞洲股票基金AD月配英鎊避險級別,yfinance,股票型,亞洲地區
B03624,2015-08-20,8.954307556152344,英鎊,聯博-亞洲股票基金AD月配英鎊避險級別,yfinance,股票型,亞洲地區
B03624,2015-08-21,8.690743446350098,英鎊,聯博-亞洲股票基金AD月配英鎊避險級別,yfinance,股票型,亞洲地區
B03624,2015-08-24,8.249074935913086,英鎊,聯博-亞洲股票基金AD月配英鎊避險級別,yfinance,股票型,亞洲地區
B03624,2015-08-25,8.355937004089355,英鎊,聯博-亞洲股票基金AD月配英鎊避險級別,yfinance,股票型,亞洲地區
B03624,2015-08-26,8.562508583068848,英鎊,聯博-亞洲股票基金AD月配英鎊避險級別,yfinance,股票型,亞洲地區
B03624,2015-08-27,8.833206176757812,英鎊,聯博-亞洲股票基金AD月配英鎊避險級別,yfinance,股票型,亞洲地區
B03624,2015-08-28,8.859331130981445,英鎊,聯博-亞洲股票基金AD月配英鎊避險級別,yfinance,股票型,亞洲地區
B03624,2015-09-01,8.530417442321777,英鎊,聯博-亞洲股票基金AD月配英鎊避險級別,yfinance,股票型,亞洲地區
B03624,2015-09-02,8.566169738769531,英鎊,聯博-亞洲股票基金AD月配英鎊避險級別,yfinance,股票型,亞洲地區
B03624,2015-09-03,8.573318481445312,英鎊,聯博-亞洲股票基金AD月配英鎊避險級別,yfinance,股票型,亞洲地區
B03624,2015-09-04,8.401713371276855,英鎊,聯博-亞洲股票基金AD月配英鎊避險級別,yfinance,股票型,亞洲地區
B03624,2015-09-08,8.594769477844238,英鎊,聯博-亞洲股票基金AD月配英鎊避險級別,yfinance,股票型,亞洲地區
B03624,2015-09-09,8.816431045532227,英鎊,聯博-亞洲股票基金AD月配英鎊避險級別,yfinance,股票型,亞洲地區
B03624,2015-09-10,8.845032691955566,英鎊,聯博-亞洲股票基金AD月配英鎊避險級別,yfinance,股票型,亞洲地區
B03624,2015-09-11,8.880785942077637,英鎊,聯博-亞洲股票基金AD月配英鎊避險級別,yfinance,股票型,亞洲地區
B03624,2015-09-14,8.852176666259766,英鎊,聯博-亞洲股票基金AD月配英鎊避險級別,yfinance,股票型,亞洲地區
B03624,2015-09-15,8.845032691955566,英鎊,聯博-亞洲股票基金AD月配英鎊避險級別,yfinance,股票型,亞洲地區
B03624,2015-09-16,9.045243263244629,英鎊,聯博-亞洲股票基金AD月配英鎊避險級別,yfinance,股票型,亞洲地區
B03624,2015-09-17,9.038092613220215,英鎊,聯博-亞洲股票基金AD月配英鎊避險級別,yfinance,股票型,亞洲地區
B03624,2015-09-18,9.038092613220215,英鎊,聯博-亞洲股票基金AD月配英鎊避險級別,yfinance,股票型,亞洲地區
B03624,2015-09-21,9.016639709472656,英鎊,聯博-亞洲股票基金AD月配英鎊避險級別,yfinance,股票型,亞洲地區
B03624,2015-09-22,8.930834770202637,英鎊,聯博-亞洲股票基金AD月配英鎊避險級別,yfinance,股票型,亞洲地區
B03624,2015-09-23,8.766383171081543,英鎊,聯博-亞洲股票基金AD月配英鎊避險級別,yfinance,股票型,亞洲地區
B03624,2015-09-24,8.709175109863281,英鎊,聯博-亞洲股票基金AD月配英鎊避險級別,yfinance,股票型,亞洲地區
B03624,2015-09-25,8.68056869506836,英鎊,聯博-亞洲股票基金AD月配英鎊避險級別,yfinance,股票型,亞洲地區
B03624,2015-09-28,8.551864624023438,英鎊,聯博-亞洲股票基金AD月配英鎊避險級別,yfinance,股票型,亞洲地區
B03624,2015-09-29,8.544715881347656,英鎊,聯博-亞洲股票基金AD月配英鎊避險級別,yfinance,股票型,亞洲地區
B03624,2015-09-30,8.771909713745117,英鎊,聯博-亞洲股票基金AD月配英鎊避險級別,yfinance,股票型,亞洲地區
B03624,2015-10-01,8.800627708435059,英鎊,聯博-亞洲股票基金AD月配英鎊避險級別,yfinance,股票型,亞洲地區
B03624,2015-10-02,8.94418716430664,英鎊,聯博-亞洲股票基金AD月配英鎊避險級別,yfinance,股票型,亞洲地區
B03624,2015-10-05,9.05904483795166,英鎊,聯博-亞洲股票基金AD月配英鎊避險級別,yfinance,股票型,亞洲地區
B03624,2015-10-06,9.023147583007812,英鎊,聯博-亞洲股票基金AD月配英鎊避險級別,yfinance,股票型,亞洲地區
B03624,2015-10-07,9.245678901672363,英鎊,聯博-亞洲股票基金AD月配英鎊避險級別,yfinance,股票型,亞洲地區
B03624,2015-10-08,9.274392127990723,英鎊,聯博-亞洲股票基金AD月配英鎊避險級別,yfinance,股票型,亞洲地區
B03624,2015-10-09,9.29592227935791,英鎊,聯博-亞洲股票基金AD月配英鎊避險級別,yfinance,股票型,亞洲地區
B03624,2015-10-12,9.42513656616211,英鎊,聯博-亞洲股票基金AD月配英鎊避險級別,yfinance,股票型,亞洲地區
B03624,2015-10-13,9.331822395324707,英鎊,聯博-亞洲股票基金AD月配英鎊避險級別,yfinance,股票型,亞洲地區
B03624,2015-10-14,9.267217636108398,英鎊,聯博-亞洲股票基金AD月配英鎊避險級別,yfinance,股票型,亞洲地區
B03624,2015-10-15,9.554347038269043,英鎊,聯博-亞洲股票基金AD月配英鎊避險級別,yfinance,股票型,亞洲地區
B03624,2015-10-16,9.554347038269043,英鎊,聯博-亞洲股票基金AD月配英鎊避險級別,yfinance,股票型,亞洲地區
B03624,2015-10-19,9.547170639038086,英鎊,聯博-亞洲股票基金AD月配英鎊避險級別,yfinance,股票型,亞洲地區
B03624,2015-10-20,9.51845645904541,英鎊,聯博-亞洲股票基金AD月配英鎊避險級別,yfinance,股票型,亞洲地區
B03624,2015-10-21,9.475384712219238,英鎊,聯博-亞洲股票基金AD月配英鎊避險級別,yfinance,股票型,亞洲地區
B03624,2015-10-22,9.561527252197266,英鎊,聯博-亞洲股票基金AD月配英鎊避險級別,yfinance,股票型,亞洲地區
B03624,2015-10-23,9.662020683288574,英鎊,聯博-亞洲股票基金AD月配英鎊避險級別,yfinance,股票型,亞洲地區
B03624,2015-10-26,9.618953704833984,英鎊,聯博-亞洲股票基金AD月配英鎊避險級別,yfinance,股票型,亞洲地區
B03624,2015-10-27,9.561527252197266,英鎊,聯博-亞洲股票基金AD月配英鎊避險級別,yfinance,股票型,亞洲地區
B03624,2015-10-28,9.525629997253418,英鎊,聯博-亞洲股票基金AD月配英鎊避險級別,yfinance,股票型,亞洲地區
B03624,2015-10-29,9.396425247192383,英鎊,聯博-亞洲股票基金AD月配英鎊避險級別,yfinance,股票型,亞洲地區
B03624,2015-10-30,9.329063415527344,英鎊,聯博-亞洲股票基金AD月配英鎊避險級別,yfinance,股票型,亞洲地區
B03624,2015-11-02,9.458742141723633,英鎊,聯博-亞洲股票基金AD月配英鎊避險級別,yfinance,股票型,亞洲地區
B03624,2015-11-03,9.523573875427246,英鎊,聯博-亞洲股票基金AD月配英鎊避險級別,yfinance,股票型,亞洲地區
B03624,2015-11-04,9.61722469329834,英鎊,聯博-亞洲股票基金AD月配英鎊避險級別,yfinance,股票型,亞洲地區
B03624,2015-11-05,9.610025405883789,英鎊,聯博-亞洲股票基金AD月配英鎊避險級別,yfinance,股票型,亞洲地區
B03624,2015-11-06,9.545183181762695,英鎊,聯博-亞洲股票基金AD月配英鎊避險級別,yfinance,股票型,亞洲地區
B03624,2015-11-09,9.372288703918457,英鎊,聯博-亞洲股票基金AD月配英鎊避險級別,yfinance,股票型,亞洲地區
B03624,2015-11-10,9.293047904968262,英鎊,聯博-亞洲股票基金AD月配英鎊避險級別,yfinance,股票型,亞洲地區
B03624,2015-11-11,9.213800430297852,英鎊,聯博-亞洲股票基金AD月配英鎊避險級別,yfinance,股票型,亞洲地區
B03624,2015-11-12,9.221006393432617,英鎊,聯博-亞洲股票基金AD月配英鎊避險級別,yfinance,股票型,亞洲地區
B03624,2015-11-13,9.06972885131836,英鎊,聯博-亞洲股票基金AD月配英鎊避險級別,yfinance,股票型,亞洲地區
B03624,2015-11-16,9.084135055541992,英鎊,聯博-亞洲股票基金AD月配英鎊避險級別,yfinance,股票型,亞洲地區
B03624,2015-11-17,9.10574722290039,英鎊,聯博-亞洲股票基金AD月配英鎊避險級別,yfinance,股票型,亞洲地區
B03624,2015-11-18,9.170580863952637,英鎊,聯博-亞洲股票基金AD月配英鎊避險級別,yfinance,股票型,亞洲地區
B03624,2015-11-19,9.221006393432617,英鎊,聯博-亞洲股票基金AD月配英鎊避險級別,yfinance,股票型,亞洲地區
B03624,2015-11-20,9.321868896484375,英鎊,聯博-亞洲股票基金AD月配英鎊避險級別,yfinance,股票型,亞洲地區
B03624,2015-11-23,9.293047904968262,英鎊,聯博-亞洲股票基金AD月配英鎊避險級別,yfinance,股票型,亞洲地區
B03624,2015-11-24,9.271434783935547,英鎊,聯博-亞洲股票基金AD月配英鎊避險級別,yfinance,股票型,亞洲地區
B03624,2015-11-25,9.271434783935547,英鎊,聯博-亞洲股票基金AD月配英鎊避險級別,yfinance,股票型,亞洲地區
B03624,2015-11-27,9.16338062286377,英鎊,聯博-亞洲股票基金AD月配英鎊避險級別,yfinance,股票型,亞洲地區
B03624,2015-11-30,9.08131217956543,英鎊,聯博-亞洲股票基金AD月配英鎊避險級別,yfinance,股票型,亞洲地區
B03624,2015-12-01,9.29099178314209,英鎊,聯博-亞洲股票基金AD月配英鎊避險級別,yfinance,股票型,亞洲地區
B03624,2015-12-02,9.182538986206055,英鎊,聯博-亞洲股票基金AD月配英鎊避險級別,yfinance,股票型,亞洲地區
B03624,2015-12-03,9.110235214233398,英鎊,聯博-亞洲股票基金AD月配英鎊避險級別,yfinance,股票型,亞洲地區
B03624,2015-12-04,9.225924491882324,英鎊,聯博-亞洲股票基金AD月配英鎊避險級別,yfinance,股票型,亞洲地區
B03624,2015-12-07,9.066851615905762,英鎊,聯博-亞洲股票基金AD月配英鎊避險級別,yfinance,股票型,亞洲地區
B03624,2015-12-08,8.96562671661377,英鎊,聯博-亞洲股票基金AD月配英鎊避險級別,yfinance,股票型,亞洲地區
B03624,2015-12-09,8.907785415649414,英鎊,聯博-亞洲股票基金AD月配英鎊避險級別,yfinance,股票型,亞洲地區
B03624,2015-12-10,8.907785415649414,英鎊,聯博-亞洲股票基金AD月配英鎊避險級別,yfinance,股票型,亞洲地區
B03624,2015-12-11,8.712566375732422,英鎊,聯博-亞洲股票基金AD月配英鎊避險級別,yfinance,股票型,亞洲地區
B03624,2015-12-14,8.719795227050781,英鎊,聯博-亞洲股票基金AD月配英鎊避險級別,yfinance,股票型,亞洲地區
B03624,2015-12-15,8.755949974060059,英鎊,聯博-亞洲股票基金AD月配英鎊避險級別,yfinance,股票型,亞洲地區
B03624,2015-12-16,8.95840072631836,英鎊,聯博-亞洲股票基金AD月配英鎊避險級別,yfinance,股票型,亞洲地區
B03624,2015-12-17,8.972861289978027,英鎊,聯博-亞洲股票基金AD月配英鎊避險級別,yfinance,股票型,亞洲地區
B03624,2015-12-18,8.951167106628418,英鎊,聯博-亞洲股票基金AD月配英鎊避險級別,yfinance,股票型,亞洲地區
B03624,2015-12-21,9.066851615905762,英鎊,聯博-亞洲股票基金AD月配英鎊避險級別,yfinance,股票型,亞洲地區
B03624,2015-12-22,9.088543891906738,英鎊,聯博-亞洲股票基金AD月配英鎊避險級別,yfinance,股票型,亞洲地區
B03624,2015-12-23,9.196996688842773,英鎊,聯博-亞洲股票基金AD月配英鎊避險級別,yfinance,股票型,亞洲地區
B03624,2015-12-24,9.16808032989502,英鎊,聯博-亞洲股票基金AD月配英鎊避險級別,yfinance,股票型,亞洲地區
B03624,2015-12-29,9.08131217956543,英鎊,聯博-亞洲股票基金AD月配英鎊避險級別,yfinance,股票型,亞洲地區
B03624,2015-12-30,8.96562671661377,英鎊,聯博-亞洲股票基金AD月配英鎊避險級別,yfinance,股票型,亞洲地區
B03624,2015-12-31,8.955829620361328,英鎊,聯博-亞洲股票基金AD月配英鎊避險級別,yfinance,股票型,亞洲地區
B03622,2015-01-02,5.303298473358154,英鎊,聯博-全球非投資等級債券基金AA(穩定月配)英鎊避險級別,yfinance,債券型,全球市場
B03622,2015-01-05,5.288083553314209,英鎊,聯博-全球非投資等級債券基金AA(穩定月配)英鎊避險級別,yfinance,債券型,全球市場
B03622,2015-01-06,5.276668548583984,英鎊,聯博-全球非投資等級債券基金AA(穩定月配)英鎊避險級別,yfinance,債券型,全球市場
B03622,2015-01-07,5.288083553314209,英鎊,聯博-全球非投資等級債券基金AA(穩定月配)英鎊避險級別,yfinance,債券型,全球市場
B03622,2015-01-08,5.303298473358154,英鎊,聯博-全球非投資等級債券基金AA(穩定月配)英鎊避險級別,yfinance,債券型,全球市場
B03622,2015-01-09,5.307101249694824,英鎊,聯博-全球非投資等級債券基金AA(穩定月配)英鎊避險級別,yfinance,債券型,全球市場
B03622,2015-01-12,5.307101249694824,英鎊,聯博-全球非投資等級債券基金AA(穩定月配)英鎊避險級別,yfinance,債券型,全球市場
B03622,2015-01-13,5.307101249694824,英鎊,聯博-全球非投資等級債券基金AA(穩定月配)英鎊避險級別,yfinance,債券型,全球市場
B03622,2015-01-14,5.295687675476074,英鎊,聯博-全球非投資等級債券基金AA(穩定月配)英鎊避險級別,yfinance,債券型,全球市場
B03622,2015-01-15,5.299493789672852,英鎊,聯博-全球非投資等級債券基金AA(穩定月配)英鎊避險級別,yfinance,債券型,全球市場
B03622,2015-01-16,5.295687675476074,英鎊,聯博-全球非投資等級債券基金AA(穩定月配)英鎊避險級別,yfinance,債券型,全球市場
B03622,2015-01-20,5.291885852813721,英鎊,聯博-全球非投資等級債券基金AA(穩定月配)英鎊避險級別,yfinance,債券型,全球市場
B03622,2015-01-21,5.291885852813721,英鎊,聯博-全球非投資等級債券基金AA(穩定月配)英鎊避險級別,yfinance,債券型,全球市場
B03622,2015-01-22,5.299493789672852,英鎊,聯博-全球非投資等級債券基金AA(穩定月配)英鎊避險級別,yfinance,債券型,全球市場
B03622,2015-01-23,5.307101249694824,英鎊,聯博-全球非投資等級債券基金AA(穩定月配)英鎊避險級別,yfinance,債券型,全球市場
B03622,2015-01-26,5.310907363891602,英鎊,聯博-全球非投資等級債券基金AA(穩定月配)英鎊避險級別,yfinance,債券型,全球市場
B03622,2015-01-27,5.310907363891602,英鎊,聯博-全球非投資等級債券基金AA(穩定月配)英鎊避險級別,yfinance,債券型,全球市場
B03622,2015-01-28,5.318515777587891,英鎊,聯博-全球非投資等級債券基金AA(穩定月配)英鎊避險級別,yfinance,債券型,全球市場
B03622,2015-01-29,5.3147125244140625,英鎊,聯博-全球非投資等級債券基金AA(穩定月配)英鎊避險級別,yfinance,債券型,全球市場
B03622,2015-01-30,5.316166877746582,英鎊,聯博-全球非投資等級債券基金AA(穩定月配)英鎊避險級別,yfinance,債券型,全球市場
B03622,2015-02-02,5.316166877746582,英鎊,聯博-全球非投資等級債券基金AA(穩定月配)英鎊避險級別,yfinance,債券型,全球市場
B03622,2015-02-03,5.327657699584961,英鎊,聯博-全球非投資等級債券基金AA(穩定月配)英鎊避險級別,yfinance,債券型,全球市場
B03622,2015-02-04,5.331485748291016,英鎊,聯博-全球非投資等級債券基金AA(穩定月配)英鎊避險級別,yfinance,債券型,全球市場
B03622,2015-02-05,5.339148044586182,英鎊,聯博-全球非投資等級債券基金AA(穩定月配)英鎊避險級別,yfinance,債券型,全球市場
B03622,2015-02-06,5.342977046966553,英鎊,聯博-全球非投資等級債券基金AA(穩定月配)英鎊避險級別,yfinance,債券型,全球市場
B03622,2015-02-09,5.342977046966553,英鎊,聯博-全球非投資等級債券基金AA(穩定月配)英鎊避險級別,yfinance,債券型,全球市場
B03622,2015-02-10,5.339148044586182,英鎊,聯博-全球非投資等級債券基金AA(穩定月配)英鎊避險級別,yfinance,債券型,全球市場
B03622,2015-02-11,5.339148044586182,英鎊,聯博-全球非投資等級債券基金AA(穩定月配)英鎊避險級別,yfinance,債券型,全球市場
B03622,2015-02-12,5.342977046966553,英鎊,聯博-全球非投資等級債券基金AA(穩定月配)英鎊避險級別,yfinance,債券型,全球市場
B03622,2015-02-13,5.350638389587402,英鎊,聯博-全球非投資等級債券基金AA(穩定月配)英鎊避險級別,yfinance,債券型,全球市場
B03622,2015-02-17,5.354467391967773,英鎊,聯博-全球非投資等級債券基金AA(穩定月配)英鎊避險級別,yfinance,債券型,全球市場
B03622,2015-02-18,5.362128257751465,英鎊,聯博-全球非投資等級債券基金AA(穩定月配)英鎊避險級別,yfinance,債券型,全球市場
B03622,2015-02-19,5.35830020904541,英鎊,聯博-全球非投資等級債券基金AA(穩定月配)英鎊避險級別,yfinance,債券型,全球市場
B03622,2015-02-20,5.362128257751465,英鎊,聯博-全球非投資等級債券基金AA(穩定月配)英鎊避險級別,yfinance,債券型,全球市場
B03622,2015-02-23,5.365955829620361,英鎊,聯博-全球非投資等級債券基金AA(穩定月配)英鎊避險級別,yfinance,債券型,全球市場
B03622,2015-02-24,5.377447128295898,英鎊,聯博-全球非投資等級債券基金AA(穩定月配)英鎊避險級別,yfinance,債券型,全球市場
B03622,2015-02-25,5.385108947753906,英鎊,聯博-全球非投資等級債券基金AA(穩定月配)英鎊避險級別,yfinance,債券型,全球市場
B03622,2015-02-26,5.388941764831543,英鎊,聯博-全球非投資等級債券基金AA(穩定月配)英鎊避險級別,yfinance,債券型,全球市場
B03622,2015-02-27,5.39426326751709,英鎊,聯博-全球非投資等級債券基金AA(穩定月配)英鎊避險級別,yfinance,債券型,全球市場
B03622,2015-03-02,5.39426326751709,英鎊,聯博-全球非投資等級債券基金AA(穩定月配)英鎊避險級別,yfinance,債券型,全球市場
B03622,2015-03-03,5.39040470123291,英鎊,聯博-全球非投資等級債券基金AA(穩定月配)英鎊避險級別,yfinance,債券型,全球市場
B03622,2015-03-04,5.386551380157471,英鎊,聯博-全球非投資等級債券基金AA(穩定月配)英鎊避險級別,yfinance,債券型,全球市場
B03622,2015-03-05,5.386551380157471,英鎊,聯博-全球非投資等級債券基金AA(穩定月配)英鎊避險級別,yfinance,債券型,全球市場
B03622,2015-03-06,5.374981880187988,英鎊,聯博-全球非投資等級債券基金AA(穩定月配)英鎊避險級別,yfinance,債券型,全球市場
B03622,2015-03-09,5.371126651763916,英鎊,聯博-全球非投資等級債券基金AA(穩定月配)英鎊避險級別,yfinance,債券型,全球市場
B03622,2015-03-10,5.3557047843933105,英鎊,聯博-全球非投資等級債券基金AA(穩定月配)英鎊避險級別,yfinance,債券型,全球市場
B03622,2015-03-11,5.3557047843933105,英鎊,聯博-全球非投資等級債券基金AA(穩定月配)英鎊避險級別,yfinance,債券型,全球市場
B03622,2015-03-12,5.359559059143066,英鎊,聯博-全球非投資等級債券基金AA(穩定月配)英鎊避險級別,yfinance,債券型,全球市場
B03622,2015-03-13,5.347990989685059,英鎊,聯博-全球非投資等級債券基金AA(穩定月配)英鎊避險級別,yfinance,債券型,全球市場
B03622,2015-03-16,5.340279579162598,英鎊,聯博-全球非投資等級債券基金AA(穩定月配)英鎊避險級別,yfinance,債券型,全球市場
B03622,2015-03-17,5.328713893890381,英鎊,聯博-全球非投資等級債券基金AA(穩定月配)英鎊避險級別,yfinance,債券型,全球市場
B03622,2015-03-18,5.33256721496582,英鎊,聯博-全球非投資等級債券基金AA(穩定月配)英鎊避險級別,yfinance,債券型,全球市場
B03622,2015-03-19,5.34413480758667,英鎊,聯博-全球非投資等級債券基金AA(穩定月配)英鎊避險級別,yfinance,債券型,全球市場
B03622,2015-03-20,5.3557047843933105,英鎊,聯博-全球非投資等級債券基金AA(穩定月配)英鎊避險級別,yfinance,債券型,全球市場
B03622,2015-03-23,5.359559059143066,英鎊,聯博-全球非投資等級債券基金AA(穩定月配)英鎊避險級別,yfinance,債券型,全球市場
B03622,2015-03-24,5.363412380218506,英鎊,聯博-全球非投資等級債券基金AA(穩定月配)英鎊避險級別,yfinance,債券型,全球市場
B03622,2015-03-25,5.363412380218506,英鎊,聯博-全球非投資等級債券基金AA(穩定月配)英鎊避險級別,yfinance,債券型,全球市場
B03622,2015-03-26,5.359559059143066,英鎊,聯博-全球非投資等級債券基金AA(穩定月配)英鎊避險級別,yfinance,債券型,全球市場
B03622,2015-03-27,5.363412380218506,英鎊,聯博-全球非投資等級債券基金AA(穩定月配)英鎊避險級別,yfinance,債券型,全球市場
B03622,2015-03-30,5.367270469665527,英鎊,聯博-全球非投資等級債券基金AA(穩定月配)英鎊避險級別,yfinance,債券型,全球市場
B03622,2015-03-31,5.376510143280029,英鎊,聯博-全球非投資等級債券基金AA(穩定月配)英鎊避險級別,yfinance,債券型,全球市場
B03622,2015-04-01,5.376510143280029,英鎊,聯博-全球非投資等級債券基金AA(穩定月配)英鎊避險級別,yfinance,債券型,全球市場
B03622,2015-04-02,5.384273529052734,英鎊,聯博-全球非投資等級債券基金AA(穩定月配)英鎊避險級別,yfinance,債券型,全球市場
B03622,2015-04-07,5.399799823760986,英鎊,聯博-全球非投資等級債券基金AA(穩定月配)英鎊避險級別,yfinance,債券型,全球市場
B03622,2015-04-08,5.407565116882324,英鎊,聯博-全球非投資等級債券基金AA(穩定月配)英鎊避險級別,yfinance,債券型,全球市場
B03622,2015-04-09,5.411444664001465,英鎊,聯博-全球非投資等級債券基金AA(穩定月配)英鎊避險級別,yfinance,債券型,全球市場
B03622,2015-04-10,5.4192094802856445,英鎊,聯博-全球非投資等級債券基金AA(穩定月配)英鎊避險級別,yfinance,債券型,全球市場
B03622,2015-04-13,5.4192094802856445,英鎊,聯博-全球非投資等級債券基金AA(穩定月配)英鎊避險級別,yfinance,債券型,全球市場
B03622,2015-04-14,5.423092365264893,英鎊,聯博-全球非投資等級債券基金AA(穩定月配)英鎊避險級別,yfinance,債券型,全球市場
B03622,2015-04-15,5.430855751037598,英鎊,聯博-全球非投資等級債券基金AA(穩定月配)英鎊避險級別,yfinance,債券型,全球市場
B03622,2015-04-16,5.42697286605835,英鎊,聯博-全球非投資等級債券基金AA(穩定月配)英鎊避險級別,yfinance,債券型,全球市場
B03622,2015-04-17,5.423092365264893,英鎊,聯博-全球非投資等級債券基金AA(穩定月配)英鎊避險級別,yfinance,債券型,全球市場
B03622,2015-04-20,5.42697286605835,英鎊,聯博-全球非投資等級債券基金AA(穩定月配)英鎊避險級別,yfinance,債券型,全球市場
B03622,2015-04-21,5.42697286605835,英鎊,聯博-全球非投資等級債券基金AA(穩定月配)英鎊避險級別,yfinance,債券型,全球市場
B03622,2015-04-22,5.42697286605835,英鎊,聯博-全球非投資等級債券基金AA(穩定月配)英鎊避險級別,yfinance,債券型,全球市場
B03622,2015-04-23,5.430855751037598,英鎊,聯博-全球非投資等級債券基金AA(穩定月配)英鎊避險級別,yfinance,債券型,全球市場
B03622,2015-04-24,5.4386210441589355,英鎊,聯博-全球非投資等級債券基金AA(穩定月配)英鎊避險級別,yfinance,債券型,全球市場
B03622,2015-04-27,5.442502975463867,英鎊,聯博-全球非投資等級債券基金AA(穩定月配)英鎊避險級別,yfinance,債券型,全球市場
B03622,2015-04-28,5.4386210441589355,英鎊,聯博-全球非投資等級債券基金AA(穩定月配)英鎊避險級別,yfinance,債券型,全球市場
B03622,2015-04-29,5.430855751037598,英鎊,聯博-全球非投資等級債券基金AA(穩定月配)英鎊避險級別,yfinance,債券型,全球市場
B03622,2015-04-30,5.432340621948242,英鎊,聯博-全球非投資等級債券基金AA(穩定月配)英鎊避險級別,yfinance,債券型,全球市場
B03622,2015-05-05,5.4284348487854,英鎊,聯博-全球非投資等級債券基金AA(穩定月配)英鎊避險級別,yfinance,債券型,全球市場
B03622,2015-05-06,5.420618057250977,英鎊,聯博-全球非投資等級債券基金AA(穩定月配)英鎊避險級別,yfinance,債券型,全球市場
B03622,2015-05-07,5.416707992553711,英鎊,聯博-全球非投資等級債券基金AA(穩定月配)英鎊避險級別,yfinance,債券型,全球市場
B03622,2015-05-08,5.432340621948242,英鎊,聯博-全球非投資等級債券基金AA(穩定月配)英鎊避險級別,yfinance,債券型,全球市場
B03622,2015-05-11,5.432340621948242,英鎊,聯博-全球非投資等級債券基金AA(穩定月配)英鎊避險級別,yfinance,債券型,全球市場
B03622,2015-05-12,5.420618057250977,英鎊,聯博-全球非投資等級債券基金AA(穩定月配)英鎊避險級別,yfinance,債券型,全球市場
B03622,2015-05-13,5.4284348487854,英鎊,聯博-全球非投資等級債券基金AA(穩定月配)英鎊避險級別,yfinance,債券型,全球市場
B03622,2015-05-15,5.436247825622559,英鎊,聯博-全球非投資等級債券基金AA(穩定月配)英鎊避險級別,yfinance,債券型,全球市場
B03622,2015-05-18,5.432340621948242,英鎊,聯博-全球非投資等級債券基金AA(穩定月配)英鎊避險級別,yfinance,債券型,全球市場
B03622,2015-05-19,5.424523830413818,英鎊,聯博-全球非投資等級債券基金AA(穩定月配)英鎊避險級別,yfinance,債券型,全球市場
B03622,2015-05-20,5.424523830413818,英鎊,聯博-全球非投資等級債券基金AA(穩定月配)英鎊避險級別,yfinance,債券型,全球市場
B03622,2015-05-21,5.4284348487854,英鎊,聯博-全球非投資等級債券基金AA(穩定月配)英鎊避險級別,yfinance,債券型,全球市場
B03622,2015-05-22,5.4284348487854,英鎊,聯博-全球非投資等級債券基金AA(穩定月配)英鎊避險級別,yfinance,債券型,全球市場
B03622,2015-05-26,5.4284348487854,英鎊,聯博-全球非投資等級債券基金AA(穩定月配)英鎊避險級別,yfinance,債券型,全球市場
B03622,2015-05-27,5.4284348487854,英鎊,聯博-全球非投資等級債券基金AA(穩定月配)英鎊避險級別,yfinance,債券型,全球市場
B03622,2015-05-28,5.4284348487854,英鎊,聯博-全球非投資等級債券基金AA(穩定月配)英鎊避險級別,yfinance,債券型,全球市場
B03622,2015-05-29,5.43386173248291,英鎊,聯博-全球非投資等級債券基金AA(穩定月配)英鎊避險級別,yfinance,債券型,全球市場
B03622,2015-06-01,5.429931163787842,英鎊,聯博-全球非投資等級債券基金AA(穩定月配)英鎊避險級別,yfinance,債券型,全球市場
B03622,2015-06-02,5.425992012023926,英鎊,聯博-全球非投資等級債券基金AA(穩定月配)英鎊避險級別,yfinance,債券型,全球市場
B03622,2015-06-03,5.422060966491699,英鎊,聯博-全球非投資等級債券基金AA(穩定月配)英鎊避險級別,yfinance,債券型,全球市場
B03622,2015-06-04,5.414190292358398,英鎊,聯博-全球非投資等級債券基金AA(穩定月配)英鎊避險級別,yfinance,債券型,全球市場
B03622,2015-06-05,5.402385711669922,英鎊,聯博-全球非投資等級債券基金AA(穩定月配)英鎊避險級別,yfinance,債券型,全球市場
B03622,2015-06-08,5.3984527587890625,英鎊,聯博-全球非投資等級債券基金AA(穩定月配)英鎊避險級別,yfinance,債券型,全球市場
B03622,2015-06-09,5.3866472244262695,英鎊,聯博-全球非投資等級債券基金AA(穩定月配)英鎊避險級別,yfinance,債券型,全球市場
B03622,2015-06-10,5.3866472244262695,英鎊,聯博-全球非投資等級債券基金AA(穩定月配)英鎊避險級別,yfinance,債券型,全球市場
B03622,2015-06-11,5.390583038330078,英鎊,聯博-全球非投資等級債券基金AA(穩定月配)英鎊避險級別,yfinance,債券型,全球市場
B03622,2015-06-12,5.390583038330078,英鎊,聯博-全球非投資等級債券基金AA(穩定月配)英鎊避險級別,yfinance,債券型,全球市場
B03622,2015-06-15,5.378778457641602,英鎊,聯博-全球非投資等級債券基金AA(穩定月配)英鎊避險級別,yfinance,債券型,全球市場
B03622,2015-06-16,5.374842166900635,英鎊,聯博-全球非投資等級債券基金AA(穩定月配)英鎊避險級別,yfinance,債券型,全球市場
B03622,2015-06-17,5.382714748382568,英鎊,聯博-全球非投資等級債券基金AA(穩定月配)英鎊避險級別,yfinance,債券型,全球市場
B03622,2015-06-18,5.382714748382568,英鎊,聯博-全球非投資等級債券基金AA(穩定月配)英鎊避險級別,yfinance,債券型,全球市場
B03622,2015-06-19,5.390583038330078,英鎊,聯博-全球非投資等級債券基金AA(穩定月配)英鎊避險級別,yfinance,債券型,全球市場
B03622,2015-06-22,5.3984527587890625,英鎊,聯博-全球非投資等級債券基金AA(穩定月配)英鎊避險級別,yfinance,債券型,全球市場
B03622,2015-06-24,5.394514560699463,英鎊,聯博-全球非投資等級債券基金AA(穩定月配)英鎊避險級別,yfinance,債券型,全球市場
B03622,2015-06-25,5.390583038330078,英鎊,聯博-全球非投資等級債券基金AA(穩定月配)英鎊避險級別,yfinance,債券型,全球市場
B03622,2015-06-26,5.382714748382568,英鎊,聯博-全球非投資等級債券基金AA(穩定月配)英鎊避險級別,yfinance,債券型,全球市場
B03622,2015-06-29,5.363039493560791,英鎊,聯博-全球非投資等級債券基金AA(穩定月配)英鎊避險級別,yfinance,債券型,全球市場
B03622,2015-06-30,5.364548206329346,英鎊,聯博-全球非投資等級債券基金AA(穩定月配)英鎊避險級別,yfinance,債券型,全球市場
B03622,2015-07-01,5.368506908416748,英鎊,聯博-全球非投資等級債券基金AA(穩定月配)英鎊避險級別,yfinance,債券型,全球市場
B03622,2015-07-02,5.376430034637451,英鎊,聯博-全球非投資等級債券基金AA(穩定月配)英鎊避險級別,yfinance,債券型,全球市場
B03622,2015-07-06,5.360580921173096,英鎊,聯博-全球非投資等級債券基金AA(穩定月配)英鎊避險級別,yfinance,債券型,全球市場
B03622,2015-07-07,5.352658271789551,英鎊,聯博-全球非投資等級債券基金AA(穩定月配)英鎊避險級別,yfinance,債券型,全球市場
B03622,2015-07-08,5.344732284545898,英鎊,聯博-全球非投資等級債券基金AA(穩定月配)英鎊避險級別,yfinance,債券型,全球市場
B03622,2015-07-09,5.348695278167725,英鎊,聯博-全球非投資等級債券基金AA(穩定月配)英鎊避險級別,yfinance,債券型,全球市場
B03622,2015-07-10,5.356620788574219,英鎊,聯博-全球非投資等級債券基金AA(穩定月配)英鎊避險級別,yfinance,債券型,全球市場
B03622,2015-07-13,5.360580921173096,英鎊,聯博-全球非投資等級債券基金AA(穩定月配)英鎊避險級別,yfinance,債券型,全球市場
B03622,2015-07-14,5.360580921173096,英鎊,聯博-全球非投資等級債券基金AA(穩定月配)英鎊避險級別,yfinance,債券型,全球市場
B03622,2015-07-15,5.364548206329346,英鎊,聯博-全球非投資等級債券基金AA(穩定月配)英鎊避險級別,yfinance,債券型,全球市場
B03622,2015-07-16,5.364548206329346,英鎊,聯博-全球非投資等級債券基金AA(穩定月配)英鎊避險級別,yfinance,債券型,全球市場
B03622,2015-07-17,5.360580921173096,英鎊,聯博-全球非投資等級債券基金AA(穩定月配)英鎊避險級別,yfinance,債券型,全球市場
B03622,2015-07-20,5.356620788574219,英鎊,聯博-全球非投資等級債券基金AA(穩定月配)英鎊避險級別,yfinance,債券型,全球市場
B03622,2015-07-21,5.352658271789551,英鎊,聯博-全球非投資等級債券基金AA(穩定月配)英鎊避險級別,yfinance,債券型,全球市場
B03622,2015-07-22,5.3368096351623535,英鎊,聯博-全球非投資等級債券基金AA(穩定月配)英鎊避險級別,yfinance,債券型,全球市場
B03622,2015-07-23,5.324923515319824,英鎊,聯博-全球非投資等級債券基金AA(穩定月配)英鎊避險級別,yfinance,債券型,全球市場
B03622,2015-07-24,5.316998481750488,英鎊,聯博-全球非投資等級債券基金AA(穩定月配)英鎊避險級別,yfinance,債券型,全球市場
B03622,2015-07-27,5.301148891448975,英鎊,聯博-全球非投資等級債券基金AA(穩定月配)英鎊避險級別,yfinance,債券型,全球市場
B03622,2015-07-28,5.30511474609375,英鎊,聯博-全球非投資等級債券基金AA(穩定月配)英鎊避險級別,yfinance,債券型,全球市場
B03622,2015-07-29,5.316998481750488,英鎊,聯博-全球非投資等級債券基金AA(穩定月配)英鎊避險級別,yfinance,債券型,全球市場
B03622,2015-07-30,5.324923515319824,英鎊,聯博-全球非投資等級債券基金AA(穩定月配)英鎊避險級別,yfinance,債券型,全球市場
B03622,2015-07-31,5.330429553985596,英鎊,聯博-全球非投資等級債券基金AA(穩定月配)英鎊避險級別,yfinance,債券型,全球市場
B03622,2015-08-03,5.326440811157227,英鎊,聯博-全球非投資等級債券基金AA(穩定月配)英鎊避險級別,yfinance,債券型,全球市場
B03622,2015-08-04,5.322449207305908,英鎊,聯博-全球非投資等級債券基金AA(穩定月配)英鎊避險級別,yfinance,債券型,全球市場
B03622,2015-08-05,5.3184590339660645,英鎊,聯博-全球非投資等級債券基金AA(穩定月配)英鎊避險級別,yfinance,債券型,全球市場
B03622,2015-08-06,5.306492805480957,英鎊,聯博-全球非投資等級債券基金AA(穩定月配)英鎊避險級別,yfinance,債券型,全球市場
B03622,2015-08-07,5.298511028289795,英鎊,聯博-全球非投資等級債券基金AA(穩定月配)英鎊避險級別,yfinance,債券型,全球市場
B03622,2015-08-10,5.294525623321533,英鎊,聯博-全球非投資等級債券基金AA(穩定月配)英鎊避險級別,yfinance,債券型,全球市場
B03622,2015-08-11,5.282550811767578,英鎊,聯博-全球非投資等級債券基金AA(穩定月配)英鎊避險級別,yfinance,債券型,全球市場
B03622,2015-08-12,5.2705817222595215,英鎊,聯博-全球非投資等級債券基金AA(穩定月配)英鎊避險級別,yfinance,債券型,全球市場
B03622,2015-08-13,5.2705817222595215,英鎊,聯博-全球非投資等級債券基金AA(穩定月配)英鎊避險級別,yfinance,債券型,全球市場
B03622,2015-08-14,5.274569511413574,英鎊,聯博-全球非投資等級債券基金AA(穩定月配)英鎊避險級別,yfinance,債券型,全球市場
B03622,2015-08-17,5.2705817222595215,英鎊,聯博-全球非投資等級債券基金AA(穩定月配)英鎊避險級別,yfinance,債券型,全球市場
B03622,2015-08-18,5.266592025756836,英鎊,聯博-全球非投資等級債券基金AA(穩定月配)英鎊避險級別,yfinance,債券型,全球市場
B03622,2015-08-19,5.262603759765625,英鎊,聯博-全球非投資等級債券基金AA(穩定月配)英鎊避險級別,yfinance,債券型,全球市場
B03622,2015-08-20,5.250633716583252,英鎊,聯博-全球非投資等級債券基金AA(穩定月配)英鎊避險級別,yfinance,債券型,全球市場
B03622,2015-08-21,5.238667011260986,英鎊,聯博-全球非投資等級債券基金AA(穩定月配)英鎊避險級別,yfinance,債券型,全球市場
B03622,2015-08-24,5.198765754699707,英鎊,聯博-全球非投資等級債券基金AA(穩定月配)英鎊避險級別,yfinance,債券型,全球市場
B03622,2015-08-25,5.210735321044922,英鎊,聯博-全球非投資等級債券基金AA(穩定月配)英鎊避險級別,yfinance,債券型,全球市場
B03622,2015-08-26,5.210735321044922,英鎊,聯博-全球非投資等級債券基金AA(穩定月配)英鎊避險級別,yfinance,債券型,全球市場
B03622,2015-08-27,5.234673500061035,英鎊,聯博-全球非投資等級債券基金AA(穩定月配)英鎊避險級別,yfinance,債券型,全球市場
B03622,2015-08-28,5.280346870422363,英鎊,聯博-全球非投資等級債券基金AA(穩定月配)英鎊避險級別,yfinance,債券型,全球市場
B03622,2015-09-01,5.232126712799072,英鎊,聯博-全球非投資等級債券基金AA(穩定月配)英鎊避險級別,yfinance,債券型,全球市場
B03622,2015-09-02,5.2281060218811035,英鎊,聯博-全球非投資等級債券基金AA(穩定月配)英鎊避險級別,yfinance,債券型,全球市場
B03622,2015-09-03,5.236144065856934,英鎊,聯博-全球非投資等級債券基金AA(穩定月配)英鎊避險級別,yfinance,債券型,全球市場
B03622,2015-09-04,5.236144065856934,英鎊,聯博-全球非投資等級債券基金AA(穩定月配)英鎊避險級別,yfinance,債券型,全球市場
B03622,2015-09-08,5.24015998840332,英鎊,聯博-全球非投資等級債券基金AA(穩定月配)英鎊避險級別,yfinance,債券型,全球市場
B03622,2015-09-09,5.24819803237915,英鎊,聯博-全球非投資等級債券基金AA(穩定月配)英鎊避險級別,yfinance,債券型,全球市場
B03622,2015-09-10,5.24015998840332,英鎊,聯博-全球非投資等級債券基金AA(穩定月配)英鎊避險級別,yfinance,債券型,全球市場
B03622,2015-09-11,5.24015998840332,英鎊,聯博-全球非投資等級債券基金AA(穩定月配)英鎊避險級別,yfinance,債券型,全球市場
B03622,2015-09-14,5.24015998840332,英鎊,聯博-全球非投資等級債券基金AA(穩定月配)英鎊避險級別,yfinance,債券型,全球市場
B03622,2015-09-15,5.232126712799072,英鎊,聯博-全球非投資等級債券基金AA(穩定月配)英鎊避險級別,yfinance,債券型,全球市場
B03622,2015-09-16,5.232126712799072,英鎊,聯博-全球非投資等級債券基金AA(穩定月配)英鎊避險級別,yfinance,債券型,全球市場
B03622,2015-09-17,5.232126712799072,英鎊,聯博-全球非投資等級債券基金AA(穩定月配)英鎊避險級別,yfinance,債券型,全球市場
B03622,2015-09-18,5.232126712799072,英鎊,聯博-全球非投資等級債券基金AA(穩定月配)英鎊避險級別,yfinance,債券型,全球市場
B03622,2015-09-21,5.224088668823242,英鎊,聯博-全球非投資等級債券基金AA(穩定月配)英鎊避險級別,yfinance,債券型,全球市場
B03622,2015-09-22,5.20399284362793,英鎊,聯博-全球非投資等級債券基金AA(穩定月配)英鎊避險級別,yfinance,債券型,全球市場
B03622,2015-09-23,5.195956230163574,英鎊,聯博-全球非投資等級債券基金AA(穩定月配)英鎊避險級別,yfinance,債券型,全球市場
B03622,2015-09-24,5.175863265991211,英鎊,聯博-全球非投資等級債券基金AA(穩定月配)英鎊避險級別,yfinance,債券型,全球市場
B03622,2015-09-25,5.171847343444824,英鎊,聯博-全球非投資等級債券基金AA(穩定月配)英鎊避險級別,yfinance,債券型,全球市場
B03622,2015-09-28,5.135678291320801,英鎊,聯博-全球非投資等級債券基金AA(穩定月配)英鎊避險級別,yfinance,債券型,全球市場
B03622,2015-09-29,5.115588188171387,英鎊,聯博-全球非投資等級債券基金AA(穩定月配)英鎊避險級別,yfinance,債券型,全球市場
B03622,2015-09-30,5.121171951293945,英鎊,聯博-全球非投資等級債券基金AA(穩定月配)英鎊避險級別,yfinance,債券型,全球市場
B03622,2015-10-01,5.11712646484375,英鎊,聯博-全球非投資等級債券基金AA(穩定月配)英鎊避險級別,yfinance,債券型,全球市場
B03622,2015-10-02,5.109029769897461,英鎊,聯博-全球非投資等級債券基金AA(穩定月配)英鎊避險級別,yfinance,債券型,全球市場
B03622,2015-10-05,5.1333208084106445,英鎊,聯博-全球非投資等級債券基金AA(穩定月配)英鎊避險級別,yfinance,債券型,全球市場
B03622,2015-10-06,5.145463943481445,英鎊,聯博-全球非投資等級債券基金AA(穩定月配)英鎊避險級別,yfinance,債券型,全球市場
B03622,2015-10-07,5.169754981994629,英鎊,聯博-全球非投資等級債券基金AA(穩定月配)英鎊避險級別,yfinance,債券型,全球市場
B03622,2015-10-08,5.173801898956299,英鎊,聯博-全球非投資等級債券基金AA(穩定月配)英鎊避險級別,yfinance,債券型,全球市場
B03622,2015-10-09,5.194044589996338,英鎊,聯博-全球非投資等級債券基金AA(穩定月配)英鎊避險級別,yfinance,債券型,全球市場
B03622,2015-10-12,5.198093414306641,英鎊,聯博-全球非投資等級債券基金AA(穩定月配)英鎊避險級別,yfinance,債券型,全球市場
B03622,2015-10-13,5.18999719619751,英鎊,聯博-全球非投資等級債券基金AA(穩定月配)英鎊避險級別,yfinance,債券型,全球市場
B03622,2015-10-14,5.18595027923584,英鎊,聯博-全球非投資等級債券基金AA(穩定月配)英鎊避險級別,yfinance,債券型,全球市場
B03622,2015-10-15,5.18999719619751,英鎊,聯博-全球非投資等級債券基金AA(穩定月配)英鎊避險級別,yfinance,債券型,全球市場
B03622,2015-10-16,5.20214319229126,英鎊,聯博-全球非投資等級債券基金AA(穩定月配)英鎊避險級別,yfinance,債券型,全球市場
B03622,2015-10-19,5.206191062927246,英鎊,聯博-全球非投資等級債券基金AA(穩定月配)英鎊避險級別,yfinance,債券型,全球市場
B03622,2015-10-20,5.210240364074707,英鎊,聯博-全球非投資等級債券基金AA(穩定月配)英鎊避險級別,yfinance,債券型,全球市場
B03622,2015-10-21,5.210240364074707,英鎊,聯博-全球非投資等級債券基金AA(穩定月配)英鎊避險級別,yfinance,債券型,全球市場
B03622,2015-10-22,5.210240364074707,英鎊,聯博-全球非投資等級債券基金AA(穩定月配)英鎊避險級別,yfinance,債券型,全球市場
B03622,2015-10-23,5.22238302230835,英鎊,聯博-全球非投資等級債券基金AA(穩定月配)英鎊避險級別,yfinance,債券型,全球市場
B03622,2015-10-26,5.22238302230835,英鎊,聯博-全球非投資等級債券基金AA(穩定月配)英鎊避險級別,yfinance,債券型,全球市場
B03622,2015-10-27,5.218336582183838,英鎊,聯博-全球非投資等級債券基金AA(穩定月配)英鎊避險級別,yfinance,債券型,全球市場
B03622,2015-10-28,5.214285373687744,英鎊,聯博-全球非投資等級債券基金AA(穩定月配)英鎊避險級別,yfinance,債券型,全球市場
B03622,2015-10-29,5.218336582183838,英鎊,聯博-全球非投資等級債券基金AA(穩定月配)英鎊避險級別,yfinance,債券型,全球市場
B03622,2015-10-30,5.2198872566223145,英鎊,聯博-全球非投資等級債券基金AA(穩定月配)英鎊避險級別,yfinance,債券型,全球市場
B03622,2015-11-02,5.223964214324951,英鎊,聯博-全球非投資等級債券基金AA(穩定月配)英鎊避險級別,yfinance,債券型,全球市場
B03622,2015-11-03,5.232119083404541,英鎊,聯博-全球非投資等級債券基金AA(穩定月配)英鎊避險級別,yfinance,債券型,全球市場
B03622,2015-11-04,5.236196517944336,英鎊,聯博-全球非投資等級債券基金AA(穩定月配)英鎊避險級別,yfinance,債券型,全球市場
B03622,2015-11-05,5.2280402183532715,英鎊,聯博-全球非投資等級債券基金AA(穩定月配)英鎊避險級別,yfinance,債券型,全球市場
B03622,2015-11-06,5.211728572845459,英鎊,聯博-全球非投資等級債券基金AA(穩定月配)英鎊避險級別,yfinance,債券型,全球市場
B03622,2015-11-09,5.195418834686279,英鎊,聯博-全球非投資等級債券基金AA(穩定月配)英鎊避險級別,yfinance,債券型,全球市場
B03622,2015-11-10,5.187262058258057,英鎊,聯博-全球非投資等級債券基金AA(穩定月配)英鎊避險級別,yfinance,債券型,全球市場
B03622,2015-11-11,5.187262058258057,英鎊,聯博-全球非投資等級債券基金AA(穩定月配)英鎊避險級別,yfinance,債券型,全球市場
B03622,2015-11-12,5.170948028564453,英鎊,聯博-全球非投資等級債券基金AA(穩定月配)英鎊避險級別,yfinance,債券型,全球市場
B03622,2015-11-13,5.158711910247803,英鎊,聯博-全球非投資等級債券基金AA(穩定月配)英鎊避險級別,yfinance,債券型,全球市場
B03622,2015-11-16,5.154636859893799,英鎊,聯博-全球非投資等級債券基金AA(穩定月配)英鎊避險級別,yfinance,債券型,全球市場
B03622,2015-11-17,5.162791728973389,英鎊,聯博-全球非投資等級債券基金AA(穩定月配)英鎊避險級別,yfinance,債券型,全球市場
B03622,2015-11-18,5.162791728973389,英鎊,聯博-全球非投資等級債券基金AA(穩定月配)英鎊避險級別,yfinance,債券型,全球市場
B03622,2015-11-19,5.154636859893799,英鎊,聯博-全球非投資等級債券基金AA(穩定月配)英鎊避險級別,yfinance,債券型,全球市場
B03622,2015-11-20,5.150557518005371,英鎊,聯博-全球非投資等級債券基金AA(穩定月配)英鎊避險級別,yfinance,債券型,全球市場
B03622,2015-11-23,5.150557518005371,英鎊,聯博-全球非投資等級債券基金AA(穩定月配)英鎊避險級別,yfinance,債券型,全球市場
B03622,2015-11-24,5.138326644897461,英鎊,聯博-全球非投資等級債券基金AA(穩定月配)英鎊避險級別,yfinance,債券型,全球市場
B03622,2015-11-25,5.142399311065674,英鎊,聯博-全球非投資等級債券基金AA(穩定月配)英鎊避險級別,yfinance,債券型,全球市場
B03622,2015-11-27,5.142399311065674,英鎊,聯博-全球非投資等級債券基金AA(穩定月配)英鎊避險級別,yfinance,債券型,全球市場
B03622,2015-11-30,5.143965244293213,英鎊,聯博-全球非投資等級債券基金AA(穩定月配)英鎊避險級別,yfinance,債券型,全球市場
B03622,2015-12-01,5.148068428039551,英鎊,聯博-全球非投資等級債券基金AA(穩定月配)英鎊避險級別,yfinance,債券型,全球市場
B03622,2015-12-02,5.148068428039551,英鎊,聯博-全球非投資等級債券基金AA(穩定月配)英鎊避險級別,yfinance,債券型,全球市場
B03622,2015-12-03,5.131638526916504,英鎊,聯博-全球非投資等級債券基金AA(穩定月配)英鎊避險級別,yfinance,債券型,全球市場
B03622,2015-12-04,5.12341833114624,英鎊,聯博-全球非投資等級債券基金AA(穩定月配)英鎊避險級別,yfinance,債券型,全球市場
B03622,2015-12-07,5.1069865226745605,英鎊,聯博-全球非投資等級債券基金AA(穩定月配)英鎊避險級別,yfinance,債券型,全球市場
B03622,2015-12-08,5.082333564758301,英鎊,聯博-全球非投資等級債券基金AA(穩定月配)英鎊避險級別,yfinance,債券型,全球市場
B03622,2015-12-09,5.082333564758301,英鎊,聯博-全球非投資等級債券基金AA(穩定月配)英鎊避險級別,yfinance,債券型,全球市場
B03622,2015-12-10,5.074115753173828,英鎊,聯博-全球非投資等級債券基金AA(穩定月配)英鎊避險級別,yfinance,債券型,全球市場
B03622,2015-12-11,5.0289225578308105,英鎊,聯博-全球非投資等級債券基金AA(穩定月配)英鎊避險級別,yfinance,債券型,全球市場
B03622,2015-12-14,4.979619026184082,英鎊,聯博-全球非投資等級債券基金AA(穩定月配)英鎊避險級別,yfinance,債券型,全球市場
B03622,2015-12-15,5.004270076751709,英鎊,聯博-全球非投資等級債券基金AA(穩定月配)英鎊避險級別,yfinance,債券型,全球市場
B03622,2015-12-16,5.012488842010498,英鎊,聯博-全球非投資等級債券基金AA(穩定月配)英鎊避險級別,yfinance,債券型,全球市場
B03622,2015-12-17,5.016598224639893,英鎊,聯博-全球非投資等級債券基金AA(穩定月配)英鎊避險級別,yfinance,債券型,全球市場
B03622,2015-12-18,4.996053695678711,英鎊,聯博-全球非投資等級債券基金AA(穩定月配)英鎊避險級別,yfinance,債券型,全球市場
B03622,2015-12-21,4.991946220397949,英鎊,聯博-全球非投資等級債券基金AA(穩定月配)英鎊避險級別,yfinance,債券型,全球市場
B03622,2015-12-22,5.00016450881958,英鎊,聯博-全球非投資等級債券基金AA(穩定月配)英鎊避險級別,yfinance,債券型,全球市場
B03622,2015-12-23,5.012488842010498,英鎊,聯博-全球非投資等級債券基金AA(穩定月配)英鎊避險級別,yfinance,債券型,全球市場
B03622,2015-12-24,5.020705699920654,英鎊,聯博-全球非投資等級債券基金AA(穩定月配)英鎊避險級別,yfinance,債券型,全球市場
B03622,2015-12-29,5.024813652038574,英鎊,聯博-全球非投資等級債券基金AA(穩定月配)英鎊避險級別,yfinance,債券型,全球市場
B03622,2015-12-30,5.024813652038574,英鎊,聯博-全球非投資等級債券基金AA(穩定月配)英鎊避險級別,yfinance,債券型,全球市場
B03622,2015-12-31,5.0305304527282715,英鎊,聯博-全球非投資等級債券基金AA(穩定月配)英鎊避險級別,yfinance,債券型,全球市場
B24089,2015-01-02,5.460000038146973,英鎊,霸菱德國增長基金-A類英鎊累積型,yfinance,股票型,歐洲(含歐元區)
B24089,2015-01-05,5.460000038146973,英鎊,霸菱德國增長基金-A類英鎊累積型,yfinance,股票型,歐洲(含歐元區)
B24089,2015-01-06,5.388000011444092,英鎊,霸菱德國增長基金-A類英鎊累積型,yfinance,股票型,歐洲(含歐元區)
B24089,2015-01-07,5.414999961853027,英鎊,霸菱德國增長基金-A類英鎊累積型,yfinance,股票型,歐洲(含歐元區)
B24089,2015-01-08,5.48199987411499,英鎊,霸菱德國增長基金-A類英鎊累積型,yfinance,股票型,歐洲(含歐元區)
B24089,2015-01-09,5.521999835968018,英鎊,霸菱德國增長基金-A類英鎊累積型,yfinance,股票型,歐洲(含歐元區)
B24089,2015-01-12,5.547999858856201,英鎊,霸菱德國增長基金-A類英鎊累積型,yfinance,股票型,歐洲(含歐元區)
B24089,2015-01-13,5.589000225067139,英鎊,霸菱德國增長基金-A類英鎊累積型,yfinance,股票型,歐洲(含歐元區)
B24089,2015-01-14,5.545000076293945,英鎊,霸菱德國增長基金-A類英鎊累積型,yfinance,股票型,歐洲(含歐元區)
B24089,2015-01-15,5.482999801635742,英鎊,霸菱德國增長基金-A類英鎊累積型,yfinance,股票型,歐洲(含歐元區)
B24089,2015-01-16,5.5320000648498535,英鎊,霸菱德國增長基金-A類英鎊累積型,yfinance,股票型,歐洲(含歐元區)
B24089,2015-01-19,5.61299991607666,英鎊,霸菱德國增長基金-A類英鎊累積型,yfinance,股票型,歐洲(含歐元區)
B24089,2015-01-20,5.659999847412109,英鎊,霸菱德國增長基金-A類英鎊累積型,yfinance,股票型,歐洲(含歐元區)
B24089,2015-01-21,5.636000156402588,英鎊,霸菱德國增長基金-A類英鎊累積型,yfinance,股票型,歐洲(含歐元區)
B24089,2015-01-22,5.672999858856201,英鎊,霸菱德國增長基金-A類英鎊累積型,yfinance,股票型,歐洲(含歐元區)
B24089,2015-01-23,5.709000110626221,英鎊,霸菱德國增長基金-A類英鎊累積型,yfinance,股票型,歐洲(含歐元區)
B24089,2015-01-26,5.763999938964844,英鎊,霸菱德國增長基金-A類英鎊累積型,yfinance,股票型,歐洲(含歐元區)
B24089,2015-01-27,5.735000133514404,英鎊,霸菱德國增長基金-A類英鎊累積型,yfinance,股票型,歐洲(含歐元區)
B24089,2015-01-28,5.705999851226807,英鎊,霸菱德國增長基金-A類英鎊累積型,yfinance,股票型,歐洲(含歐元區)
B24089,2015-01-29,5.760000228881836,英鎊,霸菱德國增長基金-A類英鎊累積型,yfinance,股票型,歐洲(含歐元區)
B24089,2015-01-30,5.788000106811523,英鎊,霸菱德國增長基金-A類英鎊累積型,yfinance,股票型,歐洲(含歐元區)
B24089,2015-02-02,5.813000202178955,英鎊,霸菱德國增長基金-A類英鎊累積型,yfinance,股票型,歐洲(含歐元區)
B24089,2015-02-03,5.913000106811523,英鎊,霸菱德國增長基金-A類英鎊累積型,yfinance,股票型,歐洲(含歐元區)
B24089,2015-02-04,5.869999885559082,英鎊,霸菱德國增長基金-A類英鎊累積型,yfinance,股票型,歐洲(含歐元區)
B24089,2015-02-05,5.867000102996826,英鎊,霸菱德國增長基金-A類英鎊累積型,yfinance,股票型,歐洲(含歐元區)
B24089,2015-02-06,5.826000213623047,英鎊,霸菱德國增長基金-A類英鎊累積型,yfinance,股票型,歐洲(含歐元區)
B24089,2015-02-09,5.718999862670898,英鎊,霸菱德國增長基金-A類英鎊累積型,yfinance,股票型,歐洲(含歐元區)
B24089,2015-02-10,5.744999885559082,英鎊,霸菱德國增長基金-A類英鎊累積型,yfinance,股票型,歐洲(含歐元區)
B24089,2015-02-11,5.729000091552734,英鎊,霸菱德國增長基金-A類英鎊累積型,yfinance,股票型,歐洲(含歐元區)
B24089,2015-02-12,5.833000183105469,英鎊,霸菱德國增長基金-A類英鎊累積型,yfinance,股票型,歐洲(含歐元區)
B24089,2015-02-13,5.883999824523926,英鎊,霸菱德國增長基金-A類英鎊累積型,yfinance,股票型,歐洲(含歐元區)
B24089,2015-02-16,5.864999771118164,英鎊,霸菱德國增長基金-A類英鎊累積型,yfinance,股票型,歐洲(含歐元區)
B24089,2015-02-17,5.8470001220703125,英鎊,霸菱德國增長基金-A類英鎊累積型,yfinance,股票型,歐洲(含歐元區)
B24089,2015-02-18,5.8460001945495605,英鎊,霸菱德國增長基金-A類英鎊累積型,yfinance,股票型,歐洲(含歐元區)
B24089,2015-02-19,5.867000102996826,英鎊,霸菱德國增長基金-A類英鎊累積型,yfinance,股票型,歐洲(含歐元區)
B24089,2015-02-20,5.868000030517578,英鎊,霸菱德國增長基金-A類英鎊累積型,yfinance,股票型,歐洲(含歐元區)
B24089,2015-02-23,5.913000106811523,英鎊,霸菱德國增長基金-A類英鎊累積型,yfinance,股票型,歐洲(含歐元區)
B24089,2015-02-24,5.886000156402588,英鎊,霸菱德國增長基金-A類英鎊累積型,yfinance,股票型,歐洲(含歐元區)
B24089,2015-02-25,5.9029998779296875,英鎊,霸菱德國增長基金-A類英鎊累積型,yfinance,股票型,歐洲(含歐元區)
B24089,2015-02-26,5.920000076293945,英鎊,霸菱德國增長基金-A類英鎊累積型,yfinance,股票型,歐洲(含歐元區)
B24089,2015-02-27,5.940000057220459,英鎊,霸菱德國增長基金-A類英鎊累積型,yfinance,股票型,歐洲(含歐元區)
B24089,2015-03-02,5.986000061035156,英鎊,霸菱德國增長基金-A類英鎊累積型,yfinance,股票型,歐洲(含歐元區)
B24089,2015-03-03,5.968999862670898,英鎊,霸菱德國增長基金-A類英鎊累積型,yfinance,股票型,歐洲(含歐元區)
B24089,2015-03-04,5.889999866485596,英鎊,霸菱德國增長基金-A類英鎊累積型,yfinance,股票型,歐洲(含歐元區)
B24089,2015-03-05,5.989999771118164,英鎊,霸菱德國增長基金-A類英鎊累積型,yfinance,股票型,歐洲(含歐元區)
B24089,2015-03-06,5.989999771118164,英鎊,霸菱德國增長基金-A類英鎊累積型,yfinance,股票型,歐洲(含歐元區)
B24089,2015-03-09,5.991000175476074,英鎊,霸菱德國增長基金-A類英鎊累積型,yfinance,股票型,歐洲(含歐元區)
B24089,2015-03-10,5.914000034332275,英鎊,霸菱德國增長基金-A類英鎊累積型,yfinance,股票型,歐洲(含歐元區)
B24089,2015-03-11,5.939000129699707,英鎊,霸菱德國增長基金-A類英鎊累積型,yfinance,股票型,歐洲(含歐元區)
B24089,2015-03-12,6.039999961853027,英鎊,霸菱德國增長基金-A類英鎊累積型,yfinance,股票型,歐洲(含歐元區)
B24089,2015-03-13,6.077000141143799,英鎊,霸菱德國增長基金-A類英鎊累積型,yfinance,股票型,歐洲(含歐元區)
B24089,2015-03-16,6.170000076293945,英鎊,霸菱德國增長基金-A類英鎊累積型,yfinance,股票型,歐洲(含歐元區)
B24089,2015-03-17,6.175000190734863,英鎊,霸菱德國增長基金-A類英鎊累積型,yfinance,股票型,歐洲(含歐元區)
B24089,2015-03-18,6.156000137329102,英鎊,霸菱德國增長基金-A類英鎊累積型,yfinance,股票型,歐洲(含歐元區)
B24089,2015-03-19,6.116000175476074,英鎊,霸菱德國增長基金-A類英鎊累積型,yfinance,股票型,歐洲(含歐元區)
B24089,2015-03-20,6.236999988555908,英鎊,霸菱德國增長基金-A類英鎊累積型,yfinance,股票型,歐洲(含歐元區)
B24089,2015-03-23,6.224999904632568,英鎊,霸菱德國增長基金-A類英鎊累積型,yfinance,股票型,歐洲(含歐元區)
B24089,2015-03-24,6.263000011444092,英鎊,霸菱德國增長基金-A類英鎊累積型,yfinance,股票型,歐洲(含歐元區)
B24089,2015-03-25,6.2829999923706055,英鎊,霸菱德國增長基金-A類英鎊累積型,yfinance,股票型,歐洲(含歐元區)
B24089,2015-03-26,6.1539998054504395,英鎊,霸菱德國增長基金-A類英鎊累積型,yfinance,股票型,歐洲(含歐元區)
B24089,2015-03-27,6.204999923706055,英鎊,霸菱德國增長基金-A類英鎊累積型,yfinance,股票型,歐洲(含歐元區)
B24089,2015-03-30,6.290999889373779,英鎊,霸菱德國增長基金-A類英鎊累積型,yfinance,股票型,歐洲(含歐元區)
B24089,2015-03-31,6.2179999351501465,英鎊,霸菱德國增長基金-A類英鎊累積型,yfinance,股票型,歐洲(含歐元區)
B24089,2015-04-01,6.289000034332275,英鎊,霸菱德國增長基金-A類英鎊累積型,yfinance,股票型,歐洲(含歐元區)
B24089,2015-04-02,6.28000020980835,英鎊,霸菱德國增長基金-A類英鎊累積型,yfinance,股票型,歐洲(含歐元區)
B24089,2015-04-07,6.293000221252441,英鎊,霸菱德國增長基金-A類英鎊累積型,yfinance,股票型,歐洲(含歐元區)
B24089,2015-04-08,6.284999847412109,英鎊,霸菱德國增長基金-A類英鎊累積型,yfinance,股票型,歐洲(含歐元區)
B24089,2015-04-09,6.323999881744385,英鎊,霸菱德國增長基金-A類英鎊累積型,yfinance,股票型,歐洲(含歐元區)
B24089,2015-04-10,6.388000011444092,英鎊,霸菱德國增長基金-A類英鎊累積型,yfinance,股票型,歐洲(含歐元區)
B24089,2015-04-13,6.386000156402588,英鎊,霸菱德國增長基金-A類英鎊累積型,yfinance,股票型,歐洲(含歐元區)
B24089,2015-04-14,6.357999801635742,英鎊,霸菱德國增長基金-A類英鎊累積型,yfinance,股票型,歐洲(含歐元區)
B24089,2015-04-15,6.339000225067139,英鎊,霸菱德國增長基金-A類英鎊累積型,yfinance,股票型,歐洲(含歐元區)
B24089,2015-04-16,6.261000156402588,英鎊,霸菱德國增長基金-A類英鎊累積型,yfinance,股票型,歐洲(含歐元區)
B24089,2015-04-17,6.117000102996826,英鎊,霸菱德國增長基金-A類英鎊累積型,yfinance,股票型,歐洲(含歐元區)
B24089,2015-04-20,6.170000076293945,英鎊,霸菱德國增長基金-A類英鎊累積型,yfinance,股票型,歐洲(含歐元區)
B24089,2015-04-21,6.191999912261963,英鎊,霸菱德國增長基金-A類英鎊累積型,yfinance,股票型,歐洲(含歐元區)
B24089,2015-04-22,6.138999938964844,英鎊,霸菱德國增長基金-A類英鎊累積型,yfinance,股票型,歐洲(含歐元區)
B24089,2015-04-23,6.117000102996826,英鎊,霸菱德國增長基金-A類英鎊累積型,yfinance,股票型,歐洲(含歐元區)
B24089,2015-04-24,6.125,英鎊,霸菱德國增長基金-A類英鎊累積型,yfinance,股票型,歐洲(含歐元區)
B24089,2015-04-27,6.166999816894531,英鎊,霸菱德國增長基金-A類英鎊累積型,yfinance,股票型,歐洲(含歐元區)
B24089,2015-04-28,6.169000148773193,英鎊,霸菱德國增長基金-A類英鎊累積型,yfinance,股票型,歐洲(含歐元區)
B24089,2015-04-29,6.119999885559082,英鎊,霸菱德國增長基金-A類英鎊累積型,yfinance,股票型,歐洲(含歐元區)
B24089,2015-04-30,6.0279998779296875,英鎊,霸菱德國增長基金-A類英鎊累積型,yfinance,股票型,歐洲(含歐元區)
B24089,2015-05-01,6.140999794006348,英鎊,霸菱德國增長基金-A類英鎊累積型,yfinance,股票型,歐洲(含歐元區)
B24089,2015-05-05,6.195000171661377,英鎊,霸菱德國增長基金-A類英鎊累積型,yfinance,股票型,歐洲(含歐元區)
B24089,2015-05-06,6.122000217437744,英鎊,霸菱德國增長基金-A類英鎊累積型,yfinance,股票型,歐洲(含歐元區)
B24089,2015-05-07,6.078999996185303,英鎊,霸菱德國增長基金-A類英鎊累積型,yfinance,股票型,歐洲(含歐元區)
B24089,2015-05-08,6.078000068664551,英鎊,霸菱德國增長基金-A類英鎊累積型,yfinance,股票型,歐洲(含歐元區)
B24089,2015-05-11,6.104000091552734,英鎊,霸菱德國增長基金-A類英鎊累積型,yfinance,股票型,歐洲(含歐元區)
B24089,2015-05-12,5.980000019073486,英鎊,霸菱德國增長基金-A類英鎊累積型,yfinance,股票型,歐洲(含歐元區)
B24089,2015-05-13,6.061999797821045,英鎊,霸菱德國增長基金-A類英鎊累積型,yfinance,股票型,歐洲(含歐元區)
B24089,2015-05-14,6.019999980926514,英鎊,霸菱德國增長基金-A類英鎊累積型,yfinance,股票型,歐洲(含歐元區)
B24089,2015-05-15,6.11899995803833,英鎊,霸菱德國增長基金-A類英鎊累積型,yfinance,股票型,歐洲(含歐元區)
B24089,2015-05-18,6.123000144958496,英鎊,霸菱德國增長基金-A類英鎊累積型,yfinance,股票型,歐洲(含歐元區)
B24089,2015-05-19,6.211999893188477,英鎊,霸菱德國增長基金-A類英鎊累積型,yfinance,股票型,歐洲(含歐元區)
B24089,2015-05-20,6.165999889373779,英鎊,霸菱德國增長基金-A類英鎊累積型,yfinance,股票型,歐洲(含歐元區)
B24089,2015-05-21,6.130000114440918,英鎊,霸菱德國增長基金-A類英鎊累積型,yfinance,股票型,歐洲(含歐元區)
B24089,2015-05-22,6.179999828338623,英鎊,霸菱德國增長基金-A類英鎊累積型,yfinance,股票型,歐洲(含歐元區)
B24089,2015-05-26,6.098999977111816,英鎊,霸菱德國增長基金-A類英鎊累積型,yfinance,股票型,歐洲(含歐元區)
B24089,2015-05-27,6.065999984741211,英鎊,霸菱德國增長基金-A類英鎊累積型,yfinance,股票型,歐洲(含歐元區)
B24089,2015-05-28,6.145999908447266,英鎊,霸菱德國增長基金-A類英鎊累積型,yfinance,股票型,歐洲(含歐元區)
B24089,2015-05-29,6.142000198364258,英鎊,霸菱德國增長基金-A類英鎊累積型,yfinance,股票型,歐洲(含歐元區)
B24089,2015-06-01,6.038000106811523,英鎊,霸菱德國增長基金-A類英鎊累積型,yfinance,股票型,歐洲(含歐元區)
B24089,2015-06-02,6.066999912261963,英鎊,霸菱德國增長基金-A類英鎊累積型,yfinance,股票型,歐洲(含歐元區)
B24089,2015-06-03,6.105999946594238,英鎊,霸菱德國增長基金-A類英鎊累積型,yfinance,股票型,歐洲(含歐元區)
B24089,2015-06-04,6.107999801635742,英鎊,霸菱德國增長基金-A類英鎊累積型,yfinance,股票型,歐洲(含歐元區)
B24089,2015-06-05,6.046000003814697,英鎊,霸菱德國增長基金-A類英鎊累積型,yfinance,股票型,歐洲(含歐元區)
B24089,2015-06-08,5.995999813079834,英鎊,霸菱德國增長基金-A類英鎊累積型,yfinance,股票型,歐洲(含歐元區)
B24089,2015-06-09,5.951000213623047,英鎊,霸菱德國增長基金-A類英鎊累積型,yfinance,股票型,歐洲(含歐元區)
B24089,2015-06-10,5.9720001220703125,英鎊,霸菱德國增長基金-A類英鎊累積型,yfinance,股票型,歐洲(含歐元區)
B24089,2015-06-11,6.086999893188477,英鎊,霸菱德國增長基金-A類英鎊累積型,yfinance,股票型,歐洲(含歐元區)
B24089,2015-06-12,5.997000217437744,英鎊,霸菱德國增長基金-A類英鎊累積型,yfinance,股票型,歐洲(含歐元區)
B24089,2015-06-15,5.894000053405762,英鎊,霸菱德國增長基金-A類英鎊累積型,yfinance,股票型,歐洲(含歐元區)
B24089,2015-06-16,5.789000034332275,英鎊,霸菱德國增長基金-A類英鎊累積型,yfinance,股票型,歐洲(含歐元區)
B24089,2015-06-17,5.806000232696533,英鎊,霸菱德國增長基金-A類英鎊累積型,yfinance,股票型,歐洲(含歐元區)
B24089,2015-06-18,5.752999782562256,英鎊,霸菱德國增長基金-A類英鎊累積型,yfinance,股票型,歐洲(含歐元區)
B24089,2015-06-19,5.874000072479248,英鎊,霸菱德國增長基金-A類英鎊累積型,yfinance,股票型,歐洲(含歐元區)
B24089,2015-06-22,5.97599983215332,英鎊,霸菱德國增長基金-A類英鎊累積型,yfinance,股票型,歐洲(含歐元區)
B24089,2015-06-23,6.051000118255615,英鎊,霸菱德國增長基金-A類英鎊累積型,yfinance,股票型,歐洲(含歐元區)
B24089,2015-06-24,5.993000030517578,英鎊,霸菱德國增長基金-A類英鎊累積型,yfinance,股票型,歐洲(含歐元區)
B24089,2015-06-25,6.054999828338623,英鎊,霸菱德國增長基金-A類英鎊累積型,yfinance,股票型,歐洲(含歐元區)
B24089,2015-06-26,6.050000190734863,英鎊,霸菱德國增長基金-A類英鎊累積型,yfinance,股票型,歐洲(含歐元區)
B24089,2015-06-29,5.866000175476074,英鎊,霸菱德國增長基金-A類英鎊累積型,yfinance,股票型,歐洲(含歐元區)
B24089,2015-06-30,5.866000175476074,英鎊,霸菱德國增長基金-A類英鎊累積型,yfinance,股票型,歐洲(含歐元區)
B24089,2015-07-01,5.934999942779541,英鎊,霸菱德國增長基金-A類英鎊累積型,yfinance,股票型,歐洲(含歐元區)
B24089,2015-07-02,5.919000148773193,英鎊,霸菱德國增長基金-A類英鎊累積型,yfinance,股票型,歐洲(含歐元區)
B24089,2015-07-03,5.886000156402588,英鎊,霸菱德國增長基金-A類英鎊累積型,yfinance,股票型,歐洲(含歐元區)
B24089,2015-07-06,5.803999900817871,英鎊,霸菱德國增長基金-A類英鎊累積型,yfinance,股票型,歐洲(含歐元區)
B24089,2015-07-07,5.769999980926514,英鎊,霸菱德國增長基金-A類英鎊累積型,yfinance,股票型,歐洲(含歐元區)
B24089,2015-07-08,5.769000053405762,英鎊,霸菱德國增長基金-A類英鎊累積型,yfinance,股票型,歐洲(含歐元區)
B24089,2015-07-09,5.843999862670898,英鎊,霸菱德國增長基金-A類英鎊累積型,yfinance,股票型,歐洲(含歐元區)
B24089,2015-07-10,6.034999847412109,英鎊,霸菱德國增長基金-A類英鎊累積型,yfinance,股票型,歐洲(含歐元區)
B24089,2015-07-13,6.079999923706055,英鎊,霸菱德國增長基金-A類英鎊累積型,yfinance,股票型,歐洲(含歐元區)
B24089,2015-07-14,6.019000053405762,英鎊,霸菱德國增長基金-A類英鎊累積型,yfinance,股票型,歐洲(含歐元區)
B24089,2015-07-15,6.041999816894531,英鎊,霸菱德國增長基金-A類英鎊累積型,yfinance,股票型,歐洲(含歐元區)
B24089,2015-07-16,6.072000026702881,英鎊,霸菱德國增長基金-A類英鎊累積型,yfinance,股票型,歐洲(含歐元區)
B24089,2015-07-17,6.077000141143799,英鎊,霸菱德國增長基金-A類英鎊累積型,yfinance,股票型,歐洲(含歐元區)
B24089,2015-07-20,6.122000217437744,英鎊,霸菱德國增長基金-A類英鎊累積型,yfinance,股票型,歐洲(含歐元區)
B24089,2015-07-21,6.131999969482422,英鎊,霸菱德國增長基金-A類英鎊累積型,yfinance,股票型,歐洲(含歐元區)
B24089,2015-07-22,6.044000148773193,英鎊,霸菱德國增長基金-A類英鎊累積型,yfinance,股票型,歐洲(含歐元區)
B24089,2015-07-23,6.0879998207092285,英鎊,霸菱德國增長基金-A類英鎊累積型,yfinance,股票型,歐洲(含歐元區)
B24089,2015-07-24,6.117000102996826,英鎊,霸菱德國增長基金-A類英鎊累積型,yfinance,股票型,歐洲(含歐元區)
B24089,2015-07-27,6.00600004196167,英鎊,霸菱德國增長基金-A類英鎊累積型,yfinance,股票型,歐洲(含歐元區)
B24089,2015-07-28,5.964000225067139,英鎊,霸菱德國增長基金-A類英鎊累積型,yfinance,股票型,歐洲(含歐元區)
B24089,2015-07-29,5.953000068664551,英鎊,霸菱德國增長基金-A類英鎊累積型,yfinance,股票型,歐洲(含歐元區)
B24089,2015-07-30,5.923999786376953,英鎊,霸菱德國增長基金-A類英鎊累積型,yfinance,股票型,歐洲(含歐元區)
B24089,2015-07-31,5.9670000076293945,英鎊,霸菱德國增長基金-A類英鎊累積型,yfinance,股票型,歐洲(含歐元區)
B24089,2015-08-03,6.019999980926514,英鎊,霸菱德國增長基金-A類英鎊累積型,yfinance,股票型,歐洲(含歐元區)
B24089,2015-08-04,6.039999961853027,英鎊,霸菱德國增長基金-A類英鎊累積型,yfinance,股票型,歐洲(含歐元區)
B24089,2015-08-05,6.072999954223633,英鎊,霸菱德國增長基金-A類英鎊累積型,yfinance,股票型,歐洲(含歐元區)
B24089,2015-08-06,6.125999927520752,英鎊,霸菱德國增長基金-A類英鎊累積型,yfinance,股票型,歐洲(含歐元區)
B24089,2015-08-07,6.093999862670898,英鎊,霸菱德國增長基金-A類英鎊累積型,yfinance,股票型,歐洲(含歐元區)
B24089,2015-08-10,6.0980000495910645,英鎊,霸菱德國增長基金-A類英鎊累積型,yfinance,股票型,歐洲(含歐元區)
B24089,2015-08-11,6.073999881744385,英鎊,霸菱德國增長基金-A類英鎊累積型,yfinance,股票型,歐洲(含歐元區)
B24089,2015-08-12,5.927999973297119,英鎊,霸菱德國增長基金-A類英鎊累積型,yfinance,股票型,歐洲(含歐元區)
B24089,2015-08-13,5.9679999351501465,英鎊,霸菱德國增長基金-A類英鎊累積型,yfinance,股票型,歐洲(含歐元區)
B24089,2015-08-14,5.940000057220459,英鎊,霸菱德國增長基金-A類英鎊累積型,yfinance,股票型,歐洲(含歐元區)
B24089,2015-08-17,5.936999797821045,英鎊,霸菱德國增長基金-A類英鎊累積型,yfinance,股票型,歐洲(含歐元區)
B24089,2015-08-18,5.876999855041504,英鎊,霸菱德國增長基金-A類英鎊累積型,yfinance,股票型,歐洲(含歐元區)
B24089,2015-08-19,5.802000045776367,英鎊,霸菱德國增長基金-A類英鎊累積型,yfinance,股票型,歐洲(含歐元區)
B24089,2015-08-20,5.752999782562256,英鎊,霸菱德國增長基金-A類英鎊累積型,yfinance,股票型,歐洲(含歐元區)
B24089,2015-08-21,5.6620001792907715,英鎊,霸菱德國增長基金-A類英鎊累積型,yfinance,股票型,歐洲(含歐元區)
B24089,2015-08-24,5.4629998207092285,英鎊,霸菱德國增長基金-A類英鎊累積型,yfinance,股票型,歐洲(含歐元區)
B24089,2015-08-25,5.611999988555908,英鎊,霸菱德國增長基金-A類英鎊累積型,yfinance,股票型,歐洲(含歐元區)
B24089,2015-08-26,5.6519999504089355,英鎊,霸菱德國增長基金-A類英鎊累積型,yfinance,股票型,歐洲(含歐元區)
B24089,2015-08-27,5.7769999504089355,英鎊,霸菱德國增長基金-A類英鎊累積型,yfinance,股票型,歐洲(含歐元區)
B24089,2015-08-28,5.770999908447266,英鎊,霸菱德國增長基金-A類英鎊累積型,yfinance,股票型,歐洲(含歐元區)
B24089,2015-09-01,5.685999870300293,英鎊,霸菱德國增長基金-A類英鎊累積型,yfinance,股票型,歐洲(含歐元區)
B24089,2015-09-02,5.7210001945495605,英鎊,霸菱德國增長基金-A類英鎊累積型,yfinance,股票型,歐洲(含歐元區)
B24089,2015-09-03,5.789000034332275,英鎊,霸菱德國增長基金-A類英鎊累積型,yfinance,股票型,歐洲(含歐元區)
B24089,2015-09-04,5.706999778747559,英鎊,霸菱德國增長基金-A類英鎊累積型,yfinance,股票型,歐洲(含歐元區)
B24089,2015-09-07,5.685999870300293,英鎊,霸菱德國增長基金-A類英鎊累積型,yfinance,股票型,歐洲(含歐元區)
B24089,2015-09-08,5.7829999923706055,英鎊,霸菱德國增長基金-A類英鎊累積型,yfinance,股票型,歐洲(含歐元區)
B24089,2015-09-09,5.859000205993652,英鎊,霸菱德國增長基金-A類英鎊累積型,yfinance,股票型,歐洲(含歐元區)
B24089,2015-09-10,5.796000003814697,英鎊,霸菱德國增長基金-A類英鎊累積型,yfinance,股票型,歐洲(含歐元區)
B24089,2015-09-11,5.738999843597412,英鎊,霸菱德國增長基金-A類英鎊累積型,yfinance,股票型,歐洲(含歐元區)
B24089,2015-09-14,5.781000137329102,英鎊,霸菱德國增長基金-A類英鎊累積型,yfinance,股票型,歐洲(含歐元區)
B24089,2015-09-15,5.7769999504089355,英鎊,霸菱德國增長基金-A類英鎊累積型,yfinance,股票型,歐洲(含歐元區)
B24089,2015-09-16,5.7779998779296875,英鎊,霸菱德國增長基金-A類英鎊累積型,yfinance,股票型,歐洲(含歐元區)
B24089,2015-09-17,5.800000190734863,英鎊,霸菱德國增長基金-A類英鎊累積型,yfinance,股票型,歐洲(含歐元區)
B24089,2015-09-18,5.705999851226807,英鎊,霸菱德國增長基金-A類英鎊累積型,yfinance,股票型,歐洲(含歐元區)
B24089,2015-09-21,5.629000186920166,英鎊,霸菱德國增長基金-A類英鎊累積型,yfinance,股票型,歐洲(含歐元區)
B24089,2015-09-22,5.538000106811523,英鎊,霸菱德國增長基金-A類英鎊累積型,yfinance,股票型,歐洲(含歐元區)
B24089,2015-09-23,5.557000160217285,英鎊,霸菱德國增長基金-A類英鎊累積型,yfinance,股票型,歐洲(含歐元區)
B24089,2015-09-24,5.482999801635742,英鎊,霸菱德國增長基金-A類英鎊累積型,yfinance,股票型,歐洲(含歐元區)
B24089,2015-09-25,5.5970001220703125,英鎊,霸菱德國增長基金-A類英鎊累積型,yfinance,股票型,歐洲(含歐元區)
B24089,2015-09-28,5.541999816894531,英鎊,霸菱德國增長基金-A類英鎊累積型,yfinance,股票型,歐洲(含歐元區)
B24089,2015-09-29,5.561999797821045,英鎊,霸菱德國增長基金-A類英鎊累積型,yfinance,股票型,歐洲(含歐元區)
B24089,2015-09-30,5.624000072479248,英鎊,霸菱德國增長基金-A類英鎊累積型,yfinance,股票型,歐洲(含歐元區)
B24089,2015-10-01,5.640999794006348,英鎊,霸菱德國增長基金-A類英鎊累積型,yfinance,股票型,歐洲(含歐元區)
B24089,2015-10-02,5.6479997634887695,英鎊,霸菱德國增長基金-A類英鎊累積型,yfinance,股票型,歐洲(含歐元區)
B24089,2015-10-05,5.710000038146973,英鎊,霸菱德國增長基金-A類英鎊累積型,yfinance,股票型,歐洲(含歐元區)
B24089,2015-10-06,5.756999969482422,英鎊,霸菱德國增長基金-A類英鎊累積型,yfinance,股票型,歐洲(含歐元區)
B24089,2015-10-07,5.760000228881836,英鎊,霸菱德國增長基金-A類英鎊累積型,yfinance,股票型,歐洲(含歐元區)
B24089,2015-10-08,5.752999782562256,英鎊,霸菱德國增長基金-A類英鎊累積型,yfinance,股票型,歐洲(含歐元區)
B24089,2015-10-09,5.849999904632568,英鎊,霸菱德國增長基金-A類英鎊累積型,yfinance,股票型,歐洲(含歐元區)
B24089,2015-10-12,5.8429999351501465,英鎊,霸菱德國增長基金-A類英鎊累積型,yfinance,股票型,歐洲(含歐元區)
B24089,2015-10-13,5.791999816894531,英鎊,霸菱德國增長基金-A類英鎊累積型,yfinance,股票型,歐洲(含歐元區)
B24089,2015-10-14,5.723999977111816,英鎊,霸菱德國增長基金-A類英鎊累積型,yfinance,股票型,歐洲(含歐元區)
B24089,2015-10-15,5.747000217437744,英鎊,霸菱德國增長基金-A類英鎊累積型,yfinance,股票型,歐洲(含歐元區)
B24089,2015-10-16,5.752999782562256,英鎊,霸菱德國增長基金-A類英鎊累積型,yfinance,股票型,歐洲(含歐元區)
B24089,2015-10-19,5.752999782562256,英鎊,霸菱德國增長基金-A類英鎊累積型,yfinance,股票型,歐洲(含歐元區)
B24089,2015-10-20,5.764999866485596,英鎊,霸菱德國增長基金-A類英鎊累積型,yfinance,股票型,歐洲(含歐元區)
B24089,2015-10-21,5.815000057220459,英鎊,霸菱德國增長基金-A類英鎊累積型,yfinance,股票型,歐洲(含歐元區)
B24089,2015-10-22,5.802000045776367,英鎊,霸菱德國增長基金-A類英鎊累積型,yfinance,股票型,歐洲(含歐元區)
B24089,2015-10-23,5.942999839782715,英鎊,霸菱德國增長基金-A類英鎊累積型,yfinance,股票型,歐洲(含歐元區)
B24089,2015-10-26,5.9679999351501465,英鎊,霸菱德國增長基金-A類英鎊累積型,yfinance,股票型,歐洲(含歐元區)
B24089,2015-10-27,5.968999862670898,英鎊,霸菱德國增長基金-A類英鎊累積型,yfinance,股票型,歐洲(含歐元區)
B24089,2015-10-28,5.97599983215332,英鎊,霸菱德國增長基金-A類英鎊累積型,yfinance,股票型,歐洲(含歐元區)
B24089,2015-10-29,5.953999996185303,英鎊,霸菱德國增長基金-A類英鎊累積型,yfinance,股票型,歐洲(含歐元區)
B24089,2015-10-30,5.97599983215332,英鎊,霸菱德國增長基金-A類英鎊累積型,yfinance,股票型,歐洲(含歐元區)
B24089,2015-11-02,6.014999866485596,英鎊,霸菱德國增長基金-A類英鎊累積型,yfinance,股票型,歐洲(含歐元區)
B24089,2015-11-03,5.999000072479248,英鎊,霸菱德國增長基金-A類英鎊累積型,yfinance,股票型,歐洲(含歐元區)
B24089,2015-11-04,5.959000110626221,英鎊,霸菱德國增長基金-A類英鎊累積型,yfinance,股票型,歐洲(含歐元區)
B24089,2015-11-05,5.9770002365112305,英鎊,霸菱德國增長基金-A類英鎊累積型,yfinance,股票型,歐洲(含歐元區)
B24089,2015-11-06,6.051000118255615,英鎊,霸菱德國增長基金-A類英鎊累積型,yfinance,股票型,歐洲(含歐元區)
B24089,2015-11-09,6.046999931335449,英鎊,霸菱德國增長基金-A類英鎊累積型,yfinance,股票型,歐洲(含歐元區)
B24089,2015-11-10,5.953000068664551,英鎊,霸菱德國增長基金-A類英鎊累積型,yfinance,股票型,歐洲(含歐元區)
B24089,2015-11-11,5.986999988555908,英鎊,霸菱德國增長基金-A類英鎊累積型,yfinance,股票型,歐洲(含歐元區)
B24089,2015-11-12,5.916999816894531,英鎊,霸菱德國增長基金-A類英鎊累積型,yfinance,股票型,歐洲(含歐元區)
B24089,2015-11-13,5.875999927520752,英鎊,霸菱德國增長基金-A類英鎊累積型,yfinance,股票型,歐洲(含歐元區)
B24089,2015-11-16,5.886000156402588,英鎊,霸菱德國增長基金-A類英鎊累積型,yfinance,股票型,歐洲(含歐元區)
B24089,2015-11-17,5.934999942779541,英鎊,霸菱德國增長基金-A類英鎊累積型,yfinance,股票型,歐洲(含歐元區)
B24089,2015-11-18,5.934000015258789,英鎊,霸菱德國增長基金-A類英鎊累積型,yfinance,股票型,歐洲(含歐元區)
B24089,2015-11-19,6.013999938964844,英鎊,霸菱德國增長基金-A類英鎊累積型,yfinance,股票型,歐洲(含歐元區)
B24089,2015-11-20,5.980000019073486,英鎊,霸菱德國增長基金-A類英鎊累積型,yfinance,股票型,歐洲(含歐元區)
B24089,2015-11-23,6.03000020980835,英鎊,霸菱德國增長基金-A類英鎊累積型,yfinance,股票型,歐洲(含歐元區)
B24089,2015-11-24,5.965000152587891,英鎊,霸菱德國增長基金-A類英鎊累積型,yfinance,股票型,歐洲(含歐元區)
B24089,2015-11-25,6.007999897003174,英鎊,霸菱德國增長基金-A類英鎊累積型,yfinance,股票型,歐洲(含歐元區)
B24089,2015-11-26,6.125,英鎊,霸菱德國增長基金-A類英鎊累積型,yfinance,股票型,歐洲(含歐元區)
B24089,2015-11-27,6.111999988555908,英鎊,霸菱德國增長基金-A類英鎊累積型,yfinance,股票型,歐洲(含歐元區)
B24089,2015-11-30,6.159999847412109,英鎊,霸菱德國增長基金-A類英鎊累積型,yfinance,股票型,歐洲(含歐元區)
B24089,2015-12-01,6.1579999923706055,英鎊,霸菱德國增長基金-A類英鎊累積型,yfinance,股票型,歐洲(含歐元區)
B24089,2015-12-02,6.1529998779296875,英鎊,霸菱德國增長基金-A類英鎊累積型,yfinance,股票型,歐洲(含歐元區)
B24089,2015-12-03,6.177000045776367,英鎊,霸菱德國增長基金-A類英鎊累積型,yfinance,股票型,歐洲(含歐元區)
B24089,2015-12-04,6.050000190734863,英鎊,霸菱德國增長基金-A類英鎊累積型,yfinance,股票型,歐洲(含歐元區)
B24089,2015-12-07,6.160999774932861,英鎊,霸菱德國增長基金-A類英鎊累積型,yfinance,股票型,歐洲(含歐元區)
B24089,2015-12-08,6.125,英鎊,霸菱德國增長基金-A類英鎊累積型,yfinance,股票型,歐洲(含歐元區)
B24089,2015-12-09,6.077000141143799,英鎊,霸菱德國增長基金-A類英鎊累積型,yfinance,股票型,歐洲(含歐元區)
B24089,2015-12-10,6.019000053405762,英鎊,霸菱德國增長基金-A類英鎊累積型,yfinance,股票型,歐洲(含歐元區)
B24089,2015-12-11,5.938000202178955,英鎊,霸菱德國增長基金-A類英鎊累積型,yfinance,股票型,歐洲(含歐元區)
B24089,2015-12-14,5.901000022888184,英鎊,霸菱德國增長基金-A類英鎊累積型,yfinance,股票型,歐洲(含歐元區)
B24089,2015-12-15,5.938000202178955,英鎊,霸菱德國增長基金-A類英鎊累積型,yfinance,股票型,歐洲(含歐元區)
B24089,2015-12-16,6.044000148773193,英鎊,霸菱德國增長基金-A類英鎊累積型,yfinance,股票型,歐洲(含歐元區)
B24089,2015-12-17,6.171000003814697,英鎊,霸菱德國增長基金-A類英鎊累積型,yfinance,股票型,歐洲(含歐元區)
B24089,2015-12-18,6.072999954223633,英鎊,霸菱德國增長基金-A類英鎊累積型,yfinance,股票型,歐洲(含歐元區)
B24089,2015-12-21,6.103000164031982,英鎊,霸菱德國增長基金-A類英鎊累積型,yfinance,股票型,歐洲(含歐元區)
B24089,2015-12-22,6.050000190734863,英鎊,霸菱德國增長基金-A類英鎊累積型,yfinance,股票型,歐洲(含歐元區)
B24089,2015-12-23,6.11899995803833,英鎊,霸菱德國增長基金-A類英鎊累積型,yfinance,股票型,歐洲(含歐元區)
B24089,2015-12-24,6.145999908447266,英鎊,霸菱德國增長基金-A類英鎊累積型,yfinance,股票型,歐洲(含歐元區)
B24089,2015-12-29,6.239999771118164,英鎊,霸菱德國增長基金-A類英鎊累積型,yfinance,股票型,歐洲(含歐元區)
B24089,2015-12-30,6.228000164031982,英鎊,霸菱德國增長基金-A類英鎊累積型,yfinance,股票型,歐洲(含歐元區)
B24089,2015-12-31,6.189000129699707,英鎊,霸菱德國增長基金-A類英鎊累積型,yfinance,股票型,歐洲(含歐元區)
B09088,2015-01-02,21.920000076293945,歐元,貝萊德市場基金 A2,yfinance,股票型,歐洲(含歐元區)
B09088,2015-01-05,21.25,歐元,貝萊德市場基金 A2,yfinance,股票型,歐洲(含歐元區)
B09088,2015-01-06,21.170000076293945,歐元,貝萊德市場基金 A2,yfinance,股票型,歐洲(含歐元區)
B09088,2015-01-07,21.239999771118164,歐元,貝萊德市場基金 A2,yfinance,股票型,歐洲(含歐元區)
B09088,2015-01-08,21.59000015258789,歐元,貝萊德市場基金 A2,yfinance,股票型,歐洲(含歐元區)
B09088,2015-01-09,21.56999969482422,歐元,貝萊德市場基金 A2,yfinance,股票型,歐洲(含歐元區)
B09088,2015-01-12,21.399999618530273,歐元,貝萊德市場基金 A2,yfinance,股票型,歐洲(含歐元區)
B09088,2015-01-13,22.06999969482422,歐元,貝萊德市場基金 A2,yfinance,股票型,歐洲(含歐元區)
B09088,2015-01-14,21.809999465942383,歐元,貝萊德市場基金 A2,yfinance,股票型,歐洲(含歐元區)
B09088,2015-01-15,22.139999389648438,歐元,貝萊德市場基金 A2,yfinance,股票型,歐洲(含歐元區)
B09088,2015-01-16,22.43000030517578,歐元,貝萊德市場基金 A2,yfinance,股票型,歐洲(含歐元區)
B09088,2015-01-19,22.84000015258789,歐元,貝萊德市場基金 A2,yfinance,股票型,歐洲(含歐元區)
B09088,2015-01-20,22.899999618530273,歐元,貝萊德市場基金 A2,yfinance,股票型,歐洲(含歐元區)
B09088,2015-01-21,22.950000762939453,歐元,貝萊德市場基金 A2,yfinance,股票型,歐洲(含歐元區)
B09088,2015-01-22,23.329999923706055,歐元,貝萊德市場基金 A2,yfinance,股票型,歐洲(含歐元區)
B09088,2015-01-23,23.889999389648438,歐元,貝萊德市場基金 A2,yfinance,股票型,歐洲(含歐元區)
B09088,2015-01-26,24.06999969482422,歐元,貝萊德市場基金 A2,yfinance,股票型,歐洲(含歐元區)
B09088,2015-01-27,23.8700008392334,歐元,貝萊德市場基金 A2,yfinance,股票型,歐洲(含歐元區)
B09088,2015-01-28,23.979999542236328,歐元,貝萊德市場基金 A2,yfinance,股票型,歐洲(含歐元區)
B09088,2015-01-29,23.969999313354492,歐元,貝萊德市場基金 A2,yfinance,股票型,歐洲(含歐元區)
B09088,2015-01-30,23.959999084472656,歐元,貝萊德市場基金 A2,yfinance,股票型,歐洲(含歐元區)
B09088,2015-02-02,23.780000686645508,歐元,貝萊德市場基金 A2,yfinance,股票型,歐洲(含歐元區)
B09088,2015-02-03,24.25,歐元,貝萊德市場基金 A2,yfinance,股票型,歐洲(含歐元區)
B09088,2015-02-04,24.209999084472656,歐元,貝萊德市場基金 A2,yfinance,股票型,歐洲(含歐元區)
B09088,2015-02-05,24.139999389648438,歐元,貝萊德市場基金 A2,yfinance,股票型,歐洲(含歐元區)
B09088,2015-02-06,24.200000762939453,歐元,貝萊德市場基金 A2,yfinance,股票型,歐洲(含歐元區)
B09088,2015-02-09,23.829999923706055,歐元,貝萊德市場基金 A2,yfinance,股票型,歐洲(含歐元區)
B09088,2015-02-10,24.139999389648438,歐元,貝萊德市場基金 A2,yfinance,股票型,歐洲(含歐元區)
B09088,2015-02-11,24.1200008392334,歐元,貝萊德市場基金 A2,yfinance,股票型,歐洲(含歐元區)
B09088,2015-02-12,24.469999313354492,歐元,貝萊德市場基金 A2,yfinance,股票型,歐洲(含歐元區)
B09088,2015-02-13,24.6299991607666,歐元,貝萊德市場基金 A2,yfinance,股票型,歐洲(含歐元區)
B09088,2015-02-16,24.510000228881836,歐元,貝萊德市場基金 A2,yfinance,股票型,歐洲(含歐元區)
B09088,2015-02-17,24.43000030517578,歐元,貝萊德市場基金 A2,yfinance,股票型,歐洲(含歐元區)
B09088,2015-02-18,24.719999313354492,歐元,貝萊德市場基金 A2,yfinance,股票型,歐洲(含歐元區)
B09088,2015-02-19,24.90999984741211,歐元,貝萊德市場基金 A2,yfinance,股票型,歐洲(含歐元區)
B09088,2015-02-20,24.8799991607666,歐元,貝萊德市場基金 A2,yfinance,股票型,歐洲(含歐元區)
B09088,2015-02-23,25.190000534057617,歐元,貝萊德市場基金 A2,yfinance,股票型,歐洲(含歐元區)
B09088,2015-02-24,25.219999313354492,歐元,貝萊德市場基金 A2,yfinance,股票型,歐洲(含歐元區)
B09088,2015-02-25,25.200000762939453,歐元,貝萊德市場基金 A2,yfinance,股票型,歐洲(含歐元區)
B09088,2015-02-26,25.3700008392334,歐元,貝萊德市場基金 A2,yfinance,股票型,歐洲(含歐元區)
B09088,2015-02-27,25.520000457763672,歐元,貝萊德市場基金 A2,yfinance,股票型,歐洲(含歐元區)
B09088,2015-03-02,25.59000015258789,歐元,貝萊德市場基金 A2,yfinance,股票型,歐洲(含歐元區)
B09088,2015-03-03,25.459999084472656,歐元,貝萊德市場基金 A2,yfinance,股票型,歐洲(含歐元區)
B09088,2015-03-04,25.290000915527344,歐元,貝萊德市場基金 A2,yfinance,股票型,歐洲(含歐元區)
B09088,2015-03-05,25.739999771118164,歐元,貝萊德市場基金 A2,yfinance,股票型,歐洲(含歐元區)
B09088,2015-03-06,25.850000381469727,歐元,貝萊德市場基金 A2,yfinance,股票型,歐洲(含歐元區)
B09088,2015-03-09,25.799999237060547,歐元,貝萊德市場基金 A2,yfinance,股票型,歐洲(含歐元區)
B09088,2015-03-10,25.68000030517578,歐元,貝萊德市場基金 A2,yfinance,股票型,歐洲(含歐元區)
B09088,2015-03-11,26.020000457763672,歐元,貝萊德市場基金 A2,yfinance,股票型,歐洲(含歐元區)
B09088,2015-03-12,26.25,歐元,貝萊德市場基金 A2,yfinance,股票型,歐洲(含歐元區)
B09088,2015-03-13,26.239999771118164,歐元,貝萊德市場基金 A2,yfinance,股票型,歐洲(含歐元區)
B09088,2015-03-16,26.739999771118164,歐元,貝萊德市場基金 A2,yfinance,股票型,歐洲(含歐元區)
B09088,2015-03-17,26.3700008392334,歐元,貝萊德市場基金 A2,yfinance,股票型,歐洲(含歐元區)
B09088,2015-03-18,26.399999618530273,歐元,貝萊德市場基金 A2,yfinance,股票型,歐洲(含歐元區)
B09088,2015-03-19,26.40999984741211,歐元,貝萊德市場基金 A2,yfinance,股票型,歐洲(含歐元區)
B09088,2015-03-20,26.850000381469727,歐元,貝萊德市場基金 A2,yfinance,股票型,歐洲(含歐元區)
B09088,2015-03-23,26.6299991607666,歐元,貝萊德市場基金 A2,yfinance,股票型,歐洲(含歐元區)
B09088,2015-03-24,26.889999389648438,歐元,貝萊德市場基金 A2,yfinance,股票型,歐洲(含歐元區)
B09088,2015-03-25,26.68000030517578,歐元,貝萊德市場基金 A2,yfinance,股票型,歐洲(含歐元區)
B09088,2015-03-26,26.260000228881836,歐元,貝萊德市場基金 A2,yfinance,股票型,歐洲(含歐元區)
B09088,2015-03-27,26.8700008392334,歐元,貝萊德市場基金 A2,yfinance,股票型,歐洲(含歐元區)
B09088,2015-03-30,26.90999984741211,歐元,貝萊德市場基金 A2,yfinance,股票型,歐洲(含歐元區)
B09088,2015-03-31,26.6299991607666,歐元,貝萊德市場基金 A2,yfinance,股票型,歐洲(含歐元區)
B09088,2015-04-01,26.690000534057617,歐元,貝萊德市場基金 A2,yfinance,股票型,歐洲(含歐元區)
B09088,2015-04-02,26.790000915527344,歐元,貝萊德市場基金 A2,yfinance,股票型,歐洲(含歐元區)
B09088,2015-04-07,27.18000030517578,歐元,貝萊德市場基金 A2,yfinance,股票型,歐洲(含歐元區)
B09088,2015-04-08,27.170000076293945,歐元,貝萊德市場基金 A2,yfinance,股票型,歐洲(含歐元區)
B09088,2015-04-09,27.40999984741211,歐元,貝萊德市場基金 A2,yfinance,股票型,歐洲(含歐元區)
B09088,2015-04-10,27.549999237060547,歐元,貝萊德市場基金 A2,yfinance,股票型,歐洲(含歐元區)
B09088,2015-04-13,27.65999984741211,歐元,貝萊德市場基金 A2,yfinance,股票型,歐洲(含歐元區)
B09088,2015-04-14,27.459999084472656,歐元,貝萊德市場基金 A2,yfinance,股票型,歐洲(含歐元區)
B09088,2015-04-15,27.649999618530273,歐元,貝萊德市場基金 A2,yfinance,股票型,歐洲(含歐元區)
B09088,2015-04-16,27.31999969482422,歐元,貝萊德市場基金 A2,yfinance,股票型,歐洲(含歐元區)
B09088,2015-04-17,26.809999465942383,歐元,貝萊德市場基金 A2,yfinance,股票型,歐洲(含歐元區)
B09088,2015-04-20,26.90999984741211,歐元,貝萊德市場基金 A2,yfinance,股票型,歐洲(含歐元區)
B09088,2015-04-21,27.1299991607666,歐元,貝萊德市場基金 A2,yfinance,股票型,歐洲(含歐元區)
B09088,2015-04-22,26.90999984741211,歐元,貝萊德市場基金 A2,yfinance,股票型,歐洲(含歐元區)
B09088,2015-04-23,26.850000381469727,歐元,貝萊德市場基金 A2,yfinance,股票型,歐洲(含歐元區)
B09088,2015-04-24,26.920000076293945,歐元,貝萊德市場基金 A2,yfinance,股票型,歐洲(含歐元區)
B09088,2015-04-27,27.3799991607666,歐元,貝萊德市場基金 A2,yfinance,股票型,歐洲(含歐元區)
B09088,2015-04-28,26.90999984741211,歐元,貝萊德市場基金 A2,yfinance,股票型,歐洲(含歐元區)
B09088,2015-04-29,26.559999465942383,歐元,貝萊德市場基金 A2,yfinance,股票型,歐洲(含歐元區)
B09088,2015-04-30,26.3799991607666,歐元,貝萊德市場基金 A2,yfinance,股票型,歐洲(含歐元區)
B09088,2015-05-04,26.649999618530273,歐元,貝萊德市場基金 A2,yfinance,股票型,歐洲(含歐元區)
B09088,2015-05-05,26.350000381469727,歐元,貝萊德市場基金 A2,yfinance,股票型,歐洲(含歐元區)
B09088,2015-05-06,25.90999984741211,歐元,貝萊德市場基金 A2,yfinance,股票型,歐洲(含歐元區)
B09088,2015-05-07,25.959999084472656,歐元,貝萊德市場基金 A2,yfinance,股票型,歐洲(含歐元區)
B09088,2015-05-08,26.6299991607666,歐元,貝萊德市場基金 A2,yfinance,股票型,歐洲(含歐元區)
B09088,2015-05-11,26.760000228881836,歐元,貝萊德市場基金 A2,yfinance,股票型,歐洲(含歐元區)
B09088,2015-05-12,26.399999618530273,歐元,貝萊德市場基金 A2,yfinance,股票型,歐洲(含歐元區)
B09088,2015-05-13,26.649999618530273,歐元,貝萊德市場基金 A2,yfinance,股票型,歐洲(含歐元區)
B09088,2015-05-15,26.81999969482422,歐元,貝萊德市場基金 A2,yfinance,股票型,歐洲(含歐元區)
B09088,2015-05-18,26.739999771118164,歐元,貝萊德市場基金 A2,yfinance,股票型,歐洲(含歐元區)
B09088,2015-05-19,27.3799991607666,歐元,貝萊德市場基金 A2,yfinance,股票型,歐洲(含歐元區)
B09088,2015-05-20,27.40999984741211,歐元,貝萊德市場基金 A2,yfinance,股票型,歐洲(含歐元區)
B09088,2015-05-21,27.40999984741211,歐元,貝萊德市場基金 A2,yfinance,股票型,歐洲(含歐元區)
B09088,2015-05-22,27.459999084472656,歐元,貝萊德市場基金 A2,yfinance,股票型,歐洲(含歐元區)
B09088,2015-05-26,27.190000534057617,歐元,貝萊德市場基金 A2,yfinance,股票型,歐洲(含歐元區)
B09088,2015-05-27,27.3799991607666,歐元,貝萊德市場基金 A2,yfinance,股票型,歐洲(含歐元區)
B09088,2015-05-28,27.3700008392334,歐元,貝萊德市場基金 A2,yfinance,股票型,歐洲(含歐元區)
B09088,2015-05-29,27.200000762939453,歐元,貝萊德市場基金 A2,yfinance,股票型,歐洲(含歐元區)
B09088,2015-06-01,26.969999313354492,歐元,貝萊德市場基金 A2,yfinance,股票型,歐洲(含歐元區)
B09088,2015-06-02,26.760000228881836,歐元,貝萊德市場基金 A2,yfinance,股票型,歐洲(含歐元區)
B09088,2015-06-03,26.790000915527344,歐元,貝萊德市場基金 A2,yfinance,股票型,歐洲(含歐元區)
B09088,2015-06-04,26.729999542236328,歐元,貝萊德市場基金 A2,yfinance,股票型,歐洲(含歐元區)
B09088,2015-06-05,26.25,歐元,貝萊德市場基金 A2,yfinance,股票型,歐洲(含歐元區)
B09088,2015-06-08,25.989999771118164,歐元,貝萊德市場基金 A2,yfinance,股票型,歐洲(含歐元區)
B09088,2015-06-09,25.81999969482422,歐元,貝萊德市場基金 A2,yfinance,股票型,歐洲(含歐元區)
B09088,2015-06-10,26.219999313354492,歐元,貝萊德市場基金 A2,yfinance,股票型,歐洲(含歐元區)
B09088,2015-06-11,26.84000015258789,歐元,貝萊德市場基金 A2,yfinance,股票型,歐洲(含歐元區)
B09088,2015-06-12,26.209999084472656,歐元,貝萊德市場基金 A2,yfinance,股票型,歐洲(含歐元區)
B09088,2015-06-15,25.920000076293945,歐元,貝萊德市場基金 A2,yfinance,股票型,歐洲(含歐元區)
B09088,2015-06-16,26.0,歐元,貝萊德市場基金 A2,yfinance,股票型,歐洲(含歐元區)
B09088,2015-06-17,25.920000076293945,歐元,貝萊德市場基金 A2,yfinance,股票型,歐洲(含歐元區)
B09088,2015-06-18,25.850000381469727,歐元,貝萊德市場基金 A2,yfinance,股票型,歐洲(含歐元區)
B09088,2015-06-19,26.1299991607666,歐元,貝萊德市場基金 A2,yfinance,股票型,歐洲(含歐元區)
B09088,2015-06-22,26.809999465942383,歐元,貝萊德市場基金 A2,yfinance,股票型,歐洲(含歐元區)
B09088,2015-06-24,27.170000076293945,歐元,貝萊德市場基金 A2,yfinance,股票型,歐洲(含歐元區)
B09088,2015-06-25,27.219999313354492,歐元,貝萊德市場基金 A2,yfinance,股票型,歐洲(含歐元區)
B09088,2015-06-26,27.40999984741211,歐元,貝萊德市場基金 A2,yfinance,股票型,歐洲(含歐元區)
B09088,2015-06-29,26.709999084472656,歐元,貝萊德市場基金 A2,yfinance,股票型,歐洲(含歐元區)
B09088,2015-06-30,26.309999465942383,歐元,貝萊德市場基金 A2,yfinance,股票型,歐洲(含歐元區)
B09088,2015-07-01,26.84000015258789,歐元,貝萊德市場基金 A2,yfinance,股票型,歐洲(含歐元區)
B09088,2015-07-02,26.459999084472656,歐元,貝萊德市場基金 A2,yfinance,股票型,歐洲(含歐元區)
B09088,2015-07-03,26.219999313354492,歐元,貝萊德市場基金 A2,yfinance,股票型,歐洲(含歐元區)
B09088,2015-07-06,25.809999465942383,歐元,貝萊德市場基金 A2,yfinance,股票型,歐洲(含歐元區)
B09088,2015-07-07,25.549999237060547,歐元,貝萊德市場基金 A2,yfinance,股票型,歐洲(含歐元區)
B09088,2015-07-08,25.31999969482422,歐元,貝萊德市場基金 A2,yfinance,股票型,歐洲(含歐元區)
B09088,2015-07-09,26.030000686645508,歐元,貝萊德市場基金 A2,yfinance,股票型,歐洲(含歐元區)
B09088,2015-07-10,26.68000030517578,歐元,貝萊德市場基金 A2,yfinance,股票型,歐洲(含歐元區)
B09088,2015-07-13,27.190000534057617,歐元,貝萊德市場基金 A2,yfinance,股票型,歐洲(含歐元區)
B09088,2015-07-14,27.200000762939453,歐元,貝萊德市場基金 A2,yfinance,股票型,歐洲(含歐元區)
B09088,2015-07-15,27.459999084472656,歐元,貝萊德市場基金 A2,yfinance,股票型,歐洲(含歐元區)
B09088,2015-07-16,27.84000015258789,歐元,貝萊德市場基金 A2,yfinance,股票型,歐洲(含歐元區)
B09088,2015-07-17,27.81999969482422,歐元,貝萊德市場基金 A2,yfinance,股票型,歐洲(含歐元區)
B09088,2015-07-20,28.010000228881836,歐元,貝萊德市場基金 A2,yfinance,股票型,歐洲(含歐元區)
B09088,2015-07-21,27.739999771118164,歐元,貝萊德市場基金 A2,yfinance,股票型,歐洲(含歐元區)
B09088,2015-07-22,27.6200008392334,歐元,貝萊德市場基金 A2,yfinance,股票型,歐洲(含歐元區)
B09088,2015-07-23,27.479999542236328,歐元,貝萊德市場基金 A2,yfinance,股票型,歐洲(含歐元區)
B09088,2015-07-24,27.459999084472656,歐元,貝萊德市場基金 A2,yfinance,股票型,歐洲(含歐元區)
B09088,2015-07-27,26.700000762939453,歐元,貝萊德市場基金 A2,yfinance,股票型,歐洲(含歐元區)
B09088,2015-07-28,26.780000686645508,歐元,貝萊德市場基金 A2,yfinance,股票型,歐洲(含歐元區)
B09088,2015-07-29,27.020000457763672,歐元,貝萊德市場基金 A2,yfinance,股票型,歐洲(含歐元區)
B09088,2015-07-30,27.010000228881836,歐元,貝萊德市場基金 A2,yfinance,股票型,歐洲(含歐元區)
B09088,2015-07-31,27.149999618530273,歐元,貝萊德市場基金 A2,yfinance,股票型,歐洲(含歐元區)
B09088,2015-08-03,27.600000381469727,歐元,貝萊德市場基金 A2,yfinance,股票型,歐洲(含歐元區)
B09088,2015-08-04,27.579999923706055,歐元,貝萊德市場基金 A2,yfinance,股票型,歐洲(含歐元區)
B09088,2015-08-05,27.829999923706055,歐元,貝萊德市場基金 A2,yfinance,股票型,歐洲(含歐元區)
B09088,2015-08-06,27.780000686645508,歐元,貝萊德市場基金 A2,yfinance,股票型,歐洲(含歐元區)
B09088,2015-08-07,27.6299991607666,歐元,貝萊德市場基金 A2,yfinance,股票型,歐洲(含歐元區)
B09088,2015-08-10,27.670000076293945,歐元,貝萊德市場基金 A2,yfinance,股票型,歐洲(含歐元區)
B09088,2015-08-11,27.31999969482422,歐元,貝萊德市場基金 A2,yfinance,股票型,歐洲(含歐元區)
B09088,2015-08-12,26.610000610351562,歐元,貝萊德市場基金 A2,yfinance,股票型,歐洲(含歐元區)
B09088,2015-08-13,26.989999771118164,歐元,貝萊德市場基金 A2,yfinance,股票型,歐洲(含歐元區)
B09088,2015-08-14,26.889999389648438,歐元,貝萊德市場基金 A2,yfinance,股票型,歐洲(含歐元區)
B09088,2015-08-17,26.770000457763672,歐元,貝萊德市場基金 A2,yfinance,股票型,歐洲(含歐元區)
B09088,2015-08-18,27.010000228881836,歐元,貝萊德市場基金 A2,yfinance,股票型,歐洲(含歐元區)
B09088,2015-08-19,26.649999618530273,歐元,貝萊德市場基金 A2,yfinance,股票型,歐洲(含歐元區)
B09088,2015-08-20,26.040000915527344,歐元,貝萊德市場基金 A2,yfinance,股票型,歐洲(含歐元區)
B09088,2015-08-21,25.540000915527344,歐元,貝萊德市場基金 A2,yfinance,股票型,歐洲(含歐元區)
B09088,2015-08-24,23.450000762939453,歐元,貝萊德市場基金 A2,yfinance,股票型,歐洲(含歐元區)
B09088,2015-08-25,24.81999969482422,歐元,貝萊德市場基金 A2,yfinance,股票型,歐洲(含歐元區)
B09088,2015-08-26,24.889999389648438,歐元,貝萊德市場基金 A2,yfinance,股票型,歐洲(含歐元區)
B09088,2015-08-27,25.450000762939453,歐元,貝萊德市場基金 A2,yfinance,股票型,歐洲(含歐元區)
B09088,2015-08-28,25.399999618530273,歐元,貝萊德市場基金 A2,yfinance,股票型,歐洲(含歐元區)
B09088,2015-08-31,25.350000381469727,歐元,貝萊德市場基金 A2,yfinance,股票型,歐洲(含歐元區)
B09088,2015-09-01,24.770000457763672,歐元,貝萊德市場基金 A2,yfinance,股票型,歐洲(含歐元區)
B09088,2015-09-02,25.030000686645508,歐元,貝萊德市場基金 A2,yfinance,股票型,歐洲(含歐元區)
B09088,2015-09-03,25.459999084472656,歐元,貝萊德市場基金 A2,yfinance,股票型,歐洲(含歐元區)
B09088,2015-09-04,24.979999542236328,歐元,貝萊德市場基金 A2,yfinance,股票型,歐洲(含歐元區)
B09088,2015-09-07,25.059999465942383,歐元,貝萊德市場基金 A2,yfinance,股票型,歐洲(含歐元區)
B09088,2015-09-08,25.56999969482422,歐元,貝萊德市場基金 A2,yfinance,股票型,歐洲(含歐元區)
B09088,2015-09-09,25.90999984741211,歐元,貝萊德市場基金 A2,yfinance,股票型,歐洲(含歐元區)
B09088,2015-09-10,25.399999618530273,歐元,貝萊德市場基金 A2,yfinance,股票型,歐洲(含歐元區)
B09088,2015-09-11,25.209999084472656,歐元,貝萊德市場基金 A2,yfinance,股票型,歐洲(含歐元區)
B09088,2015-09-14,25.049999237060547,歐元,貝萊德市場基金 A2,yfinance,股票型,歐洲(含歐元區)
B09088,2015-09-15,25.15999984741211,歐元,貝萊德市場基金 A2,yfinance,股票型,歐洲(含歐元區)
B09088,2015-09-16,25.479999542236328,歐元,貝萊德市場基金 A2,yfinance,股票型,歐洲(含歐元區)
B09088,2015-09-17,25.56999969482422,歐元,貝萊德市場基金 A2,yfinance,股票型,歐洲(含歐元區)
B09088,2015-09-18,24.989999771118164,歐元,貝萊德市場基金 A2,yfinance,股票型,歐洲(含歐元區)
B09088,2015-09-21,25.360000610351562,歐元,貝萊德市場基金 A2,yfinance,股票型,歐洲(含歐元區)
B09088,2015-09-22,24.899999618530273,歐元,貝萊德市場基金 A2,yfinance,股票型,歐洲(含歐元區)
B09088,2015-09-23,24.81999969482422,歐元,貝萊德市場基金 A2,yfinance,股票型,歐洲(含歐元區)
B09088,2015-09-24,24.360000610351562,歐元,貝萊德市場基金 A2,yfinance,股票型,歐洲(含歐元區)
B09088,2015-09-25,25.059999465942383,歐元,貝萊德市場基金 A2,yfinance,股票型,歐洲(含歐元區)
B09088,2015-09-28,24.6299991607666,歐元,貝萊德市場基金 A2,yfinance,股票型,歐洲(含歐元區)
B09088,2015-09-29,24.350000381469727,歐元,貝萊德市場基金 A2,yfinance,股票型,歐洲(含歐元區)
B09088,2015-09-30,24.8799991607666,歐元,貝萊德市場基金 A2,yfinance,股票型,歐洲(含歐元區)
B09088,2015-10-01,24.690000534057617,歐元,貝萊德市場基金 A2,yfinance,股票型,歐洲(含歐元區)
B09088,2015-10-02,24.459999084472656,歐元,貝萊德市場基金 A2,yfinance,股票型,歐洲(含歐元區)
B09088,2015-10-05,25.479999542236328,歐元,貝萊德市場基金 A2,yfinance,股票型,歐洲(含歐元區)
B09088,2015-10-06,25.809999465942383,歐元,貝萊德市場基金 A2,yfinance,股票型,歐洲(含歐元區)
B09088,2015-10-07,25.81999969482422,歐元,貝萊德市場基金 A2,yfinance,股票型,歐洲(含歐元區)
B09088,2015-10-08,25.56999969482422,歐元,貝萊德市場基金 A2,yfinance,股票型,歐洲(含歐元區)
B09088,2015-10-09,25.540000915527344,歐元,貝萊德市場基金 A2,yfinance,股票型,歐洲(含歐元區)
B09088,2015-10-12,25.350000381469727,歐元,貝萊德市場基金 A2,yfinance,股票型,歐洲(含歐元區)
B09088,2015-10-13,25.149999618530273,歐元,貝萊德市場基金 A2,yfinance,股票型,歐洲(含歐元區)
B09088,2015-10-14,25.100000381469727,歐元,貝萊德市場基金 A2,yfinance,股票型,歐洲(含歐元區)
B09088,2015-10-15,25.239999771118164,歐元,貝萊德市場基金 A2,yfinance,股票型,歐洲(含歐元區)
B09088,2015-10-16,25.34000015258789,歐元,貝萊德市場基金 A2,yfinance,股票型,歐洲(含歐元區)
B09088,2015-10-19,25.459999084472656,歐元,貝萊德市場基金 A2,yfinance,股票型,歐洲(含歐元區)
B09088,2015-10-20,25.389999389648438,歐元,貝萊德市場基金 A2,yfinance,股票型,歐洲(含歐元區)
B09088,2015-10-21,25.579999923706055,歐元,貝萊德市場基金 A2,yfinance,股票型,歐洲(含歐元區)
B09088,2015-10-22,25.940000534057617,歐元,貝萊德市場基金 A2,yfinance,股票型,歐洲(含歐元區)
B09088,2015-10-23,26.549999237060547,歐元,貝萊德市場基金 A2,yfinance,股票型,歐洲(含歐元區)
B09088,2015-10-26,26.420000076293945,歐元,貝萊德市場基金 A2,yfinance,股票型,歐洲(含歐元區)
B09088,2015-10-27,26.190000534057617,歐元,貝萊德市場基金 A2,yfinance,股票型,歐洲(含歐元區)
B09088,2015-10-28,26.3700008392334,歐元,貝萊德市場基金 A2,yfinance,股票型,歐洲(含歐元區)
B09088,2015-10-29,26.350000381469727,歐元,貝萊德市場基金 A2,yfinance,股票型,歐洲(含歐元區)
B09088,2015-10-30,26.389999389648438,歐元,貝萊德市場基金 A2,yfinance,股票型,歐洲(含歐元區)
B09088,2015-11-02,26.670000076293945,歐元,貝萊德市場基金 A2,yfinance,股票型,歐洲(含歐元區)
B09088,2015-11-03,26.6299991607666,歐元,貝萊德市場基金 A2,yfinance,股票型,歐洲(含歐元區)
B09088,2015-11-04,26.709999084472656,歐元,貝萊德市場基金 A2,yfinance,股票型,歐洲(含歐元區)
B09088,2015-11-05,26.799999237060547,歐元,貝萊德市場基金 A2,yfinance,股票型,歐洲(含歐元區)
B09088,2015-11-06,26.940000534057617,歐元,貝萊德市場基金 A2,yfinance,股票型,歐洲(含歐元區)
B09088,2015-11-09,26.760000228881836,歐元,貝萊德市場基金 A2,yfinance,股票型,歐洲(含歐元區)
B09088,2015-11-10,26.670000076293945,歐元,貝萊德市場基金 A2,yfinance,股票型,歐洲(含歐元區)
B09088,2015-11-11,26.90999984741211,歐元,貝萊德市場基金 A2,yfinance,股票型,歐洲(含歐元區)
B09088,2015-11-12,26.520000457763672,歐元,貝萊德市場基金 A2,yfinance,股票型,歐洲(含歐元區)
B09088,2015-11-13,26.290000915527344,歐元,貝萊德市場基金 A2,yfinance,股票型,歐洲(含歐元區)
B09088,2015-11-16,26.399999618530273,歐元,貝萊德市場基金 A2,yfinance,股票型,歐洲(含歐元區)
B09088,2015-11-17,26.8799991607666,歐元,貝萊德市場基金 A2,yfinance,股票型,歐洲(含歐元區)
B09088,2015-11-18,26.860000610351562,歐元,貝萊德市場基金 A2,yfinance,股票型,歐洲(含歐元區)
B09088,2015-11-19,27.139999389648438,歐元,貝萊德市場基金 A2,yfinance,股票型,歐洲(含歐元區)
B09088,2015-11-20,27.139999389648438,歐元,貝萊德市場基金 A2,yfinance,股票型,歐洲(含歐元區)
B09088,2015-11-23,27.06999969482422,歐元,貝萊德市場基金 A2,yfinance,股票型,歐洲(含歐元區)
B09088,2015-11-24,26.649999618530273,歐元,貝萊德市場基金 A2,yfinance,股票型,歐洲(含歐元區)
B09088,2015-11-25,27.149999618530273,歐元,貝萊德市場基金 A2,yfinance,股票型,歐洲(含歐元區)
B09088,2015-11-26,27.399999618530273,歐元,貝萊德市場基金 A2,yfinance,股票型,歐洲(含歐元區)
B09088,2015-11-27,27.43000030517578,歐元,貝萊德市場基金 A2,yfinance,股票型,歐洲(含歐元區)
B09088,2015-11-30,27.5,歐元,貝萊德市場基金 A2,yfinance,股票型,歐洲(含歐元區)
B09088,2015-12-01,27.489999771118164,歐元,貝萊德市場基金 A2,yfinance,股票型,歐洲(含歐元區)
B09088,2015-12-02,27.559999465942383,歐元,貝萊德市場基金 A2,yfinance,股票型,歐洲(含歐元區)
B09088,2015-12-03,26.8700008392334,歐元,貝萊德市場基金 A2,yfinance,股票型,歐洲(含歐元區)
B09088,2015-12-04,26.600000381469727,歐元,貝萊德市場基金 A2,yfinance,股票型,歐洲(含歐元區)
B09088,2015-12-07,27.010000228881836,歐元,貝萊德市場基金 A2,yfinance,股票型,歐洲(含歐元區)
B09088,2015-12-08,26.440000534057617,歐元,貝萊德市場基金 A2,yfinance,股票型,歐洲(含歐元區)
B09088,2015-12-09,26.329999923706055,歐元,貝萊德市場基金 A2,yfinance,股票型,歐洲(含歐元區)
B09088,2015-12-10,26.219999313354492,歐元,貝萊德市場基金 A2,yfinance,股票型,歐洲(含歐元區)
B09088,2015-12-11,25.65999984741211,歐元,貝萊德市場基金 A2,yfinance,股票型,歐洲(含歐元區)
B09088,2015-12-14,25.6299991607666,歐元,貝萊德市場基金 A2,yfinance,股票型,歐洲(含歐元區)
B09088,2015-12-15,26.020000457763672,歐元,貝萊德市場基金 A2,yfinance,股票型,歐洲(含歐元區)
B09088,2015-12-16,26.209999084472656,歐元,貝萊德市場基金 A2,yfinance,股票型,歐洲(含歐元區)
B09088,2015-12-17,26.610000610351562,歐元,貝萊德市場基金 A2,yfinance,股票型,歐洲(含歐元區)
B09088,2015-12-18,26.229999542236328,歐元,貝萊德市場基金 A2,yfinance,股票型,歐洲(含歐元區)
B09088,2015-12-21,26.280000686645508,歐元,貝萊德市場基金 A2,yfinance,股票型,歐洲(含歐元區)
B09088,2015-12-22,25.989999771118164,歐元,貝萊德市場基金 A2,yfinance,股票型,歐洲(含歐元區)
B09088,2015-12-23,26.40999984741211,歐元,貝萊德市場基金 A2,yfinance,股票型,歐洲(含歐元區)
B09088,2015-12-28,26.350000381469727,歐元,貝萊德市場基金 A2,yfinance,股票型,歐洲(含歐元區)
B09088,2015-12-29,26.719999313354492,歐元,貝萊德市場基金 A2,yfinance,股票型,歐洲(含歐元區)
B09088,2015-12-30,26.649999618530273,歐元,貝萊德市場基金 A2,yfinance,股票型,歐洲(含歐元區)
B14197,2015-01-02,1.1687012910842896,英鎊,富達基金－全球通膨連結債券基金 (Y股英鎊避險),yfinance,債券型,全球市場
B14197,2015-01-05,1.1667805910110474,英鎊,富達基金－全球通膨連結債券基金 (Y股英鎊避險),yfinance,債券型,全球市場
B14197,2015-01-06,1.1648601293563843,英鎊,富達基金－全球通膨連結債券基金 (Y股英鎊避險),yfinance,債券型,全球市場
B14197,2015-01-07,1.1619791984558105,英鎊,富達基金－全球通膨連結債券基金 (Y股英鎊避險),yfinance,債券型,全球市場
B14197,2015-01-08,1.1648601293563843,英鎊,富達基金－全球通膨連結債券基金 (Y股英鎊避險),yfinance,債券型,全球市場
B14197,2015-01-09,1.1658204793930054,英鎊,富達基金－全球通膨連結債券基金 (Y股英鎊避險),yfinance,債券型,全球市場
B14197,2015-01-12,1.1638998985290527,英鎊,富達基金－全球通膨連結債券基金 (Y股英鎊避險),yfinance,債券型,全球市場
B14197,2015-01-13,1.1629396677017212,英鎊,富達基金－全球通膨連結債券基金 (Y股英鎊避險),yfinance,債券型,全球市場
B14197,2015-01-14,1.1658204793930054,英鎊,富達基金－全球通膨連結債券基金 (Y股英鎊避險),yfinance,債券型,全球市場
B14197,2015-01-15,1.1706219911575317,英鎊,富達基金－全球通膨連結債券基金 (Y股英鎊避險),yfinance,債券型,全球市場
B14197,2015-01-16,1.1715824604034424,英鎊,富達基金－全球通膨連結債券基金 (Y股英鎊避險),yfinance,債券型,全球市場
B14197,2015-01-19,1.1706219911575317,英鎊,富達基金－全球通膨連結債券基金 (Y股英鎊避險),yfinance,債券型,全球市場
B14197,2015-01-20,1.1725424528121948,英鎊,富達基金－全球通膨連結債券基金 (Y股英鎊避險),yfinance,債券型,全球市場
B14197,2015-01-21,1.1725424528121948,英鎊,富達基金－全球通膨連結債券基金 (Y股英鎊避險),yfinance,債券型,全球市場
B14197,2015-01-22,1.1725424528121948,英鎊,富達基金－全球通膨連結債券基金 (Y股英鎊避險),yfinance,債券型,全球市場
B14197,2015-01-23,1.1763838529586792,英鎊,富達基金－全球通膨連結債券基金 (Y股英鎊避險),yfinance,債券型,全球市場
B14197,2015-01-26,1.1744632720947266,英鎊,富達基金－全球通膨連結債券基金 (Y股英鎊避險),yfinance,債券型,全球市場
B14197,2015-01-27,1.1763838529586792,英鎊,富達基金－全球通膨連結債券基金 (Y股英鎊避險),yfinance,債券型,全球市場
B14197,2015-01-28,1.1754236221313477,英鎊,富達基金－全球通膨連結債券基金 (Y股英鎊避險),yfinance,債券型,全球市場
B14197,2015-01-29,1.1744632720947266,英鎊,富達基金－全球通膨連結債券基金 (Y股英鎊避險),yfinance,債券型,全球市場
B14197,2015-01-30,1.1783044338226318,英鎊,富達基金－全球通膨連結債券基金 (Y股英鎊避險),yfinance,債券型,全球市場
B14197,2015-02-02,1.181185245513916,英鎊,富達基金－全球通膨連結債券基金 (Y股英鎊避險),yfinance,債券型,全球市場
B14197,2015-02-03,1.181185245513916,英鎊,富達基金－全球通膨連結債券基金 (Y股英鎊避險),yfinance,債券型,全球市場
B14197,2015-02-04,1.1802250146865845,英鎊,富達基金－全球通膨連結債券基金 (Y股英鎊避險),yfinance,債券型,全球市場
B14197,2015-02-05,1.181185245513916,英鎊,富達基金－全球通膨連結債券基金 (Y股英鎊避險),yfinance,債券型,全球市場
B14197,2015-02-06,1.1763838529586792,英鎊,富達基金－全球通膨連結債券基金 (Y股英鎊避險),yfinance,債券型,全球市場
B14197,2015-02-09,1.1773440837860107,英鎊,富達基金－全球通膨連結債券基金 (Y股英鎊避險),yfinance,債券型,全球市場
B14197,2015-02-10,1.1715824604034424,英鎊,富達基金－全球通膨連結債券基金 (Y股英鎊避險),yfinance,債券型,全球市場
B14197,2015-02-11,1.1687012910842896,英鎊,富達基金－全球通膨連結債券基金 (Y股英鎊避險),yfinance,債券型,全球市場
B14197,2015-02-12,1.1706219911575317,英鎊,富達基金－全球通膨連結債券基金 (Y股英鎊避險),yfinance,債券型,全球市場
B14197,2015-02-13,1.1696616411209106,英鎊,富達基金－全球通膨連結債券基金 (Y股英鎊避險),yfinance,債券型,全球市場
B14197,2015-02-16,1.1696616411209106,英鎊,富達基金－全球通膨連結債券基金 (Y股英鎊避險),yfinance,債券型,全球市場
B14197,2015-02-17,1.1687012910842896,英鎊,富達基金－全球通膨連結債券基金 (Y股英鎊避險),yfinance,債券型,全球市場
B14197,2015-02-18,1.1687012910842896,英鎊,富達基金－全球通膨連結債券基金 (Y股英鎊避險),yfinance,債券型,全球市場
B14197,2015-02-19,1.1696616411209106,英鎊,富達基金－全球通膨連結債券基金 (Y股英鎊避險),yfinance,債券型,全球市場
B14197,2015-02-20,1.1715824604034424,英鎊,富達基金－全球通膨連結債券基金 (Y股英鎊避險),yfinance,債券型,全球市場
B14197,2015-02-23,1.1715824604034424,英鎊,富達基金－全球通膨連結債券基金 (Y股英鎊避險),yfinance,債券型,全球市場
B14197,2015-02-24,1.1735029220581055,英鎊,富達基金－全球通膨連結債券基金 (Y股英鎊避險),yfinance,債券型,全球市場
B14197,2015-02-25,1.1735029220581055,英鎊,富達基金－全球通膨連結債券基金 (Y股英鎊避險),yfinance,債券型,全球市場
B14197,2015-02-26,1.1783044338226318,英鎊,富達基金－全球通膨連結債券基金 (Y股英鎊避險),yfinance,債券型,全球市場
B14197,2015-02-27,1.181185245513916,英鎊,富達基金－全球通膨連結債券基金 (Y股英鎊避險),yfinance,債券型,全球市場
B14197,2015-03-02,1.1802250146865845,英鎊,富達基金－全球通膨連結債券基金 (Y股英鎊避險),yfinance,債券型,全球市場
B14197,2015-03-03,1.1783044338226318,英鎊,富達基金－全球通膨連結債券基金 (Y股英鎊避險),yfinance,債券型,全球市場
B14197,2015-03-04,1.179264783859253,英鎊,富達基金－全球通膨連結債券基金 (Y股英鎊避險),yfinance,債券型,全球市場
B14197,2015-03-05,1.179264783859253,英鎊,富達基金－全球通膨連結債券基金 (Y股英鎊避險),yfinance,債券型,全球市場
B14197,2015-03-06,1.1744632720947266,英鎊,富達基金－全球通膨連結債券基金 (Y股英鎊避險),yfinance,債券型,全球市場
B14197,2015-03-09,1.1715824604034424,英鎊,富達基金－全球通膨連結債券基金 (Y股英鎊避險),yfinance,債券型,全球市場
B14197,2015-03-10,1.1706219911575317,英鎊,富達基金－全球通膨連結債券基金 (Y股英鎊避險),yfinance,債券型,全球市場
B14197,2015-03-11,1.1696616411209106,英鎊,富達基金－全球通膨連結債券基金 (Y股英鎊避險),yfinance,債券型,全球市場
B14197,2015-03-12,1.1715824604034424,英鎊,富達基金－全球通膨連結債券基金 (Y股英鎊避險),yfinance,債券型,全球市場
B14197,2015-03-13,1.1677409410476685,英鎊,富達基金－全球通膨連結債券基金 (Y股英鎊避險),yfinance,債券型,全球市場
B14197,2015-03-16,1.1648601293563843,英鎊,富達基金－全球通膨連結債券基金 (Y股英鎊避險),yfinance,債券型,全球市場
B14197,2015-03-17,1.1619791984558105,英鎊,富達基金－全球通膨連結債券基金 (Y股英鎊避險),yfinance,債券型,全球市場
B14197,2015-03-18,1.1648601293563843,英鎊,富達基金－全球通膨連結債券基金 (Y股英鎊避險),yfinance,債券型,全球市場
B14197,2015-03-19,1.1706219911575317,英鎊,富達基金－全球通膨連結債券基金 (Y股英鎊避險),yfinance,債券型,全球市場
B14197,2015-03-20,1.1773440837860107,英鎊,富達基金－全球通膨連結債券基金 (Y股英鎊避險),yfinance,債券型,全球市場
B14197,2015-03-23,1.1754236221313477,英鎊,富達基金－全球通膨連結債券基金 (Y股英鎊避險),yfinance,債券型,全球市場
B14197,2015-03-24,1.1763838529586792,英鎊,富達基金－全球通膨連結債券基金 (Y股英鎊避險),yfinance,債券型,全球市場
B14197,2015-03-25,1.1783044338226318,英鎊,富達基金－全球通膨連結債券基金 (Y股英鎊避險),yfinance,債券型,全球市場
B14197,2015-03-26,1.1773440837860107,英鎊,富達基金－全球通膨連結債券基金 (Y股英鎊避險),yfinance,債券型,全球市場
B14197,2015-03-27,1.1754236221313477,英鎊,富達基金－全球通膨連結債券基金 (Y股英鎊避險),yfinance,債券型,全球市場
B14197,2015-03-30,1.1735029220581055,英鎊,富達基金－全球通膨連結債券基金 (Y股英鎊避險),yfinance,債券型,全球市場
B14197,2015-03-31,1.1754236221313477,英鎊,富達基金－全球通膨連結債券基金 (Y股英鎊避險),yfinance,債券型,全球市場
B14197,2015-04-01,1.1802250146865845,英鎊,富達基金－全球通膨連結債券基金 (Y股英鎊避險),yfinance,債券型,全球市場
B14197,2015-04-02,1.179264783859253,英鎊,富達基金－全球通膨連結債券基金 (Y股英鎊避險),yfinance,債券型,全球市場
B14197,2015-04-07,1.1840661764144897,英鎊,富達基金－全球通膨連結債券基金 (Y股英鎊避險),yfinance,債券型,全球市場
B14197,2015-04-08,1.181185245513916,英鎊,富達基金－全球通膨連結債券基金 (Y股英鎊避險),yfinance,債券型,全球市場
B14197,2015-04-09,1.182145595550537,英鎊,富達基金－全球通膨連結債券基金 (Y股英鎊避險),yfinance,債券型,全球市場
B14197,2015-04-10,1.181185245513916,英鎊,富達基金－全球通膨連結債券基金 (Y股英鎊避險),yfinance,債券型,全球市場
B14197,2015-04-13,1.181185245513916,英鎊,富達基金－全球通膨連結債券基金 (Y股英鎊避險),yfinance,債券型,全球市場
B14197,2015-04-14,1.182145595550537,英鎊,富達基金－全球通膨連結債券基金 (Y股英鎊避險),yfinance,債券型,全球市場
B14197,2015-04-15,1.1850265264511108,英鎊,富達基金－全球通膨連結債券基金 (Y股英鎊避險),yfinance,債券型,全球市場
B14197,2015-04-16,1.1831059455871582,英鎊,富達基金－全球通膨連結債券基金 (Y股英鎊避險),yfinance,債券型,全球市場
B14197,2015-04-17,1.1879074573516846,英鎊,富達基金－全球通膨連結債券基金 (Y股英鎊避險),yfinance,債券型,全球市場
B14197,2015-04-20,1.1869471073150635,英鎊,富達基金－全球通膨連結債券基金 (Y股英鎊避險),yfinance,債券型,全球市場
B14197,2015-04-21,1.1850265264511108,英鎊,富達基金－全球通膨連結債券基金 (Y股英鎊避險),yfinance,債券型,全球市場
B14197,2015-04-22,1.1831059455871582,英鎊,富達基金－全球通膨連結債券基金 (Y股英鎊避險),yfinance,債券型,全球市場
B14197,2015-04-23,1.1840661764144897,英鎊,富達基金－全球通膨連結債券基金 (Y股英鎊避險),yfinance,債券型,全球市場
B14197,2015-04-24,1.1850265264511108,英鎊,富達基金－全球通膨連結債券基金 (Y股英鎊避險),yfinance,債券型,全球市場
B14197,2015-04-27,1.1869471073150635,英鎊,富達基金－全球通膨連結債券基金 (Y股英鎊避險),yfinance,債券型,全球市場
B14197,2015-04-28,1.1840661764144897,英鎊,富達基金－全球通膨連結債券基金 (Y股英鎊避險),yfinance,債券型,全球市場
B14197,2015-04-29,1.1802250146865845,英鎊,富達基金－全球通膨連結債券基金 (Y股英鎊避險),yfinance,債券型,全球市場
B14197,2015-04-30,1.181185245513916,英鎊,富達基金－全球通膨連結債券基金 (Y股英鎊避險),yfinance,債券型,全球市場
B14197,2015-05-01,1.181185245513916,英鎊,富達基金－全球通膨連結債券基金 (Y股英鎊避險),yfinance,債券型,全球市場
B14197,2015-05-05,1.1735029220581055,英鎊,富達基金－全球通膨連結債券基金 (Y股英鎊避險),yfinance,債券型,全球市場
B14197,2015-05-06,1.1706219911575317,英鎊,富達基金－全球通膨連結債券基金 (Y股英鎊避險),yfinance,債券型,全球市場
B14197,2015-05-07,1.1696616411209106,英鎊,富達基金－全球通膨連結債券基金 (Y股英鎊避險),yfinance,債券型,全球市場
B14197,2015-05-08,1.1735029220581055,英鎊,富達基金－全球通膨連結債券基金 (Y股英鎊避險),yfinance,債券型,全球市場
B14197,2015-05-11,1.1706219911575317,英鎊,富達基金－全球通膨連結債券基金 (Y股英鎊避險),yfinance,債券型,全球市場
B14197,2015-05-12,1.1687012910842896,英鎊,富達基金－全球通膨連結債券基金 (Y股英鎊避險),yfinance,債券型,全球市場
B14197,2015-05-13,1.1696616411209106,英鎊,富達基金－全球通膨連結債券基金 (Y股英鎊避險),yfinance,債券型,全球市場
B14197,2015-05-14,1.1706219911575317,英鎊,富達基金－全球通膨連結債券基金 (Y股英鎊避險),yfinance,債券型,全球市場
B14197,2015-05-15,1.1735029220581055,英鎊,富達基金－全球通膨連結債券基金 (Y股英鎊避險),yfinance,債券型,全球市場
B14197,2015-05-18,1.1706219911575317,英鎊,富達基金－全球通膨連結債券基金 (Y股英鎊避險),yfinance,債券型,全球市場
B14197,2015-05-19,1.1706219911575317,英鎊,富達基金－全球通膨連結債券基金 (Y股英鎊避險),yfinance,債券型,全球市場
B14197,2015-05-20,1.1706219911575317,英鎊,富達基金－全球通膨連結債券基金 (Y股英鎊避險),yfinance,債券型,全球市場
B14197,2015-05-21,1.1706219911575317,英鎊,富達基金－全球通膨連結債券基金 (Y股英鎊避險),yfinance,債券型,全球市場
B14197,2015-05-22,1.1706219911575317,英鎊,富達基金－全球通膨連結債券基金 (Y股英鎊避險),yfinance,債券型,全球市場
B14197,2015-05-26,1.1677409410476685,英鎊,富達基金－全球通膨連結債券基金 (Y股英鎊避險),yfinance,債券型,全球市場
B14197,2015-05-27,1.1658204793930054,英鎊,富達基金－全球通膨連結債券基金 (Y股英鎊避險),yfinance,債券型,全球市場
B14197,2015-05-28,1.1658204793930054,英鎊,富達基金－全球通膨連結債券基金 (Y股英鎊避險),yfinance,債券型,全球市場
B14197,2015-05-29,1.1696616411209106,英鎊,富達基金－全球通膨連結債券基金 (Y股英鎊避險),yfinance,債券型,全球市場
B14197,2015-06-01,1.1667805910110474,英鎊,富達基金－全球通膨連結債券基金 (Y股英鎊避險),yfinance,債券型,全球市場
B14197,2015-06-02,1.1638998985290527,英鎊,富達基金－全球通膨連結債券基金 (Y股英鎊避險),yfinance,債券型,全球市場
B14197,2015-06-03,1.1590981483459473,英鎊,富達基金－全球通膨連結債券基金 (Y股英鎊避險),yfinance,債券型,全球市場
B14197,2015-06-04,1.1600584983825684,英鎊,富達基金－全球通膨連結債券基金 (Y股英鎊避險),yfinance,債券型,全球市場
B14197,2015-06-05,1.1600584983825684,英鎊,富達基金－全球通膨連結債券基金 (Y股英鎊避險),yfinance,債券型,全球市場
B14197,2015-06-08,1.1600584983825684,英鎊,富達基金－全球通膨連結債券基金 (Y股英鎊避險),yfinance,債券型,全球市場
B14197,2015-06-09,1.1600584983825684,英鎊,富達基金－全球通膨連結債券基金 (Y股英鎊避險),yfinance,債券型,全球市場
B14197,2015-06-10,1.1590981483459473,英鎊,富達基金－全球通膨連結債券基金 (Y股英鎊避險),yfinance,債券型,全球市場
B14197,2015-06-11,1.1600584983825684,英鎊,富達基金－全球通膨連結債券基金 (Y股英鎊避險),yfinance,債券型,全球市場
B14197,2015-06-12,1.161018967628479,英鎊,富達基金－全球通膨連結債券基金 (Y股英鎊避險),yfinance,債券型,全球市場
B14197,2015-06-15,1.1590981483459473,英鎊,富達基金－全球通膨連結債券基金 (Y股英鎊避險),yfinance,債券型,全球市場
B14197,2015-06-16,1.161018967628479,英鎊,富達基金－全球通膨連結債券基金 (Y股英鎊避險),yfinance,債券型,全球市場
B14197,2015-06-17,1.1600584983825684,英鎊,富達基金－全球通膨連結債券基金 (Y股英鎊避險),yfinance,債券型,全球市場
B14197,2015-06-18,1.1619791984558105,英鎊,富達基金－全球通膨連結債券基金 (Y股英鎊避險),yfinance,債券型,全球市場
B14197,2015-06-19,1.1619791984558105,英鎊,富達基金－全球通膨連結債券基金 (Y股英鎊避險),yfinance,債券型,全球市場
B14197,2015-06-22,1.1629396677017212,英鎊,富達基金－全球通膨連結債券基金 (Y股英鎊避險),yfinance,債券型,全球市場
B14197,2015-06-23,1.1629396677017212,英鎊,富達基金－全球通膨連結債券基金 (Y股英鎊避險),yfinance,債券型,全球市場
B14197,2015-06-24,1.1629396677017212,英鎊,富達基金－全球通膨連結債券基金 (Y股英鎊避險),yfinance,債券型,全球市場
B14197,2015-06-25,1.1619791984558105,英鎊,富達基金－全球通膨連結債券基金 (Y股英鎊避險),yfinance,債券型,全球市場
B14197,2015-06-26,1.1600584983825684,英鎊,富達基金－全球通膨連結債券基金 (Y股英鎊避險),yfinance,債券型,全球市場
B14197,2015-06-29,1.1600584983825684,英鎊,富達基金－全球通膨連結債券基金 (Y股英鎊避險),yfinance,債券型,全球市場
B14197,2015-06-30,1.1629396677017212,英鎊,富達基金－全球通膨連結債券基金 (Y股英鎊避險),yfinance,債券型,全球市場
B14197,2015-07-01,1.161018967628479,英鎊,富達基金－全球通膨連結債券基金 (Y股英鎊避險),yfinance,債券型,全球市場
B14197,2015-07-02,1.1619791984558105,英鎊,富達基金－全球通膨連結債券基金 (Y股英鎊避險),yfinance,債券型,全球市場
B14197,2015-07-03,1.1629396677017212,英鎊,富達基金－全球通膨連結債券基金 (Y股英鎊避險),yfinance,債券型,全球市場
B14197,2015-07-06,1.1619791984558105,英鎊,富達基金－全球通膨連結債券基金 (Y股英鎊避險),yfinance,債券型,全球市場
B14197,2015-07-07,1.1638998985290527,英鎊,富達基金－全球通膨連結債券基金 (Y股英鎊避險),yfinance,債券型,全球市場
B14197,2015-07-08,1.1629396677017212,英鎊,富達基金－全球通膨連結債券基金 (Y股英鎊避險),yfinance,債券型,全球市場
B14197,2015-07-09,1.1619791984558105,英鎊,富達基金－全球通膨連結債券基金 (Y股英鎊避險),yfinance,債券型,全球市場
B14197,2015-07-10,1.1590981483459473,英鎊,富達基金－全球通膨連結債券基金 (Y股英鎊避險),yfinance,債券型,全球市場
B14197,2015-07-13,1.1571775674819946,英鎊,富達基金－全球通膨連結債券基金 (Y股英鎊避險),yfinance,債券型,全球市場
B14197,2015-07-14,1.1571775674819946,英鎊,富達基金－全球通膨連結債券基金 (Y股英鎊避險),yfinance,債券型,全球市場
B14197,2015-07-15,1.1581379175186157,英鎊,富達基金－全球通膨連結債券基金 (Y股英鎊避險),yfinance,債券型,全球市場
B14197,2015-07-16,1.1600584983825684,英鎊,富達基金－全球通膨連結債券基金 (Y股英鎊避險),yfinance,債券型,全球市場
B14197,2015-07-17,1.1600584983825684,英鎊,富達基金－全球通膨連結債券基金 (Y股英鎊避險),yfinance,債券型,全球市場
B14197,2015-07-20,1.1590981483459473,英鎊,富達基金－全球通膨連結債券基金 (Y股英鎊避險),yfinance,債券型,全球市場
B14197,2015-07-21,1.1581379175186157,英鎊,富達基金－全球通膨連結債券基金 (Y股英鎊避險),yfinance,債券型,全球市場
B14197,2015-07-22,1.1600584983825684,英鎊,富達基金－全球通膨連結債券基金 (Y股英鎊避險),yfinance,債券型,全球市場
B14197,2015-07-23,1.1590981483459473,英鎊,富達基金－全球通膨連結債券基金 (Y股英鎊避險),yfinance,債券型,全球市場
B14197,2015-07-24,1.1571775674819946,英鎊,富達基金－全球通膨連結債券基金 (Y股英鎊避險),yfinance,債券型,全球市場
B14197,2015-07-27,1.156217336654663,英鎊,富達基金－全球通膨連結債券基金 (Y股英鎊避險),yfinance,債券型,全球市場
B14197,2015-07-28,1.1581379175186157,英鎊,富達基金－全球通膨連結債券基金 (Y股英鎊避險),yfinance,債券型,全球市場
B14197,2015-07-29,1.156217336654663,英鎊,富達基金－全球通膨連結債券基金 (Y股英鎊避險),yfinance,債券型,全球市場
B14197,2015-07-30,1.1581379175186157,英鎊,富達基金－全球通膨連結債券基金 (Y股英鎊避險),yfinance,債券型,全球市場
B14197,2015-07-31,1.1590981483459473,英鎊,富達基金－全球通膨連結債券基金 (Y股英鎊避險),yfinance,債券型,全球市場
B14197,2015-08-03,1.1572595834732056,英鎊,富達基金－全球通膨連結債券基金 (Y股英鎊避險),yfinance,債券型,全球市場
B14197,2015-08-04,1.1562920808792114,英鎊,富達基金－全球通膨連結債券基金 (Y股英鎊避險),yfinance,債券型,全球市場
B14197,2015-08-05,1.1524217128753662,英鎊,富達基金－全球通膨連結債券基金 (Y股英鎊避險),yfinance,債券型,全球市場
B14197,2015-08-06,1.1514540910720825,英鎊,富達基金－全球通膨連結債券基金 (Y股英鎊避險),yfinance,債券型,全球市場
B14197,2015-08-07,1.1533890962600708,英鎊,富達基金－全球通膨連結債券基金 (Y股英鎊避險),yfinance,債券型,全球市場
B14197,2015-08-10,1.1533890962600708,英鎊,富達基金－全球通膨連結債券基金 (Y股英鎊避險),yfinance,債券型,全球市場
B14197,2015-08-11,1.1533890962600708,英鎊,富達基金－全球通膨連結債券基金 (Y股英鎊避險),yfinance,債券型,全球市場
B14197,2015-08-12,1.1533890962600708,英鎊,富達基金－全球通膨連結債券基金 (Y股英鎊避險),yfinance,債券型,全球市場
B14197,2015-08-13,1.1495188474655151,英鎊,富達基金－全球通膨連結債券基金 (Y股英鎊避險),yfinance,債券型,全球市場
B14197,2015-08-14,1.1495188474655151,英鎊,富達基金－全球通膨連結債券基金 (Y股英鎊避險),yfinance,債券型,全球市場
B14197,2015-08-17,1.1504864692687988,英鎊,富達基金－全球通膨連結債券基金 (Y股英鎊避險),yfinance,債券型,全球市場
B14197,2015-08-18,1.1475836038589478,英鎊,富達基金－全球通膨連結債券基金 (Y股英鎊避險),yfinance,債券型,全球市場
B14197,2015-08-19,1.1456483602523804,英鎊,富達基金－全球通膨連結債券基金 (Y股英鎊避險),yfinance,債券型,全球市場
B14197,2015-08-20,1.1466161012649536,英鎊,富達基金－全球通膨連結債券基金 (Y股英鎊避險),yfinance,債券型,全球市場
B14197,2015-08-21,1.1456483602523804,英鎊,富達基金－全球通膨連結債券基金 (Y股英鎊避險),yfinance,債券型,全球市場
B14197,2015-08-24,1.1417779922485352,英鎊,富達基金－全球通膨連結債券基金 (Y股英鎊避險),yfinance,債券型,全球市場
B14197,2015-08-25,1.1417779922485352,英鎊,富達基金－全球通膨連結債券基金 (Y股英鎊避險),yfinance,債券型,全球市場
B14197,2015-08-26,1.1398428678512573,英鎊,富達基金－全球通膨連結債券基金 (Y股英鎊避險),yfinance,債券型,全球市場
B14197,2015-08-27,1.1417779922485352,英鎊,富達基金－全球通膨連結債券基金 (Y股英鎊避險),yfinance,債券型,全球市場
B14197,2015-08-28,1.1466161012649536,英鎊,富達基金－全球通膨連結債券基金 (Y股英鎊避險),yfinance,債券型,全球市場
B14197,2015-09-01,1.1446806192398071,英鎊,富達基金－全球通膨連結債券基金 (Y股英鎊避險),yfinance,債券型,全球市場
B14197,2015-09-02,1.1437132358551025,英鎊,富達基金－全球通膨連結債券基金 (Y股英鎊避險),yfinance,債券型,全球市場
B14197,2015-09-03,1.1446806192398071,英鎊,富達基金－全球通膨連結債券基金 (Y股英鎊避險),yfinance,債券型,全球市場
B14197,2015-09-04,1.1446806192398071,英鎊,富達基金－全球通膨連結債券基金 (Y股英鎊避險),yfinance,債券型,全球市場
B14197,2015-09-07,1.1437132358551025,英鎊,富達基金－全球通膨連結債券基金 (Y股英鎊避險),yfinance,債券型,全球市場
B14197,2015-09-08,1.1417779922485352,英鎊,富達基金－全球通膨連結債券基金 (Y股英鎊避險),yfinance,債券型,全球市場
B14197,2015-09-09,1.1427456140518188,英鎊,富達基金－全球通膨連結債券基金 (Y股英鎊避險),yfinance,債券型,全球市場
B14197,2015-09-10,1.1427456140518188,英鎊,富達基金－全球通膨連結債券基金 (Y股英鎊避險),yfinance,債券型,全球市場
B14197,2015-09-11,1.1437132358551025,英鎊,富達基金－全球通膨連結債券基金 (Y股英鎊避險),yfinance,債券型,全球市場
B14197,2015-09-14,1.1427456140518188,英鎊,富達基金－全球通膨連結債券基金 (Y股英鎊避險),yfinance,債券型,全球市場
B14197,2015-09-15,1.140810489654541,英鎊,富達基金－全球通膨連結債券基金 (Y股英鎊避險),yfinance,債券型,全球市場
B14197,2015-09-16,1.1417779922485352,英鎊,富達基金－全球通膨連結債券基金 (Y股英鎊避險),yfinance,債券型,全球市場
B14197,2015-09-17,1.1398428678512573,英鎊,富達基金－全球通膨連結債券基金 (Y股英鎊避險),yfinance,債券型,全球市場
B14197,2015-09-18,1.1456483602523804,英鎊,富達基金－全球通膨連結債券基金 (Y股英鎊避險),yfinance,債券型,全球市場
B14197,2015-09-21,1.1446806192398071,英鎊,富達基金－全球通膨連結債券基金 (Y股英鎊避險),yfinance,債券型,全球市場
B14197,2015-09-22,1.1417779922485352,英鎊,富達基金－全球通膨連結債券基金 (Y股英鎊避險),yfinance,債券型,全球市場
B14197,2015-09-23,1.1446806192398071,英鎊,富達基金－全球通膨連結債券基金 (Y股英鎊避險),yfinance,債券型,全球市場
B14197,2015-09-24,1.1437132358551025,英鎊,富達基金－全球通膨連結債券基金 (Y股英鎊避險),yfinance,債券型,全球市場
B14197,2015-09-25,1.1417779922485352,英鎊,富達基金－全球通膨連結債券基金 (Y股英鎊避險),yfinance,債券型,全球市場
B14197,2015-09-28,1.1398428678512573,英鎊,富達基金－全球通膨連結債券基金 (Y股英鎊避險),yfinance,債券型,全球市場
B14197,2015-09-29,1.13790762424469,英鎊,富達基金－全球通膨連結債券基金 (Y股英鎊避險),yfinance,債券型,全球市場
B14197,2015-09-30,1.138875126838684,英鎊,富達基金－全球通膨連結債券基金 (Y股英鎊避險),yfinance,債券型,全球市場
B14197,2015-10-01,1.1446806192398071,英鎊,富達基金－全球通膨連結債券基金 (Y股英鎊避險),yfinance,債券型,全球市場
B14197,2015-10-02,1.1466161012649536,英鎊,富達基金－全球通膨連結債券基金 (Y股英鎊避險),yfinance,債券型,全球市場
B14197,2015-10-05,1.1475836038589478,英鎊,富達基金－全球通膨連結債券基金 (Y股英鎊避險),yfinance,債券型,全球市場
B14197,2015-10-06,1.1485512256622314,英鎊,富達基金－全球通膨連結債券基金 (Y股英鎊避險),yfinance,債券型,全球市場
B14197,2015-10-07,1.1495188474655151,英鎊,富達基金－全球通膨連結債券基金 (Y股英鎊避險),yfinance,債券型,全球市場
B14197,2015-10-08,1.1504864692687988,英鎊,富達基金－全球通膨連結債券基金 (Y股英鎊避險),yfinance,債券型,全球市場
B14197,2015-10-09,1.1495188474655151,英鎊,富達基金－全球通膨連結債券基金 (Y股英鎊避險),yfinance,債券型,全球市場
B14197,2015-10-12,1.1495188474655151,英鎊,富達基金－全球通膨連結債券基金 (Y股英鎊避險),yfinance,債券型,全球市場
B14197,2015-10-13,1.1485512256622314,英鎊,富達基金－全球通膨連結債券基金 (Y股英鎊避險),yfinance,債券型,全球市場
B14197,2015-10-14,1.1485512256622314,英鎊,富達基金－全球通膨連結債券基金 (Y股英鎊避險),yfinance,債券型,全球市場
B14197,2015-10-15,1.1495188474655151,英鎊,富達基金－全球通膨連結債券基金 (Y股英鎊避險),yfinance,債券型,全球市場
B14197,2015-10-16,1.1475836038589478,英鎊,富達基金－全球通膨連結債券基金 (Y股英鎊避險),yfinance,債券型,全球市場
B14197,2015-10-19,1.1466161012649536,英鎊,富達基金－全球通膨連結債券基金 (Y股英鎊避險),yfinance,債券型,全球市場
B14197,2015-10-20,1.1456483602523804,英鎊,富達基金－全球通膨連結債券基金 (Y股英鎊避險),yfinance,債券型,全球市場
B14197,2015-10-21,1.1475836038589478,英鎊,富達基金－全球通膨連結債券基金 (Y股英鎊避險),yfinance,債券型,全球市場
B14197,2015-10-22,1.1495188474655151,英鎊,富達基金－全球通膨連結債券基金 (Y股英鎊避險),yfinance,債券型,全球市場
B14197,2015-10-23,1.1504864692687988,英鎊,富達基金－全球通膨連結債券基金 (Y股英鎊避險),yfinance,債券型,全球市場
B14197,2015-10-26,1.1504864692687988,英鎊,富達基金－全球通膨連結債券基金 (Y股英鎊避險),yfinance,債券型,全球市場
B14197,2015-10-27,1.1514540910720825,英鎊,富達基金－全球通膨連結債券基金 (Y股英鎊避險),yfinance,債券型,全球市場
B14197,2015-10-28,1.1504864692687988,英鎊,富達基金－全球通膨連結債券基金 (Y股英鎊避險),yfinance,債券型,全球市場
B14197,2015-10-29,1.1475836038589478,英鎊,富達基金－全球通膨連結債券基金 (Y股英鎊避險),yfinance,債券型,全球市場
B14197,2015-10-30,1.1485512256622314,英鎊,富達基金－全球通膨連結債券基金 (Y股英鎊避險),yfinance,債券型,全球市場
B14197,2015-11-02,1.1475836038589478,英鎊,富達基金－全球通膨連結債券基金 (Y股英鎊避險),yfinance,債券型,全球市場
B14197,2015-11-03,1.1485512256622314,英鎊,富達基金－全球通膨連結債券基金 (Y股英鎊避險),yfinance,債券型,全球市場
B14197,2015-11-04,1.1466161012649536,英鎊,富達基金－全球通膨連結債券基金 (Y股英鎊避險),yfinance,債券型,全球市場
B14197,2015-11-05,1.1446806192398071,英鎊,富達基金－全球通膨連結債券基金 (Y股英鎊避險),yfinance,債券型,全球市場
B14197,2015-11-06,1.1427456140518188,英鎊,富達基金－全球通膨連結債券基金 (Y股英鎊避險),yfinance,債券型,全球市場
B14197,2015-11-09,1.1456483602523804,英鎊,富達基金－全球通膨連結債券基金 (Y股英鎊避險),yfinance,債券型,全球市場
B14197,2015-11-10,1.1456483602523804,英鎊,富達基金－全球通膨連結債券基金 (Y股英鎊避險),yfinance,債券型,全球市場
B14197,2015-11-11,1.1446806192398071,英鎊,富達基金－全球通膨連結債券基金 (Y股英鎊避險),yfinance,債券型,全球市場
B14197,2015-11-12,1.1427456140518188,英鎊,富達基金－全球通膨連結債券基金 (Y股英鎊避險),yfinance,債券型,全球市場
B14197,2015-11-13,1.1437132358551025,英鎊,富達基金－全球通膨連結債券基金 (Y股英鎊避險),yfinance,債券型,全球市場
B14197,2015-11-16,1.1437132358551025,英鎊,富達基金－全球通膨連結債券基金 (Y股英鎊避險),yfinance,債券型,全球市場
B14197,2015-11-17,1.1437132358551025,英鎊,富達基金－全球通膨連結債券基金 (Y股英鎊避險),yfinance,債券型,全球市場
B14197,2015-11-18,1.1446806192398071,英鎊,富達基金－全球通膨連結債券基金 (Y股英鎊避險),yfinance,債券型,全球市場
B14197,2015-11-19,1.1466161012649536,英鎊,富達基金－全球通膨連結債券基金 (Y股英鎊避險),yfinance,債券型,全球市場
B14197,2015-11-20,1.1495188474655151,英鎊,富達基金－全球通膨連結債券基金 (Y股英鎊避險),yfinance,債券型,全球市場
B14197,2015-11-23,1.1495188474655151,英鎊,富達基金－全球通膨連結債券基金 (Y股英鎊避險),yfinance,債券型,全球市場
B14197,2015-11-24,1.1524217128753662,英鎊,富達基金－全球通膨連結債券基金 (Y股英鎊避險),yfinance,債券型,全球市場
B14197,2015-11-25,1.1504864692687988,英鎊,富達基金－全球通膨連結債券基金 (Y股英鎊避險),yfinance,債券型,全球市場
B14197,2015-11-26,1.1524217128753662,英鎊,富達基金－全球通膨連結債券基金 (Y股英鎊避險),yfinance,債券型,全球市場
B14197,2015-11-27,1.1533890962600708,英鎊,富達基金－全球通膨連結債券基金 (Y股英鎊避險),yfinance,債券型,全球市場
B14197,2015-11-30,1.154356837272644,英鎊,富達基金－全球通膨連結債券基金 (Y股英鎊避險),yfinance,債券型,全球市場
B14197,2015-12-01,1.1553245782852173,英鎊,富達基金－全球通膨連結債券基金 (Y股英鎊避險),yfinance,債券型,全球市場
B14197,2015-12-02,1.154356837272644,英鎊,富達基金－全球通膨連結債券基金 (Y股英鎊避險),yfinance,債券型,全球市場
B14197,2015-12-03,1.1485512256622314,英鎊,富達基金－全球通膨連結債券基金 (Y股英鎊避險),yfinance,債券型,全球市場
B14197,2015-12-04,1.1485512256622314,英鎊,富達基金－全球通膨連結債券基金 (Y股英鎊避險),yfinance,債券型,全球市場
B14197,2015-12-07,1.1466161012649536,英鎊,富達基金－全球通膨連結債券基金 (Y股英鎊避險),yfinance,債券型,全球市場
B14197,2015-12-08,1.1466161012649536,英鎊,富達基金－全球通膨連結債券基金 (Y股英鎊避險),yfinance,債券型,全球市場
B14197,2015-12-09,1.1456483602523804,英鎊,富達基金－全球通膨連結債券基金 (Y股英鎊避險),yfinance,債券型,全球市場
B14197,2015-12-10,1.1437132358551025,英鎊,富達基金－全球通膨連結債券基金 (Y股英鎊避險),yfinance,債券型,全球市場
B14197,2015-12-11,1.1427456140518188,英鎊,富達基金－全球通膨連結債券基金 (Y股英鎊避險),yfinance,債券型,全球市場
B14197,2015-12-14,1.1398428678512573,英鎊,富達基金－全球通膨連結債券基金 (Y股英鎊避險),yfinance,債券型,全球市場
B14197,2015-12-15,1.140810489654541,英鎊,富達基金－全球通膨連結債券基金 (Y股英鎊避險),yfinance,債券型,全球市場
B14197,2015-12-16,1.13790762424469,英鎊,富達基金－全球通膨連結債券基金 (Y股英鎊避險),yfinance,債券型,全球市場
B14197,2015-12-17,1.138875126838684,英鎊,富達基金－全球通膨連結債券基金 (Y股英鎊避險),yfinance,債券型,全球市場
B14197,2015-12-18,1.1417779922485352,英鎊,富達基金－全球通膨連結債券基金 (Y股英鎊避險),yfinance,債券型,全球市場
B14197,2015-12-21,1.1398428678512573,英鎊,富達基金－全球通膨連結債券基金 (Y股英鎊避險),yfinance,債券型,全球市場
B14197,2015-12-22,1.138875126838684,英鎊,富達基金－全球通膨連結債券基金 (Y股英鎊避險),yfinance,債券型,全球市場
B14197,2015-12-23,1.138875126838684,英鎊,富達基金－全球通膨連結債券基金 (Y股英鎊避險),yfinance,債券型,全球市場
B14197,2015-12-24,1.1398428678512573,英鎊,富達基金－全球通膨連結債券基金 (Y股英鎊避險),yfinance,債券型,全球市場
B14197,2015-12-29,1.1417779922485352,英鎊,富達基金－全球通膨連結債券基金 (Y股英鎊避險),yfinance,債券型,全球市場
B14197,2015-12-30,1.140810489654541,英鎊,富達基金－全球通膨連結債券基金 (Y股英鎊避險),yfinance,債券型,全球市場
B14197,2015-12-31,1.1417779922485352,英鎊,富達基金－全球通膨連結債券基金 (Y股英鎊避險),yfinance,債券型,全球市場
B24080,2015-01-02,108.06755065917969,英鎊,霸菱大東協基金 - A類英鎊配息型,yfinance,股票型,亞洲地區
B24080,2015-01-05,108.22947692871094,英鎊,霸菱大東協基金 - A類英鎊配息型,yfinance,股票型,亞洲地區
B24080,2015-01-06,107.2489242553711,英鎊,霸菱大東協基金 - A類英鎊配息型,yfinance,股票型,亞洲地區
B24080,2015-01-07,108.50835418701172,英鎊,霸菱大東協基金 - A類英鎊配息型,yfinance,股票型,亞洲地區
B24080,2015-01-08,110.98222351074219,英鎊,霸菱大東協基金 - A類英鎊配息型,yfinance,股票型,亞洲地區
B24080,2015-01-09,110.39749908447266,英鎊,霸菱大東協基金 - A類英鎊配息型,yfinance,股票型,亞洲地區
B24080,2015-01-12,110.27154541015625,英鎊,霸菱大東協基金 - A類英鎊配息型,yfinance,股票型,亞洲地區
B24080,2015-01-13,110.2805404663086,英鎊,霸菱大東協基金 - A類英鎊配息型,yfinance,股票型,亞洲地區
B24080,2015-01-14,109.64183807373047,英鎊,霸菱大東協基金 - A類英鎊配息型,yfinance,股票型,亞洲地區
B24080,2015-01-15,109.13807678222656,英鎊,霸菱大東協基金 - A類英鎊配息型,yfinance,股票型,亞洲地區
B24080,2015-01-16,110.02864837646484,英鎊,霸菱大東協基金 - A類英鎊配息型,yfinance,股票型,亞洲地區
B24080,2015-01-19,110.12760925292969,英鎊,霸菱大東協基金 - A類英鎊配息型,yfinance,股票型,亞洲地區
B24080,2015-01-20,110.30753326416016,英鎊,霸菱大東協基金 - A類英鎊配息型,yfinance,股票型,亞洲地區
B24080,2015-01-21,111.30606079101562,英鎊,霸菱大東協基金 - A類英鎊配息型,yfinance,股票型,亞洲地區
B24080,2015-01-22,111.81885528564453,英鎊,霸菱大東協基金 - A類英鎊配息型,yfinance,股票型,亞洲地區
B24080,2015-01-23,114.78748321533203,英鎊,霸菱大東協基金 - A類英鎊配息型,yfinance,股票型,亞洲地區
B24080,2015-01-26,113.85192108154297,英鎊,霸菱大東協基金 - A類英鎊配息型,yfinance,股票型,亞洲地區
B24080,2015-01-27,114.22974395751953,英鎊,霸菱大東協基金 - A類英鎊配息型,yfinance,股票型,亞洲地區
B24080,2015-01-28,113.1052474975586,英鎊,霸菱大東協基金 - A類英鎊配息型,yfinance,股票型,亞洲地區
B24080,2015-01-29,112.84437561035156,英鎊,霸菱大東協基金 - A類英鎊配息型,yfinance,股票型,亞洲地區
B24080,2015-01-30,113.04226684570312,英鎊,霸菱大東協基金 - A類英鎊配息型,yfinance,股票型,亞洲地區
B24080,2015-02-02,113.15923309326172,英鎊,霸菱大東協基金 - A類英鎊配息型,yfinance,股票型,亞洲地區
B24080,2015-02-03,113.18620300292969,英鎊,霸菱大東協基金 - A類英鎊配息型,yfinance,股票型,亞洲地區
B24080,2015-02-04,112.8533706665039,英鎊,霸菱大東協基金 - A類英鎊配息型,yfinance,股票型,亞洲地區
B24080,2015-02-05,112.26863861083984,英鎊,霸菱大東協基金 - A類英鎊配息型,yfinance,股票型,亞洲地區
B24080,2015-02-06,112.9883041381836,英鎊,霸菱大東協基金 - A類英鎊配息型,yfinance,股票型,亞洲地區
B24080,2015-02-09,113.41110229492188,英鎊,霸菱大東協基金 - A類英鎊配息型,yfinance,股票型,亞洲地區
B24080,2015-02-10,113.04226684570312,英鎊,霸菱大東協基金 - A類英鎊配息型,yfinance,股票型,亞洲地區
B24080,2015-02-11,112.43057250976562,英鎊,霸菱大東協基金 - A類英鎊配息型,yfinance,股票型,亞洲地區
B24080,2015-02-12,111.45000457763672,英鎊,霸菱大東協基金 - A類英鎊配息型,yfinance,股票型,亞洲地區
B24080,2015-02-13,111.5579605102539,英鎊,霸菱大東協基金 - A類英鎊配息型,yfinance,股票型,亞洲地區
B24080,2015-02-16,111.56694793701172,英鎊,霸菱大東協基金 - A類英鎊配息型,yfinance,股票型,亞洲地區
B24080,2015-02-17,111.1351547241211,英鎊,霸菱大東協基金 - A類英鎊配息型,yfinance,股票型,亞洲地區
B24080,2015-02-18,111.49498748779297,英鎊,霸菱大東協基金 - A類英鎊配息型,yfinance,股票型,亞洲地區
B24080,2015-02-19,111.41403198242188,英鎊,霸菱大東協基金 - A類英鎊配息型,yfinance,股票型,亞洲地區
B24080,2015-02-20,112.19666290283203,英鎊,霸菱大東協基金 - A類英鎊配息型,yfinance,股票型,亞洲地區
B24080,2015-02-23,112.0257568359375,英鎊,霸菱大東協基金 - A類英鎊配息型,yfinance,股票型,亞洲地區
B24080,2015-02-24,111.98076629638672,英鎊,霸菱大東協基金 - A類英鎊配息型,yfinance,股票型,亞洲地區
B24080,2015-02-25,112.08869934082031,英鎊,霸菱大東協基金 - A類英鎊配息型,yfinance,股票型,亞洲地區
B24080,2015-02-26,112.07071685791016,英鎊,霸菱大東協基金 - A類英鎊配息型,yfinance,股票型,亞洲地區
B24080,2015-02-27,112.09771728515625,英鎊,霸菱大東協基金 - A類英鎊配息型,yfinance,股票型,亞洲地區
B24080,2015-03-02,112.28662109375,英鎊,霸菱大東協基金 - A類英鎊配息型,yfinance,股票型,亞洲地區
B24080,2015-03-03,112.43057250976562,英鎊,霸菱大東協基金 - A類英鎊配息型,yfinance,股票型,亞洲地區
B24080,2015-03-04,112.67344665527344,英鎊,霸菱大東協基金 - A類英鎊配息型,yfinance,股票型,亞洲地區
B24080,2015-03-05,113.11425018310547,英鎊,霸菱大東協基金 - A類英鎊配息型,yfinance,股票型,亞洲地區
B24080,2015-03-06,114.62555694580078,英鎊,霸菱大東協基金 - A類英鎊配息型,yfinance,股票型,亞洲地區
B24080,2015-03-09,113.42011260986328,英鎊,霸菱大東協基金 - A類英鎊配息型,yfinance,股票型,亞洲地區
B24080,2015-03-10,113.06926727294922,英鎊,霸菱大東協基金 - A類英鎊配息型,yfinance,股票型,亞洲地區
B24080,2015-03-11,112.11570739746094,英鎊,霸菱大東協基金 - A類英鎊配息型,yfinance,股票型,亞洲地區
B24080,2015-03-12,113.11425018310547,英鎊,霸菱大東協基金 - A類英鎊配息型,yfinance,股票型,亞洲地區
B24080,2015-03-13,114.22974395751953,英鎊,霸菱大東協基金 - A類英鎊配息型,yfinance,股票型,亞洲地區
B24080,2015-03-16,113.86089324951172,英鎊,霸菱大東協基金 - A類英鎊配息型,yfinance,股票型,亞洲地區
B24080,2015-03-18,115.45318603515625,英鎊,霸菱大東協基金 - A類英鎊配息型,yfinance,股票型,亞洲地區
B24080,2015-03-19,114.62555694580078,英鎊,霸菱大東協基金 - A類英鎊配息型,yfinance,股票型,亞洲地區
B24080,2015-03-20,115.57910919189453,英鎊,霸菱大東協基金 - A類英鎊配息型,yfinance,股票型,亞洲地區
B24080,2015-03-23,115.15630340576172,英鎊,霸菱大東協基金 - A類英鎊配息型,yfinance,股票型,亞洲地區
B24080,2015-03-24,115.44417572021484,英鎊,霸菱大東協基金 - A類英鎊配息型,yfinance,股票型,亞洲地區
B24080,2015-03-25,114.94940948486328,英鎊,霸菱大東協基金 - A類英鎊配息型,yfinance,股票型,亞洲地區
B24080,2015-03-26,114.22974395751953,英鎊,霸菱大東協基金 - A類英鎊配息型,yfinance,股票型,亞洲地區
B24080,2015-03-27,114.23872375488281,英鎊,霸菱大東協基金 - A類英鎊配息型,yfinance,股票型,亞洲地區
B24080,2015-03-30,114.87743377685547,英鎊,霸菱大東協基金 - A類英鎊配息型,yfinance,股票型,亞洲地區
B24080,2015-03-31,116.06489562988281,英鎊,霸菱大東協基金 - A類英鎊配息型,yfinance,股票型,亞洲地區
B24080,2015-04-01,116.98246765136719,英鎊,霸菱大東協基金 - A類英鎊配息型,yfinance,股票型,亞洲地區
B24080,2015-04-02,117.30632019042969,英鎊,霸菱大東協基金 - A類英鎊配息型,yfinance,股票型,亞洲地區
B24080,2015-04-07,117.81010437011719,英鎊,霸菱大東協基金 - A類英鎊配息型,yfinance,股票型,亞洲地區
B24080,2015-04-08,117.09044647216797,英鎊,霸菱大東協基金 - A類英鎊配息型,yfinance,股票型,亞洲地區
B24080,2015-04-09,118.13394927978516,英鎊,霸菱大東協基金 - A類英鎊配息型,yfinance,股票型,亞洲地區
B24080,2015-04-10,119.32140350341797,英鎊,霸菱大東協基金 - A類英鎊配息型,yfinance,股票型,亞洲地區
B24080,2015-04-13,118.76365661621094,英鎊,霸菱大東協基金 - A類英鎊配息型,yfinance,股票型,亞洲地區
B24080,2015-04-14,118.53877258300781,英鎊,霸菱大東協基金 - A類英鎊配息型,yfinance,股票型,亞洲地區
B24080,2015-04-15,118.17891693115234,英鎊,霸菱大東協基金 - A類英鎊配息型,yfinance,股票型,亞洲地區
B24080,2015-04-16,118.1519546508789,英鎊,霸菱大東協基金 - A類英鎊配息型,yfinance,股票型,亞洲地區
B24080,2015-04-17,117.2973403930664,英鎊,霸菱大東協基金 - A類英鎊配息型,yfinance,股票型,亞洲地區
B24080,2015-04-20,117.51323699951172,英鎊,霸菱大東協基金 - A類英鎊配息型,yfinance,股票型,亞洲地區
B24080,2015-04-21,117.8460693359375,英鎊,霸菱大東協基金 - A類英鎊配息型,yfinance,股票型,亞洲地區
B24080,2015-04-22,116.53267669677734,英鎊,霸菱大東協基金 - A類英鎊配息型,yfinance,股票型,亞洲地區
B24080,2015-04-23,116.50568389892578,英鎊,霸菱大東協基金 - A類英鎊配息型,yfinance,股票型,亞洲地區
B24080,2015-04-24,116.523681640625,英鎊,霸菱大東協基金 - A類英鎊配息型,yfinance,股票型,亞洲地區
B24080,2015-04-27,114.95840454101562,英鎊,霸菱大東協基金 - A類英鎊配息型,yfinance,股票型,亞洲地區
B24080,2015-04-28,112.934326171875,英鎊,霸菱大東協基金 - A類英鎊配息型,yfinance,股票型,亞洲地區
B24080,2015-04-29,111.40501403808594,英鎊,霸菱大東協基金 - A類英鎊配息型,yfinance,股票型,亞洲地區
B24080,2015-04-30,110.91924285888672,英鎊,霸菱大東協基金 - A類英鎊配息型,yfinance,股票型,亞洲地區
B24080,2015-05-01,111.89168548583984,英鎊,霸菱大東協基金 - A類英鎊配息型,yfinance,股票型,亞洲地區
B24080,2015-05-05,112.7959213256836,英鎊,霸菱大東協基金 - A類英鎊配息型,yfinance,股票型,亞洲地區
B24080,2015-05-06,111.81029510498047,英鎊,霸菱大東協基金 - A類英鎊配息型,yfinance,股票型,亞洲地區
B24080,2015-05-07,110.80659484863281,英鎊,霸菱大東協基金 - A類英鎊配息型,yfinance,股票型,亞洲地區
B24080,2015-05-08,109.73052978515625,英鎊,霸菱大東協基金 - A類英鎊配息型,yfinance,股票型,亞洲地區
B24080,2015-05-11,109.0975570678711,英鎊,霸菱大東協基金 - A類英鎊配息型,yfinance,股票型,亞洲地區
B24080,2015-05-12,107.3885269165039,英鎊,霸菱大東協基金 - A類英鎊配息型,yfinance,股票型,亞洲地區
B24080,2015-05-13,108.17521667480469,英鎊,霸菱大東協基金 - A類英鎊配息型,yfinance,股票型,亞洲地區
B24080,2015-05-14,107.79544067382812,英鎊,霸菱大東協基金 - A類英鎊配息型,yfinance,股票型,亞洲地區
B24080,2015-05-15,108.58214569091797,英鎊,霸菱大東協基金 - A類英鎊配息型,yfinance,股票型,亞洲地區
B24080,2015-05-18,109.26935577392578,英鎊,霸菱大東協基金 - A類英鎊配息型,yfinance,股票型,亞洲地區
B24080,2015-05-19,110.52627563476562,英鎊,霸菱大東協基金 - A類英鎊配息型,yfinance,股票型,亞洲地區
B24080,2015-05-20,110.2459487915039,英鎊,霸菱大東協基金 - A類英鎊配息型,yfinance,股票型,亞洲地區
B24080,2015-05-21,109.07042694091797,英鎊,霸菱大東協基金 - A類英鎊配息型,yfinance,股票型,亞洲地區
B24080,2015-05-22,109.67628479003906,英鎊,霸菱大東協基金 - A類英鎊配息型,yfinance,股票型,亞洲地區
B24080,2015-05-26,109.30553436279297,英鎊,霸菱大東協基金 - A類英鎊配息型,yfinance,股票型,亞洲地區
B24080,2015-05-27,108.18425750732422,英鎊,霸菱大東協基金 - A類英鎊配息型,yfinance,股票型,亞洲地區
B24080,2015-05-28,108.41938018798828,英鎊,霸菱大東協基金 - A類英鎊配息型,yfinance,股票型,亞洲地區
B24080,2015-05-29,109.18798828125,英鎊,霸菱大東協基金 - A類英鎊配息型,yfinance,股票型,亞洲地區
B24080,2015-06-02,108.0938491821289,英鎊,霸菱大東協基金 - A類英鎊配息型,yfinance,股票型,亞洲地區
B24080,2015-06-03,107.524169921875,英鎊,霸菱大東協基金 - A類英鎊配息型,yfinance,股票型,亞洲地區
B24080,2015-06-04,106.61992645263672,英鎊,霸菱大東協基金 - A類英鎊配息型,yfinance,股票型,亞洲地區
B24080,2015-06-05,107.86778259277344,英鎊,霸菱大東協基金 - A類英鎊配息型,yfinance,股票型,亞洲地區
B24080,2015-06-08,106.67417907714844,英鎊,霸菱大東協基金 - A類英鎊配息型,yfinance,股票型,亞洲地區
B24080,2015-06-09,105.19121551513672,英鎊,霸菱大東協基金 - A類英鎊配息型,yfinance,股票型,亞洲地區
B24080,2015-06-10,104.98323822021484,英鎊,霸菱大東協基金 - A類英鎊配息型,yfinance,股票型,亞洲地區
B24080,2015-06-11,105.32685089111328,英鎊,霸菱大東協基金 - A類英鎊配息型,yfinance,股票型,亞洲地區
B24080,2015-06-12,104.72098541259766,英鎊,霸菱大東協基金 - A類英鎊配息型,yfinance,股票型,亞洲地區
B24080,2015-06-15,103.33748626708984,英鎊,霸菱大東協基金 - A類英鎊配息型,yfinance,股票型,亞洲地區
B24080,2015-06-16,103.0210189819336,英鎊,霸菱大東協基金 - A類英鎊配息型,yfinance,股票型,亞洲地區
B24080,2015-06-17,102.88538360595703,英鎊,霸菱大東協基金 - A類英鎊配息型,yfinance,股票型,亞洲地區
B24080,2015-06-18,102.28856658935547,英鎊,霸菱大東協基金 - A類英鎊配息型,yfinance,股票型,亞洲地區
B24080,2015-06-19,102.16197967529297,英鎊,霸菱大東協基金 - A類英鎊配息型,yfinance,股票型,亞洲地區
B24080,2015-06-22,103.19281768798828,英鎊,霸菱大東協基金 - A類英鎊配息型,yfinance,股票型,亞洲地區
B24080,2015-06-23,103.14759826660156,英鎊,霸菱大東協基金 - A類英鎊配息型,yfinance,股票型,亞洲地區
B24080,2015-06-24,103.31941223144531,英鎊,霸菱大東協基金 - A類英鎊配息型,yfinance,股票型,亞洲地區
B24080,2015-06-25,103.39175415039062,英鎊,霸菱大東協基金 - A類英鎊配息型,yfinance,股票型,亞洲地區
B24080,2015-06-26,102.95771026611328,英鎊,霸菱大東協基金 - A類英鎊配息型,yfinance,股票型,亞洲地區
B24080,2015-06-29,102.05348205566406,英鎊,霸菱大東協基金 - A類英鎊配息型,yfinance,股票型,亞洲地區
B24080,2015-06-30,102.28856658935547,英鎊,霸菱大東協基金 - A類英鎊配息型,yfinance,股票型,亞洲地區
B24080,2015-07-01,103.04814910888672,英鎊,霸菱大東協基金 - A類英鎊配息型,yfinance,股票型,亞洲地區
B24080,2015-07-02,103.72632598876953,英鎊,霸菱大東協基金 - A類英鎊配息型,yfinance,股票型,亞洲地區
B24080,2015-07-03,103.90718841552734,英鎊,霸菱大東協基金 - A類英鎊配息型,yfinance,股票型,亞洲地區
B24080,2015-07-06,103.24706268310547,英鎊,霸菱大東協基金 - A類英鎊配息型,yfinance,股票型,亞洲地區
B24080,2015-07-07,104.1784439086914,英鎊,霸菱大東協基金 - A類英鎊配息型,yfinance,股票型,亞洲地區
B24080,2015-07-08,103.53643035888672,英鎊,霸菱大東協基金 - A類英鎊配息型,yfinance,股票型,亞洲地區
B24080,2015-07-09,103.60877227783203,英鎊,霸菱大東協基金 - A類英鎊配息型,yfinance,股票型,亞洲地區
B24080,2015-07-10,103.17473602294922,英鎊,霸菱大東協基金 - A類英鎊配息型,yfinance,股票型,亞洲地區
B24080,2015-07-13,104.02472686767578,英鎊,霸菱大東協基金 - A類英鎊配息型,yfinance,股票型,亞洲地區
B24080,2015-07-14,103.62686157226562,英鎊,霸菱大東協基金 - A類英鎊配息型,yfinance,股票型,亞洲地區
B24080,2015-07-15,102.92153930664062,英鎊,霸菱大東協基金 - A類英鎊配息型,yfinance,股票型,亞洲地區
B24080,2015-07-16,103.07527160644531,英鎊,霸菱大東協基金 - A類英鎊配息型,yfinance,股票型,亞洲地區
B24080,2015-07-17,103.2561264038086,英鎊,霸菱大東協基金 - A類英鎊配息型,yfinance,股票型,亞洲地區
B24080,2015-07-20,103.04814910888672,英鎊,霸菱大東協基金 - A類英鎊配息型,yfinance,股票型,亞洲地區
B24080,2015-07-21,102.94866943359375,英鎊,霸菱大東協基金 - A類英鎊配息型,yfinance,股票型,亞洲地區
B24080,2015-07-22,103.04814910888672,英鎊,霸菱大東協基金 - A類英鎊配息型,yfinance,股票型,亞洲地區
B24080,2015-07-23,102.81303405761719,英鎊,霸菱大東協基金 - A類英鎊配息型,yfinance,股票型,亞洲地區
B24080,2015-07-24,102.84015655517578,英鎊,霸菱大東協基金 - A類英鎊配息型,yfinance,股票型,亞洲地區
B24080,2015-07-27,101.26675415039062,英鎊,霸菱大東協基金 - A類英鎊配息型,yfinance,股票型,亞洲地區
B24080,2015-07-28,99.9013671875,英鎊,霸菱大東協基金 - A類英鎊配息型,yfinance,股票型,亞洲地區
B24080,2015-07-29,99.98274230957031,英鎊,霸菱大東協基金 - A類英鎊配息型,yfinance,股票型,亞洲地區
B24080,2015-07-30,99.44923400878906,英鎊,霸菱大東協基金 - A類英鎊配息型,yfinance,股票型,亞洲地區
B24080,2015-07-31,100.00987243652344,英鎊,霸菱大東協基金 - A類英鎊配息型,yfinance,股票型,亞洲地區
B24080,2015-08-04,99.91039276123047,英鎊,霸菱大東協基金 - A類英鎊配息型,yfinance,股票型,亞洲地區
B24080,2015-08-05,100.33539581298828,英鎊,霸菱大東協基金 - A類英鎊配息型,yfinance,股票型,亞洲地區
B24080,2015-08-06,100.1726303100586,英鎊,霸菱大東協基金 - A類英鎊配息型,yfinance,股票型,亞洲地區
B24080,2015-08-07,100.08219909667969,英鎊,霸菱大東協基金 - A類英鎊配息型,yfinance,股票型,亞洲地區
B24080,2015-08-10,100.19975280761719,英鎊,霸菱大東協基金 - A類英鎊配息型,yfinance,股票型,亞洲地區
B24080,2015-08-11,97.71307373046875,英鎊,霸菱大東協基金 - A類英鎊配息型,yfinance,股票型,亞洲地區
B24080,2015-08-12,94.53012084960938,英鎊,霸菱大東協基金 - A類英鎊配息型,yfinance,股票型,亞洲地區
B24080,2015-08-13,95.80510711669922,英鎊,霸菱大東協基金 - A類英鎊配息型,yfinance,股票型,亞洲地區
B24080,2015-08-14,95.868408203125,英鎊,霸菱大東協基金 - A類英鎊配息型,yfinance,股票型,亞洲地區
B24080,2015-08-17,94.85565948486328,英鎊,霸菱大東協基金 - A類英鎊配息型,yfinance,股票型,亞洲地區
B24080,2015-08-18,93.18278503417969,英鎊,霸菱大東協基金 - A類英鎊配息型,yfinance,股票型,亞洲地區
B24080,2015-08-19,93.57162475585938,英鎊,霸菱大東協基金 - A類英鎊配息型,yfinance,股票型,亞洲地區
B24080,2015-08-20,92.6764144897461,英鎊,霸菱大東協基金 - A類英鎊配息型,yfinance,股票型,亞洲地區
B24080,2015-08-21,90.8950424194336,英鎊,霸菱大東協基金 - A類英鎊配息型,yfinance,股票型,亞洲地區
B24080,2015-08-24,85.83124542236328,英鎊,霸菱大東協基金 - A類英鎊配息型,yfinance,股票型,亞洲地區
B24080,2015-08-25,88.968994140625,英鎊,霸菱大東協基金 - A類英鎊配息型,yfinance,股票型,亞洲地區
B24080,2015-08-26,88.46261596679688,英鎊,霸菱大東協基金 - A類英鎊配息型,yfinance,股票型,亞洲地區
B24080,2015-08-27,93.35459899902344,英鎊,霸菱大東協基金 - A類英鎊配息型,yfinance,股票型,亞洲地區
B24080,2015-08-28,92.83917236328125,英鎊,霸菱大東協基金 - A類英鎊配息型,yfinance,股票型,亞洲地區
B24080,2015-09-01,91.89875793457031,英鎊,霸菱大東協基金 - A類英鎊配息型,yfinance,股票型,亞洲地區
B24080,2015-09-02,92.0615234375,英鎊,霸菱大東協基金 - A類英鎊配息型,yfinance,股票型,亞洲地區
B24080,2015-09-03,92.53173828125,英鎊,霸菱大東協基金 - A類英鎊配息型,yfinance,股票型,亞洲地區
B24080,2015-09-04,91.78120422363281,英鎊,霸菱大東協基金 - A類英鎊配息型,yfinance,股票型,亞洲地區
B24080,2015-09-07,89.99078369140625,英鎊,霸菱大東協基金 - A類英鎊配息型,yfinance,股票型,亞洲地區
B24080,2015-09-08,90.99449920654297,英鎊,霸菱大東協基金 - A類英鎊配息型,yfinance,股票型,亞洲地區
B24080,2015-09-09,91.38333129882812,英鎊,霸菱大東協基金 - A類英鎊配息型,yfinance,股票型,亞洲地區
B24080,2015-09-10,90.46100616455078,英鎊,霸菱大東協基金 - A類英鎊配息型,yfinance,股票型,亞洲地區
B24080,2015-09-11,89.93653869628906,英鎊,霸菱大東協基金 - A類英鎊配息型,yfinance,股票型,亞洲地區
B24080,2015-09-14,90.44291687011719,英鎊,霸菱大東協基金 - A類英鎊配息型,yfinance,股票型,亞洲地區
B24080,2015-09-15,90.04505157470703,英鎊,霸菱大東協基金 - A類英鎊配息型,yfinance,股票型,亞洲地區
B24080,2015-09-16,90.25302124023438,英鎊,霸菱大東協基金 - A類英鎊配息型,yfinance,股票型,亞洲地區
B24080,2015-09-17,90.72322845458984,英鎊,霸菱大東協基金 - A類英鎊配息型,yfinance,股票型,亞洲地區
B24080,2015-09-18,90.7865219116211,英鎊,霸菱大東協基金 - A類英鎊配息型,yfinance,股票型,亞洲地區
B24080,2015-09-21,90.46100616455078,英鎊,霸菱大東協基金 - A類英鎊配息型,yfinance,股票型,亞洲地區
B24080,2015-09-22,88.94187927246094,英鎊,霸菱大東協基金 - A類英鎊配息型,yfinance,股票型,亞洲地區
B24080,2015-09-23,90.11739349365234,英鎊,霸菱大東協基金 - A類英鎊配息型,yfinance,股票型,亞洲地區
B24080,2015-09-24,89.2312240600586,英鎊,霸菱大東協基金 - A類英鎊配息型,yfinance,股票型,亞洲地區
B24080,2015-09-25,89.33973693847656,英鎊,霸菱大東協基金 - A類英鎊配息型,yfinance,股票型,亞洲地區
B24080,2015-09-28,87.97431945800781,英鎊,霸菱大東協基金 - A類英鎊配息型,yfinance,股票型,亞洲地區
B24080,2015-09-29,88.1642074584961,英鎊,霸菱大東協基金 - A類英鎊配息型,yfinance,股票型,亞洲地區
B24080,2015-09-30,88.86952209472656,英鎊,霸菱大東協基金 - A類英鎊配息型,yfinance,股票型,亞洲地區
B24080,2015-10-01,89.42112731933594,英鎊,霸菱大東協基金 - A類英鎊配息型,yfinance,股票型,亞洲地區
B24080,2015-10-02,89.05940246582031,英鎊,霸菱大東協基金 - A類英鎊配息型,yfinance,股票型,亞洲地區
B24080,2015-10-05,91.42854309082031,英鎊,霸菱大東協基金 - A類英鎊配息型,yfinance,股票型,亞洲地區
B24080,2015-10-06,92.93864440917969,英鎊,霸菱大東協基金 - A類英鎊配息型,yfinance,股票型,亞洲地區
B24080,2015-10-07,94.98223876953125,英鎊,霸菱大東協基金 - A類英鎊配息型,yfinance,股票型,亞洲地區
B24080,2015-10-08,94.20459747314453,英鎊,霸菱大東協基金 - A類英鎊配息型,yfinance,股票型,亞洲地區
B24080,2015-10-09,97.06200408935547,英鎊,霸菱大東協基金 - A類英鎊配息型,yfinance,股票型,亞洲地區
B24080,2015-10-12,97.48700714111328,英鎊,霸菱大東協基金 - A類英鎊配息型,yfinance,股票型,亞洲地區
B24080,2015-10-13,96.0944595336914,英鎊,霸菱大東協基金 - A類英鎊配息型,yfinance,股票型,亞洲地區
B24080,2015-10-14,95.4886245727539,英鎊,霸菱大東協基金 - A類英鎊配息型,yfinance,股票型,亞洲地區
B24080,2015-10-15,96.3657455444336,英鎊,霸菱大東協基金 - A類英鎊配息型,yfinance,股票型,亞洲地區
B24080,2015-10-16,96.38382720947266,英鎊,霸菱大東協基金 - A類英鎊配息型,yfinance,股票型,亞洲地區
B24080,2015-10-19,96.582763671875,英鎊,霸菱大東協基金 - A類英鎊配息型,yfinance,股票型,亞洲地區
B24080,2015-10-20,96.48330688476562,英鎊,霸菱大東協基金 - A類英鎊配息型,yfinance,股票型,亞洲地區
B24080,2015-10-21,96.6008529663086,英鎊,霸菱大東協基金 - A類英鎊配息型,yfinance,股票型,亞洲地區
B24080,2015-10-22,96.582763671875,英鎊,霸菱大東協基金 - A類英鎊配息型,yfinance,股票型,亞洲地區
B24080,2015-10-23,98.3550796508789,英鎊,霸菱大東協基金 - A類英鎊配息型,yfinance,股票型,亞洲地區
B24080,2015-10-27,98.26466369628906,英鎊,霸菱大東協基金 - A類英鎊配息型,yfinance,股票型,亞洲地區
B24080,2015-10-28,98.23753356933594,英鎊,霸菱大東協基金 - A類英鎊配息型,yfinance,股票型,亞洲地區
B24080,2015-10-29,96.54658508300781,英鎊,霸菱大東協基金 - A類英鎊配息型,yfinance,股票型,亞洲地區
B24080,2015-10-30,95.92266082763672,英鎊,霸菱大東協基金 - A類英鎊配息型,yfinance,股票型,亞洲地區
B24080,2015-11-02,95.41627502441406,英鎊,霸菱大東協基金 - A類英鎊配息型,yfinance,股票型,亞洲地區
B24080,2015-11-03,96.99871826171875,英鎊,霸菱大東協基金 - A類英鎊配息型,yfinance,股票型,亞洲地區
B24080,2015-11-04,98.16519165039062,英鎊,霸菱大東協基金 - A類英鎊配息型,yfinance,股票型,亞洲地區
B24080,2015-11-05,97.8758316040039,英鎊,霸菱大東協基金 - A類英鎊配息型,yfinance,股票型,亞洲地區
B24080,2015-11-06,99.12370300292969,英鎊,霸菱大東協基金 - A類英鎊配息型,yfinance,股票型,亞洲地區
B24080,2015-11-09,97.76734161376953,英鎊,霸菱大東協基金 - A類英鎊配息型,yfinance,股票型,亞洲地區
B24080,2015-11-10,97.61360168457031,英鎊,霸菱大東協基金 - A類英鎊配息型,yfinance,股票型,亞洲地區
B24080,2015-11-11,97.17051696777344,英鎊,霸菱大東協基金 - A類英鎊配息型,yfinance,股票型,亞洲地區
B24080,2015-11-12,96.85403442382812,英鎊,霸菱大東協基金 - A類英鎊配息型,yfinance,股票型,亞洲地區
B24080,2015-11-13,96.42903137207031,英鎊,霸菱大東協基金 - A類英鎊配息型,yfinance,股票型,亞洲地區
B24080,2015-11-16,96.02214050292969,英鎊,霸菱大東協基金 - A類英鎊配息型,yfinance,股票型,亞洲地區
B24080,2015-11-17,96.51946258544922,英鎊,霸菱大東協基金 - A類英鎊配息型,yfinance,股票型,亞洲地區
B24080,2015-11-18,95.96786499023438,英鎊,霸菱大東協基金 - A類英鎊配息型,yfinance,股票型,亞洲地區
B24080,2015-11-19,96.50138854980469,英鎊,霸菱大東協基金 - A類英鎊配息型,yfinance,股票型,亞洲地區
B24080,2015-11-20,97.75828552246094,英鎊,霸菱大東協基金 - A類英鎊配息型,yfinance,股票型,亞洲地區
B24080,2015-11-23,97.99339294433594,英鎊,霸菱大東協基金 - A類英鎊配息型,yfinance,股票型,亞洲地區
B24080,2015-11-24,98.55402374267578,英鎊,霸菱大東協基金 - A類英鎊配息型,yfinance,股票型,亞洲地區
B24080,2015-11-25,99.14178466796875,英鎊,霸菱大東協基金 - A類英鎊配息型,yfinance,股票型,亞洲地區
B24080,2015-11-26,98.34605407714844,英鎊,霸菱大東協基金 - A類英鎊配息型,yfinance,股票型,亞洲地區
B24080,2015-11-27,97.48700714111328,英鎊,霸菱大東協基金 - A類英鎊配息型,yfinance,股票型,亞洲地區
B24080,2015-11-30,96.98968505859375,英鎊,霸菱大東協基金 - A類英鎊配息型,yfinance,股票型,亞洲地區
B24080,2015-12-01,97.95722961425781,英鎊,霸菱大東協基金 - A類英鎊配息型,yfinance,股票型,亞洲地區
B24080,2015-12-02,98.2104263305664,英鎊,霸菱大東協基金 - A類英鎊配息型,yfinance,股票型,亞洲地區
B24080,2015-12-03,98.36412811279297,英鎊,霸菱大東協基金 - A類英鎊配息型,yfinance,股票型,亞洲地區
B24080,2015-12-04,96.96253967285156,英鎊,霸菱大東協基金 - A類英鎊配息型,yfinance,股票型,亞洲地區
B24080,2015-12-07,97.59552764892578,英鎊,霸菱大東協基金 - A類英鎊配息型,yfinance,股票型,亞洲地區
B24080,2015-12-08,96.76361846923828,英鎊,霸菱大東協基金 - A類英鎊配息型,yfinance,股票型,亞洲地區
B24080,2015-12-09,95.94979095458984,英鎊,霸菱大東協基金 - A類英鎊配息型,yfinance,股票型,亞洲地區
B24080,2015-12-10,95.1902084350586,英鎊,霸菱大東協基金 - A類英鎊配息型,yfinance,股票型,亞洲地區
B24080,2015-12-11,93.9423599243164,英鎊,霸菱大東協基金 - A類英鎊配息型,yfinance,股票型,亞洲地區
B24080,2015-12-14,93.30033111572266,英鎊,霸菱大東協基金 - A類英鎊配息型,yfinance,股票型,亞洲地區
B24080,2015-12-15,93.91523742675781,英鎊,霸菱大東協基金 - A類英鎊配息型,yfinance,股票型,亞洲地區
B24080,2015-12-16,95.6333236694336,英鎊,霸菱大東協基金 - A類英鎊配息型,yfinance,股票型,亞洲地區
B24080,2015-12-17,97.33329772949219,英鎊,霸菱大東協基金 - A類英鎊配息型,yfinance,股票型,亞洲地區
B24080,2015-12-18,96.4380874633789,英鎊,霸菱大東協基金 - A類英鎊配息型,yfinance,股票型,亞洲地區
B24080,2015-12-21,96.79978942871094,英鎊,霸菱大東協基金 - A類英鎊配息型,yfinance,股票型,亞洲地區
B24080,2015-12-22,97.90296936035156,英鎊,霸菱大東協基金 - A類英鎊配息型,yfinance,股票型,亞洲地區
B24080,2015-12-23,98.10189056396484,英鎊,霸菱大東協基金 - A類英鎊配息型,yfinance,股票型,亞洲地區
B24080,2015-12-24,98.04766082763672,英鎊,霸菱大東協基金 - A類英鎊配息型,yfinance,股票型,亞洲地區
B24080,2015-12-30,99.7024154663086,英鎊,霸菱大東協基金 - A類英鎊配息型,yfinance,股票型,亞洲地區
B24080,2015-12-31,99.66625213623047,英鎊,霸菱大東協基金 - A類英鎊配息型,yfinance,股票型,亞洲地區
B19161,2015-01-02,50.6151008605957,英鎊,瑞銀 (盧森堡) 歐元非投資等級債券基金 (歐元) (英鎊避險) (月配息),yfinance,債券型,全球市場
B19161,2015-01-05,50.620277404785156,英鎊,瑞銀 (盧森堡) 歐元非投資等級債券基金 (歐元) (英鎊避險) (月配息),yfinance,債券型,全球市場
B19161,2015-01-06,50.57364273071289,英鎊,瑞銀 (盧森堡) 歐元非投資等級債券基金 (歐元) (英鎊避險) (月配息),yfinance,債券型,全球市場
B19161,2015-01-07,50.563289642333984,英鎊,瑞銀 (盧森堡) 歐元非投資等級債券基金 (歐元) (英鎊避險) (月配息),yfinance,債券型,全球市場
B19161,2015-01-08,50.620277404785156,英鎊,瑞銀 (盧森堡) 歐元非投資等級債券基金 (歐元) (英鎊避險) (月配息),yfinance,債券型,全球市場
B19161,2015-01-09,50.6617317199707,英鎊,瑞銀 (盧森堡) 歐元非投資等級債券基金 (歐元) (英鎊避險) (月配息),yfinance,債券型,全球市場
B19161,2015-01-12,50.69279861450195,英鎊,瑞銀 (盧森堡) 歐元非投資等級債券基金 (歐元) (英鎊避險) (月配息),yfinance,債券型,全球市場
B19161,2015-01-13,50.7187385559082,英鎊,瑞銀 (盧森堡) 歐元非投資等級債券基金 (歐元) (英鎊避險) (月配息),yfinance,債券型,全球市場
B19161,2015-01-14,50.73423767089844,英鎊,瑞銀 (盧森堡) 歐元非投資等級債券基金 (歐元) (英鎊避險) (月配息),yfinance,債券型,全球市場
B19161,2015-01-15,50.75510025024414,英鎊,瑞銀 (盧森堡) 歐元非投資等級債券基金 (歐元) (英鎊避險) (月配息),yfinance,債券型,全球市場
B19161,2015-01-16,50.73946762084961,英鎊,瑞銀 (盧森堡) 歐元非投資等級債券基金 (歐元) (英鎊避險) (月配息),yfinance,債券型,全球市場
B19161,2015-01-19,50.79159927368164,英鎊,瑞銀 (盧森堡) 歐元非投資等級債券基金 (歐元) (英鎊避險) (月配息),yfinance,債券型,全球市場
B19161,2015-01-20,50.86453628540039,英鎊,瑞銀 (盧森堡) 歐元非投資等級債券基金 (歐元) (英鎊避險) (月配息),yfinance,債券型,全球市場
B19161,2015-01-21,50.91144943237305,英鎊,瑞銀 (盧森堡) 歐元非投資等級債券基金 (歐元) (英鎊避險) (月配息),yfinance,債券型,全球市場
B19161,2015-01-22,51.010467529296875,英鎊,瑞銀 (盧森堡) 歐元非投資等級債券基金 (歐元) (英鎊避險) (月配息),yfinance,債券型,全球市場
B19161,2015-01-23,51.208473205566406,英鎊,瑞銀 (盧森堡) 歐元非投資等級債券基金 (歐元) (英鎊避險) (月配息),yfinance,債券型,全球市場
B19161,2015-01-26,51.2606086730957,英鎊,瑞銀 (盧森堡) 歐元非投資等級債券基金 (歐元) (英鎊避險) (月配息),yfinance,債券型,全球市場
B19161,2015-01-27,51.2762451171875,英鎊,瑞銀 (盧森堡) 歐元非投資等級債券基金 (歐元) (英鎊避險) (月配息),yfinance,債券型,全球市場
B19161,2015-01-28,51.2606086730957,英鎊,瑞銀 (盧森堡) 歐元非投資等級債券基金 (歐元) (英鎊避險) (月配息),yfinance,債券型,全球市場
B19161,2015-01-29,51.2241325378418,英鎊,瑞銀 (盧森堡) 歐元非投資等級債券基金 (歐元) (英鎊避險) (月配息),yfinance,債券型,全球市場
B19161,2015-01-30,51.23457336425781,英鎊,瑞銀 (盧森堡) 歐元非投資等級債券基金 (歐元) (英鎊避險) (月配息),yfinance,債券型,全球市場
B19161,2015-02-02,51.2137336730957,英鎊,瑞銀 (盧森堡) 歐元非投資等級債券基金 (歐元) (英鎊避險) (月配息),yfinance,債券型,全球市場
B19161,2015-02-03,51.297115325927734,英鎊,瑞銀 (盧森堡) 歐元非投資等級債券基金 (歐元) (英鎊避險) (月配息),yfinance,債券型,全球市場
B19161,2015-02-04,51.338783264160156,英鎊,瑞銀 (盧森堡) 歐元非投資等級債券基金 (歐元) (英鎊避險) (月配息),yfinance,債券型,全球市場
B19161,2015-02-05,51.34921646118164,英鎊,瑞銀 (盧森堡) 歐元非投資等級債券基金 (歐元) (英鎊避險) (月配息),yfinance,債券型,全球市場
B19161,2015-02-06,51.41176986694336,英鎊,瑞銀 (盧森堡) 歐元非投資等級債券基金 (歐元) (英鎊避險) (月配息),yfinance,債券型,全球市場
B19161,2015-02-09,51.39089584350586,英鎊,瑞銀 (盧森堡) 歐元非投資等級債券基金 (歐元) (英鎊避險) (月配息),yfinance,債券型,全球市場
B19161,2015-02-10,51.41176986694336,英鎊,瑞銀 (盧森堡) 歐元非投資等級債券基金 (歐元) (英鎊避險) (月配息),yfinance,債券型,全球市場
B19161,2015-02-11,51.406558990478516,英鎊,瑞銀 (盧森堡) 歐元非投資等級債券基金 (歐元) (英鎊避險) (月配息),yfinance,債券型,全球市場
B19161,2015-02-12,51.43782043457031,英鎊,瑞銀 (盧森堡) 歐元非投資等級債券基金 (歐元) (英鎊避險) (月配息),yfinance,債券型,全球市場
B19161,2015-02-13,51.50553512573242,英鎊,瑞銀 (盧森堡) 歐元非投資等級債券基金 (歐元) (英鎊避險) (月配息),yfinance,債券型,全球市場
B19161,2015-02-16,51.5681266784668,英鎊,瑞銀 (盧森堡) 歐元非投資等級債券基金 (歐元) (英鎊避險) (月配息),yfinance,債券型,全球市場
B19161,2015-02-17,51.58893966674805,英鎊,瑞銀 (盧森堡) 歐元非投資等級債券基金 (歐元) (英鎊避險) (月配息),yfinance,債券型,全球市場
B19161,2015-02-18,51.64663314819336,英鎊,瑞銀 (盧森堡) 歐元非投資等級債券基金 (歐元) (英鎊避險) (月配息),yfinance,債券型,全球市場
B19161,2015-02-19,51.67806625366211,英鎊,瑞銀 (盧森堡) 歐元非投資等級債券基金 (歐元) (英鎊避險) (月配息),yfinance,債券型,全球市場
B19161,2015-02-20,51.730506896972656,英鎊,瑞銀 (盧森堡) 歐元非投資等級債券基金 (歐元) (英鎊避險) (月配息),yfinance,債券型,全球市場
B19161,2015-02-23,51.83009719848633,英鎊,瑞銀 (盧森堡) 歐元非投資等級債券基金 (歐元) (英鎊避險) (月配息),yfinance,債券型,全球市場
B19161,2015-02-24,51.94541549682617,英鎊,瑞銀 (盧森堡) 歐元非投資等級債券基金 (歐元) (英鎊避險) (月配息),yfinance,債券型,全球市場
B19161,2015-02-25,52.008331298828125,英鎊,瑞銀 (盧森堡) 歐元非投資等級債券基金 (歐元) (英鎊避險) (月配息),yfinance,債券型,全球市場
B19161,2015-02-26,52.09220886230469,英鎊,瑞銀 (盧森堡) 歐元非投資等級債券基金 (歐元) (英鎊避險) (月配息),yfinance,債券型,全球市場
B19161,2015-02-27,52.15510559082031,英鎊,瑞銀 (盧森堡) 歐元非投資等級債券基金 (歐元) (英鎊避險) (月配息),yfinance,債券型,全球市場
B19161,2015-03-02,52.218021392822266,英鎊,瑞銀 (盧森堡) 歐元非投資等級債券基金 (歐元) (英鎊避險) (月配息),yfinance,債券型,全球市場
B19161,2015-03-03,52.23896408081055,英鎊,瑞銀 (盧森堡) 歐元非投資等級債券基金 (歐元) (英鎊避險) (月配息),yfinance,債券型,全球市場
B19161,2015-03-04,52.197059631347656,英鎊,瑞銀 (盧森堡) 歐元非投資等級債券基金 (歐元) (英鎊避險) (月配息),yfinance,債券型,全球市場
B19161,2015-03-05,52.27568054199219,英鎊,瑞銀 (盧森堡) 歐元非投資等級債券基金 (歐元) (英鎊避險) (月配息),yfinance,債券型,全球市場
B19161,2015-03-06,52.28617858886719,英鎊,瑞銀 (盧森堡) 歐元非投資等級債券基金 (歐元) (英鎊避險) (月配息),yfinance,債券型,全球市場
B19161,2015-03-09,52.25995635986328,英鎊,瑞銀 (盧森堡) 歐元非投資等級債券基金 (歐元) (英鎊避險) (月配息),yfinance,債券型,全球市場
B19161,2015-03-10,52.43818283081055,英鎊,瑞銀 (盧森堡) 歐元非投資等級債券基金 (歐元) (英鎊避險) (月配息),yfinance,債券型,全球市場
B19161,2015-03-11,52.233726501464844,英鎊,瑞銀 (盧森堡) 歐元非投資等級債券基金 (歐元) (英鎊避險) (月配息),yfinance,債券型,全球市場
B19161,2015-03-12,52.249488830566406,英鎊,瑞銀 (盧森堡) 歐元非投資等級債券基金 (歐元) (英鎊避險) (月配息),yfinance,債券型,全球市場
B19161,2015-03-13,52.218021392822266,英鎊,瑞銀 (盧森堡) 歐元非投資等級債券基金 (歐元) (英鎊避險) (月配息),yfinance,債券型,全球市場
B19161,2015-03-16,52.149478912353516,英鎊,瑞銀 (盧森堡) 歐元非投資等級債券基金 (歐元) (英鎊避險) (月配息),yfinance,債券型,全球市場
B19161,2015-03-17,52.233829498291016,英鎊,瑞銀 (盧森堡) 歐元非投資等級債券基金 (歐元) (英鎊避險) (月配息),yfinance,債券型,全球市場
B19161,2015-03-18,51.954376220703125,英鎊,瑞銀 (盧森堡) 歐元非投資等級債券基金 (歐元) (英鎊避險) (月配息),yfinance,債券型,全球市場
B19161,2015-03-19,51.9438362121582,英鎊,瑞銀 (盧森堡) 歐元非投資等級債券基金 (歐元) (英鎊避險) (月配息),yfinance,債券型,全球市場
B19161,2015-03-20,51.96492004394531,英鎊,瑞銀 (盧森堡) 歐元非投資等級債券基金 (歐元) (英鎊避險) (月配息),yfinance,債券型,全球市場
B19161,2015-03-23,51.98073196411133,英鎊,瑞銀 (盧森堡) 歐元非投資等級債券基金 (歐元) (英鎊避險) (月配息),yfinance,債券型,全球市場
B19161,2015-03-24,51.959632873535156,英鎊,瑞銀 (盧森堡) 歐元非投資等級債券基金 (歐元) (英鎊避險) (月配息),yfinance,債券型,全球市場
B19161,2015-03-25,51.97547149658203,英鎊,瑞銀 (盧森堡) 歐元非投資等級債券基金 (歐元) (英鎊避險) (月配息),yfinance,債券型,全球市場
B19161,2015-03-26,51.970184326171875,英鎊,瑞銀 (盧森堡) 歐元非投資等級債券基金 (歐元) (英鎊避險) (月配息),yfinance,債券型,全球市場
B19161,2015-03-27,52.04928970336914,英鎊,瑞銀 (盧森堡) 歐元非投資等級債券基金 (歐元) (英鎊避險) (月配息),yfinance,債券型,全球市場
B19161,2015-03-30,52.086204528808594,英鎊,瑞銀 (盧森堡) 歐元非投資等級債券基金 (歐元) (英鎊避險) (月配息),yfinance,債券型,全球市場
B19161,2015-03-31,52.10201644897461,英鎊,瑞銀 (盧森堡) 歐元非投資等級債券基金 (歐元) (英鎊避險) (月配息),yfinance,債券型,全球市場
B19161,2015-04-01,52.170555114746094,英鎊,瑞銀 (盧森堡) 歐元非投資等級債券基金 (歐元) (英鎊避險) (月配息),yfinance,債券型,全球市場
B19161,2015-04-02,52.18638610839844,英鎊,瑞銀 (盧森堡) 歐元非投資等級債券基金 (歐元) (英鎊避險) (月配息),yfinance,債券型,全球市場
B19161,2015-04-07,52.28655242919922,英鎊,瑞銀 (盧森堡) 歐元非投資等級債券基金 (歐元) (英鎊避險) (月配息),yfinance,債券型,全球市場
B19161,2015-04-08,52.38676452636719,英鎊,瑞銀 (盧森堡) 歐元非投資等級債券基金 (歐元) (英鎊避險) (月配息),yfinance,債券型,全球市場
B19161,2015-04-09,52.47638702392578,英鎊,瑞銀 (盧森堡) 歐元非投資等級債券基金 (歐元) (英鎊避險) (月配息),yfinance,債券型,全球市場
B19161,2015-04-10,52.508026123046875,英鎊,瑞銀 (盧森堡) 歐元非投資等級債券基金 (歐元) (英鎊避險) (月配息),yfinance,債券型,全球市場
B19161,2015-04-13,52.544925689697266,英鎊,瑞銀 (盧森堡) 歐元非投資等級債券基金 (歐元) (英鎊避險) (月配息),yfinance,債券型,全球市場
B19161,2015-04-14,52.51856994628906,英鎊,瑞銀 (盧森堡) 歐元非投資等級債券基金 (歐元) (英鎊避險) (月配息),yfinance,債券型,全球市場
B19161,2015-04-15,52.518577575683594,英鎊,瑞銀 (盧森堡) 歐元非投資等級債券基金 (歐元) (英鎊避險) (月配息),yfinance,債券型,全球市場
B19161,2015-04-16,52.43904495239258,英鎊,瑞銀 (盧森堡) 歐元非投資等級債券基金 (歐元) (英鎊避險) (月配息),yfinance,債券型,全球市場
B19161,2015-04-17,52.34894561767578,英鎊,瑞銀 (盧森堡) 歐元非投資等級債券基金 (歐元) (英鎊避險) (月配息),yfinance,債券型,全球市場
B19161,2015-04-20,52.3436164855957,英鎊,瑞銀 (盧森堡) 歐元非投資等級債券基金 (歐元) (英鎊避險) (月配息),yfinance,債券型,全球市場
B19161,2015-04-21,52.290653228759766,英鎊,瑞銀 (盧森堡) 歐元非投資等級債券基金 (歐元) (英鎊避險) (月配息),yfinance,債券型,全球市場
B19161,2015-04-22,52.285301208496094,英鎊,瑞銀 (盧森堡) 歐元非投資等級債券基金 (歐元) (英鎊避險) (月配息),yfinance,債券型,全球市場
B19161,2015-04-23,52.33832931518555,英鎊,瑞銀 (盧森堡) 歐元非投資等級債券基金 (歐元) (英鎊避險) (月配息),yfinance,債券型,全球市場
B19161,2015-04-24,52.36484909057617,英鎊,瑞銀 (盧森堡) 歐元非投資等級債券基金 (歐元) (英鎊避險) (月配息),yfinance,債券型,全球市場
B19161,2015-04-27,52.41257095336914,英鎊,瑞銀 (盧森堡) 歐元非投資等級債券基金 (歐元) (英鎊避險) (月配息),yfinance,債券型,全球市場
B19161,2015-04-28,52.43904495239258,英鎊,瑞銀 (盧森堡) 歐元非投資等級債券基金 (歐元) (英鎊避險) (月配息),yfinance,債券型,全球市場
B19161,2015-04-29,52.39665985107422,英鎊,瑞銀 (盧森堡) 歐元非投資等級債券基金 (歐元) (英鎊避險) (月配息),yfinance,債券型,全球市場
B19161,2015-04-30,52.34894561767578,英鎊,瑞銀 (盧森堡) 歐元非投資等級債券基金 (歐元) (英鎊避險) (月配息),yfinance,債券型,全球市場
B19161,2015-05-05,52.29595184326172,英鎊,瑞銀 (盧森堡) 歐元非投資等級債券基金 (歐元) (英鎊避險) (月配息),yfinance,債券型,全球市場
B19161,2015-05-06,52.18989181518555,英鎊,瑞銀 (盧森堡) 歐元非投資等級債券基金 (歐元) (英鎊避險) (月配息),yfinance,債券型,全球市場
B19161,2015-05-07,52.06798553466797,英鎊,瑞銀 (盧森堡) 歐元非投資等級債券基金 (歐元) (英鎊避險) (月配息),yfinance,債券型,全球市場
B19161,2015-05-08,52.168704986572266,英鎊,瑞銀 (盧森堡) 歐元非投資等級債券基金 (歐元) (英鎊避險) (月配息),yfinance,債券型,全球市場
B19161,2015-05-11,52.19520568847656,英鎊,瑞銀 (盧森堡) 歐元非投資等級債券基金 (歐元) (英鎊避險) (月配息),yfinance,債券型,全球市場
B19161,2015-05-12,52.12097930908203,英鎊,瑞銀 (盧森堡) 歐元非投資等級債券基金 (歐元) (英鎊避險) (月配息),yfinance,債券型,全球市場
B19161,2015-05-13,52.17928695678711,英鎊,瑞銀 (盧森堡) 歐元非投資等級債券基金 (歐元) (英鎊避險) (月配息),yfinance,債券型,全球市場
B19161,2015-05-15,51.972557067871094,英鎊,瑞銀 (盧森堡) 歐元非投資等級債券基金 (歐元) (英鎊避險) (月配息),yfinance,債券型,全球市場
B19161,2015-05-18,51.99375534057617,英鎊,瑞銀 (盧森堡) 歐元非投資等級債券基金 (歐元) (英鎊避險) (月配息),yfinance,債券型,全球市場
B19161,2015-05-19,52.0467529296875,英鎊,瑞銀 (盧森堡) 歐元非投資等級債券基金 (歐元) (英鎊避險) (月配息),yfinance,債券型,全球市場
B19161,2015-05-20,52.07329177856445,英鎊,瑞銀 (盧森堡) 歐元非投資等級債券基金 (歐元) (英鎊避險) (月配息),yfinance,債券型,全球市場
B19161,2015-05-21,52.078582763671875,英鎊,瑞銀 (盧森堡) 歐元非投資等級債券基金 (歐元) (英鎊避險) (月配息),yfinance,債券型,全球市場
B19161,2015-05-22,52.08915328979492,英鎊,瑞銀 (盧森堡) 歐元非投資等級債券基金 (歐元) (英鎊避險) (月配息),yfinance,債券型,全球市場
B19161,2015-05-26,52.099815368652344,英鎊,瑞銀 (盧森堡) 歐元非投資等級債券基金 (歐元) (英鎊避險) (月配息),yfinance,債券型,全球市場
B19161,2015-05-27,52.10508728027344,英鎊,瑞銀 (盧森堡) 歐元非投資等級債券基金 (歐元) (英鎊避險) (月配息),yfinance,債券型,全球市場
B19161,2015-05-28,52.11036682128906,英鎊,瑞銀 (盧森堡) 歐元非投資等級債券基金 (歐元) (英鎊避險) (月配息),yfinance,債券型,全球市場
B19161,2015-05-29,52.11036682128906,英鎊,瑞銀 (盧森堡) 歐元非投資等級債券基金 (歐元) (英鎊避險) (月配息),yfinance,債券型,全球市場
B19161,2015-06-01,52.078582763671875,英鎊,瑞銀 (盧森堡) 歐元非投資等級債券基金 (歐元) (英鎊避險) (月配息),yfinance,債券型,全球市場
B19161,2015-06-02,52.02555465698242,英鎊,瑞銀 (盧森堡) 歐元非投資等級債券基金 (歐元) (英鎊避險) (月配息),yfinance,債券型,全球市場
B19161,2015-06-03,51.96723556518555,英鎊,瑞銀 (盧森堡) 歐元非投資等級債券基金 (歐元) (英鎊避險) (月配息),yfinance,債券型,全球市場
B19161,2015-06-04,51.88773727416992,英鎊,瑞銀 (盧森堡) 歐元非投資等級債券基金 (歐元) (英鎊避險) (月配息),yfinance,債券型,全球市場
B19161,2015-06-05,51.8505973815918,英鎊,瑞銀 (盧森堡) 歐元非投資等級債券基金 (歐元) (英鎊避險) (月配息),yfinance,債券型,全球市場
B19161,2015-06-08,51.80821990966797,英鎊,瑞銀 (盧森堡) 歐元非投資等級債券基金 (歐元) (英鎊避險) (月配息),yfinance,債券型,全球市場
B19161,2015-06-09,51.686275482177734,英鎊,瑞銀 (盧森堡) 歐元非投資等級債券基金 (歐元) (英鎊避險) (月配息),yfinance,債券型,全球市場
B19161,2015-06-10,51.6120719909668,英鎊,瑞銀 (盧森堡) 歐元非投資等級債券基金 (歐元) (英鎊避險) (月配息),yfinance,債券型,全球市場
B19161,2015-06-11,51.67571258544922,英鎊,瑞銀 (盧森堡) 歐元非投資等級債券基金 (歐元) (英鎊避險) (月配息),yfinance,債券型,全球市場
B19161,2015-06-12,51.622650146484375,英鎊,瑞銀 (盧森堡) 歐元非投資等級債券基金 (歐元) (英鎊避險) (月配息),yfinance,債券型,全球市場
B19161,2015-06-15,51.398799896240234,英鎊,瑞銀 (盧森堡) 歐元非投資等級債券基金 (歐元) (英鎊避險) (月配息),yfinance,債券型,全球市場
B19161,2015-06-16,51.228233337402344,英鎊,瑞銀 (盧森堡) 歐元非投資等級債券基金 (歐元) (英鎊避險) (月配息),yfinance,債券型,全球市場
B19161,2015-06-17,51.20691680908203,英鎊,瑞銀 (盧森堡) 歐元非投資等級債券基金 (歐元) (英鎊避險) (月配息),yfinance,債券型,全球市場
B19161,2015-06-18,51.13766860961914,英鎊,瑞銀 (盧森堡) 歐元非投資等級債券基金 (歐元) (英鎊避險) (月配息),yfinance,債券型,全球市場
B19161,2015-06-19,51.196285247802734,英鎊,瑞銀 (盧森堡) 歐元非投資等級債券基金 (歐元) (英鎊避險) (月配息),yfinance,債券型,全球市場
B19161,2015-06-22,51.44145202636719,英鎊,瑞銀 (盧森堡) 歐元非投資等級債券基金 (歐元) (英鎊避險) (月配息),yfinance,債券型,全球市場
B19161,2015-06-24,51.6226692199707,英鎊,瑞銀 (盧森堡) 歐元非投資等級債券基金 (歐元) (英鎊避險) (月配息),yfinance,債券型,全球市場
B19161,2015-06-25,51.61203384399414,英鎊,瑞銀 (盧森堡) 歐元非投資等級債券基金 (歐元) (英鎊避險) (月配息),yfinance,債券型,全球市場
B19161,2015-06-26,51.62802505493164,英鎊,瑞銀 (盧森堡) 歐元非投資等級債券基金 (歐元) (英鎊避險) (月配息),yfinance,債券型,全球市場
B19161,2015-06-29,51.31884765625,英鎊,瑞銀 (盧森堡) 歐元非投資等級債券基金 (歐元) (英鎊避險) (月配息),yfinance,債券型,全球市場
B19161,2015-06-30,51.308223724365234,英鎊,瑞銀 (盧森堡) 歐元非投資等級債券基金 (歐元) (英鎊避險) (月配息),yfinance,債券型,全球市場
B19161,2015-07-01,51.40946578979492,英鎊,瑞銀 (盧森堡) 歐元非投資等級債券基金 (歐元) (英鎊避險) (月配息),yfinance,債券型,全球市場
B19161,2015-07-02,51.47876739501953,英鎊,瑞銀 (盧森堡) 歐元非投資等級債券基金 (歐元) (英鎊避險) (月配息),yfinance,債券型,全球市場
B19161,2015-07-03,51.47876739501953,英鎊,瑞銀 (盧森堡) 歐元非投資等級債券基金 (歐元) (英鎊避險) (月配息),yfinance,債券型,全球市場
B19161,2015-07-06,51.36684799194336,英鎊,瑞銀 (盧森堡) 歐元非投資等級債券基金 (歐元) (英鎊避險) (月配息),yfinance,債券型,全球市場
B19161,2015-07-07,51.297550201416016,英鎊,瑞銀 (盧森堡) 歐元非投資等級債券基金 (歐元) (英鎊避險) (月配息),yfinance,債券型,全球市場
B19161,2015-07-08,51.201595306396484,英鎊,瑞銀 (盧森堡) 歐元非投資等級債券基金 (歐元) (英鎊避險) (月配息),yfinance,債券型,全球市場
B19161,2015-07-09,51.276214599609375,英鎊,瑞銀 (盧森堡) 歐元非投資等級債券基金 (歐元) (英鎊避險) (月配息),yfinance,債券型,全球市場
B19161,2015-07-10,51.4307975769043,英鎊,瑞銀 (盧森堡) 歐元非投資等級債券基金 (歐元) (英鎊避險) (月配息),yfinance,債券型,全球市場
B19161,2015-07-13,51.56936264038086,英鎊,瑞銀 (盧森堡) 歐元非投資等級債券基金 (歐元) (英鎊避險) (月配息),yfinance,債券型,全球市場
B19161,2015-07-14,51.601375579833984,英鎊,瑞銀 (盧森堡) 歐元非投資等級債券基金 (歐元) (英鎊避險) (月配息),yfinance,債券型,全球市場
B19161,2015-07-15,51.67103576660156,英鎊,瑞銀 (盧森堡) 歐元非投資等級債券基金 (歐元) (英鎊避險) (月配息),yfinance,債券型,全球市場
B19161,2015-07-16,51.79966354370117,英鎊,瑞銀 (盧森堡) 歐元非投資等級債券基金 (歐元) (英鎊避險) (月配息),yfinance,債券型,全球市場
B19161,2015-07-17,51.88542938232422,英鎊,瑞銀 (盧森堡) 歐元非投資等級債券基金 (歐元) (英鎊避險) (月配息),yfinance,債券型,全球市場
B19161,2015-07-20,51.949729919433594,英鎊,瑞銀 (盧森堡) 歐元非投資等級債券基金 (歐元) (英鎊避險) (月配息),yfinance,債券型,全球市場
B19161,2015-07-21,51.933650970458984,英鎊,瑞銀 (盧森堡) 歐元非投資等級債券基金 (歐元) (英鎊避險) (月配息),yfinance,債券型,全球市場
B19161,2015-07-22,51.869327545166016,英鎊,瑞銀 (盧森堡) 歐元非投資等級債券基金 (歐元) (英鎊避險) (月配息),yfinance,債券型,全球市場
B19161,2015-07-23,51.87470626831055,英鎊,瑞銀 (盧森堡) 歐元非投資等級債券基金 (歐元) (英鎊避險) (月配息),yfinance,債券型,全球市場
B19161,2015-07-24,51.84253692626953,英鎊,瑞銀 (盧森堡) 歐元非投資等級債券基金 (歐元) (英鎊避險) (月配息),yfinance,債券型,全球市場
B19161,2015-07-27,51.976566314697266,英鎊,瑞銀 (盧森堡) 歐元非投資等級債券基金 (歐元) (英鎊避險) (月配息),yfinance,債券型,全球市場
B19161,2015-07-28,51.7943000793457,英鎊,瑞銀 (盧森堡) 歐元非投資等級債券基金 (歐元) (英鎊避險) (月配息),yfinance,債券型,全球市場
B19161,2015-07-29,51.805023193359375,英鎊,瑞銀 (盧森堡) 歐元非投資等級債券基金 (歐元) (英鎊避險) (月配息),yfinance,債券型,全球市場
B19161,2015-07-30,51.77819061279297,英鎊,瑞銀 (盧森堡) 歐元非投資等級債券基金 (歐元) (英鎊避險) (月配息),yfinance,債券型,全球市場
B19161,2015-07-31,51.805023193359375,英鎊,瑞銀 (盧森堡) 歐元非投資等級債券基金 (歐元) (英鎊避險) (月配息),yfinance,債券型,全球市場
B19161,2015-08-03,51.7943000793457,英鎊,瑞銀 (盧森堡) 歐元非投資等級債券基金 (歐元) (英鎊避險) (月配息),yfinance,債券型,全球市場
B19161,2015-08-04,51.74073028564453,英鎊,瑞銀 (盧森堡) 歐元非投資等級債券基金 (歐元) (英鎊避險) (月配息),yfinance,債券型,全球市場
B19161,2015-08-05,51.746097564697266,英鎊,瑞銀 (盧森堡) 歐元非投資等級債券基金 (歐元) (英鎊避險) (月配息),yfinance,債券型,全球市場
B19161,2015-08-06,51.71391677856445,英鎊,瑞銀 (盧森堡) 歐元非投資等級債券基金 (歐元) (英鎊避險) (月配息),yfinance,債券型,全球市場
B19161,2015-08-07,51.687095642089844,英鎊,瑞銀 (盧森堡) 歐元非投資等級債券基金 (歐元) (英鎊避險) (月配息),yfinance,債券型,全球市場
B19161,2015-08-10,51.65498352050781,英鎊,瑞銀 (盧森堡) 歐元非投資等級債券基金 (歐元) (英鎊避險) (月配息),yfinance,債券型,全球市場
B19161,2015-08-11,51.6656608581543,英鎊,瑞銀 (盧森堡) 歐元非投資等級債券基金 (歐元) (英鎊避險) (月配息),yfinance,債券型,全球市場
B19161,2015-08-12,51.574581146240234,英鎊,瑞銀 (盧森堡) 歐元非投資等級債券基金 (歐元) (英鎊避險) (月配息),yfinance,債券型,全球市場
B19161,2015-08-13,51.60134506225586,英鎊,瑞銀 (盧森堡) 歐元非投資等級債券基金 (歐元) (英鎊避險) (月配息),yfinance,債券型,全球市場
B19161,2015-08-14,51.60134506225586,英鎊,瑞銀 (盧森堡) 歐元非投資等級債券基金 (歐元) (英鎊避險) (月配息),yfinance,債券型,全球市場
B19161,2015-08-17,51.61753463745117,英鎊,瑞銀 (盧森堡) 歐元非投資等級債券基金 (歐元) (英鎊避險) (月配息),yfinance,債券型,全球市場
B19161,2015-08-18,51.59599685668945,英鎊,瑞銀 (盧森堡) 歐元非投資等級債券基金 (歐元) (英鎊避險) (月配息),yfinance,債券型,全球市場
B19161,2015-08-19,51.53667068481445,英鎊,瑞銀 (盧森堡) 歐元非投資等級債券基金 (歐元) (英鎊避險) (月配息),yfinance,債券型,全球市場
B19161,2015-08-20,51.46662902832031,英鎊,瑞銀 (盧森堡) 歐元非投資等級債券基金 (歐元) (英鎊避險) (月配息),yfinance,債券型,全球市場
B19161,2015-08-21,51.38578796386719,英鎊,瑞銀 (盧森堡) 歐元非投資等級債券基金 (歐元) (英鎊避險) (月配息),yfinance,債券型,全球市場
B19161,2015-08-24,51.019317626953125,英鎊,瑞銀 (盧森堡) 歐元非投資等級債券基金 (歐元) (英鎊避險) (月配息),yfinance,債券型,全球市場
B19161,2015-08-25,51.10017013549805,英鎊,瑞銀 (盧森堡) 歐元非投資等級債券基金 (歐元) (英鎊避險) (月配息),yfinance,債券型,全球市場
B19161,2015-08-26,51.11092758178711,英鎊,瑞銀 (盧森堡) 歐元非投資等級債券基金 (歐元) (英鎊避險) (月配息),yfinance,債券型,全球市場
B19161,2015-08-27,51.26723098754883,英鎊,瑞銀 (盧森堡) 歐元非投資等級債券基金 (歐元) (英鎊避險) (月配息),yfinance,債券型,全球市場
B19161,2015-08-28,51.310333251953125,英鎊,瑞銀 (盧森堡) 歐元非投資等級債券基金 (歐元) (英鎊避險) (月配息),yfinance,債券型,全球市場
B19161,2015-09-01,51.28876495361328,英鎊,瑞銀 (盧森堡) 歐元非投資等級債券基金 (歐元) (英鎊避險) (月配息),yfinance,債券型,全球市場
B19161,2015-09-02,51.272605895996094,英鎊,瑞銀 (盧森堡) 歐元非投資等級債券基金 (歐元) (英鎊避險) (月配息),yfinance,債券型,全球市場
B19161,2015-09-03,51.310333251953125,英鎊,瑞銀 (盧森堡) 歐元非投資等級債券基金 (歐元) (英鎊避險) (月配息),yfinance,債券型,全球市場
B19161,2015-09-04,51.28876495361328,英鎊,瑞銀 (盧森堡) 歐元非投資等級債券基金 (歐元) (英鎊避險) (月配息),yfinance,債券型,全球市場
B19161,2015-09-07,51.30495071411133,英鎊,瑞銀 (盧森堡) 歐元非投資等級債券基金 (歐元) (英鎊避險) (月配息),yfinance,債券型,全球市場
B19161,2015-09-08,51.30495071411133,英鎊,瑞銀 (盧森堡) 歐元非投資等級債券基金 (歐元) (英鎊避險) (月配息),yfinance,債券型,全球市場
B19161,2015-09-09,51.380409240722656,英鎊,瑞銀 (盧森堡) 歐元非投資等級債券基金 (歐元) (英鎊避險) (月配息),yfinance,債券型,全球市場
B19161,2015-09-10,51.33192443847656,英鎊,瑞銀 (盧森堡) 歐元非投資等級債券基金 (歐元) (英鎊避險) (月配息),yfinance,債券型,全球市場
B19161,2015-09-11,51.30495071411133,英鎊,瑞銀 (盧森堡) 歐元非投資等級債券基金 (歐元) (英鎊避險) (月配息),yfinance,債券型,全球市場
B19161,2015-09-14,51.272605895996094,英鎊,瑞銀 (盧森堡) 歐元非投資等級債券基金 (歐元) (英鎊避險) (月配息),yfinance,債券型,全球市場
B19161,2015-09-15,51.185909271240234,英鎊,瑞銀 (盧森堡) 歐元非投資等級債券基金 (歐元) (英鎊避險) (月配息),yfinance,債券型,全球市場
B19161,2015-09-16,51.196746826171875,英鎊,瑞銀 (盧森堡) 歐元非投資等級債券基金 (歐元) (英鎊避險) (月配息),yfinance,債券型,全球市場
B19161,2015-09-17,51.191341400146484,英鎊,瑞銀 (盧森堡) 歐元非投資等級債券基金 (歐元) (英鎊避險) (月配息),yfinance,債券型,全球市場
B19161,2015-09-18,51.18050003051758,英鎊,瑞銀 (盧森堡) 歐元非投資等級債券基金 (歐元) (英鎊避險) (月配息),yfinance,債券型,全球市場
B19161,2015-09-21,51.1046142578125,英鎊,瑞銀 (盧森堡) 歐元非投資等級債券基金 (歐元) (英鎊避險) (月配息),yfinance,債券型,全球市場
B19161,2015-09-22,50.909542083740234,英鎊,瑞銀 (盧森堡) 歐元非投資等級債券基金 (歐元) (英鎊避險) (月配息),yfinance,債券型,全球市場
B19161,2015-09-23,50.849884033203125,英鎊,瑞銀 (盧森堡) 歐元非投資等級債券基金 (歐元) (英鎊避險) (月配息),yfinance,債券型,全球市場
B19161,2015-09-24,50.66023254394531,英鎊,瑞銀 (盧森堡) 歐元非投資等級債券基金 (歐元) (英鎊避險) (月配息),yfinance,債券型,全球市場
B19161,2015-09-25,50.64937210083008,英鎊,瑞銀 (盧森堡) 歐元非投資等級債券基金 (歐元) (英鎊避險) (月配息),yfinance,債券型,全球市場
B19161,2015-09-28,50.34593200683594,英鎊,瑞銀 (盧森堡) 歐元非投資等級債券基金 (歐元) (英鎊避險) (月配息),yfinance,債券型,全球市場
B19161,2015-09-29,50.09117889404297,英鎊,瑞銀 (盧森堡) 歐元非投資等級債券基金 (歐元) (英鎊避險) (月配息),yfinance,債券型,全球市場
B19161,2015-09-30,50.19960021972656,英鎊,瑞銀 (盧森堡) 歐元非投資等級債券基金 (歐元) (英鎊避險) (月配息),yfinance,債券型,全球市場
B19161,2015-10-01,50.2862663269043,英鎊,瑞銀 (盧森堡) 歐元非投資等級債券基金 (歐元) (英鎊避險) (月配息),yfinance,債券型,全球市場
B19161,2015-10-02,50.27544403076172,英鎊,瑞銀 (盧森堡) 歐元非投資等級債券基金 (歐元) (英鎊避險) (月配息),yfinance,債券型,全球市場
B19161,2015-10-05,50.41636276245117,英鎊,瑞銀 (盧森堡) 歐元非投資等級債券基金 (歐元) (英鎊避險) (月配息),yfinance,債券型,全球市場
B19161,2015-10-06,50.55726623535156,英鎊,瑞銀 (盧森堡) 歐元非投資等級債券基金 (歐元) (英鎊避險) (月配息),yfinance,債券型,全球市場
B19161,2015-10-07,50.74151611328125,英鎊,瑞銀 (盧森堡) 歐元非投資等級債券基金 (歐元) (英鎊避險) (月配息),yfinance,債券型,全球市場
B19161,2015-10-08,50.7469367980957,英鎊,瑞銀 (盧森堡) 歐元非投資等級債券基金 (歐元) (英鎊避險) (月配息),yfinance,債券型,全球市場
B19161,2015-10-09,50.88785171508789,英鎊,瑞銀 (盧森堡) 歐元非投資等級債券基金 (歐元) (英鎊避險) (月配息),yfinance,債券型,全球市場
B19161,2015-10-12,50.91494369506836,英鎊,瑞銀 (盧森堡) 歐元非投資等級債券基金 (歐元) (英鎊避險) (月配息),yfinance,債券型,全球市場
B19161,2015-10-13,50.877017974853516,英鎊,瑞銀 (盧森堡) 歐元非投資等級債券基金 (歐元) (英鎊避險) (月配息),yfinance,債券型,全球市場
B19161,2015-10-14,50.81197738647461,英鎊,瑞銀 (盧森堡) 歐元非投資等級債券基金 (歐元) (英鎊避險) (月配息),yfinance,債券型,全球市場
B19161,2015-10-15,50.828304290771484,英鎊,瑞銀 (盧森堡) 歐元非投資等級債券基金 (歐元) (英鎊避險) (月配息),yfinance,債券型,全球市場
B19161,2015-10-16,50.91546630859375,英鎊,瑞銀 (盧森堡) 歐元非投資等級債券基金 (歐元) (英鎊避險) (月配息),yfinance,債券型,全球市場
B19161,2015-10-19,50.980857849121094,英鎊,瑞銀 (盧森堡) 歐元非投資等級債券基金 (歐元) (英鎊避險) (月配息),yfinance,債券型,全球市場
B19161,2015-10-20,51.0135498046875,英鎊,瑞銀 (盧森堡) 歐元非投資等級債券基金 (歐元) (英鎊避險) (月配息),yfinance,債券型,全球市場
B19161,2015-10-21,50.99174880981445,英鎊,瑞銀 (盧森堡) 歐元非投資等級債券基金 (歐元) (英鎊避險) (月配息),yfinance,債券型,全球市場
B19161,2015-10-22,51.02987289428711,英鎊,瑞銀 (盧森堡) 歐元非投資等級債券基金 (歐元) (英鎊避險) (月配息),yfinance,債券型,全球市場
B19161,2015-10-23,51.176998138427734,英鎊,瑞銀 (盧森堡) 歐元非投資等級債券基金 (歐元) (英鎊避險) (月配息),yfinance,債券型,全球市場
B19161,2015-10-26,51.28592300415039,英鎊,瑞銀 (盧森堡) 歐元非投資等級債券基金 (歐元) (英鎊避險) (月配息),yfinance,債券型,全球市場
B19161,2015-10-27,51.28592300415039,英鎊,瑞銀 (盧森堡) 歐元非投資等級債券基金 (歐元) (英鎊避險) (月配息),yfinance,債券型,全球市場
B19161,2015-10-28,51.329524993896484,英鎊,瑞銀 (盧森堡) 歐元非投資等級債券基金 (歐元) (英鎊避險) (月配息),yfinance,債券型,全球市場
B19161,2015-10-29,51.35675048828125,英鎊,瑞銀 (盧森堡) 歐元非投資等級債券基金 (歐元) (英鎊避險) (月配息),yfinance,債券型,全球市場
B19161,2015-10-30,51.38399887084961,英鎊,瑞銀 (盧森堡) 歐元非投資等級債券基金 (歐元) (英鎊避險) (月配息),yfinance,債券型,全球市場
B19161,2015-11-02,51.42214584350586,英鎊,瑞銀 (盧森堡) 歐元非投資等級債券基金 (歐元) (英鎊避險) (月配息),yfinance,債券型,全球市場
B19161,2015-11-03,51.55834197998047,英鎊,瑞銀 (盧森堡) 歐元非投資等級債券基金 (歐元) (英鎊避險) (月配息),yfinance,債券型,全球市場
B19161,2015-11-04,51.667274475097656,英鎊,瑞銀 (盧森堡) 歐元非投資等級債券基金 (歐元) (英鎊避險) (月配息),yfinance,債券型,全球市場
B19161,2015-11-05,51.65638732910156,英鎊,瑞銀 (盧森堡) 歐元非投資等級債券基金 (歐元) (英鎊避險) (月配息),yfinance,債券型,全球市場
B19161,2015-11-06,51.61280822753906,英鎊,瑞銀 (盧森堡) 歐元非投資等級債券基金 (歐元) (英鎊避險) (月配息),yfinance,債券型,全球市場
B19161,2015-11-09,51.57466506958008,英鎊,瑞銀 (盧森堡) 歐元非投資等級債券基金 (歐元) (英鎊避險) (月配息),yfinance,債券型,全球市場
B19161,2015-11-10,51.547428131103516,英鎊,瑞銀 (盧森堡) 歐元非投資等級債券基金 (歐元) (英鎊避險) (月配息),yfinance,債券型,全球市場
B19161,2015-11-11,51.56377410888672,英鎊,瑞銀 (盧森堡) 歐元非投資等級債券基金 (歐元) (英鎊避險) (月配息),yfinance,債券型,全球市場
B19161,2015-11-12,51.552879333496094,英鎊,瑞銀 (盧森堡) 歐元非投資等級債券基金 (歐元) (英鎊避險) (月配息),yfinance,債券型,全球市場
B19161,2015-11-13,51.503841400146484,英鎊,瑞銀 (盧森堡) 歐元非投資等級債券基金 (歐元) (英鎊避險) (月配息),yfinance,債券型,全球市場
B19161,2015-11-16,51.492897033691406,英鎊,瑞銀 (盧森堡) 歐元非投資等級債券基金 (歐元) (英鎊避險) (月配息),yfinance,債券型,全球市場
B19161,2015-11-17,51.564090728759766,英鎊,瑞銀 (盧森堡) 歐元非投資等級債券基金 (歐元) (英鎊避險) (月配息),yfinance,債券型,全球市場
B19161,2015-11-18,51.596946716308594,英鎊,瑞銀 (盧森堡) 歐元非投資等級債券基金 (歐元) (英鎊避險) (月配息),yfinance,債券型,全球市場
B19161,2015-11-19,51.673614501953125,英鎊,瑞銀 (盧森堡) 歐元非投資等級債券基金 (歐元) (英鎊避險) (月配息),yfinance,債券型,全球市場
B19161,2015-11-20,51.717430114746094,英鎊,瑞銀 (盧森堡) 歐元非投資等級債券基金 (歐元) (英鎊避險) (月配息),yfinance,債券型,全球市場
B19161,2015-11-23,51.72291946411133,英鎊,瑞銀 (盧森堡) 歐元非投資等級債券基金 (歐元) (英鎊避險) (月配息),yfinance,債券型,全球市場
B19161,2015-11-24,51.690059661865234,英鎊,瑞銀 (盧森堡) 歐元非投資等級債券基金 (歐元) (英鎊避險) (月配息),yfinance,債券型,全球市場
B19161,2015-11-25,51.690059661865234,英鎊,瑞銀 (盧森堡) 歐元非投資等級債券基金 (歐元) (英鎊避險) (月配息),yfinance,債券型,全球市場
B19161,2015-11-26,51.690059661865234,英鎊,瑞銀 (盧森堡) 歐元非投資等級債券基金 (歐元) (英鎊避險) (月配息),yfinance,債券型,全球市場
B19161,2015-11-27,51.711952209472656,英鎊,瑞銀 (盧森堡) 歐元非投資等級債券基金 (歐元) (英鎊避險) (月配息),yfinance,債券型,全球市場
B19161,2015-11-30,51.75027847290039,英鎊,瑞銀 (盧森堡) 歐元非投資等級債券基金 (歐元) (英鎊避險) (月配息),yfinance,債券型,全球市場
B19161,2015-12-01,51.78858947753906,英鎊,瑞銀 (盧森堡) 歐元非投資等級債券基金 (歐元) (英鎊避險) (月配息),yfinance,債券型,全球市場
B19161,2015-12-02,51.81599426269531,英鎊,瑞銀 (盧森堡) 歐元非投資等級債券基金 (歐元) (英鎊避險) (月配息),yfinance,債券型,全球市場
B19161,2015-12-03,51.75574493408203,英鎊,瑞銀 (盧森堡) 歐元非投資等級債券基金 (歐元) (英鎊避險) (月配息),yfinance,債券型,全球市場
B19161,2015-12-04,51.68455123901367,英鎊,瑞銀 (盧森堡) 歐元非投資等級債券基金 (歐元) (英鎊避險) (月配息),yfinance,債券型,全球市場
B19161,2015-12-07,51.679073333740234,英鎊,瑞銀 (盧森堡) 歐元非投資等級債券基金 (歐元) (英鎊避險) (月配息),yfinance,債券型,全球市場
B19161,2015-12-08,51.58598327636719,英鎊,瑞銀 (盧森堡) 歐元非投資等級債券基金 (歐元) (英鎊避險) (月配息),yfinance,債券型,全球市場
B19161,2015-12-09,51.47100067138672,英鎊,瑞銀 (盧森堡) 歐元非投資等級債券基金 (歐元) (英鎊避險) (月配息),yfinance,債券型,全球市場
B19161,2015-12-10,51.361473083496094,英鎊,瑞銀 (盧森堡) 歐元非投資等級債券基金 (歐元) (英鎊避險) (月配息),yfinance,債券型,全球市場
B19161,2015-12-11,51.16432571411133,英鎊,瑞銀 (盧森堡) 歐元非投資等級債券基金 (歐元) (英鎊避險) (月配息),yfinance,債券型,全球市場
B19161,2015-12-14,50.80835723876953,英鎊,瑞銀 (盧森堡) 歐元非投資等級債券基金 (歐元) (英鎊避險) (月配息),yfinance,債券型,全球市場
B19161,2015-12-15,50.946014404296875,英鎊,瑞銀 (盧森堡) 歐元非投資等級債券基金 (歐元) (英鎊避險) (月配息),yfinance,債券型,全球市場
B19161,2015-12-16,51.02858352661133,英鎊,瑞銀 (盧森堡) 歐元非投資等級債券基金 (歐元) (英鎊避險) (月配息),yfinance,債券型,全球市場
B19161,2015-12-17,51.1386604309082,英鎊,瑞銀 (盧森堡) 歐元非投資等級債券基金 (歐元) (英鎊避險) (月配息),yfinance,債券型,全球市場
B19161,2015-12-18,51.111167907714844,英鎊,瑞銀 (盧森堡) 歐元非投資等級債券基金 (歐元) (英鎊避險) (月配息),yfinance,債券型,全球市場
B19161,2015-12-21,51.111167907714844,英鎊,瑞銀 (盧森堡) 歐元非投資等級債券基金 (歐元) (英鎊避險) (月配息),yfinance,債券型,全球市場
B19161,2015-12-22,51.094627380371094,英鎊,瑞銀 (盧森堡) 歐元非投資等級債券基金 (歐元) (英鎊避險) (月配息),yfinance,債券型,全球市場
B19161,2015-12-23,51.094627380371094,英鎊,瑞銀 (盧森堡) 歐元非投資等級債券基金 (歐元) (英鎊避險) (月配息),yfinance,債券型,全球市場
B19161,2015-12-24,51.111167907714844,英鎊,瑞銀 (盧森堡) 歐元非投資等級債券基金 (歐元) (英鎊避險) (月配息),yfinance,債券型,全球市場
B19161,2015-12-29,51.13318634033203,英鎊,瑞銀 (盧森堡) 歐元非投資等級債券基金 (歐元) (英鎊避險) (月配息),yfinance,債券型,全球市場
B19161,2015-12-30,51.094627380371094,英鎊,瑞銀 (盧森堡) 歐元非投資等級債券基金 (歐元) (英鎊避險) (月配息),yfinance,債券型,全球市場
B19161,2015-12-31,51.04510498046875,英鎊,瑞銀 (盧森堡) 歐元非投資等級債券基金 (歐元) (英鎊避險) (月配息),yfinance,債券型,全球市場
B27036,2015-01-02,8.5609130859375,英鎊,晉達環球策略基金 - 英鎊貨幣基金 A 收益股份,yfinance,貨幣市場,英國
B27036,2015-01-05,8.560998916625977,英鎊,晉達環球策略基金 - 英鎊貨幣基金 A 收益股份,yfinance,貨幣市場,英國
B27036,2015-01-06,8.5609130859375,英鎊,晉達環球策略基金 - 英鎊貨幣基金 A 收益股份,yfinance,貨幣市場,英國
B27036,2015-01-07,8.56108283996582,英鎊,晉達環球策略基金 - 英鎊貨幣基金 A 收益股份,yfinance,貨幣市場,英國
B27036,2015-01-08,8.560998916625977,英鎊,晉達環球策略基金 - 英鎊貨幣基金 A 收益股份,yfinance,貨幣市場,英國
B27036,2015-01-09,8.56108283996582,英鎊,晉達環球策略基金 - 英鎊貨幣基金 A 收益股份,yfinance,貨幣市場,英國
B27036,2015-01-12,8.560569763183594,英鎊,晉達環球策略基金 - 英鎊貨幣基金 A 收益股份,yfinance,貨幣市場,英國
B27036,2015-01-13,8.560998916625977,英鎊,晉達環球策略基金 - 英鎊貨幣基金 A 收益股份,yfinance,貨幣市場,英國
B27036,2015-01-14,8.561429023742676,英鎊,晉達環球策略基金 - 英鎊貨幣基金 A 收益股份,yfinance,貨幣市場,英國
B27036,2015-01-15,8.56074047088623,英鎊,晉達環球策略基金 - 英鎊貨幣基金 A 收益股份,yfinance,貨幣市場,英國
B27036,2015-01-16,8.56074047088623,英鎊,晉達環球策略基金 - 英鎊貨幣基金 A 收益股份,yfinance,貨幣市場,英國
B27036,2015-01-19,8.561513900756836,英鎊,晉達環球策略基金 - 英鎊貨幣基金 A 收益股份,yfinance,貨幣市場,英國
B27036,2015-01-20,8.561513900756836,英鎊,晉達環球策略基金 - 英鎊貨幣基金 A 收益股份,yfinance,貨幣市場,英國
B27036,2015-01-21,8.561687469482422,英鎊,晉達環球策略基金 - 英鎊貨幣基金 A 收益股份,yfinance,貨幣市場,英國
B27036,2015-01-22,8.561429023742676,英鎊,晉達環球策略基金 - 英鎊貨幣基金 A 收益股份,yfinance,貨幣市場,英國
B27036,2015-01-23,8.561773300170898,英鎊,晉達環球策略基金 - 英鎊貨幣基金 A 收益股份,yfinance,貨幣市場,英國
B27036,2015-01-26,8.561858177185059,英鎊,晉達環球策略基金 - 英鎊貨幣基金 A 收益股份,yfinance,貨幣市場,英國
B27036,2015-01-27,8.561858177185059,英鎊,晉達環球策略基金 - 英鎊貨幣基金 A 收益股份,yfinance,貨幣市場,英國
B27036,2015-01-28,8.561858177185059,英鎊,晉達環球策略基金 - 英鎊貨幣基金 A 收益股份,yfinance,貨幣市場,英國
B27036,2015-01-29,8.561945915222168,英鎊,晉達環球策略基金 - 英鎊貨幣基金 A 收益股份,yfinance,貨幣市場,英國
B27036,2015-01-30,8.562030792236328,英鎊,晉達環球策略基金 - 英鎊貨幣基金 A 收益股份,yfinance,貨幣市場,英國
B27036,2015-02-02,8.561429023742676,英鎊,晉達環球策略基金 - 英鎊貨幣基金 A 收益股份,yfinance,貨幣市場,英國
B27036,2015-02-03,8.5613431930542,英鎊,晉達環球策略基金 - 英鎊貨幣基金 A 收益股份,yfinance,貨幣市場,英國
B27036,2015-02-04,8.562030792236328,英鎊,晉達環球策略基金 - 英鎊貨幣基金 A 收益股份,yfinance,貨幣市場,英國
B27036,2015-02-05,8.562117576599121,英鎊,晉達環球策略基金 - 英鎊貨幣基金 A 收益股份,yfinance,貨幣市場,英國
B27036,2015-02-06,8.562117576599121,英鎊,晉達環球策略基金 - 英鎊貨幣基金 A 收益股份,yfinance,貨幣市場,英國
B27036,2015-02-09,8.5613431930542,英鎊,晉達環球策略基金 - 英鎊貨幣基金 A 收益股份,yfinance,貨幣市場,英國
B27036,2015-02-10,8.561687469482422,英鎊,晉達環球策略基金 - 英鎊貨幣基金 A 收益股份,yfinance,貨幣市場,英國
B27036,2015-02-11,8.561773300170898,英鎊,晉達環球策略基金 - 英鎊貨幣基金 A 收益股份,yfinance,貨幣市場,英國
B27036,2015-02-12,8.561600685119629,英鎊,晉達環球策略基金 - 英鎊貨幣基金 A 收益股份,yfinance,貨幣市場,英國
B27036,2015-02-13,8.561858177185059,英鎊,晉達環球策略基金 - 英鎊貨幣基金 A 收益股份,yfinance,貨幣市場,英國
B27036,2015-02-16,8.56229019165039,英鎊,晉達環球策略基金 - 英鎊貨幣基金 A 收益股份,yfinance,貨幣市場,英國
B27036,2015-02-17,8.562459945678711,英鎊,晉達環球策略基金 - 英鎊貨幣基金 A 收益股份,yfinance,貨幣市場,英國
B27036,2015-02-18,8.562459945678711,英鎊,晉達環球策略基金 - 英鎊貨幣基金 A 收益股份,yfinance,貨幣市場,英國
B27036,2015-02-19,8.562459945678711,英鎊,晉達環球策略基金 - 英鎊貨幣基金 A 收益股份,yfinance,貨幣市場,英國
B27036,2015-02-20,8.562545776367188,英鎊,晉達環球策略基金 - 英鎊貨幣基金 A 收益股份,yfinance,貨幣市場,英國
B27036,2015-02-23,8.561945915222168,英鎊,晉達環球策略基金 - 英鎊貨幣基金 A 收益股份,yfinance,貨幣市場,英國
B27036,2015-02-24,8.562030792236328,英鎊,晉達環球策略基金 - 英鎊貨幣基金 A 收益股份,yfinance,貨幣市場,英國
B27036,2015-02-25,8.562117576599121,英鎊,晉達環球策略基金 - 英鎊貨幣基金 A 收益股份,yfinance,貨幣市場,英國
B27036,2015-02-26,8.562204360961914,英鎊,晉達環球策略基金 - 英鎊貨幣基金 A 收益股份,yfinance,貨幣市場,英國
B27036,2015-02-27,8.562204360961914,英鎊,晉達環球策略基金 - 英鎊貨幣基金 A 收益股份,yfinance,貨幣市場,英國
B27036,2015-03-02,8.562376022338867,英鎊,晉達環球策略基金 - 英鎊貨幣基金 A 收益股份,yfinance,貨幣市場,英國
B27036,2015-03-03,8.562376022338867,英鎊,晉達環球策略基金 - 英鎊貨幣基金 A 收益股份,yfinance,貨幣市場,英國
B27036,2015-03-04,8.56263256072998,英鎊,晉達環球策略基金 - 英鎊貨幣基金 A 收益股份,yfinance,貨幣市場,英國
B27036,2015-03-05,8.56229019165039,英鎊,晉達環球策略基金 - 英鎊貨幣基金 A 收益股份,yfinance,貨幣市場,英國
B27036,2015-03-06,8.56280517578125,英鎊,晉達環球策略基金 - 英鎊貨幣基金 A 收益股份,yfinance,貨幣市場,英國
B27036,2015-03-09,8.562376022338867,英鎊,晉達環球策略基金 - 英鎊貨幣基金 A 收益股份,yfinance,貨幣市場,英國
B27036,2015-03-10,8.561773300170898,英鎊,晉達環球策略基金 - 英鎊貨幣基金 A 收益股份,yfinance,貨幣市場,英國
B27036,2015-03-11,8.561945915222168,英鎊,晉達環球策略基金 - 英鎊貨幣基金 A 收益股份,yfinance,貨幣市場,英國
B27036,2015-03-12,8.562376022338867,英鎊,晉達環球策略基金 - 英鎊貨幣基金 A 收益股份,yfinance,貨幣市場,英國
B27036,2015-03-13,8.561858177185059,英鎊,晉達環球策略基金 - 英鎊貨幣基金 A 收益股份,yfinance,貨幣市場,英國
B27036,2015-03-16,8.562117576599121,英鎊,晉達環球策略基金 - 英鎊貨幣基金 A 收益股份,yfinance,貨幣市場,英國
B27036,2015-03-17,8.561773300170898,英鎊,晉達環球策略基金 - 英鎊貨幣基金 A 收益股份,yfinance,貨幣市場,英國
B27036,2015-03-18,8.562376022338867,英鎊,晉達環球策略基金 - 英鎊貨幣基金 A 收益股份,yfinance,貨幣市場,英國
B27036,2015-03-19,8.561945915222168,英鎊,晉達環球策略基金 - 英鎊貨幣基金 A 收益股份,yfinance,貨幣市場,英國
B27036,2015-03-20,8.561945915222168,英鎊,晉達環球策略基金 - 英鎊貨幣基金 A 收益股份,yfinance,貨幣市場,英國
B27036,2015-03-23,8.561945915222168,英鎊,晉達環球策略基金 - 英鎊貨幣基金 A 收益股份,yfinance,貨幣市場,英國
B27036,2015-03-24,8.562204360961914,英鎊,晉達環球策略基金 - 英鎊貨幣基金 A 收益股份,yfinance,貨幣市場,英國
B27036,2015-03-25,8.561945915222168,英鎊,晉達環球策略基金 - 英鎊貨幣基金 A 收益股份,yfinance,貨幣市場,英國
B27036,2015-03-26,8.56229019165039,英鎊,晉達環球策略基金 - 英鎊貨幣基金 A 收益股份,yfinance,貨幣市場,英國
B27036,2015-03-27,8.562204360961914,英鎊,晉達環球策略基金 - 英鎊貨幣基金 A 收益股份,yfinance,貨幣市場,英國
B27036,2015-03-30,8.562030792236328,英鎊,晉達環球策略基金 - 英鎊貨幣基金 A 收益股份,yfinance,貨幣市場,英國
B27036,2015-03-31,8.561945915222168,英鎊,晉達環球策略基金 - 英鎊貨幣基金 A 收益股份,yfinance,貨幣市場,英國
B27036,2015-04-01,8.562376022338867,英鎊,晉達環球策略基金 - 英鎊貨幣基金 A 收益股份,yfinance,貨幣市場,英國
B27036,2015-04-02,8.562718391418457,英鎊,晉達環球策略基金 - 英鎊貨幣基金 A 收益股份,yfinance,貨幣市場,英國
B27036,2015-04-07,8.56263256072998,英鎊,晉達環球策略基金 - 英鎊貨幣基金 A 收益股份,yfinance,貨幣市場,英國
B27036,2015-04-08,8.56229019165039,英鎊,晉達環球策略基金 - 英鎊貨幣基金 A 收益股份,yfinance,貨幣市場,英國
B27036,2015-04-09,8.562204360961914,英鎊,晉達環球策略基金 - 英鎊貨幣基金 A 收益股份,yfinance,貨幣市場,英國
B27036,2015-04-10,8.562204360961914,英鎊,晉達環球策略基金 - 英鎊貨幣基金 A 收益股份,yfinance,貨幣市場,英國
B27036,2015-04-13,8.562718391418457,英鎊,晉達環球策略基金 - 英鎊貨幣基金 A 收益股份,yfinance,貨幣市場,英國
B27036,2015-04-14,8.56229019165039,英鎊,晉達環球策略基金 - 英鎊貨幣基金 A 收益股份,yfinance,貨幣市場,英國
B27036,2015-04-15,8.56348991394043,英鎊,晉達環球策略基金 - 英鎊貨幣基金 A 收益股份,yfinance,貨幣市場,英國
B27036,2015-04-16,8.563577651977539,英鎊,晉達環球策略基金 - 英鎊貨幣基金 A 收益股份,yfinance,貨幣市場,英國
B27036,2015-04-17,8.563749313354492,英鎊,晉達環球策略基金 - 英鎊貨幣基金 A 收益股份,yfinance,貨幣市場,英國
B27036,2015-04-20,8.563665390014648,英鎊,晉達環球策略基金 - 英鎊貨幣基金 A 收益股份,yfinance,貨幣市場,英國
B27036,2015-04-21,8.563749313354492,英鎊,晉達環球策略基金 - 英鎊貨幣基金 A 收益股份,yfinance,貨幣市場,英國
B27036,2015-04-22,8.563665390014648,英鎊,晉達環球策略基金 - 英鎊貨幣基金 A 收益股份,yfinance,貨幣市場,英國
B27036,2015-04-23,8.563234329223633,英鎊,晉達環球策略基金 - 英鎊貨幣基金 A 收益股份,yfinance,貨幣市場,英國
B27036,2015-04-24,8.563319206237793,英鎊,晉達環球策略基金 - 英鎊貨幣基金 A 收益股份,yfinance,貨幣市場,英國
B27036,2015-04-27,8.563149452209473,英鎊,晉達環球策略基金 - 英鎊貨幣基金 A 收益股份,yfinance,貨幣市場,英國
B27036,2015-04-28,8.563920021057129,英鎊,晉達環球策略基金 - 英鎊貨幣基金 A 收益股份,yfinance,貨幣市場,英國
B27036,2015-04-29,8.563319206237793,英鎊,晉達環球策略基金 - 英鎊貨幣基金 A 收益股份,yfinance,貨幣市場,英國
B27036,2015-04-30,8.563404083251953,英鎊,晉達環球策略基金 - 英鎊貨幣基金 A 收益股份,yfinance,貨幣市場,英國
B27036,2015-05-05,8.56348991394043,英鎊,晉達環球策略基金 - 英鎊貨幣基金 A 收益股份,yfinance,貨幣市場,英國
B27036,2015-05-06,8.563577651977539,英鎊,晉達環球策略基金 - 英鎊貨幣基金 A 收益股份,yfinance,貨幣市場,英國
B27036,2015-05-07,8.563665390014648,英鎊,晉達環球策略基金 - 英鎊貨幣基金 A 收益股份,yfinance,貨幣市場,英國
B27036,2015-05-08,8.563577651977539,英鎊,晉達環球策略基金 - 英鎊貨幣基金 A 收益股份,yfinance,貨幣市場,英國
B27036,2015-05-11,8.563665390014648,英鎊,晉達環球策略基金 - 英鎊貨幣基金 A 收益股份,yfinance,貨幣市場,英國
B27036,2015-05-12,8.563749313354492,英鎊,晉達環球策略基金 - 英鎊貨幣基金 A 收益股份,yfinance,貨幣市場,英國
B27036,2015-05-13,8.563920021057129,英鎊,晉達環球策略基金 - 英鎊貨幣基金 A 收益股份,yfinance,貨幣市場,英國
B27036,2015-05-15,8.564093589782715,英鎊,晉達環球策略基金 - 英鎊貨幣基金 A 收益股份,yfinance,貨幣市場,英國
B27036,2015-05-18,8.564178466796875,英鎊,晉達環球策略基金 - 英鎊貨幣基金 A 收益股份,yfinance,貨幣市場,英國
B27036,2015-05-19,8.564007759094238,英鎊,晉達環球策略基金 - 英鎊貨幣基金 A 收益股份,yfinance,貨幣市場,英國
B27036,2015-05-20,8.564093589782715,英鎊,晉達環球策略基金 - 英鎊貨幣基金 A 收益股份,yfinance,貨幣市場,英國
B27036,2015-05-21,8.564178466796875,英鎊,晉達環球策略基金 - 英鎊貨幣基金 A 收益股份,yfinance,貨幣市場,英國
B27036,2015-05-22,8.564093589782715,英鎊,晉達環球策略基金 - 英鎊貨幣基金 A 收益股份,yfinance,貨幣市場,英國
B27036,2015-05-26,8.564610481262207,英鎊,晉達環球策略基金 - 英鎊貨幣基金 A 收益股份,yfinance,貨幣市場,英國
B27036,2015-05-27,8.564007759094238,英鎊,晉達環球策略基金 - 英鎊貨幣基金 A 收益股份,yfinance,貨幣市場,英國
B27036,2015-05-28,8.564696311950684,英鎊,晉達環球策略基金 - 英鎊貨幣基金 A 收益股份,yfinance,貨幣市場,英國
B27036,2015-05-29,8.564868927001953,英鎊,晉達環球策略基金 - 英鎊貨幣基金 A 收益股份,yfinance,貨幣市場,英國
B27036,2015-06-01,8.564610481262207,英鎊,晉達環球策略基金 - 英鎊貨幣基金 A 收益股份,yfinance,貨幣市場,英國
B27036,2015-06-02,8.564351081848145,英鎊,晉達環球策略基金 - 英鎊貨幣基金 A 收益股份,yfinance,貨幣市場,英國
B27036,2015-06-03,8.56478214263916,英鎊,晉達環球策略基金 - 英鎊貨幣基金 A 收益股份,yfinance,貨幣市場,英國
B27036,2015-06-04,8.56478214263916,英鎊,晉達環球策略基金 - 英鎊貨幣基金 A 收益股份,yfinance,貨幣市場,英國
B27036,2015-06-05,8.564953804016113,英鎊,晉達環球策略基金 - 英鎊貨幣基金 A 收益股份,yfinance,貨幣市場,英國
B27036,2015-06-08,8.564868927001953,英鎊,晉達環球策略基金 - 英鎊貨幣基金 A 收益股份,yfinance,貨幣市場,英國
B27036,2015-06-09,8.564696311950684,英鎊,晉達環球策略基金 - 英鎊貨幣基金 A 收益股份,yfinance,貨幣市場,英國
B27036,2015-06-10,8.564178466796875,英鎊,晉達環球策略基金 - 英鎊貨幣基金 A 收益股份,yfinance,貨幣市場,英國
B27036,2015-06-11,8.564523696899414,英鎊,晉達環球策略基金 - 英鎊貨幣基金 A 收益股份,yfinance,貨幣市場,英國
B27036,2015-06-12,8.564610481262207,英鎊,晉達環球策略基金 - 英鎊貨幣基金 A 收益股份,yfinance,貨幣市場,英國
B27036,2015-06-15,8.564178466796875,英鎊,晉達環球策略基金 - 英鎊貨幣基金 A 收益股份,yfinance,貨幣市場,英國
B27036,2015-06-16,8.564351081848145,英鎊,晉達環球策略基金 - 英鎊貨幣基金 A 收益股份,yfinance,貨幣市場,英國
B27036,2015-06-17,8.564696311950684,英鎊,晉達環球策略基金 - 英鎊貨幣基金 A 收益股份,yfinance,貨幣市場,英國
B27036,2015-06-18,8.564523696899414,英鎊,晉達環球策略基金 - 英鎊貨幣基金 A 收益股份,yfinance,貨幣市場,英國
B27036,2015-06-19,8.565210342407227,英鎊,晉達環球策略基金 - 英鎊貨幣基金 A 收益股份,yfinance,貨幣市場,英國
B27036,2015-06-22,8.564696311950684,英鎊,晉達環球策略基金 - 英鎊貨幣基金 A 收益股份,yfinance,貨幣市場,英國
B27036,2015-06-24,8.56478214263916,英鎊,晉達環球策略基金 - 英鎊貨幣基金 A 收益股份,yfinance,貨幣市場,英國
B27036,2015-06-25,8.564696311950684,英鎊,晉達環球策略基金 - 英鎊貨幣基金 A 收益股份,yfinance,貨幣市場,英國
B27036,2015-06-26,8.564523696899414,英鎊,晉達環球策略基金 - 英鎊貨幣基金 A 收益股份,yfinance,貨幣市場,英國
B27036,2015-06-29,8.564265251159668,英鎊,晉達環球策略基金 - 英鎊貨幣基金 A 收益股份,yfinance,貨幣市場,英國
B27036,2015-06-30,8.564437866210938,英鎊,晉達環球策略基金 - 英鎊貨幣基金 A 收益股份,yfinance,貨幣市場,英國
B27036,2015-07-01,8.564437866210938,英鎊,晉達環球策略基金 - 英鎊貨幣基金 A 收益股份,yfinance,貨幣市場,英國
B27036,2015-07-02,8.564868927001953,英鎊,晉達環球策略基金 - 英鎊貨幣基金 A 收益股份,yfinance,貨幣市場,英國
B27036,2015-07-03,8.564608573913574,英鎊,晉達環球策略基金 - 英鎊貨幣基金 A 收益股份,yfinance,貨幣市場,英國
B27036,2015-07-06,8.564695358276367,英鎊,晉達環球策略基金 - 英鎊貨幣基金 A 收益股份,yfinance,貨幣市場,英國
B27036,2015-07-07,8.564695358276367,英鎊,晉達環球策略基金 - 英鎊貨幣基金 A 收益股份,yfinance,貨幣市場,英國
B27036,2015-07-08,8.564695358276367,英鎊,晉達環球策略基金 - 英鎊貨幣基金 A 收益股份,yfinance,貨幣市場,英國
B27036,2015-07-09,8.564695358276367,英鎊,晉達環球策略基金 - 英鎊貨幣基金 A 收益股份,yfinance,貨幣市場,英國
B27036,2015-07-10,8.56478214263916,英鎊,晉達環球策略基金 - 英鎊貨幣基金 A 收益股份,yfinance,貨幣市場,英國
B27036,2015-07-13,8.564868927001953,英鎊,晉達環球策略基金 - 英鎊貨幣基金 A 收益股份,yfinance,貨幣市場,英國
B27036,2015-07-14,8.564608573913574,英鎊,晉達環球策略基金 - 英鎊貨幣基金 A 收益股份,yfinance,貨幣市場,英國
B27036,2015-07-15,8.564523696899414,英鎊,晉達環球策略基金 - 英鎊貨幣基金 A 收益股份,yfinance,貨幣市場,英國
B27036,2015-07-16,8.564608573913574,英鎊,晉達環球策略基金 - 英鎊貨幣基金 A 收益股份,yfinance,貨幣市場,英國
B27036,2015-07-17,8.564437866210938,英鎊,晉達環球策略基金 - 英鎊貨幣基金 A 收益股份,yfinance,貨幣市場,英國
B27036,2015-07-20,8.564523696899414,英鎊,晉達環球策略基金 - 英鎊貨幣基金 A 收益股份,yfinance,貨幣市場,英國
B27036,2015-07-21,8.564608573913574,英鎊,晉達環球策略基金 - 英鎊貨幣基金 A 收益股份,yfinance,貨幣市場,英國
B27036,2015-07-22,8.565041542053223,英鎊,晉達環球策略基金 - 英鎊貨幣基金 A 收益股份,yfinance,貨幣市場,英國
B27036,2015-07-23,8.564868927001953,英鎊,晉達環球策略基金 - 英鎊貨幣基金 A 收益股份,yfinance,貨幣市場,英國
B27036,2015-07-24,8.564868927001953,英鎊,晉達環球策略基金 - 英鎊貨幣基金 A 收益股份,yfinance,貨幣市場,英國
B27036,2015-07-27,8.565041542053223,英鎊,晉達環球策略基金 - 英鎊貨幣基金 A 收益股份,yfinance,貨幣市場,英國
B27036,2015-07-28,8.564868927001953,英鎊,晉達環球策略基金 - 英鎊貨幣基金 A 收益股份,yfinance,貨幣市場,英國
B27036,2015-07-29,8.56495475769043,英鎊,晉達環球策略基金 - 英鎊貨幣基金 A 收益股份,yfinance,貨幣市場,英國
B27036,2015-07-30,8.56478214263916,英鎊,晉達環球策略基金 - 英鎊貨幣基金 A 收益股份,yfinance,貨幣市場,英國
B27036,2015-07-31,8.564608573913574,英鎊,晉達環球策略基金 - 英鎊貨幣基金 A 收益股份,yfinance,貨幣市場,英國
B27036,2015-08-03,8.564695358276367,英鎊,晉達環球策略基金 - 英鎊貨幣基金 A 收益股份,yfinance,貨幣市場,英國
B27036,2015-08-04,8.564695358276367,英鎊,晉達環球策略基金 - 英鎊貨幣基金 A 收益股份,yfinance,貨幣市場,英國
B27036,2015-08-05,8.564695358276367,英鎊,晉達環球策略基金 - 英鎊貨幣基金 A 收益股份,yfinance,貨幣市場,英國
B27036,2015-08-06,8.56478214263916,英鎊,晉達環球策略基金 - 英鎊貨幣基金 A 收益股份,yfinance,貨幣市場,英國
B27036,2015-08-07,8.564868927001953,英鎊,晉達環球策略基金 - 英鎊貨幣基金 A 收益股份,yfinance,貨幣市場,英國
B27036,2015-08-10,8.56478214263916,英鎊,晉達環球策略基金 - 英鎊貨幣基金 A 收益股份,yfinance,貨幣市場,英國
B27036,2015-08-11,8.56478214263916,英鎊,晉達環球策略基金 - 英鎊貨幣基金 A 收益股份,yfinance,貨幣市場,英國
B27036,2015-08-12,8.56478214263916,英鎊,晉達環球策略基金 - 英鎊貨幣基金 A 收益股份,yfinance,貨幣市場,英國
B27036,2015-08-13,8.56495475769043,英鎊,晉達環球策略基金 - 英鎊貨幣基金 A 收益股份,yfinance,貨幣市場,英國
B27036,2015-08-14,8.565125465393066,英鎊,晉達環球策略基金 - 英鎊貨幣基金 A 收益股份,yfinance,貨幣市場,英國
B27036,2015-08-17,8.564868927001953,英鎊,晉達環球策略基金 - 英鎊貨幣基金 A 收益股份,yfinance,貨幣市場,英國
B27036,2015-08-18,8.56495475769043,英鎊,晉達環球策略基金 - 英鎊貨幣基金 A 收益股份,yfinance,貨幣市場,英國
B27036,2015-08-19,8.564868927001953,英鎊,晉達環球策略基金 - 英鎊貨幣基金 A 收益股份,yfinance,貨幣市場,英國
B27036,2015-08-20,8.56495475769043,英鎊,晉達環球策略基金 - 英鎊貨幣基金 A 收益股份,yfinance,貨幣市場,英國
B27036,2015-08-21,8.565041542053223,英鎊,晉達環球策略基金 - 英鎊貨幣基金 A 收益股份,yfinance,貨幣市場,英國
B27036,2015-08-24,8.565041542053223,英鎊,晉達環球策略基金 - 英鎊貨幣基金 A 收益股份,yfinance,貨幣市場,英國
B27036,2015-08-25,8.565211296081543,英鎊,晉達環球策略基金 - 英鎊貨幣基金 A 收益股份,yfinance,貨幣市場,英國
B27036,2015-08-26,8.565041542053223,英鎊,晉達環球策略基金 - 英鎊貨幣基金 A 收益股份,yfinance,貨幣市場,英國
B27036,2015-08-27,8.565211296081543,英鎊,晉達環球策略基金 - 英鎊貨幣基金 A 收益股份,yfinance,貨幣市場,英國
B27036,2015-08-28,8.565041542053223,英鎊,晉達環球策略基金 - 英鎊貨幣基金 A 收益股份,yfinance,貨幣市場,英國
B27036,2015-09-01,8.565125465393066,英鎊,晉達環球策略基金 - 英鎊貨幣基金 A 收益股份,yfinance,貨幣市場,英國
B27036,2015-09-02,8.56495475769043,英鎊,晉達環球策略基金 - 英鎊貨幣基金 A 收益股份,yfinance,貨幣市場,英國
B27036,2015-09-03,8.565125465393066,英鎊,晉達環球策略基金 - 英鎊貨幣基金 A 收益股份,yfinance,貨幣市場,英國
B27036,2015-09-04,8.565041542053223,英鎊,晉達環球策略基金 - 英鎊貨幣基金 A 收益股份,yfinance,貨幣市場,英國
B27036,2015-09-07,8.56529712677002,英鎊,晉達環球策略基金 - 英鎊貨幣基金 A 收益股份,yfinance,貨幣市場,英國
B27036,2015-09-08,8.565556526184082,英鎊,晉達環球策略基金 - 英鎊貨幣基金 A 收益股份,yfinance,貨幣市場,英國
B27036,2015-09-09,8.565468788146973,英鎊,晉達環球策略基金 - 英鎊貨幣基金 A 收益股份,yfinance,貨幣市場,英國
B27036,2015-09-10,8.565556526184082,英鎊,晉達環球策略基金 - 英鎊貨幣基金 A 收益股份,yfinance,貨幣市場,英國
B27036,2015-09-11,8.565556526184082,英鎊,晉達環球策略基金 - 英鎊貨幣基金 A 收益股份,yfinance,貨幣市場,英國
B27036,2015-09-14,8.565556526184082,英鎊,晉達環球策略基金 - 英鎊貨幣基金 A 收益股份,yfinance,貨幣市場,英國
B27036,2015-09-15,8.565382957458496,英鎊,晉達環球策略基金 - 英鎊貨幣基金 A 收益股份,yfinance,貨幣市場,英國
B27036,2015-09-16,8.565382957458496,英鎊,晉達環球策略基金 - 英鎊貨幣基金 A 收益股份,yfinance,貨幣市場,英國
B27036,2015-09-17,8.565556526184082,英鎊,晉達環球策略基金 - 英鎊貨幣基金 A 收益股份,yfinance,貨幣市場,英國
B27036,2015-09-18,8.565643310546875,英鎊,晉達環球策略基金 - 英鎊貨幣基金 A 收益股份,yfinance,貨幣市場,英國
B27036,2015-09-21,8.565899848937988,英鎊,晉達環球策略基金 - 英鎊貨幣基金 A 收益股份,yfinance,貨幣市場,英國
B27036,2015-09-22,8.565382957458496,英鎊,晉達環球策略基金 - 英鎊貨幣基金 A 收益股份,yfinance,貨幣市場,英國
B27036,2015-09-23,8.565468788146973,英鎊,晉達環球策略基金 - 英鎊貨幣基金 A 收益股份,yfinance,貨幣市場,英國
B27036,2015-09-24,8.565556526184082,英鎊,晉達環球策略基金 - 英鎊貨幣基金 A 收益股份,yfinance,貨幣市場,英國
B27036,2015-09-25,8.565556526184082,英鎊,晉達環球策略基金 - 英鎊貨幣基金 A 收益股份,yfinance,貨幣市場,英國
B27036,2015-09-28,8.565556526184082,英鎊,晉達環球策略基金 - 英鎊貨幣基金 A 收益股份,yfinance,貨幣市場,英國
B27036,2015-09-29,8.565729141235352,英鎊,晉達環球策略基金 - 英鎊貨幣基金 A 收益股份,yfinance,貨幣市場,英國
B27036,2015-09-30,8.565729141235352,英鎊,晉達環球策略基金 - 英鎊貨幣基金 A 收益股份,yfinance,貨幣市場,英國
B27036,2015-10-01,8.565643310546875,英鎊,晉達環球策略基金 - 英鎊貨幣基金 A 收益股份,yfinance,貨幣市場,英國
B27036,2015-10-02,8.565643310546875,英鎊,晉達環球策略基金 - 英鎊貨幣基金 A 收益股份,yfinance,貨幣市場,英國
B27036,2015-10-05,8.565643310546875,英鎊,晉達環球策略基金 - 英鎊貨幣基金 A 收益股份,yfinance,貨幣市場,英國
B27036,2015-10-06,8.565643310546875,英鎊,晉達環球策略基金 - 英鎊貨幣基金 A 收益股份,yfinance,貨幣市場,英國
B27036,2015-10-07,8.565643310546875,英鎊,晉達環球策略基金 - 英鎊貨幣基金 A 收益股份,yfinance,貨幣市場,英國
B27036,2015-10-08,8.565729141235352,英鎊,晉達環球策略基金 - 英鎊貨幣基金 A 收益股份,yfinance,貨幣市場,英國
B27036,2015-10-09,8.565729141235352,英鎊,晉達環球策略基金 - 英鎊貨幣基金 A 收益股份,yfinance,貨幣市場,英國
B27036,2015-10-12,8.565729141235352,英鎊,晉達環球策略基金 - 英鎊貨幣基金 A 收益股份,yfinance,貨幣市場,英國
B27036,2015-10-13,8.565814971923828,英鎊,晉達環球策略基金 - 英鎊貨幣基金 A 收益股份,yfinance,貨幣市場,英國
B27036,2015-10-14,8.565814971923828,英鎊,晉達環球策略基金 - 英鎊貨幣基金 A 收益股份,yfinance,貨幣市場,英國
B27036,2015-10-15,8.565729141235352,英鎊,晉達環球策略基金 - 英鎊貨幣基金 A 收益股份,yfinance,貨幣市場,英國
B27036,2015-10-16,8.565814971923828,英鎊,晉達環球策略基金 - 英鎊貨幣基金 A 收益股份,yfinance,貨幣市場,英國
B27036,2015-10-19,8.565643310546875,英鎊,晉達環球策略基金 - 英鎊貨幣基金 A 收益股份,yfinance,貨幣市場,英國
B27036,2015-10-20,8.565729141235352,英鎊,晉達環球策略基金 - 英鎊貨幣基金 A 收益股份,yfinance,貨幣市場,英國
B27036,2015-10-21,8.565643310546875,英鎊,晉達環球策略基金 - 英鎊貨幣基金 A 收益股份,yfinance,貨幣市場,英國
B27036,2015-10-22,8.565814971923828,英鎊,晉達環球策略基金 - 英鎊貨幣基金 A 收益股份,yfinance,貨幣市場,英國
B27036,2015-10-23,8.565729141235352,英鎊,晉達環球策略基金 - 英鎊貨幣基金 A 收益股份,yfinance,貨幣市場,英國
B27036,2015-10-26,8.56658935546875,英鎊,晉達環球策略基金 - 英鎊貨幣基金 A 收益股份,yfinance,貨幣市場,英國
B27036,2015-10-27,8.56650161743164,英鎊,晉達環球策略基金 - 英鎊貨幣基金 A 收益股份,yfinance,貨幣市場,英國
B27036,2015-10-28,8.56650161743164,英鎊,晉達環球策略基金 - 英鎊貨幣基金 A 收益股份,yfinance,貨幣市場,英國
B27036,2015-10-29,8.56650161743164,英鎊,晉達環球策略基金 - 英鎊貨幣基金 A 收益股份,yfinance,貨幣市場,英國
B27036,2015-10-30,8.566675186157227,英鎊,晉達環球策略基金 - 英鎊貨幣基金 A 收益股份,yfinance,貨幣市場,英國
B27036,2015-11-02,8.56658935546875,英鎊,晉達環球策略基金 - 英鎊貨幣基金 A 收益股份,yfinance,貨幣市場,英國
B27036,2015-11-03,8.56650161743164,英鎊,晉達環球策略基金 - 英鎊貨幣基金 A 收益股份,yfinance,貨幣市場,英國
B27036,2015-11-04,8.566414833068848,英鎊,晉達環球策略基金 - 英鎊貨幣基金 A 收益股份,yfinance,貨幣市場,英國
B27036,2015-11-05,8.566675186157227,英鎊,晉達環球策略基金 - 英鎊貨幣基金 A 收益股份,yfinance,貨幣市場,英國
B27036,2015-11-06,8.566675186157227,英鎊,晉達環球策略基金 - 英鎊貨幣基金 A 收益股份,yfinance,貨幣市場,英國
B27036,2015-11-09,8.567276954650879,英鎊,晉達環球策略基金 - 英鎊貨幣基金 A 收益股份,yfinance,貨幣市場,英國
B27036,2015-11-10,8.567276954650879,英鎊,晉達環球策略基金 - 英鎊貨幣基金 A 收益股份,yfinance,貨幣市場,英國
B27036,2015-11-11,8.567276954650879,英鎊,晉達環球策略基金 - 英鎊貨幣基金 A 收益股份,yfinance,貨幣市場,英國
B27036,2015-11-12,8.567362785339355,英鎊,晉達環球策略基金 - 英鎊貨幣基金 A 收益股份,yfinance,貨幣市場,英國
B27036,2015-11-13,8.567448616027832,英鎊,晉達環球策略基金 - 英鎊貨幣基金 A 收益股份,yfinance,貨幣市場,英國
B27036,2015-11-16,8.567705154418945,英鎊,晉達環球策略基金 - 英鎊貨幣基金 A 收益股份,yfinance,貨幣市場,英國
B27036,2015-11-17,8.567790985107422,英鎊,晉達環球策略基金 - 英鎊貨幣基金 A 收益股份,yfinance,貨幣市場,英國
B27036,2015-11-18,8.567790985107422,英鎊,晉達環球策略基金 - 英鎊貨幣基金 A 收益股份,yfinance,貨幣市場,英國
B27036,2015-11-19,8.567790985107422,英鎊,晉達環球策略基金 - 英鎊貨幣基金 A 收益股份,yfinance,貨幣市場,英國
B27036,2015-11-20,8.567875862121582,英鎊,晉達環球策略基金 - 英鎊貨幣基金 A 收益股份,yfinance,貨幣市場,英國
B27036,2015-11-23,8.567790985107422,英鎊,晉達環球策略基金 - 英鎊貨幣基金 A 收益股份,yfinance,貨幣市場,英國
B27036,2015-11-24,8.567790985107422,英鎊,晉達環球策略基金 - 英鎊貨幣基金 A 收益股份,yfinance,貨幣市場,英國
B27036,2015-11-25,8.568136215209961,英鎊,晉達環球策略基金 - 英鎊貨幣基金 A 收益股份,yfinance,貨幣市場,英國
B27036,2015-11-26,8.568136215209961,英鎊,晉達環球策略基金 - 英鎊貨幣基金 A 收益股份,yfinance,貨幣市場,英國
B27036,2015-11-27,8.5680513381958,英鎊,晉達環球策略基金 - 英鎊貨幣基金 A 收益股份,yfinance,貨幣市場,英國
B27036,2015-11-30,8.568136215209961,英鎊,晉達環球策略基金 - 英鎊貨幣基金 A 收益股份,yfinance,貨幣市場,英國
B27036,2015-12-01,8.5680513381958,英鎊,晉達環球策略基金 - 英鎊貨幣基金 A 收益股份,yfinance,貨幣市場,英國
B27036,2015-12-02,8.568136215209961,英鎊,晉達環球策略基金 - 英鎊貨幣基金 A 收益股份,yfinance,貨幣市場,英國
B27036,2015-12-03,8.5680513381958,英鎊,晉達環球策略基金 - 英鎊貨幣基金 A 收益股份,yfinance,貨幣市場,英國
B27036,2015-12-04,8.567790985107422,英鎊,晉達環球策略基金 - 英鎊貨幣基金 A 收益股份,yfinance,貨幣市場,英國
B27036,2015-12-07,8.567875862121582,英鎊,晉達環球策略基金 - 英鎊貨幣基金 A 收益股份,yfinance,貨幣市場,英國
B27036,2015-12-08,8.567963600158691,英鎊,晉達環球策略基金 - 英鎊貨幣基金 A 收益股份,yfinance,貨幣市場,英國
B27036,2015-12-09,8.5680513381958,英鎊,晉達環球策略基金 - 英鎊貨幣基金 A 收益股份,yfinance,貨幣市場,英國
B27036,2015-12-10,8.568136215209961,英鎊,晉達環球策略基金 - 英鎊貨幣基金 A 收益股份,yfinance,貨幣市場,英國
B27036,2015-12-11,8.567790985107422,英鎊,晉達環球策略基金 - 英鎊貨幣基金 A 收益股份,yfinance,貨幣市場,英國
B27036,2015-12-14,8.567875862121582,英鎊,晉達環球策略基金 - 英鎊貨幣基金 A 收益股份,yfinance,貨幣市場,英國
B27036,2015-12-15,8.568136215209961,英鎊,晉達環球策略基金 - 英鎊貨幣基金 A 收益股份,yfinance,貨幣市場,英國
B27036,2015-12-16,8.568394660949707,英鎊,晉達環球策略基金 - 英鎊貨幣基金 A 收益股份,yfinance,貨幣市場,英國
B27036,2015-12-17,8.568136215209961,英鎊,晉達環球策略基金 - 英鎊貨幣基金 A 收益股份,yfinance,貨幣市場,英國
B27036,2015-12-18,8.5680513381958,英鎊,晉達環球策略基金 - 英鎊貨幣基金 A 收益股份,yfinance,貨幣市場,英國
B27036,2015-12-21,8.567875862121582,英鎊,晉達環球策略基金 - 英鎊貨幣基金 A 收益股份,yfinance,貨幣市場,英國
B27036,2015-12-22,8.567705154418945,英鎊,晉達環球策略基金 - 英鎊貨幣基金 A 收益股份,yfinance,貨幣市場,英國
B27036,2015-12-23,8.567875862121582,英鎊,晉達環球策略基金 - 英鎊貨幣基金 A 收益股份,yfinance,貨幣市場,英國
B27036,2015-12-29,8.567963600158691,英鎊,晉達環球策略基金 - 英鎊貨幣基金 A 收益股份,yfinance,貨幣市場,英國
B27036,2015-12-30,8.567790985107422,英鎊,晉達環球策略基金 - 英鎊貨幣基金 A 收益股份,yfinance,貨幣市場,英國
B27036,2015-12-31,8.5680513381958,英鎊,晉達環球策略基金 - 英鎊貨幣基金 A 收益股份,yfinance,貨幣市場,英國
B24046,2015-01-02,44.194515228271484,英鎊,霸菱亞洲增長基金-A類 英鎊配息型,yfinance,股票型,亞洲地區
B24046,2015-01-05,44.253746032714844,英鎊,霸菱亞洲增長基金-A類 英鎊配息型,yfinance,股票型,亞洲地區
B24046,2015-01-06,43.908241271972656,英鎊,霸菱亞洲增長基金-A類 英鎊配息型,yfinance,股票型,亞洲地區
B24046,2015-01-07,44.35245895385742,英鎊,霸菱亞洲增長基金-A類 英鎊配息型,yfinance,股票型,亞洲地區
B24046,2015-01-08,45.27050018310547,英鎊,霸菱亞洲增長基金-A類 英鎊配息型,yfinance,股票型,亞洲地區
B24046,2015-01-09,45.1915283203125,英鎊,霸菱亞洲增長基金-A類 英鎊配息型,yfinance,股票型,亞洲地區
B24046,2015-01-12,45.211273193359375,英鎊,霸菱亞洲增長基金-A類 英鎊配息型,yfinance,股票型,亞洲地區
B24046,2015-01-13,45.231021881103516,英鎊,霸菱亞洲增長基金-A類 英鎊配息型,yfinance,股票型,亞洲地區
B24046,2015-01-14,45.1915283203125,英鎊,霸菱亞洲增長基金-A類 英鎊配息型,yfinance,股票型,亞洲地區
B24046,2015-01-15,45.06320571899414,英鎊,霸菱亞洲增長基金-A類 英鎊配息型,yfinance,股票型,亞洲地區
B24046,2015-01-16,45.36921691894531,英鎊,霸菱亞洲增長基金-A類 英鎊配息型,yfinance,股票型,亞洲地區
B24046,2015-01-19,45.18165969848633,英鎊,霸菱亞洲增長基金-A類 英鎊配息型,yfinance,股票型,亞洲地區
B24046,2015-01-20,45.37908935546875,英鎊,霸菱亞洲增長基金-A類 英鎊配息型,yfinance,股票型,亞洲地區
B24046,2015-01-21,46.13919448852539,英鎊,霸菱亞洲增長基金-A類 英鎊配息型,yfinance,股票型,亞洲地區
B24046,2015-01-22,46.12931823730469,英鎊,霸菱亞洲增長基金-A類 英鎊配息型,yfinance,股票型,亞洲地區
B24046,2015-01-23,47.55080795288086,英鎊,霸菱亞洲增長基金-A類 英鎊配息型,yfinance,股票型,亞洲地區
B24046,2015-01-26,47.51132583618164,英鎊,霸菱亞洲增長基金-A類 英鎊配息型,yfinance,股票型,亞洲地區
B24046,2015-01-27,47.51132583618164,英鎊,霸菱亞洲增長基金-A類 英鎊配息型,yfinance,股票型,亞洲地區
B24046,2015-01-28,47.15595245361328,英鎊,霸菱亞洲增長基金-A類 英鎊配息型,yfinance,股票型,亞洲地區
B24046,2015-01-29,46.41559600830078,英鎊,霸菱亞洲增長基金-A類 英鎊配息型,yfinance,股票型,亞洲地區
B24046,2015-01-30,46.48469543457031,英鎊,霸菱亞洲增長基金-A類 英鎊配息型,yfinance,股票型,亞洲地區
B24046,2015-02-02,46.52417755126953,英鎊,霸菱亞洲增長基金-A類 英鎊配息型,yfinance,股票型,亞洲地區
B24046,2015-02-03,46.6031494140625,英鎊,霸菱亞洲增長基金-A類 英鎊配息型,yfinance,股票型,亞洲地區
B24046,2015-02-04,46.2379035949707,英鎊,霸菱亞洲增長基金-A類 英鎊配息型,yfinance,股票型,亞洲地區
B24046,2015-02-05,45.951629638671875,英鎊,霸菱亞洲增長基金-A類 英鎊配息型,yfinance,股票型,亞洲地區
B24046,2015-02-06,45.487674713134766,英鎊,霸菱亞洲增長基金-A類 英鎊配息型,yfinance,股票型,亞洲地區
B24046,2015-02-09,45.4087028503418,英鎊,霸菱亞洲增長基金-A類 英鎊配息型,yfinance,股票型,亞洲地區
B24046,2015-02-10,45.36921691894531,英鎊,霸菱亞洲增長基金-A類 英鎊配息型,yfinance,股票型,亞洲地區
B24046,2015-02-11,45.44818878173828,英鎊,霸菱亞洲增長基金-A類 英鎊配息型,yfinance,股票型,亞洲地區
B24046,2015-02-12,45.30998611450195,英鎊,霸菱亞洲增長基金-A類 英鎊配息型,yfinance,股票型,亞洲地區
B24046,2015-02-13,45.51728820800781,英鎊,霸菱亞洲增長基金-A類 英鎊配息型,yfinance,股票型,亞洲地區
B24046,2015-02-16,45.52716064453125,英鎊,霸菱亞洲增長基金-A類 英鎊配息型,yfinance,股票型,亞洲地區
B24046,2015-02-17,45.4087028503418,英鎊,霸菱亞洲增長基金-A類 英鎊配息型,yfinance,股票型,亞洲地區
B24046,2015-02-18,45.4087028503418,英鎊,霸菱亞洲增長基金-A類 英鎊配息型,yfinance,股票型,亞洲地區
B24046,2015-02-19,45.319862365722656,英鎊,霸菱亞洲增長基金-A類 英鎊配息型,yfinance,股票型,亞洲地區
B24046,2015-02-20,45.57651138305664,英鎊,霸菱亞洲增長基金-A類 英鎊配息型,yfinance,股票型,亞洲地區
B24046,2015-02-23,45.63574981689453,英鎊,霸菱亞洲增長基金-A類 英鎊配息型,yfinance,股票型,亞洲地區
B24046,2015-02-24,45.63574981689453,英鎊,霸菱亞洲增長基金-A類 英鎊配息型,yfinance,股票型,亞洲地區
B24046,2015-02-25,45.694976806640625,英鎊,霸菱亞洲增長基金-A類 英鎊配息型,yfinance,股票型,亞洲地區
B24046,2015-02-26,45.50741195678711,英鎊,霸菱亞洲增長基金-A類 英鎊配息型,yfinance,股票型,亞洲地區
B24046,2015-02-27,45.714717864990234,英鎊,霸菱亞洲增長基金-A類 英鎊配息型,yfinance,股票型,亞洲地區
B24046,2015-03-02,46.24777603149414,英鎊,霸菱亞洲增長基金-A類 英鎊配息型,yfinance,股票型,亞洲地區
B24046,2015-03-03,46.42546081542969,英鎊,霸菱亞洲增長基金-A類 英鎊配息型,yfinance,股票型,亞洲地區
B24046,2015-03-04,46.16880798339844,英鎊,霸菱亞洲增長基金-A類 英鎊配息型,yfinance,股票型,亞洲地區
B24046,2015-03-05,46.25764846801758,英鎊,霸菱亞洲增長基金-A類 英鎊配息型,yfinance,股票型,亞洲地區
B24046,2015-03-06,46.92890548706055,英鎊,霸菱亞洲增長基金-A類 英鎊配息型,yfinance,股票型,亞洲地區
B24046,2015-03-09,46.622894287109375,英鎊,霸菱亞洲增長基金-A類 英鎊配息型,yfinance,股票型,亞洲地區
B24046,2015-03-10,46.326744079589844,英鎊,霸菱亞洲增長基金-A類 英鎊配息型,yfinance,股票型,亞洲地區
B24046,2015-03-11,45.931888580322266,英鎊,霸菱亞洲增長基金-A類 英鎊配息型,yfinance,股票型,亞洲地區
B24046,2015-03-12,46.38597869873047,英鎊,霸菱亞洲增長基金-A類 英鎊配息型,yfinance,股票型,亞洲地區
B24046,2015-03-13,46.770965576171875,英鎊,霸菱亞洲增長基金-A類 英鎊配息型,yfinance,股票型,亞洲地區
B24046,2015-03-16,46.899288177490234,英鎊,霸菱亞洲增長基金-A類 英鎊配息型,yfinance,股票型,亞洲地區
B24046,2015-03-18,47.89631271362305,英鎊,霸菱亞洲增長基金-A類 英鎊配息型,yfinance,股票型,亞洲地區
B24046,2015-03-19,47.58042526245117,英鎊,霸菱亞洲增長基金-A類 英鎊配息型,yfinance,股票型,亞洲地區
B24046,2015-03-20,48.01476287841797,英鎊,霸菱亞洲增長基金-A類 英鎊配息型,yfinance,股票型,亞洲地區
B24046,2015-03-23,47.93579864501953,英鎊,霸菱亞洲增長基金-A類 英鎊配息型,yfinance,股票型,亞洲地區
B24046,2015-03-24,48.073997497558594,英鎊,霸菱亞洲增長基金-A類 英鎊配息型,yfinance,股票型,亞洲地區
B24046,2015-03-25,47.93579864501953,英鎊,霸菱亞洲增長基金-A類 英鎊配息型,yfinance,股票型,亞洲地區
B24046,2015-03-26,47.2744026184082,英鎊,霸菱亞洲增長基金-A類 英鎊配息型,yfinance,股票型,亞洲地區
B24046,2015-03-27,47.254669189453125,英鎊,霸菱亞洲增長基金-A類 英鎊配息型,yfinance,股票型,亞洲地區
B24046,2015-03-30,47.87656784057617,英鎊,霸菱亞洲增長基金-A類 英鎊配息型,yfinance,股票型,亞洲地區
B24046,2015-03-31,48.32078552246094,英鎊,霸菱亞洲增長基金-A類 英鎊配息型,yfinance,股票型,亞洲地區
B24046,2015-04-01,48.57743835449219,英鎊,霸菱亞洲增長基金-A類 英鎊配息型,yfinance,股票型,亞洲地區
B24046,2015-04-02,48.843971252441406,英鎊,霸菱亞洲增長基金-A類 英鎊配息型,yfinance,股票型,亞洲地區
B24046,2015-04-07,48.804481506347656,英鎊,霸菱亞洲增長基金-A類 英鎊配息型,yfinance,股票型,亞洲地區
B24046,2015-04-08,49.367156982421875,英鎊,霸菱亞洲增長基金-A類 英鎊配息型,yfinance,股票型,亞洲地區
B24046,2015-04-09,50.206233978271484,英鎊,霸菱亞洲增長基金-A類 英鎊配息型,yfinance,股票型,亞洲地區
B24046,2015-04-10,51.13414764404297,英鎊,霸菱亞洲增長基金-A類 英鎊配息型,yfinance,股票型,亞洲地區
B24046,2015-04-13,51.5684928894043,英鎊,霸菱亞洲增長基金-A類 英鎊配息型,yfinance,股票型,亞洲地區
B24046,2015-04-14,50.97620391845703,英鎊,霸菱亞洲增長基金-A類 英鎊配息型,yfinance,股票型,亞洲地區
B24046,2015-04-15,50.502376556396484,英鎊,霸菱亞洲增長基金-A類 英鎊配息型,yfinance,股票型,亞洲地區
B24046,2015-04-16,50.512245178222656,英鎊,霸菱亞洲增長基金-A類 英鎊配息型,yfinance,股票型,亞洲地區
B24046,2015-04-17,50.512245178222656,英鎊,霸菱亞洲增長基金-A類 英鎊配息型,yfinance,股票型,亞洲地區
B24046,2015-04-20,50.14699935913086,英鎊,霸菱亞洲增長基金-A類 英鎊配息型,yfinance,股票型,亞洲地區
B24046,2015-04-21,50.30494689941406,英鎊,霸菱亞洲增長基金-A類 英鎊配息型,yfinance,股票型,亞洲地區
B24046,2015-04-22,50.35429763793945,英鎊,霸菱亞洲增長基金-A類 英鎊配息型,yfinance,股票型,亞洲地區
B24046,2015-04-23,50.77877426147461,英鎊,霸菱亞洲增長基金-A類 英鎊配息型,yfinance,股票型,亞洲地區
B24046,2015-04-24,50.43327713012695,英鎊,霸菱亞洲增長基金-A類 英鎊配息型,yfinance,股票型,亞洲地區
B24046,2015-04-27,50.374046325683594,英鎊,霸菱亞洲增長基金-A類 英鎊配息型,yfinance,股票型,亞洲地區
B24046,2015-04-28,49.94956970214844,英鎊,霸菱亞洲增長基金-A類 英鎊配息型,yfinance,股票型,亞洲地區
B24046,2015-04-29,49.33754348754883,英鎊,霸菱亞洲增長基金-A類 英鎊配息型,yfinance,股票型,亞洲地區
B24046,2015-04-30,48.794612884521484,英鎊,霸菱亞洲增長基金-A類 英鎊配息型,yfinance,股票型,亞洲地區
B24046,2015-05-01,49.20920944213867,英鎊,霸菱亞洲增長基金-A類 英鎊配息型,yfinance,股票型,亞洲地區
B24046,2015-05-05,49.604068756103516,英鎊,霸菱亞洲增長基金-A類 英鎊配息型,yfinance,股票型,亞洲地區
B24046,2015-05-06,48.91307067871094,英鎊,霸菱亞洲增長基金-A類 英鎊配息型,yfinance,股票型,亞洲地區
B24046,2015-05-07,48.23194122314453,英鎊,霸菱亞洲增長基金-A類 英鎊配息型,yfinance,股票型,亞洲地區
B24046,2015-05-08,48.03451156616211,英鎊,霸菱亞洲增長基金-A類 英鎊配息型,yfinance,股票型,亞洲地區
B24046,2015-05-11,48.409629821777344,英鎊,霸菱亞洲增長基金-A類 英鎊配息型,yfinance,股票型,亞洲地區
B24046,2015-05-12,47.43235397338867,英鎊,霸菱亞洲增長基金-A類 英鎊配息型,yfinance,股票型,亞洲地區
B24046,2015-05-13,47.422481536865234,英鎊,霸菱亞洲增長基金-A類 英鎊配息型,yfinance,股票型,亞洲地區
B24046,2015-05-14,47.22505569458008,英鎊,霸菱亞洲增長基金-A類 英鎊配息型,yfinance,股票型,亞洲地區
B24046,2015-05-15,47.81733322143555,英鎊,霸菱亞洲增長基金-A類 英鎊配息型,yfinance,股票型,亞洲地區
B24046,2015-05-18,48.162841796875,英鎊,霸菱亞洲增長基金-A類 英鎊配息型,yfinance,股票型,亞洲地區
B24046,2015-05-19,49.04140090942383,英鎊,霸菱亞洲增長基金-A類 英鎊配息型,yfinance,股票型,亞洲地區
B24046,2015-05-20,49.12036895751953,英鎊,霸菱亞洲增長基金-A類 英鎊配息型,yfinance,股票型,亞洲地區
B24046,2015-05-21,48.54782485961914,英鎊,霸菱亞洲增長基金-A類 英鎊配息型,yfinance,股票型,亞洲地區
B24046,2015-05-22,49.258575439453125,英鎊,霸菱亞洲增長基金-A類 英鎊配息型,yfinance,股票型,亞洲地區
B24046,2015-05-26,49.99893569946289,英鎊,霸菱亞洲增長基金-A類 英鎊配息型,yfinance,股票型,亞洲地區
B24046,2015-05-27,50.02854537963867,英鎊,霸菱亞洲增長基金-A類 英鎊配息型,yfinance,股票型,亞洲地區
B24046,2015-05-28,49.78175735473633,英鎊,霸菱亞洲增長基金-A類 英鎊配息型,yfinance,股票型,亞洲地區
B24046,2015-05-29,50.08777618408203,英鎊,霸菱亞洲增長基金-A類 英鎊配息型,yfinance,股票型,亞洲地區
B24046,2015-06-02,49.574459075927734,英鎊,霸菱亞洲增長基金-A類 英鎊配息型,yfinance,股票型,亞洲地區
B24046,2015-06-03,49.21908950805664,英鎊,霸菱亞洲增長基金-A類 英鎊配息型,yfinance,股票型,亞洲地區
B24046,2015-06-04,48.35039520263672,英鎊,霸菱亞洲增長基金-A類 英鎊配息型,yfinance,股票型,亞洲地區
B24046,2015-06-05,48.88345718383789,英鎊,霸菱亞洲增長基金-A類 英鎊配息型,yfinance,股票型,亞洲地區
B24046,2015-06-08,48.705772399902344,英鎊,霸菱亞洲增長基金-A類 英鎊配息型,yfinance,股票型,亞洲地區
B24046,2015-06-09,47.83708190917969,英鎊,霸菱亞洲增長基金-A類 英鎊配息型,yfinance,股票型,亞洲地區
B24046,2015-06-10,47.36325454711914,英鎊,霸菱亞洲增長基金-A類 英鎊配息型,yfinance,股票型,亞洲地區
B24046,2015-06-11,47.54093933105469,英鎊,霸菱亞洲增長基金-A類 英鎊配息型,yfinance,股票型,亞洲地區
B24046,2015-06-12,47.68901062011719,英鎊,霸菱亞洲增長基金-A類 英鎊配息型,yfinance,股票型,亞洲地區
B24046,2015-06-15,47.096717834472656,英鎊,霸菱亞洲增長基金-A類 英鎊配息型,yfinance,股票型,亞洲地區
B24046,2015-06-16,46.682125091552734,英鎊,霸菱亞洲增長基金-A類 英鎊配息型,yfinance,股票型,亞洲地區
B24046,2015-06-17,46.63276290893555,英鎊,霸菱亞洲增長基金-A類 英鎊配息型,yfinance,股票型,亞洲地區
B24046,2015-06-18,46.41559600830078,英鎊,霸菱亞洲增長基金-A類 英鎊配息型,yfinance,股票型,亞洲地區
B24046,2015-06-19,46.346492767333984,英鎊,霸菱亞洲增長基金-A類 英鎊配息型,yfinance,股票型,亞洲地區
B24046,2015-06-22,46.80057907104492,英鎊,霸菱亞洲增長基金-A類 英鎊配息型,yfinance,股票型,亞洲地區
B24046,2015-06-23,47.19544219970703,英鎊,霸菱亞洲增長基金-A類 英鎊配息型,yfinance,股票型,亞洲地區
B24046,2015-06-24,47.45209503173828,英鎊,霸菱亞洲增長基金-A類 英鎊配息型,yfinance,股票型,亞洲地區
B24046,2015-06-25,47.5606803894043,英鎊,霸菱亞洲增長基金-A類 英鎊配息型,yfinance,股票型,亞洲地區
B24046,2015-06-26,47.06710433959961,英鎊,霸菱亞洲增長基金-A類 英鎊配息型,yfinance,股票型,亞洲地區
B24046,2015-06-29,46.070091247558594,英鎊,霸菱亞洲增長基金-A類 英鎊配息型,yfinance,股票型,亞洲地區
B24046,2015-06-30,46.63276290893555,英鎊,霸菱亞洲增長基金-A類 英鎊配息型,yfinance,股票型,亞洲地區
B24046,2015-07-01,47.096717834472656,英鎊,霸菱亞洲增長基金-A類 英鎊配息型,yfinance,股票型,亞洲地區
B24046,2015-07-02,47.36325454711914,英鎊,霸菱亞洲增長基金-A類 英鎊配息型,yfinance,股票型,亞洲地區
B24046,2015-07-03,46.84993362426758,英鎊,霸菱亞洲增長基金-A類 英鎊配息型,yfinance,股票型,亞洲地區
B24046,2015-07-06,45.823299407958984,英鎊,霸菱亞洲增長基金-A類 英鎊配息型,yfinance,股票型,亞洲地區
B24046,2015-07-07,45.44818878173828,英鎊,霸菱亞洲增長基金-A類 英鎊配息型,yfinance,股票型,亞洲地區
B24046,2015-07-08,44.253746032714844,英鎊,霸菱亞洲增長基金-A類 英鎊配息型,yfinance,股票型,亞洲地區
B24046,2015-07-09,45.25075912475586,英鎊,霸菱亞洲增長基金-A類 英鎊配息型,yfinance,股票型,亞洲地區
B24046,2015-07-10,45.4975471496582,英鎊,霸菱亞洲增長基金-A類 英鎊配息型,yfinance,股票型,亞洲地區
B24046,2015-07-13,46.29713439941406,英鎊,霸菱亞洲增長基金-A類 英鎊配息型,yfinance,股票型,亞洲地區
B24046,2015-07-14,46.04047775268555,英鎊,霸菱亞洲增長基金-A類 英鎊配息型,yfinance,股票型,亞洲地區
B24046,2015-07-15,45.59626007080078,英鎊,霸菱亞洲增長基金-A類 英鎊配息型,yfinance,股票型,亞洲地區
B24046,2015-07-16,45.74433135986328,英鎊,霸菱亞洲增長基金-A類 英鎊配息型,yfinance,股票型,亞洲地區
B24046,2015-07-17,46.11944580078125,英鎊,霸菱亞洲增長基金-A類 英鎊配息型,yfinance,股票型,亞洲地區
B24046,2015-07-20,46.29713439941406,英鎊,霸菱亞洲增長基金-A類 英鎊配息型,yfinance,股票型,亞洲地區
B24046,2015-07-21,46.38597869873047,英鎊,霸菱亞洲增長基金-A類 英鎊配息型,yfinance,股票型,亞洲地區
B24046,2015-07-22,45.85292053222656,英鎊,霸菱亞洲增長基金-A類 英鎊配息型,yfinance,股票型,亞洲地區
B24046,2015-07-23,45.72459030151367,英鎊,霸菱亞洲增長基金-A類 英鎊配息型,yfinance,股票型,亞洲地區
B24046,2015-07-24,45.566646575927734,英鎊,霸菱亞洲增長基金-A類 英鎊配息型,yfinance,股票型,亞洲地區
B24046,2015-07-27,44.115543365478516,英鎊,霸菱亞洲增長基金-A類 英鎊配息型,yfinance,股票型,亞洲地區
B24046,2015-07-28,43.73055648803711,英鎊,霸菱亞洲增長基金-A類 英鎊配息型,yfinance,股票型,亞洲地區
B24046,2015-07-29,44.04644012451172,英鎊,霸菱亞洲增長基金-A類 英鎊配息型,yfinance,股票型,亞洲地區
B24046,2015-07-30,43.9378547668457,英鎊,霸菱亞洲增長基金-A類 英鎊配息型,yfinance,股票型,亞洲地區
B24046,2015-07-31,44.38207244873047,英鎊,霸菱亞洲增長基金-A類 英鎊配息型,yfinance,股票型,亞洲地區
B24046,2015-08-04,43.799652099609375,英鎊,霸菱亞洲增長基金-A類 英鎊配息型,yfinance,股票型,亞洲地區
B24046,2015-08-05,44.115543365478516,英鎊,霸菱亞洲增長基金-A類 英鎊配息型,yfinance,股票型,亞洲地區
B24046,2015-08-06,43.918113708496094,英鎊,霸菱亞洲增長基金-A類 英鎊配息型,yfinance,股票型,亞洲地區
B24046,2015-08-07,43.95759582519531,英鎊,霸菱亞洲增長基金-A類 英鎊配息型,yfinance,股票型,亞洲地區
B24046,2015-08-10,44.224124908447266,英鎊,霸菱亞洲增長基金-A類 英鎊配息型,yfinance,股票型,亞洲地區
B24046,2015-08-11,43.542999267578125,英鎊,霸菱亞洲增長基金-A類 英鎊配息型,yfinance,股票型,亞洲地區
B24046,2015-08-12,42.299190521240234,英鎊,霸菱亞洲增長基金-A類 英鎊配息型,yfinance,股票型,亞洲地區
B24046,2015-08-13,42.467010498046875,英鎊,霸菱亞洲增長基金-A類 英鎊配息型,yfinance,股票型,亞洲地區
B24046,2015-08-14,42.486751556396484,英鎊,霸菱亞洲增長基金-A類 英鎊配息型,yfinance,股票型,亞洲地區
B24046,2015-08-17,42.47687911987305,英鎊,霸菱亞洲增長基金-A類 英鎊配息型,yfinance,股票型,亞洲地區
B24046,2015-08-18,41.69703674316406,英鎊,霸菱亞洲增長基金-A類 英鎊配息型,yfinance,股票型,亞洲地區
B24046,2015-08-19,41.27256393432617,英鎊,霸菱亞洲增長基金-A類 英鎊配息型,yfinance,股票型,亞洲地區
B24046,2015-08-20,40.75925064086914,英鎊,霸菱亞洲增長基金-A類 英鎊配息型,yfinance,股票型,亞洲地區
B24046,2015-08-21,39.48582458496094,英鎊,霸菱亞洲增長基金-A類 英鎊配息型,yfinance,股票型,亞洲地區
B24046,2015-08-24,37.3338508605957,英鎊,霸菱亞洲增長基金-A類 英鎊配息型,yfinance,股票型,亞洲地區
B24046,2015-08-25,38.3604850769043,英鎊,霸菱亞洲增長基金-A類 英鎊配息型,yfinance,股票型,亞洲地區
B24046,2015-08-26,38.25189971923828,英鎊,霸菱亞洲增長基金-A類 英鎊配息型,yfinance,股票型,亞洲地區
B24046,2015-08-27,40.1570930480957,英鎊,霸菱亞洲增長基金-A類 英鎊配息型,yfinance,股票型,亞洲地區
B24046,2015-08-28,40.344642639160156,英鎊,霸菱亞洲增長基金-A類 英鎊配息型,yfinance,股票型,亞洲地區
B24046,2015-09-01,39.554927825927734,英鎊,霸菱亞洲增長基金-A類 英鎊配息型,yfinance,股票型,亞洲地區
B24046,2015-09-02,39.59441375732422,英鎊,霸菱亞洲增長基金-A類 英鎊配息型,yfinance,股票型,亞洲地區
B24046,2015-09-03,39.63390350341797,英鎊,霸菱亞洲增長基金-A類 英鎊配息型,yfinance,股票型,亞洲地區
B24046,2015-09-04,39.08109664916992,英鎊,霸菱亞洲增長基金-A類 英鎊配息型,yfinance,股票型,亞洲地區
B24046,2015-09-07,38.567787170410156,英鎊,霸菱亞洲增長基金-A類 英鎊配息型,yfinance,股票型,亞洲地區
B24046,2015-09-08,38.883670806884766,英鎊,霸菱亞洲增長基金-A類 英鎊配息型,yfinance,股票型,亞洲地區
B24046,2015-09-09,39.979400634765625,英鎊,霸菱亞洲增長基金-A類 英鎊配息型,yfinance,股票型,亞洲地區
B24046,2015-09-10,39.58454513549805,英鎊,霸菱亞洲增長基金-A類 英鎊配息型,yfinance,股票型,亞洲地區
B24046,2015-09-11,39.36737060546875,英鎊,霸菱亞洲增長基金-A類 英鎊配息型,yfinance,股票型,亞洲地區
B24046,2015-09-14,39.47595977783203,英鎊,霸菱亞洲增長基金-A類 英鎊配息型,yfinance,股票型,亞洲地區
B24046,2015-09-15,39.406856536865234,英鎊,霸菱亞洲增長基金-A類 英鎊配息型,yfinance,股票型,亞洲地區
B24046,2015-09-16,39.604286193847656,英鎊,霸菱亞洲增長基金-A類 英鎊配息型,yfinance,股票型,亞洲地區
B24046,2015-09-17,39.81159210205078,英鎊,霸菱亞洲增長基金-A類 英鎊配息型,yfinance,股票型,亞洲地區
B24046,2015-09-18,40.17682647705078,英鎊,霸菱亞洲增長基金-A類 英鎊配息型,yfinance,股票型,亞洲地區
B24046,2015-09-21,39.94978713989258,英鎊,霸菱亞洲增長基金-A類 英鎊配息型,yfinance,股票型,亞洲地區
B24046,2015-09-22,39.574668884277344,英鎊,霸菱亞洲增長基金-A類 英鎊配息型,yfinance,股票型,亞洲地區
B24046,2015-09-23,39.82146072387695,英鎊,霸菱亞洲增長基金-A類 英鎊配息型,yfinance,股票型,亞洲地區
B24046,2015-09-24,39.56480026245117,英鎊,霸菱亞洲增長基金-A類 英鎊配息型,yfinance,股票型,亞洲地區
B24046,2015-09-25,39.6931266784668,英鎊,霸菱亞洲增長基金-A類 英鎊配息型,yfinance,股票型,亞洲地區
B24046,2015-09-28,39.22917175292969,英鎊,霸菱亞洲增長基金-A類 英鎊配息型,yfinance,股票型,亞洲地區
B24046,2015-09-29,39.15019607543945,英鎊,霸菱亞洲增長基金-A類 英鎊配息型,yfinance,股票型,亞洲地區
B24046,2015-09-30,39.900428771972656,英鎊,霸菱亞洲增長基金-A類 英鎊配息型,yfinance,股票型,亞洲地區
B24046,2015-10-01,40.32490158081055,英鎊,霸菱亞洲增長基金-A類 英鎊配息型,yfinance,股票型,亞洲地區
B24046,2015-10-02,40.76911926269531,英鎊,霸菱亞洲增長基金-A類 英鎊配息型,yfinance,股票型,亞洲地區
B24046,2015-10-05,41.3416633605957,英鎊,霸菱亞洲增長基金-A類 英鎊配息型,yfinance,股票型,亞洲地區
B24046,2015-10-06,41.4008903503418,英鎊,霸菱亞洲增長基金-A類 英鎊配息型,yfinance,股票型,亞洲地區
B24046,2015-10-07,41.4107666015625,英鎊,霸菱亞洲增長基金-A類 英鎊配息型,yfinance,股票型,亞洲地區
B24046,2015-10-08,41.00603485107422,英鎊,霸菱亞洲增長基金-A類 英鎊配息型,yfinance,股票型,亞洲地區
B24046,2015-10-09,41.420631408691406,英鎊,霸菱亞洲增長基金-A類 英鎊配息型,yfinance,股票型,亞洲地區
B24046,2015-10-12,41.60819625854492,英鎊,霸菱亞洲增長基金-A類 英鎊配息型,yfinance,股票型,亞洲地區
B24046,2015-10-13,41.43050765991211,英鎊,霸菱亞洲增長基金-A類 英鎊配息型,yfinance,股票型,亞洲地區
B24046,2015-10-14,40.87770462036133,英鎊,霸菱亞洲增長基金-A類 英鎊配息型,yfinance,股票型,亞洲地區
B24046,2015-10-15,41.36140441894531,英鎊,霸菱亞洲增長基金-A類 英鎊配息型,yfinance,股票型,亞洲地區
B24046,2015-10-16,41.73651885986328,英鎊,霸菱亞洲增長基金-A類 英鎊配息型,yfinance,股票型,亞洲地區
B24046,2015-10-19,41.7858772277832,英鎊,霸菱亞洲增長基金-A類 英鎊配息型,yfinance,股票型,亞洲地區
B24046,2015-10-20,41.9931755065918,英鎊,霸菱亞洲增長基金-A類 英鎊配息型,yfinance,股票型,亞洲地區
B24046,2015-10-21,41.97343444824219,英鎊,霸菱亞洲增長基金-A類 英鎊配息型,yfinance,股票型,亞洲地區
B24046,2015-10-22,41.57857894897461,英鎊,霸菱亞洲增長基金-A類 英鎊配息型,yfinance,股票型,亞洲地區
B24046,2015-10-23,42.16099166870117,英鎊,霸菱亞洲增長基金-A類 英鎊配息型,yfinance,股票型,亞洲地區
B24046,2015-10-27,42.407779693603516,英鎊,霸菱亞洲增長基金-A類 英鎊配息型,yfinance,股票型,亞洲地區
B24046,2015-10-28,42.54597854614258,英鎊,霸菱亞洲增長基金-A類 英鎊配息型,yfinance,股票型,亞洲地區
B24046,2015-10-29,42.368289947509766,英鎊,霸菱亞洲增長基金-A類 英鎊配息型,yfinance,股票型,亞洲地區
B24046,2015-10-30,42.003047943115234,英鎊,霸菱亞洲增長基金-A類 英鎊配息型,yfinance,股票型,亞洲地區
B24046,2015-11-02,41.706905364990234,英鎊,霸菱亞洲增長基金-A類 英鎊配息型,yfinance,股票型,亞洲地區
B24046,2015-11-03,42.18074035644531,英鎊,霸菱亞洲增長基金-A類 英鎊配息型,yfinance,股票型,亞洲地區
B24046,2015-11-04,42.67430877685547,英鎊,霸菱亞洲增長基金-A類 英鎊配息型,yfinance,股票型,亞洲地區
B24046,2015-11-05,42.842124938964844,英鎊,霸菱亞洲增長基金-A類 英鎊配息型,yfinance,股票型,亞洲地區
B24046,2015-11-06,43.38505554199219,英鎊,霸菱亞洲增長基金-A類 英鎊配息型,yfinance,股票型,亞洲地區
B24046,2015-11-09,43.25672149658203,英鎊,霸菱亞洲增長基金-A類 英鎊配息型,yfinance,股票型,亞洲地區
B24046,2015-11-10,42.891483306884766,英鎊,霸菱亞洲增長基金-A類 英鎊配息型,yfinance,股票型,亞洲地區
B24046,2015-11-11,42.79276657104492,英鎊,霸菱亞洲增長基金-A類 英鎊配息型,yfinance,股票型,亞洲地區
B24046,2015-11-12,43.15801239013672,英鎊,霸菱亞洲增長基金-A類 英鎊配息型,yfinance,股票型,亞洲地區
B24046,2015-11-13,42.66444396972656,英鎊,霸菱亞洲增長基金-A類 英鎊配息型,yfinance,股票型,亞洲地區
B24046,2015-11-16,42.20047378540039,英鎊,霸菱亞洲增長基金-A類 英鎊配息型,yfinance,股票型,亞洲地區
B24046,2015-11-17,42.684181213378906,英鎊,霸菱亞洲增長基金-A類 英鎊配息型,yfinance,股票型,亞洲地區
B24046,2015-11-18,42.56571960449219,英鎊,霸菱亞洲增長基金-A類 英鎊配息型,yfinance,股票型,亞洲地區
B24046,2015-11-19,42.79276657104492,英鎊,霸菱亞洲增長基金-A類 英鎊配息型,yfinance,股票型,亞洲地區
B24046,2015-11-20,43.24685287475586,英鎊,霸菱亞洲增長基金-A類 英鎊配息型,yfinance,股票型,亞洲地區
B24046,2015-11-23,43.710811614990234,英鎊,霸菱亞洲增長基金-A類 英鎊配息型,yfinance,股票型,亞洲地區
B24046,2015-11-24,43.582481384277344,英鎊,霸菱亞洲增長基金-A類 英鎊配息型,yfinance,股票型,亞洲地區
B24046,2015-11-25,43.779911041259766,英鎊,霸菱亞洲增長基金-A類 英鎊配息型,yfinance,股票型,亞洲地區
B24046,2015-11-26,43.67132568359375,英鎊,霸菱亞洲增長基金-A類 英鎊配息型,yfinance,股票型,亞洲地區
B24046,2015-11-27,43.30608367919922,英鎊,霸菱亞洲增長基金-A類 英鎊配息型,yfinance,股票型,亞洲地區
B24046,2015-11-30,43.315956115722656,英鎊,霸菱亞洲增長基金-A類 英鎊配息型,yfinance,股票型,亞洲地區
B24046,2015-12-01,43.76017379760742,英鎊,霸菱亞洲增長基金-A類 英鎊配息型,yfinance,股票型,亞洲地區
B24046,2015-12-02,44.12541198730469,英鎊,霸菱亞洲增長基金-A類 英鎊配息型,yfinance,股票型,亞洲地區
B24046,2015-12-03,44.31297302246094,英鎊,霸菱亞洲增長基金-A類 英鎊配息型,yfinance,股票型,亞洲地區
B24046,2015-12-04,43.4936408996582,英鎊,霸菱亞洲增長基金-A類 英鎊配息型,yfinance,股票型,亞洲地區
B24046,2015-12-07,43.710811614990234,英鎊,霸菱亞洲增長基金-A類 英鎊配息型,yfinance,股票型,亞洲地區
B24046,2015-12-08,43.473899841308594,英鎊,霸菱亞洲增長基金-A類 英鎊配息型,yfinance,股票型,亞洲地區
B24046,2015-12-09,43.17775344848633,英鎊,霸菱亞洲增長基金-A類 英鎊配息型,yfinance,股票型,亞洲地區
B24046,2015-12-10,42.78289794921875,英鎊,霸菱亞洲增長基金-A類 英鎊配息型,yfinance,股票型,亞洲地區
B24046,2015-12-11,42.486751556396484,英鎊,霸菱亞洲增長基金-A類 英鎊配息型,yfinance,股票型,亞洲地區
B24046,2015-12-14,42.57559585571289,英鎊,霸菱亞洲增長基金-A類 英鎊配息型,yfinance,股票型,亞洲地區
B24046,2015-12-15,42.53610610961914,英鎊,霸菱亞洲增長基金-A類 英鎊配息型,yfinance,股票型,亞洲地區
B24046,2015-12-16,43.63184356689453,英鎊,霸菱亞洲增長基金-A類 英鎊配息型,yfinance,股票型,亞洲地區
B24046,2015-12-17,44.46104431152344,英鎊,霸菱亞洲增長基金-A類 英鎊配息型,yfinance,股票型,亞洲地區
B24046,2015-12-18,44.194515228271484,英鎊,霸菱亞洲增長基金-A類 英鎊配息型,yfinance,股票型,亞洲地區
B24046,2015-12-21,44.224124908447266,英鎊,霸菱亞洲增長基金-A類 英鎊配息型,yfinance,股票型,亞洲地區
B24046,2015-12-22,44.6782112121582,英鎊,霸菱亞洲增長基金-A類 英鎊配息型,yfinance,股票型,亞洲地區
B24046,2015-12-23,44.599246978759766,英鎊,霸菱亞洲增長基金-A類 英鎊配息型,yfinance,股票型,亞洲地區
B24046,2015-12-24,44.5301399230957,英鎊,霸菱亞洲增長基金-A類 英鎊配息型,yfinance,股票型,亞洲地區
B24046,2015-12-30,44.826290130615234,英鎊,霸菱亞洲增長基金-A類 英鎊配息型,yfinance,股票型,亞洲地區
B24046,2015-12-31,45.2014045715332,英鎊,霸菱亞洲增長基金-A類 英鎊配息型,yfinance,股票型,亞洲地區
B40016,2015-01-02,1.559499979019165,英鎊,GAM Star環球股票基金累積單位-英鎊,yfinance,股票型,全球市場
B40016,2015-01-05,1.527500033378601,英鎊,GAM Star環球股票基金累積單位-英鎊,yfinance,股票型,全球市場
B40016,2015-01-06,1.5154000520706177,英鎊,GAM Star環球股票基金累積單位-英鎊,yfinance,股票型,全球市場
B40016,2015-01-07,1.5241999626159668,英鎊,GAM Star環球股票基金累積單位-英鎊,yfinance,股票型,全球市場
B40016,2015-01-08,1.557800054550171,英鎊,GAM Star環球股票基金累積單位-英鎊,yfinance,股票型,全球市場
B40016,2015-01-09,1.5342999696731567,英鎊,GAM Star環球股票基金累積單位-英鎊,yfinance,股票型,全球市場
B40016,2015-01-12,1.5396000146865845,英鎊,GAM Star環球股票基金累積單位-英鎊,yfinance,股票型,全球市場
B40016,2015-01-13,1.5460000038146973,英鎊,GAM Star環球股票基金累積單位-英鎊,yfinance,股票型,全球市場
B40016,2015-01-14,1.5262000560760498,英鎊,GAM Star環球股票基金累積單位-英鎊,yfinance,股票型,全球市場
B40016,2015-01-15,1.5396000146865845,英鎊,GAM Star環球股票基金累積單位-英鎊,yfinance,股票型,全球市場
B40016,2015-01-16,1.5503000020980835,英鎊,GAM Star環球股票基金累積單位-英鎊,yfinance,股票型,全球市場
B40016,2015-01-19,1.5638999938964844,英鎊,GAM Star環球股票基金累積單位-英鎊,yfinance,股票型,全球市場
B40016,2015-01-20,1.5658999681472778,英鎊,GAM Star環球股票基金累積單位-英鎊,yfinance,股票型,全球市場
B40016,2015-01-21,1.5786999464035034,英鎊,GAM Star環球股票基金累積單位-英鎊,yfinance,股票型,全球市場
B40016,2015-01-22,1.5992000102996826,英鎊,GAM Star環球股票基金累積單位-英鎊,yfinance,股票型,全球市場
B40016,2015-01-23,1.594499945640564,英鎊,GAM Star環球股票基金累積單位-英鎊,yfinance,股票型,全球市場
B40016,2015-01-26,1.5990999937057495,英鎊,GAM Star環球股票基金累積單位-英鎊,yfinance,股票型,全球市場
B40016,2015-01-27,1.5809999704360962,英鎊,GAM Star環球股票基金累積單位-英鎊,yfinance,股票型,全球市場
B40016,2015-01-28,1.5669000148773193,英鎊,GAM Star環球股票基金累積單位-英鎊,yfinance,股票型,全球市場
B40016,2015-01-29,1.5806000232696533,英鎊,GAM Star環球股票基金累積單位-英鎊,yfinance,股票型,全球市場
B40016,2015-01-30,1.5740000009536743,英鎊,GAM Star環球股票基金累積單位-英鎊,yfinance,股票型,全球市場
B40016,2015-02-02,1.5859999656677246,英鎊,GAM Star環球股票基金累積單位-英鎊,yfinance,股票型,全球市場
B40016,2015-02-03,1.6014000177383423,英鎊,GAM Star環球股票基金累積單位-英鎊,yfinance,股票型,全球市場
B40016,2015-02-04,1.5917999744415283,英鎊,GAM Star環球股票基金累積單位-英鎊,yfinance,股票型,全球市場
B40016,2015-02-05,1.589900016784668,英鎊,GAM Star環球股票基金累積單位-英鎊,yfinance,股票型,全球市場
B40016,2015-02-06,1.5930999517440796,英鎊,GAM Star環球股票基金累積單位-英鎊,yfinance,股票型,全球市場
B40016,2015-02-09,1.583799958229065,英鎊,GAM Star環球股票基金累積單位-英鎊,yfinance,股票型,全球市場
B40016,2015-02-10,1.5894999504089355,英鎊,GAM Star環球股票基金累積單位-英鎊,yfinance,股票型,全球市場
B40016,2015-02-11,1.5789999961853027,英鎊,GAM Star環球股票基金累積單位-英鎊,yfinance,股票型,全球市場
B40016,2015-02-12,1.5880000591278076,英鎊,GAM Star環球股票基金累積單位-英鎊,yfinance,股票型,全球市場
B40016,2015-02-13,1.597599983215332,英鎊,GAM Star環球股票基金累積單位-英鎊,yfinance,股票型,全球市場
B40016,2015-02-16,1.6051000356674194,英鎊,GAM Star環球股票基金累積單位-英鎊,yfinance,股票型,全球市場
B40016,2015-02-17,1.6083999872207642,英鎊,GAM Star環球股票基金累積單位-英鎊,yfinance,股票型,全球市場
B40016,2015-02-18,1.6094000339508057,英鎊,GAM Star環球股票基金累積單位-英鎊,yfinance,股票型,全球市場
B40016,2015-02-19,1.6176999807357788,英鎊,GAM Star環球股票基金累積單位-英鎊,yfinance,股票型,全球市場
B40016,2015-02-20,1.6265000104904175,英鎊,GAM Star環球股票基金累積單位-英鎊,yfinance,股票型,全球市場
B40016,2015-02-23,1.623900055885315,英鎊,GAM Star環球股票基金累積單位-英鎊,yfinance,股票型,全球市場
B40016,2015-02-24,1.6301000118255615,英鎊,GAM Star環球股票基金累積單位-英鎊,yfinance,股票型,全球市場
B40016,2015-02-25,1.62909996509552,英鎊,GAM Star環球股票基金累積單位-英鎊,yfinance,股票型,全球市場
B40016,2015-02-26,1.6340999603271484,英鎊,GAM Star環球股票基金累積單位-英鎊,yfinance,股票型,全球市場
B40016,2015-02-27,1.632099986076355,英鎊,GAM Star環球股票基金累積單位-英鎊,yfinance,股票型,全球市場
B40016,2015-03-02,1.6367000341415405,英鎊,GAM Star環球股票基金累積單位-英鎊,yfinance,股票型,全球市場
B40016,2015-03-03,1.6241999864578247,英鎊,GAM Star環球股票基金累積單位-英鎊,yfinance,股票型,全球市場
B40016,2015-03-04,1.6297999620437622,英鎊,GAM Star環球股票基金累積單位-英鎊,yfinance,股票型,全球市場
B40016,2015-03-05,1.6452000141143799,英鎊,GAM Star環球股票基金累積單位-英鎊,yfinance,股票型,全球市場
B40016,2015-03-06,1.6506999731063843,英鎊,GAM Star環球股票基金累積單位-英鎊,yfinance,股票型,全球市場
B40016,2015-03-09,1.6383999586105347,英鎊,GAM Star環球股票基金累積單位-英鎊,yfinance,股票型,全球市場
B40016,2015-03-10,1.6153000593185425,英鎊,GAM Star環球股票基金累積單位-英鎊,yfinance,股票型,全球市場
B40016,2015-03-11,1.6332999467849731,英鎊,GAM Star環球股票基金累積單位-英鎊,yfinance,股票型,全球市場
B40016,2015-03-12,1.6475000381469727,英鎊,GAM Star環球股票基金累積單位-英鎊,yfinance,股票型,全球市場
B40016,2015-03-13,1.6592999696731567,英鎊,GAM Star環球股票基金累積單位-英鎊,yfinance,股票型,全球市場
B40016,2015-03-16,1.6657999753952026,英鎊,GAM Star環球股票基金累積單位-英鎊,yfinance,股票型,全球市場
B40016,2015-03-17,1.6655999422073364,英鎊,GAM Star環球股票基金累積單位-英鎊,yfinance,股票型,全球市場
B40016,2015-03-18,1.6805000305175781,英鎊,GAM Star環球股票基金累積單位-英鎊,yfinance,股票型,全球市場
B40016,2015-03-19,1.676200032234192,英鎊,GAM Star環球股票基金累積單位-英鎊,yfinance,股票型,全球市場
B40016,2015-03-20,1.6820000410079956,英鎊,GAM Star環球股票基金累積單位-英鎊,yfinance,股票型,全球市場
B40016,2015-03-23,1.690999984741211,英鎊,GAM Star環球股票基金累積單位-英鎊,yfinance,股票型,全球市場
B40016,2015-03-24,1.7015999555587769,英鎊,GAM Star環球股票基金累積單位-英鎊,yfinance,股票型,全球市場
B40016,2015-03-25,1.6907000541687012,英鎊,GAM Star環球股票基金累積單位-英鎊,yfinance,股票型,全球市場
B40016,2015-03-26,1.684999942779541,英鎊,GAM Star環球股票基金累積單位-英鎊,yfinance,股票型,全球市場
B40016,2015-03-27,1.6779999732971191,英鎊,GAM Star環球股票基金累積單位-英鎊,yfinance,股票型,全球市場
B40016,2015-03-30,1.6963000297546387,英鎊,GAM Star環球股票基金累積單位-英鎊,yfinance,股票型,全球市場
B40016,2015-03-31,1.6779999732971191,英鎊,GAM Star環球股票基金累積單位-英鎊,yfinance,股票型,全球市場
B40016,2015-04-01,1.6857000589370728,英鎊,GAM Star環球股票基金累積單位-英鎊,yfinance,股票型,全球市場
B40016,2015-04-02,1.7001999616622925,英鎊,GAM Star環球股票基金累積單位-英鎊,yfinance,股票型,全球市場
B40016,2015-04-07,1.7073999643325806,英鎊,GAM Star環球股票基金累積單位-英鎊,yfinance,股票型,全球市場
B40016,2015-04-08,1.7038999795913696,英鎊,GAM Star環球股票基金累積單位-英鎊,yfinance,股票型,全球市場
B40016,2015-04-09,1.7279000282287598,英鎊,GAM Star環球股票基金累積單位-英鎊,yfinance,股票型,全球市場
B40016,2015-04-10,1.7436000108718872,英鎊,GAM Star環球股票基金累積單位-英鎊,yfinance,股票型,全球市場
B40016,2015-04-13,1.746399998664856,英鎊,GAM Star環球股票基金累積單位-英鎊,yfinance,股票型,全球市場
B40016,2015-04-14,1.7331000566482544,英鎊,GAM Star環球股票基金累積單位-英鎊,yfinance,股票型,全球市場
B40016,2015-04-15,1.7364000082015991,英鎊,GAM Star環球股票基金累積單位-英鎊,yfinance,股票型,全球市場
B40016,2015-04-16,1.720900058746338,英鎊,GAM Star環球股票基金累積單位-英鎊,yfinance,股票型,全球市場
B40016,2015-04-17,1.6914000511169434,英鎊,GAM Star環球股票基金累積單位-英鎊,yfinance,股票型,全球市場
B40016,2015-04-20,1.702299952507019,英鎊,GAM Star環球股票基金累積單位-英鎊,yfinance,股票型,全球市場
B40016,2015-04-21,1.7035000324249268,英鎊,GAM Star環球股票基金累積單位-英鎊,yfinance,股票型,全球市場
B40016,2015-04-22,1.6963000297546387,英鎊,GAM Star環球股票基金累積單位-英鎊,yfinance,股票型,全球市場
B40016,2015-04-23,1.6959999799728394,英鎊,GAM Star環球股票基金累積單位-英鎊,yfinance,股票型,全球市場
B40016,2015-04-24,1.701200008392334,英鎊,GAM Star環球股票基金累積單位-英鎊,yfinance,股票型,全球市場
B40016,2015-04-27,1.705299973487854,英鎊,GAM Star環球股票基金累積單位-英鎊,yfinance,股票型,全球市場
B40016,2015-04-28,1.692199945449829,英鎊,GAM Star環球股票基金累積單位-英鎊,yfinance,股票型,全球市場
B40016,2015-04-29,1.669800043106079,英鎊,GAM Star環球股票基金累積單位-英鎊,yfinance,股票型,全球市場
B40016,2015-04-30,1.6753000020980835,英鎊,GAM Star環球股票基金累積單位-英鎊,yfinance,股票型,全球市場
B40016,2015-05-01,1.694700002670288,英鎊,GAM Star環球股票基金累積單位-英鎊,yfinance,股票型,全球市場
B40016,2015-05-05,1.6884000301361084,英鎊,GAM Star環球股票基金累積單位-英鎊,yfinance,股票型,全球市場
B40016,2015-05-06,1.6938999891281128,英鎊,GAM Star環球股票基金累積單位-英鎊,yfinance,股票型,全球市場
B40016,2015-05-07,1.695099949836731,英鎊,GAM Star環球股票基金累積單位-英鎊,yfinance,股票型,全球市場
B40016,2015-05-08,1.7015000581741333,英鎊,GAM Star環球股票基金累積單位-英鎊,yfinance,股票型,全球市場
B40016,2015-05-11,1.6895999908447266,英鎊,GAM Star環球股票基金累積單位-英鎊,yfinance,股票型,全球市場
B40016,2015-05-12,1.6730999946594238,英鎊,GAM Star環球股票基金累積單位-英鎊,yfinance,股票型,全球市場
B40016,2015-05-13,1.6726000308990479,英鎊,GAM Star環球股票基金累積單位-英鎊,yfinance,股票型,全球市場
B40016,2015-05-14,1.6811000108718872,英鎊,GAM Star環球股票基金累積單位-英鎊,yfinance,股票型,全球市場
B40016,2015-05-15,1.6852999925613403,英鎊,GAM Star環球股票基金累積單位-英鎊,yfinance,股票型,全球市場
B40016,2015-05-18,1.6924999952316284,英鎊,GAM Star環球股票基金累積單位-英鎊,yfinance,股票型,全球市場
B40016,2015-05-19,1.7055000066757202,英鎊,GAM Star環球股票基金累積單位-英鎊,yfinance,股票型,全球市場
B40016,2015-05-20,1.7026000022888184,英鎊,GAM Star環球股票基金累積單位-英鎊,yfinance,股票型,全球市場
B40016,2015-05-21,1.6962000131607056,英鎊,GAM Star環球股票基金累積單位-英鎊,yfinance,股票型,全球市場
B40016,2015-05-22,1.7037999629974365,英鎊,GAM Star環球股票基金累積單位-英鎊,yfinance,股票型,全球市場
B40016,2015-05-26,1.684399962425232,英鎊,GAM Star環球股票基金累積單位-英鎊,yfinance,股票型,全球市場
B40016,2015-05-27,1.7030999660491943,英鎊,GAM Star環球股票基金累積單位-英鎊,yfinance,股票型,全球市場
B40016,2015-05-28,1.7059999704360962,英鎊,GAM Star環球股票基金累積單位-英鎊,yfinance,股票型,全球市場
B40016,2015-05-29,1.6962000131607056,英鎊,GAM Star環球股票基金累積單位-英鎊,yfinance,股票型,全球市場
B40016,2015-06-01,1.6962000131607056,英鎊,GAM Star環球股票基金累積單位-英鎊,yfinance,股票型,全球市場
B40016,2015-06-02,1.6972999572753906,英鎊,GAM Star環球股票基金累積單位-英鎊,yfinance,股票型,全球市場
B40016,2015-06-03,1.7138999700546265,英鎊,GAM Star環球股票基金累積單位-英鎊,yfinance,股票型,全球市場
B40016,2015-06-04,1.6979000568389893,英鎊,GAM Star環球股票基金累積單位-英鎊,yfinance,股票型,全球市場
B40016,2015-06-05,1.6877000331878662,英鎊,GAM Star環球股票基金累積單位-英鎊,yfinance,股票型,全球市場
B40016,2015-06-08,1.6734999418258667,英鎊,GAM Star環球股票基金累積單位-英鎊,yfinance,股票型,全球市場
B40016,2015-06-09,1.6711000204086304,英鎊,GAM Star環球股票基金累積單位-英鎊,yfinance,股票型,全球市場
B40016,2015-06-10,1.6784000396728516,英鎊,GAM Star環球股票基金累積單位-英鎊,yfinance,股票型,全球市場
B40016,2015-06-11,1.684499979019165,英鎊,GAM Star環球股票基金累積單位-英鎊,yfinance,股票型,全球市場
B40016,2015-06-12,1.6689000129699707,英鎊,GAM Star環球股票基金累積單位-英鎊,yfinance,股票型,全球市場
B40016,2015-06-15,1.649999976158142,英鎊,GAM Star環球股票基金累積單位-英鎊,yfinance,股票型,全球市場
B40016,2015-06-16,1.642899990081787,英鎊,GAM Star環球股票基金累積單位-英鎊,yfinance,股票型,全球市場
B40016,2015-06-17,1.6318999528884888,英鎊,GAM Star環球股票基金累積單位-英鎊,yfinance,股票型,全球市場
B40016,2015-06-18,1.6301000118255615,英鎊,GAM Star環球股票基金累積單位-英鎊,yfinance,股票型,全球市場
B40016,2015-06-19,1.6354000568389893,英鎊,GAM Star環球股票基金累積單位-英鎊,yfinance,股票型,全球市場
B40016,2015-06-22,1.6714999675750732,英鎊,GAM Star環球股票基金累積單位-英鎊,yfinance,股票型,全球市場
B40016,2015-06-23,1.6827000379562378,英鎊,GAM Star環球股票基金累積單位-英鎊,yfinance,股票型,全球市場
B40016,2015-06-24,1.673799991607666,英鎊,GAM Star環球股票基金累積單位-英鎊,yfinance,股票型,全球市場
B40016,2015-06-25,1.672700047492981,英鎊,GAM Star環球股票基金累積單位-英鎊,yfinance,股票型,全球市場
B40016,2015-06-26,1.6679999828338623,英鎊,GAM Star環球股票基金累積單位-英鎊,yfinance,股票型,全球市場
B40016,2015-06-29,1.6223000288009644,英鎊,GAM Star環球股票基金累積單位-英鎊,yfinance,股票型,全球市場
B40016,2015-06-30,1.6233999729156494,英鎊,GAM Star環球股票基金累積單位-英鎊,yfinance,股票型,全球市場
B40016,2015-07-01,1.6496000289916992,英鎊,GAM Star環球股票基金累積單位-英鎊,yfinance,股票型,全球市場
B40016,2015-07-02,1.6468000411987305,英鎊,GAM Star環球股票基金累積單位-英鎊,yfinance,股票型,全球市場
B40016,2015-07-03,1.6396000385284424,英鎊,GAM Star環球股票基金累積單位-英鎊,yfinance,股票型,全球市場
B40016,2015-07-06,1.6103999614715576,英鎊,GAM Star環球股票基金累積單位-英鎊,yfinance,股票型,全球市場
B40016,2015-07-07,1.607200026512146,英鎊,GAM Star環球股票基金累積單位-英鎊,yfinance,股票型,全球市場
B40016,2015-07-08,1.6138999462127686,英鎊,GAM Star環球股票基金累積單位-英鎊,yfinance,股票型,全球市場
B40016,2015-07-09,1.6338000297546387,英鎊,GAM Star環球股票基金累積單位-英鎊,yfinance,股票型,全球市場
B40016,2015-07-10,1.6562999486923218,英鎊,GAM Star環球股票基金累積單位-英鎊,yfinance,股票型,全球市場
B40016,2015-07-13,1.6658999919891357,英鎊,GAM Star環球股票基金累積單位-英鎊,yfinance,股票型,全球市場
B40016,2015-07-14,1.6708999872207642,英鎊,GAM Star環球股票基金累積單位-英鎊,yfinance,股票型,全球市場
B40016,2015-07-15,1.6682000160217285,英鎊,GAM Star環球股票基金累積單位-英鎊,yfinance,股票型,全球市場
B40016,2015-07-16,1.6842000484466553,英鎊,GAM Star環球股票基金累積單位-英鎊,yfinance,股票型,全球市場
B40016,2015-07-17,1.677899956703186,英鎊,GAM Star環球股票基金累積單位-英鎊,yfinance,股票型,全球市場
B40016,2015-07-20,1.683899998664856,英鎊,GAM Star環球股票基金累積單位-英鎊,yfinance,股票型,全球市場
B40016,2015-07-21,1.6857000589370728,英鎊,GAM Star環球股票基金累積單位-英鎊,yfinance,股票型,全球市場
B40016,2015-07-22,1.6746000051498413,英鎊,GAM Star環球股票基金累積單位-英鎊,yfinance,股票型,全球市場
B40016,2015-07-23,1.6823999881744385,英鎊,GAM Star環球股票基金累積單位-英鎊,yfinance,股票型,全球市場
B40016,2015-07-24,1.6691999435424805,英鎊,GAM Star環球股票基金累積單位-英鎊,yfinance,股票型,全球市場
B40016,2015-07-27,1.6438000202178955,英鎊,GAM Star環球股票基金累積單位-英鎊,yfinance,股票型,全球市場
B40016,2015-07-28,1.6550999879837036,英鎊,GAM Star環球股票基金累積單位-英鎊,yfinance,股票型,全球市場
B40016,2015-07-29,1.6414999961853027,英鎊,GAM Star環球股票基金累積單位-英鎊,yfinance,股票型,全球市場
B40016,2015-07-30,1.6409000158309937,英鎊,GAM Star環球股票基金累積單位-英鎊,yfinance,股票型,全球市場
B40016,2015-07-31,1.6540000438690186,英鎊,GAM Star環球股票基金累積單位-英鎊,yfinance,股票型,全球市場
B40016,2015-08-03,1.6511000394821167,英鎊,GAM Star環球股票基金累積單位-英鎊,yfinance,股票型,全球市場
B40016,2015-08-04,1.6486999988555908,英鎊,GAM Star環球股票基金累積單位-英鎊,yfinance,股票型,全球市場
B40016,2015-08-05,1.6540000438690186,英鎊,GAM Star環球股票基金累積單位-英鎊,yfinance,股票型,全球市場
B40016,2015-08-06,1.655400037765503,英鎊,GAM Star環球股票基金累積單位-英鎊,yfinance,股票型,全球市場
B40016,2015-08-07,1.6509000062942505,英鎊,GAM Star環球股票基金累積單位-英鎊,yfinance,股票型,全球市場
B40016,2015-08-10,1.6589000225067139,英鎊,GAM Star環球股票基金累積單位-英鎊,yfinance,股票型,全球市場
B40016,2015-08-11,1.645799994468689,英鎊,GAM Star環球股票基金累積單位-英鎊,yfinance,股票型,全球市場
B40016,2015-08-12,1.6217999458312988,英鎊,GAM Star環球股票基金累積單位-英鎊,yfinance,股票型,全球市場
B40016,2015-08-13,1.62909996509552,英鎊,GAM Star環球股票基金累積單位-英鎊,yfinance,股票型,全球市場
B40016,2015-08-14,1.6232999563217163,英鎊,GAM Star環球股票基金累積單位-英鎊,yfinance,股票型,全球市場
B40016,2015-08-17,1.6291999816894531,英鎊,GAM Star環球股票基金累積單位-英鎊,yfinance,股票型,全球市場
B40016,2015-08-18,1.6232000589370728,英鎊,GAM Star環球股票基金累積單位-英鎊,yfinance,股票型,全球市場
B40016,2015-08-19,1.6016000509262085,英鎊,GAM Star環球股票基金累積單位-英鎊,yfinance,股票型,全球市場
B40016,2015-08-20,1.5771000385284424,英鎊,GAM Star環球股票基金累積單位-英鎊,yfinance,股票型,全球市場
B40016,2015-08-21,1.5351999998092651,英鎊,GAM Star環球股票基金累積單位-英鎊,yfinance,股票型,全球市場
B40016,2015-08-24,1.467900037765503,英鎊,GAM Star環球股票基金累積單位-英鎊,yfinance,股票型,全球市場
B40016,2015-08-25,1.4958000183105469,英鎊,GAM Star環球股票基金累積單位-英鎊,yfinance,股票型,全球市場
B40016,2015-08-26,1.507699966430664,英鎊,GAM Star環球股票基金累積單位-英鎊,yfinance,股票型,全球市場
B40016,2015-08-27,1.5547000169754028,英鎊,GAM Star環球股票基金累積單位-英鎊,yfinance,股票型,全球市場
B40016,2015-08-28,1.5658999681472778,英鎊,GAM Star環球股票基金累積單位-英鎊,yfinance,股票型,全球市場
B40016,2015-09-01,1.5288000106811523,英鎊,GAM Star環球股票基金累積單位-英鎊,yfinance,股票型,全球市場
B40016,2015-09-02,1.5362999439239502,英鎊,GAM Star環球股票基金累積單位-英鎊,yfinance,股票型,全球市場
B40016,2015-09-03,1.5542999505996704,英鎊,GAM Star環球股票基金累積單位-英鎊,yfinance,股票型,全球市場
B40016,2015-09-04,1.530400037765503,英鎊,GAM Star環球股票基金累積單位-英鎊,yfinance,股票型,全球市場
B40016,2015-09-07,1.5231000185012817,英鎊,GAM Star環球股票基金累積單位-英鎊,yfinance,股票型,全球市場
B40016,2015-09-08,1.5333000421524048,英鎊,GAM Star環球股票基金累積單位-英鎊,yfinance,股票型,全球市場
B40016,2015-09-09,1.5450999736785889,英鎊,GAM Star環球股票基金累積單位-英鎊,yfinance,股票型,全球市場
B40016,2015-09-10,1.5271999835968018,英鎊,GAM Star環球股票基金累積單位-英鎊,yfinance,股票型,全球市場
B40016,2015-09-11,1.5220999717712402,英鎊,GAM Star環球股票基金累積單位-英鎊,yfinance,股票型,全球市場
B40016,2015-09-14,1.5135999917984009,英鎊,GAM Star環球股票基金累積單位-英鎊,yfinance,股票型,全球市場
B40016,2015-09-15,1.5269999504089355,英鎊,GAM Star環球股票基金累積單位-英鎊,yfinance,股票型,全球市場
B40016,2015-09-16,1.5266000032424927,英鎊,GAM Star環球股票基金累積單位-英鎊,yfinance,股票型,全球市場
B40016,2015-09-17,1.5296000242233276,英鎊,GAM Star環球股票基金累積單位-英鎊,yfinance,股票型,全球市場
B40016,2015-09-18,1.503600001335144,英鎊,GAM Star環球股票基金累積單位-英鎊,yfinance,股票型,全球市場
B40016,2015-09-21,1.5089999437332153,英鎊,GAM Star環球股票基金累積單位-英鎊,yfinance,股票型,全球市場
B40016,2015-09-22,1.4851000308990479,英鎊,GAM Star環球股票基金累積單位-英鎊,yfinance,股票型,全球市場
B40016,2015-09-23,1.488800048828125,英鎊,GAM Star環球股票基金累積單位-英鎊,yfinance,股票型,全球市場
B40016,2015-09-24,1.4754999876022339,英鎊,GAM Star環球股票基金累積單位-英鎊,yfinance,股票型,全球市場
B40016,2015-09-25,1.5056999921798706,英鎊,GAM Star環球股票基金累積單位-英鎊,yfinance,股票型,全球市場
B40016,2015-09-28,1.4776999950408936,英鎊,GAM Star環球股票基金累積單位-英鎊,yfinance,股票型,全球市場
B40016,2015-09-29,1.4743000268936157,英鎊,GAM Star環球股票基金累積單位-英鎊,yfinance,股票型,全球市場
B40016,2015-09-30,1.503999948501587,英鎊,GAM Star環球股票基金累積單位-英鎊,yfinance,股票型,全球市場
B40016,2015-10-01,1.5046000480651855,英鎊,GAM Star環球股票基金累積單位-英鎊,yfinance,股票型,全球市場
B40016,2015-10-02,1.5190000534057617,英鎊,GAM Star環球股票基金累積單位-英鎊,yfinance,股票型,全球市場
B40016,2015-10-05,1.5585999488830566,英鎊,GAM Star環球股票基金累積單位-英鎊,yfinance,股票型,全球市場
B40016,2015-10-06,1.5662000179290771,英鎊,GAM Star環球股票基金累積單位-英鎊,yfinance,股票型,全球市場
B40016,2015-10-07,1.5614999532699585,英鎊,GAM Star環球股票基金累積單位-英鎊,yfinance,股票型,全球市場
B40016,2015-10-08,1.5729999542236328,英鎊,GAM Star環球股票基金累積單位-英鎊,yfinance,股票型,全球市場
B40016,2015-10-09,1.5866999626159668,英鎊,GAM Star環球股票基金累積單位-英鎊,yfinance,股票型,全球市場
B40016,2015-10-12,1.5748000144958496,英鎊,GAM Star環球股票基金累積單位-英鎊,yfinance,股票型,全球市場
B40016,2015-10-13,1.5672999620437622,英鎊,GAM Star環球股票基金累積單位-英鎊,yfinance,股票型,全球市場
B40016,2015-10-14,1.541700005531311,英鎊,GAM Star環球股票基金累積單位-英鎊,yfinance,股票型,全球市場
B40016,2015-10-15,1.5530999898910522,英鎊,GAM Star環球股票基金累積單位-英鎊,yfinance,股票型,全球市場
B40016,2015-10-16,1.565500020980835,英鎊,GAM Star環球股票基金累積單位-英鎊,yfinance,股票型,全球市場
B40016,2015-10-19,1.562000036239624,英鎊,GAM Star環球股票基金累積單位-英鎊,yfinance,股票型,全球市場
B40016,2015-10-20,1.558899998664856,英鎊,GAM Star環球股票基金累積單位-英鎊,yfinance,股票型,全球市場
B40016,2015-10-21,1.5622999668121338,英鎊,GAM Star環球股票基金累積單位-英鎊,yfinance,股票型,全球市場
B40016,2015-10-22,1.5755000114440918,英鎊,GAM Star環球股票基金累積單位-英鎊,yfinance,股票型,全球市場
B40016,2015-10-23,1.59089994430542,英鎊,GAM Star環球股票基金累積單位-英鎊,yfinance,股票型,全球市場
B40016,2015-10-26,1.5859999656677246,英鎊,GAM Star環球股票基金累積單位-英鎊,yfinance,股票型,全球市場
B40016,2015-10-27,1.5715999603271484,英鎊,GAM Star環球股票基金累積單位-英鎊,yfinance,股票型,全球市場
B40016,2015-10-28,1.5855000019073486,英鎊,GAM Star環球股票基金累積單位-英鎊,yfinance,股票型,全球市場
B40016,2015-10-29,1.572100043296814,英鎊,GAM Star環球股票基金累積單位-英鎊,yfinance,股票型,全球市場
B40016,2015-10-30,1.5616999864578247,英鎊,GAM Star環球股票基金累積單位-英鎊,yfinance,股票型,全球市場
B40016,2015-11-02,1.5672999620437622,英鎊,GAM Star環球股票基金累積單位-英鎊,yfinance,股票型,全球市場
B40016,2015-11-03,1.566100001335144,英鎊,GAM Star環球股票基金累積單位-英鎊,yfinance,股票型,全球市場
B40016,2015-11-04,1.561400055885315,英鎊,GAM Star環球股票基金累積單位-英鎊,yfinance,股票型,全球市場
B40016,2015-11-05,1.565999984741211,英鎊,GAM Star環球股票基金累積單位-英鎊,yfinance,股票型,全球市場
B40016,2015-11-06,1.5867999792099,英鎊,GAM Star環球股票基金累積單位-英鎊,yfinance,股票型,全球市場
B40016,2015-11-09,1.5694999694824219,英鎊,GAM Star環球股票基金累積單位-英鎊,yfinance,股票型,全球市場
B40016,2015-11-10,1.5638999938964844,英鎊,GAM Star環球股票基金累積單位-英鎊,yfinance,股票型,全球市場
B40016,2015-11-11,1.5597000122070312,英鎊,GAM Star環球股票基金累積單位-英鎊,yfinance,股票型,全球市場
B40016,2015-11-12,1.5311000347137451,英鎊,GAM Star環球股票基金累積單位-英鎊,yfinance,股票型,全球市場
B40016,2015-11-13,1.5211999416351318,英鎊,GAM Star環球股票基金累積單位-英鎊,yfinance,股票型,全球市場
B40016,2015-11-16,1.5228999853134155,英鎊,GAM Star環球股票基金累積單位-英鎊,yfinance,股票型,全球市場
B40016,2015-11-17,1.534500002861023,英鎊,GAM Star環球股票基金累積單位-英鎊,yfinance,股票型,全球市場
B40016,2015-11-18,1.5377999544143677,英鎊,GAM Star環球股票基金累積單位-英鎊,yfinance,股票型,全球市場
B40016,2015-11-19,1.5390000343322754,英鎊,GAM Star環球股票基金累積單位-英鎊,yfinance,股票型,全球市場
B40016,2015-11-20,1.5404000282287598,英鎊,GAM Star環球股票基金累積單位-英鎊,yfinance,股票型,全球市場
B40016,2015-11-23,1.5430999994277954,英鎊,GAM Star環球股票基金累積單位-英鎊,yfinance,股票型,全球市場
B40016,2015-11-24,1.5456000566482544,英鎊,GAM Star環球股票基金累積單位-英鎊,yfinance,股票型,全球市場
B40016,2015-11-25,1.5494999885559082,英鎊,GAM Star環球股票基金累積單位-英鎊,yfinance,股票型,全球市場
B40016,2015-11-26,1.5542999505996704,英鎊,GAM Star環球股票基金累積單位-英鎊,yfinance,股票型,全球市場
B40016,2015-11-27,1.5568000078201294,英鎊,GAM Star環球股票基金累積單位-英鎊,yfinance,股票型,全球市場
B40016,2015-11-30,1.5515999794006348,英鎊,GAM Star環球股票基金累積單位-英鎊,yfinance,股票型,全球市場
B40016,2015-12-01,1.5601999759674072,英鎊,GAM Star環球股票基金累積單位-英鎊,yfinance,股票型,全球市場
B40016,2015-12-02,1.5600999593734741,英鎊,GAM Star環球股票基金累積單位-英鎊,yfinance,股票型,全球市場
B40016,2015-12-03,1.5401999950408936,英鎊,GAM Star環球股票基金累積單位-英鎊,yfinance,股票型,全球市場
B40016,2015-12-04,1.5357999801635742,英鎊,GAM Star環球股票基金累積單位-英鎊,yfinance,股票型,全球市場
B40016,2015-12-07,1.5326999425888062,英鎊,GAM Star環球股票基金累積單位-英鎊,yfinance,股票型,全球市場
B40016,2015-12-08,1.5147000551223755,英鎊,GAM Star環球股票基金累積單位-英鎊,yfinance,股票型,全球市場
B40016,2015-12-09,1.4987000226974487,英鎊,GAM Star環球股票基金累積單位-英鎊,yfinance,股票型,全球市場
B40016,2015-12-10,1.4947999715805054,英鎊,GAM Star環球股票基金累積單位-英鎊,yfinance,股票型,全球市場
B40016,2015-12-11,1.4704999923706055,英鎊,GAM Star環球股票基金累積單位-英鎊,yfinance,股票型,全球市場
B40016,2015-12-14,1.4621000289916992,英鎊,GAM Star環球股票基金累積單位-英鎊,yfinance,股票型,全球市場
B40016,2015-12-15,1.4891999959945679,英鎊,GAM Star環球股票基金累積單位-英鎊,yfinance,股票型,全球市場
B40016,2015-12-16,1.507200002670288,英鎊,GAM Star環球股票基金累積單位-英鎊,yfinance,股票型,全球市場
B40016,2015-12-17,1.5166000127792358,英鎊,GAM Star環球股票基金累積單位-英鎊,yfinance,股票型,全球市場
B40016,2015-12-18,1.506500005722046,英鎊,GAM Star環球股票基金累積單位-英鎊,yfinance,股票型,全球市場
B40016,2015-12-21,1.5029000043869019,英鎊,GAM Star環球股票基金累積單位-英鎊,yfinance,股票型,全球市場
B40016,2015-12-22,1.5175000429153442,英鎊,GAM Star環球股票基金累積單位-英鎊,yfinance,股票型,全球市場
B40016,2015-12-23,1.534999966621399,英鎊,GAM Star環球股票基金累積單位-英鎊,yfinance,股票型,全球市場
B40016,2015-12-29,1.5533000230789185,英鎊,GAM Star環球股票基金累積單位-英鎊,yfinance,股票型,全球市場
B40016,2015-12-30,1.5424000024795532,英鎊,GAM Star環球股票基金累積單位-英鎊,yfinance,股票型,全球市場
B40016,2015-12-31,1.5407999753952026,英鎊,GAM Star環球股票基金累積單位-英鎊,yfinance,股票型,全球市場
