名稱,公司,_境內外,_類別代碼,投資區域,排名,一個月%,三個月%,六個月%,一年%,三年%,五年%,十年%,年化標準差,Sharpe,Beta,淨值日期,_正規名
兆豐特選台灣晶圓製造ETF基金,兆豐投信,境內,ET000001/806,,1.0,-1.69,11.78,59.71,148.61,260.96,,,,,,08/19,兆豐特選台灣晶圓製造ETF基金
第一金臺灣工業菁英30ETF基金(本基金配息來源可能為收益平準金),第一金投信,境內,ET000001/806,,2.0,11.43,18.67,58.4,118.67,232.67,220.58,,,,,08/19,第一金臺灣工業菁英30ETF基金本基金配息來源可能為收益平準金
群益台灣科技高息成長ETF基金(本基金之配息來源可能為收益平準金且基金並無保證收益及配息),群益投信,境內,ET000001/806,,3.0,8.5,20.67,57.08,66.93,,,,,,,08/19,群益台灣科技高息成長ETF基金本基金之配息來源可能為收益平準金且基金並無保證收益及配息
復華台灣科技優息ETF基金(基金之配息來源可能為收益平準金且本基金並無保證收益及配息),復華投信,境內,ET000001/806,,4.0,3.24,17.22,55.65,76.53,120.51,,,,,,08/19,復華台灣科技優息ETF基金基金之配息來源可能為收益平準金且本基金並無保證收益及配息
富邦台灣核心半導體ETF基金,富邦投信,境內,ET000001/806,,5.0,5.36,4.87,55.35,139.43,280.02,231.8,,,,,08/19,富邦台灣核心半導體ETF基金
大華銀台灣優選股利高填息30ETF基金(本基金並無保證收益及配息且配息來源可能為收益平準金),大華銀投信,境內,ET000001/806,,6.0,8.95,37.6,54.87,67.51,139.21,,,,,,08/19,大華銀台灣優選股利高填息30ETF基金本基金並無保證收益及配息且配息來源可能為收益平準金
野村臺灣創新科技50ETF基金(本基金之配息來源可能為收益平準金),野村投信,境內,ET000001/806,,7.0,5.77,9.83,54.72,144.31,,,,,,,08/19,野村臺灣創新科技50ETF基金本基金之配息來源可能為收益平準金
台新臺灣IC設計動能ETF基金(基金之配息來源可能為收益平準金),台新投信,境內,ET000001/806,,8.0,10.27,7.8,54.58,160.92,,,,,,,08/19,台新臺灣IC設計動能ETF基金基金之配息來源可能為收益平準金
群益台灣半導體收益ETF基金(本基金之配息來源可能為收益平準金),群益投信,境內,ET000001/806,,9.0,-0.62,10.45,54.23,128.37,233.22,,,,,,08/19,群益台灣半導體收益ETF基金本基金之配息來源可能為收益平準金
中國信託上櫃ESG 30 ETF基金,中國信託投信,境內,ET000001/806,,10.0,7.53,-1.4,53.9,104.81,173.03,,,,,,08/19,中國信託上櫃ESG30ETF基金
群益臺灣加權指數單日正向2倍基金,群益投信,境內,ET000001/806,,11.0,6.76,13.43,53.45,185.31,475.65,562.84,,,,,08/19,群益臺灣加權指數單日正向2倍基金
元大台灣50單日正向2倍基金(本基金為策略交易型產品且投資具有槓桿操作風險，故本基金不適合長期持有，僅符合臺灣證券交易所訂適格條件之投資人始得交易),元大投信,境內,ET000001/806,,12.0,6.28,12.94,52.78,184.84,477.69,533.32,3085.12,,,,08/19,元大台灣50單日正向2倍基金本基金為策略交易型產品且投資具有槓桿操作風險，故本基金不適合長期持有，僅符合臺灣證券交易所訂適格條件之投資人始得交易
國泰臺灣加權指數單日正向2倍基金,國泰投信,境內,ET000001/806,,13.0,6.6,13.08,52.52,184.58,470.1,541.69,3052.28,,,,08/19,國泰臺灣加權指數單日正向2倍基金
富邦臺灣加權單日正向兩倍基金,富邦投信,境內,ET000001/806,,14.0,6.77,13.15,52.4,182.95,465.02,545.28,,,,,08/19,富邦臺灣加權單日正向兩倍基金
兆豐臺灣藍籌30ETF基金,兆豐投信,境內,ET000001/806,,15.0,8.18,15.19,51.45,117.04,273.75,270.72,,,,,08/19,兆豐臺灣藍籌30ETF基金
中國信託特選小資高價30ETF基金,中國信託投信,境內,ET000001/806,,16.0,10.19,8.93,50.25,122.91,318.97,337.88,,,,,08/19,中國信託特選小資高價30ETF基金
永豐台灣智能車供應鏈ETF基金,永豐投信,境內,ET000001/806,,17.0,6.76,13.28,49.8,117.45,275.47,,,,,,08/19,永豐台灣智能車供應鏈ETF基金
中國信託臺灣ESG永續關鍵半導體ETF基金,中國信託投信,境內,ET000001/806,,18.0,4.98,15.07,49.47,120.87,255.0,242.9,,,,,08/19,中國信託臺灣ESG永續關鍵半導體ETF基金
永豐台灣ESG永續優質ETF基金(本基金之配息來源可能為收益平準金),永豐投信,境內,ET000001/806,,19.0,-1.3,12.39,49.06,114.55,203.36,204.51,,,,,08/19,永豐台灣ESG永續優質ETF基金本基金之配息來源可能為收益平準金
兆豐台灣電子成長高息等權重ETF基金(本基金之配息來源可能為收益平準金且本基金並無保證收益及配息),兆豐投信,境內,ET000001/806,,20.0,2.28,10.55,48.74,61.1,,,,,,,08/19,兆豐台灣電子成長高息等權重ETF基金本基金之配息來源可能為收益平準金且本基金並無保證收益及配息
國泰台灣ESG永續高股息ETF基金(基金之配息來源可能為收益平準金且並無保證收益及配息),國泰投信,境內,ET000001/806,,21.0,4.92,26.79,47.81,71.87,99.8,173.91,,,,,08/19,國泰台灣ESG永續高股息ETF基金基金之配息來源可能為收益平準金且並無保證收益及配息
富邦台灣旗艦動能50ETF基金(本基金之配息來源可能為收益平準金),富邦投信,境內,ET000001/806,,22.0,7.17,13.68,47.35,86.85,,,,,,,08/19,富邦台灣旗艦動能50ETF基金本基金之配息來源可能為收益平準金
凱基優選台灣AI 50 ETF基金(基金之配息來源可能為收益平準金),凱基投信,境內,ET000001/806,,23.0,3.96,9.06,47.13,77.79,,,,,,,08/19,凱基優選台灣AI50ETF基金基金之配息來源可能為收益平準金
國泰台灣科技龍頭ETF基金,國泰投信,境內,ET000001/806,,24.0,8.25,10.85,46.95,113.18,290.85,339.58,,,,,08/19,國泰台灣科技龍頭ETF基金
中國信託臺灣智慧50ETF基金,中國信託投信,境內,ET000001/806,,25.0,9.16,18.4,45.47,91.95,189.62,,,,,,08/19,中國信託臺灣智慧50ETF基金
聯邦台灣精彩50ETF基金(本基金之配息來源可能為收益平準金),聯邦投信,境內,ET000001/806,,26.0,7.07,16.33,45.35,97.41,,,,,,,08/19,聯邦台灣精彩50ETF基金本基金之配息來源可能為收益平準金
統一台灣高息動能ETF基金(本基金並無保證收益及配息，配息來源可能為收益平準金),統一投信,境內,ET000001/806,,27.0,6.48,25.52,45.09,71.23,,,,,,,08/19,統一台灣高息動能ETF基金本基金並無保證收益及配息，配息來源可能為收益平準金
元大富櫃50基金,元大投信,境內,ET000001/806,,28.0,3.98,-4.57,44.62,96.89,165.39,151.55,392.44,,,,08/19,元大富櫃50基金
群益台灣ESG低碳50ETF基金(本基金之配息來源可能為收益平準金),群益投信,境內,ET000001/806,,29.0,6.56,12.88,43.03,101.89,225.48,,,,,,08/19,群益台灣ESG低碳50ETF基金本基金之配息來源可能為收益平準金
元大臺灣ESG永續ETF基金(本基金之配息來源可能為收益平準金),元大投信,境內,ET000001/806,,30.0,6.55,14.57,42.9,94.23,215.57,244.85,,,,,08/19,元大臺灣ESG永續ETF基金本基金之配息來源可能為收益平準金
國泰台灣領袖50ETF基金(本基金之配息來源可能為收益平準金),國泰投信,境內,ET000001/806,,31.0,6.58,14.62,42.31,97.34,222.87,,,,,,08/19,國泰台灣領袖50ETF基金本基金之配息來源可能為收益平準金
台新臺灣全市場半導體精選30ETF基金,台新投信,境內,ET000001/806,,32.0,3.13,7.42,41.3,135.53,286.3,,,,,,08/19,台新臺灣全市場半導體精選30ETF基金
玉山臺灣市值動能50ETF基金(本基金之配息來源可能為收益平準金),玉山投信,境內,ET000001/806,,33.0,6.42,11.67,41.16,99.74,,,,,,,08/19,玉山臺灣市值動能50ETF基金本基金之配息來源可能為收益平準金
元大台灣高股息基金(本基金之配息來源可能為收益平準金且並無保證收益及配息),元大投信,境內,ET000001/806,,34.0,6.25,21.8,40.97,64.34,104.68,163.18,347.89,,,,08/19,元大台灣高股息基金本基金之配息來源可能為收益平準金且並無保證收益及配息
富邦台灣淨零轉型ESG50ETF基金(本基金之配息來源可能為收益平準金),富邦投信,境內,ET000001/806,,35.0,1.83,15.17,40.5,,,,,,,,08/19,富邦台灣淨零轉型ESG50ETF基金本基金之配息來源可能為收益平準金
凱基台灣TOP 50 ETF基金,凱基投信,境內,ET000001/806,,36.0,6.62,13.42,40.22,,,,,,,,08/19,凱基台灣TOP50ETF基金
富蘭克林華美臺灣Smart ETF基金(本基金之配息來源可能為收益平準金),富蘭克林華美投信,境內,ET000001/806,,37.0,5.37,12.65,39.69,87.47,220.49,,,,,,08/19,富蘭克林華美臺灣SmartETF基金本基金之配息來源可能為收益平準金
野村臺灣趨勢動能高股息ETF基金(本基金之配息來源可能為收益平準金且並無保證收益及配息),野村投信,境內,ET000001/806,,38.0,0.33,13.88,39.63,50.53,,,,,,,08/19,野村臺灣趨勢動能高股息ETF基金本基金之配息來源可能為收益平準金且並無保證收益及配息
富蘭克林華美臺灣ESG永續高息ETF基金(本基金並無保證收益及配息且配息來源可能為收益平準金),富蘭克林華美投信,境內,ET000001/806,,39.0,7.98,26.17,38.95,57.13,,,,,,,08/19,富蘭克林華美臺灣ESG永續高息ETF基金本基金並無保證收益及配息且配息來源可能為收益平準金
中國信託臺灣優選成長高股息ETF基金(基金之配息來源可能為收益平準金且基金並無保證收益及配息),中國信託投信,境內,ET000001/806,,40.0,11.47,22.36,38.74,60.05,,,,,,,08/19,中國信託臺灣優選成長高股息ETF基金基金之配息來源可能為收益平準金且基金並無保證收益及配息
元大台灣電子科技基金,元大投信,境內,ET000001/806,,41.0,6.11,10.17,38.35,108.39,277.07,319.11,933.27,,,,08/19,元大台灣電子科技基金
華南永昌台灣優選50ETF基金(本基金之配息來源可能為收益平準金),華南永昌投信,境內,ET000001/806,,42.0,3.89,14.92,37.79,88.1,,,,,,,08/19,華南永昌台灣優選50ETF基金本基金之配息來源可能為收益平準金
群益台灣精選高息ETF基金(本基金之配息來源可能為收益平準金且基金並無保證收益及配息),群益投信,境內,ET000001/806,,43.0,5.77,21.73,36.47,58.45,113.85,,,,,,08/19,群益台灣精選高息ETF基金本基金之配息來源可能為收益平準金且基金並無保證收益及配息
中國信託臺灣綠能及電動車ETF基金(本基金非屬環境、社會及治理相關主題基金),中國信託投信,境內,ET000001/806,,44.0,4.75,10.78,35.91,75.65,129.07,,,,,,08/19,中國信託臺灣綠能及電動車ETF基金本基金非屬環境、社會及治理相關主題基金
元大摩臺基金,元大投信,境內,ET000001/806,,45.0,5.08,11.88,35.85,96.84,239.22,251.39,691.39,,,,08/19,元大摩臺基金
富邦台灣摩根基金,富邦投信,境內,ET000001/806,,46.0,5.01,11.82,35.56,96.24,237.46,241.56,651.53,,,,08/19,富邦台灣摩根基金
元大台灣加權股價指數基金R不配息(台幣),元大投信,境內,ET000001/806,,47.0,5.35,12.61,35.39,89.11,190.89,,,,,,08/19,元大台灣加權股價指數基金R不配息台幣
元大台灣加權股價指數基金A不配息(台幣),元大投信,境內,ET000001/806,,48.0,5.35,12.61,35.39,89.11,190.78,212.15,565.15,,,,08/19,元大台灣加權股價指數基金A不配息台幣
富邦台灣科技指數基金(本基金之配息來源可能為收益平準金),富邦投信,境內,ET000001/806,,49.0,5.18,10.47,35.03,107.63,302.58,342.38,1285.96,,,,08/19,富邦台灣科技指數基金本基金之配息來源可能為收益平準金
元大台灣卓越50基金,元大投信,境內,ET000001/806,,50.0,5.28,12.09,35.03,98.74,258.84,264.38,715.18,,,,08/19,元大台灣卓越50基金
富邦台灣釆吉50基金(本基金之配息來源可能為收益平準金),富邦投信,境內,ET000001/806,,51.0,5.27,12.09,35.02,98.72,259.87,266.54,725.73,,,,08/19,富邦台灣釆吉50基金本基金之配息來源可能為收益平準金
永豐台灣ESG低碳高息40ETF基金(本基金之配息來源可能為收益平準金且並無保證收益及配息),永豐投信,境內,ET000001/806,,52.0,1.78,14.08,34.62,46.4,94.59,,,,,,08/19,永豐台灣ESG低碳高息40ETF基金本基金之配息來源可能為收益平準金且並無保證收益及配息
富邦臺灣公司治理100基金,富邦投信,境內,ET000001/806,,53.0,5.1,11.55,33.14,91.45,220.78,240.17,,,,,08/19,富邦臺灣公司治理100基金
富邦特選台灣高股息30ETF基金(本基金之配息來源可能為收益平準金且基金並無保證收益及配息),富邦投信,境內,ET000001/806,,54.0,4.7,15.2,33.12,52.71,88.97,,,,,,08/19,富邦特選台灣高股息30ETF基金本基金之配息來源可能為收益平準金且基金並無保證收益及配息
凱基台灣優選高股息30ETF基金(基金之配息來源可能為收益平準金且基金並無保證收益及配息),凱基投信,境內,ET000001/806,,55.0,1.49,17.79,32.96,47.33,98.86,,,,,,08/19,凱基台灣優選高股息30ETF基金基金之配息來源可能為收益平準金且基金並無保證收益及配息
富邦臺灣中小A級動能50ETF基金,富邦投信,境內,ET000001/806,,56.0,2.71,-0.8,32.81,53.44,34.21,110.22,,,,,08/19,富邦臺灣中小A級動能50ETF基金
元大台灣中型100基金,元大投信,境內,ET000001/806,,57.0,4.22,10.09,32.54,78.28,125.25,209.51,634.37,,,,08/19,元大台灣中型100基金
富邦道瓊臺灣優質高息30ETF基金(本基金之配息來源可能為收益平準金且基金並無保證收益及配息),富邦投信,境內,ET000001/806,,58.0,6.94,12.2,31.8,25.82,92.67,101.17,,,,,08/19,富邦道瓊臺灣優質高息30ETF基金本基金之配息來源可能為收益平準金且基金並無保證收益及配息
兆豐台灣產業龍頭存股等權重ETF基金(本基金之配息來源可能為收益平準金),兆豐投信,境內,ET000001/806,,59.0,5.15,16.41,31.33,39.75,71.13,,,,,,08/19,兆豐台灣產業龍頭存股等權重ETF基金本基金之配息來源可能為收益平準金
元大臺灣價值高息ETF基金(本基金之配息來源可能為收益平準金且並無保證收益及配息),元大投信,境內,ET000001/806,,60.0,4.86,14.85,31.07,41.9,,,,,,,08/19,元大臺灣價值高息ETF基金本基金之配息來源可能為收益平準金且並無保證收益及配息
凱基台灣優選30ETF基金(基金之配息來源可能為收益平準金),凱基投信,境內,ET000001/806,,61.0,3.55,20.82,30.79,67.08,,,,,,,08/19,凱基台灣優選30ETF基金基金之配息來源可能為收益平準金
元大台灣金融基金,元大投信,境內,ET000001/806,,62.0,3.57,28.43,30.74,48.92,109.51,136.1,345.17,,,,08/19,元大台灣金融基金
永豐臺灣加權ETF基金,永豐投信,境內,ET000001/806,,63.0,4.44,11.43,30.31,83.54,180.89,205.56,562.43,,,,08/19,永豐臺灣加權ETF基金
國泰臺灣低波動股利精選30基金(本基金並無保證收益及配息),國泰投信,境內,ET000001/806,,64.0,-0.02,18.87,29.03,40.97,79.82,114.85,,,,,08/19,國泰臺灣低波動股利精選30基金本基金並無保證收益及配息
復華富時台灣高股息低波動基金(基金之配息來源可能為收益平準金且本基金並無保證收益及配息),復華投信,境內,ET000001/806,,65.0,4.82,23.17,27.95,42.67,71.18,130.29,,,,,08/19,復華富時台灣高股息低波動基金基金之配息來源可能為收益平準金且本基金並無保證收益及配息
兆豐台灣ESG永續高股息等權重ETF基金(本基金之配息來源可能為收益平準金且本基金並無保證收益及配息),兆豐投信,境內,ET000001/806,,66.0,3.45,10.74,22.09,28.92,,,,,,,08/19,兆豐台灣ESG永續高股息等權重ETF基金本基金之配息來源可能為收益平準金且本基金並無保證收益及配息
華南永昌台灣環境永續高股息指數基金B配息(台幣)(本基金並無保證收益及配息),華南永昌投信,境內,ET000001/806,,67.0,-0.46,6.92,21.04,20.39,60.63,,,,,,08/19,華南永昌台灣環境永續高股息指數基金B配息台幣本基金並無保證收益及配息
華南永昌台灣環境永續高股息指數基金A不配息(台幣)(本基金並無保證收益及配息),華南永昌投信,境內,ET000001/806,,68.0,-0.52,6.79,20.84,20.22,60.51,,,,,,08/19,華南永昌台灣環境永續高股息指數基金A不配息台幣本基金並無保證收益及配息
元大台灣高股息低波動ETF基金(本基金之配息來源可能為收益平準金且並無保證收益及配息),元大投信,境內,ET000001/806,,69.0,0.87,12.06,19.61,26.35,64.47,116.86,,,,,08/19,元大台灣高股息低波動ETF基金本基金之配息來源可能為收益平準金且並無保證收益及配息
永豐台灣優選入息存股ETF基金(本基金之配息來源可能為收益平準金且並無保證收益及配息),永豐投信,境內,ET000001/806,,70.0,4.45,18.16,12.98,18.5,47.19,,,,,,08/19,永豐台灣優選入息存股ETF基金本基金之配息來源可能為收益平準金且並無保證收益及配息
貝萊德iShares安碩標普500卓越50ETF基金(基金之配息來源可能為收益平準金),貝萊德投信,境內,ET000001/806,,71.0,1.44,-0.44,9.06,,,,,,,,08/18,貝萊德iShares安碩標普500卓越50ETF基金基金之配息來源可能為收益平準金
街口道瓊銅ER指數期貨基金,街口投信,境內,ET000001/806,,72.0,3.29,1.86,5.66,37.86,46.46,29.48,,,,,08/18,街口道瓊銅ER指數期貨基金
街口標普高盛黃豆ER指數期貨基金,街口投信,境內,ET000001/806,,73.0,0.77,-1.29,3.68,9.56,-21.95,1.41,,,,,08/18,街口標普高盛黃豆ER指數期貨基金
群益臺灣加權指數單日反向1倍基金,群益投信,境內,ET000001/806,,74.0,-5.56,-11.3,-26.62,-47.69,-69.18,-74.11,,,,,08/19,群益臺灣加權指數單日反向1倍基金
富邦臺灣加權單日反向一倍基金,富邦投信,境內,ET000001/806,,75.0,-5.48,-11.51,-26.68,-47.65,-69.01,-73.73,,,,,08/19,富邦臺灣加權單日反向一倍基金
元大台灣50單日反向1倍基金(本基金為策略交易型產品且投資具有反向操作風險，故本基金不適合長期持有，僅符合臺灣證券交易所訂適格條件之投資人始得交易),元大投信,境內,ET000001/806,,76.0,-5.59,-11.74,-27.05,-48.01,-70.15,-74.76,-91.33,,,,08/19,元大台灣50單日反向1倍基金本基金為策略交易型產品且投資具有反向操作風險，故本基金不適合長期持有，僅符合臺灣證券交易所訂適格條件之投資人始得交易
國泰臺灣加權指數單日反向1倍基金,國泰投信,境內,ET000001/806,,77.0,-5.68,-12.17,-27.51,-48.13,-70.09,-74.89,-91.36,,,,08/19,國泰臺灣加權指數單日反向1倍基金
復華台灣菁英50指數基金,復華投信,境內,ET000001/806,,78.0,7.96,,,,,,,,,,08/19,復華台灣菁英50指數基金
查無資料,查無資料,境內,ET000002/806,,,,,,,,,,,,,查無資料,查無資料
瀚亞高科技基金,瀚亞投信,境內,ET001001/806,,1.0,22.42,20.76,79.91,151.03,336.59,468.34,1370.54,,,,08/19,瀚亞高科技基金
元大高科技基金A不配息(台幣),元大投信,境內,ET001001/806,,2.0,10.13,16.79,73.73,191.78,296.8,296.33,954.69,,,,08/19,元大高科技基金A不配息台幣
景順台灣科技基金,景順投信,境內,ET001001/806,,3.0,16.84,24.42,72.97,168.18,316.01,344.75,698.16,,,,08/19,景順台灣科技基金
台新創新科技基金,台新投信,境內,ET001001/806,,4.0,14.32,7.38,61.61,149.71,233.8,285.97,641.42,,,,08/19,台新創新科技基金
安聯台灣科技基金,安聯投信,境內,ET001001/806,,5.0,9.06,5.53,60.97,190.19,393.88,592.81,2507.44,,,,08/19,安聯台灣科技基金
統一奔騰基金,統一投信,境內,ET001001/806,,6.0,12.67,8.54,60.95,139.27,295.13,491.98,1575.48,,,,08/19,統一奔騰基金
富蘭克林華美高科技基金,富蘭克林華美投信,境內,ET001001/806,,7.0,13.94,6.4,60.33,140.73,299.22,437.52,1068.04,,,,08/19,富蘭克林華美高科技基金
國泰科技生化基金,國泰投信,境內,ET001001/806,,8.0,11.53,6.47,58.61,138.92,278.04,317.4,827.74,,,,08/19,國泰科技生化基金
台新2000高科技基金-I不配息,台新投信,境內,ET001001/806,,9.0,18.1,4.72,56.81,148.12,319.35,410.68,,,,,08/19,台新2000高科技基金I不配息
摩根新興科技基金-數位型,摩根投信,境內,ET001001/806,,10.0,8.43,-2.19,56.29,140.14,299.5,,,,,,08/19,摩根新興科技基金數位型
台新2000高科技基金-A不配息,台新投信,境內,ET001001/806,,11.0,18.01,4.51,56.15,146.15,309.4,396.58,925.36,,,,08/19,台新2000高科技基金A不配息
摩根新興科技基金-一般型,摩根投信,境內,ET001001/806,,12.0,8.35,-2.41,55.56,137.93,288.93,335.3,800.26,,,,08/19,摩根新興科技基金一般型
第一金電子基金,第一金投信,境內,ET001001/806,,13.0,11.73,5.58,53.17,138.36,297.66,348.87,975.39,,,,08/19,第一金電子基金
群益創新科技基金N類型,群益投信,境內,ET001001/806,,14.0,14.22,6.19,52.7,135.29,163.82,,,,,,08/19,群益創新科技基金N類型
群益創新科技基金,群益投信,境內,ET001001/806,,15.0,14.23,6.18,52.7,135.27,163.76,215.24,612.61,,,,08/19,群益創新科技基金
永豐領航科技基金,永豐投信,境內,ET001001/806,,16.0,13.57,8.13,49.98,137.34,218.9,217.21,545.28,,,,08/19,永豐領航科技基金
玉山科技島基金,玉山投信,境內,ET001001/806,,17.0,11.74,-0.04,49.7,161.64,273.98,289.7,835.14,,,,08/19,玉山科技島基金
野村高科技基金-累積型(台幣),野村投信,境內,ET001001/806,,18.0,20.54,10.96,48.6,153.87,282.28,522.56,1470.77,,,,08/19,野村高科技基金累積型台幣
匯豐龍騰電子基金,匯豐投信,境內,ET001001/806,,19.0,9.99,2.77,48.36,117.58,216.2,250.63,639.18,,,,08/19,匯豐龍騰電子基金
野村e科技基金,野村投信,境內,ET001001/806,,20.0,20.54,11.61,47.42,156.14,276.11,502.98,1365.61,,,,08/19,野村e科技基金
兆豐電子基金,兆豐投信,境內,ET001001/806,,21.0,11.62,11.44,47.25,86.2,157.59,241.26,636.52,,,,08/19,兆豐電子基金
兆豐台灣先進通訊基金,兆豐投信,境內,ET001001/806,,22.0,6.85,6.93,41.63,76.6,147.45,196.83,,,,,08/19,兆豐台灣先進通訊基金
聯邦精選科技基金-NA不配息(台幣),聯邦投信,境內,ET001001/806,,23.0,13.03,-0.61,40.9,83.84,,,,,,,08/19,聯邦精選科技基金NA不配息台幣
聯邦精選科技基金-A不配息(台幣),聯邦投信,境內,ET001001/806,,24.0,13.05,-0.6,40.88,83.99,180.43,234.4,755.51,,,,08/19,聯邦精選科技基金A不配息台幣
復華台灣科技高股息基金A不配息(台幣)(本基金並無保證收益及配息),復華投信,境內,ET001001/806,,25.0,8.24,12.14,40.49,74.17,,,,,,,08/19,復華台灣科技高股息基金A不配息台幣本基金並無保證收益及配息
復華台灣科技高股息基金B配息(台幣)(基金之配息來源可能為本金及收益平準金且本基金並無保證收益及配息),復華投信,境內,ET001001/806,,26.0,8.28,12.19,40.49,74.17,,,,,,,08/19,復華台灣科技高股息基金B配息台幣基金之配息來源可能為本金及收益平準金且本基金並無保證收益及配息
台中銀數位時代基金B月配型(台幣)(本基金之配息來源可能為本金),台中銀投信,境內,ET001001/806,,27.0,4.95,3.8,39.52,84.19,,,,,,,08/19,台中銀數位時代基金B月配型台幣本基金之配息來源可能為本金
台中銀數位時代基金A累積型(台幣)(本基金之配息來源可能為本金),台中銀投信,境內,ET001001/806,,28.0,4.91,3.79,39.49,84.13,189.92,294.68,566.5,,,,08/19,台中銀數位時代基金A累積型台幣本基金之配息來源可能為本金
台新臺灣AI優息動能ETF基金(基金之配息來源可能為收益平準金且並無保證收益及配息),台新投信,境內,ET001001/806,,29.0,8.34,16.29,38.61,54.16,,,,,,,08/19,台新臺灣AI優息動能ETF基金基金之配息來源可能為收益平準金且並無保證收益及配息
富邦科技基金,富邦投信,境內,ET001001/806,,30.0,7.43,-6.51,36.48,109.83,236.34,308.64,872.85,,,,08/19,富邦科技基金
富邦高科技基金,富邦投信,境內,ET001001/806,,31.0,6.92,-7.41,35.12,107.07,151.48,208.3,639.57,,,,08/19,富邦高科技基金
復華數位經濟基金,復華投信,境內,ET001001/806,,32.0,4.3,-1.64,33.24,64.85,121.06,129.18,373.22,,,,08/19,復華數位經濟基金
野村高科技基金-累積N類型(台幣),野村投信,境內,ET001001/806,,33.0,20.49,10.99,,,,,,,,,08/19,野村高科技基金累積N類型台幣
元大高科技基金N不配息(台幣),元大投信,境內,ET001001/806,,34.0,,,,,,,,,,,08/18,元大高科技基金N不配息台幣
施羅德台灣樂活中小基金-TISA類型,施羅德投信,境內,ET001004/806,,1.0,18.97,19.18,92.67,213.0,,,,,,,08/19,施羅德台灣樂活中小基金TISA類型
統一中小基金,統一投信,境內,ET001004/806,,2.0,14.2,19.83,92.28,201.96,268.14,385.84,1066.53,,,,08/19,統一中小基金
施羅德台灣樂活中小基金-A類型,施羅德投信,境內,ET001004/806,,3.0,18.89,18.95,91.95,210.46,336.48,460.74,1071.85,,,,08/19,施羅德台灣樂活中小基金A類型
野村中小基金-累積S類型(台幣),野村投信,境內,ET001004/806,,4.0,26.11,19.02,81.92,195.21,348.45,599.62,,,,,08/19,野村中小基金累積S類型台幣
野村中小基金-累積型(台幣),野村投信,境內,ET001004/806,,5.0,25.99,18.69,80.91,192.02,333.89,527.73,1564.72,,,,08/19,野村中小基金累積型台幣
第一金小型精選基金TISA類型(台幣),第一金投信,境內,ET001004/806,,6.0,16.38,13.2,77.64,,,,,,,,08/19,第一金小型精選基金TISA類型台幣
第一金小型精選基金A類型(台幣),第一金投信,境內,ET001004/806,,7.0,16.26,12.96,76.82,146.94,239.56,340.01,783.5,,,,08/19,第一金小型精選基金A類型台幣
永豐中小基金-TISA類型,永豐投信,境內,ET001004/806,,8.0,14.06,10.85,62.83,,,,,,,,08/19,永豐中小基金TISA類型
永豐中小基金-I類型,永豐投信,境內,ET001004/806,,9.0,13.95,10.57,61.98,164.16,300.38,353.73,,,,,08/19,永豐中小基金I類型
永豐中小基金-A類型,永豐投信,境內,ET001004/806,,10.0,13.95,10.57,61.98,164.16,300.38,353.73,766.32,,,,08/19,永豐中小基金A類型
瀚亞中小型股基金,瀚亞投信,境內,ET001004/806,,11.0,16.71,8.3,58.2,164.9,293.64,338.41,934.44,,,,08/19,瀚亞中小型股基金
復華中小精選基金,復華投信,境內,ET001004/806,,12.0,11.52,7.54,57.5,142.96,240.77,259.83,918.12,,,,08/19,復華中小精選基金
中國信託台灣活力基金,中國信託投信,境內,ET001004/806,,13.0,17.45,9.64,57.42,134.27,214.52,237.28,459.78,,,,08/19,中國信託台灣活力基金
群益中小型股基金,群益投信,境內,ET001004/806,,14.0,9.21,3.7,55.25,134.13,164.94,193.36,503.37,,,,08/19,群益中小型股基金
街口中小型基金,街口投信,境內,ET001004/806,,15.0,13.82,9.16,53.13,186.29,321.47,396.84,893.67,,,,08/19,街口中小型基金
富邦精銳中小基金-TISA類型,富邦投信,境內,ET001004/806,,16.0,16.46,6.47,52.72,137.29,,,,,,,08/19,富邦精銳中小基金TISA類型
富邦精銳中小基金-A類型,富邦投信,境內,ET001004/806,,17.0,16.34,6.2,51.92,134.92,282.78,404.5,1119.78,,,,08/19,富邦精銳中小基金A類型
富邦小而美基金,富邦投信,境內,ET001004/806,,18.0,9.77,-0.8,51.16,127.08,216.54,259.47,518.86,,,,08/19,富邦小而美基金
玉山中小型股基金-TISA類型,玉山投信,境內,ET001004/806,,19.0,7.75,-0.85,49.26,166.48,,,,,,,08/19,玉山中小型股基金TISA類型
國泰中小成長基金-A類型(台幣),國泰投信,境內,ET001004/806,,20.0,8.98,1.21,49.14,112.2,218.13,304.44,720.82,,,,08/19,國泰中小成長基金A類型台幣
玉山中小型股基金-A類型,玉山投信,境內,ET001004/806,,21.0,7.65,-1.09,48.49,164.0,314.05,291.21,652.09,,,,08/19,玉山中小型股基金A類型
台新台灣中小基金,台新投信,境內,ET001004/806,,22.0,14.13,-1.71,48.07,119.21,314.89,336.29,871.02,,,,08/19,台新台灣中小基金
摩根中小基金,摩根投信,境內,ET001004/806,,23.0,7.54,-3.84,44.95,104.66,220.4,248.01,470.82,,,,08/19,摩根中小基金
台新臺灣永續高息中小型ETF基金(基金之配息來源可能為收益平準金且並無保證收益及配息),台新投信,境內,ET001004/806,,24.0,6.57,11.96,24.51,43.98,,,,,,,08/19,台新臺灣永續高息中小型ETF基金基金之配息來源可能為收益平準金且並無保證收益及配息
台新台灣中小基金-TISA類型,台新投信,境內,ET001004/806,,25.0,14.13,-1.71,,,,,,,,,08/19,台新台灣中小基金TISA類型
國泰中小成長基金-I類型(美元),國泰投信,境內,ET001004/806,,26.0,,,,,,,,,,,08/18,國泰中小成長基金I類型美元
國泰中小成長基金-B配息(台幣)(基金之配息來源可能為本金),國泰投信,境內,ET001004/806,,27.0,,,,,,,,,,,08/18,國泰中小成長基金B配息台幣基金之配息來源可能為本金
國泰中小成長基金-NB配息(台幣)(基金之配息來源可能為本金),國泰投信,境內,ET001004/806,,28.0,,,,,,,,,,,08/18,國泰中小成長基金NB配息台幣基金之配息來源可能為本金
元大台灣高股息優質龍頭基金I配息(本基金之配息來源可能為收益平準金且並無保證收益及配息),元大投信,境內,ET001005/806,,1.0,14.5,49.41,102.45,109.88,207.59,125.26,,,,,05/21,元大台灣高股息優質龍頭基金I配息本基金之配息來源可能為收益平準金且並無保證收益及配息
統一龍馬基金,統一投信,境內,ET001005/806,,2.0,13.83,15.41,88.47,185.92,350.78,419.94,1167.7,,,,08/19,統一龍馬基金
聯博大利基金A2類型,聯博投信,境內,ET001005/806,,3.0,14.48,20.97,84.34,156.39,269.53,300.23,709.65,,,,08/19,聯博大利基金A2類型
野村優質基金-TISA類型(台幣),野村投信,境內,ET001005/806,,4.0,26.66,22.43,83.46,,,,,,,,08/19,野村優質基金TISA類型台幣
野村優質基金-累積S類型(台幣),野村投信,境內,ET001005/806,,5.0,26.61,22.28,83.12,173.25,321.82,496.43,,,,,08/19,野村優質基金累積S類型台幣
野村優質基金-累積型(台幣),野村投信,境內,ET001005/806,,6.0,26.56,22.13,82.63,171.86,315.43,481.3,1500.13,,,,08/19,野村優質基金累積型台幣
元大多多基金A不配息(台幣),元大投信,境內,ET001005/806,,7.0,9.76,18.38,77.86,209.61,348.27,369.77,762.46,,,,08/19,元大多多基金A不配息台幣
野村鴻運基金,野村投信,境內,ET001005/806,,8.0,25.86,18.63,77.4,200.44,378.12,628.63,1598.06,,,,08/19,野村鴻運基金
元大經貿基金A不配息(台幣),元大投信,境內,ET001005/806,,9.0,10.1,13.31,76.68,184.16,315.02,250.83,643.73,,,,08/19,元大經貿基金A不配息台幣
元大台灣高股息優質龍頭基金I不配息(本基金之配息來源可能為收益平準金且並無保證收益及配息),元大投信,境內,ET001005/806,,10.0,-1.0,18.08,73.12,158.66,245.06,263.13,,,,,08/19,元大台灣高股息優質龍頭基金I不配息本基金之配息來源可能為收益平準金且並無保證收益及配息
元大台灣高股息優質龍頭基金B配息(本基金之配息來源可能為收益平準金且並無保證收益及配息),元大投信,境內,ET001005/806,,11.0,-1.02,17.99,72.9,158.22,242.58,260.55,,,,,08/19,元大台灣高股息優質龍頭基金B配息本基金之配息來源可能為收益平準金且並無保證收益及配息
元大台灣高股息優質龍頭基金A不配息(本基金之配息來源可能為收益平準金且並無保證收益及配息),元大投信,境內,ET001005/806,,12.0,-1.03,17.97,72.85,157.89,242.39,259.83,,,,,08/19,元大台灣高股息優質龍頭基金A不配息本基金之配息來源可能為收益平準金且並無保證收益及配息
元大台灣高股息優質龍頭基金R不配息(台幣)(本基金之配息來源可能為收益平準金),元大投信,境內,ET001005/806,,13.0,-1.03,17.97,72.76,157.72,,,,,,,08/19,元大台灣高股息優質龍頭基金R不配息台幣本基金之配息來源可能為收益平準金
野村台灣運籌基金,野村投信,境內,ET001005/806,,14.0,19.84,14.69,72.44,191.84,367.75,592.07,1602.38,,,,08/19,野村台灣運籌基金
景順潛力基金-TISA累積型(台幣),景順投信,境內,ET001005/806,,15.0,16.91,24.96,71.99,,,,,,,,08/19,景順潛力基金TISA累積型台幣
野村成長基金,野村投信,境內,ET001005/806,,16.0,20.9,15.21,71.41,185.6,330.65,552.41,1561.92,,,,08/19,野村成長基金
景順潛力基金,景順投信,境內,ET001005/806,,17.0,16.79,24.6,71.04,157.57,273.48,316.83,466.73,,,,08/19,景順潛力基金
富邦精選五虎基金,富邦投信,境內,ET001005/806,,18.0,13.81,17.1,69.03,112.88,190.42,223.91,591.02,,,,08/19,富邦精選五虎基金
玉山金滿意基金-R累積型,玉山投信,境內,ET001005/806,,19.0,21.07,12.6,67.56,154.2,309.73,,,,,,08/19,玉山金滿意基金R累積型
玉山金滿意基金-A累積型,玉山投信,境內,ET001005/806,,20.0,21.0,12.42,67.03,152.65,302.24,307.15,659.62,,,,08/19,玉山金滿意基金A累積型
復華全方位基金TISA類型,復華投信,境內,ET001005/806,,21.0,11.53,12.34,65.85,,,,,,,,08/19,復華全方位基金TISA類型
復華高成長基金,復華投信,境內,ET001005/806,,22.0,13.89,10.3,65.53,155.18,285.86,336.08,919.21,,,,08/19,復華高成長基金
復華全方位基金A類型,復華投信,境內,ET001005/806,,23.0,11.47,12.15,65.19,145.5,259.36,306.5,872.18,,,,08/19,復華全方位基金A類型
第一金創新趨勢基金TISA類型(台幣),第一金投信,境內,ET001005/806,,24.0,16.86,9.51,64.42,,,,,,,,08/19,第一金創新趨勢基金TISA類型台幣
復華復華基金,復華投信,境內,ET001005/806,,25.0,14.32,10.89,64.25,149.52,299.88,310.21,809.22,,,,08/19,復華復華基金
野村積極成長基金,野村投信,境內,ET001005/806,,26.0,25.16,14.25,63.86,153.01,284.74,482.59,1392.32,,,,08/19,野村積極成長基金
統一全天候基金,統一投信,境內,ET001005/806,,27.0,11.28,10.49,63.77,154.3,253.83,369.45,1088.79,,,,08/19,統一全天候基金
第一金創新趨勢基金A類型(台幣),第一金投信,境內,ET001005/806,,28.0,16.79,9.28,63.63,147.21,297.59,332.23,838.0,,,,08/19,第一金創新趨勢基金A類型台幣
匯豐台灣精典基金-不配息(台幣)(本基金配息來源可能為本金),匯豐投信,境內,ET001005/806,,29.0,15.76,9.8,63.26,134.35,275.95,309.94,719.46,,,,08/19,匯豐台灣精典基金不配息台幣本基金配息來源可能為本金
元大新主流基金A不配息(台幣),元大投信,境內,ET001005/806,,30.0,6.11,6.81,62.07,189.85,295.31,367.87,839.25,,,,08/19,元大新主流基金A不配息台幣
瀚亞外銷基金A不配息(台幣),瀚亞投信,境內,ET001005/806,,31.0,17.05,11.01,61.74,147.25,276.94,332.64,911.89,,,,08/19,瀚亞外銷基金A不配息台幣
國泰台灣高股息基金-TISA不配息(台幣)(本基金並無保證收益及配息),國泰投信,境內,ET001005/806,,32.0,14.17,15.07,61.03,131.26,,,,,,,08/19,國泰台灣高股息基金TISA不配息台幣本基金並無保證收益及配息
國泰台灣高股息基金-B配息(台幣)(本基金並無保證收益及配息),國泰投信,境內,ET001005/806,,33.0,14.15,15.01,60.83,130.68,269.12,425.26,,,,,08/19,國泰台灣高股息基金B配息台幣本基金並無保證收益及配息
國泰台灣高股息基金-A不配息(台幣)(本基金並無保證收益及配息),國泰投信,境內,ET001005/806,,34.0,14.15,15.02,60.83,130.71,269.33,425.62,,,,,08/19,國泰台灣高股息基金A不配息台幣本基金並無保證收益及配息
統一經建基金-A類型,統一投信,境內,ET001005/806,,35.0,14.87,7.91,59.83,140.01,273.57,378.21,1130.03,,,,08/19,統一經建基金A類型
統一統信基金,統一投信,境內,ET001005/806,,36.0,16.31,7.5,59.4,136.87,291.99,392.27,953.97,,,,08/19,統一統信基金
柏瑞巨人基金,柏瑞投信,境內,ET001005/806,,37.0,15.14,10.29,58.46,118.67,254.28,278.56,548.46,,,,08/19,柏瑞巨人基金
台新主流基金,台新投信,境內,ET001005/806,,38.0,12.18,-1.04,58.33,144.96,317.41,386.98,872.38,,,,08/19,台新主流基金
凱基台灣精五門基金TISA類型(台幣),凱基投信,境內,ET001005/806,,39.0,12.22,7.62,57.84,151.57,,,,,,,08/19,凱基台灣精五門基金TISA類型台幣
統一台灣高息優選基金-月配型(台幣)(本基金並無保證收益及配息，配息來源可能為本金及收益平準金),統一投信,境內,ET001005/806,,40.0,11.8,11.05,57.57,110.43,,,,,,,08/19,統一台灣高息優選基金月配型台幣本基金並無保證收益及配息，配息來源可能為本金及收益平準金
統一台灣高息優選基金-累積型(台幣)(本基金並無保證收益及配息，配息來源可能為本金及收益平準金),統一投信,境內,ET001005/806,,41.0,11.73,11.0,57.54,110.29,,,,,,,08/19,統一台灣高息優選基金累積型台幣本基金並無保證收益及配息，配息來源可能為本金及收益平準金
凱基台灣精五門基金A類型(台幣),凱基投信,境內,ET001005/806,,42.0,12.11,7.33,57.03,149.04,337.86,415.09,780.33,,,,08/19,凱基台灣精五門基金A類型台幣
凱基開創基金,凱基投信,境內,ET001005/806,,43.0,11.09,7.02,56.94,144.09,230.61,305.23,927.13,,,,08/19,凱基開創基金
玉山高成長基金-TISA類型,玉山投信,境內,ET001005/806,,44.0,12.65,8.32,56.68,139.82,,,,,,,08/19,玉山高成長基金TISA類型
台新台灣富貴基金,台新投信,境內,ET001005/806,,45.0,13.0,6.4,56.39,139.66,217.89,249.21,741.87,,,,08/19,台新台灣富貴基金
台新台灣富貴基金-TISA類型,台新投信,境內,ET001005/806,,46.0,13.19,6.47,56.39,,,,,,,,08/19,台新台灣富貴基金TISA類型
富邦首選基金,富邦投信,境內,ET001005/806,,47.0,16.09,10.67,56.27,110.57,196.59,246.41,620.45,,,,08/19,富邦首選基金
玉山高成長基金-A類型,玉山投信,境內,ET001005/806,,48.0,12.56,8.16,56.2,138.34,261.38,228.31,663.06,,,,08/19,玉山高成長基金A類型
台新臺灣高股息基金B月配息(台幣)(本基金並無保證收益及配息),台新投信,境內,ET001005/806,,49.0,1.73,7.08,56.17,81.84,123.09,,,,,,08/19,台新臺灣高股息基金B月配息台幣本基金並無保證收益及配息
富達台灣成長基金-TISA類型,富達投信,境內,ET001005/806,,50.0,8.42,7.62,56.16,,,,,,,,08/19,富達台灣成長基金TISA類型
台新臺灣高股息基金A不配息(台幣),台新投信,境內,ET001005/806,,51.0,1.73,7.03,56.14,82.67,125.75,,,,,,08/19,台新臺灣高股息基金A不配息台幣
安聯台灣大壩基金-G累積型(台幣),安聯投信,境內,ET001005/806,,52.0,10.85,3.31,55.95,163.24,338.66,415.24,,,,,08/19,安聯台灣大壩基金G累積型台幣
貝萊德寶利基金,貝萊德投信,境內,ET001005/806,,53.0,5.9,7.2,55.58,114.47,223.59,276.12,769.71,,,,08/19,貝萊德寶利基金
富邦台灣高股息基金A不配息(本基金並無保證收益及配息),富邦投信,境內,ET001005/806,,54.0,17.05,15.21,55.53,96.84,157.01,183.06,,,,,08/19,富邦台灣高股息基金A不配息本基金並無保證收益及配息
富邦台灣高股息基金B配息(本基金並無保證收益及配息),富邦投信,境內,ET001005/806,,55.0,17.02,15.19,55.44,96.77,156.8,183.03,,,,,08/19,富邦台灣高股息基金B配息本基金並無保證收益及配息
國泰小龍基金-R類型(台幣),國泰投信,境內,ET001005/806,,56.0,8.87,4.93,55.44,135.71,286.35,,,,,,08/19,國泰小龍基金R類型台幣
國泰小龍基金(台幣),國泰投信,境內,ET001005/806,,57.0,8.84,4.88,55.29,135.25,283.99,356.07,716.89,,,,08/19,國泰小龍基金台幣
群益長安基金,群益投信,境內,ET001005/806,,58.0,10.75,8.33,55.22,136.79,233.56,282.12,911.64,,,,08/19,群益長安基金
台新大三通基金-TISA類型,台新投信,境內,ET001005/806,,59.0,5.99,2.69,55.21,,,,,,,,08/19,台新大三通基金TISA類型
富達台灣成長基金-A類型累積型,富達投信,境內,ET001005/806,,60.0,8.29,7.32,55.17,141.8,283.22,401.43,815.85,,,,08/19,富達台灣成長基金A類型累積型
安聯台灣大壩基金-A累積型(台幣),安聯投信,境內,ET001005/806,,61.0,10.75,3.05,55.16,160.67,325.72,390.17,1635.09,,,,08/19,安聯台灣大壩基金A累積型台幣
匯豐龍鳳基金R類型,匯豐投信,境內,ET001005/806,,62.0,12.03,7.97,53.85,122.17,222.65,,,,,,08/19,匯豐龍鳳基金R類型
台新大三通基金,台新投信,境內,ET001005/806,,63.0,5.72,1.77,53.77,122.8,198.54,252.05,689.33,,,,08/19,台新大三通基金
統一黑馬基金,統一投信,境內,ET001005/806,,64.0,12.66,7.12,53.67,136.29,233.53,401.14,1317.97,,,,08/19,統一黑馬基金
匯豐龍鳳基金,匯豐投信,境內,ET001005/806,,65.0,11.99,7.86,53.53,121.29,218.8,254.54,628.69,,,,08/19,匯豐龍鳳基金
元大多福基金A不配息(台幣),元大投信,境內,ET001005/806,,66.0,10.03,3.56,53.31,157.98,260.9,278.75,529.59,,,,08/19,元大多福基金A不配息台幣
摩根台灣金磚基金-數位型,摩根投信,境內,ET001005/806,,67.0,6.68,3.04,52.91,122.76,258.45,,,,,,08/19,摩根台灣金磚基金數位型
台中銀大發基金TISA累積型(台幣)(本基金之配息來源可能為本金),台中銀投信,境內,ET001005/806,,68.0,7.32,4.08,52.8,,,,,,,,08/19,台中銀大發基金TISA累積型台幣本基金之配息來源可能為本金
瀚亞菁華基金,瀚亞投信,境內,ET001005/806,,69.0,15.06,6.47,52.48,147.57,241.96,296.23,919.55,,,,08/19,瀚亞菁華基金
富邦精準基金,富邦投信,境內,ET001005/806,,70.0,16.25,6.16,52.26,135.21,282.25,398.36,1004.86,,,,08/19,富邦精準基金
合庫台灣高科技基金,合作金庫投信,境內,ET001005/806,,71.0,9.04,4.03,52.19,131.41,286.2,330.5,,,,,08/19,合庫台灣高科技基金
安聯台灣智慧基金,安聯投信,境內,ET001005/806,,72.0,8.93,6.75,52.16,150.92,319.79,427.93,1832.18,,,,08/19,安聯台灣智慧基金
摩根台灣金磚基金-累積型,摩根投信,境內,ET001005/806,,73.0,6.6,2.79,52.15,120.59,247.85,265.9,563.18,,,,08/19,摩根台灣金磚基金累積型
台中銀大發基金B月配型(台幣)(本基金之配息來源可能為本金),台中銀投信,境內,ET001005/806,,74.0,7.26,3.84,52.08,102.95,,,,,,,08/19,台中銀大發基金B月配型台幣本基金之配息來源可能為本金
台中銀大發基金A累積型(台幣)(本基金之配息來源可能為本金),台中銀投信,境內,ET001005/806,,75.0,7.24,3.83,52.06,102.85,227.09,263.2,493.19,,,,08/19,台中銀大發基金A累積型台幣本基金之配息來源可能為本金
元大卓越基金A不配息(台幣),元大投信,境內,ET001005/806,,76.0,8.86,1.28,51.79,160.69,269.92,247.71,412.93,,,,08/19,元大卓越基金A不配息台幣
第一金台灣核心戰略建設基金N不配息(台幣)(本基金配息來源可能為本金),第一金投信,境內,ET001005/806,,77.0,10.47,5.4,51.41,133.81,232.18,,,,,,08/19,第一金台灣核心戰略建設基金N不配息台幣本基金配息來源可能為本金
兆豐第一基金,兆豐投信,境內,ET001005/806,,78.0,12.9,12.44,51.41,124.84,168.45,175.78,458.71,,,,08/19,兆豐第一基金
第一金台灣核心戰略建設基金N配息(台幣)(本基金配息來源可能為本金),第一金投信,境內,ET001005/806,,79.0,10.46,5.41,51.39,133.76,232.19,,,,,,08/19,第一金台灣核心戰略建設基金N配息台幣本基金配息來源可能為本金
第一金台灣核心戰略建設基金B配息(台幣)(本基金配息來源可能為本金),第一金投信,境內,ET001005/806,,80.0,10.42,5.39,51.35,133.75,231.89,,,,,,08/19,第一金台灣核心戰略建設基金B配息台幣本基金配息來源可能為本金
第一金台灣核心戰略建設基金A不配息(台幣)(本基金配息來源可能為本金),第一金投信,境內,ET001005/806,,81.0,10.44,5.41,51.34,133.7,232.03,,,,,,08/19,第一金台灣核心戰略建設基金A不配息台幣本基金配息來源可能為本金
富蘭克林華美第一富基金-TISA類型(台幣),富蘭克林華美投信,境內,ET001005/806,,82.0,7.5,2.78,51.29,,,,,,,,08/19,富蘭克林華美第一富基金TISA類型台幣
景順主流基金,景順投信,境內,ET001005/806,,83.0,14.59,18.11,51.1,96.08,190.06,217.46,444.65,,,,08/19,景順主流基金
兆豐國民基金-TISA類型,兆豐投信,境內,ET001005/806,,84.0,8.47,5.35,51.06,124.54,,,,,,,08/19,兆豐國民基金TISA類型
富蘭克林華美第一富基金-A累積型(台幣),富蘭克林華美投信,境內,ET001005/806,,85.0,7.41,2.61,50.85,134.05,226.75,285.27,837.42,,,,08/19,富蘭克林華美第一富基金A累積型台幣
富邦台灣永續成長股息基金-A類型,富邦投信,境內,ET001005/806,,86.0,7.54,4.63,50.8,114.21,233.38,379.4,,,,,08/19,富邦台灣永續成長股息基金A類型
摩根台灣增長基金,摩根投信,境內,ET001005/806,,87.0,7.5,18.3,50.76,92.07,176.39,180.75,357.03,,,,08/19,摩根台灣增長基金
宏利台灣動力基金I類,宏利投信,境內,ET001005/806,,88.0,10.95,5.27,50.58,123.81,181.9,281.66,,,,,08/19,宏利台灣動力基金I類
路博邁台灣5G股票基金N月配型(基金之配息來源可能為本金),路博邁投信,境內,ET001005/806,,89.0,1.44,0.36,50.36,144.79,330.2,559.95,,,,,08/19,路博邁台灣5G股票基金N月配型基金之配息來源可能為本金
路博邁台灣5G股票基金T累積型(基金之配息來源可能為本金),路博邁投信,境內,ET001005/806,,90.0,1.43,0.34,50.36,144.85,330.29,560.5,,,,,08/19,路博邁台灣5G股票基金T累積型基金之配息來源可能為本金
路博邁台灣5G股票基金N累積型(基金之配息來源可能為本金),路博邁投信,境內,ET001005/806,,91.0,1.43,0.34,50.35,144.81,330.18,562.09,,,,,08/19,路博邁台灣5G股票基金N累積型基金之配息來源可能為本金
兆豐國民基金-A類型(本基金之配息來源可能為收益平準金),兆豐投信,境內,ET001005/806,,92.0,8.38,5.08,50.31,122.36,191.26,217.4,477.56,,,,08/19,兆豐國民基金A類型本基金之配息來源可能為收益平準金
路博邁台灣5G股票基金T月配型(基金之配息來源可能為本金),路博邁投信,境內,ET001005/806,,93.0,1.43,0.34,50.31,144.82,330.22,559.8,,,,,08/19,路博邁台灣5G股票基金T月配型基金之配息來源可能為本金
元大二○○一基金,元大投信,境內,ET001005/806,,94.0,8.53,0.6,50.17,159.39,242.96,292.34,688.52,,,,08/19,元大二○○一基金
合庫台灣基金-A不配息(台幣),合作金庫投信,境內,ET001005/806,,95.0,9.62,5.08,50.17,127.46,281.17,292.22,628.14,,,,08/19,合庫台灣基金A不配息台幣
統一大滿貫基金-TISA類型,統一投信,境內,ET001005/806,,96.0,10.27,4.21,50.0,125.67,,,,,,,08/19,統一大滿貫基金TISA類型
合庫台灣基金-B配息(台幣)(本基金之配息來源可能為本金),合作金庫投信,境內,ET001005/806,,97.0,9.62,5.0,49.98,127.31,,,,,,,08/19,合庫台灣基金B配息台幣本基金之配息來源可能為本金
宏利台灣動力基金A類,宏利投信,境內,ET001005/806,,98.0,10.85,5.01,49.82,121.6,173.61,263.12,682.99,,,,08/19,宏利台灣動力基金A類
統一台灣動力基金-TISA類型,統一投信,境內,ET001005/806,,99.0,9.99,3.83,49.77,128.32,,,,,,,08/19,統一台灣動力基金TISA類型
國泰國泰基金-A類型(台幣),國泰投信,境內,ET001005/806,,100.0,7.3,0.18,49.35,112.95,238.85,309.48,777.07,,,,08/19,國泰國泰基金A類型台幣
統一大滿貫基金-A類型,統一投信,境內,ET001005/806,,101.0,10.17,3.94,49.22,123.42,241.19,331.31,820.82,,,,08/19,統一大滿貫基金A類型
統一台灣動力基金-A類型,統一投信,境內,ET001005/806,,102.0,9.88,3.54,48.92,125.82,258.29,405.35,1382.48,,,,08/19,統一台灣動力基金A類型
富邦基金,富邦投信,境內,ET001005/806,,103.0,6.95,2.49,48.83,124.86,285.17,369.47,1105.79,,,,08/19,富邦基金
富邦長紅基金,富邦投信,境內,ET001005/806,,104.0,7.02,1.88,48.39,124.18,256.21,332.69,897.53,,,,08/19,富邦長紅基金
兆豐豐台灣基金-A類型,兆豐投信,境內,ET001005/806,,105.0,14.71,7.51,48.37,96.29,156.76,205.75,516.54,,,,08/19,兆豐豐台灣基金A類型
街口台灣基金,街口投信,境內,ET001005/806,,106.0,10.88,6.67,48.35,175.66,316.67,434.79,1007.79,,,,08/19,街口台灣基金
群益奧斯卡基金,群益投信,境內,ET001005/806,,107.0,8.95,5.79,47.99,108.57,203.94,202.55,550.47,,,,08/19,群益奧斯卡基金
富邦高成長基金,富邦投信,境內,ET001005/806,,108.0,8.34,2.93,47.88,97.22,179.26,263.6,787.39,,,,08/19,富邦高成長基金
德銀遠東DWS台灣旗艦基金,德銀遠東投信,境內,ET001005/806,,109.0,8.64,7.11,47.47,115.84,221.24,307.05,654.99,,,,08/19,德銀遠東DWS台灣旗艦基金
富邦台灣心基金,富邦投信,境內,ET001005/806,,110.0,14.77,-0.46,47.44,98.72,186.57,251.73,808.82,,,,08/19,富邦台灣心基金
永豐永豐基金-TISA類型,永豐投信,境內,ET001005/806,,111.0,10.42,4.37,46.9,,,,,,,,08/19,永豐永豐基金TISA類型
永豐永豐基金-R類型,永豐投信,境內,ET001005/806,,112.0,10.38,4.28,46.64,131.48,225.62,,,,,,08/19,永豐永豐基金R類型
永豐臺灣ESG永續優選基金-年配型,永豐投信,境內,ET001005/806,,113.0,5.36,17.92,46.3,82.55,136.38,154.3,,,,,08/19,永豐臺灣ESG永續優選基金年配型
永豐臺灣ESG永續優選基金-I類型,永豐投信,境內,ET001005/806,,114.0,5.35,17.89,46.23,82.55,136.22,153.87,,,,,08/19,永豐臺灣ESG永續優選基金I類型
永豐臺灣ESG永續優選基金-累積型,永豐投信,境內,ET001005/806,,115.0,5.35,17.89,46.23,82.55,136.22,153.87,,,,,08/19,永豐臺灣ESG永續優選基金累積型
永豐永豐基金-I類型,永豐投信,境內,ET001005/806,,116.0,10.32,4.11,46.15,129.97,219.29,270.0,,,,,08/19,永豐永豐基金I類型
永豐永豐基金-A類型,永豐投信,境內,ET001005/806,,117.0,10.32,4.11,46.15,129.97,219.29,270.0,492.46,,,,08/19,永豐永豐基金A類型
群益馬拉松基金TISA類型,群益投信,境內,ET001005/806,,118.0,5.71,4.24,45.45,108.86,,,,,,,08/19,群益馬拉松基金TISA類型
群益馬拉松基金N類型,群益投信,境內,ET001005/806,,119.0,5.59,3.97,44.6,106.56,183.78,,,,,,08/19,群益馬拉松基金N類型
群益馬拉松基金,群益投信,境內,ET001005/806,,120.0,5.59,3.96,44.59,106.52,183.67,167.62,423.62,,,,08/19,群益馬拉松基金
宏利臺灣股息收益基金-A不配息(台幣)(本基金並無保證收益及配息),宏利投信,境內,ET001005/806,,121.0,7.57,11.03,42.22,97.95,182.2,290.82,560.89,,,,08/19,宏利臺灣股息收益基金A不配息台幣本基金並無保證收益及配息
宏利臺灣股息收益基金-B月配息(台幣)(本基金配息來源可能為本金及收益平準金且並無保證收益及配息),宏利投信,境內,ET001005/806,,122.0,7.19,10.65,41.85,,,,,,,,08/19,宏利臺灣股息收益基金B月配息台幣本基金配息來源可能為本金及收益平準金且並無保證收益及配息
群益葛萊美基金,群益投信,境內,ET001005/806,,123.0,5.61,-0.78,39.88,93.64,143.01,186.04,490.89,,,,08/19,群益葛萊美基金
台中銀台灣優息基金C累積型(台幣)(本基金並無保證收益及配息),台中銀投信,境內,ET001005/806,,124.0,5.94,7.21,38.39,66.68,144.23,,,,,,08/19,台中銀台灣優息基金C累積型台幣本基金並無保證收益及配息
台中銀台灣優息基金B月配型(台幣)(本基金並無保證收益及配息),台中銀投信,境內,ET001005/806,,125.0,5.94,7.18,38.37,66.63,143.87,,,,,,08/19,台中銀台灣優息基金B月配型台幣本基金並無保證收益及配息
台中銀台灣優息基金N月配型(台幣)(本基金並無保證收益及配息),台中銀投信,境內,ET001005/806,,126.0,5.97,7.21,38.37,66.68,144.0,,,,,,08/19,台中銀台灣優息基金N月配型台幣本基金並無保證收益及配息
台中銀台灣優息基金A累積型(台幣)(本基金並無保證收益及配息),台中銀投信,境內,ET001005/806,,127.0,5.94,7.22,38.36,66.68,144.04,,,,,,08/19,台中銀台灣優息基金A累積型台幣本基金並無保證收益及配息
富邦上選基金-A類型,富邦投信,境內,ET001005/806,,128.0,9.34,-1.38,34.52,98.7,187.87,271.86,923.71,,,,08/19,富邦上選基金A類型
富邦上選基金-N類型,富邦投信,境內,ET001005/806,,129.0,9.34,-1.38,34.51,98.7,187.94,271.9,,,,,08/19,富邦上選基金N類型
復華台灣好收益基金,復華投信,境內,ET001005/806,,130.0,3.92,-1.61,33.53,74.19,136.27,129.0,,,,,08/19,復華台灣好收益基金
富邦MIT主流基金,富邦投信,境內,ET001005/806,,131.0,12.77,-1.2,31.96,69.75,149.86,259.52,625.23,,,,08/19,富邦MIT主流基金
華南永昌永昌基金,華南永昌投信,境內,ET001005/806,,132.0,17.11,5.81,31.75,91.97,125.5,173.73,627.84,,,,08/19,華南永昌永昌基金
兆豐台灣金傳精選股息基金N後收型(台幣)(本基金並無保證收益及配息),兆豐投信,境內,ET001005/806,,133.0,2.89,8.69,30.33,80.68,109.03,,,,,,08/19,兆豐台灣金傳精選股息基金N後收型台幣本基金並無保證收益及配息
兆豐台灣金傳精選股息基金A累積型(台幣)(本基金並無保證收益及配息),兆豐投信,境內,ET001005/806,,134.0,2.83,8.63,30.26,80.59,109.15,,,,,,08/19,兆豐台灣金傳精選股息基金A累積型台幣本基金並無保證收益及配息
富邦日盛基金,富邦投信,境內,ET001005/806,,135.0,12.54,-5.49,27.02,87.6,210.01,243.6,583.44,,,,08/19,富邦日盛基金
玉山新世紀基金-R累積型,玉山投信,境內,ET001005/806,,136.0,-0.85,4.78,26.22,62.85,95.49,,,,,,08/19,玉山新世紀基金R累積型
玉山新世紀基金-A累積型,玉山投信,境內,ET001005/806,,137.0,-0.95,4.57,25.77,61.81,91.83,90.34,195.94,,,,08/19,玉山新世紀基金A累積型
華南永昌未來科技基金,華南永昌投信,境內,ET001005/806,,138.0,7.79,-3.02,25.16,84.41,,,,,,,08/19,華南永昌未來科技基金
匯豐成功基金,匯豐投信,境內,ET001005/806,,139.0,3.17,17.18,21.5,28.3,31.3,20.6,92.13,,,,08/19,匯豐成功基金
匯豐龍鳳基金I類型,匯豐投信,境內,ET001005/806,,140.0,0.0,0.0,0.0,0.0,-4.39,,,,,,08/19,匯豐龍鳳基金I類型
摩根台灣金磚基金-機構法人型,摩根投信,境內,ET001005/806,,141.0,0.0,0.0,0.0,0.0,0.0,-70.68,,,,,08/19,摩根台灣金磚基金機構法人型
富邦上選基金-TISA類型,富邦投信,境內,ET001005/806,,142.0,,,,,,,,,,,08/19,富邦上選基金TISA類型
富邦台灣永續成長股息基金-TISA類型,富邦投信,境內,ET001005/806,,143.0,,,,,,,,,,,08/19,富邦台灣永續成長股息基金TISA類型
富邦台灣高股息基金TISA類型(本基金並無保證收益及配息),富邦投信,境內,ET001005/806,,144.0,,,,,,,,,,,08/19,富邦台灣高股息基金TISA類型本基金並無保證收益及配息
兆豐豐台灣基金-TISA類型,兆豐投信,境內,ET001005/806,,145.0,,,,,,,,,,,08/19,兆豐豐台灣基金TISA類型
路博邁台灣5G股票基金I月配型(基金之配息來源可能為本金),路博邁投信,境內,ET001005/806,,146.0,,,,,,,,,,,08/19,路博邁台灣5G股票基金I月配型基金之配息來源可能為本金
路博邁台灣5G股票基金I累積型(基金之配息來源可能為本金),路博邁投信,境內,ET001005/806,,147.0,,,,,,,,,,,08/19,路博邁台灣5G股票基金I累積型基金之配息來源可能為本金
野村優質基金-累積N類型(台幣),野村投信,境內,ET001005/806,,148.0,26.61,22.15,,,,,,,,,08/19,野村優質基金累積N類型台幣
群益馬拉松基金I類型,群益投信,境內,ET001005/806,,149.0,4.16,4.37,,,,,,,,,02/27,群益馬拉松基金I類型
柏瑞巨人基金I不配息(台幣),柏瑞投信,境內,ET001005/806,,150.0,15.23,10.61,,,,,,,,,08/19,柏瑞巨人基金I不配息台幣
柏瑞巨人基金N9不配息(台幣),柏瑞投信,境內,ET001005/806,,151.0,15.13,10.36,,,,,,,,,08/19,柏瑞巨人基金N9不配息台幣
柏瑞巨人基金-TISA類型,柏瑞投信,境內,ET001005/806,,152.0,15.15,,,,,,,,,,08/19,柏瑞巨人基金TISA類型
國泰國泰基金-B配息(台幣)(基金之配息來源可能為本金),國泰投信,境內,ET001005/806,,153.0,,,,,,,,,,,08/18,國泰國泰基金B配息台幣基金之配息來源可能為本金
國泰國泰基金-NB配息(台幣)(基金之配息來源可能為本金),國泰投信,境內,ET001005/806,,154.0,,,,,,,,,,,08/18,國泰國泰基金NB配息台幣基金之配息來源可能為本金
台中銀大發基金R累積型(台幣)(本基金之配息來源可能為本金),台中銀投信,境內,ET001005/806,,155.0,,,,,,,,,,,08/18,台中銀大發基金R累積型台幣本基金之配息來源可能為本金
國泰小龍基金-I類型(美元),國泰投信,境內,ET001005/806,,156.0,,,,,,,,,,,08/18,國泰小龍基金I類型美元
瀚亞外銷基金TISA類型(台幣),瀚亞投信,境內,ET001005/806,,157.0,17.13,11.27,,,,,,,,,08/19,瀚亞外銷基金TISA類型台幣
匯豐台灣精典基金-TISA類型(本基金配息來源可能為本金),匯豐投信,境內,ET001005/806,,158.0,15.81,10.07,,,,,,,,,08/19,匯豐台灣精典基金TISA類型本基金配息來源可能為本金
匯豐台灣精典基金-AM2月配型(台幣)(本基金配息來源可能為本金),匯豐投信,境內,ET001005/806,,159.0,15.86,10.26,,,,,,,,,08/19,匯豐台灣精典基金AM2月配型台幣本基金配息來源可能為本金
匯豐台灣精典基金-NM2月配型(台幣)(本基金配息來源可能為本金),匯豐投信,境內,ET001005/806,,160.0,15.85,9.98,,,,,,,,,08/19,匯豐台灣精典基金NM2月配型台幣本基金配息來源可能為本金
台新主流基金-TISA類型,台新投信,境內,ET001005/806,,161.0,11.68,-1.48,,,,,,,,,08/19,台新主流基金TISA類型
聯博大利基金TISA類型,聯博投信,境內,ET001005/806,,162.0,14.6,21.19,,,,,,,,,08/19,聯博大利基金TISA類型
國泰國泰基金-I類型,國泰投信,境內,ET001005/806,,163.0,,,,,,,,,,,08/18,國泰國泰基金I類型
元大多福基金N不配息(台幣),元大投信,境內,ET001005/806,,164.0,,,,,,,,,,,08/18,元大多福基金N不配息台幣
元大多多基金N不配息(台幣),元大投信,境內,ET001005/806,,165.0,,,,,,,,,,,08/18,元大多多基金N不配息台幣
元大卓越基金N不配息(台幣),元大投信,境內,ET001005/806,,166.0,,,,,,,,,,,08/18,元大卓越基金N不配息台幣
元大經貿基金N不配息(台幣),元大投信,境內,ET001005/806,,167.0,,,,,,,,,,,08/18,元大經貿基金N不配息台幣
元大新主流基金N不配息(台幣),元大投信,境內,ET001005/806,,168.0,,,,,,,,,,,08/18,元大新主流基金N不配息台幣
聯邦中國龍基金-A不配息(台幣),聯邦投信,境內,ET001006/806,,1.0,12.78,13.0,67.9,126.85,253.33,251.11,795.99,,,,08/19,聯邦中國龍基金A不配息台幣
台新中國通基金,台新投信,境內,ET001006/806,,2.0,15.73,-0.07,58.67,145.34,305.56,406.25,1025.55,,,,08/19,台新中國通基金
國泰大中華基金,國泰投信,境內,ET001006/806,,3.0,14.05,8.61,58.66,143.8,277.0,371.69,829.92,,,,08/19,國泰大中華基金
富邦新台商基金-A類型,富邦投信,境內,ET001006/806,,4.0,8.67,-2.59,49.43,122.28,284.34,452.36,1181.8,,,,08/19,富邦新台商基金A類型
聯邦中國龍基金-NA不配息(台幣),聯邦投信,境內,ET001006/806,,5.0,12.87,-3.5,-3.5,-3.5,,,,,,,08/19,聯邦中國龍基金NA不配息台幣
富邦新台商基金-TISA類型,富邦投信,境內,ET001006/806,,6.0,,,,,,,,,,,08/19,富邦新台商基金TISA類型
台新中國通基金-TISA類型,台新投信,境內,ET001006/806,,7.0,15.73,-0.07,,,,,,,,,08/19,台新中國通基金TISA類型
野村台灣高股息基金-TISA類型(台幣)(本基金之配息來源可能為本金且並無保證收益及配息),野村投信,境內,ET001007/806,,1.0,13.08,23.92,51.52,,,,,,,,08/19,野村台灣高股息基金TISA類型台幣本基金之配息來源可能為本金且並無保證收益及配息
野村台灣高股息基金-累積S類型(台幣)(本基金之配息來源可能為本金且並無保證收益及配息),野村投信,境內,ET001007/806,,2.0,13.05,23.8,51.21,86.72,,,,,,,08/19,野村台灣高股息基金累積S類型台幣本基金之配息來源可能為本金且並無保證收益及配息
野村台灣高股息基金-累積型(台幣)(本基金之配息來源可能為本金且並無保證收益及配息),野村投信,境內,ET001007/806,,3.0,12.97,23.62,50.75,85.54,195.86,273.71,618.74,,,,08/19,野村台灣高股息基金累積型台幣本基金之配息來源可能為本金且並無保證收益及配息
野村台灣高股息基金-月配型(台幣)(本基金之配息來源可能為本金且並無保證收益及配息),野村投信,境內,ET001007/806,,4.0,12.94,23.64,50.67,85.46,,,,,,,08/19,野村台灣高股息基金月配型台幣本基金之配息來源可能為本金且並無保證收益及配息
台新店頭基金,台新投信,境內,ET001008/806,,1.0,10.08,0.89,53.16,124.42,200.02,236.29,610.67,,,,08/19,台新店頭基金
玉山店頭市場基金,玉山投信,境內,ET001008/806,,2.0,13.6,-0.61,49.25,128.87,202.25,174.22,478.03,,,,08/19,玉山店頭市場基金
群益店頭市場基金N類型,群益投信,境內,ET001008/806,,3.0,6.25,-1.77,39.83,105.69,96.52,,,,,,08/19,群益店頭市場基金N類型
群益店頭市場基金,群益投信,境內,ET001008/806,,4.0,6.25,-1.85,39.72,90.26,96.43,121.38,328.39,,,,08/19,群益店頭市場基金
元大店頭基金,元大投信,境內,ET001008/806,,5.0,3.63,1.63,37.39,105.03,167.68,202.85,497.38,,,,08/19,元大店頭基金
第一金店頭市場基金,第一金投信,境內,ET001008/806,,6.0,8.21,-3.59,37.23,104.84,146.63,215.23,378.99,,,,08/19,第一金店頭市場基金
統一台股增長主動式ETF基金(基金之配息來源可能為收益平準金),統一投信,境內,ET001010/806,,1.0,10.39,8.44,60.74,134.07,,,,,,,08/19,統一台股增長主動式ETF基金基金之配息來源可能為收益平準金
中國信託台灣卓越成長主動式ETF基金,中國信託投信,境內,ET001010/806,,2.0,10.27,7.07,54.41,,,,,,,,08/19,中國信託台灣卓越成長主動式ETF基金
復華台灣未來50主動式ETF基金(基金之配息來源可能為收益平準金),復華投信,境內,ET001010/806,,3.0,10.57,9.4,54.38,,,,,,,,08/19,復華台灣未來50主動式ETF基金基金之配息來源可能為收益平準金
第一金台股趨勢優選主動式ETF基金(本基金之配息來源可能為收益平準金),第一金投信,境內,ET001010/806,,4.0,12.01,6.94,54.02,,,,,,,,08/19,第一金台股趨勢優選主動式ETF基金本基金之配息來源可能為收益平準金
群益台灣科技創新主動式ETF基金(本基金之配息來源可能為收益平準金),群益投信,境內,ET001010/806,,5.0,15.74,8.52,52.0,,,,,,,,08/19,群益台灣科技創新主動式ETF基金本基金之配息來源可能為收益平準金
野村臺灣智慧優選主動式ETF基金(本基金之配息來源可能為收益平準金),野村投信,境內,ET001010/806,,6.0,15.0,16.17,49.72,104.7,,,,,,,08/19,野村臺灣智慧優選主動式ETF基金本基金之配息來源可能為收益平準金
群益台灣精選強棒主動式ETF基金(本基金之配息來源可能為收益平準金),群益投信,境內,ET001010/806,,7.0,3.25,7.91,48.55,92.51,,,,,,,08/19,群益台灣精選強棒主動式ETF基金本基金之配息來源可能為收益平準金
台新臺灣優勢成長主動式ETF基金(基金之配息來源可能為收益平準金),台新投信,境內,ET001010/806,,8.0,13.04,-1.13,46.11,,,,,,,,08/19,台新臺灣優勢成長主動式ETF基金基金之配息來源可能為收益平準金
野村臺灣增強50主動式ETF基金,野村投信,境內,ET001010/806,,9.0,10.9,10.57,44.44,108.24,,,,,,,08/19,野村臺灣增強50主動式ETF基金
安聯台灣高息成長主動式ETF基金(本基金之配息來源可能為收益平準金且基金並無保證收益及配息),安聯投信,境內,ET001010/806,,10.0,3.26,7.57,31.38,61.39,,,,,,,08/19,安聯台灣高息成長主動式ETF基金本基金之配息來源可能為收益平準金且基金並無保證收益及配息
安聯台灣主動式ETF基金(本基金之配息來源可能為收益平準金),安聯投信,境內,ET001010/806,,11.0,10.47,7.85,29.57,,,,,,,,08/19,安聯台灣主動式ETF基金本基金之配息來源可能為收益平準金
國泰台股動能高息主動式ETF基金(基金之配息來源可能為收益平準金且並無保證收益及配息),國泰投信,境內,ET001010/806,,12.0,13.94,16.26,,,,,,,,,08/19,國泰台股動能高息主動式ETF基金基金之配息來源可能為收益平準金且並無保證收益及配息
富邦台灣龍耀主動式ETF基金(本基金之配息來源可能為收益平準金),富邦投信,境內,ET001010/806,,13.0,9.95,,,,,,,,,,08/19,富邦台灣龍耀主動式ETF基金本基金之配息來源可能為收益平準金
永豐台灣科技趨勢主動式ETF基金(本基金之配息來源可能為收益平準金),永豐投信,境內,ET001010/806,,14.0,,,,,,,,,,,08/19,永豐台灣科技趨勢主動式ETF基金本基金之配息來源可能為收益平準金
兆豐台灣豐收主動式ETF基金(基金之配息來源可能為收益平準金),兆豐投信,境內,ET001010/806,,15.0,3.63,3.17,,,,,,,,,08/19,兆豐台灣豐收主動式ETF基金基金之配息來源可能為收益平準金
摩根台灣鑫收益主動式ETF基金(本基金之配息來源可能為收益平準金),摩根投信,境內,ET001010/806,,16.0,7.24,9.96,,,,,,,,,08/19,摩根台灣鑫收益主動式ETF基金本基金之配息來源可能為收益平準金
凱基台灣主動式ETF基金,凱基投信,境內,ET001010/806,,17.0,11.96,,,,,,,,,,08/19,凱基台灣主動式ETF基金
野村臺灣策略高息主動式ETF基金(本基金之配息來源可能為收益平準金且並無保證收益及配息),野村投信,境內,ET001010/806,,18.0,12.54,12.31,,,,,,,,,08/19,野村臺灣策略高息主動式ETF基金本基金之配息來源可能為收益平準金且並無保證收益及配息
中國信託台灣收益成長主動式ETF基金(基金之配息來源可能為收益平準金且基金並無保證收益及配息),中國信託投信,境內,ET001010/806,,19.0,9.09,,,,,,,,,,08/19,中國信託台灣收益成長主動式ETF基金基金之配息來源可能為收益平準金且基金並無保證收益及配息
第一金台股趨勢優股息主動式ETF基金(本基金並無保證收益及配息且配息來源可能為收益平準金),第一金投信,境內,ET001010/806,,20.0,7.54,,,,,,,,,,08/19,第一金台股趨勢優股息主動式ETF基金本基金並無保證收益及配息且配息來源可能為收益平準金
統一台股升級50主動式ETF基金(基金之配息來源可能為收益平準金),統一投信,境內,ET001010/806,,21.0,6.03,3.62,,,,,,,,,08/19,統一台股升級50主動式ETF基金基金之配息來源可能為收益平準金
聯博台灣動能收益50主動式ETF基金(本基金配息來源可能為收益平準金),聯博投信,境內,ET001010/806,,22.0,4.06,,,,,,,,,,08/19,聯博台灣動能收益50主動式ETF基金本基金配息來源可能為收益平準金
復華全球物聯網科技基金(台幣),復華投信,境內,ET003001/806,,1.0,2.21,-0.33,53.93,137.29,321.51,247.18,732.61,,,,08/18,復華全球物聯網科技基金台幣
復華全球物聯網科技基金(美元),復華投信,境內,ET003001/806,,2.0,3.31,-1.56,51.76,124.33,324.54,204.72,721.68,,,,08/18,復華全球物聯網科技基金美元
復華全球大趨勢基金(台幣),復華投信,境內,ET003001/806,,3.0,2.77,-0.22,48.43,100.54,165.93,131.39,381.29,,,,08/18,復華全球大趨勢基金台幣
兆豐全球元宇宙科技基金A累積型(新台幣),兆豐投信,境內,ET003001/806,,4.0,5.12,7.13,48.07,105.56,242.87,,,,,,08/18,兆豐全球元宇宙科技基金A累積型新台幣
兆豐全球元宇宙科技基金N後收型(新台幣),兆豐投信,境內,ET003001/806,,5.0,5.13,7.13,48.06,105.5,242.57,,,,,,08/18,兆豐全球元宇宙科技基金N後收型新台幣
復華全球大趨勢基金(美元),復華投信,境內,ET003001/806,,6.0,3.86,-1.48,46.45,90.01,168.8,103.85,376.32,,,,08/18,復華全球大趨勢基金美元
兆豐全球元宇宙科技基金A累積型(美元),兆豐投信,境內,ET003001/806,,7.0,5.94,6.05,46.42,95.71,239.61,,,,,,08/18,兆豐全球元宇宙科技基金A累積型美元
兆豐全球元宇宙科技基金N後收型(美元),兆豐投信,境內,ET003001/806,,8.0,5.94,6.05,46.39,95.71,239.39,,,,,,08/18,兆豐全球元宇宙科技基金N後收型美元
路博邁5G股票基金T累積型(台幣),路博邁投信,境內,ET003001/806,,9.0,2.62,-0.53,44.42,77.74,240.5,172.54,,,,,08/18,路博邁5G股票基金T累積型台幣
路博邁5G股票基金N累積型(台幣),路博邁投信,境內,ET003001/806,,10.0,2.64,-0.53,44.42,77.82,240.5,172.54,,,,,08/18,路博邁5G股票基金N累積型台幣
路博邁5G股票基金T累積型(南非幣),路博邁投信,境內,ET003001/806,,11.0,4.25,-0.93,44.25,70.89,259.21,160.47,,,,,08/18,路博邁5G股票基金T累積型南非幣
路博邁5G股票基金N累積型(南非幣),路博邁投信,境內,ET003001/806,,12.0,4.27,-0.91,44.24,70.86,259.29,160.37,,,,,08/18,路博邁5G股票基金N累積型南非幣
兆豐全球元宇宙科技基金A累積型(人民幣),兆豐投信,境內,ET003001/806,,13.0,5.58,5.41,43.53,85.82,219.74,,,,,,08/18,兆豐全球元宇宙科技基金A累積型人民幣
兆豐全球元宇宙科技基金N後收型(人民幣),兆豐投信,境內,ET003001/806,,14.0,5.56,5.38,43.49,85.79,219.9,,,,,,08/18,兆豐全球元宇宙科技基金N後收型人民幣
路博邁5G股票基金T累積型(美元),路博邁投信,境內,ET003001/806,,15.0,3.74,-1.76,42.51,67.25,240.55,137.52,,,,,08/18,路博邁5G股票基金T累積型美元
路博邁5G股票基金N累積型(美元),路博邁投信,境內,ET003001/806,,16.0,3.74,-1.76,42.51,67.25,240.55,137.52,,,,,08/18,路博邁5G股票基金N累積型美元
路博邁5G股票基金T累積型(澳幣),路博邁投信,境內,ET003001/806,,17.0,3.65,-1.83,42.19,65.62,220.83,110.71,,,,,08/18,路博邁5G股票基金T累積型澳幣
路博邁5G股票基金N累積型(澳幣),路博邁投信,境內,ET003001/806,,18.0,3.65,-1.83,42.19,65.62,220.83,110.71,,,,,08/18,路博邁5G股票基金N累積型澳幣
路博邁5G股票基金N累積型(人民幣),路博邁投信,境內,ET003001/806,,19.0,3.59,-2.3,40.76,63.2,215.45,116.61,,,,,08/18,路博邁5G股票基金N累積型人民幣
路博邁5G股票基金T累積型(人民幣),路博邁投信,境內,ET003001/806,,20.0,3.59,-2.3,40.75,63.17,215.26,116.54,,,,,08/18,路博邁5G股票基金T累積型人民幣
統一全球新科技基金(台幣),統一投信,境內,ET003001/806,,21.0,2.44,-7.21,39.49,107.98,287.93,262.65,936.78,,,,08/18,統一全球新科技基金台幣
富蘭克林華美AI新科技基金(南非幣),富蘭克林華美投信,境內,ET003001/806,,22.0,3.25,1.33,39.17,38.71,126.92,131.52,,,,,08/18,富蘭克林華美AI新科技基金南非幣
富蘭克林華美AI新科技基金-N類型(南非幣),富蘭克林華美投信,境內,ET003001/806,,23.0,3.24,1.33,39.13,38.67,126.9,131.71,,,,,08/18,富蘭克林華美AI新科技基金N類型南非幣
富蘭克林華美AI新科技基金(台幣),富蘭克林華美投信,境內,ET003001/806,,24.0,3.82,4.56,37.84,59.85,165.18,144.8,,,,,08/18,富蘭克林華美AI新科技基金台幣
富蘭克林華美AI新科技基金-N類型(台幣),富蘭克林華美投信,境內,ET003001/806,,25.0,3.81,4.6,37.82,59.91,165.28,144.89,,,,,08/18,富蘭克林華美AI新科技基金N類型台幣
統一全球智聯網AIoT基金(台幣),統一投信,境內,ET003001/806,,26.0,7.0,-5.02,37.64,85.17,155.56,150.43,,,,,08/18,統一全球智聯網AIoT基金台幣
凱基雲端趨勢基金(台幣),凱基投信,境內,ET003001/806,,27.0,2.96,3.95,37.63,71.13,156.76,175.42,520.29,,,,08/18,凱基雲端趨勢基金台幣
統一全球新科技基金(美元),統一投信,境內,ET003001/806,,28.0,3.54,-8.37,37.44,95.7,287.84,216.08,919.65,,,,08/18,統一全球新科技基金美元
復華華人世紀基金,復華投信,境內,ET003001/806,,29.0,3.55,0.66,37.36,110.79,312.08,142.87,447.57,,,,08/18,復華華人世紀基金
第一金全球AI人工智慧基金(台幣),第一金投信,境內,ET003001/806,,30.0,6.6,14.09,37.33,44.63,131.9,105.22,,,,,08/18,第一金全球AI人工智慧基金台幣
第一金全球AI人工智慧基金N類型(台幣),第一金投信,境內,ET003001/806,,31.0,6.59,14.08,37.32,44.61,131.82,105.27,,,,,08/18,第一金全球AI人工智慧基金N類型台幣
富蘭克林華美AI新科技基金(美元),富蘭克林華美投信,境內,ET003001/806,,32.0,4.92,3.26,35.81,50.45,165.16,113.28,,,,,08/18,富蘭克林華美AI新科技基金美元
富蘭克林華美AI新科技基金-N類型(美元),富蘭克林華美投信,境內,ET003001/806,,33.0,4.92,3.26,35.81,50.45,165.16,113.28,,,,,08/18,富蘭克林華美AI新科技基金N類型美元
統一全球智聯網AIoT基金(美元),統一投信,境內,ET003001/806,,34.0,8.13,-6.21,35.63,74.18,155.53,118.33,,,,,08/18,統一全球智聯網AIoT基金美元
凱基雲端趨勢基金(美元),凱基投信,境內,ET003001/806,,35.0,4.07,2.64,35.61,61.02,156.71,139.94,,,,,08/18,凱基雲端趨勢基金美元
第一金全球AI人工智慧基金N類型(美元),第一金投信,境內,ET003001/806,,36.0,7.74,12.65,35.48,36.09,131.88,78.9,,,,,08/18,第一金全球AI人工智慧基金N類型美元
第一金全球AI人工智慧基金(美元),第一金投信,境內,ET003001/806,,37.0,7.74,12.65,35.48,36.08,131.85,78.89,,,,,08/18,第一金全球AI人工智慧基金美元
統一全球新科技基金(人民幣),統一投信,境內,ET003001/806,,38.0,3.02,-9.11,34.09,83.78,258.46,228.91,936.83,,,,08/18,統一全球新科技基金人民幣
第一金全球eSports電競基金(台幣),第一金投信,境內,ET003001/806,,39.0,4.43,8.77,33.05,17.55,87.72,104.14,,,,,08/18,第一金全球eSports電競基金台幣
第一金全球eSports電競基金N類型(台幣),第一金投信,境內,ET003001/806,,40.0,4.43,8.77,33.05,17.49,87.72,104.14,,,,,08/18,第一金全球eSports電競基金N類型台幣
台新美日台半導體基金-A不配息(日圓),台新投信,境內,ET003001/806,,41.0,4.16,-1.77,32.7,83.41,,,,,,,08/18,台新美日台半導體基金A不配息日圓
富蘭克林華美AI新科技基金(人民幣),富蘭克林華美投信,境內,ET003001/806,,42.0,4.45,2.46,32.6,41.19,144.94,121.81,,,,,08/18,富蘭克林華美AI新科技基金人民幣
富蘭克林華美AI新科技基金-N類型(人民幣),富蘭克林華美投信,境內,ET003001/806,,43.0,4.45,2.46,32.6,41.19,144.69,121.81,,,,,08/18,富蘭克林華美AI新科技基金N類型人民幣
台新美日台半導體基金-NA不配息(日圓),台新投信,境內,ET003001/806,,44.0,4.16,-1.9,32.43,84.59,,,,,,,08/18,台新美日台半導體基金NA不配息日圓
統一全球智聯網AIoT基金(人民幣),統一投信,境內,ET003001/806,,45.0,7.58,-6.98,32.34,63.63,136.14,127.12,,,,,08/18,統一全球智聯網AIoT基金人民幣
華南永昌全球物聯網精選基金(台幣),華南永昌投信,境內,ET003001/806,,46.0,1.16,6.57,32.29,58.02,138.7,130.98,348.98,,,,08/18,華南永昌全球物聯網精選基金台幣
富邦全球關鍵半導體基金(台幣),富邦投信,境內,ET003001/806,,47.0,2.52,-2.06,32.23,94.94,,,,,,,08/18,富邦全球關鍵半導體基金台幣
富蘭克林華美新世界股票基金-N類型(台幣),富蘭克林華美投信,境內,ET003001/806,,48.0,3.69,2.81,31.73,53.79,158.12,93.9,,,,,08/18,富蘭克林華美新世界股票基金N類型台幣
富蘭克林華美新世界股票基金(台幣),富蘭克林華美投信,境內,ET003001/806,,49.0,3.69,2.82,31.73,53.86,158.05,93.9,322.66,,,,08/18,富蘭克林華美新世界股票基金台幣
群益中國新機會基金(台幣),群益投信,境內,ET003001/806,,50.0,5.17,1.05,31.63,57.53,48.87,-25.56,15.14,,,,08/18,群益中國新機會基金台幣
群益中國新機會基金N類型(台幣),群益投信,境內,ET003001/806,,51.0,5.23,1.1,31.63,57.47,48.99,-25.55,,,,,08/18,群益中國新機會基金N類型台幣
第一金全球eSports電競基金N類型(美元),第一金投信,境內,ET003001/806,,52.0,5.58,7.44,31.3,10.58,87.75,77.93,,,,,08/18,第一金全球eSports電競基金N類型美元
第一金全球eSports電競基金(美元),第一金投信,境內,ET003001/806,,53.0,5.58,7.44,31.29,10.58,87.74,77.92,,,,,08/18,第一金全球eSports電競基金美元
富蘭克林華美全球成長基金(台幣),富蘭克林華美投信,境內,ET003001/806,,54.0,5.34,-0.3,31.18,62.79,136.68,104.42,149.73,,,,08/18,富蘭克林華美全球成長基金台幣
宏利全球科技基金-A不配息(南非幣避險),宏利投信,境內,ET003001/806,,55.0,4.02,4.46,30.89,37.36,146.44,,,,,,08/18,宏利全球科技基金A不配息南非幣避險
華南永昌全球物聯網精選基金(美元),華南永昌投信,境內,ET003001/806,,56.0,1.99,5.44,30.49,49.13,139.47,102.23,342.59,,,,08/18,華南永昌全球物聯網精選基金美元
宏利全球科技基金-NA不配息(台幣),宏利投信,境內,ET003001/806,,57.0,3.3,5.08,30.36,38.56,107.77,,,,,,08/18,宏利全球科技基金NA不配息台幣
富邦全球關鍵半導體基金(美元),富邦投信,境內,ET003001/806,,58.0,3.64,-3.27,30.3,83.47,,,,,,,08/18,富邦全球關鍵半導體基金美元
宏利全球科技基金-A不配息(台幣),宏利投信,境內,ET003001/806,,59.0,3.35,5.11,30.24,38.42,102.63,,,,,,08/18,宏利全球科技基金A不配息台幣
宏利全球科技基金-A不配息(美元),宏利投信,境內,ET003001/806,,60.0,4.14,4.61,30.05,36.79,129.23,,,,,,08/18,宏利全球科技基金A不配息美元
宏利全球科技基金-NA不配息(美元),宏利投信,境內,ET003001/806,,61.0,4.15,4.62,29.99,36.72,129.12,,,,,,08/18,宏利全球科技基金NA不配息美元
台新美日台半導體基金-I不配息(台幣),台新投信,境內,ET003001/806,,62.0,4.93,-0.83,29.96,42.7,,,,,,,08/18,台新美日台半導體基金I不配息台幣
群益中國新機會基金N類型(美元),群益投信,境內,ET003001/806,,63.0,6.3,-0.23,29.88,48.13,48.88,-35.12,,,,,08/18,群益中國新機會基金N類型美元
群益中國新機會基金(美元),群益投信,境內,ET003001/806,,64.0,6.3,-0.23,29.88,48.13,48.88,-35.11,13.22,,,,08/18,群益中國新機會基金美元
宏利全球科技基金-NA不配息(澳幣避險),宏利投信,境內,ET003001/806,,65.0,3.37,4.84,29.88,34.07,120.73,,,,,,08/18,宏利全球科技基金NA不配息澳幣避險
富蘭克林華美新世界股票基金(美元),富蘭克林華美投信,境內,ET003001/806,,66.0,4.81,1.54,29.84,44.79,158.12,69.03,316.1,,,,08/18,富蘭克林華美新世界股票基金美元
富蘭克林華美新世界股票基金-N類型(美元),富蘭克林華美投信,境內,ET003001/806,,67.0,4.79,1.48,29.77,44.71,158.02,69.09,,,,,08/18,富蘭克林華美新世界股票基金N類型美元
宏利全球科技基金-A不配息(澳幣避險),宏利投信,境內,ET003001/806,,68.0,3.42,4.76,29.69,34.19,121.14,,,,,,08/18,宏利全球科技基金A不配息澳幣避險
群益智慧聯網電動車基金A累積型(台幣),群益投信,境內,ET003001/806,,69.0,-1.22,-5.54,29.47,79.4,128.92,,,,,,08/18,群益智慧聯網電動車基金A累積型台幣
群益智慧聯網電動車基金NA累積型(台幣),群益投信,境內,ET003001/806,,70.0,-1.22,-5.54,29.47,79.4,128.92,,,,,,08/18,群益智慧聯網電動車基金NA累積型台幣
台新美日台半導體基金-NA不配息(台幣),台新投信,境內,ET003001/806,,71.0,4.87,-1.04,29.33,80.57,,,,,,,08/18,台新美日台半導體基金NA不配息台幣
台新美日台半導體基金-A不配息(台幣),台新投信,境內,ET003001/806,,72.0,4.81,-1.1,29.26,80.48,,,,,,,08/18,台新美日台半導體基金A不配息台幣
富蘭克林華美全球成長基金(美元),富蘭克林華美投信,境內,ET003001/806,,73.0,6.44,-1.59,29.04,53.03,136.56,78.2,145.67,,,,08/18,富蘭克林華美全球成長基金美元
宏利全球科技基金-B月配息(美元)(本基金配息來源可能為本金),宏利投信,境內,ET003001/806,,74.0,3.57,3.57,28.89,28.89,-94.19,,,,,,08/18,宏利全球科技基金B月配息美元本基金配息來源可能為本金
宏利全球科技基金-NA不配息(南非幣避險),宏利投信,境內,ET003001/806,,75.0,3.76,4.57,28.59,35.31,144.6,,,,,,08/18,宏利全球科技基金NA不配息南非幣避險
宏利全球科技基金-A不配息(人民幣避險),宏利投信,境內,ET003001/806,,76.0,3.86,3.92,28.33,33.5,110.54,,,,,,08/18,宏利全球科技基金A不配息人民幣避險
宏利全球科技基金-NA不配息(人民幣避險),宏利投信,境內,ET003001/806,,77.0,3.63,3.63,28.21,33.29,112.63,,,,,,08/18,宏利全球科技基金NA不配息人民幣避險
台新美日台半導體基金-I不配息(美元),台新投信,境內,ET003001/806,,78.0,6.06,-2.06,27.98,50.36,,,,,,,08/18,台新美日台半導體基金I不配息美元
群益智慧聯網電動車基金NA累積型(美元),群益投信,境內,ET003001/806,,79.0,-0.17,-6.73,27.73,68.8,128.95,,,,,,08/18,群益智慧聯網電動車基金NA累積型美元
群益智慧聯網電動車基金A累積型(美元),群益投信,境內,ET003001/806,,80.0,-0.17,-6.73,27.72,68.79,128.93,,,,,,08/18,群益智慧聯網電動車基金A累積型美元
台新美日台半導體基金-NA不配息(美元),台新投信,境內,ET003001/806,,81.0,5.93,-2.33,27.39,69.54,,,,,,,08/18,台新美日台半導體基金NA不配息美元
台新美日台半導體基金-A不配息(美元),台新投信,境內,ET003001/806,,82.0,5.96,-2.3,27.38,69.62,,,,,,,08/18,台新美日台半導體基金A不配息美元
合庫AI電動車及車聯網創新基金-A不配息(台幣),合作金庫投信,境內,ET003001/806,,83.0,2.18,2.55,27.01,50.08,114.41,89.11,,,,,08/18,合庫AI電動車及車聯網創新基金A不配息台幣
合庫AI電動車及車聯網創新基金-NA不配息(台幣),合作金庫投信,境內,ET003001/806,,84.0,2.18,2.55,27.01,50.18,114.49,68.8,,,,,08/18,合庫AI電動車及車聯網創新基金NA不配息台幣
群益中國新機會基金N類型(人民幣),群益投信,境內,ET003001/806,,85.0,5.79,-1.1,26.84,39.1,37.46,-32.49,,,,,08/18,群益中國新機會基金N類型人民幣
群益中國新機會基金(人民幣),群益投信,境內,ET003001/806,,86.0,5.79,-1.1,26.84,39.1,37.46,-32.49,15.13,,,,08/18,群益中國新機會基金人民幣
富蘭克林華美新世界股票基金(人民幣),富蘭克林華美投信,境內,ET003001/806,,87.0,4.34,0.76,26.77,35.88,138.29,75.8,322.64,,,,08/18,富蘭克林華美新世界股票基金人民幣
國泰全球基因免疫與醫療革命ETF基金,國泰投信,境內,ET003001/806,,88.0,9.4,31.11,25.95,54.68,38.75,,,,,,08/18,國泰全球基因免疫與醫療革命ETF基金
台新全球AI新創產業基金(台幣),台新投信,境內,ET003001/806,,89.0,2.6,3.54,25.92,60.58,131.57,108.19,,,,,08/18,台新全球AI新創產業基金台幣
富邦全球抗暖化基金(本基金非屬環境、社會及治理相關主題基金),富邦投信,境內,ET003001/806,,90.0,2.0,-8.63,25.59,54.46,87.83,84.9,244.65,,,,08/18,富邦全球抗暖化基金本基金非屬環境、社會及治理相關主題基金
合庫AI電動車及車聯網創新基金-NA不配息(美元),合作金庫投信,境內,ET003001/806,,91.0,3.25,1.28,25.55,41.57,114.17,58.7,,,,,08/18,合庫AI電動車及車聯網創新基金NA不配息美元
合庫AI電動車及車聯網創新基金-A不配息(美元),合作金庫投信,境內,ET003001/806,,92.0,3.26,1.31,25.24,41.32,114.48,65.03,,,,,08/18,合庫AI電動車及車聯網創新基金A不配息美元
群益智慧聯網電動車基金A累積型(人民幣),群益投信,境內,ET003001/806,,93.0,-0.65,-7.54,24.73,58.5,111.36,,,,,,08/18,群益智慧聯網電動車基金A累積型人民幣
群益智慧聯網電動車基金NA累積型(人民幣),群益投信,境內,ET003001/806,,94.0,-0.65,-7.54,24.73,58.5,111.36,,,,,,08/18,群益智慧聯網電動車基金NA累積型人民幣
路博邁顛覆式創新股票基金T累積型(台幣),路博邁投信,境內,ET003001/806,,95.0,2.19,5.43,24.69,18.46,68.35,,,,,,08/18,路博邁顛覆式創新股票基金T累積型台幣
台新美日台半導體基金-A不配息(人民幣),台新投信,境內,ET003001/806,,96.0,5.48,-3.08,24.59,59.43,,,,,,,08/18,台新美日台半導體基金A不配息人民幣
路博邁顛覆式創新股票基金N累積型(台幣),路博邁投信,境內,ET003001/806,,97.0,2.12,5.43,24.58,18.46,68.35,,,,,,08/18,路博邁顛覆式創新股票基金N累積型台幣
台新美日台半導體基金-NA不配息(人民幣),台新投信,境內,ET003001/806,,98.0,5.45,-3.04,24.48,59.18,,,,,,,08/18,台新美日台半導體基金NA不配息人民幣
台新全球AI新創產業基金(美元),台新投信,境內,ET003001/806,,99.0,3.69,2.24,24.04,50.94,131.4,81.49,,,,,08/18,台新全球AI新創產業基金美元
路博邁顛覆式創新股票基金N累積型(南非幣),路博邁投信,境內,ET003001/806,,100.0,3.37,4.52,23.52,13.13,77.39,,,,,,08/18,路博邁顛覆式創新股票基金N累積型南非幣
路博邁顛覆式創新股票基金T累積型(南非幣),路博邁投信,境內,ET003001/806,,101.0,3.46,4.44,23.43,13.05,77.25,,,,,,08/18,路博邁顛覆式創新股票基金T累積型南非幣
路博邁顛覆式創新股票基金T累積型(美元),路博邁投信,境內,ET003001/806,,102.0,3.22,4.1,23.01,11.53,68.37,,,,,,08/18,路博邁顛覆式創新股票基金T累積型美元
路博邁顛覆式創新股票基金N累積型(美元),路博邁投信,境內,ET003001/806,,103.0,3.22,4.1,23.01,11.53,68.37,,,,,,08/18,路博邁顛覆式創新股票基金N累積型美元
元大全球股票入息基金A不配息(台幣)(本基金之配息來源可能為本金且並無保證收益及配息),元大投信,境內,ET003001/806,,104.0,2.45,5.37,22.62,40.41,100.98,118.3,136.37,,,,08/18,元大全球股票入息基金A不配息台幣本基金之配息來源可能為本金且並無保證收益及配息
元大全球股票入息基金B配息(台幣)(本基金之配息來源可能為本金且並無保證收益及配息),元大投信,境內,ET003001/806,,105.0,2.42,5.3,22.6,40.46,100.9,118.08,136.21,,,,08/18,元大全球股票入息基金B配息台幣本基金之配息來源可能為本金且並無保證收益及配息
路博邁顛覆式創新股票基金T累積型(澳幣),路博邁投信,境內,ET003001/806,,106.0,3.26,3.76,22.13,9.91,58.0,,,,,,08/18,路博邁顛覆式創新股票基金T累積型澳幣
路博邁顛覆式創新股票基金N累積型(澳幣),路博邁投信,境內,ET003001/806,,107.0,3.16,3.76,22.13,9.91,58.0,,,,,,08/18,路博邁顛覆式創新股票基金N累積型澳幣
富蘭克林華美生技基金(南非幣),富蘭克林華美投信,境內,ET003001/806,,108.0,2.77,16.8,22.07,50.83,68.46,,,,,,08/18,富蘭克林華美生技基金南非幣
富蘭克林華美生技基金-N類型(南非幣),富蘭克林華美投信,境內,ET003001/806,,109.0,2.77,16.79,21.99,50.79,68.67,,,,,,08/18,富蘭克林華美生技基金N類型南非幣
中國信託智慧城市建設基金(台幣),中國信託投信,境內,ET003001/806,,110.0,1.01,2.71,21.79,38.16,83.68,89.1,,,,,08/18,中國信託智慧城市建設基金台幣
台新智慧生活基金-I不配息(台幣),台新投信,境內,ET003001/806,,111.0,2.91,0.88,21.56,47.37,124.74,92.05,,,,,08/18,台新智慧生活基金I不配息台幣
路博邁顛覆式創新股票基金N累積型(人民幣),路博邁投信,境內,ET003001/806,,112.0,3.09,3.38,21.52,8.79,56.17,,,,,,08/18,路博邁顛覆式創新股票基金N累積型人民幣
路博邁顛覆式創新股票基金T累積型(人民幣),路博邁投信,境內,ET003001/806,,113.0,3.0,3.29,21.41,8.7,56.03,,,,,,08/18,路博邁顛覆式創新股票基金T累積型人民幣
台新全球AI新創產業基金(人民幣),台新投信,境內,ET003001/806,,114.0,3.22,1.4,20.98,41.66,113.9,88.71,,,,,08/18,台新全球AI新創產業基金人民幣
台新智慧生活基金-A不配息(台幣),台新投信,境內,ET003001/806,,115.0,2.82,0.61,20.97,46.53,123.45,90.95,,,,,08/18,台新智慧生活基金A不配息台幣
富蘭克林華美生技基金(台幣),富蘭克林華美投信,境內,ET003001/806,,116.0,3.35,20.52,20.9,73.9,96.81,,,,,,08/18,富蘭克林華美生技基金台幣
元大全球股票入息基金B配息(美元)(本基金之配息來源可能為本金且並無保證收益及配息),元大投信,境內,ET003001/806,,117.0,3.54,4.04,20.85,32.13,101.14,90.19,132.54,,,,08/18,元大全球股票入息基金B配息美元本基金之配息來源可能為本金且並無保證收益及配息
富蘭克林華美生技基金-N類型(台幣),富蘭克林華美投信,境內,ET003001/806,,118.0,3.35,20.53,20.85,73.95,96.73,,,,,,08/18,富蘭克林華美生技基金N類型台幣
富邦全球智能車基金(台幣),富邦投信,境內,ET003001/806,,119.0,0.34,-10.51,20.73,58.72,100.96,92.01,,,,,08/18,富邦全球智能車基金台幣
富邦全球智能車基金-N類型(台幣),富邦投信,境內,ET003001/806,,120.0,0.34,-10.52,20.72,58.79,101.17,92.18,,,,,08/18,富邦全球智能車基金N類型台幣
富邦大中華成長基金(台幣),富邦投信,境內,ET003001/806,,121.0,9.5,-2.25,20.71,62.5,87.32,34.48,176.04,,,,08/18,富邦大中華成長基金台幣
中國信託智慧城市建設基金(美元),中國信託投信,境內,ET003001/806,,122.0,2.1,1.45,19.99,29.96,83.69,64.73,,,,,08/18,中國信託智慧城市建設基金美元
台新智慧生活基金-I不配息(美元),台新投信,境內,ET003001/806,,123.0,4.01,-0.38,19.76,39.14,127.72,69.66,,,,,08/18,台新智慧生活基金I不配息美元
台新智慧生活基金-A不配息(美元),台新投信,境內,ET003001/806,,124.0,3.91,-0.65,19.16,37.82,123.34,66.41,,,,,08/18,台新智慧生活基金A不配息美元
富蘭克林華美生技基金(美元),富蘭克林華美投信,境內,ET003001/806,,125.0,4.41,18.99,19.13,63.59,96.86,,,,,,08/18,富蘭克林華美生技基金美元
富蘭克林華美生技基金-N類型(美元),富蘭克林華美投信,境內,ET003001/806,,126.0,4.41,18.99,19.13,63.59,96.86,,,,,,08/18,富蘭克林華美生技基金N類型美元
富邦全球智能車基金(美元),富邦投信,境內,ET003001/806,,127.0,1.43,-11.62,19.01,49.42,100.99,67.36,,,,,08/18,富邦全球智能車基金美元
景順全球科技基金-M8月配型(台幣)(基金之配息來源可能為本金),景順投信,境內,ET003001/806,,128.0,1.78,1.51,18.98,40.01,,,,,,,08/18,景順全球科技基金M8月配型台幣基金之配息來源可能為本金
富邦全球智能車基金-N類型(美元),富邦投信,境內,ET003001/806,,129.0,1.43,-11.63,18.97,49.39,100.85,67.34,,,,,08/18,富邦全球智能車基金N類型美元
富邦大中華成長基金(美元),富邦投信,境內,ET003001/806,,130.0,10.68,-3.45,18.95,52.84,87.25,17.19,,,,,08/18,富邦大中華成長基金美元
景順全球科技基金-年配型(台幣),景順投信,境內,ET003001/806,,131.0,1.76,1.49,18.88,39.95,116.74,138.07,482.44,,,,08/18,景順全球科技基金年配型台幣
景順全球科技基金-累積型(台幣),景順投信,境內,ET003001/806,,132.0,1.76,1.47,18.83,39.9,,,,,,,08/18,景順全球科技基金累積型台幣
中國信託上游半導體ETF基金,中國信託投信,境內,ET003001/806,,133.0,-0.94,7.99,18.74,91.88,,,,,,,08/18,中國信託上游半導體ETF基金
凱基環球趨勢基金NA不配息(台幣),凱基投信,境內,ET003001/806,,134.0,3.43,3.43,17.76,31.57,62.92,47.6,,,,,08/18,凱基環球趨勢基金NA不配息台幣
凱基環球趨勢基金A不配息(台幣),凱基投信,境內,ET003001/806,,135.0,3.36,3.43,17.67,31.57,62.92,47.6,,,,,08/18,凱基環球趨勢基金A不配息台幣
凱基環球趨勢基金IA類型(台幣),凱基投信,境內,ET003001/806,,136.0,3.38,3.32,17.56,31.99,67.08,74.1,,,,,08/18,凱基環球趨勢基金IA類型台幣
景順全球科技基金-M8月配型(美元)(基金之配息來源可能為本金),景順投信,境內,ET003001/806,,137.0,2.87,0.25,17.15,31.75,,,,,,,08/18,景順全球科技基金M8月配型美元基金之配息來源可能為本金
景順全球科技基金-累積型(美元),景順投信,境內,ET003001/806,,138.0,2.85,0.19,17.14,31.67,,,,,,,08/18,景順全球科技基金累積型美元
宏利精選中華基金(台幣),宏利投信,境內,ET003001/806,,139.0,9.49,-1.04,16.61,47.06,110.04,33.36,91.64,,,,08/18,宏利精選中華基金台幣
凱基環球趨勢基金IA類型(美元),凱基投信,境內,ET003001/806,,140.0,4.58,2.24,16.31,24.57,65.74,36.9,,,,,08/18,凱基環球趨勢基金IA類型美元
富蘭克林華美生技基金-N類型(人民幣),富蘭克林華美投信,境內,ET003001/806,,141.0,3.95,18.1,16.29,53.53,81.62,,,,,,08/18,富蘭克林華美生技基金N類型人民幣
富蘭克林華美生技基金(人民幣),富蘭克林華美投信,境內,ET003001/806,,142.0,3.99,18.09,16.29,53.49,81.55,,,,,,08/18,富蘭克林華美生技基金人民幣
凱基環球趨勢基金A不配息(美元),凱基投信,境內,ET003001/806,,143.0,4.5,2.12,16.02,23.81,62.88,28.65,,,,,08/18,凱基環球趨勢基金A不配息美元
凱基環球趨勢基金NA不配息(美元),凱基投信,境內,ET003001/806,,144.0,4.5,2.12,16.02,23.81,62.88,28.65,,,,,08/18,凱基環球趨勢基金NA不配息美元
富蘭克林華美全球醫療保健基金(台幣),富蘭克林華美投信,境內,ET003001/806,,145.0,2.2,15.58,15.45,39.51,37.08,-7.83,,,,,08/18,富蘭克林華美全球醫療保健基金台幣
富蘭克林華美全球醫療保健基金-N類型(台幣),富蘭克林華美投信,境內,ET003001/806,,146.0,2.22,15.62,15.36,39.48,37.21,-7.82,,,,,08/18,富蘭克林華美全球醫療保健基金N類型台幣
野村全球高股息基金-累積S類型(台幣)(本基金之配息來源可能為本金且並無保證收益及配息),野村投信,境內,ET003001/806,,147.0,4.27,8.97,14.73,44.13,99.49,101.53,,,,,08/18,野村全球高股息基金累積S類型台幣本基金之配息來源可能為本金且並無保證收益及配息
第一金全球大趨勢基金TISA類型(台幣),第一金投信,境內,ET003001/806,,148.0,2.12,2.12,14.7,,,,,,,,08/18,第一金全球大趨勢基金TISA類型台幣
兆豐全球基金-A類型,兆豐投信,境內,ET003001/806,,149.0,9.0,-6.76,14.59,51.08,94.38,78.22,165.39,,,,08/18,兆豐全球基金A類型
台新全球生技醫療基金(台幣),台新投信,境內,ET003001/806,,150.0,2.21,14.87,14.54,40.62,35.11,33.77,85.74,,,,08/18,台新全球生技醫療基金台幣
宏利精選中華基金(人民幣避險),宏利投信,境內,ET003001/806,,151.0,9.85,-2.25,14.47,40.78,109.13,26.45,113.24,,,,08/18,宏利精選中華基金人民幣避險
野村全球高股息基金-累積型(台幣)(本基金之配息來源可能為本金且並無保證收益及配息),野村投信,境內,ET003001/806,,152.0,4.2,8.77,14.24,42.99,94.65,93.61,165.77,,,,08/18,野村全球高股息基金累積型台幣本基金之配息來源可能為本金且並無保證收益及配息
野村全球高股息基金-季配型(台幣)(本基金之配息來源可能為本金且並無保證收益及配息),野村投信,境內,ET003001/806,,153.0,4.21,8.77,14.24,43.0,94.77,93.62,166.08,,,,08/18,野村全球高股息基金季配型台幣本基金之配息來源可能為本金且並無保證收益及配息
第一金全球大趨勢基金(台幣),第一金投信,境內,ET003001/806,,154.0,2.07,1.83,14.12,32.15,101.29,107.43,280.92,,,,08/18,第一金全球大趨勢基金台幣
富蘭克林華美全球醫療保健基金(美元),富蘭克林華美投信,境內,ET003001/806,,155.0,3.32,14.22,13.81,31.51,37.32,-19.47,,,,,08/18,富蘭克林華美全球醫療保健基金美元
摩根龍揚基金-數位型,摩根投信,境內,ET003001/806,,156.0,5.12,1.48,13.77,35.95,,,,,,,08/18,摩根龍揚基金數位型
富蘭克林華美全球醫療保健基金-N類型(美元),富蘭克林華美投信,境內,ET003001/806,,157.0,3.27,14.2,13.63,31.38,37.28,-19.49,,,,,08/18,富蘭克林華美全球醫療保健基金N類型美元
玉山全球醫療生化基金-N累積型(台幣),玉山投信,境內,ET003001/806,,158.0,2.39,18.84,13.33,37.04,39.27,,,,,,08/18,玉山全球醫療生化基金N累積型台幣
玉山全球醫療生化基金-累積型(台幣),玉山投信,境內,ET003001/806,,159.0,2.39,18.86,13.33,37.02,39.18,39.78,88.07,,,,08/18,玉山全球醫療生化基金累積型台幣
凱基環球趨勢基金A不配息(人民幣),凱基投信,境內,ET003001/806,,160.0,4.0,1.3,13.23,16.23,50.32,33.84,,,,,08/18,凱基環球趨勢基金A不配息人民幣
凱基環球趨勢基金NA不配息(人民幣),凱基投信,境內,ET003001/806,,161.0,4.08,1.3,13.23,16.23,50.32,33.84,,,,,08/18,凱基環球趨勢基金NA不配息人民幣
摩根龍揚基金-累積型,摩根投信,境內,ET003001/806,,162.0,4.98,1.21,13.18,34.56,65.3,20.95,133.24,,,,08/18,摩根龍揚基金累積型
台新全球生技醫療基金(美元),台新投信,境內,ET003001/806,,163.0,3.28,13.41,12.96,32.26,35.01,16.7,82.83,,,,08/18,台新全球生技醫療基金美元
元大新中國基金(台幣),元大投信,境內,ET003001/806,,164.0,3.59,1.17,12.96,42.87,52.17,21.33,54.89,,,,08/18,元大新中國基金台幣
玉山全球資源基金,玉山投信,境內,ET003001/806,,165.0,6.93,4.47,12.57,49.48,54.42,162.22,139.67,,,,08/18,玉山全球資源基金
聯邦民生基礎建設股票入息基金-B月配息(台幣)(本基金並無保證收益及配息且配息來源可能為本金),聯邦投信,境內,ET003001/806,,166.0,0.26,1.39,12.48,24.45,80.5,,,,,,08/18,聯邦民生基礎建設股票入息基金B月配息台幣本基金並無保證收益及配息且配息來源可能為本金
聯邦民生基礎建設股票入息基金-A不配息(台幣)(本基金並無保證收益及配息且配息來源可能為本金),聯邦投信,境內,ET003001/806,,167.0,0.26,1.39,12.48,24.47,80.52,,,,,,08/18,聯邦民生基礎建設股票入息基金A不配息台幣本基金並無保證收益及配息且配息來源可能為本金
聯邦民生基礎建設股票入息基金-ND月配息(台幣)(本基金並無保證收益及配息且配息來源可能為本金),聯邦投信,境內,ET003001/806,,168.0,0.26,1.39,12.48,24.45,80.5,,,,,,08/18,聯邦民生基礎建設股票入息基金ND月配息台幣本基金並無保證收益及配息且配息來源可能為本金
聯邦民生基礎建設股票入息基金-NA不配息(台幣)(本基金並無保證收益及配息且配息來源可能為本金),聯邦投信,境內,ET003001/806,,169.0,0.26,1.39,12.48,24.46,80.51,,,,,,08/18,聯邦民生基礎建設股票入息基金NA不配息台幣本基金並無保證收益及配息且配息來源可能為本金
瀚亞環球智慧數據股息基金B配息(日幣)(本基金配息來源可能為本金且基金並無保證收益及配息),瀚亞投信,境內,ET003001/806,,170.0,1.68,5.19,12.44,,,,,,,,08/18,瀚亞環球智慧數據股息基金B配息日幣本基金配息來源可能為本金且基金並無保證收益及配息
瀚亞環球智慧數據股息基金S配息(日幣)(本基金配息來源可能為本金且基金並無保證收益及配息),瀚亞投信,境內,ET003001/806,,171.0,1.68,5.19,12.44,,,,,,,,08/18,瀚亞環球智慧數據股息基金S配息日幣本基金配息來源可能為本金且基金並無保證收益及配息
瀚亞環球智慧數據股息基金A不配息(日幣),瀚亞投信,境內,ET003001/806,,172.0,1.69,5.2,12.42,,,,,,,,08/18,瀚亞環球智慧數據股息基金A不配息日幣
瀚亞環球智慧數據股息基金SA不配息(日幣),瀚亞投信,境內,ET003001/806,,173.0,1.69,5.2,12.42,,,,,,,,08/18,瀚亞環球智慧數據股息基金SA不配息日幣
安聯全球股票多元投資風格基金-R累積型(台幣),安聯投信,境內,ET003001/806,,174.0,2.07,5.71,11.86,31.06,44.91,,,,,,08/18,安聯全球股票多元投資風格基金R累積型台幣
玉山全球醫療生化基金-N累積型(美元),玉山投信,境內,ET003001/806,,175.0,3.83,17.49,11.78,28.99,35.7,,,,,,08/18,玉山全球醫療生化基金N累積型美元
街口全球時尚精品基金,街口投信,境內,ET003001/806,,176.0,4.22,2.52,11.75,17.04,36.29,39.3,125.11,,,,08/18,街口全球時尚精品基金
玉山全球醫療生化基金-累積型(美元),玉山投信,境內,ET003001/806,,177.0,3.79,17.41,11.74,28.89,39.06,21.75,85.61,,,,08/18,玉山全球醫療生化基金累積型美元
復華全球消費基金(台幣),復華投信,境內,ET003001/806,,178.0,-0.77,-5.03,11.53,24.4,72.35,35.77,135.69,,,,08/18,復華全球消費基金台幣
柏瑞ESG量化全球股票收益基金I不配息(台幣),柏瑞投信,境內,ET003001/806,,179.0,3.69,8.16,11.47,29.52,73.62,,,,,,08/18,柏瑞ESG量化全球股票收益基金I不配息台幣
安聯全球股票多元投資風格基金-A累積型(台幣),安聯投信,境內,ET003001/806,,180.0,2.0,5.48,11.43,29.99,41.39,41.85,124.23,,,,08/18,安聯全球股票多元投資風格基金A累積型台幣
元大新中國基金(美元),元大投信,境內,ET003001/806,,181.0,4.68,-0.08,11.32,34.35,52.18,5.76,52.36,,,,08/18,元大新中國基金美元
柏瑞ESG量化全球股票收益基金N9不配息(台幣),柏瑞投信,境內,ET003001/806,,182.0,3.59,8.0,11.2,28.83,71.1,,,,,,08/18,柏瑞ESG量化全球股票收益基金N9不配息台幣
柏瑞ESG量化全球股票收益基金B月配息(台幣)(本基金配息來源可能為本金),柏瑞投信,境內,ET003001/806,,183.0,3.58,8.02,11.19,28.81,71.02,,,,,,08/18,柏瑞ESG量化全球股票收益基金B月配息台幣本基金配息來源可能為本金
柏瑞ESG量化全球股票收益基金A不配息(台幣),柏瑞投信,境內,ET003001/806,,184.0,3.59,8.0,11.14,28.85,71.01,,,,,,08/18,柏瑞ESG量化全球股票收益基金A不配息台幣
聯邦民生基礎建設股票入息基金-ND月配息(美元)(本基金並無保證收益及配息且配息來源可能為本金),聯邦投信,境內,ET003001/806,,185.0,1.35,0.14,11.0,17.12,80.48,,,,,,08/18,聯邦民生基礎建設股票入息基金ND月配息美元本基金並無保證收益及配息且配息來源可能為本金
聯邦民生基礎建設股票入息基金-B月配息(美元)(本基金並無保證收益及配息且配息來源可能為本金),聯邦投信,境內,ET003001/806,,186.0,1.35,0.14,10.98,17.11,80.48,,,,,,08/18,聯邦民生基礎建設股票入息基金B月配息美元本基金並無保證收益及配息且配息來源可能為本金
聯邦民生基礎建設股票入息基金-NA不配息(美元)(本基金並無保證收益及配息且配息來源可能為本金),聯邦投信,境內,ET003001/806,,187.0,1.33,0.12,10.98,17.1,80.51,,,,,,08/18,聯邦民生基礎建設股票入息基金NA不配息美元本基金並無保證收益及配息且配息來源可能為本金
聯邦民生基礎建設股票入息基金-A不配息(美元)(本基金並無保證收益及配息且配息來源可能為本金),聯邦投信,境內,ET003001/806,,188.0,1.33,0.12,10.98,17.1,80.49,,,,,,08/18,聯邦民生基礎建設股票入息基金A不配息美元本基金並無保證收益及配息且配息來源可能為本金
摩根全球創新成長基金-數位型(台幣),摩根投信,境內,ET003001/806,,189.0,1.96,3.42,10.82,17.77,74.53,,,,,,08/18,摩根全球創新成長基金數位型台幣
安聯全球生技趨勢基金(台幣),安聯投信,境內,ET003001/806,,190.0,2.99,19.32,10.76,37.43,39.26,28.69,73.41,,,,08/18,安聯全球生技趨勢基金台幣
摩根全球創新成長基金-累積型(台幣),摩根投信,境內,ET003001/806,,191.0,1.9,3.27,10.47,17.01,71.48,47.87,94.35,,,,08/18,摩根全球創新成長基金累積型台幣
野村全球品牌基金-累積N類型(台幣),野村投信,境內,ET003001/806,,192.0,5.51,3.03,10.32,25.24,50.32,49.64,,,,,08/18,野村全球品牌基金累積N類型台幣
野村全球品牌基金(台幣),野村投信,境內,ET003001/806,,193.0,5.5,3.02,10.29,25.25,50.23,49.62,222.65,,,,08/18,野村全球品牌基金台幣
第一金全球大趨勢基金(人民幣),第一金投信,境內,ET003001/806,,194.0,2.73,-0.22,10.04,16.78,,,,,,,08/18,第一金全球大趨勢基金人民幣
柏瑞ESG量化全球股票收益基金A不配息(美元),柏瑞投信,境內,ET003001/806,,195.0,4.69,6.68,9.7,21.21,70.93,,,,,,08/18,柏瑞ESG量化全球股票收益基金A不配息美元
柏瑞ESG量化全球股票收益基金N9不配息(美元),柏瑞投信,境內,ET003001/806,,196.0,4.69,6.61,9.7,21.21,70.93,,,,,,08/18,柏瑞ESG量化全球股票收益基金N9不配息美元
柏瑞ESG量化全球股票收益基金B月配息(美元)(本基金配息來源可能為本金),柏瑞投信,境內,ET003001/806,,197.0,4.67,6.65,9.65,21.18,70.97,,,,,,08/18,柏瑞ESG量化全球股票收益基金B月配息美元本基金配息來源可能為本金
野村全球高股息基金-季配型(人民幣)(本基金之配息來源可能為本金且並無保證收益及配息),野村投信,境內,ET003001/806,,198.0,4.81,6.29,9.57,25.14,74.75,53.82,146.44,,,,08/18,野村全球高股息基金季配型人民幣本基金之配息來源可能為本金且並無保證收益及配息
野村全球高股息基金-累積型(人民幣)(本基金之配息來源可能為本金且並無保證收益及配息),野村投信,境內,ET003001/806,,199.0,4.85,6.31,9.53,24.78,74.33,53.55,146.81,,,,08/18,野村全球高股息基金累積型人民幣本基金之配息來源可能為本金且並無保證收益及配息
瀚亞環球智慧數據股息基金B配息(台幣)(本基金配息來源可能為本金且基金並無保證收益及配息),瀚亞投信,境內,ET003001/806,,200.0,2.51,6.2,9.35,,,,,,,,08/18,瀚亞環球智慧數據股息基金B配息台幣本基金配息來源可能為本金且基金並無保證收益及配息
瀚亞環球智慧數據股息基金S配息(台幣)(本基金配息來源可能為本金且基金並無保證收益及配息),瀚亞投信,境內,ET003001/806,,201.0,2.51,6.2,9.35,,,,,,,,08/18,瀚亞環球智慧數據股息基金S配息台幣本基金配息來源可能為本金且基金並無保證收益及配息
瀚亞環球智慧數據股息基金SA不配息(台幣),瀚亞投信,境內,ET003001/806,,202.0,2.4,6.08,9.27,,,,,,,,08/18,瀚亞環球智慧數據股息基金SA不配息台幣
瀚亞環球智慧數據股息基金A不配息(台幣),瀚亞投信,境內,ET003001/806,,203.0,2.4,6.08,9.27,,,,,,,,08/18,瀚亞環球智慧數據股息基金A不配息台幣
安聯全球生技趨勢基金(美元),安聯投信,境內,ET003001/806,,204.0,4.09,17.82,9.24,29.29,39.24,12.18,70.76,,,,08/18,安聯全球生技趨勢基金美元
柏瑞ESG減碳全球股票基金A不配息(台幣),柏瑞投信,境內,ET003001/806,,205.0,3.25,2.97,9.18,27.4,67.59,,,,,,08/18,柏瑞ESG減碳全球股票基金A不配息台幣
柏瑞ESG減碳全球股票基金N9不配息(台幣),柏瑞投信,境內,ET003001/806,,206.0,3.25,2.97,9.18,27.4,67.59,,,,,,08/18,柏瑞ESG減碳全球股票基金N9不配息台幣
凱基未來移動基金A不配息(南非幣),凱基投信,境內,ET003001/806,,207.0,-3.4,-9.85,9.15,15.87,24.16,,,,,,08/18,凱基未來移動基金A不配息南非幣
凱基未來移動基金NA不配息(南非幣),凱基投信,境內,ET003001/806,,208.0,-3.4,-9.85,9.15,15.77,24.16,,,,,,08/18,凱基未來移動基金NA不配息南非幣
摩根全球創新成長基金-累積型(美元),摩根投信,境內,ET003001/806,,209.0,2.93,1.89,8.83,9.94,71.34,28.78,,,,,08/18,摩根全球創新成長基金累積型美元
野村全球品牌基金-累積N類型(美元),野村投信,境內,ET003001/806,,210.0,6.67,1.78,8.77,17.91,50.3,30.53,,,,,08/18,野村全球品牌基金累積N類型美元
野村全球品牌基金(美元),野村投信,境內,ET003001/806,,211.0,6.69,1.78,8.72,17.89,50.25,30.43,,,,,08/18,野村全球品牌基金美元
元大新中國基金(人民幣),元大投信,境內,ET003001/806,,212.0,4.18,-0.86,8.65,26.08,40.55,10.01,54.98,,,,08/18,元大新中國基金人民幣
凱基未來移動基金A不配息(台幣),凱基投信,境內,ET003001/806,,213.0,-2.86,-7.01,8.15,33.56,45.1,,,,,,08/18,凱基未來移動基金A不配息台幣
凱基未來移動基金NA不配息(台幣),凱基投信,境內,ET003001/806,,214.0,-2.86,-7.01,8.15,33.56,45.1,,,,,,08/18,凱基未來移動基金NA不配息台幣
柏瑞ESG量化全球股票收益基金N9不配息(人民幣),柏瑞投信,境內,ET003001/806,,215.0,4.42,5.96,8.01,17.13,57.89,,,,,,08/18,柏瑞ESG量化全球股票收益基金N9不配息人民幣
柏瑞ESG量化全球股票收益基金A不配息(人民幣),柏瑞投信,境內,ET003001/806,,216.0,4.42,5.89,8.01,17.13,57.89,,,,,,08/18,柏瑞ESG量化全球股票收益基金A不配息人民幣
柏瑞ESG減碳全球股票基金I不配息(美元),柏瑞投信,境內,ET003001/806,,217.0,4.43,1.82,7.97,20.53,70.08,,,,,,08/18,柏瑞ESG減碳全球股票基金I不配息美元
柏瑞ESG量化全球股票收益基金B月配息(人民幣)(本基金配息來源可能為本金),柏瑞投信,境內,ET003001/806,,218.0,4.43,5.91,7.97,17.08,57.86,,,,,,08/18,柏瑞ESG量化全球股票收益基金B月配息人民幣本基金配息來源可能為本金
瀚亞環球智慧數據股息基金B配息(美元)(本基金配息來源可能為本金且基金並無保證收益及配息),瀚亞投信,境內,ET003001/806,,219.0,3.57,4.84,7.78,,,,,,,,08/18,瀚亞環球智慧數據股息基金B配息美元本基金配息來源可能為本金且基金並無保證收益及配息
瀚亞環球智慧數據股息基金A不配息(美元),瀚亞投信,境內,ET003001/806,,220.0,3.52,4.72,7.69,,,,,,,,08/18,瀚亞環球智慧數據股息基金A不配息美元
柏瑞ESG減碳全球股票基金A不配息(美元),柏瑞投信,境內,ET003001/806,,221.0,4.31,1.69,7.68,19.87,67.63,,,,,,08/18,柏瑞ESG減碳全球股票基金A不配息美元
柏瑞ESG減碳全球股票基金N9不配息(美元),柏瑞投信,境內,ET003001/806,,222.0,4.37,1.69,7.68,19.87,67.63,,,,,,08/18,柏瑞ESG減碳全球股票基金N9不配息美元
瀚亞環球智慧數據股息基金SA不配息(美元),瀚亞投信,境內,ET003001/806,,223.0,3.51,4.8,7.68,,,,,,,,08/18,瀚亞環球智慧數據股息基金SA不配息美元
瀚亞環球智慧數據股息基金S配息(美元)(本基金配息來源可能為本金且基金並無保證收益及配息),瀚亞投信,境內,ET003001/806,,224.0,3.57,4.84,7.68,,,,,,,,08/18,瀚亞環球智慧數據股息基金S配息美元本基金配息來源可能為本金且基金並無保證收益及配息
群益工業國入息基金NA累積型(台幣)(本基金配息來源可能為本金且基金並無保證收益及配息),群益投信,境內,ET003001/806,,225.0,3.33,7.06,7.41,28.09,,25.02,,,,,08/18,群益工業國入息基金NA累積型台幣本基金配息來源可能為本金且基金並無保證收益及配息
群益工業國入息基金B月配型(台幣)(本基金配息來源可能為本金且基金並無保證收益及配息),群益投信,境內,ET003001/806,,226.0,3.26,6.98,7.36,28.08,63.71,68.2,116.0,,,,08/18,群益工業國入息基金B月配型台幣本基金配息來源可能為本金且基金並無保證收益及配息
群益工業國入息基金A累積型(台幣)(本基金配息來源可能為本金且基金並無保證收益及配息),群益投信,境內,ET003001/806,,227.0,3.29,7.03,7.35,28.13,63.75,68.94,116.89,,,,08/18,群益工業國入息基金A累積型台幣本基金配息來源可能為本金且基金並無保證收益及配息
群益工業國入息基金NB月配型(台幣)(本基金配息來源可能為本金且基金並無保證收益及配息),群益投信,境內,ET003001/806,,228.0,3.3,7.07,7.33,28.09,,,,,,,08/18,群益工業國入息基金NB月配型台幣本基金配息來源可能為本金且基金並無保證收益及配息
凱基醫院及長照產業基金NA不配息(台幣),凱基投信,境內,ET003001/806,,229.0,0.0,15.61,7.28,21.38,23.55,12.88,,,,,08/18,凱基醫院及長照產業基金NA不配息台幣
凱基醫院及長照產業基金A不配息(台幣),凱基投信,境內,ET003001/806,,230.0,0.06,15.59,7.27,21.42,23.65,12.85,,,,,08/18,凱基醫院及長照產業基金A不配息台幣
凱基醫院及長照產業基金IA類型(台幣),凱基投信,境內,ET003001/806,,231.0,0.29,15.76,7.21,20.28,24.17,10.93,,,,,08/18,凱基醫院及長照產業基金IA類型台幣
合庫全球核心基礎建設收益基金-A不配息(台幣),合作金庫投信,境內,ET003001/806,,232.0,0.67,2.68,6.64,20.97,42.97,,,,,,08/18,合庫全球核心基礎建設收益基金A不配息台幣
合庫全球核心基礎建設收益基金-NB配息(台幣)(本基金之配息來源可能為本金),合作金庫投信,境內,ET003001/806,,233.0,0.65,2.66,6.63,20.98,42.98,,,,,,08/18,合庫全球核心基礎建設收益基金NB配息台幣本基金之配息來源可能為本金
合庫全球核心基礎建設收益基金-B配息(台幣)(本基金之配息來源可能為本金),合作金庫投信,境內,ET003001/806,,234.0,0.65,2.65,6.62,20.96,42.94,,,,,,08/18,合庫全球核心基礎建設收益基金B配息台幣本基金之配息來源可能為本金
凱基未來移動基金A不配息(美元),凱基投信,境內,ET003001/806,,235.0,-1.83,-8.17,6.55,25.61,45.07,,,,,,08/18,凱基未來移動基金A不配息美元
凱基未來移動基金NA不配息(美元),凱基投信,境內,ET003001/806,,236.0,-1.83,-8.17,6.55,25.61,45.07,,,,,,08/18,凱基未來移動基金NA不配息美元
玉山全球中小基金(台幣),玉山投信,境內,ET003001/806,,237.0,0.77,6.12,6.45,27.7,53.15,49.86,111.43,,,,08/18,玉山全球中小基金台幣
合庫全球核心基礎建設收益基金-B配息(南非幣)(本基金之配息來源可能為本金),合作金庫投信,境內,ET003001/806,,238.0,0.89,-0.01,6.4,11.67,56.94,,,,,,08/18,合庫全球核心基礎建設收益基金B配息南非幣本基金之配息來源可能為本金
合庫全球核心基礎建設收益基金-A不配息(南非幣),合作金庫投信,境內,ET003001/806,,239.0,0.78,-0.19,6.28,11.14,57.65,,,,,,08/18,合庫全球核心基礎建設收益基金A不配息南非幣
安聯全球綠能趨勢基金-A累積型(台幣),安聯投信,境內,ET003001/806,,240.0,0.88,4.0,6.19,33.11,48.3,47.08,88.32,,,,08/18,安聯全球綠能趨勢基金A累積型台幣
第一金全球AI機器人及自動化產業基金(台幣),第一金投信,境內,ET003001/806,,241.0,3.47,-2.32,6.12,31.08,70.11,55.57,192.46,,,,08/18,第一金全球AI機器人及自動化產業基金台幣
第一金全球AI機器人及自動化產業基金N類型(台幣),第一金投信,境內,ET003001/806,,242.0,3.47,-2.35,6.11,31.07,70.1,55.5,,,,,08/18,第一金全球AI機器人及自動化產業基金N類型台幣
群益工業國入息基金NB月配型(美元)(本基金配息來源可能為本金且基金並無保證收益及配息),群益投信,境內,ET003001/806,,243.0,2.24,3.82,5.98,3.27,19.18,11.16,,,,,06/29,群益工業國入息基金NB月配型美元本基金配息來源可能為本金且基金並無保證收益及配息
群益工業國入息基金B月配型(美元)(本基金配息來源可能為本金且基金並無保證收益及配息),群益投信,境內,ET003001/806,,244.0,4.43,5.69,5.93,20.56,63.72,46.71,112.51,,,,08/18,群益工業國入息基金B月配型美元本基金配息來源可能為本金且基金並無保證收益及配息
群益工業國入息基金NA累積型(美元)(本基金配息來源可能為本金且基金並無保證收益及配息),群益投信,境內,ET003001/806,,245.0,4.43,5.69,5.93,20.54,39.04,25.03,,,,,08/18,群益工業國入息基金NA累積型美元本基金配息來源可能為本金且基金並無保證收益及配息
群益工業國入息基金A累積型(美元)(本基金配息來源可能為本金且基金並無保證收益及配息),群益投信,境內,ET003001/806,,246.0,4.43,5.69,5.93,20.53,63.78,47.27,113.22,,,,08/18,群益工業國入息基金A累積型美元本基金配息來源可能為本金且基金並無保證收益及配息
柏瑞ESG減碳全球股票基金A不配息(人民幣),柏瑞投信,境內,ET003001/806,,247.0,4.07,0.96,5.9,15.64,54.4,,,,,,08/18,柏瑞ESG減碳全球股票基金A不配息人民幣
柏瑞ESG減碳全球股票基金N9不配息(人民幣),柏瑞投信,境內,ET003001/806,,248.0,4.07,0.96,5.9,15.64,54.4,,,,,,08/18,柏瑞ESG減碳全球股票基金N9不配息人民幣
凱基醫院及長照產業基金A不配息(美元),凱基投信,境內,ET003001/806,,249.0,1.13,14.17,5.69,14.22,23.6,-1.63,,,,,08/18,凱基醫院及長照產業基金A不配息美元
凱基醫院及長照產業基金NA不配息(美元),凱基投信,境內,ET003001/806,,250.0,1.13,14.14,5.66,14.19,23.55,-1.66,,,,,08/18,凱基醫院及長照產業基金NA不配息美元
兆豐生命科學基金,兆豐投信,境內,ET003001/806,,251.0,4.0,17.01,5.46,17.76,14.63,3.1,19.85,,,,08/18,兆豐生命科學基金
野村全球生技醫療基金,野村投信,境內,ET003001/806,,252.0,2.8,15.11,5.35,20.86,16.62,20.91,63.97,,,,08/18,野村全球生技醫療基金
瀚亞環球智慧數據股息基金B配息(人民幣)(本基金配息來源可能為本金且基金並無保證收益及配息),瀚亞投信,境內,ET003001/806,,253.0,3.1,3.93,5.22,,,,,,,,08/18,瀚亞環球智慧數據股息基金B配息人民幣本基金配息來源可能為本金且基金並無保證收益及配息
瀚亞環球智慧數據股息基金S配息(人民幣)(本基金配息來源可能為本金且基金並無保證收益及配息),瀚亞投信,境內,ET003001/806,,254.0,3.1,3.93,5.22,,,,,,,,08/18,瀚亞環球智慧數據股息基金S配息人民幣本基金配息來源可能為本金且基金並無保證收益及配息
瀚亞環球智慧數據股息基金A不配息(人民幣),瀚亞投信,境內,ET003001/806,,255.0,3.05,4.01,5.18,,,,,,,,08/18,瀚亞環球智慧數據股息基金A不配息人民幣
合庫全球核心基礎建設收益基金-A不配息(美元),合作金庫投信,境內,ET003001/806,,256.0,1.72,1.41,5.08,13.86,42.98,,,,,,08/18,合庫全球核心基礎建設收益基金A不配息美元
景順全球康健基金,景順投信,境內,ET003001/806,,257.0,4.33,16.54,5.07,24.97,19.55,25.71,102.37,,,,08/18,景順全球康健基金
合庫全球核心基礎建設收益基金-NB配息(美元)(本基金之配息來源可能為本金),合作金庫投信,境內,ET003001/806,,258.0,1.76,1.42,5.05,13.71,42.75,,,,,,08/18,合庫全球核心基礎建設收益基金NB配息美元本基金之配息來源可能為本金
合庫全球核心基礎建設收益基金-B配息(美元)(本基金之配息來源可能為本金),合作金庫投信,境內,ET003001/806,,259.0,1.75,1.42,5.04,13.9,43.29,,,,,,08/18,合庫全球核心基礎建設收益基金B配息美元本基金之配息來源可能為本金
野村環球基金-累積S類型(台幣),野村投信,境內,ET003001/806,,260.0,0.77,3.36,5.02,20.34,72.84,69.37,,,,,08/18,野村環球基金累積S類型台幣
野村環球基金(台幣),野村投信,境內,ET003001/806,,261.0,0.74,3.23,4.82,19.88,70.82,66.05,223.7,,,,08/18,野村環球基金台幣
安聯全球綠能趨勢基金-A累積型(美元),安聯投信,境內,ET003001/806,,262.0,1.96,2.63,4.77,25.28,,,,,,,08/18,安聯全球綠能趨勢基金A累積型美元
野村全球正向效應成長基金-季配型(台幣)(本基金配息來源可能為本金且非屬環境、社會及治理相關主題基金),野村投信,境內,ET003001/806,,263.0,1.76,-1.84,4.76,4.54,39.38,,,,,,08/18,野村全球正向效應成長基金季配型台幣本基金配息來源可能為本金且非屬環境、社會及治理相關主題基金
野村全球正向效應成長基金-季配N類型(台幣)(本基金配息來源可能為本金且非屬環境、社會及治理相關主題基金),野村投信,境內,ET003001/806,,264.0,1.76,-1.84,4.76,4.54,39.37,,,,,,08/18,野村全球正向效應成長基金季配N類型台幣本基金配息來源可能為本金且非屬環境、社會及治理相關主題基金
野村全球正向效應成長基金-累積型(台幣)(本基金配息來源可能為本金且非屬環境、社會及治理相關主題基金),野村投信,境內,ET003001/806,,265.0,1.78,-1.82,4.75,4.52,39.31,,,,,,08/18,野村全球正向效應成長基金累積型台幣本基金配息來源可能為本金且非屬環境、社會及治理相關主題基金
野村全球正向效應成長基金-累積N類型(台幣)(本基金配息來源可能為本金且非屬環境、社會及治理相關主題基金),野村投信,境內,ET003001/806,,266.0,1.78,-1.72,4.75,4.52,39.31,,,,,,08/18,野村全球正向效應成長基金累積N類型台幣本基金配息來源可能為本金且非屬環境、社會及治理相關主題基金
第一金全球AI機器人及自動化產業基金(美元),第一金投信,境內,ET003001/806,,267.0,4.58,-3.54,4.7,23.32,70.08,35.6,187.47,,,,08/18,第一金全球AI機器人及自動化產業基金美元
第一金全球AI機器人及自動化產業基金N類型(美元),第一金投信,境內,ET003001/806,,268.0,4.58,-3.54,4.49,23.06,69.73,35.31,,,,,08/18,第一金全球AI機器人及自動化產業基金N類型美元
台新ESG環保愛地球成長基金-A不配息(台幣),台新投信,境內,ET003001/806,,269.0,2.21,-2.3,4.41,12.35,26.43,2.31,,,,,08/18,台新ESG環保愛地球成長基金A不配息台幣
台新ESG環保愛地球成長基金-NA不配息(台幣),台新投信,境內,ET003001/806,,270.0,2.21,-2.3,4.41,12.35,26.43,2.31,,,,,08/18,台新ESG環保愛地球成長基金NA不配息台幣
玉山全球新供應鏈基金-累積型(台幣),玉山投信,境內,ET003001/806,,271.0,2.96,-2.94,4.07,12.57,38.72,,,,,,08/18,玉山全球新供應鏈基金累積型台幣
玉山全球新供應鏈基金-N累積型(台幣),玉山投信,境內,ET003001/806,,272.0,2.87,-2.94,4.07,12.47,38.72,,,,,,08/18,玉山全球新供應鏈基金N累積型台幣
富達永續全球股票收益基金-N類型累積型(台幣)(本基金並無保證收益及配息),富達投信,境內,ET003001/806,,273.0,0.06,3.97,4.06,11.75,45.98,,,,,,08/18,富達永續全球股票收益基金N類型累積型台幣本基金並無保證收益及配息
凱基未來移動基金A不配息(人民幣),凱基投信,境內,ET003001/806,,274.0,-2.3,-8.85,4.03,17.89,33.94,,,,,,08/18,凱基未來移動基金A不配息人民幣
凱基未來移動基金NA不配息(人民幣),凱基投信,境內,ET003001/806,,275.0,-2.23,-8.85,4.03,17.89,33.94,,,,,,08/18,凱基未來移動基金NA不配息人民幣
富達永續全球股票收益基金-A類型月配型(台幣)(本基金之配息來源可能為本金或收益平準金且並無保證收益及配息),富達投信,境內,ET003001/806,,276.0,0.08,3.74,3.79,11.46,45.64,,,,,,08/18,富達永續全球股票收益基金A類型月配型台幣本基金之配息來源可能為本金或收益平準金且並無保證收益及配息
富達永續全球股票收益基金-A類型累積型(台幣)(本基金並無保證收益及配息),富達投信,境內,ET003001/806,,277.0,0.08,3.72,3.73,11.28,45.61,,,,,,08/18,富達永續全球股票收益基金A類型累積型台幣本基金並無保證收益及配息
台新ESG環保愛地球成長基金-NA不配息(澳幣),台新投信,境內,ET003001/806,,278.0,1.79,-2.55,3.69,-2.95,14.26,-9.21,,,,,08/18,台新ESG環保愛地球成長基金NA不配息澳幣
富達永續全球股票收益基金-N類型月配型(台幣)(本基金之配息來源可能為本金或收益平準金且並無保證收益及配息),富達投信,境內,ET003001/806,,279.0,0.08,3.72,3.68,11.41,45.65,,,,,,08/18,富達永續全球股票收益基金N類型月配型台幣本基金之配息來源可能為本金或收益平準金且並無保證收益及配息
台新ESG環保愛地球成長基金-A不配息(澳幣),台新投信,境內,ET003001/806,,280.0,1.79,-2.36,3.54,-3.11,14.32,-8.97,,,,,08/18,台新ESG環保愛地球成長基金A不配息澳幣
群益工業國入息基金B月配型(人民幣)(本基金配息來源可能為本金且基金並無保證收益及配息),群益投信,境內,ET003001/806,,281.0,3.92,4.77,3.45,13.2,51.16,53.16,116.91,,,,08/18,群益工業國入息基金B月配型人民幣本基金配息來源可能為本金且基金並無保證收益及配息
群益工業國入息基金NB月配型(人民幣)(本基金配息來源可能為本金且基金並無保證收益及配息),群益投信,境內,ET003001/806,,282.0,3.92,4.77,3.45,13.2,51.16,53.16,,,,,08/18,群益工業國入息基金NB月配型人民幣本基金配息來源可能為本金且基金並無保證收益及配息
群益工業國入息基金A累積型(人民幣)(本基金配息來源可能為本金且基金並無保證收益及配息),群益投信,境內,ET003001/806,,283.0,3.92,4.77,3.45,13.18,51.18,53.21,116.74,,,,08/18,群益工業國入息基金A累積型人民幣本基金配息來源可能為本金且基金並無保證收益及配息
群益工業國入息基金NA累積型(人民幣)(本基金配息來源可能為本金且基金並無保證收益及配息),群益投信,境內,ET003001/806,,284.0,3.92,4.77,3.45,13.19,21.35,22.98,,,,,08/18,群益工業國入息基金NA累積型人民幣本基金配息來源可能為本金且基金並無保證收益及配息
摩根環球股票收益基金-R類型(台幣),摩根投信,境內,ET003001/806,,285.0,2.92,6.76,3.36,20.78,,,,,,,08/18,摩根環球股票收益基金R類型台幣
野村環球基金(美元),野村投信,境內,ET003001/806,,286.0,1.78,1.96,3.33,13.02,70.73,45.22,,,,,08/18,野村環球基金美元
野村全球正向效應成長基金-累積型(美元)(本基金配息來源可能為本金且非屬環境、社會及治理相關主題基金),野村投信,境內,ET003001/806,,287.0,3.06,-2.99,3.31,-1.52,39.34,,,,,,08/18,野村全球正向效應成長基金累積型美元本基金配息來源可能為本金且非屬環境、社會及治理相關主題基金
安聯全球油礦金趨勢基金,安聯投信,境內,ET003001/806,,288.0,5.9,-0.77,3.28,41.78,49.76,101.57,76.66,,,,08/18,安聯全球油礦金趨勢基金
野村全球正向效應成長基金-季配型(美元)(本基金配息來源可能為本金且非屬環境、社會及治理相關主題基金),野村投信,境內,ET003001/806,,289.0,3.06,-2.9,3.27,-1.54,39.66,,,,,,08/18,野村全球正向效應成長基金季配型美元本基金配息來源可能為本金且非屬環境、社會及治理相關主題基金
野村全球正向效應成長基金-季配N類型(美元)(本基金配息來源可能為本金且非屬環境、社會及治理相關主題基金),野村投信,境內,ET003001/806,,290.0,3.06,-2.9,3.27,-1.54,39.41,,,,,,08/18,野村全球正向效應成長基金季配N類型美元本基金配息來源可能為本金且非屬環境、社會及治理相關主題基金
凱基醫院及長照產業基金A不配息(人民幣),凱基投信,境內,ET003001/806,,291.0,0.7,13.28,3.25,7.22,14.07,2.33,,,,,08/18,凱基醫院及長照產業基金A不配息人民幣
凱基醫院及長照產業基金NA不配息(人民幣),凱基投信,境內,ET003001/806,,292.0,0.7,13.33,3.21,7.34,14.23,2.39,,,,,08/18,凱基醫院及長照產業基金NA不配息人民幣
野村全球正向效應成長基金-累積N類型(美元)(本基金配息來源可能為本金且非屬環境、社會及治理相關主題基金),野村投信,境內,ET003001/806,,293.0,2.93,-3.0,3.19,-1.64,39.17,,,,,,08/18,野村全球正向效應成長基金累積N類型美元本基金配息來源可能為本金且非屬環境、社會及治理相關主題基金
摩根環球股票收益基金-累積型(台幣),摩根投信,境內,ET003001/806,,294.0,2.9,6.6,3.15,20.16,35.17,53.8,119.7,,,,08/18,摩根環球股票收益基金累積型台幣
摩根環球股票收益基金-月配型(台幣)(本基金之配息來源可能為本金),摩根投信,境內,ET003001/806,,295.0,2.86,6.53,3.12,20.11,35.1,52.95,118.58,,,,08/18,摩根環球股票收益基金月配型台幣本基金之配息來源可能為本金
合庫全球核心基礎建設收益基金-A不配息(人民幣),合作金庫投信,境內,ET003001/806,,296.0,1.36,0.55,3.0,8.18,32.02,,,,,,08/18,合庫全球核心基礎建設收益基金A不配息人民幣
合庫全球核心基礎建設收益基金-B配息(人民幣)(本基金之配息來源可能為本金),合作金庫投信,境內,ET003001/806,,297.0,1.37,0.55,2.98,8.18,31.85,,,,,,08/18,合庫全球核心基礎建設收益基金B配息人民幣本基金之配息來源可能為本金
第一金全球AI精準醫療基金(台幣),第一金投信,境內,ET003001/806,,298.0,3.77,10.87,2.93,13.45,7.94,-16.99,,,,,08/18,第一金全球AI精準醫療基金台幣
第一金全球AI精準醫療基金N類型(台幣),第一金投信,境內,ET003001/806,,299.0,3.77,10.87,2.93,13.45,7.94,-16.99,,,,,08/18,第一金全球AI精準醫療基金N類型台幣
台新ESG環保愛地球成長基金-NA不配息(美元),台新投信,境內,ET003001/806,,300.0,3.31,-3.51,2.91,5.75,26.51,-10.8,,,,,08/18,台新ESG環保愛地球成長基金NA不配息美元
台新ESG環保愛地球成長基金-A不配息(美元),台新投信,境內,ET003001/806,,301.0,3.3,-3.5,2.9,5.75,26.47,-10.86,,,,,08/18,台新ESG環保愛地球成長基金A不配息美元
國泰全球基礎建設基金-A類型(台幣),國泰投信,境內,ET003001/806,,302.0,0.1,-1.0,2.62,20.86,55.82,49.32,64.73,,,,08/18,國泰全球基礎建設基金A類型台幣
富達永續全球股票收益基金-A類型月配型(美元)(本基金之配息來源可能為本金或收益平準金且並無保證收益及配息),富達投信,境內,ET003001/806,,303.0,1.16,2.45,2.29,4.89,45.68,,,,,,08/18,富達永續全球股票收益基金A類型月配型美元本基金之配息來源可能為本金或收益平準金且並無保證收益及配息
富達永續全球股票收益基金-A類型累積型(美元)(本基金並無保證收益及配息),富達投信,境內,ET003001/806,,304.0,1.16,2.45,2.28,4.89,45.66,,,,,,08/18,富達永續全球股票收益基金A類型累積型美元本基金並無保證收益及配息
玉山全球新供應鏈基金-N累積型(美元),玉山投信,境內,ET003001/806,,305.0,4.28,-4.1,2.28,5.75,38.52,,,,,,08/18,玉山全球新供應鏈基金N累積型美元
玉山全球新供應鏈基金-累積型(美元),玉山投信,境內,ET003001/806,,306.0,4.27,-4.1,2.28,5.84,38.64,,,,,,08/18,玉山全球新供應鏈基金累積型美元
富達永續全球股票收益基金-N類型累積型(美元)(本基金並無保證收益及配息),富達投信,境內,ET003001/806,,307.0,1.16,2.45,2.27,4.87,45.71,,,,,,08/18,富達永續全球股票收益基金N類型累積型美元本基金並無保證收益及配息
富達永續全球股票收益基金-N類型月配型(美元)(本基金之配息來源可能為本金或收益平準金且並無保證收益及配息),富達投信,境內,ET003001/806,,308.0,1.16,2.45,2.27,4.87,45.67,,,,,,08/18,富達永續全球股票收益基金N類型月配型美元本基金之配息來源可能為本金或收益平準金且並無保證收益及配息
宏利全球動力股票基金(台幣),宏利投信,境內,ET003001/806,,309.0,2.54,5.79,1.89,18.85,43.62,45.78,,,,,08/18,宏利全球動力股票基金台幣
摩根環球股票收益基金-月配型(美元)(本基金之配息來源可能為本金),摩根投信,境內,ET003001/806,,310.0,3.93,5.18,1.7,12.9,35.16,33.31,115.02,,,,08/18,摩根環球股票收益基金月配型美元本基金之配息來源可能為本金
第一金全球AI FinTech金融科技基金N類型(台幣),第一金投信,境內,ET003001/806,,311.0,-0.74,4.56,1.62,-18.8,19.61,-7.12,,,,,08/18,第一金全球AIFinTech金融科技基金N類型台幣
第一金全球AI FinTech金融科技基金(台幣),第一金投信,境內,ET003001/806,,312.0,-0.74,4.51,1.62,-18.8,19.61,-7.07,,,,,08/18,第一金全球AIFinTech金融科技基金台幣
第一金全球AI精準醫療基金N類型(美元),第一金投信,境內,ET003001/806,,313.0,4.88,9.45,1.52,6.77,7.94,-27.67,,,,,08/18,第一金全球AI精準醫療基金N類型美元
第一金全球AI精準醫療基金(美元),第一金投信,境內,ET003001/806,,314.0,4.88,9.45,1.51,6.77,7.94,-27.67,,,,,08/18,第一金全球AI精準醫療基金美元
國泰全球基礎建設基金-A類型(美元),國泰投信,境內,ET003001/806,,315.0,1.17,-2.27,1.26,13.7,55.82,30.02,61.59,,,,08/18,國泰全球基礎建設基金A類型美元
宏利特別股息收益基金-NA不配息(南非幣避險),宏利投信,境內,ET003001/806,,316.0,0.0,0.0,1.1,4.12,19.77,-30.65,,,,,08/18,宏利特別股息收益基金NA不配息南非幣避險
元大全球農業商機基金,元大投信,境內,ET003001/806,,317.0,0.54,2.46,0.92,25.12,24.29,25.06,61.23,,,,08/18,元大全球農業商機基金
野村全球基礎建設大未來基金-S類型(台幣),野村投信,境內,ET003001/806,,318.0,-2.04,1.52,0.67,23.81,20.1,,,,,,08/18,野村全球基礎建設大未來基金S類型台幣
野村環球基金(人民幣),野村投信,境內,ET003001/806,,319.0,1.37,0.89,0.59,5.24,52.29,31.72,204.58,,,,08/18,野村環球基金人民幣
台新ESG環保愛地球成長基金-A不配息(人民幣),台新投信,境內,ET003001/806,,320.0,2.83,-4.26,0.47,-0.76,16.77,-7.27,,,,,08/18,台新ESG環保愛地球成長基金A不配息人民幣
永豐主流品牌基金,永豐投信,境內,ET003001/806,,321.0,1.36,1.58,0.44,10.78,26.23,16.67,144.28,,,,08/18,永豐主流品牌基金
台新ESG環保愛地球成長基金-NA不配息(人民幣),台新投信,境內,ET003001/806,,322.0,2.83,-4.3,0.43,-0.79,16.55,-7.38,,,,,08/18,台新ESG環保愛地球成長基金NA不配息人民幣
富蘭克林華美全球基礎建設收益基金-A累積型(台幣)(本基金之配息來源可能為本金),富蘭克林華美投信,境內,ET003001/806,,323.0,-3.48,-0.7,0.35,19.59,,,,,,,08/18,富蘭克林華美全球基礎建設收益基金A累積型台幣本基金之配息來源可能為本金
富蘭克林華美全球基礎建設收益基金-NB分配型(台幣)(本基金之配息來源可能為本金),富蘭克林華美投信,境內,ET003001/806,,324.0,-3.49,-0.73,0.29,19.6,,,,,,,08/18,富蘭克林華美全球基礎建設收益基金NB分配型台幣本基金之配息來源可能為本金
富蘭克林華美全球基礎建設收益基金-B分配型(台幣)(本基金之配息來源可能為本金),富蘭克林華美投信,境內,ET003001/806,,325.0,-3.49,-0.73,0.29,19.6,,,,,,,08/18,富蘭克林華美全球基礎建設收益基金B分配型台幣本基金之配息來源可能為本金
第一金全球AI FinTech金融科技基金N類型(美元),第一金投信,境內,ET003001/806,,326.0,0.33,3.25,0.29,-23.59,19.58,-19.1,,,,,08/18,第一金全球AIFinTech金融科技基金N類型美元
第一金全球AI FinTech金融科技基金(美元),第一金投信,境內,ET003001/806,,327.0,0.33,3.24,0.28,-23.58,19.59,-19.04,,,,,08/18,第一金全球AIFinTech金融科技基金美元
野村全球基礎建設大未來基金(台幣),野村投信,境內,ET003001/806,,328.0,-2.11,1.35,0.25,22.75,58.58,,,,,,08/18,野村全球基礎建設大未來基金台幣
野村全球基礎建設大未來基金-N類型(台幣),野村投信,境內,ET003001/806,,329.0,-2.11,1.35,0.25,22.75,58.58,,,,,,08/18,野村全球基礎建設大未來基金N類型台幣
宏利全球動力股票基金(人民幣避險),宏利投信,境內,ET003001/806,,330.0,2.93,4.66,0.25,13.0,36.92,30.19,,,,,08/18,宏利全球動力股票基金人民幣避險
摩根環球股票收益基金-月配型(人民幣)(本基金之配息來源可能為本金),摩根投信,境內,ET003001/806,,331.0,3.67,4.5,0.12,9.13,24.78,26.5,116.36,,,,08/18,摩根環球股票收益基金月配型人民幣本基金之配息來源可能為本金
瀚亞環球智慧數據股息基金IA不配息(美元),瀚亞投信,境內,ET003001/806,,332.0,0.0,0.0,0.0,,,,,,,,08/18,瀚亞環球智慧數據股息基金IA不配息美元
瀚亞環球智慧數據股息基金IA不配息(台幣),瀚亞投信,境內,ET003001/806,,333.0,0.0,0.0,0.0,,,,,,,,08/18,瀚亞環球智慧數據股息基金IA不配息台幣
野村全球正向效應成長基金-季配S類型(台幣)(本基金配息來源可能為本金且非屬環境、社會及治理相關主題基金),野村投信,境內,ET003001/806,,334.0,0.0,0.0,0.0,0.0,0.0,,,,,,08/18,野村全球正向效應成長基金季配S類型台幣本基金配息來源可能為本金且非屬環境、社會及治理相關主題基金
玉山全球醫療生化基金-I累積型(台幣),玉山投信,境內,ET003001/806,,335.0,0.0,0.0,0.0,0.0,-1.28,,,,,,08/18,玉山全球醫療生化基金I累積型台幣
玉山全球中小基金(美元),玉山投信,境內,ET003001/806,,336.0,0.0,0.0,0.0,0.0,,,,,,,11/08,玉山全球中小基金美元
台新ESG環保愛地球成長基金-I不配息(美元),台新投信,境內,ET003001/806,,337.0,0.0,0.0,0.0,0.0,0.0,0.0,,,,,08/18,台新ESG環保愛地球成長基金I不配息美元
台新ESG環保愛地球成長基金-I不配息(台幣),台新投信,境內,ET003001/806,,338.0,0.0,0.0,0.0,0.0,0.0,0.0,,,,,08/18,台新ESG環保愛地球成長基金I不配息台幣
玉山全球新供應鏈基金-累積型(人民幣),玉山投信,境內,ET003001/806,,339.0,3.83,-4.78,-0.08,-0.58,28.25,,,,,,08/18,玉山全球新供應鏈基金累積型人民幣
宏利特別股息收益基金-B月配息(日圓)(本基金之配息來源可能為本金且無保證收益及配息),宏利投信,境內,ET003001/806,,340.0,-3.32,-2.14,-0.11,5.64,,,,,,,08/18,宏利特別股息收益基金B月配息日圓本基金之配息來源可能為本金且無保證收益及配息
宏利特別股息收益基金-NB月配息(日圓)(本基金之配息來源可能為本金且無保證收益及配息),宏利投信,境內,ET003001/806,,341.0,-3.3,-2.23,-0.21,5.65,,,,,,,08/18,宏利特別股息收益基金NB月配息日圓本基金之配息來源可能為本金且無保證收益及配息
第一金全球水電瓦斯及基礎建設收益基金B配息(台幣)(本基金之配息來源可能為本金),第一金投信,境內,ET003001/806,,342.0,-1.56,1.22,-0.32,18.54,41.54,55.01,,,,,08/18,第一金全球水電瓦斯及基礎建設收益基金B配息台幣本基金之配息來源可能為本金
第一金全球水電瓦斯及基礎建設收益基金N不配息(台幣)(本基金之配息來源可能為本金),第一金投信,境內,ET003001/806,,343.0,-1.59,1.22,-0.36,18.53,41.39,54.9,,,,,08/18,第一金全球水電瓦斯及基礎建設收益基金N不配息台幣本基金之配息來源可能為本金
第一金全球水電瓦斯及基礎建設收益基金A不配息(台幣)(本基金之配息來源可能為本金),第一金投信,境內,ET003001/806,,344.0,-1.59,1.22,-0.36,18.45,41.39,54.9,,,,,08/18,第一金全球水電瓦斯及基礎建設收益基金A不配息台幣本基金之配息來源可能為本金
第一金全球水電瓦斯及基礎建設收益基金N配息(台幣)(本基金之配息來源可能為本金),第一金投信,境內,ET003001/806,,345.0,-1.56,1.22,-0.4,18.54,41.4,55.01,,,,,08/18,第一金全球水電瓦斯及基礎建設收益基金N配息台幣本基金之配息來源可能為本金
永豐ESG全球數位基礎建設基金-N累積型(南非幣)(本基金配息來源可能為本金),永豐投信,境內,ET003001/806,,346.0,-2.05,-3.51,-0.49,10.68,33.32,,,,,,08/18,永豐ESG全球數位基礎建設基金N累積型南非幣本基金配息來源可能為本金
富蘭克林華美全球基礎建設收益基金-B分配型(南非幣)(本基金之配息來源可能為本金),富蘭克林華美投信,境內,ET003001/806,,347.0,-3.99,-3.79,-0.9,11.37,,,,,,,08/18,富蘭克林華美全球基礎建設收益基金B分配型南非幣本基金之配息來源可能為本金
富蘭克林華美全球基礎建設收益基金-NB分配型(南非幣)(本基金之配息來源可能為本金),富蘭克林華美投信,境內,ET003001/806,,348.0,-3.99,-3.79,-0.9,11.28,,,,,,,08/18,富蘭克林華美全球基礎建設收益基金NB分配型南非幣本基金之配息來源可能為本金
安聯全球農金趨勢基金,安聯投信,境內,ET003001/806,,349.0,0.52,7.37,-1.03,3.07,0.52,-17.96,-21.22,,,,08/18,安聯全球農金趨勢基金
富蘭克林華美全球基礎建設收益基金-B分配型(美元)(本基金之配息來源可能為本金),富蘭克林華美投信,境內,ET003001/806,,350.0,-2.45,-1.95,-1.09,12.91,,,,,,,08/18,富蘭克林華美全球基礎建設收益基金B分配型美元本基金之配息來源可能為本金
華南永昌全球精品基金,華南永昌投信,境內,ET003001/806,,351.0,-2.37,0.31,-1.13,5.74,26.79,14.9,91.63,,,,08/18,華南永昌全球精品基金
富蘭克林華美全球基礎建設收益基金-A累積型(美元)(本基金之配息來源可能為本金),富蘭克林華美投信,境內,ET003001/806,,352.0,-2.45,-1.97,-1.13,12.87,,,,,,,08/18,富蘭克林華美全球基礎建設收益基金A累積型美元本基金之配息來源可能為本金
德銀遠東DWS全球原物料能源基金,德銀遠東投信,境內,ET003001/806,,353.0,7.27,2.73,-1.15,40.31,38.54,89.36,112.65,,,,08/18,德銀遠東DWS全球原物料能源基金
富蘭克林華美全球基礎建設收益基金-NB分配型(美元)(本基金之配息來源可能為本金),富蘭克林華美投信,境內,ET003001/806,,354.0,-2.45,-1.95,-1.16,12.91,,,,,,,08/18,富蘭克林華美全球基礎建設收益基金NB分配型美元本基金之配息來源可能為本金
野村全球基礎建設大未來基金(美元),野村投信,境內,ET003001/806,,355.0,-1.07,0.0,-1.28,15.38,58.63,,,,,,08/18,野村全球基礎建設大未來基金美元
野村全球基礎建設大未來基金-N類型(美元),野村投信,境內,ET003001/806,,356.0,-1.07,0.0,-1.28,15.47,58.63,,,,,,08/18,野村全球基礎建設大未來基金N類型美元
匯豐全球基礎建設收益基金-不配息(台幣)(本基金配息來源可能為本金及收益平準金),匯豐投信,境內,ET003001/806,,357.0,-1.09,1.19,-1.3,12.89,37.15,,,,,,08/18,匯豐全球基礎建設收益基金不配息台幣本基金配息來源可能為本金及收益平準金
玉山全球消費商機基金,玉山投信,境內,ET003001/806,,358.0,-1.64,-1.3,-1.35,7.04,45.98,41.18,113.58,,,,08/18,玉山全球消費商機基金
匯豐全球基礎建設收益基金-N不配息(台幣)(本基金配息來源可能為本金及收益平準金),匯豐投信,境內,ET003001/806,,359.0,-1.16,1.19,-1.37,12.82,36.95,,,,,,08/18,匯豐全球基礎建設收益基金N不配息台幣本基金配息來源可能為本金及收益平準金
匯豐全球基礎建設收益基金-月分配型(台幣)(本基金配息來源可能為本金及收益平準金),匯豐投信,境內,ET003001/806,,360.0,-1.16,1.17,-1.38,12.78,36.91,,,,,,08/18,匯豐全球基礎建設收益基金月分配型台幣本基金配息來源可能為本金及收益平準金
匯豐全球基礎建設收益基金-N月分配型(台幣)(本基金配息來源可能為本金及收益平準金),匯豐投信,境內,ET003001/806,,361.0,-1.16,1.17,-1.38,12.78,36.91,,,,,,08/18,匯豐全球基礎建設收益基金N月分配型台幣本基金配息來源可能為本金及收益平準金
第一金全球水電瓦斯及基礎建設收益基金A不配息(美元)(本基金之配息來源可能為本金),第一金投信,境內,ET003001/806,,362.0,-0.73,-0.25,-1.78,11.72,43.02,37.91,,,,,08/18,第一金全球水電瓦斯及基礎建設收益基金A不配息美元本基金之配息來源可能為本金
第一金全球水電瓦斯及基礎建設收益基金N不配息(美元)(本基金之配息來源可能為本金),第一金投信,境內,ET003001/806,,363.0,-0.73,-0.25,-1.78,11.73,43.02,37.92,,,,,08/18,第一金全球水電瓦斯及基礎建設收益基金N不配息美元本基金之配息來源可能為本金
第一金全球水電瓦斯及基礎建設收益基金N配息(美元)(本基金之配息來源可能為本金),第一金投信,境內,ET003001/806,,364.0,-0.73,-0.25,-1.79,11.71,43.01,37.91,,,,,08/18,第一金全球水電瓦斯及基礎建設收益基金N配息美元本基金之配息來源可能為本金
第一金全球水電瓦斯及基礎建設收益基金B配息(美元)(本基金之配息來源可能為本金),第一金投信,境內,ET003001/806,,365.0,-0.73,-0.25,-1.79,11.71,43.01,37.9,,,,,08/18,第一金全球水電瓦斯及基礎建設收益基金B配息美元本基金之配息來源可能為本金
玉山全球基礎建設基金,玉山投信,境內,ET003001/806,,366.0,-3.78,-0.04,-2.15,18.21,51.4,66.76,95.12,,,,08/18,玉山全球基礎建設基金
永豐ESG全球數位基礎建設基金-月配型(台幣)(本基金配息來源可能為本金),永豐投信,境內,ET003001/806,,367.0,-2.67,-3.32,-2.28,16.62,28.1,,,,,,08/18,永豐ESG全球數位基礎建設基金月配型台幣本基金配息來源可能為本金
永豐ESG全球數位基礎建設基金-N月配型(台幣)(本基金配息來源可能為本金),永豐投信,境內,ET003001/806,,368.0,-2.67,-3.32,-2.28,16.61,28.1,,,,,,08/18,永豐ESG全球數位基礎建設基金N月配型台幣本基金配息來源可能為本金
永豐ESG全球數位基礎建設基金-累積型(台幣)(本基金配息來源可能為本金),永豐投信,境內,ET003001/806,,369.0,-2.64,-3.28,-2.32,16.63,28.04,,,,,,08/18,永豐ESG全球數位基礎建設基金累積型台幣本基金配息來源可能為本金
永豐ESG全球數位基礎建設基金-月配型(南非幣)(本基金配息來源可能為本金),永豐投信,境內,ET003001/806,,370.0,-2.05,-5.37,-2.38,8.35,30.25,,,,,,08/18,永豐ESG全球數位基礎建設基金月配型南非幣本基金配息來源可能為本金
永豐ESG全球數位基礎建設基金-累積型(南非幣)(本基金配息來源可能為本金),永豐投信,境內,ET003001/806,,371.0,-2.05,-5.33,-2.39,8.58,30.42,,,,,,08/18,永豐ESG全球數位基礎建設基金累積型南非幣本基金配息來源可能為本金
永豐ESG全球數位基礎建設基金-N月配型(南非幣)(本基金配息來源可能為本金),永豐投信,境內,ET003001/806,,372.0,-2.05,-5.37,-2.39,8.57,30.51,,,,,,08/18,永豐ESG全球數位基礎建設基金N月配型南非幣本基金配息來源可能為本金
永豐ESG全球數位基礎建設基金-N累積型(台幣)(本基金配息來源可能為本金),永豐投信,境內,ET003001/806,,373.0,-2.73,-3.37,-2.4,16.53,27.93,,,,,,08/18,永豐ESG全球數位基礎建設基金N累積型台幣本基金配息來源可能為本金
匯豐全球基礎建設收益基金-N月分配型(美元)(本基金配息來源可能為本金及收益平準金),匯豐投信,境內,ET003001/806,,374.0,-0.02,-0.13,-2.63,6.17,36.94,,,,,,08/18,匯豐全球基礎建設收益基金N月分配型美元本基金配息來源可能為本金及收益平準金
匯豐全球基礎建設收益基金-N不配息(美元)(本基金配息來源可能為本金及收益平準金),匯豐投信,境內,ET003001/806,,375.0,-0.08,-0.15,-2.69,6.12,36.84,,,,,,08/18,匯豐全球基礎建設收益基金N不配息美元本基金配息來源可能為本金及收益平準金
匯豐全球基礎建設收益基金-不配息(美元)(本基金配息來源可能為本金及收益平準金),匯豐投信,境內,ET003001/806,,376.0,-0.08,-0.08,-2.69,6.12,36.84,,,,,,08/18,匯豐全球基礎建設收益基金不配息美元本基金配息來源可能為本金及收益平準金
匯豐全球基礎建設收益基金-月分配型(美元)(本基金配息來源可能為本金及收益平準金),匯豐投信,境內,ET003001/806,,377.0,-0.11,-0.13,-2.72,6.07,36.81,,,,,,08/18,匯豐全球基礎建設收益基金月分配型美元本基金配息來源可能為本金及收益平準金
宏利特別股息收益基金-B月配息(南非幣避險)(本基金之配息來源可能為本金且無保證收益及配息),宏利投信,境內,ET003001/806,,378.0,-1.71,-2.33,-2.73,0.06,19.97,14.38,,,,,08/18,宏利特別股息收益基金B月配息南非幣避險本基金之配息來源可能為本金且無保證收益及配息
永豐ESG全球數位基礎建設基金-N累積型(美元)(本基金配息來源可能為本金),永豐投信,境內,ET003001/806,,379.0,-1.61,-4.56,-3.21,9.17,26.52,,,,,,08/18,永豐ESG全球數位基礎建設基金N累積型美元本基金配息來源可能為本金
復華全球原物料基金,復華投信,境內,ET003001/806,,380.0,1.76,-16.5,-3.28,37.42,33.36,40.49,65.37,,,,08/18,復華全球原物料基金
富蘭克林華美全球基礎建設收益基金-B分配型(人民幣)(本基金之配息來源可能為本金),富蘭克林華美投信,境內,ET003001/806,,381.0,-2.94,-2.76,-3.45,5.95,,,,,,,08/18,富蘭克林華美全球基礎建設收益基金B分配型人民幣本基金之配息來源可能為本金
富蘭克林華美全球基礎建設收益基金-NB分配型(人民幣)(本基金之配息來源可能為本金),富蘭克林華美投信,境內,ET003001/806,,382.0,-2.86,-2.69,-3.46,5.95,,,,,,,08/18,富蘭克林華美全球基礎建設收益基金NB分配型人民幣本基金之配息來源可能為本金
永豐ESG全球數位基礎建設基金-累積型(美元)(本基金配息來源可能為本金),永豐投信,境內,ET003001/806,,383.0,-1.61,-4.56,-3.58,9.69,28.0,,,,,,08/18,永豐ESG全球數位基礎建設基金累積型美元本基金配息來源可能為本金
永豐ESG全球數位基礎建設基金-N月配型(美元)(本基金配息來源可能為本金),永豐投信,境內,ET003001/806,,384.0,-1.61,-4.56,-3.6,9.71,28.05,,,,,,08/18,永豐ESG全球數位基礎建設基金N月配型美元本基金配息來源可能為本金
宏利特別股息收益基金-NB月配息(南非幣避險)(本基金之配息來源可能為本金且無保證收益及配息),宏利投信,境內,ET003001/806,,385.0,-1.42,-1.91,-3.63,0.86,25.24,21.08,,,,,08/18,宏利特別股息收益基金NB月配息南非幣避險本基金之配息來源可能為本金且無保證收益及配息
永豐ESG全球數位基礎建設基金-月配型(美元)(本基金配息來源可能為本金),永豐投信,境內,ET003001/806,,386.0,-1.61,-4.57,-3.63,9.66,28.02,,,,,,08/18,永豐ESG全球數位基礎建設基金月配型美元本基金配息來源可能為本金
柏瑞特別股息收益基金N9不配息(日圓)(本基金並無保證收益及配息),柏瑞投信,境內,ET003001/806,,387.0,-3.75,-3.84,-3.66,0.1,,,,,,,08/18,柏瑞特別股息收益基金N9不配息日圓本基金並無保證收益及配息
柏瑞特別股息收益基金A不配息(日圓)(本基金並無保證收益及配息),柏瑞投信,境內,ET003001/806,,388.0,-3.74,-3.93,-3.74,0.0,,,,,,,08/18,柏瑞特別股息收益基金A不配息日圓本基金並無保證收益及配息
柏瑞特別股息收益基金N月配息(日圓)(本基金並無保證收益及配息且配息來源可能為本金),柏瑞投信,境內,ET003001/806,,389.0,-3.74,-3.93,-3.74,0.02,,,,,,,08/18,柏瑞特別股息收益基金N月配息日圓本基金並無保證收益及配息且配息來源可能為本金
柏瑞特別股息收益基金B月配息(日圓)(本基金並無保證收益及配息且配息來源可能為本金),柏瑞投信,境內,ET003001/806,,390.0,-3.78,-3.88,-3.78,0.02,,,,,,,08/18,柏瑞特別股息收益基金B月配息日圓本基金並無保證收益及配息且配息來源可能為本金
宏利特別股息收益基金-NB月配息(台幣)(本基金之配息來源可能為本金且無保證收益及配息),宏利投信,境內,ET003001/806,,391.0,-2.48,-2.3,-4.13,-0.97,5.87,-1.03,,,,,08/18,宏利特別股息收益基金NB月配息台幣本基金之配息來源可能為本金且無保證收益及配息
宏利特別股息收益基金-NB月配息(美元)(本基金之配息來源可能為本金且無保證收益及配息),宏利投信,境內,ET003001/806,,392.0,-1.73,-2.77,-4.21,-2.46,11.66,-1.83,,,,,08/18,宏利特別股息收益基金NB月配息美元本基金之配息來源可能為本金且無保證收益及配息
宏利特別股息收益基金-B月配息(美元)(本基金之配息來源可能為本金且無保證收益及配息),宏利投信,境內,ET003001/806,,393.0,-1.71,-2.73,-4.21,-2.43,11.68,-1.84,,,,,08/18,宏利特別股息收益基金B月配息美元本基金之配息來源可能為本金且無保證收益及配息
宏利特別股息收益基金-NA不配息(美元),宏利投信,境內,ET003001/806,,394.0,-1.75,-2.74,-4.22,-2.47,11.74,-1.84,,,,,08/18,宏利特別股息收益基金NA不配息美元
宏利特別股息收益基金-A不配息(台幣),宏利投信,境內,ET003001/806,,395.0,-2.39,-2.49,-4.23,-1.16,4.08,-5.29,,,,,08/18,宏利特別股息收益基金A不配息台幣
宏利特別股息收益基金-A不配息(美元),宏利投信,境內,ET003001/806,,396.0,-1.74,-2.67,-4.23,-2.5,11.64,-1.82,,,,,08/18,宏利特別股息收益基金A不配息美元
野村全球基礎建設大未來基金(人民幣),野村投信,境內,ET003001/806,,397.0,-1.66,-1.11,-4.24,6.24,39.82,,,,,,08/18,野村全球基礎建設大未來基金人民幣
野村全球基礎建設大未來基金-N類型(人民幣),野村投信,境內,ET003001/806,,398.0,-1.74,-1.11,-4.24,6.15,39.71,,,,,,08/18,野村全球基礎建設大未來基金N類型人民幣
宏利特別股息收益基金-B月配息(台幣)(本基金之配息來源可能為本金且無保證收益及配息),宏利投信,境內,ET003001/806,,399.0,-2.38,-2.61,-4.41,-1.16,3.92,-4.92,,,,,08/18,宏利特別股息收益基金B月配息台幣本基金之配息來源可能為本金且無保證收益及配息
群益全球特別股收益基金B月配型(台幣)(本基金之配息來源可能為本金),群益投信,境內,ET003001/806,,400.0,-2.61,-1.62,-4.46,-0.34,1.69,-8.9,,,,,08/18,群益全球特別股收益基金B月配型台幣本基金之配息來源可能為本金
群益全球特別股收益基金A累積型(台幣)(本基金之配息來源可能為本金),群益投信,境內,ET003001/806,,401.0,-2.71,-1.82,-4.55,-0.46,1.53,-8.99,,,,,08/18,群益全球特別股收益基金A累積型台幣本基金之配息來源可能為本金
群益全球特別股收益基金NA累積型(台幣)(本基金之配息來源可能為本金),群益投信,境內,ET003001/806,,402.0,-2.59,-1.74,-4.55,-0.33,1.58,-8.89,,,,,08/18,群益全球特別股收益基金NA累積型台幣本基金之配息來源可能為本金
柏瑞特別股息收益基金N月配息(南非幣)(本基金並無保證收益及配息且配息來源可能為本金),柏瑞投信,境內,ET003001/806,,403.0,-2.6,-3.31,-4.59,-2.79,13.05,,,,,,08/18,柏瑞特別股息收益基金N月配息南非幣本基金並無保證收益及配息且配息來源可能為本金
群益全球特別股收益基金NB月配型(台幣)(本基金之配息來源可能為本金),群益投信,境內,ET003001/806,,404.0,-2.67,-1.86,-4.64,-0.36,1.46,-8.97,,,,,08/18,群益全球特別股收益基金NB月配型台幣本基金之配息來源可能為本金
台新全球特別股收益基金A不配息(台幣),台新投信,境內,ET003001/806,,405.0,-3.56,-3.3,-4.66,2.17,2.46,2.17,,,,,08/18,台新全球特別股收益基金A不配息台幣
台新全球特別股收益基金B月配息(台幣)(本基金之配息來源可能為本金),台新投信,境內,ET003001/806,,406.0,-3.6,-3.3,-4.74,1.71,1.36,1.12,,,,,08/18,台新全球特別股收益基金B月配息台幣本基金之配息來源可能為本金
宏利特別股息收益基金-NA不配息(台幣),宏利投信,境內,ET003001/806,,407.0,-2.41,-3.4,-5.14,-1.87,4.27,4.06,,,,,08/18,宏利特別股息收益基金NA不配息台幣
宏利特別股息收益基金-B月配息(人民幣避險)(本基金之配息來源可能為本金且無保證收益及配息),宏利投信,境內,ET003001/806,,408.0,-1.93,-3.31,-5.2,-4.77,3.67,-11.31,,,,,08/18,宏利特別股息收益基金B月配息人民幣避險本基金之配息來源可能為本金且無保證收益及配息
宏利特別股息收益基金-A不配息(人民幣避險),宏利投信,境內,ET003001/806,,409.0,-1.91,-3.32,-5.28,-4.53,3.56,-10.71,,,,,08/18,宏利特別股息收益基金A不配息人民幣避險
富蘭克林華美特別股收益基金-NB分配型(南非幣)(本基金之配息來源可能為本金),富蘭克林華美投信,境內,ET003001/806,,410.0,-2.49,-3.93,-5.33,-3.52,10.81,6.58,,,,,08/18,富蘭克林華美特別股收益基金NB分配型南非幣本基金之配息來源可能為本金
富蘭克林華美特別股收益基金-B分配型(南非幣)(本基金之配息來源可能為本金),富蘭克林華美投信,境內,ET003001/806,,411.0,-2.49,-3.93,-5.33,-3.66,10.8,6.57,,,,,08/18,富蘭克林華美特別股收益基金B分配型南非幣本基金之配息來源可能為本金
宏利特別股息收益基金-NB月配息(人民幣避險)(本基金之配息來源可能為本金且無保證收益及配息),宏利投信,境內,ET003001/806,,412.0,-1.98,-3.38,-5.39,-4.71,2.07,-10.18,,,,,08/18,宏利特別股息收益基金NB月配息人民幣避險本基金之配息來源可能為本金且無保證收益及配息
群益全球特別股收益基金NB月配型(美元)(本基金之配息來源可能為本金),群益投信,境內,ET003001/806,,413.0,-1.78,-2.65,-5.39,-5.01,3.56,-13.31,,,,,08/18,群益全球特別股收益基金NB月配型美元本基金之配息來源可能為本金
群益全球特別股收益基金B月配型(美元)(本基金之配息來源可能為本金),群益投信,境內,ET003001/806,,414.0,-1.78,-2.65,-5.39,-5.01,3.56,-13.31,,,,,08/18,群益全球特別股收益基金B月配型美元本基金之配息來源可能為本金
群益全球特別股收益基金NA累積型(美元)(本基金之配息來源可能為本金),群益投信,境內,ET003001/806,,415.0,-1.78,-2.65,-5.39,-5.01,3.61,-13.24,,,,,08/18,群益全球特別股收益基金NA累積型美元本基金之配息來源可能為本金
群益全球特別股收益基金A累積型(美元)(本基金之配息來源可能為本金),群益投信,境內,ET003001/806,,416.0,-1.78,-2.65,-5.39,-5.01,3.56,-13.28,,,,,08/18,群益全球特別股收益基金A累積型美元本基金之配息來源可能為本金
永豐ESG全球數位基礎建設基金-N累積型(人民幣)(本基金配息來源可能為本金),永豐投信,境內,ET003001/806,,417.0,-1.95,-5.22,-5.41,5.0,16.56,,,,,,08/18,永豐ESG全球數位基礎建設基金N累積型人民幣本基金配息來源可能為本金
永豐ESG全球數位基礎建設基金-N月配型(人民幣)(本基金配息來源可能為本金),永豐投信,境內,ET003001/806,,418.0,-1.95,-5.23,-5.45,4.95,18.48,,,,,,08/18,永豐ESG全球數位基礎建設基金N月配型人民幣本基金配息來源可能為本金
永豐ESG全球數位基礎建設基金-累積型(人民幣)(本基金配息來源可能為本金),永豐投信,境內,ET003001/806,,419.0,-1.95,-5.23,-5.45,4.87,18.41,,,,,,08/18,永豐ESG全球數位基礎建設基金累積型人民幣本基金配息來源可能為本金
宏利特別股息收益基金-NA不配息(人民幣避險),宏利投信,境內,ET003001/806,,420.0,-2.01,-3.34,-5.47,-4.97,5.41,-1.83,,,,,08/18,宏利特別股息收益基金NA不配息人民幣避險
柏瑞特別股息收益基金IA不配息(台幣)(本基金並無保證收益及配息),柏瑞投信,境內,ET003001/806,,421.0,-3.45,-3.55,-5.59,-1.51,,,,,,,08/18,柏瑞特別股息收益基金IA不配息台幣本基金並無保證收益及配息
永豐ESG全球數位基礎建設基金-月配型(人民幣)(本基金配息來源可能為本金),永豐投信,境內,ET003001/806,,422.0,-1.95,-5.44,-5.66,4.73,18.25,,,,,,08/18,永豐ESG全球數位基礎建設基金月配型人民幣本基金配息來源可能為本金
匯豐全球關鍵資源基金,匯豐投信,境內,ET003001/806,,423.0,-4.33,-14.75,-5.67,36.41,42.03,56.45,106.42,,,,08/18,匯豐全球關鍵資源基金
匯豐全球關鍵資源基金N類型,匯豐投信,境內,ET003001/806,,424.0,-4.32,-14.74,-5.68,16.22,21.02,,,,,,08/18,匯豐全球關鍵資源基金N類型
柏瑞特別股息收益基金N月配息(澳幣)(本基金並無保證收益及配息且配息來源可能為本金),柏瑞投信,境內,ET003001/806,,425.0,-2.86,-3.72,-5.71,-4.4,6.46,-0.31,,,,,08/18,柏瑞特別股息收益基金N月配息澳幣本基金並無保證收益及配息且配息來源可能為本金
富蘭克林華美特別股收益基金-A累積型(台幣)(本基金之配息來源可能為本金),富蘭克林華美投信,境內,ET003001/806,,426.0,-3.15,-3.64,-5.72,-2.4,-0.7,-0.09,,,,,08/18,富蘭克林華美特別股收益基金A累積型台幣本基金之配息來源可能為本金
柏瑞特別股息收益基金IA不配息(美元)(本基金並無保證收益及配息),柏瑞投信,境內,ET003001/806,,427.0,-2.85,-3.86,-5.72,-3.5,,,,,,,08/18,柏瑞特別股息收益基金IA不配息美元本基金並無保證收益及配息
柏瑞特別股息收益基金B月配息(台幣)(本基金並無保證收益及配息且配息來源可能為本金),柏瑞投信,境內,ET003001/806,,428.0,-3.44,-3.49,-5.79,-1.89,3.31,2.07,,,,,08/18,柏瑞特別股息收益基金B月配息台幣本基金並無保證收益及配息且配息來源可能為本金
富蘭克林華美特別股收益基金-B分配型(台幣)(本基金之配息來源可能為本金),富蘭克林華美投信,境內,ET003001/806,,429.0,-3.16,-3.66,-5.79,-2.43,-0.64,-0.15,,,,,08/18,富蘭克林華美特別股收益基金B分配型台幣本基金之配息來源可能為本金
富蘭克林華美特別股收益基金-NB分配型(台幣)(本基金之配息來源可能為本金),富蘭克林華美投信,境內,ET003001/806,,430.0,-3.16,-3.66,-5.79,-2.43,-0.64,-0.15,,,,,08/18,富蘭克林華美特別股收益基金NB分配型台幣本基金之配息來源可能為本金
柏瑞特別股息收益基金N9不配息(台幣)(本基金並無保證收益及配息),柏瑞投信,境內,ET003001/806,,431.0,-3.52,-3.6,-5.81,-1.96,3.23,2.04,,,,,08/18,柏瑞特別股息收益基金N9不配息台幣本基金並無保證收益及配息
柏瑞特別股息收益基金N月配息(台幣)(本基金並無保證收益及配息且配息來源可能為本金),柏瑞投信,境內,ET003001/806,,432.0,-3.55,-3.6,-5.86,-1.87,3.25,2.03,,,,,08/18,柏瑞特別股息收益基金N月配息台幣本基金並無保證收益及配息且配息來源可能為本金
柏瑞特別股息收益基金B月配息(澳幣)(本基金並無保證收益及配息且配息來源可能為本金),柏瑞投信,境內,ET003001/806,,433.0,-2.87,-3.87,-5.87,-4.55,6.29,-0.46,,,,,08/18,柏瑞特別股息收益基金B月配息澳幣本基金並無保證收益及配息且配息來源可能為本金
柏瑞特別股息收益基金A不配息(台幣)(本基金並無保證收益及配息),柏瑞投信,境內,ET003001/806,,434.0,-3.6,-3.6,-5.88,-1.96,3.23,1.95,,,,,08/18,柏瑞特別股息收益基金A不配息台幣本基金並無保證收益及配息
柏瑞特別股息收益基金A不配息(美元)(本基金並無保證收益及配息),柏瑞投信,境內,ET003001/806,,435.0,-2.85,-3.96,-5.9,-3.89,8.06,2.27,,,,,08/18,柏瑞特別股息收益基金A不配息美元本基金並無保證收益及配息
柏瑞特別股息收益基金N9不配息(美元)(本基金並無保證收益及配息),柏瑞投信,境內,ET003001/806,,436.0,-2.91,-3.97,-5.94,-3.89,8.05,2.24,,,,,08/18,柏瑞特別股息收益基金N9不配息美元本基金並無保證收益及配息
柏瑞特別股息收益基金B月配息(美元)(本基金並無保證收益及配息且配息來源可能為本金),柏瑞投信,境內,ET003001/806,,437.0,-2.93,-4.04,-6.0,-3.94,8.06,2.19,,,,,08/18,柏瑞特別股息收益基金B月配息美元本基金並無保證收益及配息且配息來源可能為本金
柏瑞特別股息收益基金N月配息(美元)(本基金並無保證收益及配息且配息來源可能為本金),柏瑞投信,境內,ET003001/806,,438.0,-3.0,-4.13,-6.01,-4.03,7.94,2.11,,,,,08/18,柏瑞特別股息收益基金N月配息美元本基金並無保證收益及配息且配息來源可能為本金
富蘭克林華美特別股收益基金-B分配型(美元)(本基金之配息來源可能為本金),富蘭克林華美投信,境內,ET003001/806,,439.0,-2.39,-4.09,-6.04,-5.05,4.39,-7.59,,,,,08/18,富蘭克林華美特別股收益基金B分配型美元本基金之配息來源可能為本金
富蘭克林華美特別股收益基金-A累積型(美元)(本基金之配息來源可能為本金),富蘭克林華美投信,境內,ET003001/806,,440.0,-2.39,-4.08,-6.04,-4.99,4.44,-7.61,,,,,08/18,富蘭克林華美特別股收益基金A累積型美元本基金之配息來源可能為本金
富蘭克林華美特別股收益基金-NB分配型(美元)(本基金之配息來源可能為本金),富蘭克林華美投信,境內,ET003001/806,,441.0,-2.54,-4.22,-6.04,-5.05,4.39,-7.6,,,,,08/18,富蘭克林華美特別股收益基金NB分配型美元本基金之配息來源可能為本金
台新全球特別股收益基金A不配息(美元),台新投信,境內,ET003001/806,,442.0,-2.5,-4.53,-6.07,-4.01,2.23,-10.99,,,,,08/18,台新全球特別股收益基金A不配息美元
柏瑞特別股息收益基金N月配息(人民幣)(本基金並無保證收益及配息且配息來源可能為本金),柏瑞投信,境內,ET003001/806,,443.0,-3.06,-4.66,-7.21,-6.77,0.44,-4.96,,,,,08/18,柏瑞特別股息收益基金N月配息人民幣本基金並無保證收益及配息且配息來源可能為本金
柏瑞特別股息收益基金A不配息(人民幣)(本基金並無保證收益及配息),柏瑞投信,境內,ET003001/806,,444.0,-3.06,-4.63,-7.21,-6.79,0.41,-4.93,,,,,08/18,柏瑞特別股息收益基金A不配息人民幣本基金並無保證收益及配息
柏瑞特別股息收益基金N9不配息(人民幣)(本基金並無保證收益及配息),柏瑞投信,境內,ET003001/806,,445.0,-3.06,-4.59,-7.24,-6.81,0.42,-4.97,,,,,08/18,柏瑞特別股息收益基金N9不配息人民幣本基金並無保證收益及配息
柏瑞特別股息收益基金B月配息(人民幣)(本基金並無保證收益及配息且配息來源可能為本金),柏瑞投信,境內,ET003001/806,,446.0,-3.11,-4.65,-7.26,-6.83,0.45,-4.94,,,,,08/18,柏瑞特別股息收益基金B月配息人民幣本基金並無保證收益及配息且配息來源可能為本金
群益全球特別股收益基金A累積型(人民幣)(本基金之配息來源可能為本金),群益投信,境內,ET003001/806,,447.0,-2.26,-3.49,-7.61,-10.8,-6.44,-19.23,,,,,08/18,群益全球特別股收益基金A累積型人民幣本基金之配息來源可能為本金
群益全球特別股收益基金NB月配型(人民幣)(本基金之配息來源可能為本金),群益投信,境內,ET003001/806,,448.0,-2.26,-3.49,-7.61,-10.8,-6.44,-19.27,,,,,08/18,群益全球特別股收益基金NB月配型人民幣本基金之配息來源可能為本金
群益全球特別股收益基金NA累積型(人民幣)(本基金之配息來源可能為本金),群益投信,境內,ET003001/806,,449.0,-2.26,-3.49,-7.61,-10.8,-6.43,-19.23,,,,,08/18,群益全球特別股收益基金NA累積型人民幣本基金之配息來源可能為本金
群益全球特別股收益基金B月配型(人民幣)(本基金之配息來源可能為本金),群益投信,境內,ET003001/806,,450.0,-2.26,-3.49,-7.61,-10.8,-6.44,-19.26,,,,,08/18,群益全球特別股收益基金B月配型人民幣本基金之配息來源可能為本金
富蘭克林華美特別股收益基金-B分配型(人民幣)(本基金之配息來源可能為本金),富蘭克林華美投信,境內,ET003001/806,,451.0,-2.87,-4.83,-7.79,-9.21,-4.12,-14.92,,,,,08/18,富蘭克林華美特別股收益基金B分配型人民幣本基金之配息來源可能為本金
富蘭克林華美特別股收益基金-NB分配型(人民幣)(本基金之配息來源可能為本金),富蘭克林華美投信,境內,ET003001/806,,452.0,-2.87,-4.83,-7.79,-9.21,-4.12,-14.92,,,,,08/18,富蘭克林華美特別股收益基金NB分配型人民幣本基金之配息來源可能為本金
第一金全球Fitness健康瘦身基金(台幣),第一金投信,境內,ET003001/806,,453.0,-1.71,2.03,-8.22,-8.22,-9.46,-32.09,,,,,08/18,第一金全球Fitness健康瘦身基金台幣
第一金全球Fitness健康瘦身基金N類型(台幣),第一金投信,境內,ET003001/806,,454.0,-1.83,2.03,-8.23,-8.23,-9.57,-32.12,,,,,08/18,第一金全球Fitness健康瘦身基金N類型台幣
第一金全球Fitness健康瘦身基金N類型(美元),第一金投信,境內,ET003001/806,,455.0,-0.67,0.78,-9.42,-13.64,-9.45,-40.79,,,,,08/18,第一金全球Fitness健康瘦身基金N類型美元
第一金全球Fitness健康瘦身基金(美元),第一金投信,境內,ET003001/806,,456.0,-0.68,0.78,-9.43,-13.65,-9.46,-40.8,,,,,08/18,第一金全球Fitness健康瘦身基金美元
路博邁5G股票基金T累積型(日圓),路博邁投信,境內,ET003001/806,,457.0,,,,,,,,,,,08/18,路博邁5G股票基金T累積型日圓
路博邁5G股票基金N累積型(日圓),路博邁投信,境內,ET003001/806,,458.0,,,,,,,,,,,08/18,路博邁5G股票基金N累積型日圓
台新全球AI電力基金-A不配息(台幣),台新投信,境內,ET003001/806,,459.0,,,,,,,,,,,08/19,台新全球AI電力基金A不配息台幣
台新全球AI電力基金-NA不配息(台幣),台新投信,境內,ET003001/806,,460.0,,,,,,,,,,,08/19,台新全球AI電力基金NA不配息台幣
台新全球AI電力基金-A不配息(美元),台新投信,境內,ET003001/806,,461.0,,,,,,,,,,,08/19,台新全球AI電力基金A不配息美元
台新全球AI電力基金-NA不配息(美元),台新投信,境內,ET003001/806,,462.0,,,,,,,,,,,08/19,台新全球AI電力基金NA不配息美元
富蘭克林華美特別股收益基金-IA累積型(台幣)(本基金之配息來源可能為本金),富蘭克林華美投信,境內,ET003001/806,,463.0,,,,,,,,,,,08/18,富蘭克林華美特別股收益基金IA累積型台幣本基金之配息來源可能為本金
富蘭克林華美特別股收益基金-IA累積型(美元)(本基金之配息來源可能為本金),富蘭克林華美投信,境內,ET003001/806,,464.0,,,,,,,,,,,08/18,富蘭克林華美特別股收益基金IA累積型美元本基金之配息來源可能為本金
富蘭克林華美全球醫療保健基金(人民幣),富蘭克林華美投信,境內,ET003001/806,,465.0,2.78,,,21.36,,,,,,,08/18,富蘭克林華美全球醫療保健基金人民幣
富蘭克林華美全球醫療保健基金-N類型(人民幣),富蘭克林華美投信,境內,ET003001/806,,466.0,,,,,,,,,,,08/18,富蘭克林華美全球醫療保健基金N類型人民幣
富蘭克林華美全球醫療保健基金(南非幣),富蘭克林華美投信,境內,ET003001/806,,467.0,,,,,,,,,,,08/18,富蘭克林華美全球醫療保健基金南非幣
富蘭克林華美全球醫療保健基金-N類型(南非幣),富蘭克林華美投信,境內,ET003001/806,,468.0,,,,,,,,,,,08/18,富蘭克林華美全球醫療保健基金N類型南非幣
兆豐全球基金-TISA類型,兆豐投信,境內,ET003001/806,,469.0,,,,,,,,,,,08/18,兆豐全球基金TISA類型
復華全球消費基金(美元),復華投信,境內,ET003001/806,,470.0,,,,,,,,,,,08/18,復華全球消費基金美元
國泰全球基礎建設基金-B配息(台幣)(基金之配息來源可能為本金),國泰投信,境內,ET003001/806,,471.0,,,,,,,,,,,08/18,國泰全球基礎建設基金B配息台幣基金之配息來源可能為本金
國泰全球基礎建設基金-NB配息(台幣)(基金之配息來源可能為本金),國泰投信,境內,ET003001/806,,472.0,,,,,,,,,,,08/18,國泰全球基礎建設基金NB配息台幣基金之配息來源可能為本金
國泰全球基礎建設基金-B配息(美元)(基金之配息來源可能為本金),國泰投信,境內,ET003001/806,,473.0,,,,,,,,,,,08/18,國泰全球基礎建設基金B配息美元基金之配息來源可能為本金
國泰全球基礎建設基金-NB配息(美元)(基金之配息來源可能為本金),國泰投信,境內,ET003001/806,,474.0,,,,,,,,,,,08/18,國泰全球基礎建設基金NB配息美元基金之配息來源可能為本金
安聯全球綠能趨勢基金-C累積型(台幣),安聯投信,境內,ET003001/806,,475.0,,,,,,,,,,,08/18,安聯全球綠能趨勢基金C累積型台幣
安聯全球綠能趨勢基金-C累積型(美元),安聯投信,境內,ET003001/806,,476.0,,,,,,,,,,,08/18,安聯全球綠能趨勢基金C累積型美元
群益全球特別股收益基金I累積型(台幣)(本基金之配息來源可能為本金),群益投信,境內,ET003001/806,,477.0,,,,,,,,,,,08/18,群益全球特別股收益基金I累積型台幣本基金之配息來源可能為本金
柏瑞特別股息收益基金B月配息(南非幣)(本基金並無保證收益及配息且配息來源可能為本金),柏瑞投信,境內,ET003001/806,,478.0,,,,,,,,,,,08/18,柏瑞特別股息收益基金B月配息南非幣本基金並無保證收益及配息且配息來源可能為本金
柏瑞ESG量化全球股票收益基金A不配息(南非幣),柏瑞投信,境內,ET003001/806,,479.0,,,,,,,,,,,08/18,柏瑞ESG量化全球股票收益基金A不配息南非幣
柏瑞ESG量化全球股票收益基金A不配息(澳幣),柏瑞投信,境內,ET003001/806,,480.0,,,,,,,,,,,08/18,柏瑞ESG量化全球股票收益基金A不配息澳幣
柏瑞ESG量化全球股票收益基金B月配息(南非幣)(本基金配息來源可能為本金),柏瑞投信,境內,ET003001/806,,481.0,,,,,,,,,,,08/18,柏瑞ESG量化全球股票收益基金B月配息南非幣本基金配息來源可能為本金
柏瑞ESG量化全球股票收益基金N9不配息(南非幣),柏瑞投信,境內,ET003001/806,,482.0,,,,,,,,,,,08/18,柏瑞ESG量化全球股票收益基金N9不配息南非幣
柏瑞ESG量化全球股票收益基金B月配息(澳幣)(本基金配息來源可能為本金),柏瑞投信,境內,ET003001/806,,483.0,,,,,,,,,,,08/18,柏瑞ESG量化全球股票收益基金B月配息澳幣本基金配息來源可能為本金
柏瑞ESG量化全球股票收益基金N月配息(台幣)(本基金配息來源可能為本金),柏瑞投信,境內,ET003001/806,,484.0,,,,,,,,,,,08/18,柏瑞ESG量化全球股票收益基金N月配息台幣本基金配息來源可能為本金
柏瑞ESG量化全球股票收益基金N月配息(人民幣)(本基金配息來源可能為本金),柏瑞投信,境內,ET003001/806,,485.0,,,,,,,,,,,08/18,柏瑞ESG量化全球股票收益基金N月配息人民幣本基金配息來源可能為本金
柏瑞ESG量化全球股票收益基金N月配息(南非幣)(本基金配息來源可能為本金),柏瑞投信,境內,ET003001/806,,486.0,,,,,,,,,,,08/18,柏瑞ESG量化全球股票收益基金N月配息南非幣本基金配息來源可能為本金
柏瑞ESG量化全球股票收益基金N月配息(美元)(本基金配息來源可能為本金),柏瑞投信,境內,ET003001/806,,487.0,,,,,,,,,,,08/18,柏瑞ESG量化全球股票收益基金N月配息美元本基金配息來源可能為本金
柏瑞ESG量化全球股票收益基金N月配息(澳幣)(本基金配息來源可能為本金),柏瑞投信,境內,ET003001/806,,488.0,,,,,,,,,,,08/18,柏瑞ESG量化全球股票收益基金N月配息澳幣本基金配息來源可能為本金
柏瑞ESG減碳全球股票基金I不配息(台幣),柏瑞投信,境內,ET003001/806,,489.0,,,,,,,,,,,08/18,柏瑞ESG減碳全球股票基金I不配息台幣
柏瑞ESG減碳全球股票基金A不配息(澳幣),柏瑞投信,境內,ET003001/806,,490.0,,,,,,,,,,,08/18,柏瑞ESG減碳全球股票基金A不配息澳幣
柏瑞ESG減碳全球股票基金N9不配息(澳幣),柏瑞投信,境內,ET003001/806,,491.0,,,,,,,,,,,08/18,柏瑞ESG減碳全球股票基金N9不配息澳幣
柏瑞ESG量化全球股票收益基金N9不配息(澳幣),柏瑞投信,境內,ET003001/806,,492.0,,,,,,,,,,,08/18,柏瑞ESG量化全球股票收益基金N9不配息澳幣
柏瑞ESG量化全球股票收益基金I不配息(美元),柏瑞投信,境內,ET003001/806,,493.0,,,,,,,,,,,08/18,柏瑞ESG量化全球股票收益基金I不配息美元
柏瑞ESG減碳全球股票基金A不配息(南非幣),柏瑞投信,境內,ET003001/806,,494.0,,,,,,,,,,,08/18,柏瑞ESG減碳全球股票基金A不配息南非幣
柏瑞ESG減碳全球股票基金N9不配息(南非幣),柏瑞投信,境內,ET003001/806,,495.0,,,,,,,,,,,08/18,柏瑞ESG減碳全球股票基金N9不配息南非幣
元大大中華TMT基金(台幣),元大投信,境內,ET003002/806,,1.0,16.31,12.56,69.17,144.09,275.2,173.37,274.45,,,,08/18,元大大中華TMT基金台幣
瀚亞亞洲科技資本家股票基金B配息(台幣)(本基金配息來源可能為本金),瀚亞投信,境內,ET003002/806,,2.0,4.36,4.08,68.92,149.78,,,,,,,08/18,瀚亞亞洲科技資本家股票基金B配息台幣本基金配息來源可能為本金
瀚亞亞洲科技資本家股票基金S配息(台幣)(本基金配息來源可能為本金),瀚亞投信,境內,ET003002/806,,3.0,4.34,4.04,68.83,134.32,,,,,,,08/18,瀚亞亞洲科技資本家股票基金S配息台幣本基金配息來源可能為本金
瀚亞亞洲科技資本家股票基金A不配息(台幣),瀚亞投信,境內,ET003002/806,,4.0,4.36,4.04,68.54,162.54,,,,,,,08/18,瀚亞亞洲科技資本家股票基金A不配息台幣
瀚亞亞洲科技資本家股票基金SA不配息(台幣),瀚亞投信,境內,ET003002/806,,5.0,4.36,4.04,68.54,162.79,,,,,,,08/18,瀚亞亞洲科技資本家股票基金SA不配息台幣
瀚亞亞洲科技資本家股票基金B配息(美元)(本基金配息來源可能為本金),瀚亞投信,境內,ET003002/806,,6.0,5.37,2.76,66.45,66.45,,,,,,,08/18,瀚亞亞洲科技資本家股票基金B配息美元本基金配息來源可能為本金
瀚亞亞洲科技資本家股票基金A不配息(美元),瀚亞投信,境內,ET003002/806,,7.0,5.37,2.75,66.1,147.19,,,,,,,08/18,瀚亞亞洲科技資本家股票基金A不配息美元
瀚亞亞洲科技資本家股票基金SA不配息(美元),瀚亞投信,境內,ET003002/806,,8.0,5.37,2.75,66.1,147.19,,,,,,,08/18,瀚亞亞洲科技資本家股票基金SA不配息美元
元大大中華TMT基金(人民幣),元大投信,境內,ET003002/806,,9.0,17.01,10.26,62.82,115.5,246.64,147.88,275.09,,,,08/18,元大大中華TMT基金人民幣
瀚亞亞洲科技資本家股票基金A不配息(人民幣),瀚亞投信,境內,ET003002/806,,10.0,4.95,1.94,62.25,131.92,,,,,,,08/18,瀚亞亞洲科技資本家股票基金A不配息人民幣
瀚亞亞洲科技資本家股票基金SA不配息(人民幣),瀚亞投信,境內,ET003002/806,,11.0,4.91,1.9,62.25,132.13,,,,,,,08/18,瀚亞亞洲科技資本家股票基金SA不配息人民幣
統一大龍印基金,統一投信,境內,ET003002/806,,12.0,17.1,0.07,61.14,137.71,238.3,269.18,432.25,,,,08/18,統一大龍印基金
復華大中華中小策略基金,復華投信,境內,ET003002/806,,13.0,11.55,3.7,60.75,129.95,163.92,30.76,140.07,,,,08/18,復華大中華中小策略基金
統一強漢基金(台幣),統一投信,境內,ET003002/806,,14.0,7.9,5.13,58.58,93.45,159.21,155.05,576.2,,,,08/18,統一強漢基金台幣
統一新亞洲科技能源基金,統一投信,境內,ET003002/806,,15.0,3.86,0.56,58.58,144.47,328.94,302.7,745.05,,,,08/18,統一新亞洲科技能源基金
瀚亞亞洲科技資本家股票基金B配息(人民幣)(本基金配息來源可能為本金),瀚亞投信,境內,ET003002/806,,16.0,4.93,1.92,57.02,57.02,,,,,,,08/18,瀚亞亞洲科技資本家股票基金B配息人民幣本基金配息來源可能為本金
統一強漢基金(美元),統一投信,境內,ET003002/806,,17.0,9.04,3.79,56.26,81.97,159.15,122.2,,,,,08/18,統一強漢基金美元
統一強漢基金(人民幣),統一投信,境內,ET003002/806,,18.0,8.51,2.96,52.43,70.92,139.5,131.29,,,,,08/18,統一強漢基金人民幣
復華亞太神龍科技基金(台幣),復華投信,境內,ET003002/806,,19.0,2.28,-2.05,48.95,127.61,265.96,166.37,,,,,08/18,復華亞太神龍科技基金台幣
統一亞太基金,統一投信,境內,ET003002/806,,20.0,2.4,0.76,47.65,114.65,173.41,157.17,309.88,,,,08/18,統一亞太基金
復華亞太神龍科技基金(美元),復華投信,境內,ET003002/806,,21.0,3.32,-3.3,46.73,114.15,266.05,132.32,,,,,08/18,復華亞太神龍科技基金美元
統一大中華中小基金(台幣),統一投信,境內,ET003002/806,,22.0,11.06,-0.64,43.9,105.59,249.03,195.41,376.89,,,,08/18,統一大中華中小基金台幣
摩根東方科技基金-數位型,摩根投信,境內,ET003002/806,,23.0,5.82,12.52,42.15,84.23,155.28,,,,,,08/18,摩根東方科技基金數位型
統一大中華中小基金(美元),統一投信,境內,ET003002/806,,24.0,12.24,-1.9,41.76,93.31,248.96,157.31,,,,,08/18,統一大中華中小基金美元
摩根東方科技基金-累積型,摩根投信,境內,ET003002/806,,25.0,5.71,12.21,41.4,82.31,147.67,80.31,258.27,,,,08/18,摩根東方科技基金累積型
第一金亞洲科技基金,第一金投信,境內,ET003002/806,,26.0,3.67,5.0,41.38,121.65,228.6,209.52,452.88,,,,08/18,第一金亞洲科技基金
復華亞太成長基金,復華投信,境內,ET003002/806,,27.0,-5.08,-6.18,40.65,124.11,169.39,88.83,315.68,,,,08/18,復華亞太成長基金
凱基台商天下基金,凱基投信,境內,ET003002/806,,28.0,3.41,-1.36,38.55,119.06,207.69,167.94,432.87,,,,08/18,凱基台商天下基金
統一大中華中小基金(人民幣),統一投信,境內,ET003002/806,,29.0,11.7,-2.67,38.37,81.64,222.52,168.0,,,,,08/18,統一大中華中小基金人民幣
野村中國機會基金(台幣),野村投信,境內,ET003002/806,,30.0,5.4,13.12,33.84,58.21,75.02,5.7,99.37,,,,08/18,野村中國機會基金台幣
國泰新興市場基金(台幣),國泰投信,境內,ET003002/806,,31.0,4.34,4.73,33.24,71.65,134.41,138.75,191.86,,,,08/18,國泰新興市場基金台幣
國泰中國新興戰略基金(台幣),國泰投信,境內,ET003002/806,,32.0,3.44,4.01,33.0,73.73,126.61,28.01,115.87,,,,08/18,國泰中國新興戰略基金台幣
野村中國機會基金(美元),野村投信,境內,ET003002/806,,33.0,6.57,11.76,31.9,49.01,75.21,-7.91,,,,,08/18,野村中國機會基金美元
國泰新興市場基金(美元),國泰投信,境內,ET003002/806,,34.0,5.46,3.44,31.44,61.49,134.46,108.12,,,,,08/18,國泰新興市場基金美元
統一大龍騰中國基金(台幣),統一投信,境內,ET003002/806,,35.0,5.77,-4.73,31.26,71.63,87.12,19.49,126.52,,,,08/18,統一大龍騰中國基金台幣
國泰中國新興戰略基金(美元),國泰投信,境內,ET003002/806,,36.0,4.55,2.72,31.25,63.44,126.64,11.57,112.29,,,,08/18,國泰中國新興戰略基金美元
國泰中港台基金(台幣),國泰投信,境內,ET003002/806,,37.0,0.77,3.45,30.01,85.4,76.96,0.27,38.17,,,,08/18,國泰中港台基金台幣
統一亞洲大金磚基金,統一投信,境內,ET003002/806,,38.0,3.22,0.08,29.5,73.92,105.18,111.41,222.29,,,,08/18,統一亞洲大金磚基金
統一大龍騰中國基金(美元),統一投信,境內,ET003002/806,,39.0,6.85,-5.93,29.28,61.55,87.12,4.1,,,,,08/18,統一大龍騰中國基金美元
野村中國機會基金(人民幣),野村投信,境內,ET003002/806,,40.0,6.0,10.74,28.68,39.9,61.87,-4.1,,,,,08/18,野村中國機會基金人民幣
國泰中國新興戰略基金(人民幣),國泰投信,境內,ET003002/806,,41.0,4.07,1.92,28.3,53.41,109.25,16.06,,,,,08/18,國泰中國新興戰略基金人民幣
國泰中港台基金(美元),國泰投信,境內,ET003002/806,,42.0,1.88,2.13,28.28,74.45,76.98,-12.61,35.86,,,,08/18,國泰中港台基金美元
瀚亞亞洲科技資本家股票基金S配息(美元)(本基金配息來源可能為本金),瀚亞投信,境內,ET003002/806,,43.0,5.35,-3.75,28.27,28.27,,,,,,,08/18,瀚亞亞洲科技資本家股票基金S配息美元本基金配息來源可能為本金
玉山中國品牌基金-N累積型(台幣),玉山投信,境內,ET003002/806,,44.0,3.31,5.98,28.05,66.48,64.36,-4.24,,,,,08/18,玉山中國品牌基金N累積型台幣
玉山中國品牌基金-累積型(台幣),玉山投信,境內,ET003002/806,,45.0,3.34,6.0,28.03,66.44,64.39,-4.36,87.54,,,,08/18,玉山中國品牌基金累積型台幣
國泰亞洲成長基金(台幣),國泰投信,境內,ET003002/806,,46.0,3.81,-1.38,27.16,88.28,129.86,74.71,157.7,,,,08/18,國泰亞洲成長基金台幣
玉山中國品牌基金-N累積型(美元),玉山投信,境內,ET003002/806,,47.0,4.67,4.94,26.56,57.01,64.81,,,,,,08/18,玉山中國品牌基金N累積型美元
統一大龍騰中國基金(人民幣),統一投信,境內,ET003002/806,,48.0,6.36,-6.68,26.18,51.71,72.94,8.34,,,,,08/18,統一大龍騰中國基金人民幣
玉山中國品牌基金-累積型(美元),玉山投信,境內,ET003002/806,,49.0,4.65,4.65,26.13,56.45,64.24,-16.73,64.05,,,,08/18,玉山中國品牌基金累積型美元
元大新興亞洲基金,元大投信,境內,ET003002/806,,50.0,-1.87,-0.77,25.75,84.82,143.28,90.3,164.03,,,,08/18,元大新興亞洲基金
國泰亞洲成長基金(美元),國泰投信,境內,ET003002/806,,51.0,4.92,-2.6,25.43,77.06,129.77,52.3,153.29,,,,08/18,國泰亞洲成長基金美元
國泰中港台基金(人民幣),國泰投信,境內,ET003002/806,,52.0,1.41,1.33,25.38,63.73,63.37,-9.11,,,,,08/18,國泰中港台基金人民幣
國泰亞洲成長基金(澳幣),國泰投信,境內,ET003002/806,,53.0,3.39,-1.5,25.18,62.17,107.7,,,,,,08/18,國泰亞洲成長基金澳幣
群益大中華雙力優勢基金(台幣),群益投信,境內,ET003002/806,,54.0,4.23,1.69,25.1,68.85,103.28,49.87,173.63,,,,08/18,群益大中華雙力優勢基金台幣
富邦中國戰略A股基金(台幣),富邦投信,境內,ET003002/806,,55.0,5.58,0.06,24.16,75.45,90.5,14.99,,,,,08/18,富邦中國戰略A股基金台幣
凱基新興市場中小基金(台幣),凱基投信,境內,ET003002/806,,56.0,8.01,-1.44,24.05,76.97,136.17,101.25,200.8,,,,08/18,凱基新興市場中小基金台幣
群益華夏盛世基金N類型(台幣),群益投信,境內,ET003002/806,,57.0,6.78,7.28,23.99,54.92,61.99,-10.59,,,,,08/18,群益華夏盛世基金N類型台幣
群益華夏盛世基金(台幣),群益投信,境內,ET003002/806,,58.0,6.71,7.23,23.89,54.94,62.0,-10.61,79.44,,,,08/18,群益華夏盛世基金台幣
台新中國成長基金(台幣),台新投信,境內,ET003002/806,,59.0,2.58,-1.13,23.8,53.87,46.89,-18.32,-8.58,,,,08/18,台新中國成長基金台幣
群益大中華雙力優勢基金(美元),群益投信,境內,ET003002/806,,60.0,5.35,0.41,23.42,58.87,103.33,30.65,169.11,,,,08/18,群益大中華雙力優勢基金美元
路博邁台日雙星股票基金T月配型(日圓)(本基金配息來源可能為本金),路博邁投信,境內,ET003002/806,,61.0,4.29,0.45,23.39,61.5,,,,,,,08/18,路博邁台日雙星股票基金T月配型日圓本基金配息來源可能為本金
路博邁台日雙星股票基金N累積型(日圓)(本基金配息來源可能為本金),路博邁投信,境內,ET003002/806,,62.0,4.3,0.47,23.38,61.43,,,,,,,08/18,路博邁台日雙星股票基金N累積型日圓本基金配息來源可能為本金
路博邁台日雙星股票基金T累積型(日圓)(本基金配息來源可能為本金),路博邁投信,境內,ET003002/806,,63.0,4.29,0.47,23.37,61.51,,,,,,,08/18,路博邁台日雙星股票基金T累積型日圓本基金配息來源可能為本金
玉山中國品牌基金-累積型(人民幣),玉山投信,境內,ET003002/806,,64.0,4.22,3.85,23.35,46.83,51.88,-13.32,67.01,,,,08/18,玉山中國品牌基金累積型人民幣
路博邁台日雙星股票基金N月配型(日圓)(本基金配息來源可能為本金),路博邁投信,境內,ET003002/806,,65.0,4.3,0.45,23.32,61.42,,,,,,,08/18,路博邁台日雙星股票基金N月配型日圓本基金配息來源可能為本金
玉山中國品牌基金-N累積型(人民幣),玉山投信,境內,ET003002/806,,66.0,4.13,3.73,23.24,46.81,51.79,-13.43,,,,,08/18,玉山中國品牌基金N累積型人民幣
國泰中國內需增長基金(台幣),國泰投信,境內,ET003002/806,,67.0,4.94,3.47,23.22,74.89,117.22,14.98,154.98,,,,08/18,國泰中國內需增長基金台幣
國泰亞洲成長基金(人民幣),國泰投信,境內,ET003002/806,,68.0,4.45,-3.36,22.63,66.21,112.18,,,,,,08/18,國泰亞洲成長基金人民幣
富邦中國戰略A股基金(美元),富邦投信,境內,ET003002/806,,69.0,6.72,-1.14,22.42,65.18,90.45,0.26,,,,,08/18,富邦中國戰略A股基金美元
群益華夏盛世基金(美元),群益投信,境內,ET003002/806,,70.0,7.88,5.89,22.26,45.78,61.95,-22.1,76.46,,,,08/18,群益華夏盛世基金美元
群益華夏盛世基金N類型(美元),群益投信,境內,ET003002/806,,71.0,7.88,5.89,22.26,45.78,61.95,-22.1,,,,,08/18,群益華夏盛世基金N類型美元
凱基新興市場中小基金(美元),凱基投信,境內,ET003002/806,,72.0,9.17,-2.66,22.24,66.53,136.22,75.42,,,,,08/18,凱基新興市場中小基金美元
台新中國精選中小基金(台幣),台新投信,境內,ET003002/806,,73.0,6.71,-3.42,22.16,59.39,71.0,-10.18,50.0,,,,08/18,台新中國精選中小基金台幣
國泰中國內需增長基金-I類型(美元),國泰投信,境內,ET003002/806,,74.0,6.13,2.4,22.14,65.96,119.1,-7.26,147.66,,,,08/18,國泰中國內需增長基金I類型美元
安聯中華新思路基金(台幣),安聯投信,境內,ET003002/806,,75.0,7.7,3.56,22.1,61.35,103.49,39.61,268.57,,,,08/18,安聯中華新思路基金台幣
台新中國成長基金(美元),台新投信,境內,ET003002/806,,76.0,3.8,-2.31,21.87,44.79,46.79,-28.76,,,,,08/18,台新中國成長基金美元
國泰中國內需增長基金(美元),國泰投信,境內,ET003002/806,,77.0,6.04,2.16,21.58,64.49,117.17,0.19,150.76,,,,08/18,國泰中國內需增長基金美元
柏瑞亞洲亮點股票基金A不配息(台幣),柏瑞投信,境內,ET003002/806,,78.0,8.51,5.07,21.13,39.55,55.64,48.4,135.33,,,,08/18,柏瑞亞洲亮點股票基金A不配息台幣
安聯中國策略基金(台幣),安聯投信,境內,ET003002/806,,79.0,5.37,5.8,20.75,58.87,62.61,2.63,142.16,,,,08/18,安聯中國策略基金台幣
群益大中華雙力優勢基金(人民幣),群益投信,境內,ET003002/806,,80.0,4.84,-0.46,20.53,49.18,87.71,35.93,173.58,,,,08/18,群益大中華雙力優勢基金人民幣
安聯中華新思路基金(美元),安聯投信,境內,ET003002/806,,81.0,8.85,2.24,20.44,51.81,103.45,21.68,262.86,,,,08/18,安聯中華新思路基金美元
台新中國精選中小基金(美元),台新投信,境內,ET003002/806,,82.0,7.85,-4.75,20.39,49.69,70.41,-22.16,,,,,08/18,台新中國精選中小基金美元
路博邁台日雙星股票基金T累積型(台幣)(本基金配息來源可能為本金),路博邁投信,境內,ET003002/806,,83.0,4.98,1.24,19.72,59.12,,,,,,,08/18,路博邁台日雙星股票基金T累積型台幣本基金配息來源可能為本金
路博邁台日雙星股票基金T月配型(台幣)(本基金配息來源可能為本金),路博邁投信,境內,ET003002/806,,84.0,5.0,1.2,19.66,59.07,,,,,,,08/18,路博邁台日雙星股票基金T月配型台幣本基金配息來源可能為本金
路博邁台日雙星股票基金N累積型(台幣)(本基金配息來源可能為本金),路博邁投信,境內,ET003002/806,,85.0,4.98,1.19,19.66,59.03,,,,,,,08/18,路博邁台日雙星股票基金N累積型台幣本基金配息來源可能為本金
路博邁台日雙星股票基金N月配型(台幣)(本基金配息來源可能為本金),路博邁投信,境內,ET003002/806,,86.0,5.0,1.2,19.59,58.98,,,,,,,08/18,路博邁台日雙星股票基金N月配型台幣本基金配息來源可能為本金
統一大東協高股息基金(台幣)(本基金並無保證收益及配息),統一投信,境內,ET003002/806,,87.0,1.84,1.0,19.56,61.26,86.47,103.76,,,,,08/18,統一大東協高股息基金台幣本基金並無保證收益及配息
富邦中國戰略A股基金(人民幣),富邦投信,境內,ET003002/806,,88.0,6.23,-2.02,19.52,55.13,75.88,4.36,,,,,08/18,富邦中國戰略A股基金人民幣
柏瑞亞洲亮點股票基金A不配息(美元),柏瑞投信,境內,ET003002/806,,89.0,9.66,3.67,19.44,,,,,,,,08/18,柏瑞亞洲亮點股票基金A不配息美元
野村亞太高股息基金-季配型(台幣)(本基金之配息來源可能為本金且並無保證收益及配息),野村投信,境內,ET003002/806,,90.0,8.83,-1.87,19.4,71.6,85.71,65.44,122.7,,,,08/18,野村亞太高股息基金季配型台幣本基金之配息來源可能為本金且並無保證收益及配息
群益華夏盛世基金(人民幣),群益投信,境內,ET003002/806,,91.0,7.36,4.97,19.4,36.9,49.53,-18.94,79.39,,,,08/18,群益華夏盛世基金人民幣
群益華夏盛世基金N類型(人民幣),群益投信,境內,ET003002/806,,92.0,7.36,4.97,19.4,36.9,49.53,-18.94,,,,,08/18,群益華夏盛世基金N類型人民幣
野村亞太高股息基金-累積型(台幣)(本基金之配息來源可能為本金且並無保證收益及配息),野村投信,境內,ET003002/806,,93.0,8.76,-1.91,19.32,71.51,85.61,65.34,122.51,,,,08/18,野村亞太高股息基金累積型台幣本基金之配息來源可能為本金且並無保證收益及配息
富邦亞洲機會基金,富邦投信,境內,ET003002/806,,94.0,11.14,-1.24,19.28,64.03,121.36,78.72,161.64,,,,08/18,富邦亞洲機會基金
安聯中國策略基金(美元),安聯投信,境內,ET003002/806,,95.0,6.52,4.46,19.16,49.54,62.61,-10.52,,,,,08/18,安聯中國策略基金美元
國泰中國內需增長基金(人民幣),國泰投信,境內,ET003002/806,,96.0,5.56,1.37,18.84,54.39,100.51,4.22,,,,,08/18,國泰中國內需增長基金人民幣
台新中國成長基金(人民幣),台新投信,境內,ET003002/806,,97.0,3.25,-3.28,18.71,35.69,35.47,-26.14,,,,,08/18,台新中國成長基金人民幣
玉山大中華基金(台幣),玉山投信,境內,ET003002/806,,98.0,6.9,-0.1,18.42,51.65,85.42,18.94,128.31,,,,08/18,玉山大中華基金台幣
路博邁台日雙星股票基金T月配型(美元)(本基金配息來源可能為本金),路博邁投信,境內,ET003002/806,,99.0,6.14,0.06,18.23,49.93,,,,,,,08/18,路博邁台日雙星股票基金T月配型美元本基金配息來源可能為本金
路博邁台日雙星股票基金T累積型(美元)(本基金配息來源可能為本金),路博邁投信,境內,ET003002/806,,100.0,6.1,0.0,18.18,49.79,,,,,,,08/18,路博邁台日雙星股票基金T累積型美元本基金配息來源可能為本金
路博邁台日雙星股票基金N月配型(美元)(本基金配息來源可能為本金),路博邁投信,境內,ET003002/806,,101.0,6.08,-0.12,18.03,49.57,,,,,,,08/18,路博邁台日雙星股票基金N月配型美元本基金配息來源可能為本金
路博邁台日雙星股票基金N累積型(美元)(本基金配息來源可能為本金),路博邁投信,境內,ET003002/806,,102.0,6.11,-0.11,17.98,49.54,,,,,,,08/18,路博邁台日雙星股票基金N累積型美元本基金配息來源可能為本金
永豐亞洲民生消費基金,永豐投信,境內,ET003002/806,,103.0,-0.21,-1.64,17.95,44.33,53.58,11.46,37.18,,,,08/18,永豐亞洲民生消費基金
統一大東協高股息基金(美元)(本基金並無保證收益及配息),統一投信,境內,ET003002/806,,104.0,2.92,-0.24,17.84,51.79,86.47,77.71,,,,,08/18,統一大東協高股息基金美元本基金並無保證收益及配息
安聯中華新思路基金(人民幣),安聯投信,境內,ET003002/806,,105.0,8.35,1.48,17.76,42.51,87.9,26.63,270.03,,,,08/18,安聯中華新思路基金人民幣
摩根亞洲基金-數位型,摩根投信,境內,ET003002/806,,106.0,4.12,4.71,17.73,54.22,83.68,,,,,,08/18,摩根亞洲基金數位型
玉山亞太基金,玉山投信,境內,ET003002/806,,107.0,3.73,4.62,17.58,49.45,108.96,101.22,157.46,,,,08/18,玉山亞太基金
柏瑞亞洲亮點股票基金A不配息(人民幣),柏瑞投信,境內,ET003002/806,,108.0,9.41,3.0,17.51,26.85,42.91,20.45,125.45,,,,08/18,柏瑞亞洲亮點股票基金A不配息人民幣
摩根亞洲基金-一般型,摩根投信,境內,ET003002/806,,109.0,4.02,4.43,17.13,52.66,78.18,45.52,153.27,,,,08/18,摩根亞洲基金一般型
摩根東方內需機會基金,摩根投信,境內,ET003002/806,,110.0,3.97,4.35,17.08,52.17,77.36,44.06,149.05,,,,08/18,摩根東方內需機會基金
台新印度基金,台新投信,境內,ET003002/806,,111.0,3.06,8.08,17.02,21.47,44.55,72.1,127.81,,,,08/18,台新印度基金
安聯中國策略基金(人民幣),安聯投信,境內,ET003002/806,,112.0,5.98,3.71,16.56,40.33,50.16,-6.87,,,,,08/18,安聯中國策略基金人民幣
瀚亞亞太高股息基金A不配息(台幣)(本基金並無保證收益及配息),瀚亞投信,境內,ET003002/806,,113.0,3.47,3.91,15.01,53.28,98.46,82.57,92.82,,,,08/18,瀚亞亞太高股息基金A不配息台幣本基金並無保證收益及配息
瀚亞亞太高股息基金B配息(台幣)(本基金配息來源可能為本金且基金並無保證收益及配息),瀚亞投信,境內,ET003002/806,,114.0,3.47,3.86,14.96,53.39,98.6,82.83,93.35,,,,08/18,瀚亞亞太高股息基金B配息台幣本基金配息來源可能為本金且基金並無保證收益及配息
統一大東協高股息基金(人民幣)(本基金並無保證收益及配息),統一投信,境內,ET003002/806,,115.0,2.43,-1.08,14.91,42.5,72.37,84.85,,,,,08/18,統一大東協高股息基金人民幣本基金並無保證收益及配息
群益新興金鑽基金(台幣),群益投信,境內,ET003002/806,,116.0,3.13,-2.61,14.45,54.97,66.43,29.85,80.64,,,,08/18,群益新興金鑽基金台幣
富邦中國內需動力基金,富邦投信,境內,ET003002/806,,117.0,6.07,-1.23,14.44,47.51,88.31,18.85,48.72,,,,08/18,富邦中國內需動力基金
富蘭克林華美中國A股基金-N類型(南非幣),富蘭克林華美投信,境內,ET003002/806,,118.0,4.03,2.11,14.19,17.23,28.17,-12.86,,,,,08/18,富蘭克林華美中國A股基金N類型南非幣
復華東協世紀基金,復華投信,境內,ET003002/806,,119.0,1.22,5.43,14.13,35.6,48.9,55.56,77.45,,,,08/18,復華東協世紀基金
玉山大中華基金(人民幣),玉山投信,境內,ET003002/806,,120.0,7.91,-2.06,14.13,33.98,71.37,7.84,,,,,08/18,玉山大中華基金人民幣
群益東方盛世基金(台幣),群益投信,境內,ET003002/806,,121.0,3.5,3.38,13.97,55.16,112.62,61.27,116.97,,,,08/18,群益東方盛世基金台幣
瀚亞亞太高股息基金B配息(美元)(本基金配息來源可能為本金且基金並無保證收益及配息),瀚亞投信,境內,ET003002/806,,122.0,4.67,2.62,13.42,44.24,100.64,61.07,53.05,,,,08/18,瀚亞亞太高股息基金B配息美元本基金配息來源可能為本金且基金並無保證收益及配息
摩根金龍收成基金,摩根投信,境內,ET003002/806,,123.0,4.89,1.15,13.16,34.44,65.45,21.12,134.97,,,,08/18,摩根金龍收成基金
富蘭克林華美中國A股基金-N類型(台幣),富蘭克林華美投信,境內,ET003002/806,,124.0,4.65,5.38,13.15,35.1,49.78,-7.91,,,,,08/18,富蘭克林華美中國A股基金N類型台幣
富蘭克林華美中國A股基金(台幣),富蘭克林華美投信,境內,ET003002/806,,125.0,4.55,5.29,13.07,35.07,49.81,-7.94,12.75,,,,08/18,富蘭克林華美中國A股基金台幣
群益新興金鑽基金(美元),群益投信,境內,ET003002/806,,126.0,4.26,-3.8,12.96,45.84,66.45,13.22,,,,,08/18,群益新興金鑽基金美元
永豐中國經濟建設基金(台幣),永豐投信,境內,ET003002/806,,127.0,6.39,-1.74,12.14,33.03,57.62,26.24,141.97,,,,08/18,永豐中國經濟建設基金台幣
元大亞太成長基金,元大投信,境內,ET003002/806,,128.0,4.46,1.39,11.79,55.64,85.65,38.46,38.62,,,,08/18,元大亞太成長基金
富蘭克林華美中國A股基金(美元),富蘭克林華美投信,境內,ET003002/806,,129.0,5.65,3.97,11.44,27.05,49.81,-19.74,10.81,,,,08/18,富蘭克林華美中國A股基金美元
富蘭克林華美中國A股基金-N類型(美元),富蘭克林華美投信,境內,ET003002/806,,130.0,5.74,4.06,11.41,27.11,50.34,-19.41,,,,,08/18,富蘭克林華美中國A股基金N類型美元
摩根泛亞太股票入息基金-累積型(台幣)(本基金並無保證收益及配息),摩根投信,境內,ET003002/806,,131.0,3.72,4.05,11.38,40.78,81.32,83.52,111.11,,,,08/18,摩根泛亞太股票入息基金累積型台幣本基金並無保證收益及配息
摩根泛亞太股票入息基金-月配型(台幣)(本基金之配息來源可能為本金且並無保證收益及配息),摩根投信,境內,ET003002/806,,132.0,3.72,4.01,11.24,40.77,81.44,83.54,111.14,,,,08/18,摩根泛亞太股票入息基金月配型台幣本基金之配息來源可能為本金且並無保證收益及配息
瀚亞亞太高股息基金B配息(人民幣)(本基金配息來源可能為本金且基金並無保證收益及配息),瀚亞投信,境內,ET003002/806,,133.0,4.14,1.83,10.7,35.5,83.59,65.72,92.97,,,,08/18,瀚亞亞太高股息基金B配息人民幣本基金配息來源可能為本金且基金並無保證收益及配息
瀚亞亞太高股息基金A不配息(人民幣)(本基金並無保證收益及配息),瀚亞投信,境內,ET003002/806,,134.0,4.08,1.75,10.63,35.37,83.45,65.58,93.92,,,,08/18,瀚亞亞太高股息基金A不配息人民幣本基金並無保證收益及配息
摩根中國A股基金-數位型(台幣),摩根投信,境內,ET003002/806,,135.0,8.64,4.5,10.2,43.76,44.09,,,,,,08/18,摩根中國A股基金數位型台幣
摩根新興35基金-數位型,摩根投信,境內,ET003002/806,,136.0,2.84,2.3,9.96,45.18,79.13,,,,,,08/18,摩根新興35基金數位型
瀚亞亞洲科技資本家股票基金S配息(人民幣)(本基金配息來源可能為本金),瀚亞投信,境內,ET003002/806,,137.0,4.9,1.89,9.8,9.8,,,,,,,08/18,瀚亞亞洲科技資本家股票基金S配息人民幣本基金配息來源可能為本金
摩根泛亞太股票入息基金-月配型(美元)(本基金之配息來源可能為本金且並無保證收益及配息),摩根投信,境內,ET003002/806,,138.0,4.85,2.71,9.75,32.41,81.18,59.74,107.37,,,,08/18,摩根泛亞太股票入息基金月配型美元本基金之配息來源可能為本金且並無保證收益及配息
摩根中國A股基金-累積型(台幣),摩根投信,境內,ET003002/806,,139.0,8.56,4.24,9.63,42.34,39.62,-1.56,90.45,,,,08/18,摩根中國A股基金累積型台幣
摩根新興35基金-累積型,摩根投信,境內,ET003002/806,,140.0,2.77,2.03,9.4,43.65,73.31,49.72,115.47,,,,08/18,摩根新興35基金累積型
安聯全球新興市場基金,安聯投信,境內,ET003002/806,,141.0,1.89,1.76,9.22,37.94,82.62,58.94,110.2,,,,08/18,安聯全球新興市場基金
台新新興市場機會股票基金,台新投信,境內,ET003002/806,,142.0,0.77,0.77,9.22,20.68,55.47,13.01,47.83,,,,08/18,台新新興市場機會股票基金
匯豐新鑽動力基金,匯豐投信,境內,ET003002/806,,143.0,2.89,1.66,9.2,44.83,80.89,55.32,92.22,,,,08/18,匯豐新鑽動力基金
富蘭克林華美中國A股基金(人民幣),富蘭克林華美投信,境內,ET003002/806,,144.0,5.2,3.27,8.83,19.36,38.3,-16.45,12.83,,,,08/18,富蘭克林華美中國A股基金人民幣
富蘭克林華美中國A股基金-N類型(人民幣),富蘭克林華美投信,境內,ET003002/806,,145.0,5.23,3.24,8.82,19.23,38.27,-16.53,,,,,08/18,富蘭克林華美中國A股基金N類型人民幣
摩根泛亞太股票入息基金-月配型(人民幣)(本基金之配息來源可能為本金且並無保證收益及配息),摩根投信,境內,ET003002/806,,146.0,4.5,1.99,8.04,27.96,68.1,50.97,106.95,,,,08/18,摩根泛亞太股票入息基金月配型人民幣本基金之配息來源可能為本金且並無保證收益及配息
摩根中國A股基金-累積型(美元),摩根投信,境內,ET003002/806,,147.0,9.68,2.85,8.01,33.76,39.46,-14.31,87.18,,,,08/18,摩根中國A股基金累積型美元
永豐中國經濟建設基金(人民幣),永豐投信,境內,ET003002/806,,148.0,7.0,-3.65,7.93,17.54,45.41,14.45,141.27,,,,08/18,永豐中國經濟建設基金人民幣
安聯中國東協基金,安聯投信,境內,ET003002/806,,149.0,2.12,6.12,6.82,23.68,59.5,45.86,55.97,,,,08/18,安聯中國東協基金
群益東協成長基金(台幣),群益投信,境內,ET003002/806,,150.0,0.06,5.36,6.81,20.9,39.16,55.33,45.11,,,,08/18,群益東協成長基金台幣
玉山大中華基金(美元),玉山投信,境內,ET003002/806,,151.0,2.69,9.32,6.66,26.6,,,,,,,06/15,玉山大中華基金美元
華南永昌中國A股基金(台幣),華南永昌投信,境內,ET003002/806,,152.0,4.45,-9.09,5.72,33.36,36.37,-13.2,37.33,,,,08/18,華南永昌中國A股基金台幣
群益東協成長基金(美元),群益投信,境內,ET003002/806,,153.0,1.15,4.09,5.42,13.75,39.25,35.41,42.71,,,,08/18,群益東協成長基金美元
摩根大歐洲基金-數位型,摩根投信,境內,ET003002/806,,154.0,1.76,8.11,5.33,24.08,66.34,,,,,,08/18,摩根大歐洲基金數位型
摩根新絲路基金,摩根投信,境內,ET003002/806,,155.0,2.99,2.07,5.11,24.46,65.15,30.71,58.32,,,,08/18,摩根新絲路基金
摩根大歐洲基金-累積型,摩根投信,境內,ET003002/806,,156.0,1.65,7.84,4.8,22.87,61.73,64.0,114.92,,,,08/18,摩根大歐洲基金累積型
第一金亞洲新興市場基金,第一金投信,境內,ET003002/806,,157.0,1.66,6.64,4.7,16.76,32.42,48.86,62.94,,,,08/18,第一金亞洲新興市場基金
第一金中國世紀基金(台幣),第一金投信,境內,ET003002/806,,158.0,7.54,2.23,4.3,22.95,44.51,21.2,64.38,,,,08/18,第一金中國世紀基金台幣
第一金中國世紀基金N類型(台幣),第一金投信,境內,ET003002/806,,159.0,7.52,2.22,4.29,22.99,44.52,21.24,,,,,08/18,第一金中國世紀基金N類型台幣
群益全球關鍵生技基金N類型(台幣),群益投信,境內,ET003002/806,,160.0,2.22,11.45,4.28,23.97,27.6,26.34,,,,,08/18,群益全球關鍵生技基金N類型台幣
群益全球關鍵生技基金(台幣),群益投信,境內,ET003002/806,,161.0,2.23,11.43,4.23,23.97,27.35,26.16,72.0,,,,08/18,群益全球關鍵生技基金台幣
華南永昌中國A股基金(美元),華南永昌投信,境內,ET003002/806,,162.0,5.48,-10.25,4.13,25.47,36.47,-24.41,37.53,,,,08/18,華南永昌中國A股基金美元
匯豐中國動力基金(台幣),匯豐投信,境內,ET003002/806,,163.0,6.2,-0.66,3.84,37.38,66.46,32.27,94.6,,,,08/18,匯豐中國動力基金台幣
群益東協成長基金(人民幣),群益投信,境內,ET003002/806,,164.0,0.66,3.18,2.95,6.81,28.55,40.85,45.07,,,,08/18,群益東協成長基金人民幣
第一金中國世紀基金(美元),第一金投信,境內,ET003002/806,,165.0,8.72,0.92,2.88,15.71,44.55,5.68,,,,,08/18,第一金中國世紀基金美元
群益全球關鍵生技基金N類型(美元),群益投信,境內,ET003002/806,,166.0,3.35,10.06,2.86,16.64,27.44,10.0,,,,,08/18,群益全球關鍵生技基金N類型美元
群益全球關鍵生技基金(美元),群益投信,境內,ET003002/806,,167.0,3.35,10.06,2.86,16.63,27.39,9.95,69.19,,,,08/18,群益全球關鍵生技基金美元
宏利亞太中小企業基金(美元),宏利投信,境內,ET003002/806,,168.0,10.06,4.76,2.83,27.35,33.9,12.34,39.22,,,,08/18,宏利亞太中小企業基金美元
第一金中國世紀基金N類型(美元),第一金投信,境內,ET003002/806,,169.0,8.68,0.87,2.73,15.59,44.68,,,,,,08/18,第一金中國世紀基金N類型美元
匯豐中國動力基金(美元),匯豐投信,境內,ET003002/806,,170.0,6.33,-2.33,2.44,29.23,64.71,15.07,90.91,,,,08/18,匯豐中國動力基金美元
宏利亞太中小企業基金(台幣),宏利投信,境內,ET003002/806,,171.0,9.58,4.55,2.17,27.27,26.67,9.86,21.68,,,,08/18,宏利亞太中小企業基金台幣
瀚亞歐洲基金,瀚亞投信,境內,ET003002/806,,172.0,2.05,5.73,2.16,13.2,40.33,50.82,93.99,,,,08/18,瀚亞歐洲基金
富蘭克林華美中國消費基金(台幣),富蘭克林華美投信,境內,ET003002/806,,173.0,0.6,1.56,2.0,17.91,34.71,-6.69,25.21,,,,08/18,富蘭克林華美中國消費基金台幣
華南永昌中國A股基金(人民幣),華南永昌投信,境內,ET003002/806,,174.0,5.1,-11.01,1.64,17.83,26.32,-21.21,36.14,,,,08/18,華南永昌中國A股基金人民幣
宏利亞太中小企業基金(人民幣避險),宏利投信,境內,ET003002/806,,175.0,9.75,4.06,1.62,23.75,21.24,0.0,22.0,,,,08/18,宏利亞太中小企業基金人民幣避險
富蘭克林華美中華基金,富蘭克林華美投信,境內,ET003002/806,,176.0,1.54,-0.17,0.64,18.55,41.37,-8.9,48.96,,,,08/18,富蘭克林華美中華基金
第一金中國世紀基金(人民幣),第一金投信,境內,ET003002/806,,177.0,8.2,0.14,0.55,8.58,33.46,9.94,64.29,,,,08/18,第一金中國世紀基金人民幣
第一金中國世紀基金N類型(人民幣),第一金投信,境內,ET003002/806,,178.0,8.21,0.14,0.55,8.59,33.5,9.89,,,,,08/18,第一金中國世紀基金N類型人民幣
富蘭克林華美中國消費基金(美元),富蘭克林華美投信,境內,ET003002/806,,179.0,1.66,0.31,0.55,10.94,34.73,-18.64,23.14,,,,08/18,富蘭克林華美中國消費基金美元
台中銀中國精選成長基金(台幣),台中銀投信,境內,ET003002/806,,180.0,3.95,-2.74,0.45,38.51,73.08,23.78,112.04,,,,08/18,台中銀中國精選成長基金台幣
匯豐中國動力基金(人民幣),匯豐投信,境內,ET003002/806,,181.0,6.93,-2.73,0.18,21.23,53.91,19.71,94.22,,,,08/18,匯豐中國動力基金人民幣
野村亞太高股息基金-累積S類型(台幣)(本基金之配息來源可能為本金且並無保證收益及配息),野村投信,境內,ET003002/806,,182.0,0.0,0.0,0.0,0.0,-1.41,1.63,,,,,08/18,野村亞太高股息基金累積S類型台幣本基金之配息來源可能為本金且並無保證收益及配息
野村亞太高股息基金-累積型(人民幣)(本基金之配息來源可能為本金且並無保證收益及配息),野村投信,境內,ET003002/806,,183.0,0.0,0.0,0.0,0.0,0.0,0.0,0.0,,,,08/18,野村亞太高股息基金累積型人民幣本基金之配息來源可能為本金且並無保證收益及配息
野村亞太高股息基金-季配型(人民幣)(本基金之配息來源可能為本金且並無保證收益及配息),野村投信,境內,ET003002/806,,184.0,0.0,0.0,0.0,0.0,0.0,0.0,0.0,,,,08/18,野村亞太高股息基金季配型人民幣本基金之配息來源可能為本金且並無保證收益及配息
群益印巴雙星基金,群益投信,境內,ET003002/806,,185.0,-0.32,0.06,-0.38,16.65,23.61,42.75,49.24,,,,08/18,群益印巴雙星基金
群益印巴雙星基金N類型,群益投信,境內,ET003002/806,,186.0,-0.28,0.0,-0.42,16.65,23.58,42.64,,,,,08/18,群益印巴雙星基金N類型
摩根中國亮點基金,摩根投信,境內,ET003002/806,,187.0,4.64,1.52,-0.9,11.24,27.41,-10.4,47.78,,,,08/18,摩根中國亮點基金
富蘭克林華美中國消費基金(人民幣),富蘭克林華美投信,境內,ET003002/806,,188.0,1.29,-0.42,-1.83,4.15,24.5,-15.3,25.29,,,,08/18,富蘭克林華美中國消費基金人民幣
兆豐中國A股基金(台幣),兆豐投信,境內,ET003002/806,,189.0,5.57,1.83,-2.53,17.64,24.12,-6.39,64.92,,,,08/18,兆豐中國A股基金台幣
瀚亞非洲基金(南非幣)(本基金配息來源可能為本金),瀚亞投信,境內,ET003002/806,,190.0,1.43,-0.9,-3.07,13.86,48.79,71.76,137.18,,,,08/18,瀚亞非洲基金南非幣本基金配息來源可能為本金
台中銀中國精選成長基金(人民幣),台中銀投信,境內,ET003002/806,,191.0,4.71,-4.73,-3.57,22.23,60.51,,,,,,08/18,台中銀中國精選成長基金人民幣
瀚亞非洲基金(台幣),瀚亞投信,境內,ET003002/806,,192.0,2.06,2.57,-3.89,31.74,73.9,80.94,98.34,,,,08/18,瀚亞非洲基金台幣
兆豐中國A股基金(美元),兆豐投信,境內,ET003002/806,,193.0,6.71,0.59,-3.91,10.83,24.03,-13.68,70.85,,,,08/18,兆豐中國A股基金美元
瀚亞亞太基礎建設基金,瀚亞投信,境內,ET003002/806,,194.0,2.49,0.79,-5.27,9.96,26.88,28.62,31.27,,,,08/18,瀚亞亞太基礎建設基金
兆豐中國A股基金(人民幣),兆豐投信,境內,ET003002/806,,195.0,6.28,-0.11,-6.08,4.28,15.16,-12.84,,,,,08/18,兆豐中國A股基金人民幣
玉山拉丁美洲基金,玉山投信,境內,ET003002/806,,196.0,-4.62,-3.57,-8.2,30.85,35.92,82.96,59.64,,,,08/18,玉山拉丁美洲基金
匯豐金磚動力基金,匯豐投信,境內,ET003002/806,,197.0,2.38,0.8,-8.86,-3.84,5.03,-18.64,19.5,,,,08/18,匯豐金磚動力基金
柏瑞拉丁美洲基金,柏瑞投信,境內,ET003002/806,,198.0,-3.89,-5.0,-8.98,29.02,25.74,52.59,48.92,,,,08/18,柏瑞拉丁美洲基金
摩根新金磚五國基金,摩根投信,境內,ET003002/806,,199.0,-0.75,-0.89,-9.26,10.91,28.32,2.15,36.62,,,,08/18,摩根新金磚五國基金
元大印度基金,元大投信,境內,ET003002/806,,200.0,-0.66,3.72,-10.64,-6.1,5.51,7.3,56.91,,,,08/18,元大印度基金
摩根泛亞太股票入息基金-累積型(美元)(本基金並無保證收益及配息),摩根投信,境內,ET003002/806,,201.0,,,,,,,,,,,08/18,摩根泛亞太股票入息基金累積型美元本基金並無保證收益及配息
柏瑞亞洲亮點股票基金N9(台幣),柏瑞投信,境內,ET003002/806,,202.0,,,,,,,,,,,08/18,柏瑞亞洲亮點股票基金N9台幣
柏瑞亞洲亮點股票基金N9(美元),柏瑞投信,境內,ET003002/806,,203.0,,,,,,,,,,,08/18,柏瑞亞洲亮點股票基金N9美元
柏瑞亞洲亮點股票基金N9(人民幣),柏瑞投信,境內,ET003002/806,,204.0,,,,,,,,,,,08/18,柏瑞亞洲亮點股票基金N9人民幣
群益東方盛世基金(美元),群益投信,境內,ET003002/806,,205.0,,,,,,,,,,,08/18,群益東方盛世基金美元
群益東方盛世基金(日圓),群益投信,境內,ET003002/806,,206.0,,,,,,,,,,,08/18,群益東方盛世基金日圓
瀚亞亞太高股息基金A不配息(澳幣)(本基金並無保證收益及配息),瀚亞投信,境內,ET003002/806,,207.0,,,,,,,,,,,08/18,瀚亞亞太高股息基金A不配息澳幣本基金並無保證收益及配息
瀚亞亞太高股息基金B配息(澳幣)(本基金配息來源可能為本金且基金並無保證收益及配息),瀚亞投信,境內,ET003002/806,,208.0,,,,,,,,,,,08/18,瀚亞亞太高股息基金B配息澳幣本基金配息來源可能為本金且基金並無保證收益及配息
瀚亞亞太高股息基金A不配息(南非幣)(本基金並無保證收益及配息),瀚亞投信,境內,ET003002/806,,209.0,,,,,,,,,,,08/18,瀚亞亞太高股息基金A不配息南非幣本基金並無保證收益及配息
瀚亞亞太高股息基金B配息(南非幣)(本基金配息來源可能為本金且基金並無保證收益及配息),瀚亞投信,境內,ET003002/806,,210.0,,,,,,,,,,,08/18,瀚亞亞太高股息基金B配息南非幣本基金配息來源可能為本金且基金並無保證收益及配息
瀚亞美國高科技基金不配息(台幣),瀚亞投信,境內,ET003003/806,,1.0,7.46,9.81,47.54,77.72,207.38,210.36,777.71,,,,08/18,瀚亞美國高科技基金不配息台幣
瀚亞美國高科技基金SA不配息(台幣),瀚亞投信,境內,ET003003/806,,2.0,7.45,9.76,47.45,77.65,207.37,,,,,,08/18,瀚亞美國高科技基金SA不配息台幣
瀚亞美國高科技基金不配息(美元),瀚亞投信,境內,ET003003/806,,3.0,8.62,8.42,45.37,67.26,207.26,170.56,,,,,08/18,瀚亞美國高科技基金不配息美元
兆豐中國內需A股基金(台幣),兆豐投信,境內,ET003003/806,,4.0,1.94,1.02,34.78,74.29,69.14,20.52,,,,,08/18,兆豐中國內需A股基金台幣
兆豐中國內需A股基金(美元),兆豐投信,境內,ET003003/806,,5.0,2.94,-0.26,32.96,64.32,69.63,12.99,,,,,08/18,兆豐中國內需A股基金美元
復華中國新經濟A股基金(台幣),復華投信,境內,ET003003/806,,6.0,7.75,8.02,32.77,64.95,77.59,-1.42,89.12,,,,08/18,復華中國新經濟A股基金台幣
台新標普科技精選ETF基金(基金之配息來源可能為收益平準金),台新投信,境內,ET003003/806,,7.0,4.17,8.9,32.19,46.68,,,,,,,08/18,台新標普科技精選ETF基金基金之配息來源可能為收益平準金
兆豐中國內需A股基金(人民幣),兆豐投信,境內,ET003003/806,,8.0,2.56,-0.99,29.94,54.59,57.71,14.2,,,,,08/18,兆豐中國內需A股基金人民幣
復華美國新星基金(台幣),復華投信,境內,ET003003/806,,9.0,-0.44,-2.27,29.35,56.68,108.6,91.41,262.38,,,,08/18,復華美國新星基金台幣
復華中國新經濟A股基金(人民幣),復華投信,境內,ET003003/806,,10.0,8.39,5.8,28.1,45.62,63.92,-10.61,89.33,,,,08/18,復華中國新經濟A股基金人民幣
復華美國新星基金(美元),復華投信,境內,ET003003/806,,11.0,0.6,-3.47,27.76,48.31,110.48,68.31,258.84,,,,08/18,復華美國新星基金美元
統一NYSE FANG+ETF基金,統一投信,境內,ET003003/806,,12.0,4.8,7.84,26.2,24.17,143.09,190.86,,,,,08/18,統一NYSEFANG+ETF基金
玉山中國中小基金(台幣),玉山投信,境內,ET003003/806,,13.0,6.67,0.52,22.96,68.63,65.93,-1.68,32.94,,,,08/18,玉山中國中小基金台幣
台新日本半導體ETF基金(基金之配息來源可能為收益平準金),台新投信,境內,ET003003/806,,14.0,-0.11,11.82,21.88,113.71,,,,,,,08/18,台新日本半導體ETF基金基金之配息來源可能為收益平準金
玉山中國中小基金(美元),玉山投信,境內,ET003003/806,,15.0,8.05,-0.74,21.23,58.44,65.68,-14.41,,,,,08/18,玉山中國中小基金美元
台新中國政策趨勢基金-A不配息(台幣),台新投信,境內,ET003003/806,,16.0,5.66,-2.24,20.62,47.65,47.09,,,,,,08/18,台新中國政策趨勢基金A不配息台幣
台新中國政策趨勢基金-NA不配息(台幣),台新投信,境內,ET003003/806,,17.0,5.8,-2.24,20.62,47.65,47.09,,,,,,08/18,台新中國政策趨勢基金NA不配息台幣
台新中國政策趨勢基金-NA不配息(美元),台新投信,境內,ET003003/806,,18.0,7.11,-3.34,19.06,39.1,47.41,,,,,,08/18,台新中國政策趨勢基金NA不配息美元
台新中國政策趨勢基金-A不配息(美元),台新投信,境內,ET003003/806,,19.0,6.85,-3.5,18.86,38.88,47.01,,,,,,08/18,台新中國政策趨勢基金A不配息美元
玉山中國中小基金(人民幣),玉山投信,境內,ET003003/806,,20.0,7.63,-1.51,18.44,48.86,53.36,-10.88,,,,,08/18,玉山中國中小基金人民幣
第一金量化日本基金(日圓),第一金投信,境內,ET003003/806,,21.0,4.07,17.81,18.29,42.05,,,,,,,08/18,第一金量化日本基金日圓
國泰美國ESG基金(台幣),國泰投信,境內,ET003003/806,,22.0,1.5,2.68,17.06,37.84,72.03,,,,,,08/18,國泰美國ESG基金台幣
台新中國政策趨勢基金-NA不配息(人民幣),台新投信,境內,ET003003/806,,23.0,6.37,-4.21,16.12,30.43,37.34,,,,,,08/18,台新中國政策趨勢基金NA不配息人民幣
台新中國政策趨勢基金-A不配息(人民幣),台新投信,境內,ET003003/806,,24.0,6.37,-4.25,16.07,30.4,35.79,,,,,,08/18,台新中國政策趨勢基金A不配息人民幣
國泰美國ESG基金(美元),國泰投信,境內,ET003003/806,,25.0,2.6,1.39,15.52,29.72,72.07,,,,,,08/18,國泰美國ESG基金美元
統一美國50ETF基金(基金之配息來源可能為收益平準金),統一投信,境內,ET003003/806,,26.0,1.53,3.42,14.97,27.67,,,,,,,08/18,統一美國50ETF基金基金之配息來源可能為收益平準金
第一金量化日本基金(台幣),第一金投信,境內,ET003003/806,,27.0,4.74,18.66,14.68,39.79,,,,,,,08/18,第一金量化日本基金台幣
台新標普500 ETF基金(基金之配息來源可能為收益平準金),台新投信,境內,ET003003/806,,28.0,1.93,4.97,13.84,25.82,,,,,,,08/18,台新標普500ETF基金基金之配息來源可能為收益平準金
野村日本領先基金-累積S類型(台幣),野村投信,境內,ET003003/806,,29.0,3.88,2.58,13.11,51.96,55.3,55.3,,,,,08/18,野村日本領先基金累積S類型台幣
野村日本領先基金-累積型(台幣),野村投信,境內,ET003003/806,,30.0,3.84,2.39,12.66,50.71,114.83,114.83,163.78,,,,08/18,野村日本領先基金累積型台幣
元大日本龍頭企業基金I不配息(日圓),元大投信,境內,ET003003/806,,31.0,1.84,-0.98,12.04,51.24,,,,,,,08/18,元大日本龍頭企業基金I不配息日圓
元大日本龍頭企業基金A不配息(日圓),元大投信,境內,ET003003/806,,32.0,1.81,-1.1,11.78,50.38,,,,,,,08/18,元大日本龍頭企業基金A不配息日圓
野村泰國基金,野村投信,境內,ET003003/806,,33.0,0.5,6.73,10.27,41.25,21.4,39.45,19.98,,,,08/18,野村泰國基金
群益美國新創亮點基金(台幣),群益投信,境內,ET003003/806,,34.0,1.93,-6.06,10.27,29.19,87.92,87.83,252.87,,,,08/18,群益美國新創亮點基金台幣
群益美國新創亮點基金N類型(台幣),群益投信,境內,ET003003/806,,35.0,1.9,-6.1,10.21,29.15,88.04,87.72,,,,,08/18,群益美國新創亮點基金N類型台幣
元大日本龍頭企業基金I不配息(台幣),元大投信,境內,ET003003/806,,36.0,2.49,-0.23,9.73,48.82,84.67,,,,,,08/18,元大日本龍頭企業基金I不配息台幣
聯博中國A股基金A2不配息(台幣),聯博投信,境內,ET003003/806,,37.0,5.44,5.21,9.69,35.76,57.22,32.28,,,,,08/18,聯博中國A股基金A2不配息台幣
柏瑞中國A股量化精選基金A不配息(台幣),柏瑞投信,境內,ET003003/806,,38.0,5.17,3.41,9.59,34.6,50.56,21.8,,,,,08/18,柏瑞中國A股量化精選基金A不配息台幣
柏瑞中國A股量化精選基金N9不配息(台幣),柏瑞投信,境內,ET003003/806,,39.0,5.17,3.34,9.59,34.6,50.56,21.8,,,,,08/18,柏瑞中國A股量化精選基金N9不配息台幣
元大日本龍頭企業基金A不配息(台幣),元大投信,境內,ET003003/806,,40.0,2.53,-0.29,9.48,48.21,81.94,,,,,,08/18,元大日本龍頭企業基金A不配息台幣
瀚亞印度基金S配息(台幣)(本基金配息來源可能為本金),瀚亞投信,境內,ET003003/806,,41.0,5.19,16.8,9.46,11.8,,,,,,,08/18,瀚亞印度基金S配息台幣本基金配息來源可能為本金
瀚亞印度基金S配息(美元)(本基金配息來源可能為本金),瀚亞投信,境內,ET003003/806,,42.0,6.4,15.38,8.94,10.12,,,,,,,08/18,瀚亞印度基金S配息美元本基金配息來源可能為本金
群益美國新創亮點基金N類型(美元),群益投信,境內,ET003003/806,,43.0,3.01,-7.25,8.78,21.54,87.93,63.69,,,,,08/18,群益美國新創亮點基金N類型美元
群益美國新創亮點基金(美元),群益投信,境內,ET003003/806,,44.0,3.01,-7.25,8.77,21.54,87.92,63.69,247.18,,,,08/18,群益美國新創亮點基金美元
聯博美國成長入息基金AI配息(台幣)(本基金配息來源可能為本金且並無保證收益及配息),聯博投信,境內,ET003003/806,,45.0,1.36,2.05,8.42,12.27,58.76,63.32,,,,,08/18,聯博美國成長入息基金AI配息台幣本基金配息來源可能為本金且並無保證收益及配息
聯博美國成長入息基金A2不配息(台幣)(本基金配息來源可能為本金且並無保證收益及配息),聯博投信,境內,ET003003/806,,46.0,1.35,2.01,8.41,12.22,58.68,63.37,,,,,08/18,聯博美國成長入息基金A2不配息台幣本基金配息來源可能為本金且並無保證收益及配息
元大日本龍頭企業基金I不配息(美元),元大投信,境內,ET003003/806,,47.0,3.64,-1.44,8.4,39.96,,,,,,,08/18,元大日本龍頭企業基金I不配息美元
聯博美國成長入息基金N配息(台幣)(本基金配息來源可能為本金且並無保證收益及配息),聯博投信,境內,ET003003/806,,48.0,1.3,1.95,8.37,12.2,58.67,63.21,,,,,08/18,聯博美國成長入息基金N配息台幣本基金配息來源可能為本金且並無保證收益及配息
聯博中國A股基金A2不配息(美元),聯博投信,境內,ET003003/806,,49.0,6.55,3.88,8.25,27.77,57.25,15.31,,,,,08/18,聯博中國A股基金A2不配息美元
元大日本龍頭企業基金A不配息(美元),元大投信,境內,ET003003/806,,50.0,3.59,-1.58,8.13,39.4,,,,,,,08/18,元大日本龍頭企業基金A不配息美元
柏瑞中國A股量化精選基金A不配息(美元),柏瑞投信,境內,ET003003/806,,51.0,6.23,2.07,8.07,26.59,50.53,6.07,,,,,08/18,柏瑞中國A股量化精選基金A不配息美元
柏瑞中國A股量化精選基金N9不配息(美元),柏瑞投信,境內,ET003003/806,,52.0,6.23,2.07,8.07,26.59,50.53,6.07,,,,,08/18,柏瑞中國A股量化精選基金N9不配息美元
聯博美國成長入息基金AI配息(美元)(本基金配息來源可能為本金且並無保證收益及配息),聯博投信,境內,ET003003/806,,53.0,2.43,0.7,6.84,5.6,58.69,42.24,,,,,08/18,聯博美國成長入息基金AI配息美元本基金配息來源可能為本金且並無保證收益及配息
聯博美國成長入息基金N配息(美元)(本基金配息來源可能為本金且並無保證收益及配息),聯博投信,境內,ET003003/806,,54.0,2.39,0.74,6.81,5.59,58.61,42.25,,,,,08/18,聯博美國成長入息基金N配息美元本基金配息來源可能為本金且並無保證收益及配息
聯博美國成長入息基金A2不配息(美元)(本基金配息來源可能為本金且並無保證收益及配息),聯博投信,境內,ET003003/806,,55.0,2.37,0.68,6.77,5.56,58.57,42.28,,,,,08/18,聯博美國成長入息基金A2不配息美元本基金配息來源可能為本金且並無保證收益及配息
聯博中國A股基金A2不配息(人民幣),聯博投信,境內,ET003003/806,,56.0,5.97,2.95,5.69,19.97,45.13,19.91,,,,,08/18,聯博中國A股基金A2不配息人民幣
柏瑞中國A股量化精選基金A不配息(人民幣),柏瑞投信,境內,ET003003/806,,57.0,5.81,1.2,5.58,18.93,39.03,10.35,,,,,08/18,柏瑞中國A股量化精選基金A不配息人民幣
柏瑞中國A股量化精選基金N9不配息(人民幣),柏瑞投信,境內,ET003003/806,,58.0,5.81,1.27,5.58,18.93,39.03,10.35,,,,,08/18,柏瑞中國A股量化精選基金N9不配息人民幣
摩根新興日本基金,摩根投信,境內,ET003003/806,,59.0,4.7,6.75,5.38,29.35,61.88,59.67,126.63,,,,08/18,摩根新興日本基金
聯博美國成長入息基金AI配息(人民幣)(本基金配息來源可能為本金且並無保證收益及配息),聯博投信,境內,ET003003/806,,60.0,2.18,0.01,5.26,2.69,46.02,28.93,,,,,08/18,聯博美國成長入息基金AI配息人民幣本基金配息來源可能為本金且並無保證收益及配息
群益大印度基金N類型(台幣),群益投信,境內,ET003003/806,,61.0,2.73,6.69,3.39,6.82,28.54,41.04,,,,,08/18,群益大印度基金N類型台幣
群益大印度基金(台幣),群益投信,境內,ET003003/806,,62.0,2.69,6.67,3.35,6.78,28.51,41.05,91.59,,,,08/18,群益大印度基金台幣
瀚亞印度基金B配息(台幣)(本基金配息來源可能為本金),瀚亞投信,境內,ET003003/806,,63.0,5.22,17.25,2.17,6.57,,,,,,,08/18,瀚亞印度基金B配息台幣本基金配息來源可能為本金
群益大印度基金(美元),群益投信,境內,ET003003/806,,64.0,3.83,5.34,2.0,0.48,28.54,22.97,88.55,,,,08/18,群益大印度基金美元
群益大印度基金N類型(美元),群益投信,境內,ET003003/806,,65.0,3.83,5.34,2.0,0.48,28.56,22.99,,,,,08/18,群益大印度基金N類型美元
瀚亞印度基金A不配息(台幣),瀚亞投信,境內,ET003003/806,,66.0,5.2,16.68,1.67,6.06,34.79,59.4,141.11,,,,08/18,瀚亞印度基金A不配息台幣
摩根絕對日本基金-數位型,摩根投信,境內,ET003003/806,,67.0,6.48,8.25,1.15,18.46,,,,,,,08/18,摩根絕對日本基金數位型
群益印度中小基金N類型(台幣),群益投信,境內,ET003003/806,,68.0,2.57,4.9,0.84,1.93,28.63,56.13,,,,,08/18,群益印度中小基金N類型台幣
群益印度中小基金(台幣),群益投信,境內,ET003003/806,,69.0,2.58,4.91,0.83,1.91,28.61,56.16,140.77,,,,08/18,群益印度中小基金台幣
摩根絕對日本基金-累積型,摩根投信,境內,ET003003/806,,70.0,6.4,7.94,0.53,16.96,68.86,34.9,111.88,,,,08/18,摩根絕對日本基金累積型
瀚亞印度基金A不配息(美元),瀚亞投信,境內,ET003003/806,,71.0,6.37,15.23,0.19,-0.19,34.78,38.93,137.58,,,,08/18,瀚亞印度基金A不配息美元
台新中國政策趨勢基金-I不配息(台幣),台新投信,境內,ET003003/806,,72.0,0.0,0.0,0.0,0.0,0.0,,,,,,08/18,台新中國政策趨勢基金I不配息台幣
台新中國政策趨勢基金-I不配息(美元),台新投信,境內,ET003003/806,,73.0,0.0,0.0,0.0,0.0,0.0,,,,,,08/18,台新中國政策趨勢基金I不配息美元
瀚亞印度基金B配息(美元)(本基金配息來源可能為本金),瀚亞投信,境內,ET003003/806,,74.0,6.25,15.2,-0.04,-0.37,,,,,,,08/18,瀚亞印度基金B配息美元本基金配息來源可能為本金
群益大印度基金(人民幣),群益投信,境內,ET003003/806,,75.0,3.33,4.42,-0.38,-5.64,18.64,27.91,91.65,,,,08/18,群益大印度基金人民幣
群益大印度基金N類型(人民幣),群益投信,境內,ET003003/806,,76.0,3.33,4.42,-0.38,-5.64,18.64,,,,,,08/18,群益大印度基金N類型人民幣
群益印度中小基金(美元),群益投信,境內,ET003003/806,,77.0,3.68,3.61,-0.51,-4.11,28.62,36.15,136.79,,,,08/18,群益印度中小基金美元
群益印度中小基金N類型(美元),群益投信,境內,ET003003/806,,78.0,3.68,3.61,-0.51,-4.11,28.63,36.16,,,,,08/18,群益印度中小基金N類型美元
瀚亞印度基金A不配息(人民幣),瀚亞投信,境內,ET003003/806,,79.0,5.82,14.29,-2.17,-6.32,24.53,43.59,138.54,,,,08/18,瀚亞印度基金A不配息人民幣
群益印度中小基金N類型(人民幣),群益投信,境內,ET003003/806,,80.0,3.18,2.72,-2.84,-9.95,18.72,41.61,,,,,08/18,群益印度中小基金N類型人民幣
群益印度中小基金(人民幣),群益投信,境內,ET003003/806,,81.0,3.18,2.72,-2.84,-9.95,18.72,41.61,140.66,,,,08/18,群益印度中小基金人民幣
野村印度潛力基金,野村投信,境內,ET003003/806,,82.0,1.55,6.72,-4.39,-2.22,19.6,33.02,97.07,,,,08/18,野村印度潛力基金
富邦越南機會基金(台幣),富邦投信,境內,ET003003/806,,83.0,-2.62,-10.23,-8.1,-4.62,9.41,,,,,,08/18,富邦越南機會基金台幣
富邦越南機會基金-N類型(台幣),富邦投信,境內,ET003003/806,,84.0,-2.62,-10.24,-8.2,-4.72,9.29,,,,,,08/18,富邦越南機會基金N類型台幣
中國信託越南機會基金(台幣),中國信託投信,境內,ET003003/806,,85.0,-3.48,-8.85,-8.36,-13.6,2.1,-7.04,,,,,08/18,中國信託越南機會基金台幣
中國信託越南機會基金-N類型(台幣),中國信託投信,境內,ET003003/806,,86.0,-3.5,-8.91,-8.4,-13.66,,,,,,,08/18,中國信託越南機會基金N類型台幣
中國信託越南機會基金-I類型(美元),中國信託投信,境內,ET003003/806,,87.0,-2.43,-9.78,-9.3,-17.96,,,,,,,08/18,中國信託越南機會基金I類型美元
富邦越南機會基金(美元),富邦投信,境內,ET003003/806,,88.0,-1.59,-11.43,-9.54,-10.34,9.36,,,,,,08/18,富邦越南機會基金美元
富邦越南機會基金-N類型(美元),富邦投信,境內,ET003003/806,,89.0,-1.59,-11.43,-9.54,-10.34,9.36,,,,,,08/18,富邦越南機會基金N類型美元
中國信託越南機會基金(美元),中國信託投信,境內,ET003003/806,,90.0,-2.41,-9.96,-9.71,-18.71,2.03,-19.02,,,,,08/18,中國信託越南機會基金美元
中國信託越南機會基金-N類型(美元),中國信託投信,境內,ET003003/806,,91.0,-2.43,-10.04,-9.71,-18.7,,,,,,,08/18,中國信託越南機會基金N類型美元
匯豐中國A股匯聚基金(台幣),匯豐投信,境內,ET003003/806,,92.0,3.93,-7.54,-12.24,25.0,29.13,20.15,68.63,,,,08/18,匯豐中國A股匯聚基金台幣
匯豐中國A股匯聚基金N類型(台幣),匯豐投信,境內,ET003003/806,,93.0,3.93,-7.54,-12.24,25.0,29.12,,,,,,08/18,匯豐中國A股匯聚基金N類型台幣
匯豐中國A股匯聚基金(美元),匯豐投信,境內,ET003003/806,,94.0,5.05,-8.7,-13.41,17.61,29.1,4.7,65.8,,,,08/18,匯豐中國A股匯聚基金美元
匯豐中國A股匯聚基金N類型(美元),匯豐投信,境內,ET003003/806,,95.0,5.05,-8.69,-13.41,17.61,29.12,,,,,,08/18,匯豐中國A股匯聚基金N類型美元
瀚亞中國A股基金(台幣),瀚亞投信,境內,ET003003/806,,96.0,3.82,0.73,-14.1,7.39,15.9,-8.82,57.33,,,,08/18,瀚亞中國A股基金台幣
野村巴西基金,野村投信,境內,ET003003/806,,97.0,-8.11,-9.96,-14.39,26.15,22.05,42.23,35.23,,,,08/18,野村巴西基金
瀚亞中國A股基金(美元),瀚亞投信,境內,ET003003/806,,98.0,5.02,-0.41,-15.32,1.16,15.9,-20.36,,,,,08/18,瀚亞中國A股基金美元
匯豐中國A股匯聚基金(人民幣),匯豐投信,境內,ET003003/806,,99.0,4.55,-9.43,-15.36,10.39,19.31,8.91,68.54,,,,08/18,匯豐中國A股匯聚基金人民幣
匯豐中國A股匯聚基金N類型(人民幣),匯豐投信,境內,ET003003/806,,100.0,4.55,-9.44,-15.36,10.39,19.29,,,,,,08/18,匯豐中國A股匯聚基金N類型人民幣
瀚亞巴西基金,瀚亞投信,境內,ET003003/806,,101.0,-6.99,-9.82,-16.41,21.87,12.03,47.18,51.28,,,,08/18,瀚亞巴西基金
瀚亞中國A股基金(人民幣),瀚亞投信,境內,ET003003/806,,102.0,4.45,-1.29,-17.3,-5.12,7.13,-17.18,58.9,,,,08/18,瀚亞中國A股基金人民幣
柏瑞中國A股量化精選基金A不配息(澳幣),柏瑞投信,境內,ET003003/806,,103.0,,,,,,,,,,,08/18,柏瑞中國A股量化精選基金A不配息澳幣
柏瑞中國A股量化精選基金N9不配息(澳幣),柏瑞投信,境內,ET003003/806,,104.0,,,,,,,,,,,08/18,柏瑞中國A股量化精選基金N9不配息澳幣
群益標普500ETF基金(本基金之配息來源可能為收益平準金),群益投信,境內,ET003003/806,,105.0,1.94,,,,,,,,,,08/18,群益標普500ETF基金本基金之配息來源可能為收益平準金
群益美國科技巨頭ETF基金,群益投信,境內,ET003003/806,,106.0,0.8,,,,,,,,,,08/18,群益美國科技巨頭ETF基金
元大日本龍頭企業基金N不配息(台幣),元大投信,境內,ET003003/806,,107.0,,,,,,,,,,,08/18,元大日本龍頭企業基金N不配息台幣
元大日本龍頭企業基金N不配息(美元),元大投信,境內,ET003003/806,,108.0,,,,,,,,,,,08/18,元大日本龍頭企業基金N不配息美元
元大日本龍頭企業基金N不配息(日圓),元大投信,境內,ET003003/806,,109.0,,,,,,,,,,,08/18,元大日本龍頭企業基金N不配息日圓
國泰臺韓科技基金,國泰投信,境內,ET003004/806,,1.0,-1.36,8.81,57.3,174.45,315.49,308.23,,,,,08/19,國泰臺韓科技基金
國泰網路資安ETF基金,國泰投信,境內,ET003004/806,,2.0,3.13,24.0,50.71,48.76,100.11,75.77,,,,,08/18,國泰網路資安ETF基金
兆豐洲際半導體ETF基金,兆豐投信,境內,ET003004/806,,3.0,0.6,7.59,48.05,123.14,220.72,,,,,,08/18,兆豐洲際半導體ETF基金
國泰美國費城半導體基金,國泰投信,境內,ET003004/806,,4.0,1.43,7.32,46.9,120.19,247.16,333.46,,,,,08/18,國泰美國費城半導體基金
元大全球5G關鍵科技ETF基金,元大投信,境內,ET003004/806,,5.0,2.41,9.99,43.18,130.03,202.71,211.9,,,,,08/18,元大全球5G關鍵科技ETF基金
永豐中國科技50大ETF基金,永豐投信,境內,ET003004/806,,6.0,4.47,8.68,38.06,90.02,35.19,-15.24,,,,,08/18,永豐中國科技50大ETF基金
復華中國5G通信ETF基金,復華投信,境內,ET003004/806,,7.0,-4.54,-7.85,38.04,113.97,255.86,183.86,,,,,08/19,復華中國5G通信ETF基金
元大全球人工智慧ETF基金,元大投信,境內,ET003004/806,,8.0,6.15,5.21,35.69,51.55,159.03,178.25,,,,,08/18,元大全球人工智慧ETF基金
元大全球未來通訊ETF基金,元大投信,境內,ET003004/806,,9.0,2.53,5.59,35.26,94.01,181.96,200.14,,,,,08/18,元大全球未來通訊ETF基金
野村全球航運龍頭息收ETF基金(本基金之配息來源可能為收益平準金且並無保證收益及配息),野村投信,境內,ET003004/806,,10.0,15.35,19.45,34.92,55.35,,,,,,,08/18,野村全球航運龍頭息收ETF基金本基金之配息來源可能為收益平準金且並無保證收益及配息
永豐美國科技ETF基金,永豐投信,境內,ET003004/806,,11.0,3.31,9.48,31.91,31.69,96.51,103.79,,,,,08/18,永豐美國科技ETF基金
兆豐台美動能股債平衡ETF基金(基金之配息來源可能為收益平準金),兆豐投信,境內,ET003004/806,,12.0,2.11,5.39,31.39,,,,,,,,08/18,兆豐台美動能股債平衡ETF基金基金之配息來源可能為收益平準金
富邦元宇宙ETF基金,富邦投信,境內,ET003004/806,,13.0,3.69,0.0,30.04,35.58,87.03,,,,,,08/18,富邦元宇宙ETF基金
國泰標普北美科技ETF基金,國泰投信,境內,ET003004/806,,14.0,3.1,6.64,29.53,47.6,154.62,175.3,,,,,08/18,國泰標普北美科技ETF基金
富邦NASDAQ-100單日正向兩倍基金(本基金採匯率避險),富邦投信,境內,ET003004/806,,15.0,4.99,-0.71,27.21,35.66,150.25,89.39,,,,,08/18,富邦NASDAQ100單日正向兩倍基金本基金採匯率避險
台新SG全球AI機器人精選ETF基金,台新投信,境內,ET003004/806,,16.0,3.02,8.26,26.18,45.57,129.12,123.25,,,,,08/18,台新SG全球AI機器人精選ETF基金
富邦基因免疫生技ETF基金,富邦投信,境內,ET003004/806,,17.0,7.58,27.35,24.97,66.12,66.34,,,,,,08/18,富邦基因免疫生技ETF基金
國泰全球智能電動車ETF基金,國泰投信,境內,ET003004/806,,18.0,-1.12,-1.37,23.91,60.03,156.48,198.76,,,,,08/18,國泰全球智能電動車ETF基金
中國信託日本半導體ETF基金,中國信託投信,境內,ET003004/806,,19.0,-0.26,11.85,21.32,113.68,,,,,,,08/18,中國信託日本半導體ETF基金
富邦NASDAQ-100指數基金-A不配息(台幣)(本基金之配息來源可能為本金及收益平準金),富邦投信,境內,ET003004/806,,20.0,1.91,2.99,19.0,,,,,,,,08/18,富邦NASDAQ100指數基金A不配息台幣本基金之配息來源可能為本金及收益平準金
中國信託NASDAQ 100ETF基金,中國信託投信,境內,ET003004/806,,21.0,1.95,2.99,18.98,31.92,,,,,,,08/18,中國信託NASDAQ100ETF基金
富邦NASDAQ-100基金,富邦投信,境內,ET003004/806,,22.0,1.84,2.9,18.85,32.06,100.33,127.06,473.42,,,,08/18,富邦NASDAQ100基金
國泰全球數位支付服務ETF基金,國泰投信,境內,ET003004/806,,23.0,-1.69,-9.08,18.64,22.33,173.88,,,,,,08/18,國泰全球數位支付服務ETF基金
元大亞太優質高股息100指數基金I不配息(台幣)(基金之收益分配由經理公司得依收益之情況自行決定當季配息型受益權單位配息與否及分配之金額，故每季分配之金額並非一定相同且並無保證收益及配息),元大投信,境內,ET003004/806,,24.0,1.0,-1.09,18.63,36.2,75.26,84.13,,,,,05/20,元大亞太優質高股息100指數基金I不配息台幣基金之收益分配由經理公司得依收益之情況自行決定當季配息型受益權單位配息與否及分配之金額，故每季分配之金額並非一定相同且並無保證收益及配息
群益那斯達克生技基金,群益投信,境內,ET003004/806,,25.0,4.57,22.63,18.59,54.69,64.44,43.14,,,,,08/18,群益那斯達克生技基金
元大標普500單日正向2倍基金(本基金為策略交易型產品且投資具有槓桿操作風險，故本基金不適合長期持有，僅符合臺灣證券交易所訂適格條件之投資人始得交易),元大投信,境內,ET003004/806,,26.0,4.69,6.32,18.48,35.32,126.27,105.46,537.51,,,,08/18,元大標普500單日正向2倍基金本基金為策略交易型產品且投資具有槓桿操作風險，故本基金不適合長期持有，僅符合臺灣證券交易所訂適格條件之投資人始得交易
富邦NASDAQ-100指數基金-B配息(台幣)(本基金之配息來源可能為本金及收益平準金),富邦投信,境內,ET003004/806,,27.0,2.58,2.38,18.18,,,,,,,,08/18,富邦NASDAQ100指數基金B配息台幣本基金之配息來源可能為本金及收益平準金
富邦未來車ETF基金,富邦投信,境內,ET003004/806,,28.0,1.73,1.93,18.1,50.57,173.2,246.61,,,,,08/18,富邦未來車ETF基金
大華銀Magnificent 7 Plus美國大型科技ETF基金,大華銀投信,境內,ET003004/806,,29.0,1.6,1.51,17.47,,,,,,,,08/18,大華銀Magnificent7Plus美國大型科技ETF基金
第一金太空衛星ETF基金,第一金投信,境內,ET003004/806,,30.0,14.57,-18.0,17.33,78.4,294.52,,,,,,08/18,第一金太空衛星ETF基金
富邦NASDAQ-100指數基金-NB配息(台幣)(本基金之配息來源可能為本金及收益平準金),富邦投信,境內,ET003004/806,,31.0,3.25,1.59,17.27,,,,,,,,08/18,富邦NASDAQ100指數基金NB配息台幣本基金之配息來源可能為本金及收益平準金
富邦NASDAQ-100指數基金-NB配息(美元)(本基金之配息來源可能為本金及收益平準金),富邦投信,境內,ET003004/806,,32.0,3.04,1.64,17.16,,,,,,,,08/18,富邦NASDAQ100指數基金NB配息美元本基金之配息來源可能為本金及收益平準金
富邦NASDAQ-100指數基金-A不配息(美元)(本基金之配息來源可能為本金及收益平準金),富邦投信,境內,ET003004/806,,33.0,3.04,1.64,17.16,,,,,,,,08/18,富邦NASDAQ100指數基金A不配息美元本基金之配息來源可能為本金及收益平準金
富邦NASDAQ-100指數基金-B配息(美元)(本基金之配息來源可能為本金及收益平準金),富邦投信,境內,ET003004/806,,34.0,3.04,1.63,17.16,,,,,,,,08/18,富邦NASDAQ100指數基金B配息美元本基金之配息來源可能為本金及收益平準金
富邦NASDAQ-100指數基金-NA不配息(美元)(本基金之配息來源可能為本金及收益平準金),富邦投信,境內,ET003004/806,,35.0,3.04,1.63,17.16,,,,,,,,08/18,富邦NASDAQ100指數基金NA不配息美元本基金之配息來源可能為本金及收益平準金
富邦NASDAQ-100指數基金-NA不配息(台幣)(本基金之配息來源可能為本金及收益平準金),富邦投信,境內,ET003004/806,,36.0,3.13,1.5,17.16,,,,,,,,08/18,富邦NASDAQ100指數基金NA不配息台幣本基金之配息來源可能為本金及收益平準金
國泰納斯達克全球人工智慧及機器人基金,國泰投信,境內,ET003004/806,,37.0,7.67,10.02,16.54,22.03,40.41,25.99,,,,,08/18,國泰納斯達克全球人工智慧及機器人基金
富邦全球ESG綠色電力ETF基金,富邦投信,境內,ET003004/806,,38.0,1.49,-3.19,16.33,63.54,63.96,,,,,,08/18,富邦全球ESG綠色電力ETF基金
復華美國標普500成長ETF基金,復華投信,境內,ET003004/806,,39.0,2.62,3.81,15.9,27.55,97.86,,,,,,08/18,復華美國標普500成長ETF基金
中國信託亞太高股息ETF基金(基金之配息來源可能為收益平準金且基金並無保證收益及配息),中國信託投信,境內,ET003004/806,,40.0,6.62,6.75,15.28,48.63,,,,,,,08/18,中國信託亞太高股息ETF基金基金之配息來源可能為收益平準金且基金並無保證收益及配息
中國信託美國創新科技ETF基金,中國信託投信,境內,ET003004/806,,41.0,0.56,2.41,14.68,19.15,,,,,,,08/18,中國信託美國創新科技ETF基金
永豐美國大型500股票ETF基金(本基金並無保證收益及配息),永豐投信,境內,ET003004/806,,42.0,2.01,5.67,13.9,27.27,79.59,96.88,,,,,08/18,永豐美國大型500股票ETF基金本基金並無保證收益及配息
中國信託特選金融及數據ETF基金,中國信託投信,境內,ET003004/806,,43.0,1.98,12.59,13.86,23.69,96.36,,,,,,08/18,中國信託特選金融及數據ETF基金
玉山全球跨國藍籌100 ETF基金(本基金之配息來源可能為收益平準金),玉山投信,境內,ET003004/806,,44.0,2.78,3.77,13.79,32.96,,,,,,,08/18,玉山全球跨國藍籌100ETF基金本基金之配息來源可能為收益平準金
元大日經225基金,元大投信,境內,ET003004/806,,45.0,2.0,7.88,13.68,51.21,111.45,147.08,302.47,,,,08/19,元大日經225基金
野村美國創新研發龍頭ETF基金,野村投信,境內,ET003004/806,,46.0,2.76,5.29,13.55,23.22,,,,,,,08/18,野村美國創新研發龍頭ETF基金
復華已開發國家300股票指數基金(台幣),復華投信,境內,ET003004/806,,47.0,2.41,5.18,13.55,26.09,78.68,101.5,,,,,08/18,復華已開發國家300股票指數基金台幣
國泰日經225基金(台幣),國泰投信,境內,ET003004/806,,48.0,2.15,8.19,13.25,50.46,107.06,131.84,279.29,,,,08/19,國泰日經225基金台幣
富邦標普500指數基金-A不配息(台幣)(本基金之配息來源可能為本金及收益平準金),富邦投信,境內,ET003004/806,,49.0,1.69,5.63,13.03,,,,,,,,08/18,富邦標普500指數基金A不配息台幣本基金之配息來源可能為本金及收益平準金
富邦標普500ETF基金(本基金之配息來源可能為收益平準金),富邦投信,境內,ET003004/806,,50.0,1.96,5.25,12.92,,,,,,,,08/18,富邦標普500ETF基金本基金之配息來源可能為收益平準金
元大標普500基金,元大投信,境內,ET003004/806,,51.0,1.98,5.29,12.83,27.42,78.51,105.59,277.52,,,,08/18,元大標普500基金
復華已開發國家300股票指數基金(美元),復華投信,境內,ET003004/806,,52.0,3.5,3.86,12.03,18.64,78.77,75.78,,,,,08/18,復華已開發國家300股票指數基金美元
國泰日經225基金(美元),國泰投信,境內,ET003004/806,,53.0,3.26,7.06,11.63,41.6,107.04,102.69,,,,,08/19,國泰日經225基金美元
凱基全球菁英55ETF基金,凱基投信,境內,ET003004/806,,54.0,3.15,3.52,11.06,28.39,89.21,,,,,,08/18,凱基全球菁英55ETF基金
富邦標普500指數基金-A不配息(美元)(本基金之配息來源可能為本金及收益平準金),富邦投信,境內,ET003004/806,,55.0,3.09,3.86,10.85,,,,,,,,08/18,富邦標普500指數基金A不配息美元本基金之配息來源可能為本金及收益平準金
富邦標普500指數基金-B配息(美元)(本基金之配息來源可能為本金及收益平準金),富邦投信,境內,ET003004/806,,56.0,3.1,3.85,10.85,,,,,,,,08/18,富邦標普500指數基金B配息美元本基金之配息來源可能為本金及收益平準金
富邦標普500指數基金-NA不配息(美元)(本基金之配息來源可能為本金及收益平準金),富邦投信,境內,ET003004/806,,57.0,3.1,3.85,10.84,,,,,,,,08/18,富邦標普500指數基金NA不配息美元本基金之配息來源可能為本金及收益平準金
富邦標普500指數基金-NB配息(美元)(本基金之配息來源可能為本金及收益平準金),富邦投信,境內,ET003004/806,,58.0,3.1,3.85,10.84,,,,,,,,08/18,富邦標普500指數基金NB配息美元本基金之配息來源可能為本金及收益平準金
富邦標普500指數基金-NB配息(台幣)(本基金之配息來源可能為本金及收益平準金),富邦投信,境內,ET003004/806,,59.0,4.01,3.72,10.77,,,,,,,,08/18,富邦標普500指數基金NB配息台幣本基金之配息來源可能為本金及收益平準金
富邦標普500指數基金-B配息(台幣)(本基金之配息來源可能為本金及收益平準金),富邦投信,境內,ET003004/806,,60.0,3.35,3.63,10.68,,,,,,,,08/18,富邦標普500指數基金B配息台幣本基金之配息來源可能為本金及收益平準金
凱基美國Top股債平衡ETF基金,凱基投信,境內,ET003004/806,,61.0,0.43,0.86,10.33,17.85,,,,,,,08/18,凱基美國Top股債平衡ETF基金
富邦標普500指數基金-NA不配息(台幣)(本基金之配息來源可能為本金及收益平準金),富邦投信,境內,ET003004/806,,62.0,3.81,3.04,9.94,,,,,,,,08/18,富邦標普500指數基金NA不配息台幣本基金之配息來源可能為本金及收益平準金
國泰道瓊工業平均指數單日正向2倍基金,國泰投信,境內,ET003004/806,,63.0,2.91,13.3,9.14,34.92,78.32,67.92,,,,,08/18,國泰道瓊工業平均指數單日正向2倍基金
台新美國電力基建息收ETF基金(本基金無保證收益及配息),台新投信,境內,ET003004/806,,64.0,-1.67,-2.23,8.96,40.07,,,,,,,08/18,台新美國電力基建息收ETF基金本基金無保證收益及配息
國泰全球品牌50ETF基金(基金之配息來源可能為收益平準金),國泰投信,境內,ET003004/806,,65.0,0.68,3.22,8.92,16.07,63.87,,,,,,08/18,國泰全球品牌50ETF基金基金之配息來源可能為收益平準金
國泰道瓊工業平均指數基金(台幣),國泰投信,境內,ET003004/806,,66.0,1.04,8.77,8.43,26.54,55.46,76.67,,,,,08/18,國泰道瓊工業平均指數基金台幣
中國信託全球高股息ETF基金(基金之配息來源可能為收益平準金且基金並無保證收益及配息),中國信託投信,境內,ET003004/806,,67.0,-0.38,4.87,8.29,33.37,,,,,,,08/18,中國信託全球高股息ETF基金基金之配息來源可能為收益平準金且基金並無保證收益及配息
富邦全球入息不動產與基礎建設ETF基金(本基金並無保證收益及配息),富邦投信,境內,ET003004/806,,68.0,-2.16,9.35,8.22,24.25,48.35,,,,,,08/18,富邦全球入息不動產與基礎建設ETF基金本基金並無保證收益及配息
元大歐洲50基金,元大投信,境內,ET003004/806,,69.0,3.83,10.61,7.96,20.62,53.01,59.45,140.16,,,,08/18,元大歐洲50基金
凱基雙核收息債股平衡ETF基金(基金之配息來源可能為收益平準金且並無保證收益及配息),凱基投信,境內,ET003004/806,,70.0,-0.91,2.45,7.95,,,,,,,,08/18,凱基雙核收息債股平衡ETF基金基金之配息來源可能為收益平準金且並無保證收益及配息
富邦深証100基金(台幣),富邦投信,境內,ET003004/806,,71.0,-0.83,-6.45,7.89,34.06,42.41,2.46,60.64,,,,08/19,富邦深証100基金台幣
富邦印度NIFTY單日反向一倍基金,富邦投信,境內,ET003004/806,,72.0,0.3,-2.45,7.12,6.28,-11.5,-22.63,-62.16,,,,08/18,富邦印度NIFTY單日反向一倍基金
群益道瓊美國地產ETF基金,群益投信,境內,ET003004/806,,73.0,-3.28,3.99,6.78,17.68,27.99,17.11,,,,,08/18,群益道瓊美國地產ETF基金
國泰道瓊工業平均指數基金(美元),國泰投信,境內,ET003004/806,,74.0,2.31,7.44,6.62,19.06,55.67,53.83,,,,,08/18,國泰道瓊工業平均指數基金美元
元大亞太優質高股息100指數基金A不配息(台幣)(基金之收益分配由經理公司得依收益之情況自行決定當季配息型受益權單位配息與否及分配之金額，故每季分配之金額並非一定相同且並無保證收益及配息),元大投信,境內,ET003004/806,,75.0,2.51,8.4,6.57,34.29,82.51,102.9,,,,,08/18,元大亞太優質高股息100指數基金A不配息台幣基金之收益分配由經理公司得依收益之情況自行決定當季配息型受益權單位配息與否及分配之金額，故每季分配之金額並非一定相同且並無保證收益及配息
元大亞太優質高股息100指數基金B配息(台幣)(基金之收益分配由經理公司得依收益之情況自行決定當季配息型受益權單位配息與否及分配之金額，故每季分配之金額並非一定相同且並無保證收益及配息),元大投信,境內,ET003004/806,,76.0,2.49,8.37,6.57,34.4,81.83,102.03,,,,,08/18,元大亞太優質高股息100指數基金B配息台幣基金之收益分配由經理公司得依收益之情況自行決定當季配息型受益權單位配息與否及分配之金額，故每季分配之金額並非一定相同且並無保證收益及配息
野村日本價值動能高息ETF基金(本基金之配息來源可能為收益平準金且並無保證收益及配息),野村投信,境內,ET003004/806,,77.0,6.06,11.08,6.34,35.83,,,,,,,08/19,野村日本價值動能高息ETF基金本基金之配息來源可能為收益平準金且並無保證收益及配息
中國信託日經高股息50 ETF基金(基金之配息來源可能為收益平準金且基金並無保證收益及配息),中國信託投信,境內,ET003004/806,,78.0,7.08,11.18,6.09,40.95,,,,,,,08/18,中國信託日經高股息50ETF基金基金之配息來源可能為收益平準金且基金並無保證收益及配息
國泰富時新興市場基金,國泰投信,境內,ET003004/806,,79.0,2.66,5.11,5.98,27.87,64.47,56.21,,,,,08/18,國泰富時新興市場基金
富邦�琤肭磪瓥璊擗浀V一倍基金,富邦投信,境內,ET003004/806,,80.0,-4.8,0.0,5.92,1.67,-42.32,-30.33,-51.26,,,,08/19,富邦�琤肭磪瓥璊擗浀V一倍基金
富邦日本東証單日正向兩倍基金(本基金採匯率避險),富邦投信,境內,ET003004/806,,81.0,4.94,6.14,5.67,60.05,175.16,284.12,692.9,,,,08/19,富邦日本東証單日正向兩倍基金本基金採匯率避險
元大亞太優質高股息100指數基金B配息(美元)(基金之收益分配由經理公司得依收益之情況自行決定當季配息型受益權單位配息與否及分配之金額，故每季分配之金額並非一定相同且並無保證收益及配息),元大投信,境內,ET003004/806,,82.0,3.62,7.05,5.31,26.46,81.84,76.08,,,,,08/18,元大亞太優質高股息100指數基金B配息美元基金之收益分配由經理公司得依收益之情況自行決定當季配息型受益權單位配息與否及分配之金額，故每季分配之金額並非一定相同且並無保證收益及配息
元大亞太優質高股息100指數基金B配息(澳幣)(基金之收益分配由經理公司得依收益之情況自行決定當季配息型受益權單位配息與否及分配之金額，故每季分配之金額並非一定相同且並無保證收益及配息),元大投信,境內,ET003004/806,,83.0,2.09,8.29,5.13,15.84,64.38,79.82,,,,,08/18,元大亞太優質高股息100指數基金B配息澳幣基金之收益分配由經理公司得依收益之情況自行決定當季配息型受益權單位配息與否及分配之金額，故每季分配之金額並非一定相同且並無保證收益及配息
富邦日本東証基金(本基金採匯率避險),富邦投信,境內,ET003004/806,,84.0,2.29,4.36,5.1,31.22,87.25,128.17,239.93,,,,08/19,富邦日本東証基金本基金採匯率避險
富邦富時歐洲ETF基金,富邦投信,境內,ET003004/806,,85.0,1.52,8.12,4.98,26.04,61.54,70.13,,,,,08/18,富邦富時歐洲ETF基金
復華日本護城河優勢龍頭企業ETF基金,復華投信,境內,ET003004/806,,86.0,5.31,5.62,4.95,24.17,,,,,,,08/19,復華日本護城河優勢龍頭企業ETF基金
國泰美國標普500低波動高股息基金(本基金並無保證收益及配息),國泰投信,境內,ET003004/806,,87.0,-0.51,8.31,4.87,20.15,39.24,55.36,,,,,08/18,國泰美國標普500低波動高股息基金本基金並無保證收益及配息
元大MSCI中國A股國際通ETF基金,元大投信,境內,ET003004/806,,88.0,4.49,0.35,4.56,27.5,39.58,11.76,,,,,08/18,元大MSCI中國A股國際通ETF基金
國泰富時中國A50基金(台幣),國泰投信,境內,ET003004/806,,89.0,0.79,-2.3,4.09,19.51,34.44,15.71,69.43,,,,08/19,國泰富時中國A50基金台幣
元大大中華價值指數基金(台幣),元大投信,境內,ET003004/806,,90.0,3.9,4.87,3.9,19.69,72.36,53.32,75.87,,,,08/18,元大大中華價值指數基金台幣
野村日本東證ETF基金,野村投信,境內,ET003004/806,,91.0,3.11,4.65,3.53,,,,,,,,08/19,野村日本東證ETF基金
元大全球航太與防衛科技ETF基金,元大投信,境內,ET003004/806,,92.0,9.62,7.66,3.49,29.93,,,,,,,08/18,元大全球航太與防衛科技ETF基金
元大標智滬深300基金,元大投信,境內,ET003004/806,,93.0,1.24,-1.8,2.89,23.41,36.42,9.88,48.1,,,,08/19,元大標智滬深300基金
群益深証中小100基金(台幣),群益投信,境內,ET003004/806,,94.0,-1.7,-9.54,2.66,32.81,39.41,1.87,18.74,,,,08/19,群益深証中小100基金台幣
永豐滬深300紅利指數基金(台幣),永豐投信,境內,ET003004/806,,95.0,2.33,3.84,2.54,11.86,26.79,21.41,58.88,,,,08/18,永豐滬深300紅利指數基金台幣
復華美元非投資等級債券指數基金A不配息(台幣),復華投信,境內,ET003004/806,,96.0,-0.78,2.48,2.4,10.73,24.15,33.61,,,,,08/18,復華美元非投資等級債券指數基金A不配息台幣
復華美國標普500低波動指數基金,復華投信,境內,ET003004/806,,97.0,-1.38,5.19,2.39,11.7,28.78,43.45,,,,,08/18,復華美國標普500低波動指數基金
元大大中華價值指數基金(美元),元大投信,境內,ET003004/806,,98.0,5.02,3.55,2.38,12.6,72.29,33.61,72.91,,,,08/18,元大大中華價值指數基金美元
復華美元非投資等級債券指數基金B配息(台幣)(基金之配息來源可能為本金),復華投信,境內,ET003004/806,,99.0,-0.82,2.46,2.31,10.75,24.03,33.49,,,,,08/18,復華美元非投資等級債券指數基金B配息台幣基金之配息來源可能為本金
國泰富時中國A50基金(美元),國泰投信,境內,ET003004/806,,100.0,1.98,-3.31,2.22,12.47,34.41,1.16,,,,,08/19,國泰富時中國A50基金美元
國泰富時中國A50單日正向2倍基金,國泰投信,境內,ET003004/806,,101.0,6.22,-6.0,2.18,13.41,32.89,-14.08,45.15,,,,08/19,國泰富時中國A50單日正向2倍基金
元大滬深300單日正向2倍基金(本基金為策略交易型產品且投資具有槓桿操作風險，故本基金不適合長期持有，僅符合臺灣證券交易所訂適格條件之投資人始得交易),元大投信,境內,ET003004/806,,102.0,5.74,-6.04,2.14,16.28,37.75,-3.51,62.38,,,,08/19,元大滬深300單日正向2倍基金本基金為策略交易型產品且投資具有槓桿操作風險，故本基金不適合長期持有，僅符合臺灣證券交易所訂適格條件之投資人始得交易
復華滬深300A股基金,復華投信,境內,ET003004/806,,103.0,0.9,-3.01,1.84,24.6,36.62,11.24,53.92,,,,08/19,復華滬深300A股基金
富邦上証180單日正向兩倍基金,富邦投信,境內,ET003004/806,,104.0,6.47,-5.99,1.38,13.07,32.6,-7.67,46.23,,,,08/19,富邦上証180單日正向兩倍基金
永豐滬深300紅利指數基金(美元),永豐投信,境內,ET003004/806,,105.0,3.47,2.53,0.98,5.2,30.38,18.51,,,,,08/18,永豐滬深300紅利指數基金美元
復華美元非投資等級債券指數基金(美元),復華投信,境內,ET003004/806,,106.0,0.24,1.21,0.96,4.22,24.28,16.47,,,,,08/18,復華美元非投資等級債券指數基金美元
富蘭克林華美全球潔淨能源ETF基金(本基金非屬環境、社會及治理相關主題基金),富蘭克林華美投信,境內,ET003004/806,,107.0,-4.84,-13.68,0.6,44.28,20.79,,,,,,08/18,富蘭克林華美全球潔淨能源ETF基金本基金非屬環境、社會及治理相關主題基金
野村澳洲10年期以上主權及類主權債券ETF基金(本基金之配息來源可能為收益平準金),野村投信,境內,ET003004/806,,108.0,-0.39,2.08,0.52,,,,,,,,08/18,野村澳洲10年期以上主權及類主權債券ETF基金本基金之配息來源可能為收益平準金
合庫標普利變特別股收益指數基金-B配息(台幣)(本基金之配息來源可能為本金),合作金庫投信,境內,ET003004/806,,109.0,-0.92,0.23,0.49,7.04,16.69,21.18,,,,,08/18,合庫標普利變特別股收益指數基金B配息台幣本基金之配息來源可能為本金
合庫標普利變特別股收益指數基金-A不配息(台幣),合作金庫投信,境內,ET003004/806,,110.0,-0.92,0.23,0.47,7.05,16.62,21.11,,,,,08/18,合庫標普利變特別股收益指數基金A不配息台幣
合庫標普利變特別股收益指數基金-NB配息(台幣)(本基金之配息來源可能為本金),合作金庫投信,境內,ET003004/806,,111.0,-0.85,0.32,0.44,7.08,16.57,21.15,,,,,08/18,合庫標普利變特別股收益指數基金NB配息台幣本基金之配息來源可能為本金
復華新興亞洲3至10年期美元債券指數基金(台幣)(本基金有相當比重投資於非投資等級之高風險債券),復華投信,境內,ET003004/806,,112.0,-1.04,1.75,0.38,8.38,16.7,13.91,,,,,08/18,復華新興亞洲3至10年期美元債券指數基金台幣本基金有相當比重投資於非投資等級之高風險債券
元大大中華價值指數基金(人民幣),元大投信,境內,ET003004/806,,113.0,4.58,2.77,0.0,5.7,59.11,39.07,75.92,,,,08/18,元大大中華價值指數基金人民幣
復華富時不動產證券化基金(基金之配息來源可能為收益平準金),復華投信,境內,ET003004/806,,114.0,-2.43,4.48,-0.04,11.35,17.36,-3.95,,,,,08/18,復華富時不動產證券化基金基金之配息來源可能為收益平準金
中國信託美國聚焦成長基金-A累積型(台幣),中國信託投信,境內,ET003004/806,,115.0,0.69,-5.51,-0.19,2.09,,,,,,,08/18,中國信託美國聚焦成長基金A累積型台幣
中國信託美國聚焦成長基金-N累積型(台幣),中國信託投信,境內,ET003004/806,,116.0,0.69,-5.56,-0.29,0.69,,,,,,,08/18,中國信託美國聚焦成長基金N累積型台幣
合庫標普利變特別股收益指數基金-NB配息(美元)(本基金之配息來源可能為本金),合作金庫投信,境內,ET003004/806,,117.0,0.0,-0.62,-0.35,2.03,17.01,9.29,,,,,08/18,合庫標普利變特別股收益指數基金NB配息美元本基金之配息來源可能為本金
復華新興市場3年期以上美元主權及類主權債券指數基金(台幣)(本基金有相當比重投資於非投資等級之高風險債券),復華投信,境內,ET003004/806,,118.0,-1.72,1.78,-0.37,9.35,20.09,14.89,,,,,08/18,復華新興市場3年期以上美元主權及類主權債券指數基金台幣本基金有相當比重投資於非投資等級之高風險債券
合庫標普利變特別股收益指數基金-B配息(美元)(本基金之配息來源可能為本金),合作金庫投信,境內,ET003004/806,,119.0,-0.04,-0.66,-0.37,1.97,17.17,9.88,,,,,08/18,合庫標普利變特別股收益指數基金B配息美元本基金之配息來源可能為本金
合庫標普利變特別股收益指數基金-A不配息(美元),合作金庫投信,境內,ET003004/806,,120.0,-0.08,-0.64,-0.4,1.97,17.08,9.73,,,,,08/18,合庫標普利變特別股收益指數基金A不配息美元
復華新興亞洲3至10年期美元債券指數基金(美元)(本基金有相當比重投資於非投資等級之高風險債券),復華投信,境內,ET003004/806,,121.0,0.0,0.5,-0.99,1.94,16.76,-0.8,,,,,08/18,復華新興亞洲3至10年期美元債券指數基金美元本基金有相當比重投資於非投資等級之高風險債券
復華5至10年期投資等級債券指數基金(台幣),復華投信,境內,ET003004/806,,122.0,-1.4,1.55,-1.01,7.42,12.19,7.65,,,,,08/18,復華5至10年期投資等級債券指數基金台幣
富邦標普美國特別股ETF基金,富邦投信,境內,ET003004/806,,123.0,-0.74,-0.33,-1.18,5.5,13.4,7.31,,,,,08/18,富邦標普美國特別股ETF基金
中國信託美國聚焦成長基金-N累積型(美元),中國信託投信,境內,ET003004/806,,124.0,1.17,-6.2,-1.23,-5.64,,,,,,,08/18,中國信託美國聚焦成長基金N累積型美元
中國信託美國聚焦成長基金-A累積型(美元),中國信託投信,境內,ET003004/806,,125.0,1.08,-6.28,-1.24,-5.73,,,,,,,08/18,中國信託美國聚焦成長基金A累積型美元
永豐滬深300紅利指數基金(人民幣),永豐投信,境內,ET003004/806,,126.0,2.92,1.73,-1.33,-1.05,20.48,23.53,,,,,08/18,永豐滬深300紅利指數基金人民幣
群益深証中小100基金(人民幣),群益投信,境內,ET003004/806,,127.0,-1.02,-11.21,-1.52,17.22,28.48,-7.62,,,,,08/19,群益深証中小100基金人民幣
富邦上証180基金(台幣),富邦投信,境內,ET003004/806,,128.0,2.51,-1.99,-1.69,20.28,33.8,13.42,45.28,,,,08/19,富邦上証180基金台幣
富邦中國中証中小500ETF基金,富邦投信,境內,ET003004/806,,129.0,2.8,-7.24,-1.7,31.38,44.83,21.41,,,,,08/19,富邦中國中証中小500ETF基金
復華新興市場3年期以上美元主權及類主權債券指數基金(美元)(本基金有相當比重投資於非投資等級之高風險債券),復華投信,境內,ET003004/806,,130.0,-0.67,0.48,-1.71,2.98,20.16,0.19,,,,,08/18,復華新興市場3年期以上美元主權及類主權債券指數基金美元本基金有相當比重投資於非投資等級之高風險債券
元大上證50基金,元大投信,境內,ET003004/806,,131.0,2.0,1.1,-2.12,18.51,30.95,9.32,41.5,,,,08/19,元大上證50基金
台新中証消費服務領先指數基金-N類型(台幣),台新投信,境內,ET003004/806,,132.0,2.68,2.28,-2.13,4.99,5.12,-26.52,,,,,08/18,台新中証消費服務領先指數基金N類型台幣
台新中証消費服務領先指數基金-I不配息(台幣),台新投信,境內,ET003004/806,,133.0,2.68,2.28,-2.13,4.99,2.61,-27.08,,,,,08/18,台新中証消費服務領先指數基金I不配息台幣
台新中証消費服務領先指數基金-A不配息(台幣),台新投信,境內,ET003004/806,,134.0,2.68,2.28,-2.13,4.99,5.12,-26.52,45.17,,,,08/18,台新中証消費服務領先指數基金A不配息台幣
復華5至10年期投資等級債券指數基金(美元),復華投信,境內,ET003004/806,,135.0,-0.41,0.21,-2.33,1.05,12.08,-6.31,,,,,08/18,復華5至10年期投資等級債券指數基金美元
富蘭克林華美10年期以上投資級美元金融債ETF基金(本基金之配息來源可能為收益平準金),富蘭克林華美投信,境內,ET003004/806,,136.0,-3.18,0.06,-2.41,,,,,,,,08/18,富蘭克林華美10年期以上投資級美元金融債ETF基金本基金之配息來源可能為收益平準金
合庫標普利變特別股收益指數基金-B配息(人民幣)(本基金之配息來源可能為本金),合作金庫投信,境內,ET003004/806,,137.0,-0.58,-1.45,-2.65,-4.28,8.28,7.08,,,,,08/18,合庫標普利變特別股收益指數基金B配息人民幣本基金之配息來源可能為本金
合庫標普利變特別股收益指數基金-A不配息(人民幣),合作金庫投信,境內,ET003004/806,,138.0,-0.63,-1.55,-2.68,-4.22,8.18,6.99,,,,,08/18,合庫標普利變特別股收益指數基金A不配息人民幣
元大標普美國高息特別股ETF基金(本基金並無保證收益及配息),元大投信,境內,ET003004/806,,139.0,-3.16,-1.76,-2.79,3.24,10.9,1.93,,,,,08/18,元大標普美國高息特別股ETF基金本基金並無保證收益及配息
永豐10年期以上美元A級公司債券ETF基金(本基金之配息來源可能為收益平準金且並無保證收益及配息),永豐投信,境內,ET003004/806,,140.0,-3.92,-1.06,-2.79,5.43,7.7,-14.01,,,,,08/18,永豐10年期以上美元A級公司債券ETF基金本基金之配息來源可能為收益平準金且並無保證收益及配息
台新富時15年以上特選產業美元投資等級債券ETF基金,台新投信,境內,ET003004/806,,141.0,-3.71,0.15,-3.04,5.4,9.16,-11.67,,,,,08/18,台新富時15年以上特選產業美元投資等級債券ETF基金
國泰10年期以上A等級美元公司債券ETF基金(基金之配息來源可能為收益平準金),國泰投信,境內,ET003004/806,,142.0,-3.85,-1.14,-3.13,5.94,7.72,-9.72,,,,,08/18,國泰10年期以上A等級美元公司債券ETF基金基金之配息來源可能為收益平準金
台新15年期(以上)美元金融債券ETF基金,台新投信,境內,ET003004/806,,143.0,-3.26,0.95,-3.15,5.71,15.13,-6.03,,,,,08/18,台新15年期以上美元金融債券ETF基金
富邦富時越南ETF基金,富邦投信,境內,ET003004/806,,144.0,-4.36,-10.13,-3.2,12.56,30.85,4.59,,,,,08/19,富邦富時越南ETF基金
凱基25年期以上美國公債ETF基金(基金之配息來源可能為收益平準金),凱基投信,境內,ET003004/806,,145.0,-4.24,0.06,-3.47,5.46,-2.36,-27.89,,,,,08/18,凱基25年期以上美國公債ETF基金基金之配息來源可能為收益平準金
台新中証消費服務領先指數基金-N類型(美元),台新投信,境內,ET003004/806,,146.0,3.78,0.99,-3.56,-1.24,4.97,-36.04,,,,,08/18,台新中証消費服務領先指數基金N類型美元
台新中証消費服務領先指數基金-A不配息(美元),台新投信,境內,ET003004/806,,147.0,3.77,0.99,-3.58,-1.23,5.13,-35.93,,,,,08/18,台新中証消費服務領先指數基金A不配息美元
台新中証消費服務領先指數基金-I不配息(美元),台新投信,境內,ET003004/806,,148.0,3.77,0.99,-3.58,-1.23,5.13,-35.93,,,,,08/18,台新中証消費服務領先指數基金I不配息美元
凱基20年期以上美元金融債券ETF基金(基金之配息來源可能為收益平準金),凱基投信,境內,ET003004/806,,149.0,-3.72,-0.91,-3.59,5.26,12.18,-8.52,,,,,08/18,凱基20年期以上美元金融債券ETF基金基金之配息來源可能為收益平準金
凱基15年期以上AAA至A級美元公司債券ETF基金(基金之配息來源可能為收益平準金),凱基投信,境內,ET003004/806,,150.0,-4.24,-1.51,-3.61,4.33,6.78,-11.67,,,,,08/18,凱基15年期以上AAA至A級美元公司債券ETF基金基金之配息來源可能為收益平準金
富邦上証180單日反向一倍基金,富邦投信,境內,ET003004/806,,151.0,-3.98,0.96,-3.68,-10.54,-31.89,-25.06,-66.91,,,,08/19,富邦上証180單日反向一倍基金
元大滬深300單日反向1倍基金(本基金為策略交易型產品且投資具有反向操作風險，故本基金不適合長期持有，僅符合臺灣證券交易所訂適格條件之投資人始得交易),元大投信,境內,ET003004/806,,152.0,-4.14,1.05,-4.01,-8.21,-31.32,-21.89,-62.8,,,,08/19,元大滬深300單日反向1倍基金本基金為策略交易型產品且投資具有反向操作風險，故本基金不適合長期持有，僅符合臺灣證券交易所訂適格條件之投資人始得交易
國泰富時中國A50單日反向1倍基金,國泰投信,境內,ET003004/806,,153.0,-4.52,0.68,-4.21,-8.78,-31.95,-24.68,-66.76,,,,08/19,國泰富時中國A50單日反向1倍基金
中國信託日本商社及批發ETF基金,中國信託投信,境內,ET003004/806,,154.0,8.05,-3.68,-4.28,44.75,,,,,,,08/18,中國信託日本商社及批發ETF基金
中國信託�琤秅什穈牧悎余TF基金(基金之配息來源可能為收益平準金且基金並無保證收益及配息),中國信託投信,境內,ET003004/806,,155.0,1.15,-2.71,-4.57,14.28,71.52,50.99,,,,,08/18,中國信託�琤秅什穈牧悎余TF基金基金之配息來源可能為收益平準金且基金並無保證收益及配息
台新15年期(以上)A-BBB美元電信債券ETF基金,台新投信,境內,ET003004/806,,156.0,-4.16,-0.97,-4.64,2.52,13.86,-8.33,,,,,08/18,台新15年期以上ABBB美元電信債券ETF基金
中國信託電池及儲能科技ETF基金,中國信託投信,境內,ET003004/806,,157.0,8.54,-15.88,-4.99,43.22,16.47,,,,,,08/18,中國信託電池及儲能科技ETF基金
國泰道瓊工業平均指數單日反向1倍基金,國泰投信,境內,ET003004/806,,158.0,-2.62,-6.13,-5.27,-13.02,-34.22,-34.13,,,,,08/18,國泰道瓊工業平均指數單日反向1倍基金
富邦上証180基金(人民幣),富邦投信,境內,ET003004/806,,159.0,3.12,-3.91,-5.81,6.17,23.21,2.75,45.52,,,,08/19,富邦上証180基金人民幣
富邦日本東証單日反向一倍基金(本基金採匯率避險),富邦投信,境內,ET003004/806,,160.0,-3.09,-4.57,-6.93,-26.27,-54.09,-65.35,-82.38,,,,08/19,富邦日本東証單日反向一倍基金本基金採匯率避險
富邦�琤肭磪贙TF基金,富邦投信,境內,ET003004/806,,161.0,2.88,0.29,-7.3,-1.07,42.4,9.29,,,,,08/19,富邦�琤肭磪贙TF基金
元大標普500單日反向1倍基金(本基金為策略交易型產品且投資具有反向操作風險，故本基金不適合長期持有，僅符合臺灣證券交易所訂適格條件之投資人始得交易),元大投信,境內,ET003004/806,,162.0,-3.21,-3.21,-9.26,-14.04,-42.1,-43.84,-78.26,,,,08/18,元大標普500單日反向1倍基金本基金為策略交易型產品且投資具有反向操作風險，故本基金不適合長期持有，僅符合臺灣證券交易所訂適格條件之投資人始得交易
國泰大和日本不動產收息ETF基金(本基金並無保證收益及配息),國泰投信,境內,ET003004/806,,163.0,-1.52,0.78,-9.63,,,,,,,,08/19,國泰大和日本不動產收息ETF基金本基金並無保證收益及配息
富邦印度NIFTY基金,富邦投信,境內,ET003004/806,,164.0,-1.27,4.13,-10.16,-5.76,4.07,20.84,55.14,,,,08/18,富邦印度NIFTY基金
台新MSCI中國基金,台新投信,境內,ET003004/806,,165.0,2.76,-1.5,-10.94,-4.18,30.01,-5.15,,,,,08/18,台新MSCI中國基金
中國信託MSCI中國外資自由投資50不含A及B股ETF基金,中國信託投信,境內,ET003004/806,,166.0,1.96,-0.93,-11.38,-4.25,30.46,-1.64,,,,,08/18,中國信託MSCI中國外資自由投資50不含A及B股ETF基金
元大巴西指數基金,元大投信,境內,ET003004/806,,167.0,-5.51,-6.87,-12.42,29.48,24.31,48.4,41.62,,,,08/18,元大巴西指數基金
台新�琤肮鴔獂�數基金(台幣),台新投信,境內,ET003004/806,,168.0,0.41,-2.02,-13.7,-13.08,5.43,-22.28,,,,,08/18,台新�琤肮鴔獂�數基金台幣
台新�琤肮鴔獂�數基金(美元),台新投信,境內,ET003004/806,,169.0,1.67,-3.19,-15.0,-18.43,5.46,-32.32,,,,,08/18,台新�琤肮鴔獂�數基金美元
富邦NASDAQ-100單日反向一倍基金(本基金採匯率避險),富邦投信,境內,ET003004/806,,170.0,-3.17,-2.01,-15.28,-19.74,-50.91,-55.15,,,,,08/18,富邦NASDAQ100單日反向一倍基金本基金採匯率避險
富邦�琤肭磪瓥璊擖縝V兩倍基金,富邦投信,境內,ET003004/806,,171.0,7.5,-3.47,-16.94,-13.21,37.9,-43.52,-58.09,,,,08/19,富邦�琤肭磪瓥璊擖縝V兩倍基金
台新�琤肮鴔獂�數基金(人民幣),台新投信,境內,ET003004/806,,172.0,1.14,-4.11,-17.04,-23.36,-2.42,-29.46,,,,,08/18,台新�琤肮鴔獂�數基金人民幣
富邦印度NIFTY單日正向兩倍基金,富邦投信,境內,ET003004/806,,173.0,-2.13,4.2,-17.19,-15.32,-2.13,11.77,95.46,,,,08/18,富邦印度NIFTY單日正向兩倍基金
元大印尼指數基金,元大投信,境內,ET003004/806,,174.0,-2.37,-5.98,-31.22,-33.05,-46.95,-27.28,-44.79,,,,08/18,元大印尼指數基金
野村全球稀土與關鍵資源ETF基金,野村投信,境內,ET003004/806,,175.0,18.1,,,,,,,,,,08/18,野村全球稀土與關鍵資源ETF基金
大華銀韓國KOSPI 50 ETF基金,大華銀投信,境內,ET003004/806,,176.0,,,,,,,,,,,08/18,大華銀韓國KOSPI50ETF基金
玉山未來全球算力ETF基金(本基金之配息來源可能為收益平準金),玉山投信,境內,ET003004/806,,177.0,,,,,,,,,,,08/18,玉山未來全球算力ETF基金本基金之配息來源可能為收益平準金
富邦深証100基金(人民幣),富邦投信,境內,ET003004/806,,178.0,,,,,,,,,,,08/19,富邦深証100基金人民幣
中國信託美國數據中心及電力ETF基金,中國信託投信,境內,ET003004/806,,179.0,2.45,0.7,,,,,,,,,08/18,中國信託美國數據中心及電力ETF基金
中國信託台日韓PCB ETF基金,中國信託投信,境內,ET003004/806,,180.0,,,,,,,,,,,08/19,中國信託台日韓PCBETF基金
復華全球AI動力成長指數基金(台幣),復華投信,境內,ET003004/806,,181.0,3.74,,,,,,,,,,08/18,復華全球AI動力成長指數基金台幣
復華全球AI動力成長指數基金(美元),復華投信,境內,ET003004/806,,182.0,4.82,,,,,,,,,,08/18,復華全球AI動力成長指數基金美元
復華全球創新金融指數基金(台幣),復華投信,境內,ET003004/806,,183.0,0.97,,,,,,,,,,08/18,復華全球創新金融指數基金台幣
復華全球創新金融指數基金(美元),復華投信,境內,ET003004/806,,184.0,1.97,,,,,,,,,,08/18,復華全球創新金融指數基金美元
貝萊德iShares安碩世界股票ETF基金,貝萊德投信,境內,ET003004/806,,185.0,,,,,,,,,,,08/18,貝萊德iShares安碩世界股票ETF基金
台新美國標普日常消費品精選行業指數基金-A不配息(台幣),台新投信,境內,ET003004/806,,186.0,-1.53,-0.48,,,,,,,,,08/18,台新美國標普日常消費品精選行業指數基金A不配息台幣
台新美國標普日常消費品精選行業指數基金-B配息(台幣),台新投信,境內,ET003004/806,,187.0,-1.62,-0.58,,,,,,,,,08/18,台新美國標普日常消費品精選行業指數基金B配息台幣
台新美國標普日常消費品精選行業指數基金-I不配息(台幣),台新投信,境內,ET003004/806,,188.0,0.0,0.0,,,,,,,,,08/18,台新美國標普日常消費品精選行業指數基金I不配息台幣
台新美國標普日常消費品精選行業指數基金-A不配息(美元),台新投信,境內,ET003004/806,,189.0,-0.48,-2.0,,,,,,,,,08/18,台新美國標普日常消費品精選行業指數基金A不配息美元
台新美國標普日常消費品精選行業指數基金-B配息(美元),台新投信,境內,ET003004/806,,190.0,-0.58,-1.9,,,,,,,,,08/18,台新美國標普日常消費品精選行業指數基金B配息美元
台新美國標普日常消費品精選行業指數基金-I不配息(美元),台新投信,境內,ET003004/806,,191.0,0.0,0.0,,,,,,,,,08/18,台新美國標普日常消費品精選行業指數基金I不配息美元
台新彭博美國成長指數基金(台幣),台新投信,境內,ET003004/806,,192.0,3.97,5.97,,,,,,,,,08/18,台新彭博美國成長指數基金台幣
台新彭博美國成長指數基金(美元),台新投信,境內,ET003004/806,,193.0,5.08,4.77,,,,,,,,,08/18,台新彭博美國成長指數基金美元
聯邦美國金融創新ETF基金(本基金之配息來源可能為收益平準金),聯邦投信,境內,ET003004/806,,194.0,2.04,,,,,,,,,,08/18,聯邦美國金融創新ETF基金本基金之配息來源可能為收益平準金
華南永昌NASDAQ 100科技ETF基金,華南永昌投信,境內,ET003004/806,,195.0,1.78,5.81,,,,,,,,,08/18,華南永昌NASDAQ100科技ETF基金
華南永昌全球未來金融優選30 ETF基金,華南永昌投信,境內,ET003004/806,,196.0,-1.48,,,,,,,,,,08/18,華南永昌全球未來金融優選30ETF基金
元大納斯達克100增強成長精選ETF基金,元大投信,境內,ET003004/806,,197.0,2.37,-2.46,,,,,,,,,08/18,元大納斯達克100增強成長精選ETF基金
復華�琤苀璊擗浀V一倍基金,復華投信,境內,ET003005/806,,1.0,-4.59,-0.76,3.38,-5.8,-43.29,-32.11,-56.49,,,,08/19,復華�琤苀璊擗浀V一倍基金
復華�琤苀璊擖縝V二倍基金,復華投信,境內,ET003006/806,,1.0,7.08,-1.03,-11.23,4.11,59.93,-26.54,-18.95,,,,08/19,復華�琤苀璊擖縝V二倍基金
中國信託MSCI中國外資自由投資50不含A及B股單日正向2倍ETF基金(本子基金為策略交易型產品，且投資具有槓桿操作風險，故本子基金不適合長期持有，僅符合臺灣證券交易所訂適格條件之投資人始得交易),中國信託投信,境內,ET003006/806,,2.0,5.65,-6.38,-23.86,-18.88,12.24,-62.91,,,,,08/18,中國信託MSCI中國外資自由投資50不含A及B股單日正向2倍ETF基金本子基金為策略交易型產品，且投資具有槓桿操作風險，故本子基金不適合長期持有，僅符合臺灣證券交易所訂適格條件之投資人始得交易
統一全球創新主動式ETF基金(基金之配息來源可能為收益平準金),統一投信,境內,ET003007/806,,1.0,1.98,-8.27,39.24,,,,,,,,08/18,統一全球創新主動式ETF基金基金之配息來源可能為收益平準金
元大全球AI新經濟主動式ETF基金,元大投信,境內,ET003007/806,,2.0,1.39,-5.43,35.56,,,,,,,,08/18,元大全球AI新經濟主動式ETF基金
摩根大美國領先科技主動式ETF基金(本基金之配息來源可能為收益平準金),摩根投信,境內,ET003007/806,,3.0,0.95,0.47,19.16,,,,,,,,08/18,摩根大美國領先科技主動式ETF基金本基金之配息來源可能為收益平準金
台新全球龍頭成長主動式ETF基金,台新投信,境內,ET003007/806,,4.0,2.24,2.02,18.96,46.2,,,,,,,08/18,台新全球龍頭成長主動式ETF基金
中國信託ARK創新主動式ETF基金,中國信託投信,境內,ET003007/806,,5.0,0.86,4.34,9.18,2.62,,,,,,,08/18,中國信託ARK創新主動式ETF基金
復華全球金融股票入息主動式ETF基金(基金之配息來源可能為收益平準金且本基金並無保證收益及配息),復華投信,境內,ET003007/806,,6.0,5.74,17.57,,,,,,,,,08/18,復華全球金融股票入息主動式ETF基金基金之配息來源可能為收益平準金且本基金並無保證收益及配息
復華全球未來50主動式ETF基金,復華投信,境內,ET003007/806,,7.0,,,,,,,,,,,08/18,復華全球未來50主動式ETF基金
群益美國增長主動式ETF基金(本基金之配息來源可能為收益平準金),群益投信,境內,ET003007/806,,8.0,3.21,0.08,,,,,,,,,08/18,群益美國增長主動式ETF基金本基金之配息來源可能為收益平準金
安聯美國科技領航主動式ETF基金(本基金之配息來源可能為收益平準金),安聯投信,境內,ET003007/806,,9.0,2.75,,,,,,,,,,08/18,安聯美國科技領航主動式ETF基金本基金之配息來源可能為收益平準金
統一前沿科技主動式ETF基金(基金之配息來源可能為收益平準金),統一投信,境內,ET003007/806,,10.0,,,,,,,,,,,08/18,統一前沿科技主動式ETF基金基金之配息來源可能為收益平準金
聯邦金鑽平衡基金-NA不配息(台幣),聯邦投信,境內,ET004001/806,,1.0,14.46,9.27,54.48,118.6,,,,,,,08/19,聯邦金鑽平衡基金NA不配息台幣
聯邦金鑽平衡基金-A不配息(台幣),聯邦投信,境內,ET004001/806,,2.0,14.46,9.27,54.48,118.59,210.82,195.87,544.95,,,,08/19,聯邦金鑽平衡基金A不配息台幣
群益安家基金,群益投信,境內,ET004001/806,,3.0,11.74,10.98,53.45,108.3,133.54,140.24,355.57,,,,08/19,群益安家基金
第一金中概平衡基金,第一金投信,境內,ET004001/806,,4.0,14.86,8.25,53.32,123.54,197.76,253.9,608.5,,,,08/19,第一金中概平衡基金
野村平衡基金-TISA類型(台幣),野村投信,境內,ET004001/806,,5.0,17.86,13.07,51.54,,,,,,,,08/19,野村平衡基金TISA類型台幣
野村平衡基金-累積型(台幣),野村投信,境內,ET004001/806,,6.0,17.79,12.88,51.05,110.34,204.8,318.96,775.71,,,,08/19,野村平衡基金累積型台幣
野村鴻利基金,野村投信,境內,ET004001/806,,7.0,14.77,11.76,48.78,108.56,180.17,287.0,793.42,,,,08/19,野村鴻利基金
兆豐萬全基金-R類型,兆豐投信,境內,ET004001/806,,8.0,12.8,11.63,47.57,104.68,136.63,,,,,,08/19,兆豐萬全基金R類型
兆豐萬全基金-A類型,兆豐投信,境內,ET004001/806,,9.0,12.77,11.59,47.34,104.16,134.71,151.91,386.63,,,,08/19,兆豐萬全基金A類型
復華傳家基金,復華投信,境內,ET004001/806,,10.0,10.24,7.24,47.08,108.55,199.09,213.5,394.62,,,,08/19,復華傳家基金
復華神盾基金,復華投信,境內,ET004001/806,,11.0,9.97,6.97,46.67,100.55,159.57,165.04,461.27,,,,08/19,復華神盾基金
群益真善美基金,群益投信,境內,ET004001/806,,12.0,11.7,6.09,46.03,97.62,121.69,175.02,227.0,,,,08/19,群益真善美基金
復華人生目標基金,復華投信,境內,ET004001/806,,13.0,8.05,3.24,43.9,98.42,154.09,161.17,430.54,,,,08/19,復華人生目標基金
復華傳家二號基金,復華投信,境內,ET004001/806,,14.0,8.15,3.27,43.85,98.48,157.9,172.39,518.57,,,,08/19,復華傳家二號基金
永豐趨勢平衡基金,永豐投信,境內,ET004001/806,,15.0,9.1,12.28,42.4,92.96,150.1,137.08,257.95,,,,08/19,永豐趨勢平衡基金
匯豐安富基金,匯豐投信,境內,ET004001/806,,16.0,11.18,5.7,39.06,78.11,150.4,162.11,310.13,,,,08/19,匯豐安富基金
台新高股息平衡基金-B配息(本基金並無保證收益及配息),台新投信,境內,ET004001/806,,17.0,9.37,7.35,34.87,36.37,118.71,188.49,,,,,08/19,台新高股息平衡基金B配息本基金並無保證收益及配息
台新高股息平衡基金-NB配息(本基金並無保證收益及配息),台新投信,境內,ET004001/806,,18.0,9.37,7.35,34.87,36.37,118.71,188.49,,,,,08/19,台新高股息平衡基金NB配息本基金並無保證收益及配息
台新高股息平衡基金-NA不配息(本基金並無保證收益及配息),台新投信,境內,ET004001/806,,19.0,9.36,7.34,34.86,36.37,118.59,188.31,,,,,08/19,台新高股息平衡基金NA不配息本基金並無保證收益及配息
台新高股息平衡基金-A不配息(本基金並無保證收益及配息),台新投信,境內,ET004001/806,,20.0,9.36,7.34,34.86,36.37,118.59,188.31,367.19,,,,08/19,台新高股息平衡基金A不配息本基金並無保證收益及配息
瀚亞理財通基金B配息(台幣)(本基金配息來源可能為本金),瀚亞投信,境內,ET004001/806,,21.0,3.86,12.3,22.75,45.02,78.17,,,,,,08/19,瀚亞理財通基金B配息台幣本基金配息來源可能為本金
瀚亞理財通基金A不配息(台幣),瀚亞投信,境內,ET004001/806,,22.0,3.88,12.27,22.72,45.06,78.12,83.25,245.13,,,,08/19,瀚亞理財通基金A不配息台幣
台新高股息平衡基金-TISA類型(本基金並無保證收益及配息),台新投信,境內,ET004001/806,,23.0,9.21,7.19,,,,,,,,,08/19,台新高股息平衡基金TISA類型本基金並無保證收益及配息
群益平衡王基金,群益投信,境內,ET004002/806,,1.0,8.74,12.09,69.33,102.61,143.4,201.02,337.69,,,,08/19,群益平衡王基金
摩根平衡基金,摩根投信,境內,ET004002/806,,2.0,4.96,9.94,38.5,76.19,147.17,168.74,334.03,,,,08/19,摩根平衡基金
玉山金平衡基金-R累積型(本基金有相當比重投資於非投資等級之高風險債券),玉山投信,境內,ET004002/806,,3.0,8.67,5.77,28.14,58.5,119.2,,,,,,08/19,玉山金平衡基金R累積型本基金有相當比重投資於非投資等級之高風險債券
玉山金平衡基金-A累積型(本基金有相當比重投資於非投資等級之高風險債券),玉山投信,境內,ET004002/806,,4.0,8.63,5.7,27.96,58.16,117.73,122.58,291.69,,,,08/19,玉山金平衡基金A累積型本基金有相當比重投資於非投資等級之高風險債券
聯邦環太平洋平衡基金-ND月配息(美元)(本基金有相當比重投資於非投資等級之高風險債券且基金之配息來源可能為本金),聯邦投信,境內,ET004003/806,,1.0,5.44,12.6,167.2,216.3,322.81,,,,,,08/18,聯邦環太平洋平衡基金ND月配息美元本基金有相當比重投資於非投資等級之高風險債券且基金之配息來源可能為本金
復華亞太平衡基金(本基金有相當比重投資於非投資等級之高風險債券),復華投信,境內,ET004003/806,,2.0,1.58,3.92,46.37,105.65,150.0,100.84,187.71,,,,08/18,復華亞太平衡基金本基金有相當比重投資於非投資等級之高風險債券
聯邦環太平洋平衡基金-ND月配息(台幣)(本基金有相當比重投資於非投資等級之高風險債券且基金之配息來源可能為本金),聯邦投信,境內,ET004003/806,,3.0,4.31,14.13,43.91,200.71,278.55,,,,,,08/18,聯邦環太平洋平衡基金ND月配息台幣本基金有相當比重投資於非投資等級之高風險債券且基金之配息來源可能為本金
聯邦環太平洋平衡基金-NA不配息(台幣)(本基金有相當比重投資於非投資等級之高風險債券且基金之配息來源可能為本金),聯邦投信,境內,ET004003/806,,4.0,4.32,14.11,43.89,78.67,124.77,,,,,,08/18,聯邦環太平洋平衡基金NA不配息台幣本基金有相當比重投資於非投資等級之高風險債券且基金之配息來源可能為本金
聯邦環太平洋平衡基金-A不配息(台幣)(本基金有相當比重投資於非投資等級之高風險債券且基金之配息來源可能為本金),聯邦投信,境內,ET004003/806,,5.0,4.31,14.12,43.89,76.37,126.92,122.93,264.95,,,,08/18,聯邦環太平洋平衡基金A不配息台幣本基金有相當比重投資於非投資等級之高風險債券且基金之配息來源可能為本金
聯邦環太平洋平衡基金-B月配息(台幣)(本基金有相當比重投資於非投資等級之高風險債券且基金之配息來源可能為本金),聯邦投信,境內,ET004003/806,,6.0,4.31,14.11,43.89,76.19,127.43,121.45,260.06,,,,08/18,聯邦環太平洋平衡基金B月配息台幣本基金有相當比重投資於非投資等級之高風險債券且基金之配息來源可能為本金
聯邦環太平洋平衡基金-B月配息(美元)(本基金有相當比重投資於非投資等級之高風險債券且基金之配息來源可能為本金),聯邦投信,境內,ET004003/806,,7.0,5.44,12.7,41.99,68.14,124.91,98.08,,,,,08/18,聯邦環太平洋平衡基金B月配息美元本基金有相當比重投資於非投資等級之高風險債券且基金之配息來源可能為本金
聯邦環太平洋平衡基金-NA不配息(美元)(本基金有相當比重投資於非投資等級之高風險債券且基金之配息來源可能為本金),聯邦投信,境內,ET004003/806,,8.0,5.43,12.69,41.97,68.12,124.66,,,,,,08/18,聯邦環太平洋平衡基金NA不配息美元本基金有相當比重投資於非投資等級之高風險債券且基金之配息來源可能為本金
聯邦環太平洋平衡基金-A不配息(美元)(本基金有相當比重投資於非投資等級之高風險債券且基金之配息來源可能為本金),聯邦投信,境內,ET004003/806,,9.0,5.43,12.69,41.97,68.1,124.66,97.88,,,,,08/18,聯邦環太平洋平衡基金A不配息美元本基金有相當比重投資於非投資等級之高風險債券且基金之配息來源可能為本金
聯邦環太平洋平衡基金-B月配息(人民幣避險)(本基金有相當比重投資於非投資等級之高風險債券且基金之配息來源可能為本金),聯邦投信,境內,ET004003/806,,10.0,4.92,11.69,38.75,59.41,104.73,88.98,,,,,08/18,聯邦環太平洋平衡基金B月配息人民幣避險本基金有相當比重投資於非投資等級之高風險債券且基金之配息來源可能為本金
聯邦環太平洋平衡基金-A不配息(人民幣避險)(本基金有相當比重投資於非投資等級之高風險債券且基金之配息來源可能為本金),聯邦投信,境內,ET004003/806,,11.0,4.92,11.69,38.75,59.29,107.83,90.42,246.96,,,,08/18,聯邦環太平洋平衡基金A不配息人民幣避險本基金有相當比重投資於非投資等級之高風險債券且基金之配息來源可能為本金
群益亞太新趨勢平衡基金,群益投信,境內,ET004003/806,,12.0,2.55,-1.14,35.04,86.36,142.73,92.99,157.61,,,,08/18,群益亞太新趨勢平衡基金
國泰亞太入息平衡基金-B配息(台幣)(本基金有相當比重投資於非投資等級之高風險債券，基金並無保證收益及配息且配息來源可能為本金),國泰投信,境內,ET004003/806,,13.0,2.5,0.75,34.61,103.16,156.6,123.98,161.58,,,,08/18,國泰亞太入息平衡基金B配息台幣本基金有相當比重投資於非投資等級之高風險債券，基金並無保證收益及配息且配息來源可能為本金
國泰亞太入息平衡基金-A不配息(台幣)(本基金有相當比重投資於非投資等級之高風險債券，基金並無保證收益及配息且配息來源可能為本金),國泰投信,境內,ET004003/806,,14.0,2.5,0.75,34.6,103.15,156.59,123.97,161.56,,,,08/18,國泰亞太入息平衡基金A不配息台幣本基金有相當比重投資於非投資等級之高風險債券，基金並無保證收益及配息且配息來源可能為本金
國泰亞太入息平衡基金-A不配息(美元)(本基金有相當比重投資於非投資等級之高風險債券，基金並無保證收益及配息且配息來源可能為本金),國泰投信,境內,ET004003/806,,15.0,3.6,-0.51,32.82,91.15,156.55,95.19,156.77,,,,08/18,國泰亞太入息平衡基金A不配息美元本基金有相當比重投資於非投資等級之高風險債券，基金並無保證收益及配息且配息來源可能為本金
國泰亞太入息平衡基金-B配息(美元)(本基金有相當比重投資於非投資等級之高風險債券，基金並無保證收益及配息且配息來源可能為本金),國泰投信,境內,ET004003/806,,16.0,3.61,-0.52,32.8,91.13,156.63,95.24,156.82,,,,08/18,國泰亞太入息平衡基金B配息美元本基金有相當比重投資於非投資等級之高風險債券，基金並無保證收益及配息且配息來源可能為本金
國泰亞太入息平衡基金-A不配息(澳幣)(本基金有相當比重投資於非投資等級之高風險債券，基金並無保證收益及配息且配息來源可能為本金),國泰投信,境內,ET004003/806,,17.0,2.08,0.61,32.53,75.04,131.87,99.18,178.34,,,,08/18,國泰亞太入息平衡基金A不配息澳幣本基金有相當比重投資於非投資等級之高風險債券，基金並無保證收益及配息且配息來源可能為本金
國泰亞太入息平衡基金-A不配息(人民幣)(本基金有相當比重投資於非投資等級之高風險債券，基金並無保證收益及配息且配息來源可能為本金),國泰投信,境內,ET004003/806,,18.0,3.13,-1.29,29.82,79.41,136.89,103.07,159.99,,,,08/18,國泰亞太入息平衡基金A不配息人民幣本基金有相當比重投資於非投資等級之高風險債券，基金並無保證收益及配息且配息來源可能為本金
復華全球平衡基金(美元)(本基金有相當比重投資於非投資等級之高風險債券),復華投信,境內,ET004003/806,,19.0,1.79,-1.55,26.96,74.17,134.22,100.07,,,,,08/18,復華全球平衡基金美元本基金有相當比重投資於非投資等級之高風險債券
復華全球平衡基金(台幣)(本基金有相當比重投資於非投資等級之高風險債券),復華投信,境內,ET004003/806,,20.0,0.73,-2.16,26.27,80.01,127.19,122.75,221.72,,,,08/18,復華全球平衡基金台幣本基金有相當比重投資於非投資等級之高風險債券
復華中國新經濟平衡基金(台幣)(本基金有相當比重投資於非投資等級之高風險債券),復華投信,境內,ET004003/806,,21.0,0.96,-4.22,24.63,71.22,162.23,49.13,106.57,,,,08/18,復華中國新經濟平衡基金台幣本基金有相當比重投資於非投資等級之高風險債券
復華中國新經濟平衡基金B配息(人民幣)(本基金有相當比重投資於非投資等級之高風險債券且基金之配息來源可能為本金),復華投信,境內,ET004003/806,,22.0,1.56,-6.17,20.4,53.25,148.08,53.08,127.17,,,,08/18,復華中國新經濟平衡基金B配息人民幣本基金有相當比重投資於非投資等級之高風險債券且基金之配息來源可能為本金
復華中國新經濟平衡基金A不配息(人民幣)(本基金有相當比重投資於非投資等級之高風險債券),復華投信,境內,ET004003/806,,23.0,1.62,-6.15,20.39,53.19,148.78,53.52,127.58,,,,08/18,復華中國新經濟平衡基金A不配息人民幣本基金有相當比重投資於非投資等級之高風險債券
富蘭克林華美亞太平衡基金-分配型(台幣)(本基金有相當比重投資於非投資等級之高風險債券且基金之配息來源可能為本金),富蘭克林華美投信,境內,ET004003/806,,24.0,3.54,-0.95,18.47,47.64,95.16,55.47,,,,,08/18,富蘭克林華美亞太平衡基金分配型台幣本基金有相當比重投資於非投資等級之高風險債券且基金之配息來源可能為本金
富蘭克林華美亞太平衡基金-累積型(台幣)(本基金有相當比重投資於非投資等級之高風險債券且基金之配息來源可能為本金),富蘭克林華美投信,境內,ET004003/806,,25.0,3.58,-0.92,18.28,47.65,94.98,55.32,,,,,08/18,富蘭克林華美亞太平衡基金累積型台幣本基金有相當比重投資於非投資等級之高風險債券且基金之配息來源可能為本金
富蘭克林華美亞太平衡基金-分配型(美元)(本基金有相當比重投資於非投資等級之高風險債券且基金之配息來源可能為本金),富蘭克林華美投信,境內,ET004003/806,,26.0,4.47,-1.77,17.6,42.96,99.77,42.7,,,,,08/18,富蘭克林華美亞太平衡基金分配型美元本基金有相當比重投資於非投資等級之高風險債券且基金之配息來源可能為本金
富蘭克林華美亞太平衡基金-累積型(美元)(本基金有相當比重投資於非投資等級之高風險債券且基金之配息來源可能為本金),富蘭克林華美投信,境內,ET004003/806,,27.0,4.54,-1.74,17.58,42.99,100.0,42.77,,,,,08/18,富蘭克林華美亞太平衡基金累積型美元本基金有相當比重投資於非投資等級之高風險債券且基金之配息來源可能為本金
富蘭克林華美亞太平衡基金-分配型(人民幣)(本基金有相當比重投資於非投資等級之高風險債券且基金之配息來源可能為本金),富蘭克林華美投信,境內,ET004003/806,,28.0,4.16,-2.41,15.52,37.38,81.56,29.14,,,,,08/18,富蘭克林華美亞太平衡基金分配型人民幣本基金有相當比重投資於非投資等級之高風險債券且基金之配息來源可能為本金
華南永昌多重資產入息平衡基金A不配息(美元)(本基金有相當比重投資於非投資等級之高風險債券且配息來源可能為本金及並無保證收益及配息),華南永昌投信,境內,ET004003/806,,29.0,3.35,-1.0,15.45,15.34,58.99,35.57,123.78,,,,08/18,華南永昌多重資產入息平衡基金A不配息美元本基金有相當比重投資於非投資等級之高風險債券且配息來源可能為本金及並無保證收益及配息
華南永昌多重資產入息平衡基金B配息(台幣)(本基金有相當比重投資於非投資等級之高風險債券且配息來源可能為本金及並無保證收益及配息),華南永昌投信,境內,ET004003/806,,30.0,2.22,-0.54,15.41,23.15,57.9,54.12,123.69,,,,08/18,華南永昌多重資產入息平衡基金B配息台幣本基金有相當比重投資於非投資等級之高風險債券且配息來源可能為本金及並無保證收益及配息
華南永昌多重資產入息平衡基金A不配息(台幣)(本基金有相當比重投資於非投資等級之高風險債券且配息來源可能為本金及並無保證收益及配息),華南永昌投信,境內,ET004003/806,,31.0,2.26,-0.52,15.36,23.11,57.88,54.08,123.79,,,,08/18,華南永昌多重資產入息平衡基金A不配息台幣本基金有相當比重投資於非投資等級之高風險債券且配息來源可能為本金及並無保證收益及配息
華南永昌多重資產入息平衡基金B配息(美元)(本基金有相當比重投資於非投資等級之高風險債券且配息來源可能為本金及並無保證收益及配息),華南永昌投信,境內,ET004003/806,,32.0,3.36,-1.88,13.37,15.89,57.87,34.26,120.72,,,,08/18,華南永昌多重資產入息平衡基金B配息美元本基金有相當比重投資於非投資等級之高風險債券且配息來源可能為本金及並無保證收益及配息
中國信託樂齡收益平衡基金-B分配型(台幣)(本基金有相當比重投資於非投資等級之高風險債券且本基金之配息來源可能為本金),中國信託投信,境內,ET004003/806,,33.0,1.03,4.39,11.98,25.86,49.47,50.03,,,,,08/18,中國信託樂齡收益平衡基金B分配型台幣本基金有相當比重投資於非投資等級之高風險債券且本基金之配息來源可能為本金
中國信託樂齡收益平衡基金-A累積型(台幣)(本基金有相當比重投資於非投資等級之高風險債券且本基金之配息來源可能為本金),中國信託投信,境內,ET004003/806,,34.0,1.02,4.36,11.95,25.86,49.44,50.0,,,,,08/18,中國信託樂齡收益平衡基金A累積型台幣本基金有相當比重投資於非投資等級之高風險債券且本基金之配息來源可能為本金
中國信託樂齡收益平衡基金-NB分配型(台幣)(本基金有相當比重投資於非投資等級之高風險債券且本基金之配息來源可能為本金),中國信託投信,境內,ET004003/806,,35.0,1.06,4.33,11.93,25.73,48.15,48.8,,,,,08/18,中國信託樂齡收益平衡基金NB分配型台幣本基金有相當比重投資於非投資等級之高風險債券且本基金之配息來源可能為本金
中國信託樂齡收益平衡基金-B分配型(美元)(本基金有相當比重投資於非投資等級之高風險債券且本基金之配息來源可能為本金),中國信託投信,境內,ET004003/806,,36.0,2.07,3.07,10.37,18.36,49.39,30.78,,,,,08/18,中國信託樂齡收益平衡基金B分配型美元本基金有相當比重投資於非投資等級之高風險債券且本基金之配息來源可能為本金
中國信託樂齡收益平衡基金-A累積型(美元)(本基金有相當比重投資於非投資等級之高風險債券且本基金之配息來源可能為本金),中國信託投信,境內,ET004003/806,,37.0,2.06,3.04,10.33,18.37,49.38,30.7,,,,,08/18,中國信託樂齡收益平衡基金A累積型美元本基金有相當比重投資於非投資等級之高風險債券且本基金之配息來源可能為本金
中國信託樂齡收益平衡基金-NB分配型(美元)(本基金有相當比重投資於非投資等級之高風險債券且本基金之配息來源可能為本金),中國信託投信,境內,ET004003/806,,38.0,2.08,3.03,10.32,18.41,60.97,38.59,,,,,08/18,中國信託樂齡收益平衡基金NB分配型美元本基金有相當比重投資於非投資等級之高風險債券且本基金之配息來源可能為本金
國泰全球多重收益平衡基金-R不配息(台幣)(本基金有相當比重投資於非投資等級之高風險債券且基金之配息來源可能為本金),國泰投信,境內,ET004003/806,,39.0,0.88,5.83,9.32,21.39,44.35,,,,,,08/18,國泰全球多重收益平衡基金R不配息台幣本基金有相當比重投資於非投資等級之高風險債券且基金之配息來源可能為本金
群益金選報酬平衡基金NB月配型(台幣)(本基金有相當比例投資於非投資等級之高風險債券且配息來源可能為本金),群益投信,境內,ET004003/806,,40.0,0.63,1.38,9.19,21.41,49.38,42.01,,,,,08/18,群益金選報酬平衡基金NB月配型台幣本基金有相當比例投資於非投資等級之高風險債券且配息來源可能為本金
群益金選報酬平衡基金B月配型(台幣)(本基金有相當比例投資於非投資等級之高風險債券且配息來源可能為本金),群益投信,境內,ET004003/806,,41.0,0.63,1.38,9.19,21.41,49.37,42.0,,,,,08/18,群益金選報酬平衡基金B月配型台幣本基金有相當比例投資於非投資等級之高風險債券且配息來源可能為本金
群益金選報酬平衡基金A累積型(台幣)(本基金有相當比例投資於非投資等級之高風險債券且配息來源可能為本金),群益投信,境內,ET004003/806,,42.0,0.63,1.37,9.17,21.39,49.41,42.06,,,,,08/18,群益金選報酬平衡基金A累積型台幣本基金有相當比例投資於非投資等級之高風險債券且配息來源可能為本金
國泰全球多重收益平衡基金-A不配息(台幣)(本基金有相當比重投資於非投資等級之高風險債券且基金之配息來源可能為本金),國泰投信,境內,ET004003/806,,43.0,0.89,5.78,9.17,21.12,43.23,35.05,66.96,,,,08/18,國泰全球多重收益平衡基金A不配息台幣本基金有相當比重投資於非投資等級之高風險債券且基金之配息來源可能為本金
國泰全球多重收益平衡基金-B配息(台幣)(本基金有相當比重投資於非投資等級之高風險債券且基金之配息來源可能為本金),國泰投信,境內,ET004003/806,,44.0,0.88,5.77,9.15,21.14,43.18,35.24,67.16,,,,08/18,國泰全球多重收益平衡基金B配息台幣本基金有相當比重投資於非投資等級之高風險債券且基金之配息來源可能為本金
國泰全球多重收益平衡基金-NC配息(台幣)(本基金有相當比重投資於非投資等級之高風險債券且基金之配息來源可能為本金),國泰投信,境內,ET004003/806,,45.0,0.91,5.79,9.13,,,,,,,,08/18,國泰全球多重收益平衡基金NC配息台幣本基金有相當比重投資於非投資等級之高風險債券且基金之配息來源可能為本金
群益金選報酬平衡基金NA累積型(台幣)(本基金有相當比例投資於非投資等級之高風險債券且配息來源可能為本金),群益投信,境內,ET004003/806,,46.0,-0.6,2.87,8.13,11.69,47.88,31.29,,,,,03/16,群益金選報酬平衡基金NA累積型台幣本基金有相當比例投資於非投資等級之高風險債券且配息來源可能為本金
國泰全球多重收益平衡基金-I不配息(美元)(本基金有相當比重投資於非投資等級之高風險債券且基金之配息來源可能為本金),國泰投信,境內,ET004003/806,,47.0,1.94,4.63,8.09,15.59,47.75,28.76,90.12,,,,08/18,國泰全球多重收益平衡基金I不配息美元本基金有相當比重投資於非投資等級之高風險債券且基金之配息來源可能為本金
國泰全球多重收益平衡基金-B配息(美元)(本基金有相當比重投資於非投資等級之高風險債券且基金之配息來源可能為本金),國泰投信,境內,ET004003/806,,48.0,1.89,4.47,7.76,14.89,45.06,24.8,76.19,,,,08/18,國泰全球多重收益平衡基金B配息美元本基金有相當比重投資於非投資等級之高風險債券且基金之配息來源可能為本金
國泰全球多重收益平衡基金-A不配息(美元)(本基金有相當比重投資於非投資等級之高風險債券且基金之配息來源可能為本金),國泰投信,境內,ET004003/806,,49.0,1.88,4.47,7.76,14.88,45.01,24.8,76.13,,,,08/18,國泰全球多重收益平衡基金A不配息美元本基金有相當比重投資於非投資等級之高風險債券且基金之配息來源可能為本金
群益金選報酬平衡基金B月配型(美元)(本基金有相當比例投資於非投資等級之高風險債券且配息來源可能為本金),群益投信,境內,ET004003/806,,50.0,1.72,0.11,7.73,14.91,50.52,29.34,,,,,08/18,群益金選報酬平衡基金B月配型美元本基金有相當比例投資於非投資等級之高風險債券且配息來源可能為本金
群益金選報酬平衡基金NB月配型(美元)(本基金有相當比例投資於非投資等級之高風險債券且配息來源可能為本金),群益投信,境內,ET004003/806,,51.0,1.71,0.11,7.73,14.91,50.55,29.36,,,,,08/18,群益金選報酬平衡基金NB月配型美元本基金有相當比例投資於非投資等級之高風險債券且配息來源可能為本金
群益金選報酬平衡基金A累積型(美元)(本基金有相當比例投資於非投資等級之高風險債券且配息來源可能為本金),群益投信,境內,ET004003/806,,52.0,1.71,0.1,7.71,14.9,50.54,29.38,,,,,08/18,群益金選報酬平衡基金A累積型美元本基金有相當比例投資於非投資等級之高風險債券且配息來源可能為本金
國泰全球多重收益平衡基金-A不配息(澳幣)(本基金有相當比重投資於非投資等級之高風險債券且基金之配息來源可能為本金),國泰投信,境內,ET004003/806,,53.0,0.4,5.65,7.53,5.21,31.15,27.42,96.43,,,,08/18,國泰全球多重收益平衡基金A不配息澳幣本基金有相當比重投資於非投資等級之高風險債券且基金之配息來源可能為本金
瀚亞亞太豐收平衡基金B配息(南非幣)(本基金有相當比重投資於非投資等級之高風險債券且配息來源可能為本金),瀚亞投信,境內,ET004003/806,,54.0,-0.1,-1.38,6.92,5.16,19.33,19.24,61.24,,,,08/18,瀚亞亞太豐收平衡基金B配息南非幣本基金有相當比重投資於非投資等級之高風險債券且配息來源可能為本金
瀚亞亞太豐收平衡基金A不配息(南非幣)(本基金有相當比重投資於非投資等級之高風險債券),瀚亞投信,境內,ET004003/806,,55.0,-0.1,-1.39,6.91,5.15,19.32,19.43,59.89,,,,08/18,瀚亞亞太豐收平衡基金A不配息南非幣本基金有相當比重投資於非投資等級之高風險債券
國泰美國多重收益平衡基金-B配息(日圓)(本基金有相當比重投資於非投資等級之高風險債券且配息來源可能為本金),國泰投信,境內,ET004003/806,,56.0,-0.03,1.42,6.12,12.38,,,,,,,08/18,國泰美國多重收益平衡基金B配息日圓本基金有相當比重投資於非投資等級之高風險債券且配息來源可能為本金
元大新東協平衡基金(台幣)(本基金有相當比重投資於非投資等級之高風險債券),元大投信,境內,ET004003/806,,57.0,0.93,7.3,5.87,22.4,44.89,37.85,19.22,,,,08/18,元大新東協平衡基金台幣本基金有相當比重投資於非投資等級之高風險債券
瀚亞亞太豐收平衡基金B配息(台幣)(本基金有相當比重投資於非投資等級之高風險債券且配息來源可能為本金),瀚亞投信,境內,ET004003/806,,58.0,0.48,2.07,5.86,21.45,39.22,22.44,32.1,,,,08/18,瀚亞亞太豐收平衡基金B配息台幣本基金有相當比重投資於非投資等級之高風險債券且配息來源可能為本金
瀚亞亞太豐收平衡基金A不配息(台幣)(本基金有相當比重投資於非投資等級之高風險債券),瀚亞投信,境內,ET004003/806,,59.0,0.48,2.07,5.86,21.44,39.21,22.43,32.09,,,,08/18,瀚亞亞太豐收平衡基金A不配息台幣本基金有相當比重投資於非投資等級之高風險債券
群益金選報酬平衡基金NB月配型(人民幣)(本基金有相當比例投資於非投資等級之高風險債券且配息來源可能為本金),群益投信,境內,ET004003/806,,60.0,1.22,-0.76,5.21,7.91,36.0,22.92,,,,,08/18,群益金選報酬平衡基金NB月配型人民幣本基金有相當比例投資於非投資等級之高風險債券且配息來源可能為本金
群益金選報酬平衡基金B月配型(人民幣)(本基金有相當比例投資於非投資等級之高風險債券且配息來源可能為本金),群益投信,境內,ET004003/806,,61.0,1.22,-0.76,5.21,7.91,36.0,22.92,,,,,08/18,群益金選報酬平衡基金B月配型人民幣本基金有相當比例投資於非投資等級之高風險債券且配息來源可能為本金
群益金選報酬平衡基金A累積型(人民幣)(本基金有相當比例投資於非投資等級之高風險債券且配息來源可能為本金),群益投信,境內,ET004003/806,,62.0,1.22,-0.76,5.19,7.89,36.02,22.96,,,,,08/18,群益金選報酬平衡基金A累積型人民幣本基金有相當比例投資於非投資等級之高風險債券且配息來源可能為本金
瀚亞亞太豐收平衡基金B配息(澳幣)(本基金有相當比重投資於非投資等級之高風險債券且配息來源可能為本金),瀚亞投信,境內,ET004003/806,,63.0,0.01,1.79,5.02,4.55,25.91,5.0,33.29,,,,08/18,瀚亞亞太豐收平衡基金B配息澳幣本基金有相當比重投資於非投資等級之高風險債券且配息來源可能為本金
瀚亞亞太豐收平衡基金A不配息(澳幣)(本基金有相當比重投資於非投資等級之高風險債券),瀚亞投信,境內,ET004003/806,,64.0,0.01,1.79,5.01,4.54,25.89,5.16,33.26,,,,08/18,瀚亞亞太豐收平衡基金A不配息澳幣本基金有相當比重投資於非投資等級之高風險債券
台新美國豐收平衡基金B月配息(台幣)(本基金有相當比重投資於非投資等級之高風險債券且基金之配息來源可能為本金),台新投信,境內,ET004003/806,,65.0,-0.46,2.46,4.99,14.05,17.08,13.47,24.85,,,,08/18,台新美國豐收平衡基金B月配息台幣本基金有相當比重投資於非投資等級之高風險債券且基金之配息來源可能為本金
台新美國豐收平衡基金A不配息(台幣)(本基金有相當比重投資於非投資等級之高風險債券),台新投信,境內,ET004003/806,,66.0,-0.55,2.36,4.92,13.86,17.59,13.86,25.45,,,,08/18,台新美國豐收平衡基金A不配息台幣本基金有相當比重投資於非投資等級之高風險債券
摩根亞太高息平衡基金-累積型(本基金並無保證收益及配息),摩根投信,境內,ET004003/806,,67.0,1.76,2.49,4.86,19.4,40.52,32.32,48.11,,,,08/18,摩根亞太高息平衡基金累積型本基金並無保證收益及配息
摩根亞太高息平衡基金-季配型(本基金之配息來源可能為本金且並無保證收益及配息),摩根投信,境內,ET004003/806,,68.0,1.75,2.49,4.86,19.4,40.52,32.35,48.68,,,,08/18,摩根亞太高息平衡基金季配型本基金之配息來源可能為本金且並無保證收益及配息
摩根全球平衡基金,摩根投信,境內,ET004003/806,,69.0,0.9,2.29,4.55,20.51,26.61,10.7,22.95,,,,08/18,摩根全球平衡基金
元大新東協平衡基金(美元)(本基金有相當比重投資於非投資等級之高風險債券),元大投信,境內,ET004003/806,,70.0,1.99,5.95,4.34,15.2,44.79,20.08,17.16,,,,08/18,元大新東協平衡基金美元本基金有相當比重投資於非投資等級之高風險債券
瀚亞亞太豐收平衡基金B配息(美元)(本基金有相當比重投資於非投資等級之高風險債券且配息來源可能為本金),瀚亞投信,境內,ET004003/806,,71.0,1.55,0.79,4.31,14.27,39.21,9.05,29.36,,,,08/18,瀚亞亞太豐收平衡基金B配息美元本基金有相當比重投資於非投資等級之高風險債券且配息來源可能為本金
瀚亞亞太豐收平衡基金A不配息(美元)(本基金有相當比重投資於非投資等級之高風險債券),瀚亞投信,境內,ET004003/806,,72.0,1.55,0.79,4.31,14.26,39.2,9.07,29.23,,,,08/18,瀚亞亞太豐收平衡基金A不配息美元本基金有相當比重投資於非投資等級之高風險債券
國泰美國多重收益平衡基金-B配息(南非幣)(本基金有相當比重投資於非投資等級之高風險債券且配息來源可能為本金),國泰投信,境內,ET004003/806,,73.0,0.87,1.17,4.15,6.77,31.3,35.49,,,,,08/18,國泰美國多重收益平衡基金B配息南非幣本基金有相當比重投資於非投資等級之高風險債券且配息來源可能為本金
台新美國豐收平衡基金B月配息(美元)(本基金有相當比重投資於非投資等級之高風險債券且基金之配息來源可能為本金),台新投信,境內,ET004003/806,,74.0,0.66,1.42,3.89,6.98,17.42,-0.81,22.6,,,,08/18,台新美國豐收平衡基金B月配息美元本基金有相當比重投資於非投資等級之高風險債券且基金之配息來源可能為本金
國泰美國多重收益平衡基金-A不配息(台幣)(本基金有相當比重投資於非投資等級之高風險債券且配息來源可能為本金),國泰投信,境內,ET004003/806,,75.0,0.47,1.81,3.84,11.3,32.18,27.32,,,,,08/18,國泰美國多重收益平衡基金A不配息台幣本基金有相當比重投資於非投資等級之高風險債券且配息來源可能為本金
國泰美國多重收益平衡基金-B配息(台幣)(本基金有相當比重投資於非投資等級之高風險債券且配息來源可能為本金),國泰投信,境內,ET004003/806,,76.0,0.47,1.81,3.84,11.3,32.19,27.32,,,,,08/18,國泰美國多重收益平衡基金B配息台幣本基金有相當比重投資於非投資等級之高風險債券且配息來源可能為本金
國泰美國多重收益平衡基金-NB配息(台幣)(本基金有相當比重投資於非投資等級之高風險債券且配息來源可能為本金),國泰投信,境內,ET004003/806,,77.0,0.47,1.82,3.84,11.3,32.18,27.32,,,,,08/18,國泰美國多重收益平衡基金NB配息台幣本基金有相當比重投資於非投資等級之高風險債券且配息來源可能為本金
台新美國豐收平衡基金A不配息(美元)(本基金有相當比重投資於非投資等級之高風險債券),台新投信,境內,ET004003/806,,78.0,0.63,1.43,3.81,7.39,17.88,-0.39,23.1,,,,08/18,台新美國豐收平衡基金A不配息美元本基金有相當比重投資於非投資等級之高風險債券
國泰美國多重收益平衡基金-B配息(美元)(本基金有相當比重投資於非投資等級之高風險債券且配息來源可能為本金),國泰投信,境內,ET004003/806,,79.0,1.21,1.22,3.51,8.67,37.91,25.78,,,,,08/18,國泰美國多重收益平衡基金B配息美元本基金有相當比重投資於非投資等級之高風險債券且配息來源可能為本金
國泰美國多重收益平衡基金-NB配息(美元)(本基金有相當比重投資於非投資等級之高風險債券且配息來源可能為本金),國泰投信,境內,ET004003/806,,80.0,1.21,1.22,3.51,8.67,37.89,25.77,,,,,08/18,國泰美國多重收益平衡基金NB配息美元本基金有相當比重投資於非投資等級之高風險債券且配息來源可能為本金
國泰美國多重收益平衡基金-A不配息(美元)(本基金有相當比重投資於非投資等級之高風險債券且配息來源可能為本金),國泰投信,境內,ET004003/806,,81.0,1.18,1.2,3.5,8.63,37.87,25.76,,,,,08/18,國泰美國多重收益平衡基金A不配息美元本基金有相當比重投資於非投資等級之高風險債券且配息來源可能為本金
瑞銀全球永續組合基金-A不配息(南非幣)(本基金有一定比重得投資於非投資等級之高風險債券基金),瑞銀投信,境內,ET004003/806,,82.0,0.51,1.61,2.97,5.63,28.52,,,,,,08/18,瑞銀全球永續組合基金A不配息南非幣本基金有一定比重得投資於非投資等級之高風險債券基金
瑞銀全球永續組合基金-B月配息(南非幣)(本基金有一定比重得投資於非投資等級之高風險債券基金且配息來源可能為本金),瑞銀投信,境內,ET004003/806,,83.0,0.53,1.5,2.94,5.62,28.52,,,,,,08/18,瑞銀全球永續組合基金B月配息南非幣本基金有一定比重得投資於非投資等級之高風險債券基金且配息來源可能為本金
瑞銀全球永續組合基金-NB月配息(南非幣)(本基金有一定比重得投資於非投資等級之高風險債券基金且配息來源可能為本金),瑞銀投信,境內,ET004003/806,,84.0,0.43,1.5,2.93,5.62,28.52,,,,,,08/18,瑞銀全球永續組合基金NB月配息南非幣本基金有一定比重得投資於非投資等級之高風險債券基金且配息來源可能為本金
元大全球優質龍頭平衡基金I不配息(台幣),元大投信,境內,ET004003/806,,85.0,2.06,-3.43,2.61,32.48,100.18,,,,,,08/18,元大全球優質龍頭平衡基金I不配息台幣
元大全球優質龍頭平衡基金A不配息(台幣),元大投信,境內,ET004003/806,,86.0,2.05,-3.53,2.38,31.86,97.1,,,,,,08/18,元大全球優質龍頭平衡基金A不配息台幣
瀚亞亞太豐收平衡基金B配息(人民幣)(本基金有相當比重投資於非投資等級之高風險債券且配息來源可能為本金),瀚亞投信,境內,ET004003/806,,87.0,1.07,-0.02,1.88,7.26,28.66,14.83,36.36,,,,08/18,瀚亞亞太豐收平衡基金B配息人民幣本基金有相當比重投資於非投資等級之高風險債券且配息來源可能為本金
瑞銀全球永續組合基金-A不配息(美元)(本基金有一定比重得投資於非投資等級之高風險債券基金),瑞銀投信,境內,ET004003/806,,88.0,0.82,1.95,1.88,6.26,26.44,,,,,,08/18,瑞銀全球永續組合基金A不配息美元本基金有一定比重得投資於非投資等級之高風險債券基金
瀚亞亞太豐收平衡基金A不配息(人民幣)(本基金有相當比重投資於非投資等級之高風險債券),瀚亞投信,境內,ET004003/806,,89.0,1.08,-0.02,1.87,7.25,28.64,13.76,36.04,,,,08/18,瀚亞亞太豐收平衡基金A不配息人民幣本基金有相當比重投資於非投資等級之高風險債券
元大新東協平衡基金(人民幣)(本基金有相當比重投資於非投資等級之高風險債券),元大投信,境內,ET004003/806,,90.0,1.53,5.16,1.84,8.16,33.7,,,,,,08/18,元大新東協平衡基金人民幣本基金有相當比重投資於非投資等級之高風險債券
瑞銀全球永續組合基金-NB月配息(美元)(本基金有一定比重得投資於非投資等級之高風險債券基金且配息來源可能為本金),瑞銀投信,境內,ET004003/806,,91.0,0.81,1.89,1.81,6.27,26.4,,,,,,08/18,瑞銀全球永續組合基金NB月配息美元本基金有一定比重得投資於非投資等級之高風險債券基金且配息來源可能為本金
瑞銀全球永續組合基金-B月配息(美元)(本基金有一定比重得投資於非投資等級之高風險債券基金且配息來源可能為本金),瑞銀投信,境內,ET004003/806,,92.0,0.81,1.89,1.8,6.17,26.37,,,,,,08/18,瑞銀全球永續組合基金B月配息美元本基金有一定比重得投資於非投資等級之高風險債券基金且配息來源可能為本金
瑞銀全球永續組合基金-B月配息(台幣)(本基金有一定比重得投資於非投資等級之高風險債券基金且配息來源可能為本金),瑞銀投信,境內,ET004003/806,,93.0,0.3,2.06,1.72,7.42,20.39,,,,,,08/18,瑞銀全球永續組合基金B月配息台幣本基金有一定比重得投資於非投資等級之高風險債券基金且配息來源可能為本金
瑞銀全球永續組合基金-A不配息(台幣)(本基金有一定比重得投資於非投資等級之高風險債券基金),瑞銀投信,境內,ET004003/806,,94.0,0.32,2.04,1.71,7.49,20.44,,,,,,08/18,瑞銀全球永續組合基金A不配息台幣本基金有一定比重得投資於非投資等級之高風險債券基金
瑞銀全球永續組合基金-NB月配息(台幣)(本基金有一定比重得投資於非投資等級之高風險債券基金且配息來源可能為本金),瑞銀投信,境內,ET004003/806,,95.0,0.3,2.06,1.63,7.42,20.39,,,,,,08/18,瑞銀全球永續組合基金NB月配息台幣本基金有一定比重得投資於非投資等級之高風險債券基金且配息來源可能為本金
國泰美國多重收益平衡基金-B配息(人民幣)(本基金有相當比重投資於非投資等級之高風險債券且配息來源可能為本金),國泰投信,境內,ET004003/806,,96.0,0.81,0.45,1.56,3.62,26.85,26.17,,,,,08/18,國泰美國多重收益平衡基金B配息人民幣本基金有相當比重投資於非投資等級之高風險債券且配息來源可能為本金
台新美國豐收平衡基金A不配息(人民幣)(本基金有相當比重投資於非投資等級之高風險債券),台新投信,境內,ET004003/806,,97.0,0.17,0.6,1.48,1.04,9.18,3.74,,,,,08/18,台新美國豐收平衡基金A不配息人民幣本基金有相當比重投資於非投資等級之高風險債券
元大全球優質龍頭平衡基金I不配息(美元),元大投信,境內,ET004003/806,,98.0,3.18,-4.61,1.11,24.68,99.83,,,,,,08/18,元大全球優質龍頭平衡基金I不配息美元
元大全球優質龍頭平衡基金A不配息(美元),元大投信,境內,ET004003/806,,99.0,3.14,-4.74,0.85,24.02,97.05,,,,,,08/18,元大全球優質龍頭平衡基金A不配息美元
群益中國金采平衡基金B月配型(台幣)(本基金有相當比例投資於非投資等級之高風險債券且配息來源可能為本金),群益投信,境內,ET004003/806,,100.0,0.4,0.99,0.35,8.61,10.92,-2.16,19.31,,,,08/18,群益中國金采平衡基金B月配型台幣本基金有相當比例投資於非投資等級之高風險債券且配息來源可能為本金
群益中國金采平衡基金A累積型(台幣)(本基金有相當比例投資於非投資等級之高風險債券且配息來源可能為本金),群益投信,境內,ET004003/806,,101.0,0.4,0.99,0.35,8.61,10.95,-2.12,19.37,,,,08/18,群益中國金采平衡基金A累積型台幣本基金有相當比例投資於非投資等級之高風險債券且配息來源可能為本金
瑞銀全球永續組合基金-A不配息(人民幣)(本基金有一定比重得投資於非投資等級之高風險債券基金),瑞銀投信,境內,ET004003/806,,102.0,0.41,1.08,-0.08,1.16,16.62,,,,,,08/18,瑞銀全球永續組合基金A不配息人民幣本基金有一定比重得投資於非投資等級之高風險債券基金
瑞銀全球永續組合基金-B月配息(人民幣)(本基金有一定比重得投資於非投資等級之高風險債券基金且配息來源可能為本金),瑞銀投信,境內,ET004003/806,,103.0,0.4,1.11,-0.09,1.13,16.57,,,,,,08/18,瑞銀全球永續組合基金B月配息人民幣本基金有一定比重得投資於非投資等級之高風險債券基金且配息來源可能為本金
瑞銀全球永續組合基金-NB月配息(人民幣)(本基金有一定比重得投資於非投資等級之高風險債券基金且配息來源可能為本金),瑞銀投信,境內,ET004003/806,,104.0,0.4,1.01,-0.19,1.13,16.58,,,,,,08/18,瑞銀全球永續組合基金NB月配息人民幣本基金有一定比重得投資於非投資等級之高風險債券基金且配息來源可能為本金
摩根新興雙利平衡基金-月配型(台幣)(本基金有相當比重投資於非投資等級之高風險債券且配息來源可能為本金),摩根投信,境內,ET004003/806,,105.0,0.26,0.96,-0.28,14.84,51.04,34.73,65.42,,,,08/18,摩根新興雙利平衡基金月配型台幣本基金有相當比重投資於非投資等級之高風險債券且配息來源可能為本金
摩根新興雙利平衡基金-累積型(台幣)(本基金有相當比重投資於非投資等級之高風險債券),摩根投信,境內,ET004003/806,,106.0,0.27,0.96,-0.29,14.94,51.25,34.79,65.73,,,,08/18,摩根新興雙利平衡基金累積型台幣本基金有相當比重投資於非投資等級之高風險債券
摩根新興雙利平衡基金-月配型(美元)(本基金有相當比重投資於非投資等級之高風險債券且配息來源可能為本金),摩根投信,境內,ET004003/806,,107.0,0.99,0.25,-0.89,11.12,56.47,26.67,73.62,,,,08/18,摩根新興雙利平衡基金月配型美元本基金有相當比重投資於非投資等級之高風險債券且配息來源可能為本金
群益中國金采平衡基金B月配型(美元)(本基金有相當比例投資於非投資等級之高風險債券且配息來源可能為本金),群益投信,境內,ET004003/806,,108.0,1.48,-0.27,-0.99,2.19,10.93,-14.71,17.35,,,,08/18,群益中國金采平衡基金B月配型美元本基金有相當比例投資於非投資等級之高風險債券且配息來源可能為本金
群益中國金采平衡基金A累積型(美元)(本基金有相當比例投資於非投資等級之高風險債券且配息來源可能為本金),群益投信,境內,ET004003/806,,109.0,1.48,-0.27,-0.99,2.19,10.94,-14.68,17.38,,,,08/18,群益中國金采平衡基金A累積型美元本基金有相當比例投資於非投資等級之高風險債券且配息來源可能為本金
摩根中國雙息平衡基金-月配型(台幣)(本基金有相當比重投資於非投資等級之高風險債券且配息來源可能為本金且並無保證收益及配息),摩根投信,境內,ET004003/806,,110.0,2.59,-0.83,-2.03,11.75,26.9,5.86,47.44,,,,08/18,摩根中國雙息平衡基金月配型台幣本基金有相當比重投資於非投資等級之高風險債券且配息來源可能為本金且並無保證收益及配息
摩根中國雙息平衡基金-累積型(台幣)(本基金有相當比重投資於非投資等級之高風險債券且並無保證收益及配息),摩根投信,境內,ET004003/806,,111.0,2.59,-0.83,-2.04,11.78,27.14,6.09,47.87,,,,08/18,摩根中國雙息平衡基金累積型台幣本基金有相當比重投資於非投資等級之高風險債券且並無保證收益及配息
摩根新興雙利平衡基金-月配型(人民幣)(本基金有相當比重投資於非投資等級之高風險債券且配息來源可能為本金),摩根投信,境內,ET004003/806,,112.0,0.7,-0.43,-2.46,7.06,44.67,19.76,72.1,,,,08/18,摩根新興雙利平衡基金月配型人民幣本基金有相當比重投資於非投資等級之高風險債券且配息來源可能為本金
摩根中國雙息平衡基金-月配型(美元)(本基金有相當比重投資於非投資等級之高風險債券且配息來源可能為本金且並無保證收益及配息),摩根投信,境內,ET004003/806,,113.0,3.41,-1.67,-2.78,7.58,30.45,0.75,,,,,08/18,摩根中國雙息平衡基金月配型美元本基金有相當比重投資於非投資等級之高風險債券且配息來源可能為本金且並無保證收益及配息
群益中國金采平衡基金B月配型(人民幣)(本基金有相當比例投資於非投資等級之高風險債券且配息來源可能為本金),群益投信,境內,ET004003/806,,114.0,0.99,-1.14,-3.31,-4.04,2.42,-11.26,19.29,,,,08/18,群益中國金采平衡基金B月配型人民幣本基金有相當比例投資於非投資等級之高風險債券且配息來源可能為本金
群益中國金采平衡基金A累積型(人民幣)(本基金有相當比例投資於非投資等級之高風險債券且配息來源可能為本金),群益投信,境內,ET004003/806,,115.0,0.99,-1.14,-3.31,-4.04,2.43,-11.23,19.32,,,,08/18,群益中國金采平衡基金A累積型人民幣本基金有相當比例投資於非投資等級之高風險債券且配息來源可能為本金
玉山中國好時平衡基金-累積型(台幣)(本基金有相當比重投資於非投資等級之高風險債券且基金之配息來源可能為本金),玉山投信,境內,ET004003/806,,116.0,-3.01,-4.93,-3.75,12.8,12.71,-2.01,35.96,,,,08/18,玉山中國好時平衡基金累積型台幣本基金有相當比重投資於非投資等級之高風險債券且基金之配息來源可能為本金
玉山中國好時平衡基金-月配息型(台幣)(本基金有相當比重投資於非投資等級之高風險債券且基金之配息來源可能為本金),玉山投信,境內,ET004003/806,,117.0,-3.01,-4.93,-3.75,12.8,12.71,-2.01,35.95,,,,08/18,玉山中國好時平衡基金月配息型台幣本基金有相當比重投資於非投資等級之高風險債券且基金之配息來源可能為本金
摩根中國雙息平衡基金-月配型(人民幣)(本基金有相當比重投資於非投資等級之高風險債券且配息來源可能為本金且並無保證收益及配息),摩根投信,境內,ET004003/806,,118.0,3.08,-2.38,-4.36,3.58,20.74,-5.3,56.0,,,,08/18,摩根中國雙息平衡基金月配型人民幣本基金有相當比重投資於非投資等級之高風險債券且配息來源可能為本金且並無保證收益及配息
摩根中國雙息平衡基金-累積型(人民幣)(本基金有相當比重投資於非投資等級之高風險債券且並無保證收益及配息),摩根投信,境內,ET004003/806,,119.0,3.08,-2.38,-4.37,3.56,20.74,-5.33,56.85,,,,08/18,摩根中國雙息平衡基金累積型人民幣本基金有相當比重投資於非投資等級之高風險債券且並無保證收益及配息
瀚亞印度策略收益平衡基金S配息(美元)(本基金有相當比重投資於非投資等級之高風險債券且配息來源可能為本金),瀚亞投信,境內,ET004003/806,,120.0,1.7,5.61,-4.91,-6.39,4.7,4.84,,,,,08/18,瀚亞印度策略收益平衡基金S配息美元本基金有相當比重投資於非投資等級之高風險債券且配息來源可能為本金
瀚亞印度策略收益平衡基金A不配息(美元)(本基金有相當比重投資於非投資等級之高風險債券),瀚亞投信,境內,ET004003/806,,121.0,1.82,5.75,-4.93,-6.29,4.81,4.9,,,,,08/18,瀚亞印度策略收益平衡基金A不配息美元本基金有相當比重投資於非投資等級之高風險債券
瀚亞印度策略收益平衡基金B配息(美元)(本基金有相當比重投資於非投資等級之高風險債券且配息來源可能為本金),瀚亞投信,境內,ET004003/806,,122.0,1.88,5.64,-4.93,-6.28,4.88,4.94,,,,,08/18,瀚亞印度策略收益平衡基金B配息美元本基金有相當比重投資於非投資等級之高風險債券且配息來源可能為本金
瀚亞印度策略收益平衡基金S配息(台幣)(本基金有相當比重投資於非投資等級之高風險債券且配息來源可能為本金),瀚亞投信,境內,ET004003/806,,123.0,1.44,5.92,-4.99,-4.96,-0.76,5.72,,,,,08/18,瀚亞印度策略收益平衡基金S配息台幣本基金有相當比重投資於非投資等級之高風險債券且配息來源可能為本金
玉山中國好時平衡基金-月配息型(美元)(本基金有相當比重投資於非投資等級之高風險債券且基金之配息來源可能為本金),玉山投信,境內,ET004003/806,,124.0,-1.7,-6.08,-5.09,6.09,12.66,-14.63,17.56,,,,08/18,玉山中國好時平衡基金月配息型美元本基金有相當比重投資於非投資等級之高風險債券且基金之配息來源可能為本金
瀚亞印度策略收益平衡基金A不配息(台幣)(本基金有相當比重投資於非投資等級之高風險債券),瀚亞投信,境內,ET004003/806,,125.0,1.31,5.89,-5.1,-5.02,-0.92,5.68,,,,,08/18,瀚亞印度策略收益平衡基金A不配息台幣本基金有相當比重投資於非投資等級之高風險債券
瀚亞印度策略收益平衡基金B配息(台幣)(本基金有相當比重投資於非投資等級之高風險債券且配息來源可能為本金),瀚亞投信,境內,ET004003/806,,126.0,1.26,5.93,-5.16,-5.12,-0.92,5.68,,,,,08/18,瀚亞印度策略收益平衡基金B配息台幣本基金有相當比重投資於非投資等級之高風險債券且配息來源可能為本金
瀚亞印度策略收益平衡基金B配息(人民幣)(本基金有相當比重投資於非投資等級之高風險債券且配息來源可能為本金),瀚亞投信,境內,ET004003/806,,127.0,1.5,4.98,-6.44,-9.85,-3.06,-1.52,,,,,08/18,瀚亞印度策略收益平衡基金B配息人民幣本基金有相當比重投資於非投資等級之高風險債券且配息來源可能為本金
瀚亞印度策略收益平衡基金S配息(人民幣)(本基金有相當比重投資於非投資等級之高風險債券且配息來源可能為本金),瀚亞投信,境內,ET004003/806,,128.0,1.51,4.81,-6.47,-9.76,-3.08,-1.47,,,,,08/18,瀚亞印度策略收益平衡基金S配息人民幣本基金有相當比重投資於非投資等級之高風險債券且配息來源可能為本金
玉山中國好時平衡基金-月配息型(人民幣)(本基金有相當比重投資於非投資等級之高風險債券且基金之配息來源可能為本金),玉山投信,境內,ET004003/806,,129.0,-2.14,-6.83,-7.26,-0.4,4.12,-11.18,23.93,,,,08/18,玉山中國好時平衡基金月配息型人民幣本基金有相當比重投資於非投資等級之高風險債券且基金之配息來源可能為本金
華南永昌多重資產入息平衡基金TISA類型(台幣)(本基金有相當比重投資於非投資等級之高風險債券且配息來源可能為本金及並無保證收益及配息),華南永昌投信,境內,ET004003/806,,130.0,2.29,-0.3,,,,,,,,,08/18,華南永昌多重資產入息平衡基金TISA類型台幣本基金有相當比重投資於非投資等級之高風險債券且配息來源可能為本金及並無保證收益及配息
元大全球優質龍頭平衡基金N不配息(台幣),元大投信,境內,ET004003/806,,131.0,,,,,,,,,,,08/18,元大全球優質龍頭平衡基金N不配息台幣
元大全球優質龍頭平衡基金N不配息(美元),元大投信,境內,ET004003/806,,132.0,,,,,,,,,,,08/18,元大全球優質龍頭平衡基金N不配息美元
瀚亞印度策略收益平衡基金A不配息(人民幣)(本基金有相當比重投資於非投資等級之高風險債券),瀚亞投信,境內,ET004003/806,,133.0,,,,,,,,,,,08/18,瀚亞印度策略收益平衡基金A不配息人民幣本基金有相當比重投資於非投資等級之高風險債券
群益金選報酬平衡基金NA累積型(人民幣)(本基金有相當比例投資於非投資等級之高風險債券且配息來源可能為本金),群益投信,境內,ET004003/806,,134.0,5.48,,,1.54,,,,,,,06/02,群益金選報酬平衡基金NA累積型人民幣本基金有相當比例投資於非投資等級之高風險債券且配息來源可能為本金
群益金選報酬平衡基金NA累積型(美元)(本基金有相當比例投資於非投資等級之高風險債券且配息來源可能為本金),群益投信,境內,ET004003/806,,135.0,2.71,6.88,,,,,,,,,10/31,群益金選報酬平衡基金NA累積型美元本基金有相當比例投資於非投資等級之高風險債券且配息來源可能為本金
國泰全球多重收益平衡基金-C配息(台幣)(本基金有相當比重投資於非投資等級之高風險債券且基金之配息來源可能為本金),國泰投信,境內,ET004003/806,,136.0,0.83,5.75,,,,,,,,,08/18,國泰全球多重收益平衡基金C配息台幣本基金有相當比重投資於非投資等級之高風險債券且基金之配息來源可能為本金
國泰全球多重收益平衡基金-C配息(美元)(本基金有相當比重投資於非投資等級之高風險債券且基金之配息來源可能為本金),國泰投信,境內,ET004003/806,,137.0,,,,,,,,,,,08/18,國泰全球多重收益平衡基金C配息美元本基金有相當比重投資於非投資等級之高風險債券且基金之配息來源可能為本金
國泰全球多重收益平衡基金-NC配息(美元)(本基金有相當比重投資於非投資等級之高風險債券且基金之配息來源可能為本金),國泰投信,境內,ET004003/806,,138.0,,,,,,,,,,,08/18,國泰全球多重收益平衡基金NC配息美元本基金有相當比重投資於非投資等級之高風險債券且基金之配息來源可能為本金
施羅德台美雙利多重資產基金-B月配型(台幣)(本基金有相當比重投資於非投資等級之高風險債券且基金之配息來源可能為本金),施羅德投信,境內,ET004005/806,,1.0,10.11,9.83,44.1,99.62,,,,,,,08/18,施羅德台美雙利多重資產基金B月配型台幣本基金有相當比重投資於非投資等級之高風險債券且基金之配息來源可能為本金
施羅德台美雙利多重資產基金-NB月配型(台幣)(本基金有相當比重投資於非投資等級之高風險債券且基金之配息來源可能為本金),施羅德投信,境內,ET004005/806,,2.0,10.11,9.77,44.1,99.62,,,,,,,08/18,施羅德台美雙利多重資產基金NB月配型台幣本基金有相當比重投資於非投資等級之高風險債券且基金之配息來源可能為本金
施羅德台美雙利多重資產基金-NA累積型(台幣)(本基金有相當比重投資於非投資等級之高風險債券且基金之配息來源可能為本金),施羅德投信,境內,ET004005/806,,3.0,10.11,9.77,44.06,99.53,,,,,,,08/18,施羅德台美雙利多重資產基金NA累積型台幣本基金有相當比重投資於非投資等級之高風險債券且基金之配息來源可能為本金
施羅德台美雙利多重資產基金-A累積型(台幣)(本基金有相當比重投資於非投資等級之高風險債券且基金之配息來源可能為本金),施羅德投信,境內,ET004005/806,,4.0,10.11,9.83,44.06,99.53,,,,,,,08/18,施羅德台美雙利多重資產基金A累積型台幣本基金有相當比重投資於非投資等級之高風險債券且基金之配息來源可能為本金
聯邦臺灣精選收益多重資產基金-NA不配息(台幣)(本基金之配息來源可能為本金),聯邦投信,境內,ET004005/806,,5.0,13.01,12.46,43.54,74.73,110.7,,,,,,08/19,聯邦臺灣精選收益多重資產基金NA不配息台幣本基金之配息來源可能為本金
聯邦臺灣精選收益多重資產基金-A不配息(台幣)(本基金之配息來源可能為本金),聯邦投信,境內,ET004005/806,,6.0,12.95,12.4,43.54,74.73,110.7,,,,,,08/19,聯邦臺灣精選收益多重資產基金A不配息台幣本基金之配息來源可能為本金
聯邦臺灣精選收益多重資產基金-ND季配息(台幣)(本基金之配息來源可能為本金),聯邦投信,境內,ET004005/806,,7.0,13.01,12.45,43.53,74.78,110.79,,,,,,08/19,聯邦臺灣精選收益多重資產基金ND季配息台幣本基金之配息來源可能為本金
聯邦臺灣精選收益多重資產基金-B季配息(台幣)(本基金之配息來源可能為本金),聯邦投信,境內,ET004005/806,,8.0,13.01,12.45,43.53,74.78,110.79,,,,,,08/19,聯邦臺灣精選收益多重資產基金B季配息台幣本基金之配息來源可能為本金
施羅德台美雙利多重資產基金-A累積型(美元)(本基金有相當比重投資於非投資等級之高風險債券且基金之配息來源可能為本金),施羅德投信,境內,ET004005/806,,9.0,11.23,8.41,42.12,87.24,,,,,,,08/18,施羅德台美雙利多重資產基金A累積型美元本基金有相當比重投資於非投資等級之高風險債券且基金之配息來源可能為本金
施羅德台美雙利多重資產基金-B月配型(美元)(本基金有相當比重投資於非投資等級之高風險債券且基金之配息來源可能為本金),施羅德投信,境內,ET004005/806,,10.0,11.29,8.39,41.99,87.36,,,,,,,08/18,施羅德台美雙利多重資產基金B月配型美元本基金有相當比重投資於非投資等級之高風險債券且基金之配息來源可能為本金
施羅德台美雙利多重資產基金-NB月配型(美元)(本基金有相當比重投資於非投資等級之高風險債券且基金之配息來源可能為本金),施羅德投信,境內,ET004005/806,,11.0,11.28,8.45,41.96,87.45,,,,,,,08/18,施羅德台美雙利多重資產基金NB月配型美元本基金有相當比重投資於非投資等級之高風險債券且基金之配息來源可能為本金
施羅德台美雙利多重資產基金-NA累積型(美元)(本基金有相當比重投資於非投資等級之高風險債券且基金之配息來源可能為本金),施羅德投信,境內,ET004005/806,,12.0,11.32,8.43,41.87,86.78,,,,,,,08/18,施羅德台美雙利多重資產基金NA累積型美元本基金有相當比重投資於非投資等級之高風險債券且基金之配息來源可能為本金
富邦AI智能新趨勢多重資產型基金-N類型(台幣)(本基金有相當比重投資於非投資等級之高風險債券),富邦投信,境內,ET004005/806,,13.0,5.94,-0.91,40.94,99.69,251.43,274.08,,,,,08/18,富邦AI智能新趨勢多重資產型基金N類型台幣本基金有相當比重投資於非投資等級之高風險債券
富邦AI智能新趨勢多重資產型基金-A類型(台幣)(本基金有相當比重投資於非投資等級之高風險債券),富邦投信,境內,ET004005/806,,14.0,5.94,-0.91,40.94,99.69,251.43,274.08,,,,,08/18,富邦AI智能新趨勢多重資產型基金A類型台幣本基金有相當比重投資於非投資等級之高風險債券
富邦AI智能新趨勢多重資產型基金-A類型(美元)(本基金有相當比重投資於非投資等級之高風險債券),富邦投信,境內,ET004005/806,,15.0,7.08,-2.15,39.05,87.88,251.39,226.04,,,,,08/18,富邦AI智能新趨勢多重資產型基金A類型美元本基金有相當比重投資於非投資等級之高風險債券
富邦AI智能新趨勢多重資產型基金-N類型(美元)(本基金有相當比重投資於非投資等級之高風險債券),富邦投信,境內,ET004005/806,,16.0,7.08,-2.15,39.05,87.88,251.4,226.05,,,,,08/18,富邦AI智能新趨勢多重資產型基金N類型美元本基金有相當比重投資於非投資等級之高風險債券
統一全球動態多重資產基金-累積型(台幣)(基金有相當比重投資於非投資等級之高風險債券且基金之配息來源可能為本金),統一投信,境內,ET004005/806,,17.0,8.57,4.36,38.4,85.43,168.03,147.03,,,,,08/18,統一全球動態多重資產基金累積型台幣基金有相當比重投資於非投資等級之高風險債券且基金之配息來源可能為本金
統一全球動態多重資產基金-月配型(台幣)(基金有相當比重投資於非投資等級之高風險債券且基金之配息來源可能為本金),統一投信,境內,ET004005/806,,18.0,8.56,4.3,38.34,85.36,167.97,146.91,,,,,08/18,統一全球動態多重資產基金月配型台幣基金有相當比重投資於非投資等級之高風險債券且基金之配息來源可能為本金
統一全球動態多重資產基金-累積型(美元)(基金有相當比重投資於非投資等級之高風險債券且基金之配息來源可能為本金),統一投信,境內,ET004005/806,,19.0,9.73,3.05,36.38,74.46,168.01,115.31,,,,,08/18,統一全球動態多重資產基金累積型美元基金有相當比重投資於非投資等級之高風險債券且基金之配息來源可能為本金
統一全球動態多重資產基金-月配型(美元)(基金有相當比重投資於非投資等級之高風險債券且基金之配息來源可能為本金),統一投信,境內,ET004005/806,,20.0,9.73,3.01,36.33,74.41,167.96,115.19,,,,,08/18,統一全球動態多重資產基金月配型美元基金有相當比重投資於非投資等級之高風險債券且基金之配息來源可能為本金
富邦AI智能新趨勢多重資產型基金-N類型(人民幣)(本基金有相當比重投資於非投資等級之高風險債券),富邦投信,境內,ET004005/806,,21.0,6.57,-2.93,35.91,76.33,224.42,239.14,,,,,08/18,富邦AI智能新趨勢多重資產型基金N類型人民幣本基金有相當比重投資於非投資等級之高風險債券
富邦AI智能新趨勢多重資產型基金-A類型(人民幣)(本基金有相當比重投資於非投資等級之高風險債券),富邦投信,境內,ET004005/806,,22.0,6.57,-2.93,35.91,76.33,224.42,239.14,,,,,08/18,富邦AI智能新趨勢多重資產型基金A類型人民幣本基金有相當比重投資於非投資等級之高風險債券
富邦歐亞絲路多重資產型基金A不配息(台幣)(本基金有相當比重投資於非投資等級之高風險債券且配息來源可能為本金),富邦投信,境內,ET004005/806,,23.0,2.18,0.92,35.65,100.6,135.08,85.18,,,,,08/18,富邦歐亞絲路多重資產型基金A不配息台幣本基金有相當比重投資於非投資等級之高風險債券且配息來源可能為本金
富邦歐亞絲路多重資產型基金B配息(台幣)(本基金有相當比重投資於非投資等級之高風險債券且配息來源可能為本金),富邦投信,境內,ET004005/806,,24.0,2.18,0.92,35.65,100.6,135.09,85.19,,,,,08/18,富邦歐亞絲路多重資產型基金B配息台幣本基金有相當比重投資於非投資等級之高風險債券且配息來源可能為本金
富邦歐亞絲路多重資產型基金B配息(美元)(本基金有相當比重投資於非投資等級之高風險債券且配息來源可能為本金),富邦投信,境內,ET004005/806,,25.0,3.16,-0.21,34.05,90.94,132.6,62.83,,,,,08/18,富邦歐亞絲路多重資產型基金B配息美元本基金有相當比重投資於非投資等級之高風險債券且配息來源可能為本金
富邦歐亞絲路多重資產型基金A不配息(美元)(本基金有相當比重投資於非投資等級之高風險債券且配息來源可能為本金),富邦投信,境內,ET004005/806,,26.0,3.16,-0.21,34.05,90.94,132.6,62.83,,,,,08/18,富邦歐亞絲路多重資產型基金A不配息美元本基金有相當比重投資於非投資等級之高風險債券且配息來源可能為本金
統一全球動態多重資產基金-累積型(人民幣)(基金有相當比重投資於非投資等級之高風險債券且基金之配息來源可能為本金),統一投信,境內,ET004005/806,,27.0,9.2,2.22,33.14,63.86,147.14,124.03,,,,,08/18,統一全球動態多重資產基金累積型人民幣基金有相當比重投資於非投資等級之高風險債券且基金之配息來源可能為本金
統一全球動態多重資產基金-月配型(人民幣)(基金有相當比重投資於非投資等級之高風險債券且基金之配息來源可能為本金),統一投信,境內,ET004005/806,,28.0,9.19,2.18,33.09,63.84,147.16,123.97,,,,,08/18,統一全球動態多重資產基金月配型人民幣基金有相當比重投資於非投資等級之高風險債券且基金之配息來源可能為本金
統一優選低波多重資產基金-月配型(台幣)(基金之配息來源可能為本金及收益平準金),統一投信,境內,ET004005/806,,29.0,3.93,6.78,32.14,64.61,,,,,,,08/19,統一優選低波多重資產基金月配型台幣基金之配息來源可能為本金及收益平準金
統一優選低波多重資產基金-累積型(台幣)(基金之配息來源可能為本金及收益平準金),統一投信,境內,ET004005/806,,30.0,3.92,6.77,32.12,64.58,,,,,,,08/19,統一優選低波多重資產基金累積型台幣基金之配息來源可能為本金及收益平準金
野村全球科技多重資產基金-累積N類型(日圓)(本基金有相當比重投資於非投資等級之高風險債券且配息來源可能為本金),野村投信,境內,ET004005/806,,31.0,4.49,2.81,31.79,,,,,,,,08/18,野村全球科技多重資產基金累積N類型日圓本基金有相當比重投資於非投資等級之高風險債券且配息來源可能為本金
野村全球科技多重資產基金-累積型(日圓)(本基金有相當比重投資於非投資等級之高風險債券且配息來源可能為本金),野村投信,境內,ET004005/806,,32.0,4.49,2.81,31.7,,,,,,,,08/18,野村全球科技多重資產基金累積型日圓本基金有相當比重投資於非投資等級之高風險債券且配息來源可能為本金
野村全球科技多重資產基金-月配型(日圓)(本基金有相當比重投資於非投資等級之高風險債券且配息來源可能為本金),野村投信,境內,ET004005/806,,33.0,4.49,2.79,31.6,55.75,,,,,,,08/18,野村全球科技多重資產基金月配型日圓本基金有相當比重投資於非投資等級之高風險債券且配息來源可能為本金
野村全球科技多重資產基金-月配N類型(日圓)(本基金有相當比重投資於非投資等級之高風險債券且配息來源可能為本金),野村投信,境內,ET004005/806,,34.0,4.49,2.79,31.6,55.73,,,,,,,08/18,野村全球科技多重資產基金月配N類型日圓本基金有相當比重投資於非投資等級之高風險債券且配息來源可能為本金
富邦歐亞絲路多重資產型基金B配息(人民幣)(本基金有相當比重投資於非投資等級之高風險債券且配息來源可能為本金),富邦投信,境內,ET004005/806,,35.0,2.84,-1.25,30.46,73.55,116.38,67.12,,,,,08/18,富邦歐亞絲路多重資產型基金B配息人民幣本基金有相當比重投資於非投資等級之高風險債券且配息來源可能為本金
富邦歐亞絲路多重資產型基金A不配息(人民幣)(本基金有相當比重投資於非投資等級之高風險債券且配息來源可能為本金),富邦投信,境內,ET004005/806,,36.0,2.84,-1.26,30.46,73.54,116.37,67.11,,,,,08/18,富邦歐亞絲路多重資產型基金A不配息人民幣本基金有相當比重投資於非投資等級之高風險債券且配息來源可能為本金
野村全球科技多重資產基金-累積S類型(台幣)(本基金有相當比重投資於非投資等級之高風險債券且配息來源可能為本金),野村投信,境內,ET004005/806,,37.0,5.11,3.92,29.7,40.05,,,,,,,08/18,野村全球科技多重資產基金累積S類型台幣本基金有相當比重投資於非投資等級之高風險債券且配息來源可能為本金
野村全球科技多重資產基金-累積型(台幣)(本基金有相當比重投資於非投資等級之高風險債券且配息來源可能為本金),野村投信,境內,ET004005/806,,38.0,5.04,3.75,29.24,54.14,,,,,,,08/18,野村全球科技多重資產基金累積型台幣本基金有相當比重投資於非投資等級之高風險債券且配息來源可能為本金
野村全球科技多重資產基金-累積N類型(台幣)(本基金有相當比重投資於非投資等級之高風險債券且配息來源可能為本金),野村投信,境內,ET004005/806,,39.0,5.05,3.74,29.24,54.11,,,,,,,08/18,野村全球科技多重資產基金累積N類型台幣本基金有相當比重投資於非投資等級之高風險債券且配息來源可能為本金
野村全球科技多重資產基金-月配型(台幣)(本基金有相當比重投資於非投資等級之高風險債券且配息來源可能為本金),野村投信,境內,ET004005/806,,40.0,5.05,3.72,29.21,54.09,,,,,,,08/18,野村全球科技多重資產基金月配型台幣本基金有相當比重投資於非投資等級之高風險債券且配息來源可能為本金
野村全球科技多重資產基金-月配N類型(台幣)(本基金有相當比重投資於非投資等級之高風險債券且配息來源可能為本金),野村投信,境內,ET004005/806,,41.0,5.05,3.71,29.21,54.08,,,,,,,08/18,野村全球科技多重資產基金月配N類型台幣本基金有相當比重投資於非投資等級之高風險債券且配息來源可能為本金
野村全球科技多重資產基金-累積S類型(美元)(本基金有相當比重投資於非投資等級之高風險債券且配息來源可能為本金),野村投信,境內,ET004005/806,,42.0,6.17,2.82,28.34,48.61,,,,,,,08/18,野村全球科技多重資產基金累積S類型美元本基金有相當比重投資於非投資等級之高風險債券且配息來源可能為本金
野村全球科技多重資產基金-累積N類型(美元)(本基金有相當比重投資於非投資等級之高風險債券且配息來源可能為本金),野村投信,境內,ET004005/806,,43.0,6.11,2.64,27.88,47.62,,,,,,,08/18,野村全球科技多重資產基金累積N類型美元本基金有相當比重投資於非投資等級之高風險債券且配息來源可能為本金
野村全球科技多重資產基金-累積型(美元)(本基金有相當比重投資於非投資等級之高風險債券且配息來源可能為本金),野村投信,境內,ET004005/806,,44.0,6.11,2.64,27.88,47.63,,,,,,,08/18,野村全球科技多重資產基金累積型美元本基金有相當比重投資於非投資等級之高風險債券且配息來源可能為本金
野村全球科技多重資產基金-月配N類型(美元)(本基金有相當比重投資於非投資等級之高風險債券且配息來源可能為本金),野村投信,境內,ET004005/806,,45.0,6.12,2.61,27.85,47.62,,,,,,,08/18,野村全球科技多重資產基金月配N類型美元本基金有相當比重投資於非投資等級之高風險債券且配息來源可能為本金
野村全球科技多重資產基金-月配型(美元)(本基金有相當比重投資於非投資等級之高風險債券且配息來源可能為本金),野村投信,境內,ET004005/806,,46.0,6.12,2.61,27.85,47.73,,,,,,,08/18,野村全球科技多重資產基金月配型美元本基金有相當比重投資於非投資等級之高風險債券且配息來源可能為本金
華南永昌全球科技多重資產基金B配息(台幣)(本基金有相當比重投資於非投資等級之高風險債券且本基金之配息來源可能為本金),華南永昌投信,境內,ET004005/806,,47.0,0.43,5.73,25.52,32.52,,,,,,,08/18,華南永昌全球科技多重資產基金B配息台幣本基金有相當比重投資於非投資等級之高風險債券且本基金之配息來源可能為本金
野村全球科技多重資產基金-月配N類型(人民幣)(本基金有相當比重投資於非投資等級之高風險債券且配息來源可能為本金),野村投信,境內,ET004005/806,,48.0,5.66,1.8,25.15,39.73,,,,,,,08/18,野村全球科技多重資產基金月配N類型人民幣本基金有相當比重投資於非投資等級之高風險債券且配息來源可能為本金
野村全球科技多重資產基金-月配型(人民幣)(本基金有相當比重投資於非投資等級之高風險債券且配息來源可能為本金),野村投信,境內,ET004005/806,,49.0,5.66,1.8,25.14,39.71,,,,,,,08/18,野村全球科技多重資產基金月配型人民幣本基金有相當比重投資於非投資等級之高風險債券且配息來源可能為本金
華南永昌全球科技多重資產基金A不配息(台幣)(本基金有相當比重投資於非投資等級之高風險債券且本基金之配息來源可能為本金),華南永昌投信,境內,ET004005/806,,50.0,0.76,5.27,24.91,31.9,,,,,,,08/18,華南永昌全球科技多重資產基金A不配息台幣本基金有相當比重投資於非投資等級之高風險債券且本基金之配息來源可能為本金
華南永昌全球科技多重資產基金B配息(美元)(本基金有相當比重投資於非投資等級之高風險債券且本基金之配息來源可能為本金),華南永昌投信,境內,ET004005/806,,51.0,1.52,4.39,23.63,24.57,,,,,,,08/18,華南永昌全球科技多重資產基金B配息美元本基金有相當比重投資於非投資等級之高風險債券且本基金之配息來源可能為本金
華南永昌全球科技多重資產基金A不配息(美元)(本基金有相當比重投資於非投資等級之高風險債券且本基金之配息來源可能為本金),華南永昌投信,境內,ET004005/806,,52.0,1.53,4.42,23.62,24.67,,,,,,,08/18,華南永昌全球科技多重資產基金A不配息美元本基金有相當比重投資於非投資等級之高風險債券且本基金之配息來源可能為本金
兆豐ESG台美永續雙盈多重資產基金NB後收月配型(台幣)(本基金有相當比重投資於非投資等級之高風險債券且配息來源可能為本金),兆豐投信,境內,ET004005/806,,53.0,3.35,2.51,20.31,39.67,,,,,,,08/18,兆豐ESG台美永續雙盈多重資產基金NB後收月配型台幣本基金有相當比重投資於非投資等級之高風險債券且配息來源可能為本金
兆豐ESG台美永續雙盈多重資產基金B月配型(台幣)(本基金有相當比重投資於非投資等級之高風險債券且配息來源可能為本金),兆豐投信,境內,ET004005/806,,54.0,3.35,2.51,20.31,39.66,,,,,,,08/18,兆豐ESG台美永續雙盈多重資產基金B月配型台幣本基金有相當比重投資於非投資等級之高風險債券且配息來源可能為本金
兆豐ESG台美永續雙盈多重資產基金A累積型(台幣)(本基金有相當比重投資於非投資等級之高風險債券),兆豐投信,境內,ET004005/806,,55.0,3.36,2.5,20.28,39.67,,,,,,,08/18,兆豐ESG台美永續雙盈多重資產基金A累積型台幣本基金有相當比重投資於非投資等級之高風險債券
富邦台美雙星多重資產基金A不配息(台幣)(本基金有相當比重投資於非投資等級之高風險債券且配息來源可能為本金),富邦投信,境內,ET004005/806,,56.0,1.82,3.03,19.71,44.93,95.87,,,,,,08/18,富邦台美雙星多重資產基金A不配息台幣本基金有相當比重投資於非投資等級之高風險債券且配息來源可能為本金
富邦台美雙星多重資產基金NA不配息(台幣)(本基金有相當比重投資於非投資等級之高風險債券且配息來源可能為本金),富邦投信,境內,ET004005/806,,57.0,1.82,3.03,19.71,44.93,95.87,,,,,,08/18,富邦台美雙星多重資產基金NA不配息台幣本基金有相當比重投資於非投資等級之高風險債券且配息來源可能為本金
富邦台美雙星多重資產基金NB配息(台幣)(本基金有相當比重投資於非投資等級之高風險債券且配息來源可能為本金),富邦投信,境內,ET004005/806,,58.0,1.82,3.03,19.71,44.93,95.87,,,,,,08/18,富邦台美雙星多重資產基金NB配息台幣本基金有相當比重投資於非投資等級之高風險債券且配息來源可能為本金
富邦台美雙星多重資產基金B配息(台幣)(本基金有相當比重投資於非投資等級之高風險債券且配息來源可能為本金),富邦投信,境內,ET004005/806,,59.0,1.82,3.03,19.71,44.93,95.87,,,,,,08/18,富邦台美雙星多重資產基金B配息台幣本基金有相當比重投資於非投資等級之高風險債券且配息來源可能為本金
兆豐ESG台美永續雙盈多重資產基金B月配型(美元)(本基金有相當比重投資於非投資等級之高風險債券且配息來源可能為本金),兆豐投信,境內,ET004005/806,,60.0,4.03,1.83,19.47,34.41,,,,,,,08/18,兆豐ESG台美永續雙盈多重資產基金B月配型美元本基金有相當比重投資於非投資等級之高風險債券且配息來源可能為本金
兆豐ESG台美永續雙盈多重資產基金NB後收月配型(美元)(本基金有相當比重投資於非投資等級之高風險債券且配息來源可能為本金),兆豐投信,境內,ET004005/806,,61.0,4.12,1.83,19.47,34.41,,,,,,,08/18,兆豐ESG台美永續雙盈多重資產基金NB後收月配型美元本基金有相當比重投資於非投資等級之高風險債券且配息來源可能為本金
兆豐ESG台美永續雙盈多重資產基金A累積型(美元)(本基金有相當比重投資於非投資等級之高風險債券),兆豐投信,境內,ET004005/806,,62.0,4.06,1.8,19.44,34.46,,,,,,,08/18,兆豐ESG台美永續雙盈多重資產基金A累積型美元本基金有相當比重投資於非投資等級之高風險債券
凱基臺灣多元收益多重資產基金NA類型,凱基投信,境內,ET004005/806,,63.0,2.15,6.74,19.41,32.35,52.0,59.51,,,,,08/19,凱基臺灣多元收益多重資產基金NA類型
凱基臺灣多元收益多重資產基金A類型,凱基投信,境內,ET004005/806,,64.0,2.12,6.7,19.41,32.34,52.06,59.61,,,,,08/19,凱基臺灣多元收益多重資產基金A類型
凱基未來世代關鍵收息多重資產基金TISA不配息(台幣)(基金之配息來源可能為本金且並無保證收益及配息),凱基投信,境內,ET004005/806,,65.0,2.22,6.1,18.72,37.21,,,,,,,08/18,凱基未來世代關鍵收息多重資產基金TISA不配息台幣基金之配息來源可能為本金且並無保證收益及配息
凱基未來世代關鍵收息多重資產基金NB配息(南非幣)(基金之配息來源可能為本金且並無保證收益及配息),凱基投信,境內,ET004005/806,,66.0,2.55,4.7,18.72,25.39,64.27,61.08,,,,,08/18,凱基未來世代關鍵收息多重資產基金NB配息南非幣基金之配息來源可能為本金且並無保證收益及配息
凱基未來世代關鍵收息多重資產基金A不配息(南非幣)(基金之配息來源可能為本金且並無保證收益及配息),凱基投信,境內,ET004005/806,,67.0,2.54,3.83,18.69,24.28,63.99,60.8,,,,,08/18,凱基未來世代關鍵收息多重資產基金A不配息南非幣基金之配息來源可能為本金且並無保證收益及配息
凱基未來世代關鍵收息多重資產基金NA不配息(南非幣)(基金之配息來源可能為本金且並無保證收益及配息),凱基投信,境內,ET004005/806,,68.0,2.53,3.88,18.68,24.34,64.07,60.88,,,,,08/18,凱基未來世代關鍵收息多重資產基金NA不配息南非幣基金之配息來源可能為本金且並無保證收益及配息
凱基未來世代關鍵收息多重資產基金B配息(南非幣)(基金之配息來源可能為本金且並無保證收益及配息),凱基投信,境內,ET004005/806,,69.0,2.55,4.61,18.62,25.29,64.16,60.98,,,,,08/18,凱基未來世代關鍵收息多重資產基金B配息南非幣基金之配息來源可能為本金且並無保證收益及配息
富邦台美雙星多重資產基金B配息(美元)(本基金有相當比重投資於非投資等級之高風險債券且配息來源可能為本金),富邦投信,境內,ET004005/806,,70.0,2.92,1.74,18.11,36.36,95.85,,,,,,08/18,富邦台美雙星多重資產基金B配息美元本基金有相當比重投資於非投資等級之高風險債券且配息來源可能為本金
富邦台美雙星多重資產基金NA不配息(美元)(本基金有相當比重投資於非投資等級之高風險債券且配息來源可能為本金),富邦投信,境內,ET004005/806,,71.0,2.92,1.74,18.11,36.36,95.85,,,,,,08/18,富邦台美雙星多重資產基金NA不配息美元本基金有相當比重投資於非投資等級之高風險債券且配息來源可能為本金
富邦台美雙星多重資產基金NB配息(美元)(本基金有相當比重投資於非投資等級之高風險債券且配息來源可能為本金),富邦投信,境內,ET004005/806,,72.0,2.92,1.74,18.11,36.36,95.85,,,,,,08/18,富邦台美雙星多重資產基金NB配息美元本基金有相當比重投資於非投資等級之高風險債券且配息來源可能為本金
富邦台美雙星多重資產基金A不配息(美元)(本基金有相當比重投資於非投資等級之高風險債券且配息來源可能為本金),富邦投信,境內,ET004005/806,,73.0,2.92,1.74,18.11,36.36,95.85,,,,,,08/18,富邦台美雙星多重資產基金A不配息美元本基金有相當比重投資於非投資等級之高風險債券且配息來源可能為本金
台新收益領航多重資產基金-NB配息(日圓)(本基金有相當比重投資於非投資等級之高風險債券且配息來源可能為本金),台新投信,境內,ET004005/806,,74.0,1.06,0.85,17.61,38.36,,,,,,,08/18,台新收益領航多重資產基金NB配息日圓本基金有相當比重投資於非投資等級之高風險債券且配息來源可能為本金
中國信託成長轉機多重資產基金-A累積型(台幣)(本基金有相當比重投資於非投資等級之高風險債券且本基金之配息來源可能為本金),中國信託投信,境內,ET004005/806,,75.0,1.88,3.61,17.26,38.16,66.76,,,,,,08/18,中國信託成長轉機多重資產基金A累積型台幣本基金有相當比重投資於非投資等級之高風險債券且本基金之配息來源可能為本金
台新收益領航多重資產基金A不配息(日圓)(本基金有相當比重投資於非投資等級之高風險債券且配息來源可能為本金),台新投信,境內,ET004005/806,,76.0,0.85,0.7,17.26,37.39,,,,,,,08/18,台新收益領航多重資產基金A不配息日圓本基金有相當比重投資於非投資等級之高風險債券且配息來源可能為本金
中國信託成長轉機多重資產基金-B分配型(台幣)(本基金有相當比重投資於非投資等級之高風險債券且本基金之配息來源可能為本金),中國信託投信,境內,ET004005/806,,77.0,1.88,3.59,17.24,38.21,66.77,,,,,,08/18,中國信託成長轉機多重資產基金B分配型台幣本基金有相當比重投資於非投資等級之高風險債券且本基金之配息來源可能為本金
中國信託成長轉機多重資產基金-NB分配型(台幣)(本基金有相當比重投資於非投資等級之高風險債券且本基金之配息來源可能為本金),中國信託投信,境內,ET004005/806,,78.0,1.88,3.59,17.23,38.19,66.82,,,,,,08/18,中國信託成長轉機多重資產基金NB分配型台幣本基金有相當比重投資於非投資等級之高風險債券且本基金之配息來源可能為本金
台新收益領航多重資產基金-NA不配息(日圓)(本基金有相當比重投資於非投資等級之高風險債券且配息來源可能為本金),台新投信,境內,ET004005/806,,79.0,0.99,0.78,17.23,37.92,,,,,,,08/18,台新收益領航多重資產基金NA不配息日圓本基金有相當比重投資於非投資等級之高風險債券且配息來源可能為本金
台新收益領航多重資產基金-B配息(日圓)(本基金有相當比重投資於非投資等級之高風險債券且配息來源可能為本金),台新投信,境內,ET004005/806,,80.0,0.96,0.82,17.16,35.7,,,,,,,08/18,台新收益領航多重資產基金B配息日圓本基金有相當比重投資於非投資等級之高風險債券且配息來源可能為本金
富蘭克林華美多重資產收益基金-A累積型(南非幣)(本基金有相當比重投資於非投資等級之高風險債券且基金之配息來源可能為本金),富蘭克林華美投信,境內,ET004005/806,,81.0,-0.04,-0.64,17.02,14.78,42.04,58.29,127.88,,,,08/18,富蘭克林華美多重資產收益基金A累積型南非幣本基金有相當比重投資於非投資等級之高風險債券且基金之配息來源可能為本金
富蘭克林華美多重資產收益基金-B分配型(南非幣)(本基金有相當比重投資於非投資等級之高風險債券且基金之配息來源可能為本金),富蘭克林華美投信,境內,ET004005/806,,82.0,-0.08,-0.73,16.99,14.82,42.23,58.51,126.33,,,,08/18,富蘭克林華美多重資產收益基金B分配型南非幣本基金有相當比重投資於非投資等級之高風險債券且基金之配息來源可能為本金
兆豐全球尖端科技多重資產基金B半年配型(台幣)(本基金之配息來源可能為本金),兆豐投信,境內,ET004005/806,,83.0,9.29,-11.37,16.96,42.07,,,,,,,08/18,兆豐全球尖端科技多重資產基金B半年配型台幣本基金之配息來源可能為本金
兆豐全球尖端科技多重資產基金NA後收累積型(台幣),兆豐投信,境內,ET004005/806,,84.0,9.25,-11.38,16.93,42.0,,,,,,,08/18,兆豐全球尖端科技多重資產基金NA後收累積型台幣
合庫AI多重資產基金-B配息(台幣)(本基金有相當比重投資於非投資等級之高風險債券且配息來源可能為本金),合作金庫投信,境內,ET004005/806,,85.0,5.85,-1.82,16.88,29.41,,,,,,,08/18,合庫AI多重資產基金B配息台幣本基金有相當比重投資於非投資等級之高風險債券且配息來源可能為本金
兆豐全球尖端科技多重資產基金NB後收半年配型(台幣)(本基金之配息來源可能為本金),兆豐投信,境內,ET004005/806,,86.0,9.3,-11.37,16.87,41.97,,,,,,,08/18,兆豐全球尖端科技多重資產基金NB後收半年配型台幣本基金之配息來源可能為本金
合庫AI多重資產基金-A不配息(台幣)(本基金有相當比重投資於非投資等級之高風險債券),合作金庫投信,境內,ET004005/806,,87.0,5.87,-1.82,16.85,29.38,,,,,,,08/18,合庫AI多重資產基金A不配息台幣本基金有相當比重投資於非投資等級之高風險債券
兆豐全球尖端科技多重資產基金A累積型(台幣),兆豐投信,境內,ET004005/806,,88.0,9.25,-11.38,16.84,42.0,,,,,,,08/18,兆豐全球尖端科技多重資產基金A累積型台幣
合庫AI多重資產基金-NB配息(台幣)(本基金有相當比重投資於非投資等級之高風險債券且配息來源可能為本金),合作金庫投信,境內,ET004005/806,,89.0,5.85,-1.82,16.77,29.41,,,,,,,08/18,合庫AI多重資產基金NB配息台幣本基金有相當比重投資於非投資等級之高風險債券且配息來源可能為本金
合庫AI多重資產基金-NB配息(美元)(本基金有相當比重投資於非投資等級之高風險債券且配息來源可能為本金),合作金庫投信,境內,ET004005/806,,90.0,6.57,-2.21,16.67,29.0,,,,,,,08/18,合庫AI多重資產基金NB配息美元本基金有相當比重投資於非投資等級之高風險債券且配息來源可能為本金
合庫AI多重資產基金-A不配息(美元)(本基金有相當比重投資於非投資等級之高風險債券),合作金庫投信,境內,ET004005/806,,91.0,6.58,-2.17,16.67,28.87,,,,,,,08/18,合庫AI多重資產基金A不配息美元本基金有相當比重投資於非投資等級之高風險債券
凱基未來世代關鍵收息多重資產基金A不配息(美元)(基金之配息來源可能為本金且並無保證收益及配息),凱基投信,境內,ET004005/806,,92.0,3.29,4.61,16.54,28.04,70.55,45.29,,,,,08/18,凱基未來世代關鍵收息多重資產基金A不配息美元基金之配息來源可能為本金且並無保證收益及配息
凱基未來世代關鍵收息多重資產基金NA不配息(美元)(基金之配息來源可能為本金且並無保證收益及配息),凱基投信,境內,ET004005/806,,93.0,3.29,4.61,16.54,28.04,70.55,45.29,,,,,08/18,凱基未來世代關鍵收息多重資產基金NA不配息美元基金之配息來源可能為本金且並無保證收益及配息
凱基未來世代關鍵收息多重資產基金B配息(美元)(基金之配息來源可能為本金且並無保證收益及配息),凱基投信,境內,ET004005/806,,94.0,3.33,5.13,16.54,28.84,72.18,47.49,,,,,08/18,凱基未來世代關鍵收息多重資產基金B配息美元基金之配息來源可能為本金且並無保證收益及配息
合庫AI多重資產基金-B配息(美元)(本基金有相當比重投資於非投資等級之高風險債券且配息來源可能為本金),合作金庫投信,境內,ET004005/806,,95.0,6.64,-2.2,16.52,28.92,,,,,,,08/18,合庫AI多重資產基金B配息美元本基金有相當比重投資於非投資等級之高風險債券且配息來源可能為本金
凱基未來世代關鍵收息多重資產基金NB配息(美元)(基金之配息來源可能為本金且並無保證收益及配息),凱基投信,境內,ET004005/806,,96.0,3.26,5.07,16.52,28.62,71.83,46.86,,,,,08/18,凱基未來世代關鍵收息多重資產基金NB配息美元基金之配息來源可能為本金且並無保證收益及配息
兆豐收益增長多重資產基金B月配型(台幣)(本基金之配息來源可能為本金),兆豐投信,境內,ET004005/806,,97.0,2.81,4.39,16.45,33.34,,,,,,,08/18,兆豐收益增長多重資產基金B月配型台幣本基金之配息來源可能為本金
兆豐收益增長多重資產基金NA後收累積型(台幣),兆豐投信,境內,ET004005/806,,98.0,2.75,4.38,16.43,33.27,,,,,,,08/18,兆豐收益增長多重資產基金NA後收累積型台幣
凱基未來世代關鍵收息多重資產基金A不配息(台幣)(基金之配息來源可能為本金且並無保證收益及配息),凱基投信,境內,ET004005/806,,99.0,2.66,4.8,16.42,29.61,62.49,41.07,,,,,08/18,凱基未來世代關鍵收息多重資產基金A不配息台幣基金之配息來源可能為本金且並無保證收益及配息
凱基未來世代關鍵收息多重資產基金NA不配息(台幣)(基金之配息來源可能為本金且並無保證收益及配息),凱基投信,境內,ET004005/806,,100.0,2.66,4.8,16.41,29.59,62.43,41.16,,,,,08/18,凱基未來世代關鍵收息多重資產基金NA不配息台幣基金之配息來源可能為本金且並無保證收益及配息
凱基未來世代關鍵收息多重資產基金B配息(台幣)(基金之配息來源可能為本金且並無保證收益及配息),凱基投信,境內,ET004005/806,,101.0,2.62,5.24,16.4,30.23,62.33,41.07,,,,,08/18,凱基未來世代關鍵收息多重資產基金B配息台幣基金之配息來源可能為本金且並無保證收益及配息
凱基未來世代關鍵收息多重資產基金NB配息(台幣)(基金之配息來源可能為本金且並無保證收益及配息),凱基投信,境內,ET004005/806,,102.0,2.7,5.23,16.39,30.34,62.46,41.17,,,,,08/18,凱基未來世代關鍵收息多重資產基金NB配息台幣基金之配息來源可能為本金且並無保證收益及配息
富蘭克林華美多重資產收益基金-TISA類型(台幣)(本基金有相當比重投資於非投資等級之高風險債券且基金之配息來源可能為本金),富蘭克林華美投信,境內,ET004005/806,,103.0,0.54,2.75,16.36,,,,,,,,08/18,富蘭克林華美多重資產收益基金TISA類型台幣本基金有相當比重投資於非投資等級之高風險債券且基金之配息來源可能為本金
兆豐收益增長多重資產基金NB後收月配型(台幣)(本基金之配息來源可能為本金),兆豐投信,境內,ET004005/806,,104.0,2.72,4.3,16.35,33.23,,,,,,,08/18,兆豐收益增長多重資產基金NB後收月配型台幣本基金之配息來源可能為本金
兆豐收益增長多重資產基金A累積型(台幣),兆豐投信,境內,ET004005/806,,105.0,2.75,4.31,16.34,33.17,,,,,,,08/18,兆豐收益增長多重資產基金A累積型台幣
富蘭克林華美多重資產收益基金-NB分配型(台幣)(本基金有相當比重投資於非投資等級之高風險債券且基金之配息來源可能為本金),富蘭克林華美投信,境內,ET004005/806,,106.0,0.57,2.55,15.92,32.41,,,,,,,08/18,富蘭克林華美多重資產收益基金NB分配型台幣本基金有相當比重投資於非投資等級之高風險債券且基金之配息來源可能為本金
富蘭克林華美多重資產收益基金-B分配型(台幣)(本基金有相當比重投資於非投資等級之高風險債券且基金之配息來源可能為本金),富蘭克林華美投信,境內,ET004005/806,,107.0,0.49,2.54,15.89,32.38,66.12,67.45,82.35,,,,08/18,富蘭克林華美多重資產收益基金B分配型台幣本基金有相當比重投資於非投資等級之高風險債券且基金之配息來源可能為本金
富蘭克林華美多重資產收益基金-NA累積型(台幣)(本基金有相當比重投資於非投資等級之高風險債券且基金之配息來源可能為本金),富蘭克林華美投信,境內,ET004005/806,,108.0,0.46,2.53,15.89,32.45,,,,,,,08/18,富蘭克林華美多重資產收益基金NA累積型台幣本基金有相當比重投資於非投資等級之高風險債券且基金之配息來源可能為本金
安聯AI收益成長多重資產基金-C累積型(台幣)(本基金有相當比重投資於非投資等級之高風險債券),安聯投信,境內,ET004005/806,,109.0,0.37,3.63,15.82,37.59,,,,,,,08/18,安聯AI收益成長多重資產基金C累積型台幣本基金有相當比重投資於非投資等級之高風險債券
富蘭克林華美多重資產收益基金-A累積型(台幣)(本基金有相當比重投資於非投資等級之高風險債券且基金之配息來源可能為本金),富蘭克林華美投信,境內,ET004005/806,,110.0,0.45,2.48,15.82,32.37,66.11,67.51,82.27,,,,08/18,富蘭克林華美多重資產收益基金A累積型台幣本基金有相當比重投資於非投資等級之高風險債券且基金之配息來源可能為本金
安聯AI收益成長多重資產基金-N月配型(台幣)(本基金有相當比重投資於非投資等級之高風險債券且配息來源可能為本金),安聯投信,境內,ET004005/806,,111.0,0.47,3.62,15.81,37.64,,,,,,,08/18,安聯AI收益成長多重資產基金N月配型台幣本基金有相當比重投資於非投資等級之高風險債券且配息來源可能為本金
安聯AI收益成長多重資產基金-B月配型(台幣)(本基金有相當比重投資於非投資等級之高風險債券且配息來源可能為本金),安聯投信,境內,ET004005/806,,112.0,0.39,3.62,15.81,37.64,,,,,,,08/18,安聯AI收益成長多重資產基金B月配型台幣本基金有相當比重投資於非投資等級之高風險債券且配息來源可能為本金
安聯AI收益成長多重資產基金-A累積型(台幣)(本基金有相當比重投資於非投資等級之高風險債券),安聯投信,境內,ET004005/806,,113.0,0.4,3.6,15.79,37.63,,,,,,,08/18,安聯AI收益成長多重資產基金A累積型台幣本基金有相當比重投資於非投資等級之高風險債券
兆豐全球尖端科技多重資產基金NA後收累積型(美元),兆豐投信,境內,ET004005/806,,114.0,10.33,-12.23,15.69,34.76,,,,,,,08/18,兆豐全球尖端科技多重資產基金NA後收累積型美元
兆豐全球尖端科技多重資產基金A累積型(美元),兆豐投信,境內,ET004005/806,,115.0,10.33,-12.23,15.69,34.76,,,,,,,08/18,兆豐全球尖端科技多重資產基金A累積型美元
兆豐全球尖端科技多重資產基金B半年配型(美元)(本基金之配息來源可能為本金),兆豐投信,境內,ET004005/806,,116.0,10.29,-12.28,15.68,34.78,,,,,,,08/18,兆豐全球尖端科技多重資產基金B半年配型美元本基金之配息來源可能為本金
中國信託成長轉機多重資產基金-A累積型(美元)(本基金有相當比重投資於非投資等級之高風險債券且本基金之配息來源可能為本金),中國信託投信,境內,ET004005/806,,117.0,2.97,2.31,15.67,30.61,69.13,,,,,,08/18,中國信託成長轉機多重資產基金A累積型美元本基金有相當比重投資於非投資等級之高風險債券且本基金之配息來源可能為本金
中國信託成長轉機多重資產基金-B分配型(美元)(本基金有相當比重投資於非投資等級之高風險債券且本基金之配息來源可能為本金),中國信託投信,境內,ET004005/806,,118.0,2.97,2.29,15.64,30.58,69.13,,,,,,08/18,中國信託成長轉機多重資產基金B分配型美元本基金有相當比重投資於非投資等級之高風險債券且本基金之配息來源可能為本金
中國信託成長轉機多重資產基金-NB分配型(美元)(本基金有相當比重投資於非投資等級之高風險債券且本基金之配息來源可能為本金),中國信託投信,境內,ET004005/806,,119.0,2.97,2.29,15.64,30.58,69.13,,,,,,08/18,中國信託成長轉機多重資產基金NB分配型美元本基金有相當比重投資於非投資等級之高風險債券且本基金之配息來源可能為本金
兆豐全球尖端科技多重資產基金NB後收半年配型(美元)(本基金之配息來源可能為本金),兆豐投信,境內,ET004005/806,,120.0,10.3,-12.29,15.6,34.68,,,,,,,08/18,兆豐全球尖端科技多重資產基金NB後收半年配型美元本基金之配息來源可能為本金
施羅德美國成長多重資產基金-A累積型(台幣)(本基金有相當比重投資於非投資等級之高風險債券),施羅德投信,境內,ET004005/806,,121.0,2.58,5.74,15.55,29.56,,,,,,,08/18,施羅德美國成長多重資產基金A累積型台幣本基金有相當比重投資於非投資等級之高風險債券
富邦台美雙星多重資產基金A不配息(人民幣)(本基金有相當比重投資於非投資等級之高風險債券且配息來源可能為本金),富邦投信,境內,ET004005/806,,122.0,2.45,0.95,15.46,27.99,80.84,,,,,,08/18,富邦台美雙星多重資產基金A不配息人民幣本基金有相當比重投資於非投資等級之高風險債券且配息來源可能為本金
富邦台美雙星多重資產基金B配息(人民幣)(本基金有相當比重投資於非投資等級之高風險債券且配息來源可能為本金),富邦投信,境內,ET004005/806,,123.0,2.45,0.95,15.46,27.99,80.84,,,,,,08/18,富邦台美雙星多重資產基金B配息人民幣本基金有相當比重投資於非投資等級之高風險債券且配息來源可能為本金
富邦台美雙星多重資產基金NA不配息(人民幣)(本基金有相當比重投資於非投資等級之高風險債券且配息來源可能為本金),富邦投信,境內,ET004005/806,,124.0,2.45,0.95,15.46,27.99,80.84,,,,,,08/18,富邦台美雙星多重資產基金NA不配息人民幣本基金有相當比重投資於非投資等級之高風險債券且配息來源可能為本金
富邦台美雙星多重資產基金NB配息(人民幣)(本基金有相當比重投資於非投資等級之高風險債券且配息來源可能為本金),富邦投信,境內,ET004005/806,,125.0,2.45,0.95,15.46,27.99,80.84,,,,,,08/18,富邦台美雙星多重資產基金NB配息人民幣本基金有相當比重投資於非投資等級之高風險債券且配息來源可能為本金
聯邦低碳目標多重資產基金-A不配息(台幣),聯邦投信,境內,ET004005/806,,126.0,1.09,5.12,15.22,31.91,61.1,,,,,,08/18,聯邦低碳目標多重資產基金A不配息台幣
聯邦低碳目標多重資產基金-NA不配息(台幣),聯邦投信,境內,ET004005/806,,127.0,1.09,5.12,15.22,31.91,61.1,,,,,,08/18,聯邦低碳目標多重資產基金NA不配息台幣
野村多元收益多重資產基金-TISA類型(台幣)(本基金有相當比重投資於非投資等級之高風險債券且配息來源可能為本金且並無保證收益及配息),野村投信,境內,ET004005/806,,128.0,3.43,7.09,15.13,,,,,,,,08/18,野村多元收益多重資產基金TISA類型台幣本基金有相當比重投資於非投資等級之高風險債券且配息來源可能為本金且並無保證收益及配息
兆豐收益增長多重資產基金NA後收累積型(美元),兆豐投信,境內,ET004005/806,,129.0,3.79,3.1,14.98,25.86,,,,,,,08/18,兆豐收益增長多重資產基金NA後收累積型美元
兆豐收益增長多重資產基金A累積型(美元),兆豐投信,境內,ET004005/806,,130.0,3.79,3.1,14.98,25.86,,,,,,,08/18,兆豐收益增長多重資產基金A累積型美元
野村多元收益多重資產基金-累積S類型(台幣)(本基金有相當比重投資於非投資等級之高風險債券且配息來源可能為本金且並無保證收益及配息),野村投信,境內,ET004005/806,,131.0,3.36,7.04,14.97,24.22,46.04,34.61,,,,,08/18,野村多元收益多重資產基金累積S類型台幣本基金有相當比重投資於非投資等級之高風險債券且配息來源可能為本金且並無保證收益及配息
兆豐收益增長多重資產基金NB後收月配型(美元)(本基金之配息來源可能為本金),兆豐投信,境內,ET004005/806,,132.0,3.77,3.12,14.9,25.78,,,,,,,08/18,兆豐收益增長多重資產基金NB後收月配型美元本基金之配息來源可能為本金
兆豐收益增長多重資產基金B月配型(美元)(本基金之配息來源可能為本金),兆豐投信,境內,ET004005/806,,133.0,3.77,3.12,14.9,25.78,,,,,,,08/18,兆豐收益增長多重資產基金B月配型美元本基金之配息來源可能為本金
凱基未來世代關鍵收息多重資產基金A不配息(人民幣)(基金之配息來源可能為本金且並無保證收益及配息),凱基投信,境內,ET004005/806,,134.0,3.06,3.95,14.69,23.61,59.06,40.15,,,,,08/18,凱基未來世代關鍵收息多重資產基金A不配息人民幣基金之配息來源可能為本金且並無保證收益及配息
凱基未來世代關鍵收息多重資產基金NA不配息(人民幣)(基金之配息來源可能為本金且並無保證收益及配息),凱基投信,境內,ET004005/806,,135.0,2.99,3.88,14.67,23.57,58.95,40.43,,,,,08/18,凱基未來世代關鍵收息多重資產基金NA不配息人民幣基金之配息來源可能為本金且並無保證收益及配息
凱基未來世代關鍵收息多重資產基金NB配息(人民幣)(基金之配息來源可能為本金且並無保證收益及配息),凱基投信,境內,ET004005/806,,136.0,2.96,4.27,14.66,24.16,58.88,40.28,,,,,08/18,凱基未來世代關鍵收息多重資產基金NB配息人民幣基金之配息來源可能為本金且並無保證收益及配息
凱基未來世代關鍵收息多重資產基金B配息(人民幣)(基金之配息來源可能為本金且並無保證收益及配息),凱基投信,境內,ET004005/806,,137.0,2.95,4.36,14.64,24.13,58.99,40.36,,,,,08/18,凱基未來世代關鍵收息多重資產基金B配息人民幣基金之配息來源可能為本金且並無保證收益及配息
台新收益領航多重資產基金-A不配息(台幣)(本基金有相當比重投資於非投資等級之高風險債券且配息來源可能為本金),台新投信,境內,ET004005/806,,138.0,1.7,1.63,14.58,36.82,,,,,,,08/18,台新收益領航多重資產基金A不配息台幣本基金有相當比重投資於非投資等級之高風險債券且配息來源可能為本金
台新收益領航多重資產基金-NB配息(台幣)(本基金有相當比重投資於非投資等級之高風險債券且配息來源可能為本金),台新投信,境內,ET004005/806,,139.0,1.69,1.56,14.55,36.79,,,,,,,08/18,台新收益領航多重資產基金NB配息台幣本基金有相當比重投資於非投資等級之高風險債券且配息來源可能為本金
台新收益領航多重資產基金-B配息(台幣)(本基金有相當比重投資於非投資等級之高風險債券且配息來源可能為本金),台新投信,境內,ET004005/806,,140.0,1.69,1.56,14.55,36.79,,,,,,,08/18,台新收益領航多重資產基金B配息台幣本基金有相當比重投資於非投資等級之高風險債券且配息來源可能為本金
野村多元收益多重資產基金-累積N類型(台幣)(本基金有相當比重投資於非投資等級之高風險債券且配息來源可能為本金且並無保證收益及配息),野村投信,境內,ET004005/806,,141.0,3.31,6.83,14.53,23.27,43.01,35.27,,,,,08/18,野村多元收益多重資產基金累積N類型台幣本基金有相當比重投資於非投資等級之高風險債券且配息來源可能為本金且並無保證收益及配息
野村多元收益多重資產基金-累積型(台幣)(本基金有相當比重投資於非投資等級之高風險債券且配息來源可能為本金且並無保證收益及配息),野村投信,境內,ET004005/806,,142.0,3.31,6.83,14.53,23.21,42.99,35.0,58.52,,,,08/18,野村多元收益多重資產基金累積型台幣本基金有相當比重投資於非投資等級之高風險債券且配息來源可能為本金且並無保證收益及配息
野村多元收益多重資產基金-月配型(台幣)(本基金有相當比重投資於非投資等級之高風險債券且配息來源可能為本金且並無保證收益及配息),野村投信,境內,ET004005/806,,143.0,3.32,6.82,14.52,23.28,43.11,35.25,58.63,,,,08/18,野村多元收益多重資產基金月配型台幣本基金有相當比重投資於非投資等級之高風險債券且配息來源可能為本金且並無保證收益及配息
野村多元收益多重資產基金-月配N類型(台幣)(本基金有相當比重投資於非投資等級之高風險債券且配息來源可能為本金且並無保證收益及配息),野村投信,境內,ET004005/806,,144.0,3.32,6.81,14.51,23.24,43.11,35.31,,,,,08/18,野村多元收益多重資產基金月配N類型台幣本基金有相當比重投資於非投資等級之高風險債券且配息來源可能為本金且並無保證收益及配息
台新收益領航多重資產基金-NA不配息(台幣)(本基金有相當比重投資於非投資等級之高風險債券且配息來源可能為本金),台新投信,境內,ET004005/806,,145.0,1.63,1.55,14.5,36.73,,,,,,,08/18,台新收益領航多重資產基金NA不配息台幣本基金有相當比重投資於非投資等級之高風險債券且配息來源可能為本金
安聯AI收益成長多重資產基金-N月配型(美元)(本基金有相當比重投資於非投資等級之高風險債券且配息來源可能為本金),安聯投信,境內,ET004005/806,,146.0,1.57,2.43,14.37,29.52,,,,,,,08/18,安聯AI收益成長多重資產基金N月配型美元本基金有相當比重投資於非投資等級之高風險債券且配息來源可能為本金
安聯AI收益成長多重資產基金-B月配型(美元)(本基金有相當比重投資於非投資等級之高風險債券且配息來源可能為本金),安聯投信,境內,ET004005/806,,147.0,1.5,2.36,14.28,29.54,,,,,,,08/18,安聯AI收益成長多重資產基金B月配型美元本基金有相當比重投資於非投資等級之高風險債券且配息來源可能為本金
施羅德美國成長多重資產基金-C累積型(美元)(本基金有相當比重投資於非投資等級之高風險債券),施羅德投信,境內,ET004005/806,,148.0,3.67,4.47,14.25,22.4,,,,,,,08/18,施羅德美國成長多重資產基金C累積型美元本基金有相當比重投資於非投資等級之高風險債券
安聯AI收益成長多重資產基金-C累積型(美元)(本基金有相當比重投資於非投資等級之高風險債券),安聯投信,境內,ET004005/806,,149.0,1.5,2.27,14.23,29.47,,,,,,,08/18,安聯AI收益成長多重資產基金C累積型美元本基金有相當比重投資於非投資等級之高風險債券
安聯AI收益成長多重資產基金-A累積型(美元)(本基金有相當比重投資於非投資等級之高風險債券),安聯投信,境內,ET004005/806,,150.0,1.49,2.33,14.2,29.41,,,,,,,08/18,安聯AI收益成長多重資產基金A累積型美元本基金有相當比重投資於非投資等級之高風險債券
富蘭克林華美多重資產收益基金-NB分配型(美元)(本基金有相當比重投資於非投資等級之高風險債券且基金之配息來源可能為本金),富蘭克林華美投信,境內,ET004005/806,,151.0,1.56,1.21,14.2,24.6,,,,,,,08/18,富蘭克林華美多重資產收益基金NB分配型美元本基金有相當比重投資於非投資等級之高風險債券且基金之配息來源可能為本金
富蘭克林華美多重資產收益基金-B分配型(美元)(本基金有相當比重投資於非投資等級之高風險債券且基金之配息來源可能為本金),富蘭克林華美投信,境內,ET004005/806,,152.0,1.63,1.19,14.19,24.59,66.18,45.94,79.85,,,,08/18,富蘭克林華美多重資產收益基金B分配型美元本基金有相當比重投資於非投資等級之高風險債券且基金之配息來源可能為本金
富蘭克林華美多重資產收益基金-NA累積型(美元)(本基金有相當比重投資於非投資等級之高風險債券且基金之配息來源可能為本金),富蘭克林華美投信,境內,ET004005/806,,153.0,1.61,1.22,14.18,24.55,,,,,,,08/18,富蘭克林華美多重資產收益基金NA累積型美元本基金有相當比重投資於非投資等級之高風險債券且基金之配息來源可能為本金
富蘭克林華美多重資產收益基金-A累積型(美元)(本基金有相當比重投資於非投資等級之高風險債券且基金之配息來源可能為本金),富蘭克林華美投信,境內,ET004005/806,,154.0,1.56,1.22,14.14,24.51,66.12,45.92,79.53,,,,08/18,富蘭克林華美多重資產收益基金A累積型美元本基金有相當比重投資於非投資等級之高風險債券且基金之配息來源可能為本金
合庫AI多重資產基金-A不配息(人民幣)(本基金有相當比重投資於非投資等級之高風險債券),合作金庫投信,境內,ET004005/806,,155.0,5.96,-3.13,13.83,21.07,,,,,,,08/18,合庫AI多重資產基金A不配息人民幣本基金有相當比重投資於非投資等級之高風險債券
施羅德美國成長多重資產基金-A累積型(美元)(本基金有相當比重投資於非投資等級之高風險債券),施羅德投信,境內,ET004005/806,,156.0,3.67,4.25,13.82,21.7,,,,,,,08/18,施羅德美國成長多重資產基金A累積型美元本基金有相當比重投資於非投資等級之高風險債券
合庫AI多重資產基金-B配息(人民幣)(本基金有相當比重投資於非投資等級之高風險債券且配息來源可能為本金),合作金庫投信,境內,ET004005/806,,157.0,6.04,-3.11,13.81,21.14,,,,,,,08/18,合庫AI多重資產基金B配息人民幣本基金有相當比重投資於非投資等級之高風險債券且配息來源可能為本金
野村多元收益多重資產基金-累積N類型(美元)(本基金有相當比重投資於非投資等級之高風險債券且配息來源可能為本金且並無保證收益及配息),野村投信,境內,ET004005/806,,158.0,4.15,6.03,13.73,18.44,47.84,,,,,,08/18,野村多元收益多重資產基金累積N類型美元本基金有相當比重投資於非投資等級之高風險債券且配息來源可能為本金且並無保證收益及配息
野村多元收益多重資產基金-累積型(美元)(本基金有相當比重投資於非投資等級之高風險債券且配息來源可能為本金且並無保證收益及配息),野村投信,境內,ET004005/806,,159.0,4.17,6.02,13.72,18.43,47.8,27.57,63.41,,,,08/18,野村多元收益多重資產基金累積型美元本基金有相當比重投資於非投資等級之高風險債券且配息來源可能為本金且並無保證收益及配息
野村多元收益多重資產基金-月配N類型(美元)(本基金有相當比重投資於非投資等級之高風險債券且配息來源可能為本金且並無保證收益及配息),野村投信,境內,ET004005/806,,160.0,4.18,6.0,13.7,18.43,47.89,27.6,,,,,08/18,野村多元收益多重資產基金月配N類型美元本基金有相當比重投資於非投資等級之高風險債券且配息來源可能為本金且並無保證收益及配息
野村多元收益多重資產基金-月配型(美元)(本基金有相當比重投資於非投資等級之高風險債券且配息來源可能為本金且並無保證收益及配息),野村投信,境內,ET004005/806,,161.0,4.18,6.0,13.7,18.42,47.88,27.6,63.46,,,,08/18,野村多元收益多重資產基金月配型美元本基金有相當比重投資於非投資等級之高風險債券且配息來源可能為本金且並無保證收益及配息
聯邦低碳目標多重資產基金-A不配息(美元),聯邦投信,境內,ET004005/806,,162.0,2.17,3.81,13.68,24.11,61.08,,,,,,08/18,聯邦低碳目標多重資產基金A不配息美元
聯邦低碳目標多重資產基金-NA不配息(美元),聯邦投信,境內,ET004005/806,,163.0,2.17,3.81,13.68,24.11,61.08,,,,,,08/18,聯邦低碳目標多重資產基金NA不配息美元
野村動態配置多重資產基金-累積S類型(台幣)(本基金有相當比重投資於非投資等級之高風險債券且配息來源可能為本金),野村投信,境內,ET004005/806,,164.0,4.08,4.98,13.39,24.2,47.34,27.07,,,,,08/18,野村動態配置多重資產基金累積S類型台幣本基金有相當比重投資於非投資等級之高風險債券且配息來源可能為本金
安聯AI收益成長多重資產基金-HB月配型(台幣避險)(本基金有相當比重投資於非投資等級之高風險債券且配息來源可能為本金),安聯投信,境內,ET004005/806,,165.0,1.21,2.14,13.36,27.36,,,,,,,08/18,安聯AI收益成長多重資產基金HB月配型台幣避險本基金有相當比重投資於非投資等級之高風險債券且配息來源可能為本金
安聯AI收益成長多重資產基金-HN月配型(台幣避險)(本基金有相當比重投資於非投資等級之高風險債券且配息來源可能為本金),安聯投信,境內,ET004005/806,,166.0,1.13,2.06,13.27,27.25,,,,,,,08/18,安聯AI收益成長多重資產基金HN月配型台幣避險本基金有相當比重投資於非投資等級之高風險債券且配息來源可能為本金
安聯AI收益成長多重資產基金-HA累積型(台幣避險)(本基金有相當比重投資於非投資等級之高風險債券),安聯投信,境內,ET004005/806,,167.0,1.14,2.09,13.26,27.29,,,,,,,08/18,安聯AI收益成長多重資產基金HA累積型台幣避險本基金有相當比重投資於非投資等級之高風險債券
東方匯理創新趨勢多重資產基金-N2累積型(台幣)(本基金之配息來源可能為本金),東方匯理投信,境內,ET004005/806,,168.0,3.38,5.41,13.22,20.89,,,,,,,08/18,東方匯理創新趨勢多重資產基金N2累積型台幣本基金之配息來源可能為本金
合庫入息優化多重資產基金-A不配息(台幣)(本基金有相當比重投資於非投資等級之高風險債券及並無保證收益及配息),合作金庫投信,境內,ET004005/806,,169.0,1.02,4.75,13.21,36.75,,,,,,,08/18,合庫入息優化多重資產基金A不配息台幣本基金有相當比重投資於非投資等級之高風險債券及並無保證收益及配息
合庫入息優化多重資產基金-B配息(台幣)(本基金有相當比重投資於非投資等級之高風險債券且配息來源可能為本金及並無保證收益及配息),合作金庫投信,境內,ET004005/806,,170.0,1.04,4.77,13.16,36.77,,,,,,,08/18,合庫入息優化多重資產基金B配息台幣本基金有相當比重投資於非投資等級之高風險債券且配息來源可能為本金及並無保證收益及配息
東方匯理創新趨勢多重資產基金-A2累積型(台幣)(本基金之配息來源可能為本金),東方匯理投信,境內,ET004005/806,,171.0,3.38,5.34,13.13,20.79,,,,,,,08/18,東方匯理創新趨勢多重資產基金A2累積型台幣本基金之配息來源可能為本金
合庫入息優化多重資產基金-NB配息(台幣)(本基金有相當比重投資於非投資等級之高風險債券且配息來源可能為本金及並無保證收益及配息),合作金庫投信,境內,ET004005/806,,172.0,0.96,4.61,13.08,36.55,,,,,,,08/18,合庫入息優化多重資產基金NB配息台幣本基金有相當比重投資於非投資等級之高風險債券且配息來源可能為本金及並無保證收益及配息
台新收益領航多重資產基金-B配息(美元)(本基金有相當比重投資於非投資等級之高風險債券且配息來源可能為本金),台新投信,境內,ET004005/806,,173.0,2.75,0.34,13.08,28.15,,,,,,,08/18,台新收益領航多重資產基金B配息美元本基金有相當比重投資於非投資等級之高風險債券且配息來源可能為本金
野村動態配置多重資產基金-累積型(台幣)(本基金有相當比重投資於非投資等級之高風險債券且配息來源可能為本金),野村投信,境內,ET004005/806,,174.0,4.02,4.82,13.02,23.4,44.46,22.92,71.32,,,,08/18,野村動態配置多重資產基金累積型台幣本基金有相當比重投資於非投資等級之高風險債券且配息來源可能為本金
野村動態配置多重資產基金-月配型(台幣)(本基金有相當比重投資於非投資等級之高風險債券且配息來源可能為本金),野村投信,境內,ET004005/806,,175.0,4.02,4.81,13.01,23.4,44.46,22.91,71.31,,,,08/18,野村動態配置多重資產基金月配型台幣本基金有相當比重投資於非投資等級之高風險債券且配息來源可能為本金
野村動態配置多重資產基金-累積型(南非幣)(本基金有相當比重投資於非投資等級之高風險債券且配息來源可能為本金),野村投信,境內,ET004005/806,,176.0,4.13,3.09,12.98,16.46,50.18,25.56,152.69,,,,08/18,野村動態配置多重資產基金累積型南非幣本基金有相當比重投資於非投資等級之高風險債券且配息來源可能為本金
台新收益領航多重資產基金-NA不配息(美元)(本基金有相當比重投資於非投資等級之高風險債券且配息來源可能為本金),台新投信,境內,ET004005/806,,177.0,2.75,0.34,12.94,28.42,,,,,,,08/18,台新收益領航多重資產基金NA不配息美元本基金有相當比重投資於非投資等級之高風險債券且配息來源可能為本金
台新收益領航多重資產基金-NB配息(美元)(本基金有相當比重投資於非投資等級之高風險債券且配息來源可能為本金),台新投信,境內,ET004005/806,,178.0,2.76,0.31,12.94,28.6,,,,,,,08/18,台新收益領航多重資產基金NB配息美元本基金有相當比重投資於非投資等級之高風險債券且配息來源可能為本金
合庫2032目標日期多重資產收益基金-A不配息(南非幣),合作金庫投信,境內,ET004005/806,,179.0,2.62,2.56,12.94,26.6,67.33,,,,,,08/18,合庫2032目標日期多重資產收益基金A不配息南非幣
台新收益領航多重資產基金-A不配息(美元)(本基金有相當比重投資於非投資等級之高風險債券且配息來源可能為本金),台新投信,境內,ET004005/806,,180.0,2.76,0.29,12.93,27.77,,,,,,,08/18,台新收益領航多重資產基金A不配息美元本基金有相當比重投資於非投資等級之高風險債券且配息來源可能為本金
安聯AI收益成長多重資產基金-HB月配型(人民幣避險)(本基金有相當比重投資於非投資等級之高風險債券且配息來源可能為本金),安聯投信,境內,ET004005/806,,181.0,1.31,1.83,12.89,25.54,,,,,,,08/18,安聯AI收益成長多重資產基金HB月配型人民幣避險本基金有相當比重投資於非投資等級之高風險債券且配息來源可能為本金
安聯AI收益成長多重資產基金-HN月配型(人民幣避險)(本基金有相當比重投資於非投資等級之高風險債券且配息來源可能為本金),安聯投信,境內,ET004005/806,,182.0,1.39,1.83,12.89,25.54,,,,,,,08/18,安聯AI收益成長多重資產基金HN月配型人民幣避險本基金有相當比重投資於非投資等級之高風險債券且配息來源可能為本金
合庫2032目標日期多重資產收益基金-B配息(南非幣)(本基金之配息來源可能為本金),合作金庫投信,境內,ET004005/806,,183.0,2.6,2.45,12.86,26.34,66.48,,,,,,08/18,合庫2032目標日期多重資產收益基金B配息南非幣本基金之配息來源可能為本金
安聯AI收益成長多重資產基金-HA累積型(人民幣避險)(本基金有相當比重投資於非投資等級之高風險債券),安聯投信,境內,ET004005/806,,184.0,1.36,1.79,12.81,25.6,,,,,,,08/18,安聯AI收益成長多重資產基金HA累積型人民幣避險本基金有相當比重投資於非投資等級之高風險債券
野村動態配置多重資產基金-月配型(南非幣)(本基金有相當比重投資於非投資等級之高風險債券且配息來源可能為本金),野村投信,境內,ET004005/806,,185.0,4.18,3.36,12.79,17.64,51.67,25.75,146.73,,,,08/18,野村動態配置多重資產基金月配型南非幣本基金有相當比重投資於非投資等級之高風險債券且配息來源可能為本金
東方匯理創新趨勢多重資產基金-AD月配型(台幣)(本基金之配息來源可能為本金),東方匯理投信,境內,ET004005/806,,186.0,3.01,5.39,12.79,20.41,,,,,,,08/18,東方匯理創新趨勢多重資產基金AD月配型台幣本基金之配息來源可能為本金
東方匯理創新趨勢多重資產基金-ND月配型(台幣)(本基金之配息來源可能為本金),東方匯理投信,境內,ET004005/806,,187.0,3.01,5.39,12.79,20.41,,,,,,,08/18,東方匯理創新趨勢多重資產基金ND月配型台幣本基金之配息來源可能為本金
合庫全球醫療照護產業多重資產收益基金-B配息(南非幣)(本基金之配息來源可能為本金),合作金庫投信,境內,ET004005/806,,188.0,1.93,7.97,12.66,27.74,83.41,37.98,,,,,08/18,合庫全球醫療照護產業多重資產收益基金B配息南非幣本基金之配息來源可能為本金
合庫全球醫療照護產業多重資產收益基金-A不配息(南非幣),合作金庫投信,境內,ET004005/806,,189.0,1.84,8.13,12.61,27.91,82.35,38.96,,,,,08/18,合庫全球醫療照護產業多重資產收益基金A不配息南非幣
路博邁收益成長多重資產基金R累積型(台幣)(本基金得投資於非投資等級之高風險債券且配息來源可能為本金),路博邁投信,境內,ET004005/806,,190.0,1.47,3.06,12.4,25.76,41.6,,,,,,08/18,路博邁收益成長多重資產基金R累積型台幣本基金得投資於非投資等級之高風險債券且配息來源可能為本金
路博邁收益成長多重資產基金T累積型(南非幣)(本基金得投資於非投資等級之高風險債券且配息來源可能為本金),路博邁投信,境內,ET004005/806,,191.0,2.56,2.79,12.4,22.83,55.14,44.43,,,,,08/18,路博邁收益成長多重資產基金T累積型南非幣本基金得投資於非投資等級之高風險債券且配息來源可能為本金
路博邁收益成長多重資產基金N累積型(南非幣)(本基金得投資於非投資等級之高風險債券且配息來源可能為本金),路博邁投信,境內,ET004005/806,,192.0,2.56,2.79,12.4,22.83,55.14,44.54,,,,,08/18,路博邁收益成長多重資產基金N累積型南非幣本基金得投資於非投資等級之高風險債券且配息來源可能為本金
路博邁收益成長多重資產基金N月配型(南非幣)(本基金得投資於非投資等級之高風險債券且配息來源可能為本金),路博邁投信,境內,ET004005/806,,193.0,2.54,2.75,12.4,22.84,55.04,44.49,,,,,08/18,路博邁收益成長多重資產基金N月配型南非幣本基金得投資於非投資等級之高風險債券且配息來源可能為本金
路博邁收益成長多重資產基金T月配型(南非幣)(本基金得投資於非投資等級之高風險債券且配息來源可能為本金),路博邁投信,境內,ET004005/806,,194.0,2.54,2.74,12.39,22.83,55.03,44.48,,,,,08/18,路博邁收益成長多重資產基金T月配型南非幣本基金得投資於非投資等級之高風險債券且配息來源可能為本金
聯博亞太多重資產基金AD配息(台幣)(本基金得投資於非投資等級之高風險債券且配息來源可能為本金及收益平準金),聯博投信,境內,ET004005/806,,195.0,4.85,0.59,12.23,41.41,89.3,72.31,99.31,,,,08/18,聯博亞太多重資產基金AD配息台幣本基金得投資於非投資等級之高風險債券且配息來源可能為本金及收益平準金
聯博亞太多重資產基金A2不配息(台幣)(本基金得投資於非投資等級之高風險債券且配息來源可能為本金及收益平準金),聯博投信,境內,ET004005/806,,196.0,4.86,0.6,12.2,41.47,89.24,72.2,99.27,,,,08/18,聯博亞太多重資產基金A2不配息台幣本基金得投資於非投資等級之高風險債券且配息來源可能為本金及收益平準金
野村多元收益多重資產基金-月配型(人民幣)(本基金有相當比重投資於非投資等級之高風險債券且配息來源可能為本金且並無保證收益及配息),野村投信,境內,ET004005/806,,197.0,3.88,5.29,12.14,14.65,36.48,19.5,60.05,,,,08/18,野村多元收益多重資產基金月配型人民幣本基金有相當比重投資於非投資等級之高風險債券且配息來源可能為本金且並無保證收益及配息
野村多元收益多重資產基金-累積型(人民幣)(本基金有相當比重投資於非投資等級之高風險債券且配息來源可能為本金且並無保證收益及配息),野村投信,境內,ET004005/806,,198.0,3.86,5.29,12.11,14.55,36.28,19.55,59.96,,,,08/18,野村多元收益多重資產基金累積型人民幣本基金有相當比重投資於非投資等級之高風險債券且配息來源可能為本金且並無保證收益及配息
野村多元收益多重資產基金-月配N類型(人民幣)(本基金有相當比重投資於非投資等級之高風險債券且配息來源可能為本金且並無保證收益及配息),野村投信,境內,ET004005/806,,199.0,3.87,5.27,12.11,14.56,36.35,19.65,,,,,08/18,野村多元收益多重資產基金月配N類型人民幣本基金有相當比重投資於非投資等級之高風險債券且配息來源可能為本金且並無保證收益及配息
野村動態配置多重資產基金-累積型(美元)(本基金有相當比重投資於非投資等級之高風險債券且配息來源可能為本金),野村投信,境內,ET004005/806,,200.0,4.95,3.9,12.07,18.61,47.89,12.55,74.01,,,,08/18,野村動態配置多重資產基金累積型美元本基金有相當比重投資於非投資等級之高風險債券且配息來源可能為本金
野村動態配置多重資產基金-月配型(美元)(本基金有相當比重投資於非投資等級之高風險債券且配息來源可能為本金),野村投信,境內,ET004005/806,,201.0,4.95,3.9,12.06,18.61,47.9,12.54,74.02,,,,08/18,野村動態配置多重資產基金月配型美元本基金有相當比重投資於非投資等級之高風險債券且配息來源可能為本金
路博邁收益成長多重資產基金T累積型(台幣)(本基金得投資於非投資等級之高風險債券且配息來源可能為本金),路博邁投信,境內,ET004005/806,,202.0,1.42,2.95,12.04,24.91,38.96,27.37,,,,,08/18,路博邁收益成長多重資產基金T累積型台幣本基金得投資於非投資等級之高風險債券且配息來源可能為本金
路博邁收益成長多重資產基金N累積型(台幣)(本基金得投資於非投資等級之高風險債券且配息來源可能為本金),路博邁投信,境內,ET004005/806,,203.0,1.34,2.88,12.04,24.91,38.96,27.37,,,,,08/18,路博邁收益成長多重資產基金N累積型台幣本基金得投資於非投資等級之高風險債券且配息來源可能為本金
路博邁收益成長多重資產基金N月配型(台幣)(本基金得投資於非投資等級之高風險債券且配息來源可能為本金),路博邁投信,境內,ET004005/806,,204.0,1.37,2.89,12.03,25.0,38.91,27.37,,,,,08/18,路博邁收益成長多重資產基金N月配型台幣本基金得投資於非投資等級之高風險債券且配息來源可能為本金
路博邁收益成長多重資產基金T月配型(台幣)(本基金得投資於非投資等級之高風險債券且配息來源可能為本金),路博邁投信,境內,ET004005/806,,205.0,1.37,3.04,12.02,24.99,38.91,27.37,,,,,08/18,路博邁收益成長多重資產基金T月配型台幣本基金得投資於非投資等級之高風險債券且配息來源可能為本金
中國信託科技趨勢多重資產基金-TISA累積型(台幣)(本基金有相當比重投資於非投資等級之高風險債券且本基金之配息來源可能為本金),中國信託投信,境內,ET004005/806,,206.0,1.28,1.31,11.85,23.0,,,,,,,08/18,中國信託科技趨勢多重資產基金TISA累積型台幣本基金有相當比重投資於非投資等級之高風險債券且本基金之配息來源可能為本金
合庫入息優化多重資產基金-A不配息(美元)(本基金有相當比重投資於非投資等級之高風險債券及並無保證收益及配息),合作金庫投信,境內,ET004005/806,,207.0,2.12,3.51,11.82,29.78,,,,,,,08/18,合庫入息優化多重資產基金A不配息美元本基金有相當比重投資於非投資等級之高風險債券及並無保證收益及配息
富邦雙核心戰略多重資產基金A不配息(台幣)(本基金有相當比重投資於非投資等級之高風險債券且配息來源可能為本金及收益平準金),富邦投信,境內,ET004005/806,,208.0,1.27,2.03,11.79,25.72,,,,,,,08/18,富邦雙核心戰略多重資產基金A不配息台幣本基金有相當比重投資於非投資等級之高風險債券且配息來源可能為本金及收益平準金
富邦雙核心戰略多重資產基金NA不配息(台幣)(本基金有相當比重投資於非投資等級之高風險債券且配息來源可能為本金及收益平準金),富邦投信,境內,ET004005/806,,209.0,1.27,2.03,11.79,25.72,,,,,,,08/18,富邦雙核心戰略多重資產基金NA不配息台幣本基金有相當比重投資於非投資等級之高風險債券且配息來源可能為本金及收益平準金
富邦雙核心戰略多重資產基金B配息(台幣)(本基金有相當比重投資於非投資等級之高風險債券且配息來源可能為本金及收益平準金),富邦投信,境內,ET004005/806,,210.0,1.27,2.03,11.79,25.72,,,,,,,08/18,富邦雙核心戰略多重資產基金B配息台幣本基金有相當比重投資於非投資等級之高風險債券且配息來源可能為本金及收益平準金
富邦雙核心戰略多重資產基金NB配息(台幣)(本基金有相當比重投資於非投資等級之高風險債券且配息來源可能為本金及收益平準金),富邦投信,境內,ET004005/806,,211.0,1.27,2.03,11.79,25.72,,,,,,,08/18,富邦雙核心戰略多重資產基金NB配息台幣本基金有相當比重投資於非投資等級之高風險債券且配息來源可能為本金及收益平準金
合庫入息優化多重資產基金-B配息(美元)(本基金有相當比重投資於非投資等級之高風險債券且配息來源可能為本金及並無保證收益及配息),合作金庫投信,境內,ET004005/806,,212.0,2.13,3.52,11.75,29.58,,,,,,,08/18,合庫入息優化多重資產基金B配息美元本基金有相當比重投資於非投資等級之高風險債券且配息來源可能為本金及並無保證收益及配息
野村動態配置多重資產基金-月配型(澳幣)(本基金有相當比重投資於非投資等級之高風險債券且配息來源可能為本金),野村投信,境內,ET004005/806,,213.0,4.14,3.99,11.74,9.94,37.47,3.29,60.47,,,,08/18,野村動態配置多重資產基金月配型澳幣本基金有相當比重投資於非投資等級之高風險債券且配息來源可能為本金
合庫2032目標日期多重資產收益基金-B配息(台幣)(本基金之配息來源可能為本金),合作金庫投信,境內,ET004005/806,,214.0,1.76,2.53,11.74,26.02,43.63,,,,,,08/18,合庫2032目標日期多重資產收益基金B配息台幣本基金之配息來源可能為本金
合庫2032目標日期多重資產收益基金-A不配息(台幣),合作金庫投信,境內,ET004005/806,,215.0,1.66,2.44,11.71,25.99,43.46,,,,,,08/18,合庫2032目標日期多重資產收益基金A不配息台幣
東方匯理創新趨勢多重資產基金-A2累積型(美元)(本基金之配息來源可能為本金),東方匯理投信,境內,ET004005/806,,216.0,4.48,4.04,11.67,13.71,,,,,,,08/18,東方匯理創新趨勢多重資產基金A2累積型美元本基金之配息來源可能為本金
東方匯理創新趨勢多重資產基金-N2累積型(美元)(本基金之配息來源可能為本金),東方匯理投信,境內,ET004005/806,,217.0,4.48,4.04,11.67,13.71,,,,,,,08/18,東方匯理創新趨勢多重資產基金N2累積型美元本基金之配息來源可能為本金
野村動態配置多重資產基金-累積型(澳幣)(本基金有相當比重投資於非投資等級之高風險債券且配息來源可能為本金),野村投信,境內,ET004005/806,,218.0,4.09,3.95,11.65,8.75,36.42,2.53,57.36,,,,08/18,野村動態配置多重資產基金累積型澳幣本基金有相當比重投資於非投資等級之高風險債券且配息來源可能為本金
合庫入息優化多重資產基金-NB配息(美元)(本基金有相當比重投資於非投資等級之高風險債券且配息來源可能為本金及並無保證收益及配息),合作金庫投信,境內,ET004005/806,,219.0,2.13,3.52,11.65,29.45,,,,,,,08/18,合庫入息優化多重資產基金NB配息美元本基金有相當比重投資於非投資等級之高風險債券且配息來源可能為本金及並無保證收益及配息
聯博亞太多重資產基金A2不配息(美元)(本基金得投資於非投資等級之高風險債券且配息來源可能為本金及收益平準金),聯博投信,境內,ET004005/806,,220.0,5.61,-0.19,11.57,37.69,96.66,68.36,,,,,08/18,聯博亞太多重資產基金A2不配息美元本基金得投資於非投資等級之高風險債券且配息來源可能為本金及收益平準金
富蘭克林華美多重資產收益基金-A累積型(人民幣)(本基金有相當比重投資於非投資等級之高風險債券且基金之配息來源可能為本金),富蘭克林華美投信,境內,ET004005/806,,221.0,1.1,0.44,11.51,16.89,53.54,51.9,81.02,,,,08/18,富蘭克林華美多重資產收益基金A累積型人民幣本基金有相當比重投資於非投資等級之高風險債券且基金之配息來源可能為本金
富蘭克林華美多重資產收益基金-B分配型(人民幣)(本基金有相當比重投資於非投資等級之高風險債券且基金之配息來源可能為本金),富蘭克林華美投信,境內,ET004005/806,,222.0,1.2,0.52,11.5,16.94,53.54,51.86,81.01,,,,08/18,富蘭克林華美多重資產收益基金B分配型人民幣本基金有相當比重投資於非投資等級之高風險債券且基金之配息來源可能為本金
合庫2032目標日期多重資產收益基金-A不配息(美元),合作金庫投信,境內,ET004005/806,,223.0,2.37,1.96,11.37,23.75,51.7,,,,,,08/18,合庫2032目標日期多重資產收益基金A不配息美元
合庫2032目標日期多重資產收益基金-B配息(美元)(本基金之配息來源可能為本金),合作金庫投信,境內,ET004005/806,,224.0,2.31,1.94,11.34,23.77,51.55,,,,,,08/18,合庫2032目標日期多重資產收益基金B配息美元本基金之配息來源可能為本金
東方匯理創新趨勢多重資產基金-AD月配型(美元)(本基金之配息來源可能為本金),東方匯理投信,境內,ET004005/806,,225.0,4.1,4.07,11.31,13.27,,,,,,,08/18,東方匯理創新趨勢多重資產基金AD月配型美元本基金之配息來源可能為本金
路博邁收益成長多重資產基金N累積型(美元)(本基金得投資於非投資等級之高風險債券且配息來源可能為本金),路博邁投信,境內,ET004005/806,,226.0,2.32,2.1,11.3,20.1,44.64,26.67,,,,,08/18,路博邁收益成長多重資產基金N累積型美元本基金得投資於非投資等級之高風險債券且配息來源可能為本金
路博邁收益成長多重資產基金T累積型(美元)(本基金得投資於非投資等級之高風險債券且配息來源可能為本金),路博邁投信,境內,ET004005/806,,227.0,2.31,2.1,11.29,19.98,44.74,26.76,,,,,08/18,路博邁收益成長多重資產基金T累積型美元本基金得投資於非投資等級之高風險債券且配息來源可能為本金
路博邁收益成長多重資產基金N月配型(美元)(本基金得投資於非投資等級之高風險債券且配息來源可能為本金),路博邁投信,境內,ET004005/806,,228.0,2.18,1.97,11.24,19.88,44.44,26.62,,,,,08/18,路博邁收益成長多重資產基金N月配型美元本基金得投資於非投資等級之高風險債券且配息來源可能為本金
路博邁收益成長多重資產基金T累積型(澳幣)(本基金得投資於非投資等級之高風險債券且配息來源可能為本金),路博邁投信,境內,ET004005/806,,229.0,2.25,2.09,11.23,19.62,39.37,18.22,,,,,08/18,路博邁收益成長多重資產基金T累積型澳幣本基金得投資於非投資等級之高風險債券且配息來源可能為本金
路博邁收益成長多重資產基金N累積型(澳幣)(本基金得投資於非投資等級之高風險債券且配息來源可能為本金),路博邁投信,境內,ET004005/806,,230.0,2.33,2.17,11.23,19.62,39.37,18.22,,,,,08/18,路博邁收益成長多重資產基金N累積型澳幣本基金得投資於非投資等級之高風險債券且配息來源可能為本金
路博邁收益成長多重資產基金T月配型(美元)(本基金得投資於非投資等級之高風險債券且配息來源可能為本金),路博邁投信,境內,ET004005/806,,231.0,2.33,2.12,11.22,20.05,44.63,26.78,,,,,08/18,路博邁收益成長多重資產基金T月配型美元本基金得投資於非投資等級之高風險債券且配息來源可能為本金
東方匯理創新趨勢多重資產基金-ND月配型(美元)(本基金之配息來源可能為本金),東方匯理投信,境內,ET004005/806,,232.0,4.1,4.07,11.21,13.27,,,,,,,08/18,東方匯理創新趨勢多重資產基金ND月配型美元本基金之配息來源可能為本金
中國信託科技趨勢多重資產基金-A累積型(台幣)(本基金有相當比重投資於非投資等級之高風險債券且本基金之配息來源可能為本金),中國信託投信,境內,ET004005/806,,233.0,1.18,1.03,11.21,21.64,53.76,,,,,,08/18,中國信託科技趨勢多重資產基金A累積型台幣本基金有相當比重投資於非投資等級之高風險債券且本基金之配息來源可能為本金
路博邁收益成長多重資產基金N月配型(澳幣)(本基金得投資於非投資等級之高風險債券且配息來源可能為本金),路博邁投信,境內,ET004005/806,,234.0,2.27,2.21,11.21,19.58,39.46,18.3,,,,,08/18,路博邁收益成長多重資產基金N月配型澳幣本基金得投資於非投資等級之高風險債券且配息來源可能為本金
路博邁收益成長多重資產基金T月配型(澳幣)(本基金得投資於非投資等級之高風險債券且配息來源可能為本金),路博邁投信,境內,ET004005/806,,235.0,2.27,2.21,11.21,19.58,39.45,18.29,,,,,08/18,路博邁收益成長多重資產基金T月配型澳幣本基金得投資於非投資等級之高風險債券且配息來源可能為本金
中國信託科技趨勢多重資產基金-B分配型(台幣)(本基金有相當比重投資於非投資等級之高風險債券且本基金之配息來源可能為本金),中國信託投信,境內,ET004005/806,,236.0,1.18,1.02,11.19,21.62,53.62,,,,,,08/18,中國信託科技趨勢多重資產基金B分配型台幣本基金有相當比重投資於非投資等級之高風險債券且本基金之配息來源可能為本金
中國信託科技趨勢多重資產基金-NB分配型(台幣)(本基金有相當比重投資於非投資等級之高風險債券且本基金之配息來源可能為本金),中國信託投信,境內,ET004005/806,,237.0,1.18,1.02,11.19,21.61,53.62,,,,,,08/18,中國信託科技趨勢多重資產基金NB分配型台幣本基金有相當比重投資於非投資等級之高風險債券且本基金之配息來源可能為本金
合庫2032目標日期多重資產收益基金-B配息(澳幣)(本基金之配息來源可能為本金),合作金庫投信,境內,ET004005/806,,238.0,2.37,2.35,11.03,12.92,35.8,,,,,,08/18,合庫2032目標日期多重資產收益基金B配息澳幣本基金之配息來源可能為本金
合庫全球醫療照護產業多重資產收益基金-B配息(澳幣)(本基金之配息來源可能為本金),合作金庫投信,境內,ET004005/806,,239.0,-0.28,7.84,11.03,14.89,52.33,14.07,,,,,08/18,合庫全球醫療照護產業多重資產收益基金B配息澳幣本基金之配息來源可能為本金
合庫全球醫療照護產業多重資產收益基金-A不配息(澳幣),合作金庫投信,境內,ET004005/806,,240.0,-0.35,7.89,11.03,14.91,52.46,15.38,,,,,08/18,合庫全球醫療照護產業多重資產收益基金A不配息澳幣
合庫2032目標日期多重資產收益基金-A不配息(澳幣),合作金庫投信,境內,ET004005/806,,241.0,2.33,2.18,10.96,12.56,35.55,,,,,,08/18,合庫2032目標日期多重資產收益基金A不配息澳幣
合庫全球醫療照護產業多重資產收益基金-NB配息(美元)(本基金之配息來源可能為本金),合作金庫投信,境內,ET004005/806,,242.0,1.6,7.17,10.86,25.42,70.03,31.35,,,,,08/18,合庫全球醫療照護產業多重資產收益基金NB配息美元本基金之配息來源可能為本金
合庫全球醫療照護產業多重資產收益基金-A不配息(美元),合作金庫投信,境內,ET004005/806,,243.0,1.64,7.24,10.79,25.38,69.57,31.06,,,,,08/18,合庫全球醫療照護產業多重資產收益基金A不配息美元
合庫全球醫療照護產業多重資產收益基金-B配息(美元)(本基金之配息來源可能為本金),合作金庫投信,境內,ET004005/806,,244.0,1.6,7.19,10.76,25.47,69.51,30.94,,,,,08/18,合庫全球醫療照護產業多重資產收益基金B配息美元本基金之配息來源可能為本金
富達未來通訊多重資產收益基金-A類型月配型(台幣)(本基金有相當比重投資於非投資等級之高風險債券且配息來源可能為本金或收益平準金),富達投信,境內,ET004005/806,,245.0,1.63,0.19,10.55,23.87,51.43,,,,,,08/18,富達未來通訊多重資產收益基金A類型月配型台幣本基金有相當比重投資於非投資等級之高風險債券且配息來源可能為本金或收益平準金
富達未來通訊多重資產收益基金-A類型累積型(台幣)(本基金有相當比重投資於非投資等級之高風險債券),富達投信,境內,ET004005/806,,246.0,1.63,0.14,10.52,23.84,51.42,,,,,,08/18,富達未來通訊多重資產收益基金A類型累積型台幣本基金有相當比重投資於非投資等級之高風險債券
台新收益領航多重資產基金-A不配息(人民幣)(本基金有相當比重投資於非投資等級之高風險債券且配息來源可能為本金),台新投信,境內,ET004005/806,,247.0,2.29,-0.38,10.42,20.43,,,,,,,08/18,台新收益領航多重資產基金A不配息人民幣本基金有相當比重投資於非投資等級之高風險債券且配息來源可能為本金
富邦台灣優質多重資產基金,富邦投信,境內,ET004005/806,,248.0,0.17,1.59,10.36,13.08,,,,,,,08/19,富邦台灣優質多重資產基金
富邦雙核心戰略多重資產基金B配息(美元)(本基金有相當比重投資於非投資等級之高風險債券且配息來源可能為本金及收益平準金),富邦投信,境內,ET004005/806,,249.0,2.36,0.75,10.29,18.29,,,,,,,08/18,富邦雙核心戰略多重資產基金B配息美元本基金有相當比重投資於非投資等級之高風險債券且配息來源可能為本金及收益平準金
富邦雙核心戰略多重資產基金NB配息(美元)(本基金有相當比重投資於非投資等級之高風險債券且配息來源可能為本金及收益平準金),富邦投信,境內,ET004005/806,,250.0,2.36,0.75,10.29,18.29,,,,,,,08/18,富邦雙核心戰略多重資產基金NB配息美元本基金有相當比重投資於非投資等級之高風險債券且配息來源可能為本金及收益平準金
富邦雙核心戰略多重資產基金A不配息(美元)(本基金有相當比重投資於非投資等級之高風險債券且配息來源可能為本金及收益平準金),富邦投信,境內,ET004005/806,,251.0,2.36,0.75,10.29,18.29,,,,,,,08/18,富邦雙核心戰略多重資產基金A不配息美元本基金有相當比重投資於非投資等級之高風險債券且配息來源可能為本金及收益平準金
富邦雙核心戰略多重資產基金NA不配息(美元)(本基金有相當比重投資於非投資等級之高風險債券且配息來源可能為本金及收益平準金),富邦投信,境內,ET004005/806,,252.0,2.36,0.75,10.29,18.29,,,,,,,08/18,富邦雙核心戰略多重資產基金NA不配息美元本基金有相當比重投資於非投資等級之高風險債券且配息來源可能為本金及收益平準金
台新收益領航多重資產基金-B配息(人民幣)(本基金有相當比重投資於非投資等級之高風險債券且配息來源可能為本金),台新投信,境內,ET004005/806,,253.0,2.29,-0.46,10.25,20.12,,,,,,,08/18,台新收益領航多重資產基金B配息人民幣本基金有相當比重投資於非投資等級之高風險債券且配息來源可能為本金
台新收益領航多重資產基金-NA不配息(人民幣)(本基金有相當比重投資於非投資等級之高風險債券且配息來源可能為本金),台新投信,境內,ET004005/806,,254.0,2.29,-0.52,10.22,20.85,,,,,,,08/18,台新收益領航多重資產基金NA不配息人民幣本基金有相當比重投資於非投資等級之高風險債券且配息來源可能為本金
華南永昌低波動多重資產基金,華南永昌投信,境內,ET004005/806,,255.0,1.68,-2.28,10.22,14.2,44.16,34.94,,,,,08/18,華南永昌低波動多重資產基金
合庫全球醫療照護產業多重資產收益基金-NB配息(台幣)(本基金之配息來源可能為本金),合作金庫投信,境內,ET004005/806,,256.0,1.42,6.99,10.21,26.6,57.48,23.5,,,,,08/18,合庫全球醫療照護產業多重資產收益基金NB配息台幣本基金之配息來源可能為本金
台新收益領航多重資產基金-NB配息(人民幣)(本基金有相當比重投資於非投資等級之高風險債券且配息來源可能為本金),台新投信,境內,ET004005/806,,257.0,2.28,-0.51,10.21,20.78,,,,,,,08/18,台新收益領航多重資產基金NB配息人民幣本基金有相當比重投資於非投資等級之高風險債券且配息來源可能為本金
兆豐日本優勢多重資產基金B半年配型(台幣)(本基金之配息來源可能為本金),兆豐投信,境內,ET004005/806,,258.0,4.3,-5.75,10.21,54.63,129.79,,,,,,08/18,兆豐日本優勢多重資產基金B半年配型台幣本基金之配息來源可能為本金
兆豐日本優勢多重資產基金A累積型(台幣),兆豐投信,境內,ET004005/806,,259.0,4.3,-5.75,10.21,54.63,129.79,,,,,,08/18,兆豐日本優勢多重資產基金A累積型台幣
合庫全球醫療照護產業多重資產收益基金-A不配息(台幣),合作金庫投信,境內,ET004005/806,,260.0,1.41,6.99,10.16,26.42,57.46,23.61,,,,,08/18,合庫全球醫療照護產業多重資產收益基金A不配息台幣
合庫全球醫療照護產業多重資產收益基金-B配息(台幣)(本基金之配息來源可能為本金),合作金庫投信,境內,ET004005/806,,261.0,1.42,6.99,10.09,26.44,57.46,23.49,,,,,08/18,合庫全球醫療照護產業多重資產收益基金B配息台幣本基金之配息來源可能為本金
東方匯理創新趨勢多重資產基金-N2累積型(人民幣避險)(本基金之配息來源可能為本金),東方匯理投信,境內,ET004005/806,,262.0,4.29,3.34,10.02,10.37,,,,,,,08/18,東方匯理創新趨勢多重資產基金N2累積型人民幣避險本基金之配息來源可能為本金
路博邁收益成長多重資產基金N月配型(人民幣)(本基金得投資於非投資等級之高風險債券且配息來源可能為本金),路博邁投信,境內,ET004005/806,,263.0,2.07,1.45,9.93,17.27,34.22,16.5,,,,,08/18,路博邁收益成長多重資產基金N月配型人民幣本基金得投資於非投資等級之高風險債券且配息來源可能為本金
東方匯理創新趨勢多重資產基金-A2累積型(人民幣避險)(本基金之配息來源可能為本金),東方匯理投信,境內,ET004005/806,,264.0,4.25,3.31,9.93,10.46,,,,,,,08/18,東方匯理創新趨勢多重資產基金A2累積型人民幣避險本基金之配息來源可能為本金
路博邁收益成長多重資產基金T月配型(人民幣)(本基金得投資於非投資等級之高風險債券且配息來源可能為本金),路博邁投信,境內,ET004005/806,,265.0,2.07,1.45,9.93,17.26,34.2,16.48,,,,,08/18,路博邁收益成長多重資產基金T月配型人民幣本基金得投資於非投資等級之高風險債券且配息來源可能為本金
路博邁收益成長多重資產基金T累積型(人民幣)(本基金得投資於非投資等級之高風險債券且配息來源可能為本金),路博邁投信,境內,ET004005/806,,266.0,2.08,1.4,9.9,17.19,34.08,16.5,,,,,08/18,路博邁收益成長多重資產基金T累積型人民幣本基金得投資於非投資等級之高風險債券且配息來源可能為本金
路博邁收益成長多重資產基金N累積型(人民幣)(本基金得投資於非投資等級之高風險債券且配息來源可能為本金),路博邁投信,境內,ET004005/806,,267.0,2.08,1.4,9.9,17.19,34.21,16.5,,,,,08/18,路博邁收益成長多重資產基金N累積型人民幣本基金得投資於非投資等級之高風險債券且配息來源可能為本金
富達未來通訊多重資產收益基金-A類型月配型(美元)(本基金有相當比重投資於非投資等級之高風險債券且配息來源可能為本金或收益平準金),富達投信,境內,ET004005/806,,268.0,2.47,-0.54,9.84,19.65,55.94,,,,,,08/18,富達未來通訊多重資產收益基金A類型月配型美元本基金有相當比重投資於非投資等級之高風險債券且配息來源可能為本金或收益平準金
富達未來通訊多重資產收益基金-A類型累積型(美元)(本基金有相當比重投資於非投資等級之高風險債券),富達投信,境內,ET004005/806,,269.0,2.46,-0.54,9.84,19.65,55.93,,,,,,08/18,富達未來通訊多重資產收益基金A類型累積型美元本基金有相當比重投資於非投資等級之高風險債券
匯豐超核心多重資產基金-AM2月配型(台幣)(本基金有相當比重投資於非投資等級之高風險債券且本基金配息來源可能為本金及收益平準金),匯豐投信,境內,ET004005/806,,270.0,0.96,4.16,9.84,22.36,,,,,,,08/18,匯豐超核心多重資產基金AM2月配型台幣本基金有相當比重投資於非投資等級之高風險債券且本基金配息來源可能為本金及收益平準金
匯豐超核心多重資產基金-NM2月配型(台幣)(本基金有相當比重投資於非投資等級之高風險債券且本基金配息來源可能為本金及收益平準金),匯豐投信,境內,ET004005/806,,271.0,0.96,4.16,9.84,22.36,,,,,,,08/18,匯豐超核心多重資產基金NM2月配型台幣本基金有相當比重投資於非投資等級之高風險債券且本基金配息來源可能為本金及收益平準金
匯豐超核心多重資產基金-AM1月配型(台幣)(本基金有相當比重投資於非投資等級之高風險債券且本基金配息來源可能為本金及收益平準金),匯豐投信,境內,ET004005/806,,272.0,0.96,4.15,9.83,22.35,,,,,,,08/18,匯豐超核心多重資產基金AM1月配型台幣本基金有相當比重投資於非投資等級之高風險債券且本基金配息來源可能為本金及收益平準金
匯豐超核心多重資產基金-不配息(台幣)(本基金有相當比重投資於非投資等級之高風險債券且本基金配息來源可能為本金及收益平準金),匯豐投信,境內,ET004005/806,,273.0,0.95,4.14,9.81,22.33,,,,,,,08/18,匯豐超核心多重資產基金不配息台幣本基金有相當比重投資於非投資等級之高風險債券且本基金配息來源可能為本金及收益平準金
匯豐超核心多重資產基金-N不配息(台幣)(本基金有相當比重投資於非投資等級之高風險債券且本基金配息來源可能為本金及收益平準金),匯豐投信,境內,ET004005/806,,274.0,0.95,4.14,9.81,22.33,,,,,,,08/18,匯豐超核心多重資產基金N不配息台幣本基金有相當比重投資於非投資等級之高風險債券且本基金配息來源可能為本金及收益平準金
東方匯理創新趨勢多重資產基金-AD月配型(人民幣避險)(本基金之配息來源可能為本金),東方匯理投信,境內,ET004005/806,,275.0,3.9,3.31,9.6,10.09,,,,,,,08/18,東方匯理創新趨勢多重資產基金AD月配型人民幣避險本基金之配息來源可能為本金
東方匯理創新趨勢多重資產基金-ND月配型(人民幣避險)(本基金之配息來源可能為本金),東方匯理投信,境內,ET004005/806,,276.0,3.9,3.31,9.59,10.09,,,,,,,08/18,東方匯理創新趨勢多重資產基金ND月配型人民幣避險本基金之配息來源可能為本金
中國信託科技趨勢多重資產基金-A累積型(美元)(本基金有相當比重投資於非投資等級之高風險債券且本基金之配息來源可能為本金),中國信託投信,境內,ET004005/806,,277.0,2.27,-0.23,9.58,14.45,53.57,,,,,,08/18,中國信託科技趨勢多重資產基金A累積型美元本基金有相當比重投資於非投資等級之高風險債券且本基金之配息來源可能為本金
中國信託科技趨勢多重資產基金-NB分配型(美元)(本基金有相當比重投資於非投資等級之高風險債券且本基金之配息來源可能為本金),中國信託投信,境內,ET004005/806,,278.0,2.27,-0.25,9.56,14.42,53.66,,,,,,08/18,中國信託科技趨勢多重資產基金NB分配型美元本基金有相當比重投資於非投資等級之高風險債券且本基金之配息來源可能為本金
中國信託科技趨勢多重資產基金-B分配型(美元)(本基金有相當比重投資於非投資等級之高風險債券且本基金之配息來源可能為本金),中國信託投信,境內,ET004005/806,,279.0,2.27,-0.25,9.56,14.41,53.72,,,,,,08/18,中國信託科技趨勢多重資產基金B分配型美元本基金有相當比重投資於非投資等級之高風險債券且本基金之配息來源可能為本金
凱基未來樂活多重資產基金A不配息(南非幣)(本基金有相當比重投資於非投資等級之高風險債券且配息來源可能為本金),凱基投信,境內,ET004005/806,,280.0,2.88,2.04,9.18,13.66,65.1,,,,,,08/18,凱基未來樂活多重資產基金A不配息南非幣本基金有相當比重投資於非投資等級之高風險債券且配息來源可能為本金
凱基未來樂活多重資產基金NB配息(南非幣)(本基金有相當比重投資於非投資等級之高風險債券且配息來源可能為本金),凱基投信,境內,ET004005/806,,281.0,2.87,2.99,9.16,14.29,65.11,,,,,,08/18,凱基未來樂活多重資產基金NB配息南非幣本基金有相當比重投資於非投資等級之高風險債券且配息來源可能為本金
凱基未來樂活多重資產基金B配息(南非幣)(本基金有相當比重投資於非投資等級之高風險債券且配息來源可能為本金),凱基投信,境內,ET004005/806,,282.0,2.86,2.99,9.16,14.29,65.12,,,,,,08/18,凱基未來樂活多重資產基金B配息南非幣本基金有相當比重投資於非投資等級之高風險債券且配息來源可能為本金
兆豐日本優勢多重資產基金A累積型(美元),兆豐投信,境內,ET004005/806,,283.0,5.39,-6.82,8.95,45.48,129.43,,,,,,08/18,兆豐日本優勢多重資產基金A累積型美元
兆豐日本優勢多重資產基金B半年配型(美元)(本基金之配息來源可能為本金),兆豐投信,境內,ET004005/806,,284.0,5.39,-6.82,8.94,45.45,129.37,,,,,,08/18,兆豐日本優勢多重資產基金B半年配型美元本基金之配息來源可能為本金
摩根大美國領先收成多重資產基金-月配息數位型(台幣)(本基金有相當比重投資於非投資等級之高風險債券且配息來源可能為本金或收益平準金),摩根投信,境內,ET004005/806,,285.0,1.42,4.76,8.92,,,,,,,,08/18,摩根大美國領先收成多重資產基金月配息數位型台幣本基金有相當比重投資於非投資等級之高風險債券且配息來源可能為本金或收益平準金
野村動態配置多重資產基金-月配型(人民幣)(本基金有相當比重投資於非投資等級之高風險債券且配息來源可能為本金),野村投信,境內,ET004005/806,,286.0,4.62,2.62,8.9,10.02,32.48,1.54,68.28,,,,08/18,野村動態配置多重資產基金月配型人民幣本基金有相當比重投資於非投資等級之高風險債券且配息來源可能為本金
兆豐日本優勢多重資產基金A累積型(日圓),兆豐投信,境內,ET004005/806,,287.0,5.24,-6.91,8.86,45.61,130.25,,,,,,08/18,兆豐日本優勢多重資產基金A累積型日圓
兆豐日本優勢多重資產基金B半年配型(日圓)(本基金之配息來源可能為本金),兆豐投信,境內,ET004005/806,,288.0,5.24,-6.91,8.86,45.6,130.24,,,,,,08/18,兆豐日本優勢多重資產基金B半年配型日圓本基金之配息來源可能為本金
柏瑞科技多重資產基金N月配息(日圓)(本基金有相當比重投資於非投資等級之高風險債券且配息來源可能為本金),柏瑞投信,境內,ET004005/806,,289.0,0.08,1.85,8.77,17.09,,,,,,,08/18,柏瑞科技多重資產基金N月配息日圓本基金有相當比重投資於非投資等級之高風險債券且配息來源可能為本金
柏瑞科技多重資產基金B月配息(日圓)(本基金有相當比重投資於非投資等級之高風險債券且配息來源可能為本金),柏瑞投信,境內,ET004005/806,,290.0,0.08,1.86,8.77,17.08,,,,,,,08/18,柏瑞科技多重資產基金B月配息日圓本基金有相當比重投資於非投資等級之高風險債券且配息來源可能為本金
野村動態配置多重資產基金-累積型(人民幣)(本基金有相當比重投資於非投資等級之高風險債券且配息來源可能為本金),野村投信,境內,ET004005/806,,291.0,4.64,2.54,8.75,9.58,32.13,1.31,68.08,,,,08/18,野村動態配置多重資產基金累積型人民幣本基金有相當比重投資於非投資等級之高風險債券且配息來源可能為本金
合庫2032目標日期多重資產收益基金-B配息(人民幣)(本基金之配息來源可能為本金),合作金庫投信,境內,ET004005/806,,292.0,1.84,1.04,8.73,16.21,40.07,,,,,,08/18,合庫2032目標日期多重資產收益基金B配息人民幣本基金之配息來源可能為本金
合庫2032目標日期多重資產收益基金-A不配息(人民幣),合作金庫投信,境內,ET004005/806,,293.0,1.81,1.04,8.71,16.24,39.98,,,,,,08/18,合庫2032目標日期多重資產收益基金A不配息人民幣
摩根大美國領先收成多重資產基金-月配息型(美元)(本基金有相當比重投資於非投資等級之高風險債券且配息來源可能為本金或收益平準金),摩根投信,境內,ET004005/806,,294.0,1.9,4.24,8.56,11.76,,,,,,,08/18,摩根大美國領先收成多重資產基金月配息型美元本基金有相當比重投資於非投資等級之高風險債券且配息來源可能為本金或收益平準金
摩根大美國領先收成多重資產基金-月配息後收型(美元)(本基金有相當比重投資於非投資等級之高風險債券且配息來源可能為本金或收益平準金),摩根投信,境內,ET004005/806,,295.0,1.9,4.24,8.56,11.76,,,,,,,08/18,摩根大美國領先收成多重資產基金月配息後收型美元本基金有相當比重投資於非投資等級之高風險債券且配息來源可能為本金或收益平準金
摩根大美國領先收成多重資產基金-累積型(美元)(本基金有相當比重投資於非投資等級之高風險債券),摩根投信,境內,ET004005/806,,296.0,1.83,4.27,8.53,11.74,,,,,,,08/18,摩根大美國領先收成多重資產基金累積型美元本基金有相當比重投資於非投資等級之高風險債券
摩根大美國領先收成多重資產基金-月配息後收型(台幣)(本基金有相當比重投資於非投資等級之高風險債券且配息來源可能為本金或收益平準金),摩根投信,境內,ET004005/806,,297.0,1.24,4.54,8.47,12.28,,,,,,,08/18,摩根大美國領先收成多重資產基金月配息後收型台幣本基金有相當比重投資於非投資等級之高風險債券且配息來源可能為本金或收益平準金
摩根大美國領先收成多重資產基金-月配息型(台幣)(本基金有相當比重投資於非投資等級之高風險債券且配息來源可能為本金或收益平準金),摩根投信,境內,ET004005/806,,298.0,1.24,4.54,8.47,12.28,,,,,,,08/18,摩根大美國領先收成多重資產基金月配息型台幣本基金有相當比重投資於非投資等級之高風險債券且配息來源可能為本金或收益平準金
摩根大美國領先收成多重資產基金-累積型(台幣)(本基金有相當比重投資於非投資等級之高風險債券),摩根投信,境內,ET004005/806,,299.0,1.35,4.54,8.45,12.34,,,,,,,08/18,摩根大美國領先收成多重資產基金累積型台幣本基金有相當比重投資於非投資等級之高風險債券
匯豐超核心多重資產基金-AM2月配型(美元)(本基金有相當比重投資於非投資等級之高風險債券且本基金配息來源可能為本金及收益平準金),匯豐投信,境內,ET004005/806,,300.0,2.04,2.85,8.37,15.11,,,,,,,08/18,匯豐超核心多重資產基金AM2月配型美元本基金有相當比重投資於非投資等級之高風險債券且本基金配息來源可能為本金及收益平準金
匯豐超核心多重資產基金-NM2月配型(美元)(本基金有相當比重投資於非投資等級之高風險債券且本基金配息來源可能為本金及收益平準金),匯豐投信,境內,ET004005/806,,301.0,2.04,2.85,8.37,15.11,,,,,,,08/18,匯豐超核心多重資產基金NM2月配型美元本基金有相當比重投資於非投資等級之高風險債券且本基金配息來源可能為本金及收益平準金
匯豐超核心多重資產基金-AM1月配型(美元)(本基金有相當比重投資於非投資等級之高風險債券且本基金配息來源可能為本金及收益平準金),匯豐投信,境內,ET004005/806,,302.0,2.04,2.84,8.35,15.11,,,,,,,08/18,匯豐超核心多重資產基金AM1月配型美元本基金有相當比重投資於非投資等級之高風險債券且本基金配息來源可能為本金及收益平準金
柏瑞美利堅多重資產收益基金N9不配息(日圓)(本基金有相當比重投資於非投資等級之高風險債券),柏瑞投信,境內,ET004005/806,,303.0,-0.03,1.14,8.35,,,,,,,,08/18,柏瑞美利堅多重資產收益基金N9不配息日圓本基金有相當比重投資於非投資等級之高風險債券
匯豐超核心多重資產基金-N不配息(美元)(本基金有相當比重投資於非投資等級之高風險債券且本基金配息來源可能為本金及收益平準金),匯豐投信,境內,ET004005/806,,304.0,2.04,2.84,8.34,15.1,,,,,,,08/18,匯豐超核心多重資產基金N不配息美元本基金有相當比重投資於非投資等級之高風險債券且本基金配息來源可能為本金及收益平準金
匯豐超核心多重資產基金-不配息(美元)(本基金有相當比重投資於非投資等級之高風險債券且本基金配息來源可能為本金及收益平準金),匯豐投信,境內,ET004005/806,,305.0,2.04,2.84,8.34,15.1,,,,,,,08/18,匯豐超核心多重資產基金不配息美元本基金有相當比重投資於非投資等級之高風險債券且本基金配息來源可能為本金及收益平準金
匯豐超核心多重資產基金-NM2月配型(澳幣)(本基金有相當比重投資於非投資等級之高風險債券且本基金配息來源可能為本金及收益平準金),匯豐投信,境內,ET004005/806,,306.0,1.78,2.85,8.31,14.35,,,,,,,08/18,匯豐超核心多重資產基金NM2月配型澳幣本基金有相當比重投資於非投資等級之高風險債券且本基金配息來源可能為本金及收益平準金
匯豐超核心多重資產基金-AM2月配型(澳幣)(本基金有相當比重投資於非投資等級之高風險債券且本基金配息來源可能為本金及收益平準金),匯豐投信,境內,ET004005/806,,307.0,1.78,2.85,8.31,14.34,,,,,,,08/18,匯豐超核心多重資產基金AM2月配型澳幣本基金有相當比重投資於非投資等級之高風險債券且本基金配息來源可能為本金及收益平準金
柏瑞美利堅多重資產收益基金N月配息(日圓)(本基金有相當比重投資於非投資等級之高風險債券且配息來源可能為本金),柏瑞投信,境內,ET004005/806,,308.0,-0.05,1.13,8.31,,,,,,,,08/18,柏瑞美利堅多重資產收益基金N月配息日圓本基金有相當比重投資於非投資等級之高風險債券且配息來源可能為本金
柏瑞美利堅多重資產收益基金B月配息(日圓)(本基金有相當比重投資於非投資等級之高風險債券且配息來源可能為本金),柏瑞投信,境內,ET004005/806,,309.0,-0.05,1.13,8.31,,,,,,,,08/18,柏瑞美利堅多重資產收益基金B月配息日圓本基金有相當比重投資於非投資等級之高風險債券且配息來源可能為本金
匯豐超核心多重資產基金-AM1月配型(澳幣)(本基金有相當比重投資於非投資等級之高風險債券且本基金配息來源可能為本金及收益平準金),匯豐投信,境內,ET004005/806,,310.0,1.78,2.84,8.3,14.35,,,,,,,08/18,匯豐超核心多重資產基金AM1月配型澳幣本基金有相當比重投資於非投資等級之高風險債券且本基金配息來源可能為本金及收益平準金
匯豐超核心多重資產基金-不配息(澳幣)(本基金有相當比重投資於非投資等級之高風險債券且本基金配息來源可能為本金及收益平準金),匯豐投信,境內,ET004005/806,,311.0,1.78,2.83,8.29,14.33,,,,,,,08/18,匯豐超核心多重資產基金不配息澳幣本基金有相當比重投資於非投資等級之高風險債券且本基金配息來源可能為本金及收益平準金
匯豐超核心多重資產基金-N不配息(澳幣)(本基金有相當比重投資於非投資等級之高風險債券且本基金配息來源可能為本金及收益平準金),匯豐投信,境內,ET004005/806,,312.0,1.78,2.83,8.29,14.34,,,,,,,08/18,匯豐超核心多重資產基金N不配息澳幣本基金有相當比重投資於非投資等級之高風險債券且本基金配息來源可能為本金及收益平準金
摩根大美國領先收成多重資產基金-累積數位型(台幣)(本基金有相當比重投資於非投資等級之高風險債券),摩根投信,境內,ET004005/806,,313.0,1.3,4.62,8.26,,,,,,,,08/18,摩根大美國領先收成多重資產基金累積數位型台幣本基金有相當比重投資於非投資等級之高風險債券
合庫全球醫療照護產業多重資產收益基金-B配息(人民幣)(本基金之配息來源可能為本金),合作金庫投信,境內,ET004005/806,,314.0,1.08,6.27,8.13,17.72,56.39,26.39,,,,,08/18,合庫全球醫療照護產業多重資產收益基金B配息人民幣本基金之配息來源可能為本金
柏瑞科技多重資產基金N9不配息(台幣)(本基金有相當比重投資於非投資等級之高風險債券),柏瑞投信,境內,ET004005/806,,315.0,0.28,2.87,8.12,18.21,,,,,,,08/18,柏瑞科技多重資產基金N9不配息台幣本基金有相當比重投資於非投資等級之高風險債券
柏瑞科技多重資產基金N月配息(台幣)(本基金有相當比重投資於非投資等級之高風險債券且配息來源可能為本金),柏瑞投信,境內,ET004005/806,,316.0,0.28,2.87,8.12,18.21,,,,,,,08/18,柏瑞科技多重資產基金N月配息台幣本基金有相當比重投資於非投資等級之高風險債券且配息來源可能為本金
柏瑞科技多重資產基金B月配息(台幣)(本基金有相當比重投資於非投資等級之高風險債券且配息來源可能為本金),柏瑞投信,境內,ET004005/806,,317.0,0.28,2.87,8.12,18.21,,,,,,,08/18,柏瑞科技多重資產基金B月配息台幣本基金有相當比重投資於非投資等級之高風險債券且配息來源可能為本金
柏瑞科技多重資產基金A不配息(台幣)(本基金有相當比重投資於非投資等級之高風險債券),柏瑞投信,境內,ET004005/806,,318.0,0.28,2.87,8.12,18.21,,,,,,,08/18,柏瑞科技多重資產基金A不配息台幣本基金有相當比重投資於非投資等級之高風險債券
宏利亞洲收益成長多重資產基金-A不配息(南非幣避險)(本基金有相當比重投資於非投資等級之高風險債券),宏利投信,境內,ET004005/806,,319.0,1.76,2.22,8.1,19.88,75.72,50.64,,,,,08/18,宏利亞洲收益成長多重資產基金A不配息南非幣避險本基金有相當比重投資於非投資等級之高風險債券
合庫全球醫療照護產業多重資產收益基金-A不配息(人民幣),合作金庫投信,境內,ET004005/806,,320.0,0.96,6.17,8.0,17.49,56.22,26.1,,,,,08/18,合庫全球醫療照護產業多重資產收益基金A不配息人民幣
柏瑞新興動態多重資產基金N月配息(台幣)(本基金有相當比重投資於非投資等級之高風險債券且配息來源可能為本金),柏瑞投信,境內,ET004005/806,,321.0,2.92,3.12,7.99,31.61,54.34,30.61,,,,,08/18,柏瑞新興動態多重資產基金N月配息台幣本基金有相當比重投資於非投資等級之高風險債券且配息來源可能為本金
柏瑞新興動態多重資產基金A不配息(台幣)(本基金有相當比重投資於非投資等級之高風險債券),柏瑞投信,境內,ET004005/806,,322.0,2.92,3.12,7.98,31.61,54.34,30.65,,,,,08/18,柏瑞新興動態多重資產基金A不配息台幣本基金有相當比重投資於非投資等級之高風險債券
柏瑞新興動態多重資產基金B月配息(台幣)(本基金有相當比重投資於非投資等級之高風險債券且配息來源可能為本金),柏瑞投信,境內,ET004005/806,,323.0,2.92,3.12,7.98,31.61,54.35,30.63,,,,,08/18,柏瑞新興動態多重資產基金B月配息台幣本基金有相當比重投資於非投資等級之高風險債券且配息來源可能為本金
柏瑞趨勢動態多重資產基金I不配息(台幣)(本基金有相當比重投資於非投資等級之高風險債券),柏瑞投信,境內,ET004005/806,,324.0,1.51,5.13,7.95,21.36,44.09,,,,,,08/18,柏瑞趨勢動態多重資產基金I不配息台幣本基金有相當比重投資於非投資等級之高風險債券
富邦雙核心戰略多重資產基金B配息(人民幣)(本基金有相當比重投資於非投資等級之高風險債券且配息來源可能為本金及收益平準金),富邦投信,境內,ET004005/806,,325.0,1.89,-0.03,7.82,11.03,,,,,,,08/18,富邦雙核心戰略多重資產基金B配息人民幣本基金有相當比重投資於非投資等級之高風險債券且配息來源可能為本金及收益平準金
富邦雙核心戰略多重資產基金NB配息(人民幣)(本基金有相當比重投資於非投資等級之高風險債券且配息來源可能為本金及收益平準金),富邦投信,境內,ET004005/806,,326.0,1.89,-0.03,7.82,11.03,,,,,,,08/18,富邦雙核心戰略多重資產基金NB配息人民幣本基金有相當比重投資於非投資等級之高風險債券且配息來源可能為本金及收益平準金
富邦雙核心戰略多重資產基金A不配息(人民幣)(本基金有相當比重投資於非投資等級之高風險債券且配息來源可能為本金及收益平準金),富邦投信,境內,ET004005/806,,327.0,1.89,-0.03,7.82,11.03,,,,,,,08/18,富邦雙核心戰略多重資產基金A不配息人民幣本基金有相當比重投資於非投資等級之高風險債券且配息來源可能為本金及收益平準金
富邦雙核心戰略多重資產基金NA不配息(人民幣)(本基金有相當比重投資於非投資等級之高風險債券且配息來源可能為本金及收益平準金),富邦投信,境內,ET004005/806,,328.0,1.89,-0.03,7.82,11.03,,,,,,,08/18,富邦雙核心戰略多重資產基金NA不配息人民幣本基金有相當比重投資於非投資等級之高風險債券且配息來源可能為本金及收益平準金
柏瑞趨勢動態多重資產基金N月配息(台幣)(本基金有相當比重投資於非投資等級之高風險債券且配息來源可能為本金),柏瑞投信,境內,ET004005/806,,329.0,1.47,5.0,7.7,20.79,42.07,,,,,,08/18,柏瑞趨勢動態多重資產基金N月配息台幣本基金有相當比重投資於非投資等級之高風險債券且配息來源可能為本金
柏瑞趨勢動態多重資產基金B月配息(台幣)(本基金有相當比重投資於非投資等級之高風險債券且配息來源可能為本金),柏瑞投信,境內,ET004005/806,,330.0,1.47,5.0,7.69,20.78,42.07,,,,,,08/18,柏瑞趨勢動態多重資產基金B月配息台幣本基金有相當比重投資於非投資等級之高風險債券且配息來源可能為本金
柏瑞趨勢動態多重資產基金A不配息(台幣)(本基金有相當比重投資於非投資等級之高風險債券),柏瑞投信,境內,ET004005/806,,331.0,1.47,5.0,7.69,20.78,42.07,,,,,,08/18,柏瑞趨勢動態多重資產基金A不配息台幣本基金有相當比重投資於非投資等級之高風險債券
柏瑞趨勢動態多重資產基金N9不配息(台幣)(本基金有相當比重投資於非投資等級之高風險債券),柏瑞投信,境內,ET004005/806,,332.0,1.47,5.0,7.69,20.78,42.07,,,,,,08/18,柏瑞趨勢動態多重資產基金N9不配息台幣本基金有相當比重投資於非投資等級之高風險債券
匯豐超核心優化多重資產基金-NM2月配型(台幣)(本基金有相當比重投資於非投資等級之高風險債券且本基金配息來源可能為本金及收益平準金),匯豐投信,境內,ET004005/806,,333.0,0.43,2.63,7.68,18.74,,,,,,,08/18,匯豐超核心優化多重資產基金NM2月配型台幣本基金有相當比重投資於非投資等級之高風險債券且本基金配息來源可能為本金及收益平準金
匯豐超核心優化多重資產基金-AM2月配型(台幣)(本基金有相當比重投資於非投資等級之高風險債券且本基金配息來源可能為本金及收益平準金),匯豐投信,境內,ET004005/806,,334.0,0.43,2.63,7.68,18.74,,,,,,,08/18,匯豐超核心優化多重資產基金AM2月配型台幣本基金有相當比重投資於非投資等級之高風險債券且本基金配息來源可能為本金及收益平準金
匯豐超核心優化多重資產基金-不配息(台幣)(本基金有相當比重投資於非投資等級之高風險債券且本基金配息來源可能為本金及收益平準金),匯豐投信,境內,ET004005/806,,335.0,0.43,2.61,7.65,18.82,,,,,,,08/18,匯豐超核心優化多重資產基金不配息台幣本基金有相當比重投資於非投資等級之高風險債券且本基金配息來源可能為本金及收益平準金
匯豐超核心優化多重資產基金-N不配息(台幣)(本基金有相當比重投資於非投資等級之高風險債券且本基金配息來源可能為本金及收益平準金),匯豐投信,境內,ET004005/806,,336.0,0.43,2.61,7.65,18.75,,,,,,,08/18,匯豐超核心優化多重資產基金N不配息台幣本基金有相當比重投資於非投資等級之高風險債券且本基金配息來源可能為本金及收益平準金
安聯收益成長多重資產基金-C累積型(台幣)(本基金有相當比重投資於非投資等級之高風險債券),安聯投信,境內,ET004005/806,,337.0,0.34,1.66,7.57,14.78,30.02,13.88,,,,,08/18,安聯收益成長多重資產基金C累積型台幣本基金有相當比重投資於非投資等級之高風險債券
安聯收益成長多重資產基金-N月配型(台幣)(本基金有相當比重投資於非投資等級之高風險債券且配息來源可能為本金),安聯投信,境內,ET004005/806,,338.0,0.32,1.7,7.5,14.71,29.96,13.9,,,,,08/18,安聯收益成長多重資產基金N月配型台幣本基金有相當比重投資於非投資等級之高風險債券且配息來源可能為本金
安聯收益成長多重資產基金-B月配型(台幣)(本基金有相當比重投資於非投資等級之高風險債券且配息來源可能為本金),安聯投信,境內,ET004005/806,,339.0,0.36,1.76,7.48,14.76,29.97,13.99,,,,,08/18,安聯收益成長多重資產基金B月配型台幣本基金有相當比重投資於非投資等級之高風險債券且配息來源可能為本金
安聯收益成長多重資產基金-A累積型(台幣)(本基金有相當比重投資於非投資等級之高風險債券),安聯投信,境內,ET004005/806,,340.0,0.38,1.69,7.47,14.69,29.88,13.86,,,,,08/18,安聯收益成長多重資產基金A累積型台幣本基金有相當比重投資於非投資等級之高風險債券
柏瑞科技多重資產基金N9不配息(美元)(本基金有相當比重投資於非投資等級之高風險債券),柏瑞投信,境內,ET004005/806,,341.0,1.14,2.05,7.47,14.1,,,,,,,08/18,柏瑞科技多重資產基金N9不配息美元本基金有相當比重投資於非投資等級之高風險債券
柏瑞科技多重資產基金A不配息(美元)(本基金有相當比重投資於非投資等級之高風險債券),柏瑞投信,境內,ET004005/806,,342.0,1.14,2.05,7.47,14.11,,,,,,,08/18,柏瑞科技多重資產基金A不配息美元本基金有相當比重投資於非投資等級之高風險債券
柏瑞科技多重資產基金B月配息(美元)(本基金有相當比重投資於非投資等級之高風險債券且配息來源可能為本金),柏瑞投信,境內,ET004005/806,,343.0,1.14,2.04,7.46,14.09,,,,,,,08/18,柏瑞科技多重資產基金B月配息美元本基金有相當比重投資於非投資等級之高風險債券且配息來源可能為本金
柏瑞科技多重資產基金N月配息(美元)(本基金有相當比重投資於非投資等級之高風險債券且配息來源可能為本金),柏瑞投信,境內,ET004005/806,,344.0,1.14,2.04,7.46,14.1,,,,,,,08/18,柏瑞科技多重資產基金N月配息美元本基金有相當比重投資於非投資等級之高風險債券且配息來源可能為本金
凱基未來樂活多重資產基金B配息(台幣)(本基金有相當比重投資於非投資等級之高風險債券且配息來源可能為本金),凱基投信,境內,ET004005/806,,345.0,2.7,3.41,7.44,18.13,56.63,,,,,,08/18,凱基未來樂活多重資產基金B配息台幣本基金有相當比重投資於非投資等級之高風險債券且配息來源可能為本金
凱基未來樂活多重資產基金NB配息(台幣)(本基金有相當比重投資於非投資等級之高風險債券且配息來源可能為本金),凱基投信,境內,ET004005/806,,346.0,2.7,3.41,7.44,18.13,56.63,,,,,,08/18,凱基未來樂活多重資產基金NB配息台幣本基金有相當比重投資於非投資等級之高風險債券且配息來源可能為本金
凱基未來樂活多重資產基金A不配息(台幣)(本基金有相當比重投資於非投資等級之高風險債券且配息來源可能為本金),凱基投信,境內,ET004005/806,,347.0,2.7,2.68,7.44,17.53,56.63,,,,,,08/18,凱基未來樂活多重資產基金A不配息台幣本基金有相當比重投資於非投資等級之高風險債券且配息來源可能為本金
凱基未來樂活多重資產基金NA不配息(台幣)(本基金有相當比重投資於非投資等級之高風險債券且配息來源可能為本金),凱基投信,境內,ET004005/806,,348.0,2.7,2.68,7.44,17.53,56.63,,,,,,08/18,凱基未來樂活多重資產基金NA不配息台幣本基金有相當比重投資於非投資等級之高風險債券且配息來源可能為本金
凱基未來樂活多重資產基金A不配息(美元)(本基金有相當比重投資於非投資等級之高風險債券且配息來源可能為本金),凱基投信,境內,ET004005/806,,349.0,3.37,2.34,7.4,16.3,64.02,,,,,,08/18,凱基未來樂活多重資產基金A不配息美元本基金有相當比重投資於非投資等級之高風險債券且配息來源可能為本金
凱基未來樂活多重資產基金NA不配息(美元)(本基金有相當比重投資於非投資等級之高風險債券且配息來源可能為本金),凱基投信,境內,ET004005/806,,350.0,3.37,2.34,7.4,13.82,41.98,,,,,,08/18,凱基未來樂活多重資產基金NA不配息美元本基金有相當比重投資於非投資等級之高風險債券且配息來源可能為本金
凱基未來樂活多重資產基金B配息(美元)(本基金有相當比重投資於非投資等級之高風險債券且配息來源可能為本金),凱基投信,境內,ET004005/806,,351.0,3.36,3.13,7.4,16.99,64.56,,,,,,08/18,凱基未來樂活多重資產基金B配息美元本基金有相當比重投資於非投資等級之高風險債券且配息來源可能為本金
宏利亞洲收益成長多重資產基金-NB月配息(南非幣避險)(本基金有相當比重投資於非投資等級之高風險債券且配息來源可能為本金),宏利投信,境內,ET004005/806,,352.0,1.29,1.63,7.4,21.28,45.87,25.19,,,,,08/18,宏利亞洲收益成長多重資產基金NB月配息南非幣避險本基金有相當比重投資於非投資等級之高風險債券且配息來源可能為本金
宏利亞洲收益成長多重資產基金-B月配息(南非幣避險)(本基金有相當比重投資於非投資等級之高風險債券且配息來源可能為本金),宏利投信,境內,ET004005/806,,353.0,1.31,1.64,7.38,21.48,43.62,22.68,,,,,08/18,宏利亞洲收益成長多重資產基金B月配息南非幣避險本基金有相當比重投資於非投資等級之高風險債券且配息來源可能為本金
凱基未來樂活多重資產基金NB配息(美元)(本基金有相當比重投資於非投資等級之高風險債券且配息來源可能為本金),凱基投信,境內,ET004005/806,,354.0,3.39,3.14,7.36,16.78,64.05,,,,,,08/18,凱基未來樂活多重資產基金NB配息美元本基金有相當比重投資於非投資等級之高風險債券且配息來源可能為本金
柏瑞新興動態多重資產基金A不配息(澳幣)(本基金有相當比重投資於非投資等級之高風險債券),柏瑞投信,境內,ET004005/806,,355.0,3.69,2.42,7.33,24.06,51.45,14.44,,,,,08/18,柏瑞新興動態多重資產基金A不配息澳幣本基金有相當比重投資於非投資等級之高風險債券
柏瑞新興動態多重資產基金N月配息(澳幣)(本基金有相當比重投資於非投資等級之高風險債券且配息來源可能為本金),柏瑞投信,境內,ET004005/806,,356.0,3.69,2.41,7.32,24.05,51.48,14.44,,,,,08/18,柏瑞新興動態多重資產基金N月配息澳幣本基金有相當比重投資於非投資等級之高風險債券且配息來源可能為本金
柏瑞新興動態多重資產基金B月配息(澳幣)(本基金有相當比重投資於非投資等級之高風險債券且配息來源可能為本金),柏瑞投信,境內,ET004005/806,,357.0,3.69,2.42,7.32,24.05,51.48,14.44,,,,,08/18,柏瑞新興動態多重資產基金B月配息澳幣本基金有相當比重投資於非投資等級之高風險債券且配息來源可能為本金
匯豐超核心優化多重資產基金-AM2月配型(南非幣)(本基金有相當比重投資於非投資等級之高風險債券且本基金配息來源可能為本金及收益平準金),匯豐投信,境內,ET004005/806,,358.0,1.65,1.85,7.29,13.59,,,,,,,08/18,匯豐超核心優化多重資產基金AM2月配型南非幣本基金有相當比重投資於非投資等級之高風險債券且本基金配息來源可能為本金及收益平準金
匯豐超核心優化多重資產基金-NM2月配型(南非幣)(本基金有相當比重投資於非投資等級之高風險債券且本基金配息來源可能為本金及收益平準金),匯豐投信,境內,ET004005/806,,359.0,1.65,1.85,7.29,13.59,,,,,,,08/18,匯豐超核心優化多重資產基金NM2月配型南非幣本基金有相當比重投資於非投資等級之高風險債券且本基金配息來源可能為本金及收益平準金
匯豐超核心優化多重資產基金-不配息(南非幣)(本基金有相當比重投資於非投資等級之高風險債券且本基金配息來源可能為本金及收益平準金),匯豐投信,境內,ET004005/806,,360.0,1.65,1.83,7.26,13.6,,,,,,,08/18,匯豐超核心優化多重資產基金不配息南非幣本基金有相當比重投資於非投資等級之高風險債券且本基金配息來源可能為本金及收益平準金
匯豐超核心優化多重資產基金-N不配息(南非幣)(本基金有相當比重投資於非投資等級之高風險債券且本基金配息來源可能為本金及收益平準金),匯豐投信,境內,ET004005/806,,361.0,1.65,1.82,7.26,13.57,,,,,,,08/18,匯豐超核心優化多重資產基金N不配息南非幣本基金有相當比重投資於非投資等級之高風險債券且本基金配息來源可能為本金及收益平準金
凱基收益成長多重資產基金NB配息(南非幣)(本基金有相當比重投資於非投資等級之高風險債券且配息來源可能為本金),凱基投信,境內,ET004005/806,,362.0,1.48,3.13,7.25,9.57,51.69,61.89,,,,,08/18,凱基收益成長多重資產基金NB配息南非幣本基金有相當比重投資於非投資等級之高風險債券且配息來源可能為本金
凱基收益成長多重資產基金B配息(南非幣)(本基金有相當比重投資於非投資等級之高風險債券且配息來源可能為本金),凱基投信,境內,ET004005/806,,363.0,1.48,3.15,7.25,9.59,51.69,64.34,,,,,08/18,凱基收益成長多重資產基金B配息南非幣本基金有相當比重投資於非投資等級之高風險債券且配息來源可能為本金
安聯收益成長多重資產基金-A累積型(美元)(本基金有相當比重投資於非投資等級之高風險債券),安聯投信,境內,ET004005/806,,364.0,1.06,1.13,7.23,12.77,40.16,27.14,,,,,08/18,安聯收益成長多重資產基金A累積型美元本基金有相當比重投資於非投資等級之高風險債券
安聯收益成長多重資產基金-B月配型(美元)(本基金有相當比重投資於非投資等級之高風險債券且配息來源可能為本金),安聯投信,境內,ET004005/806,,365.0,1.08,1.13,7.21,12.84,40.18,27.25,,,,,08/18,安聯收益成長多重資產基金B月配型美元本基金有相當比重投資於非投資等級之高風險債券且配息來源可能為本金
安聯收益成長多重資產基金-N月配型(美元)(本基金有相當比重投資於非投資等級之高風險債券且配息來源可能為本金),安聯投信,境內,ET004005/806,,366.0,1.08,1.13,7.2,12.72,40.23,27.21,,,,,08/18,安聯收益成長多重資產基金N月配型美元本基金有相當比重投資於非投資等級之高風險債券且配息來源可能為本金
安聯收益成長多重資產基金-C累積型(美元)(本基金有相當比重投資於非投資等級之高風險債券),安聯投信,境內,ET004005/806,,367.0,1.07,1.15,7.2,12.77,40.06,27.04,,,,,08/18,安聯收益成長多重資產基金C累積型美元本基金有相當比重投資於非投資等級之高風險債券
玉山全球生態友善ESG多重資產基金-月配息型(台幣)(本基金有相當比重投資於非投資等級之高風險債券且基金之配息來源可能為本金),玉山投信,境內,ET004005/806,,368.0,-1.23,1.14,7.13,25.73,47.75,,,,,,08/18,玉山全球生態友善ESG多重資產基金月配息型台幣本基金有相當比重投資於非投資等級之高風險債券且基金之配息來源可能為本金
玉山全球生態友善ESG多重資產基金-累積型(台幣)(本基金有相當比重投資於非投資等級之高風險債券且基金之配息來源可能為本金),玉山投信,境內,ET004005/806,,369.0,-1.23,1.14,7.13,25.73,47.75,,,,,,08/18,玉山全球生態友善ESG多重資產基金累積型台幣本基金有相當比重投資於非投資等級之高風險債券且基金之配息來源可能為本金
玉山全球生態友善ESG多重資產基金-N月配息型(台幣)(本基金有相當比重投資於非投資等級之高風險債券且基金之配息來源可能為本金),玉山投信,境內,ET004005/806,,370.0,-1.23,1.14,7.13,25.73,47.75,,,,,,08/18,玉山全球生態友善ESG多重資產基金N月配息型台幣本基金有相當比重投資於非投資等級之高風險債券且基金之配息來源可能為本金
玉山全球生態友善ESG多重資產基金-N累積型(台幣)(本基金有相當比重投資於非投資等級之高風險債券且基金之配息來源可能為本金),玉山投信,境內,ET004005/806,,371.0,-1.23,1.14,7.13,25.73,47.75,,,,,,08/18,玉山全球生態友善ESG多重資產基金N累積型台幣本基金有相當比重投資於非投資等級之高風險債券且基金之配息來源可能為本金
柏瑞新興動態多重資產基金A不配息(美元)(本基金有相當比重投資於非投資等級之高風險債券),柏瑞投信,境內,ET004005/806,,372.0,3.88,2.13,6.98,25.83,56.79,18.97,,,,,08/18,柏瑞新興動態多重資產基金A不配息美元本基金有相當比重投資於非投資等級之高風險債券
柏瑞新興動態多重資產基金B月配息(美元)(本基金有相當比重投資於非投資等級之高風險債券且配息來源可能為本金),柏瑞投信,境內,ET004005/806,,373.0,3.87,2.13,6.98,25.81,56.78,18.96,,,,,08/18,柏瑞新興動態多重資產基金B月配息美元本基金有相當比重投資於非投資等級之高風險債券且配息來源可能為本金
柏瑞新興動態多重資產基金N月配息(美元)(本基金有相當比重投資於非投資等級之高風險債券且配息來源可能為本金),柏瑞投信,境內,ET004005/806,,374.0,3.87,2.13,6.98,25.81,56.78,18.96,,,,,08/18,柏瑞新興動態多重資產基金N月配息美元本基金有相當比重投資於非投資等級之高風險債券且配息來源可能為本金
匯豐超核心多重資產基金-AM2月配型(人民幣)(本基金有相當比重投資於非投資等級之高風險債券且本基金配息來源可能為本金及收益平準金),匯豐投信,境內,ET004005/806,,375.0,1.81,2.16,6.96,11.95,,,,,,,08/18,匯豐超核心多重資產基金AM2月配型人民幣本基金有相當比重投資於非投資等級之高風險債券且本基金配息來源可能為本金及收益平準金
匯豐超核心多重資產基金-NM2月配型(人民幣)(本基金有相當比重投資於非投資等級之高風險債券且本基金配息來源可能為本金及收益平準金),匯豐投信,境內,ET004005/806,,376.0,1.8,2.16,6.96,11.95,,,,,,,08/18,匯豐超核心多重資產基金NM2月配型人民幣本基金有相當比重投資於非投資等級之高風險債券且本基金配息來源可能為本金及收益平準金
匯豐超核心多重資產基金-AM1月配型(人民幣)(本基金有相當比重投資於非投資等級之高風險債券且本基金配息來源可能為本金及收益平準金),匯豐投信,境內,ET004005/806,,377.0,1.8,2.15,6.94,11.94,,,,,,,08/18,匯豐超核心多重資產基金AM1月配型人民幣本基金有相當比重投資於非投資等級之高風險債券且本基金配息來源可能為本金及收益平準金
匯豐超核心多重資產基金-不配息(人民幣)(本基金有相當比重投資於非投資等級之高風險債券且本基金配息來源可能為本金及收益平準金),匯豐投信,境內,ET004005/806,,378.0,1.8,2.14,6.93,11.93,,,,,,,08/18,匯豐超核心多重資產基金不配息人民幣本基金有相當比重投資於非投資等級之高風險債券且本基金配息來源可能為本金及收益平準金
匯豐超核心多重資產基金-N不配息(人民幣)(本基金有相當比重投資於非投資等級之高風險債券且本基金配息來源可能為本金及收益平準金),匯豐投信,境內,ET004005/806,,379.0,1.8,2.14,6.93,11.93,,,,,,,08/18,匯豐超核心多重資產基金N不配息人民幣本基金有相當比重投資於非投資等級之高風險債券且本基金配息來源可能為本金及收益平準金
柏瑞趨勢動態多重資產基金I不配息(美元)(本基金有相當比重投資於非投資等級之高風險債券),柏瑞投信,境內,ET004005/806,,380.0,2.5,4.09,6.92,15.38,45.99,,,,,,08/18,柏瑞趨勢動態多重資產基金I不配息美元本基金有相當比重投資於非投資等級之高風險債券
宏利亞洲收益成長多重資產基金-A不配息(澳幣避險)(本基金有相當比重投資於非投資等級之高風險債券),宏利投信,境內,ET004005/806,,381.0,0.85,1.76,6.9,19.79,27.38,-10.34,,,,,08/18,宏利亞洲收益成長多重資產基金A不配息澳幣避險本基金有相當比重投資於非投資等級之高風險債券
群益優化收益成長多重資產基金B月配型(台幣)(本基金有相當比重投資於非投資等級之高風險債券且基金之配息來源可能為本金),群益投信,境內,ET004005/806,,382.0,-2.26,-2.7,6.9,23.04,,,,,,,08/18,群益優化收益成長多重資產基金B月配型台幣本基金有相當比重投資於非投資等級之高風險債券且基金之配息來源可能為本金
群益優化收益成長多重資產基金NB月配型(台幣)(本基金有相當比重投資於非投資等級之高風險債券且基金之配息來源可能為本金),群益投信,境內,ET004005/806,,383.0,-2.26,-2.7,6.9,23.04,,,,,,,08/18,群益優化收益成長多重資產基金NB月配型台幣本基金有相當比重投資於非投資等級之高風險債券且基金之配息來源可能為本金
台新全球多重資產基金NA不配息(台幣)(本基金有相當比重投資於非投資等級之高風險債券),台新投信,境內,ET004005/806,,384.0,0.97,3.0,6.89,22.56,34.2,,,,,,08/18,台新全球多重資產基金NA不配息台幣本基金有相當比重投資於非投資等級之高風險債券
台新全球多重資產基金B月配息(台幣)(本基金有相當比重投資於非投資等級之高風險債券且配息來源可能為本金),台新投信,境內,ET004005/806,,385.0,0.98,3.0,6.89,22.54,34.19,,,,,,08/18,台新全球多重資產基金B月配息台幣本基金有相當比重投資於非投資等級之高風險債券且配息來源可能為本金
台新全球多重資產基金A不配息(台幣)(本基金有相當比重投資於非投資等級之高風險債券),台新投信,境內,ET004005/806,,386.0,0.98,3.0,6.89,22.54,34.19,,,,,,08/18,台新全球多重資產基金A不配息台幣本基金有相當比重投資於非投資等級之高風險債券
群益優化收益成長多重資產基金NA累積型(台幣)(本基金有相當比重投資於非投資等級之高風險債券且基金之配息來源可能為本金),群益投信,境內,ET004005/806,,387.0,-2.25,-2.7,6.88,23.01,,,,,,,08/18,群益優化收益成長多重資產基金NA累積型台幣本基金有相當比重投資於非投資等級之高風險債券且基金之配息來源可能為本金
群益優化收益成長多重資產基金A累積型(台幣)(本基金有相當比重投資於非投資等級之高風險債券且基金之配息來源可能為本金),群益投信,境內,ET004005/806,,388.0,-2.25,-2.7,6.87,23.01,,,,,,,08/18,群益優化收益成長多重資產基金A累積型台幣本基金有相當比重投資於非投資等級之高風險債券且基金之配息來源可能為本金
台新全球多重資產基金NB月配息(台幣)(本基金有相當比重投資於非投資等級之高風險債券且配息來源可能為本金),台新投信,境內,ET004005/806,,389.0,0.98,3.0,6.87,22.47,34.12,,,,,,08/18,台新全球多重資產基金NB月配息台幣本基金有相當比重投資於非投資等級之高風險債券且配息來源可能為本金
柏瑞美利堅多重資產收益基金N月配息(台幣)(本基金有相當比重投資於非投資等級之高風險債券且配息來源可能為本金),柏瑞投信,境內,ET004005/806,,390.0,0.04,1.79,6.84,,,,,,,,08/18,柏瑞美利堅多重資產收益基金N月配息台幣本基金有相當比重投資於非投資等級之高風險債券且配息來源可能為本金
柏瑞美利堅多重資產收益基金N9不配息(台幣)(本基金有相當比重投資於非投資等級之高風險債券),柏瑞投信,境內,ET004005/806,,391.0,0.04,1.79,6.84,,,,,,,,08/18,柏瑞美利堅多重資產收益基金N9不配息台幣本基金有相當比重投資於非投資等級之高風險債券
柏瑞美利堅多重資產收益基金B月配息(台幣)(本基金有相當比重投資於非投資等級之高風險債券且配息來源可能為本金),柏瑞投信,境內,ET004005/806,,392.0,0.04,1.79,6.84,,,,,,,,08/18,柏瑞美利堅多重資產收益基金B月配息台幣本基金有相當比重投資於非投資等級之高風險債券且配息來源可能為本金
柏瑞美利堅多重資產收益基金A不配息(台幣)(本基金有相當比重投資於非投資等級之高風險債券),柏瑞投信,境內,ET004005/806,,393.0,0.04,1.79,6.84,,,,,,,,08/18,柏瑞美利堅多重資產收益基金A不配息台幣本基金有相當比重投資於非投資等級之高風險債券
柏瑞趨勢動態多重資產基金N9不配息(澳幣)(本基金有相當比重投資於非投資等級之高風險債券),柏瑞投信,境內,ET004005/806,,394.0,2.12,4.16,6.81,13.2,38.75,,,,,,08/18,柏瑞趨勢動態多重資產基金N9不配息澳幣本基金有相當比重投資於非投資等級之高風險債券
柏瑞趨勢動態多重資產基金A不配息(澳幣)(本基金有相當比重投資於非投資等級之高風險債券),柏瑞投信,境內,ET004005/806,,395.0,2.12,4.16,6.81,13.2,38.74,,,,,,08/18,柏瑞趨勢動態多重資產基金A不配息澳幣本基金有相當比重投資於非投資等級之高風險債券
柏瑞趨勢動態多重資產基金N月配息(澳幣)(本基金有相當比重投資於非投資等級之高風險債券且配息來源可能為本金),柏瑞投信,境內,ET004005/806,,396.0,2.12,4.15,6.8,13.19,38.77,,,,,,08/18,柏瑞趨勢動態多重資產基金N月配息澳幣本基金有相當比重投資於非投資等級之高風險債券且配息來源可能為本金
柏瑞趨勢動態多重資產基金B月配息(澳幣)(本基金有相當比重投資於非投資等級之高風險債券且配息來源可能為本金),柏瑞投信,境內,ET004005/806,,397.0,2.12,4.15,6.8,13.18,38.76,,,,,,08/18,柏瑞趨勢動態多重資產基金B月配息澳幣本基金有相當比重投資於非投資等級之高風險債券且配息來源可能為本金
永豐創新醫療多重資產基金-N月配型(台幣)(本基金有相當比重投資於非投資等級之高風險債券且配息來源可能為本金),永豐投信,境內,ET004005/806,,398.0,2.57,13.77,6.75,16.88,,,,,,,08/18,永豐創新醫療多重資產基金N月配型台幣本基金有相當比重投資於非投資等級之高風險債券且配息來源可能為本金
永豐創新醫療多重資產基金-N累積型(台幣)(本基金有相當比重投資於非投資等級之高風險債券且配息來源可能為本金),永豐投信,境內,ET004005/806,,399.0,2.57,13.76,6.75,16.88,,,,,,,08/18,永豐創新醫療多重資產基金N累積型台幣本基金有相當比重投資於非投資等級之高風險債券且配息來源可能為本金
永豐創新醫療多重資產基金-月配型(台幣)(本基金有相當比重投資於非投資等級之高風險債券且配息來源可能為本金),永豐投信,境內,ET004005/806,,400.0,2.57,13.77,6.75,16.88,,,,,,,08/18,永豐創新醫療多重資產基金月配型台幣本基金有相當比重投資於非投資等級之高風險債券且配息來源可能為本金
永豐創新醫療多重資產基金-累積型(台幣)(本基金有相當比重投資於非投資等級之高風險債券且配息來源可能為本金),永豐投信,境內,ET004005/806,,401.0,2.57,13.76,6.75,16.88,,,,,,,08/18,永豐創新醫療多重資產基金累積型台幣本基金有相當比重投資於非投資等級之高風險債券且配息來源可能為本金
摩根大美國領先收成多重資產基金-月配息型(人民幣)(本基金有相當比重投資於非投資等級之高風險債券且配息來源可能為本金或收益平準金),摩根投信,境內,ET004005/806,,402.0,1.58,3.5,6.72,7.32,,,,,,,08/18,摩根大美國領先收成多重資產基金月配息型人民幣本基金有相當比重投資於非投資等級之高風險債券且配息來源可能為本金或收益平準金
摩根大美國領先收成多重資產基金-月配息後收型(人民幣)(本基金有相當比重投資於非投資等級之高風險債券且配息來源可能為本金或收益平準金),摩根投信,境內,ET004005/806,,403.0,1.58,3.5,6.72,7.32,,,,,,,08/18,摩根大美國領先收成多重資產基金月配息後收型人民幣本基金有相當比重投資於非投資等級之高風險債券且配息來源可能為本金或收益平準金
永豐創新醫療多重資產基金-N累積型(南非幣)(本基金有相當比重投資於非投資等級之高風險債券且配息來源可能為本金),永豐投信,境內,ET004005/806,,404.0,3.6,12.55,6.69,11.33,,,,,,,08/18,永豐創新醫療多重資產基金N累積型南非幣本基金有相當比重投資於非投資等級之高風險債券且配息來源可能為本金
柏瑞趨勢動態多重資產基金N9不配息(美元)(本基金有相當比重投資於非投資等級之高風險債券),柏瑞投信,境內,ET004005/806,,405.0,2.45,3.97,6.66,14.84,43.94,,,,,,08/18,柏瑞趨勢動態多重資產基金N9不配息美元本基金有相當比重投資於非投資等級之高風險債券
柏瑞趨勢動態多重資產基金A不配息(美元)(本基金有相當比重投資於非投資等級之高風險債券),柏瑞投信,境內,ET004005/806,,406.0,2.45,3.97,6.66,14.84,43.94,,,,,,08/18,柏瑞趨勢動態多重資產基金A不配息美元本基金有相當比重投資於非投資等級之高風險債券
柏瑞趨勢動態多重資產基金N月配息(美元)(本基金有相當比重投資於非投資等級之高風險債券且配息來源可能為本金),柏瑞投信,境內,ET004005/806,,407.0,2.45,3.96,6.66,14.82,43.94,,,,,,08/18,柏瑞趨勢動態多重資產基金N月配息美元本基金有相當比重投資於非投資等級之高風險債券且配息來源可能為本金
柏瑞趨勢動態多重資產基金B月配息(美元)(本基金有相當比重投資於非投資等級之高風險債券且配息來源可能為本金),柏瑞投信,境內,ET004005/806,,408.0,2.45,3.96,6.66,14.82,43.93,,,,,,08/18,柏瑞趨勢動態多重資產基金B月配息美元本基金有相當比重投資於非投資等級之高風險債券且配息來源可能為本金
摩根大美國領先收成多重資產基金-累積型(人民幣)(本基金有相當比重投資於非投資等級之高風險債券),摩根投信,境內,ET004005/806,,409.0,1.47,3.46,6.65,7.27,,,,,,,08/18,摩根大美國領先收成多重資產基金累積型人民幣本基金有相當比重投資於非投資等級之高風險債券
柏瑞美利堅多重資產收益基金I不配息(美元)(本基金有相當比重投資於非投資等級之高風險債券),柏瑞投信,境內,ET004005/806,,410.0,0.93,1.23,6.62,,,,,,,,08/18,柏瑞美利堅多重資產收益基金I不配息美元本基金有相當比重投資於非投資等級之高風險債券
施羅德全週期成長多重資產基金-B月配型(台幣)(本基金有相當比重投資於非投資等級之高風險債券且基金之配息來源可能為本金),施羅德投信,境內,ET004005/806,,411.0,2.37,4.72,6.59,22.09,49.3,47.44,,,,,08/18,施羅德全週期成長多重資產基金B月配型台幣本基金有相當比重投資於非投資等級之高風險債券且基金之配息來源可能為本金
永豐創新醫療多重資產基金-累積型(南非幣)(本基金有相當比重投資於非投資等級之高風險債券且配息來源可能為本金),永豐投信,境內,ET004005/806,,412.0,3.55,12.51,6.59,11.03,,,,,,,08/18,永豐創新醫療多重資產基金累積型南非幣本基金有相當比重投資於非投資等級之高風險債券且配息來源可能為本金
施羅德全週期成長多重資產基金-A累積型(台幣)(本基金有相當比重投資於非投資等級之高風險債券且基金之配息來源可能為本金),施羅德投信,境內,ET004005/806,,413.0,2.28,4.6,6.58,21.86,48.92,47.05,,,,,08/18,施羅德全週期成長多重資產基金A累積型台幣本基金有相當比重投資於非投資等級之高風險債券且基金之配息來源可能為本金
合庫核心趨勢多重資產基金-B配息(台幣)(本基金有相當比重投資於非投資等級之高風險債券且配息來源可能為本金),合作金庫投信,境內,ET004005/806,,414.0,-0.26,1.78,6.52,23.68,,,,,,,08/18,合庫核心趨勢多重資產基金B配息台幣本基金有相當比重投資於非投資等級之高風險債券且配息來源可能為本金
合庫核心趨勢多重資產基金-NB配息(台幣)(本基金有相當比重投資於非投資等級之高風險債券且配息來源可能為本金),合作金庫投信,境內,ET004005/806,,415.0,-0.26,1.78,6.52,23.68,,,,,,,08/18,合庫核心趨勢多重資產基金NB配息台幣本基金有相當比重投資於非投資等級之高風險債券且配息來源可能為本金
合庫核心趨勢多重資產基金-A不配息(台幣)(本基金有相當比重投資於非投資等級之高風險債券),合作金庫投信,境內,ET004005/806,,416.0,-0.31,1.75,6.48,23.63,,,,,,,08/18,合庫核心趨勢多重資產基金A不配息台幣本基金有相當比重投資於非投資等級之高風險債券
永豐創新醫療多重資產基金-月配型(南非幣)(本基金有相當比重投資於非投資等級之高風險債券且配息來源可能為本金),永豐投信,境內,ET004005/806,,417.0,3.4,12.35,6.47,11.27,,,,,,,08/18,永豐創新醫療多重資產基金月配型南非幣本基金有相當比重投資於非投資等級之高風險債券且配息來源可能為本金
宏利亞洲收益成長多重資產基金-B月配息(澳幣避險)(本基金有相當比重投資於非投資等級之高風險債券且配息來源可能為本金),宏利投信,境內,ET004005/806,,418.0,-0.84,1.66,6.47,6.2,64.3,30.19,,,,,08/18,宏利亞洲收益成長多重資產基金B月配息澳幣避險本基金有相當比重投資於非投資等級之高風險債券且配息來源可能為本金
東方匯理全球多重資產成長收益基金-A2累積型(台幣)(本基金有相當比重投資於非投資等級之高風險債券且配息來源可能為本金),東方匯理投信,境內,ET004005/806,,419.0,1.84,3.37,6.45,,,,,,,,08/18,東方匯理全球多重資產成長收益基金A2累積型台幣本基金有相當比重投資於非投資等級之高風險債券且配息來源可能為本金
東方匯理全球多重資產成長收益基金-N2累積型(台幣)(本基金有相當比重投資於非投資等級之高風險債券且配息來源可能為本金),東方匯理投信,境內,ET004005/806,,420.0,1.84,3.37,6.45,,,,,,,,08/18,東方匯理全球多重資產成長收益基金N2累積型台幣本基金有相當比重投資於非投資等級之高風險債券且配息來源可能為本金
玉山全球生態友善ESG多重資產基金-累積型(南非幣)(本基金有相當比重投資於非投資等級之高風險債券且基金之配息來源可能為本金),玉山投信,境內,ET004005/806,,421.0,-0.2,0.15,6.36,19.32,53.38,,,,,,08/18,玉山全球生態友善ESG多重資產基金累積型南非幣本基金有相當比重投資於非投資等級之高風險債券且基金之配息來源可能為本金
玉山全球生態友善ESG多重資產基金-月配息型(南非幣)(本基金有相當比重投資於非投資等級之高風險債券且基金之配息來源可能為本金),玉山投信,境內,ET004005/806,,422.0,-0.2,0.15,6.36,19.32,53.38,,,,,,08/18,玉山全球生態友善ESG多重資產基金月配息型南非幣本基金有相當比重投資於非投資等級之高風險債券且基金之配息來源可能為本金
柏瑞利率對策多重資產基金N9不配息(台幣)(本基金有相當比重投資於非投資等級之高風險債券),柏瑞投信,境內,ET004005/806,,423.0,0.8,3.5,6.33,14.86,30.0,,,,,,08/18,柏瑞利率對策多重資產基金N9不配息台幣本基金有相當比重投資於非投資等級之高風險債券
柏瑞利率對策多重資產基金A不配息(台幣)(本基金有相當比重投資於非投資等級之高風險債券),柏瑞投信,境內,ET004005/806,,424.0,0.8,3.5,6.33,14.86,30.0,,,,,,08/18,柏瑞利率對策多重資產基金A不配息台幣本基金有相當比重投資於非投資等級之高風險債券
柏瑞利率對策多重資產基金B月配息(台幣)(本基金有相當比重投資於非投資等級之高風險債券且配息來源可能為本金),柏瑞投信,境內,ET004005/806,,425.0,0.8,3.5,6.33,14.86,29.99,,,,,,08/18,柏瑞利率對策多重資產基金B月配息台幣本基金有相當比重投資於非投資等級之高風險債券且配息來源可能為本金
柏瑞利率對策多重資產基金N月配息(台幣)(本基金有相當比重投資於非投資等級之高風險債券且配息來源可能為本金),柏瑞投信,境內,ET004005/806,,426.0,0.8,3.5,6.33,14.85,29.99,,,,,,08/18,柏瑞利率對策多重資產基金N月配息台幣本基金有相當比重投資於非投資等級之高風險債券且配息來源可能為本金
宏利亞洲收益成長多重資產基金-NA不配息(澳幣避險)(本基金有相當比重投資於非投資等級之高風險債券),宏利投信,境內,ET004005/806,,427.0,0.98,1.5,6.33,17.56,32.52,6.05,,,,,08/18,宏利亞洲收益成長多重資產基金NA不配息澳幣避險本基金有相當比重投資於非投資等級之高風險債券
匯豐超核心優化多重資產基金-NM2月配型(美元)(本基金有相當比重投資於非投資等級之高風險債券且本基金配息來源可能為本金及收益平準金),匯豐投信,境內,ET004005/806,,428.0,1.51,1.34,6.23,11.7,,,,,,,08/18,匯豐超核心優化多重資產基金NM2月配型美元本基金有相當比重投資於非投資等級之高風險債券且本基金配息來源可能為本金及收益平準金
匯豐超核心優化多重資產基金-AM2月配型(美元)(本基金有相當比重投資於非投資等級之高風險債券且本基金配息來源可能為本金及收益平準金),匯豐投信,境內,ET004005/806,,429.0,1.51,1.34,6.23,11.71,,,,,,,08/18,匯豐超核心優化多重資產基金AM2月配型美元本基金有相當比重投資於非投資等級之高風險債券且本基金配息來源可能為本金及收益平準金
匯豐超核心優化多重資產基金-不配息(美元)(本基金有相當比重投資於非投資等級之高風險債券且本基金配息來源可能為本金及收益平準金),匯豐投信,境內,ET004005/806,,430.0,1.5,1.33,6.21,11.72,,,,,,,08/18,匯豐超核心優化多重資產基金不配息美元本基金有相當比重投資於非投資等級之高風險債券且本基金配息來源可能為本金及收益平準金
匯豐超核心優化多重資產基金-N不配息(美元)(本基金有相當比重投資於非投資等級之高風險債券且本基金配息來源可能為本金及收益平準金),匯豐投信,境內,ET004005/806,,431.0,1.5,1.33,6.21,11.69,,,,,,,08/18,匯豐超核心優化多重資產基金N不配息美元本基金有相當比重投資於非投資等級之高風險債券且本基金配息來源可能為本金及收益平準金
柏瑞美利堅多重資產收益基金N9不配息(美元)(本基金有相當比重投資於非投資等級之高風險債券),柏瑞投信,境內,ET004005/806,,432.0,0.86,1.02,6.18,,,,,,,,08/18,柏瑞美利堅多重資產收益基金N9不配息美元本基金有相當比重投資於非投資等級之高風險債券
柏瑞美利堅多重資產收益基金A不配息(美元)(本基金有相當比重投資於非投資等級之高風險債券),柏瑞投信,境內,ET004005/806,,433.0,0.86,1.02,6.18,,,,,,,,08/18,柏瑞美利堅多重資產收益基金A不配息美元本基金有相當比重投資於非投資等級之高風險債券
柏瑞美利堅多重資產收益基金N月配息(美元)(本基金有相當比重投資於非投資等級之高風險債券且配息來源可能為本金),柏瑞投信,境內,ET004005/806,,434.0,0.86,1.02,6.18,,,,,,,,08/18,柏瑞美利堅多重資產收益基金N月配息美元本基金有相當比重投資於非投資等級之高風險債券且配息來源可能為本金
柏瑞美利堅多重資產收益基金B月配息(美元)(本基金有相當比重投資於非投資等級之高風險債券且配息來源可能為本金),柏瑞投信,境內,ET004005/806,,435.0,0.86,1.02,6.17,,,,,,,,08/18,柏瑞美利堅多重資產收益基金B月配息美元本基金有相當比重投資於非投資等級之高風險債券且配息來源可能為本金
宏利亞洲收益成長多重資產基金-A不配息(美元)(本基金有相當比重投資於非投資等級之高風險債券),宏利投信,境內,ET004005/806,,436.0,1.16,1.13,6.15,17.23,33.43,6.96,,,,,08/18,宏利亞洲收益成長多重資產基金A不配息美元本基金有相當比重投資於非投資等級之高風險債券
宏利亞洲收益成長多重資產基金-NA不配息(美元)(本基金有相當比重投資於非投資等級之高風險債券),宏利投信,境內,ET004005/806,,437.0,1.16,1.13,6.15,17.23,33.47,6.99,,,,,08/18,宏利亞洲收益成長多重資產基金NA不配息美元本基金有相當比重投資於非投資等級之高風險債券
宏利亞洲收益成長多重資產基金-B月配息(美元)(本基金有相當比重投資於非投資等級之高風險債券且配息來源可能為本金),宏利投信,境內,ET004005/806,,438.0,1.16,1.12,6.14,17.23,33.46,6.98,,,,,08/18,宏利亞洲收益成長多重資產基金B月配息美元本基金有相當比重投資於非投資等級之高風險債券且配息來源可能為本金
宏利亞洲收益成長多重資產基金-NB月配息(美元)(本基金有相當比重投資於非投資等級之高風險債券且配息來源可能為本金),宏利投信,境內,ET004005/806,,439.0,1.16,1.12,6.14,17.23,33.46,6.98,,,,,08/18,宏利亞洲收益成長多重資產基金NB月配息美元本基金有相當比重投資於非投資等級之高風險債券且配息來源可能為本金
宏利亞洲收益成長多重資產基金-A不配息(台幣)(本基金有相當比重投資於非投資等級之高風險債券),宏利投信,境內,ET004005/806,,440.0,0.61,1.31,6.08,19.1,25.73,3.25,,,,,08/18,宏利亞洲收益成長多重資產基金A不配息台幣本基金有相當比重投資於非投資等級之高風險債券
凱基收益成長多重資產基金A不配息(台幣)(本基金有相當比重投資於非投資等級之高風險債券且配息來源可能為本金),凱基投信,境內,ET004005/806,,441.0,1.25,3.16,6.04,13.53,46.77,37.42,,,,,08/18,凱基收益成長多重資產基金A不配息台幣本基金有相當比重投資於非投資等級之高風險債券且配息來源可能為本金
凱基收益成長多重資產基金NA不配息(台幣)(本基金有相當比重投資於非投資等級之高風險債券且配息來源可能為本金),凱基投信,境內,ET004005/806,,442.0,1.25,3.16,6.04,13.53,46.76,37.42,,,,,08/18,凱基收益成長多重資產基金NA不配息台幣本基金有相當比重投資於非投資等級之高風險債券且配息來源可能為本金
凱基收益成長多重資產基金NB配息(台幣)(本基金有相當比重投資於非投資等級之高風險債券且配息來源可能為本金),凱基投信,境內,ET004005/806,,443.0,1.25,3.82,6.04,14.29,46.71,37.37,,,,,08/18,凱基收益成長多重資產基金NB配息台幣本基金有相當比重投資於非投資等級之高風險債券且配息來源可能為本金
凱基收益成長多重資產基金B配息(台幣)(本基金有相當比重投資於非投資等級之高風險債券且配息來源可能為本金),凱基投信,境內,ET004005/806,,444.0,1.25,3.82,6.04,14.29,46.77,37.43,,,,,08/18,凱基收益成長多重資產基金B配息台幣本基金有相當比重投資於非投資等級之高風險債券且配息來源可能為本金
宏利亞洲收益成長多重資產基金-NB月配息(澳幣避險)(本基金有相當比重投資於非投資等級之高風險債券且配息來源可能為本金),宏利投信,境內,ET004005/806,,445.0,0.97,1.41,6.03,17.92,32.95,5.61,,,,,08/18,宏利亞洲收益成長多重資產基金NB月配息澳幣避險本基金有相當比重投資於非投資等級之高風險債券且配息來源可能為本金
宏利亞洲收益成長多重資產基金-NA不配息(台幣)(本基金有相當比重投資於非投資等級之高風險債券),宏利投信,境內,ET004005/806,,446.0,0.5,1.32,6.0,18.65,25.06,2.54,,,,,08/18,宏利亞洲收益成長多重資產基金NA不配息台幣本基金有相當比重投資於非投資等級之高風險債券
柏瑞利率對策多重資產基金I不配息(美元)(本基金有相當比重投資於非投資等級之高風險債券),柏瑞投信,境內,ET004005/806,,447.0,1.73,2.85,6.0,11.39,36.52,,,,,,08/18,柏瑞利率對策多重資產基金I不配息美元本基金有相當比重投資於非投資等級之高風險債券
宏利亞洲收益成長多重資產基金-NB月配息(台幣)(本基金有相當比重投資於非投資等級之高風險債券且配息來源可能為本金),宏利投信,境內,ET004005/806,,448.0,0.6,1.34,5.99,18.62,25.09,3.16,,,,,08/18,宏利亞洲收益成長多重資產基金NB月配息台幣本基金有相當比重投資於非投資等級之高風險債券且配息來源可能為本金
宏利亞洲收益成長多重資產基金-B月配息(台幣)(本基金有相當比重投資於非投資等級之高風險債券且配息來源可能為本金),宏利投信,境內,ET004005/806,,449.0,0.73,1.22,5.98,18.44,24.83,1.93,,,,,08/18,宏利亞洲收益成長多重資產基金B月配息台幣本基金有相當比重投資於非投資等級之高風險債券且配息來源可能為本金
柏瑞科技多重資產基金A不配息(人民幣)(本基金有相當比重投資於非投資等級之高風險債券),柏瑞投信,境內,ET004005/806,,450.0,0.87,1.31,5.92,10.67,,,,,,,08/18,柏瑞科技多重資產基金A不配息人民幣本基金有相當比重投資於非投資等級之高風險債券
柏瑞科技多重資產基金N9不配息(人民幣)(本基金有相當比重投資於非投資等級之高風險債券),柏瑞投信,境內,ET004005/806,,451.0,0.87,1.31,5.92,10.67,,,,,,,08/18,柏瑞科技多重資產基金N9不配息人民幣本基金有相當比重投資於非投資等級之高風險債券
柏瑞科技多重資產基金N月配息(人民幣)(本基金有相當比重投資於非投資等級之高風險債券且配息來源可能為本金),柏瑞投信,境內,ET004005/806,,452.0,0.87,1.31,5.92,10.66,,,,,,,08/18,柏瑞科技多重資產基金N月配息人民幣本基金有相當比重投資於非投資等級之高風險債券且配息來源可能為本金
柏瑞科技多重資產基金B月配息(人民幣)(本基金有相當比重投資於非投資等級之高風險債券且配息來源可能為本金),柏瑞投信,境內,ET004005/806,,453.0,0.87,1.31,5.92,10.66,,,,,,,08/18,柏瑞科技多重資產基金B月配息人民幣本基金有相當比重投資於非投資等級之高風險債券且配息來源可能為本金
安聯收益成長多重資產基金-N月配型(人民幣)(本基金有相當比重投資於非投資等級之高風險債券且配息來源可能為本金),安聯投信,境內,ET004005/806,,454.0,0.89,0.49,5.85,9.34,29.87,17.71,,,,,08/18,安聯收益成長多重資產基金N月配型人民幣本基金有相當比重投資於非投資等級之高風險債券且配息來源可能為本金
東方匯理全球多重資產成長收益基金-ND月配型(台幣)(本基金有相當比重投資於非投資等級之高風險債券且配息來源可能為本金),東方匯理投信,境內,ET004005/806,,455.0,1.25,3.44,5.82,,,,,,,,08/18,東方匯理全球多重資產成長收益基金ND月配型台幣本基金有相當比重投資於非投資等級之高風險債券且配息來源可能為本金
東方匯理全球多重資產成長收益基金-AD月配型(台幣)(本基金有相當比重投資於非投資等級之高風險債券且配息來源可能為本金),東方匯理投信,境內,ET004005/806,,456.0,1.25,3.44,5.82,,,,,,,,08/18,東方匯理全球多重資產成長收益基金AD月配型台幣本基金有相當比重投資於非投資等級之高風險債券且配息來源可能為本金
安聯收益成長多重資產基金-B月配型(人民幣)(本基金有相當比重投資於非投資等級之高風險債券且配息來源可能為本金),安聯投信,境內,ET004005/806,,457.0,0.8,0.49,5.79,9.26,29.9,17.61,,,,,08/18,安聯收益成長多重資產基金B月配型人民幣本基金有相當比重投資於非投資等級之高風險債券且配息來源可能為本金
凱基收益成長多重資產基金B配息(美元)(本基金有相當比重投資於非投資等級之高風險債券且配息來源可能為本金),凱基投信,境內,ET004005/806,,458.0,1.95,3.37,5.78,11.85,54.9,45.09,,,,,08/18,凱基收益成長多重資產基金B配息美元本基金有相當比重投資於非投資等級之高風險債券且配息來源可能為本金
安聯收益成長多重資產基金-A累積型(人民幣)(本基金有相當比重投資於非投資等級之高風險債券),安聯投信,境內,ET004005/806,,459.0,0.8,0.46,5.77,9.31,29.87,17.48,,,,,08/18,安聯收益成長多重資產基金A累積型人民幣本基金有相當比重投資於非投資等級之高風險債券
凱基收益成長多重資產基金NB配息(美元)(本基金有相當比重投資於非投資等級之高風險債券且配息來源可能為本金),凱基投信,境內,ET004005/806,,460.0,1.95,3.37,5.73,11.85,54.96,45.01,,,,,08/18,凱基收益成長多重資產基金NB配息美元本基金有相當比重投資於非投資等級之高風險債券且配息來源可能為本金
凱基收益成長多重資產基金A不配息(美元)(本基金有相當比重投資於非投資等級之高風險債券且配息來源可能為本金),凱基投信,境內,ET004005/806,,461.0,1.96,2.65,5.72,11.01,54.8,44.41,,,,,08/18,凱基收益成長多重資產基金A不配息美元本基金有相當比重投資於非投資等級之高風險債券且配息來源可能為本金
凱基收益成長多重資產基金NA不配息(美元)(本基金有相當比重投資於非投資等級之高風險債券且配息來源可能為本金),凱基投信,境內,ET004005/806,,462.0,1.96,2.65,5.72,11.01,54.8,44.41,,,,,08/18,凱基收益成長多重資產基金NA不配息美元本基金有相當比重投資於非投資等級之高風險債券且配息來源可能為本金
玉山全球生態友善ESG多重資產基金-N月配息型(美元)(本基金有相當比重投資於非投資等級之高風險債券且基金之配息來源可能為本金),玉山投信,境內,ET004005/806,,463.0,-0.02,0.11,5.71,19.68,50.08,,,,,,08/18,玉山全球生態友善ESG多重資產基金N月配息型美元本基金有相當比重投資於非投資等級之高風險債券且基金之配息來源可能為本金
玉山全球生態友善ESG多重資產基金-累積型(美元)(本基金有相當比重投資於非投資等級之高風險債券且基金之配息來源可能為本金),玉山投信,境內,ET004005/806,,464.0,-0.02,0.11,5.71,19.68,50.08,,,,,,08/18,玉山全球生態友善ESG多重資產基金累積型美元本基金有相當比重投資於非投資等級之高風險債券且基金之配息來源可能為本金
玉山全球生態友善ESG多重資產基金-月配息型(美元)(本基金有相當比重投資於非投資等級之高風險債券且基金之配息來源可能為本金),玉山投信,境內,ET004005/806,,465.0,-0.02,0.11,5.71,19.68,50.08,,,,,,08/18,玉山全球生態友善ESG多重資產基金月配息型美元本基金有相當比重投資於非投資等級之高風險債券且基金之配息來源可能為本金
玉山全球生態友善ESG多重資產基金-N累積型(美元)(本基金有相當比重投資於非投資等級之高風險債券且基金之配息來源可能為本金),玉山投信,境內,ET004005/806,,466.0,-0.02,0.11,5.71,19.68,50.08,,,,,,08/18,玉山全球生態友善ESG多重資產基金N累積型美元本基金有相當比重投資於非投資等級之高風險債券且基金之配息來源可能為本金
柏瑞利率對策多重資產基金N9不配息(澳幣)(本基金有相當比重投資於非投資等級之高風險債券),柏瑞投信,境內,ET004005/806,,467.0,1.38,2.91,5.69,9.25,28.77,,,,,,08/18,柏瑞利率對策多重資產基金N9不配息澳幣本基金有相當比重投資於非投資等級之高風險債券
柏瑞利率對策多重資產基金A不配息(澳幣)(本基金有相當比重投資於非投資等級之高風險債券),柏瑞投信,境內,ET004005/806,,468.0,1.38,2.91,5.68,9.25,28.77,,,,,,08/18,柏瑞利率對策多重資產基金A不配息澳幣本基金有相當比重投資於非投資等級之高風險債券
柏瑞利率對策多重資產基金B月配息(澳幣)(本基金有相當比重投資於非投資等級之高風險債券且配息來源可能為本金),柏瑞投信,境內,ET004005/806,,469.0,1.38,2.9,5.67,9.24,28.78,,,,,,08/18,柏瑞利率對策多重資產基金B月配息澳幣本基金有相當比重投資於非投資等級之高風險債券且配息來源可能為本金
柏瑞利率對策多重資產基金N月配息(澳幣)(本基金有相當比重投資於非投資等級之高風險債券且配息來源可能為本金),柏瑞投信,境內,ET004005/806,,470.0,1.38,2.9,5.67,9.24,28.78,,,,,,08/18,柏瑞利率對策多重資產基金N月配息澳幣本基金有相當比重投資於非投資等級之高風險債券且配息來源可能為本金
永豐創新醫療多重資產基金-N月配型(南非幣)(本基金有相當比重投資於非投資等級之高風險債券且配息來源可能為本金),永豐投信,境內,ET004005/806,,471.0,2.07,9.08,5.65,-5.53,,,,,,,08/18,永豐創新醫療多重資產基金N月配型南非幣本基金有相當比重投資於非投資等級之高風險債券且配息來源可能為本金
柏瑞利率對策多重資產基金N9不配息(美元)(本基金有相當比重投資於非投資等級之高風險債券),柏瑞投信,境內,ET004005/806,,472.0,1.67,2.66,5.6,10.56,33.48,,,,,,08/18,柏瑞利率對策多重資產基金N9不配息美元本基金有相當比重投資於非投資等級之高風險債券
柏瑞利率對策多重資產基金A不配息(美元)(本基金有相當比重投資於非投資等級之高風險債券),柏瑞投信,境內,ET004005/806,,473.0,1.66,2.65,5.6,10.56,33.49,,,,,,08/18,柏瑞利率對策多重資產基金A不配息美元本基金有相當比重投資於非投資等級之高風險債券
柏瑞利率對策多重資產基金B月配息(美元)(本基金有相當比重投資於非投資等級之高風險債券且配息來源可能為本金),柏瑞投信,境內,ET004005/806,,474.0,1.66,2.65,5.59,10.54,33.48,,,,,,08/18,柏瑞利率對策多重資產基金B月配息美元本基金有相當比重投資於非投資等級之高風險債券且配息來源可能為本金
柏瑞利率對策多重資產基金N月配息(美元)(本基金有相當比重投資於非投資等級之高風險債券且配息來源可能為本金),柏瑞投信,境內,ET004005/806,,475.0,1.66,2.65,5.59,10.54,33.48,,,,,,08/18,柏瑞利率對策多重資產基金N月配息美元本基金有相當比重投資於非投資等級之高風險債券且配息來源可能為本金
施羅德全週期成長多重資產基金-A累積型(美元)(本基金有相當比重投資於非投資等級之高風險債券且基金之配息來源可能為本金),施羅德投信,境內,ET004005/806,,476.0,3.24,3.61,5.59,16.28,51.64,35.86,,,,,08/18,施羅德全週期成長多重資產基金A累積型美元本基金有相當比重投資於非投資等級之高風險債券且基金之配息來源可能為本金
施羅德全週期成長多重資產基金-B月配型(美元)(本基金有相當比重投資於非投資等級之高風險債券且基金之配息來源可能為本金),施羅德投信,境內,ET004005/806,,477.0,3.31,3.68,5.51,16.29,51.57,35.96,,,,,08/18,施羅德全週期成長多重資產基金B月配型美元本基金有相當比重投資於非投資等級之高風險債券且基金之配息來源可能為本金
台新全球多重資產基金NA不配息(美元)(本基金有相當比重投資於非投資等級之高風險債券),台新投信,境內,ET004005/806,,478.0,2.01,1.66,5.51,15.41,34.27,,,,,,08/18,台新全球多重資產基金NA不配息美元本基金有相當比重投資於非投資等級之高風險債券
群益優化收益成長多重資產基金B月配型(美元)(本基金有相當比重投資於非投資等級之高風險債券且基金之配息來源可能為本金),群益投信,境內,ET004005/806,,479.0,-1.21,-3.91,5.47,15.76,,,,,,,08/18,群益優化收益成長多重資產基金B月配型美元本基金有相當比重投資於非投資等級之高風險債券且基金之配息來源可能為本金
群益優化收益成長多重資產基金NB月配型(美元)(本基金有相當比重投資於非投資等級之高風險債券且基金之配息來源可能為本金),群益投信,境內,ET004005/806,,480.0,-1.21,-3.92,5.47,15.76,,,,,,,08/18,群益優化收益成長多重資產基金NB月配型美元本基金有相當比重投資於非投資等級之高風險債券且基金之配息來源可能為本金
永豐創新醫療多重資產基金-N月配型(美元)(本基金有相當比重投資於非投資等級之高風險債券且配息來源可能為本金),永豐投信,境內,ET004005/806,,481.0,3.79,12.48,5.45,10.16,,,,,,,08/18,永豐創新醫療多重資產基金N月配型美元本基金有相當比重投資於非投資等級之高風險債券且配息來源可能為本金
群益優化收益成長多重資產基金A累積型(美元)(本基金有相當比重投資於非投資等級之高風險債券且基金之配息來源可能為本金),群益投信,境內,ET004005/806,,482.0,-1.2,-3.91,5.45,15.74,,,,,,,08/18,群益優化收益成長多重資產基金A累積型美元本基金有相當比重投資於非投資等級之高風險債券且基金之配息來源可能為本金
柏瑞新興動態多重資產基金A不配息(人民幣)(本基金有相當比重投資於非投資等級之高風險債券),柏瑞投信,境內,ET004005/806,,483.0,3.6,1.43,5.44,21.87,44.81,10.26,,,,,08/18,柏瑞新興動態多重資產基金A不配息人民幣本基金有相當比重投資於非投資等級之高風險債券
群益優化收益成長多重資產基金NA累積型(美元)(本基金有相當比重投資於非投資等級之高風險債券且基金之配息來源可能為本金),群益投信,境內,ET004005/806,,484.0,-1.2,-3.92,5.44,15.73,,,,,,,08/18,群益優化收益成長多重資產基金NA累積型美元本基金有相當比重投資於非投資等級之高風險債券且基金之配息來源可能為本金
柏瑞新興動態多重資產基金B月配息(人民幣)(本基金有相當比重投資於非投資等級之高風險債券且配息來源可能為本金),柏瑞投信,境內,ET004005/806,,485.0,3.6,1.43,5.44,21.86,44.83,10.27,,,,,08/18,柏瑞新興動態多重資產基金B月配息人民幣本基金有相當比重投資於非投資等級之高風險債券且配息來源可能為本金
柏瑞新興動態多重資產基金N月配息(人民幣)(本基金有相當比重投資於非投資等級之高風險債券且配息來源可能為本金),柏瑞投信,境內,ET004005/806,,486.0,3.6,1.43,5.44,21.86,44.83,10.27,,,,,08/18,柏瑞新興動態多重資產基金N月配息人民幣本基金有相當比重投資於非投資等級之高風險債券且配息來源可能為本金
台新全球多重資產基金B月配息(美元)(本基金有相當比重投資於非投資等級之高風險債券且配息來源可能為本金),台新投信,境內,ET004005/806,,487.0,2.06,1.71,5.41,15.29,34.15,,,,,,08/18,台新全球多重資產基金B月配息美元本基金有相當比重投資於非投資等級之高風險債券且配息來源可能為本金
野村策略轉機多重資產基金-月配型(台幣)(本基金有相當比重投資於非投資等級之高風險債券且配息來源可能為本金),野村投信,境內,ET004005/806,,488.0,1.5,1.32,5.37,18.94,32.34,,,,,,08/18,野村策略轉機多重資產基金月配型台幣本基金有相當比重投資於非投資等級之高風險債券且配息來源可能為本金
野村策略轉機多重資產基金-累積型(台幣)(本基金有相當比重投資於非投資等級之高風險債券且配息來源可能為本金),野村投信,境內,ET004005/806,,489.0,1.51,1.31,5.36,18.91,32.26,,,,,,08/18,野村策略轉機多重資產基金累積型台幣本基金有相當比重投資於非投資等級之高風險債券且配息來源可能為本金
永豐創新醫療多重資產基金-月配型(美元)(本基金有相當比重投資於非投資等級之高風險債券且配息來源可能為本金),永豐投信,境內,ET004005/806,,490.0,3.67,12.36,5.35,9.98,,,,,,,08/18,永豐創新醫療多重資產基金月配型美元本基金有相當比重投資於非投資等級之高風險債券且配息來源可能為本金
永豐創新醫療多重資產基金-累積型(美元)(本基金有相當比重投資於非投資等級之高風險債券且配息來源可能為本金),永豐投信,境內,ET004005/806,,491.0,3.68,12.34,5.33,9.95,,,,,,,08/18,永豐創新醫療多重資產基金累積型美元本基金有相當比重投資於非投資等級之高風險債券且配息來源可能為本金
永豐創新醫療多重資產基金-N累積型(美元)(本基金有相當比重投資於非投資等級之高風險債券且配息來源可能為本金),永豐投信,境內,ET004005/806,,492.0,3.67,12.34,5.33,9.96,,,,,,,08/18,永豐創新醫療多重資產基金N累積型美元本基金有相當比重投資於非投資等級之高風險債券且配息來源可能為本金
台新全球多重資產基金A不配息(美元)(本基金有相當比重投資於非投資等級之高風險債券),台新投信,境內,ET004005/806,,493.0,2.06,1.71,5.33,15.17,34.03,,,,,,08/18,台新全球多重資產基金A不配息美元本基金有相當比重投資於非投資等級之高風險債券
台新全球多重資產基金NB月配息(美元)(本基金有相當比重投資於非投資等級之高風險債券且配息來源可能為本金),台新投信,境內,ET004005/806,,494.0,2.06,1.71,5.3,15.14,33.86,,,,,,08/18,台新全球多重資產基金NB月配息美元本基金有相當比重投資於非投資等級之高風險債券且配息來源可能為本金
野村策略轉機多重資產基金-月配N類型(台幣)(本基金有相當比重投資於非投資等級之高風險債券且配息來源可能為本金),野村投信,境內,ET004005/806,,495.0,1.54,1.26,5.3,18.69,32.31,,,,,,08/18,野村策略轉機多重資產基金月配N類型台幣本基金有相當比重投資於非投資等級之高風險債券且配息來源可能為本金
野村策略轉機多重資產基金-累積N類型(台幣)(本基金有相當比重投資於非投資等級之高風險債券且配息來源可能為本金),野村投信,境內,ET004005/806,,496.0,1.59,1.21,5.24,18.5,32.14,,,,,,08/18,野村策略轉機多重資產基金累積N類型台幣本基金有相當比重投資於非投資等級之高風險債券且配息來源可能為本金
凱基未來樂活多重資產基金NA不配息(人民幣)(本基金有相當比重投資於非投資等級之高風險債券且配息來源可能為本金),凱基投信,境內,ET004005/806,,497.0,3.0,1.59,5.22,3.01,32.18,,,,,,08/18,凱基未來樂活多重資產基金NA不配息人民幣本基金有相當比重投資於非投資等級之高風險債券且配息來源可能為本金
凱基未來樂活多重資產基金A不配息(人民幣)(本基金有相當比重投資於非投資等級之高風險債券且配息來源可能為本金),凱基投信,境內,ET004005/806,,498.0,3.0,1.59,5.22,11.08,51.74,,,,,,08/18,凱基未來樂活多重資產基金A不配息人民幣本基金有相當比重投資於非投資等級之高風險債券且配息來源可能為本金
凱基未來樂活多重資產基金B配息(人民幣)(本基金有相當比重投資於非投資等級之高風險債券且配息來源可能為本金),凱基投信,境內,ET004005/806,,499.0,2.99,2.45,5.21,11.46,51.74,,,,,,08/18,凱基未來樂活多重資產基金B配息人民幣本基金有相當比重投資於非投資等級之高風險債券且配息來源可能為本金
凱基未來樂活多重資產基金NB配息(人民幣)(本基金有相當比重投資於非投資等級之高風險債券且配息來源可能為本金),凱基投信,境內,ET004005/806,,500.0,2.98,2.45,5.21,11.46,51.73,,,,,,08/18,凱基未來樂活多重資產基金NB配息人民幣本基金有相當比重投資於非投資等級之高風險債券且配息來源可能為本金
野村環球時機多重資產基金-累積型(台幣)(本基金有相當比重投資於非投資等級之高風險債券且配息來源可能為本金),野村投信,境內,ET004005/806,,501.0,0.61,3.44,5.15,18.88,34.71,,,,,,08/18,野村環球時機多重資產基金累積型台幣本基金有相當比重投資於非投資等級之高風險債券且配息來源可能為本金
野村環球時機多重資產基金-累積N類型(台幣)(本基金有相當比重投資於非投資等級之高風險債券且配息來源可能為本金),野村投信,境內,ET004005/806,,502.0,0.6,3.43,5.14,18.76,34.84,,,,,,08/18,野村環球時機多重資產基金累積N類型台幣本基金有相當比重投資於非投資等級之高風險債券且配息來源可能為本金
野村環球時機多重資產基金-月配型(台幣)(本基金有相當比重投資於非投資等級之高風險債券且配息來源可能為本金),野村投信,境內,ET004005/806,,503.0,0.63,3.4,5.1,18.71,34.82,,,,,,08/18,野村環球時機多重資產基金月配型台幣本基金有相當比重投資於非投資等級之高風險債券且配息來源可能為本金
野村環球時機多重資產基金-月配N類型(台幣)(本基金有相當比重投資於非投資等級之高風險債券且配息來源可能為本金),野村投信,境內,ET004005/806,,504.0,0.63,3.4,5.1,18.7,34.85,,,,,,08/18,野村環球時機多重資產基金月配N類型台幣本基金有相當比重投資於非投資等級之高風險債券且配息來源可能為本金
柏瑞趨勢動態多重資產基金N9不配息(人民幣)(本基金有相當比重投資於非投資等級之高風險債券),柏瑞投信,境內,ET004005/806,,505.0,2.17,3.22,5.08,11.16,33.07,,,,,,08/18,柏瑞趨勢動態多重資產基金N9不配息人民幣本基金有相當比重投資於非投資等級之高風險債券
柏瑞趨勢動態多重資產基金A不配息(人民幣)(本基金有相當比重投資於非投資等級之高風險債券),柏瑞投信,境內,ET004005/806,,506.0,2.17,3.22,5.08,11.16,33.07,,,,,,08/18,柏瑞趨勢動態多重資產基金A不配息人民幣本基金有相當比重投資於非投資等級之高風險債券
柏瑞趨勢動態多重資產基金B月配息(人民幣)(本基金有相當比重投資於非投資等級之高風險債券且配息來源可能為本金),柏瑞投信,境內,ET004005/806,,507.0,2.17,3.22,5.08,11.15,33.09,,,,,,08/18,柏瑞趨勢動態多重資產基金B月配息人民幣本基金有相當比重投資於非投資等級之高風險債券且配息來源可能為本金
柏瑞趨勢動態多重資產基金N月配息(人民幣)(本基金有相當比重投資於非投資等級之高風險債券且配息來源可能為本金),柏瑞投信,境內,ET004005/806,,508.0,2.17,3.22,5.08,11.15,33.09,,,,,,08/18,柏瑞趨勢動態多重資產基金N月配息人民幣本基金有相當比重投資於非投資等級之高風險債券且配息來源可能為本金
東方匯理全球多重資產成長收益基金-N2累積型(美元)(本基金有相當比重投資於非投資等級之高風險債券且配息來源可能為本金),東方匯理投信,境內,ET004005/806,,509.0,2.99,2.2,5.02,,,,,,,,08/18,東方匯理全球多重資產成長收益基金N2累積型美元本基金有相當比重投資於非投資等級之高風險債券且配息來源可能為本金
東方匯理全球多重資產成長收益基金-A2累積型(美元)(本基金有相當比重投資於非投資等級之高風險債券且配息來源可能為本金),東方匯理投信,境內,ET004005/806,,510.0,2.99,2.2,5.02,,,,,,,,08/18,東方匯理全球多重資產成長收益基金A2累積型美元本基金有相當比重投資於非投資等級之高風險債券且配息來源可能為本金
合庫核心趨勢多重資產基金-NB配息(美元)(本基金有相當比重投資於非投資等級之高風險債券且配息來源可能為本金),合作金庫投信,境內,ET004005/806,,511.0,0.83,0.47,5.0,16.35,,,,,,,08/18,合庫核心趨勢多重資產基金NB配息美元本基金有相當比重投資於非投資等級之高風險債券且配息來源可能為本金
合庫核心趨勢多重資產基金-A不配息(美元)(本基金有相當比重投資於非投資等級之高風險債券),合作金庫投信,境內,ET004005/806,,512.0,0.75,0.45,4.94,16.43,,,,,,,08/18,合庫核心趨勢多重資產基金A不配息美元本基金有相當比重投資於非投資等級之高風險債券
合庫核心趨勢多重資產基金-B配息(美元)(本基金有相當比重投資於非投資等級之高風險債券且配息來源可能為本金),合作金庫投信,境內,ET004005/806,,513.0,0.83,0.48,4.91,16.3,,,,,,,08/18,合庫核心趨勢多重資產基金B配息美元本基金有相當比重投資於非投資等級之高風險債券且配息來源可能為本金
第一金全球永續影響力投資多重資產基金I類型(台幣)(本基金有一定比重得投資於非投資等級之高風險債券且配息來源可能為本金或收益平準金),第一金投信,境內,ET004005/806,,514.0,-0.14,1.35,4.89,,,,,,,,07/01,第一金全球永續影響力投資多重資產基金I類型台幣本基金有一定比重得投資於非投資等級之高風險債券且配息來源可能為本金或收益平準金
野村策略轉機多重資產基金-累積N類型(美元)(本基金有相當比重投資於非投資等級之高風險債券且配息來源可能為本金),野村投信,境內,ET004005/806,,515.0,2.32,0.72,4.88,14.98,34.19,,,,,,08/18,野村策略轉機多重資產基金累積N類型美元本基金有相當比重投資於非投資等級之高風險債券且配息來源可能為本金
野村策略轉機多重資產基金-累積型(美元)(本基金有相當比重投資於非投資等級之高風險債券且配息來源可能為本金),野村投信,境內,ET004005/806,,516.0,2.32,0.71,4.88,15.0,34.2,,,,,,08/18,野村策略轉機多重資產基金累積型美元本基金有相當比重投資於非投資等級之高風險債券且配息來源可能為本金
野村策略轉機多重資產基金-月配型(美元)(本基金有相當比重投資於非投資等級之高風險債券且配息來源可能為本金),野村投信,境內,ET004005/806,,517.0,2.32,0.71,4.88,15.0,34.24,,,,,,08/18,野村策略轉機多重資產基金月配型美元本基金有相當比重投資於非投資等級之高風險債券且配息來源可能為本金
野村策略轉機多重資產基金-月配N類型(美元)(本基金有相當比重投資於非投資等級之高風險債券且配息來源可能為本金),野村投信,境內,ET004005/806,,518.0,2.32,0.71,4.88,14.99,34.22,,,,,,08/18,野村策略轉機多重資產基金月配N類型美元本基金有相當比重投資於非投資等級之高風險債券且配息來源可能為本金
聯博歐洲多重資產基金AD配息(美元)(本基金得投資於非投資等級之高風險債券且配息來源可能為本金及收益平準金),聯博投信,境內,ET004005/806,,519.0,2.24,4.39,4.84,15.19,47.36,33.7,87.1,,,,08/18,聯博歐洲多重資產基金AD配息美元本基金得投資於非投資等級之高風險債券且配息來源可能為本金及收益平準金
宏利亞洲收益成長多重資產基金-NB月配息(人民幣避險)(本基金有相當比重投資於非投資等級之高風險債券且配息來源可能為本金),宏利投信,境內,ET004005/806,,520.0,0.94,0.48,4.82,13.81,22.84,-1.93,,,,,08/18,宏利亞洲收益成長多重資產基金NB月配息人民幣避險本基金有相當比重投資於非投資等級之高風險債券且配息來源可能為本金
宏利亞洲收益成長多重資產基金-NA不配息(人民幣避險)(本基金有相當比重投資於非投資等級之高風險債券),宏利投信,境內,ET004005/806,,521.0,0.95,0.51,4.81,14.17,23.28,-1.25,,,,,08/18,宏利亞洲收益成長多重資產基金NA不配息人民幣避險本基金有相當比重投資於非投資等級之高風險債券
宏利亞洲收益成長多重資產基金-B月配息(人民幣避險)(本基金有相當比重投資於非投資等級之高風險債券且配息來源可能為本金),宏利投信,境內,ET004005/806,,522.0,0.93,0.48,4.81,14.12,23.6,-1.22,,,,,08/18,宏利亞洲收益成長多重資產基金B月配息人民幣避險本基金有相當比重投資於非投資等級之高風險債券且配息來源可能為本金
聯博歐洲多重資產基金AI配息(美元)(本基金得投資於非投資等級之高風險債券且配息來源可能為本金及收益平準金),聯博投信,境內,ET004005/806,,523.0,2.26,4.42,4.76,15.25,46.22,32.29,,,,,08/18,聯博歐洲多重資產基金AI配息美元本基金得投資於非投資等級之高風險債券且配息來源可能為本金及收益平準金
中國信託ESG金融收益多重資產基金-A累積型(台幣)(本基金有相當比重投資於非投資等級之高風險債券且本基金之配息來源可能為本金),中國信託投信,境內,ET004005/806,,524.0,0.26,5.15,4.7,9.34,19.56,,,,,,08/18,中國信託ESG金融收益多重資產基金A累積型台幣本基金有相當比重投資於非投資等級之高風險債券且本基金之配息來源可能為本金
中國信託ESG金融收益多重資產基金-B分配型(台幣)(本基金有相當比重投資於非投資等級之高風險債券且本基金之配息來源可能為本金),中國信託投信,境內,ET004005/806,,525.0,0.26,5.15,4.69,9.33,19.55,,,,,,08/18,中國信託ESG金融收益多重資產基金B分配型台幣本基金有相當比重投資於非投資等級之高風險債券且本基金之配息來源可能為本金
中國信託ESG金融收益多重資產基金-NB分配型(台幣)(本基金有相當比重投資於非投資等級之高風險債券且本基金之配息來源可能為本金),中國信託投信,境內,ET004005/806,,526.0,0.26,5.15,4.69,9.33,19.55,,,,,,08/18,中國信託ESG金融收益多重資產基金NB分配型台幣本基金有相當比重投資於非投資等級之高風險債券且本基金之配息來源可能為本金
瀚亞2031目標日期收益成長多重資產基金B配息(美元)(本基金配息來源可能為本金),瀚亞投信,境內,ET004005/806,,527.0,0.22,1.63,4.65,7.98,31.78,16.59,,,,,08/18,瀚亞2031目標日期收益成長多重資產基金B配息美元本基金配息來源可能為本金
瀚亞2031目標日期收益成長多重資產基金A不配息(美元),瀚亞投信,境內,ET004005/806,,528.0,0.22,1.63,4.65,7.98,31.77,16.58,,,,,08/18,瀚亞2031目標日期收益成長多重資產基金A不配息美元
宏利亞洲收益成長多重資產基金-A不配息(人民幣避險)(本基金有相當比重投資於非投資等級之高風險債券),宏利投信,境內,ET004005/806,,529.0,0.94,0.34,4.64,13.94,23.12,-2.45,,,,,08/18,宏利亞洲收益成長多重資產基金A不配息人民幣避險本基金有相當比重投資於非投資等級之高風險債券
東方匯理全球多重資產成長收益基金-ND月配型(美元)(本基金有相當比重投資於非投資等級之高風險債券且配息來源可能為本金),東方匯理投信,境內,ET004005/806,,530.0,2.41,2.18,4.46,,,,,,,,08/18,東方匯理全球多重資產成長收益基金ND月配型美元本基金有相當比重投資於非投資等級之高風險債券且配息來源可能為本金
東方匯理全球多重資產成長收益基金-AD月配型(美元)(本基金有相當比重投資於非投資等級之高風險債券且配息來源可能為本金),東方匯理投信,境內,ET004005/806,,531.0,2.41,2.18,4.46,,,,,,,,08/18,東方匯理全球多重資產成長收益基金AD月配型美元本基金有相當比重投資於非投資等級之高風險債券且配息來源可能為本金
宏利數位基礎設施多重資產基金-NB月配息(日圓)(本基金有相當比重投資於非投資等級之高風險債券且配息來源可能為本金),宏利投信,境內,ET004005/806,,532.0,-1.78,0.43,4.17,12.23,,,,,,,08/18,宏利數位基礎設施多重資產基金NB月配息日圓本基金有相當比重投資於非投資等級之高風險債券且配息來源可能為本金
宏利數位基礎設施多重資產基金-B月配息(日圓)(本基金有相當比重投資於非投資等級之高風險債券且配息來源可能為本金),宏利投信,境內,ET004005/806,,533.0,-1.78,0.42,4.16,12.21,,,,,,,08/18,宏利數位基礎設施多重資產基金B月配息日圓本基金有相當比重投資於非投資等級之高風險債券且配息來源可能為本金
野村環球時機多重資產基金-累積N類型(美元)(本基金有相當比重投資於非投資等級之高風險債券且配息來源可能為本金),野村投信,境內,ET004005/806,,534.0,1.57,2.48,4.14,13.83,38.32,,,,,,08/18,野村環球時機多重資產基金累積N類型美元本基金有相當比重投資於非投資等級之高風險債券且配息來源可能為本金
野村環球時機多重資產基金-累積型(美元)(本基金有相當比重投資於非投資等級之高風險債券且配息來源可能為本金),野村投信,境內,ET004005/806,,535.0,1.57,2.48,4.14,13.74,37.75,,,,,,08/18,野村環球時機多重資產基金累積型美元本基金有相當比重投資於非投資等級之高風險債券且配息來源可能為本金
野村環球時機多重資產基金-月配N類型(美元)(本基金有相當比重投資於非投資等級之高風險債券且配息來源可能為本金),野村投信,境內,ET004005/806,,536.0,1.57,2.47,4.13,13.73,37.82,,,,,,08/18,野村環球時機多重資產基金月配N類型美元本基金有相當比重投資於非投資等級之高風險債券且配息來源可能為本金
野村環球時機多重資產基金-月配型(美元)(本基金有相當比重投資於非投資等級之高風險債券且配息來源可能為本金),野村投信,境內,ET004005/806,,537.0,1.57,2.47,4.13,13.73,37.81,,,,,,08/18,野村環球時機多重資產基金月配型美元本基金有相當比重投資於非投資等級之高風險債券且配息來源可能為本金
柏瑞利率對策多重資產基金N9不配息(人民幣)(本基金有相當比重投資於非投資等級之高風險債券),柏瑞投信,境內,ET004005/806,,538.0,1.4,2.0,4.11,7.1,23.27,,,,,,08/18,柏瑞利率對策多重資產基金N9不配息人民幣本基金有相當比重投資於非投資等級之高風險債券
柏瑞利率對策多重資產基金A不配息(人民幣)(本基金有相當比重投資於非投資等級之高風險債券),柏瑞投信,境內,ET004005/806,,539.0,1.4,2.0,4.11,7.1,23.27,,,,,,08/18,柏瑞利率對策多重資產基金A不配息人民幣本基金有相當比重投資於非投資等級之高風險債券
柏瑞利率對策多重資產基金N月配息(人民幣)(本基金有相當比重投資於非投資等級之高風險債券且配息來源可能為本金),柏瑞投信,境內,ET004005/806,,540.0,1.4,2.0,4.11,7.1,23.28,,,,,,08/18,柏瑞利率對策多重資產基金N月配息人民幣本基金有相當比重投資於非投資等級之高風險債券且配息來源可能為本金
柏瑞利率對策多重資產基金B月配息(人民幣)(本基金有相當比重投資於非投資等級之高風險債券且配息來源可能為本金),柏瑞投信,境內,ET004005/806,,541.0,1.4,2.0,4.11,7.1,23.28,,,,,,08/18,柏瑞利率對策多重資產基金B月配息人民幣本基金有相當比重投資於非投資等級之高風險債券且配息來源可能為本金
第一金全球永續影響力投資多重資產基金A不配息(台幣)(本基金有一定比重得投資於非投資等級之高風險債券且配息來源可能為本金或收益平準金),第一金投信,境內,ET004005/806,,542.0,2.4,2.17,4.07,9.36,,,,,,,08/18,第一金全球永續影響力投資多重資產基金A不配息台幣本基金有一定比重得投資於非投資等級之高風險債券且配息來源可能為本金或收益平準金
第一金全球永續影響力投資多重資產基金B配息(台幣)(本基金有一定比重得投資於非投資等級之高風險債券且配息來源可能為本金或收益平準金),第一金投信,境內,ET004005/806,,543.0,2.4,2.17,4.07,9.36,,,,,,,08/18,第一金全球永續影響力投資多重資產基金B配息台幣本基金有一定比重得投資於非投資等級之高風險債券且配息來源可能為本金或收益平準金
宏利亞洲收益成長多重資產基金-NA不配息(南非幣避險)(本基金有相當比重投資於非投資等級之高風險債券),宏利投信,境內,ET004005/806,,544.0,1.32,1.57,4.06,14.42,36.92,17.41,,,,,08/18,宏利亞洲收益成長多重資產基金NA不配息南非幣避險本基金有相當比重投資於非投資等級之高風險債券
東方匯理實質收息多重資產基金-A2累積型(台幣)(本基金之配息來源可能為本金),東方匯理投信,境內,ET004005/806,,545.0,1.69,3.15,4.04,29.33,34.77,48.2,,,,,08/18,東方匯理實質收息多重資產基金A2累積型台幣本基金之配息來源可能為本金
東方匯理實質收息多重資產基金-N2累積型(台幣)(本基金之配息來源可能為本金),東方匯理投信,境內,ET004005/806,,546.0,1.69,3.15,4.04,29.33,34.77,48.2,,,,,08/18,東方匯理實質收息多重資產基金N2累積型台幣本基金之配息來源可能為本金
柏瑞ESG量化多重資產基金N月配息(南非幣)(本基金有相當比重投資於非投資等級之高風險債券且配息來源可能為本金),柏瑞投信,境內,ET004005/806,,547.0,1.63,3.24,3.8,9.07,38.72,35.22,,,,,08/18,柏瑞ESG量化多重資產基金N月配息南非幣本基金有相當比重投資於非投資等級之高風險債券且配息來源可能為本金
柏瑞ESG量化多重資產基金B月配息(南非幣)(本基金有相當比重投資於非投資等級之高風險債券且配息來源可能為本金),柏瑞投信,境內,ET004005/806,,548.0,1.63,3.24,3.79,9.07,38.73,35.22,,,,,08/18,柏瑞ESG量化多重資產基金B月配息南非幣本基金有相當比重投資於非投資等級之高風險債券且配息來源可能為本金
凱基收益成長多重資產基金A不配息(人民幣)(本基金有相當比重投資於非投資等級之高風險債券且配息來源可能為本金),凱基投信,境內,ET004005/806,,549.0,1.61,1.91,3.72,5.77,43.16,39.68,,,,,08/18,凱基收益成長多重資產基金A不配息人民幣本基金有相當比重投資於非投資等級之高風險債券且配息來源可能為本金
凱基收益成長多重資產基金NA不配息(人民幣)(本基金有相當比重投資於非投資等級之高風險債券且配息來源可能為本金),凱基投信,境內,ET004005/806,,550.0,1.61,1.91,3.72,5.77,43.21,39.71,,,,,08/18,凱基收益成長多重資產基金NA不配息人民幣本基金有相當比重投資於非投資等級之高風險債券且配息來源可能為本金
凱基收益成長多重資產基金B配息(人民幣)(本基金有相當比重投資於非投資等級之高風險債券且配息來源可能為本金),凱基投信,境內,ET004005/806,,551.0,1.6,2.71,3.72,6.6,43.16,39.83,,,,,08/18,凱基收益成長多重資產基金B配息人民幣本基金有相當比重投資於非投資等級之高風險債券且配息來源可能為本金
凱基收益成長多重資產基金NB配息(人民幣)(本基金有相當比重投資於非投資等級之高風險債券且配息來源可能為本金),凱基投信,境內,ET004005/806,,552.0,1.6,2.71,3.71,6.59,43.16,39.82,,,,,08/18,凱基收益成長多重資產基金NB配息人民幣本基金有相當比重投資於非投資等級之高風險債券且配息來源可能為本金
聯博美國多重資產收益基金AI配息(美元)(本基金得投資於非投資等級之高風險債券且配息來源可能為本金),聯博投信,境內,ET004005/806,,553.0,1.55,1.16,3.66,6.32,39.87,24.41,,,,,08/18,聯博美國多重資產收益基金AI配息美元本基金得投資於非投資等級之高風險債券且配息來源可能為本金
聯博美國多重資產收益基金N配息(美元)(本基金得投資於非投資等級之高風險債券且配息來源可能為本金),聯博投信,境內,ET004005/806,,554.0,1.55,1.16,3.66,6.31,39.87,24.41,,,,,08/18,聯博美國多重資產收益基金N配息美元本基金得投資於非投資等級之高風險債券且配息來源可能為本金
聯博美國多重資產收益基金AD配息(台幣)(本基金得投資於非投資等級之高風險債券且配息來源可能為本金),聯博投信,境內,ET004005/806,,555.0,0.93,1.44,3.65,7.58,32.06,21.54,,,,,08/18,聯博美國多重資產收益基金AD配息台幣本基金得投資於非投資等級之高風險債券且配息來源可能為本金
聯博美國多重資產收益基金A2不配息(美元)(本基金得投資於非投資等級之高風險債券且配息來源可能為本金),聯博投信,境內,ET004005/806,,556.0,1.56,1.2,3.65,6.38,39.85,24.41,,,,,08/18,聯博美國多重資產收益基金A2不配息美元本基金得投資於非投資等級之高風險債券且配息來源可能為本金
聯博美國多重資產收益基金AD配息(美元)(本基金得投資於非投資等級之高風險債券且配息來源可能為本金),聯博投信,境內,ET004005/806,,557.0,1.53,1.15,3.62,6.35,39.75,24.38,,,,,08/18,聯博美國多重資產收益基金AD配息美元本基金得投資於非投資等級之高風險債券且配息來源可能為本金
聯博美國多重資產收益基金A2不配息(台幣)(本基金得投資於非投資等級之高風險債券且配息來源可能為本金),聯博投信,境內,ET004005/806,,558.0,0.94,1.49,3.61,7.58,32.0,21.56,,,,,08/18,聯博美國多重資產收益基金A2不配息台幣本基金得投資於非投資等級之高風險債券且配息來源可能為本金
聯博歐洲多重資產基金A2不配息(歐元)(本基金得投資於非投資等級之高風險債券且配息來源可能為本金及收益平準金),聯博投信,境內,ET004005/806,,559.0,2.01,3.88,3.61,12.67,38.09,18.88,,,,,08/18,聯博歐洲多重資產基金A2不配息歐元本基金得投資於非投資等級之高風險債券且配息來源可能為本金及收益平準金
聯博美國多重資產收益基金AI配息(台幣)(本基金得投資於非投資等級之高風險債券且配息來源可能為本金),聯博投信,境內,ET004005/806,,560.0,0.9,1.45,3.6,7.54,31.99,21.56,,,,,08/18,聯博美國多重資產收益基金AI配息台幣本基金得投資於非投資等級之高風險債券且配息來源可能為本金
聯博美國多重資產收益基金N配息(台幣)(本基金得投資於非投資等級之高風險債券且配息來源可能為本金),聯博投信,境內,ET004005/806,,561.0,1.03,1.45,3.6,7.54,31.99,21.57,,,,,08/18,聯博美國多重資產收益基金N配息台幣本基金得投資於非投資等級之高風險債券且配息來源可能為本金
永豐創新醫療多重資產基金-N月配型(人民幣)(本基金有相當比重投資於非投資等級之高風險債券且配息來源可能為本金),永豐投信,境內,ET004005/806,,562.0,3.37,11.59,3.59,5.27,,,,,,,08/18,永豐創新醫療多重資產基金N月配型人民幣本基金有相當比重投資於非投資等級之高風險債券且配息來源可能為本金
永豐創新醫療多重資產基金-N累積型(人民幣)(本基金有相當比重投資於非投資等級之高風險債券且配息來源可能為本金),永豐投信,境內,ET004005/806,,563.0,3.33,11.54,3.54,5.36,,,,,,,08/18,永豐創新醫療多重資產基金N累積型人民幣本基金有相當比重投資於非投資等級之高風險債券且配息來源可能為本金
永豐創新醫療多重資產基金-月配型(人民幣)(本基金有相當比重投資於非投資等級之高風險債券且配息來源可能為本金),永豐投信,境內,ET004005/806,,564.0,3.33,11.54,3.54,5.41,,,,,,,08/18,永豐創新醫療多重資產基金月配型人民幣本基金有相當比重投資於非投資等級之高風險債券且配息來源可能為本金
永豐創新醫療多重資產基金-累積型(人民幣)(本基金有相當比重投資於非投資等級之高風險債券且配息來源可能為本金),永豐投信,境內,ET004005/806,,565.0,3.33,11.54,3.53,5.41,,,,,,,08/18,永豐創新醫療多重資產基金累積型人民幣本基金有相當比重投資於非投資等級之高風險債券且配息來源可能為本金
野村策略轉機多重資產基金-月配N類型(人民幣)(本基金有相當比重投資於非投資等級之高風險債券且配息來源可能為本金),野村投信,境內,ET004005/806,,566.0,2.02,0.02,3.51,11.57,22.9,,,,,,08/18,野村策略轉機多重資產基金月配N類型人民幣本基金有相當比重投資於非投資等級之高風險債券且配息來源可能為本金
野村策略轉機多重資產基金-月配型(人民幣)(本基金有相當比重投資於非投資等級之高風險債券且配息來源可能為本金),野村投信,境內,ET004005/806,,567.0,2.02,0.01,3.48,11.49,22.79,,,,,,08/18,野村策略轉機多重資產基金月配型人民幣本基金有相當比重投資於非投資等級之高風險債券且配息來源可能為本金
東方匯理實質收息多重資產基金-AD月配型(台幣)(本基金之配息來源可能為本金),東方匯理投信,境內,ET004005/806,,568.0,1.12,2.98,3.4,28.51,33.86,47.39,,,,,08/18,東方匯理實質收息多重資產基金AD月配型台幣本基金之配息來源可能為本金
東方匯理實質收息多重資產基金-ND月配型(台幣)(本基金之配息來源可能為本金),東方匯理投信,境內,ET004005/806,,569.0,1.13,2.98,3.4,28.54,33.87,47.24,,,,,08/18,東方匯理實質收息多重資產基金ND月配型台幣本基金之配息來源可能為本金
東方匯理實質收息多重資產基金-N2累積型(南非幣避險)(本基金之配息來源可能為本金),東方匯理投信,境內,ET004005/806,,570.0,2.97,2.3,3.36,23.24,42.68,44.73,,,,,08/18,東方匯理實質收息多重資產基金N2累積型南非幣避險本基金之配息來源可能為本金
柏瑞ESG量化多重資產基金I不配息(台幣)(本基金有相當比重投資於非投資等級之高風險債券),柏瑞投信,境內,ET004005/806,,571.0,0.63,3.68,3.36,12.88,33.3,,,,,,08/18,柏瑞ESG量化多重資產基金I不配息台幣本基金有相當比重投資於非投資等級之高風險債券
東方匯理實質收息多重資產基金-A2累積型(澳幣避險)(本基金之配息來源可能為本金),東方匯理投信,境內,ET004005/806,,572.0,2.73,1.72,3.33,22.24,31.43,20.93,,,,,08/18,東方匯理實質收息多重資產基金A2累積型澳幣避險本基金之配息來源可能為本金
聯博歐洲多重資產基金AD配息(人民幣)(本基金得投資於非投資等級之高風險債券且配息來源可能為本金及收益平準金),聯博投信,境內,ET004005/806,,573.0,1.94,3.63,3.25,12.11,35.0,20.91,80.83,,,,08/18,聯博歐洲多重資產基金AD配息人民幣本基金得投資於非投資等級之高風險債券且配息來源可能為本金及收益平準金
瀚亞2031目標日期收益成長多重資產基金B配息(人民幣)(本基金配息來源可能為本金),瀚亞投信,境內,ET004005/806,,574.0,-0.04,0.99,3.25,5.11,21.9,8.6,,,,,08/18,瀚亞2031目標日期收益成長多重資產基金B配息人民幣本基金配息來源可能為本金
瀚亞2031目標日期收益成長多重資產基金A不配息(人民幣),瀚亞投信,境內,ET004005/806,,575.0,-0.04,0.99,3.25,5.11,21.9,8.66,,,,,08/18,瀚亞2031目標日期收益成長多重資產基金A不配息人民幣
玉山全球生態友善ESG多重資產基金-累積型(人民幣)(本基金有相當比重投資於非投資等級之高風險債券且基金之配息來源可能為本金),玉山投信,境內,ET004005/806,,576.0,-0.47,-0.68,3.18,12.36,37.85,,,,,,08/18,玉山全球生態友善ESG多重資產基金累積型人民幣本基金有相當比重投資於非投資等級之高風險債券且基金之配息來源可能為本金
玉山全球生態友善ESG多重資產基金-月配息型(人民幣)(本基金有相當比重投資於非投資等級之高風險債券且基金之配息來源可能為本金),玉山投信,境內,ET004005/806,,577.0,-0.47,-0.68,3.17,12.36,37.85,,,,,,08/18,玉山全球生態友善ESG多重資產基金月配息型人民幣本基金有相當比重投資於非投資等級之高風險債券且基金之配息來源可能為本金
中國信託ESG金融收益多重資產基金-NB分配型(美元)(本基金有相當比重投資於非投資等級之高風險債券且本基金之配息來源可能為本金),中國信託投信,境內,ET004005/806,,578.0,1.34,3.83,3.16,2.94,19.78,,,,,,08/18,中國信託ESG金融收益多重資產基金NB分配型美元本基金有相當比重投資於非投資等級之高風險債券且本基金之配息來源可能為本金
中國信託ESG金融收益多重資產基金-A累積型(美元)(本基金有相當比重投資於非投資等級之高風險債券且本基金之配息來源可能為本金),中國信託投信,境內,ET004005/806,,579.0,1.33,3.84,3.16,2.95,19.78,,,,,,08/18,中國信託ESG金融收益多重資產基金A累積型美元本基金有相當比重投資於非投資等級之高風險債券且本基金之配息來源可能為本金
中國信託ESG金融收益多重資產基金-B分配型(美元)(本基金有相當比重投資於非投資等級之高風險債券且本基金之配息來源可能為本金),中國信託投信,境內,ET004005/806,,580.0,1.33,3.83,3.16,2.94,19.78,,,,,,08/18,中國信託ESG金融收益多重資產基金B分配型美元本基金有相當比重投資於非投資等級之高風險債券且本基金之配息來源可能為本金
施羅德全週期成長多重資產基金-B月配型(人民幣)(本基金有相當比重投資於非投資等級之高風險債券且基金之配息來源可能為本金),施羅德投信,境內,ET004005/806,,581.0,2.67,2.69,3.14,8.03,,,,,,,08/18,施羅德全週期成長多重資產基金B月配型人民幣本基金有相當比重投資於非投資等級之高風險債券且基金之配息來源可能為本金
柏瑞日本多重資產基金N9不配息(日圓),柏瑞投信,境內,ET004005/806,,582.0,1.76,1.72,3.09,,,,,,,,08/18,柏瑞日本多重資產基金N9不配息日圓
柏瑞日本多重資產基金A不配息(日圓),柏瑞投信,境內,ET004005/806,,583.0,1.76,1.72,3.09,,,,,,,,08/18,柏瑞日本多重資產基金A不配息日圓
東方匯理全球多重資產成長收益基金-N2累積型(日圓避險)(本基金有相當比重投資於非投資等級之高風險債券且配息來源可能為本金),東方匯理投信,境內,ET004005/806,,584.0,2.67,1.27,3.08,,,,,,,,08/18,東方匯理全球多重資產成長收益基金N2累積型日圓避險本基金有相當比重投資於非投資等級之高風險債券且配息來源可能為本金
柏瑞日本多重資產基金B月配息(日圓)(本基金配息來源可能為本金),柏瑞投信,境內,ET004005/806,,585.0,1.74,1.7,3.06,,,,,,,,08/18,柏瑞日本多重資產基金B月配息日圓本基金配息來源可能為本金
柏瑞日本多重資產基金N月配息(日圓)(本基金配息來源可能為本金),柏瑞投信,境內,ET004005/806,,586.0,1.74,1.7,3.06,,,,,,,,08/18,柏瑞日本多重資產基金N月配息日圓本基金配息來源可能為本金
柏瑞ESG量化多重資產基金N9不配息(台幣)(本基金有相當比重投資於非投資等級之高風險債券),柏瑞投信,境內,ET004005/806,,587.0,0.58,3.52,3.04,12.2,30.91,24.92,,,,,08/18,柏瑞ESG量化多重資產基金N9不配息台幣本基金有相當比重投資於非投資等級之高風險債券
柏瑞ESG量化多重資產基金A不配息(台幣)(本基金有相當比重投資於非投資等級之高風險債券),柏瑞投信,境內,ET004005/806,,588.0,0.58,3.53,3.04,12.2,30.91,24.91,,,,,08/18,柏瑞ESG量化多重資產基金A不配息台幣本基金有相當比重投資於非投資等級之高風險債券
柏瑞ESG量化多重資產基金N月配息(台幣)(本基金有相當比重投資於非投資等級之高風險債券且配息來源可能為本金),柏瑞投信,境內,ET004005/806,,589.0,0.58,3.53,3.04,12.2,30.91,24.92,,,,,08/18,柏瑞ESG量化多重資產基金N月配息台幣本基金有相當比重投資於非投資等級之高風險債券且配息來源可能為本金
柏瑞ESG量化多重資產基金B月配息(台幣)(本基金有相當比重投資於非投資等級之高風險債券且配息來源可能為本金),柏瑞投信,境內,ET004005/806,,590.0,0.58,3.52,3.04,12.2,30.91,24.92,,,,,08/18,柏瑞ESG量化多重資產基金B月配息台幣本基金有相當比重投資於非投資等級之高風險債券且配息來源可能為本金
凱基實質收息多重資產基金NB配息(南非幣)(基金之配息來源可能為本金且並無保證收益及配息),凱基投信,境內,ET004005/806,,591.0,-0.74,0.79,2.99,14.93,42.63,,,,,,08/18,凱基實質收息多重資產基金NB配息南非幣基金之配息來源可能為本金且並無保證收益及配息
凱基實質收息多重資產基金A不配息(南非幣)(基金之配息來源可能為本金且並無保證收益及配息),凱基投信,境內,ET004005/806,,592.0,-0.74,0.27,2.98,14.27,42.52,,,,,,08/18,凱基實質收息多重資產基金A不配息南非幣基金之配息來源可能為本金且並無保證收益及配息
凱基實質收息多重資產基金B配息(南非幣)(基金之配息來源可能為本金且並無保證收益及配息),凱基投信,境內,ET004005/806,,593.0,-0.74,0.79,2.96,14.9,42.6,,,,,,08/18,凱基實質收息多重資產基金B配息南非幣基金之配息來源可能為本金且並無保證收益及配息
第一金全球永續影響力投資多重資產基金B配息(美元)(本基金有一定比重得投資於非投資等級之高風險債券且配息來源可能為本金或收益平準金),第一金投信,境內,ET004005/806,,594.0,3.42,1.05,2.88,4.35,,,,,,,08/18,第一金全球永續影響力投資多重資產基金B配息美元本基金有一定比重得投資於非投資等級之高風險債券且配息來源可能為本金或收益平準金
第一金全球永續影響力投資多重資產基金A不配息(美元)(本基金有一定比重得投資於非投資等級之高風險債券且配息來源可能為本金或收益平準金),第一金投信,境內,ET004005/806,,595.0,3.42,1.05,2.87,4.36,,,,,,,08/18,第一金全球永續影響力投資多重資產基金A不配息美元本基金有一定比重得投資於非投資等級之高風險債券且配息來源可能為本金或收益平準金
聯博歐洲多重資產基金AI配息(台幣)(本基金得投資於非投資等級之高風險債券且配息來源可能為本金及收益平準金),聯博投信,境內,ET004005/806,,596.0,2.14,4.26,2.86,16.0,40.15,25.42,,,,,08/18,聯博歐洲多重資產基金AI配息台幣本基金得投資於非投資等級之高風險債券且配息來源可能為本金及收益平準金
聯博歐洲多重資產基金A2不配息(台幣)(本基金得投資於非投資等級之高風險債券且配息來源可能為本金及收益平準金),聯博投信,境內,ET004005/806,,597.0,2.12,4.33,2.82,15.99,40.21,25.5,53.18,,,,08/18,聯博歐洲多重資產基金A2不配息台幣本基金得投資於非投資等級之高風險債券且配息來源可能為本金及收益平準金
聯博歐洲多重資產基金AD配息(台幣)(本基金得投資於非投資等級之高風險債券且配息來源可能為本金及收益平準金),聯博投信,境內,ET004005/806,,598.0,2.17,4.35,2.8,16.0,40.35,25.57,53.27,,,,08/18,聯博歐洲多重資產基金AD配息台幣本基金得投資於非投資等級之高風險債券且配息來源可能為本金及收益平準金
東方匯理實質收息多重資產基金-AD月配型(南非幣避險)(本基金之配息來源可能為本金),東方匯理投信,境內,ET004005/806,,599.0,2.17,2.21,2.79,22.45,41.72,42.52,,,,,08/18,東方匯理實質收息多重資產基金AD月配型南非幣避險本基金之配息來源可能為本金
東方匯理全球多重資產成長收益基金-AD月配型(日圓避險)(本基金有相當比重投資於非投資等級之高風險債券且配息來源可能為本金),東方匯理投信,境內,ET004005/806,,600.0,2.14,1.17,2.77,,,,,,,,08/18,東方匯理全球多重資產成長收益基金AD月配型日圓避險本基金有相當比重投資於非投資等級之高風險債券且配息來源可能為本金
東方匯理全球多重資產成長收益基金-A2累積型(日圓避險)(本基金有相當比重投資於非投資等級之高風險債券且配息來源可能為本金),東方匯理投信,境內,ET004005/806,,601.0,2.58,1.18,2.68,,,,,,,,08/18,東方匯理全球多重資產成長收益基金A2累積型日圓避險本基金有相當比重投資於非投資等級之高風險債券且配息來源可能為本金
柏瑞日本多重資產基金IH不配息(美元),柏瑞投信,境內,ET004005/806,,602.0,2.74,2.16,2.62,,,,,,,,08/18,柏瑞日本多重資產基金IH不配息美元
東方匯理實質收息多重資產基金-A2累積型(美元)(本基金之配息來源可能為本金),東方匯理投信,境內,ET004005/806,,603.0,2.84,1.85,2.61,21.68,34.67,29.23,,,,,08/18,東方匯理實質收息多重資產基金A2累積型美元本基金之配息來源可能為本金
東方匯理實質收息多重資產基金-N2累積型(美元)(本基金之配息來源可能為本金),東方匯理投信,境內,ET004005/806,,604.0,2.77,1.85,2.61,21.68,34.67,29.23,,,,,08/18,東方匯理實質收息多重資產基金N2累積型美元本基金之配息來源可能為本金
東方匯理實質收息多重資產基金-ND月配型(南非幣避險)(本基金之配息來源可能為本金),東方匯理投信,境內,ET004005/806,,605.0,2.14,2.31,2.61,22.44,41.48,43.76,,,,,08/18,東方匯理實質收息多重資產基金ND月配型南非幣避險本基金之配息來源可能為本金
東方匯理全球多重資產成長收益基金-ND月配型(日圓避險)(本基金有相當比重投資於非投資等級之高風險債券且配息來源可能為本金),東方匯理投信,境內,ET004005/806,,606.0,2.24,1.27,2.57,,,,,,,,08/18,東方匯理全球多重資產成長收益基金ND月配型日圓避險本基金有相當比重投資於非投資等級之高風險債券且配息來源可能為本金
柏瑞ESG量化多重資產基金A不配息(澳幣)(本基金有相當比重投資於非投資等級之高風險債券),柏瑞投信,境內,ET004005/806,,607.0,1.26,3.08,2.53,7.38,30.95,16.15,,,,,08/18,柏瑞ESG量化多重資產基金A不配息澳幣本基金有相當比重投資於非投資等級之高風險債券
柏瑞ESG量化多重資產基金N9不配息(澳幣)(本基金有相當比重投資於非投資等級之高風險債券),柏瑞投信,境內,ET004005/806,,608.0,1.26,3.08,2.53,7.37,30.94,16.14,,,,,08/18,柏瑞ESG量化多重資產基金N9不配息澳幣本基金有相當比重投資於非投資等級之高風險債券
柏瑞ESG量化多重資產基金N月配息(澳幣)(本基金有相當比重投資於非投資等級之高風險債券且配息來源可能為本金),柏瑞投信,境內,ET004005/806,,609.0,1.26,3.07,2.51,7.35,30.97,16.15,,,,,08/18,柏瑞ESG量化多重資產基金N月配息澳幣本基金有相當比重投資於非投資等級之高風險債券且配息來源可能為本金
柏瑞ESG量化多重資產基金B月配息(澳幣)(本基金有相當比重投資於非投資等級之高風險債券且配息來源可能為本金),柏瑞投信,境內,ET004005/806,,610.0,1.26,3.07,2.51,7.35,30.97,16.14,,,,,08/18,柏瑞ESG量化多重資產基金B月配息澳幣本基金有相當比重投資於非投資等級之高風險債券且配息來源可能為本金
東方匯理實質收息多重資產基金-N2累積型(澳幣避險)(本基金之配息來源可能為本金),東方匯理投信,境內,ET004005/806,,611.0,2.75,1.82,2.49,20.74,29.49,19.92,,,,,08/18,東方匯理實質收息多重資產基金N2累積型澳幣避險本基金之配息來源可能為本金
柏瑞ESG量化多重資產基金A不配息(美元)(本基金有相當比重投資於非投資等級之高風險債券),柏瑞投信,境內,ET004005/806,,612.0,1.42,2.74,2.35,8.06,34.12,18.87,,,,,08/18,柏瑞ESG量化多重資產基金A不配息美元本基金有相當比重投資於非投資等級之高風險債券
柏瑞ESG量化多重資產基金N9不配息(美元)(本基金有相當比重投資於非投資等級之高風險債券),柏瑞投信,境內,ET004005/806,,613.0,1.42,2.74,2.35,8.06,34.12,18.87,,,,,08/18,柏瑞ESG量化多重資產基金N9不配息美元本基金有相當比重投資於非投資等級之高風險債券
柏瑞ESG量化多重資產基金N月配息(美元)(本基金有相當比重投資於非投資等級之高風險債券且配息來源可能為本金),柏瑞投信,境內,ET004005/806,,614.0,1.42,2.73,2.34,8.04,34.11,18.85,,,,,08/18,柏瑞ESG量化多重資產基金N月配息美元本基金有相當比重投資於非投資等級之高風險債券且配息來源可能為本金
柏瑞ESG量化多重資產基金B月配息(美元)(本基金有相當比重投資於非投資等級之高風險債券且配息來源可能為本金),柏瑞投信,境內,ET004005/806,,615.0,1.42,2.73,2.34,8.04,34.11,18.85,,,,,08/18,柏瑞ESG量化多重資產基金B月配息美元本基金有相當比重投資於非投資等級之高風險債券且配息來源可能為本金
聯博美國多重資產收益基金AI配息(人民幣)(本基金得投資於非投資等級之高風險債券且配息來源可能為本金),聯博投信,境內,ET004005/806,,616.0,1.32,0.45,2.27,3.53,28.98,13.3,,,,,08/18,聯博美國多重資產收益基金AI配息人民幣本基金得投資於非投資等級之高風險債券且配息來源可能為本金
柏瑞日本多重資產基金N9H不配息(美元),柏瑞投信,境內,ET004005/806,,617.0,2.68,1.98,2.25,,,,,,,,08/18,柏瑞日本多重資產基金N9H不配息美元
柏瑞日本多重資產基金AH不配息(美元),柏瑞投信,境內,ET004005/806,,618.0,2.68,1.98,2.25,,,,,,,,08/18,柏瑞日本多重資產基金AH不配息美元
柏瑞日本多重資產基金NH月配息(美元)(本基金配息來源可能為本金),柏瑞投信,境內,ET004005/806,,619.0,2.68,1.98,2.25,,,,,,,,08/18,柏瑞日本多重資產基金NH月配息美元本基金配息來源可能為本金
柏瑞日本多重資產基金BH月配息(美元)(本基金配息來源可能為本金),柏瑞投信,境內,ET004005/806,,620.0,2.68,1.97,2.25,,,,,,,,08/18,柏瑞日本多重資產基金BH月配息美元本基金配息來源可能為本金
群益潛力收益多重資產基金B月配型(台幣)(本子基金有相當比重投資於非投資等級之高風險債券且基金之配息來源可能為本金),群益投信,境內,ET004005/806,,621.0,-0.9,-4.03,2.15,13.42,39.42,39.55,,,,,08/18,群益潛力收益多重資產基金B月配型台幣本子基金有相當比重投資於非投資等級之高風險債券且基金之配息來源可能為本金
群益潛力收益多重資產基金NB月配型(台幣)(本子基金有相當比重投資於非投資等級之高風險債券且基金之配息來源可能為本金),群益投信,境內,ET004005/806,,622.0,-0.9,-4.03,2.15,13.42,39.42,39.55,,,,,08/18,群益潛力收益多重資產基金NB月配型台幣本子基金有相當比重投資於非投資等級之高風險債券且基金之配息來源可能為本金
群益潛力收益多重資產基金A累積型(台幣)(本子基金有相當比重投資於非投資等級之高風險債券且基金之配息來源可能為本金),群益投信,境內,ET004005/806,,623.0,-0.9,-4.04,2.13,13.4,39.43,39.61,,,,,08/18,群益潛力收益多重資產基金A累積型台幣本子基金有相當比重投資於非投資等級之高風險債券且基金之配息來源可能為本金
群益潛力收益多重資產基金NA累積型(台幣)(本子基金有相當比重投資於非投資等級之高風險債券且基金之配息來源可能為本金),群益投信,境內,ET004005/806,,624.0,-0.9,-4.03,2.13,13.4,39.44,39.62,,,,,08/18,群益潛力收益多重資產基金NA累積型台幣本子基金有相當比重投資於非投資等級之高風險債券且基金之配息來源可能為本金
東方匯理實質收息多重資產基金-AD月配型(美元)(本基金之配息來源可能為本金),東方匯理投信,境內,ET004005/806,,625.0,2.18,1.64,2.03,20.82,33.86,28.4,,,,,08/18,東方匯理實質收息多重資產基金AD月配型美元本基金之配息來源可能為本金
東方匯理實質收息多重資產基金-ND月配型(美元)(本基金之配息來源可能為本金),東方匯理投信,境內,ET004005/806,,626.0,2.18,1.64,2.03,20.82,33.85,28.39,,,,,08/18,東方匯理實質收息多重資產基金ND月配型美元本基金之配息來源可能為本金
東方匯理實質收息多重資產基金-AD月配型(澳幣避險)(本基金之配息來源可能為本金),東方匯理投信,境內,ET004005/806,,627.0,2.17,1.64,1.86,19.99,28.84,19.04,,,,,08/18,東方匯理實質收息多重資產基金AD月配型澳幣避險本基金之配息來源可能為本金
東方匯理實質收息多重資產基金-ND月配型(澳幣避險)(本基金之配息來源可能為本金),東方匯理投信,境內,ET004005/806,,628.0,2.18,1.64,1.85,20.06,28.72,18.86,,,,,08/18,東方匯理實質收息多重資產基金ND月配型澳幣避險本基金之配息來源可能為本金
富達智慧醫療多重資產收益基金-A類型月配型(台幣)(本基金有相當比重投資於非投資等級之高風險債券且配息來源可能為本金或收益平準金),富達投信,境內,ET004005/806,,629.0,1.93,8.75,1.61,11.36,8.54,,,,,,08/18,富達智慧醫療多重資產收益基金A類型月配型台幣本基金有相當比重投資於非投資等級之高風險債券且配息來源可能為本金或收益平準金
富達智慧醫療多重資產收益基金-A類型累積型(台幣)(本基金有相當比重投資於非投資等級之高風險債券),富達投信,境內,ET004005/806,,630.0,1.91,8.72,1.61,11.36,8.52,,,,,,08/18,富達智慧醫療多重資產收益基金A類型累積型台幣本基金有相當比重投資於非投資等級之高風險債券
東方匯理實質收息多重資產基金-A2累積型(南非幣避險)(本基金之配息來源可能為本金),東方匯理投信,境內,ET004005/806,,631.0,2.88,2.13,1.56,20.76,40.73,39.01,,,,,08/18,東方匯理實質收息多重資產基金A2累積型南非幣避險本基金之配息來源可能為本金
柏瑞日本多重資產基金AH不配息(日圓),柏瑞投信,境內,ET004005/806,,632.0,2.1,1.31,1.5,,,,,,,,08/18,柏瑞日本多重資產基金AH不配息日圓
柏瑞日本多重資產基金N9H不配息(日圓),柏瑞投信,境內,ET004005/806,,633.0,2.1,1.31,1.5,,,,,,,,08/18,柏瑞日本多重資產基金N9H不配息日圓
宏利數位基礎設施多重資產基金-NB月配息(南非幣避險)(本基金有相當比重投資於非投資等級之高風險債券且配息來源可能為本金),宏利投信,境內,ET004005/806,,634.0,0.27,0.79,1.42,6.4,28.13,,,,,,08/18,宏利數位基礎設施多重資產基金NB月配息南非幣避險本基金有相當比重投資於非投資等級之高風險債券且配息來源可能為本金
中國信託ESG碳商機多重資產基金-A累積型(台幣)(本基金有相當比重投資於非投資等級之高風險債券且本基金之配息來源可能為本金),中國信託投信,境內,ET004005/806,,635.0,0.89,-2.15,1.26,7.91,35.15,,,,,,08/18,中國信託ESG碳商機多重資產基金A累積型台幣本基金有相當比重投資於非投資等級之高風險債券且本基金之配息來源可能為本金
中國信託ESG碳商機多重資產基金-NB分配型(台幣)(本基金有相當比重投資於非投資等級之高風險債券且本基金之配息來源可能為本金),中國信託投信,境內,ET004005/806,,636.0,0.83,-2.18,1.25,7.85,35.2,,,,,,08/18,中國信託ESG碳商機多重資產基金NB分配型台幣本基金有相當比重投資於非投資等級之高風險債券且本基金之配息來源可能為本金
中國信託ESG碳商機多重資產基金-B分配型(台幣)(本基金有相當比重投資於非投資等級之高風險債券且本基金之配息來源可能為本金),中國信託投信,境內,ET004005/806,,637.0,0.83,-2.18,1.25,7.85,35.2,,,,,,08/18,中國信託ESG碳商機多重資產基金B分配型台幣本基金有相當比重投資於非投資等級之高風險債券且本基金之配息來源可能為本金
東方匯理實質收息多重資產基金-N2累積型(人民幣避險)(本基金之配息來源可能為本金),東方匯理投信,境內,ET004005/806,,638.0,2.57,1.11,1.19,18.32,23.81,17.45,,,,,08/18,東方匯理實質收息多重資產基金N2累積型人民幣避險本基金之配息來源可能為本金
東方匯理實質收息多重資產基金-A2累積型(人民幣避險)(本基金之配息來源可能為本金),東方匯理投信,境內,ET004005/806,,639.0,2.56,1.11,1.18,18.39,23.89,17.52,,,,,08/18,東方匯理實質收息多重資產基金A2累積型人民幣避險本基金之配息來源可能為本金
凱基實質收息多重資產基金A不配息(美元)(基金之配息來源可能為本金且並無保證收益及配息),凱基投信,境內,ET004005/806,,640.0,-0.86,-0.11,1.14,12.96,35.4,,,,,,08/18,凱基實質收息多重資產基金A不配息美元基金之配息來源可能為本金且並無保證收益及配息
凱基實質收息多重資產基金B配息(美元)(基金之配息來源可能為本金且並無保證收益及配息),凱基投信,境內,ET004005/806,,641.0,-0.86,0.48,1.14,13.63,35.32,,,,,,08/18,凱基實質收息多重資產基金B配息美元基金之配息來源可能為本金且並無保證收益及配息
凱基實質收息多重資產基金NB配息(美元)(基金之配息來源可能為本金且並無保證收益及配息),凱基投信,境內,ET004005/806,,642.0,-0.84,0.49,1.12,13.57,35.1,,,,,,08/18,凱基實質收息多重資產基金NB配息美元基金之配息來源可能為本金且並無保證收益及配息
宏利數位基礎設施多重資產基金-A不配息(台幣)(本基金有相當比重投資於非投資等級之高風險債券),宏利投信,境內,ET004005/806,,643.0,-0.99,0.81,1.11,8.07,12.29,,,,,,08/18,宏利數位基礎設施多重資產基金A不配息台幣本基金有相當比重投資於非投資等級之高風險債券
瀚亞2030目標日期收益優化多重資產基金B配息(南非幣)(本基金配息來源可能為本金),瀚亞投信,境內,ET004005/806,,644.0,0.22,1.23,1.04,3.78,23.92,18.71,,,,,08/18,瀚亞2030目標日期收益優化多重資產基金B配息南非幣本基金配息來源可能為本金
柏瑞ESG量化多重資產基金A不配息(人民幣)(本基金有相當比重投資於非投資等級之高風險債券),柏瑞投信,境內,ET004005/806,,645.0,1.19,2.06,0.97,4.82,24.06,11.29,,,,,08/18,柏瑞ESG量化多重資產基金A不配息人民幣本基金有相當比重投資於非投資等級之高風險債券
柏瑞ESG量化多重資產基金N9不配息(人民幣)(本基金有相當比重投資於非投資等級之高風險債券),柏瑞投信,境內,ET004005/806,,646.0,1.19,2.06,0.97,4.83,24.06,11.3,,,,,08/18,柏瑞ESG量化多重資產基金N9不配息人民幣本基金有相當比重投資於非投資等級之高風險債券
柏瑞ESG量化多重資產基金B月配息(人民幣)(本基金有相當比重投資於非投資等級之高風險債券且配息來源可能為本金),柏瑞投信,境內,ET004005/806,,647.0,1.18,2.05,0.96,4.81,24.09,11.31,,,,,08/18,柏瑞ESG量化多重資產基金B月配息人民幣本基金有相當比重投資於非投資等級之高風險債券且配息來源可能為本金
柏瑞ESG量化多重資產基金N月配息(人民幣)(本基金有相當比重投資於非投資等級之高風險債券且配息來源可能為本金),柏瑞投信,境內,ET004005/806,,648.0,1.18,2.05,0.96,4.81,24.09,11.31,,,,,08/18,柏瑞ESG量化多重資產基金N月配息人民幣本基金有相當比重投資於非投資等級之高風險債券且配息來源可能為本金
富達智慧醫療多重資產收益基金-A類型月配型(美元)(本基金有相當比重投資於非投資等級之高風險債券且配息來源可能為本金或收益平準金),富達投信,境內,ET004005/806,,649.0,2.74,7.94,0.93,7.51,11.82,,,,,,08/18,富達智慧醫療多重資產收益基金A類型月配型美元本基金有相當比重投資於非投資等級之高風險債券且配息來源可能為本金或收益平準金
富達智慧醫療多重資產收益基金-A類型累積型(美元)(本基金有相當比重投資於非投資等級之高風險債券),富達投信,境內,ET004005/806,,650.0,2.74,7.93,0.93,7.51,11.84,,,,,,08/18,富達智慧醫療多重資產收益基金A類型累積型美元本基金有相當比重投資於非投資等級之高風險債券
宏利數位基礎設施多重資產基金-NA不配息(台幣)(本基金有相當比重投資於非投資等級之高風險債券),宏利投信,境內,ET004005/806,,651.0,-1.0,0.81,0.9,7.71,12.98,,,,,,08/18,宏利數位基礎設施多重資產基金NA不配息台幣本基金有相當比重投資於非投資等級之高風險債券
宏利數位基礎設施多重資產基金-B月配息(台幣)(本基金有相當比重投資於非投資等級之高風險債券且配息來源可能為本金),宏利投信,境內,ET004005/806,,652.0,-1.02,0.83,0.88,7.91,13.14,,,,,,08/18,宏利數位基礎設施多重資產基金B月配息台幣本基金有相當比重投資於非投資等級之高風險債券且配息來源可能為本金
宏利數位基礎設施多重資產基金-NB月配息(台幣)(本基金有相當比重投資於非投資等級之高風險債券且配息來源可能為本金),宏利投信,境內,ET004005/806,,653.0,-1.0,0.79,0.85,7.65,12.51,,,,,,08/18,宏利數位基礎設施多重資產基金NB月配息台幣本基金有相當比重投資於非投資等級之高風險債券且配息來源可能為本金
群益潛力收益多重資產基金NB月配型(美元)(本子基金有相當比重投資於非投資等級之高風險債券且基金之配息來源可能為本金),群益投信,境內,ET004005/806,,654.0,0.16,-5.23,0.78,6.71,39.42,21.83,,,,,08/18,群益潛力收益多重資產基金NB月配型美元本子基金有相當比重投資於非投資等級之高風險債券且基金之配息來源可能為本金
群益潛力收益多重資產基金B月配型(美元)(本子基金有相當比重投資於非投資等級之高風險債券且基金之配息來源可能為本金),群益投信,境內,ET004005/806,,655.0,0.16,-5.23,0.78,6.71,39.42,21.83,,,,,08/18,群益潛力收益多重資產基金B月配型美元本子基金有相當比重投資於非投資等級之高風險債券且基金之配息來源可能為本金
群益潛力收益多重資產基金NA累積型(美元)(本子基金有相當比重投資於非投資等級之高風險債券且基金之配息來源可能為本金),群益投信,境內,ET004005/806,,656.0,0.16,-5.24,0.77,6.69,39.43,21.88,,,,,08/18,群益潛力收益多重資產基金NA累積型美元本子基金有相當比重投資於非投資等級之高風險債券且基金之配息來源可能為本金
群益潛力收益多重資產基金A累積型(美元)(本子基金有相當比重投資於非投資等級之高風險債券且基金之配息來源可能為本金),群益投信,境內,ET004005/806,,657.0,0.16,-5.24,0.77,6.69,39.44,21.9,,,,,08/18,群益潛力收益多重資產基金A累積型美元本子基金有相當比重投資於非投資等級之高風險債券且基金之配息來源可能為本金
柏瑞日本多重資產基金I不配息(台幣),柏瑞投信,境內,ET004005/806,,658.0,2.36,2.68,0.72,,,,,,,,08/18,柏瑞日本多重資產基金I不配息台幣
東方匯理實質收息多重資產基金-ND月配型(人民幣避險)(本基金之配息來源可能為本金),東方匯理投信,境內,ET004005/806,,659.0,2.05,1.03,0.72,17.73,23.21,16.88,,,,,08/18,東方匯理實質收息多重資產基金ND月配型人民幣避險本基金之配息來源可能為本金
中國信託策略優利多重資產基金-A累積型(台幣)(本基金有相當比重投資於非投資等級之高風險債券且配息來源可能為本金且基金並無保證收益及配息),中國信託投信,境內,ET004005/806,,660.0,-0.57,-1.73,0.67,,,,,,,,08/18,中國信託策略優利多重資產基金A累積型台幣本基金有相當比重投資於非投資等級之高風險債券且配息來源可能為本金且基金並無保證收益及配息
中國信託策略優利多重資產基金-NB分配型(台幣)(本基金有相當比重投資於非投資等級之高風險債券且配息來源可能為本金且基金並無保證收益及配息),中國信託投信,境內,ET004005/806,,661.0,-0.57,-1.74,0.65,,,,,,,,08/18,中國信託策略優利多重資產基金NB分配型台幣本基金有相當比重投資於非投資等級之高風險債券且配息來源可能為本金且基金並無保證收益及配息
中國信託策略優利多重資產基金-B分配型(台幣)(本基金有相當比重投資於非投資等級之高風險債券且配息來源可能為本金且基金並無保證收益及配息),中國信託投信,境內,ET004005/806,,662.0,-0.57,-1.74,0.65,,,,,,,,08/18,中國信託策略優利多重資產基金B分配型台幣本基金有相當比重投資於非投資等級之高風險債券且配息來源可能為本金且基金並無保證收益及配息
宏利實質多重資產基金-NB月配息(南非幣避險)(本基金有相當比重投資於非投資等級之高風險債券且配息來源可能為本金),宏利投信,境內,ET004005/806,,663.0,-0.74,-0.53,0.63,6.22,30.15,23.69,,,,,08/18,宏利實質多重資產基金NB月配息南非幣避險本基金有相當比重投資於非投資等級之高風險債券且配息來源可能為本金
東方匯理實質收息多重資產基金-AD月配型(人民幣避險)(本基金之配息來源可能為本金),東方匯理投信,境內,ET004005/806,,664.0,2.05,0.91,0.61,17.7,23.19,16.91,,,,,08/18,東方匯理實質收息多重資產基金AD月配型人民幣避險本基金之配息來源可能為本金
宏利數位基礎設施多重資產基金-B月配息(南非幣避險)(本基金有相當比重投資於非投資等級之高風險債券且配息來源可能為本金),宏利投信,境內,ET004005/806,,665.0,0.09,0.56,0.56,5.9,28.64,,,,,,08/18,宏利數位基礎設施多重資產基金B月配息南非幣避險本基金有相當比重投資於非投資等級之高風險債券且配息來源可能為本金
凱基實質收息多重資產基金A不配息(台幣)(基金之配息來源可能為本金且並無保證收益及配息),凱基投信,境內,ET004005/806,,666.0,-1.59,-0.27,0.47,11.72,26.92,,,,,,08/18,凱基實質收息多重資產基金A不配息台幣基金之配息來源可能為本金且並無保證收益及配息
凱基實質收息多重資產基金NA不配息(台幣)(基金之配息來源可能為本金且並無保證收益及配息),凱基投信,境內,ET004005/806,,667.0,-1.59,-0.27,0.47,11.72,26.92,,,,,,08/18,凱基實質收息多重資產基金NA不配息台幣基金之配息來源可能為本金且並無保證收益及配息
凱基實質收息多重資產基金NB配息(台幣)(基金之配息來源可能為本金且並無保證收益及配息),凱基投信,境內,ET004005/806,,668.0,-1.59,0.35,0.47,12.45,26.92,,,,,,08/18,凱基實質收息多重資產基金NB配息台幣基金之配息來源可能為本金且並無保證收益及配息
凱基實質收息多重資產基金B配息(台幣)(基金之配息來源可能為本金且並無保證收益及配息),凱基投信,境內,ET004005/806,,669.0,-1.59,0.35,0.47,12.45,26.92,,,,,,08/18,凱基實質收息多重資產基金B配息台幣基金之配息來源可能為本金且並無保證收益及配息
宏利實質多重資產基金-NA不配息(南非幣避險)(本基金有相當比重投資於非投資等級之高風險債券),宏利投信,境內,ET004005/806,,670.0,-0.7,0.22,0.46,4.55,26.88,23.97,,,,,08/18,宏利實質多重資產基金NA不配息南非幣避險本基金有相當比重投資於非投資等級之高風險債券
瀚亞2030目標日期收益優化多重資產基金B配息(美元)(本基金配息來源可能為本金),瀚亞投信,境內,ET004005/806,,671.0,-0.03,0.72,0.43,2.6,16.04,4.03,,,,,08/18,瀚亞2030目標日期收益優化多重資產基金B配息美元本基金配息來源可能為本金
宏利實質多重資產基金-B月配息(南非幣避險)(本基金有相當比重投資於非投資等級之高風險債券且配息來源可能為本金),宏利投信,境內,ET004005/806,,672.0,-0.69,0.16,0.43,4.75,25.43,17.55,,,,,08/18,宏利實質多重資產基金B月配息南非幣避險本基金有相當比重投資於非投資等級之高風險債券且配息來源可能為本金
瀚亞2030目標日期收益優化多重資產基金A不配息(美元),瀚亞投信,境內,ET004005/806,,673.0,-0.03,0.72,0.43,2.6,16.03,4.24,,,,,08/18,瀚亞2030目標日期收益優化多重資產基金A不配息美元
柏瑞日本多重資產基金N月配息(台幣)(本基金配息來源可能為本金),柏瑞投信,境內,ET004005/806,,674.0,2.3,2.5,0.37,,,,,,,,08/18,柏瑞日本多重資產基金N月配息台幣本基金配息來源可能為本金
柏瑞日本多重資產基金N9不配息(台幣),柏瑞投信,境內,ET004005/806,,675.0,2.3,2.49,0.36,,,,,,,,08/18,柏瑞日本多重資產基金N9不配息台幣
柏瑞日本多重資產基金A不配息(台幣),柏瑞投信,境內,ET004005/806,,676.0,2.3,2.49,0.36,,,,,,,,08/18,柏瑞日本多重資產基金A不配息台幣
柏瑞日本多重資產基金B月配息(台幣)(本基金配息來源可能為本金),柏瑞投信,境內,ET004005/806,,677.0,2.3,2.49,0.36,,,,,,,,08/18,柏瑞日本多重資產基金B月配息台幣本基金配息來源可能為本金
柏瑞多重資產特別收益基金B月配息(南非幣)(本基金有相當比重投資於非投資等級之高風險債券且配息來源可能為本金),柏瑞投信,境內,ET004005/806,,678.0,-0.57,0.03,0.11,1.93,19.98,24.2,,,,,08/18,柏瑞多重資產特別收益基金B月配息南非幣本基金有相當比重投資於非投資等級之高風險債券且配息來源可能為本金
柏瑞多重資產特別收益基金N月配息(南非幣)(本基金有相當比重投資於非投資等級之高風險債券且配息來源可能為本金),柏瑞投信,境內,ET004005/806,,679.0,-0.57,0.03,0.11,1.93,19.97,24.2,,,,,08/18,柏瑞多重資產特別收益基金N月配息南非幣本基金有相當比重投資於非投資等級之高風險債券且配息來源可能為本金
聯邦高息策略多重資產基金-B月配息(南非幣)(本基金有相當比重投資於非投資等級之高風險債券且配息來源可能為本金，本基金並無保證收益及配息),聯邦投信,境內,ET004005/806,,680.0,-0.67,-4.68,0.04,-8.48,15.96,-1.42,,,,,08/18,聯邦高息策略多重資產基金B月配息南非幣本基金有相當比重投資於非投資等級之高風險債券且配息來源可能為本金，本基金並無保證收益及配息
聯邦高息策略多重資產基金-A不配息(南非幣)(本基金有相當比重投資於非投資等級之高風險債券且配息來源可能為本金，本基金並無保證收益及配息),聯邦投信,境內,ET004005/806,,681.0,-0.66,-4.73,0.0,-8.58,15.86,-1.74,,,,,08/18,聯邦高息策略多重資產基金A不配息南非幣本基金有相當比重投資於非投資等級之高風險債券且配息來源可能為本金，本基金並無保證收益及配息
摩根大美國領先收成多重資產基金-累積後收型(台幣)(本基金有相當比重投資於非投資等級之高風險債券),摩根投信,境內,ET004005/806,,682.0,0.0,0.0,0.0,,,,,,,,08/18,摩根大美國領先收成多重資產基金累積後收型台幣本基金有相當比重投資於非投資等級之高風險債券
摩根大美國領先收成多重資產基金-累積後收型(美元)(本基金有相當比重投資於非投資等級之高風險債券),摩根投信,境內,ET004005/806,,683.0,0.0,0.0,0.0,,,,,,,,08/18,摩根大美國領先收成多重資產基金累積後收型美元本基金有相當比重投資於非投資等級之高風險債券
野村策略轉機多重資產基金-累積S類型(台幣)(本基金有相當比重投資於非投資等級之高風險債券且配息來源可能為本金),野村投信,境內,ET004005/806,,684.0,0.0,0.0,0.0,0.0,0.0,,,,,,08/18,野村策略轉機多重資產基金累積S類型台幣本基金有相當比重投資於非投資等級之高風險債券且配息來源可能為本金
野村環球時機多重資產基金-累積S類型(台幣)(本基金有相當比重投資於非投資等級之高風險債券且配息來源可能為本金),野村投信,境內,ET004005/806,,685.0,0.0,0.0,0.0,0.0,0.0,,,,,,08/18,野村環球時機多重資產基金累積S類型台幣本基金有相當比重投資於非投資等級之高風險債券且配息來源可能為本金
宏利實質多重資產基金-B月配息(日圓避險)(本基金有相當比重投資於非投資等級之高風險債券且配息來源可能為本金),宏利投信,境內,ET004005/806,,686.0,0.0,0.0,0.0,0.0,,,,,,,08/18,宏利實質多重資產基金B月配息日圓避險本基金有相當比重投資於非投資等級之高風險債券且配息來源可能為本金
宏利實質多重資產基金-NB月配息(日圓避險)(本基金有相當比重投資於非投資等級之高風險債券且配息來源可能為本金),宏利投信,境內,ET004005/806,,687.0,0.0,0.0,0.0,0.0,,,,,,,08/18,宏利實質多重資產基金NB月配息日圓避險本基金有相當比重投資於非投資等級之高風險債券且配息來源可能為本金
施羅德美國成長多重資產基金-C累積型(台幣)(本基金有相當比重投資於非投資等級之高風險債券),施羅德投信,境內,ET004005/806,,688.0,0.0,0.0,0.0,0.0,,,,,,,08/18,施羅德美國成長多重資產基金C累積型台幣本基金有相當比重投資於非投資等級之高風險債券
富達智慧醫療多重資產收益基金-A類型月配型(人民幣避險)(本基金有相當比重投資於非投資等級之高風險債券且配息來源可能為本金或收益平準金),富達投信,境內,ET004005/806,,689.0,0.0,0.0,0.0,0.0,0.0,,,,,,08/18,富達智慧醫療多重資產收益基金A類型月配型人民幣避險本基金有相當比重投資於非投資等級之高風險債券且配息來源可能為本金或收益平準金
富達未來通訊多重資產收益基金-A類型累積型(人民幣避險)(本基金有相當比重投資於非投資等級之高風險債券),富達投信,境內,ET004005/806,,690.0,0.0,0.0,0.0,0.0,0.0,,,,,,08/18,富達未來通訊多重資產收益基金A類型累積型人民幣避險本基金有相當比重投資於非投資等級之高風險債券
富達未來通訊多重資產收益基金-A類型月配型(人民幣避險)(本基金有相當比重投資於非投資等級之高風險債券且配息來源可能為本金或收益平準金),富達投信,境內,ET004005/806,,691.0,0.0,0.0,0.0,0.0,0.0,,,,,,08/18,富達未來通訊多重資產收益基金A類型月配型人民幣避險本基金有相當比重投資於非投資等級之高風險債券且配息來源可能為本金或收益平準金
富達智慧醫療多重資產收益基金-N類型月配型(台幣)(本基金有相當比重投資於非投資等級之高風險債券且配息來源可能為本金或收益平準金),富達投信,境內,ET004005/806,,692.0,0.0,0.0,0.0,0.0,0.0,,,,,,08/18,富達智慧醫療多重資產收益基金N類型月配型台幣本基金有相當比重投資於非投資等級之高風險債券且配息來源可能為本金或收益平準金
富達智慧醫療多重資產收益基金-N類型月配型(美元)(本基金有相當比重投資於非投資等級之高風險債券且配息來源可能為本金或收益平準金),富達投信,境內,ET004005/806,,693.0,0.0,0.0,0.0,0.0,0.0,,,,,,08/18,富達智慧醫療多重資產收益基金N類型月配型美元本基金有相當比重投資於非投資等級之高風險債券且配息來源可能為本金或收益平準金
富達未來通訊多重資產收益基金-N類型月配型(台幣)(本基金有相當比重投資於非投資等級之高風險債券且配息來源可能為本金或收益平準金),富達投信,境內,ET004005/806,,694.0,0.0,0.0,0.0,0.0,0.0,,,,,,08/18,富達未來通訊多重資產收益基金N類型月配型台幣本基金有相當比重投資於非投資等級之高風險債券且配息來源可能為本金或收益平準金
富達未來通訊多重資產收益基金-N類型月配型(美元)(本基金有相當比重投資於非投資等級之高風險債券且配息來源可能為本金或收益平準金),富達投信,境內,ET004005/806,,695.0,0.0,0.0,0.0,0.0,0.0,,,,,,08/18,富達未來通訊多重資產收益基金N類型月配型美元本基金有相當比重投資於非投資等級之高風險債券且配息來源可能為本金或收益平準金
宏利數位基礎設施多重資產基金-A不配息(美元)(本基金有相當比重投資於非投資等級之高風險債券),宏利投信,境內,ET004005/806,,696.0,-0.15,-0.06,-0.01,3.59,15.86,,,,,,08/18,宏利數位基礎設施多重資產基金A不配息美元本基金有相當比重投資於非投資等級之高風險債券
宏利數位基礎設施多重資產基金-NA不配息(美元)(本基金有相當比重投資於非投資等級之高風險債券),宏利投信,境內,ET004005/806,,697.0,-0.15,-0.06,-0.01,3.59,15.86,,,,,,08/18,宏利數位基礎設施多重資產基金NA不配息美元本基金有相當比重投資於非投資等級之高風險債券
宏利數位基礎設施多重資產基金-NB月配息(美元)(本基金有相當比重投資於非投資等級之高風險債券且配息來源可能為本金),宏利投信,境內,ET004005/806,,698.0,-0.15,-0.06,-0.01,3.59,15.86,,,,,,08/18,宏利數位基礎設施多重資產基金NB月配息美元本基金有相當比重投資於非投資等級之高風險債券且配息來源可能為本金
宏利數位基礎設施多重資產基金-B月配息(美元)(本基金有相當比重投資於非投資等級之高風險債券且配息來源可能為本金),宏利投信,境內,ET004005/806,,699.0,-0.15,-0.06,-0.01,3.59,15.86,,,,,,08/18,宏利數位基礎設施多重資產基金B月配息美元本基金有相當比重投資於非投資等級之高風險債券且配息來源可能為本金
聯邦高息策略多重資產基金-ND月配息(南非幣)(本基金有相當比重投資於非投資等級之高風險債券且配息來源可能為本金，本基金並無保證收益及配息),聯邦投信,境內,ET004005/806,,700.0,-0.67,-4.69,-0.12,-8.5,15.96,-1.56,,,,,08/18,聯邦高息策略多重資產基金ND月配息南非幣本基金有相當比重投資於非投資等級之高風險債券且配息來源可能為本金，本基金並無保證收益及配息
中國信託ESG碳商機多重資產基金-NB分配型(美元)(本基金有相當比重投資於非投資等級之高風險債券且本基金之配息來源可能為本金),中國信託投信,境內,ET004005/806,,701.0,1.94,-3.41,-0.21,1.49,35.16,,,,,,08/18,中國信託ESG碳商機多重資產基金NB分配型美元本基金有相當比重投資於非投資等級之高風險債券且本基金之配息來源可能為本金
中國信託ESG碳商機多重資產基金-B分配型(美元)(本基金有相當比重投資於非投資等級之高風險債券且本基金之配息來源可能為本金),中國信託投信,境內,ET004005/806,,702.0,1.94,-3.41,-0.21,1.48,35.14,,,,,,08/18,中國信託ESG碳商機多重資產基金B分配型美元本基金有相當比重投資於非投資等級之高風險債券且本基金之配息來源可能為本金
中國信託ESG碳商機多重資產基金-A累積型(美元)(本基金有相當比重投資於非投資等級之高風險債券且本基金之配息來源可能為本金),中國信託投信,境內,ET004005/806,,703.0,1.94,-3.37,-0.24,1.53,35.16,,,,,,08/18,中國信託ESG碳商機多重資產基金A累積型美元本基金有相當比重投資於非投資等級之高風險債券且本基金之配息來源可能為本金
宏利數位基礎設施多重資產基金-NB月配息(澳幣避險)(本基金有相當比重投資於非投資等級之高風險債券且配息來源可能為本金),宏利投信,境內,ET004005/806,,704.0,-0.01,0.16,-0.24,2.44,11.03,,,,,,08/18,宏利數位基礎設施多重資產基金NB月配息澳幣避險本基金有相當比重投資於非投資等級之高風險債券且配息來源可能為本金
聯邦高息策略多重資產基金-B月配息(台幣)(本基金有相當比重投資於非投資等級之高風險債券且配息來源可能為本金，本基金並無保證收益及配息),聯邦投信,境內,ET004005/806,,705.0,0.13,-0.57,-0.29,5.64,35.91,4.1,,,,,08/18,聯邦高息策略多重資產基金B月配息台幣本基金有相當比重投資於非投資等級之高風險債券且配息來源可能為本金，本基金並無保證收益及配息
聯邦高息策略多重資產基金-ND月配息(台幣)(本基金有相當比重投資於非投資等級之高風險債券且配息來源可能為本金，本基金並無保證收益及配息),聯邦投信,境內,ET004005/806,,706.0,0.28,-0.57,-0.29,5.64,35.91,4.1,,,,,08/18,聯邦高息策略多重資產基金ND月配息台幣本基金有相當比重投資於非投資等級之高風險債券且配息來源可能為本金，本基金並無保證收益及配息
宏利數位基礎設施多重資產基金-B月配息(澳幣避險)(本基金有相當比重投資於非投資等級之高風險債券且配息來源可能為本金),宏利投信,境內,ET004005/806,,707.0,-0.1,-0.2,-0.36,2.88,11.99,,,,,,08/18,宏利數位基礎設施多重資產基金B月配息澳幣避險本基金有相當比重投資於非投資等級之高風險債券且配息來源可能為本金
聯邦高息策略多重資產基金-A不配息(台幣)(本基金有相當比重投資於非投資等級之高風險債券且配息來源可能為本金，本基金並無保證收益及配息),聯邦投信,境內,ET004005/806,,708.0,0.1,-0.7,-0.4,5.61,35.83,3.96,,,,,08/18,聯邦高息策略多重資產基金A不配息台幣本基金有相當比重投資於非投資等級之高風險債券且配息來源可能為本金，本基金並無保證收益及配息
富達智慧醫療多重資產收益基金-A類型累積型(人民幣避險)(本基金有相當比重投資於非投資等級之高風險債券),富達投信,境內,ET004005/806,,709.0,2.51,7.22,-0.44,4.63,3.4,,,,,,08/18,富達智慧醫療多重資產收益基金A類型累積型人民幣避險本基金有相當比重投資於非投資等級之高風險債券
凱基實質收息多重資產基金NA不配息(人民幣)(基金之配息來源可能為本金且並無保證收益及配息),凱基投信,境內,ET004005/806,,710.0,-1.11,-0.78,-0.44,9.14,25.44,,,,,,08/18,凱基實質收息多重資產基金NA不配息人民幣基金之配息來源可能為本金且並無保證收益及配息
凱基實質收息多重資產基金A不配息(人民幣)(基金之配息來源可能為本金且並無保證收益及配息),凱基投信,境內,ET004005/806,,711.0,-1.11,-0.78,-0.45,9.14,25.44,,,,,,08/18,凱基實質收息多重資產基金A不配息人民幣基金之配息來源可能為本金且並無保證收益及配息
凱基實質收息多重資產基金NB配息(人民幣)(基金之配息來源可能為本金且並無保證收益及配息),凱基投信,境內,ET004005/806,,712.0,-1.12,-0.4,-0.45,9.59,25.44,,,,,,08/18,凱基實質收息多重資產基金NB配息人民幣基金之配息來源可能為本金且並無保證收益及配息
凱基實質收息多重資產基金B配息(人民幣)(基金之配息來源可能為本金且並無保證收益及配息),凱基投信,境內,ET004005/806,,713.0,-1.12,-0.4,-0.45,9.59,25.44,,,,,,08/18,凱基實質收息多重資產基金B配息人民幣基金之配息來源可能為本金且並無保證收益及配息
宏利實質多重資產基金-NA不配息(台幣)(本基金有相當比重投資於非投資等級之高風險債券),宏利投信,境內,ET004005/806,,714.0,-2.0,0.56,-0.63,4.23,11.49,3.96,,,,,08/18,宏利實質多重資產基金NA不配息台幣本基金有相當比重投資於非投資等級之高風險債券
中國信託策略優利多重資產基金-A累積型(美元)(本基金有相當比重投資於非投資等級之高風險債券且配息來源可能為本金且基金並無保證收益及配息),中國信託投信,境內,ET004005/806,,715.0,0.5,-2.96,-0.8,,,,,,,,08/18,中國信託策略優利多重資產基金A累積型美元本基金有相當比重投資於非投資等級之高風險債券且配息來源可能為本金且基金並無保證收益及配息
瀚亞2030目標日期收益優化多重資產基金A不配息(台幣),瀚亞投信,境內,ET004005/806,,716.0,-0.24,0.16,-0.81,0.3,4.0,-10.61,,,,,08/18,瀚亞2030目標日期收益優化多重資產基金A不配息台幣
瀚亞2030目標日期收益優化多重資產基金B配息(台幣)(本基金配息來源可能為本金),瀚亞投信,境內,ET004005/806,,717.0,-0.24,0.16,-0.81,0.3,4.0,-10.6,,,,,08/18,瀚亞2030目標日期收益優化多重資產基金B配息台幣本基金配息來源可能為本金
中國信託策略優利多重資產基金-B分配型(美元)(本基金有相當比重投資於非投資等級之高風險債券且配息來源可能為本金且基金並無保證收益及配息),中國信託投信,境內,ET004005/806,,718.0,0.5,-2.97,-0.82,,,,,,,,08/18,中國信託策略優利多重資產基金B分配型美元本基金有相當比重投資於非投資等級之高風險債券且配息來源可能為本金且基金並無保證收益及配息
中國信託策略優利多重資產基金-NB分配型(美元)(本基金有相當比重投資於非投資等級之高風險債券且配息來源可能為本金且基金並無保證收益及配息),中國信託投信,境內,ET004005/806,,719.0,0.5,-2.97,-0.82,,,,,,,,08/18,中國信託策略優利多重資產基金NB分配型美元本基金有相當比重投資於非投資等級之高風險債券且配息來源可能為本金且基金並無保證收益及配息
富達永續減碳商機多重資產收益基金-N類型月配型(台幣)(本基金有相當比重投資於非投資等級之高風險債券且配息來源可能為本金或收益平準金),富達投信,境內,ET004005/806,,720.0,0.25,-0.49,-0.83,16.73,44.12,,,,,,08/18,富達永續減碳商機多重資產收益基金N類型月配型台幣本基金有相當比重投資於非投資等級之高風險債券且配息來源可能為本金或收益平準金
富達永續減碳商機多重資產收益基金-A類型累積型(台幣)(本基金有相當比重投資於非投資等級之高風險債券),富達投信,境內,ET004005/806,,721.0,0.23,-0.53,-0.87,16.78,44.18,,,,,,08/18,富達永續減碳商機多重資產收益基金A類型累積型台幣本基金有相當比重投資於非投資等級之高風險債券
宏利數位基礎設施多重資產基金-NB月配息(人民幣避險)(本基金有相當比重投資於非投資等級之高風險債券且配息來源可能為本金),宏利投信,境內,ET004005/806,,722.0,-0.38,-0.33,-0.88,1.65,8.06,,,,,,08/18,宏利數位基礎設施多重資產基金NB月配息人民幣避險本基金有相當比重投資於非投資等級之高風險債券且配息來源可能為本金
富達永續減碳商機多重資產收益基金-A類型月配型(台幣)(本基金有相當比重投資於非投資等級之高風險債券且配息來源可能為本金或收益平準金),富達投信,境內,ET004005/806,,723.0,0.23,-0.54,-0.9,16.79,44.11,,,,,,08/18,富達永續減碳商機多重資產收益基金A類型月配型台幣本基金有相當比重投資於非投資等級之高風險債券且配息來源可能為本金或收益平準金
宏利數位基礎設施多重資產基金-NA不配息(人民幣避險)(本基金有相當比重投資於非投資等級之高風險債券),宏利投信,境內,ET004005/806,,724.0,-0.39,-0.35,-0.91,1.64,7.67,,,,,,08/18,宏利數位基礎設施多重資產基金NA不配息人民幣避險本基金有相當比重投資於非投資等級之高風險債券
富達永續減碳商機多重資產收益基金-N類型累積型(台幣)(本基金有相當比重投資於非投資等級之高風險債券),富達投信,境內,ET004005/806,,725.0,0.23,-0.7,-1.12,16.23,43.7,,,,,,08/18,富達永續減碳商機多重資產收益基金N類型累積型台幣本基金有相當比重投資於非投資等級之高風險債券
宏利數位基礎設施多重資產基金-B月配息(人民幣避險)(本基金有相當比重投資於非投資等級之高風險債券且配息來源可能為本金),宏利投信,境內,ET004005/806,,726.0,-0.35,-0.7,-1.21,1.1,6.77,,,,,,08/18,宏利數位基礎設施多重資產基金B月配息人民幣避險本基金有相當比重投資於非投資等級之高風險債券且配息來源可能為本金
柏瑞多重資產特別收益基金IA不配息(台幣)(本基金有相當比重投資於非投資等級之高風險債券),柏瑞投信,境內,ET004005/806,,727.0,-1.37,-0.13,-1.24,3.58,,,,,,,08/18,柏瑞多重資產特別收益基金IA不配息台幣本基金有相當比重投資於非投資等級之高風險債券
宏利數位基礎設施多重資產基金-A不配息(人民幣避險)(本基金有相當比重投資於非投資等級之高風險債券),宏利投信,境內,ET004005/806,,728.0,-0.39,-0.72,-1.27,0.93,6.84,,,,,,08/18,宏利數位基礎設施多重資產基金A不配息人民幣避險本基金有相當比重投資於非投資等級之高風險債券
柏瑞多重資產特別收益基金N9不配息(澳幣)(本基金有相當比重投資於非投資等級之高風險債券),柏瑞投信,境內,ET004005/806,,729.0,-0.77,-0.31,-1.28,-0.25,11.82,5.1,,,,,08/18,柏瑞多重資產特別收益基金N9不配息澳幣本基金有相當比重投資於非投資等級之高風險債券
柏瑞多重資產特別收益基金A不配息(澳幣)(本基金有相當比重投資於非投資等級之高風險債券),柏瑞投信,境內,ET004005/806,,730.0,-0.77,-0.31,-1.28,-0.26,11.81,5.1,,,,,08/18,柏瑞多重資產特別收益基金A不配息澳幣本基金有相當比重投資於非投資等級之高風險債券
柏瑞多重資產特別收益基金N月配息(澳幣)(本基金有相當比重投資於非投資等級之高風險債券且配息來源可能為本金),柏瑞投信,境內,ET004005/806,,731.0,-0.77,-0.31,-1.29,-0.27,11.84,5.1,,,,,08/18,柏瑞多重資產特別收益基金N月配息澳幣本基金有相當比重投資於非投資等級之高風險債券且配息來源可能為本金
柏瑞多重資產特別收益基金B月配息(澳幣)(本基金有相當比重投資於非投資等級之高風險債券且配息來源可能為本金),柏瑞投信,境內,ET004005/806,,732.0,-0.77,-0.32,-1.29,-0.27,11.84,5.1,,,,,08/18,柏瑞多重資產特別收益基金B月配息澳幣本基金有相當比重投資於非投資等級之高風險債券且配息來源可能為本金
宏利實質多重資產基金-NB月配息(澳幣避險)(本基金有相當比重投資於非投資等級之高風險債券且配息來源可能為本金),宏利投信,境內,ET004005/806,,733.0,-0.88,-0.26,-1.3,2.27,14.53,-3.94,,,,,08/18,宏利實質多重資產基金NB月配息澳幣避險本基金有相當比重投資於非投資等級之高風險債券且配息來源可能為本金
宏利實質多重資產基金-A不配息(台幣)(本基金有相當比重投資於非投資等級之高風險債券),宏利投信,境內,ET004005/806,,734.0,-1.63,-0.07,-1.35,3.52,11.76,3.69,,,,,08/18,宏利實質多重資產基金A不配息台幣本基金有相當比重投資於非投資等級之高風險債券
宏利實質多重資產基金-B月配息(台幣)(本基金有相當比重投資於非投資等級之高風險債券且配息來源可能為本金),宏利投信,境內,ET004005/806,,735.0,-1.59,-0.22,-1.42,5.03,11.76,3.57,,,,,08/18,宏利實質多重資產基金B月配息台幣本基金有相當比重投資於非投資等級之高風險債券且配息來源可能為本金
宏利實質多重資產基金-A不配息(美元)(本基金有相當比重投資於非投資等級之高風險債券),宏利投信,境內,ET004005/806,,736.0,-1.05,-0.49,-1.48,2.41,16.77,1.84,,,,,08/18,宏利實質多重資產基金A不配息美元本基金有相當比重投資於非投資等級之高風險債券
宏利實質多重資產基金-NA不配息(美元)(本基金有相當比重投資於非投資等級之高風險債券),宏利投信,境內,ET004005/806,,737.0,-1.05,-0.49,-1.48,2.41,16.76,1.84,,,,,08/18,宏利實質多重資產基金NA不配息美元本基金有相當比重投資於非投資等級之高風險債券
宏利實質多重資產基金-B月配息(美元)(本基金有相當比重投資於非投資等級之高風險債券且配息來源可能為本金),宏利投信,境內,ET004005/806,,738.0,-1.05,-0.5,-1.48,2.4,16.77,1.84,,,,,08/18,宏利實質多重資產基金B月配息美元本基金有相當比重投資於非投資等級之高風險債券且配息來源可能為本金
宏利實質多重資產基金-NB月配息(美元)(本基金有相當比重投資於非投資等級之高風險債券且配息來源可能為本金),宏利投信,境內,ET004005/806,,739.0,-1.05,-0.5,-1.48,2.4,16.76,1.84,,,,,08/18,宏利實質多重資產基金NB月配息美元本基金有相當比重投資於非投資等級之高風險債券且配息來源可能為本金
富達永續減碳商機多重資產收益基金-A類型累積型(美元)(本基金有相當比重投資於非投資等級之高風險債券),富達投信,境內,ET004005/806,,740.0,1.03,-1.24,-1.52,12.79,48.79,,,,,,08/18,富達永續減碳商機多重資產收益基金A類型累積型美元本基金有相當比重投資於非投資等級之高風險債券
富達永續減碳商機多重資產收益基金-A類型月配型(美元)(本基金有相當比重投資於非投資等級之高風險債券且配息來源可能為本金或收益平準金),富達投信,境內,ET004005/806,,741.0,1.04,-1.23,-1.52,12.79,48.76,,,,,,08/18,富達永續減碳商機多重資產收益基金A類型月配型美元本基金有相當比重投資於非投資等級之高風險債券且配息來源可能為本金或收益平準金
富達永續減碳商機多重資產收益基金-N類型月配型(美元)(本基金有相當比重投資於非投資等級之高風險債券且配息來源可能為本金或收益平準金),富達投信,境內,ET004005/806,,742.0,1.04,-1.23,-1.52,12.79,48.8,,,,,,08/18,富達永續減碳商機多重資產收益基金N類型月配型美元本基金有相當比重投資於非投資等級之高風險債券且配息來源可能為本金或收益平準金
富達永續減碳商機多重資產收益基金-N類型累積型(美元)(本基金有相當比重投資於非投資等級之高風險債券),富達投信,境內,ET004005/806,,743.0,1.03,-1.24,-1.53,12.77,48.79,,,,,,08/18,富達永續減碳商機多重資產收益基金N類型累積型美元本基金有相當比重投資於非投資等級之高風險債券
柏瑞多重資產特別收益基金A不配息(台幣)(本基金有相當比重投資於非投資等級之高風險債券),柏瑞投信,境內,ET004005/806,,744.0,-1.42,-0.28,-1.53,2.96,10.36,9.4,,,,,08/18,柏瑞多重資產特別收益基金A不配息台幣本基金有相當比重投資於非投資等級之高風險債券
柏瑞多重資產特別收益基金N月配息(台幣)(本基金有相當比重投資於非投資等級之高風險債券且配息來源可能為本金),柏瑞投信,境內,ET004005/806,,745.0,-1.42,-0.28,-1.53,2.96,10.36,9.41,,,,,08/18,柏瑞多重資產特別收益基金N月配息台幣本基金有相當比重投資於非投資等級之高風險債券且配息來源可能為本金
柏瑞多重資產特別收益基金N9不配息(台幣)(本基金有相當比重投資於非投資等級之高風險債券),柏瑞投信,境內,ET004005/806,,746.0,-1.42,-0.28,-1.54,2.96,10.36,9.4,,,,,08/18,柏瑞多重資產特別收益基金N9不配息台幣本基金有相當比重投資於非投資等級之高風險債券
柏瑞多重資產特別收益基金B月配息(台幣)(本基金有相當比重投資於非投資等級之高風險債券且配息來源可能為本金),柏瑞投信,境內,ET004005/806,,747.0,-1.42,-0.28,-1.54,2.96,10.36,9.4,,,,,08/18,柏瑞多重資產特別收益基金B月配息台幣本基金有相當比重投資於非投資等級之高風險債券且配息來源可能為本金
群益潛力收益多重資產基金B月配型(人民幣)(本子基金有相當比重投資於非投資等級之高風險債券且基金之配息來源可能為本金),群益投信,境內,ET004005/806,,748.0,-0.32,-6.05,-1.58,0.21,28.71,26.74,,,,,08/18,群益潛力收益多重資產基金B月配型人民幣本子基金有相當比重投資於非投資等級之高風險債券且基金之配息來源可能為本金
群益潛力收益多重資產基金NB月配型(人民幣)(本子基金有相當比重投資於非投資等級之高風險債券且基金之配息來源可能為本金),群益投信,境內,ET004005/806,,749.0,-0.32,-6.05,-1.58,0.21,28.71,26.74,,,,,08/18,群益潛力收益多重資產基金NB月配型人民幣本子基金有相當比重投資於非投資等級之高風險債券且基金之配息來源可能為本金
群益潛力收益多重資產基金A累積型(人民幣)(本子基金有相當比重投資於非投資等級之高風險債券且基金之配息來源可能為本金),群益投信,境內,ET004005/806,,750.0,-0.32,-6.06,-1.59,0.19,28.71,26.8,,,,,08/18,群益潛力收益多重資產基金A累積型人民幣本子基金有相當比重投資於非投資等級之高風險債券且基金之配息來源可能為本金
群益潛力收益多重資產基金NA累積型(人民幣)(本子基金有相當比重投資於非投資等級之高風險債券且基金之配息來源可能為本金),群益投信,境內,ET004005/806,,751.0,-0.32,-6.06,-1.59,0.19,28.71,26.8,,,,,08/18,群益潛力收益多重資產基金NA累積型人民幣本子基金有相當比重投資於非投資等級之高風險債券且基金之配息來源可能為本金
聯邦高息策略多重資產基金-A不配息(美元)(本基金有相當比重投資於非投資等級之高風險債券且配息來源可能為本金，本基金並無保證收益及配息),聯邦投信,境內,ET004005/806,,752.0,1.32,-1.81,-1.6,-0.54,35.84,-9.35,,,,,08/18,聯邦高息策略多重資產基金A不配息美元本基金有相當比重投資於非投資等級之高風險債券且配息來源可能為本金，本基金並無保證收益及配息
聯邦高息策略多重資產基金-B月配息(美元)(本基金有相當比重投資於非投資等級之高風險債券且配息來源可能為本金，本基金並無保證收益及配息),聯邦投信,境內,ET004005/806,,753.0,1.19,-1.9,-1.68,-0.74,35.79,-9.07,,,,,08/18,聯邦高息策略多重資產基金B月配息美元本基金有相當比重投資於非投資等級之高風險債券且配息來源可能為本金，本基金並無保證收益及配息
聯邦高息策略多重資產基金-ND月配息(美元)(本基金有相當比重投資於非投資等級之高風險債券且配息來源可能為本金，本基金並無保證收益及配息),聯邦投信,境內,ET004005/806,,754.0,1.19,-1.91,-1.69,-0.61,35.88,-9.32,,,,,08/18,聯邦高息策略多重資產基金ND月配息美元本基金有相當比重投資於非投資等級之高風險債券且配息來源可能為本金，本基金並無保證收益及配息
宏利實質多重資產基金-B月配息(澳幣避險)(本基金有相當比重投資於非投資等級之高風險債券且配息來源可能為本金),宏利投信,境內,ET004005/806,,755.0,-0.89,-0.69,-1.73,2.0,13.75,-3.41,,,,,08/18,宏利實質多重資產基金B月配息澳幣避險本基金有相當比重投資於非投資等級之高風險債券且配息來源可能為本金
柏瑞多重資產特別收益基金N9不配息(美元)(本基金有相當比重投資於非投資等級之高風險債券),柏瑞投信,境內,ET004005/806,,756.0,-0.76,-0.73,-1.74,0.61,14.3,7.39,,,,,08/18,柏瑞多重資產特別收益基金N9不配息美元本基金有相當比重投資於非投資等級之高風險債券
柏瑞多重資產特別收益基金A不配息(美元)(本基金有相當比重投資於非投資等級之高風險債券),柏瑞投信,境內,ET004005/806,,757.0,-0.76,-0.73,-1.74,0.61,14.29,7.38,,,,,08/18,柏瑞多重資產特別收益基金A不配息美元本基金有相當比重投資於非投資等級之高風險債券
柏瑞多重資產特別收益基金N月配息(美元)(本基金有相當比重投資於非投資等級之高風險債券且配息來源可能為本金),柏瑞投信,境內,ET004005/806,,758.0,-0.76,-0.73,-1.75,0.6,14.3,7.37,,,,,08/18,柏瑞多重資產特別收益基金N月配息美元本基金有相當比重投資於非投資等級之高風險債券且配息來源可能為本金
柏瑞多重資產特別收益基金B月配息(美元)(本基金有相當比重投資於非投資等級之高風險債券且配息來源可能為本金),柏瑞投信,境內,ET004005/806,,759.0,-0.76,-0.73,-1.75,0.6,14.29,7.37,,,,,08/18,柏瑞多重資產特別收益基金B月配息美元本基金有相當比重投資於非投資等級之高風險債券且配息來源可能為本金
宏利實質多重資產基金-NA不配息(澳幣避險)(本基金有相當比重投資於非投資等級之高風險債券),宏利投信,境內,ET004005/806,,760.0,-0.95,-0.44,-1.78,2.08,14.94,-2.95,,,,,08/18,宏利實質多重資產基金NA不配息澳幣避險本基金有相當比重投資於非投資等級之高風險債券
宏利實質多重資產基金-NB月配息(台幣)(本基金有相當比重投資於非投資等級之高風險債券且配息來源可能為本金),宏利投信,境內,ET004005/806,,761.0,-1.41,-0.55,-1.82,3.93,10.73,3.03,,,,,08/18,宏利實質多重資產基金NB月配息台幣本基金有相當比重投資於非投資等級之高風險債券且配息來源可能為本金
安聯特別收益多重資產基金-N月配型(台幣)(本基金有相當比重投資於非投資等級之高風險債券且配息來源可能為本金),安聯投信,境內,ET004005/806,,762.0,-2.41,-0.11,-1.9,5.18,13.61,8.84,,,,,08/18,安聯特別收益多重資產基金N月配型台幣本基金有相當比重投資於非投資等級之高風險債券且配息來源可能為本金
安聯特別收益多重資產基金-A累積型(台幣)(本基金有相當比重投資於非投資等級之高風險債券),安聯投信,境內,ET004005/806,,763.0,-2.44,-0.09,-1.94,5.16,13.49,8.71,,,,,08/18,安聯特別收益多重資產基金A累積型台幣本基金有相當比重投資於非投資等級之高風險債券
安聯特別收益多重資產基金-B月配型(台幣)(本基金有相當比重投資於非投資等級之高風險債券且配息來源可能為本金),安聯投信,境內,ET004005/806,,764.0,-2.41,-0.11,-2.0,5.18,13.61,8.85,,,,,08/18,安聯特別收益多重資產基金B月配型台幣本基金有相當比重投資於非投資等級之高風險債券且配息來源可能為本金
群益印美戰略多重資產基金A累積型(台幣)(本基金有相當比重投資於非投資等級之高風險債券且基金之配息來源可能為本金),群益投信,境內,ET004005/806,,765.0,1.28,-0.36,-2.34,-0.22,,,,,,,08/18,群益印美戰略多重資產基金A累積型台幣本基金有相當比重投資於非投資等級之高風險債券且基金之配息來源可能為本金
群益印美戰略多重資產基金NB月配型(台幣)(本基金有相當比重投資於非投資等級之高風險債券且基金之配息來源可能為本金),群益投信,境內,ET004005/806,,766.0,1.28,-0.36,-2.34,-0.22,,,,,,,08/18,群益印美戰略多重資產基金NB月配型台幣本基金有相當比重投資於非投資等級之高風險債券且基金之配息來源可能為本金
群益印美戰略多重資產基金B月配型(台幣)(本基金有相當比重投資於非投資等級之高風險債券且基金之配息來源可能為本金),群益投信,境內,ET004005/806,,767.0,1.28,-0.36,-2.34,-0.22,,,,,,,08/18,群益印美戰略多重資產基金B月配型台幣本基金有相當比重投資於非投資等級之高風險債券且基金之配息來源可能為本金
群益印美戰略多重資產基金NA累積型(台幣)(本基金有相當比重投資於非投資等級之高風險債券且基金之配息來源可能為本金),群益投信,境內,ET004005/806,,768.0,1.29,-0.36,-2.34,-0.22,,,,,,,08/18,群益印美戰略多重資產基金NA累積型台幣本基金有相當比重投資於非投資等級之高風險債券且基金之配息來源可能為本金
宏利實質多重資產基金-NA不配息(人民幣避險)(本基金有相當比重投資於非投資等級之高風險債券),宏利投信,境內,ET004005/806,,769.0,-1.26,-1.13,-2.58,0.3,7.86,-6.83,,,,,08/18,宏利實質多重資產基金NA不配息人民幣避險本基金有相當比重投資於非投資等級之高風險債券
宏利實質多重資產基金-NB月配息(人民幣避險)(本基金有相當比重投資於非投資等級之高風險債券且配息來源可能為本金),宏利投信,境內,ET004005/806,,770.0,-1.25,-1.1,-2.58,0.13,8.05,-6.87,,,,,08/18,宏利實質多重資產基金NB月配息人民幣避險本基金有相當比重投資於非投資等級之高風險債券且配息來源可能為本金
宏利實質多重資產基金-A不配息(人民幣避險)(本基金有相當比重投資於非投資等級之高風險債券),宏利投信,境內,ET004005/806,,771.0,-1.24,-1.09,-2.62,0.04,8.94,-6.04,,,,,08/18,宏利實質多重資產基金A不配息人民幣避險本基金有相當比重投資於非投資等級之高風險債券
宏利實質多重資產基金-B月配息(人民幣避險)(本基金有相當比重投資於非投資等級之高風險債券且配息來源可能為本金),宏利投信,境內,ET004005/806,,772.0,-1.24,-1.08,-2.65,0.04,8.26,-6.97,,,,,08/18,宏利實質多重資產基金B月配息人民幣避險本基金有相當比重投資於非投資等級之高風險債券且配息來源可能為本金
柏瑞多重資產特別收益基金N9不配息(日圓)(本基金有相當比重投資於非投資等級之高風險債券),柏瑞投信,境內,ET004005/806,,773.0,-1.1,-1.38,-2.68,-1.58,3.56,,,,,,08/18,柏瑞多重資產特別收益基金N9不配息日圓本基金有相當比重投資於非投資等級之高風險債券
柏瑞多重資產特別收益基金A不配息(日圓)(本基金有相當比重投資於非投資等級之高風險債券),柏瑞投信,境內,ET004005/806,,774.0,-1.1,-1.38,-2.68,-1.58,3.56,,,,,,08/18,柏瑞多重資產特別收益基金A不配息日圓本基金有相當比重投資於非投資等級之高風險債券
柏瑞多重資產特別收益基金N月配息(日圓)(本基金有相當比重投資於非投資等級之高風險債券且配息來源可能為本金),柏瑞投信,境內,ET004005/806,,775.0,-1.1,-1.38,-2.69,-1.58,3.56,,,,,,08/18,柏瑞多重資產特別收益基金N月配息日圓本基金有相當比重投資於非投資等級之高風險債券且配息來源可能為本金
柏瑞多重資產特別收益基金B月配息(日圓)(本基金有相當比重投資於非投資等級之高風險債券且配息來源可能為本金),柏瑞投信,境內,ET004005/806,,776.0,-1.1,-1.38,-2.69,-1.58,3.56,,,,,,08/18,柏瑞多重資產特別收益基金B月配息日圓本基金有相當比重投資於非投資等級之高風險債券且配息來源可能為本金
富達永續減碳商機多重資產收益基金-A類型累積型(人民幣避險)(本基金有相當比重投資於非投資等級之高風險債券),富達投信,境內,ET004005/806,,777.0,0.81,-1.88,-2.85,9.88,37.83,,,,,,08/18,富達永續減碳商機多重資產收益基金A類型累積型人民幣避險本基金有相當比重投資於非投資等級之高風險債券
富達永續減碳商機多重資產收益基金-A類型月配型(人民幣避險)(本基金有相當比重投資於非投資等級之高風險債券且配息來源可能為本金或收益平準金),富達投信,境內,ET004005/806,,778.0,0.81,-1.88,-2.85,9.82,37.76,,,,,,08/18,富達永續減碳商機多重資產收益基金A類型月配型人民幣避險本基金有相當比重投資於非投資等級之高風險債券且配息來源可能為本金或收益平準金
富達永續減碳商機多重資產收益基金-N類型累積型(人民幣避險)(本基金有相當比重投資於非投資等級之高風險債券),富達投信,境內,ET004005/806,,779.0,0.81,-1.88,-2.86,9.82,37.72,,,,,,08/18,富達永續減碳商機多重資產收益基金N類型累積型人民幣避險本基金有相當比重投資於非投資等級之高風險債券
富達永續減碳商機多重資產收益基金-N類型月配型(人民幣避險)(本基金有相當比重投資於非投資等級之高風險債券且配息來源可能為本金或收益平準金),富達投信,境內,ET004005/806,,780.0,0.81,-1.88,-2.9,9.53,37.42,,,,,,08/18,富達永續減碳商機多重資產收益基金N類型月配型人民幣避險本基金有相當比重投資於非投資等級之高風險債券且配息來源可能為本金或收益平準金
柏瑞多重資產特別收益基金N9不配息(人民幣)(本基金有相當比重投資於非投資等級之高風險債券),柏瑞投信,境內,ET004005/806,,781.0,-0.98,-1.38,-3.03,-2.58,5.98,0.63,,,,,08/18,柏瑞多重資產特別收益基金N9不配息人民幣本基金有相當比重投資於非投資等級之高風險債券
柏瑞多重資產特別收益基金A不配息(人民幣)(本基金有相當比重投資於非投資等級之高風險債券),柏瑞投信,境內,ET004005/806,,782.0,-0.98,-1.38,-3.03,-2.58,5.96,0.61,,,,,08/18,柏瑞多重資產特別收益基金A不配息人民幣本基金有相當比重投資於非投資等級之高風險債券
柏瑞多重資產特別收益基金N月配息(人民幣)(本基金有相當比重投資於非投資等級之高風險債券且配息來源可能為本金),柏瑞投信,境內,ET004005/806,,783.0,-0.98,-1.38,-3.03,-2.58,6.0,0.64,,,,,08/18,柏瑞多重資產特別收益基金N月配息人民幣本基金有相當比重投資於非投資等級之高風險債券且配息來源可能為本金
柏瑞多重資產特別收益基金B月配息(人民幣)(本基金有相當比重投資於非投資等級之高風險債券且配息來源可能為本金),柏瑞投信,境內,ET004005/806,,784.0,-0.98,-1.38,-3.03,-2.58,6.0,0.63,,,,,08/18,柏瑞多重資產特別收益基金B月配息人民幣本基金有相當比重投資於非投資等級之高風險債券且配息來源可能為本金
宏利實質多重資產基金-A不配息(澳幣避險)(本基金有相當比重投資於非投資等級之高風險債券),宏利投信,境內,ET004005/806,,785.0,-0.8,-1.62,-3.1,2.58,15.78,-2.94,,,,,08/18,宏利實質多重資產基金A不配息澳幣避險本基金有相當比重投資於非投資等級之高風險債券
安聯特別收益多重資產基金-B月配型(美元)(本基金有相當比重投資於非投資等級之高風險債券且配息來源可能為本金),安聯投信,境內,ET004005/806,,786.0,-1.35,-1.3,-3.27,-1.07,13.95,-3.78,,,,,08/18,安聯特別收益多重資產基金B月配型美元本基金有相當比重投資於非投資等級之高風險債券且配息來源可能為本金
安聯特別收益多重資產基金-N月配型(美元)(本基金有相當比重投資於非投資等級之高風險債券且配息來源可能為本金),安聯投信,境內,ET004005/806,,787.0,-1.35,-1.43,-3.27,-1.07,13.96,-3.8,,,,,08/18,安聯特別收益多重資產基金N月配型美元本基金有相當比重投資於非投資等級之高風險債券且配息來源可能為本金
安聯特別收益多重資產基金-A累積型(美元)(本基金有相當比重投資於非投資等級之高風險債券),安聯投信,境內,ET004005/806,,788.0,-1.36,-1.36,-3.28,-1.09,13.9,-3.8,,,,,08/18,安聯特別收益多重資產基金A累積型美元本基金有相當比重投資於非投資等級之高風險債券
宏利實質多重資產基金-A不配息(南非幣避險)(本基金有相當比重投資於非投資等級之高風險債券),宏利投信,境內,ET004005/806,,789.0,-2.76,-3.43,-3.47,0.08,18.39,18.39,,,,,08/18,宏利實質多重資產基金A不配息南非幣避險本基金有相當比重投資於非投資等級之高風險債券
東方匯理先進醫療科技多重資產基金-A2累積型(台幣)(本基金之配息來源可能為本金),東方匯理投信,境內,ET004005/806,,790.0,4.08,7.05,-3.52,-0.53,8.19,,,,,,08/18,東方匯理先進醫療科技多重資產基金A2累積型台幣本基金之配息來源可能為本金
東方匯理先進醫療科技多重資產基金-N2累積型(台幣)(本基金之配息來源可能為本金),東方匯理投信,境內,ET004005/806,,791.0,3.99,6.96,-3.61,-0.62,8.09,,,,,,08/18,東方匯理先進醫療科技多重資產基金N2累積型台幣本基金之配息來源可能為本金
群益印美戰略多重資產基金NB月配型(美元)(本基金有相當比重投資於非投資等級之高風險債券且基金之配息來源可能為本金),群益投信,境內,ET004005/806,,792.0,2.37,-1.61,-3.64,-6.11,,,,,,,08/18,群益印美戰略多重資產基金NB月配型美元本基金有相當比重投資於非投資等級之高風險債券且基金之配息來源可能為本金
群益印美戰略多重資產基金B月配型(美元)(本基金有相當比重投資於非投資等級之高風險債券且基金之配息來源可能為本金),群益投信,境內,ET004005/806,,793.0,2.37,-1.61,-3.65,-6.12,,,,,,,08/18,群益印美戰略多重資產基金B月配型美元本基金有相當比重投資於非投資等級之高風險債券且基金之配息來源可能為本金
群益印美戰略多重資產基金NA累積型(美元)(本基金有相當比重投資於非投資等級之高風險債券且基金之配息來源可能為本金),群益投信,境內,ET004005/806,,794.0,2.37,-1.61,-3.65,-6.12,,,,,,,08/18,群益印美戰略多重資產基金NA累積型美元本基金有相當比重投資於非投資等級之高風險債券且基金之配息來源可能為本金
群益印美戰略多重資產基金A累積型(美元)(本基金有相當比重投資於非投資等級之高風險債券且基金之配息來源可能為本金),群益投信,境內,ET004005/806,,795.0,2.37,-1.61,-3.65,-6.12,,,,,,,08/18,群益印美戰略多重資產基金A累積型美元本基金有相當比重投資於非投資等級之高風險債券且基金之配息來源可能為本金
東方匯理先進醫療科技多重資產基金-A2累積型(南非幣避險)(本基金之配息來源可能為本金),東方匯理投信,境內,ET004005/806,,796.0,5.26,6.19,-3.85,-4.53,21.21,,,,,,08/18,東方匯理先進醫療科技多重資產基金A2累積型南非幣避險本基金之配息來源可能為本金
東方匯理先進醫療科技多重資產基金-N2累積型(南非幣避險)(本基金之配息來源可能為本金),東方匯理投信,境內,ET004005/806,,797.0,5.36,6.18,-3.99,-5.0,3.64,,,,,,08/18,東方匯理先進醫療科技多重資產基金N2累積型南非幣避險本基金之配息來源可能為本金
東方匯理先進醫療科技多重資產基金-AD月配型(台幣)(本基金之配息來源可能為本金),東方匯理投信,境內,ET004005/806,,798.0,3.46,6.98,-4.08,-1.06,7.72,,,,,,08/18,東方匯理先進醫療科技多重資產基金AD月配型台幣本基金之配息來源可能為本金
東方匯理先進醫療科技多重資產基金-ND月配型(台幣)(本基金之配息來源可能為本金),東方匯理投信,境內,ET004005/806,,799.0,3.46,6.98,-4.08,-1.06,7.72,,,,,,08/18,東方匯理先進醫療科技多重資產基金ND月配型台幣本基金之配息來源可能為本金
安聯特別收益多重資產基金-HN月配型(台幣避險)(本基金有相當比重投資於非投資等級之高風險債券且配息來源可能為本金),安聯投信,境內,ET004005/806,,800.0,-1.6,-1.68,-4.13,-2.84,3.5,-13.77,,,,,08/18,安聯特別收益多重資產基金HN月配型台幣避險本基金有相當比重投資於非投資等級之高風險債券且配息來源可能為本金
安聯特別收益多重資產基金-HA累積型(台幣避險)(本基金有相當比重投資於非投資等級之高風險債券),安聯投信,境內,ET004005/806,,801.0,-1.63,-1.73,-4.17,-2.92,3.43,-13.84,,,,,08/18,安聯特別收益多重資產基金HA累積型台幣避險本基金有相當比重投資於非投資等級之高風險債券
安聯特別收益多重資產基金-HB月配型(台幣避險)(本基金有相當比重投資於非投資等級之高風險債券且配息來源可能為本金),安聯投信,境內,ET004005/806,,802.0,-1.73,-1.81,-4.26,-2.96,3.37,-13.88,,,,,08/18,安聯特別收益多重資產基金HB月配型台幣避險本基金有相當比重投資於非投資等級之高風險債券且配息來源可能為本金
安聯特別收益多重資產基金-HA累積型(人民幣避險)(本基金有相當比重投資於非投資等級之高風險債券),安聯投信,境內,ET004005/806,,803.0,-1.51,-1.97,-4.39,-3.77,5.66,-9.28,,,,,08/18,安聯特別收益多重資產基金HA累積型人民幣避險本基金有相當比重投資於非投資等級之高風險債券
安聯特別收益多重資產基金-HB月配型(人民幣避險)(本基金有相當比重投資於非投資等級之高風險債券且配息來源可能為本金),安聯投信,境內,ET004005/806,,804.0,-1.6,-1.99,-4.48,-3.73,5.65,-9.22,,,,,08/18,安聯特別收益多重資產基金HB月配型人民幣避險本基金有相當比重投資於非投資等級之高風險債券且配息來源可能為本金
安聯特別收益多重資產基金-HN月配型(人民幣避險)(本基金有相當比重投資於非投資等級之高風險債券且配息來源可能為本金),安聯投信,境內,ET004005/806,,805.0,-1.6,-1.99,-4.49,-3.86,5.65,-9.34,,,,,08/18,安聯特別收益多重資產基金HN月配型人民幣避險本基金有相當比重投資於非投資等級之高風險債券且配息來源可能為本金
東方匯理先進醫療科技多重資產基金-AD月配型(南非幣避險)(本基金之配息來源可能為本金),東方匯理投信,境內,ET004005/806,,806.0,4.58,6.52,-4.73,-7.01,12.86,,,,,,08/18,東方匯理先進醫療科技多重資產基金AD月配型南非幣避險本基金之配息來源可能為本金
東方匯理先進醫療科技多重資產基金-ND月配型(南非幣避險)(本基金之配息來源可能為本金),東方匯理投信,境內,ET004005/806,,807.0,4.47,6.43,-4.86,-5.8,14.34,,,,,,08/18,東方匯理先進醫療科技多重資產基金ND月配型南非幣避險本基金之配息來源可能為本金
東方匯理先進醫療科技多重資產基金-A2累積型(美元)(本基金之配息來源可能為本金),東方匯理投信,境內,ET004005/806,,808.0,5.12,5.61,-4.88,-6.46,8.13,,,,,,08/18,東方匯理先進醫療科技多重資產基金A2累積型美元本基金之配息來源可能為本金
東方匯理先進醫療科技多重資產基金-N2累積型(美元)(本基金之配息來源可能為本金),東方匯理投信,境內,ET004005/806,,809.0,5.12,5.71,-4.88,-6.46,8.13,,,,,,08/18,東方匯理先進醫療科技多重資產基金N2累積型美元本基金之配息來源可能為本金
東方匯理先進醫療科技多重資產基金-A2累積型(澳幣避險)(本基金之配息來源可能為本金),東方匯理投信,境內,ET004005/806,,810.0,5.17,5.69,-4.94,-6.59,6.73,,,,,,08/18,東方匯理先進醫療科技多重資產基金A2累積型澳幣避險本基金之配息來源可能為本金
東方匯理先進醫療科技多重資產基金-N2累積型(澳幣避險)(本基金之配息來源可能為本金),東方匯理投信,境內,ET004005/806,,811.0,5.21,5.73,-4.97,-6.71,4.49,,,,,,08/18,東方匯理先進醫療科技多重資產基金N2累積型澳幣避險本基金之配息來源可能為本金
東方匯理先進醫療科技多重資產基金-AD月配型(澳幣避險)(本基金之配息來源可能為本金),東方匯理投信,境內,ET004005/806,,812.0,4.75,5.88,-5.26,-7.17,3.7,,,,,,08/18,東方匯理先進醫療科技多重資產基金AD月配型澳幣避險本基金之配息來源可能為本金
東方匯理先進醫療科技多重資產基金-ND月配型(美元)(本基金之配息來源可能為本金),東方匯理投信,境內,ET004005/806,,813.0,4.71,5.75,-5.27,-6.79,7.8,,,,,,08/18,東方匯理先進醫療科技多重資產基金ND月配型美元本基金之配息來源可能為本金
東方匯理先進醫療科技多重資產基金-AD月配型(美元)(本基金之配息來源可能為本金),東方匯理投信,境內,ET004005/806,,814.0,4.6,5.75,-5.37,-6.89,7.69,,,,,,08/18,東方匯理先進醫療科技多重資產基金AD月配型美元本基金之配息來源可能為本金
東方匯理先進醫療科技多重資產基金-ND月配型(澳幣避險)(本基金之配息來源可能為本金),東方匯理投信,境內,ET004005/806,,815.0,4.65,5.79,-5.41,-7.23,4.27,,,,,,08/18,東方匯理先進醫療科技多重資產基金ND月配型澳幣避險本基金之配息來源可能為本金
東方匯理先進醫療科技多重資產基金-A2累積型(人民幣避險)(本基金之配息來源可能為本金),東方匯理投信,境內,ET004005/806,,816.0,4.95,4.95,-6.18,-8.87,-0.39,,,,,,08/18,東方匯理先進醫療科技多重資產基金A2累積型人民幣避險本基金之配息來源可能為本金
東方匯理先進醫療科技多重資產基金-N2累積型(人民幣避險)(本基金之配息來源可能為本金),東方匯理投信,境內,ET004005/806,,817.0,4.85,4.85,-6.27,-8.96,-0.59,,,,,,08/18,東方匯理先進醫療科技多重資產基金N2累積型人民幣避險本基金之配息來源可能為本金
聯邦日本收益成長多重資產基金-NA不配息(美元避險)(本基金配息來源可能為本金),聯邦投信,境內,ET004005/806,,818.0,0.55,-5.5,-6.46,,,,,,,,08/18,聯邦日本收益成長多重資產基金NA不配息美元避險本基金配息來源可能為本金
聯邦日本收益成長多重資產基金-A不配息(美元避險)(本基金配息來源可能為本金),聯邦投信,境內,ET004005/806,,819.0,0.55,-5.5,-6.47,,,,,,,,08/18,聯邦日本收益成長多重資產基金A不配息美元避險本基金配息來源可能為本金
聯邦日本收益成長多重資產基金-NA不配息(日圓)(本基金配息來源可能為本金),聯邦投信,境內,ET004005/806,,820.0,0.46,-5.71,-6.5,,,,,,,,08/18,聯邦日本收益成長多重資產基金NA不配息日圓本基金配息來源可能為本金
聯邦日本收益成長多重資產基金-A不配息(日圓)(本基金配息來源可能為本金),聯邦投信,境內,ET004005/806,,821.0,0.46,-5.71,-6.51,,,,,,,,08/18,聯邦日本收益成長多重資產基金A不配息日圓本基金配息來源可能為本金
東方匯理先進醫療科技多重資產基金-ND月配型(人民幣避險)(本基金之配息來源可能為本金),東方匯理投信,境內,ET004005/806,,822.0,4.49,5.06,-6.58,-9.29,-0.83,,,,,,08/18,東方匯理先進醫療科技多重資產基金ND月配型人民幣避險本基金之配息來源可能為本金
東方匯理先進醫療科技多重資產基金-AD月配型(人民幣避險)(本基金之配息來源可能為本金),東方匯理投信,境內,ET004005/806,,823.0,4.5,4.94,-6.6,-9.22,-0.95,,,,,,08/18,東方匯理先進醫療科技多重資產基金AD月配型人民幣避險本基金之配息來源可能為本金
凱基實質收息多重資產基金NA不配息(美元)(基金之配息來源可能為本金且並無保證收益及配息),凱基投信,境內,ET004005/806,,824.0,-0.86,-0.11,-6.78,1.1,15.91,,,,,,08/18,凱基實質收息多重資產基金NA不配息美元基金之配息來源可能為本金且並無保證收益及配息
中國信託亞太實質收息多重資產基金-B分配型(台幣)(基金之配息來源可能為本金且基金並無保證收益及配息),中國信託投信,境內,ET004005/806,,825.0,-1.46,-7.68,-7.63,-4.37,7.33,3.86,,,,,08/18,中國信託亞太實質收息多重資產基金B分配型台幣基金之配息來源可能為本金且基金並無保證收益及配息
中國信託亞太實質收息多重資產基金-NB分配型(台幣)(基金之配息來源可能為本金且基金並無保證收益及配息),中國信託投信,境內,ET004005/806,,826.0,-1.59,-7.68,-7.63,-4.37,7.33,3.86,,,,,08/18,中國信託亞太實質收息多重資產基金NB分配型台幣基金之配息來源可能為本金且基金並無保證收益及配息
中國信託亞太實質收息多重資產基金-A累積型(台幣)(基金之配息來源可能為本金且基金並無保證收益及配息),中國信託投信,境內,ET004005/806,,827.0,-1.48,-7.71,-7.63,-4.4,7.36,3.9,,,,,08/18,中國信託亞太實質收息多重資產基金A累積型台幣基金之配息來源可能為本金且基金並無保證收益及配息
聯邦日本收益成長多重資產基金-ND季配息(日圓)(本基金配息來源可能為本金),聯邦投信,境內,ET004005/806,,828.0,-0.78,-6.88,-7.66,,,,,,,,08/18,聯邦日本收益成長多重資產基金ND季配息日圓本基金配息來源可能為本金
聯邦日本收益成長多重資產基金-B季配息(日圓)(本基金配息來源可能為本金),聯邦投信,境內,ET004005/806,,829.0,-0.78,-6.88,-7.67,,,,,,,,08/18,聯邦日本收益成長多重資產基金B季配息日圓本基金配息來源可能為本金
聯邦日本收益成長多重資產基金-B季配息(美元避險)(本基金配息來源可能為本金),聯邦投信,境內,ET004005/806,,830.0,-1.18,-7.12,-8.09,,,,,,,,08/18,聯邦日本收益成長多重資產基金B季配息美元避險本基金配息來源可能為本金
聯邦日本收益成長多重資產基金-ND季配息(美元避險)(本基金配息來源可能為本金),聯邦投信,境內,ET004005/806,,831.0,-1.18,-7.12,-8.09,,,,,,,,08/18,聯邦日本收益成長多重資產基金ND季配息美元避險本基金配息來源可能為本金
中國信託亞太實質收息多重資產基金-NB分配型(澳幣)(基金之配息來源可能為本金且基金並無保證收益及配息),中國信託投信,境內,ET004005/806,,832.0,-1.77,-7.78,-8.46,-17.53,-2.95,-7.52,,,,,08/18,中國信託亞太實質收息多重資產基金NB分配型澳幣基金之配息來源可能為本金且基金並無保證收益及配息
中國信託亞太實質收息多重資產基金-B分配型(澳幣)(基金之配息來源可能為本金且基金並無保證收益及配息),中國信託投信,境內,ET004005/806,,833.0,-1.92,-7.8,-8.47,-17.65,-2.98,-7.56,,,,,08/18,中國信託亞太實質收息多重資產基金B分配型澳幣基金之配息來源可能為本金且基金並無保證收益及配息
中國信託亞太實質收息多重資產基金-A累積型(美元)(基金之配息來源可能為本金且基金並無保證收益及配息),中國信託投信,境內,ET004005/806,,834.0,-0.4,-8.8,-8.88,-9.95,7.34,-9.38,,,,,08/18,中國信託亞太實質收息多重資產基金A累積型美元基金之配息來源可能為本金且基金並無保證收益及配息
中國信託亞太實質收息多重資產基金-B分配型(美元)(基金之配息來源可能為本金且基金並無保證收益及配息),中國信託投信,境內,ET004005/806,,835.0,-0.4,-8.82,-8.96,-10.07,7.3,-9.45,,,,,08/18,中國信託亞太實質收息多重資產基金B分配型美元基金之配息來源可能為本金且基金並無保證收益及配息
中國信託亞太實質收息多重資產基金-NB分配型(美元)(基金之配息來源可能為本金且基金並無保證收益及配息),中國信託投信,境內,ET004005/806,,836.0,-0.53,-8.93,-8.96,-10.07,7.29,-9.45,,,,,08/18,中國信託亞太實質收息多重資產基金NB分配型美元基金之配息來源可能為本金且基金並無保證收益及配息
聯邦日本收益成長多重資產基金-NA不配息(台幣)(本基金配息來源可能為本金),聯邦投信,境內,ET004005/806,,837.0,1.07,-4.99,-9.39,,,,,,,,08/18,聯邦日本收益成長多重資產基金NA不配息台幣本基金配息來源可能為本金
聯邦日本收益成長多重資產基金-A不配息(台幣)(本基金配息來源可能為本金),聯邦投信,境內,ET004005/806,,838.0,1.07,-4.98,-9.41,,,,,,,,08/18,聯邦日本收益成長多重資產基金A不配息台幣本基金配息來源可能為本金
聯邦日本收益成長多重資產基金-ND季配息(台幣)(本基金配息來源可能為本金),聯邦投信,境內,ET004005/806,,839.0,-0.19,-6.17,-10.52,,,,,,,,08/18,聯邦日本收益成長多重資產基金ND季配息台幣本基金配息來源可能為本金
聯邦日本收益成長多重資產基金-B季配息(台幣)(本基金配息來源可能為本金),聯邦投信,境內,ET004005/806,,840.0,-0.19,-6.17,-10.53,,,,,,,,08/18,聯邦日本收益成長多重資產基金B季配息台幣本基金配息來源可能為本金
聯邦日本收益成長多重資產基金-NA不配息(美元)(本基金配息來源可能為本金),聯邦投信,境內,ET004005/806,,841.0,2.15,-6.18,-10.6,,,,,,,,08/18,聯邦日本收益成長多重資產基金NA不配息美元本基金配息來源可能為本金
聯邦日本收益成長多重資產基金-A不配息(美元)(本基金配息來源可能為本金),聯邦投信,境內,ET004005/806,,842.0,2.16,-6.17,-10.62,,,,,,,,08/18,聯邦日本收益成長多重資產基金A不配息美元本基金配息來源可能為本金
聯邦日本收益成長多重資產基金-ND季配息(美元)(本基金配息來源可能為本金),聯邦投信,境內,ET004005/806,,843.0,0.9,-7.32,-11.71,,,,,,,,08/18,聯邦日本收益成長多重資產基金ND季配息美元本基金配息來源可能為本金
聯邦日本收益成長多重資產基金-B季配息(美元)(本基金配息來源可能為本金),聯邦投信,境內,ET004005/806,,844.0,0.9,-7.33,-11.72,,,,,,,,08/18,聯邦日本收益成長多重資產基金B季配息美元本基金配息來源可能為本金
元大優質收益成長多重資產基金A不配息(台幣)(本基金之配息來源可能為本金),元大投信,境內,ET004005/806,,845.0,-1.91,,,,,,,,,,08/18,元大優質收益成長多重資產基金A不配息台幣本基金之配息來源可能為本金
元大優質收益成長多重資產基金B配息(台幣)(本基金之配息來源可能為本金),元大投信,境內,ET004005/806,,846.0,-1.91,,,,,,,,,,08/18,元大優質收益成長多重資產基金B配息台幣本基金之配息來源可能為本金
元大優質收益成長多重資產基金IA不配息(台幣)(本基金之配息來源可能為本金),元大投信,境內,ET004005/806,,847.0,,,,,,,,,,,08/18,元大優質收益成長多重資產基金IA不配息台幣本基金之配息來源可能為本金
元大優質收益成長多重資產基金IB配息(台幣)(本基金之配息來源可能為本金),元大投信,境內,ET004005/806,,848.0,,,,,,,,,,,08/18,元大優質收益成長多重資產基金IB配息台幣本基金之配息來源可能為本金
元大優質收益成長多重資產基金NA不配息(台幣)(本基金之配息來源可能為本金),元大投信,境內,ET004005/806,,849.0,-1.91,,,,,,,,,,08/18,元大優質收益成長多重資產基金NA不配息台幣本基金之配息來源可能為本金
元大優質收益成長多重資產基金NB配息(台幣)(本基金之配息來源可能為本金),元大投信,境內,ET004005/806,,850.0,-1.91,,,,,,,,,,08/18,元大優質收益成長多重資產基金NB配息台幣本基金之配息來源可能為本金
元大優質收益成長多重資產基金A不配息(美元)(本基金之配息來源可能為本金),元大投信,境內,ET004005/806,,851.0,-0.86,,,,,,,,,,08/18,元大優質收益成長多重資產基金A不配息美元本基金之配息來源可能為本金
元大優質收益成長多重資產基金B配息(美元)(本基金之配息來源可能為本金),元大投信,境內,ET004005/806,,852.0,-0.86,,,,,,,,,,08/18,元大優質收益成長多重資產基金B配息美元本基金之配息來源可能為本金
元大優質收益成長多重資產基金IA不配息(美元)(本基金之配息來源可能為本金),元大投信,境內,ET004005/806,,853.0,,,,,,,,,,,08/18,元大優質收益成長多重資產基金IA不配息美元本基金之配息來源可能為本金
元大優質收益成長多重資產基金IB配息(美元)(本基金之配息來源可能為本金),元大投信,境內,ET004005/806,,854.0,,,,,,,,,,,08/18,元大優質收益成長多重資產基金IB配息美元本基金之配息來源可能為本金
元大優質收益成長多重資產基金NA不配息(美元)(本基金之配息來源可能為本金),元大投信,境內,ET004005/806,,855.0,-0.86,,,,,,,,,,08/18,元大優質收益成長多重資產基金NA不配息美元本基金之配息來源可能為本金
元大優質收益成長多重資產基金NB配息(美元)(本基金之配息來源可能為本金),元大投信,境內,ET004005/806,,856.0,-0.86,,,,,,,,,,08/18,元大優質收益成長多重資產基金NB配息美元本基金之配息來源可能為本金
元大優質收益成長多重資產基金A不配息(日圓)(本基金之配息來源可能為本金),元大投信,境內,ET004005/806,,857.0,-2.62,,,,,,,,,,08/18,元大優質收益成長多重資產基金A不配息日圓本基金之配息來源可能為本金
元大優質收益成長多重資產基金B配息(日圓)(本基金之配息來源可能為本金),元大投信,境內,ET004005/806,,858.0,-2.62,,,,,,,,,,08/18,元大優質收益成長多重資產基金B配息日圓本基金之配息來源可能為本金
元大優質收益成長多重資產基金IA不配息(日圓)(本基金之配息來源可能為本金),元大投信,境內,ET004005/806,,859.0,,,,,,,,,,,08/18,元大優質收益成長多重資產基金IA不配息日圓本基金之配息來源可能為本金
元大優質收益成長多重資產基金IB配息(日圓)(本基金之配息來源可能為本金),元大投信,境內,ET004005/806,,860.0,,,,,,,,,,,08/18,元大優質收益成長多重資產基金IB配息日圓本基金之配息來源可能為本金
元大優質收益成長多重資產基金NA不配息(日圓)(本基金之配息來源可能為本金),元大投信,境內,ET004005/806,,861.0,-2.62,,,,,,,,,,08/18,元大優質收益成長多重資產基金NA不配息日圓本基金之配息來源可能為本金
元大優質收益成長多重資產基金NB配息(日圓)(本基金之配息來源可能為本金),元大投信,境內,ET004005/806,,862.0,-2.62,,,,,,,,,,08/18,元大優質收益成長多重資產基金NB配息日圓本基金之配息來源可能為本金
凱基收益成長多重資產基金NA不配息(日圓)(本基金有相當比重投資於非投資等級之高風險債券且配息來源可能為本金),凱基投信,境內,ET004005/806,,863.0,,,,,,,,,,,08/19,凱基收益成長多重資產基金NA不配息日圓本基金有相當比重投資於非投資等級之高風險債券且配息來源可能為本金
凱基收益成長多重資產基金B配息(日圓)(本基金有相當比重投資於非投資等級之高風險債券且配息來源可能為本金),凱基投信,境內,ET004005/806,,864.0,,,,,,,,,,,08/19,凱基收益成長多重資產基金B配息日圓本基金有相當比重投資於非投資等級之高風險債券且配息來源可能為本金
凱基收益成長多重資產基金NB配息(日圓)(本基金有相當比重投資於非投資等級之高風險債券且配息來源可能為本金),凱基投信,境內,ET004005/806,,865.0,,,,,,,,,,,08/19,凱基收益成長多重資產基金NB配息日圓本基金有相當比重投資於非投資等級之高風險債券且配息來源可能為本金
聯博亞太多重資產基金AD配息(美元)(本基金得投資於非投資等級之高風險債券且配息來源可能為本金及收益平準金),聯博投信,境內,ET004005/806,,866.0,,,,,,,,,,,08/18,聯博亞太多重資產基金AD配息美元本基金得投資於非投資等級之高風險債券且配息來源可能為本金及收益平準金
聯博亞太多重資產基金N配息(台幣)(本基金得投資於非投資等級之高風險債券且配息來源可能為本金及收益平準金),聯博投信,境內,ET004005/806,,867.0,,,,,,,,,,,08/18,聯博亞太多重資產基金N配息台幣本基金得投資於非投資等級之高風險債券且配息來源可能為本金及收益平準金
聯博亞太多重資產基金N配息(美元)(本基金得投資於非投資等級之高風險債券且配息來源可能為本金及收益平準金),聯博投信,境內,ET004005/806,,868.0,,,,,,,,,,,08/18,聯博亞太多重資產基金N配息美元本基金得投資於非投資等級之高風險債券且配息來源可能為本金及收益平準金
路博邁收益成長多重資產基金T月配型(日圓)(本基金得投資於非投資等級之高風險債券且配息來源可能為本金),路博邁投信,境內,ET004005/806,,869.0,,,,,,,,,,,08/18,路博邁收益成長多重資產基金T月配型日圓本基金得投資於非投資等級之高風險債券且配息來源可能為本金
路博邁收益成長多重資產基金N月配型(日圓)(本基金得投資於非投資等級之高風險債券且配息來源可能為本金),路博邁投信,境內,ET004005/806,,870.0,,,,,,,,,,,08/18,路博邁收益成長多重資產基金N月配型日圓本基金得投資於非投資等級之高風險債券且配息來源可能為本金
野村台日優選多重資產基金-累積型(台幣)(本基金有相當比重投資於非投資等級之高風險債券且配息來源可能為本金),野村投信,境內,ET004005/806,,871.0,,,,,,,,,,,08/19,野村台日優選多重資產基金累積型台幣本基金有相當比重投資於非投資等級之高風險債券且配息來源可能為本金
野村台日優選多重資產基金-月配型(台幣)(本基金有相當比重投資於非投資等級之高風險債券且配息來源可能為本金),野村投信,境內,ET004005/806,,872.0,,,,,,,,,,,08/19,野村台日優選多重資產基金月配型台幣本基金有相當比重投資於非投資等級之高風險債券且配息來源可能為本金
野村台日優選多重資產基金-累積N類型(台幣)(本基金有相當比重投資於非投資等級之高風險債券且配息來源可能為本金),野村投信,境內,ET004005/806,,873.0,,,,,,,,,,,08/19,野村台日優選多重資產基金累積N類型台幣本基金有相當比重投資於非投資等級之高風險債券且配息來源可能為本金
野村台日優選多重資產基金-月配N類型(台幣)(本基金有相當比重投資於非投資等級之高風險債券且配息來源可能為本金),野村投信,境內,ET004005/806,,874.0,,,,,,,,,,,08/18,野村台日優選多重資產基金月配N類型台幣本基金有相當比重投資於非投資等級之高風險債券且配息來源可能為本金
野村台日優選多重資產基金-累積型(美元)(本基金有相當比重投資於非投資等級之高風險債券且配息來源可能為本金),野村投信,境內,ET004005/806,,875.0,,,,,,,,,,,08/18,野村台日優選多重資產基金累積型美元本基金有相當比重投資於非投資等級之高風險債券且配息來源可能為本金
野村台日優選多重資產基金-月配型(美元)(本基金有相當比重投資於非投資等級之高風險債券且配息來源可能為本金),野村投信,境內,ET004005/806,,876.0,,,,,,,,,,,08/18,野村台日優選多重資產基金月配型美元本基金有相當比重投資於非投資等級之高風險債券且配息來源可能為本金
野村台日優選多重資產基金-累積N類型(美元)(本基金有相當比重投資於非投資等級之高風險債券且配息來源可能為本金),野村投信,境內,ET004005/806,,877.0,,,,,,,,,,,08/18,野村台日優選多重資產基金累積N類型美元本基金有相當比重投資於非投資等級之高風險債券且配息來源可能為本金
野村台日優選多重資產基金-月配N類型(美元)(本基金有相當比重投資於非投資等級之高風險債券且配息來源可能為本金),野村投信,境內,ET004005/806,,878.0,,,,,,,,,,,08/18,野村台日優選多重資產基金月配N類型美元本基金有相當比重投資於非投資等級之高風險債券且配息來源可能為本金
野村台日優選多重資產基金-月配型(日圓)(本基金有相當比重投資於非投資等級之高風險債券且配息來源可能為本金),野村投信,境內,ET004005/806,,879.0,,,,,,,,,,,08/18,野村台日優選多重資產基金月配型日圓本基金有相當比重投資於非投資等級之高風險債券且配息來源可能為本金
野村台日優選多重資產基金-月配N類型(日圓)(本基金有相當比重投資於非投資等級之高風險債券且配息來源可能為本金),野村投信,境內,ET004005/806,,880.0,,,,,,,,,,,08/18,野村台日優選多重資產基金月配N類型日圓本基金有相當比重投資於非投資等級之高風險債券且配息來源可能為本金
兆豐美國戰略智造多重資產基金A累積型(台幣)(本基金有相當比重投資於非投資等級之高風險債券且配息來源可能為本金),兆豐投信,境內,ET004005/806,,881.0,1.12,,,,,,,,,,08/18,兆豐美國戰略智造多重資產基金A累積型台幣本基金有相當比重投資於非投資等級之高風險債券且配息來源可能為本金
兆豐美國戰略智造多重資產基金B季配型(台幣)(本基金有相當比重投資於非投資等級之高風險債券且配息來源可能為本金),兆豐投信,境內,ET004005/806,,882.0,1.12,,,,,,,,,,08/18,兆豐美國戰略智造多重資產基金B季配型台幣本基金有相當比重投資於非投資等級之高風險債券且配息來源可能為本金
兆豐美國戰略智造多重資產基金NA後收累積型(台幣)(本基金有相當比重投資於非投資等級之高風險債券且配息來源可能為本金),兆豐投信,境內,ET004005/806,,883.0,1.12,,,,,,,,,,08/18,兆豐美國戰略智造多重資產基金NA後收累積型台幣本基金有相當比重投資於非投資等級之高風險債券且配息來源可能為本金
兆豐美國戰略智造多重資產基金NB後收季配型(台幣)(本基金有相當比重投資於非投資等級之高風險債券且配息來源可能為本金),兆豐投信,境內,ET004005/806,,884.0,1.12,,,,,,,,,,08/18,兆豐美國戰略智造多重資產基金NB後收季配型台幣本基金有相當比重投資於非投資等級之高風險債券且配息來源可能為本金
兆豐美國戰略智造多重資產基金A累積型(美元)(本基金有相當比重投資於非投資等級之高風險債券且配息來源可能為本金),兆豐投信,境內,ET004005/806,,885.0,1.84,,,,,,,,,,08/18,兆豐美國戰略智造多重資產基金A累積型美元本基金有相當比重投資於非投資等級之高風險債券且配息來源可能為本金
兆豐美國戰略智造多重資產基金B季配型(美元)(本基金有相當比重投資於非投資等級之高風險債券且配息來源可能為本金),兆豐投信,境內,ET004005/806,,886.0,1.84,,,,,,,,,,08/18,兆豐美國戰略智造多重資產基金B季配型美元本基金有相當比重投資於非投資等級之高風險債券且配息來源可能為本金
兆豐美國戰略智造多重資產基金NA後收累積型(美元)(本基金有相當比重投資於非投資等級之高風險債券且配息來源可能為本金),兆豐投信,境內,ET004005/806,,887.0,1.84,,,,,,,,,,08/18,兆豐美國戰略智造多重資產基金NA後收累積型美元本基金有相當比重投資於非投資等級之高風險債券且配息來源可能為本金
兆豐美國戰略智造多重資產基金NB後收季配型(美元)(本基金有相當比重投資於非投資等級之高風險債券且配息來源可能為本金),兆豐投信,境內,ET004005/806,,888.0,1.84,,,,,,,,,,08/18,兆豐美國戰略智造多重資產基金NB後收季配型美元本基金有相當比重投資於非投資等級之高風險債券且配息來源可能為本金
富蘭克林華美美國收益多重資產基金-A累積型(台幣)(本基金有相當比重投資於非投資等級之高風險債券且基金之配息來源可能為本金),富蘭克林華美投信,境內,ET004005/806,,889.0,1.39,,,,,,,,,,08/18,富蘭克林華美美國收益多重資產基金A累積型台幣本基金有相當比重投資於非投資等級之高風險債券且基金之配息來源可能為本金
富蘭克林華美美國收益多重資產基金-B分配型(台幣)(本基金有相當比重投資於非投資等級之高風險債券且基金之配息來源可能為本金),富蘭克林華美投信,境內,ET004005/806,,890.0,1.39,,,,,,,,,,08/18,富蘭克林華美美國收益多重資產基金B分配型台幣本基金有相當比重投資於非投資等級之高風險債券且基金之配息來源可能為本金
富蘭克林華美美國收益多重資產基金-NA累積型(台幣)(本基金有相當比重投資於非投資等級之高風險債券且基金之配息來源可能為本金),富蘭克林華美投信,境內,ET004005/806,,891.0,1.39,,,,,,,,,,08/18,富蘭克林華美美國收益多重資產基金NA累積型台幣本基金有相當比重投資於非投資等級之高風險債券且基金之配息來源可能為本金
富蘭克林華美美國收益多重資產基金-NB分配型(台幣)(本基金有相當比重投資於非投資等級之高風險債券且基金之配息來源可能為本金),富蘭克林華美投信,境內,ET004005/806,,892.0,1.39,,,,,,,,,,08/18,富蘭克林華美美國收益多重資產基金NB分配型台幣本基金有相當比重投資於非投資等級之高風險債券且基金之配息來源可能為本金
富蘭克林華美美國收益多重資產基金-A累積型(美元)(本基金有相當比重投資於非投資等級之高風險債券且基金之配息來源可能為本金),富蘭克林華美投信,境內,ET004005/806,,893.0,2.52,,,,,,,,,,08/18,富蘭克林華美美國收益多重資產基金A累積型美元本基金有相當比重投資於非投資等級之高風險債券且基金之配息來源可能為本金
富蘭克林華美美國收益多重資產基金-B分配型(美元)(本基金有相當比重投資於非投資等級之高風險債券且基金之配息來源可能為本金),富蘭克林華美投信,境內,ET004005/806,,894.0,2.52,,,,,,,,,,08/18,富蘭克林華美美國收益多重資產基金B分配型美元本基金有相當比重投資於非投資等級之高風險債券且基金之配息來源可能為本金
富蘭克林華美美國收益多重資產基金-NA累積型(美元)(本基金有相當比重投資於非投資等級之高風險債券且基金之配息來源可能為本金),富蘭克林華美投信,境內,ET004005/806,,895.0,2.52,,,,,,,,,,08/18,富蘭克林華美美國收益多重資產基金NA累積型美元本基金有相當比重投資於非投資等級之高風險債券且基金之配息來源可能為本金
富蘭克林華美美國收益多重資產基金-NB分配型(美元)(本基金有相當比重投資於非投資等級之高風險債券且基金之配息來源可能為本金),富蘭克林華美投信,境內,ET004005/806,,896.0,2.52,,,,,,,,,,08/18,富蘭克林華美美國收益多重資產基金NB分配型美元本基金有相當比重投資於非投資等級之高風險債券且基金之配息來源可能為本金
富蘭克林華美美國收益多重資產基金-A累積型(人民幣)(本基金有相當比重投資於非投資等級之高風險債券且基金之配息來源可能為本金),富蘭克林華美投信,境內,ET004005/806,,897.0,2.02,,,,,,,,,,08/18,富蘭克林華美美國收益多重資產基金A累積型人民幣本基金有相當比重投資於非投資等級之高風險債券且基金之配息來源可能為本金
富蘭克林華美美國收益多重資產基金-B分配型(人民幣)(本基金有相當比重投資於非投資等級之高風險債券且基金之配息來源可能為本金),富蘭克林華美投信,境內,ET004005/806,,898.0,2.02,,,,,,,,,,08/18,富蘭克林華美美國收益多重資產基金B分配型人民幣本基金有相當比重投資於非投資等級之高風險債券且基金之配息來源可能為本金
富蘭克林華美美國收益多重資產基金-NB分配型(人民幣)(本基金有相當比重投資於非投資等級之高風險債券且基金之配息來源可能為本金),富蘭克林華美投信,境內,ET004005/806,,899.0,2.02,,,,,,,,,,08/18,富蘭克林華美美國收益多重資產基金NB分配型人民幣本基金有相當比重投資於非投資等級之高風險債券且基金之配息來源可能為本金
富蘭克林華美美國收益多重資產基金-A累積型(日圓)(本基金有相當比重投資於非投資等級之高風險債券且基金之配息來源可能為本金),富蘭克林華美投信,境內,ET004005/806,,900.0,0.71,,,,,,,,,,08/18,富蘭克林華美美國收益多重資產基金A累積型日圓本基金有相當比重投資於非投資等級之高風險債券且基金之配息來源可能為本金
富蘭克林華美美國收益多重資產基金-B分配型(日圓)(本基金有相當比重投資於非投資等級之高風險債券且基金之配息來源可能為本金),富蘭克林華美投信,境內,ET004005/806,,901.0,0.71,,,,,,,,,,08/18,富蘭克林華美美國收益多重資產基金B分配型日圓本基金有相當比重投資於非投資等級之高風險債券且基金之配息來源可能為本金
富蘭克林華美美國收益多重資產基金-NB分配型(日圓)(本基金有相當比重投資於非投資等級之高風險債券且基金之配息來源可能為本金),富蘭克林華美投信,境內,ET004005/806,,902.0,0.71,,,,,,,,,,08/18,富蘭克林華美美國收益多重資產基金NB分配型日圓本基金有相當比重投資於非投資等級之高風險債券且基金之配息來源可能為本金
中國信託趨勢領袖多重資產基金-A累積型(台幣)(基金有相當比重投資於非投資等級之高風險債券且基金配息來源可能為本金),中國信託投信,境內,ET004005/806,,903.0,1.24,-0.77,,,,,,,,,08/18,中國信託趨勢領袖多重資產基金A累積型台幣基金有相當比重投資於非投資等級之高風險債券且基金配息來源可能為本金
中國信託趨勢領袖多重資產基金-B分配型(台幣)(基金有相當比重投資於非投資等級之高風險債券且基金配息來源可能為本金),中國信託投信,境內,ET004005/806,,904.0,1.23,-0.77,,,,,,,,,08/18,中國信託趨勢領袖多重資產基金B分配型台幣基金有相當比重投資於非投資等級之高風險債券且基金配息來源可能為本金
中國信託趨勢領袖多重資產基金-NB分配型(台幣)(基金有相當比重投資於非投資等級之高風險債券且基金配息來源可能為本金),中國信託投信,境內,ET004005/806,,905.0,1.23,-0.82,,,,,,,,,08/18,中國信託趨勢領袖多重資產基金NB分配型台幣基金有相當比重投資於非投資等級之高風險債券且基金配息來源可能為本金
中國信託趨勢領袖多重資產基金-A累積型(美元)(基金有相當比重投資於非投資等級之高風險債券且基金配息來源可能為本金),中國信託投信,境內,ET004005/806,,906.0,2.13,-1.54,,,,,,,,,08/18,中國信託趨勢領袖多重資產基金A累積型美元基金有相當比重投資於非投資等級之高風險債券且基金配息來源可能為本金
中國信託趨勢領袖多重資產基金-B分配型(美元)(基金有相當比重投資於非投資等級之高風險債券且基金配息來源可能為本金),中國信託投信,境內,ET004005/806,,907.0,2.13,-1.55,,,,,,,,,08/18,中國信託趨勢領袖多重資產基金B分配型美元基金有相當比重投資於非投資等級之高風險債券且基金配息來源可能為本金
中國信託趨勢領袖多重資產基金-NB分配型(美元)(基金有相當比重投資於非投資等級之高風險債券且基金配息來源可能為本金),中國信託投信,境內,ET004005/806,,908.0,2.13,-1.55,,,,,,,,,08/18,中國信託趨勢領袖多重資產基金NB分配型美元基金有相當比重投資於非投資等級之高風險債券且基金配息來源可能為本金
富邦AI智能新趨勢多重資產型基金-TISA類型(台幣)(本基金有相當比重投資於非投資等級之高風險債券),富邦投信,境內,ET004005/806,,909.0,,,,,,,,,,,08/18,富邦AI智能新趨勢多重資產型基金TISA類型台幣本基金有相當比重投資於非投資等級之高風險債券
富邦富裕商機多重資產基金-A不配息(新臺幣)(本基金有相當比重投資於非投資等級之高風險債券且配息來源可能為本金),富邦投信,境內,ET004005/806,,910.0,,,,,,,,,,,08/19,富邦富裕商機多重資產基金A不配息新臺幣本基金有相當比重投資於非投資等級之高風險債券且配息來源可能為本金
富邦富裕商機多重資產基金-NA不配息(新臺幣)(本基金有相當比重投資於非投資等級之高風險債券且配息來源可能為本金),富邦投信,境內,ET004005/806,,911.0,,,,,,,,,,,08/19,富邦富裕商機多重資產基金NA不配息新臺幣本基金有相當比重投資於非投資等級之高風險債券且配息來源可能為本金
富邦富裕商機多重資產基金-B配息(新臺幣)(本基金有相當比重投資於非投資等級之高風險債券且配息來源可能為本金),富邦投信,境內,ET004005/806,,912.0,,,,,,,,,,,08/19,富邦富裕商機多重資產基金B配息新臺幣本基金有相當比重投資於非投資等級之高風險債券且配息來源可能為本金
富邦富裕商機多重資產基金-NB配息(新臺幣)(本基金有相當比重投資於非投資等級之高風險債券且配息來源可能為本金),富邦投信,境內,ET004005/806,,913.0,,,,,,,,,,,08/19,富邦富裕商機多重資產基金NB配息新臺幣本基金有相當比重投資於非投資等級之高風險債券且配息來源可能為本金
富邦富裕商機多重資產基金-A不配息(人民幣)(本基金有相當比重投資於非投資等級之高風險債券且配息來源可能為本金),富邦投信,境內,ET004005/806,,914.0,,,,,,,,,,,08/19,富邦富裕商機多重資產基金A不配息人民幣本基金有相當比重投資於非投資等級之高風險債券且配息來源可能為本金
富邦富裕商機多重資產基金-NA不配息(人民幣)(本基金有相當比重投資於非投資等級之高風險債券且配息來源可能為本金),富邦投信,境內,ET004005/806,,915.0,,,,,,,,,,,08/19,富邦富裕商機多重資產基金NA不配息人民幣本基金有相當比重投資於非投資等級之高風險債券且配息來源可能為本金
富邦富裕商機多重資產基金-B配息(人民幣)(本基金有相當比重投資於非投資等級之高風險債券且配息來源可能為本金),富邦投信,境內,ET004005/806,,916.0,,,,,,,,,,,08/19,富邦富裕商機多重資產基金B配息人民幣本基金有相當比重投資於非投資等級之高風險債券且配息來源可能為本金
富邦富裕商機多重資產基金-NB配息(人民幣)(本基金有相當比重投資於非投資等級之高風險債券且配息來源可能為本金),富邦投信,境內,ET004005/806,,917.0,,,,,,,,,,,08/19,富邦富裕商機多重資產基金NB配息人民幣本基金有相當比重投資於非投資等級之高風險債券且配息來源可能為本金
富邦富裕商機多重資產基金-A不配息(美元)(本基金有相當比重投資於非投資等級之高風險債券且配息來源可能為本金),富邦投信,境內,ET004005/806,,918.0,,,,,,,,,,,08/19,富邦富裕商機多重資產基金A不配息美元本基金有相當比重投資於非投資等級之高風險債券且配息來源可能為本金
富邦富裕商機多重資產基金-NA不配息(美元)(本基金有相當比重投資於非投資等級之高風險債券且配息來源可能為本金),富邦投信,境內,ET004005/806,,919.0,,,,,,,,,,,08/19,富邦富裕商機多重資產基金NA不配息美元本基金有相當比重投資於非投資等級之高風險債券且配息來源可能為本金
富邦富裕商機多重資產基金-B配息(美元)(本基金有相當比重投資於非投資等級之高風險債券且配息來源可能為本金),富邦投信,境內,ET004005/806,,920.0,,,,,,,,,,,08/19,富邦富裕商機多重資產基金B配息美元本基金有相當比重投資於非投資等級之高風險債券且配息來源可能為本金
富邦富裕商機多重資產基金-NB配息(美元)(本基金有相當比重投資於非投資等級之高風險債券且配息來源可能為本金),富邦投信,境內,ET004005/806,,921.0,,,,,,,,,,,08/19,富邦富裕商機多重資產基金NB配息美元本基金有相當比重投資於非投資等級之高風險債券且配息來源可能為本金
富邦富裕商機多重資產基金-A不配息(日圓)(本基金有相當比重投資於非投資等級之高風險債券且配息來源可能為本金),富邦投信,境內,ET004005/806,,922.0,,,,,,,,,,,08/19,富邦富裕商機多重資產基金A不配息日圓本基金有相當比重投資於非投資等級之高風險債券且配息來源可能為本金
富邦富裕商機多重資產基金-NA不配息(日圓)(本基金有相當比重投資於非投資等級之高風險債券且配息來源可能為本金),富邦投信,境內,ET004005/806,,923.0,,,,,,,,,,,08/19,富邦富裕商機多重資產基金NA不配息日圓本基金有相當比重投資於非投資等級之高風險債券且配息來源可能為本金
富邦富裕商機多重資產基金-B配息(日圓)(本基金有相當比重投資於非投資等級之高風險債券且配息來源可能為本金),富邦投信,境內,ET004005/806,,924.0,,,,,,,,,,,08/19,富邦富裕商機多重資產基金B配息日圓本基金有相當比重投資於非投資等級之高風險債券且配息來源可能為本金
富邦富裕商機多重資產基金-NB配息(日圓)(本基金有相當比重投資於非投資等級之高風險債券且配息來源可能為本金),富邦投信,境內,ET004005/806,,925.0,,,,,,,,,,,08/19,富邦富裕商機多重資產基金NB配息日圓本基金有相當比重投資於非投資等級之高風險債券且配息來源可能為本金
施羅德全週期成長多重資產基金-TISA類型(台幣)(本基金有相當比重投資於非投資等級之高風險債券且基金之配息來源可能為本金),施羅德投信,境內,ET004005/806,,926.0,,,,,,,,,,,08/18,施羅德全週期成長多重資產基金TISA類型台幣本基金有相當比重投資於非投資等級之高風險債券且基金之配息來源可能為本金
合庫入息優化多重資產基金-A不配息(人民幣)(本基金有相當比重投資於非投資等級之高風險債券及並無保證收益及配息),合作金庫投信,境內,ET004005/806,,927.0,1.58,2.63,,,,,,,,,08/18,合庫入息優化多重資產基金A不配息人民幣本基金有相當比重投資於非投資等級之高風險債券及並無保證收益及配息
合庫入息優化多重資產基金-B配息(人民幣)(本基金有相當比重投資於非投資等級之高風險債券及並無保證收益及配息),合作金庫投信,境內,ET004005/806,,928.0,1.57,2.65,,,,,,,,,08/18,合庫入息優化多重資產基金B配息人民幣本基金有相當比重投資於非投資等級之高風險債券及並無保證收益及配息
合庫入息優化多重資產基金-A不配息(南非幣)(本基金有相當比重投資於非投資等級之高風險債券及並無保證收益及配息),合作金庫投信,境內,ET004005/806,,929.0,2.91,4.05,,,,,,,,,08/18,合庫入息優化多重資產基金A不配息南非幣本基金有相當比重投資於非投資等級之高風險債券及並無保證收益及配息
合庫入息優化多重資產基金-B配息(南非幣)(本基金有相當比重投資於非投資等級之高風險債券及並無保證收益及配息),合作金庫投信,境內,ET004005/806,,930.0,2.9,3.86,,,,,,,,,08/18,合庫入息優化多重資產基金B配息南非幣本基金有相當比重投資於非投資等級之高風險債券及並無保證收益及配息
合庫入息優化多重資產基金-NA不配息(台幣)(本基金有相當比重投資於非投資等級之高風險債券及並無保證收益及配息),合作金庫投信,境內,ET004005/806,,931.0,0.0,0.0,,,,,,,,,08/18,合庫入息優化多重資產基金NA不配息台幣本基金有相當比重投資於非投資等級之高風險債券及並無保證收益及配息
合庫入息優化多重資產基金-NA不配息(美元)(本基金有相當比重投資於非投資等級之高風險債券及並無保證收益及配息),合作金庫投信,境內,ET004005/806,,932.0,0.0,0.0,,,,,,,,,08/18,合庫入息優化多重資產基金NA不配息美元本基金有相當比重投資於非投資等級之高風險債券及並無保證收益及配息
合庫AI電力創新多重資產基金-A不配息(台幣)(本基金有相當比重投資於非投資等級之高風險債券且配息來源可能為本金),合作金庫投信,境內,ET004005/806,,933.0,-0.3,-1.4,,,,,,,,,08/18,合庫AI電力創新多重資產基金A不配息台幣本基金有相當比重投資於非投資等級之高風險債券且配息來源可能為本金
合庫AI電力創新多重資產基金-B配息(台幣)(本基金有相當比重投資於非投資等級之高風險債券且配息來源可能為本金),合作金庫投信,境內,ET004005/806,,934.0,-0.3,-1.4,,,,,,,,,08/18,合庫AI電力創新多重資產基金B配息台幣本基金有相當比重投資於非投資等級之高風險債券且配息來源可能為本金
合庫AI電力創新多重資產基金-NB配息(台幣)(本基金有相當比重投資於非投資等級之高風險債券且配息來源可能為本金),合作金庫投信,境內,ET004005/806,,935.0,-0.3,-1.4,,,,,,,,,08/18,合庫AI電力創新多重資產基金NB配息台幣本基金有相當比重投資於非投資等級之高風險債券且配息來源可能為本金
合庫AI電力創新多重資產基金-A不配息(美元)(本基金有相當比重投資於非投資等級之高風險債券且配息來源可能為本金),合作金庫投信,境內,ET004005/806,,936.0,0.51,-2.1,,,,,,,,,08/18,合庫AI電力創新多重資產基金A不配息美元本基金有相當比重投資於非投資等級之高風險債券且配息來源可能為本金
合庫AI電力創新多重資產基金-B配息(美元)(本基金有相當比重投資於非投資等級之高風險債券且配息來源可能為本金),合作金庫投信,境內,ET004005/806,,937.0,0.51,-2.1,,,,,,,,,08/18,合庫AI電力創新多重資產基金B配息美元本基金有相當比重投資於非投資等級之高風險債券且配息來源可能為本金
合庫AI電力創新多重資產基金-NB配息(美元)(本基金有相當比重投資於非投資等級之高風險債券且配息來源可能為本金),合作金庫投信,境內,ET004005/806,,938.0,0.51,-2.1,,,,,,,,,08/18,合庫AI電力創新多重資產基金NB配息美元本基金有相當比重投資於非投資等級之高風險債券且配息來源可能為本金
合庫AI電力創新多重資產基金-A不配息(日圓)(本基金有相當比重投資於非投資等級之高風險債券且配息來源可能為本金),合作金庫投信,境內,ET004005/806,,939.0,-1.11,-1.6,,,,,,,,,08/18,合庫AI電力創新多重資產基金A不配息日圓本基金有相當比重投資於非投資等級之高風險債券且配息來源可能為本金
合庫AI電力創新多重資產基金-B配息(日圓)(本基金有相當比重投資於非投資等級之高風險債券且配息來源可能為本金),合作金庫投信,境內,ET004005/806,,940.0,-1.11,-1.6,,,,,,,,,08/18,合庫AI電力創新多重資產基金B配息日圓本基金有相當比重投資於非投資等級之高風險債券且配息來源可能為本金
瀚亞2030目標日期收益優化多重資產基金A不配息(人民幣),瀚亞投信,境內,ET004005/806,,941.0,,,,,,,,,,,08/18,瀚亞2030目標日期收益優化多重資產基金A不配息人民幣
瀚亞2030目標日期收益優化多重資產基金B配息(人民幣)(本基金配息來源可能為本金),瀚亞投信,境內,ET004005/806,,942.0,,,,,,,,,,,08/18,瀚亞2030目標日期收益優化多重資產基金B配息人民幣本基金配息來源可能為本金
瀚亞2030目標日期收益優化多重資產基金A不配息(南非幣),瀚亞投信,境內,ET004005/806,,943.0,,,,,,,,,,,08/18,瀚亞2030目標日期收益優化多重資產基金A不配息南非幣
匯豐AI人型機器人多重資產基金-不配息(台幣)(本基金有相當比重投資於非投資等級之高風險債券且本基金配息來源可能為本金),匯豐投信,境內,ET004005/806,,944.0,-0.16,,,,,,,,,,08/18,匯豐AI人型機器人多重資產基金不配息台幣本基金有相當比重投資於非投資等級之高風險債券且本基金配息來源可能為本金
匯豐AI人型機器人多重資產基金-AM2月配型(台幣)(本基金有相當比重投資於非投資等級之高風險債券且本基金配息來源可能為本金),匯豐投信,境內,ET004005/806,,945.0,-0.16,,,,,,,,,,08/18,匯豐AI人型機器人多重資產基金AM2月配型台幣本基金有相當比重投資於非投資等級之高風險債券且本基金配息來源可能為本金
匯豐AI人型機器人多重資產基金-N不配息(台幣)(本基金有相當比重投資於非投資等級之高風險債券且本基金配息來源可能為本金),匯豐投信,境內,ET004005/806,,946.0,-0.16,,,,,,,,,,08/18,匯豐AI人型機器人多重資產基金N不配息台幣本基金有相當比重投資於非投資等級之高風險債券且本基金配息來源可能為本金
匯豐AI人型機器人多重資產基金-NM2月配型(台幣)(本基金有相當比重投資於非投資等級之高風險債券且本基金配息來源可能為本金),匯豐投信,境內,ET004005/806,,947.0,-0.16,,,,,,,,,,08/18,匯豐AI人型機器人多重資產基金NM2月配型台幣本基金有相當比重投資於非投資等級之高風險債券且本基金配息來源可能為本金
匯豐AI人型機器人多重資產基金-AM2月配型(人民幣)(本基金有相當比重投資於非投資等級之高風險債券且本基金配息來源可能為本金),匯豐投信,境內,ET004005/806,,948.0,0.65,,,,,,,,,,08/18,匯豐AI人型機器人多重資產基金AM2月配型人民幣本基金有相當比重投資於非投資等級之高風險債券且本基金配息來源可能為本金
匯豐AI人型機器人多重資產基金-NM2月配型(人民幣)(本基金有相當比重投資於非投資等級之高風險債券且本基金配息來源可能為本金),匯豐投信,境內,ET004005/806,,949.0,0.65,,,,,,,,,,08/18,匯豐AI人型機器人多重資產基金NM2月配型人民幣本基金有相當比重投資於非投資等級之高風險債券且本基金配息來源可能為本金
匯豐AI人型機器人多重資產基金-不配息(美元)(本基金有相當比重投資於非投資等級之高風險債券且本基金配息來源可能為本金),匯豐投信,境內,ET004005/806,,950.0,0.91,,,,,,,,,,08/18,匯豐AI人型機器人多重資產基金不配息美元本基金有相當比重投資於非投資等級之高風險債券且本基金配息來源可能為本金
匯豐AI人型機器人多重資產基金-AM2月配型(美元)(本基金有相當比重投資於非投資等級之高風險債券且本基金配息來源可能為本金),匯豐投信,境內,ET004005/806,,951.0,0.91,,,,,,,,,,08/18,匯豐AI人型機器人多重資產基金AM2月配型美元本基金有相當比重投資於非投資等級之高風險債券且本基金配息來源可能為本金
匯豐AI人型機器人多重資產基金-N不配息(美元)(本基金有相當比重投資於非投資等級之高風險債券且本基金配息來源可能為本金),匯豐投信,境內,ET004005/806,,952.0,0.91,,,,,,,,,,08/18,匯豐AI人型機器人多重資產基金N不配息美元本基金有相當比重投資於非投資等級之高風險債券且本基金配息來源可能為本金
匯豐AI人型機器人多重資產基金-NM2月配型(美元)(本基金有相當比重投資於非投資等級之高風險債券且本基金配息來源可能為本金),匯豐投信,境內,ET004005/806,,953.0,0.91,,,,,,,,,,08/18,匯豐AI人型機器人多重資產基金NM2月配型美元本基金有相當比重投資於非投資等級之高風險債券且本基金配息來源可能為本金
匯豐AI人型機器人多重資產基金-AM2月配型(日圓)(本基金有相當比重投資於非投資等級之高風險債券且本基金配息來源可能為本金),匯豐投信,境內,ET004005/806,,954.0,0.36,,,,,,,,,,08/18,匯豐AI人型機器人多重資產基金AM2月配型日圓本基金有相當比重投資於非投資等級之高風險債券且本基金配息來源可能為本金
匯豐AI人型機器人多重資產基金-NM2月配型(日圓)(本基金有相當比重投資於非投資等級之高風險債券且本基金配息來源可能為本金),匯豐投信,境內,ET004005/806,,955.0,0.36,,,,,,,,,,08/18,匯豐AI人型機器人多重資產基金NM2月配型日圓本基金有相當比重投資於非投資等級之高風險債券且本基金配息來源可能為本金
柏瑞ESG量化多重資產基金-TISA類型(本基金有相當比重投資於非投資等級之高風險債券),柏瑞投信,境內,ET004005/806,,956.0,0.68,,,,,,,,,,08/18,柏瑞ESG量化多重資產基金TISA類型本基金有相當比重投資於非投資等級之高風險債券
柏瑞新興動態多重資產基金N9不配息(美元)(本基金有相當比重投資於非投資等級之高風險債券),柏瑞投信,境內,ET004005/806,,957.0,,,,,,,,,,,08/18,柏瑞新興動態多重資產基金N9不配息美元本基金有相當比重投資於非投資等級之高風險債券
柏瑞新興動態多重資產基金A不配息(南非幣)(本基金有相當比重投資於非投資等級之高風險債券),柏瑞投信,境內,ET004005/806,,958.0,,,,,,,,,,,08/18,柏瑞新興動態多重資產基金A不配息南非幣本基金有相當比重投資於非投資等級之高風險債券
柏瑞新興動態多重資產基金B月配息(南非幣)(本基金有相當比重投資於非投資等級之高風險債券且配息來源可能為本金),柏瑞投信,境內,ET004005/806,,959.0,,,,,,,,,,,08/18,柏瑞新興動態多重資產基金B月配息南非幣本基金有相當比重投資於非投資等級之高風險債券且配息來源可能為本金
柏瑞新興動態多重資產基金N月配息(南非幣)(本基金有相當比重投資於非投資等級之高風險債券且配息來源可能為本金),柏瑞投信,境內,ET004005/806,,960.0,,,,,,,,,,,08/18,柏瑞新興動態多重資產基金N月配息南非幣本基金有相當比重投資於非投資等級之高風險債券且配息來源可能為本金
柏瑞新興動態多重資產基金N9不配息(南非幣)(本基金有相當比重投資於非投資等級之高風險債券),柏瑞投信,境內,ET004005/806,,961.0,,,,,,,,,,,08/18,柏瑞新興動態多重資產基金N9不配息南非幣本基金有相當比重投資於非投資等級之高風險債券
柏瑞新興動態多重資產基金N9不配息(澳幣)(本基金有相當比重投資於非投資等級之高風險債券),柏瑞投信,境內,ET004005/806,,962.0,,,,,,,,,,,08/18,柏瑞新興動態多重資產基金N9不配息澳幣本基金有相當比重投資於非投資等級之高風險債券
柏瑞新興動態多重資產基金N9不配息(台幣)(本基金有相當比重投資於非投資等級之高風險債券),柏瑞投信,境內,ET004005/806,,963.0,,,,,,,,,,,08/18,柏瑞新興動態多重資產基金N9不配息台幣本基金有相當比重投資於非投資等級之高風險債券
柏瑞ESG量化多重資產基金A不配息(南非幣)(本基金有相當比重投資於非投資等級之高風險債券),柏瑞投信,境內,ET004005/806,,964.0,,,,,,,,,,,08/18,柏瑞ESG量化多重資產基金A不配息南非幣本基金有相當比重投資於非投資等級之高風險債券
柏瑞新興動態多重資產基金N9不配息(人民幣)(本基金有相當比重投資於非投資等級之高風險債券),柏瑞投信,境內,ET004005/806,,965.0,,,,,,,,,,,08/18,柏瑞新興動態多重資產基金N9不配息人民幣本基金有相當比重投資於非投資等級之高風險債券
柏瑞ESG量化多重資產基金N9不配息(南非幣)(本基金有相當比重投資於非投資等級之高風險債券),柏瑞投信,境內,ET004005/806,,966.0,,,,,,,,,,,08/18,柏瑞ESG量化多重資產基金N9不配息南非幣本基金有相當比重投資於非投資等級之高風險債券
柏瑞ESG量化多重資產基金I不配息(美元)(本基金有相當比重投資於非投資等級之高風險債券),柏瑞投信,境內,ET004005/806,,967.0,,,,,,,,,,,08/18,柏瑞ESG量化多重資產基金I不配息美元本基金有相當比重投資於非投資等級之高風險債券
柏瑞趨勢動態多重資產基金A不配息(南非幣)(本基金有相當比重投資於非投資等級之高風險債券),柏瑞投信,境內,ET004005/806,,968.0,,,,,,,,,,,08/18,柏瑞趨勢動態多重資產基金A不配息南非幣本基金有相當比重投資於非投資等級之高風險債券
柏瑞趨勢動態多重資產基金B月配息(南非幣)(本基金有相當比重投資於非投資等級之高風險債券且配息來源可能為本金),柏瑞投信,境內,ET004005/806,,969.0,,,,,,,,,,,08/18,柏瑞趨勢動態多重資產基金B月配息南非幣本基金有相當比重投資於非投資等級之高風險債券且配息來源可能為本金
柏瑞趨勢動態多重資產基金N月配息(南非幣)(本基金有相當比重投資於非投資等級之高風險債券且配息來源可能為本金),柏瑞投信,境內,ET004005/806,,970.0,,,,,,,,,,,08/18,柏瑞趨勢動態多重資產基金N月配息南非幣本基金有相當比重投資於非投資等級之高風險債券且配息來源可能為本金
柏瑞趨勢動態多重資產基金N9不配息(南非幣)(本基金有相當比重投資於非投資等級之高風險債券),柏瑞投信,境內,ET004005/806,,971.0,,,,,,,,,,,08/18,柏瑞趨勢動態多重資產基金N9不配息南非幣本基金有相當比重投資於非投資等級之高風險債券
柏瑞科技多重資產基金A不配息(日圓)(本基金有相當比重投資於非投資等級之高風險債券),柏瑞投信,境內,ET004005/806,,972.0,,,,,,,,,,,08/18,柏瑞科技多重資產基金A不配息日圓本基金有相當比重投資於非投資等級之高風險債券
柏瑞科技多重資產基金I不配息(台幣)(本基金有相當比重投資於非投資等級之高風險債券),柏瑞投信,境內,ET004005/806,,973.0,,,,,,,,,,,08/18,柏瑞科技多重資產基金I不配息台幣本基金有相當比重投資於非投資等級之高風險債券
柏瑞科技多重資產基金A不配息(澳幣)(本基金有相當比重投資於非投資等級之高風險債券),柏瑞投信,境內,ET004005/806,,974.0,,,,,,,,,,,08/18,柏瑞科技多重資產基金A不配息澳幣本基金有相當比重投資於非投資等級之高風險債券
柏瑞科技多重資產基金B月配息(澳幣)(本基金有相當比重投資於非投資等級之高風險債券且配息來源可能為本金),柏瑞投信,境內,ET004005/806,,975.0,,,,,,,,,,,08/18,柏瑞科技多重資產基金B月配息澳幣本基金有相當比重投資於非投資等級之高風險債券且配息來源可能為本金
柏瑞科技多重資產基金N月配息(澳幣)(本基金有相當比重投資於非投資等級之高風險債券且配息來源可能為本金),柏瑞投信,境內,ET004005/806,,976.0,,,,,,,,,,,08/18,柏瑞科技多重資產基金N月配息澳幣本基金有相當比重投資於非投資等級之高風險債券且配息來源可能為本金
柏瑞科技多重資產基金N9不配息(澳幣)(本基金有相當比重投資於非投資等級之高風險債券),柏瑞投信,境內,ET004005/806,,977.0,,,,,,,,,,,08/18,柏瑞科技多重資產基金N9不配息澳幣本基金有相當比重投資於非投資等級之高風險債券
柏瑞科技多重資產基金N9不配息(日圓)(本基金有相當比重投資於非投資等級之高風險債券),柏瑞投信,境內,ET004005/806,,978.0,,,,,,,,,,,08/18,柏瑞科技多重資產基金N9不配息日圓本基金有相當比重投資於非投資等級之高風險債券
柏瑞科技多重資產基金I不配息(美元)(本基金有相當比重投資於非投資等級之高風險債券),柏瑞投信,境內,ET004005/806,,979.0,,,,,,,,,,,08/18,柏瑞科技多重資產基金I不配息美元本基金有相當比重投資於非投資等級之高風險債券
柏瑞科技多重資產基金A不配息(南非幣)(本基金有相當比重投資於非投資等級之高風險債券),柏瑞投信,境內,ET004005/806,,980.0,,,,,,,,,,,08/18,柏瑞科技多重資產基金A不配息南非幣本基金有相當比重投資於非投資等級之高風險債券
柏瑞科技多重資產基金B月配息(南非幣)(本基金有相當比重投資於非投資等級之高風險債券且配息來源可能為本金),柏瑞投信,境內,ET004005/806,,981.0,,,,,,,,,,,08/18,柏瑞科技多重資產基金B月配息南非幣本基金有相當比重投資於非投資等級之高風險債券且配息來源可能為本金
柏瑞科技多重資產基金N月配息(南非幣)(本基金有相當比重投資於非投資等級之高風險債券且配息來源可能為本金),柏瑞投信,境內,ET004005/806,,982.0,,,,,,,,,,,08/18,柏瑞科技多重資產基金N月配息南非幣本基金有相當比重投資於非投資等級之高風險債券且配息來源可能為本金
柏瑞科技多重資產基金N9不配息(南非幣)(本基金有相當比重投資於非投資等級之高風險債券),柏瑞投信,境內,ET004005/806,,983.0,,,,,,,,,,,08/18,柏瑞科技多重資產基金N9不配息南非幣本基金有相當比重投資於非投資等級之高風險債券
玉山瑞騰基金(本基金有一定比重得投資於非投資等級之高風險債券),玉山投信,境內,ET005002/806,,1.0,-0.05,0.07,0.26,1.32,4.22,3.97,5.93,,,,08/19,玉山瑞騰基金本基金有一定比重得投資於非投資等級之高風險債券
第一金全球富裕國家債券基金N不配息(台幣)(本基金有一定比重得投資於非投資等級之高風險債券且配息來源可能為本金),第一金投信,境內,ET005003/806,,1.0,0.31,1.41,6.59,2.81,16.77,1.73,,,,,02/10,第一金全球富裕國家債券基金N不配息台幣本基金有一定比重得投資於非投資等級之高風險債券且配息來源可能為本金
第一金四至六年機動到期全球富裕國家投資級債券基金A不配息(南非幣)(本基金有一定比重得投資於非投資等級之高風險債券且配息來源可能為本金),第一金投信,境內,ET005003/806,,2.0,1.25,2.53,4.33,6.97,31.6,14.79,,,,,08/18,第一金四至六年機動到期全球富裕國家投資級債券基金A不配息南非幣本基金有一定比重得投資於非投資等級之高風險債券且配息來源可能為本金
大華銀四至六年機動到期全球投資等級債券基金B月配(台幣)(本基金有一定比重投資於非投資等級之高風險債券且配息來源可能為本金),大華銀投信,境內,ET005003/806,,3.0,-0.78,2.2,3.15,11.79,19.83,24.91,,,,,08/18,大華銀四至六年機動到期全球投資等級債券基金B月配台幣本基金有一定比重投資於非投資等級之高風險債券且配息來源可能為本金
大華銀四至六年機動到期全球投資等級債券基金B月配(南非幣避險)(本基金有一定比重投資於非投資等級之高風險債券且配息來源可能為本金),大華銀投信,境內,ET005003/806,,4.0,0.42,1.31,3.1,6.24,26.08,25.4,,,,,08/18,大華銀四至六年機動到期全球投資等級債券基金B月配南非幣避險本基金有一定比重投資於非投資等級之高風險債券且配息來源可能為本金
瀚亞三至六年到期新興市場收益機會債券基金A不配息(南非幣)(本基金有相當比重投資於非投資等級之高風險債券),瀚亞投信,境內,ET005003/806,,5.0,0.49,1.55,3.06,6.28,34.75,27.1,,,,,08/18,瀚亞三至六年到期新興市場收益機會債券基金A不配息南非幣本基金有相當比重投資於非投資等級之高風險債券
玉山四到六年機動到期新興金融基礎建設債券基金-累積型(南非幣)(本基金有相當比重投資於非投資等級之高風險債券且基金之配息來源可能為本金),玉山投信,境內,ET005003/806,,6.0,0.46,1.49,2.99,6.22,27.49,,,,,,08/18,玉山四到六年機動到期新興金融基礎建設債券基金累積型南非幣本基金有相當比重投資於非投資等級之高風險債券且基金之配息來源可能為本金
玉山四到六年機動到期新興金融基礎建設債券基金-季配息型(南非幣)(本基金有相當比重投資於非投資等級之高風險債券且基金之配息來源可能為本金),玉山投信,境內,ET005003/806,,7.0,0.45,1.49,2.98,6.22,27.49,,,,,,08/18,玉山四到六年機動到期新興金融基礎建設債券基金季配息型南非幣本基金有相當比重投資於非投資等級之高風險債券且基金之配息來源可能為本金
台新四年到期美國投資等級債券基金(台幣)(本基金有一定比重得投資於非投資等級之高風險債券),台新投信,境內,ET005003/806,,8.0,-0.69,2.18,2.85,10.21,18.06,,,,,,08/18,台新四年到期美國投資等級債券基金台幣本基金有一定比重得投資於非投資等級之高風險債券
第一金四至六年機動到期全球富裕國家投資級債券基金A不配息(台幣)(本基金有一定比重得投資於非投資等級之高風險債券且配息來源可能為本金),第一金投信,境內,ET005003/806,,9.0,-0.51,2.12,2.83,9.71,18.51,5.1,,,,,08/18,第一金四至六年機動到期全球富裕國家投資級債券基金A不配息台幣本基金有一定比重得投資於非投資等級之高風險債券且配息來源可能為本金
路博邁全球策略收益債券基金T月配型(日圓)(本基金有一定比重得投資於非投資等級之高風險債券且配息來源可能為本金),路博邁投信,境內,ET005003/806,,10.0,-1.79,1.0,2.73,9.66,,,,,,,08/18,路博邁全球策略收益債券基金T月配型日圓本基金有一定比重得投資於非投資等級之高風險債券且配息來源可能為本金
群益0-5年期ESG投資等級公司債ETF基金(本基金之配息來源可能為收益平準金),群益投信,境內,ET005003/806,,11.0,-0.95,2.38,2.7,,,,,,,,08/18,群益05年期ESG投資等級公司債ETF基金本基金之配息來源可能為收益平準金
永豐四年到期美國優質投資等級債券基金-季配型(台幣)(本基金配息來源可能為本金),永豐投信,境內,ET005003/806,,12.0,-0.65,2.29,2.61,10.24,,,,,,,08/18,永豐四年到期美國優質投資等級債券基金季配型台幣本基金配息來源可能為本金
永豐四年到期美國優質投資等級債券基金-累積型(台幣)(本基金配息來源可能為本金),永豐投信,境內,ET005003/806,,13.0,-0.67,2.28,2.57,10.17,,,,,,,08/18,永豐四年到期美國優質投資等級債券基金累積型台幣本基金配息來源可能為本金
路博邁全球策略收益債券基金N月配型(日圓)(本基金有一定比重得投資於非投資等級之高風險債券且配息來源可能為本金),路博邁投信,境內,ET005003/806,,14.0,-1.86,0.84,2.51,9.29,,,,,,,08/18,路博邁全球策略收益債券基金N月配型日圓本基金有一定比重得投資於非投資等級之高風險債券且配息來源可能為本金
國泰四年到期成熟市場投資等級債券基金-A不配息(台幣)(本基金有一定比重得投資於非投資等級之高風險債券且配息來源可能為本金),國泰投信,境內,ET005003/806,,15.0,-0.41,1.71,2.41,7.67,15.03,,,,,,08/18,國泰四年到期成熟市場投資等級債券基金A不配息台幣本基金有一定比重得投資於非投資等級之高風險債券且配息來源可能為本金
國泰四年到期成熟市場投資等級債券基金-B配息(台幣)(本基金有一定比重得投資於非投資等級之高風險債券且配息來源可能為本金),國泰投信,境內,ET005003/806,,16.0,-0.41,1.71,2.41,7.67,15.03,,,,,,08/18,國泰四年到期成熟市場投資等級債券基金B配息台幣本基金有一定比重得投資於非投資等級之高風險債券且配息來源可能為本金
宏利澳洲優選債券收益基金-A不配息(新臺幣)(本基金有一定比重得投資於非投資等級之高風險債券),宏利投信,境內,ET005003/806,,17.0,0.46,1.87,2.09,15.36,22.21,18.59,,,,,08/18,宏利澳洲優選債券收益基金A不配息新臺幣本基金有一定比重得投資於非投資等級之高風險債券
宏利澳洲優選債券收益基金-B月配息(新臺幣)(本基金有一定比重得投資於非投資等級之高風險債券且配息來源可能為本金),宏利投信,境內,ET005003/806,,18.0,0.46,1.87,2.09,15.36,22.2,18.58,,,,,08/18,宏利澳洲優選債券收益基金B月配息新臺幣本基金有一定比重得投資於非投資等級之高風險債券且配息來源可能為本金
大華銀全球短年期投資等級債券基金NB月配(南非幣)(本基金有一定比重投資於非投資等級之高風險債券且配息來源可能為本金),大華銀投信,境內,ET005003/806,,19.0,0.58,1.41,2.06,5.7,,,,,,,08/18,大華銀全球短年期投資等級債券基金NB月配南非幣本基金有一定比重投資於非投資等級之高風險債券且配息來源可能為本金
元大0至2年投資級企業債券基金A不配息(台幣),元大投信,境內,ET005003/806,,20.0,-0.6,1.93,2.03,8.57,11.71,,,,,,08/18,元大0至2年投資級企業債券基金A不配息台幣
大華銀全球短年期投資等級債券基金A累積(台幣)(本基金有一定比重投資於非投資等級之高風險債券且配息來源可能為本金),大華銀投信,境內,ET005003/806,,21.0,-0.76,1.98,2.03,9.23,,,,,,,08/18,大華銀全球短年期投資等級債券基金A累積台幣本基金有一定比重投資於非投資等級之高風險債券且配息來源可能為本金
大華銀全球短年期投資等級債券基金NA累積(台幣)(本基金有一定比重投資於非投資等級之高風險債券且配息來源可能為本金),大華銀投信,境內,ET005003/806,,22.0,-0.76,1.97,2.03,9.2,,,,,,,08/18,大華銀全球短年期投資等級債券基金NA累積台幣本基金有一定比重投資於非投資等級之高風險債券且配息來源可能為本金
大華銀全球短年期投資等級債券基金B月配(台幣)(本基金有一定比重投資於非投資等級之高風險債券且配息來源可能為本金),大華銀投信,境內,ET005003/806,,23.0,-0.76,1.98,2.03,9.19,,,,,,,08/18,大華銀全球短年期投資等級債券基金B月配台幣本基金有一定比重投資於非投資等級之高風險債券且配息來源可能為本金
大華銀全球短年期投資等級債券基金NB月配(台幣)(本基金有一定比重投資於非投資等級之高風險債券且配息來源可能為本金),大華銀投信,境內,ET005003/806,,24.0,-0.76,1.98,2.03,9.19,,,,,,,08/18,大華銀全球短年期投資等級債券基金NB月配台幣本基金有一定比重投資於非投資等級之高風險債券且配息來源可能為本金
玉山四到六年機動到期新興金融基礎建設債券基金-累積型(台幣)(本基金有相當比重投資於非投資等級之高風險債券且基金之配息來源可能為本金),玉山投信,境內,ET005003/806,,25.0,-0.54,1.49,1.98,6.82,14.64,,,,,,08/18,玉山四到六年機動到期新興金融基礎建設債券基金累積型台幣本基金有相當比重投資於非投資等級之高風險債券且基金之配息來源可能為本金
玉山四到六年機動到期新興金融基礎建設債券基金-季配息型(台幣)(本基金有相當比重投資於非投資等級之高風險債券且基金之配息來源可能為本金),玉山投信,境內,ET005003/806,,26.0,-0.54,1.49,1.98,6.82,14.64,,,,,,08/18,玉山四到六年機動到期新興金融基礎建設債券基金季配息型台幣本基金有相當比重投資於非投資等級之高風險債券且基金之配息來源可能為本金
瀚亞三至六年到期新興市場收益機會債券基金A不配息(美元)(本基金有相當比重投資於非投資等級之高風險債券),瀚亞投信,境內,ET005003/806,,27.0,0.4,1.07,1.93,4.38,25.87,9.5,,,,,08/18,瀚亞三至六年到期新興市場收益機會債券基金A不配息美元本基金有相當比重投資於非投資等級之高風險債券
國泰四年到期成熟市場投資等級債券基金-B配息(美元)(本基金有一定比重得投資於非投資等級之高風險債券且配息來源可能為本金),國泰投信,境內,ET005003/806,,28.0,0.35,1.07,1.88,4.24,18.39,,,,,,08/18,國泰四年到期成熟市場投資等級債券基金B配息美元本基金有一定比重得投資於非投資等級之高風險債券且配息來源可能為本金
國泰四年到期成熟市場投資等級債券基金-A不配息(美元)(本基金有一定比重得投資於非投資等級之高風險債券且配息來源可能為本金),國泰投信,境內,ET005003/806,,29.0,0.35,1.07,1.88,4.23,18.36,,,,,,08/18,國泰四年到期成熟市場投資等級債券基金A不配息美元本基金有一定比重得投資於非投資等級之高風險債券且配息來源可能為本金
大華銀四至六年機動到期全球投資等級債券基金B月配(美元)(本基金有一定比重投資於非投資等級之高風險債券且配息來源可能為本金),大華銀投信,境內,ET005003/806,,30.0,0.34,0.88,1.78,3.85,17.62,6.83,,,,,08/18,大華銀四至六年機動到期全球投資等級債券基金B月配美元本基金有一定比重投資於非投資等級之高風險債券且配息來源可能為本金
瀚亞三至六年到期新興市場收益機會債券基金B配息(澳幣)(本基金有相當比重投資於非投資等級之高風險債券且配息來源可能為本金),瀚亞投信,境內,ET005003/806,,31.0,-0.53,0.69,1.75,3.2,22.92,8.13,,,,,08/18,瀚亞三至六年到期新興市場收益機會債券基金B配息澳幣本基金有相當比重投資於非投資等級之高風險債券且配息來源可能為本金
第一金四至六年機動到期全球富裕國家投資級債券基金B配息(台幣)(本基金有一定比重得投資於非投資等級之高風險債券且配息來源可能為本金),第一金投信,境內,ET005003/806,,32.0,-0.25,1.19,1.74,8.54,17.58,3.53,,,,,08/18,第一金四至六年機動到期全球富裕國家投資級債券基金B配息台幣本基金有一定比重得投資於非投資等級之高風險債券且配息來源可能為本金
聯博四年到期全球美元債券基金A2不配息(美元)(本基金有一定比重得投資於非投資等級之高風險債券且配息來源可能為本金),聯博投信,境內,ET005003/806,,33.0,0.28,0.85,1.72,3.92,17.85,,,,,,08/18,聯博四年到期全球美元債券基金A2不配息美元本基金有一定比重得投資於非投資等級之高風險債券且配息來源可能為本金
聯博四年到期全球美元債券基金AQ配息(美元)(本基金有一定比重得投資於非投資等級之高風險債券且配息來源可能為本金),聯博投信,境內,ET005003/806,,34.0,0.33,0.92,1.7,3.83,17.43,,,,,,08/18,聯博四年到期全球美元債券基金AQ配息美元本基金有一定比重得投資於非投資等級之高風險債券且配息來源可能為本金
第一金四至六年機動到期全球富裕國家投資級債券基金B配息(南非幣)(本基金有一定比重得投資於非投資等級之高風險債券且配息來源可能為本金),第一金投信,境內,ET005003/806,,35.0,0.36,-0.5,1.7,4.26,28.48,14.31,,,,,08/18,第一金四至六年機動到期全球富裕國家投資級債券基金B配息南非幣本基金有一定比重得投資於非投資等級之高風險債券且配息來源可能為本金
大華銀四至六年機動到期全球投資等級債券基金A累積(美元)(本基金有一定比重投資於非投資等級之高風險債券且配息來源可能為本金),大華銀投信,境內,ET005003/806,,36.0,0.29,0.77,1.65,4.85,18.69,7.67,,,,,08/18,大華銀四至六年機動到期全球投資等級債券基金A累積美元本基金有一定比重投資於非投資等級之高風險債券且配息來源可能為本金
第一金四至六年機動到期全球富裕國家投資級債券基金A不配息(美元)(本基金有一定比重得投資於非投資等級之高風險債券且配息來源可能為本金),第一金投信,境內,ET005003/806,,37.0,0.36,1.08,1.65,4.29,20.78,-3.28,,,,,08/18,第一金四至六年機動到期全球富裕國家投資級債券基金A不配息美元本基金有一定比重得投資於非投資等級之高風險債券且配息來源可能為本金
玉山四到六年機動到期新興金融基礎建設債券基金-累積型(美元)(本基金有相當比重投資於非投資等級之高風險債券且基金之配息來源可能為本金),玉山投信,境內,ET005003/806,,38.0,0.38,1.02,1.61,4.2,19.54,,,,,,08/18,玉山四到六年機動到期新興金融基礎建設債券基金累積型美元本基金有相當比重投資於非投資等級之高風險債券且基金之配息來源可能為本金
玉山四到六年機動到期新興金融基礎建設債券基金-季配息型(美元)(本基金有相當比重投資於非投資等級之高風險債券且基金之配息來源可能為本金),玉山投信,境內,ET005003/806,,39.0,0.38,1.02,1.61,4.2,19.54,,,,,,08/18,玉山四到六年機動到期新興金融基礎建設債券基金季配息型美元本基金有相當比重投資於非投資等級之高風險債券且基金之配息來源可能為本金
合庫全球複合收益債券基金-A不配息(日圓)(本基金有一定比重投資於非投資等級之高風險債券),合作金庫投信,境內,ET005003/806,,40.0,-1.58,0.51,1.61,,,,,,,,08/18,合庫全球複合收益債券基金A不配息日圓本基金有一定比重投資於非投資等級之高風險債券
瀚亞三至六年到期新興市場收益機會債券基金B配息(南非幣)(本基金有相當比重投資於非投資等級之高風險債券且配息來源可能為本金),瀚亞投信,境內,ET005003/806,,41.0,-1.01,0.03,1.51,4.68,32.75,25.25,,,,,08/18,瀚亞三至六年到期新興市場收益機會債券基金B配息南非幣本基金有相當比重投資於非投資等級之高風險債券且配息來源可能為本金
元大0至2年投資級企業債券基金I不配息(台幣),元大投信,境內,ET005003/806,,42.0,0.09,0.43,1.46,7.26,14.65,,,,,,05/20,元大0至2年投資級企業債券基金I不配息台幣
合庫全球複合收益債券基金-B配息(日圓)(本基金有一定比重投資於非投資等級之高風險債券且配息來源可能為本金),合作金庫投信,境內,ET005003/806,,43.0,-1.6,0.49,1.44,,,,,,,,08/18,合庫全球複合收益債券基金B配息日圓本基金有一定比重投資於非投資等級之高風險債券且配息來源可能為本金
永豐三至六年機動到期成熟市場優先順位投資級債券基金-累積型(台幣)(本基金配息來源可能為本金),永豐投信,境內,ET005003/806,,44.0,-0.96,2.19,1.38,8.91,,,,,,,08/18,永豐三至六年機動到期成熟市場優先順位投資級債券基金累積型台幣本基金配息來源可能為本金
永豐四年到期美國優質投資等級債券基金-累積型(美元)(本基金配息來源可能為本金),永豐投信,境內,ET005003/806,,45.0,0.39,1.01,1.34,3.86,,,,,,,08/18,永豐四年到期美國優質投資等級債券基金累積型美元本基金配息來源可能為本金
台新四年到期美國投資等級債券基金(美元)(本基金有一定比重得投資於非投資等級之高風險債券),台新投信,境內,ET005003/806,,46.0,0.33,0.84,1.31,3.35,15.99,,,,,,08/18,台新四年到期美國投資等級債券基金美元本基金有一定比重得投資於非投資等級之高風險債券
東方匯理全球投資等級綠色債券基金-A2累積型(南非幣避險)(本基金有一定比重得投資於非投資等級之高風險債券且配息來源可能為本金),東方匯理投信,境內,ET005003/806,,47.0,1.23,2.14,1.31,5.0,28.26,,,,,,08/18,東方匯理全球投資等級綠色債券基金A2累積型南非幣避險本基金有一定比重得投資於非投資等級之高風險債券且配息來源可能為本金
永豐三至六年機動到期成熟市場優先順位投資級債券基金-季配型(台幣)(本基金配息來源可能為本金),永豐投信,境內,ET005003/806,,48.0,-0.96,2.19,1.29,8.66,,,,,,,08/18,永豐三至六年機動到期成熟市場優先順位投資級債券基金季配型台幣本基金配息來源可能為本金
瀚亞三至六年到期新興市場收益機會債券基金A不配息(台幣)(本基金有相當比重投資於非投資等級之高風險債券),瀚亞投信,境內,ET005003/806,,49.0,0.09,0.81,1.2,3.86,18.97,6.4,,,,,08/18,瀚亞三至六年到期新興市場收益機會債券基金A不配息台幣本基金有相當比重投資於非投資等級之高風險債券
復華南非幣短期收益基金A不配息(本基金有一定比重得投資於非投資等級之高風險債券),復華投信,境內,ET005003/806,,50.0,0.59,2.46,1.19,7.17,30.52,41.38,98.66,,,,08/18,復華南非幣短期收益基金A不配息本基金有一定比重得投資於非投資等級之高風險債券
瀚亞三至六年到期新興市場收益機會債券基金B配息(美元)(本基金有相當比重投資於非投資等級之高風險債券且配息來源可能為本金),瀚亞投信,境內,ET005003/806,,51.0,-0.35,0.32,1.16,3.6,24.93,8.79,,,,,08/18,瀚亞三至六年到期新興市場收益機會債券基金B配息美元本基金有相當比重投資於非投資等級之高風險債券且配息來源可能為本金
永豐四年到期美國優質投資等級債券基金-季配型(美元)(本基金配息來源可能為本金),永豐投信,境內,ET005003/806,,52.0,0.37,0.92,1.13,3.54,,,,,,,08/18,永豐四年到期美國優質投資等級債券基金季配型美元本基金配息來源可能為本金
復華南非幣短期收益基金B配息(本基金有一定比重得投資於非投資等級之高風險債券且基金之配息來源可能為本金),復華投信,境內,ET005003/806,,53.0,0.58,2.41,1.12,7.15,30.42,41.38,98.62,,,,08/18,復華南非幣短期收益基金B配息本基金有一定比重得投資於非投資等級之高風險債券且基金之配息來源可能為本金
宏利澳洲優選債券收益基金-A不配息(澳幣)(本基金有一定比重得投資於非投資等級之高風險債券),宏利投信,境內,ET005003/806,,54.0,-0.42,1.19,0.78,-0.56,9.97,5.23,,,,,08/18,宏利澳洲優選債券收益基金A不配息澳幣本基金有一定比重得投資於非投資等級之高風險債券
宏利澳洲優選債券收益基金-B月配息(澳幣)(本基金有一定比重得投資於非投資等級之高風險債券且配息來源可能為本金),宏利投信,境內,ET005003/806,,55.0,-0.42,1.19,0.78,-0.56,9.97,5.23,,,,,08/18,宏利澳洲優選債券收益基金B月配息澳幣本基金有一定比重得投資於非投資等級之高風險債券且配息來源可能為本金
大華銀全球短年期投資等級債券基金NA累積(美元)(本基金有一定比重投資於非投資等級之高風險債券且配息來源可能為本金),大華銀投信,境內,ET005003/806,,56.0,0.3,0.7,0.71,2.87,,,,,,,08/18,大華銀全球短年期投資等級債券基金NA累積美元本基金有一定比重投資於非投資等級之高風險債券且配息來源可能為本金
大華銀全球短年期投資等級債券基金A累積(美元)(本基金有一定比重投資於非投資等級之高風險債券且配息來源可能為本金),大華銀投信,境內,ET005003/806,,57.0,0.3,0.7,0.7,2.86,,,,,,,08/18,大華銀全球短年期投資等級債券基金A累積美元本基金有一定比重投資於非投資等級之高風險債券且配息來源可能為本金
大華銀全球短年期投資等級債券基金NB月配(美元)(本基金有一定比重投資於非投資等級之高風險債券且配息來源可能為本金),大華銀投信,境內,ET005003/806,,58.0,0.3,0.7,0.7,2.86,,,,,,,08/18,大華銀全球短年期投資等級債券基金NB月配美元本基金有一定比重投資於非投資等級之高風險債券且配息來源可能為本金
大華銀全球短年期投資等級債券基金B月配(美元)(本基金有一定比重投資於非投資等級之高風險債券且配息來源可能為本金),大華銀投信,境內,ET005003/806,,59.0,0.3,0.7,0.7,2.86,,,,,,,08/18,大華銀全球短年期投資等級債券基金B月配美元本基金有一定比重投資於非投資等級之高風險債券且配息來源可能為本金
元大0至2年投資級企業債券基金I不配息(美元),元大投信,境內,ET005003/806,,60.0,-0.26,-0.1,0.66,2.51,11.17,,,,,,05/20,元大0至2年投資級企業債券基金I不配息美元
宏利中國離岸債券基金-A不配息(台幣),宏利投信,境內,ET005003/806,,61.0,-0.41,1.37,0.58,5.4,10.67,5.47,8.03,,,,08/18,宏利中國離岸債券基金A不配息台幣
宏利中國離岸債券基金-B季配息(台幣)(本基金之配息來源可能為本金及收益平準金),宏利投信,境內,ET005003/806,,62.0,-0.38,1.36,0.56,5.44,9.57,3.37,5.78,,,,08/18,宏利中國離岸債券基金B季配息台幣本基金之配息來源可能為本金及收益平準金
元大0至2年投資級企業債券基金A不配息(美元),元大投信,境內,ET005003/806,,63.0,0.47,0.65,0.54,2.15,11.7,,,,,,08/18,元大0至2年投資級企業債券基金A不配息美元
群益全球策略收益金融債券基金I累積型(台幣)(本子基金有一定比重投資於非投資等級之高風險債券且基金之配息來源可能為本金),群益投信,境內,ET005003/806,,64.0,-1.18,1.17,0.53,6.28,15.08,7.68,,,,,08/18,群益全球策略收益金融債券基金I累積型台幣本子基金有一定比重投資於非投資等級之高風險債券且基金之配息來源可能為本金
台新靈活入息債券基金-I不配息(台幣)(本基金有一定比重得投資於非投資等級之高風險債券，配息來源可能為本金且並無保證收益及配息),台新投信,境內,ET005003/806,,65.0,-0.66,1.62,0.51,1.21,,,,,,,08/18,台新靈活入息債券基金I不配息台幣本基金有一定比重得投資於非投資等級之高風險債券，配息來源可能為本金且並無保證收益及配息
第一金四至六年機動到期全球富裕國家投資級債券基金B配息(美元)(本基金有一定比重得投資於非投資等級之高風險債券且配息來源可能為本金),第一金投信,境內,ET005003/806,,66.0,0.36,-0.22,0.47,3.02,19.69,-3.84,,,,,08/18,第一金四至六年機動到期全球富裕國家投資級債券基金B配息美元本基金有一定比重得投資於非投資等級之高風險債券且配息來源可能為本金
路博邁ESG新興市場債券基金T月配型(南非幣)(本基金有相當比重投資於非投資等級之高風險債券且配息來源可能為本金),路博邁投信,境內,ET005003/806,,67.0,-0.48,1.97,0.38,8.77,46.89,24.79,,,,,08/18,路博邁ESG新興市場債券基金T月配型南非幣本基金有相當比重投資於非投資等級之高風險債券且配息來源可能為本金
路博邁ESG新興市場債券基金N月配型(南非幣)(本基金有相當比重投資於非投資等級之高風險債券且配息來源可能為本金),路博邁投信,境內,ET005003/806,,68.0,-0.48,1.97,0.38,8.93,46.84,24.94,,,,,08/18,路博邁ESG新興市場債券基金N月配型南非幣本基金有相當比重投資於非投資等級之高風險債券且配息來源可能為本金
野村全球短期收益基金-累積型(台幣)(本基金之配息來源可能為本金且並無保證收益及配息),野村投信,境內,ET005003/806,,69.0,-0.63,1.23,0.34,4.28,9.41,7.74,12.95,,,,08/18,野村全球短期收益基金累積型台幣本基金之配息來源可能為本金且並無保證收益及配息
東方匯理全球投資等級綠色債券基金-A2累積型(台幣)(本基金有一定比重得投資於非投資等級之高風險債券且配息來源可能為本金),東方匯理投信,境內,ET005003/806,,70.0,-1.11,1.71,0.32,7.87,17.18,,,,,,08/18,東方匯理全球投資等級綠色債券基金A2累積型台幣本基金有一定比重得投資於非投資等級之高風險債券且配息來源可能為本金
東方匯理全球投資等級綠色債券基金-N2累積型(台幣)(本基金有一定比重得投資於非投資等級之高風險債券且配息來源可能為本金),東方匯理投信,境內,ET005003/806,,71.0,-1.11,1.71,0.32,7.87,17.18,,,,,,08/18,東方匯理全球投資等級綠色債券基金N2累積型台幣本基金有一定比重得投資於非投資等級之高風險債券且配息來源可能為本金
台新靈活入息債券基金-NB配息(南非幣)(本基金有一定比重得投資於非投資等級之高風險債券，配息來源可能為本金且並無保證收益及配息),台新投信,境內,ET005003/806,,72.0,0.14,1.07,0.3,3.21,,,,,,,08/18,台新靈活入息債券基金NB配息南非幣本基金有一定比重得投資於非投資等級之高風險債券，配息來源可能為本金且並無保證收益及配息
群益全球策略收益金融債券基金B月配型(台幣)(本子基金有一定比重投資於非投資等級之高風險債券且基金之配息來源可能為本金),群益投信,境內,ET005003/806,,73.0,-1.22,1.05,0.27,5.75,13.34,4.97,,,,,08/18,群益全球策略收益金融債券基金B月配型台幣本子基金有一定比重投資於非投資等級之高風險債券且基金之配息來源可能為本金
群益全球策略收益金融債券基金NB月配型(台幣)(本子基金有一定比重投資於非投資等級之高風險債券且基金之配息來源可能為本金),群益投信,境內,ET005003/806,,74.0,-1.22,1.05,0.27,5.75,13.34,4.97,,,,,08/18,群益全球策略收益金融債券基金NB月配型台幣本子基金有一定比重投資於非投資等級之高風險債券且基金之配息來源可能為本金
群益全球策略收益金融債券基金NA累積型(台幣)(本子基金有一定比重投資於非投資等級之高風險債券且基金之配息來源可能為本金),群益投信,境內,ET005003/806,,75.0,-1.22,1.05,0.27,5.75,13.34,4.98,,,,,08/18,群益全球策略收益金融債券基金NA累積型台幣本子基金有一定比重投資於非投資等級之高風險債券且基金之配息來源可能為本金
群益全球策略收益金融債券基金A累積型(台幣)(本子基金有一定比重投資於非投資等級之高風險債券且基金之配息來源可能為本金),群益投信,境內,ET005003/806,,76.0,-1.22,1.05,0.27,5.75,13.34,4.98,,,,,08/18,群益全球策略收益金融債券基金A累積型台幣本子基金有一定比重投資於非投資等級之高風險債券且基金之配息來源可能為本金
第一金四至六年機動到期全球富裕國家投資級債券基金A不配息(人民幣)(本基金有一定比重得投資於非投資等級之高風險債券且配息來源可能為本金),第一金投信,境內,ET005003/806,,77.0,0.12,0.39,0.25,1.05,11.63,-10.52,,,,,08/18,第一金四至六年機動到期全球富裕國家投資級債券基金A不配息人民幣本基金有一定比重得投資於非投資等級之高風險債券且配息來源可能為本金
路博邁ESG新興市場債券基金T累積型(南非幣)(本基金有相當比重投資於非投資等級之高風險債券且配息來源可能為本金),路博邁投信,境內,ET005003/806,,78.0,-0.53,1.85,0.23,8.72,46.78,24.74,,,,,08/18,路博邁ESG新興市場債券基金T累積型南非幣本基金有相當比重投資於非投資等級之高風險債券且配息來源可能為本金
路博邁ESG新興市場債券基金N累積型(南非幣)(本基金有相當比重投資於非投資等級之高風險債券且配息來源可能為本金),路博邁投信,境內,ET005003/806,,79.0,-0.53,1.85,0.23,8.72,46.78,24.74,,,,,08/18,路博邁ESG新興市場債券基金N累積型南非幣本基金有相當比重投資於非投資等級之高風險債券且配息來源可能為本金
台新靈活入息債券基金-NA不配息(南非幣)(本基金有一定比重得投資於非投資等級之高風險債券，配息來源可能為本金且並無保證收益及配息),台新投信,境內,ET005003/806,,80.0,0.17,1.09,0.23,3.06,,,,,,,08/18,台新靈活入息債券基金NA不配息南非幣本基金有一定比重得投資於非投資等級之高風險債券，配息來源可能為本金且並無保證收益及配息
台新靈活入息債券基金-B配息(南非幣)(本基金有一定比重得投資於非投資等級之高風險債券，配息來源可能為本金且並無保證收益及配息),台新投信,境內,ET005003/806,,81.0,0.16,1.09,0.22,2.99,,,,,,,08/18,台新靈活入息債券基金B配息南非幣本基金有一定比重得投資於非投資等級之高風險債券，配息來源可能為本金且並無保證收益及配息
復華三至八年機動到期A級債券台幣基金,復華投信,境內,ET005003/806,,82.0,-1.22,1.7,0.22,8.66,,,,,,,08/18,復華三至八年機動到期A級債券台幣基金
台新靈活入息債券基金-A不配息(南非幣)(本基金有一定比重得投資於非投資等級之高風險債券，配息來源可能為本金且並無保證收益及配息),台新投信,境內,ET005003/806,,83.0,0.17,1.11,0.22,3.04,,,,,,,08/18,台新靈活入息債券基金A不配息南非幣本基金有一定比重得投資於非投資等級之高風險債券，配息來源可能為本金且並無保證收益及配息
合庫全球複合收益債券基金-A不配息(台幣)(本基金有一定比重投資於非投資等級之高風險債券),合作金庫投信,境內,ET005003/806,,84.0,-1.14,1.3,0.2,,,,,,,,08/18,合庫全球複合收益債券基金A不配息台幣本基金有一定比重投資於非投資等級之高風險債券
合庫全球複合收益債券基金-B配息(台幣)(本基金有一定比重投資於非投資等級之高風險債券且配息來源可能為本金),合作金庫投信,境內,ET005003/806,,85.0,-1.14,1.29,0.2,,,,,,,,08/18,合庫全球複合收益債券基金B配息台幣本基金有一定比重投資於非投資等級之高風險債券且配息來源可能為本金
合庫全球複合收益債券基金-NB配息(台幣)(本基金有一定比重投資於非投資等級之高風險債券且配息來源可能為本金),合作金庫投信,境內,ET005003/806,,86.0,-1.14,1.29,0.2,,,,,,,,08/18,合庫全球複合收益債券基金NB配息台幣本基金有一定比重投資於非投資等級之高風險債券且配息來源可能為本金
瀚亞三至六年到期新興市場收益機會債券基金A不配息(人民幣)(本基金有相當比重投資於非投資等級之高風險債券),瀚亞投信,境內,ET005003/806,,87.0,0.08,0.38,0.18,0.04,16.71,3.98,,,,,08/18,瀚亞三至六年到期新興市場收益機會債券基金A不配息人民幣本基金有相當比重投資於非投資等級之高風險債券
瑞銀優質精選收益基金-A不配息(南非幣),瑞銀投信,境內,ET005003/806,,88.0,-0.24,0.77,0.17,3.33,20.81,16.67,,,,,08/18,瑞銀優質精選收益基金A不配息南非幣
瑞銀優質精選收益基金-B月配息(南非幣)(本基金之配息來源可能為本金),瑞銀投信,境內,ET005003/806,,89.0,-0.24,0.76,0.16,3.32,20.82,16.67,,,,,08/18,瑞銀優質精選收益基金B月配息南非幣本基金之配息來源可能為本金
台新靈活入息債券基金-NB配息(台幣)(本基金有一定比重得投資於非投資等級之高風險債券，配息來源可能為本金且並無保證收益及配息),台新投信,境內,ET005003/806,,90.0,-0.72,1.43,0.13,5.18,,,,,,,08/18,台新靈活入息債券基金NB配息台幣本基金有一定比重得投資於非投資等級之高風險債券，配息來源可能為本金且並無保證收益及配息
台新靈活入息債券基金-B配息(台幣)(本基金有一定比重得投資於非投資等級之高風險債券，配息來源可能為本金且並無保證收益及配息),台新投信,境內,ET005003/806,,91.0,-0.73,1.42,0.13,5.18,,,,,,,08/18,台新靈活入息債券基金B配息台幣本基金有一定比重得投資於非投資等級之高風險債券，配息來源可能為本金且並無保證收益及配息
台新靈活入息債券基金-NA不配息(台幣)(本基金有一定比重得投資於非投資等級之高風險債券，配息來源可能為本金且並無保證收益及配息),台新投信,境內,ET005003/806,,92.0,-0.72,1.43,0.13,5.18,,,,,,,08/18,台新靈活入息債券基金NA不配息台幣本基金有一定比重得投資於非投資等級之高風險債券，配息來源可能為本金且並無保證收益及配息
台新靈活入息債券基金-A不配息(台幣)(本基金有一定比重得投資於非投資等級之高風險債券，配息來源可能為本金且並無保證收益及配息),台新投信,境內,ET005003/806,,93.0,-0.72,1.43,0.12,5.18,,,,,,,08/18,台新靈活入息債券基金A不配息台幣本基金有一定比重得投資於非投資等級之高風險債券，配息來源可能為本金且並無保證收益及配息
復華全球短期收益基金(台幣)(本基金有一定比重得投資於非投資等級之高風險債券),復華投信,境內,ET005003/806,,94.0,-0.69,1.29,0.11,5.06,8.23,5.55,14.24,,,,08/18,復華全球短期收益基金台幣本基金有一定比重得投資於非投資等級之高風險債券
合庫全球複合收益債券基金-IA不配息(美元)(本基金有一定比重投資於非投資等級之高風險債券),合作金庫投信,境內,ET005003/806,,95.0,-0.27,0.82,0.11,,,,,,,,08/18,合庫全球複合收益債券基金IA不配息美元本基金有一定比重投資於非投資等級之高風險債券
大華銀四至六年機動到期全球投資等級債券基金B月配(人民幣避險)(本基金有一定比重投資於非投資等級之高風險債券且配息來源可能為本金),大華銀投信,境內,ET005003/806,,96.0,0.14,0.25,0.1,-0.14,9.2,2.28,,,,,08/18,大華銀四至六年機動到期全球投資等級債券基金B月配人民幣避險本基金有一定比重投資於非投資等級之高風險債券且配息來源可能為本金
元大2至10年投資級企業債券基金I不配息(台幣),元大投信,境內,ET005003/806,,97.0,-0.72,1.25,0.02,5.9,12.09,,,,,,08/18,元大2至10年投資級企業債券基金I不配息台幣
路博邁全球策略收益債券基金I累積型(台幣)(本基金有一定比重得投資於非投資等級之高風險債券且配息來源可能為本金),路博邁投信,境內,ET005003/806,,98.0,0.0,0.0,0.0,0.0,0.0,,,,,,08/18,路博邁全球策略收益債券基金I累積型台幣本基金有一定比重得投資於非投資等級之高風險債券且配息來源可能為本金
路博邁全球策略收益債券基金I月配型(台幣)(本基金有一定比重得投資於非投資等級之高風險債券且配息來源可能為本金),路博邁投信,境內,ET005003/806,,99.0,0.0,0.0,0.0,0.0,0.0,,,,,,08/18,路博邁全球策略收益債券基金I月配型台幣本基金有一定比重得投資於非投資等級之高風險債券且配息來源可能為本金
路博邁全球策略收益債券基金N累積型(澳幣)(本基金有一定比重得投資於非投資等級之高風險債券且配息來源可能為本金),路博邁投信,境內,ET005003/806,,100.0,0.0,0.0,0.0,2.18,13.94,,,,,,08/18,路博邁全球策略收益債券基金N累積型澳幣本基金有一定比重得投資於非投資等級之高風險債券且配息來源可能為本金
東方匯理全球投資等級綠色債券基金-N2累積型(南非幣避險)(本基金有一定比重得投資於非投資等級之高風險債券且配息來源可能為本金),東方匯理投信,境內,ET005003/806,,101.0,0.08,0.99,0.0,3.55,26.29,,,,,,08/18,東方匯理全球投資等級綠色債券基金N2累積型南非幣避險本基金有一定比重得投資於非投資等級之高風險債券且配息來源可能為本金
施羅德智選優質美元債券基金-C累積型(台幣)(本基金有一定比重投資於非投資等級之高風險債券且基金之配息來源可能為本金),施羅德投信,境內,ET005003/806,,102.0,0.0,0.0,0.0,,,,,,,,08/18,施羅德智選優質美元債券基金C累積型台幣本基金有一定比重投資於非投資等級之高風險債券且基金之配息來源可能為本金
匯豐資源豐富國家收益基金-IM2月配型(台幣)(本基金有一定比重投資於非投資等級之高風險債券且配息來源可能為本金),匯豐投信,境內,ET005003/806,,103.0,0.0,0.0,0.0,,,,,,,,08/18,匯豐資源豐富國家收益基金IM2月配型台幣本基金有一定比重投資於非投資等級之高風險債券且配息來源可能為本金
野村全球短期收益基金-月配型(美元)(本基金之配息來源可能為本金且並無保證收益及配息),野村投信,境內,ET005003/806,,104.0,0.19,0.61,-0.02,2.41,,,,,,,08/18,野村全球短期收益基金月配型美元本基金之配息來源可能為本金且並無保證收益及配息
野村全球短期收益基金-累積型(美元)(本基金之配息來源可能為本金且並無保證收益及配息),野村投信,境內,ET005003/806,,105.0,0.19,0.61,-0.02,2.4,14.5,6.67,22.21,,,,08/18,野村全球短期收益基金累積型美元本基金之配息來源可能為本金且並無保證收益及配息
東方匯理全球投資等級綠色債券基金-ND月配型(台幣)(本基金有一定比重得投資於非投資等級之高風險債券且配息來源可能為本金),東方匯理投信,境內,ET005003/806,,106.0,-1.47,1.69,-0.03,7.43,16.78,,,,,,08/18,東方匯理全球投資等級綠色債券基金ND月配型台幣本基金有一定比重得投資於非投資等級之高風險債券且配息來源可能為本金
永豐三至六年機動到期成熟市場優先順位投資級債券基金-累積型(美元)(本基金配息來源可能為本金),永豐投信,境內,ET005003/806,,107.0,0.1,0.87,-0.08,2.21,,,,,,,08/18,永豐三至六年機動到期成熟市場優先順位投資級債券基金累積型美元本基金配息來源可能為本金
東方匯理全球投資等級綠色債券基金-N2累積型(澳幣避險)(本基金有一定比重得投資於非投資等級之高風險債券且配息來源可能為本金),東方匯理投信,境內,ET005003/806,,108.0,0.0,1.36,-0.1,2.05,15.63,,,,,,08/18,東方匯理全球投資等級綠色債券基金N2累積型澳幣避險本基金有一定比重得投資於非投資等級之高風險債券且配息來源可能為本金
永豐三至六年機動到期成熟市場優先順位投資級債券基金-季配型(美元)(本基金配息來源可能為本金),永豐投信,境內,ET005003/806,,109.0,0.06,0.92,-0.12,2.07,,,,,,,08/18,永豐三至六年機動到期成熟市場優先順位投資級債券基金季配型美元本基金配息來源可能為本金
東方匯理全球投資等級綠色債券基金-AD月配型(台幣)(本基金有一定比重得投資於非投資等級之高風險債券且配息來源可能為本金),東方匯理投信,境內,ET005003/806,,110.0,-1.56,1.69,-0.13,7.32,16.66,,,,,,08/18,東方匯理全球投資等級綠色債券基金AD月配型台幣本基金有一定比重得投資於非投資等級之高風險債券且配息來源可能為本金
元大2至10年投資級企業債券基金B配息(台幣),元大投信,境內,ET005003/806,,111.0,-0.75,1.16,-0.14,5.55,10.98,,,,,,08/18,元大2至10年投資級企業債券基金B配息台幣
元大2至10年投資級企業債券基金A不配息(台幣),元大投信,境內,ET005003/806,,112.0,-0.75,1.16,-0.15,5.55,11.0,,,,,,08/18,元大2至10年投資級企業債券基金A不配息台幣
復華全球短期收益基金(美元)(本基金有一定比重得投資於非投資等級之高風險債券),復華投信,境內,ET005003/806,,113.0,0.16,0.72,-0.21,2.48,11.59,,,,,,08/18,復華全球短期收益基金美元本基金有一定比重得投資於非投資等級之高風險債券
群益全球策略收益金融債券基金B月配型(美元)(本子基金有一定比重投資於非投資等級之高風險債券且基金之配息來源可能為本金),群益投信,境內,ET005003/806,,114.0,-0.42,0.35,-0.32,2.72,19.52,6.77,,,,,08/18,群益全球策略收益金融債券基金B月配型美元本子基金有一定比重投資於非投資等級之高風險債券且基金之配息來源可能為本金
群益全球策略收益金融債券基金A累積型(美元)(本子基金有一定比重投資於非投資等級之高風險債券且基金之配息來源可能為本金),群益投信,境內,ET005003/806,,115.0,-0.42,0.35,-0.32,2.72,19.51,6.78,,,,,08/18,群益全球策略收益金融債券基金A累積型美元本子基金有一定比重投資於非投資等級之高風險債券且基金之配息來源可能為本金
群益全球策略收益金融債券基金NB月配型(美元)(本子基金有一定比重投資於非投資等級之高風險債券且基金之配息來源可能為本金),群益投信,境內,ET005003/806,,116.0,-0.42,0.35,-0.32,2.72,19.51,6.76,,,,,08/18,群益全球策略收益金融債券基金NB月配型美元本子基金有一定比重投資於非投資等級之高風險債券且基金之配息來源可能為本金
群益全球策略收益金融債券基金NA累積型(美元)(本子基金有一定比重投資於非投資等級之高風險債券且基金之配息來源可能為本金),群益投信,境內,ET005003/806,,117.0,-0.42,0.35,-0.32,2.72,19.51,6.77,,,,,08/18,群益全球策略收益金融債券基金NA累積型美元本子基金有一定比重投資於非投資等級之高風險債券且基金之配息來源可能為本金
玉山四到六年機動到期新興金融基礎建設債券基金-累積型(人民幣)(本基金有相當比重投資於非投資等級之高風險債券且基金之配息來源可能為本金),玉山投信,境內,ET005003/806,,118.0,0.03,0.23,-0.33,-0.51,9.35,,,,,,08/18,玉山四到六年機動到期新興金融基礎建設債券基金累積型人民幣本基金有相當比重投資於非投資等級之高風險債券且基金之配息來源可能為本金
玉山四到六年機動到期新興金融基礎建設債券基金-季配息型(人民幣)(本基金有相當比重投資於非投資等級之高風險債券且基金之配息來源可能為本金),玉山投信,境內,ET005003/806,,119.0,0.03,0.23,-0.33,-0.51,9.35,,,,,,08/18,玉山四到六年機動到期新興金融基礎建設債券基金季配息型人民幣本基金有相當比重投資於非投資等級之高風險債券且基金之配息來源可能為本金
合庫全球複合收益債券基金-NB配息(美元)(本基金有一定比重投資於非投資等級之高風險債券且配息來源可能為本金),合作金庫投信,境內,ET005003/806,,120.0,-0.36,0.59,-0.37,,,,,,,,08/18,合庫全球複合收益債券基金NB配息美元本基金有一定比重投資於非投資等級之高風險債券且配息來源可能為本金
施羅德智選優質美元債券基金-NB月配型(南非幣)(本基金有一定比重投資於非投資等級之高風險債券且基金之配息來源可能為本金),施羅德投信,境內,ET005003/806,,121.0,-0.66,0.26,-0.39,,,,,,,,08/18,施羅德智選優質美元債券基金NB月配型南非幣本基金有一定比重投資於非投資等級之高風險債券且基金之配息來源可能為本金
宏利澳洲優選債券收益基金-A不配息(人民幣避險)(本基金有一定比重得投資於非投資等級之高風險債券),宏利投信,境內,ET005003/806,,122.0,-0.67,0.61,-0.39,-3.74,5.07,1.23,,,,,08/18,宏利澳洲優選債券收益基金A不配息人民幣避險本基金有一定比重得投資於非投資等級之高風險債券
匯豐資源豐富國家收益基金-AM2月配型(台幣)(本基金有一定比重投資於非投資等級之高風險債券且配息來源可能為本金),匯豐投信,境內,ET005003/806,,123.0,0.01,2.39,-0.44,12.91,,,,,,,08/18,匯豐資源豐富國家收益基金AM2月配型台幣本基金有一定比重投資於非投資等級之高風險債券且配息來源可能為本金
匯豐資源豐富國家收益基金-NM2月配型(台幣)(本基金有一定比重投資於非投資等級之高風險債券且配息來源可能為本金),匯豐投信,境內,ET005003/806,,124.0,0.01,2.39,-0.44,12.91,,,,,,,08/18,匯豐資源豐富國家收益基金NM2月配型台幣本基金有一定比重投資於非投資等級之高風險債券且配息來源可能為本金
匯豐資源豐富國家收益基金-AM1月配型(台幣)(本基金有一定比重投資於非投資等級之高風險債券且配息來源可能為本金),匯豐投信,境內,ET005003/806,,125.0,0.01,2.39,-0.44,12.91,18.48,29.16,21.42,,,,08/18,匯豐資源豐富國家收益基金AM1月配型台幣本基金有一定比重投資於非投資等級之高風險債券且配息來源可能為本金
匯豐資源豐富國家收益基金-不配息(台幣)(本基金有一定比重投資於非投資等級之高風險債券且配息來源可能為本金),匯豐投信,境內,ET005003/806,,126.0,0.0,2.39,-0.44,12.9,16.06,19.19,11.65,,,,08/18,匯豐資源豐富國家收益基金不配息台幣本基金有一定比重投資於非投資等級之高風險債券且配息來源可能為本金
合庫全球複合收益債券基金-B配息(美元)(本基金有一定比重投資於非投資等級之高風險債券且配息來源可能為本金),合作金庫投信,境內,ET005003/806,,127.0,-0.35,0.6,-0.45,,,,,,,,08/18,合庫全球複合收益債券基金B配息美元本基金有一定比重投資於非投資等級之高風險債券且配息來源可能為本金
路博邁優質企業債券基金N累積型(南非幣)(本基金有一定比重得投資於非投資等級之高風險債券且配息來源可能為本金),路博邁投信,境內,ET005003/806,,128.0,-0.08,0.85,-0.46,4.04,25.07,14.89,,,,,08/18,路博邁優質企業債券基金N累積型南非幣本基金有一定比重得投資於非投資等級之高風險債券且配息來源可能為本金
宏利澳洲優選債券收益基金-B月配息(人民幣避險)(本基金有一定比重得投資於非投資等級之高風險債券且配息來源可能為本金),宏利投信,境內,ET005003/806,,129.0,-0.73,0.46,-0.47,-3.39,4.48,0.81,,,,,08/18,宏利澳洲優選債券收益基金B月配息人民幣避險本基金有一定比重得投資於非投資等級之高風險債券且配息來源可能為本金
台新靈活入息債券基金-I不配息(美元)(本基金有一定比重得投資於非投資等級之高風險債券，配息來源可能為本金且並無保證收益及配息),台新投信,境內,ET005003/806,,130.0,-0.08,0.64,-0.49,1.71,,,,,,,08/18,台新靈活入息債券基金I不配息美元本基金有一定比重得投資於非投資等級之高風險債券，配息來源可能為本金且並無保證收益及配息
路博邁優質企業債券基金T月配型(南非幣)(本基金有一定比重得投資於非投資等級之高風險債券且配息來源可能為本金),路博邁投信,境內,ET005003/806,,131.0,-0.13,0.81,-0.49,4.01,25.09,14.79,,,,,08/18,路博邁優質企業債券基金T月配型南非幣本基金有一定比重得投資於非投資等級之高風險債券且配息來源可能為本金
路博邁優質企業債券基金N月配型(南非幣)(本基金有一定比重得投資於非投資等級之高風險債券且配息來源可能為本金),路博邁投信,境內,ET005003/806,,132.0,-0.13,0.81,-0.5,4.0,25.08,14.78,,,,,08/18,路博邁優質企業債券基金N月配型南非幣本基金有一定比重得投資於非投資等級之高風險債券且配息來源可能為本金
東方匯理全球投資等級綠色債券基金-AD月配型(南非幣避險)(本基金有一定比重得投資於非投資等級之高風險債券且配息來源可能為本金),東方匯理投信,境內,ET005003/806,,133.0,-0.47,1.01,-0.52,3.07,25.39,,,,,,08/18,東方匯理全球投資等級綠色債券基金AD月配型南非幣避險本基金有一定比重得投資於非投資等級之高風險債券且配息來源可能為本金
路博邁優質企業債券基金T累積型(南非幣)(本基金有一定比重得投資於非投資等級之高風險債券且配息來源可能為本金),路博邁投信,境內,ET005003/806,,134.0,-0.15,0.85,-0.53,3.96,25.07,14.79,,,,,08/18,路博邁優質企業債券基金T累積型南非幣本基金有一定比重得投資於非投資等級之高風險債券且配息來源可能為本金
合庫全球複合收益債券基金-A不配息(美元)(本基金有一定比重投資於非投資等級之高風險債券),合作金庫投信,境內,ET005003/806,,135.0,-0.35,0.55,-0.54,,,,,,,,08/18,合庫全球複合收益債券基金A不配息美元本基金有一定比重投資於非投資等級之高風險債券
瀚亞三至六年到期新興市場收益機會債券基金B配息(人民幣)(本基金有相當比重投資於非投資等級之高風險債券且配息來源可能為本金),瀚亞投信,境內,ET005003/806,,136.0,-0.67,-0.37,-0.57,-0.71,15.84,3.18,,,,,08/18,瀚亞三至六年到期新興市場收益機會債券基金B配息人民幣本基金有相當比重投資於非投資等級之高風險債券且配息來源可能為本金
匯豐資源豐富國家收益基金-N不配息(台幣)(本基金有一定比重投資於非投資等級之高風險債券且配息來源可能為本金),匯豐投信,境內,ET005003/806,,137.0,0.04,2.5,-0.59,12.73,,,,,,,08/18,匯豐資源豐富國家收益基金N不配息台幣本基金有一定比重投資於非投資等級之高風險債券且配息來源可能為本金
東方匯理全球投資等級綠色債券基金-ND月配型(南非幣避險)(本基金有一定比重得投資於非投資等級之高風險債券且配息來源可能為本金),東方匯理投信,境內,ET005003/806,,138.0,-0.71,0.89,-0.64,2.96,25.25,,,,,,08/18,東方匯理全球投資等級綠色債券基金ND月配型南非幣避險本基金有一定比重得投資於非投資等級之高風險債券且配息來源可能為本金
路博邁ESG新興市場債券基金T累積型(澳幣)(本基金有相當比重投資於非投資等級之高風險債券且配息來源可能為本金),路博邁投信,境內,ET005003/806,,139.0,-0.67,1.27,-0.67,5.91,30.33,0.97,,,,,08/18,路博邁ESG新興市場債券基金T累積型澳幣本基金有相當比重投資於非投資等級之高風險債券且配息來源可能為本金
柏瑞全球策略量化債券基金B月配息(南非幣)(本基金有一定比重得投資於非投資等級之高風險債券且配息來源可能為本金),柏瑞投信,境內,ET005003/806,,140.0,-0.34,1.0,-0.73,2.75,22.31,14.96,,,,,08/18,柏瑞全球策略量化債券基金B月配息南非幣本基金有一定比重得投資於非投資等級之高風險債券且配息來源可能為本金
柏瑞全球策略量化債券基金N月配息(南非幣)(本基金有一定比重得投資於非投資等級之高風險債券且配息來源可能為本金),柏瑞投信,境內,ET005003/806,,141.0,-0.34,1.0,-0.73,2.75,22.31,14.96,,,,,08/18,柏瑞全球策略量化債券基金N月配息南非幣本基金有一定比重得投資於非投資等級之高風險債券且配息來源可能為本金
路博邁全球策略收益債券基金T累積型(南非幣)(本基金有一定比重得投資於非投資等級之高風險債券且配息來源可能為本金),路博邁投信,境內,ET005003/806,,142.0,0.33,1.42,-0.74,4.3,25.73,,,,,,08/18,路博邁全球策略收益債券基金T累積型南非幣本基金有一定比重得投資於非投資等級之高風險債券且配息來源可能為本金
路博邁全球策略收益債券基金N累積型(南非幣)(本基金有一定比重得投資於非投資等級之高風險債券且配息來源可能為本金),路博邁投信,境內,ET005003/806,,143.0,0.33,1.34,-0.74,4.31,25.62,,,,,,08/18,路博邁全球策略收益債券基金N累積型南非幣本基金有一定比重得投資於非投資等級之高風險債券且配息來源可能為本金
路博邁全球策略收益債券基金T月配型(南非幣)(本基金有一定比重得投資於非投資等級之高風險債券且配息來源可能為本金),路博邁投信,境內,ET005003/806,,144.0,0.34,1.39,-0.74,4.34,25.63,,,,,,08/18,路博邁全球策略收益債券基金T月配型南非幣本基金有一定比重得投資於非投資等級之高風險債券且配息來源可能為本金
路博邁全球策略收益債券基金N月配型(南非幣)(本基金有一定比重得投資於非投資等級之高風險債券且配息來源可能為本金),路博邁投信,境內,ET005003/806,,145.0,0.23,1.28,-0.74,4.34,25.63,,,,,,08/18,路博邁全球策略收益債券基金N月配型南非幣本基金有一定比重得投資於非投資等級之高風險債券且配息來源可能為本金
路博邁ESG新興市場債券基金N累積型(澳幣)(本基金有相當比重投資於非投資等級之高風險債券且配息來源可能為本金),路博邁投信,境內,ET005003/806,,146.0,-0.76,1.27,-0.76,5.8,30.36,0.87,,,,,08/18,路博邁ESG新興市場債券基金N累積型澳幣本基金有相當比重投資於非投資等級之高風險債券且配息來源可能為本金
國泰美國優質債券基金-B配息(日圓)(本基金有一定比重得投資於非投資等級之高風險債券且配息來源可能為本金),國泰投信,境內,ET005003/806,,147.0,-2.06,-0.39,-0.77,3.39,,,,,,,08/18,國泰美國優質債券基金B配息日圓本基金有一定比重得投資於非投資等級之高風險債券且配息來源可能為本金
施羅德智選優質美元債券基金-NB月配型(台幣)(本基金有一定比重投資於非投資等級之高風險債券且基金之配息來源可能為本金),施羅德投信,境內,ET005003/806,,148.0,-1.86,1.05,-0.81,,,,,,,,08/18,施羅德智選優質美元債券基金NB月配型台幣本基金有一定比重投資於非投資等級之高風險債券且基金之配息來源可能為本金
施羅德智選優質美元債券基金-B月配型(台幣)(本基金有一定比重投資於非投資等級之高風險債券且基金之配息來源可能為本金),施羅德投信,境內,ET005003/806,,149.0,-1.86,1.04,-0.81,,,,,,,,08/18,施羅德智選優質美元債券基金B月配型台幣本基金有一定比重投資於非投資等級之高風險債券且基金之配息來源可能為本金
施羅德智選優質美元債券基金-NA累積型(台幣)(本基金有一定比重投資於非投資等級之高風險債券且基金之配息來源可能為本金),施羅德投信,境內,ET005003/806,,150.0,-1.87,1.04,-0.82,,,,,,,,08/18,施羅德智選優質美元債券基金NA累積型台幣本基金有一定比重投資於非投資等級之高風險債券且基金之配息來源可能為本金
路博邁ESG新興市場債券基金T月配型(澳幣)(本基金有相當比重投資於非投資等級之高風險債券且配息來源可能為本金),路博邁投信,境內,ET005003/806,,151.0,-0.73,1.24,-0.82,5.86,30.36,0.91,,,,,08/18,路博邁ESG新興市場債券基金T月配型澳幣本基金有相當比重投資於非投資等級之高風險債券且配息來源可能為本金
路博邁ESG新興市場債券基金N月配型(澳幣)(本基金有相當比重投資於非投資等級之高風險債券且配息來源可能為本金),路博邁投信,境內,ET005003/806,,152.0,-0.73,1.24,-0.82,5.86,30.36,0.9,,,,,08/18,路博邁ESG新興市場債券基金N月配型澳幣本基金有相當比重投資於非投資等級之高風險債券且配息來源可能為本金
施羅德智選優質美元債券基金-A累積型(台幣)(本基金有一定比重投資於非投資等級之高風險債券且基金之配息來源可能為本金),施羅德投信,境內,ET005003/806,,153.0,-1.87,1.04,-0.82,,,,,,,,08/18,施羅德智選優質美元債券基金A累積型台幣本基金有一定比重投資於非投資等級之高風險債券且基金之配息來源可能為本金
台新靈活入息債券基金-NA不配息(美元)(本基金有一定比重得投資於非投資等級之高風險債券，配息來源可能為本金且並無保證收益及配息),台新投信,境內,ET005003/806,,154.0,-0.08,0.49,-0.82,1.02,,,,,,,08/18,台新靈活入息債券基金NA不配息美元本基金有一定比重得投資於非投資等級之高風險債券，配息來源可能為本金且並無保證收益及配息
台新靈活入息債券基金-A不配息(美元)(本基金有一定比重得投資於非投資等級之高風險債券，配息來源可能為本金且並無保證收益及配息),台新投信,境內,ET005003/806,,155.0,-0.0,0.57,-0.83,1.0,,,,,,,08/18,台新靈活入息債券基金A不配息美元本基金有一定比重得投資於非投資等級之高風險債券，配息來源可能為本金且並無保證收益及配息
台新靈活入息債券基金-B配息(美元)(本基金有一定比重得投資於非投資等級之高風險債券，配息來源可能為本金且並無保證收益及配息),台新投信,境內,ET005003/806,,156.0,-0.11,0.46,-0.85,0.96,,,,,,,08/18,台新靈活入息債券基金B配息美元本基金有一定比重得投資於非投資等級之高風險債券，配息來源可能為本金且並無保證收益及配息
台新靈活入息債券基金-NB配息(美元)(本基金有一定比重得投資於非投資等級之高風險債券，配息來源可能為本金且並無保證收益及配息),台新投信,境內,ET005003/806,,157.0,-0.11,0.46,-0.85,1.0,,,,,,,08/18,台新靈活入息債券基金NB配息美元本基金有一定比重得投資於非投資等級之高風險債券，配息來源可能為本金且並無保證收益及配息
瑞銀優質精選收益基金-A不配息(澳幣),瑞銀投信,境內,ET005003/806,,158.0,-0.58,0.72,-0.91,0.7,,,,,,,08/18,瑞銀優質精選收益基金A不配息澳幣
瑞銀優質精選收益基金-B月配息(澳幣)(本基金之配息來源可能為本金),瑞銀投信,境內,ET005003/806,,159.0,-0.58,0.72,-0.91,0.7,,,,,,,08/18,瑞銀優質精選收益基金B月配息澳幣本基金之配息來源可能為本金
施羅德智選優質美元債券基金-B月配型(南非幣)(本基金有一定比重投資於非投資等級之高風險債券且基金之配息來源可能為本金),施羅德投信,境內,ET005003/806,,160.0,-0.71,0.2,-0.93,,,,,,,,08/18,施羅德智選優質美元債券基金B月配型南非幣本基金有一定比重投資於非投資等級之高風險債券且基金之配息來源可能為本金
東方匯理全球投資等級綠色債券基金-A2累積型(澳幣避險)(本基金有一定比重得投資於非投資等級之高風險債券且配息來源可能為本金),東方匯理投信,境內,ET005003/806,,161.0,0.0,0.49,-0.96,1.18,14.27,,,,,,08/18,東方匯理全球投資等級綠色債券基金A2累積型澳幣避險本基金有一定比重得投資於非投資等級之高風險債券且配息來源可能為本金
路博邁ESG新興市場債券基金T月配型(台幣)(本基金有相當比重投資於非投資等級之高風險債券且配息來源可能為本金),路博邁投信,境內,ET005003/806,,162.0,-1.32,1.46,-0.99,7.88,28.8,7.18,,,,,08/18,路博邁ESG新興市場債券基金T月配型台幣本基金有相當比重投資於非投資等級之高風險債券且配息來源可能為本金
路博邁ESG新興市場債券基金N月配型(台幣)(本基金有相當比重投資於非投資等級之高風險債券且配息來源可能為本金),路博邁投信,境內,ET005003/806,,163.0,-1.33,1.46,-1.0,7.88,28.8,7.18,,,,,08/18,路博邁ESG新興市場債券基金N月配型台幣本基金有相當比重投資於非投資等級之高風險債券且配息來源可能為本金
東方匯理全球投資等級綠色債券基金-A2累積型(美元)(本基金有一定比重得投資於非投資等級之高風險債券且配息來源可能為本金),東方匯理投信,境內,ET005003/806,,164.0,0.0,0.46,-1.01,1.5,17.23,,,,,,08/18,東方匯理全球投資等級綠色債券基金A2累積型美元本基金有一定比重得投資於非投資等級之高風險債券且配息來源可能為本金
東方匯理全球投資等級綠色債券基金-N2累積型(美元)(本基金有一定比重得投資於非投資等級之高風險債券且配息來源可能為本金),東方匯理投信,境內,ET005003/806,,165.0,-0.09,0.46,-1.01,1.5,17.23,,,,,,08/18,東方匯理全球投資等級綠色債券基金N2累積型美元本基金有一定比重得投資於非投資等級之高風險債券且配息來源可能為本金
宏利中國離岸債券基金-A不配息(人民幣),宏利投信,境內,ET005003/806,,166.0,-0.05,0.28,-1.04,0.17,6.62,2.97,24.9,,,,08/18,宏利中國離岸債券基金A不配息人民幣
路博邁ESG新興市場債券基金T累積型(美元)(本基金有相當比重投資於非投資等級之高風險債券且配息來源可能為本金),路博邁投信,境內,ET005003/806,,167.0,-0.72,1.19,-1.07,5.82,34.42,7.05,,,,,08/18,路博邁ESG新興市場債券基金T累積型美元本基金有相當比重投資於非投資等級之高風險債券且配息來源可能為本金
路博邁ESG新興市場債券基金N累積型(台幣)(本基金有相當比重投資於非投資等級之高風險債券且配息來源可能為本金),路博邁投信,境內,ET005003/806,,168.0,-1.37,1.41,-1.1,7.89,28.72,7.04,,,,,08/18,路博邁ESG新興市場債券基金N累積型台幣本基金有相當比重投資於非投資等級之高風險債券且配息來源可能為本金
路博邁ESG新興市場債券基金T累積型(台幣)(本基金有相當比重投資於非投資等級之高風險債券且配息來源可能為本金),路博邁投信,境內,ET005003/806,,169.0,-1.37,1.41,-1.1,7.9,28.76,7.15,,,,,08/18,路博邁ESG新興市場債券基金T累積型台幣本基金有相當比重投資於非投資等級之高風險債券且配息來源可能為本金
東方匯理美元核心收益債券基金-A2累積型(台幣)(本基金有一定比重得投資於非投資等級之高風險債券且配息來源可能為本金),東方匯理投信,境內,ET005003/806,,170.0,-1.73,1.22,-1.1,6.94,10.11,6.63,,,,,08/18,東方匯理美元核心收益債券基金A2累積型台幣本基金有一定比重得投資於非投資等級之高風險債券且配息來源可能為本金
東方匯理美元核心收益債券基金-N2累積型(台幣)(本基金有一定比重得投資於非投資等級之高風險債券且配息來源可能為本金),東方匯理投信,境內,ET005003/806,,171.0,-1.74,1.22,-1.1,6.96,10.02,6.64,,,,,08/18,東方匯理美元核心收益債券基金N2累積型台幣本基金有一定比重得投資於非投資等級之高風險債券且配息來源可能為本金
瑞銀優質精選收益基金-A不配息(台幣),瑞銀投信,境內,ET005003/806,,172.0,-1.01,0.7,-1.12,3.9,7.91,0.15,,,,,08/18,瑞銀優質精選收益基金A不配息台幣
瑞銀優質精選收益基金-NB月配息(台幣)(本基金之配息來源可能為本金),瑞銀投信,境內,ET005003/806,,173.0,-1.01,0.69,-1.13,3.89,7.9,0.14,,,,,08/18,瑞銀優質精選收益基金NB月配息台幣本基金之配息來源可能為本金
瑞銀優質精選收益基金-B月配息(台幣)(本基金之配息來源可能為本金),瑞銀投信,境內,ET005003/806,,174.0,-1.01,0.69,-1.13,3.89,7.9,0.14,,,,,08/18,瑞銀優質精選收益基金B月配息台幣本基金之配息來源可能為本金
路博邁ESG新興市場債券基金N累積型(美元)(本基金有相當比重投資於非投資等級之高風險債券且配息來源可能為本金),路博邁投信,境內,ET005003/806,,175.0,-0.81,1.09,-1.16,5.72,34.42,6.94,,,,,08/18,路博邁ESG新興市場債券基金N累積型美元本基金有相當比重投資於非投資等級之高風險債券且配息來源可能為本金
復華三至八年機動到期A級債券美元基金,復華投信,境內,ET005003/806,,176.0,-0.16,0.4,-1.17,2.05,,,,,,,08/18,復華三至八年機動到期A級債券美元基金
第一金四至六年機動到期全球富裕國家投資級債券基金B配息(人民幣)(本基金有一定比重得投資於非投資等級之高風險債券且配息來源可能為本金),第一金投信,境內,ET005003/806,,177.0,0.11,-1.08,-1.18,0.3,10.81,-11.3,,,,,08/18,第一金四至六年機動到期全球富裕國家投資級債券基金B配息人民幣本基金有一定比重得投資於非投資等級之高風險債券且配息來源可能為本金
宏利澳洲優選債券收益基金-B月配息(美元避險)(本基金有一定比重得投資於非投資等級之高風險債券且配息來源可能為本金),宏利投信,境內,ET005003/806,,178.0,-0.94,0.99,-1.18,-3.47,7.96,2.32,,,,,08/18,宏利澳洲優選債券收益基金B月配息美元避險本基金有一定比重得投資於非投資等級之高風險債券且配息來源可能為本金
路博邁ESG新興市場債券基金T月配型(美元)(本基金有相當比重投資於非投資等級之高風險債券且配息來源可能為本金),路博邁投信,境內,ET005003/806,,179.0,-0.8,1.15,-1.18,5.69,34.36,6.97,,,,,08/18,路博邁ESG新興市場債券基金T月配型美元本基金有相當比重投資於非投資等級之高風險債券且配息來源可能為本金
路博邁ESG新興市場債券基金N月配型(美元)(本基金有相當比重投資於非投資等級之高風險債券且配息來源可能為本金),路博邁投信,境內,ET005003/806,,180.0,-0.8,0.99,-1.18,5.68,34.35,6.97,,,,,08/18,路博邁ESG新興市場債券基金N月配型美元本基金有相當比重投資於非投資等級之高風險債券且配息來源可能為本金
玉山印度機會債券基金-月配息型(台幣)(本基金有相當比重投資於非投資等級之高風險債券且基金之配息來源可能為本金),玉山投信,境內,ET005003/806,,181.0,0.77,4.46,-1.23,-1.2,-3.04,-2.68,,,,,08/18,玉山印度機會債券基金月配息型台幣本基金有相當比重投資於非投資等級之高風險債券且基金之配息來源可能為本金
玉山印度機會債券基金-累積型(台幣)(本基金有相當比重投資於非投資等級之高風險債券且基金之配息來源可能為本金),玉山投信,境內,ET005003/806,,182.0,0.77,4.46,-1.23,-1.21,-3.05,-2.69,,,,,08/18,玉山印度機會債券基金累積型台幣本基金有相當比重投資於非投資等級之高風險債券且基金之配息來源可能為本金
東方匯理全球投資等級綠色債券基金-AD月配型(澳幣避險)(本基金有一定比重得投資於非投資等級之高風險債券且配息來源可能為本金),東方匯理投信,境內,ET005003/806,,183.0,-0.47,0.58,-1.24,0.92,14.27,,,,,,08/18,東方匯理全球投資等級綠色債券基金AD月配型澳幣避險本基金有一定比重得投資於非投資等級之高風險債券且配息來源可能為本金
東方匯理美元核心收益債券基金-N2累積型(南非幣避險)(本基金有一定比重得投資於非投資等級之高風險債券且配息來源可能為本金),東方匯理投信,境內,ET005003/806,,184.0,-0.51,0.6,-1.26,3.06,18.87,7.78,,,,,08/18,東方匯理美元核心收益債券基金N2累積型南非幣避險本基金有一定比重得投資於非投資等級之高風險債券且配息來源可能為本金
宏利亞太入息債券基金-B月配息(台幣)(本基金之配息來源可能為本金及收益平準金且並無保證收益及配息),宏利投信,境內,ET005003/806,,185.0,-0.9,0.54,-1.26,3.25,7.73,0.07,5.07,,,,08/18,宏利亞太入息債券基金B月配息台幣本基金之配息來源可能為本金及收益平準金且並無保證收益及配息
東方匯理美元核心收益債券基金-A2累積型(南非幣避險)(本基金有一定比重得投資於非投資等級之高風險債券且配息來源可能為本金),東方匯理投信,境內,ET005003/806,,186.0,-0.51,0.52,-1.28,3.02,18.35,7.0,,,,,08/18,東方匯理美元核心收益債券基金A2累積型南非幣避險本基金有一定比重得投資於非投資等級之高風險債券且配息來源可能為本金
瑞銀優質精選收益基金-A不配息(美元),瑞銀投信,境內,ET005003/806,,187.0,-0.39,0.28,-1.28,1.58,13.61,0.76,,,,,08/18,瑞銀優質精選收益基金A不配息美元
瑞銀優質精選收益基金-B月配息(美元)(本基金之配息來源可能為本金),瑞銀投信,境內,ET005003/806,,188.0,-0.39,0.28,-1.28,1.57,13.61,0.75,,,,,08/18,瑞銀優質精選收益基金B月配息美元本基金之配息來源可能為本金
瑞銀優質精選收益基金-NB月配息(美元)(本基金之配息來源可能為本金),瑞銀投信,境內,ET005003/806,,189.0,-0.39,0.28,-1.28,1.57,13.62,0.76,,,,,08/18,瑞銀優質精選收益基金NB月配息美元本基金之配息來源可能為本金
玉山印度機會債券基金-月配息型(美元)(本基金有相當比重投資於非投資等級之高風險債券且基金之配息來源可能為本金),玉山投信,境內,ET005003/806,,190.0,2.11,4.25,-1.3,-3.07,1.94,-5.18,,,,,08/18,玉山印度機會債券基金月配息型美元本基金有相當比重投資於非投資等級之高風險債券且基金之配息來源可能為本金
玉山印度機會債券基金-累積型(美元)(本基金有相當比重投資於非投資等級之高風險債券且基金之配息來源可能為本金),玉山投信,境內,ET005003/806,,191.0,2.12,4.25,-1.3,-3.07,1.93,-5.19,,,,,08/18,玉山印度機會債券基金累積型美元本基金有相當比重投資於非投資等級之高風險債券且基金之配息來源可能為本金
宏利亞太入息債券基金-A不配息(台幣),宏利投信,境內,ET005003/806,,192.0,-0.87,0.5,-1.31,3.33,7.94,1.42,7.54,,,,08/18,宏利亞太入息債券基金A不配息台幣
宏利亞太入息債券基金-C月配息(台幣)(本基金之配息來源可能為本金及收益平準金且並無保證收益及配息),宏利投信,境內,ET005003/806,,193.0,-0.9,0.49,-1.33,2.88,6.98,6.41,9.67,,,,08/18,宏利亞太入息債券基金C月配息台幣本基金之配息來源可能為本金及收益平準金且並無保證收益及配息
東方匯理全球投資等級綠色債券基金-ND月配型(澳幣避險)(本基金有一定比重得投資於非投資等級之高風險債券且配息來源可能為本金),東方匯理投信,境內,ET005003/806,,194.0,-0.47,0.46,-1.35,0.81,14.27,,,,,,08/18,東方匯理全球投資等級綠色債券基金ND月配型澳幣避險本基金有一定比重得投資於非投資等級之高風險債券且配息來源可能為本金
東方匯理全球淨零碳排企業債券基金-A2累積型(台幣)(本基金有一定比重得投資於非投資等級之高風險債券且配息來源可能為本金),東方匯理投信,境內,ET005003/806,,195.0,-1.8,1.02,-1.35,6.32,,,,,,,08/18,東方匯理全球淨零碳排企業債券基金A2累積型台幣本基金有一定比重得投資於非投資等級之高風險債券且配息來源可能為本金
東方匯理全球淨零碳排企業債券基金-N2累積型(台幣)(本基金有一定比重得投資於非投資等級之高風險債券且配息來源可能為本金),東方匯理投信,境內,ET005003/806,,196.0,-1.8,1.02,-1.35,6.42,,,,,,,08/18,東方匯理全球淨零碳排企業債券基金N2累積型台幣本基金有一定比重得投資於非投資等級之高風險債券且配息來源可能為本金
柏瑞全球策略量化債券基金N9不配息(台幣)(本基金有一定比重得投資於非投資等級之高風險債券),柏瑞投信,境內,ET005003/806,,197.0,-1.23,1.24,-1.36,3.98,11.3,0.19,,,,,08/18,柏瑞全球策略量化債券基金N9不配息台幣本基金有一定比重得投資於非投資等級之高風險債券
柏瑞全球策略量化債券基金A不配息(台幣)(本基金有一定比重得投資於非投資等級之高風險債券),柏瑞投信,境內,ET005003/806,,198.0,-1.23,1.24,-1.36,3.98,11.3,0.19,,,,,08/18,柏瑞全球策略量化債券基金A不配息台幣本基金有一定比重得投資於非投資等級之高風險債券
柏瑞全球策略量化債券基金B月配息(台幣)(本基金有一定比重得投資於非投資等級之高風險債券且配息來源可能為本金),柏瑞投信,境內,ET005003/806,,199.0,-1.23,1.24,-1.36,3.98,11.3,0.19,,,,,08/18,柏瑞全球策略量化債券基金B月配息台幣本基金有一定比重得投資於非投資等級之高風險債券且配息來源可能為本金
柏瑞全球策略量化債券基金N月配息(台幣)(本基金有一定比重得投資於非投資等級之高風險債券且配息來源可能為本金),柏瑞投信,境內,ET005003/806,,200.0,-1.23,1.24,-1.36,3.98,11.3,0.19,,,,,08/18,柏瑞全球策略量化債券基金N月配息台幣本基金有一定比重得投資於非投資等級之高風險債券且配息來源可能為本金
台新全球債券基金R不配息(台幣)(本基金有一定比重得投資於非投資等級之高風險債券),台新投信,境內,ET005003/806,,201.0,-1.69,0.38,-1.37,6.52,11.02,,,,,,08/18,台新全球債券基金R不配息台幣本基金有一定比重得投資於非投資等級之高風險債券
華南永昌全球投資等級債券基金B配息(台幣)(本基金配息來源可能為本金),華南永昌投信,境內,ET005003/806,,202.0,-2.85,1.12,-1.38,7.86,11.44,,,,,,08/18,華南永昌全球投資等級債券基金B配息台幣本基金配息來源可能為本金
華南永昌全球投資等級債券基金A不配息(台幣)(本基金配息來源可能為本金),華南永昌投信,境內,ET005003/806,,203.0,-2.85,1.12,-1.38,7.85,11.45,,,,,,08/18,華南永昌全球投資等級債券基金A不配息台幣本基金配息來源可能為本金
宏利中國離岸債券基金-B季配息(人民幣)(本基金之配息來源可能為本金及收益平準金),宏利投信,境內,ET005003/806,,204.0,-0.07,0.11,-1.38,-0.87,5.86,3.22,18.36,,,,08/18,宏利中國離岸債券基金B季配息人民幣本基金之配息來源可能為本金及收益平準金
路博邁全球策略收益債券基金T月配型(澳幣)(本基金有一定比重得投資於非投資等級之高風險債券且配息來源可能為本金),路博邁投信,境內,ET005003/806,,205.0,0.03,0.83,-1.39,1.87,13.67,,,,,,08/18,路博邁全球策略收益債券基金T月配型澳幣本基金有一定比重得投資於非投資等級之高風險債券且配息來源可能為本金
路博邁全球策略收益債券基金N月配型(澳幣)(本基金有一定比重得投資於非投資等級之高風險債券且配息來源可能為本金),路博邁投信,境內,ET005003/806,,206.0,0.03,0.71,-1.39,1.87,13.67,,,,,,08/18,路博邁全球策略收益債券基金N月配型澳幣本基金有一定比重得投資於非投資等級之高風險債券且配息來源可能為本金
路博邁全球策略收益債券基金T累積型(澳幣)(本基金有一定比重得投資於非投資等級之高風險債券且配息來源可能為本金),路博邁投信,境內,ET005003/806,,207.0,-0.1,0.69,-1.44,1.88,13.61,,,,,,08/18,路博邁全球策略收益債券基金T累積型澳幣本基金有一定比重得投資於非投資等級之高風險債券且配息來源可能為本金
元大2至10年投資級企業債券基金I不配息(美元),元大投信,境內,ET005003/806,,208.0,0.35,-0.02,-1.44,-0.37,12.08,,,,,,08/18,元大2至10年投資級企業債券基金I不配息美元
國泰美國優質債券基金-B配息(台幣)(本基金有一定比重得投資於非投資等級之高風險債券且配息來源可能為本金),國泰投信,境內,ET005003/806,,209.0,-1.17,0.92,-1.45,5.04,10.21,,,,,,08/18,國泰美國優質債券基金B配息台幣本基金有一定比重得投資於非投資等級之高風險債券且配息來源可能為本金
國泰美國優質債券基金-NB配息(台幣)(本基金有一定比重得投資於非投資等級之高風險債券且配息來源可能為本金),國泰投信,境內,ET005003/806,,210.0,-1.17,0.92,-1.45,5.04,,,,,,,08/18,國泰美國優質債券基金NB配息台幣本基金有一定比重得投資於非投資等級之高風險債券且配息來源可能為本金
國泰美國優質債券基金-A不配息(台幣)(本基金有一定比重得投資於非投資等級之高風險債券且配息來源可能為本金),國泰投信,境內,ET005003/806,,211.0,-1.17,0.92,-1.45,5.04,10.2,,,,,,08/18,國泰美國優質債券基金A不配息台幣本基金有一定比重得投資於非投資等級之高風險債券且配息來源可能為本金
東方匯理全球投資等級綠色債券基金-AD月配型(美元)(本基金有一定比重得投資於非投資等級之高風險債券且配息來源可能為本金),東方匯理投信,境內,ET005003/806,,212.0,-0.46,0.37,-1.46,1.03,16.71,,,,,,08/18,東方匯理全球投資等級綠色債券基金AD月配型美元本基金有一定比重得投資於非投資等級之高風險債券且配息來源可能為本金
東方匯理全球投資等級綠色債券基金-ND月配型(美元)(本基金有一定比重得投資於非投資等級之高風險債券且配息來源可能為本金),東方匯理投信,境內,ET005003/806,,213.0,-0.57,0.37,-1.46,1.03,16.71,,,,,,08/18,東方匯理全球投資等級綠色債券基金ND月配型美元本基金有一定比重得投資於非投資等級之高風險債券且配息來源可能為本金
柏瑞美國雙核心收益基金I不配息(台幣),柏瑞投信,境內,ET005003/806,,214.0,-1.49,0.76,-1.49,4.35,7.84,-4.01,,,,,08/18,柏瑞美國雙核心收益基金I不配息台幣
路博邁優質企業債券基金T累積型(澳幣)(本基金有一定比重得投資於非投資等級之高風險債券且配息來源可能為本金),路博邁投信,境內,ET005003/806,,215.0,-0.2,0.3,-1.5,1.33,12.27,-6.17,,,,,08/18,路博邁優質企業債券基金T累積型澳幣本基金有一定比重得投資於非投資等級之高風險債券且配息來源可能為本金
路博邁優質企業債券基金N累積型(澳幣)(本基金有一定比重得投資於非投資等級之高風險債券且配息來源可能為本金),路博邁投信,境內,ET005003/806,,216.0,-0.3,0.3,-1.5,1.33,12.27,-6.26,,,,,08/18,路博邁優質企業債券基金N累積型澳幣本基金有一定比重得投資於非投資等級之高風險債券且配息來源可能為本金
台新全球債券基金A不配息(台幣)(本基金有一定比重得投資於非投資等級之高風險債券),台新投信,境內,ET005003/806,,217.0,-1.71,0.31,-1.5,6.25,10.26,7.25,,,,,08/18,台新全球債券基金A不配息台幣本基金有一定比重得投資於非投資等級之高風險債券
台新全球債券基金B月配息(台幣)(本基金有一定比重得投資於非投資等級之高風險債券且基金之配息來源可能為本金),台新投信,境內,ET005003/806,,218.0,-1.71,0.31,-1.5,6.25,10.25,7.22,,,,,08/18,台新全球債券基金B月配息台幣本基金有一定比重得投資於非投資等級之高風險債券且基金之配息來源可能為本金
路博邁優質企業債券基金N月配型(澳幣)(本基金有一定比重得投資於非投資等級之高風險債券且配息來源可能為本金),路博邁投信,境內,ET005003/806,,219.0,-0.21,0.23,-1.51,1.3,12.26,-6.26,,,,,08/18,路博邁優質企業債券基金N月配型澳幣本基金有一定比重得投資於非投資等級之高風險債券且配息來源可能為本金
路博邁優質企業債券基金T月配型(澳幣)(本基金有一定比重得投資於非投資等級之高風險債券且配息來源可能為本金),路博邁投信,境內,ET005003/806,,220.0,-0.21,0.37,-1.51,1.28,12.24,-6.28,,,,,08/18,路博邁優質企業債券基金T月配型澳幣本基金有一定比重得投資於非投資等級之高風險債券且配息來源可能為本金
柏瑞全球策略量化債券基金N月配息(澳幣)(本基金有一定比重得投資於非投資等級之高風險債券且配息來源可能為本金),柏瑞投信,境內,ET005003/806,,221.0,-0.57,0.82,-1.52,1.2,13.61,-2.84,,,,,08/18,柏瑞全球策略量化債券基金N月配息澳幣本基金有一定比重得投資於非投資等級之高風險債券且配息來源可能為本金
柏瑞全球策略量化債券基金B月配息(澳幣)(本基金有一定比重得投資於非投資等級之高風險債券且配息來源可能為本金),柏瑞投信,境內,ET005003/806,,222.0,-0.57,0.82,-1.52,1.2,13.62,-2.84,,,,,08/18,柏瑞全球策略量化債券基金B月配息澳幣本基金有一定比重得投資於非投資等級之高風險債券且配息來源可能為本金
施羅德智選優質美元債券基金-C累積型(美元)(本基金有一定比重投資於非投資等級之高風險債券且基金之配息來源可能為本金),施羅德投信,境內,ET005003/806,,223.0,-0.72,0.03,-1.53,,,,,,,,08/18,施羅德智選優質美元債券基金C累積型美元本基金有一定比重投資於非投資等級之高風險債券且基金之配息來源可能為本金
東方匯理美元核心收益債券基金-ND月配型(台幣)(本基金有一定比重得投資於非投資等級之高風險債券且配息來源可能為本金),東方匯理投信,境內,ET005003/806,,224.0,-2.19,1.16,-1.53,6.57,9.59,6.16,,,,,08/18,東方匯理美元核心收益債券基金ND月配型台幣本基金有一定比重得投資於非投資等級之高風險債券且配息來源可能為本金
東方匯理美元核心收益債券基金-AD月配型(台幣)(本基金有一定比重得投資於非投資等級之高風險債券且配息來源可能為本金),東方匯理投信,境內,ET005003/806,,225.0,-2.07,1.29,-1.53,6.57,9.59,6.17,,,,,08/18,東方匯理美元核心收益債券基金AD月配型台幣本基金有一定比重得投資於非投資等級之高風險債券且配息來源可能為本金
路博邁全球策略收益債券基金N累積型(美元)(本基金有一定比重得投資於非投資等級之高風險債券且配息來源可能為本金),路博邁投信,境內,ET005003/806,,226.0,0.0,0.55,-1.54,2.06,17.22,,,,,,08/18,路博邁全球策略收益債券基金N累積型美元本基金有一定比重得投資於非投資等級之高風險債券且配息來源可能為本金
路博邁全球策略收益債券基金N累積型(台幣)(本基金有一定比重得投資於非投資等級之高風險債券且配息來源可能為本金),路博邁投信,境內,ET005003/806,,227.0,-0.64,0.83,-1.54,4.02,11.59,,,,,,08/18,路博邁全球策略收益債券基金N累積型台幣本基金有一定比重得投資於非投資等級之高風險債券且配息來源可能為本金
路博邁全球策略收益債券基金T累積型(台幣)(本基金有一定比重得投資於非投資等級之高風險債券且配息來源可能為本金),路博邁投信,境內,ET005003/806,,228.0,-0.55,0.83,-1.54,4.02,11.59,,,,,,08/18,路博邁全球策略收益債券基金T累積型台幣本基金有一定比重得投資於非投資等級之高風險債券且配息來源可能為本金
大華銀全球短年期投資等級債券基金NB月配(人民幣)(本基金有一定比重投資於非投資等級之高風險債券且配息來源可能為本金),大華銀投信,境內,ET005003/806,,229.0,-0.16,-0.08,-1.55,-3.44,,,,,,,08/18,大華銀全球短年期投資等級債券基金NB月配人民幣本基金有一定比重投資於非投資等級之高風險債券且配息來源可能為本金
第一金全球富裕國家債券基金A不配息(台幣)(本基金有一定比重得投資於非投資等級之高風險債券且配息來源可能為本金),第一金投信,境內,ET005003/806,,230.0,-1.7,0.52,-1.56,4.43,12.5,1.73,,,,,08/18,第一金全球富裕國家債券基金A不配息台幣本基金有一定比重得投資於非投資等級之高風險債券且配息來源可能為本金
第一金全球富裕國家債券基金B配息(台幣)(本基金有一定比重得投資於非投資等級之高風險債券且配息來源可能為本金),第一金投信,境內,ET005003/806,,231.0,-1.71,0.52,-1.56,4.43,12.5,1.74,,,,,08/18,第一金全球富裕國家債券基金B配息台幣本基金有一定比重得投資於非投資等級之高風險債券且配息來源可能為本金
路博邁全球策略收益債券基金T月配型(美元)(本基金有一定比重得投資於非投資等級之高風險債券且配息來源可能為本金),路博邁投信,境內,ET005003/806,,232.0,-0.01,0.56,-1.57,1.97,17.2,,,,,,08/18,路博邁全球策略收益債券基金T月配型美元本基金有一定比重得投資於非投資等級之高風險債券且配息來源可能為本金
路博邁全球策略收益債券基金N月配型(美元)(本基金有一定比重得投資於非投資等級之高風險債券且配息來源可能為本金),路博邁投信,境內,ET005003/806,,233.0,-0.12,0.56,-1.57,1.97,17.2,,,,,,08/18,路博邁全球策略收益債券基金N月配型美元本基金有一定比重得投資於非投資等級之高風險債券且配息來源可能為本金
路博邁全球策略收益債券基金N月配型(台幣)(本基金有一定比重得投資於非投資等級之高風險債券且配息來源可能為本金),路博邁投信,境內,ET005003/806,,234.0,-0.56,0.9,-1.57,4.02,11.59,,,,,,08/18,路博邁全球策略收益債券基金N月配型台幣本基金有一定比重得投資於非投資等級之高風險債券且配息來源可能為本金
第一金全球富裕國家債券基金N配息(台幣)(本基金有一定比重得投資於非投資等級之高風險債券且配息來源可能為本金),第一金投信,境內,ET005003/806,,235.0,-1.7,0.5,-1.58,4.41,12.49,1.73,,,,,08/18,第一金全球富裕國家債券基金N配息台幣本基金有一定比重得投資於非投資等級之高風險債券且配息來源可能為本金
柏瑞美國雙核心收益基金B月配息(台幣)(基金之配息來源可能為本金),柏瑞投信,境內,ET005003/806,,236.0,-1.5,0.71,-1.59,4.15,7.19,-4.96,-2.84,,,,08/18,柏瑞美國雙核心收益基金B月配息台幣基金之配息來源可能為本金
柏瑞美國雙核心收益基金N9不配息(台幣),柏瑞投信,境內,ET005003/806,,237.0,-1.5,0.71,-1.59,4.15,7.19,-4.96,,,,,08/18,柏瑞美國雙核心收益基金N9不配息台幣
柏瑞美國雙核心收益基金A不配息(台幣),柏瑞投信,境內,ET005003/806,,238.0,-1.5,0.71,-1.59,4.15,7.19,-4.96,-2.84,,,,08/18,柏瑞美國雙核心收益基金A不配息台幣
柏瑞美國雙核心收益基金N月配息(台幣)(基金之配息來源可能為本金),柏瑞投信,境內,ET005003/806,,239.0,-1.5,0.71,-1.59,4.14,7.19,,,,,,08/18,柏瑞美國雙核心收益基金N月配息台幣基金之配息來源可能為本金
富蘭克林華美全球投資級債券基金-NB分配型(台幣)(本基金之配息來源可能為本金),富蘭克林華美投信,境內,ET005003/806,,240.0,-1.23,0.69,-1.6,3.02,6.24,-0.96,,,,,08/18,富蘭克林華美全球投資級債券基金NB分配型台幣本基金之配息來源可能為本金
富蘭克林華美全球投資級債券基金-分配型(台幣)(本基金之配息來源可能為本金),富蘭克林華美投信,境內,ET005003/806,,241.0,-1.23,0.69,-1.61,3.02,6.25,-0.93,-8.1,,,,08/18,富蘭克林華美全球投資級債券基金分配型台幣本基金之配息來源可能為本金
元大2至10年投資級企業債券基金A不配息(美元),元大投信,境內,ET005003/806,,242.0,0.32,-0.11,-1.61,-0.7,10.99,,,,,,08/18,元大2至10年投資級企業債券基金A不配息美元
元大2至10年投資級企業債券基金B配息(美元),元大投信,境內,ET005003/806,,243.0,0.32,-0.11,-1.61,-0.7,10.97,,,,,,08/18,元大2至10年投資級企業債券基金B配息美元
富蘭克林華美全球投資級債券基金-累積型(台幣)(本基金之配息來源可能為本金),富蘭克林華美投信,境內,ET005003/806,,244.0,-1.23,0.69,-1.62,3.0,6.22,-0.96,-8.12,,,,08/18,富蘭克林華美全球投資級債券基金累積型台幣本基金之配息來源可能為本金
路博邁全球策略收益債券基金T累積型(美元)(本基金有一定比重得投資於非投資等級之高風險債券且配息來源可能為本金),路博邁投信,境內,ET005003/806,,245.0,-0.09,0.55,-1.63,2.06,17.22,,,,,,08/18,路博邁全球策略收益債券基金T累積型美元本基金有一定比重得投資於非投資等級之高風險債券且配息來源可能為本金
路博邁優質企業債券基金T月配型(台幣)(本基金有一定比重得投資於非投資等級之高風險債券且配息來源可能為本金),路博邁投信,境內,ET005003/806,,246.0,-0.98,0.46,-1.64,3.49,10.05,-1.38,,,,,08/18,路博邁優質企業債券基金T月配型台幣本基金有一定比重得投資於非投資等級之高風險債券且配息來源可能為本金
柏瑞全球策略量化債券基金IA不配息(美元)(本基金有一定比重得投資於非投資等級之高風險債券),柏瑞投信,境內,ET005003/806,,247.0,-0.4,0.65,-1.65,1.75,17.39,1.89,,,,,08/18,柏瑞全球策略量化債券基金IA不配息美元本基金有一定比重得投資於非投資等級之高風險債券
路博邁優質企業債券基金T累積型(台幣)(本基金有一定比重得投資於非投資等級之高風險債券且配息來源可能為本金),路博邁投信,境內,ET005003/806,,248.0,-0.88,0.4,-1.65,3.47,10.11,-1.27,,,,,08/18,路博邁優質企業債券基金T累積型台幣本基金有一定比重得投資於非投資等級之高風險債券且配息來源可能為本金
路博邁優質企業債券基金N累積型(台幣)(本基金有一定比重得投資於非投資等級之高風險債券且配息來源可能為本金),路博邁投信,境內,ET005003/806,,249.0,-0.88,0.4,-1.65,3.48,10.13,-1.27,,,,,08/18,路博邁優質企業債券基金N累積型台幣本基金有一定比重得投資於非投資等級之高風險債券且配息來源可能為本金
路博邁優質企業債券基金N累積型(美元)(本基金有一定比重得投資於非投資等級之高風險債券且配息來源可能為本金),路博邁投信,境內,ET005003/806,,250.0,-0.38,0.09,-1.67,1.34,15.61,-0.84,,,,,08/18,路博邁優質企業債券基金N累積型美元本基金有一定比重得投資於非投資等級之高風險債券且配息來源可能為本金
路博邁全球策略收益債券基金T月配型(台幣)(本基金有一定比重得投資於非投資等級之高風險債券且配息來源可能為本金),路博邁投信,境內,ET005003/806,,251.0,-0.68,0.79,-1.68,3.9,11.47,,,,,,08/18,路博邁全球策略收益債券基金T月配型台幣本基金有一定比重得投資於非投資等級之高風險債券且配息來源可能為本金
第一金美國100大企業債券基金TISA類型(台幣)(本基金有一定比重得投資於非投資等級之高風險債券且配息來源可能為本金),第一金投信,境內,ET005003/806,,252.0,-1.91,0.43,-1.69,,,,,,,,08/18,第一金美國100大企業債券基金TISA類型台幣本基金有一定比重得投資於非投資等級之高風險債券且配息來源可能為本金
柏瑞ESG量化債券基金I不配息(台幣)(本基金有一定比重得投資於非投資等級之高風險債券),柏瑞投信,境內,ET005003/806,,253.0,-1.12,1.32,-1.7,3.68,10.42,-4.01,,,,,08/18,柏瑞ESG量化債券基金I不配息台幣本基金有一定比重得投資於非投資等級之高風險債券
路博邁優質企業債券基金N月配型(台幣)(本基金有一定比重得投資於非投資等級之高風險債券且配息來源可能為本金),路博邁投信,境內,ET005003/806,,254.0,-0.98,0.33,-1.76,3.37,10.08,-1.36,,,,,08/18,路博邁優質企業債券基金N月配型台幣本基金有一定比重得投資於非投資等級之高風險債券且配息來源可能為本金
路博邁優質企業債券基金T累積型(美元)(本基金有一定比重得投資於非投資等級之高風險債券且配息來源可能為本金),路博邁投信,境內,ET005003/806,,255.0,-0.38,0.09,-1.76,1.34,15.61,-0.84,,,,,08/18,路博邁優質企業債券基金T累積型美元本基金有一定比重得投資於非投資等級之高風險債券且配息來源可能為本金
路博邁優質企業債券基金T月配型(美元)(本基金有一定比重得投資於非投資等級之高風險債券且配息來源可能為本金),路博邁投信,境內,ET005003/806,,256.0,-0.35,0.13,-1.77,1.38,15.62,-0.87,,,,,08/18,路博邁優質企業債券基金T月配型美元本基金有一定比重得投資於非投資等級之高風險債券且配息來源可能為本金
路博邁優質企業債券基金N月配型(美元)(本基金有一定比重得投資於非投資等級之高風險債券且配息來源可能為本金),路博邁投信,境內,ET005003/806,,257.0,-0.35,0.13,-1.77,1.38,15.62,-0.87,,,,,08/18,路博邁優質企業債券基金N月配型美元本基金有一定比重得投資於非投資等級之高風險債券且配息來源可能為本金
匯豐資源豐富國家收益基金-AM2月配型(美元)(本基金有一定比重投資於非投資等級之高風險債券且配息來源可能為本金),匯豐投信,境內,ET005003/806,,258.0,1.08,1.11,-1.77,6.22,,,,,,,08/18,匯豐資源豐富國家收益基金AM2月配型美元本基金有一定比重投資於非投資等級之高風險債券且配息來源可能為本金
匯豐資源豐富國家收益基金-不配息(美元)(本基金有一定比重投資於非投資等級之高風險債券且配息來源可能為本金),匯豐投信,境內,ET005003/806,,259.0,1.08,1.11,-1.78,6.22,,,,,,,08/18,匯豐資源豐富國家收益基金不配息美元本基金有一定比重投資於非投資等級之高風險債券且配息來源可能為本金
匯豐資源豐富國家收益基金-AM1月配型(美元)(本基金有一定比重投資於非投資等級之高風險債券且配息來源可能為本金),匯豐投信,境內,ET005003/806,,260.0,1.08,1.11,-1.78,6.22,,,,,,,08/18,匯豐資源豐富國家收益基金AM1月配型美元本基金有一定比重投資於非投資等級之高風險債券且配息來源可能為本金
匯豐資源豐富國家收益基金-NM2月配型(美元)(本基金有一定比重投資於非投資等級之高風險債券且配息來源可能為本金),匯豐投信,境內,ET005003/806,,261.0,1.08,1.11,-1.78,6.22,,,,,,,08/18,匯豐資源豐富國家收益基金NM2月配型美元本基金有一定比重投資於非投資等級之高風險債券且配息來源可能為本金
東方匯理全球淨零碳排企業債券基金-AD月配型(台幣)(本基金有一定比重得投資於非投資等級之高風險債券且配息來源可能為本金),東方匯理投信,境內,ET005003/806,,262.0,-2.29,1.02,-1.79,5.89,,,,,,,08/18,東方匯理全球淨零碳排企業債券基金AD月配型台幣本基金有一定比重得投資於非投資等級之高風險債券且配息來源可能為本金
東方匯理全球淨零碳排企業債券基金-ND月配型(台幣)(本基金有一定比重得投資於非投資等級之高風險債券且配息來源可能為本金),東方匯理投信,境內,ET005003/806,,263.0,-2.29,1.02,-1.79,5.89,,,,,,,08/18,東方匯理全球淨零碳排企業債券基金ND月配型台幣本基金有一定比重得投資於非投資等級之高風險債券且配息來源可能為本金
柏瑞全球策略量化債券基金N9不配息(美元)(本基金有一定比重得投資於非投資等級之高風險債券),柏瑞投信,境內,ET005003/806,,264.0,-0.43,0.58,-1.79,1.45,16.35,0.38,,,,,08/18,柏瑞全球策略量化債券基金N9不配息美元本基金有一定比重得投資於非投資等級之高風險債券
柏瑞全球策略量化債券基金A不配息(美元)(本基金有一定比重得投資於非投資等級之高風險債券),柏瑞投信,境內,ET005003/806,,265.0,-0.43,0.58,-1.8,1.45,16.35,0.38,,,,,08/18,柏瑞全球策略量化債券基金A不配息美元本基金有一定比重得投資於非投資等級之高風險債券
柏瑞全球策略量化債券基金B月配息(美元)(本基金有一定比重得投資於非投資等級之高風險債券且配息來源可能為本金),柏瑞投信,境內,ET005003/806,,266.0,-0.43,0.57,-1.8,1.44,16.35,0.37,,,,,08/18,柏瑞全球策略量化債券基金B月配息美元本基金有一定比重得投資於非投資等級之高風險債券且配息來源可能為本金
柏瑞全球策略量化債券基金N月配息(美元)(本基金有一定比重得投資於非投資等級之高風險債券且配息來源可能為本金),柏瑞投信,境內,ET005003/806,,267.0,-0.43,0.57,-1.8,1.44,16.35,0.37,,,,,08/18,柏瑞全球策略量化債券基金N月配息美元本基金有一定比重得投資於非投資等級之高風險債券且配息來源可能為本金
玉山美國投資級企業債券基金-月配息型(台幣)(本基金有一定比重得投資於非投資等級之高風險債券且基金之配息來源可能為本金),玉山投信,境內,ET005003/806,,268.0,-1.77,0.3,-1.82,3.66,10.55,-0.07,,,,,08/18,玉山美國投資級企業債券基金月配息型台幣本基金有一定比重得投資於非投資等級之高風險債券且基金之配息來源可能為本金
玉山美國投資級企業債券基金-累積型(台幣)(本基金有一定比重得投資於非投資等級之高風險債券且基金之配息來源可能為本金),玉山投信,境內,ET005003/806,,269.0,-1.77,0.3,-1.82,3.67,10.55,-0.07,,,,,08/18,玉山美國投資級企業債券基金累積型台幣本基金有一定比重得投資於非投資等級之高風險債券且基金之配息來源可能為本金
柏瑞ESG量化債券基金N9不配息(台幣)(本基金有一定比重得投資於非投資等級之高風險債券),柏瑞投信,境內,ET005003/806,,270.0,-1.15,1.23,-1.87,3.32,9.27,-5.67,,,,,08/18,柏瑞ESG量化債券基金N9不配息台幣本基金有一定比重得投資於非投資等級之高風險債券
柏瑞ESG量化債券基金A不配息(台幣)(本基金有一定比重得投資於非投資等級之高風險債券),柏瑞投信,境內,ET005003/806,,271.0,-1.15,1.23,-1.87,3.31,9.27,-5.68,,,,,08/18,柏瑞ESG量化債券基金A不配息台幣本基金有一定比重得投資於非投資等級之高風險債券
柏瑞ESG量化債券基金B月配息(台幣)(本基金有一定比重得投資於非投資等級之高風險債券且配息來源可能為本金),柏瑞投信,境內,ET005003/806,,272.0,-1.15,1.23,-1.87,3.31,9.28,-5.67,,,,,08/18,柏瑞ESG量化債券基金B月配息台幣本基金有一定比重得投資於非投資等級之高風險債券且配息來源可能為本金
柏瑞ESG量化債券基金N月配息(台幣)(本基金有一定比重得投資於非投資等級之高風險債券且配息來源可能為本金),柏瑞投信,境內,ET005003/806,,273.0,-1.15,1.23,-1.87,3.31,9.27,-5.67,,,,,08/18,柏瑞ESG量化債券基金N月配息台幣本基金有一定比重得投資於非投資等級之高風險債券且配息來源可能為本金
富邦亞太優質債券基金B配息(美元)(基金之配息來源可能為本金),富邦投信,境內,ET005003/806,,274.0,-0.7,-0.18,-1.88,0.62,11.45,1.84,13.29,,,,08/18,富邦亞太優質債券基金B配息美元基金之配息來源可能為本金
富邦亞太優質債券基金A不配息(美元)(基金之配息來源可能為本金),富邦投信,境內,ET005003/806,,275.0,-0.7,-0.18,-1.88,0.61,11.45,1.82,13.27,,,,08/18,富邦亞太優質債券基金A不配息美元基金之配息來源可能為本金
東方匯理美元核心收益債券基金-AD月配型(南非幣避險)(本基金有一定比重得投資於非投資等級之高風險債券且配息來源可能為本金),東方匯理投信,境內,ET005003/806,,276.0,-1.0,0.76,-1.92,2.29,17.92,6.76,,,,,08/18,東方匯理美元核心收益債券基金AD月配型南非幣避險本基金有一定比重得投資於非投資等級之高風險債券且配息來源可能為本金
柏瑞ESG量化債券基金N9不配息(澳幣)(本基金有一定比重得投資於非投資等級之高風險債券),柏瑞投信,境內,ET005003/806,,277.0,-0.46,0.86,-1.94,0.3,11.68,-9.14,,,,,08/18,柏瑞ESG量化債券基金N9不配息澳幣本基金有一定比重得投資於非投資等級之高風險債券
柏瑞ESG量化債券基金A不配息(澳幣)(本基金有一定比重得投資於非投資等級之高風險債券),柏瑞投信,境內,ET005003/806,,278.0,-0.46,0.86,-1.94,0.3,11.68,-9.15,,,,,08/18,柏瑞ESG量化債券基金A不配息澳幣本基金有一定比重得投資於非投資等級之高風險債券
柏瑞ESG量化債券基金B月配息(澳幣)(本基金有一定比重得投資於非投資等級之高風險債券且配息來源可能為本金),柏瑞投信,境內,ET005003/806,,279.0,-0.46,0.86,-1.95,0.28,11.7,-9.14,,,,,08/18,柏瑞ESG量化債券基金B月配息澳幣本基金有一定比重得投資於非投資等級之高風險債券且配息來源可能為本金
柏瑞ESG量化債券基金N月配息(澳幣)(本基金有一定比重得投資於非投資等級之高風險債券且配息來源可能為本金),柏瑞投信,境內,ET005003/806,,280.0,-0.46,0.86,-1.95,0.28,11.69,-9.14,,,,,08/18,柏瑞ESG量化債券基金N月配息澳幣本基金有一定比重得投資於非投資等級之高風險債券且配息來源可能為本金
富邦全球投資等級債券基金-R不配息(台幣),富邦投信,境內,ET005003/806,,281.0,-1.68,0.22,-1.98,4.55,6.31,,,,,,08/18,富邦全球投資等級債券基金R不配息台幣
宏利澳洲優選債券收益基金-A不配息(美元避險)(本基金有一定比重得投資於非投資等級之高風險債券),宏利投信,境內,ET005003/806,,282.0,-0.59,1.05,-2.01,-4.33,6.71,1.27,,,,,08/18,宏利澳洲優選債券收益基金A不配息美元避險本基金有一定比重得投資於非投資等級之高風險債券
東方匯理美元核心收益債券基金-ND月配型(南非幣避險)(本基金有一定比重得投資於非投資等級之高風險債券且配息來源可能為本金),東方匯理投信,境內,ET005003/806,,283.0,-1.14,0.48,-2.03,2.18,17.61,6.69,,,,,08/18,東方匯理美元核心收益債券基金ND月配型南非幣避險本基金有一定比重得投資於非投資等級之高風險債券且配息來源可能為本金
富邦全球投資等級債券基金B配息(台幣),富邦投信,境內,ET005003/806,,284.0,-1.7,0.17,-2.08,4.35,5.7,-4.95,-3.89,,,,08/18,富邦全球投資等級債券基金B配息台幣
富邦全球投資等級債券基金A不配息(台幣),富邦投信,境內,ET005003/806,,285.0,-1.7,0.17,-2.08,4.35,5.7,-4.95,-3.89,,,,08/18,富邦全球投資等級債券基金A不配息台幣
柏瑞美國雙核心收益基金B月配息(美元)(基金之配息來源可能為本金),柏瑞投信,境內,ET005003/806,,286.0,-0.7,0.01,-2.09,1.27,11.73,-5.69,,,,,08/18,柏瑞美國雙核心收益基金B月配息美元基金之配息來源可能為本金
柏瑞ESG量化債券基金I不配息(美元)(本基金有一定比重得投資於非投資等級之高風險債券),柏瑞投信,境內,ET005003/806,,287.0,-0.36,0.69,-2.09,1.33,15.68,,,,,,08/18,柏瑞ESG量化債券基金I不配息美元本基金有一定比重得投資於非投資等級之高風險債券
柏瑞美國雙核心收益基金A不配息(美元),柏瑞投信,境內,ET005003/806,,288.0,-0.7,0.01,-2.09,1.27,11.72,-5.7,,,,,08/18,柏瑞美國雙核心收益基金A不配息美元
台新全球債券基金B月配息(美元)(本基金有一定比重得投資於非投資等級之高風險債券且基金之配息來源可能為本金),台新投信,境內,ET005003/806,,289.0,-0.68,-0.33,-2.1,0.72,10.94,-5.85,,,,,08/18,台新全球債券基金B月配息美元本基金有一定比重得投資於非投資等級之高風險債券且基金之配息來源可能為本金
野村全球金融收益基金-累積S類型(台幣)(本基金之配息來源可能為本金且並無保證收益及配息),野村投信,境內,ET005003/806,,290.0,-1.57,0.55,-2.11,3.47,11.49,0.14,,,,,08/18,野村全球金融收益基金累積S類型台幣本基金之配息來源可能為本金且並無保證收益及配息
台新全球債券基金A不配息(美元)(本基金有一定比重得投資於非投資等級之高風險債券),台新投信,境內,ET005003/806,,291.0,-0.69,-0.36,-2.12,0.7,11.05,-5.76,,,,,08/18,台新全球債券基金A不配息美元本基金有一定比重得投資於非投資等級之高風險債券
施羅德智選優質美元債券基金-NB月配型(美元)(本基金有一定比重投資於非投資等級之高風險債券且基金之配息來源可能為本金),施羅德投信,境內,ET005003/806,,292.0,-0.81,-0.23,-2.12,,,,,,,,08/18,施羅德智選優質美元債券基金NB月配型美元本基金有一定比重投資於非投資等級之高風險債券且基金之配息來源可能為本金
台新靈活入息債券基金-B配息(人民幣)(本基金有一定比重得投資於非投資等級之高風險債券，配息來源可能為本金且並無保證收益及配息),台新投信,境內,ET005003/806,,293.0,-0.32,-0.17,-2.13,-1.64,,,,,,,08/18,台新靈活入息債券基金B配息人民幣本基金有一定比重得投資於非投資等級之高風險債券，配息來源可能為本金且並無保證收益及配息
台新靈活入息債券基金-NB配息(人民幣)(本基金有一定比重得投資於非投資等級之高風險債券，配息來源可能為本金且並無保證收益及配息),台新投信,境內,ET005003/806,,294.0,-0.33,-0.19,-2.13,-1.56,,,,,,,08/18,台新靈活入息債券基金NB配息人民幣本基金有一定比重得投資於非投資等級之高風險債券，配息來源可能為本金且並無保證收益及配息
第一金美國100大企業債券基金N配息(台幣)(本基金有一定比重得投資於非投資等級之高風險債券且配息來源可能為本金),第一金投信,境內,ET005003/806,,295.0,-1.95,0.32,-2.13,3.92,9.78,2.88,,,,,08/18,第一金美國100大企業債券基金N配息台幣本基金有一定比重得投資於非投資等級之高風險債券且配息來源可能為本金
施羅德智選優質美元債券基金-NA累積型(美元)(本基金有一定比重投資於非投資等級之高風險債券且基金之配息來源可能為本金),施羅德投信,境內,ET005003/806,,296.0,-0.79,-0.22,-2.13,,,,,,,,08/18,施羅德智選優質美元債券基金NA累積型美元本基金有一定比重投資於非投資等級之高風險債券且基金之配息來源可能為本金
第一金美國100大企業債券基金N不配息(台幣)(本基金有一定比重得投資於非投資等級之高風險債券且配息來源可能為本金),第一金投信,境內,ET005003/806,,297.0,-1.95,0.32,-2.13,3.92,9.77,2.88,,,,,08/18,第一金美國100大企業債券基金N不配息台幣本基金有一定比重得投資於非投資等級之高風險債券且配息來源可能為本金
第一金美國100大企業債券基金B配息(台幣)(本基金有一定比重得投資於非投資等級之高風險債券且配息來源可能為本金),第一金投信,境內,ET005003/806,,298.0,-1.95,0.32,-2.13,3.92,9.78,2.88,,,,,08/18,第一金美國100大企業債券基金B配息台幣本基金有一定比重得投資於非投資等級之高風險債券且配息來源可能為本金
第一金美國100大企業債券基金A不配息(台幣)(本基金有一定比重得投資於非投資等級之高風險債券且配息來源可能為本金),第一金投信,境內,ET005003/806,,299.0,-1.95,0.32,-2.13,3.92,9.77,2.88,,,,,08/18,第一金美國100大企業債券基金A不配息台幣本基金有一定比重得投資於非投資等級之高風險債券且配息來源可能為本金
台新靈活入息債券基金-A不配息(人民幣)(本基金有一定比重得投資於非投資等級之高風險債券，配息來源可能為本金且並無保證收益及配息),台新投信,境內,ET005003/806,,300.0,-0.36,-0.19,-2.15,-1.6,,,,,,,08/18,台新靈活入息債券基金A不配息人民幣本基金有一定比重得投資於非投資等級之高風險債券，配息來源可能為本金且並無保證收益及配息
施羅德智選優質美元債券基金-A累積型(美元)(本基金有一定比重投資於非投資等級之高風險債券且基金之配息來源可能為本金),施羅德投信,境內,ET005003/806,,301.0,-0.81,-0.25,-2.15,,,,,,,,08/18,施羅德智選優質美元債券基金A累積型美元本基金有一定比重投資於非投資等級之高風險債券且基金之配息來源可能為本金
台新靈活入息債券基金-NA不配息(人民幣)(本基金有一定比重得投資於非投資等級之高風險債券，配息來源可能為本金且並無保證收益及配息),台新投信,境內,ET005003/806,,302.0,-0.34,-0.22,-2.16,-1.59,,,,,,,08/18,台新靈活入息債券基金NA不配息人民幣本基金有一定比重得投資於非投資等級之高風險債券，配息來源可能為本金且並無保證收益及配息
永豐全球基礎建設及公用事業投資等級債券基金-累積型(美元)(本基金有一定比重得投資於非投資等級之高風險債券且配息來源可能為本金),永豐投信,境內,ET005003/806,,303.0,-0.73,-0.21,-2.16,1.02,13.25,,,,,,08/18,永豐全球基礎建設及公用事業投資等級債券基金累積型美元本基金有一定比重得投資於非投資等級之高風險債券且配息來源可能為本金
施羅德智選優質美元債券基金-B月配型(美元)(本基金有一定比重投資於非投資等級之高風險債券且基金之配息來源可能為本金),施羅德投信,境內,ET005003/806,,304.0,-0.81,-0.24,-2.16,,,,,,,,08/18,施羅德智選優質美元債券基金B月配型美元本基金有一定比重投資於非投資等級之高風險債券且基金之配息來源可能為本金
元大優息10年期以上已開發市場投資級美元公司債券ETF基金(本基金之配息來源可能為收益平準金且並無保證收益及配息),元大投信,境內,ET005003/806,,305.0,-3.53,-0.85,-2.16,5.96,,,,,,,08/18,元大優息10年期以上已開發市場投資級美元公司債券ETF基金本基金之配息來源可能為收益平準金且並無保證收益及配息
路博邁ESG新興市場債券基金N累積型(人民幣)(本基金有相當比重投資於非投資等級之高風險債券且配息來源可能為本金),路博邁投信,境內,ET005003/806,,306.0,-0.95,0.48,-2.17,3.28,25.06,-1.24,,,,,08/18,路博邁ESG新興市場債券基金N累積型人民幣本基金有相當比重投資於非投資等級之高風險債券且配息來源可能為本金
第一金全球富裕國家債券基金N不配息(美元)(本基金有一定比重得投資於非投資等級之高風險債券且配息來源可能為本金),第一金投信,境內,ET005003/806,,307.0,-0.67,-0.15,-2.17,0.9,14.6,-9.18,,,,,08/18,第一金全球富裕國家債券基金N不配息美元本基金有一定比重得投資於非投資等級之高風險債券且配息來源可能為本金
第一金全球富裕國家債券基金A不配息(美元)(本基金有一定比重得投資於非投資等級之高風險債券且配息來源可能為本金),第一金投信,境內,ET005003/806,,308.0,-0.67,-0.15,-2.17,0.9,14.6,-9.18,,,,,08/18,第一金全球富裕國家債券基金A不配息美元本基金有一定比重得投資於非投資等級之高風險債券且配息來源可能為本金
第一金全球富裕國家債券基金B配息(美元)(本基金有一定比重得投資於非投資等級之高風險債券且配息來源可能為本金),第一金投信,境內,ET005003/806,,309.0,-0.67,-0.15,-2.18,0.89,14.6,-9.22,,,,,08/18,第一金全球富裕國家債券基金B配息美元本基金有一定比重得投資於非投資等級之高風險債券且配息來源可能為本金
富蘭克林華美全球投資級債券基金-NB分配型(美元)(本基金之配息來源可能為本金),富蘭克林華美投信,境內,ET005003/806,,310.0,-0.64,-0.01,-2.18,0.62,11.35,-3.71,,,,,08/18,富蘭克林華美全球投資級債券基金NB分配型美元本基金之配息來源可能為本金
富蘭克林華美全球投資級債券基金-分配型(美元)(本基金之配息來源可能為本金),富蘭克林華美投信,境內,ET005003/806,,311.0,-0.64,-0.01,-2.18,0.62,11.36,-3.7,-0.69,,,,08/18,富蘭克林華美全球投資級債券基金分配型美元本基金之配息來源可能為本金
第一金全球富裕國家債券基金N配息(美元)(本基金有一定比重得投資於非投資等級之高風險債券且配息來源可能為本金),第一金投信,境內,ET005003/806,,312.0,-0.67,-0.15,-2.18,0.89,14.45,-9.28,,,,,08/18,第一金全球富裕國家債券基金N配息美元本基金有一定比重得投資於非投資等級之高風險債券且配息來源可能為本金
富蘭克林華美全球投資級債券基金-累積型(美元)(本基金之配息來源可能為本金),富蘭克林華美投信,境內,ET005003/806,,313.0,-0.64,-0.01,-2.18,0.62,11.34,-3.73,-0.7,,,,08/18,富蘭克林華美全球投資級債券基金累積型美元本基金之配息來源可能為本金
玉山美國投資級企業債券基金-累積型(美元)(本基金有一定比重得投資於非投資等級之高風險債券且基金之配息來源可能為本金),玉山投信,境內,ET005003/806,,314.0,-0.88,-0.24,-2.19,1.22,15.02,-3.09,,,,,08/18,玉山美國投資級企業債券基金累積型美元本基金有一定比重得投資於非投資等級之高風險債券且基金之配息來源可能為本金
玉山美國投資級企業債券基金-月配息型(美元)(本基金有一定比重得投資於非投資等級之高風險債券且基金之配息來源可能為本金),玉山投信,境內,ET005003/806,,315.0,-0.89,-0.24,-2.19,1.22,15.01,-3.09,,,,,08/18,玉山美國投資級企業債券基金月配息型美元本基金有一定比重得投資於非投資等級之高風險債券且基金之配息來源可能為本金
群益全球策略收益金融債券基金NB月配型(人民幣)(本子基金有一定比重投資於非投資等級之高風險債券且基金之配息來源可能為本金),群益投信,境內,ET005003/806,,316.0,-0.78,-0.42,-2.2,-2.18,10.14,3.52,,,,,08/18,群益全球策略收益金融債券基金NB月配型人民幣本子基金有一定比重投資於非投資等級之高風險債券且基金之配息來源可能為本金
群益全球策略收益金融債券基金B月配型(人民幣)(本子基金有一定比重投資於非投資等級之高風險債券且基金之配息來源可能為本金),群益投信,境內,ET005003/806,,317.0,-0.78,-0.42,-2.2,-2.18,10.14,3.52,,,,,08/18,群益全球策略收益金融債券基金B月配型人民幣本子基金有一定比重投資於非投資等級之高風險債券且基金之配息來源可能為本金
群益全球策略收益金融債券基金A累積型(人民幣)(本子基金有一定比重投資於非投資等級之高風險債券且基金之配息來源可能為本金),群益投信,境內,ET005003/806,,318.0,-0.78,-0.42,-2.2,-2.18,10.14,3.53,,,,,08/18,群益全球策略收益金融債券基金A累積型人民幣本子基金有一定比重投資於非投資等級之高風險債券且基金之配息來源可能為本金
群益全球策略收益金融債券基金NA累積型(人民幣)(本子基金有一定比重投資於非投資等級之高風險債券且基金之配息來源可能為本金),群益投信,境內,ET005003/806,,319.0,-0.78,-0.42,-2.2,-2.18,10.14,3.53,,,,,08/18,群益全球策略收益金融債券基金NA累積型人民幣本子基金有一定比重投資於非投資等級之高風險債券且基金之配息來源可能為本金
路博邁ESG新興市場債券基金N月配型(人民幣)(本基金有相當比重投資於非投資等級之高風險債券且配息來源可能為本金),路博邁投信,境內,ET005003/806,,320.0,-1.04,0.46,-2.2,3.3,25.05,-1.32,,,,,08/18,路博邁ESG新興市場債券基金N月配型人民幣本基金有相當比重投資於非投資等級之高風險債券且配息來源可能為本金
路博邁ESG新興市場債券基金T月配型(人民幣)(本基金有相當比重投資於非投資等級之高風險債券且配息來源可能為本金),路博邁投信,境內,ET005003/806,,321.0,-1.05,0.46,-2.2,3.3,25.05,-1.31,,,,,08/18,路博邁ESG新興市場債券基金T月配型人民幣本基金有相當比重投資於非投資等級之高風險債券且配息來源可能為本金
國泰美國優質債券基金-NB配息(美元)(本基金有一定比重得投資於非投資等級之高風險債券且配息來源可能為本金),國泰投信,境內,ET005003/806,,322.0,-0.71,-0.11,-2.22,1.37,,,,,,,08/18,國泰美國優質債券基金NB配息美元本基金有一定比重得投資於非投資等級之高風險債券且配息來源可能為本金
國泰美國優質債券基金-B配息(美元)(本基金有一定比重得投資於非投資等級之高風險債券且配息來源可能為本金),國泰投信,境內,ET005003/806,,323.0,-0.71,-0.12,-2.22,1.37,13.58,,,,,,08/18,國泰美國優質債券基金B配息美元本基金有一定比重得投資於非投資等級之高風險債券且配息來源可能為本金
國泰美國優質債券基金-A不配息(美元)(本基金有一定比重得投資於非投資等級之高風險債券且配息來源可能為本金),國泰投信,境內,ET005003/806,,324.0,-0.71,-0.12,-2.23,1.36,13.56,,,,,,08/18,國泰美國優質債券基金A不配息美元本基金有一定比重得投資於非投資等級之高風險債券且配息來源可能為本金
路博邁ESG新興市場債券基金T累積型(人民幣)(本基金有相當比重投資於非投資等級之高風險債券且配息來源可能為本金),路博邁投信,境內,ET005003/806,,325.0,-1.05,0.39,-2.26,3.29,24.94,-1.33,,,,,08/18,路博邁ESG新興市場債券基金T累積型人民幣本基金有相當比重投資於非投資等級之高風險債券且配息來源可能為本金
柏瑞ESG量化債券基金N9不配息(美元)(本基金有一定比重得投資於非投資等級之高風險債券),柏瑞投信,境內,ET005003/806,,326.0,-0.39,0.6,-2.27,0.97,14.48,-5.64,,,,,08/18,柏瑞ESG量化債券基金N9不配息美元本基金有一定比重得投資於非投資等級之高風險債券
柏瑞ESG量化債券基金A不配息(美元)(本基金有一定比重得投資於非投資等級之高風險債券),柏瑞投信,境內,ET005003/806,,327.0,-0.39,0.6,-2.27,0.97,14.48,-5.64,,,,,08/18,柏瑞ESG量化債券基金A不配息美元本基金有一定比重得投資於非投資等級之高風險債券
柏瑞ESG量化債券基金N月配息(美元)(本基金有一定比重得投資於非投資等級之高風險債券且配息來源可能為本金),柏瑞投信,境內,ET005003/806,,328.0,-0.39,0.6,-2.27,0.96,14.47,-5.65,,,,,08/18,柏瑞ESG量化債券基金N月配息美元本基金有一定比重得投資於非投資等級之高風險債券且配息來源可能為本金
柏瑞ESG量化債券基金B月配息(美元)(本基金有一定比重得投資於非投資等級之高風險債券且配息來源可能為本金),柏瑞投信,境內,ET005003/806,,329.0,-0.39,0.6,-2.27,0.96,14.48,-5.63,,,,,08/18,柏瑞ESG量化債券基金B月配息美元本基金有一定比重得投資於非投資等級之高風險債券且配息來源可能為本金
永豐全球基礎建設及公用事業投資等級債券基金-N累積型(美元)(本基金有一定比重得投資於非投資等級之高風險債券且配息來源可能為本金),永豐投信,境內,ET005003/806,,330.0,-0.73,-0.21,-2.29,0.96,12.9,,,,,,08/18,永豐全球基礎建設及公用事業投資等級債券基金N累積型美元本基金有一定比重得投資於非投資等級之高風險債券且配息來源可能為本金
永豐全球基礎建設及公用事業投資等級債券基金-月配型(美元)(本基金有一定比重得投資於非投資等級之高風險債券且配息來源可能為本金),永豐投信,境內,ET005003/806,,331.0,-0.72,-0.2,-2.29,0.91,12.8,,,,,,08/18,永豐全球基礎建設及公用事業投資等級債券基金月配型美元本基金有一定比重得投資於非投資等級之高風險債券且配息來源可能為本金
東方匯理美元核心收益債券基金-A2累積型(美元)(本基金有一定比重得投資於非投資等級之高風險債券且配息來源可能為本金),東方匯理投信,境內,ET005003/806,,332.0,-0.51,0.0,-2.3,0.72,10.15,-6.95,,,,,08/18,東方匯理美元核心收益債券基金A2累積型美元本基金有一定比重得投資於非投資等級之高風險債券且配息來源可能為本金
宏利亞太入息債券基金-C月配息(人民幣避險)(本基金之配息來源可能為本金及收益平準金且並無保證收益及配息),宏利投信,境內,ET005003/806,,333.0,-0.56,-0.42,-2.31,-0.94,5.14,-5.29,8.15,,,,08/18,宏利亞太入息債券基金C月配息人民幣避險本基金之配息來源可能為本金及收益平準金且並無保證收益及配息
東方匯理美元核心收益債券基金-N2累積型(澳幣避險)(本基金有一定比重得投資於非投資等級之高風險債券且配息來源可能為本金),東方匯理投信,境內,ET005003/806,,334.0,-0.54,0.11,-2.32,0.43,7.91,-10.77,,,,,08/18,東方匯理美元核心收益債券基金N2累積型澳幣避險本基金有一定比重得投資於非投資等級之高風險債券且配息來源可能為本金
東方匯理美元核心收益債券基金-A2累積型(澳幣避險)(本基金有一定比重得投資於非投資等級之高風險債券且配息來源可能為本金),東方匯理投信,境內,ET005003/806,,335.0,-0.54,0.11,-2.32,0.43,7.55,-11.3,,,,,08/18,東方匯理美元核心收益債券基金A2累積型澳幣避險本基金有一定比重得投資於非投資等級之高風險債券且配息來源可能為本金
永豐全球基礎建設及公用事業投資等級債券基金-N月配型(美元)(本基金有一定比重得投資於非投資等級之高風險債券且配息來源可能為本金),永豐投信,境內,ET005003/806,,336.0,-0.72,-0.22,-2.33,0.9,13.14,,,,,,08/18,永豐全球基礎建設及公用事業投資等級債券基金N月配型美元本基金有一定比重得投資於非投資等級之高風險債券且配息來源可能為本金
野村全球金融收益基金-累積型(台幣)(本基金之配息來源可能為本金且並無保證收益及配息),野村投信,境內,ET005003/806,,337.0,-1.62,0.42,-2.36,2.94,9.79,-2.34,,,,,08/18,野村全球金融收益基金累積型台幣本基金之配息來源可能為本金且並無保證收益及配息
野村全球金融收益基金-累積N類型(台幣)(本基金之配息來源可能為本金且並無保證收益及配息),野村投信,境內,ET005003/806,,338.0,-1.62,0.41,-2.36,2.93,9.83,-2.03,,,,,08/18,野村全球金融收益基金累積N類型台幣本基金之配息來源可能為本金且並無保證收益及配息
野村全球金融收益基金-月配N類型(台幣)(本基金之配息來源可能為本金且並無保證收益及配息),野村投信,境內,ET005003/806,,339.0,-1.61,0.4,-2.38,2.9,9.79,-2.08,,,,,08/18,野村全球金融收益基金月配N類型台幣本基金之配息來源可能為本金且並無保證收益及配息
野村全球短期收益基金-累積型(人民幣)(本基金之配息來源可能為本金且並無保證收益及配息),野村投信,境內,ET005003/806,,340.0,-0.29,-0.38,-2.38,-3.29,2.54,-0.73,,,,,08/18,野村全球短期收益基金累積型人民幣本基金之配息來源可能為本金且並無保證收益及配息
野村全球金融收益基金-月配型(台幣)(本基金之配息來源可能為本金且並無保證收益及配息),野村投信,境內,ET005003/806,,341.0,-1.6,0.4,-2.38,2.87,9.76,-2.23,,,,,08/18,野村全球金融收益基金月配型台幣本基金之配息來源可能為本金且並無保證收益及配息
東方匯理全球投資等級綠色債券基金-A2累積型(人民幣避險)(本基金有一定比重得投資於非投資等級之高風險債券且配息來源可能為本金),東方匯理投信,境內,ET005003/806,,342.0,-0.2,-0.2,-2.39,-1.21,8.16,,,,,,08/18,東方匯理全球投資等級綠色債券基金A2累積型人民幣避險本基金有一定比重得投資於非投資等級之高風險債券且配息來源可能為本金
東方匯理全球投資等級綠色債券基金-N2累積型(人民幣避險)(本基金有一定比重得投資於非投資等級之高風險債券且配息來源可能為本金),東方匯理投信,境內,ET005003/806,,343.0,-0.31,-0.31,-2.4,-1.31,7.84,,,,,,08/18,東方匯理全球投資等級綠色債券基金N2累積型人民幣避險本基金有一定比重得投資於非投資等級之高風險債券且配息來源可能為本金
東方匯理美元核心收益債券基金-N2累積型(美元)(本基金有一定比重得投資於非投資等級之高風險債券且配息來源可能為本金),東方匯理投信,境內,ET005003/806,,344.0,-0.61,-0.1,-2.4,0.72,10.03,-7.05,,,,,08/18,東方匯理美元核心收益債券基金N2累積型美元本基金有一定比重得投資於非投資等級之高風險債券且配息來源可能為本金
野村全球短期收益基金-月配型(台幣)(本基金之配息來源可能為本金且並無保證收益及配息),野村投信,境內,ET005003/806,,345.0,0.17,-1.56,-2.43,-1.07,,,,,,,08/18,野村全球短期收益基金月配型台幣本基金之配息來源可能為本金且並無保證收益及配息
永豐全球基礎建設及公用事業投資等級債券基金-N累積型(台幣)(本基金有一定比重得投資於非投資等級之高風險債券且配息來源可能為本金),永豐投信,境內,ET005003/806,,346.0,-1.24,-0.06,-2.44,2.04,8.48,,,,,,08/18,永豐全球基礎建設及公用事業投資等級債券基金N累積型台幣本基金有一定比重得投資於非投資等級之高風險債券且配息來源可能為本金
永豐全球基礎建設及公用事業投資等級債券基金-累積型(台幣)(本基金有一定比重得投資於非投資等級之高風險債券且配息來源可能為本金),永豐投信,境內,ET005003/806,,347.0,-1.24,-0.06,-2.44,2.04,8.47,,,,,,08/18,永豐全球基礎建設及公用事業投資等級債券基金累積型台幣本基金有一定比重得投資於非投資等級之高風險債券且配息來源可能為本金
永豐全球基礎建設及公用事業投資等級債券基金-法人累積型(台幣)(本基金有一定比重得投資於非投資等級之高風險債券且配息來源可能為本金),永豐投信,境內,ET005003/806,,348.0,-1.24,-0.06,-2.44,2.04,8.47,,,,,,08/18,永豐全球基礎建設及公用事業投資等級債券基金法人累積型台幣本基金有一定比重得投資於非投資等級之高風險債券且配息來源可能為本金
永豐全球基礎建設及公用事業投資等級債券基金-N月配型(台幣)(本基金有一定比重得投資於非投資等級之高風險債券且配息來源可能為本金),永豐投信,境內,ET005003/806,,349.0,-1.24,-0.05,-2.44,2.04,8.47,,,,,,08/18,永豐全球基礎建設及公用事業投資等級債券基金N月配型台幣本基金有一定比重得投資於非投資等級之高風險債券且配息來源可能為本金
永豐全球基礎建設及公用事業投資等級債券基金-月配型(台幣)(本基金有一定比重得投資於非投資等級之高風險債券且配息來源可能為本金),永豐投信,境內,ET005003/806,,350.0,-1.24,-0.05,-2.44,2.04,8.47,,,,,,08/18,永豐全球基礎建設及公用事業投資等級債券基金月配型台幣本基金有一定比重得投資於非投資等級之高風險債券且配息來源可能為本金
宏利亞太入息債券基金-A不配息(人民幣避險),宏利投信,境內,ET005003/806,,351.0,-0.54,-0.4,-2.46,-0.94,5.74,-1.15,26.18,,,,08/18,宏利亞太入息債券基金A不配息人民幣避險
東方匯理全球投資等級綠色債券基金-AD月配型(人民幣避險)(本基金有一定比重得投資於非投資等級之高風險債券且配息來源可能為本金),東方匯理投信,境內,ET005003/806,,352.0,-0.5,-0.22,-2.47,-1.39,7.89,,,,,,08/18,東方匯理全球投資等級綠色債券基金AD月配型人民幣避險本基金有一定比重得投資於非投資等級之高風險債券且配息來源可能為本金
中國信託高評級策略收益債券基金-A累積型(台幣)(基金有一定比重投資於非投資等級之高風險債券且基金之配息來源可能為本金),中國信託投信,境內,ET005003/806,,353.0,-2.1,-0.13,-2.48,4.52,,,,,,,08/18,中國信託高評級策略收益債券基金A累積型台幣基金有一定比重投資於非投資等級之高風險債券且基金之配息來源可能為本金
中國信託高評級策略收益債券基金-NB分配型(台幣)(基金有一定比重投資於非投資等級之高風險債券且基金之配息來源可能為本金),中國信託投信,境內,ET005003/806,,354.0,-2.09,-0.14,-2.5,4.48,,,,,,,08/18,中國信託高評級策略收益債券基金NB分配型台幣基金有一定比重投資於非投資等級之高風險債券且基金之配息來源可能為本金
中國信託高評級策略收益債券基金-B分配型(台幣)(基金有一定比重投資於非投資等級之高風險債券且基金之配息來源可能為本金),中國信託投信,境內,ET005003/806,,355.0,-2.09,-0.15,-2.51,4.5,,,,,,,08/18,中國信託高評級策略收益債券基金B分配型台幣基金有一定比重投資於非投資等級之高風險債券且基金之配息來源可能為本金
富邦亞太優質債券基金B配息(人民幣)(基金之配息來源可能為本金),富邦投信,境內,ET005003/806,,356.0,-0.81,-0.58,-2.58,-0.6,5.18,1.43,16.44,,,,08/18,富邦亞太優質債券基金B配息人民幣基金之配息來源可能為本金
富邦亞太優質債券基金A不配息(人民幣)(基金之配息來源可能為本金),富邦投信,境內,ET005003/806,,357.0,-0.81,-0.58,-2.58,-0.6,5.18,1.43,16.44,,,,08/18,富邦亞太優質債券基金A不配息人民幣基金之配息來源可能為本金
東方匯理全球投資等級綠色債券基金-ND月配型(人民幣避險)(本基金有一定比重得投資於非投資等級之高風險債券且配息來源可能為本金),東方匯理投信,境內,ET005003/806,,358.0,-0.5,-0.22,-2.59,-1.39,7.9,,,,,,08/18,東方匯理全球投資等級綠色債券基金ND月配型人民幣避險本基金有一定比重得投資於非投資等級之高風險債券且配息來源可能為本金
瑞銀優質精選收益基金-A不配息(人民幣),瑞銀投信,境內,ET005003/806,,359.0,-0.64,-0.38,-2.6,-1.21,5.98,-4.83,,,,,08/18,瑞銀優質精選收益基金A不配息人民幣
瑞銀優質精選收益基金-B月配息(人民幣)(本基金之配息來源可能為本金),瑞銀投信,境內,ET005003/806,,360.0,-0.64,-0.38,-2.61,-1.22,5.95,-4.86,,,,,08/18,瑞銀優質精選收益基金B月配息人民幣本基金之配息來源可能為本金
瑞銀優質精選收益基金-NB月配息(人民幣)(本基金之配息來源可能為本金),瑞銀投信,境內,ET005003/806,,361.0,-0.64,-0.38,-2.61,-1.22,5.97,-4.84,,,,,08/18,瑞銀優質精選收益基金NB月配息人民幣本基金之配息來源可能為本金
路博邁全球策略收益債券基金T月配型(人民幣)(本基金有一定比重得投資於非投資等級之高風險債券且配息來源可能為本金),路博邁投信,境內,ET005003/806,,362.0,-0.18,0.0,-2.65,-0.36,9.0,,,,,,08/18,路博邁全球策略收益債券基金T月配型人民幣本基金有一定比重得投資於非投資等級之高風險債券且配息來源可能為本金
華南永昌全球投資等級債券基金B配息(美元)(本基金配息來源可能為本金),華南永昌投信,境內,ET005003/806,,363.0,-1.8,-0.13,-2.65,1.47,11.61,,,,,,08/18,華南永昌全球投資等級債券基金B配息美元本基金配息來源可能為本金
東方匯理全球淨零碳排企業債券基金-A2累積型(美元)(本基金有一定比重得投資於非投資等級之高風險債券且配息來源可能為本金),東方匯理投信,境內,ET005003/806,,364.0,-0.73,-0.28,-2.7,0.09,,,,,,,08/18,東方匯理全球淨零碳排企業債券基金A2累積型美元本基金有一定比重得投資於非投資等級之高風險債券且配息來源可能為本金
東方匯理全球淨零碳排企業債券基金-N2累積型(美元)(本基金有一定比重得投資於非投資等級之高風險債券且配息來源可能為本金),東方匯理投信,境內,ET005003/806,,365.0,-0.73,-0.28,-2.7,0.09,,,,,,,08/18,東方匯理全球淨零碳排企業債券基金N2累積型美元本基金有一定比重得投資於非投資等級之高風險債券且配息來源可能為本金
華南永昌全球投資等級債券基金A不配息(美元)(本基金配息來源可能為本金),華南永昌投信,境內,ET005003/806,,366.0,-1.8,-0.15,-2.7,1.47,11.58,,,,,,08/18,華南永昌全球投資等級債券基金A不配息美元本基金配息來源可能為本金
第一金美國100大企業債券基金N不配息(美元)(本基金有一定比重得投資於非投資等級之高風險債券且配息來源可能為本金),第一金投信,境內,ET005003/806,,367.0,-0.95,-0.37,-2.72,0.39,11.63,-7.49,,,,,08/18,第一金美國100大企業債券基金N不配息美元本基金有一定比重得投資於非投資等級之高風險債券且配息來源可能為本金
第一金美國100大企業債券基金A不配息(美元)(本基金有一定比重得投資於非投資等級之高風險債券且配息來源可能為本金),第一金投信,境內,ET005003/806,,368.0,-0.95,-0.38,-2.72,0.39,11.63,-7.49,,,,,08/18,第一金美國100大企業債券基金A不配息美元本基金有一定比重得投資於非投資等級之高風險債券且配息來源可能為本金
第一金美國100大企業債券基金N配息(美元)(本基金有一定比重得投資於非投資等級之高風險債券且配息來源可能為本金),第一金投信,境內,ET005003/806,,369.0,-0.95,-0.38,-2.72,0.38,11.63,-7.49,,,,,08/18,第一金美國100大企業債券基金N配息美元本基金有一定比重得投資於非投資等級之高風險債券且配息來源可能為本金
第一金美國100大企業債券基金B配息(美元)(本基金有一定比重得投資於非投資等級之高風險債券且配息來源可能為本金),第一金投信,境內,ET005003/806,,370.0,-0.95,-0.38,-2.72,0.38,11.62,-7.53,,,,,08/18,第一金美國100大企業債券基金B配息美元本基金有一定比重得投資於非投資等級之高風險債券且配息來源可能為本金
富邦全球投資等級債券基金A不配息(美元),富邦投信,境內,ET005003/806,,371.0,-0.88,-0.61,-2.73,0.17,9.48,-7.76,,,,,08/18,富邦全球投資等級債券基金A不配息美元
富邦全球投資等級債券基金B配息(美元),富邦投信,境內,ET005003/806,,372.0,-0.88,-0.6,-2.73,0.18,9.47,-7.69,,,,,08/18,富邦全球投資等級債券基金B配息美元
野村全球金融收益基金-累積N類型(美元)(本基金之配息來源可能為本金且並無保證收益及配息),野村投信,境內,ET005003/806,,373.0,-0.87,-0.17,-2.74,0.52,15.0,-3.11,,,,,08/18,野村全球金融收益基金累積N類型美元本基金之配息來源可能為本金且並無保證收益及配息
野村全球金融收益基金-月配N類型(美元)(本基金之配息來源可能為本金且並無保證收益及配息),野村投信,境內,ET005003/806,,374.0,-0.86,-0.17,-2.74,0.52,14.97,-3.15,,,,,08/18,野村全球金融收益基金月配N類型美元本基金之配息來源可能為本金且並無保證收益及配息
野村全球金融收益基金-月配型(美元)(本基金之配息來源可能為本金且並無保證收益及配息),野村投信,境內,ET005003/806,,375.0,-0.86,-0.17,-2.74,0.52,14.98,-3.13,,,,,08/18,野村全球金融收益基金月配型美元本基金之配息來源可能為本金且並無保證收益及配息
野村全球金融收益基金-累積型(美元)(本基金之配息來源可能為本金且並無保證收益及配息),野村投信,境內,ET005003/806,,376.0,-0.87,-0.17,-2.74,0.54,15.02,-3.1,,,,,08/18,野村全球金融收益基金累積型美元本基金之配息來源可能為本金且並無保證收益及配息
路博邁全球策略收益債券基金N累積型(人民幣)(本基金有一定比重得投資於非投資等級之高風險債券且配息來源可能為本金),路博邁投信,境內,ET005003/806,,377.0,-0.2,-0.1,-2.75,-0.4,8.92,,,,,,08/18,路博邁全球策略收益債券基金N累積型人民幣本基金有一定比重得投資於非投資等級之高風險債券且配息來源可能為本金
路博邁全球策略收益債券基金T累積型(人民幣)(本基金有一定比重得投資於非投資等級之高風險債券且配息來源可能為本金),路博邁投信,境內,ET005003/806,,378.0,-0.3,-0.1,-2.75,-0.4,8.92,,,,,,08/18,路博邁全球策略收益債券基金T累積型人民幣本基金有一定比重得投資於非投資等級之高風險債券且配息來源可能為本金
路博邁全球策略收益債券基金N月配型(人民幣)(本基金有一定比重得投資於非投資等級之高風險債券且配息來源可能為本金),路博邁投信,境內,ET005003/806,,379.0,-0.3,-0.12,-2.77,-0.48,8.87,,,,,,08/18,路博邁全球策略收益債券基金N月配型人民幣本基金有一定比重得投資於非投資等級之高風險債券且配息來源可能為本金
路博邁優質企業債券基金N月配型(人民幣)(本基金有一定比重得投資於非投資等級之高風險債券且配息來源可能為本金),路博邁投信,境內,ET005003/806,,380.0,-0.53,-0.47,-2.81,-1.04,7.54,-8.46,,,,,08/18,路博邁優質企業債券基金N月配型人民幣本基金有一定比重得投資於非投資等級之高風險債券且配息來源可能為本金
東方匯理美元核心收益債券基金-AD月配型(美元)(本基金有一定比重得投資於非投資等級之高風險債券且配息來源可能為本金),東方匯理投信,境內,ET005003/806,,381.0,-1.09,-0.1,-2.82,0.14,9.61,-7.42,,,,,08/18,東方匯理美元核心收益債券基金AD月配型美元本基金有一定比重得投資於非投資等級之高風險債券且配息來源可能為本金
東方匯理美元核心收益債券基金-ND月配型(美元)(本基金有一定比重得投資於非投資等級之高風險債券且配息來源可能為本金),東方匯理投信,境內,ET005003/806,,382.0,-1.09,-0.1,-2.82,0.28,9.61,-7.42,,,,,08/18,東方匯理美元核心收益債券基金ND月配型美元本基金有一定比重得投資於非投資等級之高風險債券且配息來源可能為本金
東方匯理美元核心收益債券基金-ND月配型(澳幣避險)(本基金有一定比重得投資於非投資等級之高風險債券且配息來源可能為本金),東方匯理投信,境內,ET005003/806,,383.0,-1.15,0.02,-2.88,-0.01,7.05,-11.77,,,,,08/18,東方匯理美元核心收益債券基金ND月配型澳幣避險本基金有一定比重得投資於非投資等級之高風險債券且配息來源可能為本金
東方匯理美元核心收益債券基金-AD月配型(澳幣避險)(本基金有一定比重得投資於非投資等級之高風險債券且配息來源可能為本金),東方匯理投信,境內,ET005003/806,,384.0,-1.15,0.02,-2.89,-0.3,6.74,-12.1,,,,,08/18,東方匯理美元核心收益債券基金AD月配型澳幣避險本基金有一定比重得投資於非投資等級之高風險債券且配息來源可能為本金
路博邁優質企業債券基金N累積型(人民幣)(本基金有一定比重得投資於非投資等級之高風險債券且配息來源可能為本金),路博邁投信,境內,ET005003/806,,385.0,-0.59,-0.5,-2.9,-1.08,7.5,-8.49,,,,,08/18,路博邁優質企業債券基金N累積型人民幣本基金有一定比重得投資於非投資等級之高風險債券且配息來源可能為本金
路博邁優質企業債券基金T累積型(人民幣)(本基金有一定比重得投資於非投資等級之高風險債券且配息來源可能為本金),路博邁投信,境內,ET005003/806,,386.0,-0.59,-0.59,-2.9,-1.08,7.5,-8.49,,,,,08/18,路博邁優質企業債券基金T累積型人民幣本基金有一定比重得投資於非投資等級之高風險債券且配息來源可能為本金
群益ESG20年期以上BBB投資等級公司債ETF基金(本基金之配息來源可能為收益平準金),群益投信,境內,ET005003/806,,387.0,-3.85,-1.12,-2.91,5.57,,,,,,,08/18,群益ESG20年期以上BBB投資等級公司債ETF基金本基金之配息來源可能為收益平準金
元大2至10年投資級企業債券基金I配息(台幣),元大投信,境內,ET005003/806,,388.0,-0.91,-2.41,-2.94,0.39,-3.49,,,,,,05/20,元大2至10年投資級企業債券基金I配息台幣
元大10年以上投資級企業債券基金I不配息(美元),元大投信,境內,ET005003/806,,389.0,-2.63,-3.25,-2.94,2.58,5.12,,,,,,05/20,元大10年以上投資級企業債券基金I不配息美元
路博邁優質企業債券基金T月配型(人民幣)(本基金有一定比重得投資於非投資等級之高風險債券且配息來源可能為本金),路博邁投信,境內,ET005003/806,,390.0,-0.67,-0.61,-2.94,-1.17,7.54,-8.47,,,,,08/18,路博邁優質企業債券基金T月配型人民幣本基金有一定比重得投資於非投資等級之高風險債券且配息來源可能為本金
中國信託高評級策略收益債券基金-A累積型(美元)(基金有一定比重投資於非投資等級之高風險債券且基金之配息來源可能為本金),中國信託投信,境內,ET005003/806,,391.0,-1.31,-0.81,-2.99,0.86,,,,,,,08/18,中國信託高評級策略收益債券基金A累積型美元基金有一定比重投資於非投資等級之高風險債券且基金之配息來源可能為本金
中國信託高評級策略收益債券基金-NB分配型(美元)(基金有一定比重投資於非投資等級之高風險債券且基金之配息來源可能為本金),中國信託投信,境內,ET005003/806,,392.0,-1.32,-0.81,-3.0,0.85,,,,,,,08/18,中國信託高評級策略收益債券基金NB分配型美元基金有一定比重投資於非投資等級之高風險債券且基金之配息來源可能為本金
中國信託高評級策略收益債券基金-B分配型(美元)(基金有一定比重投資於非投資等級之高風險債券且基金之配息來源可能為本金),中國信託投信,境內,ET005003/806,,393.0,-1.32,-0.81,-3.0,0.85,,,,,,,08/18,中國信託高評級策略收益債券基金B分配型美元基金有一定比重投資於非投資等級之高風險債券且基金之配息來源可能為本金
柏瑞全球策略量化債券基金N9不配息(人民幣)(本基金有一定比重得投資於非投資等級之高風險債券),柏瑞投信,境內,ET005003/806,,394.0,-0.65,-0.09,-3.01,-1.34,7.74,-6.5,,,,,08/18,柏瑞全球策略量化債券基金N9不配息人民幣本基金有一定比重得投資於非投資等級之高風險債券
柏瑞全球策略量化債券基金A不配息(人民幣)(本基金有一定比重得投資於非投資等級之高風險債券),柏瑞投信,境內,ET005003/806,,395.0,-0.65,-0.09,-3.01,-1.34,7.75,-6.5,,,,,08/18,柏瑞全球策略量化債券基金A不配息人民幣本基金有一定比重得投資於非投資等級之高風險債券
柏瑞全球策略量化債券基金N月配息(人民幣)(本基金有一定比重得投資於非投資等級之高風險債券且配息來源可能為本金),柏瑞投信,境內,ET005003/806,,396.0,-0.65,-0.09,-3.01,-1.35,7.76,-6.49,,,,,08/18,柏瑞全球策略量化債券基金N月配息人民幣本基金有一定比重得投資於非投資等級之高風險債券且配息來源可能為本金
柏瑞全球策略量化債券基金B月配息(人民幣)(本基金有一定比重得投資於非投資等級之高風險債券且配息來源可能為本金),柏瑞投信,境內,ET005003/806,,397.0,-0.65,-0.09,-3.01,-1.35,7.76,-6.49,,,,,08/18,柏瑞全球策略量化債券基金B月配息人民幣本基金有一定比重得投資於非投資等級之高風險債券且配息來源可能為本金
東方匯理全球淨零碳排企業債券基金-AD月配型(美元)(本基金有一定比重得投資於非投資等級之高風險債券且配息來源可能為本金),東方匯理投信,境內,ET005003/806,,398.0,-1.27,-0.26,-3.22,-0.48,,,,,,,08/18,東方匯理全球淨零碳排企業債券基金AD月配型美元本基金有一定比重得投資於非投資等級之高風險債券且配息來源可能為本金
東方匯理全球淨零碳排企業債券基金-ND月配型(美元)(本基金有一定比重得投資於非投資等級之高風險債券且配息來源可能為本金),東方匯理投信,境內,ET005003/806,,399.0,-1.27,-0.26,-3.22,-0.48,,,,,,,08/18,東方匯理全球淨零碳排企業債券基金ND月配型美元本基金有一定比重得投資於非投資等級之高風險債券且配息來源可能為本金
柏瑞ESG量化債券基金N9不配息(人民幣)(本基金有一定比重得投資於非投資等級之高風險債券),柏瑞投信,境內,ET005003/806,,400.0,-0.63,-0.07,-3.53,-1.89,6.33,-11.85,,,,,08/18,柏瑞ESG量化債券基金N9不配息人民幣本基金有一定比重得投資於非投資等級之高風險債券
柏瑞ESG量化債券基金A不配息(人民幣)(本基金有一定比重得投資於非投資等級之高風險債券),柏瑞投信,境內,ET005003/806,,401.0,-0.63,-0.07,-3.53,-1.89,6.33,-11.86,,,,,08/18,柏瑞ESG量化債券基金A不配息人民幣本基金有一定比重得投資於非投資等級之高風險債券
柏瑞ESG量化債券基金N月配息(人民幣)(本基金有一定比重得投資於非投資等級之高風險債券且配息來源可能為本金),柏瑞投信,境內,ET005003/806,,402.0,-0.64,-0.07,-3.53,-1.9,6.34,-11.85,,,,,08/18,柏瑞ESG量化債券基金N月配息人民幣本基金有一定比重得投資於非投資等級之高風險債券且配息來源可能為本金
柏瑞ESG量化債券基金B月配息(人民幣)(本基金有一定比重得投資於非投資等級之高風險債券且配息來源可能為本金),柏瑞投信,境內,ET005003/806,,403.0,-0.63,-0.07,-3.53,-1.9,6.34,-11.85,,,,,08/18,柏瑞ESG量化債券基金B月配息人民幣本基金有一定比重得投資於非投資等級之高風險債券且配息來源可能為本金
永豐全球基礎建設及公用事業投資等級債券基金-法人累積型(美元)(本基金有一定比重得投資於非投資等級之高風險債券且配息來源可能為本金),永豐投信,境內,ET005003/806,,404.0,-0.18,-1.31,-3.74,-3.99,8.46,,,,,,08/18,永豐全球基礎建設及公用事業投資等級債券基金法人累積型美元本基金有一定比重得投資於非投資等級之高風險債券且配息來源可能為本金
第一金全球富裕國家債券基金N不配息(人民幣)(本基金有一定比重得投資於非投資等級之高風險債券且配息來源可能為本金),第一金投信,境內,ET005003/806,,405.0,-0.99,-0.82,-3.77,-3.41,5.52,-14.97,,,,,08/18,第一金全球富裕國家債券基金N不配息人民幣本基金有一定比重得投資於非投資等級之高風險債券且配息來源可能為本金
第一金全球富裕國家債券基金N配息(人民幣)(本基金有一定比重得投資於非投資等級之高風險債券且配息來源可能為本金),第一金投信,境內,ET005003/806,,406.0,-0.99,-0.82,-3.79,-3.46,5.48,-15.06,,,,,08/18,第一金全球富裕國家債券基金N配息人民幣本基金有一定比重得投資於非投資等級之高風險債券且配息來源可能為本金
玉山美國投資級企業債券基金-累積型(人民幣)(本基金有一定比重得投資於非投資等級之高風險債券且基金之配息來源可能為本金),玉山投信,境內,ET005003/806,,407.0,-1.16,-1.01,-3.8,-2.53,6.12,-10.98,,,,,08/18,玉山美國投資級企業債券基金累積型人民幣本基金有一定比重得投資於非投資等級之高風險債券且基金之配息來源可能為本金
第一金全球富裕國家債券基金A不配息(人民幣)(本基金有一定比重得投資於非投資等級之高風險債券且配息來源可能為本金),第一金投信,境內,ET005003/806,,408.0,-0.99,-0.83,-3.81,-3.48,5.44,-15.08,,,,,08/18,第一金全球富裕國家債券基金A不配息人民幣本基金有一定比重得投資於非投資等級之高風險債券且配息來源可能為本金
第一金全球富裕國家債券基金B配息(人民幣)(本基金有一定比重得投資於非投資等級之高風險債券且配息來源可能為本金),第一金投信,境內,ET005003/806,,409.0,-0.99,-0.83,-3.81,-3.48,5.45,-15.08,,,,,08/18,第一金全球富裕國家債券基金B配息人民幣本基金有一定比重得投資於非投資等級之高風險債券且配息來源可能為本金
東方匯理美元核心收益債券基金-N2累積型(人民幣避險)(本基金有一定比重得投資於非投資等級之高風險債券且配息來源可能為本金),東方匯理投信,境內,ET005003/806,,410.0,-0.88,-0.77,-3.82,-2.05,1.46,-15.09,,,,,08/18,東方匯理美元核心收益債券基金N2累積型人民幣避險本基金有一定比重得投資於非投資等級之高風險債券且配息來源可能為本金
東方匯理美元核心收益債券基金-A2累積型(人民幣避險)(本基金有一定比重得投資於非投資等級之高風險債券且配息來源可能為本金),東方匯理投信,境內,ET005003/806,,411.0,-0.98,-0.77,-3.92,-2.05,1.46,-15.25,,,,,08/18,東方匯理美元核心收益債券基金A2累積型人民幣避險本基金有一定比重得投資於非投資等級之高風險債券且配息來源可能為本金
匯豐資源豐富國家收益基金-AM2月配型(人民幣)(本基金有一定比重投資於非投資等級之高風險債券且配息來源可能為本金),匯豐投信,境內,ET005003/806,,412.0,0.6,0.29,-3.98,-0.29,,,,,,,08/18,匯豐資源豐富國家收益基金AM2月配型人民幣本基金有一定比重投資於非投資等級之高風險債券且配息來源可能為本金
匯豐資源豐富國家收益基金-NM2月配型(人民幣)(本基金有一定比重投資於非投資等級之高風險債券且配息來源可能為本金),匯豐投信,境內,ET005003/806,,413.0,0.6,0.29,-3.98,-0.29,,,,,,,08/18,匯豐資源豐富國家收益基金NM2月配型人民幣本基金有一定比重投資於非投資等級之高風險債券且配息來源可能為本金
匯豐資源豐富國家收益基金-AM1月配型(人民幣)(本基金有一定比重投資於非投資等級之高風險債券且配息來源可能為本金),匯豐投信,境內,ET005003/806,,414.0,0.6,0.29,-3.98,-0.3,,,,,,,08/18,匯豐資源豐富國家收益基金AM1月配型人民幣本基金有一定比重投資於非投資等級之高風險債券且配息來源可能為本金
匯豐資源豐富國家收益基金-AC不配息(人民幣)(本基金有一定比重投資於非投資等級之高風險債券且配息來源可能為本金),匯豐投信,境內,ET005003/806,,415.0,0.6,0.29,-3.98,-0.3,,,,,,,08/18,匯豐資源豐富國家收益基金AC不配息人民幣本基金有一定比重投資於非投資等級之高風險債券且配息來源可能為本金
野村全球金融收益基金-累積型(人民幣)(本基金之配息來源可能為本金且並無保證收益及配息),野村投信,境內,ET005003/806,,416.0,-1.12,-0.78,-4.01,-2.86,7.25,-8.69,,,,,08/18,野村全球金融收益基金累積型人民幣本基金之配息來源可能為本金且並無保證收益及配息
元大2至10年投資級企業債券基金I配息(美元),元大投信,境內,ET005003/806,,417.0,-1.26,-2.96,-4.07,-4.15,-6.64,,,,,,05/20,元大2至10年投資級企業債券基金I配息美元
元大10年以上投資級企業債券基金I不配息(台幣),元大投信,境內,ET005003/806,,418.0,-3.37,-1.06,-4.08,2.73,6.68,,,,,,08/18,元大10年以上投資級企業債券基金I不配息台幣
東方匯理全球淨零碳排企業債券基金-N2累積型(人民幣避險)(本基金有一定比重得投資於非投資等級之高風險債券且配息來源可能為本金),東方匯理投信,境內,ET005003/806,,419.0,-0.99,-0.99,-4.1,-2.62,,,,,,,08/18,東方匯理全球淨零碳排企業債券基金N2累積型人民幣避險本基金有一定比重得投資於非投資等級之高風險債券且配息來源可能為本金
東方匯理全球淨零碳排企業債券基金-A2累積型(人民幣避險)(本基金有一定比重得投資於非投資等級之高風險債券且配息來源可能為本金),東方匯理投信,境內,ET005003/806,,420.0,-0.99,-0.99,-4.1,-2.52,,,,,,,08/18,東方匯理全球淨零碳排企業債券基金A2累積型人民幣避險本基金有一定比重得投資於非投資等級之高風險債券且配息來源可能為本金
野村全球金融收益基金-月配型(人民幣)(本基金之配息來源可能為本金且並無保證收益及配息),野村投信,境內,ET005003/806,,421.0,-1.14,-0.83,-4.11,-3.11,6.88,-8.48,,,,,08/18,野村全球金融收益基金月配型人民幣本基金之配息來源可能為本金且並無保證收益及配息
東方匯理美元核心收益債券基金-ND月配型(人民幣避險)(本基金有一定比重得投資於非投資等級之高風險債券且配息來源可能為本金),東方匯理投信,境內,ET005003/806,,422.0,-1.2,-0.74,-4.13,-2.3,1.04,-15.26,,,,,08/18,東方匯理美元核心收益債券基金ND月配型人民幣避險本基金有一定比重得投資於非投資等級之高風險債券且配息來源可能為本金
東方匯理美元核心收益債券基金-AD月配型(人民幣避險)(本基金有一定比重得投資於非投資等級之高風險債券且配息來源可能為本金),東方匯理投信,境內,ET005003/806,,423.0,-1.21,-0.75,-4.13,-2.31,0.88,-15.46,,,,,08/18,東方匯理美元核心收益債券基金AD月配型人民幣避險本基金有一定比重得投資於非投資等級之高風險債券且配息來源可能為本金
野村全球金融收益基金-月配N類型(人民幣)(本基金之配息來源可能為本金且並無保證收益及配息),野村投信,境內,ET005003/806,,424.0,-1.15,-0.84,-4.14,-3.18,6.78,-8.38,,,,,08/18,野村全球金融收益基金月配N類型人民幣本基金之配息來源可能為本金且並無保證收益及配息
元大10年以上投資級企業債券基金I配息(台幣),元大投信,境內,ET005003/806,,425.0,-3.44,-3.9,-4.14,2.81,-5.17,,,,,,05/20,元大10年以上投資級企業債券基金I配息台幣
元大10年以上投資級企業債券基金B配息(台幣),元大投信,境內,ET005003/806,,426.0,-3.4,-1.15,-4.24,2.39,5.65,,,,,,08/18,元大10年以上投資級企業債券基金B配息台幣
元大10年以上投資級企業債券基金A不配息(台幣),元大投信,境內,ET005003/806,,427.0,-3.4,-1.15,-4.24,2.39,5.63,,,,,,08/18,元大10年以上投資級企業債券基金A不配息台幣
復華全球債券基金(本基金有一定比重得投資於非投資等級之高風險債券),復華投信,境內,ET005003/806,,428.0,-2.92,-0.12,-4.38,2.63,0.27,-8.99,1.48,,,,08/18,復華全球債券基金本基金有一定比重得投資於非投資等級之高風險債券
台新全球債券基金A不配息(人民幣)(本基金有一定比重得投資於非投資等級之高風險債券),台新投信,境內,ET005003/806,,429.0,-1.12,-1.13,-4.39,-5.38,2.88,-1.84,,,,,08/18,台新全球債券基金A不配息人民幣本基金有一定比重得投資於非投資等級之高風險債券
野村全球金融收益基金-月配型(日圓)(本基金之配息來源可能為本金且並無保證收益及配息),野村投信,境內,ET005003/806,,430.0,-2.56,-1.62,-4.41,,,,,,,,08/18,野村全球金融收益基金月配型日圓本基金之配息來源可能為本金且並無保證收益及配息
野村全球金融收益基金-月配N類型(日圓)(本基金之配息來源可能為本金且並無保證收益及配息),野村投信,境內,ET005003/806,,431.0,-2.59,-1.63,-4.41,,,,,,,,08/18,野村全球金融收益基金月配N類型日圓本基金之配息來源可能為本金且並無保證收益及配息
台新全球債券基金B月配息(人民幣)(本基金有一定比重得投資於非投資等級之高風險債券且基金之配息來源可能為本金),台新投信,境內,ET005003/806,,432.0,-1.15,-1.16,-4.42,-5.4,2.75,-1.96,,,,,08/18,台新全球債券基金B月配息人民幣本基金有一定比重得投資於非投資等級之高風險債券且基金之配息來源可能為本金
東方匯理全球淨零碳排企業債券基金-ND月配型(人民幣避險)(本基金有一定比重得投資於非投資等級之高風險債券且配息來源可能為本金),東方匯理投信,境內,ET005003/806,,433.0,-1.32,-0.95,-4.45,-3.01,,,,,,,08/18,東方匯理全球淨零碳排企業債券基金ND月配型人民幣避險本基金有一定比重得投資於非投資等級之高風險債券且配息來源可能為本金
東方匯理全球淨零碳排企業債券基金-AD月配型(人民幣避險)(本基金有一定比重得投資於非投資等級之高風險債券且配息來源可能為本金),東方匯理投信,境內,ET005003/806,,434.0,-1.32,-0.95,-4.46,-2.91,,,,,,,08/18,東方匯理全球淨零碳排企業債券基金AD月配型人民幣避險本基金有一定比重得投資於非投資等級之高風險債券且配息來源可能為本金
富邦全球投資等級債券基金A不配息(人民幣),富邦投信,境內,ET005003/806,,435.0,-1.22,-1.47,-4.97,-6.28,1.57,-14.44,,,,,08/18,富邦全球投資等級債券基金A不配息人民幣
富邦全球投資等級債券基金B配息(人民幣),富邦投信,境內,ET005003/806,,436.0,-1.22,-1.48,-4.97,-6.28,1.55,-14.5,,,,,08/18,富邦全球投資等級債券基金B配息人民幣
聯邦美國優選投資等級債券基金-B季配息(台幣)(本基金有一定比重得投資於非投資等級債券且配息來源可能為本金),聯邦投信,境內,ET005003/806,,437.0,-3.42,-1.5,-5.12,1.95,,,,,,,08/18,聯邦美國優選投資等級債券基金B季配息台幣本基金有一定比重得投資於非投資等級債券且配息來源可能為本金
聯邦美國優選投資等級債券基金-NA不配息(台幣)(本基金有一定比重得投資於非投資等級債券且配息來源可能為本金),聯邦投信,境內,ET005003/806,,438.0,-3.42,-1.5,-5.12,1.95,,,,,,,08/18,聯邦美國優選投資等級債券基金NA不配息台幣本基金有一定比重得投資於非投資等級債券且配息來源可能為本金
聯邦美國優選投資等級債券基金-A不配息(台幣)(本基金有一定比重得投資於非投資等級債券且配息來源可能為本金),聯邦投信,境內,ET005003/806,,439.0,-3.42,-1.5,-5.12,1.94,,,,,,,08/18,聯邦美國優選投資等級債券基金A不配息台幣本基金有一定比重得投資於非投資等級債券且配息來源可能為本金
聯邦美國優選投資等級債券基金-ND季配息(台幣)(本基金有一定比重得投資於非投資等級債券且配息來源可能為本金),聯邦投信,境內,ET005003/806,,440.0,-3.42,-1.5,-5.12,1.94,,,,,,,08/18,聯邦美國優選投資等級債券基金ND季配息台幣本基金有一定比重得投資於非投資等級債券且配息來源可能為本金
元大10年以上投資級企業債券基金I配息(美元),元大投信,境內,ET005003/806,,441.0,-3.99,-4.6,-5.61,-2.89,-9.74,,,,,,05/20,元大10年以上投資級企業債券基金I配息美元
元大10年以上投資級企業債券基金B配息(美元),元大投信,境內,ET005003/806,,442.0,-2.35,-2.38,-5.63,-3.66,5.65,,,,,,08/18,元大10年以上投資級企業債券基金B配息美元
元大10年以上投資級企業債券基金A不配息(美元),元大投信,境內,ET005003/806,,443.0,-2.36,-2.38,-5.64,-3.66,5.62,,,,,,08/18,元大10年以上投資級企業債券基金A不配息美元
聯邦美國優選投資等級債券基金-B季配息(美元)(本基金有一定比重得投資於非投資等級債券且配息來源可能為本金),聯邦投信,境內,ET005003/806,,444.0,-2.35,-2.69,-6.33,-4.0,,,,,,,08/18,聯邦美國優選投資等級債券基金B季配息美元本基金有一定比重得投資於非投資等級債券且配息來源可能為本金
聯邦美國優選投資等級債券基金-ND季配息(美元)(本基金有一定比重得投資於非投資等級債券且配息來源可能為本金),聯邦投信,境內,ET005003/806,,445.0,-2.36,-2.71,-6.35,-4.0,,,,,,,08/18,聯邦美國優選投資等級債券基金ND季配息美元本基金有一定比重得投資於非投資等級債券且配息來源可能為本金
聯邦美國優選投資等級債券基金-A不配息(美元)(本基金有一定比重得投資於非投資等級債券且配息來源可能為本金),聯邦投信,境內,ET005003/806,,446.0,-2.39,-2.73,-6.39,-4.08,,,,,,,08/18,聯邦美國優選投資等級債券基金A不配息美元本基金有一定比重得投資於非投資等級債券且配息來源可能為本金
聯邦美國優選投資等級債券基金-NA不配息(美元)(本基金有一定比重得投資於非投資等級債券且配息來源可能為本金),聯邦投信,境內,ET005003/806,,447.0,-2.39,-2.73,-6.39,-4.08,,,,,,,08/18,聯邦美國優選投資等級債券基金NA不配息美元本基金有一定比重得投資於非投資等級債券且配息來源可能為本金
元大2至10年投資級企業債券基金NB配息(台幣),元大投信,境內,ET005003/806,,448.0,,,,,,,,,,,08/18,元大2至10年投資級企業債券基金NB配息台幣
元大2至10年投資級企業債券基金NB配息(美元),元大投信,境內,ET005003/806,,449.0,,,,,,,,,,,08/18,元大2至10年投資級企業債券基金NB配息美元
路博邁優質企業債券基金T月配型(日圓)(本基金有一定比重得投資於非投資等級之高風險債券且配息來源可能為本金),路博邁投信,境內,ET005003/806,,450.0,,,,,,,,,,,08/18,路博邁優質企業債券基金T月配型日圓本基金有一定比重得投資於非投資等級之高風險債券且配息來源可能為本金
路博邁優質企業債券基金N月配型(日圓)(本基金有一定比重得投資於非投資等級之高風險債券且配息來源可能為本金),路博邁投信,境內,ET005003/806,,451.0,,,,,,,,,,,08/18,路博邁優質企業債券基金N月配型日圓本基金有一定比重得投資於非投資等級之高風險債券且配息來源可能為本金
匯豐資源豐富國家收益基金-AM2月配型(澳幣)(本基金有一定比重投資於非投資等級之高風險債券且配息來源可能為本金),匯豐投信,境內,ET005003/806,,452.0,,,,,,,,,,,08/18,匯豐資源豐富國家收益基金AM2月配型澳幣本基金有一定比重投資於非投資等級之高風險債券且配息來源可能為本金
匯豐資源豐富國家收益基金-NM2月配型(澳幣)(本基金有一定比重投資於非投資等級之高風險債券且配息來源可能為本金),匯豐投信,境內,ET005003/806,,453.0,,,,,,,,,,,08/18,匯豐資源豐富國家收益基金NM2月配型澳幣本基金有一定比重投資於非投資等級之高風險債券且配息來源可能為本金
匯豐資源豐富國家收益基金-AM2月配型(南非幣)(本基金有一定比重投資於非投資等級之高風險債券且配息來源可能為本金),匯豐投信,境內,ET005003/806,,454.0,,,,,,,,,,,08/18,匯豐資源豐富國家收益基金AM2月配型南非幣本基金有一定比重投資於非投資等級之高風險債券且配息來源可能為本金
匯豐資源豐富國家收益基金-NM2月配型(南非幣)(本基金有一定比重投資於非投資等級之高風險債券且配息來源可能為本金),匯豐投信,境內,ET005003/806,,455.0,,,,,,,,,,,08/18,匯豐資源豐富國家收益基金NM2月配型南非幣本基金有一定比重投資於非投資等級之高風險債券且配息來源可能為本金
匯豐資源豐富國家收益基金-I不配息(美元)(本基金有一定比重投資於非投資等級之高風險債券且配息來源可能為本金),匯豐投信,境內,ET005003/806,,456.0,,,,,,,,,,,08/18,匯豐資源豐富國家收益基金I不配息美元本基金有一定比重投資於非投資等級之高風險債券且配息來源可能為本金
匯豐資源豐富國家收益基金-IM2月配型(美元)(本基金有一定比重投資於非投資等級之高風險債券且配息來源可能為本金),匯豐投信,境內,ET005003/806,,457.0,,,,,,,,,,,08/18,匯豐資源豐富國家收益基金IM2月配型美元本基金有一定比重投資於非投資等級之高風險債券且配息來源可能為本金
匯豐資源豐富國家收益基金-N不配息(美元)(本基金有一定比重投資於非投資等級之高風險債券且配息來源可能為本金),匯豐投信,境內,ET005003/806,,458.0,1.08,1.11,,,,,,,,,08/18,匯豐資源豐富國家收益基金N不配息美元本基金有一定比重投資於非投資等級之高風險債券且配息來源可能為本金
匯豐資源豐富國家收益基金-NM1月配型(美元)(本基金有一定比重投資於非投資等級之高風險債券且配息來源可能為本金),匯豐投信,境內,ET005003/806,,459.0,,,,,,,,,,,08/18,匯豐資源豐富國家收益基金NM1月配型美元本基金有一定比重投資於非投資等級之高風險債券且配息來源可能為本金
匯豐資源豐富國家收益基金-NM1月配型(台幣)(本基金有一定比重投資於非投資等級之高風險債券且配息來源可能為本金),匯豐投信,境內,ET005003/806,,460.0,,,,,,,,,,,08/18,匯豐資源豐富國家收益基金NM1月配型台幣本基金有一定比重投資於非投資等級之高風險債券且配息來源可能為本金
匯豐資源豐富國家收益基金-I不配息(台幣)(本基金有一定比重投資於非投資等級之高風險債券且配息來源可能為本金),匯豐投信,境內,ET005003/806,,461.0,,,,,,,,,,,08/18,匯豐資源豐富國家收益基金I不配息台幣本基金有一定比重投資於非投資等級之高風險債券且配息來源可能為本金
國泰環球策略收益債券基金-A不配息(台幣)(本基金有一定比重投資於非投資等級之高風險債券且配息來源可能為本金),國泰投信,境內,ET005003/806,,462.0,-0.76,,,,,,,,,,08/18,國泰環球策略收益債券基金A不配息台幣本基金有一定比重投資於非投資等級之高風險債券且配息來源可能為本金
國泰環球策略收益債券基金-B配息(台幣)(本基金有一定比重投資於非投資等級之高風險債券且配息來源可能為本金),國泰投信,境內,ET005003/806,,463.0,-0.76,,,,,,,,,,08/18,國泰環球策略收益債券基金B配息台幣本基金有一定比重投資於非投資等級之高風險債券且配息來源可能為本金
國泰環球策略收益債券基金-NB配息(台幣)(本基金有一定比重投資於非投資等級之高風險債券且配息來源可能為本金),國泰投信,境內,ET005003/806,,464.0,-0.76,,,,,,,,,,08/18,國泰環球策略收益債券基金NB配息台幣本基金有一定比重投資於非投資等級之高風險債券且配息來源可能為本金
國泰環球策略收益債券基金-A不配息(美元)(本基金有一定比重投資於非投資等級之高風險債券且配息來源可能為本金),國泰投信,境內,ET005003/806,,465.0,-0.17,,,,,,,,,,08/18,國泰環球策略收益債券基金A不配息美元本基金有一定比重投資於非投資等級之高風險債券且配息來源可能為本金
國泰環球策略收益債券基金-B配息(美元)(本基金有一定比重投資於非投資等級之高風險債券且配息來源可能為本金),國泰投信,境內,ET005003/806,,466.0,-0.17,,,,,,,,,,08/18,國泰環球策略收益債券基金B配息美元本基金有一定比重投資於非投資等級之高風險債券且配息來源可能為本金
國泰環球策略收益債券基金-NB配息(美元)(本基金有一定比重投資於非投資等級之高風險債券且配息來源可能為本金),國泰投信,境內,ET005003/806,,467.0,-0.17,,,,,,,,,,08/18,國泰環球策略收益債券基金NB配息美元本基金有一定比重投資於非投資等級之高風險債券且配息來源可能為本金
國泰環球策略收益債券基金-B配息(日圓)(本基金有一定比重投資於非投資等級之高風險債券且配息來源可能為本金),國泰投信,境內,ET005003/806,,468.0,-1.56,,,,,,,,,,08/18,國泰環球策略收益債券基金B配息日圓本基金有一定比重投資於非投資等級之高風險債券且配息來源可能為本金
國泰環球策略收益債券基金-NB配息(日圓)(本基金有一定比重投資於非投資等級之高風險債券且配息來源可能為本金),國泰投信,境內,ET005003/806,,469.0,-1.56,,,,,,,,,,08/18,國泰環球策略收益債券基金NB配息日圓本基金有一定比重投資於非投資等級之高風險債券且配息來源可能為本金
東方匯理美元核心收益債券基金-I2累積型(台幣)(本基金有一定比重得投資於非投資等級之高風險債券且配息來源可能為本金),東方匯理投信,境內,ET005003/806,,470.0,,,,,,,,,,,08/18,東方匯理美元核心收益債券基金I2累積型台幣本基金有一定比重得投資於非投資等級之高風險債券且配息來源可能為本金
東方匯理全球策略收益基金-A2累積型(台幣)(本基金有一定比重得投資於非投資等級之高風險債券且配息來源可能為本金),東方匯理投信,境內,ET005003/806,,471.0,-1.17,2.21,,,,,,,,,08/18,東方匯理全球策略收益基金A2累積型台幣本基金有一定比重得投資於非投資等級之高風險債券且配息來源可能為本金
東方匯理全球策略收益基金-N2累積型(台幣)(本基金有一定比重得投資於非投資等級之高風險債券且配息來源可能為本金),東方匯理投信,境內,ET005003/806,,472.0,-1.17,2.21,,,,,,,,,08/18,東方匯理全球策略收益基金N2累積型台幣本基金有一定比重得投資於非投資等級之高風險債券且配息來源可能為本金
東方匯理全球策略收益基金-AD月配型(台幣)(本基金有一定比重得投資於非投資等級之高風險債券且配息來源可能為本金),東方匯理投信,境內,ET005003/806,,473.0,-1.67,1.67,,,,,,,,,08/18,東方匯理全球策略收益基金AD月配型台幣本基金有一定比重得投資於非投資等級之高風險債券且配息來源可能為本金
東方匯理全球策略收益基金-ND月配型(台幣)(本基金有一定比重得投資於非投資等級之高風險債券且配息來源可能為本金),東方匯理投信,境內,ET005003/806,,474.0,-1.67,1.67,,,,,,,,,08/18,東方匯理全球策略收益基金ND月配型台幣本基金有一定比重得投資於非投資等級之高風險債券且配息來源可能為本金
東方匯理全球策略收益基金-A2累積型(美元)(本基金有一定比重得投資於非投資等級之高風險債券且配息來源可能為本金),東方匯理投信,境內,ET005003/806,,475.0,-0.1,0.99,,,,,,,,,08/18,東方匯理全球策略收益基金A2累積型美元本基金有一定比重得投資於非投資等級之高風險債券且配息來源可能為本金
東方匯理全球策略收益基金-N2累積型(美元)(本基金有一定比重得投資於非投資等級之高風險債券且配息來源可能為本金),東方匯理投信,境內,ET005003/806,,476.0,-0.1,0.99,,,,,,,,,08/18,東方匯理全球策略收益基金N2累積型美元本基金有一定比重得投資於非投資等級之高風險債券且配息來源可能為本金
東方匯理全球策略收益基金-AD月配型(美元)(本基金有一定比重得投資於非投資等級之高風險債券且配息來源可能為本金),東方匯理投信,境內,ET005003/806,,477.0,-0.69,0.38,,,,,,,,,08/18,東方匯理全球策略收益基金AD月配型美元本基金有一定比重得投資於非投資等級之高風險債券且配息來源可能為本金
東方匯理全球策略收益基金-ND月配型(美元)(本基金有一定比重得投資於非投資等級之高風險債券且配息來源可能為本金),東方匯理投信,境內,ET005003/806,,478.0,-0.69,0.38,,,,,,,,,08/18,東方匯理全球策略收益基金ND月配型美元本基金有一定比重得投資於非投資等級之高風險債券且配息來源可能為本金
東方匯理全球策略收益基金-A2累積型(日圓避險)(本基金有一定比重得投資於非投資等級之高風險債券且配息來源可能為本金),東方匯理投信,境內,ET005003/806,,479.0,-0.5,0.1,,,,,,,,,08/18,東方匯理全球策略收益基金A2累積型日圓避險本基金有一定比重得投資於非投資等級之高風險債券且配息來源可能為本金
東方匯理全球策略收益基金-N2累積型(日圓避險)(本基金有一定比重得投資於非投資等級之高風險債券且配息來源可能為本金),東方匯理投信,境內,ET005003/806,,480.0,-0.4,0.1,,,,,,,,,08/18,東方匯理全球策略收益基金N2累積型日圓避險本基金有一定比重得投資於非投資等級之高風險債券且配息來源可能為本金
東方匯理全球策略收益基金-AD月配型(日圓避險)(本基金有一定比重得投資於非投資等級之高風險債券且配息來源可能為本金),東方匯理投信,境內,ET005003/806,,481.0,-0.8,-0.27,,,,,,,,,08/18,東方匯理全球策略收益基金AD月配型日圓避險本基金有一定比重得投資於非投資等級之高風險債券且配息來源可能為本金
東方匯理全球策略收益基金-ND月配型(日圓避險)(本基金有一定比重得投資於非投資等級之高風險債券且配息來源可能為本金),東方匯理投信,境內,ET005003/806,,482.0,-0.8,-0.27,,,,,,,,,08/18,東方匯理全球策略收益基金ND月配型日圓避險本基金有一定比重得投資於非投資等級之高風險債券且配息來源可能為本金
合庫全球複合收益債券基金-A不配息(人民幣)(本基金有一定比重投資於非投資等級之高風險債券),合作金庫投信,境內,ET005003/806,,483.0,-0.57,0.28,,,,,,,,,08/18,合庫全球複合收益債券基金A不配息人民幣本基金有一定比重投資於非投資等級之高風險債券
合庫全球複合收益債券基金-B配息(人民幣)(本基金有一定比重投資於非投資等級之高風險債券且配息來源可能為本金),合作金庫投信,境內,ET005003/806,,484.0,-0.58,0.26,,,,,,,,,08/18,合庫全球複合收益債券基金B配息人民幣本基金有一定比重投資於非投資等級之高風險債券且配息來源可能為本金
合庫全球複合收益債券基金-A不配息(澳幣)(本基金有一定比重投資於非投資等級之高風險債券),合作金庫投信,境內,ET005003/806,,485.0,-0.93,0.83,,,,,,,,,08/18,合庫全球複合收益債券基金A不配息澳幣本基金有一定比重投資於非投資等級之高風險債券
合庫全球複合收益債券基金-B配息(澳幣)(本基金有一定比重投資於非投資等級之高風險債券且配息來源可能為本金),合作金庫投信,境內,ET005003/806,,486.0,-0.94,0.81,,,,,,,,,08/18,合庫全球複合收益債券基金B配息澳幣本基金有一定比重投資於非投資等級之高風險債券且配息來源可能為本金
合庫全球複合收益債券基金-A不配息(南非幣)(本基金有一定比重投資於非投資等級之高風險債券),合作金庫投信,境內,ET005003/806,,487.0,-0.03,3.09,,,,,,,,,08/18,合庫全球複合收益債券基金A不配息南非幣本基金有一定比重投資於非投資等級之高風險債券
合庫全球複合收益債券基金-B配息(南非幣)(本基金有一定比重投資於非投資等級之高風險債券且配息來源可能為本金),合作金庫投信,境內,ET005003/806,,488.0,-0.03,3.08,,,,,,,,,08/18,合庫全球複合收益債券基金B配息南非幣本基金有一定比重投資於非投資等級之高風險債券且配息來源可能為本金
柏瑞ESG量化債券基金A不配息(南非幣)(本基金有一定比重得投資於非投資等級之高風險債券),柏瑞投信,境內,ET005003/806,,489.0,,,,,,,,,,,08/18,柏瑞ESG量化債券基金A不配息南非幣本基金有一定比重得投資於非投資等級之高風險債券
柏瑞ESG量化債券基金B月配息(南非幣)(本基金有一定比重得投資於非投資等級之高風險債券且配息來源可能為本金),柏瑞投信,境內,ET005003/806,,490.0,,,,,,,,,,,08/18,柏瑞ESG量化債券基金B月配息南非幣本基金有一定比重得投資於非投資等級之高風險債券且配息來源可能為本金
柏瑞ESG量化債券基金N月配息(南非幣)(本基金有一定比重得投資於非投資等級之高風險債券且配息來源可能為本金),柏瑞投信,境內,ET005003/806,,491.0,,,,,,,,,,,08/18,柏瑞ESG量化債券基金N月配息南非幣本基金有一定比重得投資於非投資等級之高風險債券且配息來源可能為本金
柏瑞ESG量化債券基金N9不配息(南非幣)(本基金有一定比重得投資於非投資等級之高風險債券),柏瑞投信,境內,ET005003/806,,492.0,,,,,,,,,,,08/18,柏瑞ESG量化債券基金N9不配息南非幣本基金有一定比重得投資於非投資等級之高風險債券
柏瑞美國雙核心收益基金N9不配息(美元),柏瑞投信,境內,ET005003/806,,493.0,,,,,,,,,,,08/18,柏瑞美國雙核心收益基金N9不配息美元
柏瑞美國雙核心收益基金N月配息(美元)(基金之配息來源可能為本金),柏瑞投信,境內,ET005003/806,,494.0,,,,,,,,,,,08/18,柏瑞美國雙核心收益基金N月配息美元基金之配息來源可能為本金
柏瑞美國雙核心收益基金A不配息(人民幣),柏瑞投信,境內,ET005003/806,,495.0,,,,,,,,,,,08/18,柏瑞美國雙核心收益基金A不配息人民幣
柏瑞美國雙核心收益基金B月配息(人民幣)(基金之配息來源可能為本金),柏瑞投信,境內,ET005003/806,,496.0,,,,,,,,,,,08/18,柏瑞美國雙核心收益基金B月配息人民幣基金之配息來源可能為本金
柏瑞美國雙核心收益基金N9不配息(人民幣),柏瑞投信,境內,ET005003/806,,497.0,,,,,,,,,,,08/18,柏瑞美國雙核心收益基金N9不配息人民幣
柏瑞美國雙核心收益基金N月配息(人民幣)(基金之配息來源可能為本金),柏瑞投信,境內,ET005003/806,,498.0,,,,,,,,,,,08/18,柏瑞美國雙核心收益基金N月配息人民幣基金之配息來源可能為本金
柏瑞美國雙核心收益基金A不配息(南非幣),柏瑞投信,境內,ET005003/806,,499.0,,,,,,,,,,,08/18,柏瑞美國雙核心收益基金A不配息南非幣
柏瑞美國雙核心收益基金B月配息(南非幣)(基金之配息來源可能為本金),柏瑞投信,境內,ET005003/806,,500.0,,,,,,,,,,,08/18,柏瑞美國雙核心收益基金B月配息南非幣基金之配息來源可能為本金
柏瑞美國雙核心收益基金N9不配息(南非幣),柏瑞投信,境內,ET005003/806,,501.0,,,,,,,,,,,08/18,柏瑞美國雙核心收益基金N9不配息南非幣
柏瑞美國雙核心收益基金N月配息(南非幣)(基金之配息來源可能為本金),柏瑞投信,境內,ET005003/806,,502.0,,,,,,,,,,,08/18,柏瑞美國雙核心收益基金N月配息南非幣基金之配息來源可能為本金
柏瑞全球策略量化債券基金N9不配息(澳幣)(本基金有一定比重得投資於非投資等級之高風險債券),柏瑞投信,境內,ET005003/806,,503.0,,,,,,,,,,,08/18,柏瑞全球策略量化債券基金N9不配息澳幣本基金有一定比重得投資於非投資等級之高風險債券
柏瑞全球策略量化債券基金IA不配息(台幣)(本基金有一定比重得投資於非投資等級之高風險債券),柏瑞投信,境內,ET005003/806,,504.0,,,,,,,,,,,08/18,柏瑞全球策略量化債券基金IA不配息台幣本基金有一定比重得投資於非投資等級之高風險債券
柏瑞全球策略量化債券基金IB月配息(台幣)(本基金有一定比重得投資於非投資等級之高風險債券且配息來源可能為本金),柏瑞投信,境內,ET005003/806,,505.0,,,,,,,,,,,08/18,柏瑞全球策略量化債券基金IB月配息台幣本基金有一定比重得投資於非投資等級之高風險債券且配息來源可能為本金
柏瑞全球策略量化債券基金A不配息(澳幣)(本基金有一定比重得投資於非投資等級之高風險債券),柏瑞投信,境內,ET005003/806,,506.0,,,,,,,,,,,08/18,柏瑞全球策略量化債券基金A不配息澳幣本基金有一定比重得投資於非投資等級之高風險債券
柏瑞美國雙核心收益基金I不配息(美元),柏瑞投信,境內,ET005003/806,,507.0,,,,,,,,,,,08/18,柏瑞美國雙核心收益基金I不配息美元
柏瑞全球策略量化債券基金A不配息(南非幣)(本基金有一定比重得投資於非投資等級之高風險債券),柏瑞投信,境內,ET005003/806,,508.0,,,,,,,,,,,08/18,柏瑞全球策略量化債券基金A不配息南非幣本基金有一定比重得投資於非投資等級之高風險債券
柏瑞全球策略量化債券基金N9不配息(南非幣)(本基金有一定比重得投資於非投資等級之高風險債券),柏瑞投信,境內,ET005003/806,,509.0,,,,,,,,,,,08/18,柏瑞全球策略量化債券基金N9不配息南非幣本基金有一定比重得投資於非投資等級之高風險債券
復華新興市場非投資等級債券基金B配息(南非幣)(基金之配息來源可能為本金),復華投信,境內,ET005004/806,,1.0,2.08,4.69,5.53,12.36,41.65,22.79,77.75,,,,08/18,復華新興市場非投資等級債券基金B配息南非幣基金之配息來源可能為本金
宏利新興市場非投資等級債券基金-C月配息(南非幣避險)(本基金之配息來源可能為本金),宏利投信,境內,ET005004/806,,2.0,0.76,2.78,5.33,12.37,16.85,-6.69,,,,,08/18,宏利新興市場非投資等級債券基金C月配息南非幣避險本基金之配息來源可能為本金
宏利全球非投資等級債券基金-A不配息(南非幣避險)(本基金主要投資於非投資等級之高風險債券),宏利投信,境內,ET005004/806,,3.0,0.0,-0.81,4.55,21.07,47.36,37.14,,,,,08/18,宏利全球非投資等級債券基金A不配息南非幣避險本基金主要投資於非投資等級之高風險債券
宏利新興市場非投資等級債券基金-A不配息(南非幣避險),宏利投信,境內,ET005004/806,,4.0,0.78,2.0,4.41,11.27,30.89,34.17,,,,,08/18,宏利新興市場非投資等級債券基金A不配息南非幣避險
宏利新興市場非投資等級債券基金-NA不配息(南非幣避險),宏利投信,境內,ET005004/806,,5.0,0.66,1.82,4.26,12.08,32.88,29.6,,,,,08/18,宏利新興市場非投資等級債券基金NA不配息南非幣避險
柏瑞新興邊境非投資等級債券基金B月配息(南非幣)(本基金之配息來源可能為本金),柏瑞投信,境內,ET005004/806,,6.0,0.54,3.99,4.17,14.51,44.49,23.51,,,,,08/18,柏瑞新興邊境非投資等級債券基金B月配息南非幣本基金之配息來源可能為本金
柏瑞新興邊境非投資等級債券基金N月配息(南非幣)(本基金之配息來源可能為本金),柏瑞投信,境內,ET005004/806,,7.0,0.54,3.99,4.17,14.51,44.49,23.51,,,,,08/18,柏瑞新興邊境非投資等級債券基金N月配息南非幣本基金之配息來源可能為本金
東方匯理新興市場非投資等級債券基金-A2累積型(南非幣避險)(本基金之配息來源可能為本金),東方匯理投信,境內,ET005004/806,,8.0,0.07,2.07,4.15,14.14,42.76,31.1,,,,,08/18,東方匯理新興市場非投資等級債券基金A2累積型南非幣避險本基金之配息來源可能為本金
群益優選收益非投資等級債券ETF基金(本基金之配息來源可能為收益平準金),群益投信,境內,ET005004/806,,9.0,-0.82,2.98,4.01,11.8,,,,,,,08/18,群益優選收益非投資等級債券ETF基金本基金之配息來源可能為收益平準金
台新新興短期非投資等級債券基金-B配息(台幣)(本基金之配息來源可能為本金),台新投信,境內,ET005004/806,,10.0,-0.09,2.61,3.96,6.89,12.78,8.52,,,,,08/18,台新新興短期非投資等級債券基金B配息台幣本基金之配息來源可能為本金
台新新興短期非投資等級債券基金-A不配息(台幣)(本基金之配息來源可能為本金),台新投信,境內,ET005004/806,,11.0,-0.08,2.61,3.96,6.88,12.78,8.52,,,,,08/18,台新新興短期非投資等級債券基金A不配息台幣本基金之配息來源可能為本金
台新新興短期非投資等級債券基金-I不配息(台幣)(本基金之配息來源可能為本金),台新投信,境內,ET005004/806,,12.0,-0.08,2.61,3.96,6.88,12.78,8.52,,,,,08/18,台新新興短期非投資等級債券基金I不配息台幣本基金之配息來源可能為本金
台新新興短期非投資等級債券基金-N配息(台幣)(本基金之配息來源可能為本金),台新投信,境內,ET005004/806,,13.0,-0.09,2.61,3.96,6.89,12.77,8.51,,,,,08/18,台新新興短期非投資等級債券基金N配息台幣本基金之配息來源可能為本金
宏利新興市場非投資等級債券基金-NC月配息(南非幣避險)(本基金之配息來源可能為本金),宏利投信,境內,ET005004/806,,14.0,0.83,2.1,3.53,7.9,5.85,-15.47,,,,,08/18,宏利新興市場非投資等級債券基金NC月配息南非幣避險本基金之配息來源可能為本金
復華新興市場非投資等級債券基金A不配息(台幣),復華投信,境內,ET005004/806,,15.0,0.19,4.15,3.42,14.22,24.61,2.49,6.75,,,,08/18,復華新興市場非投資等級債券基金A不配息台幣
宏利新興市場非投資等級債券基金-A不配息(澳幣避險),宏利投信,境內,ET005004/806,,16.0,0.62,1.69,3.41,3.37,34.12,12.78,29.28,,,,08/18,宏利新興市場非投資等級債券基金A不配息澳幣避險
復華新興市場非投資等級債券基金B配息(台幣)(基金之配息來源可能為本金),復華投信,境內,ET005004/806,,17.0,0.07,3.94,3.3,14.12,24.43,2.33,6.65,,,,08/18,復華新興市場非投資等級債券基金B配息台幣基金之配息來源可能為本金
宏利新興市場非投資等級債券基金-NC月配息(台幣)(本基金之配息來源可能為本金),宏利投信,境內,ET005004/806,,18.0,-0.1,1.81,3.3,7.67,7.91,-22.54,,,,,08/18,宏利新興市場非投資等級債券基金NC月配息台幣本基金之配息來源可能為本金
國泰新興非投資等級債券基金-A不配息(台幣)(基金之配息來源可能為本金),國泰投信,境內,ET005004/806,,19.0,-0.31,2.46,3.28,10.78,30.45,11.6,12.07,,,,08/18,國泰新興非投資等級債券基金A不配息台幣基金之配息來源可能為本金
國泰新興非投資等級債券基金-B配息(台幣)(基金之配息來源可能為本金),國泰投信,境內,ET005004/806,,20.0,-0.31,2.46,3.28,10.78,30.45,11.6,12.07,,,,08/18,國泰新興非投資等級債券基金B配息台幣基金之配息來源可能為本金
東方匯理全球非投資等級債券基金-I2累積型(台幣)(本基金之配息來源可能為本金),東方匯理投信,境內,ET005004/806,,21.0,-0.46,3.52,3.23,5.53,,,,,,,08/18,東方匯理全球非投資等級債券基金I2累積型台幣本基金之配息來源可能為本金
國泰新興非投資等級債券基金-I不配息(美元)(基金之配息來源可能為本金),國泰投信,境內,ET005004/806,,22.0,0.51,2.01,3.16,8.75,38.68,16.11,26.02,,,,08/18,國泰新興非投資等級債券基金I不配息美元基金之配息來源可能為本金
宏利新興市場非投資等級債券基金-NA不配息(澳幣避險),宏利投信,境內,ET005004/806,,23.0,0.35,1.45,3.11,4.08,27.76,10.63,,,,,08/18,宏利新興市場非投資等級債券基金NA不配息澳幣避險
宏利新興市場非投資等級債券基金-C月配息(澳幣避險)(本基金之配息來源可能為本金),宏利投信,境內,ET005004/806,,24.0,0.48,1.35,3.1,4.51,29.31,10.31,20.06,,,,08/18,宏利新興市場非投資等級債券基金C月配息澳幣避險本基金之配息來源可能為本金
宏利新興市場非投資等級債券基金-C月配息(台幣)(本基金之配息來源可能為本金),宏利投信,境內,ET005004/806,,25.0,-0.15,1.56,3.0,6.59,21.98,6.28,12.7,,,,08/18,宏利新興市場非投資等級債券基金C月配息台幣本基金之配息來源可能為本金
宏利新興市場非投資等級債券基金-A不配息(台幣),宏利投信,境內,ET005004/806,,26.0,-0.13,1.58,3.0,6.32,22.53,7.43,14.47,,,,08/18,宏利新興市場非投資等級債券基金A不配息台幣
宏利新興市場非投資等級債券基金-NC月配息(美元)(本基金之配息來源可能為本金),宏利投信,境內,ET005004/806,,27.0,0.46,1.29,2.98,5.11,3.86,-35.0,,,,,08/18,宏利新興市場非投資等級債券基金NC月配息美元本基金之配息來源可能為本金
宏利新興市場非投資等級債券基金-C月配息(美元)(本基金之配息來源可能為本金),宏利投信,境內,ET005004/806,,28.0,0.45,1.31,2.98,5.11,30.4,12.06,26.17,,,,08/18,宏利新興市場非投資等級債券基金C月配息美元本基金之配息來源可能為本金
宏利新興市場非投資等級債券基金-A不配息(美元),宏利投信,境內,ET005004/806,,29.0,0.45,1.28,2.96,5.09,30.39,12.06,33.75,,,,08/18,宏利新興市場非投資等級債券基金A不配息美元
宏利新興市場非投資等級債券基金-NA不配息(美元),宏利投信,境內,ET005004/806,,30.0,0.43,1.28,2.94,5.09,24.27,-5.05,,,,,08/18,宏利新興市場非投資等級債券基金NA不配息美元
宏利新興市場非投資等級債券基金-NA不配息(台幣),宏利投信,境內,ET005004/806,,31.0,-0.17,1.54,2.93,6.5,32.17,15.88,,,,,08/18,宏利新興市場非投資等級債券基金NA不配息台幣
東方匯理全球非投資等級債券基金-A2累積型(台幣)(本基金之配息來源可能為本金),東方匯理投信,境內,ET005004/806,,32.0,-0.58,3.2,2.84,11.38,25.29,28.66,,,,,08/18,東方匯理全球非投資等級債券基金A2累積型台幣本基金之配息來源可能為本金
宏利新興市場非投資等級債券基金-B月配息(台幣)(本基金之配息來源可能為本金),宏利投信,境內,ET005004/806,,33.0,-0.15,1.48,2.84,6.18,21.68,5.9,14.47,,,,08/18,宏利新興市場非投資等級債券基金B月配息台幣本基金之配息來源可能為本金
柏瑞新興邊境非投資等級債券基金N月配息(台幣)(本基金之配息來源可能為本金),柏瑞投信,境內,ET005004/806,,34.0,-0.36,4.29,2.83,16.3,34.18,10.1,,,,,08/18,柏瑞新興邊境非投資等級債券基金N月配息台幣本基金之配息來源可能為本金
柏瑞新興邊境非投資等級債券基金B月配息(台幣)(本基金之配息來源可能為本金),柏瑞投信,境內,ET005004/806,,35.0,-0.36,4.29,2.83,16.3,34.19,10.12,,,,,08/18,柏瑞新興邊境非投資等級債券基金B月配息台幣本基金之配息來源可能為本金
柏瑞新興邊境非投資等級債券基金A不配息(台幣),柏瑞投信,境內,ET005004/806,,36.0,-0.36,4.29,2.83,16.29,34.18,10.1,,,,,08/18,柏瑞新興邊境非投資等級債券基金A不配息台幣
台新美國策略時機非投資等級債券基金-NB配息(台幣)(本基金之配息來源可能為本金),台新投信,境內,ET005004/806,,37.0,-0.68,3.5,2.79,9.81,17.19,,,,,,08/18,台新美國策略時機非投資等級債券基金NB配息台幣本基金之配息來源可能為本金
台新美國策略時機非投資等級債券基金-B配息(台幣)(本基金之配息來源可能為本金),台新投信,境內,ET005004/806,,38.0,-0.69,3.5,2.79,9.8,17.19,,,,,,08/18,台新美國策略時機非投資等級債券基金B配息台幣本基金之配息來源可能為本金
台新美國策略時機非投資等級債券基金-NA不配息(台幣)(本基金之配息來源可能為本金),台新投信,境內,ET005004/806,,39.0,-0.68,3.5,2.79,9.79,17.18,,,,,,08/18,台新美國策略時機非投資等級債券基金NA不配息台幣本基金之配息來源可能為本金
台新美國策略時機非投資等級債券基金-A不配息(台幣)(本基金之配息來源可能為本金),台新投信,境內,ET005004/806,,40.0,-0.68,3.5,2.79,9.79,17.18,,,,,,08/18,台新美國策略時機非投資等級債券基金A不配息台幣本基金之配息來源可能為本金
國泰新興非投資等級債券基金-B配息(美元)(基金之配息來源可能為本金),國泰投信,境內,ET005004/806,,41.0,0.43,1.81,2.76,7.89,35.36,11.56,26.44,,,,08/18,國泰新興非投資等級債券基金B配息美元基金之配息來源可能為本金
國泰新興非投資等級債券基金-A不配息(美元)(基金之配息來源可能為本金),國泰投信,境內,ET005004/806,,42.0,0.41,1.82,2.76,7.9,35.36,11.5,27.06,,,,08/18,國泰新興非投資等級債券基金A不配息美元基金之配息來源可能為本金
東方匯理全球非投資等級債券基金-N2累積型(台幣)(本基金之配息來源可能為本金),東方匯理投信,境內,ET005004/806,,43.0,-0.58,3.2,2.76,11.29,25.32,28.56,,,,,08/18,東方匯理全球非投資等級債券基金N2累積型台幣本基金之配息來源可能為本金
國泰亞洲非投資等級債券基金-NB配息(台幣)(基金之配息來源可能為本金),國泰投信,境內,ET005004/806,,44.0,1.04,2.77,2.69,9.43,23.4,-32.26,,,,,08/18,國泰亞洲非投資等級債券基金NB配息台幣基金之配息來源可能為本金
國泰亞洲非投資等級債券基金-B配息(台幣)(基金之配息來源可能為本金),國泰投信,境內,ET005004/806,,45.0,1.04,2.76,2.69,9.43,23.4,-32.26,,,,,08/18,國泰亞洲非投資等級債券基金B配息台幣基金之配息來源可能為本金
國泰亞洲非投資等級債券基金-A不配息(台幣)(基金之配息來源可能為本金),國泰投信,境內,ET005004/806,,46.0,1.04,2.76,2.69,9.42,23.4,-32.26,,,,,08/18,國泰亞洲非投資等級債券基金A不配息台幣基金之配息來源可能為本金
東方匯理全球非投資等級債券基金-A2累積型(南非幣避險)(本基金之配息來源可能為本金),東方匯理投信,境內,ET005004/806,,47.0,0.68,2.65,2.65,7.37,35.33,29.83,,,,,08/18,東方匯理全球非投資等級債券基金A2累積型南非幣避險本基金之配息來源可能為本金
柏瑞新興邊境非投資等級債券基金A不配息(美元),柏瑞投信,境內,ET005004/806,,48.0,0.4,3.74,2.54,13.65,40.09,10.07,,,,,08/18,柏瑞新興邊境非投資等級債券基金A不配息美元
柏瑞新興邊境非投資等級債券基金B月配息(美元)(本基金之配息來源可能為本金),柏瑞投信,境內,ET005004/806,,49.0,0.4,3.73,2.53,13.63,40.09,10.06,,,,,08/18,柏瑞新興邊境非投資等級債券基金B月配息美元本基金之配息來源可能為本金
柏瑞新興邊境非投資等級債券基金N月配息(美元)(本基金之配息來源可能為本金),柏瑞投信,境內,ET005004/806,,50.0,0.4,3.73,2.52,13.62,40.09,10.06,,,,,08/18,柏瑞新興邊境非投資等級債券基金N月配息美元本基金之配息來源可能為本金
東方匯理全球非投資等級債券基金-N2累積型(南非幣避險)(本基金之配息來源可能為本金),東方匯理投信,境內,ET005004/806,,51.0,0.62,2.59,2.52,6.93,35.62,30.08,,,,,08/18,東方匯理全球非投資等級債券基金N2累積型南非幣避險本基金之配息來源可能為本金
柏瑞新興邊境非投資等級債券基金N9不配息(澳幣),柏瑞投信,境內,ET005004/806,,52.0,0.16,3.86,2.51,11.84,34.08,3.48,,,,,08/18,柏瑞新興邊境非投資等級債券基金N9不配息澳幣
柏瑞新興邊境非投資等級債券基金B月配息(澳幣)(本基金之配息來源可能為本金),柏瑞投信,境內,ET005004/806,,53.0,0.15,3.85,2.49,11.81,34.15,3.5,,,,,08/18,柏瑞新興邊境非投資等級債券基金B月配息澳幣本基金之配息來源可能為本金
柏瑞新興邊境非投資等級債券基金N月配息(澳幣)(本基金之配息來源可能為本金),柏瑞投信,境內,ET005004/806,,54.0,0.15,3.85,2.49,11.81,34.15,3.5,,,,,08/18,柏瑞新興邊境非投資等級債券基金N月配息澳幣本基金之配息來源可能為本金
宏利新興市場非投資等級債券基金-NC月配息(澳幣避險)(本基金之配息來源可能為本金),宏利投信,境內,ET005004/806,,55.0,0.53,1.56,2.45,6.08,16.92,-17.1,,,,,08/18,宏利新興市場非投資等級債券基金NC月配息澳幣避險本基金之配息來源可能為本金
聯博全球非投資等級債券基金N配息(南非幣)(基金之配息來源可能為本金及收益平準金),聯博投信,境內,ET005004/806,,56.0,0.43,2.0,2.4,6.79,34.89,33.1,,,,,08/18,聯博全球非投資等級債券基金N配息南非幣基金之配息來源可能為本金及收益平準金
富達亞洲非投資等級債券基金-A類型月配型(台幣)(本基金之配息來源可能為本金),富達投信,境內,ET005004/806,,57.0,0.35,3.27,2.35,8.37,22.2,-30.7,,,,,08/18,富達亞洲非投資等級債券基金A類型月配型台幣本基金之配息來源可能為本金
宏利全球非投資等級債券基金-NA不配息(南非幣避險)(本基金主要投資於非投資等級之高風險債券),宏利投信,境內,ET005004/806,,58.0,0.22,1.31,2.35,6.29,30.45,24.17,,,,,08/18,宏利全球非投資等級債券基金NA不配息南非幣避險本基金主要投資於非投資等級之高風險債券
華南永昌精選非投資等級債券基金A不配息(台幣)(本基金之配息來源可能為本金),華南永昌投信,境內,ET005004/806,,59.0,-1.12,3.34,2.34,10.84,,,,,,,08/18,華南永昌精選非投資等級債券基金A不配息台幣本基金之配息來源可能為本金
華南永昌精選非投資等級債券基金B配息(台幣)(本基金之配息來源可能為本金),華南永昌投信,境內,ET005004/806,,60.0,-1.12,3.35,2.34,10.85,,,,,,,08/18,華南永昌精選非投資等級債券基金B配息台幣本基金之配息來源可能為本金
柏瑞亞太非投資等級債券基金I不配息(台幣),柏瑞投信,境內,ET005004/806,,61.0,0.41,3.2,2.33,9.88,27.76,-1.03,,,,,08/18,柏瑞亞太非投資等級債券基金I不配息台幣
富達亞洲非投資等級債券基金-A類型累積型(台幣),富達投信,境內,ET005004/806,,62.0,0.35,3.25,2.33,8.39,22.39,-26.9,,,,,08/18,富達亞洲非投資等級債券基金A類型累積型台幣
國泰亞洲非投資等級債券基金-A不配息(美元)(基金之配息來源可能為本金),國泰投信,境內,ET005004/806,,63.0,1.48,2.29,2.28,6.92,28.53,-33.12,,,,,08/18,國泰亞洲非投資等級債券基金A不配息美元基金之配息來源可能為本金
柏瑞全球策略非投資等級債券基金N9不配息(南非幣),柏瑞投信,境內,ET005004/806,,64.0,0.34,1.55,2.28,4.76,27.8,25.06,81.59,,,,08/18,柏瑞全球策略非投資等級債券基金N9不配息南非幣
國泰亞洲非投資等級債券基金-NB配息(美元)(基金之配息來源可能為本金),國泰投信,境內,ET005004/806,,65.0,1.48,2.29,2.28,6.92,28.54,-33.12,,,,,08/18,國泰亞洲非投資等級債券基金NB配息美元基金之配息來源可能為本金
國泰亞洲非投資等級債券基金-B配息(美元)(基金之配息來源可能為本金),國泰投信,境內,ET005004/806,,66.0,1.48,2.29,2.28,6.92,28.54,-33.12,,,,,08/18,國泰亞洲非投資等級債券基金B配息美元基金之配息來源可能為本金
富達亞洲非投資等級債券基金-A類型月配型(美元)(本基金之配息來源可能為本金),富達投信,境內,ET005004/806,,67.0,0.98,2.91,2.27,6.49,28.53,-26.42,,,,,08/18,富達亞洲非投資等級債券基金A類型月配型美元本基金之配息來源可能為本金
富達亞洲非投資等級債券基金-A類型累積型(美元),富達投信,境內,ET005004/806,,68.0,0.97,2.9,2.27,6.48,28.51,-26.43,,,,,08/18,富達亞洲非投資等級債券基金A類型累積型美元
柏瑞全球策略非投資等級債券基金B月配息(南非幣)(本基金之配息來源可能為本金),柏瑞投信,境內,ET005004/806,,69.0,0.34,1.54,2.27,4.74,27.84,25.13,82.04,,,,08/18,柏瑞全球策略非投資等級債券基金B月配息南非幣本基金之配息來源可能為本金
柏瑞全球策略非投資等級債券基金N月配息(南非幣)(本基金之配息來源可能為本金),柏瑞投信,境內,ET005004/806,,70.0,0.34,1.54,2.26,4.73,27.86,25.19,82.13,,,,08/18,柏瑞全球策略非投資等級債券基金N月配息南非幣本基金之配息來源可能為本金
聯博全球非投資等級債券基金TA配息(南非幣)(基金之配息來源可能為本金及收益平準金),聯博投信,境內,ET005004/806,,71.0,0.38,1.83,2.24,6.66,34.79,32.15,93.39,,,,08/18,聯博全球非投資等級債券基金TA配息南非幣基金之配息來源可能為本金及收益平準金
台新策略優選總回報非投資等級債券基金-I不配息(台幣)(本基金之配息來源可能為本金),台新投信,境內,ET005004/806,,72.0,-0.03,2.32,2.23,7.52,20.16,20.69,,,,,08/18,台新策略優選總回報非投資等級債券基金I不配息台幣本基金之配息來源可能為本金
國泰主順位資產抵押非投資等級債券基金-NC配息(台幣)(基金之配息來源可能為本金),國泰投信,境內,ET005004/806,,73.0,-0.29,2.39,2.2,,,,,,,,08/18,國泰主順位資產抵押非投資等級債券基金NC配息台幣基金之配息來源可能為本金
國泰主順位資產抵押非投資等級債券基金-A不配息(台幣)(基金之配息來源可能為本金),國泰投信,境內,ET005004/806,,74.0,-0.29,2.39,2.2,7.55,20.63,23.24,,,,,08/18,國泰主順位資產抵押非投資等級債券基金A不配息台幣基金之配息來源可能為本金
國泰主順位資產抵押非投資等級債券基金-C配息(台幣)(基金之配息來源可能為本金),國泰投信,境內,ET005004/806,,75.0,-0.29,2.4,2.2,,,,,,,,08/18,國泰主順位資產抵押非投資等級債券基金C配息台幣基金之配息來源可能為本金
國泰主順位資產抵押非投資等級債券基金-NB配息(台幣)(基金之配息來源可能為本金),國泰投信,境內,ET005004/806,,76.0,-0.29,2.39,2.2,7.55,20.63,23.24,,,,,08/18,國泰主順位資產抵押非投資等級債券基金NB配息台幣基金之配息來源可能為本金
國泰主順位資產抵押非投資等級債券基金-B配息(台幣)(基金之配息來源可能為本金),國泰投信,境內,ET005004/806,,77.0,-0.29,2.39,2.2,7.54,20.63,23.24,,,,,08/18,國泰主順位資產抵押非投資等級債券基金B配息台幣基金之配息來源可能為本金
宏利全球非投資等級債券基金-NB月配息(南非幣避險)(本基金主要投資於非投資等級之高風險債券且配息來源可能為本金),宏利投信,境內,ET005004/806,,78.0,0.3,1.32,2.14,7.19,29.64,18.14,,,,,08/18,宏利全球非投資等級債券基金NB月配息南非幣避險本基金主要投資於非投資等級之高風險債券且配息來源可能為本金
宏利全球非投資等級債券基金-B月配息(南非幣避險)(本基金主要投資於非投資等級之高風險債券且配息來源可能為本金),宏利投信,境內,ET005004/806,,79.0,0.12,1.12,2.04,6.1,27.91,18.27,,,,,08/18,宏利全球非投資等級債券基金B月配息南非幣避險本基金主要投資於非投資等級之高風險債券且配息來源可能為本金
柏瑞亞太非投資等級債券基金B月配息(台幣)(本基金之配息來源可能為本金),柏瑞投信,境內,ET005004/806,,80.0,0.36,3.04,2.02,9.23,25.49,-3.95,-0.34,,,,08/18,柏瑞亞太非投資等級債券基金B月配息台幣本基金之配息來源可能為本金
柏瑞亞太非投資等級債券基金N月配息(台幣)(本基金之配息來源可能為本金),柏瑞投信,境內,ET005004/806,,81.0,0.36,3.04,2.02,9.23,25.5,-3.95,-0.34,,,,08/18,柏瑞亞太非投資等級債券基金N月配息台幣本基金之配息來源可能為本金
柏瑞亞太非投資等級債券基金N9不配息(台幣),柏瑞投信,境內,ET005004/806,,82.0,0.36,3.04,2.02,9.23,25.48,-3.95,-0.35,,,,08/18,柏瑞亞太非投資等級債券基金N9不配息台幣
柏瑞亞太非投資等級債券基金A不配息(台幣),柏瑞投信,境內,ET005004/806,,83.0,0.36,3.04,2.02,9.23,25.49,-3.95,-0.35,,,,08/18,柏瑞亞太非投資等級債券基金A不配息台幣
野村亞太複合非投資等級債券基金-累積型(人民幣)(本基金配息來源可能為本金),野村投信,境內,ET005004/806,,84.0,0.81,2.98,2.02,9.08,35.2,5.08,7.98,,,,08/18,野村亞太複合非投資等級債券基金累積型人民幣本基金配息來源可能為本金
東方匯理美國非投資等級債券基金-N2累積型(台幣)(本基金之配息來源可能為本金),東方匯理投信,境內,ET005004/806,,85.0,-1.0,2.47,1.98,10.2,23.3,29.51,,,,,08/18,東方匯理美國非投資等級債券基金N2累積型台幣本基金之配息來源可能為本金
聯邦永騰亞洲非投資等級債券基金-B月配息(台幣)(本基金之配息來源可能為本金),聯邦投信,境內,ET005004/806,,86.0,-0.44,1.82,1.97,10.31,22.93,-25.68,-23.22,,,,08/18,聯邦永騰亞洲非投資等級債券基金B月配息台幣本基金之配息來源可能為本金
聯邦永騰亞洲非投資等級債券基金-A不配息(台幣)(本基金之配息來源可能為本金),聯邦投信,境內,ET005004/806,,87.0,-0.44,1.82,1.97,10.3,22.88,-25.25,-22.67,,,,08/18,聯邦永騰亞洲非投資等級債券基金A不配息台幣本基金之配息來源可能為本金
東方匯理全球非投資等級債券基金-AD月配型(台幣)(本基金之配息來源可能為本金),東方匯理投信,境內,ET005004/806,,88.0,-1.32,3.25,1.97,10.46,24.46,27.61,,,,,08/18,東方匯理全球非投資等級債券基金AD月配型台幣本基金之配息來源可能為本金
東方匯理全球非投資等級債券基金-ND月配型(台幣)(本基金之配息來源可能為本金),東方匯理投信,境內,ET005004/806,,89.0,-1.32,3.25,1.97,10.46,24.46,27.61,,,,,08/18,東方匯理全球非投資等級債券基金ND月配型台幣本基金之配息來源可能為本金
東方匯理美國非投資等級債券基金-A2累積型(南非幣避險)(本基金之配息來源可能為本金),東方匯理投信,境內,ET005004/806,,90.0,0.22,2.05,1.97,5.48,31.67,29.52,,,,,08/18,東方匯理美國非投資等級債券基金A2累積型南非幣避險本基金之配息來源可能為本金
野村亞太複合非投資等級債券基金-月配N類型(美元)(本基金配息來源可能為本金),野村投信,境內,ET005004/806,,91.0,1.37,2.59,1.96,8.59,41.01,1.82,,,,,08/18,野村亞太複合非投資等級債券基金月配N類型美元本基金配息來源可能為本金
野村亞太複合非投資等級債券基金-月配型(美元)(本基金配息來源可能為本金),野村投信,境內,ET005004/806,,92.0,1.37,2.59,1.96,8.59,41.01,1.82,,,,,08/18,野村亞太複合非投資等級債券基金月配型美元本基金配息來源可能為本金
野村亞太複合非投資等級債券基金-累積型(美元)(本基金配息來源可能為本金),野村投信,境內,ET005004/806,,93.0,1.37,2.59,1.96,8.58,41.01,1.85,,,,,08/18,野村亞太複合非投資等級債券基金累積型美元本基金配息來源可能為本金
路博邁全球非投資等級債券基金N月配型(南非幣)(本基金配息來源可能為本金),路博邁投信,境內,ET005004/806,,94.0,0.65,1.94,1.91,5.85,32.9,27.12,,,,,08/18,路博邁全球非投資等級債券基金N月配型南非幣本基金配息來源可能為本金
東方匯理美國非投資等級債券基金-A2累積型(台幣)(本基金之配息來源可能為本金),東方匯理投信,境內,ET005004/806,,95.0,-1.0,2.47,1.9,10.11,23.2,29.41,,,,,08/18,東方匯理美國非投資等級債券基金A2累積型台幣本基金之配息來源可能為本金
路博邁全球非投資等級債券基金T累積型(南非幣)(本基金配息來源可能為本金),路博邁投信,境內,ET005004/806,,96.0,0.6,1.96,1.89,5.84,32.91,27.13,,,,,08/18,路博邁全球非投資等級債券基金T累積型南非幣本基金配息來源可能為本金
路博邁全球非投資等級債券基金T月配型(南非幣)(本基金配息來源可能為本金),路博邁投信,境內,ET005004/806,,97.0,0.65,1.92,1.85,5.76,32.91,27.16,,,,,08/18,路博邁全球非投資等級債券基金T月配型南非幣本基金配息來源可能為本金
路博邁全球非投資等級債券基金N累積型(南非幣)(本基金配息來源可能為本金),路博邁投信,境內,ET005004/806,,98.0,0.57,1.94,1.81,5.77,32.86,27.07,,,,,08/18,路博邁全球非投資等級債券基金N累積型南非幣本基金配息來源可能為本金
東方匯理全球非投資等級債券基金-ND月配型(南非幣避險)(本基金之配息來源可能為本金),東方匯理投信,境內,ET005004/806,,99.0,-0.17,2.55,1.8,6.22,33.97,28.07,,,,,08/18,東方匯理全球非投資等級債券基金ND月配型南非幣避險本基金之配息來源可能為本金
台新策略優選總回報非投資等級債券基金-B配息(台幣)(本基金之配息來源可能為本金),台新投信,境內,ET005004/806,,100.0,-0.11,2.1,1.79,6.62,17.16,16.65,,,,,08/18,台新策略優選總回報非投資等級債券基金B配息台幣本基金之配息來源可能為本金
台新策略優選總回報非投資等級債券基金-N配息(台幣)(本基金之配息來源可能為本金),台新投信,境內,ET005004/806,,101.0,-0.11,2.1,1.78,6.62,17.15,16.65,,,,,08/18,台新策略優選總回報非投資等級債券基金N配息台幣本基金之配息來源可能為本金
台新策略優選總回報非投資等級債券基金-A不配息(台幣)(本基金之配息來源可能為本金),台新投信,境內,ET005004/806,,102.0,-0.11,2.1,1.78,6.61,17.15,16.64,,,,,08/18,台新策略優選總回報非投資等級債券基金A不配息台幣本基金之配息來源可能為本金
東方匯理新興市場非投資等級債券基金-N2累積型(台幣)(本基金之配息來源可能為本金),東方匯理投信,境內,ET005004/806,,103.0,-1.25,2.67,1.77,16.03,34.07,32.95,,,,,08/18,東方匯理新興市場非投資等級債券基金N2累積型台幣本基金之配息來源可能為本金
東方匯理新興市場非投資等級債券基金-A2累積型(台幣)(本基金之配息來源可能為本金),東方匯理投信,境內,ET005004/806,,104.0,-1.25,2.67,1.77,16.01,34.04,32.91,,,,,08/18,東方匯理新興市場非投資等級債券基金A2累積型台幣本基金之配息來源可能為本金
宏利新興市場非投資等級債券基金-NA不配息(人民幣避險),宏利投信,境內,ET005004/806,,105.0,0.21,0.75,1.76,2.19,19.14,2.63,,,,,08/18,宏利新興市場非投資等級債券基金NA不配息人民幣避險
群益全球優先順位非投資等級債券基金NB月配型(台幣)(本基金配息來源可能為本金),群益投信,境內,ET005004/806,,106.0,-0.45,2.52,1.75,6.54,15.7,17.03,,,,,08/18,群益全球優先順位非投資等級債券基金NB月配型台幣本基金配息來源可能為本金
東方匯理美國非投資等級債券基金-N2累積型(南非幣避險)(本基金之配息來源可能為本金),東方匯理投信,境內,ET005004/806,,107.0,0.3,1.83,1.75,5.36,32.25,29.3,,,,,08/18,東方匯理美國非投資等級債券基金N2累積型南非幣避險本基金之配息來源可能為本金
群益全球優先順位非投資等級債券基金B月配型(台幣)(本基金配息來源可能為本金),群益投信,境內,ET005004/806,,108.0,-0.45,2.52,1.75,6.54,15.7,17.03,,,,,08/18,群益全球優先順位非投資等級債券基金B月配型台幣本基金配息來源可能為本金
野村亞太複合非投資等級債券基金-月配N類型(人民幣)(本基金配息來源可能為本金),野村投信,境內,ET005004/806,,109.0,0.85,2.76,1.75,8.72,34.79,4.71,,,,,08/18,野村亞太複合非投資等級債券基金月配N類型人民幣本基金配息來源可能為本金
群益全球優先順位非投資等級債券基金A累積型(台幣)(本基金配息來源可能為本金),群益投信,境內,ET005004/806,,110.0,-0.45,2.52,1.75,6.53,15.7,17.04,,,,,08/18,群益全球優先順位非投資等級債券基金A累積型台幣本基金配息來源可能為本金
群益全球優先順位非投資等級債券基金NA累積型(台幣)(本基金配息來源可能為本金),群益投信,境內,ET005004/806,,111.0,-0.45,2.52,1.75,6.53,15.71,17.05,,,,,08/18,群益全球優先順位非投資等級債券基金NA累積型台幣本基金配息來源可能為本金
群益時機對策非投資等級債券基金B月配型(台幣)(本基金配息來源可能為本金),群益投信,境內,ET005004/806,,112.0,-0.03,2.49,1.73,5.87,,,,,,,08/18,群益時機對策非投資等級債券基金B月配型台幣本基金配息來源可能為本金
群益時機對策非投資等級債券基金NB月配型(台幣)(本基金配息來源可能為本金),群益投信,境內,ET005004/806,,113.0,-0.03,2.49,1.73,5.87,,,,,,,08/18,群益時機對策非投資等級債券基金NB月配型台幣本基金配息來源可能為本金
群益時機對策非投資等級債券基金A累積型(台幣)(本基金配息來源可能為本金),群益投信,境內,ET005004/806,,114.0,-0.03,2.49,1.73,5.87,,,,,,,08/18,群益時機對策非投資等級債券基金A累積型台幣本基金配息來源可能為本金
富蘭克林華美優選非投資等級債券基金-B分配型(南非幣)(本基金之配息來源可能為本金),富蘭克林華美投信,境內,ET005004/806,,115.0,0.36,1.57,1.73,4.56,,,,,,,08/18,富蘭克林華美優選非投資等級債券基金B分配型南非幣本基金之配息來源可能為本金
富蘭克林華美優選非投資等級債券基金-NB分配型(南非幣)(本基金之配息來源可能為本金),富蘭克林華美投信,境內,ET005004/806,,116.0,0.36,1.57,1.73,4.55,,,,,,,08/18,富蘭克林華美優選非投資等級債券基金NB分配型南非幣本基金之配息來源可能為本金
群益時機對策非投資等級債券基金NA累積型(台幣)(本基金配息來源可能為本金),群益投信,境內,ET005004/806,,117.0,-0.03,2.49,1.73,5.86,,,,,,,08/18,群益時機對策非投資等級債券基金NA累積型台幣本基金配息來源可能為本金
台新新興短期非投資等級債券基金-B配息(美元)(本基金之配息來源可能為本金),台新投信,境內,ET005004/806,,118.0,0.51,1.18,1.7,1.93,15.44,8.74,,,,,08/18,台新新興短期非投資等級債券基金B配息美元本基金之配息來源可能為本金
柏瑞亞太非投資等級債券基金A不配息(美元),柏瑞投信,境內,ET005004/806,,119.0,1.09,2.49,1.7,6.58,30.85,-4.59,8.71,,,,08/18,柏瑞亞太非投資等級債券基金A不配息美元
柏瑞亞太非投資等級債券基金N9不配息(美元),柏瑞投信,境內,ET005004/806,,120.0,1.09,2.49,1.7,6.58,30.85,-4.59,8.72,,,,08/18,柏瑞亞太非投資等級債券基金N9不配息美元
柏瑞亞太非投資等級債券基金N月配息(美元)(本基金之配息來源可能為本金),柏瑞投信,境內,ET005004/806,,121.0,1.09,2.49,1.69,6.56,30.85,-4.61,8.71,,,,08/18,柏瑞亞太非投資等級債券基金N月配息美元本基金之配息來源可能為本金
柏瑞亞太非投資等級債券基金B月配息(美元)(本基金之配息來源可能為本金),柏瑞投信,境內,ET005004/806,,122.0,1.09,2.49,1.68,6.56,30.85,-4.61,8.71,,,,08/18,柏瑞亞太非投資等級債券基金B月配息美元本基金之配息來源可能為本金
台新新興短期非投資等級債券基金-A不配息(美元)(本基金之配息來源可能為本金),台新投信,境內,ET005004/806,,123.0,0.47,1.15,1.68,1.87,15.24,8.49,,,,,08/18,台新新興短期非投資等級債券基金A不配息美元本基金之配息來源可能為本金
台新新興短期非投資等級債券基金-I不配息(美元)(本基金之配息來源可能為本金),台新投信,境內,ET005004/806,,124.0,0.47,1.15,1.68,1.87,15.24,8.49,,,,,08/18,台新新興短期非投資等級債券基金I不配息美元本基金之配息來源可能為本金
東方匯理新興市場非投資等級債券基金-N2累積型(南非幣避險)(本基金之配息來源可能為本金),東方匯理投信,境內,ET005004/806,,125.0,-0.07,1.96,1.67,11.55,43.5,33.39,,,,,08/18,東方匯理新興市場非投資等級債券基金N2累積型南非幣避險本基金之配息來源可能為本金
東方匯理全球非投資等級債券基金-AD月配型(南非幣避險)(本基金之配息來源可能為本金),東方匯理投信,境內,ET005004/806,,126.0,-0.17,2.56,1.65,6.1,33.66,27.72,,,,,08/18,東方匯理全球非投資等級債券基金AD月配型南非幣避險本基金之配息來源可能為本金
宏利新興市場非投資等級債券基金-C月配息(人民幣避險)(本基金之配息來源可能為本金),宏利投信,境內,ET005004/806,,127.0,0.23,0.62,1.63,2.19,21.17,3.44,31.41,,,,08/18,宏利新興市場非投資等級債券基金C月配息人民幣避險本基金之配息來源可能為本金
兆豐新興市場短期非投資等級債券基金B月配型(台幣)(本基金之配息來源可能為本金),兆豐投信,境內,ET005004/806,,128.0,-0.56,1.72,1.6,7.91,13.72,-10.16,,,,,08/18,兆豐新興市場短期非投資等級債券基金B月配型台幣本基金之配息來源可能為本金
兆豐新興市場短期非投資等級債券基金NB後收月配型(台幣)(本基金之配息來源可能為本金),兆豐投信,境內,ET005004/806,,129.0,-0.56,1.72,1.6,7.91,13.72,-10.16,,,,,08/18,兆豐新興市場短期非投資等級債券基金NB後收月配型台幣本基金之配息來源可能為本金
兆豐新興市場短期非投資等級債券基金A累積型(台幣),兆豐投信,境內,ET005004/806,,130.0,-0.56,1.72,1.6,7.91,13.72,-10.16,,,,,08/18,兆豐新興市場短期非投資等級債券基金A累積型台幣
兆豐新興市場短期非投資等級債券基金NA後收累積型(台幣),兆豐投信,境內,ET005004/806,,131.0,-0.56,1.72,1.6,7.91,13.72,-10.16,,,,,08/18,兆豐新興市場短期非投資等級債券基金NA後收累積型台幣
台新新興短期非投資等級債券基金-N配息(美元)(本基金之配息來源可能為本金),台新投信,境內,ET005004/806,,132.0,0.51,1.07,1.59,1.84,15.23,8.57,,,,,08/18,台新新興短期非投資等級債券基金N配息美元本基金之配息來源可能為本金
宏利新興市場非投資等級債券基金-A不配息(人民幣避險),宏利投信,境內,ET005004/806,,133.0,0.22,0.53,1.58,2.67,21.73,4.42,34.29,,,,08/18,宏利新興市場非投資等級債券基金A不配息人民幣避險
富蘭克林華美全球非投資等級債券基金-NC分配型(南非幣)(本基金之配息來源可能為本金),富蘭克林華美投信,境內,ET005004/806,,134.0,0.51,1.79,1.57,5.57,28.01,31.74,,,,,08/18,富蘭克林華美全球非投資等級債券基金NC分配型南非幣本基金之配息來源可能為本金
瀚亞全球非投資等級債券基金IA不配息(台幣),瀚亞投信,境內,ET005004/806,,135.0,-0.37,1.96,1.57,6.57,19.3,17.17,,,,,08/18,瀚亞全球非投資等級債券基金IA不配息台幣
富蘭克林華美全球非投資等級債券基金-A累積型(南非幣)(本基金之配息來源可能為本金),富蘭克林華美投信,境內,ET005004/806,,136.0,0.51,1.79,1.57,5.57,27.99,31.68,104.09,,,,08/18,富蘭克林華美全球非投資等級債券基金A累積型南非幣本基金之配息來源可能為本金
富蘭克林華美全球非投資等級債券基金-B分配型(南非幣)(本基金之配息來源可能為本金),富蘭克林華美投信,境內,ET005004/806,,137.0,0.51,1.79,1.57,5.57,27.98,31.69,104.24,,,,08/18,富蘭克林華美全球非投資等級債券基金B分配型南非幣本基金之配息來源可能為本金
野村亞太複合非投資等級債券基金-月配型(人民幣)(本基金配息來源可能為本金),野村投信,境內,ET005004/806,,138.0,0.89,2.61,1.54,8.29,34.41,4.39,7.35,,,,08/18,野村亞太複合非投資等級債券基金月配型人民幣本基金配息來源可能為本金
聯博全球非投資等級債券基金TA配息(台幣)(基金之配息來源可能為本金及收益平準金),聯博投信,境內,ET005004/806,,139.0,-0.39,1.82,1.51,5.77,18.87,14.56,22.39,,,,08/18,聯博全球非投資等級債券基金TA配息台幣基金之配息來源可能為本金及收益平準金
東方匯理全球非投資等級債券基金-N2累積型(澳幣避險)(本基金之配息來源可能為本金),東方匯理投信,境內,ET005004/806,,140.0,0.56,2.08,1.5,4.65,22.29,6.5,,,,,08/18,東方匯理全球非投資等級債券基金N2累積型澳幣避險本基金之配息來源可能為本金
台新策略優選總回報非投資等級債券基金-I不配息(美元)(本基金之配息來源可能為本金),台新投信,境內,ET005004/806,,141.0,0.49,1.51,1.49,4.13,21.27,16.07,,,,,08/18,台新策略優選總回報非投資等級債券基金I不配息美元本基金之配息來源可能為本金
聯博全球非投資等級債券基金TT配息(台幣)(基金之配息來源可能為本金及收益平準金),聯博投信,境內,ET005004/806,,142.0,-0.31,1.86,1.47,5.82,18.94,14.62,,,,,08/18,聯博全球非投資等級債券基金TT配息台幣基金之配息來源可能為本金及收益平準金
東方匯理全球非投資等級債券基金-A2累積型(美元)(本基金之配息來源可能為本金),東方匯理投信,境內,ET005004/806,,143.0,0.51,1.99,1.46,4.79,25.37,12.05,,,,,08/18,東方匯理全球非投資等級債券基金A2累積型美元本基金之配息來源可能為本金
國泰主順位資產抵押非投資等級債券基金-NB配息(美元)(基金之配息來源可能為本金),國泰投信,境內,ET005004/806,,144.0,0.39,1.5,1.46,3.7,22.94,16.54,,,,,08/18,國泰主順位資產抵押非投資等級債券基金NB配息美元基金之配息來源可能為本金
國泰主順位資產抵押非投資等級債券基金-B配息(美元)(基金之配息來源可能為本金),國泰投信,境內,ET005004/806,,145.0,0.39,1.5,1.45,3.69,22.95,16.52,,,,,08/18,國泰主順位資產抵押非投資等級債券基金B配息美元基金之配息來源可能為本金
國泰主順位資產抵押非投資等級債券基金-A不配息(美元)(基金之配息來源可能為本金),國泰投信,境內,ET005004/806,,146.0,0.4,1.51,1.44,3.71,22.96,16.53,,,,,08/18,國泰主順位資產抵押非投資等級債券基金A不配息美元基金之配息來源可能為本金
聯博全球非投資等級債券基金N配息(台幣)(基金之配息來源可能為本金及收益平準金),聯博投信,境內,ET005004/806,,147.0,-0.33,1.91,1.42,5.76,18.91,14.74,,,,,08/18,聯博全球非投資等級債券基金N配息台幣基金之配息來源可能為本金及收益平準金
宏利新興市場非投資等級債券基金-NC月配息(人民幣避險)(本基金之配息來源可能為本金),宏利投信,境內,ET005004/806,,148.0,0.18,0.41,1.42,2.67,7.1,-24.46,,,,,08/18,宏利新興市場非投資等級債券基金NC月配息人民幣避險本基金之配息來源可能為本金
東方匯理全球非投資等級債券基金-A2累積型(澳幣避險)(本基金之配息來源可能為本金),東方匯理投信,境內,ET005004/806,,149.0,0.56,2.09,1.42,4.37,22.02,6.23,,,,,08/18,東方匯理全球非投資等級債券基金A2累積型澳幣避險本基金之配息來源可能為本金
國泰主順位資產抵押非投資等級債券基金-NC配息(美元)(基金之配息來源可能為本金),國泰投信,境內,ET005004/806,,150.0,0.38,1.47,1.4,,,,,,,,08/18,國泰主順位資產抵押非投資等級債券基金NC配息美元基金之配息來源可能為本金
聯博全球非投資等級債券基金T2不配息(台幣)(基金之配息來源可能為本金及收益平準金),聯博投信,境內,ET005004/806,,151.0,-0.32,1.82,1.4,5.67,18.84,14.63,22.51,,,,08/18,聯博全球非投資等級債券基金T2不配息台幣基金之配息來源可能為本金及收益平準金
柏瑞新興市場非投資等級債券基金I不配息(台幣),柏瑞投信,境內,ET005004/806,,152.0,-0.34,2.35,1.4,7.99,19.31,1.84,,,,,08/18,柏瑞新興市場非投資等級債券基金I不配息台幣
聯博全球非投資等級債券基金I不配息(美元)(基金之配息來源可能為本金及收益平準金),聯博投信,境內,ET005004/806,,153.0,0.24,1.43,1.38,4.84,27.86,19.4,,,,,08/18,聯博全球非投資等級債券基金I不配息美元基金之配息來源可能為本金及收益平準金
摩根亞洲總合非投資等級債券基金-月配型(美元)(本基金之配息來源可能為本金),摩根投信,境內,ET005004/806,,154.0,1.04,1.93,1.38,4.12,21.75,-11.21,-3.71,,,,08/18,摩根亞洲總合非投資等級債券基金月配型美元本基金之配息來源可能為本金
東方匯理全球非投資等級債券基金-N2累積型(美元)(本基金之配息來源可能為本金),東方匯理投信,境內,ET005004/806,,155.0,0.43,1.9,1.37,4.7,25.37,12.05,,,,,08/18,東方匯理全球非投資等級債券基金N2累積型美元本基金之配息來源可能為本金
安聯美國短年期非投資等級債券基金-B月配型(美元)(基金之配息來源可能為本金),安聯投信,境內,ET005004/806,,156.0,0.15,1.24,1.34,3.51,8.41,9.99,,,,,08/18,安聯美國短年期非投資等級債券基金B月配型美元基金之配息來源可能為本金
安聯美國短年期非投資等級債券基金-N月配型(美元)(基金之配息來源可能為本金),安聯投信,境內,ET005004/806,,157.0,0.15,1.24,1.34,3.51,8.4,9.97,,,,,08/18,安聯美國短年期非投資等級債券基金N月配型美元基金之配息來源可能為本金
安聯美國短年期非投資等級債券基金-A累積型(美元),安聯投信,境內,ET005004/806,,158.0,0.15,1.24,1.34,3.51,8.39,9.94,,,,,08/18,安聯美國短年期非投資等級債券基金A累積型美元
東方匯理美國非投資等級債券基金-ND月配型(台幣)(本基金之配息來源可能為本金),東方匯理投信,境內,ET005004/806,,159.0,-1.67,2.56,1.34,9.44,22.53,28.64,,,,,08/18,東方匯理美國非投資等級債券基金ND月配型台幣本基金之配息來源可能為本金
東方匯理美國非投資等級債券基金-AD月配型(台幣)(本基金之配息來源可能為本金),東方匯理投信,境內,ET005004/806,,160.0,-1.67,2.56,1.34,9.44,22.52,28.64,,,,,08/18,東方匯理美國非投資等級債券基金AD月配型台幣本基金之配息來源可能為本金
野村環球非投資等級債券基金-累積S類型(台幣)(本基金配息來源可能為本金),野村投信,境內,ET005004/806,,161.0,0.07,2.07,1.31,4.0,16.59,11.02,,,,,08/18,野村環球非投資等級債券基金累積S類型台幣本基金配息來源可能為本金
野村亞太複合非投資等級債券基金-月配N類型(台幣)(本基金配息來源可能為本金),野村投信,境內,ET005004/806,,162.0,0.63,2.57,1.31,8.53,34.51,3.52,,,,,08/18,野村亞太複合非投資等級債券基金月配N類型台幣本基金配息來源可能為本金
野村亞太複合非投資等級債券基金-月配型(台幣)(本基金配息來源可能為本金),野村投信,境內,ET005004/806,,163.0,0.63,2.57,1.31,8.53,34.51,3.52,-6.84,,,,08/18,野村亞太複合非投資等級債券基金月配型台幣本基金配息來源可能為本金
野村亞太複合非投資等級債券基金-累積型(台幣)(本基金配息來源可能為本金),野村投信,境內,ET005004/806,,164.0,0.63,2.57,1.3,8.52,34.51,3.55,-6.82,,,,08/18,野村亞太複合非投資等級債券基金累積型台幣本基金配息來源可能為本金
野村亞太複合非投資等級債券基金-累積N類型(台幣)(本基金配息來源可能為本金),野村投信,境內,ET005004/806,,165.0,0.63,2.57,1.3,8.52,34.49,3.33,,,,,08/18,野村亞太複合非投資等級債券基金累積N類型台幣本基金配息來源可能為本金
柏瑞全球策略非投資等級債券基金I不配息(台幣),柏瑞投信,境內,ET005004/806,,166.0,-0.44,1.87,1.3,6.31,18.21,10.77,,,,,08/18,柏瑞全球策略非投資等級債券基金I不配息台幣
台新優先順位資產抵押非投資等級債券基金-N配息(台幣)(本基金之配息來源可能為本金),台新投信,境內,ET005004/806,,167.0,-0.19,1.9,1.27,6.51,15.14,13.77,,,,,08/18,台新優先順位資產抵押非投資等級債券基金N配息台幣本基金之配息來源可能為本金
施羅德中國非投資等級債券基金-B月配型(美元)(本基金之配息來源可能為本金),施羅德投信,境內,ET005004/806,,168.0,0.4,1.06,1.27,4.26,20.17,-13.33,-3.29,,,,08/18,施羅德中國非投資等級債券基金B月配型美元本基金之配息來源可能為本金
台新優先順位資產抵押非投資等級債券基金-B配息(台幣)(本基金之配息來源可能為本金),台新投信,境內,ET005004/806,,169.0,-0.19,1.9,1.27,6.51,15.14,13.79,,,,,08/18,台新優先順位資產抵押非投資等級債券基金B配息台幣本基金之配息來源可能為本金
群益時機對策非投資等級債券基金B月配型(美元)(本基金配息來源可能為本金),群益投信,境內,ET005004/806,,170.0,0.5,1.76,1.27,3.56,,,,,,,08/18,群益時機對策非投資等級債券基金B月配型美元本基金配息來源可能為本金
群益時機對策非投資等級債券基金NB月配型(美元)(本基金配息來源可能為本金),群益投信,境內,ET005004/806,,171.0,0.5,1.76,1.27,3.56,,,,,,,08/18,群益時機對策非投資等級債券基金NB月配型美元本基金配息來源可能為本金
台新優先順位資產抵押非投資等級債券基金-A不配息(台幣)(本基金之配息來源可能為本金),台新投信,境內,ET005004/806,,172.0,-0.19,1.9,1.27,6.5,15.14,13.77,,,,,08/18,台新優先順位資產抵押非投資等級債券基金A不配息台幣本基金之配息來源可能為本金
台新優先順位資產抵押非投資等級債券基金-I不配息(台幣)(本基金之配息來源可能為本金),台新投信,境內,ET005004/806,,173.0,-0.19,1.9,1.27,6.5,13.74,13.77,,,,,08/18,台新優先順位資產抵押非投資等級債券基金I不配息台幣本基金之配息來源可能為本金
群益時機對策非投資等級債券基金A累積型(美元)(本基金配息來源可能為本金),群益投信,境內,ET005004/806,,174.0,0.5,1.75,1.27,3.55,,,,,,,08/18,群益時機對策非投資等級債券基金A累積型美元本基金配息來源可能為本金
群益時機對策非投資等級債券基金NA累積型(美元)(本基金配息來源可能為本金),群益投信,境內,ET005004/806,,175.0,0.5,1.75,1.27,3.55,,,,,,,08/18,群益時機對策非投資等級債券基金NA累積型美元本基金配息來源可能為本金
台新優先順位資產抵押非投資等級債券基金-I不配息(美元)(本基金之配息來源可能為本金),台新投信,境內,ET005004/806,,176.0,0.3,1.6,1.26,4.23,20.69,14.12,,,,,08/18,台新優先順位資產抵押非投資等級債券基金I不配息美元本基金之配息來源可能為本金
富邦亞洲非投資等級債券基金-A不配息(美元)(本基金之配息來源可能為本金),富邦投信,境內,ET005004/806,,177.0,0.27,1.48,1.26,4.85,25.04,-13.78,-14.76,,,,08/18,富邦亞洲非投資等級債券基金A不配息美元本基金之配息來源可能為本金
富邦亞洲非投資等級債券基金-NA不配息(美元)(本基金之配息來源可能為本金),富邦投信,境內,ET005004/806,,178.0,0.27,1.48,1.26,4.85,25.04,-13.78,,,,,08/18,富邦亞洲非投資等級債券基金NA不配息美元本基金之配息來源可能為本金
施羅德中國非投資等級債券基金-A累積型(美元)(本基金之配息來源可能為本金),施羅德投信,境內,ET005004/806,,179.0,0.38,1.05,1.26,4.17,20.05,-13.17,4.5,,,,08/18,施羅德中國非投資等級債券基金A累積型美元本基金之配息來源可能為本金
台新美國策略時機非投資等級債券基金-NA不配息(南非幣)(本基金之配息來源可能為本金),台新投信,境內,ET005004/806,,180.0,-0.13,2.4,1.26,6.85,26.55,,,,,,08/18,台新美國策略時機非投資等級債券基金NA不配息南非幣本基金之配息來源可能為本金
台新美國策略時機非投資等級債券基金-B配息(南非幣)(本基金之配息來源可能為本金),台新投信,境內,ET005004/806,,181.0,-0.14,2.4,1.26,6.64,26.15,,,,,,08/18,台新美國策略時機非投資等級債券基金B配息南非幣本基金之配息來源可能為本金
台新美國策略時機非投資等級債券基金-A不配息(南非幣)(本基金之配息來源可能為本金),台新投信,境內,ET005004/806,,182.0,-0.13,2.4,1.25,6.62,25.57,,,,,,08/18,台新美國策略時機非投資等級債券基金A不配息南非幣本基金之配息來源可能為本金
施羅德中國非投資等級債券基金-B月配型(台幣)(本基金之配息來源可能為本金),施羅德投信,境內,ET005004/806,,183.0,-0.18,1.32,1.23,6.03,14.09,-14.9,-14.42,,,,08/18,施羅德中國非投資等級債券基金B月配型台幣本基金之配息來源可能為本金
施羅德中國非投資等級債券基金-A累積型(台幣)(本基金之配息來源可能為本金),施羅德投信,境內,ET005004/806,,184.0,-0.21,1.3,1.22,5.85,14.0,-14.46,-13.5,,,,08/18,施羅德中國非投資等級債券基金A累積型台幣本基金之配息來源可能為本金
富邦亞洲非投資等級債券基金-B配息(美元)(本基金之配息來源可能為本金),富邦投信,境內,ET005004/806,,185.0,0.28,1.49,1.22,4.8,24.41,-14.11,-15.06,,,,08/18,富邦亞洲非投資等級債券基金B配息美元本基金之配息來源可能為本金
合庫全球非投資等級債券基金-A不配息(台幣),合作金庫投信,境內,ET005004/806,,186.0,-0.48,1.89,1.21,6.39,15.89,6.89,14.44,,,,08/18,合庫全球非投資等級債券基金A不配息台幣
野村美利堅非投資等級債券基金-累積S類型(台幣)(本基金配息來源可能為本金),野村投信,境內,ET005004/806,,187.0,-0.55,1.72,1.21,6.5,18.44,15.0,,,,,08/18,野村美利堅非投資等級債券基金累積S類型台幣本基金配息來源可能為本金
合庫全球非投資等級債券基金-B配息(台幣)(本基金配息來源可能為本金),合作金庫投信,境內,ET005004/806,,188.0,-0.48,1.89,1.21,6.39,15.88,6.88,14.44,,,,08/18,合庫全球非投資等級債券基金B配息台幣本基金配息來源可能為本金
瀚亞全球非投資等級債券基金A不配息(澳幣),瀚亞投信,境內,ET005004/806,,189.0,-0.19,1.83,1.21,-2.87,12.24,7.22,32.73,,,,08/18,瀚亞全球非投資等級債券基金A不配息澳幣
台新美國策略時機非投資等級債券基金-I不配息(美元)(本基金之配息來源可能為本金),台新投信,境內,ET005004/806,,190.0,-0.1,2.23,1.2,5.73,6.62,,,,,,08/18,台新美國策略時機非投資等級債券基金I不配息美元本基金之配息來源可能為本金
台新美國策略時機非投資等級債券基金-NB配息(南非幣)(本基金之配息來源可能為本金),台新投信,境內,ET005004/806,,191.0,-0.13,2.43,1.19,6.6,25.89,,,,,,08/18,台新美國策略時機非投資等級債券基金NB配息南非幣本基金之配息來源可能為本金
瀚亞全球非投資等級債券基金B配息(澳幣)(本基金配息來源可能為本金),瀚亞投信,境內,ET005004/806,,192.0,-0.19,1.83,1.19,-2.87,12.2,7.15,27.62,,,,08/18,瀚亞全球非投資等級債券基金B配息澳幣本基金配息來源可能為本金
瀚亞全球非投資等級債券基金B配息(台幣)(本基金配息來源可能為本金),瀚亞投信,境內,ET005004/806,,193.0,-0.44,1.76,1.18,5.77,16.65,12.86,22.3,,,,08/18,瀚亞全球非投資等級債券基金B配息台幣本基金配息來源可能為本金
瀚亞全球非投資等級債券基金S配息(台幣)(本基金配息來源可能為本金),瀚亞投信,境內,ET005004/806,,194.0,-0.44,1.76,1.18,5.77,16.65,12.86,,,,,08/18,瀚亞全球非投資等級債券基金S配息台幣本基金配息來源可能為本金
瀚亞全球非投資等級債券基金C配息(台幣)(本基金配息來源可能為本金),瀚亞投信,境內,ET005004/806,,195.0,-0.44,1.76,1.18,5.77,16.64,12.86,22.27,,,,08/18,瀚亞全球非投資等級債券基金C配息台幣本基金配息來源可能為本金
瀚亞全球非投資等級債券基金A不配息(台幣),瀚亞投信,境內,ET005004/806,,196.0,-0.44,1.76,1.18,5.77,16.63,12.86,21.93,,,,08/18,瀚亞全球非投資等級債券基金A不配息台幣
台新策略優選總回報非投資等級債券基金-B配息(美元)(本基金之配息來源可能為本金),台新投信,境內,ET005004/806,,197.0,0.41,1.27,1.15,3.38,20.95,15.28,,,,,08/18,台新策略優選總回報非投資等級債券基金B配息美元本基金之配息來源可能為本金
台新策略優選總回報非投資等級債券基金-N配息(美元)(本基金之配息來源可能為本金),台新投信,境內,ET005004/806,,198.0,0.42,1.28,1.14,3.38,20.9,15.21,,,,,08/18,台新策略優選總回報非投資等級債券基金N配息美元本基金之配息來源可能為本金
安聯美國短年期非投資等級債券基金-A累積型(台幣),安聯投信,境內,ET005004/806,,199.0,-0.46,1.42,1.13,3.57,-1.25,-2.66,,,,,08/18,安聯美國短年期非投資等級債券基金A累積型台幣
聯博全球非投資等級債券基金N配息(澳幣)(基金之配息來源可能為本金及收益平準金),聯博投信,境內,ET005004/806,,200.0,0.23,1.37,1.13,3.74,21.74,8.84,,,,,08/18,聯博全球非投資等級債券基金N配息澳幣基金之配息來源可能為本金及收益平準金
安聯美國短年期非投資等級債券基金-N月配型(台幣)(基金之配息來源可能為本金),安聯投信,境內,ET005004/806,,201.0,-0.46,1.41,1.12,3.56,-1.26,-2.66,,,,,08/18,安聯美國短年期非投資等級債券基金N月配型台幣基金之配息來源可能為本金
安聯美國短年期非投資等級債券基金-B月配型(台幣)(基金之配息來源可能為本金),安聯投信,境內,ET005004/806,,202.0,-0.46,1.41,1.12,3.56,-1.26,-2.67,,,,,08/18,安聯美國短年期非投資等級債券基金B月配型台幣基金之配息來源可能為本金
柏瑞新興邊境非投資等級債券基金A不配息(人民幣),柏瑞投信,境內,ET005004/806,,203.0,0.15,3.02,1.1,9.99,29.19,1.63,,,,,08/18,柏瑞新興邊境非投資等級債券基金A不配息人民幣
柏瑞新興邊境非投資等級債券基金B月配息(人民幣)(本基金之配息來源可能為本金),柏瑞投信,境內,ET005004/806,,204.0,0.15,3.02,1.1,9.97,29.25,1.67,,,,,08/18,柏瑞新興邊境非投資等級債券基金B月配息人民幣本基金之配息來源可能為本金
柏瑞全球策略非投資等級債券基金Bt月配息(台幣)(本基金之配息來源可能為本金),柏瑞投信,境內,ET005004/806,,205.0,-0.47,1.77,1.1,5.88,16.8,8.58,,,,,08/18,柏瑞全球策略非投資等級債券基金Bt月配息台幣本基金之配息來源可能為本金
柏瑞新興邊境非投資等級債券基金N月配息(人民幣)(本基金之配息來源可能為本金),柏瑞投信,境內,ET005004/806,,206.0,0.15,3.02,1.1,9.97,29.25,1.67,,,,,08/18,柏瑞新興邊境非投資等級債券基金N月配息人民幣本基金之配息來源可能為本金
柏瑞全球策略非投資等級債券基金N9不配息(台幣),柏瑞投信,境內,ET005004/806,,207.0,-0.47,1.77,1.1,5.88,16.8,8.58,25.19,,,,08/18,柏瑞全球策略非投資等級債券基金N9不配息台幣
柏瑞全球策略非投資等級債券基金B月配息(台幣)(本基金之配息來源可能為本金),柏瑞投信,境內,ET005004/806,,208.0,-0.47,1.77,1.09,5.88,16.8,8.58,25.2,,,,08/18,柏瑞全球策略非投資等級債券基金B月配息台幣本基金之配息來源可能為本金
柏瑞全球策略非投資等級債券基金A不配息(台幣),柏瑞投信,境內,ET005004/806,,209.0,-0.47,1.76,1.09,5.88,16.8,8.58,25.2,,,,08/18,柏瑞全球策略非投資等級債券基金A不配息台幣
柏瑞全球策略非投資等級債券基金N月配息(台幣)(本基金之配息來源可能為本金),柏瑞投信,境內,ET005004/806,,210.0,-0.47,1.77,1.09,5.88,16.8,8.58,25.21,,,,08/18,柏瑞全球策略非投資等級債券基金N月配息台幣本基金之配息來源可能為本金
東方匯理新興市場非投資等級債券基金-ND月配型(台幣)(本基金之配息來源可能為本金),東方匯理投信,境內,ET005004/806,,211.0,-1.94,2.76,1.09,15.14,33.08,32.08,,,,,08/18,東方匯理新興市場非投資等級債券基金ND月配型台幣本基金之配息來源可能為本金
柏瑞新興市場非投資等級債券基金A不配息(台幣),柏瑞投信,境內,ET005004/806,,212.0,-0.39,2.2,1.09,7.35,17.2,-1.12,2.54,,,,08/18,柏瑞新興市場非投資等級債券基金A不配息台幣
柏瑞新興市場非投資等級債券基金B月配息(台幣)(本基金之配息來源可能為本金),柏瑞投信,境內,ET005004/806,,213.0,-0.39,2.2,1.09,7.35,17.2,-1.13,2.55,,,,08/18,柏瑞新興市場非投資等級債券基金B月配息台幣本基金之配息來源可能為本金
柏瑞新興市場非投資等級債券基金N9不配息(台幣),柏瑞投信,境內,ET005004/806,,214.0,-0.39,2.2,1.09,7.33,17.17,-1.15,2.53,,,,08/18,柏瑞新興市場非投資等級債券基金N9不配息台幣
柏瑞新興市場非投資等級債券基金N月配息(台幣)(本基金之配息來源可能為本金),柏瑞投信,境內,ET005004/806,,215.0,-0.39,2.2,1.09,7.35,17.2,-1.12,2.57,,,,08/18,柏瑞新興市場非投資等級債券基金N月配息台幣本基金之配息來源可能為本金
華南永昌精選非投資等級債券基金A不配息(美元)(本基金之配息來源可能為本金),華南永昌投信,境內,ET005004/806,,216.0,-0.06,2.09,1.08,4.36,,,,,,,08/18,華南永昌精選非投資等級債券基金A不配息美元本基金之配息來源可能為本金
台新美國策略時機非投資等級債券基金-NA不配息(澳幣)(本基金之配息來源可能為本金),台新投信,境內,ET005004/806,,217.0,-0.24,2.34,1.07,4.18,13.16,,,,,,08/18,台新美國策略時機非投資等級債券基金NA不配息澳幣本基金之配息來源可能為本金
台新美國策略時機非投資等級債券基金-A不配息(澳幣)(本基金之配息來源可能為本金),台新投信,境內,ET005004/806,,218.0,-0.24,2.34,1.07,4.21,14.38,,,,,,08/18,台新美國策略時機非投資等級債券基金A不配息澳幣本基金之配息來源可能為本金
台新美國策略時機非投資等級債券基金-NB配息(澳幣)(本基金之配息來源可能為本金),台新投信,境內,ET005004/806,,219.0,-0.24,2.33,1.06,4.12,13.65,,,,,,08/18,台新美國策略時機非投資等級債券基金NB配息澳幣本基金之配息來源可能為本金
台新美國策略時機非投資等級債券基金-B配息(澳幣)(本基金之配息來源可能為本金),台新投信,境內,ET005004/806,,220.0,-0.24,2.35,1.06,4.28,14.13,,,,,,08/18,台新美國策略時機非投資等級債券基金B配息澳幣本基金之配息來源可能為本金
富達亞洲非投資等級債券基金-A類型累積型(人民幣避險),富達投信,境內,ET005004/806,,221.0,0.81,2.31,1.01,3.82,19.34,-33.12,,,,,08/18,富達亞洲非投資等級債券基金A類型累積型人民幣避險
台新策略優選總回報非投資等級債券基金-A不配息(美元)(本基金之配息來源可能為本金),台新投信,境內,ET005004/806,,222.0,0.41,1.29,1.01,3.22,20.53,14.89,,,,,08/18,台新策略優選總回報非投資等級債券基金A不配息美元本基金之配息來源可能為本金
野村環球非投資等級債券基金-累積型(台幣)(本基金配息來源可能為本金),野村投信,境內,ET005004/806,,223.0,0.02,1.91,1.0,3.37,14.48,7.66,19.35,,,,08/18,野村環球非投資等級債券基金累積型台幣本基金配息來源可能為本金
野村環球非投資等級債券基金-月配型(台幣)(本基金配息來源可能為本金),野村投信,境內,ET005004/806,,224.0,0.02,1.91,1.0,3.36,14.47,7.65,19.38,,,,08/18,野村環球非投資等級債券基金月配型台幣本基金配息來源可能為本金
聯博全球非投資等級債券基金N配息(美元)(基金之配息來源可能為本金及收益平準金),聯博投信,境內,ET005004/806,,225.0,0.18,1.22,0.99,4.01,24.97,15.09,,,,,08/18,聯博全球非投資等級債券基金N配息美元基金之配息來源可能為本金及收益平準金
富達亞洲非投資等級債券基金-A類型月配型(人民幣避險)(本基金之配息來源可能為本金),富達投信,境內,ET005004/806,,226.0,0.75,2.24,0.99,3.76,19.24,-32.36,,,,,08/18,富達亞洲非投資等級債券基金A類型月配型人民幣避險本基金之配息來源可能為本金
宏利全球非投資等級債券基金-B月配息(澳幣避險)(本基金主要投資於非投資等級之高風險債券且配息來源可能為本金),宏利投信,境內,ET005004/806,,227.0,0.02,0.78,0.98,2.83,15.13,-1.26,,,,,08/18,宏利全球非投資等級債券基金B月配息澳幣避險本基金主要投資於非投資等級之高風險債券且配息來源可能為本金
統一亞洲非投資等級債券基金-月配型(台幣)(基金之配息來源可能為本金),統一投信,境內,ET005004/806,,228.0,1.63,2.76,0.98,7.39,17.12,-9.47,-6.27,,,,08/18,統一亞洲非投資等級債券基金月配型台幣基金之配息來源可能為本金
聯博全球非投資等級債券基金TT配息(美元)(基金之配息來源可能為本金及收益平準金),聯博投信,境內,ET005004/806,,229.0,0.18,1.25,0.98,4.05,24.96,15.07,,,,,08/18,聯博全球非投資等級債券基金TT配息美元基金之配息來源可能為本金及收益平準金
統一亞洲非投資等級債券基金-累積型(台幣)(基金之配息來源可能為本金),統一投信,境內,ET005004/806,,230.0,1.63,2.76,0.98,7.39,17.11,-9.46,-6.27,,,,08/18,統一亞洲非投資等級債券基金累積型台幣基金之配息來源可能為本金
富蘭克林華美優選非投資等級債券基金-B分配型(台幣)(本基金之配息來源可能為本金),富蘭克林華美投信,境內,ET005004/806,,231.0,-0.45,1.47,0.98,5.45,,,,,,,08/18,富蘭克林華美優選非投資等級債券基金B分配型台幣本基金之配息來源可能為本金
富蘭克林華美優選非投資等級債券基金-NB分配型(台幣)(本基金之配息來源可能為本金),富蘭克林華美投信,境內,ET005004/806,,232.0,-0.45,1.47,0.98,5.45,,,,,,,08/18,富蘭克林華美優選非投資等級債券基金NB分配型台幣本基金之配息來源可能為本金
富蘭克林華美優選非投資等級債券基金-A累積型(台幣)(本基金之配息來源可能為本金),富蘭克林華美投信,境內,ET005004/806,,233.0,-0.45,1.47,0.98,5.44,,,,,,,08/18,富蘭克林華美優選非投資等級債券基金A累積型台幣本基金之配息來源可能為本金
華南永昌精選非投資等級債券基金B配息(美元)(本基金之配息來源可能為本金),華南永昌投信,境內,ET005004/806,,234.0,-0.06,2.05,0.97,4.27,,,,,,,08/18,華南永昌精選非投資等級債券基金B配息美元本基金之配息來源可能為本金
瀚亞全球非投資等級債券基金A不配息(美元),瀚亞投信,境內,ET005004/806,,235.0,0.23,1.31,0.95,3.44,21.26,11.14,32.79,,,,08/18,瀚亞全球非投資等級債券基金A不配息美元
東方匯理新興市場非投資等級債券基金-AD月配型(台幣)(本基金之配息來源可能為本金),東方匯理投信,境內,ET005004/806,,236.0,-2.08,2.61,0.95,15.16,33.09,31.89,,,,,08/18,東方匯理新興市場非投資等級債券基金AD月配型台幣本基金之配息來源可能為本金
瀚亞全球非投資等級債券基金S配息(美元)(本基金配息來源可能為本金),瀚亞投信,境內,ET005004/806,,237.0,0.23,1.31,0.94,3.44,21.27,11.28,,,,,08/18,瀚亞全球非投資等級債券基金S配息美元本基金配息來源可能為本金
瀚亞全球非投資等級債券基金B配息(美元)(本基金配息來源可能為本金),瀚亞投信,境內,ET005004/806,,238.0,0.23,1.31,0.94,3.43,21.27,11.21,32.38,,,,08/18,瀚亞全球非投資等級債券基金B配息美元本基金配息來源可能為本金
聯博全球非投資等級債券基金T2不配息(美元)(基金之配息來源可能為本金及收益平準金),聯博投信,境內,ET005004/806,,239.0,0.12,1.18,0.93,4.03,,,,,,,08/18,聯博全球非投資等級債券基金T2不配息美元基金之配息來源可能為本金及收益平準金
宏利全球非投資等級債券基金-B月配息(台幣)(本基金主要投資於非投資等級之高風險債券且配息來源可能為本金),宏利投信,境內,ET005004/806,,240.0,-0.65,1.01,0.93,5.46,13.61,-1.3,,,,,08/18,宏利全球非投資等級債券基金B月配息台幣本基金主要投資於非投資等級之高風險債券且配息來源可能為本金
宏利全球非投資等級債券基金-NB月配息(台幣)(本基金主要投資於非投資等級之高風險債券且配息來源可能為本金),宏利投信,境內,ET005004/806,,241.0,-0.64,1.11,0.91,5.13,13.13,-2.15,,,,,08/18,宏利全球非投資等級債券基金NB月配息台幣本基金主要投資於非投資等級之高風險債券且配息來源可能為本金
聯博全球非投資等級債券基金TA配息(美元)(基金之配息來源可能為本金及收益平準金),聯博投信,境內,ET005004/806,,242.0,0.06,1.12,0.91,4.0,24.91,15.04,34.75,,,,08/18,聯博全球非投資等級債券基金TA配息美元基金之配息來源可能為本金及收益平準金
聯博全球非投資等級債券基金TA配息(澳幣)(基金之配息來源可能為本金及收益平準金),聯博投信,境內,ET005004/806,,243.0,0.24,1.3,0.9,3.63,21.84,8.68,22.92,,,,08/18,聯博全球非投資等級債券基金TA配息澳幣基金之配息來源可能為本金及收益平準金
復華新興市場非投資等級債券基金B配息(人民幣)(基金之配息來源可能為本金),復華投信,境內,ET005004/806,,244.0,1.05,2.52,0.9,5.94,21.18,-0.86,28.48,,,,08/18,復華新興市場非投資等級債券基金B配息人民幣基金之配息來源可能為本金
野村特別時機非投資等級債券基金-累積S類型(台幣)(本基金配息來源可能為本金),野村投信,境內,ET005004/806,,245.0,-0.88,1.71,0.9,6.17,17.4,,,,,,08/18,野村特別時機非投資等級債券基金累積S類型台幣本基金配息來源可能為本金
富邦亞洲非投資等級債券基金-NB配息(台幣)(本基金之配息來源可能為本金),富邦投信,境內,ET005004/806,,246.0,0.21,1.35,0.89,5.19,14.44,-17.51,,,,,08/18,富邦亞洲非投資等級債券基金NB配息台幣本基金之配息來源可能為本金
野村環球非投資等級債券基金-累積型(美元)(本基金配息來源可能為本金),野村投信,境內,ET005004/806,,247.0,0.48,1.66,0.89,2.59,18.6,9.21,32.65,,,,08/18,野村環球非投資等級債券基金累積型美元本基金配息來源可能為本金
富邦亞洲非投資等級債券基金-B配息(台幣)(本基金之配息來源可能為本金),富邦投信,境內,ET005004/806,,248.0,0.22,1.35,0.89,5.19,14.39,-17.55,-23.22,,,,08/18,富邦亞洲非投資等級債券基金B配息台幣本基金之配息來源可能為本金
富邦亞洲非投資等級債券基金-NA不配息(台幣)(本基金之配息來源可能為本金),富邦投信,境內,ET005004/806,,249.0,0.22,1.35,0.89,5.19,14.97,-17.14,,,,,08/18,富邦亞洲非投資等級債券基金NA不配息台幣本基金之配息來源可能為本金
富邦亞洲非投資等級債券基金-A不配息(台幣)(本基金之配息來源可能為本金),富邦投信,境內,ET005004/806,,250.0,0.22,1.35,0.89,5.19,14.97,-17.14,-22.83,,,,08/18,富邦亞洲非投資等級債券基金A不配息台幣本基金之配息來源可能為本金
宏利全球非投資等級債券基金-A不配息(台幣)(本基金主要投資於非投資等級之高風險債券),宏利投信,境內,ET005004/806,,251.0,-0.68,0.98,0.88,5.77,12.34,-1.66,,,,,08/18,宏利全球非投資等級債券基金A不配息台幣本基金主要投資於非投資等級之高風險債券
合庫全球非投資等級債券基金-A不配息(美元),合作金庫投信,境內,ET005004/806,,252.0,0.32,1.24,0.87,3.68,22.21,10.54,31.38,,,,08/18,合庫全球非投資等級債券基金A不配息美元
野村環球非投資等級債券基金-月配型(美元)(本基金配息來源可能為本金),野村投信,境內,ET005004/806,,253.0,0.51,1.63,0.86,2.46,18.6,9.16,32.77,,,,08/18,野村環球非投資等級債券基金月配型美元本基金配息來源可能為本金
野村美利堅非投資等級債券基金-累積型(台幣)(本基金配息來源可能為本金),野村投信,境內,ET005004/806,,254.0,-0.61,1.54,0.85,5.74,15.94,10.99,23.65,,,,08/18,野村美利堅非投資等級債券基金累積型台幣本基金配息來源可能為本金
野村美利堅非投資等級債券基金-累積N類型(台幣)(本基金配息來源可能為本金),野村投信,境內,ET005004/806,,255.0,-0.61,1.54,0.84,5.74,15.94,,,,,,08/18,野村美利堅非投資等級債券基金累積N類型台幣本基金配息來源可能為本金
柏瑞全球策略非投資等級債券基金B月配息(澳幣)(本基金之配息來源可能為本金),柏瑞投信,境內,ET005004/806,,256.0,0.11,1.51,0.84,2.33,18.3,4.89,22.78,,,,08/18,柏瑞全球策略非投資等級債券基金B月配息澳幣本基金之配息來源可能為本金
東方匯理美國非投資等級債券基金-AD月配型(南非幣避險)(本基金之配息來源可能為本金),東方匯理投信,境內,ET005004/806,,257.0,-0.85,1.96,0.84,4.35,30.59,28.12,,,,,08/18,東方匯理美國非投資等級債券基金AD月配型南非幣避險本基金之配息來源可能為本金
統一亞洲非投資等級債券基金-累積型(美元)(基金之配息來源可能為本金),統一投信,境內,ET005004/806,,258.0,1.96,2.36,0.84,3.32,19.62,-12.78,-0.03,,,,08/18,統一亞洲非投資等級債券基金累積型美元基金之配息來源可能為本金
野村美利堅非投資等級債券基金-月配N類型(台幣)(本基金配息來源可能為本金),野村投信,境內,ET005004/806,,259.0,-0.61,1.54,0.84,5.74,15.94,,,,,,08/18,野村美利堅非投資等級債券基金月配N類型台幣本基金配息來源可能為本金
野村美利堅非投資等級債券基金-月配型(台幣)(本基金配息來源可能為本金),野村投信,境內,ET005004/806,,260.0,-0.61,1.54,0.84,5.74,15.94,10.98,23.67,,,,08/18,野村美利堅非投資等級債券基金月配型台幣本基金配息來源可能為本金
宏利全球非投資等級債券基金-A不配息(澳幣避險)(本基金主要投資於非投資等級之高風險債券),宏利投信,境內,ET005004/806,,261.0,-0.15,0.68,0.84,3.23,17.9,-0.79,,,,,08/18,宏利全球非投資等級債券基金A不配息澳幣避險本基金主要投資於非投資等級之高風險債券
統一亞洲非投資等級債券基金-月配型(美元)(基金之配息來源可能為本金),統一投信,境內,ET005004/806,,262.0,1.96,2.35,0.84,3.35,19.57,-12.82,-0.07,,,,08/18,統一亞洲非投資等級債券基金月配型美元基金之配息來源可能為本金
柏瑞全球策略非投資等級債券基金N月配息(澳幣)(本基金之配息來源可能為本金),柏瑞投信,境內,ET005004/806,,263.0,0.11,1.5,0.84,2.32,18.31,4.89,,,,,08/18,柏瑞全球策略非投資等級債券基金N月配息澳幣本基金之配息來源可能為本金
東方匯理美國非投資等級債券基金-N2累積型(澳幣避險)(本基金之配息來源可能為本金),東方匯理投信,境內,ET005004/806,,264.0,0.28,1.49,0.83,2.45,20.38,6.99,,,,,08/18,東方匯理美國非投資等級債券基金N2累積型澳幣避險本基金之配息來源可能為本金
宏利全球非投資等級債券基金-NA不配息(台幣)(本基金主要投資於非投資等級之高風險債券),宏利投信,境內,ET005004/806,,265.0,-0.69,0.99,0.83,5.94,12.74,-2.1,,,,,08/18,宏利全球非投資等級債券基金NA不配息台幣本基金主要投資於非投資等級之高風險債券
玉山美元非投資等級債券基金-月配息型(台幣)(本基金之配息來源可能為本金),玉山投信,境內,ET005004/806,,266.0,-0.84,1.45,0.83,6.13,15.93,12.75,,,,,08/18,玉山美元非投資等級債券基金月配息型台幣本基金之配息來源可能為本金
玉山美元非投資等級債券基金-N月配息型(台幣)(本基金之配息來源可能為本金),玉山投信,境內,ET005004/806,,267.0,-0.84,1.45,0.83,6.13,15.93,12.75,,,,,08/18,玉山美元非投資等級債券基金N月配息型台幣本基金之配息來源可能為本金
玉山美元非投資等級債券基金-累積型(台幣)(本基金之配息來源可能為本金),玉山投信,境內,ET005004/806,,268.0,-0.84,1.45,0.83,6.13,15.93,12.76,,,,,08/18,玉山美元非投資等級債券基金累積型台幣本基金之配息來源可能為本金
玉山美元非投資等級債券基金-N累積型(台幣)(本基金之配息來源可能為本金),玉山投信,境內,ET005004/806,,269.0,-0.84,1.45,0.83,6.13,15.93,12.76,,,,,08/18,玉山美元非投資等級債券基金N累積型台幣本基金之配息來源可能為本金
群益全球優先順位非投資等級債券基金B月配型(美元)(本基金配息來源可能為本金),群益投信,境內,ET005004/806,,270.0,0.43,1.53,0.83,2.76,20.35,14.12,,,,,08/18,群益全球優先順位非投資等級債券基金B月配型美元本基金配息來源可能為本金
群益全球優先順位非投資等級債券基金NB月配型(美元)(本基金配息來源可能為本金),群益投信,境內,ET005004/806,,271.0,0.43,1.53,0.83,2.76,20.36,14.13,,,,,08/18,群益全球優先順位非投資等級債券基金NB月配型美元本基金配息來源可能為本金
柏瑞全球策略非投資等級債券基金N9不配息(美元),柏瑞投信,境內,ET005004/806,,272.0,0.28,1.23,0.82,3.51,22.23,8.29,36.67,,,,08/18,柏瑞全球策略非投資等級債券基金N9不配息美元
柏瑞全球策略非投資等級債券基金A不配息(美元),柏瑞投信,境內,ET005004/806,,273.0,0.28,1.23,0.82,3.51,22.22,8.28,36.65,,,,08/18,柏瑞全球策略非投資等級債券基金A不配息美元
群益全球優先順位非投資等級債券基金A累積型(美元)(本基金配息來源可能為本金),群益投信,境內,ET005004/806,,274.0,0.43,1.53,0.82,2.75,20.36,14.14,,,,,08/18,群益全球優先順位非投資等級債券基金A累積型美元本基金配息來源可能為本金
台新優先順位資產抵押非投資等級債券基金-N配息(美元)(本基金之配息來源可能為本金),台新投信,境內,ET005004/806,,275.0,0.21,1.33,0.82,3.34,17.77,11.0,,,,,08/18,台新優先順位資產抵押非投資等級債券基金N配息美元本基金之配息來源可能為本金
群益全球優先順位非投資等級債券基金NA累積型(美元)(本基金配息來源可能為本金),群益投信,境內,ET005004/806,,276.0,0.43,1.53,0.82,2.75,20.36,14.14,,,,,08/18,群益全球優先順位非投資等級債券基金NA累積型美元本基金配息來源可能為本金
柏瑞全球策略非投資等級債券基金N月配息(美元)(本基金之配息來源可能為本金),柏瑞投信,境內,ET005004/806,,277.0,0.28,1.23,0.82,3.5,22.22,8.27,36.65,,,,08/18,柏瑞全球策略非投資等級債券基金N月配息美元本基金之配息來源可能為本金
柏瑞全球策略非投資等級債券基金B月配息(美元)(本基金之配息來源可能為本金),柏瑞投信,境內,ET005004/806,,278.0,0.28,1.23,0.82,3.5,22.22,8.27,36.64,,,,08/18,柏瑞全球策略非投資等級債券基金B月配息美元本基金之配息來源可能為本金
台新優先順位資產抵押非投資等級債券基金-B配息(美元)(本基金之配息來源可能為本金),台新投信,境內,ET005004/806,,279.0,0.2,1.32,0.81,3.34,17.82,11.06,,,,,08/18,台新優先順位資產抵押非投資等級債券基金B配息美元本基金之配息來源可能為本金
柏瑞新興市場非投資等級債券基金A不配息(美元),柏瑞投信,境內,ET005004/806,,280.0,0.37,1.69,0.8,5.0,22.55,-1.19,10.47,,,,08/18,柏瑞新興市場非投資等級債券基金A不配息美元
凱基全球ESG永續非投資等級債券基金B配息(南非幣)(基金配息來源可能為本金),凱基投信,境內,ET005004/806,,281.0,0.44,2.18,0.8,2.87,19.37,18.5,,,,,08/18,凱基全球ESG永續非投資等級債券基金B配息南非幣基金配息來源可能為本金
凱基全球ESG永續非投資等級債券基金NB配息(南非幣)(基金配息來源可能為本金),凱基投信,境內,ET005004/806,,282.0,0.44,2.18,0.8,2.87,19.37,18.12,,,,,08/18,凱基全球ESG永續非投資等級債券基金NB配息南非幣基金配息來源可能為本金
路博邁全球非投資等級債券基金N累積型(澳幣)(本基金配息來源可能為本金),路博邁投信,境內,ET005004/806,,283.0,0.35,1.34,0.8,3.0,18.99,3.75,,,,,08/18,路博邁全球非投資等級債券基金N累積型澳幣本基金配息來源可能為本金
台新優先順位資產抵押非投資等級債券基金-A不配息(美元)(本基金之配息來源可能為本金),台新投信,境內,ET005004/806,,284.0,0.2,1.33,0.8,3.33,17.83,11.14,,,,,08/18,台新優先順位資產抵押非投資等級債券基金A不配息美元本基金之配息來源可能為本金
柏瑞新興市場非投資等級債券基金N9不配息(美元),柏瑞投信,境內,ET005004/806,,285.0,0.37,1.68,0.8,4.97,22.56,-1.1,11.45,,,,08/18,柏瑞新興市場非投資等級債券基金N9不配息美元
合庫全球非投資等級債券基金-C配息(美元)(本基金配息來源可能為本金),合作金庫投信,境內,ET005004/806,,286.0,0.31,1.26,0.79,3.39,21.58,9.95,29.66,,,,08/18,合庫全球非投資等級債券基金C配息美元本基金配息來源可能為本金
東方匯理美國非投資等級債券基金-ND月配型(南非幣避險)(本基金之配息來源可能為本金),東方匯理投信,境內,ET005004/806,,287.0,-0.58,1.95,0.79,4.38,29.77,26.47,,,,,08/18,東方匯理美國非投資等級債券基金ND月配型南非幣避險本基金之配息來源可能為本金
柏瑞新興市場非投資等級債券基金B月配息(美元)(本基金之配息來源可能為本金),柏瑞投信,境內,ET005004/806,,288.0,0.36,1.68,0.79,4.95,22.57,-1.1,11.48,,,,08/18,柏瑞新興市場非投資等級債券基金B月配息美元本基金之配息來源可能為本金
柏瑞新興市場非投資等級債券基金N月配息(美元)(本基金之配息來源可能為本金),柏瑞投信,境內,ET005004/806,,289.0,0.36,1.67,0.79,4.95,22.56,-1.12,11.45,,,,08/18,柏瑞新興市場非投資等級債券基金N月配息美元本基金之配息來源可能為本金
路博邁全球非投資等級債券基金T累積型(澳幣)(本基金配息來源可能為本金),路博邁投信,境內,ET005004/806,,290.0,0.34,1.3,0.78,2.92,19.0,3.74,,,,,08/18,路博邁全球非投資等級債券基金T累積型澳幣本基金配息來源可能為本金
台新美國策略時機非投資等級債券基金-NA不配息(美元)(本基金之配息來源可能為本金),台新投信,境內,ET005004/806,,291.0,-0.2,1.99,0.77,4.86,18.82,,,,,,08/18,台新美國策略時機非投資等級債券基金NA不配息美元本基金之配息來源可能為本金
合庫全球非投資等級債券基金-B配息(美元)(本基金配息來源可能為本金),合作金庫投信,境內,ET005004/806,,292.0,0.31,1.25,0.76,3.37,21.6,9.95,29.55,,,,08/18,合庫全球非投資等級債券基金B配息美元本基金配息來源可能為本金
路博邁全球非投資等級債券基金T月配型(澳幣)(本基金配息來源可能為本金),路博邁投信,境內,ET005004/806,,293.0,0.42,1.35,0.76,2.9,19.0,3.77,,,,,08/18,路博邁全球非投資等級債券基金T月配型澳幣本基金配息來源可能為本金
台新美國策略時機非投資等級債券基金-A不配息(美元)(本基金之配息來源可能為本金),台新投信,境內,ET005004/806,,294.0,-0.2,1.96,0.74,4.85,19.27,,,,,,08/18,台新美國策略時機非投資等級債券基金A不配息美元本基金之配息來源可能為本金
台新美國策略時機非投資等級債券基金-NB配息(美元)(本基金之配息來源可能為本金),台新投信,境內,ET005004/806,,295.0,-0.2,1.95,0.73,4.81,18.88,,,,,,08/18,台新美國策略時機非投資等級債券基金NB配息美元本基金之配息來源可能為本金
路博邁全球非投資等級債券基金N月配型(澳幣)(本基金配息來源可能為本金),路博邁投信,境內,ET005004/806,,296.0,0.44,1.39,0.72,2.95,19.13,3.78,,,,,08/18,路博邁全球非投資等級債券基金N月配型澳幣本基金配息來源可能為本金
東方匯理全球非投資等級債券基金-AD月配型(澳幣避險)(本基金之配息來源可能為本金),東方匯理投信,境內,ET005004/806,,297.0,-0.18,2.02,0.7,3.4,20.81,5.22,,,,,08/18,東方匯理全球非投資等級債券基金AD月配型澳幣避險本基金之配息來源可能為本金
路博邁全球非投資等級債券基金N月配型(台幣)(本基金配息來源可能為本金),路博邁投信,境內,ET005004/806,,298.0,-0.08,1.6,0.7,5.12,17.02,9.82,,,,,08/18,路博邁全球非投資等級債券基金N月配型台幣本基金配息來源可能為本金
東方匯理全球非投資等級債券基金-ND月配型(澳幣避險)(本基金之配息來源可能為本金),東方匯理投信,境內,ET005004/806,,299.0,-0.18,2.02,0.7,3.57,21.01,5.44,,,,,08/18,東方匯理全球非投資等級債券基金ND月配型澳幣避險本基金之配息來源可能為本金
台新美國策略時機非投資等級債券基金-B配息(美元)(本基金之配息來源可能為本金),台新投信,境內,ET005004/806,,300.0,-0.21,1.91,0.69,4.73,18.89,,,,,,08/18,台新美國策略時機非投資等級債券基金B配息美元本基金之配息來源可能為本金
合庫全球非投資等級債券基金-A不配息(澳幣),合作金庫投信,境內,ET005004/806,,301.0,-0.57,1.77,0.69,-1.58,13.56,2.13,19.96,,,,08/18,合庫全球非投資等級債券基金A不配息澳幣
富邦亞洲非投資等級債券基金-A不配息(人民幣)(本基金之配息來源可能為本金),富邦投信,境內,ET005004/806,,302.0,0.51,1.41,0.68,2.45,17.36,-12.01,-10.35,,,,08/18,富邦亞洲非投資等級債券基金A不配息人民幣本基金之配息來源可能為本金
路博邁全球非投資等級債券基金T累積型(台幣)(本基金配息來源可能為本金),路博邁投信,境內,ET005004/806,,303.0,-0.17,1.54,0.68,5.14,16.96,9.81,,,,,08/18,路博邁全球非投資等級債券基金T累積型台幣本基金配息來源可能為本金
東方匯理新興市場非投資等級債券基金-ND月配型(南非幣避險)(本基金之配息來源可能為本金),東方匯理投信,境內,ET005004/806,,304.0,-0.95,2.01,0.68,10.52,42.67,32.06,,,,,08/18,東方匯理新興市場非投資等級債券基金ND月配型南非幣避險本基金之配息來源可能為本金
富邦亞洲非投資等級債券基金-B配息(人民幣)(本基金之配息來源可能為本金),富邦投信,境內,ET005004/806,,305.0,0.5,1.4,0.68,2.45,16.77,-12.41,-10.79,,,,08/18,富邦亞洲非投資等級債券基金B配息人民幣本基金之配息來源可能為本金
富蘭克林華美全球非投資等級債券基金-C分配型(台幣)(本基金之配息來源可能為本金),富蘭克林華美投信,境內,ET005004/806,,306.0,-0.02,1.76,0.68,6.83,18.51,19.63,,,,,08/18,富蘭克林華美全球非投資等級債券基金C分配型台幣本基金之配息來源可能為本金
富蘭克林華美全球非投資等級債券基金-NC分配型(台幣)(本基金之配息來源可能為本金),富蘭克林華美投信,境內,ET005004/806,,307.0,-0.02,1.76,0.67,6.83,18.5,19.63,,,,,08/18,富蘭克林華美全球非投資等級債券基金NC分配型台幣本基金之配息來源可能為本金
富蘭克林華美全球非投資等級債券基金-B分配型(台幣)(本基金之配息來源可能為本金),富蘭克林華美投信,境內,ET005004/806,,308.0,-0.02,1.76,0.67,6.83,18.5,19.62,34.46,,,,08/18,富蘭克林華美全球非投資等級債券基金B分配型台幣本基金之配息來源可能為本金
富蘭克林華美全球非投資等級債券基金-A累積型(台幣)(本基金之配息來源可能為本金),富蘭克林華美投信,境內,ET005004/806,,309.0,-0.02,1.75,0.66,6.82,18.48,19.59,34.41,,,,08/18,富蘭克林華美全球非投資等級債券基金A累積型台幣本基金之配息來源可能為本金
聯邦永騰亞洲非投資等級債券基金-B月配息(美元)(本基金之配息來源可能為本金),聯邦投信,境內,ET005004/806,,310.0,0.64,0.57,0.66,7.82,21.17,-25.07,-11.4,,,,08/18,聯邦永騰亞洲非投資等級債券基金B月配息美元本基金之配息來源可能為本金
宏利全球非投資等級債券基金-A不配息(美元)(本基金主要投資於非投資等級之高風險債券),宏利投信,境內,ET005004/806,,311.0,-0.03,0.55,0.64,2.91,18.43,1.31,,,,,08/18,宏利全球非投資等級債券基金A不配息美元本基金主要投資於非投資等級之高風險債券
宏利全球非投資等級債券基金-NA不配息(美元)(本基金主要投資於非投資等級之高風險債券),宏利投信,境內,ET005004/806,,312.0,-0.03,0.55,0.64,2.91,18.43,1.31,,,,,08/18,宏利全球非投資等級債券基金NA不配息美元本基金主要投資於非投資等級之高風險債券
宏利全球非投資等級債券基金-B月配息(美元)(本基金主要投資於非投資等級之高風險債券且配息來源可能為本金),宏利投信,境內,ET005004/806,,313.0,-0.03,0.55,0.64,2.91,18.43,1.31,,,,,08/18,宏利全球非投資等級債券基金B月配息美元本基金主要投資於非投資等級之高風險債券且配息來源可能為本金
宏利全球非投資等級債券基金-NB月配息(美元)(本基金主要投資於非投資等級之高風險債券且配息來源可能為本金),宏利投信,境內,ET005004/806,,314.0,-0.03,0.55,0.64,2.91,18.43,1.31,,,,,08/18,宏利全球非投資等級債券基金NB月配息美元本基金主要投資於非投資等級之高風險債券且配息來源可能為本金
東方匯理全球非投資等級債券基金-ND月配型(美元)(本基金之配息來源可能為本金),東方匯理投信,境內,ET005004/806,,315.0,-0.34,2.05,0.64,3.93,24.36,11.2,,,,,08/18,東方匯理全球非投資等級債券基金ND月配型美元本基金之配息來源可能為本金
東方匯理全球非投資等級債券基金-AD月配型(美元)(本基金之配息來源可能為本金),東方匯理投信,境內,ET005004/806,,316.0,-0.34,2.05,0.64,3.92,24.36,11.2,,,,,08/18,東方匯理全球非投資等級債券基金AD月配型美元本基金之配息來源可能為本金
路博邁全球非投資等級債券基金T累積型(美元)(本基金配息來源可能為本金),路博邁投信,境內,ET005004/806,,317.0,0.32,1.2,0.63,3.09,22.51,9.4,,,,,08/18,路博邁全球非投資等級債券基金T累積型美元本基金配息來源可能為本金
野村美利堅非投資等級債券基金-累積型(美元)(本基金配息來源可能為本金),野村投信,境內,ET005004/806,,318.0,0.1,1.03,0.63,4.08,21.32,10.03,,,,,08/18,野村美利堅非投資等級債券基金累積型美元本基金配息來源可能為本金
野村美利堅非投資等級債券基金-月配型(美元)(本基金配息來源可能為本金),野村投信,境內,ET005004/806,,319.0,0.1,1.02,0.63,4.08,21.32,10.02,33.17,,,,08/18,野村美利堅非投資等級債券基金月配型美元本基金配息來源可能為本金
路博邁全球非投資等級債券基金T月配型(美元)(本基金配息來源可能為本金),路博邁投信,境內,ET005004/806,,320.0,0.42,1.24,0.61,3.16,22.56,9.51,,,,,08/18,路博邁全球非投資等級債券基金T月配型美元本基金配息來源可能為本金
東方匯理美國非投資等級債券基金-A2累積型(美元)(本基金之配息來源可能為本金),東方匯理投信,境內,ET005004/806,,321.0,0.09,1.24,0.61,3.71,23.23,12.91,,,,,08/18,東方匯理美國非投資等級債券基金A2累積型美元本基金之配息來源可能為本金
東方匯理美國非投資等級債券基金-N2累積型(美元)(本基金之配息來源可能為本金),東方匯理投信,境內,ET005004/806,,322.0,0.09,1.24,0.61,3.62,23.23,12.91,,,,,08/18,東方匯理美國非投資等級債券基金N2累積型美元本基金之配息來源可能為本金
聯邦永騰亞洲非投資等級債券基金-A不配息(美元)(本基金之配息來源可能為本金),聯邦投信,境內,ET005004/806,,323.0,0.63,0.54,0.61,7.8,21.05,-25.58,-11.84,,,,08/18,聯邦永騰亞洲非投資等級債券基金A不配息美元本基金之配息來源可能為本金
路博邁全球非投資等級債券基金N累積型(台幣)(本基金配息來源可能為本金),路博邁投信,境內,ET005004/806,,324.0,-0.26,1.49,0.61,5.08,16.97,9.76,,,,,08/18,路博邁全球非投資等級債券基金N累積型台幣本基金配息來源可能為本金
宏利全球非投資等級債券基金-NB月配息(澳幣避險)(本基金主要投資於非投資等級之高風險債券且配息來源可能為本金),宏利投信,境內,ET005004/806,,325.0,0.17,0.77,0.61,3.2,16.92,-2.83,,,,,08/18,宏利全球非投資等級債券基金NB月配息澳幣避險本基金主要投資於非投資等級之高風險債券且配息來源可能為本金
合庫全球非投資等級債券基金-B配息(澳幣)(本基金配息來源可能為本金),合作金庫投信,境內,ET005004/806,,326.0,-0.56,1.73,0.61,-1.63,13.4,1.87,18.5,,,,08/18,合庫全球非投資等級債券基金B配息澳幣本基金配息來源可能為本金
富蘭克林華美全球非投資等級債券基金-B分配型(澳幣)(本基金之配息來源可能為本金),富蘭克林華美投信,境內,ET005004/806,,327.0,-0.28,2.1,0.59,-0.82,11.93,3.32,24.77,,,,08/18,富蘭克林華美全球非投資等級債券基金B分配型澳幣本基金之配息來源可能為本金
路博邁全球非投資等級債券基金N月配型(美元)(本基金配息來源可能為本金),路博邁投信,境內,ET005004/806,,328.0,0.27,1.11,0.59,2.89,22.57,9.36,,,,,08/18,路博邁全球非投資等級債券基金N月配型美元本基金配息來源可能為本金
摩根亞洲總合非投資等級債券基金-月配型(台幣)(本基金之配息來源可能為本金),摩根投信,境內,ET005004/806,,329.0,0.85,1.66,0.58,2.43,11.79,-18.49,-19.05,,,,08/18,摩根亞洲總合非投資等級債券基金月配型台幣本基金之配息來源可能為本金
富蘭克林華美全球非投資等級債券基金-A累積型(澳幣)(本基金之配息來源可能為本金),富蘭克林華美投信,境內,ET005004/806,,330.0,-0.29,2.1,0.58,-0.81,11.93,3.32,24.75,,,,08/18,富蘭克林華美全球非投資等級債券基金A累積型澳幣本基金之配息來源可能為本金
路博邁全球非投資等級債券基金N累積型(美元)(本基金配息來源可能為本金),路博邁投信,境內,ET005004/806,,331.0,0.33,1.15,0.57,3.01,22.61,9.42,,,,,08/18,路博邁全球非投資等級債券基金N累積型美元本基金配息來源可能為本金
東方匯理美國非投資等級債券基金-A2累積型(澳幣避險)(本基金之配息來源可能為本金),東方匯理投信,境內,ET005004/806,,332.0,0.09,1.33,0.57,2.11,18.82,5.12,,,,,08/18,東方匯理美國非投資等級債券基金A2累積型澳幣避險本基金之配息來源可能為本金
路博邁全球非投資等級債券基金T月配型(台幣)(本基金配息來源可能為本金),路博邁投信,境內,ET005004/806,,333.0,-0.25,1.47,0.55,5.08,16.89,9.61,,,,,08/18,路博邁全球非投資等級債券基金T月配型台幣本基金配息來源可能為本金
富蘭克林華美優選非投資等級債券基金-NB分配型(美元)(本基金之配息來源可能為本金),富蘭克林華美投信,境內,ET005004/806,,334.0,0.1,0.86,0.52,2.81,,,,,,,08/18,富蘭克林華美優選非投資等級債券基金NB分配型美元本基金之配息來源可能為本金
富蘭克林華美優選非投資等級債券基金-A累積型(美元)(本基金之配息來源可能為本金),富蘭克林華美投信,境內,ET005004/806,,335.0,0.1,0.86,0.51,2.81,,,,,,,08/18,富蘭克林華美優選非投資等級債券基金A累積型美元本基金之配息來源可能為本金
富蘭克林華美優選非投資等級債券基金-B分配型(美元)(本基金之配息來源可能為本金),富蘭克林華美投信,境內,ET005004/806,,336.0,0.1,0.86,0.51,2.8,,,,,,,08/18,富蘭克林華美優選非投資等級債券基金B分配型美元本基金之配息來源可能為本金
野村特別時機非投資等級債券基金-累積型(台幣)(本基金配息來源可能為本金),野村投信,境內,ET005004/806,,337.0,-0.93,1.51,0.51,5.46,14.89,9.17,,,,,08/18,野村特別時機非投資等級債券基金累積型台幣本基金配息來源可能為本金
野村特別時機非投資等級債券基金-累積N類型(台幣)(本基金配息來源可能為本金),野村投信,境內,ET005004/806,,338.0,-0.91,1.5,0.5,5.43,14.88,9.11,,,,,08/18,野村特別時機非投資等級債券基金累積N類型台幣本基金配息來源可能為本金
兆豐新興市場短期非投資等級債券基金A累積型(美元),兆豐投信,境內,ET005004/806,,339.0,0.3,0.68,0.5,2.81,16.78,-4.69,,,,,08/18,兆豐新興市場短期非投資等級債券基金A累積型美元
第一金全球非投資等級債券基金A不配息(台幣)(本基金之配息來源可能為本金),第一金投信,境內,ET005004/806,,340.0,-0.63,1.66,0.5,6.43,20.34,12.08,16.41,,,,08/18,第一金全球非投資等級債券基金A不配息台幣本基金之配息來源可能為本金
第一金全球非投資等級債券基金N配息(台幣)(本基金之配息來源可能為本金),第一金投信,境內,ET005004/806,,341.0,-0.63,1.66,0.5,6.43,20.35,12.08,,,,,08/18,第一金全球非投資等級債券基金N配息台幣本基金之配息來源可能為本金
兆豐新興市場短期非投資等級債券基金NA後收累積型(美元),兆豐投信,境內,ET005004/806,,342.0,0.3,0.68,0.5,2.8,16.79,-4.69,,,,,08/18,兆豐新興市場短期非投資等級債券基金NA後收累積型美元
兆豐新興市場短期非投資等級債券基金NB後收月配型(美元)(本基金之配息來源可能為本金),兆豐投信,境內,ET005004/806,,343.0,0.3,0.68,0.5,2.81,16.78,-4.69,,,,,08/18,兆豐新興市場短期非投資等級債券基金NB後收月配型美元本基金之配息來源可能為本金
兆豐新興市場短期非投資等級債券基金B月配型(美元)(本基金之配息來源可能為本金),兆豐投信,境內,ET005004/806,,344.0,0.3,0.68,0.5,2.81,16.78,-4.69,,,,,08/18,兆豐新興市場短期非投資等級債券基金B月配型美元本基金之配息來源可能為本金
第一金全球非投資等級債券基金B配息(台幣)(本基金之配息來源可能為本金),第一金投信,境內,ET005004/806,,345.0,-0.63,1.66,0.5,6.43,20.34,12.08,16.4,,,,08/18,第一金全球非投資等級債券基金B配息台幣本基金之配息來源可能為本金
第一金全球非投資等級債券基金N不配息(台幣)(本基金之配息來源可能為本金),第一金投信,境內,ET005004/806,,346.0,-0.63,1.65,0.49,6.42,20.34,12.07,,,,,08/18,第一金全球非投資等級債券基金N不配息台幣本基金之配息來源可能為本金
野村特別時機非投資等級債券基金-月配型(台幣)(本基金配息來源可能為本金),野村投信,境內,ET005004/806,,347.0,-0.9,1.49,0.49,5.39,14.82,9.09,,,,,08/18,野村特別時機非投資等級債券基金月配型台幣本基金配息來源可能為本金
野村特別時機非投資等級債券基金-月配N類型(台幣)(本基金配息來源可能為本金),野村投信,境內,ET005004/806,,348.0,-0.91,1.49,0.49,5.38,14.82,9.07,,,,,08/18,野村特別時機非投資等級債券基金月配N類型台幣本基金配息來源可能為本金
東方匯理新興市場非投資等級債券基金-A2累積型(澳幣避險)(本基金之配息來源可能為本金),東方匯理投信,境內,ET005004/806,,349.0,-0.18,1.48,0.46,8.74,30.51,9.94,,,,,08/18,東方匯理新興市場非投資等級債券基金A2累積型澳幣避險本基金之配息來源可能為本金
摩根亞洲總合非投資等級債券基金-累積型(台幣),摩根投信,境內,ET005004/806,,350.0,0.86,1.66,0.46,2.2,11.42,-18.59,-18.9,,,,08/18,摩根亞洲總合非投資等級債券基金累積型台幣
國泰新興非投資等級債券基金-B配息(人民幣)(基金之配息來源可能為本金),國泰投信,境內,ET005004/806,,351.0,-0.04,1.01,0.43,1.26,24.99,16.05,28.67,,,,08/18,國泰新興非投資等級債券基金B配息人民幣基金之配息來源可能為本金
國泰新興非投資等級債券基金-A不配息(人民幣)(基金之配息來源可能為本金),國泰投信,境內,ET005004/806,,352.0,-0.04,1.01,0.43,1.26,24.99,16.04,28.67,,,,08/18,國泰新興非投資等級債券基金A不配息人民幣基金之配息來源可能為本金
東方匯理新興市場非投資等級債券基金-A2累積型(美元)(本基金之配息來源可能為本金),東方匯理投信,境內,ET005004/806,,353.0,-0.25,1.35,0.42,9.11,34.0,15.86,,,,,08/18,東方匯理新興市場非投資等級債券基金A2累積型美元本基金之配息來源可能為本金
東方匯理新興市場非投資等級債券基金-N2累積型(美元)(本基金之配息來源可能為本金),東方匯理投信,境內,ET005004/806,,354.0,-0.25,1.35,0.42,9.11,34.0,15.86,,,,,08/18,東方匯理新興市場非投資等級債券基金N2累積型美元本基金之配息來源可能為本金
柏瑞亞太非投資等級債券基金N9不配息(人民幣),柏瑞投信,境內,ET005004/806,,355.0,0.86,1.81,0.39,3.53,21.28,-11.21,7.29,,,,08/18,柏瑞亞太非投資等級債券基金N9不配息人民幣
東方匯理新興市場非投資等級債券基金-AD月配型(南非幣避險)(本基金之配息來源可能為本金),東方匯理投信,境內,ET005004/806,,356.0,-1.1,1.85,0.39,10.18,42.43,31.32,,,,,08/18,東方匯理新興市場非投資等級債券基金AD月配型南非幣避險本基金之配息來源可能為本金
柏瑞亞太非投資等級債券基金A不配息(人民幣),柏瑞投信,境內,ET005004/806,,357.0,0.86,1.81,0.38,3.53,21.27,-11.22,7.15,,,,08/18,柏瑞亞太非投資等級債券基金A不配息人民幣
柏瑞亞太非投資等級債券基金N月配息(人民幣)(本基金之配息來源可能為本金),柏瑞投信,境內,ET005004/806,,358.0,0.85,1.81,0.38,3.51,21.31,-11.2,7.29,,,,08/18,柏瑞亞太非投資等級債券基金N月配息人民幣本基金之配息來源可能為本金
柏瑞亞太非投資等級債券基金B月配息(人民幣)(本基金之配息來源可能為本金),柏瑞投信,境內,ET005004/806,,359.0,0.85,1.81,0.38,3.51,21.31,-11.2,7.28,,,,08/18,柏瑞亞太非投資等級債券基金B月配息人民幣本基金之配息來源可能為本金
玉山美元非投資等級債券基金-月配息型(美元)(本基金之配息來源可能為本金),玉山投信,境內,ET005004/806,,360.0,0.04,0.92,0.34,3.65,20.92,8.94,,,,,08/18,玉山美元非投資等級債券基金月配息型美元本基金之配息來源可能為本金
玉山美元非投資等級債券基金-N月配息型(美元)(本基金之配息來源可能為本金),玉山投信,境內,ET005004/806,,361.0,0.04,0.92,0.34,3.64,20.92,8.94,,,,,08/18,玉山美元非投資等級債券基金N月配息型美元本基金之配息來源可能為本金
玉山美元非投資等級債券基金-累積型(美元)(本基金之配息來源可能為本金),玉山投信,境內,ET005004/806,,362.0,0.04,0.92,0.34,3.64,20.92,8.94,,,,,08/18,玉山美元非投資等級債券基金累積型美元本基金之配息來源可能為本金
玉山美元非投資等級債券基金-N累積型(美元)(本基金之配息來源可能為本金),玉山投信,境內,ET005004/806,,363.0,0.04,0.92,0.34,3.64,20.92,8.94,,,,,08/18,玉山美元非投資等級債券基金N累積型美元本基金之配息來源可能為本金
富蘭克林華美全球非投資等級債券基金-NC分配型(美元)(本基金之配息來源可能為本金),富蘭克林華美投信,境內,ET005004/806,,364.0,0.31,1.13,0.3,3.5,22.77,14.77,,,,,08/18,富蘭克林華美全球非投資等級債券基金NC分配型美元本基金之配息來源可能為本金
富蘭克林華美全球非投資等級債券基金-B分配型(美元)(本基金之配息來源可能為本金),富蘭克林華美投信,境內,ET005004/806,,365.0,0.31,1.13,0.3,3.5,22.77,14.76,42.34,,,,08/18,富蘭克林華美全球非投資等級債券基金B分配型美元本基金之配息來源可能為本金
凱基全球ESG永續非投資等級債券基金NB配息(台幣)(基金配息來源可能為本金),凱基投信,境內,ET005004/806,,366.0,-0.16,1.92,0.3,6.29,13.03,0.63,,,,,08/18,凱基全球ESG永續非投資等級債券基金NB配息台幣基金配息來源可能為本金
凱基全球ESG永續非投資等級債券基金A不配息(台幣)(基金配息來源可能為本金),凱基投信,境內,ET005004/806,,367.0,-0.16,1.13,0.3,5.48,13.02,0.6,,,,,08/18,凱基全球ESG永續非投資等級債券基金A不配息台幣基金配息來源可能為本金
富蘭克林華美全球非投資等級債券基金-A累積型(美元)(本基金之配息來源可能為本金),富蘭克林華美投信,境內,ET005004/806,,368.0,0.31,1.13,0.3,3.5,22.76,14.75,42.31,,,,08/18,富蘭克林華美全球非投資等級債券基金A累積型美元本基金之配息來源可能為本金
凱基全球ESG永續非投資等級債券基金B配息(台幣)(基金配息來源可能為本金),凱基投信,境內,ET005004/806,,369.0,-0.16,1.92,0.3,6.29,13.04,0.62,,,,,08/18,凱基全球ESG永續非投資等級債券基金B配息台幣基金配息來源可能為本金
富蘭克林華美全球非投資等級債券基金-C分配型(美元)(本基金之配息來源可能為本金),富蘭克林華美投信,境內,ET005004/806,,370.0,0.31,1.13,0.3,3.49,22.76,14.76,,,,,08/18,富蘭克林華美全球非投資等級債券基金C分配型美元本基金之配息來源可能為本金
凱基全球ESG永續非投資等級債券基金NA不配息(台幣)(基金配息來源可能為本金),凱基投信,境內,ET005004/806,,371.0,-0.16,1.13,0.29,5.47,13.01,0.61,,,,,08/18,凱基全球ESG永續非投資等級債券基金NA不配息台幣基金配息來源可能為本金
東方匯理新興市場非投資等級債券基金-N2累積型(澳幣避險)(本基金之配息來源可能為本金),東方匯理投信,境內,ET005004/806,,372.0,-0.27,1.38,0.27,8.55,30.19,9.52,,,,,08/18,東方匯理新興市場非投資等級債券基金N2累積型澳幣避險本基金之配息來源可能為本金
野村特別時機非投資等級債券基金-月配N類型(澳幣)(本基金配息來源可能為本金),野村投信,境內,ET005004/806,,373.0,-0.44,1.33,0.25,-1.61,12.8,3.87,,,,,08/18,野村特別時機非投資等級債券基金月配N類型澳幣本基金配息來源可能為本金
野村特別時機非投資等級債券基金-月配型(澳幣)(本基金配息來源可能為本金),野村投信,境內,ET005004/806,,374.0,-0.48,1.34,0.24,-1.77,12.56,4.0,,,,,08/18,野村特別時機非投資等級債券基金月配型澳幣本基金配息來源可能為本金
瑞銀全方位非投資等級債券基金-A不配息(澳幣),瑞銀投信,境內,ET005004/806,,375.0,0.1,2.06,0.2,2.66,10.82,2.99,,,,,08/18,瑞銀全方位非投資等級債券基金A不配息澳幣
瑞銀全方位非投資等級債券基金-B月配息(澳幣)(本基金之配息來源可能為本金),瑞銀投信,境內,ET005004/806,,376.0,0.1,2.06,0.19,2.65,10.8,2.97,,,,,08/18,瑞銀全方位非投資等級債券基金B月配息澳幣本基金之配息來源可能為本金
東方匯理美國非投資等級債券基金-AD月配型(澳幣避險)(本基金之配息來源可能為本金),東方匯理投信,境內,ET005004/806,,377.0,-0.58,1.45,0.19,1.4,17.86,4.98,,,,,08/18,東方匯理美國非投資等級債券基金AD月配型澳幣避險本基金之配息來源可能為本金
野村特別時機非投資等級債券基金-累積型(美元)(本基金配息來源可能為本金),野村投信,境內,ET005004/806,,378.0,-0.09,0.91,0.13,3.43,20.33,7.59,,,,,08/18,野村特別時機非投資等級債券基金累積型美元本基金配息來源可能為本金
野村特別時機非投資等級債券基金-累積N類型(美元)(本基金配息來源可能為本金),野村投信,境內,ET005004/806,,379.0,-0.09,0.91,0.13,3.42,20.33,7.59,,,,,08/18,野村特別時機非投資等級債券基金累積N類型美元本基金配息來源可能為本金
野村特別時機非投資等級債券基金-月配型(美元)(本基金配息來源可能為本金),野村投信,境內,ET005004/806,,380.0,-0.09,0.91,0.13,3.42,20.32,7.57,,,,,08/18,野村特別時機非投資等級債券基金月配型美元本基金配息來源可能為本金
野村特別時機非投資等級債券基金-月配N類型(美元)(本基金配息來源可能為本金),野村投信,境內,ET005004/806,,381.0,-0.09,0.91,0.12,3.41,20.32,7.57,,,,,08/18,野村特別時機非投資等級債券基金月配N類型美元本基金配息來源可能為本金
安聯美國短年期非投資等級債券基金-B月配型(人民幣)(基金之配息來源可能為本金),安聯投信,境內,ET005004/806,,382.0,-0.09,0.54,0.07,0.66,0.58,2.69,,,,,08/18,安聯美國短年期非投資等級債券基金B月配型人民幣基金之配息來源可能為本金
安聯美國短年期非投資等級債券基金-N月配型(人民幣)(基金之配息來源可能為本金),安聯投信,境內,ET005004/806,,383.0,-0.09,0.54,0.07,0.66,0.58,2.69,,,,,08/18,安聯美國短年期非投資等級債券基金N月配型人民幣基金之配息來源可能為本金
安聯美國短年期非投資等級債券基金-A累積型(人民幣),安聯投信,境內,ET005004/806,,384.0,-0.09,0.54,0.07,0.66,0.57,2.67,,,,,08/18,安聯美國短年期非投資等級債券基金A累積型人民幣
瑞銀全方位非投資等級債券基金-A不配息(美元),瑞銀投信,境內,ET005004/806,,385.0,0.17,1.65,0.05,3.47,13.9,6.69,,,,,08/18,瑞銀全方位非投資等級債券基金A不配息美元
瑞銀全方位非投資等級債券基金-B月配息(美元)(本基金之配息來源可能為本金),瑞銀投信,境內,ET005004/806,,386.0,0.17,1.64,0.04,3.46,13.89,6.66,,,,,08/18,瑞銀全方位非投資等級債券基金B月配息美元本基金之配息來源可能為本金
台新美國策略時機非投資等級債券基金-I不配息(台幣)(本基金之配息來源可能為本金),台新投信,境內,ET005004/806,,387.0,0.0,0.0,0.0,0.0,0.0,,,,,,08/18,台新美國策略時機非投資等級債券基金I不配息台幣本基金之配息來源可能為本金
野村亞太複合非投資等級債券基金-累積S類型(台幣)(本基金配息來源可能為本金),野村投信,境內,ET005004/806,,388.0,0.0,0.0,0.0,0.0,0.0,0.0,,,,,08/18,野村亞太複合非投資等級債券基金累積S類型台幣本基金配息來源可能為本金
路博邁全球非投資等級債券基金I累積型(台幣)(本基金配息來源可能為本金),路博邁投信,境內,ET005004/806,,389.0,0.0,0.0,0.0,0.0,0.0,0.0,,,,,08/18,路博邁全球非投資等級債券基金I累積型台幣本基金配息來源可能為本金
東方匯理全球非投資等級債券基金-A2累積型(人民幣避險)(本基金之配息來源可能為本金),東方匯理投信,境內,ET005004/806,,390.0,0.27,1.28,0.0,2.02,15.52,2.59,,,,,08/18,東方匯理全球非投資等級債券基金A2累積型人民幣避險本基金之配息來源可能為本金
東方匯理全球非投資等級債券基金-N2累積型(人民幣避險)(本基金之配息來源可能為本金),東方匯理投信,境內,ET005004/806,,391.0,0.27,1.28,0.0,2.03,15.54,2.4,,,,,08/18,東方匯理全球非投資等級債券基金N2累積型人民幣避險本基金之配息來源可能為本金
富達亞洲非投資等級債券基金-I類型累積型(台幣),富達投信,境內,ET005004/806,,392.0,0.0,0.0,0.0,5.14,20.21,-26.46,,,,,08/18,富達亞洲非投資等級債券基金I類型累積型台幣
富達亞洲非投資等級債券基金-I類型月配型(台幣)(本基金之配息來源可能為本金),富達投信,境內,ET005004/806,,393.0,0.0,0.0,0.0,0.0,0.0,0.0,,,,,08/18,富達亞洲非投資等級債券基金I類型月配型台幣本基金之配息來源可能為本金
東方匯理美國非投資等級債券基金-AD月配型(美元)(本基金之配息來源可能為本金),東方匯理投信,境內,ET005004/806,,394.0,-0.55,1.36,-0.02,3.03,22.39,12.18,,,,,08/18,東方匯理美國非投資等級債券基金AD月配型美元本基金之配息來源可能為本金
東方匯理美國非投資等級債券基金-ND月配型(美元)(本基金之配息來源可能為本金),東方匯理投信,境內,ET005004/806,,395.0,-0.55,1.36,-0.02,3.03,22.55,12.19,,,,,08/18,東方匯理美國非投資等級債券基金ND月配型美元本基金之配息來源可能為本金
台新新興短期非投資等級債券基金-B配息(人民幣)(本基金之配息來源可能為本金),台新投信,境內,ET005004/806,,396.0,0.17,0.48,-0.06,-2.46,6.39,4.45,,,,,08/18,台新新興短期非投資等級債券基金B配息人民幣本基金之配息來源可能為本金
第一金全球非投資等級債券基金A不配息(美元)(本基金之配息來源可能為本金),第一金投信,境內,ET005004/806,,397.0,0.18,0.97,-0.06,2.75,22.01,5.35,22.45,,,,08/18,第一金全球非投資等級債券基金A不配息美元本基金之配息來源可能為本金
第一金全球非投資等級債券基金N不配息(美元)(本基金之配息來源可能為本金),第一金投信,境內,ET005004/806,,398.0,0.18,0.97,-0.06,2.75,22.0,5.35,,,,,08/18,第一金全球非投資等級債券基金N不配息美元本基金之配息來源可能為本金
第一金全球非投資等級債券基金N配息(美元)(本基金之配息來源可能為本金),第一金投信,境內,ET005004/806,,399.0,0.18,0.97,-0.06,2.74,21.98,5.35,,,,,08/18,第一金全球非投資等級債券基金N配息美元本基金之配息來源可能為本金
台新新興短期非投資等級債券基金-A不配息(人民幣)(本基金之配息來源可能為本金),台新投信,境內,ET005004/806,,400.0,0.2,0.48,-0.06,-2.48,6.44,4.45,,,,,08/18,台新新興短期非投資等級債券基金A不配息人民幣本基金之配息來源可能為本金
第一金全球非投資等級債券基金B配息(美元)(本基金之配息來源可能為本金),第一金投信,境內,ET005004/806,,401.0,0.18,0.97,-0.06,2.74,22.01,5.39,22.35,,,,08/18,第一金全球非投資等級債券基金B配息美元本基金之配息來源可能為本金
施羅德中國非投資等級債券基金-B月配型(人民幣)(本基金之配息來源可能為本金),施羅德投信,境內,ET005004/806,,402.0,0.14,0.37,-0.08,1.46,11.79,-19.92,-14.68,,,,08/18,施羅德中國非投資等級債券基金B月配型人民幣本基金之配息來源可能為本金
台新新興短期非投資等級債券基金-N配息(人民幣)(本基金之配息來源可能為本金),台新投信,境內,ET005004/806,,403.0,0.18,0.48,-0.09,-2.51,6.38,4.46,,,,,08/18,台新新興短期非投資等級債券基金N配息人民幣本基金之配息來源可能為本金
瑞銀全方位非投資等級債券基金-A不配息(台幣),瑞銀投信,境內,ET005004/806,,404.0,-0.35,1.86,-0.1,4.55,7.01,3.15,,,,,08/18,瑞銀全方位非投資等級債券基金A不配息台幣
東方匯理美國非投資等級債券基金-ND月配型(澳幣避險)(本基金之配息來源可能為本金),東方匯理投信,境內,ET005004/806,,405.0,-0.58,1.31,-0.11,1.38,17.52,4.42,,,,,08/18,東方匯理美國非投資等級債券基金ND月配型澳幣避險本基金之配息來源可能為本金
施羅德中國非投資等級債券基金-A累積型(人民幣)(本基金之配息來源可能為本金),施羅德投信,境內,ET005004/806,,406.0,0.13,0.37,-0.11,1.42,12.01,-19.37,-13.85,,,,08/18,施羅德中國非投資等級債券基金A累積型人民幣本基金之配息來源可能為本金
瑞銀全方位非投資等級債券基金-B月配息(台幣)(本基金之配息來源可能為本金),瑞銀投信,境內,ET005004/806,,407.0,-0.35,1.85,-0.11,4.54,6.98,3.12,,,,,08/18,瑞銀全方位非投資等級債券基金B月配息台幣本基金之配息來源可能為本金
摩根亞洲總合非投資等級債券基金-月配型(人民幣)(本基金之配息來源可能為本金),摩根投信,境內,ET005004/806,,408.0,0.76,1.22,-0.12,0.65,13.18,-15.25,-2.0,,,,08/18,摩根亞洲總合非投資等級債券基金月配型人民幣本基金之配息來源可能為本金
東方匯理新興市場非投資等級債券基金-ND月配型(澳幣避險)(本基金之配息來源可能為本金),東方匯理投信,境內,ET005004/806,,409.0,-0.79,1.54,-0.16,7.96,29.33,8.7,,,,,08/18,東方匯理新興市場非投資等級債券基金ND月配型澳幣避險本基金之配息來源可能為本金
聯博全球非投資等級債券基金TT配息(人民幣)(基金之配息來源可能為本金及收益平準金),聯博投信,境內,ET005004/806,,410.0,0.05,0.72,-0.19,1.52,15.77,5.39,,,,,08/18,聯博全球非投資等級債券基金TT配息人民幣基金之配息來源可能為本金及收益平準金
野村美利堅非投資等級債券基金-月配型(人民幣)(本基金配息來源可能為本金),野村投信,境內,ET005004/806,,411.0,-0.3,0.73,-0.19,2.09,13.36,4.62,33.5,,,,08/18,野村美利堅非投資等級債券基金月配型人民幣本基金配息來源可能為本金
凱基全球ESG永續非投資等級債券基金A不配息(美元)(基金配息來源可能為本金),凱基投信,境內,ET005004/806,,412.0,0.35,0.63,-0.19,2.38,18.14,2.03,,,,,08/18,凱基全球ESG永續非投資等級債券基金A不配息美元基金配息來源可能為本金
凱基全球ESG永續非投資等級債券基金NA不配息(美元)(基金配息來源可能為本金),凱基投信,境內,ET005004/806,,413.0,0.35,0.63,-0.19,2.38,18.14,2.02,,,,,08/18,凱基全球ESG永續非投資等級債券基金NA不配息美元基金配息來源可能為本金
凱基全球ESG永續非投資等級債券基金B配息(美元)(基金配息來源可能為本金),凱基投信,境內,ET005004/806,,414.0,0.33,1.6,-0.2,3.33,18.16,2.41,,,,,08/18,凱基全球ESG永續非投資等級債券基金B配息美元基金配息來源可能為本金
凱基全球ESG永續非投資等級債券基金NB配息(美元)(基金配息來源可能為本金),凱基投信,境內,ET005004/806,,415.0,0.33,1.61,-0.2,3.33,18.12,2.04,,,,,08/18,凱基全球ESG永續非投資等級債券基金NB配息美元基金配息來源可能為本金
聯博全球非投資等級債券基金N配息(人民幣)(基金之配息來源可能為本金及收益平準金),聯博投信,境內,ET005004/806,,416.0,-0.0,0.63,-0.24,1.4,15.47,5.43,,,,,08/18,聯博全球非投資等級債券基金N配息人民幣基金之配息來源可能為本金及收益平準金
野村環球非投資等級債券基金-累積型(人民幣)(本基金配息來源可能為本金),野村投信,境內,ET005004/806,,417.0,0.24,1.14,-0.25,-0.35,12.5,4.62,35.01,,,,08/18,野村環球非投資等級債券基金累積型人民幣本基金配息來源可能為本金
宏利全球非投資等級債券基金-NA不配息(澳幣避險)(本基金主要投資於非投資等級之高風險債券),宏利投信,境內,ET005004/806,,418.0,-0.17,0.71,-0.25,1.27,15.14,-4.2,,,,,08/18,宏利全球非投資等級債券基金NA不配息澳幣避險本基金主要投資於非投資等級之高風險債券
東方匯理新興市場非投資等級債券基金-AD月配型(澳幣避險)(本基金之配息來源可能為本金),東方匯理投信,境內,ET005004/806,,419.0,-0.95,1.38,-0.3,7.95,29.32,9.29,,,,,08/18,東方匯理新興市場非投資等級債券基金AD月配型澳幣避險本基金之配息來源可能為本金
聯博全球非投資等級債券基金T2不配息(人民幣)(基金之配息來源可能為本金及收益平準金),聯博投信,境內,ET005004/806,,420.0,-0.05,0.53,-0.32,1.4,15.69,5.5,,,,,08/18,聯博全球非投資等級債券基金T2不配息人民幣基金之配息來源可能為本金及收益平準金
東方匯理新興市場非投資等級債券基金-ND月配型(美元)(本基金之配息來源可能為本金),東方匯理投信,境內,ET005004/806,,421.0,-0.88,1.43,-0.33,8.41,33.19,15.08,,,,,08/18,東方匯理新興市場非投資等級債券基金ND月配型美元本基金之配息來源可能為本金
東方匯理新興市場非投資等級債券基金-AD月配型(美元)(本基金之配息來源可能為本金),東方匯理投信,境內,ET005004/806,,422.0,-0.88,1.43,-0.33,8.41,33.18,15.07,,,,,08/18,東方匯理新興市場非投資等級債券基金AD月配型美元本基金之配息來源可能為本金
野村環球非投資等級債券基金-月配型(人民幣)(本基金配息來源可能為本金),野村投信,境內,ET005004/806,,423.0,0.25,1.09,-0.33,-0.61,12.32,4.41,34.92,,,,08/18,野村環球非投資等級債券基金月配型人民幣本基金配息來源可能為本金
聯博全球非投資等級債券基金TA配息(人民幣)(基金之配息來源可能為本金及收益平準金),聯博投信,境內,ET005004/806,,424.0,-0.08,0.46,-0.42,1.27,15.4,5.32,32.93,,,,08/18,聯博全球非投資等級債券基金TA配息人民幣基金之配息來源可能為本金及收益平準金
宏利全球非投資等級債券基金-A不配息(人民幣避險)(本基金主要投資於非投資等級之高風險債券),宏利投信,境內,ET005004/806,,425.0,-0.25,-0.09,-0.44,0.47,9.43,-8.84,,,,,08/18,宏利全球非投資等級債券基金A不配息人民幣避險本基金主要投資於非投資等級之高風險債券
宏利全球非投資等級債券基金-B月配息(人民幣避險)(本基金主要投資於非投資等級之高風險債券且配息來源可能為本金),宏利投信,境內,ET005004/806,,426.0,-0.24,0.04,-0.45,0.48,10.38,-6.07,,,,,08/18,宏利全球非投資等級債券基金B月配息人民幣避險本基金主要投資於非投資等級之高風險債券且配息來源可能為本金
東方匯理全球非投資等級債券基金-AD月配型(人民幣避險)(本基金之配息來源可能為本金),東方匯理投信,境內,ET005004/806,,427.0,-0.36,1.32,-0.46,1.48,14.93,2.0,,,,,08/18,東方匯理全球非投資等級債券基金AD月配型人民幣避險本基金之配息來源可能為本金
瀚亞全球非投資等級債券基金S配息(人民幣)(本基金配息來源可能為本金),瀚亞投信,境內,ET005004/806,,428.0,-0.03,0.65,-0.51,-0.04,12.58,6.16,,,,,08/18,瀚亞全球非投資等級債券基金S配息人民幣本基金配息來源可能為本金
瀚亞全球非投資等級債券基金B配息(人民幣)(本基金配息來源可能為本金),瀚亞投信,境內,ET005004/806,,429.0,-0.03,0.65,-0.51,-0.04,12.58,6.15,32.78,,,,08/18,瀚亞全球非投資等級債券基金B配息人民幣本基金配息來源可能為本金
路博邁全球非投資等級債券基金N月配型(人民幣)(本基金配息來源可能為本金),路博邁投信,境內,ET005004/806,,430.0,0.25,0.55,-0.51,0.68,13.93,1.09,,,,,08/18,路博邁全球非投資等級債券基金N月配型人民幣本基金配息來源可能為本金
瀚亞全球非投資等級債券基金A不配息(人民幣),瀚亞投信,境內,ET005004/806,,431.0,-0.03,0.65,-0.51,-0.06,12.55,6.31,32.26,,,,08/18,瀚亞全球非投資等級債券基金A不配息人民幣
富邦中國非投資等級債券基金B配息(美元)(基金之配息來源可能為本金),富邦投信,境內,ET005004/806,,432.0,0.11,0.5,-0.53,1.15,29.04,-38.15,-31.68,,,,08/18,富邦中國非投資等級債券基金B配息美元基金之配息來源可能為本金
富邦中國非投資等級債券基金A不配息(美元)(基金之配息來源可能為本金),富邦投信,境內,ET005004/806,,433.0,0.1,0.49,-0.53,1.14,29.02,-38.15,-31.68,,,,08/18,富邦中國非投資等級債券基金A不配息美元基金之配息來源可能為本金
宏利全球非投資等級債券基金-NB月配息(人民幣避險)(本基金主要投資於非投資等級之高風險債券且配息來源可能為本金),宏利投信,境內,ET005004/806,,434.0,-0.21,-0.05,-0.55,0.43,9.14,-7.57,,,,,08/18,宏利全球非投資等級債券基金NB月配息人民幣避險本基金主要投資於非投資等級之高風險債券且配息來源可能為本金
路博邁全球非投資等級債券基金T累積型(人民幣)(本基金配息來源可能為本金),路博邁投信,境內,ET005004/806,,435.0,0.17,0.58,-0.58,0.58,13.95,1.09,,,,,08/18,路博邁全球非投資等級債券基金T累積型人民幣本基金配息來源可能為本金
宏利全球非投資等級債券基金-NA不配息(人民幣避險)(本基金主要投資於非投資等級之高風險債券),宏利投信,境內,ET005004/806,,436.0,-0.26,-0.1,-0.6,0.44,9.33,-7.15,,,,,08/18,宏利全球非投資等級債券基金NA不配息人民幣避險本基金主要投資於非投資等級之高風險債券
路博邁全球非投資等級債券基金N累積型(人民幣)(本基金配息來源可能為本金),路博邁投信,境內,ET005004/806,,437.0,0.09,0.52,-0.6,0.61,13.89,1.04,,,,,08/18,路博邁全球非投資等級債券基金N累積型人民幣本基金配息來源可能為本金
柏瑞全球策略非投資等級債券基金N9不配息(人民幣),柏瑞投信,境內,ET005004/806,,438.0,0.03,0.55,-0.61,0.26,13.11,1.2,36.29,,,,08/18,柏瑞全球策略非投資等級債券基金N9不配息人民幣
柏瑞全球策略非投資等級債券基金A不配息(人民幣),柏瑞投信,境內,ET005004/806,,439.0,0.03,0.55,-0.61,0.26,13.11,1.2,36.27,,,,08/18,柏瑞全球策略非投資等級債券基金A不配息人民幣
柏瑞全球策略非投資等級債券基金B月配息(人民幣)(本基金之配息來源可能為本金),柏瑞投信,境內,ET005004/806,,440.0,0.03,0.55,-0.61,0.26,13.13,1.21,36.3,,,,08/18,柏瑞全球策略非投資等級債券基金B月配息人民幣本基金之配息來源可能為本金
柏瑞全球策略非投資等級債券基金N月配息(人民幣)(本基金之配息來源可能為本金),柏瑞投信,境內,ET005004/806,,441.0,0.03,0.55,-0.61,0.25,13.14,1.22,36.31,,,,08/18,柏瑞全球策略非投資等級債券基金N月配息人民幣本基金之配息來源可能為本金
柏瑞新興市場非投資等級債券基金B月配息(人民幣)(本基金之配息來源可能為本金),柏瑞投信,境內,ET005004/806,,442.0,0.12,0.99,-0.61,1.75,13.23,-7.91,9.97,,,,08/18,柏瑞新興市場非投資等級債券基金B月配息人民幣本基金之配息來源可能為本金
柏瑞新興市場非投資等級債券基金N月配息(人民幣)(本基金之配息來源可能為本金),柏瑞投信,境內,ET005004/806,,443.0,0.11,0.99,-0.61,1.74,13.22,-7.92,9.97,,,,08/18,柏瑞新興市場非投資等級債券基金N月配息人民幣本基金之配息來源可能為本金
路博邁全球非投資等級債券基金T月配型(人民幣)(本基金配息來源可能為本金),路博邁投信,境內,ET005004/806,,444.0,0.24,0.69,-0.63,0.67,13.87,1.1,,,,,08/18,路博邁全球非投資等級債券基金T月配型人民幣本基金配息來源可能為本金
東方匯理全球非投資等級債券基金-ND月配型(人民幣避險)(本基金之配息來源可能為本金),東方匯理投信,境內,ET005004/806,,445.0,-0.36,1.32,-0.63,1.48,14.91,1.91,,,,,08/18,東方匯理全球非投資等級債券基金ND月配型人民幣避險本基金之配息來源可能為本金
柏瑞新興市場非投資等級債券基金A不配息(人民幣),柏瑞投信,境內,ET005004/806,,446.0,0.09,0.91,-0.69,1.69,13.11,-8.04,9.78,,,,08/18,柏瑞新興市場非投資等級債券基金A不配息人民幣
台新美國策略時機非投資等級債券基金-A不配息(人民幣)(本基金之配息來源可能為本金),台新投信,境內,ET005004/806,,447.0,-0.44,1.34,-0.71,1.86,9.78,,,,,,08/18,台新美國策略時機非投資等級債券基金A不配息人民幣本基金之配息來源可能為本金
台新美國策略時機非投資等級債券基金-NA不配息(人民幣)(本基金之配息來源可能為本金),台新投信,境內,ET005004/806,,448.0,-0.45,1.32,-0.71,1.92,9.92,,,,,,08/18,台新美國策略時機非投資等級債券基金NA不配息人民幣本基金之配息來源可能為本金
台新美國策略時機非投資等級債券基金-B配息(人民幣)(本基金之配息來源可能為本金),台新投信,境內,ET005004/806,,449.0,-0.44,1.31,-0.72,1.79,9.78,,,,,,08/18,台新美國策略時機非投資等級債券基金B配息人民幣本基金之配息來源可能為本金
台新美國策略時機非投資等級債券基金-NB配息(人民幣)(本基金之配息來源可能為本金),台新投信,境內,ET005004/806,,450.0,-0.45,1.32,-0.73,1.79,9.72,,,,,,08/18,台新美國策略時機非投資等級債券基金NB配息人民幣本基金之配息來源可能為本金
東方匯理美國非投資等級債券基金-N2累積型(人民幣避險)(本基金之配息來源可能為本金),東方匯理投信,境內,ET005004/806,,451.0,-0.19,0.57,-0.75,0.95,13.64,3.32,,,,,08/18,東方匯理美國非投資等級債券基金N2累積型人民幣避險本基金之配息來源可能為本金
聯博全球非投資等級債券基金TA配息(日圓)(基金之配息來源可能為本金及收益平準金),聯博投信,境內,ET005004/806,,452.0,-0.2,0.36,-0.76,0.29,,,,,,,08/18,聯博全球非投資等級債券基金TA配息日圓基金之配息來源可能為本金及收益平準金
台新策略優選總回報非投資等級債券基金-N配息(人民幣)(本基金之配息來源可能為本金),台新投信,境內,ET005004/806,,453.0,0.02,0.51,-0.77,-1.57,11.95,11.7,,,,,08/18,台新策略優選總回報非投資等級債券基金N配息人民幣本基金之配息來源可能為本金
台新策略優選總回報非投資等級債券基金-B配息(人民幣)(本基金之配息來源可能為本金),台新投信,境內,ET005004/806,,454.0,0.01,0.51,-0.78,-1.57,11.95,11.78,,,,,08/18,台新策略優選總回報非投資等級債券基金B配息人民幣本基金之配息來源可能為本金
台新策略優選總回報非投資等級債券基金-A不配息(人民幣)(本基金之配息來源可能為本金),台新投信,境內,ET005004/806,,455.0,0.01,0.49,-0.8,-1.62,11.93,11.46,,,,,08/18,台新策略優選總回報非投資等級債券基金A不配息人民幣本基金之配息來源可能為本金
東方匯理美國非投資等級債券基金-A2累積型(人民幣避險)(本基金之配息來源可能為本金),東方匯理投信,境內,ET005004/806,,456.0,-0.19,0.57,-0.84,0.86,13.53,3.22,,,,,08/18,東方匯理美國非投資等級債券基金A2累積型人民幣避險本基金之配息來源可能為本金
群益全球優先順位非投資等級債券基金B月配型(人民幣)(本基金配息來源可能為本金),群益投信,境內,ET005004/806,,457.0,0.08,0.77,-1.01,-2.0,11.09,9.15,,,,,08/18,群益全球優先順位非投資等級債券基金B月配型人民幣本基金配息來源可能為本金
群益全球優先順位非投資等級債券基金NB月配型(人民幣)(本基金配息來源可能為本金),群益投信,境內,ET005004/806,,458.0,0.08,0.77,-1.01,-2.0,11.08,9.15,,,,,08/18,群益全球優先順位非投資等級債券基金NB月配型人民幣本基金配息來源可能為本金
群益全球優先順位非投資等級債券基金NA累積型(人民幣)(本基金配息來源可能為本金),群益投信,境內,ET005004/806,,459.0,0.08,0.77,-1.02,-2.01,11.09,9.16,,,,,08/18,群益全球優先順位非投資等級債券基金NA累積型人民幣本基金配息來源可能為本金
群益全球優先順位非投資等級債券基金A累積型(人民幣)(本基金配息來源可能為本金),群益投信,境內,ET005004/806,,460.0,0.08,0.76,-1.02,-2.01,11.09,9.15,,,,,08/18,群益全球優先順位非投資等級債券基金A累積型人民幣本基金配息來源可能為本金
台新優先順位資產抵押非投資等級債券基金-N配息(人民幣)(本基金之配息來源可能為本金),台新投信,境內,ET005004/806,,461.0,0.01,0.6,-1.04,-1.36,8.89,7.86,,,,,08/18,台新優先順位資產抵押非投資等級債券基金N配息人民幣本基金之配息來源可能為本金
合庫全球非投資等級債券基金-A不配息(人民幣),合作金庫投信,境內,ET005004/806,,462.0,0.03,0.4,-1.04,-1.44,12.73,6.8,36.46,,,,08/18,合庫全球非投資等級債券基金A不配息人民幣
台新優先順位資產抵押非投資等級債券基金-A不配息(人民幣)(本基金之配息來源可能為本金),台新投信,境內,ET005004/806,,463.0,0.01,0.59,-1.05,-1.35,8.88,7.71,,,,,08/18,台新優先順位資產抵押非投資等級債券基金A不配息人民幣本基金之配息來源可能為本金
合庫全球非投資等級債券基金-B配息(人民幣)(本基金配息來源可能為本金),合作金庫投信,境內,ET005004/806,,464.0,0.02,0.41,-1.05,-1.4,12.43,6.46,36.81,,,,08/18,合庫全球非投資等級債券基金B配息人民幣本基金配息來源可能為本金
東方匯理新興市場非投資等級債券基金-N2累積型(人民幣避險)(本基金之配息來源可能為本金),東方匯理投信,境內,ET005004/806,,465.0,-0.44,0.72,-1.06,6.25,23.3,5.75,,,,,08/18,東方匯理新興市場非投資等級債券基金N2累積型人民幣避險本基金之配息來源可能為本金
台新優先順位資產抵押非投資等級債券基金-B配息(人民幣)(本基金之配息來源可能為本金),台新投信,境內,ET005004/806,,466.0,0.01,0.56,-1.08,-1.41,8.86,7.91,,,,,08/18,台新優先順位資產抵押非投資等級債券基金B配息人民幣本基金之配息來源可能為本金
東方匯理美國非投資等級債券基金-AD月配型(人民幣避險)(本基金之配息來源可能為本金),東方匯理投信,境內,ET005004/806,,467.0,-0.59,0.74,-1.18,0.44,12.99,2.75,,,,,08/18,東方匯理美國非投資等級債券基金AD月配型人民幣避險本基金之配息來源可能為本金
富邦中國非投資等級債券基金B配息(人民幣)(基金之配息來源可能為本金),富邦投信,境內,ET005004/806,,468.0,0.01,0.21,-1.21,-1.06,21.24,-38.48,-30.92,,,,08/18,富邦中國非投資等級債券基金B配息人民幣基金之配息來源可能為本金
富邦中國非投資等級債券基金A不配息(人民幣)(基金之配息來源可能為本金),富邦投信,境內,ET005004/806,,469.0,0.01,0.21,-1.21,-1.06,21.24,-38.48,-30.92,,,,08/18,富邦中國非投資等級債券基金A不配息人民幣基金之配息來源可能為本金
東方匯理新興市場非投資等級債券基金-A2累積型(人民幣避險)(本基金之配息來源可能為本金),東方匯理投信,境內,ET005004/806,,470.0,-0.44,0.72,-1.23,5.93,23.06,5.83,,,,,08/18,東方匯理新興市場非投資等級債券基金A2累積型人民幣避險本基金之配息來源可能為本金
瑞銀全方位非投資等級債券基金-A不配息(人民幣),瑞銀投信,境內,ET005004/806,,471.0,-0.08,0.99,-1.28,0.71,6.08,-0.21,,,,,08/18,瑞銀全方位非投資等級債券基金A不配息人民幣
瑞銀全方位非投資等級債券基金-B月配息(人民幣)(本基金之配息來源可能為本金),瑞銀投信,境內,ET005004/806,,472.0,-0.08,0.98,-1.29,0.7,6.06,-0.24,,,,,08/18,瑞銀全方位非投資等級債券基金B月配息人民幣本基金之配息來源可能為本金
東方匯理美國非投資等級債券基金-ND月配型(人民幣避險)(本基金之配息來源可能為本金),東方匯理投信,境內,ET005004/806,,473.0,-0.73,0.59,-1.33,0.28,12.8,2.45,,,,,08/18,東方匯理美國非投資等級債券基金ND月配型人民幣避險本基金之配息來源可能為本金
玉山美元非投資等級債券基金-月配息型(人民幣)(本基金之配息來源可能為本金),玉山投信,境內,ET005004/806,,474.0,-0.22,0.16,-1.41,-0.14,11.27,2.37,,,,,08/18,玉山美元非投資等級債券基金月配息型人民幣本基金之配息來源可能為本金
玉山美元非投資等級債券基金-累積型(人民幣)(本基金之配息來源可能為本金),玉山投信,境內,ET005004/806,,475.0,-0.22,0.16,-1.41,-0.14,11.27,2.38,,,,,08/18,玉山美元非投資等級債券基金累積型人民幣本基金之配息來源可能為本金
東方匯理新興市場非投資等級債券基金-AD月配型(人民幣避險)(本基金之配息來源可能為本金),東方匯理投信,境內,ET005004/806,,476.0,-0.95,0.71,-1.45,5.61,22.91,5.42,,,,,08/18,東方匯理新興市場非投資等級債券基金AD月配型人民幣避險本基金之配息來源可能為本金
東方匯理新興市場非投資等級債券基金-ND月配型(人民幣避險)(本基金之配息來源可能為本金),東方匯理投信,境內,ET005004/806,,477.0,-0.96,0.7,-1.48,5.77,22.9,5.29,,,,,08/18,東方匯理新興市場非投資等級債券基金ND月配型人民幣避險本基金之配息來源可能為本金
富蘭克林華美全球非投資等級債券基金-NC分配型(人民幣)(本基金之配息來源可能為本金),富蘭克林華美投信,境內,ET005004/806,,478.0,0.01,0.43,-1.52,-1.12,12.49,6.06,,,,,08/18,富蘭克林華美全球非投資等級債券基金NC分配型人民幣本基金之配息來源可能為本金
富蘭克林華美全球非投資等級債券基金-C分配型(人民幣)(本基金之配息來源可能為本金),富蘭克林華美投信,境內,ET005004/806,,479.0,0.01,0.43,-1.53,-1.12,12.49,6.07,,,,,08/18,富蘭克林華美全球非投資等級債券基金C分配型人民幣本基金之配息來源可能為本金
富蘭克林華美全球非投資等級債券基金-B分配型(人民幣)(本基金之配息來源可能為本金),富蘭克林華美投信,境內,ET005004/806,,480.0,0.01,0.43,-1.53,-1.12,12.48,6.05,38.93,,,,08/18,富蘭克林華美全球非投資等級債券基金B分配型人民幣本基金之配息來源可能為本金
富蘭克林華美全球非投資等級債券基金-A累積型(人民幣)(本基金之配息來源可能為本金),富蘭克林華美投信,境內,ET005004/806,,481.0,0.0,0.43,-1.53,-1.12,12.47,6.04,38.86,,,,08/18,富蘭克林華美全球非投資等級債券基金A累積型人民幣本基金之配息來源可能為本金
富蘭克林華美優選非投資等級債券基金-NB分配型(人民幣)(本基金之配息來源可能為本金),富蘭克林華美投信,境內,ET005004/806,,482.0,-0.36,0.08,-1.56,-2.31,,,,,,,08/18,富蘭克林華美優選非投資等級債券基金NB分配型人民幣本基金之配息來源可能為本金
富蘭克林華美優選非投資等級債券基金-B分配型(人民幣)(本基金之配息來源可能為本金),富蘭克林華美投信,境內,ET005004/806,,483.0,-0.36,0.08,-1.56,-2.31,,,,,,,08/18,富蘭克林華美優選非投資等級債券基金B分配型人民幣本基金之配息來源可能為本金
兆豐新興市場短期非投資等級債券基金NA後收累積型(人民幣),兆豐投信,境內,ET005004/806,,484.0,-0.14,-0.08,-1.58,-3.22,8.16,-8.35,,,,,08/18,兆豐新興市場短期非投資等級債券基金NA後收累積型人民幣
兆豐新興市場短期非投資等級債券基金NB後收月配型(人民幣)(本基金之配息來源可能為本金),兆豐投信,境內,ET005004/806,,485.0,-0.14,-0.08,-1.59,-3.22,8.16,-8.35,,,,,08/18,兆豐新興市場短期非投資等級債券基金NB後收月配型人民幣本基金之配息來源可能為本金
兆豐新興市場短期非投資等級債券基金B月配型(人民幣)(本基金之配息來源可能為本金),兆豐投信,境內,ET005004/806,,486.0,-0.14,-0.08,-1.59,-3.22,8.16,-8.36,,,,,08/18,兆豐新興市場短期非投資等級債券基金B月配型人民幣本基金之配息來源可能為本金
兆豐新興市場短期非投資等級債券基金A累積型(人民幣),兆豐投信,境內,ET005004/806,,487.0,-0.14,-0.08,-1.59,-3.22,8.16,-8.35,,,,,08/18,兆豐新興市場短期非投資等級債券基金A累積型人民幣
統一亞洲非投資等級債券基金-累積型(人民幣)(基金之配息來源可能為本金),統一投信,境內,ET005004/806,,488.0,1.61,1.46,-1.64,-3.52,7.87,-11.17,-0.52,,,,08/18,統一亞洲非投資等級債券基金累積型人民幣基金之配息來源可能為本金
聯邦永騰亞洲非投資等級債券基金-B月配息(人民幣避險)(本基金之配息來源可能為本金),聯邦投信,境內,ET005004/806,,489.0,0.15,-0.34,-1.65,13.09,64.84,-49.85,-31.19,,,,08/18,聯邦永騰亞洲非投資等級債券基金B月配息人民幣避險本基金之配息來源可能為本金
聯邦永騰亞洲非投資等級債券基金-A不配息(人民幣避險)(本基金之配息來源可能為本金),聯邦投信,境內,ET005004/806,,490.0,0.13,-0.35,-1.68,13.08,65.14,-50.42,-32.25,,,,08/18,聯邦永騰亞洲非投資等級債券基金A不配息人民幣避險本基金之配息來源可能為本金
野村特別時機非投資等級債券基金-月配N類型(人民幣)(本基金配息來源可能為本金),野村投信,境內,ET005004/806,,491.0,-0.45,0.06,-1.72,-1.21,10.14,1.43,,,,,08/18,野村特別時機非投資等級債券基金月配N類型人民幣本基金配息來源可能為本金
野村特別時機非投資等級債券基金-月配型(人民幣)(本基金配息來源可能為本金),野村投信,境內,ET005004/806,,492.0,-0.45,0.06,-1.72,-1.21,10.14,1.42,,,,,08/18,野村特別時機非投資等級債券基金月配型人民幣本基金配息來源可能為本金
富邦亞洲非投資等級債券基金-NB配息(美元)(本基金之配息來源可能為本金),富邦投信,境內,ET005004/806,,493.0,-0.21,0.0,-1.74,-1.19,-12.12,-39.24,,,,,08/18,富邦亞洲非投資等級債券基金NB配息美元本基金之配息來源可能為本金
野村特別時機非投資等級債券基金-累積型(人民幣)(本基金配息來源可能為本金),野村投信,境內,ET005004/806,,494.0,-0.46,0.05,-1.75,-1.29,10.02,1.36,,,,,08/18,野村特別時機非投資等級債券基金累積型人民幣本基金配息來源可能為本金
凱基全球ESG永續非投資等級債券基金NA不配息(人民幣)(基金配息來源可能為本金),凱基投信,境內,ET005004/806,,495.0,0.03,-0.1,-1.85,-1.87,9.09,1.64,,,,,08/18,凱基全球ESG永續非投資等級債券基金NA不配息人民幣基金配息來源可能為本金
凱基全球ESG永續非投資等級債券基金A不配息(人民幣)(基金配息來源可能為本金),凱基投信,境內,ET005004/806,,496.0,0.03,-0.1,-1.85,-1.87,9.09,1.65,,,,,08/18,凱基全球ESG永續非投資等級債券基金A不配息人民幣基金配息來源可能為本金
凱基全球ESG永續非投資等級債券基金NB配息(人民幣)(基金配息來源可能為本金),凱基投信,境內,ET005004/806,,497.0,0.02,0.84,-1.85,-1.02,9.1,1.74,,,,,08/18,凱基全球ESG永續非投資等級債券基金NB配息人民幣基金配息來源可能為本金
凱基全球ESG永續非投資等級債券基金B配息(人民幣)(基金配息來源可能為本金),凱基投信,境內,ET005004/806,,498.0,0.02,0.84,-1.85,-1.02,9.11,1.65,,,,,08/18,凱基全球ESG永續非投資等級債券基金B配息人民幣基金配息來源可能為本金
第一金全球非投資等級債券基金N配息(人民幣)(本基金之配息來源可能為本金),第一金投信,境內,ET005004/806,,499.0,-0.18,0.22,-1.89,-2.39,12.75,1.34,,,,,08/18,第一金全球非投資等級債券基金N配息人民幣本基金之配息來源可能為本金
第一金全球非投資等級債券基金A不配息(人民幣)(本基金之配息來源可能為本金),第一金投信,境內,ET005004/806,,500.0,-0.17,0.22,-1.89,-2.38,12.74,1.34,,,,,08/18,第一金全球非投資等級債券基金A不配息人民幣本基金之配息來源可能為本金
第一金全球非投資等級債券基金N不配息(人民幣)(本基金之配息來源可能為本金),第一金投信,境內,ET005004/806,,501.0,-0.17,0.22,-1.89,-2.38,12.73,1.33,,,,,08/18,第一金全球非投資等級債券基金N不配息人民幣本基金之配息來源可能為本金
第一金全球非投資等級債券基金B配息(人民幣)(本基金之配息來源可能為本金),第一金投信,境內,ET005004/806,,502.0,-0.18,0.22,-1.89,-2.39,12.75,1.33,,,,,08/18,第一金全球非投資等級債券基金B配息人民幣本基金之配息來源可能為本金
統一亞洲非投資等級債券基金-月配型(人民幣)(基金之配息來源可能為本金),統一投信,境內,ET005004/806,,503.0,1.61,1.45,-2.28,-4.03,7.31,-11.64,-1.04,,,,08/18,統一亞洲非投資等級債券基金月配型人民幣基金之配息來源可能為本金
群益時機對策非投資等級債券基金I累積型(台幣)(本基金配息來源可能為本金),群益投信,境內,ET005004/806,,504.0,-3.11,-4.93,-2.72,,,,,,,,05/09,群益時機對策非投資等級債券基金I累積型台幣本基金配息來源可能為本金
群益全球優先順位非投資等級債券基金I累積型(台幣)(本基金配息來源可能為本金),群益投信,境內,ET005004/806,,505.0,,,,,,16.82,,,,,08/18,群益全球優先順位非投資等級債券基金I累積型台幣本基金配息來源可能為本金
柏瑞新興邊境非投資等級債券基金N9不配息(南非幣),柏瑞投信,境內,ET005004/806,,506.0,,,,,,,,,,,08/18,柏瑞新興邊境非投資等級債券基金N9不配息南非幣
柏瑞新興邊境非投資等級債券基金N9不配息(美元),柏瑞投信,境內,ET005004/806,,507.0,,,,,,,,,,,08/18,柏瑞新興邊境非投資等級債券基金N9不配息美元
柏瑞新興邊境非投資等級債券基金A不配息(南非幣),柏瑞投信,境內,ET005004/806,,508.0,,,,,,,,,,,08/18,柏瑞新興邊境非投資等級債券基金A不配息南非幣
柏瑞新興市場非投資等級債券基金N9不配息(人民幣),柏瑞投信,境內,ET005004/806,,509.0,,,,,,,,,,,08/18,柏瑞新興市場非投資等級債券基金N9不配息人民幣
柏瑞全球策略非投資等級債券基金A不配息(澳幣),柏瑞投信,境內,ET005004/806,,510.0,,,,,,,,,,,08/18,柏瑞全球策略非投資等級債券基金A不配息澳幣
柏瑞全球策略非投資等級債券基金A不配息(南非幣),柏瑞投信,境內,ET005004/806,,511.0,,,,,,,,,,,08/18,柏瑞全球策略非投資等級債券基金A不配息南非幣
柏瑞全球策略非投資等級債券基金N9不配息(澳幣),柏瑞投信,境內,ET005004/806,,512.0,,,,,,,,,,,08/18,柏瑞全球策略非投資等級債券基金N9不配息澳幣
柏瑞新興邊境非投資等級債券基金N9不配息(人民幣),柏瑞投信,境內,ET005004/806,,513.0,,,,,,,,,,,08/18,柏瑞新興邊境非投資等級債券基金N9不配息人民幣
柏瑞新興邊境非投資等級債券基金N9不配息(台幣),柏瑞投信,境內,ET005004/806,,514.0,,,,,,,,,,,08/18,柏瑞新興邊境非投資等級債券基金N9不配息台幣
柏瑞新興邊境非投資等級債券基金A不配息(澳幣),柏瑞投信,境內,ET005004/806,,515.0,,,,,,,,,,,08/18,柏瑞新興邊境非投資等級債券基金A不配息澳幣
東方匯理新興市場非投資等級債券基金-I2累積型(台幣)(本基金之配息來源可能為本金),東方匯理投信,境內,ET005004/806,,516.0,,,,,,,,,,,08/18,東方匯理新興市場非投資等級債券基金I2累積型台幣本基金之配息來源可能為本金
國泰主順位資產抵押非投資等級債券基金-C配息(美元)(基金之配息來源可能為本金),國泰投信,境內,ET005004/806,,517.0,,,,,,,,,,,08/18,國泰主順位資產抵押非投資等級債券基金C配息美元基金之配息來源可能為本金
路博邁全球非投資等級債券基金T月配型(日圓)(本基金配息來源可能為本金),路博邁投信,境內,ET005004/806,,518.0,,,,,,,,,,,08/18,路博邁全球非投資等級債券基金T月配型日圓本基金配息來源可能為本金
路博邁全球非投資等級債券基金N月配型(日圓)(本基金配息來源可能為本金),路博邁投信,境內,ET005004/806,,519.0,,,,,,,,,,,08/18,路博邁全球非投資等級債券基金N月配型日圓本基金配息來源可能為本金
凱基美國優選收益非投資等級債券ETF基金(基金之配息來源可能為收益平準金),凱基投信,境內,ET005005/806,,1.0,-0.8,2.62,3.87,13.5,,,,,,,08/18,凱基美國優選收益非投資等級債券ETF基金基金之配息來源可能為收益平準金
復華1至5年期非投資等級債券基金(基金之配息來源可能為收益平準金),復華投信,境內,ET005005/806,,2.0,-0.83,3.21,3.86,11.15,23.03,41.13,,,,,08/18,復華1至5年期非投資等級債券基金基金之配息來源可能為收益平準金
國泰美國短期公債ETF基金,國泰投信,境內,ET005005/806,,3.0,-0.88,2.13,3.5,10.22,13.33,33.51,,,,,08/18,國泰美國短期公債ETF基金
群益0-1年期美國政府債券ETF基金,群益投信,境內,ET005005/806,,4.0,-0.88,2.13,3.48,10.11,13.45,34.43,,,,,08/18,群益01年期美國政府債券ETF基金
中國信託美國政府0至1年期債券ETF基金(基金之配息來源可能為收益平準金),中國信託投信,境內,ET005005/806,,5.0,-0.81,2.13,3.46,11.57,13.4,34.17,,,,,08/18,中國信託美國政府0至1年期債券ETF基金基金之配息來源可能為收益平準金
國泰優選1-5年美元非投資等級債券基金(本基金並無保證收益及配息),國泰投信,境內,ET005005/806,,6.0,-0.78,2.62,3.45,11.4,23.09,40.81,,,,,08/18,國泰優選15年美元非投資等級債券基金本基金並無保證收益及配息
第一金美元優選收益非投資等級債券ETF基金(本基金之配息來源可能為收益平準金),第一金投信,境內,ET005005/806,,7.0,-0.77,2.96,3.4,10.76,,,,,,,08/18,第一金美元優選收益非投資等級債券ETF基金本基金之配息來源可能為收益平準金
中國信託新興市場0-5年期美元政府債券ETF基金(基金有一定比重投資於非投資等級之高風險債券且基金並無保證收益及配息),中國信託投信,境內,ET005005/806,,8.0,-0.82,2.17,2.76,9.74,13.0,22.85,,,,,08/18,中國信託新興市場05年期美元政府債券ETF基金基金有一定比重投資於非投資等級之高風險債券且基金並無保證收益及配息
復華1至5年期美元特選信用債券ETF基金(基金之配息來源可能為收益平準金),復華投信,境內,ET005005/806,,9.0,-0.76,2.48,2.73,10.57,19.11,26.27,,,,,08/18,復華1至5年期美元特選信用債券ETF基金基金之配息來源可能為收益平準金
元大美國政府1至3年期債券ETF基金,元大投信,境內,ET005005/806,,10.0,-0.6,2.28,2.68,9.69,13.35,25.84,,,,,08/18,元大美國政府1至3年期債券ETF基金
富邦彭博優選1-5年非投資等級債券ETF基金(本基金之配息來源可能為收益平準金且基金並無保證收益及配息),富邦投信,境內,ET005005/806,,11.0,-0.96,2.16,2.64,10.61,21.85,37.92,,,,,08/18,富邦彭博優選15年非投資等級債券ETF基金本基金之配息來源可能為收益平準金且基金並無保證收益及配息
群益1-5年期投資等級公司債ETF基金,群益投信,境內,ET005005/806,,12.0,-0.89,2.16,2.57,11.19,17.4,28.08,,,,,08/18,群益15年期投資等級公司債ETF基金
富邦美國政府債券1-3年期基金,富邦投信,境內,ET005005/806,,13.0,-0.9,2.1,2.52,9.51,13.2,25.74,,,,,08/18,富邦美國政府債券13年期基金
永豐1至3年期美國公債ETF基金(本基金之配息來源可能為收益平準金且並無保證收益及配息),永豐投信,境內,ET005005/806,,14.0,-0.96,2.02,2.45,9.4,13.13,26.52,,,,,08/18,永豐1至3年期美國公債ETF基金本基金之配息來源可能為收益平準金且並無保證收益及配息
富邦彭博歐洲區美元7-15年期銀行債ETF基金,富邦投信,境內,ET005005/806,,15.0,-2.02,1.37,0.13,10.03,23.26,16.64,,,,,08/18,富邦彭博歐洲區美元715年期銀行債ETF基金
元大美國政府7至10年期債券基金,元大投信,境內,ET005005/806,,16.0,-1.74,1.68,0.04,7.88,10.18,3.65,,,,,08/18,元大美國政府7至10年期債券基金
富邦中國以外新興市場美元5年以上投資等級債券ETF基金,富邦投信,境內,ET005005/806,,17.0,-2.09,1.17,0.02,9.23,19.14,9.11,,,,,08/18,富邦中國以外新興市場美元5年以上投資等級債券ETF基金
富邦美國政府債券7-10年期基金,富邦投信,境內,ET005005/806,,18.0,-1.84,1.61,-0.0,7.75,9.9,3.78,,,,,08/18,富邦美國政府債券710年期基金
國泰7-10年A等級金融產業債券基金,國泰投信,境內,ET005005/806,,19.0,-1.99,1.11,-0.08,8.86,17.01,10.58,,,,,08/18,國泰710年A等級金融產業債券基金
國泰新興市場5年期(以上)美元息收投資等級債券基金(基金之配息來源可能為收益平準金且並無保證收益及配息),國泰投信,境內,ET005005/806,,20.0,-2.23,1.17,-0.27,8.58,17.51,3.7,,,,,08/18,國泰新興市場5年期以上美元息收投資等級債券基金基金之配息來源可能為收益平準金且並無保證收益及配息
復華新興市場企業債券ETF基金(基金之配息來源可能為收益平準金),復華投信,境內,ET005005/806,,21.0,-2.61,0.76,-0.68,6.42,18.25,4.61,,,,,08/18,復華新興市場企業債券ETF基金基金之配息來源可能為收益平準金
台新摩根大通新興市場投資等級美元債券ETF基金,台新投信,境內,ET005005/806,,22.0,-2.64,0.88,-0.78,7.8,14.28,-0.94,,,,,08/18,台新摩根大通新興市場投資等級美元債券ETF基金
凱基10年期以上新興市場BBB美元主權債及類主權債券ETF基金(基金之配息來源可能為收益平準金),凱基投信,境內,ET005005/806,,23.0,-3.07,0.69,-1.11,8.75,16.6,-6.05,,,,,08/18,凱基10年期以上新興市場BBB美元主權債及類主權債券ETF基金基金之配息來源可能為收益平準金
中國信託新興亞洲(不含中國)美元精選綜合債券ETF基金(基金有一定比重投資於非投資等級之高風險債券且基金並無保證收益及配息),中國信託投信,境內,ET005005/806,,24.0,-2.39,0.68,-1.13,6.23,13.9,11.46,,,,,08/18,中國信託新興亞洲不含中國美元精選綜合債券ETF基金基金有一定比重投資於非投資等級之高風險債券且基金並無保證收益及配息
復華15年期以上能源業債券ETF基金(基金之配息來源可能為收益平準金),復華投信,境內,ET005005/806,,25.0,-3.41,-0.31,-1.44,8.64,14.47,-0.09,,,,,08/18,復華15年期以上能源業債券ETF基金基金之配息來源可能為收益平準金
群益15年期以上新興市場主權債ETF基金(本基金之配息來源可能為收益平準金),群益投信,境內,ET005005/806,,26.0,-3.63,1.04,-1.46,9.08,14.37,-8.82,,,,,08/18,群益15年期以上新興市場主權債ETF基金本基金之配息來源可能為收益平準金
富邦全球金融業10年以上美元投等債券ETF基金,富邦投信,境內,ET005005/806,,27.0,-2.97,0.39,-1.9,6.88,16.89,-0.91,,,,,08/18,富邦全球金融業10年以上美元投等債券ETF基金
台新10年期以上特選全球BBB美元投資等級公司債券ETF基金(基金之配息來源可能為收益平準金),台新投信,境內,ET005005/806,,28.0,-3.44,-0.04,-1.93,6.15,,,,,,,08/18,台新10年期以上特選全球BBB美元投資等級公司債券ETF基金基金之配息來源可能為收益平準金
凱基全球10年期以上美元A級公司債券ETF基金(基金之配息來源可能為收益平準金),凱基投信,境內,ET005005/806,,29.0,-3.49,-0.18,-1.99,6.38,,,,,,,08/18,凱基全球10年期以上美元A級公司債券ETF基金基金之配息來源可能為收益平準金
第一金彭博美國10年期以上金融債券指數ETF基金,第一金投信,境內,ET005005/806,,30.0,-3.01,0.38,-2.04,6.59,16.0,-1.57,,,,,08/18,第一金彭博美國10年期以上金融債券指數ETF基金
大華銀15年期以上BBB投資等級美國公司債券ETF基金(本基金之配息來源可能為收益平準金),大華銀投信,境內,ET005005/806,,31.0,-3.41,-0.24,-2.05,6.3,,,,,,,08/18,大華銀15年期以上BBB投資等級美國公司債券ETF基金本基金之配息來源可能為收益平準金
國泰10年以上投資級金融債券ETF基金(基金之配息來源可能為收益平準金),國泰投信,境內,ET005005/806,,32.0,-3.0,0.2,-2.08,7.04,,,,,,,08/18,國泰10年以上投資級金融債券ETF基金基金之配息來源可能為收益平準金
群益10年期以上金融債ETF基金(本基金之配息來源可能為收益平準金),群益投信,境內,ET005005/806,,33.0,-3.12,0.08,-2.14,6.61,18.13,0.08,,,,,08/18,群益10年期以上金融債ETF基金本基金之配息來源可能為收益平準金
國泰10年期(以上)BBB美元息收公司債券基金(基金之配息來源可能為收益平準金且並無保證收益及配息),國泰投信,境內,ET005005/806,,34.0,-3.62,-0.76,-2.18,5.64,14.41,0.37,,,,,08/18,國泰10年期以上BBB美元息收公司債券基金基金之配息來源可能為收益平準金且並無保證收益及配息
富邦彭博9-35年A級美元息收公司債券ETF基金(本基金並無保證收益及配息),富邦投信,境內,ET005005/806,,35.0,-3.37,-0.24,-2.19,6.05,11.53,-4.18,,,,,08/18,富邦彭博935年A級美元息收公司債券ETF基金本基金並無保證收益及配息
元大10年期以上美元投資級醫療保健債券ETF基金,元大投信,境內,ET005005/806,,36.0,-3.64,-0.23,-2.21,6.34,10.38,-6.65,,,,,08/18,元大10年期以上美元投資級醫療保健債券ETF基金
中國信託10年期以上優先順位金融債券ETF基金(基金之配息來源可能為收益平準金),中國信託投信,境內,ET005005/806,,37.0,-3.08,0.19,-2.27,6.83,14.41,-3.38,,,,,08/18,中國信託10年期以上優先順位金融債券ETF基金基金之配息來源可能為收益平準金
富邦彭博10年期(以上)BBB美元息收公司債券ETF基金(本基金之配息來源可能為收益平準金且基金並無保證收益及配息),富邦投信,境內,ET005005/806,,38.0,-3.49,-0.63,-2.31,6.37,15.59,1.01,,,,,08/18,富邦彭博10年期以上BBB美元息收公司債券ETF基金本基金之配息來源可能為收益平準金且基金並無保證收益及配息
元大10年期以上美元投資級銀行債券ETF基金,元大投信,境內,ET005005/806,,39.0,-3.05,0.12,-2.35,6.33,15.13,-2.38,,,,,08/18,元大10年期以上美元投資級銀行債券ETF基金
復華新興市場10年期以上債券基金(基金之配息來源可能為收益平準金),復華投信,境內,ET005005/806,,40.0,-3.28,0.09,-2.38,6.86,13.04,-4.89,,,,,08/18,復華新興市場10年期以上債券基金基金之配息來源可能為收益平準金
統一全球15年以上BBB優選ESG公司債ETF基金(基金之配息來源可能為收益平準金),統一投信,境內,ET005005/806,,41.0,-3.72,-0.82,-2.42,5.84,,,,,,,08/18,統一全球15年以上BBB優選ESG公司債ETF基金基金之配息來源可能為收益平準金
台新20年期以上BBB美元投資等級公司債ETF基金(基金之配息來源可能為收益平準金),台新投信,境內,ET005005/806,,42.0,-3.63,-0.35,-2.43,6.09,,,,,,,08/18,台新20年期以上BBB美元投資等級公司債ETF基金基金之配息來源可能為收益平準金
元大優息10年期以上美國政府債券ETF基金(本基金之配息來源可能為收益平準金且並無保證收益及配息),元大投信,境內,ET005005/806,,43.0,-3.4,0.65,-2.46,6.52,,,,,,,08/18,元大優息10年期以上美國政府債券ETF基金本基金之配息來源可能為收益平準金且並無保證收益及配息
中國信託15年期以上已開發市場投資級優化收益ESG美元公司債券ETF基金(基金之配息來源可能為收益平準金且基金並無保證收益及配息),中國信託投信,境內,ET005005/806,,44.0,-3.71,-0.83,-2.49,5.73,,,,,,,08/18,中國信託15年期以上已開發市場投資級優化收益ESG美元公司債券ETF基金基金之配息來源可能為收益平準金且基金並無保證收益及配息
群益15年期以上AAA-A醫療保健業美元公司債ETF基金,群益投信,境內,ET005005/806,,45.0,-3.97,-0.66,-2.54,5.69,6.56,-11.17,,,,,08/18,群益15年期以上AAAA醫療保健業美元公司債ETF基金
元大10年期以上美元投資級公共事業電能債券ETF基金,元大投信,境內,ET005005/806,,46.0,-3.84,-0.19,-2.55,6.31,12.42,-8.06,,,,,08/18,元大10年期以上美元投資級公共事業電能債券ETF基金
台新美元銀行債券15年期以上ETF基金,台新投信,境內,ET005005/806,,47.0,-3.14,0.21,-2.57,6.04,14.84,-2.79,,,,,08/18,台新美元銀行債券15年期以上ETF基金
復華15年期以上製藥業債券ETF基金(基金之配息來源可能為收益平準金),復華投信,境內,ET005005/806,,48.0,-3.84,-0.56,-2.61,5.81,9.53,-7.79,,,,,08/18,復華15年期以上製藥業債券ETF基金基金之配息來源可能為收益平準金
國泰15年期以上A等級醫療保健產業債券基金,國泰投信,境內,ET005005/806,,49.0,-3.97,-0.7,-2.62,7.75,6.97,-12.14,,,,,08/18,國泰15年期以上A等級醫療保健產業債券基金
群益15年期以上公用事業公司債ETF基金(本基金之配息來源可能為收益平準金),群益投信,境內,ET005005/806,,50.0,-4.17,-0.61,-2.63,7.45,12.35,-8.88,,,,,08/18,群益15年期以上公用事業公司債ETF基金本基金之配息來源可能為收益平準金
中國信託15年期以上新興市場美元主權低碳債券ETF基金(本基金非屬環境、社會及治理相關主題基金),中國信託投信,境內,ET005005/806,,51.0,-3.37,0.14,-2.66,5.96,10.54,-6.88,,,,,08/18,中國信託15年期以上新興市場美元主權低碳債券ETF基金本基金非屬環境、社會及治理相關主題基金
永豐15年期以上ESG投資等級美元銀行債ETF基金(本基金之配息來源可能為收益平準金),永豐投信,境內,ET005005/806,,52.0,-3.41,0.1,-2.67,6.98,,,,,,,08/18,永豐15年期以上ESG投資等級美元銀行債ETF基金本基金之配息來源可能為收益平準金
凱基15年期以上美元BBB級ESG永續公司債券ETF基金(基金之配息來源可能為收益平準金),凱基投信,境內,ET005005/806,,53.0,-3.67,-0.9,-2.71,5.31,13.83,-5.71,,,,,08/18,凱基15年期以上美元BBB級ESG永續公司債券ETF基金基金之配息來源可能為收益平準金
群益15年期以上A級美元公司債ETF基金(本基金之配息來源可能為收益平準金),群益投信,境內,ET005005/806,,54.0,-3.86,-0.83,-2.73,5.52,9.47,-10.14,,,,,08/18,群益15年期以上A級美元公司債ETF基金本基金之配息來源可能為收益平準金
富蘭克林華美20年期以上BBB投資級美元公司債ETF基金(本基金之配息來源可能為收益平準金),富蘭克林華美投信,境內,ET005005/806,,55.0,-3.87,-0.94,-2.75,6.17,,,,,,,08/18,富蘭克林華美20年期以上BBB投資級美元公司債ETF基金本基金之配息來源可能為收益平準金
國泰15年期以上A等級公用事業產業債券基金,國泰投信,境內,ET005005/806,,56.0,-3.93,-0.32,-2.76,5.83,10.81,-10.53,,,,,08/18,國泰15年期以上A等級公用事業產業債券基金
中國信託10年期以上高評級美元公司債券ETF基金(基金之配息來源可能為收益平準金),中國信託投信,境內,ET005005/806,,57.0,-3.69,-0.66,-2.79,5.48,8.43,-8.81,,,,,08/18,中國信託10年期以上高評級美元公司債券ETF基金基金之配息來源可能為收益平準金
中國信託美國高評級市政債券ETF基金(基金並無保證收益及配息),中國信託投信,境內,ET005005/806,,58.0,-4.07,-0.14,-2.81,8.01,5.48,-14.49,,,,,08/18,中國信託美國高評級市政債券ETF基金基金並無保證收益及配息
元大20年期以上BBB級美元公司債券ETF基金(本基金之配息來源可能為收益平準金),元大投信,境內,ET005005/806,,59.0,-3.91,-1.06,-2.84,4.95,12.92,-6.54,,,,,08/18,元大20年期以上BBB級美元公司債券ETF基金本基金之配息來源可能為收益平準金
大華銀優化收益15年期以上A級美國公司債券ETF基金(本基金並無保證收益及配息且配息來源可能為收益平準金),大華銀投信,境內,ET005005/806,,60.0,-3.6,-0.77,-2.85,5.94,,,,,,,08/18,大華銀優化收益15年期以上A級美國公司債券ETF基金本基金並無保證收益及配息且配息來源可能為收益平準金
中國信託20年期以上BBB級美元公司債券ETF基金(基金之配息來源可能為收益平準金),中國信託投信,境內,ET005005/806,,61.0,-3.84,-1.09,-2.92,4.85,13.83,-5.31,,,,,08/18,中國信託20年期以上BBB級美元公司債券ETF基金基金之配息來源可能為收益平準金
元大15年期以上新興市場主權債ETF基金(本基金之配息來源可能為收益平準金),元大投信,境內,ET005005/806,,62.0,-3.56,-0.01,-3.13,5.56,10.73,-7.95,,,,,08/18,元大15年期以上新興市場主權債ETF基金本基金之配息來源可能為收益平準金
統一彭博10年期以上Aa至A級美元優質公司債券ETF基金(基金之配息來源可能為收益平準金),統一投信,境內,ET005005/806,,63.0,-4.05,-1.19,-3.17,4.53,7.6,-9.48,,,,,08/18,統一彭博10年期以上Aa至A級美元優質公司債券ETF基金基金之配息來源可能為收益平準金
中國信託美國政府20年期以上債券ETF基金,中國信託投信,境內,ET005005/806,,64.0,-4.0,0.39,-3.21,7.25,-0.89,-24.3,,,,,08/18,中國信託美國政府20年期以上債券ETF基金
群益25年期以上美國政府債券ETF基金(本基金之配息來源可能為收益平準金),群益投信,境內,ET005005/806,,65.0,-4.09,0.11,-3.28,5.46,-2.0,-27.4,,,,,08/18,群益25年期以上美國政府債券ETF基金本基金之配息來源可能為收益平準金
凱基10年期以上科技業公司債券ETF基金(基金之配息來源可能為收益平準金),凱基投信,境內,ET005005/806,,66.0,-3.86,-1.24,-3.33,3.08,7.69,-9.28,,,,,08/18,凱基10年期以上科技業公司債券ETF基金基金之配息來源可能為收益平準金
永豐20年期以上美國公債ETF基金(本基金之配息來源可能為收益平準金且並無保證收益及配息),永豐投信,境內,ET005005/806,,67.0,-4.15,0.1,-3.37,5.55,-1.11,-24.97,,,,,08/18,永豐20年期以上美國公債ETF基金本基金之配息來源可能為收益平準金且並無保證收益及配息
國泰20年期(以上)美國公債指數基金(台幣)(基金之配息來源可能為收益平準金),國泰投信,境內,ET005005/806,,68.0,-4.12,0.19,-3.38,5.54,-1.32,-25.44,,,,,08/18,國泰20年期以上美國公債指數基金台幣基金之配息來源可能為收益平準金
大華銀優化票息20年期以上美國政府債券ETF基金(本基金並無保證收益及配息且配息來源可能為收益平準金),大華銀投信,境內,ET005005/806,,69.0,-4.17,0.06,-3.42,5.32,,,,,,,08/18,大華銀優化票息20年期以上美國政府債券ETF基金本基金並無保證收益及配息且配息來源可能為收益平準金
兆豐美國企業優選投資級公司債ETF基金(基金之配息來源可能為收益平準金),兆豐投信,境內,ET005005/806,,70.0,-3.86,-1.37,-3.42,4.77,,,,,,,08/18,兆豐美國企業優選投資級公司債ETF基金基金之配息來源可能為收益平準金
台新美國20年期以上A級公司債券ETF基金(基金之配息來源可能為收益平準金),台新投信,境內,ET005005/806,,71.0,-3.99,-1.07,-3.44,4.28,,,,,,,08/18,台新美國20年期以上A級公司債券ETF基金基金之配息來源可能為收益平準金
統一彭博美國20年期以上公債ETF基金(基金之配息來源可能為收益平準金),統一投信,境內,ET005005/806,,72.0,-4.21,0.12,-3.47,5.42,-1.12,,,,,,08/18,統一彭博美國20年期以上公債ETF基金基金之配息來源可能為收益平準金
元大美國政府20年期(以上)債券基金(本基金之配息來源可能為收益平準金),元大投信,境內,ET005005/806,,73.0,-4.08,0.14,-3.47,5.55,-1.04,-25.57,,,,,08/18,元大美國政府20年期以上債券基金本基金之配息來源可能為收益平準金
復華美國20年期以上公債ETF基金(基金之配息來源可能為收益平準金),復華投信,境內,ET005005/806,,74.0,-4.1,0.13,-3.51,5.47,-0.89,-25.21,,,,,08/18,復華美國20年期以上公債ETF基金基金之配息來源可能為收益平準金
富邦美國政府債券20年期以上基金,富邦投信,境內,ET005005/806,,75.0,-4.19,0.08,-3.53,5.41,-1.13,-24.99,,,,,08/18,富邦美國政府債券20年期以上基金
中國信託10年期以上電信業美元公司債券ETF基金(基金之配息來源可能為收益平準金),中國信託投信,境內,ET005005/806,,76.0,-4.0,-1.65,-3.7,3.29,13.01,-4.62,,,,,08/18,中國信託10年期以上電信業美元公司債券ETF基金基金之配息來源可能為收益平準金
凱基15年期以上美元投資等級精選公司債券ETF基金(基金之配息來源可能為收益平準金),凱基投信,境內,ET005005/806,,77.0,-4.32,-1.5,-3.76,4.29,6.91,-12.46,,,,,08/18,凱基15年期以上美元投資等級精選公司債券ETF基金基金之配息來源可能為收益平準金
元大20年期以上AAA至A級美元公司債券ETF基金(本基金之配息來源可能為收益平準金),元大投信,境內,ET005005/806,,78.0,-4.27,-1.85,-4.06,3.37,5.33,-14.75,,,,,08/18,元大20年期以上AAA至A級美元公司債券ETF基金本基金之配息來源可能為收益平準金
復華20年期以上A3級以上公司債券ETF基金(基金之配息來源可能為收益平準金),復華投信,境內,ET005005/806,,79.0,-4.27,-1.87,-4.08,3.13,5.59,-13.5,,,,,08/18,復華20年期以上A3級以上公司債券ETF基金基金之配息來源可能為收益平準金
群益15年期以上科技業公司債ETF基金(本基金之配息來源可能為收益平準金),群益投信,境內,ET005005/806,,80.0,-3.89,-1.99,-4.1,1.67,4.92,-13.0,,,,,08/18,群益15年期以上科技業公司債ETF基金本基金之配息來源可能為收益平準金
群益15年期以上電信業公司債ETF基金(本基金之配息來源可能為收益平準金),群益投信,境內,ET005005/806,,81.0,-4.4,-2.37,-4.5,2.31,12.22,-7.69,,,,,08/18,群益15年期以上電信業公司債ETF基金本基金之配息來源可能為收益平準金
國泰15年期以上A等級科技產業債券基金,國泰投信,境內,ET005005/806,,82.0,-4.33,-2.2,-4.75,1.38,0.48,-18.34,,,,,08/18,國泰15年期以上A等級科技產業債券基金
國泰20年期(以上)美國公債指數基金(美元)(基金之配息來源可能為收益平準金),國泰投信,境內,ET005005/806,,83.0,-2.91,-1.01,-5.01,-0.78,,,,,,,08/18,國泰20年期以上美國公債指數基金美元基金之配息來源可能為收益平準金
凱基20年期以上AAA至AA級大型美元公司債券ETF基金(基金之配息來源可能為收益平準金),凱基投信,境內,ET005005/806,,84.0,-4.77,-2.64,-5.47,2.28,2.11,-17.87,,,,,08/18,凱基20年期以上AAA至AA級大型美元公司債券ETF基金基金之配息來源可能為收益平準金
群益15年期以上高評等公司債ETF基金(本基金之配息來源可能為收益平準金),群益投信,境內,ET005005/806,,85.0,-4.81,-3.09,-5.51,1.62,2.15,-15.37,,,,,08/18,群益15年期以上高評等公司債ETF基金本基金之配息來源可能為收益平準金
元大零息超長期美國政府債券ETF基金,元大投信,境內,ET005005/806,,86.0,-7.15,-2.15,-8.25,0.58,,,,,,,08/18,元大零息超長期美國政府債券ETF基金
台新美國優選收益非投資等級債券ETF基金(本基金之配息來源可能為收益平準金且無保證收益及配息),台新投信,境內,ET005005/806,,87.0,-0.34,2.92,,,,,,,,,08/18,台新美國優選收益非投資等級債券ETF基金本基金之配息來源可能為收益平準金且無保證收益及配息
貝萊德iShares安碩10年期以上A級美元公司債ETF基金(基金之配息來源可能為收益平準金),貝萊德投信,境內,ET005005/806,,88.0,,,,,,,,,,,08/18,貝萊德iShares安碩10年期以上A級美元公司債ETF基金基金之配息來源可能為收益平準金
國泰全球收益非投資等級債券ETF基金(基金之配息來源可能為收益平準金),國泰投信,境內,ET005005/806,,89.0,-0.67,,,,,,,,,,08/18,國泰全球收益非投資等級債券ETF基金基金之配息來源可能為收益平準金
玉山美元嚴選非投資等級債券ETF基金(本基金之配息來源可能為收益平準金),玉山投信,境內,ET005005/806,,90.0,-1.17,2.76,,,,,,,,,08/18,玉山美元嚴選非投資等級債券ETF基金本基金之配息來源可能為收益平準金
國泰20年期(以上)美國公債指數單日反向1倍基金,國泰投信,境內,ET005006/806,,1.0,2.78,2.11,7.46,6.09,9.67,67.81,,,,,08/18,國泰20年期以上美國公債指數單日反向1倍基金
元大美國政府20年期(以上)債券單日反向1倍基金(本基金為策略交易型產品且投資具有反向操作風險，故本基金不適合長期持有，僅符合臺灣證券交易所訂定之適格條件之投資人始得交易),元大投信,境內,ET005006/806,,2.0,2.99,1.63,6.65,4.04,8.52,68.06,,,,,08/18,元大美國政府20年期以上債券單日反向1倍基金本基金為策略交易型產品且投資具有反向操作風險，故本基金不適合長期持有，僅符合臺灣證券交易所訂定之適格條件之投資人始得交易
元大美國政府20年期(以上)債券單日正向2倍基金(本基金為策略交易型產品且投資具有槓桿操作風險，故本基金不適合長期持有，僅符合臺灣證券交易所訂定之適格條件之投資人始得交易),元大投信,境內,ET005007/806,,1.0,-6.99,-3.56,-13.48,-8.66,-32.04,-75.52,,,,,08/18,元大美國政府20年期以上債券單日正向2倍基金本基金為策略交易型產品且投資具有槓桿操作風險，故本基金不適合長期持有，僅符合臺灣證券交易所訂定之適格條件之投資人始得交易
國泰20年期(以上)美國公債指數單日正向2倍基金,國泰投信,境內,ET005007/806,,2.0,-6.84,-3.65,-13.49,-8.57,-31.66,-75.51,,,,,08/18,國泰20年期以上美國公債指數單日正向2倍基金
宏利七年階梯到期新興市場債券基金-A不配息(南非幣避險)(本基金有相當比重投資於非投資等級之高風險債券),宏利投信,境內,ET005008/806,,1.0,0.5,1.11,3.85,6.4,32.06,19.79,,,,,08/18,宏利七年階梯到期新興市場債券基金A不配息南非幣避險本基金有相當比重投資於非投資等級之高風險債券
富蘭克林華美新興國家固定收益基金-NB分配型(南非幣)(本基金有相當比重投資於非投資等級之高風險債券且基金之配息來源可能為本金),富蘭克林華美投信,境內,ET005008/806,,2.0,1.24,4.43,3.71,14.02,37.01,26.43,,,,,08/18,富蘭克林華美新興國家固定收益基金NB分配型南非幣本基金有相當比重投資於非投資等級之高風險債券且基金之配息來源可能為本金
富蘭克林華美新興國家固定收益基金-B分配型(南非幣)(本基金有相當比重投資於非投資等級之高風險債券且基金之配息來源可能為本金),富蘭克林華美投信,境內,ET005008/806,,3.0,1.24,4.43,3.71,14.02,37.02,26.43,,,,,08/18,富蘭克林華美新興國家固定收益基金B分配型南非幣本基金有相當比重投資於非投資等級之高風險債券且基金之配息來源可能為本金
景順三至六年機動到期優選新興債券基金-累積型(南非幣)(本基金有相當比重投資於非投資等級之高風險債券),景順投信,境內,ET005008/806,,4.0,0.94,2.36,3.69,7.66,36.47,,,,,,08/18,景順三至六年機動到期優選新興債券基金累積型南非幣本基金有相當比重投資於非投資等級之高風險債券
景順三至六年機動到期優選新興債券基金-累積型(台幣)(本基金有相當比重投資於非投資等級之高風險債券),景順投信,境內,ET005008/806,,5.0,-0.33,2.62,3.39,11.34,28.4,,,,,,08/18,景順三至六年機動到期優選新興債券基金累積型台幣本基金有相當比重投資於非投資等級之高風險債券
景順三至六年機動到期優選新興債券基金-季配型(台幣)(本基金有相當比重投資於非投資等級之高風險債券且配息來源可能為本金),景順投信,境內,ET005008/806,,6.0,-0.2,2.7,3.35,11.11,26.63,,,,,,08/18,景順三至六年機動到期優選新興債券基金季配型台幣本基金有相當比重投資於非投資等級之高風險債券且配息來源可能為本金
瑞銀2027年到期優選新興市場債券基金-A不配息(台幣)(本基金有相當比重投資於非投資等級之高風險債券),瑞銀投信,境內,ET005008/806,,7.0,-0.61,2.43,3.31,11.19,21.45,7.07,,,,,08/18,瑞銀2027年到期優選新興市場債券基金A不配息台幣本基金有相當比重投資於非投資等級之高風險債券
宏利七年階梯到期新興市場債券基金-B季配息(南非幣避險)(本基金有相當比重投資於非投資等級之高風險債券且配息來源可能為本金),宏利投信,境內,ET005008/806,,8.0,0.49,1.03,3.31,6.25,31.85,19.25,,,,,08/18,宏利七年階梯到期新興市場債券基金B季配息南非幣避險本基金有相當比重投資於非投資等級之高風險債券且配息來源可能為本金
景順三至六年機動到期優選新興債券基金-季配型(南非幣)(本基金有相當比重投資於非投資等級之高風險債券且配息來源可能為本金),景順投信,境內,ET005008/806,,9.0,0.94,2.01,3.28,7.25,36.52,,,,,,08/18,景順三至六年機動到期優選新興債券基金季配型南非幣本基金有相當比重投資於非投資等級之高風險債券且配息來源可能為本金
大華銀七年到期新興市場債券基金A累積(台幣)(本基金有相當比重投資於非投資等級之高風險債券且配息來源可能為本金),大華銀投信,境內,ET005008/806,,10.0,-0.69,2.23,3.25,10.6,17.26,9.81,,,,,08/18,大華銀七年到期新興市場債券基金A累積台幣本基金有相當比重投資於非投資等級之高風險債券且配息來源可能為本金
瑞銀2027年到期優選新興市場債券基金-B月配息(台幣)(本基金有相當比重投資於非投資等級之高風險債券且配息來源可能為本金),瑞銀投信,境內,ET005008/806,,11.0,-0.63,2.3,3.24,10.35,20.73,6.16,,,,,08/18,瑞銀2027年到期優選新興市場債券基金B月配息台幣本基金有相當比重投資於非投資等級之高風險債券且配息來源可能為本金
大華銀四至六年機動到期新興市場優質主權債券基金A累積(台幣)(本基金有相當比重投資於非投資等級之高風險債券且配息來源可能為本金),大華銀投信,境內,ET005008/806,,12.0,-0.76,2.11,3.12,10.69,21.14,20.37,,,,,08/18,大華銀四至六年機動到期新興市場優質主權債券基金A累積台幣本基金有相當比重投資於非投資等級之高風險債券且配息來源可能為本金
大華銀四至六年機動到期新興市場優質主權債券基金B月配(南非幣避險)(本基金有相當比重投資於非投資等級之高風險債券且配息來源可能為本金),大華銀投信,境內,ET005008/806,,13.0,0.51,1.46,3.09,6.53,28.48,20.85,,,,,08/18,大華銀四至六年機動到期新興市場優質主權債券基金B月配南非幣避險本基金有相當比重投資於非投資等級之高風險債券且配息來源可能為本金
瑞銀2027年到期優選新興市場債券基金-A不配息(南非幣)(本基金有相當比重投資於非投資等級之高風險債券),瑞銀投信,境內,ET005008/806,,14.0,0.52,1.26,3.08,5.47,27.74,6.07,,,,,08/18,瑞銀2027年到期優選新興市場債券基金A不配息南非幣本基金有相當比重投資於非投資等級之高風險債券
大華銀四至六年機動到期新興市場優質主權債券基金A累積(南非幣避險)(本基金有相當比重投資於非投資等級之高風險債券且配息來源可能為本金),大華銀投信,境內,ET005008/806,,15.0,0.45,1.39,3.02,6.44,28.77,20.74,,,,,08/18,大華銀四至六年機動到期新興市場優質主權債券基金A累積南非幣避險本基金有相當比重投資於非投資等級之高風險債券且配息來源可能為本金
大華銀七年到期新興市場債券基金B季配(南非幣避險)(本基金有相當比重投資於非投資等級之高風險債券且配息來源可能為本金),大華銀投信,境內,ET005008/806,,16.0,0.54,1.53,3.0,7.11,26.94,15.38,,,,,08/18,大華銀七年到期新興市場債券基金B季配南非幣避險本基金有相當比重投資於非投資等級之高風險債券且配息來源可能為本金
大華銀七年到期新興市場債券基金A累積(南非幣避險)(本基金有相當比重投資於非投資等級之高風險債券且配息來源可能為本金),大華銀投信,境內,ET005008/806,,17.0,0.54,1.5,2.97,6.55,27.06,15.6,,,,,08/18,大華銀七年到期新興市場債券基金A累積南非幣避險本基金有相當比重投資於非投資等級之高風險債券且配息來源可能為本金
大華銀七年到期新興市場債券基金B季配(台幣)(本基金有相當比重投資於非投資等級之高風險債券且配息來源可能為本金),大華銀投信,境內,ET005008/806,,18.0,-0.71,2.18,2.95,10.2,16.62,9.07,,,,,08/18,大華銀七年到期新興市場債券基金B季配台幣本基金有相當比重投資於非投資等級之高風險債券且配息來源可能為本金
復華十年到期精選新興市場債券基金(台幣)(本基金有相當比重投資於非投資等級之高風險債券且基金之配息來源可能為本金),復華投信,境內,ET005008/806,,19.0,-0.53,2.66,2.93,11.86,27.09,16.42,,,,,08/18,復華十年到期精選新興市場債券基金台幣本基金有相當比重投資於非投資等級之高風險債券且基金之配息來源可能為本金
瑞銀2027年到期優選新興市場債券基金-B月配息(南非幣)(本基金有相當比重投資於非投資等級之高風險債券且配息來源可能為本金),瑞銀投信,境內,ET005008/806,,20.0,0.51,1.22,2.92,5.4,28.3,6.48,,,,,08/18,瑞銀2027年到期優選新興市場債券基金B月配息南非幣本基金有相當比重投資於非投資等級之高風險債券且配息來源可能為本金
富蘭克林華美新興國家固定收益基金-NB分配型(台幣)(本基金有相當比重投資於非投資等級之高風險債券且基金之配息來源可能為本金),富蘭克林華美投信,境內,ET005008/806,,21.0,0.41,4.83,2.78,16.39,27.3,13.57,,,,,08/18,富蘭克林華美新興國家固定收益基金NB分配型台幣本基金有相當比重投資於非投資等級之高風險債券且基金之配息來源可能為本金
富蘭克林華美新興國家固定收益基金-B分配型(台幣)(本基金有相當比重投資於非投資等級之高風險債券且基金之配息來源可能為本金),富蘭克林華美投信,境內,ET005008/806,,22.0,0.41,4.83,2.78,16.39,27.3,13.57,,,,,08/18,富蘭克林華美新興國家固定收益基金B分配型台幣本基金有相當比重投資於非投資等級之高風險債券且基金之配息來源可能為本金
富蘭克林華美新興國家固定收益基金-A累積型(台幣)(本基金有相當比重投資於非投資等級之高風險債券且基金之配息來源可能為本金),富蘭克林華美投信,境內,ET005008/806,,23.0,0.4,4.82,2.77,16.36,27.24,13.51,,,,,08/18,富蘭克林華美新興國家固定收益基金A累積型台幣本基金有相當比重投資於非投資等級之高風險債券且基金之配息來源可能為本金
復華十年到期新興市場債券基金(台幣)(本基金有相當比重投資於非投資等級之高風險債券且基金之配息來源可能為本金),復華投信,境內,ET005008/806,,24.0,-0.54,2.64,2.67,11.75,26.98,15.18,,,,,08/18,復華十年到期新興市場債券基金台幣本基金有相當比重投資於非投資等級之高風險債券且基金之配息來源可能為本金
景順十年到期特選新興債券基金-年配型(台幣)(本基金有相當比重投資於非投資等級之高風險債券，且基金之配息來源可能為本金),景順投信,境內,ET005008/806,,25.0,-0.61,2.36,2.52,10.94,22.43,18.41,,,,,08/18,景順十年到期特選新興債券基金年配型台幣本基金有相當比重投資於非投資等級之高風險債券，且基金之配息來源可能為本金
景順2028到期精選新興債券基金-年配型(台幣)(本基金有相當比重投資於非投資等級之高風險債券，且基金之配息來源可能為本金),景順投信,境內,ET005008/806,,26.0,-0.65,2.16,2.27,10.6,20.11,23.93,,,,,08/18,景順2028到期精選新興債券基金年配型台幣本基金有相當比重投資於非投資等級之高風險債券，且基金之配息來源可能為本金
富蘭克林華美新興國家固定收益基金-B分配型(美元)(本基金有相當比重投資於非投資等級之高風險債券且基金之配息來源可能為本金),富蘭克林華美投信,境內,ET005008/806,,27.0,1.22,4.06,2.19,12.77,31.25,11.0,,,,,08/18,富蘭克林華美新興國家固定收益基金B分配型美元本基金有相當比重投資於非投資等級之高風險債券且基金之配息來源可能為本金
富蘭克林華美新興國家固定收益基金-NB分配型(美元)(本基金有相當比重投資於非投資等級之高風險債券且基金之配息來源可能為本金),富蘭克林華美投信,境內,ET005008/806,,28.0,1.22,4.05,2.19,12.77,31.25,11.0,,,,,08/18,富蘭克林華美新興國家固定收益基金NB分配型美元本基金有相當比重投資於非投資等級之高風險債券且基金之配息來源可能為本金
富蘭克林華美新興國家固定收益基金-A累積型(美元)(本基金有相當比重投資於非投資等級之高風險債券且基金之配息來源可能為本金),富蘭克林華美投信,境內,ET005008/806,,29.0,1.21,4.05,2.18,12.76,31.2,10.96,,,,,08/18,富蘭克林華美新興國家固定收益基金A累積型美元本基金有相當比重投資於非投資等級之高風險債券且基金之配息來源可能為本金
景順2029到期精選新興債券基金-年配型(台幣)(本基金有相當比重投資於非投資等級之高風險債券，且基金之配息來源可能為本金),景順投信,境內,ET005008/806,,30.0,-0.66,2.24,2.18,10.65,22.36,17.4,,,,,08/18,景順2029到期精選新興債券基金年配型台幣本基金有相當比重投資於非投資等級之高風險債券，且基金之配息來源可能為本金
宏利七年階梯到期新興市場債券基金-B季配息(美元)(本基金有相當比重投資於非投資等級之高風險債券且配息來源可能為本金),宏利投信,境內,ET005008/806,,31.0,0.39,0.66,2.13,4.14,19.75,-0.96,,,,,08/18,宏利七年階梯到期新興市場債券基金B季配息美元本基金有相當比重投資於非投資等級之高風險債券且配息來源可能為本金
景順三至六年機動到期優選新興債券基金-季配型(美元)(本基金有相當比重投資於非投資等級之高風險債券且配息來源可能為本金),景順投信,境內,ET005008/806,,32.0,0.73,1.39,2.12,4.79,26.7,,,,,,08/18,景順三至六年機動到期優選新興債券基金季配型美元本基金有相當比重投資於非投資等級之高風險債券且配息來源可能為本金
宏利七年階梯到期新興市場債券基金-B季配息(台幣)(本基金有相當比重投資於非投資等級之高風險債券且配息來源可能為本金),宏利投信,境內,ET005008/806,,33.0,-0.24,1.02,2.08,5.82,13.49,-1.89,,,,,08/18,宏利七年階梯到期新興市場債券基金B季配息台幣本基金有相當比重投資於非投資等級之高風險債券且配息來源可能為本金
宏利七年階梯到期新興市場債券基金-A不配息(美元)(本基金有相當比重投資於非投資等級之高風險債券),宏利投信,境內,ET005008/806,,34.0,0.4,0.67,2.05,3.94,20.21,-0.37,,,,,08/18,宏利七年階梯到期新興市場債券基金A不配息美元本基金有相當比重投資於非投資等級之高風險債券
景順三至六年機動到期優選新興債券基金-累積型(美元)(本基金有相當比重投資於非投資等級之高風險債券),景順投信,境內,ET005008/806,,35.0,0.74,1.33,2.04,4.85,27.07,,,,,,08/18,景順三至六年機動到期優選新興債券基金累積型美元本基金有相當比重投資於非投資等級之高風險債券
宏利七年階梯到期新興市場債券基金-A不配息(台幣)(本基金有相當比重投資於非投資等級之高風險債券),宏利投信,境內,ET005008/806,,36.0,-0.22,0.99,2.01,5.6,14.45,-0.44,,,,,08/18,宏利七年階梯到期新興市場債券基金A不配息台幣本基金有相當比重投資於非投資等級之高風險債券
瑞銀2027年到期優選新興市場債券基金-A不配息(美元)(本基金有相當比重投資於非投資等級之高風險債券),瑞銀投信,境內,ET005008/806,,37.0,0.39,1.01,1.8,3.79,20.15,-7.9,,,,,08/18,瑞銀2027年到期優選新興市場債券基金A不配息美元本基金有相當比重投資於非投資等級之高風險債券
瑞銀2027年到期優選新興市場債券基金-B月配息(美元)(本基金有相當比重投資於非投資等級之高風險債券且配息來源可能為本金),瑞銀投信,境內,ET005008/806,,38.0,0.44,1.05,1.76,3.71,20.35,-7.73,,,,,08/18,瑞銀2027年到期優選新興市場債券基金B月配息美元本基金有相當比重投資於非投資等級之高風險債券且配息來源可能為本金
大華銀四至六年機動到期新興市場優質主權債券基金A累積(美元)(本基金有相當比重投資於非投資等級之高風險債券且配息來源可能為本金),大華銀投信,境內,ET005008/806,,39.0,0.3,0.88,1.71,4.03,19.21,2.99,,,,,08/18,大華銀四至六年機動到期新興市場優質主權債券基金A累積美元本基金有相當比重投資於非投資等級之高風險債券且配息來源可能為本金
大華銀四至六年機動到期新興市場優質主權債券基金B月配(美元)(本基金有相當比重投資於非投資等級之高風險債券且配息來源可能為本金),大華銀投信,境內,ET005008/806,,40.0,0.31,0.84,1.65,4.0,19.12,3.11,,,,,08/18,大華銀四至六年機動到期新興市場優質主權債券基金B月配美元本基金有相當比重投資於非投資等級之高風險債券且配息來源可能為本金
大華銀七年到期新興市場債券基金B季配(美元)(本基金有相當比重投資於非投資等級之高風險債券且配息來源可能為本金),大華銀投信,境內,ET005008/806,,41.0,0.36,0.88,1.58,3.76,16.68,-4.64,,,,,08/18,大華銀七年到期新興市場債券基金B季配美元本基金有相當比重投資於非投資等級之高風險債券且配息來源可能為本金
大華銀七年到期新興市場債券基金A累積(美元)(本基金有相當比重投資於非投資等級之高風險債券且配息來源可能為本金),大華銀投信,境內,ET005008/806,,42.0,0.35,0.87,1.58,3.73,17.55,-3.69,,,,,08/18,大華銀七年到期新興市場債券基金A累積美元本基金有相當比重投資於非投資等級之高風險債券且配息來源可能為本金
復華十年到期精選新興市場債券基金(美元)(本基金有相當比重投資於非投資等級之高風險債券且基金之配息來源可能為本金),復華投信,境內,ET005008/806,,43.0,0.45,1.35,1.48,5.28,27.12,1.46,,,,,08/18,復華十年到期精選新興市場債券基金美元本基金有相當比重投資於非投資等級之高風險債券且基金之配息來源可能為本金
復華十年到期新興市場債券基金(美元)(本基金有相當比重投資於非投資等級之高風險債券且基金之配息來源可能為本金),復華投信,境內,ET005008/806,,44.0,0.57,1.28,1.35,5.1,26.92,0.35,,,,,08/18,復華十年到期新興市場債券基金美元本基金有相當比重投資於非投資等級之高風險債券且基金之配息來源可能為本金
景順十年到期特選新興債券基金-年配型(美元)(本基金有相當比重投資於非投資等級之高風險債券，且基金之配息來源可能為本金),景順投信,境內,ET005008/806,,45.0,0.48,1.13,1.25,4.53,22.67,3.42,,,,,08/18,景順十年到期特選新興債券基金年配型美元本基金有相當比重投資於非投資等級之高風險債券，且基金之配息來源可能為本金
復華新興市場短期收益基金(本基金有相當比重投資於非投資等級之高風險債券),復華投信,境內,ET005008/806,,46.0,-0.48,2.04,1.13,7.67,11.21,5.49,16.17,,,,08/18,復華新興市場短期收益基金本基金有相當比重投資於非投資等級之高風險債券
瑞銀2027年到期優選新興市場債券基金-A不配息(人民幣)(本基金有相當比重投資於非投資等級之高風險債券),瑞銀投信,境內,ET005008/806,,47.0,0.12,0.26,0.97,1.63,12.07,-12.99,,,,,08/18,瑞銀2027年到期優選新興市場債券基金A不配息人民幣本基金有相當比重投資於非投資等級之高風險債券
宏利七年階梯到期新興市場債券基金-B季配息(人民幣避險)(本基金有相當比重投資於非投資等級之高風險債券且配息來源可能為本金),宏利投信,境內,ET005008/806,,48.0,0.16,0.05,0.97,1.74,11.49,-7.99,,,,,08/18,宏利七年階梯到期新興市場債券基金B季配息人民幣避險本基金有相當比重投資於非投資等級之高風險債券且配息來源可能為本金
景順2028到期精選新興債券基金-年配型(美元)(本基金有相當比重投資於非投資等級之高風險債券，且基金之配息來源可能為本金),景順投信,境內,ET005008/806,,49.0,0.42,0.89,0.95,4.13,20.2,8.13,,,,,08/18,景順2028到期精選新興債券基金年配型美元本基金有相當比重投資於非投資等級之高風險債券，且基金之配息來源可能為本金
宏利七年階梯到期新興市場債券基金-A不配息(人民幣避險)(本基金有相當比重投資於非投資等級之高風險債券),宏利投信,境內,ET005008/806,,50.0,0.16,0.01,0.94,1.6,11.45,-8.07,,,,,08/18,宏利七年階梯到期新興市場債券基金A不配息人民幣避險本基金有相當比重投資於非投資等級之高風險債券
柏瑞ESG新興市場企業策略債券基金N月配息(南非幣)(本基金有相當比重投資於非投資等級之高風險債券且配息來源可能為本金),柏瑞投信,境內,ET005008/806,,51.0,-0.03,0.86,0.89,2.44,20.52,11.12,51.47,,,,08/18,柏瑞ESG新興市場企業策略債券基金N月配息南非幣本基金有相當比重投資於非投資等級之高風險債券且配息來源可能為本金
景順2029到期精選新興債券基金-年配型(美元)(本基金有相當比重投資於非投資等級之高風險債券，且基金之配息來源可能為本金),景順投信,境內,ET005008/806,,52.0,0.39,0.97,0.82,4.18,22.46,2.42,,,,,08/18,景順2029到期精選新興債券基金年配型美元本基金有相當比重投資於非投資等級之高風險債券，且基金之配息來源可能為本金
凱基新興市場ESG永續主題債券基金B配息(南非幣)(本基金有相當比重投資於非投資等級之高風險債券且配息來源可能為本金),凱基投信,境內,ET005008/806,,53.0,-0.04,1.81,0.67,4.19,23.54,,,,,,08/18,凱基新興市場ESG永續主題債券基金B配息南非幣本基金有相當比重投資於非投資等級之高風險債券且配息來源可能為本金
凱基新興市場ESG永續主題債券基金NB配息(南非幣)(本基金有相當比重投資於非投資等級之高風險債券且配息來源可能為本金),凱基投信,境內,ET005008/806,,54.0,-0.04,1.81,0.67,4.19,23.54,,,,,,08/18,凱基新興市場ESG永續主題債券基金NB配息南非幣本基金有相當比重投資於非投資等級之高風險債券且配息來源可能為本金
景順三至六年機動到期優選新興債券基金-季配型(人民幣)(本基金有相當比重投資於非投資等級之高風險債券且配息來源可能為本金),景順投信,境內,ET005008/806,,55.0,0.5,0.71,0.6,1.8,16.62,,,,,,08/18,景順三至六年機動到期優選新興債券基金季配型人民幣本基金有相當比重投資於非投資等級之高風險債券且配息來源可能為本金
景順三至六年機動到期優選新興債券基金-累積型(人民幣)(本基金有相當比重投資於非投資等級之高風險債券),景順投信,境內,ET005008/806,,56.0,0.5,0.62,0.5,1.94,17.01,,,,,,08/18,景順三至六年機動到期優選新興債券基金累積型人民幣本基金有相當比重投資於非投資等級之高風險債券
玉山新興市場企業債券基金-月配息型(台幣)(本基金有相當比重投資於非投資等級之高風險債券且基金之配息來源可能為本金),玉山投信,境內,ET005008/806,,57.0,-0.92,1.29,0.5,5.06,16.21,10.02,14.83,,,,08/18,玉山新興市場企業債券基金月配息型台幣本基金有相當比重投資於非投資等級之高風險債券且基金之配息來源可能為本金
玉山新興市場企業債券基金-累積型(台幣)(本基金有相當比重投資於非投資等級之高風險債券且基金之配息來源可能為本金),玉山投信,境內,ET005008/806,,58.0,-0.92,1.29,0.5,5.06,16.21,10.02,14.74,,,,08/18,玉山新興市場企業債券基金累積型台幣本基金有相當比重投資於非投資等級之高風險債券且基金之配息來源可能為本金
富蘭克林華美新興國家固定收益基金-NB分配型(人民幣)(本基金有相當比重投資於非投資等級之高風險債券且基金之配息來源可能為本金),富蘭克林華美投信,境內,ET005008/806,,59.0,0.88,3.31,0.4,8.2,20.7,2.58,,,,,08/18,富蘭克林華美新興國家固定收益基金NB分配型人民幣本基金有相當比重投資於非投資等級之高風險債券且基金之配息來源可能為本金
富蘭克林華美新興國家固定收益基金-B分配型(人民幣)(本基金有相當比重投資於非投資等級之高風險債券且基金之配息來源可能為本金),富蘭克林華美投信,境內,ET005008/806,,60.0,0.88,3.31,0.4,8.2,20.71,2.59,,,,,08/18,富蘭克林華美新興國家固定收益基金B分配型人民幣本基金有相當比重投資於非投資等級之高風險債券且基金之配息來源可能為本金
富蘭克林華美新興國家固定收益基金-A累積型(人民幣)(本基金有相當比重投資於非投資等級之高風險債券且基金之配息來源可能為本金),富蘭克林華美投信,境內,ET005008/806,,61.0,0.87,3.31,0.39,8.2,20.68,2.58,,,,,08/18,富蘭克林華美新興國家固定收益基金A累積型人民幣本基金有相當比重投資於非投資等級之高風險債券且基金之配息來源可能為本金
瑞銀2027年到期優選新興市場債券基金-B月配息(人民幣)(本基金有相當比重投資於非投資等級之高風險債券且配息來源可能為本金),瑞銀投信,境內,ET005008/806,,62.0,0.12,0.26,0.33,0.92,11.62,-13.23,,,,,08/18,瑞銀2027年到期優選新興市場債券基金B月配息人民幣本基金有相當比重投資於非投資等級之高風險債券且配息來源可能為本金
台新ESG新興市場債券基金-I不配息(台幣)(本基金有相當比重投資於非投資等級之高風險債券且配息來源可能為本金),台新投信,境內,ET005008/806,,63.0,-0.77,1.51,0.25,1.88,1.88,1.88,,,,,08/18,台新ESG新興市場債券基金I不配息台幣本基金有相當比重投資於非投資等級之高風險債券且配息來源可能為本金
復華十年到期精選新興市場債券基金(人民幣)(本基金有相當比重投資於非投資等級之高風險債券且基金之配息來源可能為本金),復華投信,境內,ET005008/806,,64.0,0.17,0.58,0.17,2.63,17.79,-6.76,,,,,08/18,復華十年到期精選新興市場債券基金人民幣本基金有相當比重投資於非投資等級之高風險債券且基金之配息來源可能為本金
柏瑞ESG新興市場企業策略債券基金I不配息(台幣)(本基金有相當比重投資於非投資等級之高風險債券),柏瑞投信,境內,ET005008/806,,65.0,-0.81,1.16,0.14,5.15,14.4,1.84,,,,,08/18,柏瑞ESG新興市場企業策略債券基金I不配息台幣本基金有相當比重投資於非投資等級之高風險債券
玉山新興市場企業債券基金-月配息型(美元)(本基金有相當比重投資於非投資等級之高風險債券且基金之配息來源可能為本金),玉山投信,境內,ET005008/806,,66.0,-0.03,0.76,0.08,2.7,21.36,6.56,,,,,08/18,玉山新興市場企業債券基金月配息型美元本基金有相當比重投資於非投資等級之高風險債券且基金之配息來源可能為本金
凱基新興市場ESG永續主題債券基金IA類型(台幣)(本基金有相當比重投資於非投資等級之高風險債券且配息來源可能為本金),凱基投信,境內,ET005008/806,,67.0,-0.84,1.17,0.02,0.82,0.82,,,,,,08/18,凱基新興市場ESG永續主題債券基金IA類型台幣本基金有相當比重投資於非投資等級之高風險債券且配息來源可能為本金
大華銀七年到期新興市場債券基金B季配(人民幣避險)(本基金有相當比重投資於非投資等級之高風險債券且配息來源可能為本金),大華銀投信,境內,ET005008/806,,68.0,0.02,0.17,-0.05,-0.57,8.11,-9.29,,,,,08/18,大華銀七年到期新興市場債券基金B季配人民幣避險本基金有相當比重投資於非投資等級之高風險債券且配息來源可能為本金
復華十年到期新興市場債券基金(人民幣)(本基金有相當比重投資於非投資等級之高風險債券且基金之配息來源可能為本金),復華投信,境內,ET005008/806,,69.0,0.29,0.73,-0.06,1.93,17.99,-6.67,,,,,08/18,復華十年到期新興市場債券基金人民幣本基金有相當比重投資於非投資等級之高風險債券且基金之配息來源可能為本金
大華銀四至六年機動到期新興市場優質主權債券基金B月配(人民幣避險)(本基金有相當比重投資於非投資等級之高風險債券且配息來源可能為本金),大華銀投信,境內,ET005008/806,,70.0,-0.04,0.13,-0.12,-0.58,10.24,-1.2,,,,,08/18,大華銀四至六年機動到期新興市場優質主權債券基金B月配人民幣避險本基金有相當比重投資於非投資等級之高風險債券且配息來源可能為本金
大華銀四至六年機動到期新興市場優質主權債券基金A累積(人民幣避險)(本基金有相當比重投資於非投資等級之高風險債券且配息來源可能為本金),大華銀投信,境內,ET005008/806,,71.0,-0.03,0.13,-0.14,-0.69,9.86,-1.96,,,,,08/18,大華銀四至六年機動到期新興市場優質主權債券基金A累積人民幣避險本基金有相當比重投資於非投資等級之高風險債券且配息來源可能為本金
台新ESG新興市場債券基金-I不配息(美元)(本基金有相當比重投資於非投資等級之高風險債券且配息來源可能為本金),台新投信,境內,ET005008/806,,72.0,-0.22,0.44,-0.14,3.71,17.99,17.79,,,,,08/18,台新ESG新興市場債券基金I不配息美元本基金有相當比重投資於非投資等級之高風險債券且配息來源可能為本金
大華銀七年到期新興市場債券基金A累積(人民幣避險)(本基金有相當比重投資於非投資等級之高風險債券且配息來源可能為本金),大華銀投信,境內,ET005008/806,,73.0,0.03,0.19,-0.15,-0.53,7.86,-9.43,,,,,08/18,大華銀七年到期新興市場債券基金A累積人民幣避險本基金有相當比重投資於非投資等級之高風險債券且配息來源可能為本金
柏瑞ESG新興市場企業策略債券基金N月配息(台幣)(本基金有相當比重投資於非投資等級之高風險債券且配息來源可能為本金),柏瑞投信,境內,ET005008/806,,74.0,-0.86,1.01,-0.17,4.52,12.37,-1.17,6.27,,,,08/18,柏瑞ESG新興市場企業策略債券基金N月配息台幣本基金有相當比重投資於非投資等級之高風險債券且配息來源可能為本金
柏瑞ESG新興市場企業策略債券基金A不配息(台幣)(本基金有相當比重投資於非投資等級之高風險債券),柏瑞投信,境內,ET005008/806,,75.0,-0.86,1.01,-0.17,4.52,12.36,-1.17,6.26,,,,08/18,柏瑞ESG新興市場企業策略債券基金A不配息台幣本基金有相當比重投資於非投資等級之高風險債券
柏瑞ESG新興市場企業策略債券基金B月配息(台幣)(本基金有相當比重投資於非投資等級之高風險債券且配息來源可能為本金),柏瑞投信,境內,ET005008/806,,76.0,-0.86,1.01,-0.17,4.52,12.36,-1.17,6.27,,,,08/18,柏瑞ESG新興市場企業策略債券基金B月配息台幣本基金有相當比重投資於非投資等級之高風險債券且配息來源可能為本金
柏瑞ESG新興市場企業策略債券基金N9不配息(台幣)(本基金有相當比重投資於非投資等級之高風險債券),柏瑞投信,境內,ET005008/806,,77.0,-0.86,1.01,-0.17,4.52,12.36,-1.17,6.25,,,,08/18,柏瑞ESG新興市場企業策略債券基金N9不配息台幣本基金有相當比重投資於非投資等級之高風險債券
台新ESG新興市場債券基金-B配息(台幣)(本基金有相當比重投資於非投資等級之高風險債券且配息來源可能為本金),台新投信,境內,ET005008/806,,78.0,-0.84,1.3,-0.18,6.38,14.58,-0.67,,,,,08/18,台新ESG新興市場債券基金B配息台幣本基金有相當比重投資於非投資等級之高風險債券且配息來源可能為本金
台新ESG新興市場債券基金-NB配息(台幣)(本基金有相當比重投資於非投資等級之高風險債券且配息來源可能為本金),台新投信,境內,ET005008/806,,79.0,-0.84,1.29,-0.18,6.38,14.59,-0.67,,,,,08/18,台新ESG新興市場債券基金NB配息台幣本基金有相當比重投資於非投資等級之高風險債券且配息來源可能為本金
台新ESG新興市場債券基金-A不配息(台幣)(本基金有相當比重投資於非投資等級之高風險債券且配息來源可能為本金),台新投信,境內,ET005008/806,,80.0,-0.84,1.3,-0.18,6.38,14.58,-0.67,,,,,08/18,台新ESG新興市場債券基金A不配息台幣本基金有相當比重投資於非投資等級之高風險債券且配息來源可能為本金
台新ESG新興市場債券基金-NA不配息(台幣)(本基金有相當比重投資於非投資等級之高風險債券且配息來源可能為本金),台新投信,境內,ET005008/806,,81.0,-0.84,1.3,-0.18,6.37,14.59,-0.65,,,,,08/18,台新ESG新興市場債券基金NA不配息台幣本基金有相當比重投資於非投資等級之高風險債券且配息來源可能為本金
景順十年到期特選新興債券基金-年配型(人民幣)(本基金有相當比重投資於非投資等級之高風險債券，且基金之配息來源可能為本金),景順投信,境內,ET005008/806,,82.0,0.23,0.42,-0.25,1.39,13.35,-4.74,,,,,08/18,景順十年到期特選新興債券基金年配型人民幣本基金有相當比重投資於非投資等級之高風險債券，且基金之配息來源可能為本金
景順2028到期精選新興債券基金-年配型(人民幣)(本基金有相當比重投資於非投資等級之高風險債券，且基金之配息來源可能為本金),景順投信,境內,ET005008/806,,83.0,0.21,0.26,-0.37,1.15,11.29,0.1,,,,,08/18,景順2028到期精選新興債券基金年配型人民幣本基金有相當比重投資於非投資等級之高風險債券，且基金之配息來源可能為本金
凱基新興市場ESG永續主題債券基金NB配息(台幣)(本基金有相當比重投資於非投資等級之高風險債券且配息來源可能為本金),凱基投信,境內,ET005008/806,,84.0,-0.91,1.5,-0.38,4.96,10.75,,,,,,08/18,凱基新興市場ESG永續主題債券基金NB配息台幣本基金有相當比重投資於非投資等級之高風險債券且配息來源可能為本金
凱基新興市場ESG永續主題債券基金B配息(台幣)(本基金有相當比重投資於非投資等級之高風險債券且配息來源可能為本金),凱基投信,境內,ET005008/806,,85.0,-0.91,1.5,-0.38,4.95,10.75,,,,,,08/18,凱基新興市場ESG永續主題債券基金B配息台幣本基金有相當比重投資於非投資等級之高風險債券且配息來源可能為本金
凱基新興市場ESG永續主題債券基金NA不配息(台幣)(本基金有相當比重投資於非投資等級之高風險債券且配息來源可能為本金),凱基投信,境內,ET005008/806,,86.0,-0.91,0.97,-0.39,4.42,10.73,,,,,,08/18,凱基新興市場ESG永續主題債券基金NA不配息台幣本基金有相當比重投資於非投資等級之高風險債券且配息來源可能為本金
凱基新興市場ESG永續主題債券基金A不配息(台幣)(本基金有相當比重投資於非投資等級之高風險債券且配息來源可能為本金),凱基投信,境內,ET005008/806,,87.0,-0.91,0.97,-0.39,4.42,10.73,,,,,,08/18,凱基新興市場ESG永續主題債券基金A不配息台幣本基金有相當比重投資於非投資等級之高風險債券且配息來源可能為本金
景順2029到期精選新興債券基金-年配型(人民幣)(本基金有相當比重投資於非投資等級之高風險債券，且基金之配息來源可能為本金),景順投信,境內,ET005008/806,,88.0,0.16,0.27,-0.55,1.24,13.31,-5.65,,,,,08/18,景順2029到期精選新興債券基金年配型人民幣本基金有相當比重投資於非投資等級之高風險債券，且基金之配息來源可能為本金
柏瑞ESG新興市場企業策略債券基金B月配息(美元)(本基金有相當比重投資於非投資等級之高風險債券且配息來源可能為本金),柏瑞投信,境內,ET005008/806,,89.0,-0.09,0.39,-0.56,1.95,17.32,-1.56,15.67,,,,08/18,柏瑞ESG新興市場企業策略債券基金B月配息美元本基金有相當比重投資於非投資等級之高風險債券且配息來源可能為本金
柏瑞ESG新興市場企業策略債券基金A不配息(美元)(本基金有相當比重投資於非投資等級之高風險債券),柏瑞投信,境內,ET005008/806,,90.0,-0.09,0.41,-0.56,1.95,17.31,-1.54,15.7,,,,08/18,柏瑞ESG新興市場企業策略債券基金A不配息美元本基金有相當比重投資於非投資等級之高風險債券
柏瑞ESG新興市場企業策略債券基金N9不配息(美元)(本基金有相當比重投資於非投資等級之高風險債券),柏瑞投信,境內,ET005008/806,,91.0,-0.09,0.41,-0.56,1.95,17.29,-1.56,15.68,,,,08/18,柏瑞ESG新興市場企業策略債券基金N9不配息美元本基金有相當比重投資於非投資等級之高風險債券
柏瑞ESG新興市場企業策略債券基金N月配息(美元)(本基金有相當比重投資於非投資等級之高風險債券且配息來源可能為本金),柏瑞投信,境內,ET005008/806,,92.0,-0.09,0.41,-0.57,1.94,17.31,-1.56,15.7,,,,08/18,柏瑞ESG新興市場企業策略債券基金N月配息美元本基金有相當比重投資於非投資等級之高風險債券且配息來源可能為本金
台新ESG新興市場債券基金-B配息(美元)(本基金有相當比重投資於非投資等級之高風險債券且配息來源可能為本金),台新投信,境內,ET005008/806,,93.0,-0.26,0.19,-0.69,2.73,16.01,-4.69,,,,,08/18,台新ESG新興市場債券基金B配息美元本基金有相當比重投資於非投資等級之高風險債券且配息來源可能為本金
台新ESG新興市場債券基金-NB配息(美元)(本基金有相當比重投資於非投資等級之高風險債券且配息來源可能為本金),台新投信,境內,ET005008/806,,94.0,-0.27,0.19,-0.7,2.7,15.94,-4.78,,,,,08/18,台新ESG新興市場債券基金NB配息美元本基金有相當比重投資於非投資等級之高風險債券且配息來源可能為本金
台新ESG新興市場債券基金-A不配息(美元)(本基金有相當比重投資於非投資等級之高風險債券且配息來源可能為本金),台新投信,境內,ET005008/806,,95.0,-0.27,0.19,-0.7,2.7,15.99,-4.73,,,,,08/18,台新ESG新興市場債券基金A不配息美元本基金有相當比重投資於非投資等級之高風險債券且配息來源可能為本金
台新ESG新興市場債券基金-NA不配息(美元)(本基金有相當比重投資於非投資等級之高風險債券且配息來源可能為本金),台新投信,境內,ET005008/806,,96.0,-0.27,0.19,-0.7,2.71,16.0,-4.67,,,,,08/18,台新ESG新興市場債券基金NA不配息美元本基金有相當比重投資於非投資等級之高風險債券且配息來源可能為本金
凱基新興市場ESG永續主題債券基金NB配息(美元)(本基金有相當比重投資於非投資等級之高風險債券且配息來源可能為本金),凱基投信,境內,ET005008/806,,97.0,-0.33,0.84,-0.91,1.56,16.21,,,,,,08/18,凱基新興市場ESG永續主題債券基金NB配息美元本基金有相當比重投資於非投資等級之高風險債券且配息來源可能為本金
凱基新興市場ESG永續主題債券基金B配息(美元)(本基金有相當比重投資於非投資等級之高風險債券且配息來源可能為本金),凱基投信,境內,ET005008/806,,98.0,-0.33,0.83,-0.91,1.56,16.21,,,,,,08/18,凱基新興市場ESG永續主題債券基金B配息美元本基金有相當比重投資於非投資等級之高風險債券且配息來源可能為本金
凱基新興市場ESG永續主題債券基金A不配息(美元)(本基金有相當比重投資於非投資等級之高風險債券且配息來源可能為本金),凱基投信,境內,ET005008/806,,99.0,-0.33,0.35,-0.91,1.08,16.21,,,,,,08/18,凱基新興市場ESG永續主題債券基金A不配息美元本基金有相當比重投資於非投資等級之高風險債券且配息來源可能為本金
凱基新興市場ESG永續主題債券基金NA不配息(美元)(本基金有相當比重投資於非投資等級之高風險債券且配息來源可能為本金),凱基投信,境內,ET005008/806,,100.0,-0.33,0.35,-0.91,1.08,16.21,,,,,,08/18,凱基新興市場ESG永續主題債券基金NA不配息美元本基金有相當比重投資於非投資等級之高風險債券且配息來源可能為本金
永豐新興市場企業債券基金-累積型(南非幣)(本基金可投資於相當比例非投資等級之高風險債券且基金之配息來源可能為本金),永豐投信,境內,ET005008/806,,101.0,-1.26,-3.23,-1.19,-10.39,-8.09,-8.94,,,,,08/18,永豐新興市場企業債券基金累積型南非幣本基金可投資於相當比例非投資等級之高風險債券且基金之配息來源可能為本金
復華南非幣長期收益基金B配息(本基金有一定比重得投資於非投資等級之高風險債券且基金之配息來源可能為本金),復華投信,境內,ET005008/806,,102.0,-0.18,3.86,-1.21,19.86,66.29,72.72,142.52,,,,08/18,復華南非幣長期收益基金B配息本基金有一定比重得投資於非投資等級之高風險債券且基金之配息來源可能為本金
永豐新興市場企業債券基金-月配型(台幣)(本基金可投資於相當比例非投資等級之高風險債券且基金之配息來源可能為本金),永豐投信,境內,ET005008/806,,103.0,-0.96,0.37,-1.22,3.19,7.85,-3.51,-3.12,,,,08/18,永豐新興市場企業債券基金月配型台幣本基金可投資於相當比例非投資等級之高風險債券且基金之配息來源可能為本金
永豐新興市場企業債券基金-累積型(台幣)(本基金可投資於相當比例非投資等級之高風險債券且基金之配息來源可能為本金),永豐投信,境內,ET005008/806,,104.0,-0.95,0.37,-1.23,3.19,7.84,-3.5,-3.1,,,,08/18,永豐新興市場企業債券基金累積型台幣本基金可投資於相當比例非投資等級之高風險債券且基金之配息來源可能為本金
復華南非幣長期收益基金A不配息(本基金有一定比重得投資於非投資等級之高風險債券),復華投信,境內,ET005008/806,,105.0,-0.21,3.83,-1.3,19.88,66.2,72.69,142.17,,,,08/18,復華南非幣長期收益基金A不配息本基金有一定比重得投資於非投資等級之高風險債券
柏瑞ESG新興市場企業策略債券基金N9不配息(人民幣)(本基金有相當比重投資於非投資等級之高風險債券),柏瑞投信,境內,ET005008/806,,106.0,-0.36,-0.3,-1.96,-1.12,8.74,-7.28,16.94,,,,08/18,柏瑞ESG新興市場企業策略債券基金N9不配息人民幣本基金有相當比重投資於非投資等級之高風險債券
柏瑞ESG新興市場企業策略債券基金A不配息(人民幣)(本基金有相當比重投資於非投資等級之高風險債券),柏瑞投信,境內,ET005008/806,,107.0,-0.36,-0.3,-1.96,-1.12,8.77,-7.26,16.92,,,,08/18,柏瑞ESG新興市場企業策略債券基金A不配息人民幣本基金有相當比重投資於非投資等級之高風險債券
柏瑞ESG新興市場企業策略債券基金B月配息(人民幣)(本基金有相當比重投資於非投資等級之高風險債券且配息來源可能為本金),柏瑞投信,境內,ET005008/806,,108.0,-0.36,-0.3,-1.96,-1.12,8.78,-7.25,16.99,,,,08/18,柏瑞ESG新興市場企業策略債券基金B月配息人民幣本基金有相當比重投資於非投資等級之高風險債券且配息來源可能為本金
柏瑞ESG新興市場企業策略債券基金N月配息(人民幣)(本基金有相當比重投資於非投資等級之高風險債券且配息來源可能為本金),柏瑞投信,境內,ET005008/806,,109.0,-0.36,-0.3,-1.96,-1.12,8.8,-7.24,17.02,,,,08/18,柏瑞ESG新興市場企業策略債券基金N月配息人民幣本基金有相當比重投資於非投資等級之高風險債券且配息來源可能為本金
台新新興富域國家債券基金A不配息(台幣)(本基金有相當比重投資於非投資等級之高風險債券),台新投信,境內,ET005008/806,,110.0,-1.77,0.58,-2.1,7.41,13.73,2.26,,,,,08/18,台新新興富域國家債券基金A不配息台幣本基金有相當比重投資於非投資等級之高風險債券
台新新興富域國家債券基金B月配息(台幣)(本基金有相當比重投資於非投資等級之高風險債券且基金之配息來源可能為本金),台新投信,境內,ET005008/806,,111.0,-1.76,0.57,-2.1,8.35,13.41,-0.3,,,,,08/18,台新新興富域國家債券基金B月配息台幣本基金有相當比重投資於非投資等級之高風險債券且基金之配息來源可能為本金
凱基新興市場ESG永續主題債券基金NB配息(人民幣)(本基金有相當比重投資於非投資等級之高風險債券且配息來源可能為本金),凱基投信,境內,ET005008/806,,112.0,-0.64,0.31,-2.59,-2.8,8.53,,,,,,08/18,凱基新興市場ESG永續主題債券基金NB配息人民幣本基金有相當比重投資於非投資等級之高風險債券且配息來源可能為本金
凱基新興市場ESG永續主題債券基金B配息(人民幣)(本基金有相當比重投資於非投資等級之高風險債券且配息來源可能為本金),凱基投信,境內,ET005008/806,,113.0,-0.64,0.31,-2.59,-2.81,8.53,,,,,,08/18,凱基新興市場ESG永續主題債券基金B配息人民幣本基金有相當比重投資於非投資等級之高風險債券且配息來源可能為本金
凱基新興市場ESG永續主題債券基金A不配息(人民幣)(本基金有相當比重投資於非投資等級之高風險債券且配息來源可能為本金),凱基投信,境內,ET005008/806,,114.0,-0.64,-0.35,-2.59,-3.4,8.51,,,,,,08/18,凱基新興市場ESG永續主題債券基金A不配息人民幣本基金有相當比重投資於非投資等級之高風險債券且配息來源可能為本金
凱基新興市場ESG永續主題債券基金NA不配息(人民幣)(本基金有相當比重投資於非投資等級之高風險債券且配息來源可能為本金),凱基投信,境內,ET005008/806,,115.0,-0.64,-0.35,-2.59,-3.4,8.51,,,,,,08/18,凱基新興市場ESG永續主題債券基金NA不配息人民幣本基金有相當比重投資於非投資等級之高風險債券且配息來源可能為本金
台新ESG新興市場債券基金-NA不配息(人民幣)(本基金有相當比重投資於非投資等級之高風險債券且配息來源可能為本金),台新投信,境內,ET005008/806,,116.0,-0.61,-0.53,-2.74,-2.26,6.93,-7.66,,,,,08/18,台新ESG新興市場債券基金NA不配息人民幣本基金有相當比重投資於非投資等級之高風險債券且配息來源可能為本金
台新ESG新興市場債券基金-A不配息(人民幣)(本基金有相當比重投資於非投資等級之高風險債券且配息來源可能為本金),台新投信,境內,ET005008/806,,117.0,-0.61,-0.53,-2.74,-2.26,6.93,-7.66,,,,,08/18,台新ESG新興市場債券基金A不配息人民幣本基金有相當比重投資於非投資等級之高風險債券且配息來源可能為本金
台新ESG新興市場債券基金-B配息(人民幣)(本基金有相當比重投資於非投資等級之高風險債券且配息來源可能為本金),台新投信,境內,ET005008/806,,118.0,-0.61,-0.54,-2.75,-2.25,6.92,-7.47,,,,,08/18,台新ESG新興市場債券基金B配息人民幣本基金有相當比重投資於非投資等級之高風險債券且配息來源可能為本金
台新ESG新興市場債券基金-NB配息(人民幣)(本基金有相當比重投資於非投資等級之高風險債券且配息來源可能為本金),台新投信,境內,ET005008/806,,119.0,-0.61,-0.54,-2.75,-2.25,6.99,-7.47,,,,,08/18,台新ESG新興市場債券基金NB配息人民幣本基金有相當比重投資於非投資等級之高風險債券且配息來源可能為本金
台新新興富域國家債券基金B月配息(美元)(本基金有相當比重投資於非投資等級之高風險債券且基金之配息來源可能為本金),台新投信,境內,ET005008/806,,120.0,-1.12,-0.3,-2.9,1.21,15.62,-9.65,,,,,08/18,台新新興富域國家債券基金B月配息美元本基金有相當比重投資於非投資等級之高風險債券且基金之配息來源可能為本金
台新新興富域國家債券基金A不配息(美元)(本基金有相當比重投資於非投資等級之高風險債券),台新投信,境內,ET005008/806,,121.0,-1.12,-0.35,-3.02,1.52,15.97,-9.39,,,,,08/18,台新新興富域國家債券基金A不配息美元本基金有相當比重投資於非投資等級之高風險債券
永豐新興市場企業債券基金-月配型(南非幣)(本基金可投資於相當比例非投資等級之高風險債券且基金之配息來源可能為本金),永豐投信,境內,ET005008/806,,122.0,-1.63,-4.28,-3.31,-14.14,-18.95,-25.32,,,,,08/18,永豐新興市場企業債券基金月配型南非幣本基金可投資於相當比例非投資等級之高風險債券且基金之配息來源可能為本金
永豐新興市場企業債券基金-月配型(人民幣)(本基金可投資於相當比例非投資等級之高風險債券且基金之配息來源可能為本金),永豐投信,境內,ET005008/806,,123.0,-0.36,-1.68,-4.85,-8.81,-0.5,-12.48,-1.66,,,,08/18,永豐新興市場企業債券基金月配型人民幣本基金可投資於相當比例非投資等級之高風險債券且基金之配息來源可能為本金
永豐新興市場企業債券基金-累積型(人民幣)(本基金可投資於相當比例非投資等級之高風險債券且基金之配息來源可能為本金),永豐投信,境內,ET005008/806,,124.0,-0.41,-1.71,-4.88,-8.83,-0.54,-12.56,3.5,,,,08/18,永豐新興市場企業債券基金累積型人民幣本基金可投資於相當比例非投資等級之高風險債券且基金之配息來源可能為本金
柏瑞ESG新興市場企業策略債券基金A不配息(南非幣)(本基金有相當比重投資於非投資等級之高風險債券),柏瑞投信,境內,ET005008/806,,125.0,,,,,,,,,,,08/18,柏瑞ESG新興市場企業策略債券基金A不配息南非幣本基金有相當比重投資於非投資等級之高風險債券
柏瑞ESG新興市場企業策略債券基金B月配息(南非幣)(本基金有相當比重投資於非投資等級之高風險債券且配息來源可能為本金),柏瑞投信,境內,ET005008/806,,126.0,,,,,,,,,,,08/18,柏瑞ESG新興市場企業策略債券基金B月配息南非幣本基金有相當比重投資於非投資等級之高風險債券且配息來源可能為本金
柏瑞ESG新興市場企業策略債券基金N9不配息(南非幣)(本基金有相當比重投資於非投資等級之高風險債券),柏瑞投信,境內,ET005008/806,,127.0,,,,,,,,,,,08/18,柏瑞ESG新興市場企業策略債券基金N9不配息南非幣本基金有相當比重投資於非投資等級之高風險債券
玉山新興市場企業債券基金-累積型(美元)(本基金有相當比重投資於非投資等級之高風險債券且基金之配息來源可能為本金),玉山投信,境內,ET005008/806,,128.0,-0.19,-0.18,,,,,,,,,08/18,玉山新興市場企業債券基金累積型美元本基金有相當比重投資於非投資等級之高風險債券且基金之配息來源可能為本金
富達亞洲總報酬基金-I類型累積型(台幣)(本基金有相當比重投資於非投資等級之高風險債券),富達投信,境內,ET005009/806,,1.0,-0.76,1.14,0.11,4.7,13.44,-0.15,,,,,08/18,富達亞洲總報酬基金I類型累積型台幣本基金有相當比重投資於非投資等級之高風險債券
大華銀亞洲ESG債券基金B月配(南非幣)(本基金有一定比重投資於非投資等級之高風險債券且配息來源可能為本金),大華銀投信,境內,ET005009/806,,2.0,-0.02,0.77,0.1,4.33,23.04,2.88,,,,,08/18,大華銀亞洲ESG債券基金B月配南非幣本基金有一定比重投資於非投資等級之高風險債券且配息來源可能為本金
大華銀亞洲ESG債券基金NB月配(南非幣)(本基金有一定比重投資於非投資等級之高風險債券且配息來源可能為本金),大華銀投信,境內,ET005009/806,,3.0,-0.02,0.77,0.1,4.33,23.03,2.89,,,,,08/18,大華銀亞洲ESG債券基金NB月配南非幣本基金有一定比重投資於非投資等級之高風險債券且配息來源可能為本金
富達亞洲總報酬基金-I類型月配型(台幣)(本基金有相當比重投資於非投資等級之高風險債券且基金之配息來源可能為本金),富達投信,境內,ET005009/806,,4.0,0.0,0.0,0.0,0.0,-1.91,-14.6,,,,,08/18,富達亞洲總報酬基金I類型月配型台幣本基金有相當比重投資於非投資等級之高風險債券且基金之配息來源可能為本金
瀚亞印度策略收益債券基金IA不配息(台幣)(本基金有相當比重投資於非投資等級之高風險債券),瀚亞投信,境內,ET005009/806,,5.0,0.0,0.0,0.0,0.0,0.0,0.0,,,,,08/18,瀚亞印度策略收益債券基金IA不配息台幣本基金有相當比重投資於非投資等級之高風險債券
瀚亞印度策略收益債券基金IB配息(台幣)(本基金有相當比重投資於非投資等級之高風險債券且配息來源可能為本金),瀚亞投信,境內,ET005009/806,,6.0,0.0,0.0,0.0,0.0,0.0,-1.11,,,,,08/18,瀚亞印度策略收益債券基金IB配息台幣本基金有相當比重投資於非投資等級之高風險債券且配息來源可能為本金
瀚亞印度策略收益債券基金IA不配息(美元)(本基金有相當比重投資於非投資等級之高風險債券),瀚亞投信,境內,ET005009/806,,7.0,0.0,0.0,0.0,0.0,0.0,,,,,,08/18,瀚亞印度策略收益債券基金IA不配息美元本基金有相當比重投資於非投資等級之高風險債券
富達亞洲總報酬基金-A類型累積型(台幣)(本基金有相當比重投資於非投資等級之高風險債券),富達投信,境內,ET005009/806,,8.0,-0.72,1.05,-0.16,4.63,11.28,0.7,,,,,08/18,富達亞洲總報酬基金A類型累積型台幣本基金有相當比重投資於非投資等級之高風險債券
大華銀亞洲ESG債券基金NB月配(台幣)(本基金有一定比重投資於非投資等級之高風險債券且配息來源可能為本金),大華銀投信,境內,ET005009/806,,9.0,-1.43,1.27,-0.21,7.28,12.77,1.63,,,,,08/18,大華銀亞洲ESG債券基金NB月配台幣本基金有一定比重投資於非投資等級之高風險債券且配息來源可能為本金
富達亞洲總報酬基金-A類型月配型(台幣)(本基金有相當比重投資於非投資等級之高風險債券且基金之配息來源可能為本金),富達投信,境內,ET005009/806,,10.0,-0.81,0.97,-0.23,4.6,11.27,-6.58,,,,,08/18,富達亞洲總報酬基金A類型月配型台幣本基金有相當比重投資於非投資等級之高風險債券且基金之配息來源可能為本金
富達亞洲總報酬基金-A類型月配型(美元)(本基金有相當比重投資於非投資等級之高風險債券且基金之配息來源可能為本金),富達投信,境內,ET005009/806,,11.0,-0.19,0.62,-0.3,2.77,17.49,1.21,,,,,08/18,富達亞洲總報酬基金A類型月配型美元本基金有相當比重投資於非投資等級之高風險債券且基金之配息來源可能為本金
富達亞洲總報酬基金-A類型累積型(美元)(本基金有相當比重投資於非投資等級之高風險債券),富達投信,境內,ET005009/806,,12.0,-0.19,0.62,-0.3,2.77,17.48,1.21,,,,,08/18,富達亞洲總報酬基金A類型累積型美元本基金有相當比重投資於非投資等級之高風險債券
柏瑞新興亞太策略債券基金I不配息(台幣)(本基金有相當比重投資於非投資等級之高風險債券且配息來源可能為本金),柏瑞投信,境內,ET005009/806,,13.0,-0.84,1.04,-0.3,5.34,17.32,5.01,,,,,08/18,柏瑞新興亞太策略債券基金I不配息台幣本基金有相當比重投資於非投資等級之高風險債券且配息來源可能為本金
柏瑞新興亞太策略債券基金N9不配息(台幣)(本基金有相當比重投資於非投資等級之高風險債券),柏瑞投信,境內,ET005009/806,,14.0,-0.89,0.89,-0.61,4.71,15.23,1.9,11.5,,,,08/18,柏瑞新興亞太策略債券基金N9不配息台幣本基金有相當比重投資於非投資等級之高風險債券
柏瑞新興亞太策略債券基金N月配息(台幣)(本基金有相當比重投資於非投資等級之高風險債券且配息來源可能為本金),柏瑞投信,境內,ET005009/806,,15.0,-0.9,0.89,-0.61,4.71,15.23,1.9,11.57,,,,08/18,柏瑞新興亞太策略債券基金N月配息台幣本基金有相當比重投資於非投資等級之高風險債券且配息來源可能為本金
柏瑞新興亞太策略債券基金B月配息(台幣)(本基金有相當比重投資於非投資等級之高風險債券且配息來源可能為本金),柏瑞投信,境內,ET005009/806,,16.0,-0.9,0.89,-0.61,4.71,15.23,1.91,11.51,,,,08/18,柏瑞新興亞太策略債券基金B月配息台幣本基金有相當比重投資於非投資等級之高風險債券且配息來源可能為本金
柏瑞新興亞太策略債券基金Ns月配息(台幣)(本基金有相當比重投資於非投資等級之高風險債券且配息來源可能為本金),柏瑞投信,境內,ET005009/806,,17.0,-0.9,0.89,-0.61,4.71,15.23,1.9,,,,,08/18,柏瑞新興亞太策略債券基金Ns月配息台幣本基金有相當比重投資於非投資等級之高風險債券且配息來源可能為本金
柏瑞新興亞太策略債券基金A不配息(台幣)(本基金有相當比重投資於非投資等級之高風險債券),柏瑞投信,境內,ET005009/806,,18.0,-0.9,0.89,-0.61,4.71,15.22,1.9,11.49,,,,08/18,柏瑞新興亞太策略債券基金A不配息台幣本基金有相當比重投資於非投資等級之高風險債券
柏瑞新興亞太策略債券基金A不配息(美元)(本基金有相當比重投資於非投資等級之高風險債券),柏瑞投信,境內,ET005009/806,,19.0,-0.17,0.31,-0.96,2.15,20.28,1.53,21.62,,,,08/18,柏瑞新興亞太策略債券基金A不配息美元本基金有相當比重投資於非投資等級之高風險債券
柏瑞新興亞太策略債券基金N9不配息(美元)(本基金有相當比重投資於非投資等級之高風險債券),柏瑞投信,境內,ET005009/806,,20.0,-0.17,0.31,-0.96,2.15,20.28,1.52,21.65,,,,08/18,柏瑞新興亞太策略債券基金N9不配息美元本基金有相當比重投資於非投資等級之高風險債券
柏瑞新興亞太策略債券基金N月配息(美元)(本基金有相當比重投資於非投資等級之高風險債券且配息來源可能為本金),柏瑞投信,境內,ET005009/806,,21.0,-0.17,0.31,-0.96,2.14,20.28,1.52,21.67,,,,08/18,柏瑞新興亞太策略債券基金N月配息美元本基金有相當比重投資於非投資等級之高風險債券且配息來源可能為本金
柏瑞新興亞太策略債券基金B月配息(美元)(本基金有相當比重投資於非投資等級之高風險債券且配息來源可能為本金),柏瑞投信,境內,ET005009/806,,22.0,-0.17,0.31,-0.97,2.14,20.28,1.52,21.66,,,,08/18,柏瑞新興亞太策略債券基金B月配息美元本基金有相當比重投資於非投資等級之高風險債券且配息來源可能為本金
大華銀亞洲ESG債券基金A累積(美元)(本基金有一定比重投資於非投資等級之高風險債券且配息來源可能為本金),大華銀投信,境內,ET005009/806,,23.0,-0.36,0.02,-1.48,1.05,12.93,-11.22,,,,,08/18,大華銀亞洲ESG債券基金A累積美元本基金有一定比重投資於非投資等級之高風險債券且配息來源可能為本金
大華銀亞洲ESG債券基金NA累積(美元)(本基金有一定比重投資於非投資等級之高風險債券且配息來源可能為本金),大華銀投信,境內,ET005009/806,,24.0,-0.36,0.02,-1.48,1.05,12.93,-11.21,,,,,08/18,大華銀亞洲ESG債券基金NA累積美元本基金有一定比重投資於非投資等級之高風險債券且配息來源可能為本金
大華銀亞洲ESG債券基金NB月配(美元)(本基金有一定比重投資於非投資等級之高風險債券且配息來源可能為本金),大華銀投信,境內,ET005009/806,,25.0,-0.36,0.02,-1.48,1.05,12.92,-11.23,,,,,08/18,大華銀亞洲ESG債券基金NB月配美元本基金有一定比重投資於非投資等級之高風險債券且配息來源可能為本金
大華銀亞洲ESG債券基金B月配(美元)(本基金有一定比重投資於非投資等級之高風險債券且配息來源可能為本金),大華銀投信,境內,ET005009/806,,26.0,-0.36,0.02,-1.48,1.05,12.93,-11.22,,,,,08/18,大華銀亞洲ESG債券基金B月配美元本基金有一定比重投資於非投資等級之高風險債券且配息來源可能為本金
富達亞洲總報酬基金-A類型月配型(人民幣避險)(本基金有相當比重投資於非投資等級之高風險債券且基金之配息來源可能為本金),富達投信,境內,ET005009/806,,27.0,-0.41,-0.03,-1.57,0.16,9.03,-6.92,,,,,08/18,富達亞洲總報酬基金A類型月配型人民幣避險本基金有相當比重投資於非投資等級之高風險債券且基金之配息來源可能為本金
富達亞洲總報酬基金-A類型累積型(人民幣避險)(本基金有相當比重投資於非投資等級之高風險債券),富達投信,境內,ET005009/806,,28.0,-0.41,-0.04,-1.63,0.08,8.9,-6.91,,,,,08/18,富達亞洲總報酬基金A類型累積型人民幣避險本基金有相當比重投資於非投資等級之高風險債券
瀚亞印度策略收益債券基金A不配息(台幣)(本基金有相當比重投資於非投資等級之高風險債券),瀚亞投信,境內,ET005009/806,,29.0,0.22,4.65,-2.02,-3.35,-6.77,-6.77,,,,,08/18,瀚亞印度策略收益債券基金A不配息台幣本基金有相當比重投資於非投資等級之高風險債券
瀚亞印度策略收益債券基金B配息(美元)(本基金有相當比重投資於非投資等級之高風險債券且配息來源可能為本金),瀚亞投信,境內,ET005009/806,,30.0,0.77,4.18,-2.09,-5.6,-1.93,-8.77,,,,,08/18,瀚亞印度策略收益債券基金B配息美元本基金有相當比重投資於非投資等級之高風險債券且配息來源可能為本金
瀚亞印度策略收益債券基金S配息(美元)(本基金有相當比重投資於非投資等級之高風險債券且配息來源可能為本金),瀚亞投信,境內,ET005009/806,,31.0,0.78,4.19,-2.14,-5.66,-1.99,-8.68,,,,,08/18,瀚亞印度策略收益債券基金S配息美元本基金有相當比重投資於非投資等級之高風險債券且配息來源可能為本金
瀚亞印度策略收益債券基金B配息(台幣)(本基金有相當比重投資於非投資等級之高風險債券且配息來源可能為本金),瀚亞投信,境內,ET005009/806,,32.0,0.16,4.52,-2.15,-3.47,-6.83,-6.82,,,,,08/18,瀚亞印度策略收益債券基金B配息台幣本基金有相當比重投資於非投資等級之高風險債券且配息來源可能為本金
瀚亞印度策略收益債券基金A不配息(美元)(本基金有相當比重投資於非投資等級之高風險債券),瀚亞投信,境內,ET005009/806,,33.0,0.74,4.18,-2.17,-5.68,-1.97,-9.03,,,,,08/18,瀚亞印度策略收益債券基金A不配息美元本基金有相當比重投資於非投資等級之高風險債券
柏瑞新興亞太策略債券基金N9不配息(人民幣)(本基金有相當比重投資於非投資等級之高風險債券),柏瑞投信,境內,ET005009/806,,34.0,-0.39,-0.35,-2.22,-0.78,11.46,-5.28,21.17,,,,08/18,柏瑞新興亞太策略債券基金N9不配息人民幣本基金有相當比重投資於非投資等級之高風險債券
瀚亞印度策略收益債券基金S配息(台幣)(本基金有相當比重投資於非投資等級之高風險債券且配息來源可能為本金),瀚亞投信,境內,ET005009/806,,35.0,0.18,4.56,-2.22,-3.42,-6.88,-6.76,,,,,08/18,瀚亞印度策略收益債券基金S配息台幣本基金有相當比重投資於非投資等級之高風險債券且配息來源可能為本金
柏瑞新興亞太策略債券基金A不配息(人民幣)(本基金有相當比重投資於非投資等級之高風險債券),柏瑞投信,境內,ET005009/806,,36.0,-0.39,-0.35,-2.22,-0.77,11.46,-5.28,21.12,,,,08/18,柏瑞新興亞太策略債券基金A不配息人民幣本基金有相當比重投資於非投資等級之高風險債券
柏瑞新興亞太策略債券基金B月配息(人民幣)(本基金有相當比重投資於非投資等級之高風險債券且配息來源可能為本金),柏瑞投信,境內,ET005009/806,,37.0,-0.4,-0.36,-2.22,-0.78,11.48,-5.28,21.18,,,,08/18,柏瑞新興亞太策略債券基金B月配息人民幣本基金有相當比重投資於非投資等級之高風險債券且配息來源可能為本金
柏瑞新興亞太策略債券基金N月配息(人民幣)(本基金有相當比重投資於非投資等級之高風險債券且配息來源可能為本金),柏瑞投信,境內,ET005009/806,,38.0,-0.4,-0.36,-2.22,-0.78,11.48,-5.28,21.17,,,,08/18,柏瑞新興亞太策略債券基金N月配息人民幣本基金有相當比重投資於非投資等級之高風險債券且配息來源可能為本金
大華銀亞洲ESG債券基金B月配(人民幣)(本基金有一定比重投資於非投資等級之高風險債券且配息來源可能為本金),大華銀投信,境內,ET005009/806,,39.0,-0.66,-0.64,-3.19,-3.34,4.29,-15.62,,,,,08/18,大華銀亞洲ESG債券基金B月配人民幣本基金有一定比重投資於非投資等級之高風險債券且配息來源可能為本金
大華銀亞洲ESG債券基金NB月配(人民幣)(本基金有一定比重投資於非投資等級之高風險債券且配息來源可能為本金),大華銀投信,境內,ET005009/806,,40.0,-0.66,-0.64,-3.19,-3.34,4.28,-15.61,,,,,08/18,大華銀亞洲ESG債券基金NB月配人民幣本基金有一定比重投資於非投資等級之高風險債券且配息來源可能為本金
瀚亞印度策略收益債券基金S配息(人民幣)(本基金有相當比重投資於非投資等級之高風險債券且配息來源可能為本金),瀚亞投信,境內,ET005009/806,,41.0,0.62,3.6,-3.67,-9.34,-9.52,-13.37,,,,,08/18,瀚亞印度策略收益債券基金S配息人民幣本基金有相當比重投資於非投資等級之高風險債券且配息來源可能為本金
瀚亞印度策略收益債券基金B配息(人民幣)(本基金有相當比重投資於非投資等級之高風險債券且配息來源可能為本金),瀚亞投信,境內,ET005009/806,,42.0,0.4,3.38,-3.87,-9.51,-9.54,-13.39,,,,,08/18,瀚亞印度策略收益債券基金B配息人民幣本基金有相當比重投資於非投資等級之高風險債券且配息來源可能為本金
凱基全球ESG永續非投資等級債券基金IA類型(台幣)(基金配息來源可能為本金),凱基投信,境內,ET005009/806,,43.0,-0.44,-1.46,-5.14,-8.97,-10.92,-29.21,,,,,08/18,凱基全球ESG永續非投資等級債券基金IA類型台幣基金配息來源可能為本金
元大新興印尼機會債券基金A不配息(台幣)(本基金有相當比重投資於非投資等級之高風險債券),元大投信,境內,ET005009/806,,44.0,0.27,-0.33,-6.89,-3.25,-5.02,8.36,4.4,,,,08/18,元大新興印尼機會債券基金A不配息台幣本基金有相當比重投資於非投資等級之高風險債券
元大新興印尼機會債券基金B配息(台幣)(本基金有相當比重投資於非投資等級之高風險債券且基金之配息來源可能為本金),元大投信,境內,ET005009/806,,45.0,0.28,-0.33,-6.89,-3.24,-5.01,8.36,4.43,,,,08/18,元大新興印尼機會債券基金B配息台幣本基金有相當比重投資於非投資等級之高風險債券且基金之配息來源可能為本金
元大新興印尼機會債券基金B配息(美元)(本基金有相當比重投資於非投資等級之高風險債券且基金之配息來源可能為本金),元大投信,境內,ET005009/806,,46.0,1.35,-1.58,-8.13,-9.1,-5.01,-5.55,2.67,,,,08/18,元大新興印尼機會債券基金B配息美元本基金有相當比重投資於非投資等級之高風險債券且基金之配息來源可能為本金
元大新興印尼機會債券基金B配息(人民幣)(本基金有相當比重投資於非投資等級之高風險債券且基金之配息來源可能為本金),元大投信,境內,ET005009/806,,47.0,0.89,-2.35,-10.2,-14.7,-12.31,-1.75,4.38,,,,08/18,元大新興印尼機會債券基金B配息人民幣本基金有相當比重投資於非投資等級之高風險債券且基金之配息來源可能為本金
柏瑞新興亞太策略債券基金A不配息(南非幣)(本基金有相當比重投資於非投資等級之高風險債券),柏瑞投信,境內,ET005009/806,,48.0,,,,,,,,,,,08/18,柏瑞新興亞太策略債券基金A不配息南非幣本基金有相當比重投資於非投資等級之高風險債券
柏瑞新興亞太策略債券基金B月配息(南非幣)(本基金有相當比重投資於非投資等級之高風險債券且配息來源可能為本金),柏瑞投信,境內,ET005009/806,,49.0,,,,,,,,,,,08/18,柏瑞新興亞太策略債券基金B月配息南非幣本基金有相當比重投資於非投資等級之高風險債券且配息來源可能為本金
柏瑞新興亞太策略債券基金N9不配息(南非幣)(本基金有相當比重投資於非投資等級之高風險債券),柏瑞投信,境內,ET005009/806,,50.0,,,,,,,,,,,08/18,柏瑞新興亞太策略債券基金N9不配息南非幣本基金有相當比重投資於非投資等級之高風險債券
柏瑞新興亞太策略債券基金N月配息(南非幣)(本基金有相當比重投資於非投資等級之高風險債券且配息來源可能為本金),柏瑞投信,境內,ET005009/806,,51.0,,,,,,,,,,,08/18,柏瑞新興亞太策略債券基金N月配息南非幣本基金有相當比重投資於非投資等級之高風險債券且配息來源可能為本金
聯博優選全球非投資等級債券主動式ETF基金(本基金主要投資於非投資等級之高風險債券，配息來源可能為收益平準金且並無保證收益及配息),聯博投信,境內,ET005010/806,,1.0,-0.82,2.85,3.85,,,,,,,,08/18,聯博優選全球非投資等級債券主動式ETF基金本基金主要投資於非投資等級之高風險債券，配息來源可能為收益平準金且並無保證收益及配息
中國信託價值策略非投資等級債券主動式ETF基金(基金之配息來源可能為收益平準金),中國信託投信,境內,ET005010/806,,2.0,-0.82,2.84,3.66,,,,,,,,08/18,中國信託價值策略非投資等級債券主動式ETF基金基金之配息來源可能為收益平準金
富邦環球複合優選收益債主動式ETF基金(本基金有一定比重得投資於非投資等級之高風險債券，且基金之配息來源可能為收益平準金且基金並無保證收益及配息),富邦投信,境內,ET005010/806,,3.0,-2.19,0.8,0.4,,,,,,,,08/18,富邦環球複合優選收益債主動式ETF基金本基金有一定比重得投資於非投資等級之高風險債券，且基金之配息來源可能為收益平準金且基金並無保證收益及配息
聯博投資等級債入息主動式ETF基金(本基金有一定比重得投資於非投資等級之高風險債券，配息來源可能為收益平準金且並無保證收益及配息),聯博投信,境內,ET005010/806,,4.0,-1.54,1.36,-0.05,6.17,,,,,,,08/18,聯博投資等級債入息主動式ETF基金本基金有一定比重得投資於非投資等級之高風險債券，配息來源可能為收益平準金且並無保證收益及配息
富邦環球動態入息投資級債主動式ETF基金(本基金之配息來源可能為收益平準金且基金並無保證收益及配息),富邦投信,境內,ET005010/806,,5.0,-2.15,0.2,-1.3,,,,,,,,08/18,富邦環球動態入息投資級債主動式ETF基金本基金之配息來源可能為收益平準金且基金並無保證收益及配息
貝萊德iShares安碩收益優化投資等級債主動式ETF基金(基金有一定比重投資於非投資等級之高風險債券，配息來源可能為收益平準金且並無保證收益及配息),貝萊德投信,境內,ET005010/806,,6.0,-3.55,-0.52,,,,,,,,,08/18,貝萊德iShares安碩收益優化投資等級債主動式ETF基金基金有一定比重投資於非投資等級之高風險債券，配息來源可能為收益平準金且並無保證收益及配息
復華全球金融債券入息主動式ETF基金(本基金有一定比重得投資於非投資等級之高風險債券且本基金並無保證收益及配息),復華投信,境內,ET005010/806,,7.0,-2.02,0.12,,,,,,,,,08/18,復華全球金融債券入息主動式ETF基金本基金有一定比重得投資於非投資等級之高風險債券且本基金並無保證收益及配息
統一美國公債量化增益主動式ETF基金(基金之配息來源可能為收益平準金),統一投信,境內,ET005010/806,,8.0,,,,,,,,,,,08/18,統一美國公債量化增益主動式ETF基金基金之配息來源可能為收益平準金
元大人民幣貨幣市場基金(台幣),元大投信,境內,ET005011/806,,1.0,-0.53,2.27,4.11,14.19,13.33,19.71,23.56,,,,08/18,元大人民幣貨幣市場基金台幣
兆豐美元貨幣市場基金(台幣),兆豐投信,境內,ET005011/806,,2.0,-0.76,1.81,3.18,9.98,13.98,34.28,26.8,,,,08/19,兆豐美元貨幣市場基金台幣
元大美元貨幣市場基金(台幣),元大投信,境內,ET005011/806,,3.0,-0.83,1.63,2.96,9.67,13.34,34.73,26.3,,,,08/19,元大美元貨幣市場基金台幣
國泰人民幣貨幣市場基金(美元),國泰投信,境內,ET005011/806,,4.0,0.55,1.04,2.82,7.65,13.49,4.72,22.12,,,,08/18,國泰人民幣貨幣市場基金美元
兆豐美元貨幣市場基金(美元),兆豐投信,境內,ET005011/806,,5.0,0.32,0.9,1.83,3.72,14.09,19.19,27.55,,,,08/19,兆豐美元貨幣市場基金美元
元大美元貨幣市場基金(美元),元大投信,境內,ET005011/806,,6.0,0.32,0.88,1.78,3.64,13.71,18.73,26.6,,,,08/19,元大美元貨幣市場基金美元
兆豐人民幣貨幣市場基金,兆豐投信,境內,ET005011/806,,7.0,0.09,0.25,0.52,1.01,5.13,9.87,27.14,,,,08/19,兆豐人民幣貨幣市場基金
國泰人民幣貨幣市場基金(人民幣),國泰投信,境內,ET005011/806,,8.0,0.09,0.25,0.51,1.03,4.79,8.96,24.04,,,,08/18,國泰人民幣貨幣市場基金人民幣
元大人民幣貨幣市場基金(人民幣),元大投信,境內,ET005011/806,,9.0,0.08,0.22,0.44,0.9,4.74,8.61,24.15,,,,08/18,元大人民幣貨幣市場基金人民幣
台新1699貨幣市場基金,台新投信,境內,ET005012/806,,1.0,0.15,0.41,0.82,1.57,4.59,6.19,8.43,,,,08/19,台新1699貨幣市場基金
台新大眾貨幣市場基金,台新投信,境內,ET005012/806,,2.0,0.15,0.42,0.82,1.55,4.49,5.97,8.1,,,,08/19,台新大眾貨幣市場基金
台新吉星貨幣市場基金,台新投信,境內,ET005012/806,,3.0,0.15,0.4,0.8,1.53,4.4,5.75,7.73,,,,08/19,台新吉星貨幣市場基金
富蘭克林華美貨幣市場基金,富蘭克林華美投信,境內,ET005012/806,,4.0,0.14,0.4,0.8,1.55,4.53,5.85,8.16,,,,08/19,富蘭克林華美貨幣市場基金
富邦貨幣市場基金,富邦投信,境內,ET005012/806,,5.0,0.14,0.4,0.8,1.55,4.47,5.92,8.24,,,,08/19,富邦貨幣市場基金
國泰台灣貨幣市場基金,國泰投信,境內,ET005012/806,,6.0,0.15,0.41,0.8,1.5,4.31,5.62,7.44,,,,08/19,國泰台灣貨幣市場基金
安聯台灣貨幣市場基金,安聯投信,境內,ET005012/806,,7.0,0.15,0.41,0.79,1.5,4.37,5.87,8.02,,,,08/19,安聯台灣貨幣市場基金
第一金台灣貨幣市場基金,第一金投信,境內,ET005012/806,,8.0,0.15,0.4,0.79,1.52,4.47,5.87,8.16,,,,08/19,第一金台灣貨幣市場基金
聯邦貨幣市場基金,聯邦投信,境內,ET005012/806,,9.0,0.14,0.39,0.79,1.5,4.38,5.84,7.91,,,,08/19,聯邦貨幣市場基金
統一強棒貨幣市場基金,統一投信,境內,ET005012/806,,10.0,0.14,0.39,0.79,1.53,4.47,5.77,7.81,,,,08/19,統一強棒貨幣市場基金
玉山貨幣市場基金,玉山投信,境內,ET005012/806,,11.0,0.14,0.39,0.79,1.5,4.4,5.75,8.0,,,,08/19,玉山貨幣市場基金
元大萬泰貨幣市場基金,元大投信,境內,ET005012/806,,12.0,0.14,0.4,0.79,1.48,4.33,5.79,7.72,,,,08/19,元大萬泰貨幣市場基金
富邦吉祥貨幣市場基金,富邦投信,境內,ET005012/806,,13.0,0.14,0.4,0.79,1.51,4.42,5.81,7.79,,,,08/19,富邦吉祥貨幣市場基金
元大得利貨幣市場基金,元大投信,境內,ET005012/806,,14.0,0.14,0.4,0.78,1.48,4.34,5.81,7.94,,,,08/19,元大得利貨幣市場基金
元大得寶貨幣市場基金,元大投信,境內,ET005012/806,,15.0,0.15,0.4,0.78,1.48,4.34,5.79,7.8,,,,08/19,元大得寶貨幣市場基金
兆豐寶鑽貨幣市場基金,兆豐投信,境內,ET005012/806,,16.0,0.14,0.39,0.78,1.5,4.39,5.81,8.06,,,,08/19,兆豐寶鑽貨幣市場基金
永豐貨幣市場基金,永豐投信,境內,ET005012/806,,17.0,0.14,0.39,0.78,1.5,4.44,5.9,7.85,,,,08/19,永豐貨幣市場基金
華南永昌鳳翔貨幣市場基金,華南永昌投信,境內,ET005012/806,,18.0,0.14,0.39,0.78,1.48,4.37,5.89,7.91,,,,08/19,華南永昌鳳翔貨幣市場基金
第一金全家福貨幣市場基金,第一金投信,境內,ET005012/806,,19.0,0.14,0.4,0.78,1.48,4.32,5.62,7.76,,,,08/19,第一金全家福貨幣市場基金
中國信託華盈貨幣市場基金,中國信託投信,境內,ET005012/806,,20.0,0.14,0.39,0.78,1.5,4.41,5.75,7.84,,,,08/19,中國信託華盈貨幣市場基金
合庫貨幣市場基金,合作金庫投信,境內,ET005012/806,,21.0,0.14,0.4,0.77,1.47,4.26,5.49,7.54,,,,08/19,合庫貨幣市場基金
凱基凱旋貨幣市場基金,凱基投信,境內,ET005012/806,,22.0,0.14,0.39,0.77,1.48,4.33,5.75,7.71,,,,08/19,凱基凱旋貨幣市場基金
群益安穩貨幣市場基金,群益投信,境內,ET005012/806,,23.0,0.14,0.39,0.77,1.48,4.39,5.82,7.94,,,,08/19,群益安穩貨幣市場基金
街口平安貨幣市場基金,街口投信,境內,ET005012/806,,24.0,0.14,0.39,0.76,1.39,4.08,5.39,7.31,,,,08/19,街口平安貨幣市場基金
華南永昌麒麟貨幣市場基金,華南永昌投信,境內,ET005012/806,,25.0,0.14,0.39,0.76,1.42,4.14,5.57,7.58,,,,08/19,華南永昌麒麟貨幣市場基金
復華有利貨幣市場基金,復華投信,境內,ET005012/806,,26.0,0.14,0.39,0.75,1.4,4.07,5.31,7.21,,,,08/19,復華有利貨幣市場基金
德銀遠東DWS台灣貨幣市場基金,德銀遠東投信,境內,ET005012/806,,27.0,0.13,0.37,0.75,1.47,4.28,5.66,7.85,,,,08/19,德銀遠東DWS台灣貨幣市場基金
野村貨幣市場基金,野村投信,境內,ET005012/806,,28.0,0.13,0.37,0.74,1.42,4.15,5.47,7.55,,,,08/19,野村貨幣市場基金
復華貨幣市場基金,復華投信,境內,ET005012/806,,29.0,0.14,0.38,0.74,1.39,4.07,5.28,7.12,,,,08/19,復華貨幣市場基金
瀚亞威寶貨幣市場基金,瀚亞投信,境內,ET005012/806,,30.0,0.13,0.37,0.73,1.39,4.1,5.4,7.53,,,,08/19,瀚亞威寶貨幣市場基金
柏瑞巨輪貨幣市場基金,柏瑞投信,境內,ET005012/806,,31.0,0.13,0.36,0.72,1.38,4.05,5.33,6.87,,,,08/19,柏瑞巨輪貨幣市場基金
台中銀萬保貨幣市場基金,台中銀投信,境內,ET005012/806,,32.0,0.13,0.36,0.71,1.39,4.13,5.32,7.27,,,,08/19,台中銀萬保貨幣市場基金
摩根第一貨幣市場基金,摩根投信,境內,ET005012/806,,33.0,0.12,0.35,0.7,1.3,3.85,5.09,6.53,,,,08/19,摩根第一貨幣市場基金
景順貨幣市場基金,景順投信,境內,ET005012/806,,34.0,0.13,0.34,0.67,1.27,3.79,5.03,6.59,,,,08/19,景順貨幣市場基金
宏利萬利貨幣市場基金,宏利投信,境內,ET005012/806,,35.0,0.09,0.26,0.51,1.0,2.9,3.75,5.09,,,,08/19,宏利萬利貨幣市場基金
統一全方位貨幣市場基金,統一投信,境內,ET005012/806,,36.0,0.15,0.42,,,,,,,,,08/19,統一全方位貨幣市場基金
復華台灣智能基金,復華投信,境內,ET006001/806,,1.0,8.42,8.32,35.63,82.15,148.27,172.15,,,,,08/19,復華台灣智能基金
元大全球ETF成長組合基金,元大投信,境內,ET006002/806,,1.0,2.47,4.96,18.29,37.32,73.77,75.18,115.35,,,,08/18,元大全球ETF成長組合基金
國泰泰享退系列2049目標日期組合基金-P類型(台幣),國泰投信,境內,ET006002/806,,2.0,1.78,4.03,16.99,43.87,88.28,92.5,,,,,08/18,國泰泰享退系列2049目標日期組合基金P類型台幣
國泰泰享退系列2049目標日期組合基金-TISA類型(台幣),國泰投信,境內,ET006002/806,,3.0,1.77,3.99,16.91,43.66,,,,,,,08/18,國泰泰享退系列2049目標日期組合基金TISA類型台幣
國泰泰享退系列2049目標日期組合基金-R類型(台幣),國泰投信,境內,ET006002/806,,4.0,1.75,3.93,16.78,43.36,86.24,,,,,,08/18,國泰泰享退系列2049目標日期組合基金R類型台幣
國泰泰享退系列2049目標日期組合基金-A類型(台幣),國泰投信,境內,ET006002/806,,5.0,1.74,3.91,16.73,43.24,85.74,88.05,,,,,08/18,國泰泰享退系列2049目標日期組合基金A類型台幣
元大全球新興市場精選組合基金,元大投信,境內,ET006002/806,,6.0,4.24,3.96,16.15,50.13,74.0,46.51,87.88,,,,08/18,元大全球新興市場精選組合基金
富蘭克林華美目標2037組合基金-R類型(台幣),富蘭克林華美投信,境內,ET006002/806,,7.0,1.48,4.37,15.6,33.96,50.57,,,,,,08/18,富蘭克林華美目標2037組合基金R類型台幣
富蘭克林華美目標2037組合基金(台幣),富蘭克林華美投信,境內,ET006002/806,,8.0,1.4,4.33,15.45,33.69,49.74,56.5,,,,,08/18,富蘭克林華美目標2037組合基金台幣
國泰泰享退系列2049目標日期組合基金-A類型(美元),國泰投信,境內,ET006002/806,,9.0,2.83,2.61,15.17,34.82,86.37,67.81,,,,,08/18,國泰泰享退系列2049目標日期組合基金A類型美元
國泰泰享退系列2039目標日期組合基金-P類型(台幣),國泰投信,境內,ET006002/806,,10.0,1.2,3.38,14.65,37.93,76.67,83.7,,,,,08/18,國泰泰享退系列2039目標日期組合基金P類型台幣
國泰泰享退系列2039目標日期組合基金-R類型(台幣),國泰投信,境內,ET006002/806,,11.0,1.18,3.31,14.49,37.55,75.14,,,,,,08/18,國泰泰享退系列2039目標日期組合基金R類型台幣
國泰泰享退系列2039目標日期組合基金-A類型(台幣),國泰投信,境內,ET006002/806,,12.0,1.17,3.29,14.45,37.46,74.76,80.28,,,,,08/18,國泰泰享退系列2039目標日期組合基金A類型台幣
安聯四季成長組合基金-P累積型(台幣),安聯投信,境內,ET006002/806,,13.0,2.42,3.85,14.05,34.95,77.6,86.11,,,,,08/18,安聯四季成長組合基金P累積型台幣
安聯四季成長組合基金-TISA類型(台幣),安聯投信,境內,ET006002/806,,14.0,2.4,3.79,13.99,34.76,,,,,,,08/18,安聯四季成長組合基金TISA類型台幣
富蘭克林華美目標2037組合基金(美元),富蘭克林華美投信,境內,ET006002/806,,15.0,2.51,3.02,13.93,25.75,49.68,36.33,,,,,08/18,富蘭克林華美目標2037組合基金美元
安聯四季成長組合基金-R累積型(台幣),安聯投信,境內,ET006002/806,,16.0,2.4,3.71,13.79,34.36,75.07,,,,,,08/18,安聯四季成長組合基金R累積型台幣
野村美國增長股票ETF組合基金-月配型(台幣)(本基金配息來源可能為本金),野村投信,境內,ET006002/806,,17.0,2.52,6.52,13.57,,,,,,,,08/18,野村美國增長股票ETF組合基金月配型台幣本基金配息來源可能為本金
野村美國增長股票ETF組合基金-月配N類型(台幣)(本基金配息來源可能為本金),野村投信,境內,ET006002/806,,18.0,2.62,6.52,13.57,,,,,,,,08/18,野村美國增長股票ETF組合基金月配N類型台幣本基金配息來源可能為本金
野村美國增長股票ETF組合基金-累積型(台幣)(本基金配息來源可能為本金),野村投信,境內,ET006002/806,,19.0,2.53,6.47,13.5,,,,,,,,08/18,野村美國增長股票ETF組合基金累積型台幣本基金配息來源可能為本金
安聯四季成長組合基金-A累積型(台幣),安聯投信,境內,ET006002/806,,20.0,2.34,3.57,13.48,33.73,72.69,77.75,166.0,,,,08/18,安聯四季成長組合基金A累積型台幣
國泰全球積極組合基金-R不配息(台幣)(基金之配息來源可能為本金),國泰投信,境內,ET006002/806,,21.0,2.24,2.45,13.02,35.44,71.72,,,,,,08/18,國泰全球積極組合基金R不配息台幣基金之配息來源可能為本金
國泰全球積極組合基金-B配息(台幣)(基金之配息來源可能為本金),國泰投信,境內,ET006002/806,,22.0,2.23,2.43,13.0,35.3,71.23,66.35,,,,,08/18,國泰全球積極組合基金B配息台幣基金之配息來源可能為本金
國泰全球積極組合基金-A不配息(台幣)(基金之配息來源可能為本金),國泰投信,境內,ET006002/806,,23.0,2.22,2.42,12.96,35.29,71.19,66.36,181.02,,,,08/18,國泰全球積極組合基金A不配息台幣基金之配息來源可能為本金
國泰泰享退系列2039目標日期組合基金-A類型(美元),國泰投信,境內,ET006002/806,,24.0,2.26,2.01,12.92,29.37,75.21,60.1,,,,,08/18,國泰泰享退系列2039目標日期組合基金A類型美元
國泰泰享退系列2029目標日期組合基金-P類型(台幣),國泰投信,境內,ET006002/806,,25.0,0.74,2.15,12.52,35.48,63.48,63.55,,,,,08/18,國泰泰享退系列2029目標日期組合基金P類型台幣
國泰泰享退系列2029目標日期組合基金-R類型(台幣),國泰投信,境內,ET006002/806,,26.0,0.72,2.1,12.41,35.22,62.45,,,,,,08/18,國泰泰享退系列2029目標日期組合基金R類型台幣
國泰泰享退系列2029目標日期組合基金-A類型(台幣),國泰投信,境內,ET006002/806,,27.0,0.71,2.09,12.39,35.15,62.19,61.3,,,,,08/18,國泰泰享退系列2029目標日期組合基金A類型台幣
安聯四季成長組合基金(美元),安聯投信,境內,ET006002/806,,28.0,3.42,2.28,12.0,25.81,72.63,54.84,161.46,,,,08/18,安聯四季成長組合基金美元
野村美國增長股票ETF組合基金-月配型(美元)(本基金配息來源可能為本金),野村投信,境內,ET006002/806,,29.0,3.71,5.28,12.0,,,,,,,,08/18,野村美國增長股票ETF組合基金月配型美元本基金配息來源可能為本金
野村美國增長股票ETF組合基金-累積型(美元)(本基金配息來源可能為本金),野村投信,境內,ET006002/806,,30.0,3.59,5.24,11.95,,,,,,,,08/18,野村美國增長股票ETF組合基金累積型美元本基金配息來源可能為本金
野村美國增長股票ETF組合基金-月配N類型(美元)(本基金配息來源可能為本金),野村投信,境內,ET006002/806,,31.0,3.62,5.18,11.9,,,,,,,,08/18,野村美國增長股票ETF組合基金月配N類型美元本基金配息來源可能為本金
國泰全球積極組合基金-A不配息(美元)(基金之配息來源可能為本金),國泰投信,境內,ET006002/806,,32.0,3.32,1.15,11.47,27.35,71.37,45.13,176.61,,,,08/18,國泰全球積極組合基金A不配息美元基金之配息來源可能為本金
匯豐全球趨勢組合基金,匯豐投信,境內,ET006002/806,,33.0,2.36,4.77,11.29,25.79,66.26,77.85,178.56,,,,08/18,匯豐全球趨勢組合基金
國泰全球積極組合基金-A不配息(澳幣)(基金之配息來源可能為本金),國泰投信,境內,ET006002/806,,34.0,1.81,2.29,11.24,16.64,54.88,48.1,,,,,08/18,國泰全球積極組合基金A不配息澳幣基金之配息來源可能為本金
國泰泰享退系列2029目標日期組合基金-A類型(美元),國泰投信,境內,ET006002/806,,35.0,1.8,0.81,10.89,27.29,63.29,45.71,,,,,08/18,國泰泰享退系列2029目標日期組合基金A類型美元
東方匯理CIO精選增長基金-AD月配型(南非幣避險)(本基金配息來源可能為本金),東方匯理投信,境內,ET006002/806,,36.0,2.62,3.65,9.62,21.77,,,,,,,08/18,東方匯理CIO精選增長基金AD月配型南非幣避險本基金配息來源可能為本金
東方匯理CIO精選增長基金-N2累積型(台幣)(本基金配息來源可能為本金),東方匯理投信,境內,ET006002/806,,37.0,1.78,4.56,8.52,25.47,,,,,,,08/18,東方匯理CIO精選增長基金N2累積型台幣本基金配息來源可能為本金
東方匯理CIO精選增長基金-A2累積型(台幣)(本基金配息來源可能為本金),東方匯理投信,境內,ET006002/806,,38.0,1.78,4.56,8.52,25.47,,,,,,,08/18,東方匯理CIO精選增長基金A2累積型台幣本基金配息來源可能為本金
富蘭克林華美坦伯頓全球股票組合基金-R類型,富蘭克林華美投信,境內,ET006002/806,,39.0,3.51,-1.79,8.21,18.23,49.23,,,,,,08/18,富蘭克林華美坦伯頓全球股票組合基金R類型
東方匯理CIO精選增長基金-AD月配型(台幣)(本基金配息來源可能為本金),東方匯理投信,境內,ET006002/806,,40.0,1.51,4.52,8.2,25.08,,,,,,,08/18,東方匯理CIO精選增長基金AD月配型台幣本基金配息來源可能為本金
東方匯理CIO精選增長基金-ND月配型(台幣)(本基金配息來源可能為本金),東方匯理投信,境內,ET006002/806,,41.0,1.51,4.52,8.2,25.08,,,,,,,08/18,東方匯理CIO精選增長基金ND月配型台幣本基金配息來源可能為本金
富蘭克林華美坦伯頓全球股票組合基金-A類型,富蘭克林華美投信,境內,ET006002/806,,42.0,3.49,-1.85,8.09,17.97,48.09,46.1,114.3,,,,08/18,富蘭克林華美坦伯頓全球股票組合基金A類型
東方匯理CIO精選增長基金-A2累積型(南非幣避險)(本基金配息來源可能為本金),東方匯理投信,境內,ET006002/806,,43.0,3.02,3.42,7.7,19.62,,,,,,,08/18,東方匯理CIO精選增長基金A2累積型南非幣避險本基金配息來源可能為本金
東方匯理CIO精選增長基金-N2累積型(南非幣避險)(本基金配息來源可能為本金),東方匯理投信,境內,ET006002/806,,44.0,2.95,3.67,7.46,19.03,,,,,,,08/18,東方匯理CIO精選增長基金N2累積型南非幣避險本基金配息來源可能為本金
東方匯理CIO精選增長基金-ND月配型(南非幣避險)(本基金配息來源可能為本金),東方匯理投信,境內,ET006002/806,,45.0,2.5,3.82,7.37,19.28,,,,,,,08/18,東方匯理CIO精選增長基金ND月配型南非幣避險本基金配息來源可能為本金
東方匯理CIO精選增長基金-N2累積型(澳幣避險)(本基金配息來源可能為本金),東方匯理投信,境內,ET006002/806,,46.0,2.9,3.15,7.05,17.39,,,,,,,08/18,東方匯理CIO精選增長基金N2累積型澳幣避險本基金配息來源可能為本金
東方匯理CIO精選增長基金-N2累積型(美元)(本基金配息來源可能為本金),東方匯理投信,境內,ET006002/806,,47.0,2.85,3.18,7.0,17.98,,,,,,,08/18,東方匯理CIO精選增長基金N2累積型美元本基金配息來源可能為本金
東方匯理CIO精選增長基金-A2累積型(美元)(本基金配息來源可能為本金),東方匯理投信,境內,ET006002/806,,48.0,2.85,3.18,7.0,17.98,,,,,,,08/18,東方匯理CIO精選增長基金A2累積型美元本基金配息來源可能為本金
東方匯理CIO精選增長基金-ND月配型(美元)(本基金配息來源可能為本金),東方匯理投信,境內,ET006002/806,,49.0,2.63,3.28,6.87,17.74,,,,,,,08/18,東方匯理CIO精選增長基金ND月配型美元本基金配息來源可能為本金
柏瑞旗艦全球成長組合基金,柏瑞投信,境內,ET006002/806,,50.0,3.03,3.0,6.86,20.77,53.11,52.15,122.11,,,,08/18,柏瑞旗艦全球成長組合基金
東方匯理CIO精選增長基金-AD月配型(美元)(本基金配息來源可能為本金),東方匯理投信,境內,ET006002/806,,51.0,2.63,3.28,6.78,17.74,,,,,,,08/18,東方匯理CIO精選增長基金AD月配型美元本基金配息來源可能為本金
東方匯理CIO精選增長基金-A2累積型(澳幣避險)(本基金配息來源可能為本金),東方匯理投信,境內,ET006002/806,,52.0,2.83,3.24,6.71,17.11,,,,,,,08/18,東方匯理CIO精選增長基金A2累積型澳幣避險本基金配息來源可能為本金
東方匯理CIO精選增長基金-AD月配型(澳幣避險)(本基金配息來源可能為本金),東方匯理投信,境內,ET006002/806,,53.0,2.61,3.17,6.56,16.55,,,,,,,08/18,東方匯理CIO精選增長基金AD月配型澳幣避險本基金配息來源可能為本金
東方匯理CIO精選增長基金-ND月配型(澳幣避險)(本基金配息來源可能為本金),東方匯理投信,境內,ET006002/806,,54.0,2.69,3.26,6.37,16.63,,,,,,,08/18,東方匯理CIO精選增長基金ND月配型澳幣避險本基金配息來源可能為本金
東方匯理CIO精選增長基金-N2累積型(人民幣避險)(本基金配息來源可能為本金),東方匯理投信,境內,ET006002/806,,55.0,2.64,2.48,5.43,14.79,,,,,,,08/18,東方匯理CIO精選增長基金N2累積型人民幣避險本基金配息來源可能為本金
東方匯理CIO精選增長基金-A2累積型(人民幣避險)(本基金配息來源可能為本金),東方匯理投信,境內,ET006002/806,,56.0,2.65,2.48,5.36,14.72,,,,,,,08/18,東方匯理CIO精選增長基金A2累積型人民幣避險本基金配息來源可能為本金
東方匯理CIO精選增長基金-AD月配型(人民幣避險)(本基金配息來源可能為本金),東方匯理投信,境內,ET006002/806,,57.0,2.53,2.52,5.35,14.65,,,,,,,08/18,東方匯理CIO精選增長基金AD月配型人民幣避險本基金配息來源可能為本金
東方匯理CIO精選增長基金-ND月配型(人民幣避險)(本基金配息來源可能為本金),東方匯理投信,境內,ET006002/806,,58.0,2.53,2.43,5.26,14.55,,,,,,,08/18,東方匯理CIO精選增長基金ND月配型人民幣避險本基金配息來源可能為本金
華南永昌Shiller US CAPE ETF組合基金A不配息(台幣)(本基金之配息來源可能為本金),華南永昌投信,境內,ET006002/806,,59.0,-1.13,1.2,1.35,10.8,31.07,45.18,,,,,08/18,華南永昌ShillerUSCAPEETF組合基金A不配息台幣本基金之配息來源可能為本金
華南永昌Shiller US CAPE ETF組合基金B配息(台幣)(本基金之配息來源可能為本金),華南永昌投信,境內,ET006002/806,,60.0,-1.17,1.14,1.32,10.76,31.03,45.13,,,,,08/18,華南永昌ShillerUSCAPEETF組合基金B配息台幣本基金之配息來源可能為本金
華南永昌Shiller US CAPE ETF組合基金B配息(美元)(本基金之配息來源可能為本金),華南永昌投信,境內,ET006002/806,,61.0,-0.06,-0.09,-0.1,4.19,31.11,26.41,,,,,08/18,華南永昌ShillerUSCAPEETF組合基金B配息美元本基金之配息來源可能為本金
華南永昌Shiller US CAPE ETF組合基金A不配息(美元)(本基金之配息來源可能為本金),華南永昌投信,境內,ET006002/806,,62.0,-0.05,-0.1,-0.14,4.22,31.23,26.78,,,,,08/18,華南永昌ShillerUSCAPEETF組合基金A不配息美元本基金之配息來源可能為本金
富蘭克林華美目標2047組合基金-R類型(台幣),富蘭克林華美投信,境內,ET006002/806,,63.0,3.39,-7.58,-3.61,8.38,23.08,,,,,,08/18,富蘭克林華美目標2047組合基金R類型台幣
富蘭克林華美目標2047組合基金(台幣),富蘭克林華美投信,境內,ET006002/806,,64.0,3.35,-7.65,-3.79,8.14,22.09,27.24,,,,,08/18,富蘭克林華美目標2047組合基金台幣
富蘭克林華美目標2047組合基金(美元),富蘭克林華美投信,境內,ET006002/806,,65.0,4.51,-8.75,-5.01,1.71,22.07,10.97,,,,,08/18,富蘭克林華美目標2047組合基金美元
瀚亞環球增長ETF組合基金A不配息(台幣)(本基金有相當比重投資於非投資等級之高風險債券基金),瀚亞投信,境內,ET006002/806,,66.0,2.21,1.9,,,,,,,,,08/18,瀚亞環球增長ETF組合基金A不配息台幣本基金有相當比重投資於非投資等級之高風險債券基金
瀚亞環球增長ETF組合基金SA不配息(台幣)(本基金有相當比重投資於非投資等級之高風險債券基金),瀚亞投信,境內,ET006002/806,,67.0,2.21,1.9,,,,,,,,,08/18,瀚亞環球增長ETF組合基金SA不配息台幣本基金有相當比重投資於非投資等級之高風險債券基金
瀚亞環球增長ETF組合基金B配息(台幣)(本基金有相當比重投資於非投資等級之高風險債券基金且配息來源可能為本金),瀚亞投信,境內,ET006002/806,,68.0,2.2,1.89,,,,,,,,,08/18,瀚亞環球增長ETF組合基金B配息台幣本基金有相當比重投資於非投資等級之高風險債券基金且配息來源可能為本金
瀚亞環球增長ETF組合基金S配息(台幣)(本基金有相當比重投資於非投資等級之高風險債券基金且配息來源可能為本金),瀚亞投信,境內,ET006002/806,,69.0,2.2,1.89,,,,,,,,,08/18,瀚亞環球增長ETF組合基金S配息台幣本基金有相當比重投資於非投資等級之高風險債券基金且配息來源可能為本金
瀚亞環球增長ETF組合基金A不配息(美元)(本基金有相當比重投資於非投資等級之高風險債券基金),瀚亞投信,境內,ET006002/806,,70.0,3.29,0.6,,,,,,,,,08/18,瀚亞環球增長ETF組合基金A不配息美元本基金有相當比重投資於非投資等級之高風險債券基金
瀚亞環球增長ETF組合基金SA不配息(美元)(本基金有相當比重投資於非等級之高風險債券基金),瀚亞投信,境內,ET006002/806,,71.0,3.29,0.6,,,,,,,,,08/18,瀚亞環球增長ETF組合基金SA不配息美元本基金有相當比重投資於非等級之高風險債券基金
瀚亞環球增長ETF組合基金B配息(美元)(本基金有相當比重投資於非投資等級之高風險債券基金且配息來源可能為本金),瀚亞投信,境內,ET006002/806,,72.0,3.29,0.6,,,,,,,,,08/18,瀚亞環球增長ETF組合基金B配息美元本基金有相當比重投資於非投資等級之高風險債券基金且配息來源可能為本金
瀚亞環球增長ETF組合基金S配息(美元)(本基金有相當比重投資於非投資等級之高風險債券基金且配息來源可能為本金),瀚亞投信,境內,ET006002/806,,73.0,3.29,0.6,,,,,,,,,08/18,瀚亞環球增長ETF組合基金S配息美元本基金有相當比重投資於非投資等級之高風險債券基金且配息來源可能為本金
瀚亞環球增長ETF組合基金A不配息(人民幣)(本基金有相當比重投資於非投資等級之高風險債券基金),瀚亞投信,境內,ET006002/806,,74.0,2.79,-0.2,,,,,,,,,08/18,瀚亞環球增長ETF組合基金A不配息人民幣本基金有相當比重投資於非投資等級之高風險債券基金
瀚亞環球增長ETF組合基金SA不配息(人民幣)(本基金有相當比重投資於非投資等級之高風險債券基金),瀚亞投信,境內,ET006002/806,,75.0,2.79,-0.2,,,,,,,,,08/18,瀚亞環球增長ETF組合基金SA不配息人民幣本基金有相當比重投資於非投資等級之高風險債券基金
瀚亞環球增長ETF組合基金B配息(人民幣)(本基金有相當比重投資於非投資等級之高風險債券基金且配息來源可能為本金),瀚亞投信,境內,ET006002/806,,76.0,2.79,-0.2,,,,,,,,,08/18,瀚亞環球增長ETF組合基金B配息人民幣本基金有相當比重投資於非投資等級之高風險債券基金且配息來源可能為本金
瀚亞環球增長ETF組合基金S配息(人民幣)(本基金有相當比重投資於非投資等級之高風險債券基金且配息來源可能為本金),瀚亞投信,境內,ET006002/806,,77.0,2.79,-0.2,,,,,,,,,08/18,瀚亞環球增長ETF組合基金S配息人民幣本基金有相當比重投資於非投資等級之高風險債券基金且配息來源可能為本金
瀚亞環球增長ETF組合基金A不配息(日幣)(本基金有相當比重投資於非投資等級之高風險債券基金),瀚亞投信,境內,ET006002/806,,78.0,1.52,1.02,,,,,,,,,08/18,瀚亞環球增長ETF組合基金A不配息日幣本基金有相當比重投資於非投資等級之高風險債券基金
瀚亞環球增長ETF組合基金SA不配息(日幣)(本基金有相當比重投資於非投資等級之高風險債券基金),瀚亞投信,境內,ET006002/806,,79.0,1.52,1.02,,,,,,,,,08/18,瀚亞環球增長ETF組合基金SA不配息日幣本基金有相當比重投資於非投資等級之高風險債券基金
瀚亞環球增長ETF組合基金B配息(日幣)(本基金有相當比重投資於非投資等級之高風險債券基金且配息來源可能為本金),瀚亞投信,境內,ET006002/806,,80.0,1.51,1.01,,,,,,,,,08/18,瀚亞環球增長ETF組合基金B配息日幣本基金有相當比重投資於非投資等級之高風險債券基金且配息來源可能為本金
瀚亞環球增長ETF組合基金S配息(日幣)(本基金有相當比重投資於非投資等級之高風險債券基金且配息來源可能為本金),瀚亞投信,境內,ET006002/806,,81.0,1.51,1.01,,,,,,,,,08/18,瀚亞環球增長ETF組合基金S配息日幣本基金有相當比重投資於非投資等級之高風險債券基金且配息來源可能為本金
富蘭克林華美目標2027組合基金-R類型(台幣),富蘭克林華美投信,境內,ET006003/806,,1.0,0.95,3.42,12.6,25.68,38.99,,,,,,08/18,富蘭克林華美目標2027組合基金R類型台幣
富蘭克林華美目標2027組合基金(台幣),富蘭克林華美投信,境內,ET006003/806,,2.0,0.92,3.44,12.54,25.51,38.66,48.17,,,,,08/18,富蘭克林華美目標2027組合基金台幣
富蘭克林華美目標2027組合基金(美元),富蘭克林華美投信,境內,ET006003/806,,3.0,1.97,2.05,10.97,18.03,38.6,29.08,,,,,08/18,富蘭克林華美目標2027組合基金美元
合庫新興多重收益基金-A不配息(美元)(本基金之子基金得投資於非投資等級之高風險債券),合作金庫投信,境內,ET006003/806,,4.0,0.04,6.11,4.15,7.42,20.26,28.11,,,,,08/18,合庫新興多重收益基金A不配息美元本基金之子基金得投資於非投資等級之高風險債券
國泰豐益債券組合基金-R不配息(台幣)(基金之配息來源可能為本金),國泰投信,境內,ET006003/806,,5.0,0.09,2.5,1.96,10.0,15.72,,,,,,08/18,國泰豐益債券組合基金R不配息台幣基金之配息來源可能為本金
國泰豐益債券組合基金-A不配息(台幣)(基金之配息來源可能為本金),國泰投信,境內,ET006003/806,,6.0,0.08,2.48,1.9,9.89,15.37,8.25,17.75,,,,08/18,國泰豐益債券組合基金A不配息台幣基金之配息來源可能為本金
國泰豐益債券組合基金-B配息(台幣)(基金之配息來源可能為本金),國泰投信,境內,ET006003/806,,7.0,0.08,2.48,1.9,9.89,15.37,,,,,,08/18,國泰豐益債券組合基金B配息台幣基金之配息來源可能為本金
東方匯理CIO精選保守基金-A2累積型(台幣)(本基金有一定比重投資於非投資等級之高風險債券且配息來源可能為本金),東方匯理投信,境內,ET006003/806,,8.0,-0.83,2.1,1.81,,,,,,,,08/18,東方匯理CIO精選保守基金A2累積型台幣本基金有一定比重投資於非投資等級之高風險債券且配息來源可能為本金
合庫新興多重收益基金-B配息(南非幣)(本基金之子基金得投資於非投資等級之高風險債券且配息來源可能為本金),合作金庫投信,境內,ET006003/806,,9.0,1.0,3.54,1.73,27.4,65.35,21.51,73.94,,,,08/18,合庫新興多重收益基金B配息南非幣本基金之子基金得投資於非投資等級之高風險債券且配息來源可能為本金
東方匯理CIO精選保守基金-N2累積型(台幣)(本基金有一定比重投資於非投資等級之高風險債券且配息來源可能為本金),東方匯理投信,境內,ET006003/806,,10.0,-0.93,2.0,1.71,,,,,,,,08/18,東方匯理CIO精選保守基金N2累積型台幣本基金有一定比重投資於非投資等級之高風險債券且配息來源可能為本金
安聯新興債券收益組合基金-A累積型(台幣)(本基金有一定比例之投資包含高風險非投資等級債券基金),安聯投信,境內,ET006003/806,,11.0,-1.2,2.77,1.7,15.95,32.02,24.97,,,,,08/18,安聯新興債券收益組合基金A累積型台幣本基金有一定比例之投資包含高風險非投資等級債券基金
安聯新興債券收益組合基金-N月配型(台幣)(本基金有一定比例之投資包含高風險非投資等級債券基金且配息來源可能為本金),安聯投信,境內,ET006003/806,,12.0,-1.2,2.77,1.69,15.96,31.98,24.93,,,,,08/18,安聯新興債券收益組合基金N月配型台幣本基金有一定比例之投資包含高風險非投資等級債券基金且配息來源可能為本金
安聯新興債券收益組合基金-B月配型(台幣)(本基金有一定比例之投資包含高風險非投資等級債券基金且配息來源可能為本金),安聯投信,境內,ET006003/806,,13.0,-1.2,2.77,1.69,15.96,31.98,24.93,,,,,08/18,安聯新興債券收益組合基金B月配型台幣本基金有一定比例之投資包含高風險非投資等級債券基金且配息來源可能為本金
東方匯理CIO精選保守基金-N2累積型(南非幣避險)(本基金有一定比重投資於非投資等級之高風險債券且配息來源可能為本金),東方匯理投信,境內,ET006003/806,,14.0,0.39,1.37,1.57,,,,,,,,08/18,東方匯理CIO精選保守基金N2累積型南非幣避險本基金有一定比重投資於非投資等級之高風險債券且配息來源可能為本金
東方匯理CIO精選保守基金-A2累積型(南非幣避險)(本基金有一定比重投資於非投資等級之高風險債券且配息來源可能為本金),東方匯理投信,境內,ET006003/806,,15.0,0.39,1.57,1.57,,,,,,,,08/18,東方匯理CIO精選保守基金A2累積型南非幣避險本基金有一定比重投資於非投資等級之高風險債券且配息來源可能為本金
合庫新興多重收益基金-A不配息(南非幣)(本基金之子基金得投資於非投資等級之高風險債券),合作金庫投信,境內,ET006003/806,,16.0,0.67,3.09,1.36,27.48,63.1,19.35,65.0,,,,08/18,合庫新興多重收益基金A不配息南非幣本基金之子基金得投資於非投資等級之高風險債券
東方匯理CIO精選保守基金-AD月配型(台幣)(本基金有一定比重投資於非投資等級之高風險債券且配息來源可能為本金),東方匯理投信,境內,ET006003/806,,17.0,-1.25,2.04,1.32,,,,,,,,08/18,東方匯理CIO精選保守基金AD月配型台幣本基金有一定比重投資於非投資等級之高風險債券且配息來源可能為本金
東方匯理CIO精選保守基金-ND月配型(台幣)(本基金有一定比重投資於非投資等級之高風險債券且配息來源可能為本金),東方匯理投信,境內,ET006003/806,,18.0,-1.25,2.04,1.32,,,,,,,,08/18,東方匯理CIO精選保守基金ND月配型台幣本基金有一定比重投資於非投資等級之高風險債券且配息來源可能為本金
群益全民安穩樂退組合基金P累積型(台幣)(本基金配息來源可能為本金),群益投信,境內,ET006003/806,,19.0,-0.12,1.77,1.28,10.4,21.37,21.57,,,,,08/18,群益全民安穩樂退組合基金P累積型台幣本基金配息來源可能為本金
國泰豐益債券組合基金-A不配息(美元)(基金之配息來源可能為本金),國泰投信,境內,ET006003/806,,20.0,0.68,1.65,1.25,6.48,21.66,15.9,,,,,08/18,國泰豐益債券組合基金A不配息美元基金之配息來源可能為本金
群益全民安穩樂退組合基金R累積型(台幣)(本基金配息來源可能為本金),群益投信,境內,ET006003/806,,21.0,-0.14,1.7,1.12,10.08,20.44,,,,,,08/18,群益全民安穩樂退組合基金R累積型台幣本基金配息來源可能為本金
國泰豐益債券組合基金-A不配息(澳幣)(基金之配息來源可能為本金),國泰投信,境內,ET006003/806,,22.0,-0.82,2.79,1.03,-2.49,9.98,,,,,,08/18,國泰豐益債券組合基金A不配息澳幣基金之配息來源可能為本金
東方匯理CIO精選保守基金-AD月配型(南非幣避險)(本基金有一定比重投資於非投資等級之高風險債券且配息來源可能為本金),東方匯理投信,境內,ET006003/806,,23.0,-0.21,1.29,1.02,,,,,,,,08/18,東方匯理CIO精選保守基金AD月配型南非幣避險本基金有一定比重投資於非投資等級之高風險債券且配息來源可能為本金
群益全民安穩樂退組合基金A累積型(台幣)(本基金配息來源可能為本金),群益投信,境內,ET006003/806,,24.0,-0.18,1.6,0.92,9.63,18.86,17.41,,,,,08/18,群益全民安穩樂退組合基金A累積型台幣本基金配息來源可能為本金
群益全民安穩樂退組合基金B月配型(台幣)(本基金配息來源可能為本金),群益投信,境內,ET006003/806,,25.0,-0.18,1.59,0.92,9.64,18.87,17.42,,,,,08/18,群益全民安穩樂退組合基金B月配型台幣本基金配息來源可能為本金
群益全民安穩樂退組合基金NB月配型(台幣)(本基金配息來源可能為本金),群益投信,境內,ET006003/806,,26.0,-0.18,1.59,0.92,9.64,18.86,17.41,,,,,08/18,群益全民安穩樂退組合基金NB月配型台幣本基金配息來源可能為本金
東方匯理CIO精選保守基金-ND月配型(南非幣避險)(本基金有一定比重投資於非投資等級之高風險債券且配息來源可能為本金),東方匯理投信,境內,ET006003/806,,27.0,-0.31,1.4,0.82,,,,,,,,08/18,東方匯理CIO精選保守基金ND月配型南非幣避險本基金有一定比重投資於非投資等級之高風險債券且配息來源可能為本金
復華全球債券組合基金(本基金有相當比重投資於持有非投資等級高風險債券之基金),復華投信,境內,ET006003/806,,28.0,-0.9,2.53,0.61,9.72,16.01,6.55,8.93,,,,08/18,復華全球債券組合基金本基金有相當比重投資於持有非投資等級高風險債券之基金
東方匯理CIO精選保守基金-N2累積型(澳幣避險)(本基金有一定比重投資於非投資等級之高風險債券且配息來源可能為本金),東方匯理投信,境內,ET006003/806,,29.0,0.2,0.89,0.59,,,,,,,,08/18,東方匯理CIO精選保守基金N2累積型澳幣避險本基金有一定比重投資於非投資等級之高風險債券且配息來源可能為本金
永豐新興市場及非投資等級雙債組合基金-月配型(本基金主要投資於高風險非投資等級債券基金且基金之配息來源可能為本金),永豐投信,境內,ET006003/806,,30.0,-0.14,2.24,0.56,7.31,15.59,8.51,5.21,,,,08/18,永豐新興市場及非投資等級雙債組合基金月配型本基金主要投資於高風險非投資等級債券基金且基金之配息來源可能為本金
永豐新興市場及非投資等級雙債組合基金-累積型(本基金主要投資於高風險非投資等級債券基金且基金之配息來源可能為本金),永豐投信,境內,ET006003/806,,31.0,-0.15,2.24,0.56,7.31,15.59,8.51,5.2,,,,08/18,永豐新興市場及非投資等級雙債組合基金累積型本基金主要投資於高風險非投資等級債券基金且基金之配息來源可能為本金
東方匯理CIO精選保守基金-A2累積型(澳幣避險)(本基金有一定比重投資於非投資等級之高風險債券且配息來源可能為本金),東方匯理投信,境內,ET006003/806,,32.0,0.2,0.89,0.49,,,,,,,,08/18,東方匯理CIO精選保守基金A2累積型澳幣避險本基金有一定比重投資於非投資等級之高風險債券且配息來源可能為本金
東方匯理CIO精選保守基金-A2累積型(美元)(本基金有一定比重投資於非投資等級之高風險債券且配息來源可能為本金),東方匯理投信,境內,ET006003/806,,33.0,0.2,0.79,0.49,,,,,,,,08/18,東方匯理CIO精選保守基金A2累積型美元本基金有一定比重投資於非投資等級之高風險債券且配息來源可能為本金
東方匯理CIO精選保守基金-N2累積型(美元)(本基金有一定比重投資於非投資等級之高風險債券且配息來源可能為本金),東方匯理投信,境內,ET006003/806,,34.0,0.2,0.79,0.49,,,,,,,,08/18,東方匯理CIO精選保守基金N2累積型美元本基金有一定比重投資於非投資等級之高風險債券且配息來源可能為本金
群益全民安穩樂退組合基金NB月配型(美元)(本基金配息來源可能為本金),群益投信,境內,ET006003/806,,35.0,0.92,0.88,0.39,5.22,20.7,3.93,,,,,08/18,群益全民安穩樂退組合基金NB月配型美元本基金配息來源可能為本金
群益全民安穩樂退組合基金B月配型(美元)(本基金配息來源可能為本金),群益投信,境內,ET006003/806,,36.0,0.91,0.88,0.38,5.25,20.7,3.92,,,,,08/18,群益全民安穩樂退組合基金B月配型美元本基金配息來源可能為本金
群益全民安穩樂退組合基金A累積型(美元)(本基金配息來源可能為本金),群益投信,境內,ET006003/806,,37.0,0.91,0.88,0.38,5.21,20.7,3.94,,,,,08/18,群益全民安穩樂退組合基金A累積型美元本基金配息來源可能為本金
安聯四季豐收債券組合基金-B月配型(台幣)(本基金有一定比例之投資包含高風險非投資等級債券基金且配息來源可能為本金),安聯投信,境內,ET006003/806,,38.0,-0.66,1.71,0.38,6.91,15.62,4.94,15.68,,,,08/18,安聯四季豐收債券組合基金B月配型台幣本基金有一定比例之投資包含高風險非投資等級債券基金且配息來源可能為本金
安聯四季豐收債券組合基金-N月配型(台幣)(本基金有一定比例之投資包含高風險非投資等級債券基金且配息來源可能為本金),安聯投信,境內,ET006003/806,,39.0,-0.66,1.71,0.38,6.91,15.62,4.94,,,,,08/18,安聯四季豐收債券組合基金N月配型台幣本基金有一定比例之投資包含高風險非投資等級債券基金且配息來源可能為本金
安聯四季豐收債券組合基金-A累積型(台幣)(本基金有一定比例之投資包含高風險非投資等級債券基金),安聯投信,境內,ET006003/806,,40.0,-0.66,1.71,0.38,6.91,15.62,4.93,15.68,,,,08/18,安聯四季豐收債券組合基金A累積型台幣本基金有一定比例之投資包含高風險非投資等級債券基金
安聯新興債券收益組合基金-A累積型(美元)(本基金有一定比例之投資包含高風險非投資等級債券基金),安聯投信,境內,ET006003/806,,41.0,-0.14,1.48,0.34,9.1,32.15,10.61,,,,,08/18,安聯新興債券收益組合基金A累積型美元本基金有一定比例之投資包含高風險非投資等級債券基金
安聯新興債券收益組合基金-N月配型(美元)(本基金有一定比例之投資包含高風險非投資等級債券基金且配息來源可能為本金),安聯投信,境內,ET006003/806,,42.0,-0.14,1.49,0.33,9.09,32.16,10.62,,,,,08/18,安聯新興債券收益組合基金N月配型美元本基金有一定比例之投資包含高風險非投資等級債券基金且配息來源可能為本金
安聯新興債券收益組合基金-B月配型(美元)(本基金有一定比例之投資包含高風險非投資等級債券基金且配息來源可能為本金),安聯投信,境內,ET006003/806,,43.0,-0.14,1.48,0.33,9.09,32.16,10.62,,,,,08/18,安聯新興債券收益組合基金B月配型美元本基金有一定比例之投資包含高風險非投資等級債券基金且配息來源可能為本金
東方匯理CIO精選保守基金-ND月配型(澳幣避險)(本基金有一定比重投資於非投資等級之高風險債券且配息來源可能為本金),東方匯理投信,境內,ET006003/806,,44.0,-0.1,0.94,0.28,,,,,,,,08/18,東方匯理CIO精選保守基金ND月配型澳幣避險本基金有一定比重投資於非投資等級之高風險債券且配息來源可能為本金
安聯四季回報債券組合基金-P累積型(台幣)(本基金有相當比重之投資包含高風險非投資等級債券基金),安聯投信,境內,ET006003/806,,45.0,-0.7,1.89,0.25,6.58,15.48,6.07,,,,,08/18,安聯四季回報債券組合基金P累積型台幣本基金有相當比重之投資包含高風險非投資等級債券基金
聯邦優勢策略全球債券組合基金,聯邦投信,境內,ET006003/806,,46.0,-1.16,1.95,0.19,8.42,10.05,-2.15,-3.76,,,,08/18,聯邦優勢策略全球債券組合基金
安聯四季回報債券組合基金-R累積型(台幣)(本基金有相當比重之投資包含高風險非投資等級債券基金),安聯投信,境內,ET006003/806,,47.0,-0.73,1.81,0.1,6.26,14.44,,,,,,08/18,安聯四季回報債券組合基金R累積型台幣本基金有相當比重之投資包含高風險非投資等級債券基金
東方匯理CIO精選保守基金-AD月配型(美元)(本基金有一定比重投資於非投資等級之高風險債券且配息來源可能為本金),東方匯理投信,境內,ET006003/806,,48.0,-0.2,0.74,0.08,,,,,,,,08/18,東方匯理CIO精選保守基金AD月配型美元本基金有一定比重投資於非投資等級之高風險債券且配息來源可能為本金
東方匯理CIO精選保守基金-ND月配型(美元)(本基金有一定比重投資於非投資等級之高風險債券且配息來源可能為本金),東方匯理投信,境內,ET006003/806,,49.0,-0.2,0.74,0.08,,,,,,,,08/18,東方匯理CIO精選保守基金ND月配型美元本基金有一定比重投資於非投資等級之高風險債券且配息來源可能為本金
野村全天候環球債券基金-累積S類型(美元)(本基金有一定比重投資於非投資等級之高風險債券且配息來源可能為本金),野村投信,境內,ET006003/806,,50.0,0.0,0.0,0.0,0.0,,,,,,,08/18,野村全天候環球債券基金累積S類型美元本基金有一定比重投資於非投資等級之高風險債券且配息來源可能為本金
安聯四季回報債券組合基金-B月配型(台幣)(本基金有相當比重之投資包含高風險非投資等級債券基金且配息來源可能為本金),安聯投信,境內,ET006003/806,,51.0,-0.75,1.76,-0.0,6.05,13.76,3.47,,,,,08/18,安聯四季回報債券組合基金B月配型台幣本基金有相當比重之投資包含高風險非投資等級債券基金且配息來源可能為本金
安聯四季回報債券組合基金-A累積型(台幣)(本基金有相當比重之投資包含高風險非投資等級債券基金),安聯投信,境內,ET006003/806,,52.0,-0.75,1.76,-0.0,6.05,13.76,3.47,11.48,,,,08/18,安聯四季回報債券組合基金A累積型台幣本基金有相當比重之投資包含高風險非投資等級債券基金
東方匯理CIO精選保守基金-AD月配型(澳幣避險)(本基金有一定比重投資於非投資等級之高風險債券且配息來源可能為本金),東方匯理投信,境內,ET006003/806,,53.0,-0.2,0.73,-0.03,,,,,,,,08/18,東方匯理CIO精選保守基金AD月配型澳幣避險本基金有一定比重投資於非投資等級之高風險債券且配息來源可能為本金
安聯四季豐收債券組合基金-A累積型(美元)(本基金有一定比例之投資包含高風險非投資等級債券基金),安聯投信,境內,ET006003/806,,54.0,0.07,1.03,-0.06,4.83,22.72,13.57,,,,,08/18,安聯四季豐收債券組合基金A累積型美元本基金有一定比例之投資包含高風險非投資等級債券基金
安聯四季豐收債券組合基金-B月配型(美元)(本基金有一定比例之投資包含高風險非投資等級債券基金且配息來源可能為本金),安聯投信,境內,ET006003/806,,55.0,0.07,1.03,-0.06,4.84,22.73,13.59,,,,,08/18,安聯四季豐收債券組合基金B月配型美元本基金有一定比例之投資包含高風險非投資等級債券基金且配息來源可能為本金
安聯四季豐收債券組合基金-N月配型(美元)(本基金有一定比例之投資包含高風險非投資等級債券基金且配息來源可能為本金),安聯投信,境內,ET006003/806,,56.0,0.07,1.03,-0.06,4.84,22.73,13.58,,,,,08/18,安聯四季豐收債券組合基金N月配型美元本基金有一定比例之投資包含高風險非投資等級債券基金且配息來源可能為本金
柏瑞旗艦全球債券組合基金A不配息(本基金有一定比例之投資包含高風險非投資等級債券基金),柏瑞投信,境內,ET006003/806,,57.0,-0.68,1.63,-0.08,6.75,13.74,2.7,4.04,,,,08/18,柏瑞旗艦全球債券組合基金A不配息本基金有一定比例之投資包含高風險非投資等級債券基金
聯博債券收益組合基金AA配息(南非幣)(本基金得投資於非投資等級之高風險債券基金且配息來源可能為本金及收益平準金),聯博投信,境內,ET006003/806,,58.0,-0.02,1.6,-0.09,4.21,24.59,15.12,72.34,,,,08/18,聯博債券收益組合基金AA配息南非幣本基金得投資於非投資等級之高風險債券基金且配息來源可能為本金及收益平準金
富蘭克林華美富蘭克林全球債券組合基金-分配型(台幣)(本基金之配息來源可能為本金),富蘭克林華美投信,境內,ET006003/806,,59.0,-0.27,1.86,-0.23,7.74,18.32,8.82,7.28,,,,08/18,富蘭克林華美富蘭克林全球債券組合基金分配型台幣本基金之配息來源可能為本金
富蘭克林華美富蘭克林全球債券組合基金-累積型(台幣)(本基金之配息來源可能為本金),富蘭克林華美投信,境內,ET006003/806,,60.0,-0.27,1.85,-0.23,7.74,18.31,8.81,7.26,,,,08/18,富蘭克林華美富蘭克林全球債券組合基金累積型台幣本基金之配息來源可能為本金
合庫新興多重收益基金-B配息(台幣)(本基金之子基金得投資於非投資等級之高風險債券且配息來源可能為本金),合作金庫投信,境內,ET006003/806,,61.0,-1.04,1.48,-0.27,16.25,29.12,-2.69,-4.34,,,,08/18,合庫新興多重收益基金B配息台幣本基金之子基金得投資於非投資等級之高風險債券且配息來源可能為本金
合庫新興多重收益基金-A不配息(台幣)(本基金之子基金得投資於非投資等級之高風險債券),合作金庫投信,境內,ET006003/806,,62.0,-1.05,1.48,-0.29,16.26,29.13,-2.67,-4.32,,,,08/18,合庫新興多重收益基金A不配息台幣本基金之子基金得投資於非投資等級之高風險債券
摩根總收益組合基金-累積型(美元),摩根投信,境內,ET006003/806,,63.0,-0.04,0.45,-0.35,2.35,16.39,10.8,,,,,08/18,摩根總收益組合基金累積型美元
統一全球債券組合基金(基金有一定比例投資非投資等級債券基金),統一投信,境內,ET006003/806,,64.0,-0.72,1.39,-0.44,5.43,9.19,-2.99,0.18,,,,08/18,統一全球債券組合基金基金有一定比例投資非投資等級債券基金
安聯四季回報債券組合基金-A累積型(美元)(本基金有相當比重之投資包含高風險非投資等級債券基金),安聯投信,境內,ET006003/806,,65.0,-0.01,1.1,-0.46,3.95,20.76,9.39,,,,,08/18,安聯四季回報債券組合基金A累積型美元本基金有相當比重之投資包含高風險非投資等級債券基金
安聯新興債券收益組合基金-HB月配型(台幣避險)(本基金有一定比例之投資包含高風險非投資等級債券基金且配息來源可能為本金),安聯投信,境內,ET006003/806,,66.0,-0.29,1.23,-0.49,7.08,19.24,-4.79,,,,,08/18,安聯新興債券收益組合基金HB月配型台幣避險本基金有一定比例之投資包含高風險非投資等級債券基金且配息來源可能為本金
安聯新興債券收益組合基金-HA累積型(台幣避險)(本基金有一定比例之投資包含高風險非投資等級債券基金),安聯投信,境內,ET006003/806,,67.0,-0.29,1.22,-0.5,7.07,19.15,-4.86,,,,,08/18,安聯新興債券收益組合基金HA累積型台幣避險本基金有一定比例之投資包含高風險非投資等級債券基金
安聯新興債券收益組合基金-HN月配型(台幣避險)(本基金有一定比例之投資包含高風險非投資等級債券基金且配息來源可能為本金),安聯投信,境內,ET006003/806,,68.0,-0.29,1.22,-0.5,7.07,19.2,-4.83,,,,,08/18,安聯新興債券收益組合基金HN月配型台幣避險本基金有一定比例之投資包含高風險非投資等級債券基金且配息來源可能為本金
柏瑞旗艦全球債券組合基金B月配息(本基金有一定比例之投資包含高風險非投資等級債券基金且本基金配息來源可能為本金),柏瑞投信,境內,ET006003/806,,69.0,0.03,-0.07,-0.7,2.18,,,,,,,03/30,柏瑞旗艦全球債券組合基金B月配息本基金有一定比例之投資包含高風險非投資等級債券基金且本基金配息來源可能為本金
摩根總收益組合基金-月配型(台幣)(本基金之配息來源可能為本金),摩根投信,境內,ET006003/806,,70.0,-0.33,0.45,-0.74,2.01,7.95,4.1,5.92,,,,08/18,摩根總收益組合基金月配型台幣本基金之配息來源可能為本金
摩根總收益組合基金-累積型(台幣),摩根投信,境內,ET006003/806,,71.0,-0.34,0.45,-0.74,2.09,8.08,4.2,5.85,,,,08/18,摩根總收益組合基金累積型台幣
富蘭克林華美富蘭克林全球債券組合基金-累積型(美元)(本基金之配息來源可能為本金),富蘭克林華美投信,境內,ET006003/806,,72.0,0.13,1.11,-0.78,4.19,20.04,3.65,13.63,,,,08/18,富蘭克林華美富蘭克林全球債券組合基金累積型美元本基金之配息來源可能為本金
富蘭克林華美富蘭克林全球債券組合基金-分配型(美元)(本基金之配息來源可能為本金),富蘭克林華美投信,境內,ET006003/806,,73.0,0.13,1.11,-0.78,4.17,20.02,3.62,13.54,,,,08/18,富蘭克林華美富蘭克林全球債券組合基金分配型美元本基金之配息來源可能為本金
東方匯理CIO精選保守基金-A2累積型(人民幣避險)(本基金有一定比重投資於非投資等級之高風險債券且配息來源可能為本金),東方匯理投信,境內,ET006003/806,,74.0,0.0,0.1,-0.89,,,,,,,,08/18,東方匯理CIO精選保守基金A2累積型人民幣避險本基金有一定比重投資於非投資等級之高風險債券且配息來源可能為本金
東方匯理CIO精選保守基金-N2累積型(人民幣避險)(本基金有一定比重投資於非投資等級之高風險債券且配息來源可能為本金),東方匯理投信,境內,ET006003/806,,75.0,0.0,0.1,-0.99,,,,,,,,08/18,東方匯理CIO精選保守基金N2累積型人民幣避險本基金有一定比重投資於非投資等級之高風險債券且配息來源可能為本金
瑞銀精選債券收益組合基金A不配息(台幣)(本基金有一定比重得投資於非投資等級之高風險債券基金),瑞銀投信,境內,ET006003/806,,76.0,-0.83,0.81,-1.11,3.53,11.2,-8.13,,,,,08/18,瑞銀精選債券收益組合基金A不配息台幣本基金有一定比重得投資於非投資等級之高風險債券基金
瑞銀精選債券收益組合基金B月配息(台幣)(本基金有一定比重得投資於非投資等級之高風險債券基金且配息來源可能為本金),瑞銀投信,境內,ET006003/806,,77.0,-0.83,0.81,-1.12,3.53,11.19,-8.14,,,,,08/18,瑞銀精選債券收益組合基金B月配息台幣本基金有一定比重得投資於非投資等級之高風險債券基金且配息來源可能為本金
聯博債券收益組合基金AA配息(澳幣)(本基金得投資於非投資等級之高風險債券基金且配息來源可能為本金及收益平準金),聯博投信,境內,ET006003/806,,78.0,-0.18,1.17,-1.14,2.02,13.73,-3.9,11.13,,,,08/18,聯博債券收益組合基金AA配息澳幣本基金得投資於非投資等級之高風險債券基金且配息來源可能為本金及收益平準金
安聯新興債券收益組合基金-HB月配型(人民幣避險)(本基金有一定比例之投資包含高風險非投資等級債券基金且配息來源可能為本金),安聯投信,境內,ET006003/806,,79.0,-0.42,0.77,-1.18,6.01,21.98,1.0,,,,,08/18,安聯新興債券收益組合基金HB月配型人民幣避險本基金有一定比例之投資包含高風險非投資等級債券基金且配息來源可能為本金
安聯新興債券收益組合基金-HA累積型(人民幣避險)(本基金有一定比例之投資包含高風險非投資等級債券基金),安聯投信,境內,ET006003/806,,80.0,-0.42,0.77,-1.18,6.01,21.96,0.98,,,,,08/18,安聯新興債券收益組合基金HA累積型人民幣避險本基金有一定比例之投資包含高風險非投資等級債券基金
安聯新興債券收益組合基金-HN月配型(人民幣避險)(本基金有一定比例之投資包含高風險非投資等級債券基金且配息來源可能為本金),安聯投信,境內,ET006003/806,,81.0,-0.42,0.77,-1.18,6.01,21.98,0.99,,,,,08/18,安聯新興債券收益組合基金HN月配型人民幣避險本基金有一定比例之投資包含高風險非投資等級債券基金且配息來源可能為本金
野村全天候環球債券基金-累積S類型(台幣)(本基金有一定比重投資於非投資等級之高風險債券且配息來源可能為本金),野村投信,境內,ET006003/806,,82.0,-1.19,-1.19,-1.19,-1.19,,,,,,,08/18,野村全天候環球債券基金累積S類型台幣本基金有一定比重投資於非投資等級之高風險債券且配息來源可能為本金
瑞銀精選債券收益組合基金A不配息(美元)(本基金有一定比重得投資於非投資等級之高風險債券基金),瑞銀投信,境內,ET006003/806,,83.0,-0.22,0.47,-1.19,1.92,17.24,-6.58,,,,,08/18,瑞銀精選債券收益組合基金A不配息美元本基金有一定比重得投資於非投資等級之高風險債券基金
瑞銀精選債券收益組合基金B月配息(美元)(本基金有一定比重得投資於非投資等級之高風險債券基金且配息來源可能為本金),瑞銀投信,境內,ET006003/806,,84.0,-0.22,0.47,-1.19,1.92,17.23,-6.59,,,,,08/18,瑞銀精選債券收益組合基金B月配息美元本基金有一定比重得投資於非投資等級之高風險債券基金且配息來源可能為本金
安聯四季豐收債券組合基金-A累積型(人民幣)(本基金有一定比例之投資包含高風險非投資等級債券基金),安聯投信,境內,ET006003/806,,85.0,-0.18,0.43,-1.22,2.11,13.76,5.95,33.8,,,,08/18,安聯四季豐收債券組合基金A累積型人民幣本基金有一定比例之投資包含高風險非投資等級債券基金
安聯四季豐收債券組合基金-N月配型(人民幣)(本基金有一定比例之投資包含高風險非投資等級債券基金且配息來源可能為本金),安聯投信,境內,ET006003/806,,86.0,-0.18,0.43,-1.22,2.11,13.77,5.89,,,,,08/18,安聯四季豐收債券組合基金N月配型人民幣本基金有一定比例之投資包含高風險非投資等級債券基金且配息來源可能為本金
安聯四季豐收債券組合基金-B月配型(人民幣)(本基金有一定比例之投資包含高風險非投資等級債券基金且配息來源可能為本金),安聯投信,境內,ET006003/806,,87.0,-0.18,0.43,-1.22,2.1,13.77,6.26,32.45,,,,08/18,安聯四季豐收債券組合基金B月配型人民幣本基金有一定比例之投資包含高風險非投資等級債券基金且配息來源可能為本金
聯博債券收益組合基金A2不配息(台幣)(本基金得投資於非投資等級之高風險債券基金且配息來源可能為本金及收益平準金),聯博投信,境內,ET006003/806,,88.0,-0.63,1.28,-1.25,2.69,8.43,-3.91,3.17,,,,08/18,聯博債券收益組合基金A2不配息台幣本基金得投資於非投資等級之高風險債券基金且配息來源可能為本金及收益平準金
聯博債券收益組合基金A2不配息(美元)(本基金得投資於非投資等級之高風險債券基金且配息來源可能為本金及收益平準金),聯博投信,境內,ET006003/806,,89.0,-0.2,1.03,-1.26,2.13,15.94,0.0,18.6,,,,08/18,聯博債券收益組合基金A2不配息美元本基金得投資於非投資等級之高風險債券基金且配息來源可能為本金及收益平準金
東方匯理CIO精選保守基金-ND月配型(人民幣避險)(本基金有一定比重投資於非投資等級之高風險債券且配息來源可能為本金),東方匯理投信,境內,ET006003/806,,90.0,-0.41,0.07,-1.26,,,,,,,,08/18,東方匯理CIO精選保守基金ND月配型人民幣避險本基金有一定比重投資於非投資等級之高風險債券且配息來源可能為本金
聯博債券收益組合基金AA配息(美元)(本基金得投資於非投資等級之高風險債券基金且配息來源可能為本金及收益平準金),聯博投信,境內,ET006003/806,,91.0,-0.22,0.97,-1.31,2.08,15.96,0.03,18.5,,,,08/18,聯博債券收益組合基金AA配息美元本基金得投資於非投資等級之高風險債券基金且配息來源可能為本金及收益平準金
聯博債券收益組合基金AA配息(台幣)(本基金得投資於非投資等級之高風險債券基金且配息來源可能為本金及收益平準金),聯博投信,境內,ET006003/806,,92.0,-0.76,1.13,-1.33,2.57,8.31,-4.01,3.18,,,,08/18,聯博債券收益組合基金AA配息台幣本基金得投資於非投資等級之高風險債券基金且配息來源可能為本金及收益平準金
東方匯理CIO精選保守基金-AD月配型(人民幣避險)(本基金有一定比重投資於非投資等級之高風險債券且配息來源可能為本金),東方匯理投信,境內,ET006003/806,,93.0,-0.31,0.07,-1.36,,,,,,,,08/18,東方匯理CIO精選保守基金AD月配型人民幣避險本基金有一定比重投資於非投資等級之高風險債券且配息來源可能為本金
合庫新興多重收益基金-B配息(美元)(本基金之子基金得投資於非投資等級之高風險債券且配息來源可能為本金),合作金庫投信,境內,ET006003/806,,94.0,0.02,0.2,-1.62,10.39,27.49,-13.67,,,,,08/18,合庫新興多重收益基金B配息美元本基金之子基金得投資於非投資等級之高風險債券且配息來源可能為本金
合庫新興多重收益基金-A不配息(澳幣)(本基金之子基金得投資於非投資等級之高風險債券),合作金庫投信,境內,ET006003/806,,95.0,0.21,-0.13,-1.67,11.42,26.58,-14.31,,,,,08/18,合庫新興多重收益基金A不配息澳幣本基金之子基金得投資於非投資等級之高風險債券
合庫新興多重收益基金-B配息(澳幣)(本基金之子基金得投資於非投資等級之高風險債券且配息來源可能為本金),合作金庫投信,境內,ET006003/806,,96.0,0.22,-0.12,-1.7,11.38,28.46,-15.04,,,,,08/18,合庫新興多重收益基金B配息澳幣本基金之子基金得投資於非投資等級之高風險債券且配息來源可能為本金
兆豐全球債券ETF策略收益組合基金B季配型(台幣)(本基金之配息來源可能為本金),兆豐投信,境內,ET006003/806,,97.0,-0.92,0.95,-1.78,6.67,,,,,,,08/18,兆豐全球債券ETF策略收益組合基金B季配型台幣本基金之配息來源可能為本金
兆豐全球債券ETF策略收益組合基金A累積型(台幣),兆豐投信,境內,ET006003/806,,98.0,-0.92,0.96,-1.78,6.67,,,,,,,08/18,兆豐全球債券ETF策略收益組合基金A累積型台幣
野村全天候環球債券基金-累積N類型(台幣)(本基金有一定比重投資於非投資等級之高風險債券且配息來源可能為本金),野村投信,境內,ET006003/806,,99.0,-1.3,0.88,-2.04,2.71,,,,,,,08/18,野村全天候環球債券基金累積N類型台幣本基金有一定比重投資於非投資等級之高風險債券且配息來源可能為本金
野村全天候環球債券基金-月配N類型(台幣)(本基金有一定比重投資於非投資等級之高風險債券且配息來源可能為本金),野村投信,境內,ET006003/806,,100.0,-1.3,0.88,-2.04,2.7,,,,,,,08/18,野村全天候環球債券基金月配N類型台幣本基金有一定比重投資於非投資等級之高風險債券且配息來源可能為本金
野村全天候環球債券基金-月配型(台幣)(本基金有一定比重投資於非投資等級之高風險債券且配息來源可能為本金),野村投信,境內,ET006003/806,,101.0,-1.3,0.87,-2.05,2.68,,,,,,,08/18,野村全天候環球債券基金月配型台幣本基金有一定比重投資於非投資等級之高風險債券且配息來源可能為本金
野村全天候環球債券基金-累積型(台幣)(本基金有一定比重投資於非投資等級之高風險債券且配息來源可能為本金),野村投信,境內,ET006003/806,,102.0,-1.29,0.87,-2.05,2.67,,,,,,,08/18,野村全天候環球債券基金累積型台幣本基金有一定比重投資於非投資等級之高風險債券且配息來源可能為本金
瀚亞債券精選組合基金S配息(台幣)(本基金配息來源可能為本金),瀚亞投信,境內,ET006003/806,,103.0,-0.97,0.37,-2.14,2.97,4.05,-6.66,,,,,08/18,瀚亞債券精選組合基金S配息台幣本基金配息來源可能為本金
瀚亞債券精選組合基金A不配息(台幣),瀚亞投信,境內,ET006003/806,,104.0,-0.97,0.37,-2.14,2.97,8.95,-2.24,1.73,,,,08/18,瀚亞債券精選組合基金A不配息台幣
瀚亞債券精選組合基金B配息(台幣)(本基金配息來源可能為本金),瀚亞投信,境內,ET006003/806,,105.0,-0.97,0.37,-2.14,2.97,8.94,-2.25,1.73,,,,08/18,瀚亞債券精選組合基金B配息台幣本基金配息來源可能為本金
瀚亞債券精選組合基金A不配息(美元),瀚亞投信,境內,ET006003/806,,106.0,-0.34,-0.01,-2.24,1.26,,,,,,,08/18,瀚亞債券精選組合基金A不配息美元
瀚亞債券精選組合基金B配息(美元)(本基金配息來源可能為本金),瀚亞投信,境內,ET006003/806,,107.0,-0.34,-0.01,-2.24,1.26,14.78,-0.53,10.35,,,,08/18,瀚亞債券精選組合基金B配息美元本基金配息來源可能為本金
瀚亞債券精選組合基金S配息(美元)(本基金配息來源可能為本金),瀚亞投信,境內,ET006003/806,,108.0,-0.34,-0.01,-2.24,1.25,14.75,-0.55,,,,,08/18,瀚亞債券精選組合基金S配息美元本基金配息來源可能為本金
野村全天候環球債券基金-累積型(美元)(本基金有一定比重投資於非投資等級之高風險債券且配息來源可能為本金),野村投信,境內,ET006003/806,,109.0,-0.64,0.17,-2.54,0.76,,,,,,,08/18,野村全天候環球債券基金累積型美元本基金有一定比重投資於非投資等級之高風險債券且配息來源可能為本金
聯博債券收益組合基金AA配息(人民幣)(本基金得投資於非投資等級之高風險債券基金且配息來源可能為本金及收益平準金),聯博投信,境內,ET006003/806,,110.0,-0.39,0.44,-2.54,-0.53,6.91,-8.74,16.77,,,,08/18,聯博債券收益組合基金AA配息人民幣本基金得投資於非投資等級之高風險債券基金且配息來源可能為本金及收益平準金
野村全天候環球債券基金-累積N類型(美元)(本基金有一定比重投資於非投資等級之高風險債券且配息來源可能為本金),野村投信,境內,ET006003/806,,111.0,-0.64,0.17,-2.55,0.72,,,,,,,08/18,野村全天候環球債券基金累積N類型美元本基金有一定比重投資於非投資等級之高風險債券且配息來源可能為本金
野村全天候環球債券基金-月配型(美元)(本基金有一定比重投資於非投資等級之高風險債券且配息來源可能為本金),野村投信,境內,ET006003/806,,112.0,-0.64,0.17,-2.55,0.72,,,,,,,08/18,野村全天候環球債券基金月配型美元本基金有一定比重投資於非投資等級之高風險債券且配息來源可能為本金
野村全天候環球債券基金-月配N類型(美元)(本基金有一定比重投資於非投資等級之高風險債券且配息來源可能為本金),野村投信,境內,ET006003/806,,113.0,-0.64,0.16,-2.55,0.71,,,,,,,08/18,野村全天候環球債券基金月配N類型美元本基金有一定比重投資於非投資等級之高風險債券且配息來源可能為本金
聯博債券收益組合基金A2不配息(人民幣)(本基金得投資於非投資等級之高風險債券基金且配息來源可能為本金及收益平準金),聯博投信,境內,ET006003/806,,114.0,-0.51,0.31,-2.62,-0.61,6.55,-8.85,16.59,,,,08/18,聯博債券收益組合基金A2不配息人民幣本基金得投資於非投資等級之高風險債券基金且配息來源可能為本金及收益平準金
富蘭克林華美富蘭克林全球債券組合基金-分配型(人民幣)(本基金之配息來源可能為本金),富蘭克林華美投信,境內,ET006003/806,,115.0,-0.3,0.21,-2.77,-0.66,,,,,,,08/18,富蘭克林華美富蘭克林全球債券組合基金分配型人民幣本基金之配息來源可能為本金
富蘭克林華美富蘭克林全球債券組合基金-累積型(人民幣)(本基金之配息來源可能為本金),富蘭克林華美投信,境內,ET006003/806,,116.0,-0.3,0.2,-2.77,-0.68,,,,,,,08/18,富蘭克林華美富蘭克林全球債券組合基金累積型人民幣本基金之配息來源可能為本金
兆豐全球債券ETF策略收益組合基金B季配型(美元)(本基金之配息來源可能為本金),兆豐投信,境內,ET006003/806,,117.0,-0.0,-0.08,-2.82,1.56,,,,,,,08/18,兆豐全球債券ETF策略收益組合基金B季配型美元本基金之配息來源可能為本金
兆豐全球債券ETF策略收益組合基金A累積型(美元),兆豐投信,境內,ET006003/806,,118.0,-0.0,-0.08,-2.82,1.56,,,,,,,08/18,兆豐全球債券ETF策略收益組合基金A累積型美元
野村全天候環球債券基金-月配型(日圓)(本基金有一定比重投資於非投資等級之高風險債券且配息來源可能為本金),野村投信,境內,ET006003/806,,119.0,-1.69,-0.49,-3.0,0.45,,,,,,,08/18,野村全天候環球債券基金月配型日圓本基金有一定比重投資於非投資等級之高風險債券且配息來源可能為本金
合庫新興多重收益基金-B配息(人民幣)(本基金之子基金得投資於非投資等級之高風險債券且配息來源可能為本金),合作金庫投信,境內,ET006003/806,,120.0,-0.29,-0.52,-3.01,6.33,18.34,-17.88,-4.82,,,,08/18,合庫新興多重收益基金B配息人民幣本基金之子基金得投資於非投資等級之高風險債券且配息來源可能為本金
野村全天候環球債券基金-月配N類型(日圓)(本基金有一定比重投資於非投資等級之高風險債券且配息來源可能為本金),野村投信,境內,ET006003/806,,121.0,-1.66,-0.49,-3.06,0.4,,,,,,,08/18,野村全天候環球債券基金月配N類型日圓本基金有一定比重投資於非投資等級之高風險債券且配息來源可能為本金
合庫新興多重收益基金-A不配息(人民幣)(本基金之子基金得投資於非投資等級之高風險債券),合作金庫投信,境內,ET006003/806,,122.0,-0.28,-0.51,-3.08,6.25,18.19,-17.87,-4.88,,,,08/18,合庫新興多重收益基金A不配息人民幣本基金之子基金得投資於非投資等級之高風險債券
瀚亞債券精選組合基金S配息(人民幣)(本基金配息來源可能為本金),瀚亞投信,境內,ET006003/806,,123.0,-0.81,-0.82,-4.43,-4.95,6.09,-3.32,,,,,08/18,瀚亞債券精選組合基金S配息人民幣本基金配息來源可能為本金
瀚亞債券精選組合基金B配息(人民幣)(本基金配息來源可能為本金),瀚亞投信,境內,ET006003/806,,124.0,-0.81,-0.82,-4.44,-4.96,6.08,-2.22,11.41,,,,08/18,瀚亞債券精選組合基金B配息人民幣本基金配息來源可能為本金
安聯四季豐收債券組合基金-A累積型(澳幣)(本基金有一定比例之投資包含高風險非投資等級債券基金),安聯投信,境內,ET006003/806,,125.0,,,,,,,,,,,08/18,安聯四季豐收債券組合基金A累積型澳幣本基金有一定比例之投資包含高風險非投資等級債券基金
安聯四季豐收債券組合基金-B月配型(澳幣)(本基金有一定比例之投資包含高風險非投資等級債券基金且配息來源可能為本金),安聯投信,境內,ET006003/806,,126.0,,,,,,,,,,,08/18,安聯四季豐收債券組合基金B月配型澳幣本基金有一定比例之投資包含高風險非投資等級債券基金且配息來源可能為本金
瑞銀精選債券收益組合基金-A不配息(人民幣)(本基金有一定比重得投資於非投資等級之高風險債券基金),瑞銀投信,境內,ET006003/806,,127.0,,,,,,,,,,,08/18,瑞銀精選債券收益組合基金A不配息人民幣本基金有一定比重得投資於非投資等級之高風險債券基金
瑞銀精選債券收益組合基金-B月配息(人民幣)(本基金有一定比重得投資於非投資等級之高風險債券基金且配息來源可能為本金),瑞銀投信,境內,ET006003/806,,128.0,,,,,,,,,,,08/18,瑞銀精選債券收益組合基金B月配息人民幣本基金有一定比重得投資於非投資等級之高風險債券基金且配息來源可能為本金
瑞銀精選債券收益組合基金-NB月配息(台幣)(本基金有一定比重得投資於非投資等級之高風險債券基金且配息來源可能為本金),瑞銀投信,境內,ET006003/806,,129.0,,,,,,,,,,,08/18,瑞銀精選債券收益組合基金NB月配息台幣本基金有一定比重得投資於非投資等級之高風險債券基金且配息來源可能為本金
瑞銀精選債券收益組合基金-NB月配息(美元)(本基金有一定比重得投資於非投資等級之高風險債券基金且配息來源可能為本金),瑞銀投信,境內,ET006003/806,,130.0,,,,,,,,,,,08/18,瑞銀精選債券收益組合基金NB月配息美元本基金有一定比重得投資於非投資等級之高風險債券基金且配息來源可能為本金
瑞銀精選債券收益組合基金-NB月配息(人民幣)(本基金有一定比重得投資於非投資等級之高風險債券基金且配息來源可能為本金),瑞銀投信,境內,ET006003/806,,131.0,,,,,,,,,,,08/18,瑞銀精選債券收益組合基金NB月配息人民幣本基金有一定比重得投資於非投資等級之高風險債券基金且配息來源可能為本金
安聯四季豐收債券組合基金-N月配型(澳幣)(本基金有一定比例之投資包含高風險非投資等級債券基金且配息來源可能為本金),安聯投信,境內,ET006003/806,,132.0,,,,,,,,,,,08/18,安聯四季豐收債券組合基金N月配型澳幣本基金有一定比例之投資包含高風險非投資等級債券基金且配息來源可能為本金
安聯四季回報債券組合基金-A累積型(人民幣)(本基金有相當比重之投資包含高風險非投資等級債券基金),安聯投信,境內,ET006003/806,,133.0,,,,,,,,,,,08/18,安聯四季回報債券組合基金A累積型人民幣本基金有相當比重之投資包含高風險非投資等級債券基金
復華新興債股動力組合基金(台幣),復華投信,境內,ET006004/806,,1.0,5.17,3.58,20.19,52.69,85.7,58.1,79.43,,,,08/18,復華新興債股動力組合基金台幣
復華奧林匹克全球優勢組合基金B配息(台幣)(本基金有相當比重投資於持有非投資等級高風險債券之基金且基金之配息來源可能為本金),復華投信,境內,ET006004/806,,2.0,2.06,4.26,17.49,37.67,62.57,58.53,,,,,08/18,復華奧林匹克全球優勢組合基金B配息台幣本基金有相當比重投資於持有非投資等級高風險債券之基金且基金之配息來源可能為本金
復華奧林匹克全球優勢組合基金A不配息(台幣)(本基金有相當比重投資於持有非投資等級高風險債券之基金),復華投信,境內,ET006004/806,,3.0,2.03,4.19,17.43,37.67,62.45,58.46,113.23,,,,08/18,復華奧林匹克全球優勢組合基金A不配息台幣本基金有相當比重投資於持有非投資等級高風險債券之基金
復華全球戰略配置強基金(台幣)(本基金有相當比重投資於持有非投資等級高風險債券之基金),復華投信,境內,ET006004/806,,4.0,2.57,3.21,17.37,39.86,64.17,54.14,100.7,,,,08/18,復華全球戰略配置強基金台幣本基金有相當比重投資於持有非投資等級高風險債券之基金
復華奧林匹克全球優勢組合基金(美元)(本基金有相當比重投資於持有非投資等級高風險債券之基金),復華投信,境內,ET006004/806,,5.0,3.05,2.96,16.03,30.46,64.02,48.08,115.0,,,,08/18,復華奧林匹克全球優勢組合基金美元本基金有相當比重投資於持有非投資等級高風險債券之基金
復華全球戰略配置強基金(美元)(本基金有相當比重投資於持有非投資等級高風險債券之基金),復華投信,境內,ET006004/806,,6.0,3.72,2.02,15.91,32.12,67.65,46.29,,,,,08/18,復華全球戰略配置強基金美元本基金有相當比重投資於持有非投資等級高風險債券之基金
群益多重資產組合基金,群益投信,境內,ET006004/806,,7.0,2.04,-3.48,14.93,37.5,68.5,56.83,126.75,,,,08/18,群益多重資產組合基金
群益全民成長樂退組合基金TISA類型(台幣)(本基金有相當比重投資於持有非投資等級高風險債券之基金且配息來源可能為本金),群益投信,境內,ET006004/806,,8.0,2.32,0.14,14.19,36.0,,,,,,,08/18,群益全民成長樂退組合基金TISA類型台幣本基金有相當比重投資於持有非投資等級高風險債券之基金且配息來源可能為本金
群益全民成長樂退組合基金P累積型(台幣)(本基金有相當比重投資於持有非投資等級高風險債券之基金且配息來源可能為本金),群益投信,境內,ET006004/806,,9.0,2.32,0.13,14.19,35.99,72.92,70.54,,,,,08/18,群益全民成長樂退組合基金P累積型台幣本基金有相當比重投資於持有非投資等級高風險債券之基金且配息來源可能為本金
群益全民成長樂退組合基金R累積型(台幣)(本基金有相當比重投資於持有非投資等級高風險債券之基金且配息來源可能為本金),群益投信,境內,ET006004/806,,10.0,2.3,0.06,14.02,35.58,71.36,,,,,,08/18,群益全民成長樂退組合基金R累積型台幣本基金有相當比重投資於持有非投資等級高風險債券之基金且配息來源可能為本金
群益全民成長樂退組合基金NB月配型(台幣)(本基金有相當比重投資於持有非投資等級高風險債券之基金且配息來源可能為本金),群益投信,境內,ET006004/806,,11.0,2.23,-0.12,13.63,34.67,67.81,62.3,,,,,08/18,群益全民成長樂退組合基金NB月配型台幣本基金有相當比重投資於持有非投資等級高風險債券之基金且配息來源可能為本金
群益全民成長樂退組合基金B月配型(台幣)(本基金有相當比重投資於持有非投資等級高風險債券之基金且配息來源可能為本金),群益投信,境內,ET006004/806,,12.0,2.23,-0.12,13.63,34.67,67.81,62.3,,,,,08/18,群益全民成長樂退組合基金B月配型台幣本基金有相當比重投資於持有非投資等級高風險債券之基金且配息來源可能為本金
群益全民成長樂退組合基金A累積型(台幣)(本基金有相當比重投資於持有非投資等級高風險債券之基金且配息來源可能為本金),群益投信,境內,ET006004/806,,13.0,2.23,-0.12,13.61,34.64,67.84,62.34,,,,,08/18,群益全民成長樂退組合基金A累積型台幣本基金有相當比重投資於持有非投資等級高風險債券之基金且配息來源可能為本金
玉山新興趨勢組合基金,玉山投信,境內,ET006004/806,,14.0,2.72,0.87,13.15,50.0,83.02,64.46,91.98,,,,08/18,玉山新興趨勢組合基金
台新全球多元資產組合基金-B配息(台幣)(本基金得投資於非投資等級之高風險債券基金且配息來源可能為本金),台新投信,境內,ET006004/806,,15.0,3.31,4.55,12.93,27.28,52.08,47.73,77.44,,,,08/18,台新全球多元資產組合基金B配息台幣本基金得投資於非投資等級之高風險債券基金且配息來源可能為本金
台新全球多元資產組合基金-A不配息(台幣)(本基金得投資於非投資等級之高風險債券基金且配息來源可能為本金),台新投信,境內,ET006004/806,,16.0,3.3,4.53,12.87,27.29,51.99,47.64,77.35,,,,08/18,台新全球多元資產組合基金A不配息台幣本基金得投資於非投資等級之高風險債券基金且配息來源可能為本金
瀚亞股債入息組合基金B配息(台幣)(本基金配息來源可能為本金且基金並無保證收益及配息),瀚亞投信,境內,ET006004/806,,17.0,2.64,4.55,12.71,28.59,55.77,57.4,93.7,,,,08/18,瀚亞股債入息組合基金B配息台幣本基金配息來源可能為本金且基金並無保證收益及配息
瀚亞股債入息組合基金A不配息(台幣),瀚亞投信,境內,ET006004/806,,18.0,2.64,4.55,12.7,28.58,55.76,57.38,94.01,,,,08/18,瀚亞股債入息組合基金A不配息台幣
兆豐雙動能組合基金A累積型(台幣)(本基金有相當比重投資於非投資等級之高風險債券基金),兆豐投信,境內,ET006004/806,,19.0,1.79,3.77,12.37,,,,,,,,08/18,兆豐雙動能組合基金A累積型台幣本基金有相當比重投資於非投資等級之高風險債券基金
群益全民成長樂退組合基金B月配型(美元)(本基金有相當比重投資於持有非投資等級高風險債券之基金且配息來源可能為本金),群益投信,境內,ET006004/806,,20.0,3.33,-1.37,12.11,26.7,67.81,41.47,,,,,08/18,群益全民成長樂退組合基金B月配型美元本基金有相當比重投資於持有非投資等級高風險債券之基金且配息來源可能為本金
群益全民成長樂退組合基金NB月配型(美元)(本基金有相當比重投資於持有非投資等級高風險債券之基金且配息來源可能為本金),群益投信,境內,ET006004/806,,21.0,3.33,-1.37,12.11,26.7,67.8,41.47,,,,,08/18,群益全民成長樂退組合基金NB月配型美元本基金有相當比重投資於持有非投資等級高風險債券之基金且配息來源可能為本金
群益全民成長樂退組合基金A累積型(美元)(本基金有相當比重投資於持有非投資等級高風險債券之基金且配息來源可能為本金),群益投信,境內,ET006004/806,,22.0,3.33,-1.37,12.09,26.68,67.82,41.49,,,,,08/18,群益全民成長樂退組合基金A累積型美元本基金有相當比重投資於持有非投資等級高風險債券之基金且配息來源可能為本金
野村鑫平衡組合基金-累積S類型(台幣),野村投信,境內,ET006004/806,,23.0,5.06,2.94,11.66,35.35,59.54,60.77,,,,,08/18,野村鑫平衡組合基金累積S類型台幣
野村鑫平衡組合基金-累積型(台幣),野村投信,境內,ET006004/806,,24.0,5.02,2.91,11.57,35.13,58.77,59.43,132.75,,,,08/18,野村鑫平衡組合基金累積型台幣
兆豐雙動能組合基金A累積型(美元)(本基金有相當比重投資於非投資等級之高風險債券基金),兆豐投信,境內,ET006004/806,,25.0,2.25,3.16,11.51,,,,,,,,08/18,兆豐雙動能組合基金A累積型美元本基金有相當比重投資於非投資等級之高風險債券基金
台新全球多元資產組合基金-B配息(美元)(本基金得投資於非投資等級之高風險債券基金且配息來源可能為本金),台新投信,境內,ET006004/806,,26.0,4.41,3.23,11.25,19.75,52.04,28.66,74.32,,,,08/18,台新全球多元資產組合基金B配息美元本基金得投資於非投資等級之高風險債券基金且配息來源可能為本金
台新全球多元資產組合基金-A不配息(美元)(本基金得投資於非投資等級之高風險債券基金且配息來源可能為本金),台新投信,境內,ET006004/806,,27.0,4.4,3.23,11.23,19.76,52.13,28.79,74.1,,,,08/18,台新全球多元資產組合基金A不配息美元本基金得投資於非投資等級之高風險債券基金且配息來源可能為本金
安聯四季雙收入息組合基金-P累積型(台幣)(本基金並無保證收益及配息),安聯投信,境內,ET006004/806,,28.0,0.95,2.63,10.38,28.37,55.99,64.01,,,,,08/18,安聯四季雙收入息組合基金P累積型台幣本基金並無保證收益及配息
安聯四季雙收入息組合基金-R累積型(台幣)(本基金並無保證收益及配息),安聯投信,境內,ET006004/806,,29.0,0.9,2.47,10.13,27.8,53.85,,,,,,08/18,安聯四季雙收入息組合基金R累積型台幣本基金並無保證收益及配息
群益全民優質樂退組合基金P累積型(台幣)(本基金有相當比重投資於持有非投資等級高風險債券之基金且配息來源可能為本金),群益投信,境內,ET006004/806,,30.0,1.55,1.16,10.11,28.55,54.57,53.81,,,,,08/18,群益全民優質樂退組合基金P累積型台幣本基金有相當比重投資於持有非投資等級高風險債券之基金且配息來源可能為本金
安聯四季雙收入息組合基金-B月配型(台幣)(本基金之配息來源可能為本金且無保證收益及配息),安聯投信,境內,ET006004/806,,31.0,0.88,2.43,10.0,27.45,52.51,58.05,100.99,,,,08/18,安聯四季雙收入息組合基金B月配型台幣本基金之配息來源可能為本金且無保證收益及配息
安聯四季雙收入息組合基金-A累積型(台幣)(本基金並無保證收益及配息),安聯投信,境內,ET006004/806,,32.0,0.91,2.44,9.99,27.45,52.5,58.0,100.86,,,,08/18,安聯四季雙收入息組合基金A累積型台幣本基金並無保證收益及配息
安聯四季雙收入息組合基金-B1月配型(台幣)(本基金之配息來源可能為本金且無保證收益及配息),安聯投信,境內,ET006004/806,,33.0,0.92,2.45,9.99,27.39,52.54,,,,,,08/18,安聯四季雙收入息組合基金B1月配型台幣本基金之配息來源可能為本金且無保證收益及配息
群益全民優質樂退組合基金R累積型(台幣)(本基金有相當比重投資於持有非投資等級高風險債券之基金且配息來源可能為本金),群益投信,境內,ET006004/806,,34.0,1.52,1.08,9.94,28.17,53.42,,,,,,08/18,群益全民優質樂退組合基金R累積型台幣本基金有相當比重投資於持有非投資等級高風險債券之基金且配息來源可能為本金
貝萊德享退休系列2050目標日期組合基金-R類型,貝萊德投信,境內,ET006004/806,,35.0,1.29,4.22,9.76,26.86,60.8,,,,,,08/18,貝萊德享退休系列2050目標日期組合基金R類型
貝萊德享退休系列2050目標日期組合基金-A類型,貝萊德投信,境內,ET006004/806,,36.0,1.3,4.22,9.71,26.76,60.34,64.56,,,,,08/18,貝萊德享退休系列2050目標日期組合基金A類型
群益全民優質樂退組合基金NB月配型(台幣)(本基金有相當比重投資於持有非投資等級高風險債券之基金且配息來源可能為本金),群益投信,境內,ET006004/806,,37.0,1.47,0.96,9.67,27.54,50.91,47.81,,,,,08/18,群益全民優質樂退組合基金NB月配型台幣本基金有相當比重投資於持有非投資等級高風險債券之基金且配息來源可能為本金
群益全民優質樂退組合基金B月配型(台幣)(本基金有相當比重投資於持有非投資等級高風險債券之基金且配息來源可能為本金),群益投信,境內,ET006004/806,,38.0,1.47,0.95,9.67,27.54,50.91,47.81,,,,,08/18,群益全民優質樂退組合基金B月配型台幣本基金有相當比重投資於持有非投資等級高風險債券之基金且配息來源可能為本金
群益全民優質樂退組合基金A累積型(台幣)(本基金有相當比重投資於持有非投資等級高風險債券之基金且配息來源可能為本金),群益投信,境內,ET006004/806,,39.0,1.47,0.95,9.66,27.53,50.93,47.83,,,,,08/18,群益全民優質樂退組合基金A累積型台幣本基金有相當比重投資於持有非投資等級高風險債券之基金且配息來源可能為本金
瀚亞多重收益優化組合基金B配息(日幣)(本基金得投資於非投資等級之高風險債券基金且配息來源可能為本金),瀚亞投信,境內,ET006004/806,,40.0,1.06,3.48,9.44,18.73,,,,,,,08/18,瀚亞多重收益優化組合基金B配息日幣本基金得投資於非投資等級之高風險債券基金且配息來源可能為本金
瀚亞多重收益優化組合基金S配息(日幣)(本基金得投資於非投資等級之高風險債券基金且配息來源可能為本金),瀚亞投信,境內,ET006004/806,,41.0,1.07,3.48,9.43,18.72,,,,,,,08/18,瀚亞多重收益優化組合基金S配息日幣本基金得投資於非投資等級之高風險債券基金且配息來源可能為本金
瀚亞股債入息組合基金B配息(人民幣)(本基金配息來源可能為本金且基金並無保證收益及配息),瀚亞投信,境內,ET006004/806,,42.0,3.17,2.31,8.69,15.54,46.09,41.24,82.1,,,,08/18,瀚亞股債入息組合基金B配息人民幣本基金配息來源可能為本金且基金並無保證收益及配息
安聯四季雙收入息組合基金-A累積型(美元)(本基金並無保證收益及配息),安聯投信,境內,ET006004/806,,43.0,2.0,1.19,8.55,19.88,52.54,37.74,97.68,,,,08/18,安聯四季雙收入息組合基金A累積型美元本基金並無保證收益及配息
安聯四季雙收入息組合基金-B1月配型(美元)(本基金之配息來源可能為本金且無保證收益及配息),安聯投信,境內,ET006004/806,,44.0,2.04,1.19,8.53,,,,,,,,08/18,安聯四季雙收入息組合基金B1月配型美元本基金之配息來源可能為本金且無保證收益及配息
貝萊德環球動態趨勢多元資產組合基金-N月配類型(台幣)(基金之配息來源可能為本金),貝萊德投信,境內,ET006004/806,,45.0,2.05,5.13,8.52,24.74,54.82,,,,,,08/18,貝萊德環球動態趨勢多元資產組合基金N月配類型台幣基金之配息來源可能為本金
安聯四季雙收入息組合基金-B月配型(美元)(本基金之配息來源可能為本金且無保證收益及配息),安聯投信,境內,ET006004/806,,46.0,2.0,1.14,8.52,19.9,52.5,37.74,96.59,,,,08/18,安聯四季雙收入息組合基金B月配型美元本基金之配息來源可能為本金且無保證收益及配息
貝萊德環球動態趨勢多元資產組合基金-A月配類型(台幣)(基金之配息來源可能為本金),貝萊德投信,境內,ET006004/806,,47.0,2.05,5.12,8.52,24.72,54.92,,,,,,08/18,貝萊德環球動態趨勢多元資產組合基金A月配類型台幣基金之配息來源可能為本金
貝萊德環球動態趨勢多元資產組合基金-A累積類型(台幣)(基金之配息來源可能為本金),貝萊德投信,境內,ET006004/806,,48.0,2.02,5.11,8.46,24.65,54.86,,,,,,08/18,貝萊德環球動態趨勢多元資產組合基金A累積類型台幣基金之配息來源可能為本金
施羅德全週期動態多元資產組合基金-B月配型(美元)(本基金得投資於非投資等級之高風險債券基金且配息來源可能為本金),施羅德投信,境內,ET006004/806,,49.0,3.95,2.73,8.42,18.94,48.38,,,,,,08/18,施羅德全週期動態多元資產組合基金B月配型美元本基金得投資於非投資等級之高風險債券基金且配息來源可能為本金
施羅德全週期動態多元資產組合基金-A累積型(美元)(本基金得投資於非投資等級之高風險債券基金且配息來源可能為本金),施羅德投信,境內,ET006004/806,,50.0,3.94,2.71,8.36,18.92,48.44,,,,,,08/18,施羅德全週期動態多元資產組合基金A累積型美元本基金得投資於非投資等級之高風險債券基金且配息來源可能為本金
群益環球金綻雙喜基金NB月配型(台幣)(本基金有相當比重投資於持有非投資等級高風險債券之基金且配息來源可能為本金),群益投信,境內,ET006004/806,,51.0,1.56,1.41,8.34,22.17,41.52,28.58,,,,,08/18,群益環球金綻雙喜基金NB月配型台幣本基金有相當比重投資於持有非投資等級高風險債券之基金且配息來源可能為本金
群益環球金綻雙喜基金NA累積型(台幣)(本基金有相當比重投資於持有非投資等級高風險債券之基金且配息來源可能為本金),群益投信,境內,ET006004/806,,52.0,1.48,1.4,8.31,22.0,41.32,28.37,,,,,08/18,群益環球金綻雙喜基金NA累積型台幣本基金有相當比重投資於持有非投資等級高風險債券之基金且配息來源可能為本金
群益環球金綻雙喜基金A累積型(台幣)(本基金有相當比重投資於持有非投資等級高風險債券之基金且配息來源可能為本金),群益投信,境內,ET006004/806,,53.0,1.44,1.38,8.26,22.11,41.54,28.52,76.23,,,,08/18,群益環球金綻雙喜基金A累積型台幣本基金有相當比重投資於持有非投資等級高風險債券之基金且配息來源可能為本金
群益全民優質樂退組合基金NB月配型(美元)(本基金有相當比重投資於持有非投資等級高風險債券之基金且配息來源可能為本金),群益投信,境內,ET006004/806,,54.0,2.57,-0.31,8.2,20.0,50.9,28.83,,,,,08/18,群益全民優質樂退組合基金NB月配型美元本基金有相當比重投資於持有非投資等級高風險債券之基金且配息來源可能為本金
群益全民優質樂退組合基金B月配型(美元)(本基金有相當比重投資於持有非投資等級高風險債券之基金且配息來源可能為本金),群益投信,境內,ET006004/806,,55.0,2.57,-0.31,8.2,20.0,50.91,28.84,,,,,08/18,群益全民優質樂退組合基金B月配型美元本基金有相當比重投資於持有非投資等級高風險債券之基金且配息來源可能為本金
群益全民優質樂退組合基金A累積型(美元)(本基金有相當比重投資於持有非投資等級高風險債券之基金且配息來源可能為本金),群益投信,境內,ET006004/806,,56.0,2.56,-0.31,8.19,19.99,50.93,28.89,,,,,08/18,群益全民優質樂退組合基金A累積型美元本基金有相當比重投資於持有非投資等級高風險債券之基金且配息來源可能為本金
群益環球金綻雙喜基金B月配型(台幣)(本基金有相當比重投資於持有非投資等級高風險債券之基金且配息來源可能為本金),群益投信,境內,ET006004/806,,57.0,1.47,1.4,8.19,22.14,41.43,28.42,76.05,,,,08/18,群益環球金綻雙喜基金B月配型台幣本基金有相當比重投資於持有非投資等級高風險債券之基金且配息來源可能為本金
瀚亞多重收益優化組合基金B配息(南非幣)(本基金得投資於非投資等級之高風險債券基金且配息來源可能為本金),瀚亞投信,境內,ET006004/806,,58.0,2.61,3.32,7.9,14.61,45.03,44.2,,,,,08/18,瀚亞多重收益優化組合基金B配息南非幣本基金得投資於非投資等級之高風險債券基金且配息來源可能為本金
瀚亞多重收益優化組合基金S配息(南非幣)(本基金得投資於非投資等級之高風險債券基金且配息來源可能為本金),瀚亞投信,境內,ET006004/806,,59.0,2.55,3.17,7.84,14.62,45.34,,,,,,08/18,瀚亞多重收益優化組合基金S配息南非幣本基金得投資於非投資等級之高風險債券基金且配息來源可能為本金
匯豐ESG永續多元資產組合基金-N配息(美元)(本基金有相當比重投資於非投資等級之高風險債券基金且本基金配息來源可能為本金及收益平準金),匯豐投信,境內,ET006004/806,,60.0,2.47,3.0,7.8,11.86,36.0,,,,,,08/18,匯豐ESG永續多元資產組合基金N配息美元本基金有相當比重投資於非投資等級之高風險債券基金且本基金配息來源可能為本金及收益平準金
匯豐ESG永續多元資產組合基金-月配息型(美元)(本基金有相當比重投資於非投資等級之高風險債券基金且本基金配息來源可能為本金及收益平準金),匯豐投信,境內,ET006004/806,,61.0,2.47,3.0,7.8,11.85,35.99,,,,,,08/18,匯豐ESG永續多元資產組合基金月配息型美元本基金有相當比重投資於非投資等級之高風險債券基金且本基金配息來源可能為本金及收益平準金
匯豐ESG永續多元資產組合基金-N配息(台幣)(本基金有相當比重投資於非投資等級之高風險債券基金且本基金配息來源可能為本金及收益平準金),匯豐投信,境內,ET006004/806,,62.0,1.74,3.38,7.8,13.6,23.54,,,,,,08/18,匯豐ESG永續多元資產組合基金N配息台幣本基金有相當比重投資於非投資等級之高風險債券基金且本基金配息來源可能為本金及收益平準金
匯豐ESG永續多元資產組合基金-月配息型(台幣)(本基金有相當比重投資於非投資等級之高風險債券基金且本基金配息來源可能為本金及收益平準金),匯豐投信,境內,ET006004/806,,63.0,1.73,3.37,7.79,13.6,27.33,,,,,,08/18,匯豐ESG永續多元資產組合基金月配息型台幣本基金有相當比重投資於非投資等級之高風險債券基金且本基金配息來源可能為本金及收益平準金
匯豐ESG永續多元資產組合基金-不配息(美元)(本基金有相當比重投資於非投資等級之高風險債券基金且本基金配息來源可能為本金及收益平準金),匯豐投信,境內,ET006004/806,,64.0,2.47,2.99,7.79,11.85,36.06,,,,,,08/18,匯豐ESG永續多元資產組合基金不配息美元本基金有相當比重投資於非投資等級之高風險債券基金且本基金配息來源可能為本金及收益平準金
匯豐ESG永續多元資產組合基金-N不配息(美元)(本基金有相當比重投資於非投資等級之高風險債券基金且本基金配息來源可能為本金及收益平準金),匯豐投信,境內,ET006004/806,,65.0,2.47,2.99,7.79,6.72,19.12,,,,,,08/18,匯豐ESG永續多元資產組合基金N不配息美元本基金有相當比重投資於非投資等級之高風險債券基金且本基金配息來源可能為本金及收益平準金
富達卓越領航全球組合基金,富達投信,境內,ET006004/806,,66.0,2.61,5.67,7.79,27.29,57.93,57.68,127.39,,,,08/18,富達卓越領航全球組合基金
匯豐ESG永續多元資產組合基金-不配息(台幣)(本基金有相當比重投資於非投資等級之高風險債券基金且本基金配息來源可能為本金及收益平準金),匯豐投信,境內,ET006004/806,,67.0,1.73,3.37,7.78,13.59,27.33,,,,,,08/18,匯豐ESG永續多元資產組合基金不配息台幣本基金有相當比重投資於非投資等級之高風險債券基金且本基金配息來源可能為本金及收益平準金
瀚亞多重收益優化組合基金A不配息(南非幣)(本基金得投資於非投資等級之高風險債券基金),瀚亞投信,境內,ET006004/806,,68.0,2.46,3.17,7.78,14.54,45.25,44.89,,,,,08/18,瀚亞多重收益優化組合基金A不配息南非幣本基金得投資於非投資等級之高風險債券基金
群益環球金綻雙喜基金B月配型(南非幣)(本基金有相當比重投資於持有非投資等級高風險債券之基金且配息來源可能為本金),群益投信,境內,ET006004/806,,69.0,2.55,0.0,7.69,15.25,47.07,33.97,164.93,,,,08/18,群益環球金綻雙喜基金B月配型南非幣本基金有相當比重投資於持有非投資等級高風險債券之基金且配息來源可能為本金
群益環球金綻雙喜基金NB月配型(南非幣)(本基金有相當比重投資於持有非投資等級高風險債券之基金且配息來源可能為本金),群益投信,境內,ET006004/806,,70.0,2.55,0.0,7.69,15.25,47.07,33.97,,,,,08/18,群益環球金綻雙喜基金NB月配型南非幣本基金有相當比重投資於持有非投資等級高風險債券之基金且配息來源可能為本金
群益環球金綻雙喜基金A累積型(南非幣)(本基金有相當比重投資於持有非投資等級高風險債券之基金且配息來源可能為本金),群益投信,境內,ET006004/806,,71.0,2.55,-0.0,7.67,15.22,47.12,34.04,164.81,,,,08/18,群益環球金綻雙喜基金A累積型南非幣本基金有相當比重投資於持有非投資等級高風險債券之基金且配息來源可能為本金
群益環球金綻雙喜基金NA累積型(南非幣)(本基金有相當比重投資於持有非投資等級高風險債券之基金且配息來源可能為本金),群益投信,境內,ET006004/806,,72.0,2.55,-0.0,7.67,15.22,47.1,34.02,,,,,08/18,群益環球金綻雙喜基金NA累積型南非幣本基金有相當比重投資於持有非投資等級高風險債券之基金且配息來源可能為本金
匯豐ESG永續多元資產組合基金-N不配息(台幣)(本基金有相當比重投資於非投資等級之高風險債券基金且本基金配息來源可能為本金及收益平準金),匯豐投信,境內,ET006004/806,,73.0,1.73,3.37,7.54,7.54,10.65,,,,,,08/18,匯豐ESG永續多元資產組合基金N不配息台幣本基金有相當比重投資於非投資等級之高風險債券基金且本基金配息來源可能為本金及收益平準金
元大全球ETF穩健組合基金R不配息(台幣),元大投信,境內,ET006004/806,,74.0,1.75,3.39,7.41,23.34,41.98,,,,,,08/18,元大全球ETF穩健組合基金R不配息台幣
元大全球ETF穩健組合基金A不配息(台幣),元大投信,境內,ET006004/806,,75.0,1.71,3.4,7.38,23.28,41.7,44.44,61.71,,,,08/18,元大全球ETF穩健組合基金A不配息台幣
瀚亞多重收益優化組合基金B配息(台幣)(本基金得投資於非投資等級之高風險債券基金且配息來源可能為本金),瀚亞投信,境內,ET006004/806,,76.0,1.43,3.81,7.25,18.63,38.98,42.6,,,,,08/18,瀚亞多重收益優化組合基金B配息台幣本基金得投資於非投資等級之高風險債券基金且配息來源可能為本金
瀚亞多重收益優化組合基金SA不配息(台幣)(本基金得投資於非投資等級之高風險債券基金且配息來源可能為本金),瀚亞投信,境內,ET006004/806,,77.0,1.45,3.84,7.2,18.63,19.1,,,,,,08/18,瀚亞多重收益優化組合基金SA不配息台幣本基金得投資於非投資等級之高風險債券基金且配息來源可能為本金
瀚亞多重收益優化組合基金A不配息(台幣)(本基金得投資於非投資等級之高風險債券基金),瀚亞投信,境內,ET006004/806,,78.0,1.44,3.73,7.17,18.58,38.98,42.67,,,,,08/18,瀚亞多重收益優化組合基金A不配息台幣本基金得投資於非投資等級之高風險債券基金
瀚亞多重收益優化組合基金S配息(台幣)(本基金得投資於非投資等級之高風險債券基金且配息來源可能為本金),瀚亞投信,境內,ET006004/806,,79.0,1.39,3.78,7.15,18.57,38.94,42.55,,,,,08/18,瀚亞多重收益優化組合基金S配息台幣本基金得投資於非投資等級之高風險債券基金且配息來源可能為本金
貝萊德環球動態趨勢多元資產組合基金-A月配類型(美元)(基金之配息來源可能為本金),貝萊德投信,境內,ET006004/806,,80.0,3.12,3.85,6.94,17.32,54.81,,,,,,08/18,貝萊德環球動態趨勢多元資產組合基金A月配類型美元基金之配息來源可能為本金
貝萊德環球動態趨勢多元資產組合基金-N月配類型(美元)(基金之配息來源可能為本金),貝萊德投信,境內,ET006004/806,,81.0,3.12,3.77,6.94,17.32,54.81,,,,,,08/18,貝萊德環球動態趨勢多元資產組合基金N月配類型美元基金之配息來源可能為本金
貝萊德環球動態趨勢多元資產組合基金-A累積類型(美元)(基金之配息來源可能為本金),貝萊德投信,境內,ET006004/806,,82.0,3.13,3.78,6.88,17.32,54.84,,,,,,08/18,貝萊德環球動態趨勢多元資產組合基金A累積類型美元基金之配息來源可能為本金
群益環球金綻雙喜基金NB月配型(美元)(本基金有相當比重投資於持有非投資等級高風險債券之基金且配息來源可能為本金),群益投信,境內,ET006004/806,,83.0,2.57,0.12,6.82,14.93,41.86,19.03,,,,,08/18,群益環球金綻雙喜基金NB月配型美元本基金有相當比重投資於持有非投資等級高風險債券之基金且配息來源可能為本金
群益環球金綻雙喜基金B月配型(美元)(本基金有相當比重投資於持有非投資等級高風險債券之基金且配息來源可能為本金),群益投信,境內,ET006004/806,,84.0,2.57,0.12,6.82,14.93,41.87,19.03,85.21,,,,08/18,群益環球金綻雙喜基金B月配型美元本基金有相當比重投資於持有非投資等級高風險債券之基金且配息來源可能為本金
群益環球金綻雙喜基金NA累積型(美元)(本基金有相當比重投資於持有非投資等級高風險債券之基金且配息來源可能為本金),群益投信,境內,ET006004/806,,85.0,2.57,0.12,6.81,14.91,41.88,19.06,,,,,08/18,群益環球金綻雙喜基金NA累積型美元本基金有相當比重投資於持有非投資等級高風險債券之基金且配息來源可能為本金
群益環球金綻雙喜基金A累積型(美元)(本基金有相當比重投資於持有非投資等級高風險債券之基金且配息來源可能為本金),群益投信,境內,ET006004/806,,86.0,2.57,0.12,6.81,14.91,41.88,19.06,85.21,,,,08/18,群益環球金綻雙喜基金A累積型美元本基金有相當比重投資於持有非投資等級高風險債券之基金且配息來源可能為本金
貝萊德享退休系列2040目標日期組合基金,貝萊德投信,境內,ET006004/806,,87.0,0.44,3.18,6.79,20.84,44.06,44.85,,,,,08/18,貝萊德享退休系列2040目標日期組合基金
景順2031年樂活資產豐益組合基金-月配型(台幣)(本基金有一定比重得投資於非投資等級之高風險債券基金且基金之配息來源可能為本金),景順投信,境內,ET006004/806,,88.0,0.81,3.22,6.66,19.18,34.66,,,,,,08/18,景順2031年樂活資產豐益組合基金月配型台幣本基金有一定比重得投資於非投資等級之高風險債券基金且基金之配息來源可能為本金
景順2031年樂活資產豐益組合基金-累積型(台幣)(本基金有一定比重得投資於非投資等級之高風險債券基金),景順投信,境內,ET006004/806,,89.0,0.76,3.19,6.59,19.14,34.62,,,,,,08/18,景順2031年樂活資產豐益組合基金累積型台幣本基金有一定比重得投資於非投資等級之高風險債券基金
柏瑞旗艦全球平衡組合基金,柏瑞投信,境內,ET006004/806,,90.0,2.32,3.3,6.5,19.69,41.14,30.86,67.96,,,,08/18,柏瑞旗艦全球平衡組合基金
合庫樂活安養ESG積極成長組合基金-A不配息(台幣)(本基金有相當比重投資於高風險非投資等級債券基金),合作金庫投信,境內,ET006004/806,,91.0,2.56,4.12,6.47,20.09,42.81,,,,,,08/18,合庫樂活安養ESG積極成長組合基金A不配息台幣本基金有相當比重投資於高風險非投資等級債券基金
合庫樂活安養ESG積極成長組合基金-B配息(台幣)(本基金有相當比重投資於高風險非投資等級債券基金且配息來源可能涉及本金),合作金庫投信,境內,ET006004/806,,92.0,2.56,4.11,6.46,20.09,42.87,,,,,,08/18,合庫樂活安養ESG積極成長組合基金B配息台幣本基金有相當比重投資於高風險非投資等級債券基金且配息來源可能涉及本金
瀚亞多重收益優化組合基金B配息(紐幣)(本基金得投資於非投資等級之高風險債券基金且配息來源可能為本金),瀚亞投信,境內,ET006004/806,,93.0,2.1,2.26,6.25,11.8,39.39,33.5,,,,,08/18,瀚亞多重收益優化組合基金B配息紐幣本基金得投資於非投資等級之高風險債券基金且配息來源可能為本金
玉山多元收益組合基金-月配息型(台幣)(本基金配息來源可能為本金),玉山投信,境內,ET006004/806,,94.0,1.2,2.05,6.24,21.56,38.52,35.8,41.96,,,,08/18,玉山多元收益組合基金月配息型台幣本基金配息來源可能為本金
玉山多元收益組合基金-累積型(台幣)(本基金配息來源可能為本金),玉山投信,境內,ET006004/806,,95.0,1.2,2.05,6.24,21.56,38.52,35.8,41.71,,,,08/18,玉山多元收益組合基金累積型台幣本基金配息來源可能為本金
群益環球金綻雙喜基金B月配型(澳幣)(本基金有相當比重投資於持有非投資等級高風險債券之基金且配息來源可能為本金),群益投信,境內,ET006004/806,,96.0,2.24,-0.18,6.23,12.19,35.41,11.54,73.17,,,,08/18,群益環球金綻雙喜基金B月配型澳幣本基金有相當比重投資於持有非投資等級高風險債券之基金且配息來源可能為本金
群益環球金綻雙喜基金NB月配型(澳幣)(本基金有相當比重投資於持有非投資等級高風險債券之基金且配息來源可能為本金),群益投信,境內,ET006004/806,,97.0,2.25,-0.18,6.23,12.19,35.41,11.54,,,,,08/18,群益環球金綻雙喜基金NB月配型澳幣本基金有相當比重投資於持有非投資等級高風險債券之基金且配息來源可能為本金
群益環球金綻雙喜基金A累積型(澳幣)(本基金有相當比重投資於持有非投資等級高風險債券之基金且配息來源可能為本金),群益投信,境內,ET006004/806,,98.0,2.25,-0.18,6.21,12.17,35.44,11.59,73.19,,,,08/18,群益環球金綻雙喜基金A累積型澳幣本基金有相當比重投資於持有非投資等級高風險債券之基金且配息來源可能為本金
群益環球金綻雙喜基金NA累積型(澳幣)(本基金有相當比重投資於持有非投資等級高風險債券之基金且配息來源可能為本金),群益投信,境內,ET006004/806,,99.0,2.25,-0.18,6.21,12.17,35.43,11.57,,,,,08/18,群益環球金綻雙喜基金NA累積型澳幣本基金有相當比重投資於持有非投資等級高風險債券之基金且配息來源可能為本金
安聯四季雙收入息組合基金-B月配型(人民幣)(本基金之配息來源可能為本金且無保證收益及配息),安聯投信,境內,ET006004/806,,100.0,1.55,0.41,6.15,12.57,40.9,43.4,101.45,,,,08/18,安聯四季雙收入息組合基金B月配型人民幣本基金之配息來源可能為本金且無保證收益及配息
瀚亞多重收益優化組合基金A不配息(美元)(本基金得投資於非投資等級之高風險債券基金),瀚亞投信,境內,ET006004/806,,101.0,2.36,2.77,6.12,13.53,41.65,27.85,,,,,08/18,瀚亞多重收益優化組合基金A不配息美元本基金得投資於非投資等級之高風險債券基金
瀚亞多重收益優化組合基金B配息(美元)(本基金得投資於非投資等級之高風險債券基金且配息來源可能為本金),瀚亞投信,境內,ET006004/806,,102.0,2.44,2.77,6.08,13.52,41.69,27.89,,,,,08/18,瀚亞多重收益優化組合基金B配息美元本基金得投資於非投資等級之高風險債券基金且配息來源可能為本金
瀚亞多重收益優化組合基金S配息(美元)(本基金得投資於非投資等級之高風險債券基金且配息來源可能為本金),瀚亞投信,境內,ET006004/806,,103.0,2.31,2.77,6.08,13.52,41.67,27.87,,,,,08/18,瀚亞多重收益優化組合基金S配息美元本基金得投資於非投資等級之高風險債券基金且配息來源可能為本金
聯博多元資產收益組合基金N配息(南非幣)(本基金得投資於非投資等級之高風險債券基金且配息來源可能為本金及收益平準金),聯博投信,境內,ET006004/806,,104.0,2.25,3.24,5.95,14.53,52.69,42.86,,,,,08/18,聯博多元資產收益組合基金N配息南非幣本基金得投資於非投資等級之高風險債券基金且配息來源可能為本金及收益平準金
合庫樂活安養ESG積極成長組合基金-B配息(美元)(本基金有相當比重投資於高風險非投資等級債券基金且配息來源可能涉及本金),合作金庫投信,境內,ET006004/806,,105.0,3.33,3.49,5.94,16.51,48.88,,,,,,08/18,合庫樂活安養ESG積極成長組合基金B配息美元本基金有相當比重投資於高風險非投資等級債券基金且配息來源可能涉及本金
合庫樂活安養ESG積極成長組合基金-A不配息(美元)(本基金有相當比重投資於高風險非投資等級債券基金),合作金庫投信,境內,ET006004/806,,106.0,3.3,3.48,5.93,16.5,48.84,,,,,,08/18,合庫樂活安養ESG積極成長組合基金A不配息美元本基金有相當比重投資於高風險非投資等級債券基金
貝萊德全方位資產收益組合基金-月配類型(台幣)(基金有相當比重投資於非投資等級之高風險債券基金且配息來源可能為本金),貝萊德投信,境內,ET006004/806,,107.0,0.44,4.43,5.89,17.53,37.72,45.49,,,,,08/18,貝萊德全方位資產收益組合基金月配類型台幣基金有相當比重投資於非投資等級之高風險債券基金且配息來源可能為本金
匯豐ESG永續多元資產組合基金-月配息型(人民幣)(本基金有相當比重投資於非投資等級之高風險債券基金且本基金配息來源可能為本金及收益平準金),匯豐投信,境內,ET006004/806,,108.0,2.12,2.25,5.84,6.92,25.68,,,,,,08/18,匯豐ESG永續多元資產組合基金月配息型人民幣本基金有相當比重投資於非投資等級之高風險債券基金且本基金配息來源可能為本金及收益平準金
匯豐ESG永續多元資產組合基金-N配息(人民幣)(本基金有相當比重投資於非投資等級之高風險債券基金且本基金配息來源可能為本金及收益平準金),匯豐投信,境內,ET006004/806,,109.0,2.11,2.25,5.84,4.17,11.17,,,,,,08/18,匯豐ESG永續多元資產組合基金N配息人民幣本基金有相當比重投資於非投資等級之高風險債券基金且本基金配息來源可能為本金及收益平準金
聯博多元資產收益組合基金AD配息(南非幣)(本基金得投資於非投資等級之高風險債券基金且配息來源可能為本金及收益平準金),聯博投信,境內,ET006004/806,,110.0,2.26,3.37,5.84,14.38,52.09,41.37,156.24,,,,08/18,聯博多元資產收益組合基金AD配息南非幣本基金得投資於非投資等級之高風險債券基金且配息來源可能為本金及收益平準金
匯豐ESG永續多元資產組合基金-N不配息(人民幣)(本基金有相當比重投資於非投資等級之高風險債券基金且本基金配息來源可能為本金及收益平準金),匯豐投信,境內,ET006004/806,,111.0,2.11,2.25,5.83,6.92,25.68,,,,,,08/18,匯豐ESG永續多元資產組合基金N不配息人民幣本基金有相當比重投資於非投資等級之高風險債券基金且本基金配息來源可能為本金及收益平準金
匯豐ESG永續多元資產組合基金-不配息(人民幣)(本基金有相當比重投資於非投資等級之高風險債券基金且本基金配息來源可能為本金及收益平準金),匯豐投信,境內,ET006004/806,,112.0,2.11,2.25,5.83,6.91,25.67,,,,,,08/18,匯豐ESG永續多元資產組合基金不配息人民幣本基金有相當比重投資於非投資等級之高風險債券基金且本基金配息來源可能為本金及收益平準金
瀚亞多重收益優化組合基金S配息(澳幣)(本基金得投資於非投資等級之高風險債券基金且配息來源可能為本金),瀚亞投信,境內,ET006004/806,,113.0,1.71,2.5,5.8,9.54,34.62,23.39,,,,,08/18,瀚亞多重收益優化組合基金S配息澳幣本基金得投資於非投資等級之高風險債券基金且配息來源可能為本金
瀚亞多重收益優化組合基金B配息(澳幣)(本基金得投資於非投資等級之高風險債券基金且配息來源可能為本金),瀚亞投信,境內,ET006004/806,,114.0,1.75,2.55,5.79,9.57,34.97,23.65,,,,,08/18,瀚亞多重收益優化組合基金B配息澳幣本基金得投資於非投資等級之高風險債券基金且配息來源可能為本金
貝萊德全方位資產收益組合基金-累積類型(台幣)(基金有相當比重投資於非投資等級之高風險債券基金且配息來源可能為本金),貝萊德投信,境內,ET006004/806,,115.0,0.38,4.4,5.79,17.43,37.66,45.34,,,,,08/18,貝萊德全方位資產收益組合基金累積類型台幣基金有相當比重投資於非投資等級之高風險債券基金且配息來源可能為本金
聯博多元資產收益組合基金AI配息(南非幣)(本基金得投資於非投資等級之高風險債券基金且配息來源可能為本金及收益平準金),聯博投信,境內,ET006004/806,,116.0,2.28,3.26,5.77,14.3,51.77,40.98,,,,,08/18,聯博多元資產收益組合基金AI配息南非幣本基金得投資於非投資等級之高風險債券基金且配息來源可能為本金及收益平準金
柏瑞全球金牌組合基金,柏瑞投信,境內,ET006004/806,,117.0,2.62,2.4,5.77,16.99,36.51,26.3,56.53,,,,08/18,柏瑞全球金牌組合基金
東方匯理CIO精選均衡基金-A2累積型(台幣)(本基金有相當比重投資於非投資等級之高風險債券且配息來源可能為本金),東方匯理投信,境內,ET006004/806,,118.0,0.8,3.43,5.76,20.67,,,,,,,08/18,東方匯理CIO精選均衡基金A2累積型台幣本基金有相當比重投資於非投資等級之高風險債券且配息來源可能為本金
東方匯理CIO精選均衡基金-N2累積型(台幣)(本基金有相當比重投資於非投資等級之高風險債券且配息來源可能為本金),東方匯理投信,境內,ET006004/806,,119.0,0.8,3.43,5.76,20.67,,,,,,,08/18,東方匯理CIO精選均衡基金N2累積型台幣本基金有相當比重投資於非投資等級之高風險債券且配息來源可能為本金
瀚亞多重收益優化組合基金A不配息(澳幣)(本基金得投資於非投資等級之高風險債券基金),瀚亞投信,境內,ET006004/806,,120.0,1.69,2.44,5.71,9.46,34.5,23.38,,,,,08/18,瀚亞多重收益優化組合基金A不配息澳幣本基金得投資於非投資等級之高風險債券基金
聯博多元資產收益組合基金N配息(台幣)(本基金得投資於非投資等級之高風險債券基金且配息來源可能為本金及收益平準金),聯博投信,境內,ET006004/806,,121.0,1.54,3.45,5.38,13.84,35.99,28.45,,,,,08/18,聯博多元資產收益組合基金N配息台幣本基金得投資於非投資等級之高風險債券基金且配息來源可能為本金及收益平準金
群益環球金綻雙喜基金NA累積型(人民幣)(本基金有相當比重投資於持有非投資等級高風險債券之基金且配息來源可能為本金),群益投信,境內,ET006004/806,,122.0,2.31,-0.48,5.31,11.4,31.29,9.02,,,,,08/18,群益環球金綻雙喜基金NA累積型人民幣本基金有相當比重投資於持有非投資等級高風險債券之基金且配息來源可能為本金
群益環球金綻雙喜基金A累積型(人民幣)(本基金有相當比重投資於持有非投資等級高風險債券之基金且配息來源可能為本金),群益投信,境內,ET006004/806,,123.0,2.31,-0.48,5.31,11.4,31.29,9.02,,,,,08/18,群益環球金綻雙喜基金A累積型人民幣本基金有相當比重投資於持有非投資等級高風險債券之基金且配息來源可能為本金
聯博多元資產收益組合基金A2不配息(台幣)(本基金得投資於非投資等級之高風險債券基金且配息來源可能為本金及收益平準金),聯博投信,境內,ET006004/806,,124.0,1.54,3.47,5.3,13.85,35.92,28.42,68.31,,,,08/18,聯博多元資產收益組合基金A2不配息台幣本基金得投資於非投資等級之高風險債券基金且配息來源可能為本金及收益平準金
聯博多元資產收益組合基金AD配息(台幣)(本基金得投資於非投資等級之高風險債券基金且配息來源可能為本金及收益平準金),聯博投信,境內,ET006004/806,,125.0,1.55,3.4,5.3,13.81,35.92,28.33,68.13,,,,08/18,聯博多元資產收益組合基金AD配息台幣本基金得投資於非投資等級之高風險債券基金且配息來源可能為本金及收益平準金
聯博多元資產收益組合基金AI配息(台幣)(本基金得投資於非投資等級之高風險債券基金且配息來源可能為本金及收益平準金),聯博投信,境內,ET006004/806,,126.0,1.61,3.44,5.27,13.92,35.93,28.38,,,,,08/18,聯博多元資產收益組合基金AI配息台幣本基金得投資於非投資等級之高風險債券基金且配息來源可能為本金及收益平準金
玉山多元收益組合基金-月配息型(美元)(本基金配息來源可能為本金),玉山投信,境內,ET006004/806,,127.0,2.36,1.11,5.26,16.42,41.82,25.07,47.73,,,,08/18,玉山多元收益組合基金月配息型美元本基金配息來源可能為本金
玉山多元收益組合基金-累積型(美元)(本基金配息來源可能為本金),玉山投信,境內,ET006004/806,,128.0,2.36,1.12,5.26,16.42,41.85,25.12,47.3,,,,08/18,玉山多元收益組合基金累積型美元本基金配息來源可能為本金
景順2031年樂活資產豐益組合基金-累積型(美元)(本基金有一定比重得投資於非投資等級之高風險債券基金),景順投信,境內,ET006004/806,,129.0,1.94,1.94,5.2,12.15,34.66,,,,,,08/18,景順2031年樂活資產豐益組合基金累積型美元本基金有一定比重得投資於非投資等級之高風險債券基金
景順2031年樂活資產豐益組合基金-月配型(美元)(本基金有一定比重得投資於非投資等級之高風險債券基金且基金之配息來源可能為本金),景順投信,境內,ET006004/806,,130.0,1.92,1.95,5.18,12.02,34.58,,,,,,08/18,景順2031年樂活資產豐益組合基金月配型美元本基金有一定比重得投資於非投資等級之高風險債券基金且基金之配息來源可能為本金
東方匯理CIO精選均衡基金-A2累積型(南非幣避險)(本基金有相當比重投資於非投資等級之高風險債券且配息來源可能為本金),東方匯理投信,境內,ET006004/806,,131.0,1.99,2.61,5.17,12.7,,,,,,,08/18,東方匯理CIO精選均衡基金A2累積型南非幣避險本基金有相當比重投資於非投資等級之高風險債券且配息來源可能為本金
聯博多元資產收益組合基金N配息(美元)(本基金得投資於非投資等級之高風險債券基金且配息來源可能為本金及收益平準金),聯博投信,境內,ET006004/806,,132.0,2.17,2.86,5.01,12.34,42.87,25.73,,,,,08/18,聯博多元資產收益組合基金N配息美元本基金得投資於非投資等級之高風險債券基金且配息來源可能為本金及收益平準金
聯博多元資產收益組合基金AD配息(美元)(本基金得投資於非投資等級之高風險債券基金且配息來源可能為本金及收益平準金),聯博投信,境內,ET006004/806,,133.0,2.18,2.87,5.0,12.33,42.93,25.73,83.4,,,,08/18,聯博多元資產收益組合基金AD配息美元本基金得投資於非投資等級之高風險債券基金且配息來源可能為本金及收益平準金
東方匯理CIO精選均衡基金-AD月配型(台幣)(本基金有相當比重投資於非投資等級之高風險債券且配息來源可能為本金),東方匯理投信,境內,ET006004/806,,134.0,0.08,3.03,4.96,19.68,,,,,,,08/18,東方匯理CIO精選均衡基金AD月配型台幣本基金有相當比重投資於非投資等級之高風險債券且配息來源可能為本金
東方匯理CIO精選均衡基金-ND月配型(台幣)(本基金有相當比重投資於非投資等級之高風險債券且配息來源可能為本金),東方匯理投信,境內,ET006004/806,,135.0,0.08,3.03,4.96,19.68,,,,,,,08/18,東方匯理CIO精選均衡基金ND月配型台幣本基金有相當比重投資於非投資等級之高風險債券且配息來源可能為本金
聯博多元資產收益組合基金AD配息(澳幣)(本基金得投資於非投資等級之高風險債券基金且配息來源可能為本金及收益平準金),聯博投信,境內,ET006004/806,,136.0,2.19,2.93,4.94,11.75,38.2,17.02,63.09,,,,08/18,聯博多元資產收益組合基金AD配息澳幣本基金得投資於非投資等級之高風險債券基金且配息來源可能為本金及收益平準金
聯博多元資產收益組合基金AI配息(美元)(本基金得投資於非投資等級之高風險債券基金且配息來源可能為本金及收益平準金),聯博投信,境內,ET006004/806,,137.0,2.1,2.84,4.93,12.32,42.78,25.63,,,,,08/18,聯博多元資產收益組合基金AI配息美元本基金得投資於非投資等級之高風險債券基金且配息來源可能為本金及收益平準金
聯博多元資產收益組合基金A2不配息(美元)(本基金得投資於非投資等級之高風險債券基金且配息來源可能為本金及收益平準金),聯博投信,境內,ET006004/806,,138.0,2.1,2.79,4.93,12.29,42.82,25.7,82.99,,,,08/18,聯博多元資產收益組合基金A2不配息美元本基金得投資於非投資等級之高風險債券基金且配息來源可能為本金及收益平準金
東方匯理CIO精選均衡基金-N2累積型(澳幣避險)(本基金有相當比重投資於非投資等級之高風險債券且配息來源可能為本金),東方匯理投信,境內,ET006004/806,,139.0,1.88,2.05,4.93,13.96,,,,,,,08/18,東方匯理CIO精選均衡基金N2累積型澳幣避險本基金有相當比重投資於非投資等級之高風險債券且配息來源可能為本金
東方匯理CIO精選均衡基金-ND月配型(南非幣避險)(本基金有相當比重投資於非投資等級之高風險債券且配息來源可能為本金),東方匯理投信,境內,ET006004/806,,140.0,1.36,2.87,4.93,15.06,,,,,,,08/18,東方匯理CIO精選均衡基金ND月配型南非幣避險本基金有相當比重投資於非投資等級之高風險債券且配息來源可能為本金
東方匯理CIO精選均衡基金-N2累積型(南非幣避險)(本基金有相當比重投資於非投資等級之高風險債券且配息來源可能為本金),東方匯理投信,境內,ET006004/806,,141.0,1.87,2.47,4.89,14.71,,,,,,,08/18,東方匯理CIO精選均衡基金N2累積型南非幣避險本基金有相當比重投資於非投資等級之高風險債券且配息來源可能為本金
聯博多元資產收益組合基金N配息(澳幣)(本基金得投資於非投資等級之高風險債券基金且配息來源可能為本金及收益平準金),聯博投信,境內,ET006004/806,,142.0,2.15,2.84,4.84,11.67,37.9,16.72,,,,,08/18,聯博多元資產收益組合基金N配息澳幣本基金得投資於非投資等級之高風險債券基金且配息來源可能為本金及收益平準金
聯博多元資產收益組合基金AI配息(澳幣)(本基金得投資於非投資等級之高風險債券基金且配息來源可能為本金及收益平準金),聯博投信,境內,ET006004/806,,143.0,2.09,2.72,4.78,11.62,37.86,16.94,,,,,08/18,聯博多元資產收益組合基金AI配息澳幣本基金得投資於非投資等級之高風險債券基金且配息來源可能為本金及收益平準金
合庫樂活安養ESG穩健成長組合基金-A不配息(台幣)(本基金有相當比重投資於高風險非投資等級債券基金),合作金庫投信,境內,ET006004/806,,144.0,1.44,3.28,4.65,16.4,33.07,,,,,,08/18,合庫樂活安養ESG穩健成長組合基金A不配息台幣本基金有相當比重投資於高風險非投資等級債券基金
合庫樂活安養ESG穩健成長組合基金-B配息(台幣)(本基金有相當比重投資於高風險非投資等級債券基金且配息來源可能涉及本金),合作金庫投信,境內,ET006004/806,,145.0,1.44,3.26,4.64,16.4,33.1,,,,,,08/18,合庫樂活安養ESG穩健成長組合基金B配息台幣本基金有相當比重投資於高風險非投資等級債券基金且配息來源可能涉及本金
貝萊德享退休系列2030目標日期組合基金,貝萊德投信,境內,ET006004/806,,146.0,-0.14,2.62,4.59,16.31,32.96,32.21,,,,,08/18,貝萊德享退休系列2030目標日期組合基金
貝萊德環球動態趨勢多元資產組合基金-N月配類型(人民幣)(基金之配息來源可能為本金),貝萊德投信,境內,ET006004/806,,147.0,2.64,2.89,4.38,10.21,42.81,,,,,,08/18,貝萊德環球動態趨勢多元資產組合基金N月配類型人民幣基金之配息來源可能為本金
貝萊德環球動態趨勢多元資產組合基金-A月配類型(人民幣)(基金之配息來源可能為本金),貝萊德投信,境內,ET006004/806,,148.0,2.64,2.89,4.38,10.21,42.81,,,,,,08/18,貝萊德環球動態趨勢多元資產組合基金A月配類型人民幣基金之配息來源可能為本金
東方匯理CIO精選均衡基金-AD月配型(南非幣避險)(本基金有相當比重投資於非投資等級之高風險債券且配息來源可能為本金),東方匯理投信,境內,ET006004/806,,149.0,1.28,2.51,4.38,14.27,,,,,,,08/18,東方匯理CIO精選均衡基金AD月配型南非幣避險本基金有相當比重投資於非投資等級之高風險債券且配息來源可能為本金
貝萊德環球動態趨勢多元資產組合基金-A累積類型(人民幣)(基金之配息來源可能為本金),貝萊德投信,境內,ET006004/806,,150.0,2.6,2.92,4.35,10.18,42.88,,,,,,08/18,貝萊德環球動態趨勢多元資產組合基金A累積類型人民幣基金之配息來源可能為本金
景順2030優享樂活退休組合基金-月配型(南非幣)(本基金有相當比重投資於非投資等級之高風險債券基金且基金之配息來源可能為本金),景順投信,境內,ET006004/806,,151.0,1.59,2.06,4.32,10.62,38.89,32.05,,,,,08/18,景順2030優享樂活退休組合基金月配型南非幣本基金有相當比重投資於非投資等級之高風險債券基金且基金之配息來源可能為本金
貝萊德全方位資產收益組合基金-月配類型(美元)(基金有相當比重投資於非投資等級之高風險債券基金且配息來源可能為本金),貝萊德投信,境內,ET006004/806,,152.0,1.45,3.09,4.3,10.48,37.7,26.7,,,,,08/18,貝萊德全方位資產收益組合基金月配類型美元基金有相當比重投資於非投資等級之高風險債券基金且配息來源可能為本金
東方匯理CIO精選均衡基金-N2累積型(美元)(本基金有相當比重投資於非投資等級之高風險債券且配息來源可能為本金),東方匯理投信,境內,ET006004/806,,153.0,1.89,2.15,4.3,13.45,,,,,,,08/18,東方匯理CIO精選均衡基金N2累積型美元本基金有相當比重投資於非投資等級之高風險債券且配息來源可能為本金
景順2030優享樂活退休組合基金-累積型(南非幣)(本基金有相當比重投資於非投資等級之高風險債券基金),景順投信,境內,ET006004/806,,154.0,1.55,2.01,4.25,10.56,38.78,32.02,,,,,08/18,景順2030優享樂活退休組合基金累積型南非幣本基金有相當比重投資於非投資等級之高風險債券基金
貝萊德全方位資產收益組合基金-累積類型(美元)(基金有相當比重投資於非投資等級之高風險債券基金且配息來源可能為本金),貝萊德投信,境內,ET006004/806,,155.0,1.47,3.12,4.25,10.45,37.61,26.62,,,,,08/18,貝萊德全方位資產收益組合基金累積類型美元基金有相當比重投資於非投資等級之高風險債券基金且配息來源可能為本金
東方匯理CIO精選均衡基金-A2累積型(美元)(本基金有相當比重投資於非投資等級之高風險債券且配息來源可能為本金),東方匯理投信,境內,ET006004/806,,156.0,1.8,2.06,4.21,13.36,,,,,,,08/18,東方匯理CIO精選均衡基金A2累積型美元本基金有相當比重投資於非投資等級之高風險債券且配息來源可能為本金
東方匯理CIO精選均衡基金-A2累積型(澳幣避險)(本基金有相當比重投資於非投資等級之高風險債券且配息來源可能為本金),東方匯理投信,境內,ET006004/806,,157.0,1.81,2.17,4.15,12.72,,,,,,,08/18,東方匯理CIO精選均衡基金A2累積型澳幣避險本基金有相當比重投資於非投資等級之高風險債券且配息來源可能為本金
瀚亞多重收益優化組合基金S配息(人民幣)(本基金得投資於非投資等級之高風險債券基金且配息來源可能為本金),瀚亞投信,境內,ET006004/806,,158.0,2.0,2.1,4.05,8.12,31.1,24.16,,,,,08/18,瀚亞多重收益優化組合基金S配息人民幣本基金得投資於非投資等級之高風險債券基金且配息來源可能為本金
瀚亞多重收益優化組合基金B配息(人民幣)(本基金得投資於非投資等級之高風險債券基金且配息來源可能為本金),瀚亞投信,境內,ET006004/806,,159.0,2.0,1.98,4.04,7.98,31.05,24.14,,,,,08/18,瀚亞多重收益優化組合基金B配息人民幣本基金得投資於非投資等級之高風險債券基金且配息來源可能為本金
瀚亞多重收益優化組合基金A不配息(人民幣)(本基金得投資於非投資等級之高風險債券基金),瀚亞投信,境內,ET006004/806,,160.0,1.95,1.95,3.99,7.97,30.95,24.03,,,,,08/18,瀚亞多重收益優化組合基金A不配息人民幣本基金得投資於非投資等級之高風險債券基金
合庫樂活安養ESG穩健成長組合基金-B配息(美元)(本基金有相當比重投資於高風險非投資等級債券基金且配息來源可能涉及本金),合作金庫投信,境內,ET006004/806,,161.0,2.23,2.56,3.98,12.41,38.49,,,,,,08/18,合庫樂活安養ESG穩健成長組合基金B配息美元本基金有相當比重投資於高風險非投資等級債券基金且配息來源可能涉及本金
合庫樂活安養ESG穩健成長組合基金-A不配息(美元)(本基金有相當比重投資於高風險非投資等級債券基金),合作金庫投信,境內,ET006004/806,,162.0,2.21,2.55,3.98,12.4,38.49,,,,,,08/18,合庫樂活安養ESG穩健成長組合基金A不配息美元本基金有相當比重投資於高風險非投資等級債券基金
景順2031年樂活資產豐益組合基金-累積型(人民幣)(本基金有一定比重得投資於非投資等級之高風險債券基金),景順投信,境內,ET006004/806,,163.0,1.63,1.24,3.82,9.16,24.82,,,,,,08/18,景順2031年樂活資產豐益組合基金累積型人民幣本基金有一定比重得投資於非投資等級之高風險債券基金
摩根多元入息成長基金-月配型(台幣)(本基金之配息來源可能為本金且並無保證收益及配息),摩根投信,境內,ET006004/806,,164.0,1.11,2.96,3.8,10.26,24.78,14.04,38.89,,,,08/18,摩根多元入息成長基金月配型台幣本基金之配息來源可能為本金且並無保證收益及配息
摩根多元入息成長基金-累積型(台幣)(本基金並無保證收益及配息),摩根投信,境內,ET006004/806,,165.0,1.11,2.96,3.79,10.21,24.63,13.96,39.03,,,,08/18,摩根多元入息成長基金累積型台幣本基金並無保證收益及配息
摩根多元入息成長基金-月配型(美元)(本基金之配息來源可能為本金且並無保證收益及配息),摩根投信,境內,ET006004/806,,166.0,1.62,2.62,3.74,9.6,34.72,23.71,64.3,,,,08/18,摩根多元入息成長基金月配型美元本基金之配息來源可能為本金且並無保證收益及配息
摩根多元入息成長基金-累積型(美元)(本基金並無保證收益及配息),摩根投信,境內,ET006004/806,,167.0,1.62,2.62,3.74,9.6,34.72,23.7,,,,,08/18,摩根多元入息成長基金累積型美元本基金並無保證收益及配息
景順2031年樂活資產豐益組合基金-月配型(人民幣)(本基金有一定比重得投資於非投資等級之高風險債券基金且基金之配息來源可能為本金),景順投信,境內,ET006004/806,,168.0,1.67,1.21,3.73,9.21,24.84,,,,,,08/18,景順2031年樂活資產豐益組合基金月配型人民幣本基金有一定比重得投資於非投資等級之高風險債券基金且基金之配息來源可能為本金
東方匯理CIO精選均衡基金-AD月配型(美元)(本基金有相當比重投資於非投資等級之高風險債券且配息來源可能為本金),東方匯理投信,境內,ET006004/806,,169.0,1.25,1.79,3.67,12.76,,,,,,,08/18,東方匯理CIO精選均衡基金AD月配型美元本基金有相當比重投資於非投資等級之高風險債券且配息來源可能為本金
東方匯理CIO精選均衡基金-ND月配型(美元)(本基金有相當比重投資於非投資等級之高風險債券且配息來源可能為本金),東方匯理投信,境內,ET006004/806,,170.0,1.25,1.79,3.67,12.76,,,,,,,08/18,東方匯理CIO精選均衡基金ND月配型美元本基金有相當比重投資於非投資等級之高風險債券且配息來源可能為本金
柏瑞環球多元資產基金A不配息(南非幣),柏瑞投信,境內,ET006004/806,,171.0,3.12,0.71,3.64,10.73,40.06,27.9,89.13,,,,08/18,柏瑞環球多元資產基金A不配息南非幣
柏瑞環球多元資產基金N月配息(南非幣)(本基金配息來源可能為本金),柏瑞投信,境內,ET006004/806,,172.0,3.12,0.71,3.62,10.71,40.08,27.98,89.36,,,,08/18,柏瑞環球多元資產基金N月配息南非幣本基金配息來源可能為本金
柏瑞環球多元資產基金B月配息(南非幣)(本基金配息來源可能為本金),柏瑞投信,境內,ET006004/806,,173.0,3.11,0.71,3.62,10.7,40.08,27.97,89.45,,,,08/18,柏瑞環球多元資產基金B月配息南非幣本基金配息來源可能為本金
東方匯理CIO精選收益基金-A2累積型(台幣)(本基金有相當比重投資於非投資等級之高風險債券且配息來源可能為本金),東方匯理投信,境內,ET006004/806,,174.0,-0.16,3.7,3.61,16.53,,,,,,,08/18,東方匯理CIO精選收益基金A2累積型台幣本基金有相當比重投資於非投資等級之高風險債券且配息來源可能為本金
東方匯理CIO精選收益基金-N2累積型(台幣)(本基金有相當比重投資於非投資等級之高風險債券且配息來源可能為本金),東方匯理投信,境內,ET006004/806,,175.0,-0.16,3.7,3.61,16.53,,,,,,,08/18,東方匯理CIO精選收益基金N2累積型台幣本基金有相當比重投資於非投資等級之高風險債券且配息來源可能為本金
東方匯理CIO精選均衡基金-AD月配型(澳幣避險)(本基金有相當比重投資於非投資等級之高風險債券且配息來源可能為本金),東方匯理投信,境內,ET006004/806,,176.0,1.17,1.7,3.59,12.08,,,,,,,08/18,東方匯理CIO精選均衡基金AD月配型澳幣避險本基金有相當比重投資於非投資等級之高風險債券且配息來源可能為本金
聯博多元資產收益組合基金A2不配息(人民幣)(本基金得投資於非投資等級之高風險債券基金且配息來源可能為本金及收益平準金),聯博投信,境內,ET006004/806,,177.0,1.9,2.1,3.55,9.34,31.7,14.59,80.23,,,,08/18,聯博多元資產收益組合基金A2不配息人民幣本基金得投資於非投資等級之高風險債券基金且配息來源可能為本金及收益平準金
聯博多元資產收益組合基金AI配息(人民幣)(本基金得投資於非投資等級之高風險債券基金且配息來源可能為本金及收益平準金),聯博投信,境內,ET006004/806,,178.0,1.9,2.12,3.54,9.28,31.66,14.49,,,,,08/18,聯博多元資產收益組合基金AI配息人民幣本基金得投資於非投資等級之高風險債券基金且配息來源可能為本金及收益平準金
聯博多元資產收益組合基金AD配息(人民幣)(本基金得投資於非投資等級之高風險債券基金且配息來源可能為本金及收益平準金),聯博投信,境內,ET006004/806,,179.0,1.92,2.13,3.53,9.34,31.61,14.45,79.66,,,,08/18,聯博多元資產收益組合基金AD配息人民幣本基金得投資於非投資等級之高風險債券基金且配息來源可能為本金及收益平準金
聯博多元資產收益組合基金N配息(人民幣)(本基金得投資於非投資等級之高風險債券基金且配息來源可能為本金及收益平準金),聯博投信,境內,ET006004/806,,180.0,1.82,2.12,3.43,9.24,31.65,14.43,,,,,08/18,聯博多元資產收益組合基金N配息人民幣本基金得投資於非投資等級之高風險債券基金且配息來源可能為本金及收益平準金
東方匯理CIO精選均衡基金-ND月配型(澳幣避險)(本基金有相當比重投資於非投資等級之高風險債券且配息來源可能為本金),東方匯理投信,境內,ET006004/806,,181.0,1.35,1.89,3.41,11.98,,,,,,,08/18,東方匯理CIO精選均衡基金ND月配型澳幣避險本基金有相當比重投資於非投資等級之高風險債券且配息來源可能為本金
景順2030優享樂活退休組合基金-月配型(美元)(本基金有相當比重投資於非投資等級之高風險債券基金且基金之配息來源可能為本金),景順投信,境內,ET006004/806,,182.0,1.35,1.38,3.37,8.29,29.71,15.71,,,,,08/18,景順2030優享樂活退休組合基金月配型美元本基金有相當比重投資於非投資等級之高風險債券基金且基金之配息來源可能為本金
景順2030優享樂活退休組合基金-累積型(美元)(本基金有相當比重投資於非投資等級之高風險債券基金),景順投信,境內,ET006004/806,,183.0,1.35,1.42,3.36,8.33,29.72,15.74,,,,,08/18,景順2030優享樂活退休組合基金累積型美元本基金有相當比重投資於非投資等級之高風險債券基金
景順2030優享樂活退休組合基金-年配型(美元)(本基金有相當比重投資於非投資等級之高風險債券基金且基金之配息來源可能為本金),景順投信,境內,ET006004/806,,184.0,1.33,1.42,3.35,8.38,29.7,15.82,,,,,08/18,景順2030優享樂活退休組合基金年配型美元本基金有相當比重投資於非投資等級之高風險債券基金且基金之配息來源可能為本金
東方匯理CIO精選收益基金-ND月配型(台幣)(本基金有相當比重投資於非投資等級之高風險債券且配息來源可能為本金),東方匯理投信,境內,ET006004/806,,185.0,-0.64,3.7,3.11,15.97,,,,,,,08/18,東方匯理CIO精選收益基金ND月配型台幣本基金有相當比重投資於非投資等級之高風險債券且配息來源可能為本金
東方匯理CIO精選收益基金-AD月配型(台幣)(本基金有相當比重投資於非投資等級之高風險債券且配息來源可能為本金),東方匯理投信,境內,ET006004/806,,186.0,-0.64,3.7,3.11,15.97,,,,,,,08/18,東方匯理CIO精選收益基金AD月配型台幣本基金有相當比重投資於非投資等級之高風險債券且配息來源可能為本金
景順2030優享樂活退休組合基金-累積型(澳幣)(本基金有相當比重投資於非投資等級之高風險債券基金),景順投信,境內,ET006004/806,,187.0,1.44,1.52,3.1,7.48,25.5,9.33,,,,,08/18,景順2030優享樂活退休組合基金累積型澳幣本基金有相當比重投資於非投資等級之高風險債券基金
東方匯理CIO精選收益基金-N2累積型(南非幣避險)(本基金有相當比重投資於非投資等級之高風險債券且配息來源可能為本金),東方匯理投信,境內,ET006004/806,,188.0,1.01,3.01,3.09,11.49,,,,,,,08/18,東方匯理CIO精選收益基金N2累積型南非幣避險本基金有相當比重投資於非投資等級之高風險債券且配息來源可能為本金
東方匯理CIO精選收益基金-A2累積型(南非幣避險)(本基金有相當比重投資於非投資等級之高風險債券且配息來源可能為本金),東方匯理投信,境內,ET006004/806,,189.0,0.85,2.68,2.92,11.38,,,,,,,08/18,東方匯理CIO精選收益基金A2累積型南非幣避險本基金有相當比重投資於非投資等級之高風險債券且配息來源可能為本金
復華奧林匹克全球組合基金(本基金有相當比重投資於持有非投資等級高風險債券之基金),復華投信,境內,ET006004/806,,190.0,0.31,3.38,2.89,12.99,22.08,15.73,31.25,,,,08/18,復華奧林匹克全球組合基金本基金有相當比重投資於持有非投資等級高風險債券之基金
東方匯理CIO精選均衡基金-A2累積型(人民幣避險)(本基金有相當比重投資於非投資等級之高風險債券且配息來源可能為本金),東方匯理投信,境內,ET006004/806,,191.0,1.68,1.41,2.86,10.58,,,,,,,08/18,東方匯理CIO精選均衡基金A2累積型人民幣避險本基金有相當比重投資於非投資等級之高風險債券且配息來源可能為本金
東方匯理CIO精選均衡基金-N2累積型(人民幣避險)(本基金有相當比重投資於非投資等級之高風險債券且配息來源可能為本金),東方匯理投信,境內,ET006004/806,,192.0,1.59,1.41,2.69,10.29,,,,,,,08/18,東方匯理CIO精選均衡基金N2累積型人民幣避險本基金有相當比重投資於非投資等級之高風險債券且配息來源可能為本金
東方匯理CIO精選收益基金-A2累積型(澳幣避險)(本基金有相當比重投資於非投資等級之高風險債券且配息來源可能為本金),東方匯理投信,境內,ET006004/806,,193.0,0.96,2.3,2.57,9.68,,,,,,,08/18,東方匯理CIO精選收益基金A2累積型澳幣避險本基金有相當比重投資於非投資等級之高風險債券且配息來源可能為本金
東方匯理CIO精選收益基金-AD月配型(南非幣避險)(本基金有相當比重投資於非投資等級之高風險債券且配息來源可能為本金),東方匯理投信,境內,ET006004/806,,194.0,0.19,2.91,2.39,10.84,,,,,,,08/18,東方匯理CIO精選收益基金AD月配型南非幣避險本基金有相當比重投資於非投資等級之高風險債券且配息來源可能為本金
東方匯理CIO精選收益基金-ND月配型(南非幣避險)(本基金有相當比重投資於非投資等級之高風險債券且配息來源可能為本金),東方匯理投信,境內,ET006004/806,,195.0,0.19,2.9,2.29,10.83,,,,,,,08/18,東方匯理CIO精選收益基金ND月配型南非幣避險本基金有相當比重投資於非投資等級之高風險債券且配息來源可能為本金
東方匯理CIO精選收益基金-N2累積型(美元)(本基金有相當比重投資於非投資等級之高風險債券且配息來源可能為本金),東方匯理投信,境內,ET006004/806,,196.0,0.9,2.4,2.23,9.57,,,,,,,08/18,東方匯理CIO精選收益基金N2累積型美元本基金有相當比重投資於非投資等級之高風險債券且配息來源可能為本金
東方匯理CIO精選收益基金-A2累積型(美元)(本基金有相當比重投資於非投資等級之高風險債券且配息來源可能為本金),東方匯理投信,境內,ET006004/806,,197.0,0.9,2.4,2.23,9.57,,,,,,,08/18,東方匯理CIO精選收益基金A2累積型美元本基金有相當比重投資於非投資等級之高風險債券且配息來源可能為本金
東方匯理CIO精選均衡基金-AD月配型(人民幣避險)(本基金有相當比重投資於非投資等級之高風險債券且配息來源可能為本金),東方匯理投信,境內,ET006004/806,,198.0,1.0,1.01,2.17,9.66,,,,,,,08/18,東方匯理CIO精選均衡基金AD月配型人民幣避險本基金有相當比重投資於非投資等級之高風險債券且配息來源可能為本金
景順2030優享樂活退休組合基金-累積型(人民幣)(本基金有相當比重投資於非投資等級之高風險債券基金),景順投信,境內,ET006004/806,,199.0,1.19,0.79,2.16,5.62,20.47,7.67,,,,,08/18,景順2030優享樂活退休組合基金累積型人民幣本基金有相當比重投資於非投資等級之高風險債券基金
東方匯理CIO精選均衡基金-ND月配型(人民幣避險)(本基金有相當比重投資於非投資等級之高風險債券且配息來源可能為本金),東方匯理投信,境內,ET006004/806,,200.0,0.91,0.92,2.08,9.66,,,,,,,08/18,東方匯理CIO精選均衡基金ND月配型人民幣避險本基金有相當比重投資於非投資等級之高風險債券且配息來源可能為本金
東方匯理CIO精選收益基金-N2累積型(澳幣避險)(本基金有相當比重投資於非投資等級之高風險債券且配息來源可能為本金),東方匯理投信,境內,ET006004/806,,201.0,0.94,2.42,2.06,8.9,,,,,,,08/18,東方匯理CIO精選收益基金N2累積型澳幣避險本基金有相當比重投資於非投資等級之高風險債券且配息來源可能為本金
摩根多元入息成長基金-月配型(人民幣)(本基金之配息來源可能為本金且並無保證收益及配息),摩根投信,境內,ET006004/806,,202.0,1.29,1.89,2.0,5.3,23.77,16.42,65.93,,,,08/18,摩根多元入息成長基金月配型人民幣本基金之配息來源可能為本金且並無保證收益及配息
安聯目標收益基金-B月配型(台幣)(本基金主要係投資於高風險非投資等級債券基金且配息來源可能為本金),安聯投信,境內,ET006004/806,,203.0,-0.19,2.09,1.98,7.54,17.24,5.3,16.81,,,,08/18,安聯目標收益基金B月配型台幣本基金主要係投資於高風險非投資等級債券基金且配息來源可能為本金
安聯目標收益基金-N月配型(台幣)(本基金主要係投資於高風險非投資等級債券基金且配息來源可能為本金),安聯投信,境內,ET006004/806,,204.0,-0.19,2.09,1.98,7.53,17.23,5.3,,,,,08/18,安聯目標收益基金N月配型台幣本基金主要係投資於高風險非投資等級債券基金且配息來源可能為本金
安聯目標收益基金-A累積型(台幣)(本基金主要係投資於高風險非投資等級債券基金),安聯投信,境內,ET006004/806,,205.0,-0.19,2.08,1.98,7.53,17.23,5.3,16.81,,,,08/18,安聯目標收益基金A累積型台幣本基金主要係投資於高風險非投資等級債券基金
柏瑞環球多元資產基金N月配息(台幣)(本基金配息來源可能為本金),柏瑞投信,境內,ET006004/806,,206.0,2.54,1.16,1.88,12.24,28.72,9.81,,,,,08/18,柏瑞環球多元資產基金N月配息台幣本基金配息來源可能為本金
柏瑞環球多元資產基金A不配息(台幣),柏瑞投信,境內,ET006004/806,,207.0,2.54,1.16,1.87,12.24,28.72,9.81,29.39,,,,08/18,柏瑞環球多元資產基金A不配息台幣
柏瑞環球多元資產基金B月配息(台幣)(本基金配息來源可能為本金),柏瑞投信,境內,ET006004/806,,208.0,2.54,1.16,1.87,12.24,28.72,9.81,29.39,,,,08/18,柏瑞環球多元資產基金B月配息台幣本基金配息來源可能為本金
柏瑞環球多元資產基金B月配息(美元)(本基金配息來源可能為本金),柏瑞投信,境內,ET006004/806,,209.0,3.22,0.85,1.87,10.25,35.36,9.96,43.52,,,,08/18,柏瑞環球多元資產基金B月配息美元本基金配息來源可能為本金
柏瑞環球多元資產基金N月配息(美元)(本基金配息來源可能為本金),柏瑞投信,境內,ET006004/806,,210.0,3.22,0.85,1.87,10.24,35.36,9.96,43.56,,,,08/18,柏瑞環球多元資產基金N月配息美元本基金配息來源可能為本金
柏瑞環球多元資產基金A不配息(美元),柏瑞投信,境內,ET006004/806,,211.0,3.21,0.84,1.87,10.24,35.35,9.95,43.5,,,,08/18,柏瑞環球多元資產基金A不配息美元
貝萊德全方位資產收益組合基金-月配類型(人民幣)(基金有相當比重投資於非投資等級之高風險債券基金且配息來源可能為本金),貝萊德投信,境內,ET006004/806,,212.0,0.88,2.15,1.77,3.74,27.06,31.74,,,,,08/18,貝萊德全方位資產收益組合基金月配類型人民幣基金有相當比重投資於非投資等級之高風險債券基金且配息來源可能為本金
安聯目標收益基金-A累積型(美元)(本基金主要係投資於高風險非投資等級債券基金),安聯投信,境內,ET006004/806,,213.0,0.5,1.49,1.72,5.57,24.53,13.89,33.38,,,,08/18,安聯目標收益基金A累積型美元本基金主要係投資於高風險非投資等級債券基金
安聯目標收益基金-B月配型(美元)(本基金主要係投資於高風險非投資等級債券基金且配息來源可能為本金),安聯投信,境內,ET006004/806,,214.0,0.5,1.49,1.72,5.57,24.54,13.9,33.44,,,,08/18,安聯目標收益基金B月配型美元本基金主要係投資於高風險非投資等級債券基金且配息來源可能為本金
東方匯理CIO精選收益基金-ND月配型(美元)(本基金有相當比重投資於非投資等級之高風險債券且配息來源可能為本金),東方匯理投信,境內,ET006004/806,,215.0,0.37,2.37,1.68,9.02,,,,,,,08/18,東方匯理CIO精選收益基金ND月配型美元本基金有相當比重投資於非投資等級之高風險債券且配息來源可能為本金
東方匯理CIO精選收益基金-AD月配型(美元)(本基金有相當比重投資於非投資等級之高風險債券且配息來源可能為本金),東方匯理投信,境內,ET006004/806,,216.0,0.37,2.46,1.68,9.02,,,,,,,08/18,東方匯理CIO精選收益基金AD月配型美元本基金有相當比重投資於非投資等級之高風險債券且配息來源可能為本金
東方匯理CIO精選收益基金-ND月配型(澳幣避險)(本基金有相當比重投資於非投資等級之高風險債券且配息來源可能為本金),東方匯理投信,境內,ET006004/806,,217.0,0.48,2.5,1.66,8.53,,,,,,,08/18,東方匯理CIO精選收益基金ND月配型澳幣避險本基金有相當比重投資於非投資等級之高風險債券且配息來源可能為本金
東方匯理CIO精選收益基金-AD月配型(澳幣避險)(本基金有相當比重投資於非投資等級之高風險債券且配息來源可能為本金),東方匯理投信,境內,ET006004/806,,218.0,0.39,2.4,1.55,8.0,,,,,,,08/18,東方匯理CIO精選收益基金AD月配型澳幣避險本基金有相當比重投資於非投資等級之高風險債券且配息來源可能為本金
富達全球多重資產收益組合基金-A類型累積型(台幣)(本基金得投資於非投資等級之高風險債券基金),富達投信,境內,ET006004/806,,219.0,2.27,3.59,1.45,14.87,28.0,14.98,,,,,08/18,富達全球多重資產收益組合基金A類型累積型台幣本基金得投資於非投資等級之高風險債券基金
富達全球多重資產收益組合基金-A類型月配型(台幣)(本基金得投資於非投資等級之高風險債券基金且配息來源可能為本金),富達投信,境內,ET006004/806,,220.0,2.27,3.58,1.41,14.82,27.43,7.66,,,,,08/18,富達全球多重資產收益組合基金A類型月配型台幣本基金得投資於非投資等級之高風險債券基金且配息來源可能為本金
富達全球多重資產收益組合基金-A類型月配型(美元)(本基金得投資於非投資等級之高風險債券基金且配息來源可能為本金),富達投信,境內,ET006004/806,,221.0,2.93,3.24,1.38,12.85,34.77,16.14,,,,,08/18,富達全球多重資產收益組合基金A類型月配型美元本基金得投資於非投資等級之高風險債券基金且配息來源可能為本金
富達全球多重資產收益組合基金-A類型累積型(美元)(本基金得投資於非投資等級之高風險債券基金),富達投信,境內,ET006004/806,,222.0,2.93,3.23,1.38,12.85,34.78,12.61,,,,,08/18,富達全球多重資產收益組合基金A類型累積型美元本基金得投資於非投資等級之高風險債券基金
東方匯理CIO精選收益基金-A2累積型(人民幣避險)(本基金有相當比重投資於非投資等級之高風險債券且配息來源可能為本金),東方匯理投信,境內,ET006004/806,,223.0,0.61,1.68,0.7,6.58,,,,,,,08/18,東方匯理CIO精選收益基金A2累積型人民幣避險本基金有相當比重投資於非投資等級之高風險債券且配息來源可能為本金
東方匯理CIO精選收益基金-N2累積型(人民幣避險)(本基金有相當比重投資於非投資等級之高風險債券且配息來源可能為本金),東方匯理投信,境內,ET006004/806,,224.0,0.61,1.67,0.7,6.65,,,,,,,08/18,東方匯理CIO精選收益基金N2累積型人民幣避險本基金有相當比重投資於非投資等級之高風險債券且配息來源可能為本金
安聯目標收益基金-B月配型(人民幣)(本基金主要係投資於高風險非投資等級債券基金且配息來源可能為本金),安聯投信,境內,ET006004/806,,225.0,0.26,0.8,0.43,2.54,15.42,6.34,31.1,,,,08/18,安聯目標收益基金B月配型人民幣本基金主要係投資於高風險非投資等級債券基金且配息來源可能為本金
安聯目標收益基金-A累積型(人民幣)(本基金主要係投資於高風險非投資等級債券基金),安聯投信,境內,ET006004/806,,226.0,0.26,0.8,0.42,2.54,15.41,6.33,31.53,,,,08/18,安聯目標收益基金A累積型人民幣本基金主要係投資於高風險非投資等級債券基金
安聯目標收益基金-N月配型(人民幣)(本基金主要係投資於高風險非投資等級債券基金且配息來源可能為本金),安聯投信,境內,ET006004/806,,227.0,0.26,0.8,0.42,2.54,15.42,6.34,,,,,08/18,安聯目標收益基金N月配型人民幣本基金主要係投資於高風險非投資等級債券基金且配息來源可能為本金
東方匯理CIO精選收益基金-AD月配型(人民幣避險)(本基金有相當比重投資於非投資等級之高風險債券且配息來源可能為本金),東方匯理投信,境內,ET006004/806,,228.0,0.3,1.77,0.42,6.25,,,,,,,08/18,東方匯理CIO精選收益基金AD月配型人民幣避險本基金有相當比重投資於非投資等級之高風險債券且配息來源可能為本金
柏瑞環球多元資產基金A不配息(人民幣),柏瑞投信,境內,ET006004/806,,229.0,2.94,0.17,0.4,6.66,25.25,2.86,39.62,,,,08/18,柏瑞環球多元資產基金A不配息人民幣
柏瑞環球多元資產基金N月配息(人民幣)(本基金配息來源可能為本金),柏瑞投信,境內,ET006004/806,,230.0,2.93,0.16,0.39,6.66,25.26,2.87,39.67,,,,08/18,柏瑞環球多元資產基金N月配息人民幣本基金配息來源可能為本金
柏瑞環球多元資產基金B月配息(人民幣)(本基金配息來源可能為本金),柏瑞投信,境內,ET006004/806,,231.0,2.94,0.16,0.39,6.66,25.26,2.86,39.65,,,,08/18,柏瑞環球多元資產基金B月配息人民幣本基金配息來源可能為本金
東方匯理CIO精選收益基金-ND月配型(人民幣避險)(本基金有相當比重投資於非投資等級之高風險債券且配息來源可能為本金),東方匯理投信,境內,ET006004/806,,232.0,0.2,1.67,0.33,6.14,,,,,,,08/18,東方匯理CIO精選收益基金ND月配型人民幣避險本基金有相當比重投資於非投資等級之高風險債券且配息來源可能為本金
復華高益策略組合基金(本基金有相當比重投資於持有非投資等級高風險債券之基金),復華投信,境內,ET006004/806,,233.0,-1.3,2.12,0.21,9.06,10.47,2.56,6.8,,,,08/18,復華高益策略組合基金本基金有相當比重投資於持有非投資等級高風險債券之基金
富達全球多重資產收益組合基金-A類型月配型(人民幣避險)(本基金得投資於非投資等級之高風險債券基金且配息來源可能為本金),富達投信,境內,ET006004/806,,234.0,2.71,2.57,0.0,9.85,24.83,8.11,,,,,08/18,富達全球多重資產收益組合基金A類型月配型人民幣避險本基金得投資於非投資等級之高風險債券基金且配息來源可能為本金
富達全球多重資產收益組合基金-A類型累積型(人民幣避險)(本基金得投資於非投資等級之高風險債券基金),富達投信,境內,ET006004/806,,235.0,2.7,2.56,0.0,9.88,24.8,8.8,,,,,08/18,富達全球多重資產收益組合基金A類型累積型人民幣避險本基金得投資於非投資等級之高風險債券基金
瀚亞股債入息組合基金A不配息(美元),瀚亞投信,境內,ET006004/806,,236.0,0.0,0.0,0.0,0.0,,,,,,,08/18,瀚亞股債入息組合基金A不配息美元
安聯四季雙收入息組合基金-B1月配型(人民幣)(本基金之配息來源可能為本金且無保證收益及配息),安聯投信,境內,ET006004/806,,237.0,,,,,,,,,,,08/18,安聯四季雙收入息組合基金B1月配型人民幣本基金之配息來源可能為本金且無保證收益及配息
安聯四季雙收入息組合基金-B1月配型(澳幣)(本基金之配息來源可能為本金且無保證收益及配息),安聯投信,境內,ET006004/806,,238.0,,,,,,,,,,,08/18,安聯四季雙收入息組合基金B1月配型澳幣本基金之配息來源可能為本金且無保證收益及配息
復華新興債股動力組合基金(美元),復華投信,境內,ET006004/806,,239.0,,,,,,,,,,,08/18,復華新興債股動力組合基金美元
安聯四季雙收入息組合基金-A累積型(澳幣)(本基金並無保證收益及配息),安聯投信,境內,ET006004/806,,240.0,,,,,,,,,,,08/18,安聯四季雙收入息組合基金A累積型澳幣本基金並無保證收益及配息
安聯四季雙收入息組合基金-B月配型(澳幣)(本基金之配息來源可能為本金且無保證收益及配息),安聯投信,境內,ET006004/806,,241.0,,,,,,,,,,,08/18,安聯四季雙收入息組合基金B月配型澳幣本基金之配息來源可能為本金且無保證收益及配息
安聯目標收益基金-A累積型(澳幣)(本基金主要係投資於高風險非投資等級債券基金),安聯投信,境內,ET006004/806,,242.0,,,,,,,,,,,08/18,安聯目標收益基金A累積型澳幣本基金主要係投資於高風險非投資等級債券基金
安聯目標收益基金-B月配型(澳幣)(本基金主要係投資於高風險非投資等級債券基金且配息來源可能為本金),安聯投信,境內,ET006004/806,,243.0,,,,,,,,,,,08/18,安聯目標收益基金B月配型澳幣本基金主要係投資於高風險非投資等級債券基金且配息來源可能為本金
安聯四季雙收入息組合基金-A累積型(人民幣)(本基金並無保證收益及配息),安聯投信,境內,ET006004/806,,244.0,,,,,,,,,,,08/18,安聯四季雙收入息組合基金A累積型人民幣本基金並無保證收益及配息
柏瑞環球多元資產基金N9不配息(人民幣),柏瑞投信,境內,ET006004/806,,245.0,,,,,,,,,,,08/18,柏瑞環球多元資產基金N9不配息人民幣
柏瑞環球多元資產基金N9不配息(南非幣),柏瑞投信,境內,ET006004/806,,246.0,,,,,,,,,,,08/18,柏瑞環球多元資產基金N9不配息南非幣
柏瑞環球多元資產基金N9不配息(美元),柏瑞投信,境內,ET006004/806,,247.0,,,,,,,,,,,08/18,柏瑞環球多元資產基金N9不配息美元
柏瑞環球多元資產基金N9不配息(台幣),柏瑞投信,境內,ET006004/806,,248.0,,,,,,,,,,,08/18,柏瑞環球多元資產基金N9不配息台幣
貝萊德環球動態趨勢多元資產組合基金-N累積類型(台幣)(基金之配息來源可能為本金),貝萊德投信,境內,ET006004/806,,249.0,0.0,,,,,,,,,,08/18,貝萊德環球動態趨勢多元資產組合基金N累積類型台幣基金之配息來源可能為本金
貝萊德環球動態趨勢多元資產組合基金-N累積類型(美元)(基金之配息來源可能為本金),貝萊德投信,境內,ET006004/806,,250.0,0.4,,,,,,,,,,08/18,貝萊德環球動態趨勢多元資產組合基金N累積類型美元基金之配息來源可能為本金
貝萊德環球動態趨勢多元資產組合基金-N累積類型(人民幣)(基金之配息來源可能為本金),貝萊德投信,境內,ET006004/806,,251.0,0.0,,,,,,,,,,08/18,貝萊德環球動態趨勢多元資產組合基金N累積類型人民幣基金之配息來源可能為本金
群益環球金綻雙喜基金B月配型(人民幣)(本基金有相當比重投資於持有非投資等級高風險債券之基金且配息來源可能為本金),群益投信,境內,ET006004/806,,252.0,,,,,,,,,,,08/18,群益環球金綻雙喜基金B月配型人民幣本基金有相當比重投資於持有非投資等級高風險債券之基金且配息來源可能為本金
群益環球金綻雙喜基金NB月配型(人民幣)(本基金有相當比重投資於持有非投資等級高風險債券之基金且配息來源可能為本金),群益投信,境內,ET006004/806,,253.0,,,,,,,,,,,08/18,群益環球金綻雙喜基金NB月配型人民幣本基金有相當比重投資於持有非投資等級高風險債券之基金且配息來源可能為本金
玉山策略成長ETF組合基金-R累積型(台幣),玉山投信,境內,ET006005/806,,1.0,3.09,3.39,16.3,33.25,71.49,,,,,,08/18,玉山策略成長ETF組合基金R累積型台幣
玉山策略成長ETF組合基金(台幣),玉山投信,境內,ET006005/806,,2.0,3.08,3.33,16.18,32.97,70.42,74.74,,,,,08/18,玉山策略成長ETF組合基金台幣
玉山策略成長ETF組合基金(美元),玉山投信,境內,ET006005/806,,3.0,4.47,2.08,14.57,25.07,70.34,52.24,,,,,08/18,玉山策略成長ETF組合基金美元
凱基新興趨勢ETF組合基金,凱基投信,境內,ET006005/806,,4.0,1.18,0.93,10.41,40.45,60.37,40.45,69.45,,,,08/18,凱基新興趨勢ETF組合基金
永豐全球多元入息基金-累積型(美元)(本基金有相當比重投資於非投資等級之高風險債券基金且配息來源可能為本金且並無保證收益及配息),永豐投信,境內,ET006005/806,,5.0,2.36,2.67,8.23,18.16,48.52,26.93,,,,,08/18,永豐全球多元入息基金累積型美元本基金有相當比重投資於非投資等級之高風險債券基金且配息來源可能為本金且並無保證收益及配息
永豐全球多元入息基金-月配型(美元)(本基金有相當比重投資於非投資等級之高風險債券基金且配息來源可能為本金且並無保證收益及配息),永豐投信,境內,ET006005/806,,6.0,2.35,2.65,8.18,18.12,48.43,26.76,,,,,08/18,永豐全球多元入息基金月配型美元本基金有相當比重投資於非投資等級之高風險債券基金且配息來源可能為本金且並無保證收益及配息
永豐全球多元入息基金-月配型(台幣)(本基金有相當比重投資於非投資等級之高風險債券基金且配息來源可能為本金且並無保證收益及配息),永豐投信,境內,ET006005/806,,7.0,1.8,2.82,8.02,19.37,41.23,30.12,,,,,08/18,永豐全球多元入息基金月配型台幣本基金有相當比重投資於非投資等級之高風險債券基金且配息來源可能為本金且並無保證收益及配息
永豐全球多元入息基金-累積型(台幣)(本基金有相當比重投資於非投資等級之高風險債券基金且配息來源可能為本金且並無保證收益及配息),永豐投信,境內,ET006005/806,,8.0,1.8,2.82,8.01,19.36,41.19,30.1,,,,,08/18,永豐全球多元入息基金累積型台幣本基金有相當比重投資於非投資等級之高風險債券基金且配息來源可能為本金且並無保證收益及配息
野村全天候組合基金-S類型(台幣)(本基金有相當比重投資於非投資等級之高風險債券基金且配息來源可能為本金),野村投信,境內,ET006005/806,,9.0,1.34,4.34,7.29,10.51,,,,,,,08/18,野村全天候組合基金S類型台幣本基金有相當比重投資於非投資等級之高風險債券基金且配息來源可能為本金
野村全天候組合基金-累積型(台幣)(本基金有相當比重投資於非投資等級之高風險債券基金且配息來源可能為本金),野村投信,境內,ET006005/806,,10.0,1.28,4.23,7.04,18.16,,,,,,,08/18,野村全天候組合基金累積型台幣本基金有相當比重投資於非投資等級之高風險債券基金且配息來源可能為本金
野村全天候組合基金-累積N類型(台幣)(本基金有相當比重投資於非投資等級之高風險債券基金且配息來源可能為本金),野村投信,境內,ET006005/806,,11.0,1.28,4.22,7.03,18.01,,,,,,,08/18,野村全天候組合基金累積N類型台幣本基金有相當比重投資於非投資等級之高風險債券基金且配息來源可能為本金
野村全天候組合基金-月配型(台幣)(本基金有相當比重投資於非投資等級之高風險債券基金且配息來源可能為本金),野村投信,境內,ET006005/806,,12.0,1.29,4.22,7.01,18.01,,,,,,,08/18,野村全天候組合基金月配型台幣本基金有相當比重投資於非投資等級之高風險債券基金且配息來源可能為本金
野村全天候組合基金-月配N類型(台幣)(本基金有相當比重投資於非投資等級之高風險債券基金且配息來源可能為本金),野村投信,境內,ET006005/806,,13.0,1.29,4.21,7.01,17.99,,,,,,,08/18,野村全天候組合基金月配N類型台幣本基金有相當比重投資於非投資等級之高風險債券基金且配息來源可能為本金
野村全天候組合基金-累積N類型(美元)(本基金有相當比重投資於非投資等級之高風險債券基金且配息來源可能為本金),野村投信,境內,ET006005/806,,14.0,2.15,3.44,6.34,14.23,,,,,,,08/18,野村全天候組合基金累積N類型美元本基金有相當比重投資於非投資等級之高風險債券基金且配息來源可能為本金
野村全天候組合基金-累積型(美元)(本基金有相當比重投資於非投資等級之高風險債券基金且配息來源可能為本金),野村投信,境內,ET006005/806,,15.0,2.15,3.44,6.33,14.44,,,,,,,08/18,野村全天候組合基金累積型美元本基金有相當比重投資於非投資等級之高風險債券基金且配息來源可能為本金
野村全天候組合基金-月配型(南非幣)(本基金有相當比重投資於非投資等級之高風險債券基金且配息來源可能為本金),野村投信,境內,ET006005/806,,16.0,2.45,4.36,6.32,15.52,,,,,,,08/18,野村全天候組合基金月配型南非幣本基金有相當比重投資於非投資等級之高風險債券基金且配息來源可能為本金
野村全天候組合基金-月配型(美元)(本基金有相當比重投資於非投資等級之高風險債券基金且配息來源可能為本金),野村投信,境內,ET006005/806,,17.0,2.15,3.43,6.32,14.28,,,,,,,08/18,野村全天候組合基金月配型美元本基金有相當比重投資於非投資等級之高風險債券基金且配息來源可能為本金
野村全天候組合基金-月配N類型(美元)(本基金有相當比重投資於非投資等級之高風險債券基金且配息來源可能為本金),野村投信,境內,ET006005/806,,18.0,2.15,3.43,6.32,14.22,,,,,,,08/18,野村全天候組合基金月配N類型美元本基金有相當比重投資於非投資等級之高風險債券基金且配息來源可能為本金
富蘭克林華美天然資源組合基金,富蘭克林華美投信,境內,ET006005/806,,19.0,8.04,-3.68,-4.24,44.31,50.8,78.71,61.62,,,,08/18,富蘭克林華美天然資源組合基金
富邦景氣循環多元資產組合基金-A不配息(台幣)(本基金得投資於非投資等級之高風險債券基金且配息來源可能為本金),富邦投信,境內,ET006005/806,,20.0,-0.19,,,,,,,,,,08/18,富邦景氣循環多元資產組合基金A不配息台幣本基金得投資於非投資等級之高風險債券基金且配息來源可能為本金
富邦景氣循環多元資產組合基金-B配息(台幣)(本基金得投資於非投資等級之高風險債券基金且配息來源可能為本金),富邦投信,境內,ET006005/806,,21.0,-0.19,,,,,,,,,,08/18,富邦景氣循環多元資產組合基金B配息台幣本基金得投資於非投資等級之高風險債券基金且配息來源可能為本金
富邦景氣循環多元資產組合基金-NA不配息(台幣)(本基金得投資於非投資等級之高風險債券基金且配息來源可能為本金),富邦投信,境內,ET006005/806,,22.0,-0.19,,,,,,,,,,08/18,富邦景氣循環多元資產組合基金NA不配息台幣本基金得投資於非投資等級之高風險債券基金且配息來源可能為本金
富邦景氣循環多元資產組合基金-NB配息(台幣)(本基金得投資於非投資等級之高風險債券基金且配息來源可能為本金),富邦投信,境內,ET006005/806,,23.0,-0.19,,,,,,,,,,08/18,富邦景氣循環多元資產組合基金NB配息台幣本基金得投資於非投資等級之高風險債券基金且配息來源可能為本金
富邦景氣循環多元資產組合基金-A不配息(美元)(本基金得投資於非投資等級之高風險債券基金且配息來源可能為本金),富邦投信,境內,ET006005/806,,24.0,0.88,,,,,,,,,,08/18,富邦景氣循環多元資產組合基金A不配息美元本基金得投資於非投資等級之高風險債券基金且配息來源可能為本金
富邦景氣循環多元資產組合基金-B配息(美元)(本基金得投資於非投資等級之高風險債券基金且配息來源可能為本金),富邦投信,境內,ET006005/806,,25.0,0.88,,,,,,,,,,08/18,富邦景氣循環多元資產組合基金B配息美元本基金得投資於非投資等級之高風險債券基金且配息來源可能為本金
富邦景氣循環多元資產組合基金-NA不配息(美元)(本基金得投資於非投資等級之高風險債券基金且配息來源可能為本金),富邦投信,境內,ET006005/806,,26.0,0.86,,,,,,,,,,08/18,富邦景氣循環多元資產組合基金NA不配息美元本基金得投資於非投資等級之高風險債券基金且配息來源可能為本金
富邦景氣循環多元資產組合基金-NB配息(美元)(本基金得投資於非投資等級之高風險債券基金且配息來源可能為本金),富邦投信,境內,ET006005/806,,27.0,0.89,,,,,,,,,,08/18,富邦景氣循環多元資產組合基金NB配息美元本基金得投資於非投資等級之高風險債券基金且配息來源可能為本金
街口標普高盛布蘭特原油ER單日正向2倍指數期貨基金,街口投信,境內,ET006006/806,,1.0,8.22,-27.82,99.45,132.91,61.54,236.56,,,,,08/18,街口標普高盛布蘭特原油ER單日正向2倍指數期貨基金
元大標普高盛原油ER指數期貨基金,元大投信,境內,ET006006/806,,2.0,4.36,-14.96,64.34,75.02,62.25,147.75,50.65,,,,08/18,元大標普高盛原油ER指數期貨基金
元大標普高盛黃金ER單日反向1倍指數期貨基金(本子基金為策略交易型產品，不適合長期持有，僅符合臺灣證券交易所訂定適格條件之投資人始得交易),元大投信,境內,ET006006/806,,3.0,-8.37,3.69,14.82,-26.26,-56.08,-57.76,,,,,08/18,元大標普高盛黃金ER單日反向1倍指數期貨基金本子基金為策略交易型產品，不適合長期持有，僅符合臺灣證券交易所訂定適格條件之投資人始得交易
元大標普美元ER單日正向2倍指數期貨基金(本子基金為策略交易型產品，不適合長期持有，僅符合臺灣證券交易所訂適格條件之投資人始得交易),元大投信,境內,ET006006/806,,4.0,-2.22,1.41,6.82,5.62,-1.41,23.29,,,,,08/18,元大標普美元ER單日正向2倍指數期貨基金本子基金為策略交易型產品，不適合長期持有，僅符合臺灣證券交易所訂適格條件之投資人始得交易
元大標普日圓ER單日反向1倍指數期貨基金(本子基金為策略交易型產品，不適合長期持有，僅符合臺灣證券交易所訂適格條件之投資人始得交易),元大投信,境內,ET006006/806,,5.0,-1.78,1.09,5.75,11.4,21.01,64.18,,,,,08/18,元大標普日圓ER單日反向1倍指數期貨基金本子基金為策略交易型產品，不適合長期持有，僅符合臺灣證券交易所訂適格條件之投資人始得交易
元大標普美元ER指數期貨基金,元大投信,境內,ET006006/806,,6.0,-1.1,0.68,3.35,2.84,-0.43,12.05,,,,,08/18,元大標普美元ER指數期貨基金
元大標普美元ER單日反向1倍指數期貨基金(本子基金為策略交易型產品，不適合長期持有，僅符合臺灣證券交易所訂適格條件之投資人始得交易),元大投信,境內,ET006006/806,,7.0,0.86,-0.85,-3.79,-3.48,-4.51,-18.33,,,,,08/18,元大標普美元ER單日反向1倍指數期貨基金本子基金為策略交易型產品，不適合長期持有，僅符合臺灣證券交易所訂適格條件之投資人始得交易
元大標普日圓ER單日正向2倍指數期貨基金(本子基金為策略交易型產品，不適合長期持有，僅符合臺灣證券交易所訂適格條件之投資人始得交易),元大投信,境內,ET006006/806,,8.0,2.88,-2.12,-11.22,-20.1,-40.2,-70.36,,,,,08/18,元大標普日圓ER單日正向2倍指數期貨基金本子基金為策略交易型產品，不適合長期持有，僅符合臺灣證券交易所訂適格條件之投資人始得交易
元大黃金期貨基金,元大投信,境內,ET006006/806,,9.0,7.24,-7.24,-15.13,39.46,110.24,111.23,118.12,,,,08/18,元大黃金期貨基金
元大標普高盛黃金ER指數期貨基金,元大投信,境內,ET006006/806,,10.0,8.26,-5.18,-16.02,24.77,92.8,89.96,105.97,,,,08/18,元大標普高盛黃金ER指數期貨基金
元大道瓊白銀ER期貨基金,元大投信,境內,ET006006/806,,11.0,13.29,-17.99,-25.53,60.24,132.03,112.26,,,,,08/18,元大道瓊白銀ER期貨基金
元大標普高盛黃金ER單日正向2倍指數期貨基金(本子基金為策略交易型產品，不適合長期持有，僅符合臺灣證券交易所訂適格條件之投資人始得交易),元大投信,境內,ET006006/806,,12.0,16.57,-11.73,-31.95,43.37,228.15,212.85,,,,,08/18,元大標普高盛黃金ER單日正向2倍指數期貨基金本子基金為策略交易型產品，不適合長期持有，僅符合臺灣證券交易所訂適格條件之投資人始得交易
元大標普高盛原油ER單日反向1倍指數期貨基金(本子基金為策略交易型產品，不適合長期持有，僅符合臺灣證券交易所訂定適格條件之投資人始得交易),元大投信,境內,ET006006/806,,13.0,-7.28,11.45,-50.44,-54.15,-61.71,-81.42,,,,,08/18,元大標普高盛原油ER單日反向1倍指數期貨基金本子基金為策略交易型產品，不適合長期持有，僅符合臺灣證券交易所訂定適格條件之投資人始得交易
大華銀六年期美元保本基金(本基金為保護型保本基金，保本比率為本金之100%，但投資人於基金到期日前提出買回申請，到期前之買回淨值不保證會高於基金保本率或發行價格。本基金無保證機構提供保證之機制),大華銀投信,境內,ET007001/806,,1.0,1.59,5.23,4.41,13.16,37.85,,,,,,08/18,大華銀六年期美元保本基金本基金為保護型保本基金，保本比率為本金之100%，但投資人於基金到期日前提出買回申請，到期前之買回淨值不保證會高於基金保本率或發行價格。本基金無保證機構提供保證之機制
群益2028 REVERSO美元保本基金(本基金為保護型保本基金；保本比率為本金之115％，但投資人於基金到期日前提出買回申請，到期前之買回淨值不保證會高於基金保本率或發行價格),群益投信,境內,ET007001/806,,2.0,-1.25,0.2,2.66,1.86,24.33,4.98,,,,,08/18,群益2028REVERSO美元保本基金本基金為保護型保本基金；保本比率為本金之115％，但投資人於基金到期日前提出買回申請，到期前之買回淨值不保證會高於基金保本率或發行價格
瀚亞投資-日本動力股票基金Az(南非幣避險),,境外,1/1,,,4.27,14.57,19.7,83.72,186.79,303.04,,15.05,0.91,0.47,08/18,瀚亞投資日本動力股票基金Az南非幣避險
瀚亞投資-日本動力股票基金Aa(澳幣避險),,境外,1/1,,,3.97,10.54,20.82,80.92,146.45,255.61,,14.93,0.87,0.47,08/18,瀚亞投資日本動力股票基金Aa澳幣避險
瀚亞投資-日本動力股票基金C(美元避險),,境外,1/1,,,2.51,12.1,20.74,68.22,137.19,,,14.88,0.9,0.47,08/18,瀚亞投資日本動力股票基金C美元避險
瀚亞投資-日本動力股票基金A(美元避險),,境外,1/1,,,2.43,11.85,20.22,66.79,130.25,285.62,,14.87,0.89,0.47,08/18,瀚亞投資日本動力股票基金A美元避險
瀚亞投資-日本動力股票基金T3(美元避險後收),,境外,1/1,,,2.33,11.57,19.62,65.11,123.47,,,14.87,0.87,0.47,08/18,瀚亞投資日本動力股票基金T3美元避險後收
法巴日本小型股票基金H(美元),,境外,1/1,,,5.1,5.71,13.6,59.22,149.96,242.1,,16.97,0.7,0.47,08/18,法巴日本小型股票基金H美元
安本基金-日本永續股票基金X累積美元避險,,境外,1/1,,,4.65,11.74,17.66,58.27,137.43,194.9,,16.26,0.72,0.6,08/18,安本基金日本永續股票基金X累積美元避險
安本基金-日本永續股票基金A累積美元避險,,境外,1/1,,,4.59,11.53,17.22,57.14,132.23,184.13,,16.25,0.71,0.67,08/18,安本基金日本永續股票基金A累積美元避險
法巴日本股票基金H(美元),,境外,1/1,,,5.94,10.24,16.56,56.62,137.54,254.06,,17.49,0.65,0.67,08/18,法巴日本股票基金H美元
駿利亨德森遠見基金-日本小型公司基金I2美元避險,,境外,1/1,,,1.35,7.91,16.35,56.11,106.07,192.9,,15.5,0.72,0.56,08/18,駿利亨德森遠見基金日本小型公司基金I2美元避險
駿利亨德森遠見基金-日本小型公司基金A2美元避險,,境外,1/1,,,1.27,7.66,15.97,55.13,101.21,181.53,,15.47,0.71,0.55,08/18,駿利亨德森遠見基金日本小型公司基金A2美元避險
施羅德環球基金系列-日本優勢(美元避險)A-累積,,境外,1/1,,,3.79,7.61,13.15,52.05,117.48,222.3,,14.25,0.73,0.44,08/18,施羅德環球基金系列日本優勢美元避險A累積
瀚亞投資-日本動力股票基金C(美元),,境外,1/1,,,4.14,10.87,15.25,51.47,91.88,136.67,,18.52,0.57,0.5,08/18,瀚亞投資日本動力股票基金C美元
施羅德環球基金系列-日本優勢(美元避險)A1-累積,,境外,1/1,,,3.75,7.47,12.86,51.29,114.26,214.4,,14.24,0.72,0.44,08/18,施羅德環球基金系列日本優勢美元避險A1累積
安聯日本股票基金-AT累積類股(美元避險),,境外,1/1,,,5.24,13.77,17.41,50.49,112.52,201.82,,12.88,0.78,0.49,08/18,安聯日本股票基金AT累積類股美元避險
富達基金-日本價值基金(Y股美元避險),,境外,1/1,,,2.97,4.04,8.07,50.14,131.58,,,20.16,0.51,0.68,08/18,富達基金日本價值基金Y股美元避險
瀚亞投資-日本動力股票基金A(美元),,境外,1/1,,,4.06,10.61,14.74,50.11,86.77,126.48,,18.5,0.55,0.5,08/18,瀚亞投資日本動力股票基金A美元
瀚亞投資-日本動力股票基金Aj(日圓),,境外,1/1,,,4.06,10.58,15.0,50.05,86.66,126.38,,14.81,0.83,0.47,08/18,瀚亞投資日本動力股票基金Aj日圓
富達基金-日本價值基金(A股累計美元避險),,境外,1/1,,,2.98,3.89,7.68,48.73,126.68,255.0,,20.13,0.5,0.68,08/18,富達基金日本價值基金A股累計美元避險
安本基金-日本小型公司永續股票基金X累積美元避險,,境外,1/1,,,1.45,6.08,11.87,48.48,108.54,140.89,,13.97,0.69,0.49,08/18,安本基金日本小型公司永續股票基金X累積美元避險
施羅德環球基金系列-日本優勢(歐元避險)A-累積,,境外,1/1,,,4.88,6.36,9.98,47.77,119.64,189.35,,14.23,0.69,0.44,08/18,施羅德環球基金系列日本優勢歐元避險A累積
景順日本股票優勢基金C(美元對沖)股美元,,境外,1/1,,,2.98,11.37,15.69,47.41,92.09,163.65,,11.42,0.82,0.42,08/18,景順日本股票優勢基金C美元對沖股美元
安本基金-日本小型公司永續股票基金A累積美元避險,,境外,1/1,,,1.38,5.89,11.44,47.35,103.9,131.73,,13.96,0.68,0.48,08/18,安本基金日本小型公司永續股票基金A累積美元避險
富達基金-日本價值基金(B股累計美元避險),,境外,1/1,,,2.71,3.47,7.0,47.03,,,,20.11,0.48,0.68,08/18,富達基金日本價值基金B股累計美元避險
景順日本股票優勢基金A(美元對沖)股美元,,境外,1/1,,,2.91,11.11,15.21,46.2,87.33,152.92,,11.41,0.8,0.42,08/18,景順日本股票優勢基金A美元對沖股美元
高盛基金III - 高盛日本股票基金X股對沖級別美元,,境外,1/1,,,-0.11,9.73,12.29,46.16,94.74,199.2,,9.84,0.87,0.35,08/07,高盛基金III高盛日本股票基金X股對沖級別美元
利安資金日本增長基金A美元避險級別,,境外,1/1,,,4.5,9.99,13.26,45.83,113.22,197.3,,11.96,0.76,0.44,08/18,利安資金日本增長基金A美元避險級別
百達-日本精選-HI美元,,境外,1/1,,,3.77,14.51,14.59,45.64,99.39,184.24,,10.66,0.85,0.33,08/18,百達日本精選HI美元
路博邁投資基金-NB日本股票基金I累積類股(美元),,境外,1/1,,,3.06,9.7,13.31,45.59,,,,13.45,0.68,0.46,08/18,路博邁投資基金NB日本股票基金I累積類股美元
路博邁投資基金-NB日本股票基金A累積類股(美元),,境外,1/1,,,2.97,9.43,12.78,44.31,,,,13.47,0.65,0.46,08/18,路博邁投資基金NB日本股票基金A累積類股美元
摩根基金-日本股票基金A股(澳幣對沖)(累計),,境外,1/1,,,6.59,8.47,7.95,43.31,138.36,128.21,,15.52,0.39,0.53,08/18,摩根基金日本股票基金A股澳幣對沖累計
法巴日本小型股票基金C(日圓),,境外,1/1,,,6.57,4.33,8.36,42.91,101.14,97.33,,16.93,0.65,0.46,08/18,法巴日本小型股票基金C日圓
利安資金日本增長基金A新元避險級別,,境外,1/1,,,5.28,9.21,11.11,42.88,112.58,194.97,,11.79,0.71,0.44,08/18,利安資金日本增長基金A新元避險級別
M＆G日本小型股基金A(歐元),,境外,1/1,,,2.89,6.14,12.1,42.58,66.3,96.68,,16.41,0.54,0.46,08/18,M＆G日本小型股基金A歐元
景順日本小型企業基金A(美元對沖)股美元,,境外,1/1,,,3.48,0.98,16.72,42.24,113.72,141.96,,17.91,0.48,0.4,08/18,景順日本小型企業基金A美元對沖股美元
駿利亨德森遠見基金-日本小型公司基金I2日圓,,境外,1/1,,,2.91,7.12,12.62,42.06,67.98,72.5,,15.69,0.68,0.56,08/18,駿利亨德森遠見基金日本小型公司基金I2日圓
法巴日本小型股票基金N(日圓),,境外,1/1,,,6.5,4.13,7.96,41.85,96.66,90.08,,16.92,0.63,0.46,08/18,法巴日本小型股票基金N日圓
安本基金-日本永續股票基金X累積日圓,,境外,1/1,,,6.19,10.33,12.24,41.82,91.75,71.39,,16.21,0.66,0.67,08/18,安本基金日本永續股票基金X累積日圓
景順日本股票優勢基金A(歐元對沖)股歐元,,境外,1/1,,,4.01,9.93,11.94,41.69,87.9,124.63,,11.54,0.73,0.42,08/18,景順日本股票優勢基金A歐元對沖股歐元
貝萊德日本特別時機基金Hedged A2美元,,境外,1/1,,,4.74,5.32,7.35,41.51,124.44,175.17,,16.39,0.51,0.54,08/18,貝萊德日本特別時機基金HedgedA2美元
駿利亨德森遠見基金-日本小型公司基金I2美元,,境外,1/1,,,2.83,7.08,11.68,41.46,67.98,72.26,,18.81,0.45,0.6,08/18,駿利亨德森遠見基金日本小型公司基金I2美元
駿利亨德森遠見基金-日本小型公司基金A2日圓,,境外,1/1,,,2.84,7.2,12.47,41.23,64.08,65.46,,15.9,0.66,0.58,08/18,駿利亨德森遠見基金日本小型公司基金A2日圓
法巴日本股票基金C(美元),,境外,1/1,,,7.46,8.9,10.98,40.92,92.1,106.3,,21.02,0.4,0.71,08/18,法巴日本股票基金C美元
駿利亨德森遠見基金-日本小型公司基金A2美元,,境外,1/1,,,2.76,7.24,11.62,40.77,64.23,65.46,,18.92,0.44,0.61,08/18,駿利亨德森遠見基金日本小型公司基金A2美元
法巴日本股票基金C(日圓),,境外,1/1,,,7.4,8.81,11.29,40.76,92.1,105.95,,17.47,0.6,0.67,08/18,法巴日本股票基金C日圓
安本基金-日本永續股票基金A累積日圓,,境外,1/1,,,6.12,10.12,11.83,40.76,87.47,65.09,,16.19,0.65,0.67,08/18,安本基金日本永續股票基金A累積日圓
施羅德環球基金系列-日本股票(美元避險)A-累積,,境外,1/1,,,3.75,5.55,8.68,40.53,92.81,155.62,,13.49,0.6,0.39,08/18,施羅德環球基金系列日本股票美元避險A累積
百達-日本精選-HR歐元,,境外,1/1,,,4.73,12.83,10.75,40.0,94.79,141.68,,10.66,0.76,0.33,08/18,百達日本精選HR歐元
施羅德環球基金系列-日本股票(美元避險)A1-累積,,境外,1/1,,,3.68,5.35,8.28,39.49,88.55,146.41,,13.48,0.58,0.4,08/18,施羅德環球基金系列日本股票美元避險A1累積
M＆G日本基金A(歐元),,境外,1/1,,,4.34,8.15,10.79,39.04,84.68,117.84,,14.6,0.55,0.56,08/18,M＆G日本基金A歐元
施羅德環球基金系列-日本小型公司(美元避險)A-累積,,境外,1/1,,,3.77,2.98,6.15,37.76,74.5,117.97,,12.66,0.59,0.24,08/18,施羅德環球基金系列日本小型公司美元避險A累積
貝萊德日本特別時機基金Hedged A2歐元,,境外,1/1,,,5.8,4.02,4.17,37.12,125.23,144.14,,16.44,0.47,0.54,08/18,貝萊德日本特別時機基金HedgedA2歐元
富達基金-日本股票ESG基金(A股累計美元避險),,境外,1/1,,,1.12,8.8,10.02,37.09,79.91,133.99,,16.84,0.44,0.64,08/18,富達基金日本股票ESG基金A股累計美元避險
野村基金(愛爾蘭系列)-日本策略價值基金(I美元避險類股),,境外,1/1,,,2.98,5.01,5.71,36.72,121.86,257.42,,13.58,0.53,0.51,08/18,野村基金愛爾蘭系列日本策略價值基金I美元避險類股
施羅德環球基金系列-日本股票(歐元避險)A-累積,,境外,1/1,,,4.85,4.33,5.63,36.59,94.51,128.9,,13.5,0.55,0.39,08/18,施羅德環球基金系列日本股票歐元避險A累積
施羅德環球基金系列-日本優勢(日圓)A-累積,,境外,1/1,,,5.34,6.27,8.03,36.52,76.98,89.8,,14.15,0.67,0.44,08/18,施羅德環球基金系列日本優勢日圓A累積
安聯日本股票基金-IT累積類股(美元),,境外,1/1,,,6.74,12.65,12.05,36.25,77.97,90.43,,15.86,0.46,0.53,08/18,安聯日本股票基金IT累積類股美元
施羅德環球基金系列-日本優勢(日圓)A1-累積,,境外,1/1,,,5.3,6.14,7.76,35.84,74.35,85.12,,14.14,0.66,0.44,08/18,施羅德環球基金系列日本優勢日圓A1累積
施羅德環球基金系列-日本股票(歐元避險)A1-累積,,境外,1/1,,,4.78,4.13,5.23,35.57,90.19,120.47,,13.49,0.53,0.4,08/18,施羅德環球基金系列日本股票歐元避險A1累積
安聯日本股票基金-AT累積類股(日圓),,境外,1/1,,,6.71,12.38,12.3,35.51,,,,12.77,0.72,0.49,08/18,安聯日本股票基金AT累積類股日圓
安盛投資管理股票基金-安盛投資管理日本股票基金B,,境外,1/1,,,7.09,10.66,15.49,35.39,92.61,83.83,,13.68,0.68,0.53,08/17,安盛投資管理股票基金安盛投資管理日本股票基金B
安聯日本股票基金-AMf2固定月配類股(日圓)(基金之配息來源可能為本金),,境外,1/1,,,6.7,12.39,12.3,35.29,,,,12.72,0.72,0.49,08/18,安聯日本股票基金AMf2固定月配類股日圓基金之配息來源可能為本金
野村基金(愛爾蘭系列)-日本策略價值基金(T美元避險類股),,境外,1/1,,,2.88,4.7,5.09,35.13,114.12,236.78,,13.56,0.51,0.51,08/18,野村基金愛爾蘭系列日本策略價值基金T美元避險類股
安聯日本股票基金-A配息類股(美元)(基金之配息來源可能為本金),,境外,1/1,,,6.66,12.39,11.55,35.04,73.28,81.94,,15.84,0.44,0.53,08/18,安聯日本股票基金A配息類股美元基金之配息來源可能為本金
富達基金-日本價值基金(Y股累計日圓),,境外,1/1,,,4.63,2.85,3.4,34.9,88.61,116.32,,20.04,0.47,0.77,08/18,富達基金日本價值基金Y股累計日圓
富蘭克林坦伯頓全球投資系列日本基金美元避險A(acc)-H1,,境外,1/1,,,0.94,6.59,2.74,34.49,129.82,236.34,,18.56,0.37,0.67,08/18,富蘭克林坦伯頓全球投資系列日本基金美元避險AaccH1
貝萊德日本靈活股票基金Hedged A10美元(總報酬穩定配息)(基金之配息來源可能為本金),,境外,1/1,,,4.43,4.31,3.09,34.32,,,,18.48,0.38,0.67,08/18,貝萊德日本靈活股票基金HedgedA10美元總報酬穩定配息基金之配息來源可能為本金
貝萊德日本靈活股票基金Hedged A2美元,,境外,1/1,,,4.39,4.29,3.06,34.27,97.74,174.04,,18.46,0.37,0.73,08/18,貝萊德日本靈活股票基金HedgedA2美元
野村基金(愛爾蘭系列)-日本策略價值基金(B美元避險類股),,境外,1/1,,,2.79,4.44,4.61,33.87,107.91,221.16,,13.53,0.49,0.5,08/18,野村基金愛爾蘭系列日本策略價值基金B美元避險類股
駿利亨德森遠見基金-日本機會基金I2美元,,境外,1/1,,,4.21,12.28,10.65,33.84,80.4,90.41,,17.39,0.39,0.6,08/18,駿利亨德森遠見基金日本機會基金I2美元
富達基金-日本價值基金(A2股日圓),,境外,1/1,,,4.55,2.63,2.96,33.78,83.82,107.32,,20.02,0.46,0.68,08/18,富達基金日本價值基金A2股日圓
安本基金-日本小型公司永續股票基金X累積日圓,,境外,1/1,,,2.98,4.8,6.85,33.11,67.59,39.32,,13.88,0.63,0.48,08/18,安本基金日本小型公司永續股票基金X累積日圓
富蘭克林坦伯頓全球投資系列日本基金美元避險F(acc)-H1,,境外,1/1,,,0.85,6.38,2.28,33.06,,,,18.5,0.36,0.67,08/18,富蘭克林坦伯頓全球投資系列日本基金美元避險FaccH1
貝萊德日本靈活股票基金Hedged B10美元(總報酬穩定配息)(基金之配息來源可能為本金),,境外,1/1,,,4.25,4.06,2.56,32.91,,,,18.43,0.36,0.67,08/18,貝萊德日本靈活股票基金HedgedB10美元總報酬穩定配息基金之配息來源可能為本金
高盛基金III - 高盛日本股票基金X股美元,,境外,1/1,,,2.48,8.19,10.12,32.72,56.5,78.41,,11.35,0.51,0.35,08/07,高盛基金III高盛日本股票基金X股美元
駿利亨德森遠見基金-日本機會基金A2美元,,境外,1/1,,,4.15,12.02,10.16,32.67,76.29,82.75,,17.39,0.37,0.6,08/18,駿利亨德森遠見基金日本機會基金A2美元
富達基金-日本價值基金(B股日圓),,境外,1/1,,,4.51,2.41,2.48,32.48,,,,20.03,0.44,0.68,08/18,富達基金日本價值基金B股日圓
高盛基金III - 高盛日本股票基金X股日圓,,境外,1/1,,,2.71,8.75,10.43,32.4,56.86,78.43,,9.71,0.79,0.34,08/07,高盛基金III高盛日本股票基金X股日圓
安本基金-日本小型公司永續股票基金A累積日圓,,境外,1/1,,,2.91,4.61,6.45,32.12,63.85,34.19,,13.87,0.61,0.48,08/18,安本基金日本小型公司永續股票基金A累積日圓
摩根基金-日本股票基金A股(美元對沖)(累計),,境外,1/1,,,4.98,9.59,7.39,31.96,121.89,150.46,,15.45,0.4,0.54,08/18,摩根基金日本股票基金A股美元對沖累計
摩根日本(日圓)基金(美元對沖)(累計),,境外,1/1,,,4.93,9.03,6.81,31.96,118.47,146.98,,15.14,0.41,0.51,08/18,摩根日本日圓基金美元對沖累計
景順日本股票優勢基金C股日圓,,境外,1/1,,,4.48,10.02,10.42,31.94,55.11,52.8,,11.52,0.73,0.42,08/18,景順日本股票優勢基金C股日圓
iShares MSCI日本指數EWJ.US,,境外,1/1,,,4.27,6.8,6.49,31.67,75.41,83.24,,17.61,0.36,0.62,08/18,iSharesMSCI日本指數EWJ.US
利安資金日本增長基金A級別日元,,境外,1/1,,,6.19,8.61,8.77,31.55,71.58,72.25,,11.78,0.7,0.44,08/18,利安資金日本增長基金A級別日元
利安資金日本增長基金A級別美元,,境外,1/1,,,6.07,8.72,7.71,31.49,71.83,73.35,,14.81,0.41,0.49,08/18,利安資金日本增長基金A級別美元
利安資金日本增長基金A級別新元,,境外,1/1,,,6.04,8.54,8.06,31.32,71.86,73.25,,12.94,0.46,0.48,08/18,利安資金日本增長基金A級別新元
景順日本股票優勢基金A股日圓,,境外,1/1,,,4.41,9.81,10.0,30.91,51.55,47.0,,11.5,0.71,0.42,08/18,景順日本股票優勢基金A股日圓
百達-日本精選-I日元,,境外,1/1,,,5.32,13.12,9.48,30.9,62.41,67.53,,10.64,0.76,0.33,08/18,百達日本精選I日元
利安資金日本基金(美元),,境外,1/1,,,6.07,8.57,6.7,30.7,71.95,73.9,,15.14,0.39,0.49,08/18,利安資金日本基金美元
路博邁投資基金-NB日本股票基金I累積類股(日圓),,境外,1/1,,,4.65,8.35,8.39,30.66,78.08,51.13,,13.33,0.61,0.46,08/18,路博邁投資基金NB日本股票基金I累積類股日圓
利安資金日本基金(新元),,境外,1/1,,,6.04,8.44,7.06,30.6,71.93,73.84,,13.19,0.44,0.48,08/18,利安資金日本基金新元
摩根基金-日本股票基金F股(美元對沖)(累計),,境外,1/1,,,4.88,9.3,6.82,30.59,,,,15.44,0.39,0.53,08/18,摩根基金日本股票基金F股美元對沖累計
景順日本股票優勢基金A-年配息股美元,,境外,1/1,,,4.32,9.84,9.22,30.46,,,,14.86,0.4,0.45,08/18,景順日本股票優勢基金A年配息股美元
柏瑞環球基金-柏瑞日本小型公司股票基金Y3,,境外,1/1,,,4.95,2.19,7.59,29.64,46.23,15.77,,13.93,0.57,0.28,08/18,柏瑞環球基金柏瑞日本小型公司股票基金Y3
路博邁投資基金-NB日本股票基金A累積類股(日圓),,境外,1/1,,,4.58,8.12,7.94,29.55,,,,13.32,0.59,0.46,08/18,路博邁投資基金NB日本股票基金A累積類股日圓
百達-日本精選-R歐元,,境外,1/1,,,5.18,12.67,8.6,29.55,57.08,58.66,,11.6,0.5,0.36,08/18,百達日本精選R歐元
百達-日本精選-R日元,,境外,1/1,,,5.22,12.81,8.88,29.46,57.08,58.55,,10.63,0.73,0.33,08/18,百達日本精選R日元
柏瑞環球基金-柏瑞日本小型公司股票基金Y,,境外,1/1,,,4.78,2.2,6.74,29.15,46.19,15.49,,18.55,0.31,0.32,08/18,柏瑞環球基金柏瑞日本小型公司股票基金Y
柏瑞環球基金-柏瑞日本小型公司股票基金A3,,境外,1/1,,,4.88,1.99,7.17,28.61,42.77,11.21,,13.93,0.55,0.27,08/18,柏瑞環球基金柏瑞日本小型公司股票基金A3
安盛投資管理股票基金-安盛投資管理日本小型企業股票基金B,,境外,1/1,,,4.36,3.47,4.6,28.3,55.84,27.76,,11.91,0.65,0.37,08/17,安盛投資管理股票基金安盛投資管理日本小型企業股票基金B
景順日本小型企業基金C股日圓,,境外,1/1,,,4.92,-0.35,11.45,27.6,74.92,43.58,,17.85,0.43,0.4,08/18,景順日本小型企業基金C股日圓
景順日本小型企業基金C-年配息股美元,,境外,1/1,,,4.84,-0.31,10.59,27.13,75.09,43.5,,21.89,0.25,0.44,08/18,景順日本小型企業基金C年配息股美元
宏利環球基金-日本股票基金AA股,,境外,1/1,,,3.42,9.33,10.02,27.05,89.18,94.4,,14.55,0.35,0.4,08/18,宏利環球基金日本股票基金AA股
景順日本小型企業基金A股日圓,,境外,1/1,,,4.87,-0.49,11.1,26.82,71.82,39.3,,17.84,0.42,0.4,08/18,景順日本小型企業基金A股日圓
貝萊德日本特別時機基金A2歐元,,境外,1/1,,,6.06,3.72,2.24,26.72,82.32,61.04,,17.33,0.31,0.57,08/18,貝萊德日本特別時機基金A2歐元
貝萊德日本特別時機基金A2美元,,境外,1/1,,,6.13,3.85,2.02,26.67,82.41,61.05,,19.89,0.27,0.57,08/18,貝萊德日本特別時機基金A2美元
貝萊德日本特別時機基金A2日圓,,境外,1/1,,,6.13,3.83,2.25,26.63,82.35,60.96,,16.33,0.45,0.54,08/18,貝萊德日本特別時機基金A2日圓
景順日本小型企業基金A-年配息股美元,,境外,1/1,,,4.79,-0.48,10.28,26.41,71.94,39.24,,21.86,0.24,0.44,08/18,景順日本小型企業基金A年配息股美元
施羅德環球基金系列-日本股票(日圓)A-累積,,境外,1/1,,,5.38,4.32,3.85,26.34,57.07,50.84,,13.43,0.53,0.4,08/18,施羅德環球基金系列日本股票日圓A累積
景順日本小型企業基金B股日圓,,境外,1/1,,,4.8,-0.72,10.65,25.7,67.26,33.16,,17.82,0.4,0.4,08/18,景順日本小型企業基金B股日圓
施羅德環球基金系列-日本股票(日圓)A1-累積,,境外,1/1,,,5.31,4.13,3.47,25.4,53.55,45.25,,13.42,0.52,0.39,08/18,施羅德環球基金系列日本股票日圓A1累積
野村基金(愛爾蘭系列)-日本精選股票基金(I美元類股),,境外,1/1,,,5.66,5.28,10.3,24.31,30.39,-1.71,,16.17,0.28,0.51,08/18,野村基金愛爾蘭系列日本精選股票基金I美元類股
富達基金-日本股票ESG基金(Y股累計日圓),,境外,1/1,,,2.79,7.81,5.61,24.17,49.13,41.94,,16.79,0.4,0.63,08/18,富達基金日本股票ESG基金Y股累計日圓
施羅德環球基金系列-日本小型公司(日圓)A-累積,,境外,1/1,,,5.35,1.73,1.4,23.76,41.45,27.55,,12.58,0.52,0.24,08/18,施羅德環球基金系列日本小型公司日圓A累積
施羅德環球基金系列-日本小型公司(歐元)A-累積,,境外,1/1,,,5.23,1.58,1.16,23.72,41.51,27.7,,13.52,0.34,0.37,08/18,施羅德環球基金系列日本小型公司歐元A累積
施羅德環球基金系列-日本小型公司(日圓)A1-累積,,境外,1/1,,,5.3,1.6,1.15,23.15,39.34,24.4,,12.58,0.51,0.24,08/18,施羅德環球基金系列日本小型公司日圓A1累積
施羅德環球基金系列-日本小型公司(歐元)A1-累積,,境外,1/1,,,5.18,1.45,0.9,23.1,39.4,24.55,,13.51,0.32,0.28,08/18,施羅德環球基金系列日本小型公司歐元A1累積
富達基金-日本股票ESG基金(A股日圓),,境外,1/1,,,2.7,7.57,5.17,23.09,45.34,35.98,,16.77,0.39,0.63,08/18,富達基金日本股票ESG基金A股日圓
施羅德環球基金系列-日本小型公司(美元)A1-累積,,境外,1/1,,,5.29,1.54,0.57,23.04,39.63,24.49,,16.89,0.25,0.28,08/18,施羅德環球基金系列日本小型公司美元A1累積
柏瑞環球基金-柏瑞日本股票基金Y,,境外,1/1,,,4.33,2.25,0.1,22.95,70.24,76.2,,14.44,0.29,0.38,08/18,柏瑞環球基金柏瑞日本股票基金Y
野村基金(愛爾蘭系列)-日本策略價值基金(I美元類股),,境外,1/1,,,4.58,3.71,0.79,22.9,79.63,108.66,,16.6,0.26,0.53,08/18,野村基金愛爾蘭系列日本策略價值基金I美元類股
野村基金(愛爾蘭系列)-日本策略價值基金(I日圓類股),,境外,1/1,,,4.57,3.71,1.0,22.88,79.57,108.47,,13.52,0.47,0.5,08/18,野村基金愛爾蘭系列日本策略價值基金I日圓類股
野村基金(愛爾蘭系列)-日本精選股票基金(T美元類股),,境外,1/1,,,5.54,4.95,9.62,22.76,25.6,,,16.15,0.26,0.51,08/18,野村基金愛爾蘭系列日本精選股票基金T美元類股
柏瑞環球基金-柏瑞日本股票基金A,,境外,1/1,,,4.26,2.04,-0.29,21.97,66.18,69.26,,14.43,0.27,0.38,08/18,柏瑞環球基金柏瑞日本股票基金A
瑞銀(盧森堡)日本股票基金(日圓),,境外,1/1,,,7.69,11.47,9.7,21.86,57.99,62.99,,12.98,0.47,0.38,08/18,瑞銀盧森堡日本股票基金日圓
野村基金(愛爾蘭系列)-日本策略價值基金(T美元類股),,境外,1/1,,,4.48,3.41,0.21,21.49,73.55,97.02,,16.57,0.24,0.53,08/18,野村基金愛爾蘭系列日本策略價值基金T美元類股
野村基金(愛爾蘭系列)-日本策略價值基金(T日圓類股),,境外,1/1,,,4.47,3.41,0.43,21.48,73.49,96.83,,13.5,0.45,0.5,08/18,野村基金愛爾蘭系列日本策略價值基金T日圓類股
富蘭克林坦伯頓全球投資系列日本基金日圓A(acc),,境外,1/1,,,2.4,5.24,-1.85,20.54,86.93,96.57,,18.48,0.32,0.67,08/18,富蘭克林坦伯頓全球投資系列日本基金日圓Aacc
貝萊德日本靈活股票基金A2歐元,,境外,1/1,,,5.73,2.72,-1.83,20.41,61.88,62.21,,19.07,0.21,0.76,08/18,貝萊德日本靈活股票基金A2歐元
富蘭克林坦伯頓全球投資系列日本基金美元A(acc),,境外,1/1,,,2.38,5.27,-1.87,20.4,86.76,95.94,,19.67,0.19,0.68,08/18,富蘭克林坦伯頓全球投資系列日本基金美元Aacc
貝萊德日本靈活股票基金A2美元,,境外,1/1,,,5.87,2.88,-2.01,20.39,62.05,62.21,,20.88,0.18,0.76,08/18,貝萊德日本靈活股票基金A2美元
貝萊德日本靈活股票基金A2日圓,,境外,1/1,,,5.85,2.88,-1.8,20.34,61.96,62.18,,18.45,0.32,0.73,08/18,貝萊德日本靈活股票基金A2日圓
野村基金(愛爾蘭系列)-日本策略價值基金(B日圓類股),,境外,1/1,,,4.38,3.15,-0.07,20.27,,,,13.48,0.42,0.5,08/18,野村基金愛爾蘭系列日本策略價值基金B日圓類股
摩根日本(日圓)基金數位級別(日圓)(累計),,境外,1/1,,,6.62,7.95,2.54,19.33,,,,15.13,0.37,0.51,08/18,摩根日本日圓基金數位級別日圓累計
富蘭克林坦伯頓全球投資系列日本基金日圓F(acc),,境外,1/1,,,2.32,4.98,-2.34,19.33,,,,18.45,0.31,0.67,08/18,富蘭克林坦伯頓全球投資系列日本基金日圓Facc
貝萊德日本靈活股票基金B2美元,,境外,1/1,,,5.87,2.74,-2.46,19.2,,,,20.93,0.17,0.72,08/18,貝萊德日本靈活股票基金B2美元
貝萊德日本靈活股票基金B2日圓,,境外,1/1,,,5.79,2.64,-2.24,19.16,,,,18.43,0.31,0.67,08/18,貝萊德日本靈活股票基金B2日圓
摩根日本(日圓)基金(日圓)(累計),,境外,1/1,,,6.55,7.75,2.16,18.44,76.79,43.12,,15.11,0.35,0.51,08/18,摩根日本日圓基金日圓累計
摩根基金-日本股票基金A股(美元)(累計),,境外,1/1,,,6.46,8.12,1.41,18.3,78.05,42.87,,17.25,0.18,0.58,08/18,摩根基金日本股票基金A股美元累計
摩根基金-日本股票基金A股(日圓)(累計),,境外,1/1,,,6.47,8.12,2.31,18.29,77.96,42.73,,15.48,0.34,0.53,08/18,摩根基金日本股票基金A股日圓累計
摩根基金-日本股票基金F股(日圓)(累計),,境外,1/1,,,6.36,7.81,1.76,17.01,,,,15.49,0.32,0.53,08/18,摩根基金日本股票基金F股日圓累計
日本建築基金8953.JP,,境外,1/1,,,0.11,1.6,-8.6,-0.9,7.23,-14.74,,10.44,0.01,0.41,08/19,日本建築基金8953.JP
歐義銳榮日本債券基金RH,,境外,1/1,,,-1.26,0.08,-4.67,-0.97,-1.09,-0.22,,2.91,-0.7,0.58,08/17,歐義銳榮日本債券基金RH
歐義銳榮日本債券基金R,,境外,1/1,,,-0.7,-0.34,-6.76,-9.06,-21.6,-37.12,,4.55,-0.98,0.4,08/17,歐義銳榮日本債券基金R
日本不動產投資8952.JP,,境外,1/1,,,-1.21,2.8,-7.48,-10.63,-81.39,-86.25,,11.63,-0.24,-0.01,08/19,日本不動產投資8952.JP
柏瑞環球基金-柏瑞日本股票基金Y3,,境外,1/1,,,4.52,2.31,,,,,,,,,08/18,柏瑞環球基金柏瑞日本股票基金Y3
貝萊德美國中型企業價值基金Hedged A2澳幣,,境外,1/2,,,0.96,10.04,12.14,38.5,57.87,55.01,,12.64,0.4,0.82,08/18,貝萊德美國中型企業價值基金HedgedA2澳幣
安本基金-北美小型公司基金X累積美元,,境外,1/2,,,0.88,12.98,17.55,37.86,67.51,60.15,,13.93,0.54,0.24,08/18,安本基金北美小型公司基金X累積美元
貝萊德美國靈活股票基金A2歐元,,境外,1/2,,,2.23,1.11,17.41,37.62,85.92,114.91,,12.72,0.6,0.84,08/18,貝萊德美國靈活股票基金A2歐元
貝萊德美國靈活股票基金A2美元,,境外,1/2,,,2.32,1.25,17.15,37.58,86.06,114.92,,13.31,0.56,1.17,08/18,貝萊德美國靈活股票基金A2美元
安本基金-北美小型公司基金A累積美元,,境外,1/2,,,0.81,12.77,17.11,36.83,63.78,54.24,,13.92,0.52,0.99,08/18,安本基金北美小型公司基金A累積美元
高盛基金III - 高盛美國高股息基金X股對沖級別南非幣(月配息)(本基金之配息來源可能為本金且並無保證收益及配息),,境外,1/2,,,2.8,9.27,9.17,32.5,87.1,96.02,,10.82,0.36,0.23,08/18,高盛基金III高盛美國高股息基金X股對沖級別南非幣月配息本基金之配息來源可能為本金且並無保證收益及配息
M＆G北美股息基金A(南非幣避險)(本基金並無保證收益及配息),,境外,1/2,,,5.79,10.33,9.16,32.43,97.35,,,9.42,0.4,0.76,08/18,M＆G北美股息基金A南非幣避險本基金並無保證收益及配息
貝萊德美國價值型基金A2英鎊,,境外,1/2,,,-0.36,9.25,12.45,31.97,59.54,82.86,,7.82,0.76,0.48,08/18,貝萊德美國價值型基金A2英鎊
貝萊德美國價值型基金A2歐元,,境外,1/2,,,-0.32,9.58,12.44,31.78,59.44,82.81,,8.22,0.76,0.37,08/18,貝萊德美國價值型基金A2歐元
貝萊德美國價值型基金A10美元(總報酬穩定配息)(本基金之配息來源可能為本金),,境外,1/2,,,-0.3,9.69,12.18,31.75,59.45,,,9.79,0.62,0.69,08/18,貝萊德美國價值型基金A10美元總報酬穩定配息本基金之配息來源可能為本金
貝萊德美國價值型基金A4美元,,境外,1/2,,,-0.25,9.72,12.18,31.75,59.54,82.82,,9.78,0.62,0.69,08/18,貝萊德美國價值型基金A4美元
貝萊德美國價值型基金A2美元,,境外,1/2,,,-0.25,9.71,12.18,31.74,59.53,82.82,,9.78,0.62,0.69,08/18,貝萊德美國價值型基金A2美元
高盛基金III - 高盛美國高股息基金Y股對沖級別南非幣(月配息)(本基金之配息來源可能為本金且並無保證收益及配息),,境外,1/2,,,2.75,9.0,8.63,31.25,81.51,85.66,,10.92,0.33,1.0,08/18,高盛基金III高盛美國高股息基金Y股對沖級別南非幣月配息本基金之配息來源可能為本金且並無保證收益及配息
M＆G北美股息基金X(南非幣避險後收)(本基金並無保證收益及配息),,境外,1/2,,,5.79,10.21,8.69,31.23,91.71,,,9.43,0.38,0.76,08/18,M＆G北美股息基金X南非幣避險後收本基金並無保證收益及配息
貝萊德美國價值型基金C2美元,,境外,1/2,,,-0.35,9.38,11.5,30.12,53.68,71.75,,9.77,0.58,0.69,08/18,貝萊德美國價值型基金C2美元
高盛基金III - 高盛美國高股息基金X股對沖級別澳幣(月配息)(本基金之配息來源可能為本金且並無保證收益及配息),,境外,1/2,,,2.5,5.51,10.11,29.78,60.28,70.43,,10.82,0.28,0.23,08/18,高盛基金III高盛美國高股息基金X股對沖級別澳幣月配息本基金之配息來源可能為本金且並無保證收益及配息
高盛基金III - 高盛美國高股息基金Y股對沖級別澳幣(月配息)(本基金之配息來源可能為本金且並無保證收益及配息),,境外,1/2,,,2.4,5.3,9.57,28.7,56.01,62.27,,10.69,0.26,0.98,08/18,高盛基金III高盛美國高股息基金Y股對沖級別澳幣月配息本基金之配息來源可能為本金且並無保證收益及配息
法巴美國增長股票基金/月配(美元)(基金之配息來源可能為本金),,境外,1/2,,,3.61,6.3,18.2,28.41,,,,14.78,0.37,1.42,08/18,法巴美國增長股票基金/月配美元基金之配息來源可能為本金
法巴美國增長股票基金C(美元),,境外,1/2,,,3.6,6.31,18.19,28.38,84.29,92.64,,14.78,0.37,1.42,08/18,法巴美國增長股票基金C美元
法巴美國增長股票基金/年配(美元)(基金之配息來源可能為本金),,境外,1/2,,,3.59,6.31,18.19,28.37,84.25,92.59,,14.77,0.37,1.42,08/18,法巴美國增長股票基金/年配美元基金之配息來源可能為本金
法巴美國增長股票基金B(美元),,境外,1/2,,,3.51,6.04,17.63,27.16,,,,14.77,0.35,1.42,08/18,法巴美國增長股票基金B美元
貝萊德美國中型企業價值基金A2歐元,,境外,1/2,,,-0.65,10.96,11.45,27.05,48.1,71.79,,11.3,0.46,0.5,08/18,貝萊德美國中型企業價值基金A2歐元
貝萊德美國中型企業價值基金A2美元,,境外,1/2,,,-0.58,11.11,11.2,27.01,48.19,71.8,,12.51,0.4,0.82,08/18,貝萊德美國中型企業價值基金A2美元
貝萊德美國增長型基金A2歐元,,境外,1/2,,,3.73,6.14,22.13,25.02,92.39,76.65,,15.15,0.32,1.07,08/18,貝萊德美國增長型基金A2歐元
貝萊德美國增長型基金A2美元,,境外,1/2,,,3.79,6.28,21.86,24.97,92.5,76.7,,15.53,0.3,1.4,08/18,貝萊德美國增長型基金A2美元
貝萊德美元非投資等級債券基金A8多幣別穩定月配息股份-南非幣避險(本基金主要投資於符合美國Rule 144A規定之私募性質債券且配息來源可能為本金),,境外,1/2,,,0.99,5.1,2.73,23.42,59.49,44.79,,2.87,0.58,0.82,08/18,貝萊德美元非投資等級債券基金A8多幣別穩定月配息股份南非幣避險本基金主要投資於符合美國Rule144A規定之私募性質債券且配息來源可能為本金
安聯美元非投資等級債券基金-AM穩定月收類股(南非幣避險)(本基金主要投資於符合美國Rule 144A規定之私募性質債券且配息來源可能為本金),,境外,1/2,,,1.08,4.49,2.24,22.87,55.65,42.6,,2.92,0.52,0.73,08/18,安聯美元非投資等級債券基金AM穩定月收類股南非幣避險本基金主要投資於符合美國Rule144A規定之私募性質債券且配息來源可能為本金
野村基金(愛爾蘭系列)-美國非投資等級債券基金(TD南非幣避險類股)(本基金之配息來源可能為本金且本基金主要投資於符合美國Rule 144A規定之私募性質債券),,境外,1/2,,,0.74,4.84,2.32,22.82,,,,3.13,0.48,0.9,08/18,野村基金愛爾蘭系列美國非投資等級債券基金TD南非幣避險類股本基金之配息來源可能為本金且本基金主要投資於符合美國Rule144A規定之私募性質債券
貝萊德美元非投資等級債券基金B8多幣別穩定月配息股份-南非幣避險(本基金主要投資於符合美國Rule 144A規定之私募性質債券且配息來源可能為本金),,境外,1/2,,,0.91,4.84,2.23,22.2,,,,2.86,0.48,0.03,08/18,貝萊德美元非投資等級債券基金B8多幣別穩定月配息股份南非幣避險本基金主要投資於符合美國Rule144A規定之私募性質債券且配息來源可能為本金
貝萊德美元非投資等級債券基金A8多幣別穩定月配息股份-澳幣避險(本基金主要投資於符合美國Rule 144A規定之私募性質債券且配息來源可能為本金),,境外,1/2,,,0.74,1.48,3.53,21.23,37.08,27.06,,2.7,0.35,0.77,08/18,貝萊德美元非投資等級債券基金A8多幣別穩定月配息股份澳幣避險本基金主要投資於符合美國Rule144A規定之私募性質債券且配息來源可能為本金
貝萊德美元非投資等級債券基金Hedged A2澳幣(本基金主要投資於符合美國Rule 144A規定之私募性質債券),,境外,1/2,,,0.66,1.41,3.48,21.21,37.02,26.96,,2.78,0.34,0.79,08/18,貝萊德美元非投資等級債券基金HedgedA2澳幣本基金主要投資於符合美國Rule144A規定之私募性質債券
貝萊德美元非投資等級債券基金Hedged A3澳幣(本基金主要投資於符合美國Rule 144A規定之私募性質債券),,境外,1/2,,,0.65,1.42,3.4,21.16,37.05,26.93,,2.76,0.34,0.78,08/18,貝萊德美元非投資等級債券基金HedgedA3澳幣本基金主要投資於符合美國Rule144A規定之私募性質債券
安聯美元非投資等級債券基金-AM穩定月收類股(澳幣避險)(本基金主要投資於符合美國Rule 144A規定之私募性質債券且配息來源可能為本金),,境外,1/2,,,0.78,0.85,2.89,20.72,33.7,25.37,,2.86,0.29,0.72,08/18,安聯美元非投資等級債券基金AM穩定月收類股澳幣避險本基金主要投資於符合美國Rule144A規定之私募性質債券且配息來源可能為本金
野村基金(愛爾蘭系列)-美國非投資等級債券基金(TD澳幣避險類股)(本基金之配息來源可能為本金且本基金主要投資於符合美國Rule 144A規定之私募性質債券),,境外,1/2,,,0.45,1.14,2.93,20.44,34.11,24.71,,2.94,0.26,0.85,08/18,野村基金愛爾蘭系列美國非投資等級債券基金TD澳幣避險類股本基金之配息來源可能為本金且本基金主要投資於符合美國Rule144A規定之私募性質債券
野村基金(愛爾蘭系列)-美國非投資等級債券基金(T澳幣避險類股)(本基金之配息來源可能為本金且本基金主要投資於符合美國Rule 144A規定之私募性質債券),,境外,1/2,,,0.39,1.11,2.96,20.4,34.14,24.63,,2.94,0.25,0.85,08/18,野村基金愛爾蘭系列美國非投資等級債券基金T澳幣避險類股本基金之配息來源可能為本金且本基金主要投資於符合美國Rule144A規定之私募性質債券
高盛基金III - 高盛美國高股息基金X股美元(月配息)(本基金之配息來源可能為本金且並無保證收益及配息),,境外,1/2,,,1.03,6.76,9.53,20.02,50.64,87.1,,10.77,0.31,0.23,08/18,高盛基金III高盛美國高股息基金X股美元月配息本基金之配息來源可能為本金且並無保證收益及配息
高盛基金III - 高盛美國高股息基金X股美元(本基金並無保證收益),,境外,1/2,,,1.02,6.75,9.52,20.01,50.62,87.05,,10.77,0.31,0.99,08/18,高盛基金III高盛美國高股息基金X股美元本基金並無保證收益
M＆G北美股息基金A(歐元)(本基金並無保證收益及配息),,境外,1/2,,,3.83,7.33,9.57,19.85,58.12,79.82,,7.05,0.49,0.47,08/18,M＆G北美股息基金A歐元本基金並無保證收益及配息
M＆G北美股息基金A(美元季配)(本基金配息來源可能為本金且並無保證收益及配息),,境外,1/2,,,3.94,7.63,9.12,19.73,58.25,79.81,,9.45,0.34,0.77,08/18,M＆G北美股息基金A美元季配本基金配息來源可能為本金且並無保證收益及配息
M＆G北美股息基金A(美元)(本基金並無保證收益及配息),,境外,1/2,,,3.94,7.63,9.11,19.72,58.26,79.83,,9.45,0.34,0.77,08/18,M＆G北美股息基金A美元本基金並無保證收益及配息
高盛基金III - 高盛美國高股息基金Y股美元(月配息)(本基金之配息來源可能為本金且並無保證收益及配息),,境外,1/2,,,0.94,6.49,8.99,18.83,46.19,77.99,,10.76,0.28,0.99,08/18,高盛基金III高盛美國高股息基金Y股美元月配息本基金之配息來源可能為本金且並無保證收益及配息
高盛基金III - 高盛美國高股息基金Y股美元(本基金並無保證收益),,境外,1/2,,,0.93,6.48,8.98,18.83,46.15,77.92,,10.76,0.28,0.99,08/18,高盛基金III高盛美國高股息基金Y股美元本基金並無保證收益
M＆G北美股息基金X(美元後收)(本基金並無保證收益及配息),,境外,1/2,,,3.85,7.36,8.57,18.55,53.61,,,9.44,0.31,0.77,08/18,M＆G北美股息基金X美元後收本基金並無保證收益及配息
法盛-盧米斯賽勒斯債券基金H-RE/DM AUD(本基金有相當比重投資於非投資等級之高風險債券且基金之配息來源可能為本金),,境外,1/2,,,0.27,0.81,-0.29,17.58,28.56,9.62,,3.39,0.03,0.91,08/17,法盛盧米斯賽勒斯債券基金HRE/DMAUD本基金有相當比重投資於非投資等級之高風險債券且基金之配息來源可能為本金
宏利環球基金-美國股票基金AA股,,境外,1/2,,,1.89,4.14,9.99,17.06,54.03,58.39,,12.87,0.21,1.09,08/18,宏利環球基金美國股票基金AA股
高盛基金III - 高盛美國高股息基金X股對沖級別歐元(本基金並無保證收益),,境外,1/2,,,2.05,5.49,6.45,16.58,51.24,66.94,,10.75,0.25,0.99,08/18,高盛基金III高盛美國高股息基金X股對沖級別歐元本基金並無保證收益
野村基金(愛爾蘭系列)-美國非投資等級債券基金(TID美元類股)(本基金之配息來源可能為本金且本基金主要投資於符合美國Rule 144A規定之私募性質債券),,境外,1/2,,,-0.99,2.47,2.63,11.68,27.66,40.28,,3.01,0.36,0.86,08/18,野村基金愛爾蘭系列美國非投資等級債券基金TID美元類股本基金之配息來源可能為本金且本基金主要投資於符合美國Rule144A規定之私募性質債券
野村基金(愛爾蘭系列)-美國非投資等級債券基金(TI美元類股)(本基金之配息來源可能為本金且本基金主要投資於符合美國Rule 144A規定之私募性質債券),,境外,1/2,,,-0.99,2.46,2.62,11.67,27.65,40.24,,3.01,0.36,0.86,08/18,野村基金愛爾蘭系列美國非投資等級債券基金TI美元類股本基金之配息來源可能為本金且本基金主要投資於符合美國Rule144A規定之私募性質債券
貝萊德美元非投資等級債券基金A6美元(穩定配息)(本基金主要投資於符合美國Rule 144A規定之私募性質債券且配息來源可能為本金),,境外,1/2,,,-0.69,2.64,2.59,11.31,26.72,36.28,,2.99,0.33,0.84,08/18,貝萊德美元非投資等級債券基金A6美元穩定配息本基金主要投資於符合美國Rule144A規定之私募性質債券且配息來源可能為本金
安聯美元非投資等級債券基金-IT累積類股(美元)(本基金主要投資於符合美國Rule 144A規定之私募性質債券),,境外,1/2,,,-0.65,2.05,2.27,11.3,25.05,36.88,,2.92,0.34,0.73,08/18,安聯美元非投資等級債券基金IT累積類股美元本基金主要投資於符合美國Rule144A規定之私募性質債券
貝萊德美元非投資等級債券基金A3美元(本基金主要投資於符合美國Rule 144A規定之私募性質債券),,境外,1/2,,,-0.78,2.47,2.57,11.15,26.68,36.34,,2.84,0.34,0.81,08/18,貝萊德美元非投資等級債券基金A3美元本基金主要投資於符合美國Rule144A規定之私募性質債券
貝萊德美元非投資等級債券基金A10美元(總報酬穩定配息)(本基金主要投資於符合美國Rule 144A規定之私募性質債券且配息來源可能為本金),,境外,1/2,,,-0.87,2.47,2.47,11.13,,,,2.86,0.33,0.81,08/18,貝萊德美元非投資等級債券基金A10美元總報酬穩定配息本基金主要投資於符合美國Rule144A規定之私募性質債券且配息來源可能為本金
貝萊德美元非投資等級債券基金A2美元(本基金主要投資於符合美國Rule 144A規定之私募性質債券),,境外,1/2,,,-0.83,2.47,2.53,11.12,26.53,36.17,,2.79,0.34,0.79,08/18,貝萊德美元非投資等級債券基金A2美元本基金主要投資於符合美國Rule144A規定之私募性質債券
安聯美元非投資等級債券基金-AM穩定月收類股(美元)(本基金主要投資於符合美國Rule 144A規定之私募性質債券且配息來源可能為本金),,境外,1/2,,,-0.7,1.93,2.04,10.78,23.3,33.69,,2.92,0.29,0.73,08/18,安聯美元非投資等級債券基金AM穩定月收類股美元本基金主要投資於符合美國Rule144A規定之私募性質債券且配息來源可能為本金
安聯美元非投資等級債券基金-AT累積類股(美元)(本基金主要投資於符合美國Rule 144A規定之私募性質債券),,境外,1/2,,,-0.7,1.92,2.03,10.77,23.27,33.67,,2.92,0.29,0.73,08/18,安聯美元非投資等級債券基金AT累積類股美元本基金主要投資於符合美國Rule144A規定之私募性質債券
野村基金(愛爾蘭系列)-美國非投資等級債券基金(TD美元類股)(本基金之配息來源可能為本金且本基金主要投資於符合美國Rule 144A規定之私募性質債券),,境外,1/2,,,-1.07,2.21,2.13,10.57,23.9,33.46,,3.01,0.27,0.86,08/18,野村基金愛爾蘭系列美國非投資等級債券基金TD美元類股本基金之配息來源可能為本金且本基金主要投資於符合美國Rule144A規定之私募性質債券
野村基金(愛爾蘭系列)-美國非投資等級債券基金(T美元類股)(本基金之配息來源可能為本金且本基金主要投資於符合美國Rule 144A規定之私募性質債券),,境外,1/2,,,-1.08,2.21,2.12,10.56,23.88,33.4,,3.01,0.27,0.86,08/18,野村基金愛爾蘭系列美國非投資等級債券基金T美元類股本基金之配息來源可能為本金且本基金主要投資於符合美國Rule144A規定之私募性質債券
野村基金(愛爾蘭系列)-美國非投資等級債券基金(TD日圓類股)(本基金之配息來源可能為本金且本基金主要投資於符合美國Rule 144A規定之私募性質債券),,境外,1/2,,,-1.09,2.2,2.33,10.55,,,,5.55,0.55,0.17,08/18,野村基金愛爾蘭系列美國非投資等級債券基金TD日圓類股本基金之配息來源可能為本金且本基金主要投資於符合美國Rule144A規定之私募性質債券
富達基金-美元現金基金(Y股累計美元),,境外,1/2,,,-0.73,2.22,3.33,10.43,14.69,37.71,,0.1,11.08,,08/18,富達基金美元現金基金Y股累計美元
富達基金-美元現金基金(A股【F1穩定月配息】美元)(本基金之配息來源可能為本金),,境外,1/2,,,-0.74,2.2,3.28,10.32,14.31,,,0.1,10.94,-0.0,08/18,富達基金美元現金基金A股【F1穩定月配息】美元本基金之配息來源可能為本金
富達基金-美元現金基金(A股美元),,境外,1/2,,,-0.74,2.2,3.28,10.32,14.35,37.03,,0.1,10.85,,08/18,富達基金美元現金基金A股美元
富達基金-美元現金基金(A股累計美元),,境外,1/2,,,-0.74,2.2,3.28,10.32,14.35,37.02,,0.1,10.93,,08/18,富達基金美元現金基金A股累計美元
施羅德環球基金系列-美元流動(美元)C-累積,,境外,1/2,,,-0.75,2.16,3.23,10.22,13.97,35.48,,0.12,5.93,0.02,08/18,施羅德環球基金系列美元流動美元C累積
野村基金(愛爾蘭系列)-美國非投資等級債券基金(TD澳幣類股)(本基金之配息來源可能為本金且本基金主要投資於符合美國Rule 144A規定之私募性質債券),,境外,1/2,,,-1.57,1.78,2.05,10.2,23.39,33.06,,6.97,-0.25,0.29,08/18,野村基金愛爾蘭系列美國非投資等級債券基金TD澳幣類股本基金之配息來源可能為本金且本基金主要投資於符合美國Rule144A規定之私募性質債券
施羅德環球基金系列-美元流動(美元)A-累積,,境外,1/2,,,-0.75,2.16,3.22,10.2,13.9,35.35,,0.12,5.93,0.02,08/18,施羅德環球基金系列美元流動美元A累積
貝萊德美元非投資等級債券基金B10美元(總報酬穩定配息)(本基金主要投資於符合美國Rule 144A規定之私募性質債券且配息來源可能為本金),,境外,1/2,,,-0.84,2.27,2.12,10.1,,,,2.85,0.24,0.03,08/18,貝萊德美元非投資等級債券基金B10美元總報酬穩定配息本基金主要投資於符合美國Rule144A規定之私募性質債券且配息來源可能為本金
貝萊德美元儲備基金A2美元,,境外,1/2,,,-0.76,2.13,3.13,10.03,13.44,35.66,,0.12,8.7,,08/18,貝萊德美元儲備基金A2美元
貝萊德美元非投資等級債券基金B2美元,,境外,1/2,,,-0.97,2.22,2.05,9.96,,,,2.87,0.22,0.82,08/18,貝萊德美元非投資等級債券基金B2美元
野村基金(愛爾蘭系列)-美國非投資等級債券基金(BD美元類股)(本基金之配息來源可能為本金且本基金主要投資於符合美國Rule 144A規定之私募性質債券),,境外,1/2,,,-1.16,1.95,1.62,9.47,20.24,26.95,,3.01,0.17,0.86,08/18,野村基金愛爾蘭系列美國非投資等級債券基金BD美元類股本基金之配息來源可能為本金且本基金主要投資於符合美國Rule144A規定之私募性質債券
野村基金(愛爾蘭系列)-美國非投資等級債券基金(B美元類股)(本基金之配息來源可能為本金且本基金主要投資於符合美國Rule 144A規定之私募性質債券),,境外,1/2,,,-1.17,1.95,1.61,9.46,,,,3.01,0.17,0.86,08/18,野村基金愛爾蘭系列美國非投資等級債券基金B美元類股本基金之配息來源可能為本金且本基金主要投資於符合美國Rule144A規定之私募性質債券
野村基金(愛爾蘭系列)-美國非投資等級債券基金(BD日圓類股)(本基金之配息來源可能為本金且本基金主要投資於符合美國Rule 144A規定之私募性質債券),,境外,1/2,,,-1.18,1.94,1.83,9.46,,,,5.55,0.5,0.17,08/18,野村基金愛爾蘭系列美國非投資等級債券基金BD日圓類股本基金之配息來源可能為本金且本基金主要投資於符合美國Rule144A規定之私募性質債券
法盛-盧米斯賽勒斯債券基金I/A USD(本基金有相當比重投資於非投資等級之高風險債券且基金之配息來源可能為本金),,境外,1/2,,,-1.44,1.47,-0.29,8.7,21.3,21.83,,3.45,0.1,0.93,08/17,法盛盧米斯賽勒斯債券基金I/AUSD本基金有相當比重投資於非投資等級之高風險債券且基金之配息來源可能為本金
貝萊德美元優質債券基金A3美元,,境外,1/2,,,-1.81,1.39,-0.5,8.37,12.64,9.39,,3.36,0.07,0.95,08/18,貝萊德美元優質債券基金A3美元
貝萊德美元優質債券基金A2美元,,境外,1/2,,,-1.79,1.36,-0.54,8.33,12.63,9.33,,3.36,0.06,0.95,08/18,貝萊德美元優質債券基金A2美元
貝萊德美元優質債券基金A10美元(總報酬穩定配息)(基金之配息來源可能為本金),,境外,1/2,,,-1.81,1.32,-0.6,8.32,,,,3.41,0.06,0.04,08/18,貝萊德美元優質債券基金A10美元總報酬穩定配息基金之配息來源可能為本金
法盛-盧米斯賽勒斯債券基金R/DG USD(本基金有相當比重投資於非投資等級之高風險債券且基金之配息來源可能為本金),,境外,1/2,,,-1.48,1.37,-0.46,8.2,19.53,,,3.39,0.06,0.92,08/17,法盛盧米斯賽勒斯債券基金R/DGUSD本基金有相當比重投資於非投資等級之高風險債券且基金之配息來源可能為本金
法盛-盧米斯賽勒斯債券基金R/A EUR(本基金有相當比重投資於非投資等級之高風險債券且基金之配息來源可能為本金),,境外,1/2,,,-1.54,1.34,-0.91,8.16,19.56,18.8,,4.11,0.13,0.01,08/17,法盛盧米斯賽勒斯債券基金R/AEUR本基金有相當比重投資於非投資等級之高風險債券且基金之配息來源可能為本金
法盛-盧米斯賽勒斯債券基金R/DM USD(本基金有相當比重投資於非投資等級之高風險債券且基金之配息來源可能為本金),,境外,1/2,,,-1.43,1.36,-0.48,8.14,19.5,18.91,,3.37,0.06,0.91,08/17,法盛盧米斯賽勒斯債券基金R/DMUSD本基金有相當比重投資於非投資等級之高風險債券且基金之配息來源可能為本金
法盛-盧米斯賽勒斯債券基金R/A USD(本基金有相當比重投資於非投資等級之高風險債券且基金之配息來源可能為本金),,境外,1/2,,,-1.51,1.27,-0.54,8.13,19.47,18.79,,3.41,0.06,0.93,08/17,法盛盧米斯賽勒斯債券基金R/AUSD本基金有相當比重投資於非投資等級之高風險債券且基金之配息來源可能為本金
法盛-盧米斯賽勒斯債券基金R/D USD(本基金有相當比重投資於非投資等級之高風險債券且基金之配息來源可能為本金),,境外,1/2,,,-1.52,1.32,-0.56,8.13,19.39,18.8,,3.5,0.06,0.94,08/17,法盛盧米斯賽勒斯債券基金R/DUSD本基金有相當比重投資於非投資等級之高風險債券且基金之配息來源可能為本金
法盛-盧米斯賽勒斯債券基金R/D GBP(本基金有相當比重投資於非投資等級之高風險債券且基金之配息來源可能為本金),,境外,1/2,,,-1.62,1.47,-0.97,8.05,19.49,18.77,,3.29,0.06,0.21,08/17,法盛盧米斯賽勒斯債券基金R/DGBP本基金有相當比重投資於非投資等級之高風險債券且基金之配息來源可能為本金
安聯美元非投資等級債券基金-AM穩定月收類股(歐元避險)(本基金主要投資於符合美國Rule 144A規定之私募性質債券且配息來源可能為本金),,境外,1/2,,,0.32,0.77,-0.61,7.82,24.2,19.93,,2.8,0.11,0.7,08/18,安聯美元非投資等級債券基金AM穩定月收類股歐元避險本基金主要投資於符合美國Rule144A規定之私募性質債券且配息來源可能為本金
法盛-盧米斯賽勒斯債券基金RE/D USD(本基金有相當比重投資於非投資等級之高風險債券且基金之配息來源可能為本金),,境外,1/2,,,-1.52,1.21,-0.73,7.77,17.97,16.75,,3.35,0.03,0.91,08/17,法盛盧米斯賽勒斯債券基金RE/DUSD本基金有相當比重投資於非投資等級之高風險債券且基金之配息來源可能為本金
安聯美元非投資等級債券基金-AT累積類股(歐元避險)(本基金主要投資於符合美國Rule 144A規定之私募性質債券),,境外,1/2,,,0.34,0.74,-0.62,7.76,23.9,19.55,,2.81,0.1,0.69,08/18,安聯美元非投資等級債券基金AT累積類股歐元避險本基金主要投資於符合美國Rule144A規定之私募性質債券
法盛-盧米斯賽勒斯債券基金RE/A USD(本基金有相當比重投資於非投資等級之高風險債券且基金之配息來源可能為本金),,境外,1/2,,,-1.52,1.19,-0.7,7.76,18.19,16.72,,3.39,0.03,0.92,08/17,法盛盧米斯賽勒斯債券基金RE/AUSD本基金有相當比重投資於非投資等級之高風險債券且基金之配息來源可能為本金
法盛-盧米斯賽勒斯債券基金RE/DM USD(本基金有相當比重投資於非投資等級之高風險債券且基金之配息來源可能為本金),,境外,1/2,,,-1.6,1.12,-0.82,7.68,17.81,16.55,,3.37,0.02,0.92,08/17,法盛盧米斯賽勒斯債券基金RE/DMUSD本基金有相當比重投資於非投資等級之高風險債券且基金之配息來源可能為本金
貝萊德美元優質債券基金B10美元(總報酬穩定配息)(基金之配息來源可能為本金),,境外,1/2,,,-1.82,1.12,-1.01,7.24,,,,3.39,-0.02,0.04,08/18,貝萊德美元優質債券基金B10美元總報酬穩定配息基金之配息來源可能為本金
貝萊德美元優質債券基金B2美元,,境外,1/2,,,-1.93,1.07,-1.05,7.23,,,,3.38,-0.02,0.04,08/18,貝萊德美元優質債券基金B2美元
法盛-盧米斯賽勒斯債券基金CT/A USD(本基金有相當比重投資於非投資等級之高風險債券且基金之配息來源可能為本金),,境外,1/2,,,-1.61,1.14,-0.94,7.1,15.67,12.58,,3.39,-0.02,0.92,08/17,法盛盧米斯賽勒斯債券基金CT/AUSD本基金有相當比重投資於非投資等級之高風險債券且基金之配息來源可能為本金
法盛-盧米斯賽勒斯債券基金CT/DM USD(本基金有相當比重投資於非投資等級之高風險債券且基金之配息來源可能為本金),,境外,1/2,,,-1.59,1.12,-1.02,7.02,16.11,13.17,,3.52,-0.03,0.95,08/17,法盛盧米斯賽勒斯債券基金CT/DMUSD本基金有相當比重投資於非投資等級之高風險債券且基金之配息來源可能為本金
貝萊德美元非投資等級債券基金Hedged A6日圓(穩定配息)(本基金主要投資於符合美國Rule 144A規定之私募性質債券且配息來源可能為本金),,境外,1/2,,,0.61,1.16,-2.06,-0.61,,,,2.7,-0.03,0.77,08/18,貝萊德美元非投資等級債券基金HedgedA6日圓穩定配息本基金主要投資於符合美國Rule144A規定之私募性質債券且配息來源可能為本金
野村基金(愛爾蘭系列)-美國非投資等級債券基金(TD日圓避險類股)(本基金之配息來源可能為本金且本基金主要投資於符合美國Rule 144A規定之私募性質債券),,境外,1/2,,,0.4,0.89,-2.49,-1.05,,,,2.92,-0.07,0.84,08/18,野村基金愛爾蘭系列美國非投資等級債券基金TD日圓避險類股本基金之配息來源可能為本金且本基金主要投資於符合美國Rule144A規定之私募性質債券
貝萊德美元非投資等級債券基金Hedged B6日圓(穩定配息)(本基金主要投資於符合美國Rule 144A規定之私募性質債券且配息來源可能為本金),,境外,1/2,,,0.62,0.95,-2.5,-1.45,,,,2.68,-0.12,0.03,08/18,貝萊德美元非投資等級債券基金HedgedB6日圓穩定配息本基金主要投資於符合美國Rule144A規定之私募性質債券且配息來源可能為本金
野村基金(愛爾蘭系列)-美國非投資等級債券基金(BD日圓避險類股)(本基金之配息來源可能為本金且本基金主要投資於符合美國Rule 144A規定之私募性質債券),,境外,1/2,,,0.31,0.65,-3.02,-2.04,,,,2.93,-0.16,0.84,08/18,野村基金愛爾蘭系列美國非投資等級債券基金BD日圓避險類股本基金之配息來源可能為本金且本基金主要投資於符合美國Rule144A規定之私募性質債券
貝萊德美國靈活股票基金B2美元,,境外,1/2,,,2.27,0.97,,,,,,,,,08/18,貝萊德美國靈活股票基金B2美元
貝萊德美國靈活股票基金B10美元(總報酬穩定配息)(基金之配息來源可能為本金),,境外,1/2,,,2.24,1.02,,,,,,,,,08/18,貝萊德美國靈活股票基金B10美元總報酬穩定配息基金之配息來源可能為本金
貝萊德美國靈活股票基金A10美元(總報酬穩定配息)(基金之配息來源可能為本金),,境外,1/2,,,2.34,1.32,,,,,,,,,08/18,貝萊德美國靈活股票基金A10美元總報酬穩定配息基金之配息來源可能為本金
M＆G北美股息基金A(美元月配)F(本基金配息來源可能為本金且並無保證收益及配息),,境外,1/2,,,3.94,7.64,9.12,,,,,,,,08/18,M＆G北美股息基金A美元月配F本基金配息來源可能為本金且並無保證收益及配息
M＆G北美股息基金X(美元月配後收)F(本基金配息來源可能為本金且並無保證收益及配息),,境外,1/2,,,3.85,7.36,8.58,,,,,,,,08/18,M＆G北美股息基金X美元月配後收F本基金配息來源可能為本金且並無保證收益及配息
富達基金-北歐基金(Y股累計歐元),,境外,1/3,,,4.84,2.66,8.94,40.2,103.32,112.7,,10.19,0.8,0.01,08/18,富達基金北歐基金Y股累計歐元
富達基金-北歐基金(Y股累計瑞典幣),,境外,1/3,,,4.85,2.48,9.11,40.09,103.55,112.72,,8.83,0.88,0.39,08/18,富達基金北歐基金Y股累計瑞典幣
富達基金-北歐基金(A股瑞典幣),,境外,1/3,,,4.78,2.29,8.67,38.92,98.23,103.68,,8.82,0.85,0.39,08/18,富達基金北歐基金A股瑞典幣
富達基金-北歐基金(A股累計美元避險),,境外,1/3,,,3.33,4.28,12.2,38.67,87.44,137.48,,9.14,0.82,0.49,08/18,富達基金北歐基金A股累計美元避險
百達-生物科技-HR南非幣月配息(基金之配息來源可能為本金),,境外,1/4,,,4.71,24.5,21.88,94.16,154.4,88.89,,18.7,0.83,0.93,08/18,百達生物科技HR南非幣月配息基金之配息來源可能為本金
百達-生物科技-HR澳幣,,境外,1/4,,,4.46,20.26,23.11,91.48,119.27,65.01,,18.6,0.8,0.93,08/18,百達生物科技HR澳幣
富蘭克林黃金基金美元A(本基金之配息來源可能為本金),,境外,1/4,,,23.01,-1.08,-8.1,86.18,308.59,261.28,,49.48,0.39,1.01,08/18,富蘭克林黃金基金美元A本基金之配息來源可能為本金
貝萊德世界黃金基金Hedged A2澳幣,,境外,1/4,,,26.94,0.74,-8.88,85.43,255.75,173.44,,48.97,0.34,1.0,08/18,貝萊德世界黃金基金HedgedA2澳幣
施羅德環球基金系列-環球黃金(美元)A-累積,,境外,1/4,,,27.88,1.85,-7.41,85.16,332.3,328.54,,53.3,0.37,1.07,08/18,施羅德環球基金系列環球黃金美元A累積
貝萊德世界礦業基金Hedged A2澳幣,,境外,1/4,,,16.31,0.98,0.2,84.47,101.82,79.52,,34.3,0.43,-0.2,08/18,貝萊德世界礦業基金HedgedA2澳幣
路博邁投資基金-NB次世代通訊基金A累積類股(南非幣),,境外,1/4,,,5.33,9.51,37.27,84.38,275.4,,,33.26,0.45,1.52,08/18,路博邁投資基金NB次世代通訊基金A累積類股南非幣
施羅德環球基金系列-環球黃金(美元)U-累積,,境外,1/4,,,27.76,1.59,-7.87,83.33,319.64,307.76,,53.26,0.36,1.06,08/18,施羅德環球基金系列環球黃金美元U累積
富蘭克林坦伯頓全球投資系列黃金及貴金屬基金美元A(acc),,境外,1/4,,,22.93,-1.13,-8.45,83.1,293.6,248.86,,49.59,0.38,1.01,08/18,富蘭克林坦伯頓全球投資系列黃金及貴金屬基金美元Aacc
富蘭克林坦伯頓全球投資系列黃金及貴金屬基金歐元A(acc),,境外,1/4,,,22.99,-1.17,-8.44,83.06,293.24,248.88,,46.23,0.4,0.95,08/18,富蘭克林坦伯頓全球投資系列黃金及貴金屬基金歐元Aacc
路博邁投資基金-NB次世代通訊基金E累積類股(南非幣),,境外,1/4,,,5.24,9.24,36.6,82.56,264.49,,,33.23,0.44,1.51,08/18,路博邁投資基金NB次世代通訊基金E累積類股南非幣
富蘭克林坦伯頓全球投資系列生技領航基金美元F(acc),,境外,1/4,,,4.05,23.23,23.69,82.32,114.52,98.0,,22.26,0.73,1.12,08/18,富蘭克林坦伯頓全球投資系列生技領航基金美元Facc
晉達環球策略基金-環球黃金基金I累積股份,,境外,1/4,,,24.47,5.73,-9.37,81.65,265.94,284.1,,48.65,0.38,1.0,08/18,晉達環球策略基金環球黃金基金I累積股份
路博邁投資基金-NB次世代通訊基金A累積類股(澳幣),,境外,1/4,,,5.01,5.85,38.67,81.46,219.08,109.78,,33.23,0.43,1.51,08/18,路博邁投資基金NB次世代通訊基金A累積類股澳幣
富蘭克林坦伯頓全球投資系列生技領航基金美元A(acc),,境外,1/4,,,1.89,17.59,21.77,80.12,117.23,100.35,,22.32,0.74,1.12,08/18,富蘭克林坦伯頓全球投資系列生技領航基金美元Aacc
晉達環球策略基金-環球黃金基金A累積股份,,境外,1/4,,,24.37,5.49,-9.79,79.97,255.8,266.36,,48.63,0.38,1.0,08/18,晉達環球策略基金環球黃金基金A累積股份
路博邁投資基金-NB次世代通訊基金E累積類股(澳幣),,境外,1/4,,,4.93,5.59,37.97,79.74,,,,33.24,0.42,1.52,08/18,路博邁投資基金NB次世代通訊基金E累積類股澳幣
百達-生物科技-I美元,,境外,1/4,,,3.02,22.05,23.5,79.51,117.52,100.78,,18.61,0.84,0.92,08/18,百達生物科技I美元
晉達環球策略基金-環球黃金基金C收益股份,,境外,1/4,,,24.28,5.27,-10.13,78.59,247.79,252.85,,48.58,0.37,1.0,08/18,晉達環球策略基金環球黃金基金C收益股份
施羅德環球基金系列-環球黃金(歐元避險)A-累積,,境外,1/4,,,29.21,0.44,-10.32,78.09,323.14,265.17,,53.2,0.35,1.06,08/18,施羅德環球基金系列環球黃金歐元避險A累積
百達-生物科技-R歐元,,境外,1/4,,,2.8,21.41,22.8,76.71,107.21,85.36,,17.4,0.88,0.79,08/18,百達生物科技R歐元
百達-生物科技-R美元,,境外,1/4,,,2.88,21.56,22.53,76.67,107.34,85.37,,18.58,0.81,0.92,08/18,百達生物科技R美元
富蘭克林坦伯頓全球投資系列黃金及貴金屬基金歐元避險A(acc)-H1,,境外,1/4,,,24.14,-2.61,-11.48,75.94,283.81,191.84,,49.49,0.36,1.01,08/18,富蘭克林坦伯頓全球投資系列黃金及貴金屬基金歐元避險AaccH1
安聯全球礦金資源基金-AT累積類股(歐元),,境外,1/4,,,17.54,2.6,1.15,73.28,102.9,117.63,,33.24,0.47,1.85,08/18,安聯全球礦金資源基金AT累積類股歐元
安聯全球礦金資源基金-AT累積類股(美元),,境外,1/4,,,17.53,2.77,0.72,73.25,102.72,,,35.29,0.44,2.18,08/18,安聯全球礦金資源基金AT累積類股美元
聯博-國際科技基金A澳幣避險級別,,境外,1/4,,,3.57,2.82,28.85,73.19,183.74,105.6,,27.62,0.45,1.33,08/18,聯博國際科技基金A澳幣避險級別
貝萊德世界黃金基金A2歐元,,境外,1/4,,,25.37,2.7,-8.49,72.19,240.58,218.26,,45.84,0.37,0.93,08/18,貝萊德世界黃金基金A2歐元
貝萊德世界黃金基金A2美元,,境外,1/4,,,25.47,2.83,-8.68,72.16,240.73,218.26,,48.89,0.35,1.0,08/18,貝萊德世界黃金基金A2美元
貝萊德世界黃金基金A10美元(總報酬穩定配息)(本基金之配息來源可能為本金),,境外,1/4,,,25.45,2.81,-8.66,72.12,240.66,,,48.88,0.35,1.0,08/18,貝萊德世界黃金基金A10美元總報酬穩定配息本基金之配息來源可能為本金
貝萊德世界能源基金Hedged A2澳幣,,境外,1/4,,,8.43,6.3,21.51,71.64,66.23,176.91,,23.31,0.51,0.86,08/18,貝萊德世界能源基金HedgedA2澳幣
百達-生物科技-HR歐元,,境外,1/4,,,3.98,20.17,19.07,71.43,106.32,62.16,,18.51,0.78,0.92,08/18,百達生物科技HR歐元
新加坡大華黃金及綜合基金-USD,,境外,1/4,,,22.28,4.12,-11.39,71.22,201.26,211.76,,46.11,0.36,0.95,08/18,新加坡大華黃金及綜合基金USD
聯博-國際科技基金E澳幣避險級別,,境外,1/4,,,3.48,2.51,28.12,71.22,174.71,94.69,,27.54,0.44,1.33,08/18,聯博國際科技基金E澳幣避險級別
新加坡大華黃金及綜合基金,,境外,1/4,,,22.25,3.99,-11.08,71.14,201.28,211.56,,44.27,0.36,0.91,08/18,新加坡大華黃金及綜合基金
貝萊德世界礦業基金A2歐元,,境外,1/4,,,14.77,2.61,0.39,71.01,93.47,108.53,,31.22,0.49,-0.19,08/18,貝萊德世界礦業基金A2歐元
貝萊德世界礦業基金A10美元(總報酬穩定配息)(本基金之配息來源可能為本金),,境外,1/4,,,14.84,2.73,0.2,70.98,93.24,,,34.16,0.44,-0.2,08/18,貝萊德世界礦業基金A10美元總報酬穩定配息本基金之配息來源可能為本金
貝萊德世界礦業基金A2美元,,境外,1/4,,,14.86,2.74,0.16,70.96,93.56,108.53,,34.18,0.44,-0.19,08/18,貝萊德世界礦業基金A2美元
貝萊德世界黃金基金B10美元(總報酬穩定配息)(基金之配息來源可能為本金),,境外,1/4,,,25.35,2.61,-9.09,70.5,,,,48.85,0.34,0.73,08/18,貝萊德世界黃金基金B10美元總報酬穩定配息基金之配息來源可能為本金
貝萊德世界黃金基金B2美元,,境外,1/4,,,25.34,2.55,-9.15,70.4,,,,48.84,0.34,1.0,08/18,貝萊德世界黃金基金B2美元
路博邁投資基金-NB次世代通訊基金I累積類股(美元),,境外,1/4,,,3.61,7.53,39.16,70.04,212.57,151.14,,33.39,0.45,1.52,08/18,路博邁投資基金NB次世代通訊基金I累積類股美元
貝萊德世界黃金基金C2美元,,境外,1/4,,,25.32,2.51,-9.25,70.02,228.28,199.0,,48.82,0.34,1.0,08/18,貝萊德世界黃金基金C2美元
DWS投資黃金貴金屬股票基金FC,,境外,1/4,,,27.64,2.96,-9.83,69.63,279.11,248.87,,47.68,0.35,0.97,08/18,DWS投資黃金貴金屬股票基金FC
貝萊德世界礦業基金B2美元,,境外,1/4,,,14.8,2.49,-0.3,69.29,,,,34.12,0.44,-0.19,08/18,貝萊德世界礦業基金B2美元
貝萊德世界礦業基金B10美元(總報酬穩定配息)(基金之配息來源可能為本金),,境外,1/4,,,14.8,2.53,-0.29,69.27,,,,34.17,0.44,0.75,08/18,貝萊德世界礦業基金B10美元總報酬穩定配息基金之配息來源可能為本金
貝萊德世界黃金基金Hedged A2港幣,,境外,1/4,,,25.3,2.28,-9.76,69.1,226.97,198.35,,48.79,0.34,1.0,08/18,貝萊德世界黃金基金HedgedA2港幣
貝萊德世界礦業基金C2美元,,境外,1/4,,,14.73,2.42,-0.46,68.81,86.47,95.89,,34.14,0.43,-0.19,08/18,貝萊德世界礦業基金C2美元
路博邁投資基金-NB次世代通訊基金A累積類股(美元),,境外,1/4,,,3.54,7.31,38.56,68.59,204.76,140.67,,33.35,0.44,1.52,08/18,路博邁投資基金NB次世代通訊基金A累積類股美元
DWS投資黃金貴金屬股票基金LC,,境外,1/4,,,27.56,2.78,-10.1,68.32,270.34,235.74,,47.63,0.34,0.97,08/18,DWS投資黃金貴金屬股票基金LC
DWS投資黃金貴金屬股票基金USD LC,,境外,1/4,,,27.66,2.9,-10.31,68.27,270.6,235.81,,50.74,0.32,1.04,08/18,DWS投資黃金貴金屬股票基金USDLC
貝萊德世界礦業基金Hedged A2港幣,,境外,1/4,,,14.7,2.2,-0.98,68.02,85.65,95.32,,34.16,0.43,-0.19,08/18,貝萊德世界礦業基金HedgedA2港幣
路博邁投資基金-NB次世代通訊基金E累積類股(美元),,境外,1/4,,,3.41,7.03,37.89,66.9,195.54,,,33.28,0.43,1.52,08/18,路博邁投資基金NB次世代通訊基金E累積類股美元
施羅德環球基金系列-環球能源(歐元)A-累積,,境外,1/4,,,7.08,2.08,23.43,65.61,68.88,232.65,,22.82,0.6,0.74,08/18,施羅德環球基金系列環球能源歐元A累積
施羅德環球基金系列-環球能源(美元)A-累積,,境外,1/4,,,7.19,2.16,23.02,65.52,69.16,232.51,,21.94,0.61,0.73,08/18,施羅德環球基金系列環球能源美元A累積
摩根基金-環球天然資源基金A股(歐元)(分派)(本基金之配息來源可能為本金),,境外,1/4,,,11.5,4.33,8.65,65.3,85.61,155.38,,18.34,0.73,0.36,08/18,摩根基金環球天然資源基金A股歐元分派本基金之配息來源可能為本金
摩根基金-環球天然資源基金A股(美元)(累計),,境外,1/4,,,11.52,4.43,8.03,65.26,85.69,155.31,,19.7,0.67,0.36,08/18,摩根基金環球天然資源基金A股美元累計
富蘭克林坦伯頓全球投資系列生技領航基金日圓避險A(acc)-H1,,境外,1/4,,,5.73,22.03,18.63,64.85,,,,22.23,0.7,1.12,08/18,富蘭克林坦伯頓全球投資系列生技領航基金日圓避險AaccH1
施羅德環球基金系列-環球能源(歐元)A1-累積,,境外,1/4,,,7.03,1.95,23.13,64.79,66.38,224.46,,22.81,0.59,0.74,08/18,施羅德環球基金系列環球能源歐元A1累積
施羅德環球基金系列-環球能源(美元)A1-累積,,境外,1/4,,,7.14,2.03,22.72,64.7,66.65,224.33,,21.93,0.6,0.73,08/18,施羅德環球基金系列環球能源美元A1累積
路博邁投資基金-NB次世代通訊基金I累積類股(歐元),,境外,1/4,,,4.67,6.2,35.04,64.6,211.3,118.27,,33.23,0.43,1.52,08/18,路博邁投資基金NB次世代通訊基金I累積類股歐元
百達-機器人科技-HR南非幣月配息(基金之配息來源可能為本金),,境外,1/4,,,12.93,17.34,27.2,63.84,162.56,109.91,,18.08,0.57,0.77,08/18,百達機器人科技HR南非幣月配息基金之配息來源可能為本金
摩根基金-環球天然資源基金F股(美元)(累計),,境外,1/4,,,11.44,4.17,7.44,63.53,79.9,142.21,,19.69,0.65,0.36,08/18,摩根基金環球天然資源基金F股美元累計
路博邁投資基金-NB次世代通訊基金A累積類股(歐元),,境外,1/4,,,4.58,5.94,34.45,63.18,203.7,109.13,,33.15,0.42,1.51,08/18,路博邁投資基金NB次世代通訊基金A累積類股歐元
富蘭克林坦伯頓全球投資系列生技領航基金日圓避險F(acc)-H1,,境外,1/4,,,5.65,21.72,17.99,63.03,,,,22.27,0.68,1.12,08/18,富蘭克林坦伯頓全球投資系列生技領航基金日圓避險FaccH1
百達-機器人科技-HR澳幣,,境外,1/4,,,12.6,13.35,28.45,61.67,125.65,83.04,,18.02,0.54,0.77,08/18,百達機器人科技HR澳幣
安本基金-未來礦業基金X累積美元,,境外,1/4,,,11.31,3.84,6.45,61.65,74.64,101.84,,27.28,0.47,1.11,08/18,安本基金未來礦業基金X累積美元
聯博-國際科技基金I級別美元,,境外,1/4,,,2.22,4.17,28.66,61.39,174.01,142.74,,27.65,0.47,1.33,08/18,聯博國際科技基金I級別美元
安本基金-未來礦業基金A累積美元,,境外,1/4,,,11.23,3.64,6.05,60.45,71.07,95.81,,27.26,0.47,1.1,08/18,安本基金未來礦業基金A累積美元
聯博-國際科技基金A級別歐元,,境外,1/4,,,2.18,3.9,28.15,60.11,167.57,133.22,,27.29,0.47,1.23,08/18,聯博國際科技基金A級別歐元
聯博-國際科技基金A級別美元,,境外,1/4,,,2.15,3.96,28.15,60.1,167.53,133.21,,27.63,0.46,1.33,08/18,聯博國際科技基金A級別美元
瑞銀(盧森堡)生化股票基金(美元),,境外,1/4,,,4.3,20.1,17.4,59.73,61.61,45.05,,14.48,0.82,0.83,08/17,瑞銀盧森堡生化股票基金美元
貝萊德世界科技基金Hedged A2澳幣,,境外,1/4,,,6.88,1.28,32.14,59.0,154.58,78.9,,28.46,0.35,1.49,08/18,貝萊德世界科技基金HedgedA2澳幣
百達-能源轉型-HR南非幣月配息(基金之配息來源可能為本金),,境外,1/4,,,2.84,2.14,11.38,58.88,118.14,81.11,,23.73,0.41,0.7,08/18,百達能源轉型HR南非幣月配息基金之配息來源可能為本金
晉達環球策略基金-環球天然資源基金I累積股份,,境外,1/4,,,7.72,1.17,3.36,58.67,84.67,176.79,,19.45,0.61,0.48,08/18,晉達環球策略基金環球天然資源基金I累積股份
晉達環球策略基金-環球天然資源基金I累積股份(英鎊),,境外,1/4,,,7.7,1.01,3.42,58.63,84.97,176.79,,18.02,0.65,0.46,08/18,晉達環球策略基金環球天然資源基金I累積股份英鎊
聯博-國際科技基金E級別美元,,境外,1/4,,,2.08,3.7,27.51,58.52,159.69,121.83,,27.6,0.45,1.33,08/18,聯博國際科技基金E級別美元
普徠仕(盧森堡)系列基金-普徠仕全球科技股票基金I級別(美元),,境外,1/4,,,7.23,5.23,35.62,58.06,167.94,72.93,,28.3,0.44,1.47,08/18,普徠仕盧森堡系列基金普徠仕全球科技股票基金I級別美元
普徠仕(盧森堡)系列基金-普徠仕全球科技股票基金Q級別(美元),,境外,1/4,,,7.23,5.23,35.59,57.99,167.66,72.65,,28.3,0.44,1.47,08/18,普徠仕盧森堡系列基金普徠仕全球科技股票基金Q級別美元
貝萊德世界能源基金A10美元(總報酬穩定配息)(本基金之配息來源可能為本金),,境外,1/4,,,6.92,7.53,20.35,57.82,55.57,,,23.6,0.51,0.87,08/18,貝萊德世界能源基金A10美元總報酬穩定配息本基金之配息來源可能為本金
貝萊德世界能源基金A2歐元,,境外,1/4,,,6.79,7.38,20.57,57.74,55.39,207.12,,24.54,0.5,0.87,08/18,貝萊德世界能源基金A2歐元
貝萊德世界能源基金A2美元,,境外,1/4,,,6.89,7.53,20.32,57.69,55.57,207.16,,23.55,0.51,0.87,08/18,貝萊德世界能源基金A2美元
新加坡大華全球科技基金-USD,,境外,1/4,,,6.84,4.72,37.72,57.47,157.05,59.31,,27.6,0.44,1.42,08/18,新加坡大華全球科技基金USD
新加坡大華全球科技基金,,境外,1/4,,,6.81,4.58,38.2,57.4,157.21,59.27,,27.97,0.43,1.42,08/18,新加坡大華全球科技基金
富蘭克林坦伯頓全球投資系列天然資源基金美元A(acc),,境外,1/4,,,7.41,1.97,8.28,57.2,61.85,185.96,,16.79,0.68,0.43,08/18,富蘭克林坦伯頓全球投資系列天然資源基金美元Aacc
富蘭克林坦伯頓全球投資系列天然資源基金歐元A(acc),,境外,1/4,,,7.44,1.97,8.31,57.18,61.94,186.01,,15.42,0.76,0.42,08/18,富蘭克林坦伯頓全球投資系列天然資源基金歐元Aacc
晉達環球策略基金-環球天然資源基金A累積股份,,境外,1/4,,,7.64,0.92,2.86,57.17,79.52,164.3,,19.44,0.6,0.48,08/18,晉達環球策略基金環球天然資源基金A累積股份
百達-能源轉型-HR澳幣,,境外,1/4,,,2.52,-1.4,12.43,56.83,87.33,57.82,,23.62,0.39,0.7,08/18,百達能源轉型HR澳幣
普徠仕(盧森堡)系列基金-普徠仕全球科技股票基金A級別(美元),,境外,1/4,,,7.16,4.98,34.99,56.56,160.41,64.91,,28.3,0.43,1.47,08/18,普徠仕盧森堡系列基金普徠仕全球科技股票基金A級別美元
貝萊德世界能源基金B2美元,,境外,1/4,,,6.85,7.31,19.86,56.47,,,,23.52,0.5,0.86,08/18,貝萊德世界能源基金B2美元
新加坡大華全球資源基金-USD,,境外,1/4,,,7.86,0.68,2.99,56.4,75.08,154.08,,19.17,0.6,0.46,08/18,新加坡大華全球資源基金USD
新加坡大華全球資源基金,,境外,1/4,,,7.84,0.55,3.35,56.32,75.05,153.65,,17.39,0.65,0.42,08/18,新加坡大華全球資源基金
貝萊德世界能源基金B10美元(總報酬穩定配息)(基金之配息來源可能為本金),,境外,1/4,,,6.82,7.23,19.76,56.27,,,,23.53,0.5,-0.3,08/18,貝萊德世界能源基金B10美元總報酬穩定配息基金之配息來源可能為本金
晉達環球策略基金-環球天然資源基金C收益股份,,境外,1/4,,,7.59,0.72,2.51,56.03,75.52,154.57,,19.46,0.59,0.48,08/18,晉達環球策略基金環球天然資源基金C收益股份
貝萊德世界能源基金C2美元,,境外,1/4,,,6.73,7.16,19.56,55.72,49.77,188.37,,23.5,0.49,0.86,08/18,貝萊德世界能源基金C2美元
富蘭克林坦伯頓全球投資系列天然資源基金美元F(acc),,境外,1/4,,,7.36,1.79,7.75,55.69,57.16,171.65,,16.79,0.67,0.42,08/18,富蘭克林坦伯頓全球投資系列天然資源基金美元Facc
貝萊德世界能源基金Hedged A2港幣,,境外,1/4,,,6.69,6.97,19.01,55.1,49.12,188.02,,23.56,0.49,0.87,08/18,貝萊德世界能源基金HedgedA2港幣
霸菱全球資源基金-A類歐元配息型,,境外,1/4,,,9.25,4.13,10.79,52.33,60.52,109.02,,14.4,0.74,0.26,08/18,霸菱全球資源基金A類歐元配息型
百達-機器人科技-I美元,,境外,1/4,,,11.19,15.36,29.26,52.26,125.43,126.66,,18.03,0.59,0.78,08/18,百達機器人科技I美元
霸菱全球資源基金-A類美元配息型,,境外,1/4,,,9.36,4.39,10.31,52.17,60.68,108.97,,16.51,0.64,0.27,08/18,霸菱全球資源基金A類美元配息型
安聯全球高成長科技基金-IT累積類股(美元),,境外,1/4,,,8.1,6.76,30.07,51.21,142.12,136.17,,19.47,0.54,0.86,08/18,安聯全球高成長科技基金IT累積類股美元
摩根基金-基因治療主題基金A股(美元)(累計),,境外,1/4,,,5.65,19.02,14.94,51.11,34.95,-10.75,,17.83,0.58,0.84,08/18,摩根基金基因治療主題基金A股美元累計
法巴科技創新股票基金RH(美元),,境外,1/4,,,5.6,12.25,34.91,50.64,109.63,,,18.51,0.56,0.96,08/18,法巴科技創新股票基金RH美元
法巴科技創新股票基金/月配RH(美元)(基金之配息來源可能為本金),,境外,1/4,,,5.64,12.3,34.83,50.51,,,,18.48,0.56,0.96,08/18,法巴科技創新股票基金/月配RH美元基金之配息來源可能為本金
施羅德環球基金系列-環球收益股票(南非幣避險)A-月配固定(C)(基金之配息來源可能為本金),,境外,1/4,,,4.51,14.47,11.1,50.29,104.25,96.24,,12.78,0.6,0.72,08/18,施羅德環球基金系列環球收益股票南非幣避險A月配固定C基金之配息來源可能為本金
百達-機器人科技-R歐元,,境外,1/4,,,10.95,14.75,28.53,49.89,114.76,109.24,,18.12,0.57,0.7,08/18,百達機器人科技R歐元
百達-機器人科技-R美元,,境外,1/4,,,11.03,14.9,28.24,49.85,114.89,109.25,,18.01,0.56,0.78,08/18,百達機器人科技R美元
安聯全球高成長科技基金-A配息類股(美元)(基金之配息來源可能為本金),,境外,1/4,,,8.0,6.48,29.42,49.63,134.9,124.52,,19.46,0.52,0.86,08/18,安聯全球高成長科技基金A配息類股美元基金之配息來源可能為本金
聯博-全球價值型基金AD月配南非幣避險級別(基金之配息來源可能為本金),,境外,1/4,,,4.62,11.6,6.25,49.38,117.97,91.96,,12.22,0.61,0.96,08/18,聯博全球價值型基金AD月配南非幣避險級別基金之配息來源可能為本金
施羅德環球基金系列-環球收益股票(南非幣避險)U-月配固定(C)(基金之配息來源可能為本金),,境外,1/4,,,4.42,14.15,10.5,48.75,98.19,86.63,,12.75,0.57,0.72,08/18,施羅德環球基金系列環球收益股票南非幣避險U月配固定C基金之配息來源可能為本金
百達-機器人科技-B美元,,境外,1/4,,,10.93,14.61,27.61,48.36,,,,17.99,0.55,0.78,08/18,百達機器人科技B美元
百達-能源轉型-I美元,,境外,1/4,,,1.23,0.49,13.33,48.07,88.01,96.51,,23.72,0.43,0.7,08/18,百達能源轉型I美元
施羅德環球基金系列-環球收益股票(澳幣避險)A-月配固定(C)(基金之配息來源可能為本金),,境外,1/4,,,4.27,10.55,12.12,48.05,75.6,72.97,,12.68,0.55,0.71,08/18,施羅德環球基金系列環球收益股票澳幣避險A月配固定C基金之配息來源可能為本金
駿利亨德森資產管理基金-駿利亨德森環球生命科技基金I2美元,,境外,1/4,,,3.13,17.94,12.4,47.98,50.22,71.23,,16.51,0.59,1.14,08/18,駿利亨德森資產管理基金駿利亨德森環球生命科技基金I2美元
貝萊德世界科技基金A2英鎊,,境外,1/4,,,5.37,2.25,32.39,47.86,141.55,101.77,,29.44,0.35,1.48,08/18,貝萊德世界科技基金A2英鎊
瑞萬通博基金-淨零轉型基金C(美元)(本基金非屬環境、社會及治理相關主題基金),,境外,1/4,,,9.2,-2.33,1.94,47.85,72.93,53.05,,23.43,0.43,0.13,08/17,瑞萬通博基金淨零轉型基金C美元本基金非屬環境、社會及治理相關主題基金
安聯智慧城市收益基金-IT累積類股(美元)(本基金有相當比重投資於非投資等級之高風險債券),,境外,1/4,,,4.44,4.91,19.36,47.74,,,,15.35,0.63,1.29,08/18,安聯智慧城市收益基金IT累積類股美元本基金有相當比重投資於非投資等級之高風險債券
貝萊德世界科技基金A10美元(總報酬穩定配息)(本基金之配息來源可能為本金),,境外,1/4,,,5.5,2.72,32.16,47.68,141.43,,,28.54,0.36,1.5,08/18,貝萊德世界科技基金A10美元總報酬穩定配息本基金之配息來源可能為本金
貝萊德世界科技基金A2歐元,,境外,1/4,,,5.41,2.55,32.39,47.66,141.38,101.72,,28.59,0.37,1.41,08/18,貝萊德世界科技基金A2歐元
貝萊德世界科技基金A2美元,,境外,1/4,,,5.49,2.68,32.09,47.61,141.51,101.71,,28.54,0.36,1.49,08/18,貝萊德世界科技基金A2美元
安聯AI人工智慧基金-IT累積類股(美元),,境外,1/4,,,4.56,1.93,21.23,47.47,98.59,64.55,,18.12,0.53,0.93,08/18,安聯AI人工智慧基金IT累積類股美元
聯博-全球價值型基金AD月配澳幣避險級別(基金之配息來源可能為本金),,境外,1/4,,,4.22,7.75,7.48,47.46,87.83,67.54,,12.01,0.57,0.95,08/18,聯博全球價值型基金AD月配澳幣避險級別基金之配息來源可能為本金
瑞萬通博基金-淨零轉型基金C(歐元)(本基金非屬環境、社會及治理相關主題基金),,境外,1/4,,,9.12,-2.34,1.55,47.18,73.04,52.99,,21.0,0.48,0.17,08/17,瑞萬通博基金淨零轉型基金C歐元本基金非屬環境、社會及治理相關主題基金
駿利亨德森資產管理基金-駿利亨德森環球生命科技基金A2美元,,境外,1/4,,,3.06,17.69,11.95,46.77,46.57,64.34,,16.5,0.57,1.14,08/18,駿利亨德森資產管理基金駿利亨德森環球生命科技基金A2美元
安聯智慧城市收益基金-AMf2固定月配類股(美元)(本基金有相當比重投資於非投資等級之高風險債券且配息來源可能為本金),,境外,1/4,,,4.37,4.72,18.92,46.61,88.58,,,15.34,0.61,1.29,08/18,安聯智慧城市收益基金AMf2固定月配類股美元本基金有相當比重投資於非投資等級之高風險債券且配息來源可能為本金
安聯智慧城市收益基金-AMg穩定月收總收益類股(美元)(本基金有相當比重投資於非投資等級之高風險債券且配息來源可能為本金),,境外,1/4,,,4.37,4.72,18.91,46.6,88.57,78.7,,15.34,0.61,1.29,08/18,安聯智慧城市收益基金AMg穩定月收總收益類股美元本基金有相當比重投資於非投資等級之高風險債券且配息來源可能為本金
安聯智慧城市收益基金-AT累積類股(美元)(本基金有相當比重投資於非投資等級之高風險債券),,境外,1/4,,,4.37,4.7,18.89,46.56,88.46,78.64,,15.33,0.61,1.29,08/18,安聯智慧城市收益基金AT累積類股美元本基金有相當比重投資於非投資等級之高風險債券
安聯網路資安趨勢基金-IT累積類股(美元),,境外,1/4,,,7.02,29.88,57.73,46.54,137.94,97.5,,25.92,0.38,0.1,08/18,安聯網路資安趨勢基金IT累積類股美元
施羅德環球基金系列-環球收益股票(澳幣避險)U-月配固定(C)(基金之配息來源可能為本金),,境外,1/4,,,4.17,10.26,11.56,46.53,70.4,64.53,,12.65,0.53,0.71,08/18,施羅德環球基金系列環球收益股票澳幣避險U月配固定C基金之配息來源可能為本金
法巴科技創新股票基金C(美元),,境外,1/4,,,6.73,11.32,30.75,46.4,112.4,126.87,,18.9,0.5,1.03,08/18,法巴科技創新股票基金C美元
法巴科技創新股票基金C(歐元),,境外,1/4,,,6.68,11.08,31.09,46.27,112.31,126.73,,18.33,0.53,0.94,08/18,法巴科技創新股票基金C歐元
貝萊德世界科技基金B10美元(總報酬穩定配息)(基金之配息來源可能為本金),,境外,1/4,,,5.42,2.5,31.6,46.26,,,,28.54,0.35,1.07,08/18,貝萊德世界科技基金B10美元總報酬穩定配息基金之配息來源可能為本金
貝萊德智慧數據環球小型企業基金Hedged A2澳幣(本基金非屬環境、社會及治理相關主題基金),,境外,1/4,,,4.94,6.73,12.62,46.23,83.07,63.39,,14.91,0.45,1.35,08/18,貝萊德智慧數據環球小型企業基金HedgedA2澳幣本基金非屬環境、社會及治理相關主題基金
貝萊德世界科技基金B2美元,,境外,1/4,,,5.35,2.37,31.38,46.09,,,,28.51,0.35,1.49,08/18,貝萊德世界科技基金B2美元
安聯AI人工智慧基金-AMf2固定月配類股(美元)(基金之配息來源可能為本金),,境外,1/4,,,4.47,1.68,20.65,45.99,,,,18.1,0.52,0.93,08/18,安聯AI人工智慧基金AMf2固定月配類股美元基金之配息來源可能為本金
安聯AI人工智慧基金-AT累積類股(美元),,境外,1/4,,,4.47,1.67,20.63,45.99,92.67,56.47,,18.1,0.52,0.93,08/18,安聯AI人工智慧基金AT累積類股美元
百達-能源轉型-R歐元,,境外,1/4,,,1.01,-0.04,12.69,45.75,79.09,81.38,,22.51,0.44,0.61,08/18,百達能源轉型R歐元
安聯智慧城市收益基金-BMf2固定月配類股(美元)(本基金有相當比重投資於非投資等級之高風險債券且配息來源可能為本金),,境外,1/4,,,4.31,4.56,18.56,45.73,85.22,,,15.33,0.6,1.29,08/18,安聯智慧城市收益基金BMf2固定月配類股美元本基金有相當比重投資於非投資等級之高風險債券且配息來源可能為本金
百達-能源轉型-R美元,,境外,1/4,,,1.09,0.08,12.43,45.72,79.2,81.41,,23.69,0.41,0.7,08/18,百達能源轉型R美元
駿利亨德森資產管理基金-駿利亨德森環球生命科技基金T2美元,,境外,1/4,,,2.97,17.44,11.45,45.38,42.53,,,16.44,0.56,1.13,08/18,駿利亨德森資產管理基金駿利亨德森環球生命科技基金T2美元
普徠仕(盧森堡)系列基金-普徠仕全球價值股票基金A級別(美元),,境外,1/4,,,4.29,5.95,10.75,45.31,86.44,106.34,,13.87,0.65,1.23,08/18,普徠仕盧森堡系列基金普徠仕全球價值股票基金A級別美元
駿利亨德森資產管理基金-駿利亨德森環球生命科技基金B2美元,,境外,1/4,,,2.97,17.4,11.39,45.3,42.22,56.33,,16.5,0.55,1.14,08/18,駿利亨德森資產管理基金駿利亨德森環球生命科技基金B2美元
安聯智慧城市收益基金-BMf9固定月配類股(美元)(本基金有相當比重投資於非投資等級之高風險債券且配息來源可能為本金),,境外,1/4,,,4.27,4.45,18.32,45.15,,,,15.32,0.59,1.29,08/18,安聯智慧城市收益基金BMf9固定月配類股美元本基金有相當比重投資於非投資等級之高風險債券且配息來源可能為本金
安聯AI人工智慧基金-BT累積類股(美元),,境外,1/4,,,4.41,1.52,20.27,45.11,89.19,51.8,,18.09,0.51,0.93,08/18,安聯AI人工智慧基金BT累積類股美元
安聯網路資安趨勢基金-AMf2固定月配類股(美元)(基金之配息來源可能為本金),,境外,1/4,,,6.92,29.55,56.96,45.08,,,,25.9,0.37,0.09,08/18,安聯網路資安趨勢基金AMf2固定月配類股美元基金之配息來源可能為本金
安聯網路資安趨勢基金-AT累積類股(美元),,境外,1/4,,,6.93,29.54,56.94,45.06,130.82,87.76,,25.9,0.37,0.1,08/18,安聯網路資安趨勢基金AT累積類股美元
法巴科技創新股票基金B(美元),,境外,1/4,,,6.64,11.04,30.1,44.95,106.16,115.79,,18.89,0.49,1.03,08/18,法巴科技創新股票基金B美元
安聯AI人工智慧基金-BMf9固定月配類股(美元)(基金之配息來源可能為本金),,境外,1/4,,,4.38,1.43,20.04,44.61,,,,18.08,0.5,0.93,08/18,安聯AI人工智慧基金BMf9固定月配類股美元基金之配息來源可能為本金
安聯AI人工智慧基金-BT9累積類股(美元),,境外,1/4,,,4.38,1.42,20.03,44.56,,,,18.08,0.5,0.93,08/18,安聯AI人工智慧基金BT9累積類股美元
施羅德環球基金系列-環球股息基金(澳幣避險)A-月配固定(C)(基金之配息來源可能為本金且並無保證收益及配息),,境外,1/4,,,3.96,10.09,11.66,44.3,68.26,65.26,,12.48,0.5,0.79,08/18,施羅德環球基金系列環球股息基金澳幣避險A月配固定C基金之配息來源可能為本金且並無保證收益及配息
百達-能源轉型-B美元,,境外,1/4,,,0.99,-0.17,11.88,44.26,,,,23.66,0.39,0.7,08/18,百達能源轉型B美元
瀚亞投資-全球價值股票基金Azdmc1(南非幣避險穩定月配)(本基金配息來源可能為本金),,境外,1/4,,,4.75,11.14,8.88,44.23,122.74,96.37,,10.22,0.62,0.83,08/18,瀚亞投資全球價值股票基金Azdmc1南非幣避險穩定月配本基金配息來源可能為本金
駿利亨德森遠見基金-全球科技領先基金I2美元,,境外,1/4,,,3.28,4.57,27.07,44.17,145.42,149.05,,19.65,0.46,1.04,08/18,駿利亨德森遠見基金全球科技領先基金I2美元
安聯全球生物科技基金-A配息類股(歐元),,境外,1/4,,,3.56,16.35,13.11,44.17,51.57,33.3,,14.56,0.62,0.62,08/18,安聯全球生物科技基金A配息類股歐元
瀚亞投資-全球價值股票基金Az(南非幣避險),,境外,1/4,,,4.76,11.15,8.83,44.06,122.4,96.11,,10.23,0.62,0.83,08/18,瀚亞投資全球價值股票基金Az南非幣避險
施羅德環球基金系列-環球收益成長(南非幣避險)A-月配固定(C)(基金有相當比重投資於非投資等級之高風險債券且基金之配息來源可能為本金),,境外,1/4,,,4.53,8.85,9.29,43.95,102.11,70.81,,8.89,0.7,0.79,08/18,施羅德環球基金系列環球收益成長南非幣避險A月配固定C基金有相當比重投資於非投資等級之高風險債券且基金之配息來源可能為本金
富蘭克林坦伯頓全球投資系列全球氣候變遷基金美元避險A(acc)-H1,,境外,1/4,,,0.98,6.41,11.43,43.79,52.42,81.77,,11.88,0.73,0.94,08/18,富蘭克林坦伯頓全球投資系列全球氣候變遷基金美元避險AaccH1
駿利亨德森資產管理基金-駿利亨德森環球生命科技基金I2歐元避險,,境外,1/4,,,4.23,16.58,9.3,43.68,50.6,51.58,,16.5,0.55,1.14,08/18,駿利亨德森資產管理基金駿利亨德森環球生命科技基金I2歐元避險
安聯網路資安趨勢基金-BMf9固定月配類股(美元)(基金之配息來源可能為本金),,境外,1/4,,,6.82,29.24,56.2,43.66,,,,25.89,0.36,0.09,08/18,安聯網路資安趨勢基金BMf9固定月配類股美元基金之配息來源可能為本金
普徠仕(盧森堡)系列基金-普徠仕全球天然資源股票基金Q級別(美元),,境外,1/4,,,6.12,1.05,5.92,43.3,50.3,100.22,,15.34,0.57,0.37,08/18,普徠仕盧森堡系列基金普徠仕全球天然資源股票基金Q級別美元
普徠仕(盧森堡)系列基金-普徠仕全球天然資源股票基金I級別(美元),,境外,1/4,,,6.09,1.06,5.9,43.29,50.51,100.82,,15.34,0.57,0.37,08/18,普徠仕盧森堡系列基金普徠仕全球天然資源股票基金I級別美元
駿利亨德森資產管理基金-駿利亨德森環球科技創新基金I2美元,,境外,1/4,,,3.88,8.53,30.79,42.95,139.67,133.66,,25.73,0.36,1.19,08/18,駿利亨德森資產管理基金駿利亨德森環球科技創新基金I2美元
駿利亨德森遠見基金-全球科技領先基金A2美元,,境外,1/4,,,3.2,4.35,26.53,42.94,139.07,138.45,,19.64,0.45,1.04,08/18,駿利亨德森遠見基金全球科技領先基金A2美元
駿利亨德森資產管理基金-駿利亨德森環球生命科技基金A2歐元避險,,境外,1/4,,,4.16,16.33,8.86,42.54,46.96,45.44,,16.49,0.53,1.14,08/18,駿利亨德森資產管理基金駿利亨德森環球生命科技基金A2歐元避險
施羅德環球基金系列-環球收益成長(南非幣避險)U-月配固定(C)(基金有相當比重投資於非投資等級之高風險債券且基金之配息來源可能為本金),,境外,1/4,,,4.44,8.57,8.73,42.49,96.03,62.35,,8.88,0.67,0.79,08/18,施羅德環球基金系列環球收益成長南非幣避險U月配固定C基金有相當比重投資於非投資等級之高風險債券且基金之配息來源可能為本金
富蘭克林坦伯頓全球投資系列全球氣候變遷基金美元避險F(acc)-H1,,境外,1/4,,,0.86,6.07,10.87,42.34,48.26,,,11.85,0.71,0.94,08/18,富蘭克林坦伯頓全球投資系列全球氣候變遷基金美元避險FaccH1
瀚亞投資-全球科技股票基金Admc3(美元穩定月配)(本基金配息來源可能為本金),,境外,1/4,,,3.31,4.02,26.14,42.27,,,,19.9,0.44,1.06,08/18,瀚亞投資全球科技股票基金Admc3美元穩定月配本基金配息來源可能為本金
瀚亞投資-全球科技股票基金A(美元),,境外,1/4,,,3.3,4.03,26.09,42.21,136.58,134.88,,19.87,0.44,1.06,08/18,瀚亞投資全球科技股票基金A美元
普徠仕(盧森堡)系列基金-普徠仕全球天然資源股票基金A級別(美元),,境外,1/4,,,5.95,0.78,5.41,41.91,46.33,91.66,,15.31,0.55,0.37,08/18,普徠仕盧森堡系列基金普徠仕全球天然資源股票基金A級別美元
資本集團新經濟基金(盧森堡)Z(美元),,境外,1/4,,,2.59,4.35,16.39,41.81,108.17,98.7,,17.39,0.49,1.38,08/18,資本集團新經濟基金盧森堡Z美元
資本集團新經濟基金(盧森堡)Z(歐元),,境外,1/4,,,2.61,4.28,16.4,41.78,108.16,98.66,,17.22,0.5,1.03,08/18,資本集團新經濟基金盧森堡Z歐元
駿利亨德森資產管理基金-駿利亨德森環球科技創新基金A2美元,,境外,1/4,,,3.81,8.33,30.29,41.76,133.83,124.24,,25.71,0.35,1.19,08/18,駿利亨德森資產管理基金駿利亨德森環球科技創新基金A2美元
施羅德環球基金系列-環球收益成長(澳幣避險)A-月配固定(C)2(基金有相當比重投資於非投資等級之高風險債券且基金之配息來源可能為本金),,境外,1/4,,,4.2,4.99,10.16,41.66,73.91,49.76,,8.8,0.63,0.78,08/18,施羅德環球基金系列環球收益成長澳幣避險A月配固定C2基金有相當比重投資於非投資等級之高風險債券且基金之配息來源可能為本金
瀚亞投資-全球價值股票基金Aadmc1(澳幣避險穩定月配)(本基金配息來源可能為本金),,境外,1/4,,,4.43,7.22,9.74,41.65,90.33,72.21,,10.1,0.56,0.82,08/18,瀚亞投資全球價值股票基金Aadmc1澳幣避險穩定月配本基金配息來源可能為本金
瑞銀(盧森堡)全球收益股票基金(美元),,境外,1/4,,,2.57,14.31,19.4,41.65,69.89,94.63,,8.3,0.98,0.59,08/17,瑞銀盧森堡全球收益股票基金美元
資本集團新經濟基金(盧森堡)BL(澳幣),,境外,1/4,,,2.58,4.15,16.12,40.98,104.43,92.79,,18.63,0.31,1.17,08/18,資本集團新經濟基金盧森堡BL澳幣
資本集團新經濟基金(盧森堡)BL(美元),,境外,1/4,,,2.53,4.19,16.02,40.96,104.4,92.77,,17.38,0.48,1.38,08/18,資本集團新經濟基金盧森堡BL美元
安聯AI收益成長基金-IT累積類股(美元)(本基金有相當比重投資於非投資等級之高風險債券),,境外,1/4,,,2.1,3.85,16.54,40.95,,,,16.59,0.5,1.39,08/18,安聯AI收益成長基金IT累積類股美元本基金有相當比重投資於非投資等級之高風險債券
瀚亞投資-全球科技股票基金T3(美元後收),,境外,1/4,,,3.21,3.76,25.47,40.79,129.53,,,19.86,0.42,0.71,08/18,瀚亞投資全球科技股票基金T3美元後收
資本集團新經濟基金(盧森堡)B(澳幣),,境外,1/4,,,2.56,4.11,16.05,40.77,103.57,91.36,,18.63,0.31,1.17,08/18,資本集團新經濟基金盧森堡B澳幣
資本集團新經濟基金(盧森堡)B(歐元),,境外,1/4,,,2.54,4.09,15.92,40.77,103.45,91.33,,17.22,0.49,1.03,08/18,資本集團新經濟基金盧森堡B歐元
資本集團新經濟基金(盧森堡)B(美元),,境外,1/4,,,2.52,4.15,15.96,40.76,103.52,91.29,,17.37,0.48,1.38,08/18,資本集團新經濟基金盧森堡B美元
瑞銀(盧森堡)全球收益股票基金(美元)(月配息)(本基金之配息來源可能為本金),,境外,1/4,,,1.91,13.59,18.64,40.74,68.85,93.46,,8.19,0.97,0.56,08/17,瑞銀盧森堡全球收益股票基金美元月配息本基金之配息來源可能為本金
匯豐環球投資基金-環球股票專注波幅AM3OAUD(本基金配息來源可能為本金),,境外,1/4,,,3.38,3.91,11.16,40.65,82.51,70.47,,7.75,0.69,0.71,08/18,匯豐環球投資基金環球股票專注波幅AM3OAUD本基金配息來源可能為本金
PIMCO收益增長基金(澳幣避險)-M級類別(月收息強化股份)(本基金之配息來源可能為本金),,境外,1/4,,,2.61,4.74,9.73,40.52,,,,6.79,0.78,0.63,08/18,PIMCO收益增長基金澳幣避險M級類別月收息強化股份本基金之配息來源可能為本金
駿利亨德森資產管理基金-駿利亨德森環球科技創新基金T2美元,,境外,1/4,,,3.74,8.07,29.65,40.39,126.92,,,25.71,0.34,1.19,08/18,駿利亨德森資產管理基金駿利亨德森環球科技創新基金T2美元
安聯全球小型股票基金-IT累積類股(美元),,境外,1/4,,,5.61,9.96,15.74,40.38,68.32,63.69,,13.14,0.61,1.11,08/18,安聯全球小型股票基金IT累積類股美元
駿利亨德森資產管理基金-駿利亨德森環球科技創新基金B2美元,,境外,1/4,,,3.71,8.03,29.61,40.34,126.98,113.35,,25.67,0.34,1.19,08/18,駿利亨德森資產管理基金駿利亨德森環球科技創新基金B2美元
施羅德環球基金系列-環球計量精選價值(美元)C-累積,,境外,1/4,,,2.84,9.5,11.38,40.31,89.79,110.7,,11.62,0.68,0.97,08/18,施羅德環球基金系列環球計量精選價值美元C累積
施羅德環球基金系列-環球收益成長(澳幣避險)U-月配固定(C)(基金有相當比重投資於非投資等級之高風險債券且基金之配息來源可能為本金),,境外,1/4,,,4.1,4.71,9.58,40.13,68.49,42.12,,8.79,0.6,0.78,08/18,施羅德環球基金系列環球收益成長澳幣避險U月配固定C基金有相當比重投資於非投資等級之高風險債券且基金之配息來源可能為本金
貝萊德全球股票收益基金A8多幣別穩定月配息股份-南非幣避險(基金之配息來源可能為本金),,境外,1/4,,,5.75,9.32,8.93,39.97,87.63,66.54,,11.51,0.48,1.08,08/18,貝萊德全球股票收益基金A8多幣別穩定月配息股份南非幣避險基金之配息來源可能為本金
聯博-國際醫療基金AD月配澳幣避險級別(基金之配息來源可能為本金),,境外,1/4,,,6.11,13.13,6.56,39.94,29.53,23.0,,13.23,0.4,0.96,08/18,聯博國際醫療基金AD月配澳幣避險級別基金之配息來源可能為本金
安聯AI收益成長基金-AMf2固定月配類股(美元)(本基金有相當比重投資於非投資等級之高風險債券且配息來源可能為本金),,境外,1/4,,,2.04,3.66,16.11,39.93,,,,16.58,0.48,1.39,08/18,安聯AI收益成長基金AMf2固定月配類股美元本基金有相當比重投資於非投資等級之高風險債券且配息來源可能為本金
安聯AI收益成長基金-AMg穩定月收總收益類股(美元)(本基金有相當比重投資於非投資等級之高風險債券且配息來源可能為本金),,境外,1/4,,,2.04,3.66,16.1,39.92,,,,16.58,0.48,1.39,08/18,安聯AI收益成長基金AMg穩定月收總收益類股美元本基金有相當比重投資於非投資等級之高風險債券且配息來源可能為本金
安聯AI收益成長基金-AM穩定月收類股(美元)(本基金有相當比重投資於非投資等級之高風險債券且配息來源可能為本金),,境外,1/4,,,2.04,3.65,16.1,39.9,90.92,104.77,,16.58,0.48,1.39,08/18,安聯AI收益成長基金AM穩定月收類股美元本基金有相當比重投資於非投資等級之高風險債券且配息來源可能為本金
安聯AI收益成長基金-AT累積類股(美元)(本基金有相當比重投資於非投資等級之高風險債券),,境外,1/4,,,2.03,3.64,16.07,39.85,,,,16.57,0.48,1.39,08/18,安聯AI收益成長基金AT累積類股美元本基金有相當比重投資於非投資等級之高風險債券
富蘭克林坦伯頓全球投資系列全球氣候變遷基金歐元A(acc),,境外,1/4,,,2.04,5.17,8.44,39.79,54.41,61.97,,11.84,0.68,0.93,08/18,富蘭克林坦伯頓全球投資系列全球氣候變遷基金歐元Aacc
富蘭克林坦伯頓全球投資系列全球氣候變遷基金歐元A(Ydis),,境外,1/4,,,2.04,5.17,8.42,39.76,54.42,61.94,,11.85,0.68,0.93,08/18,富蘭克林坦伯頓全球投資系列全球氣候變遷基金歐元AYdis
安聯智慧新能源基金-IT累積類股(美元),,境外,1/4,,,3.0,-0.74,4.61,39.57,42.67,31.49,,17.38,0.46,1.27,08/18,安聯智慧新能源基金IT累積類股美元
安本基金-環球動力股息基金A月中總配息澳幣避險(基金之配息來源可能為本金且無保證收益及配息),,境外,1/4,,,2.88,3.64,8.51,39.52,62.59,,,7.39,0.69,0.64,08/18,安本基金環球動力股息基金A月中總配息澳幣避險基金之配息來源可能為本金且無保證收益及配息
施羅德環球基金系列-環球計量精選價值(歐元)A-累積,,境外,1/4,,,2.67,9.21,11.34,39.36,85.3,103.01,,8.92,0.89,0.29,08/18,施羅德環球基金系列環球計量精選價值歐元A累積
施羅德環球基金系列-環球計量精選價值(美元)A-年配浮動(基金之配息來源可能為本金),,境外,1/4,,,2.78,9.3,10.97,39.29,85.49,102.81,,11.61,0.66,0.27,08/18,施羅德環球基金系列環球計量精選價值美元A年配浮動基金之配息來源可能為本金
施羅德環球基金系列-環球計量精選價值(美元)A-累積,,境外,1/4,,,2.78,9.3,10.97,39.28,85.59,102.92,,11.61,0.66,0.27,08/18,施羅德環球基金系列環球計量精選價值美元A累積
安聯全球小型股票基金-AT累積類股(美元),,境外,1/4,,,5.52,9.68,15.16,38.96,63.29,55.62,,13.13,0.59,1.11,08/18,安聯全球小型股票基金AT累積類股美元
聯博-國際醫療基金ED月配澳幣避險級別(基金之配息來源可能為本金),,境外,1/4,,,6.05,12.86,6.04,38.63,25.77,17.05,,13.2,0.38,0.96,08/18,聯博國際醫療基金ED月配澳幣避險級別基金之配息來源可能為本金
安聯AI收益成長基金-BMf9固定月配類股(美元)(本基金有相當比重投資於非投資等級之高風險債券且配息來源可能為本金),,境外,1/4,,,1.95,3.4,15.53,38.57,,,,16.57,0.47,1.39,08/18,安聯AI收益成長基金BMf9固定月配類股美元本基金有相當比重投資於非投資等級之高風險債券且配息來源可能為本金
安聯AI收益成長基金-BMg9月收總收益類股(美元)(本基金有相當比重投資於非投資等級之高風險債券且配息來源可能為本金),,境外,1/4,,,1.95,3.4,15.52,38.55,,,,16.56,0.47,1.39,08/18,安聯AI收益成長基金BMg9月收總收益類股美元本基金有相當比重投資於非投資等級之高風險債券且配息來源可能為本金
駿利亨德森資產管理基金-駿利亨德森環球科技創新基金I2歐元避險,,境外,1/4,,,4.97,7.18,26.96,38.49,140.45,104.6,,25.61,0.33,1.19,08/18,駿利亨德森資產管理基金駿利亨德森環球科技創新基金I2歐元避險
貝萊德ESG社會責任多元資產基金Hedged A2南非幣,,境外,1/4,,,3.07,7.11,8.3,38.49,76.89,57.75,,6.54,0.77,0.58,08/18,貝萊德ESG社會責任多元資產基金HedgedA2南非幣
普徠仕(盧森堡)系列基金-普徠仕全球焦點成長股票基金I級別(美元),,境外,1/4,,,4.46,4.64,15.66,38.37,88.92,76.54,,16.47,0.47,1.48,08/18,普徠仕盧森堡系列基金普徠仕全球焦點成長股票基金I級別美元
施羅德環球基金系列-環球計量精選價值(歐元)A1-累積,,境外,1/4,,,2.6,9.0,10.92,38.31,81.16,95.54,,8.91,0.86,0.62,08/18,施羅德環球基金系列環球計量精選價值歐元A1累積
安聯智慧新能源基金-AT累積類股(美元),,境外,1/4,,,2.91,-0.96,4.14,38.3,38.96,25.81,,17.36,0.45,1.27,08/18,安聯智慧新能源基金AT累積類股美元
普徠仕(盧森堡)系列基金-普徠仕全球焦點成長股票基金Q級別(美元),,境外,1/4,,,4.46,4.62,15.65,38.3,88.48,75.93,,16.47,0.47,1.48,08/18,普徠仕盧森堡系列基金普徠仕全球焦點成長股票基金Q級別美元
施羅德環球基金系列-環球計量精選價值(美元)A1-累積,,境外,1/4,,,2.71,9.09,10.56,38.24,81.46,95.45,,11.6,0.65,0.97,08/18,施羅德環球基金系列環球計量精選價值美元A1累積
富蘭克林坦伯頓全球投資系列科技基金美元A穩定月配股(本基金之配息來源可能為本金),,境外,1/4,,,2.84,6.84,27.47,38.21,,,,24.3,0.33,1.18,08/18,富蘭克林坦伯頓全球投資系列科技基金美元A穩定月配股本基金之配息來源可能為本金
富蘭克林坦伯頓全球投資系列科技基金美元A(acc)(本基金之配息來源可能為本金),,境外,1/4,,,2.81,6.83,27.4,38.17,115.8,92.6,,24.26,0.33,1.18,08/18,富蘭克林坦伯頓全球投資系列科技基金美元Aacc本基金之配息來源可能為本金
景順AI趨勢基金C股美元,,境外,1/4,,,3.54,-1.07,18.68,37.85,119.72,,,25.04,0.32,1.12,08/18,景順AI趨勢基金C股美元
貝萊德全球股票收益基金A8多幣別穩定月配息股份-澳幣避險(基金之配息來源可能為本金),,境外,1/4,,,5.36,5.44,9.91,37.83,61.13,46.34,,11.33,0.43,1.06,08/18,貝萊德全球股票收益基金A8多幣別穩定月配息股份澳幣避險基金之配息來源可能為本金
瑞銀(盧森堡)數位轉型股票基金(美元),,境外,1/4,,,6.06,10.24,31.06,37.75,110.75,,,17.9,0.43,1.44,08/17,瑞銀盧森堡數位轉型股票基金美元
資本集團新經濟基金(盧森堡)Bh(歐元),,境外,1/4,,,3.37,3.12,13.33,37.61,105.0,71.89,,17.16,0.46,1.3,08/18,資本集團新經濟基金盧森堡Bh歐元
駿利亨德森資產管理基金-駿利亨德森環球科技創新基金A2歐元避險,,境外,1/4,,,4.9,6.95,26.45,37.38,134.59,96.4,,25.56,0.32,1.19,08/18,駿利亨德森資產管理基金駿利亨德森環球科技創新基金A2歐元避險
高盛基金III - 高盛邊境市場債券基金X股對沖級別南非幣(月配息)(本基金主要係投資於非投資等級之高風險債券且配息來源可能為本金),,境外,1/4,,,0.54,5.89,3.5,37.33,95.14,56.66,,6.48,0.74,1.44,08/18,高盛基金III高盛邊境市場債券基金X股對沖級別南非幣月配息本基金主要係投資於非投資等級之高風險債券且配息來源可能為本金
貝萊德永續能源基金A2歐元(本基金非屬環境、社會及治理相關主題基金),,境外,1/4,,,0.98,-1.68,4.58,37.15,50.89,54.21,,15.98,0.48,0.71,08/18,貝萊德永續能源基金A2歐元本基金非屬環境、社會及治理相關主題基金
普徠仕(盧森堡)系列基金-普徠仕全球焦點成長股票基金A級別(美元),,境外,1/4,,,4.37,4.42,15.15,37.15,83.92,68.77,,16.45,0.45,1.48,08/18,普徠仕盧森堡系列基金普徠仕全球焦點成長股票基金A級別美元
貝萊德永續能源基金A10美元(總報酬穩定配息)(基金之配息來源可能為本金且本基金非屬環境、社會及治理相關主題基金),,境外,1/4,,,1.0,-1.56,4.35,37.1,50.89,,,17.77,0.42,0.8,08/18,貝萊德永續能源基金A10美元總報酬穩定配息基金之配息來源可能為本金且本基金非屬環境、社會及治理相關主題基金
貝萊德永續能源基金A2美元(本基金非屬環境、社會及治理相關主題基金),,境外,1/4,,,1.02,-1.58,4.28,37.06,50.98,54.19,,17.87,0.42,0.81,08/18,貝萊德永續能源基金A2美元本基金非屬環境、社會及治理相關主題基金
景順AI趨勢基金A股美元,,境外,1/4,,,3.48,-1.24,18.32,37.03,115.58,,,25.03,0.32,1.12,08/18,景順AI趨勢基金A股美元
聯博-全球價值型基金S1級別美元(基金之配息來源可能為本金),,境外,1/4,,,2.76,9.07,7.02,36.96,81.01,94.69,,12.12,0.6,0.95,08/18,聯博全球價值型基金S1級別美元基金之配息來源可能為本金
貝萊德世界健康科學基金Hedged A2澳幣,,境外,1/4,,,3.45,12.56,5.64,36.88,33.44,24.99,,12.93,0.36,0.94,08/18,貝萊德世界健康科學基金HedgedA2澳幣
富蘭克林坦伯頓全球投資系列科技基金美元F(Acc)(本基金之配息來源可能為本金),,境外,1/4,,,2.72,6.58,26.75,36.76,109.42,83.24,,24.22,0.32,1.18,08/18,富蘭克林坦伯頓全球投資系列科技基金美元FAcc本基金之配息來源可能為本金
聯博-全球價值型基金I級別美元(基金之配息來源可能為本金),,境外,1/4,,,2.76,9.01,6.96,36.74,80.03,92.98,,12.09,0.59,0.95,08/18,聯博全球價值型基金I級別美元基金之配息來源可能為本金
安盛投資管理股票基金-安盛投資管理環球小型企業股票QI基金B,,境外,1/4,,,5.18,13.39,15.85,36.69,75.81,88.25,,14.33,0.51,1.34,08/17,安盛投資管理股票基金安盛投資管理環球小型企業股票QI基金B
富達基金-全球工業基金(Y股累計美元),,境外,1/4,,,3.29,6.06,7.09,36.51,71.38,,,13.64,0.53,0.94,08/18,富達基金全球工業基金Y股累計美元
富達基金-全球工業基金(Y股累計歐元),,境外,1/4,,,3.28,5.93,7.32,36.49,72.21,135.36,,10.44,0.7,0.61,08/18,富達基金全球工業基金Y股累計歐元
貝萊德ESG社會責任多元資產基金Hedged A2澳幣,,境外,1/4,,,2.69,3.33,9.12,36.27,51.85,38.19,,6.45,0.68,0.57,08/18,貝萊德ESG社會責任多元資產基金HedgedA2澳幣
百達-環境機會-HR南非幣月配息(基金之配息來源可能為本金),,境外,1/4,,,1.92,8.64,10.34,36.26,65.39,48.86,,14.73,0.33,0.97,08/18,百達環境機會HR南非幣月配息基金之配息來源可能為本金
施羅德環球基金系列-環球收益股票(歐元)A-累積,,境外,1/4,,,2.57,11.64,11.69,36.26,64.1,90.11,,8.36,0.86,0.36,08/18,施羅德環球基金系列環球收益股票歐元A累積
百達-保安-I美元,,境外,1/4,,,3.27,16.98,33.39,36.25,78.81,53.85,,17.95,0.41,1.08,08/18,百達保安I美元
施羅德環球基金系列-環球收益股票(美元)A-月配固定(基金之配息來源可能為本金),,境外,1/4,,,2.67,11.73,11.32,36.18,64.34,89.95,,12.66,0.56,0.71,08/18,施羅德環球基金系列環球收益股票美元A月配固定基金之配息來源可能為本金
施羅德環球基金系列-環球收益股票(美元)A-累積,,境外,1/4,,,2.67,11.73,11.32,36.18,64.37,90.01,,12.66,0.56,0.71,08/18,施羅德環球基金系列環球收益股票美元A累積
貝萊德全球智慧數據股票入息基金A8多幣別穩定月配息股份-南非幣避險(基金之配息來源可能為本金且並無保證收益及配息),,境外,1/4,,,4.38,7.93,11.24,36.0,100.52,79.77,,6.33,0.71,0.43,08/18,貝萊德全球智慧數據股票入息基金A8多幣別穩定月配息股份南非幣避險基金之配息來源可能為本金且並無保證收益及配息
高盛基金III - 高盛邊境市場債券基金Y股對沖級別南非幣(月配息)(本基金主要係投資於非投資等級之高風險債券且配息來源可能為本金),,境外,1/4,,,0.46,5.63,2.98,35.9,89.45,49.11,,6.46,0.7,0.07,08/18,高盛基金III高盛邊境市場債券基金Y股對沖級別南非幣月配息本基金主要係投資於非投資等級之高風險債券且配息來源可能為本金
高盛基金III - 高盛環球高股息基金X股對沖級別澳幣(月配息)(本基金之配息來源可能為本金且並無保證收益及配息),,境外,1/4,,,3.14,5.41,8.75,35.87,65.76,67.71,,9.27,0.47,0.8,08/18,高盛基金III高盛環球高股息基金X股對沖級別澳幣月配息本基金之配息來源可能為本金且並無保證收益及配息
富達基金-全球科技基金(A股累計美元避險),,境外,1/4,,,4.29,3.85,16.76,35.85,98.53,134.61,,14.3,0.49,0.73,08/18,富達基金全球科技基金A股累計美元避險
聯博-全球價值型基金AD月配級別美元(基金之配息來源可能為本金),,境外,1/4,,,2.69,8.83,6.54,35.71,75.8,85.48,,12.1,0.58,0.95,08/18,聯博全球價值型基金AD月配級別美元基金之配息來源可能為本金
聯博-全球價值型基金A級別美元(基金之配息來源可能為本金),,境外,1/4,,,2.67,8.78,6.51,35.6,75.67,85.34,,12.09,0.57,0.95,08/18,聯博全球價值型基金A級別美元基金之配息來源可能為本金
聯博-全球價值型基金A級別歐元(基金之配息來源可能為本金),,境外,1/4,,,2.68,8.72,6.52,35.59,75.73,85.33,,9.21,0.77,0.61,08/18,聯博全球價值型基金A級別歐元基金之配息來源可能為本金
施羅德環球基金系列-環球收益股票(歐元)A1-累積,,境外,1/4,,,2.52,11.5,11.41,35.58,61.66,85.4,,8.36,0.85,0.36,08/18,施羅德環球基金系列環球收益股票歐元A1累積
施羅德環球基金系列-環球收益股票(美元)A1-累積,,境外,1/4,,,2.63,11.59,11.04,35.5,61.92,85.31,,12.65,0.55,0.71,08/18,施羅德環球基金系列環球收益股票美元A1累積
施羅德環球基金系列-環球收益股票(美元)A1-月配固定(基金之配息來源可能為本金),,境外,1/4,,,2.63,11.59,11.05,35.5,61.88,85.25,,12.65,0.55,0.71,08/18,施羅德環球基金系列環球收益股票美元A1月配固定基金之配息來源可能為本金
瑞銀(盧森堡)健康轉型基金(美元)(本基金非屬環境、社會及治理相關主題基金),,境外,1/4,,,2.16,13.25,7.04,35.46,37.38,46.76,,12.0,0.58,0.94,08/17,瑞銀盧森堡健康轉型基金美元本基金非屬環境、社會及治理相關主題基金
景順環球股票收益基金A-穩定月配息(澳幣對沖)股澳幣(基金之配息來源可能為本金),,境外,1/4,,,3.36,9.04,10.71,35.42,81.0,85.62,,12.95,0.34,1.02,08/18,景順環球股票收益基金A穩定月配息澳幣對沖股澳幣基金之配息來源可能為本金
富達基金-全球工業基金(A股歐元),,境外,1/4,,,3.2,5.69,6.85,35.35,67.85,125.57,,10.45,0.68,0.61,08/18,富達基金全球工業基金A股歐元
貝萊德永續能源基金C2美元(本基金非屬環境、社會及治理相關主題基金),,境外,1/4,,,0.92,-1.93,3.64,35.33,45.32,44.84,,17.89,0.4,0.81,08/18,貝萊德永續能源基金C2美元本基金非屬環境、社會及治理相關主題基金
施羅德環球基金系列-環球收益股票(美元)U-累積,,境外,1/4,,,2.61,11.51,10.88,35.13,60.64,82.87,,12.65,0.54,0.71,08/18,施羅德環球基金系列環球收益股票美元U累積
施羅德環球基金系列-環球收益股票(美元)U-月配固定(基金之配息來源可能為本金),,境外,1/4,,,2.6,11.52,10.89,35.13,60.6,82.79,,12.65,0.54,0.71,08/18,施羅德環球基金系列環球收益股票美元U月配固定基金之配息來源可能為本金
富達基金-全球科技基金(Y股累計美元),,境外,1/4,,,4.91,3.81,16.19,34.88,100.72,130.73,,15.08,0.46,0.76,08/18,富達基金全球科技基金Y股累計美元
富達基金-全球科技基金(Y股累計歐元),,境外,1/4,,,4.89,3.64,16.42,34.84,100.72,130.54,,13.37,0.53,0.67,08/18,富達基金全球科技基金Y股累計歐元
高盛基金III - 高盛邊境市場債券基金X股對沖級別澳幣(月配息)(本基金主要係投資於非投資等級之高風險債券且配息來源可能為本金),,境外,1/4,,,0.24,2.19,4.14,34.77,67.88,38.16,,6.37,0.64,1.42,08/18,高盛基金III高盛邊境市場債券基金X股對沖級別澳幣月配息本基金主要係投資於非投資等級之高風險債券且配息來源可能為本金
貝萊德全球智慧數據股票入息基金B8多幣別穩定月配息股份-南非幣避險(基金之配息來源可能為本金且並無保證收益及配息),,境外,1/4,,,4.29,7.65,10.69,34.63,,,,6.33,0.67,0.43,08/18,貝萊德全球智慧數據股票入息基金B8多幣別穩定月配息股份南非幣避險基金之配息來源可能為本金且並無保證收益及配息
富達基金-全球科技基金(B股累計美元避險),,境外,1/4,,,4.21,3.61,16.21,34.62,93.13,,,14.27,0.48,0.35,08/18,富達基金全球科技基金B股累計美元避險
貝萊德智慧數據環球小型企業基金A2歐元(本基金非屬環境、社會及治理相關主題基金),,境外,1/4,,,3.32,7.77,12.12,34.48,72.85,82.43,,11.86,0.58,1.01,08/18,貝萊德智慧數據環球小型企業基金A2歐元本基金非屬環境、社會及治理相關主題基金
紐約梅隆美國股票收益基金-美元W累積,,境外,1/4,,,3.1,10.46,12.31,34.47,66.29,119.11,,9.87,0.68,0.89,08/17,紐約梅隆美國股票收益基金美元W累積
貝萊德智慧數據環球小型企業基金A2美元(本基金非屬環境、社會及治理相關主題基金),,境外,1/4,,,3.4,7.91,11.87,34.46,72.95,82.44,,14.89,0.46,1.35,08/18,貝萊德智慧數據環球小型企業基金A2美元本基金非屬環境、社會及治理相關主題基金
高盛基金III - 高盛環球高股息基金Y股對沖級別澳幣(月配息)(本基金之配息來源可能為本金且並無保證收益及配息),,境外,1/4,,,3.03,5.08,7.94,34.39,60.3,59.37,,9.26,0.44,0.79,08/18,高盛基金III高盛環球高股息基金Y股對沖級別澳幣月配息本基金之配息來源可能為本金且並無保證收益及配息
紐約梅隆美國股票收益基金-美元C配息(基金之配息來源可能為本金),,境外,1/4,,,3.07,10.39,12.18,34.15,65.0,116.41,,9.86,0.67,0.88,08/17,紐約梅隆美國股票收益基金美元C配息基金之配息來源可能為本金
百達-保安-R歐元,,境外,1/4,,,3.05,16.36,32.64,34.13,70.33,42.03,,18.96,0.38,0.74,08/18,百達保安R歐元
百達-保安-R美元,,境外,1/4,,,3.13,16.51,32.34,34.09,70.43,42.03,,17.93,0.38,1.07,08/18,百達保安R美元
新加坡大華全球保健基金-美元分配類股(基金之配息來源可能為本金),,境外,1/4,,,2.63,13.38,6.59,33.92,21.49,23.07,,13.71,0.48,0.95,08/18,新加坡大華全球保健基金美元分配類股基金之配息來源可能為本金
新加坡大華全球保健基金-USD,,境外,1/4,,,2.64,13.41,6.61,33.9,21.33,22.89,,13.69,0.48,0.95,08/18,新加坡大華全球保健基金USD
百達-環境機會-HR澳幣,,境外,1/4,,,1.61,4.66,10.97,33.87,41.71,29.18,,14.7,0.28,0.97,08/18,百達環境機會HR澳幣
富達基金-永續發展全球存股優勢基金(A股C月配息澳幣避險)(本基金之配息來源可能為本金且並無保證收益及配息),,境外,1/4,,,2.08,5.83,8.39,33.85,,,,8.15,0.48,0.18,08/18,富達基金永續發展全球存股優勢基金A股C月配息澳幣避險本基金之配息來源可能為本金且並無保證收益及配息
新加坡大華全球保健基金,,境外,1/4,,,2.61,13.26,6.88,33.84,21.36,22.86,,13.38,0.48,0.86,08/18,新加坡大華全球保健基金
宏利環球基金-康健護理基金AA股,,境外,1/4,,,2.1,14.48,4.33,33.8,31.97,54.28,,13.86,0.48,0.97,08/18,宏利環球基金康健護理基金AA股
富達基金-全球科技基金(A股累計美元),,境外,1/4,,,4.84,3.59,15.71,33.75,95.65,121.14,,15.08,0.44,0.76,08/18,富達基金全球科技基金A股累計美元
iShares S&P全球100指數IOO.US,,境外,1/4,,,3.01,3.36,14.46,33.71,99.43,141.05,,12.21,0.53,0.23,08/18,iSharesS&P全球100指數IOO.US
富達基金-全球科技基金(A股歐元),,境外,1/4,,,4.8,3.44,15.92,33.68,95.63,120.89,,13.35,0.51,0.67,08/18,富達基金全球科技基金A股歐元
貝萊德全球智慧數據股票入息基金A8多幣別穩定月配息股份-澳幣避險(基金之配息來源可能為本金且並無保證收益及配息),,境外,1/4,,,4.04,4.02,11.96,33.66,71.94,57.56,,6.38,0.6,0.43,08/18,貝萊德全球智慧數據股票入息基金A8多幣別穩定月配息股份澳幣避險基金之配息來源可能為本金且並無保證收益及配息
DWS投資全球高股息基金(美元避險)USD LDH(P)(本基金之配息來源可能為本金且無保證收益及配息),,境外,1/4,,,2.62,5.93,6.44,33.55,59.05,89.44,,8.84,0.72,0.37,08/18,DWS投資全球高股息基金美元避險USDLDHP本基金之配息來源可能為本金且無保證收益及配息
DWS投資全球高股息基金(美元避險)USD LCH(P)(本基金之配息來源可能為本金且無保證收益及配息),,境外,1/4,,,2.62,5.9,6.4,33.52,59.05,89.62,,8.86,0.72,0.37,08/18,DWS投資全球高股息基金美元避險USDLCHP本基金之配息來源可能為本金且無保證收益及配息
高盛基金III - 高盛邊境市場債券基金Y股對沖級別澳幣(月配息)(本基金主要係投資於非投資等級之高風險債券且配息來源可能為本金),,境外,1/4,,,0.13,1.93,3.63,33.42,62.79,30.83,,6.38,0.59,1.42,08/18,高盛基金III高盛邊境市場債券基金Y股對沖級別澳幣月配息本基金主要係投資於非投資等級之高風險債券且配息來源可能為本金
富蘭克林坦伯頓法人機構專用基金國際股票系列Primary(本基金之配息來源可能為本金),,境外,1/4,,,-0.89,2.96,6.6,33.35,74.15,105.04,,10.28,0.57,0.6,08/07,富蘭克林坦伯頓法人機構專用基金國際股票系列Primary本基金之配息來源可能為本金
施羅德環球基金系列-環球股息基金(美元)AX-月配固定(基金之配息來源可能為本金且並無保證收益及配息),,境外,1/4,,,2.41,11.33,10.99,33.07,58.47,83.46,,12.46,0.51,0.79,08/18,施羅德環球基金系列環球股息基金美元AX月配固定基金之配息來源可能為本金且並無保證收益及配息
施羅德環球基金系列-環球股息基金(美元)A-累積,,境外,1/4,,,2.41,11.32,10.98,33.06,58.52,83.58,,12.46,0.51,0.79,08/18,施羅德環球基金系列環球股息基金美元A累積
施羅德環球基金系列-環球多元收益(南非幣避險)A-月配固定(C)(本基金之配息來源可能為本金),,境外,1/4,,,3.09,5.72,4.9,33.01,78.24,63.79,,4.55,0.85,0.37,08/18,施羅德環球基金系列環球多元收益南非幣避險A月配固定C本基金之配息來源可能為本金
匯豐環球投資基金-氣候轉型環球股票AD(本基金配息來源可能為本金),,境外,1/4,,,1.83,6.12,11.38,32.91,78.02,92.9,,10.53,0.6,0.96,08/18,匯豐環球投資基金氣候轉型環球股票AD本基金配息來源可能為本金
匯豐環球投資基金-氣候轉型環球股票AC(本基金配息來源可能為本金),,境外,1/4,,,1.83,6.12,11.38,32.91,78.02,92.91,,10.53,0.6,0.96,08/18,匯豐環球投資基金氣候轉型環球股票AC本基金配息來源可能為本金
紐約梅隆美國股票收益基金-美元A配息(基金之配息來源可能為本金),,境外,1/4,,,2.99,10.11,11.63,32.8,60.18,,,9.84,0.64,0.88,08/17,紐約梅隆美國股票收益基金美元A配息基金之配息來源可能為本金
紐約梅隆美國股票收益基金-美元A累積,,境外,1/4,,,2.99,10.1,11.62,32.79,60.18,,,9.84,0.64,0.88,08/17,紐約梅隆美國股票收益基金美元A累積
匯豐環球投資基金-氣候轉型環球股票ACEUR(本基金配息來源可能為本金),,境外,1/4,,,1.77,5.89,11.93,32.79,77.93,92.78,,7.94,0.81,0.6,08/18,匯豐環球投資基金氣候轉型環球股票ACEUR本基金配息來源可能為本金
紐約梅隆美國股票收益基金-歐元A累積,,境外,1/4,,,3.02,10.09,11.63,32.71,59.96,105.58,,7.0,0.93,0.54,08/17,紐約梅隆美國股票收益基金歐元A累積
DWS投資全球高股息基金FC(本基金之配息來源可能為本金且無保證收益及配息),,境外,1/4,,,3.35,5.49,5.56,32.7,62.24,83.14,,8.05,0.8,0.2,08/18,DWS投資全球高股息基金FC本基金之配息來源可能為本金且無保證收益及配息
DWS投資全球高股息基金USD FC(本基金之配息來源可能為本金且無保證收益及配息),,境外,1/4,,,3.43,5.63,5.32,32.66,62.33,83.15,,10.64,0.59,0.53,08/18,DWS投資全球高股息基金USDFC本基金之配息來源可能為本金且無保證收益及配息
先機環球股票基金L類累積股(美元),,境外,1/4,,,3.47,8.8,13.16,32.61,92.57,111.1,,8.05,0.77,0.71,08/18,先機環球股票基金L類累積股美元
富達基金-全球入息基金(A股H月配息澳幣避險)(本基金之配息來源可能為本金且並無保證收益及配息),,境外,1/4,,,1.18,3.6,5.65,32.5,73.13,74.07,,7.65,0.47,0.47,08/18,富達基金全球入息基金A股H月配息澳幣避險本基金之配息來源可能為本金且並無保證收益及配息
KBI全球能源革新基金美元C股(美元)(本基金非屬環境、社會及治理相關主題基金),,境外,1/4,,,1.23,-2.3,4.13,32.42,31.47,35.8,,19.43,0.34,0.81,08/17,KBI全球能源革新基金美元C股美元本基金非屬環境、社會及治理相關主題基金
KBI全球能源革新基金(本基金非屬環境、社會及治理相關主題基金),,境外,1/4,,,1.17,-2.3,3.73,32.41,31.59,36.73,,17.29,0.39,0.78,08/17,KBI全球能源革新基金本基金非屬環境、社會及治理相關主題基金
富蘭克林坦伯頓全球投資系列全球平衡基金美元A(Qdis)(本基金之配息來源可能為本金),,境外,1/4,,,1.95,9.01,8.76,32.41,56.87,70.02,,10.67,0.58,0.81,08/18,富蘭克林坦伯頓全球投資系列全球平衡基金美元AQdis本基金之配息來源可能為本金
富蘭克林坦伯頓全球投資系列全球平衡基金美元A(acc)(本基金之配息來源可能為本金),,境外,1/4,,,1.95,8.99,8.73,32.36,56.89,69.99,,10.71,0.58,0.81,08/18,富蘭克林坦伯頓全球投資系列全球平衡基金美元Aacc本基金之配息來源可能為本金
富達基金-全球動能多元基金(A股C月配息美元)(本基金之配息來源可能為本金),,境外,1/4,,,1.37,3.67,8.33,32.34,,,,10.95,0.57,0.37,08/18,富達基金全球動能多元基金A股C月配息美元本基金之配息來源可能為本金
富達基金-全球動能多元基金(A股累計美元),,境外,1/4,,,1.28,3.66,8.23,32.31,61.04,53.49,,10.87,0.57,0.98,08/18,富達基金全球動能多元基金A股累計美元
法盛AI及機器人基金R/A USD,,境外,1/4,,,5.92,8.54,21.74,32.28,76.43,79.96,,18.58,0.35,0.93,08/18,法盛AI及機器人基金R/AUSD
施羅德環球基金系列-環球小型公司(美元)A-累積,,境外,1/4,,,4.09,6.83,12.68,32.22,43.79,36.32,,15.01,0.42,0.39,08/18,施羅德環球基金系列環球小型公司美元A累積
貝萊德環球資產配置基金Hedged A10澳幣(總報酬穩定配息)(基金之配息來源可能為本金),,境外,1/4,,,3.11,2.95,6.96,32.21,57.47,,,8.27,0.43,0.79,08/18,貝萊德環球資產配置基金HedgedA10澳幣總報酬穩定配息基金之配息來源可能為本金
貝萊德環球資產配置基金Hedged A2澳幣,,境外,1/4,,,3.09,2.97,7.0,32.18,58.36,35.6,,8.2,0.43,0.78,08/18,貝萊德環球資產配置基金HedgedA2澳幣
貝萊德多元收益成長基金Hedged A8南非幣(穩定配息)(基金有相當比重投資於非投資等級之高風險債券且配息來源可能為本金),,境外,1/4,,,3.09,8.21,6.67,32.03,,,,6.46,0.57,0.1,08/18,貝萊德多元收益成長基金HedgedA8南非幣穩定配息基金有相當比重投資於非投資等級之高風險債券且配息來源可能為本金
貝萊德多元收益成長基金Hedged A11南非幣(強化穩定配息)(基金有相當比重投資於非投資等級之高風險債券且配息來源可能為本金),,境外,1/4,,,3.08,8.21,6.67,32.02,,,,6.46,0.57,0.1,08/18,貝萊德多元收益成長基金HedgedA11南非幣強化穩定配息基金有相當比重投資於非投資等級之高風險債券且配息來源可能為本金
富達基金-全球動能多元基金(A股美元)(本基金之配息來源可能為本金),,境外,1/4,,,1.03,3.41,7.99,31.99,60.52,53.06,,10.86,0.56,0.97,08/18,富達基金全球動能多元基金A股美元本基金之配息來源可能為本金
瀚亞投資-全球價值股票基金C(美元),,境外,1/4,,,2.97,8.73,9.63,31.85,84.08,,,10.1,0.6,0.82,08/18,瀚亞投資全球價值股票基金C美元
貝萊德世界科技基金Hedged A2日圓,,境外,1/4,,,6.73,1.09,25.66,31.75,95.22,14.35,,28.43,0.32,1.07,08/18,貝萊德世界科技基金HedgedA2日圓
DWS投資全球高股息基金LC(本基金之配息來源可能為本金且無保證收益及配息),,境外,1/4,,,3.28,5.29,5.16,31.7,58.62,76.39,,8.05,0.77,0.2,08/18,DWS投資全球高股息基金LC本基金之配息來源可能為本金且無保證收益及配息
DWS投資全球高股息基金USD LC(本基金之配息來源可能為本金且無保證收益及配息),,境外,1/4,,,3.37,5.43,4.93,31.67,58.72,76.41,,10.63,0.57,0.53,08/18,DWS投資全球高股息基金USDLC本基金之配息來源可能為本金且無保證收益及配息
施羅德環球基金系列-環球多元收益(南非幣避險)U-月配固定(C)(本基金之配息來源可能為本金),,境外,1/4,,,3.02,5.52,4.4,31.67,72.99,55.89,,4.55,0.78,0.37,08/18,施羅德環球基金系列環球多元收益南非幣避險U月配固定C本基金之配息來源可能為本金
摩根士丹利環球平衡收益基金AHRM月配息(澳幣避險)(本基金之配息來源可能為本金),,境外,1/4,,,1.61,3.52,7.96,31.66,45.49,39.33,,5.45,0.62,0.47,08/18,摩根士丹利環球平衡收益基金AHRM月配息澳幣避險本基金之配息來源可能為本金
DWS投資全球高股息基金USD LDM(本基金之配息來源可能為本金且無保證收益及配息),,境外,1/4,,,3.37,5.42,4.93,31.65,58.72,76.41,,10.63,0.57,0.53,08/18,DWS投資全球高股息基金USDLDM本基金之配息來源可能為本金且無保證收益及配息
施羅德環球基金系列-環球小型公司(歐元)A1-累積,,境外,1/4,,,3.94,6.61,12.78,31.64,41.43,33.02,,12.4,0.51,1.0,08/18,施羅德環球基金系列環球小型公司歐元A1累積
M＆G入息基金A(南非幣避險月配)F1(本基金配息來源可能為本金且並無保證收益及配息),,境外,1/4,,,1.68,7.14,3.29,31.63,58.02,,,5.45,0.65,0.37,08/18,M＆G入息基金A南非幣避險月配F1本基金配息來源可能為本金且並無保證收益及配息
施羅德環球基金系列-環球小型公司(美元)A1-累積,,境外,1/4,,,4.05,6.7,12.4,31.56,41.65,32.96,,15.0,0.41,1.36,08/18,施羅德環球基金系列環球小型公司美元A1累積
聯博-全球價值型基金AD月配歐元避險級別(基金之配息來源可能為本金),,境外,1/4,,,3.75,7.59,3.43,31.45,75.42,62.75,,12.1,0.52,0.95,08/18,聯博全球價值型基金AD月配歐元避險級別基金之配息來源可能為本金
紐約梅隆環球股票投資基金-美元C級別,,境外,1/4,,,3.12,7.37,15.7,31.37,73.8,,,10.08,0.59,0.87,08/18,紐約梅隆環球股票投資基金美元C級別
先機環球股票基金C2類累積股(美元),,境外,1/4,,,3.38,8.53,12.6,31.29,86.88,100.78,,8.04,0.73,0.71,08/18,先機環球股票基金C2類累積股美元
先機環球股票基金B類累積股(美元),,境外,1/4,,,3.38,8.53,12.6,31.29,86.87,100.77,,8.04,0.73,0.71,08/18,先機環球股票基金B類累積股美元
摩根基金-氣候變遷基金A股(美元)(累計),,境外,1/4,,,0.13,2.79,6.2,31.15,,,,13.63,0.44,0.98,08/18,摩根基金氣候變遷基金A股美元累計
富達基金-全球動能多元基金(B股累計美元),,境外,1/4,,,1.15,3.37,7.75,31.12,,,,10.83,0.55,0.37,08/18,富達基金全球動能多元基金B股累計美元
安聯全球高息股票基金-AMg穩定月收總收益類股(美元)(本基金之配息來源可能為本金且無保證收益及配息),,境外,1/4,,,2.8,9.68,9.36,31.09,65.12,74.73,,8.22,0.71,0.61,08/18,安聯全球高息股票基金AMg穩定月收總收益類股美元本基金之配息來源可能為本金且無保證收益及配息
富達基金-全球動能多元基金(B股C月配息美元)(本基金之配息來源可能為本金),,境外,1/4,,,1.21,3.41,7.8,31.06,,,,10.88,0.54,0.37,08/18,富達基金全球動能多元基金B股C月配息美元本基金之配息來源可能為本金
富蘭克林坦伯頓全球投資系列全球平衡基金美元F(Qdis)(本基金之配息來源可能為本金),,境外,1/4,,,1.85,8.75,8.2,31.04,52.14,61.58,,10.68,0.55,0.81,08/18,富蘭克林坦伯頓全球投資系列全球平衡基金美元FQdis本基金之配息來源可能為本金
貝萊德環球資產配置基金Hedged B10澳幣(總報酬穩定配息)(基金之配息來源可能為本金),,境外,1/4,,,3.06,2.72,6.52,31.0,,,,8.16,0.4,0.21,08/18,貝萊德環球資產配置基金HedgedB10澳幣總報酬穩定配息基金之配息來源可能為本金
法盛AI及機器人基金CT/A USD,,境外,1/4,,,5.84,8.27,21.14,30.97,,,,18.57,0.33,0.93,08/18,法盛AI及機器人基金CT/AUSD
瀚亞投資-全球價值股票基金Admc1(美元穩定月配)(本基金配息來源可能為本金),,境外,1/4,,,2.91,8.53,9.24,30.86,79.9,92.41,,10.1,0.58,0.82,08/18,瀚亞投資全球價值股票基金Admc1美元穩定月配本基金配息來源可能為本金
瀚亞投資-全球價值股票基金A(美元),,境外,1/4,,,2.9,8.52,9.21,30.83,79.85,92.35,,10.09,0.58,0.82,08/18,瀚亞投資全球價值股票基金A美元
安聯AI人工智慧基金-AT累積類股(日圓避險),,境外,1/4,,,6.05,0.41,15.25,30.74,54.11,-11.61,,18.0,0.46,0.93,08/18,安聯AI人工智慧基金AT累積類股日圓避險
貝萊德多元收益成長基金Hedged B11南非幣(強化穩定配息)(基金有相當比重投資於非投資等級之高風險債券且配息來源可能為本金),,境外,1/4,,,2.99,7.93,6.14,30.69,,,,6.45,0.52,0.1,08/18,貝萊德多元收益成長基金HedgedB11南非幣強化穩定配息基金有相當比重投資於非投資等級之高風險債券且配息來源可能為本金
貝萊德多元收益成長基金Hedged B8南非幣(穩定配息)(基金有相當比重投資於非投資等級之高風險債券且配息來源可能為本金),,境外,1/4,,,2.99,7.93,6.14,30.69,,,,6.44,0.52,0.1,08/18,貝萊德多元收益成長基金HedgedB8南非幣穩定配息基金有相當比重投資於非投資等級之高風險債券且配息來源可能為本金
先機環球股票基金C類累積股(美元),,境外,1/4,,,3.33,8.39,12.32,30.64,84.1,95.84,,8.03,0.71,0.71,08/18,先機環球股票基金C類累積股美元
美盛凱利基礎建設價值基金A類股澳幣增益配息型(M)(避險)(本基金之配息來源可能為本金),,境外,1/4,,,-2.39,1.18,1.5,30.62,54.15,63.35,,11.8,0.28,-0.14,08/18,美盛凱利基礎建設價值基金A類股澳幣增益配息型M避險本基金之配息來源可能為本金
施羅德環球基金系列-環球多元收益(澳幣避險)A-月配固定(C)(本基金之配息來源可能為本金),,境外,1/4,,,2.79,2.0,5.59,30.61,52.98,43.27,,4.48,0.7,0.36,08/18,施羅德環球基金系列環球多元收益澳幣避險A月配固定C本基金之配息來源可能為本金
施羅德環球基金系列-環球收益成長(美元)A-月配固定2(基金有相當比重投資於非投資等級之高風險債券且基金之配息來源可能為本金),,境外,1/4,,,2.65,6.18,9.47,30.51,62.58,64.26,,8.8,0.65,0.78,08/18,施羅德環球基金系列環球收益成長美元A月配固定2基金有相當比重投資於非投資等級之高風險債券且基金之配息來源可能為本金
施羅德環球基金系列-環球收益成長(美元)A-累積(基金有相當比重投資於非投資等級之高風險債券),,境外,1/4,,,2.65,6.18,9.48,30.51,62.69,64.39,,8.8,0.65,0.78,08/18,施羅德環球基金系列環球收益成長美元A累積基金有相當比重投資於非投資等級之高風險債券
施羅德環球基金系列-環球收益成長(美元)A-月配固定(基金有相當比重投資於非投資等級之高風險債券且基金之配息來源可能為本金),,境外,1/4,,,2.65,6.18,9.47,30.5,62.63,64.33,,8.8,0.65,0.78,08/18,施羅德環球基金系列環球收益成長美元A月配固定基金有相當比重投資於非投資等級之高風險債券且基金之配息來源可能為本金
貝萊德世界科技基金Hedged B2日圓,,境外,1/4,,,6.6,0.88,25.01,30.4,,,,28.37,0.31,1.07,08/18,貝萊德世界科技基金HedgedB2日圓
東方匯理基金環球責任股票A2南非幣避險(穩定月配息)(本基金之配息來源可能為本金),,境外,1/4,,,0.76,8.51,4.73,30.35,95.78,,,9.04,0.37,0.65,08/18,東方匯理基金環球責任股票A2南非幣避險穩定月配息本基金之配息來源可能為本金
聯博-全球多元收益基金AD月配南非幣避險級別(基金之配息來源可能為本金),,境外,1/4,,,2.24,6.89,5.2,30.34,78.63,51.69,,5.73,0.57,0.52,08/18,聯博全球多元收益基金AD月配南非幣避險級別基金之配息來源可能為本金
M＆G入息基金X(南非幣避險月配後收)F1(本基金配息來源可能為本金且並無保證收益及配息),,境外,1/4,,,1.6,6.88,2.78,30.32,53.58,,,5.42,0.6,0.37,08/18,M＆G入息基金X南非幣避險月配後收F1本基金配息來源可能為本金且並無保證收益及配息
法巴乾淨能源股票基金RH(美元),,境外,1/4,,,-2.69,-20.86,-11.52,30.31,3.77,,,34.16,0.21,-0.18,08/18,法巴乾淨能源股票基金RH美元
富達基金-全球入息基金(Y股H月配息澳幣(澳幣/美元避險))(本基金之配息來源可能為本金且並無保證收益及配息),,境外,1/4,,,1.89,3.11,3.67,30.07,74.44,,,10.16,0.31,0.66,08/18,富達基金全球入息基金Y股H月配息澳幣澳幣/美元避險本基金之配息來源可能為本金且並無保證收益及配息
紐約梅隆環球股票投資基金A USD,,境外,1/4,,,3.03,7.11,15.13,30.07,68.67,68.23,,10.07,0.56,0.87,08/18,紐約梅隆環球股票投資基金AUSD
貝萊德多元收益成長基金Hedged A8澳幣(穩定配息)(基金有相當比重投資於非投資等級之高風險債券且配息來源可能為本金),,境外,1/4,,,2.77,4.45,7.59,30.04,51.73,29.59,,6.27,0.48,0.1,08/18,貝萊德多元收益成長基金HedgedA8澳幣穩定配息基金有相當比重投資於非投資等級之高風險債券且配息來源可能為本金
摩根投資基金-多重收益基金A股(澳幣對沖)(累計)(本基金有相當比重投資於非投資等級之高風險債券),,境外,1/4,,,2.02,3.11,7.6,29.96,48.52,33.21,,4.05,0.74,0.37,08/18,摩根投資基金多重收益基金A股澳幣對沖累計本基金有相當比重投資於非投資等級之高風險債券
摩根投資基金-多重收益基金A股(澳幣對沖)(利率入息)(本基金有相當比重投資於非投資等級之高風險債券且配息來源可能為本金),,境外,1/4,,,2.03,3.06,7.62,29.91,48.53,33.38,,4.08,0.73,0.37,08/18,摩根投資基金多重收益基金A股澳幣對沖利率入息本基金有相當比重投資於非投資等級之高風險債券且配息來源可能為本金
百達-數位科技-I美元,,境外,1/4,,,4.48,13.43,31.95,29.87,113.42,85.74,,16.92,0.35,0.78,08/18,百達數位科技I美元
施羅德環球基金系列-環球計量核心(美元)C-累積,,境外,1/4,,,2.96,6.6,13.64,29.83,83.36,110.77,,8.07,0.69,0.9,08/17,施羅德環球基金系列環球計量核心美元C累積
摩根基金-環球醫療科技基金A股(美元)(累計),,境外,1/4,,,1.58,13.93,5.98,29.67,22.57,28.76,,13.77,0.41,0.99,08/18,摩根基金環球醫療科技基金A股美元累計
匯豐環球投資基金-環球股票專注波幅AM2(本基金配息來源可能為本金),,境外,1/4,,,1.86,5.14,10.48,29.6,70.91,87.65,,7.73,0.71,0.71,08/18,匯豐環球投資基金環球股票專注波幅AM2本基金配息來源可能為本金
匯豐環球投資基金-環球股票專注波幅AC(本基金配息來源可能為本金),,境外,1/4,,,1.85,5.14,10.48,29.6,70.9,87.65,,7.73,0.71,0.71,08/18,匯豐環球投資基金環球股票專注波幅AC本基金配息來源可能為本金
施羅德環球基金系列-環球股債收息基金(澳幣避險)A-月配固定(C)(本基金有相當比重投資於非投資等級之高風險債券且基金之配息來源可能為本金且並無保證收益及配息),,境外,1/4,,,3.47,4.33,5.74,29.59,48.87,33.73,,6.01,0.49,0.52,08/18,施羅德環球基金系列環球股債收息基金澳幣避險A月配固定C本基金有相當比重投資於非投資等級之高風險債券且基金之配息來源可能為本金且並無保證收益及配息
東方匯理基金環球責任股票U南非幣避險(穩定月配息)(本基金之配息來源可能為本金),,境外,1/4,,,0.71,8.33,4.39,29.58,92.06,,,9.02,0.35,0.65,08/18,東方匯理基金環球責任股票U南非幣避險穩定月配息本基金之配息來源可能為本金
瀚亞投資-全球價值股票基金T3(美元後收),,境外,1/4,,,2.81,8.24,8.67,29.53,74.8,,,10.07,0.55,0.11,08/18,瀚亞投資全球價值股票基金T3美元後收
紐約梅隆環球股票投資基金A EUR,,境外,1/4,,,2.84,6.8,15.28,29.49,66.15,65.84,,9.43,0.61,0.53,08/18,紐約梅隆環球股票投資基金AEUR
PIMCO收益增長基金-機構H級類別(收息股份)(基金之配息來源可能為本金),,境外,1/4,,,1.36,6.05,8.96,29.48,65.79,,,7.56,0.72,0.7,08/18,PIMCO收益增長基金機構H級類別收息股份基金之配息來源可能為本金
PIMCO收益增長基金-機構H級類別(累積股份)(基金之配息來源可能為本金),,境外,1/4,,,1.31,5.98,8.87,29.44,65.59,,,7.57,0.72,0.69,08/18,PIMCO收益增長基金機構H級類別累積股份基金之配息來源可能為本金
安本基金-環球動力股息基金X月中總配息美元(基金之配息來源可能為本金且無保證收益及配息),,境外,1/4,,,1.42,5.03,8.25,29.36,54.01,44.34,,7.39,0.74,0.64,08/18,安本基金環球動力股息基金X月中總配息美元基金之配息來源可能為本金且無保證收益及配息
施羅德環球基金系列-環球多元收益(澳幣避險)U-月配固定(C)(本基金之配息來源可能為本金),,境外,1/4,,,2.7,1.75,5.07,29.35,48.55,36.33,,4.48,0.63,0.36,08/18,施羅德環球基金系列環球多元收益澳幣避險U月配固定C本基金之配息來源可能為本金
安本基金-環球動力股息基金X累積美元,,境外,1/4,,,1.42,5.03,8.23,29.32,57.02,69.74,,7.38,0.74,0.64,08/18,安本基金環球動力股息基金X累積美元
聯博-國際醫療基金I級別美元(基金之配息來源可能為本金),,境外,1/4,,,4.7,14.29,5.79,29.23,23.47,39.92,,13.08,0.43,0.95,08/18,聯博國際醫療基金I級別美元基金之配息來源可能為本金
貝萊德環球動力股票基金A2歐元,,境外,1/4,,,3.06,7.42,12.29,29.17,64.92,67.81,,9.9,0.57,0.78,08/18,貝萊德環球動力股票基金A2歐元
貝萊德環球動力股票基金A2美元,,境外,1/4,,,3.13,7.55,12.03,29.15,65.05,67.88,,11.97,0.46,1.12,08/18,貝萊德環球動力股票基金A2美元
施羅德環球基金系列-環球收益成長(美元)U-月配固定(基金有相當比重投資於非投資等級之高風險債券且基金之配息來源可能為本金),,境外,1/4,,,2.56,5.89,8.9,29.14,57.55,55.88,,8.79,0.62,0.78,08/18,施羅德環球基金系列環球收益成長美元U月配固定基金有相當比重投資於非投資等級之高風險債券且基金之配息來源可能為本金
施羅德環球基金系列-環球收益成長(美元)U-累積(基金有相當比重投資於非投資等級之高風險債券),,境外,1/4,,,2.56,5.9,8.9,29.14,57.64,55.99,,8.79,0.62,0.78,08/18,施羅德環球基金系列環球收益成長美元U累積基金有相當比重投資於非投資等級之高風險債券
聯博-全球多元收益基金ED月配南非幣避險級別(基金之配息來源可能為本金),,境外,1/4,,,2.17,6.62,4.72,29.06,73.44,44.52,,5.69,0.52,0.52,08/18,聯博全球多元收益基金ED月配南非幣避險級別基金之配息來源可能為本金
PIMCO收益增長基金-M級類別(穩定月收息股份)(基金之配息來源可能為本金),,境外,1/4,,,1.31,5.88,8.68,28.91,,,,7.58,0.7,0.7,08/18,PIMCO收益增長基金M級類別穩定月收息股份基金之配息來源可能為本金
施羅德環球基金系列-環球股息基金(歐元避險)A-累積,,境外,1/4,,,3.47,9.95,7.79,28.9,57.73,60.23,,12.42,0.46,0.79,08/18,施羅德環球基金系列環球股息基金歐元避險A累積
施羅德環球基金系列-環球計量優勢股票(歐元)A-累積,,境外,1/4,,,2.75,5.61,12.47,28.89,69.99,79.7,,7.6,0.73,0.29,08/18,施羅德環球基金系列環球計量優勢股票歐元A累積
法巴多元資產精選基金/月配RH(澳幣)(基金之配息來源可能為本金),,境外,1/4,,,2.13,1.41,4.14,28.87,35.83,-3.04,,7.75,0.36,0.71,08/18,法巴多元資產精選基金/月配RH澳幣基金之配息來源可能為本金
PIMCO收益增長基金-M級類別(月收息強化股份)(基金之配息來源可能為本金),,境外,1/4,,,1.38,5.93,8.71,28.85,,,,7.58,0.7,0.7,08/18,PIMCO收益增長基金M級類別月收息強化股份基金之配息來源可能為本金
施羅德環球基金系列-環球計量優勢股票(美元)A-累積,,境外,1/4,,,2.86,5.71,12.11,28.84,70.29,79.64,,9.04,0.59,0.26,08/18,施羅德環球基金系列環球計量優勢股票美元A累積
聯博-全球不動產證券基金AD澳幣避險級別(基金之配息來源可能為本金),,境外,1/4,,,-2.08,2.13,1.4,28.82,40.67,3.37,,11.72,0.25,1.02,08/18,聯博全球不動產證券基金AD澳幣避險級別基金之配息來源可能為本金
PIMCO收益增長基金-M級類別(累積股份)(本基金之配息來源可能為本金),,境外,1/4,,,1.36,5.93,8.66,28.82,,,,7.57,0.7,0.69,08/18,PIMCO收益增長基金M級類別累積股份本基金之配息來源可能為本金
PIMCO收益增長基金-M級類別(月收息股份)(基金之配息來源可能為本金),,境外,1/4,,,1.33,5.93,8.7,28.81,,,,7.53,0.71,0.69,08/18,PIMCO收益增長基金M級類別月收息股份基金之配息來源可能為本金
富達基金-全球主題機會基金(Y股累計美元),,境外,1/4,,,3.32,5.29,11.17,28.72,66.62,60.99,,13.7,0.4,1.32,08/18,富達基金全球主題機會基金Y股累計美元
安本基金-環球動力股息基金A月中總配息美元(基金之配息來源可能為本金且無保證收益及配息),,境外,1/4,,,1.38,4.9,7.98,28.71,52.19,44.37,,7.39,0.72,0.64,08/18,安本基金環球動力股息基金A月中總配息美元基金之配息來源可能為本金且無保證收益及配息
安本基金-環球動力股息基金A累積美元,,境外,1/4,,,1.38,4.9,7.96,28.68,54.69,65.56,,7.38,0.72,0.64,08/18,安本基金環球動力股息基金A累積美元
摩根投資基金-多重收益基金F股(澳幣對沖)(利率入息)(本基金有相當比重投資於非投資等級之高風險債券且配息來源可能為本金),,境外,1/4,,,1.9,2.78,7.1,28.67,44.29,26.78,,3.98,0.67,0.36,08/18,摩根投資基金多重收益基金F股澳幣對沖利率入息本基金有相當比重投資於非投資等級之高風險債券且配息來源可能為本金
貝萊德多元收益成長基金Hedged B8澳幣(穩定配息)(基金有相當比重投資於非投資等級之高風險債券且配息來源可能為本金),,境外,1/4,,,2.69,4.19,6.97,28.65,,,,6.4,0.42,0.1,08/18,貝萊德多元收益成長基金HedgedB8澳幣穩定配息基金有相當比重投資於非投資等級之高風險債券且配息來源可能為本金
貝萊德世界金融基金A2歐元,,境外,1/4,,,3.22,16.48,11.65,28.58,132.33,136.54,,21.39,0.28,1.43,08/18,貝萊德世界金融基金A2歐元
瑞銀(盧森堡)全球優選股票基金(美元)(本基金非屬環境、社會及治理相關主題基金),,境外,1/4,,,3.06,7.45,13.94,28.57,63.02,79.2,,10.48,0.51,1.12,08/17,瑞銀盧森堡全球優選股票基金美元本基金非屬環境、社會及治理相關主題基金
貝萊德世界金融基金A2美元,,境外,1/4,,,3.29,16.62,11.41,28.53,132.47,136.58,,24.44,0.24,1.7,08/18,貝萊德世界金融基金A2美元
貝萊德世界金融基金A10美元(總報酬穩定配息)(本基金之配息來源可能為本金),,境外,1/4,,,3.3,16.65,11.42,28.53,132.5,,,24.52,0.24,1.71,08/18,貝萊德世界金融基金A10美元總報酬穩定配息本基金之配息來源可能為本金
施羅德環球基金系列-環球能源轉型股票(美元)A-累積,,境外,1/4,,,2.63,-6.67,0.73,28.41,8.3,-1.46,,21.49,0.27,0.59,08/18,施羅德環球基金系列環球能源轉型股票美元A累積
聯博-全球多元收益基金AD月配澳幣避險級別(基金之配息來源可能為本金),,境外,1/4,,,1.98,3.19,6.24,28.32,53.51,32.86,,5.67,0.46,0.52,08/18,聯博全球多元收益基金AD月配澳幣避險級別基金之配息來源可能為本金
聯博-國際醫療基金AD月配級別美元(基金之配息來源可能為本金),,境外,1/4,,,4.64,14.08,5.4,28.27,20.58,34.49,,13.06,0.41,0.95,08/18,聯博國際醫療基金AD月配級別美元基金之配息來源可能為本金
晉達環球策略基金-環球策略股票基金I收益股份,,境外,1/4,,,2.61,8.28,11.72,28.26,81.02,90.37,,10.34,0.51,0.97,08/18,晉達環球策略基金環球策略股票基金I收益股份
晉達環球策略基金-環球策略股票基金I累積股份,,境外,1/4,,,2.59,8.27,11.71,28.25,81.04,90.38,,10.34,0.51,0.25,08/18,晉達環球策略基金環球策略股票基金I累積股份
摩根基金-環球醫療科技基金F股(美元)(累計),,境外,1/4,,,1.48,13.61,5.38,28.24,18.55,,,13.77,0.39,0.99,08/18,摩根基金環球醫療科技基金F股美元累計
安盛投資管理股票基金-安盛投資管理環球股票QI基金B,,境外,1/4,,,3.53,7.12,12.81,28.23,73.39,89.61,,9.31,0.57,0.98,08/17,安盛投資管理股票基金安盛投資管理環球股票QI基金B
聯博-國際醫療基金A級別歐元(基金之配息來源可能為本金),,境外,1/4,,,4.65,13.99,5.37,28.2,20.57,34.43,,11.63,0.47,0.77,08/18,聯博國際醫療基金A級別歐元基金之配息來源可能為本金
聯博-國際醫療基金A級別美元(基金之配息來源可能為本金),,境外,1/4,,,4.63,14.06,5.37,28.2,20.55,34.43,,13.07,0.41,0.95,08/18,聯博國際醫療基金A級別美元基金之配息來源可能為本金
iShares MSCI歐亞指數EFA.US,,境外,1/4,,,2.71,7.49,5.98,28.04,68.77,80.24,,14.16,0.38,1.22,08/18,iSharesMSCI歐亞指數EFA.US
高盛基金III - 高盛全球環境轉型基金X股美元(本基金非屬環境、社會及治理相關主題之境外基金),,境外,1/4,,,0.79,4.48,4.54,28.03,48.2,185.9,,10.42,0.5,-0.01,08/18,高盛基金III高盛全球環境轉型基金X股美元本基金非屬環境、社會及治理相關主題之境外基金
法巴健康護理創新股票基金C(美元),,境外,1/4,,,3.03,15.48,6.69,28.01,31.5,44.38,,15.96,0.34,0.25,08/18,法巴健康護理創新股票基金C美元
施羅德環球基金系列-環球計量優勢股票(歐元)A1-累積,,境外,1/4,,,2.69,5.41,12.05,27.93,66.21,73.08,,7.59,0.7,0.5,08/18,施羅德環球基金系列環球計量優勢股票歐元A1累積
高盛基金III - 高盛全球環境轉型基金X股歐元(本基金非屬環境、社會及治理相關主題之境外基金),,境外,1/4,,,0.74,4.26,4.81,27.9,48.09,185.64,,6.46,0.82,-0.01,08/18,高盛基金III高盛全球環境轉型基金X股歐元本基金非屬環境、社會及治理相關主題之境外基金
施羅德環球基金系列-環球計量優勢股票(美元)A1-累積,,境外,1/4,,,2.79,5.5,11.68,27.85,66.48,73.0,,9.03,0.57,0.86,08/18,施羅德環球基金系列環球計量優勢股票美元A1累積
百達-數位科技-R美元,,境外,1/4,,,4.33,12.97,30.91,27.82,103.42,71.5,,16.9,0.32,0.78,08/18,百達數位科技R美元
安聯全球多元投資風格股票基金-IT累積類股(美元),,境外,1/4,,,4.43,7.57,12.34,27.76,86.29,115.04,,7.67,0.66,0.61,08/18,安聯全球多元投資風格股票基金IT累積類股美元
M＆G環球股息基金C(美元)(本基金並無保證收益及配息),,境外,1/4,,,2.26,7.18,5.74,27.74,65.66,92.75,,11.27,0.46,0.72,08/18,M＆G環球股息基金C美元本基金並無保證收益及配息
法巴多元資產精選基金/月配 B RH (澳幣)(基金之配息來源可能為本金),,境外,1/4,,,2.06,1.22,3.75,27.72,32.5,,,7.74,0.33,0.71,08/18,法巴多元資產精選基金/月配BRH澳幣基金之配息來源可能為本金
富達基金-全球主題機會基金(A股美元),,境外,1/4,,,3.25,5.06,10.73,27.65,62.44,54.28,,13.67,0.38,1.31,08/18,富達基金全球主題機會基金A股美元
PIMCO收益增長基金-BM級類別(穩定月收息股份)(基金之配息來源可能為本金),,境外,1/4,,,1.28,5.72,8.18,27.65,,,,7.54,0.67,0.69,08/18,PIMCO收益增長基金BM級類別穩定月收息股份基金之配息來源可能為本金
羅素多元資產90基金B類股,,境外,1/4,,,2.81,5.87,10.98,27.57,57.83,63.75,,8.79,0.58,1.0,08/17,羅素多元資產90基金B類股
富達基金-全球主題機會基金(A股歐元),,境外,1/4,,,3.22,4.91,10.92,27.57,62.41,54.08,,11.15,0.48,0.98,08/18,富達基金全球主題機會基金A股歐元
富達基金-世界基金(Y股累計美元),,境外,1/4,,,2.43,6.59,14.03,27.48,74.7,82.39,,10.4,0.49,0.94,08/18,富達基金世界基金Y股累計美元
東方匯理長鷹多元收益基金A2U-MD(月配息)(本基金之配息來源可能來自本金),,境外,1/4,,,1.42,3.8,1.31,27.45,46.25,63.14,,9.67,0.52,0.6,08/18,東方匯理長鷹多元收益基金A2UMD月配息本基金之配息來源可能來自本金
聯博-優化波動股票基金AD月配南非幣避險級別(基金之配息來源可能為本金),,境外,1/4,,,4.15,8.27,9.04,27.43,85.74,77.48,,9.04,0.3,0.71,08/18,聯博優化波動股票基金AD月配南非幣避險級別基金之配息來源可能為本金
富達基金-世界基金(Y股歐元),,境外,1/4,,,2.41,6.45,14.24,27.42,74.74,82.14,,8.59,0.61,0.6,08/18,富達基金世界基金Y股歐元
瑞銀(盧森堡)全球多元關鍵趨勢基金(美元),,境外,1/4,,,2.77,5.57,9.7,27.4,52.98,58.32,,8.88,0.57,0.92,08/17,瑞銀盧森堡全球多元關鍵趨勢基金美元
百達-Quest全球永續股票-I美元,,境外,1/4,,,2.5,9.06,13.0,27.33,70.02,93.06,,8.3,0.6,0.7,08/18,百達Quest全球永續股票I美元
霸菱全球平衡基金-A類美元配息型(基金之配息來源可能為本金),,境外,1/4,,,1.24,5.37,9.73,27.33,49.72,,,6.88,0.72,0.55,08/18,霸菱全球平衡基金A類美元配息型基金之配息來源可能為本金
霸菱全球平衡基金-A類美元累積型,,境外,1/4,,,1.23,5.37,9.72,27.31,49.69,,,6.89,0.72,0.55,08/18,霸菱全球平衡基金A類美元累積型
貝萊德世界金融基金B10美元(總報酬穩定配息)(基金之配息來源可能為本金),,境外,1/4,,,3.17,16.37,10.85,27.27,,,,24.43,0.23,0.12,08/18,貝萊德世界金融基金B10美元總報酬穩定配息基金之配息來源可能為本金
安聯全球多元投資風格股票基金-AT累積類股(美元),,境外,1/4,,,4.37,7.4,11.98,27.24,,,,7.66,0.65,0.61,08/18,安聯全球多元投資風格股票基金AT累積類股美元
貝萊德世界金融基金B2美元,,境外,1/4,,,3.17,16.34,10.75,27.15,,,,24.48,0.23,0.12,08/18,貝萊德世界金融基金B2美元
富蘭克林坦伯頓外國基金A(本基金之配息來源可能為本金),,境外,1/4,,,-0.21,5.46,3.84,27.14,50.82,80.05,,13.95,0.37,1.17,08/18,富蘭克林坦伯頓外國基金A本基金之配息來源可能為本金
安聯全球多元投資風格股票基金-A配息類股(歐元)(基金之配息來源可能為本金),,境外,1/4,,,4.38,7.22,12.46,27.14,81.76,106.67,,7.2,0.72,0.27,08/18,安聯全球多元投資風格股票基金A配息類股歐元基金之配息來源可能為本金
施羅德環球基金系列-環球能源轉型股票(美元)U-累積,,境外,1/4,,,2.54,-6.91,0.23,27.13,5.08,,,21.48,0.25,0.59,08/18,施羅德環球基金系列環球能源轉型股票美元U累積
富蘭克林坦伯頓全球投資系列全球債券總報酬基金澳幣避險A(Mdis)-H1(本基金有相當比重投資於非投資等級之高風險債券且基金之配息來源可能為本金),,境外,1/4,,,2.52,4.2,3.14,27.1,34.5,10.95,,7.76,0.31,1.49,08/18,富蘭克林坦伯頓全球投資系列全球債券總報酬基金澳幣避險AMdisH1本基金有相當比重投資於非投資等級之高風險債券且基金之配息來源可能為本金
歐義銳榮環球人類福祉股票基金R2,,境外,1/4,,,3.0,8.69,15.21,27.07,,,,11.88,0.43,1.18,08/17,歐義銳榮環球人類福祉股票基金R2
晉達環球策略基金-環球策略股票基金A累積股份,,境外,1/4,,,2.51,8.02,11.19,27.05,76.0,81.63,,10.34,0.48,0.97,08/18,晉達環球策略基金環球策略股票基金A累積股份
晉達環球策略基金-環球策略股票基金A收益股份,,境外,1/4,,,2.51,8.01,11.19,27.05,76.01,81.64,,10.33,0.48,0.97,08/18,晉達環球策略基金環球策略股票基金A收益股份
瀚亞投資-全球價值股票基金Andmc1(紐幣避險穩定月配)(本基金配息來源可能為本金),,境外,1/4,,,3.31,7.94,6.43,27.02,69.91,52.63,,10.09,0.52,0.82,08/18,瀚亞投資全球價值股票基金Andmc1紐幣避險穩定月配本基金配息來源可能為本金
景順環球小型企業基金C-年配息股美元,,境外,1/4,,,2.21,6.68,10.21,27.02,54.46,47.08,,15.55,0.33,1.4,08/18,景順環球小型企業基金C年配息股美元
聯博-全球多元收益基金ED月配澳幣避險級別(基金之配息來源可能為本金),,境外,1/4,,,1.84,2.95,5.76,27.0,49.11,26.49,,5.46,0.42,0.5,08/18,聯博全球多元收益基金ED月配澳幣避險級別基金之配息來源可能為本金
聯博-國際醫療基金ED月配級別美元(基金之配息來源可能為本金),,境外,1/4,,,4.52,13.76,4.87,26.94,16.99,27.88,,13.02,0.39,0.94,08/18,聯博國際醫療基金ED月配級別美元基金之配息來源可能為本金
景順實現能源轉型基金C股美元,,境外,1/4,,,2.9,4.34,9.77,26.89,40.71,29.28,,11.11,0.45,-0.04,08/18,景順實現能源轉型基金C股美元
晉達環球策略基金-環球策略股票基金C累積股份(美元避險),,境外,1/4,,,2.14,8.03,11.6,26.88,71.45,79.21,,9.61,0.51,0.88,08/18,晉達環球策略基金環球策略股票基金C累積股份美元避險
景順多元收益成長基金A-穩定月配息(澳幣對沖)股澳幣(基金之配息來源可能為本金),,境外,1/4,,,1.62,4.37,4.96,26.83,48.62,44.47,,5.92,0.39,0.46,08/18,景順多元收益成長基金A穩定月配息澳幣對沖股澳幣基金之配息來源可能為本金
東方匯理長鷹多重資產基金IU-C(本基金之配息來源可能來自本金),,境外,1/4,,,3.21,4.98,2.08,26.8,59.42,84.53,,11.18,0.44,0.82,08/18,東方匯理長鷹多重資產基金IUC本基金之配息來源可能來自本金
百達-Quest全球永續股票-P美元,,境外,1/4,,,2.46,8.94,12.75,26.77,67.78,88.76,,8.29,0.59,0.7,08/18,百達Quest全球永續股票P美元
貝萊德全球股票收益基金A2美元,,境外,1/4,,,3.87,6.67,9.16,26.76,51.4,62.04,,11.38,0.43,1.07,08/18,貝萊德全球股票收益基金A2美元
高盛基金III - 高盛全球環境轉型基金Y股美元(本基金非屬環境、社會及治理相關主題之境外基金),,境外,1/4,,,0.7,4.21,4.01,26.72,43.77,171.82,,10.41,0.47,-0.01,08/18,高盛基金III高盛全球環境轉型基金Y股美元本基金非屬環境、社會及治理相關主題之境外基金
貝萊德全球股票收益基金A10美元(總報酬穩定配息)(本基金之配息來源可能為本金),,境外,1/4,,,3.85,6.64,9.2,26.72,51.34,,,11.31,0.44,1.06,08/18,貝萊德全球股票收益基金A10美元總報酬穩定配息本基金之配息來源可能為本金
貝萊德全球股票收益基金A6美元(穩定配息)(基金之配息來源可能為本金),,境外,1/4,,,3.81,6.64,9.17,26.71,51.35,61.96,,11.3,0.44,1.06,08/18,貝萊德全球股票收益基金A6美元穩定配息基金之配息來源可能為本金
百達-智慧城市-HR南非幣DY(基金之配息來源可能為本金),,境外,1/4,,,3.38,7.36,7.05,26.67,61.14,23.48,,9.48,0.27,0.77,08/18,百達智慧城市HR南非幣DY基金之配息來源可能為本金
晉達環球策略基金-環球策略管理基金C收益-2股份(南非幣避險 IRD，月配)(基金之配息來源可能為本金),,境外,1/4,,,3.82,6.4,3.83,26.59,62.81,31.68,,9.8,0.26,0.92,08/18,晉達環球策略基金環球策略管理基金C收益2股份南非幣避險IRD，月配基金之配息來源可能為本金
GAM Star環球股票基金收息單位-美元,,境外,1/4,,,3.06,7.22,13.89,26.58,76.26,39.21,,11.52,0.43,1.22,08/17,GAMStar環球股票基金收息單位美元
GAM Star環球股票基金累積單位-英鎊,,境外,1/4,,,2.93,7.39,13.34,26.5,76.24,39.07,,9.81,0.5,0.94,08/17,GAMStar環球股票基金累積單位英鎊
歐義銳榮環球人類福祉股票基金R,,境外,1/4,,,2.93,8.69,14.77,26.49,,,,10.18,0.51,0.81,08/17,歐義銳榮環球人類福祉股票基金R
M＆G環球股息基金A(美元季配)(本基金配息來源可能為本金且並無保證收益及配息),,境外,1/4,,,2.17,6.92,5.22,26.48,60.78,83.33,,11.25,0.43,0.72,08/18,M＆G環球股息基金A美元季配本基金配息來源可能為本金且並無保證收益及配息
M＆G環球股息基金A(美元)(本基金並無保證收益及配息),,境外,1/4,,,2.17,6.91,5.21,26.47,60.76,83.31,,11.25,0.43,0.72,08/18,M＆G環球股息基金A美元本基金並無保證收益及配息
富達基金-世界基金(A股累計美元),,境外,1/4,,,2.37,6.4,13.55,26.42,70.38,74.83,,10.39,0.46,0.94,08/18,富達基金世界基金A股累計美元
匯豐環球投資基金-環球股票專注波幅AM3OCAD(本基金配息來源可能為本金),,境外,1/4,,,2.57,3.45,7.92,26.41,59.45,60.29,,7.68,0.65,0.7,08/18,匯豐環球投資基金環球股票專注波幅AM3OCAD本基金配息來源可能為本金
富達基金-世界基金(A股歐元),,境外,1/4,,,2.32,6.23,13.76,26.36,70.33,74.63,,8.58,0.58,0.6,08/18,富達基金世界基金A股歐元
東方匯理長鷹多重資產基金FU-MD(月配息)(本基金之配息來源可能來自本金),,境外,1/4,,,3.02,4.43,1.04,26.35,52.46,69.29,,11.7,0.42,0.85,08/18,東方匯理長鷹多重資產基金FUMD月配息本基金之配息來源可能來自本金
羅素多元資產90基金W類股,,境外,1/4,,,2.72,5.6,10.44,26.3,53.17,55.78,,8.77,0.55,0.99,08/17,羅素多元資產90基金W類股
景順實現能源轉型基金A股美元,,境外,1/4,,,2.81,4.21,9.54,26.27,38.68,26.41,,11.02,0.44,-0.05,08/18,景順實現能源轉型基金A股美元
GAM Star環球股票基金-A USD,,境外,1/4,,,3.03,7.15,13.75,26.27,74.94,37.49,,11.51,0.42,1.22,08/17,GAMStar環球股票基金AUSD
東方匯理基金環球精選入息股票I2美元(本基金並無保證收益及配息且配息來源可能為本金),,境外,1/4,,,3.03,8.16,10.6,26.24,68.72,101.92,,10.7,0.45,0.96,08/18,東方匯理基金環球精選入息股票I2美元本基金並無保證收益及配息且配息來源可能為本金
景順環球小型企業基金A-年配息股美元,,境外,1/4,,,2.16,6.51,9.88,26.22,51.64,42.67,,15.55,0.32,1.4,08/18,景順環球小型企業基金A年配息股美元
東方匯理長鷹多重資產基金AU-C(本基金之配息來源可能來自本金),,境外,1/4,,,3.11,4.69,1.52,26.2,55.33,75.96,,11.33,0.42,0.83,08/18,東方匯理長鷹多重資產基金AUC本基金之配息來源可能來自本金
M＆G全球未來趨勢基金A(歐元),,境外,1/4,,,3.45,6.21,9.26,26.19,53.3,61.9,,5.7,0.86,0.27,08/18,M＆G全球未來趨勢基金A歐元
聯博-優化波動股票基金ED月配南非幣避險級別(基金之配息來源可能為本金),,境外,1/4,,,4.06,8.0,8.52,26.17,80.33,68.92,,9.03,0.26,0.71,08/18,聯博優化波動股票基金ED月配南非幣避險級別基金之配息來源可能為本金
施羅德環球基金系列-環球可轉換債券(美元)A-累積(基金主要係投資於非投資等級之高風險債券),,境外,1/4,,,2.4,4.45,10.85,26.14,44.03,33.5,,8.27,0.57,0.48,08/18,施羅德環球基金系列環球可轉換債券美元A累積基金主要係投資於非投資等級之高風險債券
東方匯理長鷹多重資產基金FA-MD(月配息)(本基金之配息來源可能來自本金),,境外,1/4,,,2.78,4.02,1.33,26.1,52.36,68.97,,10.11,0.22,0.63,08/18,東方匯理長鷹多重資產基金FAMD月配息本基金之配息來源可能來自本金
M＆G全球未來趨勢基金A(美元),,境外,1/4,,,3.56,6.51,8.81,26.05,53.43,61.91,,7.96,0.59,0.6,08/18,M＆G全球未來趨勢基金A美元
法巴乾淨能源股票基金C(美元),,境外,1/4,,,-1.67,-21.74,-14.59,26.03,2.51,-39.25,,35.48,0.18,-0.18,08/18,法巴乾淨能源股票基金C美元
百達-Quest全球永續股票-R歐元,,境外,1/4,,,2.32,8.62,12.63,25.97,64.4,82.53,,5.8,0.84,0.36,08/18,百達Quest全球永續股票R歐元
百達-Quest全球永續股票-R歐元月配息(基金之配息來源可能為本金),,境外,1/4,,,2.32,8.62,12.64,25.96,64.41,82.55,,5.8,0.84,0.36,08/18,百達Quest全球永續股票R歐元月配息基金之配息來源可能為本金
施羅德環球基金系列-環球創新股票(美元)A-累積,,境外,1/4,,,5.94,6.53,20.67,25.95,80.22,69.14,,15.55,0.31,0.38,08/18,施羅德環球基金系列環球創新股票美元A累積
PIMCO收益增長基金(歐元避險)-M級類別(月收息強化股份)(本基金之配息來源可能為本金),,境外,1/4,,,2.15,4.76,6.2,25.95,,,,6.99,0.7,0.64,08/18,PIMCO收益增長基金歐元避險M級類別月收息強化股份本基金之配息來源可能為本金
百達-Quest全球永續股票-R美元,,境外,1/4,,,2.4,8.76,12.38,25.94,64.51,82.54,,8.29,0.56,0.7,08/18,百達Quest全球永續股票R美元
百達-Quest全球永續股票-R美元月配息(基金之配息來源可能為本金),,境外,1/4,,,2.39,8.75,12.39,25.93,64.62,82.67,,8.28,0.56,0.7,08/18,百達Quest全球永續股票R美元月配息基金之配息來源可能為本金
法巴乾淨能源股票基金C(歐元),,境外,1/4,,,-1.72,-21.9,-14.37,25.92,2.47,-39.29,,34.0,0.19,-0.18,08/18,法巴乾淨能源股票基金C歐元
法巴乾淨能源股票基金/年配(歐元)(基金之配息來源可能為本金)(歐元),,境外,1/4,,,-1.72,-21.9,-14.37,25.91,2.43,-39.36,,34.0,0.19,-0.18,08/18,法巴乾淨能源股票基金/年配歐元基金之配息來源可能為本金歐元
施羅德環球基金系列-醫療創新股票(美元)A-累積,,境外,1/4,,,0.48,12.99,3.9,25.91,20.75,15.44,,14.02,0.35,-0.17,08/18,施羅德環球基金系列醫療創新股票美元A累積
施羅德環球基金系列-環球氣候變化策略(美元)A-累積,,境外,1/4,,,2.86,-1.73,5.86,25.8,49.01,35.83,,13.2,0.36,0.21,08/18,施羅德環球基金系列環球氣候變化策略美元A累積
晉達環球策略基金-環球策略股票基金C收益股份,,境外,1/4,,,2.42,7.74,10.64,25.78,70.81,72.78,,10.32,0.45,0.97,08/18,晉達環球策略基金環球策略股票基金C收益股份
匯豐環球投資基金-環球股票專注波幅AM3OEUR(本基金配息來源可能為本金),,境外,1/4,,,2.92,3.88,7.41,25.77,70.78,64.99,,7.73,0.63,0.71,08/18,匯豐環球投資基金環球股票專注波幅AM3OEUR本基金配息來源可能為本金
景順實現能源轉型基金B股美元,,境外,1/4,,,2.9,4.17,9.33,25.66,36.76,23.6,,11.25,0.42,-0.05,08/18,景順實現能源轉型基金B股美元
東方匯理長鷹多重資產基金FA-C(本基金之配息來源可能來自本金),,境外,1/4,,,2.77,4.02,1.33,25.63,51.9,68.48,,10.01,0.21,0.63,08/18,東方匯理長鷹多重資產基金FAC本基金之配息來源可能來自本金
景順環球股票收益基金C股美元,,境外,1/4,,,1.91,10.31,10.19,25.6,74.79,115.2,,12.92,0.37,1.02,08/18,景順環球股票收益基金C股美元
施羅德環球基金系列-環球可轉換債券(美元)A1-累積(基金主要係投資於非投資等級之高風險債券),,境外,1/4,,,2.36,4.33,10.61,25.58,42.2,30.76,,8.26,0.55,0.48,08/18,施羅德環球基金系列環球可轉換債券美元A1累積基金主要係投資於非投資等級之高風險債券
晉達環球策略基金-環球特許品牌基金C收益-2股份(南非幣避險 IRD，月配)(基金之配息來源可能為本金),,境外,1/4,,,3.58,9.78,7.49,25.54,66.01,41.39,,11.02,0.21,0.46,08/18,晉達環球策略基金環球特許品牌基金C收益2股份南非幣避險IRD，月配基金之配息來源可能為本金
法巴全球環境基金/月配RH(美元)(基金之配息來源可能為本金),,境外,1/4,,,0.13,7.49,14.06,25.43,48.19,55.52,,15.31,0.31,0.34,08/18,法巴全球環境基金/月配RH美元基金之配息來源可能為本金
施羅德環球基金系列-環球永續增長(美元)A-累積,,境外,1/4,,,4.44,8.54,11.92,25.36,56.71,64.56,,12.38,0.38,1.14,08/18,施羅德環球基金系列環球永續增長美元A累積
聯博-優化波動股票基金AP(總報酬月配)澳幣避險級別(基金之配息來源可能為本金),,境外,1/4,,,3.78,4.42,9.98,25.35,,,,9.05,0.22,0.71,08/18,聯博優化波動股票基金AP總報酬月配澳幣避險級別基金之配息來源可能為本金
聯博-優化波動股票基金AD月配澳幣避險級別(基金之配息來源可能為本金),,境外,1/4,,,3.76,4.41,9.95,25.32,59.67,55.3,,9.03,0.22,0.71,08/18,聯博優化波動股票基金AD月配澳幣避險級別基金之配息來源可能為本金
東方匯理長鷹多元收益基金IU-C(本基金之配息來源可能來自本金),,境外,1/4,,,1.51,4.03,1.46,25.32,45.77,65.97,,9.08,0.5,0.59,08/18,東方匯理長鷹多元收益基金IUC本基金之配息來源可能來自本金
貝萊德ESG社會責任多元資產基金A8多幣別穩定月配息股份-美元幣避險(基金之配息來源可能為本金),,境外,1/4,,,1.3,4.57,8.39,25.23,41.57,49.52,,6.42,0.7,0.57,08/18,貝萊德ESG社會責任多元資產基金A8多幣別穩定月配息股份美元幣避險基金之配息來源可能為本金
施羅德環球基金系列-環球氣候變化策略(美元)A1-累積,,境外,1/4,,,2.82,-1.86,5.6,25.17,46.8,32.48,,13.2,0.35,0.21,08/18,施羅德環球基金系列環球氣候變化策略美元A1累積
貝萊德世界健康科學基金A2歐元,,境外,1/4,,,1.86,13.32,4.7,25.14,24.17,36.14,,11.89,0.4,0.74,08/18,貝萊德世界健康科學基金A2歐元
貝萊德ESG社會責任多元資產基金Hedged A2美元,,境外,1/4,,,1.23,4.51,8.33,25.13,41.53,49.36,,6.47,0.69,0.57,08/18,貝萊德ESG社會責任多元資產基金HedgedA2美元
貝萊德ESG社會責任多元資產基金Hedged A10美元(總報酬穩定配息)(基金之配息來源可能為本金),,境外,1/4,,,1.17,4.46,8.29,25.09,41.47,,,6.43,0.69,0.57,08/18,貝萊德ESG社會責任多元資產基金HedgedA10美元總報酬穩定配息基金之配息來源可能為本金
貝萊德世界健康科學基金A2美元,,境外,1/4,,,1.93,13.46,4.49,25.09,24.24,36.15,,12.8,0.36,0.93,08/18,貝萊德世界健康科學基金A2美元
貝萊德世界健康科學基金A10美元(總報酬穩定配息)(本基金之配息來源可能為本金),,境外,1/4,,,1.92,13.51,4.5,25.07,24.2,,,12.86,0.36,0.94,08/18,貝萊德世界健康科學基金A10美元總報酬穩定配息本基金之配息來源可能為本金
東方匯理長鷹多元收益基金AU-C(本基金之配息來源可能來自本金),,境外,1/4,,,1.43,3.8,1.01,25.05,43.5,60.52,,9.25,0.49,0.6,08/18,東方匯理長鷹多元收益基金AUC本基金之配息來源可能來自本金
東方匯理長鷹多元收益基金AU-MD(月配息)(本基金之配息來源可能來自本金),,境外,1/4,,,1.42,3.8,1.02,25.02,43.47,60.45,,9.22,0.49,0.6,08/18,東方匯理長鷹多元收益基金AUMD月配息本基金之配息來源可能來自本金
霸菱全球農業基金-A類澳幣避險累積型,,境外,1/4,,,-1.78,-2.81,-1.55,25.01,0.99,,,10.75,0.18,-0.31,08/18,霸菱全球農業基金A類澳幣避險累積型
東方匯理基金環球精選入息股票A2美元(穩定月配息)(本基金並無保證收益及配息且配息來源可能為本金),,境外,1/4,,,2.95,7.89,10.05,24.97,,,,10.69,0.42,0.96,08/18,東方匯理基金環球精選入息股票A2美元穩定月配息本基金並無保證收益及配息且配息來源可能為本金
東方匯理基金環球精選入息股票A2美元(本基金並無保證收益及配息且配息來源可能為本金),,境外,1/4,,,2.94,7.89,10.04,24.95,63.62,91.81,,10.69,0.42,0.96,08/18,東方匯理基金環球精選入息股票A2美元本基金並無保證收益及配息且配息來源可能為本金
資本集團全球股票基金(盧森堡)B(美元),,境外,1/4,,,1.96,6.49,9.2,24.83,59.06,70.13,,11.32,0.4,1.07,08/18,資本集團全球股票基金盧森堡B美元
資本集團全球股票基金(盧森堡)B(歐元),,境外,1/4,,,1.98,6.42,9.2,24.82,59.07,70.14,,9.74,0.48,0.73,08/18,資本集團全球股票基金盧森堡B歐元
景順環球股票收益基金A-穩定月配息股美元(基金之配息來源可能為本金),,境外,1/4,,,1.83,10.14,9.81,24.76,71.02,107.59,,12.94,0.35,1.02,08/18,景順環球股票收益基金A穩定月配息股美元基金之配息來源可能為本金
法巴乾淨能源股票基金B(美元),,境外,1/4,,,-1.76,-21.95,-15.02,24.75,-0.52,-42.23,,35.43,0.17,-0.18,08/18,法巴乾淨能源股票基金B美元
晉達環球策略基金-環球策略管理基金C收益-2股份(澳幣避險 IRD，月配)(基金之配息來源可能為本金),,境外,1/4,,,3.52,2.66,4.72,24.72,40.56,15.86,,9.78,0.19,0.92,08/18,晉達環球策略基金環球策略管理基金C收益2股份澳幣避險IRD，月配基金之配息來源可能為本金
景順環球股票收益基金A股美元,,境外,1/4,,,1.85,10.11,9.79,24.69,71.01,107.53,,12.91,0.35,1.02,08/18,景順環球股票收益基金A股美元
施羅德環球基金系列-環球創新股票(美元)U-累積,,境外,1/4,,,5.85,6.26,20.07,24.69,74.92,60.96,,15.54,0.3,0.38,08/18,施羅德環球基金系列環球創新股票美元U累積
普徠仕(盧森堡)系列基金-普徠仕全球成長股票基金I級別(美元),,境外,1/4,,,3.24,4.69,11.56,24.68,69.85,47.9,,12.43,0.36,1.16,08/18,普徠仕盧森堡系列基金普徠仕全球成長股票基金I級別美元
百達-Quest全球永續股票-B美元月配息(基金之配息來源可能為本金),,境外,1/4,,,2.31,8.47,11.83,24.68,,,,8.27,0.53,0.7,08/18,百達Quest全球永續股票B美元月配息基金之配息來源可能為本金
施羅德環球基金系列-醫療創新股票(美元)U-累積,,境外,1/4,,,0.4,12.7,3.38,24.67,17.21,,,14.01,0.32,-0.17,08/18,施羅德環球基金系列醫療創新股票美元U累積
普徠仕(盧森堡)系列基金-普徠仕全球成長股票基金Q級別(美元),,境外,1/4,,,3.26,4.7,11.57,24.64,69.56,47.3,,12.43,0.36,1.16,08/18,普徠仕盧森堡系列基金普徠仕全球成長股票基金Q級別美元
景順健康護理創新基金C-年配息股美元,,境外,1/4,,,1.8,15.63,6.69,24.6,30.41,29.56,,12.52,0.36,0.79,08/18,景順健康護理創新基金C年配息股美元
百達-智慧城市-HR澳幣DY(基金之配息來源可能為本金),,境外,1/4,,,3.0,3.57,7.83,24.6,38.48,8.04,,9.46,0.2,0.76,08/18,百達智慧城市HR澳幣DY基金之配息來源可能為本金
東方匯理長鷹多元收益基金IHE-QD(季配息)(本基金之配息來源可能來自本金),,境外,1/4,,,2.57,2.8,-1.27,24.57,49.86,50.53,,9.81,0.47,0.61,08/18,東方匯理長鷹多元收益基金IHEQD季配息本基金之配息來源可能來自本金
瑞萬通博基金-全球股票收益基金B(美元),,境外,1/4,,,2.46,7.2,3.15,24.53,44.86,62.31,,10.56,0.42,0.78,08/17,瑞萬通博基金全球股票收益基金B美元
晉達環球策略基金-環球環境基金I累積股份,,境外,1/4,,,0.51,5.4,4.7,24.45,36.71,24.13,,13.92,0.32,0.37,08/18,晉達環球策略基金環球環境基金I累積股份
安盛環球基金-潔淨能源基金I CAP美元,,境外,1/4,,,2.28,-0.1,8.5,24.39,49.61,26.48,,20.8,0.23,1.72,08/18,安盛環球基金潔淨能源基金ICAP美元
東方匯理長鷹多重資產基金IHE-C(本基金之配息來源可能來自本金),,境外,1/4,,,4.29,3.69,-0.8,24.32,61.1,64.53,,11.53,0.4,0.84,08/18,東方匯理長鷹多重資產基金IHEC本基金之配息來源可能來自本金
東方匯理長鷹多元收益基金IHE-C(本基金之配息來源可能來自本金),,境外,1/4,,,2.57,2.79,-1.34,24.25,49.49,50.45,,9.76,0.47,0.61,08/18,東方匯理長鷹多元收益基金IHEC本基金之配息來源可能來自本金
施羅德環球基金系列-環球永續增長(美元)U-累積,,境外,1/4,,,4.35,8.26,11.39,24.15,52.17,56.63,,12.39,0.35,1.14,08/18,施羅德環球基金系列環球永續增長美元U累積
晉達環球策略基金-環球優質股息增長基金C收益-2股份(南非幣避險 IRD，月配)(本基金之配息來源可能為本金且並無保證收益及配息),,境外,1/4,,,2.58,6.86,2.78,24.13,62.81,39.46,,11.14,0.18,0.82,08/18,晉達環球策略基金環球優質股息增長基金C收益2股份南非幣避險IRD，月配本基金之配息來源可能為本金且並無保證收益及配息
聯博-優化波動股票基金EP(總報酬月配)澳幣避險級別(基金之配息來源可能為本金),,境外,1/4,,,3.7,4.16,9.45,24.11,,,,9.05,0.19,0.71,08/18,聯博優化波動股票基金EP總報酬月配澳幣避險級別基金之配息來源可能為本金
聯博-優化波動股票基金ED月配澳幣避險級別(基金之配息來源可能為本金),,境外,1/4,,,3.67,4.16,9.39,24.09,54.92,47.71,,9.06,0.19,0.71,08/18,聯博優化波動股票基金ED月配澳幣避險級別基金之配息來源可能為本金
施羅德環球基金系列-環球非投資等級債券(南非幣避險)A-月配固定(C)(基金之配息來源可能為本金且本基金主要投資於符合美國Rule144A規定之私募性質債券),,境外,1/4,,,1.18,5.34,3.7,24.06,63.21,48.96,,2.6,0.69,0.65,08/18,施羅德環球基金系列環球非投資等級債券南非幣避險A月配固定C基金之配息來源可能為本金且本基金主要投資於符合美國Rule144A規定之私募性質債券
貝萊德世界健康科學基金B10美元(總報酬穩定配息)(基金之配息來源可能為本金),,境外,1/4,,,1.87,13.15,4.06,24.02,,,,12.7,0.34,-0.2,08/18,貝萊德世界健康科學基金B10美元總報酬穩定配息基金之配息來源可能為本金
貝萊德ESG社會責任多元資產基金Hedged B10美元(總報酬穩定配息)(基金之配息來源可能為本金),,境外,1/4,,,1.16,4.28,7.91,24.0,,,,6.48,0.65,0.57,08/18,貝萊德ESG社會責任多元資產基金HedgedB10美元總報酬穩定配息基金之配息來源可能為本金
高盛基金III - 高盛環球高股息基金X股美元(本基金並無保證收益),,境外,1/4,,,1.91,6.42,7.0,24.0,54.67,77.85,,10.6,0.4,0.9,08/18,高盛基金III高盛環球高股息基金X股美元本基金並無保證收益
高盛基金III - 高盛環球高股息基金X股美元(月配息)(本基金之配息來源可能為本金且並無保證收益及配息),,境外,1/4,,,1.91,6.43,7.0,24.0,54.69,77.86,,10.6,0.4,0.9,08/18,高盛基金III高盛環球高股息基金X股美元月配息本基金之配息來源可能為本金且並無保證收益及配息
高盛基金III - 高盛邊境市場債券基金X股美元(月配息)(本基金主要係投資於非投資等級之高風險債券且配息來源可能為本金),,境外,1/4,,,-1.27,3.28,3.36,23.91,55.83,49.22,,6.48,0.64,1.44,08/18,高盛基金III高盛邊境市場債券基金X股美元月配息本基金主要係投資於非投資等級之高風險債券且配息來源可能為本金
高盛基金III - 高盛邊境市場債券基金X股美元(本基金主要係投資於非投資等級之高風險債券),,境外,1/4,,,-1.27,3.28,3.36,23.9,55.82,49.27,,6.48,0.64,1.44,08/18,高盛基金III高盛邊境市場債券基金X股美元本基金主要係投資於非投資等級之高風險債券
施羅德環球基金系列-環球城市(美元)A-累積,,境外,1/4,,,-2.83,5.72,2.46,23.9,36.46,13.72,,12.56,0.34,0.01,08/18,施羅德環球基金系列環球城市美元A累積
駿利亨德森遠見基金-全球永續股票基金IU2歐元,,境外,1/4,,,4.98,9.27,14.51,23.89,66.27,65.98,,10.22,0.44,0.75,08/18,駿利亨德森遠見基金全球永續股票基金IU2歐元
高盛基金III - 高盛環球高股息基金X股歐元(本基金並無保證收益),,境外,1/4,,,1.86,6.19,7.28,23.88,54.6,77.7,,6.96,0.63,0.55,08/18,高盛基金III高盛環球高股息基金X股歐元本基金並無保證收益
貝萊德ESG社會責任多元資產基金Hedged B2美元,,境外,1/4,,,1.15,4.25,7.83,23.88,,,,6.47,0.64,0.57,08/18,貝萊德ESG社會責任多元資產基金HedgedB2美元
景順健康護理創新基金A-年配息股美元,,境外,1/4,,,1.74,15.46,6.37,23.86,28.07,25.73,,12.51,0.34,0.79,08/18,景順健康護理創新基金A年配息股美元
歐義銳榮環球智慧股票基金R2,,境外,1/4,,,2.58,5.86,10.62,23.84,58.98,68.45,,7.23,0.58,0.37,08/17,歐義銳榮環球智慧股票基金R2
貝萊德世界健康科學基金B2美元,,境外,1/4,,,1.76,13.12,3.9,23.8,,,,12.84,0.33,0.93,08/18,貝萊德世界健康科學基金B2美元
駿利亨德森遠見基金-全球永續股票基金IU2美元,,境外,1/4,,,5.02,9.4,14.2,23.79,66.34,65.9,,12.28,0.35,1.09,08/18,駿利亨德森遠見基金全球永續股票基金IU2美元
晉達環球策略基金-環球特許品牌基金C收益-2股份(澳幣避險 IRD，月配)(基金之配息來源可能為本金),,境外,1/4,,,3.3,6.05,8.49,23.74,43.18,24.13,,11.01,0.15,0.46,08/18,晉達環球策略基金環球特許品牌基金C收益2股份澳幣避險IRD，月配基金之配息來源可能為本金
瑞銀(盧森堡)策略基金-增長型(美元),,境外,1/4,,,1.89,6.65,10.67,23.7,47.64,51.16,,6.65,0.62,0.72,08/17,瑞銀盧森堡策略基金增長型美元
聯博-全球永續多元資產基金AI(穩定月配)澳幣避險級別(基金之配息來源可能為本金),,境外,1/4,,,1.07,2.11,6.97,23.64,,,,6.2,0.25,0.55,08/18,聯博全球永續多元資產基金AI穩定月配澳幣避險級別基金之配息來源可能為本金
普徠仕(盧森堡)系列基金-普徠仕全球成長股票基金A級別(美元),,境外,1/4,,,3.16,4.46,11.07,23.57,65.27,41.23,,12.41,0.34,1.16,08/18,普徠仕盧森堡系列基金普徠仕全球成長股票基金A級別美元
貝萊德環球非投資等級債券基金A8多幣別穩定月配息股份-南非幣避險(基金主要投資於符合美國Rule 144A規定之私募性質債券且配息來源可能為本金),,境外,1/4,,,1.04,5.27,3.08,23.45,60.48,41.55,,2.78,0.6,0.77,08/18,貝萊德環球非投資等級債券基金A8多幣別穩定月配息股份南非幣避險基金主要投資於符合美國Rule144A規定之私募性質債券且配息來源可能為本金
富蘭克林坦伯頓全球投資系列科技基金日圓避險A(acc)-H1(本基金之配息來源可能為本金),,境外,1/4,,,4.24,5.44,21.5,23.39,,,,24.06,0.29,1.17,08/18,富蘭克林坦伯頓全球投資系列科技基金日圓避險AaccH1本基金之配息來源可能為本金
景順永續性環球數據趨動基金C-年配息股美元(基金之配息來源可能為本金),,境外,1/4,,,2.56,8.3,8.35,23.37,64.52,86.69,,6.9,0.59,0.46,08/18,景順永續性環球數據趨動基金C年配息股美元基金之配息來源可能為本金
富達基金-永續發展全球存股優勢基金(A股【F1穩定月配息】美元避險)(本基金之配息來源可能為本金且並無保證收益及配息),,境外,1/4,,,0.58,6.99,7.66,23.34,59.12,90.21,,8.06,0.5,0.67,08/18,富達基金永續發展全球存股優勢基金A股【F1穩定月配息】美元避險本基金之配息來源可能為本金且並無保證收益及配息
晉達環球策略基金-環球環境基金A累積股份,,境外,1/4,,,0.42,5.18,4.23,23.32,32.94,18.44,,13.93,0.3,0.37,08/18,晉達環球策略基金環球環境基金A累積股份
晉達環球策略基金-環球環境基金A收益股份,,境外,1/4,,,0.41,5.15,4.24,23.31,32.92,18.36,,13.89,0.3,0.37,08/18,晉達環球策略基金環球環境基金A收益股份
歐義銳榮環球智慧股票基金R,,境外,1/4,,,2.52,5.85,10.19,23.29,59.08,68.3,,6.18,0.71,0.07,08/17,歐義銳榮環球智慧股票基金R
施羅德環球基金系列-環球城市(美元)A1-累積,,境外,1/4,,,-2.87,5.59,2.21,23.28,34.42,10.91,,12.56,0.33,1.01,08/18,施羅德環球基金系列環球城市美元A1累積
安聯主題趨勢基金-IT累積類股(美元),,境外,1/4,,,5.69,6.04,8.58,23.26,38.7,38.52,,12.97,0.32,0.93,08/18,安聯主題趨勢基金IT累積類股美元
瑞銀(盧森堡)全球多元關鍵趨勢基金(美元)(歐元避險),,境外,1/4,,,3.86,4.68,6.11,23.26,52.74,38.96,,8.84,0.5,0.92,08/17,瑞銀盧森堡全球多元關鍵趨勢基金美元歐元避險
富達基金-永續發展全球存股優勢基金(A股C月配息美元避險)(本基金之配息來源可能為本金且並無保證收益及配息),,境外,1/4,,,0.58,6.99,7.6,23.21,,,,8.2,0.49,0.19,08/18,富達基金永續發展全球存股優勢基金A股C月配息美元避險本基金之配息來源可能為本金且並無保證收益及配息
安盛環球基金-潔淨能源基金A CAP美元,,境外,1/4,,,2.19,-0.35,7.96,23.17,45.24,20.37,,20.77,0.22,1.72,08/18,安盛環球基金潔淨能源基金ACAP美元
PGIM全球精選不動產證券基金-I美元累積型,,境外,1/4,,,-3.25,3.95,3.4,23.14,43.15,33.89,,12.52,0.33,1.07,08/18,PGIM全球精選不動產證券基金I美元累積型
東方匯理長鷹多元收益基金AHE-C(本基金之配息來源可能來自本金),,境外,1/4,,,2.49,2.56,-1.79,23.13,45.5,43.82,,9.75,0.44,0.61,08/18,東方匯理長鷹多元收益基金AHEC本基金之配息來源可能來自本金
PIMCO收益增長基金(瑞士法郎避險)-M級類別(月收息強化股份)(本基金之配息來源可能為本金),,境外,1/4,,,0.18,1.25,1.57,23.11,,,,6.83,0.61,0.63,08/18,PIMCO收益增長基金瑞士法郎避險M級類別月收息強化股份本基金之配息來源可能為本金
野村基金(愛爾蘭系列)-全球多元收益債券基金(TD南非幣避險類股)(本基金之配息來源可能為本金且有相當比重投資於非投資等級之高風險債券且並無保證收益及配息),,境外,1/4,,,0.95,5.55,0.89,23.05,,,,3.89,0.41,0.92,08/18,野村基金愛爾蘭系列全球多元收益債券基金TD南非幣避險類股本基金之配息來源可能為本金且有相當比重投資於非投資等級之高風險債券且並無保證收益及配息
貝萊德世界健康科學基金Hedged A2港幣,,境外,1/4,,,1.78,12.92,3.29,22.96,19.06,27.42,,12.85,0.33,0.93,08/18,貝萊德世界健康科學基金HedgedA2港幣
貝萊德全球智慧數據股票入息基金A2美元(本基金並無保證收益及配息),,境外,1/4,,,2.54,5.35,11.3,22.95,61.51,73.72,,6.27,0.63,0.42,08/18,貝萊德全球智慧數據股票入息基金A2美元本基金並無保證收益及配息
貝萊德全球股票收益基金Hedged A2歐元,,境外,1/4,,,4.92,5.41,6.05,22.94,51.11,41.45,,11.34,0.38,1.06,08/18,貝萊德全球股票收益基金HedgedA2歐元
景順永續性環球數據趨動基金A-穩定月配息股美元(基金之配息來源可能為本金),,境外,1/4,,,2.54,8.23,8.12,22.93,62.6,82.98,,6.95,0.57,0.47,08/18,景順永續性環球數據趨動基金A穩定月配息股美元基金之配息來源可能為本金
景順永續性環球數據趨動基金A-年配息股美元(基金之配息來源可能為本金),,境外,1/4,,,2.53,8.2,8.14,22.87,62.56,83.01,,6.89,0.57,0.46,08/18,景順永續性環球數據趨動基金A年配息股美元基金之配息來源可能為本金
施羅德環球基金系列-環球非投資等級債券(南非幣避險)U-月配固定(C)(基金之配息來源可能為本金且本基金主要投資於符合美國Rule144A規定之私募性質債券),,境外,1/4,,,1.09,5.08,3.2,22.83,58.46,41.76,,2.6,0.58,0.65,08/18,施羅德環球基金系列環球非投資等級債券南非幣避險U月配固定C基金之配息來源可能為本金且本基金主要投資於符合美國Rule144A規定之私募性質債券
聯博-全球非投資等級債券基金AA(穩定月配)南非幣避險級別(基金之配息來源可能為本金),,境外,1/4,,,0.91,5.17,2.54,22.82,58.75,41.37,,3.55,0.43,1.01,08/18,聯博全球非投資等級債券基金AA穩定月配南非幣避險級別基金之配息來源可能為本金
景順實現能源轉型基金C(歐元對沖)股歐元,,境外,1/4,,,4.15,3.13,6.72,22.81,39.09,10.6,,11.06,0.38,-0.04,08/18,景順實現能源轉型基金C歐元對沖股歐元
貝萊德全球智慧數據股票入息基金A6美元(穩定配息)(基金之配息來源可能為本金且並無保證收益及配息),,境外,1/4,,,2.45,5.28,11.3,22.81,61.34,73.67,,6.2,0.63,0.42,08/18,貝萊德全球智慧數據股票入息基金A6美元穩定配息基金之配息來源可能為本金且並無保證收益及配息
摩根投資基金-策略總報酬基金A股(澳幣對沖)(累計)(本基金有相當比重投資於非投資等級之高風險債券),,境外,1/4,,,3.51,3.66,3.91,22.79,15.51,6.62,,6.45,0.21,0.26,08/18,摩根投資基金策略總報酬基金A股澳幣對沖累計本基金有相當比重投資於非投資等級之高風險債券
高盛基金III - 高盛環球高股息基金Y股美元(月配息)(本基金之配息來源可能為本金且並無保證收益及配息),,境外,1/4,,,1.82,6.15,6.46,22.75,50.1,69.19,,10.58,0.38,0.9,08/18,高盛基金III高盛環球高股息基金Y股美元月配息本基金之配息來源可能為本金且並無保證收益及配息
高盛基金III - 高盛邊境市場債券基金Y股美元(月配息)(本基金主要係投資於非投資等級之高風險債券且配息來源可能為本金),,境外,1/4,,,-1.36,3.02,2.85,22.69,51.22,41.9,,6.48,0.6,1.44,08/18,高盛基金III高盛邊境市場債券基金Y股美元月配息本基金主要係投資於非投資等級之高風險債券且配息來源可能為本金
東方匯理基金環球非投資等級債券A南非幣避險(穩定月配息)(本基金主要投資於符合美國RULE 144A規定之私募性質債券且配息來源可能為本金),,境外,1/4,,,1.1,5.34,1.8,22.6,60.01,36.97,,4.17,0.35,1.12,08/18,東方匯理基金環球非投資等級債券A南非幣避險穩定月配息本基金主要投資於符合美國RULE144A規定之私募性質債券且配息來源可能為本金
PGIM全球精選不動產證券基金-A美元累積型,,境外,1/4,,,-3.29,3.83,3.17,22.58,41.24,30.91,,12.51,0.32,1.07,08/18,PGIM全球精選不動產證券基金A美元累積型
PGIM全球精選不動產證券基金-A美元季配息型,,境外,1/4,,,-3.29,3.82,3.16,22.58,41.25,30.94,,12.51,0.32,1.07,08/18,PGIM全球精選不動產證券基金A美元季配息型
瑞萬通博基金-環球非投資等級債券基金AMH(南非幣避險月配)(本基金配息來源可能為本金),,境外,1/4,,,0.72,5.74,2.85,22.56,57.44,40.54,,1.98,0.75,0.5,08/17,瑞萬通博基金環球非投資等級債券基金AMH南非幣避險月配本基金配息來源可能為本金
荷寶資本成長基金-荷寶全球卓越之星股票D歐元,,境外,1/4,,,2.32,4.11,9.17,22.54,65.03,78.81,,10.33,0.4,0.86,08/18,荷寶資本成長基金荷寶全球卓越之星股票D歐元
駿利亨德森遠見基金-全球永續股票基金A2美元,,境外,1/4,,,4.94,9.12,13.63,22.5,61.18,57.47,,12.28,0.32,1.09,08/18,駿利亨德森遠見基金全球永續股票基金A2美元
施羅德環球基金系列-環球可轉換債券(歐元避險)A-累積(基金主要係投資於非投資等級之高風險債券),,境外,1/4,,,3.49,3.22,7.85,22.5,44.46,18.77,,8.24,0.5,0.33,08/18,施羅德環球基金系列環球可轉換債券歐元避險A累積基金主要係投資於非投資等級之高風險債券
晉達環球策略基金-環球入息導向基金C收益-3股份(南非幣避險IRD，月配)(本基金之配息來源可能為本金且並無保證收益及配息),,境外,1/4,,,1.09,4.82,2.51,22.47,44.82,31.61,,2.48,0.57,0.19,08/18,晉達環球策略基金環球入息導向基金C收益3股份南非幣避險IRD，月配本基金之配息來源可能為本金且並無保證收益及配息
富蘭克林坦伯頓全球投資系列全球債券基金澳幣避險A(Mdis)-H1(本基金之配息來源可能為本金),,境外,1/4,,,1.95,2.9,1.9,22.46,21.45,8.33,,7.25,0.18,1.47,08/18,富蘭克林坦伯頓全球投資系列全球債券基金澳幣避險AMdisH1本基金之配息來源可能為本金
高盛基金III - 高盛環球非投資等級債券基金X股對沖級別南非幣(月配息)(本基金之配息來源可能為本金且本基金主要投資於符合美國RULE 144A規定之私募性質債券),,境外,1/4,,,0.91,5.16,2.69,22.43,55.7,38.04,,2.58,0.55,0.73,08/18,高盛基金III高盛環球非投資等級債券基金X股對沖級別南非幣月配息本基金之配息來源可能為本金且本基金主要投資於符合美國RULE144A規定之私募性質債券
晉達環球策略基金-環球環境基金C累積股份,,境外,1/4,,,0.36,4.98,3.83,22.41,29.99,14.07,,13.94,0.29,0.37,08/18,晉達環球策略基金環球環境基金C累積股份
晉達環球策略基金-環球優質股息增長基金C收益-2 股份(澳幣避險IRD，月配)(本基金之配息來源可能為本金且並無保證收益及配息),,境外,1/4,,,2.26,3.19,3.77,22.39,40.47,22.7,,11.13,0.12,0.82,08/18,晉達環球策略基金環球優質股息增長基金C收益2股份澳幣避險IRD，月配本基金之配息來源可能為本金且並無保證收益及配息
聯博-全球永續多元資產基金EI(穩定月配)澳幣避險級別(基金之配息來源可能為本金),,境外,1/4,,,1.0,1.85,6.43,22.39,,,,6.2,0.2,0.55,08/18,聯博全球永續多元資產基金EI穩定月配澳幣避險級別基金之配息來源可能為本金
荷寶資本成長基金-荷寶全球卓越之星股票DL美元,,境外,1/4,,,2.36,4.27,8.75,22.34,63.89,76.73,,12.67,0.31,1.21,08/18,荷寶資本成長基金荷寶全球卓越之星股票DL美元
晉達環球策略基金-環球環境基金C收益股份,,境外,1/4,,,0.34,4.94,3.84,22.33,29.96,13.99,,13.9,0.29,0.37,08/18,晉達環球策略基金環球環境基金C收益股份
景順實現能源轉型基金A(歐元對沖)股歐元,,境外,1/4,,,3.98,3.01,6.44,22.3,37.07,8.18,,10.96,0.38,-0.04,08/18,景順實現能源轉型基金A歐元對沖股歐元
駿利亨德森資產管理基金-駿利亨德森環球房地產股票收益基金I1季配美元(本基金某些股份類別之配息來源可能為本金且並無保證收益及配息),,境外,1/4,,,-3.86,5.43,7.47,22.27,39.04,26.97,,11.46,0.34,0.99,08/18,駿利亨德森資產管理基金駿利亨德森環球房地產股票收益基金I1季配美元本基金某些股份類別之配息來源可能為本金且並無保證收益及配息
安聯主題趨勢基金-AT累積類股(美元),,境外,1/4,,,5.61,5.82,8.12,22.21,35.17,32.71,,12.96,0.3,0.93,08/18,安聯主題趨勢基金AT累積類股美元
MFS全盛基金系列-MFS全盛全球重點研究基金I1(美元),,境外,1/4,,,3.15,7.19,6.92,22.21,59.42,64.07,,11.56,0.34,0.99,08/18,MFS全盛基金系列MFS全盛全球重點研究基金I1美元
聯博-全球非投資等級債券基金EAX(穩定月配)南非幣避險級別(基金之配息來源可能為本金),,境外,1/4,,,0.88,5.02,2.28,22.2,56.33,37.88,,3.55,0.39,1.01,08/18,聯博全球非投資等級債券基金EAX穩定月配南非幣避險級別基金之配息來源可能為本金
宏利環球基金-環球股票基金AA股,,境外,1/4,,,2.16,6.71,2.95,22.16,52.04,66.1,,11.45,0.34,0.88,08/18,宏利環球基金環球股票基金AA股
富蘭克林坦伯頓全球投資系列科技基金日圓避險F(acc)-H1(本基金之配息來源可能為本金),,境外,1/4,,,4.16,5.19,20.92,22.15,,,,24.04,0.28,1.17,08/18,富蘭克林坦伯頓全球投資系列科技基金日圓避險FaccH1本基金之配息來源可能為本金
瀚亞投資-全球低波動股票基金A(美元),,境外,1/4,,,1.53,8.34,7.89,22.15,41.93,49.42,,5.37,0.69,0.26,08/18,瀚亞投資全球低波動股票基金A美元
百達-環境機會-I美元,,境外,1/4,,,1.42,5.36,8.13,22.12,41.01,38.97,,15.73,0.25,1.3,08/18,百達環境機會I美元
MFS全盛基金系列-MFS全盛全球內在價值股票基金I1(歐元),,境外,1/4,,,5.78,8.92,7.12,22.12,58.03,64.15,,11.31,0.36,0.87,08/18,MFS全盛基金系列MFS全盛全球內在價值股票基金I1歐元
MFS全盛基金系列-MFS全盛全球內在價值股票基金I1(美元),,境外,1/4,,,5.76,8.99,7.12,22.11,58.11,64.32,,14.74,0.27,1.22,08/18,MFS全盛基金系列MFS全盛全球內在價值股票基金I1美元
富蘭克林坦伯頓全球投資系列互利全球領航基金歐元A(acc),,境外,1/4,,,3.09,8.8,3.27,22.11,45.41,70.7,,10.61,0.38,0.67,08/18,富蘭克林坦伯頓全球投資系列互利全球領航基金歐元Aacc
富蘭克林坦伯頓全球投資系列互利全球領航基金美元A(acc),,境外,1/4,,,3.06,8.88,3.28,22.07,45.42,70.71,,14.62,0.27,1.0,08/18,富蘭克林坦伯頓全球投資系列互利全球領航基金美元Aacc
法巴全球環境基金C(美元),,境外,1/4,,,1.23,6.64,10.63,22.03,49.41,40.18,,17.29,0.23,0.52,08/18,法巴全球環境基金C美元
施羅德環球基金系列-環球進取股票(歐元)A-累積,,境外,1/4,,,3.79,7.0,9.11,21.98,70.85,83.26,,7.56,0.52,0.18,08/18,施羅德環球基金系列環球進取股票歐元A累積
駿利亨德森遠見基金-全球地產股票基金I3月配美元(本基金之配息來源可能為本金),,境外,1/4,,,-2.4,4.95,3.67,21.96,32.81,15.15,,11.2,0.34,0.39,08/18,駿利亨德森遠見基金全球地產股票基金I3月配美元本基金之配息來源可能為本金
施羅德環球基金系列-環球可轉換債券(歐元避險)A1-累積(基金主要係投資於非投資等級之高風險債券),,境外,1/4,,,3.45,3.1,7.61,21.95,42.6,16.3,,8.24,0.48,0.45,08/18,施羅德環球基金系列環球可轉換債券歐元避險A1累積基金主要係投資於非投資等級之高風險債券
駿利亨德森遠見基金-全球地產股票基金I2美元,,境外,1/4,,,-2.41,4.96,3.66,21.95,32.79,15.15,,11.21,0.34,0.39,08/18,駿利亨德森遠見基金全球地產股票基金I2美元
富蘭克林坦伯頓全球投資系列全球穩定月收益基金美元A(Mdis)(本基金之配息來源可能為本金),,境外,1/4,,,1.53,3.82,4.92,21.94,36.54,47.84,,6.06,0.61,0.49,08/18,富蘭克林坦伯頓全球投資系列全球穩定月收益基金美元AMdis本基金之配息來源可能為本金
富蘭克林坦伯頓全球投資系列全球穩定月收益基金美元A(acc)(本基金之配息來源可能為本金),,境外,1/4,,,1.45,3.77,4.83,21.93,36.58,47.87,,6.11,0.6,0.49,08/18,富蘭克林坦伯頓全球投資系列全球穩定月收益基金美元Aacc本基金之配息來源可能為本金
法巴全球環境基金C(歐元),,境外,1/4,,,1.18,6.41,10.92,21.93,49.35,40.1,,15.2,0.27,0.34,08/18,法巴全球環境基金C歐元
美盛全球非投資等級債券基金A類股澳幣增益配息型(M)(避險)(本基金主要投資於符合美國Rule 144A規定之私募性質債券且基金之配息來源可能為本金),,境外,1/4,,,0.32,1.3,3.14,21.93,39.43,18.28,,3.4,0.33,0.88,08/18,美盛全球非投資等級債券基金A類股澳幣增益配息型M避險本基金主要投資於符合美國Rule144A規定之私募性質債券且基金之配息來源可能為本金
安盛環球基金-潔淨能源基金BL CAP美元,,境外,1/4,,,2.11,-0.61,7.41,21.92,40.9,,,20.74,0.2,1.71,08/18,安盛環球基金潔淨能源基金BLCAP美元
施羅德環球基金系列-環球進取股票(美元)A-累積,,境外,1/4,,,3.89,7.09,8.74,21.91,71.12,83.17,,10.81,0.35,0.98,08/18,施羅德環球基金系列環球進取股票美元A累積
富蘭克林坦伯頓全球投資系列全球穩定月收益基金歐元A(Ydis)(本基金之配息來源可能為本金),,境外,1/4,,,1.51,3.72,4.82,21.9,36.63,47.8,,3.95,0.98,0.15,08/18,富蘭克林坦伯頓全球投資系列全球穩定月收益基金歐元AYdis本基金之配息來源可能為本金
法巴全球大趨勢基金C(美元),,境外,1/4,,,2.29,4.38,9.3,21.89,67.58,63.53,,12.3,0.31,1.14,08/18,法巴全球大趨勢基金C美元
富達基金-永續發展全球存股優勢基金(B股C月配息美元避險)(本基金之配息來源可能為本金且並無保證收益及配息),,境外,1/4,,,0.41,6.67,6.85,21.87,,,,8.19,0.45,0.18,08/18,富達基金永續發展全球存股優勢基金B股C月配息美元避險本基金之配息來源可能為本金且並無保證收益及配息
霸菱環球非投資等級債券基金-G類澳幣避險月配息型(本基金主要投資於符合美國 Rule 144A規定之私募性質債券且配息來源可能為本金),,境外,1/4,,,0.61,1.67,3.89,21.85,38.96,31.19,,2.82,0.39,0.8,08/18,霸菱環球非投資等級債券基金G類澳幣避險月配息型本基金主要投資於符合美國Rule144A規定之私募性質債券且配息來源可能為本金
霸菱環球非投資等級債券基金-G類澳幣避險累積型(本基金主要投資於符合美國 Rule 144A規定之私募性質債券且配息來源可能為本金),,境外,1/4,,,0.6,1.65,3.86,21.8,38.82,31.04,,2.8,0.38,0.8,08/18,霸菱環球非投資等級債券基金G類澳幣避險累積型本基金主要投資於符合美國Rule144A規定之私募性質債券且配息來源可能為本金
法巴全球大趨勢基金C(歐元),,境外,1/4,,,2.25,4.15,9.58,21.78,67.48,63.41,,10.11,0.39,0.79,08/18,法巴全球大趨勢基金C歐元
路博邁投資基金-NB策略收益基金A月配息類股(南非幣)(本基金主要係投資於非投資等級之高風險債券且配息來源可能為本金),,境外,1/4,,,0.75,4.67,0.64,21.78,,,,3.52,0.36,0.96,08/18,路博邁投資基金NB策略收益基金A月配息類股南非幣本基金主要係投資於非投資等級之高風險債券且配息來源可能為本金
施羅德環球基金系列-環球非投資等級債券(澳幣避險)A-月配固定(C)(基金之配息來源可能為本金且本基金主要投資於符合美國Rule144A規定之私募性質債券),,境外,1/4,,,0.87,1.6,4.36,21.76,39.9,29.65,,2.54,0.42,0.63,08/18,施羅德環球基金系列環球非投資等級債券澳幣避險A月配固定C基金之配息來源可能為本金且本基金主要投資於符合美國Rule144A規定之私募性質債券
貝萊德ESG社會責任多元資產基金A2歐元,,境外,1/4,,,2.3,3.31,5.41,21.67,42.58,34.3,,6.46,0.6,0.57,08/18,貝萊德ESG社會責任多元資產基金A2歐元
貝萊德環球資產配置基金A2歐元,,境外,1/4,,,1.52,4.01,6.53,21.67,48.11,48.76,,6.12,0.63,0.44,08/18,貝萊德環球資產配置基金A2歐元
安聯全球機智股票基金-IT累積類股(美元),,境外,1/4,,,2.08,1.79,6.36,21.66,54.45,,,10.96,0.34,0.85,08/18,安聯全球機智股票基金IT累積類股美元
貝萊德環球資產配置基金A10美元(總報酬穩定配息)(基金之配息來源可能為本金),,境外,1/4,,,1.6,4.13,6.32,21.65,47.44,,,8.22,0.44,0.78,08/18,貝萊德環球資產配置基金A10美元總報酬穩定配息基金之配息來源可能為本金
貝萊德環球資產配置基金A2美元,,境外,1/4,,,1.59,4.15,6.29,21.63,48.19,48.76,,8.2,0.45,0.78,08/18,貝萊德環球資產配置基金A2美元
貝萊德全球智慧數據股票入息基金B2美元(本基金並無保證收益及配息),,境外,1/4,,,2.44,5.03,10.67,21.62,,,,6.2,0.58,0.42,08/18,貝萊德全球智慧數據股票入息基金B2美元本基金並無保證收益及配息
貝萊德全球智慧數據股票入息基金B6美元(穩定配息)(基金之配息來源可能為本金且並無保證收益及配息),,境外,1/4,,,2.38,4.96,10.71,21.62,,,,6.27,0.58,0.42,08/18,貝萊德全球智慧數據股票入息基金B6美元穩定配息基金之配息來源可能為本金且並無保證收益及配息
高盛基金III - 高盛旗艦多元資產基金X股對沖級別澳幣(月配息)(本基金之配息來源可能為本金),,境外,1/4,,,0.82,1.99,3.89,21.6,29.0,11.07,,4.27,0.24,0.35,08/18,高盛基金III高盛旗艦多元資產基金X股對沖級別澳幣月配息本基金之配息來源可能為本金
東方匯理基金環球非投資等級債券B南非幣避險(穩定月配息)(本基金主要投資於符合美國RULE 144A規定之私募性質債券且配息來源可能為本金),,境外,1/4,,,1.05,5.14,1.44,21.58,56.24,,,4.14,0.3,1.11,08/18,東方匯理基金環球非投資等級債券B南非幣避險穩定月配息本基金主要投資於符合美國RULE144A規定之私募性質債券且配息來源可能為本金
東方匯理基金環球非投資等級債券T南非幣避險(穩定月配息)(本基金主要投資於符合美國RULE 144A規定之私募性質債券且配息來源可能為本金),,境外,1/4,,,1.04,5.14,1.42,21.56,55.85,31.76,,4.13,0.3,1.11,08/18,東方匯理基金環球非投資等級債券T南非幣避險穩定月配息本基金主要投資於符合美國RULE144A規定之私募性質債券且配息來源可能為本金
東方匯理基金策略收益債券A南非幣避險(穩定月配息)(本基金有相當比重投資於非投資等級之高風險債券且配息來源可能為本金),,境外,1/4,,,0.33,4.27,0.23,21.53,49.28,25.37,,3.8,0.32,1.05,08/18,東方匯理基金策略收益債券A南非幣避險穩定月配息本基金有相當比重投資於非投資等級之高風險債券且配息來源可能為本金
富達基金-永續發展全球存股優勢基金(Y股美元)(本基金並無保證收益及配息),,境外,1/4,,,1.38,6.41,5.57,21.52,62.44,81.28,,10.84,0.34,0.91,08/18,富達基金永續發展全球存股優勢基金Y股美元本基金並無保證收益及配息
法巴全球非投資等級債券基金/月配H(澳幣)(本基金主要投資於符合美國Rule 144A規定之私募性質債券，基金之配息來源可能為本金),,境外,1/4,,,1.02,2.08,4.23,21.51,37.59,27.99,,2.55,0.39,0.7,08/18,法巴全球非投資等級債券基金/月配H澳幣本基金主要投資於符合美國Rule144A規定之私募性質債券，基金之配息來源可能為本金
安聯主題趨勢基金-BT累積類股(美元),,境外,1/4,,,5.55,5.66,7.79,21.47,32.73,28.77,,12.95,0.29,0.93,08/18,安聯主題趨勢基金BT累積類股美元
摩根投資基金-環球非投資等級債券基金A股(澳幣對沖)(利率入息)(本基金之配息來源可能為本金且主要投資於符合美國Rule 144A規定之私募性質債券),,境外,1/4,,,0.55,1.23,3.64,21.43,38.77,29.32,,2.43,0.41,0.69,08/18,摩根投資基金環球非投資等級債券基金A股澳幣對沖利率入息本基金之配息來源可能為本金且主要投資於符合美國Rule144A規定之私募性質債券
羅素多元資產70基金B類股,,境外,1/4,,,1.5,4.27,6.92,21.41,42.85,46.71,,6.52,0.55,0.73,08/17,羅素多元資產70基金B類股
富蘭克林坦伯頓全球投資系列互利美國價值基金歐元A(acc),,境外,1/4,,,1.89,8.78,5.75,21.41,42.52,54.87,,9.55,0.4,0.6,08/18,富蘭克林坦伯頓全球投資系列互利美國價值基金歐元Aacc
富蘭克林坦伯頓全球投資系列互利美國價值基金美元A(acc),,境外,1/4,,,1.88,8.86,5.74,21.41,42.5,54.95,,13.13,0.28,0.94,08/18,富蘭克林坦伯頓全球投資系列互利美國價值基金美元Aacc
施羅德環球基金系列-環球進取股票(歐元)A1-累積,,境外,1/4,,,3.74,6.86,8.84,21.38,68.31,78.74,,7.55,0.5,0.62,08/18,施羅德環球基金系列環球進取股票歐元A1累積
摩根投資基金-環球非投資等級債券基金A股(澳幣對沖)(累計)(本基金主要投資於符合美國Rule 144A規定之私募性質債券),,境外,1/4,,,0.57,1.18,3.61,21.37,38.55,28.77,,2.4,0.4,0.68,08/18,摩根投資基金環球非投資等級債券基金A股澳幣對沖累計本基金主要投資於符合美國Rule144A規定之私募性質債券
施羅德環球基金系列-環球進取股票(美元)A1-累積,,境外,1/4,,,3.85,6.95,8.48,21.31,68.59,78.66,,10.8,0.34,0.98,08/18,施羅德環球基金系列環球進取股票美元A1累積
高盛基金III - 高盛環球非投資等級債券基金Y股對沖級別南非幣(月配息)(本基金之配息來源可能為本金且本基金主要投資於符合美國RULE 144A規定之私募性質債券),,境外,1/4,,,0.8,4.89,2.19,21.28,50.9,30.93,,2.58,0.44,0.73,08/18,高盛基金III高盛環球非投資等級債券基金Y股對沖級別南非幣月配息本基金之配息來源可能為本金且本基金主要投資於符合美國RULE144A規定之私募性質債券
施羅德環球基金系列-環球收息債券(南非幣避險)A-月配固定(C)(基金有相當比重投資於非投資等級之高風險債券且基金之配息來源可能為本金),,境外,1/4,,,0.53,4.74,1.24,21.18,55.4,35.13,,2.7,0.42,0.7,08/18,施羅德環球基金系列環球收息債券南非幣避險A月配固定C基金有相當比重投資於非投資等級之高風險債券且基金之配息來源可能為本金
景順環球非投資等級債券基金A-穩定月配息(澳幣對沖)股澳幣(本基金主要投資於符合美國Rule 144A 規定之私募性質債券，且基金之配息來源可能為本金，本基金非屬環境、社會、治理相關主題基金),,境外,1/4,,,0.42,1.33,3.44,21.18,33.63,23.48,,2.55,0.36,0.71,08/18,景順環球非投資等級債券基金A穩定月配息澳幣對沖股澳幣本基金主要投資於符合美國Rule144A規定之私募性質債券，且基金之配息來源可能為本金，本基金非屬環境、社會、治理相關主題基金
駿利亨德森資產管理基金-駿利亨德森環球房地產股票收益基金T2美元(本基金並無保證收益),,境外,1/4,,,-4.03,4.95,6.65,21.16,,,,11.47,0.32,0.99,08/18,駿利亨德森資產管理基金駿利亨德森環球房地產股票收益基金T2美元本基金並無保證收益
貝萊德環球非投資等級債券基金A8多幣別穩定月配息股份-澳幣避險(基金主要投資於符合美國Rule 144A規定之私募性質債券且配息來源可能為本金),,境外,1/4,,,0.64,1.52,3.81,21.16,37.63,23.98,,2.7,0.34,0.74,08/18,貝萊德環球非投資等級債券基金A8多幣別穩定月配息股份澳幣避險基金主要投資於符合美國Rule144A規定之私募性質債券且配息來源可能為本金
摩根士丹利環球平衡收益基金AHRM月配息(美元避險)(本基金之配息來源可能為本金),,境外,1/4,,,0.12,4.71,7.2,21.13,34.8,49.31,,5.46,0.64,0.48,08/18,摩根士丹利環球平衡收益基金AHRM月配息美元避險本基金之配息來源可能為本金
匯豐環球投資基金-環球非投資等級債券AM3HAUD(本基金配息來源可能為本金),,境外,1/4,,,0.69,1.32,3.61,21.12,35.15,19.53,,2.41,0.38,0.67,08/18,匯豐環球投資基金環球非投資等級債券AM3HAUD本基金配息來源可能為本金
安本基金-環球未來趨勢股票基金X累積美元,,境外,1/4,,,5.31,6.47,13.61,21.07,54.16,2.87,,13.37,0.27,0.35,08/18,安本基金環球未來趨勢股票基金X累積美元
東方匯理基金策略收益債券T南非幣避險(穩定月配息)(本基金有相當比重投資於非投資等級之高風險債券且配息來源可能為本金),,境外,1/4,,,0.33,4.12,0.05,21.06,47.57,23.62,,3.88,0.28,1.07,08/18,東方匯理基金策略收益債券T南非幣避險穩定月配息本基金有相當比重投資於非投資等級之高風險債券且配息來源可能為本金
東方匯理基金策略收益債券U南非幣避險(穩定月配息)(本基金有相當比重投資於非投資等級之高風險債券且配息來源可能為本金),,境外,1/4,,,0.32,4.13,0.01,21.04,47.77,23.69,,3.9,0.28,1.07,08/18,東方匯理基金策略收益債券U南非幣避險穩定月配息本基金有相當比重投資於非投資等級之高風險債券且配息來源可能為本金
DWS投資可轉債基金USD FCH(本基金有相當比重投資於非投資等級之高風險債券),,境外,1/4,,,1.12,4.93,9.31,21.03,38.73,37.35,,7.27,0.48,0.85,08/18,DWS投資可轉債基金USDFCH本基金有相當比重投資於非投資等級之高風險債券
摩根士丹利環球平衡收益基金AHR季配息(美元避險)(本基金之配息來源可能為本金),,境外,1/4,,,0.12,4.7,7.14,21.02,34.79,49.35,,5.45,0.63,0.47,08/18,摩根士丹利環球平衡收益基金AHR季配息美元避險本基金之配息來源可能為本金
聯博-優化短期非投資等級債券基金AI(穩定月配)澳幣避險級別(本基金主要投資於符合美國 Rule 144A規定之私募性質債券且基金之配息來源可能為本金),,境外,1/4,,,0.72,1.59,4.44,21.01,32.54,,,2.37,0.37,0.66,08/18,聯博優化短期非投資等級債券基金AI穩定月配澳幣避險級別本基金主要投資於符合美國Rule144A規定之私募性質債券且基金之配息來源可能為本金
東方匯理基金策略收益債券B南非幣避險(穩定月配息)(本基金有相當比重投資於非投資等級之高風險債券且配息來源可能為本金),,境外,1/4,,,0.31,4.12,0.0,21.0,47.72,23.7,,3.88,0.28,1.07,08/18,東方匯理基金策略收益債券B南非幣避險穩定月配息本基金有相當比重投資於非投資等級之高風險債券且配息來源可能為本金
先機環球動態債券基金L類避險收益股(南非幣穩定配息)(基金之配息來源可能為本金),,境外,1/4,,,0.52,5.3,0.2,21.0,45.63,39.74,,4.0,0.27,1.03,08/18,先機環球動態債券基金L類避險收益股南非幣穩定配息基金之配息來源可能為本金
施羅德環球基金系列-環球非投資等級債券(澳幣避險)A1-月配固定(C)(基金之配息來源可能為本金且本基金主要投資於符合美國Rule144A規定之私募性質債券),,境外,1/4,,,0.81,1.43,4.03,20.99,37.28,26.08,,2.54,0.35,0.62,08/18,施羅德環球基金系列環球非投資等級債券澳幣避險A1月配固定C基金之配息來源可能為本金且本基金主要投資於符合美國Rule144A規定之私募性質債券
駿利亨德森資產管理基金-駿利亨德森環球房地產股票收益基金A2美元(本基金並無保證收益),,境外,1/4,,,-3.93,5.18,6.96,20.97,34.64,21.96,,11.44,0.31,0.99,08/18,駿利亨德森資產管理基金駿利亨德森環球房地產股票收益基金A2美元本基金並無保證收益
歐義銳榮環球智慧股票基金RH,,境外,1/4,,,3.21,5.2,7.87,20.97,60.97,56.35,,6.5,0.59,0.29,08/17,歐義銳榮環球智慧股票基金RH
駿利亨德森遠見基金-全球地產股票基金A2美元,,境外,1/4,,,-2.47,4.75,3.22,20.94,29.35,10.18,,11.23,0.32,0.4,08/18,駿利亨德森遠見基金全球地產股票基金A2美元
聯博-優化短期非投資等級債券基金AA(穩定月配)澳幣避險級別(本基金主要投資於符合美國 Rule 144A規定之私募性質債券且基金之配息來源可能為本金),,境外,1/4,,,0.74,1.58,4.4,20.93,32.59,27.4,,2.34,0.37,0.65,08/18,聯博優化短期非投資等級債券基金AA穩定月配澳幣避險級別本基金主要投資於符合美國Rule144A規定之私募性質債券且基金之配息來源可能為本金
駿利亨德森資產管理基金-駿利亨德森環球房地產股票收益基金A3季配美元(本基金某些股份類別之配息來源可能為本金且並無保證收益及配息),,境外,1/4,,,-3.96,5.15,6.89,20.91,34.61,22.02,,11.46,0.31,0.99,08/18,駿利亨德森資產管理基金駿利亨德森環球房地產股票收益基金A3季配美元本基金某些股份類別之配息來源可能為本金且並無保證收益及配息
柏瑞環球基金-柏瑞環球動態資產配置基金Y,,境外,1/4,,,1.56,4.52,5.61,20.89,38.89,31.94,,8.92,0.39,0.83,08/18,柏瑞環球基金柏瑞環球動態資產配置基金Y
MFS全盛基金系列-MFS全盛全球重點研究基金A1(美元),,境外,1/4,,,3.07,6.91,6.36,20.88,54.29,55.34,,11.55,0.31,0.99,08/18,MFS全盛基金系列MFS全盛全球重點研究基金A1美元
駿利亨德森遠見基金-全球地產股票基金A4月配美元(本基金之配息來源可能為本金),,境外,1/4,,,-2.49,4.71,3.19,20.87,29.37,10.19,,11.27,0.31,0.39,08/18,駿利亨德森遠見基金全球地產股票基金A4月配美元本基金之配息來源可能為本金
安聯主題趨勢基金-BT9累積類股(美元),,境外,1/4,,,5.49,5.55,7.48,20.87,,,,12.89,0.28,0.93,08/18,安聯主題趨勢基金BT9累積類股美元
MFS全盛基金系列-MFS全盛全球重點研究基金A1(歐元),,境外,1/4,,,3.1,6.81,6.33,20.87,54.14,55.13,,8.39,0.44,0.64,08/18,MFS全盛基金系列MFS全盛全球重點研究基金A1歐元
法巴全球大趨勢基金B(美元),,境外,1/4,,,2.22,4.15,8.84,20.84,62.98,55.99,,12.29,0.29,1.14,08/18,法巴全球大趨勢基金B美元
百達-精選品牌-HR南非幣月配息(基金之配息來源可能為本金),,境外,1/4,,,-1.73,10.55,-2.16,20.81,39.13,35.21,,17.03,0.08,0.22,08/18,百達精選品牌HR南非幣月配息基金之配息來源可能為本金
MFS全盛基金系列-MFS全盛全球資產配置基金I1(美元),,境外,1/4,,,1.58,6.23,5.15,20.8,41.18,49.7,,7.76,0.44,0.58,08/18,MFS全盛基金系列MFS全盛全球資產配置基金I1美元
法巴全球環境基金B(美元),,境外,1/4,,,1.15,6.36,10.06,20.78,44.95,,,17.28,0.22,0.52,08/18,法巴全球環境基金B美元
MFS全盛基金系列-MFS全盛全球內在價值股票基金A1(美元),,境外,1/4,,,5.69,8.7,6.55,20.78,53.03,55.61,,14.72,0.25,1.22,08/18,MFS全盛基金系列MFS全盛全球內在價值股票基金A1美元
美盛西方資產全球多重策略基金A類股南非幣增益配息型(M)(避險)(本基金有相當比重投資於非投資等級之高風險債券且基金之配息來源可能為本金),,境外,1/4,,,0.69,4.52,0.9,20.78,47.28,26.3,,3.15,0.33,0.79,08/18,美盛西方資產全球多重策略基金A類股南非幣增益配息型M避險本基金有相當比重投資於非投資等級之高風險債券且基金之配息來源可能為本金
MFS全盛基金系列-MFS全盛全球內在價值股票基金A1(歐元),,境外,1/4,,,5.66,8.6,6.51,20.76,52.86,55.33,,11.32,0.33,0.88,08/18,MFS全盛基金系列MFS全盛全球內在價值股票基金A1歐元
聯博-全球非投資等級債券基金AA(穩定月配)澳幣避險級別(基金之配息來源可能為本金),,境外,1/4,,,0.7,1.43,3.34,20.75,36.34,23.82,,3.53,0.24,1.0,08/18,聯博全球非投資等級債券基金AA穩定月配澳幣避險級別基金之配息來源可能為本金
PIMCO多元收益債券基金-M級類別(澳幣避險)月收息股份(本基金有相當比重投資於非投資等級之高風險債券且配息來源可能為本金),,境外,1/4,,,0.16,1.0,1.4,20.72,34.69,10.45,,4.38,0.19,1.1,08/18,PIMCO多元收益債券基金M級類別澳幣避險月收息股份本基金有相當比重投資於非投資等級之高風險債券且配息來源可能為本金
富蘭克林坦伯頓全球投資系列全球穩定月收益基金美元F(Mdis)(本基金之配息來源可能為本金),,境外,1/4,,,1.45,3.54,4.35,20.67,,,,6.07,0.56,0.49,08/18,富蘭克林坦伯頓全球投資系列全球穩定月收益基金美元FMdis本基金之配息來源可能為本金
瑞銀(盧森堡)歐元非投資等級債券基金(歐元)(澳幣避險)(月配息)(本基金之配息來源可能為本金),,境外,1/4,,,0.25,1.7,2.79,20.62,41.29,39.56,,2.27,0.36,0.52,08/17,瑞銀盧森堡歐元非投資等級債券基金歐元澳幣避險月配息本基金之配息來源可能為本金
聯博-全球非投資等級債券基金AT澳幣避險級別(基金之配息來源可能為本金),,境外,1/4,,,0.56,1.5,3.26,20.59,36.2,23.8,,3.5,0.23,0.99,08/18,聯博全球非投資等級債券基金AT澳幣避險級別基金之配息來源可能為本金
富達基金-永續發展全球存股優勢基金(A股累計美元)(本基金並無保證收益及配息),,境外,1/4,,,1.4,6.21,5.14,20.59,58.68,74.04,,10.82,0.32,0.91,08/18,富達基金永續發展全球存股優勢基金A股累計美元本基金並無保證收益及配息
安本基金-環球永續股票基金X累積美元,,境外,1/4,,,1.33,6.17,8.6,20.58,36.0,28.16,,8.61,0.4,0.71,08/18,安本基金環球永續股票基金X累積美元
路博邁投資基金-NB策略收益基金E月配息類股(南非幣)(本基金主要係投資於非投資等級之高風險債券且配息來源可能為本金),,境外,1/4,,,0.67,4.41,0.15,20.56,,,,3.49,0.28,0.95,08/18,路博邁投資基金NB策略收益基金E月配息類股南非幣本基金主要係投資於非投資等級之高風險債券且配息來源可能為本金
霸菱優先順位資產抵押債券基金-G類澳幣避險月配息型(本基金主要投資於非投資等級之高風險債券及符合美國Rule 144A規定之私募性質債券且基金之配息來源可能為本金),,境外,1/4,,,0.67,1.75,3.8,20.55,36.04,29.81,,2.26,0.34,0.63,08/18,霸菱優先順位資產抵押債券基金G類澳幣避險月配息型本基金主要投資於非投資等級之高風險債券及符合美國Rule144A規定之私募性質債券且基金之配息來源可能為本金
施羅德環球基金系列-環球非投資等級債券(澳幣避險)U-月配固定(C)(基金之配息來源可能為本金且本基金主要投資於符合美國Rule144A規定之私募性質債券),,境外,1/4,,,0.78,1.34,3.85,20.55,35.79,23.78,,2.53,0.31,0.62,08/18,施羅德環球基金系列環球非投資等級債券澳幣避險U月配固定C基金之配息來源可能為本金且本基金主要投資於符合美國Rule144A規定之私募性質債券
富達基金-永續發展全球存股優勢基金(A股歐元)(本基金並無保證收益及配息),,境外,1/4,,,1.32,6.06,5.34,20.52,58.46,73.63,,7.5,0.48,0.58,08/18,富達基金永續發展全球存股優勢基金A股歐元本基金並無保證收益及配息
霸菱優先順位資產抵押債券基金-G類澳幣避險累積型(本基金主要投資於非投資等級之高風險債券及符合美國Rule 144A規定之私募性質債券且基金之配息來源可能為本金),,境外,1/4,,,0.66,1.73,3.77,20.51,35.91,29.68,,2.27,0.34,0.63,08/18,霸菱優先順位資產抵押債券基金G類澳幣避險累積型本基金主要投資於非投資等級之高風險債券及符合美國Rule144A規定之私募性質債券且基金之配息來源可能為本金
貝萊德環球資產配置基金B2美元,,境外,1/4,,,1.52,3.91,5.82,20.51,,,,8.2,0.41,0.78,08/18,貝萊德環球資產配置基金B2美元
富達基金-永續發展全球存股優勢基金(A股美元)(本基金並無保證收益及配息),,境外,1/4,,,1.34,6.23,5.14,20.51,58.5,73.78,,10.83,0.32,0.91,08/18,富達基金永續發展全球存股優勢基金A股美元本基金並無保證收益及配息
摩根投資基金-環球股息基金A股(美元對沖)(每月派息)(本基金之配息來源可能為本金且並無保證收益及配息),,境外,1/4,,,1.89,6.75,7.06,20.5,50.42,82.15,,7.63,0.44,0.67,08/18,摩根投資基金環球股息基金A股美元對沖每月派息本基金之配息來源可能為本金且並無保證收益及配息
貝萊德環球資產配置基金B10美元(總報酬穩定配息)(基金之配息來源可能為本金),,境外,1/4,,,1.52,3.89,5.82,20.48,,,,8.21,0.41,0.22,08/18,貝萊德環球資產配置基金B10美元總報酬穩定配息基金之配息來源可能為本金
富達基金-永續發展全球存股優勢基金(A股C月配息美元)(本基金之配息來源可能為本金且並無保證收益及配息),,境外,1/4,,,1.32,6.2,5.07,20.48,58.56,,,10.85,0.32,0.17,08/18,富達基金永續發展全球存股優勢基金A股C月配息美元本基金之配息來源可能為本金且並無保證收益及配息
安聯全球機智股票基金-AT累積類股(美元),,境外,1/4,,,1.99,1.53,5.84,20.47,50.16,,,10.96,0.31,0.85,08/18,安聯全球機智股票基金AT累積類股美元
野村基金(愛爾蘭系列)-全球非投資等級債券基金(TD澳幣避險類股)(本基金之配息來源可能為本金且本基金主要投資於符合美國Rule 144A規定之私募性質債券),,境外,1/4,,,0.52,1.44,3.0,20.44,30.42,19.97,,3.04,0.25,0.86,08/18,野村基金愛爾蘭系列全球非投資等級債券基金TD澳幣避險類股本基金之配息來源可能為本金且本基金主要投資於符合美國Rule144A規定之私募性質債券
高盛基金III - 高盛邊境市場債券基金X股對沖級別歐元(本基金主要係投資於非投資等級之高風險債券),,境外,1/4,,,-0.22,2.1,0.59,20.43,56.47,32.47,,6.39,0.56,1.42,08/18,高盛基金III高盛邊境市場債券基金X股對沖級別歐元本基金主要係投資於非投資等級之高風險債券
聯博-優化短期非投資等級債券基金EIX(穩定月配)澳幣避險級別(本基金主要投資於符合美國 Rule 144A規定之私募性質債券且基金之配息來源可能為本金),,境外,1/4,,,0.68,1.45,4.17,20.4,30.56,,,2.38,0.31,0.66,08/18,聯博優化短期非投資等級債券基金EIX穩定月配澳幣避險級別本基金主要投資於符合美國Rule144A規定之私募性質債券且基金之配息來源可能為本金
高盛基金III - 高盛旗艦多元資產基金Y股對沖級別澳幣(月配息)(本基金之配息來源可能為本金),,境外,1/4,,,0.74,1.73,3.35,20.38,25.2,5.78,,4.25,0.18,0.35,08/18,高盛基金III高盛旗艦多元資產基金Y股對沖級別澳幣月配息本基金之配息來源可能為本金
東方匯理基金美元綜合債券A2南非幣避險(穩定月配息)(本基金之配息來源可能為本金),,境外,1/4,,,0.14,4.11,-0.14,20.35,44.11,18.63,,3.76,0.25,1.07,08/18,東方匯理基金美元綜合債券A2南非幣避險穩定月配息本基金之配息來源可能為本金
匯豐環球投資基金-環球房地產股票AD(本基金之配息來源可能為本金),,境外,1/4,,,-4.05,3.48,2.37,20.34,27.92,6.09,,11.01,0.31,0.95,08/18,匯豐環球投資基金環球房地產股票AD本基金之配息來源可能為本金
瑞萬通博基金-環球非投資等級債券基金AMH(澳幣避險月配)(本基金配息來源可能為本金),,境外,1/4,,,0.52,1.77,3.45,20.34,34.78,24.15,,1.98,0.38,0.49,08/17,瑞萬通博基金環球非投資等級債券基金AMH澳幣避險月配本基金配息來源可能為本金
匯豐環球投資基金-環球房地產股票AC(本基金之配息來源可能為本金),,境外,1/4,,,-4.05,3.47,2.36,20.34,27.91,6.09,,11.01,0.31,0.95,08/18,匯豐環球投資基金環球房地產股票AC本基金之配息來源可能為本金
匯豐環球投資基金-環球房地產股票AM2(本基金之配息來源可能為本金),,境外,1/4,,,-4.05,3.48,2.36,20.34,27.91,6.09,,11.01,0.31,0.95,08/18,匯豐環球投資基金環球房地產股票AM2本基金之配息來源可能為本金
DWS投資可轉債基金(美元避險)USD LCH(本基金有相當比重投資於非投資等級之高風險債券),,境外,1/4,,,1.07,4.8,9.01,20.32,36.27,33.4,,7.29,0.46,0.85,08/18,DWS投資可轉債基金美元避險USDLCH本基金有相當比重投資於非投資等級之高風險債券
貝萊德環球企業債券基金Hedged A10南非幣(總報酬穩定配息)(基金之配息來源可能為本金),,境外,1/4,,,0.03,3.81,0.14,20.28,,,,3.13,0.29,0.85,08/18,貝萊德環球企業債券基金HedgedA10南非幣總報酬穩定配息基金之配息來源可能為本金
法盛漢瑞斯全球股票基金R/D USD,,境外,1/4,,,3.6,9.7,6.47,20.27,33.69,41.81,,11.38,0.3,0.83,08/17,法盛漢瑞斯全球股票基金R/DUSD
法盛漢瑞斯全球股票基金R/A USD,,境外,1/4,,,3.59,9.7,6.46,20.26,33.66,41.78,,11.38,0.3,0.83,08/17,法盛漢瑞斯全球股票基金R/AUSD
法巴全球非投資等級債券基金/月配BH(澳幣)(本基金主要投資於符合美國Rule 144A規定之私募性質債券，基金之配息來源可能為本金),,境外,1/4,,,0.92,1.86,3.75,20.26,33.55,21.88,,2.54,0.28,0.7,08/18,法巴全球非投資等級債券基金/月配BH澳幣本基金主要投資於符合美國Rule144A規定之私募性質債券，基金之配息來源可能為本金
施羅德環球基金系列-環球城市(歐元避險)A-累積,,境外,1/4,,,-1.8,4.48,-0.38,20.25,36.13,-0.44,,12.55,0.29,0.01,08/18,施羅德環球基金系列環球城市歐元避險A累積
東方匯理基金環球非投資等級債券A澳幣避險(穩定月配息)(本基金主要投資於符合美國RULE 144A規定之私募性質債券且配息來源可能為本金),,境外,1/4,,,0.83,1.56,2.43,20.23,37.49,21.0,,4.08,0.18,1.08,08/18,東方匯理基金環球非投資等級債券A澳幣避險穩定月配息本基金主要投資於符合美國RULE144A規定之私募性質債券且配息來源可能為本金
霸菱成熟及新興市場非投資等級債券基金-G類澳幣避險月配息型(本基金之配息來源可能為本金),,境外,1/4,,,0.71,1.87,3.78,20.22,37.43,19.87,,2.61,0.27,0.68,08/18,霸菱成熟及新興市場非投資等級債券基金G類澳幣避險月配息型本基金之配息來源可能為本金
百達-環境機會-R歐元,,境外,1/4,,,1.2,4.8,7.52,20.22,34.33,28.3,,14.69,0.25,0.96,08/18,百達環境機會R歐元
羅素多元資產70基金W類股,,境外,1/4,,,1.41,4.01,6.39,20.2,38.63,39.56,,6.5,0.51,0.73,08/17,羅素多元資產70基金W類股
摩根投資基金-環球非投資等級債券基金F股(澳幣對沖)(利率入息)(本基金之配息來源可能為本金且主要投資於符合美國Rule 144A規定之私募性質債券),,境外,1/4,,,0.44,0.89,3.13,20.18,34.38,22.52,,2.42,0.28,0.68,08/18,摩根投資基金環球非投資等級債券基金F股澳幣對沖利率入息本基金之配息來源可能為本金且主要投資於符合美國Rule144A規定之私募性質債券
百達-環境機會-R美元,,境外,1/4,,,1.28,4.93,7.28,20.18,34.41,28.31,,15.71,0.23,1.3,08/18,百達環境機會R美元
M＆G收益優化基金A(南非幣避險月配)F2(本基金配息來源可能為本金),,境外,1/4,,,-0.38,4.23,-0.29,20.18,47.66,,,4.04,0.22,1.03,08/18,M＆G收益優化基金A南非幣避險月配F2本基金配息來源可能為本金
富達基金-全球優質債券基金(A股H月配息澳幣避險)(本基金有相當比重投資於非投資等級之高風險債券且配息來源可能為本金),,境外,1/4,,,0.48,1.64,2.31,20.17,33.97,21.16,,2.91,0.24,0.71,08/18,富達基金全球優質債券基金A股H月配息澳幣避險本基金有相當比重投資於非投資等級之高風險債券且配息來源可能為本金
聯博-美國收益基金AA(穩定月配)南非幣避險級別(本基金有相當比重投資於非投資等級之高風險債券且配息來源可能為本金),,境外,1/4,,,0.55,4.7,0.41,20.14,48.07,25.65,,3.98,0.22,1.05,08/18,聯博美國收益基金AA穩定月配南非幣避險級別本基金有相當比重投資於非投資等級之高風險債券且配息來源可能為本金
貝萊德環球資產配置基金C2美元,,境外,1/4,,,1.48,3.81,5.63,20.13,42.74,39.75,,8.18,0.4,0.78,08/18,貝萊德環球資產配置基金C2美元
富達基金-全球金融服務基金(Y股累計美元),,境外,1/4,,,1.59,14.45,12.31,20.12,82.91,93.25,,17.01,0.21,1.19,08/18,富達基金全球金融服務基金Y股累計美元
瑞銀(盧森堡)策略基金-平衡型(美元)(累積),,境外,1/4,,,1.11,5.44,8.21,20.06,38.62,41.81,,5.29,0.62,0.58,08/17,瑞銀盧森堡策略基金平衡型美元累積
施羅德環球基金系列-環球多元收益(美元)A-月配固定(本基金之配息來源可能為本金),,境外,1/4,,,1.26,3.12,4.79,20.03,41.68,53.07,,4.52,0.71,0.36,08/18,施羅德環球基金系列環球多元收益美元A月配固定本基金之配息來源可能為本金
富達基金-全球金融服務基金(Y股累計歐元),,境外,1/4,,,1.54,14.31,12.49,20.03,82.85,93.02,,15.01,0.25,0.93,08/18,富達基金全球金融服務基金Y股累計歐元
施羅德環球基金系列-環球多元收益(美元)A-累積,,境外,1/4,,,1.26,3.12,4.78,20.03,41.68,53.08,,4.52,0.71,0.36,08/18,施羅德環球基金系列環球多元收益美元A累積
聯博-全球非投資等級債券基金EAX(穩定月配)澳幣避險級別(基金之配息來源可能為本金),,境外,1/4,,,0.6,1.42,3.07,20.02,34.21,20.84,,3.38,0.19,0.95,08/18,聯博全球非投資等級債券基金EAX穩定月配澳幣避險級別基金之配息來源可能為本金
富蘭克林坦伯頓世界基金A(本基金之配息來源可能為本金),,境外,1/4,,,1.9,4.36,6.25,20.0,70.3,77.52,,14.34,0.24,1.34,08/18,富蘭克林坦伯頓世界基金A本基金之配息來源可能為本金
富達基金-全球優質債券基金(A股C月配息澳幣避險)(本基金有相當比重投資於非投資等級之高風險債券且配息來源可能為本金),,境外,1/4,,,0.46,1.56,2.25,19.98,,,,2.91,0.22,0.04,08/18,富達基金全球優質債券基金A股C月配息澳幣避險本基金有相當比重投資於非投資等級之高風險債券且配息來源可能為本金
MFS全盛基金系列-MFS全盛全球重點研究基金C1(美元),,境外,1/4,,,3.01,6.69,5.95,19.98,50.84,49.59,,11.53,0.29,0.98,08/18,MFS全盛基金系列MFS全盛全球重點研究基金C1美元
富達基金-全球入息基金(Y股累計美元)(本基金並無保證收益及配息),,境外,1/4,,,0.43,4.27,3.19,19.97,63.43,79.61,,10.2,0.32,0.68,08/18,富達基金全球入息基金Y股累計美元本基金並無保證收益及配息
施羅德環球基金系列-環球收息債券(南非幣避險)U-月配固定(C)(基金有相當比重投資於非投資等級之高風險債券且基金之配息來源可能為本金),,境外,1/4,,,0.43,4.48,0.73,19.95,50.93,28.7,,2.7,0.31,0.7,08/18,施羅德環球基金系列環球收息債券南非幣避險U月配固定C基金有相當比重投資於非投資等級之高風險債券且基金之配息來源可能為本金
富達基金-全球人口商機基金(Y股累計美元)(本基金非屬環境、社會、治理相關主題基金),,境外,1/4,,,2.15,4.43,9.02,19.95,42.59,42.32,,12.86,0.26,1.18,08/18,富達基金全球人口商機基金Y股累計美元本基金非屬環境、社會、治理相關主題基金
富達基金-全球入息基金(Y股【F1穩定月配息】美元)(本基金之配息來源可能為本金且並無保證收益及配息),,境外,1/4,,,0.45,4.22,3.13,19.93,63.34,,,10.2,0.32,0.68,08/18,富達基金全球入息基金Y股【F1穩定月配息】美元本基金之配息來源可能為本金且並無保證收益及配息
資本集團新視野基金(盧森堡)A4(美元),,境外,1/4,,,1.87,5.28,7.3,19.9,64.88,67.6,,11.9,0.28,1.11,08/18,資本集團新視野基金盧森堡A4美元
美盛凱利基礎建設價值基金A類股美元累積型(避險)(本基金之配息來源可能為本金),,境外,1/4,,,-3.89,2.19,0.72,19.9,42.92,76.42,,11.77,0.28,-0.15,08/18,美盛凱利基礎建設價值基金A類股美元累積型避險本基金之配息來源可能為本金
先機環球動態債券基金C2類避險收益股(南非幣穩定配息)(基金之配息來源可能為本金),,境外,1/4,,,0.43,5.07,-0.22,19.9,41.37,33.03,,4.01,0.21,1.03,08/18,先機環球動態債券基金C2類避險收益股南非幣穩定配息基金之配息來源可能為本金
安本基金-環球未來趨勢股票基金A累積美元,,境外,1/4,,,5.22,6.21,13.05,19.87,49.61,-2.15,,13.36,0.25,0.94,08/18,安本基金環球未來趨勢股票基金A累積美元
美盛凱利基礎建設價值基金A類股美元增益配息型(M)(避險)(本基金之配息來源可能為本金),,境外,1/4,,,-3.93,2.19,0.72,19.86,42.66,75.71,,11.8,0.28,-0.14,08/18,美盛凱利基礎建設價值基金A類股美元增益配息型M避險本基金之配息來源可能為本金
高盛基金III - 高盛環球非投資等級債券基金X股對沖級別澳幣(月配息)(本基金之配息來源可能為本金且本基金主要投資於符合美國RULE 144A規定之私募性質債券),,境外,1/4,,,0.55,1.36,3.21,19.85,33.01,19.92,,2.47,0.25,0.7,08/18,高盛基金III高盛環球非投資等級債券基金X股對沖級別澳幣月配息本基金之配息來源可能為本金且本基金主要投資於符合美國RULE144A規定之私募性質債券
駿利亨德森資產管理基金-駿利亨德森環球房地產股票收益基金B2美元(本基金並無保證收益),,境外,1/4,,,-4.02,4.87,6.41,19.75,30.66,15.96,,11.43,0.29,0.99,08/18,駿利亨德森資產管理基金駿利亨德森環球房地產股票收益基金B2美元本基金並無保證收益
法盛漢瑞斯全球股票基金R/A EUR,,境外,1/4,,,3.53,9.7,6.06,19.73,33.76,41.72,,9.6,0.37,0.46,08/17,法盛漢瑞斯全球股票基金R/AEUR
駿利亨德森資產管理基金-駿利亨德森環球房地產股票收益基金B1季配美元(本基金某些股份類別之配息來源可能為本金且並無保證收益及配息),,境外,1/4,,,-4.04,4.91,6.4,19.73,30.62,15.9,,11.43,0.29,0.99,08/18,駿利亨德森資產管理基金駿利亨德森環球房地產股票收益基金B1季配美元本基金某些股份類別之配息來源可能為本金且並無保證收益及配息
安本基金-環球永續股票基金A累積美元,,境外,1/4,,,1.27,5.97,8.2,19.68,32.98,23.47,,8.61,0.37,0.71,08/18,安本基金環球永續股票基金A累積美元
施羅德環球基金系列-環球城市(歐元避險)A1-累積,,境外,1/4,,,-1.84,4.37,-0.61,19.66,34.13,-2.91,,12.54,0.28,1.01,08/18,施羅德環球基金系列環球城市歐元避險A1累積
貝萊德全球智慧數據股票入息基金A8多幣別穩定月配息股份-紐西蘭幣避險(基金之配息來源可能為本金且並無保證收益及配息),,境外,1/4,,,2.92,4.69,8.65,19.64,53.87,39.31,,6.33,0.54,0.43,08/18,貝萊德全球智慧數據股票入息基金A8多幣別穩定月配息股份紐西蘭幣避險基金之配息來源可能為本金且並無保證收益及配息
聯博-美國收益基金EAX(穩定月配)南非幣避險級別(本基金有相當比重投資於非投資等級之高風險債券且配息來源可能為本金),,境外,1/4,,,0.52,4.57,0.21,19.64,46.19,22.77,,3.98,0.19,1.05,08/18,聯博美國收益基金EAX穩定月配南非幣避險級別本基金有相當比重投資於非投資等級之高風險債券且配息來源可能為本金
柏瑞環球基金-柏瑞環球動態資產配置基金ADCT(穩定月配)(基金之配息來源可能為本金),,境外,1/4,,,1.47,4.24,5.05,19.63,34.59,25.2,,8.91,0.36,0.83,08/18,柏瑞環球基金柏瑞環球動態資產配置基金ADCT穩定月配基金之配息來源可能為本金
柏瑞環球基金-柏瑞環球動態資產配置基金ADC(基金之配息來源可能為本金),,境外,1/4,,,1.47,4.24,5.05,19.63,34.59,25.21,,8.91,0.36,0.83,08/18,柏瑞環球基金柏瑞環球動態資產配置基金ADC基金之配息來源可能為本金
MFS全盛基金系列-MFS全盛全球資產配置基金A2(美元)(本基金之配息來源可能為本金),,境外,1/4,,,1.49,5.97,4.64,19.63,37.11,42.57,,7.76,0.41,0.58,08/18,MFS全盛基金系列MFS全盛全球資產配置基金A2美元本基金之配息來源可能為本金
MFS全盛基金系列-MFS全盛全球資產配置基金A1(歐元),,境外,1/4,,,1.51,5.91,4.62,19.63,36.94,42.3,,4.51,0.74,0.24,08/18,MFS全盛基金系列MFS全盛全球資產配置基金A1歐元
柏瑞環球基金-柏瑞環球動態資產配置基金A,,境外,1/4,,,1.47,4.25,5.06,19.62,34.59,25.19,,8.91,0.36,0.83,08/18,柏瑞環球基金柏瑞環球動態資產配置基金A
資本集團新視野基金(盧森堡)Z(歐元),,境外,1/4,,,1.87,5.14,7.16,19.61,63.6,65.43,,9.66,0.36,0.76,08/18,資本集團新視野基金盧森堡Z歐元
MFS全盛基金系列-MFS全盛全球資產配置基金A1(美元),,境外,1/4,,,1.51,5.96,4.65,19.61,37.06,42.5,,7.73,0.41,0.58,08/18,MFS全盛基金系列MFS全盛全球資產配置基金A1美元
資本集團新視野基金(盧森堡)Z(美元),,境外,1/4,,,1.85,5.21,7.15,19.58,63.53,65.38,,11.9,0.27,1.11,08/18,資本集團新視野基金盧森堡Z美元
路博邁投資基金-NB策略收益基金A月配息類股(澳幣)(本基金主要係投資於非投資等級之高風險債券且配息來源可能為本金),,境外,1/4,,,0.48,1.01,1.41,19.54,31.03,19.08,,3.41,0.16,0.93,08/18,路博邁投資基金NB策略收益基金A月配息類股澳幣本基金主要係投資於非投資等級之高風險債券且配息來源可能為本金
貝萊德環球資產配置基金Hedged A2港幣,,境外,1/4,,,1.45,3.63,5.06,19.53,42.11,39.31,,8.1,0.4,0.77,08/18,貝萊德環球資產配置基金HedgedA2港幣
富蘭克林坦伯頓全球投資系列全球產業龍頭基金美元A穩定月配息股(本基金之配息來源可能為本金),,境外,1/4,,,1.84,4.13,5.91,19.51,56.13,69.04,,14.21,0.23,1.34,08/18,富蘭克林坦伯頓全球投資系列全球產業龍頭基金美元A穩定月配息股本基金之配息來源可能為本金
富達基金-全球入息基金(Y股累計歐元避險)(本基金並無保證收益及配息),,境外,1/4,,,0.84,3.77,2.56,19.49,65.87,75.06,,7.71,0.44,0.47,08/18,富達基金全球入息基金Y股累計歐元避險本基金並無保證收益及配息
瑞銀(盧森堡)策略基金-平衡型(美元)(月配息)(本基金之配息來源可能為本金),,境外,1/4,,,0.61,4.93,7.68,19.48,37.97,41.16,,5.17,0.6,0.56,08/17,瑞銀盧森堡策略基金平衡型美元月配息本基金之配息來源可能為本金
摩根投資基金-多重收益基金A股(美元對沖)(每季派息)(本基金有相當比重投資於非投資等級之高風險債券且配息來源可能為本金),,境外,1/4,,,0.53,4.19,6.82,19.45,38.1,44.43,,4.08,0.75,0.37,08/18,摩根投資基金多重收益基金A股美元對沖每季派息本基金有相當比重投資於非投資等級之高風險債券且配息來源可能為本金
摩根投資基金-多重收益基金A股(美元對沖)(每月派息)(本基金有相當比重投資於非投資等級之高風險債券且配息來源可能為本金),,境外,1/4,,,0.53,4.18,6.83,19.45,38.06,44.3,,4.08,0.75,0.37,08/18,摩根投資基金多重收益基金A股美元對沖每月派息本基金有相當比重投資於非投資等級之高風險債券且配息來源可能為本金
摩根投資基金-多重收益基金A股(美元對沖)(穩定月配)(本基金有相當比重投資於非投資等級之高風險債券且配息來源可能為本金),,境外,1/4,,,0.53,4.18,6.83,19.43,37.98,,,4.08,0.75,0.37,08/18,摩根投資基金多重收益基金A股美元對沖穩定月配本基金有相當比重投資於非投資等級之高風險債券且配息來源可能為本金
摩根投資基金-多重收益基金A股(美元對沖)(累計)(本基金有相當比重投資於非投資等級之高風險債券),,境外,1/4,,,0.53,4.19,6.82,19.42,38.04,44.32,,4.08,0.75,0.37,08/18,摩根投資基金多重收益基金A股美元對沖累計本基金有相當比重投資於非投資等級之高風險債券
貝萊德多元收益成長基金A6美元(穩定配息)(基金有相當比重投資於非投資等級之高風險債券且配息來源可能為本金),,境外,1/4,,,1.26,5.5,6.69,19.41,41.59,41.32,,6.21,0.5,0.1,08/18,貝萊德多元收益成長基金A6美元穩定配息基金有相當比重投資於非投資等級之高風險債券且配息來源可能為本金
摩根投資基金-多重收益基金A股(美元對沖)(利率入息)(本基金有相當比重投資於非投資等級之高風險債券且配息來源可能為本金),,境外,1/4,,,0.48,4.22,6.8,19.41,37.97,44.14,,4.13,0.74,0.38,08/18,摩根投資基金多重收益基金A股美元對沖利率入息本基金有相當比重投資於非投資等級之高風險債券且配息來源可能為本金
富達基金-永續發展全球存股優勢基金(B股累計美元)(本基金並無保證收益及配息),,境外,1/4,,,1.28,5.97,4.64,19.41,,,,10.84,0.29,0.17,08/18,富達基金永續發展全球存股優勢基金B股累計美元本基金並無保證收益及配息
貝萊德智慧數據收益成長基金A2美元,,境外,1/4,,,1.62,5.82,7.35,19.41,43.16,,,4.96,0.62,0.03,08/18,貝萊德智慧數據收益成長基金A2美元
貝萊德智慧數據收益成長基金A6美元(穩定配息)(基金之配息來源可能為本金),,境外,1/4,,,1.56,5.76,7.39,19.39,42.9,,,4.87,0.63,0.03,08/18,貝萊德智慧數據收益成長基金A6美元穩定配息基金之配息來源可能為本金
富蘭克林坦伯頓全球投資系列精選收益基金澳幣避險A(Mdis)-H1(本基金有相當比重投資於非投資等級之高風險債券且基金之配息來源可能為本金),,境外,1/4,,,0.45,1.09,2.21,19.37,27.03,13.77,,2.71,0.18,0.7,08/18,富蘭克林坦伯頓全球投資系列精選收益基金澳幣避險AMdisH1本基金有相當比重投資於非投資等級之高風險債券且基金之配息來源可能為本金
貝萊德多元收益成長基金A2美元(基金有相當比重投資於非投資等級之高風險債券),,境外,1/4,,,1.24,5.53,6.62,19.34,41.45,41.32,,6.34,0.48,0.1,08/18,貝萊德多元收益成長基金A2美元基金有相當比重投資於非投資等級之高風險債券
摩根士丹利環球可轉換債券基金A(美元)(本基金主要係投資於非投資等級之高風險債券),,境外,1/4,,,1.57,4.53,8.5,19.34,36.25,43.31,,6.76,0.45,0.8,08/18,摩根士丹利環球可轉換債券基金A美元本基金主要係投資於非投資等級之高風險債券
貝萊德多元收益成長基金A11美元(強化穩定配息)(基金有相當比重投資於非投資等級之高風險債券且配息來源可能為本金),,境外,1/4,,,1.26,5.54,6.65,19.32,,,,6.33,0.48,0.1,08/18,貝萊德多元收益成長基金A11美元強化穩定配息基金有相當比重投資於非投資等級之高風險債券且配息來源可能為本金
貝萊德全球智慧數據股票入息基金Hedged A2歐元(本基金並無保證收益及配息),,境外,1/4,,,3.59,4.02,8.18,19.3,61.62,52.79,,6.35,0.52,0.42,08/18,貝萊德全球智慧數據股票入息基金HedgedA2歐元本基金並無保證收益及配息
富達基金-永續發展全球存股優勢基金(B股C月配息美元)(本基金之配息來源可能為本金且並無保證收益及配息),,境外,1/4,,,1.23,5.88,4.57,19.28,,,,10.78,0.29,0.17,08/18,富達基金永續發展全球存股優勢基金B股C月配息美元本基金之配息來源可能為本金且並無保證收益及配息
聯博-靈活入息基金AAX(穩定月配)澳幣避險級別(本基金有相當比重投資於非投資等級之高風險債券且配息來源可能為本金且本基金並無保證收益及配息),,境外,1/4,,,0.55,2.41,2.8,19.28,28.7,,,4.41,0.11,1.03,08/18,聯博靈活入息基金AAX穩定月配澳幣避險級別本基金有相當比重投資於非投資等級之高風險債券且配息來源可能為本金且本基金並無保證收益及配息
聯博-全球不動產證券基金I級別美元(基金之配息來源可能為本金),,境外,1/4,,,-3.49,3.35,1.06,19.27,35.28,20.27,,11.9,0.27,1.04,08/18,聯博全球不動產證券基金I級別美元基金之配息來源可能為本金
東方匯理基金策略收益債券A澳幣避險(穩定月配息)(本基金有相當比重投資於非投資等級之高風險債券且配息來源可能為本金),,境外,1/4,,,0.06,0.58,0.88,19.27,28.19,10.63,,3.72,0.13,1.03,08/18,東方匯理基金策略收益債券A澳幣避險穩定月配息本基金有相當比重投資於非投資等級之高風險債券且配息來源可能為本金
貝萊德世界地產證券基金A6美元(穩定配息)(基金之配息來源可能為本金),,境外,1/4,,,-2.49,3.84,2.02,19.24,32.24,10.31,,11.08,0.28,0.92,08/18,貝萊德世界地產證券基金A6美元穩定配息基金之配息來源可能為本金
東方匯理基金美元綜合債券T南非幣避險(穩定月配息)(本基金之配息來源可能為本金),,境外,1/4,,,0.06,3.85,-0.58,19.24,40.11,13.6,,3.71,0.18,1.06,08/18,東方匯理基金美元綜合債券T南非幣避險穩定月配息本基金之配息來源可能為本金
貝萊德世界地產證券基金A10美元(總報酬穩定配息)(本基金之配息來源可能為本金),,境外,1/4,,,-2.55,3.78,2.0,19.23,32.2,,,11.04,0.28,0.91,08/18,貝萊德世界地產證券基金A10美元總報酬穩定配息本基金之配息來源可能為本金
貝萊德世界地產證券基金A2美元,,境外,1/4,,,-2.57,3.8,1.99,19.23,32.15,10.21,,11.12,0.28,0.92,08/18,貝萊德世界地產證券基金A2美元
摩根投資基金-環球股息基金F股(美元對沖)(每月派息)(本基金之配息來源可能為本金且並無保證收益及配息),,境外,1/4,,,1.79,6.46,6.47,19.22,45.79,73.13,,7.63,0.4,0.67,08/18,摩根投資基金環球股息基金F股美元對沖每月派息本基金之配息來源可能為本金且並無保證收益及配息
東方匯理基金美元綜合債券B南非幣避險(穩定月配息)(本基金之配息來源可能為本金),,境外,1/4,,,0.04,3.86,-0.64,19.21,40.18,13.69,,3.76,0.17,1.07,08/18,東方匯理基金美元綜合債券B南非幣避險穩定月配息本基金之配息來源可能為本金
高盛基金III - 高盛投資級公司債基金X股對沖級別南非幣(月配息)(本基金之配息來源可能為本金),,境外,1/4,,,-0.16,3.63,-0.82,19.15,44.63,15.79,,4.3,0.15,1.2,08/18,高盛基金III高盛投資級公司債基金X股對沖級別南非幣月配息本基金之配息來源可能為本金
施羅德環球基金系列-環球股債收息基金(美元)A-月配固定(本基金有相當比重投資於非投資等級之高風險債券且基金之配息來源可能為本金且並無保證收益及配息),,境外,1/4,,,1.94,5.47,4.93,19.15,38.15,44.21,,6.02,0.5,0.52,08/18,施羅德環球基金系列環球股債收息基金美元A月配固定本基金有相當比重投資於非投資等級之高風險債券且基金之配息來源可能為本金且並無保證收益及配息
施羅德環球基金系列-環球股債收息基金(美元)A-累積(本基金有相當比重投資於非投資等級之高風險債券),,境外,1/4,,,1.94,5.47,4.93,19.14,38.16,44.25,,6.02,0.5,0.52,08/18,施羅德環球基金系列環球股債收息基金美元A累積本基金有相當比重投資於非投資等級之高風險債券
野村基金(愛爾蘭系列)-全球精選核心股票基金(I美元類股),,境外,1/4,,,3.69,3.15,9.93,19.12,41.16,47.39,,11.46,0.27,0.74,08/18,野村基金愛爾蘭系列全球精選核心股票基金I美元類股
摩根投資基金-環球股息基金A股(美元)(累計)(本基金並無保證收益及配息),,境外,1/4,,,2.36,6.54,6.04,19.08,48.26,71.1,,8.67,0.35,0.77,08/18,摩根投資基金環球股息基金A股美元累計本基金並無保證收益及配息
富達基金-全球金融服務基金(A股美元),,境外,1/4,,,1.5,14.22,11.81,19.07,78.28,85.14,,17.03,0.2,1.2,08/18,富達基金全球金融服務基金A股美元
百達-精選品牌-HR澳幣,,境外,1/4,,,-1.97,6.76,-1.23,19.05,19.14,18.33,,16.89,0.05,0.23,08/18,百達精選品牌HR澳幣
東方匯理基金美元綜合債券U南非幣避險(穩定月配息)(本基金之配息來源可能為本金),,境外,1/4,,,0.04,3.83,-0.69,19.04,40.09,13.4,,3.76,0.16,1.07,08/18,東方匯理基金美元綜合債券U南非幣避險穩定月配息本基金之配息來源可能為本金
匯豐環球投資基金-環球高入息債券AM3HAUD(澳幣避險)(本基金有相當比重投資於非投資等級之高風險債券且配息來源可能為本金，並無保證收益及配息),,境外,1/4,,,-0.03,0.87,1.84,19.03,31.54,9.82,,2.89,0.14,0.72,08/18,匯豐環球投資基金環球高入息債券AM3HAUD澳幣避險本基金有相當比重投資於非投資等級之高風險債券且配息來源可能為本金，並無保證收益及配息
富達基金-全球金融服務基金(A股歐元),,境外,1/4,,,1.47,14.05,12.0,19.02,78.25,84.95,,14.98,0.23,0.92,08/18,富達基金全球金融服務基金A股歐元
富蘭克林坦伯頓成長基金A(本基金之配息來源可能為本金),,境外,1/4,,,2.79,5.13,4.02,19.01,49.48,67.23,,12.94,0.24,1.21,08/18,富蘭克林坦伯頓成長基金A本基金之配息來源可能為本金
聯博-歐洲收益基金AA(穩定月配)澳幣避險級別(本基金有相當比重投資於非投資等級之高風險債券且配息來源可能為本金),,境外,1/4,,,0.08,1.42,2.12,19.0,31.55,18.56,,3.32,0.12,0.77,08/18,聯博歐洲收益基金AA穩定月配澳幣避險級別本基金有相當比重投資於非投資等級之高風險債券且配息來源可能為本金
富達基金-全球入息基金(A股累計美元)(本基金並無保證收益及配息),,境外,1/4,,,0.35,4.05,2.76,18.96,59.26,72.15,,10.19,0.3,0.67,08/18,富達基金全球入息基金A股累計美元本基金並無保證收益及配息
施羅德環球基金系列-環球收息債券(澳幣避險)A-月配固定(C)(基金有相當比重投資於非投資等級之高風險債券且基金之配息來源可能為本金),,境外,1/4,,,0.21,1.04,1.9,18.96,33.5,18.51,,2.6,0.15,0.67,08/18,施羅德環球基金系列環球收息債券澳幣避險A月配固定C基金有相當比重投資於非投資等級之高風險債券且基金之配息來源可能為本金
M＆G收益優化基金X(南非幣避險月配後收)F2(本基金配息來源可能為本金),,境外,1/4,,,-0.52,3.94,-0.85,18.96,43.24,,,4.05,0.15,1.04,08/18,M＆G收益優化基金X南非幣避險月配後收F2本基金配息來源可能為本金
聯博-歐洲收益基金AT澳幣避險級別(本基金有相當比重投資於非投資等級之高風險債券且配息來源可能為本金),,境外,1/4,,,0.15,1.47,2.06,18.93,31.62,18.64,,3.42,0.12,0.79,08/18,聯博歐洲收益基金AT澳幣避險級別本基金有相當比重投資於非投資等級之高風險債券且配息來源可能為本金
富達基金-全球入息基金(A股【F1穩定月配息】美元)(本基金之配息來源可能為本金且並無保證收益及配息),,境外,1/4,,,0.35,4.02,2.77,18.93,59.24,72.11,,10.17,0.3,0.67,08/18,富達基金全球入息基金A股【F1穩定月配息】美元本基金之配息來源可能為本金且並無保證收益及配息
富達基金-全球入息基金(A股C月配息美元)(本基金之配息來源可能為本金且並無保證收益及配息),,境外,1/4,,,0.31,4.0,2.75,18.93,59.24,72.15,,10.14,0.3,0.67,08/18,富達基金全球入息基金A股C月配息美元本基金之配息來源可能為本金且並無保證收益及配息
富達基金-全球人口商機基金(A股累計美元)(本基金非屬環境、社會、治理相關主題基金),,境外,1/4,,,2.07,4.21,8.54,18.92,39.03,36.4,,12.87,0.24,1.19,08/18,富達基金全球人口商機基金A股累計美元本基金非屬環境、社會、治理相關主題基金
富達基金-全球入息基金(A股【F1穩定月配息】歐元)(本基金之配息來源可能為本金且並無保證收益及配息),,境外,1/4,,,0.34,3.92,2.98,18.92,59.25,71.99,,7.03,0.46,0.34,08/18,富達基金全球入息基金A股【F1穩定月配息】歐元本基金之配息來源可能為本金且並無保證收益及配息
聯博-全球多元收益基金S1級別美元(基金之配息來源可能為本金),,境外,1/4,,,0.48,4.51,5.78,18.92,47.28,51.51,,5.66,0.52,0.52,08/18,聯博全球多元收益基金S1級別美元基金之配息來源可能為本金
施羅德環球基金系列-環球多元收益(美元)U-月配固定(本基金之配息來源可能為本金),,境外,1/4,,,1.18,2.87,4.27,18.82,37.49,45.61,,4.51,0.64,0.36,08/18,施羅德環球基金系列環球多元收益美元U月配固定本基金之配息來源可能為本金
施羅德環球基金系列-環球多元收益(美元)U-累積,,境外,1/4,,,1.18,2.87,4.27,18.81,37.55,45.68,,4.51,0.64,0.36,08/18,施羅德環球基金系列環球多元收益美元U累積
富達基金-全球多重資產收益基金(Y股累計美元)(本基金有相當比重投資於非投資等級之高風險債券),,境外,1/4,,,1.05,3.74,1.93,18.81,33.44,30.04,,8.57,0.35,0.67,08/18,富達基金全球多重資產收益基金Y股累計美元本基金有相當比重投資於非投資等級之高風險債券
駿利亨德森遠見基金-全球永續股票基金A2歐元避險,,境外,1/4,,,6.05,7.82,10.33,18.8,60.96,38.03,,12.19,0.27,1.08,08/18,駿利亨德森遠見基金全球永續股票基金A2歐元避險
聯博-短期債券基金AA(穩定月配)澳幣避險級別(基金之配息來源可能為本金),,境外,1/4,,,0.62,1.09,2.93,18.8,21.93,18.62,,1.28,0.27,0.33,08/18,聯博短期債券基金AA穩定月配澳幣避險級別基金之配息來源可能為本金
先機環球動態債券基金L類避險累積股(澳幣)(基金之配息來源可能為本金),,境外,1/4,,,0.21,1.62,0.92,18.79,25.16,22.47,,3.91,0.09,0.99,08/18,先機環球動態債券基金L類避險累積股澳幣基金之配息來源可能為本金
先機環球動態債券基金L類避險收益股(澳幣穩定配息)(基金之配息來源可能為本金),,境外,1/4,,,0.2,1.61,0.93,18.77,25.16,22.43,,3.91,0.09,1.0,08/18,先機環球動態債券基金L類避險收益股澳幣穩定配息基金之配息來源可能為本金
富達基金-全球多重資產收益基金(Y股【F1穩定月配息】美元)(本基金有相當比重投資於非投資等級之高風險債券且配息來源可能為本金),,境外,1/4,,,1.07,3.73,1.88,18.76,33.45,30.03,,8.67,0.34,0.68,08/18,富達基金全球多重資產收益基金Y股【F1穩定月配息】美元本基金有相當比重投資於非投資等級之高風險債券且配息來源可能為本金
M＆G入息基金A(美元避險月配)F(本基金配息來源可能為本金且並無保證收益及配息),,境外,1/4,,,-0.1,4.52,3.27,18.76,26.06,38.69,,5.38,0.54,0.36,08/18,M＆G入息基金A美元避險月配F本基金配息來源可能為本金且並無保證收益及配息
M＆G入息基金A(美元避險月配)(本基金配息來源可能為本金且並無保證收益及配息),,境外,1/4,,,-0.1,4.52,3.26,18.76,25.94,38.65,,5.4,0.54,0.37,08/18,M＆G入息基金A美元避險月配本基金配息來源可能為本金且並無保證收益及配息
東方匯理基金策略收益債券T澳幣避險(穩定月配息)(本基金有相當比重投資於非投資等級之高風險債券且配息來源可能為本金),,境外,1/4,,,0.02,0.42,0.62,18.73,27.06,9.09,,3.8,0.09,1.04,08/18,東方匯理基金策略收益債券T澳幣避險穩定月配息本基金有相當比重投資於非投資等級之高風險債券且配息來源可能為本金
高盛基金III - 高盛環球非投資等級債券基金Y股對沖級別澳幣(月配息)(本基金之配息來源可能為本金且本基金主要投資於符合美國RULE 144A規定之私募性質債券),,境外,1/4,,,0.46,1.13,2.74,18.73,29.17,14.24,,2.49,0.14,0.7,08/18,高盛基金III高盛環球非投資等級債券基金Y股對沖級別澳幣月配息本基金之配息來源可能為本金且本基金主要投資於符合美國RULE144A規定之私募性質債券
M＆G入息基金A(美元避險)(本基金並無保證收益及配息),,境外,1/4,,,-0.12,4.49,3.24,18.73,26.07,38.66,,5.39,0.54,0.37,08/18,M＆G入息基金A美元避險本基金並無保證收益及配息
法巴多元資產精選基金C(美元),,境外,1/4,,,0.59,2.53,3.61,18.72,26.76,6.93,,7.91,0.37,0.72,08/18,法巴多元資產精選基金C美元
法巴多元資產精選基金/月配(美元)(基金之配息來源可能為本金),,境外,1/4,,,0.61,2.53,3.62,18.72,26.74,6.94,,7.92,0.37,0.72,08/18,法巴多元資產精選基金/月配美元基金之配息來源可能為本金
聯博-短期債券基金AT澳幣避險級別(基金之配息來源可能為本金),,境外,1/4,,,0.63,1.06,2.9,18.71,21.83,18.45,,1.31,0.25,0.32,08/18,聯博短期債券基金AT澳幣避險級別基金之配息來源可能為本金
資本集團新視野基金(盧森堡)Bgd(歐元)(基金之配息來源可能為本金),,境外,1/4,,,1.8,4.94,6.77,18.7,59.88,59.37,,9.66,0.33,0.76,08/18,資本集團新視野基金盧森堡Bgd歐元基金之配息來源可能為本金
資本集團新視野基金(盧森堡)Bgd(美元)(基金之配息來源可能為本金),,境外,1/4,,,1.78,5.01,6.76,18.68,59.7,59.11,,11.9,0.25,1.11,08/18,資本集團新視野基金盧森堡Bgd美元基金之配息來源可能為本金
東方匯理基金策略收益債券U澳幣避險(穩定月配息)(本基金有相當比重投資於非投資等級之高風險債券且配息來源可能為本金),,境外,1/4,,,-0.01,0.39,0.63,18.68,27.03,8.84,,3.74,0.09,1.03,08/18,東方匯理基金策略收益債券U澳幣避險穩定月配息本基金有相當比重投資於非投資等級之高風險債券且配息來源可能為本金
駿利亨德森資產管理基金-駿利亨德森環球房地產股票收益基金I2歐元避險(本基金並無保證收益),,境外,1/4,,,-2.86,4.23,4.53,18.68,38.75,13.19,,11.48,0.28,0.99,08/18,駿利亨德森資產管理基金駿利亨德森環球房地產股票收益基金I2歐元避險本基金並無保證收益
資本集團新視野基金(盧森堡)B(歐元),,境外,1/4,,,1.8,4.95,6.73,18.68,59.93,59.33,,9.66,0.33,0.76,08/18,資本集團新視野基金盧森堡B歐元
資本集團新視野基金(盧森堡)B(美元),,境外,1/4,,,1.78,5.01,6.77,18.68,59.87,59.33,,11.88,0.26,1.1,08/18,資本集團新視野基金盧森堡B美元
東方匯理基金策略收益債券B澳幣避險(穩定月配息)(本基金有相當比重投資於非投資等級之高風險債券且配息來源可能為本金),,境外,1/4,,,-0.01,0.39,0.6,18.67,27.07,8.85,,3.78,0.09,1.04,08/18,東方匯理基金策略收益債券B澳幣避險穩定月配息本基金有相當比重投資於非投資等級之高風險債券且配息來源可能為本金
法巴多元資產精選基金C(歐元),,境外,1/4,,,0.55,2.31,3.88,18.61,26.68,6.84,,6.2,0.5,0.38,08/18,法巴多元資產精選基金C歐元
MFS全盛基金系列-MFS全盛全球資產配置基金C1(美元),,境外,1/4,,,1.43,5.75,4.2,18.6,33.62,36.55,,7.72,0.38,0.58,08/18,MFS全盛基金系列MFS全盛全球資產配置基金C1美元
MFS全盛基金系列-MFS全盛全球資產配置基金C2(美元)(本基金之配息來源可能為本金),,境外,1/4,,,1.42,5.73,4.19,18.59,33.6,36.54,,7.72,0.38,0.58,08/18,MFS全盛基金系列MFS全盛全球資產配置基金C2美元本基金之配息來源可能為本金
摩根士丹利新興領先股票基金A(美元),,境外,1/4,,,3.59,2.11,2.28,18.59,33.54,-2.57,,21.04,0.16,1.7,08/18,摩根士丹利新興領先股票基金A美元
安聯全球機會債券基金-AMg穩定月收總收益類股(澳幣避險)(本基金有一定比重得投資於非投資等級之高風險債券且配息來源可能為本金),,境外,1/4,,,0.15,0.81,1.68,18.47,22.07,13.26,,1.98,0.14,0.46,08/18,安聯全球機會債券基金AMg穩定月收總收益類股澳幣避險本基金有一定比重得投資於非投資等級之高風險債券且配息來源可能為本金
美盛西方資產全球多重策略基金A類股澳幣增益配息型(M)避險(本基金有相當比重投資於非投資等級之高風險債券且基金之配息來源可能為本金),,境外,1/4,,,0.38,0.83,1.52,18.45,26.74,11.91,,3.09,0.09,0.76,08/18,美盛西方資產全球多重策略基金A類股澳幣增益配息型M避險本基金有相當比重投資於非投資等級之高風險債券且基金之配息來源可能為本金
富達基金-全球入息基金(A股累計歐元避險)(本基金並無保證收益及配息),,境外,1/4,,,0.74,3.56,2.15,18.45,61.67,67.79,,7.7,0.4,0.47,08/18,富達基金全球入息基金A股累計歐元避險本基金並無保證收益及配息
富蘭克林坦伯頓中小型公司成長基金A(本基金之配息來源可能為本金),,境外,1/4,,,-0.03,6.35,6.68,18.45,33.65,22.89,,16.43,0.19,1.4,08/18,富蘭克林坦伯頓中小型公司成長基金A本基金之配息來源可能為本金
MFS全盛基金系列-MFS全盛全球內在價值股票基金IH1(歐元),,境外,1/4,,,6.85,7.69,4.09,18.45,58.53,44.88,,14.66,0.23,1.21,08/18,MFS全盛基金系列MFS全盛全球內在價值股票基金IH1歐元
匯豐環球投資基金-環球基建股票A穩定月配息美元(本基金配息來源可能為本金),,境外,1/4,,,-2.09,2.95,1.18,18.42,,,,11.6,0.25,-0.13,08/18,匯豐環球投資基金環球基建股票A穩定月配息美元本基金配息來源可能為本金
匯豐環球投資基金-環球基建股票AC(本基金配息來源可能為本金),,境外,1/4,,,-2.09,2.95,1.17,18.41,46.54,,,11.6,0.25,-0.13,08/18,匯豐環球投資基金環球基建股票AC本基金配息來源可能為本金
匯豐環球投資基金-環球基建股票AMFLX(本基金配息來源可能為本金),,境外,1/4,,,-2.09,2.95,1.17,18.4,40.49,,,11.6,0.25,-0.13,08/18,匯豐環球投資基金環球基建股票AMFLX本基金配息來源可能為本金
安聯全球收益成長基金-IT累積類股(美元)(本基金有相當比重投資於非投資等級之高風險債券),,境外,1/4,,,-0.04,2.61,4.37,18.39,,,,5.75,0.49,0.53,08/18,安聯全球收益成長基金IT累積類股美元本基金有相當比重投資於非投資等級之高風險債券
聯博-全球不動產證券基金A級別歐元(基金之配息來源可能為本金),,境外,1/4,,,-3.51,3.1,0.66,18.38,32.11,15.63,,10.16,0.31,0.81,08/18,聯博全球不動產證券基金A級別歐元基金之配息來源可能為本金
聯博-全球不動產證券基金AD級別美元(基金之配息來源可能為本金),,境外,1/4,,,-3.52,3.14,0.72,18.36,32.14,15.58,,11.81,0.25,1.03,08/18,聯博全球不動產證券基金AD級別美元基金之配息來源可能為本金
聯博-全球不動產證券基金A級別美元(基金之配息來源可能為本金),,境外,1/4,,,-3.54,3.16,0.68,18.34,32.09,15.59,,11.89,0.25,1.04,08/18,聯博全球不動產證券基金A級別美元基金之配息來源可能為本金
路博邁投資基金-NB策略收益基金E月配息類股(澳幣)(本基金主要係投資於非投資等級之高風險債券且配息來源可能為本金),,境外,1/4,,,0.33,0.74,0.79,18.33,,,,3.4,0.07,0.93,08/18,路博邁投資基金NB策略收益基金E月配息類股澳幣本基金主要係投資於非投資等級之高風險債券且配息來源可能為本金
摩根投資基金-多重收益基金F股(美元對沖)(穩定月配)(本基金有相當比重投資於非投資等級之高風險債券且配息來源可能為本金),,境外,1/4,,,0.44,3.92,6.29,18.25,33.9,,,4.07,0.68,0.37,08/18,摩根投資基金多重收益基金F股美元對沖穩定月配本基金有相當比重投資於非投資等級之高風險債券且配息來源可能為本金
富蘭克林坦伯頓全球投資系列全球房地產基金美元A(Qdis)(本基金之配息來源可能為本金),,境外,1/4,,,-3.72,3.27,1.65,18.25,26.8,10.53,,12.32,0.24,1.08,08/18,富蘭克林坦伯頓全球投資系列全球房地產基金美元AQdis本基金之配息來源可能為本金
摩根投資基金-多重收益基金F股(美元對沖)(利率入息)(本基金有相當比重投資於非投資等級之高風險債券且配息來源可能為本金),,境外,1/4,,,0.43,3.94,6.34,18.23,33.87,37.12,,4.09,0.67,0.37,08/18,摩根投資基金多重收益基金F股美元對沖利率入息本基金有相當比重投資於非投資等級之高風險債券且配息來源可能為本金
摩根投資基金-多重收益基金F股(美元對沖)(每月派息)(本基金有相當比重投資於非投資等級之高風險債券且配息來源可能為本金),,境外,1/4,,,0.44,3.91,6.27,18.22,33.86,37.03,,4.08,0.68,0.37,08/18,摩根投資基金多重收益基金F股美元對沖每月派息本基金有相當比重投資於非投資等級之高風險債券且配息來源可能為本金
摩根投資基金-多重收益基金F股(美元對沖)(累計)(本基金有相當比重投資於非投資等級之高風險債券),,境外,1/4,,,0.44,3.92,6.26,18.19,33.82,36.99,,4.08,0.67,0.37,08/18,摩根投資基金多重收益基金F股美元對沖累計本基金有相當比重投資於非投資等級之高風險債券
富蘭克林坦伯頓全球投資系列全球房地產基金美元A(acc)(本基金之配息來源可能為本金),,境外,1/4,,,-3.7,3.2,1.62,18.19,26.83,10.53,,12.22,0.24,1.07,08/18,富蘭克林坦伯頓全球投資系列全球房地產基金美元Aacc本基金之配息來源可能為本金
聯博-全球多元收益基金A2X級別歐元(基金之配息來源可能為本金),,境外,1/4,,,0.44,4.26,5.44,18.18,44.55,46.87,,4.45,0.67,0.17,08/18,聯博全球多元收益基金A2X級別歐元基金之配息來源可能為本金
高盛基金III - 高盛投資級公司債基金Y股對沖級別南非幣(月配息)(本基金之配息來源可能為本金),,境外,1/4,,,-0.25,3.38,-1.21,18.17,40.59,10.17,,4.29,0.09,1.2,08/18,高盛基金III高盛投資級公司債基金Y股對沖級別南非幣月配息本基金之配息來源可能為本金
貝萊德多元收益成長基金B11美元(強化穩定配息)(基金有相當比重投資於非投資等級之高風險債券且配息來源可能為本金),,境外,1/4,,,1.2,5.29,6.19,18.16,,,,6.23,0.44,0.1,08/18,貝萊德多元收益成長基金B11美元強化穩定配息基金有相當比重投資於非投資等級之高風險債券且配息來源可能為本金
聯博-全球多元收益基金AX級別美元(基金之配息來源可能為本金),,境外,1/4,,,0.42,4.36,5.45,18.16,44.47,46.76,,5.65,0.49,0.52,08/18,聯博全球多元收益基金AX級別美元基金之配息來源可能為本金
聯博-全球多元收益基金A2X級別美元(基金之配息來源可能為本金),,境外,1/4,,,0.45,4.33,5.44,18.14,44.46,46.77,,5.67,0.49,0.52,08/18,聯博全球多元收益基金A2X級別美元基金之配息來源可能為本金
貝萊德環球企業債券基金A8多幣別穩定月配息股份-澳幣避險(基金之配息來源可能為本金),,境外,1/4,,,-0.27,0.15,0.82,18.14,26.8,7.67,,3.05,0.06,0.82,08/18,貝萊德環球企業債券基金A8多幣別穩定月配息股份澳幣避險基金之配息來源可能為本金
聯博-美國收益基金AA(穩定月配)澳幣避險級別(本基金有相當比重投資於非投資等級之高風險債券且配息來源可能為本金),,境外,1/4,,,0.17,0.98,1.17,18.1,27.21,10.06,,3.96,0.05,1.04,08/18,聯博美國收益基金AA穩定月配澳幣避險級別本基金有相當比重投資於非投資等級之高風險債券且配息來源可能為本金
貝萊德多元收益成長基金B6美元(穩定配息)(基金有相當比重投資於非投資等級之高風險債券且配息來源可能為本金),,境外,1/4,,,1.16,5.21,6.16,18.09,,,,6.31,0.44,0.1,08/18,貝萊德多元收益成長基金B6美元穩定配息基金有相當比重投資於非投資等級之高風險債券且配息來源可能為本金
貝萊德多元收益成長基金B2美元(基金有相當比重投資於非投資等級之高風險債券),,境外,1/4,,,1.22,5.29,6.18,18.07,,,,6.37,0.43,0.1,08/18,貝萊德多元收益成長基金B2美元基金有相當比重投資於非投資等級之高風險債券
聯博-美國收益基金AT澳幣避險級別(本基金有相當比重投資於非投資等級之高風險債券且配息來源可能為本金),,境外,1/4,,,0.18,0.94,1.15,18.05,27.23,10.05,,3.79,0.05,1.0,08/18,聯博美國收益基金AT澳幣避險級別本基金有相當比重投資於非投資等級之高風險債券且配息來源可能為本金
高盛基金-高盛全球投資級信用債券基金(避險)A股(穩定收益月配息)澳幣避險(本基金之配息來源可能為本金),,境外,1/4,,,-0.19,0.51,0.92,18.01,,,,3.45,0.05,0.93,08/18,高盛基金高盛全球投資級信用債券基金避險A股穩定收益月配息澳幣避險本基金之配息來源可能為本金
東方匯理基金美元綜合債券A2澳幣避險(穩定月配息)(本基金之配息來源可能為本金),,境外,1/4,,,-0.19,0.4,0.48,18.01,23.86,4.25,,3.6,0.05,1.03,08/18,東方匯理基金美元綜合債券A2澳幣避險穩定月配息本基金之配息來源可能為本金
富蘭克林坦伯頓全球投資系列成長(歐元)基金美元A(acc),,境外,1/4,,,2.71,4.81,3.52,18.0,45.21,57.66,,12.98,0.22,1.21,08/18,富蘭克林坦伯頓全球投資系列成長歐元基金美元Aacc
富蘭克林坦伯頓全球投資系列成長(歐元)基金歐元A(acc),,境外,1/4,,,2.73,4.74,3.54,17.98,45.17,57.61,,10.24,0.3,0.87,08/18,富蘭克林坦伯頓全球投資系列成長歐元基金歐元Aacc
高盛基金-高盛全球投資級信用債券基金(避險)A股(累積)澳幣避險(本基金之配息來源可能為本金),,境外,1/4,,,-0.18,0.42,0.84,17.96,,,,3.43,0.05,0.93,08/18,高盛基金高盛全球投資級信用債券基金避險A股累積澳幣避險本基金之配息來源可能為本金
富蘭克林坦伯頓全球投資系列成長(歐元)基金歐元A(Ydis),,境外,1/4,,,2.72,4.72,3.5,17.95,45.15,57.63,,10.3,0.3,0.87,08/18,富蘭克林坦伯頓全球投資系列成長歐元基金歐元AYdis
富達基金-全球多重資產收益基金(A股C月配息美元)(本基金有相當比重投資於非投資等級之高風險債券且配息來源可能為本金),,境外,1/4,,,1.01,3.55,1.53,17.93,30.68,25.52,,8.66,0.32,0.68,08/18,富達基金全球多重資產收益基金A股C月配息美元本基金有相當比重投資於非投資等級之高風險債券且配息來源可能為本金
富達基金-全球多重資產收益基金(A股【F1穩定月配息】美元)(本基金有相當比重投資於非投資等級之高風險債券且配息來源可能為本金),,境外,1/4,,,1.0,3.54,1.52,17.91,30.66,25.53,,8.66,0.32,0.68,08/18,富達基金全球多重資產收益基金A股【F1穩定月配息】美元本基金有相當比重投資於非投資等級之高風險債券且配息來源可能為本金
富達基金-全球多重資產收益基金(A股累計美元)(本基金有相當比重投資於非投資等級之高風險債券),,境外,1/4,,,0.96,3.54,1.48,17.9,30.67,25.52,,8.66,0.32,0.68,08/18,富達基金全球多重資產收益基金A股累計美元本基金有相當比重投資於非投資等級之高風險債券
摩根士丹利環球平衡收益基金A(歐元),,境外,1/4,,,1.16,3.51,4.37,17.86,36.22,34.87,,5.42,0.54,0.47,08/18,摩根士丹利環球平衡收益基金A歐元
聯博-全球多元收益基金AD月配級別美元(基金之配息來源可能為本金),,境外,1/4,,,0.49,4.26,5.3,17.82,42.89,44.28,,5.62,0.48,0.51,08/18,聯博全球多元收益基金AD月配級別美元基金之配息來源可能為本金
施羅德環球基金系列-環球收息債券(澳幣避險)U-月配固定(C)(基金有相當比重投資於非投資等級之高風險債券且基金之配息來源可能為本金),,境外,1/4,,,0.12,0.79,1.38,17.77,29.54,12.61,,2.59,0.04,0.67,08/18,施羅德環球基金系列環球收息債券澳幣避險U月配固定C基金有相當比重投資於非投資等級之高風險債券且基金之配息來源可能為本金
富達基金-全球入息基金(B股累計美元)(本基金並無保證收益及配息),,境外,1/4,,,0.26,3.78,2.26,17.77,,,,10.18,0.27,0.14,08/18,富達基金全球入息基金B股累計美元本基金並無保證收益及配息
聯博-全球多元收益基金A級別美元(基金之配息來源可能為本金),,境外,1/4,,,0.44,4.25,5.28,17.76,42.93,44.22,,5.65,0.47,0.52,08/18,聯博全球多元收益基金A級別美元基金之配息來源可能為本金
摩根基金-環球企業債券基金A股(澳幣對沖)(累計),,境外,1/4,,,-0.32,0.22,0.49,17.73,27.29,7.63,,3.36,0.03,0.9,08/18,摩根基金環球企業債券基金A股澳幣對沖累計
DWS投資可轉債基金FC(本基金有相當比重投資於非投資等級之高風險債券),,境外,1/4,,,2.19,3.72,6.38,17.65,39.68,23.36,,7.24,0.4,0.83,08/18,DWS投資可轉債基金FC本基金有相當比重投資於非投資等級之高風險債券
先機環球動態債券基金C2類避險收益股(澳幣穩定配息)(基金之配息來源可能為本金),,境外,1/4,,,0.13,1.36,0.43,17.61,21.47,16.43,,3.91,0.02,1.0,08/18,先機環球動態債券基金C2類避險收益股澳幣穩定配息基金之配息來源可能為本金
百達-家族企業-R歐元,,境外,1/4,,,1.63,8.82,7.37,17.6,41.63,15.33,,10.67,0.28,0.64,08/18,百達家族企業R歐元
M＆G入息基金X(美元避險後收)(本基金並無保證收益及配息),,境外,1/4,,,-0.19,4.23,2.75,17.58,22.44,,,5.39,0.48,0.37,08/18,M＆G入息基金X美元避險後收本基金並無保證收益及配息
安聯全球收益成長基金-AMf2固定月配類股(美元)(本基金有相當比重投資於非投資等級之高風險債券且配息來源可能為本金),,境外,1/4,,,-0.11,2.43,4.0,17.57,40.06,,,5.76,0.45,0.53,08/18,安聯全球收益成長基金AMf2固定月配類股美元本基金有相當比重投資於非投資等級之高風險債券且配息來源可能為本金
安聯全球收益成長基金-AMg穩定月收總收益類股(美元)(本基金有相當比重投資於非投資等級之高風險債券且配息來源可能為本金),,境外,1/4,,,-0.11,2.43,4.01,17.57,40.04,44.23,,5.75,0.45,0.53,08/18,安聯全球收益成長基金AMg穩定月收總收益類股美元本基金有相當比重投資於非投資等級之高風險債券且配息來源可能為本金
百達-家族企業-R美元,,境外,1/4,,,1.71,8.95,7.13,17.56,41.7,15.32,,12.57,0.22,0.98,08/18,百達家族企業R美元
M＆G入息基金X(美元避險月配後收)F(本基金配息來源可能為本金且並無保證收益及配息),,境外,1/4,,,-0.2,4.25,2.76,17.55,22.26,31.83,,5.37,0.48,0.36,08/18,M＆G入息基金X美元避險月配後收F本基金配息來源可能為本金且並無保證收益及配息
安聯全球收益成長基金-AT累積類股(美元)(本基金有相當比重投資於非投資等級之高風險債券),,境外,1/4,,,-0.1,2.42,4.0,17.55,39.99,,,5.75,0.45,0.53,08/18,安聯全球收益成長基金AT累積類股美元本基金有相當比重投資於非投資等級之高風險債券
法巴多元資產精選基金/月配 B (美元)(基金之配息來源可能為本金),,境外,1/4,,,0.51,2.27,3.1,17.55,22.69,,,7.9,0.34,0.72,08/18,法巴多元資產精選基金/月配B美元基金之配息來源可能為本金
M＆G入息基金X(美元避險月配後收)(本基金配息來源可能為本金且並無保證收益及配息),,境外,1/4,,,-0.19,4.25,2.73,17.53,22.24,31.84,,5.39,0.48,0.37,08/18,M＆G入息基金X美元避險月配後收本基金配息來源可能為本金且並無保證收益及配息
聯博-美國收益基金EAX(穩定月配)澳幣避險級別(本基金有相當比重投資於非投資等級之高風險債券且配息來源可能為本金),,境外,1/4,,,0.19,0.84,0.9,17.49,25.34,7.32,,3.85,0.01,1.01,08/18,聯博美國收益基金EAX穩定月配澳幣避險級別本基金有相當比重投資於非投資等級之高風險債券且配息來源可能為本金
野村基金(愛爾蘭系列)-全球精選核心股票基金(T美元類股),,境外,1/4,,,3.56,2.79,9.17,17.47,35.38,,,11.45,0.24,0.74,08/18,野村基金愛爾蘭系列全球精選核心股票基金T美元類股
駿利亨德森資產管理基金-駿利亨德森環球房地產股票收益基金A2歐元避險(本基金並無保證收益),,境外,1/4,,,-2.91,3.98,4.02,17.45,34.39,7.28,,11.47,0.26,0.99,08/18,駿利亨德森資產管理基金駿利亨德森環球房地產股票收益基金A2歐元避險本基金並無保證收益
野村基金(愛爾蘭系列)-AC全球小型股票基金(I美元類股),,境外,1/4,,,3.65,1.85,1.17,17.44,45.15,29.55,,19.26,0.16,1.7,08/18,野村基金愛爾蘭系列AC全球小型股票基金I美元類股
聯博-全球靈活收益基金AT澳幣避險級別(基金之配息來源可能為本金),,境外,1/4,,,0.08,1.06,1.32,17.44,20.74,3.87,,3.32,0.01,0.89,08/18,聯博全球靈活收益基金AT澳幣避險級別基金之配息來源可能為本金
歐義銳榮靈活策略入息基金RU2(本基金配息來源可能為本金且並無保證收益及配息),,境外,1/4,,,-0.47,5.31,4.44,17.37,30.86,46.68,,4.63,0.56,0.3,08/17,歐義銳榮靈活策略入息基金RU2本基金配息來源可能為本金且並無保證收益及配息
聯博-全球核心股票基金A級別美元(基金之配息來源可能為本金),,境外,1/4,,,3.43,5.4,8.57,17.36,44.45,48.11,,12.44,0.22,1.15,08/18,聯博全球核心股票基金A級別美元基金之配息來源可能為本金
施羅德環球基金系列-環球企業債券(澳幣避險)A1-月配浮動(C)(基金之配息來源可能為本金),,境外,1/4,,,-0.39,0.03,0.66,17.34,26.01,5.44,,3.29,0.0,0.87,08/18,施羅德環球基金系列環球企業債券澳幣避險A1月配浮動C基金之配息來源可能為本金
富蘭克林坦伯頓全球投資系列創新科技基金美元A(acc),,境外,1/4,,,1.68,1.83,15.32,17.28,85.05,54.77,,18.27,0.16,1.4,08/18,富蘭克林坦伯頓全球投資系列創新科技基金美元Aacc
景順多元收益成長基金C(美元對沖)股,,境外,1/4,,,0.16,5.6,4.41,17.24,40.61,61.29,,5.87,0.43,0.45,08/18,景順多元收益成長基金C美元對沖股
高盛基金III - 高盛氣候與環境永續基金X股美元,,境外,1/4,,,3.95,4.33,8.67,17.23,22.83,13.89,,14.47,0.15,-0.03,08/07,高盛基金III高盛氣候與環境永續基金X股美元
景順環球高評級企業債券基金E-穩定月配息(澳幣對沖)股澳幣(基金之配息來源可能為本金),,境外,1/4,,,-0.33,0.45,0.46,17.2,27.62,5.31,,3.09,-0.01,0.83,08/18,景順環球高評級企業債券基金E穩定月配息澳幣對沖股澳幣基金之配息來源可能為本金
首源投資環球傘型基金-首源全球基建基金第一類股(美元-配息型)(本基金之配息來源可能為本金),,境外,1/4,,,-2.9,2.52,-0.61,17.19,41.79,50.29,,12.24,0.22,-0.06,08/18,首源投資環球傘型基金首源全球基建基金第一類股美元配息型本基金之配息來源可能為本金
摩根投資基金-環球智選基金A股(美元)(累計),,境外,1/4,,,2.27,5.0,7.55,17.13,53.98,76.58,,8.97,0.29,0.81,08/18,摩根投資基金環球智選基金A股美元累計
荷寶資本成長基金-荷寶環球地產股票M美元(本基金非屬環境、社會及治理相關主題之境外基金),,境外,1/4,,,-3.58,2.96,0.3,17.08,22.32,6.83,,12.57,0.21,1.09,08/18,荷寶資本成長基金荷寶環球地產股票M美元本基金非屬環境、社會及治理相關主題之境外基金
MFS全盛基金系列-MFS全盛全球內在價值股票基金AH1(歐元),,境外,1/4,,,6.74,7.36,3.45,17.08,52.58,36.98,,14.63,0.2,1.21,08/18,MFS全盛基金系列MFS全盛全球內在價值股票基金AH1歐元
聯博-永續主題基金A澳幣避險級別(基金之配息來源可能為本金),,境外,1/4,,,2.06,1.41,6.25,17.06,31.47,2.33,,14.01,0.01,1.3,08/18,聯博永續主題基金A澳幣避險級別基金之配息來源可能為本金
MFS全盛基金系列-MFS全盛全球股票基金I1(美元),,境外,1/4,,,3.84,9.49,7.47,17.05,35.7,39.71,,14.74,0.19,1.2,08/18,MFS全盛基金系列MFS全盛全球股票基金I1美元
高盛基金III - 高盛投資級公司債基金X股對沖級別澳幣(月配息)(本基金之配息來源可能為本金),,境外,1/4,,,-0.49,0.0,-0.11,17.03,24.52,1.71,,4.2,-0.02,1.17,08/18,高盛基金III高盛投資級公司債基金X股對沖級別澳幣月配息本基金之配息來源可能為本金
富蘭克林坦伯頓全球投資系列全球非投資等級債券基金美元A(acc)(本基金之配息來源可能為本金),,境外,1/4,,,-0.32,4.45,2.87,17.02,34.85,41.74,,5.88,0.42,1.53,08/18,富蘭克林坦伯頓全球投資系列全球非投資等級債券基金美元Aacc本基金之配息來源可能為本金
富蘭克林坦伯頓全球投資系列全球債券總報酬基金歐元A(Mdis)(本基金有相當比重投資於非投資等級之高風險債券且基金之配息來源可能為本金),,境外,1/4,,,1.08,5.36,2.35,17.02,25.45,22.04,,4.86,0.56,0.83,08/18,富蘭克林坦伯頓全球投資系列全球債券總報酬基金歐元AMdis本基金有相當比重投資於非投資等級之高風險債券且基金之配息來源可能為本金
法盛智慧安保基金R/A USD,,境外,1/4,,,3.53,11.59,16.54,17.02,50.42,25.87,,12.8,0.21,0.84,08/18,法盛智慧安保基金R/AUSD
匯豐環球投資基金-氣候轉型環球企業債券AM3HAUD(本基金配息來源可能為本金),,境外,1/4,,,-0.39,0.26,0.29,17.01,25.54,6.78,,3.8,-0.02,1.04,08/18,匯豐環球投資基金氣候轉型環球企業債券AM3HAUD本基金配息來源可能為本金
富蘭克林坦伯頓全球投資系列全球債券總報酬基金歐元A(acc)(本基金有相當比重投資於非投資等級之高風險債券且基金之配息來源可能為本金),,境外,1/4,,,1.04,5.25,2.35,17.0,25.45,22.03,,4.74,0.57,0.81,08/18,富蘭克林坦伯頓全球投資系列全球債券總報酬基金歐元Aacc本基金有相當比重投資於非投資等級之高風險債券且基金之配息來源可能為本金
MFS全盛基金系列-MFS全盛全球股票基金I1(歐元),,境外,1/4,,,3.87,9.42,7.43,17.0,35.49,39.43,,11.47,0.25,0.86,08/18,MFS全盛基金系列MFS全盛全球股票基金I1歐元
富蘭克林坦伯頓全球投資系列全球債券總報酬基金美元A(acc)(本基金有相當比重投資於非投資等級之高風險債券且基金之配息來源可能為本金),,境外,1/4,,,1.03,5.35,2.33,17.0,25.4,22.03,,7.74,0.32,1.51,08/18,富蘭克林坦伯頓全球投資系列全球債券總報酬基金美元Aacc本基金有相當比重投資於非投資等級之高風險債券且基金之配息來源可能為本金
首源投資環球傘型基金-首源全球基建基金第一類股(美元-月配息)(本基金之配息來源可能為本金),,境外,1/4,,,-2.91,2.44,-0.71,16.97,,,,12.25,0.21,-0.06,08/18,首源投資環球傘型基金首源全球基建基金第一類股美元月配息本基金之配息來源可能為本金
DWS投資可轉債基金LC(本基金有相當比重投資於非投資等級之高風險債券),,境外,1/4,,,2.14,3.57,6.07,16.97,37.36,19.98,,7.23,0.38,0.83,08/18,DWS投資可轉債基金LC本基金有相當比重投資於非投資等級之高風險債券
晉達環球策略基金-環球策略管理基金I累積股份(基金之配息來源可能為本金),,境外,1/4,,,2.16,4.34,5.0,16.95,39.19,39.45,,9.79,0.26,0.92,08/18,晉達環球策略基金環球策略管理基金I累積股份基金之配息來源可能為本金
富蘭克林坦伯頓全球投資系列全球非投資等級債券基金美元A(Mdis)(本基金之配息來源可能為本金),,境外,1/4,,,-0.34,4.53,2.82,16.92,34.89,41.78,,5.89,0.42,1.52,08/18,富蘭克林坦伯頓全球投資系列全球非投資等級債券基金美元AMdis本基金之配息來源可能為本金
富蘭克林坦伯頓全球投資系列全球債券總報酬基金美元A(Mdis)(本基金有相當比重投資於非投資等級之高風險債券且基金之配息來源可能為本金),,境外,1/4,,,1.01,5.3,2.29,16.91,25.35,21.98,,7.67,0.32,1.49,08/18,富蘭克林坦伯頓全球投資系列全球債券總報酬基金美元AMdis本基金有相當比重投資於非投資等級之高風險債券且基金之配息來源可能為本金
富蘭克林坦伯頓全球投資系列全球債券總報酬基金歐元A(Ydis)(本基金有相當比重投資於非投資等級之高風險債券且基金之配息來源可能為本金),,境外,1/4,,,1.05,5.18,2.32,16.88,25.47,21.8,,4.73,0.56,0.79,08/18,富蘭克林坦伯頓全球投資系列全球債券總報酬基金歐元AYdis本基金有相當比重投資於非投資等級之高風險債券且基金之配息來源可能為本金
美盛凱利基礎建設價值基金A類股美元增益配息型(M)(本基金之配息來源可能為本金),,境外,1/4,,,-2.88,1.07,-1.9,16.87,,,,12.61,0.21,0.2,08/18,美盛凱利基礎建設價值基金A類股美元增益配息型M本基金之配息來源可能為本金
美盛凱利基礎建設價值基金A類股歐元累積型(本基金之配息來源可能為本金),,境外,1/4,,,-2.88,1.07,-1.83,16.87,44.82,60.25,,11.82,0.24,-0.16,08/18,美盛凱利基礎建設價值基金A類股歐元累積型本基金之配息來源可能為本金
安聯全球收益成長基金-BMf2固定月配類股(美元)(本基金有相當比重投資於非投資等級之高風險債券且配息來源可能為本金),,境外,1/4,,,-0.16,2.28,3.71,16.87,37.56,,,5.73,0.43,0.53,08/18,安聯全球收益成長基金BMf2固定月配類股美元本基金有相當比重投資於非投資等級之高風險債券且配息來源可能為本金
美盛凱利基礎建設價值基金A類股美元累積型(本基金之配息來源可能為本金),,境外,1/4,,,-2.84,1.15,-1.83,16.85,44.75,59.71,,12.63,0.21,0.19,08/18,美盛凱利基礎建設價值基金A類股美元累積型本基金之配息來源可能為本金
東方匯理基金美元綜合債券U澳幣避險(穩定月配息)(本基金之配息來源可能為本金),,境外,1/4,,,-0.26,0.14,-0.04,16.83,20.51,-0.23,,3.59,-0.03,1.02,08/18,東方匯理基金美元綜合債券U澳幣避險穩定月配息本基金之配息來源可能為本金
美盛凱利基礎建設價值基金A類股歐元增益配息型(M)(本基金之配息來源可能為本金),,境外,1/4,,,-2.87,1.06,-1.87,16.82,44.78,60.16,,11.88,0.24,-0.15,08/18,美盛凱利基礎建設價值基金A類股歐元增益配息型M本基金之配息來源可能為本金
東方匯理基金美元綜合債券B澳幣避險(穩定月配息)(本基金之配息來源可能為本金),,境外,1/4,,,-0.26,0.14,-0.04,16.8,20.53,-0.2,,3.6,-0.04,1.03,08/18,東方匯理基金美元綜合債券B澳幣避險穩定月配息本基金之配息來源可能為本金
晉達環球策略基金-環球特許品牌基金I累積股份(美元避險)(基金之配息來源可能為本金),,境外,1/4,,,1.83,8.07,9.65,16.8,42.54,55.97,,10.9,0.23,0.41,08/18,晉達環球策略基金環球特許品牌基金I累積股份美元避險基金之配息來源可能為本金
美盛凱利基礎建設價值基金A類股美元配息型(Q)(本基金之配息來源可能為本金),,境外,1/4,,,-2.9,1.09,-1.87,16.79,44.69,60.01,,12.64,0.2,0.19,08/18,美盛凱利基礎建設價值基金A類股美元配息型Q本基金之配息來源可能為本金
高盛基金III - 高盛氣候與環境永續基金X股歐元,,境外,1/4,,,4.16,4.73,8.68,16.78,22.9,13.98,,11.36,0.2,-0.04,08/07,高盛基金III高盛氣候與環境永續基金X股歐元
富達基金-全球多重資產收益基金(B股C月配息美元)(本基金有相當比重投資於非投資等級之高風險債券且配息來源可能為本金),,境外,1/4,,,0.92,3.29,1.07,16.76,26.81,,,8.63,0.29,0.26,08/18,富達基金全球多重資產收益基金B股C月配息美元本基金有相當比重投資於非投資等級之高風險債券且配息來源可能為本金
匯豐環球投資基金-環球股票氣候解決方案AD(本基金配息來源可能為本金),,境外,1/4,,,1.26,-1.1,4.66,16.69,31.52,10.48,,14.64,0.18,0.27,08/18,匯豐環球投資基金環球股票氣候解決方案AD本基金配息來源可能為本金
摩根基金-環球政府債券基金A股(澳幣對沖)(累計),,境外,1/4,,,-0.38,0.52,-0.02,16.63,18.71,2.84,,3.36,-0.05,0.89,08/18,摩根基金環球政府債券基金A股澳幣對沖累計
景順多元收益成長基金A(美元對沖)股美元,,境外,1/4,,,0.12,5.46,4.13,16.6,38.32,56.99,,5.87,0.41,0.45,08/18,景順多元收益成長基金A美元對沖股美元
景順多元收益成長基金A-穩定月配息(美元對沖)股美元(基金之配息來源可能為本金),,境外,1/4,,,0.12,5.45,4.13,16.59,38.25,56.98,,5.86,0.41,0.45,08/18,景順多元收益成長基金A穩定月配息美元對沖股美元基金之配息來源可能為本金
聯博-全球多元收益基金ED月配級別美元(基金之配息來源可能為本金),,境外,1/4,,,0.35,3.95,4.8,16.56,38.77,37.18,,5.64,0.42,0.52,08/18,聯博全球多元收益基金ED月配級別美元基金之配息來源可能為本金
安聯全球收益成長基金-BMf9固定月配類股(美元)(本基金有相當比重投資於非投資等級之高風險債券且配息來源可能為本金),,境外,1/4,,,-0.2,2.17,3.49,16.4,,,,5.73,0.41,0.53,08/18,安聯全球收益成長基金BMf9固定月配類股美元本基金有相當比重投資於非投資等級之高風險債券且配息來源可能為本金
瑞銀(盧森堡)策略基金-收益型(美元),,境外,1/4,,,0.35,4.29,5.74,16.39,30.23,32.73,,4.13,0.57,0.44,08/17,瑞銀盧森堡策略基金收益型美元
法盛智慧安保基金RET/A USD,,境外,1/4,,,3.48,11.42,16.19,16.33,47.78,22.18,,12.79,0.19,0.84,08/18,法盛智慧安保基金RET/AUSD
野村基金(愛爾蘭系列)-全球精選核心股票基金(B美元類股),,境外,1/4,,,3.47,2.53,8.63,16.3,31.52,,,11.44,0.21,0.74,08/18,野村基金愛爾蘭系列全球精選核心股票基金B美元類股
柏瑞環球基金-柏瑞環球重點股票基金Y,,境外,1/4,,,2.33,3.49,3.72,16.28,61.76,87.36,,12.59,0.2,1.12,08/18,柏瑞環球基金柏瑞環球重點股票基金Y
摩根基金-全球成長基金A股(美元)(累計),,境外,1/4,,,2.19,2.56,9.95,16.22,72.91,45.54,,11.63,0.21,0.99,08/18,摩根基金全球成長基金A股美元累計
野村基金(愛爾蘭系列)-AC全球小型股票基金(T美元類股),,境外,1/4,,,3.55,1.58,0.65,16.19,,,,19.22,0.14,1.7,08/18,野村基金愛爾蘭系列AC全球小型股票基金T美元類股
摩根基金-全球成長基金A股(美元)(分派)(本基金之配息來源可能為本金),,境外,1/4,,,2.21,2.57,9.95,16.19,72.91,45.47,,11.64,0.21,0.99,08/18,摩根基金全球成長基金A股美元分派本基金之配息來源可能為本金
富蘭克林坦伯頓全球投資系列創新科技基金美元F(acc),,境外,1/4,,,1.63,1.58,14.76,16.15,79.57,,,18.22,0.15,1.4,08/18,富蘭克林坦伯頓全球投資系列創新科技基金美元Facc
羅素多元資產50基金B類股,,境外,1/4,,,0.35,3.16,4.42,16.09,32.23,35.39,,4.84,0.47,0.52,08/17,羅素多元資產50基金B類股
摩根投資基金-多重收益基金A股(歐元)(每季派息)(本基金有相當比重投資於非投資等級之高風險債券且配息來源可能為本金),,境外,1/4,,,1.57,2.98,3.89,16.08,38.71,28.53,,4.03,0.61,0.37,08/18,摩根投資基金多重收益基金A股歐元每季派息本基金有相當比重投資於非投資等級之高風險債券且配息來源可能為本金
貝萊德新世代運輸基金A2歐元,,境外,1/4,,,0.4,-5.66,0.48,15.97,13.34,,,15.58,0.18,1.1,08/18,貝萊德新世代運輸基金A2歐元
貝萊德新世代運輸基金A2美元,,境外,1/4,,,0.5,-5.49,0.3,15.95,13.42,8.01,,17.93,0.14,1.44,08/18,貝萊德新世代運輸基金A2美元
摩根士丹利環球可轉換債券基金AH(歐元避險)(本基金主要係投資於非投資等級之高風險債券),,境外,1/4,,,2.64,3.3,5.57,15.95,36.8,27.89,,6.68,0.37,0.77,08/18,摩根士丹利環球可轉換債券基金AH歐元避險本基金主要係投資於非投資等級之高風險債券
富蘭克林坦伯頓全球投資系列全球非投資等級債券基金美元F(mdis)(本基金之配息來源可能為本金),,境外,1/4,,,-0.35,4.28,2.37,15.95,31.16,35.22,,5.99,0.37,1.54,08/18,富蘭克林坦伯頓全球投資系列全球非投資等級債券基金美元Fmdis本基金之配息來源可能為本金
晉達環球策略基金-環球特許品牌基金I收益股(基金之配息來源可能為本金),,境外,1/4,,,1.96,7.72,8.8,15.93,42.28,52.94,,11.16,0.21,0.47,08/18,晉達環球策略基金環球特許品牌基金I收益股基金之配息來源可能為本金
高盛基金III - 高盛投資級公司債基金Y股對沖級別澳幣(月配息)(本基金之配息來源可能為本金),,境外,1/4,,,-0.58,-0.28,-0.6,15.93,20.89,-3.21,,4.2,-0.08,1.17,08/18,高盛基金III高盛投資級公司債基金Y股對沖級別澳幣月配息本基金之配息來源可能為本金
晉達環球策略基金-環球特許品牌基金I累積股份(基金之配息來源可能為本金),,境外,1/4,,,1.96,7.72,8.8,15.93,42.27,52.94,,11.15,0.21,0.47,08/18,晉達環球策略基金環球特許品牌基金I累積股份基金之配息來源可能為本金
MFS全盛基金系列-MFS全盛全球股票基金A1(美元),,境外,1/4,,,3.75,9.22,6.95,15.92,31.79,33.05,,14.72,0.17,1.2,08/18,MFS全盛基金系列MFS全盛全球股票基金A1美元
貝萊德新世代運輸基金A10美元(總報酬穩定配息)(基金之配息來源可能為本金),,境外,1/4,,,0.46,-5.57,0.28,15.9,13.38,,,17.9,0.14,1.44,08/18,貝萊德新世代運輸基金A10美元總報酬穩定配息基金之配息來源可能為本金
PIMCO收益增長基金(日圓避險)-M級類別(月收息強化股份)(本基金之配息來源可能為本金),,境外,1/4,,,2.59,4.65,4.19,15.89,,,,6.87,0.65,0.63,08/18,PIMCO收益增長基金日圓避險M級類別月收息強化股份本基金之配息來源可能為本金
聯博-永續主題基金E澳幣避險級別(基金之配息來源可能為本金),,境外,1/4,,,1.99,1.2,5.74,15.88,27.58,-2.65,,14.04,-0.01,1.3,08/18,聯博永續主題基金E澳幣避險級別基金之配息來源可能為本金
MFS全盛基金系列-MFS全盛全球股票基金A1(歐元),,境外,1/4,,,3.77,9.13,6.93,15.88,31.63,32.81,,11.46,0.22,0.86,08/18,MFS全盛基金系列MFS全盛全球股票基金A1歐元
DWS投資全球基礎建設基金(美元避險)USD LDMH (P)(本基金配息之來源可能為本金),,境外,1/4,,,-4.09,-0.1,-0.87,15.86,41.04,51.72,,12.08,0.19,-0.31,08/18,DWS投資全球基礎建設基金美元避險USDLDMHP本基金配息之來源可能為本金
富蘭克林坦伯頓全球投資系列全球債券總報酬基金美元F(Mdis)(本基金有相當比重投資於非投資等級之高風險債券且基金之配息來源可能為本金),,境外,1/4,,,1.0,4.95,1.71,15.85,21.66,15.92,,7.74,0.29,1.52,08/18,富蘭克林坦伯頓全球投資系列全球債券總報酬基金美元FMdis本基金有相當比重投資於非投資等級之高風險債券且基金之配息來源可能為本金
摩根投資基金-環球智選基金F股(美元)(累計),,境外,1/4,,,2.17,4.71,6.95,15.82,,,,8.97,0.25,0.81,08/18,摩根投資基金環球智選基金F股美元累計
瑞銀(盧森堡)策略基金-收益型(美元)(月配息)(本基金之配息來源可能為本金),,境外,1/4,,,-0.14,3.78,5.22,15.82,29.6,,,4.04,0.54,0.42,08/17,瑞銀盧森堡策略基金收益型美元月配息本基金之配息來源可能為本金
景順全球創業家基金C股美元,,境外,1/4,,,2.46,8.42,6.71,15.81,82.47,110.14,,13.55,0.18,1.1,08/18,景順全球創業家基金C股美元
施羅德環球基金系列-環球股債收息基金(歐元避險)A-累積(本基金有相當比重投資於非投資等級之高風險債券),,境外,1/4,,,3.0,4.23,2.08,15.72,38.56,28.43,,5.97,0.4,0.52,08/18,施羅德環球基金系列環球股債收息基金歐元避險A累積本基金有相當比重投資於非投資等級之高風險債券
晉達環球策略基金-環球特許品牌基金A累積股份(美元避險)(基金之配息來源可能為本金),,境外,1/4,,,1.72,7.8,9.13,15.7,38.63,48.83,,10.9,0.21,0.4,08/18,晉達環球策略基金環球特許品牌基金A累積股份美元避險基金之配息來源可能為本金
施羅德環球基金系列-環球股債收息基金(歐元避險)A-季配浮動(本基金有相當比重投資於非投資等級之高風險債券且基金之配息來源可能為本金且並無保證收益及配息),,境外,1/4,,,3.0,4.24,2.08,15.7,38.47,28.39,,5.97,0.4,0.52,08/18,施羅德環球基金系列環球股債收息基金歐元避險A季配浮動本基金有相當比重投資於非投資等級之高風險債券且基金之配息來源可能為本金且並無保證收益及配息
法盛全球永續股票基金 R/A NPF USD,,境外,1/4,,,3.21,8.15,7.3,15.56,42.83,38.2,,9.83,0.23,0.78,08/17,法盛全球永續股票基金R/ANPFUSD
DWS投資全球基礎建設基金USD LC(本基金之配息來源可能為本金),,境外,1/4,,,-3.66,-0.4,-1.67,15.53,41.87,46.07,,12.67,0.18,-0.22,08/18,DWS投資全球基礎建設基金USDLC本基金之配息來源可能為本金
聯博-全球不動產證券基金AD紐幣避險級別(基金之配息來源可能為本金),,境外,1/4,,,-3.05,2.87,-1.72,15.48,25.5,-8.78,,11.87,0.21,1.03,08/18,聯博全球不動產證券基金AD紐幣避險級別基金之配息來源可能為本金
M＆G入息基金A(歐元月配)(本基金配息來源可能為本金且並無保證收益及配息),,境外,1/4,,,0.94,3.33,0.48,15.46,26.92,24.05,,5.39,0.43,0.37,08/18,M＆G入息基金A歐元月配本基金配息來源可能為本金且並無保證收益及配息
M＆G入息基金A(歐元)(本基金並無保證收益及配息),,境外,1/4,,,0.94,3.33,0.48,15.46,26.92,24.07,,5.39,0.43,0.37,08/18,M＆G入息基金A歐元本基金並無保證收益及配息
柏瑞環球基金-柏瑞環球重點股票基金A,,境外,1/4,,,2.27,3.29,3.31,15.36,57.94,80.02,,12.58,0.18,1.12,08/18,柏瑞環球基金柏瑞環球重點股票基金A
柏瑞環球基金-柏瑞環球重點股票基金ADC(穩定月配)(基金之配息來源可能為本金),,境外,1/4,,,2.27,3.28,3.29,15.35,,,,12.58,0.18,1.12,08/18,柏瑞環球基金柏瑞環球重點股票基金ADC穩定月配基金之配息來源可能為本金
歐義銳榮靈活策略入息基金R4(本基金配息來源可能為本金且並無保證收益及配息),,境外,1/4,,,0.68,5.06,1.6,15.34,32.98,31.67,,8.07,-0.05,0.48,08/17,歐義銳榮靈活策略入息基金R4本基金配息來源可能為本金且並無保證收益及配息
聯博-優化波動股票基金AP(總報酬月配)級別美元(基金之配息來源可能為本金),,境外,1/4,,,2.24,5.6,9.24,15.31,,,,9.1,0.23,0.72,08/18,聯博優化波動股票基金AP總報酬月配級別美元基金之配息來源可能為本金
聯博-優化波動股票基金AD月配級別美元(基金之配息來源可能為本金),,境外,1/4,,,2.24,5.6,9.24,15.29,49.35,70.8,,9.08,0.23,0.72,08/18,聯博優化波動股票基金AD月配級別美元基金之配息來源可能為本金
聯博-優化波動股票基金A級別美元(基金之配息來源可能為本金),,境外,1/4,,,2.24,5.59,9.2,15.27,49.3,70.77,,9.1,0.23,0.72,08/18,聯博優化波動股票基金A級別美元基金之配息來源可能為本金
M＆G ESG巴黎協議全球永續股票基金A(美元年配)(本基金配息來源可能為本金),,境外,1/4,,,1.19,6.45,7.2,15.23,38.19,53.57,,9.47,0.22,0.7,08/18,M＆GESG巴黎協議全球永續股票基金A美元年配本基金配息來源可能為本金
M＆G ESG巴黎協議全球永續股票基金A(美元),,境外,1/4,,,1.19,6.45,7.2,15.22,38.2,53.61,,9.47,0.22,0.7,08/18,M＆GESG巴黎協議全球永續股票基金A美元
安聯新興市場主權債券基金-IT累積類股(美元)(本基金有相當比重投資於非投資等級之高風險債券),,境外,1/4,,,-1.64,2.77,1.53,15.15,39.18,33.76,,4.8,0.42,1.2,08/18,安聯新興市場主權債券基金IT累積類股美元本基金有相當比重投資於非投資等級之高風險債券
景順全球創業家基金A股美元,,境外,1/4,,,2.4,8.22,6.38,15.09,79.19,103.94,,13.51,0.16,1.1,08/18,景順全球創業家基金A股美元
歐義銳榮靈活策略入息基金RM4(月配息)(本基金配息來源可能為本金且並無保證收益及配息),,境外,1/4,,,0.48,4.85,1.43,15.07,32.75,31.49,,8.08,-0.06,0.48,08/17,歐義銳榮靈活策略入息基金RM4月配息本基金配息來源可能為本金且並無保證收益及配息
歐義銳榮靈活策略入息基金R2(本基金配息來源可能為本金且並無保證收益及配息),,境外,1/4,,,0.71,4.61,1.77,15.06,33.07,32.14,,8.82,0.24,0.63,08/17,歐義銳榮靈活策略入息基金R2本基金配息來源可能為本金且並無保證收益及配息
摩根基金-全球成長基金F股(美元)(累計),,境外,1/4,,,2.12,2.32,9.38,15.03,67.73,,,11.63,0.18,0.99,08/18,摩根基金全球成長基金F股美元累計
MFS全盛基金系列-MFS全盛全球股票基金C1(美元),,境外,1/4,,,3.69,9.01,6.54,15.02,28.82,28.07,,14.71,0.15,1.2,08/18,MFS全盛基金系列MFS全盛全球股票基金C1美元
野村基金(愛爾蘭系列)-AC全球小型股票基金(B美元類股),,境外,1/4,,,3.46,1.31,0.13,15.01,,,,19.21,0.13,1.7,08/18,野村基金愛爾蘭系列AC全球小型股票基金B美元類股
富達基金-全球多重資產收益基金(A股累計歐元避險)(本基金有相當比重投資於非投資等級之高風險債券),,境外,1/4,,,1.85,2.51,-0.46,15.0,33.05,16.86,,7.89,0.28,0.61,08/18,富達基金全球多重資產收益基金A股累計歐元避險本基金有相當比重投資於非投資等級之高風險債券
晉達環球策略基金-環球策略管理基金C收益股份(基金之配息來源可能為本金),,境外,1/4,,,2.01,3.9,4.13,14.99,32.3,28.16,,9.77,0.21,0.92,08/18,晉達環球策略基金環球策略管理基金C收益股份基金之配息來源可能為本金
晉達環球策略基金-環球策略管理基金C收益-2股份(月配)(基金之配息來源可能為本金),,境外,1/4,,,2.01,3.88,4.12,14.97,32.28,28.16,,9.79,0.21,0.92,08/18,晉達環球策略基金環球策略管理基金C收益2股份月配基金之配息來源可能為本金
聯博-全球多元收益基金AX級別歐元(基金之配息來源可能為本金),,境外,1/4,,,0.48,3.42,3.98,14.93,32.85,27.91,,4.14,0.52,0.18,08/18,聯博全球多元收益基金AX級別歐元基金之配息來源可能為本金
羅素多元資產50基金W類股,,境外,1/4,,,0.26,2.89,3.91,14.93,28.32,28.78,,4.82,0.41,0.52,08/17,羅素多元資產50基金W類股
摩根士丹利新興領先股票基金AH(歐元避險),,境外,1/4,,,4.67,0.92,-0.7,14.91,33.13,-14.68,,20.95,0.13,1.7,08/18,摩根士丹利新興領先股票基金AH歐元避險
東方匯理基金環球責任股票A美元(本基金之配息來源可能為本金),,境外,1/4,,,0.08,4.98,1.82,14.9,58.68,51.37,,12.42,0.17,0.99,08/18,東方匯理基金環球責任股票A美元本基金之配息來源可能為本金
晉達環球策略基金-環球優質股息增長基金I累積股份(本基金之配息來源可能為本金且並無保證收益及配息),,境外,1/4,,,0.96,4.85,4.11,14.89,39.87,50.21,,11.09,0.19,0.82,08/18,晉達環球策略基金環球優質股息增長基金I累積股份本基金之配息來源可能為本金且並無保證收益及配息
晉達環球策略基金-環球優質股息增長基金I收益股份(本基金之配息來源可能為本金且並無保證收益及配息),,境外,1/4,,,0.96,4.84,4.09,14.88,39.88,50.24,,11.09,0.19,0.82,08/18,晉達環球策略基金環球優質股息增長基金I收益股份本基金之配息來源可能為本金且並無保證收益及配息
霸菱全球農業基金-A類英鎊,,境外,1/4,,,-2.69,-1.1,-2.15,14.81,-0.23,12.74,,10.82,0.18,-0.31,08/18,霸菱全球農業基金A類英鎊
東方匯理基金環球責任股票A歐元(本基金之配息來源可能為本金),,境外,1/4,,,0.03,4.75,2.08,14.8,58.61,51.29,,8.97,0.25,0.65,08/18,東方匯理基金環球責任股票A歐元本基金之配息來源可能為本金
安聯全球永續發展基金-IT累積類股(歐元),,境外,1/4,,,1.87,5.88,7.73,14.73,38.91,44.49,,7.0,0.31,0.06,08/18,安聯全球永續發展基金IT累積類股歐元
東方匯理基金環球責任股票A2美元(穩定月配息)(本基金之配息來源可能為本金),,境外,1/4,,,0.06,4.93,1.73,14.73,57.95,,,12.42,0.17,0.99,08/18,東方匯理基金環球責任股票A2美元穩定月配息本基金之配息來源可能為本金
富蘭克林坦伯頓全球投資系列全球房地產基金歐元避險A(acc)-H1(本基金之配息來源可能為本金),,境外,1/4,,,-2.7,2.04,-1.27,14.72,26.83,-3.99,,12.33,0.19,1.07,08/18,富蘭克林坦伯頓全球投資系列全球房地產基金歐元避險AaccH1本基金之配息來源可能為本金
富蘭克林坦伯頓全球投資系列全球房地產基金歐元避險A(Ydis)-H1(本基金之配息來源可能為本金),,境外,1/4,,,-2.65,2.02,-1.24,14.7,26.62,-4.02,,12.2,0.19,1.06,08/18,富蘭克林坦伯頓全球投資系列全球房地產基金歐元避險AYdisH1本基金之配息來源可能為本金
威廉博萊新興市場本地貨幣債券基金-J累積(美元)(本基金有相當比重投資於非投資等級之高風險債券且配息來源可能為本金),,境外,1/4,,,0.35,4.27,0.46,14.69,28.54,41.07,,7.78,0.25,1.69,08/17,威廉博萊新興市場本地貨幣債券基金J累積美元本基金有相當比重投資於非投資等級之高風險債券且配息來源可能為本金
歐義銳榮靈活策略入息基金RM2(月配息)(本基金配息來源可能為本金且並無保證收益及配息),,境外,1/4,,,0.39,4.24,1.4,14.61,32.55,31.64,,8.76,0.23,0.61,08/17,歐義銳榮靈活策略入息基金RM2月配息本基金配息來源可能為本金且並無保證收益及配息
霸菱全球農業基金-A類歐元,,境外,1/4,,,-2.69,-0.76,-2.37,14.57,-0.29,12.71,,12.19,0.18,-0.41,08/18,霸菱全球農業基金A類歐元
歐義銳榮靈活策略入息基金RL(本基金配息來源可能為本金且並無保證收益及配息,,境外,1/4,,,0.66,4.49,1.4,14.54,33.42,33.41,,4.44,0.49,0.29,08/17,歐義銳榮靈活策略入息基金RL本基金配息來源可能為本金且並無保證收益及配息
晉達環球策略基金-環球特許品牌基金C累積股份(美元避險)(基金之配息來源可能為本金),,境外,1/4,,,1.64,7.54,8.58,14.53,34.52,41.59,,10.89,0.18,0.4,08/18,晉達環球策略基金環球特許品牌基金C累積股份美元避險基金之配息來源可能為本金
霸菱全球農業基金-A類美元避險累積型,,境外,1/4,,,-3.26,-1.8,-2.46,14.49,-6.24,,,10.76,0.18,-0.31,08/18,霸菱全球農業基金A類美元避險累積型
百達-智慧城市-HR美元DY(基金之配息來源可能為本金),,境外,1/4,,,1.49,4.69,7.08,14.47,28.44,17.25,,9.43,0.2,0.76,08/18,百達智慧城市HR美元DY基金之配息來源可能為本金
百達-智慧城市-HR美元,,境外,1/4,,,1.48,4.69,7.08,14.47,28.44,17.25,,9.43,0.2,0.76,08/18,百達智慧城市HR美元
霸菱全球農業基金-A類美元,,境外,1/4,,,-2.61,-0.48,-2.78,14.45,-0.19,12.72,,12.94,0.16,-0.09,08/18,霸菱全球農業基金A類美元
法巴社會包容成長基金C(美元),,境外,1/4,,,0.96,4.48,6.88,14.38,43.51,,,11.35,0.17,1.0,08/18,法巴社會包容成長基金C美元
安聯新興市場主權債券基金-AT累積類股(美元)(本基金有相當比重投資於非投資等級之高風險債券),,境外,1/4,,,-1.7,2.59,1.17,14.33,36.09,,,4.79,0.37,1.2,08/18,安聯新興市場主權債券基金AT累積類股美元本基金有相當比重投資於非投資等級之高風險債券
富達基金-富達目標TM基金2030(A股歐元),,境外,1/4,,,0.6,2.34,2.77,14.3,36.17,29.02,,4.13,0.49,0.35,08/18,富達基金富達目標TM基金2030A股歐元
聯博-全球多元收益基金AD月配歐元避險級別(基金之配息來源可能為本金),,境外,1/4,,,1.38,3.03,2.36,14.28,43.22,27.9,,5.6,0.36,0.51,08/18,聯博全球多元收益基金AD月配歐元避險級別基金之配息來源可能為本金
安聯新興市場主權債券基金-AM穩定月收類股(美元)(本基金有相當比重投資於非投資等級之高風險債券且配息來源可能為本金),,境外,1/4,,,-1.7,2.59,1.17,14.26,,,,4.78,0.37,1.2,08/18,安聯新興市場主權債券基金AM穩定月收類股美元本基金有相當比重投資於非投資等級之高風險債券且配息來源可能為本金
安聯新興市場主權債券基金-AMg穩定月收總收益類股(美元)(本基金有相當比重投資於非投資等級之高風險債券且配息來源可能為本金),,境外,1/4,,,-1.7,2.59,1.13,14.26,,,,4.8,0.37,1.2,08/18,安聯新興市場主權債券基金AMg穩定月收總收益類股美元本基金有相當比重投資於非投資等級之高風險債券且配息來源可能為本金
法巴水資源基金RH(美元),,境外,1/4,,,-3.36,6.59,-0.13,14.24,30.49,45.87,,14.75,0.14,0.13,08/18,法巴水資源基金RH美元
法巴水資源基金/月配RH(美元)(基金之配息來源可能為本金),,境外,1/4,,,-3.38,6.58,-0.12,14.24,30.27,45.67,,14.77,0.14,0.13,08/18,法巴水資源基金/月配RH美元基金之配息來源可能為本金
法巴社會包容成長基金C(歐元),,境外,1/4,,,0.91,4.26,7.16,14.23,43.45,53.68,,10.14,0.21,0.65,08/18,法巴社會包容成長基金C歐元
安聯新興市場主權債券基金-AMf2固定月配類股(美元)(本基金有相當比重投資於非投資等級之高風險債券且配息來源可能為本金),,境外,1/4,,,-1.69,2.57,1.14,14.22,,,,4.78,0.37,1.19,08/18,安聯新興市場主權債券基金AMf2固定月配類股美元本基金有相當比重投資於非投資等級之高風險債券且配息來源可能為本金
威廉博萊新興市場本地貨幣債券基金-A累積(美元)(本基金有相當比重投資於非投資等級之高風險債券且配息來源可能為本金),,境外,1/4,,,0.3,4.14,0.24,14.17,26.84,37.97,,7.76,0.24,1.69,08/17,威廉博萊新興市場本地貨幣債券基金A累積美元本基金有相當比重投資於非投資等級之高風險債券且配息來源可能為本金
富蘭克林坦伯頓全球投資系列多空策略基金美元A(acc),,境外,1/4,,,-1.2,1.55,3.21,14.17,23.87,31.74,,3.13,0.55,0.26,08/18,富蘭克林坦伯頓全球投資系列多空策略基金美元Aacc
聯博-優化波動股票基金EP(總報酬月配)級別美元(基金之配息來源可能為本金),,境外,1/4,,,2.17,5.33,8.71,14.16,,,,9.09,0.2,0.72,08/18,聯博優化波動股票基金EP總報酬月配級別美元基金之配息來源可能為本金
聯博-優化波動股票基金ED月配級別美元 (基金之配息來源可能為本金),,境外,1/4,,,2.19,5.36,8.68,14.16,45.03,62.48,,9.07,0.2,0.72,08/18,聯博優化波動股票基金ED月配級別美元基金之配息來源可能為本金
東方匯理基金環球責任股票B美元(本基金之配息來源可能為本金),,境外,1/4,,,0.02,4.78,1.46,14.11,55.41,46.22,,12.4,0.15,0.99,08/18,東方匯理基金環球責任股票B美元本基金之配息來源可能為本金
東方匯理基金環球責任股票U美元(穩定月配息)(本基金之配息來源可能為本金),,境外,1/4,,,0.03,4.79,1.46,14.1,55.43,,,12.43,0.15,0.99,08/18,東方匯理基金環球責任股票U美元穩定月配息本基金之配息來源可能為本金
安聯全球永續發展基金-IT累積類股(美元),,境外,1/4,,,1.86,6.05,7.26,14.1,37.89,43.46,,6.33,0.28,0.39,08/18,安聯全球永續發展基金IT累積類股美元
東方匯理基金環球責任股票U美元(本基金之配息來源可能為本金),,境外,1/4,,,0.02,4.79,1.46,14.09,55.42,46.22,,12.4,0.15,0.99,08/18,東方匯理基金環球責任股票U美元本基金之配息來源可能為本金
歐義銳榮靈活策略入息基金R(本基金配息來源可能為本金且並無保證收益及配息),,境外,1/4,,,0.62,4.37,1.2,14.08,31.84,30.78,,4.41,0.47,0.29,08/17,歐義銳榮靈活策略入息基金R本基金配息來源可能為本金且並無保證收益及配息
施羅德環球基金系列-環球永續食物與水資源(美元)A-累積,,境外,1/4,,,-0.71,3.29,-0.49,14.01,6.61,,,12.53,0.15,-0.1,08/18,施羅德環球基金系列環球永續食物與水資源美元A累積
景順多元收益成長基金C股歐元,,境外,1/4,,,1.23,4.48,1.64,13.98,41.45,43.7,,5.9,0.33,0.45,08/18,景順多元收益成長基金C股歐元
晉達環球策略基金-環球優質股息增長基金C收益-3股份(美元避險，月配)(本基金之配息來源可能為本金且並無保證收益及配息),,境外,1/4,,,0.49,4.66,4.18,13.87,31.4,40.9,,9.94,0.18,0.71,08/18,晉達環球策略基金環球優質股息增長基金C收益3股份美元避險，月配本基金之配息來源可能為本金且並無保證收益及配息
景順多元收益成長基金C股美元,,境外,1/4,,,1.34,4.78,1.21,13.85,41.72,,,9.97,0.18,0.77,08/18,景順多元收益成長基金C股美元
瑞聯UBAM全球增益策略債券基金美元AD(本基金主要投資於非投資等級之高風險債券且配息來源可能為本金),,境外,1/4,,,-0.51,3.27,4.21,13.84,36.58,60.67,,3.97,0.43,0.56,08/17,瑞聯UBAM全球增益策略債券基金美元AD本基金主要投資於非投資等級之高風險債券且配息來源可能為本金
晉達環球策略基金-環球優質股息增長基金C累積股份(美元避險)(本基金之配息來源可能為本金且並無保證收益及配息),,境外,1/4,,,0.5,4.67,4.18,13.81,31.32,40.8,,9.93,0.18,0.71,08/18,晉達環球策略基金環球優質股息增長基金C累積股份美元避險本基金之配息來源可能為本金且並無保證收益及配息
晉達環球策略基金-環球優質股息增長基金A收益股份(本基金之配息來源可能為本金且並無保證收益及配息),,境外,1/4,,,0.88,4.6,3.61,13.81,36.02,43.37,,11.08,0.16,0.82,08/18,晉達環球策略基金環球優質股息增長基金A收益股份本基金之配息來源可能為本金且並無保證收益及配息
晉達環球策略基金-環球優質股息增長基金A收益-2股份(月配)(本基金之配息來源可能為本金且並無保證收益及配息),,境外,1/4,,,0.86,4.6,3.6,13.8,35.96,43.32,,11.08,0.16,0.82,08/18,晉達環球策略基金環球優質股息增長基金A收益2股份月配本基金之配息來源可能為本金且並無保證收益及配息
瑞聯UBAM全球增益策略債券基金美元ADm(本基金主要投資於非投資等級之高風險債券且配息來源可能為本金),,境外,1/4,,,-0.52,3.28,4.16,13.79,36.39,60.47,,3.93,0.43,0.56,08/17,瑞聯UBAM全球增益策略債券基金美元ADm本基金主要投資於非投資等級之高風險債券且配息來源可能為本金
晉達環球策略基金-環球優質股息增長基金A累積股份(本基金之配息來源可能為本金且並無保證收益及配息),,境外,1/4,,,0.87,4.59,3.61,13.79,35.97,43.32,,11.11,0.16,0.83,08/18,晉達環球策略基金環球優質股息增長基金A累積股份本基金之配息來源可能為本金且並無保證收益及配息
瑞聯UBAM全球增益策略債券基金美元AC(本基金主要投資於非投資等級之高風險債券),,境外,1/4,,,-0.51,3.28,4.15,13.78,36.36,60.43,,3.93,0.43,0.56,08/17,瑞聯UBAM全球增益策略債券基金美元AC本基金主要投資於非投資等級之高風險債券
歐義銳榮靈活策略入息基金RM(月配息)(本基金配息來源可能為本金且並無保證收益及配息),,境外,1/4,,,0.41,4.18,1.0,13.78,31.55,30.49,,4.44,0.45,0.28,08/17,歐義銳榮靈活策略入息基金RM月配息本基金配息來源可能為本金且並無保證收益及配息
安聯全球永續發展基金-A配息類股(歐元)(基金之配息來源可能為本金),,境外,1/4,,,1.79,5.64,7.25,13.72,35.23,38.16,,7.0,0.27,0.06,08/18,安聯全球永續發展基金A配息類股歐元基金之配息來源可能為本金
晉達環球策略基金-環球特許品牌基金C累積股份(基金之配息來源可能為本金),,境外,1/4,,,1.79,7.19,7.77,13.71,34.23,38.81,,11.15,0.16,0.47,08/18,晉達環球策略基金環球特許品牌基金C累積股份基金之配息來源可能為本金
晉達環球策略基金-環球特許品牌基金C收益-2股份(月配)(基金之配息來源可能為本金),,境外,1/4,,,1.78,7.18,7.75,13.71,34.2,38.79,,11.14,0.16,0.47,08/18,晉達環球策略基金環球特許品牌基金C收益2股份月配基金之配息來源可能為本金
富達基金-全球聚焦基金(Y股累計美元),,境外,1/4,,,1.76,3.87,7.42,13.7,54.46,63.47,,12.45,0.14,0.94,08/18,富達基金全球聚焦基金Y股累計美元
晉達環球策略基金-環球特許品牌基金C收益股份(基金之配息來源可能為本金),,境外,1/4,,,1.77,7.19,7.75,13.7,34.22,38.8,,11.14,0.16,0.47,08/18,晉達環球策略基金環球特許品牌基金C收益股份基金之配息來源可能為本金
安聯全球永續發展基金-A配息類股(美元)(基金之配息來源可能為本金),,境外,1/4,,,1.78,5.81,6.8,13.63,35.63,38.31,,6.26,0.26,0.39,08/18,安聯全球永續發展基金A配息類股美元基金之配息來源可能為本金
安聯全球永續發展基金-AMg穩定月收總收益類股(美元)(基金之配息來源可能為本金),,境外,1/4,,,1.78,5.83,6.85,13.61,35.2,37.91,,6.14,0.26,0.38,08/18,安聯全球永續發展基金AMg穩定月收總收益類股美元基金之配息來源可能為本金
瑞聯UBAM環球首選30股票基金美元IC,,境外,1/4,,,1.78,3.64,9.98,13.6,30.58,33.3,,9.77,0.18,0.87,08/17,瑞聯UBAM環球首選30股票基金美元IC
富蘭克林坦伯頓全球投資系列中小型企業基金美元A(acc),,境外,1/4,,,-0.11,5.99,5.69,13.53,28.45,18.41,,16.43,0.12,1.41,08/18,富蘭克林坦伯頓全球投資系列中小型企業基金美元Aacc
富蘭克林坦伯頓全球投資系列中小型企業基金美元A(Ydis),,境外,1/4,,,-0.1,6.0,5.7,13.53,28.47,18.41,,16.43,0.12,1.41,08/18,富蘭克林坦伯頓全球投資系列中小型企業基金美元AYdis
聯博-全球永續多元資產基金AI(穩定月配)美元避險級別(基金之配息來源可能為本金),,境外,1/4,,,-0.4,3.23,6.07,13.49,29.44,,,6.19,0.26,0.55,08/18,聯博全球永續多元資產基金AI穩定月配美元避險級別基金之配息來源可能為本金
富達基金-永續發展全球健康護理基金(Y股累計美元),,境外,1/4,,,1.88,12.34,0.14,13.48,8.41,13.61,,14.67,0.12,1.05,08/18,富達基金永續發展全球健康護理基金Y股累計美元
聯博-全球永續多元資產基金A美元避險級別(基金之配息來源可能為本金),,境外,1/4,,,-0.42,3.2,6.03,13.44,29.31,34.71,,6.21,0.25,0.55,08/18,聯博全球永續多元資產基金A美元避險級別基金之配息來源可能為本金
富達基金-永續發展全球健康護理基金(Y股累計歐元),,境外,1/4,,,1.84,12.13,0.27,13.37,8.37,13.43,,13.67,0.15,0.87,08/18,富達基金永續發展全球健康護理基金Y股累計歐元
景順多元收益成長基金A-穩定月配息股歐元(基金之配息來源可能為本金),,境外,1/4,,,1.18,4.33,1.36,13.34,,,,5.89,0.3,0.45,08/18,景順多元收益成長基金A穩定月配息股歐元基金之配息來源可能為本金
百達-智慧城市-I美元,,境外,1/4,,,2.79,4.09,4.89,13.31,36.89,15.18,,12.96,0.13,1.1,08/18,百達智慧城市I美元
瑞聯UBAM全球增益策略債券基金美元RD(本基金主要投資於非投資等級之高風險債券且配息來源可能為本金),,境外,1/4,,,-0.6,3.0,3.83,13.26,35.07,57.95,,3.96,0.39,0.57,08/17,瑞聯UBAM全球增益策略債券基金美元RD本基金主要投資於非投資等級之高風險債券且配息來源可能為本金
瑞聯UBAM全球增益策略債券基金美元RDm(本基金主要投資於非投資等級之高風險債券且配息來源可能為本金),,境外,1/4,,,-0.6,3.0,3.79,13.21,34.89,57.76,,3.93,0.39,0.56,08/17,瑞聯UBAM全球增益策略債券基金美元RDm本基金主要投資於非投資等級之高風險債券且配息來源可能為本金
瑞聯UBAM全球增益策略債券基金美元RC(本基金主要投資於非投資等級之高風險債券),,境外,1/4,,,-0.6,3.0,3.78,13.2,34.85,57.7,,3.92,0.39,0.57,08/17,瑞聯UBAM全球增益策略債券基金美元RC本基金主要投資於非投資等級之高風險債券
霸菱環球非投資等級債券基金-F類美元累積型(本基金主要投資於符合美國 Rule 144A規定之私募性質債券且配息來源可能為本金),,境外,1/4,,,-0.8,3.08,3.63,13.16,33.09,49.01,,2.84,0.52,0.81,08/18,霸菱環球非投資等級債券基金F類美元累積型本基金主要投資於符合美國Rule144A規定之私募性質債券且配息來源可能為本金
瑞聯UBAM環球首選30股票基金歐元IC,,境外,1/4,,,1.71,3.64,9.56,13.09,30.68,33.26,,9.46,0.2,0.5,08/17,瑞聯UBAM環球首選30股票基金歐元IC
富達基金-全球價值基金(Y股累計美元)(本基金非屬環境、社會、治理相關主題基金),,境外,1/4,,,1.82,6.67,4.52,13.06,40.99,38.55,,10.26,0.15,0.09,08/18,富達基金全球價值基金Y股累計美元本基金非屬環境、社會、治理相關主題基金
DWS投資全球神農基金FC,,境外,1/4,,,-1.61,0.15,-0.15,13.0,3.9,18.97,,11.48,0.16,-0.47,08/18,DWS投資全球神農基金FC
DWS投資全球神農基金USD FC,,境外,1/4,,,-1.53,0.27,-0.37,12.98,3.97,18.99,,12.37,0.13,-0.13,08/18,DWS投資全球神農基金USDFC
施羅德環球基金系列-環球永續食物與水資源(美元)U-累積,,境外,1/4,,,-0.8,3.02,-0.99,12.91,3.48,,,12.54,0.13,-0.1,08/18,施羅德環球基金系列環球永續食物與水資源美元U累積
瑞聯UBAM環球首選30股票基金美元AC,,境外,1/4,,,1.71,3.45,9.58,12.75,27.71,28.44,,9.76,0.16,0.87,08/17,瑞聯UBAM環球首選30股票基金美元AC
摩根投資基金-策略總報酬基金A股(美元對沖)(累計)(本基金有相當比重投資於非投資等級之高風險債券),,境外,1/4,,,1.99,4.85,3.16,12.75,5.88,12.22,,6.49,0.22,0.26,08/18,摩根投資基金策略總報酬基金A股美元對沖累計本基金有相當比重投資於非投資等級之高風險債券
富達基金-全球非投資等級債券基金(Y股【F1穩定月配息】美元)(本基金之配息來源可能為本金),,境外,1/4,,,-0.45,2.94,3.72,12.75,29.23,,,2.58,0.53,0.7,08/18,富達基金全球非投資等級債券基金Y股【F1穩定月配息】美元本基金之配息來源可能為本金
富達基金-全球聚焦基金(A股累計美元),,境外,1/4,,,1.7,3.66,6.97,12.73,50.56,56.72,,12.44,0.13,0.94,08/18,富達基金全球聚焦基金A股累計美元
富達基金-全球聚焦基金(A股美元),,境外,1/4,,,1.7,3.66,7.01,12.72,50.59,56.71,,12.41,0.13,0.94,08/18,富達基金全球聚焦基金A股美元
晉達環球策略基金-環球優質股息增長基金C收益-3股份(月配)(本基金之配息來源可能為本金且並無保證收益及配息),,境外,1/4,,,0.8,4.36,3.12,12.7,31.93,36.34,,11.07,0.14,0.82,08/18,晉達環球策略基金環球優質股息增長基金C收益3股份月配本基金之配息來源可能為本金且並無保證收益及配息
富達基金-全球聚焦基金(A股歐元),,境外,1/4,,,1.71,3.55,7.15,12.7,50.58,56.51,,11.43,0.15,0.61,08/18,富達基金全球聚焦基金A股歐元
晉達環球策略基金-環球優質股息增長基金C收益-2股份(月配)(本基金之配息來源可能為本金且並無保證收益及配息),,境外,1/4,,,0.81,4.35,3.1,12.69,31.95,36.39,,11.11,0.14,0.82,08/18,晉達環球策略基金環球優質股息增長基金C收益2股份月配本基金之配息來源可能為本金且並無保證收益及配息
富達基金-全球非投資等級債券基金(Y股累計美元),,境外,1/4,,,-0.49,2.89,3.64,12.66,29.03,29.48,,2.56,0.52,0.68,08/18,富達基金全球非投資等級債券基金Y股累計美元
晉達環球策略基金-環球優質股息增長基金C累積股份(本基金之配息來源可能為本金且並無保證收益及配息),,境外,1/4,,,0.79,4.33,3.09,12.66,31.96,36.34,,11.06,0.14,0.82,08/18,晉達環球策略基金環球優質股息增長基金C累積股份本基金之配息來源可能為本金且並無保證收益及配息
富蘭克林坦伯頓全球投資系列全球債券基金美元A(acc)(本基金之配息來源可能為本金),,境外,1/4,,,0.41,3.96,1.2,12.63,12.98,18.12,,7.04,0.2,1.45,08/18,富蘭克林坦伯頓全球投資系列全球債券基金美元Aacc本基金之配息來源可能為本金
貝萊德環球前瞻股票基金A2歐元,,境外,1/4,,,3.71,3.62,4.38,12.62,33.5,33.52,,8.74,0.19,0.67,08/18,貝萊德環球前瞻股票基金A2歐元
貝萊德環球前瞻股票基金A2美元,,境外,1/4,,,3.8,3.76,4.15,12.6,33.6,33.54,,11.06,0.13,1.0,08/18,貝萊德環球前瞻股票基金A2美元
富蘭克林坦伯頓全球投資系列全球債券基金美元A(Mdis)(本基金之配息來源可能為本金),,境外,1/4,,,0.38,3.95,1.15,12.6,12.95,18.1,,7.09,0.2,1.45,08/18,富蘭克林坦伯頓全球投資系列全球債券基金美元AMdis本基金之配息來源可能為本金
富蘭克林坦伯頓全球投資系列全球債券基金歐元A(Ydis)(本基金之配息來源可能為本金),,境外,1/4,,,0.44,3.89,1.12,12.59,12.91,18.0,,4.49,0.35,0.78,08/18,富蘭克林坦伯頓全球投資系列全球債券基金歐元AYdis本基金之配息來源可能為本金
富蘭克林坦伯頓全球投資系列全球債券基金歐元A(Mdis)(本基金之配息來源可能為本金),,境外,1/4,,,0.42,3.92,1.21,12.56,12.89,18.05,,4.46,0.35,0.77,08/18,富蘭克林坦伯頓全球投資系列全球債券基金歐元AMdis本基金之配息來源可能為本金
聯博-優化波動總回報基金AD月配澳幣避險級別(基金之配息來源可能為本金),,境外,1/4,,,1.29,1.53,3.83,12.53,15.57,20.08,,4.08,-0.29,-0.06,08/18,聯博優化波動總回報基金AD月配澳幣避險級別基金之配息來源可能為本金
富達基金-永續發展全球健康護理基金(A股累計美元),,境外,1/4,,,1.79,12.05,-0.3,12.51,5.65,8.88,,14.61,0.11,1.05,08/18,富達基金永續發展全球健康護理基金A股累計美元
霸菱環球非投資等級債券基金-I類美元配息型基金(本基金主要投資於符合美國 Rule 144A規定之私募性質債券且配息來源可能為本金),,境外,1/4,,,-0.84,2.92,3.34,12.49,30.72,44.63,,2.83,0.46,0.81,08/18,霸菱環球非投資等級債券基金I類美元配息型基金本基金主要投資於符合美國Rule144A規定之私募性質債券且配息來源可能為本金
霸菱環球非投資等級債券基金-I類美元累積型(本基金主要投資於符合美國 Rule 144A規定之私募性質債券且配息來源可能為本金),,境外,1/4,,,-0.84,2.92,3.32,12.48,30.73,44.61,,2.83,0.46,0.81,08/18,霸菱環球非投資等級債券基金I類美元累積型本基金主要投資於符合美國Rule144A規定之私募性質債券且配息來源可能為本金
聯博-優化波動總回報基金A澳幣避險級別(基金之配息來源可能為本金),,境外,1/4,,,1.35,1.56,3.8,12.44,15.52,19.96,,4.09,-0.3,-0.05,08/18,聯博優化波動總回報基金A澳幣避險級別基金之配息來源可能為本金
百達-Quest全球永續股票-HR日圓月配息(基金之配息來源可能為本金),,境外,1/4,,,3.85,7.22,7.0,12.43,,,,8.28,0.43,0.7,08/18,百達Quest全球永續股票HR日圓月配息基金之配息來源可能為本金
富達基金-永續發展全球健康護理基金(A股歐元),,境外,1/4,,,1.75,11.87,-0.14,12.41,5.64,8.73,,13.67,0.13,0.87,08/18,富達基金永續發展全球健康護理基金A股歐元
瑞士隆奧靈轉時機非投資等級債券基金-N配息(美元避險)(本基金之配息來源可能為本金),,境外,1/4,,,-0.86,3.2,2.99,12.38,33.63,,,2.82,0.47,0.86,08/17,瑞士隆奧靈轉時機非投資等級債券基金N配息美元避險本基金之配息來源可能為本金
瑞士隆奧靈轉時機非投資等級債券基金-N累積(美元避險),,境外,1/4,,,-0.86,3.2,2.99,12.38,27.88,,,2.82,0.47,0.86,08/17,瑞士隆奧靈轉時機非投資等級債券基金N累積美元避險
聯博-全球永續多元資產基金EI(穩定月配)美元避險級別(基金之配息來源可能為本金),,境外,1/4,,,-0.5,2.97,5.54,12.35,25.63,,,6.18,0.21,0.54,08/18,聯博全球永續多元資產基金EI穩定月配美元避險級別基金之配息來源可能為本金
晉達環球策略基金-環球入息導向基金I累積股份(本基金之配息來源可能為本金且並無保證收益及配息),,境外,1/4,,,-0.54,2.65,3.16,12.3,20.56,33.87,,2.46,0.51,0.18,08/18,晉達環球策略基金環球入息導向基金I累積股份本基金之配息來源可能為本金且並無保證收益及配息
資本集團全球機會非投資等級債券基金(盧森堡)Zd(美元)(本基金之配息來源可能為本金),,境外,1/4,,,-0.85,2.95,1.83,12.29,27.05,33.39,,4.47,0.28,1.19,08/18,資本集團全球機會非投資等級債券基金盧森堡Zd美元本基金之配息來源可能為本金
資本集團全球機會非投資等級債券基金(盧森堡)Z(歐元),,境外,1/4,,,-0.82,2.88,1.81,12.27,27.08,33.42,,3.99,0.37,0.19,08/18,資本集團全球機會非投資等級債券基金盧森堡Z歐元
資本集團全球機會非投資等級債券基金(盧森堡)Z(美元),,境外,1/4,,,-0.85,2.95,1.82,12.27,27.07,33.4,,4.47,0.28,1.19,08/18,資本集團全球機會非投資等級債券基金盧森堡Z美元
資本集團全球機會非投資等級債券基金(盧森堡)Zd(歐元)(本基金之配息來源可能為本金),,境外,1/4,,,-0.82,2.88,1.83,12.26,27.04,33.43,,3.97,0.37,0.19,08/18,資本集團全球機會非投資等級債券基金盧森堡Zd歐元本基金之配息來源可能為本金
瑞聯UBAM環球首選30股票基金歐元AC,,境外,1/4,,,1.65,3.44,9.16,12.25,27.82,28.41,,9.46,0.18,0.5,08/17,瑞聯UBAM環球首選30股票基金歐元AC
富達基金-全球非投資等級債券基金(A股C月配息美元)(本基金之配息來源可能為本金),,境外,1/4,,,-0.49,2.8,3.46,12.25,,,,2.63,0.47,0.04,08/18,富達基金全球非投資等級債券基金A股C月配息美元本基金之配息來源可能為本金
野村基金(愛爾蘭系列)-AC聚焦成長轉機股票基金(I美元類股),,境外,1/4,,,0.69,2.57,5.44,12.24,49.38,48.78,,11.99,0.12,1.08,08/18,野村基金愛爾蘭系列AC聚焦成長轉機股票基金I美元類股
富達基金-全球非投資等級債券基金(A股累計美元),,境外,1/4,,,-0.51,2.81,3.43,12.19,27.2,26.27,,2.52,0.48,0.68,08/18,富達基金全球非投資等級債券基金A股累計美元
百達-全球非投資等級債-R美元,,境外,1/4,,,-1.08,2.18,2.87,12.13,28.81,33.7,,2.69,0.45,0.52,08/18,百達全球非投資等級債R美元
DWS投資全球神農基金LC,,境外,1/4,,,-1.67,-0.03,-0.52,12.13,1.56,14.56,,11.48,0.14,-0.47,08/18,DWS投資全球神農基金LC
百達-全球非投資等級債-R美元月配息(基金之配息來源可能為本金),,境外,1/4,,,-1.08,2.18,2.86,12.13,28.77,,,2.68,0.45,0.52,08/18,百達全球非投資等級債R美元月配息基金之配息來源可能為本金
PIMCO多元收益債券基金-機構H級類別(累積股份)(本基金有相當比重投資於非投資等級之高風險債券且配息來源可能為本金),,境外,1/4,,,-1.23,2.69,1.48,12.11,27.69,23.21,,4.59,0.27,1.15,08/18,PIMCO多元收益債券基金機構H級類別累積股份本基金有相當比重投資於非投資等級之高風險債券且配息來源可能為本金
DWS投資全球神農基金USD LC,,境外,1/4,,,-1.59,0.09,-0.74,12.09,1.61,14.56,,12.37,0.11,-0.13,08/18,DWS投資全球神農基金USDLC
富達基金-全球價值基金(A股美元)(本基金非屬環境、社會、治理相關主題基金),,境外,1/4,,,1.73,6.42,4.06,12.08,37.43,32.78,,10.26,0.13,0.75,08/18,富達基金全球價值基金A股美元本基金非屬環境、社會、治理相關主題基金
貝萊德新世代運輸基金Hedged A2歐元,,境外,1/4,,,1.52,-6.83,-2.92,12.06,12.34,-6.84,,17.9,0.1,1.45,08/18,貝萊德新世代運輸基金HedgedA2歐元
美盛全球非投資等級債券基金A類股美元增益配息型(M)(本基金主要投資於符合美國Rule 144A規定之私募性質債券且基金之配息來源可能為本金),,境外,1/4,,,-1.16,2.39,2.34,12.01,28.92,26.62,,3.4,0.35,0.88,08/18,美盛全球非投資等級債券基金A類股美元增益配息型M本基金主要投資於符合美國Rule144A規定之私募性質債券且基金之配息來源可能為本金
美盛全球非投資等級債券基金A類股美元配息型(M)(本基金主要投資於符合美國Rule 144A規定之私募性質債券且基金之配息來源可能為本金),,境外,1/4,,,-1.16,2.41,2.35,12.01,28.95,26.64,,3.38,0.35,0.88,08/18,美盛全球非投資等級債券基金A類股美元配息型M本基金主要投資於符合美國Rule144A規定之私募性質債券且基金之配息來源可能為本金
美盛全球非投資等級債券基金A類股美元累積型(本基金主要投資於符合美國Rule 144A規定之私募性質債券且基金之配息來源可能為本金),,境外,1/4,,,-1.17,2.4,2.33,12.01,28.95,26.63,,3.39,0.35,0.88,08/18,美盛全球非投資等級債券基金A類股美元累積型本基金主要投資於符合美國Rule144A規定之私募性質債券且基金之配息來源可能為本金
普徠仕(盧森堡)系列基金-普徠仕全球收息非投資等級債券基金I級別(美元)(本基金之配息來源可能為本金)(本基金並無保證收益及配息)(本基金主要投資於符合美國Rule 144A規定之私募性質債券),,境外,1/4,,,-0.48,3.38,3.91,11.98,31.22,36.7,,2.8,0.42,0.77,08/18,普徠仕盧森堡系列基金普徠仕全球收息非投資等級債券基金I級別美元本基金之配息來源可能為本金本基金並無保證收益及配息本基金主要投資於符合美國Rule144A規定之私募性質債券
安聯新興市場主權債券基金-IT累積類股(歐元避險)(本基金有相當比重投資於非投資等級之高風險債券),,境外,1/4,,,-0.59,1.6,-1.16,11.95,,,,4.7,0.3,1.17,08/18,安聯新興市場主權債券基金IT累積類股歐元避險本基金有相當比重投資於非投資等級之高風險債券
普徠仕(盧森堡)系列基金-普徠仕全球收息非投資等級債券基金Q級別(美元)(本基金之配息來源可能為本金)(本基金並無保證收益及配息)(本基金主要投資於符合美國Rule 144A規定之私募性質債券),,境外,1/4,,,-0.53,3.34,3.87,11.9,30.9,36.09,,2.73,0.42,0.75,08/18,普徠仕盧森堡系列基金普徠仕全球收息非投資等級債券基金Q級別美元本基金之配息來源可能為本金本基金並無保證收益及配息本基金主要投資於符合美國Rule144A規定之私募性質債券
匯豐環球投資基金-環球非投資等級債券IC(本基金配息來源可能為本金),,境外,1/4,,,-0.75,2.56,3.06,11.81,27.04,31.63,,2.42,0.46,0.67,08/18,匯豐環球投資基金環球非投資等級債券IC本基金配息來源可能為本金
施羅德環球基金系列-環球非投資等級債券(美元)A-月配固定(基金之配息來源可能為本金且本基金主要投資於符合美國Rule144A規定之私募性質債券),,境外,1/4,,,-0.63,2.69,3.49,11.78,29.21,38.89,,2.54,0.44,0.63,08/18,施羅德環球基金系列環球非投資等級債券美元A月配固定基金之配息來源可能為本金且本基金主要投資於符合美國Rule144A規定之私募性質債券
霸菱環球非投資等級債券基金-G類美元月配息型(本基金主要投資於符合美國 Rule 144A規定之私募性質債券且配息來源可能為本金),,境外,1/4,,,-0.88,2.77,3.0,11.77,28.24,40.05,,2.83,0.39,0.81,08/18,霸菱環球非投資等級債券基金G類美元月配息型本基金主要投資於符合美國Rule144A規定之私募性質債券且配息來源可能為本金
霸菱環球非投資等級債券基金-G類美元累積型(本基金主要投資於符合美國 Rule 144A規定之私募性質債券且配息來源可能為本金),,境外,1/4,,,-0.89,2.75,2.99,11.76,28.21,39.99,,2.83,0.39,0.81,08/18,霸菱環球非投資等級債券基金G類美元累積型本基金主要投資於符合美國Rule144A規定之私募性質債券且配息來源可能為本金
富蘭克林坦伯頓全球投資系列全球基金美元A(Ydis),,境外,1/4,,,-0.13,2.11,0.7,11.73,30.27,29.67,,13.34,0.1,1.21,08/18,富蘭克林坦伯頓全球投資系列全球基金美元AYdis
瑞士隆奧靈轉時機非投資等級債券基金-N累積(美元),,境外,1/4,,,-0.6,3.07,2.36,11.72,28.17,,,3.83,0.3,1.16,08/17,瑞士隆奧靈轉時機非投資等級債券基金N累積美元
富蘭克林坦伯頓全球投資系列全球基金美元A(acc),,境外,1/4,,,-0.14,2.1,0.69,11.71,30.27,29.66,,13.37,0.1,1.21,08/18,富蘭克林坦伯頓全球投資系列全球基金美元Aacc
MFS全盛基金系列-MFS全盛全球非投資等級債券基金I1(美元)(本基金主要投資於符合美國Rule 144A規定之私募性質債券),,境外,1/4,,,-0.83,2.68,2.84,11.71,30.22,42.23,,2.68,0.41,0.76,08/18,MFS全盛基金系列MFS全盛全球非投資等級債券基金I1美元本基金主要投資於符合美國Rule144A規定之私募性質債券
瑞銀(盧森堡)美元非投資等級債券基金(美元)I-A1-累積(本基金主要投資於符合美國Rule 144A規定之私募性質債券),,境外,1/4,,,-0.67,2.92,3.25,11.69,27.77,39.02,,2.58,0.44,0.82,08/17,瑞銀盧森堡美元非投資等級債券基金美元IA1累積本基金主要投資於符合美國Rule144A規定之私募性質債券
資本集團全球機會非投資等級債券基金(盧森堡)Zdm(美元)(本基金之配息來源可能為本金),,境外,1/4,,,-1.36,2.41,1.29,11.68,26.42,32.75,,4.46,0.28,1.18,08/18,資本集團全球機會非投資等級債券基金盧森堡Zdm美元本基金之配息來源可能為本金
高盛基金III - 高盛旗艦多元資產基金X股對沖級別美元,,境外,1/4,,,-0.68,3.09,3.12,11.61,19.47,19.18,,4.26,0.25,0.35,08/18,高盛基金III高盛旗艦多元資產基金X股對沖級別美元
施羅德環球基金系列-環球非投資等級債券(美元)A-累積(本基金主要投資於符合美國Rule144A規定之私募性質債券),,境外,1/4,,,-0.65,2.64,3.4,11.58,28.53,37.68,,2.54,0.42,0.63,08/18,施羅德環球基金系列環球非投資等級債券美元A累積本基金主要投資於符合美國Rule144A規定之私募性質債券
施羅德環球基金系列-環球非投資等級債券(美元)A-月配浮動(基金之配息來源可能為本金且本基金主要投資於符合美國Rule144A規定之私募性質債券),,境外,1/4,,,-0.65,2.64,3.4,11.58,28.54,37.69,,2.54,0.42,0.63,08/18,施羅德環球基金系列環球非投資等級債券美元A月配浮動基金之配息來源可能為本金且本基金主要投資於符合美國Rule144A規定之私募性質債券
百達-智慧城市-R歐元,,境外,1/4,,,2.57,3.55,4.31,11.57,30.47,6.42,,9.41,0.15,0.76,08/18,百達智慧城市R歐元
高盛基金III - 高盛旗艦多元資產基金X股對沖級別美元(月配息)(本基金之配息來源可能為本金),,境外,1/4,,,-0.67,3.1,3.07,11.56,19.42,19.14,,4.26,0.25,0.35,08/18,高盛基金III高盛旗艦多元資產基金X股對沖級別美元月配息本基金之配息來源可能為本金
百達-智慧城市-R歐元DY(基金之配息來源可能為本金),,境外,1/4,,,2.58,3.55,4.31,11.56,30.47,6.41,,9.41,0.15,0.76,08/18,百達智慧城市R歐元DY基金之配息來源可能為本金
資本集團全球機會非投資等級債券基金(盧森堡)B(歐元),,境外,1/4,,,-0.88,2.71,1.48,11.55,24.39,28.65,,3.98,0.33,0.18,08/18,資本集團全球機會非投資等級債券基金盧森堡B歐元
資本集團全球機會非投資等級債券基金(盧森堡)B(美元),,境外,1/4,,,-0.9,2.78,1.48,11.54,24.38,28.64,,4.46,0.24,1.18,08/18,資本集團全球機會非投資等級債券基金盧森堡B美元
野村基金(愛爾蘭系列)-全球多元收益債券基金(TI美元類股)(本基金之配息來源可能為本金且有相當比重投資於非投資等級之高風險債券且並無保證收益及配息),,境外,1/4,,,-0.8,3.12,1.06,11.54,25.76,24.18,,3.81,0.28,0.91,08/18,野村基金愛爾蘭系列全球多元收益債券基金TI美元類股本基金之配息來源可能為本金且有相當比重投資於非投資等級之高風險債券且並無保證收益及配息
百達-智慧城市-R美元,,境外,1/4,,,2.65,3.68,4.07,11.54,30.56,6.44,,12.94,0.1,1.09,08/18,百達智慧城市R美元
百達-智慧城市-R美元DY(基金之配息來源可能為本金),,境外,1/4,,,2.65,3.69,4.07,11.53,30.55,6.44,,12.95,0.1,1.09,08/18,百達智慧城市R美元DY基金之配息來源可能為本金
普徠仕(盧森堡)系列基金-普徠仕全球收益非投資等級債券基金I級別(美元)(本基金之配息來源可能為本金)(本基金並無保證收益及配息)(本基金主要投資於符合美國Rule 144A規定之私募性質債券),,境外,1/4,,,-0.76,2.56,3.01,11.53,27.1,37.66,,2.63,0.4,0.75,08/18,普徠仕盧森堡系列基金普徠仕全球收益非投資等級債券基金I級別美元本基金之配息來源可能為本金本基金並無保證收益及配息本基金主要投資於符合美國Rule144A規定之私募性質債券
普徠仕(盧森堡)系列基金-普徠仕全球收益非投資等級債券基金Q級別(美元)(本基金之配息來源可能為本金)(本基金並無保證收益及配息)(本基金主要投資於符合美國Rule 144A規定之私募性質債券),,境外,1/4,,,-0.74,2.6,2.99,11.53,26.97,37.1,,2.65,0.4,0.76,08/18,普徠仕盧森堡系列基金普徠仕全球收益非投資等級債券基金Q級別美元本基金之配息來源可能為本金本基金並無保證收益及配息本基金主要投資於符合美國Rule144A規定之私募性質債券
晉達環球策略基金-環球入息導向基金A累積股份(本基金之配息來源可能為本金且並無保證收益及配息),,境外,1/4,,,-0.61,2.48,2.76,11.52,18.06,29.33,,2.48,0.42,0.18,08/18,晉達環球策略基金環球入息導向基金A累積股份本基金之配息來源可能為本金且並無保證收益及配息
晉達環球策略基金-環球入息導向基金A收益-3股份(月配)(本基金之配息來源可能為本金且並無保證收益及配息),,境外,1/4,,,-0.57,2.49,2.8,11.51,18.09,29.36,,2.5,0.42,0.19,08/18,晉達環球策略基金環球入息導向基金A收益3股份月配本基金之配息來源可能為本金且並無保證收益及配息
富蘭克林坦伯頓全球投資系列全球債券基金美元F(Mdis)(本基金之配息來源可能為本金)(美元),,境外,1/4,,,0.43,3.69,0.8,11.51,9.63,12.34,,6.86,0.16,1.38,08/18,富蘭克林坦伯頓全球投資系列全球債券基金美元FMdis本基金之配息來源可能為本金美元
PIMCO全球非投資等級債券基金-機構H級類別(收息股份)(基金之配息來源可能為本金),,境外,1/4,,,-0.75,2.94,2.63,11.51,26.94,38.32,,3.01,0.35,0.86,08/18,PIMCO全球非投資等級債券基金機構H級類別收息股份基金之配息來源可能為本金
晉達環球策略基金-環球入息導向基金A收益-2股份(月配)(本基金之配息來源可能為本金且並無保證收益及配息),,境外,1/4,,,-0.63,2.49,2.81,11.5,18.1,29.35,,2.4,0.43,0.18,08/18,晉達環球策略基金環球入息導向基金A收益2股份月配本基金之配息來源可能為本金且並無保證收益及配息
百達-歐元非投資等級債券-HI美元,,境外,1/4,,,-1.02,2.45,3.54,11.47,30.51,44.26,,1.84,0.58,0.44,08/17,百達歐元非投資等級債券HI美元
PIMCO全球非投資等級債券基金-機構H級類別(累積股份)(基金之配息來源可能為本金),,境外,1/4,,,-0.7,2.88,2.56,11.45,26.91,38.4,,3.0,0.34,0.86,08/18,PIMCO全球非投資等級債券基金機構H級類別累積股份基金之配息來源可能為本金
景順環球非投資等級債券基金C股美元(本基金主要投資於符合美國Rule 144A 規定之私募性質債券，本基金非屬環境、社會、治理相關主題基金),,境外,1/4,,,-0.96,2.44,2.73,11.45,24.66,34.3,,2.57,0.4,0.72,08/18,景順環球非投資等級債券基金C股美元本基金主要投資於符合美國Rule144A規定之私募性質債券，本基金非屬環境、社會、治理相關主題基金
景順環球非投資等級債券基金C-半年配息股美元(本基金主要投資於符合美國Rule 144A 規定之私募性質債券，本基金非屬環境、社會、治理相關主題基金),,境外,1/4,,,-1.06,2.35,2.71,11.43,24.7,34.3,,2.55,0.4,0.7,08/18,景順環球非投資等級債券基金C半年配息股美元本基金主要投資於符合美國Rule144A規定之私募性質債券，本基金非屬環境、社會、治理相關主題基金
摩根投資基金-環球非投資等級債券基金A股(美元)(每月派息)(本基金之配息來源可能為本金且主要投資於符合美國Rule 144A規定之私募性質債券),,境外,1/4,,,-0.93,2.23,2.75,11.39,28.11,38.65,,2.48,0.41,0.7,08/18,摩根投資基金環球非投資等級債券基金A股美元每月派息本基金之配息來源可能為本金且主要投資於符合美國Rule144A規定之私募性質債券
摩根投資基金-環球非投資等級債券基金A股(美元)(穩定月配)(本基金之配息來源可能為本金且主要投資於符合美國Rule 144A規定之私募性質債券),,境外,1/4,,,-0.91,2.23,2.75,11.38,28.03,38.44,,2.48,0.41,0.7,08/18,摩根投資基金環球非投資等級債券基金A股美元穩定月配本基金之配息來源可能為本金且主要投資於符合美國Rule144A規定之私募性質債券
施羅德環球基金系列-證券化債券(美元)A-季配浮動(基金之配息來源可能為本金),,境外,1/4,,,-0.67,2.48,3.56,11.37,17.48,40.77,,0.55,1.81,0.05,08/18,施羅德環球基金系列證券化債券美元A季配浮動基金之配息來源可能為本金
施羅德環球基金系列-證券化債券(美元)A-累積,,境外,1/4,,,-0.67,2.48,3.56,11.37,17.48,40.74,,0.55,1.81,0.05,08/18,施羅德環球基金系列證券化債券美元A累積
富達基金-永續發展全球健康護理基金(B股累計美元),,境外,1/4,,,1.64,11.71,-0.87,11.36,2.54,,,14.6,0.09,-0.22,08/18,富達基金永續發展全球健康護理基金B股累計美元
瑞銀(盧森堡)歐元非投資等級債券基金(歐元)(美元避險),,境外,1/4,,,-0.9,2.71,2.88,11.36,30.49,48.47,,2.23,0.47,0.56,08/17,瑞銀盧森堡歐元非投資等級債券基金歐元美元避險
PIMCO多元收益債券基金-M級類別(月收息強化股份)(本基金有相當比重投資於非投資等級之高風險債券且配息來源可能為本金),,境外,1/4,,,-1.26,2.53,1.13,11.36,24.97,18.87,,4.62,0.22,1.17,08/18,PIMCO多元收益債券基金M級類別月收息強化股份本基金有相當比重投資於非投資等級之高風險債券且配息來源可能為本金
法巴全球非投資等級債券基金/月配(美元)避險(本基金主要投資於符合美國Rule 144A規定之私募性質債券，基金之配息來源可能為本金),,境外,1/4,,,-0.51,3.14,3.32,11.36,27.08,36.96,,2.54,0.4,0.71,08/18,法巴全球非投資等級債券基金/月配美元避險本基金主要投資於符合美國Rule144A規定之私募性質債券，基金之配息來源可能為本金
法巴全球非投資等級債券基金H(美元)(本基金主要投資於符合美國Rule 144A規定之私募性質債券),,境外,1/4,,,-0.52,3.14,3.32,11.34,27.2,37.19,,2.53,0.39,0.71,08/18,法巴全球非投資等級債券基金H美元本基金主要投資於符合美國Rule144A規定之私募性質債券
摩根投資基金-環球非投資等級債券基金A股(美元)(累計)(本基金主要投資於符合美國Rule 144A規定之私募性質債券),,境外,1/4,,,-0.93,2.22,2.73,11.33,28.01,38.55,,2.47,0.4,0.7,08/18,摩根投資基金環球非投資等級債券基金A股美元累計本基金主要投資於符合美國Rule144A規定之私募性質債券
法巴水資源基金C(美元),,境外,1/4,,,-2.27,5.8,-3.02,11.3,31.16,30.83,,17.59,0.08,0.05,08/18,法巴水資源基金C美元
PIMCO多元收益債券基金-E級類別(收息股份)(本基金有相當比重投資於非投資等級之高風險債券且配息來源可能為本金),,境外,1/4,,,-1.3,2.51,1.09,11.29,25.02,18.86,,4.63,0.22,1.16,08/18,PIMCO多元收益債券基金E級類別收息股份本基金有相當比重投資於非投資等級之高風險債券且配息來源可能為本金
法巴全球非投資等級債券基金/年配H(美元)(本基金主要投資於符合美國Rule 144A規定之私募性質債券，基金之配息來源可能為本金),,境外,1/4,,,-0.52,3.12,3.32,11.28,27.13,37.48,,2.56,0.38,0.71,08/18,法巴全球非投資等級債券基金/年配H美元本基金主要投資於符合美國Rule144A規定之私募性質債券，基金之配息來源可能為本金
東方匯理基金環球非投資等級債券I2美元(本基金主要投資於符合美國RULE 144A規定之私募性質債券且配息來源可能為本金),,境外,1/4,,,-0.62,2.94,2.0,11.27,30.26,35.68,,4.13,0.24,1.1,08/18,東方匯理基金環球非投資等級債券I2美元本基金主要投資於符合美國RULE144A規定之私募性質債券且配息來源可能為本金
PIMCO多元收益債券基金-E級類別(累積股份)(本基金有相當比重投資於非投資等級之高風險債券且配息來源可能為本金),,境外,1/4,,,-1.33,2.46,1.05,11.27,24.9,18.75,,4.63,0.22,1.16,08/18,PIMCO多元收益債券基金E級類別累積股份本基金有相當比重投資於非投資等級之高風險債券且配息來源可能為本金
霸菱優先順位資產抵押債券基金-I類美元累積型(本基金主要投資於非投資等級之高風險債券及符合美國Rule 144A規定之私募性質債券且基金之配息來源可能為本金),,境外,1/4,,,-0.78,2.99,3.21,11.27,27.87,42.89,,2.26,0.43,0.64,08/18,霸菱優先順位資產抵押債券基金I類美元累積型本基金主要投資於非投資等級之高風險債券及符合美國Rule144A規定之私募性質債券且基金之配息來源可能為本金
摩根投資基金-核心總報酬基金A股(美元)(累計)(本基金有相當比重投資於非投資等級之高風險債券),,境外,1/4,,,0.8,3.62,2.92,11.26,7.73,18.91,,3.92,0.25,0.16,08/18,摩根投資基金核心總報酬基金A股美元累計本基金有相當比重投資於非投資等級之高風險債券
PIMCO絕對收益債券基金-機構H級類別(累積股份),,境外,1/4,,,-0.83,3.05,1.72,11.26,21.9,30.96,,3.39,0.29,0.86,08/18,PIMCO絕對收益債券基金機構H級類別累積股份
普徠仕(盧森堡)系列基金-普徠仕全球收息非投資等級債券基金A級別(美元)(本基金之配息來源可能為本金)(本基金並無保證收益及配息)(本基金主要投資於符合美國Rule 144A規定之私募性質債券),,境外,1/4,,,-0.56,3.22,3.63,11.25,28.65,32.1,,2.77,0.35,0.75,08/18,普徠仕盧森堡系列基金普徠仕全球收息非投資等級債券基金A級別美元本基金之配息來源可能為本金本基金並無保證收益及配息本基金主要投資於符合美國Rule144A規定之私募性質債券
PIMCO多元收益債券基金-M級類別(穩定月收息股份)(本基金有相當比重投資於非投資等級之高風險債券且配息來源可能為本金),,境外,1/4,,,-1.27,2.47,1.08,11.23,,,,4.53,0.22,1.14,08/18,PIMCO多元收益債券基金M級類別穩定月收息股份本基金有相當比重投資於非投資等級之高風險債券且配息來源可能為本金
景順環球非投資等級債券基金A-固定月配息股美元(本基金主要投資於符合美國Rule 144A 規定之私募性質債券，且基金之配息來源可能為本金，本基金非屬環境、社會、治理相關主題基金),,境外,1/4,,,-0.98,2.34,2.62,11.2,23.89,32.82,,2.48,0.39,0.69,08/18,景順環球非投資等級債券基金A固定月配息股美元本基金主要投資於符合美國Rule144A規定之私募性質債券，且基金之配息來源可能為本金，本基金非屬環境、社會、治理相關主題基金
法巴水資源基金C(歐元),,境外,1/4,,,-2.32,5.57,-2.77,11.19,31.1,30.74,,14.81,0.1,0.14,08/18,法巴水資源基金C歐元
貝萊德環球非投資等級債券基金A2美元(基金主要投資於符合美國Rule 144A規定之私募性質債券),,境外,1/4,,,-0.77,2.65,2.89,11.18,27.41,33.19,,2.69,0.36,0.74,08/18,貝萊德環球非投資等級債券基金A2美元基金主要投資於符合美國Rule144A規定之私募性質債券
美盛布蘭迪全球機會固定收益基金A類股美元累積型,,境外,1/4,,,0.05,4.73,1.71,11.18,11.0,1.24,,7.49,0.14,1.73,08/18,美盛布蘭迪全球機會固定收益基金A類股美元累積型
百達-精選品牌-HI美元,,境外,1/4,,,-3.32,8.32,-1.08,11.18,16.3,40.64,,16.89,0.08,0.23,08/18,百達精選品牌HI美元
匯豐環球投資基金-環球非投資等級債券ACHGBP(本基金配息來源可能為本金),,境外,1/4,,,-0.24,3.09,2.95,11.18,31.67,22.64,,2.41,0.37,0.67,08/18,匯豐環球投資基金環球非投資等級債券ACHGBP本基金配息來源可能為本金
景順環球非投資等級債券基金A-半年配息股美元(本基金主要投資於符合美國Rule 144A 規定之私募性質債券，本基金非屬環境、社會、治理相關主題基金),,境外,1/4,,,-0.96,2.4,2.6,11.18,23.79,32.79,,2.58,0.37,0.72,08/18,景順環球非投資等級債券基金A半年配息股美元本基金主要投資於符合美國Rule144A規定之私募性質債券，本基金非屬環境、社會、治理相關主題基金
貝萊德環球非投資等級債券基金A3美元(基金主要投資於符合美國Rule 144A規定之私募性質債券),,境外,1/4,,,-0.86,2.53,2.9,11.17,27.33,33.18,,2.71,0.35,0.73,08/18,貝萊德環球非投資等級債券基金A3美元基金主要投資於符合美國Rule144A規定之私募性質債券
美盛布蘭迪全球機會固定收益基金A類股美元配息型(M),,境外,1/4,,,0.05,4.73,1.71,11.16,11.0,1.24,,7.49,0.14,1.73,08/18,美盛布蘭迪全球機會固定收益基金A類股美元配息型M
匯豐環球投資基金-環球非投資等級債券AM2USD(本基金配息來源可能為本金),,境外,1/4,,,-0.8,2.42,2.74,11.14,24.77,27.73,,2.42,0.39,0.67,08/18,匯豐環球投資基金環球非投資等級債券AM2USD本基金配息來源可能為本金
匯豐環球投資基金-環球非投資等級債券AC(本基金配息來源可能為本金),,境外,1/4,,,-0.8,2.4,2.74,11.13,24.77,27.73,,2.42,0.39,0.67,08/18,匯豐環球投資基金環球非投資等級債券AC本基金配息來源可能為本金
貝萊德環球非投資等級債券基金A6美元(穩定配息)(基金主要投資於符合美國Rule 144A規定之私募性質債券且配息來源可能為本金),,境外,1/4,,,-0.8,2.59,2.76,11.13,27.36,33.17,,2.79,0.34,0.77,08/18,貝萊德環球非投資等級債券基金A6美元穩定配息基金主要投資於符合美國Rule144A規定之私募性質債券且配息來源可能為本金
貝萊德環球非投資等級債券基金A10美元(總報酬穩定配息)(基金主要投資於符合美國Rule 144A規定之私募性質債券且配息來源可能為本金),,境外,1/4,,,-0.83,2.6,2.92,11.12,,,,2.65,0.36,0.73,08/18,貝萊德環球非投資等級債券基金A10美元總報酬穩定配息基金主要投資於符合美國Rule144A規定之私募性質債券且配息來源可能為本金
富達基金-全球非投資等級債券基金(B股C月配息美元)(本基金之配息來源可能為本金),,境外,1/4,,,-0.57,2.55,2.95,11.1,,,,2.6,0.36,0.04,08/18,富達基金全球非投資等級債券基金B股C月配息美元本基金之配息來源可能為本金
羅素多元資產35基金B類股,,境外,1/4,,,-0.71,2.08,2.0,11.09,19.67,21.29,,3.38,0.29,0.32,08/17,羅素多元資產35基金B類股
施羅德環球基金系列-環球非投資等級債券(美元)A1-累積(本基金主要投資於符合美國Rule144A規定之私募性質債券),,境外,1/4,,,-0.69,2.53,3.17,11.08,26.81,34.61,,2.54,0.37,0.63,08/18,施羅德環球基金系列環球非投資等級債券美元A1累積本基金主要投資於符合美國Rule144A規定之私募性質債券
普徠仕(盧森堡)系列基金-普徠仕全球收息非投資等級債券基金Ax級別(美元)(本基金之配息來源可能為本金)(本基金並無保證收益及配息)(本基金主要投資於符合美國Rule 144A規定之私募性質債券),,境外,1/4,,,-0.66,3.08,3.57,11.08,28.68,32.04,,2.72,0.34,0.75,08/18,普徠仕盧森堡系列基金普徠仕全球收息非投資等級債券基金Ax級別美元本基金之配息來源可能為本金本基金並無保證收益及配息本基金主要投資於符合美國Rule144A規定之私募性質債券
施羅德環球基金系列-環球非投資等級債券(美元)A1-月配固定(基金之配息來源可能為本金且本基金主要投資於符合美國Rule144A規定之私募性質債券),,境外,1/4,,,-0.69,2.53,3.17,11.08,26.81,34.61,,2.54,0.37,0.63,08/18,施羅德環球基金系列環球非投資等級債券美元A1月配固定基金之配息來源可能為本金且本基金主要投資於符合美國Rule144A規定之私募性質債券
瑞士隆奧靈轉時機非投資等級債券基金-P配息(美元)(本基金之配息來源可能為本金),,境外,1/4,,,-0.65,2.91,2.06,11.07,28.74,,,3.83,0.26,1.16,08/17,瑞士隆奧靈轉時機非投資等級債券基金P配息美元本基金之配息來源可能為本金
瑞士隆奧靈轉時機非投資等級債券基金-P累積(美元),,境外,1/4,,,-0.65,2.91,2.06,11.07,25.95,,,3.83,0.26,1.15,08/17,瑞士隆奧靈轉時機非投資等級債券基金P累積美元
聯博-全球非投資等級債券基金AT級別美元(基金之配息來源可能為本金),,境外,1/4,,,-0.77,2.82,2.61,11.05,26.5,33.67,,3.79,0.25,1.08,08/18,聯博全球非投資等級債券基金AT級別美元基金之配息來源可能為本金
百達-全球非投資等級債-B美元月配息(基金之配息來源可能為本金),,境外,1/4,,,-1.16,1.93,2.36,11.01,,,,2.67,0.34,0.52,08/18,百達全球非投資等級債B美元月配息基金之配息來源可能為本金
霸菱成熟及新興市場非投資等級債券基金-I類美元累積型(本基金之配息來源可能為本金),,境外,1/4,,,-0.72,3.03,3.14,11.0,29.29,31.7,,2.6,0.35,0.69,08/18,霸菱成熟及新興市場非投資等級債券基金I類美元累積型本基金之配息來源可能為本金
霸菱成熟及新興市場非投資等級債券基金-I類歐元累積型(本基金之配息來源可能為本金),,境外,1/4,,,-0.73,2.98,3.19,10.97,29.36,31.68,,4.96,0.23,-0.32,08/18,霸菱成熟及新興市場非投資等級債券基金I類歐元累積型本基金之配息來源可能為本金
聯博-優化短期非投資等級債券基金A2級別美元(本基金主要投資於符合美國 Rule 144A規定之私募性質債券且基金之配息來源可能為本金),,境外,1/4,,,-0.77,2.69,3.49,10.96,22.39,36.24,,2.37,0.38,0.67,08/18,聯博優化短期非投資等級債券基金A2級別美元本基金主要投資於符合美國Rule144A規定之私募性質債券且基金之配息來源可能為本金
聯博-優化短期非投資等級債券基金AI(穩定月配)級別美元(本基金主要投資於符合美國 Rule 144A規定之私募性質債券且基金之配息來源可能為本金),,境外,1/4,,,-0.75,2.65,3.51,10.95,22.39,,,2.34,0.38,0.66,08/18,聯博優化短期非投資等級債券基金AI穩定月配級別美元本基金主要投資於符合美國Rule144A規定之私募性質債券且基金之配息來源可能為本金
聯博-優化短期非投資等級債券基金AA(穩定月配)級別美元(本基金主要投資於符合美國 Rule 144A規定之私募性質債券且基金之配息來源可能為本金),,境外,1/4,,,-0.76,2.65,3.47,10.95,22.38,36.34,,2.28,0.39,0.64,08/18,聯博優化短期非投資等級債券基金AA穩定月配級別美元本基金主要投資於符合美國Rule144A規定之私募性質債券且基金之配息來源可能為本金
瑞銀(盧森堡)美元非投資等級債券基金(美元)(本基金主要投資於符合美國Rule 144A規定之私募性質債券),,境外,1/4,,,-0.73,2.74,2.91,10.93,25.18,34.37,,2.57,0.36,0.81,08/17,瑞銀盧森堡美元非投資等級債券基金美元本基金主要投資於符合美國Rule144A規定之私募性質債券
PIMCO多元收益債券基金-M級類別(月收息股份)(本基金有相當比重投資於非投資等級之高風險債券且配息來源可能為本金),,境外,1/4,,,-1.31,2.13,0.72,10.92,24.46,18.31,,4.56,0.2,1.14,08/18,PIMCO多元收益債券基金M級類別月收息股份本基金有相當比重投資於非投資等級之高風險債券且配息來源可能為本金
美盛布蘭迪全球固定收益基金A類股美元累積型,,境外,1/4,,,-1.22,3.33,2.2,10.9,6.52,-3.74,,4.08,0.22,1.02,08/18,美盛布蘭迪全球固定收益基金A類股美元累積型
美盛布蘭迪全球固定收益基金A類股美元配息型(M),,境外,1/4,,,-1.22,3.33,2.2,10.9,6.53,-3.72,,4.08,0.22,1.02,08/18,美盛布蘭迪全球固定收益基金A類股美元配息型M
資本集團全球機會非投資等級債券基金(盧森堡)Bfdm(歐元)(本基金之配息來源可能為本金),,境外,1/4,,,-1.44,2.13,0.91,10.9,23.71,27.93,,3.99,0.32,0.18,08/18,資本集團全球機會非投資等級債券基金盧森堡Bfdm歐元本基金之配息來源可能為本金
資本集團全球機會非投資等級債券基金(盧森堡)Bfdm(美元)(本基金之配息來源可能為本金),,境外,1/4,,,-1.47,2.2,0.89,10.9,23.69,27.95,,4.48,0.24,1.19,08/18,資本集團全球機會非投資等級債券基金盧森堡Bfdm美元本基金之配息來源可能為本金
普徠仕(盧森堡)系列基金-普徠仕全球收益非投資等級債券基金Adm級別(美元)(本基金之配息來源可能為本金)(本基金並無保證收益及配息)(本基金主要投資於符合美國Rule 144A規定之私募性質債券),,境外,1/4,,,-0.81,2.46,2.71,10.87,24.63,33.02,,2.64,0.33,0.75,08/18,普徠仕盧森堡系列基金普徠仕全球收益非投資等級債券基金Adm級別美元本基金之配息來源可能為本金本基金並無保證收益及配息本基金主要投資於符合美國Rule144A規定之私募性質債券
MFS全盛基金系列-MFS全盛全球非投資等級債券基金A1(歐元)(本基金主要投資於符合美國Rule 144A規定之私募性質債券),,境外,1/4,,,-0.87,2.44,2.45,10.86,27.11,36.52,,4.26,0.26,-0.24,08/18,MFS全盛基金系列MFS全盛全球非投資等級債券基金A1歐元本基金主要投資於符合美國Rule144A規定之私募性質債券
野村基金(愛爾蘭系列)-AC聚焦成長轉機股票基金(T美元類股),,境外,1/4,,,0.58,2.25,4.79,10.85,43.91,,,11.98,0.09,1.08,08/18,野村基金愛爾蘭系列AC聚焦成長轉機股票基金T美元類股
高盛基金III - 高盛全球永續股票基金X股美元,,境外,1/4,,,1.83,3.62,5.13,10.85,31.02,27.43,,11.53,0.09,0.19,08/18,高盛基金III高盛全球永續股票基金X股美元
富達基金-全球消費品牌基金(Y股累計美元)(本基金非屬環境、社會、治理相關主題基金),,境外,1/4,,,-0.21,3.23,6.26,10.84,34.09,34.85,,13.36,0.08,0.13,08/18,富達基金全球消費品牌基金Y股累計美元本基金非屬環境、社會、治理相關主題基金
普徠仕(盧森堡)系列基金-普徠仕全球收益非投資等級債券基金A級別(美元)(本基金之配息來源可能為本金)(本基金並無保證收益及配息)(本基金主要投資於符合美國Rule 144A規定之私募性質債券),,境外,1/4,,,-0.81,2.4,2.7,10.82,24.63,33.21,,2.63,0.33,0.75,08/18,普徠仕盧森堡系列基金普徠仕全球收益非投資等級債券基金A級別美元本基金之配息來源可能為本金本基金並無保證收益及配息本基金主要投資於符合美國Rule144A規定之私募性質債券
東方匯理基金美元短期債券I2美元(本基金之配息來源可能為本金),,境外,1/4,,,-0.73,2.29,3.4,10.82,17.15,41.66,,0.25,3.43,1.19,08/18,東方匯理基金美元短期債券I2美元本基金之配息來源可能為本金
MFS全盛基金系列-MFS全盛全球非投資等級債券基金A1(美元)(本基金主要投資於符合美國Rule 144A規定之私募性質債券),,境外,1/4,,,-0.89,2.48,2.43,10.81,27.16,36.65,,2.69,0.32,0.76,08/18,MFS全盛基金系列MFS全盛全球非投資等級債券基金A1美元本基金主要投資於符合美國Rule144A規定之私募性質債券
富達基金-全球消費品牌基金(Y股累計歐元)(本基金非屬環境、社會、治理相關主題基金),,境外,1/4,,,-0.25,3.08,6.46,10.79,34.21,34.72,,10.85,0.11,0.75,08/18,富達基金全球消費品牌基金Y股累計歐元本基金非屬環境、社會、治理相關主題基金
野村基金(愛爾蘭系列)-全球多元收益債券基金(TD美元類股)(本基金之配息來源可能為本金且有相當比重投資於非投資等級之高風險債券且並無保證收益及配息),,境外,1/4,,,-0.86,2.94,0.72,10.76,23.16,19.9,,3.81,0.23,0.91,08/18,野村基金愛爾蘭系列全球多元收益債券基金TD美元類股本基金之配息來源可能為本金且有相當比重投資於非投資等級之高風險債券且並無保證收益及配息
野村基金(愛爾蘭系列)-全球多元收益債券基金(T美元類股)(本基金之配息來源可能為本金且有相當比重投資於非投資等級之高風險債券且並無保證收益及配息),,境外,1/4,,,-0.86,2.94,0.71,10.76,23.15,19.88,,3.81,0.23,0.91,08/18,野村基金愛爾蘭系列全球多元收益債券基金T美元類股本基金之配息來源可能為本金且有相當比重投資於非投資等級之高風險債券且並無保證收益及配息
聯博-全球非投資等級債券基金AA(穩定月配)英鎊避險級別(基金之配息來源可能為本金),,境外,1/4,,,-0.38,3.3,2.55,10.74,32.86,26.99,,3.7,0.22,1.04,08/18,聯博全球非投資等級債券基金AA穩定月配英鎊避險級別基金之配息來源可能為本金
野村基金(愛爾蘭系列)-全球多元收益債券基金(TD日圓類股)(本基金之配息來源可能為本金且有相當比重投資於非投資等級之高風險債券且並無保證收益及配息),,境外,1/4,,,-0.88,2.93,0.92,10.74,,,,5.48,0.57,0.34,08/18,野村基金愛爾蘭系列全球多元收益債券基金TD日圓類股本基金之配息來源可能為本金且有相當比重投資於非投資等級之高風險債券且並無保證收益及配息
MFS全盛基金系列-MFS全盛全球非投資等級債券基金A2(美元)(本基金之配息來源可能為本金且主要投資於符合美國Rule 144A規定之私募性質債券),,境外,1/4,,,-0.82,2.44,2.42,10.74,27.28,36.63,,2.59,0.33,0.73,08/18,MFS全盛基金系列MFS全盛全球非投資等級債券基金A2美元本基金之配息來源可能為本金且主要投資於符合美國Rule144A規定之私募性質債券
聯博-全球非投資等級債券基金A2級別美元(基金之配息來源可能為本金),,境外,1/4,,,-0.87,2.54,2.45,10.73,26.25,33.55,,3.49,0.24,0.99,08/18,聯博全球非投資等級債券基金A2級別美元基金之配息來源可能為本金
聯博-全球非投資等級債券基金AA(穩定月配)級別港幣(基金之配息來源可能為本金),,境外,1/4,,,-0.89,2.55,2.43,10.73,26.21,33.54,,3.19,0.29,0.88,08/18,聯博全球非投資等級債券基金AA穩定月配級別港幣基金之配息來源可能為本金
聯博-全球非投資等級債券基金A級別美元(基金之配息來源可能為本金),,境外,1/4,,,-0.77,2.49,2.63,10.72,26.49,33.85,,3.3,0.26,0.94,08/18,聯博全球非投資等級債券基金A級別美元基金之配息來源可能為本金
聯博-全球非投資等級債券基金A2級別歐元(基金之配息來源可能為本金),,境外,1/4,,,-0.85,2.47,2.39,10.72,26.19,33.48,,3.93,0.27,0.0,08/18,聯博全球非投資等級債券基金A2級別歐元基金之配息來源可能為本金
富達基金-全球優質債券基金(Y股【F1穩定月配息】美元)(本基金有相當比重投資於非投資等級之高風險債券且配息來源可能為本金),,境外,1/4,,,-0.98,2.78,1.66,10.7,25.15,,,2.9,0.29,0.72,08/18,富達基金全球優質債券基金Y股【F1穩定月配息】美元本基金有相當比重投資於非投資等級之高風險債券且配息來源可能為本金
PIMCO全球非投資等級債券基金-E級類別(收息股份)(基金之配息來源可能為本金),,境外,1/4,,,-0.78,2.73,2.24,10.7,24.19,33.43,,2.98,0.28,0.85,08/18,PIMCO全球非投資等級債券基金E級類別收息股份基金之配息來源可能為本金
施羅德環球基金系列-環球非投資等級債券(美元)U-累積(本基金主要投資於符合美國Rule144A規定之私募性質債券),,境外,1/4,,,-0.72,2.43,2.98,10.68,25.42,32.15,,2.53,0.33,0.63,08/18,施羅德環球基金系列環球非投資等級債券美元U累積本基金主要投資於符合美國Rule144A規定之私募性質債券
施羅德環球基金系列-環球非投資等級債券(美元)U-月配固定(基金之配息來源可能為本金且本基金主要投資於符合美國Rule144A規定之私募性質債券),,境外,1/4,,,-0.72,2.43,2.98,10.67,25.41,32.14,,2.54,0.33,0.63,08/18,施羅德環球基金系列環球非投資等級債券美元U月配固定基金之配息來源可能為本金且本基金主要投資於符合美國Rule144A規定之私募性質債券
聯博-全球非投資等級債券基金AA(穩定月配)級別美元(基金之配息來源可能為本金),,境外,1/4,,,-0.89,2.54,2.45,10.67,26.12,33.5,,3.57,0.23,1.0,08/18,聯博全球非投資等級債券基金AA穩定月配級別美元基金之配息來源可能為本金
PIMCO全球非投資等級債券基金-E級類別(累積股份)(基金之配息來源可能為本金),,境外,1/4,,,-0.76,2.72,2.22,10.66,24.23,33.46,,3.02,0.27,0.86,08/18,PIMCO全球非投資等級債券基金E級類別累積股份基金之配息來源可能為本金
富達基金-全球短期收益基金(A股累計美元)(本基金有相當比重投資於非投資等級之高風險債券),,境外,1/4,,,-0.72,2.67,2.53,10.65,22.22,37.36,,1.68,0.48,6.55,08/18,富達基金全球短期收益基金A股累計美元本基金有相當比重投資於非投資等級之高風險債券
PIMCO全球非投資等級債券基金-M級類別(月收息強化股份)(基金之配息來源可能為本金),,境外,1/4,,,-0.77,2.67,2.28,10.65,24.29,33.55,,3.0,0.27,0.85,08/18,PIMCO全球非投資等級債券基金M級類別月收息強化股份基金之配息來源可能為本金
野村基金(愛爾蘭系列)-混合資本公司債券基金(I美元避險類股)(本基金之配息來源可能為本金且有相當比重投資於非投資等級之高風險債券),,境外,1/4,,,-1.16,2.32,1.84,10.65,,,,2.02,0.4,0.49,08/18,野村基金愛爾蘭系列混合資本公司債券基金I美元避險類股本基金之配息來源可能為本金且有相當比重投資於非投資等級之高風險債券
富達基金-全球短期收益基金(A股月配息美元)(本基金有相當比重投資於非投資等級之高風險債券),,境外,1/4,,,-0.73,2.63,2.47,10.65,22.19,37.32,,1.72,0.47,6.78,08/18,富達基金全球短期收益基金A股月配息美元本基金有相當比重投資於非投資等級之高風險債券
瑞銀(盧森堡)歐元非投資等級債券基金(歐元)(美元避險)(月配息)(本基金之配息來源可能為本金),,境外,1/4,,,-1.55,2.04,2.2,10.63,29.65,47.51,,2.31,0.37,0.54,08/17,瑞銀盧森堡歐元非投資等級債券基金歐元美元避險月配息本基金之配息來源可能為本金
聯博-全球非投資等級債券基金A級別歐元(基金之配息來源可能為本金),,境外,1/4,,,-1.1,2.4,2.3,10.6,26.34,33.45,,4.22,0.25,-0.03,08/18,聯博全球非投資等級債券基金A級別歐元基金之配息來源可能為本金
晉達環球策略基金-環球入息導向基金C累積股份(本基金之配息來源可能為本金且並無保證收益及配息),,境外,1/4,,,-0.67,2.27,2.37,10.59,15.13,24.0,,2.48,0.32,0.19,08/18,晉達環球策略基金環球入息導向基金C累積股份本基金之配息來源可能為本金且並無保證收益及配息
晉達環球策略基金-環球入息導向基金C收益-2股份(月配)(本基金之配息來源可能為本金且並無保證收益及配息),,境外,1/4,,,-0.69,2.28,2.38,10.58,15.13,23.95,,2.41,0.33,0.18,08/18,晉達環球策略基金環球入息導向基金C收益2股份月配本基金之配息來源可能為本金且並無保證收益及配息
聯博-全球非投資等級債券基金AT級別歐元(基金之配息來源可能為本金),,境外,1/4,,,-1.11,2.4,2.29,10.57,26.27,33.24,,4.25,0.25,0.03,08/18,聯博全球非投資等級債券基金AT級別歐元基金之配息來源可能為本金
霸菱優先順位資產抵押債券基金-G類美元月配息型(本基金主要投資於非投資等級之高風險債券及符合美國Rule 144A規定之私募性質債券且基金之配息來源可能為本金),,境外,1/4,,,-0.83,2.82,2.9,10.56,25.44,38.38,,2.25,0.35,0.63,08/18,霸菱優先順位資產抵押債券基金G類美元月配息型本基金主要投資於非投資等級之高風險債券及符合美國Rule144A規定之私募性質債券且基金之配息來源可能為本金
霸菱優先順位資產抵押債券基金-G類美元累積型(本基金主要投資於非投資等級之高風險債券及符合美國Rule 144A規定之私募性質債券且基金之配息來源可能為本金),,境外,1/4,,,-0.83,2.82,2.88,10.54,25.4,38.33,,2.25,0.35,0.63,08/18,霸菱優先順位資產抵押債券基金G類美元累積型本基金主要投資於非投資等級之高風險債券及符合美國Rule144A規定之私募性質債券且基金之配息來源可能為本金
瑞士隆奧靈轉時機非投資等級債券基金-R累積(美元),,境外,1/4,,,-0.69,2.79,1.83,10.54,,,,3.81,0.22,1.15,08/17,瑞士隆奧靈轉時機非投資等級債券基金R累積美元
晉達環球策略基金-環球入息導向基金C收益-3股份(月配)(本基金之配息來源可能為本金且並無保證收益及配息),,境外,1/4,,,-0.69,2.23,2.39,10.53,15.31,24.17,,2.38,0.33,0.18,08/18,晉達環球策略基金環球入息導向基金C收益3股份月配本基金之配息來源可能為本金且並無保證收益及配息
東方匯理基金美元短期債券A2美元(穩定月配息)(本基金之配息來源可能為本金),,境外,1/4,,,-0.75,2.22,3.26,10.52,16.1,,,0.26,3.01,1.25,08/18,東方匯理基金美元短期債券A2美元穩定月配息本基金之配息來源可能為本金
富達基金-全球聚焦基金(A股累計歐元避險),,境外,1/4,,,2.28,2.45,4.62,10.52,53.26,46.67,,11.95,0.1,0.86,08/18,富達基金全球聚焦基金A股累計歐元避險
高盛基金III - 高盛旗艦多元資產基金Y股對沖級別美元(月配息)(本基金之配息來源可能為本金),,境外,1/4,,,-0.76,2.83,2.6,10.49,16.11,13.54,,4.27,0.19,0.35,08/18,高盛基金III高盛旗艦多元資產基金Y股對沖級別美元月配息本基金之配息來源可能為本金
東方匯理基金美元短期債券A2美元(本基金之配息來源可能為本金),,境外,1/4,,,-0.83,2.12,3.2,10.49,16.01,38.83,,0.28,2.76,0.88,08/18,東方匯理基金美元短期債券A2美元本基金之配息來源可能為本金
PIMCO絕對收益債券基金-E級類別(累積股份),,境外,1/4,,,-0.84,2.87,1.33,10.47,19.35,26.28,,3.48,0.22,0.88,08/18,PIMCO絕對收益債券基金E級類別累積股份
瑞士隆奧靈轉時機非投資等級債券基金-R月配息(美元)(本基金之配息來源可能為本金),,境外,1/4,,,-0.7,2.77,1.8,10.46,,,,3.8,0.22,1.15,08/17,瑞士隆奧靈轉時機非投資等級債券基金R月配息美元本基金之配息來源可能為本金
東方匯理基金策略收益債券I2美元(本基金有相當比重投資於非投資等級之高風險債券且配息來源可能為本金),,境外,1/4,,,-1.36,1.86,0.45,10.43,22.14,24.54,,3.85,0.2,1.06,08/18,東方匯理基金策略收益債券I2美元本基金有相當比重投資於非投資等級之高風險債券且配息來源可能為本金
瑞銀(盧森堡)歐元非投資等級債券基金(歐元)(英鎊避險)(月配息)(本基金之配息來源可能為本金),,境外,1/4,,,-0.89,3.78,2.09,10.43,37.12,43.09,,2.28,0.36,0.52,08/17,瑞銀盧森堡歐元非投資等級債券基金歐元英鎊避險月配息本基金之配息來源可能為本金
PIMCO絕對收益債券基金-E級類別(收息股份),,境外,1/4,,,-0.87,2.84,1.31,10.43,19.33,26.12,,3.47,0.22,0.88,08/18,PIMCO絕對收益債券基金E級類別收息股份
瑞銀(盧森堡)美元非投資等級債券基金(美元)(月配息)(本基金之配息來源可能為本金及本基金主要投資於符合美國Rule 144A規定之私募性質債券),,境外,1/4,,,-1.19,2.27,2.43,10.43,24.62,33.77,,2.56,0.31,0.8,08/17,瑞銀盧森堡美元非投資等級債券基金美元月配息本基金之配息來源可能為本金及本基金主要投資於符合美國Rule144A規定之私募性質債券
霸菱成熟及新興市場非投資等級債券基金-G類歐元季配息型(本基金之配息來源可能為本金),,境外,1/4,,,-0.79,2.8,2.84,10.4,26.82,27.94,,4.83,0.21,-0.3,08/18,霸菱成熟及新興市場非投資等級債券基金G類歐元季配息型本基金之配息來源可能為本金
聯博-優化短期非投資等級債券基金EIX(穩定月配)級別美元(本基金主要投資於符合美國 Rule 144A規定之私募性質債券且基金之配息來源可能為本金),,境外,1/4,,,-0.81,2.51,3.24,10.4,20.56,,,2.36,0.32,0.66,08/18,聯博優化短期非投資等級債券基金EIX穩定月配級別美元本基金主要投資於符合美國Rule144A規定之私募性質債券且基金之配息來源可能為本金
霸菱成熟及新興市場非投資等級債券基金-G類英鎊避險季配息型(本基金之配息來源可能為本金),,境外,1/4,,,-0.26,3.58,3.03,10.39,33.63,23.13,,2.66,0.26,0.7,08/18,霸菱成熟及新興市場非投資等級債券基金G類英鎊避險季配息型本基金之配息來源可能為本金
新加坡大華短年期債券基金-美元分配(避險)S類別(本基金配息可能涉及本金),,境外,1/4,,,-0.83,2.16,2.9,10.38,,,,0.64,1.15,0.15,08/18,新加坡大華短年期債券基金美元分配避險S類別本基金配息可能涉及本金
瑞萬通博基金-環球非投資等級債券基金AMH(美元避險月配)(本基金配息來源可能為本金),,境外,1/4,,,-1.25,2.17,2.9,10.35,24.06,32.21,,2.0,0.39,0.5,08/17,瑞萬通博基金環球非投資等級債券基金AMH美元避險月配本基金配息來源可能為本金
瑞萬通博基金-環球非投資等級債券基金HC(美元避險),,境外,1/4,,,-1.25,2.17,2.89,10.35,23.99,31.99,,1.99,0.39,0.5,08/17,瑞萬通博基金環球非投資等級債券基金HC美元避險
瑞銀(盧森堡)美元基金 INSTITUTIONAL-累積,,境外,1/4,,,-1.01,1.93,3.0,10.33,14.34,37.23,,0.17,6.53,,08/17,瑞銀盧森堡美元基金INSTITUTIONAL累積
霸菱美元貨幣基金-I類美元累積型,,境外,1/4,,,-0.76,2.19,3.29,10.32,14.47,37.24,,0.1,10.6,,08/18,霸菱美元貨幣基金I類美元累積型
安聯全球浮動利率優質債券基金-IT累積類股(美元),,境外,1/4,,,-0.88,2.09,3.0,10.32,18.25,42.36,,0.38,1.92,0.08,08/18,安聯全球浮動利率優質債券基金IT累積類股美元
百達-歐元非投資等級債券-HR美元月配息(基金之配息來源可能為本金),,境外,1/4,,,-1.09,2.19,3.01,10.32,26.51,37.05,,1.83,0.42,0.44,08/17,百達歐元非投資等級債券HR美元月配息基金之配息來源可能為本金
霸菱成熟及新興市場非投資等級債券基金-G類美元月配息型(本基金之配息來源可能為本金),,境外,1/4,,,-0.79,2.92,2.87,10.32,26.88,27.83,,2.5,0.29,0.67,08/18,霸菱成熟及新興市場非投資等級債券基金G類美元月配息型本基金之配息來源可能為本金
百達-歐元非投資等級債券-HR美元,,境外,1/4,,,-1.11,2.17,3.0,10.3,26.46,37.03,,1.83,0.42,0.44,08/17,百達歐元非投資等級債券HR美元
PIMCO全球非投資等級債券基金-M級類別(月收息股份)(基金之配息來源可能為本金),,境外,1/4,,,-0.74,2.35,1.82,10.3,23.75,33.06,,2.97,0.25,0.84,08/18,PIMCO全球非投資等級債券基金M級類別月收息股份基金之配息來源可能為本金
東方匯理基金美元短期債券A2歐元(本基金之配息來源可能為本金),,境外,1/4,,,-0.84,1.93,3.39,10.3,15.9,38.59,,5.49,0.18,-21.81,08/18,東方匯理基金美元短期債券A2歐元本基金之配息來源可能為本金
霸菱成熟及新興市場非投資等級債券基金-G類美元累積型(本基金之配息來源可能為本金),,境外,1/4,,,-0.76,2.93,2.89,10.29,26.84,27.83,,2.57,0.28,0.68,08/18,霸菱成熟及新興市場非投資等級債券基金G類美元累積型本基金之配息來源可能為本金
富蘭克林坦伯頓全球投資系列美元短期票券基金美元A(acc),,境外,1/4,,,-0.79,2.12,3.21,10.28,14.0,36.31,,0.2,5.38,,08/18,富蘭克林坦伯頓全球投資系列美元短期票券基金美元Aacc
PIMCO全球實質回報債券基金-機構H級類別(累積股份),,境外,1/4,,,-1.4,1.44,0.41,10.28,12.85,8.71,,3.01,0.24,0.77,08/18,PIMCO全球實質回報債券基金機構H級類別累積股份
霸菱成熟及新興市場非投資等級債券基金-G類美元季配息型(本基金之配息來源可能為本金),,境外,1/4,,,-0.79,2.88,2.92,10.28,26.89,27.79,,2.59,0.28,0.7,08/18,霸菱成熟及新興市場非投資等級債券基金G類美元季配息型本基金之配息來源可能為本金
摩根投資基金-環球非投資等級債券基金F股(美元)(每月派息)(本基金之配息來源可能為本金且主要投資於符合美國Rule 144A規定之私募性質債券),,境外,1/4,,,-1.01,1.97,2.22,10.26,24.22,31.75,,2.49,0.29,0.7,08/18,摩根投資基金環球非投資等級債券基金F股美元每月派息本基金之配息來源可能為本金且主要投資於符合美國Rule144A規定之私募性質債券
瑞銀(盧森堡)美元基金K-1,,境外,1/4,,,-1.03,1.91,2.96,10.26,14.1,36.82,,0.17,6.46,,08/17,瑞銀盧森堡美元基金K1
PIMCO多元收益債券基金-BM級類別(穩定月收息股份)(本基金有相當比重投資於非投資等級之高風險債券且配息來源可能為本金),,境外,1/4,,,-1.39,2.27,0.63,10.25,,,,4.57,0.16,1.15,08/18,PIMCO多元收益債券基金BM級類別穩定月收息股份本基金有相當比重投資於非投資等級之高風險債券且配息來源可能為本金
摩根投資基金-環球非投資等級債券基金F股(美元)(穩定月配)(本基金之配息來源可能為本金且主要投資於符合美國Rule 144A規定之私募性質債券),,境外,1/4,,,-1.01,1.97,2.23,10.25,,,,2.49,0.29,0.7,08/18,摩根投資基金環球非投資等級債券基金F股美元穩定月配本基金之配息來源可能為本金且主要投資於符合美國Rule144A規定之私募性質債券
法巴水資源基金B(美元),,境外,1/4,,,-2.36,5.57,-3.46,10.24,27.39,,,17.58,0.06,0.05,08/18,法巴水資源基金B美元
法巴全球非投資等級債券基金/月配BH(美元)(本基金主要投資於符合美國Rule 144A規定之私募性質債券，基金之配息來源可能為本金),,境外,1/4,,,-0.61,2.86,2.81,10.24,23.41,30.16,,2.53,0.28,0.71,08/18,法巴全球非投資等級債券基金/月配BH美元本基金主要投資於符合美國Rule144A規定之私募性質債券，基金之配息來源可能為本金
東方匯理基金環球非投資等級債券A美元(穩定月配息)(本基金主要投資於符合美國RULE 144A規定之私募性質債券且配息來源可能為本金),,境外,1/4,,,-0.73,2.66,1.5,10.23,26.56,28.94,,4.1,0.18,1.09,08/18,東方匯理基金環球非投資等級債券A美元穩定月配息本基金主要投資於符合美國RULE144A規定之私募性質債券且配息來源可能為本金
富蘭克林坦伯頓全球投資系列美元短期票券基金美元A(Mdis),,境外,1/4,,,-0.76,2.18,3.29,10.22,14.02,36.32,,0.1,10.75,,08/18,富蘭克林坦伯頓全球投資系列美元短期票券基金美元AMdis
東方匯理基金環球非投資等級債券A美元(月配息)(本基金主要投資於符合美國RULE 144A規定之私募性質債券且配息來源可能為本金),,境外,1/4,,,-0.7,2.7,1.54,10.21,26.57,28.89,,4.13,0.17,1.1,08/18,東方匯理基金環球非投資等級債券A美元月配息本基金主要投資於符合美國RULE144A規定之私募性質債券且配息來源可能為本金
東方匯理基金環球非投資等級債券A美元(本基金主要投資於符合美國RULE 144A規定之私募性質債券且配息來源可能為本金),,境外,1/4,,,-0.7,2.69,1.52,10.2,26.53,28.85,,4.12,0.17,1.1,08/18,東方匯理基金環球非投資等級債券A美元本基金主要投資於符合美國RULE144A規定之私募性質債券且配息來源可能為本金
晉達環球策略基金-美元貨幣基金I累積股份,,境外,1/4,,,-0.75,2.16,3.23,10.2,13.89,36.21,,0.11,9.47,,08/18,晉達環球策略基金美元貨幣基金I累積股份
匯豐環球貨幣基金-美元C級別,,境外,1/4,,,-0.76,2.16,3.28,10.19,14.03,36.84,,0.08,13.01,,08/18,匯豐環球貨幣基金美元C級別
安聯多元信用債券基金-IT累積類股(美元)(本基金有相當比重投資於非投資等級之高風險債券),,境外,1/4,,,-0.94,2.47,1.92,10.18,21.23,37.42,,1.81,0.38,0.41,08/18,安聯多元信用債券基金IT累積類股美元本基金有相當比重投資於非投資等級之高風險債券
摩根投資基金-環球非投資等級債券基金F股(美元)(累計)(本基金主要投資於符合美國Rule 144A規定之私募性質債券),,境外,1/4,,,-1.02,1.95,2.18,10.18,24.02,31.47,,2.48,0.28,0.7,08/18,摩根投資基金環球非投資等級債券基金F股美元累計本基金主要投資於符合美國Rule144A規定之私募性質債券
聯博-全球非投資等級債券基金EAX(穩定月配)級別美元(基金之配息來源可能為本金),,境外,1/4,,,-0.91,2.42,2.18,10.18,24.43,30.32,,3.5,0.2,0.99,08/18,聯博全球非投資等級債券基金EAX穩定月配級別美元基金之配息來源可能為本金
瑞聯UBAM全球增益策略債券基金歐元AHD(本基金主要投資於非投資等級之高風險債券且配息來源可能為本金),,境外,1/4,,,0.53,2.38,0.77,10.15,36.69,42.2,,3.91,0.27,0.55,08/17,瑞聯UBAM全球增益策略債券基金歐元AHD本基金主要投資於非投資等級之高風險債券且配息來源可能為本金
富達基金-全球優質債券基金(A股C月配息美元)(本基金有相當比重投資於非投資等級之高風險債券且配息來源可能為本金),,境外,1/4,,,-1.03,2.65,1.41,10.15,23.34,28.37,,2.9,0.24,0.72,08/18,富達基金全球優質債券基金A股C月配息美元本基金有相當比重投資於非投資等級之高風險債券且配息來源可能為本金
富達基金-全球優質債券基金(A股【F1穩定月配息】美元避險)(本基金有相當比重投資於非投資等級之高風險債券且配息來源可能為本金),,境外,1/4,,,-1.03,2.65,1.41,10.15,23.35,28.43,,2.9,0.24,0.72,08/18,富達基金全球優質債券基金A股【F1穩定月配息】美元避險本基金有相當比重投資於非投資等級之高風險債券且配息來源可能為本金
富達基金-全球優質債券基金(A股【F1穩定月配息】美元)(本基金有相當比重投資於非投資等級之高風險債券且配息來源可能為本金),,境外,1/4,,,-1.03,2.65,1.4,10.14,23.35,28.43,,2.9,0.24,0.72,08/18,富達基金全球優質債券基金A股【F1穩定月配息】美元本基金有相當比重投資於非投資等級之高風險債券且配息來源可能為本金
路博邁投資基金-NB策略收益基金I累積類股(美元)(本基金主要係投資於非投資等級之高風險債券且配息來源可能為本金),,境外,1/4,,,-1.06,2.2,0.7,10.14,22.67,30.17,,3.38,0.2,0.93,08/18,路博邁投資基金NB策略收益基金I累積類股美元本基金主要係投資於非投資等級之高風險債券且配息來源可能為本金
摩根基金-環球企業債券存續期對沖基金D股(美元)(累計),,境外,1/4,,,-0.88,1.78,3.22,10.13,20.63,41.59,,1.25,0.54,0.06,08/18,摩根基金環球企業債券存續期對沖基金D股美元累計
富達基金-全球優質債券基金(A股累計美元)(本基金有相當比重投資於非投資等級之高風險債券),,境外,1/4,,,-1.06,2.64,1.42,10.12,23.3,28.41,,2.84,0.24,0.71,08/18,富達基金全球優質債券基金A股累計美元本基金有相當比重投資於非投資等級之高風險債券
景順環球非投資等級債券基金B-半年配息股美元(本基金主要投資於符合美國Rule 144A 規定之私募性質債券，本基金非屬環境、社會、治理相關主題基金),,境外,1/4,,,-1.06,2.17,2.14,10.12,20.29,26.51,,2.62,0.26,0.73,08/18,景順環球非投資等級債券基金B半年配息股美元本基金主要投資於符合美國Rule144A規定之私募性質債券，本基金非屬環境、社會、治理相關主題基金
M＆G短期優質債券基金A(美元避險季配)(本基金配息來源可能為本金),,境外,1/4,,,-0.81,2.42,2.52,10.11,18.14,37.88,,1.04,0.65,2.87,08/18,M＆G短期優質債券基金A美元避險季配本基金配息來源可能為本金
法巴美元貨幣市場基金C(美元),,境外,1/4,,,-1.06,1.87,2.95,10.11,13.68,36.86,,0.11,9.5,,08/17,法巴美元貨幣市場基金C美元
瑞聯UBAM全球增益策略債券基金歐元AHC(本基金主要投資於非投資等級之高風險債券),,境外,1/4,,,0.52,2.37,0.74,10.11,36.53,42.09,,3.88,0.27,0.55,08/17,瑞聯UBAM全球增益策略債券基金歐元AHC本基金主要投資於非投資等級之高風險債券
新加坡大華全球成長基金-USD,,境外,1/4,,,0.69,3.24,6.73,10.11,46.19,46.57,,13.05,0.07,1.07,08/18,新加坡大華全球成長基金USD
東方匯理基金環球非投資等級債券A歐元(本基金主要投資於符合美國RULE 144A規定之私募性質債券且配息來源可能為本金),,境外,1/4,,,-0.76,2.46,1.78,10.09,26.47,28.76,,3.64,0.25,0.04,08/18,東方匯理基金環球非投資等級債券A歐元本基金主要投資於符合美國RULE144A規定之私募性質債券且配息來源可能為本金
M＆G短期優質債券基金A(美元避險),,境外,1/4,,,-0.81,2.41,2.51,10.09,18.15,37.91,,1.04,0.64,2.97,08/18,M＆G短期優質債券基金A美元避險
聯博-全球成長基金IXX級別美元,,境外,1/4,,,1.61,7.88,6.64,10.09,30.51,23.06,,17.9,0.06,1.52,08/18,聯博全球成長基金IXX級別美元
聯博-全球永續多元資產基金A級別歐元(基金之配息來源可能為本金),,境外,1/4,,,0.61,1.98,3.02,10.08,30.0,20.39,,6.15,0.15,0.54,08/18,聯博全球永續多元資產基金A級別歐元基金之配息來源可能為本金
新加坡大華全球成長基金,,境外,1/4,,,0.67,3.11,7.0,10.05,46.23,46.54,,12.62,0.06,0.89,08/18,新加坡大華全球成長基金
施羅德環球基金系列-美元非投資等級債券(美元)A-累積(本基金主要投資於符合美國Rule144A規定之私募性質債券，本基金非屬環境、社會及治理(ESG)相關主題基金),,境外,1/4,,,-0.8,2.4,2.15,10.05,,,,2.28,0.29,0.03,08/18,施羅德環球基金系列美元非投資等級債券美元A累積本基金主要投資於符合美國Rule144A規定之私募性質債券，本基金非屬環境、社會及治理ESG相關主題基金
施羅德環球基金系列-美元非投資等級債券(美元)A-月配浮動(基金之配息來源可能為本金且本基金主要投資於符合美國Rule144A規定之私募性質債券，本基金非屬環境、社會及治理(ESG)相關主題基金),,境外,1/4,,,-0.81,2.39,2.13,10.04,,,,2.29,0.29,0.03,08/18,施羅德環球基金系列美元非投資等級債券美元A月配浮動基金之配息來源可能為本金且本基金主要投資於符合美國Rule144A規定之私募性質債券，本基金非屬環境、社會及治理ESG相關主題基金
霸菱美元貨幣基金-G類美元累積型,,境外,1/4,,,-0.79,2.12,3.15,10.03,13.55,35.58,,0.1,10.07,,08/18,霸菱美元貨幣基金G類美元累積型
摩根基金-環球債券收益基金A股(美元)(累計)(本基金有相當比重投資於非投資等級之高風險債券),,境外,1/4,,,-1.07,2.39,2.55,10.01,19.75,26.51,,1.38,0.47,0.32,08/18,摩根基金環球債券收益基金A股美元累計本基金有相當比重投資於非投資等級之高風險債券
安聯全球浮動利率優質債券基金-AM穩定月收類股(美元)(基金之配息來源可能為本金),,境外,1/4,,,-0.9,2.02,2.86,10.01,17.24,40.28,,0.38,1.71,0.08,08/18,安聯全球浮動利率優質債券基金AM穩定月收類股美元基金之配息來源可能為本金
安聯全球浮動利率優質債券基金-AMg穩定月收總收益類股(美元)(基金之配息來源可能為本金),,境外,1/4,,,-0.9,2.02,2.86,10.01,17.24,40.36,,0.38,1.71,0.08,08/18,安聯全球浮動利率優質債券基金AMg穩定月收總收益類股美元基金之配息來源可能為本金
安聯全球浮動利率優質債券基金-AT累積類股(美元),,境外,1/4,,,-0.9,2.02,2.85,10.01,17.23,40.29,,0.38,1.71,0.08,08/18,安聯全球浮動利率優質債券基金AT累積類股美元
安聯全球股票基金-A配息類股(歐元),,境外,1/4,,,3.63,4.46,7.54,10.01,17.96,18.09,,11.86,0.09,0.63,08/18,安聯全球股票基金A配息類股歐元
PIMCO總回報債券基金-機構H級類別(累積股份),,境外,1/4,,,-1.54,2.19,-0.05,9.99,18.18,14.39,,4.49,0.15,1.26,08/18,PIMCO總回報債券基金機構H級類別累積股份
瑞銀(盧森堡)美元基金,,境外,1/4,,,-1.05,1.84,2.83,9.97,13.21,35.31,,0.17,6.11,,08/17,瑞銀盧森堡美元基金
羅素多元資產35基金W類股,,境外,1/4,,,-0.81,1.82,1.5,9.96,16.13,15.38,,3.36,0.2,0.32,08/17,羅素多元資產35基金W類股
瑞聯UBAM環球首選30股票基金歐元避險IHC,,境外,1/4,,,2.68,2.68,6.48,9.95,29.29,19.35,,9.31,0.12,0.8,08/17,瑞聯UBAM環球首選30股票基金歐元避險IHC
摩根基金-環球債券收益基金A股(美元)(每月派息)(本基金有相當比重投資於非投資等級之高風險債券且配息來源可能為本金),,境外,1/4,,,-1.1,2.35,2.57,9.94,19.7,26.41,,1.36,0.46,0.3,08/18,摩根基金環球債券收益基金A股美元每月派息本基金有相當比重投資於非投資等級之高風險債券且配息來源可能為本金
匯豐環球投資基金-環球高入息債券ID(本基金有相當比重投資於非投資等級之高風險債券且配息來源可能為本金，並無保證收益及配息),,境外,1/4,,,-1.46,2.12,1.34,9.94,23.84,21.13,,2.89,0.22,0.73,08/18,匯豐環球投資基金環球高入息債券ID本基金有相當比重投資於非投資等級之高風險債券且配息來源可能為本金，並無保證收益及配息
匯豐環球投資基金-環球高入息債券IM2(本基金有相當比重投資於非投資等級之高風險債券且配息來源可能為本金，並無保證收益及配息),,境外,1/4,,,-1.45,2.13,1.34,9.94,23.85,21.13,,2.91,0.22,0.73,08/18,匯豐環球投資基金環球高入息債券IM2本基金有相當比重投資於非投資等級之高風險債券且配息來源可能為本金，並無保證收益及配息
匯豐環球投資基金-環球高入息債券IC(本基金有相當比重投資於非投資等級之高風險債券且配息來源可能為本金，並無保證收益及配息),,境外,1/4,,,-1.45,2.12,1.34,9.93,23.84,21.13,,2.89,0.22,0.73,08/18,匯豐環球投資基金環球高入息債券IC本基金有相當比重投資於非投資等級之高風險債券且配息來源可能為本金，並無保證收益及配息
富達基金-全球消費品牌基金(A股累計美元)(本基金非屬環境、社會、治理相關主題基金),,境外,1/4,,,-0.26,3.03,5.84,9.93,30.77,29.21,,13.35,0.06,1.08,08/18,富達基金全球消費品牌基金A股累計美元本基金非屬環境、社會、治理相關主題基金
野村基金(愛爾蘭系列)-全球非投資等級債券基金(TD美元類股)(本基金之配息來源可能為本金且本基金主要投資於符合美國Rule 144A規定之私募性質債券),,境外,1/4,,,-0.74,2.34,1.61,9.93,20.81,25.29,,3.87,0.17,1.08,08/18,野村基金愛爾蘭系列全球非投資等級債券基金TD美元類股本基金之配息來源可能為本金且本基金主要投資於符合美國Rule144A規定之私募性質債券
PIMCO多元收益債券基金-BM級類別(月收息強化股份)(本基金有相當比重投資於非投資等級之高風險債券且配息來源可能為本金),,境外,1/4,,,-1.38,2.24,0.62,9.93,21.74,,,4.5,0.14,1.13,08/18,PIMCO多元收益債券基金BM級類別月收息強化股份本基金有相當比重投資於非投資等級之高風險債券且配息來源可能為本金
紐約梅隆美國市政基礎建設債券投資基金-美元C累積,,境外,1/4,,,-2.22,1.53,-0.76,9.92,14.09,10.38,,4.62,0.15,1.98,08/17,紐約梅隆美國市政基礎建設債券投資基金美元C累積
晉達環球策略基金-美元貨幣基金A收益股份,,境外,1/4,,,-0.77,2.09,3.1,9.92,13.05,34.54,,0.11,8.99,,08/18,晉達環球策略基金美元貨幣基金A收益股份
野村基金(愛爾蘭系列)-全球非投資等級債券基金(T美元類股)(本基金之配息來源可能為本金且本基金主要投資於符合美國Rule 144A規定之私募性質債券),,境外,1/4,,,-0.74,2.34,1.6,9.92,20.8,25.26,,3.86,0.17,1.08,08/18,野村基金愛爾蘭系列全球非投資等級債券基金T美元類股本基金之配息來源可能為本金且本基金主要投資於符合美國Rule144A規定之私募性質債券
安聯全球高成長股票基金-AT累積類股(美元),,境外,1/4,,,4.48,3.2,8.29,9.91,23.78,2.0,,13.99,0.06,1.04,08/18,安聯全球高成長股票基金AT累積類股美元
MFS全盛基金系列-MFS全盛全球非投資等級債券基金C2(美元)(本基金之配息來源可能為本金且主要投資於符合美國Rule 144A規定之私募性質債券),,境外,1/4,,,-0.91,2.36,1.94,9.88,23.44,30.07,,2.68,0.23,0.76,08/18,MFS全盛基金系列MFS全盛全球非投資等級債券基金C2美元本基金之配息來源可能為本金且主要投資於符合美國Rule144A規定之私募性質債券
聯博-歐洲收益基金S1美元避險級別(本基金有相當比重投資於非投資等級之高風險債券且配息來源可能為本金),,境外,1/4,,,-1.32,2.64,1.48,9.88,24.22,32.0,,3.38,0.18,0.8,08/18,聯博歐洲收益基金S1美元避險級別本基金有相當比重投資於非投資等級之高風險債券且配息來源可能為本金
貝萊德全球智慧數據股票入息基金Hedged A6日圓(穩定配息)(基金之配息來源可能為本金且並無保證收益及配息),,境外,1/4,,,3.97,3.9,6.15,9.87,,,,6.2,0.46,0.41,08/18,貝萊德全球智慧數據股票入息基金HedgedA6日圓穩定配息基金之配息來源可能為本金且並無保證收益及配息
富達基金-全球通膨連結債券基金(Y股英鎊避險),,境外,1/4,,,-0.39,2.28,2.77,9.86,20.67,22.08,,1.32,0.42,0.15,08/18,富達基金全球通膨連結債券基金Y股英鎊避險
景順環球消費趨勢基金C股美元,,境外,1/4,,,5.8,-4.05,14.89,9.86,73.07,21.91,,32.4,0.06,1.24,08/18,景順環球消費趨勢基金C股美元
富達基金-全球消費品牌基金(A股歐元)(本基金非屬環境、社會、治理相關主題基金),,境外,1/4,,,-0.32,2.87,6.0,9.85,30.76,29.07,,10.85,0.09,0.75,08/18,富達基金全球消費品牌基金A股歐元本基金非屬環境、社會、治理相關主題基金
瑞銀(盧森堡)英鎊基金,,境外,1/4,,,-0.38,3.63,2.81,9.85,20.03,31.81,,0.15,6.84,,08/17,瑞銀盧森堡英鎊基金
KBI全球水資源基金(美元)(本基金非屬環境、社會及治理相關主題基金),,境外,1/4,,,-0.95,8.22,-2.84,9.84,35.12,44.41,,15.6,0.06,0.24,08/17,KBI全球水資源基金美元本基金非屬環境、社會及治理相關主題基金
霸菱國際債券基金-A類歐元配息型(基金之配息來源可能為本金),,境外,1/4,,,-1.41,2.45,-0.95,9.84,10.29,-4.15,,5.3,0.16,0.82,08/18,霸菱國際債券基金A類歐元配息型基金之配息來源可能為本金
KBI全球水資源基金(本基金非屬環境、社會及治理相關主題基金),,境外,1/4,,,-1.01,8.22,-3.22,9.83,35.21,45.1,,13.7,0.09,0.4,08/17,KBI全球水資源基金本基金非屬環境、社會及治理相關主題基金
聯博-短期債券基金S12級別美元(基金之配息來源可能為本金),,境外,1/4,,,-0.8,2.39,2.39,9.83,14.95,30.78,,1.32,0.45,0.35,08/18,聯博短期債券基金S12級別美元基金之配息來源可能為本金
MFS全盛基金系列-MFS全盛有限償還期基金I1(美元),,境外,1/4,,,-0.81,2.16,2.23,9.81,16.2,30.04,,1.26,0.47,0.32,08/18,MFS全盛基金系列MFS全盛有限償還期基金I1美元
高盛基金III - 高盛環球非投資等級債券基金X股對沖級別美元(月配息)(本基金之配息來源可能為本金且本基金主要投資於符合美國RULE 144A規定之私募性質債券),,境外,1/4,,,-0.96,2.46,2.26,9.81,22.45,28.04,,2.5,0.24,0.71,08/18,高盛基金III高盛環球非投資等級債券基金X股對沖級別美元月配息本基金之配息來源可能為本金且本基金主要投資於符合美國RULE144A規定之私募性質債券
霸菱環球投資等級公司債基金-S類美元累積(本基金之配息來源可能為本金),,境外,1/4,,,-1.65,1.92,0.68,9.81,,,,3.97,0.15,1.05,08/18,霸菱環球投資等級公司債基金S類美元累積本基金之配息來源可能為本金
貝萊德全球智慧數據股票入息基金Hedged A2日圓(本基金並無保證收益及配息),,境外,1/4,,,3.94,3.85,6.03,9.8,,,,6.29,0.46,0.42,08/18,貝萊德全球智慧數據股票入息基金HedgedA2日圓本基金並無保證收益及配息
富達基金-全球非投資等級債券基金(Y股穩定月配息歐元避險)(本基金之配息來源可能為本金),,境外,1/4,,,0.63,1.76,1.04,9.77,30.33,16.57,,2.53,0.32,0.68,08/18,富達基金全球非投資等級債券基金Y股穩定月配息歐元避險本基金之配息來源可能為本金
聯博-全球非投資等級債券基金BT級別美元(基金之配息來源可能為本金),,境外,1/4,,,-0.87,2.5,2.03,9.76,22.62,27.17,,3.82,0.16,1.09,08/18,聯博全球非投資等級債券基金BT級別美元基金之配息來源可能為本金
野村基金(愛爾蘭系列)-AC聚焦成長轉機股票基金(B美元類股),,境外,1/4,,,0.49,1.99,4.27,9.75,39.66,,,11.96,0.06,1.07,08/18,野村基金愛爾蘭系列AC聚焦成長轉機股票基金B美元類股
富蘭克林坦伯頓全球投資系列精選收益基金美元Z(acc)(本基金有相當比重投資於非投資等級之高風險債券且基金之配息來源可能為本金),,境外,1/4,,,-1.12,2.13,1.42,9.73,18.07,23.39,,2.74,0.21,0.69,08/18,富蘭克林坦伯頓全球投資系列精選收益基金美元Zacc本基金有相當比重投資於非投資等級之高風險債券且基金之配息來源可能為本金
美盛西方資產全球多重策略基金優類股美元配息型(M)(本基金有相當比重投資於非投資等級之高風險債券且基金之配息來源可能為本金),,境外,1/4,,,-1.04,2.15,1.15,9.72,20.0,24.37,,3.1,0.19,0.78,08/18,美盛西方資產全球多重策略基金優類股美元配息型M本基金有相當比重投資於非投資等級之高風險債券且基金之配息來源可能為本金
美盛西方資產全球多重策略基金優類股美元累積型(本基金有相當比重投資於非投資等級之高風險債券且基金之配息來源可能為本金),,境外,1/4,,,-1.04,2.15,1.15,9.71,20.0,24.35,,3.09,0.19,0.78,08/18,美盛西方資產全球多重策略基金優類股美元累積型本基金有相當比重投資於非投資等級之高風險債券且基金之配息來源可能為本金
MFS全盛基金系列-MFS全盛全球非投資等級債券基金C1(美元)(本基金主要投資於符合美國Rule 144A規定之私募性質債券),,境外,1/4,,,-1.0,2.22,1.92,9.7,23.39,29.97,,2.66,0.21,0.75,08/18,MFS全盛基金系列MFS全盛全球非投資等級債券基金C1美元本基金主要投資於符合美國Rule144A規定之私募性質債券
安聯歐元非投資等級債券基金-AM穩定月收類股(美元避險)(基金之配息來源可能為本金),,境外,1/4,,,-0.97,2.69,2.48,9.68,27.38,39.57,,1.95,0.29,0.41,08/18,安聯歐元非投資等級債券基金AM穩定月收類股美元避險基金之配息來源可能為本金
霸菱國際債券基金-A類美元配息型(基金之配息來源可能為本金),,境外,1/4,,,-1.34,2.68,-1.38,9.66,10.32,-4.19,,6.04,0.1,1.58,08/18,霸菱國際債券基金A類美元配息型基金之配息來源可能為本金
野村基金(愛爾蘭系列)-全球多元收益債券基金(BD美元類股)(本基金之配息來源可能為本金且有相當比重投資於非投資等級之高風險債券且並無保證收益及配息),,境外,1/4,,,-0.95,2.68,0.22,9.66,19.52,14.05,,3.8,0.15,0.91,08/18,野村基金愛爾蘭系列全球多元收益債券基金BD美元類股本基金之配息來源可能為本金且有相當比重投資於非投資等級之高風險債券且並無保證收益及配息
野村基金(愛爾蘭系列)-全球多元收益債券基金(B美元類股)(本基金之配息來源可能為本金且有相當比重投資於非投資等級之高風險債券且並無保證收益及配息),,境外,1/4,,,-0.95,2.68,0.21,9.66,,,,3.8,0.15,0.91,08/18,野村基金愛爾蘭系列全球多元收益債券基金B美元類股本基金之配息來源可能為本金且有相當比重投資於非投資等級之高風險債券且並無保證收益及配息
摩根基金-環球策略債券基金A股(美元)(累計)perf(本基金有相當比重投資於非投資等級之高風險債券),,境外,1/4,,,-1.14,2.02,1.67,9.66,18.65,32.79,,2.83,0.2,0.7,08/18,摩根基金環球策略債券基金A股美元累計perf本基金有相當比重投資於非投資等級之高風險債券
摩根基金-環球策略債券基金A股(美元)(每月派息)perf(本基金有相當比重投資於非投資等級之高風險債券且配息來源可能為本金),,境外,1/4,,,-1.14,2.03,1.67,9.65,18.64,32.79,,2.83,0.2,0.7,08/18,摩根基金環球策略債券基金A股美元每月派息perf本基金有相當比重投資於非投資等級之高風險債券且配息來源可能為本金
晉達環球策略基金-美元貨幣基金C收益股份,,境外,1/4,,,-0.79,2.03,2.97,9.65,12.2,32.86,,0.11,8.48,,08/18,晉達環球策略基金美元貨幣基金C收益股份
野村基金(愛爾蘭系列)-全球多元收益債券基金(BD日圓類股)(本基金之配息來源可能為本金且有相當比重投資於非投資等級之高風險債券且並無保證收益及配息),,境外,1/4,,,-0.97,2.67,0.42,9.64,,,,5.48,0.51,0.34,08/18,野村基金愛爾蘭系列全球多元收益債券基金BD日圓類股本基金之配息來源可能為本金且有相當比重投資於非投資等級之高風險債券且並無保證收益及配息
PIMCO全球投資級別債券基金-機構H級類別(累積股份)(基金之配息來源可能為本金),,境外,1/4,,,-1.48,2.3,0.22,9.62,19.83,16.2,,4.5,0.13,1.21,08/18,PIMCO全球投資級別債券基金機構H級類別累積股份基金之配息來源可能為本金
安聯多元信用債券基金-AMg穩定月收總收益類股(美元)(本基金有相當比重投資於非投資等級之高風險債券且配息來源可能為本金),,境外,1/4,,,-0.99,2.34,1.65,9.61,19.35,33.94,,1.8,0.3,0.41,08/18,安聯多元信用債券基金AMg穩定月收總收益類股美元本基金有相當比重投資於非投資等級之高風險債券且配息來源可能為本金
安聯多元信用債券基金-AT累積類股(美元)(本基金有相當比重投資於非投資等級之高風險債券),,境外,1/4,,,-0.99,2.33,1.65,9.61,19.33,33.83,,1.8,0.3,0.41,08/18,安聯多元信用債券基金AT累積類股美元本基金有相當比重投資於非投資等級之高風險債券
安聯歐元非投資等級債券基金-AT累積類股(美元避險),,境外,1/4,,,-0.98,2.64,2.39,9.6,27.22,39.47,,1.97,0.27,0.41,08/18,安聯歐元非投資等級債券基金AT累積類股美元避險
荷寶資本成長基金-荷寶環球消費新趨勢股票D歐元,,境外,1/4,,,0.53,5.02,7.03,9.6,42.65,18.23,,9.13,0.1,0.64,08/18,荷寶資本成長基金荷寶環球消費新趨勢股票D歐元
摩根投資基金-策略總報酬基金A股(歐元)(累計)(本基金有相當比重投資於非投資等級之高風險債券),,境外,1/4,,,3.05,3.62,0.39,9.59,7.04,1.21,,6.47,0.13,0.26,08/18,摩根投資基金策略總報酬基金A股歐元累計本基金有相當比重投資於非投資等級之高風險債券
霸菱環球投資等級公司債基金-I類美元累積型(本基金之配息來源可能為本金),,境外,1/4,,,-1.67,1.87,0.57,9.57,,,,3.97,0.14,1.05,08/18,霸菱環球投資等級公司債基金I類美元累積型本基金之配息來源可能為本金
聯博-短期債券基金I2級別美元(基金之配息來源可能為本金),,境外,1/4,,,-0.8,2.29,2.3,9.57,14.14,29.28,,1.21,0.43,0.32,08/18,聯博短期債券基金I2級別美元基金之配息來源可能為本金
路博邁投資基金-NB策略收益基金A累積類股(美元)(本基金主要係投資於非投資等級之高風險債券且配息來源可能為本金),,境外,1/4,,,-1.13,2.0,0.41,9.56,20.75,26.95,,3.39,0.16,0.93,08/18,路博邁投資基金NB策略收益基金A累積類股美元本基金主要係投資於非投資等級之高風險債券且配息來源可能為本金
百達-美元中短期債券-I美元,,境外,1/4,,,-0.79,2.1,2.27,9.55,14.16,28.46,,0.98,0.53,0.24,08/18,百達美元中短期債券I美元
路博邁投資基金-NB策略收益基金A月配息類股(美元)(本基金主要係投資於非投資等級之高風險債券且配息來源可能為本金),,境外,1/4,,,-1.14,2.04,0.36,9.55,20.72,26.91,,3.46,0.16,0.95,08/18,路博邁投資基金NB策略收益基金A月配息類股美元本基金主要係投資於非投資等級之高風險債券且配息來源可能為本金
瑞聯UBAM全球增益策略債券基金歐元RHC(本基金主要投資於非投資等級之高風險債券),,境外,1/4,,,0.43,2.1,0.38,9.55,35.01,39.63,,3.87,0.23,0.55,08/17,瑞聯UBAM全球增益策略債券基金歐元RHC本基金主要投資於非投資等級之高風險債券
尚渤投資等級債券基金-I累積型,,境外,1/4,,,-1.43,1.68,1.11,9.53,16.55,25.88,,1.97,0.28,0.57,08/17,尚渤投資等級債券基金I累積型
尚渤投資等級債券基金-I配息型(基金之配息來源可能為本金),,境外,1/4,,,-1.38,1.69,1.08,9.52,16.56,25.95,,1.97,0.28,0.57,08/17,尚渤投資等級債券基金I配息型基金之配息來源可能為本金
百達-全球主題-R歐元,,境外,1/4,,,1.9,2.67,6.39,9.5,32.54,20.04,,10.85,0.08,0.78,08/18,百達全球主題R歐元
富蘭克林坦伯頓全球投資系列精選收益基金歐元A(Mdis)(本基金有相當比重投資於非投資等級之高風險債券且基金之配息來源可能為本金),,境外,1/4,,,-0.99,2.05,1.29,9.49,17.16,21.85,,3.95,0.19,0.0,08/18,富蘭克林坦伯頓全球投資系列精選收益基金歐元AMdis本基金有相當比重投資於非投資等級之高風險債券且基金之配息來源可能為本金
富蘭克林坦伯頓全球投資系列精選收益基金美元A穩定月配股(本基金有相當比重投資於非投資等級之高風險債券且基金之配息來源可能為本金),,境外,1/4,,,-1.07,2.11,1.39,9.48,,,,2.74,0.19,0.7,08/18,富蘭克林坦伯頓全球投資系列精選收益基金美元A穩定月配股本基金有相當比重投資於非投資等級之高風險債券且基金之配息來源可能為本金
PIMCO全球實質回報債券基金-E級類別(累積股份),,境外,1/4,,,-1.45,1.27,0.1,9.48,10.44,4.83,,2.96,0.17,0.75,08/18,PIMCO全球實質回報債券基金E級類別累積股份
百達-全球主題-R美元,,境外,1/4,,,1.98,2.8,6.16,9.47,32.63,20.05,,12.41,0.06,1.12,08/18,百達全球主題R美元
PIMCO全球非投資等級債券基金-BM級類別(月收息強化股份)(基金之配息來源可能為本金),,境外,1/4,,,-0.84,2.49,1.7,9.46,20.77,,,2.99,0.17,0.85,08/18,PIMCO全球非投資等級債券基金BM級類別月收息強化股份基金之配息來源可能為本金
PIMCO全球實質回報債券基金-E級類別(收息股份),,境外,1/4,,,-1.44,1.26,0.04,9.46,10.41,4.84,,2.97,0.17,0.76,08/18,PIMCO全球實質回報債券基金E級類別收息股份
路博邁投資基金-NB策略收益基金A月配息類股(日圓)-未避險(本基金主要係投資於非投資等級之高風險債券且配息來源可能為本金),,境外,1/4,,,-1.17,1.97,0.75,9.44,,,,5.4,0.51,0.24,08/18,路博邁投資基金NB策略收益基金A月配息類股日圓未避險本基金主要係投資於非投資等級之高風險債券且配息來源可能為本金
摩根基金-環球策略債券基金A股(美元)(累計)(本基金有相當比重投資於非投資等級之高風險債券),,境外,1/4,,,-1.16,1.97,1.56,9.44,17.94,31.48,,2.84,0.18,0.7,08/18,摩根基金環球策略債券基金A股美元累計本基金有相當比重投資於非投資等級之高風險債券
摩根基金-環球策略債券基金A股(美元)(每月派息)(本基金有相當比重投資於非投資等級之高風險債券且配息來源可能為本金),,境外,1/4,,,-1.16,1.97,1.57,9.44,17.94,31.49,,2.83,0.18,0.7,08/18,摩根基金環球策略債券基金A股美元每月派息本基金有相當比重投資於非投資等級之高風險債券且配息來源可能為本金
富達基金-永續發展水資源暨環保趨勢基金(Y股累計美元),,境外,1/4,,,-2.26,4.6,-2.97,9.43,25.7,16.95,,13.9,0.05,0.13,08/18,富達基金永續發展水資源暨環保趨勢基金Y股累計美元
富蘭克林坦伯頓全球投資系列精選收益基金美元A(acc)(本基金有相當比重投資於非投資等級之高風險債券且基金之配息來源可能為本金),,境外,1/4,,,-1.12,2.06,1.32,9.42,17.11,21.78,,2.73,0.18,0.69,08/18,富蘭克林坦伯頓全球投資系列精選收益基金美元Aacc本基金有相當比重投資於非投資等級之高風險債券且基金之配息來源可能為本金
百達-精選品牌-HR美元,,境外,1/4,,,-3.45,7.89,-1.86,9.42,10.85,29.83,,16.86,0.05,0.23,08/18,百達精選品牌HR美元
美盛西方資產全球藍籌債券基金優類股美元累積型,,境外,1/4,,,-0.91,2.07,1.97,9.41,17.42,28.03,,1.56,0.31,0.39,08/18,美盛西方資產全球藍籌債券基金優類股美元累積型
東方匯理基金美元短期債券T美元(本基金之配息來源可能為本金),,境外,1/4,,,-0.86,1.94,2.73,9.4,12.64,31.65,,0.25,1.97,1.2,08/18,東方匯理基金美元短期債券T美元本基金之配息來源可能為本金
東方匯理基金美元短期債券U美元(本基金之配息來源可能為本金),,境外,1/4,,,-0.84,1.94,2.74,9.4,12.69,31.66,,0.24,2.01,1.16,08/18,東方匯理基金美元短期債券U美元本基金之配息來源可能為本金
富蘭克林坦伯頓全球投資系列精選收益基金美元A(Mdis)(本基金有相當比重投資於非投資等級之高風險債券且基金之配息來源可能為本金),,境外,1/4,,,-1.2,1.99,1.25,9.4,17.12,21.68,,2.73,0.18,0.69,08/18,富蘭克林坦伯頓全球投資系列精選收益基金美元AMdis本基金有相當比重投資於非投資等級之高風險債券且基金之配息來源可能為本金
瑞士隆奧靈轉時機非投資等級債券基金-V累積(美元),,境外,1/4,,,-0.77,2.52,1.3,9.39,,,,3.81,0.14,1.15,08/17,瑞士隆奧靈轉時機非投資等級債券基金V累積美元
聯博-靈活入息基金AAX(穩定月配)級別美元(本基金有相當比重投資於非投資等級之高風險債券且配息來源可能為本金且本基金並無保證收益及配息),,境外,1/4,,,-0.93,3.43,1.83,9.37,19.09,,,4.32,0.12,1.01,08/18,聯博靈活入息基金AAX穩定月配級別美元本基金有相當比重投資於非投資等級之高風險債券且配息來源可能為本金且本基金並無保證收益及配息
紐約梅隆美國市政基礎建設債券投資基金-美元A配息(基金之配息來源可能為本金),,境外,1/4,,,-2.26,1.39,-1.01,9.37,12.36,,,4.62,0.12,1.98,08/17,紐約梅隆美國市政基礎建設債券投資基金美元A配息基金之配息來源可能為本金
紐約梅隆美國市政基礎建設債券投資基金-美元A累積,,境外,1/4,,,-2.27,1.39,-1.01,9.37,12.37,7.62,,4.62,0.12,1.98,08/17,紐約梅隆美國市政基礎建設債券投資基金美元A累積
瑞士隆奧靈轉時機非投資等級債券基金-V月配息(美元)(本基金之配息來源可能為本金),,境外,1/4,,,-0.78,2.5,1.27,9.36,,,,3.81,0.14,1.15,08/17,瑞士隆奧靈轉時機非投資等級債券基金V月配息美元本基金之配息來源可能為本金
東方匯理基金策略收益債券A美元(本基金有相當比重投資於非投資等級之高風險債券且配息來源可能為本金),,境外,1/4,,,-1.43,1.64,0.01,9.35,18.26,17.96,,3.71,0.13,1.03,08/18,東方匯理基金策略收益債券A美元本基金有相當比重投資於非投資等級之高風險債券且配息來源可能為本金
PGIM JENNISON全球股票機會基金-I美元累積型,,境外,1/4,,,-1.09,0.34,7.85,9.35,47.28,29.6,,21.16,0.05,1.57,08/18,PGIMJENNISON全球股票機會基金I美元累積型
富蘭克林坦伯頓全球投資系列全球債券基金歐元避險A(acc)-H1(本基金之配息來源可能為本金),,境外,1/4,,,1.46,2.77,-1.57,9.34,12.82,4.02,,7.01,0.11,1.43,08/18,富蘭克林坦伯頓全球投資系列全球債券基金歐元避險AaccH1本基金之配息來源可能為本金
東方匯理基金美元短期債券B美元(本基金之配息來源可能為本金),,境外,1/4,,,-0.9,1.94,2.66,9.34,12.58,31.59,,0.39,1.2,0.93,08/18,東方匯理基金美元短期債券B美元本基金之配息來源可能為本金
景順環球消費趨勢基金A股美元,,境外,1/4,,,5.73,-4.18,14.59,9.29,70.43,18.86,,32.38,0.06,1.23,08/18,景順環球消費趨勢基金A股美元
東方匯理基金策略收益債券A美元(月配息)(本基金有相當比重投資於非投資等級之高風險債券且配息來源可能為本金),,境外,1/4,,,-1.48,1.62,-0.02,9.29,18.2,17.9,,3.73,0.13,1.04,08/18,東方匯理基金策略收益債券A美元月配息本基金有相當比重投資於非投資等級之高風險債券且配息來源可能為本金
東方匯理基金環球非投資等級債券B美元(月配息)(本基金主要投資於符合美國RULE 144A規定之私募性質債券且配息來源可能為本金),,境外,1/4,,,-0.78,2.47,1.1,9.29,23.36,,,4.12,0.12,1.1,08/18,東方匯理基金環球非投資等級債券B美元月配息本基金主要投資於符合美國RULE144A規定之私募性質債券且配息來源可能為本金
東方匯理基金環球非投資等級債券U美元(穩定月配息)(本基金主要投資於符合美國RULE 144A規定之私募性質債券且配息來源可能為本金),,境外,1/4,,,-0.78,2.46,1.1,9.29,23.36,124.57,,4.1,0.12,1.09,08/18,東方匯理基金環球非投資等級債券U美元穩定月配息本基金主要投資於符合美國RULE144A規定之私募性質債券且配息來源可能為本金
安聯全球機會債券基金-IT累積類股(美元)(本基金有一定比重得投資於非投資等級之高風險債券),,境外,1/4,,,-1.29,2.01,1.1,9.29,14.51,23.69,,2.02,0.23,0.47,08/18,安聯全球機會債券基金IT累積類股美元本基金有一定比重得投資於非投資等級之高風險債券
施羅德環球基金系列-美元債券(美元)C-累積,,境外,1/4,,,-1.69,1.46,-0.24,9.28,15.88,10.86,,3.7,0.13,1.03,08/18,施羅德環球基金系列美元債券美元C累積
PIMCO總回報債券基金-E級類別(收息股份),,境外,1/4,,,-1.57,2.03,-0.36,9.28,15.72,10.36,,4.45,0.11,1.25,08/18,PIMCO總回報債券基金E級類別收息股份
聯博-靈活入息基金A2X級別美元(本基金有相當比重投資於非投資等級之高風險債券且配息來源可能為本金且本基金並無保證收益及配息),,境外,1/4,,,-1.01,3.42,1.87,9.28,19.07,,,4.34,0.11,1.02,08/18,聯博靈活入息基金A2X級別美元本基金有相當比重投資於非投資等級之高風險債券且配息來源可能為本金且本基金並無保證收益及配息
東方匯理基金策略收益債券A美元(穩定月配息)(本基金有相當比重投資於非投資等級之高風險債券且配息來源可能為本金),,境外,1/4,,,-1.49,1.61,-0.03,9.27,18.1,17.73,,3.72,0.12,1.03,08/18,東方匯理基金策略收益債券A美元穩定月配息本基金有相當比重投資於非投資等級之高風險債券且配息來源可能為本金
東方匯理基金環球非投資等級債券B美元(穩定月配息)(本基金主要投資於符合美國RULE 144A規定之私募性質債券且配息來源可能為本金),,境外,1/4,,,-0.8,2.45,1.09,9.26,23.35,25.86,,4.09,0.11,1.09,08/18,東方匯理基金環球非投資等級債券B美元穩定月配息本基金主要投資於符合美國RULE144A規定之私募性質債券且配息來源可能為本金
富蘭克林坦伯頓全球投資系列美元短期票券基金美元F(Mdis),,境外,1/4,,,-0.85,1.92,2.77,9.24,10.75,29.76,,0.16,4.92,,08/18,富蘭克林坦伯頓全球投資系列美元短期票券基金美元FMdis
百達-美元中短期債券-R美元,,境外,1/4,,,-0.81,2.03,2.13,9.23,13.14,26.62,,0.98,0.44,0.25,08/18,百達美元中短期債券R美元
百達-美元中短期債券-R美元月配息(基金之配息來源可能為本金),,境外,1/4,,,-0.81,2.03,2.12,9.23,13.18,,,0.98,0.45,0.24,08/18,百達美元中短期債券R美元月配息基金之配息來源可能為本金
匯豐環球投資基金-環球高入息債券AM2(本基金有相當比重投資於非投資等級之高風險債券且配息來源可能為本金，並無保證收益及配息),,境外,1/4,,,-1.5,1.96,1.0,9.2,21.36,17.12,,2.9,0.15,0.73,08/18,匯豐環球投資基金環球高入息債券AM2本基金有相當比重投資於非投資等級之高風險債券且配息來源可能為本金，並無保證收益及配息
匯豐環球投資基金-環球高入息債券A穩定月配息AMTWUSD(本基金有相當比重投資於非投資等級之高風險債券且配息來源可能為本金，並無保證收益及配息),,境外,1/4,,,-1.51,1.95,1.0,9.2,,,,2.89,0.15,0.73,08/18,匯豐環球投資基金環球高入息債券A穩定月配息AMTWUSD本基金有相當比重投資於非投資等級之高風險債券且配息來源可能為本金，並無保證收益及配息
匯豐環球投資基金-環球高入息債券AC(本基金有相當比重投資於非投資等級之高風險債券且配息來源可能為本金，並無保證收益及配息),,境外,1/4,,,-1.51,1.94,0.99,9.2,21.36,17.11,,2.9,0.15,0.73,08/18,匯豐環球投資基金環球高入息債券AC本基金有相當比重投資於非投資等級之高風險債券且配息來源可能為本金，並無保證收益及配息
富達基金-全球非投資等級債券基金(A股穩定月配息歐元避險)(本基金之配息來源可能為本金),,境外,1/4,,,0.58,1.66,0.79,9.19,28.34,13.7,,2.56,0.26,0.69,08/18,富達基金全球非投資等級債券基金A股穩定月配息歐元避險本基金之配息來源可能為本金
聯博-全球成長基金AXX級別美元,,境外,1/4,,,1.56,7.69,6.21,9.18,27.13,17.74,,17.91,0.05,1.52,08/18,聯博全球成長基金AXX級別美元
東方匯理基金策略收益債券A歐元(本基金有相當比重投資於非投資等級之高風險債券且配息來源可能為本金),,境外,1/4,,,-1.49,1.4,0.28,9.18,18.11,17.72,,4.39,0.15,0.19,08/18,東方匯理基金策略收益債券A歐元本基金有相當比重投資於非投資等級之高風險債券且配息來源可能為本金
PIMCO總回報債券基金-E級類別(累積股份),,境外,1/4,,,-1.61,2.01,-0.42,9.17,15.62,10.28,,4.47,0.1,1.25,08/18,PIMCO總回報債券基金E級類別累積股份
聯博-美國收益基金S1級別美元(本基金有相當比重投資於非投資等級之高風險債券且配息來源可能為本金),,境外,1/4,,,-1.21,2.29,0.66,9.16,20.45,22.83,,3.98,0.11,1.06,08/18,聯博美國收益基金S1級別美元本基金有相當比重投資於非投資等級之高風險債券且配息來源可能為本金
富達基金-全球非投資等級債券基金(A股歐元避險),,境外,1/4,,,0.58,1.66,0.77,9.15,28.52,13.85,,2.52,0.26,0.68,08/18,富達基金全球非投資等級債券基金A股歐元避險
荷寶資本成長基金-荷寶環球消費新趨勢股票M美元,,境外,1/4,,,0.54,5.11,6.48,9.15,40.57,15.35,,10.93,0.05,0.98,08/18,荷寶資本成長基金荷寶環球消費新趨勢股票M美元
瑞聯UBAM環球首選30股票基金歐元避險AHC,,境外,1/4,,,2.61,2.49,6.09,9.13,26.45,15.01,,9.31,0.09,0.8,08/17,瑞聯UBAM環球首選30股票基金歐元避險AHC
高盛基金III - 高盛環球非投資等級債券基金X股美元(月配息)(基金之配息來源可能為本金且本基金主要投資於符合美國RULE 144A規定之私募性質債券),,境外,1/4,,,-0.64,2.25,1.49,9.12,23.28,24.89,,3.76,0.11,1.02,08/18,高盛基金III高盛環球非投資等級債券基金X股美元月配息基金之配息來源可能為本金且本基金主要投資於符合美國RULE144A規定之私募性質債券
MFS全盛基金系列-MFS全盛有限償還期基金A1(美元),,境外,1/4,,,-0.83,1.99,1.9,9.12,13.99,26.03,,1.23,0.33,0.31,08/18,MFS全盛基金系列MFS全盛有限償還期基金A1美元
施羅德環球基金系列-環球收息債券(美元)A-累積(基金有相當比重投資於非投資等級之高風險債券),,境外,1/4,,,-1.29,2.1,1.01,9.11,23.03,26.04,,2.63,0.16,0.69,08/18,施羅德環球基金系列環球收息債券美元A累積基金有相當比重投資於非投資等級之高風險債券
施羅德環球基金系列-環球收息債券(美元)A-月配固定(基金有相當比重投資於非投資等級之高風險債券且基金之配息來源可能為本金),,境外,1/4,,,-1.29,2.1,1.01,9.11,23.02,26.03,,2.63,0.16,0.69,08/18,施羅德環球基金系列環球收息債券美元A月配固定基金有相當比重投資於非投資等級之高風險債券且基金之配息來源可能為本金
高盛基金III - 高盛環球非投資等級債券基金X股美元(本基金主要投資於符合美國RULE 144A規定之私募性質債券),,境外,1/4,,,-0.64,2.24,1.49,9.11,23.27,24.83,,3.76,0.11,1.02,08/18,高盛基金III高盛環球非投資等級債券基金X股美元本基金主要投資於符合美國RULE144A規定之私募性質債券
MFS全盛基金系列-MFS全盛有限償還期基金A2(美元),,境外,1/4,,,-0.85,2.04,1.93,9.1,14.02,26.01,,1.16,0.35,0.3,08/18,MFS全盛基金系列MFS全盛有限償還期基金A2美元
施羅德環球基金系列-環球收息債券(美元)A-穩定月配(基金有相當比重投資於非投資等級之高風險債券且基金之配息來源可能為本金),,境外,1/4,,,-1.29,2.1,1.01,9.1,,,,2.62,0.16,0.05,08/18,施羅德環球基金系列環球收息債券美元A穩定月配基金有相當比重投資於非投資等級之高風險債券且基金之配息來源可能為本金
先機環球動態債券基金L類收益股(美元穩定配息)(基金之配息來源可能為本金),,境外,1/4,,,-1.29,2.71,0.17,9.09,15.66,30.0,,3.91,0.11,1.01,08/18,先機環球動態債券基金L類收益股美元穩定配息基金之配息來源可能為本金
先機環球動態債券基金L類收益股(美元)(基金之配息來源可能為本金),,境外,1/4,,,-1.29,2.71,0.16,9.09,15.65,29.99,,3.91,0.11,1.01,08/18,先機環球動態債券基金L類收益股美元基金之配息來源可能為本金
先機環球動態債券基金L類累積股(美元)(基金之配息來源可能為本金),,境外,1/4,,,-1.29,2.71,0.16,9.08,15.65,29.98,,3.91,0.11,1.01,08/18,先機環球動態債券基金L類累積股美元基金之配息來源可能為本金
施羅德環球基金系列-策略債券(美元)A-月配浮動(本基金有相當比重投資於非投資等級之高風險債券且基金之配息來源可能為本金),,境外,1/4,,,-1.41,2.23,0.78,9.07,21.53,31.08,,2.93,0.14,0.75,08/18,施羅德環球基金系列策略債券美元A月配浮動本基金有相當比重投資於非投資等級之高風險債券且基金之配息來源可能為本金
施羅德環球基金系列-策略債券(美元)A-累積(本基金有相當比重投資於非投資等級之高風險債券),,境外,1/4,,,-1.41,2.23,0.78,9.07,21.54,31.08,,2.92,0.14,0.05,08/18,施羅德環球基金系列策略債券美元A累積本基金有相當比重投資於非投資等級之高風險債券
霸菱環球投資等級公司債基金-G類美元累積型(本基金之配息來源可能為本金),,境外,1/4,,,-1.7,1.74,0.34,9.07,,,,3.95,0.1,1.04,08/18,霸菱環球投資等級公司債基金G類美元累積型本基金之配息來源可能為本金
霸菱環球投資等級公司債基金-G類美元月配息型(本基金之配息來源可能為本金),,境外,1/4,,,-1.7,1.74,0.33,9.07,,,,3.97,0.1,1.05,08/18,霸菱環球投資等級公司債基金G類美元月配息型本基金之配息來源可能為本金
富達基金-全球優質債券基金(B股累計美元)(本基金有相當比重投資於非投資等級之高風險債券),,境外,1/4,,,-1.14,2.32,0.84,9.05,19.65,,,2.86,0.14,0.04,08/18,富達基金全球優質債券基金B股累計美元本基金有相當比重投資於非投資等級之高風險債券
聯博-歐洲收益基金AT美元避險級別(本基金有相當比重投資於非投資等級之高風險債券且配息來源可能為本金),,境外,1/4,,,-1.38,2.48,1.19,9.05,21.55,27.18,,3.3,0.12,0.78,08/18,聯博歐洲收益基金AT美元避險級別本基金有相當比重投資於非投資等級之高風險債券且配息來源可能為本金
富達基金-全球優質債券基金(B股C月配息美元)(本基金有相當比重投資於非投資等級之高風險債券且配息來源可能為本金),,境外,1/4,,,-1.12,2.38,0.9,9.04,19.71,,,2.88,0.14,0.04,08/18,富達基金全球優質債券基金B股C月配息美元本基金有相當比重投資於非投資等級之高風險債券且配息來源可能為本金
聯博-歐洲收益基金AA(穩定月配)美元避險級別(本基金有相當比重投資於非投資等級之高風險債券且配息來源可能為本金),,境外,1/4,,,-1.45,2.41,1.04,9.03,21.54,27.06,,3.38,0.12,0.81,08/18,聯博歐洲收益基金AA穩定月配美元避險級別本基金有相當比重投資於非投資等級之高風險債券且配息來源可能為本金
安聯多元信用債券基金-BMg穩定月收總收益類股(美元)(本基金有相當比重投資於非投資等級之高風險債券且配息來源可能為本金),,境外,1/4,,,-1.04,2.18,1.35,8.96,,,,1.8,0.21,0.41,08/18,安聯多元信用債券基金BMg穩定月收總收益類股美元本基金有相當比重投資於非投資等級之高風險債券且配息來源可能為本金
施羅德環球基金系列-美元債券(美元)A-累積,,境外,1/4,,,-1.71,1.39,-0.38,8.96,14.85,9.21,,3.7,0.1,0.04,08/18,施羅德環球基金系列美元債券美元A累積
東方匯理基金美元綜合債券I2美元(本基金之配息來源可能為本金),,境外,1/4,,,-1.6,1.67,-0.09,8.95,16.52,15.24,,3.7,0.1,1.05,08/18,東方匯理基金美元綜合債券I2美元本基金之配息來源可能為本金
聯博-短期債券基金A級別美元(基金之配息來源可能為本金),,境外,1/4,,,-0.93,2.11,2.04,8.92,11.9,25.12,,1.2,0.3,0.31,08/18,聯博短期債券基金A級別美元基金之配息來源可能為本金
聯博-短期債券基金AT級別美元(基金之配息來源可能為本金),,境外,1/4,,,-0.79,2.25,2.03,8.92,12.17,25.43,,1.33,0.27,0.34,08/18,聯博短期債券基金AT級別美元基金之配息來源可能為本金
聯博-美國收益基金I2級別美元(本基金有相當比重投資於非投資等級之高風險債券且配息來源可能為本金),,境外,1/4,,,-1.21,2.26,0.61,8.92,19.7,21.49,,3.93,0.1,1.04,08/18,聯博美國收益基金I2級別美元本基金有相當比重投資於非投資等級之高風險債券且配息來源可能為本金
聯博-短期債券基金AT級別歐元(基金之配息來源可能為本金),,境外,1/4,,,-0.85,2.13,1.89,8.91,12.35,25.73,,4.85,0.13,-0.33,08/18,聯博短期債券基金AT級別歐元基金之配息來源可能為本金
尚渤投資等級債券基金-A累積型,,境外,1/4,,,-1.43,1.55,0.76,8.9,14.31,21.7,,2.04,0.19,0.59,08/17,尚渤投資等級債券基金A累積型
摩根基金-環球短債基金A股(美元)(累計),,境外,1/4,,,-0.84,2.11,1.94,8.9,14.13,29.49,,1.2,0.29,0.28,08/18,摩根基金環球短債基金A股美元累計
摩根基金-環球債券收益基金F股(美元)(每月派息)(本基金有相當比重投資於非投資等級之高風險債券且配息來源可能為本金),,境外,1/4,,,-1.16,2.11,2.01,8.89,16.12,20.22,,1.38,0.25,0.32,08/18,摩根基金環球債券收益基金F股美元每月派息本基金有相當比重投資於非投資等級之高風險債券且配息來源可能為本金
摩根基金-環球債券收益基金F股(美元)(累計)(本基金有相當比重投資於非投資等級之高風險債券),,境外,1/4,,,-1.17,2.12,2.01,8.88,16.12,20.2,,1.39,0.25,0.32,08/18,摩根基金環球債券收益基金F股美元累計本基金有相當比重投資於非投資等級之高風險債券
聯博-短期債券基金A2級別美元(基金之配息來源可能為本金),,境外,1/4,,,-0.87,2.18,1.99,8.87,12.18,25.49,,1.27,0.27,0.33,08/18,聯博短期債券基金A2級別美元基金之配息來源可能為本金
聯博-短期債券基金AA(穩定月配)級別美元(基金之配息來源可能為本金),,境外,1/4,,,-0.88,2.13,1.94,8.87,12.1,25.41,,1.32,0.26,0.35,08/18,聯博短期債券基金AA穩定月配級別美元基金之配息來源可能為本金
聯博-短期債券基金A2級別歐元(基金之配息來源可能為本金),,境外,1/4,,,-0.85,2.11,1.96,8.87,12.2,25.56,,4.78,0.13,-0.35,08/18,聯博短期債券基金A2級別歐元基金之配息來源可能為本金
東方匯理基金策略收益債券T美元(本基金有相當比重投資於非投資等級之高風險債券且配息來源可能為本金),,境外,1/4,,,-1.47,1.51,-0.24,8.87,16.95,15.84,,3.83,0.09,1.05,08/18,東方匯理基金策略收益債券T美元本基金有相當比重投資於非投資等級之高風險債券且配息來源可能為本金
聯博-短期債券基金A級別歐元(基金之配息來源可能為本金),,境外,1/4,,,-0.86,2.11,2.03,8.86,12.09,25.24,,4.9,0.12,-0.39,08/18,聯博短期債券基金A級別歐元基金之配息來源可能為本金
東方匯理基金策略收益債券T美元(穩定月配息)(本基金有相當比重投資於非投資等級之高風險債券且配息來源可能為本金),,境外,1/4,,,-1.49,1.48,-0.26,8.85,16.92,15.78,,3.8,0.09,1.05,08/18,東方匯理基金策略收益債券T美元穩定月配息本基金有相當比重投資於非投資等級之高風險債券且配息來源可能為本金
PIMCO全球投資級別債券基金-M級類別(穩定月收息股份)(基金之配息來源可能為本金),,境外,1/4,,,-1.47,2.15,-0.07,8.85,,,,4.43,0.08,1.2,08/18,PIMCO全球投資級別債券基金M級類別穩定月收息股份基金之配息來源可能為本金
PIMCO全球投資級別債券基金-M級類別(月收息強化股份)(基金之配息來源可能為本金),,境外,1/4,,,-1.47,2.23,-0.05,8.84,17.4,12.13,,4.42,0.08,1.18,08/18,PIMCO全球投資級別債券基金M級類別月收息強化股份基金之配息來源可能為本金
PIMCO全球投資級別債券基金-E級類別(累積股份)(基金之配息來源可能為本金),,境外,1/4,,,-1.52,2.16,-0.15,8.84,17.27,12.1,,4.49,0.08,1.21,08/18,PIMCO全球投資級別債券基金E級類別累積股份基金之配息來源可能為本金
野村基金(愛爾蘭系列)-全球非投資等級債券基金(BD美元類股)(本基金之配息來源可能為本金且本基金主要投資於符合美國Rule 144A規定之私募性質債券),,境外,1/4,,,-0.82,2.08,1.11,8.84,17.24,19.18,,3.86,0.09,1.08,08/18,野村基金愛爾蘭系列全球非投資等級債券基金BD美元類股本基金之配息來源可能為本金且本基金主要投資於符合美國Rule144A規定之私募性質債券
東方匯理基金策略收益債券U美元(本基金有相當比重投資於非投資等級之高風險債券且配息來源可能為本金),,境外,1/4,,,-1.48,1.49,-0.28,8.83,16.9,15.71,,3.85,0.09,1.06,08/18,東方匯理基金策略收益債券U美元本基金有相當比重投資於非投資等級之高風險債券且配息來源可能為本金
貝萊德全球通膨連結債券基金A3美元,,境外,1/4,,,-1.42,0.91,1.15,8.83,10.59,17.67,,1.66,0.2,0.27,08/18,貝萊德全球通膨連結債券基金A3美元
美盛西方資產全球多重策略基金A類股美元增益配息型(M)(本基金有相當比重投資於非投資等級之高風險債券且基金之配息來源可能為本金),,境外,1/4,,,-1.11,1.93,0.74,8.82,17.06,19.26,,3.08,0.11,0.78,08/18,美盛西方資產全球多重策略基金A類股美元增益配息型M本基金有相當比重投資於非投資等級之高風險債券且基金之配息來源可能為本金
東方匯理基金策略收益債券T美元(月配息)(本基金有相當比重投資於非投資等級之高風險債券且配息來源可能為本金),,境外,1/4,,,-1.5,1.46,-0.31,8.82,16.87,15.74,,3.84,0.09,1.05,08/18,東方匯理基金策略收益債券T美元月配息本基金有相當比重投資於非投資等級之高風險債券且配息來源可能為本金
東方匯理基金策略收益債券U美元(穩定月配息)(本基金有相當比重投資於非投資等級之高風險債券且配息來源可能為本金),,境外,1/4,,,-1.49,1.49,-0.3,8.82,16.89,15.72,,3.84,0.09,1.06,08/18,東方匯理基金策略收益債券U美元穩定月配息本基金有相當比重投資於非投資等級之高風險債券且配息來源可能為本金
匯豐環球投資基金-美元債券IC(本基金配息來源可能為本金),,境外,1/4,,,-1.89,1.46,-0.36,8.82,13.66,10.72,,3.75,0.09,1.06,08/18,匯豐環球投資基金美元債券IC本基金配息來源可能為本金
東方匯理基金策略收益債券U美元(月配息)(本基金有相當比重投資於非投資等級之高風險債券且配息來源可能為本金),,境外,1/4,,,-1.51,1.48,-0.29,8.82,16.88,15.72,,3.84,0.09,1.06,08/18,東方匯理基金策略收益債券U美元月配息本基金有相當比重投資於非投資等級之高風險債券且配息來源可能為本金
美盛西方資產全球多重策略基金A類股美元累積型(本基金有相當比重投資於非投資等級之高風險債券且基金之配息來源可能為本金),,境外,1/4,,,-1.11,1.93,0.73,8.81,17.06,19.24,,3.09,0.11,0.78,08/18,美盛西方資產全球多重策略基金A類股美元累積型本基金有相當比重投資於非投資等級之高風險債券且基金之配息來源可能為本金
東方匯理基金策略收益債券B美元(月配息)(本基金有相當比重投資於非投資等級之高風險債券且配息來源可能為本金),,境外,1/4,,,-1.5,1.49,-0.3,8.81,16.89,15.71,,3.86,0.09,1.06,08/18,東方匯理基金策略收益債券B美元月配息本基金有相當比重投資於非投資等級之高風險債券且配息來源可能為本金
PIMCO全球投資級別債券基金-機構H級類別美元(原幣曝險)-累積股份(基金之配息來源可能為本金),,境外,1/4,,,-1.06,2.09,-0.62,8.81,20.25,12.24,,5.58,0.07,1.46,08/18,PIMCO全球投資級別債券基金機構H級類別美元原幣曝險累積股份基金之配息來源可能為本金
東方匯理基金策略收益債券B美元(穩定月配息)(本基金有相當比重投資於非投資等級之高風險債券且配息來源可能為本金),,境外,1/4,,,-1.49,1.49,-0.3,8.81,16.88,15.73,,3.87,0.09,1.06,08/18,東方匯理基金策略收益債券B美元穩定月配息本基金有相當比重投資於非投資等級之高風險債券且配息來源可能為本金
貝萊德全球通膨連結債券基金A2美元,,境外,1/4,,,-1.46,0.86,1.13,8.8,10.56,17.66,,1.71,0.19,0.27,08/18,貝萊德全球通膨連結債券基金A2美元
施羅德環球基金系列-環球通貨膨脹連繫債券(美元避險)A-累積,,境外,1/4,,,-1.66,0.81,0.17,8.78,8.27,-0.81,,2.69,0.12,0.06,08/18,施羅德環球基金系列環球通貨膨脹連繫債券美元避險A累積
尚渤投資等級債券基金-A配息型(基金之配息來源可能為本金),,境外,1/4,,,-1.48,1.47,0.74,8.78,14.21,21.7,,1.94,0.19,0.56,08/17,尚渤投資等級債券基金A配息型基金之配息來源可能為本金
美盛西方資產全球多重策略基金A類股美元配息型(M)(本基金有相當比重投資於非投資等級之高風險債券且基金之配息來源可能為本金),,境外,1/4,,,-1.11,1.93,0.73,8.78,16.98,19.17,,3.08,0.11,0.77,08/18,美盛西方資產全球多重策略基金A類股美元配息型M本基金有相當比重投資於非投資等級之高風險債券且基金之配息來源可能為本金
PIMCO全球投資級別債券基金-E級類別(收息股份)(基金之配息來源可能為本金),,境外,1/4,,,-1.54,2.15,-0.12,8.77,17.22,12.06,,4.43,0.08,1.19,08/18,PIMCO全球投資級別債券基金E級類別收息股份基金之配息來源可能為本金
東方匯理基金策略收益債券B美元(本基金有相當比重投資於非投資等級之高風險債券且配息來源可能為本金),,境外,1/4,,,-1.49,1.45,-0.27,8.77,16.83,15.65,,3.75,0.09,1.04,08/18,東方匯理基金策略收益債券B美元本基金有相當比重投資於非投資等級之高風險債券且配息來源可能為本金
瑞銀(盧森堡)歐元非投資等級債券基金(歐元)K-1,,境外,1/4,,,0.22,2.09,0.04,8.75,34.09,38.1,,2.18,0.31,0.53,08/17,瑞銀盧森堡歐元非投資等級債券基金歐元K1
貝萊德全球智慧數據股票入息基金Hedged B2日圓(本基金並無保證收益及配息),,境外,1/4,,,3.91,3.61,5.57,8.75,,,,6.32,0.41,0.42,08/18,貝萊德全球智慧數據股票入息基金HedgedB2日圓本基金並無保證收益及配息
霸菱環球非投資等級債券基金-G類歐元避險累積型(本基金主要投資於符合美國 Rule 144A規定之私募性質債券且配息來源可能為本金),,境外,1/4,,,0.15,1.59,0.29,8.72,29.02,25.54,,2.78,0.2,0.79,08/18,霸菱環球非投資等級債券基金G類歐元避險累積型本基金主要投資於符合美國Rule144A規定之私募性質債券且配息來源可能為本金
貝萊德全球智慧數據股票入息基金Hedged B6日圓(穩定配息)(基金之配息來源可能為本金且並無保證收益及配息),,境外,1/4,,,3.86,3.58,5.6,8.72,,,,6.32,0.41,0.41,08/18,貝萊德全球智慧數據股票入息基金HedgedB6日圓穩定配息基金之配息來源可能為本金且並無保證收益及配息
高盛基金III - 高盛環球非投資等級債券基金Y股對沖級別美元(月配息)(本基金之配息來源可能為本金且本基金主要投資於符合美國RULE 144A規定之私募性質債券),,境外,1/4,,,-1.05,2.2,1.75,8.7,18.81,21.88,,2.5,0.12,0.71,08/18,高盛基金III高盛環球非投資等級債券基金Y股對沖級別美元月配息本基金之配息來源可能為本金且本基金主要投資於符合美國RULE144A規定之私募性質債券
瑞銀(盧森堡)策略基金-固定收益型(美元),,境外,1/4,,,-1.23,1.83,0.76,8.7,14.34,18.15,,2.24,0.15,0.63,08/17,瑞銀盧森堡策略基金固定收益型美元
美盛西方資產全球藍籌債券基金A類股美元配息型(M),,境外,1/4,,,-0.96,1.9,1.65,8.7,15.11,23.9,,1.55,0.19,0.39,08/18,美盛西方資產全球藍籌債券基金A類股美元配息型M
美盛西方資產全球藍籌債券基金A類股美元累積型,,境外,1/4,,,-0.96,1.91,1.64,8.7,15.11,23.9,,1.56,0.19,0.39,08/18,美盛西方資產全球藍籌債券基金A類股美元累積型
安聯全球機會債券基金-AMg穩定月收總收益類股(美元)(本基金有一定比重得投資於非投資等級之高風險債券且配息來源可能為本金),,境外,1/4,,,-1.34,1.87,0.83,8.7,12.66,20.36,,2.02,0.15,0.47,08/18,安聯全球機會債券基金AMg穩定月收總收益類股美元本基金有一定比重得投資於非投資等級之高風險債券且配息來源可能為本金
霸菱環球非投資等級債券基金-G類歐元避險月配息型(本基金主要投資於符合美國 Rule 144A規定之私募性質債券且配息來源可能為本金),,境外,1/4,,,0.16,1.58,0.26,8.7,29.01,25.54,,2.77,0.19,0.79,08/18,霸菱環球非投資等級債券基金G類歐元避險月配息型本基金主要投資於符合美國Rule144A規定之私募性質債券且配息來源可能為本金
安聯全球機會債券基金-AMf固定月配類股(美元)(本基金有一定比重得投資於非投資等級之高風險債券且配息來源可能為本金),,境外,1/4,,,-1.34,1.87,0.83,8.69,12.65,20.36,,2.02,0.15,0.47,08/18,安聯全球機會債券基金AMf固定月配類股美元本基金有一定比重得投資於非投資等級之高風險債券且配息來源可能為本金
安聯全球機會債券基金-AT累積類股(美元)(本基金有一定比重得投資於非投資等級之高風險債券),,境外,1/4,,,-1.33,1.87,0.83,8.69,12.64,20.25,,2.02,0.15,0.47,08/18,安聯全球機會債券基金AT累積類股美元本基金有一定比重得投資於非投資等級之高風險債券
富達基金-全球通膨連結債券基金(A股累計美元),,境外,1/4,,,-0.58,1.43,1.65,8.66,13.82,19.17,,2.43,0.12,0.42,08/18,富達基金全球通膨連結債券基金A股累計美元
貝萊德環球資產配置基金Hedged A2日圓,,境外,1/4,,,3.05,2.77,1.29,8.65,,,,8.16,0.32,0.77,08/18,貝萊德環球資產配置基金HedgedA2日圓
M＆G收益優化基金C(美元避險),,境外,1/4,,,-2.15,1.7,-0.32,8.63,18.52,27.49,,4.02,0.07,1.03,08/18,M＆G收益優化基金C美元避險
M＆G(英國)收益優化基金A(英鎊),,境外,1/4,,,-1.66,2.29,-0.18,8.61,25.67,23.81,,4.06,0.06,1.03,08/18,M＆G英國收益優化基金A英鎊
高盛基金III - 高盛旗艦多元資產基金X股歐元,,境外,1/4,,,0.38,1.93,0.37,8.59,20.39,7.15,,4.21,0.12,0.35,08/18,高盛基金III高盛旗艦多元資產基金X股歐元
施羅德環球基金系列-策略債券(美元)A1-累積(本基金有相當比重投資於非投資等級之高風險債券),,境外,1/4,,,-1.45,2.11,0.55,8.58,19.9,28.16,,2.92,0.09,0.74,08/18,施羅德環球基金系列策略債券美元A1累積本基金有相當比重投資於非投資等級之高風險債券
匯豐環球投資基金-環球非投資等級債券ACHCAD(本基金配息來源可能為本金),,境外,1/4,,,-0.1,0.79,0.42,8.53,16.95,10.8,,2.38,0.19,0.66,08/18,匯豐環球投資基金環球非投資等級債券ACHCAD本基金配息來源可能為本金
聯博-永續主題基金I級別美元(基金之配息來源可能為本金),,境外,1/4,,,0.65,2.76,5.85,8.51,26.02,18.76,,13.97,0.04,1.3,08/18,聯博永續主題基金I級別美元基金之配息來源可能為本金
施羅德環球基金系列-環球非投資等級債券(歐元避險)A-累積(本基金主要投資於符合美國Rule144A規定之私募性質債券),,境外,1/4,,,0.39,1.47,0.66,8.5,29.34,23.45,,2.51,0.19,0.62,08/18,施羅德環球基金系列環球非投資等級債券歐元避險A累積本基金主要投資於符合美國Rule144A規定之私募性質債券
富達基金-永續發展水資源暨環保趨勢基金(A股累計美元),,境外,1/4,,,-2.28,4.34,-3.32,8.48,22.51,12.1,,13.78,0.04,0.14,08/18,富達基金永續發展水資源暨環保趨勢基金A股累計美元
貝萊德環球資產配置基金Hedged A10日圓(總報酬穩定配息)(基金之配息來源可能為本金),,境外,1/4,,,2.99,2.7,1.22,8.47,,,,8.12,0.31,0.21,08/18,貝萊德環球資產配置基金HedgedA10日圓總報酬穩定配息基金之配息來源可能為本金
法巴全球非投資等級債券基金/月配(美元)(本基金主要投資於符合美國Rule 144A規定之私募性質債券，基金之配息來源可能為本金),,境外,1/4,,,0.59,2.22,0.37,8.46,28.01,23.02,,7.41,0.04,1.76,08/18,法巴全球非投資等級債券基金/月配美元本基金主要投資於符合美國Rule144A規定之私募性質債券，基金之配息來源可能為本金
聯博-美國收益基金AA(穩定月配)英鎊避險級別(本基金有相當比重投資於非投資等級之高風險債券且配息來源可能為本金),,境外,1/4,,,-0.65,2.82,0.56,8.45,23.88,12.52,,4.02,0.05,1.05,08/18,聯博美國收益基金AA穩定月配英鎊避險級別本基金有相當比重投資於非投資等級之高風險債券且配息來源可能為本金
施羅德環球基金系列-環球多元債券(美元)A-累積(基金有相當比重投資於非投資等級之高風險債券，亦非屬環境、社會及治理相關主題基金),,境外,1/4,,,-1.5,1.78,0.39,8.44,22.6,19.56,,3.04,0.08,0.75,08/18,施羅德環球基金系列環球多元債券美元A累積基金有相當比重投資於非投資等級之高風險債券，亦非屬環境、社會及治理相關主題基金
富蘭克林坦伯頓全球投資系列精選收益基金美元F(Mdis)(本基金有相當比重投資於非投資等級之高風險債券且基金之配息來源可能為本金),,境外,1/4,,,-1.22,1.85,0.87,8.44,13.71,15.89,,2.65,0.09,0.67,08/18,富蘭克林坦伯頓全球投資系列精選收益基金美元FMdis本基金有相當比重投資於非投資等級之高風險債券且基金之配息來源可能為本金
施羅德環球基金系列-環球多元債券(美元)A-月配浮動(基金有相當比重投資於非投資等級之高風險債券且基金之配息來源可能為本金，亦非屬環境、社會及治理相關主題基金),,境外,1/4,,,-1.5,1.78,0.39,8.43,22.59,19.54,,3.04,0.08,0.75,08/18,施羅德環球基金系列環球多元債券美元A月配浮動基金有相當比重投資於非投資等級之高風險債券且基金之配息來源可能為本金，亦非屬環境、社會及治理相關主題基金
PIMCO全球投資級別債券基金-M級類別(月收息股份)(基金之配息來源可能為本金),,境外,1/4,,,-1.58,1.82,-0.49,8.42,16.8,11.64,,4.41,0.06,1.19,08/18,PIMCO全球投資級別債券基金M級類別月收息股份基金之配息來源可能為本金
路博邁投資基金-NB策略收益基金E月配息類股(美元)(本基金主要係投資於非投資等級之高風險債券且配息來源可能為本金),,境外,1/4,,,-1.22,1.75,-0.09,8.42,,,,3.34,0.07,0.91,08/18,路博邁投資基金NB策略收益基金E月配息類股美元本基金主要係投資於非投資等級之高風險債券且配息來源可能為本金
景順環球非投資等級債券基金C(歐元對沖)股歐元(本基金主要投資於符合美國Rule 144A 規定之私募性質債券，本基金非屬環境、社會、治理相關主題基金),,境外,1/4,,,0.08,1.28,0.04,8.41,25.24,19.61,,2.49,0.18,0.7,08/18,景順環球非投資等級債券基金C歐元對沖股歐元本基金主要投資於符合美國Rule144A規定之私募性質債券，本基金非屬環境、社會、治理相關主題基金
PIMCO全球債券基金-機構H級類別(累積股份)(基金之配息來源可能為本金),,境外,1/4,,,-1.31,2.42,-0.27,8.4,16.8,19.15,,4.41,0.05,1.16,08/18,PIMCO全球債券基金機構H級類別累積股份基金之配息來源可能為本金
富蘭克林坦伯頓伊斯蘭系列伊斯蘭債券基金美元A(acc)(本基金之配息來源可能為本金),,境外,1/4,,,-0.99,2.0,0.69,8.39,13.21,20.64,,2.71,0.08,0.04,08/18,富蘭克林坦伯頓伊斯蘭系列伊斯蘭債券基金美元Aacc本基金之配息來源可能為本金
法巴全球非投資等級債券基金C(歐元)(本基金主要投資於符合美國Rule 144A規定之私募性質債券),,境外,1/4,,,0.54,2.01,0.62,8.38,27.96,22.96,,2.54,0.18,0.71,08/18,法巴全球非投資等級債券基金C歐元本基金主要投資於符合美國Rule144A規定之私募性質債券
聯博-美國收益基金AT級別美元(本基金有相當比重投資於非投資等級之高風險債券且配息來源可能為本金),,境外,1/4,,,-1.17,2.06,0.35,8.36,17.7,18.31,,3.92,0.06,1.04,08/18,聯博美國收益基金AT級別美元本基金有相當比重投資於非投資等級之高風險債券且配息來源可能為本金
施羅德環球基金系列-美元債券(美元)A1-累積,,境外,1/4,,,-1.76,1.25,-0.66,8.36,12.96,6.24,,3.69,0.06,1.03,08/18,施羅德環球基金系列美元債券美元A1累積
景順環球消費趨勢基金B股美元,,境外,1/4,,,5.66,-4.39,14.11,8.36,66.01,13.77,,32.36,0.05,1.23,08/18,景順環球消費趨勢基金B股美元
法巴全球非投資等級債券基金/年配(歐元)(本基金主要投資於符合美國Rule 144A規定之私募性質債券，基金之配息來源可能為本金),,境外,1/4,,,0.52,1.99,0.59,8.35,27.95,22.9,,2.54,0.17,0.71,08/18,法巴全球非投資等級債券基金/年配歐元本基金主要投資於符合美國Rule144A規定之私募性質債券，基金之配息來源可能為本金
摩根投資基金-環球非投資等級債券基金A股(歐元對沖)(累計)(本基金主要投資於符合美國Rule 144A規定之私募性質債券),,境外,1/4,,,0.14,1.09,0.02,8.35,28.9,23.86,,2.4,0.18,0.68,08/18,摩根投資基金環球非投資等級債券基金A股歐元對沖累計本基金主要投資於符合美國Rule144A規定之私募性質債券
聯博-美國收益基金A級別美元(本基金有相當比重投資於非投資等級之高風險債券且配息來源可能為本金),,境外,1/4,,,-1.33,2.06,0.34,8.35,17.69,18.26,,3.82,0.06,1.01,08/18,聯博美國收益基金A級別美元本基金有相當比重投資於非投資等級之高風險債券且配息來源可能為本金
路博邁投資基金-NB策略收益基金E月配息類股(日圓)-未避險(本基金主要係投資於非投資等級之高風險債券且配息來源可能為本金),,境外,1/4,,,-1.26,1.71,0.25,8.35,,,,5.41,0.46,0.24,08/18,路博邁投資基金NB策略收益基金E月配息類股日圓未避險本基金主要係投資於非投資等級之高風險債券且配息來源可能為本金
聯博-美國收益基金A2級別歐元(本基金有相當比重投資於非投資等級之高風險債券且配息來源可能為本金),,境外,1/4,,,-1.21,2.04,0.34,8.34,17.72,18.22,,4.27,0.11,0.34,08/18,聯博美國收益基金A2級別歐元本基金有相當比重投資於非投資等級之高風險債券且配息來源可能為本金
聯博-美國收益基金AA(穩定月配)級別港幣(本基金有相當比重投資於非投資等級之高風險債券且配息來源可能為本金),,境外,1/4,,,-1.24,2.11,0.32,8.33,17.73,18.22,,3.61,0.08,0.92,08/18,聯博美國收益基金AA穩定月配級別港幣本基金有相當比重投資於非投資等級之高風險債券且配息來源可能為本金
貝萊德環球企業債券基金A6美元(穩定配息)(基金之配息來源可能為本金),,境外,1/4,,,-1.79,1.2,0.02,8.33,17.29,15.18,,3.0,0.07,0.82,08/18,貝萊德環球企業債券基金A6美元穩定配息基金之配息來源可能為本金
聯博-美國收益基金A2級別美元(本基金有相當比重投資於非投資等級之高風險債券且配息來源可能為本金),,境外,1/4,,,-1.24,2.09,0.32,8.31,17.69,18.17,,3.9,0.05,1.03,08/18,聯博美國收益基金A2級別美元本基金有相當比重投資於非投資等級之高風險債券且配息來源可能為本金
富蘭克林坦伯頓伊斯蘭系列伊斯蘭債券基金美元A(Mdis)(本基金之配息來源可能為本金),,境外,1/4,,,-1.11,1.9,0.56,8.31,13.14,20.59,,2.74,0.07,0.04,08/18,富蘭克林坦伯頓伊斯蘭系列伊斯蘭債券基金美元AMdis本基金之配息來源可能為本金
PIMCO多元收益債券基金-E級類別(歐元避險)收息股份(本基金有相當比重投資於非投資等級之高風險債券且配息來源可能為本金),,境外,1/4,,,-0.22,1.35,-1.54,8.3,25.78,6.39,,4.54,0.1,1.14,08/18,PIMCO多元收益債券基金E級類別歐元避險收息股份本基金有相當比重投資於非投資等級之高風險債券且配息來源可能為本金
匯豐環球投資基金-美元債券AD(本基金配息來源可能為本金),,境外,1/4,,,-1.92,1.34,-0.59,8.3,12.06,8.12,,3.75,0.06,1.06,08/18,匯豐環球投資基金美元債券AD本基金配息來源可能為本金
MFS全盛基金系列-MFS全盛多元資產優選成長基金I1(美元),,境外,1/4,,,2.31,7.13,6.13,8.3,34.27,42.59,,8.55,0.03,0.31,08/18,MFS全盛基金系列MFS全盛多元資產優選成長基金I1美元
聯博-美國收益基金A級別歐元(本基金有相當比重投資於非投資等級之高風險債券且配息來源可能為本金),,境外,1/4,,,-1.18,2.04,0.32,8.3,17.78,18.12,,4.3,0.1,0.31,08/18,聯博美國收益基金A級別歐元本基金有相當比重投資於非投資等級之高風險債券且配息來源可能為本金
貝萊德環球企業債券基金A10美元(總報酬穩定配息)(基金之配息來源可能為本金),,境外,1/4,,,-1.73,1.23,-0.07,8.3,,,,3.16,0.06,0.86,08/18,貝萊德環球企業債券基金A10美元總報酬穩定配息基金之配息來源可能為本金
貝萊德環球企業債券基金A2美元,,境外,1/4,,,-1.79,1.21,-0.06,8.3,17.22,15.16,,3.11,0.06,0.85,08/18,貝萊德環球企業債券基金A2美元
富蘭克林坦伯頓全球投資系列精選收益基金美元F穩定月配股(本基金有相當比重投資於非投資等級之高風險債券且基金之配息來源可能為本金),,境外,1/4,,,-1.2,1.74,0.73,8.29,,,,2.72,0.07,0.69,08/18,富蘭克林坦伯頓全球投資系列精選收益基金美元F穩定月配股本基金有相當比重投資於非投資等級之高風險債券且基金之配息來源可能為本金
MFS全盛基金系列-MFS全盛多元資產優選成長基金I1(歐元),,境外,1/4,,,2.34,7.06,6.12,8.28,34.13,42.37,,8.44,0.06,-0.04,08/18,MFS全盛基金系列MFS全盛多元資產優選成長基金I1歐元
聯博-美國收益基金AT級別歐元(本基金有相當比重投資於非投資等級之高風險債券且配息來源可能為本金),,境外,1/4,,,-1.36,2.03,0.31,8.28,17.53,18.05,,4.48,0.1,0.34,08/18,聯博美國收益基金AT級別歐元本基金有相當比重投資於非投資等級之高風險債券且配息來源可能為本金
聯博-美國收益基金AA(穩定月配)級別美元(本基金有相當比重投資於非投資等級之高風險債券且配息來源可能為本金),,境外,1/4,,,-1.28,2.07,0.32,8.28,17.73,18.18,,3.89,0.05,1.04,08/18,聯博美國收益基金AA穩定月配級別美元本基金有相當比重投資於非投資等級之高風險債券且配息來源可能為本金
高盛基金-高盛全球投資級信用債券基金(避險)A股(穩定收益月配息)美元(本基金之配息來源可能為本金),,境外,1/4,,,-1.63,1.54,0.03,8.27,,,,3.47,0.06,0.95,08/18,高盛基金高盛全球投資級信用債券基金避險A股穩定收益月配息美元本基金之配息來源可能為本金
貝萊德環球非投資等級債券基金Hedged A3歐元(基金主要投資於符合美國Rule 144A規定之私募性質債券),,境外,1/4,,,0.35,1.45,0.3,8.27,28.18,18.71,,2.77,0.15,0.76,08/18,貝萊德環球非投資等級債券基金HedgedA3歐元基金主要投資於符合美國Rule144A規定之私募性質債券
PIMCO多元收益債券基金-E級類別(歐元避險)累積股份(本基金有相當比重投資於非投資等級之高風險債券且配息來源可能為本金),,境外,1/4,,,-0.26,1.36,-1.56,8.24,25.77,6.4,,4.56,0.09,1.14,08/18,PIMCO多元收益債券基金E級類別歐元避險累積股份本基金有相當比重投資於非投資等級之高風險債券且配息來源可能為本金
高盛基金-高盛全球投資級信用債券基金(避險)A股(累積)美元(本基金之配息來源可能為本金),,境外,1/4,,,-1.71,1.46,-0.03,8.23,,,,3.45,0.05,0.95,08/18,高盛基金高盛全球投資級信用債券基金避險A股累積美元本基金之配息來源可能為本金
聯博-全球靈活收益基金I2級別美元(基金之配息來源可能為本金),,境外,1/4,,,-1.39,2.25,0.61,8.21,13.31,13.96,,3.41,0.05,0.92,08/18,聯博全球靈活收益基金I2級別美元基金之配息來源可能為本金
景順環球非投資等級債券基金A-月配息(歐元對沖)股歐元(本基金主要投資於符合美國Rule 144A 規定之私募性質債券，本基金非屬環境、社會、治理相關主題基金),,境外,1/4,,,0.07,1.28,0.03,8.21,24.54,18.52,,2.34,0.17,0.66,08/18,景順環球非投資等級債券基金A月配息歐元對沖股歐元本基金主要投資於符合美國Rule144A規定之私募性質債券，本基金非屬環境、社會、治理相關主題基金
安聯綠色債券基金-IT累積類股(美元避險),,境外,1/4,,,-1.45,2.06,0.41,8.2,15.53,6.77,,3.0,0.06,0.69,08/18,安聯綠色債券基金IT累積類股美元避險
施羅德環球基金系列-環球通貨膨脹連繫債券(美元避險)A1-累積,,境外,1/4,,,-1.71,0.67,-0.1,8.19,6.51,-3.49,,2.69,0.06,0.59,08/18,施羅德環球基金系列環球通貨膨脹連繫債券美元避險A1累積
高盛基金-高盛全球投資級信用債券基金(避險)A股美元(本基金之配息來源可能為本金),,境外,1/4,,,-1.69,1.54,0.04,8.19,16.45,13.25,,3.44,0.05,0.94,08/18,高盛基金高盛全球投資級信用債券基金避險A股美元本基金之配息來源可能為本金
高盛基金III - 高盛環球社會影響力基金X股對沖級別澳幣(月配息)(本基金之配息來源可能為本金),,境外,1/4,,,3.3,7.06,5.3,8.18,,,,10.88,-0.2,-0.03,08/18,高盛基金III高盛環球社會影響力基金X股對沖級別澳幣月配息本基金之配息來源可能為本金
貝萊德環球非投資等級債券基金Hedged A2歐元(基金主要投資於符合美國Rule 144A規定之私募性質債券),,境外,1/4,,,0.27,1.47,0.2,8.17,28.05,18.65,,2.67,0.15,0.73,08/18,貝萊德環球非投資等級債券基金HedgedA2歐元基金主要投資於符合美國Rule144A規定之私募性質債券
東方匯理基金美元綜合債券A2-7美元(本基金之配息來源可能為本金),,境外,1/4,,,-1.67,1.5,-0.45,8.16,14.02,11.12,,3.7,0.05,1.05,08/18,東方匯理基金美元綜合債券A27美元本基金之配息來源可能為本金
百達-精選品牌-I美元,,境外,1/4,,,-2.22,7.26,-3.99,8.16,17.97,26.94,,19.79,0.03,0.43,08/18,百達精選品牌I美元
聯博-全球非投資等級債券基金AT加幣避險級別(基金之配息來源可能為本金),,境外,1/4,,,-0.17,0.99,0.12,8.16,18.17,15.32,,3.55,0.1,1.01,08/18,聯博全球非投資等級債券基金AT加幣避險級別基金之配息來源可能為本金
瑞銀(盧森堡)策略基金-固定收益型(美元)(月配息)(本基金之配息來源可能為本金),,境外,1/4,,,-1.72,1.32,0.26,8.16,13.76,17.55,,2.32,0.09,0.66,08/17,瑞銀盧森堡策略基金固定收益型美元月配息本基金之配息來源可能為本金
PGIM JENNISON全球股票機會基金-T美元累積型,,境外,1/4,,,-1.19,0.07,7.26,8.15,42.5,22.67,,21.14,0.03,1.57,08/18,PGIMJENNISON全球股票機會基金T美元累積型
施羅德環球基金系列-環球企業債券(美元)A-累積,,境外,1/4,,,-1.84,1.19,0.03,8.15,17.79,14.83,,3.32,0.05,0.89,08/18,施羅德環球基金系列環球企業債券美元A累積
百達-美元中短期債券-B美元月配息(基金之配息來源可能為本金),,境外,1/4,,,-0.89,1.77,1.62,8.14,,,,0.97,0.15,0.24,08/18,百達美元中短期債券B美元月配息基金之配息來源可能為本金
施羅德環球基金系列-環球企業債券(美元)A-月配浮動(基金之配息來源可能為本金)(美元),,境外,1/4,,,-1.84,1.19,0.03,8.14,17.77,14.82,,3.32,0.05,0.89,08/18,施羅德環球基金系列環球企業債券美元A月配浮動基金之配息來源可能為本金美元
摩根士丹利環球機會基金A(美元),,境外,1/4,,,1.17,6.76,10.04,8.14,69.42,40.28,,15.34,0.03,1.11,08/18,摩根士丹利環球機會基金A美元
瑞銀(盧森堡)歐元非投資等級債券基金(歐元),,境外,1/4,,,0.17,1.95,-0.24,8.14,31.85,34.27,,2.18,0.23,0.53,08/17,瑞銀盧森堡歐元非投資等級債券基金歐元
新加坡大華短年期債券基金-星幣分配S類別(本基金配息可能涉及本金),,境外,1/4,,,-0.06,1.48,0.78,8.14,,,,0.59,0.03,0.14,08/18,新加坡大華短年期債券基金星幣分配S類別本基金配息可能涉及本金
新加坡大華短年期債券基金-(累積)星幣A類別,,境外,1/4,,,-0.05,1.49,0.78,8.13,,,,0.59,0.03,0.14,08/18,新加坡大華短年期債券基金累積星幣A類別
景順環球非投資等級債券基金A(歐元對沖)股歐元(本基金主要投資於符合美國Rule 144A 規定之私募性質債券，本基金非屬環境、社會、治理相關主題基金),,境外,1/4,,,0.03,1.21,-0.11,8.13,24.39,18.34,,2.47,0.16,0.69,08/18,景順環球非投資等級債券基金A歐元對沖股歐元本基金主要投資於符合美國Rule144A規定之私募性質債券，本基金非屬環境、社會、治理相關主題基金
M＆G收益優化基金A(美元避險月配)F(本基金配息來源可能為本金),,境外,1/4,,,-2.18,1.6,-0.53,8.11,16.72,24.57,,3.98,0.04,1.02,08/18,M＆G收益優化基金A美元避險月配F本基金配息來源可能為本金
東方匯理基金美元綜合債券A2美元(本基金之配息來源可能為本金),,境外,1/4,,,-1.67,1.48,-0.47,8.11,13.85,10.85,,3.69,0.04,1.05,08/18,東方匯理基金美元綜合債券A2美元本基金之配息來源可能為本金
東方匯理基金美元綜合債券A2美元(穩定月配息)(本基金之配息來源可能為本金),,境外,1/4,,,-1.67,1.48,-0.47,8.11,13.86,10.84,,3.68,0.04,1.05,08/18,東方匯理基金美元綜合債券A2美元穩定月配息本基金之配息來源可能為本金
百達-美元政府債券-I美元,,境外,1/4,,,-1.66,1.62,-0.27,8.1,9.95,8.29,,3.32,0.05,0.93,08/18,百達美元政府債券I美元
東方匯理基金美元綜合債券A2美元(月配息)(本基金之配息來源可能為本金),,境外,1/4,,,-1.66,1.47,-0.49,8.1,13.86,10.86,,3.69,0.04,1.05,08/18,東方匯理基金美元綜合債券A2美元月配息本基金之配息來源可能為本金
M＆G收益優化基金A(美元避險),,境外,1/4,,,-2.19,1.57,-0.56,8.09,16.74,24.42,,4.02,0.04,1.03,08/18,M＆G收益優化基金A美元避險
M＆G收益優化基金A(美元避險月配)(本基金配息來源可能為本金),,境外,1/4,,,-2.18,1.58,-0.55,8.08,16.79,24.43,,4.0,0.04,1.02,08/18,M＆G收益優化基金A美元避險月配本基金配息來源可能為本金
聯博-全球非投資等級債券基金AT紐幣避險級別(基金之配息來源可能為本金),,境外,1/4,,,-0.57,2.09,0.08,8.08,21.72,9.41,,3.47,0.11,0.98,08/18,聯博全球非投資等級債券基金AT紐幣避險級別基金之配息來源可能為本金
匯豐環球投資基金-環球非投資等級債券AM3HEUR(本基金配息來源可能為本金),,境外,1/4,,,0.23,1.23,0.01,8.06,25.39,14.08,,2.38,0.15,0.66,08/18,匯豐環球投資基金環球非投資等級債券AM3HEUR本基金配息來源可能為本金
安聯投資級公司債基金-IM穩定月收類股(美元)(基金之配息來源可能為本金),,境外,1/4,,,-2.25,0.66,-0.58,8.05,,,,4.0,0.04,1.09,08/18,安聯投資級公司債基金IM穩定月收類股美元基金之配息來源可能為本金
法巴永續高評等企業債券基金C(美元),,境外,1/4,,,-1.62,1.53,0.16,8.05,16.77,14.68,,3.44,0.04,0.93,08/18,法巴永續高評等企業債券基金C美元
安聯全球機會債券基金-BMf固定月配類股(美元)(本基金有一定比重得投資於非投資等級之高風險債券且配息來源可能為本金),,境外,1/4,,,-1.39,1.72,0.53,8.05,10.65,16.85,,2.02,0.06,0.47,08/18,安聯全球機會債券基金BMf固定月配類股美元本基金有一定比重得投資於非投資等級之高風險債券且配息來源可能為本金
景順環球高評級企業債券基金C股美元,,境外,1/4,,,-1.79,1.6,-0.2,8.05,19.83,15.98,,3.11,0.04,0.84,08/18,景順環球高評級企業債券基金C股美元
景順環球高評級企業債券基金C-穩定月配息股美元(基金之配息來源可能為本金),,境外,1/4,,,-1.78,1.6,-0.19,8.05,19.83,,,3.1,0.04,0.84,08/18,景順環球高評級企業債券基金C穩定月配息股美元基金之配息來源可能為本金
法巴永續高評等企業債券基金/月配(美元)(基金之配息來源可能為本金),,境外,1/4,,,-1.62,1.53,0.16,8.04,16.75,,,3.45,0.04,0.93,08/18,法巴永續高評等企業債券基金/月配美元基金之配息來源可能為本金
景順環球高評級企業債券基金C-年配息股美元,,境外,1/4,,,-1.79,1.59,-0.21,8.04,19.84,16.02,,3.11,0.04,0.84,08/18,景順環球高評級企業債券基金C年配息股美元
景順環球高評級企業債券基金C-季配息股美元,,境外,1/4,,,-1.79,1.59,-0.2,8.04,19.83,15.99,,3.11,0.04,0.84,08/18,景順環球高評級企業債券基金C季配息股美元
安聯全球機會債券基金-BT累積類股(美元)(本基金有一定比重得投資於非投資等級之高風險債券),,境外,1/4,,,-1.39,1.71,0.53,8.03,10.64,16.85,,2.02,0.06,0.47,08/18,安聯全球機會債券基金BT累積類股美元本基金有一定比重得投資於非投資等級之高風險債券
施羅德環球基金系列-環球收息債券(美元)U-累積(基金有相當比重投資於非投資等級之高風險債券),,境外,1/4,,,-1.37,1.84,0.51,8.03,19.39,19.9,,2.62,0.05,0.68,08/18,施羅德環球基金系列環球收息債券美元U累積基金有相當比重投資於非投資等級之高風險債券
高盛基金III - 高盛環球非投資等級債券基金Y股美元(月配息)(本基金之配息來源可能為本金且本基金主要投資於符合美國RULE 144A規定之私募性質債券),,境外,1/4,,,-0.72,2.0,0.99,8.03,19.63,18.8,,3.76,0.04,1.02,08/18,高盛基金III高盛環球非投資等級債券基金Y股美元月配息本基金之配息來源可能為本金且本基金主要投資於符合美國RULE144A規定之私募性質債券
施羅德環球基金系列-環球收息債券(美元)U-月配固定(基金有相當比重投資於非投資等級之高風險債券且基金之配息來源可能為本金),,境外,1/4,,,-1.37,1.84,0.51,8.02,19.38,19.89,,2.62,0.05,0.68,08/18,施羅德環球基金系列環球收息債券美元U月配固定基金有相當比重投資於非投資等級之高風險債券且基金之配息來源可能為本金
施羅德環球基金系列-環球收息債券(美元)U-穩定月配(基金有相當比重投資於非投資等級之高風險債券且基金之配息來源可能為本金),,境外,1/4,,,-1.37,1.84,0.51,8.02,,,,2.62,0.05,0.05,08/18,施羅德環球基金系列環球收息債券美元U穩定月配基金有相當比重投資於非投資等級之高風險債券且基金之配息來源可能為本金
施羅德環球基金系列-環球非投資等級債券(歐元避險)A1-累積(本基金主要投資於符合美國Rule144A規定之私募性質債券),,境外,1/4,,,0.36,1.35,0.43,8.01,27.62,20.65,,2.5,0.14,0.62,08/18,施羅德環球基金系列環球非投資等級債券歐元避險A1累積本基金主要投資於符合美國Rule144A規定之私募性質債券
東方匯理基金美元綜合債券A2歐元(本基金之配息來源可能為本金),,境外,1/4,,,-1.72,1.26,-0.21,8.01,13.8,10.77,,4.83,0.08,0.23,08/18,東方匯理基金美元綜合債券A2歐元本基金之配息來源可能為本金
先機環球動態債券基金C2類收益股(美元穩定配息)(基金之配息來源可能為本金),,境外,1/4,,,-1.38,2.46,-0.33,8.0,12.24,23.65,,3.91,0.03,1.01,08/18,先機環球動態債券基金C2類收益股美元穩定配息基金之配息來源可能為本金
先機環球動態債券基金B類收益股(美元)(基金之配息來源可能為本金),,境外,1/4,,,-1.38,2.46,-0.33,8.0,12.24,23.64,,3.9,0.03,1.01,08/18,先機環球動態債券基金B類收益股美元基金之配息來源可能為本金
先機環球動態債券基金B類累積股(美元)(基金之配息來源可能為本金),,境外,1/4,,,-1.38,2.46,-0.33,8.0,12.23,23.62,,3.91,0.03,1.01,08/18,先機環球動態債券基金B類累積股美元基金之配息來源可能為本金
MFS全盛基金系列-MFS全盛有限償還期基金C2(美元),,境外,1/4,,,-0.94,1.77,1.39,7.99,10.38,19.29,,1.22,0.09,0.32,08/18,MFS全盛基金系列MFS全盛有限償還期基金C2美元
摩根基金-環球企業債券基金A股(美元)(累計),,境外,1/4,,,-1.83,1.27,-0.41,7.97,17.5,15.13,,3.46,0.03,0.94,08/18,摩根基金環球企業債券基金A股美元累計
安盛環球基金-全球綜合債券基金I CAP美元(避險)(本基金之配息來源可能為本金，且非屬環境、社會及治理相關主題基金),,境外,1/4,,,-1.55,1.96,0.47,7.97,12.26,12.72,,3.11,0.04,0.85,08/18,安盛環球基金全球綜合債券基金ICAP美元避險本基金之配息來源可能為本金，且非屬環境、社會及治理相關主題基金
MFS全盛基金系列-MFS全盛有限償還期基金C1(美元),,境外,1/4,,,-0.91,1.74,1.33,7.95,10.3,19.24,,1.25,0.08,0.31,08/18,MFS全盛基金系列MFS全盛有限償還期基金C1美元
摩根基金-環球企業債券基金A股(美元)(每月派息)(本基金之配息來源可能為本金),,境外,1/4,,,-1.84,1.23,-0.43,7.92,17.4,15.02,,3.48,0.03,0.94,08/18,摩根基金環球企業債券基金A股美元每月派息本基金之配息來源可能為本金
施羅德環球基金系列-環球債券(美元避險)A-累積,,境外,1/4,,,-1.52,1.85,0.15,7.91,12.51,7.86,,3.09,0.03,0.82,08/18,施羅德環球基金系列環球債券美元避險A累積
安聯投資級公司債基金-IT累積類股(美元),,境外,1/4,,,-2.28,0.6,-0.68,7.9,17.32,,,4.01,0.03,1.09,08/18,安聯投資級公司債基金IT累積類股美元
PIMCO全球債券(美國除外)基金-機構H級類別(累積股份),,境外,1/4,,,-1.23,2.54,-0.01,7.89,16.61,22.0,,4.09,0.03,1.01,08/18,PIMCO全球債券美國除外基金機構H級類別累積股份
貝萊德世界債券基金A3美元,,境外,1/4,,,-1.57,1.65,-0.1,7.85,13.23,11.34,,3.15,0.03,0.86,08/18,貝萊德世界債券基金A3美元
聯博-美國收益基金EAX(穩定月配)級別美元(本基金有相當比重投資於非投資等級之高風險債券且配息來源可能為本金),,境外,1/4,,,-1.27,2.04,0.15,7.85,15.97,15.34,,3.99,0.02,1.06,08/18,聯博美國收益基金EAX穩定月配級別美元本基金有相當比重投資於非投資等級之高風險債券且配息來源可能為本金
霸菱成熟及新興市場非投資等級債券基金-G類紐幣避險月配息型(本基金之配息來源可能為本金),,境外,1/4,,,-0.28,2.55,0.64,7.85,22.69,5.94,,2.58,0.13,0.69,08/18,霸菱成熟及新興市場非投資等級債券基金G類紐幣避險月配息型本基金之配息來源可能為本金
貝萊德世界債券基金A2美元,,境外,1/4,,,-1.56,1.65,-0.1,7.84,13.21,11.33,,3.14,0.03,0.86,08/18,貝萊德世界債券基金A2美元
柏瑞環球基金-柏瑞環球債券基金Y,,境外,1/4,,,-1.52,1.89,-0.02,7.78,11.39,11.28,,3.24,0.02,0.9,08/18,柏瑞環球基金柏瑞環球債券基金Y
資本集團全球機會非投資等級債券基金(盧森堡)Bfdmh(歐元)(本基金之配息來源可能為本金),,境外,1/4,,,-0.44,1.0,-1.8,7.78,24.31,14.17,,4.4,0.11,1.17,08/18,資本集團全球機會非投資等級債券基金盧森堡Bfdmh歐元本基金之配息來源可能為本金
景順環球高評級企業債券基金A-總收益-月配息股美元(基金之配息來源可能為本金),,境外,1/4,,,-1.81,1.53,-0.32,7.77,18.94,14.56,,3.1,0.02,0.84,08/18,景順環球高評級企業債券基金A總收益月配息股美元基金之配息來源可能為本金
景順環球高評級企業債券基金A股美元,,境外,1/4,,,-1.81,1.53,-0.32,7.77,18.93,14.54,,3.1,0.02,0.84,08/18,景順環球高評級企業債券基金A股美元
摩根基金-複合收益債券基金A股(美元)(累計),,境外,1/4,,,-1.55,2.1,-0.26,7.76,13.54,15.09,,3.76,0.02,0.99,08/18,摩根基金複合收益債券基金A股美元累計
PIMCO全球債券基金-M級類別(月收息強化股份)(基金之配息來源可能為本金),,境外,1/4,,,-1.35,2.34,-0.61,7.7,14.38,14.93,,4.4,0.01,1.16,08/18,PIMCO全球債券基金M級類別月收息強化股份基金之配息來源可能為本金
PIMCO全球投資級別債券基金-BM級類別(穩定月收息股份)(基金之配息來源可能為本金),,境外,1/4,,,-1.6,1.94,-0.56,7.69,,,,4.43,0.01,1.2,08/18,PIMCO全球投資級別債券基金BM級類別穩定月收息股份基金之配息來源可能為本金
百達-美元政府債券-R美元,,境外,1/4,,,-1.7,1.51,-0.47,7.67,8.64,6.18,,3.31,0.01,0.93,08/18,百達美元政府債券R美元
聯博-全球非投資等級債券基金AA(穩定月配)歐元避險級別(基金之配息來源可能為本金),,境外,1/4,,,0.11,1.3,-0.28,7.67,26.8,18.91,,3.33,0.08,0.93,08/18,聯博全球非投資等級債券基金AA穩定月配歐元避險級別基金之配息來源可能為本金
施羅德環球基金系列-環球企業債券(美元)A1-累積,,境外,1/4,,,-1.88,1.07,-0.2,7.66,16.21,12.28,,3.32,0.01,0.89,08/18,施羅德環球基金系列環球企業債券美元A1累積
聯博-永續主題基金A級別歐元(基金之配息來源可能為本金),,境外,1/4,,,0.61,2.49,5.45,7.66,23.05,14.13,,11.57,0.04,0.95,08/18,聯博永續主題基金A級別歐元基金之配息來源可能為本金
施羅德環球基金系列-環球企業債券(美元)A1-月配浮動(基金之配息來源可能為本金),,境外,1/4,,,-1.88,1.07,-0.2,7.66,16.19,12.27,,3.32,0.01,0.89,08/18,施羅德環球基金系列環球企業債券美元A1月配浮動基金之配息來源可能為本金
聯博-全球靈活收益基金AT級別美元(基金之配息來源可能為本金),,境外,1/4,,,-1.45,2.12,0.38,7.66,11.51,10.89,,3.38,0.01,0.92,08/18,聯博全球靈活收益基金AT級別美元基金之配息來源可能為本金
霸菱成熟及新興市場非投資等級債券基金-G類加幣避險月配息型(本基金之配息來源可能為本金),,境外,1/4,,,-0.1,1.3,0.48,7.65,18.91,11.11,,2.61,0.08,0.68,08/18,霸菱成熟及新興市場非投資等級債券基金G類加幣避險月配息型本基金之配息來源可能為本金
百達-林木資源-HR南非幣月配息(基金之配息來源可能為本金),,境外,1/4,,,0.23,11.31,-12.1,7.65,15.83,-4.22,,23.07,-0.07,-0.18,08/18,百達林木資源HR南非幣月配息基金之配息來源可能為本金
聯博-全球靈活收益基金AI(穩定月配)級別美元(基金之配息來源可能為本金),,境外,1/4,,,-1.43,2.11,0.36,7.64,11.51,,,3.37,0.01,0.92,08/18,聯博全球靈活收益基金AI穩定月配級別美元基金之配息來源可能為本金
聯博-永續主題基金AX級別歐元(基金之配息來源可能為本金),,境外,1/4,,,0.6,2.49,5.44,7.64,23.03,14.1,,11.56,0.04,0.95,08/18,聯博永續主題基金AX級別歐元基金之配息來源可能為本金
聯博-永續主題基金AX級別美元(基金之配息來源可能為本金),,境外,1/4,,,0.57,2.55,5.44,7.64,23.02,14.1,,13.96,0.02,1.29,08/18,聯博永續主題基金AX級別美元基金之配息來源可能為本金
聯博-全球靈活收益基金A2級別美元(基金之配息來源可能為本金),,境外,1/4,,,-1.47,2.12,0.33,7.63,11.46,10.92,,3.44,0.01,0.93,08/18,聯博全球靈活收益基金A2級別美元基金之配息來源可能為本金
聯博-永續主題基金A級別美元(基金之配息來源可能為本金),,境外,1/4,,,0.57,2.55,5.43,7.63,23.04,14.1,,13.97,0.02,1.29,08/18,聯博永續主題基金A級別美元基金之配息來源可能為本金
聯博-全球非投資等級債券基金A2歐元避險級別(基金之配息來源可能為本金),,境外,1/4,,,0.15,1.38,-0.35,7.62,26.8,18.95,,3.45,0.07,0.98,08/18,聯博全球非投資等級債券基金A2歐元避險級別基金之配息來源可能為本金
聯博-全球非投資等級債券基金AT歐元避險級別(基金之配息來源可能為本金),,境外,1/4,,,0.11,1.39,-0.34,7.62,26.82,18.94,,3.48,0.07,0.98,08/18,聯博全球非投資等級債券基金AT歐元避險級別基金之配息來源可能為本金
瑞銀(盧森堡)歐元非投資等級債券基金(歐元)(月配息)(本基金之配息來源可能為本金),,境外,1/4,,,-0.31,1.46,-0.72,7.62,31.22,33.63,,2.21,0.17,0.52,08/17,瑞銀盧森堡歐元非投資等級債券基金歐元月配息本基金之配息來源可能為本金
PIMCO全球債券基金-E級類別(累積股份)(基金之配息來源可能為本金),,境外,1/4,,,-1.38,2.21,-0.63,7.62,14.24,14.88,,4.39,0.01,1.16,08/18,PIMCO全球債券基金E級類別累積股份基金之配息來源可能為本金
PIMCO全球債券基金-E級類別(收息股份)(基金之配息來源可能為本金),,境外,1/4,,,-1.36,2.24,-0.62,7.59,14.23,14.91,,4.4,0.01,1.16,08/18,PIMCO全球債券基金E級類別收息股份基金之配息來源可能為本金
貝萊德環球資產配置基金Hedged B2日圓,,境外,1/4,,,3.0,2.52,0.89,7.58,,,,8.18,0.28,0.78,08/18,貝萊德環球資產配置基金HedgedB2日圓
富達基金-永續發展全球存股優勢基金(A股C月配息日圓(日圓/美元避險))(本基金之配息來源可能為本金且並無保證收益及配息),,境外,1/4,,,2.79,4.73,0.28,7.56,,,,10.64,0.22,0.17,08/18,富達基金永續發展全球存股優勢基金A股C月配息日圓日圓/美元避險本基金之配息來源可能為本金且並無保證收益及配息
霸菱優先順位資產抵押債券基金-G類歐元避險月配息型(本基金主要投資於非投資等級之高風險債券及符合美國Rule 144A規定之私募性質債券且基金之配息來源可能為本金),,境外,1/4,,,0.21,1.65,0.19,7.56,26.27,24.2,,2.2,0.1,0.62,08/18,霸菱優先順位資產抵押債券基金G類歐元避險月配息型本基金主要投資於非投資等級之高風險債券及符合美國Rule144A規定之私募性質債券且基金之配息來源可能為本金
霸菱優先順位資產抵押債券基金-G類歐元避險累積型(本基金主要投資於非投資等級之高風險債券及符合美國Rule 144A規定之私募性質債券且基金之配息來源可能為本金),,境外,1/4,,,0.22,1.64,0.18,7.54,26.26,24.16,,2.2,0.1,0.62,08/18,霸菱優先順位資產抵押債券基金G類歐元避險累積型本基金主要投資於非投資等級之高風險債券及符合美國Rule144A規定之私募性質債券且基金之配息來源可能為本金
美盛全球債券基金優類股美元累積型(本基金之配息來源可能為本金),,境外,1/4,,,-1.47,1.83,-0.46,7.54,11.68,10.7,,3.71,0.0,1.03,08/18,美盛全球債券基金優類股美元累積型本基金之配息來源可能為本金
安聯綠色債券基金-AT累積類股(美元避險),,境外,1/4,,,-1.5,1.92,0.14,7.54,13.81,4.15,,2.98,-0.0,0.68,08/18,安聯綠色債券基金AT累積類股美元避險
瑞萬通博基金-環球非投資等級債券基金B(歐元),,境外,1/4,,,-0.16,1.49,-0.08,7.54,26.54,21.57,,1.95,0.18,0.48,08/17,瑞萬通博基金環球非投資等級債券基金B歐元
高盛基金III - 高盛投資級公司債基金X股美元(月配息)(本基金之配息來源可能為本金),,境外,1/4,,,-1.97,1.04,-0.92,7.52,15.06,8.92,,4.26,0.0,1.19,08/18,高盛基金III高盛投資級公司債基金X股美元月配息本基金之配息來源可能為本金
高盛基金III - 高盛投資級公司債基金X股美元,,境外,1/4,,,-1.98,1.05,-0.92,7.52,15.06,8.93,,4.26,0.0,1.19,08/18,高盛基金III高盛投資級公司債基金X股美元
安聯綠色債券基金-AMf固定月配類股(美元避險)(基金之配息來源可能為本金),,境外,1/4,,,-1.5,1.92,0.13,7.52,13.67,3.95,,2.98,-0.0,0.68,08/18,安聯綠色債券基金AMf固定月配類股美元避險基金之配息來源可能為本金
景順環球高評級企業債券基金E股美元,,境外,1/4,,,-1.83,1.47,-0.45,7.51,18.05,13.12,,3.1,-0.0,0.84,08/18,景順環球高評級企業債券基金E股美元
貝萊德環球資產配置基金Hedged B10日圓(總報酬穩定配息)(基金之配息來源可能為本金),,境外,1/4,,,2.92,2.43,0.76,7.5,,,,8.12,0.28,0.22,08/18,貝萊德環球資產配置基金HedgedB10日圓總報酬穩定配息基金之配息來源可能為本金
景順環球高評級企業債券基金E-穩定月配息股美元(基金之配息來源可能為本金),,境外,1/4,,,-1.83,1.46,-0.45,7.5,18.03,13.12,,3.1,-0.0,0.84,08/18,景順環球高評級企業債券基金E穩定月配息股美元基金之配息來源可能為本金
安盛環球基金-全球綜合債券基金A CAP美元(避險)(本基金之配息來源可能為本金，且非屬環境、社會及治理相關主題基金),,境外,1/4,,,-1.58,1.85,0.25,7.49,10.64,10.0,,3.09,-0.0,0.84,08/18,安盛環球基金全球綜合債券基金ACAP美元避險本基金之配息來源可能為本金，且非屬環境、社會及治理相關主題基金
先機環球動態債券基金C類累積股(美元)(基金之配息來源可能為本金),,境外,1/4,,,-1.42,2.33,-0.58,7.46,10.55,20.58,,3.9,-0.0,1.0,08/18,先機環球動態債券基金C類累積股美元基金之配息來源可能為本金
先機環球動態債券基金C類收益股(美元)(基金之配息來源可能為本金),,境外,1/4,,,-1.42,2.33,-0.58,7.46,10.56,20.57,,3.9,-0.0,1.0,08/18,先機環球動態債券基金C類收益股美元基金之配息來源可能為本金
安聯投資級公司債基金-AMf2固定月配類股(美元)(基金之配息來源可能為本金),,境外,1/4,,,-2.32,0.49,-0.89,7.45,,,,4.02,-0.0,1.09,08/18,安聯投資級公司債基金AMf2固定月配類股美元基金之配息來源可能為本金
安聯投資級公司債基金-AMg穩定月收總收益類股(美元)(基金之配息來源可能為本金),,境外,1/4,,,-2.32,0.49,-0.9,7.44,15.74,,,4.01,-0.0,1.09,08/18,安聯投資級公司債基金AMg穩定月收總收益類股美元基金之配息來源可能為本金
安聯投資級公司債基金-AT累積類股(美元),,境外,1/4,,,-2.32,0.49,-0.89,7.44,15.76,,,4.01,-0.01,1.09,08/18,安聯投資級公司債基金AT累積類股美元
富達基金-美元債券基金(Y股累計美元),,境外,1/4,,,-1.83,1.15,-1.01,7.43,12.06,11.0,,3.64,-0.01,1.03,08/18,富達基金美元債券基金Y股累計美元
匯豐環球投資基金-氣候轉型環球企業債券ACHGBP(本基金配息來源可能為本金),,境外,1/4,,,-1.3,2.01,-0.34,7.39,22.17,9.27,,3.79,-0.02,1.04,08/18,匯豐環球投資基金氣候轉型環球企業債券ACHGBP本基金配息來源可能為本金
安盛環球基金-全球綜合債券基金A DIS「fl」美元(避險)(月配息)(本基金之配息來源可能為本金，且非屬環境、社會及治理相關主題基金),,境外,1/4,,,-1.59,1.77,0.16,7.38,8.15,,,3.06,-0.02,0.84,08/18,安盛環球基金全球綜合債券基金ADIS「fl」美元避險月配息本基金之配息來源可能為本金，且非屬環境、社會及治理相關主題基金
匯豐環球投資基金-氣候轉型環球企業債券AM2(本基金配息來源可能為本金),,境外,1/4,,,-1.87,1.33,-0.53,7.38,15.83,13.76,,3.81,-0.01,1.05,08/18,匯豐環球投資基金氣候轉型環球企業債券AM2本基金配息來源可能為本金
安聯歐元非投資等級債券基金-IT累積類股(歐元),,境外,1/4,,,0.12,1.67,0.09,7.38,30.78,29.35,,1.92,0.09,0.39,08/18,安聯歐元非投資等級債券基金IT累積類股歐元
匯豐環球投資基金-氣候轉型環球企業債券AC(本基金配息來源可能為本金),,境外,1/4,,,-1.87,1.33,-0.54,7.37,15.82,13.76,,3.82,-0.01,1.05,08/18,匯豐環球投資基金氣候轉型環球企業債券AC本基金配息來源可能為本金
匯豐環球投資基金-氣候轉型環球企業債券AD(本基金配息來源可能為本金),,境外,1/4,,,-1.86,1.33,-0.53,7.37,15.82,13.75,,3.81,-0.01,1.05,08/18,匯豐環球投資基金氣候轉型環球企業債券AD本基金配息來源可能為本金
匯豐環球投資基金-氣候轉型環球企業債券AM2HKD(本基金配息來源可能為本金),,境外,1/4,,,-1.87,1.32,-0.58,7.37,15.84,13.78,,3.55,0.01,0.94,08/18,匯豐環球投資基金氣候轉型環球企業債券AM2HKD本基金配息來源可能為本金
安聯策略信用債券基金-IT累積類股(美元),,境外,1/4,,,-1.55,0.91,-1.12,7.27,19.23,12.95,,3.97,-0.02,1.06,08/18,安聯策略信用債券基金IT累積類股美元
貝萊德環球企業債券基金B2美元,,境外,1/4,,,-1.91,0.88,-0.62,7.21,,,,3.04,-0.03,0.83,08/18,貝萊德環球企業債券基金B2美元
霸菱成熟及新興市場非投資等級債券基金-G類歐元避險年配息型(本基金之配息來源可能為本金),,境外,1/4,,,0.28,1.71,0.18,7.2,27.62,14.56,,2.49,0.05,0.64,08/18,霸菱成熟及新興市場非投資等級債券基金G類歐元避險年配息型本基金之配息來源可能為本金
貝萊德環球企業債券基金B10美元(總報酬穩定配息)(基金之配息來源可能為本金),,境外,1/4,,,-1.86,1.02,-0.53,7.17,,,,3.04,-0.03,0.05,08/18,貝萊德環球企業債券基金B10美元總報酬穩定配息基金之配息來源可能為本金
百達-歐元非投資等級債券-R歐元,,境外,1/4,,,0.0,1.43,-0.12,7.17,28.17,24.35,,1.81,0.13,0.43,08/17,百達歐元非投資等級債券R歐元
百達-歐元非投資等級債券-R歐元月配息(基金之配息來源可能為本金),,境外,1/4,,,-0.0,1.43,-0.12,7.16,28.17,24.35,,1.81,0.13,0.43,08/17,百達歐元非投資等級債券R歐元月配息基金之配息來源可能為本金
瑞銀(盧森堡)歐元基金 PREMIER-累積,,境外,1/4,,,0.06,1.15,-0.1,7.15,15.62,24.66,,0.07,8.7,,08/17,瑞銀盧森堡歐元基金PREMIER累積
MFS全盛基金系列-MFS全盛多元資產優選成長基金A1(歐元),,境外,1/4,,,2.25,6.74,5.55,7.13,29.87,34.87,,8.44,0.02,-0.04,08/18,MFS全盛基金系列MFS全盛多元資產優選成長基金A1歐元
聯博-全球靈活收益基金EIX(穩定月配)級別美元(基金之配息來源可能為本金),,境外,1/4,,,-1.49,1.99,0.12,7.12,9.9,,,3.39,-0.03,0.92,08/18,聯博全球靈活收益基金EIX穩定月配級別美元基金之配息來源可能為本金
東方匯理基金美元綜合債券U美元(穩定月配息)(本基金之配息來源可能為本金),,境外,1/4,,,-1.75,1.24,-0.94,7.1,10.69,5.74,,3.67,-0.03,1.05,08/18,東方匯理基金美元綜合債券U美元穩定月配息本基金之配息來源可能為本金
東方匯理基金美元綜合債券B美元(本基金之配息來源可能為本金),,境外,1/4,,,-1.75,1.23,-0.94,7.1,10.65,5.7,,3.7,-0.03,1.05,08/18,東方匯理基金美元綜合債券B美元本基金之配息來源可能為本金
東方匯理基金美元綜合債券B美元(月配息)(本基金之配息來源可能為本金),,境外,1/4,,,-1.75,1.24,-0.93,7.1,10.68,5.72,,3.67,-0.03,1.05,08/18,東方匯理基金美元綜合債券B美元月配息本基金之配息來源可能為本金
東方匯理基金美元綜合債券U美元(本基金之配息來源可能為本金),,境外,1/4,,,-1.73,1.25,-0.92,7.1,10.67,5.73,,3.68,-0.03,1.05,08/18,東方匯理基金美元綜合債券U美元本基金之配息來源可能為本金
東方匯理基金美元綜合債券T美元(月配息)(本基金之配息來源可能為本金),,境外,1/4,,,-1.73,1.23,-0.93,7.1,10.65,5.73,,3.67,-0.03,1.05,08/18,東方匯理基金美元綜合債券T美元月配息本基金之配息來源可能為本金
東方匯理基金美元綜合債券U美元(月配息)(本基金之配息來源可能為本金),,境外,1/4,,,-1.74,1.22,-0.94,7.09,10.67,5.75,,3.68,-0.03,1.05,08/18,東方匯理基金美元綜合債券U美元月配息本基金之配息來源可能為本金
東方匯理基金美元綜合債券T美元(本基金之配息來源可能為本金),,境外,1/4,,,-1.75,1.23,-0.94,7.09,10.66,5.71,,3.7,-0.03,1.05,08/18,東方匯理基金美元綜合債券T美元本基金之配息來源可能為本金
PIMCO全球債券基金-機構H級類別美元(原幣曝險)-累積股份(基金之配息來源可能為本金),,境外,1/4,,,-0.74,2.14,-1.46,7.08,15.1,7.73,,5.77,-0.02,1.47,08/18,PIMCO全球債券基金機構H級類別美元原幣曝險累積股份基金之配息來源可能為本金
東方匯理基金美元綜合債券T美元(穩定月配息)(本基金之配息來源可能為本金),,境外,1/4,,,-1.74,1.21,-0.94,7.08,10.66,5.74,,3.68,-0.03,1.05,08/18,東方匯理基金美元綜合債券T美元穩定月配息本基金之配息來源可能為本金
東方匯理基金美元綜合債券B美元(穩定月配息)(本基金之配息來源可能為本金),,境外,1/4,,,-1.75,1.23,-0.93,7.08,10.67,5.72,,3.66,-0.03,1.04,08/18,東方匯理基金美元綜合債券B美元穩定月配息本基金之配息來源可能為本金
瑞銀(盧森堡)歐元基金 INSTITUTIONAL-累積,,境外,1/4,,,0.05,1.12,-0.14,7.07,15.34,24.3,,0.07,8.43,,08/17,瑞銀盧森堡歐元基金INSTITUTIONAL累積
MFS全盛基金系列-MFS全盛多元資產優選成長基金A1(美元),,境外,1/4,,,2.22,6.84,5.51,7.06,29.96,35.04,,8.52,-0.01,0.31,08/18,MFS全盛基金系列MFS全盛多元資產優選成長基金A1美元
瑞銀(盧森堡)美元企業債券基金(美元),,境外,1/4,,,-2.33,0.57,-1.3,7.06,14.18,10.0,,3.99,-0.02,1.14,08/17,瑞銀盧森堡美元企業債券基金美元
高盛基金III - 高盛環球非投資等級債券基金X股對沖級別歐元(本基金主要投資於符合美國RULE 144A規定之私募性質債券),,境外,1/4,,,0.1,1.3,-0.33,7.02,23.14,14.55,,2.47,0.03,0.7,08/18,高盛基金III高盛環球非投資等級債券基金X股對沖級別歐元本基金主要投資於符合美國RULE144A規定之私募性質債券
匯豐環球投資基金-環球債券IC(本基金配息來源可能為本金),,境外,1/4,,,-1.06,1.57,-0.99,7.01,11.84,3.66,,4.75,-0.03,1.23,08/18,匯豐環球投資基金環球債券IC本基金配息來源可能為本金
PIMCO全球債券(美國除外)基金-E級類別(收息股份),,境外,1/4,,,-1.25,2.29,-0.4,7.01,14.08,17.67,,4.01,-0.03,1.0,08/18,PIMCO全球債券美國除外基金E級類別收息股份
M＆G收益優化基金X(美元避險月配後收)F(本基金配息來源可能為本金),,境外,1/4,,,-2.29,1.32,-1.04,7.0,13.24,18.33,,3.99,-0.03,1.02,08/18,M＆G收益優化基金X美元避險月配後收F本基金配息來源可能為本金
瑞銀(盧森堡)歐元基金K-1,,境外,1/4,,,0.05,1.11,-0.17,7.0,15.13,20.81,,0.07,8.15,,08/17,瑞銀盧森堡歐元基金K1
富達基金-美元債券基金(A股累計美元),,境外,1/4,,,-1.88,1.04,-1.21,7.0,10.67,8.74,,3.62,-0.04,1.02,08/18,富達基金美元債券基金A股累計美元
M＆G收益優化基金X(美元避險後收),,境外,1/4,,,-2.28,1.32,-1.06,7.0,13.3,,,4.01,-0.03,1.03,08/18,M＆G收益優化基金X美元避險後收
富達基金-美元債券基金(A股月配息美元),,境外,1/4,,,-1.83,1.06,-1.25,6.99,10.69,8.81,,3.66,-0.04,1.03,08/18,富達基金美元債券基金A股月配息美元
M＆G收益優化基金X(美元避險月配後收)(本基金配息來源可能為本金),,境外,1/4,,,-2.27,1.31,-1.08,6.99,13.22,18.2,,4.01,-0.04,1.03,08/18,M＆G收益優化基金X美元避險月配後收本基金配息來源可能為本金
富達基金-美元債券基金(A股美元),,境外,1/4,,,-1.87,1.04,-1.23,6.97,8.93,7.02,,3.64,-0.04,1.03,08/18,富達基金美元債券基金A股美元
法巴永續高評等企業債券基金/月配B(美元)(基金之配息來源可能為本金),,境外,1/4,,,-1.71,1.28,-0.33,6.97,13.29,8.98,,3.45,-0.04,0.93,08/18,法巴永續高評等企業債券基金/月配B美元基金之配息來源可能為本金
富達基金-美元債券基金(A股C月配息美元)(本基金之配息來源可能為本金),,境外,1/4,,,-1.88,1.02,-1.24,6.96,10.64,8.71,,3.64,-0.04,1.03,08/18,富達基金美元債券基金A股C月配息美元本基金之配息來源可能為本金
貝萊德環球政府債券基金A2美元,,境外,1/4,,,-1.74,1.47,-0.83,6.95,10.13,6.88,,3.33,-0.05,1.71,08/18,貝萊德環球政府債券基金A2美元
貝萊德環球政府債券基金A3美元,,境外,1/4,,,-1.73,1.51,-0.79,6.95,10.13,6.93,,3.31,-0.05,1.7,08/18,貝萊德環球政府債券基金A3美元
富達基金-永續發展全球存股優勢基金(B股C月配息日圓(日圓/美元避險))(本基金之配息來源可能為本金且並無保證收益及配息),,境外,1/4,,,2.71,4.55,-0.05,6.94,,,,10.65,0.21,0.17,08/18,富達基金永續發展全球存股優勢基金B股C月配息日圓日圓/美元避險本基金之配息來源可能為本金且並無保證收益及配息
高盛基金III - 高盛環球非投資等級債券基金X股對沖級別歐元(月配息)(本基金之配息來源可能為本金且本基金主要投資於符合美國RULE 144A規定之私募性質債券),,境外,1/4,,,0.1,1.28,-0.42,6.92,23.44,14.95,,2.47,0.02,0.7,08/18,高盛基金III高盛環球非投資等級債券基金X股對沖級別歐元月配息本基金之配息來源可能為本金且本基金主要投資於符合美國RULE144A規定之私募性質債券
聯博-歐洲收益基金S1級別歐元(本基金有相當比重投資於非投資等級之高風險債券且配息來源可能為本金),,境外,1/4,,,-0.28,1.53,-1.13,6.91,25.13,18.18,,3.3,0.02,0.76,08/18,聯博歐洲收益基金S1級別歐元本基金有相當比重投資於非投資等級之高風險債券且配息來源可能為本金
摩根基金-環球政府債券基金A股(美元對沖)(累計),,境外,1/4,,,-1.8,1.6,-0.86,6.86,9.36,9.1,,3.34,-0.05,0.88,08/18,摩根基金環球政府債券基金A股美元對沖累計
摩根基金-環球企業債券基金F股(美元)(每月派息)(本基金之配息來源可能為本金),,境外,1/4,,,-1.93,0.97,-0.94,6.85,,,,3.5,-0.05,0.95,08/18,摩根基金環球企業債券基金F股美元每月派息本基金之配息來源可能為本金
安聯投資級公司債基金-BMg穩定月收總收益類股(美元)(基金之配息來源可能為本金),,境外,1/4,,,-2.38,0.34,-1.17,6.84,,,,4.01,-0.05,1.09,08/18,安聯投資級公司債基金BMg穩定月收總收益類股美元基金之配息來源可能為本金
安聯投資級公司債基金-BT累積類股(美元),,境外,1/4,,,-2.37,0.34,-1.17,6.83,,,,4.01,-0.05,1.09,08/18,安聯投資級公司債基金BT累積類股美元
安聯投資級公司債基金-BMf2固定月配類股(美元)(基金之配息來源可能為本金),,境外,1/4,,,-2.38,0.35,-1.18,6.82,,,,4.02,-0.05,1.09,08/18,安聯投資級公司債基金BMf2固定月配類股美元基金之配息來源可能為本金
施羅德環球基金系列-環球債券(美元)A-年配浮動(基金之配息來源可能為本金),,境外,1/4,,,-0.97,1.51,-0.98,6.82,11.66,-1.65,,4.32,-0.04,1.11,08/18,施羅德環球基金系列環球債券美元A年配浮動基金之配息來源可能為本金
施羅德環球基金系列-環球債券(美元)A-累積,,境外,1/4,,,-0.97,1.51,-0.98,6.82,11.69,-1.62,,4.32,-0.04,1.11,08/18,施羅德環球基金系列環球債券美元A累積
百達-永續飲食-HR美元,,境外,1/4,,,-0.56,12.57,3.96,6.77,-0.87,,,11.77,-0.0,0.27,08/18,百達永續飲食HR美元
安聯策略信用債券基金-AT累積類股(美元),,境外,1/4,,,-1.59,0.79,-1.35,6.76,17.54,10.07,,3.96,-0.05,1.06,08/18,安聯策略信用債券基金AT累積類股美元
富達基金-全球通膨連結債券基金(Y股累計歐元避險),,境外,1/4,,,0.11,0.45,-0.01,6.75,14.96,13.83,,1.29,0.0,0.11,08/18,富達基金全球通膨連結債券基金Y股累計歐元避險
摩根投資基金-多重收益基金A股(日圓對沖)(每月派息)(本基金有相當比重投資於非投資等級之高風險債券且配息來源可能為本金),,境外,1/4,,,1.94,2.75,1.84,6.74,,,,4.03,0.5,0.37,08/18,摩根投資基金多重收益基金A股日圓對沖每月派息本基金有相當比重投資於非投資等級之高風險債券且配息來源可能為本金
瑞銀(盧森堡)歐元基金,,境外,1/4,,,0.03,1.04,-0.3,6.72,14.24,22.94,,0.07,7.1,,08/17,瑞銀盧森堡歐元基金
柏瑞環球基金-柏瑞環球債券基金A,,境外,1/4,,,-1.6,1.64,-0.51,6.71,8.11,5.84,,3.23,-0.07,0.9,08/18,柏瑞環球基金柏瑞環球債券基金A
貝萊德多元收益成長基金Hedged A6日圓(穩定配息)(基金有相當比重投資於非投資等級之高風險債券且配息來源可能為本金),,境外,1/4,,,2.71,4.09,1.72,6.69,,,,6.36,0.32,0.11,08/18,貝萊德多元收益成長基金HedgedA6日圓穩定配息基金有相當比重投資於非投資等級之高風險債券且配息來源可能為本金
聯博-歐洲收益基金I2級別歐元(本基金有相當比重投資於非投資等級之高風險債券且配息來源可能為本金),,境外,1/4,,,-0.28,1.45,-1.28,6.69,24.37,16.89,,3.31,0.0,0.77,08/18,聯博歐洲收益基金I2級別歐元本基金有相當比重投資於非投資等級之高風險債券且配息來源可能為本金
聯博-歐洲收益基金I2級別美元(本基金有相當比重投資於非投資等級之高風險債券且配息來源可能為本金),,境外,1/4,,,-0.33,1.5,-1.29,6.64,24.26,16.9,,7.13,-0.03,1.45,08/18,聯博歐洲收益基金I2級別美元本基金有相當比重投資於非投資等級之高風險債券且配息來源可能為本金
貝萊德多元收益成長基金Hedged A2日圓(基金有相當比重投資於非投資等級之高風險債券),,境外,1/4,,,2.7,4.11,1.72,6.63,,,,6.28,0.32,0.1,08/18,貝萊德多元收益成長基金HedgedA2日圓基金有相當比重投資於非投資等級之高風險債券
富達基金-富達目標TM基金2025(A股歐元),,境外,1/4,,,0.22,0.84,0.2,6.62,13.35,3.4,,0.13,-0.23,-0.0,08/18,富達基金富達目標TM基金2025A股歐元
路博邁投資基金-NB策略收益基金A月配息類股(歐元)(本基金主要係投資於非投資等級之高風險債券且配息來源可能為本金),,境外,1/4,,,-0.06,0.87,-2.19,6.62,,,,3.41,-0.01,0.93,08/18,路博邁投資基金NB策略收益基金A月配息類股歐元本基金主要係投資於非投資等級之高風險債券且配息來源可能為本金
聯博-短期債券基金I2歐元避險級別(基金之配息來源可能為本金),,境外,1/4,,,0.18,1.17,-0.38,6.58,14.91,16.26,,1.22,-0.03,0.31,08/18,聯博短期債券基金I2歐元避險級別基金之配息來源可能為本金
瑞銀(盧森堡)美元企業債券基金(美元)(月配息)(本基金之配息來源可能為本金),,境外,1/4,,,-2.76,0.1,-1.76,6.57,13.66,9.46,,4.17,-0.05,1.18,08/17,瑞銀盧森堡美元企業債券基金美元月配息本基金之配息來源可能為本金
聯博-永續主題基金E級別美元(基金之配息來源可能為本金),,境外,1/4,,,0.49,2.26,4.94,6.56,19.35,8.5,,13.89,-0.0,1.29,08/18,聯博永續主題基金E級別美元基金之配息來源可能為本金
富達基金-全球通膨連結債券基金(A股累計歐元避險),,境外,1/4,,,0.03,0.37,-0.24,6.54,14.19,12.59,,1.28,-0.04,0.13,08/18,富達基金全球通膨連結債券基金A股累計歐元避險
匯豐環球投資基金-環球債券AD(本基金配息來源可能為本金),,境外,1/4,,,-1.09,1.45,-1.22,6.51,10.26,1.24,,4.75,-0.06,1.23,08/18,匯豐環球投資基金環球債券AD本基金配息來源可能為本金
安聯水資源基金-AT累積類股(美元)(本基金非屬環境、社會及治理(ESG)相關主題基金),,境外,1/4,,,0.33,8.55,-4.49,6.49,23.91,19.68,,13.25,-0.0,0.53,08/18,安聯水資源基金AT累積類股美元本基金非屬環境、社會及治理ESG相關主題基金
法盛盧米斯賽勒斯投資等級債券基金R/D USD,,境外,1/4,,,-1.54,0.59,-1.48,6.48,14.68,6.41,,4.63,-0.05,1.2,08/17,法盛盧米斯賽勒斯投資等級債券基金R/DUSD
法盛盧米斯賽勒斯投資等級債券基金R/A USD,,境外,1/4,,,-1.54,0.59,-1.48,6.48,14.72,6.44,,4.64,-0.05,1.2,08/17,法盛盧米斯賽勒斯投資等級債券基金R/AUSD
百達-精選品牌-R歐元,,境外,1/4,,,-2.44,6.69,-4.54,6.47,12.37,17.2,,16.84,0.02,0.22,08/18,百達精選品牌R歐元
高盛基金III - 高盛投資級公司債基金Y股美元(月配息)(本基金之配息來源可能為本金),,境外,1/4,,,-2.06,0.8,-1.4,6.46,11.66,3.61,,4.25,-0.07,1.19,08/18,高盛基金III高盛投資級公司債基金Y股美元月配息本基金之配息來源可能為本金
百達-精選品牌-R美元,,境外,1/4,,,-2.36,6.83,-4.75,6.45,12.44,17.21,,19.76,0.01,0.43,08/18,百達精選品牌R美元
高盛基金III - 高盛投資級公司債基金Y股美元,,境外,1/4,,,-2.06,0.8,-1.41,6.44,11.65,3.6,,4.25,-0.07,1.19,08/18,高盛基金III高盛投資級公司債基金Y股美元
百達-林木資源-HR澳幣,,境外,1/4,,,-0.01,7.49,-11.17,6.39,0.42,-14.82,,22.97,-0.09,-0.18,08/18,百達林木資源HR澳幣
富達基金-全球債券基金(Y股累計美元),,境外,1/4,,,-1.06,1.27,-1.35,6.38,9.99,1.22,,4.35,-0.07,1.14,08/18,富達基金全球債券基金Y股累計美元
聯博-短期債券基金AT加幣避險級別(基金之配息來源可能為本金),,境外,1/4,,,-0.17,0.6,-0.28,6.37,5.2,9.29,,1.2,-0.12,0.32,08/18,聯博短期債券基金AT加幣避險級別基金之配息來源可能為本金
聯博-短期債券基金AT紐幣避險級別(基金之配息來源可能為本金),,境外,1/4,,,-0.46,1.71,-0.28,6.34,8.61,4.55,,1.22,-0.07,0.31,08/18,聯博短期債券基金AT紐幣避險級別基金之配息來源可能為本金
安盛環球基金-全球綜合債券基金BL DIS「fl」美元(避險)(月配息)(本基金之配息來源可能為本金，且非屬環境、社會及治理相關主題基金),,境外,1/4,,,-1.68,1.59,-0.28,6.34,5.17,,,3.08,-0.11,0.84,08/18,安盛環球基金全球綜合債券基金BLDIS「fl」美元避險月配息本基金之配息來源可能為本金，且非屬環境、社會及治理相關主題基金
安盛環球基金-全球綜合債券基金BL CAP美元(避險)(本基金之配息來源可能為本金，且非屬環境、社會及治理相關主題基金),,境外,1/4,,,-1.67,1.58,-0.27,6.34,7.24,,,3.05,-0.11,0.83,08/18,安盛環球基金全球綜合債券基金BLCAP美元避險本基金之配息來源可能為本金，且非屬環境、社會及治理相關主題基金
東方匯理基金策略收益債券A歐元避險(月配息)(本基金有相當比重投資於非投資等級之高風險債券且配息來源可能為本金),,境外,1/4,,,-0.44,0.48,-2.65,6.33,18.71,5.7,,3.67,-0.03,1.02,08/18,東方匯理基金策略收益債券A歐元避險月配息本基金有相當比重投資於非投資等級之高風險債券且配息來源可能為本金
法巴永續優化波動全球股票基金H(美元),,境外,1/4,,,1.17,9.44,7.34,6.24,29.74,,,10.45,-0.02,0.55,08/18,法巴永續優化波動全球股票基金H美元
施羅德環球基金系列-環球債券(美元)A1-累積,,境外,1/4,,,-1.02,1.37,-1.25,6.24,9.86,-4.29,,4.32,-0.08,1.11,08/18,施羅德環球基金系列環球債券美元A1累積
匯豐環球投資基金-環球高入息債券AM3HEUR(本基金有相當比重投資於非投資等級之高風險債券且配息來源可能為本金，並無保證收益及配息),,境外,1/4,,,-0.49,0.77,-1.71,6.16,21.93,4.64,,2.86,-0.05,0.71,08/18,匯豐環球投資基金環球高入息債券AM3HEUR本基金有相當比重投資於非投資等級之高風險債券且配息來源可能為本金，並無保證收益及配息
聯博-歐洲收益基金AT級別歐元(本基金有相當比重投資於非投資等級之高風險債券且配息來源可能為本金),,境外,1/4,,,-0.41,1.22,-1.5,6.14,22.3,13.77,,3.1,-0.05,0.72,08/18,聯博歐洲收益基金AT級別歐元本基金有相當比重投資於非投資等級之高風險債券且配息來源可能為本金
聯博-歐洲收益基金AT級別美元(本基金有相當比重投資於非投資等級之高風險債券且配息來源可能為本金),,境外,1/4,,,-0.29,1.46,-1.52,6.13,22.34,13.76,,7.22,-0.05,1.48,08/18,聯博歐洲收益基金AT級別美元本基金有相當比重投資於非投資等級之高風險債券且配息來源可能為本金
聯博-歐洲收益基金A2級別美元(本基金有相當比重投資於非投資等級之高風險債券且配息來源可能為本金),,境外,1/4,,,-0.33,1.43,-1.53,6.12,22.32,13.76,,7.16,-0.05,1.46,08/18,聯博歐洲收益基金A2級別美元本基金有相當比重投資於非投資等級之高風險債券且配息來源可能為本金
聯博-歐洲收益基金AA(穩定月配)級別歐元(本基金有相當比重投資於非投資等級之高風險債券且配息來源可能為本金),,境外,1/4,,,-0.32,1.35,-1.55,6.12,22.29,13.77,,3.34,-0.05,0.78,08/18,聯博歐洲收益基金AA穩定月配級別歐元本基金有相當比重投資於非投資等級之高風險債券且配息來源可能為本金
聯博-歐洲收益基金A2級別歐元(本基金有相當比重投資於非投資等級之高風險債券且配息來源可能為本金),,境外,1/4,,,-0.33,1.35,-1.51,6.1,22.33,13.75,,3.32,-0.05,0.77,08/18,聯博歐洲收益基金A2級別歐元本基金有相當比重投資於非投資等級之高風險債券且配息來源可能為本金
施羅德環球基金系列-環球收息債券(歐元避險)A-累積(基金有相當比重投資於非投資等級之高風險債券),,境外,1/4,,,-0.25,0.92,-1.66,6.1,23.67,12.86,,2.57,-0.06,0.66,08/18,施羅德環球基金系列環球收息債券歐元避險A累積基金有相當比重投資於非投資等級之高風險債券
紐約梅隆美國市政基礎建設債券投資基金-歐元H避險配息(基金之配息來源可能為本金),,境外,1/4,,,-1.17,0.61,-4.09,6.09,12.99,-3.51,,4.52,-0.01,1.95,08/17,紐約梅隆美國市政基礎建設債券投資基金歐元H避險配息基金之配息來源可能為本金
紐約梅隆美國市政基礎建設債券投資基金-歐元H避險累積,,境外,1/4,,,-1.17,0.61,-4.1,6.08,12.99,-3.42,,4.53,-0.01,1.95,08/17,紐約梅隆美國市政基礎建設債券投資基金歐元H避險累積
施羅德環球基金系列-策略債券(歐元避險)A-累積(本基金有相當比重投資於非投資等級之高風險債券),,境外,1/4,,,-0.37,1.04,-1.9,6.05,22.16,17.68,,2.86,-0.06,0.05,08/18,施羅德環球基金系列策略債券歐元避險A累積本基金有相當比重投資於非投資等級之高風險債券
施羅德環球基金系列-策略債券(歐元避險)A-季配浮動(本基金有相當比重投資於非投資等級之高風險債券且基金之配息來源可能為本金),,境外,1/4,,,-0.38,1.05,-1.91,6.04,22.1,17.57,,2.86,-0.06,0.05,08/18,施羅德環球基金系列策略債券歐元避險A季配浮動本基金有相當比重投資於非投資等級之高風險債券且基金之配息來源可能為本金
富達基金-全球債券基金(A股美元),,境外,1/4,,,-1.04,1.3,-1.51,6.01,8.8,-0.71,,4.38,-0.09,1.14,08/18,富達基金全球債券基金A股美元
富達基金-全球債券基金(A股累計美元),,境外,1/4,,,-1.06,1.19,-1.55,5.97,8.72,-0.79,,4.34,-0.1,1.14,08/18,富達基金全球債券基金A股累計美元
貝萊德全球通膨連結債券基金Hedged A2歐元,,境外,1/4,,,-0.32,-0.2,-1.47,5.9,11.21,5.35,,1.61,-0.14,0.25,08/18,貝萊德全球通膨連結債券基金HedgedA2歐元
富達基金-美元債券基金(B股C月配息美元)(本基金之配息來源可能為本金),,境外,1/4,,,-1.96,0.77,-1.73,5.89,,,,3.64,-0.12,0.04,08/18,富達基金美元債券基金B股C月配息美元本基金之配息來源可能為本金
聯博-短期債券基金A2歐元避險級別(基金之配息來源可能為本金),,境外,1/4,,,0.18,0.95,-0.73,5.88,12.9,12.84,,1.24,-0.19,0.3,08/18,聯博短期債券基金A2歐元避險級別基金之配息來源可能為本金
施羅德環球基金系列-環球通貨膨脹連繫債券(歐元)A-累積,,境外,1/4,,,-0.63,-0.32,-2.43,5.88,9.16,-10.74,,2.62,-0.09,0.06,08/18,施羅德環球基金系列環球通貨膨脹連繫債券歐元A累積
施羅德環球基金系列-環球通貨膨脹連繫債券(歐元)A-季配浮動(基金之配息來源可能為本金),,境外,1/4,,,-0.63,-0.32,-2.43,5.88,9.15,-10.75,,2.62,-0.09,0.06,08/18,施羅德環球基金系列環球通貨膨脹連繫債券歐元A季配浮動基金之配息來源可能為本金
富達基金-美元債券基金(B股累計美元),,境外,1/4,,,-2.01,0.78,-1.75,5.88,,,,3.71,-0.12,0.04,08/18,富達基金美元債券基金B股累計美元
聯博-短期債券基金AT歐元避險級別(基金之配息來源可能為本金),,境外,1/4,,,0.19,0.97,-0.74,5.87,12.86,12.83,,1.15,-0.2,0.29,08/18,聯博短期債券基金AT歐元避險級別基金之配息來源可能為本金
法盛-盧米斯賽勒斯全球機會債券基金R/A EUR,,境外,1/4,,,-1.18,1.14,-1.91,5.85,8.22,-1.42,,3.11,-0.03,0.39,08/17,法盛盧米斯賽勒斯全球機會債券基金R/AEUR
PIMCO全球投資級別債券基金-E級類別(歐元避險)(累積股份)(基金之配息來源可能為本金),,境外,1/4,,,-0.44,0.97,-2.8,5.83,17.95,0.49,,4.4,-0.05,1.18,08/18,PIMCO全球投資級別債券基金E級類別歐元避險累積股份基金之配息來源可能為本金
法盛-盧米斯賽勒斯全球機會債券基金R/A USD,,境外,1/4,,,-1.15,1.16,-1.58,5.82,8.09,-1.54,,5.32,-0.08,1.32,08/17,法盛盧米斯賽勒斯全球機會債券基金R/AUSD
百達-永續飲食-I美元,,境外,1/4,,,0.75,11.98,1.88,5.79,5.66,-11.77,,13.46,-0.02,0.59,08/18,百達永續飲食I美元
美盛西方資產全球多重策略基金A類股歐元累積型(避險)(本基金有相當比重投資於非投資等級之高風險債券且基金之配息來源可能為本金),,境外,1/4,,,-0.06,0.77,-1.93,5.79,17.61,6.78,,3.03,-0.08,0.75,08/18,美盛西方資產全球多重策略基金A類股歐元累積型避險本基金有相當比重投資於非投資等級之高風險債券且基金之配息來源可能為本金
法盛-盧米斯賽勒斯全球機會債券基金R/D USD,,境外,1/4,,,-1.14,1.14,-1.54,5.77,8.09,-1.53,,5.26,-0.08,1.3,08/17,法盛盧米斯賽勒斯全球機會債券基金R/DUSD
聯博-美國收益基金AT加幣避險級別(本基金有相當比重投資於非投資等級之高風險債券且配息來源可能為本金),,境外,1/4,,,-0.61,0.47,-2.0,5.76,10.26,2.21,,3.93,-0.07,1.05,08/18,聯博美國收益基金AT加幣避險級別本基金有相當比重投資於非投資等級之高風險債券且配息來源可能為本金
法盛-盧米斯賽勒斯全球機會債券基金R/D GBP,,境外,1/4,,,-1.25,1.29,-2.0,5.76,8.16,-1.51,,3.53,-0.12,0.6,08/17,法盛盧米斯賽勒斯全球機會債券基金R/DGBP
聯博-美國收益基金AT紐幣避險級別(本基金有相當比重投資於非投資等級之高風險債券且配息來源可能為本金),,境外,1/4,,,-0.85,1.74,-1.86,5.75,13.44,-2.97,,3.95,-0.06,1.04,08/18,聯博美國收益基金AT紐幣避險級別本基金有相當比重投資於非投資等級之高風險債券且配息來源可能為本金
美盛西方資產全球多重策略基金A類股歐元配息型(M)(避險)(本基金有相當比重投資於非投資等級之高風險債券且基金之配息來源可能為本金),,境外,1/4,,,-0.07,0.74,-1.96,5.72,17.62,6.81,,3.02,-0.09,0.75,08/18,美盛西方資產全球多重策略基金A類股歐元配息型M避險本基金有相當比重投資於非投資等級之高風險債券且基金之配息來源可能為本金
法巴永續優化波動全球股票基金/月配(美元)(基金之配息來源可能為本金),,境外,1/4,,,1.61,8.85,6.15,5.71,27.42,31.4,,10.98,-0.03,0.64,08/18,法巴永續優化波動全球股票基金/月配美元基金之配息來源可能為本金
法巴永續優化波動全球股票基金C(美元),,境外,1/4,,,1.61,8.85,6.15,5.71,27.41,31.39,,10.99,-0.03,0.64,08/18,法巴永續優化波動全球股票基金C美元
法巴永續優化波動全球股票基金/年配(美元)(基金之配息來源可能為本金),,境外,1/4,,,1.61,8.85,6.14,5.7,27.41,31.42,,10.99,-0.03,0.64,08/18,法巴永續優化波動全球股票基金/年配美元基金之配息來源可能為本金
摩根投資基金-多重收益基金F股(日圓對沖)(每月派息)(本基金有相當比重投資於非投資等級之高風險債券且配息來源可能為本金),,境外,1/4,,,1.85,2.49,1.33,5.68,,,,4.02,0.43,0.37,08/18,摩根投資基金多重收益基金F股日圓對沖每月派息本基金有相當比重投資於非投資等級之高風險債券且配息來源可能為本金
法巴永續優化波動全球股票基金C(歐元),,境外,1/4,,,1.56,8.62,6.44,5.62,27.36,31.31,,9.26,-0.02,0.3,08/18,法巴永續優化波動全球股票基金C歐元
法巴永續優化波動全球股票基金/年配(歐元)(基金之配息來源可能為本金),,境外,1/4,,,1.56,8.61,6.42,5.61,27.33,31.3,,9.26,-0.02,0.3,08/18,法巴永續優化波動全球股票基金/年配歐元基金之配息來源可能為本金
貝萊德多元收益成長基金Hedged B2日圓(基金有相當比重投資於非投資等級之高風險債券),,境外,1/4,,,2.63,3.87,1.29,5.61,,,,6.23,0.28,0.1,08/18,貝萊德多元收益成長基金HedgedB2日圓基金有相當比重投資於非投資等級之高風險債券
貝萊德多元收益成長基金Hedged B6日圓(穩定配息)(基金有相當比重投資於非投資等級之高風險債券且配息來源可能為本金),,境外,1/4,,,2.63,3.87,1.3,5.59,,,,6.29,0.27,0.1,08/18,貝萊德多元收益成長基金HedgedB6日圓穩定配息基金有相當比重投資於非投資等級之高風險債券且配息來源可能為本金
施羅德環球基金系列-策略債券(歐元避險)A1-累積(本基金有相當比重投資於非投資等級之高風險債券),,境外,1/4,,,-0.41,0.93,-2.12,5.57,20.54,15.06,,2.86,-0.11,0.72,08/18,施羅德環球基金系列策略債券歐元避險A1累積本基金有相當比重投資於非投資等級之高風險債券
施羅德環球基金系列-策略債券(歐元避險)A1-季配浮動(本基金有相當比重投資於非投資等級之高風險債券且基金之配息來源可能為本金),,境外,1/4,,,-0.42,0.94,-2.12,5.56,20.48,14.98,,2.86,-0.11,0.72,08/18,施羅德環球基金系列策略債券歐元避險A1季配浮動本基金有相當比重投資於非投資等級之高風險債券且基金之配息來源可能為本金
法盛盧米斯賽勒斯投資等級債券基金CT/DM USD,,境外,1/4,,,-1.62,0.33,-1.97,5.41,,,,4.63,-0.11,1.2,08/17,法盛盧米斯賽勒斯投資等級債券基金CT/DMUSD
聯博-短期債券基金I級別美元(基金之配息來源可能為本金),,境外,1/4,,,-1.06,1.41,0.37,5.41,2.14,8.69,,1.36,-0.43,0.36,08/18,聯博短期債券基金I級別美元基金之配息來源可能為本金
百達-精選品牌-B美元,,境外,1/4,,,-2.44,6.56,-5.22,5.39,,,,19.74,-0.0,0.43,08/18,百達精選品牌B美元
聯博-美國收益基金AT歐元避險級別(本基金有相當比重投資於非投資等級之高風險債券且配息來源可能為本金),,境外,1/4,,,-0.19,1.0,-2.36,5.36,18.23,5.2,,3.85,-0.09,1.02,08/18,聯博美國收益基金AT歐元避險級別本基金有相當比重投資於非投資等級之高風險債券且配息來源可能為本金
安聯國際債券基金-A配息類股(歐元),,境外,1/4,,,-1.09,1.04,-1.57,5.32,8.98,-0.3,,3.55,-0.1,0.29,08/18,安聯國際債券基金A配息類股歐元
聯博-短期債券基金IT級別美元(基金之配息來源可能為本金),,境外,1/4,,,-1.15,1.27,0.3,5.31,2.08,8.67,,1.24,-0.5,0.32,08/18,聯博短期債券基金IT級別美元基金之配息來源可能為本金
施羅德環球基金系列-環球通貨膨脹連繫債券(歐元)A1-累積,,境外,1/4,,,-0.67,-0.46,-2.7,5.3,7.37,-13.17,,2.62,-0.15,0.57,08/18,施羅德環球基金系列環球通貨膨脹連繫債券歐元A1累積
施羅德環球基金系列-環球通貨膨脹連繫債券(歐元)A1-季配浮動(基金之配息來源可能為本金),,境外,1/4,,,-0.67,-0.46,-2.7,5.29,7.36,-13.17,,2.62,-0.15,0.57,08/18,施羅德環球基金系列環球通貨膨脹連繫債券歐元A1季配浮動基金之配息來源可能為本金
聯博-全球多元收益基金AD月配日圓避險級別(基金之配息來源可能為本金),,境外,1/4,,,1.88,2.91,0.46,5.29,,,,5.57,0.29,0.51,08/18,聯博全球多元收益基金AD月配日圓避險級別基金之配息來源可能為本金
貝萊德環球企業債券基金Hedged A2歐元,,境外,1/4,,,-0.75,0.05,-2.7,5.27,17.65,2.6,,2.93,-0.13,0.8,08/18,貝萊德環球企業債券基金HedgedA2歐元
聯博-美國收益基金A2歐元避險級別(本基金有相當比重投資於非投資等級之高風險債券且配息來源可能為本金),,境外,1/4,,,-0.26,0.9,-2.38,5.27,18.18,5.1,,3.82,-0.1,1.01,08/18,聯博美國收益基金A2歐元避險級別本基金有相當比重投資於非投資等級之高風險債券且配息來源可能為本金
安聯綠色債券基金-IT累積類股(歐元),,境外,1/4,,,-0.42,0.89,-2.22,5.19,16.13,-4.24,,2.93,-0.14,0.66,08/18,安聯綠色債券基金IT累積類股歐元
M＆G收益優化基金A(歐元),,境外,1/4,,,-1.17,0.43,-3.19,5.16,17.58,11.43,,4.0,-0.1,1.02,08/18,M＆G收益優化基金A歐元
施羅德環球基金系列-環球企業債券(歐元避險)A-累積,,境外,1/4,,,-0.81,0.01,-2.65,5.12,18.32,2.71,,3.26,-0.13,0.87,08/18,施羅德環球基金系列環球企業債券歐元避險A累積
貝萊德世界債券基金Hedged A2歐元,,境外,1/4,,,-0.52,0.48,-2.76,4.89,13.71,-0.57,,3.09,-0.16,0.84,08/18,貝萊德世界債券基金HedgedA2歐元
全球水資源指數PIO.US,,境外,1/4,,,-1.22,3.24,-5.74,4.88,30.97,27.64,,17.19,-0.02,1.24,08/18,全球水資源指數PIO.US
PIMCO全球債券基金-E級類別(歐元避險)(累積股份)(基金之配息來源可能為本金),,境外,1/4,,,-0.31,1.09,-3.26,4.72,15.1,3.26,,4.37,-0.12,1.15,08/18,PIMCO全球債券基金E級類別歐元避險累積股份基金之配息來源可能為本金
摩根士丹利環球機會基金AH(歐元避險),,境外,1/4,,,2.21,5.46,6.69,4.71,69.29,22.15,,15.18,-0.02,1.1,08/18,摩根士丹利環球機會基金AH歐元避險
法巴永續優化波動全球股票基金/月配B(美元)(基金之配息來源可能為本金),,境外,1/4,,,1.52,8.57,5.63,4.69,23.64,25.07,,10.99,-0.06,0.64,08/18,法巴永續優化波動全球股票基金/月配B美元基金之配息來源可能為本金
法巴永續優化波動全球股票基金B(美元),,境外,1/4,,,1.53,8.58,5.64,4.67,23.69,25.09,,10.98,-0.06,0.64,08/18,法巴永續優化波動全球股票基金B美元
施羅德環球基金系列-環球企業債券(歐元避險)A1-累積,,境外,1/4,,,-0.85,-0.11,-2.87,4.66,16.74,0.43,,3.25,-0.17,0.87,08/18,施羅德環球基金系列環球企業債券歐元避險A1累積
安聯綠色債券基金-AT累積類股(歐元),,境外,1/4,,,-0.47,0.75,-2.47,4.64,14.3,-6.75,,2.92,-0.19,0.66,08/18,安聯綠色債券基金AT累積類股歐元
安盛環球基金-全球綜合債券基金A CAP歐元(本基金之配息來源可能為本金，且非屬環境、社會及治理相關主題基金),,境外,1/4,,,-0.55,0.74,-2.36,4.6,11.26,-1.34,,3.07,-0.19,0.83,08/18,安盛環球基金全球綜合債券基金ACAP歐元本基金之配息來源可能為本金，且非屬環境、社會及治理相關主題基金
景順環球高評級企業債券基金E-月配息(歐元對沖)股歐元(基金之配息來源可能為本金),,境外,1/4,,,-0.79,0.34,-3.06,4.56,18.51,0.73,,3.06,-0.19,0.82,08/18,景順環球高評級企業債券基金E月配息歐元對沖股歐元基金之配息來源可能為本金
匯豐環球投資基金-氣候轉型環球企業債券ACHEUR(本基金配息來源可能為本金),,境外,1/4,,,-0.83,0.16,-3.18,4.38,16.35,1.68,,3.76,-0.17,1.03,08/18,匯豐環球投資基金氣候轉型環球企業債券ACHEUR本基金配息來源可能為本金
高盛基金III - 高盛全球機會股票基金X股美元,,境外,1/4,,,2.09,4.06,3.18,4.31,17.16,-7.77,,11.19,-0.07,0.99,08/18,高盛基金III高盛全球機會股票基金X股美元
聯博-全球多元收益基金ED月配日圓避險級別(基金之配息來源可能為本金),,境外,1/4,,,1.8,2.66,-0.01,4.31,,,,5.55,0.25,0.51,08/18,聯博全球多元收益基金ED月配日圓避險級別基金之配息來源可能為本金
景順多元收益成長基金A-穩定月配息(日圓對沖)股日圓(基金之配息來源可能為本金),,境外,1/4,,,1.55,4.13,-0.58,4.28,,,,5.89,0.23,0.45,08/18,景順多元收益成長基金A穩定月配息日圓對沖股日圓基金之配息來源可能為本金
瑞萬通博基金-綠色債券基金AM(美元月配)(本基金配息來源可能為本金),,境外,1/4,,,-0.5,0.98,-3.08,4.26,12.88,-6.16,,7.67,-0.1,1.73,08/17,瑞萬通博基金綠色債券基金AM美元月配本基金配息來源可能為本金
高盛基金III - 高盛全球機會股票基金X股歐元,,境外,1/4,,,2.04,3.83,3.44,4.21,17.09,-7.86,,9.1,-0.06,0.64,08/18,高盛基金III高盛全球機會股票基金X股歐元
瑞萬通博基金-綠色債券基金B(歐元),,境外,1/4,,,-0.53,1.07,-3.27,4.2,14.19,-4.37,,3.42,-0.16,0.8,08/17,瑞萬通博基金綠色債券基金B歐元
百達-永續飲食-R歐元,,境外,1/4,,,0.53,11.39,1.3,4.14,0.65,-18.56,,11.82,-0.04,0.26,08/18,百達永續飲食R歐元
百達-永續飲食-R美元,,境外,1/4,,,0.62,11.53,1.08,4.12,0.72,-18.56,,13.45,-0.05,0.59,08/18,百達永續飲食R美元
MFS全盛基金系列-MFS全盛多元資產優選成長基金AH1(歐元避險),,境外,1/4,,,3.28,5.58,2.68,4.11,30.37,19.94,,8.6,-0.07,0.32,08/18,MFS全盛基金系列MFS全盛多元資產優選成長基金AH1歐元避險
貝萊德環球政府債券基金Hedged A3歐元,,境外,1/4,,,-0.73,0.34,-3.45,4.0,10.67,-4.45,,3.29,-0.22,1.69,08/18,貝萊德環球政府債券基金HedgedA3歐元
貝萊德環球政府債券基金Hedged A2歐元,,境外,1/4,,,-0.7,0.31,-3.5,4.0,10.65,-4.42,,3.3,-0.22,1.71,08/18,貝萊德環球政府債券基金HedgedA2歐元
貝萊德環球政府債券基金C3美元,,境外,1/4,,,-2.06,0.73,-2.24,3.94,1.48,-2.72,,3.33,-0.3,1.69,08/18,貝萊德環球政府債券基金C3美元
聯博-優化波動總回報基金AD月配級別美元(基金之配息來源可能為本金),,境外,1/4,,,-0.14,2.58,2.82,2.93,6.03,26.56,,4.07,-0.31,-0.06,08/18,聯博優化波動總回報基金AD月配級別美元基金之配息來源可能為本金
聯博-優化波動總回報基金A級別美元(基金之配息來源可能為本金),,境外,1/4,,,-0.19,2.62,2.84,2.93,5.99,26.46,,4.13,-0.3,-0.06,08/18,聯博優化波動總回報基金A級別美元基金之配息來源可能為本金
聯博-美國收益基金AA(穩定月配)部分利率避險級別(本基金有相當比重投資於非投資等級之高風險債券且配息來源可能為本金),,境外,1/4,,,-1.25,0.39,-0.07,2.89,-2.27,2.06,,1.79,-0.72,0.14,08/18,聯博美國收益基金AA穩定月配部分利率避險級別本基金有相當比重投資於非投資等級之高風險債券且配息來源可能為本金
聯博-優化波動股票基金AP(總報酬月配)日圓避險級別(基金之配息來源可能為本金),,境外,1/4,,,3.69,4.18,4.13,2.89,,,,9.08,0.11,0.71,08/18,聯博優化波動股票基金AP總報酬月配日圓避險級別基金之配息來源可能為本金
百達-水資源-HR美元,,境外,1/4,,,-2.99,6.11,-3.93,2.73,15.24,23.67,,12.8,-0.09,0.56,08/18,百達水資源HR美元
貝萊德環球政府債券基金Hedged C2歐元,,境外,1/4,,,-0.8,0.04,-4.03,2.73,6.61,-10.2,,3.27,-0.33,1.69,08/18,貝萊德環球政府債券基金HedgedC2歐元
聯博-優化波動股票基金EP(總報酬月配)日圓避險級別(基金之配息來源可能為本金),,境外,1/4,,,3.63,3.93,3.66,1.95,,,,9.08,0.08,0.71,08/18,聯博優化波動股票基金EP總報酬月配日圓避險級別基金之配息來源可能為本金
聯博-歐洲收益基金I級別歐元(本基金有相當比重投資於非投資等級之高風險債券且配息來源可能為本金),,境外,1/4,,,-0.58,0.35,-3.54,1.86,8.38,-6.63,,3.16,-0.42,0.73,08/18,聯博歐洲收益基金I級別歐元本基金有相當比重投資於非投資等級之高風險債券且配息來源可能為本金
聯博-美國收益基金I級別美元(本基金有相當比重投資於非投資等級之高風險債券且配息來源可能為本金),,境外,1/4,,,-1.7,0.45,-2.78,1.66,-2.68,-12.89,,3.76,-0.43,0.99,08/18,聯博美國收益基金I級別美元本基金有相當比重投資於非投資等級之高風險債券且配息來源可能為本金
安盛環球基金-數位經濟基金I CAP美元,,境外,1/4,,,5.35,12.72,21.02,1.66,39.05,15.64,,18.96,-0.06,0.52,08/18,安盛環球基金數位經濟基金ICAP美元
百達-水資源-I美元,,境外,1/4,,,-1.74,5.51,-5.94,1.63,22.87,21.89,,14.94,-0.09,0.88,08/18,百達水資源I美元
富蘭克林坦伯頓全球投資系列吉富世界基金歐元A(acc)(本基金非屬環境、社會及治理相關主題基金),,境外,1/4,,,2.18,5.3,4.6,1.62,14.95,3.68,,13.73,-0.08,0.83,08/18,富蘭克林坦伯頓全球投資系列吉富世界基金歐元Aacc本基金非屬環境、社會及治理相關主題基金
富蘭克林坦伯頓全球投資系列吉富世界基金美元A(acc)(本基金非屬環境、社會及治理相關主題基金),,境外,1/4,,,2.16,5.37,4.61,1.61,14.94,3.7,,15.23,-0.09,1.17,08/18,富蘭克林坦伯頓全球投資系列吉富世界基金美元Aacc本基金非屬環境、社會及治理相關主題基金
摩根士丹利環球遠見基金A(美元),,境外,1/4,,,0.38,4.0,5.91,1.49,99.91,-0.75,,23.52,-0.04,1.14,08/18,摩根士丹利環球遠見基金A美元
首源投資環球傘型基金-首源全球債券基金第一類股(美元-累積),,境外,1/4,,,-2.07,0.26,-5.03,1.06,-3.61,-14.56,,6.69,-0.26,1.77,08/18,首源投資環球傘型基金首源全球債券基金第一類股美元累積
安盛環球基金-數位經濟基金A CAP美元,,境外,1/4,,,5.26,12.44,20.43,0.66,35.0,10.06,,18.94,-0.08,0.52,08/18,安盛環球基金數位經濟基金ACAP美元
百達-全球非投資等級債-HR日圓月配息(基金之配息來源可能為本金),,境外,1/4,,,0.35,0.83,-1.87,0.34,,,,2.63,0.08,0.51,08/18,百達全球非投資等級債HR日圓月配息基金之配息來源可能為本金
百達-水資源-R歐元,,境外,1/4,,,-1.96,4.95,-6.48,0.04,17.04,12.51,,12.81,-0.13,0.55,08/18,百達水資源R歐元
百達-水資源-R美元,,境外,1/4,,,-1.88,5.09,-6.69,0.01,17.11,12.52,,14.92,-0.12,0.88,08/18,百達水資源R美元
百達-林木資源-I美元,,境外,1/4,,,-1.34,9.18,-10.92,-0.3,-0.77,2.89,,22.97,-0.06,-0.19,08/18,百達林木資源I美元
安盛環球基金-數位經濟基金BL CAP美元,,境外,1/4,,,5.17,12.15,19.82,-0.38,,,,18.93,-0.09,0.52,08/18,安盛環球基金數位經濟基金BLCAP美元
貝萊德環球非投資等級債券基金Hedged A6日圓(穩定配息)(基金主要投資於符合美國Rule 144A規定之私募性質債券且配息來源可能為本金),,境外,1/4,,,0.73,1.32,-1.79,-0.45,,,,2.76,-0.01,0.75,08/18,貝萊德環球非投資等級債券基金HedgedA6日圓穩定配息基金主要投資於符合美國Rule144A規定之私募性質債券且配息來源可能為本金
法巴消費創新股票基金C(美元),,境外,1/4,,,-0.16,5.11,-1.78,-0.5,23.24,8.0,,16.24,-0.12,0.78,08/18,法巴消費創新股票基金C美元
法巴消費創新股票基金/年配(歐元)(基金之配息來源可能為本金),,境外,1/4,,,-0.21,4.89,-1.54,-0.6,23.16,7.89,,13.49,-0.13,0.59,08/18,法巴消費創新股票基金/年配歐元基金之配息來源可能為本金
百達-長壽樂活-I美元(本基金非屬環境、社會及治理相關主題基金),,境外,1/4,,,6.18,15.19,8.38,-0.63,0.79,-3.3,,17.52,-0.11,0.74,08/18,百達長壽樂活I美元本基金非屬環境、社會及治理相關主題基金
野村基金(愛爾蘭系列)-全球多元收益債券基金(TD日圓避險類股)(本基金之配息來源可能為本金且有相當比重投資於非投資等級之高風險債券且並無保證收益及配息),,境外,1/4,,,0.61,1.63,-3.81,-0.8,,,,3.71,-0.03,0.88,08/18,野村基金愛爾蘭系列全球多元收益債券基金TD日圓避險類股本基金之配息來源可能為本金且有相當比重投資於非投資等級之高風險債券且並無保證收益及配息
瑞銀(盧森堡)歐元非投資等級債券基金(歐元)(日圓避險)(月配息)(本基金之配息來源可能為本金),,境外,1/4,,,0.32,1.2,-2.84,-0.8,4.18,-15.37,,2.19,0.0,0.51,08/17,瑞銀盧森堡歐元非投資等級債券基金歐元日圓避險月配息本基金之配息來源可能為本金
富達基金-全球優質債券基金(A股C月配息日圓避險)(本基金有相當比重投資於非投資等級之高風險債券且配息來源可能為本金),,境外,1/4,,,0.49,1.36,-3.14,-1.3,,,,2.78,-0.1,0.04,08/18,富達基金全球優質債券基金A股C月配息日圓避險本基金有相當比重投資於非投資等級之高風險債券且配息來源可能為本金
法巴消費創新股票基金B(美元),,境外,1/4,,,-0.25,4.84,-2.27,-1.5,19.59,,,16.23,-0.14,0.78,08/18,法巴消費創新股票基金B美元
摩根士丹利環球遠見基金AH(歐元避險),,境外,1/4,,,1.38,2.6,2.68,-1.66,99.37,-14.82,,23.35,-0.07,1.13,08/18,摩根士丹利環球遠見基金AH歐元避險
野村基金(愛爾蘭系列)-全球多元收益債券基金(BD日圓避險類股)(本基金之配息來源可能為本金且有相當比重投資於非投資等級之高風險債券且並無保證收益及配息),,境外,1/4,,,0.54,1.36,-4.31,-1.72,,,,3.73,-0.1,0.89,08/18,野村基金愛爾蘭系列全球多元收益債券基金BD日圓避險類股本基金之配息來源可能為本金且有相當比重投資於非投資等級之高風險債券且並無保證收益及配息
百達-林木資源-R歐元,,境外,1/4,,,-1.56,8.61,-11.42,-1.86,-5.48,-5.02,,20.8,-0.09,-0.19,08/18,百達林木資源R歐元
百達-林木資源-R美元,,境外,1/4,,,-1.48,8.75,-11.62,-1.89,-5.42,-5.01,,22.94,-0.08,-0.19,08/18,百達林木資源R美元
高盛基金III - 高盛環球社會影響力基金X股美元,,境外,1/4,,,2.14,7.65,3.07,-2.01,15.54,-6.15,,11.9,-0.21,0.25,08/18,高盛基金III高盛環球社會影響力基金X股美元
高盛基金III - 高盛環球社會影響力基金X股美元(月配息)(本基金之配息來源可能為本金),,境外,1/4,,,2.14,7.65,3.07,-2.02,,,,11.9,-0.21,-0.04,08/18,高盛基金III高盛環球社會影響力基金X股美元月配息本基金之配息來源可能為本金
路博邁投資基金-NB策略收益基金A月配息類股(日圓)(本基金主要係投資於非投資等級之高風險債券且配息來源可能為本金),,境外,1/4,,,0.33,0.71,-4.1,-2.05,,,,3.24,-0.15,0.89,08/18,路博邁投資基金NB策略收益基金A月配息類股日圓本基金主要係投資於非投資等級之高風險債券且配息來源可能為本金
高盛基金III - 高盛環球社會影響力基金X股歐元,,境外,1/4,,,2.09,7.42,3.34,-2.11,15.46,-6.22,,9.87,-0.24,0.16,08/18,高盛基金III高盛環球社會影響力基金X股歐元
富蘭克林坦伯頓全球投資系列精選收益基金日圓避險A(Mdis)-H1(本基金有相當比重投資於非投資等級之高風險債券且基金之配息來源可能為本金),,境外,1/4,,,0.37,0.77,-3.28,-2.13,,,,2.64,-0.19,0.66,08/18,富蘭克林坦伯頓全球投資系列精選收益基金日圓避險AMdisH1本基金有相當比重投資於非投資等級之高風險債券且基金之配息來源可能為本金
百達-長壽樂活-R歐元(本基金非屬環境、社會及治理相關主題基金),,境外,1/4,,,5.95,14.59,7.77,-2.18,-3.99,-10.71,,17.18,-0.12,0.54,08/18,百達長壽樂活R歐元本基金非屬環境、社會及治理相關主題基金
百達-長壽樂活-R美元(本基金非屬環境、社會及治理相關主題基金),,境外,1/4,,,6.04,14.73,7.53,-2.2,-3.93,-10.7,,17.5,-0.13,0.74,08/18,百達長壽樂活R美元本基金非屬環境、社會及治理相關主題基金
匯豐環球投資基金-環球高入息債券AM3HJPY(本基金有相當比重投資於非投資等級之高風險債券且配息來源可能為本金，並無保證收益及配息),,境外,1/4,,,-0.03,0.67,-3.58,-2.31,,,,2.87,-0.2,0.71,08/18,匯豐環球投資基金環球高入息債券AM3HJPY本基金有相當比重投資於非投資等級之高風險債券且配息來源可能為本金，並無保證收益及配息
富達基金-全球優質債券基金(B股C月配息日圓避險)(本基金有相當比重投資於非投資等級之高風險債券且配息來源可能為本金),,境外,1/4,,,0.35,1.05,-3.67,-2.41,,,,2.78,-0.21,0.04,08/18,富達基金全球優質債券基金B股C月配息日圓避險本基金有相當比重投資於非投資等級之高風險債券且配息來源可能為本金
高盛基金III - 高盛環球社會影響力基金Y股美元,,境外,1/4,,,2.05,7.38,2.56,-2.99,,,,11.89,-0.23,-0.04,08/18,高盛基金III高盛環球社會影響力基金Y股美元
聯博-美國收益基金AA(穩定月配)日圓避險級別(本基金有相當比重投資於非投資等級之高風險債券且配息來源可能為本金),,境外,1/4,,,0.21,0.79,-4.26,-3.09,,,,3.84,-0.2,1.01,08/18,聯博美國收益基金AA穩定月配日圓避險級別本基金有相當比重投資於非投資等級之高風險債券且配息來源可能為本金
貝萊德環球企業債券基金Hedged A6日圓(穩定配息)(基金之配息來源可能為本金),,境外,1/4,,,-0.3,-0.07,-4.61,-3.1,,,,3.01,-0.26,0.82,08/18,貝萊德環球企業債券基金HedgedA6日圓穩定配息基金之配息來源可能為本金
高盛基金-高盛全球投資級信用債券基金(避險)A股(穩定收益月配息)日圓避險(本基金之配息來源可能為本金),,境外,1/4,,,-0.22,0.23,-4.49,-3.16,,,,3.37,-0.24,0.92,08/18,高盛基金高盛全球投資級信用債券基金避險A股穩定收益月配息日圓避險本基金之配息來源可能為本金
高盛基金-高盛全球投資級信用債券基金(避險)A股(累積)日圓避險(本基金之配息來源可能為本金),,境外,1/4,,,-0.22,0.23,-4.5,-3.16,,,,3.37,-0.24,0.92,08/18,高盛基金高盛全球投資級信用債券基金避險A股累積日圓避險本基金之配息來源可能為本金
貝萊德環球企業債券基金Hedged B6日圓(穩定配息)(基金之配息來源可能為本金),,境外,1/4,,,-0.35,-0.3,-4.97,-4.02,,,,2.89,-0.37,0.78,08/18,貝萊德環球企業債券基金HedgedB6日圓穩定配息基金之配息來源可能為本金
富達基金-美元債券基金(A股C月配息日圓避險)(本基金之配息來源可能為本金),,境外,1/4,,,-0.4,-0.27,-5.75,-4.4,,,,3.53,-0.34,0.03,08/18,富達基金美元債券基金A股C月配息日圓避險本基金之配息來源可能為本金
瑞銀(盧森堡)美元企業債券基金(美元)(日圓避險)(月配息)(本基金之配息來源可能為本金),,境外,1/4,,,-1.07,-0.9,-6.83,-4.76,,,,3.98,-0.29,1.13,08/17,瑞銀盧森堡美元企業債券基金美元日圓避險月配息本基金之配息來源可能為本金
高盛基金III - 高盛邊境市場債券基金Y股美元(本基金主要係投資於非投資等級之高風險債券),,境外,1/4,,,-1.36,3.02,2.89,-4.93,,5.62,,20.37,-0.14,0.43,08/18,高盛基金III高盛邊境市場債券基金Y股美元本基金主要係投資於非投資等級之高風險債券
百達-長壽樂活-HR歐元(本基金非屬環境、社會及治理相關主題基金),,境外,1/4,,,7.13,13.31,4.44,-5.17,-4.28,-21.74,,17.46,-0.17,0.74,08/18,百達長壽樂活HR歐元本基金非屬環境、社會及治理相關主題基金
摩根士丹利環球品牌基金A(美元),,境外,1/4,,,2.49,4.41,3.93,-5.3,6.84,16.3,,12.2,-0.28,0.42,08/18,摩根士丹利環球品牌基金A美元
富達基金-美元債券基金(B股C月配息日圓避險)(本基金之配息來源可能為本金),,境外,1/4,,,-0.47,-0.5,-6.19,-5.33,,,,3.5,-0.42,0.03,08/18,富達基金美元債券基金B股C月配息日圓避險本基金之配息來源可能為本金
安聯寵物新經濟基金-AT累積類股(歐元),,境外,1/4,,,0.87,9.6,-6.8,-6.41,-11.26,-23.11,,13.52,-0.26,-0.1,08/18,安聯寵物新經濟基金AT累積類股歐元
安聯寵物新經濟基金-AT累積類股(美元),,境外,1/4,,,0.85,9.78,-7.2,-6.48,-11.2,-23.07,,14.38,-0.26,0.22,08/18,安聯寵物新經濟基金AT累積類股美元
法盛訂閱經濟基金R/A USD,,境外,1/4,,,2.76,5.18,8.85,-6.92,15.55,-0.86,,14.27,-0.27,0.4,08/18,法盛訂閱經濟基金R/AUSD
法盛盧米斯賽勒斯投資等級債券基金R/DM USD,,境外,1/4,,,-1.55,0.58,-1.48,,14.7,,,,,,08/17,法盛盧米斯賽勒斯投資等級債券基金R/DMUSD
法盛漢瑞斯全球股票基金CT/A USD,,境外,1/4,,,3.51,9.42,5.94,,,,,,,,08/17,法盛漢瑞斯全球股票基金CT/AUSD
瀚亞投資-全球科技股票基金C(美元),,境外,1/4,,,3.4,4.3,26.74,,,,,,,,08/18,瀚亞投資全球科技股票基金C美元
瀚亞投資-全球價值股票基金T3dmc1(美元後收穩定月配)(本基金配息來源可能為本金),,境外,1/4,,,2.63,,,,,,,,,,08/18,瀚亞投資全球價值股票基金T3dmc1美元後收穩定月配本基金配息來源可能為本金
匯豐環球投資基金-環球基建股票IC(本基金配息來源可能為本金),,境外,1/4,,,-2.02,,,,,,,,,,08/18,匯豐環球投資基金環球基建股票IC本基金配息來源可能為本金
匯豐環球投資基金-環球非投資等級債券A穩定月配息美元(本基金配息來源可能為本金),,境外,1/4,,,-0.8,,,,,,,,,,08/18,匯豐環球投資基金環球非投資等級債券A穩定月配息美元本基金配息來源可能為本金
富達基金-永續發展全球存股優勢基金(B股C月配息澳幣避險)(本基金之配息來源可能為本金且並無保證收益及配息),,境外,1/4,,,1.91,5.52,7.71,,,,,,,,08/18,富達基金永續發展全球存股優勢基金B股C月配息澳幣避險本基金之配息來源可能為本金且並無保證收益及配息
富達基金-永續發展全球存股優勢基金(A股累計日圓(日圓/美元避險))(本基金並無保證收益及配息),,境外,1/4,,,2.81,4.74,0.24,,,,,,,,08/18,富達基金永續發展全球存股優勢基金A股累計日圓日圓/美元避險本基金並無保證收益及配息
富達基金-全球優質債券基金(A股C月配息歐元)(本基金有相當比重投資於非投資等級之高風險債券且配息來源可能為本金),,境外,1/4,,,-1.06,2.49,1.59,,,,,,,,08/18,富達基金全球優質債券基金A股C月配息歐元本基金有相當比重投資於非投資等級之高風險債券且配息來源可能為本金
富達基金-全球優質債券基金(B股C月配息歐元)(本基金有相當比重投資於非投資等級之高風險債券且配息來源可能為本金),,境外,1/4,,,-1.15,2.25,1.12,,,,,,,,08/18,富達基金全球優質債券基金B股C月配息歐元本基金有相當比重投資於非投資等級之高風險債券且配息來源可能為本金
富達基金-永續發展全球存股優勢基金(A股C月配息歐元)(本基金之配息來源可能為本金且並無保證收益及配息),,境外,1/4,,,1.35,6.13,5.38,,,,,,,,08/18,富達基金永續發展全球存股優勢基金A股C月配息歐元本基金之配息來源可能為本金且並無保證收益及配息
富達基金-永續發展全球存股優勢基金(B股C月配息歐元)(本基金之配息來源可能為本金且並無保證收益及配息),,境外,1/4,,,1.26,5.85,4.89,,,,,,,,08/18,富達基金永續發展全球存股優勢基金B股C月配息歐元本基金之配息來源可能為本金且並無保證收益及配息
富達基金-全球優質債券基金(B股C月配息澳幣避險)(本基金有相當比重投資於非投資等級之高風險債券且配息來源可能為本金),,境外,1/4,,,0.4,1.34,1.76,,,,,,,,08/18,富達基金全球優質債券基金B股C月配息澳幣避險本基金有相當比重投資於非投資等級之高風險債券且配息來源可能為本金
富達基金-全球優質債券基金(A股累計日圓避險)(本基金有相當比重投資於非投資等級之高風險債券),,境外,1/4,,,0.49,1.38,-3.11,,,,,,,,08/18,富達基金全球優質債券基金A股累計日圓避險本基金有相當比重投資於非投資等級之高風險債券
富達基金-全球優質債券基金(Y股累計美元)(本基金有相當比重投資於非投資等級之高風險債券),,境外,1/4,,,-0.87,2.85,1.79,,,,,,,,08/18,富達基金全球優質債券基金Y股累計美元本基金有相當比重投資於非投資等級之高風險債券
富達基金-全球多元收益基金(A股C月配息日圓(日圓/美元避險))(本基金有相當比重投資於非投資等級之高風險債券且配息來源可能為本金),,境外,1/4,,,3.23,2.27,1.26,,,,,,,,08/18,富達基金全球多元收益基金A股C月配息日圓日圓/美元避險本基金有相當比重投資於非投資等級之高風險債券且配息來源可能為本金
富達基金-全球多元收益基金(A股C月配息美元)(本基金有相當比重投資於非投資等級之高風險債券且配息來源可能為本金),,境外,1/4,,,1.73,3.62,6.14,,,,,,,,08/18,富達基金全球多元收益基金A股C月配息美元本基金有相當比重投資於非投資等級之高風險債券且配息來源可能為本金
富達基金-全球多元收益基金(A股累計日圓(日圓/美元避險)),,境外,1/4,,,3.25,2.45,1.34,,,,,,,,08/18,富達基金全球多元收益基金A股累計日圓日圓/美元避險
富達基金-全球多元收益基金(A股累計美元),,境外,1/4,,,1.73,3.64,6.14,,,,,,,,08/18,富達基金全球多元收益基金A股累計美元
富達基金-全球多元收益基金(B股C月配息日圓(日圓/美元避險))(本基金有相當比重投資於非投資等級之高風險債券且配息來源可能為本金),,境外,1/4,,,3.24,2.17,0.87,,,,,,,,08/18,富達基金全球多元收益基金B股C月配息日圓日圓/美元避險本基金有相當比重投資於非投資等級之高風險債券且配息來源可能為本金
富達基金-全球多元收益基金(B股C月配息美元)(本基金有相當比重投資於非投資等級之高風險債券且配息來源可能為本金),,境外,1/4,,,1.64,3.42,5.64,,,,,,,,08/18,富達基金全球多元收益基金B股C月配息美元本基金有相當比重投資於非投資等級之高風險債券且配息來源可能為本金
摩根士丹利環球品牌基金AYM穩定月配息(美元)(本基金之配息來源可能為本金),,境外,1/4,,,2.5,4.42,3.99,,,,,,,,08/18,摩根士丹利環球品牌基金AYM穩定月配息美元本基金之配息來源可能為本金
摩根士丹利環球品牌基金B2YM穩定月配息(美元)(本基金之配息來源可能為本金),,境外,1/4,,,2.38,4.18,3.46,,,,,,,,08/18,摩根士丹利環球品牌基金B2YM穩定月配息美元本基金之配息來源可能為本金
M＆G環球股息基金A(美元月配)F(本基金配息來源可能為本金且並無保證收益及配息),,境外,1/4,,,2.17,6.92,5.21,,,,,,,,08/18,M＆G環球股息基金A美元月配F本基金配息來源可能為本金且並無保證收益及配息
M＆G環球股息基金X(美元月配後收)F(本基金配息來源可能為本金且並無保證收益及配息),,境外,1/4,,,2.08,6.65,4.69,,,,,,,,08/18,M＆G環球股息基金X美元月配後收F本基金配息來源可能為本金且並無保證收益及配息
M＆G ESG巴黎協議全球永續股票基金X(美元後收),,境外,1/4,,,1.1,6.18,6.67,,,,,,,,08/18,M＆GESG巴黎協議全球永續股票基金X美元後收
路博邁投資基金-NB策略收益基金E累積類股(美元)(本基金主要係投資於非投資等級之高風險債券且配息來源可能為本金),,境外,1/4,,,-1.26,1.78,-0.01,,,,,,,,08/18,路博邁投資基金NB策略收益基金E累積類股美元本基金主要係投資於非投資等級之高風險債券且配息來源可能為本金
野村基金(愛爾蘭系列)-混合資本公司債券基金(B美元避險類股)(本基金之配息來源可能為本金且有相當比重投資於非投資等級之高風險債券),,境外,1/4,,,-1.34,,,,,,,,,,08/18,野村基金愛爾蘭系列混合資本公司債券基金B美元避險類股本基金之配息來源可能為本金且有相當比重投資於非投資等級之高風險債券
野村基金(愛爾蘭系列)-混合資本公司債券基金(B日圓避險類股)(本基金之配息來源可能為本金且有相當比重投資於非投資等級之高風險債券),,境外,1/4,,,0.16,,,,,,,,,,08/18,野村基金愛爾蘭系列混合資本公司債券基金B日圓避險類股本基金之配息來源可能為本金且有相當比重投資於非投資等級之高風險債券
野村基金(愛爾蘭系列)-混合資本公司債券基金(BD美元避險類股)(本基金之配息來源可能為本金且有相當比重投資於非投資等級之高風險債券),,境外,1/4,,,-1.34,,,,,,,,,,08/18,野村基金愛爾蘭系列混合資本公司債券基金BD美元避險類股本基金之配息來源可能為本金且有相當比重投資於非投資等級之高風險債券
野村基金(愛爾蘭系列)-混合資本公司債券基金(BD南非幣避險類股)(本基金之配息來源可能為本金且有相當比重投資於非投資等級之高風險債券),,境外,1/4,,,0.51,,,,,,,,,,08/18,野村基金愛爾蘭系列混合資本公司債券基金BD南非幣避險類股本基金之配息來源可能為本金且有相當比重投資於非投資等級之高風險債券
野村基金(愛爾蘭系列)-混合資本公司債券基金(BD日圓避險類股)(本基金之配息來源可能為本金且有相當比重投資於非投資等級之高風險債券),,境外,1/4,,,0.13,,,,,,,,,,08/18,野村基金愛爾蘭系列混合資本公司債券基金BD日圓避險類股本基金之配息來源可能為本金且有相當比重投資於非投資等級之高風險債券
野村基金(愛爾蘭系列)-混合資本公司債券基金(T歐元類股)(本基金之配息來源可能為本金且有相當比重投資於非投資等級之高風險債券),,境外,1/4,,,-0.2,,,,,,,,,,08/18,野村基金愛爾蘭系列混合資本公司債券基金T歐元類股本基金之配息來源可能為本金且有相當比重投資於非投資等級之高風險債券
野村基金(愛爾蘭系列)-混合資本公司債券基金(T美元避險類股)(本基金之配息來源可能為本金且有相當比重投資於非投資等級之高風險債券),,境外,1/4,,,-1.25,,,,,,,,,,08/18,野村基金愛爾蘭系列混合資本公司債券基金T美元避險類股本基金之配息來源可能為本金且有相當比重投資於非投資等級之高風險債券
野村基金(愛爾蘭系列)-混合資本公司債券基金(T日圓避險類股)(本基金之配息來源可能為本金且有相當比重投資於非投資等級之高風險債券),,境外,1/4,,,0.23,,,,,,,,,,08/18,野村基金愛爾蘭系列混合資本公司債券基金T日圓避險類股本基金之配息來源可能為本金且有相當比重投資於非投資等級之高風險債券
野村基金(愛爾蘭系列)-混合資本公司債券基金(TD歐元類股)(本基金之配息來源可能為本金且有相當比重投資於非投資等級之高風險債券),,境外,1/4,,,-0.2,,,,,,,,,,08/18,野村基金愛爾蘭系列混合資本公司債券基金TD歐元類股本基金之配息來源可能為本金且有相當比重投資於非投資等級之高風險債券
野村基金(愛爾蘭系列)-混合資本公司債券基金(TD美元避險類股)(本基金之配息來源可能為本金且有相當比重投資於非投資等級之高風險債券),,境外,1/4,,,-1.25,,,,,,,,,,08/18,野村基金愛爾蘭系列混合資本公司債券基金TD美元避險類股本基金之配息來源可能為本金且有相當比重投資於非投資等級之高風險債券
野村基金(愛爾蘭系列)-混合資本公司債券基金(TD南非幣避險類股)(本基金之配息來源可能為本金且有相當比重投資於非投資等級之高風險債券),,境外,1/4,,,0.59,,,,,,,,,,08/18,野村基金愛爾蘭系列混合資本公司債券基金TD南非幣避險類股本基金之配息來源可能為本金且有相當比重投資於非投資等級之高風險債券
野村基金(愛爾蘭系列)-混合資本公司債券基金(TD日圓避險類股)(本基金之配息來源可能為本金且有相當比重投資於非投資等級之高風險債券),,境外,1/4,,,0.23,,,,,,,,,,08/18,野村基金愛爾蘭系列混合資本公司債券基金TD日圓避險類股本基金之配息來源可能為本金且有相當比重投資於非投資等級之高風險債券
威廉博萊新興市場本地貨幣債券基金-A月配(美元)(本基金有相當比重投資於非投資等級之高風險債券且配息來源可能為本金),,境外,1/4,,,-0.37,3.44,-0.42,,,,,,,,08/17,威廉博萊新興市場本地貨幣債券基金A月配美元本基金有相當比重投資於非投資等級之高風險債券且配息來源可能為本金
威廉博萊新興市場本地貨幣債券基金-J月配(美元)(本基金有相當比重投資於非投資等級之高風險債券且配息來源可能為本金),,境外,1/4,,,-0.33,3.56,-0.19,,,,,,,,08/17,威廉博萊新興市場本地貨幣債券基金J月配美元本基金有相當比重投資於非投資等級之高風險債券且配息來源可能為本金
富蘭克林坦伯頓全球投資系列黃金及貴金屬基金美元F(acc),,境外,1/4,,,22.89,-1.32,-8.89,,,,,,,,08/18,富蘭克林坦伯頓全球投資系列黃金及貴金屬基金美元Facc
聯博-全球非投資等級債券基金AI(穩定月配)級別美元(基金之配息來源可能為本金),,境外,1/4,,,-0.89,2.53,2.4,,,,,,,,08/18,聯博全球非投資等級債券基金AI穩定月配級別美元基金之配息來源可能為本金
聯博-全球非投資等級債券基金EAI(穩定月配)級別美元(基金之配息來源可能為本金),,境外,1/4,,,-0.97,2.28,1.89,,,,,,,,08/18,聯博全球非投資等級債券基金EAI穩定月配級別美元基金之配息來源可能為本金
聯博-全球非投資等級債券基金EAA(穩定月配)級別美元(基金之配息來源可能為本金),,境外,1/4,,,-0.92,2.28,1.87,,,,,,,,08/18,聯博全球非投資等級債券基金EAA穩定月配級別美元基金之配息來源可能為本金
聯博-全球非投資等級債券基金AI(穩定月配)澳幣避險級別(基金之配息來源可能為本金),,境外,1/4,,,0.61,,,,,,,,,,08/18,聯博全球非投資等級債券基金AI穩定月配澳幣避險級別基金之配息來源可能為本金
聯博-全球非投資等級債券基金AI(穩定月配)日圓避險級別(基金之配息來源可能為本金),,境外,1/4,,,0.58,1.21,,,,,,,,,08/18,聯博全球非投資等級債券基金AI穩定月配日圓避險級別基金之配息來源可能為本金
聯博-全球非投資等級債券基金AA(穩定月配)日圓避險級別(基金之配息來源可能為本金),,境外,1/4,,,0.55,1.22,,,,,,,,,08/18,聯博全球非投資等級債券基金AA穩定月配日圓避險級別基金之配息來源可能為本金
聯博-全球非投資等級債券基金EAI(穩定月配)澳幣避險級別(基金之配息來源可能為本金),,境外,1/4,,,0.52,1.23,,,,,,,,,08/18,聯博全球非投資等級債券基金EAI穩定月配澳幣避險級別基金之配息來源可能為本金
聯博-全球非投資等級債券基金EAI(穩定月配)日圓避險級別(基金之配息來源可能為本金),,境外,1/4,,,0.5,0.97,,,,,,,,,08/18,聯博全球非投資等級債券基金EAI穩定月配日圓避險級別基金之配息來源可能為本金
聯博-全球非投資等級債券基金EAA(穩定月配)澳幣避險級別(基金之配息來源可能為本金),,境外,1/4,,,0.54,1.27,,,,,,,,,08/18,聯博全球非投資等級債券基金EAA穩定月配澳幣避險級別基金之配息來源可能為本金
聯博-全球非投資等級債券基金EAA(穩定月配)日圓避險級別(基金之配息來源可能為本金),,境外,1/4,,,0.5,0.9,,,,,,,,,08/18,聯博全球非投資等級債券基金EAA穩定月配日圓避險級別基金之配息來源可能為本金
聯博-美國收益基金AI(穩定月配)級別美元(本基金有相當比重投資於非投資等級之高風險債券且配息來源可能為本金),,境外,1/4,,,-1.25,2.1,0.31,,,,,,,,08/18,聯博美國收益基金AI穩定月配級別美元本基金有相當比重投資於非投資等級之高風險債券且配息來源可能為本金
聯博-美國收益基金EAI(穩定月配)級別美元(本基金有相當比重投資於非投資等級之高風險債券且配息來源可能為本金),,境外,1/4,,,-1.34,1.84,-0.17,,,,,,,,08/18,聯博美國收益基金EAI穩定月配級別美元本基金有相當比重投資於非投資等級之高風險債券且配息來源可能為本金
聯博-美國收益基金EAA(穩定月配)級別美元(本基金有相當比重投資於非投資等級之高風險債券且配息來源可能為本金),,境外,1/4,,,-1.29,1.83,-0.2,,,,,,,,08/18,聯博美國收益基金EAA穩定月配級別美元本基金有相當比重投資於非投資等級之高風險債券且配息來源可能為本金
聯博-優化短期非投資等級債券基金EAA(穩定月配)級別美元(本基金主要投資於符合美國 Rule 144A規定之私募性質債券且基金之配息來源可能為本金),,境外,1/4,,,-0.84,2.44,3.01,,,,,,,,08/18,聯博優化短期非投資等級債券基金EAA穩定月配級別美元本基金主要投資於符合美國Rule144A規定之私募性質債券且基金之配息來源可能為本金
聯博-優化短期非投資等級債券基金EAI(穩定月配)級別美元(本基金主要投資於符合美國 Rule 144A規定之私募性質債券且基金之配息來源可能為本金),,境外,1/4,,,-0.86,2.39,3.0,,,,,,,,08/18,聯博優化短期非投資等級債券基金EAI穩定月配級別美元本基金主要投資於符合美國Rule144A規定之私募性質債券且基金之配息來源可能為本金
安聯全球多元投資風格股票基金-AMf2固定月配類股(美元)(基金之配息來源可能為本金),,境外,1/4,,,4.38,7.42,12.01,,,,,,,,08/18,安聯全球多元投資風格股票基金AMf2固定月配類股美元基金之配息來源可能為本金
安聯全球多元投資風格股票基金-BMf9固定月配類股(美元)(基金之配息來源可能為本金),,境外,1/4,,,4.29,7.18,11.45,,,,,,,,08/18,安聯全球多元投資風格股票基金BMf9固定月配類股美元基金之配息來源可能為本金
安聯新興市場主權債券基金-BT累積類股(美元)(本基金有相當比重投資於非投資等級之高風險債券),,境外,1/4,,,-1.75,2.42,0.8,,,,,,,,08/18,安聯新興市場主權債券基金BT累積類股美元本基金有相當比重投資於非投資等級之高風險債券
安聯新興市場主權債券基金-BM穩定月收類股(美元)(本基金有相當比重投資於非投資等級之高風險債券且配息來源可能為本金),,境外,1/4,,,-1.75,2.42,0.8,,,,,,,,08/18,安聯新興市場主權債券基金BM穩定月收類股美元本基金有相當比重投資於非投資等級之高風險債券且配息來源可能為本金
安聯新興市場主權債券基金-BMg穩定月收總收益類股(美元)(本基金有相當比重投資於非投資等級之高風險債券且配息來源可能為本金),,境外,1/4,,,-1.75,2.42,0.8,,,,,,,,08/18,安聯新興市場主權債券基金BMg穩定月收總收益類股美元本基金有相當比重投資於非投資等級之高風險債券且配息來源可能為本金
安聯新興市場主權債券基金-BMf2固定月配類股(美元)(本基金有相當比重投資於非投資等級之高風險債券且配息來源可能為本金),,境外,1/4,,,-1.8,2.38,0.77,,,,,,,,08/18,安聯新興市場主權債券基金BMf2固定月配類股美元本基金有相當比重投資於非投資等級之高風險債券且配息來源可能為本金
安聯多元信用債券基金-AMf2固定月配類股(美元)(本基金有相當比重投資於非投資等級之高風險債券且配息來源可能為本金),,境外,1/4,,,-1.0,2.28,1.58,,,,,,,,08/18,安聯多元信用債券基金AMf2固定月配類股美元本基金有相當比重投資於非投資等級之高風險債券且配息來源可能為本金
安聯多元信用債券基金-BMf2固定月配類股(美元)(本基金有相當比重投資於非投資等級之高風險債券且配息來源可能為本金),,境外,1/4,,,-1.08,2.1,1.21,,,,,,,,08/18,安聯多元信用債券基金BMf2固定月配類股美元本基金有相當比重投資於非投資等級之高風險債券且配息來源可能為本金
瑞銀(盧森堡)美元基金(澳幣避險) P-累積(澳幣),,境外,1/4,,,0.74,1.43,3.38,,,,,,,,08/17,瑞銀盧森堡美元基金澳幣避險P累積澳幣
貝萊德智慧數據收益成長基金B11美元(強化穩定配息)(基金之配息來源可能為本金),,境外,1/4,,,1.55,5.58,6.87,,,,,,,,08/18,貝萊德智慧數據收益成長基金B11美元強化穩定配息基金之配息來源可能為本金
貝萊德智慧數據收益成長基金B2美元,,境外,1/4,,,1.49,5.53,6.75,,,,,,,,08/18,貝萊德智慧數據收益成長基金B2美元
貝萊德智慧數據收益成長基金B6美元(穩定配息)(基金之配息來源可能為本金),,境外,1/4,,,1.48,5.56,6.81,,,,,,,,08/18,貝萊德智慧數據收益成長基金B6美元穩定配息基金之配息來源可能為本金
貝萊德智慧數據收益成長基金Hedged A11南非幣(強化穩定配息)(基金之配息來源可能為本金),,境外,1/4,,,3.49,8.52,7.45,,,,,,,,08/18,貝萊德智慧數據收益成長基金HedgedA11南非幣強化穩定配息基金之配息來源可能為本金
貝萊德環球資產配置基金B11美元(強化穩定配息)(基金之配息來源可能為本金),,境外,1/4,,,1.55,3.96,5.86,,,,,,,,08/18,貝萊德環球資產配置基金B11美元強化穩定配息基金之配息來源可能為本金
貝萊德環球資產配置基金Hedged B11日圓(強化穩定配息)(基金之配息來源可能為本金),,境外,1/4,,,2.91,2.49,0.81,,,,,,,,08/18,貝萊德環球資產配置基金HedgedB11日圓強化穩定配息基金之配息來源可能為本金
貝萊德環球資產配置基金Hedged B11南非幣(強化穩定配息)(基金之配息來源可能為本金),,境外,1/4,,,3.34,6.44,5.52,,,,,,,,08/18,貝萊德環球資產配置基金HedgedB11南非幣強化穩定配息基金之配息來源可能為本金
貝萊德智慧數據收益成長基金A11美元(強化穩定配息)(基金之配息來源可能為本金),,境外,1/4,,,1.63,5.75,7.36,,,,,,,,08/18,貝萊德智慧數據收益成長基金A11美元強化穩定配息基金之配息來源可能為本金
貝萊德智慧數據收益成長基金Hedged A2日圓,,境外,1/4,,,3.02,4.37,2.56,,,,,,,,08/18,貝萊德智慧數據收益成長基金HedgedA2日圓
貝萊德智慧數據收益成長基金Hedged A6日圓 (穩定配息)(基金之配息來源可能為本金),,境外,1/4,,,3.09,4.43,2.53,,,,,,,,08/18,貝萊德智慧數據收益成長基金HedgedA6日圓穩定配息基金之配息來源可能為本金
貝萊德智慧數據收益成長基金Hedged A8澳幣(穩定配息)(基金之配息來源可能為本金),,境外,1/4,,,3.11,4.66,8.22,,,,,,,,08/18,貝萊德智慧數據收益成長基金HedgedA8澳幣穩定配息基金之配息來源可能為本金
貝萊德智慧數據收益成長基金Hedged B11南非幣(強化穩定配息)(基金之配息來源可能為本金),,境外,1/4,,,3.4,8.25,6.91,,,,,,,,08/18,貝萊德智慧數據收益成長基金HedgedB11南非幣強化穩定配息基金之配息來源可能為本金
貝萊德智慧數據收益成長基金Hedged B2日圓,,境外,1/4,,,2.95,4.11,2.01,,,,,,,,08/18,貝萊德智慧數據收益成長基金HedgedB2日圓
貝萊德智慧數據收益成長基金Hedged B6日圓(穩定配息)(基金之配息來源可能為本金),,境外,1/4,,,3.0,4.14,2.04,,,,,,,,08/18,貝萊德智慧數據收益成長基金HedgedB6日圓穩定配息基金之配息來源可能為本金
貝萊德智慧數據收益成長基金Hedged B8澳幣(穩定配息)(基金之配息來源可能為本金),,境外,1/4,,,3.03,4.4,7.64,,,,,,,,08/18,貝萊德智慧數據收益成長基金HedgedB8澳幣穩定配息基金之配息來源可能為本金
貝萊德全球智慧數據股票入息基金A11美元(強化穩定配息)(基金之配息來源可能為本金且並無保證收益及配息),,境外,1/4,,,2.54,5.3,11.35,,,,,,,,08/18,貝萊德全球智慧數據股票入息基金A11美元強化穩定配息基金之配息來源可能為本金且並無保證收益及配息
貝萊德全球智慧數據股票入息基金B11美元(強化穩定配息)(基金之配息來源可能為本金且並無保證收益及配息),,境外,1/4,,,2.47,5.03,10.77,,,,,,,,08/18,貝萊德全球智慧數據股票入息基金B11美元強化穩定配息基金之配息來源可能為本金且並無保證收益及配息
貝萊德全球智慧數據股票入息基金Hedged A11南非幣(強化穩定配息)(基金之配息來源可能為本金且並無保證收益及配息),,境外,1/4,,,4.39,7.93,11.23,,,,,,,,08/18,貝萊德全球智慧數據股票入息基金HedgedA11南非幣強化穩定配息基金之配息來源可能為本金且並無保證收益及配息
貝萊德全球智慧數據股票入息基金Hedged B11南非幣(強化穩定配息)(基金之配息來源可能為本金且並無保證收益及配息),,境外,1/4,,,4.29,7.64,10.68,,,,,,,,08/18,貝萊德全球智慧數據股票入息基金HedgedB11南非幣強化穩定配息基金之配息來源可能為本金且並無保證收益及配息
貝萊德環球資產配置基金A11美元(強化穩定配息)(基金之配息來源可能為本金),,境外,1/4,,,1.63,4.14,6.24,,,,,,,,08/18,貝萊德環球資產配置基金A11美元強化穩定配息基金之配息來源可能為本金
貝萊德環球資產配置基金Hedged A11日圓(強化穩定配息)(基金之配息來源可能為本金),,境外,1/4,,,3.1,2.78,1.39,,,,,,,,08/18,貝萊德環球資產配置基金HedgedA11日圓強化穩定配息基金之配息來源可能為本金
貝萊德環球資產配置基金Hedged A11南非幣(強化穩定配息)(基金之配息來源可能為本金),,境外,1/4,,,3.44,6.71,6.05,,,,,,,,08/18,貝萊德環球資產配置基金HedgedA11南非幣強化穩定配息基金之配息來源可能為本金
百達-Quest全球永續股票-B美元,,境外,1/4,,,2.4,8.76,12.48,,,,,,,,08/18,百達Quest全球永續股票B美元
百達-Quest全球永續股票-HB日圓月配息(基金之配息來源可能為本金),,境外,1/4,,,3.85,7.22,7.01,,,,,,,,08/18,百達Quest全球永續股票HB日圓月配息基金之配息來源可能為本金
百達-全球非投資等級債-B美元,,境外,1/4,,,-1.08,2.18,2.87,,,,,,,,08/18,百達全球非投資等級債B美元
百達-全球非投資等級債-HB日圓月配息(基金之配息來源可能為本金),,境外,1/4,,,0.35,0.82,-1.9,,,,,,,,08/18,百達全球非投資等級債HB日圓月配息基金之配息來源可能為本金
百達-美元中短期債券-B美元,,境外,1/4,,,-0.81,2.04,2.13,,,,,,,,08/18,百達美元中短期債券B美元
百達-數位科技-B美元,,境外,1/4,,,4.33,12.97,30.91,,,,,,,,08/18,百達數位科技B美元
PIMCO多元收益債券基金-BE級類別(累積股份),,境外,1/4,,,-1.35,2.26,0.61,,,,,,,,08/18,PIMCO多元收益債券基金BE級類別累積股份
PIMCO全球投資級別債券基金-BE級類別(累積股份),,境外,1/4,,,-1.55,1.87,-0.68,,,,,,,,08/18,PIMCO全球投資級別債券基金BE級類別累積股份
PIMCO全球非投資等級債券基金-M級類別(穩定月收息股份)(基金之配息來源可能為本金),,境外,1/4,,,-0.74,2.66,2.16,,,,,,,,08/18,PIMCO全球非投資等級債券基金M級類別穩定月收息股份基金之配息來源可能為本金
PIMCO全球非投資等級債券基金-BM級類別(穩定月收息股份)(基金之配息來源可能為本金),,境外,1/4,,,-0.74,2.45,1.74,,,,,,,,08/18,PIMCO全球非投資等級債券基金BM級類別穩定月收息股份基金之配息來源可能為本金
施羅德環球基金系列-環球多元收益(美元)A-穩定月配(本基金之配息來源可能為本金),,境外,1/4,,,1.25,3.12,4.76,,,,,,,,08/18,施羅德環球基金系列環球多元收益美元A穩定月配本基金之配息來源可能為本金
施羅德環球基金系列-環球多元收益(日圓避險)A-穩定月配(本基金之配息來源可能為本金),,境外,1/4,,,2.79,1.85,0.15,,,,,,,,08/18,施羅德環球基金系列環球多元收益日圓避險A穩定月配本基金之配息來源可能為本金
施羅德環球基金系列-環球多元收益(日圓避險)U-穩定月配(本基金之配息來源可能為本金),,境外,1/4,,,2.71,1.6,-0.36,,,,,,,,08/18,施羅德環球基金系列環球多元收益日圓避險U穩定月配本基金之配息來源可能為本金
施羅德環球基金系列-環球收息債券(日圓避險)A-穩定月配(基金有相當比重投資於非投資等級之高風險債券且基金之配息來源可能為本金),,境外,1/4,,,0.2,0.81,-3.52,,,,,,,,08/18,施羅德環球基金系列環球收息債券日圓避險A穩定月配基金有相當比重投資於非投資等級之高風險債券且基金之配息來源可能為本金
施羅德環球基金系列-環球收息債券(日圓避險)U-穩定月配(基金有相當比重投資於非投資等級之高風險債券且基金之配息來源可能為本金),,境外,1/4,,,0.15,0.59,-3.96,,,,,,,,08/18,施羅德環球基金系列環球收息債券日圓避險U穩定月配基金有相當比重投資於非投資等級之高風險債券且基金之配息來源可能為本金
施羅德環球基金系列-環球進取股票(美元)A-穩定月配(基金之配息來源可能為本金),,境外,1/4,,,3.89,7.09,,,,,,,,,08/18,施羅德環球基金系列環球進取股票美元A穩定月配基金之配息來源可能為本金
施羅德環球基金系列-環球進取股票(美元)U-穩定月配(基金之配息來源可能為本金),,境外,1/4,,,3.81,6.84,,,,,,,,,08/18,施羅德環球基金系列環球進取股票美元U穩定月配基金之配息來源可能為本金
施羅德環球基金系列-環球黃金(美元)A-穩定月配(基金之配息來源可能為本金),,境外,1/4,,,27.86,1.82,,,,,,,,,08/18,施羅德環球基金系列環球黃金美元A穩定月配基金之配息來源可能為本金
施羅德環球基金系列-環球黃金(美元)U-穩定月配(基金之配息來源可能為本金),,境外,1/4,,,27.77,1.56,,,,,,,,,08/18,施羅德環球基金系列環球黃金美元U穩定月配基金之配息來源可能為本金
霸菱環球投資等級公司債基金-G類澳幣避險月配息型(本基金之配息來源可能為本金),,境外,1/4,,,-0.22,,,,,,,,,,08/18,霸菱環球投資等級公司債基金G類澳幣避險月配息型本基金之配息來源可能為本金
霸菱環球投資等級公司債基金-G類澳幣避險累積型(本基金之配息來源可能為本金),,境外,1/4,,,-0.21,,,,,,,,,,08/18,霸菱環球投資等級公司債基金G類澳幣避險累積型本基金之配息來源可能為本金
霸菱優先順位資產抵押債券基金-BM類美元月配息型(本基金主要投資於非投資等級之高風險債券及符合美國Rule 144A規定之私募性質債券且基金之配息來源可能為本金),,境外,1/4,,,-0.91,2.56,2.39,,,,,,,,08/18,霸菱優先順位資產抵押債券基金BM類美元月配息型本基金主要投資於非投資等級之高風險債券及符合美國Rule144A規定之私募性質債券且基金之配息來源可能為本金
霸菱優先順位資產抵押債券基金-BM類澳幣避險月配息型(本基金主要投資於非投資等級之高風險債券及符合美國Rule 144A規定之私募性質債券且基金之配息來源可能為本金),,境外,1/4,,,0.59,1.49,3.29,,,,,,,,08/18,霸菱優先順位資產抵押債券基金BM類澳幣避險月配息型本基金主要投資於非投資等級之高風險債券及符合美國Rule144A規定之私募性質債券且基金之配息來源可能為本金
霸菱環球非投資等級債券基金-BM類美元月配息型(本基金主要投資於符合美國 Rule 144A規定之私募性質債券且配息來源可能為本金),,境外,1/4,,,-0.97,2.5,2.5,,,,,,,,08/18,霸菱環球非投資等級債券基金BM類美元月配息型本基金主要投資於符合美國Rule144A規定之私募性質債券且配息來源可能為本金
霸菱環球非投資等級債券基金-BM類澳幣避險月配息型(本基金主要投資於符合美國 Rule 144A規定之私募性質債券且配息來源可能為本金),,境外,1/4,,,0.51,1.4,3.39,,,,,,,,08/18,霸菱環球非投資等級債券基金BM類澳幣避險月配息型本基金主要投資於符合美國Rule144A規定之私募性質債券且配息來源可能為本金
霸菱環球投資等級公司債基金-BM類美元月配息型(本基金之配息來源可能為本金),,境外,1/4,,,-1.77,1.5,,,,,,,,,08/18,霸菱環球投資等級公司債基金BM類美元月配息型本基金之配息來源可能為本金
霸菱環球投資等級公司債基金-BM類澳幣避險月配息型(本基金之配息來源可能為本金),,境外,1/4,,,-0.29,0.42,,,,,,,,,08/18,霸菱環球投資等級公司債基金BM類澳幣避險月配息型本基金之配息來源可能為本金
富達基金-印尼基金(A股美元),,境外,1/5,,,1.79,0.33,-14.24,-10.14,-23.47,-0.83,,16.67,-0.29,0.51,08/18,富達基金印尼基金A股美元
瀚亞投資-印尼股票基金A(美元),,境外,1/5,,,2.49,-1.74,-19.78,-18.14,-35.31,-14.95,,18.47,-0.4,0.64,08/18,瀚亞投資印尼股票基金A美元
匯豐環球投資基金-印度固定收益AM3OAUD(本基金有相當比重投資於非投資等級之高風險債券且配息來源可能為本金),,境外,1/6,,,1.52,3.84,-1.55,9.05,7.99,1.42,,7.46,-0.27,1.43,08/18,匯豐環球投資基金印度固定收益AM3OAUD本基金有相當比重投資於非投資等級之高風險債券且配息來源可能為本金
施羅德環球基金系列-印度優勢(美元)C-累積,,境外,1/6,,,3.12,11.56,3.29,5.25,28.92,28.39,,13.46,-0.03,0.78,08/18,施羅德環球基金系列印度優勢美元C累積
利安資金印度基金A級別美元,,境外,1/6,,,1.44,13.67,5.64,4.86,24.57,50.89,,17.23,-0.02,0.99,08/18,利安資金印度基金A級別美元
利安資金印度基金A級別新元,,境外,1/6,,,1.39,13.47,5.96,4.78,24.6,50.8,,16.7,-0.03,0.89,08/18,利安資金印度基金A級別新元
施羅德環球基金系列-印度優勢(美元)A-累積,,境外,1/6,,,3.05,11.34,2.88,4.41,25.89,23.37,,13.44,-0.05,0.78,08/18,施羅德環球基金系列印度優勢美元A累積
貝萊德印度基金A2歐元,,境外,1/6,,,2.12,10.98,-1.22,2.07,8.41,21.38,,13.31,-0.08,0.71,08/18,貝萊德印度基金A2歐元
貝萊德印度基金A2美元,,境外,1/6,,,2.21,11.14,-1.42,2.06,8.5,21.43,,15.6,-0.08,0.92,08/18,貝萊德印度基金A2美元
野村基金(愛爾蘭系列)-印度領先股票基金(I美元類股),,境外,1/6,,,0.32,12.29,0.09,1.64,27.28,50.35,,15.2,-0.09,0.88,08/18,野村基金愛爾蘭系列印度領先股票基金I美元類股
宏利環球基金-印度股票基金AA股,,境外,1/6,,,2.12,9.95,-1.16,1.35,26.18,40.2,,12.58,-0.12,0.7,08/18,宏利環球基金印度股票基金AA股
匯豐環球投資基金-印度固定收益IC(本基金有相當比重投資於非投資等級之高風險債券且配息來源可能為本金),,境外,1/6,,,0.05,5.1,-2.0,0.69,1.59,11.47,,7.42,-0.25,0.1,08/18,匯豐環球投資基金印度固定收益IC本基金有相當比重投資於非投資等級之高風險債券且配息來源可能為本金
匯豐環球投資基金-印度固定收益IM2(本基金有相當比重投資於非投資等級之高風險債券且配息來源可能為本金),,境外,1/6,,,0.05,5.1,-2.0,0.69,1.58,11.46,,7.42,-0.25,0.1,08/18,匯豐環球投資基金印度固定收益IM2本基金有相當比重投資於非投資等級之高風險債券且配息來源可能為本金
安本基金-印度債券基金X累積美元,,境外,1/6,,,-0.15,5.72,-1.91,0.39,3.01,11.97,,8.03,-0.24,0.1,08/18,安本基金印度債券基金X累積美元
安本基金-印度債券基金X月配息美元,,境外,1/6,,,-0.15,5.71,-1.91,0.38,3.01,11.98,,8.03,-0.24,0.1,08/18,安本基金印度債券基金X月配息美元
野村基金(愛爾蘭系列)-印度領先股票基金(T美元類股),,境外,1/6,,,0.21,11.94,-0.53,0.37,22.6,41.24,,15.19,-0.11,0.88,08/18,野村基金愛爾蘭系列印度領先股票基金T美元類股
匯豐環球投資基金-印度固定收益AM2(本基金有相當比重投資於非投資等級之高風險債券且配息來源可能為本金),,境外,1/6,,,0.01,4.93,-2.3,0.05,-0.38,7.91,,7.42,-0.27,0.1,08/18,匯豐環球投資基金印度固定收益AM2本基金有相當比重投資於非投資等級之高風險債券且配息來源可能為本金
匯豐環球投資基金-印度固定收益AD(本基金有相當比重投資於非投資等級之高風險債券且配息來源可能為本金),,境外,1/6,,,-0.01,4.93,-2.31,0.04,-0.37,7.9,,7.4,-0.27,0.1,08/18,匯豐環球投資基金印度固定收益AD本基金有相當比重投資於非投資等級之高風險債券且配息來源可能為本金
匯豐環球投資基金-印度固定收益AC(本基金有相當比重投資於非投資等級之高風險債券且配息來源可能為本金),,境外,1/6,,,-0.0,4.93,-2.31,0.04,-0.37,7.91,,7.42,-0.27,0.1,08/18,匯豐環球投資基金印度固定收益AC本基金有相當比重投資於非投資等級之高風險債券且配息來源可能為本金
安本基金-印度債券基金A月中配息紐幣,,境外,1/6,,,-0.5,5.0,-1.57,-0.01,1.36,9.19,,10.77,-0.16,1.2,08/18,安本基金印度債券基金A月中配息紐幣
安本基金-印度債券基金A累積紐幣,,境外,1/6,,,-0.5,5.01,-1.56,-0.01,1.35,9.17,,10.77,-0.16,1.2,08/18,安本基金印度債券基金A累積紐幣
匯豐環球投資基金-印度固定收益ACEUR(本基金有相當比重投資於非投資等級之高風險債券且配息來源可能為本金),,境外,1/6,,,-0.05,4.7,-1.79,-0.06,-0.41,7.84,,8.3,-0.22,0.11,08/18,匯豐環球投資基金印度固定收益ACEUR本基金有相當比重投資於非投資等級之高風險債券且配息來源可能為本金
景順印度股票基金C-年配息股美元,,境外,1/6,,,3.26,12.47,-0.33,-0.06,24.94,49.36,,16.09,-0.11,0.89,08/18,景順印度股票基金C年配息股美元
安本基金-印度債券基金A累積美元,,境外,1/6,,,-0.2,5.58,-2.15,-0.11,1.48,9.21,,8.03,-0.26,0.1,08/18,安本基金印度債券基金A累積美元
安本基金-印度債券基金A月配息美元,,境外,1/6,,,-0.2,5.58,-2.16,-0.12,1.47,9.21,,8.03,-0.26,0.1,08/18,安本基金印度債券基金A月配息美元
安本基金-印度債券基金A月中配息美元,,境外,1/6,,,-0.2,5.58,-2.16,-0.12,1.47,9.21,,8.03,-0.26,0.1,08/18,安本基金印度債券基金A月中配息美元
安本基金-印度債券基金A累積澳幣,,境外,1/6,,,-0.68,4.93,-1.97,-0.14,1.04,8.97,,11.75,-0.38,1.21,08/18,安本基金印度債券基金A累積澳幣
安本基金-印度債券基金A月中配息澳幣,,境外,1/6,,,-0.68,4.93,-1.98,-0.16,1.03,8.99,,11.75,-0.38,1.21,08/18,安本基金印度債券基金A月中配息澳幣
景順印度股票基金A-年配息股美元,,境外,1/6,,,3.21,12.3,-0.62,-0.66,22.72,44.93,,16.07,-0.12,0.89,08/18,景順印度股票基金A年配息股美元
聯博-印度成長基金S1級別美元,,境外,1/6,,,1.56,7.59,-5.2,-0.94,16.86,24.4,,12.95,-0.17,0.73,08/18,聯博印度成長基金S1級別美元
聯博-印度成長基金I級別美元,,境外,1/6,,,1.53,7.57,-5.25,-1.06,16.56,23.7,,12.94,-0.17,0.73,08/18,聯博印度成長基金I級別美元
聯博-印度成長基金AX級別歐元,,境外,1/6,,,1.5,7.34,-5.53,-1.65,14.51,20.06,,12.23,-0.18,0.54,08/18,聯博印度成長基金AX級別歐元
聯博-印度成長基金AX級別美元,,境外,1/6,,,1.48,7.4,-5.53,-1.66,14.49,20.05,,12.91,-0.18,0.73,08/18,聯博印度成長基金AX級別美元
柏瑞環球基金-柏瑞印度股票基金Y,,境外,1/6,,,0.44,7.59,-5.51,-1.72,17.78,27.5,,15.58,-0.15,0.85,08/18,柏瑞環球基金柏瑞印度股票基金Y
聯博-印度成長基金A級別歐元,,境外,1/6,,,1.49,7.28,-5.62,-1.85,13.83,18.86,,12.22,-0.18,0.54,08/18,聯博印度成長基金A級別歐元
聯博-印度成長基金A級別美元,,境外,1/6,,,1.47,7.35,-5.62,-1.86,13.8,18.85,,12.91,-0.19,0.73,08/18,聯博印度成長基金A級別美元
安聯印度精選基金-AT累積類股(美元),,境外,1/6,,,2.71,11.38,1.62,-2.08,,,,12.5,-0.2,0.67,08/18,安聯印度精選基金AT累積類股美元
摩根士丹利印度股票基金A(美元),,境外,1/6,,,0.25,8.43,-3.21,-2.11,22.88,46.62,,13.83,-0.18,0.82,08/18,摩根士丹利印度股票基金A美元
東方匯理基金印度股票A2美元,,境外,1/6,,,-0.37,6.89,-5.19,-2.21,9.2,26.23,,13.03,-0.19,0.77,08/18,東方匯理基金印度股票A2美元
匯豐環球投資基金-印度股票IC(本基金配息來源可能為本金),,境外,1/6,,,0.03,6.34,-5.4,-2.22,21.89,45.41,,12.05,-0.21,0.72,08/18,匯豐環球投資基金印度股票IC本基金配息來源可能為本金
柏瑞環球基金-柏瑞印度股票基金A,,境外,1/6,,,0.38,7.37,-5.88,-2.51,14.99,22.51,,15.56,-0.16,0.85,08/18,柏瑞環球基金柏瑞印度股票基金A
富達基金-印度聚焦基金(Y股累計美元),,境外,1/6,,,1.13,8.78,-4.39,-2.65,17.04,29.31,,14.37,-0.18,0.85,08/18,富達基金印度聚焦基金Y股累計美元
匯豐環球投資基金-印度固定收益AM3OEUR(本基金有相當比重投資於非投資等級之高風險債券且配息來源可能為本金),,境外,1/6,,,1.05,3.74,-4.94,-2.74,0.08,-3.57,,7.43,-0.35,1.43,08/18,匯豐環球投資基金印度固定收益AM3OEUR本基金有相當比重投資於非投資等級之高風險債券且配息來源可能為本金
安本基金-印度股票基金X累積美元,,境外,1/6,,,1.05,10.16,-1.94,-2.95,16.81,16.92,,12.9,-0.21,0.72,08/18,安本基金印度股票基金X累積美元
匯豐環球投資基金-印度股票AD(本基金配息來源可能為本金),,境外,1/6,,,-0.04,6.11,-5.8,-3.05,18.82,39.36,,12.05,-0.23,0.72,08/18,匯豐環球投資基金印度股票AD本基金配息來源可能為本金
施羅德環球基金系列-印度股票(美元)A-累積,,境外,1/6,,,0.75,5.68,-6.18,-3.47,18.38,32.39,,12.52,-0.23,0.76,08/18,施羅德環球基金系列印度股票美元A累積
富達基金-印度聚焦基金(A股美元),,境外,1/6,,,1.03,8.54,-4.83,-3.49,14.07,23.86,,14.37,-0.2,0.85,08/18,富達基金印度聚焦基金A股美元
富達基金-印度聚焦基金(A股歐元),,境外,1/6,,,0.99,8.4,-4.66,-3.55,14.05,23.71,,12.29,-0.22,0.66,08/18,富達基金印度聚焦基金A股歐元
安本基金-印度股票基金A累積美元,,境外,1/6,,,0.98,9.95,-2.3,-3.68,14.21,12.63,,12.89,-0.23,0.72,08/18,安本基金印度股票基金A累積美元
法巴印度股票基金C(美元),,境外,1/6,,,-0.69,7.19,-4.57,-3.83,14.11,31.33,,13.27,-0.23,0.79,08/18,法巴印度股票基金C美元
施羅德環球基金系列-印度股票(美元)A1-累積,,境外,1/6,,,0.7,5.55,-6.41,-3.95,16.62,29.12,,12.51,-0.24,0.75,08/18,施羅德環球基金系列印度股票美元A1累積
瀚亞投資-印度股票基金A(美元),,境外,1/6,,,-1.02,6.12,-7.9,-5.15,12.38,25.9,,13.59,-0.25,0.81,08/18,瀚亞投資印度股票基金A美元
富蘭克林坦伯頓全球投資系列印度基金美元A(acc),,境外,1/6,,,1.78,9.57,-4.2,-5.48,14.09,37.69,,15.51,-0.22,0.91,08/18,富蘭克林坦伯頓全球投資系列印度基金美元Aacc
首源投資環球傘型基金-首域盈信印度次大陸基金第一類股(美元-累積),,境外,1/6,,,0.54,7.31,-4.54,-7.66,13.12,36.53,,13.92,-0.3,0.81,08/18,首源投資環球傘型基金首域盈信印度次大陸基金第一類股美元累積
摩根印度基金,,境外,1/6,,,0.43,6.33,-5.82,-9.89,-0.03,10.09,,11.38,-0.43,0.64,08/18,摩根印度基金
匯豐環球投資基金-印度股票A穩定月配息美元(本基金配息來源可能為本金),,境外,1/6,,,-0.05,,,,,,,,,,08/18,匯豐環球投資基金印度股票A穩定月配息美元本基金配息來源可能為本金
安聯印度精選基金-IT累積類股(美元),,境外,1/6,,,2.79,11.66,2.13,,,,,,,,08/18,安聯印度精選基金IT累積類股美元
安聯印度精選基金-AMf2固定月配類股(美元)(基金之配息來源可能為本金),,境外,1/6,,,2.72,11.43,1.69,,,,,,,,08/18,安聯印度精選基金AMf2固定月配類股美元基金之配息來源可能為本金
目前沒有符合搜尋條件的相關結果,,境外,1/7,,,,,,,,,,,,,目前沒有符合搜尋條件的相關結果,目前沒有符合搜尋條件的相關結果
景順新興市場(不含中國)股票基金C-年配息股美元,,境外,1/8,,,3.46,9.6,21.34,66.69,108.8,130.53,,22.42,0.6,1.34,08/18,景順新興市場不含中國股票基金C年配息股美元
景順新興市場(不含中國)股票基金A-年配息股美元,,境外,1/8,,,3.41,9.44,21.0,65.71,105.08,123.71,,22.41,0.6,1.34,08/18,景順新興市場不含中國股票基金A年配息股美元
施羅德傘型基金II-亞洲高息股債基金(澳幣避險)A-月配(本基金有相當比重投資於非投資等級之高風險債券且基金之配息來源可能為本金且並無保證收益及配息),,境外,1/8,,,3.08,3.21,12.78,45.78,70.54,39.1,,9.71,0.66,0.59,08/18,施羅德傘型基金II亞洲高息股債基金澳幣避險A月配本基金有相當比重投資於非投資等級之高風險債券且基金之配息來源可能為本金且並無保證收益及配息
法盛新興亞洲股票基金R/D USD,,境外,1/8,,,3.23,2.05,14.67,44.07,76.89,38.66,,19.57,0.46,1.11,08/17,法盛新興亞洲股票基金R/DUSD
法盛新興亞洲股票基金R/A USD,,境外,1/8,,,3.23,2.05,14.67,44.06,76.89,38.67,,19.57,0.46,1.11,08/17,法盛新興亞洲股票基金R/AUSD
法盛新興亞洲股票基金R/A EUR,,境外,1/8,,,3.17,2.05,14.22,43.41,77.02,38.63,,19.01,0.49,0.96,08/17,法盛新興亞洲股票基金R/AEUR
施羅德傘型基金II-亞洲高息股債基金(美元)C-累積(本基金有相當比重投資於非投資等級之高風險債券),,境外,1/8,,,1.62,4.59,12.47,35.18,62.39,56.12,,9.72,0.7,0.59,08/18,施羅德傘型基金II亞洲高息股債基金美元C累積本基金有相當比重投資於非投資等級之高風險債券
施羅德傘型基金II-亞洲高息股債基金(美元)A-累積(本基金有相當比重投資於非投資等級之高風險債券),,境外,1/8,,,1.55,4.4,12.06,34.2,58.89,50.56,,9.72,0.68,0.59,08/18,施羅德傘型基金II亞洲高息股債基金美元A累積本基金有相當比重投資於非投資等級之高風險債券
施羅德傘型基金II-亞洲高息股債基金(美元)A-月配(本基金有相當比重投資於非投資等級之高風險債券且基金之配息來源可能為本金且並無保證收益及配息),,境外,1/8,,,1.55,4.39,12.07,34.2,58.88,50.54,,9.72,0.68,0.59,08/18,施羅德傘型基金II亞洲高息股債基金美元A月配本基金有相當比重投資於非投資等級之高風險債券且基金之配息來源可能為本金且並無保證收益及配息
安聯動力亞洲非投資等級債券基金-AMg穩定月收總收益類股(南非幣避險)(基金之配息來源可能為本金),,境外,1/8,,,1.65,6.65,3.34,25.84,76.02,0.64,,3.75,0.59,0.83,08/18,安聯動力亞洲非投資等級債券基金AMg穩定月收總收益類股南非幣避險基金之配息來源可能為本金
瑞士隆奧亞洲價值債券基金-N配息(澳幣避險)(本基金有相當比重投資於非投資等級之高風險債券且基金之配息來源可能為本金),,境外,1/8,,,0.97,2.3,2.84,24.99,52.95,17.93,,3.7,0.5,0.79,08/17,瑞士隆奧亞洲價值債券基金N配息澳幣避險本基金有相當比重投資於非投資等級之高風險債券且基金之配息來源可能為本金
瑞士隆奧亞洲價值債券基金-N累積(澳幣避險)(本基金有相當比重投資於非投資等級之高風險債券),,境外,1/8,,,0.97,2.3,2.84,24.98,52.86,17.7,,3.71,0.5,0.79,08/17,瑞士隆奧亞洲價值債券基金N累積澳幣避險本基金有相當比重投資於非投資等級之高風險債券
安聯動力亞洲非投資等級債券基金-AMg穩定月收總收益類股(澳幣避險)(基金之配息來源可能為本金),,境外,1/8,,,1.34,2.92,4.04,23.69,51.87,-10.93,,3.76,0.41,0.82,08/18,安聯動力亞洲非投資等級債券基金AMg穩定月收總收益類股澳幣避險基金之配息來源可能為本金
高盛基金III - 高盛亞洲債券基金X股對沖級別南非幣(月配息)(本基金有相當比重投資於非投資等級之高風險債券且配息來源可能為本金),,境外,1/8,,,0.68,4.44,0.89,21.51,50.48,17.88,,2.47,0.49,0.64,08/18,高盛基金III高盛亞洲債券基金X股對沖級別南非幣月配息本基金有相當比重投資於非投資等級之高風險債券且配息來源可能為本金
高盛基金III - 高盛亞洲債券基金Y股對沖級別南非幣(月配息)(本基金有相當比重投資於非投資等級之高風險債券且配息來源可能為本金),,境外,1/8,,,0.59,4.24,0.43,20.26,46.02,11.98,,2.47,0.36,0.65,08/18,高盛基金III高盛亞洲債券基金Y股對沖級別南非幣月配息本基金有相當比重投資於非投資等級之高風險債券且配息來源可能為本金
聯博-亞洲收益機會基金AA(穩定月配)澳幣避險級別(本基金有相當比重投資於非投資等級之高風險債券且配息來源可能為本金),,境外,1/8,,,0.45,1.19,1.85,19.78,30.89,4.22,,2.72,0.22,0.7,08/18,聯博亞洲收益機會基金AA穩定月配澳幣避險級別本基金有相當比重投資於非投資等級之高風險債券且配息來源可能為本金
高盛基金III - 高盛亞洲債券基金X股對沖級別澳幣(月配息)(本基金有相當比重投資於非投資等級之高風險債券且配息來源可能為本金),,境外,1/8,,,0.35,0.81,1.58,19.3,29.44,3.56,,2.38,0.2,0.62,08/18,高盛基金III高盛亞洲債券基金X股對沖級別澳幣月配息本基金有相當比重投資於非投資等級之高風險債券且配息來源可能為本金
高盛基金III - 高盛亞洲債券基金Y股對沖級別澳幣(月配息)(本基金有相當比重投資於非投資等級之高風險債券且配息來源可能為本金),,境外,1/8,,,0.24,0.56,1.08,18.08,25.68,-1.59,,2.37,0.07,0.62,08/18,高盛基金III高盛亞洲債券基金Y股對沖級別澳幣月配息本基金有相當比重投資於非投資等級之高風險債券且配息來源可能為本金
瑞士隆奧亞洲價值債券基金-N月配息(美元)(本基金有相當比重投資於非投資等級之高風險債券且基金之配息來源可能為本金),,境外,1/8,,,-0.81,2.74,2.35,14.69,,,,3.8,0.5,0.82,08/17,瑞士隆奧亞洲價值債券基金N月配息美元本基金有相當比重投資於非投資等級之高風險債券且基金之配息來源可能為本金
瑞士隆奧亞洲價值債券基金-N累積(美元)(本基金有相當比重投資於非投資等級之高風險債券),,境外,1/8,,,-0.81,2.74,2.35,14.64,40.79,25.55,,3.79,0.5,0.82,08/17,瑞士隆奧亞洲價值債券基金N累積美元本基金有相當比重投資於非投資等級之高風險債券
瑞士隆奧亞洲價值債券基金-N配息(美元)(本基金有相當比重投資於非投資等級之高風險債券且基金之配息來源可能為本金),,境外,1/8,,,-0.81,2.74,2.35,14.64,40.82,25.72,,3.79,0.5,0.82,08/17,瑞士隆奧亞洲價值債券基金N配息美元本基金有相當比重投資於非投資等級之高風險債券且基金之配息來源可能為本金
安聯動力亞洲非投資等級債券基金-IT累積類股(美元),,境外,1/8,,,-0.08,4.2,3.55,14.37,43.31,-1.26,,3.8,0.47,0.84,08/18,安聯動力亞洲非投資等級債券基金IT累積類股美元
瑞士隆奧亞洲價值債券基金-P累積(美元)(本基金有相當比重投資於非投資等級之高風險債券),,境外,1/8,,,-0.86,2.59,2.05,13.97,38.36,21.96,,3.78,0.46,0.82,08/17,瑞士隆奧亞洲價值債券基金P累積美元本基金有相當比重投資於非投資等級之高風險債券
瑞士隆奧亞洲價值債券基金-P配息(美元)(本基金有相當比重投資於非投資等級之高風險債券且基金之配息來源可能為本金),,境外,1/8,,,-0.86,2.59,2.05,13.97,38.38,22.11,,3.78,0.46,0.82,08/17,瑞士隆奧亞洲價值債券基金P配息美元本基金有相當比重投資於非投資等級之高風險債券且基金之配息來源可能為本金
富蘭克林坦伯頓全球投資系列亞洲債券基金澳幣避險A(Mdis)-H1(本基金之配息來源可能為本金),,境外,1/8,,,2.52,2.53,-0.34,13.94,12.68,-0.37,,5.77,-0.14,0.86,08/18,富蘭克林坦伯頓全球投資系列亞洲債券基金澳幣避險AMdisH1本基金之配息來源可能為本金
安聯動力亞洲非投資等級債券基金-AMg穩定月收總收益類股(美元)(基金之配息來源可能為本金),,境外,1/8,,,-0.15,4.01,3.19,13.57,40.31,-4.7,,3.8,0.42,0.84,08/18,安聯動力亞洲非投資等級債券基金AMg穩定月收總收益類股美元基金之配息來源可能為本金
安聯動力亞洲非投資等級債券基金-AM穩定月收類股(美元)(基金之配息來源可能為本金),,境外,1/8,,,-0.15,4.01,3.18,13.56,40.29,-4.79,,3.8,0.42,0.84,08/18,安聯動力亞洲非投資等級債券基金AM穩定月收類股美元基金之配息來源可能為本金
安聯動力亞洲非投資等級債券基金-AT累積類股(美元),,境外,1/8,,,-0.15,4.01,3.18,13.55,40.26,-4.71,,3.8,0.42,0.84,08/18,安聯動力亞洲非投資等級債券基金AT累積類股美元
瑞士隆奧亞洲價值債券基金-R月配息(美元)(本基金有相當比重投資於非投資等級之高風險債券且基金之配息來源可能為本金),,境外,1/8,,,-0.9,2.46,1.8,13.4,,,,3.78,0.42,0.81,08/17,瑞士隆奧亞洲價值債券基金R月配息美元本基金有相當比重投資於非投資等級之高風險債券且基金之配息來源可能為本金
瑞士隆奧亞洲價值債券基金-R累積(美元)(本基金有相當比重投資於非投資等級之高風險債券),,境外,1/8,,,-0.9,2.46,1.8,13.4,,,,3.78,0.42,0.81,08/17,瑞士隆奧亞洲價值債券基金R累積美元本基金有相當比重投資於非投資等級之高風險債券
美盛西方資產亞洲機會債券基金A類股澳幣增益配息型(M)(避險)(本基金之配息來源可能為本金),,境外,1/8,,,2.03,1.46,-0.78,12.44,18.94,6.67,,4.53,-0.27,0.77,08/18,美盛西方資產亞洲機會債券基金A類股澳幣增益配息型M避險本基金之配息來源可能為本金
瑞士隆奧亞洲價值債券基金-V累積(美元)(本基金有相當比重投資於非投資等級之高風險債券),,境外,1/8,,,-0.98,2.2,1.3,12.27,,,,3.77,0.34,0.81,08/17,瑞士隆奧亞洲價值債券基金V累積美元本基金有相當比重投資於非投資等級之高風險債券
瑞士隆奧亞洲價值債券基金-V月配息(美元)(本基金有相當比重投資於非投資等級之高風險債券且基金之配息來源可能為本金),,境外,1/8,,,-0.99,2.2,1.28,12.24,,,,3.77,0.34,0.81,08/17,瑞士隆奧亞洲價值債券基金V月配息美元本基金有相當比重投資於非投資等級之高風險債券且基金之配息來源可能為本金
聯博-亞洲收益機會基金AA(穩定月配)級別美元(本基金有相當比重投資於非投資等級之高風險債券且配息來源可能為本金),,境外,1/8,,,-1.04,2.24,0.95,9.81,21.05,11.67,,2.78,0.22,0.73,08/18,聯博亞洲收益機會基金AA穩定月配級別美元本基金有相當比重投資於非投資等級之高風險債券且配息來源可能為本金
聯博-亞洲收益機會基金A2級別美元(本基金有相當比重投資於非投資等級之高風險債券且配息來源可能為本金),,境外,1/8,,,-1.01,2.18,0.92,9.77,21.0,11.62,,2.75,0.21,0.72,08/18,聯博亞洲收益機會基金A2級別美元本基金有相當比重投資於非投資等級之高風險債券且配息來源可能為本金
高盛基金III - 高盛亞洲債券基金X股美元(本基金有相當比重投資於非投資等級之高風險債券),,境外,1/8,,,-1.16,1.86,0.75,9.54,19.34,10.12,,2.45,0.21,0.65,08/18,高盛基金III高盛亞洲債券基金X股美元本基金有相當比重投資於非投資等級之高風險債券
高盛基金III - 高盛亞洲債券基金X股美元(月配息)(本基金有相當比重投資於非投資等級之高風險債券且配息來源可能為本金),,境外,1/8,,,-1.17,1.87,0.74,9.54,19.33,10.08,,2.46,0.21,0.65,08/18,高盛基金III高盛亞洲債券基金X股美元月配息本基金有相當比重投資於非投資等級之高風險債券且配息來源可能為本金
匯豐環球投資基金-亞洲債券IC(本基金有相當比重投資於非投資等級之高風險債券且配息來源可能為本金),,境外,1/8,,,-1.31,1.73,0.44,8.62,17.24,,,3.0,0.1,0.84,08/18,匯豐環球投資基金亞洲債券IC本基金有相當比重投資於非投資等級之高風險債券且配息來源可能為本金
高盛基金III - 高盛亞洲債券基金Y股美元(月配息)(本基金有相當比重投資於非投資等級之高風險債券且配息來源可能為本金),,境外,1/8,,,-1.25,1.61,0.24,8.45,15.83,4.74,,2.46,0.1,0.65,08/18,高盛基金III高盛亞洲債券基金Y股美元月配息本基金有相當比重投資於非投資等級之高風險債券且配息來源可能為本金
高盛基金III - 高盛亞洲債券基金Y股美元(本基金有相當比重投資於非投資等級之高風險債券),,境外,1/8,,,-1.25,1.6,0.25,8.44,15.84,4.76,,2.44,0.1,0.65,08/18,高盛基金III高盛亞洲債券基金Y股美元本基金有相當比重投資於非投資等級之高風險債券
柏瑞環球基金-柏瑞亞太投資等級債券基金Y,,境外,1/8,,,-1.61,1.35,0.73,8.27,17.95,22.64,,1.91,0.1,0.52,08/18,柏瑞環球基金柏瑞亞太投資等級債券基金Y
匯豐環球投資基金-亞洲債券AC(本基金有相當比重投資於非投資等級之高風險債券且配息來源可能為本金),,境外,1/8,,,-1.36,1.58,0.16,8.01,15.23,,,3.0,0.04,0.84,08/18,匯豐環球投資基金亞洲債券AC本基金有相當比重投資於非投資等級之高風險債券且配息來源可能為本金
匯豐環球投資基金-亞洲債券AM2(本基金有相當比重投資於非投資等級之高風險債券且配息來源可能為本金),,境外,1/8,,,-1.37,1.57,0.14,7.99,15.22,,,3.0,0.04,0.84,08/18,匯豐環球投資基金亞洲債券AM2本基金有相當比重投資於非投資等級之高風險債券且配息來源可能為本金
柏瑞環球基金-柏瑞亞太投資等級債券基金A,,境外,1/8,,,-1.67,1.19,0.4,7.57,15.67,18.72,,1.9,-0.0,0.52,08/18,柏瑞環球基金柏瑞亞太投資等級債券基金A
柏瑞環球基金-柏瑞亞太投資等級債券基金ADC(基金之配息來源可能為本金),,境外,1/8,,,-1.67,1.19,0.4,7.56,15.67,,,1.9,-0.0,0.52,08/18,柏瑞環球基金柏瑞亞太投資等級債券基金ADC基金之配息來源可能為本金
駿利亨德森遠見基金-亞太地產收益基金I2美元(本基金並無保證收益),,境外,1/8,,,-1.2,0.42,-9.8,7.14,15.42,-0.78,,11.59,0.0,0.09,08/18,駿利亨德森遠見基金亞太地產收益基金I2美元本基金並無保證收益
駿利亨德森遠見基金-亞太地產收益基金A4月配美元(本基金之配息來源可能為本金且並無保證收益及配息),,境外,1/8,,,-1.27,0.23,-10.18,6.23,12.44,-5.02,,11.57,-0.02,0.09,08/18,駿利亨德森遠見基金亞太地產收益基金A4月配美元本基金之配息來源可能為本金且並無保證收益及配息
駿利亨德森遠見基金-亞太地產收益基金A5月配美元(本基金之配息來源可能為本金且並無保證收益及配息),,境外,1/8,,,-1.26,0.21,-10.22,6.13,12.18,-5.25,,11.58,-0.02,0.09,08/18,駿利亨德森遠見基金亞太地產收益基金A5月配美元本基金之配息來源可能為本金且並無保證收益及配息
駿利亨德森遠見基金-亞太地產收益基金A2美元(本基金並無保證收益),,境外,1/8,,,-1.28,0.2,-10.25,6.11,12.21,-5.32,,11.59,-0.02,0.09,08/18,駿利亨德森遠見基金亞太地產收益基金A2美元本基金並無保證收益
匯豐環球投資基金-亞洲債券AM3HSGD(本基金有相當比重投資於非投資等級之高風險債券且配息來源可能為本金),,境外,1/8,,,-0.59,0.87,-2.01,5.51,14.27,,,2.95,-0.23,0.82,08/18,匯豐環球投資基金亞洲債券AM3HSGD本基金有相當比重投資於非投資等級之高風險債券且配息來源可能為本金
富蘭克林坦伯頓全球投資系列亞洲債券基金美元A(acc)(本基金之配息來源可能為本金),,境外,1/8,,,1.19,3.58,-1.21,4.6,4.13,7.8,,5.91,-0.13,0.86,08/18,富蘭克林坦伯頓全球投資系列亞洲債券基金美元Aacc本基金之配息來源可能為本金
富蘭克林坦伯頓全球投資系列亞洲債券基金美元A(Mdis)(本基金之配息來源可能為本金),,境外,1/8,,,1.12,3.62,-1.21,4.54,4.12,7.8,,5.91,-0.13,0.86,08/18,富蘭克林坦伯頓全球投資系列亞洲債券基金美元AMdis本基金之配息來源可能為本金
美盛西方資產亞洲機會債券基金優類股美元累積型(本基金之配息來源可能為本金),,境外,1/8,,,0.57,2.77,-1.21,3.95,12.01,17.36,,4.53,-0.21,0.79,08/18,美盛西方資產亞洲機會債券基金優類股美元累積型本基金之配息來源可能為本金
美盛西方資產亞洲機會債券基金A類股美元增益配息型(M)(本基金之配息來源可能為本金),,境外,1/8,,,0.53,2.6,-1.53,3.29,9.86,13.6,,4.53,-0.25,0.78,08/18,美盛西方資產亞洲機會債券基金A類股美元增益配息型M本基金之配息來源可能為本金
美盛西方資產亞洲機會債券基金A類股美元累積型(本基金之配息來源可能為本金),,境外,1/8,,,0.52,2.61,-1.53,3.28,9.85,13.6,,4.53,-0.25,0.79,08/18,美盛西方資產亞洲機會債券基金A類股美元累積型本基金之配息來源可能為本金
美盛西方資產亞洲機會債券基金A類股美元配息型(M)(本基金之配息來源可能為本金),,境外,1/8,,,0.51,2.6,-1.54,3.27,9.85,13.6,,4.52,-0.26,0.79,08/18,美盛西方資產亞洲機會債券基金A類股美元配息型M本基金之配息來源可能為本金
越秀房地產信託基金0405.HK,,境外,1/8,,,-4.09,-13.82,-21.79,-27.09,-55.24,-81.85,,13.16,-0.81,0.15,08/19,越秀房地產信託基金0405.HK
聯博-亞洲股票基金AD月配南非幣避險級別(基金之配息來源可能為本金),,境外,1/9,,,5.28,4.54,11.29,73.98,150.88,89.04,,22.91,0.54,1.36,08/18,聯博亞洲股票基金AD月配南非幣避險級別基金之配息來源可能為本金
聯博-亞洲股票基金A澳幣避險級別(基金之配息來源可能為本金),,境外,1/9,,,4.95,0.82,12.34,71.51,117.79,67.83,,23.07,0.51,1.37,08/18,聯博亞洲股票基金A澳幣避險級別基金之配息來源可能為本金
聯博-亞洲股票基金AD月配澳幣避險級別(基金之配息來源可能為本金),,境外,1/9,,,4.93,0.86,12.39,71.49,117.65,67.63,,23.04,0.51,1.37,08/18,聯博亞洲股票基金AD月配澳幣避險級別基金之配息來源可能為本金
富達基金-亞洲成長趨勢基金(Y股累計美元),,境外,1/9,,,5.43,5.46,23.52,68.15,111.76,80.64,,27.29,0.52,1.62,08/18,富達基金亞洲成長趨勢基金Y股累計美元
高盛基金III - 高盛亞洲收益基金X股對沖級別澳幣(月配息)(本基金之配息來源可能為本金且並無保證收益及配息),,境外,1/9,,,4.56,-6.6,10.84,67.69,126.85,69.6,,20.69,0.53,0.76,08/18,高盛基金III高盛亞洲收益基金X股對沖級別澳幣月配息本基金之配息來源可能為本金且並無保證收益及配息
富達基金-亞洲成長趨勢基金(A股累計美元),,境外,1/9,,,5.37,5.23,22.99,66.73,106.48,73.12,,27.26,0.51,1.62,08/18,富達基金亞洲成長趨勢基金A股累計美元
富達基金-亞洲成長趨勢基金(A股美元),,境外,1/9,,,5.35,5.24,22.98,66.71,106.46,73.13,,27.25,0.51,1.62,08/18,富達基金亞洲成長趨勢基金A股美元
富達基金-亞洲成長趨勢基金(A股累計歐元),,境外,1/9,,,5.32,5.08,23.2,66.6,106.44,72.92,,27.32,0.52,1.55,08/18,富達基金亞洲成長趨勢基金A股累計歐元
聯博-亞洲股票基金ED月配澳幣避險級別(基金之配息來源可能為本金),,境外,1/9,,,4.37,-0.68,8.98,63.09,93.7,,,23.03,0.45,1.37,08/18,聯博亞洲股票基金ED月配澳幣避險級別基金之配息來源可能為本金
安聯亞洲總回報股票基金-AM穩定月收類股(澳幣避險)(基金之配息來源可能為本金),,境外,1/9,,,6.92,0.15,17.88,62.9,93.93,33.41,,22.66,0.45,1.32,08/18,安聯亞洲總回報股票基金AM穩定月收類股澳幣避險基金之配息來源可能為本金
野村基金(愛爾蘭系列)-亞洲(日本除外)精選核心股票基金(I美元類股),,境外,1/9,,,5.92,1.26,15.35,62.6,94.88,64.53,,23.63,0.55,1.4,08/18,野村基金愛爾蘭系列亞洲日本除外精選核心股票基金I美元類股
野村基金(愛爾蘭系列)-亞洲(日本除外)精選核心股票基金(TI美元類股),,境外,1/9,,,5.9,1.2,15.22,62.23,,,,23.62,0.54,1.4,08/18,野村基金愛爾蘭系列亞洲日本除外精選核心股票基金TI美元類股
野村基金(愛爾蘭系列)-亞洲(日本除外)精選核心股票基金(B美元類股),,境外,1/9,,,5.8,0.91,14.59,60.67,,,,23.59,0.53,1.4,08/18,野村基金愛爾蘭系列亞洲日本除外精選核心股票基金B美元類股
聯博-亞洲股票基金S1級別美元(基金之配息來源可能為本金),,境外,1/9,,,3.52,2.29,12.33,60.07,111.2,96.09,,23.22,0.53,1.38,08/18,聯博亞洲股票基金S1級別美元基金之配息來源可能為本金
聯博-亞洲股票基金I級別美元(基金之配息來源可能為本金),,境外,1/9,,,3.52,2.24,12.23,59.9,110.34,94.87,,23.21,0.53,1.38,08/18,聯博亞洲股票基金I級別美元基金之配息來源可能為本金
柏瑞環球基金-柏瑞亞洲(日本除外)股票基金Y,,境外,1/9,,,6.22,4.42,22.59,59.12,94.12,39.63,,24.26,0.51,1.42,08/18,柏瑞環球基金柏瑞亞洲日本除外股票基金Y
聯博-亞洲股票基金AD級別歐元(基金之配息來源可能為本金),,境外,1/9,,,3.47,2.05,12.7,58.68,105.43,87.2,,24.03,0.52,1.28,08/18,聯博亞洲股票基金AD級別歐元基金之配息來源可能為本金
聯博-亞洲股票基金AD級別美元(基金之配息來源可能為本金),,境外,1/9,,,3.45,2.08,11.78,58.6,105.36,87.16,,23.19,0.52,1.38,08/18,聯博亞洲股票基金AD級別美元基金之配息來源可能為本金
聯博-亞洲股票基金A級別歐元(基金之配息來源可能為本金),,境外,1/9,,,3.47,1.98,12.65,58.58,105.26,87.03,,24.05,0.52,1.28,08/18,聯博亞洲股票基金A級別歐元基金之配息來源可能為本金
聯博-亞洲股票基金A級別美元(基金之配息來源可能為本金),,境外,1/9,,,3.43,2.05,11.79,58.57,105.33,87.17,,23.17,0.52,1.38,08/18,聯博亞洲股票基金A級別美元基金之配息來源可能為本金
聯博-亞洲股票基金AD月配英鎊避險級別(基金之配息來源可能為本金),,境外,1/9,,,3.97,2.67,11.73,57.89,114.6,75.12,,23.08,0.52,1.37,08/18,聯博亞洲股票基金AD月配英鎊避險級別基金之配息來源可能為本金
柏瑞環球基金-柏瑞亞洲(日本除外)股票基金A,,境外,1/9,,,6.15,4.21,22.1,57.85,89.52,34.11,,24.24,0.5,1.42,08/18,柏瑞環球基金柏瑞亞洲日本除外股票基金A
安聯亞太高息股票基金-AM穩定月收類股(歐元)(本基金之配息來源可能為本金且無保證收益及配息),,境外,1/9,,,4.98,3.44,21.53,57.79,97.56,81.99,,23.01,0.53,1.19,08/18,安聯亞太高息股票基金AM穩定月收類股歐元本基金之配息來源可能為本金且無保證收益及配息
安聯亞太高息股票基金-A配息類股(歐元)(本基金之配息來源可能為本金且無保證收益及配息),,境外,1/9,,,4.98,3.42,21.47,57.69,97.36,83.48,,23.03,0.53,1.2,08/18,安聯亞太高息股票基金A配息類股歐元本基金之配息來源可能為本金且無保證收益及配息
安聯亞太高息股票基金-AM穩定月收類股(美元)(本基金之配息來源可能為本金且無保證收益及配息),,境外,1/9,,,4.97,3.61,20.68,57.6,97.69,83.58,,22.62,0.53,1.3,08/18,安聯亞太高息股票基金AM穩定月收類股美元本基金之配息來源可能為本金且無保證收益及配息
貝萊德亞洲巨龍基金Hedged A2澳幣,,境外,1/9,,,7.44,2.33,16.04,57.56,83.41,40.48,,19.12,0.48,1.13,08/18,貝萊德亞洲巨龍基金HedgedA2澳幣
聯博-亞洲股票基金ED月配級別美元(基金之配息來源可能為本金),,境外,1/9,,,3.34,1.81,11.27,57.03,99.32,78.04,,23.13,0.51,1.38,08/18,聯博亞洲股票基金ED月配級別美元基金之配息來源可能為本金
宏利環球基金-亞洲股票基金AA股(本基金非屬環境、社會及治理相關主題之境外基金),,境外,1/9,,,3.33,4.32,18.42,55.76,86.04,72.87,,17.77,0.63,1.01,08/18,宏利環球基金亞洲股票基金AA股本基金非屬環境、社會及治理相關主題之境外基金
法巴亞洲(日本除外)股票基金/月配 (美元)(基金之配息來源可能為本金，本基金非屬環境、社會、治理相關主題基金),,境外,1/9,,,3.04,2.96,23.66,55.65,97.41,63.41,,22.68,0.51,1.28,08/18,法巴亞洲日本除外股票基金/月配美元基金之配息來源可能為本金，本基金非屬環境、社會、治理相關主題基金
法巴亞洲(日本除外)股票基金 C (美元)(本基金非屬環境、社會、治理相關主題基金),,境外,1/9,,,3.04,2.96,23.66,55.62,97.42,63.4,,22.68,0.51,1.28,08/18,法巴亞洲日本除外股票基金C美元本基金非屬環境、社會、治理相關主題基金
法巴亞洲(日本除外)股票基金/年配 (歐元)(基金之配息來源可能為本金，本基金非屬環境、社會、治理相關主題基金),,境外,1/9,,,3.02,2.74,24.0,55.51,97.09,63.03,,22.54,0.52,1.19,08/18,法巴亞洲日本除外股票基金/年配歐元基金之配息來源可能為本金，本基金非屬環境、社會、治理相關主題基金
法巴亞洲(日本除外)股票基金 C (歐元)(本基金非屬環境、社會、治理相關主題基金),,境外,1/9,,,3.02,2.74,23.98,55.48,97.09,63.08,,22.53,0.52,1.19,08/18,法巴亞洲日本除外股票基金C歐元本基金非屬環境、社會、治理相關主題基金
聯博-亞洲股票基金AD月配加幣避險級別(基金之配息來源可能為本金),,境外,1/9,,,4.16,0.34,9.2,54.56,91.39,59.21,,23.21,0.5,1.38,08/18,聯博亞洲股票基金AD月配加幣避險級別基金之配息來源可能為本金
安聯亞洲多元收益基金-AMg穩定月收總收益類股(澳幣避險)(本基金有相當比重投資於非投資等級之高風險債券且配息來源可能為本金),,境外,1/9,,,4.79,1.96,15.4,54.21,78.67,32.82,,16.04,0.52,0.93,08/18,安聯亞洲多元收益基金AMg穩定月收總收益類股澳幣避險本基金有相當比重投資於非投資等級之高風險債券且配息來源可能為本金
施羅德環球基金系列-亞洲收益股票(南非幣避險)A-月配固定(C)(基金之配息來源可能為本金),,境外,1/9,,,6.4,6.52,11.57,53.77,130.75,87.8,,14.99,0.56,0.91,08/18,施羅德環球基金系列亞洲收益股票南非幣避險A月配固定C基金之配息來源可能為本金
聯博-亞洲股票基金AD月配紐幣避險級別(基金之配息來源可能為本金),,境外,1/9,,,3.76,1.35,8.78,53.41,94.2,47.86,,23.12,0.49,1.37,08/18,聯博亞洲股票基金AD月配紐幣避險級別基金之配息來源可能為本金
百達-亞洲股票(不含日本)-I美元,,境外,1/9,,,5.42,4.1,18.26,52.97,90.41,53.86,,24.44,0.46,1.45,08/18,百達亞洲股票不含日本I美元
高盛基金III - 高盛亞洲收益基金X股美元(本基金並無保證收益),,境外,1/9,,,4.8,-4.15,10.81,52.79,106.13,66.66,,21.56,0.51,1.18,08/18,高盛基金III高盛亞洲收益基金X股美元本基金並無保證收益
高盛基金III - 高盛亞洲收益基金X股美元(月配息)(本基金之配息來源可能為本金且並無保證收益及配息),,境外,1/9,,,4.8,-4.15,10.8,52.77,106.16,66.64,,21.57,0.51,0.77,08/18,高盛基金III高盛亞洲收益基金X股美元月配息本基金之配息來源可能為本金且並無保證收益及配息
晉達環球策略基金-亞洲股票基金I累積股份,,境外,1/9,,,3.31,3.36,16.59,52.63,115.08,92.13,,20.71,0.52,1.23,08/18,晉達環球策略基金亞洲股票基金I累積股份
安聯亞洲總回報股票基金-IT2累積類股(美元),,境外,1/9,,,5.54,1.69,18.18,52.58,89.82,57.77,,22.79,0.48,1.33,08/18,安聯亞洲總回報股票基金IT2累積類股美元
施羅德環球基金系列-亞洲收益股票(南非幣避險)U-月配固定(C)(基金之配息來源可能為本金),,境外,1/9,,,6.3,6.24,10.97,52.18,124.09,78.76,,14.97,0.54,0.91,08/18,施羅德環球基金系列亞洲收益股票南非幣避險U月配固定C基金之配息來源可能為本金
施羅德環球基金系列-亞洲收益股票(澳幣避險)A-月配固定(C)(基金之配息來源可能為本金),,境外,1/9,,,6.04,2.79,12.56,51.43,98.64,64.98,,14.92,0.52,0.91,08/18,施羅德環球基金系列亞洲收益股票澳幣避險A月配固定C基金之配息來源可能為本金
摩根基金-亞太股票基金A股(美元)(累計),,境外,1/9,,,4.95,3.99,16.04,51.41,100.1,81.7,,18.23,0.57,1.11,08/18,摩根基金亞太股票基金A股美元累計
高盛基金III - 高盛亞洲收益基金Y股美元(月配息)(本基金之配息來源可能為本金且並無保證收益及配息),,境外,1/9,,,4.71,-4.39,10.23,51.26,100.12,58.54,,21.56,0.49,1.18,08/18,高盛基金III高盛亞洲收益基金Y股美元月配息本基金之配息來源可能為本金且並無保證收益及配息
晉達環球策略基金-亞洲股票基金A累積股份,,境外,1/9,,,3.23,3.12,16.06,51.2,109.06,83.33,,20.69,0.51,1.23,08/18,晉達環球策略基金亞洲股票基金A累積股份
安聯亞洲總回報股票基金-AMg穩定月收總收益類股(美元)(基金之配息來源可能為本金),,境外,1/9,,,5.45,1.46,17.62,51.1,84.28,50.06,,22.76,0.47,1.33,08/18,安聯亞洲總回報股票基金AMg穩定月收總收益類股美元基金之配息來源可能為本金
安聯亞洲總回報股票基金-AM穩定月收類股(美元)(基金之配息來源可能為本金),,境外,1/9,,,5.45,1.45,17.61,51.09,84.23,50.04,,22.76,0.47,1.33,08/18,安聯亞洲總回報股票基金AM穩定月收類股美元基金之配息來源可能為本金
安聯亞洲總回報股票基金-A配息類股(美元)(基金之配息來源可能為本金),,境外,1/9,,,5.45,1.43,17.59,51.04,84.18,50.01,,22.77,0.47,1.33,08/18,安聯亞洲總回報股票基金A配息類股美元基金之配息來源可能為本金
百達-亞洲股票(不含日本)-R歐元,,境外,1/9,,,5.22,3.62,18.13,51.03,82.98,44.22,,24.74,0.44,1.37,08/18,百達亞洲股票不含日本R歐元
百達-亞洲股票(不含日本)-R美元,,境外,1/9,,,5.3,3.75,17.49,50.98,83.09,44.23,,24.42,0.44,1.45,08/18,百達亞洲股票不含日本R美元
晉達環球策略基金-亞洲股票基金C收益股份,,境外,1/9,,,3.16,2.93,15.61,50.07,104.4,76.58,,20.67,0.5,1.23,08/18,晉達環球策略基金亞洲股票基金C收益股份
施羅德環球基金系列-亞洲收益股票(澳幣避險)U-月配固定(C)(基金之配息來源可能為本金),,境外,1/9,,,5.95,2.54,11.99,49.93,92.7,56.9,,14.9,0.5,0.91,08/18,施羅德環球基金系列亞洲收益股票澳幣避險U月配固定C基金之配息來源可能為本金
施羅德環球基金系列-新興亞洲(歐元)A-累積,,境外,1/9,,,6.42,1.78,13.73,48.64,83.66,63.6,,21.21,0.49,1.21,08/18,施羅德環球基金系列新興亞洲歐元A累積
施羅德環球基金系列-新興亞洲(美元)A-累積,,境外,1/9,,,6.53,1.86,13.05,48.56,83.95,63.52,,21.79,0.46,1.3,08/18,施羅德環球基金系列新興亞洲美元A累積
施羅德環球基金系列-亞洲總回報(美元)A-累積,,境外,1/9,,,5.37,5.27,20.26,48.0,95.44,77.09,,19.63,0.5,0.81,08/18,施羅德環球基金系列亞洲總回報美元A累積
施羅德環球基金系列-新興亞洲(歐元)A1-累積,,境外,1/9,,,6.37,1.65,13.45,47.9,80.93,59.56,,21.2,0.48,1.21,08/18,施羅德環球基金系列新興亞洲歐元A1累積
施羅德環球基金系列-新興亞洲(美元)A1-累積,,境外,1/9,,,6.48,1.73,12.77,47.82,81.22,59.49,,21.77,0.46,1.3,08/18,施羅德環球基金系列新興亞洲美元A1累積
施羅德環球基金系列-亞洲總回報(美元)A1-累積,,境外,1/9,,,5.33,5.13,19.96,47.27,92.53,72.71,,19.62,0.49,1.17,08/18,施羅德環球基金系列亞洲總回報美元A1累積
施羅德環球基金系列-新興亞洲(美元)U-累積,,境外,1/9,,,6.43,1.6,12.48,47.07,78.54,55.57,,21.76,0.45,1.29,08/18,施羅德環球基金系列新興亞洲美元U累積
普徠仕(盧森堡)系列基金-普徠仕亞洲(日本除外)股票基金I級別(美元),,境外,1/9,,,4.64,3.9,18.73,46.86,76.08,49.23,,20.98,0.46,1.22,08/18,普徠仕盧森堡系列基金普徠仕亞洲日本除外股票基金I級別美元
普徠仕(盧森堡)系列基金-普徠仕亞洲(日本除外)股票基金Q級別(美元),,境外,1/9,,,4.6,3.87,18.65,46.82,75.98,48.85,,20.99,0.46,1.22,08/18,普徠仕盧森堡系列基金普徠仕亞洲日本除外股票基金Q級別美元
貝萊德亞洲巨龍基金A2英鎊,,境外,1/9,,,5.82,3.23,16.81,46.24,74.4,58.2,,19.99,0.47,1.11,08/18,貝萊德亞洲巨龍基金A2英鎊
貝萊德亞洲巨龍基金A2歐元,,境外,1/9,,,5.86,3.55,16.5,46.05,74.27,58.18,,18.81,0.51,1.04,08/18,貝萊德亞洲巨龍基金A2歐元
貝萊德亞洲巨龍基金A2美元,,境外,1/9,,,5.94,3.69,15.81,46.02,74.39,58.21,,19.13,0.49,1.13,08/18,貝萊德亞洲巨龍基金A2美元
普徠仕(盧森堡)系列基金-普徠仕亞洲(日本除外)股票基金A級別(美元),,境外,1/9,,,4.54,3.64,18.18,45.53,71.36,42.63,,20.98,0.45,1.22,08/18,普徠仕盧森堡系列基金普徠仕亞洲日本除外股票基金A級別美元
瀚亞投資-亞洲動力股票基金A(美元),,境外,1/9,,,2.95,1.37,9.08,44.9,77.0,83.32,,16.85,0.54,1.01,08/18,瀚亞投資亞洲動力股票基金A美元
安聯亞洲多元收益基金-IT累積類股(美元)(本基金有相當比重投資於非投資等級之高風險債券),,境外,1/9,,,3.37,3.44,15.47,43.69,72.1,52.44,,16.15,0.55,0.94,08/18,安聯亞洲多元收益基金IT累積類股美元本基金有相當比重投資於非投資等級之高風險債券
富達基金-亞洲股票ESG基金(Y股累計美元),,境外,1/9,,,1.56,4.88,11.05,43.04,67.76,51.93,,18.73,0.47,1.1,08/18,富達基金亞洲股票ESG基金Y股累計美元
安聯亞洲多元收益基金-AMg穩定月收總收益類股(美元)(本基金有相當比重投資於非投資等級之高風險債券且配息來源可能為本金),,境外,1/9,,,3.32,3.3,15.12,42.8,68.91,47.61,,16.14,0.53,0.94,08/18,安聯亞洲多元收益基金AMg穩定月收總收益類股美元本基金有相當比重投資於非投資等級之高風險債券且配息來源可能為本金
安聯亞洲多元收益基金-AT累積類股(美元)(本基金有相當比重投資於非投資等級之高風險債券),,境外,1/9,,,3.31,3.27,15.09,42.76,68.8,47.53,,16.14,0.53,0.94,08/18,安聯亞洲多元收益基金AT累積類股美元本基金有相當比重投資於非投資等級之高風險債券
安本基金-亞太永續股票基金X累積美元,,境外,1/9,,,5.49,3.99,14.51,42.71,67.2,43.28,,18.53,0.47,1.1,08/18,安本基金亞太永續股票基金X累積美元
柏瑞環球基金-柏瑞亞洲(日本除外)小型公司股票基金Y,,境外,1/9,,,10.74,5.24,21.3,42.26,69.38,52.78,,22.43,0.39,1.16,08/18,柏瑞環球基金柏瑞亞洲日本除外小型公司股票基金Y
富達基金-亞洲股票ESG基金(A股美元),,境外,1/9,,,1.53,4.72,10.63,41.83,63.59,45.66,,18.69,0.46,1.1,08/18,富達基金亞洲股票ESG基金A股美元
富達基金-亞洲股票ESG基金(A股累計美元),,境外,1/9,,,1.51,4.67,10.6,41.79,63.58,45.57,,18.73,0.46,1.1,08/18,富達基金亞洲股票ESG基金A股累計美元
富達基金-亞洲股票ESG基金(A股累計歐元),,境外,1/9,,,1.47,4.51,10.81,41.73,63.53,45.39,,18.49,0.47,1.03,08/18,富達基金亞洲股票ESG基金A股累計歐元
富達基金-亞洲股票ESG基金(A股歐元),,境外,1/9,,,1.44,4.52,10.78,41.65,63.5,45.32,,18.54,0.47,1.03,08/18,富達基金亞洲股票ESG基金A股歐元
安本基金-亞太永續股票基金A累積美元,,境外,1/9,,,5.42,3.79,14.07,41.64,63.49,38.0,,18.52,0.46,1.1,08/18,安本基金亞太永續股票基金A累積美元
富達基金-新興亞洲基金(Y股累計美元),,境外,1/9,,,3.84,2.04,9.92,41.54,79.64,87.35,,19.74,0.43,1.18,08/18,富達基金新興亞洲基金Y股累計美元
柏瑞環球基金-柏瑞亞洲(日本除外)小型公司股票基金A,,境外,1/9,,,10.67,5.02,20.82,41.12,65.37,46.79,,22.41,0.38,1.15,08/18,柏瑞環球基金柏瑞亞洲日本除外小型公司股票基金A
新加坡大華亞洲成長良機基金-USD,,境外,1/9,,,4.2,7.07,12.79,40.87,62.64,70.04,,17.39,0.48,1.04,08/18,新加坡大華亞洲成長良機基金USD
新加坡大華亞洲成長良機基金,,境外,1/9,,,4.17,6.93,13.18,40.8,62.73,69.96,,16.88,0.48,0.96,08/18,新加坡大華亞洲成長良機基金
富達基金-新興亞洲基金(A股累計美元),,境外,1/9,,,3.76,1.83,9.44,40.35,75.07,79.55,,19.72,0.42,1.18,08/18,富達基金新興亞洲基金A股累計美元
施羅德環球基金系列-亞洲收益股票(美元)A-累積,,境外,1/9,,,4.53,4.19,12.31,40.34,89.03,85.81,,14.93,0.54,0.91,08/18,施羅德環球基金系列亞洲收益股票美元A累積
施羅德環球基金系列-亞洲收益股票(美元)A-月配固定(基金之配息來源可能為本金),,境外,1/9,,,4.53,4.2,12.31,40.34,89.0,85.76,,14.93,0.54,0.91,08/18,施羅德環球基金系列亞洲收益股票美元A月配固定基金之配息來源可能為本金
富達基金-新興亞洲基金(A股美元),,境外,1/9,,,3.74,1.84,9.46,40.32,75.03,79.52,,19.69,0.42,1.18,08/18,富達基金新興亞洲基金A股美元
匯豐環球投資基金-亞洲股票(日本除外)AD(本基金配息來源可能為本金),,境外,1/9,,,2.66,0.72,9.14,40.29,80.34,45.15,,21.07,0.4,1.24,08/18,匯豐環球投資基金亞洲股票日本除外AD本基金配息來源可能為本金
景順亞洲動力基金C股美元,,境外,1/9,,,3.46,5.77,9.93,40.27,74.3,85.9,,14.51,0.55,0.86,08/18,景順亞洲動力基金C股美元
富達基金-新興亞洲基金(A股歐元),,境外,1/9,,,3.71,1.69,9.65,40.27,75.03,79.33,,18.73,0.45,1.11,08/18,富達基金新興亞洲基金A股歐元
景順亞洲動力基金C-年配息股美元,,境外,1/9,,,3.48,5.74,9.93,40.27,74.31,85.95,,14.54,0.55,0.86,08/18,景順亞洲動力基金C年配息股美元
富達基金-新興亞洲基金(A股累計歐元),,境外,1/9,,,3.69,1.68,9.62,40.24,75.06,79.35,,18.73,0.45,1.11,08/18,富達基金新興亞洲基金A股累計歐元
施羅德環球基金系列-亞洲收益股票(美元)A1-累積,,境外,1/9,,,4.48,4.06,12.03,39.64,86.21,81.21,,14.92,0.53,0.91,08/18,施羅德環球基金系列亞洲收益股票美元A1累積
施羅德環球基金系列-亞洲收益股票(美元)A1-月配固定(基金之配息來源可能為本金),,境外,1/9,,,4.49,4.07,12.03,39.64,86.19,81.18,,14.92,0.53,0.91,08/18,施羅德環球基金系列亞洲收益股票美元A1月配固定基金之配息來源可能為本金
景順亞洲動力基金A-年配息股美元,,境外,1/9,,,3.39,5.57,9.58,39.45,71.09,80.35,,14.52,0.54,0.86,08/18,景順亞洲動力基金A年配息股美元
景順亞洲動力基金A-穩定月配息股美元(基金之配息來源可能為本金),,境外,1/9,,,3.39,5.63,9.65,39.39,71.13,,,14.47,0.54,0.86,08/18,景順亞洲動力基金A穩定月配息股美元基金之配息來源可能為本金
施羅德環球基金系列-亞洲收益股票(美元)U-月配固定(基金之配息來源可能為本金),,境外,1/9,,,4.44,3.93,11.74,38.96,83.54,76.83,,14.91,0.52,0.91,08/18,施羅德環球基金系列亞洲收益股票美元U月配固定基金之配息來源可能為本金
施羅德環球基金系列-亞洲收益股票(美元)U-累積,,境外,1/9,,,4.44,3.92,11.76,38.95,83.47,76.77,,14.92,0.52,0.91,08/18,施羅德環球基金系列亞洲收益股票美元U累積
摩根亞洲股票高息基金(美元)(累計)(本基金並無保證收益及配息),,境外,1/9,,,3.81,4.59,12.1,38.6,79.53,87.68,,12.4,0.61,0.75,08/18,摩根亞洲股票高息基金美元累計本基金並無保證收益及配息
惠理高息股票基金A2 MDis澳幣避險級別(本基金配息來源可能為本金且無保證收益及配息),,境外,1/9,,,6.41,-1.73,4.78,38.55,75.97,40.96,,12.76,0.4,0.69,08/18,惠理高息股票基金A2MDis澳幣避險級別本基金配息來源可能為本金且無保證收益及配息
摩根亞洲小型企業基金數位級別(美元)(累計),,境外,1/9,,,6.05,0.67,9.17,38.2,,,,18.34,0.42,0.98,08/18,摩根亞洲小型企業基金數位級別美元累計
施羅德環球基金系列-亞洲可轉換債券(美元)A-累積(基金主要係投資於非投資等級之高風險債券),,境外,1/9,,,4.97,5.76,11.0,37.82,77.37,77.54,,12.01,0.62,0.45,08/18,施羅德環球基金系列亞洲可轉換債券美元A累積基金主要係投資於非投資等級之高風險債券
駿利亨德森遠見基金-亞洲股息收益基金I2美元(本基金並無保證收益),,境外,1/9,,,5.29,5.47,9.28,37.73,84.93,80.16,,15.0,0.5,0.87,08/18,駿利亨德森遠見基金亞洲股息收益基金I2美元本基金並無保證收益
施羅德環球基金系列-亞洲可轉換債券(美元)A1-累積(基金主要係投資於非投資等級之高風險債券),,境外,1/9,,,4.93,5.65,10.76,37.22,75.13,73.9,,12.01,0.61,0.76,08/18,施羅德環球基金系列亞洲可轉換債券美元A1累積基金主要係投資於非投資等級之高風險債券
摩根亞洲小型企業基金,,境外,1/9,,,5.92,0.43,8.73,37.11,70.07,46.68,,18.28,0.41,0.97,08/18,摩根亞洲小型企業基金
駿利亨德森遠見基金-亞洲股息收益基金A3季配美元(本基金之配息來源可能為本金且並無保證收益及配息),,境外,1/9,,,5.23,5.28,8.76,36.57,79.83,71.86,,15.07,0.48,0.87,08/18,駿利亨德森遠見基金亞洲股息收益基金A3季配美元本基金之配息來源可能為本金且並無保證收益及配息
駿利亨德森遠見基金-亞洲股息收益基金A2美元(本基金並無保證收益),,境外,1/9,,,5.18,5.22,8.74,36.37,79.67,71.76,,14.93,0.48,0.86,08/18,駿利亨德森遠見基金亞洲股息收益基金A2美元本基金並無保證收益
景順亞洲機遇股票基金C股美元,,境外,1/9,,,3.83,0.92,10.86,36.36,76.63,53.34,,20.44,0.37,1.24,08/18,景順亞洲機遇股票基金C股美元
駿利亨德森遠見基金-亞洲股息收益基金A4月配美元(本基金之配息來源可能為本金且並無保證收益及配息),,境外,1/9,,,5.24,5.19,8.82,36.35,79.66,71.88,,15.04,0.48,0.87,08/18,駿利亨德森遠見基金亞洲股息收益基金A4月配美元本基金之配息來源可能為本金且並無保證收益及配息
景順亞洲機遇股票基金A-半年配息股美元,,境外,1/9,,,3.76,0.76,10.56,35.6,73.47,48.75,,20.37,0.36,1.23,08/18,景順亞洲機遇股票基金A半年配息股美元
景順亞洲機遇股票基金A股美元,,境外,1/9,,,3.77,0.77,10.53,35.54,73.47,48.8,,20.43,0.36,1.23,08/18,景順亞洲機遇股票基金A股美元
景順亞洲機遇股票基金B股美元,,境外,1/9,,,3.69,0.55,10.04,34.35,68.86,42.27,,20.41,0.34,1.23,08/18,景順亞洲機遇股票基金B股美元
施羅德環球基金系列-亞洲可轉換債券(歐元避險)A-累積(基金主要係投資於非投資等級之高風險債券),,境外,1/9,,,6.08,4.5,7.94,33.79,77.6,58.31,,11.97,0.57,0.45,08/18,施羅德環球基金系列亞洲可轉換債券歐元避險A累積基金主要係投資於非投資等級之高風險債券
景順亞洲資產配置基金A-穩定月配息(澳幣對沖)股澳幣(基金之配息來源可能為本金),,境外,1/9,,,2.78,-0.27,6.07,33.5,49.83,10.6,,12.69,0.31,0.78,08/18,景順亞洲資產配置基金A穩定月配息澳幣對沖股澳幣基金之配息來源可能為本金
施羅德環球基金系列-亞洲可轉換債券(歐元避險)A1-累積(基金主要係投資於非投資等級之高風險債券),,境外,1/9,,,6.03,4.38,7.69,33.17,75.33,55.02,,11.97,0.55,0.73,08/18,施羅德環球基金系列亞洲可轉換債券歐元避險A1累積基金主要係投資於非投資等級之高風險債券
安本基金-亞洲小型公司基金X累積美元,,境外,1/9,,,10.22,6.84,14.89,32.48,82.43,70.15,,18.74,0.35,0.52,08/18,安本基金亞洲小型公司基金X累積美元
安本基金-亞洲小型公司基金A累積美元,,境外,1/9,,,10.15,6.64,14.45,31.49,78.43,64.42,,18.73,0.34,0.98,08/18,安本基金亞洲小型公司基金A累積美元
惠理高息股票基金Z級別(本基金並無保證收益及配息),,境外,1/9,,,4.99,-0.43,4.69,29.05,66.93,59.11,,12.99,0.43,0.7,08/18,惠理高息股票基金Z級別本基金並無保證收益及配息
惠理高息股票基金A1級別(本基金並無保證收益及配息),,境外,1/9,,,4.95,-0.58,4.4,28.46,64.74,55.85,,13.01,0.41,0.7,08/18,惠理高息股票基金A1級別本基金並無保證收益及配息
惠理高息股票基金A2 Mdis級別(本基金配息來源可能為本金且無保證收益及配息),,境外,1/9,,,4.9,-0.58,4.34,28.44,65.02,56.14,,13.0,0.41,0.7,08/18,惠理高息股票基金A2Mdis級別本基金配息來源可能為本金且無保證收益及配息
惠理高息股票基金A2 MDis英鎊避險級別(本基金配息來源可能為本金且無保證收益及配息),,境外,1/9,,,5.4,0.07,4.58,28.24,72.82,47.25,,12.81,0.41,0.69,08/18,惠理高息股票基金A2MDis英鎊避險級別本基金配息來源可能為本金且無保證收益及配息
富達基金-亞洲非投資等級債券基金(A股H月配息澳幣避險)(本基金之配息來源可能為本金),,境外,1/9,,,1.62,3.68,5.0,25.98,49.65,-8.2,,3.75,0.55,0.91,08/18,富達基金亞洲非投資等級債券基金A股H月配息澳幣避險本基金之配息來源可能為本金
惠理高息股票基金A2 MDis加幣避險級別(本基金配息來源可能為本金且無保證收益及配息),,境外,1/9,,,5.78,-2.02,2.12,25.29,54.5,33.65,,13.01,0.37,0.7,08/18,惠理高息股票基金A2MDis加幣避險級別本基金配息來源可能為本金且無保證收益及配息
惠理高息股票基金A2 MDis紐幣避險級別(本基金配息來源可能為本金且無保證收益及配息),,境外,1/9,,,5.27,-0.93,2.04,25.2,57.78,25.48,,12.83,0.38,0.69,08/18,惠理高息股票基金A2MDis紐幣避險級別本基金配息來源可能為本金且無保證收益及配息
景順亞洲消費動力基金C股美元,,境外,1/9,,,3.12,1.55,7.57,25.12,60.47,37.66,,17.53,0.27,1.08,08/18,景順亞洲消費動力基金C股美元
景順亞洲消費動力基金A股美元,,境外,1/9,,,3.07,1.4,7.23,24.39,57.64,33.59,,17.51,0.26,1.07,08/18,景順亞洲消費動力基金A股美元
景順亞洲消費動力基金A-半年配息股美元,,境外,1/9,,,3.07,1.36,7.23,24.36,57.64,33.57,,17.52,0.26,1.07,08/18,景順亞洲消費動力基金A半年配息股美元
景順亞洲資產配置基金A-穩定月配息股美元(基金之配息來源可能為本金),,境外,1/9,,,1.44,0.92,5.54,23.3,41.08,21.86,,12.7,0.33,0.78,08/18,景順亞洲資產配置基金A穩定月配息股美元基金之配息來源可能為本金
iShares MSCI亞太指數EPP.US,,境外,1/9,,,2.33,6.26,5.57,23.03,59.99,58.45,,12.53,0.33,0.3,08/18,iSharesMSCI亞太指數EPP.US
貝萊德亞洲老虎債券基金A8多幣別穩定月配息股份-南非幣避險(基金有相當比重投資於非投資等級之高風險債券且配息來源可能為本金),,境外,1/9,,,0.89,4.97,1.14,23.0,56.56,20.0,,2.99,0.52,0.78,08/18,貝萊德亞洲老虎債券基金A8多幣別穩定月配息股份南非幣避險基金有相當比重投資於非投資等級之高風險債券且配息來源可能為本金
匯豐環球投資基金-亞洲小型公司股票(日本除外)AD(本基金配息來源可能為本金),,境外,1/9,,,6.15,1.46,5.57,22.28,58.53,41.89,,19.1,0.22,1.15,08/18,匯豐環球投資基金亞洲小型公司股票日本除外AD本基金配息來源可能為本金
匯豐環球投資基金-亞洲小型公司股票(日本除外)AC(本基金配息來源可能為本金),,境外,1/9,,,6.15,1.45,5.57,22.28,58.53,41.89,,19.1,0.22,1.15,08/18,匯豐環球投資基金亞洲小型公司股票日本除外AC本基金配息來源可能為本金
貝萊德亞洲老虎債券基金A8多幣別穩定月配息股份-澳幣避險(基金有相當比重投資於非投資等級之高風險債券且配息來源可能為本金),,境外,1/9,,,0.52,1.31,1.85,20.78,34.34,5.24,,2.86,0.29,0.74,08/18,貝萊德亞洲老虎債券基金A8多幣別穩定月配息股份澳幣避險基金有相當比重投資於非投資等級之高風險債券且配息來源可能為本金
富蘭克林坦伯頓全球投資系列亞洲小型企業基金歐元A(acc),,境外,1/9,,,4.71,9.52,8.52,19.53,47.07,45.73,,14.73,0.24,0.78,08/18,富蘭克林坦伯頓全球投資系列亞洲小型企業基金歐元Aacc
富蘭克林坦伯頓全球投資系列亞洲小型企業基金美元A(acc),,境外,1/9,,,4.69,9.6,8.53,19.52,47.05,45.74,,15.62,0.22,0.85,08/18,富蘭克林坦伯頓全球投資系列亞洲小型企業基金美元Aacc
富蘭克林坦伯頓全球投資系列亞洲小型企業基金美元A(Ydis),,境外,1/9,,,4.68,9.59,8.52,19.52,47.04,45.74,,15.61,0.22,0.85,08/18,富蘭克林坦伯頓全球投資系列亞洲小型企業基金美元AYdis
法巴永續亞洲城市債券基金/月配RH澳幣(本基金有相當比重投資於非投資等級之高風險債券，基金之配息來源可能為本金),,境外,1/9,,,0.22,0.75,1.89,18.86,25.12,1.46,,2.28,0.16,0.64,08/18,法巴永續亞洲城市債券基金/月配RH澳幣本基金有相當比重投資於非投資等級之高風險債券，基金之配息來源可能為本金
安聯亞洲靈活債券基金-AM穩定月收類股(澳幣避險)(本基金有相當比重投資於非投資等級之高風險債券且配息來源可能為本金),,境外,1/9,,,0.29,0.83,1.58,18.62,26.34,-10.3,,2.37,0.13,0.63,08/18,安聯亞洲靈活債券基金AM穩定月收類股澳幣避險本基金有相當比重投資於非投資等級之高風險債券且配息來源可能為本金
富蘭克林坦伯頓全球投資系列亞洲小型企業基金美元F(acc),,境外,1/9,,,4.6,9.37,8.01,18.37,42.64,38.65,,15.6,0.2,0.85,08/18,富蘭克林坦伯頓全球投資系列亞洲小型企業基金美元Facc
富達基金-亞洲債券基金(A股H月配息澳幣避險)(本基金之配息來源可能為本金),,境外,1/9,,,-0.01,0.41,1.21,18.17,25.27,5.03,,2.71,0.07,0.77,08/18,富達基金亞洲債券基金A股H月配息澳幣避險本基金之配息來源可能為本金
瑞銀(盧森堡)亞洲非投資等級債券基金(美元)I-A1-累積,,境外,1/9,,,0.44,4.31,3.7,17.53,47.21,-0.78,,3.89,0.66,0.7,08/18,瑞銀盧森堡亞洲非投資等級債券基金美元IA1累積
瑞銀(盧森堡)亞洲非投資等級債券基金(美元),,境外,1/9,,,0.38,4.11,3.31,16.66,43.93,-4.45,,3.88,0.61,0.7,08/18,瑞銀盧森堡亞洲非投資等級債券基金美元
富達基金-亞洲非投資等級債券基金(I股月配息美元),,境外,1/9,,,0.15,4.89,4.47,16.28,40.33,0.7,,3.72,0.61,0.91,08/18,富達基金亞洲非投資等級債券基金I股月配息美元
富達基金-亞洲非投資等級債券基金(Y股穩定月配息美元)(本基金之配息來源可能為本金),,境外,1/9,,,0.13,4.85,4.36,16.07,39.65,-0.16,,3.74,0.59,0.91,08/18,富達基金亞洲非投資等級債券基金Y股穩定月配息美元本基金之配息來源可能為本金
富達基金-亞洲非投資等級債券基金(Y股累計美元),,境外,1/9,,,0.17,4.88,4.38,16.06,39.75,-0.05,,3.75,0.59,0.92,08/18,富達基金亞洲非投資等級債券基金Y股累計美元
瑞銀(盧森堡)亞洲非投資等級債券基金(美元)(月配息)(本基金之配息來源可能為本金),,境外,1/9,,,-0.28,3.43,2.63,15.91,43.04,-5.04,,3.82,0.57,0.7,08/18,瑞銀盧森堡亞洲非投資等級債券基金美元月配息本基金之配息來源可能為本金
富達基金-亞洲非投資等級債券基金(A股C月配息美元)(本基金之配息來源可能為本金),,境外,1/9,,,0.08,4.72,4.12,15.53,,,,3.74,0.56,0.06,08/18,富達基金亞洲非投資等級債券基金A股C月配息美元本基金之配息來源可能為本金
富達基金-亞洲非投資等級債券基金(A股【F1穩定月配息】美元)(本基金之配息來源可能為本金),,境外,1/9,,,0.09,4.73,4.11,15.5,37.57,-2.63,,3.73,0.56,0.91,08/18,富達基金亞洲非投資等級債券基金A股【F1穩定月配息】美元本基金之配息來源可能為本金
富達基金-亞洲非投資等級債券基金(A股穩定月配息美元)(本基金之配息來源可能為本金),,境外,1/9,,,0.09,4.71,4.11,15.5,37.56,-2.62,,3.74,0.55,0.91,08/18,富達基金亞洲非投資等級債券基金A股穩定月配息美元本基金之配息來源可能為本金
富達基金-亞洲非投資等級債券基金(A股月配息美元),,境外,1/9,,,0.09,4.73,4.11,15.49,37.58,-2.59,,3.73,0.56,0.91,08/18,富達基金亞洲非投資等級債券基金A股月配息美元
富達基金-亞洲非投資等級債券基金(A股累計美元),,境外,1/9,,,0.07,4.69,4.08,15.49,37.57,-2.54,,3.72,0.56,0.91,08/18,富達基金亞洲非投資等級債券基金A股累計美元
富達基金-亞洲非投資等級債券基金(A股累計歐元),,境外,1/9,,,0.06,4.59,4.28,15.44,37.63,-2.65,,4.83,0.48,-0.1,08/18,富達基金亞洲非投資等級債券基金A股累計歐元
富達基金-亞洲非投資等級債券基金(B股累計美元),,境外,1/9,,,-0.01,4.47,3.66,14.4,,,,3.67,0.49,0.06,08/18,富達基金亞洲非投資等級債券基金B股累計美元
富達基金-亞洲非投資等級債券基金(B股C月配息美元)(本基金之配息來源可能為本金),,境外,1/9,,,-0.04,4.41,3.58,14.27,,,,3.73,0.47,0.06,08/18,富達基金亞洲非投資等級債券基金B股C月配息美元本基金之配息來源可能為本金
富達基金-亞洲非投資等級債券基金(B股【F1穩定月配息】美元)(本基金之配息來源可能為本金),,境外,1/9,,,-0.07,4.36,3.5,14.25,,,,3.66,0.48,0.06,08/18,富達基金亞洲非投資等級債券基金B股【F1穩定月配息】美元本基金之配息來源可能為本金
貝萊德亞洲老虎債券基金A10美元(總報酬穩定配息)(基金有相當比重投資於非投資等級之高風險債券且配息來源可能為本金),,境外,1/9,,,-0.94,2.31,0.95,10.79,,,,2.88,0.3,0.04,08/18,貝萊德亞洲老虎債券基金A10美元總報酬穩定配息基金有相當比重投資於非投資等級之高風險債券且配息來源可能為本金
貝萊德亞洲老虎債券基金A6美元(穩定配息)(基金有相當比重投資於非投資等級之高風險債券且配息來源可能為本金),,境外,1/9,,,-0.91,2.34,0.96,10.77,24.13,12.81,,2.93,0.29,0.76,08/18,貝萊德亞洲老虎債券基金A6美元穩定配息基金有相當比重投資於非投資等級之高風險債券且配息來源可能為本金
貝萊德亞洲老虎債券基金A2美元(基金有相當比重投資於非投資等級之高風險債券),,境外,1/9,,,-0.95,2.31,0.92,10.75,24.11,12.74,,2.9,0.29,0.75,08/18,貝萊德亞洲老虎債券基金A2美元基金有相當比重投資於非投資等級之高風險債券
貝萊德亞洲老虎債券基金A3美元(基金有相當比重投資於非投資等級之高風險債券),,境外,1/9,,,-0.95,2.27,0.96,10.7,24.11,12.71,,2.87,0.29,0.74,08/18,貝萊德亞洲老虎債券基金A3美元基金有相當比重投資於非投資等級之高風險債券
貝萊德亞洲老虎債券基金B2美元(基金有相當比重投資於非投資等級之高風險債券),,境外,1/9,,,-1.06,2.05,0.43,9.64,,,,2.8,0.2,0.03,08/18,貝萊德亞洲老虎債券基金B2美元基金有相當比重投資於非投資等級之高風險債券
貝萊德亞洲老虎債券基金B10美元(總報酬穩定配息)(基金有相當比重投資於非投資等級之高風險債券且配息來源可能為本金),,境外,1/9,,,-1.07,2.07,0.47,9.61,,,,2.8,0.2,0.03,08/18,貝萊德亞洲老虎債券基金B10美元總報酬穩定配息基金有相當比重投資於非投資等級之高風險債券且配息來源可能為本金
安聯亞洲靈活債券基金-IT累積類股(美元)(本基金有相當比重投資於非投資等級之高風險債券),,境外,1/9,,,-1.14,2.1,1.08,9.58,18.99,-0.9,,2.42,0.22,0.65,08/18,安聯亞洲靈活債券基金IT累積類股美元本基金有相當比重投資於非投資等級之高風險債券
景順亞洲靈活債券基金C股美元(本基金有相當比重投資於非投資等級之高風險債券),,境外,1/9,,,-1.17,1.96,0.79,9.48,22.59,11.54,,2.59,0.2,0.69,08/18,景順亞洲靈活債券基金C股美元本基金有相當比重投資於非投資等級之高風險債券
施羅德環球基金系列-亞洲債信先機(美元)A-累積,,境外,1/9,,,-1.21,1.97,1.29,9.47,21.03,14.13,,2.27,0.22,0.03,08/18,施羅德環球基金系列亞洲債信先機美元A累積
施羅德環球基金系列-亞洲債信先機(美元)A-月配固定(本基金有相當比重投資於非投資等級之高風險債券且基金之配息來源可能為本金),,境外,1/9,,,-1.21,1.99,1.31,9.46,20.98,13.98,,2.27,0.22,0.03,08/18,施羅德環球基金系列亞洲債信先機美元A月配固定本基金有相當比重投資於非投資等級之高風險債券且基金之配息來源可能為本金
景順亞洲靈活債券基金A股美元(本基金有相當比重投資於非投資等級之高風險債券),,境外,1/9,,,-1.2,1.89,0.65,9.15,21.52,9.84,,2.59,0.16,0.69,08/18,景順亞洲靈活債券基金A股美元本基金有相當比重投資於非投資等級之高風險債券
法巴永續亞洲城市債券基金C(美元)(本基金有相當比重投資於非投資等級之高風險債券),,境外,1/9,,,-1.29,1.77,0.94,8.93,15.39,8.66,,2.35,0.16,0.66,08/18,法巴永續亞洲城市債券基金C美元本基金有相當比重投資於非投資等級之高風險債券
法巴永續亞洲城市債券基金/月配(美元)(本基金有相當比重投資於非投資等級之高風險債券，基金之配息來源可能為本金),,境外,1/9,,,-1.29,1.76,0.95,8.92,15.39,8.67,,2.34,0.15,0.66,08/18,法巴永續亞洲城市債券基金/月配美元本基金有相當比重投資於非投資等級之高風險債券，基金之配息來源可能為本金
富達基金-亞洲債券基金(I股累計美元),,境外,1/9,,,-1.44,1.58,0.65,8.92,17.21,14.39,,2.67,0.14,0.76,08/18,富達基金亞洲債券基金I股累計美元
景順亞洲靈活債券基金E-穩定月配息股美元(本基金有相當比重投資於非投資等級之高風險債券，且基金之配息來源可能為本金),,境外,1/9,,,-1.22,1.82,0.51,8.82,20.3,8.07,,2.59,0.13,0.69,08/18,景順亞洲靈活債券基金E穩定月配息股美元本基金有相當比重投資於非投資等級之高風險債券，且基金之配息來源可能為本金
安聯亞洲靈活債券基金-AM穩定月收類股(美元)(本基金有相當比重投資於非投資等級之高風險債券且配息來源可能為本金),,境外,1/9,,,-1.2,1.91,0.72,8.8,16.46,-4.47,,2.42,0.14,0.65,08/18,安聯亞洲靈活債券基金AM穩定月收類股美元本基金有相當比重投資於非投資等級之高風險債券且配息來源可能為本金
安聯亞洲靈活債券基金-AMg穩定月收總收益類股(美元)(本基金有相當比重投資於非投資等級之高風險債券且配息來源可能為本金),,境外,1/9,,,-1.2,1.91,0.72,8.79,16.45,-4.4,,2.42,0.14,0.65,08/18,安聯亞洲靈活債券基金AMg穩定月收總收益類股美元本基金有相當比重投資於非投資等級之高風險債券且配息來源可能為本金
安聯亞洲靈活債券基金-AT累積類股(美元)(本基金有相當比重投資於非投資等級之高風險債券),,境外,1/9,,,-1.2,1.91,0.72,8.79,16.45,-4.43,,2.42,0.14,0.65,08/18,安聯亞洲靈活債券基金AT累積類股美元本基金有相當比重投資於非投資等級之高風險債券
富達基金-亞洲債券基金(Y股【F1穩定月配息】美元)(本基金之配息來源可能為本金),,境外,1/9,,,-1.48,1.54,0.55,8.75,16.55,13.42,,2.73,0.12,0.77,08/18,富達基金亞洲債券基金Y股【F1穩定月配息】美元本基金之配息來源可能為本金
富達基金-亞洲債券基金(Y股累計美元),,境外,1/9,,,-1.48,1.51,0.57,8.73,16.5,13.36,,2.71,0.12,0.77,08/18,富達基金亞洲債券基金Y股累計美元
瀚亞投資-亞洲優質債券基金A(美元),,境外,1/9,,,-1.39,1.63,0.72,8.61,19.32,16.22,,2.17,0.13,0.58,08/18,瀚亞投資亞洲優質債券基金A美元
富達基金-亞洲債券基金(A股月配息美元),,境外,1/9,,,-1.51,1.44,0.36,8.33,15.17,11.15,,2.73,0.08,0.77,08/18,富達基金亞洲債券基金A股月配息美元
富達基金-亞洲債券基金(A股【F1穩定月配息】美元)(本基金之配息來源可能為本金),,境外,1/9,,,-1.51,1.45,0.35,8.33,15.15,11.2,,2.74,0.08,0.78,08/18,富達基金亞洲債券基金A股【F1穩定月配息】美元本基金之配息來源可能為本金
富達基金-亞洲債券基金(A股C月配息美元)(本基金之配息來源可能為本金),,境外,1/9,,,-1.5,1.44,0.35,8.33,15.15,11.12,,2.73,0.08,0.77,08/18,富達基金亞洲債券基金A股C月配息美元本基金之配息來源可能為本金
富達基金-亞洲債券基金(A股累計美元),,境外,1/9,,,-1.5,1.4,0.33,8.3,15.12,11.17,,2.7,0.07,0.76,08/18,富達基金亞洲債券基金A股累計美元
富達基金-亞洲債券基金(B股C月配息美元)(本基金之配息來源可能為本金),,境外,1/9,,,-1.59,1.19,-0.14,7.25,,,,2.73,-0.03,0.03,08/18,富達基金亞洲債券基金B股C月配息美元本基金之配息來源可能為本金
施羅德環球基金系列-亞洲債券(美元)A-累積(基金有相當比重投資於非投資等級之高風險債券),,境外,1/9,,,-0.73,2.18,1.03,7.2,12.75,26.45,,1.9,-0.05,0.41,08/18,施羅德環球基金系列亞洲債券美元A累積基金有相當比重投資於非投資等級之高風險債券
施羅德環球基金系列-亞洲債券(美元)A-月配固定(基金有相當比重投資於非投資等級之高風險債券且基金之配息來源可能為本金),,境外,1/9,,,-0.73,2.18,1.03,7.2,12.75,26.44,,1.9,-0.05,0.41,08/18,施羅德環球基金系列亞洲債券美元A月配固定基金有相當比重投資於非投資等級之高風險債券且基金之配息來源可能為本金
富達基金-亞洲債券基金(B股累計美元),,境外,1/9,,,-1.61,1.17,-0.19,7.18,,,,2.71,-0.04,0.03,08/18,富達基金亞洲債券基金B股累計美元
施羅德環球基金系列-亞洲債券(歐元)A1-累積(基金有相當比重投資於非投資等級之高風險債券),,境外,1/9,,,-0.87,1.99,1.17,6.84,11.24,24.01,,5.14,0.01,-0.39,08/18,施羅德環球基金系列亞洲債券歐元A1累積基金有相當比重投資於非投資等級之高風險債券
施羅德環球基金系列-亞洲債券(歐元)A1-月配浮動(基金有相當比重投資於非投資等級之高風險債券且基金之配息來源可能為本金),,境外,1/9,,,-0.87,1.99,1.17,6.83,11.23,24.0,,5.14,0.01,-0.39,08/18,施羅德環球基金系列亞洲債券歐元A1月配浮動基金有相當比重投資於非投資等級之高風險債券且基金之配息來源可能為本金
施羅德環球基金系列-亞洲債券(美元)A1-累積(基金有相當比重投資於非投資等級之高風險債券),,境外,1/9,,,-0.76,2.07,0.83,6.78,11.41,23.94,,1.9,-0.11,0.41,08/18,施羅德環球基金系列亞洲債券美元A1累積基金有相當比重投資於非投資等級之高風險債券
施羅德環球基金系列-亞洲債券(美元)A1-月配固定(基金有相當比重投資於非投資等級之高風險債券且基金之配息來源可能為本金),,境外,1/9,,,-0.76,2.07,0.83,6.78,11.41,23.94,,1.9,-0.11,0.41,08/18,施羅德環球基金系列亞洲債券美元A1月配固定基金有相當比重投資於非投資等級之高風險債券且基金之配息來源可能為本金
施羅德環球基金系列-亞洲債券(歐元避險)A-累積(基金有相當比重投資於非投資等級之高風險債券),,境外,1/9,,,0.31,1.01,-1.63,4.26,13.5,13.67,,1.86,-0.36,0.04,08/18,施羅德環球基金系列亞洲債券歐元避險A累積基金有相當比重投資於非投資等級之高風險債券
施羅德環球基金系列-亞洲債券(歐元避險)A1-月配浮動(基金有相當比重投資於非投資等級之高風險債券且基金之配息來源可能為本金),,境外,1/9,,,0.28,0.91,-1.82,3.86,12.12,11.43,,1.86,-0.42,0.39,08/18,施羅德環球基金系列亞洲債券歐元避險A1月配浮動基金有相當比重投資於非投資等級之高風險債券且基金之配息來源可能為本金
施羅德環球基金系列-亞洲債券(歐元避險)A1-累積(基金有相當比重投資於非投資等級之高風險債券),,境外,1/9,,,0.27,0.9,-1.83,3.85,12.17,11.48,,1.86,-0.42,0.39,08/18,施羅德環球基金系列亞洲債券歐元避險A1累積基金有相當比重投資於非投資等級之高風險債券
野村基金(愛爾蘭系列)-亞洲(日本除外)精選核心股票基金(T美元類股),,境外,1/9,,,5.81,-40.18,-31.98,-4.4,,,,46.12,0.0,0.51,08/18,野村基金愛爾蘭系列亞洲日本除外精選核心股票基金T美元類股
施羅德環球基金系列-新興亞洲(美元)A-穩定月配(基金之配息來源可能為本金),,境外,1/9,,,6.53,,,,,,,,,,08/18,施羅德環球基金系列新興亞洲美元A穩定月配基金之配息來源可能為本金
施羅德環球基金系列-新興亞洲(美元)U-穩定月配(基金之配息來源可能為本金),,境外,1/9,,,6.44,,,,,,,,,,08/18,施羅德環球基金系列新興亞洲美元U穩定月配基金之配息來源可能為本金
摩根亞洲股票高息基金(美元)(每月派息)(本基金之配息來源可能為本金且並無保證收益及配息),,境外,1/9,,,3.84,4.63,,,,,,,,,08/18,摩根亞洲股票高息基金美元每月派息本基金之配息來源可能為本金且並無保證收益及配息
聯博-亞洲股票基金ID月配級別美元(基金之配息來源可能為本金),,境外,1/9,,,2.99,,,,,1.15,,,,,08/18,聯博亞洲股票基金ID月配級別美元基金之配息來源可能為本金
霸菱拉丁美洲基金-A類歐元配息型,,境外,1/11,,,-0.98,-0.31,-4.6,38.06,37.4,78.68,,19.65,0.41,0.79,08/18,霸菱拉丁美洲基金A類歐元配息型
霸菱拉丁美洲基金-A類美元配息型,,境外,1/11,,,-0.88,-0.09,-4.8,38.04,37.46,78.82,,23.37,0.34,0.94,08/18,霸菱拉丁美洲基金A類美元配息型
富蘭克林坦伯頓全球投資系列拉丁美洲基金美元A(acc),,境外,1/11,,,-4.48,-5.62,-8.01,32.08,34.52,68.16,,23.58,0.28,0.96,08/18,富蘭克林坦伯頓全球投資系列拉丁美洲基金美元Aacc
富蘭克林坦伯頓全球投資系列拉丁美洲基金美元A(Ydis),,境外,1/11,,,-4.49,-5.65,-8.03,32.04,34.47,68.11,,23.56,0.28,0.96,08/18,富蘭克林坦伯頓全球投資系列拉丁美洲基金美元AYdis
施羅德環球基金系列-拉丁美洲(歐元)A-累積,,境外,1/11,,,-2.86,-2.69,-5.99,31.79,30.69,62.67,,20.93,0.32,0.82,08/18,施羅德環球基金系列拉丁美洲歐元A累積
施羅德環球基金系列-拉丁美洲(美元)A-累積,,境外,1/11,,,-2.76,-2.61,-6.3,31.72,30.9,62.6,,24.16,0.28,0.97,08/18,施羅德環球基金系列拉丁美洲美元A累積
富達基金-拉丁美洲基金(Y股累計美元),,境外,1/11,,,-0.99,-1.02,-10.66,31.36,41.22,50.83,,24.78,0.27,0.98,08/18,富達基金拉丁美洲基金Y股累計美元
施羅德環球基金系列-拉丁美洲(歐元)A1-累積,,境外,1/11,,,-2.91,-2.81,-6.22,31.13,28.73,58.65,,20.92,0.31,0.82,08/18,施羅德環球基金系列拉丁美洲歐元A1累積
施羅德環球基金系列-拉丁美洲(美元)A1-累積,,境外,1/11,,,-2.81,-2.73,-6.53,31.07,28.95,58.59,,24.15,0.27,0.97,08/18,施羅德環球基金系列拉丁美洲美元A1累積
摩根基金-拉丁美洲基金A股(美元)(分派)(本基金之配息來源可能為本金),,境外,1/11,,,-2.65,-0.84,-5.44,30.4,43.15,71.72,,23.13,0.27,0.94,08/18,摩根基金拉丁美洲基金A股美元分派本基金之配息來源可能為本金
摩根基金-拉丁美洲基金A股(美元)(累計),,境外,1/11,,,-2.65,-0.84,-5.44,30.37,42.97,71.62,,23.12,0.27,0.93,08/18,摩根基金拉丁美洲基金A股美元累計
富達基金-拉丁美洲基金(A股美元),,境外,1/11,,,-1.08,-1.26,-11.08,30.2,37.55,44.33,,24.75,0.26,0.98,08/18,富達基金拉丁美洲基金A股美元
柏瑞環球基金-柏瑞拉丁美洲股票基金Y,,境外,1/11,,,-4.01,-4.97,-9.15,28.95,28.56,60.12,,23.38,0.26,0.95,08/18,柏瑞環球基金柏瑞拉丁美洲股票基金Y
柏瑞環球基金-柏瑞拉丁美洲股票基金A,,境外,1/11,,,-4.08,-5.17,-9.51,27.93,25.51,53.84,,23.36,0.25,0.95,08/18,柏瑞環球基金柏瑞拉丁美洲股票基金A
貝萊德拉丁美洲基金Hedged A2澳幣,,境外,1/11,,,-2.61,-5.67,-11.98,27.2,16.55,27.77,,24.91,0.13,1.01,08/18,貝萊德拉丁美洲基金HedgedA2澳幣
貝萊德拉丁美洲基金D2歐元,,境外,1/11,,,-4.04,-4.44,-11.97,18.43,13.63,49.49,,22.03,0.17,0.88,08/18,貝萊德拉丁美洲基金D2歐元
貝萊德拉丁美洲基金D2美元,,境外,1/11,,,-3.96,-4.31,-12.16,18.4,13.71,49.51,,25.19,0.14,1.02,08/18,貝萊德拉丁美洲基金D2美元
貝萊德拉丁美洲基金A2歐元,,境外,1/11,,,-4.1,-4.62,-12.3,17.53,11.11,43.99,,22.01,0.16,0.88,08/18,貝萊德拉丁美洲基金A2歐元
貝萊德拉丁美洲基金A2美元,,境外,1/11,,,-4.03,-4.5,-12.5,17.5,11.17,43.99,,25.17,0.13,1.02,08/18,貝萊德拉丁美洲基金A2美元
貝萊德拉丁美洲基金C2美元,,境外,1/11,,,-4.13,-4.79,-13.03,16.06,7.08,35.29,,25.13,0.12,1.02,08/18,貝萊德拉丁美洲基金C2美元
貝萊德拉丁美洲基金Hedged A2港幣,,境外,1/11,,,-4.27,-5.07,-13.61,15.35,6.46,34.61,,25.19,0.12,1.02,08/18,貝萊德拉丁美洲基金HedgedA2港幣
霸菱大東協基金-A類澳幣避險累積型,,境外,1/12,,,6.36,8.73,12.15,39.26,57.53,31.68,,10.7,0.48,0.53,08/18,霸菱大東協基金A類澳幣避險累積型
摩根東協基金(澳幣對沖)(累計),,境外,1/12,,,3.69,7.38,7.75,30.46,49.89,40.23,,8.21,0.38,0.24,08/18,摩根東協基金澳幣對沖累計
霸菱大東協基金-I類歐元累積型,,境外,1/12,,,4.76,10.04,12.71,29.8,51.93,51.41,,9.12,0.64,0.44,08/18,霸菱大東協基金I類歐元累積型
霸菱大東協基金-I類美元累積型,,境外,1/12,,,4.87,10.35,12.24,29.65,52.07,51.43,,10.66,0.52,0.53,08/18,霸菱大東協基金I類美元累積型
霸菱大東協基金-A類英鎊配息型,,境外,1/12,,,4.69,9.46,12.6,29.17,48.82,46.25,,9.65,0.56,0.51,08/18,霸菱大東協基金A類英鎊配息型
霸菱大東協基金-A類歐元配息型,,境外,1/12,,,4.7,9.85,12.36,28.93,48.8,46.23,,9.12,0.62,0.44,08/18,霸菱大東協基金A類歐元配息型
霸菱大東協基金-A類美元配息型,,境外,1/12,,,4.81,10.16,11.88,28.79,48.92,46.23,,10.65,0.51,0.53,08/18,霸菱大東協基金A類美元配息型
利安資金東南亞基金(美元),,境外,1/12,,,3.19,8.46,7.96,22.14,42.88,47.06,,9.59,0.4,0.37,08/18,利安資金東南亞基金美元
利安資金東南亞基金(新元),,境外,1/12,,,3.15,8.32,8.3,22.02,42.9,46.98,,7.86,0.46,0.28,08/18,利安資金東南亞基金新元
摩根東協基金數位級別(美元)(累計),,境外,1/12,,,2.2,8.83,7.58,21.19,,,,8.33,0.43,0.24,08/18,摩根東協基金數位級別美元累計
摩根東協基金(美元)(累計),,境外,1/12,,,2.14,8.62,7.2,20.31,42.28,55.52,,8.25,0.4,0.24,08/18,摩根東協基金美元累計
新加坡大華東協基金-USD,,境外,1/12,,,3.24,9.44,5.84,19.54,40.23,61.12,,8.51,0.37,0.31,08/18,新加坡大華東協基金USD
新加坡大華東協基金,,境外,1/12,,,3.22,9.3,6.22,19.49,40.32,61.03,,7.44,0.4,0.23,08/18,新加坡大華東協基金
景順東協基金C-年配息股美元,,境外,1/12,,,2.3,11.05,6.69,19.1,33.3,69.14,,8.84,0.35,0.2,08/18,景順東協基金C年配息股美元
匯豐環球投資基金-東協股票AD(本基金配息來源可能為本金),,境外,1/12,,,2.1,10.42,7.47,18.9,45.78,54.3,,9.15,0.33,0.19,08/18,匯豐環球投資基金東協股票AD本基金配息來源可能為本金
景順東協基金A-年配息股美元,,境外,1/12,,,2.24,10.89,6.39,18.41,30.94,64.13,,8.82,0.33,0.2,08/18,景順東協基金A年配息股美元
富達基金-東協基金(Y股累計美元),,境外,1/12,,,2.94,10.0,4.28,17.54,39.09,52.75,,10.94,0.25,0.16,08/18,富達基金東協基金Y股累計美元
富達基金-東協基金(A股美元),,境外,1/12,,,2.83,9.74,3.83,16.53,35.6,46.39,,10.92,0.23,0.15,08/18,富達基金東協基金A股美元
富達基金-東協基金(A股累計美元),,境外,1/12,,,2.84,9.76,3.83,16.53,35.6,46.42,,10.91,0.23,0.15,08/18,富達基金東協基金A股累計美元
首源投資環球傘型基金-首域盈信東協全市值基金第一類股(美元-累積),,境外,1/12,,,1.59,6.83,-1.5,9.19,23.38,37.74,,10.71,0.05,0.05,08/18,首源投資環球傘型基金首域盈信東協全市值基金第一類股美元累積
美盛銳思美國小型公司機會基金A類股澳幣累積型(避險),,境外,2/1,,,1.37,6.9,16.21,59.16,77.37,63.81,,22.42,0.43,1.12,08/18,美盛銳思美國小型公司機會基金A類股澳幣累積型避險
美盛銳思美國小型公司機會基金優類股美元累積型,,境外,2/1,,,-0.0,8.57,16.46,49.02,73.88,94.47,,22.5,0.45,1.12,08/18,美盛銳思美國小型公司機會基金優類股美元累積型
美盛銳思美國小型公司機會基金A類股美元累積型,,境外,2/1,,,-0.09,8.28,15.82,47.39,68.25,84.06,,22.47,0.44,1.12,08/18,美盛銳思美國小型公司機會基金A類股美元累積型
美盛銳思美國小型公司機會基金A類股美元配息型(A),,境外,2/1,,,-0.09,8.27,15.82,47.39,68.25,84.06,,22.47,0.44,1.12,08/18,美盛銳思美國小型公司機會基金A類股美元配息型A
施羅德環球基金系列-美國中小型股票(歐元)A-累積,,境外,2/1,,,2.17,10.23,12.96,42.63,50.24,59.84,,11.91,0.73,0.25,08/18,施羅德環球基金系列美國中小型股票歐元A累積
施羅德環球基金系列-美國中小型股票(美元)A-累積,,境外,2/1,,,2.28,10.32,12.58,42.55,50.49,59.77,,14.8,0.58,0.66,08/18,施羅德環球基金系列美國中小型股票美元A累積
施羅德環球基金系列-美國中小型股票(歐元)A1-累積,,境外,2/1,,,2.13,10.09,12.68,41.92,48.01,55.89,,11.9,0.72,0.5,08/18,施羅德環球基金系列美國中小型股票歐元A1累積
施羅德環球基金系列-美國中小型股票(美元)A1-累積,,境外,2/1,,,2.24,10.18,12.3,41.84,48.25,55.83,,14.79,0.57,0.66,08/18,施羅德環球基金系列美國中小型股票美元A1累積
施羅德環球基金系列-美國小型公司影響力(美元)A-累積,,境外,2/1,,,5.12,15.48,14.84,40.94,56.4,64.95,,14.48,0.56,0.59,08/18,施羅德環球基金系列美國小型公司影響力美元A累積
施羅德環球基金系列-美國小型公司影響力(美元)A1-累積,,境外,2/1,,,5.08,15.34,14.55,40.24,54.08,60.88,,14.47,0.55,0.59,08/18,施羅德環球基金系列美國小型公司影響力美元A1累積
聯博-美國中小型股票基金A澳幣避險級別,,境外,2/1,,,1.23,10.48,10.29,39.68,52.29,39.38,,17.69,0.31,0.78,08/18,聯博美國中小型股票基金A澳幣避險級別
美盛銳思美國小型公司基金A類股美元累積型,,境外,2/1,,,-1.62,12.34,8.42,39.13,44.37,68.56,,22.78,0.36,1.02,08/18,美盛銳思美國小型公司基金A類股美元累積型
美盛銳思美國小型公司基金A類股歐元配息型(A),,境外,2/1,,,-1.59,12.27,8.41,39.1,44.11,67.97,,20.18,0.41,0.87,08/18,美盛銳思美國小型公司基金A類股歐元配息型A
美盛銳思美國小型公司基金A類股歐元累積型,,境外,2/1,,,-1.59,12.26,8.41,39.1,44.25,68.25,,20.21,0.41,0.88,08/18,美盛銳思美國小型公司基金A類股歐元累積型
美盛銳思美國小型公司基金A類股美元配息型(A),,境外,2/1,,,-1.62,12.34,8.4,39.08,44.19,68.25,,22.78,0.36,1.02,08/18,美盛銳思美國小型公司基金A類股美元配息型A
安本基金-新興市場小型公司基金X累積美元,,境外,2/1,,,6.37,5.71,15.73,36.37,72.36,73.51,,17.51,0.42,0.52,08/18,安本基金新興市場小型公司基金X累積美元
安本基金-新興市場小型公司基金A累積美元,,境外,2/1,,,6.3,5.51,15.29,35.35,68.58,67.67,,17.49,0.41,1.18,08/18,安本基金新興市場小型公司基金A累積美元
威廉博萊美國中小成長基金-J累積(美元),,境外,2/1,,,5.36,11.97,17.27,35.31,43.41,40.32,,15.31,0.46,0.89,08/17,威廉博萊美國中小成長基金J累積美元
威廉博萊美國中小成長基金-A累積(美元),,境外,2/1,,,5.32,11.83,16.98,34.63,41.22,36.69,,15.31,0.45,0.89,08/17,威廉博萊美國中小成長基金A累積美元
法巴美國小型股票基金C(美元),,境外,2/1,,,1.03,12.97,13.49,33.35,61.92,67.64,,14.71,0.44,0.71,08/18,法巴美國小型股票基金C美元
駿利亨德森資產管理基金-駿利亨德森美國創業基金I2美元,,境外,2/1,,,1.49,11.7,17.1,32.4,56.94,44.99,,16.01,0.4,0.79,08/18,駿利亨德森資產管理基金駿利亨德森美國創業基金I2美元
駿利亨德森資產管理基金-駿利亨德森美國創業基金T2美元,,境外,2/1,,,1.36,11.27,16.43,31.69,,,,15.94,0.39,0.78,08/18,駿利亨德森資產管理基金駿利亨德森美國創業基金T2美元
路博邁投資基金-NB美國小型企業基金T累積類股(南非幣),,境外,2/1,,,3.48,15.42,7.3,31.55,55.24,36.73,,16.42,0.24,0.74,08/18,路博邁投資基金NB美國小型企業基金T累積類股南非幣
駿利亨德森資產管理基金-駿利亨德森美國創業基金A2美元,,境外,2/1,,,1.41,11.45,16.59,31.27,53.04,39.06,,15.97,0.38,0.79,08/18,駿利亨德森資產管理基金駿利亨德森美國創業基金A2美元
路博邁投資基金-NB美國小型企業基金E累積類股(南非幣),,境外,2/1,,,3.39,15.13,6.77,30.24,50.65,30.06,,16.42,0.22,0.74,08/18,路博邁投資基金NB美國小型企業基金E累積類股南非幣
駿利亨德森資產管理基金-駿利亨德森美國創業基金B2美元,,境外,2/1,,,1.34,11.17,16.02,29.98,48.56,32.3,,15.94,0.37,0.78,08/18,駿利亨德森資產管理基金駿利亨德森美國創業基金B2美元
路博邁投資基金-NB美國小型企業基金T累積類股(澳幣),,境外,2/1,,,3.17,11.4,8.15,29.21,32.08,18.22,,16.34,0.19,0.74,08/18,路博邁投資基金NB美國小型企業基金T累積類股澳幣
安盛投資管理股票基金-安盛投資管理亞太(日本除外)國家小型企業股票QI基金B,,境外,2/1,,,5.82,4.87,10.22,28.8,70.05,84.8,,16.76,0.34,0.94,08/17,安盛投資管理股票基金安盛投資管理亞太日本除外國家小型企業股票QI基金B
駿利亨德森資產管理基金-駿利亨德森美國創業基金I2歐元避險,,境外,2/1,,,2.56,10.38,13.77,28.42,57.3,27.57,,15.92,0.36,0.78,08/18,駿利亨德森資產管理基金駿利亨德森美國創業基金I2歐元避險
聯博-美國中小型股票基金A級別美元,,境外,2/1,,,-0.27,11.49,9.14,28.1,43.51,55.11,,17.62,0.31,0.78,08/18,聯博美國中小型股票基金A級別美元
路博邁投資基金-NB美國小型企業基金E累積類股(澳幣),,境外,2/1,,,3.05,11.13,7.64,27.98,28.22,12.41,,16.36,0.17,0.74,08/18,路博邁投資基金NB美國小型企業基金E累積類股澳幣
路博邁投資基金-NB美國小型企業基金B累積類股(澳幣),,境外,2/1,,,3.03,11.12,7.62,27.94,28.17,12.46,,16.35,0.17,0.74,08/18,路博邁投資基金NB美國小型企業基金B累積類股澳幣
駿利亨德森資產管理基金-駿利亨德森美國創業基金A2歐元避險,,境外,2/1,,,2.49,10.11,13.28,27.35,53.39,22.45,,15.88,0.34,0.78,08/18,駿利亨德森資產管理基金駿利亨德森美國創業基金A2歐元避險
駿利亨德森遠見基金-泛歐小型公司基金A2美元避險,,境外,2/1,,,2.47,8.29,15.14,25.4,51.48,55.89,,12.01,0.39,0.48,08/18,駿利亨德森遠見基金泛歐小型公司基金A2美元避險
法巴歐洲小型股票基金RH(美元),,境外,2/1,,,0.46,4.74,7.22,24.89,64.37,50.89,,12.2,0.37,0.72,08/18,法巴歐洲小型股票基金RH美元
駿利亨德森遠見基金-泛歐小型公司基金I2歐元,,境外,2/1,,,3.64,7.28,12.42,22.86,57.31,45.1,,12.03,0.36,0.48,08/18,駿利亨德森遠見基金泛歐小型公司基金I2歐元
駿利亨德森資產管理基金-駿利亨德森美國價值中小基金I2美元,,境外,2/1,,,-0.31,5.0,2.82,22.78,50.06,68.09,,17.99,0.24,0.81,08/18,駿利亨德森資產管理基金駿利亨德森美國價值中小基金I2美元
摩根基金-歐洲小型企業基金A股(美元對沖)(累計),,境外,2/1,,,0.52,4.66,7.41,22.67,71.68,52.79,,11.57,0.34,0.73,08/18,摩根基金歐洲小型企業基金A股美元對沖累計
駿利亨德森遠見基金-泛歐小型公司基金A2歐元,,境外,2/1,,,3.56,7.06,11.95,21.81,53.79,39.43,,12.02,0.34,0.48,08/18,駿利亨德森遠見基金泛歐小型公司基金A2歐元
駿利亨德森資產管理基金-駿利亨德森美國價值中小基金T2美元,,境外,2/1,,,-0.47,4.45,2.09,21.78,,,,17.88,0.22,0.81,08/18,駿利亨德森資產管理基金駿利亨德森美國價值中小基金T2美元
駿利亨德森資產管理基金-駿利亨德森美國價值中小基金A2美元,,境外,2/1,,,-0.38,4.75,2.38,21.7,46.21,60.87,,17.96,0.22,0.81,08/18,駿利亨德森資產管理基金駿利亨德森美國價值中小基金A2美元
法巴歐洲小型股票基金C(歐元),,境外,2/1,,,1.55,3.56,4.26,21.27,63.62,33.11,,12.05,0.32,0.71,08/18,法巴歐洲小型股票基金C歐元
摩根基金-歐洲小型企業基金A股(歐元)(分派)(本基金之配息來源可能為本金),,境外,2/1,,,1.38,3.85,4.67,20.55,74.88,35.92,,11.38,0.33,0.71,08/18,摩根基金歐洲小型企業基金A股歐元分派本基金之配息來源可能為本金
摩根基金-歐洲小型企業基金A股(美元)(累計),,境外,2/1,,,1.46,3.96,4.08,20.45,74.73,35.57,,15.49,0.23,1.03,08/18,摩根基金歐洲小型企業基金A股美元累計
富蘭克林坦伯頓全球投資系列新興國家小型企業基金歐元A(acc),,境外,2/1,,,4.3,8.79,7.33,20.21,45.53,46.68,,13.02,0.28,0.8,08/18,富蘭克林坦伯頓全球投資系列新興國家小型企業基金歐元Aacc
富蘭克林坦伯頓全球投資系列新興國家小型企業基金美元A(Ydis),,境外,2/1,,,4.28,8.81,7.33,20.17,45.49,46.6,,14.69,0.24,0.96,08/18,富蘭克林坦伯頓全球投資系列新興國家小型企業基金美元AYdis
富蘭克林坦伯頓全球投資系列新興國家小型企業基金美元A(acc),,境外,2/1,,,4.27,8.84,7.31,20.15,45.45,46.64,,14.7,0.24,0.96,08/18,富蘭克林坦伯頓全球投資系列新興國家小型企業基金美元Aacc
路博邁投資基金-NB美國小型企業基金I累積類股(美元),,境外,2/1,,,1.69,12.9,7.92,20.07,28.04,37.91,,16.36,0.22,0.74,08/18,路博邁投資基金NB美國小型企業基金I累積類股美元
駿利亨德森資產管理基金-駿利亨德森美國價值中小基金B2美元,,境外,2/1,,,-0.48,4.4,1.65,19.93,39.83,49.29,,17.91,0.2,0.81,08/18,駿利亨德森資產管理基金駿利亨德森美國價值中小基金B2美元
富達基金-歐洲小型企業基金(Y股累計美元(美元/歐元避險)),,境外,2/1,,,4.33,10.44,8.86,19.44,40.16,,,14.17,0.23,0.82,08/18,富達基金歐洲小型企業基金Y股累計美元美元/歐元避險
匯豐環球投資基金-歐元區小型公司股票AC美元避險(本基金配息來源可能為本金),,境外,2/1,,,1.2,6.32,10.08,19.44,42.33,28.0,,11.9,0.27,0.66,08/18,匯豐環球投資基金歐元區小型公司股票AC美元避險本基金配息來源可能為本金
駿利亨德森資產管理基金-駿利亨德森美國價值中小基金I2歐元避險,,境外,2/1,,,0.74,3.78,-0.08,19.02,50.51,48.31,,17.93,0.2,0.81,08/18,駿利亨德森資產管理基金駿利亨德森美國價值中小基金I2歐元避險
富蘭克林潛力組合基金A(本基金之配息來源可能為本金),,境外,2/1,,,0.11,8.19,3.99,18.91,38.77,58.39,,15.22,0.21,0.67,08/18,富蘭克林潛力組合基金A本基金之配息來源可能為本金
路博邁投資基金-NB美國小型企業基金T累積類股(美元),,境外,2/1,,,1.57,12.62,7.42,18.9,24.45,31.5,,16.33,0.2,0.74,08/18,路博邁投資基金NB美國小型企業基金T累積類股美元
駿利亨德森資產管理基金-駿利亨德森美國價值中小基金A2歐元避險,,境外,2/1,,,0.67,3.56,-0.52,18.05,46.71,42.08,,17.91,0.19,0.81,08/18,駿利亨德森資產管理基金駿利亨德森美國價值中小基金A2歐元避險
霸菱歐洲精選信託基金-A類歐元配息型,,境外,2/1,,,3.35,4.18,3.49,17.8,39.92,15.93,,11.38,0.27,0.64,08/18,霸菱歐洲精選信託基金A類歐元配息型
路博邁投資基金-NB美國小型企業基金B累積類股(美元),,境外,2/1,,,1.51,12.35,6.89,17.75,20.72,25.08,,16.31,0.18,0.74,08/18,路博邁投資基金NB美國小型企業基金B累積類股美元
路博邁投資基金-NB美國小型企業基金E累積類股(美元),,境外,2/1,,,1.5,12.36,6.89,17.73,20.8,25.14,,16.3,0.18,0.74,08/18,路博邁投資基金NB美國小型企業基金E累積類股美元
霸菱歐洲精選信託基金-A類美元累積型,,境外,2/1,,,3.46,4.47,3.05,17.68,40.04,15.94,,14.8,0.19,0.93,08/18,霸菱歐洲精選信託基金A類美元累積型
柏瑞環球基金-柏瑞歐洲小型公司股票基金Y,,境外,2/1,,,2.41,4.48,3.06,17.29,26.43,3.62,,15.28,0.18,1.0,08/18,柏瑞環球基金柏瑞歐洲小型公司股票基金Y
柏瑞環球基金-柏瑞歐洲小型公司股票基金Y1,,境外,2/1,,,2.35,4.25,3.34,17.21,26.41,3.64,,10.96,0.26,0.7,08/18,柏瑞環球基金柏瑞歐洲小型公司股票基金Y1
富達基金-歐洲小型企業基金(A股累計美元避險),,境外,2/1,,,4.5,10.03,8.05,16.91,33.63,24.65,,14.61,0.18,0.85,08/18,富達基金歐洲小型企業基金A股累計美元避險
景順全歐洲小型企業基金C(美元對沖)股美元,,境外,2/1,,,1.29,8.43,9.18,16.82,55.03,65.23,,12.27,0.21,0.65,08/18,景順全歐洲小型企業基金C美元對沖股美元
施羅德環球基金系列-歐洲小型公司(美元避險)A-累積,,境外,2/1,,,1.08,4.99,10.01,16.79,30.0,11.69,,12.92,0.2,0.57,08/18,施羅德環球基金系列歐洲小型公司美元避險A累積
路博邁投資基金-NB美國小型企業基金I累積類股(歐元),,境外,2/1,,,2.73,11.58,4.95,16.58,28.07,21.42,,16.3,0.18,0.73,08/18,路博邁投資基金NB美國小型企業基金I累積類股歐元
柏瑞環球基金-柏瑞歐洲小型公司股票基金A1,,境外,2/1,,,2.29,4.04,2.92,16.25,23.37,-0.48,,10.95,0.24,0.7,08/18,柏瑞環球基金柏瑞歐洲小型公司股票基金A1
景順全歐洲小型企業基金A(美元對沖)股美元,,境外,2/1,,,1.25,8.3,8.93,16.24,52.44,60.51,,12.25,0.2,0.65,08/18,景順全歐洲小型企業基金A美元對沖股美元
匯豐環球投資基金-歐元區小型公司股票AC(本基金配息來源可能為本金),,境外,2/1,,,2.31,5.28,6.4,16.06,42.75,12.97,,15.33,0.16,0.98,08/18,匯豐環球投資基金歐元區小型公司股票AC本基金配息來源可能為本金
富達基金-歐洲小型企業基金(Y股累計歐元),,境外,2/1,,,5.39,9.11,5.76,16.02,40.55,17.56,,14.17,0.19,0.82,08/18,富達基金歐洲小型企業基金Y股累計歐元
匯豐環球投資基金-歐元區小型公司股票AD(本基金配息來源可能為本金),,境外,2/1,,,2.26,5.06,6.98,15.95,42.69,12.9,,11.89,0.22,0.66,08/18,匯豐環球投資基金歐元區小型公司股票AD本基金配息來源可能為本金
富達基金-歐洲小型企業基金(B股累計美元避險),,境外,2/1,,,4.38,9.67,7.33,15.7,29.89,,,14.68,0.16,0.15,08/18,富達基金歐洲小型企業基金B股累計美元避險
MFS全盛基金系列-MFS全盛歐洲小型公司基金IH1(美元避險),,境外,2/1,,,0.9,9.85,7.55,15.35,37.9,39.09,,11.61,0.19,0.73,08/18,MFS全盛基金系列MFS全盛歐洲小型公司基金IH1美元避險
富達基金-亞洲小型企業基金(Y股累計美元),,境外,2/1,,,5.03,2.69,-3.88,15.15,36.57,56.52,,14.67,0.15,0.41,08/18,富達基金亞洲小型企業基金Y股累計美元
富達基金-歐洲小型企業基金(A股歐元),,境外,2/1,,,5.32,8.89,5.34,15.06,36.99,12.69,,14.22,0.17,0.83,08/18,富達基金歐洲小型企業基金A股歐元
MFS全盛基金系列-MFS全盛歐洲小型公司基金AH1(美元避險),,境外,2/1,,,0.81,9.57,7.16,14.43,33.45,31.92,,11.6,0.17,0.73,08/18,MFS全盛基金系列MFS全盛歐洲小型公司基金AH1美元避險
富達基金-亞洲小型企業基金(A股美元),,境外,2/1,,,4.97,2.52,-4.24,14.23,33.14,49.95,,14.64,0.14,0.41,08/18,富達基金亞洲小型企業基金A股美元
富達基金-亞洲小型企業基金(A股累計美元),,境外,2/1,,,4.95,2.47,-4.27,14.2,33.12,50.0,,14.66,0.14,0.41,08/18,富達基金亞洲小型企業基金A股累計美元
富達基金-亞洲小型企業基金(A股歐元),,境外,2/1,,,4.93,2.36,-4.1,14.15,33.1,49.73,,10.57,0.2,0.33,08/18,富達基金亞洲小型企業基金A股歐元
富達基金-亞洲小型企業基金(A股累計歐元),,境外,2/1,,,4.94,2.33,-4.1,14.12,33.14,49.81,,10.56,0.2,0.33,08/18,富達基金亞洲小型企業基金A股累計歐元
施羅德環球基金系列-歐洲小型公司(歐元)A-累積,,境外,2/1,,,2.15,3.73,6.9,13.42,30.85,-0.85,,12.88,0.15,0.57,08/18,施羅德環球基金系列歐洲小型公司歐元A累積
景順全歐洲小型企業基金C股歐元,,境外,2/1,,,2.32,7.27,6.04,13.28,54.87,44.45,,12.32,0.16,0.65,08/18,景順全歐洲小型企業基金C股歐元
施羅德環球基金系列-歐洲小型公司(歐元)A1-累積,,境外,2/1,,,2.1,3.6,6.63,12.86,28.9,-3.31,,12.87,0.14,0.57,08/18,施羅德環球基金系列歐洲小型公司歐元A1累積
施羅德環球基金系列-歐洲小型公司(美元)A1-累積,,境外,2/1,,,2.21,3.69,6.28,12.79,29.11,-3.35,,16.21,0.11,0.87,08/18,施羅德環球基金系列歐洲小型公司美元A1累積
景順全歐洲小型企業基金A股歐元,,境外,2/1,,,2.28,7.14,5.77,12.71,52.25,40.29,,12.31,0.14,0.65,08/18,景順全歐洲小型企業基金A股歐元
景順全歐洲小型企業基金A-年配息股美元,,境外,2/1,,,2.42,7.43,5.36,12.6,52.42,40.33,,15.47,0.11,0.93,08/18,景順全歐洲小型企業基金A年配息股美元
東方匯理基金歐洲小型股票A美元避險,,境外,2/1,,,1.97,6.65,2.6,12.6,33.75,23.66,,12.69,0.12,0.81,08/18,東方匯理基金歐洲小型股票A美元避險
MFS全盛基金系列-MFS全盛歐洲小型公司基金I1(歐元),,境外,2/1,,,1.91,8.62,4.78,12.4,38.77,24.34,,11.64,0.14,0.73,08/18,MFS全盛基金系列MFS全盛歐洲小型公司基金I1歐元
東方匯理基金歐洲小型股票I2美元,,境外,2/1,,,3.01,6.21,0.35,12.03,42.23,17.77,,16.14,0.09,1.1,08/18,東方匯理基金歐洲小型股票I2美元
東方匯理基金歐洲小型股票U美元避險,,境外,2/1,,,1.9,6.48,2.25,11.81,31.2,18.86,,12.67,0.1,0.81,08/18,東方匯理基金歐洲小型股票U美元避險
景順全歐洲小型企業基金B股歐元,,境外,2/1,,,2.19,6.89,5.25,11.63,48.01,34.0,,12.26,0.12,0.65,08/18,景順全歐洲小型企業基金B股歐元
MFS全盛基金系列-MFS全盛歐洲小型公司基金A1(美元),,境外,2/1,,,1.81,8.39,4.25,11.25,34.7,18.31,,15.1,0.08,1.0,08/18,MFS全盛基金系列MFS全盛歐洲小型公司基金A1美元
MFS全盛基金系列-MFS全盛歐洲小型公司基金A1(歐元),,境外,2/1,,,1.83,8.33,4.24,11.24,34.6,18.19,,11.63,0.12,0.73,08/18,MFS全盛基金系列MFS全盛歐洲小型公司基金A1歐元
施羅德環球基金系列-瑞士中小型股票(瑞士法郎)A-累積,,境外,2/1,,,-0.87,1.79,-0.29,10.99,29.09,18.31,,12.45,0.1,0.18,08/18,施羅德環球基金系列瑞士中小型股票瑞士法郎A累積
東方匯理基金歐洲小型股票A美元,,境外,2/1,,,2.91,5.9,-0.23,10.73,37.33,11.32,,16.12,0.07,1.09,08/18,東方匯理基金歐洲小型股票A美元
東方匯理基金歐洲小型股票A歐元,,境外,2/1,,,2.85,5.68,0.03,10.63,37.26,11.29,,12.5,0.1,0.8,08/18,東方匯理基金歐洲小型股票A歐元
施羅德環球基金系列-瑞士中小型股票(瑞士法郎)A1-累積,,境外,2/1,,,-0.91,1.66,-0.54,10.43,27.17,15.39,,12.45,0.09,0.65,08/18,施羅德環球基金系列瑞士中小型股票瑞士法郎A1累積
東方匯理基金歐洲小型股票B美元,,境外,2/1,,,2.84,5.71,-0.58,9.96,34.48,7.23,,16.1,0.06,1.09,08/18,東方匯理基金歐洲小型股票B美元
東方匯理基金歐洲小型股票U美元,,境外,2/1,,,2.85,5.71,-0.58,9.96,34.51,7.24,,16.1,0.06,1.09,08/18,東方匯理基金歐洲小型股票U美元
東方匯理基金歐洲小型股票U歐元,,境外,2/1,,,2.79,5.49,-0.32,9.87,34.45,7.18,,12.48,0.08,0.79,08/18,東方匯理基金歐洲小型股票U歐元
東方匯理基金歐洲小型股票B歐元,,境外,2/1,,,2.78,5.48,-0.32,9.86,34.42,7.15,,12.49,0.08,0.79,08/18,東方匯理基金歐洲小型股票B歐元
東方匯理基金歐洲小型股票T歐元,,境外,2/1,,,2.78,5.48,-0.32,9.85,46.38,16.73,,12.49,0.08,0.79,08/18,東方匯理基金歐洲小型股票T歐元
景順歐洲大陸小型企業基金C(美元對沖)股美元,,境外,2/1,,,1.09,7.21,4.79,5.51,45.83,55.8,,13.82,-0.02,0.69,08/18,景順歐洲大陸小型企業基金C美元對沖股美元
景順歐洲大陸小型企業基金A(美元對沖)股美元,,境外,2/1,,,1.07,7.09,4.51,5.02,43.64,51.69,,13.83,-0.03,0.69,08/18,景順歐洲大陸小型企業基金A美元對沖股美元
景順歐洲大陸小型企業基金C-年配息股美元,,境外,2/1,,,2.27,6.36,1.33,2.25,45.78,35.97,,16.9,-0.06,0.97,08/18,景順歐洲大陸小型企業基金C年配息股美元
景順歐洲大陸小型企業基金A-年配息股美元,,境外,2/1,,,2.23,6.22,1.08,1.75,43.61,32.6,,16.89,-0.07,0.97,08/18,景順歐洲大陸小型企業基金A年配息股美元
東方匯理基金歐洲小型股票T美元避險,,境外,2/1,,,-1.24,2.59,-1.39,,-5.98,-14.96,,,,,08/18,東方匯理基金歐洲小型股票T美元避險
Proshares 二倍放空S&P500指數SDS.US,,境外,2/2,,,-6.83,-5.49,-17.91,305.6,216.64,238.72,,411.82,0.27,-11.94,08/18,Proshares二倍放空S&P500指數SDS.US
iShares MSCI南韓指數EWY.US,,境外,2/2,,,3.51,-2.21,29.82,153.84,201.12,156.73,,47.74,0.6,0.9,08/18,iSharesMSCI南韓指數EWY.US
iShares MSCI 台灣指數EWT.US,,境外,2/2,,,6.11,15.21,45.16,84.69,149.44,125.06,,31.03,0.55,1.26,08/18,iSharesMSCI台灣指數EWT.US
iShares那斯達克生技指數IBB.US,,境外,2/2,,,6.13,25.69,18.31,56.74,63.7,40.59,,18.96,0.61,0.3,08/18,iShares那斯達克生技指數IBB.US
iShares美國數位基礎設施與房地產IDGT.US,,境外,2/2,,,3.87,3.84,25.76,54.63,91.9,102.54,,21.82,0.52,1.1,08/18,iShares美國數位基礎設施與房地產IDGT.US
iShares羅素2000指數IWM.US,,境外,2/2,,,1.02,10.43,15.9,41.43,68.46,70.89,,19.34,0.44,1.58,08/18,iShares羅素2000指數IWM.US
iShares MSCI新興市場EEM.US,,境外,2/2,,,2.14,2.37,8.93,40.96,82.77,67.3,,21.74,0.39,1.54,08/18,iSharesMSCI新興市場EEM.US
黃金指數GLD.US,,境外,2/2,,,7.03,-3.54,-11.74,38.0,127.34,173.65,,26.15,0.31,0.24,08/18,黃金指數GLD.US
那斯達克100指數股票型基金QQQ.US,,境外,2/2,,,2.09,3.05,20.48,32.78,103.87,134.19,,15.45,0.42,1.3,08/18,那斯達克100指數股票型基金QQQ.US
iShares MSCI 巴西指數EWZ.US,,境外,2/2,,,-5.36,-6.23,-9.22,32.29,31.45,63.83,,29.79,0.24,1.25,08/18,iSharesMSCI巴西指數EWZ.US
iShares 道瓊精選高股利指數DVY.US,,境外,2/2,,,0.85,10.4,8.65,31.76,64.56,92.77,,9.89,0.61,0.29,08/18,iShares道瓊精選高股利指數DVY.US
iShares道瓊歐盟50指數SX5EEX.GY,,境外,2/2,,,4.76,13.27,9.39,29.16,78.04,103.35,,14.22,0.4,0.87,08/18,iShares道瓊歐盟50指數SX5EEX.GY
道瓊歐盟50指數FEZ.US,,境外,2/2,,,4.23,11.43,7.92,28.48,76.29,101.48,,17.65,0.32,1.17,08/18,道瓊歐盟50指數FEZ.US
iShares S&P500指數IVV.US,,境外,2/2,,,2.15,5.52,14.11,28.29,82.98,115.15,,9.97,0.53,1.01,08/18,iSharesS&P500指數IVV.US
史坦普500指數股票型基金SPY.US,,境外,2/2,,,2.15,5.49,14.09,28.2,82.52,114.52,,10.02,0.52,1.02,08/18,史坦普500指數股票型基金SPY.US
道瓊工業指數股票型基金DIA.US,,境外,2/2,,,1.24,8.91,9.62,27.96,61.95,90.57,,11.59,0.45,0.97,08/18,道瓊工業指數股票型基金DIA.US
iShares S&P歐洲350指數IEV.US,,境外,2/2,,,1.88,7.87,5.3,27.24,66.03,81.75,,14.75,0.35,1.03,08/18,iSharesS&P歐洲350指數IEV.US
iShares 道瓊美國金融產業指數IYF.US,,境外,2/2,,,1.57,13.29,11.54,20.62,89.33,104.86,,15.51,0.23,1.06,08/18,iShares道瓊美國金融產業指數IYF.US
S＆P金融指數XLF.US,,境外,2/2,,,1.72,13.6,12.58,18.91,78.5,91.75,,15.36,0.21,1.07,08/18,S＆P金融指數XLF.US
iShares MSCI香港指數EWH.US,,境外,2/2,,,0.69,-3.71,-1.82,18.56,45.27,20.69,,14.98,0.21,0.87,08/18,iSharesMSCI香港指數EWH.US
iShares德國DAX指數DAXEX.GY,,境外,2/2,,,5.91,10.52,3.77,12.94,75.39,81.64,,13.4,0.14,0.69,08/18,iShares德國DAX指數DAXEX.GY
iShares巴克萊總體債券指數AGG.US,,境外,2/2,,,-1.58,1.61,-0.07,8.93,14.07,13.18,,3.61,0.1,0.08,08/18,iShares巴克萊總體債券指數AGG.US
iShares巴克萊TIPS債券指數TIP.US,,境外,2/2,,,-1.49,0.94,1.05,8.61,13.11,16.46,,2.27,0.12,-0.0,08/18,iShares巴克萊TIPS債券指數TIP.US
iShares iBoxx投資等級公司債券指數LQD.US,,境外,2/2,,,-2.22,0.72,-1.5,7.44,16.27,9.74,,5.38,-0.0,0.22,08/18,iSharesiBoxx投資等級公司債券指數LQD.US
iShares巴克萊20年美國國庫券利率指數TLT.US,,境外,2/2,,,-4.02,0.12,-5.32,5.36,-1.19,-25.36,,9.58,-0.05,0.06,08/18,iShares巴克萊20年美國國庫券利率指數TLT.US
Powershares 水資源指數PHO.US,,境外,2/2,,,1.55,10.79,-0.83,4.42,29.47,46.02,,15.17,-0.04,0.75,08/18,Powershares水資源指數PHO.US
Proshares 放空道瓊30指數DOG.US,,境外,2/2,,,-2.93,-4.84,-4.02,-7.1,-25.44,-15.17,,11.68,-0.35,-0.97,08/18,Proshares放空道瓊30指數DOG.US
Proshares 放空S&P500指數SH.US,,境外,2/2,,,-3.77,-1.57,-7.57,-7.1,227.22,293.44,,9.68,-0.42,-0.98,08/18,Proshares放空S&P500指數SH.US
Proshares 放空那斯達克指數PSQ.US,,境外,2/2,,,-4.01,-0.43,-13.94,-12.38,215.82,272.64,,14.88,-0.38,-1.24,08/18,Proshares放空那斯達克指數PSQ.US
S＆P能源指數XLE.US,,境外,2/2,,,9.23,7.22,19.6,-18.29,-23.93,72.09,,65.46,-0.15,0.26,08/18,S＆P能源指數XLE.US
摩根太平洋科技基金數位級別(美元)(累計),,境外,2/7,,,5.89,12.77,42.61,83.73,,,,37.97,0.47,1.44,08/18,摩根太平洋科技基金數位級別美元累計
摩根太平洋科技基金,,境外,2/7,,,5.85,12.55,42.07,82.43,151.4,83.19,,37.92,0.46,1.44,08/18,摩根太平洋科技基金
富蘭克林高科技基金美元A(本基金之配息來源可能為本金),,境外,2/7,,,2.18,2.37,16.21,18.68,90.91,63.94,,17.9,0.18,1.17,08/18,富蘭克林高科技基金美元A本基金之配息來源可能為本金
DJ Wilshire不動產基金RWR.US,,境外,3/3,,,-4.55,6.06,9.77,30.69,44.43,43.02,,12.07,0.49,1.04,08/18,DJWilshire不動產基金RWR.US
